102
6
48
2
75
6859
1035
0
0
8280
8722
1612
6566
848
1612
0
8280
6566
1612
1612
984
9921
0
75
54
1612
75
75
22962
4
1826
6201
622
8580
180
36496
36496
11394
302
18272
1612
5285
1612
1612
0
1035
75
1612
69
162
75
75
1612
0
5215
302
1612
21286
326
1035
3542
2363
5104
14845
191
136
1512
27990
107
6
2071
8204
8204
4336
181
11
32
31
1023
8204
4336
243
11
11
6
1159
8204
0
6833
11
0
0
12
7521
29
111
259
54
295
96
96
36307
517
519
11
176
11
11
8204
902
1956
1023
167
372
17971
0
11
8204
352
517
11
0
305
2949
185
25
370
0
273
0
2
5
0
39
0
0
0
2266
18
30
0
231
3178
0
2266
5
0
0
12
124
0
111
47
30
111
111
5
7394
0
0
12
8111
0
18247
18247
0
5471
1
0
0
128
30
0
2
188
1791
8
9549
4543
111
0
0
0
80
0
30
2333
0
623
19961
93
49
51
0
106
0
3
0
35
0
0
1
55
5270
106
5605
0
0
1
337
26
0
467
0
0
656
0
886
31
31
4
570
146
158
0
25
140
8
8
268
253
47
0
157
527
111
0
0
10
0
1514
21
35
31
0
0
0
90
0
0
18
3080
0
193
0
0
0
0
0
0
0
78
1
0
0
0
3626
0
59
1
35
0
0
1
122
0
2525
0
0
139
2
0
0
0
7
71
32
44
37
161
65
802
9
20
35
70
175
40
2
0
0
1
46
4228
46
0
1
0
28
0
1
2
28
68
0
18456
64
0
127
1
0
0
6
0
0
60
3
0
0
1
523
37
0
1155
1
0
1
839
0
38
274
60
0
0
59
0
0
0
43
0
0
0
0
0
0
0
0
0
0
0
1139
0
0
6
0
1
0
0
16
1
28
0
286
0
77
0
1025
75
1
1
34
50
0
5
0
18
3
0
0
0
39
34
34
145
5
1
0
0
945
34
145
1
1
337
0
58
34
1
65
234
0
0
2963
1
2
0
21
0
0
1
1
0
0
0
2
0
1
1
34
35
1
1145
0
335
0
0
0
34
75
0
0
0
69
228
29
361
3871
340
0
0
404
1
0
5
1
8227
8227
24
2584
1547
0
0
2
8227
24
3492
357
0
0
0
79
256
0
0
0
53
1568
4091
25
0
2
0
0
279
69
157
0
0
1
0
47
0
978
52
211
59
0
25
0
5
283
79
30
66
0
0
66
1
0
356
7
0
0
11
0
41
0
1440
551
0
0
0
0
1
4
1
2575
0
0
0
72
2830
1
0
40
9
2
10
0
1637
2228
279
0
10
37
121
5
28
34
16
0
5
0
9
8
0
0
1
43
0
48
0
224
1502
0
40
0
83
225
0
0
149
0
0
0
0
0
0
0
114
0
0
0
29
29
0
0
1554
787
59
0
29
0
1853
5
61
59
0
2
1
557
0
7
1
3284
2821
78
67
514
66
803
0
0
0
73
756
1
29
24
2
0
1
0
0
23
2
51
2
0
2
0
0
0
0
0
28750
1
4
237
1
748
1
0
565
0
2555
0
1
1
0
0
9908
0
38
0
1
0
0
0
663
63
0
281
0
3
4
636
1
3
673
18057
0
0
1
0
0
3
2
84
3
39
51
0
32
960
0
0
0
0
37
0
0
0
281
20
2
3
0
0
0
0
1
1
2
0
0
17
102
65
2
0
75
318
2
123
0
30
0
0
1798
2
0
0
0
0
0
1
0
0
0
0
0
0
169
36
39
0
1
28
0
968
30
0
0
0
1
0
0
0
0
0
92
14
0
0
0
2
1
2
764
0
10
23
2484
436
0
0
0
0
0
1
0
0
17
0
0
1
0
24
0
1
0
0
1
0
1
3
0
0
2
379
34
1
13
13670
0
62
0
1
38
1
0
0
2
3
0
0
0
0
296
8
1
9
0
18
2
449
9
0
0
23
379
0
3
14
75
1186
149
2
601
0
1311
0
0
0
1
0
6
1
4
371
0
0
0
1326
0
2
1827
0
100
28
0
0
45
0
2
44
0
65
117
508
31
0
31
37
0
89
6
0
3
0
0
0
0
3
0
0
1
1122
2
2
0
2
74
0
0
0
0
0
0
3
0
0
13
0
4151
0
30
0
31
16
0
53
1
0
22
0
0
1
2
58
0
22
27
0
1
3
0
2
2
0
30
69
0
0
3
0
78
79
0
0
20
0
0
2
74
0
596
0
238
16
50
3
1
0
0
279
0
0
2
0
6
7
725
1
0
0
0
130
91
1111
87
0
2
139
0
16
26
0
0
0
2
2563
0
2
0
0
0
0
20
1469
14
138
0
0
0
0
0
0
0
0
0
0
3
0
1
5
0
274
0
0
0
0
3
0
0
1
0
0
0
0
0
0
138
9
34
0
6343
0
0
3
17
0
0
2
2
6174
2
0
0
3
0
0
827
2
61
20
0
1
0
1379
5
0
0
1
346
2520
7
0
36
0
0
217
0
27
0
0
24
0
336
7
0
0
0
292
2
0
0
17
4330
0
1
8
2
0
0
1
2520
2
0
40
7742
0
104
2
4
0
15
2005
0
0
0
0
76
1
0
0
0
0
0
595
20
1
0
0
0
51
0
0
5
2
0
2
3
1
0
24
253
0
0
0
0
0
0
39
1
0
0
0
138
6
5
0
1317
0
2
13
15
132
0
3
2
3
0
0
0
64
2
74
7
0
423
3
0
47
1223
334
0
1
0
1
1531
0
1
5
0
0
2
1163
1
0
0
0
0
0
71
0
0
63
0
0
35
0
1
4
147
1
577
0
4
104
0
14
1542
1
10
37
3004
78
31
64
0
0
0
567
0
0
1
23
0
0
2
0
399
4
73
142
0
0
2
29
0
0
0
31
0
3
2
0
1239
1
31
2
0
0
0
0
0
1311
53
1
0
0
364
0
0
0
36
1705
67
118
0
0
0
0
0
0
3
2
0
0
1
0
1
0
1
0
1
3
1311
7
1
2
0
0
2
3
2
1758
3
0
3
0
0
0
2
0
0
0
0
0
1
0
0
0
0
0
0
0
0
17
0
7063
24
0
0
0
0
0
15
51
0
1
0
0
2
4
0
10
1
4
0
1
0
24
0
0
347
0
0
0
0
0
1826
0
0
0
1
0
0
85
1
16
585
8
0
0
563
2
2
0
0
0
0
1
0
0
0
0
0
0
1
0
64
0
0
3
913
11
0
0
12
4
492
0
0
0
0
2414
123
3
0
0
0
0
1030
9
2
3
0
0
0
5
363
2
25
0
8
18
6
0
58
1
1
9137
0
190
365
6
0
0
0
2377
0
0
0
0
0
0
0
1
3003
0
0
0
10
0
0
0
1
0
63
28
3
0
0
12
1
17
0
0
0
3
2760
1
198
24
864
0
792
0
3
0
1
1
724
2
2
0
0
0
15233
50
0
0
0
0
5
475
0
42
5
0
0
0
0
0
88
0
0
0
0
170
0
91
0
0
0
0
2452
0
0
0
0
0
0
28
27
0
12
23
0
1
0
0
0
1281
6
0
5
0
0
0
1
670
0
0
42
0
0
0
0
4
3004
1
0
0
45
0
0
199
40
1
1
1
0
0
0
15
0
0
2
0
0
0
1
0
0
0
0
0
0
0
16
1
71
0
0
0
0
54
0
0
0
1
0
0
0
20
1
9
0
0
0
6
7343
0
19332
4
5
0
0
234
1
0
4
0
4759
0
0
4
4
3
0
0
1
0
0
451
7
0
0
15
0
616
0
1
0
0
0
0
0
0
0
0
0
1
0
0
0
1
0
1
0
0
1
1
0
326
4
0
56
0
0
6
878
4
0
0
6
0
0
3394
0
0
0
0
51
0
44
46
2
0
0
0
76
26
0
19
265
212
6
0
2
0
384
116
0
2
0
0
1
0
0
0
0
0
0
0
0
0
0
0
4
1
0
32
8
0
1
12
0
0
13
0
0
0
0
11
3726
2
21
12
54
87
2
1
584
1
0
18
190
10
0
0
0
0
0
0
88
0
0
0
0
295
0
1
117
0
2
46
5
57
19
194
11089
0
0
0
0
0
0
2065
0
0
1
0
0
1
7
0
0
0
1
0
0
737
59
2
0
0
0
22
0
2
0
0
8
0
1
1
439
25
0
1
2
1
0
17
0
1
0
0
0
0
0
5
566
0
0
3
0
0
0
0
0
0
0
0
2
0
0
0
5
0
4
0
0
0
2
228
19
3
839
0
2
0
1
126
0
0
0
0
61
0
0
29
1
0
0
34
0
1929
0
0
25
0
0
14
0
2
2
1
0
0
1
5
0
0
0
0
0
476
0
0
2
0
0
1
2
6
0
0
0
0
0
0
280
0
0
0
0
0
7
3
0
0
1
10
0
25
951
76
88
3
0
0
0
1
10
416
20
3
1
4
0
1
0
0
0
0
1
0
1146
0
3
0
34
331
33
2
0
1
11
0
2
49
0
0
105
0
0
0
0
1048
0
0
0
0
0
0
1
0
0
0
0
0
0
0
0
22875
0
109
71
0
1
0
0
123
5
0
11
1
554
832
90
0
2
0
0
150
0
0
0
0
0
0
566
2
0
0
0
1
0
2
0
0
0
0
32
0
1
5338
0
0
816
0
51
2
1
0
0
0
0
0
0
0
0
0
0
0
0
6
0
2350
0
2
0
0
0
0
1827
3730
5
185
0
1
1
1601
1604
76
0
0
56
3
113
5
0
0
38
0
43
0
5
0
0
19
0
0
4
949
186
1
1428
30
0
0
0
169
696
440
0
5302
692
5302
511
6725
2775
192
5669
561
147
185
13344
3509
10834
1185
169
40569
3999
4294
6
0
508
12859
1506
2722
48
192
62
5669
12859
5211
335
38
16417
320
14616
19314
12153
10314
8518
5485
5
8796
2816
6625
1294
147
320
169
390
2360
11049
87
274
3251
17509
30281
6419
4238
1882
1252
7874
595
0
0
424
0
321
617
77
0
12
4
20
2233
3413
0
14
5
145
2
23695
62
642
12
1
2804
0
422
8298
0
487
12
1322
8065
0
41
4510
1099
22104
5203
51
75
1371
31
0
7788
286
26845
512
0
12852
0
592
10
17534
0
1
176
69
536
477
712
413
29
2948
1
210
763
2639
763
21104
59
0
7
7
55
24
2
0
11
9
2
44
15954
680
134
84
153
26
3
0
5
34
0
4953
7
228
11
88
519
52
27
167
389
0
1039
1492
17926
13153
14
20
3930
5
567
841
0
167
49
383
127
9565
56
2202
0
3
314
4
268
3
8
1
92
254
92
16
338
848
0
162
602
114
65
2
390
117
0
19119
1078
112
75
4
0
714
2
0
3
0
0
70
162
21
6708
17
0
381
0
4
38
296
5
1
4
2458
0
251
0
0
0
6
40
0
463
2
26
1826
1314
92
70
42
1
0
0
29
20
6444
55
0
55
6203
16
4227
1
60
82
0
149
14
1
1223
0
6
0
0
0
2
231
692
127
0
835
220
9
2301
60
2462
0
210
0
12
1
159
2557
48
556
52
1538
5
0
1
0
5
196
0
155
18
817
1
115
534
0
0
1624
0
6
1280
38
2105
19634
301
1
28
1
103
1
955
5
2
31
533
8
15
2
1
939
2050
1
23
1903
311
0
0
0
0
19725
3
89
0
2
12
2
0
0
0
108
0
2920
0
91
12
12
1
4964
1
6
0
11
0
16
0
2
1177
1
0
0
0
74
109
347
1450
7
0
23
1
7
60
7
2
6
89
0
0
134
22
265
1
10
42
42
149
1
288
2
15
17137
25
0
3173
59
0
0
1794
0
0
0
0
0
0
16803
526
0
27
2791
2
0
0
0
94
5
38
813
0
0
4077
5
0
161
1
1
11
0
290
1
1
1
32
204
1
0
62
0
2
0
0
0
112
0
19
0
0
44
2
0
0
4023
1551
375
0
10
1801
0
11
0
175
0
0
1373
15
2681
0
0
292
0
63
17
1
143
1
92
0
48
7
108
3
8
63
4
23
1620
33
0
0
0
1
2
2
25
6
0
20
0
0
0
0
0
4170
743
30
0
17
1
3
1
2
7
81
0
6
0
11
1
0
402
977
18
0
11
2
0
0
6829
361
2
0
0
944
16
3722
166
1
6
1
1901
3
0
7
1
0
2
83
0
11
73
2
2
0
7268
39
91
0
12
248
50
7
5
47
0
0
0
115
587
24
0
500
0
335
1
20
6
0
0
313
1
0
15
3
890
172
45
74
2
3
34
0
9
0
29
86
949
0
1158
63
1102
0
1
272
0
54
0
1
118
0
232
2
762
0
1089
3895
170
712
35
8
247
7
1667
5
150
4080
162
0
0
0
7
786
2
0
0
136
9
7
210
6
0
361
93
8
2
18
0
1168
0
3
251
138
0
0
0
0
2
20
0
1
28
0
11
338
70
0
3204
0
504
1
1162
14
0
0
506
0
0
4
3
58
54
28
5
0
0
6928
0
71
0
24
2
5501
43
0
1
41
0
51
0
0
0
3
7
2
63
4007
959
0
5988
1077
2
73
0
21
0
0
0
12
0
63
0
164
0
7
722
2
3
0
0
2
1256
0
6135
0
786
1
369
0
3769
14
0
1
10
0
2
2
0
10
12
135
187
105
0
0
3
6371
0
0
0
0
1
2
418
0
14
1
126
0
0
9416
22
0
0
737
7808
0
1
3
3
36
4
7
0
508
0
0
863
0
1415
202
60
75
5
139
9
1
13
0
2
163
0
10
7
0
20858
9
0
12
1
507
220
95
0
0
0
5
0
370
0
0
0
0
0
103
0
4
2
3096
22
1099
1
22
0
0
14
2807
6
111
0
1078
223
1
0
178
1
0
212
264
7
0
1
4
3
0
343
2511
28460
49
1
35
303
17
33
49
562
0
12
3782
10
0
3
22057
2
0
0
0
0
110
2972
0
2580
843
0
2
0
3
0
10
319
0
0
1081
0
90
1
0
70
1
203
7946
1
1
0
4377
1
0
0
56
475
18820
0
1
8
0
2
449
36
8488
1
3
1201
592
28
0
0
2
0
6
0
581
691
847
0
1673
0
0
64
285
268
1
0
1
1
0
3
0
296
730
0
0
0
115
1
148
0
246
1
11
0
304
7
0
1333
1
1
6
14
1
0
296
0
3
3
2
187
6
0
292
0
0
439
53
79
0
44
1
0
5367
0
1
8
8
0
0
8
0
2
0
1
1259
1
0
49
2148
6
1
1056
442
240
0
5
0
0
75
0
255
1
5
0
2
0
26
1
2
0
6
160
256
2
29
9
1
14
14557
84
0
716
402
134
30
0
0
21
417
5
15
0
12
0
4562
0
715
0
1
0
49
70
641
0
31
0
201
22
0
0
10
922
3888
5
1562
1
5
0
6771
13
8
0
1
0
3
0
1
14
2
8
0
43
2
1963
15
0
151
17
236
1302
0
5
1126
0
17883
660
1011
8
48
0
636
2047
31
1
0
29
340
0
740
0
3
0
0
0
2
2
1007
0
14
666
1
361
2
3428
10087
1
0
2
0
0
13
1
277
0
0
13
0
20
39
10
9
6
4
47
1
987
23
6518
0
1
1
3
0
0
1
0
3
0
1427
64
118
0
81
0
7216
75
925
0
0
0
69
0
1
3624
31
0
1261
0
142
0
0
11
26
30
147
2
3649
1052
0
521
0
0
127
0
0
0
0
55
13
0
0
0
0
1
0
0
0
3
2661
0
6
5
16
1145
0
0
0
0
115
0
2574
164
2207
0
2
7
9
411
4
1
29
5
0
0
0
112
110
10
4
0
3
0
0
9
1
1375
0
267
0
2
0
0
983
4401
0
209
15
23502
2
22
19
4
1
0
0
0
19
42
382
968
0
1799
1030
58
0
12683
5
3177
0
5
0
0
0
5
5
5
976
0
11
2
0
98
54
6
0
0
3
55
9
44
233
1
1
128
65
0
10
29
0
3820
0
0
329
2
0
0
339
2
0
0
1
41
3
4949
717
3
13
0
0
0
1
3
1
0
0
0
0
10
4
0
1369
0
4
0
7
0
1
245
1020
2
391
0
118
1
17
22
1721
7
1
4
5
10
1
7
1
874
0
1
435
315
0
1
0
289
41
1
0
0
0
0
1
0
1
52
22
0
61
0
52
0
1
0
3
0
59
1
3
2
90
78
5
1
0
0
0
4
20
9473
0
0
21
15
15
0
222
41
157
2
0
0
10
45
7920
6892
0
20
183
1
0
5
14
9844
12
28
10741
251
0
0
13
17
0
12
2174
36
9855
1
6
2
199
0
0
61
1
971
1
0
0
0
0
146
1
758
75
555
0
1
14
0
0
1
4
630
0
1135
1
226
0
8672
13
0
259
8
0
57
1
77
0
121
452
1
0
1
0
0
22
1128
55
6
769
595
0
0
4
7
0
112
47
336
486
0
8
2
1061
0
9356
0
444
186
5
3
0
0
0
2
11582
280
669
0
1
4
5
619
7741
2
28
1
0
307
491
2
1
2
4
0
14
0
47
1095
1
0
6513
41
2
64
71
0
2244
35
0
7
0
798
0
1801
1
20
31
2
0
120
2
44
211
0
1013
1
269
11
70
0
14
4
101
1
0
31
0
0
183
5
3
11
44
0
3
2115
636
466
0
19
0
83
1
33
1
18277
110
0
0
3
1
16
2275
558
79
0
0
20
3
39
3099
0
0
91
1
34
4
8
0
2447
9
9
42
5
0
5
0
58
19
70
0
60
3
695
0
288
492
0
0
0
223
1
2
0
0
0
0
2
5
6
1
0
317
2
0
3
1
26
5
4
11
38
588
15704
0
3
0
4
0
0
8
3
1
0
23
16
0
415
9
0
0
2193
14
1922
0
0
1180
38
23
10
9
1
0
0
9
11
0
2872
65
0
2936
0
0
0
15612
3
13
0
1
2
0
11
5
1
13
13
0
1
3
13
418
6
2
1
1
0
680
0
2
1
0
5
10
0
4
2
0
4
18
0
84
5
130
1
0
92
27
0
20
0
3
2
1
0
261
636
20
0
111
55
2
0
65
70
9
0
0
0
1
0
5
3
19
5
58
0
1
0
3
3
0
0
0
90
0
0
570
0
1
0
0
0
534
5
0
0
0
91
7
0
69
19
5468
0
2569
1
906
1
0
21
3
1
0
9
0
73
34
6
7
0
1
0
53
0
81
108
6
2
0
0
28
0
8
0
1
49
0
0
21
8
0
0
1
1
1
1199
0
49
0
0
220
0
1
0
0
105
23
0
0
97
0
4
0
5850
137
4
1352
10904
0
0
0
1648
11
0
2
4
1375
0
2944
0
32
247
3
4
0
11
1
4
125
2181
119
0
17
0
0
0
0
214
0
116
1
5
0
3
52
11
0
0
60
68
0
75
0
264
9
0
33
0
0
0
2
2
65
170
0
522
2
0
146
450
8
62
0
5
0
0
169
49
24
139
0
4
6
2
6
13
0
14
0
29
113
26
0
5
2
0
2544
0
0
0
222
1
9
625
184
102
0
55
8
2
234
0
1
62
2
0
0
8
6
0
0
0
16
28
1722
0
1
0
0
0
1
3
0
0
0
5
0
0
73
7
0
173
8105
1
0
13
4372
0
1
0
1
1562
1
600
6
1239
22
7619
1899
622
132
2357
2095
12452
9912
34163
314
12859
12859
9260
147
15746
5639
1887
440
9005
15605
1197
90
147
847
16
87
23099
9749
1197
18401
17
1621
1887
169
1826
31074
48
2919
185
6
3566
12169
28025
2095
24142
38
10834
18378
23277
26565
132
18943
1197
390
2030
8128
20643
87
6
7092
185
7328
185
320
7
41
2
8799
20
38
8301
4
206
726
15026
140
10
5326
54
4619
40
595
635
1
19847
9394
1716
1865
2883
24997
20263
629
19847
2
18
5
40
210
16
1
532
294
2233
11
10106
3
828
0
1460
16
14
1
37
3
566
20
22
724
10226
870
186
11544
31
1
14158
6091
18
447
166
4320
8748
58
172
4062
6484
336
210
10
0
112
299
129
699
27
3824
1
3011
4
4487
634
5
28
14
1
2168
12
2201
1758
54
19
1449
330
25
0
244
1292
89
22
197
101
0
80
2
9693
9
5
149
887
0
0
314
0
0
354
2
2616
0
24
277
301
96
0
281
2484
373
424
104
2228
56
0
122
1
2
18
50
366
1
539
8
8
1
22
360
1547
0
5
87
100
18
264
2
2876
15026
6392
3027
0
0
34
16
2
3822
317
15
32
367
0
1018
1
3
0
138
20
1851
0
54
538
0
3
79
32
78
246
13
0
3816
4
0
225
2
1
0
0
965
1
0
11
1
0
0
3612
117
309
8
1
30
60
0
11
166
22
1
130
0
1
2
138
18
11
101
980
32
20
4
43
1363
1
0
2
375
112
0
10
334
417
42
0
11315
2
0
4413
276
0
0
1
0
0
29
61
629
4
19
0
1
6
0
140
0
89
6
5
0
208
61
430
853
0
12
0
0
0
0
369
13252
204
34
3
97
43
0
75
0
236
0
8220
568
0
967
0
1241
0
0
17514
306
1204
1
0
61
0
31
0
28
11
0
1
891
14
6
103
191
0
11
0
17
0
38
4
1423
221
170
0
18
2
0
1
9
0
1
0
3
6
2
215
0
0
9
1
6223
22
4
0
13
3
2
3
4448
59
82
0
0
7
9416
2
1
675
1
177
61
220
37
1
130
1758
84
117
14
0
0
36
15
0
0
10
495
9305
1
65
3
30
2074
76
25
47
1
17
0
52
1
1
278
0
131
11
0
21899
59
62
260
739
22
2
0
0
0
182
302
1
49
13
2670
883
286
86
37
0
5880
0
0
1
2
85
44
2
4358
4
637
242
1
769
15
15880
225
3
1
8007
507
2
0
99
0
321
0
11
27
357
2
38337
467
243
213
57
17
10
0
13
4
86
1
9
4
269
1
0
54
5
1839
19
1
0
300
0
0
0
55
3
0
2
715
3623
0
25
2
0
1
0
2583
0
0
79
0
2
3
1695
127
2
0
1
25
16
0
403
0
145
4
0
0
5
23
0
3177
44
1
11
2
3
56
0
8218
5
10
841
941
1
3
260
73
0
2186
8
8039
11
2
0
0
0
42
1
78
0
0
3
0
5
135
1
0
29
89
0
281
0
6112
220
7
3
141
24
62
756
1
0
1
2
12
0
77
1
28
48
0
2
1351
0
26
181
8
80
25
1
3
280
0
531
2
5
10
0
1
70
3330
24
21
318
37
0
4229
7472
0
50
18
246
1135
0
34
0
0
0
152
3
220
0
1
0
27
3116
12
0
1620
0
1
285
111
1499
139
32
0
0
15
0
14
10
0
24
7099
1
27
0
0
0
2
13
0
714
32
9
0
0
0
141
0
10
2
4
0
0
6
10
112
0
460
95
3
725
2996
3
19
58
38
1
0
0
218
3
0
417
2
0
0
0
0
0
13998
46
0
2251
0
19
685
0
1306
0
94
3
3018
134
25
7
428
8
0
48
0
0
4
134
17
45
0
77
1655
60
0
329
152
10
1
1
14
177
1
77
865
1
0
1
4167
15
3
7
0
93
8517
1
270
0
83
0
2131
42
2
2
32
74
2
1
90
58
15217
152
11
17
0
4608
65
485
1
0
294
45
29
11
2
0
0
0
3449
226
0
3
1
0
0
0
639
0
0
0
3
10
2
4
15
5599
14
11
87
22
4
4
3
45
7
765
0
39950
4
212
0
0
0
0
119
76
12
482
7
2
0
1444
5
0
372
0
1173
25
41
4
3
0
0
31
7
0
0
126
0
0
0
0
0
4
137
1701
2
30
15900
0
22
7
237
55
2
123
19
21
0
0
0
1
5
0
0
16
28
10
2
3956
0
661
3
2
1
88
102
5
0
20
1
0
43
4
0
0
1
744
2
8
2
8
192
14
2
0
2372
52
66
79
0
46
640
39
21
0
18
2
0
4
3
0
131
0
0
1
14
0
0
0
9
0
9
16
15
1421
1129
655
3
3188
0
0
7601
3
0
7
2947
213
3005
2
587
0
1
3
60
0
5
1
7
31
2
0
2
47
153
0
0
27
0
47
0
0
30
84
34
38
11
2
300
0
79
0
13
8
68
0
1
11
1
5
0
0
12
6
0
186
0
0
292
493
51
6
410
27
103
0
226
128
263
0
89
210
1
11359
0
41
0
5
0
11
0
6539
0
0
48
5
0
283
0
0
3
424
0
2
1
0
53
296
652
43
0
15
1
0
502
957
0
1105
0
0
1
0
197
0
85
0
0
67
0
7
1
4
0
0
0
4
0
0
2
14
0
3
4735
101
0
157
159
2
10
13
0
0
0
58
71
0
0
2
500
0
19
0
0
0
0
1488
2
23
121
0
1
0
7
6
0
2
1058
190
75
61
0
0
14
310
0
63
0
10643
77
546
6
1
737
1
0
1
0
29
0
4
27
2
1
5
3
5
0
6
168
0
462
231
2
0
1422
2
8
0
0
710
29
177
1
2
2
0
97
2
26
50
0
4
28
147
4
1
0
0
10694
36
15444
0
2
3
0
5
0
0
0
1
5
0
160
2529
1
5
0
13
2014
279
122
1
1084
22
0
3695
1
2
3
0
4
0
146
0
2332
0
80
178
45
0
49
0
1
10
3
1
0
0
15
0
2
2
214
907
0
313
7
9
0
0
1718
2
7812
0
0
682
5
8319
137
2
2
3
3
0
2
9
629
1256
0
674
3
5
5217
23
310
1
326
27
553
9
334
11
0
45
1
0
9
4
403
14
1
1241
14
176
0
81
9421
0
128
54
4
10421
3
773
2
5
58
1483
976
0
120
4
2
4195
0
104
0
1
2
1
759
0
8
0
80
0
1
9
0
0
12
0
0
74
1350
359
392
1109
11
0
3
58
161
51
2
1
0
537
0
9
0
127
366
0
0
2
711
52
3920
41
1843
0
8
547
2680
111
0
5453
0
1
3
2386
181
10
1781
4
1
1
0
10
0
0
17
1154
119
447
0
0
0
1
0
0
1064
53
17
2
0
83
1
0
1
0
0
2
32
129
7456
0
0
0
646
0
1
6
0
0
2
1145
5
0
43
0
186
1770
0
16053
0
0
956
0
7840
25
630
36
20
0
0
57
15
669
3
0
0
24
4
0
0
0
86
19
57
2
0
90
1
1
70
585
3926
3
0
0
0
0
0
21
62
0
15
6
3
23
27
1
2
7
4
20
0
0
10
12
63
1485
0
0
25
31
0
2304
0
1
2
2
185
0
14
13
8
572
1701
5084
0
1
0
2224
295
0
32
91
3
0
621
0
39
10
4
1
0
1
767
10
212
38
87
42
0
0
8
2588
193
0
234
21
92
8
17
0
2
446
0
0
0
0
606
0
0
2
998
6
0
118
0
0
39
3
390
0
0
1
29
0
4027
0
313
82
32
0
35
0
123
1425
0
0
0
15
0
0
12
6
1
7
32
0
1
6
0
0
149
0
2
54
0
6
0
7346
0
0
94
15
1
0
385
2
250
0
34
76
4744
2
1
36
415
0
105
18
0
49
0
523
0
0
19
0
1
0
2827
0
30
0
2414
86
1
0
1
0
4009
97
0
868
0
2
3
0
0
0
4
1033
35
27
0
330
134
0
161
0
1511
42
3
273
0
8
0
0
4
203
0
2
0
2
975
53
252
0
0
6900
1
4
0
30
12
6
5
1
0
108
2
1179
1251
3
405
242
0
1
0
0
0
71
0
196
45
2
0
10
0
7
21
0
0
1813
20
16
0
28
2
0
0
0
0
1
146
1
18
1962
0
0
0
0
15
25064
0
6
36
0
14
306
2
81
0
50
90
0
1
8
0
0
2381
0
0
0
1
1
355
0
101
8
0
0
42
72
4679
1214
3566
367
0
0
1
3
78
3
0
0
43
19
2
14
0
1
0
0
1626
116
0
0
0
38
2
0
123
307
332
0
37
1
0
0
0
3
2657
0
458
1
929
47
27
441
0
3
0
0
2
174
2010
13
0
94
0
0
2
0
1
372
0
243
118
12
1
36
0
2
0
908
323
1
844
36
2
0
34
5
0
0
1
1
97
5
1
0
7458
0
0
0
0
1
0
222
1
43
0
0
0
10
0
0
1
6535
0
0
31
20
3
255
0
2
15
81
14171
4
186
146
2
5
3
295
0
0
0
0
0
1913
431
2
94
0
274
0
0
8
2
928
74
1
0
1
0
104
2
6
40
6
5
4
0
29
15
1
0
0
255
2285
16
0
615
11
0
2233
0
0
1
5791
1984
14
6529
1379
268
0
1
0
0
2
6
30
76
1
1
262
4
30
1
0
0
74
18
1
3760
10
2
2
0
65
0
511
3
40
36
0
360
4
27
0
434
0
8
0
0
5
8129
75
1
0
0
69
0
0
0
24
117
0
2276
1
0
0
0
5
6854
0
380
0
0
1
36
4
0
205
0
2
113
0
131
5
6
0
176
0
1
3296
3286
1
1
2
0
5038
1621
10534
23524
274
994
30653
192
9111
169
2143
19236
38
5421
31543
83
25517
1621
87
38
2520
12859
21794
5470
38
3674
8179
185
320
3543
5657
185
14349
12859
12859
20470
28
6
6464
1104
274
4238
274
163
14992
509
314
509
9825
8617
12859
5470
5021
147
3542
8948
19739
8651
87
147
3484
7840
38
163
10048
5
8
564
1
407
10
0
0
0
7303
2
4
21
25
930
0
5
2111
77
1412
2527
3787
93
877
3
28
2233
4880
79
727
2194
4
8749
3262
6479
977
110
2
3456
140
2331
1
7662
1445
379
6
4138
1
28807
12055
93
18
6382
229
0
181
0
2111
30
661
112
2
16317
115
19
1
1172
9934
0
8592
0
0
0
16989
1725
1403
1
0
0
5126
19
736
3045
0
0
0
897
4
5
10707
256
9
7
211
151
9
0
69
0
214
15659
0
38
1489
575
9565
19
2403
389
1055
0
285
2889
5929
1324
1
13737
3735
1401
1
143
6000
286
48
5
239
5
3315
250
0
1
0
0
0
0
4
497
57
26
11067
18746
5077
13
171
331
13
352
0
69
9506
0
0
0
139
2
3716
22900
100
1767
16893
24
0
14
7
38
0
475
0
1
6475
5
41
1
0
1
5304
37
2
6810
2955
0
107
3
16
113
22
2
0
12
2827
5
12654
640
0
9441
0
84
51
95
1
10993
2
0
0
735
6771
0
1
65
0
0
176
0
832
0
622
1355
2
4
86
3
18874
7127
4
0
110
686
7860
1
2349
0
154
0
0
0
160
27
11
63
845
2
73
5
38
0
0
5
817
1
0
29
5
85
5
59
0
1
3997
1
0
74
0
119
0
10
119
1
24
19
186
10546
5
5
11
365
2377
0
138
53
0
49
15
6341
39
2264
22
1
0
0
856
20
1
931
254
0
0
4
39
285
0
1136
0
1
1
263
2652
1
0
0
15029
1
5
114
0
1
0
6668
0
3274
1333
817
6
638
0
0
2
2407
587
5
2
3
49
0
57
1
3831
0
0
16
1
0
1
33
6224
3
0
47
4
1396
6
163
5
0
0
1528
17
0
495
14679
59
60
0
33397
0
19
26
381
71
106
0
1
2556
11487
5
0
4980
0
341
825
0
44
25
0
52
1
5377
7
0
1
2
0
53
0
1
0
652
0
26
1
990
147
0
3
87
3
0
0
2
6
62
0
17
0
174
31
0
4
0
0
85
1
0
1
774
133
2
12
0
11
0
1
0
1
250
2
7
153
4
0
475
1
23
0
0
1
0
0
0
2
3
12298
0
5
36
0
1
3235
211
55
1
27
0
1587
0
0
1
9
34
125
1
18940
0
31
788
872
0
832
5
60
33
2
67
0
20
0
10
530
1
30
9
0
0
139
1
0
31
0
0
0
1
1
0
48
0
865
13
23
0
754
0
2
13
949
194
0
10
691
0
0
21
0
30517
0
23
0
30
3971
1402
2
0
368
1
118
0
0
229
0
1
0
4
3
1
7
29
5
10
1540
0
524
0
245
874
0
48
656
0
8
13600
3
1
2533
731
17399
4919
1
1
5
1
45
56
0
493
3
8154
190
5
540
2
5
8
4
21
519
16
0
2
0
364
1
0
0
1337
1
21
11
7381
0
0
976
0
0
1
0
7423
37
23
0
0
0
0
2
123
125
7
0
0
5
1
34
0
0
399
2
0
5
101
230
1182
0
0
9
2
55
1274
20
1
0
11
0
0
1
0
0
2
1
0
2
433
1580
186
33
47
362
0
1
114
1
0
0
28
6
1103
3
0
405
0
0
178
61
14
317
2
3
0
1882
0
17
0
24
4
22
9
19
1715
4
0
201
5
0
21
8
3
1
0
472
12878
0
1
0
0
19
239
0
0
96
3
410
4
83
12
346
183
82
39
4
3
1
3
0
0
7530
0
26
0
23
453
263
0
0
17
0
46
0
0
0
43
41
8
0
1860
0
0
130
0
1
0
443
0
0
2
11
0
59
9
781
1
0
109
3
598
4367
3835
135
188
141
0
8762
9
1185
129
0
0
0
0
1050
0
0
3
0
50
0
340
2662
0
357
15
1617
3
0
3
0
22
0
1
0
4
8
48
0
0
0
265
1
6
141
0
1
58
1
1
144
0
4156
0
2
2
7735
0
18
0
0
91
24
0
8
0
33
0
4
0
22
5
0
0
19
122
9
0
204
34
64
1858
0
8
6
6
0
5299
1
13
1806
0
0
0
0
237
46
51
30
9
5
0
0
139
7
746
18
1
31
22
0
0
1
2
0
2119
0
109
0
0
457
54
6
0
2532
0
0
658
94
4
1
0
87
3
635
4
1
0
2
44
0
135
0
149
6
1
12658
0
203
0
2
2
0
1828
8
31
3
7
2
0
0
27
0
0
0
697
0
1
2
0
0
162
158
1
2
2
0
2527
6
94
2
6
17
8
0
595
0
9
0
10
0
6
0
11
15
0
30
48
19
0
2
0
10
22
0
1
345
1
0
2
3647
26
0
2
1507
3034
3
4
4
0
0
0
248
21
2
2
7713
1
85
13
0
0
1
0
5
714
10
1
87
390
183
6
6
2
21
22
0
0
341
0
0
0
0
154
624
2
5
0
8
4
1
0
457
0
0
568
31
0
0
0
14
24
27806
2
6
1
0
18
0
2
0
0
3879
1
2452
2192
0
0
1
49
1116
38
4
0
0
32
12
18
4
5
1
176
0
0
1
265
0
1
1
0
637
20
0
724
1
0
0
1
6847
0
0
364
0
0
1
0
185
978
12
0
1
11
1
1393
6
3
16
4617
9
0
0
2
0
0
73
4
124
2
27
0
1
0
0
720
0
4
1
131
40
0
0
431
2
2
10
2
20
0
0
0
5
1
1
0
9041
1
0
0
2
0
7
11
168
45
1
23
23159
4
0
26
0
0
5
6974
386
26
0
54
93
0
0
0
0
0
16
3948
31
6513
1
6
116
1
20
3
64
0
0
0
0
55
2
215
0
1
669
1
10
17
25
0
2
10
4
4
422
0
0
0
1362
1
0
231
42
0
0
7
18
2
0
2
9
0
153
1
18
297
1
0
1
0
55
0
1
0
1
0
10
200
221
4
0
68
29
81
8
0
3
0
0
0
0
0
5
3
29
525
0
3
1
4
0
187
3
2
132
0
19
877
1
0
0
1
1
33
0
13
1
0
132
322
0
21
128
0
8
297
0
1988
1
0
0
1
1719
1701
41
25
1
91
194
0
255
201
6326
9
6711
0
0
8
0
0
0
1424
1
0
10
0
2
1296
195
10
778
0
1965
0
3831
1
0
1
0
57
253
1
120
189
0
0
3
71
0
0
2
748
4
6
754
0
0
19
0
11
2
0
63
0
2
36
492
1194
908
0
0
2703
2
13
1
0
0
0
1
2
236
63
0
7
0
313
2856
0
86
0
8
474
0
4451
0
5
27
61
0
0
7
7
2
0
27
0
1
1
25
0
3
1657
0
11
3
15
0
0
1
5
0
0
3
2
2
1
27
0
0
0
68
4
3807
927
1526
11
825
57
1
16
37
2014
0
223
2
0
53
3
1
984
6
85
0
0
5333
12
0
1
10348
0
2
0
0
2090
2
4
141
1
8
43
96
3
3
1
0
675
4
95
1
424
1
1
1
224
255
0
29
0
0
42
132
49
0
1
32
2
34
0
749
1722
0
0
0
0
2
5
20
0
4
43
3695
0
116
929
1
6
88
0
2
0
0
93
28
0
0
133
502
8
0
3
0
0
0
86
1
0
1
35
1
6
36
27
0
2
3
20
32
0
38
51
0
14
0
0
0
8219
304
0
0
703
0
0
16186
0
1
2
0
1
6
0
0
0
0
614
0
81
10
7
39
0
13
89
257
0
0
0
0
2
6
0
0
0
3672
0
2
0
63
3
0
0
0
1
20
12
578
0
9
1
4
1
0
0
885
0
343
127
2
10
100
0
2
225
1
340
1
0
205
0
212
4
0
225
120
0
0
0
27
0
82
397
4
69
52
0
1
1
274
0
0
96
0
6
0
4
0
226
1
7301
0
0
278
2
18
0
0
1
1466
25
43
5
6
0
0
2
3
2
1067
0
2
0
53
0
15
0
1
1421
28
1
1
2
0
0
0
0
1
963
0
2
2
258
54
4
0
175
7
0
3
141
0
3
218
43
0
9
1
0
0
0
0
0
379
160
0
5428
2
0
2
0
25
59
146
33
0
217
3
1337
7
1
38
18
30
0
0
0
1
1
201
53
0
0
0
4
70
1897
4099
0
1
4
67
0
0
5289
4
2
13
27
214
42
152
3
0
29
0
11
1
0
4
1
0
0
0
0
0
17757
0
0
0
5
2
38
0
0
1431
59
165
0
1
0
0
19
0
0
4
101
176
43
22
227
1
1
14
0
0
3
0
57
226
0
31
48
59
0
3
16
9
40
0
149
3
0
106
1
3
0
0
0
0
0
0
0
1
21
1
1
1
60
0
21
28
0
1
6
2
5
40
0
29
5
0
0
0
0
0
7
2
0
0
0
5
23
0
4
6
72
31
0
0
10
1
0
1
5
0
7
4
21
0
64
743
0
106
7
0
0
118
1
2
4
2
3
155
2
2
0
185
133
0
0
19
69
2178
49
0
0
14
0
309
7
15
54
0
1
1
0
4
1
0
26
0
12
215
1
0
310
83
23
44
106
0
4155
383
13
27
1
0
102
50
4
0
1
0
10
157
4
4
37
2
0
46
1
0
0
0
0
6109
33
305
8
526
9
1
0
2
6
15
45
25
5
5
1
1
0
1
6
14
96
11
0
0
0
0
0
13
8
7
0
0
14
6
0
0
0
2
181
3274
10525
3417
24501
0
11
3497
20078
38
40575
6482
793
7043
6
3016
3559
3326
11
21723
509
1197
16538
6526
36280
2775
44843
4838
160
18527
37323
30348
12735
18774
15374
185
1552
87
22953
87
12590
6
10
5211
12859
28
3274
320
147
509
1294
268
6849
169
2776
61
17522
10374
87
24535
38
320
314
7303
38
490
1
9894
1880
3398
2267
48
0
2104
499
120
175
39
307
6335
297
23
6132
2829
3379
69
0
3186
240
16
1756
12328
0
2596
6131
25
616
2183
195
2194
5142
10076
0
13382
211
0
49
264
1238
22130
1734
12852
6110
421
0
240
13836
2363
25
118
20
10
2111
2
332
39
1203
837
133
5204
108
33
4241
38
18
2
2
7857
5
5
1
0
3
12856
5286
0
22347
16
11
203
11616
251
695
875
2
556
5954
1319
347
61
12
0
0
151
13
0
218
158
4
0
1
0
45
0
0
3275
12579
0
0
9102
243
0
5
3
502
50
81
3
5536
2
0
1
174
13
22
4
2
908
3
15309
0
418
5639
1
559
9773
710
28
1
23435
12959
5
4
1249
11
19
2927
2863
223
36
542
670
0
5042
1506
232
114
3405
0
42
0
18
24
2228
10645
0
0
3
0
1290
34
7
87
4
1204
0
0
0
0
5
8
11516
18
23
76
1
2
0
1119
0
0
3
22
159
0
77
24
1
4078
1
11
0
5
1
11
8839
0
1708
0
4501
10
0
124
0
3
919
1
1
0
123
1
580
39
1320
69
3
0
5419
1
37
5
856
1593
0
1
80
1
246
3
1
341
9
8
2
6
143
1
1
125
7
3
156
1310
31
220
204
19
17
67
0
0
5
0
0
1181
39
6
0
3158
2080
224
0
13
63
34
32
0
1
1
147
0
0
6554
15
1404
372
0
0
205
49
1
2663
7442
0
12
1
17301
0
26
5451
6
134
0
51
6
0
55
0
114
1
7
57
0
9
7073
9
10
9
2128
5093
1083
21
2075
41
0
3
0
417
0
3
18340
26
0
19
6441
3768
0
0
1
0
4161
1
27
1
0
1
425
13651
74
1
1
2065
0
0
12211
2
169
538
238
49
304
37
306
1048
0
0
1577
0
0
2
317
54
232
36
1132
66
18
0
4775
0
11
0
464
0
0
4
1379
51
0
0
0
208
24
417
1012
1
1
7
128
1
12
0
15
3
0
137
9
1
142
11
2
138
1
9507
47
4334
48
9
10
0
2
2
27
44
7357
0
0
22
0
6
281
679
0
0
1
93
7
39
26
0
9482
128
110
41
3
1
37
37
275
0
0
0
3
90
1085
4
0
651
168
2
3
3
6
2
1
1
0
12
154
0
457
0
3
2276
9
0
23
268
8
6
6
1112
1964
32
205
89
1
126
1
20469
1
305
0
9
6
51
8924
31
0
4
25
11
4
54
0
2
1
359
1
4207
2
0
1
603
269
0
112
17
2
1
511
5503
19
0
81
5
3
0
62
42
24
1
53
194
0
0
0
12
3947
4
2
6
6
162
9
952
0
89
0
0
10
1
0
1
3
7
100
53
4
0
125
1
7
4
0
3
0
9
5
44
0
40
2
85
3
1
0
398
45
9
0
12
0
1381
0
5
0
10
0
0
1
509
0
38
0
177
73
93
43
2061
2881
4781
4
0
30
1
0
0
457
0
3
23
209
1
549
0
9
7
0
22
415
2
12
0
6
31
53
0
1
44
18
0
110
0
0
128
0
43
38
0
1257
0
88
2947
44
2
0
629
8007
1
191
144
22
6
21
47
13951
0
0
1
0
1398
0
0
10
313
0
0
8219
1
0
30
4
2
0
0
0
372
2460
5
2
186
143
6
10
0
1847
6593
0
0
271
0
0
71
3
1
41
4
2
28
2
146
1
32
2
16
0
593
0
2
0
3
1
2
243
1
4
0
1
18491
323
5
8
0
2
1
1
26
2
1
0
1
436
4
72
1
138
26
67
0
0
2407
4
0
334
12
118
3
2267
9
10
0
1
119
1
0
74
579
313
74
0
3230
11600
82
386
15
123
0
0
3
0
94
0
24
333
2
13
610
24
126
0
0
205
64
1
0
1
0
0
69
5831
89
0
13
18
0
44
2
5
0
3
4
360
7
1
2
1
1059
0
0
0
0
0
0
0
7
0
1
0
102
67
0
262
4
1144
86
19
0
0
0
3
52
159
89
0
0
1
0
0
32
1
3
0
6
42
0
2
356
0
1
102
0
1
9251
303
0
0
1048
0
6
0
0
18
273
2841
1
6
0
2
1
0
2
1
0
0
0
676
0
0
12
0
1
71
0
123
10
0
826
0
1
25
10
31
8843
10
0
8989
0
0
42
321
13
451
205
1
5
0
0
3
1
10
0
9
4
254
5
162
1877
168
4
195
0
0
0
110
0
1
10198
1
5
1424
2
15627
2
0
0
10
449
0
0
0
31
0
0
4
26
511
0
1090
7
2
1
1
5
97
99
1
135
0
0
1
0
35
6
1
5
0
0
20
231
0
1
0
11
135
4
0
0
0
0
0
1
3
6
757
92
0
5
9031
13
3
559
0
98
1118
42
1632
81
705
288
23
0
0
245
3
0
2
0
1
51
49
0
0
0
16250
149
14
180
1165
72
3
0
445
12
2
6
1
470
438
3
10612
0
75
3
1582
2374
0
19
148
40
0
0
7
0
1
27
119
0
0
0
36
667
910
21
0
102
2
0
1
21256
0
0
0
822
1216
56
0
0
0
1245
4278
106
12
254
132
96
2
0
2315
2
1024
2634
0
0
21
22
1
12
5
362
0
1
0
0
28
122
1
3
0
23
24
14
18
4
1
2
5
0
298
1
0
126
22
0
420
0
1
7
20803
0
11
64
41
13
995
0
2
1
0
0
20
0
56
1948
702
2166
1
0
0
16
3
0
5
12
90
0
0
30
5
0
0
0
162
2
0
27
1
0
2
0
0
2
0
0
9687
0
1
1
1
0
0
0
2
59
2
16
0
0
2192
95
202
0
505
2
2
43
0
0
138
1
1
4
32
0
16
0
0
3471
1485
12
216
0
0
0
2068
3655
0
1
0
5021
0
112
108
6
3
0
25
3
0
0
0
3
1
58
9
0
0
0
1
715
3
1292
0
1
0
0
1
0
1
4
2
3
14763
0
3
1
0
1
10
0
35
0
5
0
1
0
12
0
1
0
0
13
0
0
26
993
0
1
130
4
423
99
12
4003
0
0
0
0
983
0
0
3
10903
2
55
0
3941
212
0
1
35
312
1
582
1
2
0
384
5
0
65
0
2
0
38
90
2830
0
1
0
5
6
3
0
1
5
2
1986
0
3
8
54
0
79
1576
10
0
0
0
0
5
0
19
121
6
2
4
31
0
1
22
6
0
805
1
2
190
425
3
42
204
0
21
713
3
397
0
12
2
0
0
9
29
0
98
2
58
16
0
4
5
30
0
0
10388
0
0
8
12
74
0
8
1197
0
1
23
0
0
415
214
1
1
0
13277
6
203
0
19
30
0
50
0
0
0
2
20
0
224
15528
0
2
1
8
1
0
325
1
2
130
735
73
2
1
0
0
0
48
2
0
32
304
29
0
22
2
107
0
0
5
0
438
0
374
701
0
2
681
410
1
35
26
2558
0
27
1
74
0
35
7
4
0
0
1
0
38
0
8
0
0
0
0
1
0
5
0
6
0
16
0
53
0
11
1
178
43
4
0
0
8
1
0
1
14
0
0
4
484
0
2
2
9
1
356
1
3253
1
18788
45
11
314
9
40
0
0
495
1111
0
0
1
916
2
0
8
6
0
0
2
0
0
0
0
88
89
0
0
1350
0
0
0
144
0
0
0
0
72
4
3
6
0
0
3535
18
1
0
1
0
0
0
1
1
17
0
0
0
147
1
1
0
42
1
142
3
436
3
0
2
0
6
344
9
2
0
7
0
52
2
1
4
0
4
54
1
2
15
115
7
1
42
2549
94
7
16
1
77
407
0
3
35
61
0
55
0
0
0
0
0
1
75
6
255
0
0
704
0
0
14
0
1
1354
3482
0
151
9
1394
2
53
5
9
3
67
23
5
1
266
407
63
47
20
0
1
0
0
100
15
0
6
14
208
5
0
0
2
19
3
7
196
1
1
3756
0
231
1
160
3
0
2
1
61
379
1
136
0
41
2
1
0
0
1537
0
0
2
0
1470
1994
1
2
3
5
1
7
1
0
42
29
4
0
1
58
0
2137
0
48
143
0
407
5565
1274
1
2
12
20
6
9
0
0
8
651
1542
26
1
0
0
268
0
0
2
0
2
3
0
18
0
0
0
2
0
71
0
0
79
4
5568
0
51
2
5
91
1
3
1398
29
32
9
24
0
0
1
7
0
0
27
1
0
0
311
0
76
13
0
84
0
4
4
1
1
0
0
3382
0
117
1
59
1
0
1
5
0
0
6
881
0
329
1
5
19
67
28
53
0
12
0
1682
0
28
259
2
0
639
2
21
5
6
0
20
3
1
53
70
1
0
0
7
1020
0
0
0
0
3019
3
41
35
33
356
0
12
8
69
5
0
1
0
42
1
0
1
29
5069
4
9
6
3
7
0
31
9924
0
0
61
2
0
0
0
0
0
2438
5772
0
418
344
5
118
1
1
0
184
0
164
1
6
0
21
0
2
0
885
49
0
0
6
87
0
314
3
0
0
135
10
2
0
0
0
17
0
0
6
1
38
0
26
1
9
0
3
27
63
0
1756
162
7
0
10201
3
0
0
17
7
1
2
530
1
0
13
1
0
7
2
10
1
86
0
1357
47
1
1
166
0
18
1
318
0
766
10
0
215
0
6
1
0
0
0
28
0
0
4
21
0
4
0
3
38
1197
1197
278
99
2961
320
37323
12859
3270
12859
6805
0
15975
1379
8318
33027
18669
440
11658
3165
440
6
15187
5659
4379
659
37323
355
185
174
509
0
147
22296
19956
5104
11
12712
320
14459
7165
11294
2510
22069
11
5940
4220
7165
169
5659
8164
9557
160
845
3274
6130
35781
87
1294
3274
47730
1243
4220
1697
5801
69
8374
2
487
722
18
5737
0
3041
0
826
2818
6540
2
2
6
394
3804
23
394
23
167
53
41
3579
4
744
2194
1341
3093
2698
16019
1180
4
483
31216
0
1282
788
50
50
3
1
7438
33133
10
50
28
53
7
1651
3
6
155
3
4
2111
0
6490
2
7
64
16
1
98
4
34843
840
3
0
1
299
301
8311
67
0
16
5
3233
11032
3
0
18575
3
0
483
0
0
479
3060
2703
18017
15137
0
23
15
0
0
3579
28
4147
712
2
41314
0
3679
2318
13
591
1283
41314
95
2484
42651
9
2685
10
269
4615
2
7
0
0
1
12
2
0
134
4
0
30
23
1
74
763
0
0
5
12959
16628
118
0
2
998
29
32
504
29
220
2
0
236
77
0
29194
0
6
0
1
0
0
12049
0
0
91
294
1407
2
383
73
38
796
4
2345
29
0
10
2
0
1311
19
150
0
4476
393
231
0
5611
20120
3608
0
56
1
3
0
2
11199
128
21
11
681
20
0
0
24
3001
0
4
11
9123
17843
11
0
20
5
86
0
0
2
369
33
1452
0
73
780
195
791
0
2
635
6
1
2036
11
481
4
21
279
17
0
5
85
15
7
0
432
4
574
0
143
79
38
257
1
401
1
1676
37
5840
0
3726
0
90
16
30
0
0
14
1
7
7262
67
0
0
2
0
0
2077
352
2214
0
4
0
7
16
0
0
172
81
36
32
353
0
5
1745
74
1302
1
2674
203
0
4
0
0
0
3927
529
0
0
1
3
215
0
0
210
5
4
967
0
3
1
275
3
1
2
0
4456
266
6
0
1
1
0
1755
2
562
0
23
19
0
5730
7
3
4843
18
1
13
1
21
2
1116
1
14
1
0
1
0
0
109
36
0
295
8
0
0
1
23
225
258
5599
0
624
0
22
20
93
16
1
10
35
0
30
41
67
7
391
709
0
0
1
0
85
6499
0
0
1219
672
0
0
7
542
0
347
1869
334
0
16163
55
1
0
0
9
77
4
14
228
0
259
3371
0
2132
99
0
6
55
0
3559
0
783
2
6
5
140
287
6122
0
0
0
1
0
5
0
36
256
0
1
1
13
4
0
1
94
94
0
2
0
22
0
2
0
80
250
44
0
123
1
2
106
0
2
0
5
0
0
775
0
0
3609
3
4582
8435
1
167
75
644
0
0
1319
2283
650
0
96
3
5
0
0
0
3
6
3
0
2
1
51
0
0
2370
1759
1300
6
0
0
27
0
84
0
3
0
8
0
2
29
30
0
139
27
20
0
34
0
2
0
0
133
0
1
0
0
0
5838
723
3772
0
3143
81
3
2
0
288
0
0
0
63
3
2
72
0
0
0
1
84
0
29
309
3
23
0
1
2
0
0
25
1
4734
3484
49
13
0
368
34
0
0
1
7
0
34
0
1
4
1
8
0
251
0
153
26
1363
3187
1
2
996
13
7
719
3494
17
7
0
69
3716
313
35
12
0
0
1912
0
17
0
0
1393
287
0
0
1
9
1053
0
10
13472
8
227
2
3173
23
2
265
2
5
0
0
438
2
0
1
1
75
0
2
0
0
1
48
638
1
19
71
0
3
151
0
83
0
129
11
10
1142
6
390
31
0
5
1
11
30
0
1106
0
1879
20
0
0
0
2
3456
589
56
1749
2
25
1
0
250
2
2
0
46
46
1400
14
0
3143
0
47
51
823
0
0
3
0
0
2140
251
0
52
19
61
3
2
0
1
469
9435
10
0
1126
38
0
0
6
0
0
4
1
18
12
0
0
0
0
0
34
4
1
0
25
12
3
52
161
790
1608
0
76
0
9597
1
0
0
0
5205
9713
0
45
7
67
0
0
0
222
3
0
249
1
221
3006
1
0
0
0
0
2
1151
34
184
7665
251
2905
2349
0
3
0
76
1
2
7
1
0
0
16
4
10
0
0
0
56
0
0
59
1
0
35
0
0
111
29
64
0
74
209
0
3
0
18
47
1
0
123
7419
1
2
2
0
16
0
0
1
0
298
0
23
0
0
12
0
1809
0
207
0
0
11
7
193
11
2
1
10
772
1
33
296
0
1
0
0
0
0
13
0
163
2327
3
30724
0
0
10
1623
2
3
1
1
169
337
17
119
74
0
5979
1
1715
5
0
2772
0
46
1
328
3
1396
0
50
0
0
3
313
1
27
1
4
322
0
1
1
1
60
0
7
228
0
0
0
5
23
0
14
151
5
22
308
0
0
126
0
167
137
21
0
13
2
0
137
0
0
0
28
18
143
0
30
9
0
8
252
1929
3351
0
106
0
0
232
62
179
0
0
0
0
0
1
1340
0
49
7185
2
0
5
0
0
0
330
19
275
87
20
0
3
0
314
0
21
0
0
1018
0
15
0
11
921
31
1
0
9
0
0
0
9
1
0
772
1095
0
0
1
11328
0
0
41
131
1203
0
1199
83
6
198
0
91
13
0
0
61
1940
2
6922
33
4
6
19
29
24
36
128
285
0
10
0
3
0
139
0
0
6883
0
0
1
0
4
297
5
3
773
0
0
0
57
0
0
1
0
34
0
226
199
0
2
0
0
1
743
0
68
568
28
11
0
0
194
6
2
9
98
0
332
761
0
1849
0
19
0
8
0
4
0
210
0
0
9
0
1
1730
0
2
0
0
0
47
0
4708
1
1
4
0
80
0
6
0
2
140
0
0
24
178
6
5
87
34
0
5
0
0
3
9
15
66
8
3
0
8
1
29
2
0
30
0
0
0
929
289
2
1
0
638
0
0
1
2
2
4004
0
1
91
1096
0
0
3
0
0
0
0
55
156
0
1082
11
1304
3
0
3
0
53
619
4
4
4
0
192
4
0
0
5
23
0
442
62
0
0
14
0
3
0
5161
67
4
0
0
0
37
8
8579
7
0
0
1
0
24
25
1
0
128
0
1
0
154
177
0
2
8110
59
6620
2901
0
2457
13
0
0
4
121
3
21
1
0
6
192
304
1
16
515
6
0
0
4
1385
8179
8
126
11
5
20
5
256
3
47
3
0
2
19
0
0
0
0
1792
12
276
0
0
0
0
3
100
3015
35
0
1
17
14051
2171
0
169
0
2
17
1639
3
13
1
72
0
11
7
0
309
8
0
7
0
0
46
0
1207
1
0
1
0
3866
108
5
0
2
3
1767
1
12
998
0
0
0
0
262
0
0
2
5
0
12
0
0
7
254
9
0
17
69
2
0
25
0
7178
1
0
1087
9
6
0
0
0
3087
0
9
0
0
5
0
4
40
0
1905
70
0
0
33
6093
0
0
46
1
729
2
3029
0
3
1190
0
321
209
42
75
48
0
0
0
0
214
1
0
0
9
0
284
5279
3083
36
997
11
236
76
0
0
3
256
0
46
0
0
98
0
233
38
86
5456
0
0
0
0
0
0
2
151
0
1
0
0
61
0
235
7
0
2130
487
134
1
0
4679
0
0
139
3
835
0
1
0
377
1120
79
14
11
1
800
1903
5
57
31
0
449
7
4
3
22
5
110
1065
0
46
12
21
0
0
94
0
0
3
237
9
0
1
1023
12
7
0
100
5
1
76
1
0
0
12
1
48
1
0
0
0
0
14
0
0
149
6
11
122
0
0
29
51
0
0
1
0
15
0
2048
324
0
1
0
213
0
0
1
2
7
0
2
0
0
877
2
61
99
0
817
0
2
0
0
2159
0
47
4927
1
0
3
0
1
0
2
0
2645
1
0
1
0
34
25
0
0
1
4
2
303
0
3
1
40
0
4
2
0
0
55
328
0
1
0
1
1
748
0
1
10
1
0
0
0
1
1264
0
10592
0
0
2
925
18
0
15
19814
175
0
0
2
1
5
2
13574
0
418
0
0
2
3
80
0
0
10
1126
2
0
0
29
1682
15
0
32
191
31
32
1162
0
3079
81
0
0
110
0
25
1
1
19
45
20
0
307
7
4
3
0
89
0
24
1
12
166
1
0
0
0
1
33
184
38
0
0
0
6
1
0
61
828
0
1
275
0
0
0
0
0
326
0
4
7
2762
0
2
0
1
0
217
1
4
292
37
0
5403
996
0
1
0
0
2
3
0
72
5
74
128
2
0
0
10
333
1
0
0
6
0
0
0
1
0
0
0
43
0
679
50
33
69
0
1728
0
114
0
43
0
0
0
0
0
150
15422
73
0
0
5
3574
47
7
149
121
0
0
655
0
72
136
0
15
1
0
19
2
0
0
4
0
1
1
0
104
83
61
0
0
0
0
0
123
1
92
5
0
4
2
1
75
1
16
0
0
84
0
0
12
0
12
27
4
1029
3
0
44
1
0
1456
106
4
125
9
0
0
0
0
4
178
39
0
8
1
17
37
62
7
0
4
0
0
0
0
693
0
0
0
272
3425
3
0
0
14
0
0
0
0
0
0
0
311
2
0
583
227
130
2
0
2
67
1784
0
81
0
40
0
470
0
1
0
255
24
1
0
115
0
567
1614
3
195
1235
0
0
0
0
2118
6
2
44
24
54
0
0
47
20
1724
0
2
0
12
1
8
163
0
9
0
96
0
1017
445
6
17
0
2452
0
0
0
73
0
4
0
63
0
59
0
0
6
51
5
11
764
0
0
0
9
0
0
26
114
0
4
3
3
751
73
0
471
9243
0
4
844
2
0
2
11
0
5
39
0
0
90
0
3
38
0
1
1
1
15
46069
5
274
6
3
9894
638
845
31869
87
6
15374
1709
11658
1767
390
22138
8251
509
509
274
18773
6
41060
185
160
13169
87
4689
62
509
37605
509
11
8
5519
9325
9546
440
390
61
12859
27475
169
185
3274
42
440
1621
440
29413
19186
0
509
3542
87
0
6222
19508
4452
169
5021
169
6613
2
2684
138
1044
3663
3
6878
33
2
9
1046
2615
1135
3600
29
3118
1
96
286
1091
1248
5478
0
23
2233
485
0
2110
12626
79
9
1394
326
26561
1704
4561
439
8
394
142
118
8036
7
497
14158
2134
353
394
5
394
411
20309
826
1648
229
6931
826
6708
3703
37
8
2
210
5
408
0
13
145
12225
259
2309
3955
0
216
0
11
4
7
4
198
3
644
0
313
3387
187
0
1
2
2100
468
3
0
30200
433
740
21
0
110
45
4
0
3
4619
3
837
1
410
277
19
0
3
19
3
31
2
81
0
62
4360
3338
3
5705
0
3
382
446
77
1
48
56
0
3
1
3
4
993
2131
0
6
4834
4
427
29
3444
2271
29
16
145
650
41
21
2
18
2
3
246
11
0
4225
638
80
155
7
15
0
2
3
0
10
30250
8
13
6
301
2
3
29
2
7
9015
0
407
18
9150
22
3
0
1
2
0
2973
0
7595
1
2
7449
6
498
84
698
30
142
1066
0
410
170
2
0
678
0
20
4
0
2957
0
659
0
14
24
0
54
53
1
1503
1
37
7147
5120
68
187
0
153
201
0
0
1
31
0
187
593
11
964
14
8
814
522
156
1
0
1
195
19588
1476
115
12
218
12396
9
0
0
2
2263
559
0
4
0
86
25
1
127
3
5
20
43
0
100
0
9
2
177
0
489
26
12
0
0
432
0
8004
20
472
0
26
14
2
1
1
19299
16
135
9
22
14
3
0
0
3119
2
198
0
15
0
1
0
1317
0
7
12
1094
4
0
82
83
599
957
1
1061
9
61
0
25
0
9
0
52
0
22
16
17
0
0
690
417
124
2
0
0
312
185
32
0
12641
1102
11
102
1
56
0
1
1
0
6663
130
15
8
0
0
0
0
127
1
8194
5
3
176
0
0
171
0
3
0
1
0
2712
0
0
0
224
78
0
0
37
20
130
775
3805
1
1066
1
2
0
0
545
834
1
129
0
0
24
0
29
4
7
2
1
718
0
14
11
80
0
0
2
800
0
2
0
0
0
0
0
0
28
1469
0
1
9
0
1
1233
5
0
0
0
1
0
805
3
76
12
497
2
37
8
133
9259
0
0
344
0
0
4
0
3
2578
746
35
1
22468
0
6
0
0
1
105
5589
0
0
1409
68
1
5
0
26
2209
1210
187
12
3
686
6468
0
0
0
20
977
99
2060
12
0
43
3
4008
5
1
13
1
31
36
29
1063
0
365
0
0
1
5784
3035
83
0
13
1768
1
32
13
0
0
12
500
4
3
777
170
0
18
1
11219
0
1
3418
0
2078
1
4
0
127
324
8
0
1362
374
0
7568
0
0
25
424
0
4199
3
0
1035
42
1
45
1
6
0
5
0
2
0
3
155
264
7679
14
1317
1
635
0
45
1
1
0
1
0
1
0
9
301
4
1348
3
1396
2132
41
4
6
4
163
0
0
2
0
0
157
4
0
0
19
2
122
0
29
0
1
1
0
147
107
2403
2336
15199
0
3
7
0
4
0
0
4
0
115
0
7
7
0
4
1164
1373
544
4503
42
0
0
5
5
6
64
0
7
2686
456
28
0
5
0
9
0
6
47
3
25
0
29
53
51
292
0
0
96
3
5
0
379
3
10
1016
0
27
3
188
28
285
463
4
0
0
7
1330
2
0
186
3
4133
14
1682
1
265
0
0
23
87
69
1814
2
75
6558
0
1
1
0
0
2
0
0
0
446
2
1
3
456
36
0
0
0
0
0
6467
2
861
218
0
43
12
2
10
5019
6
18
50
6
0
80
0
0
0
1270
55
26
862
956
222
792
463
75
0
9
316
2
3192
5
3
0
0
337
79
30
1
20
0
99
0
3
0
0
0
0
5
11
0
3247
4647
0
4
26
0
0
0
0
3
5
79
0
200
11
3
1
2
0
72
20
26
0
50
0
0
0
250
1034
9955
5
46
0
1
15
8
3
2573
0
136
3
31
0
393
1
5
0
84
7
3
0
2
257
10
1
9
0
53
8032
39
0
0
0
101
12
4
2
27
0
2
2
0
8082
8
8
1
1
2
171
34
36
2
0
4
193
11313
8
5106
0
2
2
3
10
29
0
0
92
72
3
1
9
54
49
0
0
0
27
3
0
0
0
0
1
0
71
18
28
11
5
0
24
1
242
80
0
45
0
2008
1
73
0
1
14
1
8
3
21
2
28
23
0
13
0
1
0
130
212
0
4
195
46
0
0
46
45
12026
35
1
1
3027
2
0
0
0
56
2
1
4
383
97
1
7
5376
0
0
0
0
0
1
3
75
215
600
208
0
0
2
64
26
0
0
49
31
0
46
14
16
13
468
3772
0
341
21
1971
0
0
0
0
24
59
17
1135
2
1
51
1
15
2383
4
62
2
0
6
5
16
0
1
323
4880
0
159
9
3
2945
0
161
0
3
20
0
6
0
0
516
0
0
4
2
5
0
5
0
51
0
64
0
442
67
4829
0
72
2
0
1
3
0
18
0
0
0
36
0
0
72
20
1641
1
0
597
210
456
8
0
0
0
12331
1
3
108
0
0
1101
52
0
0
0
13
2
6
687
107
182
12
0
0
0
6
0
0
24
57
44
25
1
41
0
2
0
0
0
0
0
4
0
1
1
0
175
0
0
0
21
110
0
0
0
69
1
1
1099
1
6121
57
2
4
32
0
11
82
528
191
0
0
195
708
15
254
21
0
1
49
0
30
0
0
24
0
0
2
45
4
502
3661
1439
0
8
0
102
33
242
28
7
0
13
1
0
0
0
25
3
0
9
6
1
58
0
6680
514
0
37
340
2
0
87
299
620
95
2
0
6
0
692
4784
0
0
79
0
11804
123
4
0
7
11
0
0
0
0
68
0
19
4
0
14
0
7
51
0
492
93
123
0
0
0
5897
0
92
0
0
4
0
1
3
2146
0
2
1534
0
28
1
0
211
6332
21
8640
2
487
1
8
1430
3
9966
0
15
285
16
0
135
8
1099
1221
3
414
0
0
186
4
2
3
0
0
0
7
1
9
112
0
70
917
1
23
4
10
0
2
151
1
0
35
1
1
2313
39
1
35
6
7
7
1
1
40
1
0
54
0
133
0
0
84
0
1
0
2
327
11
1970
10
280
246
0
1
70
3
0
2
12
2
1
31
2
1
0
39
1630
0
32
1
35
1
5
7
33
1257
0
0
85
27
3
0
3
0
0
4
145
0
2042
3
10
0
88
3
5
0
0
0
0
8
4
1
1
3400
0
3020
0
1
560
334
12
1
112
0
0
346
44
530
4
118
0
0
2295
1
883
1
0
0
47
4
441
0
0
393
26
0
0
0
0
24
0
10940
0
0
0
366
1
1070
55
0
5
0
1
530
622
17
215
0
6
64
91
0
0
0
461
112
108
1720
47
16
3
1
0
19
287
0
114
10
0
0
10
1
0
13
5
29
180
0
0
2
20
6944
331
22
142
0
0
1
11113
1
684
2
2
2
0
2
4
27
1348
1
10
0
14
35
0
0
6
15
0
0
0
3
5
1
2014
0
0
1823
0
1
2
30
92
2
5327
0
0
268
206
0
9
1
0
8
16
0
0
3
0
22
0
290
3
2
3598
149
14
29
435
0
0
22
5
1917
15
231
12
0
0
3
113
2
70
0
0
3
1
8637
28
0
1
10
4343
1
160
0
12733
0
9
1
0
35
0
183
3
0
5
3
1345
22
2398
50
17
56
0
0
0
0
0
5
746
0
11952
0
1
0
1
404
0
0
0
8
2
23
884
0
2
2
8
0
0
185
0
0
1
0
70
179
1
64
1
3
35
48
7380
122
0
6198
2
0
324
7
5
1
5
0
13
2
2
1
0
3732
1
0
423
4
1
1
7287
64
496
0
2
52
3
130
244
50
20
4954
0
1
0
2
0
795
0
33
0
4
12
7
0
15
5886
303
0
82
0
9198
0
0
15
3
0
399
0
0
0
436
22
0
1
1227
1
2
14
1
15
20
30
0
247
0
1
17
1
5
51
0
693
0
1
2
0
0
33
0
1
450
1
1
1121
0
3
601
78
0
4239
469
105
378
15817
2
14
65
14
90
0
0
2
26
2282
360
225
0
425
0
2
100
2
25
0
288
0
73
1
865
5
59
460
6
8
1
0
0
112
0
0
0
0
1
5526
0
2
0
1
1
5
3
6
0
170
4
14
2
137
58
0
36
49
107
7635
1
3694
0
90
0
95
95
3
0
15
1
0
15
31
0
486
0
61
77
0
6
2
1
25
2167
0
6982
28
74
1
175
770
0
14
7
10
462
89
3344
2
0
0
1
988
4786
0
0
1753
0
4
0
0
0
0
697
2
3
1
0
3
0
17
510
103
0
0
28
0
0
0
4
4127
9
27
7
0
0
679
44
2
2
0
62
75
2
626
2
0
0
0
2304
3
1
0
72
0
80
0
0
0
0
0
3
60
0
2105
21
3681
41
0
420
0
0
0
179
2
25
0
0
1
13
1177
2
2
0
1
1
2
7
0
0
1
17
11
0
103
0
95
8
0
0
205
14
1
437
0
0
2
3651
1682
7
6
0
0
3
3
2
14
0
0
3
2
0
2
0
77
2
4
1
3
1833
0
0
2
58
1059
22
11
1
2
480
3
2
0
0
38
1
1599
69
50
18
1
125
7
44
0
9
0
1544
2
977
0
21869
4298
2568
13999
1110
15335
7545
13288
1887
320
5659
6285
24277
160
404
6
25890
440
895
440
10
40683
6419
9506
8106
320
28737
62
3566
48
0
140
34501
12859
5104
187
12
13906
160
11471
28788
87
8787
163
2045
23470
12859
5470
4220
12859
12859
8651
67
67
3326
73
509
5104
69
4494
4220
185
3154
3274
33
49
0
13752
304
277
0
477
40
12852
53
188
69
1831
6697
642
6
394
1
784
105
1670
80
2347
7552
1372
0
611
28
22
2886
27
23
4200
0
11743
131
10131
8665
6
19
11491
3
25478
1744
162
109
93
70
2495
291
8163
2569
2569
188
0
73
60
559
9
433
0
345
6490
0
104
892
4464
893
145
90
1
377
3708
1178
9
0
6469
0
84
1529
3
85
4
2
0
13092
284
0
22
1
21968
1
187
24
10
2324
1
37
13771
0
72
0
4690
22564
1
9134
571
2
54
4
45
1706
2
25
5
9500
149
15397
0
0
17
52
111
263
33
0
68
3
1855
11
98
1611
870
0
33
175
16
16
1209
17461
0
125
4
234
29
371
34
733
279
12
0
12322
34
1986
21
42
1294
195
376
0
1250
55
33
0
1692
0
3213
1171
8
3386
18652
4
71
14435
356
26533
417
2
17894
106
111
11
3239
0
90
1
397
3130
308
35
0
4
2
10298
14
755
1
25
3
0
3002
1
75
4
57
2
61
23
11
5
804
2574
0
405
0
1978
3358
0
0
0
0
1558
22349
132
0
559
89
468
43
0
6
2
8
23
1
0
2896
206
325
1
1
9
0
1087
13
0
7280
6
0
7
0
1
11446
512
159
394
2
588
9
9
12
0
29
214
0
132
0
152
0
2
9
446
0
0
11884
10
445
1
1
0
147
0
14153
2
234
2
0
2291
178
1459
119
2489
5655
10439
66
1
27
0
805
172
1014
1
40
0
0
3736
46
2
11528
77
0
0
9
65
0
0
0
66
5
5227
297
0
33
202
162
483
0
19
24
0
238
2
7
8
1
1757
0
170
1
858
0
0
0
0
7375
95
8
458
22
0
3
633
35
985
1
2
27
7
1
4
20
0
6
401
2
4
2
0
1
8
15
32
0
266
0
0
1520
0
0
1
2
15
11431
1112
1
8
13
2013
3811
1
53
417
46
2183
3
0
0
1
0
1741
542
161
1742
0
0
405
877
550
2
42
21
0
4
1428
2043
36
4
211
117
3718
0
218
3
102
113
916
109
17
1
0
1
17
3
180
1977
86
26
114
1464
1
438
45
1130
2
0
1
8
3
190
3099
1091
156
4
17
238
4652
0
0
18
19
0
113
15
22
226
1012
1
2961
65
1105
2
0
68
0
72
3
2
79
0
0
0
4
4
3
0
0
18
645
0
4089
38
8487
25
0
0
0
0
0
11
93
4
3
31
2
0
265
20
1196
0
82
0
1
1
30
0
0
0
0
1
67
0
0
1
0
1
0
110
101
401
0
72
690
2
1
2
1306
1610
40
1
2
11
1
1990
15091
0
0
0
3
726
0
59
12
0
15
3319
45
0
165
1
1
0
40
1
1
9
144
7
2681
43
377
0
0
4
0
3
1
4
144
0
0
41
221
0
5
20
0
0
503
1
0
0
407
58
21158
88
1
72
0
1825
2
1
0
0
170
1723
1148
0
4309
1
0
0
26
382
0
0
3
0
4
113
99
0
2
0
0
0
12
1
0
0
1
171
96
285
2
3
6
5
4
43
29
501
2
0
0
0
2
0
5
31
0
2
0
875
1
247
13
0
3934
357
0
317
70
15
1750
42
463
105
5
3
17
1
49
218
68
0
1
0
10
74
2
235
2
0
36
8
147
2
0
44
0
119
9
0
290
0
1
0
125
16
1
225
4
35
13
0
143
12392
0
0
0
524
0
2
378
1165
1
0
0
0
1
3526
6
1
2
0
244
0
5
0
1306
1
583
0
67
1
6
2
11
0
93
4738
1
1927
5151
0
473
1
2
178
2
0
0
19
0
0
0
2
0
17160
11667
0
3
2
4
369
15
5
65
0
0
9
11
8
4
14667
1165
10
698
0
1712
0
3
3059
0
0
0
16
966
25
76
2
0
104
3
289
1520
225
400
23
0
0
2
15
0
120
917
0
0
1
0
324
10
0
3
0
0
2
262
0
0
0
0
0
4
0
2
0
0
245
10
19
4
2
0
2
0
97
0
517
28
0
93
0
1
0
17
13
2
105
1
90
2
0
5678
3885
0
18
0
85
320
1
17
49
6
0
13110
497
3544
1
1
3
2
170
1
0
12
0
0
348
15
126
1
67
21
148
0
1
3
1199
30
1606
0
0
53
0
31
0
0
2
112
847
3
0
0
0
0
4
19956
94
9953
0
0
958
18497
660
15
3
0
0
2
0
170
0
2
1
3
0
116
1
2
1341
27
1
0
0
0
1
1128
4
6
3
1
0
0
20
114
210
444
2
789
0
0
10
2
6
1
31
11
4
1
125
1870
103
0
1
0
744
35
1
0
237
786
128
2
0
296
16
3528
1
1
127
2
0
159
1361
7
0
4
11
0
57
289
137
1
0
0
0
1
28
2
0
1
208
0
0
0
1
2
186
0
2536
0
0
57
0
0
2
44
2
6
0
2
0
1
0
98
0
3
2
0
1
381
2
1
1542
1
10
98
0
6
5
14
0
48
0
1
602
154
0
27
19
7
895
1
0
0
99
1
3
0
12
3775
0
133
86
972
24
0
1460
5
0
0
1
4
0
743
0
265
1
0
2
22
78
4
1
0
0
1
130
1
0
0
47
3
0
4
67
372
269
0
276
67
26
673
3
2
0
7
0
3636
2394
0
0
0
1
164
2797
195
0
32
0
2
0
43
0
2077
10
128
219
419
262
50
1
0
0
13
401
11
26
11
0
2127
2
52
16
2
0
5
1
1
7
0
0
0
0
65
71
10
6384
0
25
0
3
0
0
0
0
2
17
3341
0
0
11590
169
979
3
2
17
100
0
182
0
58
0
536
23
0
0
226
0
18
0
0
0
2
8
51
1
0
0
0
0
4
0
16
4
1
67
1
21
10350
0
2
0
5
22
1
268
5
1
0
0
90
275
0
0
14
1282
2164
92
5295
0
0
0
8
2
2101
5
12
0
1076
0
1
0
3
1
0
49
4
8
1
0
0
1742
0
5
13712
1
0
33
1
0
568
0
10
0
0
0
0
17
0
36
0
18093
0
0
6
0
0
1
12108
1
287
2
3892
0
0
315
0
0
2754
26
0
849
0
13
53
420
5
16
6
58
20
12
0
1
2
0
18
603
2556
2784
2
1435
10
5
0
1
7
0
102
2
1
650
2
2
1
0
0
0
19
1
4
3
15
1
52
4
1
0
0
0
0
11
223
46
0
570
1435
69
296
23
0
59
6
34
13
2
110
2
1
3178
0
0
0
1
302
0
0
0
0
35
3029
2
4
73
3
1
234
0
1
0
5
1
2
1
5
66
5
0
0
0
0
0
10
13
7
296
0
0
14
2456
25
11
0
14
0
4
1
0
24
1
0
0
673
74
1450
0
219
2
2
282
0
155
0
69
0
167
1
1
17
0
0
579
2
51
13
1
113
0
1
0
0
8
62
56
0
9
1
0
578
0
2
0
0
22
0
0
1142
32
1
13
5
0
2
4
0
0
0
4471
24
0
14
0
4
0
27
0
6856
0
0
0
0
0
42
2
140
15
12
3
0
19
2746
0
2
0
4021
9508
0
0
147
10
15
85
86
0
3282
2259
14320
2836
81
6
3
1
3
1
1
0
0
0
0
3
2
19582
111
0
0
3
1
0
43
0
30
8
3
22
2927
1
2
3925
99
23
0
1
0
0
1
0
32
107
1
18
85
12
0
6
0
10
1
0
0
3135
8191
0
0
2
2
0
8
0
79
3
13
0
2
0
2
0
3
156
59
0
20
0
26
11
0
1
0
0
1
0
2265
2
128
0
0
15
0
0
32
714
0
112
15
979
25
20
0
0
150
11
4
3
28
1
0
1452
0
521
939
49
25940
1
26
0
281
0
1
3028
0
2
0
3
0
57
42
3
0
56
47
15
0
0
386
0
0
0
0
0
0
17610
0
23
0
36
61
29
2361
0
0
0
0
0
4
8207
987
3
1
1
186
0
1581
0
2
0
15
274
15974
0
0
12
7
433
0
0
3
0
3
33
7
726
78
3
0
1
0
10
1
5904
309
0
1
1
3
0
1
3
1
0
12
0
1
0
4
131
2
3
53
117
104
3
1
458
0
0
0
504
1187
6
4825
4
0
2
26
1
3664
0
4
136
0
4
1686
7565
0
372
0
0
11
0
0
1400
4
0
31
0
3
0
0
0
0
32
3
1
0
0
1
1
323
0
0
2
1
0
1
6
5031
0
1
1
0
312
0
540
1
0
0
1
0
0
727
125
0
84
129
1072
1567
58
24
1
10
0
0
3
0
1231
0
2101
7
0
0
814
9
0
15
31
0
1666
1
0
2
1
27
0
0
112
1
56
3
1
1
26
0
2
0
0
0
0
6
1
0
0
2
1783
0
0
1
4
4
0
0
0
537
0
0
3
0
17
5
0
0
3
3435
1
191
4329
114
1
117
0
0
6
640
0
0
0
6
88
962
1
185
0
1
67
0
0
8
16
0
0
499
72
29
0
224
1
0
1373
0
6
11
2
0
0
0
404
0
0
10
9
18
0
4
20
0
6
2
0
0
11
0
9392
4
0
2
263
0
0
20
0
2
9
2
1659
0
0
4
139
0
0
6
3
9
103
4
2
0
0
24
10
1
16
0
1
10
7
0
1152
1249
2
19
66
39
19930
1
0
0
2
0
659
0
0
0
62
2
0
0
1543
2
187
0
0
2
7689
215
1350
67
0
169
4191
4852
48
1439
103
5536
530
398
7227
48
48
13204
218
73
147
37757
3542
3566
8578
0
28
18728
13061
0
5104
5104
3542
3566
5104
662
249
3566
28
75
1612
3045
1612
1612
1612
6201
302
1612
180
1612
28
75
1612
3045
1612
5215
1612
75
75
1612
75
839
1612
75
6
382
12012
4551
826
497
84
29
16249
18
71
1773
727
7149
2154
14724
19745
2117
9919
0
6
6
185
284
12
1940
477
6532
12
1940
0
0
185
3635
0
172
71
2163
1323
0
11
0
11
11
11
111
517
11
295
11
9803
0
11
0
11
709
11
0
533
11
0
57
11
0
800
1
29
5317
3338
0
0
165
9
3
0
1357
0
264
20
51
652
6
0
78
2
241
86
0
20
6081
470
0
13
352
333
333
50
13
333
14
9072
50
518
111
0
7
0
128
0
0
79
0
0
0
58
111
0
7
0
3
0
111
17
30
111
0
30
111
0
67
36
2219
11084
8
19
3
85
7
325
24
0
0
229
2
273
42
130
88
4169
28
1361
365
6785
20
92
216
0
202
314
4576
5053
205
222
139
20
78
0
208
26
0
26
693
0
158
102
26
140
0
798
208
26
0
26
1
26
656
44
886
31
1
48
656
3
0
301
2
1
1773
493
2
29
27
5262
169
0
0
1458
5
34979
6
186
26
275
21
168
1184
0
389
24
1304
7919
9660
133
10
0
146
66
3610
0
191
421
227
808
7
629
2
0
1805
4
1057
65
28
0
227
808
16
629
0
73
139
0
0
0
90
36
139
19
29
0
1
0
294
222
0
8
0
1512
3
16
1764
330
129
158
17441
0
0
112
2767
0
2
335
175
23719
13
0
0
301
3255
247
2
36
0
2
283
131
0
6
1
0
1
38
157
0
0
0
1443
3
0
6
1
0
1
37
0
0
0
0
34
1
0
45
15
0
0
272
0
0
154
24
126
12
1407
23
4844
20
417
6
1
75
0
1
0
148
20
2421
22
0
134
700
0
396
1
3921
70
204
311
0
122
0
0
0
8
20166
0
98
0
0
0
0
4
76
0
0
22
1298
34
1
1
225
387
0
0
352
1
0
1704
0
10
621
2
196
0
0
374
5712
472
2098
4
184
5
9
1693
5
0
2221
35
713
2
64
10
395
123
2995
4
26
0
4
0
28
6466
22
9
0
174
0
0
0
1
40
0
66
453
0
16
2676
174
0
0
1915
16
322
256
42
0
0
0
0
256
30
0
295
0
12
129
2096
6
104
197
18
254
0
2
4070
12
0
3
3
95
1
0
0
0
240
15
2309
45
5
0
8
0
268
0
1
14
0
2
1
1
30
56
9278
35
1
91
81
0
0
1
10
1
30
18
698
0
0
9
0
9
0
0
367
9
217
48
0
9
132
4
775
108
4475
3
6
4308
0
0
5
2
735
45
0
97
0
1555
3086
0
60
0
40
67
303
5
287
8
49
23
0
2619
31
0
20
1
0
0
71
0
286
17
0
11
0
40
0
1
0
0
0
0
410
1
2
0
7
4
0
1
1714
83
726
0
9
0
4
2
216
181
7
0
0
162
0
16
11
47
0
0
222
17
2
0
2
0
0
0
151
4
45884
0
61
160
0
9
0
32
2
0
0
13
1
1
0
0
2
0
7
0
1774
0
0
40
0
0
0
0
434
11
636
616
1
0
101
10
0
0
1
0
1791
0
9
94
247
2
5
1576
6
1
1
0
0
1
180
0
2
39
132
691
17
0
226
22
241
12
0
0
1
1
2
1003
7
3
0
3
0
2
456
0
730
25
830
0
178
3
0
3
2
2
1
0
3
0
0
2
166
0
0
0
2
0
1
28
1
23
6020
0
1
4285
0
115
2132
0
102
76
294
0
66
0
8
1
49
108
0
1
16
8
213
13
0
0
3326
0
0
0
12
0
1
269
0
0
0
0
3
0
0
0
10
0
1
192
37
365
147
34
0
5
9729
1
2307
34
5
554
0
21
126
0
28
0
0
4
348
1
54
2
0
70
83
151
1
14817
39
8
2
0
3
1
73
221
1
0
92
0
0
0
0
7
4
3243
0
1036
0
1263
1
1
2
7
0
5
6147
0
9
1036
0
1363
0
0
2434
2
0
0
0
0
2
2
2
0
1455
0
0
1
257
84
14
134
0
176
0
57
2
41
6
241
0
4
42
34
70
2
0
0
0
0
0
0
0
1
1
247
0
14
0
3
10
0
37
0
37
289
124
2
5
0
3
0
120
0
37
0
0
14
2
2
50
2
8
0
0
2
72
29
6639
0
0
0
0
1165
16
0
88
868
413
0
12432
4
11
0
1
0
958
7
1
9
0
0
0
0
2
0
0
30
21
75
0
1
0
4
4
0
0
0
0
0
2721
2
32
11
56
76
0
0
0
0
1
1
0
0
0
0
165
31
1332
0
31
202
26
0
27
1
441
139
0
0
5516
23
2
64
0
0
0
0
0
0
47
12
0
0
208
158
1
18
33
761
3
9
0
1
0
3
0
6
16923
7636
2326
1
0
15
2
1
0
0
7
0
0
20168
2326
0
1
3
1290
7
0
58
31
0
13930
7
1
387
3
0
0
0
1376
5
3645
0
685
1
0
79
0
82
1
0
7421
0
0
14
1
1
0
131
36
0
0
73
4
5
0
0
0
1
0
3
394
1
487
37
1
1
0
5
0
37
0
2030
18
2
77
39
1
0
1641
0
1
2
1
0
0
0
89
0
0
0
0
106
0
18
0
3742
6
4
1
0
206
1407
8
4179
0
1
1
10
0
0
163
3
7
0
1
0
0
0
0
0
0
1
0
4
8
0
30
52
1
3
1217
0
1
3
0
1
3
0
286
47
1
0
5
982
2
0
0
0
2
982
0
607
0
0
0
1
2057
16
262
1257
711
14
57
32
3
335
1
1
2
0
24
26
0
0
9
0
0
0
6
227
34
6
0
24
0
0
22
3
0
0
1
0
1
0
1170
1207
1
0
0
157
0
0
0
0
1
0
7
0
0
0
0
1
840
0
256
0
0
0
871
810
6
2
102
0
97
13
22
4
2
0
2
1
0
2
0
0
0
0
1
0
0
0
0
214
83
423
0
0
298
18
0
44
0
0
0
0
1
0
5
1
0
0
103
3
0
0
0
0
12
1
98
0
1
0
1
0
1
0
1
0
0
0
1
50
194
0
0
1
406
1
85
1348
0
52
4
363
8
209
8582
10
0
0
0
394
2
53
2
122
33
0
0
658
1
2
0
1
117
29
0
0
1
0
790
0
5
0
0
0
164
28
0
0
0
0
6
14981
0
0
66
448
5
23943
1
2
357
2
2
6
2
0
2
0
3
3
2
6
14
483
0
0
474
3286
5
142
2
6
7
9
8
0
0
281
0
137
0
13
0
0
0
37
39
0
0
7
11
1
1
16249
0
0
0
0
6
0
0
7
626
101
0
0
331
3
0
0
1
1
71
5
405
40
0
2
0
5
0
1052
914
0
0
3
0
0
1
40
3
2
0
9297
16
0
7
0
73
5102
0
3
0
212
0
1
0
1
23
3
0
1
22
1338
0
0
0
0
136
2
0
0
0
1
23
1427
0
0
0
0
62
25
0
7525
0
0
0
141
14
651
0
13
0
14
1174
4
921
398
193
0
27
0
40
23
14
11366
2
6144
1868
4944
2
1
0
1
0
0
0
155
255
0
40
85
1
0
15
0
0
1
7
86
0
0
373
23
0
57
9
0
0
1
0
3446
0
0
581
0
0
1117
0
0
4
8
0
0
0
2
0
0
22
265
66
69
4
1139
3
0
8392
0
0
12256
4
4
8
87
2
24
0
3
12
86
310
1626
0
4
348
0
5
0
291
71
0
0
0
0
0
0
6
0
10
0
288
70
0
0
0
854
2
0
0
1
0
3
0
0
4
0
37
0
8
0
7
3
0
2
0
279
0
213
2
196
0
2
0
2
151
10
0
11774
2
0
0
8
0
155
0
1
0
8
0
92
0
1
1
0
0
0
0
3234
1
0
0
0
1193
0
2
0
0
0
0
0
35
0
0
1
0
0
67
0
0
772
7641
0
2
0
23
0
148
0
0
17
4
0
0
0
10
173
0
61
503
0
1
14
1
24
25
120
0
0
2409
0
1
1
0
63
13
0
0
9
1
0
0
12
36
0
0
1
3
0
0
35
1
0
1
0
0
13
0
1
0
0
0
12
0
0
14
0
0
53
71
0
0
0
30
142
5
203
49
3
2
0
42
451
0
570
0
4
19
0
0
0
4
0
13
0
47
2
0
282
0
2
0
0
0
27
0
1
0
5
0
1
1
1
0
0
0
27
0
0
0
0
0
1
1
0
1
0
0
1
6
151
9
0
95
0
827
14
1686
2
0
25
21
2
0
2347
305
4270
2
105
0
2
9
0
0
2
10
24
36
86
56
5
10
0
13
199
4
0
75
0
1
0
0
0
0
0
0
0
5
0
71
0
0
0
3
2
35
911
10
9
3
2
1286
14
0
1
132
4
418
0
1
0
2
1597
13
6
0
16
6
1813
61
1
46
0
0
10
43
160
3
0
2
71
47
0
0
1
0
0
2230
2
14
0
0
0
0
0
9
2
5
935
0
2
13
0
0
0
0
3
151
0
0
1
0
0
195
0
0
181
0
0
0
16
0
3
6
3
2024
5
49
4
2
0
6
0
1
1654
0
79
0
3
1
17
5
18
0
10
5
1
0
15
0
0
0
264
25
0
0
0
0
0
94
0
0
1
11
24
29
0
0
0
0
0
2
57
0
0
9
0
2
54
75
1612
75
0
27293
0
2286
9906
1612
1612
1612
848
1035
1035
11
1035
180
75
5215
1612
75
1612
1035
1612
708
0
75
138
188
1612
3274
1197
302
18272
1612
1803
708
75
1035
11
1035
1612
12859
1035
1612
77
839
1612
14066
6326
11683
14353
11267
38622
12122
1882
11090
7636
1464
8653
2691
27734
1621
1621
454
11
0
8204
2252
8204
71
1636
11
11
11
1017
230
537
1877
1371
295
0
352
11
0
1023
136
11
23
8204
0
1
10
1023
6490
154
517
519
11
0
23
0
537
1050
1410
11
2142
50
1023
1644
3876
11
4308
36
2
0
765
400
359
11
1
3
4
3
0
8
5
5
77
30
111
0
456
0
0
15
0
0
0
0
0
4
198
0
0
111
0
0
111
627
0
30
2224
0
111
50
119
1791
0
10311
5471
1
0
4315
2224
111
4
354
0
0
57
0
75
1029
0
0
177
11
28
0
3
3
0
35
19890
16
0
6
11
97
19
19
37
886
31
0
0
0
68
0
0
26
0
30
1
0
9
1676
140
31
0
26
31
2
6
1649
11
0
31
0
901
0
70
276
253
47
0
0
11
31
0
5
1821
0
0
219
0
0
1
0
411
34
16
15
30
2
165
0
502
13561
1143
14954
1067
56
26
694
0
0
0
0
1
114
56
1
28
196
0
32
173
0
0
7374
65
0
1
196
0
0
1
0
0
25
0
53
202
5843
7
18
80
70
0
125
0
0
0
0
5
28
8
5
6
0
76
0
0
7
42
15
4
70
129
8
1
0
141
17302
89
63
577
9
0
0
0
0
63
478
0
50
1697
0
38
1404
21
78
21
0
0
0
77
0
0
0
0
201
2569
124
0
362
0
1
0
0
0
0
0
69
2569
4
78
29
39
1380
2
9
58
1
38
38
7369
10
3800
52
12405
106
0
25
0
1
3
1
0
0
0
825
209
387
0
164
18
2
7
60
2
7
1227
16
0
41
0
0
0
0
75
23
0
1
0
5384
5682
0
0
730
0
209
0
1
0
0
44
0
971
56
41
0
0
0
0
0
99
64
1
1227
2629
14
29
3589
2
0
95
823
1
4
444
18
59
28
0
0
44
0
0
1286
0
0
77
0
0
0
0
0
1
0
25
0
0
5
30
0
5
23
1
7
163
62
5
350
139
6
200
57
0
0
366
0
32
0
0
28
0
7810
141
0
1
72
1
0
0
0
2
8
0
543
19
424
0
684
5368
78
0
13
8699
47
0
0
0
2
0
0
0
0
0
0
156
2572
7
0
3
1
5
88
0
0
1376
1
44
0
28
828
269
0
23
0
18
8
0
5
0
0
17
413
0
4
0
1
8
1
0
0
1
1629
1
0
29
421
2
0
383
1
0
1
2
10
116
0
708
0
2
0
7
1
0
29
84
0
1
0
6025
196
0
0
821
46
803
35
0
0
0
1
42
1120
17
13
0
0
0
0
0
0
72
756
193
2
26
61
0
761
0
237
0
40
0
0
0
51
11
80
14
19976
13
193
1
12
222
2
0
2
50
3
0
18
423
24
636
0
2
10
0
2
20
1
7
9
1116
1
918
39
0
1
20
1
0
0
1
8221
0
203
1420
1
0
1
5
1
87
3
45
373
4998
0
1
852
42
17
0
20
0
0
0
14492
92
0
337
1599
2
0
1
10
0
2
1
3057
0
374
0
6
3
0
0
0
12
30
0
283
0
33
0
45
0
37
0
2
28
350
2
23
313
0
0
131
0
1
69
40
0
104
519
52
0
0
0
0
1
6
37
0
20
0
176
1
2
2
2
37
0
10241
36
8
639
0
9
1
9
4
8
163
2
4
0
3
0
16
9538
28
23
0
0
0
0
0
1243
83
0
0
0
1
0
0
0
0
0
0
0
14
1
0
700
67
6
2
2
0
0
0
0
2061
0
14405
0
0
2
0
23
1
30
1331
30
0
17
66
0
0
0
26
0
2
20
0
0
0
148
64
0
2832
0
0
6890
0
1
0
0
0
0
0
270
1
6140
1765
2
0
89
466
0
0
2
0
3
20
0
0
0
0
1327
2
0
29
0
0
0
0
1
18
1765
3
1
1
1
35
2
2
0
0
1
0
9
7
43
0
38
1
2
293
33
0
1
36
0
1
42
14
2
0
416
27
46
114
0
1
12
0
1
69
45
0
0
0
0
0
0
1
802
1
0
1
0
0
4
1
0
0
2
74
1
1489
0
0
417
41
1
91
6
0
1
0
68
4
31
57
0
162
17
0
4
10
0
0
3
0
61
1
0
0
0
0
0
0
0
3
0
0
1
1
25
7
0
206
56
0
0
2
9
199
27
22
2
1
86
31
0
0
1
0
15
0
268
0
15
22
0
0
38
57
3
0
484
23
1
0
12
290
1
1
0
367
951
0
1
671
45
14
2
0
0
9660
0
0
0
49
0
0
474
0
0
3
1
3
117
0
0
0
0
2
0
137
2
3
0
0
1
0
27
0
1
3
0
1
7
0
0
0
0
0
56
0
0
0
1107
0
2
0
0
1
48
16
0
22
0
44
4
75
1
0
1
0
36
12
0
131
0
2657
1
2
1
0
0
0
0
0
1
488
0
0
1
0
0
15
0
2971
3
0
10
37759
0
0
0
0
82
1671
0
2
50
3
0
0
0
0
22
1
0
0
3
0
0
0
1
31
0
0
161
1484
20
43
9
7
45
20
26
0
3
4
0
2
3
5
2
0
58
307
2
0
204
26
25
2
3
42
14
0
0
0
1
2
0
4
0
0
0
1
4
0
0
1
17
29
0
4
112
0
0
0
0
84
0
0
1
1
0
0
90
0
0
0
2
55
0
9
2
0
0
13
4220
2
0
73
0
10
3
0
0
0
0
0
123
12
3
0
0
1
0
25
0
1
7
210
118
0
7
13
22
5103
8
54
345
43
0
0
0
1
0
0
0
0
0
148
3
0
1
7
0
0
19
1
0
0
0
1
4360
850
40
405
1
44
1
0
37
0
0
0
104
67
1
177
1
0
0
11
526
2
0
10
25984
0
0
0
1
46
1912
0
0
1179
0
0
0
45
0
0
2
0
0
0
0
374
9
1
8
1
8
0
472
0
45
2053
0
3
8
3
0
0
1
18
0
1282
4
785
165
0
56
2
24
26
1
105
2
92
0
5
0
0
0
0
2
0
0
0
0
0
1
5
0
0
1
0
2422
17064
1329
0
36
2
1
1
0
25
0
1
0
0
3
0
0
0
552
0
2
0
0
1
5
36
83
0
51
0
5
0
788
3
0
1
0
53
2
0
1
0
0
0
0
0
88
0
295
2
0
14
0
1
17
21
5542
1
37
313
80
0
0
0
5
487
1
1
2
0
1
1
0
0
0
15
2
557
1
319
17
3
2
0
0
36
0
0
0
1
0
1
0
1
0
0
54
2
117
0
0
4058
49
0
85
199
0
229
129
0
1
0
63
23
0
0
962
10
0
0
46
0
0
1
0
0
0
0
19
1
0
3
0
0
1
1
6
0
80
0
0
0
0
2
0
0
0
0
0
0
0
0
1
299
0
0
5
1
0
0
0
825
1190
0
24
781
1
6
6352
9119
306
0
37
0
0
53
628
0
0
0
5630
0
0
15
2
0
0
0
16
1
0
2
1
1
16363
0
0
1
0
0
6
0
0
0
166
2
0
0
14
299
0
0
9
38
1
0
1
0
14
278
0
0
0
0
66
6
1121
1
0
0
0
4377
1
0
0
244
4
9269
0
6912
0
1
1
0
1
1392
1
2
0
0
0
0
1
0
27
0
1
0
3
5
0
21
305
3
42
0
0
0
0
130
16
2
0
941
0
2
4
3
0
24
2
640
3
2
2
2
0
0
8
3973
5
1
0
0
3
1804
4541
0
16
0
2428
16
0
3799
0
1
10
0
24
0
3
0
0
1
0
4
0
81
0
0
251
0
2417
0
0
0
0
32
0
7
98
0
13
2813
2
21
25
2858
1
27
113
0
79
0
0
0
0
0
1
0
10
3
2
2438
1322
0
0
0
8
0
1534
2
3
18
0
1375
12
5
0
1
0
0
79
0
0
0
0
0
0
7
0
0
0
0
1
0
0
442
0
0
16
1
0
0
0
1
0
1
2
1
0
1
0
1
0
0
0
0
211
2
0
3
20
2350
877
61
410
13
92
0
4
5
5
0
0
0
0
2205
5383
0
11
652
0
1
226
85
0
15744
7
0
22
335
3
21
1
0
0
0
18
0
1
446
128
0
0
399
11
0
9
1
5
0
1
0
11
0
0
307
0
0
0
0
0
93
0
10
0
62
1
1
6
3
718
4
14
0
3
14
3
1
4473
296
894
26
0
5
34
898
0
0
0
1
0
0
0
0
53
0
3
116
0
6
739
108
0
33
0
0
3
0
3
0
0
1
0
1589
4
1
1
0
0
0
13
5
132
0
14
2982
22
1
4
401
0
219
0
0
1
83
2
0
5
9
16
28
317
0
1
5
62
1788
0
1
0
3575
0
2836
314
2
0
19
1
0
0
0
1
563
3
0
0
0
0
0
0
719
0
277
25
338
0
714
0
2
0
0
0
721
3
0
0
1
0
1
1
0
0
9445
0
0
12
0
491
0
0
0
0
1101
278
0
3
5
21
4
6
0
0
0
0
4
0
0
58
29
0
0
309
3
1
1
1
1
0
0
0
0
0
0
0
0
0
3
0
0
0
127
45
0
0
32
1
0
0
0
9
1
2
0
2
2
49
8
0
706
0
304
1
1
447
10
7
0
5
10235
0
0
2324
24
4118
3
24304
11181
20459
160
5918
3086
5104
0
8514
11658
5302
1621
320
320
11953
9548
261
18996
45295
30005
0
7840
9524
320
32666
7496
5104
33931
766
160
10125
11050
5302
7248
13046
0
29989
9643
160
1978
38
1193
11
24181
5104
3775
4200
13604
10586
17518
45752
7858
169
12859
0
1709
8538
17927
5104
320
4769
274
274
7891
922
6
2081
1395
6
93
202
484
0
7822
0
5
323
17407
3
34
147
2
132
0
826
1037
0
48
1
8398
12495
16
0
9
823
7480
0
8855
7
982
2925
0
1
2
2
28
6476
138
182
685
40
34
13
12
0
58
557
2347
31
12759
0
1
27541
768
21
1017
93
5758
389
0
20
20
704
637
1
0
7730
2100
12123
19
6
3
31
11
0
188
7677
208
507
841
17948
33
0
49
3
29
27139
0
0
0
602
1
17
6
364
4
361
5133
46
5109
0
28
14325
6
139
849
37
612
0
334
1648
0
61
0
16
11
9
23
3
5
9
0
44
8
233
34
0
56
9333
0
82
2
332
1013
21
19
12
1
31
1
1
0
3600
1
316
61
20
0
876
196
5
16549
97
0
40
225
17
0
0
0
1
16126
0
184
5
18
9
13
1205
1572
1
139
933
0
3
889
50
11
2524
6771
0
516
468
0
6027
3565
15
56
5
2
146
272
615
27286
0
54
2
378
0
43
0
11214
11
17017
548
0
16
2
37
9
438
0
20
0
2
8
4
3
0
56
1
6
1112
53
0
0
11
2272
8
10
213
3
1
3
23
1
207
10
4
12
1
0
4782
35
3489
152
4
632
629
803
0
0
97
0
0
2879
3
2333
1407
22
187
1
2
2
58
669
154
168
1
320
1506
57
1801
35
5
412
4611
23
41
1
285
13
24283
1
8
33
0
671
142
0
9
0
154
10
0
11
9
250
0
219
4
46
1280
34
5
76
43
0
72
6
2
67
0
184
0
5
14
102
3556
1
0
7974
6
11
0
0
198
0
5
0
0
0
5
0
2
32
14
0
0
499
457
7
2
103
0
461
350
497
1477
0
6
1
3
0
0
1407
2022
76
0
0
0
15
24
1
2
90
16
3
22
16
31
0
3
90
12
3
1235
4
859
1
29
157
0
0
3184
4
0
26
0
0
6
0
84
0
680
0
187
6003
0
7
0
8
6
2
1
0
2
224
190
2
22
2
153
48
3983
0
0
689
9
5177
0
0
0
124
3
1
1
3
917
32
2
3
2
41
0
11
1
0
168
0
73
649
0
44
0
12
4279
1
18
34
12
15972
291
33
0
62
2
0
6
3
2
5607
18
10
0
0
11
0
56
0
95
59
0
0
16
233
0
15
86
1714
3
3
2
10798
20
5
50
0
2
6
3
205
4
0
1195
1
2
7
2
10
2
11
11
239
2
1
2
0
0
0
3
16
27
1
0
96
61
114
0
0
0
5
15
0
10
78
0
0
1
0
0
0
0
76
68
1
26
420
43
0
35
0
167
0
7468
0
0
0
1
7
16
733
11
139
1048
0
0
5
25
44
17631
33
0
0
0
161
1819
195
417
37
2976
16
13
104
12
55
0
0
1
0
0
26
0
1
20952
71
63
0
0
0
0
0
33
14
0
1169
1
9
8470
1
1
2
64
3
0
5
2
0
948
51
0
0
0
6457
20
7
1
16
58
0
3
1
4
0
17
1
73
0
0
0
0
329
9
1
11
2
0
0
815
1446
225
1
119
6
0
2
1
0
361
8
1
989
39
111
4
2
0
1
27
73
90
1
539
1655
0
18
0
500
15
11
1
19894
5
0
0
0
224
2
142
44
0
0
11
2
143
0
130
0
46
0
0
0
3487
6
0
11760
5691
0
0
0
14
39
1
0
4
143
0
223
0
702
616
37
0
2
0
1
0
0
0
0
47
4
108
0
216
141
1
0
0
0
0
0
0
18
3
20
2
12
6
0
381
1
46
125
0
0
4538
0
0
0
0
0
34
54
155
2028
2608
143
0
60
3508
0
140
0
2
0
1
0
3
62
0
0
0
11893
0
15473
0
0
0
1
2130
81
55
0
120
0
0
16863
8
0
1
0
0
0
1977
44
115
0
21
0
0
5659
130
2
2
50
21
0
1120
0
1
14728
1253
17
0
0
2808
0
0
78
0
49
31
16
48
1
4
0
1
0
0
2
3
0
2
144
14751
1
235
899
0
2
534
220
450
6
1
282
0
120
13
201
0
1
0
1
118
0
0
0
90
0
0
19
1
3495
1540
3455
22
0
2
22
1
35
0
23
0
0
0
236
50
392
0
3
42
24
2
0
1
0
1
1
6
0
1306
1
62
8
0
0
10
0
1
1
0
7
143
0
1
0
0
1
9
0
2
1
8
1
20
0
80
0
3
107
0
2
475
0
31
1
0
157
1
4
8
0
78
0
0
129
5
0
9
0
101
0
6220
37
7
96
0
49
0
0
32
115
0
0
8
0
0
0
0
0
0
298
0
1
0
1
2
8
4
0
0
6
109
0
20
2113
1
1
0
1
0
0
0
0
4
3
0
1
0
12
1296
0
0
65
0
1
49
7
0
0
52
41
281
1106
0
7
1
1120
0
5
1
1
2
2
0
0
3
0
67
0
0
0
0
0
0
178
216
1
2542
4
406
2
10
3641
7
4
0
2
0
17
1
0
1
0
9
0
79
2
3
972
1108
137
30
7214
0
2
31
0
0
0
0
0
3919
5
20
0
1
7
3
5
27
0
1204
39
2
0
0
1
0
0
0
2450
0
0
231
19
37
127
0
0
49
1
459
0
1
53
1
34
1
6713
0
4442
0
2
2
0
2
383
5
0
24
4044
0
0
0
0
71
96
24
3
1
0
1
1
0
3
17
134
2
43
0
105
1
15
0
1
17
149
26
5
1175
261
0
32
9
209
2
1968
1
0
5
0
0
56
0
0
1
29
213
640
0
7
3
52
0
0
0
1
28
9061
25
0
5
3953
237
1
44
51
10379
1
351
66
0
0
12242
0
16266
0
3
0
2
0
1
8
8
3
6
0
212
168
13
0
0
6
0
17
64
5
0
0
2
2
0
0
61
2032
7
14
508
30
585
7553
8
1
2
14
1
0
1
6
0
1
1
185
229
610
0
810
0
0
0
3
2634
0
9
1
136
0
9
43
234
15
2
0
0
2
10
3
0
3
0
1
3
0
0
2
3519
52
0
19
0
2
0
0
2
0
8711
87
1153
881
32
0
14
1
303
3
43
0
2
5
0
1
0
141
0
464
0
5
2010
102
52
139
215
0
3
0
0
1
3727
10
2
0
1
3
1
4
10
5
82
16
0
0
0
1139
0
2
0
0
189
0
174
52
14
0
41
2
49
1680
4
0
255
197
19
45
59
14
1093
0
1
74
170
6
0
0
0
0
65
982
0
3
795
0
0
6193
2
24
4
0
4
19
0
243
3
4
29
0
8
3
420
0
4
1
15
0
160
0
0
51
7
0
0
0
1
1
0
680
446
274
1
9
13
303
0
7
16
1
1
4
0
2
26
0
527
0
70
1244
0
24
0
4
0
0
18
54
0
13
5
687
13
0
15
0
1
0
228
1
4
1
0
0
1
7
0
69
0
0
0
0
0
5
93
16
2
1
0
0
2
19
10
7
0
0
0
1
0
1
3
1497
15
0
2629
1
131
1
782
414
18
23
1
115
0
0
119
0
1
1
12
2
14
0
1
0
7
3634
0
7
0
40
24
10
38
0
7
1
9
0
7
12
5
11
124
0
247
215
4
69
0
1
0
97
602
0
91
2
108
0
6
6
0
507
88
0
13854
0
49
1
371
68
2
13
987
0
0
58
0
8
1
3748
0
1
218
5339
0
0
0
7
0
0
0
17
41
0
0
0
0
1
2
0
0
0
12
121
0
62
13
1
0
13
10
262
6
42
0
0
2749
0
0
0
2
64
0
7
103
65
0
292
477
4
50
78
3116
4935
5
0
30
0
3465
0
1
2340
323
2695
0
86
220
0
14
8
0
14
2
104
3
0
0
1
0
5
1642
0
12
890
0
5
37
0
0
0
53
2
4
0
0
0
0
2
1
0
5
0
544
1
14
5
2
0
0
0
0
1
0
0
5
1526
6
21
1
896
0
6
283
47
55
0
0
0
0
11
1
789
2
95
0
3
35
14
32
0
213
9
1
0
835
0
26
1
0
0
8
1
2
295
4
0
0
0
0
2
40
3
1
10037
5
0
0
0
0
400
1
96
0
179
0
1
0
0
2
0
22
0
69
5
6
24
0
1
0
4
46
0
0
1
0
118
2
273
3
130
0
1
0
27
0
245
0
110
73
399
0
2
0
3
0
0
0
8
176
97
3
141
1
188
42
0
27
389
11
200
0
0
25
21
0
1
1921
14830
1482
0
1
38
1064
1469
3
22
0
0
0
14
0
3
0
7
2
0
3
45
1
0
6
0
0
24
0
9
5
4
2
0
139
1
0
0
13
2
216
14411
15
0
118
0
80
26
47
1
0
0
19
8
23
0
11
7
0
28
2260
30
0
1
0
129
100
565
2
42
2
0
204
111
48
3
0
0
0
322
1
3
0
1195
0
0
2
399
1
37
4
53
0
11
23
0
0
1
0
1145
237
0
118
543
0
342
0
0
3
1
1
37
1376
1
205
0
25
3
1
2
37
0
26974
0
8
29
10
32
28
2
0
2
2
115
700
4
658
1
0
0
0
0
0
2
0
1
0
5799
0
33
4
0
0
0
146
1
0
10044
0
8
0
6
0
52
6
0
4510
692
0
945
57
0
1
0
60
15
0
0
0
0
0
8607
0
0
1
0
4182
4
249
0
320
10037
62
12592
87
13655
1612
4220
8341
10037
2692
1882
1446
160
38
1276
160
6
160
38
3882
23009
21052
8007
12930
13196
6
87
320
274
11138
1671
18000
30303
1709
13125
7722
320
169
6944
1243
20764
10789
11167
6
6149
0
314
23470
2045
73
1587
1612
45655
638
41437
320
15630
0
38
22117
206
6004
28
12852
523
194
10
160
37
129
26
24086
0
145
308
46
1453
30396
1
850
174
6207
39449
21
805
175
0
1888
6
18
55
374
333
168
6
2
547
113
2494
1
20
2088
2
14
4
7
1
110
2
486
103
58
6692
51
0
129
174
115
0
283
2
3101
19181
3385
50
1
67
317
189
194
27774
1
196
73
52
9
3
39242
6
0
67
0
31
0
3821
4
5
5
16
1
2094
322
37
776
0
105
1
12
0
3
3651
0
291
322
43
13840
35
0
97
3
1609
20
28
10
2
12287
302
63
30
2819
6
0
195
0
415
2706
0
6
1
2094
0
178
0
169
177
49
991
132
208
59
0
121
3749
7052
4536
0
0
315
1
0
14
2
40
4039
3
0
19
1
3
0
3
0
1
7
1
47
51
0
16
11
76
9
71
5759
1187
0
9
16
245
1579
3
0
106
22385
176
9
87
6550
13239
19
0
5
3
1
0
1
73
5211
6
3621
4
7
10
4
792
745
23746
71
1
47
21
5
5
0
8
346
0
1515
63
120
140
0
38
935
889
3
22
85
63
4
0
0
10
7
191
1
9
32
0
11
2
0
225
23
0
83
2
30592
29
15
2935
0
1
0
3
29
5
0
2367
4
3
4
39
23
16
101
2
20
0
309
74
17
80
52
1240
0
593
90
1
76
431
10
1378
1
44
302
9156
0
0
27
16
4
0
83
1
1
2158
19
0
12
0
2
40
0
4
0
0
25
1685
192
6
2
764
0
22195
7
0
3845
1
25
1398
0
8
13
58
23
128
0
0
223
185
2
0
3
0
10
4
0
0
35
9
462
207
0
2
0
42
16
15
1796
929
44
3
6
82
552
3
8
53
7
1623
11
0
32
162
417
0
0
16
48
12
0
0
573
3
0
13980
0
7
49
0
2
2
1593
110
1598
1
0
473
9283
0
13
0
6
1042
40
11
79
0
0
10
82
4
20
7
0
15
569
10
505
17
2995
0
10697
1
20
3
0
0
7
746
1
0
19
2
9
0
0
2
0
0
3
2
0
1
12
2
0
0
5
0
0
20491
1779
0
336
193
83
904
0
0
0
0
5
252
1
98
141
7095
0
1930
0
53
0
1
0
1369
87
0
221
0
0
14
0
0
1209
2
90
2298
1
3873
11
52
1
0
1
0
19
1
1
7
0
1
4715
839
54
963
10
3
2204
1
25
1
0
0
4
0
0
225
2618
1
0
0
224
0
34
8
365
0
25
208
0
496
10
15
62
1
1
1
0
14
1
16
6
0
625
5
285
1
0
51
4
358
14690
7045
151
0
18
30
2
0
0
5
12
2
34
0
0
160
2
0
0
0
294
2
0
0
204
32
8
2
2
1
0
156
47
2
10
0
1
0
215
11
797
2
19
4
181
0
1032
2623
2977
0
13
5
7
74
0
3
8
3
0
13
14358
0
8758
1
654
0
0
0
208
152
0
12
0
39
1253
166
2
0
5
26
270
106
0
172
0
4
2
0
42
196
1105
11
72
1
1
0
0
0
102
17
13
3
0
57
0
1
7
0
0
1
1
67
6
0
20
2
0
9
0
0
0
0
4
93
2
2
901
4672
19
374
3
8
48
0
1
261
11
2
1530
4
5
1
23
0
1
0
2
1
5
370
0
4
1
6
0
32
0
0
0
0
198
0
8030
63
16775
0
7
2
13921
0
3
0
4
1919
1166
0
11
0
0
0
0
5
2
6
0
0
0
11
3
8
6
0
1
0
51
280
1
21
32
121
0
1
0
0
3
2
0
2
0
2
0
4
12
0
0
48
14
506
1889
31
340
0
198
0
881
0
21
27
0
33
0
10
4413
0
1
4
5134
29
55
2
31
0
11
0
199
1
139
1
7
0
4
13
182
2
379
577
25
97
23
37
4
0
56
11200
1
14
1560
0
34
1
0
13
0
3
6
2
9
21
5
35
8
1
2
0
60
2
26
0
16
0
13
0
15102
4
20587
975
7
1
45
0
210
1
0
539
0
164
21
15477
0
47
0
13
2
0
4221
7
164
0
3099
417
2
7219
16
77
0
0
0
54
0
2
24
16
2
4
1
1
19
0
0
884
16
0
6
782
0
316
1865
506
226
4
25
0
1040
30
661
3
0
0
114
9
1
1
0
33
0
7
0
11
1
2
1
1200
0
0
0
1650
19
3530
439
67
7
4427
244
0
0
3
0
0
0
5
0
596
548
0
361
5
0
0
0
47
3
1
8
0
475
0
16
25847
28
10
4
1
6
458
670
0
7799
8
161
2
48
0
2116
5
3
11499
1
181
0
4193
2616
1
2304
0
0
4
2
146
111
26
0
3314
4
0
624
2
0
72
3
85
22
0
1
310
164
237
1
526
6
0
1
4
1
1
0
0
0
1
1
1243
3
11
3
2
0
0
0
10
4
95
2
3
2
0
42
0
7
0
1
1897
1074
11294
14
94
250
150
17
4
48
7
3
14
9718
7
0
3
21
0
0
0
1
14
1182
4
0
0
12
116
4
1
6
1
59
60
0
23
1
0
2
2
4
0
455
15
4
6480
2
0
164
0
0
1390
0
29
365
66
354
2
0
323
1
99
39
16
0
35
3
4
17
0
766
2
1
0
314
5
118
3
0
0
6857
0
7
441
5451
3
28
2
1
1
0
1
0
34
0
0
3
2
14
409
0
128
17
1390
3
50
10
0
0
5
0
1
1
0
6
1092
1267
696
7
0
0
0
0
10106
0
443
5372
2
0
0
357
6
9
0
1
0
161
1
4
75
0
5
11
10
369
0
59
0
3
23
1929
52
882
27
0
17
33
4
0
0
38
0
0
10
57
1
2
2
11
0
10
0
0
25
0
15
132
0
0
5
1
3167
0
4
0
0
0
102
0
436
16
14
9
5
1
4331
0
1460
0
3
3
2
13054
2
2
1
2
0
0
625
1
0
27
0
4
1
0
20
2
5
1
0
8
42
48
93
51
14
2
3
11
0
0
31
18
0
1
0
5
0
7
0
344
0
312
32
853
17
0
0
14
7
235
8
0
1
1087
4406
1
0
1
0
12
0
16
0
551
79
0
0
0
1053
2031
110
381
5
2
0
0
1
12
292
2132
0
6
237
0
3
0
44
0
1
3
17
0
0
2
79
1
0
0
1
0
0
0
9
1
3
20
0
0
3
0
215
8
0
0
62
129
0
14
14
108
536
42
1
10
5
0
64
4
2
7
0
12
7
0
11
4
8
1
237
28
507
2
1
0
0
15
0
24
26
0
0
0
1
99
1
70
0
23
2254
0
0
0
6
3
1116
1
9
303
7
0
224
3
1
0
2
1
19
3
0
0
2
10319
3
18
7
39
3
5
1
2
208
0
6
0
0
107
0
0
0
1
99
0
2
96
1
0
25
1
2
4
0
4119
12
4
0
56
5
0
18
0
0
3
138
0
0
0
31
1
798
282
7
1
435
964
1
14
946
2
39
0
1
6
0
9
2
856
89
7
159
0
41
0
31
0
22
36
0
9
3
0
0
0
0
133
0
1
16
0
5
0
1
16
0
855
1
2
2
3
52
15
0
2
20
0
41
0
0
0
0
1
0
0
8
17
280
0
23
1531
1
1
1232
5
30
18
306
23
1
14
0
0
0
2
1
0
0
0
0
1
172
0
22
1778
286
1
14
1859
2
1
17
5
115
1
0
0
1
78
12
0
5
2
2
24
1
3
0
0
19
0
14
42
87
45
0
2
183
6
35
1241
0
112
0
984
0
6
0
7
0
0
2
5
0
0
9
2
0
2
0
0
5
2
0
48
84
0
0
0
6
0
29
397
53
1
0
0
0
1
0
3893
32
241
1
14
3
2
4
0
46
0
48
11
1
158
8
89
2
369
4
13
0
194
1213
2169
209
51
1
4
4
55
0
245
65
1
2
134
109
1
8
2
0
0
0
29
57
27
0
0
0
14
0
19
1
2
27
23
0
23
170
6
0
121
245
4044
9
23
0
0
1
55
1153
0
2
114
0
0
55
1515
4
2
3
63
0
0
1
0
5
6
0
999
6
3
0
5
0
91
8
39
10
6
0
1550
17
1
55
0
8
211
13
22
0
31
1081
109
19
1
3
10
35
2
0
53
178
25
5
2
7
9
29
3
561
1
0
12
0
1
1
0
2
0
4
55
0
134
85
17
0
1
0
0
29
0
628
637
1733
0
0
12
0
0
284
1
85
0
0
2
575
1
140
13
493
11
0
2
460
630
2
1
0
273
729
11
1
1
0
5
0
2
17
91
3
81
830
7
6
7
11
0
0
2
2
0
2
57
7
21
0
0
8
0
0
11
0
0
0
33
0
6001
0
22
720
1
402
3
39
0
0
3
6
134
0
1
0
0
0
8
0
1
0
3
39
18
4
2
0
0
3
6
1
4
0
1
0
40
4
0
42
136
0
0
1
0
655
4
7
0
0
0
1
2320
0
0
5
0
0
0
0
7
1
6
0
5
4
0
0
0
21
14
17951
114
0
311
0
0
0
2
398
11
3168
0
38
0
0
0
19
1
2
52
119
0
3
2
1
10534
156
0
0
0
1
0
13
2
0
0
2
0
8693
4
2
6
185
2
0
5
0
2
0
0
0
0
0
14
42
3
0
435
0
1
3
0
833
0
1
2691
0
1612
621
4150
1887
21400
1675
1675
11399
0
160
15617
6
185
9068
47557
163
33517
218
17647
34447
26102
3512
22172
2884
603
638
12183
147
4220
4327
23966
37541
160
320
3566
21580
8661
160
26860
12859
4066
10652
25027
603
38
15671
621
0
43143
314
9358
16914
314
2030
147
320
6
6978
160
766
6
274
660
0
295
1741
571
40
2837
2150
2217
9
4
72
152
0
2233
0
0
21908
407
4441
7
22
1487
224
9678
21
189
1466
3264
10
11
11838
0
41
3
374
2
5
3
3
24
49
348
5
1389
839
242
67
614
826
9
0
347
4
39
77
2863
299
311
2
1
15491
0
1
3075
11486
96
296
10174
9789
1
22
797
1
6610
114
23
0
372
0
1
31
0
0
26
952
204
0
94
9910
302
127
0
991
0
0
174
38
13056
2004
0
1393
24
24
3
13
16425
0
10
18
11
1
4
29
4
233
1464
0
1
3144
8
0
2172
9193
4639
18
0
0
0
2841
1
16
46
313
1
188
4
737
7
155
6
21
87
27
0
1
3
3
8311
24
3
0
14
44
1
39
0
2
32
4
5
0
0
0
20978
12
0
0
12
18
0
1
7
8
3210
1
3
0
2
5535
2
1018
1758
1184
234
28
153
1114
0
2570
2541
2
0
1
3352
9
674
170
293
1
1
11
4
0
27
0
538
0
0
338
1
6
279
0
4
3813
119
2820
611
14
0
3
4
182
102
2
98
2
28
862
194
1
0
0
6
7
94
0
25
1440
31
0
0
0
485
78
8
75
0
0
1
24
1042
14
6684
1
13796
1
303
0
2105
0
160
64
269
1736
0
1
22
6
0
191
3774
79
12318
86
0
554
178
0
0
1
4511
1556
0
0
12
1
2
5682
0
3022
81
46
1183
297
14
7
2
0
46
2655
692
2
6
4
19
2
51
1
15
862
53
24
1
469
2
4
13
13676
52
0
1
356
8531
0
96
4832
3
4
3
8
0
0
4
265
301
0
0
0
2
283
154
135
5764
4
553
23
154
0
6
0
3
8
108
855
47
0
0
9
0
0
30
46
26
174
0
56
412
3
1
0
205
94
0
0
407
0
14579
2
12
0
799
2
582
0
27409
2
6
164
227
480
20
6
6
63
34
3
291
4
34
143
48
0
17
0
34
0
150
0
6
0
0
230
67
0
63
9
0
74
3003
8325
9891
0
978
2
0
0
526
1
5
0
0
9
3092
0
0
2
517
0
0
0
75
0
1
7
0
97
165
0
0
0
14
24
1788
29
59
5
263
142
293
8263
0
3
0
6
0
302
0
8
12
0
0
85
0
3104
0
1
0
12
4443
36
2
0
0
0
0
3
0
0
7
0
675
7
222
0
15
1
235
503
417
0
103
0
150
27
1
0
0
0
0
1
4
1
8
0
8
2
0
26
365
3743
0
0
75
521
2
89
0
274
0
24
13
3519
390
7
7
30
1
1595
0
0
18
0
6
15
1
3
4
1
0
3
0
1059
0
0
0
6457
1
0
1
0
68
19
0
11
26
6
1
0
1
0
22
0
1253
1170
0
8384
0
3812
1826
150
13
0
0
3
5
16
24
1
90
110
9
0
0
1
1
109
322
0
25275
0
8
1536
0
73
0
1
0
2
2
0
1
0
2218
0
826
2
191
0
7
3
2
0
6
2
3
0
27
380
680
4
1
0
0
966
1
118
2228
0
0
14677
12
485
0
0
1
1071
497
51
630
0
5
25
0
0
9867
6909
2
71
1
31
45
53
2
6
1
5
0
0
2
0
42
5
593
0
411
0
0
0
1
83
13
0
163
2091
14
1
65
0
0
23769
11119
2
0
1
0
2
0
3998
10599
249
3
0
2
40
1
0
8
0
2835
1
3
6
3144
2121
3
9601
8083
7
3
101
0
1
0
9283
4274
0
3
2
2060
0
2159
6799
0
250
10
0
1
0
1
0
12958
1258
1
39
9
4
1
7
0
0
11
0
0
33
320
5
18
0
2
1
0
1
47
3
1855
8
32
15977
1683
90
0
6
24159
302
6
21
2
21
23
0
82
0
0
0
3
6836
55
647
322
0
0
135
60
0
959
37
1
0
1
10
0
0
172
1
812
14
0
246
0
2
1
5
59
99
0
0
1
34
8
1
3
1
6
9
0
1
0
1
17
0
0
135
0
73
0
87
0
0
0
0
214
0
0
21
0
408
1
10
0
268
3
0
0
4
10
1
14
114
0
1
187
579
0
0
0
0
0
0
0
2
282
2
6
1
33
18117
6
0
1
0
41
168
6576
0
115
0
41
719
3760
1
3
2
16
13
5
31
940
54
40
0
0
0
3
76
3
39
70
0
22
0
8
3125
2
0
0
657
0
1
1
6
1
1486
8
2
1
237
0
0
0
3243
1
1684
0
0
2
230
0
0
6
51
0
12
1
17766
10
30
1198
1
2
0
0
1
0
0
0
0
3
2
0
14
3
27
105
160
307
11
62
3162
45
250
5
76
1261
1
0
5242
44
13
0
19
0
10163
467
5
39
1236
0
2
77
3
2
0
0
4624
437
0
0
0
0
157
0
3
7
9
0
13
0
60
4466
0
2
14
0
0
0
25
0
1370
0
1
0
0
100
0
91
5024
4
201
2285
3004
31
0
94
1
2
0
1
39
1342
25
125
82
0
8369
1
4
0
1
0
2
7
16
16851
12272
6
5
1
1
1
6
1
497
0
27
0
14681
23
0
0
0
14557
0
19
3
2061
4
6
923
0
62
117
4111
2
51
312
103
1
33
0
0
9
0
39
825
6
12
0
5
1
0
96
0
111
0
0
79
0
0
9031
0
0
6
1112
62
0
0
3
650
59
14
1820
8701
1
6
0
0
1
27
108
603
0
0
594
3
98
21
0
73
42
175
0
0
0
372
6
3
0
0
0
3257
2740
8
56
58
0
3003
0
0
0
6
11
0
0
0
331
39
0
0
5449
0
6
239
118
6
0
1
3
0
2
134
49
10
712
74
193
0
92
0
93
2
1100
604
285
0
46
0
0
282
1
1959
8
130
0
0
11
0
3
20
4
1533
0
227
0
0
1
7
3
2
175
0
1
0
0
4
50
35
0
5233
0
0
275
0
0
402
77
0
3
645
11
10
27
35
0
200
0
0
17
42
6
2
38
1
1
1
0
0
211
0
97
2
415
2
1
15
118
7
1688
341
0
31
33
0
0
2
1
5
0
6
0
3
58
0
0
518
693
251
1
0
0
1378
914
5
277
1
65
5308
2
27
8
0
0
87
103
0
3
2
1421
210
0
0
0
5
2
9
0
2
0
28
105
23
1
3
2
1
25
0
0
15
1236
7
217
2
41
324
0
2
0
1371
5
0
1
0
0
12
15
1
532
3
9
1
8
0
0
167
0
3
0
0
433
10
1
9
0
0
0
0
6
0
1
0
2440
35
0
0
0
0
3
0
1014
47
0
0
1048
1727
0
3
0
2
1
2
0
17
269
171
0
316
0
0
115
266
1
1
6
0
37
0
0
5
132
24
1
0
11
2
0
203
773
1
24
2
0
0
0
0
689
59
6
1
2138
218
0
5
54
1484
3
0
2
0
302
7
0
1660
0
0
0
0
4
0
0
5
73
0
26
0
0
0
1
2961
5642
0
1
438
8
3
1
0
7
0
42
41
1
4
4
2
109
1
0
0
0
0
1
10
158
16
0
84
0
6
105
13
11
3567
0
344
0
2
22
0
1
0
0
212
65
0
24
5583
0
263
0
2
3
0
6
0
0
4
0
1329
0
0
0
107
0
0
40
2
92
1322
3
0
1
3
0
1
7
417
133
4
0
56
172
7
13010
17
1
0
0
1
539
2
7
0
7
2
0
143
96
1
310
1
2
0
1
226
0
60
2
5
0
5
0
0
36
0
0
567
0
0
5
120
397
4
78
0
7103
0
1
0
24
13
0
0
5
3
3
69
0
10
0
7
0
29
117
0
21
238
3456
0
0
0
8
0
0
0
1
85
0
89
2
0
3
2473
732
289
3
6
0
193
583
0
37
4143
455
22
3
0
0
799
9
0
1
333
2
1
0
1
0
1
469
0
5
1
6
0
7
0
1
983
0
3
0
2
1
70
13
1
2427
9
1
2
1
1
82
3
49
4
225
35
1
5351
8
0
0
0
1
5287
34
0
1
3
1
0
0
0
1
13
2
0
0
14
0
4
566
160
1
6
0
2
0
0
529
121
0
8
0
0
0
0
14
7
27
8
0
269
656
21
0
11
1
0
5
1
0
0
0
91
23
123
1
198
0
2
126
1199
0
0
0
0
0
147
0
0
155
1
0
14
1
3
139
2
569
2353
3
13
5
0
1
10
2
1
0
0
22
1
0
0
0
1
427
110
171
0
3
2
41
2
430
0
1
0
1
0
42
230
0
3
0
0
78
27
2
72
1
1
0
0
1
0
29
0
0
236
1
0
0
0
124
2
0
8
176
0
10
2
0
0
2
0
3
2
2
128
11
0
31
35
1
0
0
209
0
1
0
138
4
13
1
13
13
9
25
0
5
0
2
7
1545
7704
2469
9474
31
19
35
0
0
0
0
4484
3
10
1
0
0
0
639
2317
3
0
0
41
0
0
208
0
0
151
31
28
3
0
0
1
25
0
6
1
4
0
3
0
0
39
39
122
8
0
3
0
152
0
0
0
0
0
2
0
0
0
0
0
1
221
1605
886
29
2
299
1
0
0
0
5
2
35
26
0
0
0
2
1
0
0
136
5
0
0
106
5
0
210
1
32
3
0
0
8
293
0
0
12
0
0
69
10
0
1
0
0
0
0
7
7
0
0
61
2
0
6003
6
0
488
3419
11658
9005
320
16919
3704
6
13322
3045
14434
480
147
12
2884
7489
2884
38
39274
1877
4379
34
12967
1621
71
12216
8992
14691
274
9589
11149
638
23971
4200
30812
31028
3649
4771
1621
147
12859
15086
38
12946
14648
12859
13169
18055
13322
133
2650
23253
12573
8749
37770
160
180
417
45295
321
3356
147
0
274
20322
116
1693
1
3282
11109
345
110
1685
10
180
80
6110
26
75
321
75
77
3
6861
692
31
4708
5
140
199
0
19
2879
560
998
1
103
1
13
5107
2406
0
5
0
4961
2
207
8284
34
780
2
146
4571
1055
902
1
71
0
39
634
29871
335
177
133
34
6227
826
4776
14838
134
0
645
94
23117
39
9528
5280
703
2437
148
139
9257
1066
1
1066
1983
1
361
4
1273
3
19
3693
2707
39
498
8
4
1753
1126
0
5
11
312
6779
0
19
192
18
0
4
41
126
67
2
529
0
3642
2814
1
30
0
90
1
0
11
7
3505
2757
19195
81
14815
0
6
52
1
0
4
3
0
5
1971
1760
667
2
0
575
37
796
26
6
499
0
866
72
165
62
15
0
0
3
15
5
0
0
33
14585
14
324
14976
163
12382
1336
0
50
44
1081
9
8295
8
3
7252
1
0
0
0
0
4036
86
19
9
8553
12898
0
75
0
9
31
1
0
5
1
12
0
22
420
6322
1035
2
451
5
1743
276
2
21
0
0
2
296
1793
0
0
52
6238
40
6
39
0
0
2
8
1664
181
20
0
519
2205
2343
1
215
2
4
4474
0
721
32
0
0
5386
0
2272
17
41
19
0
24255
0
0
1943
46
244
333
1
1
7073
0
6
1
2
5
0
276
22
3841
55
26
1
14
4
4310
1
570
0
17
0
22
23
0
2
0
51
640
0
0
29
5169
4
0
60
0
0
48
11
50
0
6
1
0
1
0
321
210
0
743
0
126
9
0
6
32
18
46
475
295
15
3
157
0
0
0
19315
0
95
2
9
445
4
3
0
0
14
156
0
0
3655
85
11
0
8
11594
11
5398
2
3
10
11
1828
0
37
433
880
12
0
2
7
330
0
0
0
1
1
3
0
0
398
204
2676
5
393
0
0
1180
2
0
324
68
8
30
171
498
158
0
18
2
0
6
0
21
3
54
117
3192
3
4
17
0
0
0
0
185
13
0
10
905
0
188
268
3
4
6
2286
0
49
0
221
0
2
1
2
60
249
136
8
1
0
7
0
560
0
40
6
0
1995
0
17
1
16
0
13
118
0
4098
0
14
0
30
31
22
7044
1714
2
0
0
120
0
22
1
0
0
50
3
37
1273
1
19
5263
6144
2
0
24
800
0
1
76
17
1
0
0
0
0
38
3
839
0
3
0
76
108
0
552
42
6526
18
1232
1454
5799
2
14
0
4
0
421
2960
52
1
1
2590
0
6
21
5
6
5
17
53
3
0
2
126
117
43
32
0
2
275
0
0
5
529
5866
7
34
0
0
0
3
1
7
5617
1
0
209
0
0
4
2
0
0
0
1
0
0
1216
189
16
0
21
266
391
521
470
34
0
3
12
567
0
27
2
474
0
22
0
36
0
53
45
38
17
0
11134
0
48
0
1918
791
8
0
0
1
2
1138
0
21
2
4634
0
0
130
2039
11
10
2
0
402
5
15
25
61
1
40
1637
3117
3
4
0
2218
0
28
21446
1
67
1
70
2
0
0
46
4
1
2856
1
0
2
20
266
146
231
0
0
1
0
30
21
60
0
349
0
0
1
1
0
31
4783
159
234
1
85
1
2
0
0
0
32
796
0
17
0
9
2
675
1676
0
13
0
5
1
4
432
0
0
0
0
7
170
0
158
316
0
0
42
1
1
4
4
3
4
0
0
295
2
24
0
0
0
5
1
1
2
0
0
89
3302
2
0
2
0
2
0
99
0
7
69
2
372
43
1
0
3
322
0
650
242
0
172
526
0
77
35
0
19
435
381
108
0
11
0
0
1
155
3
128
2
1
0
0
0
0
0
0
2206
26
2067
4
0
6
4511
3
2138
0
0
2
1264
3
0
0
462
19
0
0
84
0
0
13
0
0
12
0
0
27
0
760
0
0
1428
3
2340
1
3630
2
0
12
0
0
0
6
3
0
0
0
483
4
0
219
3430
472
2
1231
0
0
1
33
3
4
264
0
0
2360
0
0
2721
1
0
47
4
0
93
0
4
5
5
1
18
0
1092
0
3061
4247
46
1639
1332
1814
332
0
7
108
3532
0
1086
1
1000
39
0
0
1977
0
0
0
11
0
0
1
2
5803
7
0
5
535
6
1704
308
2
10
11
523
59
0
72
265
0
0
0
41
41
4783
0
40
19
105
3812
117
4
301
367
1
16
0
0
1
0
402
0
3
551
1483
0
2
59
1
0
2
5
13
118
1
1
95
1
399
0
2
2
0
27
103
0
0
1
0
1331
1
14
0
0
0
0
6
0
524
22
10
21
0
0
0
8
6
2190
19
8557
36
0
6
2375
273
1
0
0
2
1
0
48
281
0
1
6
7
1
5
0
0
0
207
111
0
279
34
286
0
1
0
2
12945
1
2
193
0
11
1
2
6
0
0
1
15
0
1
1
12
38
2585
376
4
755
1
266
1
8
4
0
76
88
412
1228
22
0
0
1
367
839
8
2
0
114
0
404
4
31
88
2
1
598
11230
114
34
26
0
49
5
11
0
4
0
2371
0
0
1107
9403
37
1
702
1
75
0
0
0
0
0
323
11
4
0
0
0
29
13
1
0
0
39
1
33
0
0
1
2
1259
6
0
0
1
2322
0
1
3
278
0
0
4
11
1
0
9458
9
2
42
20
10947
7
0
0
167
3
1
143
0
2
0
798
7
2
215
0
1
12
0
1
528
0
1622
35
0
26
5
1163
0
7
62
0
2
46
0
1
0
14089
57
0
21
330
0
4230
0
1
0
2
2938
0
18
0
1
1
11
1
757
10
0
1340
282
172
23
34
5
3
0
0
1
3
3
0
5
72
0
3
1552
1
36
1
5
0
38
8
0
0
69
12
0
0
59
2
1354
0
0
0
4
594
1
4
167
2349
138
0
0
2
144
0
5
0
2
557
0
5762
3220
3
196
0
7
0
0
6
1765
5
0
0
1
0
0
9
0
33
0
0
0
0
1
10
5
10118
149
0
0
2
7
0
0
0
0
0
82
0
0
3
183
1
10
0
31
209
0
1
4
0
1343
1
59
0
62
1
1
253
89
14
2
21
871
394
2198
0
15
11
10
3
0
0
36
0
0
4
0
10936
6
1
7
111
11
2
0
0
0
0
4316
424
3501
6564
4
7
32
0
9
2
0
1
1893
3
0
1
490
0
0
2
0
0
1
12
7
0
0
0
2
2
56
3231
246
0
0
0
3
0
955
9
4
6
0
3
7
0
2
25
0
36
7
55
1
0
0
34
2276
0
53
371
0
110
9
0
2055
1
319
0
0
0
2
0
3
14
0
11
2761
1
15
74
40
0
0
1
256
0
4
5
16
323
0
713
0
2
0
0
146
196
4225
14
153
2
0
0
0
975
114
1
2
470
0
1
0
0
14
3
118
6
42
6
0
0
2
0
1910
27
0
0
351
0
1
5
0
7
1
0
51
14
2
0
9
17
1093
50
2579
66
53
10
0
0
202
1
627
14
4
0
1
2
0
4
4
0
0
56
0
2
114
78
1
2
3
21
222
21
0
0
402
0
1
0
0
3
66
0
49
173
197
50
0
1
92
10413
3
0
6
30
135
0
94
1
3
0
132
1
2
0
0
2
9
0
0
16
1
3
10
0
18
1
0
0
4
0
5
0
0
25
5
0
2
7
0
63
0
0
76
0
1
26
16
31
59
0
75
0
0
11386
0
1
3
12
1
0
14
0
198
150
0
146
11521
0
0
2
4
0
0
173
13
12
37
0
4
0
0
4
0
0
9
0
0
3
6756
0
0
0
0
0
0
0
4
1645
0
1
0
3
3
6
2
0
0
20
10
2
0
0
1
37
0
10791
9
3886
148
2
2
1
0
1
1
349
2
0
3
0
6881
0
907
1
0
407
11
1
1
0
0
2
90
0
150
0
2114
4
6
0
3
20
0
0
13
4
0
1148
3890
0
1
20
16
874
0
11
44
0
14
2
1161
0
0
20
9
61
8
138
1
1733
1
34
2
13
18
1
0
1
5
0
1
2
157
0
2
0
1
1
5
0
19
0
3
0
0
0
1
0
10
140
48
7
1
0
0
0
0
1
2
0
397
2565
1
2
0
0
12521
84
0
0
8
4
22
2
0
0
2704
0
0
2
59
0
2490
0
59
5
0
0
2
0
1
203
1
27
1
1
0
210
9
3
0
0
2
1
1
3
13
205
16
6540
87
2
0
1
6405
0
21
272
0
7180
2
0
0
0
0
5
0
0
9
0
52
9
10
0
12
0
2
0
0
20
431
1
23
0
10
0
542
101
4199
10
105
0
0
11
0
2
2
8
5
20
1
0
0
0
0
0
0
43
23
0
5
0
2
149
0
168
3
0
120
0
0
1
336
53
0
0
0
0
0
0
0
2
87
0
0
8
0
0
668
575
544
0
23
77
0
164
0
88
3
0
78
2541
1
0
16
70
0
2
16283
9
29
1
55
5
2
0
0
76
0
39
2
1
29
6
43
1
16
106
0
0
28
1
0
0
1
4
0
109
0
337
7
0
0
26
22
4
0
103
0
17
0
0
295
78
98
1643
2573
0
22
455
3
0
23
74
1076
274
35
6
0
761
45
43
72
43
1
9
0
0
19
12
65
0
1
7
6
3
0
2
0
13
1
2452
1
1
20
3
161
41
2
15
1505
93
454
0
0
0
0
3
0
12436
2266
559
559
1625
4554
9821
6665
19666
5302
13696
355
645
12436
48
13178
205
559
559
13893
87
15252
3643
329
25027
6
225
24304
6
5302
17
6
6
11707
13696
15468
2882
10300
37
37
163
335
559
48
14972
48
4864
559
20
941
192
1042
192
1042
261
153
160
2884
14503
6
6
160
40525
185
0
199
4555
19635
0
24
5
14
12
0
11034
118
1
109
174
49
12
44373
9112
68
1833
206
3
5297
4
3110
3288
7
4611
0
301
5154
1046
19
687
6
24702
602
36
36
61
0
944
348
6272
29231
168
6141
23112
28
0
25
0
25
2343
368
90
21
15
34
5
4056
1308
0
70
4
9
30
5533
7096
205
3370
0
29619
3
329
7312
246
315
7759
68
5
17
9013
7
0
5154
8
2
1
175
2
0
3407
0
0
0
12077
2
0
0
1
22015
88
76
361
3
0
7558
4
57
53
29
18
0
24
888
24
10
561
34
0
0
4469
21510
0
239
5
0
47
168
57
6
295
10
262
2
1717
41
12
3
0
8772
931
13151
2064
518
415
1
0
17721
4700
0
0
705
1525
0
40
7
1
1
4
58
0
121
0
5
9442
34
73
432
111
10
2271
469
2
637
13854
0
4778
0
4778
289
8226
1
21
35
44
493
2
259
6
0
0
7308
58
0
43
372
22
145
27730
3266
69
6648
138
47
16508
7
59
4
108
0
0
0
517
1
0
1
4
0
25
3
0
0
0
17
0
33
0
31
2
16842
0
0
0
4
5
5
24
6
5681
513
0
228
0
6
1
4585
574
41
5
279
97
30
28
0
1030
1
612
4
5
18
2
2
7
0
6810
28
569
7
1
0
0
1
4500
21
20
5121
20
2454
0
1008
5
32
16
0
0
809
0
70
0
715
4951
67
0
372
1
16
110
0
3745
2949
24
0
333
0
60
3
0
187
297
79
36918
342
3320
1579
10
527
0
0
2
3385
0
238
35
0
13
11899
0
27
2
3
197
6136
0
0
564
0
24
412
0
13
10
4817
0
8
32
0
0
255
0
4953
0
0
108
3
2
432
0
8
10
7839
4
0
2
342
2
0
99
0
50
1
708
2846
540
3
162
0
1391
6
0
8
0
41
7
1
243
1
0
0
7664
4895
23
6
0
35
16433
2
1
0
2
5
2
150
0
16
0
204
0
33
0
0
21
496
2
0
0
7
936
6463
0
2
0
1
1516
4
0
1
4
273
14
551
388
1
1012
5
3289
0
0
1
8
304
1756
7
0
208
0
2488
0
0
0
1
19
2
0
3
5943
1
0
20
944
2
88
0
649
0
301
5998
0
3
108
36
7
1
1
0
453
5
651
0
7
0
45
319
351
5422
0
0
269
6
345
0
14
123
5
0
0
0
5
0
13
3
16
5203
1
0
1
26
80
351
72
49
3
27
8
19
23
66
60
0
3
0
0
3
140
26
0
22
2
0
41
235
0
0
1
4
0
0
41
0
207
0
0
0
79
30
0
0
50
57
0
0
4
13158
45
1
2118
217
0
278
124
0
104
0
0
4
7
1
141
0
178
11
3265
1
1
17
43
0
162
0
0
1
2
224
0
0
0
34
0
4811
190
0
0
0
0
13
0
164
2885
2
0
13
0
0
1
0
0
193
48
19
0
1
0
13675
0
1
9
385
101
251
15
5937
23
2
88
0
134
0
0
5
11
3811
14
65
89
8
278
6126
475
1
0
211
0
0
0
272
2
1
0
0
8
18
5
15
19301
0
15
0
0
1
0
10
1
0
0
21
61
0
0
10
3
1254
0
0
0
2
17411
6
0
0
5
26
0
0
2
2
17
0
735
2
72
114
30
0
0
7
13
0
1
0
24
557
8
310
790
20
58
210
1
0
0
1
0
0
1
0
0
1
97
0
0
0
29623
5
0
439
1
1
0
69
0
0
0
0
25
220
5
78
3369
0
339
301
0
1
2
1
0
163
11
0
0
4
3
0
1447
449
81
0
0
4
677
0
3
23
0
13
17
0
51
0
6
169
169
449
0
1
0
1
0
9
4
19
7
0
579
1177
0
0
0
1
271
3
0
17
11
0
155
71
814
4
0
30
2
0
2
60
18
3273
35
0
0
17
24
0
86
0
9500
0
7343
174
29
0
0
768
0
0
2
0
2
0
0
55
351
0
1
0
0
0
0
14
167
44
0
16
51
9
0
0
3
162
0
4
0
23
36
1
0
3246
0
0
1
0
0
38
0
1505
0
1
1
0
0
132
10
0
1
2300
5
0
43
0
18
0
0
1866
725
1
2600
0
278
0
1249
0
87
0
5
438
448
16
0
98
57
0
0
1955
1414
8
0
0
18
23
14
0
947
396
905
0
3
1
3
0
0
2697
16
0
2862
71
4
173
0
3
587
0
14
781
21
3
0
10254
32
1
54
0
740
0
144
614
2
0
2
0
6
0
21
0
0
0
23
0
0
101
5
1907
159
337
13
0
2
0
3
0
12
53
0
185
62
0
12
0
1
4
0
135
1
13
0
0
0
0
0
31
0
7322
8
5245
36
1
2395
4
0
19
13
3
4649
0
18
0
2
131
0
10
6
674
0
1
65
8
0
0
263
0
45
17
0
0
0
2
6
2912
37
0
33
0
0
123
5
8
0
13
0
0
103
0
0
0
0
1
1195
563
0
39
0
1
1087
2
0
6
0
282
0
238
18
351
38
8
14
0
17
0
0
0
284
430
2
1
0
16
1
481
256
24
28
4
12
1
0
4
0
3
18
1
12
335
23
0
540
199
1
1
679
1
0
0
17
0
13
0
15
18
0
0
5000
1
0
41058
1036
57
302
13
0
6357
0
0
316
68
2
0
23
2
0
0
1
1
6
15
120
155
2
0
0
0
1780
1
1
15
4557
0
1
97
90
7
19297
0
20
2
0
0
406
0
2
0
0
861
0
0
0
12
2
0
1
0
72
0
0
0
4
4
0
101
20
1
0
0
10
1785
3
1
31
9147
12
6
1
1319
77
0
12
0
17
0
455
1773
2
28
0
10
36
1
0
0
286
0
1
396
15
0
3
0
9
0
44
2
25
0
16
15
25
3
1467
0
0
38
3
75
2
1
3
9
0
850
1
0
0
1138
810
168
29
0
132
0
1
3
3
296
22
0
1
2710
85
0
27
0
0
0
599
0
0
18
0
407
0
100
3
0
1
9
0
1
0
4
565
0
9
0
58
0
5933
0
0
7
16
178
8
0
2
0
0
24
22
1721
0
0
0
1709
2309
220
48
0
28
0
715
0
0
3
0
0
1
2320
2
1
13008
0
578
0
6
0
66
0
2
1004
1
38
1
5473
0
4
0
0
0
0
50
0
46
1309
46
0
12
526
46
0
19
0
282
0
5
25
57
0
0
31
1783
605
7
1
50
356
0
0
80
0
1
1831
2449
1
1681
0
0
2
562
0
20
11
72
669
555
3
3
0
192
7
249
0
3
21
0
2
4931
1
0
0
0
502
132
2
4
22
0
2
22
0
0
1
2013
0
1038
1331
2
2
3
3
268
1
54
32
55
0
0
0
0
7
0
33
0
251
207
0
9
0
7
0
1
0
7
0
761
869
28
3043
3
7
4110
3
15
720
290
0
4
0
1
1
9
1
2751
1
9976
785
207
0
3
0
0
0
176
39
368
0
7
0
0
109
1242
0
1
100
41
10
0
69
18
2759
0
345
0
111
0
547
3
74
0
19
0
0
733
2
0
0
2
0
1
3
0
0
239
406
0
0
0
6
2
141
0
5
76
44
0
18
13
1354
4
17
365
67
0
74
0
5
1864
47
12
5
2
1
3
0
0
369
6
9
6
20
9
37
0
0
1828
0
3
1
0
1
1
939
0
1
0
14
0
1
0
1
315
1
0
0
6
0
15
36
2716
0
15
0
8486
0
0
335
0
5314
15
3308
0
6
0
0
0
84
0
1
5991
0
1
5
0
0
72
0
156
2
12
4913
793
222
1
43
0
410
3
27
52
27
0
102
0
0
22
27
0
364
0
0
4
0
0
0
1
189
9
0
16
0
0
0
981
0
12
0
27
3
0
1
94
8
4
25
2
1
0
1
987
0
0
12
0
0
1
0
36
29
6
0
1
0
4
264
0
0
232
0
0
10
181
32
13
6
55
784
0
30
7
0
0
8
0
18
1
0
3
1
1
78
23
0
0
5
749
0
0
0
1
0
442
1033
0
1
49
1
339
2
18189
0
0
0
4
14
121
2
30
0
1
1
8
0
1
0
303
12
0
6
0
29033
0
19
0
5
0
73
0
2
0
19
37
3
0
0
26
1
0
0
2015
0
26
1868
0
5228
2
0
54
68
0
0
1
0
66
0
18840
1
1
1
4948
7
1522
29
2
0
2057
1056
622
19
0
1
67
10800
14
0
2
13
0
2
2
714
4
283
1
12
0
0
0
18515
3
55
5
0
15
18
1
78
10
0
0
1
0
0
3
11
0
0
0
17477
63
0
113
0
70
0
4
0
110
0
2
1
0
605
3
16
1
30
0
0
237
1
5
438
684
0
0
18
4
0
0
0
2
8
66
51
76
24
24
55
47
8
0
2
7
558
227
279
0
337
106
3
79
0
11
926
0
0
1
0
834
0
0
454
29
0
531
187
215
1
0
2370
688
270
3
1
2
0
0
5
0
2
1
0
0
16
16
0
219
24
37
11
0
0
77
3
0
0
0
0
0
123
2
2184
1
0
6
18
0
2
0
17
0
278
0
1045
0
0
0
3
0
0
2
0
10
190
1
0
0
0
3
0
523
0
0
0
3
5
5
0
2690
0
0
133
0
51
2
0
10
0
1
0
1
34
0
119
4
30012
658
7653
17128
621
18491
1144
268
3274
390
0
6
408
320
4327
6650
335
10488
3274
895
5675
0
34610
28
5104
12163
0
125
2317
1517
13085
13137
1890
75
75
1612
180
28
1612
1612
3045
1612
1612
12862
839
839
962
0
1612
7150
28
0
1612
3045
1612
1612
69
8
75
75
1612
75
5215
1035
11
2
194
1061
3481
0
14735
1414
1
44
11010
0
8053
17665
683
6
0
6
28615
1
0
1940
10665
12712
0
346
1940
32
409
3
53
4087
11265
17971
0
11
4843
9803
1023
11
0
11
11
7
19
20
165
8204
11
0
9803
8204
11
0
11
11
2564
85
17971
0
11
0
352
136
35
13
17935
1
28
1
155
0
5
84
225
100
64
105
12
10
1232
944
1
1018
0
386
0
6
333
5
9342
7431
2956
14866
75
21
253
130
111
0
0
58
233
30
3
0
128
3795
0
0
5
0
0
294
58
283
30
7
0
128
13003
11003
4543
111
0
111
0
0
0
2877
2
48
131
3
568
1
0
49
0
25
9
1922
0
582
1
4197
1491
0
0
0
0
385
413
6
8
128
8
0
0
7
16
2342
31
0
285
798
0
740
0
26
693
8259
0
1
1589
0
0
35
798
263
740
0
26
693
31
10
62
31
138
31
0
62
255
20
152
395
0
12
0
6
72
543
0
67
9
4
13
947
368
5
7
4139
13
400
5
25722
177
0
691
148
101
140
9
0
0
1
0
0
58
0
1
6
25
629
2
115
43
101
12
0
0
0
0
0
6
28
629
2
11
0
1
0
932
0
1
13
21
23
0
10
7
27
4
27
4
0
0
0
1
26
21
0
10
61
0
86
16
1
1419
0
13568
0
2
1
4630
3403
0
0
1
27
0
0
0
3
52
0
1
0
1
520
25
19
0
0
38
0
3
1
0
1
0
1
0
1
23
0
2
0
77
0
108
1
384
105
41
0
0
24
1
0
321
1480
23
0
34
0
0
0
0
3
376
1154
44
520
5
5
0
85
0
37
0
44
98
0
0
44
0
76
1
0
10
20166
0
0
0
0
1
34
337
0
76
26
0
4
10265
0
0
71
0
0
1
0
75
0
0
466
0
0
9
1554
51
0
1
0
11
1285
26
0
0
0
0
4
71
1335
0
0
837
4842
0
16622
135
5781
402
13060
5
31
16
0
5
366
0
2676
1
49
0
0
1
0
3
2
57
1533
0
3
2676
0
49
0
2127
1
64
34
0
5
0
5
30
1
0
12
0
0
0
1
12
1649
2494
58
1914
199
26
0
0
21
2
14
6532
2
0
0
0
8
11
0
3
0
3885
1
0
0
0
175
1502
0
3
10
1
0
20
9278
35
156
441
83
72
2
6
987
10
1
0
9
2145
35
23
0
190
1502
1
88
0
44
0
2755
1
0
0
145
478
3
0
0
0
0
0
1
0
13
0
3
0
1
0
788
233
1958
1
738
7
438
14
3
1
7
2
47
2
9
580
0
4
0
0
71
0
23
1
0
0
0
0
0
0
0
0
0
2
0
0
3
51
2
38
35
0
40
30
17
4036
1012
0
2
67
278
0
0
6
25
0
2
417
0
0
0
2
1
70
1
0
5
23
948
31
2507
417
0
0
393
28
0
0
0
0
1774
0
1
46
1
1
0
0
28
0
0
0
110
1774
4
1
37
1
1
17
37
0
0
0
1
20
1
4
33
133
20
565
1412
0
2
0
0
6837
0
0
0
8
18
4140
313
0
216
66
0
0
0
8
31
8
6
12
0
5939
1
0
0
0
0
89
526
128
1
3
0
2
0
0
0
0
0
0
5006
1643
0
1
3
0
2
449
0
0
0
0
350
2
1
118
2
1
0
6
26
1
78
0
0
0
0
28
66
17
0
12
7
0
0
0
13
865
3
0
7198
0
4423
9
7
0
0
53
0
0
0
4784
3
37
1
156
0
0
0
7
0
3
26
1
7
3
304
1
236
0
0
2
27
0
0
1
0
0
374
15
1
8
0
285
22
0
0
638
0
38
0
0
27
0
854
3
111
976
2
563
0
154
5
0
426
0
500
2
0
571
0
0
2
74
1
7
6663
0
25
1296
1
1
3
4
0
297
0
21
0
7
1169
25
1309
1
1
0
0
2
74
2
466
0
3
0
265
55
0
0
4
0
31
7956
2045
0
0
1
47
0
3
0
26
12
0
5
1
0
5
0
398
719
0
3
0
2194
7
0
283
0
21
0
1
18605
0
0
37
289
8
30
2
0
0
0
1842
1690
9
0
0
25
56
0
0
287
0
0
0
0
0
4
0
2036
1
0
2
1
31
168
9405
210
12852
0
0
0
11290
0
0
561
0
2
65
0
0
7
0
37
0
0
4
27
8
0
0
0
0
1301
1
1
2691
0
0
0
22
0
6
0
0
0
480
1
103
2691
0
0
8
7
0
0
0
275
2
9
3
0
0
421
4364
1
24
0
185
1
1
23
2
0
0
6892
1
384
6
9
2344
0
12
34
32
798
0
0
1
1
0
131
45
3
0
0
0
1879
4
1
77
1
0
15
1
0
0
100
0
0
10
2
1
77
1
0
1
22
1
0
0
0
137
2
20
0
38
1059
3
0
25
58
0
4
0
0
0
1
0
16
1
10
0
0
17
778
12
0
21
0
2
3222
3625
0
0
27
0
2
124
0
0
5
0
0
124
35
1
1
515
7
1
0
0
0
7
4
0
124
35
1
400
59
40
120
0
15
2971
3
0
8976
1
20
16
4811
0
2
60
1
0
2
95
0
44
0
0
10
658
0
7
1
9
0
3
292
556
12
0
16
4
453
0
0
0
0
0
5252
0
0
2
50
1
3
0
3
0
5
1
4
869
0
0
3
48
1
0
0
0
0
0
0
2
0
0
5
0
162
0
0
0
0
63
343
0
1
185
968
0
2
9236
2972
136
1
0
0
570
577
0
6
0
26
1
3
0
33
6
0
3
1
7
0
119
2
1
0
1
0
716
1
358
0
0
475
1
0
0
1
0
1
577
0
1
11
1
4
0
7
1
17
88
29
31
2
0
0
27
1
0
0
428
1
118
4
0
0
113
0
9
11
11
4
9
1
7
0
1
0
0
1
3
0
0
0
485
0
7
6
0
0
1
0
0
0
2
26
28
3
0
105
27
0
0
1
0
5
0
0
0
0
1179
0
1
20
7
0
230
0
11
0
803
5328
119
6
11
1
0
8
626
2
0
0
102
0
672
2
116
0
1
0
0
1
4
0
1
292
26
25
3
0
0
0
0
0
1
0
2
0
0
0
0
0
0
8
0
0
0
1
2
2
461
24
932
0
646
76
0
14
5
1721
59
4
0
0
0
347
3537
1478
4441
0
2
11
3
159
0
0
964
662
3735
0
0
0
47
58
0
91
0
2
0
2
0
0
0
0
14
1
0
7
11
1
105
6
1
10
26135
0
0
0
1
0
7
12
133
0
2
0
0
0
1154
32
5
24
0
0
1
6719
1
0
12
0
8
5
3
9
1765
470
0
113
3
89
0
1
0
3
639
15
0
189
0
0
0
1554
0
0
10
21486
0
0
264
0
24
1407
0
0
1687
2
20
0
0
0
1
14
0
23
1405
0
1664
0
0
6
5018
1
1
0
0
0
0
7
3
572
112
3
0
3427
0
3
223
1
5
0
0
58
0
2
5
0
0
2369
32
0
0
0
265
2055
28
0
7
2
0
0
0
92
1
67
0
1
7
86
3
2
1
34
5317
1
56
457
114
0
1
90
2
0
3
0
11
0
2
24259
471
0
0
0
14
0
0
0
10
21
4
11206
21
11
1
0
11
63
1462
0
0
0
472
2
0
0
0
12
3
13
0
169
2
23
23
5720
1
0
0
0
0
0
0
0
0
1
0
0
45
0
0
1
0
0
0
0
0
12
23
13
53
86
3
1
403
0
2
2
0
0
0
0
35
0
3345
10
11
988
498
0
0
11049
0
0
59
523
0
1
0
29
127
10301
2
213
1
0
2
0
0
44
0
0
0
45
1
0
0
37
399
5
1
58
2
0
0
0
40
1
0
0
1221
1
1
0
13
0
0
0
70
0
0
1
32
0
0
945
6
5
3
211
64
1
17
0
0
4
474
0
778
0
0
13
0
0
0
125
37
0
3
0
1
0
47
2
0
0
1
0
1
0
0
3619
634
0
3
1
0
0
0
0
0
1
0
0
1750
2
0
35
0
1915
0
0
0
0
660
0
0
12
0
0
0
0
3
0
3
7
16497
0
56
273
1
0
400
0
33
0
112
0
0
31
395
0
1
151
6
1
1
0
0
0
15
0
0
25
0
5
2
67
0
0
0
0
0
1
0
0
26
0
33
0
1
3
0
1
0
0
0
1312
0
71
10
62
104
0
0
55
2
0
30
1
3
0
0
6
1
841
0
46
0
0
0
3
0
555
56
0
0
3
0
2
0
0
0
0
38
0
78
0
1
0
0
27
7
0
0
0
0
19
0
79
0
1
126
7
3
0
0
145
142
5
0
4
3
3628
3
3
0
0
0
1866
12
0
99
20
519
3
0
1
1
67
56
3
1
255
0
0
0
14
7502
39
12
6
55
0
0
0
0
2
0
0
0
0
0
1487
0
0
0
0
23
390
3
36
0
0
0
0
0
0
0
0
50
3
0
2
0
11
0
1465
5
3
627
1
0
1412
4
0
17
11
28
47
0
3
2
0
1
0
0
25
1
0
0
1303
642
0
0
43
21
4
0
46
419
22
0
1
0
0
0
1044
0
15218
242
0
0
0
24
0
2
0
0
0
32
132
5
0
0
0
0
2
2
1612
21286
47
5285
8509
2286
1612
256
839
1612
1612
75
839
1035
1612
1612
6294
75
75
140
235
848
314
194
29354
29354
11508
291
412
0
20283
169
38
16312
16741
0
147
40846
12859
21124
8244
26328
638
7095
20754
0
8770
320
14384
1780
11399
39978
4238
5919
1780
44471
8884
20674
8244
17647
5104
2745
11988
1114
11
0
4484
176
5737
71
11
439
3876
11
11
0
57
418
11
1023
3
0
0
1
0
1017
1
95
3594
29
2027
222
107
741
11
1478
2
1
26
87
8018
0
9373
7
87
209
428
0
110
826
415
6827
111
86
44
25
0
0
40
89
13
121
87
10
1182
32
2816
116
0
30
24
46
10423
63
0
1128
0
0
0
111
0
0
0
548
866
111
111
40
1651
0
1132
12
74
1084
34
26570
1952
81
288
371
990
2
5
0
33
1
250
164
0
25
93
0
19
0
0
23
0
183
17
24
0
310
320
0
28
16
0
400
658
0
268
2
0
0
0
6960
6
38
26
341
1
26
26
656
1
0
0
2
33
31
31
0
0
30
0
3
503
54
0
1
6
3
17
146
72
3201
0
0
17
3286
1
39
9
0
846
0
7
1927
2
6304
0
11
1
1
1925
41
8
118
0
1644
15
0
0
234
129
321
28
68
2
5
2500
0
196
0
76
1326
73
139
90
352
0
22
2057
0
0
14
20
37
8504
53
33
0
1
34
6218
8
0
86
0
0
434
18890
0
13
28
15
90
331
15
23
0
153
2
0
519
20581
6
53
7287
1
9
0
12745
3
5042
5
191
1959
0
1
1025
75
81
0
0
18920
0
0
38
4
37
0
34
0
0
1
5
4
0
216
0
547
1893
2
0
646
4234
36
2
0
517
1
471
0
12
5
1
142
0
0
0
0
7
1
3
0
0
107
0
8134
7
100
241
0
3
0
0
7
1938
4
222
5
3609
142
0
0
61
1309
99
0
1261
1
1
17
1
1
0
11
0
45
0
56
0
193
113
9186
9
1
245
1020
1046
0
3
561
3
3
4
1845
57
297
1
0
1678
8
56
4
0
1
5
0
4879
7925
0
2
1
2
9
4
3
7
0
1267
0
0
74
73
0
0
0
0
0
5308
3
0
413
40
1
1
322
256
2
0
50
3
1554
0
5
413
1237
1
0
19
232
7
0
4
0
12
14
419
63
46
5
0
3
0
100
25747
8
1
9
9
1253
1
0
0
617
395
0
0
0
0
0
0
3962
1
23
7
0
6
254
3072
547
0
0
9
1
0
59
58
1
44
0
9
545
27
1474
2
732
58
269
0
165
1
2
2
0
4434
0
0
10
0
2
26
18
0
0
0
6327
2395
690
12
38
461
4
11
104
20653
64
0
881
3
8
0
0
7
15
0
0
0
0
0
9692
42
0
27
0
0
0
6031
0
0
0
0
0
0
410
1
3
0
0
1
20
98
0
0
0
0
2
6986
4
76
2
114
3
6
0
416
0
8
133
0
28
0
119
2
161
3
4
2
1
5411
414
2
0
115
2
46
4
0
0
0
0
0
1095
154
0
2
100
3709
5
0
7
0
241
0
0
0
0
0
0
0
0
4
2933
0
0
0
839
1
0
275
3
725
88
422
13
24
6
1609
3
35
0
10
0
2
0
0
136
4
1
11
3
0
1
2
0
171
80
31
4
0
0
88
3
1
1
3660
1442
107
3
1
0
0
0
10
915
3
40
140
0
0
2
0
1
0
0
0
6
1
3
2
110
42
55
3
0
6
1185
3
0
13
48
1980
6
0
0
0
0
23
4
2629
6889
1
297
2
9
0
3
14
2
0
8
1
56
0
1
1
0
46
29
4857
1
1
0
1
94
996
27
75
5
0
0
19
1
3
30
1
147
34
27
11
65
110
1
0
381
64
36
777
9
3
0
1
443
2
135
26
1
50
0
0
0
0
9700
33
2
0
1
22
1
4313
0
17
0
25
8545
0
0
291
179
0
6
639
2
1
161
0
221
14
0
9
0
0
1
0
13
0
22
1565
0
0
2434
2
0
0
13
0
7
0
0
0
0
90
0
0
3
0
0
177
0
2
0
36
0
3
0
1360
862
27
15
82
0
8063
1
1028
0
558
33
189
940
0
2
0
1
0
37
0
0
0
44
30
1
0
22
836
10
32324
0
0
470
2
0
2
6
82
2
2
0
35
0
3453
0
1
0
0
0
0
61
0
0
29
7
0
0
66
9
0
3
0
1765
1
1
0
323
64
5
1163
0
40
12149
0
0
0
3
10
67
190
10
2
191
0
2217
0
0
129
0
227
0
0
0
0
0
171
1
53
0
0
0
0
0
0
1
3
0
1
0
87
0
0
0
6
9
0
9014
20
0
75
0
3
6
3770
29
0
116
74
4
25
1
8
2
3
19
268
130
0
0
0
0
1
0
216
1390
0
3
50
42
163
16
33
22
134
0
112
31
7518
108
23
0
0
1
0
0
78
1290
7
3
0
1
152
281
0
1
3
20
0
0
1
657
30
0
16
0
0
383
2
0
86
8
8
0
0
10
6
13
2674
85
3
6
8
0
1962
652
1
2
0
20
318
0
3
23
2
0
0
2
13
0
1375
0
57
0
1
0
33
1
1
0
4828
14156
0
0
0
54
4
22
0
87
1744
1684
3
3
102
1
0
0
0
15
0
0
449
1
0
0
0
2
0
93
0
49
710
0
0
0
0
794
2
2228
1315
1
3457
3
0
430
104
0
8
2
3
55
0
24
2
30
1
0
0
16
2
0
24
1
6
0
71
1
0
0
0
0
0
0
1
6
1
973
2
3
10
1
71
0
0
1
0
0
1
448
4
42
0
0
0
7509
0
3
0
2
92
0
288
2
0
5337
73
768
30
140
0
0
0
665
0
440
0
0
179
2
0
0
0
20
0
65
0
5
0
3
71
0
0
0
0
5
54
0
0
1
302
15
0
2
2
0
5
0
0
0
362
1
0
2
0
0
58
1
23
137
6
3
282
6
14
0
0
39
5
0
6
9
26
1
1
3
2
19
12
0
28
107
1
0
0
1
2
37
0
0
0
0
1619
1348
93
512
1
0
0
225
0
0
0
0
0
3
1
0
1
4
0
0
27
0
3
329
0
0
65
0
119
0
2
1
0
8
40
0
20
112
0
6
234
8
59
0
0
12
90
106
0
1895
8
0
0
16
1
0
1
0
9
0
1
0
0
0
9695
0
2
428
37
0
53
1
68
0
1
0
1778
0
0
6
164
0
569
0
20
11918
7
4
2
19
0
0
0
632
1
0
378
0
0
0
0
3
0
0
0
21301
7
34
0
2
0
0
8
1
5
2
0
4512
0
0
72
288
16
0
2
110
0
0
0
0
0
49
40
12
0
0
0
0
19
5
1559
0
5
41
7
0
32
1
4
650
2
0
0
13
81
6
0
95
0
24
2
0
31
2
0
0
78
6
0
1941
0
0
17790
3
0
0
102
0
1
0
15
57
108
0
0
0
1
9
0
0
1
0
2
0
0
0
1
1121
1
0
0
86
0
0
0
33
184
0
3
0
40
3
0
0
2
0
0
0
5
37
8
148
2122
25
14
0
3
1
13
1
0
1
37
0
137
0
4
0
1
1160
0
53
0
5928
0
1615
7503
2
0
13
469
4
0
3
1
6
2327
0
0
0
0
6
1
22
0
0
0
0
0
9
25
0
0
18
0
163
1
1
368
4
0
0
0
26
0
2
2
2
171
2
0
0
0
0
6
1
0
0
1
18
7
24
44
0
0
0
0
143
0
950
20
22
0
0
0
1
0
0
0
838
0
2
10
0
0
1
1
9
0
0
0
0
0
8
0
786
2
1
0
1
0
0
0
2
11879
49
124
233
1735
8
808
22
36
3
12
35
4
0
12
2628
0
1
8
44
0
0
0
11
0
183
440
10
0
51
6
0
0
8
781
0
249
26
5
1
0
42
1
0
2
0
0
44
5
49
0
1
1
0
0
382
27
4
3603
0
8
8
471
155
958
853
1
0
1356
12
2
0
1
0
0
11
26
0
8
11
0
17
0
1
26
0
0
8
103
22
7
0
1
7
74
0
0
0
0
0
3
0
0
0
0
0
2
23
968
0
0
0
0
0
1
0
3
0
38
0
0
124
176
4727
0
0
0
175
27
70
15
6
0
0
3
59
0
3
2
0
346
209
1
0
1
4
96
3
34
132
868
2
168
0
0
0
137
7
61
0
0
0
3
8
0
13
4902
0
0
0
0
0
1
3
22
0
1
7
1
46
5
0
216
8
0
0
4
3
459
0
3
0
1
0
1
2
1
0
0
7
0
0
51
1917
2
720
0
24
2
222
284
0
1462
5
19
310
17
1
7049
0
0
66
0
1
0
0
19
0
3
0
0
0
0
3
73
0
0
0
1
5
0
0
1
7
23
0
1
0
2
0
0
25
1
7742
0
8
18
0
87
0
7
37
0
14
4
0
0
5788
16
0
27
0
4
0
232
6
1
0
21
99
31
39
1878
5410
2
224
3
0
13
1
0
2
17
8
4569
5
27
149
0
0
0
0
331
4
251
12
339
1
1
17
0
1
317
1
0
15
0
73
2
50
3
18
3
0
1
0
29
2
116
0
60
105
0
3
13
15
0
0
5
190
0
39
16
39
0
2868
0
192
579
0
2625
929
0
0
0
0
0
0
48
0
0
1
76
2
1
0
0
0
2
0
0
424
1
1
0
0
24
0
0
0
3
0
0
5
5
0
669
0
0
1
0
59
0
0
0
23
29
24
1
10
6
22
3
1
0
447
28
12
2
0
15
0
6
9303
24
5302
28
12633
693
4343
38
160
314
2872
13389
62
8
73
13088
320
1294
0
7532
5669
27
52
1918
2622
3566
128
128
5598
12850
18473
3906
2113
9817
1465
1612
202
839
1612
0
1612
0
302
1612
302
5285
1932
75
839
1612
1035
1612
5104
1612
1664
1664
32464
937
16
169
169
320
147
3543
638
6
0
14306
1731
6231
17773
14451
0
128
1650
14
235
0
2
591
9417
0
126
1
12
1199
2
227
0
8736
110
110
26
5
55
77
20
11
2
11
1709
3876
11
8204
11
8204
517
11
517
176
50
0
57
11
136
11
110
1023
14
14
5
1
98
64
1775
12852
0
0
131
351
3946
2215
5
115
6
706
6386
0
25
444
1154
23504
3281
182
0
0
1405
15
20462
2282
2
1
1932
2
0
0
4240
0
9785
3893
7
8
593
0
6104
0
0
0
0
0
1
30
67
0
0
111
0
0
0
0
1
43
5489
40
1628
210
1
251
321
306
9
18
43
39
0
45
2
2
0
0
193
2
141
636
742
0
4010
178
3
463
66
7779
247
11
317
62
25
3783
27411
27411
1
2
0
0
4
3354
1
26
708
1
26
0
138
0
79
896
641
157
53
31
1
26
188
26
51
30
0
15
4
137
1
46
859
4
0
1068
3
192
0
51
122
0
0
0
1
1
205
3
257
6
75
0
3
520
0
76
10
34
1502
0
3
9
0
0
5
2
464
184
8
66
0
196
0
76
1326
0
451
25
150
2
0
40
37
0
90
1392
208
1565
1769
1
950
13
10
8
687
1
0
0
113
231
0
38
5174
10
184
1
9
13
19
136
143
0
27
3
32
0
3119
0
1
0
0
189
530
4675
0
1
106
106
0
7217
230
4280
4891
11
22
0
0
38
4
0
2
258
0
0
1
0
0
4
34
2
0
0
3
409
3
3
25
0
8
356
270
1
0
0
17135
2294
0
351
0
112
0
0
70
4028
0
0
0
0
262
0
260
14
1
13
38
49
142
1
2101
6
2411
1253
12
0
41
27
0
0
2
1261
1
1
17
34
0
0
0
0
0
0
8
209
0
0
0
205
5129
0
0
0
206
10
21836
942
3960
5
12120
0
27
1
0
0
1
1
0
484
1
0
2
136
6
1
237
2
0
0
41
417
47
6
78
552
0
3
111
86
1
619
340
1857
499
0
1560
67
41
1
1
79
1
75
0
1
0
0
387
0
0
0
0
9
3
288
5675
267
1
4
33
0
0
65
1
2
151
2796
1299
0
0
3069
74
14
4
72
534
75
124
2318
0
54
5770
1369
8
353
1
0
3093
19
190
3
8
5
11
2182
40
7
4540
93
30
779
74
1
44
40
42
0
15
23
73
9
3
83
0
1
1
4
126
0
2
0
0
0
114
0
103
4
15
0
2
217
5466
4
457
0
70
3
145
144
12
0
166
4
0
27
2054
1
0
1
63
200
63
4
21
3
0
14
6
4
0
3
4
26
0
0
0
0
0
2
10
0
590
0
92
29
0
0
2
21
44
3881
0
1
0
6
7990
1337
0
4
3
2
0
6630
1
533
581
140
0
1488
0
0
24
4
0
7
0
177
2
58
3299
618
353
0
0
0
3
478
0
9
0
0
4618
356
0
3
793
0
1
0
0
0
0
281
28
0
0
0
0
51
0
0
322
0
38
3
92
152
183
186
12
1
59
40
0
13
0
1304
0
8
0
10535
174
126
2670
0
4
91
0
4815
8211
859
2
9
0
18
0
111
2
5764
0
4
204
12
0
0
0
39
0
1
38
17
70
0
0
2
0
1
0
1
0
1
0
1
73
0
0
0
1
199
0
119
633
44
0
0
72
0
0
2
3082
0
37
66
0
415
0
3
3
0
2
136
0
28
159
137
0
3
6
3
20
9
56
11
54
70
6146
0
0
0
517
27
1
0
0
319
35
2
2
30
1
379
0
30
134
0
0
296
7
1
0
0
0
916
81
0
15
0
51
22
1
1
344
0
50
1
0
5379
2
0
0
0
0
12
0
0
1296
94
1
6779
2873
273
0
443
302
222
0
69
4
3
0
60
1
0
3331
14
981
2
0
1
0
26
1517
0
0
0
5
0
0
0
43
0
65
100
53
1
0
32
28
970
2526
2135
11
160
0
0
112
59
2
0
4259
1
622
0
2
136
3
0
6
7
24
2
0
2
3435
0
9
6
0
0
0
6709
6
6
0
157
18
1
0
0
0
5
0
0
2
0
2
6
82
2
3
0
8
0
1163
596
0
0
0
1
6
2884
27
6
9958
0
1173
1
0
0
0
135
4
10
1
0
11
0
1
6
129
11
59
16
15
3
0
40485
0
0
123
79
72
0
0
231
52
1
0
0
0
220
1280
3
0
8
1
0
24
0
0
0
0
138
0
0
0
1
1
0
0
0
8
0
888
2
9
62
2
210
5
0
4
0
7968
73
2
0
57
3
1
23
152
1659
4
10
0
0
0
9
8
4
0
0
0
3
1
6
130
89
0
4487
0
195
0
0
34
673
0
14
962
7
0
1
0
0
78
2520
0
198
3
18
1
2
10
0
0
1
2
4
4
4
17
0
287
7134
432
0
701
242
18
44
0
0
1
1601
106
0
0
0
1
0
0
26
7
72
396
0
0
5
0
555
90
8
6
1
0
21
0
0
0
0
0
0
0
27
75
1
1
0
4828
2
0
3
0
0
0
138
3
161
17
21
1
2498
82
609
2
0
0
4
1380
15
46
36
0
299
3
33
0
1
0
1800
95
0
0
0
0
0
12
1699
1
0
25
1
72
523
311
0
43
6
285
0
0
1
0
111
0
1
1
34
0
0
22
1
6
0
5
0
5
27936
0
1542
1
3
0
0
0
3
1464
0
506
8403
445
0
0
0
20
2
0
0
2
0
45
0
2
10
1
1515
64
4
74
308
0
0
0
7
5
5621
0
0
4
0
1
492
1
3
0
12
0
76
0
115
0
0
0
62
0
5
0
1311
0
3
0
45
21
3
0
0
22
12303
0
247
103
11
61
0
1
17
44
0
1
2
5
1
1284
4
5
1
0
0
9
5255
5
2
0
4
8
0
0
485
112
1
4
6
0
12
0
0
0
0
0
61
2
132
0
0
0
0
0
0
0
0
1619
4669
0
20
27
13
0
0
0
2
0
328
6
0
38
0
3
0
84
3
290
0
15
4
2
22
59
0
0
0
9
10
0
30
0
19
2895
1
1
54
20
2
38
2
1
131
2
0
0
0
0
1
0
0
119
2210
66
789
0
4
2
0
0
0
4152
3
1
0
0
0
0
1030
6
21
12
347
0
1
4427
2
4739
30
0
106
98
0
1
388
4
0
198
0
23
54
0
0
140
5
21
0
0
10
2
1
93
0
61
3
0
0
249
16
3
201
0
45
321
0
0
2014
0
16
0
3
4
109
0
0
2
0
9
0
45
0
1
25377
2
0
0
0
1
0
115
352
33
124
732
0
5
0
0
13
113
0
87
0
24
26
5
0
3
295
7
16
62
0
88
54
17
0
2
4708
35
0
106
48
374
437
22
0
0
0
1
268
0
0
0
1
0
0
1
0
0
289
0
0
2
1
1
321
0
0
59
0
1
55
360
0
2
1
2
129
1
2
5
72
14
0
5
477
1
0
3
0
0
5
0
0
194
2
3
8
0
0
16
1210
0
116
39
2
1
0
0
0
0
40
0
4
0
0
226
0
1
3
1
6
346
0
143
3
0
18
0
0
1
1
1
0
1
9
752
1
173
0
0
7
0
3
1661
5
52
0
844
0
0
0
29
5480
0
2
0
0
0
5
9
40
149
0
0
0
1
96
4
30
0
1604
10407
0
8
0
0
222
0
0
0
0
0
0
0
838
1
0
71
0
0
0
555
7
5
2
0
26
0
67
88
293
0
268
669
148
0
0
346
0
0
2
4
0
19
46
0
54
2
0
1
0
0
0
7
5
8
21
5
0
17
1
0
149
5
4
2
0
256
0
0
0
0
0
5
6
247
26
3
1
0
72
0
5
0
0
0
194
0
0
0
0
256
0
0
31
1
0
0
0
0
3021
27
0
32
0
7
368
0
4
138
0
0
6
2
288
0
0
0
5
1
47
3
2836
1
0
1
6
78
0
9
0
0
0
0
0
0
64
17
0
3
0
0
0
81
1
1981
0
0
0
68
1930
674
6
0
0
0
0
0
6
153
0
0
407
0
9
1
3
115
349
421
2
137
8437
0
2
0
0
229
0
2
19832
7
102
0
72
25
2069
19587
5
0
0
113
20
0
0
0
0
0
0
0
0
6
0
0
13
5124
0
0
1
22
263
0
0
3028
15200
3
0
0
0
23
0
194
1
0
43
11
5
6
0
0
3
2
1
2
748
124
1
0
0
0
238
6
0
28
287
0
1
0
0
46
10
501
13
0
1
0
0
0
0
0
0
62
148
14
1
1
0
2
0
0
0
1
0
0
757
44
0
5899
5
0
408
3
0
0
0
15
3
0
0
0
252
0
0
30
2
11
1
59
1
4
0
7372
1
0
7
15
14794
0
83
4
0
2
4
21
4969
0
4
0
0
0
0
0
8
6
0
0
0
0
0
0
5
26
9
4410
5
0
0
0
10
0
0
534
2
1
241
27
0
3
0
0
39
7
1
0
0
0
0
5
1
1
1
1
311
23
0
900
0
1
0
4
34
7
0
0
8
2292
24
329
0
4
663
0
0
0
1165
0
0
0
0
6150
5289
0
0
0
0
1
0
44
0
0
1
0
0
0
1
3
4
0
24
0
1
0
0
0
2
1
0
0
68
0
272
2
8
1
1
89
38
73
87
34026
18136
13605
1243
320
18136
8251
13046
38
4220
17878
5031
100
12633
38
11169
31076
100
163
7985
2270
261
15478
766
11096
12859
320
226
4220
4857
320
49289
73
5104
12859
6741
12859
18136
5104
163
994
18136
5104
8651
5104
13959
19514
4327
4238
48
7095
7829
8679
7871
15088
169
12017
14544
67
67
65
33057
5
4
321
0
1
1
296
0
843
323
739
5641
2
20665
885
48
24162
85
837
8
10245
0
2584
13859
43
2739
3629
68
4303
15926
416
12
1425
730
1785
629
10942
126
896
0
5
15480
431
0
415
4737
182
61
19028
24
59
524
4
48
0
14847
16
27
18
1
4551
25
22357
0
6
350
1
7668
5583
2167
18
128
33
346
0
7
20
8
189
14500
245
560
31718
16
33
0
8776
5
1
97
49
118
21839
9129
42
364
0
6
24597
2
1
9900
10
16830
6732
6148
3894
9
119
0
1663
461
26
10876
23
154
2
160
13135
63
391
53
0
5902
276
131
38
618
36
5
32
6237
0
44
2
16993
20646
4354
975
1874
37
89
48
1
317
24094
56
12
0
12590
3775
140
295
119
27
5
39
283
5
3
0
141
6354
4127
5
8
0
18
2
13
10
12034
752
2
76
0
115
1
0
1141
693
75
127
34
236
3
1382
0
11
0
25486
0
298
1933
14
0
4125
3
123
0
13179
744
0
167
0
1705
492
14840
0
0
1
0
835
165
191
308
0
8
72
61
31
317
2
142
6087
1082
2284
1090
456
7
0
235
26233
4477
10
3
647
0
43
4316
1393
617
340
3
317
1
579
5
0
0
5
2
19
0
58
35
9
0
1
14
16
0
5136
2437
37
0
1
4
53
3061
0
1
10
1
4155
0
0
3
0
747
193
2
38
42
0
251
0
4034
25
10
0
5
15
219
802
96
18
2
3581
74
24
0
1139
131
19
1172
40
1
2
24
0
3
1738
0
23
0
0
0
83
1
19
3493
851
0
0
5
5729
1
2143
12
1018
50
1
2
1
0
0
827
2252
2591
0
0
434
1
0
591
0
19
9867
19
0
3
14
954
11
9
3
30
4
750
211
664
7377
332
1
13
0
690
15
918
1900
545
0
637
0
0
0
96
11
71
0
2043
0
93
3
1
60
0
6664
1
5
26
6
7
2
1
1
557
164
56
0
8071
203
2411
255
0
0
70
7
3
1
76
0
4
181
2854
0
1
51
0
0
86
558
1
17
3
60
0
327
1
17
0
5
9
4
1
0
3
2829
0
0
0
2
5033
5
1
29
0
0
1
0
748
264
0
0
34
0
6
0
0
1
1
3
0
255
36
2
0
345
0
0
0
1
0
1
103
17
0
2
0
62
0
761
1
149
0
19
3
4
1
0
777
0
20239
2
0
1
148
39
0
11
128
0
894
15
8600
17
32
0
280
2
0
156
790
19
1
3
43
3
9
676
0
84
27
130
14
104
37
6
11
20
222
29
254
274
0
16
1833
50
11
0
104
48
4238
29
0
600
270
11
441
13489
4798
232
41
114
0
19
101
0
125
276
0
2
0
128
11
0
17751
555
238
10
83
3
1
41
0
10
2
6
0
0
918
20
101
2
0
0
1880
279
2
4
44
1128
1
75
0
14
316
3128
12
5
0
195
3
0
806
135
49
8
5
11
22
1
0
16
64
5
441
3
0
36
38
11
3
9
6
59
1
1
7
0
0
118
6
17
11
0
245
0
287
2326
1
0
195
7803
426
43
1
1
2
933
0
4253
18
255
0
14083
13
0
0
223
65
0
4
56
0
2
71
206
1
6618
235
0
160
0
0
8
5
250
1
0
130
31
0
3342
0
1863
21
0
1
0
14877
0
0
349
0
8
14
0
0
0
4
0
80
284
1
0
0
69
1
1076
0
239
252
23
3
631
0
357
0
178
1
0
1766
77
5
3
35
1
4
2
68
152
22
5
1970
0
74
0
96
984
69
3
3
85
1848
3952
401
19
3
0
7
5
2
0
5
3
0
1310
36
31421
404
86
0
183
0
0
494
0
58
1
6
234
256
0
27
2
1
0
66
4
61
149
0
184
0
3
52
28
0
0
0
4
7
8
0
14
0
14
51
1173
0
0
33
1987
4
50
0
2141
2
0
4
0
22
23
15
5
35
0
253
0
0
4
0
2
2
3
0
3826
2
1
0
0
39
10
0
1
0
0
126
97
0
7
62
5
118
422
8
612
0
27
0
79
0
0
95
2
69
0
1
0
18
36
1
3
1129
0
0
1
1371
172
0
157
2
91
1
5192
10
302
0
5
37
2419
0
14
21
0
1019
812
172
0
81
4
0
1231
0
3049
0
17
0
0
38
3610
6
65
2
1
181
13
1376
2
0
0
1578
0
793
18
0
86
102
7
63
2
2
121
17
0
40
0
2195
0
3
1
393
1775
0
2
8
0
0
1
491
36
1
13
1
0
0
11
53
0
155
27
0
0
51
2
0
2211
0
0
0
250
0
321
0
1936
356
0
0
0
7
128
118
0
0
1
2457
180
41
19
12
60
0
24
163
363
0
69
17
892
4
27
87
0
3197
1
55
0
3
16
2236
15
196
5
1
27
3127
12893
125
211
688
1
0
1265
7829
19
73
2455
7
0
0
2553
2960
2486
914
1
0
0
110
12
1
425
134
8
7
714
185
0
3920
2365
12057
0
3
4
59
213
0
1
2
0
435
1
264
19
97
0
249
371
0
0
0
1001
57
2
320
94
1
1452
0
0
0
525
4090
0
7714
8
1
527
2270
3
0
185
0
1283
300
0
0
0
5
0
42
1
2
1
1
0
1
0
544
1
41
179
5
3
0
1
535
1
0
0
0
2
834
34
13
1
9
0
22
14
0
640
2
5
4839
0
0
5
2
435
0
0
11
3034
223
2
0
376
19
0
992
9
1
2876
1
2
0
575
16
1
1
4
0
6918
1
0
6
0
0
133
0
48
0
0
0
0
0
0
0
15
11
242
14
0
0
99
0
40
1
1
0
65
191
92
1
193
1
16
1
1
4378
2
1
12
0
28
4
16
15
7344
0
3
0
67
12
0
0
0
25
6
0
15
45
0
2
8
205
1423
0
47
0
27
1
561
6986
435
45
14
0
105
0
0
1994
0
0
4
16
71
3
0
10
4
0
0
1
208
0
0
1
2
40
168
5879
206
0
0
43
0
4
22
0
1
1
0
12388
0
2361
129
83
85
62
0
0
0
0
0
0
35
3
3
12491
0
0
2
122
0
863
2
305
353
1
0
0
3
0
0
172
0
1503
0
0
0
23
0
17
26
4
9
11
0
3
32
4507
0
107
87
0
1
23
3
1
0
246
1301
0
24
0
44
8
2
7
0
0
0
3
0
2099
34
910
0
4109
3
21
3
0
1
52
1073
2
0
0
0
675
0
31
1
3
56
3
548
0
0
0
6
24
102
5700
0
69
33
0
5645
0
0
0
12
24
2297
0
1
0
0
4090
4
4
1
793
18
0
0
222
18
69
0
38
0
10303
0
33
4
0
3458
1
0
0
0
0
0
140
1
0
12
89
0
9
2
2
6696
2
0
1
2
2
368
265
15
148
5
748
0
0
0
0
54
0
2
629
11
339
13
0
608
20
1
0
761
439
48
1392
0
2
23
63
292
20
19
0
0
69
0
43
1605
5
9
3
4
1799
591
41
182
0
0
0
3
2
15
9
0
5877
346
7816
54
0
0
17
97
0
32
415
5
122
1
1
0
10
9
1
1
8
10
0
0
0
456
4875
0
12
3
0
0
9
1591
1
0
0
1
0
60
82
2
0
0
4
0
237
25
58
0
10
548
0
734
0
137
0
0
0
0
118
0
0
0
24
2
2
1240
14
16
0
1
5
0
5
0
11
1
1
0
0
8266
0
0
0
42
13
67
0
3
1
2
0
0
0
0
0
3
2
1520
0
15
7
128
5062
5340
131
216
53
3
0
2
53
845
0
30
0
0
140
3028
0
9585
0
2
19
0
5
0
52
4
2
30
26
0
141
0
0
24
0
0
346
5280
11
0
50
27
18
3
0
0
33
0
7
573
491
98
8
15
7820
17
99
52
6
2649
6
116
0
676
0
1
0
33
0
0
97
2
17
17
23
645
0
5
172
2
0
106
0
0
0
0
163
24
2681
38
0
12
5
633
6
0
409
1
1
2
73
3
13
71
0
267
3
0
0
68
119
0
169
23
1
7
21
21
53
2
3
6383
74
8792
2
117
181
0
6
82
1
45
22
1
102
2
26
1
0
71
0
1126
4160
1
0
3
163
0
1119
248
260
1371
36
2
868
3
1
9
6
2
31
57
11
1
1
5
0
0
0
67
0
73
2
5
142
40
0
70
9
30
7
1231
111
14
0
48
188
6
1
0
0
8
3464
0
131
0
19
11
1
49
672
0
38
28
34
0
1
24707
0
6
0
1
1281
0
14
0
10
2
657
1
4
0
0
0
0
5
1
1
0
20
0
2
0
418
257
0
2
1
4
2
0
0
2056
23
39
3
82
686
11
0
171
57
0
1
0
0
13
0
165
2604
142
18
36
128
0
540
1
0
0
0
0
1
2
1
6
1008
0
131
1
115
4
4
0
279
98
49
25
0
1
1
0
0
1
0
17
1
43
0
0
170
1
0
2
4
1
5
94
147
1
1
134
1
1181
19
0
2
0
201
15
1
1350
0
0
0
0
18
24
0
1
0
5
12
0
0
2735
1
8271
1
16
11
1
1
2
0
1
7
5
4
3
0
78
12
0
4
0
0
463
53
85
45
58
30
11
1
12
82
1
133
5
693
3
430
6
46
7
10
502
473
2
18
0
67
138
1829
5
2
1
35
0
1
5
22
2
0
0
4
0
0
10
25
1
285
0
10466
192
6
32464
30267
2816
28
321
2113
41183
291
28
28
434
5815
11
3566
5104
0
1612
11
1612
0
4
1612
1612
620
12537
5285
839
2286
1139
1612
5215
1612
75
541
1612
0
75
2117
4869
7696
75
75
1612
75
1612
1612
1612
3421
75
1612
628
628
75
75
1612
5285
0
839
11450
1210
91
521
0
5
4
283
24
21413
13016
20
10802
19
16398
10339
1
6
7826
8224
0
8204
11
2534
11
8204
7521
11
11
5
5019
176
19
71
6096
11
709
11
0
5573
1023
8204
0
26
358
1358
17971
0
11
0
3758
1023
11
2
456
1023
12414
1402
17971
0
11
176
3355
20
235
3
53
0
0
0
0
4
1079
8
10014
2
0
5226
0
1636
11
9188
3
7
333
283
30
0
30
0
7394
30
0
18
411
6520
0
0
35
0
3
0
111
25
541
0
111
0
11160
1527
4543
111
0
111
510
75
0
0
747
1791
4610
1244
130
111
0
382
31
0
1764
0
148
30
0
458
1
0
546
11
0
10
323
3
0
9
311
4
0
4927
7600
263
740
15
1632
0
1
87
0
343
0
1
0
68
0
0
1
0
656
0
0
0
31
6115
9
22
36
31
138
31
1
0
0
33
7
0
22
18
1107
31
0
5984
0
1
12
0
0
8
62
8
17750
0
1
350
261
24
1678
0
1
27
22046
0
0
4
3
0
6
3
0
0
896
0
0
2732
0
490
43
56
2
28
0
28
139
1
0
0
0
446
8
0
1
0
932
0
0
62
0
0
27
14142
7
0
1
0
0
5
0
101
0
21577
0
59
523
3
13
157
2
30908
610
0
63
0
19
3
0
8907
2
1
3187
1
0
7
3295
0
0
382
38
383
60
12
25
0
58
1697
1
92
0
90
343
0
0
75
0
1
23
0
2
0
1
0
38
52
0
1908
0
1
26
0
0
3093
38
19
1
0
0
0
17
2
932
2
0
0
0
4
423
12
0
11292
151
0
3
0
7
26
0
0
5
34
0
114
337
0
22
0
0
7
89
2
34
38
1
75
0
0
0
413
0
161
0
0
1
0
56
0
967
62
1
464
0
136
0
0
0
22
33
0
58
947
544
0
177
290
0
6
12007
1022
1550
1
1
3090
10
0
9439
171
5685
0
1
0
49
10
52
1223
0
33
0
0
0
0
3
77
0
0
16
1
256
0
6
0
53
452
95
31
0
5
0
5
0
0
0
0
192
49
59
31
0
5
50
0
1
2
86
0
42
0
286
0
5392
1534
0
215
653
3
0
3725
0
919
9
2533
0
53
41
1
0
0
4
0
1
1135
1829
1
0
0
441
0
0
0
0
306
9
2
0
41
1637
123
29
0
196
1502
1
88
20
2
0
0
47
36
28
0
171
1502
389
0
5
83
0
0
1
1099
0
168
3105
171
1
0
77
5126
0
0
1
472
0
20
585
2221
3
0
0
36
0
6905
179
76
408
43
0
195
1
303
0
1
0
0
1
660
26
574
1
581
0
2
51
2
38
35
0
38
714
0
0
0
0
2
54
2
0
0
417
0
0
2
0
0
0
44
0
36
0
1
403
0
0
100
14
15
0
0
10339
0
49
4
1
3
0
1
7
0
68
56
4
30
0
0
2
20
0
424
0
3
0
0
1
0
5
43
0
0
0
1
0
1
0
0
0
0
3
45
0
0
12
131
1
117
0
0
413
0
671
0
228
97
1718
3
0
473
1
2597
0
4
148
0
8
2
20
0
1
542
1
178
0
0
0
0
935
1
0
0
321
0
2
0
0
0
10
27076
0
0
384
0
0
0
0
350
8
1
10
0
0
0
459
0
0
0
0
34
0
0
2
806
0
0
2
122
0
1188
782
0
0
7597
412
1
19457
1
0
124
4635
0
6
5
1
1285
38
16
0
2
0
0
3
0
7
0
0
0
365
2
34
0
0
0
0
359
2
47
0
0
1
0
3
0
0
7
18
74
1
179
0
0
0
1
0
0
229
0
0
0
8287
0
0
0
5
3
0
18
0
0
0
27
0
82
2
0
4
1563
25
0
0
0
362
46
0
0
1
0
4
0
0
0
0
132
2
49
13
8569
117
25
0
0
2
74
2
466
0
306
9
60
1208
2
0
0
2
74
0
1
29
0
0
29
281
1023
261
5310
0
0
5670
12
0
2700
0
0
1345
0
1
11
1
0
0
303
0
0
1
0
14
0
1
3
0
2
30
44
115
0
14
2568
2
0
0
74
0
0
0
0
285
0
0
0
0
3
0
0
3
2
0
0
314
0
1
0
3
2
0
9
99
8
0
1
1
891
0
3
2591
2
0
12
8544
0
369
0
0
0
3
1924
2691
0
1
0
0
1
18
1542
0
15
0
0
0
1
1
2
0
0
12
2
0
0
10
0
0
0
275
2
0
0
10
1665
1
1
7
0
0
0
20
2
34
6
138
2
2589
2673
4819
1
93
0
1
0
71
1
0
0
1
1
0
1
0
0
56
3
482
44
1
32
9
0
0
1
3
15
0
0
10
1
3
0
7
0
3
0
0
0
5
2
0
0
0
137
5
3
0
336
0
0
6
2
0
0
0
16
0
0
0
0
0
307
1209
356
46
0
13
0
1575
0
300
0
3696
40
2500
26
2
363
4
0
92
56
3
0
408
39
0
0
0
1
7
0
0
1
0
1261
0
1
0
0
0
4
39
5
120
0
15
2971
2
6
49
43
1
1
30
4
114
0
0
18
0
0
11
0
123
86
0
30
1
3036
0
0
0
0
43
1
1
0
48
0
459
0
0
0
0
0
909
0
1
0
0
0
0
412
3
215
25
1297
0
2532
444
0
0
0
0
3
0
0
0
0
0
2
2
0
0
0
85
1
0
0
0
0
0
1
21
0
0
0
0
83
0
13
0
4605
49
15
6
2
184
131
3
5472
35
0
101
382
0
0
0
0
3
0
0
113
0
0
0
0
1
3
0
0
0
88
98
1
0
31
364
22
0
1
11
1
4
0
0
1
13
0
0
41
0
1
9
1
0
340
3
333
26
14
21
477
364
0
0
0
0
0
3
58
0
0
0
5
58
0
0
14
354
26
0
0
1
0
0
0
0
15
1
554
0
0
6
4385
1
0
922
0
0
0
0
1
7
0
0
0
0
1179
9
1
3
0
0
1
7
0
0
0
14
0
1
2
0
16
0
64
63
1038
0
16
0
0
1
0
0
113
0
4
4
0
212
0
24
0
0
8
0
0
23
0
64
0
0
0
0
0
0
7
0
3
1125
449
3
0
12
322
3
338
24
932
0
2355
0
2
0
0
0
172
3
288
1
25
469
745
0
0
6
51
2
58
22
0
1047
47
10
234
12
0
0
0
4
7
0
0
822
6
1
2
22
1938
0
2
11
0
0
0
172
2
6
17
13
52
101
3
1036
413
27
0
0
0
0
3
0
0
0
22
647
0
0
1
1
0
1
2
0
0
5
0
0
2
0
0
1324
0
47
73
2
0
1
0
26
0
2
113
58
11
0
0
13
1
22
0
0
1
1
34
83
0
0
0
0
117
2
0
0
18
0
0
0
70
0
0
12
646
0
0
6
5018
1
15
60
5
0
68
0
656
0
0
3
7261
0
2
17
20
11
1
2
21703
17
5
1241
0
1547
0
0
0
0
3
0
7
21
0
30
26
273
115
0
0
0
1
0
1
118
0
16
2419
2
0
37
0
2107
0
0
0
1
0
0
0
0
1
0
11
0
2
11
0
0
0
243
0
0
2
0
0
0
29
2
1
0
0
0
6
1
2
46
0
138
1
7
0
0
18
0
5
0
175
24
0
3
0
1
0
0
280
0
0
0
1
0
2
1
1
3
0
1
0
0
0
0
0
0
2
12
36
13
53
86
2
31598
650
2
0
0
1
11
33
54
5
0
610
2
0
36
111
1437
13507
0
0
0
26
21
0
0
0
0
6
0
6
0
0
119
5
0
57
1
0
0
0
11
1
9
1
2
0
5
3
0
0
127
83
9
0
0
0
0
117
2
1
0
13
0
3
0
368
23
0
21
55
2
0
0
109
1
2
1
1
4
0
2
469
0
0
2
21
0
0
954
0
0
2
0
1
0
950
406
0
0
0
0
27
1
646
4
0
0
1
0
1619
0
0
0
35
3
0
2
0
1
12
0
58
2
0
35
0
1915
0
0
30
0
0
0
609
2
0
57
26
0
0
7
3
0
45
3438
0
0
0
0
1
1
0
127
30
2
3
0
0
0
9
5
0
10
0
83
0
0
0
0
309
24
386
0
2702
556
7
0
0
0
0
2
24
908
0
0
0
0
1
4
0
1
0
0
0
0
0
16
1
0
1
3
2
0
1463
0
0
0
23
1
0
6183
3950
1508
0
1
0
0
0
0
0
0
0
0
0
0
2
15
0
0
0
204
2
0
3
0
0
0
5
1568
0
0
0
0
3
0
0
1
6
88
0
8
2
0
0
145
0
0
0
0
0
0
0
9
3
0
0
0
2210
556
7
0
0
40
0
160
47
0
0
8
71
62
0
0
0
0
659
0
8
0
10
56
0
0
0
0
93
0
0
6
5205
1
1
4792
144
2
0
0
93
64
0
0
0
0
14
0
0
0
50
3
153
4
0
0
0
0
836
0
0
0
0
0
30
357
0
0
0
1061
0
67
2
8
0
229
0
11
0
2
255
10
0
0
2
0
1
0
2
100
0
13
3048
14
3
0
12
0
2
0
350
34
0
5
2
0
0
0
0
37
0
288
5
0
0
0
0
2
0
1
15
0
2638
409
5
0
0
1
0
81
180
2
1612
1612
1612
6201
75
1612
75
1612
3819
1612
1612
11
1612
1612
9517
1612
6201
302
1612
21286
1612
22721
75
1612
2498
1612
1612
848
75
0
18272
1612
0
4
3946
2286
1612
479
8580
1612
3819
0
0
75
1612
1612
2918
9598
9517
1612
839
0
1612
848
0
1612
2940
1612
1612
274
9816
181
684
0
11
3758
11
111
3367
11
0
11
76
1023
1023
2602
11
3758
15794
11
111
517
11
0
11
1
0
11
0
11
3758
1017
0
8204
519
11
8204
7521
1
71
11
1959
54
11
76
8204
8204
7931
11
11
7
315
3391
1023
184
8204
1023
1017
8204
11
0
11
11
3640
5691
9356
84
8204
0
516
0
0
28
30
111
0
1403
233
574
0
30
516
783
0
0
1029
0
30
0
338
111
0
11
0
516
0
111
0
5855
0
0
7394
1995
305
0
5362
0
0
1403
283
0
0
0
0
3570
19592
93
75
0
0
548
0
283
0
4
0
128
2
28
28
5597
0
0
3
0
158
64
886
31
26
0
0
4
4
680
3
607
26
158
96
0
0
0
0
208
26
0
26
3
30
208
0
0
0
0
5004
1
0
26
758
121
26
0
263
0
5
0
138
5
64
1088
0
0
0
2
30
263
26
0
26
693
0
8
0
1155
0
0
1
0
1805
0
0
0
1326
3
1
0
7
0
1
0
73
1805
7
28
68
0
651
227
808
4
629
1
32
227
25
4
0
0
10
0
73
196
0
115
1326
3
0
25
0
28
932
0
7
0
891
1
0
22
32
0
808
15
629
2
18214
0
0
11
0
38
0
38
157
1
0
0
4
31
52
1
21
18321
0
386
37
157
0
1025
75
38
0
0
6
1
0
0
1404
0
784
0
38
0
762
15358
1
0
0
1
4
31
1
784
4
591
2
26535
0
1898
69
43
0
1
1404
1
6
0
0
1
78
0
172
0
0
1826
1
98
0
181
387
0
17
2752
1
71
0
0
1
1
1
0
1
0
0
1441
2
0
0
11
16807
1
16
0
6
23
561
164
5
127
41412
1261
1
1
17
2752
26
6
0
0
1
111
0
10
216
44
0
45
16
26
0
7
230
0
369
141
30
0
34
2
29
40
0
48
0
0
1
9
1
1
51
9113
29
0
322
0
58
0
0
4
81
174
0
0
58
29
0
174
0
4
0
1286
0
5
0
67
42
0
1
9
0
0
12
246
0
363
59
0
0
0
0
3
0
0
0
0
828
1
0
31
0
88
1533
0
2
1
91
0
11
0
44
0
1
1
0
73
2
49
0
91
89
547
0
16
3353
1
30
21
12
2
2572
1
0
3
302
2
0
0
0
635
75
0
44
0
1
0
0
863
1
0
25
1
0
0
41
2
2572
1
30
13
2844
35
0
0
2
69
2
0
0
286
17
2
0
7
0
1578
4
0
12
1
0
110
410
17
0
0
0
1
2
1
0
0
0
0
16036
1
28
0
48
1
221
0
0
0
0
0
0
1578
0
28
28
2942
38
0
0
127
0
0
394
1
837
0
0
0
0
0
145
4
19
0
0
0
0
0
0
481
25
1081
0
1659
0
0
3
0
0
613
0
0
2
11
0
36
0
0
0
16
0
0
933
0
0
38
19
0
745
145
0
0
0
12
0
23883
4
0
0
0
0
300
4
17
2
2
0
0
2
4
0
28
0
1
17
305
0
0
0
19
0
456
0
3
0
0
0
5
423
1
814
0
0
103
1
0
747
0
10
0
1184
3
0
3
1
0
0
3
0
0
76
0
0
16
155
0
0
55
0
14
0
0
50
0
0
15
291
0
37
1064
233
1
9
0
0
3
0
2
0
2
708
0
0
0
2
0
0
0
5
3334
1
0
1
19
1113
1
2
36
147
0
3
25
245
0
14
0
1
279
35
2
6
0
0
12
1
28
0
0
17
1
2
0
1
196
5
0
3
0
1
0
0
2
1
2
48
110
120
397
1
142
1
0
0
0
0
2
26
0
309
2
7
0
0
8
0
3
93
0
0
31
761
7
2434
7
0
0
0
0
1105
140
0
1399
0
761
234
318
1
3
0
0
324
6
1
22
1454
492
0
7
10047
1
0
1
2
0
0
34
1
0
0
0
9
1
0
1566
27
1
0
0
0
292
0
0
0
124
2
49
10
52
82
1
8
3551
0
0
0
2
2
2
2
5
8103
0
0
4
37
0
0
0
33688
1
0
0
0
0
18
490
3
0
2
15
82
0
11783
0
1627
26
0
0
0
0
1
0
0
1147
0
100
37
0
0
289
2
8
0
0
0
0
11
2721
2
0
0
10
0
1
0
73
0
1
156
2
0
2
35
0
1
1
3
2304
0
0
1
186
71
89
40
287
0
0
0
0
67
0
0
1
0
2
2114
40
0
0
275
2
7
304
0
1
0
0
1
6
0
0
0
0
9
8
1
0
0
0
1
2
1
0
37
0
2034
5
0
68
48
2
64
8
1290
1
0
9
27
75
4
8
143
0
1
35275
0
5
0
0
1
0
0
0
0
1
0
0
600
0
0
0
0
0
0
10
10
0
1
16
1
2
0
8207
2326
1
1
15
27
58
5
54
0
1
2
0
5
1
3
0
1
0
0
1
53
1
373
84
2389
5
0
0
8
0
2
0
658
40
1
22
3
2143
2886
0
27
0
0
0
161
1
1
0
0
5
130
2886
1
0
15
28
55
0
95
0
28
38
8
0
487
37
1
1
1
0
0
0
0
0
0
1217
0
2
0
0
156
0
0
0
0
1
3043
11
2
0
1
37
0
2051
5
0
502
54
1
4
9
1
77
1
0
307
3
5
0
0
21
0
2
0
1
77
59
1
0
1
0
0
0
0
0
7
0
0
70
54
1
3
417
0
0
8
1
1324
0
2545
820
0
0
73
3
63
9
0
0
0
6
7
17
4
1
3
0
1
0
0
0
0
1
0
0
0
71
38
0
0
2
7
0
64
0
46
5
0
0
697
60
1
4
456
0
2
0
0
0
0
0
0
1
0
1
0
0
8
0
0
0
0
0
26
11
1
0
0
0
12
0
0
0
1
0
0
0
1049
0
0
0
157
0
0
0
0
12
0
0
0
5
53
0
11
25
51
0
0
0
0
0
117
0
0
0
1
0
0
8
4
118
0
0
0
77
0
0
0
1
0
760
3
276
1
28
4020
1
3
0
0
0
0
0
0
1
1
8
11
6210
33
1
31
5
0
77
3
97
40
0
0
0
0
91
0
0
0
0
0
1
0
1
0
0
0
0
9
0
0
0
0
0
761
3
0
0
1
0
0
14
24
0
0
12
0
0
0
3
1
0
7
0
3
0
462
3
0
0
6
0
23
1923
0
0
7
5
14372
0
0
0
0
17
0
0
8
3
4
22
47
0
0
1
14
376
0
3
121
0
0
0
0
24
0
0
13
0
0
1
1
7
1
14
39
0
0
0
7
0
1
3
0
0
16
1002
54
101
3
0
63
24
0
58
223
83
0
1
7
125
8
2
599
143
0
0
0
1
3
20
1646
569
0
0
0
0
0
1
0
0
4
0
0
1
0
43
8
0
0
3
0
1
3
0
0
0
0
543
0
6
2
20
1460
149
0
120
0
0
0
86
19
0
0
0
638
0
8
0
2
0
0
0
0
0
13383
0
8
63
2
0
0
4
0
0
1
0
0
4
3
0
3
0
0
744
3
0
7
1
14
0
350
2
27
1401
155
0
188
0
411
17
5
2
0
349
0
0
1
22
86
2711
11
23
50
1
0
2077
0
0
0
1
1275
0
0
247
0
0
0
937
174
0
0
23
23
0
53
322
87
0
0
0
0
272
0
27
1121
13
0
0
0
0
0
1
719
0
1
0
0
1
22
86
2390
10
2
0
0
0
1
1
81
0
0
0
0
3
2
0
0
325
0
1
0
0
0
1
4
0
0
0
1
0
0
515
754
0
0
3
0
7
0
2
0
0
0
0
1
0
76
0
1
0
0
2
0
292
17
3
1
0
0
72
0
0
0
0
3
1
0
7
57
0
1
0
0
0
0
0
37
0
2
0
46
1
0
142
76
5
0
1
1
1
6
0
0
30
0
2
315
76
0
0
0
719
0
0
292
1
0
0
0
0
0
0
0
145
0
163
0
3
0
0
0
1
0
0
0
0
0
36
0
2
1
0
802
0
0
0
167
1
1
0
3619
594
0
1
1
0
35
3
0
1
0
1
0
0
10
0
82
0
1
2149
0
0
4
0
0
1
0
0
0
0
25
1
0
0
172
0
0
13
85
2389
7
0
17
47
0
0
2
95
1
1
0
3659
749
0
29
59
2823
9
2
4
0
0
23
0
5
4005
7
3
0
0
0
0
0
2
36
920
0
2
35
0
0
0
0
2
0
0
1
0
1
0
1
6
0
70
0
0
20
6
0
1
0
0
0
2
1
2
0
702
0
0
11
0
0
31
0
5
7828
9
0
0
0
0
20
8
0
78
0
1
0
6
0
0
0
0
0
0
5
0
0
1
17
24
0
1
0
0
0
0
218
3
2
0
0
0
0
10
0
0
0
0
1
5
0
0
42
0
37
0
2
18
58
2231
4
27
26
0
85
0
1
0
0
0
0
14
0
0
1
19
0
0
0
0
1487
0
5273
5
0
24
0
0
96
62
0
0
0
1
0
0
109
0
0
2998
16
106
0
6
944
0
2
63
0
0
0
0
314
36
0
85
0
0
3651
35
0
1
0
0
0
1
0
0
0
0
0
1533
0
230
1
1
0
0
435
0
0
0
0
0
5722
0
132
0
0
0
1612
1803
3819
1826
466
11
1035
1612
12859
2286
1612
77
75
6065
75
2286
9448
1612
5215
1612
466
1035
1612
21286
1612
22721
1826
1612
75
1612
0
820
5104
1788
5569
0
1612
0
5215
1612
75
1612
302
0
1612
1612
75
1612
180
1612
1612
75
18272
1612
1612
1150
1612
1612
0
1035
75
1035
1612
75
11
0
76
29
15
1050
1410
11
262
71
11
1644
0
2145
0
71
2554
11
709
11
15
136
11
0
11
1
29
11
6443
11
8204
1
29
5671
154
8204
11
8204
352
11
0
1023
517
8204
11
11
0
1023
295
1023
3758
0
519
11
11
2007
11
11
8204
902
0
66
3758
0
0
4315
1403
0
39
354
0
0
35
328
30
1029
111
779
111
0
18
0
3
0
39
0
0
30
0
338
0
0
0
0
0
0
12
13
1011
0
128
0
0
0
111
627
287
0
128
0
111
627
0
43
90
111
5855
0
0
856
128
30
0
2
111
19
90
111
0
0
0
146
0
5
1821
0
0
5
111
0
31
318
31
68
0
0
1
0
0
686
0
0
0
0
146
26
8
0
0
98
0
0
568
0
693
0
0
26
31
2
14
0
527
26
31
2
140
30
0
31
0
0
0
0
527
111
0
0
31
1
0
31
0
125
3
32
173
0
5
28
4
2490
0
0
0
0
0
56
1
28
0
28
173
0
28
68
0
651
202
808
0
28
0
10672
0
0
9
0
2
0
1
196
0
0
48
0
2
196
0
0
65
1
1
0
5
0
0
1
2
0
0
1
0
364
1
0
38
69
31
0
54
29
39
1380
0
3906
1066
1
0
0
28
0
59
1697
1
92
1585
0
1025
75
38
0
6
6
23
591
0
29
52
164
0
0
1
0
77
0
0
0
1
0
0
0
0
0
0
409
17
4
0
38
201
187
0
894
0
1
0
0
17
4
337
0
2752
2
0
0
0
0
395
169
69
64
0
210
488
7
65
2
34
38
62
0
0
0
1441
2
0
0
0
0
164
305
23
53
1
34
0
34
75
1154
0
1
0
34
1
855
0
1
0
0
4
537
23
561
1247
25
1
0
34
35
0
267
4
537
0
0
9
25
0
28
0
7810
12
0
774
72
53
20
2
77
0
0
16
1
0
1
0
0
4
81
0
0
19
2884
1286
0
0
0
65
1533
1
79
30
0
5
23
0
79
47
0
5
23
0
288
1
7
0
0
2
0
47
0
978
52
5
0
1
7
132
0
0
0
0
4
0
1
0
0
0
0
1637
0
0
0
0
0
0
306
0
44
547
0
16
3353
84
30
0
115
2
0
8
2
98
2
35
40
0
0
1376
1
65
40
8
0
1376
1
5
0
0
0
8
296
1
0
8
0
0
1
2109
1
0
0
69
2
1578
56
13
761
0
237
0
0
0
0
1
0
0
1471
0
1
0
0
142
40
0
0
1
2
1
0
27
0
1
143
391
36
0
0
0
2
0
0
0
1
83
2
24
0
0
1
803
1
1
0
0
364
0
0
24
2
0
1
0
165
1
0
8
373
5695
10
91
852
42
17
231
128
0
0
1
0
119
0
3
20
0
424
18
1
11
0
36
0
1
0
0
696
0
20
2
0
0
0
1
281
20
2
0
0
0
281
0
2
0
0
0
202
5
86
26
38
1
2
0
37
885
0
44
1810
5
86
0
0
1
786
0
0
20
0
24
25
2
2
0
2
22
0
273
0
2
0
0
1
0
10
0
1184
1
0
7
47
0
0
0
619
0
0
2
1
2
27
313
0
0
1
0
29
313
0
28
2179
2
0
0
0
41
10
0
0
0
0
0
3
2
0
0
834
3
0
1425
0
2
0
1
0
31
1331
0
6
25
0
0
0
365
2
0
367
25
245
0
1657
3
1
2
3
28
0
0
0
2
26
0
379
0
0
0
0
0
379
8
0
0
0
0
2
2
0
35
0
0
26
8
1
11
0
104
0
2
0
0
1
0
4
71
3
1
1
7
2
0
2
117
28
0
0
0
0
0
132
0
3
0
0
0
164
0
0
0
1
0
0
8
0
276
0
1
0
0
0
6
0
52
0
3
0
11
0
89
0
0
0
3
0
0
1
3
0
0
1
0
1493
0
0
1
1
4
0
65
41
1
91
349
38
1
0
0
1
0
51
105
0
14
2568
17
0
5
8103
0
0
4
37
1247
0
0
2
7
0
0
0
289
2
0
0
0
1
1144
2
0
0
0
1
0
1351
8
1
0
0
0
362
0
240
25
448
0
6012
8
1
16
782
0
0
21
57
3
0
2
0
1
0
0
376
67
0
0
1
1
2
2
2
0
1
1
0
757
0
0
0
0
12
49
1
0
0
0
138
9
198
3
22
1
138
0
220
25
637
0
12
0
0
296
1
0
0
0
3
0
0
0
41
0
0
0
2
0
0
0
0
1107
0
0
439
1
1
0
0
3
0
10
1
3
0
2
21
9
27
75
1
1350
69
0
1
0
395
0
7
118
0
15
2520
2
3
0
0
1
2520
0
3
0
0
0
1783
566
57
0
30
1
591
0
0
5
9122
0
0
3
57
0
114
91
17
0
0
3
0
0
0
1
31
0
493
0
0
0
1
0
1261
1
0
0
8
0
3
190
38
1
35
0
1
0
0
0
0
1
2
3
0
12
14494
0
2
6
0
5
10124
0
2
384
0
0
0
330
0
6
2
0
10
1
0
327
0
0
350
20
0
0
0
1
1
14
0
75
0
0
0
0
202
25
1297
0
2532
5
0
37
0
2051
2
0
29
67
0
446
807
6
0
10
1
3
0
0
2
0
1778
0
0
1
2
0
10
1
0
25708
1708
1
0
0
2
1
12
9
42
96
0
1
1708
0
12
0
0
1
7
0
0
11
0
0
0
364
2
0
3
0
0
0
32
0
1
3
0
1
4
0
44
55
0
0
0
3
0
0
0
0
1311
7
13
25
4
19
1311
2
13
11
51
118
5
2
75
37
0
14
130
2
0
0
14
0
3
33
62
8
0
10
0
39
2053
0
3
38
1
0
0
0
156
20
0
6
4385
1
0
5
1
0
0
157
0
0
1
0
0
8490
321
1
282
26
1217
0
2242
0
0
0
4
0
12
1
0
0
19
0
1
0
154
54
0
0
2378
1
0
36
0
2273
1
0
68
577
0
269
49
0
1
5
36
0
2
106
0
12
1454
1
0
0
7
0
2009
637
0
0
77
3
0
15
0
0
1
3162
0
0
4
0
0
0
3675
3
0
31
0
0
601
9
0
36
0
2800
0
0
1
0
1
4
3
9
2
3
0
1
0
0
1
2
0
1
0
0
0
0
1
0
0
0
1
0
2
0
18
12
52
101
0
2135
5
0
0
0
97
1
0
0
1
3139
4
0
0
6
4032
1
1658
710
1
3
0
0
0
0
1
3
0
1
0
0
0
0
1
0
0
0
3
0
1
129
0
0
0
0
151
0
563
0
0
1
299
13
0
9
1
12
0
1
0
0
18
0
5
1335
0
0
0
0
16
1
0
3
1
31
70
8
2
0
7
0
2
0
3
0
2
1
1
2
2
0
0
142
0
4
0
0
0
0
1033
2858
0
0
48
3
0
4
0
0
0
0
0
0
0
1
0
4
0
0
0
0
1406
8
0
38
0
2107
2
18112
167
2
0
0
1
0
16
1640
0
720
1031
2
34
13
64
86
2
7333
0
0
17
0
87
1191
0
0
34
3
99
0
0
3
12
0
1110
19192
5
0
0
0
96
0
0
0
0
5
0
0
24
2
640
1
303
25
371
0
1367
0
1
3
0
1
0
0
44
23
0
53
4
56
0
1
13
1668
7
2
1
0
11
0
43
21
5
0
0
527
4
59
5
0
0
0
3
2
63
1105
0
0
568
8
0
0
0
0
15
2
61
1
0
9
0
57
0
0
0
0
3
0
0
0
59
485
2
0
0
127
0
0
510
0
7
0
271
0
0
0
0
6
0
1
0
36
0
1967
0
18
0
0
0
0
0
39
0
0
0
0
2
0
0
1
14
0
1
0
203
0
0
0
2
0
0
0
0
25
0
0
0
211
2
0
0
6
5876
0
1
39
0
0
35
3
0
0
0
0
719
0
2
322
0
0
2773
17
1484
7
1
3
0
1
0
0
271
0
0
5913
0
75
363
0
0
0
3
63
0
0
193
82
0
0
24
25
0
75
3
73
0
0
0
0
2
0
0
0
93
17
3
0
10
0
1
0
7
0
0
0
69
0
0
0
1
0
0
0
1
1
44
7
23
0
3
0
0
144
0
0
41
133
0
556
0
40
53
139
0
91
197
0
0
0
0
0
0
0
84
0
3
0
332
0
0
0
3
0
0
89
0
14
2982
0
30
13
28
88
3
4937
0
0
0
0
0
5
0
1
0
1
0
0
0
32
0
0
674
460
0
0
30
3
32
0
386
0
0
0
0
0
322
0
3
0
2
679
1
0
0
3615
0
0
0
0
0
0
2
154
1
0
31
5
0
0
1
0
1
2
0
0
1
0
1
0
262
2
0
0
0
2
0
0
0
0
5
0
49
0
0
5
8
2036
6
0
0
0
0
0
0
0
0
0
1
0
0
0
0
0
0
0
0
42
0
2500
1
0
0
0
0
0
0
0
0
0
1
3
0
8
1
2
0
1
0
38
0
1985
0
0
40
30
0
5
3
2
2
944
0
2
10
0
0
0
0
4
49
603
0
0
0
0
0
0
0
0
0
0
33
0
0
0
0
0
0
0
77
0
0
612
5
5
0
0
0
1
0
0
77
18272
1612
1803
708
0
0
28
3418
1035
5104
28473
302
18272
1612
5285
0
0
302
1612
1035
11105
0
465
6759
0
1612
75
839
279
1612
839
1612
1035
14066
1612
1612
28
398
1612
1612
1612
302
5503
1612
1612
8509
5104
839
418
1612
1612
1612
466
1035
1612
21286
9867
1612
75
1612
1612
3421
1612
75
519
11
0
23
8204
8204
4440
1425
2949
0
959
517
519
11
176
8204
8204
517
11
136
4641
8204
3169
230
8204
11
12833
19
15275
1023
184
11
655
4308
11
11
3712
4175
11
11
3758
517
0
11
11
5737
29
20
994
11
3758
11
15
136
11
0
180
11
0
1023
11
2
1023
0
6234
0
4315
2224
0
0
4
258
0
84
0
5471
1
0
0
0
0
1
30
0
3091
0
9
787
0
0
908
0
18
75
0
0
2
35
30
0
680
344
0
0
90
1
179
0
0
1346
12
0
1616
0
516
0
39
0
0
30
1349
0
111
75
0
0
75
111
0
0
0
11
0
0
49
301
3756
11
1207
40
47
0
157
0
0
79
896
128
36
0
0
1146
0
0
271
0
43235
0
0
0
32
5962
87
0
1784
0
0
26
0
79
434
0
0
0
0
1
18
0
3
0
0
1263
0
0
14
26
656
0
0
33
0
31
9
0
125
0
25
0
198
0
1
0
6
114
70
175
40
114
25
150
2
0
522
114
2
8
0
0
60
43
0
932
1
0
1
4
0
28
682
1
0
73
1
150
0
0
0
3546
0
101
0
0
1
0
173
0
28
68
0
73
139
582
0
0
82
0
0
38
69
2569
124
0
1476
1
202
0
0
0
0
1139
0
478
258
0
0
0
0
478
213
0
0
38
184
25
751
263
43
0
45
0
15
286
0
135
38
37
17
0
7
0
201
0
52
19
1
38
0
38
1585
0
1025
75
1
37
0
0
38
52
0
0
22
1536
0
4
0
34
558
62
3
192
1
0
0
2
0
2
0
0
0
0
0
2
40
1
34
337
0
0
11
52
44
0
55
1451
36
0
0
57
1441
1
4
9
0
44
1247
108
23
0
60
1826
1
98
62
0
0
0
62
1
1
0
967
62
0
0
0
0
0
360
1420
366
0
22
0
21
54
0
0
1
0
0
1582
0
1
1
233
0
0
85
1533
0
0
3
0
0
0
50
1
7094
227
1534
2
0
4
322
1
348
27
538
2
373
0
2
63
2
29
40
0
1
0
0
69
322
256
0
0
0
0
5
7
3158
0
0
1170
0
0
0
0
1
24
0
5
0
9
0
0
15
23
41
19
0
2
92
2
2470
160
441
0
0
0
389
1
0
427
40
39
0
16
0
0
9
0
0
1
0
8
83
0
0
2
1
0
45
225
0
0
0
9
2
0
0
2
88
0
7
2
2
2
2561
2
0
0
5
0
64
756
1
29
29
0
590
0
40
0
29
27
0
0
138
34
1
179
0
0
0
0
0
0
281
44
0
1
410
1
0
17
25073
0
0
391
0
0
0
0
286
142
38
0
0
0
410
1
31
639
0
30
35
12
62
373
2
0
38
39
0
79
375
2
93
3
39
51
10
0
0
0
1
0
10
0
0
0
0
1
0
18
2
2
56
1
19
0
0
0
0
36
0
5
0
0
0
1
380
2
427
0
0
0
0
18
1
8
0
0
0
0
2
0
0
2
1
0
11
0
1
0
138
44
10
21
2
34
0
0
0
1
30
1
0
1
0
0
30
420
0
0
0
0
0
0
30
1064
224
132
0
3
0
0
0
0
1
2
65
23
9765
41
33
0
0
2
19
0
456
0
1
0
10
21
1
0
1
8
0
1
350
26
0
3092
7
0
0
0
1313
1
0
0
0
0
0
296
0
30
240
0
0
2
0
0
2
26
0
0
7
2
1
2
0
0
0
31
0
0
2
0
147
2
0
0
70
0
0
0
0
365
0
2
0
0
421
9
75
1193
147
34
0
0
7
0
0
3
0
1
0
1
0
0
1
1
0
442
0
0
0
0
0
0
0
0
4
7
0
0
260
0
1
2
4
45
1
0
0
9562
131
0
1
3
29
0
2434
0
0
41
2
0
0
8
0
0
0
309
2
0
3
0
0
3
2434
2
325
23
60
0
466
0
1
158
0
30
0
0
1
0
15
0
2
74
0
596
27
0
7
0
900
15
27
0
0
0
12
14
30
0
1
0
0
2083
24
1
20
1521
0
0
2
8
0
2
0
0
0
7
2
0
0
0
124
17
0
9
1392
1
2
2
3
1
0
4
0
273
50
3
178
0
1
3
0
1
6
0
340
0
0
0
3
0
0
1
2
1
3
1
0
0
0
22
0
846
0
1
1
61
0
0
0
1
102
1
0
0
1
0
0
0
4
49
8
107
0
11
2721
2
2
0
198
0
0
0
0
3
2494
588
2
0
0
0
17
0
30
1647
0
4
43
0
0
0
292
2
0
205
29
18
1
351
0
24
77
0
0
1
0
0
1
16
18
15
7
52
0
0
28
75
1290
157
0
2
1
1
1
0
0
0
0
1
2
2
23
54
3230
0
1290
7
2
0
833
2
137
0
0
0
1
0
0
1
3
25
0
1
0
0
0
138
0
3
0
0
0
0
0
0
0
0
0
296
7
0
86
0
0
0
139
0
0
0
0
0
823
76
40
0
34
330
16
0
1
10
1
2
0
1
0
0
32
55
3514
0
11
5
33
1
2971
1
0
1
4
43
0
0
0
1
0
6
106
0
14
1542
0
0
8
717
0
578
0
0
3
1
0
0
3
0
0
0
0
0
1
643
1
1
0
62
13
0
0
0
0
0
1
6
0
0
0
0
1217
5
0
10
1
0
6
143
0
0
74
0
2
41
0
101
357
0
0
0
0
395
11
0
0
0
0
3
12
2
0
992
10
0
12
0
0
0
8
712
1
2
0
0
0
0
0
0
0
7
0
5085
0
571
5755
0
0
14
226
3
370
26
1324
0
19580
0
1
2
0
0
0
1
1
18
1182
0
0
50
3
0
2
467
0
1
1
0
3
1
9
1
4
0
2
21
25
472
0
2
2
339
29
28
549
0
0
7
67
0
0
40
0
0
65
0
0
6
0
0
63
39
0
0
0
1
2
0
0
0
64
352
2
0
0
0
5
0
1
3
521
1
1179
0
1053
0
0
0
0
9
2
485
1
0
0
0
0
1030
0
0
0
186
0
80
0
2
0
0
2
1
0
0
0
1
17
0
8
0
0
0
1
0
0
0
245
59
0
4
714
0
0
6
4020
1
0
1
0
0
1
1
2
963
2
0
5
0
3609
0
6
0
0
0
79
0
0
0
0
330
26
864
0
964
1
0
58
0
1
153
1
0
3
706
0
47
6
0
5
1
572
0
4
0
0
0
0
1583
0
0
1
0
0
0
0
0
0
0
7
0
1
0
5
0
63
0
0
0
0
0
1
0
4
0
1
0
11
0
0
0
143
2
0
1
0
0
0
11
10
1
2
0
1
0
10
2
0
1736
0
918
2
0
0
0
2
1
69
1
115
0
0
533
1
0
0
0
0
0
2
8
21
14
54
101
4
988
0
0
0
429
0
45
6
0
0
0
0
6
0
0
6
0
0
0
0
204
15
0
6
7343
0
4
0
3
0
0
0
627
0
38
9
1992
0
2
2
343
3
5
1
1
0
0
0
1
0
7
63
5
0
0
0
0
113
2
1
0
19
0
6
0
299
3
0
0
0
4
0
0
0
1
4
1110
0
2
64
8
133
0
14
2813
2
0
0
6
0
2
3669
0
0
40
475
2994
3669
1
0
1425
1
0
1
3
1
0
0
0
0
1
2
1
0
0
0
1
0
7
13
0
226
2
0
38
0
2077
0
0
76
24
0
8408
1
2586
838
2
1
0
4
1
3
25
0
0
0
1
0
2
2
30
13
54
87
0
0
5
0
0
0
0
1
0
48
1
0
1274
5
0
11
85
0
0
5
0
0
1
7
0
0
2
40
864
0
0
7
1
1
3
0
1
0
0
698
0
0
0
62
5
18
27
55
332
0
0
0
1
0
0
8
1
1
0
1
1
0
8
0
0
3033
0
0
0
32
454
577
1
0
0
0
578
0
1
0
2010
1
29
4
237
28
4
917
0
3
0
0
1
7
82
0
7
2
0
0
142
0
0
0
0
0
0
0
0
355
0
0
0
0
0
0
312
11
0
0
1
0
1623
7
0
36
0
1929
2
3
144
0
0
319
0
2
3
0
0
0
85
1523
33
22
0
0
1
0
3
0
0
1
0
125
76
0
0
0
0
26
0
0
0
35
3
76
0
0
0
0
0
0
0
0
0
0
4916
2
0
0
0
3
273
25
351
0
18404
0
1
4
0
1
1
0
19
54
0
0
0
9
0
0
0
0
1
603
0
0
0
0
208
0
0
17
5
0
0
2
0
0
0
0
33
0
3563
7
0
0
0
0
4
0
1
0
0
3
0
0
0
0
1215
0
47
1
594
0
3
0
0
0
47
15
2
0
0
150
0
0
361
0
0
1662
0
9
5
0
24
0
2258
1
0
23
0
0
0
0
5
0
51
0
38
0
504
1
2
0
3669
0
6592
0
0
0
0
0
1
1
0
12
8
111
10
0
0
0
2
0
0
0
0
0
0
7
5092
1
0
52
0
0
56
3
0
0
0
0
0
4135
0
0
0
0
0
212
0
4357
1
3
0
0
538
7
2
51
2234
0
0
0
0
0
24
0
6
0
0
429
2
0
0
4
2
2
947
0
0
1
0
0
1
0
0
0
0
1612
302
1612
302
1612
1932
75
1612
3045
1612
7150
2117
1612
0
28
3418
1035
15561
2335
5569
0
1612
0
466
7195
1612
0
0
766
36496
25
1035
5503
1612
839
75
0
302
1612
21286
1612
0
6610
1612
0
1612
28
5215
302
5503
1612
302
12859
1612
1612
646
17220
1612
0
1612
1612
75
1612
8204
11
517
11
517
11
6244
0
11
0
11
0
26
11
8204
4440
1425
2949
4898
144
94
8204
11
8204
15
5374
1023
8204
8204
1201
96
1627
136
0
11
1023
0
8204
517
11
0
11
8204
4159
1023
8204
11
9803
40
517
0
11
517
1483
1023
11
2
291
11
8204
3758
11
0
1023
0
0
1
30
2512
30
1
111
0
9
0
294
0
0
0
4
258
0
0
10
212
0
128
0
39
23
541
0
0
20
18247
1
0
179
0
0
111
0
1
30
30
30
528
21
541
0
0
58
0
1
179
0
1
7
46
0
40
8713
0
0
510
0
111
627
0
26
79
896
19
1649
212
208
26
0
26
35
6115
26
0
49
301
3756
58
0
1017
0
693
0
0
0
0
0
0
24460
8
0
683
0
0
0
31
0
79
896
0
48
104
0
0
0
0
798
1
79
434
0
79
7
0
0
319
562
0
0
1
26
31
2
114
196
150
2
0
0
1
227
808
23
1610
0
810
122
0
198
0
1
10
0
10
0
2
0
173
1
0
0
0
8
9
2733
35
54
0
253
0
25
150
2
68
36
0
1
0
0
0
0
128
150
0
0
150
2159
720
0
1802
0
0
0
0
196
0
0
478
0
0
0
3
130
431
0
6
1
0
0
4
0
0
1476
1
202
0
88
0
0
1
0
1585
78
214
0
0
506
0
10
116
84
201
14
28
258
0
0
75
1
1
58
343
0
201
3
46
0
5
0
0
11
13382
38
323
1
38
0
1
0
0
0
2
1474
0
0
0
1
0
0
0
13
3355
0
2447
2458
34
558
62
3
0
31
1
34
0
34
62
84
0
0
164
0
1
0
0
0
1247
0
488
0
0
0
0
352
27
63
0
0
1247
76
0
9
0
44
0
0
241
337
0
108
1441
34
56
1385
0
1
0
0
0
1
0
5
3
174
0
0
6
3
1
1
366
0
22
0
153
0
71
1533
1
79
0
0
10
0
1286
1
69
1
0
0
2
0
2
816
0
1
0
0
3
0
11
0
2
2676
0
348
20
538
0
3
289
0
0
43
4
79
0
0
5
23
0
0
15
23
74
281
54
1
30
13
55
987
0
171
0
0
0
0
25
3
95
2
35
40
0
2
0
41
2
197
34
253
0
0
1
0
0
6
15
23
0
367
1
2
0
41
1
10
1
9
0
0
195
38
9107
1829
1
0
16
40
20
0
1376
1
29
0
590
0
77
0
2184
1
0
0
7
0
0
50
2561
2
0
0
1
47
0
0
0
2
142
850
28
574
1
29
0
14
1
13
0
2
0
0
590
0
3
0
0
839
25
574
0
0
5
0
7
641
1504
6
1
283
40
0
1
2
0
0
0
1
10
2
0
0
0
0
2
0
0
36
0
3139
431
0
38
39
0
79
5
0
0
0
1
281
18
3
0
0
0
0
3
0
45
791
1
11
119
0
0
0
664
1
0
3
0
0
1
1774
3
0
0
977
1
0
0
14
57
0
36
281
0
2
0
0
30
25
0
1
0
35
0
3
0
3
0
1
5
0
312
44
10
21
488
455
0
0
2
1
0
0
5
12606
0
0
968
2
43
2
41
40
22
1
0
1
0
166
13
0
5
24149
41
526
2
65
40
32
1
0
0
0
0
0
0
1
8
30
313
0
0
0
164
0
0
109
1395
0
1
154
1
121
0
0
0
0
1313
1
2
0
3
26
0
379
0
0
0
277
28
0
3
41
1
0
0
1
25
30
240
0
20
2307
2
0
0
124
0
3
0
0
0
65
0
42
2
0
0
0
0
379
3
0
0
0
0
0
0
0
49
217
14297
165
0
1211
41
5
0
2
0
0
1
1
0
0
312
0
1
0
0
55
37
21
0
2
0
0
0
0
0
439
0
0
0
0
0
2
2
44
10
3
0
1686
9
0
23
1534
0
25
46
0
0
3
0
0
0
0
2
0
27
0
11
0
1103
1667
1
0
37
0
0
0
383
41
0
0
1
0
0
0
0
0
289
2
17
2
0
0
0
7
0
611
0
0
0
0
0
0
9
0
73
0
1
1
0
0
0
1
0
0
2
551
72
0
1
1
3
34
0
2
0
0
0
1
3
215
0
1
1
7143
67
19566
0
0
0
0
14
0
1
3
0
1
14
1
0
0
0
138
2
0
59
0
0
20
5
0
1
37
0
554
67
0
0
1
0
1332
14
0
37
0
0
0
525
1
0
5
0
5
1
18
1544
0
1
138
0
212
27
22
0
3
6
18
1
4
2
2
2326
1
1
1
0
0
29
1647
0
4
7
34
132
0
15
2520
2
0
2
0
0
1
7
0
133
0
1
0
3
221
25
951
0
3039
0
0
3
1
1
3
13197
0
2
1
0
1086
0
0
1
8
75
2520
5
3
0
0
0
0
0
0
0
0
0
1
61
37
1
83
11
0
0
1
3
25
50
0
0
0
1
2
1
1
0
31
0
325
39
0
0
0
330
2
0
3
0
0
0
25
593
1
0
31
458
0
270
40
0
0
0
1
33
0
0
0
0
2
2
0
10
37759
0
2
8
3692
0
156
0
0
214
49
3
0
171
47
0
0
0
1
0
0
10
1
3
0
5
0
0
0
307
0
0
2
0
0
0
134
0
0
5
6637
0
0
13668
0
0
0
0
0
217
0
0
0
0
0
0
0
0
0
62
0
2
2
0
0
12
12
0
7856
22
11
0
0
0
0
934
0
1
0
0
0
0
395
0
0
0
0
0
1311
0
2
0
0
0
577
0
5
113
0
14
1330
0
2
0
8
0
1
246
2
0
0
446
17
3127
5755
0
1
0
1
1065
0
1
0
5085
1311
0
13
33
5103
2
0
14
0
0
114
0
0
0
0
4
0
0
592
0
1
1
0
10
389
26
1217
0
4662
12407
0
0
0
11
0
4
0
0
0
0
4
20
21
9
51
176
4
189
0
0
0
0
8
6
392
41
22
45
5
0
0
15
0
6
20062
9
0
0
45
0
0
0
0
0
0
157
41
0
0
1
0
0
0
0
9
2
485
3
4
0
0
0
1043
50
972
3
0
0
2
3
1
9
1
4
0
1
0
0
19
0
2
1292
809
3
0
0
0
0
21
62
0
9
9
0
64
0
1
0
9
0
0
13
2
1
1
0
0
1
6
17
0
0
7
0
0
14
0
78
0
0
0
1
0
6
4032
1
1
0
123
32
0
14
129
1
0
0
0
0
1481
0
0
35
0
3442
0
0
33
29
0
0
0
0
1
0
0
1
49
0
0
0
0
1583
2315
681
1
3
0
10
3
2
0
1
0
1
1
23
1452
0
3
13
0
0
0
143
2
0
1
0
7
0
3
0
1
1
0
0
1841
0
327
25
598
0
9123
1
1
3
0
1
0
0
779
1
0
0
36
0
0
0
0
341
0
0
0
0
0
9707
7
12982
2
0
0
0
0
0
21
0
0
9
0
0
1
3
24
59
0
0
0
0
204
0
17
14
64
86
39
0
0
1
0
0
3
0
3
0
0
0
22
8
3
0
0
127
0
0
0
1
0
3
6
5
0
0
0
0
0
1
117
0
0
9
0
217
0
0
1
6013
5
0
0
187
0
322
75
0
0
0
1
0
1
134
0
14
2813
13
0
0
11
0
0
0
0
0
14
0
0
4
0
6
9199
0
2
0
0
0
34
3
85
0
0
0
13
0
1
1
0
7
0
589
6
0
0
1
0
2320
1
203
5
0
21
0
0
0
0
0
40
1
0
0
0
0
293
0
0
0
1
0
2
2
0
36
0
1967
0
4
0
0
0
0
1024
2
2
0
8
0
0
633
5
0
0
0
0
18
0
0
0
0
8
2
43
899
0
0
2
1
3
1
7
8
0
5385
0
0
0
39244
327
0
0
28
0
0
1275
1
0
0
0
9
0
9
1
1
0
2
1
3
0
1
0
1
0
1
180
0
3888
2
58
14
52
82
0
12832
0
0
0
0
1
0
0
1
1483
0
285
0
0
1
0
2
0
0
0
1
842
0
0
0
351
0
0
0
16
0
0
0
1
0
0
0
25
1
587
4
0
0
1
0
1623
1
3
0
0
144
32
2
23
957
51
85
3
0
1
0
10
0
0
180
531
0
0
0
3
2
25
932
0
1
2
68
0
0
12
71
2
270
28
3
1
0
0
0
603
120
0
0
31
65
0
7
2
2
0
83
0
0
0
0
237
25
351
0
4193
6
0
0
30
3
0
0
0
1
0
0
8
3
0
37
0
1956
3
1
36
46
0
83
152
0
0
1
0
0
0
0
0
0
0
1816
0
2
0
0
0
0
1
0
3
0
0
0
68
0
0
0
1
9
0
0
0
234
2
0
2
0
0
0
2
0
11
0
0
0
0
66
0
0
0
14
98
0
1
4
0
1
1
0
197
0
3
0
2
64
0
0
0
1
0
1743
1
2
125
2
13
0
14
4500
0
0
33
0
0
0
0
0
0
0
0
0
0
115
0
0
0
0
107
0
0
7
5092
1
5
145
0
0
0
0
4
0
0
0
0
433
2360
4156
2
0
0
156
0
0
0
0
0
0
0
0
0
0
0
26
23
0
0
27
0
0
0
2
0
0
0
0
0
0
0
0
0
1035
1612
6294
1612
0
75
1612
1612
1612
466
6860
1612
0
302
85
75
75
839
1612
1612
1612
4
1612
1612
368
8580
1612
3202
5608
274
226
5104
225
11
440
5669
11
3
323
6
38508
163
44
13680
87
38761
13204
3882
185
17550
13916
994
6
994
169
163
10412
11
859
862
169
10216
3
812
136
11
3
1023
8204
6443
11
11
11
15
3434
1023
8204
517
8843
0
0
57
11
11
11
7521
11
11
1541
54
11
19
54
1
36527
867
31
1832
784
12
1832
100
2
61
5311
18933
2
17
1165
3
55
10
2233
26
405
1093
25
257
514
12554
281
26977
12
1284
23546
1417
2049
6
0
30
866
233
0
0
0
30
30
39
23
541
0
1
2
111
111
0
0
30
0
7394
30
30
5800
0
0
1068
76
9565
0
248
394
1
4
10
1
100
3663
28
70
6
20353
0
4
3
2
9090
2
79
0
2
9
5
1005
202
31886
16
358
392
340
1686
235
76
6
1649
33
0
0
7
0
1649
48
0
0
0
0
79
1587
31
31
1
26
111
0
699
87
111
562
121
0
0
189
3489
0
5
1
728
5551
2
728
8
8
8273
0
7628
1059
3
0
86
20
7303
2
8409
68
210
7
156
230
19
66
1513
190
6
105
265
3319
452
1
0
2057
1
25
0
28
0
36
173
1
0
0
150
521
0
0
90
1392
0
0
0
0
0
0
115
28
251
208
8
2619
116
8
12
2645
22
12
204
38
153
31
24
28
12
0
0
47
0
64
256
42
0
1
0
0
2819
881
197
8
31633
4
3861
3
265
0
201
5
52
784
0
1585
929
1
1585
68
343
0
0
300
28
4
34
2
15
38
3916
1
1197
0
1
1443
2409
0
1
822
367
381
20790
2
19
4236
22
822
15601
498
1376
2
8919
10077
2
2
5
811
111
0
646
2
1
0
79
12
0
23834
17517
229
9513
1134
4688
0
5384
0
1
6
1
0
1077
352
62
72
0
0
0
308
488
209
0
0
189
1227
539
850
22
1
1
4
1
2
0
0
28
0
0
27
0
33
2313
0
73
1
6
0
1211
3681
3
0
169
8
0
0
406
0
2978
0
948
187
25
854
0
360
2
44
13
1
7
1554
1
0
13
689
1
0
0
0
0
0
0
0
2
0
0
0
0
0
2
0
24
43
0
16
118
36
141
0
0
0
1237
587
1968
0
6465
0
774
512
10
40
2
36
0
37
1
323
0
14
3
15190
21563
67
3
91
116
182
42
0
586
74
3457
44
0
7896
1
0
0
0
1733
367
0
2
0
41
195
0
0
1980
0
1
0
19720
1
0
9
78
0
1
137
0
0
193
387
0
0
95
20
2562
776
68
3
19
4301
0
1
3090
16284
1
209
0
46
61
1141
1769
31
7
63
6
39
11
3
0
1370
0
5
42
1120
0
4
28
34
117
7
0
142
776
13
574
1504
196
0
0
2
21
0
2239
129
3
0
0
0
40
0
92
35
255
2
0
0
0
1
18
112
3307
30
4
3
2172
1
5
181
196
303
0
141
3
571
3
1
8871
19
11
5
48
42
238
2
72
5890
1
6138
3
0
0
0
0
464
1
18
2
0
0
1
18
119
0
322
0
2
552
9
33
0
0
12
0
166
5485
7
9
0
12
1
322
1088
6435
157
110
12
160
241
0
40
0
9
2
1
894
4
2
74
0
0
0
7
0
0
955
459
512
12
1699
3
0
0
1443
7912
0
10
126
8
166
0
0
1
255
1
1
22
0
0
0
27
41
0
0
0
0
55
0
7
15
1
441
155
23
8384
19
5
290
1
388
27
0
3
205
4
2
0
0
2
2283
0
41
1
74
0
495
13
630
2
74
93
0
3
6
63
0
2
7
10
0
2
0
7
2307
0
0
0
0
0
1
25
1
0
0
0
62
0
1
2
3
0
0
1148
0
5
20
1
16
32
0
0
208
14
1
37
1
3
0
13
0
1
0
220
1035
1
54
0
151
464
1
0
1443
2
0
0
0
2559
0
5
3
1237
0
1035
1
0
86
1
2
0
51
15
1776
0
0
0
106
142
1
1
0
235
0
30
1453
40
0
0
5256
9
1
1
7220
3556
443
44
1
13
54
0
0
7
0
1
10
1139
77
130
0
59
1
70
1
596
0
539
94
34
55
41
297
18
3
10
802
8
0
7
0
1391
0
3
0
17
1
0
45
72
2
0
0
0
1
1
0
21
53
0
2
31
0
1
174
0
0
0
0
256
7
1
6
9
17
8924
0
8
3
451
0
1
129
5
0
0
0
1
748
3117
1
16
1
473
6203
888
1007
0
6
0
2
0
0
0
40
0
0
1
1332
2
0
57
1
0
18
67
0
0
0
1
1
0
0
1
0
748
76
188
3
0
938
0
5
151
0
0
14
7
15
0
3
2
0
2
80
1
0
0
81
0
83
5
31
3
340
0
28
52
1
17
675
43
1
6
1
0
6
31
0
0
0
6
20235
2
1
2
1
0
22
3
0
0
1
3
35
17
648
1
0
1
0
25
47
0
3031
34
0
1
1076
0
18
0
10
3
96
1
13
1
219
164
30
52
3
8
5598
12
604
198
33
8
5
0
0
17
18
0
737
0
0
0
0
44
2886
1
1
157
5
1
1
0
0
0
1
0
159
24
21
614
0
623
0
1
1
0
111
0
0
9
4
5
0
10
18
0
5
6781
0
3
1
5
0
138
136
23
0
117
6
45
0
0
704
196
0
49
5
5000
1
23
3
61
0
68
0
0
0
1
366
77
35
72
0
5
0
0
0
0
328
0
3
0
0
2
0
2
0
1
22
0
5
0
16
2
0
4508
0
12
70
0
0
590
177
130
0
38
0
162
0
0
0
46
33
3
0
0
1
1
0
4
14
2339
9
1
0
4259
2
0
8
0
184
0
27
57
0
1
507
0
2
0
0
0
0
0
0
8
681
1
0
0
0
62
0
0
1
0
0
47
2
6
286
7
4
0
394
17
0
1
17
0
3
165
0
33
0
0
1
10
14117
2721
2
5
0
1
272
25
46
1
1
4
128
114
0
1
21
0
0
0
0
0
0
5054
0
0
30
263
568
20
0
0
342
0
0
0
0
0
0
51
0
2
0
0
2
171
7
6
1
0
0
0
0
0
5
0
1561
2
1125
76
2
1
1
79
8
148
53
426
0
19
2
77
3
1
0
3
865
1295
1
61
0
2
0
0
0
667
0
1215
489
3
0
0
0
1
21
23
27
0
1
1
1
0
0
0
963
5
7
220
6
175
0
0
1
6083
0
1
0
185
109
4
14
1
2
8
7038
3
0
1020
0
169
3
20
2
124
1
62
1
0
2
8
1
10
1
0
6
29
0
0
1
9772
137
537
445
30
0
18
2
0
0
0
0
1
2
12
0
59
0
0
1670
10
315
6
605
0
0
21671
2
5376
661
5
0
479
0
90
4
108
0
1
11
10
102
140
3
8
28
0
281
3
7677
1
1
1
153
96
1020
2
1
1
344
0
0
3
3
0
0
0
18
0
0
0
79
1
0
25
1
0
56
73
0
0
1
0
1603
1
2
0
0
3
0
0
0
3
64
57
2
7970
12
0
7
471
4808
13
279
14
0
0
1318
0
0
0
60
344
35
1
0
1
2
28
11
170
0
1
1
1
27
1663
1313
0
0
0
0
1
0
4
594
8
1
4
0
0
2
0
0
3
1
0
154
306
97
19
229
527
0
0
0
42
5
157
1
86
0
125
0
285
55
20
2
0
17
0
2
61
0
0
0
859
1
1
60
0
168
7
2
0
305
1
0
0
0
1
5
1
0
0
0
0
0
0
2
0
2
0
0
0
153
0
253
0
1
16
23
0
22
12
6
23
1
0
0
623
0
0
58
1
4
1
4
3
0
64
1
0
5
19
1
3480
4550
2130
195
17
1
1
0
5
1
1
0
456
0
0
0
53
0
0
1
0
0
4
0
0
0
0
0
658
0
0
0
1
0
2
2
2
3
701
162
497
1
32
3
0
102
0
0
82
1
52
108
0
0
0
4
279
0
60
0
0
0
2
1
69
26
8
65
12
341
1
1
2
56
0
1
0
16
3
5
0
0
0
0
0
2
2
0
1
0
0
1010
1197
6
0
21
0
804
4
0
1
0
1
27
0
1
0
159
0
75
682
0
0
3
319
0
0
0
0
25
7875
2
11
1189
1
2
96
3
69
3
0
84
46
2496
1
0
0
2
0
164
0
0
45
7
858
1
1
0
0
78
2
24
913
12
0
6209
7
0
0
0
272
0
0
2
17
87
0
174
1
0
22
0
0
0
0
14247
2329
68
0
7360
64
2500
101
4
15
2
0
0
5
1
58
9
2
6
0
12
3
21
2
6
44
1
0
0
885
3
1
33
0
0
36
1
116
0
0
0
1
0
0
0
893
276
3
0
1
1
0
1
0
21
0
53
10
2
3
16
2951
2048
0
0
6
103
0
16
232
794
1
798
2
0
1
22
21
0
0
457
1
0
1
91
1
0
21
1
4
254
0
0
2276
0
294
0
0
79
0
0
0
1
53
0
0
211
90
0
87
526
27
0
25
40
0
0
24
100
0
8412
17007
1
3
0
12
0
0
0
1
0
199
15
0
1
38
0
3
0
2
9
31
0
31
0
0
0
0
4
1
4
63
0
0
263
0
0
2920
0
0
0
0
0
0
0
2
3
0
0
0
0
0
0
0
15
0
0
0
647
4
0
0
0
4
0
10
0
0
0
0
986
0
3
286
428
0
8
0
0
0
2
5
12
0
0
0
0
149
3
17
2
0
0
1
1
0
3
0
113
0
229
36
185
163
12106
7315
4220
935
54
1643
163
12859
87
0
169
169
404
4220
3309
177
5675
314
4085
4220
2785
38929
12057
5574
12859
10130
390
1621
103
1612
3775
314
274
314
8
320
5104
7461
11658
25738
2702
1612
169
1379
6923
1621
25577
320
0
5104
5676
5104
28517
390
12859
1621
11658
6158
4220
22071
12859
185
2194
36436
5207
816
5073
982
1485
939
1360
4575
1599
0
1757
1757
948
10
0
148
9
1
3
0
516
9
3
1
4116
17
3277
5
18
129
16995
337
1
2
0
12852
6
1
10
239
86
129
27
3767
3
5
3
1252
567
103
2402
13
0
142
43
5
1208
123
647
127
5602
2194
0
2
777
647
1
0
2904
5915
22
0
3526
22189
0
0
11
1313
0
22
0
575
10006
145
174
0
4960
0
2526
117
75
19
9
54
0
41
9565
138
10980
9
229
5
289
1760
3612
301
439
1
9
19
0
162
7
8
43
1572
2
909
90
19
1
5808
8934
307
10
0
0
214
1084
4883
222
59
0
9
23
0
13
106
167
167
84
6791
35
43
61
1
413
173
821
161
33
8452
0
93
4
98
498
12
43
6
17
2
288
15
5580
20897
0
215
1295
662
21
10
273
67
8888
3550
819
5348
1
358
167
1
2867
1148
449
416
4
183
4
53
4
455
4921
10214
1066
46
1
1
2528
557
5
14
727
1853
0
0
709
145
3420
8007
4
1884
9
0
563
183
10
5
18
531
0
2197
32
0
138
14
166
9
17799
28
7647
2608
0
247
38
245
0
1659
78
0
64
1494
22
1
2
0
0
0
1975
3
675
12
1
47
70
4
1
9
1
161
45
19
83
4
11210
97
0
0
962
29
3
2884
453
9490
317
8
39
0
2
328
9
0
1
878
381
216
175
15
0
1
19
35
551
7
237
0
0
23
5
310
25
1
2
157
0
213
0
2692
1
30
253
1
1
57
10
39
8
2
7
14
1
88
712
42
97
31
106
170
1
181
5
5
10
0
177
5
4
3
29
582
351
2
595
0
92
120
4
229
0
11
5649
72
32
15905
0
11
17
10525
0
994
588
0
0
123
1269
431
3
40
1
7
0
358
74
11
0
181
1
3669
142
747
1
4
2
1383
20
1
3
303
104
4
1
18
2
0
5
7
118
22
21
116
0
1
52
41
0
3
1458
47
35
103
3
0
0
3
0
13
0
163
51
4
0
1
55
3461
71
6
0
64
0
1
0
0
0
581
0
6
601
4
806
22
45
1
106
3
0
47
13
505
3
25
331
2
0
5963
20
8
0
95
0
0
106
341
11375
61
11
1
15
2
0
5
5
676
22
0
2
0
140
0
0
136
0
1
0
107
0
17
1
1
538
3
15
0
0
0
1
16
7975
0
11
0
146
91
2
16
0
0
1037
6
5
0
0
5076
908
3683
1
3
0
625
16
651
0
2
0
0
0
411
0
0
0
1
1
0
35
11
0
1
5982
0
11
1393
396
1
188
3
1625
9
1838
2
659
2
15
2
36
0
0
29
530
0
51
225
23
104
0
114
11
3
1
404
1029
1
17
2
8022
2
0
252
20
1
0
0
0
90
0
7
0
3
726
633
11
0
4
1
0
22
0
3
31
0
172
5
1
14527
37
0
0
0
99
0
6
28
39
1
1965
0
1155
1
0
11
8
0
0
79
3
432
12
11
6
2
0
8
37
0
63
0
51
1
0
1540
38
40
1781
1562
0
0
0
0
0
10
7164
64
5
5
39
0
7752
0
4
0
0
192
2
143
8
0
0
2183
97
81
152
0
0
50
457
28
0
2266
192
2
0
0
142
0
26
0
0
8134
170
40
0
2
30
1
0
0
0
0
2
53
23
49
1876
56
0
34
385
947
1443
0
551
6
367
25
4
0
19
20
36
0
1
81
1
0
1
0
9
1
5545
179
4
1
4
30
23
0
0
20
1
229
13
2
1
0
0
46
11
0
4
0
0
322
82
15
108
0
0
0
81
0
24
2512
8
95
1
1
1939
2
0
0
2
328
38
1
0
86
320
0
206
1
0
0
43
0
60
14
834
1
2673
2
170
2
45
16
1
84
11
2205
5986
2
1
4449
65
34
5
0
6
0
1
31
0
501
0
167
18
63
4
0
2
1927
5
209
19
445
85
4903
0
19
6
77
0
0
0
1
1
15
42
0
17
1
1
19
0
0
0
0
0
6559
25
239
223
0
28
0
170
0
1
565
2673
2
26
4290
0
7
38
2962
0
374
0
0
1297
5
9
414
3
2519
369
5
3202
16
1
1
3
0
1
35
4137
2838
682
0
2
22355
0
4
125
0
0
182
0
0
4
0
1525
1
4
0
0
5
668
671
18
99
367
1
4
1
1
9
0
0
1653
0
55
0
0
2
1
0
0
2
0
7
0
0
37
0
1
4547
1
104
6414
1377
156
0
0
1
0
0
13
0
3150
4234
0
1384
233
1
24
0
891
0
1
513
0
0
1306
1
72
264
15
25
0
0
1
1
105
7
3
25
0
34
3
2
146
0
220
425
314
0
469
3
2771
0
0
0
0
0
47
0
0
0
3
159
320
8
91
821
6
2
0
2426
131
3
0
10
1
16
14
1
2
0
23
1935
61
17
17
3
1
1
2542
0
6
299
2711
5
8
0
0
0
0
7
4
0
41
11122
13
0
38
124
0
610
4
37
8
0
2
17
4
1
10
0
43
35
0
0
0
10
9
0
6285
25
114
0
24
1987
18
399
0
1534
0
0
0
0
106
111
0
307
0
18
4
18
6
0
0
0
1
44
21
35
1
0
82
51
0
178
1
0
11
16
897
0
97
14
0
9642
6
1
997
10
3
3
0
50
5
0
13
24
0
0
0
2094
0
38
0
0
1877
0
2006
1469
73
1
1300
1
2
66
3
0
23
1
0
0
0
44
3
0
92
0
1347
0
0
0
5
9
1861
8522
87
1927
0
15
4350
1
1
104
0
0
0
3168
7
450
0
4
7
26
2
94
934
12278
104
0
1617
14
21
0
39
20
12
4
27
0
1
0
1
0
87
2
273
0
0
2
0
146
160
0
8
0
0
6
3618
37
154
0
1657
0
7
0
115
69
18
41
11
6
14
119
97
3487
0
259
1
0
89
581
4051
2
3
0
58
20
87
369
6
0
15
28
5
1331
9
0
14
4
4
139
3686
0
4
4
0
4
27
1
0
139
11
2
120
2214
0
34
0
52
126
282
1066
2
3
2
21
0
6
24
0
9
0
2
0
0
3
11
0
20
2
27
0
0
1
1
0
5
51
14
6
11
0
32
0
147
58
19
145
14
0
61
2055
1
413
169
746
233
75
16
67
1
5
948
71
0
123
40
14
1
0
149
2
812
1
1
837
2
2384
403
16
0
221
0
7
25
2227
8
0
0
1783
3
1
81
39
0
11
1
8
150
2
5275
16
77
5
1412
56
384
1
4
0
1
0
2
0
1
1085
0
6
0
15
2
1406
3
22
1
5
127
10
12
6
82
17
23
0
0
14
203
1489
0
1073
35
88
4
9898
1
25
0
3
747
5
19
0
60
0
12
41
15
12
204
2
0
3
0
2
9
4
6
1
4
0
1
1563
108
88
356
1
1
0
10
0
0
0
4
202
0
4
7
625
39
111
121
12
1
1
20
13
0
11
1
0
203
26
66
8
32
6
2
0
0
190
0
34
0
2
208
2
0
9
127
3
216
15
14
0
13
4
3
164
2263
1
6
0
0
0
3
0
0
20
69
124
3
1513
2
1172
1
0
270
0
2
111
0
33
43
0
1
67
0
2
928
1816
0
0
1
1
22
1
1768
11
0
0
262
86
0
0
12
2
0
118
0
0
0
20
0
4
668
34
8
0
54
17
1411
2403
217
3
0
33
56
2025
0
85
0
5
1
5
0
1
1
1309
1
95
216
38
1
0
0
245
205
1
1168
1851
3
34
3
511
1
5
0
0
165
1
0
0
7
674
3
561
0
1
26
0
3
0
105
1046
0
0
0
0
65
19
7
40
1
1
1
12
0
143
0
0
11
125
2
108
7026
4028
0
0
3
0
0
7
20
56
0
0
1
1
0
1369
82
1
30
13
0
18
0
6
2633
0
0
0
0
2319
3
1
0
1
36
4
0
2474
50
178
42
35
9
1
697
28
3
0
2
300
0
33
0
2
0
0
0
5
2
2
0
3
0
0
4
1
59
0
385
3
33
22
0
3017
75
0
6
1
135
1
0
5
3805
365
26
7
16
3
180
0
0
0
5
0
72
1075
24
1
4
10
0
1
0
137
0
0
6
0
3508
1523
15
1
5426
24
1
51
0
392
0
87
0
1
0
7
44
0
257
0
4
0
1
0
28
40
14
4
202
844
1
0
0
9882
61
0
1
203
0
515
6
0
51
15109
12
0
0
68
1
0
0
938
630
1
0
14
0
790
4
15
380
130
0
0
2
1
55
4089
1154
3
1
68
395
0
8
60
1
0
1
245
169
1
0
13
3
1
1
9
0
0
1
242
10
1
155
3
0
80
0
186
1
0
139
652
2
1
3
2
9
0
292
8
3
0
0
0
3
0
250
383
1
1
0
0
50
0
0
0
70
0
20
3
1
0
99
0
3
1
278
27
5
17
0
0
5
1
16
7
1
4
433
8
0
0
373
15
3
7
0
867
0
1
0
0
0
0
3404
0
2
0
2
0
7
0
0
6518
138
1
0
14
0
836
1
2
0
898
0
3
0
0
371
45
12
2
619
3
57
78
32
8
1896
0
123
7
0
9
1
221
18
0
11
265
2600
0
0
2
881
0
4
0
5
0
0
21
168
430
426
0
228
0
2
0
72
9
0
14
24
3
0
4565
26
4
0
4238
5104
185
440
509
4238
3214
440
67
163
440
27681
28
5104
0
9357
3
100
3
0
75
2286
322
1612
5215
1612
1612
1612
0
1035
302
1612
14066
1035
466
512
8580
3421
1612
466
1612
75
1612
1035
1612
14066
1826
466
140
8580
3421
14066
1826
466
236
1557
1612
1517
2286
1035
5503
0
1035
1612
0
2582
2194
784
11165
0
31441
394
4551
2344
394
4056
60
0
1940
57
42149
4242
42149
1940
0
71
6626
11
709
11
3758
11
8204
902
517
1023
4308
230
15
385
54
2
11
15
11
0
1023
136
11
4308
29
15
1051
54
2
4308
29
15
1036
362
11
102
71
136
0
8204
655
11
86
87
0
4
343
0
45
3
4459
161
3
0
25528
333
1341
408
0
15
0
5386
111
0
33
0
3
0
510
30
0
2
38
1791
35
0
39
8
130
0
0
39
0
111
627
0
30
35
0
39
17
5123
0
35
0
39
18
1934
0
1
998
0
179
0
2
128
115
440
106
0
6
1089
52
2
5
0
3
169
0
9272
2
8246
177
7
177
0
31
68
0
0
1
0
1
111
0
0
1
0
5962
1
0
0
493
33
0
0
26
31
2
6
1649
5962
146
0
0
0
33
5962
146
0
1
4
26
11548
4741
683
0
0
32
527
0
0
194
107
1
648
76
1158
142
92
467
1175
654
15
25
0
2939
7
8504
79
0
56
1
28
0
28
0
0
0
1
2
217
4
173
173
40
40
0
28
173
196
0
0
1
0
4
32
173
5
12
0
4
32
173
32
31
1565
0
1
289
54
0
1
2
3325
589
16
210
1
0
8
4
6
13299
7
0
4052
9
2
153
4
10
16
57
28
0
81
1697
1
92
1
2002
0
1
0
5009
0
21
54
3
0
52
92
1585
0
0
0
0
201
0
0
54
0
194
52
0
0
54
0
2
0
0
0
4
84
0
45
0
8
123
79
303
94
5
3
1
4
8
3
65
2
3
0
651
11
0
3
0
488
7
74
2
34
38
56
0
34
35
1
7
1451
0
0
29
3
62
38
62
2622
0
1
0
5384
1451
2
0
30
36
62
1451
2
0
21
0
7328
982
0
0
0
0
55
1
0
221
24469
2
76
0
103
0
466
162
178
112
0
0
637
0
0
7
59
789
2
77
0
0
16
1
0
0
978
52
69
0
1213
1
0
6
0
0
1
0
0
5
23
1
7
4685
25
0
4
5
0
600
25
0
4
0
1
6
0
0
0
0
1
47
7971
11
3
113
1
1299
10
176
1
101
0
0
0
1
2244
0
0
12490
13312
155
0
0
0
0
0
306
20
0
0
1
91
1117
14
7
0
70
0
0
306
0
0
1376
1
44
0
4
0
0
43
0
0
106
0
0
221
0
235
0
120
0
0
41
1
8
1460
332
0
0
1231
1048
186
102
0
28
2
0
0
1
0
0
2
0
0
0
0
5424
0
1
0
0
0
2
0
1
0
822
3
0
13
498
0
0
0
142
0
0
1
42
1120
390
14
13
391
0
0
70
557
13
371
152
12
0
22
1
13
394
0
24
0
0
53
0
39
3
1
13
11
26
1768
0
2
13
0
0
468
374
8
0
119
0
2
20
0
424
0
29
885
0
0
8
1
795
91
0
151
3
424
18
2
0
0
1
1858
5
3674
91
0
0
3
3
116
91
0
34
0
32
0
43
791
0
1
0
808
291
2
2758
1
2
0
1003
0
23
1
0
104
0
0
1
0
5212
2
0
22
0
247
0
2
0
8
0
0
0
0
3
0
15
0
0
61
761
0
0
26
313
0
0
4
2
13
0
0
153
386
1
16
0
0
0
0
39
4
39
2
459
14
0
1
1
2
1148
14
1693
9
1811
0
10
0
0
0
0
0
259
0
11
3
0
25
0
0
0
365
2
3
1
4
0
35
2
0
3227
1425
1
1
0
2
0
0
0
0
0
195
0
67
1425
1
56
0
3
118
1425
2
0
1
1
47
1
0
0
12
8
8
0
7860
1
3169
36
2
11
1
1
0
5415
0
0
378
0
0
42
1
215
0
0
0
0
0
132
0
0
0
1
994
0
0
1266
311
38
1
43
132
0
0
2
0
3
5
2
1
311
36
1
12391
1
1
311
36
0
100
4
0
0
0
0
1
3
0
341
151
1
1
1310
0
62
0
2838
0
0
0
0
25
0
0
2
1
59
0
50
162
0
14
2568
0
243
27
50
2
0
0
0
9
95
0
1
2568
17
0
0
1
802
2
11
0
4
87
0
3953
38
0
7
86
12
0
396
325
0
0
0
388
0
216
1944
3
3
0
79
0
0
0
540
384
4
0
0
0
0
0
0
1
0
67
0
0
1
1
2
0
3
0
0
1
0
16
0
0
0
0
55
2
2
224
27
22
2
0
0
0
0
0
0
35
0
0
0
0
964
0
2
0
1
37
1
0
0
734
27
57
17
8
13
0
1
1
40
1
0
0
71
0
0
21
0
5
0
3
0
10
1
3
0
5
0
10
36814
0
0
0
1
0
0
0
0
0
2
3
0
0
1
3
0
1
0
0
0
94
0
1
0
0
6
1
0
0
132
0
29
306
0
0
0
819
0
0
666
52
0
3
0
2
0
21
0
0
0
0
34
1
0
0
0
0
1
0
1261
2
2
0
0
0
0
0
44
0
0
3
0
1261
1
0
10
37759
0
0
148
26
0
0
0
0
268
43
0
0
1
2
0
0
0
0
0
0
6
33
1
1123
2851
0
0
0
0
0
5
0
750
0
0
0
183
0
80
1
0
0
197
19
1297
0
864
2
13
13
4850
18
0
203
0
1
4
33
0
356
5
2
0
0
0
0
16
0
1
5
4
0
14
0
1
4
0
0
28
1
0
0
0
2
1
8
7
2491
0
313
540
0
1
0
0
19
37
0
0
163
0
0
0
0
24
0
3
0
0
0
39
0
0
0
40
0
0
18
2
39
1618
0
0
0
0
12
12
5103
8
0
0
0
39
1840
28
0
0
0
40
1885
0
3
8
4
115
0
0
448
2
0
1583
2
18
1
285
1
0
1
0
0
0
0
0
65
0
0
0
0
985
20
0
6
4385
1
2
9
0
42
1
0
88
0
0
0
1
15
0
8151
16
0
0
45
0
66
10
0
0
1
0
65
4
0
0
1
10
34
34
0
0
0
0
3024
1
0
4
1973
0
1
3
519
0
0
0
208
1
0
0
0
0
0
0
6
0
1
0
0
7
0
0
0
2
3
0
0
1
7
84
0
0
182
141
709
41
0
30
2
1
0
232
53
0
0
6
0
207
54
0
0
0
1
0
0
6
1
14
4
9
0
3
99
11
26
1
1092
0
0
3
33598
0
0
29
0
0
327
0
138
0
0
17
12
52
101
5
14
3
0
0
1
1
233
0
0
0
0
0
3
25
1
3
0
1
1
1
0
0
0
0
0
2
0
0
0
0
308
0
0
0
0
514
0
0
10
0
1
161
0
0
27
0
2
0
3466
0
182
0
0
0
0
0
0
0
1
0
0
18
0
0
52
0
0
1
0
1
2
1007
0
0
0
2557
1
723
2
0
0
1
1
0
1676
0
0
0
0
0
138
0
0
0
0
22
348
15
4
3
1382
1294
1
9671
0
12
0
0
8623
45
0
0
786
553
0
0
0
88
0
1469
0
0
8
0
36
0
2107
0
2
5
0
37
226
0
0
0
0
21
0
2566
0
267
0
0
1
0
1
0
0
0
20
0
0
0
0
0
19
1
650
3
1
0
0
0
1613
3
0
896
67
130
676
0
51
0
1
1
0
15
0
0
24
0
0
0
0
13
0
1
4
0
1
5
115
0
0
0
0
1
0
0
63
0
0
791
0
13
5
0
21
305
1
5
0
58
0
0
0
14
0
58
0
0
0
1
0
7
410
0
2070
0
0
1
381
1
3
32
39
0
0
2
3
0
0
0
385
0
0
0
0
93
16
2
0
0
127
2
2
322
0
0
22
3
4
0
0
0
1
19
0
1
0
0
0
0
3
7
0
0
0
1
0
5
0
0
0
183
2
0
6
0
152
0
0
0
0
0
1
75
5
6
0
0
0
0
0
0
0
0
0
0
0
0
0
0
45
0
0
35
3
0
2
19
21
0
0
34
5
0
0
0
0
0
1
648
158
0
0
16
71
34
0
0
0
0
36
40
0
0
0
0
102
0
15
28
3
9
0
0
7
1
0
0
30
1233
80
0
1
1787
46
0
0
121
0
0
29
0
66
0
2
7
0
0
0
0
0
275
0
0
5
1
45
3
94
0
0
0
62
0
575
125
0
0
1
0
3
89
0
0
1
0
3
90
0
18
2937
14
1
0
10828
0
0
4
0
4
0
0
3
40
785
2
17
1
309
0
12
0
0
0
0
0
0
0
121
0
0
0
0
0
0
0
0
0
0
262
0
0
0
1
0
0
0
0
29
0
0
3
210
0
0
0
1
0
197
0
0
0
1
0
1
2
0
31
1
0
0
0
2
577
17
18
0
1257
12
0
2299
39
0
247
0
0
0
34
231
38
0
19
0
443
2
0
0
78
0
0
0
1
0
0
0
1
0
1
0
0
0
0
0
0
0
0
0
2
1
10
1
0
1
5
1
9
1
4
0
2
1
3
0
0
0
2
2318
5
24
276
5
1
6
0
45
0
6849
19
0
0
11
0
9
1
0
10
1
498
37
0
5
0
4
0
0
0
0
738
3
0
0
1
7
34
4
0
0
0
0
0
854
3
0
0
1
9
586
4
0
0
1
0
1573
1
2
0
0
0
55
1
302
1612
180
604
0
12320
169
1612
18700
6
559
169
30
8770
559
1612
1612
1612
48
1612
4000
15121
1612
0
1731
230
54
1612
6156
3556
14031
559
559
169
169
554
11
0
16
0
163
25222
5104
320
14467
3190
12
13953
26463
5104
5104
4220
766
509
9995
12859
17131
5104
163
5104
169
9775
13257
320
517
11
295
248
8204
8
0
11
9392
61
4
344
35
2646
4
11
11
11
9694
11
513
6298
11
8204
13421
166
113
11
30
769
1
4
3914
6955
4033
0
0
992
3434
992
3257
35249
0
12852
13
20
379
19511
2
3527
312
2
2739
37171
4
532
234
103
20871
103
2977
89
18
17
4952
0
0
3102
0
778
741
0
199
28
709
362
2195
5978
709
60
0
0
7
0
52
386
60
2228
8
11910
11
60
16
1293
9643
709
2
86
0
105
67
3540
692
17
7
0
16
4163
0
3897
79
2461
1
14012
651
376
472
18
83
113
62
4801
4
9
45
29
7544
63
0
26
140
12
0
157
4690
57
69
193
4100
9285
111
8
6279
100
0
0
742
0
16
64
98
60
3
201
112
276
78
13524
7
2835
2
0
1
0
617
4
0
0
104
10
175
109
16429
358
6459
167
0
2
0
0
108
1215
921
0
0
25
23
7842
24089
9174
0
2
2
1057
65
0
0
0
13867
480
0
75
19
652
0
4
109
4630
0
74
35
0
13
0
0
0
111
9
6919
154
27106
41
465
51
0
1
6
0
3
190
334
50
491
6
0
0
871
1
0
0
633
1
744
3591
0
4
0
4548
0
92
2179
0
1
25
703
745
0
0
0
1
0
14
135
3
0
125
4
563
55
0
3
561
0
233
3
0
1132
0
100
1259
23910
12
0
179
49
3
94
1
0
186
7
0
104
713
0
107
0
1
235
3
6
757
0
3767
2
20
1067
1156
2241
66
0
1
1117
478
2068
0
432
6
0
2
0
0
0
86
34
199
5
37
0
403
1
418
253
0
0
8
0
3
103
105
37
38
24
43
17355
8
16
0
4
551
0
0
874
308
7
30
581
0
0
1
221
1
351
32
5
1
317
2
4
28
0
182
111
3922
0
34
0
0
94
0
9
0
27
29
67
192
0
81
79
1
9
6
183
4
0
16
1084
127
0
0
119
555
10534
6
5
106
18
375
12
2
19
62
0
26
0
0
1
1
10
2112
0
151
0
102
0
50
2
81
0
65
698
188
0
0
1553
37
0
0
0
305
1
0
12
0
343
146
0
1542
85
0
0
0
40
1
136
4
532
0
0
68
38
0
0
1
57
160
7078
0
0
624
24
1867
1713
6
0
11
0
18
0
0
0
12
0
2
190
0
66
509
0
4
1
13
0
249
278
0
0
582
234
4264
503
72
0
0
6830
0
620
0
3640
1
0
1038
0
3
0
0
2
0
1863
19
228
0
0
10356
9
4
0
0
437
5
23
30
184
1521
2410
163
34
9
0
8
0
55
111
0
4193
758
1
0
0
0
926
0
0
41
6
0
0
9
4770
122
1670
0
77
75
907
129
1
0
1
88
1464
848
5
36
19
0
2
0
7
0
281
1218
6
1814
61
0
0
31
0
1
0
0
940
6
1
25
1
6
193
15
144
3
0
0
0
25
0
0
5305
2
4650
642
0
0
2
182
111
679
3
0
7
53
122
210
0
510
1
16
0
2024
5168
1
0
0
2
5043
0
3632
0
43
803
14
128
15
1
0
1
7
199
0
0
0
2
14
232
1244
4
807
0
11
95
8573
0
3
264
437
0
40
0
518
417
0
8
0
185
169
0
97
165
0
8607
0
1
1
0
10
1015
442
0
6582
5
1
369
3
19
1
55
12
0
6
5
0
0
3
3
0
0
1670
379
3
1
0
0
0
175
0
6
5
1001
3
9039
0
0
14
10211
80
9692
15
126
1
0
0
0
13
2
466
36
0
1
48
108
1189
0
0
1
214
0
4
1
25
1
19
16494
19
2316
1713
0
6618
9
0
0
19
9246
30
1
0
0
14
0
13
25271
3
0
0
0
0
8
0
12429
0
2
66
385
0
37
173
0
1370
26133
1
1
3
26
1
121
0
0
157
29
206
0
0
3
704
1404
1
0
0
548
0
1
1
2
665
0
336
0
25
10
432
18
1
3
2
10
686
17
0
1
1231
41
0
2
0
9969
1
2
3
0
0
2
0
1
0
36
2344
33
0
4
1091
0
864
119
0
55
25
3
0
17
28
183
7306
271
0
92
1714
443
56
1
1436
2
97
11
0
27
0
838
2
2
15
0
4
3088
0
0
48
16
0
13
9
0
0
2
3
4
1
38
40
57
0
76
0
0
1
39
0
0
0
2812
11
4
0
0
4
65
1
2
251
341
83
12
0
1
3
283
3242
8
31
171
0
2
17
550
0
3
196
1
0
5
1494
7
0
0
12
1
2
71
165
45
0
231
0
0
24
1
64
0
3
0
1999
2
0
13
0
5927
4
0
0
8563
0
610
0
0
0
300
2
334
12
2
0
0
6
962
1
1
4
141
21
304
5
46
13
2
1
0
127
1
0
85
1
2
200
10153
225
45
1
1202
16
4
7
649
6029
376
2
3
0
1
0
0
297
44
0
2
13
0
2
1
54
18985
0
0
0
6
0
7
0
0
10554
17
0
3
990
0
0
0
1
9
17
23
9
0
1032
5
76
2175
0
530
0
0
0
0
2
165
349
0
5608
11
0
2
0
15
46
47
1
25
1
0
431
19
11
3
1
8
3
3
11033
15
32
1
2
0
0
90
0
0
0
0
0
49
38
0
25
0
7
0
171
415
0
0
0
4676
4
9
0
0
7
69
3
79
0
0
0
0
38
2
0
144
0
20
0
0
0
0
0
236
0
17
13
847
1030
1
82
0
0
53
1
16
0
1
120
283
21
1
0
0
0
5
1
0
0
0
130
433
68
0
22
0
5
0
4
31
0
0
8
26
35
1
164
143
0
31
0
209
1
117
0
0
4735
0
18
1
0
1
221
6
78
52
35
2
0
2
810
0
1
98
1
0
1
788
0
51
1
0
0
0
0
0
0
0
0
406
1
0
0
0
10
1
860
0
0
8
54
11
0
2
0
0
59
7
2074
0
19
5
0
147
0
0
2630
4
140
2879
88
15
3
2
2
75
10
0
292
1
1
0
0
0
18
0
6
5170
354
4
92
0
0
0
1
6
4
0
2485
6
0
74
1
835
0
33
0
0
11
99
2
0
0
5
8395
55
0
10
0
0
0
0
79
0
11
0
1
1
0
0
0
2345
0
598
8
3
69
10
0
122
0
526
3
32
5
1
1661
0
2
1
1
444
0
1
697
0
12948
12
0
29
0
20800
2
0
0
0
0
3
0
162
4
0
31
0
1
3
41
2
8239
0
0
14
0
183
0
433
0
55
60
109
0
25
0
0
1241
1
1
38
421
4196
127
990
23
22
7
60
0
8
0
1
69
29835
9
2
2
715
0
1
8
15
0
11
1
6
19
357
4
63
3
0
490
0
140
0
5
1
0
20633
1
0
32
155
5
0
0
0
0
10
0
1
0
8
7
14
0
1498
0
0
9
3
0
2
186
368
0
20
3
491
2
0
2
1
0
54
10
1979
58
0
859
0
1
3
52
1267
0
44
8
1
56
61
118
111
25
0
0
0
1
1
1
1
1444
19
4
0
829
8
1
0
0
316
19
3
120
1
0
1
4
2
0
3368
146
0
422
309
297
0
474
6
0
8
328
8675
0
0
3
12
0
9460
2
3
3517
0
6
70
10
2
198
0
0
0
59
263
35
1
0
628
0
0
1887
6
0
9
0
0
0
1701
5
0
0
68
5
120
0
183
195
916
1
0
0
0
771
23
0
0
2113
0
0
137
0
0
0
1
285
1
23
45
27
0
1
544
0
3
0
13
0
0
8
53
0
1
0
0
38
0
0
2
1
0
49
0
0
0
9556
3
2771
70
7
0
944
3
0
0
0
1233
277
1
1
1
3695
0
63
51
2
2
0
4
0
6
2
0
48
0
3
0
8630
28
4
0
6
0
2
10
27
0
187
0
1
0
3
0
36
0
22
8
0
4
0
3
0
0
8
69
0
0
1
0
123
3
1
5
8510
0
12
775
254
0
1
0
0
21
13
42
7
15
2575
86
6
0
1
0
0
0
0
0
8
16
0
9
109
3001
32
5
0
0
105
7
0
0
0
2584
1
503
4202
0
13
1358
1
82
0
0
7703
1
0
14
123
4133
0
0
1
1
21
246
0
0
0
2
0
228
6
0
1
0
0
1250
0
9572
3626
4
734
0
0
0
25
0
4
0
686
1
3363
348
5
31
2
0
40
5
4
0
0
1
0
198
0
88
2215
1
81
0
1
1
1
0
0
0
50
0
1067
0
0
0
0
0
0
13
2
1545
0
0
0
76
4435
0
1
4583
0
0
35
2660
52
37
36
1
3
0
0
0
0
0
252
0
25
293
0
14
1
337
0
4
2
0
30
0
11
1
0
2
0
0
21
0
49
0
0
0
0
1
77
8
0
69
55
1
0
5
1477
4
965
0
0
2
102
0
0
14
1
2517
111
0
0
0
3858
7
0
1
12
6
2
0
0
0
0
0
554
4
0
7
16
1
4
3
4
2
3
0
0
0
0
77
0
3
0
3
1
119
0
40
24
416
0
19
0
113
1
26
145
1
10
5
2
0
1
164
0
59
110
0
16
12
0
22
1521
10
1
0
293
0
0
0
0
133
0
84
1
0
0
0
3
1038
49
1273
4
0
0
66
5
5
1
0
0
0
13
0
0
79
0
391
18
8
0
0
6
0
0
1
1
8
0
0
21808
0
0
2
7
16611
894
5104
0
100
11
10236
1523
4498
12321
5104
9665
169
1060
15933
26166
13304
194
1709
164
603
11616
4220
8
164
9995
5669
5564
1376
12859
5104
5104
21076
12859
3473
3566
4220
6
12853
12859
6
12859
12859
87
6
0
1376
783
169
10397
440
225
163
1621
4735
1621
20208
11
8614
1666
1887
1312
1621
7046
2627
386
6
82
8403
11021
4767
7
618
0
422
1
8
5997
8
1
2
1
9
674
4686
2
22
0
492
22
12
956
741
769
25979
18249
7
597
42
2
10
15642
12
3775
6733
2660
3618
2111
7781
314
736
3
6955
0
595
31
17381
5
1280
5
4
0
0
249
40
1108
5
13493
17
10840
32
10769
116
40
9
20
3
3
0
9182
2
9
5
470
1
0
0
752
10
0
229
14462
262
1
20462
2876
11
0
2
0
4596
10
446
0
1313
0
17007
6
23185
52
6
3932
60
0
0
5
8
1
1
394
2
19
237
19
738
67
60
4
130
260
19
2
12475
27
42
437
1177
6520
43
30
0
6
1004
108
1737
161
73
162
3
7
131
102
0
0
0
4
171
0
247
24
0
0
4
661
329
1
0
15691
1696
13793
5300
4
4309
66
5
0
0
1
0
310
2
3
8
1
1
381
1
1287
212
9314
133
137
544
2
2247
289
303
0
108
5
280
262
86
0
442
90
2
1
4869
600
1
4
116
8
3
589
0
241
5718
1
2
0
10
5067
8529
24
841
7
0
1
5
3
0
2539
0
0
79
0
1724
6
0
59
1615
23092
467
8
12
8
3144
21328
5
435
0
0
0
0
76
8
256
152
0
81
0
0
12
68
7
7
3
939
21
7
0
4422
308
2
153
127
0
4931
4
1075
1
39
1828
18
0
41
978
0
677
420
4
116
47
146
2237
4
3
1
47
10
29
527
11115
0
21
0
233
8
372
1142
0
207
149
19
22
831
7
47
6
79
8
0
5
209
1038
0
617
12
213
0
11
14
387
1962
0
857
0
53
379
122
0
1635
0
5
25
1
33
939
133
22
0
32
75
17
42412
1
83
89
3
1
53
1
122
0
7
1
31
13389
0
0
0
7
1
20
1
4308
5329
0
161
100
33882
55
1150
486
0
15
2
0
38
873
120
0
21
0
1
2
477
5869
152
1
4
0
60
23
758
109
4
1
0
0
0
0
2
0
0
0
91
3
1926
25
0
3
41
5
0
255
0
3729
1
184
1
2080
13837
88
8
0
19
0
10667
3
42
0
19
0
1
0
2
99
0
3562
16
0
0
0
3448
8
0
443
3
0
658
352
13
0
7
4
0
1064
2
1
0
4
28
399
14
270
25
1213
1
21
0
12
55
0
3726
2
25
7737
0
0
118
2
8
0
1957
3
1563
23
1741
4
14
0
2
184
115
41
2
25
541
7
1
8
26
2
83
0
349
14
15
278
0
3054
2435
92
2
0
0
3
0
211
8633
48
342
6
3
0
0
4274
452
57
0
1
42
55
0
0
0
0
2
1
2
54
4
0
458
6
43
0
3
6
0
2
4
7
0
0
0
1
1698
4304
0
193
149
25117
51
181
140
4
1
0
0
413
2115
12
5518
226
38
5
0
2
1
364
36
1
4
16
0
1
0
155
414
0
0
631
2
0
5124
0
2
65
0
3
6
114
0
17
11
0
3
477
10
493
0
4
2
5
7
0
0
35
2
0
1
16
1
41
0
0
1
1
11
0
2
3
7
1
49
0
250
1
5
0
0
0
59
1560
2752
0
0
7
0
33
0
0
566
0
1032
87
72
0
45
0
3
4
0
0
0
0
8
19
1
0
1
1
2
8850
2
1
46
240
0
1
0
16361
2
0
193
207
69
0
13
571
1
8
408
1
0
6501
1
0
60
1600
1
2
9
2
230
0
55
105
3
38
0
1
11501
3539
1
0
0
822
9
9
0
13
3
0
0
8
96
6594
40
1
0
1
0
80
1
0
114
2
14
2
144
101
1
0
7656
146
66
1229
0
3206
28564
0
105
148
10230
47
0
13
0
47
0
2
0
9
16
1
4
339
33
0
7
5
0
5
0
6352
11
2425
1
1
0
8724
1
10156
0
38
2
1
1
188
145
22
1
1256
123
4
0
1
0
0
2
0
12
0
380
0
2249
391
0
461
243
3
0
0
262
1
25
0
0
0
781
65
2415
0
0
0
0
0
12374
0
0
162
132
102
32
228
14321
3
0
205
10
1
6912
0
90
1
125
24
0
1
0
2
0
3524
117
4
19
4
2
0
135
1
145
1
1286
0
1
1
0
8
0
0
213
0
6
1
0
173
13
6
0
19
394
1
4
21
4848
6
3
473
0
0
6823
0
196
3870
0
1184
25
47
917
18
11
29
0
8
161
8043
2
0
505
5
72
0
0
51
6
2065
0
0
80
1
1
0
2
0
244
43
1
2
3
100
168
4037
0
1209
0
2
857
0
296
0
0
24857
0
222
157
7408
11
1403
607
2
43
0
2756
9
69
51
2
1297
18
688
1
75
1
24
66
21
1
25
3
711
2
0
1030
0
78
0
0
69
0
1
42
9
9
371
1
1318
0
0
250
0
0
3
23
902
0
645
0
150
0
0
5
0
2
0
0
238
1
24
0
0
87
0
1
113
116
31
15
0
2
98
0
4
68
0
1550
1
0
2
2
1282
0
2291
4
0
1
98
76
36
183
454
14
1
0
2
83
2
0
227
0
0
380
1
0
194
1
2
0
0
1
49
5
0
0
2
4
0
2
0
0
276
4
0
1
280
4
343
0
14
23
0
12
38
0
0
127
0
0
0
4891
0
3
1
196
5
0
1052
527
0
0
177
2367
5
123
1
1
4
1
1
0
67
1
2
114
120
0
0
0
49
0
0
12
0
1
4
0
3
234
0
0
12
0
7
0
0
28624
0
192
5
1
8
122
0
7
39
2
0
6
5
5029
485
3
0
9
0
1362
121
0
5
5
0
0
0
323
32
178
327
1
347
0
27
0
2353
0
4
1485
1
0
21
0
9
112
0
1
0
7
10
0
0
0
3
9
461
11
5
0
1
0
0
909
1
8
0
12350
9
2
0
227
0
0
1
0
74
78
40
0
7
0
10
308
0
0
7
430
0
1010
0
0
0
28
0
39
0
41
0
13
3
2177
0
106
0
0
31
722
6
0
0
171
8
0
0
0
0
0
22
0
11880
1
28
0
0
3
0
346
4
0
0
0
43
98
13
28
9
197
3468
0
189
7
141
0
180
2
1
1
2
2
3
35
1
3
3
0
63
0
23
5034
6430
4935
30
61
1
282
201
507
0
0
1
0
0
34
1
1
0
1
37
1601
1
4
10
0
14188
0
4
132
0
1
0
0
29781
0
211
391
1
0
0
0
0
0
127
0
18
0
0
0
19
0
0
1
0
0
0
5
0
0
5
0
2
36
33
0
1
6
0
394
2
0
47
1265
110
2
0
4
1
5
79
0
1
2
29
2316
1749
0
1
0
0
0
9
55
0
0
0
0
585
0
3
1
1
0
0
1
42
2
5
22
13
33
1
5
13
1
1
39
0
0
4
2
1
503
44
0
0
0
0
145
1
298
49
0
10
0
2
2
0
0
3
2
208
23
3
1
188
126
0
1
0
0
65
147
1
1
69
804
0
0
3
0
387
0
0
0
205
0
0
5
48
79
1
242
0
1
4
0
7
0
1
732
0
0
7
0
1
0
0
0
1
0
0
2
198
0
10
71
565
0
9
1
0
19
0
1
0
6
1
16
1
0
1
0
6
0
1163
24370
0
355
6
2
9002
0
0
0
0
12446
0
0
0
2
9
0
6
7
56
0
0
0
0
103
1
0
0
0
2
42
2
37
12
1
0
0
1
0
0
0
200
5
1
0
15
1
1119
2
833
0
0
0
9559
482
0
0
0
105
0
0
0
0
0
16553
0
0
1
13
7
0
0
0
0
132
0
4
0
1
2
17
4
1
1
3
128
55
0
7
0
5
5
2
2
4
8
0
2
34
119
0
0
86
24
13
4
0
0
0
0
1
36
0
16
0
6
0
52
1
1
4729
2
106
4
1200
0
541
2
15
0
166
515
44
766
2337
0
3
0
88
0
1
0
31
0
0
5
0
2
1
3
2
26
2
0
0
4
2
0
0
155
0
12
986
28
0
0
7
231
2
1
139
1
2470
1
51
24
1155
0
37
0
26
2649
7
0
42
941
0
0
456
0
0
3
8
9
62
0
6
9
17
0
0
0
0
4274
0
0
79
1
47
9
0
0
3
0
0
152
1
0
0
0
9
1383
10
17
36
7
0
0
112
0
0
0
24
207
84
0
866
1
1719
4
13928
0
0
4
190
20
1429
0
8
16
0
0
86
492
2
316
73
0
0
0
1
10
7
0
0
0
0
188
0
0
8
7
2
4
3
2
0
7
232
9
0
0
0
1
1
1
70
0
2849
3
0
60
1226
0
0
525
1
2
0
49
0
35
3106
14
0
13
461
0
3
17
0
1
303
42
1
31
132
5
0
0
1
0
2
0
1024
70
7
72
0
4
0
58
0
2
75
0
3
79
0
222
0
2
176
0
14
0
5
19
4
33
2
5
7
0
0
0
43
165
0
0
102
359
11
0
0
2943
328
294
0
0
1
60
2
0
2923
0
1
196
3
2749
1089
0
0
0
153
0
289
0
0
4
6
1
0
0
0
0
0
0
5
0
2
1991
6
0
1357
13
14
2
4
0
118
58
6
0
0
126
3
3
239
0
0
16099
13355
4
294
0
0
0
0
107
2
0
0
4
0
125
0
0
4
1
2
9
0
2
7
0
0
0
871
0
21
0
0
1
20
16
0
0
0
0
7811
0
1887
1887
163
0
38
1887
1621
163
440
1621
163
0
1312
1255
355
21711
11374
870
283
38112
27
29
2698
14
225
559
14
86
163
280
0
2503
1197
1128
147
3566
1379
114
163
185
9897
23394
11
16134
24
3566
5104
1455
15
7857
10079
13641
163
1073
5669
13641
0
6
22465
3668
0
1890
100
87
40
40
1854
992
20260
40
5
10215
595
5
1854
992
1108
5
72
2348
1914
4695
0
11226
448
39
1751
367
19
1207
17608
22
1627
34
826
798
5971
1616
219
123
4212
235
21
0
18254
20482
4910
164
221
2152
0
4175
17
127
27993
3402
13961
0
12
16219
91
183
1076
927
826
0
806
10418
130
1055
0
17
1
130
19
453
1
19
0
17
260
504
1
2
1
8
37
0
7526
699
1936
2
1
70
78
28434
218
36
4284
12086
113
8244
27125
491
0
112
0
33
0
172
1709
162
0
10
37
112
93
4282
0
1700
3
20
11779
0
4869
0
15658
6337
3338
0
0
0
21987
409
658
0
537
139
2247
14121
8
1287
658
0
2
1
2
615
22
0
56
1
37632
323
106
0
13
29
189
0
19
27
3808
175
2787
273
103
5
53
217
4
308
52
0
19219
16
0
1282
13
1
99
0
91
7
1
2
27
28
3621
1685
0
0
11084
0
0
2575
304
156
112
50
1
8
256
0
28
435
112
50
8
182
78
383
2
58
35
227
0
0
19
0
0
251
1
259
23
86
3
2478
0
3308
7068
0
1750
0
15440
3711
9
10569
0
0
206
0
1847
2
9796
88
7
6
3697
14099
42
28
549
161
64
73
1
4271
61
26
8396
0
0
21560
24
10
8
453
15673
19
0
21560
79
4
67
26
3
9
0
7
93
0
23
3
13
318
10
1082
1
4324
5
0
107
0
0
1866
6
723
6
25
0
0
101
1668
13618
0
2
128
4
26
27
4
0
0
0
19
375
15520
77
11
0
10
4617
0
1
0
23
0
12
8
0
182
371
0
23
0
264
821
0
3
10
0
16134
0
492
863
1
29
2071
14
0
117
7
139
0
45
2240
42
187
6167
1
3976
20
0
24
36
1596
30
0
239
32
1
52
29
299
0
25
38
0
76
0
0
1099
646
38
78
76
1149
262
49
171
392
0
0
0
0
12379
0
171
392
8
0
37
18
13
2
9
0
96
14
17
2472
22
1605
56
12
87
0
119
1623
27
1182
788
0
979
17
132
1776
0
61
264
0
60
1
0
115
3073
49
3
0
22
10
33
8
2
80
1644
6002
18351
26
1
289
164
28913
24
132
4
13
26
17
0
41
24
132
788
4
0
3
2
2
3458
288
4
2234
4
13
0
22
2774
516
13
0
216
22
0
24
32
194
144
0
94
20
1
342
5
0
14
15
0
212
154
178
0
0
344
18
137
5
19
9
212
307
0
1
152
7
0
505
0
0
20161
2
923
1312
131
15355
0
0
0
1
0
29
8
0
0
4
430
31
1
0
1
2
4
2
384
0
0
1
1376
1
0
1714
0
4
0
69
0
3
7
1245
334
13
0
10444
0
19
28
0
0
0
52
7
0
844
8
6348
985
21
0
0
1
4987
0
20
0
3
9
4
0
394
0
20
14
0
68
0
997
0
0
536
2
6
0
0
0
0
4
2
71
1355
0
4877
25
455
247
16
23
1
16
23
0
11
0
0
48
0
0
265
7
54
0
239
157
46
165
80
2357
108
0
1
576
0
56
0
991
0
1
182
495
1
68
16
0
4005
1
182
1
60
133
1042
61
39
2
1
1
74
0
0
8
481
0
516
6
2
289
8
1
88
122
2
446
9
629
2
1
0
10
40
918
0
1
21
0
34
0
0
0
0
97
642
1
9
0
0
1
170
2489
239
3
240
3
20
125
65
2
0
0
0
3
20
3
3
17
0
0
1
0
1
824
2
0
1
0
2
26
0
1
33
8
1
231
0
1
490
4340
15
44
3
0
3
3873
189
1
0
34
0
0
0
0
91
1
0
17
14
4
90
0
0
0
1
13
3
2
0
13989
0
0
3
0
0
1559
221
19589
0
229
368
2
1
1
1
1
154
5
0
0
0
191
1
0
0
7
0
0
211
135
216
217
44
3
43
0
1
1
0
75
15
0
2
137
3
8
0
0
66
0
0
1
4
4
0
0
0
1208
142
0
0
0
0
678
0
21
1
4
1
2
0
507
0
0
0
245
114
376
14
240
13
2785
2
0
419
0
0
0
0
0
1
0
228
6307
92
746
1
0
0
0
0
0
0
6
3014
0
0
2
0
0
1
74
44
0
0
0
7
0
29
71
0
2373
1
154
83
0
0
86
1
419
9797
1
604
0
0
277
1
0
810
1
0
0
1
0
51
18
0
3
0
40
0
0
3
0
184
8
41
21
9054
81
277
0
1
0
0
0
1
5
76
0
143
0
0
1
0
0
0
0
0
2
2
0
48
63
0
0
56
0
1771
1
30
0
4
26
0
4
9
0
0
0
4
2
2
12
388
0
120
1
0
2
0
0
74
1265
2082
0
49
0
38
8563
260
0
0
201
302
0
0
5
1
0
0
273
1
0
1
0
436
43
0
1727
0
0
61
1
1
11
7
116
15
0
0
0
0
21
2
0
17075
2
525
10
429
0
7
0
521
1
0
0
1
0
0
29
331
417
0
478
1063
207
0
0
439
1
1458
7
1
3
8
2
4841
0
1329
2
0
4716
322
1
0
628
1
0
2
0
1
9
1
607
7
0
0
0
0
0
269
19
141
0
328
8
0
0
365
0
131
61
0
0
2
0
3520
0
9
9
12
0
43
1
272
5
0
0
179
6
0
2
174
0
18
2
0
1
0
0
22
0
55
20
0
0
0
0
0
0
0
0
0
0
0
0
0
44
1
0
885
34
0
0
479
635
18
4
9
13
0
0
121
1
0
1
634
154
0
0
0
43
1
3
0
22
2
499
0
7
3
19
8
154
0
26
34
0
0
194
0
0
1
3
8
0
10
3
0
0
0
18
0
1
0
2
0
0
0
0
1
0
0
872
0
0
0
0
736
702
44
0
0
27
0
0
0
3
3
1
9
10
0
0
607
23
0
4
22
0
3
1
0
7
0
871
208
0
696
0
1
9
41
6577
0
0
0
9
0
17
107
100
1
0
17
2
71
0
0
2
0
2
0
0
4
0
17
7214
32
0
0
0
38
0
11
12
10
0
0
2
0
12856
327
11290
1
436
0
2
78
0
0
1572
0
5
1
1
974
0
3
29
0
2
0
67
52
2
11
0
0
0
0
9
0
0
0
0
0
0
2
0
1
0
0
0
0
0
626
0
0
0
248
0
0
0
0
14
8
0
6317
0
788
529
43
1
0
1019
8
0
304
0
0
0
2
495
1
0
141
12
1
152
0
0
0
5
2
278
198
0
7
0
240
192
0
0
0
0
0
0
12
0
100
13
0
0
0
0
836
0
0
138
0
0
0
0
0
2952
0
198
1305
75
0
0
4
0
1
6
11
0
0
367
1
389
10
647
147
0
3
2
0
555
625
0
82
2
1
0
416
324
2011
57
3726
2
29
0
2
2443
0
1
0
0
1
0
0
0
1
0
0
5
1
0
0
0
6
44
0
0
0
0
0
19
0
4
83
0
0
256
6
0
1
5
417
0
0
0
0
1
1
3
11
0
1
119
4
2
0
0
1
188
178
0
0
0
5
5
228
0
7
0
24
53
1
0
1
0
0
12
0
159
0
14
0
0
0
0
0
9
0
1
0
14
1
0
104
0
0
10855
22
3380
93
0
414
4543
1
72
1
0
2
0
1
0
753
1
760
0
17
0
2
3
7
0
1
0
16
16
42
1
12
41
2
0
18
0
0
1
0
27
0
0
13
0
1
0
0
1
0
0
28
67
0
6616
0
0
0
27
0
0
28
302
0
8
0
0
2604
505
0
71
25
13
12
0
0
0
0
0
0
76
0
0
266
637
0
28
0
0
81
2
514
0
80
388
1
1
136
0
1
2
1
2944
52
0
0
1
0
0
59
71
0
4
15
0
1305
0
0
67
0
0
0
0
0
6
22
0
0
1066
0
0
7
483
5
38
0
1
6
19
0
0
17153
4
0
3
161
179
0
0
0
0
3
0
2
0
15
8
0
131
45
0
0
0
9
0
2966
3
0
0
0
0
0
0
0
0
0
0
3683
2
7
0
0
27
3
8
0
0
0
1
4
0
0
20
0
0
4
342
467
0
1
976
14
9
0
0
754
1
0
1
8
9
0
8
124
2782
0
117
0
1
10
0
0
4
8
1
2
0
0
2
19
0
0
1
0
0
8
0
0
5
0
0
0
0
0
0
0
290
0
166
0
6
0
0
2178
0
0
0
0
0
1047
0
1
3
23
0
9
507
0
3
422
0
0
1767
8
223
0
1
0
0
42
10
15
1000
13
1
0
0
4
0
1303
0
6594
0
1
82
0
0
0
0
283
0
29
0
17
0
4
2
0
0
184
91
0
0
0
0
0
0
0
0
1870
7
363
948
4
0
1
24
6
0
61
1
0
0
0
0
0
0
124
0
0
0
452
541
0
508
0
2191
0
0
0
3
13
0
2
2
41
1
2
0
0
6
0
0
1
0
11
12980
0
0
1
0
0
0
0
0
0
8
2649
0
1
0
0
331
1
1
477
59
10
0
956
0
0
0
11
572
38
0
0
0
2
0
4
780
0
0
0
2
1
0
192
4
0
1
0
0
2
0
0
0
20
0
0
45
788
1
0
0
0
0
23
4704
0
1
0
0
0
0
1
12
0
0
2
0
0
0
170
5
0
0
25
883
0
587
3409
1
0
3395
2461
20295
1053
62
4926
11000
22178
42
321
6
1294
42
169
21319
2622
662
3566
5104
0
5104
5104
28
5963
10
15251
3566
8307
28
3143
7393
8029
9705
0
1612
516
1612
1612
8509
2286
1612
839
75
1612
1932
1
5704
6761
766
210
12086
2758
13220
2733
11003
22
16
38
11
38
29083
38
6761
5675
26
42
2
30
129
3
0
10
353
23
35
0
353
10158
0
0
88
6134
0
1940
0
0
17413
2
158
26
6077
5
6171
150
23
11
7
8204
1023
3
1023
11
5737
71
1023
184
0
11
6244
12364
27741
5
38
2
7149
22
3
2
2
2710
9678
0
32095
1
1498
135
0
41
0
36978
2
7028
12862
2
74
75
0
32
130
0
0
57
4
24876
18331
9
333
443
333
333
4
51
0
9
8
940
6
42451
40751
20703
3311
283
574
5
1809
0
2648
2
75
0
111
30
1
6671
268
19
196
30
103
2118
1
341
1
462
135
12
1
0
2
0
6
602
42
11
1830
4410
153
0
0
0
108
2
0
747
0
0
28
34
0
361
847
285
4576
351
1
0
163
1
3079
41
1
984
908
0
6
263
4
5
0
0
1
435
0
0
31
921
212
0
26297
7170
9
41
59
272
7
9839
0
58
88
139
17
0
269
575
8
2968
27
0
0
0
13337
22363
10
128
197
1151
0
3
0
252
0
4017
5
0
43
3
10
1
0
0
0
2249
5
6
1
0
0
867
1
0
0
4
3059
0
1
0
611
1
0
2
1
0
678
393
155
69
7
0
5
8
1
5
2132
5692
17
5108
0
2
13047
3866
261
2247
100
1089
375
952
0
166
3
67
0
11
23
62
3
8
14
3791
5448
261
3255
9102
0
9
82
0
14
4
2
301
388
1834
1
1
1
0
5
38
0
22
558
43
0
17
431
0
2
56
64
0
34
2
0
0
0
118
237
757
2
49
27
2
2
2
0
0
0
1
0
0
56
38
132
3070
150
95
61
21
4
0
1
44
0
59
1
0
7
237
3280
472
41
7
3
207
330
22
7
26
71
13
53
1227
352
0
41
44
0
1
0
0
148
1610
4684
775
2
173
0
12
1
36
165
2
25
192
1301
0
1149
0
0
215
74
5
33
279
959
0
0
0
161
75
1127
1
20239
474
6
29093
0
135
10
0
0
25907
0
3641
186
0
0
13
5
7349
2
0
1
0
1
0
4
0
0
0
0
51
3
73
512
1
4
323
38
10762
9
2
0
26
48
7
442
118
0
2
8343
123
0
3
6238
0
10
15
24
0
52
3953
0
459
195
518
0
5
9
0
1
0
1
2
0
0
314
7
4
10
14
0
9177
0
33
1
1
36
0
8327
0
0
0
0
0
0
126
33
0
1
50
3
0
21790
7
7
2
2
15538
293
1
0
6396
5
2
167
1052
135
0
5
11
0
0
0
0
0
770
0
0
0
1
0
3
0
30
0
4
77
0
829
499
9006
0
2
2
0
5
0
3
0
0
3
0
1
0
104
0
0
7
1
800
0
1
12
2
25
13
152
0
0
4
291
383
401
0
3
227
43
3
1
531
4
73
0
0
466
0
11
0
11214
0
0
0
58
0
145
6276
62
0
752
0
0
0
1015
1250
0
0
23137
19
0
0
6
7
4
0
48
1
249
361
26
2
2
292
1
177
6
2
2
1
1845
64
2
4
0
12
0
554
357
4
5
2
102
0
5
0
0
22
0
28
0
0
0
7143
286
406
0
0
0
2264
5
0
833
0
175
1
0
0
14
8
0
52
0
11
1
21
722
10
0
1
681
34
19
28
0
31
1064
0
1
32
0
0
66
1
21
9
2
2
0
5
14
5
0
0
1
2
0
135
8
0
1
992
222
1
24
784
12
198
19
96
3130
1270
0
11
1
557
3
29
0
12
0
10
20199
15206
1
34
928
4
100
0
0
1
1305
19
0
1
0
0
2
1
2
413
0
0
36
103
14
316
31
181
1433
2
2
49
0
4
3
10111
0
0
6
1402
1136
0
215
0
502
0
10
0
0
0
1
10
141
0
0
2051
2
835
0
58
854
5
0
0
0
10
9
0
718
6
0
2
431
16
4
0
0
1
0
11
42
1
0
215
91
0
852
195
1339
0
0
0
71
0
0
0
41
1447
0
0
105
4
840
5
2
3539
0
3
3
1
0
2
60
0
152
1
12
91
480
487
0
5
0
202
0
2
1
0
0
745
0
7816
55
0
2280
0
13
9
191
3551
1
1
1
316
0
1
0
0
0
0
5
191
115
71
0
0
0
14
7
0
374
0
820
0
0
1
0
2
369
8
1
23
3
0
0
0
0
9
0
1459
0
0
2
12
1
6642
0
0
0
3
36
0
3
354
673
0
31921
8
12
1
3
1592
792
55
37
0
87
2
506
0
1
0
1751
114
0
1129
33
1
0
2
0
26
3
3
92
2
0
3840
1
845
0
242
0
55
0
1
62
3399
0
99
0
3
0
3737
1690
5675
17
492
0
0
1
338
678
1
0
0
540
4
15
0
0
10
1
0
0
36
0
155
63
5
0
0
0
1
16
0
264
16
605
125
3
0
160
77
14
0
1
3
906
0
0
3409
34
0
497
427
0
25
0
299
0
0
0
0
0
0
13
254
5
8335
0
1
0
0
95
0
71
5
0
0
0
0
2
0
0
31523
0
48
1
4
0
0
0
969
0
0
0
102
0
1
701
653
0
2
0
0
1
23
5
11
0
0
5
43
0
429
2
9
15
37
0
0
18
0
7
0
51
0
2191
0
1105
0
55
1
0
0
0
2
0
2
0
21
0
5
0
1
0
309
2
0
2
1
4
0
1
0
0
2
0
19
0
0
0
82
0
0
0
1
5
81
0
0
9
8
44
0
5
10018
1
36
0
0
0
0
3
31
3
0
186
1
165
0
2
0
6
462
70
481
0
0
0
117
0
0
0
0
0
0
0
546
1
0
60
892
3
5
0
0
24
0
0
1
0
14
0
0
0
0
8443
21
7
1362
0
0
6879
465
26
2
22
0
2
10
509
54
13
1
526
0
0
0
0
869
74
8
130
2379
1
23
783
369
1
0
2
369
558
0
0
0
0
27
0
0
0
0
4
0
0
6537
0
0
29
90
0
1
5
0
0
59
2
56
0
0
8
131
0
219
1
3
1465
630
0
6
5
13
160
12508
171
0
11
1406
0
0
277
224
145
4
0
130
1
1
299
10
0
2
5
2
1
3974
136
340
0
1
0
0
104
0
0
4685
0
0
0
7
24
8
0
28
2
22
1658
0
3
0
0
0
1
0
3938
0
8
0
0
0
0
1
2
3
1
2
1
0
0
2
1
2
0
111
0
0
17
0
0
1
0
3
9
0
8
1
117
1
222
0
7402
7
0
545
181
5
0
16
9
0
11
0
0
14167
0
0
22
0
0
0
1
1
36
0
0
5
1
0
82
0
108
188
4
0
4
0
15
6
0
2
65
3
15
0
108
0
0
1688
0
132
0
395
2
5
0
0
9
0
3
0
0
0
5
0
0
2
4
0
96
835
11040
0
0
0
0
0
0
0
0
14
3
15
89
0
0
0
1
7
0
0
0
13
0
0
0
2038
0
17
1
174
1
0
0
14
39488
3224
23
0
1
22
0
7031
0
1
0
0
0
0
0
0
2
0
129
0
5
0
54
1027
0
0
0
0
0
0
1
0
0
0
0
142
0
0
0
0
3
236
0
0
0
0
291
4
312
15
5
648
0
2
0
124
0
6
0
136
2
1
0
29302
430
0
4041
22
2349
100
4328
184
117
14
0
0
0
1
3147
0
298
0
0
0
1
0
1
336
0
3
0
0
0
15489
11
28
0
259
0
0
296
2
0
17
8
2
1189
1
0
1
0
1
1
1
0
2
0
0
3
6
0
0
1
0
1
3
88
0
4
137
193
256
0
2
11017
1
263
0
0
1
1942
0
16
0
1
35
83
0
1
1473
0
14799
5562
4
0
0
0
0
12
0
0
0
0
843
0
3128
86
1
0
0
0
0
20
1
641
0
0
4
85
0
73
8
28
603
9
32
6
29
2
0
1
247
5
11
3
2
3
0
174
2
0
1650
57
140
3868
0
0
4
5
3
4
0
1
769
1
1146
76
0
0
0
0
0
4
0
0
1458
504
11
0
0
0
5
9
0
0
85
0
0
0
0
2
0
14
0
0
1
42
2
18
0
1
0
20
10447
0
1
1
1
374
33
41
2
2
484
0
95
50
0
0
0
0
10
48
0
2
4
5
0
0
1
0
20
0
6
59
0
6
34
78
10
0
2
0
0
0
0
10
4
0
0
0
185
2
9
20
23
2
0
0
0
5
5
16
8657
2
0
4
0
31
2
42
0
3
20
0
0
4
7
0
137
6954
0
1
0
0
102
23
0
0
68
168
0
12
0
1
0
16
0
9
292
0
0
0
2
2
0
0
0
0
18
0
14
0
0
0
0
86
0
0
0
1264
6
1
9
0
1
0
189
0
0
0
53
4
5
0
209
1
1068
4
32
4291
1
187
1808
1170
0
0
0
11
1
1
2
960
7
9
237
14
0
0
0
0
0
0
0
0
0
0
0
0
1
0
0
0
0
0
31
1
111
0
16
3064
2
0
25
0
0
1
77
272
6
36
17
341
3
5
4395
3
1
6702
0
7
0
5
61
0
4
0
23
0
1
593
0
0
0
6
0
10
0
138
427
0
1141
0
0
0
0
0
0
513
0
20
1
0
3
38
0
0
2
3
0
0
0
1
0
1
1
1
1
0
0
0
0
45
4
28
9
856
1
3
10157
2
98
3
0
1
16
590
0
3
2
0
8378
4200
14911
8816
320
7985
185
12063
6400
6
4375
12859
7692
22899
6
4220
44
38
26729
3153
12431
619
320
28
163
318
11468
28967
158
6
12859
4298
5519
5088
6531
4191
0
16016
261
2758
5564
1441
4220
11734
6
9900
320
4220
13601
6
4298
87
5088
35343
20353
11312
2816
11468
4066
15336
11468
2691
21
218
3
7
91
3485
2347
231
2233
429
76
0
7
15
40
1
0
35
2
21179
860
106
3691
142
6648
73
1734
1390
2028
22
1237
34
653
2322
10445
5
6217
3003
1940
18
301
22
4612
1105
9
31
0
493
4436
70
4
4
277
18269
22
0
8
1
2904
12
12286
7
9
24309
68
100
366
3181
0
2
11
0
13981
6646
93
0
10
225
1
7972
0
3113
1381
1346
397
11402
93
40097
10
1827
0
0
1
11169
11937
1950
1
9
4
1
96
5
4
38
16
329
69
1232
1196
0
0
3
5
9593
85
22
16
3
1
1293
54
0
4
24029
1046
7169
0
32
1494
0
0
110
2395
2040
34
1624
3
836
5613
20
306
0
13
34
1363
0
10
3590
9
15821
430
19639
26360
11
2551
0
90
129
39
76
125
301
9950
4969
44
12000
0
36
0
273
17545
731
2
0
5
593
3
128
2
0
0
0
7620
1
20
267
2986
3998
7
1032
7834
272
3515
2720
81
1
1
1071
1
13
0
177
2
14276
31
1
0
0
13
12432
1
22
3
0
0
0
17
4
3
494
175
75
178
696
4090
2411
3483
5
0
12
13094
3
769
0
11
0
4271
10
265
0
0
359
1
0
0
4
65
374
0
0
438
4
1
95
0
1
5
776
26
29
0
1
165
0
6066
3
194
1
0
371
1
31
27
17
0
28
13
0
29
0
32
0
0
9
389
2
5033
5780
12
198
107
25
0
0
44
3
0
6912
13
772
239
27
295
410
53
450
0
9228
1
361
51
1
2
2
1
2
1
3
10
0
595
2
0
328
5935
2
0
1159
7
5
1
5
90
9
50
33
396
6
8
0
0
0
1214
10001
6
0
4513
1
1183
0
1
26
0
0
15
8
1
0
2
9
1
0
1
678
2
0
3
0
15
3316
3
118
2004
0
0
1
2
9775
4
60
6
0
5
3815
4
0
225
250
4
315
7766
17
21
43
1
0
45
1592
12
0
9
282
0
365
0
168
20
2
25
0
61
2
0
0
0
0
0
4
19
0
2717
1030
350
320
2
0
1
14
77
14
555
23641
0
8
630
28
2
16
0
2
59
13
89
1684
1
0
0
6
117
1449
100
1
1
1215
185
0
0
0
204
107
0
33
7
1
87
2
0
1
370
0
0
410
0
6
79
15
4043
39
119
0
1
945
865
7212
40
0
112
21
0
0
1
0
843
422
288
28
3
1
0
2
25
1178
0
208
16
0
154
3
0
430
237
828
2
17
2
0
3
547
0
0
1
15
0
0
90
8
17
3180
557
0
0
0
0
2
9
1
8
28
6424
5
6
0
0
11
44
51
1
17
0
11898
45
1
5878
0
1
0
5
13
0
5
129
56
236
0
9
0
88
2
3
157
7
3
0
6
18206
0
1
3
0
0
0
1
6
0
2
60
2
0
1827
3
0
3
0
5
515
3
90
270
1
6
1
0
0
78
0
8
55
661
46
1
6459
178
40
4
8818
1
7
102
12
2
0
6
0
1
6
0
91
13
0
10697
0
11
183
8
9
4
451
0
281
0
17
66
3094
272
5240
1
359
327
19
0
1
43
30
145
3546
2
0
2
86
0
1
5870
0
16
7
0
1386
5849
352
1
0
13
17280
5
3858
33
0
603
39
1
7902
52
220
11
0
1127
11549
0
1
2
0
2
8
10
0
3048
0
34
4
0
1
0
1
0
96
1
11
44
388
0
88
0
0
0
1
10
38
1
57
1
34
136
4
25
4
0
0
11
0
3
58
35
0
3
3
0
0
29
7
19
1
10380
1
16
0
0
1072
1
3
7
48
0
4
0
3
4
492
44
0
1
896
6
203
0
0
1
10
4
1
4
734
0
4
61
385
0
29
13
8
0
268
23
0
5204
5
8
12059
12
8691
126
1
0
0
0
45
7
0
2382
22
2
510
8
18
7
1
6131
0
136
1
0
488
195
0
1
29
0
0
2
1
1219
2
4
19
5
196
9
3
39
45
218
1
5
0
86
95
6
49
2
0
0
280
0
4
0
0
0
1
26
75
0
16
0
9
2
17
0
8613
12
64
2359
3
437
0
261
7
0
0
119
803
148
1
2
12
0
1
11
153
2
0
1505
5666
0
0
0
0
1
0
30
81
0
31
84
1
0
0
46
1478
2
4
111
0
5106
0
3010
0
751
0
0
608
0
0
5
0
0
9
0
32
2
199
0
461
6
1007
601
0
5
127
3
0
0
13
324
30
5
184
1
0
0
0
0
0
5
2
250
1858
118
851
3
0
6
28
2
490
0
1
1
185
2
43
0
0
3131
1
0
0
0
3
16774
5
0
0
3
1
1
0
0
13918
457
0
208
4
0
1
8
3
0
6
118
5
2
1
2
1922
0
5
7
0
1
0
239
0
789
7
30
67
34
54
1058
7335
8
0
7
208
5884
0
4
58
0
987
297
0
418
5108
8
4
279
27
9
371
3
1
88
50
1
1
0
836
0
28
1
133
79
5
18
0
1
2
1
0
0
129
0
0
1
0
0
279
358
12
0
1
0
1
1
45
7
18
31
0
9
422
27
12
42
34
5
296
4
0
189
8
5783
13
115
27
0
2
20
0
74
153
732
0
26
1
0
20
1064
19
44
66
0
0
1
12
175
0
236
1
5
28
48
35
1
0
1
10
0
135
0
14
173
0
0
603
0
258
8
7
0
350
6
235
0
29
0
62
43
8895
295
3
96
206
0
0
1497
0
12
16
3
2
3670
1437
0
1297
6
5
69
0
139
10
0
18
2
12
16
484
38
1
0
204
0
12
0
3
0
1
12
7
31
1
0
0
12
1
1
0
0
0
3341
1
0
33
70
2
40
8
1
5
0
2
0
138
1
4295
0
0
3
0
0
1
0
9
10
1
0
0
19
4
71
1777
1
1232
399
50
89
603
88
90
557
0
0
3
30
0
0
5593
4
7569
6
0
0
0
300
0
340
0
38
396
7441
1
0
1
3494
1
2
138
579
101
0
15
19
2
1
0
2
14
0
0
0
1
0
310
52
282
0
8
0
0
123
11
15
0
3
301
386
1
0
0
2
1
0
4
1009
702
0
2
0
20
1
1414
3
0
3
0
0
11575
1
2372
12572
0
222
0
31
61
2
0
12
2
0
0
4
78
1
2
112
29
220
3429
0
1
1500
3
0
88
4666
3
1
118
9
0
0
4687
54
3291
14
0
209
7
0
1
2
2
7
611
6
1
3
1
0
5
1544
115
24
150
1
1176
0
0
25
30
0
3952
34
9
0
191
918
0
388
3
0
2
6
0
3007
47
259
62
37
0
70
1
0
0
0
6784
0
1370
779
34
1
0
2
78
32
0
0
1199
0
7757
1
50
0
0
2
0
11
2
1
46
1
2
0
588
0
749
0
1068
1
3
10205
2352
113
2
28
25
187
1012
5
1
2059
892
2580
52
0
37
3
1395
96
1
0
49
98
1
0
591
0
0
0
1
0
2
12
2
3
724
442
1328
4
1
7
6
0
0
1
3
0
32
1
2
323
0
2
0
27
2
12
38
1
1
6009
13
35
42
0
2642
50
2
29
53
1
195
103
3339
5
147
86
1
8
416
243
0
339
11
0
1
2
3
83
0
24
0
111
3
4
208
2
637
81
3
86
0
105
12
13
0
0
3
1
0
7
3
0
1
0
51
2
56
8
1535
186
6
0
6
52
39
0
0
0
0
12
3
62
0
1032
0
0
71
0
0
4
0
0
0
921
30
781
20
126
152
0
1
707
7
602
8
0
9
28
0
2
0
2877
56
0
1
0
0
0
0
147
94
0
0
14
11
1
1
0
66
732
12
575
49
7
0
654
0
5
0
0
3
0
1676
6
2151
1798
0
0
38
59
2
2
9
0
13
836
0
524
12
0
39
0
15
876
13
0
10
0
1
4
1
28
24
5
2
94
3
0
182
988
70
144
2
0
0
300
23
1
0
1984
177
122
111
1
5
2460
242
21
20
1651
1
8
2
502
1
0
0
81
0
0
5
9
1386
1
0
4
0
95
2
0
37
0
37
0
0
1
0
9
118
1
7
17
1
0
161
86
1
160
0
4
2710
1
0
0
285
1
4
1
0
527
22
5
1
7861
213
393
5
0
10
42
0
3
10
13
6
8
28
0
7
228
8
1
0
0
4
10
0
1
24
68
15
14
0
424
32
11
1
5
8
11
299
15
2
2
2
1
1
179
0
0
0
0
1
3
207
2
1
74
0
41
0
0
5958
3
361
21
0
520
0
1
1023
2
0
0
0
22
254
60
0
46
0
413
0
0
0
198
12
0
0
536
47
744
0
0
2
3741
0
7
6237
2993
59
0
308
0
276
0
0
157
0
0
347
2
0
0
0
1
251
2144
22
0
3
0
13
4
3
4220
0
78
0
0
0
5
2
2
0
3
12
0
1
7
0
224
157
416
39
18
58
0
1123
71
277
9
4
1916
2666
0
0
0
1061
0
3
0
0
2
11322
0
11
9
0
0
3
0
0
1
2
1
7
1
6
0
120
1198
1908
1
4
19
3
5
4
8
0
5
7
5
14
0
0
839
0
6127
91
0
1
34
4
0
3
287
3
11
2
44
336
1
1
1
2
16
9904
0
0
0
0
1
0
33
846
0
89
86
0
2
0
3
15
2
0
0
0
2
60
70
0
37
0
495
411
33
2468
441
55
1923
5
0
444
147
15638
4238
6
3035
4220
160
87
35343
100
14722
3328
4298
966
6082
30501
4220
351
147
811
18550
17795
15379
6026
15822
4150
14532
320
35717
14366
218
7927
509
0
4220
37452
12859
8395
16147
87
12677
6148
797
12859
261
4238
7511
314
11
169
1887
14
12640
4578
5104
18672
19886
1621
11658
169
28967
3775
4654
793
101
3
228
40
4
70
0
2
40228
317
128
298
3497
26
115
32
2
280
4
18
26
8
0
190
66
93
480
4491
1
472
4681
10
1653
0
5326
47
132
2512
484
1265
0
1474
19994
6231
1131
10
52
48
21302
6955
40
0
866
216
92
416
312
5
1
45
22
385
76
44
0
0
11
13954
13
6551
312
2028
3
132
552
6560
1
2
10945
5037
14894
24408
3964
1040
3836
0
24684
1971
1
0
18
3
1
37
3249
19870
695
9661
0
50
232
0
10
0
622
847
2400
2
11
2
4
2264
16148
86
183
11494
3
35428
31
12861
0
19
11225
33
7618
3
1602
122
0
0
458
1302
2
241
2
11
313
7
18360
14
0
988
3237
159
269
196
0
3
2
144
939
67
1
2426
0
10110
12557
300
52
2
20
0
1
1
0
49
1750
1
6
0
70
1414
89
72
5834
414
20
0
35787
8
462
1165
188
11
72
98
0
1381
887
0
10
1067
4
1
59
0
3
12
477
0
85
1
369
223
2546
1
86
89
7
0
17343
49
10
3
182
10
0
3
1365
0
2444
12
18
9
252
19046
252
6
7
0
0
103
0
0
1083
105
2766
1
2
13
374
1
10500
244
4
15390
456
5239
4
1090
222
5955
324
67
15
5677
62
10161
3
84
3
269
10
228
0
5801
495
28014
1
1249
299
100
39
122
35
5
1885
100
0
6
5321
1
0
0
0
0
0
145
1
450
185
0
0
5404
47
1
0
72
5
2692
1
14
5746
3681
0
186
56
9
48
1032
3
291
0
0
1
1
3
0
88
28
0
0
1107
0
0
1
1
67
19777
29
2633
234
5562
1
1
0
6
0
14
8254
1
6847
3
22
494
241
0
0
0
52
0
1486
10
16
46
0
0
8
2
1167
0
194
412
438
169
38
2
24
4341
308
8
6
0
1
4
13
1
2
30
0
7
0
12
3345
0
3418
0
0
631
0
445
64
3173
1662
39
38
7
3
0
1858
159
0
2
1
0
11
24
143
44
5979
7159
131
2
108
1
4
5
23
48
44
0
37
6
10948
0
6
2
2
0
0
1
1
0
1
0
2847
26
15950
2
17
255
171
4567
1
137
7246
1304
3
89
124
2
0
57
7
0
44
67
1
1
4
0
0
8
36
8624
897
0
0
0
1
933
51
19
496
0
17
24
7
1
3936
0
7
394
2
15
19
0
2
0
6
0
473
100
4116
5
5
256
12
541
1229
0
388
227
111
0
9
636
1
0
6594
1
2
0
0
0
8
0
21
1
1316
4765
0
36
47
6801
8
330
0
0
1630
0
0
2151
3
7
2
0
59
44
1
1
20
70
79
44
57
25
48
2494
0
172
3827
6
351
0
26
270
1
5
0
55
758
8
93
27
7
36
348
0
3
1
77
314
0
6571
45
1
12
0
4
0
0
30
466
1
112
0
1742
2397
17
0
0
16
2
1
1
2244
4
3638
0
1
3
270
8
0
610
1
4
0
49
24
34
8
13
0
2287
430
4911
2
47
5
3
12889
1
3236
2
0
17
0
7
496
0
205
19165
0
2
0
82
2723
0
10499
3
4
1
0
0
115
6155
0
1
228
0
20
0
342
61
1
3
0
0
11
2
0
0
2
1
0
1
70
7
0
8
0
0
4
101
5
1
15268
6
0
1601
12089
1
1
6
1
5353
8
0
0
424
889
36
0
0
82
0
0
1
8585
23
3
0
0
4
0
1780
10
1
207
0
1
1273
0
10
279
0
1
1
21
2
0
749
3
5
661
65
5
0
2
325
2284
8826
62
94
48
3
2
1853
1
60
17
1
1192
4
101
0
0
2
0
1
198
0
53
208
0
8
1
21
400
19751
2301
6
20
2
27
1
4
2
598
0
80
0
9658
0
146
98
0
76
4
0
95
1346
28
1
1433
10
105
0
0
26
7
0
2
3
64
3630
0
152
0
0
0
0
309
1929
51
3
11
2
12
0
0
0
0
678
201
0
38
1808
21
3
24
5
0
0
5
785
41
1
734
2
8
1
2
11578
4
77
70
0
0
21
2
109
2
845
243
106
17
0
112
173
13
1444
0
2826
1
4186
8
0
6
0
2
0
7
0
509
318
74
0
1
0
5
0
14
1
1
12
4
0
2
3
0
0
0
2
162
2601
29
44
3
0
1
0
3
37
1599
14
1
7
127
0
0
1859
1
2
0
2416
14
0
11889
0
1
1116
33
3
50179
3
20
2075
181
0
1
0
11
257
17
7
1580
0
503
0
0
66
0
26
0
1
2
17
2
0
0
0
5
35
0
16
102
0
218
9
2749
1084
1
8
18
68
0
21
0
25
0
162
0
1491
260
5896
21
16
1
19
0
8007
0
247
1
67
322
27
309
0
2
84
1
0
5
0
84
91
0
43
68
0
7
100
8
8
0
0
10622
0
2
33
0
3
2034
9
72
11
139
11
2705
0
7
18
9
9
1
0
838
22
0
1
9
4
10928
0
0
0
6
123
1
175
42
0
1
696
34
2
20402
1134
1299
0
110
0
83
18
0
2
4044
38
13
1
0
0
1
166
22
1
1808
3
1
16
241
16
1
1
0
2
0
4
4
0
1199
0
14
1
9
1459
0
415
954
113
3
209
4
37
4
0
2619
30
0
199
18
6
560
1
1411
1
257
0
1
1
2
0
5
67
362
318
17
4
0
1
0
16
18
24
0
15
2
0
9
0
9
0
0
117
0
130
0
0
14
11
294
28
0
92
0
1
1219
10
572
3
68
314
4184
434
0
0
1
155
3
0
0
5400
2890
0
0
170
1
0
4
0
9815
5
3652
30
26
2422
0
0
193
2
711
294
9
8
1000
0
1
0
486
0
8
1
366
674
0
0
22
262
0
10
0
8906
0
3
1
17
0
1423
155
123
260
26
2
278
0
0
169
0
0
6
0
23
0
2
13
26
59
0
2
1504
1
1
0
9
1
174
56
491
0
5
87
3
0
65
23
2770
1
0
9
249
4
0
0
0
0
6
2
1
7
0
37
1044
1
0
374
1
0
0
0
8737
0
0
8
2
6
3
7668
6
0
0
0
1
0
3
116
0
0
8
3
29
322
1813
1
0
1206
0
0
16
2884
7
30
1
3
2
0
8
13
0
0
2270
0
103
88
254
54
1
0
30
5043
0
0
0
2740
768
2
4
372
2
43
0
1943
0
6
2
2938
2
0
4
7
1
834
231
7
62
2
1890
4
2613
20
947
0
3
0
61
0
2
14
0
3
1
0
96
143
11
0
1996
2
267
56
62
0
12
3
11
3
95
28
74
3
0
0
0
0
430
18
4
0
3755
0
2
0
0
35
0
1264
0
151
5
0
0
14
8421
43
1
6
48
206
96
121
0
1
2
361
8
88
1165
0
3
2
0
23
536
0
1042
51
4
0
11
1643
0
90
0
446
20
0
0
13
301
123
7
3
23
7
4
1
0
0
50
16
26
7
0
0
19
46
114
0
28
0
0
3
12
0
0
198
7
109
0
0
1010
0
7170
23
3
1
83
0
10
1
280
0
304
3
1
19
18
5797
0
2
19
5672
224
0
0
89
118
0
5
20
106
28
12
2
248
31
1
0
145
466
0
0
1
0
7
204
100
1
148
356
0
29
31
1
74
0
0
0
0
4
15
514
79
0
0
1
174
214
0
36
0
2
7747
6
3
331
0
747
0
0
159
0
674
45
370
0
0
1
3
2
0
9
91
2
0
0
0
53
0
0
0
2305
0
0
11
309
0
2796
0
0
511
0
1574
17
0
6477
13
25
924
6
0
0
14
0
8
0
7185
27
62
0
191
0
92
10
0
108
335
0
0
1
5
0
36
56
11
0
0
0
1
6
2
1
0
0
0
2
3
0
9662
1
19
1059
2
169
0
115
8
0
18575
0
3
0
9766
0
0
12
753
24
6120
3754
0
0
375
68
1
0
2
2824
7
5
7
9
0
1
0
1976
1396
182
0
0
0
1
0
4
0
8263
869
4
0
6
0
5
126
0
1
1960
14826
2
0
248
1198
4
536
2619
0
0
0
171
0
0
2
1
19
60
46
0
3
0
909
0
1
421
1
75
0
3
1979
55
1
0
6
8
15
36
32
2
9
2
4
1
198
0
1318
1
8
15
15850
1
7
1315
447
6
0
6
1
1
4
6
3476
89
232
0
0
0
13
9
161
99
75
12
146
4353
0
51
0
2796
0
1713
117
0
213
0
1151
0
370
116
0
0
2
1223
8
0
0
75
1332
1095
19
117
11
0
36
6
1
1
0
0
1775
14
1
0
1594
81
1
0
0
3315
0
302
0
0
37
0
9
777
9
756
1
9
2174
0
2
19
3
3
185
3437
0
2
0
1
4
0
0
6
3
1
1
77
0
1
3
304
41
0
12
0
1619
0
0
2
5
18
0
755
0
0
311
4
0
878
1
353
1
55
0
0
1
3
0
1
655
22
126
44
0
100
0
11
0
0
1
1903
1
11
2
4
0
0
7
8
0
45
1
12
5
0
0
3
24
1
0
8
3
3
87
0
1
3
1
0
752
0
30
1265
52
3
166
0
414
135
0
0
66
3
6
1
30
1
5
0
0
5
6
0
0
20
26
1
62
3
6
1
1
0
143
3
0
0
0
1485
6841
940
0
4
0
1
1
0
1
0
2
41
0
17
2744
0
2
103
35
3
1
7
0
33
17
0
0
9
0
3
0
3
10
1305
53
0
364
9
27895
2
16
169
11
16269
0
289
67
713
100
12859
14326
390
444
3733
11
3566
23011
2884
36011
8310
169
11658
20221
38
11
801
286
7058
38
67
147
6520
261
0
11307
6833
12172
2802
13772
17532
15065
3
3566
8174
527
839
2286
11877
1612
5215
1612
6201
5584
1612
0
27
5285
22797
14066
234
8587
163
19151
3653
786
178
2034
25759
91
19
4551
9
9835
3847
19832
10083
9125
442
1529
33
0
2908
4
33
0
1413
6
2426
354
1260
309
0
1449
13993
1461
0
180
826
11962
5
395
17
179
34
11208
2019
974
18777
21613
19
71
1907
11
709
11
111
3176
1023
8204
4234
176
13
4308
648
37
20638
9
4
402
0
407
966
6871
7849
15
17
1593
3
5933
463
76
1270
3
67
16
347
90
0
29
25
12037
20
2914
70
11202
7097
4
2
4
108
0
2059
3
7
3021
7
12737
11
0
87
94
0
0
0
0
27
0
3
0
0
30
541
0
23
75
58
42
4980
116
11
50
1537
4
631
656
190
4187
2
17
0
2142
5
0
4
0
1321
24
4
2841
2129
3
11147
7324
5
4
2
1
144
1
138
1
2
0
3227
3221
429
249
11
0
12
0
6
340
719
63
333
352
0
68
0
0
1
0
158
0
0
0
0
24
104
192
5
10723
1014
7
862
363
2
7
10304
0
7223
89
0
95
66
36
7479
114
610
3450
3
82
125
0
59
155
0
7
140
22
0
119
0
25
3880
626
0
2
0
7250
7876
150
16733
394
0
2035
81
127
1222
1301
43
56
1
28
0
28
1805
1
0
0
2
3
352
73
57
12
3115
303
6
652
0
12719
2
209
50
0
0
133
4
71
6
5
969
722
34
235
16
0
79
3
0
0
907
71
226
8244
168
5037
4
728
39
243
127
0
0
724
0
3166
16759
8
15746
0
55
6
25
0
89
1697
1
92
157
58
157
0
94
2461
724
29
0
1
21
7752
5
7
50
27
4
1
445
0
0
67
327
1334
3
62
61
9
2
5
2
3078
1995
1
9
2985
44
125
8
5
6558
2
94
325
501
4
7
0
576
116
895
22
0
15
0
22
51
743
0
7
63
2
34
38
0
65
0
0
46
4
151
0
0
2
0
37
3
7
1
35
4852
44
1017
13
2
10
30
138
433
98
168
1
130
2
0
124
207
106
498
0
248
0
0
149
0
0
1
188
0
0
413
313
7632
27
8238
46
638
61
137
7681
53
12
3
77
0
0
16
1
0
0
5
0
0
955
64
1
1
645
1
2
2
10325
8675
2340
135
62
228
2428
657
1063
50
5
1019
6
2
0
0
7
0
90
10
2783
5
15
36
0
1
0
218
1475
205
743
27
731
0
2536
1
43
20
59
1485
0
8731
58
0
19
441
0
0
0
0
306
91
2
0
41
0
1345
5349
0
4
1367
2
0
24
1
119
1
0
239
77
1
114
1059
206
20487
4
1
0
3
1
1107
4004
0
29
56
8
4640
126
0
116
1
0
31
0
0
0
0
0
9
560
1
23
2
0
0
10
2
0
0
1
2298
0
1
0
0
17
746
14
574
0
45
92
4
208
2
1
23
92
3483
964
0
0
593
0
396
151
0
390
12
8
1
23
2
15
295
57
0
1455
29
190
63
15431
1321
70
187
1983
0
77
1972
63
85
1420
22511
6
0
77
0
576
0
0
1
0
10
0
0
2
20
0
424
0
3
0
0
10
3510
19
9363
0
6
0
0
1
8028
2
11
0
0
30
21277
5
37
3
924
202
24
18
4
313
4
142
20
0
86
12
7
150
179
5
261
4
50
16
8
4
3
0
5980
20
0
259
0
4744
1
17
0
3
6
0
0
214
0
2
0
0
0
12
552
769
2
96
1
6
2
0
17
0
48
1
0
61
58
949
10
0
1
0
13
0
12
22
32
1
4968
185
26
1
0
39
811
1275
110
3
342
887
0
93
0
59
32
0
409
1
0
0
1
104
28
0
0
4
12
7
0
0
0
365
2
0
0
0
3622
5
5
463
0
0
1
19
101
10
0
1
57
0
1
17
1657
0
7
0
0
0
0
0
2
3
7
60
606
0
51
1
82
6
1
1
1
1
4891
0
1
0
0
0
20
3
1
0
51
17
0
0
26
0
18
4
0
0
0
0
132
7
46
52
465
1
5
150
0
1
62
5
1
5575
0
40
6
0
24
13
27
0
43
1
0
1
2
0
1
6
0
0
0
5631
0
27
11
1908
255
385
4974
77
0
688
2
0
0
1004
14
5
288
3
0
0
0
0
73
74
3
30
48
111
0
14
2568
2
1
0
252
0
465
199
106
419
59
0
138
4
0
1029
19
649
117
1199
57
0
7
0
0
1
752
0
96
0
9
0
41
11
1032
0
19
723
2
24
0
0
4339
0
0
0
0
0
2
3
0
1
0
3
0
1
0
278
7
0
0
0
1
1
2
2
0
41
126
0
51
243
2
0
0
0
189
21
68
608
167
53
2
1
0
0
0
1
88
2
4
0
9
1
1815
54
5
8
0
115
500
1
12
92
0
1
0
6360
8275
435
34
0
0
0
0
10
14
84
17
267
0
0
67
0
0
10
1
3
0
1
0
2
0
64
100
281
0
1
0
1
22
0
0
1
0
207
20
1
225
0
0
5
0
0
0
0
1334
1
0
4
970
526
18
0
0
7053
205
57
997
255
5
953
69
83
196
166
0
2
0
0
327
0
6
0
4
0
0
7
0
0
1
0
1261
5
1
0
0
0
66
91
0
0
2
272
0
0
39
0
449
0
0
0
39
8705
0
0
1
3613
0
0
3
5
0
55
1895
1710
331
3
58
39
0
25
9
64
119
0
0
13
0
0
0
118
0
0
0
4
0
2084
247
0
2
3
201
26
1297
0
533
0
0
0
0
0
9
0
4
0
0
7
0
141
43
84
4
45
0
0
2081
90
0
0
0
2698
6
11
0
14839
4
13
0
12
0
21
59
3407
1
0
633
30
27
0
4
0
1
14
65
1
0
6061
0
31
0
32
1
464
102
1
3
0
0
0
2
820
2
0
1
0
1
0
617
49
0
0
0
0
0
240
0
3009
0
0
1
1
0
0
0
0
18839
7
0
3
0
18
0
225
0
5
18
139
0
338
2
192
0
0
0
1
0
0
746
4
0
44
0
4
0
28
0
0
0
0
0
7
4385
1
5939
0
0
0
31
1
0
106
0
18
0
0
0
1
0
0
85
1
0
0
0
0
1
2662
0
0
1
0
6
1149
189
36
3487
11483
1
582
0
0
17
46
4
0
23
212
15
0
143
11
9285
42
0
593
323
0
126
43
0
0
106
0
0
0
7
0
0
0
58
3
0
0
0
29
0
122
0
0
11
0
0
163
13
0
0
0
0
26
0
11553
0
33
0
0
317
1
2
8
51
9
0
195
545
1416
85
2178
16
1
0
4
0
225
0
16
58
19
0
0
0
0
0
0
188
3
4
6
17
9
52
101
5
1
132
30
0
281
0
0
0
212
0
21
56
0
12
0
284
118
280
1
20
1831
1
324
4
2
156
0
1
323
0
0
89
486
0
45
0
11
2
0
0
26
0
6012
5
0
2
222
425
1134
3
0
920
0
0
0
0
5
1
2
0
0
18
0
6
0
271
1
0
0
0
0
3
172
1
22
0
2
8
0
0
193
8
0
0
459
1
2
182
25
28
3
0
6
0
39
31
0
720
30
0
0
23
115
1
14
0
34
1
0
12
0
0
533
0
0
0
68
0
0
1142
53
1
2
0
37
0
2107
0
0
0
1
0
13
0
0
0
7
14
3
0
1
0
0
1
0
10
254
21
1
25
0
575
23
6
5
358
97
163
12
281
0
0
305
12
219
3
3
7
729
1
31422
0
1256
107
9
0
3
2189
107
0
0
2
24
11
0
1
1
1
3
0
1
0
0
0
0
0
0
77
3
7
7
0
1
0
0
2
21
216
2
72
2
44
0
373
48
220
6
355
845
2
0
0
22
1
49
4
0
0
1
68
2
1693
10
0
9
1611
0
3
0
0
0
5
0
2
5022
16
0
14
0
1
5
2
0
0
127
0
5
0
0
0
6
3
8
0
0
0
0
1
1
211
0
0
4
1
14
22037
0
406
8
692
0
2
1
183
592
2
120
4
341
1
8
1237
28
0
23
0
131
61
2
2153
583
0
635
31
0
1
1612
37
0
0
0
0
0
222
0
0
0
35
3
93
0
0
1
0
0
46
38
228
1
0
13
0
1162
23
0
0
0
4
66
15
157
2
6
11
1
1
75
1
0
0
2
35
0
13
0
2
1
311
7394
0
7
0
303
1
0
6170
0
1406
63
2
7
0
4
0
1197
1
37
11
113
7
0
0
0
0
2
24
953
13
0
479
1
1873
139
0
69
0
1
6
0
16
0
0
2
6
8
1
470
17
1
0
5
19
187
0
4
35
220
13
413
1970
75
9
1260
1
5
0
287
2
0
0
0
82
0
5
1
15
6
0
71
6
0
118
5
0
0
0
0
0
0
0
1
0
0
0
259
0
0
4
1
12
0
0
0
263
0
27
2
149
257
0
62
71
46
220
1
5
9
52
3
821
0
40
3
80
0
5
0
18
0
2
254
0
141
2493
17
9944
0
4
9
0
5
270
1
15
0
2
5718
340
1
0
0
3
64
0
0
107
1
1
0
0
354
0
0
366
2
0
547
2
68
0
0
374
17
150
1
0
43
3
5
2
0
7
1
263
151
6
943
10
24
18
842
3
85
0
1
993
1
0
212
0
25
6
17
0
0
0
0
3
1047
0
0
25
30
0
5
127
0
0
0
437
0
0
679
27
10
0
1
0
54
20832
1527
12859
12728
87
12859
18640
5104
274
320
49421
320
35843
40093
11801
14355
14345
12936
87
4238
621
87
46613
457
29173
621
13288
8326
38
12442
25241
1612
12859
797
7291
226
15236
169
147
2634
1877
40419
87
512
6
18751
4563
4498
169
147
17920
25190
1060
0
1621
1621
160
1887
1621
320
7886
10719
11199
13782
19985
224
2341
6378
0
2344
7
103
298
94
206
12852
0
6127
3
580
2
42
4890
625
17470
8722
817
69
112
1400
1586
9
10011
4
69
6485
1023
51
21
3892
2
10158
6110
2113
3
1
7537
211
110
0
463
10
30
0
37
6240
51
826
5
5
6304
40
5
154
2172
30
26106
4130
0
5579
8
36
5
3
1927
0
8490
0
10
306
35
167
3
6
0
1
4
3119
2
80
25
95
0
0
51
9410
4
1946
1
0
1
0
0
3
4866
40
494
3
14274
264
351
1
498
0
0
0
15565
20
31
1521
230
3
19
19
73
13539
19
608
171
2770
192
24
12
27
3
7
451
1
97
404
0
541
5
0
125
5
2
628
8158
3
1278
13
1343
0
0
419
4497
0
107
2725
5
20
10393
10
1
0
16568
1
76
0
4
65
253
5
624
18
4
37
0
1703
94
4814
20
626
0
69
404
592
1213
13
5
2
6
150
10
15602
7602
0
10
1
18
0
0
402
360
112
1
0
1034
353
53
2
348
0
7
21
8951
1
0
4
18
0
0
227
15194
12287
4882
31
93
11
1161
0
15
65
1
213
37
28
7
134
8
0
32
95
4077
0
2057
121
1
51
7
5509
3
13
1701
1824
0
81
1
20
21
1
1
1
0
11
3
2
28
1346
0
0
9
724
67
4
0
0
0
13
5761
0
35
8377
4
72
34
0
213
81
0
3893
1
278
0
1448
3
101
10
132
5
646
0
3
1
366
32
1
0
0
0
18457
85
0
31
0
33
140
60
16
77
1
369
12777
38
2481
16
2
8536
39
23844
0
1
0
227
1182
0
4519
6
12
0
831
7
9956
2
43
6
22
1
3
6
71
10
88
8
7
77
591
0
0
7
373
3
63
2
13
2225
13413
0
5222
10
10
0
17
79
4
141
4
9
16799
103
1
14
10
5
588
0
0
69
65
69
1568
84
1146
1072
1
127
224
2
12
0
13
3
113
0
2
13
10
0
1
8
0
0
0
69
10
3
2
1
213
0
619
7
3
63
1407
54
17
0
51
1108
0
0
24
560
76
71
0
652
0
62
94
0
0
2145
0
3
1
19
407
4427
39
0
0
2
62
0
0
1
0
0
1379
1
0
9404
0
0
1
0
10
1163
2
0
3
116
206
3106
13
38
0
8
0
1
5
0
64
899
0
17
1044
6
0
0
0
0
1
1023
2
706
0
0
46
62
2
0
0
1842
49
1048
1
2
16
7
0
23
0
7
233
39
0
8
101
0
0
45
82
1
103
609
1
1
21
0
13
32
0
0
2627
0
546
3
2
0
0
0
3
6
1
3
0
0
4829
13
7
14
407
3
346
0
53
0
92
1469
8
0
2
48
2509
12
82
227
1
101
61
37
258
2
9660
183
0
5
1
246
0
0
2
1
53
0
144
7
0
1
0
1
273
2
562
1
0
1637
5223
0
2
3
8174
106
10
0
61
1
2298
449
2
1
0
1
0
0
262
0
1
1
2
22
3
0
7
3
1
0
1
0
0
19
0
26
1
29
0
121
10
15
3
0
0
0
1
162
271
7
0
2
2
1
0
1
53
440
22
0
1
0
1
3
0
0
0
0
234
38
0
0
0
1
6
3
1332
0
10
0
243
0
41
1
580
4
76
0
2
13
556
2
0
114
5
194
0
0
0
41
105
909
217
10
26
1819
3552
2
1349
7
0
0
1
3
13
0
151
135
0
1
0
124
0
0
5
95
34550
706
107
274
0
69
2
99
3
25
0
370
1
4
0
30
0
21
58
28
440
608
0
38
16
84
0
1
76
2
486
5778
0
97
0
0
887
8
7
480
1
0
31
10
0
22
0
435
0
3
67
855
0
0
162
0
0
0
0
0
1
1
187
17
40
10
0
0
1
1
0
4
2
41
1
3
0
2
267
261
223
2
0
6
556
44
0
2
1674
0
237
5
2
3
2
51
157
1
0
81
130
0
270
2
1
0
1
4
46
3
21
3
2
4
8
113
54
11676
0
442
0
1
0
67
0
3
6
3
30
2
607
16190
0
43
0
0
2
0
0
1
367
0
16
0
0
189
3739
1
176
11
12
13512
0
24
0
1
1951
182
51
0
197
20
1
0
50
0
91
246
6
3
0
2
70
0
45
141
16
0
343
71
8
371
0
9312
0
0
0
2
0
2
0
0
0
0
3
0
1
1
56
0
110
3
65
754
8
0
0
148
106
0
1735
10
1
3
297
489
0
0
2
0
14
6
1
1364
0
0
0
0
8
0
299
0
13120
4
0
5
1
1
100
43
1
2
209
0
2
1
2715
1229
0
49
5214
0
1
31
467
9654
41
0
0
4
0
0
398
76
606
0
0
37
62
102
4294
38
0
0
2
175
9
17
1
0
106
0
629
2
5
12
0
0
362
5
8
0
0
3
109
0
14
176
127
28
7232
3186
0
0
275
2
108
249
36
4
8
51
1
0
14
19532
3046
14
0
6
0
21
54
1
0
3
0
0
0
120
0
0
1
2
0
0
3
9
0
383
0
92
46
0
0
3
1
124
0
8
187
20
22
2549
2
17
5
0
3299
0
28
12
1
1
12
16
0
1
0
453
2
0
4
0
0
0
61
8
5
795
6
0
4
0
1
1
1
72
1
1
0
22
3
682
0
20
5
13
39
2
417
2075
0
17
17
1
2
526
4
0
5
56
0
3
161
1
0
379
0
7
1713
0
2
11
1
2
6
0
16
0
5
4
4941
255
1
0
8
1
0
2
5
7
50
883
1
185
3
0
0
5
17
18501
1
295
4
1
3274
0
21
444
203
88
18
364
2
2
38
0
1
0
128
1
1
0
0
0
6
78
7
0
137
826
9707
4
0
130
3
133
1
0
0
6
3
0
0
205
267
0
111
1
5
918
0
0
0
38
16
0
0
80
3
0
139
0
1
233
47
1
2
2
26
0
0
9
673
4019
0
12
0
0
1
391
10
1
0
101
455
19
3
127
516
5
0
10000
3
1
14
179
29
0
4
0
0
0
7
3
0
95
579
1
0
10
61
16
44
0
4
15
44
0
22188
0
0
37
253
32
4
122
1159
0
230
0
0
12
956
0
15
0
0
1826
0
7
0
1
1
0
8
2
1
1
21
1
3024
36
1
0
0
168
0
404
1
0
2
1
2
8
1
1
162
230
7
53
4
0
0
0
2
16
11
0
0
0
0
0
3901
575
0
0
0
0
0
0
2
0
0
54
22
12
19
0
0
0
1
1
124
77
0
1
73
11
1
1653
16
0
0
2
363
100
0
8718
20
0
5
109
0
3
35
537
1
19
1
766
4
4
0
1
401
155
0
0
2130
0
0
6
4
172
0
11
0
0
0
1
14
1
1
125
0
0
13
0
0
62
315
1
3
1648
79
1917
0
5
2194
11809
854
1
2
0
0
3
6
58
16
0
0
2372
1
0
0
10166
4
0
6992
1
0
60
0
0
2
0
0
1111
23
0
0
1
1
0
0
10
252
846
0
3
29
2
0
0
2
21
0
1
0
0
716
0
2
1
0
14
1
10
145
1
38
0
1446
7
2
0
106
1
25
62
330
6
6
184
0
1
3
214
8012
0
0
66
5
0
2
2
47
0
1739
0
1
5
2
0
4
319
532
0
2
0
3
11
384
0
6
0
2138
0
775
9
0
1
1
0
0
3
0
112
0
1
12
58
1
16
0
3
87
8
9
0
0
1386
15
760
1
5
2
12
5
15
155
0
649
1
44
0
0
2
12
131
78
0
4
1745
40
0
3
0
9
0
27
0
0
4
0
2
1
93
2
1447
34
507
9
9
230
15
61
9
68
0
677
2
2
6756
0
25
1
0
14
437
0
0
786
0
10
2
0
73
6
0
1065
0
0
1
0
65
0
775
1
42
144
0
4
0
8
0
0
0
2
11
8
2
0
109
0
14
49
204
4
0
0
1
0
2
0
107
0
1
0
4
4
0
14
13
0
20
111
1
0
0
7
0
5568
2
0
1
5
0
2
9
2
37
2
1
0
4
0
3
0
1
1
1
1
1
1
3
801
727
41
495
0
16
1653
45
8
5
5
10
546
4461
17
264
122
2
1
5
31
0
1
0
5
0
0
0
239
19
0
3
0
10
11
1
1
561
3
0
794
0
2674
5
5
682
1
0
46
0
10
2
47
0
0
0
3
0
2
1
135
84
0
0
0
13
7
557
0
0
14
8
84
0
7
0
6
0
0
6
0
1
109
156
0
0
9
0
35
171
13
728
0
0
84
0
64
139
2
315
0
1
9
6
13
0
0
4
19
193
42
131
0
0
0
14
0
41
0
11
0
11
3
0
20
2
178
18
0
4
2
1
10
12
0
7
0
1433
1
4
0
0
797
0
1
0
11
23
1834
0
4
134
15
1
0
3
6
404
980
279
0
1
42
313
240
2
3
11
0
378
0
1394
22
6
5
1
0
14
10
5
124
0
1
2
115
830
0
0
499
1
0
1152
0
45
2
0
7
113
3
1
161
3344
1
0
20
0
3946
1
754
1
2
0
1
23
0
454
74
2
65
0
0
7
1
2
0
88
1519
4
116
2
2
51
1
0
0
149
2
17
0
0
92
1
55
0
0
17
0
41
37
5
2098
16
2985
3481
0
11
1904
0
0
0
0
2
0
29294
2095
6953
4675
10187
2691
14180
1612
15493
320
13953
87
185
10971
11551
10473
5104
10983
147
147
1887
185
320
6
1612
6
1780
87
29173
847
4238
2186
38
12859
1612
4220
202
31838
87
24251
11586
8128
6
11179
163
25907
30271
14021
6
1243
23943
6
4238
12677
29294
38
16914
484
38
2095
4238
16072
11399
513
6
37
49
7
463
82
1501
129
5425
12852
19511
14683
2233
5
2
24
202
4
5629
0
40
0
1266
9853
11
25
5976
5962
2
0
0
56
5788
1014
129
70
90
85
431
2
111
870
183
12
25586
2113
0
2819
12420
244
628
16653
1390
0
6
4
42
13
2
1175
2
3
605
9451
0
0
1
7
4
801
22
0
13
1143
71
0
518
19
13228
0
277
0
445
1453
46134
0
0
2
2
71
54
25
448
1
0
2160
23
18
54
405
66
1
324
19
520
464
0
10485
2750
1
1
219
1635
345
32
4497
43
3
5989
0
0
2
1874
8278
87
67
359
6
16799
343
0
686
42
20
3
1136
30
38
0
21
5
0
4910
1968
38
0
677
7
1
17
10
35792
0
29
395
60
0
26
1089
9615
262
4
2120
94
4896
0
284
0
0
91
185
21
259
29
4428
21
0
35
17
0
53
64
13
159
3010
18829
3
54
2
1
16
3
415
2
804
20
0
72
30
27
45
6
222
118
13
32
15
0
0
0
9
7
215
13
0
14473
4
0
0
0
5
54
7479
3
0
3
706
1
11
93
4597
0
1
78
0
7
4
933
9
2
9860
10
4
12677
92
236
1620
4
34
4132
0
223
531
14
3
8674
3
633
0
15146
2
5
0
0
235
10
0
0
24
1
260
29
25
24
2
2
11316
2018
0
11273
55
307
4
673
547
17
0
361
2291
0
76
0
5340
1128
43
2
30
5
0
0
6079
4
0
649
784
5
3079
56
0
0
5
0
61
0
183
4028
0
2
1
2069
10
13
0
0
0
1
104
306
0
12
15
0
90
8790
2138
4824
4
0
9
0
0
1
30
5
47
1
0
5
0
3
4
1
357
34
1400
63
0
0
105
443
13
28
204
30
1
2705
0
0
0
0
11871
5
10
1
36
9029
0
0
1
8
4132
0
16
5
7
4
1
7
634
7
4
167
3
0
7445
12
0
157
0
17
0
4
1
126
95
48
33
0
0
83
11
0
0
1
0
14
4
116
1
210
5
0
202
6
31
30
2152
26
0
1
0
0
1
4
16
13
0
10
0
152
1313
0
2
17
0
1215
48
1
0
17
2
4
3
72
3
23
0
2
2321
1
56
1
20
23
0
597
144
0
3
0
9
139
161
0
707
61
35
11697
548
3
3
0
0
0
7
0
69
1
3
0
15
8
5
59
13
3098
8
857
23
14341
178
0
3
0
9
2
11
25
12
0
290
0
0
13
0
8
3313
73
0
8
1
14
4
4
184
4
14550
37
2
0
17
46
0
8559
182
0
20
169
3
102
181
109
1036
1
0
0
809
0
244
0
4
2545
1
0
4225
0
13
2
0
6444
0
0
0
4
6
2
1
2
0
1
0
83
0
0
0
15
1
1
562
250
68
4476
28
48
1
0
0
104
70
0
0
325
20
0
522
180
1951
812
2
3
114
9533
1
325
8
263
107
1
3
53
1
0
0
0
0
16
17
418
607
1
231
7618
3
798
40
0
28
15699
0
120
19
0
72
2
145
34
13761
2584
4
0
21
0
338
4
1
114
46
2
35
0
9
0
48
0
4
6
0
2953
26
13
232
330
0
2728
11
47
550
17
0
93
1
142
12
859
393
0
2149
8657
0
23
0
0
0
0
0
164
61
4
59
1
0
0
362
4
4599
0
9
0
2
0
4591
1163
11
3
0
0
56
2
1264
1
1
4061
6
2
1
0
3
0
171
3
6030
0
0
37
2
21528
9
0
6
0
349
1
264
2
4
1287
32
0
1235
2
95
488
299
3
0
6
0
12
5
2
12
1
1666
0
0
207
0
14
1
8
1
24
4
0
243
0
24
0
23
1
1
250
30
1
1
3
0
7
0
4442
56
259
3
11979
1223
0
0
2
0
0
134
572
6626
14
1
11
112
0
10
194
0
1
25
2
5
0
2
9
1051
0
52
0
508
6
13
1
6
0
0
0
236
39
3547
355
2
2
319
0
2
12802
0
24
0
0
69
0
46
0
1
0
0
1
1
50
13
42
2
19
0
2
4
10
396
19
1
1
17
42
0
96
798
0
2
24
0
7
2
67
3
356
0
229
2944
1
53
0
736
0
1
1599
762
4178
5
0
223
0
1
188
0
1
1014
10406
0
3474
353
1
0
0
19
17
935
920
2893
1
0
6670
1
0
1
5
71
1
0
0
11
2
44
52
103
41
564
0
4
4
0
3069
42
345
38
550
1
14
0
3
9
147
1
0
3
40
1438
0
0
2
0
105
0
7
14
22
3
1
3
1
0
2
1
1
1
0
0
8
21
1
0
19
51
199
30
0
3
1
7
0
22
0
2
91
2
0
0
36
0
0
0
5
35
2
0
2094
70
2
2
0
21
1298
109
815
0
2
1439
0
0
1
10
16
462
9
0
72
0
5
0
0
5
18
0
1
4
0
201
0
1
159
0
1
153
70
1284
0
32
0
7
8
1
175
0
7
0
0
0
12
0
276
0
0
50
98
0
0
195
0
1664
10
1
3
2808
1
2
77
13
4
2
1
4
0
254
5
3
109
299
68
18
0
0
37
3
3
0
1
1
0
1
5
66
83
20
48
0
0
25
36
490
0
5
1
1
4
2
923
0
69
8134
2
1
5
0
0
0
0
16
0
8
0
117
0
5
1
0
919
0
10
42
13
31
0
1
2
0
0
16
1
3
10
995
0
0
8387
2
157
0
5
73
1
15682
4
0
0
28
0
0
0
0
0
12
19
20
130
3655
340
0
0
13673
0
1
53
1152
41
0
12
0
6
1195
4
0
0
785
2
0
15
116
8
17
0
58
22
0
53
0
0
4
4
987
0
4703
1
1
0
13
2
5
32
5
1
1
1
98
15
58
9
0
7
8
0
730
836
0
0
1
0
40
16
5166
2
0
0
0
0
5
12
4
0
0
1
5
0
28
5
0
2
4
1
0
16
0
347
1
559
3
0
0
0
0
5
42
669
29
18
17
7
43
230
50
2
2
0
22
27
2
8
0
0
0
0
4
9
0
7
1
0
0
0
0
0
5702
28
0
1
0
3664
0
0
5
2
24
0
8
783
0
0
0
13
19
0
12
56
9
1
13
1
3
298
3
0
38
130
0
0
0
0
0
1
1
0
0
37
12
0
0
799
31
0
51
0
24
3
37
41
0
0
2
1
28
2
72
0
0
236
0
288
63
2
4234
1
9
425
6876
2
4
106
0
17
538
62
19
1
4
0
0
72
14
0
1
1553
0
17
0
0
108
0
9
5
1
691
5927
1
4
7
9
0
11
444
10
0
0
2
0
1
3
0
0
110
0
0
0
1
1
48
1076
68
0
1
69
1
0
2
19
6331
36
0
502
0
3
675
8
12
3
3
0
19
6
17
0
0
30
228
0
0
43
3
28
0
0
1
4
2
109
0
8
0
0
0
1
0
7
0
0
3
38
89
10871
23
1
0
5
0
72
0
101
0
0
92
0
0
0
219
177
0
0
3076
0
1
1
18
1
1
38
0
5
12
1
2
0
33
0
191
0
3
89
1
0
11
0
2
70
12
1
449
0
2
0
22
5388
2485
5
0
9827
8343
51
0
61
0
31
1
4
3
4
0
4
0
5
0
5
0
0
43
165
11
0
62
182
8
0
332
12
5
5
108
19
1
0
0
951
0
9
32
0
2
2
0
0
0
16
0
1
1
393
21
323
0
5
0
0
17
78
0
1350
3
24
0
607
116
43
2
1017
4
0
59
126
5492
1469
0
50
239
505
4
297
84
1817
0
0
1
21
217
3131
1
77
0
0
7
15
48
632
115
131
9
16
1
1
0
0
9
519
5
2
3694
135
0
71
2
0
33
626
0
8
277
3
16
3
0
86
0
74
14177
0
5
1
0
96
1
3
31
0
124
29
119
168
2543
13
21
69
8
16839
0
75
4
1524
0
2
33
0
0
0
0
1
0
84
7
0
7
0
0
69
0
18
7
680
8
1
3
5
60
0
0
6
38
160
0
0
247
2
160
6
0
2
1
0
1754
77
0
19
47
1904
0
70
0
3235
3609
0
4
21
18
2
553
26
3
272
67
7
0
0
71
0
1
0
0
5
0
0
18
99
463
0
6
816
5955
507
2
1
0
10601
1
0
0
63
1
2
6
1
1
2
0
0
10
0
25
0
0
5
0
8
0
1481
3
0
1
9
0
0
0
44
3
5
10
0
2
0
1006
11
0
362
0
7
0
1
0
15
1
30
0
0
22
0
13
2
4
3
0
3
23
6
1
1
6
29
0
14
7
0
5
136
0
23
0
3
0
9
2
0
3
0
987
0
0
0
7
96
0
1
17
0
640
1037
112
0
13
55
0
0
21
1
1
0
10
39
0
1
6
0
111
0
7
1362
283
0
190
0
1
9
6468
2223
0
0
0
0
4729
245
48
1
4
193
64
0
428
1
3
2
44
245
0
6
1
670
2226
20
5
2
3
27
0
128
8
1
0
1
66
2
7
23
21769
13
1456
0
2
22
34
1
104
0
123
0
4
419
0
7
3231
0
3605
0
9
27
1
13
237
1005
2
0
3
46
122
0
3
25
0
0
151
15
0
97
3
5
11
0
1
0
2
562
10
72
7
100
6
32
0
11
0
1223
117
0
424
12
2
0
20
0
0
7
11
1
0
2
0
0
8
17343
320
21636
8948
3602
325
24655
0
1612
5104
192
318
1646
9554
29902
21233
25824
12301
38
20832
291
320
6
603
24251
7713
6
320
30780
440
320
1721
27270
3041
169
185
147
994
722
34666
408
2125
5321
5021
38
73
13063
11
4220
20832
11448
4220
8567
10591
11149
390
14809
12859
1243
26152
37815
8948
248
6908
11192
458
58
319
577
1020
23
826
4768
720
0
26
0
10
2
727
413
23
1305
15
9
286
188
8
4
471
10274
12852
25
595
12852
0
2
913
4064
2233
0
1
82
4
3113
305
5
370
5370
24410
5802
11021
70
0
9
70
46
3
2073
37052
6
1687
44
10039
56
71
2830
3268
29
6
6
16
0
0
35
3
2716
8
0
4
11
1
16
345
48
56
75
0
9219
4
4
1816
13
22
61
546
3
1
39
0
112
2242
10344
89
635
0
273
3
3460
59
470
1
0
0
13
7608
405
476
138
405
18704
8
7488
2
1726
35
61
0
4
203
0
128
0
1009
0
21
0
2237
4
69
111
1
0
651
37
6112
1571
6
7
4
434
23
0
0
361
106
8490
14
11
2
1
8
0
15
0
145
1
398
73
441
54
3863
0
2
0
0
84
12
146
10306
110
4
3
110
729
0
182
0
78
11181
33
0
2
2
128
0
7159
5068
5
0
18329
1292
1421
8
56
681
55
20
2
0
38
20975
33
0
446
562
81
132
504
2
7
1
2472
222
0
20
0
0
1
0
3228
101
0
6
9
2016
1
587
1142
0
0
162
0
0
0
274
0
0
7
355
3824
45
16
15
2
43
2
245
1510
173
91
1884
58
3
1536
0
0
16
184
3725
123
179
1
470
979
2037
0
0
0
5
1
0
1
0
8
137
8
1
0
3174
0
8059
2
16
123
0
4
9
2
1
2
9
0
8
7
1
0
38
6773
5
1187
27163
591
2
83
1
146
10
0
3
2651
0
3
0
9
3
28
13
22024
0
3
1
1
11
0
591
659
56
66
17
2
37
1572
1
7
0
8587
3
0
2
2
2
3075
21
136
31
2170
0
0
0
11528
1
18
298
3050
10
5
1221
0
9241
14
0
1
2
6
0
3502
6
1
340
16
0
26
13642
56
0
6
194
89
0
3
8202
0
0
774
490
177
0
0
214
0
43
0
443
4
0
3
7
3
106
738
3
2
3
0
5
110
2
0
33
1
338
6
10714
12
4
4277
0
821
6
0
0
16
0
38
5
2772
1797
0
122
0
2
4
345
0
1
3
0
1
12
26
4
0
28
5
179
39
127
0
2577
0
6267
0
129
0
0
11
1
60
125
888
1
475
9
746
292
73
0
493
15
49
4769
2
301
0
0
5560
227
21
1582
79
110
8
0
10
67
5
62
7
3
5
305
13392
0
164
15
468
9
114
0
20
0
500
1857
3
1780
917
2
0
11
5589
999
2
6
225
140
2903
7
3948
330
0
0
0
4
48
2
1049
0
1
679
86
18
0
0
15
9754
332
5
35
443
1
8
0
2
85
5
2
696
0
0
0
4
0
0
26
0
0
7
30
0
41
34
5
61
38
494
2
1
423
0
658
15
14
4
4
4248
0
57
431
0
2153
0
1
3
0
0
0
124
240
6
1
2
26
0
9
0
421
2
3775
0
21
187
1175
1261
40
5
181
0
0
8
133
1186
0
19
1
10
2
0
4
111
1638
39
0
0
0
2
36
1
13
140
7122
1177
0
79
28
0
59
1
0
6
46
4968
23
0
1
0
2
0
8
3019
0
17
0
0
2
0
1468
9
0
7579
0
15
0
448
1
2
3333
6
505
21
0
1
940
0
12
167
0
1
950
34
96
7
18
0
3
0
4
0
44
14
117
11
1
0
12
1
0
1
2
0
0
36
2
703
18
20
12
1
1
0
2
12816
48
4
1
11
201
2
310
2236
361
22
12
54
1
95
0
2
3
2
12
1
267
0
0
0
58
0
34
1
2789
182
117
0
4
5
154
14
2526
6
38
455
0
73
0
1
1357
0
0
0
14
5
4
910
0
18
0
458
427
10
1
24
1
1
1
169
991
319
0
52
8615
386
54
59
0
9
0
54
28
0
1412
0
80
71
0
9
11
0
0
0
5
0
0
13
6450
0
33
3
7
0
0
11
6577
0
30
4
1
59
0
33
5067
7815
0
50
0
0
0
72
1
93
6
0
0
9
56
16254
22
3
47
17
7
0
2226
0
18
0
0
9
3
2
0
10
10
10
117
439
0
3182
0
151
3
0
481
0
1
82
0
11
16
40
485
0
203
1
12
0
3
0
2
0
85
0
53
0
0
589
1863
46
4
20
0
0
0
0
145
44
4
4
0
0
509
0
6
0
835
12
29
7
19
2
1540
269
465
0
225
88
0
55
0
10663
50
1049
1
7727
2
0
4
4
0
625
0
0
32582
0
0
0
3
799
3
3
3
0
9
21
0
9
2
7
1
1
0
0
0
0
0
0
8
12
23
18
283
0
11
0
3
20
2
54
624
926
2
0
22
156
3724
94
5612
12
9
2
0
24
69
15
48
1
180
4311
0
0
101
0
47
12
2
3
7665
0
0
2
0
2
122
70
1
0
600
224
0
45
56
3
0
7
0
2048
0
0
84
4749
8
0
0
2
0
0
0
70
1
0
1
1
85
3
1167
6
0
2
917
0
59
2572
78
516
0
0
2114
2
2
7
13662
0
2
0
1
113
1
0
33
4
0
163
3
2
1
9628
6
0
90
156
0
3
0
257
1
0
11829
0
21
10
0
7
0
2
5
696
11
6
19
1
19
0
2
76
22
0
1
1
217
1
0
4057
0
0
1
15
933
0
1
4
5415
18
0
15095
0
19
1
4
3
24
12
0
0
3
16
0
0
17
4
699
4
7
0
1
209
6510
30
0
0
0
1574
0
0
144
33
1
61
0
50
0
39
2
1
0
0
0
2
0
0
0
0
3
0
0
51
61
1
0
32
1
0
0
79
1
6
0
64
82
1
0
0
776
8
7
34
445
0
1
1
64
7
2636
11216
0
5
0
1
8
15
87
1
0
91
870
49
3
2
9
51
0
2862
0
52
1
1
835
1
40
0
3
398
0
0
0
9
4574
1
15
0
33
0
6
2
1
497
1
0
150
0
645
2764
0
0
0
9
20
15
1
0
5
0
0
0
1
0
241
90
0
0
3
4
3
1
1
4263
6
0
0
0
3
3961
0
15
47
177
891
0
0
0
10
0
2
156
1
25
46
1
265
2
1
0
3
3
59
8619
26
0
17
0
228
0
0
1
1611
2
0
0
0
2
74
32
4
7
1
143
0
424
4907
1
7
0
0
4
1
1
806
1
15
106
53
257
1
0
2
444
0
12
1
1
2
0
7
240
0
3
1
1
1
1
65
0
22
198
1
195
3
24
0
30
0
3
919
15
0
0
38
167
0
0
0
19
24
0
39
0
9
61
0
870
4
68
38
0
0
0
136
0
95
3056
146
0
8
0
32
1
3
1915
1
0
0
0
10
0
0
0
325
0
0
47
3401
84
62
5
0
2142
21
1
340
0
12
15
0
7
0
3
0
0
35
31
5
0
20
4
13088
20
59
3
651
3
7
0
5
1
0
0
206
0
0
0
7
0
8
3
0
12
2331
0
0
33
3
0
0
14
1
42
0
0
0
32
0
791
50
3145
23
1
19
89
1
70
20
32
0
57
0
9
0
6
0
0
0
2134
0
4
1
1
0
0
43
0
16
0
344
1
0
5
2
10273
0
1
22
4
7
0
193
1
14
1
0
4
119
0
48
1
0
0
72
21
1
23
1
1
0
0
5
0
120
801
0
1
0
776
0
0
1
0
0
0
12
15
2
0
14
67
0
57
44
0
0
386
147
82
2489
0
230
45
8
0
0
2
0
447
1
7
4
0
8
0
0
0
44
1024
11
37
1
0
0
616
694
4
83
246
2707
0
0
0
1
0
0
0
73
1
3
7245
5
0
0
3
16350
1
173
1706
419
85
25
0
567
83
0
6
1
909
90
112
7
0
0
839
1
26
0
0
0
0
324
1
0
0
9
9
4
2
3
1
10
0
8
3
0
1
1
4
31
0
5
0
75
0
5
2
2014
0
43
0
3
48
0
101
108
21
1
85
41
3
1
1
0
1
0
61
39
0
0
14
64
0
82
0
1
5
0
47
10
0
164
0
159
0
0
28
9
0
0
0
42
0
12
0
86
53
0
7
71
2
3
0
8
32
1
0
0
0
1
4
41
3
124
153
76
0
0
285
0
0
315
571
0
3
0
402
0
35
0
6
0
4
104
1
0
1
0
11
0
1
760
6703
0
57
0
3
0
1
12
5
0
0
5
16
2
42
82
2492
0
369
0
0
0
2675
0
23
4
0
364
92
1
25
0
0
0
2
52
1
33
0
37
0
25
27
0
288
7
0
38
42
14
105
0
61
2140
532
0
3
2
0
95
65
1
0
184
1805
107
3680
1
2
9
24
0
0
2
41
4
0
1
26
19
3
2
385
3
2
0
743
84
212
51
10
127
425
158
0
81
0
11
1
0
10
0
1
1
0
0
1
1
3
0
12
2
0
39
36
3
2
0
0
6
0
1
1616
5
0
1
875
1
0
0
195
0
34
0
19
6
0
0
0
0
0
0
5
5
0
0
4
24
249
4216
1
0
0
1
2
1
1
56
3
0
0
2
23
49
3204
0
0
0
12
45
0
6
97
0
1415
10
0
1
0
182
0
43
102
32
1
112
0
57
0
0
401
94
1
0
12
1
2005
1
851
0
36
13
12
12
18
1
82
7
161
111
3
0
2
19
0
2
83
7
0
1
0
0
36
1
2704
994
13731
19016
13007
1060
74
160
4298
355
38
2045
15748
3704
1060
36981
87
1060
42957
8948
15596
6712
8611
5104
842
9476
1612
16354
320
7360
29246
509
408
8816
0
2388
8118
318
3623
3623
845
8170
160
4286
1294
457
7291
44934
48
12089
47279
29173
33943
4286
30347
320
320
160
603
42562
190
12089
163
19214
1
11
90
10
357
1981
5413
73
167
228
6963
141
27
101
5208
25
10613
142
6
0
94
11
0
6513
721
14
129
9516
323
0
1
4289
0
1012
1452
0
4
24
68
68
50
17852
180
1608
638
69
3
7
1050
26
11
11
0
26
89
12852
343
10
14
0
17944
9
454
140
3
0
196
66
0
31
22
1179
157
5
0
611
2
1156
0
3
11
436
0
4
3
89
510
2
0
24794
0
1
0
161
102
1621
52
5
600
3716
826
0
0
30
0
2
6
188
9
95
5933
23
21
2153
17
240
107
3
269
306
0
4
8
1170
113
8
1
1679
94
322
75
21
14760
370
117
1
608
267
4
0
188
2
762
3
127
274
0
0
12
985
33
4140
1008
0
19
0
721
19044
5
3
10675
4921
14
275
17772
8
238
9
70
805
8
0
0
419
0
109
0
80
9
131
1270
1163
33
0
0
1110
0
0
388
63
0
3891
0
8
1
1554
0
5
11382
0
564
1
10
0
21
138
444
0
96
0
0
0
453
19
3
61
0
8
16
12239
47
0
7
83
0
854
203
0
0
0
174
105
0
227
826
1
3
4
0
18
5250
0
0
495
3789
15
81
13
196
1236
44
0
49
113
15
2253
0
0
3
449
555
4
46
8
27
8
41
36
1
1820
6
2
91
7
0
0
323
618
28
3
18
157
7
1236
26
2
0
0
1
3
0
5
6
18
623
9
4335
9
4
284
1946
8377
0
0
3
2383
3
0
36
631
91
1
4
426
2
10816
37
1
0
1
37
78
45
1782
179
3
1
0
0
24
0
0
0
1
0
0
1909
0
16
0
7
572
43
0
121
0
41
0
13
69
113
3284
1
593
9605
75
19
0
9
114
30
0
6
0
7
364
20
0
3
14
14924
0
0
5
8
26
154
0
11133
6
28
23
5919
0
0
865
20
3
39
58
29
262
101
4
691
0
42
0
0
0
19536
0
1651
2
51
95
0
248
0
1096
0
0
1
2180
8
5
37
1
9
4578
0
13
1417
19
2
0
67
2044
2
3
0
6619
1
4
76
1
0
0
19
845
4
2290
623
7
396
0
1338
26
27
0
11
1
1
0
6
0
0
16
0
0
0
14
1
6
2
2
0
6
6
64
0
0
1
2
0
2
75
29
1
60
3085
7
1
34
9
8461
270
0
30
2
18
143
0
518
0
98
45
85
0
4
4
0
89
0
1
0
1
1
2
306
2
3
3
0
35
0
0
0
0
986
0
659
0
465
0
4
5
0
3
1
8
60
9
173
0
12
9
95
509
11
0
228
0
0
45
17
0
2
0
64
22
16
22
1102
3
18
102
1
78
12
122
36
3
36
0
6
2
10
4
154
0
31
4
4
29
422
15
104
5
5451
27
32
3
0
1390
0
2
60
11710
0
68
1
1
6
3867
27
806
0
25
11
5
1442
12
8
219
22
0
86
24
1
0
3
7
1
21
72
892
4
26
1
0
5
1
0
23
61
0
453
368
7
77
376
0
15275
0
0
0
4
5
1
1
5
2
4427
1
0
6
3
6
1
1
1
7
48
5
0
1
2
0
8
1
3410
277
4
20752
1969
0
0
1
10
1
5
4
10899
1
6
0
1
0
12
1
11
68
0
1246
126
67
545
0
64
7
4
21
3
0
4
637
2396
0
151
23
0
1547
0
12
0
0
0
0
0
0
44
0
2
146
34
99
1
0
3
24
6437
8
0
0
0
20
0
64
0
0
8
89
7
46
0
2
1770
33
83
7
34
3
16
3
3
379
46
0
50
2253
0
15
1
17
1
6
4
0
8
54
0
0
3
0
0
0
1022
420
4
12
30
146
0
0
1
0
155
11198
0
0
5
10
58
776
0
0
0
8
6
10
4
9
16
1
2
0
5
0
3
239
0
959
0
8
0
1
15
1
1
6
15
0
25
0
0
0
23
80
0
13
0
814
0
0
3
1
5
594
0
1
0
1
29
0
0
0
2082
0
6
0
0
105
0
0
8
255
4
3
1
223
72
429
1777
0
0
19
0
0
0
0
20
38
21
1
2
0
0
12
0
1
2
15
0
133
389
43
3
1
15
8
94
1
7
0
24
0
0
0
0
0
49
20
1185
172
35
144
1
235
167
3
410
0
1
46
47
1
0
0
0
8
0
0
21
34
2
10
89
0
1
0
6
2
0
1
0
3
312
43
0
234
0
30
12
0
0
0
0
33
0
43
0
1
8
10
0
0
1
5
4
0
16
1830
105
22
3
1
844
42
0
0
17
1355
4
75
31
36
0
6891
3
337
68
0
0
0
0
71
3
0
0
0
0
0
179
0
30
23
0
102
21
1
0
1
0
0
1131
0
0
1
22
35
5
41
0
1
2
14
0
7
0
2380
0
18
2204
2602
9
0
120
438
0
123
13241
3
0
2
6
4964
0
1
6
1
4298
1
0
4
1
2
0
0
38
1
0
0
1
0
0
0
1
0
7024
90
2
1
46
4
4727
0
2
2
7
2
72
1
0
0
15
1
5998
341
10
7400
2501
0
57
58
103
0
6
867
0
42
67
156
0
17
80
0
132
2
51
7
20
330
4
8
825
3
26
30
0
40
0
0
25
0
21
0
18
0
18
45
0
915
1384
27
3
149
0
1
1
3
0
0
0
1
2
1
3
2
27
3
0
3
73
28
4
73
0
2
3308
0
14
6
3
2
0
380
31
0
29
0
1
0
4
0
54
181
0
32
10
0
1
2
2
10
0
10
22
0
2
1
0
0
0
572
63
324
0
2
81
1
0
2
57
9
81
2
64
60
0
8
59
0
0
5
31
0
0
5
0
146
0
0
71
351
0
0
0
13
93
6
0
0
3750
10
1
0
13
111
2841
3
0
0
16
192
2
21
1
68
0
691
0
1
16
0
1953
3
0
0
0
2
15
3
0
1
23
0
18
1
219
86
0
2
45
0
297
0
0
1
0
43
0
0
2
12354
148
251
0
138
3942
1
0
0
3
0
34
17
0
6
337
779
0
0
0
38
5
6
1125
58
0
9
1
32
236
1
0
0
13
4
0
0
4
10922
2
2
238
0
667
19
0
1
6
1
2
1
3
164
2
5
1
2
0
0
38
40
0
0
2289
22
261
0
43
41
179
0
12
13
5
0
0
781
15
0
42
1
252
340
0
111
0
2
0
50
133
0
246
20
2
92
6
0
41
297
6
0
0
2
1
5
11
1125
0
0
2
1
0
40
0
267
0
89
260
1
2
7
237
1
29
2
54
0
1
0
0
1
0
4
0
0
23
3
3
11
63
12
1
34
1
0
129
0
1
0
0
2
0
12
10
0
0
4
187
19
0
1
4
4
61
0
1
0
3
0
0
4
12
0
0
0
0
0
6
106
153
0
0
0
0
1
6
3
3
3
0
8
3
0
0
1
21
1
7
2
0
409
0
4018
0
105
0
0
46
0
0
0
0
14
1438
1
179
0
0
0
1
0
17
7
0
1
0
30
3
0
44
8983
0
196
0
4
3
6
21
56
0
53
0
1
0
1
0
0
1046
0
2
141
5
1
1
1
0
20
0
32
0
425
49
0
48
0
0
0
5206
305
0
1770
0
0
5
18
70
0
63
26
0
1
0
40
842
64
22
0
0
1
88
4
10
3
0
145
8
0
3
33
0
0
100
1
0
0
0
0
0
18
2
0
1
0
1
0
1
79
0
55
99
0
17
1667
185
90
13486
0
9
0
1
144
88
3
1437
0
1
399
1
0
1
0
4
8
3
1
358
3
3
15
4
184
44
0
5
2
4
0
0
14
9
3
0
9
4
7122
110
0
0
0
7
1
0
4
0
0
0
0
2
0
110
0
0
4
0
12
1
7
1
1
17
10
1198
0
1
0
1
1
142
0
0
4
3
0
1
104
424
3
0
10
5
3884
1
56
206
0
0
0
29
4
6
0
6315
3
12
12
0
102
0
449
2
379
4
14
4
27
101
0
1
0
1
0
0
75
20
0
1
0
2250
11
8
0
1
3
6334
30
17
0
0
3
0
381
0
0
1
9
154
2
0
2
0
179
0
2
0
2
9
1
0
0
11
4
12
0
0
3
0
1
0
79
1670
0
0
1
14
5
0
1
17
0
0
0
14
14
0
0
0
39
0
117
2
0
0
2
202
9
146
54
0
0
1305
0
3
0
52
0
302
0
1
776
1901
1
552
523
0
5
0
0
10
0
2
1
102
18
0
0
0
33
76
8
1
11
56
182
0
0
1
5897
0
1
1
2
131
18
2
16
0
0
3
1
1
2
0
0
2
0
0
0
16
75
0
23
1
0
0
1359
1
1
74
0
0
6053
180
0
0
24
1
1
0
15
262
2
0
0
21
963
0
0
14
0
22
0
0
1
1
14
3
0
0
50
0
0
0
0
1
0
8
0
33
1
5
0
0
9
1
84
121
5999
0
0
29
0
0
0
16
9
2
0
0
178
45
0
379
0
6
740
0
0
0
34
98
1
0
0
14
0
1
0
8
0
0
0
0
0
0
65
0
1
0
64
0
0
0
0
13
0
15
0
0
1
68
0
4
0
0
0
0
13
19
20
707
6
4061
1
6
0
1
0
1
1
0
4
0
32
2
1
784
0
1
0
3409
116
7283
274
12748
320
407
3938
1597
10528
147
31
8816
994
8170
11555
274
38
2388
12020
49441
10314
578
13959
16667
163
6460
320
9944
3011
12936
24251
38
2188
11
1060
6803
4426
320
21000
87
147
274
28
8517
5104
185
163
38
160
595
1678
42735
320
13703
160
34975
603
2296
24084
11573
7829
8805
9478
5523
105
3451
10453
122
0
66
0
440
3310
17407
0
415
138
3022
384
1
5254
1
14
1
31747
8141
6
1948
5580
21630
5458
1
21658
1
2
4716
1342
4189
3122
42
2
195
4
7
2
649
445
4897
35237
2233
12728
13
512
0
52
496
1546
41420
367
15088
2168
9
19
2
532
84
1397
6914
355
0
0
1
3034
8792
284
38296
2702
1137
0
0
0
0
16
679
18
0
0
0
5807
338
5
2823
24
50
5
19422
564
5721
9
119
447
7
10991
187
231
18
0
2695
2
465
18
13
34
8
18
175
0
6807
9
1
23
747
1
0
20
887
63
10374
13
2
68
43
2
45
2603
0
0
448
1
28468
1
542
0
1
877
0
1080
31
50
24
366
10
93
1633
2018
0
2
92
0
32
22
2535
69
158
2
340
41
5846
50
1
0
29
8715
1
14
9408
4081
655
240
1513
241
5228
313
16077
23
0
14775
0
236
0
1288
0
82
32505
91
7
271
0
123
36
22
217
40
452
19
0
1945
2
3
160
622
0
0
0
33
110
39
86
2
9
8
7
3
0
35
3
0
0
8
127
0
1613
43
21
3135
1
36
151
66
2
64
256
4921
0
4
1
249
5
7
237
1417
1
337
18093
1
0
7092
9431
0
1868
162
271
17
0
185
0
9811
4
4103
0
5339
0
0
0
5
0
17
1
27
61
0
0
0
529
0
6225
1
0
125
143
3219
0
236
0
40
285
2
15
2375
0
3
412
0
1
1238
4115
0
0
9
145
0
470
8164
2
2
5
0
66
2
83
0
0
0
1
33
2
1
1
84
2
0
3250
594
1829
68
17
0
109
0
0
3
0
9
70
13
7138
0
60
40
3763
0
0
0
12
1420
130
109
0
2
4
688
400
4
1
0
0
2191
389
82
2570
1280
1
8
1105
82
11
23
145
8
12
299
103
3653
0
3
144
0
1689
11
12
6536
84
3
0
0
0
3
21
65
0
14
0
1
60
259
46
31
6
0
569
1888
2324
3629
24
0
97
1
0
0
314
0
2
9
8
13
0
19
0
286
9
3
126
0
0
2212
426
2523
2
0
2958
0
1
6
16
0
1
3
93
2
2234
0
133
12531
0
590
0
36
1
0
20
7255
727
18
409
0
4
3
43
4
1654
6
5
160
17638
4
1
15151
0
47
0
1
0
0
3
7
0
16
0
6
2
1486
0
0
13
0
5
1376
0
5
0
2
7630
0
12
1
582
26
1
629
397
3
427
0
2
1
3
0
0
1
0
1317
90
3796
49
119
1
0
21
8
190
1
5
0
7
698
8431
4
2
0
181
0
0
4
3
119
0
32
1
0
123
2
18
30
1
0
928
0
0
0
108
0
1
15
11
0
0
1801
13
1
0
19
28
0
7
2
1
0
1
5
50
46
0
1
0
8
7
571
2
1
65
0
7764
0
1132
38
2
3328
0
2
3
12
0
0
1
1112
0
3
48
3
0
145
0
298
3
76
1209
0
106
0
2
1967
0
0
1
2
8
292
107
160
15
299
0
371
12
0
5
0
1
17481
1
26
3394
2
0
138
59
1056
12
9
129
288
9276
2
10
52
182
1419
73
12746
0
11
0
15
14
1
7
194
0
662
224
315
1
12520
37
3
417
0
0
4
86
3
283
626
1
46
0
0
5
73
0
4
0
1
0
102
0
1900
1
2176
5
0
0
79
4920
0
1
4
0
0
11
0
0
0
0
1
2001
0
0
54
5
3063
0
16
0
0
31
5
15
6334
1
0
0
1
24
14
13
1
609
0
1
2
530
0
14
1
3
5
1337
0
112
7
254
0
0
5
0
0
4
2
2
736
0
5
91
0
0
1
0
12
230
1
2
29
84
4
0
16
0
11
2694
1
11
72
0
30
0
474
0
1
2
131
0
139
0
166
118
1583
1
1
0
6619
0
8
38
0
0
0
60
3
23
40
0
1
0
24
0
47
26
63
2
1979
1445
0
1
4
0
1
0
0
0
194
4
5
0
207
2
4
7
5
0
0
179
182
11
134
23
13
0
5058
0
0
0
0
0
12
297
6
538
306
329
3
3889
4
6
10
2
28
2
1
172
0
1
15
3
1
0
0
0
0
2
12
11
0
2
0
20
0
10
0
0
2730
0
0
0
0
4173
1
17
745
875
428
40
0
1
1
6
117
6
0
0
4
8
1
32
0
506
94
716
2
0
6
0
5
0
1
9
1
36
144
0
3
0
63
0
25
2
21
24
1
12
9925
113
131
43
0
128
1
6
0
55
4
0
0
0
4
7581
3
7
0
0
9236
0
0
2
6
0
0
4
92
1
148
69
2
152
19
256
0
2
0
12
279
780
0
1
4719
289
358
0
143
1
34
3
0
153
2
0
0
250
87
263
12
20
1
4601
55
69
0
10
2
0
342
3
1
4
0
0
0
12
1188
24
1664
113
1
203
29
271
1
16222
0
1
313
2
0
26
9
373
0
2
2
0
0
81
86
25
20
0
1
4
0
0
9669
5
0
28
0
9
0
3038
2
0
1
3
1
3
532
484
29
7
1
1
11
1
525
0
7
0
14306
2
461
35
0
1
15
0
534
0
170
5
0
15
1
0
239
0
5
0
3
0
4026
11
3
61
32
0
62
2
0
25
0
1
2
230
2
1
50
1
0
1
802
0
1
9
1
1
12
0
8
0
4
18
6
6
0
22
1
1537
0
129
0
0
29
0
0
1
163
0
0
12
0
55
0
8380
7
0
0
20
1660
1
4
0
12
32
212
32
0
0
19
0
18
0
1
0
4
0
3
639
25
33
16
2
12
359
0
1
0
2
1
0
8
112
0
0
0
124
0
0
794
0
2
0
0
1
0
0
0
0
0
9
0
1959
0
0
0
1
0
30
0
0
58
0
2
8610
0
23
11
2
1
2
0
0
2
16
4
0
545
1
45
0
411
124
0
0
6
117
1057
1
1
457
20
6
20
58
2
24
0
0
111
9
122
5
0
1
0
0
9
0
0
0
0
4
0
0
2062
0
0
0
0
0
0
0
1
0
14
1158
21
3498
290
0
0
269
1
12
114
14
2
0
45
0
60
4
12
0
0
1
0
188
0
15831
0
1
0
0
2472
0
5
583
2
46
564
52
1
5
0
0
0
2
0
2
31
0
0
368
0
319
30
359
11
5
1
0
3
207
2
310
191
0
0
1
0
16
13
93
9298
14
698
87
0
8
186
7
17
3
8
6
12
22
134
116
0
0
47
9
2
2
0
42
6
620
1
122
41
0
113
0
28
0
1
0
4
0
57
3
3
0
43
52
2
1
806
1
1405
13
42
4
34
0
0
1
0
0
2
46
4131
16
17
21
47
0
0
1
0
73
1898
0
0
525
0
3
1
281
0
1
231
6
5
0
1506
0
0
6
0
5
0
1
0
0
1
1
2
1
0
2
5
0
1
578
1
0
2
1
0
625
1
2
0
1
0
6
0
234
33
0
2
1809
1734
5
612
43
0
56
1
107
6
1
0
11422
15
4
0
5
202
27
0
2
0
0
38
3
0
0
208
0
0
1
0
12
14
115
82
157
3
3
0
0
578
0
0
4
9
16491
40
0
3
19
0
4732
1976
49
0
11
47
0
0
6
777
1
0
31
14
1
2
0
0
1
0
13
6489
0
0
38
72
0
0
104
1
8
5
1
0
0
172
21
1
0
2
2
152
20
748
1
442
3
3
31
249
38
260
1
0
0
805
0
9
54
4
32
1592
41
1
39
2
2038
2
0
0
0
60
1
67
1
567
0
0
0
0
2827
0
224
2
0
1562
0
0
1
4
4
258
0
1
0
3
1
0
14726
0
291
0
717
0
0
0
1253
63
0
9
4
0
0
1735
1
0
79
31
13
0
185
5
0
0
14
0
0
1
198
0
0
0
0
41
7
49
7
0
3520
59
21
34
0
1
14
1
44
167
5718
33
2209
0
0
37
687
502
6
1092
71
64
25
68
1640
170
0
17
599
0
13
1
1
0
4
0
50
172
119
0
7
39
22
3
49
27
34
2
35
0
0
0
560
27
11
0
1596
10025
2162
67
0
0
12
0
0
14
4
0
0
2
3
0
90
0
19
2
108
0
0
38
1
38
0
33
1
2
0
3
6
29
33
23
55
2
0
39
35
22
76
45
25
295
3
0
13
0
1
0
23
367
0
96
0
6375
0
0
0
27940
301
497
0
58
17
0
0
2
116
1
0
0
0
0
789
9
2
0
524
93
0
358
98
3
0
0
7
1
7787
7
1
0
31
79
11
112
1
14
8
0
33
0
2719
43
2
0
89
6
0
0
16
8
0
0
0
5
30
0
4
583
0
2476
0
5
388
2
814
17
6
0
174
6
1
15
0
16
1589
4
14
0
9
0
0
2
10
1516
1237
0
0
1
0
1017
253
157
2
9
28
0
24
12
12
23
1
284
55
1
2
5
51
74
0
0
0
0
2
5
1
123
0
27
1
7
88
0
14
1082
0
0
0
2
34
0
0
0
11
125
436
4
0
0
36
4
2
11
7
10
1
1
29630
11
15
0
2
2
0
26
1
0
14
1171
0
4
2171
107
10
1
0
2
0
3
2
2
37
4
0
612
30
12
3
14
1
1
0
0
0
0
0
109
20
106
0
58
1
0
1
144
470
17
3
9414
2
6
1
8
27
0
3
4
1533
27708
16426
12433
1489
12859
509
147
4298
4298
638
28314
5104
16004
355
15660
5104
42350
3068
20832
33566
38
5104
87
147
147
87
8517
274
12859
18365
1887
6
7863
847
603
1526
440
11793
87
12859
12102
28
6
4327
19053
20832
6944
3441
4498
5104
847
14882
16806
849
13508
7070
21224
1420
147
38
32956
994
82
7
5685
8
2420
0
3215
494
52
10458
4082
2995
0
70
5
204
36
386
2
0
21192
3
4
5
0
222
20518
11007
608
1851
26
27352
40
7504
820
118
8
4438
595
282
13899
1626
1422
9865
10093
14
5301
19985
1
0
464
5
982
5
6
2916
31
1281
977
20722
818
5033
0
71
366
1
2425
1
9533
240
0
6
105
20
0
13170
1
0
32
1
0
5
14
11956
210
13404
21140
7169
205
23311
337
16
0
712
141
91
5941
24325
2617
0
56
0
1
20036
12
10
10
1670
1
19
0
206
0
7519
0
4910
2
2
8703
27
3
4
12
1
19
32
4
46
3
82
10
2396
9285
20491
0
1
0
290
0
27
7
65
10
61
14
365
0
310
0
274
153
2880
0
2
684
172
8
1637
10
6
17
2
21214
1350
0
24
8
90
281
0
405
6358
6674
99
3
1
8
2731
2192
3982
333
241
67
1
137
371
29938
35
134
3
0
0
120
180
65
29
0
81
7
0
31
3
16029
0
5640
1375
302
3
0
5
3
1
0
9
0
116
2323
1
41
1
0
71
183
6836
0
21
59
20
0
6133
1
236
0
4
68
0
20
126
90
62
0
2479
5817
6144
5
331
1
527
1148
304
6441
0
314
1
5837
11
2
1842
3606
6172
249
509
2
44
4
104
654
9
111
3
0
280
2
48
2
6
1
1
286
531
198
2
0
1
110
0
19394
572
56
2306
8
3546
0
0
0
507
2759
1
0
2
5
0
15
0
2397
143
714
65
1
2
23
980
4
804
0
5327
0
73
10
0
0
0
25
5
0
9856
1587
17
0
1
0
1
99
78
32
2
7
16
2
15359
1
0
2300
1
1
541
0
0
0
6
1746
0
256
17
2140
57
0
9
25
1
0
0
10
0
0
1
19
187
594
79
2
1
57
0
78
396
27
522
0
126
2
1
60
0
283
3
13
107
682
0
9
0
416
282
0
2
40
1348
0
694
74
0
62
1
2
1306
1
5
0
100
437
0
8
6641
8524
2
0
14
39
61
170
339
5714
1
68
6
43
0
0
2
23
0
0
1
0
3
2
770
0
1
1
131
15113
35
231
2
165
100
6
6685
341
3
16
0
169
171
0
0
3
22
16
3
76
5
0
147
1
17177
1
0
0
304
502
3
4550
4253
8
1622
7
0
7875
35
7
3
63
1
247
13
0
2
9921
42
0
0
0
0
89
3
18
19
87
2
120
4451
1
2453
92
102
994
0
2
5
6953
12
3
167
151
2
722
2
1157
0
142
28
0
4473
0
1
0
1
804
4
181
1927
54
4
53
283
0
2257
143
0
16
0
473
41
0
6
1
307
26
1537
0
1
18
8
0
0
0
1122
14154
615
2
4
2792
19555
103
103
3
0
6
86
490
3436
0
0
154
8
0
1
1
0
0
3
0
14
22
2
1
842
0
13787
4024
27
0
0
1
0
0
1746
1
67
0
6
1
0
409
12
0
59
1466
0
0
496
5
14
37
463
1
33
0
76
98
58
210
0
53
3
114
1885
3728
9832
10
2
559
1
2
31
158
8719
1
115
3544
1
9
3289
3
789
1
22
5
0
114
277
0
6782
2180
0
3792
0
0
33
0
21
3
0
301
0
0
0
1
0
0
0
0
32
29
1
20
5
3
0
1
0
291
1
17
155
0
61
8
156
221
0
16
56
0
2
109
0
3
0
3
14
3
14
2
0
67
26
1173
0
8
1718
2
7404
50
3
3255
8
1
10103
0
68
100
1615
43
42
10
1
87
1
6
38
474
0
1189
0
526
38
25
7
37
377
1
1
0
0
3
6
187
0
2
111
0
1
3
1
4
32
150
3
5
46
854
88
2
71
7312
0
0
3
0
76
78
81
1
5
1
3
252
0
2579
478
1
6
2
22
31
6
3
3
11
0
47
0
475
4
0
0
53
0
87
0
3
37
26
114
54
0
1
935
54
0
2
4
0
82
0
218
0
1
114
3
3
35
26
4986
197
0
1
0
19565
0
368
0
16
1
0
1
2
1
37
0
1
0
217
376
1
3
44
0
0
4
1
90
1853
31
0
106
25
4
0
1
8
0
201
1007
3
16
68
0
7
66
277
55
254
0
1
0
1430
2
0
1667
1
133
3
20
101
21
1
0
2
2
0
3
3
4342
1
48
2
0
0
0
102
0
4
12
0
0
5
35
0
201
0
9
1
0
4767
8
2
9
4197
13121
0
58
33
0
2654
7
6
5
0
2
1
57
0
1
2
0
0
15
0
10
3
415
1
83
2
2
524
839
6
0
1
9
5288
277
117
1
46
0
3083
0
0
0
0
20
0
47
0
3
356
0
0
3
5
58
9359
134
0
0
0
0
23
0
1111
11
0
2246
25
17
179
324
31
3945
925
2
0
0
1
0
243
0
0
3437
8065
124
0
388
0
4
0
39
5
78
15270
0
0
0
0
0
3
1
7076
0
1
15
0
1
250
163
2
0
28
2
41
2
349
2758
0
4050
103
0
19
819
2289
5
0
922
3
0
90
15
5691
0
9
0
5014
127
3
166
1548
1377
3
0
1
10
0
75
136
7
20
4
0
0
0
0
3
1097
335
86
0
0
10
12
4749
0
1822
0
18
0
3
0
130
16
20
2
0
9
0
22
72
67
3132
80
0
0
0
68
124
39
554
7323
0
0
22
0
25
0
3287
2
220
1
0
12
0
2
0
3
1
1
1
18
1
0
5
24
0
11
1
37
2
147
0
0
8
0
33
2
0
1
5
99
7
184
415
1
120
0
32
0
2
0
336
37
16
60
0
41
11
0
0
20
806
2
99
1234
4
1
0
35
0
37
89
2
0
19
60
128
748
0
5
0
711
1
1
4
4451
7
12
0
0
0
4
0
969
2
1742
0
0
29346
0
1
507
77
12
4
4374
9
965
189
21
0
0
1
109
1
103
1
72
0
2
0
15
1
0
13
0
0
5
1
0
0
3
0
0
0
10
0
4
2
31
1
23
45
6
0
0
1729
7
0
105
1
0
1
14
80
1
0
8565
8
90
1434
14
226
0
0
1
0
0
74
0
0
0
65
0
0
11
4
115
551
1
0
10
0
326
0
4
14
0
1549
0
290
0
8
1
0
1
17
22
445
0
0
0
8
0
9
0
10
0
5
1
72
0
68
3
76
3
0
30
1
4
11940
0
7
2566
11750
0
11
0
0
17
0
1
0
60
41
2814
48
0
12618
0
2
2
547
2
2663
1
0
7
4
2
1017
0
16
0
7
190
0
15
19
537
0
711
64
0
0
4
56
189
2
0
11
8
0
146
0
370
51
0
23
6
0
0
8
0
0
5
29
0
36
0
315
115
0
0
6
6
0
4
1
4
0
0
540
6
4
20
0
0
2
85
2
19
4
2457
2
522
0
459
0
1546
4
298
8891
0
32
2
146
0
3
1
115
0
50
0
0
45
1
167
0
180
72
12
0
11
1
1
76
7
11
655
2
0
5371
28
0
9
17
31
0
0
0
0
222
68
0
1
1
4
1
0
41
15
3
0
12
0
12
780
3
164
0
19
112
239
54
0
3
0
47
76
2
0
0
0
1
3
0
1
1
40
0
0
0
1
0
14
17
0
1
1
65
2
0
0
2073
4
0
255
0
4164
3
444
19
1
1
14499
23
0
1
1
0
12
0
12
1
15844
9
31
0
8
0
4
25
57
0
2923
5
40
4
0
0
255
0
1
2850
3
39
2
1
2745
354
271
1602
0
17
2
7
972
7546
0
6
0
3
0
0
2492
0
0
9
2
2
293
55
11
10
0
1
116
0
22
0
0
21
0
1
19
3
0
20
35
4
528
8680
0
0
2
9
14
5
0
67
0
2
1
0
57
23
1
3
74
696
0
656
0
15
5
0
0
0
0
0
1
2
0
2
20052
0
0
0
64
59
2
18179
2
1
528
0
0
2
24
3
2
0
4
10
0
4
2
0
0
12
0
0
84
1
5
0
306
21
107
1
0
52
1
20
688
671
8
8
1725
2
688
0
0
287
0
1
0
3
24
5
17
1
2
6
0
1920
386
0
0
0
1098
14
36
2
0
121
1
0
2
0
128
0
8
1
79
145
0
3
0
0
0
0
4
0
82
4
10
505
717
858
8
1
1
4
0
0
14
0
52
0
320
0
51
1
0
0
10
0
14
22
10
4
307
15
1
0
33
36
16
14
6
0
2
0
22
8
2
43
16
5
18
1
14
0
4
281
502
159
0
2
7
7477
0
5
74
0
0
0
0
2
281
5
41
196
0
958
8
34
7
0
12931
0
0
563
0
0
30
0
0
0
0
14
86
5
314
14
2
454
0
1528
0
1486
0
1
87
1
0
0
72
16
1
4
53
0
2
10
293
81
0
0
2
0
16
0
0
991
0
0
0
3503
0
7
7
1
3
1
23
2
0
638
7
3
10
13
1531
262
1
15
1
17
984
22
39
3886
0
2
0
1
0
6
0
175
2
74
0
0
28
3
78
1
1
416
234
0
12
2
0
148
12
3
7626
123
34
1
2
47
37
0
0
44
6
1
9
5
442
5
36
12
7282
5
2
5
0
0
17
0
0
14
0
24
1688
0
18
0
1
0
0
197
0
0
0
34
516
3
0
33
0
0
0
1232
1
46
26
3
13
1958
1
466
312
0
38
38
1
0
13
216
78
2
100
50
20991
218
10437
440
1887
5028
30532
36670
6
2724
17269
9102
30761
11293
163
408
994
174
802
202
12278
11149
163
1379
147
605
3566
8547
3112
31040
1721
404
5104
3566
169
67
5104
5104
147
0
26667
67
320
218
6065
9979
3566
11876
797
27819
12859
27582
2900
5104
24251
17269
12859
320
11199
38
11199
30
12859
4220
1770
7335
271
595
40
0
0
35
34
18
13254
499
3256
474
556
23633
12358
2770
2
88
0
215
178
4212
222
2
2341
8
5185
20558
8
948
79
508
210
2569
9
9
10974
91
131
29
1546
200
7301
175
2150
18
7141
0
90
4322
0
6
2
3116
256
94
9
7066
9
13
90
70
13
3
0
1
129
19
2735
0
359
40
6
13
281
160
1389
18
2
2890
53
0
0
0
216
0
23890
8
2318
512
3144
19
12
574
325
71
330
51
30691
892
8378
39
0
1
15032
68
10
2532
1600
1551
1
0
81
16925
0
1085
395
144
0
0
13
752
105
2
81
60
234
4
48
8
0
0
4385
0
0
7
0
82
2127
14
4
465
35
245
150
27
764
3
0
49
103
0
5
281
39
41
0
42
0
0
0
25
0
130
0
2
97
15073
1
2
2010
0
551
42
32
19180
27108
10
0
2
435
1428
233
541
871
5
886
1
0
211
73
465
6
614
6428
188
0
1
886
15
31
0
0
1172
0
5
54
8
0
42
0
1
75
0
187
1235
73
0
1252
210
15233
68
43
2871
2
945
98
0
46
15859
7913
173
49
368
3
1
0
105
8
3049
1
1
11968
16
116
0
0
8662
16
125
614
110
2
0
0
780
0
1343
531
0
1
17
112
7
1
1
3
1871
7
233
0
134
7
0
0
3947
0
0
0
11575
21
14
0
8588
48
690
65
0
0
2
86
0
100
1551
0
183
468
3
76
497
77
2471
55
1
40
18
2
1
179
2
0
3
70
139
0
759
44
1
0
171
455
0
4
1
2
1
0
915
3
23
45
1
203
3
2
5
1245
5
1
14
0
295
81
66
328
8
59
176
29
1
233
2
1243
489
4743
335
1744
4
45
0
1163
9650
90
2
0
0
0
2
47
4487
0
78
8
46
0
973
842
24
38
150
4
90
0
0
1
264
1
1
8
0
6288
812
241
0
22
0
25
1
0
57
7217
345
234
0
288
162
19286
25
4028
9
3543
0
355
0
16
194
12230
409
43
3826
30
7
49
18
2
2246
0
29
18939
0
0
7
9
115
0
28
0
1
85
8
73
45
1700
0
0
11
6
7
90
0
2
68
2584
0
0
209
0
0
0
2
117
4
1053
62
0
947
59
1
156
4
775
325
258
4
5
2
72
0
0
82
0
2
415
2135
6351
1
3
14
0
0
10
2
246
374
1
2
0
0
0
2
103
31
4360
69
54
1
138
58
0
0
32
3
2
8
27
368
116
0
1
12
9
32
0
6
0
0
0
0
0
0
1823
0
3
277
0
4162
0
0
441
0
39
14
2
154
0
7
5
566
14
0
1290
0
68
0
0
0
15
4
25
3006
4
196
4434
0
874
7370
0
2317
1
1
35
934
1
3
0
9
2
0
44
19
1
954
0
11
1
0
979
1
0
0
0
1
0
10
2
58
378
31
0
137
1
0
0
10
119
98
0
9215
153
19064
0
5
5
22
20
0
9041
6
15966
0
9
0
11
1
0
37
49
320
3
0
3
21
0
0
0
243
0
0
0
0
0
0
0
0
2172
212
0
5
51
1
18
0
0
2
0
234
0
1
380
181
3452
112
3
0
0
47
1
84
0
4155
0
496
0
0
0
0
0
0
28
1
0
29
53
2
0
134
5
0
0
0
0
0
0
141
67
0
0
21
1
8
1
3
3
2658
113
6564
1
0
3
1
28
8
9
1
9
0
39
5
0
525
0
0
126
1320
24
1974
2
2
4
1088
1
0
0
223
1
0
257
8
0
786
1
0
0
134
1
0
1
1
787
173
0
0
0
13
7
0
0
1
8
0
39
2
0
0
0
0
18
2
0
7
1386
22
7505
4814
149
0
1
0
1
1360
0
0
0
4
3
436
1
3
0
1
4006
0
41
22
1
1
0
0
2
2
11
0
0
1563
1
0
0
0
0
93
149
3004
0
4
0
0
263
1
0
1926
41
89
0
0
2
0
19
0
0
7
0
0
0
0
81
27
0
0
540
0
650
171
25
481
0
74
312
0
0
298
0
1592
225
0
178
6
1
88
3053
152
8
2
3682
0
738
31
0
1
0
1265
4
3
120
2
1
1
65
3106
54
0
0
1
1
0
29
1247
134
85
0
1
0
0
0
0
169
27
4013
1
15
283
2
1
0
104
28
0
31
13
1035
0
1416
0
0
4
1
2498
18
2
0
76
1
0
2
1160
58
0
171
7
4
0
421
0
1322
23
1
7
0
0
14
12890
351
10
33
0
0
4
4
11
117
215
7
32
0
0
0
11
0
0
12
27
125
0
2
5
1
0
0
15
0
6350
0
18
861
0
241
0
3
516
0
4
0
1
3
0
230
3
6
0
0
12
0
689
2
490
13
33
395
0
0
0
0
52
0
194
16
89
39
1009
1
1
0
36
0
4
467
149
0
0
0
1
14
0
0
0
1
8
15
0
1
0
183
0
6
367
45
8
0
0
1
2
20
3748
0
148
0
1
0
1
474
1
39
24
1
23
4
0
13
39
151
4
0
4
99
0
0
15
0
0
0
0
19
6
0
0
19
2
0
1623
0
1236
0
0
0
0
0
21
0
0
41
1
15
2
83
24
9
1
12
2
20
7989
2191
7
71
4
689
7
1
0
0
3831
6
106
0
3
1
20
69
1
0
711
0
0
2
15
12
162
16
0
0
0
0
1479
14
5
3
0
0
0
1
24
8
1056
1
1
0
0
0
0
0
0
0
0
1
0
0
0
2
15
0
6
2
0
633
649
3
269
43
2
2
0
4
3
4
4
21
5603
21
38
1
0
241
1
3
302
1
0
29
1
82
10
1
167
0
43
1
0
0
0
512
7
1133
0
7
18
9
1
12
2189
0
2
0
0
0
0
13
127
589
64
3
1
2
3
479
104
3
0
3
2
0
8
0
12
66
2
7
0
1
7
1
0
13
2
237
114
0
16
45
0
0
3
0
2
109
73
44
0
0
1
8
17
8
76
3
0
0
0
23
0
0
290
652
66
0
0
0
0
0
0
2
2
1168
0
0
0
597
95
3
0
31
0
0
4
866
0
7
72
12
2
612
2
2
27
1
0
0
1
794
12
87
521
1
4
2262
0
0
0
0
28
0
2
10
0
683
838
110
7
117
63
0
0
5
0
0
0
2385
1
0
0
0
0
0
0
616
0
1057
4
0
0
0
0
19395
0
0
67
38
0
234
3
2973
4
8
3
160
3
203
3
110
0
145
1062
0
3
0
0
1
459
1
0
154
21
4
0
815
1
10
3
1
0
0
11210
5
0
0
0
174
3139
4
4
0
0
0
0
0
0
0
1
0
0
1
1358
8
63
415
0
2
0
2
0
8
334
0
225
170
202
0
629
0
11
62
1
746
0
16
233
55
213
1
75
184
18
0
0
218
381
90
871
151
82
916
4
0
2
1
5
0
3
125
4
4
3827
0
7220
1
77
3
23
0
0
0
12
569
5
25
0
0
17
1
0
34
2
0
13
0
2
3
174
3
0
1622
0
0
817
168
39
0
0
6
14
7
242
1
0
646
27
0
29
0
2014
0
2
0
0
1
14
3
0
18
6107
120
1
21
519
0
2
0
4
1
12
0
0
1
0
0
2
3
0
1745
0
0
1
165
7
0
18
2
3
1
45
0
6
0
0
11
1
0
160
0
899
50
4
157
0
0
13
2
2
0
76
0
39
0
25
13
0
8
0
9
20
1
1
216
1
45
18
0
6371
0
0
7
16
44
5
0
0
1
0
0
37
4
16
1
0
0
0
0
248
2
0
0
21515
2
1
41
4
0
0
0
0
11
0
0
0
13
6
29
0
17
51
8
1
42
0
0
30
0
24864
69
0
2
0
521
10
0
147
0
330
2
0
17
15
1
3
133
6
24
0
0
0
0
1
0
0
56
9
402
39466
1
0
63
71
123
65
1
3
137
1
0
0
2
1
0
0
124
1
2
40
0
0
2444
0
0
0
0
4
3
2
0
606
1
3
9
7
8
0
0
0
0
1
1217
2
2
0
0
0
15
8
42
62
0
3
0
0
0
0
0
1
14
0
0
2
179
0
0
161
2
0
112
7
0
3
355
0
6
2
2
1
4
0
2
0
46
1
0
0
0
5
2
28
0
4085
0
1
0
56
1
0
5
986
0
1
0
1
22
2
252
0
756
6
20
3
1726
6
2
0
0
0
0
0
19
4
25
0
0
108
34
123
0
1
130
9398
2
57
1
315
0
0
6
606
6
108
1
10
27
1
0
13
1
0
0
1583
0
0
80
3
1
6
10
0
0
0
1
11598
0
1
0
700
6883
0
1
3
0
1
5
2
6
4
18
1
0
0
0
0
2
0
0
0
970
246
0
922
0
15
1
1
0
1
0
33
1
308
51
179
836
621
7
98
18
13
0
28
0
5
471
216
1
1
0
1
6
87
0
17
1
0
0
2182
27
0
2
0
1
173
9
1
0
9
33
2
3
0
2
24
0
0
0
0
0
0
255
25
1
0
5
0
1
2
1
4
11
0
0
1318
22
1
5
0
196
0
71
2
1
8
0
20
1
4
2
5
8
0
0
0
0
0
0
0
0
1173
0
0
0
2301
1
1
17641
0
657
1
37
0
1
65
4
0
0
0
0
0
0
0
0
34
12859
994
6
38
274
15425
38
961
16888
27835
4220
5046
968
993
994
100
2045
6
0
4470
5104
603
320
4675
3484
509
9102
2919
10305
20832
37103
30559
51
13630
320
742
9208
5104
0
5104
87
261
67
20832
46087
26508
29434
11658
58
9127
6
34541
140
973
4151
3200
103
73
0
73
13731
21
15368
14977
1793
1609
0
6186
802
5
3
19
0
1
79
137
133
20
46
742
18508
183
91
0
140
11
771
101
38
219
3
106
11
159
0
1
88
1302
6
11
1972
0
91
6
6980
2857
4358
9
0
5
1
1
2513
18
1129
12
42
47
116
0
977
28
91
23891
8118
209
1279
10826
5
0
0
10024
2
4
653
8
0
14
3738
1235
0
15675
1
13
0
0
531
2314
8786
35
19
9434
812
0
1
1
11
1
187
558
59
74
162
5
2054
37
4869
485
1
136
97
55
0
5
35
634
30
0
15
6144
11
1
0
21797
4
3201
54
31
5
1
7
0
3
1728
31
27
1
6399
0
1
15317
0
21
74
1629
2384
201
29
0
1052
0
20634
215
14
359
72
1
5
4
82
3
31
0
9
21
2
13
54
30096
19053
540
1
71
0
0
6
0
691
4987
162
1502
1001
31
112
0
3119
0
14
4783
180
7288
0
191
0
0
22
18
0
39
53
15930
51
0
0
1193
29
176
34
25
64
2
51
41
1
3
2766
1828
0
11
6
205
18
6
28
5
1
819
2
0
5
0
782
1
6
1
92
3
90
0
746
482
825
0
6
0
2
29
39
0
4
5749
9
0
19
2
254
4
0
1311
3489
0
4152
1
37
570
97
15
14583
0
0
6459
0
6144
0
9
1800
3749
336
1
23
4
1
0
1606
3
2
19
18
48
23273
86
160
0
0
4
0
4435
265
0
2
1
0
4
1
3
14545
17855
3
866
50
0
0
4693
148
22
57
4
0
902
111
1012
88
0
2
26
8
163
1
0
2
0
30
10
1
9
1
28
2
1
3236
1240
574
12
35
129
0
107
2
643
959
37
0
19
375
0
1
6601
62
0
0
265
493
926
8
6
533
357
1
0
1
0
75
6
28
0
1
843
161
23
54
4
4
1
4
73
0
74
117
16
0
6
225
0
0
0
280
0
497
16
7352
0
0
0
0
15
6
0
5
0
262
155
70
0
52
2
1
169
128
51
1
32
0
3339
544
4
6
0
43
0
18
2
16
1194
2623
145
11
0
4
39
1
15
0
6
44
0
1
177
2380
665
110
5654
2
0
3
11
148
24
1
504
3
0
0
5
2070
402
0
0
0
0
0
0
3730
457
43
0
3044
12
0
3
3
1
6
8
3556
9
314
2699
482
0
12
6
2
1223
3902
0
0
28
184
0
1162
20
100
3830
7066
470
0
0
0
19
78
79
10
1
0
16
0
0
0
2
4
2
1
2
5
3
23
24
17
763
62
3
0
1
9159
0
1093
4
3
140
0
0
4
0
25
42
2
0
3
0
810
3
0
134
9
0
14
0
21
152
1
3248
218
9
0
0
2
157
0
0
3
1132
2
3
3235
981
4
311
4
266
123
3893
9869
0
0
0
0
55
0
5
1
435
7
1
0
0
1
59
2714
6625
10
37
1885
0
0
9
41
0
0
189
1
8
0
1
0
2
9
102
0
0
20
2
15
0
4794
0
6
2582
3
104
20
0
2
0
517
0
100
18842
10
0
2020
8
87
2918
4271
0
53
331
0
0
3
1
16
16
0
1310
1
1
0
10
0
0
0
66
3
9
2
263
0
1
7
1039
30
0
4
652
1
1
9
3
0
9
0
0
5
6
118
10
1
123
3
73
0
0
6
0
26
25
3
0
2
0
67
5
70
21
3
1050
9
5
4
12
1
0
0
2
440
0
7838
0
37
2
4864
57
0
0
0
2
4
80
345
0
9
1
0
2
0
41
111
3
1
1120
123
26
30
0
3
0
2618
0
0
158
217
75
68
6
125
226
0
5
966
9
0
0
0
0
615
0
76
352
0
0
0
55
1
102
6
0
11
2271
0
4
2
0
243
0
1053
384
490
1603
0
1
187
0
0
502
308
6
0
0
0
0
76
36
3
56
412
103
94
36
4
239
23
2
0
4
22
1
3123
0
0
8
94
0
24
61
0
3
80
1
5
145
0
32
187
15
0
15
1
0
181
59
31
1025
0
0
9
3
2
4
0
211
36
765
0
1
1
18
85
0
2
0
25
0
34
7
0
0
127
0
7
2
6895
429
242
3986
9
699
0
0
222
0
0
13
6
11
19
4543
27
1
845
0
148
18
114
1
86
2
0
10
0
92
1
19
0
484
2
0
0
2269
1
22
0
99
1845
675
30
4
10
0
53
2
3
0
2
5
644
8
1210
0
2
4
37
0
0
0
0
0
0
4
3
307
366
1732
13822
0
311
9
0
26
216
248
101
737
0
0
135
90
28
0
14808
0
647
0
4
4
383
6309
1
33
0
0
0
1
68
0
0
0
1
304
26
7
20
17
0
9
68
1656
10
0
290
0
0
0
14
401
2
1
145
5
0
12600
0
0
286
20274
0
24
1
0
188
0
0
0
9134
0
717
42
4
10
293
0
0
58
0
757
0
90
5
0
25
376
6
1
0
1
1
10
0
0
494
2
13
1
3191
31
4
2
14
28
1012
73
579
3379
1
0
192
520
0
1
1
30
0
0
0
2
0
891
17
7
21
1
207
0
0
3
20
2
2
0
107
0
0
2
0
2
345
4
5
6
2
1229
0
12
6
0
2
0
2
0
56
25
1
35
316
1
2
13
0
78
1
4
7
2
0
4
15
291
4
2
20
25
0
107
2
0
1
0
138
0
0
341
1237
101
33
325
0
20
0
136
4
1
4
43
0
259
8
51
18
27
0
1
10
0
0
46
7
25
59
0
1
1
0
0
0
0
42
0
1
0
740
8965
2
4
18
14
87
1
0
6
11
1
671
0
0
790
0
10
0
1
1
0
3
0
4
2
777
288
232
0
62
0
6
2
0
2
19
7
0
573
1
2
88
0
0
118
0
41
1
0
15
83
90
161
2
0
0
0
0
0
2
0
7
0
2097
28
0
2
0
411
67
18
242
1812
1
7
1
0
384
1
274
0
1
5204
1
252
0
1
34
1
22
491
8
4
1632
0
746
758
5
74
239
7268
3
54
4
2
3
105
0
0
729
25
0
58
0
66
0
0
0
1
0
3
6
0
0
0
5
67
26
112
1244
1
0
0
3
2
0
1
1163
0
0
19
1
1
0
22
0
52
1
64
5
0
0
0
6
1
3
35
0
0
1
21
14
2
4993
5
1
1
2
2
1
21
142
0
243
0
3
0
0
2
1
50
719
0
0
0
1397
11
16
0
3
81
24
4
1231
0
1057
1
1
671
0
25
2696
48
32
0
12
36
0
1
112
115
0
795
1
336
0
16
2
826
216
316
3
0
4
0
5
34
68
2
1
2
28
3
5
0
0
0
12484
0
4
133
2
2
85
0
0
630
0
23
7717
0
63
0
0
185
9
8
33
0
993
526
1
0
253
13
106
1974
1
26
0
10
330
0
1
0
114
5
10
0
0
103
2
2
1
21
6
1
659
23
101
18
0
0
0
1
90
11
0
2
0
27
9
1
2
11
0
1
101
0
0
1
109
0
157
13
243
2835
735
115
0
0
0
0
1
0
0
0
8
0
22
0
4445
0
488
0
0
0
436
57
0
31
0
100
3414
10
0
1158
20226
4
2997
0
70
195
1
106
312
2
0
2
49
17
3
0
0
0
1
78
67
0
29
0
0
0
3
0
0
0
10
147
11
0
42
0
352
9117
0
300
8
499
3
0
3
0
0
51
9
4
2
41
1
6
0
2
0
0
2
0
0
0
281
10
481
205
0
0
22
0
955
168
4
12
0
0
2
20
0
3583
1
93
3
0
7
24
8
0
4
7
0
1
590
0
1
8
17
53
202
0
2
0
2
2
9
0
1
0
0
0
470
0
14
4
0
0
0
0
39
0
0
9
319
0
7
2
11
23
18
0
4
240
2
130
1
15
2365
0
106
0
0
98
57
0
0
1
301
0
2
3392
0
2
2
215
2
16
0
81
0
22
0
4824
85
2
0
0
0
1
140
1
54
1
32
8
90
1554
2
2488
0
69
20
7
2
3
3
3
16
0
0
12
62
184
1
0
0
107
101
28
2
0
603
0
10
0
287
117
0
1
15
0
2
0
2213
2
1
16
0
9
0
0
123
1
301
1065
71
8
0
6
0
0
0
0
3
0
10
1
17
1
0
88
1
183
39
0
1
0
4
0
43
55
2498
3
4
356
410
2445
7
17
0
4
1
0
0
19
0
4
0
83
9
405
0
0
0
0
0
19
57
4
0
7
1
8
0
0
2
68
1209
0
2
5
0
0
0
1349
0
57
5
2
0
42
0
64
3
23
644
1
4
28
0
0
0
3
89
5
0
1639
0
25
80
3
0
0
0
0
636
4222
6
17
0
0
310
0
130
0
980
0
0
2
50
2
4
1
23
195
2
5
0
0
61
0
17
1060
0
9
3
0
2
264
0
0
0
36
3
47
55
2
351
2
0
8
0
0
0
1
1
12
7
36
8
1
1
1036
0
1
0
0
0
0
3
57
1183
0
4
17
11
0
259
4
4
0
167
0
0
2
5
211
2
2
10
2
9
22
0
179
1
0
2
0
12
0
0
3
0
2
4
0
1884
1
1
0
1
16
0
49
4
0
5
7
30
58
5
1
11
0
2
85
0
1
20
0
29
488
0
11
13
0
16
1
48
8
0
2
606
9
0
242
0
0
2217
9
0
67
8517
147
147
100
811
24039
218
9651
803
261
21233
39763
147
67
8419
15220
32371
11658
13822
16
381
11824
6516
28
390
0
6936
9476
5918
1294
895
6
4460
1294
192
11433
48
20832
67
8317
8087
158
6
20580
185
6428
1538
0
169
2011
31
376
3542
24589
37577
147
20832
344
225
23382
62
6
160
4516
6
185
2115
806
5816
16
5166
30
8
10890
12
5
4375
20666
42
153
0
48
6
2883
2997
0
13
456
337
91
2025
1473
25
0
1
11307
3
0
0
2
19
2160
143
1
5
1
59
3
16
3
9
91
185
19
0
41140
10
0
0
2311
1863
3
2934
9
194
23
28385
14
58
19
5
4
6374
2702
5
56
790
6
0
154
0
3
7175
92
35
82
6718
27915
6
5546
1213
6
1291
8732
0
2
1303
0
85
0
2
0
0
9
34
1692
38
0
178
3975
85
0
247
73
1
305
31
115
116
0
151
7743
857
1
0
961
0
3465
13968
0
10
0
172
0
429
17279
1
3
0
0
257
137
30
2194
6
1
0
92
10
9
374
0
11
339
23
0
41
40505
437
100
2
2293
6
0
30
214
0
1837
38
0
0
0
0
0
14
1
195
3
0
53
33
88
9819
641
2333
224
11148
1294
66
2
0
11
93
558
47
0
373
118
0
108
220
2007
3
0
26
12
2
57
1477
1068
7
1
0
420
10
2
817
1
0
5
61
23449
0
110
2419
178
2
0
0
0
57
948
92
49
117
1982
2
1
1
301
213
0
0
0
16
90
4
79
1636
4
187
1
7
37
3578
0
0
7
10590
1
22
11036
2
0
22
58
2
0
0
3
139
12052
0
8
351
42
224
45
4028
1
2
0
172
0
466
2
43
1
0
1
14
4862
724
0
31
0
9
40
6
0
1
0
0
31
142
0
1901
84
21
0
6374
3
722
1553
1020
81
212
0
0
55
53
0
0
26
0
4
15
1
18
3
1136
0
185
557
1
0
4
1
5172
702
0
77
51
0
2604
0
1
3241
99
13
18
0
1137
0
506
40
0
0
168
40
0
6
752
15
80
24
33
79
0
0
301
319
34
43
68
13
2
759
157
0
0
0
55
0
13
378
7177
6
3
4345
2
3
1
1
347
34
3832
8
4
0
939
563
1
211
78
3
4006
0
0
167
472
210
38
1295
33
28
2
0
0
0
0
0
2
0
96
0
0
123
0
0
174
486
1
188
2928
0
394
0
1560
706
308
181
1
46
0
3493
9
2
20
199
458
0
30
38
322
21
138
4
0
1
39
556
0
0
3
752
161
1
3793
43
0
0
5
0
83
1
25
396
0
0
1122
496
0
203
4527
0
0
10
60
0
1069
1263
120
10
0
23
91
7
15
5
23
1
16
34
88
3
80
3
0
1277
3
428
0
4662
103
183
16
4
131
16
1095
13
3
55
0
1
4342
0
0
17
6332
39
1069
3754
0
3
0
0
8
2483
1
0
1322
0
255
18
194
2776
12
21
0
18960
281
0
0
0
0
26
13620
0
20
123
0
6
1417
0
97
4
0
0
5
132
58
4
0
0
0
1
2703
339
1
4
114
0
0
543
10
0
7
0
64
0
344
13473
15
0
1
26
0
0
0
263
0
0
0
0
0
35
0
1
350
0
29
2
0
3
2
2237
0
1
1
1
6
0
1
193
0
0
0
0
75
69
14
0
15
0
0
3
0
244
0
219
0
8
0
1
38
3963
1
397
3
0
4
358
3
0
20
6
0
2269
0
0
61
640
0
5
1
9
1865
24
113
13
53
14
1352
5
2
28
21
500
2
29
1
2053
716
252
2133
0
118
8
0
0
256
0
3
78
5
68
0
0
210
11
0
0
18
57
4
3
78
2
2
53
16
1
125
0
408
0
20
2
7462
1
1244
0
39
4418
30
967
0
0
3
15
1
3
0
111
4
0
2
720
30
3
0
394
1183
0
0
0
11030
0
40
14
6
0
126
0
0
9
16
58
1
163
0
0
0
0
17
63
0
2289
0
42
303
0
1230
3337
18
67
0
0
0
34
2328
0
14
6453
278
0
109
0
144
0
126
0
173
1
4
21
0
0
16
3
0
1
0
0
0
6
0
17
35
173
1
86
0
193
1
21
985
0
87
0
0
63
1
268
0
2079
0
0
0
10
0
98
0
1
4
0
0
47
0
0
0
1
0
12
0
688
1201
79
81
9
4535
0
0
98
53
0
0
17
152
0
0
98
0
0
6498
1
4
31
0
216
1436
0
129
6487
5889
38
1
0
2
116
0
251
403
613
52
38
0
1312
402
34
0
0
0
75
0
0
76
0
228
0
1
18
332
10
17
28
1
42
77
3370
16
628
0
1374
0
0
0
42
3128
2
0
17
2
0
2504
1
0
31
1
595
19
7483
5
99
29
0
9
0
0
0
1
947
4
3
17105
366
3
0
0
199
92
12
0
144
0
15
0
0
0
0
9
14
396
7
1
848
2
0
7
3253
62
723
0
0
0
2051
870
4
121
273
0
1
782
3
10
3
0
0
31
0
0
0
531
0
15
12
0
1
75
0
1
0
3
370
37
807
15
0
0
720
0
0
84
0
2
5
3317
0
230
1480
0
0
702
1
3
0
0
1
0
51
0
0
94
66
0
0
5
81
593
0
25
3792
166
740
17
180
35559
0
0
0
0
318
0
0
353
10
1
389
58
411
4342
3
0
0
0
434
831
753
2
1
1
1538
13
0
0
0
0
0
13
25
488
0
433
0
455
0
1
147
0
8
0
4566
94
2
11
1
1
0
118
80
0
1015
53
0
50
0
1426
2
14
675
2
1
0
50
4427
0
336
0
2
105
30
2
0
0
0
791
60
1
7196
152
8
0
0
0
3
0
141
18
40
7
0
0
0
0
0
0
56
11082
0
21
0
2
1
0
2943
0
567
15
129
14
83
4
35
98
22
0
5
3
0
0
1
2197
0
1
0
0
0
1521
968
0
3590
0
33
0
1
4281
655
434
1000
538
16
352
0
119
28
0
0
1
0
3
0
156
0
0
0
40
0
0
0
262
4
37
0
0
133
0
63
0
0
41
5
31
222
1
1
30
2
1249
2721
40
10
0
0
100
4507
11633
507
2
7708
0
1
1
1
0
0
0
1
75
0
0
1
41
2
0
0
0
4
0
28
0
0
0
264
145
3866
2
11
130
268
2
0
0
0
25
6
0
7
0
22
0
3
29
341
8
0
35
0
0
873
2864
31
0
13
401
268
2722
233
4
4
1
1591
2958
5870
1
31
19
0
0
2052
0
0
78
165
1665
17
0
413
2
0
0
19
0
943
7
0
273
1
0
1868
14521
1
0
153
0
12
3
38
0
518
125
648
0
6673
1
148
1
1
40
1222
0
0
417
2
27
1
19
9
1
53
0
1132
100
451
198
1
23
0
0
1
1
0
31
1202
0
1
727
0
0
13
4921
0
59
0
0
103
0
0
0
420
3
5
3317
0
37
0
0
6
0
24
2
4
66
0
6
264
0
0
31
0
35
2
150
40
2
0
6649
0
48
0
748
103
18
4
0
5
3544
82
1
61
258
0
0
1
8
970
0
0
0
0
0
0
66
0
0
3580
5
0
805
1
4374
432
2
3
0
9
0
30
91
0
0
320
0
0
8
725
597
0
3595
904
1106
1
0
0
5462
9
199
16
1622
1
3
0
8
2
2
0
1
0
707
1019
54
0
5
301
1
0
0
91
0
144
120
1
88
221
254
0
2
2
57
4
3
32
793
6
0
0
0
2
2986
120
92
6232
9
8
5
5211
0
0
0
0
1
0
5
0
0
34
0
0
0
159
0
271
14
50
4
0
0
0
0
4063
14
678
0
16
4
1
696
784
0
15
55
219
1
69
0
3971
0
6
22
276
0
1
0
5
0
0
0
0
82
69
620
0
0
0
2
0
49
13
1
1112
0
0
0
488
0
0
2960
0
0
0
913
18
4
0
37
0
0
0
251
1
0
1
163
15
577
3
8
8
578
73
506
0
0
3415
6
1
0
2139
0
0
10
122
1
0
0
0
906
0
102
0
0
10
2
6
0
0
18
0
2
0
0
783
0
10525
195
523
0
57
2972
0
0
0
31
0
0
0
6717
0
5
282
143
2
441
0
8637
0
0
0
0
0
0
660
1
1020
3
22
0
14
8
1
1
6
831
251
0
1
0
108
0
303
0
1
0
0
0
0
3
1
46
0
0
3
0
110
5
652
81
359
129
1093
0
0
5
4
156
2542
86
0
205
0
11
0
0
0
0
0
0
7
13
14
181
1786
879
0
11
3
1
333
316
1
1014
0
0
1
0
763
414
60
2486
0
27
8
0
0
950
0
17
19
1
0
0
0
5
93
1
34
0
0
81
14
46
11
1
0
0
1
12
10115
8
2
6199
0
17
0
2
0
94
0
339
5546
0
0
13
40
0
1
0
265
0
0
914
1
1
30
0
141
0
3
0
0
1
0
1568
0
0
1
235
67
0
31
0
0
0
0
0
1516
1
0
57
10
0
0
4
0
106
0
2
5562
22
817
517
0
0
6
0
0
2
0
0
3
0
0
268
0
67
1
39
0
0
0
3
1402
4781
10
1376
1
0
31
64
21
43
4
0
0
1
0
28
0
693
0
6
5
93
0
0
1
0
236
0
1
0
1
1610
2
7
0
0
1029
646
1546
0
9
3914
0
0
2
6
0
1877
0
6
450
0
1
428
0
0
957
0
3
41
1
0
0
110
2
10
0
0
0
26
0
0
0
4862
0
0
1
2775
0
0
0
0
937
20
4
28
38
0
2292
0
1293
170
16
0
4
229
0
0
781
1468
592
98
1
0
0
141
561
5
9
2
1
4
0
61
0
48
1294
42
3204
791
46087
11496
9956
1067
32979
5919
31
38
7360
802
2622
1545
536
24251
28
147
181
595
16522
6833
8307
434
28
3566
28
13892
291
13072
8307
585
12824
28
28
8029
15215
935
1612
1612
28
11788
1612
1612
5891
230
1612
1612
12859
1612
1612
12859
69
1612
1143
7879
12859
4220
185
38
1485
1523
0
353
124
10
0
1980
3148
1
29388
974
37
245
0
11226
0
6
4
1
9897
0
14
0
736
1
5
0
10339
1540
10339
226
17883
207
7
25
183
10339
6171
4
8719
12291
1023
11
2137
2258
11
11
116
13394
11
11
33
11
11
1014
18503
11
843
6
11736
38
2233
91
523
101
0
0
6996
29
0
821
707
2572
671
938
0
75
19277
380
14417
0
3
264
35
16
526
59
933
4
0
0
0
26
0
2
9656
118
1
10602
5
0
6
0
0
4
46
0
770
392
0
0
0
9042
0
0
123
0
0
11
1
0
1930
704
983
101
89
0
27820
6071
13
0
1
578
0
0
3
29
63
1494
2
69
0
0
38
1017
1883
11688
0
0
4916
1893
30
5
31
14628
7008
10553
0
2
0
8
0
4
31
0
0
9
352
1
0
26
1545
0
0
0
114
97
0
0
0
0
0
1
93
0
161
55
3
3
5198
5464
2
0
1
0
491
242
482
0
1
1
2212
430
14058
23
22
164
12678
516
4805
0
1211
54
15
15
1
4
1
0
1
9
15069
7
101
4
8
0
0
15069
2
0
1919
1
1
196
530
1
0
0
8091
0
0
0
0
0
0
1
64
74
86
63
1421
2182
12
2
485
479
0
20
154
5682
3
75
41
4310
0
56
0
0
2220
141
67
0
53
90
134
0
2
4286
160
2
0
132
0
8
0
3
9336
8
0
6585
17
0
2
9
22
18
301
0
0
76
38
38
2419
61
0
95
118
0
0
4423
63
196
2309
1540
4243
403
2
10253
600
2
0
5
3126
1
0
26
0
0
9
1
23
718
38
3034
254
558
7
1884
4
0
2
1198
412
4
9
4522
26913
1
501
4
3
0
31
0
2
501
0
0
1229
3
0
68
0
80
1227
98
3
6525
105
29166
0
0
0
611
36
18487
443
0
0
1
0
10
0
24
0
0
119
7726
3513
0
6
0
4586
2
1448
5
272
0
25
17
0
0
2
12
1396
0
0
8
7
64
0
3
7215
2
6665
27
1
125
7
1790
8
2
9
4266
2
9
2
0
0
40
1
5
59
0
46
119
0
0
5834
39
380
6163
245
4
0
0
3919
2
489
0
0
6
33
40
238
7
744
1
43
5990
8046
0
0
0
4
1521
88
10
2214
1
312
5
7
61
504
4
23
1
5
1
0
1198
1
104
3
0
0
73
0
18
38
0
12
1
47
0
117
0
34
619
0
9
0
0
7871
258
392
0
66
2
0
77
1
0
0
1
6214
0
39
0
301
10
103
2
6
1
191
1379
499
107
4564
1517
0
1
840
0
2
0
10245
5
1
5020
27
35
10
49
19
0
2
0
0
5
0
49
44
0
5
286
1347
0
10
1
719
12
0
2
2
1
0
4
0
35
1
0
257
0
0
734
0
0
136
0
0
0
1123
1215
18
787
2
3811
326
3
0
1928
0
1728
285
3873
0
4
13
0
20
12
0
0
5
1
2
0
8
0
11
0
0
0
3
0
0
0
0
0
3
0
1
14419
18
41
0
118
122
0
1
2
367
2
0
3
0
0
154
1
0
0
0
40
1010
0
2593
0
2
0
1
15957
0
89
135
2
264
0
444
0
61
8
5384
0
0
20
0
678
80
10044
4
0
3520
0
0
52
3
0
47
0
0
0
1
456
0
0
5
2
0
8
132
15075
3
1
714
1028
1310
27
0
28
30
464
46
0
1
134
0
29
53
0
693
0
0
58
1
18
174
22
941
26
373
0
0
292
94
14
0
0
0
1
0
2665
3
0
8
0
0
0
29
0
554
125
1
0
0
3
140
0
6867
0
37
4
6
0
540
3
39
109
1
4
18
2
0
1
21
4
4405
18
57
0
2
170
33
0
130
192
0
1219
92
0
16
2
0
21
0
91
3031
515
4
0
540
3
8
18
0
0
2
563
2740
0
628
0
0
10
0
42
2
1
3
38
3
2
12105
0
34
322
17
0
8167
251
25610
9
315
11
3
0
160
4
1
0
0
151
0
0
0
0
0
0
0
0
128
19
0
0
0
5
473
0
3427
451
2
0
10
12
7740
152
0
0
6
1307
21
4475
0
0
532
13
1
0
0
0
0
20
1511
0
0
37
1
0
178
7
20
1
1779
2
2
0
10
4
3
2
0
0
0
41
114
10206
1
629
224
0
1379
4
0
1170
0
856
0
1
0
6
28
0
0
0
2
33
1
3
17
0
0
3
63
0
2
2
579
1
392
2
10
10
0
16
46
0
1
537
6
3954
4098
0
7
2
8079
19
14
0
2
2
16898
0
1
1
0
0
14
0
0
0
1
3
0
0
977
0
1
0
1
25
419
0
99
0
0
0
0
943
0
0
1
17
2788
0
2
3
0
15
30
4370
8231
45
6
0
2
3
0
325
0
0
0
20
33
5
3
0
637
11
1175
2
4
5
1
16
3
0
165
1
0
0
7
3
83
1
14
0
44
12
827
20
255
266
185
3
14
222
3
4
1
0
227
1141
0
330
0
8077
0
0
17
0
0
0
5
35
4
0
2233
0
4
0
0
2
816
1
0
0
0
0
0
0
539
935
35
4
4
1
0
3
5108
2
0
2
0
1
0
1236
0
98
0
5
5
1
0
1
1
2
5
5650
5
421
0
1
1
1
3
0
0
86
0
0
1
0
0
18
0
0
1
7022
3645
0
1
0
9
17
0
0
0
1
1
0
0
12
0
0
26
18
11895
6
22
3906
0
40
0
16
0
33
0
3
0
4
0
0
745
0
0
0
0
0
102
2
0
29
14
180
0
0
0
0
0
2489
3
1
0
854
0
0
0
11
0
4
0
6654
6
0
3
0
5826
0
0
0
0
0
10
0
151
4196
0
9
6991
108
4648
2
14011
9
0
13421
427
2
98
0
679
291
0
91
1900
0
0
2
3
0
807
1
47
90
3
265
0
2
0
0
0
0
0
0
0
2
0
7442
0
0
0
9
0
15
2
20718
2
0
0
0
0
0
258
6
0
55
0
0
0
0
1
2899
1248
0
112
0
8
1
5
2
22
4
18
41
0
24
2
366
3
0
233
50
0
0
411
241
228
1
0
9091
13
2
0
4514
0
61
1
131
0
0
0
0
2
0
0
0
0
0
24
52
0
0
0
0
1157
0
0
16
1
0
0
4
90
1
21
248
35
5
110
1
0
45
0
718
1400
10
2
0
0
33
184
2
1
0
8
210
14
227
21
0
0
311
18
19
31
0
0
0
0
77
0
1
0
0
27
819
91
51
0
68
1
0
0
0
0
0
2
1
3715
0
2103
27
1
0
0
0
3
37
36996
146
20
0
20
6
0
0
435
1
0
4
1087
0
3
4
0
1
33
0
108
1392
216
0
0
7
5
1
856
2
0
0
0
0
0
0
0
7
0
0
179
19
1
0
0
7
212
0
47
0
4
0
10
75
5
0
8
0
0
59
0
0
0
46
22
6
9
5
0
512
0
14
16
19
77
0
337
0
0
109
0
97
0
0
0
0
0
0
22
7680
287
1
15
1
1012
0
0
0
0
0
0
0
0
0
16077
0
0
0
0
0
0
0
9
1
21
258
0
0
4410
9
32
0
1
0
1
0
3
71
0
1
54
23
1
0
0
0
2
0
4
4
0
5
39
0
1
43
0
0
0
286
0
7
27
122
0
9
1
1
0
1
1
0
1
0
0
0
0
0
34
18
0
0
66
175
4181
0
0
95
0
0
0
0
4
0
10
6
0
5
1
0
3
1839
0
0
5
3
80
0
0
1
0
0
33
1
1
605
0
1
0
89
14
0
0
1
808
63
185
590
18
0
0
95
16
142
0
0
0
0
0
0
4
3
1972
0
0
0
0
6
6
0
4
0
0
1064
0
0
2
2
1
3
296
0
1
8
7
1540
0
11
0
13014
3460
34
0
0
0
1
13
19
170
0
0
7
239
0
12
0
20
36
2
6267
16
534
2169
0
0
0
13
0
0
0
0
0
0
0
0
0
2
4
0
0
0
6
0
0
0
589
0
18
0
0
0
0
2
0
2
19
4
1077
0
19
0
1146
1
4487
14
0
0
0
0
0
0
2928
66
4
0
2
64
0
34
0
0
0
1
30
1
58
8
1
0
0
0
40
1244
0
584
0
8
0
0
0
0
4
0
0
0
1
8
46
1
6
0
0
0
0
0
17
2
0
0
0
0
1
482
4974
0
0
44
4
1
65
0
1
21
648
5
0
24
0
0
1
1
164
1
4
0
0
46
16
8606
10
2397
347
0
55
0
0
0
0
1503
0
0
2
232
0
2
0
0
0
0
0
3
0
30
0
0
1
0
0
5
1
2
0
8
6
29
0
0
2668
0
0
636
0
0
5
0
0
635
1341
0
0
0
0
5
52
0
3
2
0
0
0
0
0
18
0
16
0
0
1
0
0
6
0
0
0
0
0
0
0
5240
6
16
5
0
0
0
0
0
5
0
13
0
0
88
4
4
13
2
0
335
0
0
1
0
0
2
601
0
8
0
104
0
5
2
109
0
106
66
1879
0
106
401
0
0
23
3
546
2
0
1
0
0
0
1
15
3
0
0
0
0
0
19
14
75
3
0
2
0
10
2
1
0
5
0
4
1870
16
0
0
43
0
0
37
76
0
0
0
0
0
22
0
0
21757
1
148
0
1001
223
0
2
0
0
26
0
17298
6009
147
3421
2095
5104
320
100
16
10316
147
4220
4220
185
38
4815
5071
994
12859
190
147
603
7451
9183
169
147
87
8278
7637
218
160
38
4498
41498
0
38
724
36981
314
34054
994
33687
14562
147
1643
6
16692
4298
4298
87
4298
5542
100
1557
16692
20333
2388
320
12963
320
43151
20851
28903
14775
8
2053
20734
28
13
6321
1559
11
2883
0
0
70
2
2233
4716
4
12155
6
516
534
11691
40
0
296
156
102
15666
19
0
3963
12232
2
5059
31800
4135
3
522
2
22
0
194
1329
292
25
114
0
1559
755
6047
1301
56
7
79
2449
25798
8324
0
4880
53
1122
1
14
1
67
6044
2941
2
1
4181
86
0
57
1
155
156
9745
93
89
6154
877
26
12
106
8550
4
127
1613
83
8
129
11
46
8
29
1
14407
17
11
24
163
38480
273
55
151
1918
0
7
1719
0
0
5983
12306
10
10
189
17
1
92
664
0
569
8722
78
328
0
0
111
7010
2133
114
6
268
0
956
124
0
1090
303
270
1
5415
4723
1
10595
151
8602
14
4
9445
50
0
473
16
207
127
0
1
0
963
3
3
116
431
0
73
3922
4
230
1
121
689
125
2
89
1
57
0
0
0
199
2
7930
2722
5
15
0
106
114
0
8959
56
0
1608
14
0
0
243
37
1
1308
15481
2
1
4
24
2
0
259
58
1229
2
1
1335
1
0
0
0
44672
1
27056
3
4
1318
901
13484
1
0
2
14
17
4
1
1
3
14549
2
11007
0
20020
5
339
79
105
1615
29
104
0
3
31
45
4
454
605
0
1949
421
1
87
15737
6292
1
4
17
214
29
32
2
0
3
0
24
4
134
8079
406
30
1
14735
3
322
5737
2838
48
1
535
0
0
2620
2032
34
32
78
5987
5959
151
0
0
9
10
0
43
13
1789
533
0
5
17
19488
1
1
499
332
14
12
53
0
948
6
1
22
2
10
42
3186
1
0
0
3
10
350
1
0
1
0
0
836
9918
2
5
0
0
0
16
793
435
1
0
493
0
5274
87
4004
186
0
56
46
19
116
1396
7496
2558
1
22
0
4
127
2033
35
1
4
7
0
9806
810
1223
3066
9284
33
8
2304
0
44
6
0
0
4464
4906
1
0
0
0
340
8
4
437
966
11
605
13
18
20
0
82
1287
0
1
0
0
4
8
36
0
1498
1
2
5
1
58
2
0
0
44
785
0
337
55
0
6
18
0
0
1
6957
1
8
274
518
3
0
1330
2
19
0
8462
3322
0
0
0
0
5
81
0
1
0
0
52
0
6
506
3
956
0
0
0
0
0
1
0
1
0
10353
0
0
9
173
2
120
11
2
0
0
22332
184
2603
0
176
6401
0
30
270
2
0
9
668
87
0
1
0
1
112
51
11184
1400
2
157
24
0
0
0
0
40
11
2
0
1
22
131
0
24
32
8
33
0
1
0
0
1
36
932
1
9365
2386
0
24
140
17
35
0
0
2
0
1443
424
7
30
368
4
5
3
14
3720
0
0
0
0
16
708
10
196
0
1
157
48
0
0
4
10451
162
0
2
105
386
6
10262
45
9
3
6
0
233
5
1850
102
1
0
0
2
0
9
0
1
496
37
8961
148
78
74
146
15
217
0
12
14
0
27
58
2
4825
22
1
0
54
4478
4526
10
3
1
413
2569
0
1
0
7
1939
1
11
1072
2271
0
179
163
10
0
75
0
1380
1
1736
5
20
0
0
0
2
0
75
9
64
5
0
58
0
10
0
645
0
913
2357
0
4
0
1
42
1
3
0
0
4910
89
0
0
0
0
3
230
3
6
107
3
10
9
17346
0
496
2
1
0
1820
73
5
0
8
0
125
0
1
0
27
554
58
245
4
15
0
965
81
0
2
431
0
0
196
1
0
6
0
10
389
2650
174
0
22
1
1
15
2
8
1
0
6670
0
1
7883
9669
2
0
0
0
0
30
29
18
5
4651
6
0
5
18
6712
14134
48
3
0
17640
8
186
335
176
25
0
23
21
31
11973
0
3
1
0
10
0
254
0
0
8
0
0
1
11
0
5
278
0
2
90
168
5
67
51
27
96
6
501
19
233
21
0
64
68
1
0
1553
2
0
15
5
0
51
170
203
3
588
138
195
176
2
5
3
6
0
1
34
83
110
4
1
96
301
0
1
148
26
3
170
0
11
6
21
0
475
0
0
0
0
0
12
1
1118
0
2
285
1
5
6
0
253
494
0
0
8
61
0
9
0
19243
16
355
0
2
12
1
0
0
136
3822
0
0
3
0
1470
96
168
1716
0
0
242
2
24
545
1
2
40
27
3
0
0
0
1
0
1649
0
34
12
1
0
0
2
0
0
152
1
0
40
24
0
1
165
1
0
3
0
0
0
611
16
318
40
0
13
0
179
3
11
3
78
3
1
0
0
3
0
16
0
3
0
0
12
103
34
122
0
88
0
3
384
0
11
0
1
0
6
0
2
2
3
5
5380
140
34
564
38
3
0
0
54
3
217
0
0
415
4
130
12
259
9
0
0
3
1
3
2
0
0
0
0
273
52
1
1
0
1
869
0
193
783
11
1
2
0
10
0
152
4
1
0
35
51
7
3767
0
0
0
1
559
3
106
38
0
18
0
0
1
5
67
14
218
0
0
0
1129
2
6
1
7
0
1
336
0
1
1325
93
0
0
4
0
0
2
0
2
34
1
9594
0
464
0
0
6
0
0
0
0
0
80
106
1
5
89
43
435
102
0
2
0
3
6854
20285
1
3
4
0
1177
5
0
2
1
10
8
0
0
0
1
1
18
294
2599
0
0
3
26
1
0
1
229
26
0
0
93
12
4
1
1
0
0
1045
0
1
94
209
0
1
2
131
70
144
100
0
1
2
0
1
578
86
0
0
2
575
50
0
3
1
0
271
61
8
2
4149
0
114
43
0
285
3
0
59
1
9
1
0
3
5390
793
0
4
0
56
1
453
343
5
103
3
0
734
0
1
63
149
23
0
0
4476
1285
2
24
0
2471
8
0
8
6
0
0
6
2
3
1
654
0
266
2
0
1
5
39
0
0
0
893
795
1811
11835
0
83
0
0
33
0
9
0
8
1
1
3
260
41
0
1
134
0
1
0
0
0
0
64
8
22
86
0
0
0
13
81
3
94
5
2
2
0
318
72
0
3212
0
177
0
0
4
8
1
1
1010
431
8
4
206
0
1
1187
14467
751
13
0
351
0
71
1
0
0
139
80
11390
0
0
1
0
1
5
0
383
16
14
0
36
0
0
1093
7
0
0
2
0
1
255
18
0
0
1
8
1
267
0
14
0
0
0
0
461
0
11
0
3
1
0
0
1
2
8272
0
5
0
107
2
1468
0
36
11368
5782
1
18
61
102
5
0
11
51
0
0
35
0
149
4
6
8
3
38
0
145
644
2142
3537
2
0
5
0
2419
0
4
5
0
6593
7514
2
32
1
0
16
52
0
0
7763
40
373
38
441
12672
0
1
181
0
0
2061
2
0
241
0
4
5
53
0
59
23
0
47
0
0
0
449
202
26
4
0
3
0
0
68
1
7
0
0
0
792
2
0
19
289
2092
143
2
0
6
0
3
0
683
39
66
1
367
83
1209
27
1
218
0
1
43
1329
0
1501
0
4
0
0
1
1
0
20
0
49
10
4
0
243
0
0
2
3
1
0
0
2
6
0
1
0
397
32
0
4
0
3
6
2
127
46
7
97
0
1
0
90
0
283
0
2
597
23
11
0
0
21
0
2
1
2
11
3323
4881
82
8442
1
64
0
0
21
0
1527
2
0
193
0
23
6
2
0
4
0
14
0
2442
2
2
2
0
4
30
3
0
937
0
65
16
0
1
904
0
564
14
51
3
2
0
0
0
0
0
7
800
0
0
3
3
0
3123
25
28
1
116
1
6
6
43
25
506
6
0
30
1
115
65
354
9
2
4
14
0
16
1
1
1
4
7905
6
16
0
0
16
342
14
0
0
0
0
201
0
5728
417
24
879
22
0
7519
8
0
0
1
3
41
70
0
0
4
6
16
0
0
1743
374
1
3
0
0
25
0
0
38
10
75
0
101
2
0
23
0
40
1
2
0
7
0
13
0
0
1
0
2
494
1
9
49
0
8
1
9
103
0
0
136
1
10
0
2
1
116
0
3909
0
5
1
12
0
4
1
536
524
0
447
0
52
167
9
16
2
0
0
0
0
10
0
12
64
3
0
1812
28
65
0
3589
0
407
74
42
0
246
29
47
4
4
113
492
34
1234
16090
0
205
0
0
12
54
0
0
0
0
0
0
2
4
14
1
0
2
0
0
3
5
9
2
2
0
2
111
27
68
0
0
0
0
0
0
0
78
732
0
0
0
0
1
0
58
0
0
0
1
10
0
0
5159
9
0
0
1
9
2703
0
5
0
80
727
2294
2
152
0
1
4
28
0
1077
41
1
123
44
3
10
0
0
1
42
910
7
0
0
3
0
43
0
1
0
45
26
3
0
2
2
2
1
0
4524
3784
0
27
131
0
0
23
1323
21306
1
0
40
3
40
5
22
6
0
0
122
0
124
0
12
184
87
3
2
3
0
0
0
393
133
69
0
7
2
0
0
5
1
582
0
0
1
1
0
1
82
19
0
0
0
122
1
1
0
0
0
8
3
9638
132
4929
66
1531
0
0
2
2
49
97
1
29
1
3
23
1
1
1
503
2
111
0
0
30
0
4
0
0
1
3
0
0
0
315
0
0
0
1
5
4
6
91
913
10
7
3
1
16
2
0
3
7
1790
6
40
30
2
10
0
2
55
1
249
8
0
4
5
2
0
81
9
1
16
1202
1361
3
3
0
0
0
141
0
0
2
38
12859
28903
6
38
994
12859
46650
6669
320
87
320
12424
15683
11480
4220
6
320
17509
28923
1887
185
766
766
14027
8826
7637
14092
27491
4327
1379
1060
4936
38
7489
355
4220
22461
73
5675
190
8616
4220
18926
147
509
6973
320
21425
8098
274
147
0
2691
1678
3
9926
19982
4343
11480
797
24093
14683
43621
4
5477
8
36
4716
209
77
1
5
378
12
4
4252
413
2
70
31
11492
2
2
40
8385
10092
0
1507
5
6
1
0
2395
3767
51
13944
15263
123
58
786
0
2102
0
1
11
38
40
27642
6438
2
2534
262
20004
34
6110
124
498
9520
281
20
453
0
42
41
1526
11
0
0
3150
7
36
5064
0
204
236
72
70
4
2
14
1148
11
9195
0
2
270
13
40
20577
130
137
1
37
2
36
5162
0
1
1202
62
0
9521
2487
927
4305
10
439
2
8865
1
17
0
2
10303
31
5
3
6
2330
5794
8
1
0
10
7641
681
10
8831
11
3
40
6226
1
85
12
1084
9624
3
0
22
1
1
16374
0
1
120
56
460
0
1
10
1300
2
3
0
0
992
138
153
29
360
10
1
17
0
191
334
0
2
10
3601
0
263
407
99
24
7
367
0
8335
0
0
9
1708
0
363
11
257
7
29
6
136
459
0
0
20
4
0
2
0
156
167
0
1
5
1815
1155
20675
1
43
0
0
0
8371
0
24
1078
0
702
11
50
2
3
2
16
5443
0
91
274
0
0
0
118
7
47
10969
76
3
0
1
1531
6
241
1
1
0
5
2
3
53
8
1
20
0
11618
3
0
0
32
126
15
1
1
2
539
10
552
153
14793
7
0
228
999
22
0
1261
59
0
5803
3127
0
46
25
67
4799
726
0
0
1
13
112
932
0
5
4
893
7922
8
4
143
0
0
8834
4970
0
28
2
14209
16
57
2
0
116
1
2
3029
848
4244
6
0
1
0
0
3
51
1
2
196
0
3675
0
102
0
6
2
3
2
0
2
1
0
4
486
173
62
67
11
0
0
6702
10859
45
0
0
5268
1
1
5
3275
1599
313
0
2420
50
101
890
79
3689
36
25
4914
3240
3
0
112
101
2
1399
7
0
0
1
115
286
2116
354
1
0
0
17
191
7
0
58
1122
6708
0
2515
0
4
1
0
4257
1
0
187
0
11
3
0
0
9
32
5
50
0
0
0
321
8
0
4505
6
0
0
0
0
109
75
93
103
3
11
410
24
0
55
0
281
0
171
161
0
102
1788
1
231
0
49
1
0
0
23
15
1
0
3311
0
1
374
617
0
3
1
0
2
3
99
192
0
3834
13
153
20
28
5
28
0
0
88
3
0
2
8
0
4
0
2970
0
1463
51
10
0
0
1
2
14
0
688
2
18
135
16
114
0
2
16918
0
4
1831
40
221
132
63
1
5444
25
32
6
9
1
3
0
1
3380
439
2549
0
2
0
0
539
0
41
93
5
5
3
0
29
380
0
2
0
0
30
7
1
0
417
65
1
5
18
26
9
2993
19
9
0
1086
28
12
0
21
0
18
7617
336
0
1158
100
181
200
1
0
77
0
74
71
28
0
10760
0
6
256
9
2346
846
0
1
4
48
292
78
13
3178
102
0
1
11074
24
1184
0
0
24
1
17
298
248
1296
1224
43
0
0
205
0
2
0
3
1045
3
26
58
277
16
0
0
0
230
1
22
0
10
9
0
18
1061
7956
701
3
4
0
25
845
77
82
0
1
1217
9
215
0
0
0
5
99
7
15
4
6677
1
4
3875
201
3213
0
0
0
1
5
0
2
4
74
1
28
0
0
3
0
0
0
7
0
3468
14
2
7392
3234
83
5051
1104
1
0
520
12233
4
4
19
0
1
0
39
42
20
52
462
73
17
24
9
0
1635
0
4
637
0
0
12
167
2
0
0
243
0
17
125
0
1506
1
560
0
0
44
0
1
3
17
16
2693
0
152
220
10
0
0
81
16
17
17
65
43
17
1
3319
12550
676
1
15
0
11
1
300
93
3
2
0
17
29
9
92
1
33
8
2
0
14
0
22
363
2
129
11
0
2
0
52
0
0
3733
0
1
0
93
0
0
1
1
83
0
0
3087
34
10
8362
2
7562
0
190
1743
71
1584
0
6
0
628
0
0
7
9
5
0
0
3
1175
0
0
0
0
0
1
3
142
5
0
0
0
4
597
3432
0
109
1053
0
3320
0
1
170
14
3
46
0
4841
11
4254
5
9
39
48
4
5
1
99
1
0
19
9
0
1092
353
0
0
0
0
1
6
1
8
0
707
1
3
1
3
28
329
0
0
1045
98
0
130
1
0
23
12
16
23
1
1
0
4
111
1
0
3
1
5896
0
31
2341
83
0
0
310
70
302
235
1266
0
0
59
0
24
0
3
8
0
61
1414
0
14199
7
0
1211
0
0
0
0
0
99
298
24
5
9898
107
5
1
538
4450
0
11
9065
21
475
15
266
36
8
6
8
390
7148
2
0
0
207
0
0
0
1
8
371
302
0
9
11334
157
294
0
0
1
0
0
16
106
57
1
3072
6
1
15
14
29
6
0
0
0
0
0
9
3055
8
1
0
55
4
14418
253
22
602
116
0
0
1
1
15
328
0
1
0
0
42
0
1
0
839
0
2
2
0
78
799
0
1031
2
35
1
0
6
176
0
4
3
4
0
0
476
26
0
8128
80
1
33
4
24
0
0
0
0
0
0
0
13
0
138
2
69
5271
47
0
3
35
0
832
50
0
0
2660
5
316
2
5628
0
0
135
3
0
3331
32
7
3
0
2
3
4
1
62
1
1
0
0
89
106
0
2008
1
1
0
0
2
2
0
101
713
0
0
0
1011
209
0
0
10
215
0
1238
0
0
658
16
1
1
986
1
11
11425
0
54
54
378
1
0
0
1022
534
322
1047
21
4
6
51
0
0
9302
0
20
11
8
0
0
0
1
7
70
14
3
1
274
1
1247
816
0
92
1941
2
0
1
26
2
0
0
0
0
485
0
0
1
33
6
949
0
0
169
2
918
34
0
0
0
5
1
0
0
2
2011
0
0
0
5
2
2
0
1
0
1
293
0
1056
102
2
2
78
17
0
0
36
217
0
0
71
0
0
272
23
0
912
0
0
151
26
1
1
20
5
0
0
1
4
25
39
0
0
2
1
4
0
0
0
119
22
11
43
0
67
32
1
6025
45
1697
0
5
2
14379
98
1
0
32
2
5
0
0
5
395
0
1
0
0
0
0
3
13
2
0
54
8
20
0
14451
2
5783
2
0
27010
0
10
806
1
261
52
0
5
0
1
119
141
2686
0
0
12
0
57
7
3
1
3
68
10
1
0
12
0
400
0
1035
17
0
3
0
1391
8
79
0
1
19
1
19
0
0
0
0
0
291
124
0
0
2
2
4
2
0
2
25
0
0
0
0
0
2
699
2
17
65
453
2
252
0
0
1
161
24
0
14
0
18
0
0
10
24
2
3
0
2
115
538
1007
1
4
497
1
2742
129
77
72
0
0
0
29
23
256
0
0
1
2
1
0
1298
0
1401
0
28
14
80
1
15
1
26
3029
1
6424
8070
19
0
0
1
0
1
1
0
6345
8114
63
2207
0
0
0
1
5282
39
1383
1
22
18
0
111
2
583
1
35
114
5
2
0
0
55
2
0
0
9
2
521
0
14
638
33
0
32
0
0
67
7
70
1
337
0
12035
1
0
643
0
0
4
0
11
0
132
21
86
4
172
0
24
1
509
130
1
0
2
8
30
16
422
0
77
77
157
89
264
0
9
17
0
8
4
108
96
0
2358
21
0
1
2798
1826
26
0
0
0
1
23
16
4
0
1
2
14
225
55
110
0
454
7
13
0
1517
8
2
1085
1
0
133
4
0
0
0
25
99
6
0
3
16
1
14
74
168
5
2
190
7
5062
3600
46
0
92
728
0
3076
11
21
0
2
0
14
2
0
2
0
0
2
0
4
1
0
2
1
93
962
24
0
430
14
14
1
1
14
7119
9835
0
0
28
0
2761
55
142
0
11
458
54
0
0
4
36
0
2
0
9
6
19
243
0
8
0
5
2
185
262
6
0
1
1494
135
28
0
4
18
0
1
0
3372
16
10
50
0
0
23
0
4
0
0
3
59
0
2
0
2
356
5843
0
15
0
2
0
134
0
0
4
215
110
250
3
0
13
8
0
1
4
1
1
0
0
25
0
49
0
2
0
0
43
2031
3
56
48
1
9
0
0
0
0
0
7
0
1
3221
4
337
3
0
2
1
0
0
28
0
39
19
30
15
5
4597
0
0
56
0
1
484
12
536
0
367
6
56
0
0
0
110
0
9
348
0
0
2
1
0
325
5
5046
3
5812
0
6
1
30
0
9
0
0
0
116
7
11
0
1
22
5
1
3190
3
0
0
0
0
1
6
0
21
0
2
0
0
19
11
0
9
1
0
0
37
32
0
0
0
0
1603
0
0
2
0
0
39
0
0
0
2
83
93
1
5
0
0
1295
0
2048
0
2
0
2577
422
2028
7
1
0
2
363
0
600
1
28
0
21
1445
103
7
4
0
0
1
242
3
2
0
528
0
30
1
2
123
0
0
14
1
0
0
231
0
0
1143
879
0
0
1
200
19
1
40
0
0
0
0
0
20
0
0
0
0
0
1
0
1
0
0
501
5
1301
3
0
0
1
67
2
38
0
0
0
58
1558
0
0
2835
0
9
27
0
5
15
0
0
258
1
0
1
1
43
1
2
52
2
0
6
4
1
0
1
10
0
190
40
825
0
0
1
2
0
9
18
197
0
90
3
0
6
11
0
30
31
4
7
437
2
0
4780
36
3
7
4
1
0
0
3
0
0
52
4161
8
1
0
20
2
2
2135
1446
33450
218
274
42657
320
847
42498
6944
13892
412
320
320
218
9068
4693
15732
160
38
38
38
9892
13909
12859
11593
320
20686
7512
766
38
797
6
320
18167
6
23983
48628
9571
13932
87
1887
169
20698
4323
1646
17604
17927
17653
86
87
16
27
261
11480
1678
847
33582
314
1887
30460
320
1379
28903
6
1
0
1812
1
0
575
3
70
19
5030
338
2731
0
660
9
6
106
1
2
46444
4694
4
1
140
4
36
36
32
361
9164
192
62
5
11
4
26455
0
25
611
9598
40
97
3
40
22
4
1
0
88
7366
6
779
111
42
9
0
727
0
40
19
4880
3767
972
141
4973
2510
0
45
3
0
15
0
1
5
514
9
353
0
1344
544
409
536
239
0
0
0
4457
279
709
852
9
3935
73
0
14
2708
2
1001
25
1
19
0
5456
12
6
20
52
39
2
15
1967
4090
1
1
933
294
1626
10
0
8650
4
619
581
16
3944
1
0
22249
0
100
4
0
56
0
0
1
1734
3
6509
9728
27
26
0
0
0
3673
3569
5171
2023
9
32
14707
1
0
16
2
37
24
259
2459
9
0
71
28330
0
185
1
3015
398
0
17
18
7
10
1
1
0
0
1895
4527
31
6
40
6108
2
1669
24
4861
0
10
319
55
20
176
4
72
501
1
6
9438
51
168
5319
62
4
79
744
6565
5
6040
0
2
0
176
21
4
283
223
353
0
26
0
2265
70
1
1
113
1
16
4
18
0
31
9
30
4
10
0
2
0
3341
82
7
22
467
5502
5
10
4003
162
7
3
395
277
1
1
91
0
3
36
1
1
0
10
7864
62
59
0
780
1
0
1
99
960
1440
8
54
42
38
7
180
0
515
238
0
211
2
10
21
3775
0
24
5164
1340
2
2424
0
0
556
0
1
0
14
44
23
3008
71
15286
0
5966
0
0
698
0
122
43
84
40593
2
467
0
1
1
12
12
48
916
18
0
3660
8
0
2994
90
188
9
0
1
595
224
0
0
6
14
3
13
0
19
4
0
2156
4
5
5
0
0
2
344
135
1
46
23
1
24
8319
0
0
0
283
8
0
0
0
0
369
1
1
0
314
372
0
0
1
1
5
2
13
1268
440
0
0
2
7
749
4
513
0
0
0
1
0
8
8
1
59
497
1
86
12
2
116
2
451
216
0
227
0
335
170
165
42
17
0
49
1
0
3
6
7
18
21
505
3
863
1
2408
913
158
0
5
71
9011
14
41
0
0
0
33
0
0
487
8586
4
262
0
64
1
1
406
16
9
1
593
2
76
5
0
8
0
0
4
14
1883
32
3
4
1
25
2
46
6385
1
0
1
62
15
16
43
8693
3752
1
60
17
1
0
1319
1
12
1283
211
39
27
1
60
0
66
2052
1
5
160
1
222
3
1
0
7
20
0
0
4
131
0
4
248
2202
0
0
1
39
694
29
466
3
0
1
0
50
1
1
0
57
130
61
179
7
639
2279
251
5993
0
5
1
6
699
29
2
2
51
37
0
0
0
4
0
2
17
0
347
46
1
3844
95
567
88
5
31
1
0
84
0
100
0
242
0
0
4
147
0
1930
0
44
60
4
13
102
0
0
132
92
191
2
9
0
1
6
62
7
122
1
0
2
3
524
97
1376
797
0
0
0
2
6282
45
0
7
22
61
2
0
1
15
13
3540
693
4
0
0
0
0
1
16
1
5
0
68
1
4
0
1789
2979
0
11
1
0
3554
0
71
4277
2
0
4596
19
5
94
47
0
0
0
58
20
0
4
0
132
0
15
0
12739
21
0
4
22
2
11
5
0
1
16
746
7897
0
1
0
0
1
0
1
808
0
15
56
3633
110
0
0
138
65
8315
1
0
0
3
20
0
1131
118
110
51
156
2
0
11
11
0
0
7
169
1826
8
1869
0
0
205
44
103
0
17
43
0
0
0
7
0
0
93
0
514
1
0
0
0
103
0
1
142
0
30
17
0
65
3
0
1
4
1
1
6
0
756
0
1
430
1
164
62
58
0
1578
22
0
0
1
1
215
39
43
31
0
165
10
0
72
823
1
1
1
11
123
0
0
0
5
19
2562
32
3885
8
0
0
36
12
12
0
3120
0
1
6
619
0
0
1
0
7757
10501
163
1
0
5
38
956
180
6874
0
11
437
1
32
2165
3389
10
0
61
242
9
1
1578
5
0
80
0
1
0
8
145
61
0
0
156
53
6848
15893
32
0
0
46
1018
16
8
0
57
20
0
0
7
0
3
1
4
0
85
38
7
3
45
0
37
15
911
0
1
0
48
5
7
0
10
0
0
2
2
18
63
56
0
18
5
0
24
0
4
2043
59
2
7
3
15787
0
14
0
0
0
465
856
438
1
0
0
42
1
33
3
574
1
0
9
0
630
10
27
17
2
71
0
0
0
0
0
4
0
0
0
0
1147
1
0
11
23
2
0
2
0
1
0
0
196
3
28
0
0
5225
2
1011
0
69
411
1
5
3
0
1636
984
584
52
1
1
9
0
739
4
111
676
404
26
10
252
0
0
0
0
63
0
3
0
14
116
10
7
3
28
59
0
0
0
0
2
0
5
0
1
92
91
0
0
4
1
0
20
1
0
1
0
2
602
1008
1
4
81
5
0
1616
247
11
538
280
8
0
0
2
377
0
253
1
0
66
0
2
1
0
0
18
8
875
1
0
254
19
0
33
1
4697
40
0
80
0
0
126
0
0
0
205
255
54
63
0
0
12
1380
1
17
3
1
3
0
9
0
9
0
0
0
404
664
6
38
1
6
1201
2
1
327
6187
403
91
21
0
107
1
7
53
118
4
14
4
2
2
0
4
455
0
15
0
0
1
5
0
12
2709
9
577
0
9
0
19
2
7
0
0
40
0
0
3
7
60
1
17
1
0
88
164
190
0
1
0
0
0
23
2925
13637
28
0
0
1
2
0
9
0
0
0
42
0
16
2
42
3
57
27
2
0
8
62
0
0
3258
0
0
108
1
770
0
0
10
7
1
0
0
0
0
26
2
520
0
3
61
2
0
0
19
0
0
31
8
0
0
1
0
42
278
7
0
56
0
1
0
0
4
26
6
1
0
1178
2
3
1
1463
46
26
128
0
11
26
0
3
281
383
0
3
19904
4
114
1486
0
0
512
0
73
28
2
5
1625
0
0
6
512
38
0
12
12
0
53
2
1
0
128
1
0
6122
0
7
0
0
3
11636
637
0
39
2770
0
60
0
0
32
29
0
0
209
141
3
165
1
14
17
2176
37
83
0
0
0
22
570
48
2
0
0
418
0
49
0
0
25
8
1
0
46
133
0
1
8
9
2
0
2
130
4
1
0
1460
1
13
4
779
0
0
104
6
56
3
0
2
0
0
6
0
1
1
1
0
2
1
5
163
277
0
5
230
0
0
25
7
0
959
14
0
25
0
67
7331
7
0
7
50
77
118
7
28
0
0
9
1238
1388
0
9
1
0
0
4
1
46
6
1
0
24252
45
0
0
1
0
6
0
45
2
0
2
2
21
0
1
1064
714
1
32
6254
776
1
9
0
13
0
0
949
13
821
22
269
6
1
0
60
522
0
214
0
31
0
2
0
0
5
0
8
0
0
52
1620
34
6
0
0
9
7
75
0
21
4
0
105
9
1
3
4
6
0
1
21
0
66
0
4
1
3
2035
1
51
14
0
21
1
1
41
1
480
104
12
0
1
0
0
0
179
0
0
1938
144
1
0
3599
0
1
36
6
0
1
0
0
0
0
46
1
873
2
1
9
5970
0
2
1054
4
0
10
0
61
0
10
0
0
4
353
708
3
6
0
0
585
1
4
0
5
1
91
4
2
10
68
5
11
2
0
0
1
28
0
442
3
0
6
0
6
0
13
120
35
5
25
12
0
75
0
0
0
1
1
919
1270
0
0
47
127
5
1
3
31
0
0
12
0
67
8
412
2
16
0
61
114
7
8
2
1518
0
475
3
0
4
1
292
391
4
6
75
0
476
36
81
33
1
0
725
37
1336
0
4
156
2
1777
8
7
0
0
0
0
0
162
12
0
531
527
1
4
87
0
0
0
1
0
9
2
103
0
377
0
95
553
0
0
0
0
0
0
3
1
1
0
0
50
0
1
1
413
1
1
3210
6
6
0
5
1
0
9
1
100
6
6
1
2516
1
3
0
7
2
0
90
1
1024
13
2
1737
0
0
9
1
0
0
0
5
1
23
0
3
0
237
4
0
59
0
848
0
2
0
943
0
6
4
3405
0
35
0
4
2
2
0
11
0
517
2081
0
29
918
0
1
1
13
0
0
0
80
1
6
1
3
16
1854
0
11547
234
1120
0
4
0
0
0
0
0
21096
44
1695
0
383
0
88
590
55
25
0
779
0
0
0
6
15
7237
973
0
3338
0
168
1
33
10
0
47
27
0
0
595
41
11
0
0
0
10
2
9
0
7
0
1459
1
12
0
595
27
1082
4471
6
0
80
134
0
10
34
32
118
41
3
0
0
0
2
54
0
0
0
0
0
0
0
363
11
0
0
0
4
3
0
5
0
55
1
0
28
5006
59
2
42
119
14
31
4
7
2
1
171
0
0
934
168
52
0
2
0
0
88
1
0
4
1
36
2
0
59
0
6
20
0
35
2
79
12
0
0
3114
1
9
0
4
37
15
37
3
7
439
1
4
0
0
0
36
1
1
21
6
1
14
2238
1
64
1
0
0
0
3
239
59
146
8
9
0
4
2
0
0
19
277
1
52
0
0
120
2
6271
94
2
0
0
0
2
0
0
13
23
1
3
0
0
138
0
3
4
5
0
12
0
0
13
1
0
0
87
845
6712
320
185
38
0
27038
20717
27094
87
43079
8300
39214
320
845
19508
4220
2095
5104
6682
291
249
4298
2776
4298
20981
1887
35763
28903
1882
210
147
1060
169
4220
8
12859
0
0
5403
2894
440
2461
38
185
1709
65
5104
100
20981
10894
11658
12859
1960
355
73
9645
424
14458
45
5104
39493
67
4070
9335
2
2474
2194
124
4135
0
1650
49
21
6
3541
941
162
3228
133
5871
1069
23622
22173
36526
1008
305
16
1605
51
148
2
20
2
8263
25
6926
35
20
4463
2765
2886
826
1
35
595
321
135
2233
418
1
6
1789
10615
207
644
193
0
465
557
20584
7745
10
265
6
1
34
78
0
0
26
4
2
6887
5790
1
27731
68
443
3
4341
313
0
0
1
129
65
2376
1
23132
0
29
0
73
44
6
20
313
23025
1057
1080
24
510
19802
1560
26
4284
0
238
1
4
0
89
1
839
264
273
19811
1700
13
2574
3
141
4048
63
120
0
163
337
31368
4524
2
43
14952
2
22
1
26
6018
0
1
1
48
293
110
1937
4
3648
44
0
2
70
473
51
836
6
1252
103
1551
2
76
0
46
0
31
9981
297
17260
3
141
411
1
5869
8
15
0
3427
1
21
67
0
2991
118
6
133
12644
0
8534
61
1591
1163
3
356
3
342
0
0
142
4
0
183
0
1490
54
543
0
0
0
20854
6
47
0
0
9
29
295
860
0
14
0
1
6
32
29
5
19
8
8
1
2
9
1072
262
0
2128
149
1
5
0
1605
3
0
115
799
1164
31
0
1004
1155
3
2911
621
13
8
9417
472
5
295
0
3999
10
0
0
0
32
0
6
442
23
12
0
0
9448
0
0
1
711
0
0
4
0
5452
0
0
0
21
378
419
0
0
0
2274
15
72
30
1
0
0
24
0
426
3153
0
321
1
0
32
9175
62
174
0
0
0
74
0
2
11874
108
390
4
0
34
710
815
2
74
38
3886
3
6430
77
14815
0
0
0
1975
0
0
6310
52
58
0
11
90
0
124
232
31
1
145
1
8
1605
33
64
0
10
36
24
1586
8156
119
0
44
1350
4
0
1925
2
1
7
0
62
125
1164
199
4
52
168
3
81
8
149
0
0
608
387
1
4
7244
0
26
1
15
2
1
3379
0
663
0
0
6
2
0
0
1
0
3290
29
0
19
33
0
0
715
10
14
2
0
1
499
329
45
579
2
448
169
161
18
32
519
13
55
0
435
84
1
570
2441
4
341
0
139
0
0
0
2
0
1
1523
1
51
0
0
1
1
0
0
0
9
99
1246
1651
0
14
56
1
1
132
0
53
101
457
0
0
301
129
0
1
0
60
5
81
360
2
1
1
639
0
1
14967
1
3
0
40
2
0
0
0
0
5794
1035
4
5866
32
0
0
57
422
0
131
4380
2544
39
2394
15
743
2
0
37
0
1124
15042
1
0
1
1
2
0
0
398
61
91
2251
56
1
227
1
1
17
184
5841
243
60
9
1
3
191
1
9013
58
1
49
241
2
0
14201
26
564
580
81
2013
25
0
1
0
494
263
75
12
60
12
514
2
485
2
125
244
12
1
20
4
0
2
0
62
0
0
122
4927
2401
6
202
12
76
3
0
610
1
1
0
0
1
0
436
44
0
0
0
6
0
50
3036
2
1
0
47
1
0
5378
0
2
1
11
0
115
1
0
0
1
362
0
1295
1
3
156
240
7
182
193
162
0
0
46
3467
5
4
0
5340
6
2
78
8
236
69
2597
2
0
1224
154
0
1330
961
8
255
1
35
32
0
0
507
82
19
1
70
1
28
4
254
18
3
777
3
13
43
0
0
2572
0
41
0
218
313
0
96
88
77
0
4783
351
586
115
3338
51
3100
0
997
878
1011
31
72
1
0
124
1701
8
12
0
0
0
61
39
53
159
184
7
0
23
7
961
1
147
0
12
0
2
901
0
103
7
5
0
3
46
94
0
2
0
259
95
4
775
78
8928
3
3
32
346
2
426
18
0
36
2607
0
24
8
681
2
0
18
0
243
10
0
12
1
0
2
0
1
5
1646
3210
0
6
0
8
206
147
813
39
101
0
390
0
0
363
2
98
7
3503
0
0
0
0
0
8
92
4931
398
0
2
30
8
2
351
55
1
820
15
13
0
0
295
1
0
12
358
688
3
112
2015
161
176
7
5
0
81
0
0
0
401
0
25
343
278
3285
89
4
6
0
234
5568
0
620
76
2
20
1
6
21
0
1
306
35
14
8
0
1
4574
0
6
0
0
1
0
6
0
4
451
2
22
68
10
4876
31
1636
2
265
29
0
24
3340
86
10
5
3
5
2
18
1130
0
69
5
0
0
12
0
381
0
87
11
3
143
1
536
624
0
0
63
26
50
12
1
0
88
172
3
12
1
22
3
0
7
1332
64
0
9
210
1
6
26
2
0
0
42
0
2
487
7
0
0
7
46
14
0
85
8314
2
562
12530
19
3
2
7
7
328
0
1
1
17
0
3
22443
8
225
3
0
401
15
2
0
1
3
50
0
0
88
81
0
2
0
15
240
1
0
10
185
0
31
13
0
0
0
3505
4
172
143
30
0
184
1695
0
2507
4
0
10402
0
0
0
26
0
7
102
15
2
517
12
52
242
261
0
0
119
2
0
2
2
10725
1
1
5
6
31
0
0
974
50
0
121
5
0
0
0
0
4354
3520
2
5460
2446
16
578
2245
23
0
0
365
2
498
8
1
0
1014
39
1833
0
48
101
0
1
26
404
993
4
26
0
4822
247
0
7
0
5
557
35
44
0
0
0
288
0
0
5
2
2
0
0
0
28
0
0
1603
0
67
0
71
74
0
2
0
30
1
7
0
7
0
17
16
0
0
36
3
30
1036
9
1
71
5000
2
1038
5
318
0
337
885
0
7
34
0
69
114
1
1
64
0
0
1
0
0
928
15
60
59
1780
0
5
3361
1
4
95
1182
9
0
2
3
38
77
5305
8
1
0
0
416
0
7
2
0
1
0
0
132
1169
4
491
3
7
1
1
1
7
73
36
12
1
0
8110
277
2
5
15
1
128
50
8
14
153
0
312
13
16
0
6
1
9
578
2029
383
13
2641
0
7790
208
1
8
1
2
0
0
0
0
37
2
92
5
0
253
0
2934
23
0
32
4
35
0
43
7
16
0
6
496
3
0
503
122
0
1
1
0
0
10
97
279
11169
243
2
689
13
0
442
265
1
17
0
0
8
0
499
0
880
2
353
0
21
36
807
0
48
58
9
1
27
1
11
9
0
2
1
0
57
17750
1214
2
288
19
20
7
166
0
1
17
8
182
0
1
2
5
3
147
3
5
2
0
1
344
0
96
71
0
0
3
72
0
1732
0
0
1
313
16
363
3
12
0
1
0
0
0
0
28
3
15
5
0
9
61
2
14
9
0
12582
1
783
383
22
190
0
4758
2727
48
120
0
55
2
1
236
4680
2
6736
2
0
5
2950
2
70
917
0
0
322
7
4
29
0
2637
217
111
613
0
8
0
53
0
0
6
54
0
0
0
23
0
0
1
13598
1
4
0
7
174
9
0
0
224
0
13
258
27
0
0
0
0
0
0
0
0
0
1
2
42
15
0
3
180
3132
7
1068
0
1466
1479
0
2
1236
1
1
5
7
0
4
0
125
55
4
3
541
0
1
0
4
2
0
0
11180
0
0
0
2
0
90
14
1
1
28
1
0
1
0
0
0
198
0
1
0
16462
39
0
22
52
82
0
1
70
7
87
12
0
218
3
2140
0
0
3456
0
8
20
32
9
6
92
0
5
0
926
0
0
2
2
0
140
0
52
0
0
1
0
0
58
42
1
0
1
32
0
2
89
0
2
0
1
5
5
479
3
8
2
5
1
58
2
4
105
164
23
15
0
119
4
0
161
0
2
1
0
4
1134
0
21
0
1
8
267
0
2
0
0
0
16
0
0
0
11
0
959
1372
0
0
0
2
763
1482
12
0
17
3
0
0
1
6
1
0
0
48
121
202
2
1144
10
123
0
0
12882
12
0
1783
0
85
0
2
6
1
0
13
0
1
0
0
759
4
0
7048
12
4
0
289
146
2078
0
0
21
0
3
0
0
0
1
23
257
94
1
156
3
0
0
1
7
1
2
0
58
0
1
68
1
118
0
0
8
1
0
2
0
0
408
43
3336
0
0
1
0
0
0
2248
38
0
157
40
63
7
0
137
0
1
8542
0
530
567
44
11
0
53
0
431
2
2
6
209
1
0
1
2
1
32
0
4
0
4
3
0
0
0
0
18
0
0
0
1
1
0
83
7
3
8650
0
0
1402
0
1
0
0
0
0
62
0
1559
0
4565
0
33
137
64
0
1
53
49
0
0
158
575
0
1852
8
0
0
0
1073
609
0
0
13
370
0
0
0
0
0
328
0
0
2
3
11
0
1
5
0
216
2
661
14
79
1
1
2
0
0
89
1
2
3
1
0
129
0
2848
111
3
5
12
11
6018
2704
1
107
70
31
83
1
50
74
0
2
14
139
2036
0
64
330
0
11
2
18
233
36
0
0
219
0
0
2
0
1127
0
0
0
251
12711
104
1
0
0
1872
6
0
3
69
823
0
0
22
0
2
36
13
282
152
0
20
116
4
943
16
3
8
12
0
0
0
2
0
8
2
13
0
4665
90
0
3
5
76
10
717
0
20
9
0
0
0
5
220
160
0
0
1
97
67
5
50
135
4
5
1
126
0
0
11
5
2
0
97
0
0
0
4
3
0
0
3497
2
32
1
0
0
0
173
0
0
2040
0
0
22
0
1
16
1
0
2
1
165
18448
1171
130
43087
5
0
0
0
154
692
268
0
10
0
0
15
1
0
0
0
31
2
0
24093
73
65
147
73
3526
12614
73
5104
390
84
12372
8659
4343
0
2225
20163
100
100
29
21112
12859
0
0
37851
7248
1612
971
169
7784
12859
17191
12185
985
7532
11079
0
0
3221
15350
6
7095
29684
19
1612
218
0
20981
0
67
6
1373
11267
3200
318
559
230
15350
3704
225
847
28
37757
28903
3742
557
1
1785
93
6
22
557
6
959
48
1
293
0
91
47157
18
11
784
230
707
5163
91
826
10
101
292
17337
23653
12
15
592
1
0
6
38
8204
91
0
2
209
81
57
553
11
4991
91
184
6526
1380
361
4
0
0
359
8333
6473
2
17880
41
1
2890
6
5735
681
201
839
16682
0
9
2052
2200
264
73
360
6
16
16
41
4876
2144
57
704
0
286
116
2
4284
3408
1131
148
79
7
2034
177
1562
373
515
3
67
115
1992
23
12599
0
327
223
139
2
8
1992
422
10492
1
5
8246
0
11
1732
6
1557
17926
4
434
0
19
1215
0
0
0
331
2
16
137
2764
0
67
2
125
191
1118
35
45
2
8
0
57
22212
0
3
16704
2223
2
365
0
0
71
5705
0
1178
13449
2
2261
1283
20157
1
984
133
19
0
1517
11665
23
4
1
860
4
0
169
0
109
0
346
28
0
0
0
0
568
12516
192
52
75
363
0
115
4
11
10482
225
7406
56
1096
141
958
64
169
67
59
1308
3544
4
53
5
2804
6110
34
0
0
90
0
4
74
1220
0
761
278
455
14
0
202
78
22
1377
2166
91
17
4
0
23220
97
66
0
3302
34
11
1
0
7232
135
1
4296
0
328
0
3
4
279
643
42
1847
9679
2
3
1546
1
441
49
2
230
54
42
38
8495
14
127
229
73
0
0
0
980
0
924
19
54
6
0
100
0
0
9484
365
66
0
743
875
42
5726
31
824
2070
66
13
1
41
1
1
15
7
0
3
14
72
0
0
52
1
80
523
35
0
18
295
250
148
108
0
0
93
3482
8
1
138
0
1
1
2716
0
26
36
21
1
0
156
0
2321
481
4
1224
61
178
22
17
2452
1
1
246
0
84
2877
18
17
51
13
30
246
57
19
18
0
179
59
14
27
609
0
306
87
72
11
0
9
0
48
81
0
4656
0
714
69
65
2
36
58
4
5
0
1726
15
509
1
0
404
198
169
0
28
3
2648
0
1
0
0
1
88
5
43
3
56
0
274
1
42
9
18
128
10
12889
2
128
1
1
40
316
211
17
9
296
1
83
66
268
9
95
75
57
262
170
1
399
1
4080
1
174
24
80
60
16
1099
7
625
1363
75
14
733
0
22
0
35
919
3967
3
0
0
1
9
0
0
2
194
84
691
0
1
33
88
11
1
136
720
3029
4
61
52
0
19
15
1
21563
10687
1476
0
25
560
25
2
7
0
6
0
0
0
0
8
100
523
46
59
0
4
0
2
3127
2
4142
24554
9
3
108
0
50
19
116
1
7034
0
87
0
1
9897
1
0
6931
2
0
2
1
21
35
739
0
1
16
7
30
2
11
15
2
36
2245
0
2
1
31
11
7
1749
11
9
0
0
33
0
19
157
179
1
36
976
74
864
1
25
18
736
130
0
16
11
43
212
28
3048
0
762
3
1
2
0
0
44
199
0
1
0
9
0
1624
1
69
4
56
4969
14
0
3
29
19
0
11516
47
10
0
0
0
0
2
0
0
1
4
242
173
2293
0
0
0
2
479
8
75
0
21977
199
56
36
3
4651
0
18
20
1
0
0
951
9
13
5
37
9
8
1
0
85
0
4
13
4
0
25
0
14
6
70
57
12
13
0
69
79
0
5
915
25
13
100
2643
2
1
0
0
645
0
0
11
0
127
0
3073
0
843
0
0
170
22
0
47
2201
49
0
11803
2
4
2
2
2
126
0
640
1
86
1
1
0
3
1
1
2383
71
14
0
11
266
7
23
0
82
2252
3
418
394
630
2
16
62
4
60
2482
17394
6
247
0
0
0
108
1300
0
85
179
519
4
0
0
0
6
0
7858
2022
209
0
117
6
3
0
66
3
1
18
0
212
24
1
25
0
7481
4
0
0
9
187
109
430
0
147
69
2018
14
3503
0
0
0
5153
1
1328
1030
0
0
6
0
2
0
24
1
67
2023
220
1
0
51
533
3
319
0
579
0
0
2
964
7
0
0
2
571
115
3
3
16
267
0
263
21
0
0
2
1323
436
0
0
157
0
4
1
131
6
37
0
0
3362
1370
18
0
1
65
1
55
0
0
528
4
45
1
0
2
15
1
592
2
171
603
272
0
21
4
135
117
526
9
3
17
30
0
1
0
0
0
1928
503
0
6
42
11
5
18
0
1
0
1
1
1
2
0
109
6
10
0
0
0
58
0
2
185
2
1350
12
0
5
0
2
0
49
4
0
108
7
0
0
5
1
5
6
0
1482
2
0
275
1
13
0
21508
141
1
75
0
334
26
96
0
0
27
149
8
5055
0
15
5
24
377
3664
1
4
0
113
109
146
9
0
0
0
0
1946
2
0
5819
3
0
22
0
0
1
2
0
0
1
0
4
0
2
1
6
133
2
284
4
6
116
4
42
3
213
45
170
1
13
47
259
5
0
5
0
3
0
0
0
21
2099
9
0
243
0
4
2418
3
0
0
103
26
3
132
109
771
37
2
3
26
42
4
86
0
104
0
13
0
12303
1
0
8
9
35
13
1
2
0
6
7
1
0
307
37
18
4295
0
4
2
0
0
351
47
25
254
14
0
0
977
0
917
682
395
0
2
20
2
143
11
88
10
0
0
5
38
5
0
21
0
23
7
2
13
250
853
6
643
0
0
281
15
0
7
0
0
5773
1
0
1
2
3
54
19
1
231
1423
2449
3
1
10
2397
43
939
0
87
94
56
9
1
0
0
0
4
0
23
0
4
15
0
0
0
9
0
58
0
167
349
1
0
11
1
0
0
65
1132
0
337
789
6
0
0
3
2500
45
0
0
3180
0
20
13
0
1
1
0
2
39
4
0
8
0
0
49
4
44
0
110
441
0
0
0
0
17312
17
0
222
0
0
1
0
0
145
0
0
52
12
0
83
145
120
12
70
0
0
1532
17
25
14
0
96
0
1173
1
9
0
78
0
20
82
0
0
14
1652
366
1
0
1
0
47
40
53
5
99
1
10
71
2
26
0
0
0
0
156
2
0
27
59
2
1230
2
0
49
0
0
102
290
41
0
605
0
0
418
0
0
53
5842
0
2
0
1
217
281
27
24
0
12
100
12
6
0
1127
3
0
1
10404
1
404
5
0
44
0
47
0
0
67
0
32
13
102
0
105
189
524
2
663
0
1
2
22
1
3
1
3843
27
1035
1
1503
0
4
2
0
108
1132
0
1
0
0
0
22
2
3261
6
0
33
11
113
195
0
0
0
4988
0
1
0
5
0
7
825
1
109
0
0
379
2163
1
0
21
157
16
1930
428
7
279
0
8
0
1
170
0
3
0
3429
0
1
5
0
3
135
13
7789
91
88
496
5
199
2
4
4
0
0
51
0
1868
0
1736
2
1
0
5
6
0
401
0
0
0
6
322
42
83
27
7
7
167
0
2
0
0
1
4
1050
0
7
8
861
1855
0
365
8
0
28
30
9
0
2
0
0
7
32
0
40
0
722
6
15
1
0
1335
1
0
76
0
695
0
0
1
0
66
5
0
1
8
1
2
44
11
25
6
4
699
0
31
0
337
36
0
4
0
4
0
0
0
0
225
22
29
28
18054
0
19
18
1
1
2
0
0
0
175
4
585
35
140
0
956
0
0
10
6
44
0
2
7
0
0
69
0
0
2
93
19
671
274
188
4
0
0
4
13
11
1
30
0
3
2
1
3
2
7
1
0
97
121
3
28
4
291
303
0
235
15
0
0
0
13
0
4528
1
1
0
89
1
3
0
73
72
1204
75
24
709
1263
92
87
2
1
0
1838
0
0
11
0
5
12119
1
11
2218
0
6
552
0
9
0
0
50
0
0
12
4
0
0
0
0
2
164
0
31
438
20
24
402
700
174
11
4771
8
0
9
0
7827
2
0
1
1
1
67
15
2
133
1
9
2
0
0
153
1381
3
2
1
0
9737
186
0
0
0
0
12
9
49
177
54
0
626
102
4639
0
0
2
51
0
9
23
2
25
0
0
93
0
70
1
0
1
1
1
0
0
272
0
2
17
8
2
0
23
0
92
0
1
1
0
43
0
1
0
6
7
1
4
0
1
34
3
77
15
0
4
7
0
0
0
0
0
3
0
131
2
332
2
4161
3
0
0
22
0
17
2
527
0
0
15
0
169
99
0
0
1
0
362
0
0
45
22
0
853
1
0
2
11
9
5
7
0
2
0
7
0
1
0
23585
1814
5
27
0
0
0
1
74
1
0
0
0
121
0
39
7
3
102
9
420
0
2
0
0
0
16
0
0
0
1
0
111
81
0
56
6
1013
0
2
23
0
7953
3
0
1904
23
2119
113
0
2
21
3
3
1
1
3
47
36
0
21
0
245
4165
0
0
0
12
0
287
1
172
28
6
0
0
114
0
0
3
114
0
116
2
59
1
0
29
1932
1
71
0
636
0
0
1
53
838
0
18
1
37
3847
663
724
0
34
0
0
0
72
0
1
24
2
0
14
1
2327
0
190
1
3
1869
0
0
0
0
0
3
0
188
2
8
1
135
0
1
0
54
0
9156
398
0
1
247
25
0
4
0
0
10
139
0
4
39
2123
0
7
0
0
13
370
7
35
31
4940
6
197
5
1
0
0
0
11
2
0
0
0
19
0
0
84
49
0
3225
166
7
0
0
15
78
0
0
0
226
0
0
2
24
1
0
11
3
2909
48
302
6
20981
147
42
1
2622
11480
0
0
6901
28
1887
9420
1887
0
9750
0
28
7407
3566
0
0
3566
5104
2113
3566
14074
13942
0
1932
2286
336
1612
1612
0
11658
6625
838
3775
10520
320
10458
6058
12773
5315
0
1612
0
1035
1035
1612
12859
444
1612
77
6546
1612
8509
1612
466
195
3
7165
2
34
64
0
353
423
0
42
1940
1940
3
60
148
0
478
1940
12
1940
18177
2
3926
1940
1940
1048
0
2
5015
68
98
1940
50
71
7247
11
11
8204
1208
383
3
174
7644
54
1956
125
1876
382
8204
11
8204
902
136
11
6421
288
11
1644
60
11
5737
11
15
969
7
12
88
2337
8174
3129
0
0
33381
10
386
386
2923
246
43
1
19122
5127
1
445
6
301
60
278
3757
52
333
4
2
201
8
2762
0
0
47
0
30
0
46
4
37
5932
4
0
1904
3558
245
2877
0
30
0
2
0
30
2
6050
30
1029
543
0
790
0
39
142
0
2
59
64
8463
1
0
816
1950
6
0
0
3
1
7252
18
0
18
2
3
1
251
3255
24
1
29
8681
2
84
0
0
67
53
68
0
0
111
0
13
34092
7498
6243
0
902
9955
59
906
918
0
111
0
0
92
1649
22
59
111
0
182
0
7
26
0
0
170
1
794
0
0
2
0
6930
14763
8968
48
39
3
0
0
0
375
3262
3
287
16
3
9
1
188
231
5
7
589
23
1
2060
37
56
1
28
0
0
41
0
310
209
12559
0
185
21
144
1542
114
0
0
1
1
0
6
24
0
0
0
0
0
122
173
59
4
4
11
9488
35
433
37
858
120
7456
4
99
2
29078
300
4
9003
852
1
467
1
0
9
11
1047
2
24
0
2
0
1
12
0
0
81
1697
23
0
6
11
1830
0
2134
0
0
32
16
4
478
528
0
1
0
864
0
0
1066
1
1
38
2
0
54
0
16238
7
0
0
24
0
1418
0
306
0
5107
3
6
0
1596
2
8
324
0
2
9
2
2
195
2
0
732
5
0
1
1
8
8
7
58
2
5
34
42
0
0
3106
1
14903
396
145
1
248
2
0
34
35
0
3276
0
1345
272
64
96
1227
6
192
0
22
9
0
2
10
825
159
171
31
124
132
0
88
0
522
59
3
49
721
6
0
1
9387
10
3
0
135
0
4
2
0
0
10
387
77
0
0
47
1223
130
7353
1013
3
7
5
1
1496
335
2052
0
0
978
52
1
1
49
7
23
72
45
0
0
2
0
2
1589
2
18
1
0
3
0
444
0
1812
0
0
5
1072
42
0
218
0
0
1
18161
0
0
0
2
0
8
2
1
0
13
4
3
0
0
0
0
0
8
48
6
0
1
15
66
0
12782
18
0
0
0
1
43
8594
31
0
0
0
0
10369
1
0
0
308
0
0
0
166
74
14
0
0
1145
0
881
0
5
25
137
1
1
0
0
0
0
141
5
1
1
56
0
0
0
0
1
19
0
2087
0
1
0
614
3
5
34
1189
1
1
30
84
0
152
29
2
0
1
36
751
0
0
0
0
0
1952
3
1
13
334
341
348
593
500
10
0
0
0
0
9
1
0
1
0
1
12520
0
634
0
0
1725
404
5
1
0
76
1
8047
53
5
16
0
0
0
2
20
0
22888
0
32
1
0
1
2
0
1
0
1284
10
36
885
0
1
1
7
183
0
0
0
13096
107
201
91
0
17
6731
0
0
6
0
81
2678
210
0
0
39
0
0
0
0
8
79
0
693
306
0
6
0
640
0
1433
0
253
0
0
5
73
0
253
0
2
22
2
0
1
788
587
0
0
0
290
0
30
0
0
0
0
0
702
11
2
2
0
6
7
0
0
0
2
914
42
0
0
18
0
5760
23
1
0
863
3299
843
0
517
0
0
15333
56
162
0
2
636
886
850
119
461
0
1
10
5
7
0
0
0
32
57
0
0
21
0
139
45
2
0
8125
293
0
1
0
0
0
0
1
0
30
1331
0
0
0
2
1425
1
131
1
8
964
0
111
92
0
0
0
0
18416
0
2
0
7342
0
3
0
0
1
0
1
4821
0
10
0
5002
8487
2
2580
3
65
0
0
0
0
0
1
317
2137
0
1352
718
17315
3
7
3557
0
0
0
1
4
1
0
4
0
2
2
0
0
9
311
43
692
0
9
0
0
1305
0
0
1838
0
2
52
241
886
0
8
1
74
466
0
30
0
0
0
0
3
0
4
1
0
0
0
0
57
63
0
1
0
1
0
0
0
4536
517
44
4632
19858
3
27
263
15
50
910
71
0
50
1
0
27
2
248
0
22
73
0
42
0
147
40
0
405
7051
1
1
0
4130
1355
0
1
46
82
72
2134
0
71
0
59
2926
2
1
1
7
27
1
734
0
0
0
0
1
1
1
9
36
48
3586
11
0
0
0
7
661
3
3
0
0
2
0
14
0
1
0
0
22
23
0
0
0
0
1993
0
8
9
33
2
1
1000
0
0
2
0
0
81
17
0
321
0
87
1
0
99
2
151
8
0
290
0
6
2405
2
10
0
8
1
1
27
16
230
8
5
9
6
0
37
34
212
0
0
1
6150
1
1
10
416
1
1
120
0
0
1
0
0
1
816
0
6
0
1106
23
3
0
0
337
0
0
1
0
65
5493
10
47
85
0
0
0
11
28
0
4
3
0
0
5
0
3
0
0
1
4
0
0
5
0
5
517
679
0
5
1
13
0
3
0
0
0
2
309
0
1
31
0
0
13
17
0
0
76
4
25
0
0
3947
3
0
0
11
0
0
0
67
0
198
1
0
161
0
4
0
34
57
0
4
0
0
13
1
26
814
1
199
2
25
594
0
2504
0
0
0
3
6
95
7
9
7
0
13
14
1638
0
1
0
0
72
0
0
0
408
0
1
4
0
2
19
0
1
58
1675
100
0
6
0
0
0
0
0
9
5
0
4
0
4
1
227
0
0
5
0
2
0
0
559
106
0
3
1
0
2
0
1
3
0
0
0
136
4
25
0
9
12
0
0
26
6
0
0
0
0
0
0
0
1
0
39
1872
15
10267
84
0
0
9
1
420
0
0
114
3690
0
0
0
26
8
435
0
0
0
222
0
1
0
3
0
0
0
3736
0
0
0
0
10
15767
1
0
315
23
120
5
0
17
75
195
0
7734
2
0
18
1
0
5
20
1
0
0
0
1
0
0
0
1
7
5
1
32
104
618
0
0
0
3
1
120
0
0
0
155
2
698
14
382
7
0
3
0
0
0
18
0
4
0
3
565
6
0
0
11036
0
0
7
0
0
0
1116
1169
17
11
343
5
0
2
2
1
0
39
3
4
109
0
1
0
0
30
0
0
0
1
0
2
2
0
9
10477
0
10
3
7068
0
1
0
262
5
0
0
6
84
0
0
0
420
0
0
2
0
1012
0
61
2
17
8
12183
0
1
1667
44
1
0
12
0
1
4
2
2
1
3
0
0
1
1
0
0
0
1
0
67
4
0
0
0
103
0
0
0
0
5
3
1982
0
0
0
0
0
0
0
110
25
1512
2
0
0
5
0
265
23
2
0
1337
0
464
2
0
0
0
0
3
1
59
141
560
58
96
3
0
254
0
0
879
10
0
0
0
1
263
0
0
11
1
0
1
10
192
0
0
3
0
0
10
4645
163
3
8505
0
0
0
1
0
8655
0
2
0
0
1355
0
0
53
364
12
0
0
0
0
22
34
247
3
1
0
27
0
0
1
13
0
1
0
1289
0
431
0
781
138
0
5
0
1
0
0
0
0
0
0
0
284
35
0
0
23
117
2
29
0
24
0
1528
3
0
0
106
10
0
0
0
0
0
0
0
0
0
1
0
0
0
1
0
0
0
705
0
56
5
1
1
0
0
152
1
3
0
1
0
37
1
0
299
43
164
0
0
34
264
827
12
278
24
2
0
0
0
0
62
0
2
0
0
1
38
274
2511
13
0
0
0
6
0
0
3
2
6
1
0
8
0
1
0
0
1
520
0
0
1
5
0
66
0
2
0
0
0
0
20
1
2
1
1486
845
0
0
0
0
21884
495
0
0
0
0
1
2
0
0
4
820
0
0
0
0
0
0
7
0
0
348
0
4
0
0
0
2
16
0
0
1
0
0
0
1
0
0
0
0
65
0
60
0
0
0
0
1
10
0
0
26
1
747
0
0
1
14
5
4
0
753
6
11
1
595
25
0
16
1
2
0
2
26
732
0
3
1
0
0
0
0
0
0
0
0
2055
0
0
116
50
12
0
4
154
8
5
0
0
10
0
2102
1
0
101
1
0
0
0
5
1
45
12
7
0
0
0
0
0
0
42
466
9
0
14
1
296
0
0
28
0
0
0
63
0
0
0
832
1
2
4
1
91
0
2
3815
0
0
376
0
112
0
0
1476
5
27
0
0
5
0
0
0
0
0
0
7
0
0
0
0
0
0
0
0
0
1
45
0
0
0
283
2
3218
2
0
3
0
5281
0
0
110
78
0
0
0
0
3
563
9
20
16
33
0
64
0
0
0
1
0
39
0
0
2
0
2
0
0
0
0
0
2
0
7
0
13
2
1148
175
0
1
1
0
0
0
1023
0
19
6
3
0
4
174
3
0
1
50
4
15
0
0
1
24
2
12
68
5
0
0
0
0
0
2
0
0
0
78
0
3
0
0
10
1
0
0
2
3866
24
1
82
706
1
0
0
1110
23
0
4
0
1
0
0
91
0
0
0
0
0
7
0
0
0
0
0
34
0
491
44
0
27
2165
5
15
0
0
7
185
864
4
35
0
10
0
0
1
0
0
258
0
49
1079
0
1
0
0
0
1
8580
0
1932
75
1035
1612
21286
1035
832
444
1035
75
15
75
5215
6294
75
839
1035
1612
839
1612
1612
0
839
1612
1612
2117
11512
444
1612
647
8250
0
12859
1612
466
165
8580
180
11177
1826
1612
75
1612
0
1035
6201
1612
0
1035
1612
839
839
48
1035
839
0
1035
14955
1035
6201
15
75
54
8204
6244
0
136
11
0
136
3
288
50
0
1017
74
709
3
0
57
418
11
57
11
3758
8204
57
11
11
26
57
288
11
318
1032
8204
1271
11
15
878
54
295
1165
29
11
9222
11
8204
66
111
11
8204
902
11
1023
19
2063
136
184
8204
2949
3249
50
111
1070
16983
1599
0
1
111
0
0
30
0
0
3427
0
111
0
1023
3
866
111
0
0
0
0
0
510
0
0
0
0
0
17876
6050
30
2321
4
0
3
30
39
17
18052
0
911
0
0
0
0
0
19
0
30
0
2
30
0
0
2131
0
0
0
0
3
0
0
0
4
841
0
212
656
279
0
0
75
0
5
147
31
44
6
1
33
208
1
0
0
1
26
1
0
1
26
0
2215
37
59
111
389
4150
0
0
87
0
1
1
140
7
146
26
5
0
0
1
158
111
0
0
111
0
0
1
683
0
0
2711
0
147
158
7
9225
0
0
1
139
0
28
68
0
11
0
3
0
0
120
0
2057
227
90
352
0
90
73
0
25
90
1392
0
1598
6
511
0
0
515
0
2
0
173
28
8933
65
0
32
808
0
28
0
364
1805
0
0
1
0
253
43
3164
35
1
0
4958
24
3
44
0
17
0
0
431
0
0
1025
75
0
0
3
0
0
36
950
1
5
0
34
0
0
34
37
1
258
34
2
38
0
0
2
1066
0
0
0
5
171
54
0
3
0
11
0
6
19
591
0
0
157
850
0
1
86
14
25
6
31
43
0
11
11792
0
0
30
1172
0
34
0
1
0
0
0
0
6
15743
1
0
39
204
34
0
0
0
10
0
0
1
56
0
0
0
337
0
0
5343
39
1
1
34
94
3
0
54
0
0
5
2
0
1
0
164
267
0
0
34
35
0
0
0
0
3
44
0
49
0
1
0
27
0
147
1223
3
256
1
0
0
1
18412
59
235
5
441
3
16
1554
174
2
0
50
0
322
0
1230
0
0
0
275
89
6
24
42
94
1223
0
0
0
3
0
0
0
25
0
12
453
1286
0
0
0
978
52
0
0
3
0
0
0
0
165
214
235
0
227
0
71
0
54
9
45
547
0
43
40
9
0
269
395
10
0
3136
1
545
22
532
0
0
20
1
0
1
119
23
23
0
3
75
38
0
17
1
0
515
0
5
10
0
30
0
950
2
1
91
0
0
1
0
0
441
86
0
0
41
0
7
548
10
424
169
1
10822
2184
1
40
0
0
39
538
0
4
0
0
589
0
3
1
3
0
0
4
410
0
0
2
21
0
0
0
0
0
0
0
315
33
208
13
512
196
450
0
212
0
48
29
1
165
17
2
0
1
2
2
1
25
0
0
394
0
0
0
67
0
51
1
1
2
0
1
8
0
1
0
0
0
1420
0
0
0
0
0
0
11
696
616
0
0
0
322
0
0
0
4
161
0
0
0
3
9
460
91
0
73
0
0
1
0
0
59
0
1810
0
31
885
0
28
11
0
0
1
2
0
0
0
595
0
0
0
0
7
0
0
1
0
10
0
0
162
1
52
1
0
2
4
3
0
0
989
2
1
8
1
0
0
0
0
448
16
0
0
0
0
0
0
0
0
1
253
6
0
0
45
1514
0
3
0
0
0
0
0
40
0
2
45
1064
3982
0
213
12
3354
1
0
0
0
1395
34
465
22
75
0
276
13
0
33
63
214
722
5
0
27
21
34
1
147
3
30
0
0
1
3
1
0
2
3
0
0
0
0
1425
1
1
5
0
2
1
4
555
28
0
0
1
9
0
1
1
7
96
40
2
0
76
18
1
53
56
0
0
397
3212
2
3
0
0
3
11
0
0
4
78
41
0
0
165
0
0
71
0
2434
0
0
145
1
20
6
0
2
33
1478
0
1
76
34
54
42
0
0
321
160
0
0
5
0
1493
7
0
0
1
1
439
4
0
1
0
0
23
0
0
577
76
0
3
3348
4
2
0
18
1847
785
0
8
0
0
0
1
6182
1
1
0
23
1551
0
2
0
0
0
1
0
27
0
53
0
1
3
29
21
0
726
76
0
0
8
2
37
1395
1
0
3183
2
243
23
50
1
0
30
540
0
0
0
2
5
0
0
0
0
26
1
0
0
3
0
997
2
0
278
55
0
0
0
2
0
0
1
2
548
31
0
0
0
11
0
0
1
6
0
1
0
31
0
0
0
0
0
0
0
0
0
0
0
0
0
5
2
3
0
0
3
554
0
0
0
1
1
1
231
0
0
0
2
0
0
4
7
21
36
33
1
0
1
5
0
0
0
0
4
2
3
0
5
0
1290
5
215
0
1
0
376
4
481
1
0
0
0
10
1
0
0
4
88
0
2
2326
0
0
0
0
1
0
3
7592
527
0
0
0
1
16
29
0
1
52
0
0
39
440
14
4
0
0
0
90
0
2
0
0
1
3
0
2
0
162
0
0
3
0
3514
2
3
19
21
0
0
27
0
1
1
101
0
438
24
0
0
22
0
241
2
61
0
2
0
4
5
2
0
743
2
2
7
0
125
0
0
2
0
6
1
3
0
0
6
1
143
0
23
1315
0
11
1
1
87
1808
0
0
7
0
1
0
0
0
6
2
0
0
0
5
569
0
0
1
24
0
0
0
0
1
3
0
0
18
0
42
54
34
446
5
0
9
55
34
1
134
3
1
0
0
0
4
0
0
45
1811
1505
0
1
4
1
1
2
593
11
53
4
31
0
1
2
0
0
5
0
0
0
1
0
0
2
11
1250
493
0
0
0
76
0
0
0
0
1
40
1741
1726
0
0
0
6
59
0
0
0
569
0
0
85
0
1330
1
3
0
0
0
25
7
1
0
1
0
0
3
6
0
1
0
8
0
1
6
0
0
0
51
1
0
1
512
1
2
0
4
9
19
0
824
3
2
5
3
0
0
0
1
0
0
0
1
0
0
8
0
0
0
0
3828
29
1
0
34
1187
0
4
0
0
118
0
0
1
4
31
0
0
0
0
4
3
2
0
0
1
0
426
31
136
0
0
0
3
160
3
49
36
19
448
4
0
0
37
34
0
131
3
5
0
0
0
56
9
30
0
0
0
0
247
33
0
0
0
7
0
0
2
2
590
1
0
0
0
0
1
13
361
36
0
0
0
0
1
0
2
175
5
0
0
1
0
0
0
0
0
108
0
15
0
474
40
0
0
1
168
0
0
81
0
25
0
0
115
0
1
1
6
0
0
0
0
2
1
0
0
0
1
0
1
2
3
0
5
0
1481
6
0
11
1
551
0
0
155
0
0
0
0
0
0
0
0
0
0
1
719
0
0
0
38
0
0
0
0
0
1
0
3965
3
3
0
23
1120
0
0
0
0
0
1
0
227
55
409
0
0
0
61
0
0
0
3
1
0
0
164
0
0
1
0
3387
2
234
0
0
2
481
0
0
0
34
5
0
0
0
1
143
2
0
0
0
4
0
74
0
0
0
4
0
0
0
0
10
1
0
3
1
487
3
0
0
0
11
1
0
0
0
0
0
21
1
2
0
0
23
1475
1
0
0
184
5
0
0
0
4
2
1
19
5
0
0
9
0
75
0
0
0
1
0
2
27
26
64
463
2
3
1
0
0
0
1
263
35
0
0
0
0
4
2
0
0
5
0
434
7
317
0
0
0
737
0
0
69
0
0
236
7
51
0
1
0
0
0
0
0
0
0
1
0
1
0
0
0
0
2
3
0
0
0
0
0
31
161
0
687
0
0
0
97
1
3
0
0
0
0
0
0
0
2
0
1
0
182
5
0
2
0
3591
2
2
17
3
0
0
11
0
0
0
0
0
9
0
0
0
11
0
0
33
471
0
1
0
4
5
1
11
10985
0
243
1
1
0
0
0
9
0
13
0
0
0
0
3176
3833
0
0
103
0
3
0
0
1
23
970
0
0
0
72
0
0
0
0
4
2
0
0
0
5
2
3
1
0
0
0
718
81
221
0
0
0
20
54
1
32
25
42
261
3
0
13
0
6
9
158
0
3
102
0
0
644
0
1
0
0
0
0
9
10
0
0
0
1
0
23
0
0
0
1
1
0
0
4
108
0
0
0
0
0
0
19
15
887
45
0
1
91
0
0
0
0
0
1
0
121
0
10
0
303
0
0
0
81
135
0
0
12718
0
0
0
0
0
1
8
1
0
7
12
0
1
0
0
0
5
0
11
1
0
1
4
72
0
0
12
0
1
2
32
3
0
0
3
8
22
0
841
1
2191
0
0
0
1
10
2
0
0
0
31
0
0
2
0
0
0
0
2431
0
3
0
0
0
0
1217
11
1
11
1
970
0
0
270
0
0
0
0
70
969
0
250
0
1
0
326
6
0
1
0
0
6
52
0
16
26
24
212
4
0
0
59
36
0
4
0
0
11
1
804
48
5
0
69
0
0
0
3
0
0
0
0
9
13
0
1
50
0
0
2900
1
0
0
1
1
0
0
2
2
2
935
0
264
321
2
2
19
2
0
0
26
175
2
1
125
0
0
0
1
0
0
0
0
187
0
0
77
0
0
12
0
0
1
1
248
4
0
0
0
0
0
290
5
0
0
0
0
5
2
2
1
0
0
4
2
250
20
2
0
75
117
1035
1035
622
1612
1612
3819
5104
509
6935
160
52
621
9985
7712
32423
261
4220
18977
320
6
314
261
39057
13705
11640
12936
15345
9301
161
4327
6
19053
5428
34175
2045
12859
4480
10527
160
5104
140
169
2720
169
32543
406
163
29128
12885
14955
67
67
163
14851
35769
14955
195
12859
12859
440
169
16644
0
1074
230
537
3
1023
3758
76
17295
1528
10
1
415
12
20638
18520
0
1196
38
32845
4639
5
2
4843
12
23
4811
0
17893
791
3138
65
0
0
0
7
2
645
3
2
422
188
19
678
130
312
4
2279
11615
740
7
3249
2569
2569
11615
3439
59
3249
15525
9171
290
617
183
3
111
0
0
4
16
674
516
1403
19
19216
6030
12633
279
0
68
246
12032
1
194
6410
92
6800
884
26
2135
16
2342
5
8
1
32
40
0
1
653
165
673
104
16
23
7
926
9763
566
76
504
16082
3
731
1044
323
3
764
764
156
840
0
3
136
3
16
0
6
689
31
4023
1
0
20
0
3
0
0
618
10
20
13
12611
2
6
435
0
3
14
3
0
2562
5919
57
160
76
1037
118
159
2201
34
1386
1078
0
0
35
1
1806
3790
44
13
119
34
638
1
149
28072
4976
257
0
0
6
6
0
27
1378
247
737
251
1
618
0
4320
0
3426
173
0
20
10379
1
3
3579
14
0
213
5
241
7195
73
2
368
6
9
4
0
0
1056
406
0
166
25
0
211
0
664
7090
17
1
7
0
1593
710
789
3594
45
179
1
1421
2821
2593
109
76
0
2778
20
0
0
4311
126
634
0
7
361
376
802
83
60
0
3
21
78
0
2
0
7
19
12
5
0
84
10
34
79
0
939
2
4
1
3068
0
32
2332
1
8
0
20
1
0
0
3
4
116
0
1730
39
5
4
958
12
4
113
2
536
0
3234
2113
5
4
0
1
1
61
6260
2
8
73
8
367
0
78
0
0
0
0
41
12
92
1
38
0
3309
221
48
125
2
0
53
18
2257
190
23
0
66
0
0
36
642
1
5122
4
10
1
85
2
4
2
8
10402
7
0
0
4
1230
38
328
184
46
62
0
0
1332
0
0
5
5
1520
177
0
0
17
44
10
15784
0
928
5
2
1
0
0
9
29
6159
5
178
0
150
78
2
3
1
0
0
3
0
0
32
4
8
0
121
3
39
25
0
1650
1
0
39
10
1
10485
83
3
2
0
7
37
15
4383
1
1
24
88
0
0
202
803
31
0
2351
0
511
1099
9
39
324
504
91
862
5
7
0
2
0
2
782
6
0
7
0
59
0
11109
5
0
5
0
1
0
4461
4
1
0
0
0
1
1
7221
0
2
4919
16
418
0
358
0
5
4
2
0
1058
32
8
147
0
0
0
73
2220
14
1
12
214
0
1366
9
7
1157
14
44
1025
4421
0
115
0
0
2
0
0
0
4633
35
283
0
485
2
2
1
77
256
0
43
4
8
2
0
0
7
0
43
73
558
0
2
2
0
102
0
48
92
0
0
5
3
4
58
35
1419
0
0
0
30
212
0
5
20
0
127
208
12
0
2
1327
1
0
0
2611
0
244
1
112
1
0
0
0
3
86
0
2
247
0
1132
0
257
1075
3
789
0
2086
456
2867
70
0
2121
37
10
265
11
0
107
1
2
82
0
1
4
0
5
0
1477
6
10
0
1
2
857
3823
0
15
0
0
0
1783
0
1
0
2
274
10503
24
10
9
3
37
818
36
0
4
0
0
28
13
23
1
1
0
1
125
85
15
0
137
0
3
101
12396
1921
7
4
17
7
1
3
2
0
8
1
27
0
1
6
0
1
2
1608
221
0
0
0
0
0
0
0
28
2
0
0
0
4
2
0
1373
636
0
107
0
0
0
0
1
2
0
0
3
13
21
273
3
43
0
1
0
8
60
0
766
163
899
79
369
7
0
1
0
2903
9
17
765
71
71
1
1
5
8
2
1
1
0
3
4
55
0
0
0
63
543
0
0
0
1
52
0
34
1
1
4
9
0
125
11
1
106
0
1
761
5
29
1
0
3
28
0
324
0
0
0
1
15
800
0
7
3
0
46
0
165
7889
1
12
7
0
82
3
0
1
166
2
76
5
0
0
1
0
19381
2155
35
127
0
1
223
17
0
0
0
1
704
6
76
1
19
3
0
9
25
4
18
1
1
0
589
72
336
73
0
1
0
0
3
0
0
62
2
5295
4
2
0
2
0
0
1
3230
182
11
0
1
0
21
13
236
1
0
0
64
0
5
1
2
32
0
2327
1233
1
0
5587
68
2
212
0
0
0
30
2
12
10
204
0
0
7
0
71
38
0
2255
0
108
1
0
2
45
1527
2
36
1
3
30
13
32
2
39
2
0
64
0
0
171
190
1
1
0
57
0
30
0
205
80
1
1
8
1
1
2
1299
4535
0
0
10
3
0
395
17
1587
228
0
56
1
3
190
728
3651
0
0
0
0
53
62
0
141
0
2
0
2
0
959
781
954
0
0
2975
26
2
0
0
0
262
1294
322
3799
0
11
0
0
63
56
0
12
7
1
5
370
90
1
0
2
14
0
91
279
6223
7509
0
0
66
0
3
0
2021
0
52
17
11
2
2
4
68
1
0
1
0
0
0
4
0
41
12
96
893
0
76
0
0
642
2
0
13
0
5
4
29
1
1
649
116
4
434
9
0
0
1
0
120
5517
1
0
637
106
1
10
0
31
0
56
204
261
4
0
1
40
249
6398
0
0
551
0
0
9
0
0
1948
85
56
23
0
0
2
3
0
1
0
0
703
0
13384
0
5
0
18
7
2
0
2
1
0
192
0
27
151
54
17
9
0
3
1
0
1
4
1081
47
0
685
4
0
3
0
0
1
6
45
97
52
0
0
39
258
4336
78
1
0
0
1
1
2851
0
0
8
0
0
0
17
15
2
0
2
354
0
0
1
0
2
5
2
36
15
0
1
6767
0
0
0
425
0
1
0
2628
0
1
0
1
14
16
1682
0
37
0
279
0
9
4
0
375
2
3
1
2051
3
0
3
29
249
2804
0
7
4
7
1
1569
6555
0
0
1
1
4
0
0
0
5
17
1
90
19404
0
8610
4
4
1
2379
3
3
13
0
0
1946
8
541
142
1
444
0
5
0
2
1
27
71
0
0
1
40
634
2
0
13
34
1660
252
297
0
0
0
1
126
3
31
0
0
117
207
108
10
0
949
0
11
0
50
1703
13
0
6
145
2
2
181
6116
0
13
7
1
11
5
8
15
76
0
0
17
0
0
0
0
0
9
1
4
27
0
0
3
0
4
0
1
0
196
0
4
16
6
988
2094
0
6245
0
0
158
317
3
3910
0
501
387
2
312
7617
17
0
363
80
0
1
120
0
2
1
57
5533
223
16
0
2636
0
575
0
36
0
0
10
6
0
1
3
0
1
0
134
0
0
518
144
0
0
1
1
0
1
0
56
1164
0
0
1193
31
6
5
0
384
59
0
5
6520
263
424
75
0
0
0
16
9
1
1
2
0
0
0
73
40
0
0
2794
28
6
144
129
111
0
1
2324
0
32
1
2
16
0
0
1
193
5
19
5
0
2
340
2
0
0
1
51
0
0
3
1
0
136
0
1
4
71
57
0
37
2000
129
10
2
4747
49
42
45
17
0
1
0
292
2
0
328
0
0
0
0
0
0
1
37
14
9
57
2
2
1
394
0
2704
0
13
17730
0
0
0
0
1
0
0
0
2
6
0
19
52
13
138
72
0
0
0
32
355
86
0
838
1
5
0
1
0
3095
0
59
4
3
0
0
1
0
2
29
0
36
0
0
1
0
0
0
0
2
15
0
0
0
24
19
0
0
11
0
2
0
60
236
7
0
14
3
0
0
57
10
220
219
0
2
23
0
0
1377
76
0
1
1
0
727
7
0
1079
573
0
318
5876
0
0
13
45
248
0
0
0
1
60
229
0
1
3
0
0
20
0
0
7
0
15
0
0
1900
0
32
2
78
5203
9039
0
117
0
47
9422
464
5
0
2
0
96
7
9
0
27
2
0
0
1
0
1717
57
0
0
28
0
1
0
2
1
0
2652
692
2053
0
462
20
1514
39
1
1
221
1
274
4
274
7
0
68
0
0
1
1
0
1
0
24
344
0
0
1
17
178
110
1
0
2372
0
0
161
67
0
1
0
30
90
0
0
0
100
0
23
0
1659
0
1324
0
2
1
8
0
1
0
0
0
5
7
4100
0
2
540
6
1
0
0
277
0
3
0
0
35
0
0
0
1
0
0
0
3
0
4
0
0
9
14
0
0
1
24
9
39
3
18
0
1043
0
5
0
1
1
0
0
2
6
0
9
18
347
1397
0
71
0
0
1
48
2
1
0
0
56
3
1
0
0
1
41
1
0
0
0
0
0
147
578
0
3
0
0
0
2
63
0
0
0
0
1
144
12
0
2
171
8026
0
0
0
0
0
4
0
292
16
0
2
10
3
8
0
1
2893
0
55
32
365
939
1816
0
2
0
0
166
1
1
0
21
104
233
0
0
0
9
14
104
73
36
1
0
81
0
0
0
55
0
0
21
2697
1
0
24
444
1
15
51
0
3658
11
11
10
30
0
0
10115
0
3
8461
0
1
11
1
3
0
1
0
55
2
477
2
35
341
0
43
0
0
9
0
176
50
0
444
640
509
2
1
0
951
3
1761
2455
1
19
0
36
2
2
1
0
1
0
1
19
0
0
390
415
0
0
4
0
0
1
560
8
10
5
0
108
4
1
3
292
173
0
25
1
0
999
0
0
145
3
148
6
36
752
2249
0
0
6
1
0
0
0
0
6
7
15
0
1
0
512
0
0
0
0
0
16
832
684
5104
5302
12528
606
10562
440
163
11512
5
4263
34322
16064
440
444
3566
1
33509
2045
5104
12885
444
137
15601
3678
0
335
153
18140
6833
8307
55
28
3566
14079
15079
3566
11
6960
3566
444
14582
75
302
1035
1612
0
848
75
0
28
1556
1612
6
28
1826
466
622
8580
180
1612
1612
1612
3
13386
1336
0
12
10085
10
617
11615
5
0
890
6
2
617
288
5
14133
0
2
0
2039
288
0
0
103
2886
0
368
2326
3
4
2
2554
7990
411
7
426
2032
16
3635
288
726
0
517
418
11
8204
1017
0
8204
567
2101
11
1817
9803
29
15
259
54
295
11
11
1023
0
0
1
418
46
158
4608
0
296
370
4
21346
1711
0
0
3427
21775
2060
5122
15
37
4
3427
15259
4
0
9037
3877
2
390
11
6208
0
92
53
173
14483
31
1867
17
13
3427
28567
111
1
0
0
0
0
111
0
1
538
0
1
58
0
39
23
1625
0
0
0
75
0
47
49
0
9
5
50
14
528
1283
11
1
10
2471
14
13
68
29
14839
876
13
7553
4637
0
74
5
120
6
27
2313
6
0
10377
0
6737
0
0
8193
52
29
4893
14349
26982
656
79
0
0
0
30
31
0
22
0
0
65
798
146
0
0
3525
140
26
138
0
11
14
3637
0
363
15
0
1
4251
3053
0
1
0
24
1
1404
0
0
1256
929
1031
218
2
15
10512
104
0
0
1
0
7
484
199
219
0
6
671
36
4786
7
18
0
0
139
150
352
0
0
32
0
0
230
2
0
55
0
32
173
14
8
65
73
451
335
0
1119
158
13
2
50
4012
0
91
1204
1
45
0
7
0
119
167
305
1716
6
7
30
1117
583
0
0
0
1
1
129
3
5648
32292
6587
59
0
723
11875
0
40
11
376
273
0
0
0
0
0
1404
4
0
1110
236
38
3360
3
0
54
1
0
0
37
2
0
66
7
126
0
209
0
1883
0
1302
13
6800
15
34
408
0
1
9
1
0
0
0
2
0
224
73
0
1501
0
0
28
3
23
0
6
1
1
1
0
547
24
10
7931
9382
1
9
4
0
164
16
56
34
487
57
1441
0
76
2
0
36
0
0
1
0
0
12
0
3043
0
400
0
0
0
0
10
1
0
0
0
0
15893
0
1
25
4
2
0
647
0
35
11
1628
193
0
0
0
387
71
20675
0
0
199
0
4649
8
0
11
11
256
348
0
50
1286
0
0
366
0
0
4
84
2676
25
0
2
0
0
322
1
0
523
2
1
230
101
38
9156
0
113
0
0
0
5083
0
0
127
6
14779
1
9200
8428
517
47
8864
2225
1
10
0
0
0
0
188
3080
0
55
0
83
49
3
2232
47
6431
3023
9
9
11
532
2
2572
2
0
0
0
16
0
10
0
0
110
147
5
0
42
2
3
5
48
1925
0
7
669
107
0
14
22
0
12
0
107
4198
109
0
0
0
1
1
4
0
75
440
0
363
24
0
2
0
89
778
0
0
1
93
201
0
151
2
2
1
0
0
0
1
1431
527
131
2
0
1
210
0
3
13
556
70
803
410
10
38
0
235
596
0
0
1137
71
1716
0
2
9
357
129
929
1716
0
0
151
0
15269
17893
20669
0
74
17
0
0
0
0
0
2
3
2
4668
1
11
0
0
0
467
0
0
52
0
0
6
347
0
1726
8
94
40
0
36
0
1774
727
91
0
1
0
0
28
2
1
3265
0
12609
33
6
1
0
2
18
0
0
1
27
0
50
7068
16
0
180
173
0
2
0
0
1763
0
5
0
14
5
0
0
16
0
0
7
4730
1563
7070
6743
0
1
0
65
0
191
0
1
0
960
45
0
0
0
5663
81
0
0
1
28
1
0
1
1604
0
4
642
0
0
271
10371
0
1366
0
2
17
15
10371
2
563
2272
0
14
10
31
15516
1
0
3
30
0
0
63
7
2
3
11286
0
0
26
2
44
0
6
0
46
34
0
18
3
28
0
0
0
0
3
0
209
1
500
1425
1
0
0
147
0
0
85
63
403
17
0
2
3
438
0
91
22
166
0
0
438
0
0
14
84
0
0
6378
0
0
600
118
15
1
0
0
2
106
0
0
0
3
0
1
436
142
291
0
13
2
0
0
15271
0
4
0
0
0
49
0
194
0
164
311
38
0
89
2434
5
345
2350
3
620
2
0
1
0
44
178
2035
0
16
3
0
44
0
56
0
5738
0
1
491
48
0
0
301
18
13
785
439
7
1
1
32
1
6884
432
0
367
458
10665
1
38
2
0
3
0
0
0
77
0
0
0
0
832
5
0
39
80
0
0
2
3
3
0
0
9
223
0
18
3
1
2779
0
42
3
687
0
1
0
1
660
0
0
0
1
1214
0
783
4
0
29
423
0
2
3928
638
0
0
0
2
8
15499
7
0
2625
4
0
1
3
0
0
0
0
1
3
198
1
150
0
0
0
0
4
0
0
0
0
43
2
0
0
0
1
0
249
0
41
3091
0
0
0
249
0
0
305
5195
7
0
0
683
0
0
0
0
1
0
0
2680
4
0
2
0
1041
0
6
47
0
0
3
0
7
0
0
0
0
51
0
29
1638
293
75
27
0
0
0
0
28
0
1290
0
2
1
69
0
0
1474
12
1
0
6051
1
0
0
0
0
3436
73
0
0
314
1
30
1
1
13
0
19
0
25
0
0
0
579
0
1
2
6108
4
3
0
1
0
268
18
0
40
0
1
0
29
0
0
1
0
0
24570
92
29
0
0
0
0
360
0
8
0
403
1
0
134
1243
27
0
464
0
0
68
2
3298
3
4198
0
0
27
1
0
36
0
2
0
130
3402
2283
37
3
888
47
0
21
0
12
9
5
7
212
994
13
0
1878
0
0
35
307
0
47
0
0
0
110
2
16
0
1
4
115
1
0
5
0
3
0
0
0
2616
4
3
48
54
0
0
2
3
913
19
0
0
86
1
0
0
0
1
0
4
821
8
0
7
438
1164
379
0
0
1
461
0
1
0
0
0
74
41
304
5755
0
0
0
5
0
0
0
0
5
13832
0
0
42
1618
63
118
7111
0
1
0
28
11
0
0
7
1610
0
3
0
0
10
63
673
11
1205
67
279
319
0
16
88
8
1
181
120
0
82
0
0
29
0
0
9
0
0
0
0
1
1
10
772
15
1
63
1
0
11
227
481
0
0
0
4
331
13
0
0
1
0
0
1019
0
1
0
1
0
19
77
29
3
0
1380
0
31
40
0
1
1084
969
2761
1039
0
0
0
0
0
228
4038
45
1
3
892
1
293
0
1
96
12
0
6001
8
608
121
0
12244
1
0
50
35
0
0
1
0
0
10
5
4212
591
383
49
0
0
0
4534
5
1
2
73
0
13
3
0
0
0
23
0
46
15
0
0
0
2
126
0
0
22
0
2
0
63
2
6
21165
0
2
1
1078
164
0
2
0
0
0
0
1
1
43
1
59
41
0
5
36
0
14
0
0
65
0
0
6
0
2
0
0
0
0
1722
5
9
0
1091
1
1987
1060
0
0
1
4
36
2182
0
1007
0
34
0
42
2561
1627
0
0
1
3
0
0
0
1
24123
0
0
0
32
7
0
49
0
14
9
6
1730
33
59
2
8
0
1
2
0
0
0
0
0
0
0
147
0
0
839
0
0
0
0
76
0
5
0
0
20
2
1
4
2
1045
3
0
0
0
3542
13899
670
1
82
131
1
0
22
0
2
2
414
753
1
0
2
0
0
0
2707
9
13
3
14658
5
0
409
2470
0
0
8
0
0
0
0
6
0
0
0
0
834
50
0
0
0
20
1
156
0
644
0
4668
0
6
0
0
1
0
2
448
5107
13
1
49
81
77
296
20
2
0
0
0
0
0
0
44
27
8
0
2
7
2
0
71
82
0
1
516
10
0
13
4928
0
0
2
0
0
1
0
5
6
86
0
0
26
21
3
0
62
0
0
1
85
19
867
444
105
2
1
0
0
49
0
1
511
16
0
34
1
1
1632
1
0
1631
0
0
3
0
0
2
0
1
44
0
9
363
5
4602
38
1
17
94
0
8
6
0
0
241
2
0
2
12
0
17
0
0
1
9
1663
0
12
0
0
0
0
0
0
4
522
33
2035
0
3
85
0
3
1
0
65
1
3
0
0
0
0
218
4
2438
0
1
0
4
0
39
9
0
59
0
1
0
0
0
0
0
1
223
1
13
2517
0
406
26
0
43
936
0
0
0
0
2
1
899
2
0
168
0
0
0
0
0
0
0
37
3
0
0
0
2076
146
5
2
0
3
0
0
0
33
0
394
569
0
4
11
0
0
0
0
0
1
0
0
434
0
290
0
0
0
0
1
12
102
0
30088
0
0
1
60
0
1
207
46
0
0
0
1
1
4
0
0
3
72
0
0
0
0
0
0
202
819
0
6
0
355
21
0
1
1194
13
0
701
2
0
95
8
390
0
0
0
0
0
0
8
0
0
1
0
519
2
0
0
0
0
18
5451
0
0
6
175
695
16
0
0
0
0
18
5
224
0
4
0
3849
6
0
0
0
1
9
0
0
0
0
0
224
1
0
8624
0
4
474
544
1
0
0
0
1
1
6
49
2
0
0
0
0
10
0
15873
0
0
3147
1203
4311
9
13
2
0
1
1
0
50
99
4
0
266
299
845
0
0
0
1
4
2
1
0
0
3
5
2
0
2
1
697
42
0
4
0
0
37
381
14
182
51
1
67
3
0
0
706
1
0
0
26
5
0
4016
4
0
0
365
0
49
0
0
21
30
57
2
0
1
0
0
0
0
0
0
0
263
1
3
0
1
1
0
330
0
0
20
1861
0
116
19
2
0
0
1
1
0
1
2
0
1612
3421
75
1035
75
75
839
1612
1612
7487
954
21637
274
12971
147
6
169
38952
21293
1612
185
75
302
1612
180
839
27656
848
1035
466
11
1035
1612
5285
3691
11087
7283
6317
314
17792
11933
433
320
185
994
274
960
320
87
4238
38756
6923
10933
0
329
192
48
2622
28
169
169
117
440
1328
11
2
4820
2949
0
0
57
11
11
65
69
3881
2318
4
704
5
13538
2
59
12198
0
0
517
11
295
57
24
1017
230
15
1050
1371
11
176
31
21608
34
121
6
2
186
18103
940
2233
50
2540
2
171
7580
59
24
208
38362
91
148
0
1603
0
26691
64
210
19
617
305
0
0
20
0
111
111
0
0
0
334
866
5
5519
682
30
0
1
0
1
9
0
111
3300
0
0
0
465
0
0
39
354
0
128
0
0
8435
1086
9405
13
12289
50
54
1
1344
8
0
4
0
33
5
379
58
0
6871
8
1405
0
11155
10
351
508
110
0
21051
0
33
67
13520
31
31
1
26
26
10
4
406
1
11
5
14
8
0
0
167
116
656
0
26
140
1
1
30
1
0
34
637
693
157
18
10
44
14
0
28
201
0
78
347
3793
3467
256
173
448
1
11
55
76
5101
148
1752
247
2477
18977
111
0
134
71
0
0
0
0
18
0
0
90
1392
196
257
9833
5
2
0
15
1
27
2063
16
29
648
139
3
1057
65
90
1
32
173
173
0
36
2
40
4837
0
47
745
0
32
2
409
2245
678
2302
0
311
2
7861
0
20
2
9
495
7
0
0
6227
0
1
33
413
11245
400
38
52
1
5
28
4
34
2
0
1845
0
18220
184
6
2296
0
4
13642
686
0
0
0
0
0
0
34
1827
1404
21
54
13
35
1
0
57
440
1
0
5267
26
1250
1
4480
122
2
9
9516
201
1
150
1
40
1523
0
13929
1198
3
0
518
84
324
1417
2
513
967
62
167
0
488
209
0
0
12
1
2064
79
25
0
16
1
338
28
0
0
280
1
0
0
0
0
682
16
0
0
0
957
0
0
116
4
0
0
0
323
0
0
30
165
37
0
4745
87
30
11609
3
983
0
0
0
17
2
0
9540
560
39
0
0
1
0
0
45
0
2
0
0
0
29
122
0
2
0
6
3
3
0
0
2401
1784
1
256
78
274
0
0
1
0
1
0
22
11
1
0
16
63
1
690
184
184
234
418
0
25
0
63
100
1000
385
0
11516
0
1
22
1
69
33
1626
34
0
0
7
0
425
0
0
0
0
0
1764
0
1
31
2
1
0
0
14
39
0
59
0
36
0
3
9
79
0
0
0
3
2572
7
0
5
207
35
9
0
1
277
0
43
3
155
2
0
82
209
911
1
0
2
0
4
0
15
0
38
0
6658
1078
1
0
0
0
0
168
639
0
0
69
0
0
2
21
0
7
2283
10
2977
399
0
0
41
29
3
39
0
1
0
0
0
4
2644
599
0
13
995
0
0
29
4
19
0
959
1
0
670
118
0
4
8
227
0
0
52
5142
87
7
0
54
2
19
53
13
572
0
0
8
0
1666
0
0
0
19
119
0
322
0
0
103
283
2
13
1
2
0
0
14
5195
2
0
0
2
0
7
616
117
18
641
91
940
0
1
51
0
0
231
13
0
18
0
0
1
0
1
330
15
616
2283
0
2
22
0
42
724
70
162
20102
0
3
0
0
4
23422
2
0
19
2
22
0
0
0
0
3836
2
681
2
14230
0
620
39
14
457
209
0
0
868
13
128
2
16
156
78
0
0
0
2
1
27
0
0
3
0
0
2325
50
0
30
4
0
5281
0
74
219
6
0
0
14
1
6261
2345
835
118
0
0
1
73
8613
0
7
1008
0
25
1
0
0
2
30
0
2087
2
41
0
0
5
0
0
0
0
34
3
0
0
1
759
5
79
94
0
0
0
296
12
969
6
1
0
6
0
289
168
126
0
0
0
0
31
0
4
4
0
0
7
111
5
565
4724
0
0
0
0
194
23
60
3
0
0
101
53
1
23
0
64
1854
359
11
0
1004
0
0
95
0
3220
2
0
4
34885
0
393
0
1
77
3
47
1
0
3
1408
1
1259
600
1325
9
10
2657
17
273
199
113
11
83
0
0
189
0
0
0
206
24
6
8
0
23
0
0
2
1
0
1
1
0
0
0
1
0
0
0
0
49
5
1314
39
0
0
14
0
86
2
2
0
0
0
0
0
0
37
41
25
289
596
138
879
2
1
2745
0
2
9
0
3
110
16
0
0
160
0
53
3
1
0
12
1
201
3
42
0
0
0
0
0
7
1665
0
3
67
0
8
0
0
348
0
41
16
0
319
168
684
2574
21
3249
8194
0
38
18
976
31
35
6
0
110
58
2
0
0
2732
9
1088
0
1360
2
0
0
369
7
0
2
0
239
0
0
1504
5
0
267
0
57
1
1
0
0
0
0
0
0
0
185
0
58
3
0
0
1
1
18
16
8
13
0
183
0
9
19
0
55
3
7
1
0
2
0
5591
0
1
0
0
2
15
2
1
0
4
0
0
5
86
296
13
0
1042
2303
297
4601
11
0
0
24
0
9252
0
3
0
0
0
2
0
8
0
1
35
3
70
1
0
161
27
21
1
1
39
4
24
0
0
216
604
6
0
23
593
0
0
58
0
0
901
0
23
0
0
0
1
279
38
0
0
8
0
19
95
109
29
3
9
0
0
15
0
0
64
4
0
44
4520
0
664
0
2
2
0
0
0
4120
0
12274
0
340
0
3
0
0
3
0
0
0
11
0
9325
3
8
3
0
30
478
147
1
2
0
0
61
47
0
0
0
0
3
6
1
47
4
3
0
1
5
0
11
42
0
0
0
4798
21
0
127
7180
0
3
52
0
0
0
65
0
0
0
9
0
38
0
0
0
0
0
17
567
617
0
11
4
35
0
364
889
1352
0
4
0
14
11
1
0
0
1
241
28
1
1
7
0
0
5926
0
0
4
756
1358
42
1
1
147
780
1
348
0
0
11
14
54
6
0
0
33
0
0
33
0
0
0
0
0
6074
2
0
0
551
20
0
0
20
2
2
141
0
2
113
25
1517
70
0
0
0
9216
0
0
0
66
0
0
0
0
39
1978
2
0
11
110
0
9
173
64
1
6268
0
5
2
267
5
33
37
1495
0
21
0
1641
19
791
0
754
2365
53
0
8
0
0
1
0
0
1
0
1
21
54
328
1
8
1
2
9
0
1
0
352
0
0
0
0
39
5
0
0
448
0
4
87
0
1
16
0
23829
198
2
0
2
1
0
103
178
0
167
30
9245
6019
26079
96
1
1
1
0
1
62
9
1988
24
7
0
0
0
0
13
0
1
0
2
0
0
0
0
0
29
1
7
1
0
0
3808
8
1140
0
837
67
1
0
0
0
0
171
247
0
0
0
0
1
81
0
335
0
1
0
814
0
4012
29
5
124
37
0
127
2
0
11
0
0
0
24
158
4
3320
14775
0
0
0
0
2
0
62
263
134
1
0
34
23
0
1
1
621
0
2
25
7
1
473
2
4
20
0
135
3
0
3314
14
1
362
0
0
74
0
358
0
4
1
9
16
1
1
0
0
1219
4
0
6
4
65
3
5
634
0
0
99
0
19673
18
3
0
0
19
0
179
0
0
0
3459
8
1
1
6
1
284
688
1
24
0
27
2
59
2
0
5
0
0
160
25
0
855
0
0
0
0
0
539
86
7
520
123
0
27
133
0
177
2
25
3
62
0
0
324
2
110
0
279
0
0
0
44
142
10080
6390
0
0
0
4
0
2
0
15
5
0
2
0
0
0
0
0
4045
0
3
14
2
82
0
0
0
0
0
547
0
0
2465
0
0
0
0
24
0
0
0
0
0
4
254
0
13
314
10
270
237
96
8
70
3
3235
0
65
0
0
0
246
5
16
390
7
0
0
0
7
36
26
0
0
0
2262
0
0
0
0
653
1
1
0
4
0
3
58
121
0
3308
31
0
0
0
0
108
0
4
0
54
0
0
5463
7
0
5
4
0
1
0
1261
0
3509
24
120
9
31
0
0
4
25
7
0
13
1
0
1
0
0
3
3
0
0
10
0
0
11
1227
128
6
0
0
0
0
1569
1
0
50
0
1
452
45
3
1
62
0
0
1
0
556
3
7
1
0
0
0
3
13
0
0
115
68
3
47
18
0
0
87
0
0
1
2957
2
1
210
0
0
73
1
0
14
2
0
0
7
0
0
13
0
0
0
4482
9
0
0
32
1
2
2
85
0
93
0
1844
22
1
378
1524
2
15
0
1
12
1171
11
31
3
0
0
0
957
0
0
42
0
0
0
0
0
4
121
264
81
0
3
1843
107
35
0
35
7
17
183
0
2
0
345
0
0
0
0
14
0
0
0
0
1281
130
3
0
0
47
1
195
4
1072
59
6
41
2
2
0
21
1
0
0
0
2
20
0
0
54
0
2
0
3920
877
107
3
0
407
476
0
6
34
0
0
22
0
99
0
0
11
201
606
0
0
1207
0
845
0
0
0
1
0
0
0
0
0
0
1
896
28
0
263
174
221
1
14
38
63
2
14
6
427
96
726
2
4
949
149
2225
1
0
1
0
1
0
0
7
0
1
0
0
7
3142
5
0
326
2
560
41
5
29
55
0
0
1151
298
22
296
392
1
10
2570
2
0
7
0
0
1
15
1
0
0
17
0
0
0
242
0
0
0
530
2
0
0
2
98
13
2
0
0
1
852
2184
366
3
0
0
1
0
134
0
115
0
0
4
1
18
7
0
56
7
40
0
0
0
1
9
0
7
0
0
0
1
858
14
90
8
0
0
0
266
28
12513
117
226
912
2270
75
75
75
1612
355
16964
12859
408
20283
160
38
440
12859
766
3274
4220
5090
12930
0
1614
440
36365
18708
320
38
9609
17129
169
3274
314
3274
11315
47358
2095
15491
638
87
38
38
404
12982
34
187
147
30683
355
18684
4298
12859
13288
19516
39184
2226
69
12814
5104
10719
67
36489
0
1359
18727
34
530
18231
0
0
11
20
13
6398
57
6
334
33
595
8938
358
181
101
8303
28
1809
12
595
102
4
343
43
21
3
17840
1030
85
6490
25
3
48
3
8702
1103
4
2111
948
12124
133
5178
757
979
8946
21
17
3915
1260
10
0
7
5245
3421
6
6965
4551
286
9
208
0
12365
659
111
111
111
0
6177
395
57
33
0
4397
17
1
12
438
0
10972
45
2
882
22130
1
141
576
1
213
560
540
326
57
28
33
2
0
12
52
2
16
168
341
199
0
0
3
2
185
0
504
77
156
1184
157
1
2
18
0
190
6
2071
610
3
30068
205
150
10
845
31
31
0
2968
20
1
135
502
2011
5
8
1
24
69
1117
7
11
15
2
8
0
49
589
1848
1968
0
0
0
0
12
0
301
1
0
1
0
3
14
6
168
12997
26
6250
8
14
1
24
0
0
0
9
551
4565
37
0
166
20991
29
1
37
7337
7
0
1
0
0
0
0
0
7
15
2
19
23
1
4
1
0
0
15
31
0
616
433
1
8
2
3
788
39
5
12
572
789
0
454
0
7
1123
9
707
0
7
147
8357
19
7
0
6
1218
8
5
500
840
285
151
14
5
1030
0
0
195
2
752
4
0
1
21
0
0
38
5
5597
0
8
188
0
11
0
0
1
2
1
74
74
680
0
32
2
5
31
64
3
369
346
982
82
0
132
8
105
0
0
28
3
5039
9
0
0
21
154
56
17
3
101
12
0
5
98
2
299
979
53
0
0
5212
3
89
313
0
115
0
0
0
98
4
3112
0
5410
0
38
0
2
39
1
141
133
53
0
707
34
25
0
3
36
4
8
355
76
30127
0
0
1010
2
1
1
33
2
0
11960
65
0
455
0
0
2
0
0
0
8
0
0
76
135
493
4
1
1
0
11
3
0
463
73
11
1
5
53
40
145
8
33
0
1
42
154
3676
0
0
0
0
5
3602
2
425
75
83
0
414
75
3484
28
0
55
0
31
285
9
15
7
1
1
8
8
76
140
0
3
4
30
1938
2612
2
0
222
671
85
0
5
16690
4
82
0
119
0
4
0
29
0
160
1502
1637
1
2
4
1826
0
0
320
1
23
0
0
8632
23
1
0
0
143
0
8
1226
38
55
6
1
5
26
2
4321
2
0
0
24
0
9
5
6
6
196
0
2
1202
20
6
12
3
82
0
8
2
7
2
0
521
2480
4
41
11
240
101
0
2
49
2
1
286
2
15002
2
16
0
2678
0
3
0
0
82
2
0
0
26
33
3016
1
0
0
1725
3378
781
14075
2969
23
22
6
2
4
63
276
12
0
1
2
433
99
17
0
2
1525
9
0
7
2
0
76
0
4596
0
196
2406
169
416
11
0
3606
7
27
0
0
1
0
123
0
0
6
19
38
15
1
0
5
9
6
0
664
5789
18
386
3
0
147
299
590
1
5
3
2
0
5438
4
0
5808
2
0
346
106
1563
0
0
108
645
12
472
2
1
1860
11
0
0
0
0
6
61
2
1
200
7
3973
109
547
0
0
0
0
456
120
3
0
5
402
0
3
0
0
1
0
2
1
0
156
921
46
3
88
1
75
1
154
5
7
0
4
73
1068
1
0
0
0
3
28
9
32
0
0
0
3
137
0
399
0
30
350
168
0
32
22
1413
9
28
195
3
0
21
1
2025
0
0
0
0
1
4493
32
0
1
10
29
0
409
13
0
4
84
44
1
26
2
0
63
1
234
10
1119
2686
0
51
0
217
1
5
0
24
0
989
0
4
0
0
3
0
0
1608
0
35
79
0
1
2
2
19
0
0
32
0
276
4
0
4
0
0
2
74
117
2
12
4
3
369
200
0
1
8378
1
70
1
0
805
4
0
9
0
16
1
8
0
33
0
159
23
0
496
7
2
14
14
0
2
0
62
1
0
13
2
1
0
1
0
90
0
0
10
2
163
34
0
26
0
4
18
8
0
0
0
0
295
0
0
282
0
4
0
0
0
1
44
48
18
5
1
0
9
0
0
13
2
2
25
0
12
1
523
13
0
0
3
0
0
47
0
284
26
35
3
27
798
0
14
1630
0
13
0
0
4
35
0
2
5
778
0
0
34
7
2096
3
1
0
5
0
0
0
0
7
580
3
39
60
0
0
7
0
7689
1
33
0
0
43
0
14951
0
73
2
9
6
116
7
0
0
41
0
2
65
0
1300
19
0
1
1
67
0
24
0
9
89
3
987
0
5
0
28
1
11
212
5
0
1
35
333
0
51
0
7
1
0
0
0
5710
322
2
0
38
5
0
10
1
10
2134
2
1
0
10
0
91
2
0
0
15
0
2
4927
47
0
0
0
234
2
6
0
56
2
4
0
64
0
0
69
0
0
1
1
798
5
0
5
0
0
0
137
0
4814
3
9020
0
0
12
33
4
63
0
0
142
0
1
0
1
43
102
8
0
0
0
1
1
1032
28
0
1871
0
2
0
0
143
29
31
42
0
0
3
22
0
3846
8
3
0
24
0
13
0
1
1
0
0
3
86
6158
0
11
4
25
81
1
26
3
8
3
49
9
26
212
0
0
0
0
0
0
1
3
184
1
0
221
0
8
1
23
1127
14192
0
12728
12
0
112
16
213
2181
0
436
0
10
0
1
0
19
6
0
1
0
1
7
1
0
0
4
647
0
0
327
23
6
0
5
0
10123
0
104
0
0
0
180
0
0
8
1
0
0
7
1
399
5
0
399
4
0
1
204
46
2
0
0
0
1156
38
9
8463
0
0
1
3413
0
0
268
3
0
211
0
26
0
42
37
128
139
3
1
34
134
0
0
0
27
2
2
0
0
58
980
122
1299
2
0
0
47
11
252
8188
2
1
0
6
0
0
0
0
0
895
13
1426
0
0
34
1
85
34
59
0
2
4
0
67
0
1
15633
20
2
0
0
507
0
0
124
1
4
12
1
0
1
9
4
0
1
1
13
7
3
0
19
0
13
0
0
23
0
0
0
1
4
0
2
0
8
0
0
3
269
16
932
2351
7
106
1
0
51
0
3
117
0
7
0
77
1
36
2
0
15
3946
10
8
7
0
12
114
11
1
16531
0
12
4
3
0
0
6
8
325
6
0
0
0
0
90
0
323
15437
1034
0
0
0
0
0
0
1644
2
0
656
2806
0
0
1
2
1
0
3134
21
1
1
6
9307
1
4
0
1
3
0
0
3
23
0
3
1276
0
2
18
48
31
82
1
0
0
150
5
8
9
0
65
3
82
3
6
0
45
2
0
382
1
1
2
3
59
9934
4018
565
0
5
0
5
1
537
3148
0
0
0
0
0
4
994
8
1
0
0
0
1
0
0
1
1
1
66
1
15
0
0
866
0
1
8
41
0
39
4
5
3
1
1
1
1
16
2
0
0
0
0
5
5
4
3
97
0
0
21
1
5
1
271
1921
2
12
1387
0
0
2202
0
11
787
3
5
0
1
0
0
0
94
0
1
11
13
2
24
1970
0
15
1
42
51
16
0
0
8
1
4137
24
0
526
18
1
0
8
0
3
2
3
0
1
0
0
1
4
0
1
0
7
1561
117
12
7
29
17
0
1
2
0
5
564
304
0
1
80
1037
0
392
8
21
14
154
1
4
1
0
9
0
4
2
57
3
1
3525
3
0
204
472
0
1003
0
0
0
10
158
0
0
0
6
11
166
0
19
0
0
34
1
4
37
0
4
19
6
0
60
2
8
0
662
0
0
0
533
114
11
1
1
0
5
55
14
0
1
0
0
0
9
4
3
1
0
34
0
0
4
136
2
0
13
0
33
4720
206
9
1
0
146
3
11
0
894
44
1
5
19
2
11
0
1
5
0
0
0
321
2
1
11
22
0
3
21
0
12
69
0
0
1
0
0
61
1
59
4
5834
0
2
2
0
19
122
2
13
0
9
0
2
1274
1
3
1
67
0
15
0
1
0
0
1
8
383
344
269
29618
0
24
0
2
16
0
5
10
2
2
0
3
107
6
0
0
10
127
35
17
54
1
0
1
0
5
0
69
0
1279
13941
0
0
0
6180
0
0
1
1
3
0
5
0
3
3
3
265
1
3
4110
1
588
0
57
0
0
0
0
0
0
0
0
0
224
4
1
0
0
39
2
0
3
0
0
1
0
96
0
0
36
0
111
22
10
0
8
302
0
0
4
0
6
0
0
26
144
0
4
279
0
2
10
2
0
48
0
1
89
1
0
158
0
0
35
0
0
0
25
0
95
14
0
0
1
0
0
0
3
47
2482
0
0
170
0
0
12
0
0
12
0
15
0
7
0
1059
3
3
0
24
0
0
1
2
60
2
144
0
12362
11
15
0
0
883
106
429
0
0
0
2
0
29
0
51
8
10
0
8
1
2
297
320
1
0
3
24
22
0
0
0
18
0
5
348
0
6926
0
0
1
24
0
0
1
211
0
0
0
49
0
2
0
669
13
0
14
181
0
1
0
379
0
0
0
599
1
520
3
4
0
0
2370
5
0
0
0
0
0
0
267
29
18
0
1
2
0
0
2
0
2
1
227
0
366
7
67
4
18
0
0
0
0
1
0
20
1
0
50
0
67
4
0
3740
638
26
24
0
24
0
0
0
4
89
324
2549
146
48
0
21
0
281
5104
11658
46204
8253
1060
3775
1621
11845
17129
11569
13916
4191
20622
13358
10761
1887
1887
4200
603
19911
21912
440
6
10895
12532
603
4191
147
160
4220
1420
18437
320
12859
12215
4191
87
4286
6
160
4379
62
5082
9406
6904
4955
26960
509
20885
314
36473
274
2045
274
262
38
3274
638
9005
811
1612
5104
2357
22601
720
1208
3
815
51
92
5
4
0
237
653
12216
0
5
0
40
40
278
107
0
24
595
25
0
10923
190
92
9677
679
199
9465
4
8025
8335
80
3134
519
186
143
1671
6934
79
70
1238
41
512
3
1846
451
1547
308
2
2839
1
72
119
239
3503
900
110
129
1669
107
0
0
34
67
7
1894
1215
19
12
30
42
8
1
15
54
267
2076
8
1024
16
23
37
1
1
81
368
4341
97
14
0
1
7966
0
624
36
2458
2
1535
1442
4
30
21196
65
58
9401
0
65
1618
9
35
2540
5
7091
0
958
256
325
388
8
6
10
162
117
26
16649
0
154
68
2564
1
0
25895
306
29
127
7
0
29
0
6
8
8
44
0
108
283
8
13
4
23
0
1820
57
24
0
3440
2977
251
3600
1
0
13
61
599
409
799
591
15
1
6
15
1
2220
92
1
8
31
1475
246
1
0
1
395
46
9
22
0
0
7257
217
30
0
138
9
13
213
83
6
105
18
14889
11
0
41
1
145
1
129
0
4
17773
23
33
5
346
43
77
217
0
2
6052
4
0
2
220
0
20
0
6
2
1
572
594
4
2
79
16
1128
187
0
1
4
667
5
1
19
20
0
2
2
524
220
9
9
121
4
2
0
25
111
0
6
2
25
659
92
1
3
794
0
54
272
3
152
1
309
111
40
0
4
5
0
0
0
37
932
7
4559
0
648
5
9
2
1
7
2335
17474
204
10
4
193
74
1
11
2126
0
5533
91
26
33
14
70
85
0
293
153
0
13
98
5483
240
0
3
0
4
12
3191
544
2
0
0
3
17
1263
0
15
1
2
272
0
26
1
7
13
9
120
1028
235
1
2
2
2
0
81
53
0
121
0
0
2
506
2
286
0
27
0
1
1
5
0
2
237
8
1281
0
9
0
11795
2481
0
1
0
997
2
0
156
3
0
2
3393
0
2
2
18
0
2
1
4
60
3
24
143
4
370
195
0
3
2
126
131
3939
2
0
1
1
0
49
0
3
160
4
0
5
12
0
6
12
6
6
3
842
19
13
1987
7267
0
0
2
0
27
98
1
4
83
1
88
5
6
70
189
0
517
2
0
3081
0
26
0
10
9
0
13
17
7
1
0
10
0
3
20
1
0
5
5
0
12
1
5
659
0
6
53
219
0
562
1440
1
2074
53
3708
59
27
0
19
61
0
0
72
0
45
368
1
1
4083
1
22
0
2
0
106
0
0
3
5
21
159
87
85
80
4
50
0
0
57
5
28
227
2
1
1
0
0
2
263
6
2
0
327
2
0
0
0
811
0
0
19
5138
4
0
0
0
23
2
0
58
4
108
1
0
6
881
5
21
1
349
27
0
17
68
0
11
283
0
43
0
660
14
26
19
688
1
314
1
151
45
0
377
973
8
0
0
0
0
18
0
18
28
341
0
64
0
758
30
9351
32
0
2032
0
124
1
0
382
44
274
0
1
33
3
12
107
108
975
0
2
33
4
0
68
1
0
1235
1
29108
11956
0
68
373
0
0
10
25772
34
12
0
6
0
1
2
0
0
2
145
3
296
0
3
0
127
0
0
2
0
1
12
41
5887
3
1
66
524
0
32
16
12539
15
10
6
0
9314
0
566
128
0
0
0
0
0
9
0
0
1209
210
5
0
82
1
23
129
87
2
31146
29
0
0
25
19
3
0
0
0
2
0
0
0
0
0
1
0
7
1
0
1
17
0
1357
0
5
0
42
3642
0
0
13
1917
1
0
272
596
3
2
12509
19
0
0
0
0
5882
86
1375
43
0
30
12
3486
1
7427
163
913
73
20
1
0
0
1
3
4
0
2969
14
2
4
0
256
0
205
359
0
10363
0
0
1189
4
13
1
93
10400
1
2390
0
0
72
5
26
3
2
1
20
0
437
7
81
0
0
60
751
0
2
90
734
298
221
0
0
0
1
9
176
0
35
76
114
2538
908
1150
57
0
2
0
0
1
43
0
0
6
57
225
1
118
1117
17
62
72
26
0
52
33
1
11
9
98
49
2
11
25
0
17
1
1
984
0
271
1
0
10
6
0
5
1
1
0
56
238
2921
2
0
7342
0
0
7
20
69
0
1188
9
8
0
0
77
16974
0
9
2
240
1
0
0
422
2848
1
1
12
0
3
834
2
15
35
231
13
7
163
0
1
1
7
6
11
46
1
10
2776
2
7
51
0
9
1
2
957
80
1
316
0
166
0
0
0
6
0
3089
28
64
3
305
55
2117
13
0
2
0
1
2537
6041
504
1094
8544
0
980
32754
8
0
1
0
0
27
8209
11
1
0
6
1218
2034
0
13
956
224
0
4
27
2
1
0
179
4
11
265
15
0
6
2
8
112
0
706
0
47
2
0
0
39
5
542
280
28
0
2
1
1
6
1284
7
13
0
0
1
8
3
0
0
138
0
0
391
1
4
0
0
0
249
3006
3
0
82
0
0
0
0
2
0
1
6
29625
162
0
1
1
20
19
5
0
0
105
0
1
43
10
2
46
0
3
4
0
0
2
0
0
1
0
6
89
111
1
0
147
0
269
24
7
8
1492
2
607
5502
0
2
0
7
16
133
0
2
0
17
333
0
0
3
1
1683
6
2
0
0
0
121
60
1
1
0
231
148
0
1
17
1
828
386
0
91
0
305
1
627
0
0
0
0
4
4
0
1
0
0
2
5
0
113
10318
54
1794
0
1
11
164
3618
53
0
5
1
3
58
1
27
1239
57
1
94
1
96
2
0
24
30
16
50
19
2
0
1
0
1
0
0
0
0
721
0
0
1
122
0
0
11
58
0
0
394
46
0
75
0
0
1316
3
0
1
3
25
7499
0
2
0
0
0
0
0
21
0
0
349
0
2460
9
0
35
1128
7
4318
5
126
24
1224
1
131
0
0
0
0
0
41
2271
0
0
0
31
410
3
817
1
2555
2
95
5
3
0
2
10
0
56
7
0
67
0
5
0
373
148
309
0
238
41
485
114
0
1
18
966
1
0
486
5
0
0
0
112
67
0
0
75
1
364
4
0
0
101
0
6
0
1052
0
1
129
94
232
8381
2
0
0
0
0
10
0
150
6
1
1
1
5
1
64
2
3
0
21
20
2
104
0
0
6
0
0
0
0
0
9
0
3090
4
6773
0
1038
9465
222
0
3
0
0
7
9
1
1171
3
0
2
0
0
24
0
0
154
54
6322
0
6003
0
81
22
167
0
818
664
71
0
1
0
332
0
97
0
17
1
14
715
129
1268
0
1
2
2
0
5
9731
9
1
5
5
3
0
40
2787
1
1
9
190
0
0
0
33
0
0
0
6
5
937
5463
35
56
12
10
0
3
172
3
0
0
1
2
70
10
13
0
3
17
0
0
5
0
2
25
15
242
12
1
23
2400
30
3
0
4
280
194
0
1
2
2
1
11
0
5
18
0
1
0
0
4
11
1
23
1
13616
0
1
1
960
5994
44
0
5
1093
8
0
2
672
21
12
0
1
74
0
45
2
0
13263
0
49
4
3
35
2
2
388
0
12
0
0
0
1252
114
244
0
2
6
3
55
1
0
0
12015
1
0
2
1436
26
6
0
9
1
3
73
2
0
624
1429
7
1
0
19
339
826
0
25
0
10
342
4
0
5
1
745
22
77
0
0
1798
2
6
696
0
1
2225
0
0
6
42
0
95
0
0
0
101
0
183
9
2
23
0
0
0
44
359
0
7
0
0
15
46
0
0
334
64
9
1
1
0
3
74
0
0
0
16
1
0
135
0
0
1
2402
871
0
3
1
6
22
4
9
1
0
88
7
3228
3
20
179
0
0
10
0
0
0
170
15
13
4
0
467
11
12
0
0
0
202
0
6936
0
1
1
4
1
781
5
2
1
0
0
19
190
555
0
0
0
17
8
3
0
2140
0
0
10
0
12008
0
6490
2
0
1
3
3
389
5
643
7
65
1
383
5
1
29
0
2
6
0
11
11
0
1068
2
2
6
0
15
0
1322
3
9
1
0
278
47
1
120
533
1
131
0
6
0
159
0
51
228
16
0
0
7
40
22
1528
0
15
0
1
66
0
42
356
1
0
1
0
69
4
1
216
0
0
0
0
50
2
1
1
0
0
0
0
0
100
0
294
7
38
1
411
0
34
2690
110
0
0
1
2
19
0
0
1287
800
0
15
5
7
0
0
2
1
0
0
33
465
0
2858
4
356
1
382
29
77
12
0
3
1
2
3
349
0
0
0
34
0
0
0
0
0
34
0
0
0
0
29
601
2
0
149
0
0
0
2
2563
3
40
2
84
201
0
3
4
62
411
0
1615
188
37
5
70
4
7
924
549
0
62
0
0
299
0
8
13
8
0
0
8
4
3
8
11
1
0
2
3
4
0
6
0
16
6
0
0
0
7640
3675
187
8
0
20
289
1
1
225
0
205
149
0
7
3
38
0
0
992
19
34
172
0
6
3720
0
0
39
0
0
0
0
0
4
214
0
0
0
10
17
7
0
0
0
0
3
183
5
555
0
64
0
15
200
923
1
0
218
5
3
46
0
0
277
329
0
1
201
442
0
7
730
0
7
46
879
31
0
1
4
0
2
1
1
7
708
2
0
2
0
0
45
4
0
1
4
3
0
3
53
0
0
20
0
2073
4
0
0
1
2
0
0
121
408
2493
33
390
3533
12356
20283
11108
10089
1060
2459
38
1709
2357
291
6944
5104
28704
6805
26958
9790
12590
160
1455
595
1887
12930
274
8068
32867
15757
12930
374
169
42835
5082
320
7927
4238
7917
7786
9252
2691
6
29677
27614
1621
603
5659
12859
33367
44888
314
40749
0
15
1201
1548
3274
2994
811
11999
2720
147
44
1035
2
1940
3790
74
79
935
761
456
44
20778
173
24
4451
2
326
1
0
297
159
13
0
2275
1
40
394
1
10
316
17
53
644
1774
1
44
41
13438
11192
152
1
886
0
5847
0
0
5
8
53
1336
2
0
612
11201
91
81
3
2
27
18
110
7
130
61
39
1031
13
461
17
258
82
1
6
382
466
1
1752
8
2733
670
41
37
3
9
431
0
42
416
25224
0
11
6
203
565
10
1
1193
0
5
1
16
1
9787
56
587
59
652
3967
0
859
19
4870
0
2
11
26618
2
124
6871
15
72
18
542
0
792
529
76
58
313
104
1
1
0
0
0
3
19
0
1188
1
205
2
390
0
303
14
315
249
18
23
387
170
52
0
6
0
2966
1
0
0
18
18
48
1
0
288
3
159
9
0
9
45
93
4
5
199
198
11
55
30
14962
5703
3213
0
0
1937
5
2
0
0
318
5
56
1
9085
1
81
12
0
0
21
0
443
50
2
0
0
5
4805
19
0
5
0
173
111
2
34
30
10
10475
1
0
75
0
4
242
1
22
1282
0
45
94
6
991
17
886
13
27
1701
5
10
355
0
0
666
7151
2
0
1314
38
0
841
13759
11462
214
66
0
1
552
225
197
116
3903
0
1009
0
13
0
23
160
757
535
3
0
5836
6
8
0
4
0
2224
16
0
3704
20
0
0
8
0
0
18
0
0
17
6
0
8016
21
0
9
0
0
5
11
0
4587
0
333
2
5
2
6103
10
0
10
52
0
13
5
78
0
77
2
3
4
13
0
35
1
0
238
2035
0
57
5
0
1
11074
387
1650
0
169
359
6166
252
2
276
0
134
25
24
32
2073
1
36
13
10604
1
144
702
25
96
1
2
482
17
3573
26
2
203
41
12823
17075
8
0
0
0
3
794
0
59
88
3
3059
4768
2
1
0
2
20
57
9
41
7
103
0
33
665
1
40
1
6986
0
12
2045
3
1
1
0
9
236
53
3
11
45
1
573
0
0
2
2715
13352
6
635
4
32
0
2955
142
5
0
0
676
0
6444
257
8015
0
17
93
237
2078
3
460
607
63
43
0
24
0
53
0
125
15
6
0
24
360
2
24
6
358
0
2747
6360
20
2
3
1
0
0
10
11
111
0
6
2
126
0
0
3
4
19
55
0
21
49
1
0
0
10
0
0
0
148
0
7
9
96
2
0
345
0
12
0
1
2
7
1
86
1223
20
13
1673
2
29
54
158
0
16
0
21
9
0
2
127
2
1
4502
4
23
0
1
28
0
10
113
1
203
7
3
0
0
99
3
0
278
12
9
2
1
4
45
0
1336
0
0
5
0
0
0
0
50
0
2
380
15
330
1
1
7
0
1671
148
3946
0
9
3
2
66
1
0
0
1
0
0
424
36
0
0
559
196
2
1
53
7928
0
0
1
0
1
0
27
6816
0
2
53
384
0
0
378
2
0
0
1
0
1
9015
47
0
1023
58
2
0
0
129
0
109
0
0
42
13
0
2122
7
3
1
178
1472
3299
3347
0
0
0
8
532
103
52
20
1
418
0
29
1
2
0
35
26
0
1366
2
0
1
3
1
4507
0
68
164
10336
2
0
31
1
2
0
3
0
47
3
49
0
43
0
0
2197
0
0
2
0
1
0
3253
5
0
0
0
233
853
2905
0
0
5
13
904
0
2
0
237
0
1
0
2
390
3
0
0
1
6
15
5
0
0
4
0
85
2
23
30
256
267
3
1
0
7
0
0
0
13
350
0
4
0
0
0
10
91
0
0
0
0
10
0
7
3
398
1355
0
0
322
0
0
0
0
1
64
7
0
4
1
72
0
1
62
0
5532
1
2742
41
0
8
0
1
1
144
0
95
0
1
1
0
2
0
8
21
0
2
0
0
0
254
62
0
51
637
1
7494
6
5726
0
0
114
64
2
695
0
122
2
5
11
19
31
0
0
8
0
1
0
0
3
2
4
0
7
0
1
0
0
2
2
27
0
10
0
2
3
0
11724
2
36
3
0
128
194
0
6
0
1
84
3
1
0
20
9
76
0
44
426
0
270
966
124
1673
78
3
4
0
1
41
124
4827
0
3
0
20145
1272
10
0
32
2182
31
4
6
94
133
5
31
0
0
0
2848
12
15
8
0
1035
0
2
11
70
1
11
14
1
0
0
0
0
0
144
6
130
0
0
1
1
5
380
2
3
4
301
1
0
40
1
1
2
81
20
2
0
119
0
169
29
4
0
19
482
0
0
0
0
8
483
0
0
9
0
0
0
43
0
355
1
0
0
4
3
55
0
15
697
1
2
1
2
11
10
2469
16
1790
0
8
860
67
2
18
3
102
15
3
0
2
136
0
141
0
9
1
14
1283
5451
0
6
0
0
0
227
5
32
5
1
845
87
2
83
157
0
0
20
82
262
2
8
34
0
11
3
932
14
0
140
25
696
6
0
0
0
0
0
1
1
0
0
637
8
98
0
0
3
5
3
0
0
36
11
0
2
0
21
0
0
2
3
0
1
4
0
119
2032
19
0
0
13
15
0
53
64
672
12
2
0
1
111
0
0
0
5
933
2
1
0
74
8
52
0
11
0
0
2103
1
0
16
1
526
0
3
0
3
0
0
2
0
0
0
0
4
2
807
0
47
1
97
9
7
3
16
15
35
5658
0
123
14
404
63
0
7
0
49
11
922
8427
314
25
0
721
4
0
52
0
0
3
1
7
105
4
0
12
0
0
9
0
1
3
7
3
0
0
0
2
1
2
10
0
31
9
4
0
27
442
0
126
2
0
0
93
0
47
71
1
18
0
1886
1800
0
2506
0
2
0
17
0
0
20
3379
2
17
0
0
0
729
2
6
2177
0
0
21
0
0
704
2
0
12
0
15357
2
34
3
264
0
1
4
16
0
1
0
0
78
15
0
34
1
31
2
2
370
1925
62
0
7
86
0
0
0
0
1
0
0
14
1124
46
0
40
0
0
0
3
5
58
0
8
94
0
0
2
123
1
17
0
1283
1
0
0
0
1
1
5
0
21
0
0
0
0
0
272
535
106
6615
0
13
0
3
0
1
4
116
37
10
7
164
0
5
0
1
0
6
0
6
31
0
533
1432
1019
0
68
27
54
1127
31
0
0
13606
1
0
0
3
0
0
0
5810
120
0
8
6283
0
106
189
2
175
9
1
3
7
0
2
3
2
0
0
96
0
1
0
0
7
12
0
0
4
0
1028
0
0
0
2184
0
5
12
6
0
3
1
305
1
0
0
157
3
12
0
4
216
0
7
10
0
0
1
27
0
13
1066
25
10
61
2
1
0
9
49
0
9
0
2
3
25
0
1
0
8
43
1
74
0
16
18
37
26
0
0
7245
6
1
7
1
9
42
0
3
104
0
24
61
110
0
22
0
0
31
1
0
4
35
0
6
4
1
129
46
18
0
0
14
0
91
0
2
1
5
0
0
0
0
2
0
32
0
26
0
12
40
2
1
5
0
41
32
0
0
0
2
1
33
2
2
0
1
0
6
2
9
0
131
22
323
4
860
7
0
0
3878
1
9
96
10
66
2
487
0
140
0
124
0
2
14
556
3
254
0
47
728
3
14403
0
25
9
0
239
0
3
0
0
0
0
0
2
469
0
0
8
7
14
5
215
19
5
5
6
1
4
0
2
358
0
3
0
2
8
0
0
0
0
0
69
880
302
0
5209
922
571
1
92
2
25
0
1
15
23
0
1
0
1
0
4
0
0
32
60
237
73
0
0
1
4
0
109
4
0
3
33
0
0
0
0
33
36
1
0
7
2
5204
0
1
3
0
952
308
0
12
0
0
15
0
1
2768
0
5
0
1
0
300
9
7
38
0
1
10
0
137
0
1
1
2
0
0
0
1
1
7
11
0
3
1130
2
8
0
1
1
0
2156
0
1
0
0
0
2
0
1
0
0
0
1778
0
2
0
0
1
0
17
2
0
23
5
0
12823
2
33
2
2
18
0
21
35
5
0
414
4
470
6878
4
0
0
37
0
12
0
0
0
0
1
2
0
0
15492
228
19
3
0
0
21
0
1
1
0
0
4
0
1
2
0
46
2
0
5
0
68
0
17
1
288
51
18
619
2
0
27
1
270
23
0
0
0
163
0
0
9
4
0
33
13
6
4
2036
1
0
676
0
0
0
65
0
0
584
0
0
0
18
26
44
0
40
247
0
1145
0
0
32
0
0
26
0
118
0
6
0
6
4
2
467
1
4160
0
8
391
3
0
2
152
55
214
3
5
7
0
0
3
0
1
4
4
321
18
74
20
1
0
0
0
0
1
0
1
2
4
5
0
0
0
0
0
1
117
67
0
1352
165
365
1
6
0
0
1
10
8
0
2
12
1
2353
0
1
22
32
44
0
0
1
14
0
63
0
4
30
11
0
0
0
1
0
8
1
308
0
0
1
6
6
0
8
37
0
73
1
27
2
22
0
1
566
1
3
0
599
27
0
10
8072
0
0
0
4
266
247
17
1
22
0
0
481
1
7
0
1049
2
0
0
25
4
0
0
174
81
6
0
0
47
13
1
0
1
41
2
1
8
27
0
2
6
13
0
0
483
959
10
762
12
0
26
1
486
0
0
5
0
0
0
0
29
25
16
1
0
287
147
3566
0
390
38
390
9034
6
286
0
412
7553
2270
75
302
5503
1612
1612
69
5104
5564
931
2931
5104
90
147
31860
509
21957
390
73
638
9806
38
3825
160
4220
8294
41581
0
100
0
67
87
17161
1612
14030
320
15215
15796
1060
4554
1
5104
12813
16158
5104
100
26393
5675
6
0
2012
3255
163
13830
91
44
1130
1109
121
0
6949
1940
6102
13
10825
0
517
0
11
11
9817
0
684
39
7
60
0
6110
20169
868
157
337
5
6878
166
16
207
0
3100
72
14092
91
5033
91
4667
5744
0
129
20852
3832
524
26
637
13
6296
60
25
35282
60
1371
108
0
2815
826
0
0
4
0
4869
98
3
0
0
0
0
386
0
2
4
111
1
179
0
0
2
34
4051
27202
25
53
17
190
25
0
29
133
1
12
0
644
243
3
35
0
52
6148
1213
6148
486
11
39
54
21
2370
5
4
4
0
66
20
7
61
20
1
0
27
4
2059
1094
1
3497
2
0
227
0
8427
24
4109
201
0
287
5
674
656
79
240
0
0
3
87
216
1
34
250
18600
3
35
1
0
4
2077
225
15
1098
4
1562
1
953
258
858
453
858
109
7
6
1224
163
4
28
25
14796
43
0
3638
9
6
3638
4
0
13
3
429
14237
117
2
1
681
24136
79
1
3681
16289
1133
755
6171
7
7241
139
150
0
0
28
7
274
17
784
4
260
169
4
0
11
22
37
0
0
399
0
46
0
9
5
218
10
80
15
16
5304
168
395
0
126
17
17
0
3766
21486
0
22
2729
0
4
25
39
3
0
0
29
18
0
0
2
2125
2
3202
1
0
0
33
1
0
0
0
5
0
1380
6981
82
65
27
0
5
0
0
1708
694
1
2539
4
0
9
17214
15
0
597
0
7
60
1542
159
10
1291
152
66
0
0
100
6
0
1509
87
4
228
0
4
50
21
0
24
561
157
10425
6
3
2
567
1759
0
169
0
359
0
3575
3
389
1
9
0
44
0
2
4
2
0
23573
0
3293
2
18865
16
138
1411
507
1
205
179
0
197
2
1632
1350
75
52
0
1
4212
2
78
125
0
35
4
3313
3300
6
27
1
1
27
0
158
0
0
29
1084
410
51
1
6
28
0
3
7896
6546
2094
0
81
1
711
256
348
0
1493
4988
4271
2
7
0
20
0
26
883
0
373
779
3
773
1
0
6
1412
4
3288
1
19
0
2
0
0
1
249
513
211
144
22
37
2311
165
1329
4
102
1
4
4
1
0
5605
29327
0
9
2
108
67
0
206
4
1156
0
0
0
30
0
69
9
9
3
0
15064
13204
5
5
5
0
270
431
1
5
1
1
0
23
0
1
4
14
3
2789
0
0
0
48
3
0
0
0
17
75
162
16
65
10
380
0
38
1
9
38
0
173
2
8
2
3
274
0
0
7
2
0
11
0
0
0
0
0
6730
5163
1
0
13
2229
20
0
67
2
0
2
268
2
0
0
11
70
0
21
0
0
2
0
17
260
57
51
5
0
137
0
0
12
903
31
0
13
20
0
130
0
0
0
89
0
3
1
477
0
7382
171
10903
7
43
1
1124
255
158
6
0
0
4613
0
0
20
0
0
0
0
102
182
0
791
0
1
0
0
1812
1072
0
909
0
10
922
4
0
8411
420
0
2
1197
52
20
0
5
741
198
4
0
2569
158
27
32
0
28
1
98
1
1
28
0
486
16
1
1
0
2
0
10
4
16
5
1
395
1
0
1
809
14
0
65
0
134
0
58
3
228
7258
1
6
16
0
0
0
5
0
69
1
0
0
0
0
1
0
6
0
75
2
97
82
68
7
2
0
0
149
2228
0
9
2
4506
81
2
1
0
194
2
1070
507
896
0
13
0
0
2
0
0
218
0
2757
301
459
1
34
0
0
0
0
1
3
1
2344
207
0
0
0
7
441
145
0
5
28
10
4
480
56
2
136
5
0
96
0
0
1
10243
0
2611
48
96
0
80
1
25
972
1205
1
972
136
2623
1
133
215
1
692
21
2
0
48
0
99
10
0
0
8
0
15
0
2
0
48
109
1
0
1
0
37
1
0
1
616
52
199
0
19
2
35
0
3
37
185
0
0
2
29
60
5
27
12
1313
0
0
1
3740
338
9
902
25
1
2
42
1
0
7138
0
2
0
0
0
3671
0
1
32842
43
341
6
77
2
2
2
5308
0
2
0
1
0
72
4
37
1
1
0
0
0
1403
0
227
7
0
0
1523
27
5
27116
784
0
0
0
0
158
119
14
1
3
1
0
9
34
749
5860
0
3
0
2636
0
0
2
3
0
5
911
0
249
38
0
0
0
471
1
36
0
0
15
0
16
1
0
1
0
233
0
20
1
24
1
0
668
8
0
9
3
0
5
1
253
8
5
1075
7204
1749
0
70
0
3
0
9
29
331
1
5
0
21
61
52
1
4
0
0
2
0
582
0
384
1
0
0
76
112
23
0
167
276
289
1
0
0
8
1
122
218
7
0
2
0
0
3781
31
0
4
0
1
45
1832
0
11
1
3785
0
1
1
0
2
16
9893
19244
0
397
23
3
0
51
78
2
0
0
2
0
5
1
60
1544
0
548
1544
1
0
21
432
0
2
9508
0
1
6
14
0
0
672
0
0
5
65
0
0
0
40
0
0
0
26
76
1
17
31
0
80
27
0
10841
0
0
0
0
2
0
0
6
21
24
78
3
346
4
0
103
0
442
0
0
9
11
0
9
0
4434
15
1
8361
0
26
16
0
1403
0
0
1
0
0
0
9
118
1306
1095
0
13
0
0
0
741
0
0
0
1
76
0
12
0
173
3217
3
0
386
169
283
35
21
0
4
1
1
0
3
30
25
0
5
52
1
81
0
0
0
0
1
348
2
39
12
13
20
13
15
86
1410
0
0
130
0
0
3
764
24
2
0
255
28
0
0
0
0
3
0
66
7051
0
1
0
0
0
37
0
117
0
23
3
0
43
0
3
0
0
0
4
4
0
0
0
6
0
0
0
244
303
0
1
0
30
4478
70
1
1
88
0
0
103
0
7441
292
10724
43
0
2526
0
3
22
0
154
3466
11
0
0
8
1
0
173
3
2
700
40
23
1
0
0
2
2
0
0
0
1047
114
0
0
34
0
0
0
0
7
0
1550
0
0
0
0
5
22
2643
0
28
3
2
126
1501
0
70
167
38
0
121
31
1585
0
56
0
0
0
15
3
16
938
241
0
0
135
156
0
29
6
0
0
0
38
63
0
37
5
20
5
3
0
0
20
1
15
0
1395
5
0
3
12760
0
17
171
5
48
0
0
2448
0
0
80
235
3
22
21
0
0
0
3
270
493
19
205
329
13
17
11
451
0
1
0
79
14
45
4
0
5
7070
0
0
9
0
0
20
0
1
0
0
1
110
2
971
0
2
2
293
492
0
0
2
4
37
22
32
1
2007
0
0
0
0
0
1
1
0
333
0
17
1256
1511
0
697
5
76
353
164
1214
403
106
1770
9
1220
3
0
1025
0
1641
0
2
1
103
0
1
1
0
35
1
0
6
0
0
0
0
241
0
1
302
2
1
0
3
20
52
0
5
0
119
0
0
0
126
11
6
5
4141
6
1564
23
0
167
0
0
2
17
0
0
1
0
32
4
5646
47
9
22
7
0
9
0
0
0
586
0
0
15
595
3
30
6
0
4
0
10
0
9
0
0
0
0
1
397
0
49
201
2
0
0
0
285
2
0
3
8
4
19
0
8
0
12
315
0
9
1
7
0
27
1
0
14
72
858
1
2
28
682
62
79
59
25
2
0
0
0
0
2
9
0
0
408
0
0
0
0
0
0
0
479
0
1
0
7
9
706
0
1
389
1
9
0
1938
0
1
1
170
3
22937
0
1
0
3
5
0
0
0
21
0
144
0
0
9
2
0
11
0
0
60
85
66
82
0
145
0
0
809
261
0
535
0
0
0
0
0
143
71
814
6
0
0
1161
3
0
965
2
42
980
1383
0
1
1
0
1
23
54
14
171
1
2
3187
10
24
4
0
6
2
9
0
0
11
9
6
1
0
0
27
297
4
986
4
530
0
0
12
0
12
7
0
0
886
0
18012
0
0
86
0
0
0
0
17
0
0
493
0
468
0
0
19
0
0
1
5
2
0
62
3
0
0
2
15
12
2
1
0
0
0
2
0
82
55
11
1173
1
0
2
14775
3
0
1548
22
0
0
0
1
0
3
7
335
0
0
264
4
0
7
0
80
0
0
0
14
0
307
6
405
10624
123
0
65
1
0
0
1
70
0
0
1
58
481
5
1
32
0
2
0
0
2
20
26
0
1
0
19
1
46
1790
0
1
0
0
3
193
1
0
1
0
0
0
2
7
24
51
3
0
0
3
38
0
16
0
1744
221
0
0
1
141
2
0
18
7
46
0
10
458
0
168
12
0
0
0
0
86
0
1
2
0
6
5
0
7
27
0
108
0
1
0
0
0
0
9
13
0
19
0
6
2
0
3
0
9
0
151
5
1
18
1
7
0
1985
5
0
1
0
0
4
783
0
0
1
0
2
5
3
2
359
470
2
8
448
0
496
584
1
2
0
0
1
2697
0
1
25
1
0
52
0
262
0
0
3
0
90
5
4
1367
7
223
467
1
0
13
0
1
2
0
0
1
2
0
0
0
0
0
49
0
2
4
877
0
716
14
0
3870
0
0
0
0
1
30
2
1
0
0
0
0
2
0
0
24
2
569
0
42
2202
0
0
1
157
103
9
0
1
24
11
4
22
1335
6
1
0
1
42
0
1
44
1891
8
0
1256
502
2
18
0
2
0
0
0
226
0
0
1
25
2771
0
0
0
8
992
3566
13892
17377
11871
5569
75
1612
75
5215
302
1612
11
1612
1612
1143
0
12859
169
2102
1612
12859
69
163
37201
7071
12055
709
186
15776
5104
857
419
7461
21020
5606
13288
19118
274
87
13187
3775
38
797
5606
31527
185
147
444
4030
35778
16
32079
10268
5326
697
32532
274
185
14778
12859
5001
26787
274
57
1236
68
7231
1354
94
0
11
0
352
517
1023
2534
11
11
3421
8204
1314
2088
0
11
290
939
2
123
5403
2
1924
939
30996
148
14
8
5
1834
5984
92
1097
2318
5158
7
332
338
0
37
1279
2194
8064
11410
0
1
2883
4
166
19
0
29
1
2233
73
7218
471
3
2318
27451
2
5
20
7
71
111
0
111
0
4980
574
0
30
128
146
43191
28
900
623
0
31
9
117
70
167
27
318
27335
67
19782
24
18
13
20
7
1
0
4764
31
525
40
164
2
2512
4
136
1
27
0
806
146
0
46
2
24
716
9565
712
0
3
109
1
18
0
1926
24
8
0
4
31
138
31
0
0
4
12
680
693
0
11
309
5
76
0
2
1
41055
0
2403
6613
17
7
30
1724
3265
572
18
5
15
61
20
16
0
2
0
0
1
3
1031
2336
231
30
6305
534
41
1380
68
8
13
2343
202
2325
0
0
2
46
311
131
75
2
0
1
1504
0
932
0
1
2
0
3
0
2
112
0
1
42
164
0
16
2
13
0
752
54
5
6295
1
7
1515
1404
8
0
338
0
12
1
151
27
5
261
38
3
276
11535
512
312
1
0
3
0
0
94
15
0
0
33
5227
1
296
0
0
10958
0
0
0
149
10
0
2
0
77
0
1
16
10795
1
7274
0
4
15
32
0
3
22
1
0
281
0
28
8
55
1
7
55
4619
840
26
15
1229
0
1
3
2
4
328
6
5
93
108
0
72
264
4
1189
1
342
0
12
1
0
75
2
0
34
31
41
0
4
50
23
0
0
1
0
75
0
71
0
1
0
998
0
181
1211
206
0
95
236
1
0
1119
0
54
22
4043
686
0
49
0
3
87
7
4
3
1
55
16265
8338
11120
2
33
1
106
2
25
1
149
14
10476
12
35
7
31
2
6
124
0
1
0
1
49
0
27
0
1
5
0
5
30
63
1
45
52
1
52
0
3
986
0
119
30993
1488
1
75
1
47
0
228
21
48
0
3007
0
1
4
1
2
22
0
0
80
28
2017
0
0
0
1
32
2
81
6217
0
6
0
5
143
34
0
9
22
69
8568
221
0
105
0
0
2
82
1502
1
88
0
87
1
0
2053
35
34851
0
116
0
5
55
15
231
1
345
0
35
100
0
31
43
53
4
0
95
28
1
1
0
74
125
23
13
0
91
16492
434
4
2335
438
6
27
0
14
0
1
2
184
0
166
225
0
24
0
0
0
5
5
48
92
2
38
35
0
0
0
10
0
0
6647
0
31717
1
10195
314
1
1
0
19383
0
16
14
0
117
11
254
2
0
1010
2
3
127
0
5
0
1
0
13
1
31
0
43
113
797
5
72
1219
0
2
0
0
1
1854
101
8
1
75
4
0
0
12522
459
0
0
0
0
1
20
2
0
3
0
1
0
0
21
65
1
0
0
11
73
0
60
67
605
1
7
44
55
5
0
5
0
1
115
2
0
1719
0
2
0
0
8
151
130
0
0
0
1
0
2
9
0
63
6
731
0
0
68
0
21
2
0
0
1
1232
0
0
0
350
2
6300
1
547
0
2
0
0
1
5468
0
34
0
2
293
158
0
0
307
9919
4
0
1
3558
0
0
1
98
0
87
0
0
0
0
7
1
256
71
867
36
0
1118
155
775
0
244
14
0
0
0
75
3
12
7
0
65
0
642
0
0
0
0
1
0
0
1
19
1528
1
0
49
148
0
0
545
4
0
57
16
0
69
4
1674
1334
2
0
10
701
269
0
113
1586
0
0
0
2
0
0
0
25
36
1
2
32
64
133
0
0
45
106
0
1
2
0
0
108
3
4
0
0
0
4925
0
0
3
74
2
466
0
0
0
0
38
1
8
1211
0
13
22
12
0
13174
414
0
3
0
1
0
0
0
382
17
1102
263
50
36
0
242
5
6
5
169
1
1
2
5024
216
2
105
3
0
0
90
12
82
1
0
0
0
7
7
0
20
0
1
5
5
0
310
0
0
0
0
0
242
0
0
56
0
3103
0
15
21
28981
0
1
0
4
0
5
200
0
1
244
0
0
0
5
1
4
0
1
264
70
1
1
0
1
0
4
2
1
0
0
0
85
2393
1
3
63
0
0
0
0
14
0
161
0
144
1469
10
1
0
0
275
2
9
357
545
0
1
8
18
5
0
12
809
5
0
350
2
1
439
164
695
2
0
0
312
19
15
64
24
0
0
1
0
8
285
132
16
1
8
0
0
2
4
0
1484
2083
35
0
0
0
0
128
14
25
1
0
2506
0
0
104
39
4
0
0
0
137
2
51
90
47
1
1
281
6
0
3
1024
0
0
2
0
0
1
5187
0
1
0
4142
387
0
2
27
24
0
1
2
1
17
26
0
0
0
29
0
31
411
2731
58
4
102
45
0
23
6135
0
0
45
2
0
5
0
0
3202
3
0
0
149
0
15
2971
3
2855
3
55
1
400
9
25
0
0
3
0
0
31
0
124
29
3
5428
3
0
233
0
19
0
156
65
145
0
0
0
19
5153
2
0
0
0
253
0
1
4824
0
242
3
1678
4
11
200
1
3
1
948
1
32
5
1
2
0
0
0
0
0
0
2
0
141
0
0
1
0
0
808
0
0
14673
0
0
5
97
73
4
25
95
3920
0
1
2
95
14019
1
12
1
0
1
0
2
71
0
84
6962
0
1
55
973
1415
9
42
7
1
3
127
128
17
5
1
0
129
1
0
329
12
2
4
0
10
1
4
0
7
35
0
0
0
577
1
0
0
11
11584
0
123
3
1
1920
219
5
5
6
1
4
0
7
0
1125
168
23
1593
207
10
16
0
43
3
344
6
28
0
9
46
1161
10
14
14
0
0
30
0
54
13
1
18
1
8
0
21
301
2
424
0
0
0
1179
0
751
0
0
1
0
98
0
54
119
45
0
6
0
0
22
13354
6043
1
4
112
0
1
0
0
2932
0
3
2983
424
0
3125
7
1770
0
7
3
395
54
0
4
1917
253
4
4
225
768
3079
3
64
20
37
173
1
156
0
1
0
0
2
26
932
0
2869
3
1
1
7
11
2
8
0
52
359
99
0
445
0
0
0
7
7
31
1
3
139
125
1
4168
3
480
1
0
9
544
153
100
3
0
2
2
0
82
8914
1
8
0
8116
31
0
187
54
1
0
4
14
0
0
2
0
77
0
0
0
0
0
0
15946
296
2
22
1893
0
32
0
0
48
23
17
0
13
0
0
0
1364
747
1861
2
1
142
41
1
0
1906
2
858
0
1824
0
2
930
0
0
0
0
1
0
9
0
2
37
30
2751
1
5
153
3
1
0
0
0
0
0
0
0
0
0
0
6
5018
1
0
0
0
0
1
440
7727
0
0
4
149
0
0
4
50
0
0
1
20
0
1
0
760
6
0
10193
0
3
75
0
0
0
4
218
0
4
1
0
0
1
31
0
0
0
6
83
0
10
0
2
1
78
0
33
3911
0
0
0
0
6
32
0
11
0
2
6
2
0
0
114
0
0
0
1
54
2
0
21
0
22
0
16
6
1432
0
0
0
0
5
355
1
15
18
878
0
17
258
408
223
648
4
7
33
47
0
0
0
2
2486
0
0
431
0
13
0
1
97
11440
632
25
0
15
0
1
0
14
53
86
3
0
0
0
0
0
5
10483
0
4
3
46
0
0
1
0
6
14
170
2037
0
6
2
54
0
4
5
43
217
477
1
4
17
0
1
0
0
45
0
0
1
0
1
8
0
0
5
0
1
1
1
0
0
3
884
1
42
0
0
2
0
0
13
0
0
0
0
1
0
0
4
0
0
26
0
4844
1
163
5
0
623
1
18
167
0
0
2
91
0
0
6
5
25
0
2
77
2
0
46
46
68
0
1
1
0
2
501
0
48
5
1
522
22
253
314
1
2
689
3
1
0
632
404
0
1
36
0
1915
0
0
0
0
30
0
5255
1530
0
8
119
3
496
0
0
5
14
63
16
156
41
0
12365
33
1
2
0
62
0
1
0
0
1383
0
21
0
0
0
0
148
3
53
3108
1
10
10014
0
47
66
8
0
7478
0
14
0
1
0
4
0
7
3
3
0
1
0
5
0
69
0
0
4
0
0
14
5
0
2362
4
0
11
0
9
27
64
4
62
191
93
1
2
1
1
7
0
12
1
44
17
8
0
2
0
0
0
474
21
3
513
11
0
2
1
349
1
0
1093
1
773
3160
1591
0
4
1902
0
0
0
0
145
143
2
0
0
0
1
0
0
0
15
56
1
1
0
0
2
0
54
0
60
130
0
1
1215
10
3
5392
1
0
11361
5106
2
114
904
0
1422
1
0
0
5
6
3
19
177
0
4
53
3102
0
0
1
3
3
2
0
203
0
0
4
463
5
0
50
3
0
2
12
0
0
0
6
0
0
827
0
0
3
82
2
1
0
7
1079
3271
175
1
159
2600
1
34
5
0
0
3
0
18
1309
6
80
0
3
0
0
2
445
47
10
3
0
12
0
3
0
4
0
273
11
0
1985
238
0
0
16
23
0
0
0
0
0
0
0
55
0
0
4229
0
1
689
0
0
4
573
0
28
18
84
166
3
9
0
100
0
9
4
0
2
0
0
3
0
1
63
3
0
26
0
96
447
3
0
0
1
0
0
37
0
46
0
15
2
0
5
1481
50
10939
38972
1446
5104
38
140
13695
6782
5606
147
49506
4228
21957
11049
13744
22
87
1942
38
87
38
5201
412
797
440
638
314
15374
509
261
329
100
5104
16309
6
38
185
26439
25287
38
87
132
225
12989
19046
638
320
38
65
6
320
44331
408
716
1621
4066
15261
25
1312
1143
4379
4504
3979
320
13858
4
835
60
4
23
24953
4
7021
1327
4
317
41
651
113
210
116
1629
10191
3959
7
31
107
4353
595
21597
4702
3
10972
1217
77
512
18457
0
59
6155
2233
1833
13
53
2111
137
5637
1742
15390
1418
116
32
24
5847
12497
40
0
10
5
0
79
93
61
3170
2151
1
1030
1183
2441
7
0
195
549
284
35
8
11
1
0
2
105
197
347
0
2976
4
180
0
3471
28
1952
2
1
1795
663
14102
362
358
2100
42
8
10473
492
255
8
2
21082
32
4906
47
12256
4
9
5659
437
16238
179
3706
12
5
1
263
19
6
39
1396
8614
517
31
0
3114
197
485
620
1460
294
19
53
5
2548
2
11083
17610
3787
0
49
0
3685
0
5472
1
38
5
12
944
30
8
16
0
6
0
0
261
727
70
20
0
914
94
213
10
0
2
0
4
10
3
2
9
0
2
98
9
1062
47
1
9014
0
14130
7364
6
16558
0
1
43
4
167
46
92
29
4
3575
50
479
920
70
6172
1
2
1
2004
10137
46
49
0
6
312
1
345
159
620
18
4
3
8
32
1
1504
110
0
743
0
4
0
7
3886
0
0
249
313
6
295
35
0
2636
2001
3
0
0
0
772
1
667
140
0
0
8829
475
0
0
309
3
1
241
0
16
2
16
12
229
4
301
11
5
0
14862
2946
0
2
2
3
6
788
14
897
910
113
421
1
23
413
173
268
1
7
1450
2129
0
0
1
0
4192
29
295
0
4
1244
108
4
0
0
0
7
29
0
0
6
235
354
2931
0
970
53
0
119
3
14269
3196
87
6
139
1
292
506
75
3
0
89
0
56
0
5
4969
639
14
4
2
2
5
5
109
604
733
2
147
2
1
1
1
2058
2
0
344
0
4634
2405
64
298
357
444
25
22
0
28674
34
296
10
0
1354
3
3
1390
126
3309
0
34
639
855
186
17669
866
6
3610
24
7
125
0
3
0
0
0
3
5
0
3002
7742
1
1
1
8
4
1
5
0
0
445
1498
1
0
20
0
0
0
0
570
16
0
94
1742
4
1313
252
2567
852
130
0
12540
1517
0
40
1
0
0
67
1
365
394
537
21204
80
48
0
0
194
0
1
27
0
29
0
2
5
0
17
1
0
19
1507
0
45
252
27
52
0
0
20753
27
160
21
0
5
32
1864
4434
0
0
1837
1
826
3
0
11
4
1479
6
7
17
5654
0
8
0
3
93
1
0
647
2
0
0
4
5
0
1239
7
137
3
1
34
0
1
35
676
2
19
101
0
24
571
15
1
0
72
630
4
32
0
93
2271
7
318
0
1
6
0
1
0
1
23
1531
15
90
1
0
0
1
10
10
101
0
0
1
25
4
20
2
482
0
4
1003
5
0
36
710
4
2702
7
0
0
0
1
0
0
3
9296
3
0
50
74
1
2
2
49
0
34
0
0
2
219
2
5
40
1
5
5
0
1
1
186
243
0
11
206
14
400
7
6
15
4
1
138
20
38
55
0
0
0
1
581
0
0
25
928
19
1649
119
0
0
16
1288
2
2
1
84
554
15
0
2
59
0
16
1
0
0
0
779
0
57
2412
0
2
0
0
144
10
2
0
1
29
4
1366
0
0
8
20
0
21
42
1597
63
4
1520
0
0
0
428
330
53
1
0
164
3773
4
0
36
0
1
3131
3
0
0
35
0
31
79
0
10
1
0
0
4
0
4
0
3
0
42
0
1687
0
1
0
0
97
202
0
5
16
4
694
9
541
1
12
5
23
1
0
0
0
0
0
3
32
397
92
0
1
0
1
0
698
53
0
419
50
16
786
117
0
1
0
25
17
37
0
1
0
2
0
0
18
1119
0
28
0
1
1
1
0
2
362
52
0
0
5208
102
0
0
2
215
7003
20
1
3
3
3
0
0
80
4
364
291
1
634
5
9
0
0
0
0
69
1
0
0
5
19234
0
0
3
6
31
560
4
10
0
0
35
107
7
1
0
37
0
59
1
0
0
9
0
36
0
0
1
0
4881
4
0
89
3
0
520
0
83
1
1359
1
22
0
0
7
129
4
0
15
41
0
0
1
9
1
0
556
0
32
38
9
10
3
87
4
9538
0
8
0
0
7
2
16
1
21
1
0
0
0
14
143
0
24
0
1
109
0
0
1
29
6
337
0
1
9094
2
1
37
0
2
4
1
75
5
11
2
1684
49
1
0
401
0
19
0
35
0
0
0
2
69
2
0
28
0
1
25
2
5381
6732
186
0
278
1
45965
0
8
0
10
3
0
132
1
0
95
7
0
0
0
1
0
0
23
374
1
0
483
0
7
0
0
94
0
0
0
1
1
63
7
295
5
0
1
3
0
0
0
0
0
0
36
2
75
185
0
0
1
0
31
1110
0
0
1
7
0
20
1760
3760
14430
2
0
128
0
0
91
0
2
14
8
139
0
1
23
2
2
0
4
0
0
0
31
8
2
11
2
144
0
2
81
0
29
0
0
0
15
1
105
2
758
6492
30
423
0
1
68
0
300
1799
301
752
35
1
0
3
24
0
1
4
1
12870
5
0
20203
0
8
22
2
0
163
0
0
562
129
36
1
1
3
0
257
0
1078
20
0
1
0
1
2
211
9
0
4
0
2
1310
5733
0
7
35
0
4
3
14
0
73
3881
0
0
0
7
33
18
4
0
0
13
538
2
16
13
0
0
30
0
4
3356
0
4
56
9
1
2
21
50
9
760
1
0
30
5
112
0
1
2
5
20
0
0
0
42
0
0
9
2
0
432
18
7
0
339
0
80
5
0
227
1
0
0
0
10994
145
4
0
102
0
0
12
8
2
0
4
355
162
218
3269
0
131
1
6
0
1
1
0
811
0
19
145
0
9
0
377
0
0
1
20
1
15
49
0
1
1561
514
1117
497
66
5633
8945
40
6
92
0
31
0
0
17
2
5
1
0
0
0
6
4
0
314
159
47
33
0
1
2
0
3
1
32
0
283
0
803
0
2
0
162
0
3
1
0
1
0
0
0
982
0
10
996
0
8018
21
11
456
0
0
0
2
23
10
0
0
0
3110
220
21
2
6
0
0
487
14
5
2
163
0
8
0
9
2
0
2572
0
0
244
0
0
1010
2
16
1
376
4
169
2753
0
0
379
48
3
428
0
34
3959
198
3
145
659
25
8923
279
46
418
6
10
1133
0
0
36
4
188
0
1
28
0
487
0
42
6
2
0
33
1
2
0
41
202
762
1
1621
0
0
26
0
0
2
3
6
0
1
17
0
5
0
8
4
93
36
2
0
1
6
23
156
0
5381
18
3
0
0
0
272
0
0
138
3
321
14
0
744
0
7329
191
1
9
602
0
78
2
2
1
128
1
1431
1
0
0
0
1
1
1
13
0
1
1
15
1652
258
0
1
1
1
0
0
560
0
5
5
1
1686
15
2
42
1991
0
0
0
4
64
2
0
1
691
7
0
836
12
0
0
3
3
139
0
406
994
222
0
4
0
0
0
32
0
11494
1
17
1270
2509
9
0
16
42
0
1
1802
310
5
1
0
1
0
3
642
8
8
652
0
0
195
2
0
0
0
1
6
16
2
293
210
5069
49
0
8888
335
1
2332
6
0
1966
5
18
0
0
1
419
2
3
14
0
0
5
0
1
0
0
0
0
0
118
0
70
0
88
18
1
2
346
0
0
0
299
326
198
0
1
1
0
0
5
337
361
112
2
0
156
1
4
9
17
12
0
0
0
24
1
7
99
0
0
12
359
9
25
2
611
0
0
1
2
0
0
51
256
0
1
0
4
199
3
3
0
26
0
0
3
0
0
0
0
0
0
0
51
0
0
0
0
0
560
39
1461
0
74
0
0
0
145
1
3
0
13
5005
2
876
323
1
361
145
1398
1
0
0
1101
44
6
524
31
5280
5263
7
7
7
3
93
4
1
789
1
0
0
0
5
2
0
0
694
1714
0
4
0
68
0
0
0
0
115
7
3
2
0
11846
0
5
20
169
0
1
100
19172
238
147
0
2
117
3
0
0
0
0
0
944
0
4
8
14
492
3
1
211
2
4
99
0
1
0
1287
1
1
16
175
0
1
2
1
98
351
1
0
0
2
2
11
1
0
304
0
7
10528
6
0
0
0
167
1
181
0
2
0
2
140
2
0
18
0
2
0
23
0
0
60
1
33
4847
433
5
159
0
1
1
10
63
1140
0
195
3
1
109
46
0
0
1
0
0
1
2428
0
11
1
0
57
0
0
272
45
276
0
13
0
727
132
0
1364
1
1
3
0
0
0
11
1
1
0
0
41
0
116
27
0
1
2
67
3
3629
0
4
2
48
0
0
0
2793
0
14
8
0
102
1
0
0
8
23149
11
1648
0
288
0
2
9
681
0
10
17
112
192
193
0
9
1
0
0
0
341
0
0
0
29
429
0
0
0
0
43
2
13
0
0
0
0
765
714
0
2
0
116
0
4
46
0
2
3
0
898
0
4
0
0
2
87
990
0
601
0
726
0
1
1
88
1
0
3444
0
2
801
5
0
2573
2
1
1
0
0
0
97
740
441
0
31
4
2
0
0
0
47
0
123
0
4
13
117
1
0
14
0
0
439
0
1
99
0
5
0
0
14
155
4
1433
0
2
0
2
0
0
18
0
0
0
0
0
1593
155
2
0
1
2462
1
111
209
1
0
1060
638
35557
3775
16060
6432
218
11588
2775
41327
5035
10498
7461
1379
153
603
17049
12179
6
7451
13331
38
6
4220
1379
16455
14182
13169
217
163
3919
20036
38
10280
6782
1294
4238
3566
10125
12132
2045
87
12849
9532
10870
42355
11557
169
26367
13288
3623
3775
45240
8816
334
23893
1854
1852
13570
27852
20866
87
31772
509
51
14
636
1845
15
6579
505
1955
29
1742
372
18802
6
3767
10
387
8
38184
2070
0
33
32
422
9
3767
25
2
188
12
37963
361
1445
4
0
3942
0
371
7484
160
32449
2
498
27
50
17
80
834
91
9598
2
2
144
0
700
20580
4034
171
1
4
15594
12
2284
16
5129
2930
1566
855
19
0
5059
25
4
0
0
2721
42
1
1
5402
4
1677
3
3
158
1982
7967
873
2435
1
2
33
0
3825
0
8
2
19
2775
2402
0
11
112
0
128
7665
0
66
29
0
144
3182
2376
228
9
889
0
0
29
4
3389
20252
18870
15
0
38
49
941
218
0
7
95
11
3
1693
7
2
12
159
14
19
10028
10
0
0
22
0
12070
3
184
3136
0
1
10
157
82
85
318
416
21
2
3265
156
320
2
0
0
0
1770
4
67
0
0
326
962
0
377
415
13
2
5238
374
8
6525
403
16833
17158
2435
0
784
9203
17
24
11013
5
182
5823
8
4082
177
131
180
12
0
442
76
12866
338
2684
0
0
22
3
0
19
0
0
40
9
1
0
0
2276
4
0
10
0
7
1598
21
5
328
0
192
0
48
0
54
5
0
1
4
1342
487
2
0
2
2
13
13
3
0
3776
3
48
26
3
34
8288
2740
1
0
202
68
12
0
107
89
1098
1312
11699
1
13
1294
3839
1
0
4
0
3
2554
6549
53
3
0
0
3
2
226
192
7
0
168
43
3
2
13849
1
231
589
0
0
89
6
0
103
43
2
149
763
58
1074
45
1506
57
51
0
1877
34
14089
24622
1
1
22
10841
8413
3368
0
0
13324
26
0
0
0
90
0
36
0
5
2350
40
57
3
0
278
4
0
1
13737
0
8751
3
0
27
10038
253
4
3
2
1
2
48
0
148
769
0
0
631
0
0
116
13
17
2
1024
44
0
3
1
0
9
24067
450
0
0
0
309
0
10
21
376
8883
66
228
229
112
8
0
0
1343
0
16
1
3237
2
88
2
320
1
43
0
1961
2
35
113
3611
248
0
37
0
0
0
518
36
2
0
605
2812
0
0
1718
0
7430
108
1
0
5812
1
0
0
1
63
308
1
0
697
0
509
65
0
15
0
1
13
2
5696
14
1
1
1
56
6
0
51
46
51
1
13954
569
3
15
367
6
0
1
0
12993
19
0
2556
371
205
293
41
0
24
4
2
11
1243
176
58
3
1901
914
0
25
0
11
17289
372
1287
317
8
0
1609
0
9772
9
12
2466
4
159
1
251
57
60
416
110
1
0
0
34
0
7
4
0
3
0
2
9
762
25
20
716
0
1727
6
0
1192
242
1
1341
0
6
4
76
0
0
89
15
158
2
8
19
192
38
5937
0
1
9
1
9
22
1
800
3
1
1
0
0
0
0
0
294
8
0
1
342
709
0
2
2
2
5
2
0
2754
272
23
4339
0
1
0
0
0
0
0
0
2356
66
1
25
0
348
337
0
698
7
1
282
3799
252
1
0
0
10
26
2
0
166
1205
0
1
32
0
2
11
2
5
1157
85
0
3
10615
401
470
4117
19
986
26
263
0
0
3603
2
67
22
0
0
39
2778
0
87
1
550
19
10485
0
0
1740
0
14
0
89
7
6
23
0
20
1
299
1
1846
1
14
15
34
16
0
17
0
0
1
0
12
2
55
0
20
0
5
0
1
1
0
0
0
0
0
0
2347
0
2033
0
20
0
4618
37
0
0
7
73
1
11319
71
8
0
14615
56
0
985
86
5
0
0
6888
112
12
3
38
7
1
8
3
0
0
74
20
2
1
6
0
1
6
36
28
0
0
0
1
0
0
600
8
2
0
28
302
0
1
0
0
1172
501
47
0
15
41
37
1666
68
6
0
8
0
1468
39
7615
2
977
94
8
9790
1
0
15
16
25
15
9
2
0
71
22
10
1049
1
0
0
0
0
0
0
3
161
176
0
0
0
1
2
0
0
217
5
3
253
0
506
15
0
2
6
0
0
4
27
0
13
4
11
137
26
338
4
0
10
0
127
43
0
1
0
12
1
1
2
0
2
0
0
109
0
9
2
145
0
0
1
913
22
6506
0
3572
18116
0
1
1432
1
355
38
0
3
0
0
620
1
0
1
0
0
32
0
7
28
0
3
2
3
9
1
0
0
0
4
0
0
0
0
0
0
1
0
0
0
114
0
0
60
0
167
14
0
40
0
12
0
0
403
3
1
72
12
2
95
203
52
2373
4046
0
5
66
48
0
528
1
4
0
1
55
0
0
0
204
15
1
37
99
0
1
0
0
0
0
18
0
6
22
3
3
3
19
0
0
785
0
2
0
0
97
0
0
0
40
158
0
0
0
0
0
417
3
127
0
4
3
0
8
1
0
6455
5
0
302
2
1
27
0
2280
476
285
0
323
223
3283
7
1609
14
1695
1
0
110
0
0
1
37
0
17
18
0
2
0
803
0
38
0
0
0
0
0
0
0
1
16698
0
11
0
0
1037
0
15625
0
1256
0
6667
0
0
2
0
3
1
136
0
7
51
14
1
50164
0
3
1
2952
1
206
1
19538
18
2
9
1
6
0
0
23
2
2
25
2
0
1
0
372
0
29
564
0
0
47
1
212
0
2
88
5667
1
0
10421
150
1
0
2
0
0
1
0
1
0
0
0
0
1
0
0
0
14
247
134
3682
1
51
432
462
4
6587
8
107
5
10
12
1687
116
2
0
1416
0
9
3
154
26
6
7
139
4
0
87
25
0
3
123
234
333
0
1119
9773
4
0
1
6884
0
137
3
6
6
2
538
0
0
214
32
30
2
0
0
112
32
19
112
6
0
0
1
52
8
47
0
287
390
4
0
30
15327
0
194
0
1
0
8
0
105
5
893
11
0
2076
7
0
1420
0
91
0
174
130
0
1
5
0
5
0
0
24
0
2
0
4515
81
3
0
0
0
0
5527
4
0
152
79
1
0
3
0
0
0
0
37
1444
31
429
12162
5667
26
0
5229
21
0
842
0
0
24
0
2
1
73
52
1376
5
1
590
185
11
8
5
0
0
28
2978
0
0
9
677
1201
0
26
3
19
8
419
1345
0
461
1
0
0
0
10
3
22
1
7
0
0
66
14672
4
0
0
73
0
50051
2
0
0
11
5219
5
998
0
10
30
5
108
1
108
1
2
20
193
8
140
17
0
4
62
1
1
3
37
0
0
0
1552
0
71
0
117
133
4
61
27
75
66
53
35
83
1
17
1
2
0
78
53
0
0
0
26
1
3
6
7
0
0
5
19
0
53
0
5
0
6
15
577
3874
1
1
0
0
0
0
5
0
0
65
1
25
10
0
0
64
10
0
8
21
227
0
0
0
41
0
3
1
0
2
2
0
170
3
0
0
0
7
0
0
123
16
3144
4095
0
1
6
0
673
16
105
25
0
1
251
315
3
0
348
221
165
58
0
15
0
3
0
3
5675
1133
351
13
31
0
13
570
0
4
529
0
62
58
14
68
16094
0
0
284
5
132
0
1
18
1
0
18
0
31
1
0
28
98
1
0
44
19
454
326
8
0
110
492
0
7
0
110
0
4
50226
0
295
8
2
0
3
0
0
48
54
0
0
0
5168
0
1
306
0
1932
410
7
23
0
0
32
0
0
1
17
62
123
11
3
5
4
291
9
1866
20
0
0
0
0
1
1444
0
0
351
0
0
0
0
1
0
3
2
0
1
114
4811
0
11
9
0
0
0
78
0
0
41
0
19
13
0
2
41
1
5
1
6923
0
0
4
0
54
1
853
0
40
0
156
13192
23
0
1
2
0
1
89
2
6
71
0
3
0
263
0
79
0
0
1
0
1
1
0
410
0
0
4
0
108
0
0
592
0
6061
3
0
0
6313
407
0
9
0
278
0
0
8
286
0
0
0
1
605
6
62
8
4
0
2
57
18
35
0
5
6
0
43
0
62
58
0
0
871
1
43
4
0
505
0
0
11
0
6
5
750
199
0
0
0
1
0
0
409
481
5
0
0
0
7
19
135
51
2
1
164
7
159
1
0
6
0
0
0
0
72
0
67
1
0
13
0
0
4
3
0
12
0
8329
10
2
2
189
1
197
1
0
149
685
6
0
59
6
64
3682
587
4
11
11
0
1
409
1554
1
1
2218
0
238
0
0
5
366
5281
1
0
4438
6
13683
2
10
0
0
0
17
12466
0
2221
541
1982
0
31
2
0
0
8
0
0
0
0
238
150
0
3040
4
21
6
1
12
0
0
242
6
138
0
7356
6
0
45
0
1417
0
17
7
2
1
452
33
19
53
2574
0
0
0
4
111
0
5
6
4
1
0
394
14
0
0
0
13
0
181
0
10851
3583
2730
2496
0
0
0
614
18
230
29
40
9
0
5
7
0
0
0
5
436
7
12318
66
1
132
0
3
265
156
39
0
0
0
0
26
0
0
0
10
1292
10
779
0
0
0
29
248
0
0
0
3
232
0
0
0
0
0
279
1
1994
147
0
1
31
1765
12
0
0
37
0
4
25
0
513
6
0
1
0
7
2
0
0
8
0
0
0
5
101
0
0
0
0
3
2829
3
9368
0
619
0
0
0
0
0
0
10
496
0
0
0
0
6
0
2
2851
58
0
0
0
2
2888
0
1
27
56
54
3
0
1
18
0
190
66
0
5
0
6
0
1756
37
38
25
0
48
0
27
0
8667
0
0
0
891
4
0
0
4151
27437
6
33124
0
169
100
1646
169
100
6
1621
48
21988
30291
45
4769
38
29
1294
24
67
11658
1116
329
22253
73
67
390
14892
4752
1060
374
73
73
4249
147
73
11658
100
2045
4191
1621
0
11
559
559
7713
11430
230
936
230
15350
9724
0
0
15062
23765
54
6
0
19046
559
559
165
197
1236
3
1676
5
23
426
2522
5077
22217
5
328
1
4070
0
10
77
17
29
104
4667
1208
5
4672
1
0
4667
337
2605
10850
6926
10308
0
2021
8231
0
2021
1
18033
2
130
5
6526
1276
944
1207
338
0
8607
1204
2789
2
126
6526
21134
4277
108
2
10875
21134
11
2627
4555
4
9
0
4253
8235
6106
3
148
2
0
7
19
49
2009
250
29
0
496
0
0
11815
486
136
23742
26
697
78
1522
1194
2122
32
2255
30
78
2
42
8118
2
1287
1
35
0
19
845
1793
0
19
22679
13
46
0
168
33
18001
13106
0
14
31
12789
15
0
4493
4
7661
1443
28
11671
0
266
3
436
4
249
84
1714
1475
14
1
3
0
10
630
362
2337
0
2684
15
0
80
3123
3896
1
6
2
0
0
72
3896
5879
0
0
6259
0
714
6
0
198
0
1
1
76
7
84
65
86
52
0
96
5
43
17
1686
0
7
43
0
4885
4
2
251
28
2
0
131
1
58
3879
3484
0
117
42
41
44
112
0
1
2
145
44
16
1
14
0
0
550
0
73
214
55
295
0
1
3
53
20
3
249
0
0
3625
171
8
10
1709
1
105
485
1822
0
5136
3
12
22440
4
0
1
56
339
4
510
2
464
236
0
20
335
17
16
42
32
14433
46
177
430
0
0
1096
0
121
112
0
4
4310
51
0
5748
11384
707
1
5
18
0
505
0
14642
120
0
535
1
0
6
1247
3407
25
0
24
0
0
4
909
31
19
264
12
35
5
0
1
366
0
2
4166
1
0
0
154
8
7
1
4
2004
29
0
478
1
0
3
16
2218
5
300
40
2
0
219
0
240
131
2
26
3
91
6308
59
0
2935
133
0
4
0
2
2119
822
2
0
0
2
1
1
0
11225
12
357
2733
21
5338
8402
5202
18
0
1
0
78
0
2
2
0
197
1
1
308
1
4961
21
1
0
96
0
382
7974
0
0
1
12
0
423
0
45
3004
2
217
5
0
0
0
5
136
5
7049
345
1728
0
0
1
91
6046
0
84
4
8
2
6
19
5
0
0
0
0
0
1
19
2
0
17
13
51
2
0
0
25
51
5787
384
1
1
0
11
0
21
3
3
0
0
15
1
0
0
1515
0
0
961
6007
0
0
1
7
10
13
4
258
0
1
345
0
0
28
3
1013
1285
0
236
1285
81
8
121
50
405
10
36
0
1559
2
5
6
9
13
18
49
86
38
0
26
52
97
38
15
0
18
27
33
1
174
0
94
3946
0
0
86
133
173
18
1
0
346
0
105
0
66
2959
1
0
129
69
0
0
0
0
291
122
214
72
0
0
1
0
1
0
1397
4
1
2
5
6
2
1
475
589
398
0
1017
0
120
0
15
0
143
28
0
15
1321
3
5
2740
1284
0
217
9
79
3471
0
514
0
546
627
98
1
253
3
13
6226
2
187
23
0
3
1
459
8
0
4
627
0
4
2
345
18
111
1141
0
120
3140
1
297
1269
0
0
1
1
0
3
0
1301
0
2286
1
62
21
14
0
0
18
19
30
1
182
0
56
21
44
0
143
1
3
0
0
0
0
0
2
171
232
187
0
3
161
1858
0
1
0
3
82
396
1
120
0
0
312
8170
85
21
4
0
2367
0
4
0
2
0
65
86
0
2
152
0
1682
0
12
0
480
2
1
0
0
3
32
0
8
0
0
678
1
780
5258
123
0
83
0
884
11
0
401
0
13679
896
514
1
35
1296
4
11
1
0
0
0
1779
2
49
0
0
4
0
1
227
24
0
0
1
66
94
0
0
1
17
134
62
0
0
6
1
7
344
0
0
6
0
31
120
1
11
0
118
30655
9
1
24
9507
0
0
247
0
0
3
0
31
5
0
31
0
1192
0
43
135
183
0
0
4
0
49
0
3586
0
0
0
12
0
3
2
264
419
36
766
0
6
0
3
1
19
8
22
30
39
4
0
3
0
2
995
212
2
100
1343
0
10998
0
428
1
1
0
20
2
0
16
0
33
26
40
0
19
263
415
5
69
2
55
3
0
1
1
4
2
3881
0
1
1
0
0
0
269
0
0
60
423
7
0
0
0
0
3
0
0
59
1
17
0
410
0
2
0
0
0
9
3407
1
94
296
1
6
2
1
3929
6812
22
6
840
0
4
9
2850
3
0
4021
6
11
2
3
4
1310
26
4
1431
1
0
7
8
776
1
0
3
2
1361
987
9
0
109
11
0
1317
1244
0
115
1
194
35
1741
10
54
55
0
0
12
19
1
0
1
0
0
2
46
5
0
1
10
2
0
0
0
0
435
0
0
0
0
0
7
6
0
0
0
1
0
0
0
0
6
2
0
21
0
9
0
140
1
0
1490
24
0
0
202
0
0
4
13
6
0
1974
0
135
1259
24799
0
8
3
4
655
0
1
0
1
350
11
0
103
145
1
1
0
0
12635
139
0
721
31
9
0
1
346
0
4
1
188
416
2
870
3487
0
151
34
6434
0
1
0
0
0
0
13
94
1
6
3248
0
726
67
0
499
0
10
9
660
49
0
0
7
1
4
3509
17289
0
3
26
80
1
3
11
0
0
6193
2
1
0
2
131
5
8
2
60
215
13
1
3
35
373
13
0
3
0
0
13
92
51
23
1
2
18
42
0
10
188
0
0
279
3
0
0
14
0
5
0
0
195
0
0
23
166
63
0
483
3
1
0
0
4386
24
40
1
0
0
0
0
18
4
0
0
5386
49
29
8
2
6737
17
0
0
0
10
0
2
10
110
57
0
0
0
0
0
1
49
0
1
67
1
0
76
404
0
148
12
846
0
0
0
2
42
0
0
940
14
47
0
4542
13
36
0
1
6
921
0
1
0
0
0
6
380
0
0
18
0
24
126
1
3
3
0
0
505
0
11640
315
848
5
3
0
0
3
183
0
0
17
2
3
0
0
11
59
0
0
0
0
2
1248
3
0
0
0
43
50
0
4131
0
1
30
4142
1
1
0
1
93
0
3
0
122
0
1
1463
13
211
0
562
4
34
30
0
0
1
36
156
66
1
0
1
130
0
99
1
0
1
7
5
17
224
49
360
255
0
0
0
0
2
0
1
42
0
70
0
0
889
272
0
0
5
267
143
1
0
40
3
0
43
70
2
24
0
0
20854
15
0
0
298
0
0
2
0
1199
0
1027
1
2
37
138
0
18
3
11
34
3
6
0
0
4
1
0
262
0
131
31
0
220
319
509
0
46
0
77
162
6
1
19
181
9
0
14
0
580
0
34
24
0
0
2
5
439
0
0
118
0
2
656
4
1
1
3926
0
2489
1
1
1
0
0
2
1156
0
0
0
701
10
0
2
11877
35
15
37
0
6
0
29
102
11
0
0
1
24
217
0
0
3
6680
162
3
152
0
19
1
0
23
2
0
132
0
322
0
170
62
1
0
12
1083
55
0
14
0
3
1
0
3
0
63
0
1
1591
1
634
0
6319
0
3
124
78
0
29
57
5
385
1700
68
31
0
53
211
4
0
0
0
0
106
0
0
0
48
35
0
11
2
757
0
27
371
34
0
1293
1
8
1
20
0
0
4
54
0
0
1
0
2
4
1
4
136
58
0
108
0
98
5
0
1
0
0
998
250
4
1
1
0
7
0
0
6
0
0
1773
1
14
352
0
752
536
0
5
1795
0
28
4315
59
153
0
0
0
2
0
0
0
0
1678
0
0
1370
11
0
79
646
64
1
8
222
0
0
87
132
977
78
0
14
685
82
1
14
0
86
0
0
1
1
1
175
0
0
4
68
0
2
0
177
0
0
0
20
0
58
0
2
4
1
1
0
56
58
1
10
868
0
0
0
126
59
0
0
0
2
43
37
0
0
0
24
0
2
0
8
12
76
0
315
0
97
226
9
0
2
0
2
670
18
1
330
2
0
0
299
1
1
1
939
34353
116
0
1
0
17
44
23
11
2
0
30
8
175
0
33
5
0
1
12
40
0
0
57
3065
2
0
0
246
1
134
0
0
0
2134
150
0
0
3
153
0
17
0
0
287
0
0
12
4252
0
1
0
3
2
1
0
0
80
439
0
1
1
1
1
1
0
369
258
1
2
0
2
0
11225
10
0
0
0
17
127
3
3
12
0
2
0
6
0
20
1
0
0
129
14
0
3
18
3
6
0
0
2511
0
719
1
24
0
107
0
1303
0
7
0
60
4
92
978
0
86
759
2
0
0
5799
1
3
0
2
1594
0
6
9
7
176
5
3
2295
46
45
29
0
0
2
34
0
81
3707
1
0
1
0
0
7
0
0
1
8
0
0
8
8
0
99
0
1
27
0
1
19
6
440
0
0
0
1
1020
1
19
0
28
1
43
2
22
96
0
183
0
0
0
0
0
0
1
1
0
2
0
0
0
80
0
0
0
0
2
2
1
13
0
9
23
0
0
0
0
0
3
2
0
0
1
423
157
0
2
6
15
0
187
0
0
1863
40
1
0
11
0
0
2
31
20
143
24
0
25
0
0
0
4
66
0
0
3
58
70
16173
0
0
0
0
0
0
0
3
2
0
2701
82
0
0
0
0
0
7
51
720
0
1
20
94
85
165
0
21
117
15
0
1651
0
0
0
296
0
0
0
2141
8
6
0
46
1
1
6
0
11
2
17
1
18
66
0
91
1
0
0
27
190
0
65
6
0
116
2116
230
954
230
15795
19046
230
27763
48
0
9821
230
0
23765
15795
0
261
67
4871
854
10138
0
4864
19046
0
9821
553
0
70
3704
103
1144
6
24407
12436
5001
48609
6
390
28363
192
509
1294
1060
8575
3165
4842
11
289
8603
7337
67
268
530
18836
0
1887
192
48
16
2949
261
6526
134
172
7843
6
12268
4
9
12
0
8298
6526
2
7843
6526
108
4
6526
176
1380
8
5
8209
6526
272
13
21134
2
7
6526
1508
111
17
1193
9009
232
1888
873
13
23
142
2
0
4281
1293
15
0
437
197
761
0
4
12
25
51
727
5
91
40
0
20466
2011
29773
124
10492
61
61
1
2687
2
179
68
324
10
34
906
13384
1
3107
31
179
1715
0
1
3
163
32
13106
0
142
0
5
1979
845
5
107
5
2938
1
0
1
23
329
0
247
5
0
15
0
189
124
489
28
10
310
2465
2214
131
323
0
0
53
218
0
351
837
0
18
4
1
0
0
975
0
296
325
19
203
208
12
5
0
6585
1686
296
2
315
0
0
15294
4
5
95
9886
43
2052
2042
0
1
9406
0
81
27
0
46
13620
0
672
1
720
0
4
0
4
0
7596
7
12
0
0
0
0
1
0
756
148
212
0
1
3
0
0
11462
28
84
16
0
237
28
225
0
1197
6
227
3
9
4
1
28
0
18
161
2648
16
58
64
288
9
4
0
1
2
397
7
0
0
0
521
0
1
99
1360
11
3965
1653
431
0
0
37
1
1
1696
81
5
0
0
0
0
715
0
158
262
23
8
576
275
0
395
15123
136
1
0
9462
0
8852
2
2
752
15
2
1050
0
4674
0
0
27
13
0
758
2513
79
2
1
16
61
72
1
38
851
3
355
134
24
11
40
0
2
186
11
1880
0
66
0
498
0
8872
0
1
1
0
44
106
16336
0
0
2
21
210
1
1358
0
36
18
0
81
39
62
0
0
1
0
436
18
214
2077
0
141
0
5
19
41
0
2
0
14451
0
0
0
21
9
3
45
0
3962
0
1256
0
2
352
39
0
974
3322
6
46
96
0
53
0
1
0
49
8613
7
21
0
1
0
246
28
112
3
15
438
3
137
1347
14
91
414
1
103
31
541
301
1
0
0
3606
0
20
0
1
35
0
9
1471
48
52
2
51
0
0
0
38
0
0
5
444
6
0
155
0
667
176
356
4
13
203
99
0
0
1160
15
896
0
1
59
22
0
695
547
0
1906
0
0
0
12307
1
1237
1
73
0
3
1
4112
3
1
5178
0
0
2
12
26
2
25
62
7
757
23
0
0
95
6
38
16
0
139
10891
0
0
9798
4
174
0
0
0
0
18
646
0
3466
0
0
10
3601
2008
9598
3
0
1155
2
6956
0
41
591
983
26
29
78
2928
2
22
2
0
0
4
11
1
157
1
0
5
1020
12
0
18
7
0
8
805
4595
30
0
0
12
0
92
15
216
9550
7
0
0
53
1
0
412
1454
0
9
40
195
163
0
13
2
0
659
120
14
809
4
1325
2
2749
10
0
0
0
3742
0
3
37
3112
1053
0
1
30897
3
44
1
0
15
0
0
2000
10
13
3
0
0
1
0
244
20
6
49
69
2
1
0
30
0
0
8
837
0
736
2516
58
0
756
3
0
1
0
6975
0
3
0
0
602
7
0
187
167
102
0
0
483
0
10916
1
0
0
17
45
2083
63
0
0
2
0
0
1
1804
133
83
179
2
1
0
0
1
12
0
0
0
1
0
0
913
0
0
387
8
7
49
193
679
188
0
2
0
0
0
743
162
1
0
2
8211
5
415
3
25
0
68
7
11
10285
6103
0
0
0
1
0
6
0
0
0
3
0
15
58
4378
7046
1
1509
1
0
21
0
1
19
23
6568
16
0
2883
0
2
2
0
1
3
16
3772
5
7490
352
4
0
1
32
216
1116
1333
0
1
1312
1
0
0
1588
2027
3057
1
0
0
526
36
0
45
0
2
0
12564
19085
82
918
28
14562
0
0
766
5439
1
16
0
0
1
0
2
59
18
0
73
114
0
0
3
2
3699
60
5
0
378
15
1
1
1
30147
117
0
1
4
3
978
713
0
1
0
0
17
30
0
606
95
597
0
4056
1016
0
52
126
0
0
2720
1
25
31
24
2
30
3
134
0
0
4
18
4
5
19445
86
88
2842
17
1
35
44
0
2253
0
87
0
505
1
0
28
145
415
0
135
6
5
0
1
97
0
2
23
36
56
0
1
7
5968
23584
2
0
1
0
0
36
11
2
0
157
0
1650
73
122
0
0
0
0
20
19
6
1
2524
0
0
0
1719
21
5
8
0
2
3812
2
7
1
167
0
27
8
2
0
3
432
0
4
1
301
155
696
7
6537
1
2
67
1
4
3
15
79
104
3
0
309
2
771
0
11404
0
0
3505
0
138
1
0
66
1
0
274
5
42
85
2
0
381
2
0
1425
4374
5
0
836
7
2
73
0
0
163
7164
1
4
27
23
2
96
293
9
42
0
4
7
11
0
0
4470
7
0
1
25
5
3
2
0
26
1488
0
0
1
1312
0
4
0
21
0
4
0
97
450
0
1462
339
703
0
1
459
0
0
524
2
3
124
147
0
0
1582
0
10
0
96
1
157
0
0
4
0
0
89
0
0
0
2801
11
0
22
7325
11
35
723
0
13
354
4
15
0
0
0
1
2651
3
46
1
2
1
37
0
435
125
0
2
473
0
0
32
0
0
88
699
0
131
139
0
26
438
1591
113
4
0
7
2
26
73
66
115
7
0
18
1
0
1
4
2
68
1
0
0
28
1
256
2
0
0
6
84
1
39
0
36
103
2
49
149
0
23
6
226
27
388
0
0
3
0
37
2171
0
0
0
0
4357
1
0
202
0
1515
0
15
4
0
1
0
0
22
0
0
36
0
12
12
45
0
0
2
0
1
0
1
12
0
412
25
0
3
0
550
1775
0
0
34
0
0
3011
10
47
0
16
2
0
62
30
11600
0
2461
0
0
31
163
927
5
0
4505
63
592
81
0
203
7757
0
0
1
0
0
0
21
0
0
49
0
14
0
1031
18
763
0
0
2
0
0
1
0
85
18
1366
0
0
1875
0
54
22
0
3
475
0
0
13
2
9500
3
233
36
3
0
102
0
4
2252
776
0
94
1
212
0
211
0
1
58
0
0
5
4
3
0
559
4020
359
57
0
13
0
0
23
2
166
0
0
39
7
2
78
9
21
0
0
7
0
38
80
10
218
0
23
0
3
69
1
339
3
17
6
11
1
1
9134
0
0
31
0
0
1128
3
8
2
316
75
1
5647
0
0
1306
0
1
3806
21
0
546
701
338
0
388
3625
0
0
0
750
36
17
0
1
0
10
0
29
6
0
5
0
0
141
7
9
1
670
0
0
0
0
1
10
153
0
1
0
118
0
3
0
26
0
0
52
417
0
119
15
0
8
0
0
653
1
277
1
19
2158
0
1173
8742
50
62
442
0
2878
0
3
374
0
3178
2
69
0
13
1
5
5630
0
0
1
15
0
141
10
1
0
3678
4
0
0
1824
1
1
1
2
0
106
1
1
273
1
0
0
2
0
0
0
0
2250
0
10
53
0
15
0
323
39
240
248
0
0
276
16438
49
0
0
823
211
0
17
13
56
0
0
0
0
0
61
0
1
2
1
3
0
0
46
0
0
0
2
48
154
3
0
32
6
1
34
0
58
0
0
344
0
0
320
37
0
544
1857
0
0
0
23086
21
4
0
69
0
12820
236
50
14
80
34
0
7
0
915
886
4
97
0
0
166
844
0
0
0
0
0
0
414
1
1
4
0
0
1
3
0
568
2009
1
9
0
0
0
7
0
1
0
83
14392
4
0
0
648
0
11
0
657
11
0
969
0
0
121
0
149
5
0
96
9
74
1
6
1
2376
3108
2492
192
1
1
11
630
0
12840
15888
2
46
0
17
0
59
4
1
0
1
0
1245
57
2
964
0
0
41
0
5
27
1158
1
0
0
0
240
16
0
0
94
193
0
29
4
1
16938
1250
0
0
11491
0
1
3
0
0
1812
153
1411
8
0
1
0
0
12
2
1893
26
81
7015
10
199
194
3
4078
80
0
205
6
5
0
0
0
0
11313
0
1151
0
373
0
52
8
0
0
3
0
0
1
7
0
0
13
0
2956
6166
0
0
0
94
465
1
0
1
174
4
0
25
0
0
0
1137
426
63
1
31
668
0
1
3
41
1
7
1
0
0
1
0
1097
6
0
0
7685
4084
3
3174
21
18
662
103
73
1
4
0
0
15
0
21
2
0
74
0
0
33
0
9
2
0
0
2
101
3
1
165
0
0
1
0
5
1
120
556
1
0
30
124
272
0
0
0
1
6
51
22643
6
0
11
38
31
243
0
1
12
1
10
0
4
184
0
0
3
0
4
0
21
6
0
2001
0
1
1
0
0
8
36
1
20
0
0
1
0
0
29
0
26
0
624
0
387
1908
0
402
2
14
1
2
6
1271
0
0
58
10648
74
478
1
81
5374
2254
0
33
0
5
24
19
38
8
2
0
0
0
850
37
102
34
0
1
2
1
2
40
1
0
85
0
0
1
949
1
2
5143
50
2304
0
30
121
1
41
4
75
1
0
126
1
1
6095
0
0
10
0
0
0
10
0
285
52
82
23
1
1164
159
2
2
1669
13934
0
59
11814
4
0
0
34
50
0
120
189
0
0
60
4
1199
33
42
0
2
9
0
0
107
2
910
3703
1
0
2653
0
0
693
0
4
0
2
49
153
1
318
0
0
0
0
186
0
0
0
25
676
96
61
79
0
0
76
1005
5
7
385
73
61
15
0
2
0
59
0
25
0
9
0
2665
0
0
228
6075
530
9138
261
15776
0
0
38
5911
1379
5714
5911
147
169
153
390
3423
790
11
67
169
185
6888
24845
12367
10300
169
6070
20036
3423
0
3274
39470
5001
2622
163
5001
0
163
0
3566
3566
3566
19046
3
1612
302
1035
1612
1612
5104
1587
5704
147
11
87
5088
5104
2045
12
0
302
1541
949
3
727
1194
57
261
91
91
230
49
4212
1
49
780
2938
10
142
3
8
27345
25
255
2094
4
1399
5
5
1785
4
2148
4
1940
490
2426
6893
0
18592
6893
1940
18592
1940
433
377
6077
25901
705
3758
517
418
11
11
13
669
3354
10
12507
27
16516
202
1744
931
826
2
204
34
0
0
3
21
478
53
53
1641
96
0
1237
96
19
42
3981
3
488
19016
5
131
2889
1007
65
63
389
2
4655
0
8820
31
386
22663
20521
0
7469
13
0
386
13
386
50
225
8
0
0
90
1
0
0
0
9
47
2118
71
123
3295
10428
9
2
19
81
4352
4704
7989
0
0
0
0
36
148
148
0
226
474
82
226
1428
3
133
65
3
491
0
0
1
2
3
4
5
0
1
0
10
5
0
6
3
272
5
24
272
0
24
0
16
8307
3079
199
20411
0
79
0
0
0
0
37
666
0
489
5
2859
5144
4
471
59
488
2084
2
21506
0
78
0
1538
0
0
44
1125
26
30
22
2
14660
885
17
69
328
1
0
127
274
80
60
0
138
102
48
3262
15015
141
20
15
1935
1
6
1935
466
6
369
111
13
0
3102
0
1
150
135
0
0
1792
105
2677
57
243
73
11
1
0
10
157
4624
1136
17
1516
625
29
753
0
0
0
1
0
0
0
0
176
17532
351
444
6695
8795
14709
0
13
20
132
0
2002
3
1591
0
18
0
1239
1
0
0
3
4105
0
2208
4105
208
0
1
2
65
101
17
0
0
0
38
6438
0
0
41
3
0
16
0
13
4757
0
2
0
3
574
320
103
1
57
0
0
530
21
9924
2
9520
0
5
275
0
14
0
0
4060
107
0
1637
23
53
0
373
0
8
97
9
5895
4963
20
44
0
1075
2
0
3
0
1
8
15
7065
4
9
9
0
98
3
46
1
1
22
0
0
10
1043
0
0
0
41
0
25
0
0
11347
24
13
4441
3
5424
354
81
4
0
79
9601
0
0
593
269
8
0
2258
3
8
1
190
354
0
25
1607
3
0
0
137
6851
174
19
2
174
3061
0
0
55
91
6
1
348
0
50
40
20
1
31
5
20578
6
9282
0
4492
35
0
15
7
1
74
0
0
0
0
131
1282
0
0
658
50
89
3
12
3
0
119
102
0
2527
0
4822
13
4
2
494
115
81
0
0
3251
121
175
1
8
1181
335
2506
1181
9
20
13
0
0
580
0
9
24
1474
1
1
41
12
3
7
66
0
7409
1
23
29
2496
905
329
0
0
0
60
256
34
23
0
0
0
8
0
26
5
580
25
11
0
107
0
0
0
7598
0
13005
4
12
1317
0
586
5
950
1268
4395
17
0
4
11
0
51
811
1
6
0
8
1
0
0
0
286
3
10348
1
2
1707
104
9
1543
2061
23
61
0
0
675
501
7568
9325
51
7
0
2
1386
1
4
0
0
0
31
50
28
67
1401
1
0
3471
39
1
0
1
701
4547
402
146
90
2
0
0
5
3
0
0
51
139
0
0
1
0
0
3
5
0
11
1244
0
3184
21
0
0
192
3
14
40
1
2985
39
25724
35
414
7
34
13
1
27
0
0
0
5
0
120
608
2
1
0
1810
0
782
0
0
4
0
0
1
55
27
5
125
0
2
0
664
2
28
2545
51
0
1
5041
21
0
1
78
1
0
2
65
0
0
456
3
1047
195
8
1
7119
0
497
0
0
86
10
1358
4
690
1
96
3080
109
4604
0
0
227
1384
0
4
166
6643
4754
0
0
2
185
743
1749
9
6
0
2
27
234
1
0
247
321
0
21
3
0
628
0
13
1
0
0
3
789
70
26
2
0
6
162
0
0
0
2
39
313
4
5
0
0
0
0
0
0
136
1050
1
0
0
57
34
175
0
2
178
36
77
24
0
171
0
0
0
80
0
0
0
304
0
0
215
135
22
96
2
0
43
1
1996
154
1
4
0
2
0
0
1
0
0
46
0
0
0
0
2
2
29
206
12
175
436
0
4
0
0
1
1
1288
3
414
35966
0
120
0
1003
29
55
30
3
0
9
16
0
3
0
699
0
3
0
0
0
1
22
7672
101
756
14
515
51
729
2
1
8
37
2
4027
786
0
0
0
9
45
1
688
8
0
22
253
282
0
28
37
39
0
0
86
0
0
0
0
0
8039
1837
15250
25
0
48
72
35
0
60
12
0
8
14
0
38
3
389
16
68
10
0
0
0
0
20
364
161
967
4
0
1
1
0
0
14
0
0
8
1
0
4833
0
0
148
0
9
0
1
2
0
7
33
3
37
0
8691
6
0
13
1389
582
6764
18
0
0
2
3536
6247
0
0
0
78
50
1
2
0
0
0
945
0
83
1087
1
1559
8
359
326
0
26
320
83
6
5
206
0
0
0
0
0
1124
0
63
0
0
1
1
110
3
0
14
78
0
0
31
773
132
0
20
127
0
0
4
1
21
314
0
18
2
364
455
10
1
3
268
1598
4
0
0
0
0
57
0
0
0
13
0
2
23
53
0
41
23
0
4219
35
3
34
35
0
0
2
0
2
347
0
0
528
0
4
119
47
4
0
59
44
40
0
0
98
1
0
0
0
53
1
187
0
421
0
0
0
1
717
43
14167
37
6
6850
0
0
0
0
1399
0
188
1077
1776
18463
512
1
2
0
5
0
1996
0
53
2
1
0
1
24394
0
96
1
0
0
321
0
0
0
0
0
0
0
0
0
0
102
0
0
0
128
0
2041
12413
3166
1
4
3
1
57
0
0
259
0
0
0
7
25
6
2040
90
0
0
0
58
0
1
2
290
0
3
0
201
0
3
1
1
0
1
1709
6
0
0
5
0
0
0
0
1
1
0
0
1
3
24
0
45
1
0
0
48
522
0
0
67
1
0
0
9
0
213
53
1500
1
0
273
36
0
4575
268
2
0
851
78
10645
1
1701
685
1582
2
1
162
355
29
1
5669
0
0
6
405
0
0
123
62
0
0
0
898
2
1
0
0
0
1
2
1
0
0
8223
0
57
61
383
55
1
5
1
1
6
26
11
162
23
0
0
3
0
0
0
4
6166
0
25
223
220
0
0
10
0
140
19
13
0
20
0
0
1
32
531
0
0
1
4607
1
0
1489
34
0
2049
8
21
3
0
0
0
1
0
0
0
0
1
0
490
0
3
0
0
4
0
27
36
24
0
4
9
0
166
0
0
0
3
0
1937
0
1
0
374
1003
0
0
0
0
648
12482
0
5
23
0
2070
0
85
690
1
168
1
3045
1
109
0
68
114
31194
35
2
820
6
0
0
0
0
754
0
0
0
0
81
1
0
3
0
0
0
0
73
42
0
15
1
0
2399
0
1
0
0
1
0
306
0
612
0
1
0
0
1
142
0
76
1
2
0
0
0
8
14043
18
0
0
0
0
713
50
0
205
2460
0
7
259
0
586
1
108
0
0
0
167
0
7
63
0
2
0
0
0
0
0
0
0
1
1
0
24
1
20
0
42
1687
0
0
0
0
14
0
0
0
0
3
9247
678
14807
157
0
497
9851
2
103
2490
6
0
8
0
6
0
7
2885
0
34
35
0
0
70
63
5
31
31
68
0
1
0
0
0
125
11
0
11
1144
0
0
0
0
446
4
0
0
0
2812
31
100
34
0
2161
1
1
1
254
661
30
7
1
189
10
51
41
2
26
4818
96
0
0
8
0
303
69
0
8
0
495
78
1
0
4
0
2671
0
0
24
10
5100
0
8
0
0
0
7
0
7
1
0
242
124
4
95
0
7022
31
0
0
0
0
22
0
0
0
0
0
0
3
510
2
0
1047
165
0
1
3
0
97
1695
0
0
0
5
1340
0
0
15126
616
0
0
0
0
2
459
1
5
1139
67
332
5
1537
4
16
713
0
227
0
1
0
1
2003
0
0
0
0
0
0
0
172
1
2
0
1
11
6
25
2
70
3
17
169
96
0
0
0
2057
16
0
11
0
28485
8149
68
20
0
12311
0
0
1
1
0
2
0
2598
0
0
31
42
295
3758
0
0
13
0
818
0
33
0
0
0
5
2
0
0
41
0
287
0
0
0
0
0
0
16
0
40
1012
1463
4
2
0
0
5726
92
0
0
0
0
85
65
2
42
0
0
20
1
0
0
26
125
1
14
9
0
1206
0
11316
72
0
3387
0
0
1622
2
0
9199
852
0
2505
1543
2106
0
0
0
10
0
0
0
1
0
0
0
0
0
0
7
0
232
74
0
1
5
2
1
2
1
74
2
6
104
16
0
99
12
0
115
0
0
2
710
1000
0
157
0
254
0
96
280
0
0
58
88
61
2
0
2652
0
11
3
22
0
0
1
23
18
208
0
70
3
0
0
437
0
0
0
0
0
0
0
0
0
1
0
0
0
1
124
1
0
6847
2
0
0
467
0
0
5413
5889
664
1
6
0
68
116
2
13
146
2
12632
10
0
7769
0
83
2
4
2
0
0
4130
397
0
1341
0
2
264
315
2
5830
7
0
0
0
0
0
23
0
0
1
0
3
0
0
0
20
0
145
0
0
0
6
2
11
1
32
3134
0
3
1
0
16
0
0
0
38
107
0
0
2
0
2
1
1
5
0
1
133
6408
0
4
0
417
3134
1
110
1
0
4411
0
0
54
0
13
0
0
43
0
0
0
0
0
0
6
0
0
0
0
0
0
0
0
1
1
0
26
0
8
0
253
32
178
27
0
0
1
6
0
4
0
38
5501
5788
839
2286
642
1612
1612
1612
466
75
1612
180
1612
28
0
1612
2498
1612
1612
14066
1444
163
4220
7896
320
20108
2631
274
210
2186
140
140
7095
140
4238
45847
17050
26520
2008
35545
100
73
11776
17257
3566
971
390
5104
73
28892
73
10314
5104
100
67
3704
3566
7953
2622
190
1826
75
5503
1025
677
15
19
71
40
11
3758
11
15
16101
11
295
11
9803
8204
11
0
11
11
4308
11
16535
1158
10
809
661
20
2318
3217
172
55
12
4
5
59
4
33
2079
3418
11038
103
0
8231
3
3537
28176
337
60
40
6
0
122
60
103
4358
69
284
14
0
35729
29
0
0
18
222
27
0
0
3187
0
516
0
39
53
0
0
0
58
283
30
11
0
0
164
101
9
7
14363
0
0
94
310
1119
2
9161
9641
0
63
23
1202
0
14552
2357
5352
50
78
26
0
190
7715
33
20
15
554
78
153
20
44
347
0
0
3316
2621
403
0
111
179
17559
16310
6
0
68
18
0
3
0
0
26
26
140
0
798
263
740
0
26
0
27
7702
566
35
142
13
358
0
60
2155
12681
73
821
0
411
0
568
11502
329
1
124
1
2903
7
2
3
108
20
2394
0
146
2903
772
106
0
279
18
19164
7442
3
822
146
31
254
0
0
37
43
56
0
0
1
0
173
0
1057
65
28
0
0
6
3
629
175
60
1031
96
0
2
0
1364
14638
208
0
62
135
341
92
458
31
76
5366
247
8
3
0
1
214
481
155
3
0
0
0
64
336
14
17
0
9
13
13739
0
771
2219
202
0
0
0
171
3
25
0
1
38
0
38
1585
1
0
0
1443
3
1
0
1
0
1139
124
2673
6
0
0
3440
0
16
5011
36
987
1270
3286
20
0
1543
2
94
1195
6008
0
0
1549
2249
251
14
133
0
416
0
3759
2554
4
0
49
18
7
2
71
2
13
6
4
8
6
2588
0
0
7
64
1826
1
98
62
155
0
0
4
76
26
0
20
14156
2
26
57
27
7268
1
0
13629
5
3
571
343
0
4
5
0
4
0
68
275
1
45
0
94
8069
38
9
30
106
6251
1
628
50
28
1
4669
0
3
8
823
0
1623
0
537
0
803
30
0
3
77
67
2
29
40
0
40
453
0
16
2676
0
49
0
9489
1
385
539
0
1
1
1
1884
2
0
0
40
0
62
3
5865
3
10
1
153
0
0
519
0
53
277
5
0
23
2
70
12
6
6
70
714
1
45
5950
0
147
311
0
7
17
54
145
3
441
0
0
0
2
1
0
0
0
0
1
10
1
0
23
255
0
2
7
5
0
96
80
0
0
0
0
2
3
30060
4
2428
0
0
1
2
3
0
8688
1
4
0
0
0
1491
191
990
348
13
0
4
11
56
45
20
539
55
0
84
0
1
9214
15
7392
1
3587
0
0
0
286
142
2
11
0
40
0
0
0
0
138
1
0
46
0
2
0
41
14
512
2
0
15
31
134
0
0
0
125
0
1
2
182
2
0
0
0
0
252
237
31
1050
2
30
0
225
125
149
393
783
846
2620
0
1
0
2
0
0
0
0
0
0
0
0
0
18
504
0
7
0
1774
4
1
41
0
39
1839
1
0
7
9
1
1
1047
135
317
1
31
4
45
54
495
732
0
1
12
11
720
16
33
0
635
8
44
182
1
42
22
122
3725
5153
6
13
1
239
29
13
1
86
0
8
0
755
0
0
3
19
0
456
0
3
25
830
0
1064
0
1
3
0
0
1
13
92
0
4
2
13
610
0
0
0
0
0
1
0
2
1
8
1
1
58
57
0
0
2380
10
3173
251
13
878
10
171
9
0
0
0
15
0
3
1678
2015
1
0
1
2
0
1139
7
0
233
0
2
0
0
0
0
0
0
27
216
1
148
0
0
3718
10
73
0
1212
0
129
4
1
0
2
394
51
45
21
1345
0
20
40
0
1891
0
0
0
84
31
0
22
112
0
0
6
82
11
0
2
2
15
38
433
61
3
0
0
1
0
37
4
0
0
0
309
2
0
0
5
6147
0
1083
107
25
1485
1
0
6
0
734
41
775
24
0
57
238
0
11
0
1
0
1854
8
11
0
17
3
4
0
2
164
2
644
1
851
9778
1
0
220
18
0
1
0
15823
0
1645
0
135
0
0
24
2
1
1729
30
51
0
0
0
124
17
47
0
3
0
0
25
0
0
26
0
2
665
77
0
21
2
0
1
3
7
0
7
1
0
0
0
92
51
0
1
3845
1
0
14
0
8
1
0
1
0
0
0
302
44
0
71
20
0
1
115
0
88
1
0
4
50
85
0
0
91
0
11
2721
2
0
45
56
76
0
441
136
0
0
0
13
1070
80
1
1
1
44
2
0
6
4686
0
2
1
797
5138
0
0
82
0
0
93
1500
95
5
0
0
0
1
13
0
0
349
19
1
0
431
4302
0
17
127
51
0
0
3
0
339
0
0
0
0
1
2
2
0
0
7
0
15
1
8
0
0
292
73
1842
57
0
0
0
2949
5
0
1
201
0
348
179
0
180
0
3
28
54
2
3483
27
0
0
21
0
1
1117
0
11
1
9
0
0
0
1
13
0
0
0
0
57
2
54
2360
69
7
0
10
1
2
0
1
0
43
0
2030
4
0
48
39
1
0
16
0
0
0
0
35
877
31
211
7
0
166
21
4
243
545
23
1
13
36
0
622
45
25
0
0
1
0
0
0
29
0
463
0
0
3
0
0
0
2715
0
59
0
0
0
63
1
3
194
0
0
0
1217
5
1
3
0
1
0
0
103
55
1
14
6
14
49
12
691
0
140
1
3
0
156
4301
12
28
0
2
0
0
417
2368
0
357
0
525
227
1
0
0
0
2
19
6
0
0
1
1742
0
0
1
0
20
1340
1708
0
798
8
0
1
2
29
1324
0
525
0
0
0
0
157
0
1
0
0
1
0
82
3
1023
95
605
0
4
3
23
1100
0
408
0
60
0
1
1
0
17
2204
0
0
0
2
27
0
335
0
0
0
0
0
0
0
0
7872
8
0
0
4846
11
1
62
0
434
33
2
0
0
0
0
0
2
184
3
0
103
3
128
26
0
0
1
4
2075
19
1
0
0
12266
0
0
0
0
1
1
0
0
0
54
1
78
1
0
1
9
0
8
0
0
8477
0
1
414
0
0
0
0
0
5
240
0
0
1
0
0
50
41
0
0
1047
0
0
6
4020
1
5788
39
0
0
0
0
10
0
0
0
1
0
16
40
7
0
0
507
42
6
0
2
0
1000
0
0
0
0
3757
0
1089
664
0
0
0
0
1708
0
4
0
0
362
9
1
0
0
2
61
0
0
0
0
0
0
7
59
25
8
0
6
17
0
7
0
0
564
573
0
0
0
0
1
0
7
12
0
2
2
0
75
2
0
1
7
431
11
508
11
0
10
1
1
309
5
0
1
0
13
11
0
0
1
4
5
1
13
0
0
0
0
711
237
811
0
23
0
34
0
1
0
0
10
112
2
0
47
54
101
5
4
20
2
0
0
9
0
23
1505
0
0
0
619
2999
0
39
10
5
0
1185
0
2
2
70
0
36
9
1
1
1
0
0
56
0
0
0
0
0
0
2
579
0
3
0
1
1
6
61
0
0
0
50
11
0
0
1946
126
4
2
0
0
19
0
7
0
50
23
0
57
270
112
0
1
3
0
11
10
108
1
30
1
4
2
0
0
1
0
0
1
10
5
29
0
1208
86
0
5
0
0
0
285
1965
0
0
2
594
0
0
0
2804
0
20436
0
0
0
1
1
0
0
234
0
1
1
1
43
0
2077
0
0
6
0
10
0
2
0
0
0
44
0
171
0
0
0
3491
0
0
1
71
1189
140
11
38
41
1
4
4512
8
2
245
0
31
0
0
0
8891
242
456
77
0
2
0
0
0
0
0
1
0
0
0
19
1
0
7
0
0
51
5
1
2
0
1
0
0
0
0
1193
0
0
284
1
0
50
45
10711
1912
1
0
33
0
178
18
1
265
0
70
742
1
0
0
0
99
0
4
0
0
0
0
0
276
0
50
14
2
942
20
0
17
0
1375
270
0
0
0
199
0
55
928
0
49
15
0
0
0
0
142
0
4
0
1
3
0
0
0
1
0
0
18
0
0
3
9
83
2
10
8
2
13
20
2
3
1
4
1
275
0
14
0
0
2
1
0
0
35
136
82
18
0
0
93
0
11
0
991
85
19
0
1
3
57
0
1
245
0
348
113
7
0
35
3
91
2
0
1
1
1
5
0
0
26
0
1
203
0
0
0
7
4
73
0
2
870
30
43
122
2
253
481
0
0
0
30
3605
0
49
0
13
24
69
1
1
0
0
0
493
2
0
7
7
2227
0
0
0
0
0
0
60
87
4
5
0
0
0
0
0
2
0
0
0
0
10
0
67
0
0
348
1104
79
237
3
3
0
17
14
1
36
369
67
0
0
1
38
0
0
0
1259
2
0
0
1824
24
0
1
4
0
0
0
0
0
637
0
0
0
4
0
0
0
160
0
0
0
0
70
22
503
0
0
0
0
0
33
930
0
2
58
0
0
0
0
0
0
1
4
1
47
1
133
0
0
11
16
22
44
2
23
0
0
0
1
145
0
0
22
0
0
0
4
12
0
0
0
0
1
0
0
0
0
0
0
1408
28
0
1
2
0
5
0
0
23
2
0
0
5
83
0
1
11
24
0
2
0
0
1
627
698
17
1
1756
0
41
1
0
118
5690
4
0
2
10996
3
3
1026
37
4
52
0
0
314
30
0
390
0
1
2
331
5
1
7264
0
0
26
0
0
0
0
13
0
0
24
1612
75
508
128
1612
77
6
1612
75
75
1612
180
302
117
1612
75
15
75
5215
848
1826
466
156
8580
5215
5675
6612
87
15918
12859
28561
4220
87
847
147
274
1450
11815
38
20535
13769
320
8816
16780
5211
169
147
10803
6
0
13228
33899
38
28244
291
147
19762
1060
35427
147
4675
870
11087
169
11
0
1
40
11
1644
1883
11
0
21722
11
295
517
2353
11
0
1604
74
709
1017
29
15
615
54
709
0
1
160
502
3288
2
70
5430
54
14
1
5
67
2489
493
16
4594
125
14
4855
10158
6110
3103
110
1
1086
17972
108
5334
4605
24964
5
51
175
30
61
77
1
10158
0
111
5805
0
30
1029
3025
0
111
13
0
0
513
6
0
111
0
1023
3
0
0
39
20
10512
3
439
7
142
2
2
0
1790
1
4
36
1691
149
13
626
2
0
80
2
0
5
40
3000
4
475
2532
3050
45
42
392
26590
1
10
26948
483
7664
401
400
0
62
0
31
11365
58
111
0
732
26
656
47
26
140
2
0
26
31
26
6
1
30
146
0
0
13261
1
10701
0
0
57
1049
13579
1
0
27
3
533
9366
0
1
0
15
2
241
9225
36
0
4
6
20
0
1
6
3
2752
4
49
18
2
79
65
237
109
14
0
0
0
104
622
0
0
1
73
139
0
1057
65
7
6026
122
0
0
120
0
32
32
173
38
132
0
0
3193
0
24
2
72
2
35
74
1
9
480
212
24
22
337
1
2941
7
2355
65
11
10
78
0
211
2330
1
10
3
56
0
4
368
0
424
19
5
310
0
0
9
6
1066
1
0
37
0
1
0
0
0
1102
0
0
33
950
1
1404
0
54
0
122
1
3
9754
7279
226
53
0
577
599
11
1
0
179
0
3
0
0
579
0
7
1
107
0
762
0
14972
171
0
32
38
59
966
589
3
125
627
0
4749
0
128
44
0
0
2197
39
64
63
1
1
195
0
0
1
8
71
0
20
204
34
16
2
0
15
1
34
12
8
12
159
10
0
1649
209
6908
2124
223
2
1
7
396
120
31
89
1
4
1780
979
0
18644
22
0
0
0
4
24
5
76
0
5199
3
28
92
1
185
538
53
0
15
814
72
17
322
256
41
453
0
54
9
58
5
232
3
16
0
25
0
2
0
16
4
1
2
3
11
0
5
0
106
0
165
24183
1
588
0
0
15
3
0
0
0
428
30
744
149
7
23
1
1
278
1
1
0
4
122
115
2
1
802
0
1637
208
0
0
0
0
0
9
0
0
0
83
1627
0
269
439
10
0
2572
0
0
188
0
0
1539
15
3663
9
0
4
539
1
2
2
0
3
0
747
0
1
0
745
2
0
0
13785
2001
0
1
5
504
434
1
23
0
15
0
2
165
0
134
5
0
16703
1
22
0
0
0
0
410
1
2
7
0
0
1
72
0
0
589
0
7280
2418
13
395
0
0
60
4
227
5
10
15
5
62
1
0
0
42
38
0
1
10
0
0
63
65
98
34
1
0
2
0
7
518
0
5468
5
3480
26722
1
194
0
22
534
1781
75
1
0
204
0
0
0
0
0
566
0
7
0
24
847
1420
0
0
0
8
1
91
0
183
0
0
61
32
103
0
245
4
0
1
2
7
208
2
3
3
7
0
13
16
1
0
10
73
1
4
0
2
2
200
52
0
2
0
0
512
16
2350
79
3
5
0
10
18
2
2
19
1
0
3
20
128
0
5
1
52
1
0
2
1925
0
0
0
65
2
0
0
0
4
0
15
46
18
145
7604
1
785
12
0
15
14
0
253
0
176
5261
29
27
18
2
0
62
39
36
3
4
6
8
118
0
7
1
2
8598
1
0
406
0
29
1331
1381
147
34
0
0
0
46
0
0
36
63
214
722
0
4701
123
1
1
365
1
12
1
159
0
0
983
11
0
383
0
2
0
0
0
2
0
0
2281
0
2344
0
1
4
0
0
6797
50
0
0
13
0
9667
10003
82
265
53
3051
97
2
117
1
3
0
2
8
2434
2
0
7
1100
926
0
0
5
80
41
0
0
0
261
42
1
0
10733
99
5
5
0
0
205
44
136
0
20
49
0
1886
0
2
0
9340
124
3
8
0
15113
100
7
0
6
1964
16
4
300
408
268
0
18
8
5006
23
16
2
0
0
60
1
0
1
2
2
52
0
1082
1
97
1
0
0
1
2566
7
0
119
84
0
14
0
0
2
0
30
2
5
0
11
147
7
470
71
2357
504
0
30
19
203
3
2033
1831
4880
4
0
789
0
1572
17
2
0
4
0
0
3
867
733
6
2
0
0
0
0
1
0
0
0
0
0
9
27
1
18
40
0
0
0
3092
0
0
0
0
0
1
3
0
16
9
266
7
9
224
1
305
1
0
0
3375
0
4
2
2
2
0
1
0
0
2
0
0
1148
0
3117
0
80
2
1
0
15
72
433
73
0
0
0
3
414
1
1
0
1290
7
0
0
61
0
0
0
0
0
0
1
0
1
0
0
0
3
928
1045
2
110
1
1
3949
33
4
0
1
159
56
2
1
112
0
76
0
0
157
92
2
0
11
64
2977
0
1677
0
0
2
71
3
6
5
1
4
2
1
0
8
0
1
31
8
1520
0
1
22
1380
0
10
0
1
3
0
0
87
22
0
0
4
0
1971
12
1
0
1
317
1
4
0
0
0
2
0
0
0
3
87
0
0
37
3
33
0
0
531
0
85
21
4
442
0
0
0
0
776
3633
1279
5371
2
21
0
31
0
75
0
0
10
71
2
3
582
23
874
0
89
1550
0
1
28
0
1
3
35
0
1
1
55
131
0
74
350
79
2
17
16
0
0
0
6
1
0
0
2
0
58
108
5
1
0
571
35931
145
98
296
7
4773
17
906
228
28
0
32
0
0
52
0
0
0
0
0
11
53
0
0
5
0
1
36
0
1
2
0
0
0
42
1735
0
0
0
46
0
111
39
0
1
1
1
0
0
143
20
41
0
8
14
0
0
26
163
0
130
8
18
0
3
14
3
266
2
47
7088
16001
3
6
1
2987
0
0
10
0
2
0
0
0
375
0
3
0
1
0
0
0
0
0
51
0
5
0
0
1
3
1
9
0
1443
0
90
37
0
2
0
91
7
1
0
25
1
1
13
4686
0
0
31773
1230
0
14
1021
2
0
3
31
91
0
0
5
5
3254
66
46
3
7
0
1
2
5
112
0
0
0
53
0
0
0
0
0
700
0
0
0
1
264
53
0
0
38
0
0
0
385
0
1
0
0
3
0
0
0
0
1
2
1
0
48
22
140
1
201
2
1
20
1
2
5
3
695
0
9
4
7
0
17
1
0
0
5
0
386
3
0
0
1
0
0
345
441
0
0
1
4
0
0
0
108
3
1
0
0
0
49
35
102
4950
0
2
0
0
632
173
37
107
38
3
1
70
0
0
675
0
2028
4
1
4
0
0
44
1
347
0
34
0
0
153
44
11
3
96
1366
7
571
0
0
1
0
8
1
443
0
17
28
2
0
0
13
0
0
40
0
0
0
1060
0
0
0
16
1275
54
1
91
320
237
13
0
1
0
8
57
100
6
60
375
0
1
0
0
21
527
0
0
15
869
0
51
1314
0
0
128
0
0
0
17
1371
0
90
0
593
0
0
0
0
0
0
0
27
24
63
36
60
0
69
0
0
0
0
0
0
22
0
1
55
1
0
1
2
165
1
27
0
5
89
0
0
0
12
600
15
22
1233
3
7
4
2441
101
0
1
1
3799
4
834
251
0
0
98
1
0
25
15
1
0
0
0
294
26
371
292
1
0
2
0
0
11
0
1
0
0
0
0
5
0
53
0
0
396
0
4
0
7
0
501
18
0
53
4
3
38
12
0
0
663
71
3
0
2
2
21
2
1
2
2
2705
5
0
5415
5
0
0
0
3
432
0
0
360
11
2
5
3
0
0
0
68
0
0
0
0
1
0
1
0
0
0
1
8
0
0
0
0
0
0
0
0
0
380
24
1
0
0
6
1
51
0
1
7
0
251
2
0
23
29
0
472
1
2
9
7
0
3
5
71
725
1600
40
0
1
1
379
1
0
84
0
0
7
316
0
0
9
0
1
0
361
4
0
101
0
3
0
20
1
0
0
1
539
0
8
2
0
1
26
0
1524
1
0
3596
0
0
11
0
0
2
85
512
0
3
85
0
238
0
5
7
0
0
71
2802
0
0
12
0
0
364
0
1
38
1883
2
2
0
0
0
0
0
0
1
0
0
3
0
0
1
0
2
0
3
55
0
0
0
0
0
0
5
55
15
0
0
0
0
4
1
0
1
1
352
2
378
0
0
1
1
0
2
1
3
0
4
0
6492
104
12
24
1
45
7
1
0
2
715
2
0
26
13
245
0
3
2
0
0
0
721
0
0
6
1
0
23
0
0
0
1
0
2
0
0
0
0
0
104
0
0
19
1
0
10
24
0
0
3
21
0
1
5
96
807
47
1
0
0
490
0
0
0
0
31
5
4
8
1
4
3
0
0
0
6
0
0
0
3
144
0
34
921
0
0
0
273
0
1
0
1
6
0
6
1
0
26
5
2
3
264
0
8
1
1
0
24
1
544
115
0
1
0
1
0
108
694
0
3
238
1
1
8321
39
13
1797
0
5
70
0
0
3
27
0
5
1
0
1342
0
0
39
205
0
2
64
0
1
1
2
0
3
1
2
0
316
4
0
0
1
0
899
731
0
1
0
4271
15
1
0
0
0
22841
0
3
0
117
13
7
4
0
99
2
108
0
2
0
51
744
7
231
2
1467
75
6
582
1
0
205
0
61
7095
36098
38
13228
22516
1709
44171
5104
8251
13680
49880
5592
8615
14349
6
870
1446
4263
4220
35427
1612
21418
5104
12859
73
12859
321
41473
15406
14674
0
19063
9481
0
1531
75
839
418
0
1612
75
1612
1612
75
1612
1035
1612
117
1612
75
15
75
180
1612
0
839
1612
302
1612
466
1612
0
1035
5215
67
346
207
4
14
149
60
103
16
0
0
307
33995
1110
110
12
614
12
327
87
264
21
867
35592
5
1017
8727
3
929
4
2886
12
23
1940
11
0
20
149
8204
11
0
3758
11
0
1023
136
11
2353
11
0
1803
88
295
3758
8204
57
11
517
11
15
11
8204
902
709
149
194
2
116
1186
35
2
9
1
1
80
365
195
212
764
0
1
219
0
249
13445
0
78
19
472
260
61
216
584
16251
21232
3670
71
386
912
111
0
5
0
30
111
510
0
111
627
0
0
6
0
111
0
640
0
510
0
0
0
11429
0
39
30
0
2
3
0
0
0
26010
0
0
947
1689
59
6227
10
34
1937
6851
2485
177
628
388
610
700
1
11299
7042
810
7882
1
5
28
460
10
0
0
1058
0
1220
31
1
1910
0
111
31
1
26
31
2
55
0
0
26
31
55
1788
140
1
0
1
26
0
0
0
111
0
0
1
201
102
141
121
10410
0
3
0
25211
0
12
4
1
12
1
6
4
10025
1
113
95
2317
3388
1350
0
2
59
14
31798
1
0
0
17389
2391
86
0
101
19
0
0
0
0
196
0
0
58
28
6026
122
0
0
160
65
0
25
90
1392
5
28
173
0
0
1
0
3
1
4
25
125
6
29
10
11921
11
282
0
18
101
1723
8
0
0
6833
805
0
5
1
0
109
1578
15
4
1596
0
0
975
387
23
64
28
19
0
0
4816
0
1
0
0
0
12
1380
424
0
0
33
0
0
1
258
34
2
0
92
1585
1669
0
1
1
5
7
529
3571
1
6219
11546
1776
321
881
0
29
38
471
12
460
0
904
30
17
0
4
2
363
4
84
0
0
5
7
8
3597
0
128
5402
488
0
1
34
0
0
56
2062
0
1
0
0
15
71
0
22
1
0
56
0
0
0
1
38
62
0
34
35
34
1477
1
0
11200
0
11
965
38
6
177
114
5
12
101
4
0
49
4
76
1
48
4
0
0
7
74
1
0
0
60
41
1055
444
72
0
2
2
89
1533
0
5
0
0
5
23
0
1027
65
58
5
199
120
0
0
3626
0
0
59
1
0
0
978
52
16
1
0
0
27
1707
112
3
71
3
11517
0
0
40
54
15
675
2
0
0
461
16731
1
6589
0
1305
0
1
51
4504
0
14
0
0
3
198
0
83
63
2
0
88
20
0
1376
1
0
1
1051
0
269
438
61
5
20
0
0
1
89
306
0
0
0
1
0
0
0
11
318
0
14
6
2
0
2562
14257
9
430
0
278
377
1
326
34
7
1118
7
101
0
596
1
45
1
1207
13
0
5
463
45
4424
0
0
0
0
2
35
0
0
0
1
1
2
0
72
0
0
0
33
0
0
2
21
0
0
142
2
0
1
0
8
1
242
1
8
0
5
0
2221
196
15967
4
3798
111
0
0
2
1918
10
0
0
31
77
0
12
2
127
469
2
158
0
0
362
2
22
119
198
0
0
30
1
0
1
0
0
42
1173
18
628
1420
0
0
45
0
0
322
0
0
424
18
36
885
0
0
0
1
202
0
16
0
48
0
16
1
1
3874
29
13
0
0
672
1
26
5
1
5445
23
0
0
100
1049
0
0
0
0
121
0
0
422
22
0
0
0
0
350
8
26
154
0
39
2
2
0
52
1
0
2
8
1
0
0
0
0
0
0
0
0
2
5
213
15
34
19
7
1
750
10
0
0
0
14
3
1
0
0
0
53
250
16
118
0
0
8183
1
1
5
169
0
591
77
41
0
26
25
0
2
26
1
0
3
0
0
0
1
151
0
0
36
48
0
291
3
30
0
0
46
2
0
1
11
0
722
2
1744
7986
0
0
5
0
0
9
5
1
2
178
0
0
0
1
8
0
2
0
3817
1207
17
1
1
5
262
136
0
0
24
2
0
4
0
0
335
0
1
466
0
0
8
0
0
253
0
0
8
78
0
1
0
0
145
1
1088
132
0
0
0
1
0
870
1
32
48
10
0
0
36
16
7
1071
0
8
32
6
0
0
45
179
0
1826
4
1
0
2352
819
33
4
1
83
0
0
41
882
4
0
2
0
0
1
0
0
0
0
1
0
86
97
1
0
0
2
514
0
0
0
1
1
2568
17
247
25
448
806
0
5
5
1031
2
4
161
116
10
427
37
0
0
0
1
93
0
19
364
2
0
34
1
0
1
1
63
1
102
0
0
0
1
2932
1
67
6
0
0
3
2
0
203
3
22
6
0
14
38
0
0
49
0
0
0
4
0
1
2
2
3
0
0
1
0
1
23
2
0
1
0
17
124
183
11
13
1121
2
2
231
0
1
0
1
11
3497
538
5
11
1
1
204
0
1319
84
0
3
6
8
3
0
108
0
534
137
5
3
0
0
964
0
0
0
0
0
0
2
5
194
0
1
0
0
2
0
5
5105
0
14
34
0
1
5
1
1
50
201
0
2
8693
0
0
14
2
203
0
446
1
2047
0
2
3039
5
0
685
266
2
4
0
0
4
11034
2
0
0
0
0
2
2971
2
0
4
8273
2
1
9
0
1
3
24
132
2
3
24
21
0
1261
1
2
0
0
0
214
36
0
0
1
0
0
7
0
0
38
20
0
0
4
3
765
21
2
6
5
554
0
0
2
0
0
2
0
0
2
51
1
14
2
0
0
5
1
1
2
2
2
0
69
1
75
620
0
85
1600
84
3374
2
0
0
0
14
278
5
9
9
235
1
310
1
5245
1
1
2409
0
1
0
0
271
76
124
0
1
447
33
72
9
4274
0
2
442
52
5310
789
5
328
1793
0
0
12951
0
0
2
0
336
0
0
0
0
0
12
16
1
0
0
1
34
0
1
17
2
0
1
4
19649
0
79
0
0
0
0
2
11
6797
50
78
1
44
59
5
1
21
1
31
325
3
14
0
2
0
0
0
112
85
0
322
0
207
14
2
316
0
0
64
0
0
0
20
1
24
28
0
1179
9
0
0
356
0
0
0
0
0
0
0
0
9
24
0
16
0
4212
70
0
36
176
0
10106
0
59
4
60
87
0
8
33
36
0
7
13
7
0
41
0
4
53
1
2
0
240
3
154
11
3
0
0
2
60
1
0
0
4
1
0
1
0
1
8570
0
0
55
0
6
0
0
977
0
0
0
1045
0
0
38
0
1
3
40
2
3
0
0
31
18
22
0
538
0
1
2
1
337
58
0
0
1
0
3
0
0
0
11998
0
2
2
0
240
1710
2
109
0
61
3
0
3
0
14
0
2
4
14490
0
0
80
1
1
0
0
1
6
0
0
0
0
17342
80
0
0
0
1
194
0
3
0
160
0
5
1
0
1
221
0
0
4
268
119
0
11
1
52
0
3
0
324
11
1732
2
0
2415
3
0
29
35
1
0
7
0
0
0
7
1
1
21
0
12
0
27
46
2
0
0
0
0
5
0
0
30
0
455
46
1
17
0
0
0
53
0
0
1
1
11
3
0
0
5
0
0
1
1897
1
39
17
0
1
0
90
2
529
0
1
0
0
0
0
1
0
26
5
0
0
469
39
0
1
9
8
1
30
0
0
718
0
0
0
2
1
3
61
0
69
0
6
22
0
3
3
17
582
0
809
5
0
0
0
68
1
2
469
3
0
18
2
0
1
13459
600
973
62
1
39
4
2
4
12
4
1343
0
5
0
0
0
0
144
1
4
1016
0
1
4
0
0
0
0
1
0
62
5
0
21
1
52
0
0
0
0
0
0
62
0
0
0
0
0
2
0
0
0
1
2343
1
0
22
2
74
113
162
1
123
0
181
8911
0
0
3
2
2
423
0
812
305
0
0
2
2
1
6
5
0
3
0
1
1
0
74
1
45
0
0
0
292
0
0
0
0
1
0
1
0
0
0
0
292
5
0
0
239
0
0
193
0
1
26
13
12
0
0
11
62
1
6
1
491
287
10
285
0
2
75
34
20
43
200
559
61
1
1
0
0
0
1
0
0
169
79
2
2
12
48
2
1
23
291
0
28
21
0
0
254
174
5
0
73
0
0
0
11
0
0
0
0
2
0
21
25
54
1
0
177
0
1
0
0
0
0
6
0
0
3
10
103
0
1
108
13847
1
13
3
0
76
0
185
0
83
0
494
3268
13
0
14
0
0
0
0
0
0
0
0
0
723
122
0
0
0
3
0
0
1
0
0
71
370
0
0
0
52
0
368
0
0
340
1
4
1493
0
1
1
0
0
189
16
33
0
0
977
0
0
44
221
2
0
50
1
1
15
2
177
0
0
37
1184
1
4
1
562
0
47
7
0
0
219
1
0
33
0
0
26
1146
0
0
7
1
6
0
0
31
3
0
0
0
0
0
0
0
0
626
0
29
0
0
20
204
9
0
0
2309
425
0
0
17
0
4
6
14
1
9
0
1
0
124
88
0
17557
8
0
7330
0
2111
217
54
311
0
0
0
0
130
0
0
0
0
0
0
0
256
0
1
792
149
0
20
28
1
0
0
0
0
0
0
686
0
76
312
74
0
0
0
0
131
4
1725
0
393
0
0
2
1
1
0
0
30
38
0
342
0
46090
0
110
0
0
17
314
1
0
2
1
752
0
0
0
0
0
0
0
0
3
1
0
3
10
2
1
0
0
2
0
0
4
3
5
0
0
0
0
708
75
466
236
1557
1612
508
75
1612
1612
300
75
1612
75
21141
12671
5669
230
128
3566
12480
25
559
164
69
230
3294
69
559
249
69
69
6576
6364
69
662
559
559
14099
12091
16
4220
377
209
6
5104
163
603
1890
621
7248
320
320
50
4238
1748
412
766
886
7887
47941
12859
147
2225
23
0
15
1036
362
11
1
0
11
11
903
0
11
0
0
92
12
37911
40
65
8673
147
4
138
110
166
4
6485
4
512
3454
947
4
4003
19482
13615
4
4
0
429
19012
2
105
5064
5847
6
4998
1164
456
46
71
12852
12852
2265
0
35
574
19973
2158
18593
6159
241
9376
19394
2224
111
39
18
1934
0
5805
111
30
0
5997
111
30
111
3
1
10
7
0
131
220
37
10522
46
27
1644
389
3
16887
7
1
0
586
374
1
12
3990
2304
213
4
5
0
117
4168
3853
4037
0
0
0
1
9611
1969
51
0
0
6264
35
1
126
6
2270
431
5
198
11
31
0
1
4
26
11365
208
5754
26
528
31
1649
31
0
0
10
10
12
67
5
1696
15
153
2
15
12
5
11
52
0
142
15
1
807
1
5
329
4071
2
2902
12
2174
70
0
13
1329
2599
1525
16049
3049
18
133
199
366
5021
7566
3690
6708
1
25
134
1
65
0
0
173
32
31
1565
0
227
1
196
0
0
0
0
11
0
1
2490
29
2
34
137
131
1297
16
8
8904
220
26
371
5106
1
18
11
1031
22026
0
132
14
0
0
57
61
0
0
0
320
1573
2
1642
739
2
1
7117
10
24
37
2
111
0
143
4
31
291
2569
4
54
0
2
0
0
0
0
0
0
0
3475
0
11
646
0
8
10
0
17542
2592
594
6412
6963
0
3
4
0
23
1
0
5
67
7220
2
3
47
1953
10
67
21
0
1126
289
7195
556
716
8905
15
1
14
66
2483
0
180
35
4874
51
14
2
394
10
65
1254
56
0
21
0
7328
524
0
0
500
1
0
1
0
6
866
609
526
7
0
113
0
5
0
3
6
19
68
8
25
562
502
2844
12
3
13
1007
5535
6
1
60
2
715
2
7
9
5
6
1256
0
0
1021
0
5368
17614
0
10
36
240
7232
1
26
45
0
24
0
0
4
0
1
1212
174
3851
42
44
0
0
5
4
7
84
0
9366
0
166
14
2
88
266
2
8
4
135
0
306
1
35
3
175
0
2
100
257
11
2
2
2
0
0
40
0
0
2
2
4
0
247
3
335
14
49
9
0
174
0
0
0
180
5
58
0
221
0
235
445
1
20
281
85
0
1360
88
0
16
29
411
26
91
187
2
3
13
15
0
0
0
0
0
9
445
0
0
401
2386
3
17
0
12
0
5140
267
172
0
198
21
0
0
0
16969
1
247
516
44
176
37
68
2
47
304
1
19
5
20
50
13
371
152
12
1
1
2835
0
0
7
6
35
0
9
17674
4
179
16302
10
150
1
11
0
0
3
0
708
486
1
213
489
566
1
9
13237
43
46
0
0
50
1284
2188
147
4
1
78
19
0
0
15
30
2
110
21
1
2
1366
45
1
7
0
10528
1866
0
91
0
34
0
6
0
164
0
0
292
15
1
0
3
55
0
51
241
217
22
0
14755
3
6
1
15
0
11
302
15
0
1
209
0
140
18
58
4
17
0
0
1
0
842
32
5
9
7
0
682
1647
0
0
1445
0
0
871
4
5817
19
11038
0
0
50
0
0
0
0
0
3
14
0
0
0
335
350
2
0
1
2
13
3388
2
1208
2617
1
99
222
363
27
0
448
3
1
404
535
3
100
4
1
2
14
1
1
0
0
9
0
733
23
1
1
84
0
5
0
17
880
6
8
87
182
0
10
0
0
0
1438
1425
2
0
1
88
0
866
1
2
1745
447
0
2
468
26
202
11
345
5
0
302
241
435
599
388
1
0
3
0
3632
300
234
2
0
0
0
0
12
194
2178
0
0
303
0
57
58
393
0
0
202
0
107
374
2
9584
0
0
0
1
0
1
22
3
0
54
36
0
100
4
90
3
26
1523
265
4
466
0
0
6
0
4490
103
0
0
10
3
1
0
0
12142
0
2
19
13
10
1
0
1
36
6489
0
3
170
61
0
13
0
0
237
0
0
61
0
1196
1562
2
30
7
1
1
40
0
1
0
2
10
0
0
217
86
12
0
0
50
0
0
2
0
10
0
4
2
44
0
7
1
881
9558
76
114
62
8
1
1
0
1
0
0
365
5
164
7
29
0
14
0
0
1
4
3
28
0
11
3
5
2
5175
0
3
0
1207
1830
536
2442
355
7
23
0
21
802
0
0
0
0
964
0
0
0
0
0
0
0
0
2
2
7
3
0
6
119
0
122
7
60
0
1
1351
57
0
0
0
153
37
4
858
629
1
23
1
0
5
91
0
1
0
4
39
0
1
349
5
1
0
4
996
6
4
21
16
59
642
2077
0
0
117
1
0
0
6
1
0
2
21
1
0
0
14
58
2
92
6
29
324
94
0
14
1
6
1
3
1
0
0
0
29
1
1
7
13
93
0
2
161
0
8
12
0
3
155
0
2
746
0
0
1
0
0
8
7
1
629
11
2
1
8
0
171
0
23
110
0
0
1
2
134
0
0
1
1
1
8
8859
1
153
475
0
36
165
1947
7
21
0
0
0
3
1
0
0
0
20
0
62
4
3
1
4036
165
2
0
1
10
2
1213
0
2
3132
1
28
0
16
1192
0
15
746
4
0
0
3
1
583
4
0
0
0
1
4
0
0
15
0
0
0
22
86
0
0
0
0
450
1752
0
179
0
1
0
2
130
65
4
0
1
0
5
0
417
1131
0
1
0
0
0
7
5
0
0
15
35
1
1
125
0
1
41
0
0
23
1315
289
209
265
49
196
23
0
0
0
5
0
41
1885
0
3
0
0
0
62
0
0
21
2
0
4
0
0
1
2562
1
6307
15
4
102
89
2186
0
0
2
0
0
1
2
1
14
2980
0
5
0
3
0
0
2
116
0
1
0
88
105
65
0
0
0
15
0
171
10
5085
0
5918
0
43
11
343
0
0
1
10
34
0
36
0
0
0
0
1533
36
10
20
0
333
4
6
0
9
0
0
0
0
0
37
404
7
0
86
0
1
49
51
0
2849
0
0
5
654
0
3
28
3402
0
0
40
335
0
1570
234
0
4
16
0
52
2
3
329
14
0
0
1
40
0
0
0
1
32
0
0
0
0
0
2
5107
0
4
2
477
4
12
507
46
0
5392
0
52
439
0
2
503
1
0
17
2
48
1
0
4
12
0
2
0
0
1439
930
0
4710
1638
3
4
12
1
2
1832
1041
17
4
3933
0
217
0
0
23
145
0
0
0
0
0
308
19
1
82
45
0
0
323
3
12
0
1046
19
0
136
8217
5
5599
0
0
338
1
0
58
2
7
1
14
0
0
0
8
0
14
514
85
0
4
0
18
1
9
25
0
0
0
7
0
193
153
32
0
254
12950
5
0
54
475
50
0
570
0
0
0
0
0
0
0
0
1
14
1904
0
14
3
62
1
0
17
0
9
0
5
0
2
0
71
0
289
1
38
39
5443
22
0
1
9
3
1339
18
0
0
1
0
0
0
4
5
0
1
13
13
12
67
0
6
1
77
61
0
178
4887
8
6
0
0
19
1
650
51
87
1
6
1
673
448
7
0
17
38
2
14
25
57
8
114
2
0
510
689
0
0
1
414
1
2
0
0
0
2
163
0
24
0
22
0
68
4
1
38
5
3
2
94
13
698
294
72
407
169
0
12
0
3
0
2158
0
6
0
58
0
0
0
615
0
0
0
1
2
1
1747
6
1
2
0
0
6
2
72
0
3621
0
0
2
0
1
0
1
12
2
674
22155
583
0
0
0
30
1937
238
24
85
2
0
0
4
1
830
0
3
13
2
1546
2
3
12
0
0
2
364
2
0
42
0
0
0
183
2
0
1252
3
12
3
0
8
9
12
978
22
0
3369
3
0
0
13
6
0
21
347
0
0
2
0
39
3
0
0
0
0
4
3
0
77
0
6
0
1
6
0
2736
68
4
0
146
103
0
0
32
1836
23
0
12567
0
34
14
0
0
0
0
0
0
102
0
0
1
0
0
0
141
141
13
57
138
0
0
1058
0
117
34
14
9
2
1
0
0
0
2
0
0
3688
3
1
181
13
0
130
0
597
0
1
2
0
72
0
534
544
23
1
0
46
0
660
0
51
87
167
0
0
2
33
0
7
91
0
18
2937
0
0
0
11
4597
0
6
5498
2
221
0
0
1431
0
1
4
0
1
2
9147
4026
257
0
0
0
0
0
0
235
5
0
281
0
23
779
0
1
0
0
257
0
0
3
4
3
0
2
187
1
2
0
0
2
0
80
0
7
775
7
0
0
1
0
1
13
0
0
0
0
9
0
1
0
3
4527
265
4
2
20
1
24
0
10975
0
0
0
150
0
0
1
7
4
0
1
3736
2115
1
86
390
0
0
1
353
15
5
0
29
0
36
36
37
0
72
0
179
7
0
9
0
57
1
0
3
0
8
1
4
0
21
0
5
3
0
0
2
2
0
0
18
0
0
0
70
0
0
0
1
848
0
64
0
0
0
0
2
0
1
205
0
1
0
0
2
1
11
0
10
0
11
6
0
3
0
3
56
1
1
2735
0
2
49
14
56
5
2
238
0
0
0
1
0
1573
36
6
0
0
0
0
0
17
0
86
0
243
104
27
177
2
0
2008
11
0
139
145
1141
0
0
0
0
251
61
0
490
63
4
2
1
6
4
3
1
6
26
0
3
0
0
12
0
7
2
31
1
1
353
3
65
254
5
0
87
128
4220
8251
8518
169
4002
770
0
22423
320
11
12867
11184
4030
320
14674
797
20033
10353
4238
12859
10343
6
4066
35427
28875
31988
9950
28222
320
73
8294
2752
302
12859
11
1612
16646
10505
509
15209
25
6
4220
87
62
100
1264
16025
842
1587
408
32277
13731
11581
11
3086
0
5669
54
48
169
8934
949
40
38
16
35954
449
552
1100
826
214
3
11651
2
6
48991
12852
491
8020
1
13
3875
12
493
110
0
12
0
2
3
2789
27419
71
1089
263
140
241
31772
2849
1405
349
38
6
72
0
38
56
603
3
0
331
0
0
0
4
5960
244
0
30
91
12
1996
1721
678
4807
35
0
601
1
153
0
215
5378
626
438
533
66
0
4282
0
1234
34
5
3687
79
0
164
15623
41619
3268
2
11
251
643
5
1
26
4682
94
16336
90
33169
2
230
224
0
380
77
0
0
1
1135
127
29
2
93
32810
16509
33
2948
24272
224
1540
4509
11779
1934
178
67
483
95
9
16882
12
0
4031
7166
500
0
3734
253
4938
8
277
263
11
1271
0
8
29
254
154
21
21
50
2
449
1
3
1
18
14
3
5
2
1
79
1
34
0
8
4
5
1386
383
978
0
4
1
2
0
1
0
0
6444
11325
347
15376
626
27
13
322
691
362
1
90
1
0
4
90
22
1489
164
0
0
110
0
1490
0
12
2
3464
29
31
41
490
4
4822
1
3
20
53
73
4
260
2095
254
13097
196
10
16
0
7
618
7
75
1767
16015
0
529
1
85
0
5
9
129
209
0
1
0
0
1812
3
42
74
7
544
93
22592
1
165
600
29
1
92
2
0
2184
10594
265
0
12
0
6
86
7851
1
1
0
5
1
0
0
6
1
24205
196
202
0
0
16
0
0
6
346
0
1804
2
1
2960
20904
0
1
24
5
4710
4630
2
2
0
0
865
36
0
5
68
12634
0
1083
5486
270
122
2127
0
1463
0
0
56
1
0
0
11363
0
3
50
0
1
70
0
88
4430
0
0
2
2500
1
14
0
0
23
155
0
4
10
48
117
12
64
214
0
1
179
5293
0
14
0
59
0
0
4
181
19
1
0
5600
8
0
68
2
255
3
174
6
2556
0
17
0
257
0
1
0
582
23
206
69
11851
90
166
0
2
2
0
0
177
2
3
12
102
63
3
0
0
0
1
162
2
0
15
1
0
4
4
4
4
0
14
181
344
416
1540
0
8
0
1
15
1
10032
6454
468
0
120
0
0
0
1
1
7
99
45
629
43
0
0
3840
1
0
0
105
6675
0
0
3
0
1
0
6
253
53
3
0
8
5
7
0
1057
73
36
22
21
1
0
1205
0
0
20
107
6
0
16508
0
0
6
183
18
0
733
0
6
251
0
0
591
0
0
8
0
1
66
0
45
0
9
987
0
125
1
67
2
49
5237
486
0
1358
0
4188
0
17
0
0
2
0
0
2
700
0
53
0
6
0
400
0
249
1
15
1
6
5
1497
0
16
2
6
163
3
310
5
2
3
0
0
10630
759
0
158
8363
2
1
7247
11
1
3
839
154
0
3471
3337
335
83
2
10572
3
10
0
64
1687
621
1
0
0
0
12
0
2
1468
52
20
2
138
16
23
33
141
8
0
150
250
1318
6
9
1
1
0
2
481
166
132
2
32
1
4
965
6
1
0
0
56
2
16626
126
3
0
11
6
76
21
359
0
1
7001
0
0
351
16
36
56
15
109
22
713
8
2
145
0
0
24
1
164
8
2
0
175
2
3628
2
0
22
23
0
1
0
200
2
1
0
10
10
3
4
4
1
35
9
4999
0
44
42
3059
6965
5797
2
170
566
0
1
0
4
105
0
416
19
0
134
617
6
9207
256
0
145
7
39
0
408
18
0
176
4
11
35
0
361
0
1
0
8
1
770
4
85
0
25
3
0
0
6
17
0
53
0
853
1
684
0
237
87
1
2
165
584
344
657
452
105
716
7
0
1
2
0
37
1
287
73
212
10410
0
0
10
3
7
24
11
2325
207
5
3
13
0
35074
2
107
4
3
0
0
0
8
3150
272
0
0
5
422
432
82
0
276
0
1
3
13
33009
1166
10
1
7
28
336
0
1
42
4
5109
20
0
7
0
0
30
0
0
5
20
50
29
0
1857
1
2
8
0
1332
0
11
14048
35
92
0
0
1067
0
377
139
2
0
0
0
156
149
10765
5
8314
4
2
13
1835
1
14
135
0
3
1
1
328
1
0
0
317
7
46
0
0
0
1
1199
20
76
7488
0
15891
0
1
0
0
1
6541
10
82
0
26
2479
9225
10
66
0
0
1
0
2
0
42
10
6
3
3
4244
1095
0
3
2034
2
0
16
8
2
55
359
5
1
62
135
0
2
0
187
0
1
3
553
150
0
5
0
5
11
5
17
64
14
0
140
3123
0
1
33
1
184
1
0
12
0
0
1
5
6553
5
0
0
5069
7
0
271
29
1
1
0
49
6
0
2
4
0
0
0
0
0
3
50
2
170
457
1
0
1
349
0
0
3
223
3985
285
10
3
180
29
0
73
936
0
4
2
510
7
7
59
83
2
5038
5
637
4
2
2
13693
1
0
0
2392
17
11
228
0
359
0
33
1
0
291
0
0
0
234
0
1113
5
1
1
0
1
239
512
0
9
1
727
13
0
43
192
0
412
44
648
0
0
0
0
0
38
0
0
0
3
2645
0
450
1
0
6
102
217
5491
6
9
9
2
63
0
40
4
1
172
1
0
0
0
24
0
515
0
243
4
0
8426
0
6
39
1
1
2
0
2891
49
2402
1
4
119
120
1
0
1
168
9
0
12
157
2
0
5
3
0
0
8
225
0
0
77
13
1
0
1
0
187
0
0
15
0
0
204
0
0
40
312
0
99
11
2
70
0
6922
5
2
2
0
0
0
10
2326
6709
0
0
36
1
3
0
2
22
0
10
171
64
0
204
15
99
2
67
10
202
33
3
6
3
0
52
6
1
144
92
0
0
184
4
0
0
0
1
14
3
0
3
0
0
15
6
3
4
153
60
0
37
0
0
9
3
0
0
43
26
48
0
10
84
0
213
597
215
62
131
12
1
5
0
1
0
2
0
1
1
0
2
2
0
0
0
15
0
0
6
0
148
41
6295
1
0
259
3
43
0
2
32
704
2
2
13
0
2
0
3
0
0
0
39
0
0
0
13
17007
0
62
5502
53
0
10
0
6
220
0
1
265
0
0
13
0
0
55
6
0
0
0
0
0
32
1
20
1
202
5
0
859
2127
4890
37
0
0
98
2
28
2
4
256
614
322
0
2
4
1
1
1
15
1
0
132
6
1
9
0
1618
0
0
53
4
1
22
0
0
9
0
0
58
0
150
118
2
1
2
4
0
1
2408
4
9
0
0
0
0
0
40
40
166
1
11
4297
0
53
52
658
0
296
0
23
0
0
0
1
0
4125
0
2
0
1956
1
7
0
1116
10670
80
0
92
15
0
3377
23
27
0
21
223
0
0
0
110
0
1
176
0
16
0
0
1
55
0
126
1419
0
0
3
1505
23
1
0
1
0
9
1
2
2
181
0
8
25
1
54
0
318
6
0
274
244
2
0
23
497
304
1
1
22
0
1
0
809
0
127
1288
198
0
13
0
13
0
1
1
0
0
0
0
103
4
1
1
8
0
3
1
10
114
7
7484
0
10
0
5
1
5
3300
131
0
209
2850
183
1
0
1186
1574
49
41
1
0
1
6
0
123
5381
0
0
0
0
0
1
0
1
0
47
0
0
6
0
0
0
0
0
0
0
0
5
29
607
509
2167
0
78
648
2
43
1
26
5
61
4
0
62
0
2
264
0
0
0
248
3
40
2
2
135
18
0
0
3
2593
392
0
6
79
1
4
9481
648
45
0
13
47
1
0
6
0
3
0
1
25
0
0
0
1
1
1199
20
223
0
2174
0
93
0
0
0
0
0
18214
5
390
169
497
0
0
0
2647
0
280
13
12
3
0
1
556
0
3
2
445
330
0
0
904
0
26
0
0
27
1026
96
1190
783
0
0
0
3
0
24
44
25
1
5
12
0
14
2
0
4
0
1
0
0
0
0
12
1
0
0
1
0
5606
0
10
25
8
140
931
5
0
15
0
5
0
0
167
2
0
0
25
724
0
1
0
0
68
0
2
438
11
3
0
5
0
341
9
331
14
0
1
1
0
0
0
3
0
0
0
2
12
0
1
205
57
72
117
1471
673
4770
6525
212
0
0
0
426
8
3
11
416
5
0
9
0
6
0
78
0
1
5
0
13
19
1
6
23506
0
3
1
1
0
161
0
0
187
2015
123
0
0
58
8
0
0
19
2
64
1
9
61
331
0
0
2
13
0
1
377
564
29
6
3
123
27
1235
6
43
1
203
31
75
5182
0
69
8
0
0
46
35
2
0
2
18
1425
77
5
1
50
9
2
0
1
388
0
1231
6
72
9
1
4
0
80
14
76
0
498
1
2
0
1
91
4
2
19
3
1
10
0
14
0
1
0
0
1
0
698
3
0
728
4825
0
0
0
0
7
29
1
6
1463
0
4
24
6421
1250
9154
2
1
371
1
70
0
0
3
0
0
11
0
11
40
2
415
0
0
0
4
1
0
23
99
7
9
237
2
9
0
0
450
0
1
30
0
0
0
0
18
0
2
5
5
0
21
0
58
206
30
0
0
0
21
9
0
4
0
0
78
52
4686
1
1
57
11
0
9
81
7
41
2
0
1
2
0
53
1
5
3
1
325
0
1540
64
3
2
4
44
0
234
0
11
1
4
0
71
0
5
1
6
1
0
5
2
60
0
0
76
0
22
148
4
0
0
0
0
1750
2887
8934
169
12629
3263
5669
11918
100
0
0
156
5659
440
5669
30
3263
5659
169
440
169
2960
0
606
48
14360
440
3263
103
5659
5669
2885
5669
6
2045
5104
179
12859
10353
5104
2086
0
2001
147
320
12662
35427
320
15922
5104
158
1877
355
12859
13755
1666
26908
355
2669
4002
770
1420
1060
4238
12859
22664
4807
11900
2338
457
12
3
5972
992
91
1419
53
394
12
594
457
53
678
394
63
26643
91
1740
1721
265
784
457
3181
53
12
5387
12
61
2
0
0
5876
1952
121
24
2886
58
6110
4
31
13581
1055
1560
386
4448
2824
8199
6040
7
7
246
17896
3308
48
1100
5416
1962
625
3323
244
483
207
55
730
7
2
4
1
4509
878
1504
3
7
78
730
3293
3046
3
970
0
4509
652
178
29153
4
730
5380
2907
7
4309
11779
28
487
333
0
10
203
2538
505
13270
42
18
11
253
62
23
0
13
2813
0
4438
1
229
50
5304
854
5896
3090
5378
250
176
1904
16
0
2064
626
5802
4
441
10022
296
39
626
8
9
14269
441
152
4
110
8060
14269
35
16
626
8
322
0
2476
4
0
44
441
0
27
491
27
17
2634
8
127
12
1104
1
161
212
31
17
77
6
169
35
21562
5171
1
36
2
4
4
0
137
149
90
938
0
4
3
0
51
0
0
1376
11
288
1323
2302
3
143
497
1
11
21817
1690
73
5
1
259
0
3
119
7
70
2
4741
67
88
11
35
42
0
3
0
13
42
94
2
3
3
137
2185
0
0
656
696
0
347
25
5179
1
535
0
1
482
1
219
0
0
0
0
4
23
2
985
249
54
10
24
921
49
360
12634
1378
99
1
24
0
14
0
6
1
0
47
12634
1074
5486
858
7
53
1108
0
24
3115
0
862
4147
222
0
8548
96
20
450
0
1
0
109
117
9
27
4
140
0
0
0
81
26
776
0
1260
166
687
387
32
0
0
1666
0
1
6
1785
86
0
0
929
8
3
4
0
0
0
90
41
3
0
0
2809
418
3
5
20
329
0
1229
233
2
0
103
6329
0
7
75
305
2
70
1
2356
1524
1751
5
1
0
48
0
32
1
159
8
0
0
98
0
1
2
0
5612
9
1593
0
0
1526
50
55
117
218
0
1921
0
4
12194
1
10
0
7689
1921
2084
0
947
53
1715
116
132
1
7
5675
8
0
79
9
1063
1921
6
5
0
12
79
0
1159
24
47
2
13
1595
2
223
0
5
19
2
2
58
1
1619
134
4821
1284
628
1
8
1385
2
303
16
25
0
1
532
0
9
1
790
1031
81
3
0
0
36
1
85
219
2
0
878
2
550
15
0
0
36
13660
1149
17
12115
0
4485
12458
49
1479
483
188
0
76
0
1
63
5
0
1
10
0
0
0
6
7
3
4
1
0
0
3
2
0
253
0
0
185
1
1
0
0
212
1
9162
44
449
0
0
1
1652
3253
517
2
1293
9
49
1
257
0
124
8666
2411
3385
5
1
0
12
2
2
25536
3
0
0
0
3
73
4
143
431
38
1
1
1
0
0
763
2
1
0
2038
95
0
1597
3
9
225
0
0
35
0
0
4
4
6
0
19
142
4
0
9
40
34
0
0
74
13
0
114
12584
0
0
0
0
0
3
1
31
0
5
0
0
8
0
0
17
4
0
0
0
9
0
1
5
0
0
3574
0
31
23
0
1
1
0
5
94
0
0
7
0
0
0
1
1
406
0
1
3
0
3853
14789
0
11
0
5114
1240
1319
3048
0
7454
0
6
37
2
0
4980
11259
5
31
18
0
1125
34
0
0
0
0
5404
0
0
284
1781
0
1
3
15
0
0
23
43
78
2
2
0
2
0
87
0
9
0
0
1
39
223
101
0
60
0
3077
413
0
15
17
30
5
0
0
0
0
177
149
1
0
5
15139
246
1
9
0
3759
3
291
228
0
0
22
256
2493
8117
46
3253
21
53
4745
0
0
53
235
1
339
7
11
83
3757
431
113
39
0
1
1041
3
1513
3770
6
0
2
0
56
0
1
1646
0
0
2
39
10
0
11
9
0
1776
4299
42
3
19
0
12
3004
2
0
0
0
7194
22
6
0
12
2293
17
1044
7
1
18
689
2
1530
516
1
0
4494
83
0
0
0
7569
3
5112
0
2
29
24
0
0
0
3
2164
0
806
0
46
1
14
7
49
38
5
0
9
1
0
0
0
0
5354
1
54
172
12775
14029
0
66
9
1
0
57
4914
4688
5
0
0
0
1
70
0
0
0
6740
7
0
26
0
0
0
38
0
1
5
1144
9
0
58
0
0
0
0
122
1
1
25
3
0
1
0
14
9
1
17
0
57
50
1470
1413
65
10
0
0
990
43
0
406
0
3
6
10
0
2
0
0
267
0
27800
0
1392
0
2538
0
0
10
3986
0
1755
0
0
6356
0
0
6473
4
118
10
0
6
11
0
0
0
1
0
0
1
1
1
1
0
0
8
1
319
1
0
39
0
16
195
57
461
4313
924
516
1703
0
691
0
87
0
4
20
87
0
1
2854
4826
0
0
229
26
1
6427
0
0
0
0
0
15
892
2918
14
5
1416
17
15
0
0
1
0
28
0
43
5
31
9
435
5899
38
2
1
0
0
101
31
28
0
348
380
0
0
2
18
4
2
1599
32
1551
240
0
215
10
41
1551
0
0
0
0
93
1
100
0
0
89
31
0
1875
0
15
0
0
0
66
2
0
59
0
0
68
4529
0
0
15
22
0
0
6
0
214
0
3
434
0
1
1
0
1032
74
7
10
325
73
166
29
0
1
0
23
22
2
11
1400
0
0
5081
58
655
0
3874
4177
0
6304
56
1
1271
1347
10
2619
1
0
253
0
46
9724
2
0
0
0
0
0
0
0
0
119
9
45
427
427
6
0
0
0
0
0
0
0
0
8
2
2
88
0
2
0
290
10
1
0
900
1
102
0
3601
0
0
4
1180
10
1468
0
0
0
1
1
0
473
0
0
83
0
31
0
0
45
0
3275
0
2375
1
4226
0
24
0
0
0
0
0
73
621
10
1922
0
0
2
101
0
3726
0
1978
3
3
2773
0
77
0
0
0
0
0
0
2
12
0
31
7
81
110
1447
621
1
28
85
444
0
2
0
1
0
6300
4525
0
37
54
0
0
9
836
43
0
3
0
833
56
2
0
4
2517
0
1
8467
0
1
0
0
29
0
115
0
1
373
148
1
1
71
0
0
130
0
2147
2
21
4677
4
10
1277
0
1
23
0
4102
13
2
0
2
1
0
13483
0
0
2119
0
0
312
145
728
40
0
0
0
28
0
0
19
0
0
842
63
0
3832
1
4
1624
0
7
2592
0
0
1
0
0
4
6
4
202
1703
4
0
1
340
0
1
0
31
1
2
450
0
0
0
8
1
6
2
0
0
4564
5
18
727
0
77
4793
38
2
14
10
1009
115
0
0
19
7182
0
0
0
0
11
0
2873
0
0
0
3670
0
1
4093
31
1
43
9
113
2716
975
4
0
4
0
3
522
0
9
0
205
493
0
2
2
1
609
7
0
10
29
9
253
0
0
0
16
74
0
0
3
0
6
117
102
1
87
64
882
0
0
0
9
3
2241
0
0
0
0
51
114
0
0
78
714
846
0
2858
43
0
941
8
3
0
1
71
0
2
52
3
2
17
2
0
2
0
28
88
993
0
1
47
6
26
5
18
39
64
461
0
6
28
0
1008
0
4786
1442
199
1
0
0
0
72
31
0
0
0
1
40
1
40
2953
0
0
956
31
985
0
2769
0
129
0
1
1
7
1
0
1
0
0
506
0
0
18
63
6
1
125
0
3
0
2
4
0
0
5
0
9
13356
17
5
4
9
2
398
0
0
1
1
515
5
1509
0
2
0
0
2729
0
1213
337
0
0
1737
0
0
1
0
0
302
0
0
0
0
0
15
0
0
0
81
8
4
140
0
0
0
0
4436
70
0
0
81
1
9
1
1
205
0
11
0
189
0
0
366
2
0
3
4
44
464
1
1
2
131
1086
9
0
445
0
0
0
3
0
0
475
0
3
0
27
0
239
0
0
8
0
0
0
0
0
0
2
1060
0
107
71
236
1
0
0
4
77
0
2164
2
0
0
0
0
17
0
23
1
16
27
0
20
278
2
0
2
4
1
44
1
1013
2
5
0
0
0
0
0
0
4391
4616
8
0
0
186
0
0
0
174
0
7
0
0
20
0
0
0
2
27
0
0
0
0
6
1
0
26
0
2
1
0
52
3454
199
454
74
1990
9366
0
6
0
136
4
2
2
2341
0
0
1
1
4
20
3
38
2
1
8
1
0
0
3
0
0
80
278
3
0
0
30
0
0
2
0
0
374
0
2
37
0
4279
3
0
0
0
0
0
0
0
176
0
0
80
3
0
0
0
0
0
3
47
57
536
0
62
0
0
13
94
0
0
1
1
2
2
1
0
1
0
0
18
1
52
1
0
0
0
0
27
4619
0
0
0
0
0
0
0
0
0
0
3
0
301
0
0
0
0
0
16
0
0
0
0
96
175
0
0
6
0
9
5708
10482
0
1
0
18
220
15
0
5041
1
21
2
0
0
2
0
0
0
0
1
0
0
31
3
13
6693
0
0
0
1
1
830
12285
0
0
0
0
2
0
0
425
0
0
0
27
33
0
0
943
0
0
0
0
17
1
2
0
1319
7
0
0
62
1
102
0
6
34
1
126
1
0
20
24
16
0
0
1480
25
3
0
1
7521
38
0
0
0
5
8
5
0
0
0
0
0
87
18
0
4
0
0
1
0
0
0
0
0
2
0
338
2
0
0
1857
0
0
818
0
0
1472
0
10590
1
187
0
0
7
3066
329
0
0
0
0
4
0
0
0
1
1
141
1411
10
34
0
5
389
1994
28
841
18
7
1
0
378
0
274
320
12859
302
15965
3882
621
12859
19790
12859
1709
38
5825
12859
12859
2225
6
13382
390
390
83
390
8149
201
0
0
8518
67
15582
11
6
1201
48
8666
11767
1234
155
6
847
335
71
6
2634
185
5675
3061
12733
0
5104
28
128
14079
6833
7553
5010
3566
13772
5104
12177
3086
28
5104
5104
659
1879
241
8522
41908
98
11
10820
5630
0
2991
407
9320
0
29
15
18001
0
27
44
44
3181
44
84
18
91
91
2
143
3773
1429
23
3
2080
11
68
22
76
231
28190
0
457
105
34
0
1
1
193
1940
0
7983
4422
52
3
8
2
1127
20
0
3280
560
27001
0
0
123
2
0
183
670
8
17
567
1363
2856
80
56
3
3
151
735
0
0
4247
224
224
25943
224
1
5
6871
6871
4
38
4
441
0
693
9291
77
2
51
4192
1
0
34
21
3
1435
33
0
21
9617
4732
333
52
10
6
5
73
2787
227
6
333
0
3
138
333
333
8427
0
250
3218
2
5140
5861
120
2
2
0
9
835
2990
8
2359
1040
7
8
1
1
497
1
231
5
163
209
14838
0
627
1995
312
6099
0
0
0
3348
1
4131
7
62
0
43491
0
6
51
2
0
3
260
429
46
0
3
16
149
341
1
3474
296
11108
299
2849
8681
2954
8371
0
38
3427
1
8
1
361
0
3
0
0
37
10
877
3891
3237
0
10775
6040
36
41268
7
4062
0
11
1
0
884
3
18
0
3
145
1916
98
11
1
2369
1
64
6587
20
6
238
30110
364
6006
16
16116
167
3
9
0
240
188
0
2
1893
0
15695
10
5
17
0
3
4
3220
0
0
2
3
0
1850
0
2237
2
179
71
16
0
1383
38
16
827
1539
105
6116
571
18
2
0
3
68
0
41
0
7071
214
0
868
382
2
1
15
60
62
0
0
0
1138
20
607
0
11306
3891
3
3
6106
1303
0
206
6
396
0
18091
1312
7479
253
20
1
409
1
0
0
1
8
15
0
1
2317
109
1
6
23625
1319
0
53
28
6656
2150
0
2
3347
5
3040
1
43
135
7
6
217
3323
0
0
0
0
76
101
49
1054
0
7717
0
230
0
47
618
0
0
7
3
0
16
0
2894
912
2519
838
26
141
7837
31
416
7
1876
92
1
239
31
0
11773
22177
0
2
16
2
3
252
10
12033
349
141
0
6553
88
1791
8
2
464
0
6133
0
1
1854
7
32
0
0
22
1846
0
0
1153
2222
0
12
293
513
7
393
1956
389
679
3868
6040
109
1
6713
0
107
5
1763
0
0
0
4
837
65
0
210
2645
1
188
0
4
1476
147
59
109
37
27
1
7584
7
26
4
39621
0
13
1
1
1
796
2
10113
1
1
135
2
15
1607
36
4
289
1
0
1399
1679
11
74
2723
1072
0
35
45
8348
2163
0
0
1085
0
0
442
0
794
0
7
0
43
11
0
167
0
30
1
3195
13
589
0
1
582
1295
0
1
131
28
5
16
2192
104
1357
22
1716
0
0
4
49
16
1
0
0
5
2263
6
21
1128
999
1223
0
0
2334
225
124
0
25
4
22
2
0
12
8
620
663
0
62
594
34
0
62
93
1
0
4677
5
14636
590
0
0
11
16
0
2
2
2099
6
5962
2
12
1206
32
1
12
9
2
2
2463
0
20
0
0
3
190
849
2
413
0
0
0
4
33
4
0
331
176
5
66
41
0
473
0
1
0
0
119
470
1946
1023
1
9
6855
3
0
6
49
0
1
5
7
0
31
95
763
6
57
0
0
1
2
1
6669
66
1300
10
8
0
156
3
207
17
0
11
0
0
0
24
270
689
564
0
4
48
44
0
20
878
239
2
3
3
74
431
0
44
0
0
1
10
287
145
18
2
57
0
4
0
4
0
0
0
1402
0
14
60
536
0
2
0
407
2
51
1
4
0
254
2
138
583
1
0
27
12
621
17
18
0
0
0
42
189
3
654
522
0
708
9
50
2
2416
0
19
5
0
14
82
920
731
29
1
1
177
0
3
0
194
1594
0
0
1231
1
391
0
0
11
124
13
0
12
28
0
0
15257
0
0
0
16
0
9571
0
4535
1
18
9
2098
0
81
0
123
0
0
0
0
12
0
834
53
0
1685
687
1
122
1327
49
1
0
3
2
960
28
0
1
8738
20
0
0
0
0
0
5351
31
0
95
70
24
0
1
0
2
0
252
0
53
7
2
13676
147
1
66
0
17428
1
306
14
3
105
20
2
1
537
1444
12925
8
723
0
110
24
116
0
117
5
2
159
213
0
0
0
4
0
62
1
0
1605
0
0
0
2
0
0
0
3
0
0
257
0
0
0
213
0
0
47
1
1
1144
243
0
0
1
3750
731
3
1
840
19876
360
120
1
59
203
861
72
3
949
61
5
0
1
481
1
1
19
14
0
0
4
1289
1234
693
0
0
215
0
7015
2973
477
2
15
97
25385
37
0
4697
0
515
138
1
3
0
12
0
0
0
0
0
0
167
0
0
0
667
175
2
10
20
2972
11
0
74
7
1
108
18
0
0
0
315
163
1131
1
170
138
854
0
4
11
1
1
0
3
1066
67
1
0
0
0
0
0
8262
17
0
0
44
0
0
987
0
1
2
0
25
14
0
1
20
0
0
0
0
0
0
1
22
0
6
0
728
613
0
1045
0
10
11
4
28
562
2
119
0
73
156
5257
9
1654
2
1315
0
83
0
1
9
0
0
5
321
15
19
305
517
3
1828
0
10
1371
235
514
7
1
0
7
5
0
12
2270
0
0
2
0
0
0
1
0
0
0
0
1
138
0
0
2
398
77
0
0
6
20
0
14
665
0
2
3
36
0
76
17
0
12
2090
2
8
11
12
371
0
0
0
5
270
0
20
6
0
0
450
3742
0
2922
5
235
0
8
3
0
5
1
146
5
1
1
37
0
0
243
132
154
0
0
0
2
14
110
32
55
6
551
2
4
3246
9
2
0
1
6
1
17
1
2
932
26
2
2908
5
0
744
1
0
0
0
0
118
0
0
45
0
6
0
1495
69
4
1
0
1
24
221
41
702
1224
1
0
76
3
34
1
0
11
2
0
0
37
1
0
0
0
0
0
4
0
44
1055
71
0
530
0
0
0
95
6
62
74
16
147
513
9
0
55
0
70
4
0
0
2
0
15
3
0
41
7
0
0
0
14
0
416
0
18
437
886
11
1
1
40
6
2
0
19
1
9
326
1
390
6245
0
2
10
0
0
8
0
355
4716
14
4534
2
0
19
0
5
4
1
1
0
538
10
72
98
310
47
1688
0
4016
71
3
0
0
0
24
0
2293
47
3
5
0
0
97
2
2
334
0
1803
1
97
451
0
0
6
4
0
0
5
0
10
3
0
119
57
29
0
6
0
0
0
0
13
1
0
422
0
2341
143
6
0
0
76
92
6
0
350
0
0
0
3146
212
2
2782
4
0
0
2120
0
0
0
11
12
0
0
0
0
0
0
59
0
13
0
0
5
336
0
6
0
2
1
1
3
3658
0
523
0
0
0
0
0
0
273
0
9
5
5
18
0
8
845
5
0
62
478
2
1
1467
0
16
3
81
6602
0
4
0
0
2
0
3
0
0
1
7
12547
0
3
0
92
120
0
2
7
3
1
0
634
9
9
0
0
0
4
3
9
23
0
0
0
164
2
0
10
0
0
0
0
27
0
0
6
0
37
5
0
1516
756
36
0
10
136
159
0
25
682
253
1
573
2933
0
93
11
158
0
0
1
1
0
0
0
0
0
20
7
1532
0
0
59
15
202
1
206
43
1
303
0
24
0
0
0
0
0
0
9
1
0
0
0
17
0
0
0
4
0
3
0
48
0
4
511
0
1
5
1
552
19
365
241
1
4
25
2
0
0
65
17
0
594
589
0
3261
0
9
41
0
0
0
96
3
0
0
1
808
1
283
0
139
678
1018
8
0
0
815
1
0
0
7
0
2
50
0
0
0
13
1
369
31
0
1
0
59
16
184
3599
0
0
190
4
102
0
46
0
0
303
438
137
0
0
98
645
2
5433
0
3
0
13
4745
7
0
141
0
12
1
35
0
2
13
0
0
138
0
13989
2
5
15
347
36
14
0
247
0
0
0
0
0
8
224
0
7
15
168
0
8
1
1
0
64
4
0
0
4
128
0
0
192
123
1
329
0
0
38
377
17
783
0
454
0
0
11
1895
2
16
466
7
1
0
48
3
108
0
451
0
0
2
0
0
5
2
41
0
0
0
0
0
1
0
9
0
0
0
14
0
4
3
0
3
1
0
17
8
0
0
269
24
1
57
0
104
198
301
434
0
9
1
0
4
23
14
8554
4
5
275
0
3048
0
0
11
0
0
0
12
0
85
0
1554
13
6694
0
6591
8
0
0
0
37
1014
0
0
1615
1623
4
1
1
10
1
4
0
0
7
180
67
0
168
10
0
0
0
0
0
62
1446
16
0
4
59
18
326
324
1
447
0
2
54
12555
1
0
105
2
21
0
0
1
1
86
0
1
435
0
0
0
45
0
4
8
1
813
2
1
244
306
0
12
0
1205
0
5
96
0
0
5
43
0
4
7
0
0
0
648
13
0
2152
0
5
1
0
0
20
3
0
0
400
1494
0
4
2
0
0
2
27
5
0
1
4
391
0
2
211
0
9500
5
6
105
179
0
6
0
532
302
5
441
0
16
3580
2
0
3
4
26
836
0
0
7
3
3
0
0
2
79
0
54
0
0
10
0
1
859
0
122
0
1
0
11
3
0
17
1
1376
0
4101
0
0
7148
286
0
0
1
0
3075
67
0
0
1
961
0
2
0
22
10
0
8
92
1390
16
0
0
0
0
111
13
0
8
1764
3
2
0
0
5776
3
0
17
8
31
0
0
128
8029
3566
3566
11
1612
0
114
10
180
4426
38
31527
160
320
9816
12859
10477
21052
33401
5681
408
838
320
147
6238
314
6
6
2095
11658
1572
12859
4452
6
6812
33401
838
0
11658
408
12859
6
12640
18394
147
6
38428
6280
274
96
38
23118
160
147
320
8007
274
16643
13094
23326
11
3543
185
40
15
2163
11185
5768
11
8204
0
1697
295
252
4716
962
16
2605
600
1853
20174
53
5
8
0
2
12852
4575
124
1882
0
5103
8
681
0
15672
0
0
13
5
2
826
1114
2059
1853
0
15
0
1961
24199
0
1128
23
11
4
0
356
350
675
0
2318
4
27
10
2665
218
2194
738
0
50
5
2
30
0
14
857
0
1476
601
3
9
0
4524
6
1454
3
13
2088
1480
1
1551
0
2856
1303
3028
61
6
1374
5
7
0
0
1
6619
31837
3338
0
6
6
3028
44
1
384
38
701
2
6
1
12740
2483
20
1
0
17
139
17395
0
266
58
276
36
17829
42
88
16027
4643
87
0
2
913
140
26
2
0
74
26
202
446
1166
5
6736
3416
581
2153
10
0
41
3
57
199
1
1
11768
531
4819
1386
1951
0
1615
38730
22
1
446
28
4101
7811
7
4
38
2671
589
2491
2
0
5
12909
0
16
5
2187
10975
0
4
5
1
0
1
890
1
87
0
0
6
771
65
0
5
145
10
5
9276
4
16236
255
166
14
0
32
429
882
2531
4
1005
1
9736
4
0
6
0
27
33
21
13
0
92
5
4
3041
9
134
6
0
0
0
3
8
0
11
9
1
23
2
4
9
3148
2691
0
5
1
170
6
1252
1
12839
3327
0
264
0
0
0
0
4907
0
1699
0
0
41
7
3
136
16
2
10
2487
0
0
122
95
2300
438
2429
0
68
270
539
1
4
628
4
2
0
815
1
1
0
1330
1
18
1
0
0
4
0
10
2
617
1297
547
9
71
88
34
1370
10046
0
599
2
53
1
34
774
1
0
134
1
146
2
2
11
406
7
105
1341
2
7
18
0
323
0
0
0
95
5
30
0
1953
15308
1741
39
9
3526
323
726
0
14
244
0
6
0
580
280
1
2
746
1497
0
20659
65
31
4
28
14
309
1
594
152
6
0
7
4
2
0
1613
366
414
100
0
20
1704
0
151
10
1591
68
2060
0
0
8568
9
13
308
4035
500
219
0
0
498
14
2
28
0
9111
6
342
0
1912
7
22
53
0
2
117
4015
15237
664
38
0
10591
18050
0
303
0
89
1
0
0
57
1
47
13
1
2655
0
0
12
11316
1
0
0
55
5
0
33
8
0
1
8128
105
1
1559
19
60
926
4
38
0
988
43
73
2
14
5148
269
591
1347
2
7
0
1
12
17
1
16
0
8
1184
69
3
4
0
37
229
2158
0
4
1042
10
303
4
3
0
1362
544
2
0
15
14
45
34
63
0
227
0
0
450
0
0
3
2
26
7457
1412
1
0
58
18
642
871
20
1
18
0
230
3495
0
11
7
0
0
0
0
2
7559
0
0
2
11
7
12811
1154
352
4
4
0
19
2146
3
26
11
2
2
1
1740
629
3
37
0
0
992
3
0
606
3
8
0
13
1
0
0
0
0
1284
199
2
20
0
9535
17
55
3
0
0
6
0
0
25
30
11905
484
0
12
1053
2
342
97
9
155
150
9
215
2
11053
1
474
4
2788
10
91
0
8
0
9
50
0
1
0
0
32
97
0
1164
0
1
45
26
0
13
0
0
30
40
0
16317
4
229
1
0
0
0
1543
0
34
2
1008
115
0
2
801
13
495
26
6
3050
3761
0
22
0
125
1277
0
0
128
14
0
55
3
56
0
43
1
0
0
1
0
50
2
38
0
4
6
7445
1157
162
6
0
1
0
53
0
8713
2
0
0
72
73
0
13
28
198
0
3
3
0
4
8
1
1
27
1
0
52
9418
2
26
2
9
1
4
1
60
857
119
2224
168
6
0
141
0
410
0
146
0
40
1
1
7
1730
0
980
12
0
131
0
0
25
0
305
1631
35
22
384
0
24
0
0
68
3
0
0
0
29396
36
0
0
1
0
18
1
25
0
6324
0
519
2500
658
0
0
2
0
943
0
2
0
1
2
71
0
0
1982
593
10
0
1
2
0
0
0
9
152
537
8
0
1
2
4
5
10
0
0
3
0
0
2
195
632
0
1
5
163
25
24
0
0
3
26
1
0
0
1328
0
3187
0
10
30
12
1
1
4
9
3014
1
0
3267
0
14810
47
2
0
3295
351
4
0
28
15
0
0
5
338
4
33
0
2
95
41
0
0
0
15238
404
29
2
149
1
757
1059
4352
233
10
0
0
2
5
108
0
0
0
0
39
316
474
0
0
0
1913
59
0
9
0
2
147
0
3
4
13
210
959
851
16
1312
4
1
0
8
7
572
42
0
5786
4
431
11713
4
1
78
0
0
3
28
0
108
269
1324
2
30
6
3
0
1
2
6
0
0
192
11
0
1
0
22
1
1
3
0
739
0
0
133
0
18
103
0
12
122
0
0
0
8
0
0
5
255
9
258
4
11
17
1
3
400
0
0
0
7745
0
315
232
1911
2
0
105
90
1
0
0
0
0
8
1
0
0
2
18
285
0
7
2
1507
15
10
1
3
458
613
0
28
1829
91
15
647
454
0
454
347
1562
0
7
0
8
2930
19
29
0
127
0
71
199
2
11
5
252
0
119
0
1
0
0
5
25
439
278
135
98
7
35
212
650
0
115
0
0
197
2
3
12
0
78
1
149
0
5639
2
0
20
0
4
4
1
36
0
1
14
75
0
48
0
0
10
64
0
12
0
1
0
13
0
0
690
212
1
41
4
111
10
0
1
4
176
1
0
549
198
1
0
2234
466
3
26
0
9
897
8
0
0
7821
18
299
0
1
147
0
488
20
0
16
1
4
1
6
2
1
0
0
0
0
104
37
2
4271
2
11
2208
195
222
1
0
1
0
0
42
0
166
0
7257
0
63
0
3
0
6
8035
39
1457
96
2
22
3
132
470
0
2
70
1
0
180
2
2
4
5521
0
1
6
0
0
5
1
3
669
140
5
0
0
0
2
68
0
671
0
0
0
1
329
54
1
0
309
1
2
78
0
4
0
63
0
0
0
0
68
189
74
0
3
5
0
34
7
10
463
168
0
78
0
0
33
0
0
418
0
0
14
1
0
4
1
189
1
0
74
5
14
7
81
1
7145
294
4
1
0
5
9
0
0
1
0
503
5
44
43
1250
1880
82
814
1
149
4
327
7
0
1
2
0
13
37
0
0
15
22
0
40
0
26
1
0
2
0
1836
5
9
0
0
0
1816
143
726
0
3
516
1572
0
0
19
4
0
13
0
61
27
7505
0
45
2468
1
33
14
0
0
17
0
58
3501
0
10
0
139
17
0
13
3
37
28
1
2409
1
0
9
2
717
30
0
0
0
10
2
17
62
238
836
1202
3249
1
48
0
6754
1899
0
0
8
3
481
0
43
0
4
1
0
3
0
138
0
0
0
9
23
0
0
79
16
83
0
62
0
0
0
0
5
0
2
0
0
0
0
653
2
16
3
0
13630
89
0
826
0
2
0
8
1
1
715
2
102
0
43
0
0
2
0
0
51
18
4
0
0
4096
0
0
0
1366
2
4
31
0
967
2
2
574
0
139
64
229
1099
0
45
0
1
0
0
6
9
65
0
0
1
186
0
0
32
5
12
1
1
7
1
0
2
25
10089
5
1
30
3
184
42
273
0
0
0
3150
5
0
0
5148
14
1436
31
18
0
0
2323
0
1
7
0
2
0
0
12356
0
3
22
5
21
0
21
2474
17
0
0
1
0
0
0
502
3
204
0
0
0
38
0
0
0
4
91
62
0
282
1251
0
0
3
0
1
0
55
1
0
0
2190
18
1
31
946
935
3
0
5
1
3
895
14
669
1
0
677
0
272
16
0
11
5041
0
0
2
3
0
6
0
0
25
54
9
0
63
0
0
336
89
34
1
8
533
0
0
106
0
0
4
1
8
10
9
43
1
1
2
22
14
1
0
3
3
0
36
292
0
0
131
0
5238
1
3
7
0
0
33
0
0
9
1
0
0
1
13
0
0
0
0
0
4
0
0
327
217
9
2
0
0
1
0
10
0
1226
22
2
49
54
26
3
0
1
0
306
1
182
0
29
2723
0
411
2537
0
0
0
4355
2
0
0
2232
11
1
0
0
14
14
270
0
2
3
15
12
0
521
0
5
3
2
0
2
0
1319
2090
5
0
28
0
136
228
0
0
0
7
1
0
38
3
43
27
0
14
1
214
5
0
6
0
0
221
0
0
1088
0
0
5
0
95
1
998
0
5
6
1
1
19
25
1
0
467
257
1
12
592
0
1
0
0
0
612
0
2
4
0
0
113
0
106
0
0
1
19
0
401
0
0
290
0
1
7
0
2
2
2099
1
1
204
1882
1
0
1336
6643
0
1
3
2598
0
3226
0
0
92
0
1
22500
5720
53
0
165
0
0
0
9461
2005
0
0
8
283
620
3
0
102
1
0
0
3
471
4
485
16
109
0
0
2
1
2306
1
4
1
0
0
2
25
2
831
0
2
7
0
19
418
5
0
4
31
2
2
2
2
48
109
0
6
0
15
0
1
0
3
13
0
823
161
6
34
29
0
12
3110
0
0
150
7
9
10
1
0
291
1
73
6
2
2755
4454
4644
1142
0
1
1043
9
2
0
0
0
14
0
0
0
1
0
49
64
1
57
25
0
0
51
0
16
286
843
0
1
24
0
61
1313
0
0
0
92
0
4
7
4
443
0
0
5
0
4056
18
30
2
350
1
0
1
7296
0
7
42
0
0
30
113
3
0
4148
7
0
33
13
16234
274
119
11419
147
16235
9598
12859
10177
9897
6712
11784
44
3623
10866
2960
200
11
1631
509
147
297
126
11800
1646
1877
3335
5239
2846
320
15311
87
9162
9897
10316
38
314
163
4298
509
9359
314
160
1854
274
314
3439
390
28035
5866
12080
163
12859
638
3082
22876
7248
47958
12859
24749
38
169
48578
1887
363
2318
34314
22
25
3
315
1853
14
3651
44
3661
6
2
4
4
723
11868
940
485
6110
8
1199
663
15
33
42302
17
1987
10102
150
23835
9571
3651
53
30
363
161
1
1099
6
129
1
3907
2318
1409
9445
22
0
39
0
4777
8158
1
2
8
39
0
2375
1473
3
2938
3153
40
8
139
29333
6299
2822
1440
2124
6
0
1787
0
0
0
3
1
6
0
1771
1337
23
11805
8
0
3
1
45
266
255
136
0
7
2
1
1787
1
166
0
156
1
6
5383
55
21146
1
139
24
3
112
0
11
139
31
0
72
20
68
358
4
8
5
471
42
199
40
74
5
3
3
43
0
1382
446
1
82
185
17
62
9
750
2742
0
88
68
0
5
844
1480
0
12
1
122
26
0
0
61
7
3499
41
15
0
786
0
1
60
48
0
1534
5571
5
0
5
307
1602
2
8
47
2
0
1079
7495
1
141
1
258
531
3
690
42
86
4
1
0
2
0
31
4
18072
46
63
1
0
4
31
203
889
0
0
47
380
4
53
0
2
14
710
260
2001
1108
184
9
2
1
146
3544
74
792
829
8
142
1
0
172
4
27
1
0
17370
1
1
0
102
3
4
322
10601
2
1
0
0
308
3
1
26
1297
96
1006
23
0
5
0
13
8
3
0
752
4
0
1070
1
3218
8
0
10
0
28
0
1
5
12
1130
9239
49
0
160
3954
25
0
10
1
24
0
2
0
366
4
7
1297
17238
660
1082
6
15304
3
383
0
0
0
0
1066
0
231
3233
100
12
0
292
0
28
0
2611
873
0
1
14
1
2
4
12
6978
1492
1
186
0
1
0
3
0
2200
195
242
0
1
0
60
11
0
1488
0
150
1309
68
843
1
556
0
68
1
2
9
2
28
223
0
0
169
37
10925
73
5
1
45
10
1
54
6637
2927
14
19739
78
2
2
0
3066
339
1
0
0
676
13
1
10438
0
8
1
318
11
8
0
2150
0
5
2038
0
1
0
40
9
484
43
45
2021
142
0
1551
74
9
1698
58
34
0
1
2218
6
427
0
420
206
0
944
7
573
0
5748
0
1
1
1
0
9
0
1
53
2499
15
4
4
5803
28
0
22
4
31
3
1260
4131
15
0
60
119
0
2557
20
215
2685
386
348
14
46
249
9
882
223
739
1
0
142
7
1
60
3
36
2
773
0
1
3
5
24
4
1
0
1
671
52
0
2287
5
64
20
1
35
463
9347
21
17
52
0
1
329
1740
5
3796
36
5
1
862
7
114
2
2
9519
0
1
0
4
6
1
339
662
103
8
0
341
322
78
72
154
0
2190
0
269
160
68
0
0
1312
51
13190
5
1
58
0
1740
5
277
273
0
181
0
330
79
19630
22
1545
7
166
0
17118
1
1
0
4
1373
0
349
776
3
2
0
1
0
0
131
1
80
0
1009
0
1
5
1
68
2652
250
515
6
2
3
26
1
0
985
112
25
3
0
0
45
7
1
125
0
0
0
0
3
0
37
16
0
0
15
0
507
27
22
3
23
2
11
2
5558
0
317
141
135
3
4491
24
24
3623
0
1982
1
7
1
22
9
14
2654
355
509
3
20
1532
20
0
0
2
0
2089
6
0
535
539
641
1
1
0
1
4
24
40
0
0
1
0
5
18
1906
7762
503
1
1
194
347
0
591
0
6402
3974
137
0
0
2
6
2
20879
196
0
1
12
0
0
1787
0
276
8
20
0
0
0
0
288
1
20
2
0
32
32
4
504
1676
12
24
0
257
163
1
2
219
0
199
0
0
0
2
553
53
0
3
0
32
0
32
106
60
7500
84
9
5
72
3
3
4
0
13
18
0
1389
34
0
233
200
871
23
1
120
1
2677
507
3
7
1299
3
1326
0
0
2
0
6
56
0
0
1
9
20
0
4
4
0
2066
1
48
357
0
0
1
0
6
5403
35
7
0
0
17
12
4037
6
50
5
1506
99
17
0
2
621
8901
910
11
19
6
0
7
365
0
0
7
17
0
53
2
896
8776
0
1798
0
0
86
1
2
0
0
1
1
4
3
0
3229
13
3
8
21
51
406
7
13
1270
259
3581
1
5
84
75
0
148
0
21
0
10
0
12
0
1083
3
8
2
401
0
3285
2
3
1
0
22
0
0
0
53
0
1
0
1
2
0
0
164
1
2
0
0
0
196
13
3
104
1
0
1
1
2246
52
0
2
411
0
0
0
300
0
701
78
1
98
8
0
5
0
0
7
0
2
61
1
1
8
0
656
382
489
1
1
1
1235
0
0
6
3333
0
2
2
177
13
0
0
0
66
0
0
5310
264
250
1214
4
117
76
16
0
1
0
2
1
0
0
0
0
2
0
0
0
0
0
1
0
813
0
1947
160
20
7
2
11
603
30
0
32
83
121
1
0
0
2
0
3
78
0
1
2
0
0
146
22
0
120
0
149
89
66
498
3
14
23
1540
0
0
0
18
116
0
0
9
1
225
0
1
0
6
0
7055
0
23
3
3
0
605
0
102
881
0
27801
58
1766
0
36
54
0
9001
0
338
0
1
1089
0
47
795
1
0
0
9
4
11
1
518
0
182
0
0
0
622
709
6
10566
0
97
0
0
7
1
13393
1
96
5
16
0
1
4517
163
3
0
0
0
11
3
67
0
8
22
27
12
0
0
1
0
2
7
1080
0
6
7
0
1
0
52
0
2
11
1
0
2213
0
258
75
181
1
4
0
7
1
1
10
5
0
116
14
248
0
2
88
556
0
1
783
112
0
3
2
13
17
4171
19
0
1
2353
7
0
0
12
0
0
1
2
5
3
32
514
1
634
1
0
1
236
1
0
26
25
0
0
1
8
1
0
7
30
3
308
101
0
0
2
0
0
0
0
0
59
2175
31
48
159
1
1
9
0
0
1
0
24
1
1
1609
1
0
0
3
1075
1
184
0
0
4
0
0
0
74
89
2
154
2
103
0
0
1
345
0
0
2
2004
0
0
2
296
133
0
57
1
0
1
1
22
43
4705
0
8913
0
99
8
0
43
0
0
0
0
2
0
752
1
2
4
2
1
1
2
1
11
0
0
1
6
148
2
0
34
578
24
2
3178
0
0
0
0
0
1
0
0
1
84
8
8364
0
0
1423
1
0
21
1
60
217
14
118
8
0
1779
0
3
302
0
1
1
1
2
0
146
0
0
2686
4
7
3
175
0
12
0
91
0
1027
0
0
165
1
0
25
1
15
0
10
159
611
46
0
294
0
1
3
0
7840
0
7626
1111
5
14
0
3
0
1
1
27
0
1334
1
0
1
0
1
0
0
6
1
7
308
0
0
2
33
22
1
16
73
11
131
0
0
276
3
500
2
16
49
93
47
620
3
1
10992
0
27
4
1
2
1364
8
399
2
7
0
0
0
0
17
552
197
60
0
0
865
2
0
5486
0
12
164
5
8
227
1
226
322
0
1
39
0
1
16
1
0
0
0
2
11
8
2263
10
3773
16197
0
0
8269
19
0
0
0
2
0
0
0
529
30
1010
10
0
1
1
2
9
0
0
0
0
1
0
1
2
1
1
4
3
2
1
58
1999
1850
1617
8
1
12
261
0
538
25928
776
0
10
0
10
4
1
1
333
0
357
0
97
2
0
0
4
0
0
0
0
34
2163
1
0
34
0
16347
1
0
2
12
0
3
1
1
20
3
0
1053
0
52
8
0
9
5
229
3
297
4312
0
186
713
1
0
517
0
177
42
13
0
2
3
0
0
0
286
9
61
4
3
1
0
0
18
26
0
90
0
0
3
0
1831
0
2
1
1
0
438
0
47
0
3095
51
1
0
299
0
11
0
57
161
1816
10
0
1
0
3
1
9
1
0
0
454
13
0
3
283
1831
1
848
28
1975
3
4
1
5
0
1390
1
8
9
474
1
0
1
1
1
3
10
1
78
0
2
881
3
64
0
18681
0
95
6
0
0
0
20
0
7
0
2
12
13
0
0
6
143
1308
2714
0
2662
52
1
1
0
543
3
1
0
29
25
6
458
3
6
44
31
0
9
4438
1251
28
0
0
3
3
11
1614
0
51
40
0
1
2268
1
42
0
0
0
12
9
1
0
37
16
60
0
1339
0
99
415
1171
0
5
0
0
19
12
0
0
3
75
0
2
9285
7
1
1
26
1
2
0
3
0
0
111
2145
2
3245
0
1
0
0
3
0
0
4
57
0
0
1
0
133
9
0
1
40
2788
43
0
131
0
5
1669
0
37
42
2
67
0
19
738
0
0
0
3
3615
31
0
1
1
1
0
29
1
0
0
1
17
172
0
17
1
0
0
1
0
0
0
23
0
0
0
4
192
13
3159
1
3
124
11
111
4
208
0
6
327
1
10
3
5
76
62
1195
0
0
1
1
147
229
0
0
2
0
0
12
1155
2
4266
5
348
1
2148
4408
2
2
1
74
0
275
3491
17
3
0
1
0
0
2
0
5
25
4
10
0
114
38
0
3775
1
11
2704
0
7
0
0
1
360
28
1
55
0
0
1413
0
0
51
13
68
6
69
4
0
17
204
0
317
188
4
0
206
9306
61
3
0
0
0
1
16
1
1
0
0
7
136
4
3133
6
8
11
3
0
33
4
0
619
5
85
42
1
0
25
10
0
14
942
0
1
4
1
2
5
45
184
30
0
5
0
0
0
0
1
0
0
28
0
0
1
0
0
2456
3680
0
2
7637
14077
314
10580
147
19873
12470
0
32020
6
28227
509
5866
17662
440
845
38
38
160
561
0
6
7975
4864
10477
260
6
320
160
4191
2846
2045
274
11800
87
9816
22502
3035
16235
25458
147
18550
314
10305
6
3035
314
2045
6238
37550
6
14387
274
38
4532
28035
12708
6101
1557
297
5088
20618
4298
3869
0
0
0
2
1961
0
6
826
12
400
590
7771
39
56
595
5
10664
4
3865
205
2886
95
565
15899
22
0
36
53
178
2079
244
2
1
10
46
600
238
1035
3
2
0
386
1
11
0
3
363
2
124
33
36
0
8021
2213
1288
0
2105
138
4626
8
3962
1
1
0
3691
53
3474
185
6
201
482
26
56
0
1
24
11
166
1
11
663
72
3
5
67
133
254
12
15640
19
0
7
9395
9
45
13
9388
0
625
4524
0
429
1032
3616
3422
2
555
0
0
5
0
8032
72
201
305
2
3
0
4019
0
430
0
1442
8
0
9
2662
603
52
260
4
98
12
17
13
322
987
25
302
251
2
0
8
267
4
2047
0
44
1785
0
55
409
573
13
0
7
43
94
7
5868
0
13139
3
202
56
0
16811
360
0
35
0
463
1386
0
786
2
10264
0
0
32
6288
0
493
2525
27
9
1897
844
1
36
0
0
183
12
0
2
13
3
5288
474
633
0
1632
1067
1
0
21
0
0
62
5
1
26
21
7
0
0
7
209
3
0
12
7
3
233
11
1
6760
18
3449
1
0
3
0
5
0
3891
0
74
0
715
11
0
305
1653
180
478
3294
1
0
2
4
4
744
21
575
1
0
7258
2
44
3
0
35
0
0
1
7
83
0
53
2
25
148
299
22
1
0
1617
1226
23
20753
0
20
7331
0
9
59
0
190
85
0
5
7
534
8109
8
4
7
0
190
1733
1
80
55
12
57
96
0
0
17169
388
1164
1099
4
0
6
0
22
818
131
7
41
472
17
1
13
9
0
624
4
0
184
2800
0
0
16
907
38
50
0
6056
4
1003
17
1
105
0
2575
55
3
9
3740
3
3
11
0
160
0
1
2
12
678
0
11225
220
1
1
21
0
1
5
85
6
135
3406
24
95
2354
2200
1
1
1
19
67
380
51
0
18
878
12
35
0
1
0
242
130
23
132
4935
8
3
15
0
0
320
0
0
0
2
10
267
16
19
695
14652
446
65
0
0
4
1
4
22
24
9
56
8205
9
99
1698
0
0
6
5
9521
0
5
781
6
16
18
0
2038
0
0
2
0
0
25
3
38
3
10
1
687
5
1248
0
5
7
8694
0
260
0
21
0
0
71
0
0
0
0
37
0
0
2889
3
0
4635
8
50
141
2103
7
53
1
4827
5
0
1
30
0
10
36
63
0
72
0
125
2839
0
4
967
0
151
0
348
62
11
17
0
0
3
8
9
0
5589
2
0
0
4329
0
0
52
0
0
0
0
7
2963
380
5
0
212
10
2018
0
0
671
34
139
6
3
113
0
558
29
0
17
580
19
3
6
39
2868
108
0
0
143
6
0
0
10
96
0
6
71
78
2
2550
13
8
0
6
448
4586
35
0
1
37
197
6
16507
12
270
25
7
7
0
1880
0
691
2208
10
8
0
0
2459
106
7
0
0
0
0
0
15
248
168
0
0
2929
0
0
1
11
1893
0
1
2
56
0
7
0
1275
4786
2
1
5
890
137
8
5
5638
10
20
209
8
3
0
3
2
15
0
22
2
1
67
0
1
211
5463
0
0
19
0
55
3598
835
35
607
0
18
0
0
4378
553
334
3
7
5
16
0
3
267
1141
3
0
0
2012
369
6
22560
5583
0
4
1637
1508
13
187
5
13925
2
148
47
0
4
60
1
119
0
30
9
3
104
2
471
5
1
0
15
5
0
193
12623
58
0
75
0
0
1062
7
0
105
4
0
0
65
6045
5297
3
3
290
0
85
0
1
57
65
106
3
10
457
1121
577
0
14
0
9249
115
0
5
3
4
0
1978
559
0
0
21
933
15
1
22
0
2
48
2
0
81
19
0
21
1
0
0
44
0
0
5
113
0
2
0
0
9486
2
0
189
121
0
0
89
5
2
2
530
116
2
2
0
0
1
0
1150
1
1
4
3235
635
231
0
5554
0
6851
6239
16
20
2
0
26
0
13
0
0
2
0
0
577
15
4
2
11462
0
17
0
3
72
2
14
0
0
10
2
184
0
2
197
7
0
18
903
0
1
2938
0
137
643
2
0
1706
0
3532
1
1
0
836
22
4
7
0
0
0
2
0
4
4
0
4
152
1
44
0
69
0
0
1253
0
830
764
2
48
5
17
0
0
399
13
490
0
564
2
0
35
34
47
0
862
0
163
16275
1
20
0
0
0
0
1
108
31
178
56
200
1
1
47
63
294
0
1770
4691
0
3
10
2
17
0
0
0
68
394
654
15
7
31
49
2
0
2
0
0
0
5
36
0
0
1
0
42
2
4
0
0
757
3
1
38
2
0
85
3
37
54
45
0
1
32
0
0
0
2809
0
26
84
1
0
4
169
1
246
9
0
16285
9
0
576
0
0
0
1
1554
93
68
4456
22
1988
0
8
29
0
0
32
3814
2
0
537
0
0
13
0
0
59
1211
917
488
0
73
1
0
1
1
0
4
0
2
0
10
945
121
0
0
9
7
0
21
2
277
460
1003
1
1
1
17
520
2
852
1153
6
31
164
0
30
0
0
13
0
3
0
0
8
58
49
0
6
13
4706
0
0
105
7
2
1
1
43
24
2
0
0
12
21
3338
0
0
0
6
4
15
0
33
1
457
63
0
2
5
5361
1
0
77
1540
130
0
81
382
73
19
2
2
1396
5
226
1963
278
2
1
1
5
1
1
0
0
0
2
465
0
19
1353
26
0
6
5610
0
137
1115
899
2835
18
0
10
1
2
0
0
12
1
442
0
0
5
1
7
2
1
91
38
0
26
18135
23
15
11
0
3
24
0
1
20
3
4
147
328
113
35
0
7
186
20
1
5
0
0
20
7
2
25
16789
946
58
5
0
0
0
68
0
17
1339
10
22
4
0
3502
1
35
0
0
1565
334
8
0
64
38
62
2
153
0
0
0
0
53
0
0
0
42
3
0
0
0
0
0
282
2
0
29
0
0
0
0
4
0
10
0
281
0
0
0
28
0
1
0
1
1750
0
0
4
0
4
0
1
1
39
1
95
42
2996
19
314
54
9
1134
65
1862
8
20
1032
47
0
0
0
12
15
0
2485
0
4509
0
247
0
430
0
0
3
136
116
1603
1836
0
0
8618
117
0
1
54
0
50
2
219
430
13
14
3
0
171
1
0
5
2
14
15
0
0
11
23
0
153
32
2
4
3
0
0
0
57
94
59
43
0
23
130
4
144
0
2983
1
433
62
18
2663
262
0
2
0
1
4
5
17
2857
6131
0
26
2174
135
1
7
0
75
124
2
844
79
0
0
1800
402
4
0
0
4383
162
5
891
0
0
1381
4312
2
7
0
9
43
0
1
3
4
0
0
0
0
163
0
0
9
42
0
0
4
5
2
1
117
276
48
11
10
203
118
2
5
0
12351
37
3861
2
0
50
6
139
3
3185
0
3
1
4
0
558
1716
17
8
0
0
6
0
0
1
31
10
2
26
1
1
3
0
4
0
3
210
0
0
985
1
1
13
1
10097
0
0
0
3969
9
13
1
1
6
2
0
13
51
48
0
4
2296
0
0
0
133
627
0
1
870
2
135
3
0
1440
2
0
51
26
1
0
102
3
1
1
14178
0
1
4
161
6
1
195
23
9
1920
1257
4104
0
25995
47
2
6
0
3
0
20
7746
6
0
1
0
0
677
1
1
16
7
0
2
2
8228
0
442
4
7
873
9
0
133
2
2
179
1
9
0
367
70
0
56
77
860
0
240
0
2
10
0
586
310
7
0
0
1
0
6
88
0
2
2571
7403
106
11
0
83
292
0
0
105
637
0
90
1
0
0
126
738
1
0
26
1367
0
7
477
527
25
22
0
1
4
0
0
0
68
2
10
0
4
21
3683
0
3
0
87
0
0
5836
2
26
1609
3
0
0
2
1015
7
105
1
0
1585
0
0
8
16
73
77
9
6
8
43
11
68
249
0
3
8
0
0
353
13525
2500
0
0
14
0
0
0
2
12
14
188
1507
0
0
3
0
0
6
2
0
4046
0
2
16
0
0
0
2
3
1
168
0
13
36
0
0
8
7
67
0
108
101
734
609
7
2
0
69
1
2
8
59
0
32
4
2
0
20
3
2
0
0
0
37
16
0
5877
0
0
5
12
0
0
0
1
185
0
10
483
810
7
0
5784
2551
0
0
6
0
0
15476
499
0
82
20
5
1
20
0
5
4
188
0
0
5
14
613
196
7
11
1
0
49
0
2041
4
0
0
0
0
28
0
0
1
1829
1
418
5
112
0
11
668
0
0
0
1
23
1
1
16
510
381
0
158
4
0
0
8
40
0
0
0
4
1
2
500
351
1
38
2
30
26
3
23
36
1
4
0
1
26
3295
61
85
61
290
1
139
0
41
0
3
0
0
1
12
1
6
95
34
0
1306
1
0
0
74
4
1187
4
0
0
7773
4382
0
0
61
46
605
0
21
685
151
10
280
0
22
0
6
4
55
0
32
2
0
1160
0
0
165
0
1
0
0
0
0
0
51
1665
2
61
2
0
0
952
0
0
0
0
667
0
0
21
14
3
0
140
17
0
50
0
16
0
173
1
99
34
2
0
3
70
1
524
0
1169
0
162
0
5260
104
919
49
0
9
3
14857
293
0
75
2
24
149
0
0
1
68
0
5
0
0
2
111
0
40
7
0
2
89
928
1
0
0
1
1243
2080
3
0
21
2
2
12401
4151
3602
5606
29
297
20991
6082
11419
13429
9598
2095
185
19046
7713
3143
5104
11658
24761
1557
2846
11971
7713
2372
38
994
10702
3041
9816
1631
9162
408
320
21704
3509
34279
28446
147
6532
38
9825
1379
185
1379
39310
797
32929
11
11179
274
2357
38
11837
2045
9517
75
1612
77
0
1612
1965
42
12859
621
692
165
6
41
161
8
5655
323
22
4
315
84
2233
17
4
47
11204
50
99
4626
1987
26
1
124
934
607
21
14
600
940
577
28
1030
27604
2
14
111
0
4934
40029
0
3767
2233
3767
20
6631
1
23716
0
3640
129
3217
10
2
3451
6156
11
1644
8204
11
7
5481
11850
1416
3463
0
55
1864
60
8
1671
16
6299
57
2236
0
89
14467
4
569
0
18
666
1442
136
446
6
7782
14
282
6
318
4524
124
8
4
0
3
0
11
2
174
1
14
9370
1
256
1
1581
0
1
848
0
2
33
371
87
15
0
10
30
1029
0
30
4537
3
0
13485
29
24889
3500
581
14
844
4
13008
3
3
2276
270
851
895
12971
4
0
33
211
33772
0
1182
23
24648
0
3
4
0
202
187
1427
0
198
2
152
71
246
55
4
8
4
10
3
10
420
1
92
11
5544
0
2
1211
5
876
591
3971
111
0
0
1649
4
0
0
1
80
2721
6
7
6
4
333
4
0
724
9
0
1
3
7
476
0
88
5251
24
8
2
44
4
17223
2
4
3508
10629
10
0
11
2
94
5
0
1
386
409
2
45
730
5
2396
0
0
0
5349
33
770
25
0
7622
3380
11154
2
0
0
0
0
0
1492
531
0
1
19
136
2
76
0
12
18
1006
2
173
3
8
92
0
88
779
3
1
0
34
66
0
1
3
0
26
44
0
269
0
1
4468
617
29
39
11
1
0
20
124
391
4
6
4
0
0
3
213
2098
5
10
55
9
150
0
35
1
0
4920
2867
14
14
0
0
24
0
14771
0
2200
0
1348
439
0
484
0
47
49
42
6
741
32
29
3
1527
6
4
0
8
0
5
4
12
29
0
8
1299
0
448
1
6
22
0
0
0
13
133
0
22906
8
236
402
0
184
341
0
503
2
8
13
290
64
0
370
242
170
0
3850
0
6642
19
3040
0
3989
4
1318
0
6520
2535
239
19
0
37
7
1514
2
1
4
0
2
360
1262
3
1
401
1
1666
2
5
0
1
0
0
0
1
18
997
0
0
1
10
5
3
0
110
19
9
788
0
3
333
1433
0
8
554
72
0
306
1970
1
58
297
3038
73
0
10
12521
1
3181
0
1085
15
1518
0
0
4
14
2591
1
0
1
152
4
0
0
0
1075
0
0
1369
214
0
266
7394
552
228
181
15
0
0
19
0
2334
1
0
424
4717
4
2
0
57
606
493
5
1
0
0
0
0
0
41
0
3
3
0
3
3153
0
0
607
0
42
14
3
88
23
0
1
34
362
246
5263
268
0
156
1
1469
828
2
1
17
321
10
47
0
0
233
0
50
0
0
22
184
10
0
36
867
2
5
0
223
1
1
3
7
6347
1
4
9740
0
174
0
0
0
394
5060
3
0
1
0
30
4
373
8
18
1572
15
0
18
7
0
312
296
0
0
0
20
4694
0
1053
0
6
47
0
1
23
11
0
15
0
3
61
0
0
803
1
1
0
1
268
0
0
4
0
0
1
0
2016
0
111
5
0
121
3
21
290
0
0
0
18
0
218
0
0
313
6
0
0
0
3
0
23
638
0
21
0
22
293
0
83
0
178
10
79
2
13
0
55
0
0
0
4
18
12
40
658
3
40
0
37
11529
38
3773
1
651
2
0
0
0
0
1
1
4
449
1
0
7
1
0
18
2
2
25
1886
2
0
1
0
14
0
3
207
0
509
2
53
1
0
643
0
2
0
2
169
420
17
0
19
2
5
12
0
85
542
2
2033
80
122
1
9
3380
16
3
16
28
5
31
0
19
0
4
142
0
371
828
17
0
11
0
204
2
2
8
0
28
1331
22
162
7
0
0
0
0
5464
0
86
28
0
31
83
1
0
5
2
0
0
44
0
19
15
0
5
726
0
0
4
256
373
12
0
0
32
0
111
12
4
684
4
21
42
19
0
25
3
1
217
1176
0
6
1
0
1
0
4
1015
8
431
2
0
2
67
0
0
734
751
1811
726
9826
96
1114
2147
0
9
0
0
0
287
26
0
75
448
2696
79
82
2
701
1
0
13
582
18
1
0
4544
0
9
0
847
5
0
0
1
2
1
1
6
0
1
29
0
242
3
0
45
637
263
1026
0
26
594
1
75
1
0
0
0
16
0
0
84
798
0
1902
12
58
388
0
1
0
0
0
2
0
186
0
69
2
26
10
36
1
52
4
0
142
10
0
3
0
9
0
3
0
0
0
2
2788
4566
1
5001
190
9
0
0
0
0
23
2891
0
10
142
4
0
0
0
0
1
0
0
1
127
2
40
44
0
0
27
233
5
1
78
0
0
1
1
1
0
18
11
14
0
0
133
0
193
0
0
0
1658
30
794
7
13
658
167
5
2
1501
1
0
30
0
109
5
654
0
1915
0
43
15
0
58
0
4
3
0
1
574
1
817
1
1
0
141
0
0
0
346
42
737
0
0
0
2
16
0
0
66
64
923
0
0
0
2
0
6
2
3
23
28
224
0
4
22
0
0
10
0
44
0
3
1210
5
160
0
25869
5
2
2
0
502
335
1
3517
0
2
6924
1
0
0
92
0
5
0
1
31
1
0
54
0
14
1
23
8
11049
2
13
143
20
63
11
0
0
9
0
5
5
2
2
637
4
234
2
1
0
12
11
1
243
88
1
0
32
3121
19
0
0
0
1
0
0
0
0
0
0
0
0
1266
29
0
3261
200
1
0
0
0
10
0
71
0
29
2
0
0
1
0
0
0
21
0
2
1
0
254
2
109
0
0
0
0
6
0
0
2
5
0
5
9
1
2
9
0
2
0
1
1
300
579
3
2
104
48
204
0
0
1837
60
603
0
435
88
2
432
0
59
0
14455
0
6158
0
43
0
0
0
0
3
5
0
1856
458
6099
22
7
0
1
0
0
3385
2
289
362
0
0
0
0
0
1
1
2
1927
6519
5
14511
427
2494
2
1033
2
1564
10
7
0
4
1
0
0
0
0
1
8
243
823
0
3
0
94
0
1
11
0
307
258
13
0
0
1
0
0
0
2
33
253
1
0
4
1
6
0
6
3
1
1
152
1
0
11
0
259
4
108
0
46
0
0
67
150
142
32
4
0
1
0
0
3
1
521
2
25
12
1
4750
894
0
111
349
0
1
0
7
12665
114
1
6
29235
17
0
1
0
0
8
69
0
0
0
1
9
8
1
168
33
25
0
665
0
0
962
0
0
0
7079
27
5
0
0
5359
1
0
0
32
105
5
0
19
2
26
1
0
8
25
11
0
0
70
250
0
0
236
0
0
0
80
8
1
5
0
0
1
0
7
3
35
1053
4
0
0
1
0
4
7
0
0
229
2
8
2
0
1
2
248
469
0
4
3
886
0
15
115
3310
4655
172
0
0
2
68
11
0
465
162
0
0
0
2
166
1
0
10
0
1
0
0
2275
236
0
5
1168
0
12137
309
0
0
75
22
69
15
0
8
3
0
6
1
15
29
1
69
0
0
49
0
0
0
2
0
1
11
0
45
2
3
3
0
4
93
13
0
249
1755
1808
31
0
0
0
64
1
16
4901
0
5
1
3
1
2
0
616
6
490
7
0
2
3
0
460
2
1
311
37
2
54
2
9
0
0
0
0
0
540
1
82
0
215
1
33
22
3384
5
0
0
379
1
15
119
5
5
168
215
339
5
0
2336
2
6750
37
3
2
414
2
56
7
0
0
3765
10
0
0
0
1
0
99
4
0
0
1275
0
5
0
1
159
0
433
0
5
0
1
24
92
0
289
9
2
2
245
166
0
4
0
0
1
0
0
23
33
0
2
4
1
0
152
6
4
0
1
0
4
0
2080
0
0
0
1
979
23
1
0
1885
0
20
0
0
4
1
1
3
8
1204
1
5164
577
0
708
2
0
11
70
757
5
1
1486
0
48
0
2
0
0
1
0
1
0
23
2
0
0
6
0
0
11
1
1
1
7359
0
48
0
0
14
801
0
3
3
2
1
0
19
12212
5
3
0
0
482
0
1
0
0
0
0
13
82
500
1645
0
0
3
0
0
112
0
0
12
224
0
3547
0
0
0
4
0
1
164
0
738
0
0
22
2642
0
0
1186
0
5
4
0
2
4
241
58
0
103
0
3486
39
1
19
294
8
106
0
2
1
0
1
70
0
1
2
106
1
0
70
0
4
0
0
0
91
507
0
9
76
36
0
115
1316
4
3
34
110
0
511
1
1
0
6409
0
0
118
3
234
5
159
5249
0
3
2
0
0
0
157
5
19
3
0
0
224
0
1
0
24
0
0
4
65
4
0
117
0
0
135
12
0
4843
1
10
402
0
0
0
1
0
5
0
0
4545
49
238
0
254
282
0
45
9
1301
0
2
16
49
0
10
1
2
1
14
129
2
2
0
0
21
1
4
384
1
4
0
3358
57
12
42
5
0
0
1396
398
4261
4
15
1
0
7
268
0
0
2
2002
181
490
0
0
4
0
1
0
0
0
0
3
1
0
0
2
0
298
115
265
1
496
11
0
0
0
0
0
306
4
0
0
2
25
153
2
331
2281
0
0
192
168
158
42
2
1
1
12
211
7
0
889
90
11
0
12
5
0
0
11
0
1
41
0
0
121
1
0
51
260
1
1
4
1
0
0
1
8
0
706
150
10
2
456
1
0
10
8
0
12
0
0
19
697
0
901
112
3153
3153
12859
1621
509
11683
21981
14683
12167
20501
21174
314
4238
38
1126
9816
18224
1612
9005
12798
19046
14191
5104
9455
1612
1612
0
1035
75
26552
390
7619
4925
7896
1612
28035
4532
261
147
0
9309
28035
147
9598
4220
320
32774
274
28147
1612
147
320
274
7896
9816
1612
2397
1854
105
320
147
28304
11830
105
27
27
2092
5
19298
36
6554
1
8
42556
26916
36
0
4716
16
600
0
2561
17
1701
1123
307
993
0
3758
11
8204
902
3620
0
3277
6
1527
205
5178
48
1288
50
10432
826
24023
48
6110
315
100
127
9395
3640
4
6663
4575
278
3640
2
600
890
1655
10307
544
12852
4575
6991
0
544
12974
2283
4
19
1
4
0
0
0
1
353
2313
0
4893
1144
8059
10
0
98
0
5
181
0
2
510
30
0
2
5907
29
10
0
164
0
3
64
6497
8
4
834
1
64
1008
2236
1380
10
4
134
19
404
0
2169
134
0
4524
10180
5269
130
1413
1551
0
2
791
1413
0
301
4
2440
11
4
3403
212
1056
114
26758
67
1519
6
1017
1
0
1
1
604
0
0
10
32
1
111
0
0
5
211
4858
63
100
14386
501
73
0
28
150
135
2
73
8
9536
35
0
2
142
92
3
0
0
142
519
202
4
15
11
743
10
0
2
79
26
201
239
57
487
11
0
500
3
0
1430
0
399
282
674
172
61
3011
5
971
0
148
0
1
0
0
0
0
1
24
0
30
4
15769
8443
159
256
0
3
14
23
1963
256
387
505
3
0
0
38
0
36
882
964
38
0
4374
610
755
20634
14
429
882
2286
3
32
2088
3172
2586
0
299
2
350
0
2
193
76
4
0
68
27
1450
137
0
0
86
15661
38
9
411
1
2100
0
1
0
1415
61
458
6304
3
581
145
0
6
1
1747
413
29
116
2601
0
43
40
153
0
11
13585
59
153
1
0
188
39
3984
5
103
13585
103
1
8
273
16
19
76
1916
133
2
7
1
0
13766
0
8
179
280
0
1089
193
48
315
4233
119
3
509
56
1
34
35
1
10
0
555
4
189
0
863
1512
1
118
0
46
239
210
0
60
147
719
158
9086
0
300
1
822
17292
13
146
203
6
0
215
300
0
1597
37
4116
0
5
1
4
133
224
0
143
0
2
13289
11
18
43
0
0
6
3767
0
322
7
27
0
0
0
978
52
184
4477
0
540
468
10
3574
1433
6610
0
46578
13112
1
11
20
6
1345
4
0
10
4386
1
5356
0
157
179
0
24
23
85
2043
19
3236
10708
38
1624
0
6828
13
0
8
0
0
236
1845
5918
260
953
0
11
78
133
4309
0
133
13686
96
5839
6189
939
20
0
0
1
39
418
12
0
7
0
11
2342
3281
2
137
34
3
28
6
0
0
78
37
0
10
0
35
0
8
0
1497
19
5
88
23347
6
10
7530
0
10668
43
465
9
0
2
9
0
207
349
22
166
0
27
22
406
645
6072
76
0
1975
0
1
185
0
0
2
0
1
0
0
1208
14196
0
3
9
23526
5947
206
2
16
2
20
4257
1954
3165
70
1
320
622
301
48
1840
6
559
9475
2660
942
281
2
1706
91
3
4
0
292
8
0
706
2
1
1
0
53
86
317
0
898
113
0
7516
0
11
1351
6
7
850
276
25
0
34
511
0
0
0
4
12
5
385
102
1
0
7
5
1
4
0
2
54
4276
730
10502
256
5
0
0
1518
47
622
8
5115
3
14
1
0
0
122
64
0
9129
1
0
12
1
0
0
3701
1
169
31
60
300
23
2085
5
2050
0
12
2
199
95
2523
0
8
0
0
0
0
160
4
4
60
0
0
691
5590
0
0
1673
0
215
0
341
0
0
1782
0
0
3
0
2
10
0
424
0
2259
4
3
1307
31
170
1
161
172
0
1267
3334
634
0
4835
22
57
3212
6
160
4296
56
63
406
0
239
139
0
4
0
1
0
3
1
7
0
25
13
0
22
57
2
0
1
0
0
0
51
0
32177
7377
6
298
1875
149
12
3
0
0
399
3
1431
0
638
0
102
1
4
3
306
6328
0
11
4871
6
32
74
2476
115
1
0
0
25
0
11
16
2181
0
0
10
0
0
24
1
1
0
0
0
0
1
892
0
1869
0
0
27
1126
0
0
6
18
0
0
53
2283
31
118
56
3
0
4841
0
1158
557
2
17
1
13
914
206
575
2
212
34
0
103
1
2
1
21
19
2365
4
5
36
48
28
239
15
0
0
886
60
0
7078
19809
0
2033
6218
724
0
262
9
50
3
0
1
8
0
29
7553
0
2
9270
2
3
1
2482
4
3
332
3
179
0
1
65
11317
126
3
280
0
0
0
408
9
1
1815
5
0
0
6635
872
67
6
0
51
5
0
209
0
86
0
0
0
0
45
1
0
5008
1318
0
6
6
1
0
3
0
0
1
0
9
57
2
0
2
317
21
10240
37
2073
8261
4
1
0
42
1
7
39
325
2
2
11
0
9
109
8065
1
0
417
0
0
35
0
1497
248
323
32
36
26
0
11639
3251
0
1
21
273
1
6372
0
10
1
1
1178
37
33
24
186
0
5
0
17
25102
0
3
431
0
311
1
103
4
9
3
1
0
2458
0
1
117
6
488
0
0
0
4
13746
23
0
257
0
2
1190
769
1
1145
11
20
1019
0
29
22
2233
9
0
0
42
518
2
42
2
4
0
4
0
0
1
1135
0
15
1
1
3
13
2
2
0
1901
0
14
18947
0
1
364
317
0
0
146
0
3182
3
0
0
1205
53
65
3
51
1
0
1869
14
951
0
0
5
2
0
7708
1
6
75
437
33
15
1
2374
8
0
5317
601
0
9
18
2
0
87
0
0
762
0
6
2
272
1
14989
3
2
2
9
50
2348
84
25
0
70
0
0
144
1
4559
15
5
2
260
0
0
6
292
0
20
1352
0
1
0
41
0
11
0
0
10
3880
1
1
1
23
1016
227
20620
65
2
47
3572
0
0
0
0
4
85
6
19
0
93
29
51
4
353
68
106
0
4529
5188
0
0
0
2
0
1
0
287
0
1
32
1003
6366
0
119
10
248
0
7
76
127
2
133
26
1
0
117
105
5097
3
0
2
55
0
0
0
13
0
2166
1
22
667
377
2
4
0
0
0
0
0
248
1
2
482
19
0
12
41
0
6
38
0
66
3
9
0
46
0
0
369
2
2501
0
83
25
34
3
2
0
0
177
0
890
0
0
45
0
8
0
636
90
20
0
10
3
0
0
464
5987
0
0
918
2
35
23
3
0
1336
57
2
0
0
0
278
0
2
0
141
124
2
116
0
0
0
3
116
5
1
0
2
3
0
0
0
1
917
493
1
16
846
484
24
2852
50
26
90
2670
3823
803
1
0
251
309
49
46
0
5
98
2
0
0
20125
263
0
7
0
0
1
40
11337
0
319
139
395
14
3
57
1
272
703
3
5108
214
1597
0
44
7
7
21
2
1
0
17328
3
0
1
1
523
61
1
5442
1
129
2841
302
191
1
2
6
0
22
236
2
1570
5874
1
24
8
3
12068
0
118
5
3
0
7033
8
1002
0
0
0
254
0
2514
0
1
19
0
2
1
186
1
0
2
2
32
4293
0
0
0
970
0
51
3096
1065
0
3
0
0
39
0
0
46
3
7
0
17
0
227
1
0
14
1705
2395
2
13
1
0
0
10
232
4
17
0
241
0
3
19
0
0
9
12
0
8
142
25
0
0
489
186
1
0
1
0
0
2
52
44
10
1
0
2808
0
1093
0
0
0
112
27
0
2237
5
0
0
499
3
0
0
0
802
32
36
34
0
2
0
745
0
4
7
52
0
10
73
22
1
3
6106
159
151
6
0
0
58
18
545
8
0
3627
8
4
11536
1
39
1
314
12
6609
23
0
6
0
2
36
1
2
19
0
815
109
65
1
0
0
2
0
0
0
0
357
1451
0
0
0
0
44
7
74
5
0
0
0
264
48
293
0
0
5
2
6989
81
19
43
1
51
1
0
2753
299
1
2
586
79
0
1463
1
0
0
0
2
0
0
1
87
12
0
0
15347
9455
16
2
5
0
0
6804
0
2
54
0
206
1
0
2480
7
0
458
1853
0
0
2
1676
0
57
0
3
1
0
287
54
305
1
59
8
1
817
3
0
6778
32
554
0
0
99
2
2
0
0
682
270
3
0
2
3
0
1
341
0
3
0
3
21
0
4100
0
4964
83
15
1
3
1002
53
6
1
127
23
0
0
18922
432
2
48
1
0
1
107
1
0
842
0
8
1
173
182
2891
0
8
15
103
7
17
1
58
0
7
1479
32
0
33
0
491
12
17
424
2
2973
7
3
188
2
0
0
3
3
288
0
125
0
18
14
1
5
0
2
39
0
0
0
535
0
0
7087
7
12
72
2127
2060
18824
6
8942
1
24
23
59
2
15
0
5
256
1
14
2
0
1
0
2418
10
0
752
0
375
0
0
0
1
2164
0
60
2
15
29
0
49
3
5
3479
3
6
45
0
1
0
0
0
42
3
3
1779
0
59
0
0
0
0
1
108
471
32
0
403
0
122
2
2
283
0
1926
18
0
3
2
0
38
4
1
0
1053
5
4334
33
1
30
2
0
1
438
5
1359
68
1
0
1
0
1
3
1
4
2
0
327
73
3
0
272
3213
0
23
1
5
1
0
0
6
2
39
0
0
0
0
4
8
23
0
0
2
1219
0
1
0
0
3083
0
0
0
2618
5
31
79
4
0
58
0
71
0
596
679
4839
1054
0
0
25
555
191
0
355
24
6
10045
842
2
3
1932
3
856
0
0
0
11645
309
0
3
0
3
0
148
3
241
0
31
4
0
0
30
1357
0
0
0
139
1
4
0
121
4
0
369
0
14
1
4
0
5
7
3
1
9
4
8
150
34
0
28
236
0
3
8
2354
0
568
2
17662
11830
9816
11419
17680
1854
38
105
28035
845
2045
4452
1877
994
5362
9816
31255
3946
31255
1060
28035
31565
12849
187
163
3543
24133
187
147
6
466
1612
0
1035
302
708
1
320
440
1612
320
320
314
994
2691
0
2776
44740
28035
4925
1199
440
2775
14415
320
16913
4191
147
314
19046
6978
185
12218
390
0
0
600
22
2
10307
4038
544
48
69
2
0
107
1
99
600
1171
1
1171
6926
48
22
277
15877
10735
218
0
15877
0
0
15
11
8204
902
517
204
2464
53
595
1793
3849
53
1450
1056
23123
826
70
0
0
3245
811
595
1704
14
114
29
3473
196
0
64
5137
2233
1398
24780
11
791
389
6299
220
130
2
1413
64
138
12
0
70
1
42
1281
10134
1995
5
8262
64
6750
5
27039
922
0
10417
27039
44
0
39
30
0
2
1240
0
1
35
1
2421
0
27347
0
1
60
579
398
15
0
1
542
1
0
7175
6947
16
0
59
1072
2728
1187
89
0
7264
0
79
71
93
2607
3
146
49
73
0
5823
274
7
3100
46
1
1
511
849
6
73
0
0
107
14649
21449
3763
346
8
2228
0
111
0
0
143
0
571
54
8
10000
15091
7
1
59
4
1841
29
0
2525
6
4097
8
668
440
0
58
6636
40
1
0
0
505
88
7
3551
3
41
110
12
303
0
6
256
0
8849
0
12
2
191
204
251
125
0
271
256
1
3
562
3
86
6
3
1
571
173
0
0
1
0
141
12335
27
1
0
4
7
7
3
1006
0
1
3518
9056
0
1118
1
345
0
3
5
9
290
109
54
29436
24
224
0
760
1
42
70
5
244
9
482
29
0
4177
12
2
0
0
126
4670
34
1973
42
1036
39
2
116
24490
4
565
2
174
0
1585
3709
0
1
1
265
0
0
0
2
13
0
0
0
6
0
7881
34
297
0
361
0
4
0
83
0
1
558
56
391
2
0
3
57
1412
1597
953
140
0
21
5
1345
239
1504
0
214
1
13
4227
57
12
664
101
155
64
94
0
219
2017
272
239
333
189
1114
62
0
34
35
0
4837
0
0
2
5573
0
52
0
0
2
0
0
0
2429
0
0
2628
51
0
30
52
6
0
7
1
6
1
18
0
1107
38
494
6436
5
38
188
334
11
1
0
1
0
18
4
628
0
9080
0
22
913
4494
0
8
38
0
162
859
0
0
0
0
978
52
0
2159
4583
0
45
1
0
1450
11
46
6267
172
0
4
528
7
4
45
0
0
0
2
111
11
71
179
979
0
0
538
1358
0
62
73
0
0
1005
1
28
2454
221
0
41
1
18
11
1
1139
1
7
17
0
85
23
0
3
13
0
0
14
0
0
0
1
77
0
6483
0
5
0
1
28
7
8
163
0
213
8
515
8124
21
64
18
37
31
0
0
0
116
0
0
2
10
2
0
4
1
84
0
1419
0
19
20
2
0
0
0
3
1
6
33
23
794
1172
19
12109
24
652
191
0
5
17770
0
0
142
2
0
1
76
0
2
12825
0
0
69
2
1
3
0
370
0
36
2198
49
68
3
0
1
1641
30
169
187
0
48
909
54
3
0
117
64
7
4
0
136
8
1484
0
1519
1
40
4221
0
11447
100
0
0
31
3
4380
2018
1
12
19
4
17
2026
82
0
18
26
511
0
0
3
3
2
2716
1
2130
4348
15
631
68
1
73
1
5
36
123
431
0
1005
3
0
0
4
19
2
1899
255
0
1
1
1
0
0
15
1484
47
7033
215
0
4165
358
2
2
4654
137
9
81
0
1691
1171
67
557
8
11
110
124
56
31
0
0
0
0
0
0
18
3
1
0
0
0
388
276
0
303
3
84
3309
1
1
0
117
0
1965
0
0
12449
0
16
0
6683
490
0
1137
1690
6328
0
0
36707
1
8
0
98
2862
3
0
0
17
10
237
5543
3192
4
1
12
27
8125
36
0
3
14
16
1
619
0
1
2
0
0
0
430
1
0
0
1
1
0
0
919
0
26
0
0
1486
0
0
3
3
58
0
1
0
0
75
142
605
7266
6
453
0
3
13
10081
1
0
140
612
63
93
5416
70
17
194
12
0
0
1747
1
0
13
55
66
21
574
57
18
1731
1
0
0
0
1
50
31
0
16
7
7
87
7
855
1053
2
1
7
0
0
46
0
0
8295
25
75
24
0
0
2
0
0
1
10
35
0
0
0
1
6
0
2
170
0
2
5
35
0
9
103
2
0
247
0
181
1
7
0
0
816
11
12
29
5
0
17
234
10
50
1038
367
0
125
0
0
8
56
0
0
0
0
0
6
0
0
0
2
509
12265
0
14
87
0
25
0
2
6
24
1435
6393
0
0
1034
825
18
0
0
393
1
0
6
47
0
434
25
761
2
6252
15148
19
648
1040
262
0
945
0
1
1197
14
2
3
0
0
1
0
0
0
3
26
1
50
0
0
0
0
160
1
252
3
2892
1129
0
460
499
6468
1
32
0
16
259
0
1
5824
4636
1019
39
15
55
0
0
204
59
664
2
3
122
158
17
0
342
5
7
1
477
28
1446
27
303
0
0
2
0
3
2
0
3
28223
1
2
0
350
7
1
16
32
0
199
2
2
0
1149
45
68
2
0
73
3
1
4
43
84
3
2
22
0
0
0
4
437
7
0
213
0
3535
0
12
28
15
1
1
274
4
2
0
102
11
12
9
0
0
0
0
226
70
338
8000
11081
1
2
0
4
0
0
37
0
1
0
85
1220
1199
5
70
0
44
0
42
3
15
7
1
10
4
0
506
18424
0
0
0
0
0
81
169
1016
0
45
15
0
4085
8
13
0
133
12142
205
63
0
0
1110
0
0
4
0
6
370
0
3097
0
2
2
96
8
5
9
21
25
0
1
0
408
169
3
14
855
188
41
0
30
1
1253
26
4295
3
11759
0
4
61
16
0
52
2
434
0
13158
0
5439
255
10963
5
0
5
160
6
23
2
3
2
5609
30
1
0
2
0
7
0
4261
99
8004
0
7
1
2861
350
4012
14
1
0
0
0
20
11
5
0
0
0
2449
0
7631
3
6
0
1
7959
0
0
4
94
461
9
0
1056
0
24
16
15
22
0
48
0
46
271
0
1
614
13
0
5818
614
3
64
31
3
0
2
0
119
1
0
0
3
186
355
17
0
132
131
2
146
1
0
91
0
50
1
0
114
0
3
0
11
108
6
5
0
338
18
9129
0
961
2469
0
2
1114
30
999
50
6
0
0
0
0
0
1152
0
46
0
24
0
200
3682
10
120
0
7
17
29
2385
3
11894
2
1
0
1348
229
240
13
8433
0
159
14
2
12
680
0
2
2
2
0
0
684
0
5
0
0
0
39
9
4963
164
60
7
0
4
1
0
1
0
1898
2
15
73
0
2
66
0
10
0
0
6
143
1082
0
7
103
0
54
0
3004
0
13
0
36
0
10
218
7
200
1
2
4
8064
1
199
13
259
5
35
0
0
3
0
0
0
7
0
0
1
3516
1
71
1
36
0
1
1361
29
2
1
0
0
0
0
4044
0
58
0
0
10
2
33356
21
0
25
158
0
32
63
11
115
22
0
0
2
0
23
759
16
0
1
0
64
0
631
119
1
93
2115
13
0
75
0
0
9
0
0
1
1
2523
4
353
3
0
628
2
7
1
0
0
9
64
745
16
6
5
2
0
295
4
12
33
147
2
0
21
81
18
29
19
311
1
50
1
159
0
1422
0
2
5
0
0
26
3447
62
2
2
2
1
155
250
6786
8282
331
0
133
2
40
1583
5
0
35
0
6
0
1659
2
0
2
0
62
3
2879
0
0
309
1
6
0
10897
1
0
0
0
1
0
0
0
350
22
31
5
33
0
4
38
0
228
5
0
0
0
23
102
0
1
0
0
11
0
6062
1273
13
250
75
679
5
231
0
244
2233
8
3
0
0
0
39
1
3745
51
0
0
0
1
1
139
0
1
9
0
0
10
0
2
0
851
11
202
160
0
0
13
0
191
11
255
0
14
2
296
0
27
3745
2
2
206
656
120
29
8
2
0
145
0
75
8
4
48
474
21
60
31
0
79
0
0
0
453
1
0
11
0
28
1
0
1
28
1
0
8259
11250
1
1673
6
0
670
18
60
0
6
2679
222
166
626
5
42
201
0
5
19
1
1828
110
39
260
0
388
6
56
19
4033
0
2
1
35
0
0
0
0
1
0
5
28
3
130
4
0
5
1813
0
0
61
23
0
1
572
0
0
11
280
2
827
0
0
6
0
29
1
70
1
0
21
643
925
0
0
0
0
1
1
0
0
756
1
1
1
0
5
0
2
12
293
1
317
0
30
0
0
3
519
3
0
142
1866
10
745
4
89
391
453
0
1128
2
33
0
688
0
0
373
0
6
0
22666
1
9
127
116
97
10
0
0
9958
1
1
7
21
336
878
56
2
0
5
0
3
45
0
2476
393
97
0
0
2
14
2168
6
2765
368
0
0
0
0
0
0
1164
1
320
8
50
0
0
146
240
33
2
17
2
94
26
0
0
0
0
0
0
14
243
1
1177
1
0
266
0
0
608
1
90
0
0
0
2
1
0
641
2144
0
2
67
8
731
2767
3
0
265
566
3005
2
33
0
129
6983
11
1073
3
0
1
56
0
2759
0
1617
7
7
1
0
265
304
5
0
252
1
2
3
0
0
0
1
809
0
539
346
7
267
1
2
0
1
2
34
0
22
0
0
4
0
12
4
40
0
0
8
795
3
9
25
0
110
1
0
187
0
0
2918
263
4
4
50
233
0
0
1847
6
1
15045
2
245
0
0
2
206
48
563
42
244
0
23
12
6
0
0
0
0
0
1
3
0
4
1
18430
115
2
1
53
0
2
20
0
0
126
0
1
0
16
24
7
0
0
0
195
0
99
1150
9598
87
147
0
0
1612
6201
165
8580
21286
1612
75
75
1612
180
180
6294
0
274
62
69
1854
274
509
0
36656
274
13618
4563
117
9891
6
274
4363
15999
10827
9400
12859
15184
320
20379
9560
218
147
147
274
22760
38
27181
3439
47933
7735
20943
766
320
31657
16923
320
4263
16
16628
160
117
2049
315
2111
4575
1940
826
11
111
878
54
0
1023
0
20822
11
295
295
3
826
2318
3
197
190
3640
5780
826
2513
377
5074
52
39
87
0
2318
1
7
32244
42
15672
40275
2124
9
99
18336
0
4
1
0
36004
10
225
45
3
1
0
8308
25
218
2370
0
42
7
1831
10461
2
2236
4474
0
52
2059
0
0
10
274
30
43
111
12
0
0
0
866
3338
139
1444
398
371
134
6
0
230
126
16
2726
162
23
0
1754
446
156
1
184
7
273
208
0
170
2
132
6381
161
726
2
430
12769
36
491
149
15269
9
0
0
1
500
2529
3163
2476
1165
0
77
5
0
62
429
26
158
0
565
0
30
656
64
26
140
140
29
6281
5
1741
502
29
142
31
20216
988
27
0
5
3
0
1
2
0
246
0
70
531
0
36
57
0
1162
21989
389
69
455
3
225
1
0
20
3633
3
60
10
22
70
1
11
0
3255
1
0
358
605
882
2
0
122
44
37
1833
68
1
139
0
1057
65
65
0
0
4
729
4846
0
38
95
62
6
492
0
71
91
2
16607
13
1
12
6
8
308
785
0
97
1
1008
9
0
77
11
13
1
8
2
0
0
1911
265
0
11070
0
8107
2
2
1
869
623
120
7
2658
626
1435
0
0
0
2
75
409
0
1
0
0
0
0
362
1297
76
605
14
157
0
0
37
24
391
9
54
0
50
163
0
0
3
5
147
0
23
11
107
8
23
75
14
857
2
1907
0
2146
1
7
6
110
53
175
2276
144
24500
5058
1024
8
2224
33
0
542
8
0
93
0
13
1
0
0
1
191
0
0
0
0
0
28
0
7863
0
7794
0
0
494
4
0
2
0
0
1
133
1
7092
41
117
23
2
2
8969
0
4
46
16
157
0
1054
0
486
0
0
0
1555
24
89
72
1
15
0
0
0
0
1105
1898
11
4521
0
15
8
0
8
0
0
288
256
47
192
0
0
0
32
0
3931
76
392
376
5
37
6
369
0
0
533
0
6777
231
8685
24
3
168
237
0
188
1
515
112
36
17
0
10
26
12
18
0
0
1
0
7
113
0
1
27
66
0
301
0
0
20
1387
6
7
0
34
10
143
0
0
0
9
0
0
0
5
70
0
4
1
677
0
0
0
9
128
45
247
60
3
31
26
28
1691
7
0
1
97
0
5
1229
12
175
0
3
182
2298
0
17
0
2041
0
4284
2
48
0
30
110
8
0
0
200
2849
504
35
36
30425
102
0
915
67
476
116
3
1
1
2
0
0
450
20
0
39
4
0
2601
83
511
0
0
3
24
4
0
57
10
5
0
2
1600
844
758
58
0
454
0
472
1
27
32
7
21
2
0
2
17
0
158
0
1432
2
2
23
102
818
446
16552
1
1917
0
1941
15
91
3
0
0
61
664
202
0
610
0
7
0
4
410
0
0
0
9538
253
2577
15392
0
0
35
1
0
645
1
23
2
13519
7269
9
8397
3693
0
7
49
0
39
7
1
1
1
21
6924
1
43
24
40
0
0
132
138
10
6
5
3
5
0
3
1
3
6805
8
0
3354
0
1
0
2179
0
3
14
830
5197
332
0
6450
339
5007
7
0
0
5060
4859
721
1159
23
0
6
594
2
0
23
6
0
8
198
0
0
2
1
3
865
6
0
550
3
4
5666
18475
0
39
652
0
2
5
498
15205
104
0
3
1841
846
2
0
5
0
0
53
1
0
20
2
34
0
0
0
1031
6
0
2
643
210
403
0
6702
1
3087
1
16
0
0
8
41
1
4
0
480
9315
15
1
0
4866
15354
0
10
187
2
122
0
110
6
394
0
22
71
1
178
34
1
480
15887
0
104
4
144
1
35
13
30593
0
0
21
37
0
0
0
2
0
5
262
36
131
0
7965
0
0
129
275
117
229
6
817
1
74
0
20
0
1
4068
5
35
2439
0
178
25237
39
1
27
133
1
20265
278
0
1
1
3
0
243
0
4
0
0
28
0
12
42
0
153
1
0
15
0
1690
31
0
8
81
0
73
1351
2
51
0
2
1
0
1
5
1522
2429
255
3538
2
136
652
88
1
52
1279
9
2
127
59
818
0
4
0
0
0
0
182
1
0
51
1
0
448
0
1
2
20
670
0
902
73
1
4791
52
10
221
0
119
12624
1
1
2641
2
46
2
0
0
0
0
1603
0
0
39
123
24927
7
6
10
0
3
25
15
0
163
243
788
51
21
23487
120
3643
611
49
0
538
882
1
0
66
4
9
1
2
17
1113
18
144
9
0
9
0
1
156
565
876
4
80
5
0
0
0
6
2810
8
0
2418
7
4
17
0
0
4
0
2
7
0
0
0
48
3
0
8680
3
2304
124
0
13
41
179
0
4
6
227
7
0
5
2
137
123
14
117
8836
3
74
7082
63
0
184
1
22
23
4
2
4
134
2
1
4974
6
79
0
197
323
2842
689
3594
4
87
140
4
1
14
0
0
0
27
0
10
0
1
49
168
18
0
0
6486
3
4932
4762
1
52
70
50
1
0
0
3
4
4621
105
2229
1
1508
0
3800
0
1758
10
0
0
52
0
19
0
0
436
194
3575
1
43
61
0
2
6
0
0
0
0
22390
11
473
1
64
1
233
642
0
0
3
0
0
365
1092
2
3
0
0
10
0
0
1
4
4
0
0
34
73
0
418
3
1
92
4
0
40
0
1
312
23
6
1
1793
1645
625
20
6187
108
22
1380
0
1340
7
1250
0
56
1
1367
81
0
11
2
2
2
0
14
22
704
0
16
1
0
44
1833
163
0
14
7
0
0
220
0
453
0
4
0
491
2562
0
0
75
48
0
0
8
3
7
67
0
0
0
1
88
10
96
15
0
0
1
0
3
0
0
11718
15
0
727
1
4
12
69
0
83
0
9
0
36
0
44
0
8
0
0
0
0
33
0
1
17
176
0
632
2
0
1
0
89
0
6519
0
75
1
5
96
711
503
625
0
15
22
1
0
0
1
5
0
56
0
2269
0
0
10
0
1096
330
1990
107
104
692
24
0
583
2
6
23
81
6
0
0
8557
0
4640
319
6
0
2
0
848
0
0
0
0
0
0
1
2
0
0
0
137
0
0
0
0
3
14
137
31
26
480
79
1
0
69
19
0
0
320
101
0
113
0
259
7
0
7
0
1
0
3098
871
0
324
73
2
18
837
0
2
3
2
1984
2
759
1
1757
1008
8
2
153
5432
0
28
343
0
0
0
3774
0
0
22
0
0
0
2
1
929
0
0
2
0
24
15
0
1
7
1
18
4
0
0
0
0
17
23
0
0
6
864
0
43693
13
0
22
20242
39
4
63
0
0
0
449
1
2
72
1
1
19
100
5
179
35
1
0
1
2
12
0
0
0
0
3371
0
0
65
3
0
0
0
0
39
4
0
0
0
0
0
12
280
2
1
6
138
832
50
2614
0
27
17
0
149
75
221
101
8
6
0
31
87
2210
4
31
6
3
56
122
1701
4
1
24131
560
7
8
1
32
27
0
4
395
1
45
0
0
20
0
47
0
0
31
25
54
0
0
94
0
4
1318
0
101
83
0
0
0
1590
3
0
17
5241
8790
1
0
0
0
0
75
0
960
2096
4
453
0
45
0
41
0
6
0
6
5
0
1
6376
0
3
715
7
9
0
1
19
33
0
0
11
0
0
61
0
1
0
1
0
46
0
0
0
3
0
0
4
13
0
14
12
0
0
0
0
2843
0
0
1867
1
20
0
15
0
0
6
0
5
0
0
0
41
0
1
25
0
11
11
2
0
0
0
0
100
229
0
49
0
0
3343
0
8
11
1
0
0
1
0
0
0
0
82
0
0
0
0
0
1
0
0
404
34
0
3041
0
0
0
0
0
1895
856
1184
0
408
57
2051
0
0
0
9
244
1294
2912
0
3469
32
0
24
0
0
0
0
277
20
64
12762
618
45
66
3
1
0
2
26
1
923
0
0
0
27
1
0
0
0
0
2
13
0
1
0
3
0
14
63
2
0
1
79
1
6
0
294
0
10
260
13212
0
0
9
115
0
0
0
2
0
1
736
0
2487
3
163
0
59
24
0
19
6
0
848
0
9
183
0
0
0
317
1295
0
0
0
0
1
133
5
0
118
0
0
65
2
0
0
1
0
39
7
27
24
1369
2
0
538
0
2
0
2010
3
1081
43
0
0
1
11
9
0
1
25
0
1
0
2
13292
0
1
0
6
2815
1
942
0
0
1080
51
145
4
3412
703
2276
0
89
3
0
2
0
3
2
1
1
0
0
1
0
0
3
2
0
0
11
1
211
1
4051
8552
0
9
2996
0
676
18
0
955
457
1
169
6
0
20
22
188
0
0
4
0
0
17
0
113
1422
189
9
0
103
31
1
6
0
0
1
12
375
1
0
453
0
1329
65
0
0
53
2
25
0
0
7
1
10
0
330
0
21
951
1526
222
0
745
1
0
0
30
0
2
811
0
176
212
158
1218
4
396
1
1
2
198
8
0
309
0
0
595
2
733
1171
72
9
2
0
12
39
1654
18
5
875
346
26
1302
1168
925
0
0
5
0
0
1
8
0
0
282
0
1
694
0
1
63
0
1
5
0
0
0
0
161
0
0
0
1
0
2
7
0
67
0
20
1
0
2
334
1
113
0
2
0
8
622
58
0
0
3
2
104
3
2
1
2
342
9
3
11
4
3
36
0
2
0
2382
38
32421
5314
5326
5104
12859
3946
38805
13577
0
7228
9598
4151
9207
9816
30
3439
6
638
160
274
5837
10316
185
12859
217
147
247
509
28035
38
9598
17941
185
2045
9598
2143
21
793
12859
587
28035
8132
11896
12859
847
160
15341
274
117
185
5104
247
17286
11430
18270
1060
13570
5088
12859
274
1002
1678
28652
4716
62
267
5
188
206
1
3
6
826
1328
315
165
0
600
266
804
110
209
153
1
8
0
2194
206
564
0
393
88
48
5844
315
12711
2194
2
315
316
20
2
15672
21
0
13610
40
5953
82
895
53
2318
62
2194
103
393
5
54
0
6926
3
1
5953
3640
13
807
4
4893
151
0
36
13
12
1995
2
3418
3338
1030
2236
276
4
4524
100
0
140
0
13
0
17
0
151
12
30
4749
7576
0
64
73
7862
29414
0
0
7862
67
1594
410
7
0
0
16429
0
4
1
0
179
139
792
0
16191
7576
1367
1480
10
8262
1907
2699
4
134
2
0
3671
6
93
3
0
0
2
1
41
81
4282
9306
9536
3589
10
202
47
24
2240
0
49
14
140
5239
644
2
9814
11
22743
5682
73
17
5515
9
64
2
18240
42
816
0
531
0
2525
1
0
404
1
128
0
5
0
0
71
558
12
12
0
6
129
2
404
142
129
4
11
674
42
6
0
3
1004
0
1
10
262
409
505
851
110
9276
5
1
3
0
0
7
83
64
610
1004
0
0
18
2
221
1
70
666
25
6
1
2861
529
6822
308
1
25497
0
65
164
0
3
1
4
2529
1
92
157
173
0
2639
271
145
535
164
38
0
10
0
6
870
0
4
2098
19
2900
62
4
6
8
4786
1
0
1208
28862
247
0
0
0
13
2
376
7786
19
146
0
659
0
8161
0
22
325
1
161
343
116
1
187
147
4022
321
4
353
138
0
0
91
1297
40
9434
0
0
2
0
3784
42
29
13
138
157
2
1
563
0
0
25
108
5
0
6427
2
1176
1
200
0
6
55
39
504
11
0
492
0
0
0
2
6
0
2
1
5
581
332
0
0
146
25
1
0
199
0
6
23
73
2530
9
0
19
9
4251
6
28
3496
3
7137
0
0
6
120
155
620
0
19
14
0
0
293
404
1
0
19
143
9
963
99
20
167
2
2
21
0
3910
247
0
0
1538
72
791
0
1355
355
9
0
476
0
2
0
2108
554
28
9
0
5
173
0
8
237
223
16
5
136
96
12
257
7
0
1
33
12229
210
0
2
4192
22
7
0
96
729
327
10106
277
38
1
4
0
1
2747
0
501
0
11
30
0
65
0
1278
270
0
13
26
48
1
2
3
4
160
0
238
56
15434
101
3361
425
361
0
0
0
86
0
31
8
396
79
0
6
22
12
111
4
4
0
0
1
2065
32
298
12
121
304
114
2307
0
385
8
6517
90
16702
3684
3
1386
0
1494
4415
3
11
1
1533
1
0
2721
3274
61
19
0
1
281
127
1
0
0
3
0
79
12650
704
19
0
233
1185
0
1
355
1600
163
573
11
0
3937
77
126
6065
442
0
39
0
6893
354
4
3
0
0
7813
0
0
272
1481
0
4
180
21
7660
3
426
854
3697
5
1
46
0
3646
743
1
6
803
5
3
1
4
76
1
0
0
378
2779
101
318
3
4
0
0
0
654
7
3
228
197
35
184
0
7
32
10309
0
24
44
0
74
0
0
11760
138
584
4
12813
0
1
0
36
5423
38
40
22
7426
141
5
0
0
67
16
0
556
0
0
0
17
83
1
4
688
60
0
0
1
631
1
1
4387
4
0
0
153
386
0
1884
0
10239
5
333
140
4
388
49
2533
83
1
6
11816
230
8
2
0
9919
0
0
232
6613
1593
16
7
554
2415
8015
15
1579
2
0
299
63
501
4393
1
0
8
0
6
4745
3
0
1
0
26
1810
11
3
0
0
430
0
33
0
1
1362
1
13
1
164
1
9
4161
4
910
217
0
0
3823
5
24
174
229
48
77
38
1
7
17
0
1964
100
27
178
0
16
0
0
0
224
163
0
0
0
0
0
7
2306
0
3696
20
2014
0
0
0
0
15844
10
0
5
0
4089
2
0
420
7258
0
0
262
49
0
2
1
293
128
4
239
11
0
3
0
0
3
4
38
302
2110
201
14
0
1028
0
0
1
388
174
66
0
1
1
0
2
9
11897
0
0
3822
0
98
10
0
7
0
1
123
33
1653
0
0
95
7
1
676
0
505
0
0
85
2
387
25
5
0
18
0
1
0
22
46
0
807
0
581
111
0
105
459
54
1
45
0
272
8
10
43
0
1
0
111
221
3481
69
5934
810
0
0
0
15434
0
0
99
0
123
0
494
1
426
2
0
298
105
0
2
616
0
1
0
12
73
50
7
7
18
1
2198
2547
1
19
2935
0
1
91
1
0
5
0
91
0
0
63
4
0
0
6
10
28
78
1
0
43
1
631
0
47
54
0
429
59
0
1
1
3
0
0
22
10
0
0
31
85
0
4
0
2
75
10
438
0
0
17
0
7758
94
0
15
1
3
0
4
0
0
40
4670
5
39
4309
351
40
0
1
2
7371
0
636
0
1
0
1141
7
97
163
0
2
184
0
7211
4675
67
35
0
13
0
409
5
97
526
4
0
0
58
56
0
827
210
4977
0
0
32
10
0
92
0
147
1
0
5
9
6484
0
126
0
0
2
0
1
1
474
0
5
4
0
7
62
15
0
8327
0
96
199
1
1
1
1
25
285
0
68
7
0
129
181
7696
0
12
0
2
1
4
671
129
129
67
0
98
1
0
114
3017
1
3
1644
0
98
91
156
1414
240
0
0
0
111
74
1
11
0
0
20
0
10
2
1
0
0
2281
3
1
5
86
1802
3
46
13
1726
0
0
1
0
865
56
0
2
1
46
572
50
1
10
1
2828
1923
3
0
68
202
74
186
583
0
325
0
7
0
53
0
14285
20
99
1
160
2346
359
65
9672
158
55
0
1
0
38
2765
1
2469
0
4192
654
164
16
0
1680
0
0
1
43
200
1031
17
82
0
0
0
1
0
4
0
7067
0
1449
4
2263
438
1
46
79
1
0
0
21372
19
0
3
0
74
0
0
8007
1
22267
0
0
130
0
0
1067
0
0
1
2
2
0
0
11
0
60
0
1
93
0
7
0
506
1
8
0
66
2199
3
0
2
0
5
135
856
483
1
3
3496
19
0
1
0
1
0
0
0
0
0
0
2753
2538
0
4
60
45
2219
2250
3616
0
1
0
14
3799
0
0
2
15
0
4
3
1
85
11191
896
7
50
6
0
0
1
2
12
0
171
3
16457
403
1
210
172
66
0
4
0
942
1
0
122
36
0
1
14
5
13
0
0
411
0
0
2
0
0
1
2
169
0
80
1659
44
330
1
1
0
0
0
0
222
0
1216
0
1
0
1270
14
0
321
38
0
0
32
11
2
37
0
0
14
0
258
0
0
0
0
85
1239
2
0
100
2
3741
0
1
191
6
0
4
7
0
9
0
174
14
7
1235
0
0
0
172
176
47
0
0
99
0
59
2
191
0
74
0
35
2
5
439
283
0
0
3
263
14
4
6
0
0
1
0
1
48
8355
2
53
0
8
0
939
5310
0
6
0
0
0
8
1038
1
0
0
246
76
0
0
0
15
665
679
13
1
191
255
1
0
0
5
0
10
0
0
51
0
94
5
2
114
1462
11
4
2355
0
9
8
0
0
0
2
0
0
0
0
0
418
257
29
0
0
5
24
0
1
47
467
2
0
0
9
0
0
763
45
2354
55
0
0
34
27
2
0
2
218
6882
91
0
0
17
12
0
17
1656
2
52
0
106
0
0
2
3
13338
0
4
0
6
5
0
12
419
0
0
2018
203
200
1017
1306
0
1
93
3
693
10
0
0
0
0
1586
29
150
34
0
18
0
29
0
1
0
2
112
0
1792
1
0
9
0
1
21
114
1
0
4
9
0
2
38
0
0
202
20
2
4
91
0
1
6
1270
0
149
72
0
62
0
2
0
0
99
0
397
0
9
113
8
5
23
5
25
80
108
173
0
3211
0
30
0
0
1
4
10
0
0
1
0
2342
0
0
0
34
0
1
27
0
1
0
0
5875
85
0
0
1591
1
0
248
159
11
1
0
21
0
2631
0
1482
338
0
5
18
0
3
0
0
4
41
0
0
744
72
0
111
1
1
0
0
27
225
39
127
8
100
0
0
0
1
0
2348
0
0
0
1
0
0
0
1
2
0
127
232
0
72
1
2
419
0
0
2
0
0
58
2
3
0
7
154
6705
1146
136
0
0
0
726
0
2
2
0
0
519
42
14
3726
10
812
3
0
9
7
1
3
262
0
0
0
0
2630
437
46
3
1352
17
6
838
0
13
183
667
0
0
1
0
0
2
3
0
23
0
0
309
0
0
2692
40
23
5
2
0
0
83
1
261
0
156
0
4687
6
0
4
8
187
12358
0
316
10
185
1
1
488
61
1
2
267
86
0
0
5
5
1
0
257
1
23
2069
7051
74
0
14097
58
54
4
80
12
0
35
0
11
1
1084
6
343
3
766
41
0
83
18
0
0
1095
56
798
0
0
2941
58
5274
2
224
0
18304
4210
150
17
0
0
14
8
1
0
31
1817
31
660
0
121
1
0
1
875
0
0
6
0
6555
0
0
3
2
0
0
10
0
229
0
0
334
0
1
1372
3
19
276
799
2
1
0
4
0
0
0
0
1
0
112
28
0
182
1
499
66
1
0
50
7
0
0
764
114
7
0
0
3453
0
8
54
1
7
0
52
14
8
1
0
0
5
10477
292
18
120
0
1154
280
1
0
294
0
5
931
64
0
1
0
13189
0
0
0
93
9
375
0
227
0
0
0
0
2
300
1093
0
0
4639
5575
4
628
101
4263
5837
5911
314
21332
32013
509
13119
28035
4220
105
90
12859
10
32397
1780
30
0
390
10105
9598
1854
297
105
147
0
28652
297
3946
28035
3566
1826
839
1035
1612
1612
8127
3566
56
4298
320
0
12859
9098
218
440
12353
6923
268
160
237
87
509
1612
9517
9816
11480
147
218
33852
5104
34
2632
5104
88
5524
49
2
3982
2
808
13
48
2
544
0
206
79
57
0
266
179
4675
0
315
239
8
544
6110
6
4
8
1
48
284
29
57
418
11
11
218
349
39
120
6842
826
5953
80
1024
595
1
3
8113
853
21
18
21
3979
3451
1829
2
0
14674
1301
11204
108
11
110
317
3
96
596
0
1
9
1480
64
0
17456
12254
12
1
9822
927
100
20363
4
1
2236
890
8
17456
3342
6
3671
8
1995
64
0
0
0
0
0
0
1258
10
24
9576
1331
4284
4
31
5157
1
0
2
0
97
1
1509
4
4
0
239
7408
1150
2
0
490
20146
20274
1
835
1
207
3
40
150
2
0
73
443
159
104
2
184
2
96
47
5025
0
6100
9536
241
844
17265
4
0
11
844
511
73
1626
146
1
0
0
0
0
3
410
0
244
2961
404
5863
3
8
2
257
1
0
7919
8
170
3
21468
0
185
9
6910
10
9
478
202
1029
7
7243
987
5
70
8
8
0
256
0
835
568
1004
14
0
0
508
4
9
1
505
3
807
1
380
431
0
807
125
256
0
202
90
135
0
0
10977
0
38
1757
548
28
2
15
60
8129
5
12
304
1
3
1
120
13
500
0
0
103
0
0
1
0
0
5
0
1586
29
3
0
147
5
0
59
0
0
593
19
721
89
8
5720
230
1084
469
2246
63
175
571
84
0
563
175
34
1036
24
6
34
0
0
201
1996
2
0
1
272
0
0
4
103
13913
10154
0
5
0
8
8
1
598
529
0
591
43
20
1
4
299
227
4
4
1
2
4038
91
3
2
12
0
79
1736
6
0
0
59
4
0
4
0
4
305
41
69
0
162
0
6032
69
268
64
0
0
0
9
0
1247
544
91
103
8
42
0
1
3
2
0
5
843
0
44
4
3
0
3
8
0
7
1
7
4374
0
10
62
1700
4
45
1
28
83
0
0
0
33
662
40
6
9
0
0
2
0
0
1
67
20
0
264
6
21
8559
153
264
5939
2239
0
0
2
0
50
2
0
115
57
9
1
1017
4823
63
0
74
1
2
860
5759
3
15
124
28
0
4
1
0
0
5
4744
3
1
25
38
127
94
9
2
0
0
11
788
0
1701
104
2747
0
0
8171
5
297
2
185
0
349
15
0
86
0
3901
584
2
0
0
84
545
28
532
1
0
294
0
24
476
0
0
47
2316
232
24
29
1
20
0
8
2656
1
5
0
724
122
1
20
30
1214
2458
0
58
38
1248
0
126
9
0
0
6
712
2
207
0
0
7145
4
2
31
4
3942
0
173
3
1
22
1
4
51
3444
0
12
1
3
0
0
0
165
1561
1129
0
0
0
18
33
6
239
48
9
670
2620
1
6
7
0
3
17
31
3376
4
0
9
36
23
42
0
238
5
38
443
14
6
0
1860
0
0
302
3697
0
2908
59
259
374
34
2164
2632
17
50
114
132
0
41
1476
1917
1
1
1
0
13
25510
1
10
3
3426
0
0
1
15
128
7
94
21
24
2
1
298
1
67
103
24
15
0
393
0
1
8
0
0
413
0
3
1
0
29
0
0
7
0
0
0
29
16
52
4
4453
1
1
0
2
0
1965
907
53
24
0
20
200
7
21966
0
1
0
0
95
41
0
16
3
259
6
0
4
0
0
1572
239
5
0
179
0
4
65
40
1
5
33
137
1
7
103
25
39
0
0
218
4
160
18
1
0
5
389
0
0
6
2
1457
1805
746
1837
141
1
31
3700
25
17
0
226
0
0
1094
0
1626
50
3
27
41
4
0
0
5
0
109
8
0
28
0
262
0
0
13605
117
0
0
5
47
0
8
2
554
1
0
19
0
850
1110
3814
152
0
0
13613
0
612
0
2
6319
1743
0
161
19
0
3
0
41
11
0
0
1087
2
1
0
45
1
0
0
0
58
48
0
0
0
0
0
0
4
107
1
0
46
0
0
21
0
0
0
0
1
5
0
563
9
48
0
1
2268
49
0
803
0
3
35
65
18
1
4
0
53
0
0
5
6
30
0
168
0
0
8
8
8
0
237
0
0
38
0
0
0
0
4
298
547
0
6721
0
34
0
0
3
0
3
0
0
9
1
165
10573
717
4
0
24
0
2
86
5
6
0
1
3416
3
3886
1
3
3346
3265
18
1
5
3
1638
20
5240
0
0
1
0
15971
2
0
1808
276
7
0
0
4
0
0
0
1
0
8
0
0
14
4557
1
1675
4
1
3
1
0
10
0
5
0
1
11
2
8609
2
2
94
17
0
1
2
2
0
0
1
2
29
202
10
1
0
48
31
0
301
0
30
98
73
0
0
2648
7
0
1482
0
0
1157
125
31
832
0
0
0
1
497
1
0
0
0
2005
0
115
180
90
27
3
0
29
1
30
11
6
7
2
0
561
218
0
2572
245
94
1
1
146
0
3
1
9
7
11485
22
96
1
479
9800
3
3
4
1
3
0
14292
4
649
71
0
8803
82
1
0
6
6805
240
37
0
1
8743
900
6316
88
0
0
1
249
10
392
80
0
3
0
0
0
330
1
9
1
3
14
0
3
35
13
901
0
19
1
0
17
0
16
0
0
0
189
1
1
89
38
198
834
0
1
0
27
1704
0
832
11
487
0
1
2
22
1602
329
126
18
0
0
0
155
1
0
288
641
0
0
58
1
21
13
28
2189
1
0
0
0
407
0
2
2
30
0
1000
51
655
1
1092
274
0
2
0
31
0
1870
1
1
0
1535
0
10450
0
0
453
1980
52
0
16
187
3329
0
3399
0
72
0
52
21
13
5
14
0
6
0
153
2
20
48
0
18689
0
0
1
1
62
0
10
1
0
0
0
14
0
1531
0
2
0
587
0
67
0
16
1
1
3522
11270
55
2100
1
8340
0
106
2
19
1995
1277
1
2
69
20
3
2
0
0
204
2
425
1216
45
0
329
0
31
0
0
10209
84
1
9
5
4941
12
0
95
0
0
5282
298
73
5
0
0
743
1
0
0
600
418
4
0
0
0
7
10
73
1
0
0
0
3
100
13070
232
3
5242
9
0
0
0
0
9
0
0
4
161
0
72
214
0
7
1
0
679
1
9
1154
6
2724
8
4283
13
0
12
15
2
135
0
0
0
12477
38
3
2
1
0
1
193
34
0
4
0
0
0
18
0
1
74
12
53
1
8702
1
15
908
0
2398
0
0
2226
3
1
17
422
1
3
1
0
3
0
0
0
64
635
0
7135
0
0
0
1
0
0
1
0
3
1020
0
1806
2
1822
5
0
1
12
9
9
2
0
0
1342
0
22
38
0
0
2
0
4555
199
207
0
355
303
677
0
141
0
2
4
0
0
7
5216
0
0
11
738
41
3326
81
778
58
27
131
18
73
4
2510
45
96
0
3284
0
1183
0
0
2
0
225
4
0
3
0
540
1186
74
1
1
12
0
1
43
0
28
0
0
2
1
0
4819
4
4
2
45
39
1
0
0
12
3475
86
0
602
2
6066
0
546
140
0
3
0
2
5
6
4
0
0
348
3
2201
0
0
564
7
3
6
0
188
0
68
1
0
12
0
1020
0
0
39
2
156
9
5945
67
0
691
0
5242
2
0
0
0
11
0
1786
0
22
0
0
4
0
10
60
0
0
2706
0
20
0
245
8
1
4
0
49
6434
1013
248
1
0
605
955
12575
3
1
4
2039
0
1
539
3
0
22
3
2
0
0
0
0
1054
0
529
0
0
0
0
1612
3
1
0
0
1
13
18
0
0
0
0
7
145
6
2
13
0
5
1
906
0
980
10
3
0
1
2
0
1
0
131
0
41
28
26
0
0
6
1
3
0
50
0
32
0
332
0
2
0
7
155
206
0
0
138
488
12
11742
0
24
0
27
42
68
0
5437
1
817
2944
631
1
0
1
105
0
1811
0
0
8
219
17
609
3
216
4
104
210
103
0
258
901
1
6289
0
2
0
3312
0
1
0
41
4
0
7511
1
80
0
1
4
34
6
0
1525
19
199
1
88
1
171
31
167
94
2270
30
10
2739
344
2
2
0
2
0
3
2
1
24
1035
190
82
4
2
0
2
10
0
0
632
1
9
38
29
3
1
0
3
2
0
0
0
9
27
18
2295
0
27
217
784
226
9
24
0
24
0
0
5550
0
11607
267
0
0
0
1
527
1083
4
0
132
165
197
2081
2
0
201
0
231
3955
57
0
0
0
1
0
0
35
0
384
66
20
116
748
1
3
9
542
11
0
0
91
7
66
0
79
0
0
11
277
29
0
1
4
74
0
50
462
3
1
0
1
86
0
8
85
850
0
0
23
290
0
6
72
8
6
0
2
8
35
0
0
41
119
0
0
40
0
0
0
2371
92
1
192
168
7
197
0
3
3531
0
41
0
1
0
359
0
42
1
32
99
5
1
0
0
0
3
132
0
663
9733
4
15
1
1
3544
3
0
15
0
32
0
1
82
27
7
1277
44
0
439
1
0
1
0
10536
7
0
11
0
10
0
1
0
0
3
2
168
24
17
0
1
114
4
103
92
0
2
0
1
6
2
0
3147
6
4321
1
15
8338
16
150
287
33
1
184
4
170
0
204
0
0
12
3
269
5
1
175
0
0
15
0
2
1863
1402
70
7127
0
7
1
54
1167
3371
1
0
16
551
2
1
0
785
502
310
4
0
0
1
0
109
153
1
7
0
0
0
8
3
1
191
0
2
4
0
64
598
12
2
0
9
320
17286
5104
38
6222
18751
314
320
38
9035
2692
390
845
320
12859
22
603
11958
7975
38
29602
0
18591
69
297
218
31958
1379
1887
87
797
274
38
6
9517
5837
3570
38
45130
21121
20921
0
1612
2498
1612
1612
16806
3
14852
14892
19046
321
845
320
4238
355
9598
169
11915
1379
46237
32488
15374
87
2277
5
6652
176
0
14
791
94
6279
120
145
23153
1
47
1334
142
12387
74
565
4
7
826
0
197
8
1586
6135
3767
40
315
1
3640
18
9
3451
2114
917
24730
5
474
534
8204
11
0
11
1023
11
705
1
213
826
3
2
3148
10
24
315
1948
0
3767
63
61
17
21
22
58
4
0
305
5
0
0
52
15125
1011
26
71
0
0
0
26
2329
404
390
69
4284
0
398
8
0
0
1
18746
2
1
134
25268
537
0
18
193
0
6301
0
242
283
30
7
0
43
7625
0
21766
271
1
5
49
6
0
34
5552
16
322
1
61
61
5
5072
9
428
6928
0
96
3
0
5
39
0
275
0
0
0
9
1085
25
610
1829
239
0
4787
2
34
844
9473
43
10
3
11539
34
142
1987
0
74
1250
1615
1
302
2
1096
263
740
0
26
30
278
1865
0
993
6448
90
4
0
3
20
1
599
10
10
0
1
0
0
0
1
7712
2500
0
15
3584
3
1
63
157
122
10
16
110
2
7
26
6
21
0
2
6109
2284
807
858
9
2396
605
109
6
38
445
140
626
14
0
10
0
0
0
0
6
11
1610
1
827
6281
373
10
312
18
456
9
22
0
54
4125
17
218
43
242
21
329
649
7991
1
2
124
11
185
972
3
46
18
52
15
24
289
0
0
3
0
0
5501
3805
142
247
175
9
3295
6
767
0
0
153
0
9
7838
168
82
1
0
1
2
1
0
0
0
409
28
337
2949
0
0
0
2
1
0
1
2032
2055
0
16609
0
4
6
196
0
0
12
398
7
8
0
1
0
80
623
2
3
2
186
0
13
5
0
1016
0
16
3
0
69
11
0
0
0
9
1192
375
991
3
7
17
349
272
0
485
1
26
0
0
59
0
0
0
7620
82
4
2
0
2
0
422
2
3
10
3
0
0
4
2
0
8
82
155
5
13185
11
12
139
0
5
103
6
132
35
941
0
2
3
1
0
0
6
52
264
73
43
76
0
15653
4111
34
62
2
411
0
4507
0
11
43
0
0
49
0
0
288
1
0
1690
1194
42
36
8
17
10306
2
11
1
1157
283
3982
0
38
10504
0
173
53
0
1960
4
158
235
0
0
4
0
1
0
7
2824
0
1486
6
2
417
2324
8262
6
1307
192
0
0
2199
1
6
3046
0
24
0
116
0
119
102
2010
3950
1
0
40
142
0
1
1120
905
21
1096
689
2
10341
524
0
9
2
6
0
0
7
33
1247
0
8
3
3
426
4
1950
0
29
28
1290
154
5
36
24
0
2
2
0
0
2248
1
3
268
420
246
192
88
394
0
0
341
347
0
0
0
0
1
0
0
479
0
0
0
0
1
41
1
0
0
0
22
1879
1
19
48
1
0
12
0
9
265
40
30
4247
2
0
63
0
178
0
0
12
0
0
4
27
197
4
109
404
1
0
0
0
2
377
0
0
34
819
1
1
10
0
196
44
0
410
2803
13
320
9
3
0
4
1
35
163
152
1
12
0
0
0
131
77
6
0
27
0
725
0
0
3
0
0
0
20991
35
761
0
2267
1
45
11
2
0
623
0
1
0
0
31
0
125
38
111
94
8
1505
98
58
4
12
1062
98
3
157
4
50
0
16
231
50
3
2
79
1018
0
1
3
0
119
0
2
0
30
4
0
0
0
0
625
1143
1
836
331
136
51
0
0
1
56
5
1
144
10
0
0
486
0
0
45
0
5
1588
608
6
6
1765
40
141
1
0
0
3
5158
5
0
1
73
8539
1079
0
0
0
12621
1597
10
23
1
0
397
1
341
218
0
0
2
0
76
3
115
11
0
1430
180
1
4905
23
180
0
1387
4
196
5
0
0
43
1
2
340
7356
0
492
5890
2
0
0
0
433
0
0
2
108
3
24
0
1609
546
0
313
0
0
0
84
328
0
598
35
0
1
678
35
2230
10
1
25
1417
0
546
8134
1
0
5
583
0
20
2
5
0
18
0
0
1
143
0
386
479
0
0
8
1
18596
2
50
207
39
2472
0
0
0
0
2
10
1
2947
181
1
0
11
0
539
0
0
257
0
0
0
2
224
114
7
166
9
1
0
0
4
0
0
0
0
0
0
3
0
1051
2
82
5993
0
544
0
0
1
20
8
2
23
4
1
0
250
1
39
0
0
85
0
0
12
1
1
0
76
0
2717
21
0
5
12
51
11990
74
10
8
13
0
472
128
0
0
1
10
49
41
0
5
4429
48
2
915
0
0
91
0
0
31048
190
55
0
1
9
0
0
4
233
0
1
205
39
145
16
1144
3
140
16075
1
274
10
2145
0
0
9
0
0
0
9
35
73
375
4440
104
2
0
55
4
0
28
4
0
75
44
1516
1
182
1294
7
0
0
7
107
134
1
73
15096
181
1
4
1
1
3341
21
0
1
6
23
6
12
41
2
0
0
21
13849
11
4
2
8
1554
40
0
1
38
0
18
0
292
72
0
0
165
392
67
451
3
54
37
0
10
298
0
8
314
492
0
5
42
2061
112
22
0
0
277
1
5
2
8
7
9
6
0
78
41
32
4
1
12
2
201
1
4287
572
2
0
1609
6
81
13846
2
1
6
0
9
2
490
2
6
0
1
12
77
0
0
1754
0
139
1050
7
83
847
37
471
0
2
4259
0
125
40
412
1248
0
6
0
0
1
0
0
0
3155
0
1
2
0
0
0
14
51
0
1
0
18
0
0
0
1406
3
0
3
2337
0
13
28
2066
364
10
1225
2368
1
6
12
13
1
0
4
0
2
7
40
8
3182
218
2
72
380
0
0
743
0
505
0
53
0
0
0
0
0
4
1
2
3179
2809
88
3
109
0
1
4
0
0
1
0
0
2
15
1
1
0
386
10
48
3
14
0
0
354
48
147
0
0
134
1
1219
0
2
4
162
0
13
33
157
14
114
2
3
7418
9326
0
6094
57
0
1083
234
11
0
0
0
1
0
0
0
1
71
1
3630
1
0
114
521
0
104
0
30
24
0
0
1
111
0
0
338
9
0
2
3
0
0
0
0
23659
0
4
653
115
0
0
103
0
1
69
0
0
0
0
0
0
7
0
4
80
155
64
1
2
1110
7
4
3
9
0
0
0
0
145
1036
566
4
0
517
3
0
59
26
100
664
32
36
0
0
0
1
1
1
0
14
444
0
1
2
0
1276
2
5885
0
66
9
0
3
34
0
0
3
1
2
0
292
5
210
4742
0
0
0
80
0
0
581
286
1
0
6
138
58
0
9
0
0
2
0
0
3
7432
47
1
7303
2
0
1
97
0
0
2
1
0
9
3
2
0
807
111
0
0
51
1
0
1
162
44
903
0
0
13027
454
1723
0
1
20284
0
2
0
2
17
188
2425
0
153
1
921
1
10
1
91
4
0
2509
11344
198
15
0
0
0
1369
6636
0
8
8330
6
0
522
884
8
38
2
0
1
13
0
19
1604
1197
713
0
0
6
0
4
9
0
3
951
29
1
1465
53
346
1210
0
0
0
67
399
132
470
0
68
226
0
0
0
6888
0
4
0
34
1
0
0
14
1
1
459
0
0
0
0
0
2
0
2
30
500
13497
1
106
375
1795
3
0
1
598
93
0
1
4
0
0
10
4
0
0
5
0
5
0
0
5
14
56
17
14
1
18
9
0
90
2
0
0
0
0
0
2422
0
1
272
72
1
587
3
34
0
0
93
1
36
0
1
0
0
5
0
133
0
199
79
4
1675
0
0
2
9
2
1
1
0
0
0
1
1
189
3
0
0
9
0
32
0
1
0
348
0
10
451
8
0
0
19
10189
1
2
0
56
0
0
0
157
0
2
0
156
19
0
0
13
159
29
26
271
5
3
0
84
0
0
0
0
0
1
0
178
88
0
0
0
18
998
15
0
643
1
0
0
1363
10
10
2
13
0
28
136
0
390
2
2
62
0
0
3
0
1
0
0
5736
60
0
0
0
1095
1527
0
0
1810
240
0
0
0
6
0
45
115
0
0
20
4614
0
0
0
0
0
432
0
5
16
0
1
0
8
92
36
0
8
0
0
1
0
0
149
1
1
0
188
1
13
7
11160
34
81
0
520
5
37
0
14
0
0
1875
58
0
565
264
77
0
0
565
57
219
3
5
843
0
752
213
764
1
0
472
0
1043
0
0
0
77
38
5
0
640
11
4
5866
1
1
3
0
31
23
17
0
0
26
1
0
0
10
0
8
70
2
0
2
9
0
13
36
597
0
1
0
3
0
5373
0
53
529
0
1
1280
15
15
1902
0
4
12
1
0
4
1164
289
0
2
107
1
10
0
0
0
0
16
0
554
1
14
30
0
0
0
1
263
7
0
12
0
74
0
0
51
0
1229
7
3
65
0
5
1
12
310
670
17
11
0
1
191
0
0
19
2
0
16
34
0
61
9
0
0
0
10
0
13
0
0
3
0
0
5392
2
0
6
0
0
0
4
19
0
0
7
938
0
11373
5
1
0
0
0
4
27
0
0
0
0
0
1
1
2327
15
0
0
1
1
0
212
0
0
0
10
0
0
2
0
0
131
3
1
0
0
0
26
15
6025
0
1
28
0
0
16
9
982
0
8
0
1
390
0
0
21
19
0
0
1
1216
0
0
458
1
1572
540
1
1
623
0
2
0
0
0
15
1099
9
1851
0
9396
18
0
4
0
1
0
17051
0
0
2
10
3
39
5104
48256
6
160
3869
12859
11294
12701
274
62
17113
33172
320
2225
3775
16509
9598
38
15682
66
4218
5104
461
147
147
11419
4220
147
20174
12735
17522
1432
14868
5606
797
1890
4298
13856
12907
87
13404
87
17109
35779
6803
9598
188
69
5104
20698
530
1621
5911
6
3220
5001
12859
71
28
10764
10532
169
5773
11
422
0
400
147
0
87
397
0
3640
353
243
0
7785
13525
33
1525
315
7
3
159
1
867
0
0
2330
22
70
1961
13
13850
14
63
22
41
33748
49
115
18
16
11039
24774
14661
63
2
8140
315
1
197
0
3
143
5
49
17378
161
873
299
17511
1835
25
104
27
2923
110
3
14207
0
48
1259
9
10474
11
134
2193
4
4
9
96
0
89
5552
3
19226
45
2
18
20977
11218
0
6299
690
100
520
2
119
30
3899
2964
32
25994
6
1823
2356
2502
63
19
3
94
1
2236
1
398
0
546
89
19
96
85
0
104
54
7
0
855
8
1301
51
1
392
73
1049
32
2
593
1840
0
142
5
70
9
151
1
3
4
70
28
3
1
22496
16
29
6
363
93
95
1
0
45
1
1
63
0
13
2
35
4
0
4
27
5
109
0
3
5910
13
34
277
0
0
897
14615
10
14
2076
1
62
0
2
275
5
68
104
1961
99
34
8
212
0
0
125
38
31
454
506
912
17
322
0
0
11
1509
3
1420
569
0
13
158
110
1
0
1
142
0
0
27
0
0
4053
4
8
0
106
7
4
16
18
1
667
1227
6107
10374
389
163
931
8
30
161
52
1
7430
0
1
64
73
39
30
7
0
0
0
735
0
0
391
153
184
1
26
0
11
0
0
2
1
7
1
10
15
3591
64
4202
70
0
0
1
0
0
319
50
32
0
54
0
0
46
0
0
3994
1
2
3359
0
2
196
735
2
296
0
1137
0
0
2
17
0
141
48
0
7
0
2554
0
1
4
517
34
58
272
244
44
0
0
213
0
0
0
0
1
2593
166
75
1150
0
1
160
84
140
2
0
4
7
327
0
0
0
18
6
23
99
20
1
11
1
0
0
537
174
0
0
0
0
62
864
7
0
2
74
9
35
13
19
323
12
1583
7120
4
0
1
7
1
0
0
1
1
700
0
0
0
20
1627
53
0
266
0
91
268
0
0
0
0
552
0
3
31
0
0
9
1
62
0
1175
1
81
0
1248
8
0
37
1
0
260
1240
43
0
0
0
2
491
0
0
180
8274
24
27
202
25
121
19
1
0
7
0
6
8592
675
209
0
3
455
129
1
2
1
261
0
0
1
0
0
204
0
30
32
32
0
11
2
0
1268
3
2658
3194
0
5
0
477
0
101
16
669
1389
2
145
1
1318
110
15
316
1
0
12337
33
8
0
60
11
4654
1610
39
5
2
1
3
13
13
1
0
104
2
97
3
440
1
11
7
6
0
0
915
1
7
1228
9
15
0
0
5
0
17
0
1
4
0
29
0
1
39
3
0
3
0
0
67
12
0
127
4
0
1
0
846
59
449
155
1516
2
5
510
0
0
596
16
42
402
0
39
3
66
0
646
105
0
0
96
9028
32
9
0
203
1
194
0
0
1
2
0
907
5
3
601
1
0
457
0
1196
0
0
1005
2
1
3
10
201
24
2
1
6735
0
1
0
1
56
6
0
8
6
441
0
0
0
162
1613
168
18
356
215
49
214
22
0
1
0
2
7
0
9
3
0
1086
208
1
8
4
0
0
5
1606
10
464
243
0
45
0
4
581
332
41
0
4365
163
0
0
8
0
745
11
16
3
0
1
38
72
340
68
391
0
1262
1502
824
5
12647
136
2426
0
10
5
1
0
1
1
3777
71
0
1
4
18
0
1
0
11926
780
2541
7
8
15
3
3
3
26
4
2
2
223
12
5392
1
99
78
9
0
0
0
5
69
2758
26
3
0
0
7
0
8298
0
0
0
10
0
1203
63
1
0
0
80
1165
98
0
683
0
4
12
42
559
16
121
0
16
51
25
195
20
0
0
20
9423
4666
0
0
156
0
14
5911
0
7
0
2
1
0
309
6
29
0
0
108
93
3
0
0
0
23
75
444
11
6
11
0
3
22
105
11
4723
0
0
0
64
0
131
10
1441
133
34
0
2290
3797
0
422
0
53
1
630
64
24
116
335
0
0
21
9
0
0
36
4
2037
3
0
6
0
667
1752
10
1
39
0
8054
295
0
1
18
0
0
0
7
15
0
601
159
0
0
9
486
0
1
0
0
33
6051
1
0
78
0
15
0
96
0
1
144
7815
0
0
82
61
6
79
59
3695
3
0
4
21
0
20
1
2
9
0
82
2010
128
4
8
29
0
102
5
195
428
2
384
96
0
43
255
0
69
10887
177
76
3
4
59
1
1
2
0
13
0
1
1
5065
40
0
9
4
1
113
0
1
3
136
1699
16
316
0
15
413
0
0
5
36
412
0
12
44
1
85
3
0
366
0
4
1
13569
1367
2
0
13
2618
1
2
17
0
0
0
1
1744
11
78
96
1
0
5
2
111
26
350
3
416
0
15
231
61
21
0
2
0
70
0
0
0
5
0
18
0
8
0
10873
0
0
40
16
260
1657
6
252
2
33
13
0
1
0
21
3
0
2
8
94
43
212
0
102
616
7576
12
0
738
28
0
7213
56
15
0
27
49
1
130
2099
0
536
2
4
0
4000
13
0
17
420
0
0
58
1323
82
1
5
1
0
1
1
90
0
175
61
40
36
0
0
0
1
1
5
0
214
14
1
0
21
3
1119
426
1
2
0
7
138
236
1
16
105
4
2661
8284
0
112
0
2
0
0
99
0
5
0
24676
16
0
0
0
143
0
5
0
0
1
11023
0
1
14
0
0
0
0
42
4
0
28
0
157
5261
171
38
5557
0
0
0
5
1
850
140
3
0
0
3126
1920
13
737
0
0
1
0
1116
4
156
2
4
661
9
1
0
12
0
163
0
0
2
0
9
0
7
0
2
194
1
1
6
18
53
820
38
0
1
0
11
749
0
1
16
4
0
3
3
1
52
28
30
256
1
0
1978
1481
10402
0
1
2
2107
0
19
6
0
298
2
0
123
8
4
754
0
6
0
29
325
0
0
0
0
1
2
0
5
0
0
6995
5
1959
5
216
345
6
0
1
2
20
0
15
24
2
0
0
0
46
0
0
4
0
0
1
1
191
85
24
3
2
2297
23
1
0
2
44
905
0
1
0
5
0
367
3
0
13
2
5
0
0
0
33
60
24
4
547
0
3447
0
0
0
2
3
145
10
8
0
4
1
0
0
550
4
1
727
0
54
0
3393
0
1702
0
0
1
27
0
32
0
0
78
39
41
1133
346
1126
132
4
0
0
187
0
6
8
0
112
0
12
0
0
1
4
4
31
0
0
95
0
23
204
1
71
249
0
2031
0
5
7
0
804
0
0
67
1
0
0
0
1
1
5
2
0
8
0
4
5
0
2822
4
1
0
7
0
0
0
503
165
26
0
41
0
3
0
60
0
1769
22
4
1158
2
630
2
6
0
8119
0
9
0
35
0
86
0
95
42
43
3
0
1
732
2
1
20
0
0
2
27
5
5
7490
26
74
4
7173
32
202
0
1
0
1
302
1842
150
4
1
3354
0
16
14
10
6
889
34
0
0
7
153
0
13
0
2
51
0
7
10199
9
0
0
568
2059
71
0
43
4
0
0
0
0
3
9202
4
0
0
0
1
1
0
2634
2
0
0
0
0
288
0
6
1
5
26
617
27
2
0
0
2
37
1
2
116
1952
0
4419
286
1
112
8
0
4462
0
610
8
3
0
1
4
2
3
176
0
0
0
0
39
0
0
3
0
0
1
3
3
3
2
20
7800
0
210
0
1
16
0
56
8
6
0
0
4677
0
3
0
0
2
0
2
33
0
0
1
0
0
6
1984
33
0
0
121
19
257
63
407
65
3
21
20
1
13
122
0
14
4
198
187
0
1
507
0
1
1
1
0
1
0
38
1
14
269
2
0
30
0
0
0
0
57
0
340
1
0
1
2
348
1
29592
176
1790
2743
3020
4
1
0
0
0
7
1
43
3
4
2
3
0
1
1
27
23
4
9
1107
0
0
0
0
4
101
1
4
11
1012
0
6
71
5126
2
1
157
1782
1
0
0
0
25
52
5
2
23
791
6
1
1
657
0
1
6
1141
8718
1
0
6
4
35
298
0
158
190
194
1
0
0
1071
7887
0
0
1
28
1
9
0
4582
0
2
0
47
2
198
1
1
2
3
889
0
0
0
0
0
0
269
5
5
0
4
1
1723
1
1
0
0
79
0
0
0
390
3
0
1
233
1
1
0
171
5
1
1546
1419
5
0
0
8
0
2533
0
0
0
17
0
10
0
1
375
0
1
1
64
1526
14
3733
25
55
1
7
1
0
7
0
3
0
3
665
52
65
5
17
2
0
2565
21
62
0
12
2
0
3
0
0
1626
28
3463
0
22
19
0
0
16
0
0
2625
1
0
32566
1
0
320
1
381
0
1035
1
0
5
4
87
0
0
2
372
1
4
87
21
982
14
0
0
1
5200
7
2
1
226
0
46
1
0
0
2
197
0
0
729
2
4
0
0
698
0
60
8
842
75
31
63
2
50
0
0
0
25
1
1251
51
26
2547
41
1721
0
337
403
3
1
0
1
17
1
11
0
0
0
2
360
69
1
5
342
1
1
86
2728
2
0
109
0
0
1372
1
10
3
1
16
7
0
0
0
1
25
0
0
161
8
0
8
0
169
4
1
12
1
670
0
3
0
8
0
50
5
0
2
23295
4
1073
2
0
726
0
0
0
0
5
1250
0
0
0
20
3
2124
0
40
0
0
1
292
2
6952
15291
15841
10316
100
3486
8410
2128
2315
48
13755
169
5302
48
530
14450
1918
107
22456
530
278
2380
100
6
21918
12859
16
1031
320
9816
153
5104
14604
28
5706
2612
61
1035
839
3076
61
3737
100
87
19956
10234
12859
5710
38
27453
355
185
3542
73
509
12859
0
797
6
797
119
5104
5220
22418
10
43
39
2
8028
1297
18472
3
2670
5549
1043
45
0
149
727
522
670
458
2
727
39
7
1845
1044
53
628
2883
8
76
5
10
0
2
10694
581
22
109
136
184
4531
109
2226
6029
46
14
6
6398
1910
4716
1
13885
2233
3
8413
200
6398
2886
2
0
5
4279
182
20086
0
21840
21
18
72
0
1481
3
12
135
1523
7943
2215
763
2329
0
17
8
1975
428
0
165
4
0
318
1
0
56
0
2
79
789
333
593
6171
0
12
2
0
0
984
2
55
8
7
1
229
186
5471
1669
360
35
8
0
17
40
14
8870
8
0
107
7
6
50
9459
15
1
4
409
7
4
71
7165
662
1677
16
12
10014
414
0
2
1233
8412
1
1275
0
1
47
4733
0
148
72
483
353
7549
74
557
13059
390
111
6000
1408
6
0
1
6454
0
7060
1875
586
1
1
26
14
10
219
345
28
0
170
0
0
797
247
0
40
16417
109
1843
4745
1
13
282
112
213
0
0
1
398
2437
589
1
1
0
25
0
33
424
66
2327
8
915
0
135
7
4
951
11080
178
28
0
0
0
2
76
9
104
1
1
44
7
114
0
75
0
1
0
13
477
1
289
105
1256
1756
42
40
1
8
0
528
4
285
4
0
5457
0
1416
3
1884
8
44
0
6
1353
8
92
905
234
238
2699
45
0
66
2
116
1
0
163
1966
0
1087
2376
150
32
1141
245
4822
80
6
0
38
43
101
5
84
75
1822
1
1
1
1933
11919
1
0
0
36
0
28
0
2717
1
722
0
741
1
2870
0
20
3
55
30
0
14
0
1139
27
17406
96
0
1
3
11
0
264
0
1402
2424
0
4382
5
0
64
11
0
21
1
15417
2337
0
586
24047
2
0
0
20
44
37
53
812
11210
0
0
113
2307
15
3
0
4
7052
217
0
1598
385
3
135
0
8758
126
1
0
24
0
38
0
1
9
1140
116
8
4635
220
12
536
0
2
4
91
0
0
779
526
0
0
551
55
0
0
32
4
1
0
88
23
0
0
13
0
157
0
0
0
0
0
66
49
53
147
0
2
35
0
3
126
1
2
6
33
0
1
49
741
1
0
6289
633
31
38
3
138
4118
66
2954
2
1131
14
88
0
1718
0
216
4129
7
0
6
0
697
17
1187
0
0
0
1
0
0
1400
6
0
30
284
177
89
21
0
0
0
3537
0
87
401
11
9
2
0
102
373
0
0
88
3
0
1
0
1
5
0
0
30
492
16
5
46
8
7
12
37
2947
7
88
250
51
656
7234
1008
0
141
10
0
0
1
14109
3473
0
202
0
0
79
0
0
0
7
0
22
286
11396
39
0
0
0
0
18
0
46
1207
1
3365
0
1
0
1
0
16
128
48
45
0
4
0
2
13
0
0
0
0
1
149
2
718
7
126
5
5841
47
9
311
12
0
249
0
9
1284
0
0
1
249
5
4800
1
243
1
0
0
3517
0
0
0
45
194
0
0
3
1
2
14
90
627
420
113
0
1078
0
125
7
5
7115
16
0
898
123
3
4334
0
0
1
6
0
243
1292
267
7
5
19
36
2
4
6
39
1
87
0
0
192
0
813
1478
0
0
0
6
1
14
1
476
685
0
0
0
13
17
1
1
14309
355
8
39
43
1064
1181
7
0
0
2
1
23
0
465
0
1
36
2
6
0
57
45
217
185
1192
1
2
0
1
30
1224
18
72
0
382
301
0
2
4
857
60
0
0
8
10
48
448
0
0
0
691
14089
0
0
0
5475
32
109
0
57
1
1
0
1
1964
344
0
40
2
8
0
0
523
1080
9483
1
289
85
3432
0
0
4
9115
0
25
4101
24
0
229
2
1
0
590
0
1
5
0
368
2
1
2
29
0
0
116
6
0
199
0
1
0
0
0
289
2
1
44
1261
5
5
0
0
184
243
133
0
0
0
15
0
23
1
0
1
0
0
3632
69
171
31
0
0
31
38
136
2
462
0
1
0
0
0
21
1
23
0
0
2
1
66
104
0
0
247
0
4
62
94
1
153
7
0
8290
1054
46
0
132
79
0
5
0
50
0
1
7940
13
84
4
46
37
0
1
1511
0
8
0
0
0
5
0
17
842
2
0
1
0
0
0
0
18
0
1073
0
24
44
0
7
41
0
8845
0
518
138
6
1513
131
0
114
95
0
0
457
93
4
5366
0
6
0
7
18
0
1
0
66
0
50
0
49
0
729
48
0
3
0
0
7
3
0
0
0
1
0
9
198
0
0
4
13
26
143
1
0
47
245
3
0
0
35
2
0
7
0
75
4578
1
0
3886
0
3042
73
100
0
5
0
34
0
7
0
427
26
1
3
39
2580
0
67
29
0
0
0
0
3
2
1
0
485
0
0
0
5
1
7
0
1
16
33
29
815
4
0
0
0
0
1
7214
0
0
441
0
0
109
2
0
0
5
0
0
0
0
7
1664
14
0
0
4426
164
7900
0
2
0
1539
535
6
0
1628
380
1215
0
2514
28
97
0
196
4018
47
0
51
2
0
5
3423
0
3295
0
21
23
0
121
0
0
18
0
1
17
4025
0
224
0
0
285
14
0
1
0
11
1
6549
86
0
0
0
0
506
0
17
1470
11
2
518
7
206
0
13
3
50
7
821
854
0
7
441
1418
0
40
6
0
0
133
31
0
230
6
0
2
75
0
10
0
1
32
1
0
0
0
2
2
1
5
101
1
1
0
0
0
6
0
3
7451
0
239
0
2593
4
540
0
2
202
8
6
14
7
4
0
0
0
0
168
95
4907
595
4
0
398
0
124
135
63
0
0
1978
750
0
0
2
133
3
107
76
136
0
186
0
3
0
6
0
0
0
1
633
8
0
5
0
1
0
831
31
14
1
1
3015
7
3
0
1
0
30
718
7
14
0
1
0
3
255
4
268
4795
2
101
6
2848
4986
4
3
1
29
1
2
0
1813
38
2219
84
4
75
0
1
0
44
0
24
0
0
5
4
0
0
53
0
0
6
0
57
0
11
7
3
0
0
1
0
0
47
8
529
1
0
211
740
108
26
0
0
0
0
0
0
0
8
0
67
0
142
0
0
0
134
113
3330
38
9
0
0
77
37
2951
6
0
3
1275
11846
2
1997
8
167
0
815
2
4
5
0
0
1
0
4
1920
0
5
900
36
243
52
324
31
0
0
0
1
56
35
53
19
2
0
2
7
29
0
1
343
1
2
1
7
1
3
185
10
486
421
14
1775
67
0
14
145
0
0
782
273
15
0
0
10
99
0
2
109
1488
167
62
3
88
3
0
5
1
29
3
23
1
1
0
92
32
37
0
44
0
5
71
1
31
0
11
160
215
129
1
762
0
2762
77
0
2
1
0
1
651
0
0
19
525
730
0
143
53
1247
1328
48
1
0
0
0
0
4720
1650
0
0
0
2
8
26
0
43
4
3
0
233
0
0
9
1
5
1
0
19
127
65
1447
5
17
5
0
0
1
1106
1
1
0
60
2
5
1
0
0
67
9
130
3
2
36
1
1
0
205
4
1
0
7
0
2
5
8
3
0
0
0
16913
7
14
25
1
172
0
4
0
1
21
0
3
0
3
17
356
1
0
3
0
25
11
5
0
25
0
0
321
0
246
22
0
6
76
1
0
1
453
0
622
0
19
8
829
0
2
3617
515
0
0
206
740
12
0
457
5529
0
116
231
0
20
0
2748
4
59
21411
13
0
2
0
0
938
77
0
0
25
0
0
1
0
366
0
6
241
283
0
0
283
3
0
0
8
1
39
0
7
4
15
1
14
0
1
585
1
929
2
0
247
0
225
5
2103
2
824
150
2570
5931
19
2
5824
484
2
17
33
2541
375
78
0
1504
0
131
1
1
1413
0
8
0
0
0
13
7
2
17
816
0
5
10
0
1
0
3
1
98
362
2
20
18
0
14
0
0
385
6
0
545
0
34
0
0
28
2
184
0
50
12
3418
0
267
1
58
21
528
4
3
0
0
6
3345
7
0
0
63
5
10
119
2
0
0
0
276
0
48
11
2
0
27
0
0
814
6
857
15
677
336
142
0
0
0
0
709
19
0
4
0
1
2420
58
109
1
0
272
0
26
13
4
24
2
26
248
0
25
0
0
0
46
2
116
11
4
139
89
139
3
2837
0
92
717
1372
409
1
0
17
1215
0
0
2433
3707
11
2
0
47
135
0
863
126
14
12
205
0
0
0
2
7198
7760
1
4
89
17
86
0
0
11
0
0
2
1556
101
15
84
691
79
174
5
2
6277
5
33
0
569
3
200
9176
0
5316
0
10
0
8
71
30
2
1
3
500
2
0
0
345
0
0
0
0
0
0
0
0
2
18
162
26
0
17
8
5
0
0
1400
0
1
72
4
0
0
111
4
6
18
16
0
4
0
5
2
194
0
13
1
7
522
0
1848
0
394
0
0
632
408
140
5
3901
0
7
3543
0
69
610
251
0
12
0
693
34
0
712
159
24
7
1
16
87
337
25
94
2
239
0
1
665
7
5
1
0
32
3
5
36
1
44
18
0
1283
15
29
8
1
1
1
33
2
668
2021
828
1
3808
1932
1
419
0
0
0
17
6
0
0
0
1
0
0
0
0
7
53
250
573
0
464
12
1018
56
3
0
2
2
0
6
2
0
0
0
3
0
0
13
0
0
1478
7
0
13
0
0
2
0
1
3
0
328
11294
3
842
147
14976
16935
274
15783
18525
1060
44761
29895
22972
5104
268
169
1621
274
160
87
5031
83
40353
20875
4327
13712
87
35763
320
26149
847
30610
20875
6
1060
11
17201
0
11027
17509
87
11658
320
25914
320
13668
160
311
38
0
7659
1646
320
43388
21619
1646
147
603
1175
8511
14314
185
2045
19278
5104
12859
6
748
20940
4
1594
6
0
15630
30
25
43
239
59
734
5
6307
129
1032
1772
20
3
1137
1222
11
33301
1
43
2
1865
2
1033
110
1899
38617
93
1695
22323
2
270
52
13
21
3812
7901
276
139
12
0
0
39
408
14
27
22
790
14
3
0
5102
2233
2
0
4861
2220
1
1232
540
3
1
82
0
0
110
93
16
36
5519
11654
19
145
97
286
102
0
1
7
0
3882
0
16
0
18
1237
820
4
20
0
1686
3
72
217
4
110
143
7
0
66
17876
8
0
655
37
8
2
409
0
1
25
292
46
0
56
160
42
234
0
7
2142
323
10
60
120
2767
18975
0
37
0
92
199
28
0
2
34077
25
6
0
644
4
0
1057
293
1
7751
0
0
0
0
9224
7170
0
21
0
11
8
2025
9
2
2
10
0
0
27
2
0
2044
4
450
3453
0
186
0
1982
3
4
2419
0
346
336
111
145
3
0
0
36
1772
4
0
0
27
1
103
0
4367
397
1366
0
33
0
0
806
0
605
150
1
1721
5
5
0
0
788
0
0
29
1247
0
21
38
2
45
416
2
6
4
118
1
1
62
0
1523
0
2423
7938
47
1
19
12306
27
367
1
0
762
1
1
2092
108
15
11
1
0
0
21
19
289
0
1
2077
0
14
0
52
1
8
14
341
2838
471
1
3
1625
0
518
0
14077
0
1
0
5220
0
0
8
17
223
0
0
361
1401
344
59
22
0
0
651
10
67
1
15
149
24
2357
2258
293
19
928
1
1566
16513
27
1
4525
24
7
0
0
13
2403
1
2
6
454
4
0
0
25
137
0
0
17
0
311
604
54
61
33
46
1853
0
1
586
18
8
898
0
289
1
203
0
4
0
193
1
0
0
5
20
581
569
45
0
0
14
1
58
3
1
0
0
19
17
92
396
338
32
1
2850
58
32
27
29
1
3
925
0
38
52
3
2
0
0
454
149
26
24
0
90
38852
2
51
518
1
46
79
36
1
0
19
1
1834
1
0
180
403
339
1
5
494
8001
0
0
1
0
1
1
804
1
1
2
0
12
1093
231
71
492
5
10
15
2
0
5
428
0
1017
0
2
0
36
12
4
14
2
1085
410
3
38
0
3
2
396
0
0
355
4
0
240
11
40
332
1
0
1
642
0
0
271
242
401
41
24225
0
68
9
5
0
781
9
508
873
1
0
4
3
11
0
2
1318
185
0
1
142
1
508
3
770
12
1401
0
0
1750
357
488
1
1
0
71
1
48
11434
578
608
10
0
0
1
0
0
2
3490
1
0
0
2
18
0
49
9
0
5725
1003
24252
647
0
151
0
0
2
63
13727
0
975
40
3
1525
1
1
129
2263
1
4
70
757
1210
2
1701
497
19
2
1
7
0
775
5
952
18
0
186
0
1
0
283
24
0
27
0
8
0
0
0
1
0
0
292
0
96
18
65
0
0
0
0
7
2318
0
2
3
3
3
1
0
0
0
7
1
0
67
11634
0
8
3
0
1
3439
315
4
0
3
0
1955
13
7
235
0
0
247
0
51
0
3
13
0
19
0
0
1
2
139
2
2
1
1
1375
87
91
9
1
1
0
0
0
1192
0
6
38
0
8
6
1
0
0
932
1
0
6627
0
1
3682
6
0
6
15
22
304
18
0
38
0
15
2389
8
3
0
0
479
1
0
236
352
0
7
0
0
157
0
35
0
0
0
6249
0
74
21
1
0
70
5384
244
1
2
21
12
803
26
0
61
0
637
0
288
0
0
999
0
4
0
0
0
1389
0
35
90
6
2250
2
0
1
5
0
1517
52
214
0
157
2
332
4
654
0
0
43
0
10372
0
260
916
1
17507
6
0
1
1
1514
167
0
5
2
15627
5
0
1
3
0
55
0
3085
0
0
0
30
0
44
360
0
873
313
8
14
7
2
3
14
5
0
28
0
2
217
1
0
2
11
13
9447
0
1
0
2
1
6
10
1
1
0
0
0
3051
0
0
0
3
479
93
447
8
0
2
1
5
9
3
144
0
0
179
115
18
25
598
25
0
133
21
3
0
0
112
0
10
56
8
20
126
552
1
19
3
0
74
2
139
3
0
76
155
0
7
40
5
6
6
47
15
8
0
0
1
7703
22
18
7
0
0
533
957
9
0
40
344
2
1556
1
0
1760
0
0
40
0
4804
69
153
46
22
1
0
0
51
97
11
5
2
6
95
0
5
0
1232
0
0
0
109
11
0
158
0
1
1
1
1532
0
8
0
26
206
1
20
0
7
5293
2
8
308
73
505
2
7
0
6
2
0
4
0
0
0
35
183
83
0
16181
7
7
403
3
0
4794
0
83
0
0
0
0
1097
364
2
0
0
0
25
2
3
21
2413
0
0
0
0
295
3
17530
16
27
0
0
37
0
41
23
2
0
1184
0
955
0
250
3
19
0
28
2
6
0
4
0
0
0
4
1
0
11130
0
0
3
210
10696
0
0
2
5
0
1
0
0
11
30
5468
51
4
2
19
24
64
0
1
0
1
0
0
1485
10127
1
479
1
37
165
0
262
5
15
0
0
0
80
0
0
7387
0
263
0
0
27
450
1
2
0
0
63
751
1
0
0
7
0
1646
0
277
79
0
2042
2
0
77
0
12
56
201
900
7
1
0
12
4
3027
2
0
30
4
730
0
1
23
0
0
399
0
0
977
3
1
130
1
0
620
0
0
0
15
27
0
179
0
4034
2
9
0
3
0
2
3
0
60
3
1
2
21
11
1026
6
24
20
0
1
20
5
0
0
234
3842
0
1
0
701
0
0
8
564
0
0
548
8
41
0
18
3
24
321
97
0
77
0
0
33
0
4
8
19540
0
14
6
1717
4
204
114
0
402
107
0
0
0
0
12
1
0
2
1
101
27
0
0
0
2
1
0
10
1
1
0
0
78
0
10
2
4
40
1016
54
64
16
1
13
732
25
43
5
0
7
519
13
15
0
51
9
4
1
321
25
6559
93
12
2045
396
0
3
0
3
12
3
0
0
0
1
17
5
1
59
89
33
2294
107
1
5
2
0
15
0
1
4
0
0
13
13
314
0
286
5747
229
17
1
0
1
4
0
6582
0
2
145
67
0
5277
64
78
0
3
5
2232
0
6
442
2
0
1085
0
0
31
1
1
144
0
0
3
9
148
29
617
36
227
3094
1
26
172
0
19
2576
13
55
46
2697
0
177
1
905
99
0
56
0
22
2
0
57
0
3
137
0
122
10
2
1231
6
365
6
0
55
7
0
0
1
13381
15
0
0
0
0
16
0
0
149
0
0
0
31
0
8
14
406
0
1
221
673
2
11
0
52
9
1
0
5
0
2
0
5
63
49
211
0
1
1
2590
1
0
0
9746
0
0
0
515
50
3178
9013
12
0
1
1
1
0
0
1
1631
0
0
4
2199
15
482
0
0
0
25
9884
700
9
0
0
1637
12
1
17
4
2
4
0
55
50
3
8968
0
84
0
134
1
791
9
1
570
0
20
0
23
0
0
69
0
318
0
620
249
0
4
0
0
0
0
21
0
4
112
1503
201
2
29
0
311
3
0
0
0
0
0
14
0
0
0
39
4
0
875
0
32
4
1
0
0
53
1
0
0
0
0
290
4
0
1
2
15
3
5
1
40
389
1
0
0
273
507
1
0
2
3756
24
2
317
5066
37
56
92
62
264
0
0
1
2
0
6
0
6
0
422
72
18
1
9
48
0
18
0
687
398
367
124
6
101
142
108
46
17
1460
1
16
3
636
0
0
7
17
7807
107
0
1
12
35
0
0
0
96
1
4
0
1
40
0
4
8
0
0
1
0
1401
32
1
0
0
0
4
0
95
15
0
79
15
46
1
1547
0
0
5
2
277
1
5113
0
0
6
5
0
0
0
0
0
1
283
3
2
3
82
0
3473
73
869
917
196
0
0
2
13
1
0
1
0
0
31
5
7
3
841
6
4
5
958
2050
0
0
0
10
0
0
4366
0
0
215
0
0
21
0
0
2
2
41
0
0
9
1
19
0
5
4
1350
4
7
1
0
33
0
0
113
254
0
37
2
9
137
2
70
1
0
25
0
14
1
0
1
3
0
0
0
0
0
0
29
0
0
1
86
0
80
242
0
426
2
119
318
6
0
4
2
55
151
0
186
0
2
169
0
2
0
2
8
0
132
914
18
0
1
0
3
5
0
3
1
487
1
0
5
25
4
2
416
252
0
0
17655
3
0
1
1
4
112
189
12
27
0
8149
0
0
0
0
0
0
0
55
36
2
0
0
0
5
30
1368
86
3
3
150
0
1
0
2
316
5
52
1058
17
0
1
2
2313
11
0
356
101
25
0
2
383
0
396
8
337
0
0
0
3153
1
3
0
990
2
3
7
151
0
4
0
0
19
0
219
0
17
2
0
0
40
0
0
0
0
2
0
0
0
2
5
0
0
0
0
0
0
0
328
46
0
5
1
2
4
1341
0
0
0
2
4
8
22
206
8
140
1
0
10
0
2466
21
0
1
1
3
666
179
744
0
0
0
16
153
7
103
0
69
0
0
69
29
1
273
6270
0
2
10
0
0
12
16
3
480
3
10
7
5
1231
0
0
20
0
6
145
0
0
0
0
6
29
0
1
1
1
0
4
4
0
114
0
10
0
201
17
216
0
1
0
0
13126
6613
797
578
10280
11090
3274
14674
2919
274
1001
62
6536
18239
6400
12859
11417
4563
12859
13253
6
185
376
87
38
320
1877
6702
47505
38695
36627
61
1882
147
38
14016
7262
5211
6805
17831
10536
20051
160
6885
638
20602
20756
11612
320
27501
0
14016
12859
847
1887
10037
1612
11002
87
16
14419
1612
2776
845
71
27
3166
33642
0
0
6490
10
444
25486
7373
189
35
4
5
531
66
173
76
272
25
8385
46613
0
54
3800
600
799
0
9
2
109
38
5722
8
32
3
24
0
1
100
4
434
28
1660
11
23
4
5
0
826
10
9532
400
40
18
38186
8
31
18
105
8181
4
3276
5
4822
1603
63
167
1
42764
40
139
4
3572
5
1
2411
8020
5801
0
2
151
6621
118
178
4618
422
0
7
5
275
1591
0
0
2
104
2
25
70
8
1
8311
214
105
224
7
6
515
11
6186
40
6
365
1573
5602
1
589
882
7486
1886
1
2356
25
10
137
257
1
6869
19
11
8
2487
1
61
39
0
84
69
0
0
3
317
2
20525
0
134
8406
0
4439
17625
38
9158
2000
11539
0
1
3
33
42
0
1
1296
0
858
2
863
91
17832
2765
69
0
0
12
15
2
2
0
3731
2785
237
5
209
207
0
0
3
59
48
0
115
2
372
319
5
4023
1
16993
4
382
0
0
52
92
14707
1
1
7058
30
0
1
0
0
1
1
98
7
3
5860
4
113
28
0
566
2
3030
11
4256
14
407
0
0
52
2163
653
2
2
0
0
1
42
2
2
185
0
191
1
1
6
5
6
56
0
1717
3
257
4
1580
0
1
28
2086
6
75
29
313
395
1118
18
0
23
0
73
0
56
22
537
2
73
2126
0
0
0
45
108
0
88
1093
5
1
3
91
4
0
11
297
5
14
0
0
169
12
3
0
2
8404
664
8
3078
0
11
5
9
9
111
8
1294
0
42
0
0
7
5
9
8
0
0
17
0
249
0
3
9
6000
1
3
273
3
1580
429
0
3720
0
18
32221
118
15
0
7
7
0
1
6
0
0
0
1
0
4
0
0
13
16
10
0
0
0
5
2736
0
17
1
82
154
0
13
1
43
1
110
2109
168
1
0
0
2
0
337
0
15
751
3975
1734
0
4
0
0
1089
1
788
13
5620
21
1
137
1
21
206
1
0
4
120
0
3563
0
33
345
649
93
2
2030
0
0
1
1
7836
18
4
7
637
26
0
0
20
222
54
1676
0
122
4
15
3
0
58
1
12
19
0
531
0
483
0
9
3
4
46
1939
10
10
0
3226
0
10
3686
55
3
48
0
0
37
4
280
0
33
5
8
71
0
4831
146
0
12
1
1207
0
23
1
1
7142
15
0
16411
71
1
0
0
4
2
0
77
3851
1296
3
0
0
157
68
0
5
15
0
0
2
19
1
1
768
5
2
219
0
4
0
5
66
2209
1868
591
0
513
3
1
5556
9
0
0
5530
0
0
0
1
33
1
0
40
0
43
56
0
0
0
35
187
0
1
4242
0
1
3
2576
414
402
0
0
0
4
6
67
11
0
133
6
28994
99
0
97
2
432
0
298
0
0
0
3237
70
6
1
0
0
0
887
0
0
17
386
0
117
0
0
0
295
7
0
1
7
0
1439
1
3
7
1
3
7
16
6
0
4
5
0
0
849
2839
9
0
0
1
0
37
33
0
5974
213
0
368
4
30
7
3
0
0
46
0
42
0
881
0
0
3
0
2
0
19
0
0
1
0
1323
1
157
6
37
1
3
998
0
4
0
0
2
3
1
57
65
109
0
63
113
1
135
2143
12
6
401
0
4
2
1
297
0
0
0
46
25
14206
2
1
0
0
223
0
54
0
499
0
83
0
339
1
1
0
0
19
0
0
0
0
0
0
111
617
0
2
0
0
0
105
0
1
0
0
3
9
127
7
231
81
0
1033
0
0
7
2
0
4
12488
0
8
3
1416
3
33
0
50
0
63
1
0
11
81
4
0
1
19
1
7
2
261
0
60
980
224
0
4
0
107
0
3636
0
8
1
58
0
395
123
14624
0
15
443
5
49
4
243
1
0
2
5
2
22
0
0
0
1
2623
0
31
240
36
73
3193
3
0
45
150
1
0
0
1
0
4
0
2014
0
192
1
2
24
0
4
0
0
1220
286
176
0
8
593
2141
0
222
6512
28
0
108
38
3
287
0
1
0
0
11
6
0
1
0
0
0
12
0
0
363
0
1
223
509
8
0
4
69
0
117
0
2
196
8
14
0
152
0
262
0
0
0
434
1
3
180
0
0
14
139
1
0
3
1
1
2
99
3
2451
7
41
0
2
0
3558
51
0
0
0
0
2
6081
144
72
0
15921
0
476
0
0
0
0
1
0
0
1098
5
0
0
10
0
0
7878
0
0
109
62
1
0
10
0
0
0
2
3
8
4770
0
1
790
0
885
0
1
0
96
63
1
10
4
2
0
1
4
1120
86
1
6
400
49
0
245
32
22
3
1
0
3
864
139
194
0
4
0
454
0
1
33
40
19
1
1
59
1
0
0
131
697
50
69
0
115
6
15
0
1193
0
355
0
0
1744
0
0
0
1
214
0
65
53
54
3
31
0
1464
1
0
0
46
0
1
0
0
11
1
0
36
0
4
2
0
0
0
0
13
1
3765
1
0
0
0
0
0
4
1
1
1
42
68
3563
0
1
1
0
1
57
0
0
0
62
86
0
20
0
0
0
0
1
0
32
31
36
0
5
4
3
21
35
0
0
0
52
0
3570
1
84
0
1
5
6
0
482
0
4
3
33
0
35
0
19
1
0
0
73
0
532
9
26
0
0
0
0
1
15
78
13
2
167
4
0
2139
111
5831
0
237
3
7
1
19237
76
563
14773
0
42
1
1
28
107
282
0
40
2
0
102
48
821
0
0
37
5
9
519
0
54
2
0
0
541
327
56
83
24
2
0
183
2
91
1
0
4
60
1
0
0
408
659
0
0
199
0
48
10
2
618
95
1
144
4
0
0
1
27
156
0
326
3
72
44
2
118
201
867
0
1553
799
80
1
834
297
0
258
1
0
44
0
1
90
13
0
1
1
0
2
3
6
79
0
11
0
0
0
482
3
0
3
9461
1709
567
7
0
0
514
352
0
489
2
118
0
5
3
0
64
0
4814
7766
6
2
18
0
42
3
0
9
5
1
1
0
55
0
0
10786
0
0
0
0
0
2
0
6
0
0
0
643
1746
0
115
735
0
0
0
5
0
14
196
1
0
0
5244
868
835
0
11
417
0
4194
6
76
2
801
0
0
7641
0
0
1
1
0
701
14
0
1
0
47
166
219
1
14
0
1
7
0
251
22
38
5815
5
116
0
2377
2
22
0
0
2
0
180
0
11
561
121
0
0
278
1
0
2
338
1201
0
12562
37
5
0
1
616
0
13
6
5
1
0
0
1
0
33
9
0
782
0
2
55
602
4
0
35
0
3
515
0
41
17
3
1
28
672
5
114
118
16
39
3
0
1701
9
0
0
0
2
0
20
7242
0
0
227
0
766
23
1
1
98
0
0
0
2068
0
952
1
0
0
14
0
10
508
1
170
2
19
118
713
68
29
0
0
1
1
0
0
2
1589
0
72
0
0
4
0
0
5
2
0
2
0
15
82
3119
9
0
0
0
0
21
0
0
0
6
1
197
0
15
0
14
0
295
592
0
428
2077
0
0
1251
0
1018
0
0
34
0
8
114
0
373
1
7
0
12
0
11
7273
0
1560
3
0
0
7
0
0
325
658
3
5
2
0
5
0
5
0
0
0
3
0
0
78
2
0
0
1
0
962
1
0
420
3
335
1402
0
489
0
10
0
2055
800
0
323
4
2
0
7
3
0
119
3198
29
0
2
6
0
58
20721
0
0
7
0
1490
1
16
24
0
220
0
0
0
1
1
0
171
98
4905
4
0
9
8
2
0
0
0
1
1
103
1
1
0
4783
22
13247
20
186
0
23
40
0
0
4
0
1
127
41
367
1
0
0
0
0
4307
3
1
18
1
128
1
1
446
329
0
0
6834
0
0
1
0
0
23
0
9
0
1
0
0
5
0
8
8
7
0
0
3
0
0
0
2
1
1
4
7
45
9
4
59
207
10
4
15
0
2
0
1
13
4
0
0
0
0
0
1
11
424
118
5412
30
141
0
0
0
0
110
650
22
34655
0
4481
2
25
0
5
4
28
1
74
0
2
61
59
2
1
18
8
0
0
0
0
49
14
91
1153
26
0
18
716
264
15
0
6
5
477
37
0
138
69
0
0
3
64
13
2
155
4
0
0
927
0
360
7
0
0
0
0
1673
3
0
0
0
6
0
46
0
2495
0
0
4
0
14
10
0
4
0
0
284
0
0
2
0
87
11
1
0
227
0
4
0
1187
668
5
0
0
0
2
0
29
21
0
5
1
0
321
4
0
62
0
0
0
8
140
0
336
1
86
9
20
0
2
1
32
112
109
472
19
0
22
1223
0
1865
0
5
12
0
753
0
23
0
553
1
0
7
1
1
5
19
2
0
1
9
1306
11
1
511
17
0
45
5
0
457
1
0
0
27
0
4
0
0
0
1
2
2
29
702
0
279
0
4
2
0
0
37
7
17
0
5
0
0
151
1
51
0
0
11
101
0
112
395
0
9
3200
5591
1
0
3
4
0
1
4
3
34
13
1
4
191
1
0
0
6
18
0
1
1
7
3
71
0
807
529
0
6
378
0
0
1182
1479
2
3
0
0
113
251
0
116
0
9
221
0
2
0
910
417
0
63
2
0
1
0
759
26
1
2
6
0
19
315
5
0
0
25
1001
6
1
0
846
0
274
160
274
147
6953
603
11144
314
73
38
9207
7985
25616
218
19326
320
16935
11988
11193
62
87
603
19028
355
4327
8090
36627
21837
3882
9881
15374
160
845
5104
5104
5104
44761
5104
0
15907
73
13299
6625
16148
23537
67
5385
116
320
73
192
42
16546
0
0
12859
0
10834
3566
9402
3566
14649
8752
790
1
1809
1
2987
0
436
4
26
1355
1354
1
0
3
36356
1
476
1
5244
399
5209
2698
2824
1
17213
11
14
4
0
90
2
1
301
1
6
6
43
10408
0
567
2
0
272
371
4
10229
143
35122
0
248
6976
0
353
5
2886
2762
291
1940
10
8736
6
4303
6
2
112
4
9
1
2
90
10
226
5
0
0
1
1583
24
11
1
20
5
24
0
53
7
0
1360
538
4
114
504
5
0
71
29
22
1
228
228
27
0
88
3439
486
257
1
1
0
0
38
8
508
7
64
0
0
1
1372
230
107
386
690
2
30
21
5173
2
75
0
2401
14
69
2372
115
0
21
9
15
4
27
0
366
0
112
3551
0
189
39
4
309
0
7
35
33
0
1178
3
275
11
1
18
307
307
165
165
49
62
0
1696
2189
0
0
249
0
77
0
36
396
0
0
36
1
6
2
0
682
3783
3
9359
0
3
1367
0
243
14
814
1
730
7
1
45
2
3
386
0
0
18
4
11
3105
18
282
281
330
2
30
30
15
0
3
44
0
160
1
48
1038
3819
47
18
1455
319
371
1110
0
282
25
0
0
1185
0
236
1
353
0
50
4
13853
3129
3704
4580
9
12
85
317
0
37
80
0
0
11
7
5
0
6522
94
703
71
9
21
4
29
13
0
17
22
3
2
0
24
0
13
108
1
0
35
63
1
373
4
846
3255
1366
3931
14
3
50
111
0
1
8
440
0
9
0
17
115
0
2036
26
232
2749
139
1
0
2
1
9
781
1
30120
15
0
72
0
64
73
1
77
2027
0
12
0
0
8
0
0
149
189
33
1
1
2
47
4
20
0
0
113
4
2022
18
1
0
0
0
0
1
0
2
0
0
102
539
48
207
201
473
31
0
94
1051
1
0
46
3
2
7
280
6
11
84
48
0
0
0
4
685
94
0
6
0
0
493
1991
1
1
0
10
629
1
6
0
0
22
0
35
1
3
20
13
0
4521
1
4705
9
0
10
0
0
12165
0
1
122
1
7893
23
10
0
3
2
8
3
0
20
7
0
145
23
7
7
119
328
5
0
0
8909
0
192
4
0
1333
0
3
1687
136
2
1
151
41
33
4393
627
15
10
434
39
21
262
12
2658
0
0
0
0
53
22
6
1
10
0
0
0
0
0
0
0
3
1
0
1535
49
2172
8106
0
30
19
0
0
0
4
225
761
36
78
0
94
4
0
0
90
5975
4459
0
31
0
1
29
0
14
5
623
12
1
121
12
0
0
3
3
14
1
8
6
0
0
16
0
360
1
15
16
1683
8
0
3
176
193
0
0
117
1
55
0
3
891
0
1
0
1
0
656
0
11
24512
0
194
2
2403
0
7361
7
2
34
1
0
19
0
0
296
4
1292
7
6
275
277
1
25
603
2
60
0
220
99
0
21
10373
17
0
0
3
6
0
10
16
15
15
2
0
2
2
2
1
0
3339
44
0
7
0
0
1020
0
0
0
30
38
0
1878
9
119
0
116
465
1043
2
2
0
77
3
458
17506
0
1
0
1
32
0
0
0
4
3
2
0
765
593
1254
0
23
29
34
1
5
1
110
0
30
0
56
2
41
1
9
0
0
339
36
0
0
21
0
192
26
0
0
970
1
109
2
2
15
68
1
2
0
11811
5
2
2966
2
1
6
1
0
165
0
75
25
7
0
4
72
15
54
60
2
0
0
5
16
60
7
146
0
13
44
0
2011
0
1
9556
0
15
38
1
0
3
0
0
0
0
208
2
0
168
50
4
0
31
11
7
7
36
0
15
44
0
0
0
4
3
4
4
3
5
0
0
0
71
7
1244
0
0
14
58
90
323
69
16
0
0
243
104
0
1
15
69
18
1
63
0
0
0
0
3
0
0
100
3
0
0
5
5
0
0
60
0
0
131
502
97
0
60
86
1
196
131
0
0
336
2439
7
0
16
4
156
17
4
1
0
0
2
3
12
0
0
7
0
2
2
81
40
20
0
3
1
31
9
0
0
28
0
0
166
13019
0
3
107
0
2
0
30
3
1
0
100
3
0
1
0
0
0
0
1
0
137
2
94
0
142
0
441
8
0
48
5
0
0
0
220
1061
0
1
0
0
12
3805
114
524
0
0
5
5
7
1
2
5
1
0
0
0
12
2
1
0
24
1
3
9
4551
7
2
15
5
0
0
28
0
480
1123
0
1
55
0
0
0
0
1
0
1387
1
17
83
1
0
0
0
0
212
47
0
1
40
0
2
6
3
0
1
0
75
0
5
405
0
1
0
0
22
0
44
3
10
1
83
0
51
38
0
251
0
1
0
0
0
64
0
1
18
2
523
4
1
475
0
0
1
0
0
125
2
3
0
4
0
4
72
7
0
2080
21
20403
1895
606
383
0
1961
13
1
1
0
5
0
5
6
15
479
189
0
53
0
0
12
2
0
0
1
0
128
0
248
223
118
0
0
29
351
0
1
0
42
0
111
5
18234
109
0
5
2467
0
1
0
0
1
0
0
0
2
0
1
61
0
73
56
0
0
0
0
203
0
0
0
0
6
0
1
0
23
12
3
0
31
183
3
2
12
43
0
57
32
0
2
51
0
112
0
0
3
174
3
11
1016
0
0
12
154
6
0
89
92
0
2
432
42
0
723
0
0
249
0
0
0
0
9
0
87
234
214
1732
0
21
23
47
0
34
0
0
2
93
4
0
0
5
8
0
42
0
2597
1
0
2
76
332
2392
0
2
1
3
11
0
22
1
235
7
0
11669
0
267
11
2
3
8
307
0
90
0
77
11
0
823
1
0
0
1059
1
29
0
0
0
1
0
1
0
1
16
29
0
131
2
5
0
0
446
1
45
0
0
4
167
0
22
0
0
1
1
22
1
118
35
0
2
2165
0
0
2
5
0
0
3
3
54
7
0
1564
0
0
18
0
0
4
4
1
76
1
1
0
0
6
7
1
1
4
0
142
11
9
12597
0
5
10
290
4
58
1
5657
3
0
4
0
0
2
4
4
9
11
0
0
0
0
6
1
18
5
0
59
4
0
212
0
90
0
0
0
19
1
25
0
1463
2
3
1
132
73
21
8108
47
0
0
0
0
0
0
0
17
0
43
265
1
5
0
4
1
3340
4
0
19
0
0
11
0
64
0
0
0
123
14
66
3
0
9
5
75
0
1
2
1
0
1
12
101
313
0
12
0
0
46
67
19
74
5
0
0
120
11
11
40
288
14
6
88
0
0
0
1
1
1
25
0
0
0
66
146
5
2526
1
45
8
54
0
600
0
0
3982
2
111
11
0
0
0
0
1
8
576
86
0
686
0
4
0
2
3053
0
116
3
0
829
184
6
7
0
0
1065
0
3
32
5958
3
0
264
51
1
0
108
1
0
0
0
1
0
0
0
0
64
4371
6
2
0
81
0
82
15
415
1
525
0
0
75
190
9
0
0
103
1
2
5
29
0
0
0
53
3
4
4
181
0
70
521
0
81
0
0
1
13
27
1
492
0
0
0
0
2
0
0
0
6
44
1
0
0
0
0
0
263
0
23
0
190
3567
9
76
0
5668
8
2113
0
35
0
0
66
0
3
0
0
0
0
0
0
0
0
346
0
0
3
128
0
26
402
108
9776
93
6
2
0
23
0
4
0
18
20
0
2
188
1
1852
2
29
48
4
39
136
0
0
0
98
0
0
0
13
0
869
0
4
0
0
98
200
0
0
0
0
0
0
3
0
3
23362
0
0
0
1429
0
2
13
0
937
0
30
25
18
6
1
0
161
46
1
0
148
0
6
3
1
1077
0
0
25
198
58
1
5
116
14
0
0
1
0
0
0
0
0
0
0
4
0
38
0
341
10
8
13
564
384
943
6
14
7818
8
1
0
0
143
0
0
0
3
20
8
2
16
0
0
2
1
36
0
0
1
3
0
10
1
626
80
8
0
3
1
50
35
4
0
136
696
9
2
6
854
1
1
28
6
485
0
0
0
0
251
0
2
0
514
27297
1
5
8
0
1
8
0
2
933
3879
0
0
0
0
3
0
11
0
0
0
68
1
11
124
28
1
1
0
168
143
14
0
1
0
3
199
0
0
8
0
0
3
3
0
3
34
0
4
0
0
10
3830
0
0
0
17
0
0
0
1
0
0
2
7
0
0
83
4
17
57
361
287
0
0
12
1057
281
9
1
4
0
0
1743
0
0
8
8
0
0
21
0
318
10
0
34
1
2
1
390
0
5
8
0
2
0
67
0
0
1
0
0
6
56
0
15
23
10
15
0
4
11
2
0
0
1
356
3
775
0
14
26
14
9
0
0
41
3
1
31
21
60
0
0
0
5
0
0
4
2
3
15
127
0
1
2
1
0
82
1
16
0
17
1
0
0
7948
1
317
0
10
0
1
0
2
10
2
14
0
0
1
0
0
0
1
0
0
0
0
0
3
4
2
11
0
11
194
0
1
0
39
1
13
4
0
0
3213
3259
0
5
7
31
247
1
98
0
4
1
9
0
5
0
54
1
43
35
0
10
16
2
7033
16
26
976
104
0
9258
76
0
1
0
0
16
1
3
0
3
37
0
0
20
0
151
934
5
125
0
0
0
0
6
0
37
3
0
0
0
0
2
0
10
0
0
3
0
0
5104
12203
12488
28
16233
10740
3566
790
0
14074
5104
28
14074
15839
952
6754
1612
1035
1612
21286
177
8163
3819
5104
314
12859
7345
27160
10659
6805
320
12859
13992
4379
6
19261
37726
87
160
8764
38
1243
8318
4220
7413
1621
38
8318
147
11759
147
21454
14939
13690
4498
218
15763
16747
390
1882
847
185
11958
320
0
0
0
15438
2
4
3926
112
1940
91
0
15438
90
310
79
178
3758
136
11
0
143
4715
76
6929
1
2816
20268
1
27952
0
4880
2801
5
4
183
183
1
2111
1
4
4
9
48
70
7
5
8
2
134
20
6110
3
0
3886
5991
1524
173
4660
62
2
42
2233
655
12852
333
0
0
58
7713
5
60
11
737
0
333
58
40
18
11392
2203
510
0
0
30
2550
3358
1403
216
119
3
231
7133
28196
8311
8266
0
13590
69
6
6
38
4097
633
2649
2186
0
383
782
4574
19
17
48
30
0
3842
5765
3177
3
0
1809
0
0
90
311
115
17144
47
8844
3958
8
5
7
0
4
3255
6
67
4
8681
7
0
0
87
2964
1
1378
0
0
16
47
0
6660
0
0
1
4578
1
11616
67
6
4443
17270
470
0
106
7
0
4658
5966
220
308
43
5908
12724
2146
8416
1
145
0
1
149
0
9
455
0
325
81
1
0
3005
1
3
26
5
0
4
300
0
9
20562
7670
1
5
14
1
27
87
0
0
0
28
68
0
111
3
1
9551
1
0
42
26
0
3
0
4
1927
8
8
0
2
1
0
0
0
15
5
2
4
0
887
1538
6376
12
5
5
727
2
0
0
2932
7776
0
32
3
0
1
165
3
0
23639
4457
1
2
0
78
17
290
10149
0
0
702
11
1
0
1025
75
1
18
102
1
6
8
0
1
252
0
49
511
2017
10
0
1
0
1385
7059
0
3671
1
74
0
81
0
0
3
113
0
12
1
1
58
97
0
89
27
98
280
306
6589
2
19
130
2
0
0
10
3
5
224
6
2
446
0
0
1
2178
17
56
0
0
0
128
6234
182
1
1
0
1
2
0
0
11
173
0
1
0
2263
0
11
434
8210
15
1
11
0
0
16
627
0
19
1
3263
0
0
0
0
772
43
4
423
7
53
440
0
0
8
14
0
473
2501
1
5
369
1
17
2
564
9
0
0
39
0
1
0
0
58
1
4
0
57
1563
3128
10
65
1
60
4
0
2
13075
837
6
3
0
2
2279
1
1
53
1
194
23
7390
1137
134
0
48
0
0
2108
13612
173
1
0
1854
211
36
205
0
0
6
1761
10921
4
1
4
63
0
1
0
5223
0
0
83
94
20
45
225
0
0
1785
1
2
3
1
0
82
1
0
586
4
180
2
7
6
849
0
3
278
6490
54
1
55
17
24
1255
0
1442
6056
33
14
31
5623
1
3
0
0
0
10
0
1
5
19
0
3
0
1
1
3
7
32
0
0
0
4
0
8815
3504
0
0
43
0
0
0
2
300
0
0
29
562
143
0
0
0
2
0
80
2
1
1
171
0
0
0
1
0
0
2539
0
297
8
1
524
21
0
0
9101
6638
11
0
1
18
11
1
0
3
1
0
5
1076
0
11
3391
3
0
694
0
1
0
4
0
0
95
0
1
3
0
0
71
9
3
44
18
0
1256
3
1121
425
0
0
601
5684
0
472
23
1
203
1
3886
0
0
0
5
1
1
0
1
1440
4
0
7
1174
309
1
162
2
1
534
4
144
0
1
2
1259
0
3
0
1
0
84
13
1085
0
0
587
362
228
8
1
0
10
18
0
4929
2
10
1
0
84
0
17
0
0
25
4
8
7000
2
2
0
0
3
2139
0
2
5
0
16
52
1
3
0
30
0
0
0
0
1
299
19
28
50
211
5
0
556
15
0
0
10
658
6
3
0
0
132
0
1
2484
11
18
3
475
11
75
1157
5
4
0
1
0
0
3
0
134
0
78
1801
6
0
0
1
0
1
3
1
2
0
0
12
17
12
0
410
335
4078
3
0
134
8
0
28
31
25
0
0
0
1
0
0
2
6381
10
5
4587
1
0
628
3
229
0
0
0
1
47
0
3
0
0
3
1720
0
9
15
22
15
4
34
0
0
163
0
514
14
4
0
830
17
1
4
2
1
146
0
4
0
0
0
0
0
0
0
5
5730
0
320
0
14
174
111
1
1
0
175
3
142
0
17
3
1
0
11
0
34
0
4655
7062
5
2760
0
0
1
11780
1
1
6
579
532
4
1
0
129
1
8
96
3
1
4
84
1
0
219
225
362
0
26
0
2
319
0
19323
127
1
0
1007
10
22
0
0
21
12
0
0
20
15
0
269
34
5334
5
0
0
3688
0
1
1
51
2
0
0
101
4
0
0
2
0
1
0
6
0
2
0
0
3
66
0
0
83
22
0
1
34
0
381
10
0
1
25
2
12
0
1
12
1193
0
0
31
2
0
3
1
4780
52
3
0
0
45
0
0
5
2
21
0
20
1
2
106
8
175
4
1
60
5
1099
4
4
580
5
25
14
15706
0
83
586
86
147
0
0
0
53
4074
4
42
1
5
118
0
2
43
7
0
1
0
1
1
1038
0
0
3
2
0
1
3
0
11
172
0
13
1
56
0
1
17
4
462
0
1031
0
34
20
7
1
4
4
1
0
258
462
407
7
1038
2
0
0
0
71
0
0
9
34
951
1
0
0
0
0
1
751
0
18
0
51
2
0
45
35
36
0
0
1
0
0
14
794
58
0
75
0
0
0
119
0
1
495
11
308
5
39
3
0
907
0
0
0
21
1
0
6
0
0
0
40
542
2
0
2
0
29
0
0
0
28
0
0
0
1
0
983
491
0
5
0
170
0
0
2
1
0
179
0
1
0
0
506
46
5
112
24689
0
0
24
0
93
12
0
0
0
5053
11
1
8
0
3
0
2
1
1
4506
0
0
0
7
2
0
6635
883
5
1
569
0
1
2
0
0
15
106
1
2026
0
1
16
46
0
0
3
2
0
0
59
10689
5
20
60
39
50
0
185
0
0
2
5
14
15
243
0
1
0
1292
1
0
0
0
0
81
0
66
5604
8
2969
66
0
190
0
80
0
4
11
0
1
3
0
6
9
9
2
0
1
0
428
0
0
2
129
0
8
0
14
0
0
359
0
90
0
2721
0
24
0
0
77
0
0
0
0
37
0
0
0
0
10394
5
424
1
30
266
1
2
356
1
0
6
2154
0
1
0
0
6
2
93
3
1
6541
0
3
0
2
1
25
0
0
0
58
1
0
0
0
719
3
1
48
2
476
0
60
0
0
107
27
0
88
6
0
0
17
0
0
3
326
0
5340
1
6
2825
1351
4
0
0
96
0
0
3
15
0
37
48
0
22
2
0
3
1105
42
0
0
6
0
12
0
0
1
15
1
392
5
0
0
0
0
0
1
1
30
9116
137
1
400
94
2
0
0
1
22
3
7
0
171
1
392
0
8
108
7
0
0
0
6
1
0
2
6
0
1
3524
159
18
2
0
698
0
8
0
0
0
0
1626
0
1421
0
1
1239
0
0
0
440
6
62
4
0
0
0
464
103
0
0
4
17
23
0
3
49
1
1068
0
18
0
0
1
1
3
121
3
550
3
0
0
0
3
0
950
12
0
6
1
0
1634
2
6
0
6
0
67
9
0
91
2
2
3
0
5
0
108
0
1
220
0
9
3
0
13
0
0
145
3
0
0
24
6
0
0
0
3
5
0
1421
18
0
0
11
32
12
8
1
813
0
8
0
1
7
675
10
1
22
0
14
5
1
427
0
11
65
7
1
0
31
39
1
17049
461
374
1
4
0
0
0
5
24
0
238
0
0
0
0
0
0
3
818
24
0
87
1
15
152
66
0
0
1
1342
14
20
9
2
16
1
179
1
0
0
2
1
2
0
0
133
0
4
0
460
0
0
1
0
75
4
26
0
2682
0
14
0
2329
3383
0
3453
14
0
64
0
314
3
0
0
8
1
0
19
0
0
169
0
35
0
0
9
1
0
49
410
425
65
2
6785
6
4
0
75
0
0
1
1
371
0
0
1
15
0
0
0
233
4
0
0
258
3
2
125
129
4
0
79
4
0
2
0
0
0
0
0
3
1
0
7
207
25
0
0
2663
35
4
0
26
1
12
0
0
0
0
1
0
521
24
5
22
6
1
0
0
0
1253
228
0
0
4
8
0
2
2
0
0
0
744
142
2
69
3
0
0
0
0
0
0
5
1699
0
0
19
130
0
0
0
6
0
16
0
3519
0
21
0
0
436
85
0
0
27
163
81
0
0
0
0
0
0
2
13
1
52
0
2
0
0
55
0
0
74
1
2236
98
0
1
1
37
545
20
0
233
0
7
444
0
1
3
3
2
1266
6
67
658
4
82
2
1
19933
0
2
28
0
2
0
3
14
57
0
0
104
1
0
0
0
0
7
0
3
0
1
11
319
5
23
294
2
1
13
0
456
1
0
9
1
4
12707
0
11
15
1
5349
2
18
132
2
102
4
594
1948
22
1
0
0
0
0
44
1
24
4
0
1
380
0
1
0
112
0
0
1
14
0
351
0
0
5923
0
5
8
0
522
376
2
0
0
0
1688
15
4
0
2
0
1
2
4
8
792
0
69
1
1
1
1107
20
30
1
1
0
5
1
0
1
0
5
0
0
8
0
0
8
2041
82
21
0
137
932
0
200
9
94
0
5
362
2
1
0
0
0
400
0
46
0
0
0
1
41
2
2
943
123
70
1
0
55
1
154
0
0
199
0
0
2
382
3
8
0
1
115
3
46
0
0
0
275
12051
138
322
0
0
6
0
46
0
5
0
0
120
19
0
0
0
47
0
0
42694
20042
11958
15374
16000
7840
12185
10314
1709
14071
6
22853
320
1709
1239
12859
12859
185
16935
5104
595
147
1446
603
5104
13524
12946
6
41185
355
1750
274
11090
2691
7489
4343
14172
4220
47313
6
147
38
6
36392
797
48
147
6460
185
12859
15349
20738
18239
40885
31736
24080
4203
5104
0
49579
147
14093
11612
1957
1
0
655
1
746
1
70
75
4888
107
129
10
5
617
1
2816
1717
2233
15339
60
0
0
0
9
326
1
4
0
227
11
2186
1
0
1816
57
0
3486
603
0
5847
2
8
8
550
3166
279
33654
264
2233
3055
9724
13
46
76
64
0
376
2857
826
0
4
11
6785
1389
98
1547
313
60
3
224
252
26
7871
0
16
5
4
3
2
11
18
89
73
20
17264
14950
11
1
7140
680
19
0
60
83
1397
2
407
4
0
4
9
1
3
3912
350
25
8991
1
11019
19560
10
0
2
2
1
36
200
241
9878
9831
26
2
149
7
5238
1843
109
244
2
100
0
1
682
3323
4398
1
0
646
1
0
15
1
975
3
2924
1233
24
698
91
150
0
62
41
0
0
311
13
53
17
0
34
0
218
225
4
267
754
63
596
10
0
27
0
1
25
51
65
0
121
0
1
618
236
2648
0
0
9
2843
0
118
554
1849
1
486
12
0
62
0
0
1950
0
0
3484
252
0
12
0
168
2
1
756
137
805
97
0
0
2
1
0
0
116
1864
21
4
8
0
5
2883
4
5
16
5
121
44
10396
91
2518
768
0
2
1219
6
41
1
5629
15631
27
0
20031
2
864
0
107
0
0
3
790
0
0
100
299
1
2
17
3
3
0
1
52
19
6
0
0
1876
11
0
0
3
0
41
21
0
0
116
2
8
0
3
2243
1
4
9
4
20
3
0
14
0
0
115
2
2
23
2368
6
1
9
105
2
1680
1
243
0
12
9
1469
63
182
0
1
1
0
247
0
0
0
397
23
130
0
441
254
0
194
2
32
15
0
0
1
22
1
33
2
331
0
243
0
2
0
24
35
9
221
1
529
2872
0
1772
21329
0
1
3
0
0
0
187
1633
0
582
7
0
2
0
4
601
85
17
0
1826
1
3485
434
13
1238
3
0
4
196
518
0
3
9
0
0
29
1
0
0
3
0
0
3
572
18
1
0
0
7
34
4496
219
10
15
9139
2795
2
48
2
40
1080
1
9
0
5
25167
0
0
0
0
0
90
937
0
1
33
9726
0
27
1
0
4
138
41
3
4
0
123
2
0
0
0
0
0
11
6
3
2046
15
1857
205
3
4540
0
3
23
9
1
1917
1
0
3590
1091
22
966
3
1
0
65
9
596
0
313
0
2037
7
4
5
0
0
51
12611
7
1
517
9
0
7
4161
186
1
0
1
20329
6447
0
0
0
2890
3
1803
12812
5
47
235
5960
16
251
3
104
4976
1714
4
2
6
1
189
0
2
445
0
5
3681
7
265
1
9
3118
135
1
0
0
2
556
0
0
0
0
0
292
65
0
19706
2
32
23
0
203
6
4
26311
0
31
16
7542
107
0
0
167
41
20898
98
1244
2073
12
94
0
586
0
0
531
3893
0
186
0
1
1
76
0
7
0
3939
1
5454
0
1204
1
4
8
51
0
85
2561
2
16
0
0
3
7
70
0
13716
0
2
169
4743
849
29
137
0
17
1258
49
2640
6
1
2
1
1279
1
36
3
0
0
321
10
1564
23
4234
5
2885
0
23
0
0
8
2
156
147
0
0
283
57
81
0
6
4
0
1
1
0
143
843
2
778
796
1
14
4
150
0
2
0
27
0
11
1
0
1
854
4267
115
5
60
1132
24
0
0
0
1
2
1
2
1
670
2
59
930
22
1
86
0
190
0
0
6
1
22
0
3
0
1
0
0
2
0
0
0
23
0
0
4301
0
57
10
1
0
1163
211
56
1
2
3
0
1
329
3
249
3
0
26
1
185
388
0
0
1
0
50
0
250
287
0
0
9
5
3
0
0
1473
0
0
1
707
4037
117
0
277
3
12
0
0
5
0
409
22
0
0
8
3
121
4
4
1
13
6
268
0
0
0
0
0
3
1
57
37
0
0
939
9
365
105
51
0
0
3
0
316
225
2
18
673
1
4676
4
0
165
18
22
11
919
0
1
4
0
0
0
5
0
118
101
0
74
0
94
12973
0
5
1748
0
0
19
5
0
0
0
3
45
1
0
11
0
1
1669
3
0
0
11
0
1
1
56
25
0
1
1
0
6
189
1372
93
2
0
1
1
2
2089
854
0
1
25
33
21
30
1
10
0
19
0
1047
1
32
1546
1
1696
0
0
0
0
4651
25
0
3308
0
20
1
1
2
9225
0
3066
32
0
0
0
434
3
0
9
1
3
74
86
0
0
10
29
0
35
909
18
3
7
0
0
72
1
18
2
13
3
4
0
16
7
0
37
104
0
0
38
1
1
4
0
4760
6
184
4754
39
1
14168
3
1
0
1
0
33
0
8
190
0
8
4250
153
1
2
0
0
0
0
34
0
0
1
709
0
11
0
0
0
121
9
0
1
36
220
0
60
4
0
1
287
23
0
1
1
5
146
151
3
11
4
3
4506
7
360
0
0
152
764
0
1
20
1
1167
5
29
1
4
0
106
4
0
23
62
2
4540
2
12
4
1
1
0
0
1
3615
188
1
0
3
0
3896
9
0
0
51
690
4
0
0
3
1
0
1
7
2
20
205
1
538
0
210
0
3
1
354
2
1
2
2
208
0
11
1
1820
1
0
3
4
3
0
3492
7
0
4673
0
23
5
9
2
0
0
0
20871
4
0
0
0
1
5
0
111
3
0
5126
31
9
78
3
2
0
485
2
25
0
7
1063
0
1
27
0
133
1
121
10573
1
0
0
66
3
110
0
0
11
0
309
11514
10
11
1406
1063
1
22
95
0
0
57
0
430
13
53
0
0
0
1214
1
5
24
1046
2128
69
0
17
8
5
13
10786
5
2644
7
23
4
19
142
0
130
1
3
0
0
74
238
4
8432
2
2
636
210
2406
0
0
1
6
13
1
1
61
44
43
0
621
81
6
0
0
0
0
0
0
5
0
0
1
1604
1
0
0
9
1
0
3
40
5
38
0
5824
26
19
1261
0
0
6
6
3
1
0
0
1
5
5
157
1
0
140
971
3
0
636
0
11
0
2
96
3
1
0
0
15
0
0
49
0
1053
0
55
0
0
1
2
0
0
2
94
24
0
0
41
0
1
177
2
19
2
1
0
581
0
1
1168
10
411
0
0
2
2
4
2
9
0
43
55
20
62
0
585
0
664
57
5
14
0
0
4
175
9
182
28
167
0
2514
0
232
1
0
0
1
7
1158
0
0
0
0
0
1
6
1
1
0
0
3
13
4
143
0
0
0
1
0
0
3
0
239
0
11451
0
39
3
206
0
132
15
200
395
39
141
3
0
0
0
33
0
1
0
2
728
87
1
0
0
5
4
3
1
268
13505
0
51
2
0
15
10478
0
3
80
1175
0
1
13
41
163
4319
1
7
0
0
709
0
1
0
241
0
4
0
0
1
246
0
0
47
131
1710
0
749
2
4
75
1
0
0
2
1314
0
3
1
57
1
2
380
14
316
5
20
4
3
22
2
17
2
32
0
1
0
5
16
0
0
7
0
1
0
14
0
830
559
5
23
0
0
0
1
0
365
0
0
0
0
1
0
0
0
159
1
69
0
0
1765
768
2
3
0
9
2392
0
0
8
2146
0
5185
6
47
353
14
1
1
0
2
9
0
1
93
15
16
330
2
12
3231
140
0
462
5
0
93
1
3174
2
1
8
1
1
822
13
0
872
8
0
11
1267
0
0
2
1240
0
1
0
0
0
0
8
15
2
412
1
0
10
9
3
0
2
7037
2086
0
214
125
0
107
44
0
19
233
1
11
0
0
6
3
0
2
33
1
547
2
141
6
91
0
1
145
6455
18
4
2
6502
0
11514
21
0
0
0
0
85
0
0
0
0
86
1
5
68
12
0
54
8
27
3
1
1
0
94
0
0
36
50
232
874
1
714
16
37
49
14
0
4
28
0
19
30
0
4
9
1
0
1136
1
28
0
671
2
2
23
0
0
0
0
0
20
0
0
21
0
33
2289
0
385
0
17
1
874
1
1
3
3
7
9
26
1141
0
9
0
3
20
1
0
94
3
0
255
34
0
51
2
0
0
0
10
6
0
591
3
38
44
712
0
0
0
4
9
2
1
1
0
3
3
193
13
0
0
2
941
0
1
1
17
170
0
389
1
36
0
0
0
72
21
8
2805
326
6
11
7
1
2
9
4
5
0
1
0
1
845
48
9
30
0
0
0
0
5384
3
0
267
1
0
18
0
5
12
0
0
1132
39
8
0
0
11
0
4
1
0
4
11371
2
33
0
0
239
5
1
8
16
2
35
0
4240
0
6
87
1
115
2
2
0
0
4
8
1
2630
1
172
1698
0
3
5
227
50
0
6
800
102
3
0
0
0
45
10
1
2
444
2
17
0
0
1
41
0
85
103
547
532
11
0
0
47
5
368
0
0
9
7
0
0
19
0
48
0
0
13
1
2
1
0
0
4
77
0
0
0
0
103
164
40
0
0
0
21
0
2
1
7
5
2
398
1
13
0
5
0
40
359
4
5
0
2
1
0
235
10
2
0
21
48
3
10
4
1
2
0
0
7
1633
46
2
0
0
6
0
2
111
0
0
0
13
3
2
317
0
0
0
1
0
2921
66
0
0
1
1
14
0
0
0
0
18
33
0
16
2
123
2
0
81
480
3
0
17
5
5
2
2
1
0
0
224
1
0
55
0
3
0
160
66
63
11
6
51
56
274
15876
6
13264
39088
185
32060
6
274
160
10944
1
13932
147
9207
11
16668
6
37418
215
47945
3639
0
390
22000
8816
249
7512
22
12946
1243
17509
38
797
30794
2885
169
10280
100
3274
5825
314
30934
116
1197
3775
797
2914
12859
9548
6
29563
24748
16614
12153
5104
2776
2568
20013
15142
47483
11139
5104
12482
507
5546
9
320
0
8385
3
101
5704
0
8
37
9201
1142
17
18178
97
12
22
2253
2579
20
80
933
0
93
1008
7572
24
1
2
3627
120
40
4
241
8
0
1912
61
0
35
256
32
39449
34
3090
0
649
298
174
55
0
3
51
60
224
74
183
414
6
3
148
109
1419
726
1261
892
5
25
0
0
1
2
554
89
185
72
41
5
0
0
2217
1
3
1036
287
14
162
14
60
1516
3
5442
409
282
3
3493
0
1862
323
3
5
6326
2
13
836
18
0
0
4225
57
2
0
2537
0
69
342
6
473
9
0
203
7
0
10
1
1725
37
1
45
114
87
18
0
0
6
0
15
0
479
12
18
1
47
1
0
123
1
524
329
0
3
0
1
44
542
5173
1
0
0
503
0
5
929
5014
1
0
19
58
437
84
105
210
399
0
0
289
72
5
1
0
7
493
0
5052
0
1
0
3
0
426
0
0
402
0
64
277
1534
0
1
6171
52
0
0
39
8
747
0
7
1
0
4515
0
38
438
19
80
3025
773
467
639
0
0
60
31
2
3
2
2051
799
5
1
0
866
182
357
7591
152
0
0
7250
0
194
61
7
130
0
68
19
104
0
535
103
39
6
3
0
33
21
256
8
3
187
77
2
0
143
0
450
95
1914
0
0
99
11
4
0
11
29
45
0
20
2400
2385
0
2
17
0
66
0
13
0
6430
376
0
0
0
321
350
0
51
1
0
7
28
17
2
0
67
26
1
0
13
2
284
4
268
72
13
2
464
4679
125
1
627
0
0
0
80
0
0
104
4
0
0
0
1
0
33
783
33
2
1
36
0
0
0
53
0
0
1
0
29
29
1268
35649
335
54
634
1
0
0
970
548
2
160
16517
1
5
2190
0
2
10
1
22
0
3974
1
1
1
6
0
266
376
14801
222
8
50
0
4
83
22
8
14292
5691
64
66
0
64
1
624
440
0
1
442
9
4187
0
1
0
0
1195
3
2
1
14868
35
0
1
6
20539
9
0
0
949
3
0
717
80
0
255
3
1
0
11
1
0
0
266
98
926
555
0
3489
0
24
0
87
1
1
30
7
0
1
0
1992
1
6
68
708
1
204
19154
16
4186
53
14
77
1
2
0
3
1
25
0
194
133
1
14
0
462
0
7417
19
0
28
8
6375
0
3
59
1
5
0
58
30
24
0
0
5179
0
0
0
21
0
8666
0
20
100
1
4
6
10
0
1
120
5233
1
5604
13
0
1
6
0
900
0
0
0
355
3
160
6
273
1
0
2
28
5
13
3
1
10
1
0
0
1
80
1
0
1044
2538
1560
3
0
8
153
11
110
0
2
5
8474
0
0
5
1
0
25
0
854
1
2
3
0
1
0
2
13
1721
8
0
7
0
5
9857
125
0
1
0
0
4
3
6
21
0
0
1579
0
0
0
4
5
641
0
241
3
2
711
3
4
0
0
1
231
3
0
1402
0
65
13
0
1
0
1092
48
7
31
2
0
0
0
2
39
0
1424
0
0
7
3
0
0
69
13
1
144
73
4
0
80
1444
3759
657
0
0
14
0
11
0
814
2
23
15
0
168
20
213
6
5041
14
10
1361
0
1
0
6
0
9
197
0
4
28
401
0
0
6
3993
203
6
0
6
1593
8
274
43
12
37
0
3
41
55
0
2
0
273
186
9
5
53
1317
0
3
0
23
0
6
8
2
1720
1
44
1
0
3
6
48
4
0
55
37
194
665
253
13
0
0
0
38
4
2028
29
0
1810
0
7
1576
1
0
0
86
13
11389
98
2
16
128
28
1398
0
2
1
10
6
0
2708
5153
25
0
2
2
5
28
0
1211
9
0
11462
0
4
196
3
68
0
0
0
0
371
3
61
0
12
0
6
0
49
8
0
0
9
1
45
31
6
442
99
0
0
0
26
0
0
15
8
2
1
6
25
0
16350
0
8
0
938
2
17
2
6
0
0
268
0
3
25
0
0
0
76
7
1
0
12
0
0
6
0
267
37
0
1477
18
1
0
16
2
154
1
0
1464
4
1
0
0
0
1
5
5
486
0
1542
4
0
1425
0
0
0
11
1
0
0
399
0
0
1448
0
93
451
10401
51
0
5
0
15
0
51
0
12
0
4
3
736
0
3
0
2854
45
3248
3
0
6
1
0
0
4
12
409
16
0
36
2
0
0
0
0
2
0
67
0
6
0
2
6
16
1537
0
0
0
0
1
0
0
0
273
0
1
0
377
1
6169
0
4503
0
1415
3280
0
7
1
0
0
5
264
304
2
45
0
29
0
231
1074
0
3
224
2
0
27
2643
0
0
0
6882
1615
8
160
0
0
0
20
0
0
0
0
0
1573
6
2
216
1
0
11
0
4
1
9
0
0
0
2
28
0
2
0
34
370
82
3
19
53
407
3
796
2
38
854
38
0
29
17
1
0
0
2
0
8
2
300
15
1
544
0
0
26
1
1
9
444
19
853
0
0
0
30
0
0
11
39
1449
1
0
0
2
0
0
0
45
1395
1
0
587
7
3
0
0
109
1
0
0
0
1
661
0
0
1
23
0
0
5
1
0
18
0
9
2824
411
5
1
11
79
687
39
1
20
99
1
4
72
1
1
5
4
50
14
0
4
0
807
2
2
6
7
2532
63
0
0
9
0
0
0
43
23
415
0
4
0
1
95
20
0
1001
2
0
24929
3
2770
0
7107
0
0
0
2278
1
0
92
58
0
33
1236
5
0
14393
1
3057
2
3
4
1
318
10
6
2
0
0
0
1
1
60
0
0
1889
0
113
263
1
5
10
0
0
10
0
8
2743
1
0
0
0
134
4
0
0
33
0
1
1835
0
0
2994
14
0
1809
21
220
3
408
40
13
0
0
0
2002
0
2508
54
0
0
5667
1
181
0
188
0
0
0
0
67
1
1
56
25
35
0
1
5
0
0
1
2
0
3
1
123
0
4
9873
4
7
2
0
3
16
0
739
30
0
56
17
2
0
1
7
0
900
1
7483
48
0
1
2556
138
0
0
0
0
2
100
1
0
373
8
1
21
3
2
3
21
0
1312
3
248
90
0
0
1
1
1016
190
0
1
72
21
25
4
3
3543
2
205
1
380
0
2
34
2
4141
103
0
12
5782
1028
0
4
6492
4
0
0
0
0
2
330
21
396
736
2
833
189
107
21
2
0
5792
967
0
0
70
0
13
33
63
2
20
8
912
693
0
10
69
2
1
10200
3724
1
24
0
0
0
0
2
0
0
8
2
14
3425
1
0
7
0
1492
0
17704
62
0
1206
17
66
995
15
3
0
48
48
0
2372
473
0
0
447
9
7
169
13
0
0
5241
0
4
1
2
0
0
0
2
2
1
0
0
1
2
1
9
0
101
281
3
0
216
12
0
0
0
0
0
0
0
0
11
2
9
43
58
91
526
1
586
19
0
408
0
5
0
1
0
0
1
2
4
0
0
5
288
23
169
1
3
6
514
2071
0
0
31
2
5
64
1
2404
8
0
270
4
80
4
0
6
1
1
0
11
2
0
13
8
0
5
51
0
0
154
1
3
0
2
201
4
0
627
1
0
0
1
7
0
0
5
12
36
1
2
155
1
15
0
3
1
10592
0
10877
4
0
0
0
0
0
0
2
77
8
7773
7
0
0
4
0
281
2
0
4
1
0
19
3227
264
4
3675
3
0
0
8
0
61
0
196
0
0
0
0
0
0
0
1
259
16
5
0
9
0
6
0
0
1212
45
2
18
0
16
0
15
0
1351
0
2238
1
162
196
95
0
3
63
1519
43
140
1289
158
21
99
596
0
1
277
5
0
0
1
25
0
0
1
800
0
6
3
206
0
0
30
4
0
5
0
1069
0
1201
6
0
109
0
139
0
0
0
0
0
4577
5
9
0
1
28
3
0
3
12
0
119
6693
0
1
238
10
0
19
0
0
12080
76
1
0
0
0
0
0
170
0
0
203
0
0
3
1
0
2
2
0
30
1
440
2
27
0
0
7
37
0
0
0
19
8
1
2872
16
0
150
35
5211
2444
1
2659
3
2
820
0
2
1
0
75
27
0
50
0
0
0
1
0
0
20
51
0
648
10
4
1
216
8
706
551
26
11403
0
17
0
3151
0
0
1
0
4562
26
0
3
0
84
0
1
126
1
2
1
0
272
22
91
11
0
1174
0
2
27
4
0
0
106
0
0
0
66
1
1
201
2
1
0
48
0
5
0
0
10679
0
0
973
98
2
1
2
5
59
7
0
1636
273
794
0
0
0
0
1348
52
0
3
0
0
10
0
0
9
0
6
0
12
147
0
0
6
0
169
1415
0
204
1
418
0
0
13
3
2
60
0
34
0
0
0
0
290
18
0
915
0
53
0
0
2765
1612
0
1262
0
5
9
0
184
0
3
0
1
3
0
2702
3
886
16
1
1
0
1
0
37
0
0
7
0
0
1
0
0
0
0
1026
0
13
98
1750
0
8
0
0
17
0
13
0
0
0
0
0
0
3
21
51
0
1356
2110
6
53
0
0
0
26
9
37
0
4
0
2
30
1
0
0
0
0
28
0
1345
1
13
3
131
23
9
0
0
50
1
5
1
0
0
0
0
78
0
0
1
0
127
2
79
4
0
1
2
0
5
1
0
1
1535
22
1
2
4
3
0
10
0
2
1478
5874
0
0
1
12
8318
2135
9005
797
17151
4343
38
147
12859
2919
8617
38
5211
3535
6
6
160
6618
14092
42205
22328
1915
7360
766
6
7631
169
5639
47630
3595
11588
4191
11050
12444
13101
14809
11228
26476
5124
320
6
12859
2011
23640
5104
45205
36670
48
16696
356
628
8318
6453
5792
217
335
16702
13869
320
12952
2287
8318
27264
16061
48
178
4636
3166
1
33
417
189
4678
1
28807
2
5864
2214
656
0
316
4330
3
45
74
7
0
11895
25
1
102
2
0
0
45
8876
15
20
0
65
18
18
6
16719
110
5324
2643
5
25816
2126
1
903
1723
96
36276
303
2
23
53
0
8
0
99
7
20028
2
12
25
383
1
8035
5067
2
237
0
121
5
6512
1233
376
4
5282
15653
0
100
16
200
0
7
6843
161
18
9
2435
9
2778
1156
191
12
0
351
2582
21
2
21
19133
1036
862
20
3
11705
18
9814
0
30
7
0
9336
39
170
12403
147
8
2955
78
0
5
80
2
0
142
0
7
3
1
58
2234
9
2
1
14812
0
2
146
142
2996
0
2541
8
0
10
2
4
19694
1216
0
0
13
210
1156
24
0
223
13
1222
0
29
6222
5
360
2
195
0
139
164
11
1
6620
2
0
24
0
1
99
61
54
11
0
13
1093
0
26099
4
79
0
8
0
1326
0
2
1
0
4928
45
0
17789
62
3
8
200
557
2415
15
2032
822
3
25
0
2
23
192
2
499
76
1
0
1
138
20
1117
152
14
1
12
32
2449
1
0
1504
841
5
6
5
4
26717
0
2634
3
0
5
1
2
56
0
86
2
12
29
0
0
233
0
8
2
0
11
0
0
0
1
3
23108
18
0
0
2016
2
0
0
185
11
6
2491
22
5
1
0
9
219
0
0
294
0
49
0
2450
0
1
3
14276
3386
288
24
1
9107
0
0
34
30
970
92
4
0
1
0
69
98
1
49
15747
375
148
1068
38
7641
21103
1
1
2674
0
0
1
3302
0
142
1207
1
0
3
6
996
0
869
17
37
0
829
0
0
179
15531
8660
1781
0
0
1
18
29
0
0
423
5
674
1
17
1
6
0
1
7
39
1752
29
4307
142
2
1175
1
1
0
544
0
37
0
0
0
0
4327
0
21
1768
418
0
5
0
5
3
64
3417
0
1
168
0
0
0
6
57
33
2
56
14
40
10
244
1
0
149
0
0
0
117
5
0
595
1
0
36
6919
0
0
2
1
36
2
142
12
59
25
11
622
3
2771
15
0
3
7
0
100
3354
0
403
3
11
238
2
1
1
1577
72
0
6
8
1
51
0
8
17
9310
2
111
0
0
0
0
24997
24
7
865
541
0
96
0
1320
0
207
0
1378
19
0
220
8
9
1
167
63
2336
1
1647
30
41
738
0
2898
0
0
5
249
0
262
3
18
202
50
0
3
0
104
4
3
1
224
0
19832
2
2506
180
2
78
0
0
34
1
0
3
241
151
92
0
245
36
220
0
4
0
0
4569
0
252
0
0
1
47
86
5
175
11
0
36
0
1
4318
0
208
20094
177
0
1
69
0
1
0
7188
12
108
5308
3
3
247
73
1
0
4
9
36
4
8
238
1
0
0
74
0
0
46
0
0
1
0
24
467
5
2199
11
29
19
432
1
0
0
1
105
0
0
38
0
0
737
6
3
3
1
1934
0
10
6506
30
0
0
0
1169
7
7
1385
1
1180
1
11
60
0
435
19
0
87
0
408
2
0
3
0
10
0
4
6
0
0
3
0
0
10
1
5322
31
1
0
44
14
0
41
15
4
14
39
13740
135
831
0
46
6
0
1
11
695
1
231
51
0
1272
246
1
268
65
0
18664
1765
151
0
5
279
0
41
0
24
66
4
0
0
0
2
1657
0
70
481
10
4
7
87
46
9067
1
661
3
60
35
0
3
2876
134
30
44
0
565
4
15
7
0
78
0
1
82
0
29
3
61
0
72
3476
63
5
15
0
379
5505
30
0
4
1941
1
2
0
47
1
2
1
0
0
0
30
0
12436
61
14
1
624
2
3684
1259
0
30
13
0
5
90
332
699
58
3
0
0
248
0
0
0
5
0
0
0
582
9
5
14
47
0
2
23
2
537
5
45
1
2
0
2428
49
8
29
4
0
152
0
72
0
7128
1
0
8
3
0
0
31
0
11
2
0
0
3
684
1
1
0
1317
84
0
0
14
192
0
0
0
0
10
4
740
120
12
1
0
43
376
0
2
132
84
0
0
0
3
0
4
0
1
4452
1
0
0
14
1
0
0
0
0
2
2
0
0
1
2
673
1
0
3
2
302
133
0
0
0
9
0
92
1919
169
1
6
1
0
16038
4
0
0
0
12
0
4
1
1
108
6990
3
8
106
0
0
5
18
0
0
1
0
1
86
8
684
11
5
374
335
232
1
297
0
0
0
16
5
1
2
0
6
0
457
31
186
273
1931
0
6
58
0
0
88
8
0
0
0
51
20
37
12
0
2612
0
748
1
0
57
104
1
0
5
4753
53
22
121
24
0
7712
701
1
276
2
0
0
1
2
13
0
0
217
0
0
40
0
8848
27
3
0
0
497
105
8
269
0
24
7
0
758
0
0
1370
3
0
0
0
2
0
2
9737
420
1755
158
9
5
1
4
1
0
464
21
0
165
1
5489
0
107
1
1
0
2
4
1072
1
172
0
0
17
7
1425
2
0
45
2
0
8
10
0
44
84
982
19
262
439
31
10
0
2
26
6
0
1
10
0
1
2
0
0
0
84
3
102
0
0
7
0
925
1
461
0
3
12
498
0
0
11
0
2632
0
9673
24
317
335
82
4
5427
3
2
0
0
64
44
0
0
31
3
0
2
110
7
3
0
14
7
17984
65
641
59
2
288
50
34
224
2
1
0
44
260
25
235
0
0
233
0
0
38
11540
68
0
7
84
0
23
199
3
4
925
2274
78
0
81
0
0
1993
0
0
0
337
3
3
0
961
3
0
1
320
2
1
0
0
0
10
38
0
1
0
2000
1
147
1
0
17
555
0
4421
0
366
0
0
135
3
2
667
9
0
28
0
15
0
0
0
0
1
0
11
77
2
0
2
13
0
0
2
2
71
34
771
3
4
1
2
0
13
1
21
1
230
90
0
0
1
9
661
315
0
198
8
0
1
4417
0
0
11
1
9
17
12729
1
4
0
0
0
0
3
174
0
14
0
0
0
1
2694
0
0
1895
3
13
0
1
114
3
1
0
1
7
75
0
2
2
8
5
0
8658
0
0
2
15
158
4
73
44
0
49
0
1
3
2
330
4
0
145
2
8
3213
1
2
5
116
1
22
821
1
46
2
599
0
57
197
2
2
0
915
43
0
0
159
938
69
17
1
7
0
0
0
1
7
12
0
2321
0
0
0
2
0
159
17
1
20
2742
19
26
1304
4
118
0
358
1
0
0
6
17
0
92
3
43
41
0
22
0
66
1
8
0
0
983
34
17
0
0
0
7
0
2
1
44
0
5
0
1130
15
5
0
4104
0
0
0
1
12
2
0
37
2246
93
7
591
0
6
6
17
8
0
3
0
39
0
1
380
3
1
7
3
1
176
0
11
2
2
140
1
2
1
0
34
7
40
0
1
10
34
15
1
47
2
0
18
0
229
8
10
41
1
0
0
204
1
4
2
0
10
25
0
0
0
69
0
0
176
153
1456
29
16
16927
0
21
776
18
7
64
1
2
0
885
21
90
0
0
0
5
17
0
2
0
92
937
91
27
196
0
190
6
4
1
0
0
2
0
5
40
0
0
10
0
1945
39
57
0
0
0
26
0
0
0
1
2
0
302
0
0
0
8
0
1
25
134
8
2144
0
2
0
0
1
0
4724
0
70
0
0
19
0
205
614
649
0
20655
0
0
0
0
3
0
1
271
27
0
351
49
1
62
0
0
111
0
0
0
109
0
690
1
7
10447
0
4734
13
2
6
0
4
1
0
0
2559
16
3
0
1944
0
117
0
0
54
802
0
84
126
5
0
0
149
0
439
3
0
1
12
0
45
20
311
2
529
1590
0
3254
136
25
227
17
26482
3
176
135
0
3369
6138
37
5
0
0
73
3
4
557
135
0
7
0
0
0
7
1273
1306
0
3
0
2
11
0
0
0
607
23
0
4
6
5
3
3
105
7
0
37
56
96
33
2278
0
2
11
31
1
0
0
119
63
0
0
0
3
1
0
0
39
14
0
11
64
181
128
1
91
46
0
46
29
0
0
0
0
439
3
0
76
3
3020
0
0
58
2
3
0
18
2
556
36
0
43
0
0
1
3156
0
2
2
0
11
0
2
0
15
10
0
1
251
56
511
2
0
343
0
4
63
127
0
0
49
9
0
0
14
1409
284
0
0
0
1
30
0
23
65
85
0
0
0
0
0
0
3085
3
1
13
1
2
3
0
0
26
61
10
75
1
3
25
1
18
0
966
3
202
0
0
0
1
5
10
30
24
5
0
2
0
6
0
3
190
0
1
0
1
0
0
1
3
2
0
146
230
0
0
2
0
0
2
7
1
340
0
4
91
161
0
0
0
349
1
174
2
0
0
14
4
0
0
13983
0
4
4
0
2
0
133
0
988
61
0
8
881
8
2
12
0
0
0
0
690
1297
14
4
0
212
0
7
51
0
5
0
0
6
0
9
18
0
0
0
2
0
0
3
0
0
411
212
2460
162
30
2
0
0
0
0
3
2
0
4
769
5
5
1381
281
34
81
18
10
0
201
0
0
14
4509
0
394
0
0
8
28
12
9933
112
0
1
2
0
2
2
5069
157
8
0
0
361
0
2
87
0
0
5
0
0
7181
480
45
0
0
1111
1
8
0
9
1
0
23
2
9309
11658
16427
10283
0
5977
16430
0
0
5104
16224
16224
28
88
11089
2586
5104
15215
28
28
14289
5364
4732
3566
2113
5104
1114
7324
3566
2035
14649
3566
13095
0
28
16233
22130
1612
839
1612
1035
839
839
606
0
1612
180
28
1146
274
9790
0
13211
5881
73
33675
4567
14379
4220
6823
14071
509
2568
160
27
2184
2828
12
91
149
81
1940
1940
0
8
20
9795
14286
5
2611
0
8719
9795
18177
139
138
2243
2939
2
0
47
1
55
172
3
1593
428
1940
6171
2
0
1023
184
11
655
19
20
72
8204
11
4843
22048
0
1
4935
826
8
268
0
1
254
317
70
584
48
63
13
10462
3400
2
9771
133
22791
0
3819
386
685
333
1
1
490
0
1
19
333
0
7
6
4
970
0
8
4
333
1931
6
337
3217
2995
54
1
3187
6
7713
4414
75
0
0
2
0
0
170
0
0
0
14
1
2462
0
1093
657
303
78
5
6239
13750
118
9
5
365
1
358
32
12540
155
4710
0
0
0
0
32
709
0
0
7163
119
1
1910
9587
352
9
0
5
7
108
3307
11
7710
35
17
61
549
0
7686
2
5
3
73
0
0
0
0
32
0
1
1368
0
0
285
295
176
6
0
13506
2
53
1447
2
4805
153
137
6948
73
15613
0
5
49
0
13
694
276
1
1809
33
1914
310
0
0
2398
1834
1
0
78
681
1
3
0
10
609
44
1
6
23
3
800
580
344
1
0
8771
11
1
1
891
1
0
1
43
101
12
0
28
58
0
4527
127
44
1
0
31
1
1062
16
3
115
211
7572
6
29
11225
104
6
16
0
8
21492
1871
6
136
1313
0
0
767
27
0
253
1184
1
18212
10
0
8
34
25
3
20356
1
4
6455
41
3448
7
0
1905
2
0
268
38
43
0
45
25
19
0
0
286
0
15
100
0
145
0
24
4
4001
0
0
0
0
0
10
0
1
2972
63
1
2
0
0
10
2
0
9803
87
0
2
19590
3195
0
3056
36
924
0
2
1
1
5839
0
18
1
2630
1
1646
1287
4
0
1
0
3
0
10
321
44
0
55
0
0
1
34
0
0
2312
3
8489
0
0
2
2
697
0
60
37
0
580
1
139
34
1
46
222
1305
2
3
3
7
0
0
722
0
0
0
348
6736
14
40
519
510
4
0
3
1
0
4
21
0
1
893
0
2380
1
0
1
18
68
0
0
0
50
1
3
2
82
1533
257
0
1
0
865
0
0
0
7
4
9794
7180
26949
0
673
49
0
311
1
0
3
0
1
5
0
80
0
0
1506
10
0
368
0
0
10053
133
969
210
7
0
24
5
0
3
5
150
7
5
138
143
7
1
13
3
36
0
0
0
389
1
441
83
70
2
4
3
71
6
4
1798
833
0
144
1
3
0
2
220
2
23
2
16
4
9
0
0
90
9
0
14
812
0
902
0
9136
4885
0
608
6
148
18
48
2
36
3
0
22
2
160
1299
4067
15
3112
128
0
0
64
5
0
170
0
0
0
0
1
0
0
0
30
580
292
1858
0
2038
0
535
0
10
27
212
82
27
8
1
0
0
1
25
83
136
2
0
40
0
1
721
0
0
0
2
0
5297
2
0
0
19
14
0
6
0
50
1
1
0
0
0
0
1
0
6777
0
1
5
17
2
2
174
1
0
1341
0
0
0
0
0
0
1
3
1
654
0
7
1
368
0
0
55
0
10743
123
412
8
53
0
9
280
54
180
0
1140
0
0
1426
0
0
15
0
0
0
196
2
0
2
0
0
0
0
0
619
0
223
0
4
0
1
12
423
0
36
1064
33
14
0
0
0
0
0
289
241
0
1
0
0
0
169
0
0
0
3
0
1
1
5
191
114
0
208
0
1
0
12524
1
9
0
1
0
7569
48
1
1756
7
1
4
1523
3
3
1
1
0
7
0
102
216
37
10
0
0
526
32
8
2
2
1
2
0
12
7
0
2
26
0
23
24
0
3082
8
187
1
294
0
106
118
19
1
3
3
20
0
0
1
0
1
10
0
381
454
0
15
978
4
11
13
195
350
0
353
1148
109
25620
0
3
168
0
2
1
0
237
2175
4
1
1
482
12
13
0
40
1
0
0
1
4
0
279
0
1
0
1143
1
1
63
0
0
6
4
0
2
0
4
0
2
0
3
0
1
8
1
4
81
1
42
0
24
0
1
1160
1
0
4
57
10
0
741
0
0
2673
0
0
4055
35
0
39
0
8
550
0
46
0
12038
0
0
0
0
0
388
30
2
0
0
27
2
0
1
1032
32
2
6102
6
18
829
6283
4
0
0
214
2934
6
16
0
8
259
0
3
7
1
0
0
1098
4
407
0
37
2
0
0
0
24
2087
2
0
12
0
0
0
0
6560
0
2
0
0
7635
1
0
4
903
0
1
1
0
0
8
0
0
0
319
0
1
3
7
5
8
0
0
7
434
0
48
2
0
2519
0
0
4
14
68
1318
0
2
0
0
0
8
1
1753
0
104
4
6
77
12
13
8877
8598
523
296
0
519
2756
0
801
223
4
3
0
8
7
1095
8
0
1
16
15
306
0
0
58
0
0
32
205
588
1
0
0
10
0
41
54
1
0
1
0
2
5
15
0
3
0
0
1
170
4806
0
550
0
3
6
7
1
2694
0
5
4
0
11
2
0
902
2037
0
4110
150
0
259
0
23
0
4
0
10
7589
24
0
104
0
0
0
7
0
0
0
0
196
15
0
7
0
5
0
0
0
1
0
0
30
20
0
0
0
0
0
0
56
0
1094
0
10
0
0
7
0
0
10
38
3
12
155
11
0
1152
660
23
1740
0
7
297
177
2860
0
4
0
0
15
14
4
0
0
0
0
0
2
3
0
8
1
1
3
1
5533
12
1
0
0
0
0
0
2
0
2
247
0
0
518
1
58
0
1
0
0
0
125
0
527
4
0
0
0
2
1
1
3770
0
0
6
4813
2519
27
309
2666
2
0
0
0
6
3
1
0
0
10
0
1
0
0
0
448
1
343
0
0
4
19
1
11
1752
25
45
20
9995
4
0
0
5164
0
6713
49
0
0
0
2081
2732
55
94
1
172
1
4
11
3
0
2
80
0
6
1
0
0
0
2
32
1386
428
0
172
0
0
0
0
2
0
6
0
787
212
4
4
128
0
0
3024
0
1
17
28
549
1
0
23
0
6
0
0
3006
0
2331
0
873
1511
2
7
42
11150
42
3
16
2946
3
2
0
0
0
0
18
0
79
3
0
0
27
0
0
1
0
4
456
0
38
333
0
139
0
262
2
0
0
0
234
557
3
0
0
1
16
4
0
0
1
0
2
18
2
0
14
0
0
77
0
0
22
0
29
766
4
0
1
1621
1
2
4923
12
1
1
0
0
2147
8860
3
3
0
10
0
1
0
0
22
20
0
2970
36
0
15
2
0
0
3
2
1
0
0
0
0
262
0
0
10
1
601
0
6
0
16
251
1
0
8
18
1
0
8
1
0
0
2
0
4498
0
3
328
0
57
1
31
2
0
0
20
1
0
0
5
6
0
0
304
10
162
2
1642
0
0
9
28
0
0
0
2
569
8
1283
6
7
166
4
0
3
8
0
0
0
0
2
1382
2
21
0
739
0
1
10
0
0
1
0
3
1
0
2
593
57
0
3
4
2
8
42
14
0
0
14
0
1
0
0
3
4
0
220
452
0
0
0
0
0
1
0
2977
0
9
47
0
0
0
0
5
1
0
0
36
322
0
0
292
1
5
0
927
2
1
19
6009
0
2
1
0
360
0
1
4
43
2212
2
1
0
2619
0
0
0
2
25
0
0
215
1
107
252
5
245
9
2
0
0
0
1115
11
2
531
0
0
0
0
1
0
29
2
2
0
37
7
0
0
0
0
65
2
4
3
1
0
0
67
1
0
0
1
1
1
236
2218
1
30
0
12
0
0
0
43
3
0
0
0
54
2
74
5
0
23
6
14
65
1
0
0
2
0
1
0
5
0
138
1
0
0
4
705
1449
0
149
743
0
0
103
10
0
0
1
19
3844
149
1
0
1
194
0
0
5
1
16
0
0
30
0
1371
1
0
6
0
8780
77
87
0
84
95
747
0
1
0
0
26
34687
16873
0
0
208
66
0
13
2
3
0
61
7
0
0
0
3
0
0
237
0
1
0
0
0
18
1
0
2
5
1
0
47
0
2
2
0
2301
1
16
0
3
3
0
0
1
626
1
6
1
216
8
7
62
2
1
49
0
80
1
54
6
94
5
0
2
102
0
2
13
14
0
0
0
0
0
1
0
2581
2
0
0
0
206
28
0
0
0
0
0
92
0
144
364
0
8
16
2783
1
21
54
0
0
4033
813
0
0
0
0
1242
0
0
2
102
1116
0
694
30
5
2
12
203
448
1289
0
0
0
0
4
12085
28
0
48
26
0
6
0
2
0
125
2
34
15
0
0
0
16
7
59
7
0
21
0
747
4
0
0
427
38
0
0
1
3
0
0
0
0
0
0
7
0
24
1
169
1
0
0
5
2
0
0
1
1
1
0
3
41
26
0
0
14
1849
0
1
18
2345
15796
376
0
6
73
0
50
1373
1
0
0
0
0
0
0
0
4289
0
62
0
0
10
0
0
1236
0
0
7
43
23
0
0
58
0
0
0
1
0
0
0
0
63
512
0
0
8
15
0
2
14
0
21
0
2
3
162
3
14
15
1
0
0
0
6
6
1
0
1
0
4
6
0
0
1
0
6
79
55
0
2
164
0
0
2
0
1
0
0
71
0
1
3
158
5
10
1
1
0
0
1
1230
449
0
0
329
3506
7
3
27
6
0
1
41
1
84
30
3
0
0
3
248
3
6
12859
87
1146
766
6
160
87
35129
147
18843
13412
274
845
12859
12859
15198
22542
2045
163
13412
38
38356
23186
0
185
8318
4220
1480
2459
67
28
11637
581
13366
5104
14582
6201
839
1612
326
839
1612
1612
13144
14007
12814
12859
4220
39048
5104
18126
4220
2225
10268
0
2776
21991
6
147
20039
4343
12859
147
163
1289
0
0
0
1301
622
2111
7
64
103
22
11291
425
126
3519
18783
1
2
23068
22
4716
0
7865
91
2233
48
2
95
278
2569
15245
4
20301
0
0
49
111
57
11
1
3876
11
1023
32
5
260
2450
2
0
2642
22
9
263
33
0
464
7
110
88
29743
4933
5450
0
524
42
243
1
5311
13
562
43
7
1455
1355
26
3
0
139
4794
0
19890
0
12
2
33
24
0
6871
89
524
93
29261
1703
791
24
4
0
5798
333
29
0
0
0
31
0
0
43
204
54
1917
1
93
2546
0
2
3566
61
1579
1959
42
9
3026
1082
117
238
0
14950
109
6
41
176
16561
4
1
1589
1
5
30
63
2
61
5777
0
0
0
664
5360
0
499
1
64
905
4504
90
3507
0
10
1945
0
2393
308
0
6309
0
158
1
0
167
1
0
30
0
2
13
0
2314
837
2
0
1775
245
177
34
342
3142
0
3
0
0
4
360
1
11771
1
0
1867
0
1183
0
70
12
0
320
0
4
0
2
28
78
4
4
122
0
1
7
416
1423
27
138
117
921
0
104
0
139
381
6
1
1805
90
28
2277
76
0
1
1
49
18
5
11
1
325
245
741
17
2
0
0
11
286
5
897
7734
0
11
16
9
123
164
6
7118
17136
3
1
2
17
2
0
81
9
70
1235
10
0
77
0
9
0
20
23
36
58
0
18
0
3
4116
619
1
10350
3658
0
157
34
286
340
38
38
409
14588
148
0
0
1
1059
0
4
6
15
0
27
0
58
2
2
7
0
326
523
942
0
981
2
3599
143
2
900
9155
1416
234
0
67
165
21153
5528
32
29
10563
4279
0
3
1
277
1
0
214
0
2420
72
10
4567
1620
5417
5
10742
13
0
0
0
0
1
1441
0
6
29
84
232
34199
6
0
1
5
1452
0
0
0
16
3
0
15
0
82
3
50
92
4
1
1
0
53
0
6555
8
10694
56
33
3
0
2
27
76
2470
22
0
0
22
4
77
2807
1095
55
14
12
0
0
9
314
8018
13615
0
0
2
75
0
1
4
288
3
179
38
0
7
27
312
15381
0
8
2
76
3601
1
9
24
74
1
0
4057
840
27
4
1
1
5
877
7
0
357
2
0
3
6
21
165
73
1458
0
9
81
1
0
0
25
65
9
45195
0
9
3
664
1657
164
122
229
12
91
6172
8
1
1
16
0
36
20
10
0
0
16
8650
104
0
4
107
17
0
22
0
8
52
0
13
8
0
213
0
1
22
0
1
1
2
227
131
74
1
5433
33
206
0
1
240
1
5
0
0
644
10
0
8
85
53
40
3
819
46
0
23
80
0
17
1
27
43
0
1
1
537
97
41
0
22
0
0
27
2
0
9989
4
2
4
0
3
1
2
33
0
6
5
0
981
6751
10
2
38
0
527
654
306
0
90
7
1
0
3
0
912
3
0
0
0
0
2
14
0
0
0
0
0
270
0
47
0
1
0
0
101
63
0
36
47
0
0
0
0
2
0
6399
0
0
23
234
6
1363
2
1
0
0
69
3
1
172
0
0
1
74
109
7
50
72
0
0
972
17840
3
38
1
2
415
0
38
1
0
2512
0
35
0
6
0
24
2577
0
561
0
1
279
0
1
0
0
0
0
2
0
54
4
0
0
0
2
83
314
2
12005
0
0
0
3
0
243
4
27
29
3
304
1
5
2276
24927
2280
2
383
0
9
457
7
142
84
1
0
9
0
0
0
0
0
7
4163
0
151
1
1
81
0
210
0
0
0
38
1
1
2
0
5241
0
0
30
0
299
28
0
0
309
4440
0
0
0
16
0
665
0
284
0
0
28
0
1
1
1
2
101
300
11
9
5764
7
212
0
0
2
18
0
1
6
0
26
0
2
1
0
1992
0
0
0
0
11
5856
15
0
0
174
2
0
0
2397
13323
7
26
0
0
0
0
953
12
193
0
0
195
93
355
4
11
1
0
0
1
3
0
1
1093
1
0
40
0
0
3
38
8442
1194
2
0
0
42
0
0
0
0
0
0
0
0
10
0
19
1
3401
8
0
28
0
0
4
0
0
0
9
0
0
0
0
2
190
1
3
8
0
0
0
102
0
0
0
0
3
1
43
5
1
13708
1
1
0
106
1
2
10
0
17
455
2465
0
0
0
13
0
56
0
0
1
0
0
76
1
6
0
96
47
0
0
1
7
9
2301
0
0
2
56
28
0
0
0
2
147
1217
2
268
16
1485
18
1
3
3
11
1
0
5
1
444
3
9
0
0
115
24
0
1
0
0
0
208
2
30
216
3
3
372
0
0
0
0
20
318
4
0
235
0
1
35
0
8383
0
2
0
0
6
12
191
0
0
0
154
2
1
5
1
245
29
5736
1
1
0
1
71
75
5
0
400
0
0
0
2
5
5
52
1
6
0
0
13
9066
0
75
0
0
0
251
5
0
49
673
0
0
21
8
0
3
0
15
123
19
126
49
0
72
1
1793
12
0
0
224
3
2146
8
0
223
1042
0
43
1
0
1313
6
5
7
0
0
0
0
3110
170
11
1012
2304
2
9
0
25
200
0
107
3
201
17
4
14
36
0
68
0
8
0
0
0
1
0
1
2
49
24
1
0
0
0
48
0
5
0
11
1
4
3682
0
0
0
0
0
0
0
0
6
3643
8
0
848
0
1621
0
0
0
0
0
1300
16313
16
0
1076
0
0
1
106
1
0
0
775
0
0
1880
0
0
0
0
37
0
1
0
135
3782
0
194
190
516
7
2
0
0
0
0
2
391
0
14
0
1
226
7
13
0
0
1
1
1
0
40
0
0
50
0
11
0
8
133
0
1
1
0
26557
0
38
0
27
0
1
369
1
30
1
0
0
2
0
2
426
182
1
18
1366
1
10
4
287
1709
133
6
90
2
0
1
1
837
11
0
4
83
0
4
0
0
0
0
3673
0
5
0
10
7
82
158
0
3904
47
0
5
0
147
20
0
0
20
1
23
0
0
723
0
0
42
930
1230
0
57
8
3
102
1268
120
1
6
221
15546
0
0
0
16
29
8203
3
0
45
1
32
2
0
0
5
1126
0
0
6
136
4
1786
12
1
46
0
2283
1
1
0
1
35
135
6
9
314
110
290
1
2
0
56
0
5
1032
2
8057
133
7
0
1
1
19
0
2
364
92
0
1
1459
0
2
65
169
0
3074
1
0
0
173
0
0
3
113
9
0
152
2
33
0
5
6
0
0
6
423
2
5
0
7
16
10
1
0
0
6
7
0
0
0
0
0
0
0
0
0
0
0
0
34
172
50
72
128
0
5
52
1
157
261
0
0
120
1
22
0
7655
2
1
441
33
530
469
2
19
0
0
197
3
5226
0
0
2
55
54
0
172
1
5
0
0
0
1
1
177
2809
18
0
0
9
340
9
0
5554
0
8598
54
0
39
0
0
0
0
33
31
5
0
6
1
0
31
90
119
0
26
12042
31
15
24
1990
23
1
24
0
35
9
1
1
38
9
64
0
1
1046
1
55
1
0
0
77
22
0
8
0
10
514
36
0
8
0
0
36
0
77
0
2
0
0
0
0
7
0
0
59
0
0
5
0
0
25
2
1
0
18
0
0
0
19
18
17
11
0
7
591
25
2
2
2
0
3
0
2
0
41
7465
52
31
1
502
354
4
5
0
1
0
21
3
230
846
229
0
0
0
148
1
19
0
0
1
0
0
10
0
0
0
4
0
0
1
0
0
167
0
8
0
0
1
3
118
3
446
1
0
0
0
5
0
0
3037
2
0
0
0
332
3
33
1
0
44
0
1
701
0
0
0
1
0
1
0
151
0
4
9
2
0
18
0
1
1
178
0
1
1
15
0
3
22
5
0
0
0
5
1
8
0
70
10
0
0
0
0
0
0
604
0
10
13
28
17114
1
1
0
5
1
260
2537
2
1
0
4
0
1
2
0
0
0
38
107
9
0
3
0
0
11975
1
0
0
0
32
0
0
0
2
1
389
124
0
6
35
2
0
0
245
2
11
0
1
821
0
0
0
2
49
0
1
0
0
0
301
7
270
317
355
2
6
1640
1
0
0
0
30
3
0
147
0
0
0
89
1
2
7
1
52
1
6
3114
1
368
0
8
0
1
0
44
0
127
97
0
1
274
0
1
0
0
736
33
34
0
1
18
2
1
72
14
254
11
1
2
9
30
1
0
3547
0
0
361
6
0
1
86
0
2
0
545
21
0
0
0
43
2
0
0
0
0
43
0
0
2
6
2197
0
1
49
46
2185
4
0
0
0
12
1
0
0
88
0
14
16
1
47
0
1
73
0
0
0
0
0
4
2
8274
0
1
0
2
0
0
2
2
93
0
1
0
0
0
708
0
300
85
0
0
0
24
3
243
0
1103
1
0
2152
286
6
0
7
1
105
0
436
23
2
29
0
0
0
1478
0
0
1
0
829
4
0
2
7
21
18
0
1
14
1073
0
0
8426
0
624
0
0
489
1
250
0
0
258
17
0
6
315
1
4341
1
2
0
423
4
1
0
321
44
2
31
152
136
214
0
1
0
1
0
36
2
1213
20
0
0
68
0
0
4
43
2
0
0
0
0
0
1
16
2
0
354
2909
22
0
3
0
0
1
289
37
0
0
0
2
1265
0
0
1
2
0
53
25
16
15
0
0
66
17
287
314
160
154
38
40801
11501
33680
994
147
19632
6526
147
5021
408
21517
185
87
218
87
408
38
3293
994
3484
1786
11945
28692
87
1612
320
26858
3775
21965
19242
62
4191
40311
169
38
1621
169
1060
1276
11
3309
18126
274
30383
185
147
509
2184
320
37782
38
5104
6
398
38
7162
0
169
1887
23253
287
2
124
5260
0
1
306
574
2901
26
2612
26004
4797
0
133
2233
26922
13447
211
32
3972
67
0
3
113
305
34986
2111
5367
513
26
1196
46
8365
79
6079
1624
43074
30
5
40653
7163
0
11105
8
5746
96
1
2233
706
9
40
1763
19
18913
326
0
263
11282
16
4135
1252
40
45
224
11
3439
6321
78
315
501
1
399
0
3
94
0
747
8835
2
5
17478
53
11924
1
0
117
3789
576
8
13
6957
0
17
3350
1
8747
47
13447
3822
1
109
0
19
1100
132
837
609
1
128
53
80
4935
3
1473
21
2
0
0
3
0
901
5
156
938
9955
40
0
1
0
0
0
2
33
9
2
5
8537
1277
1
2
118
0
2
75
141
0
200
2733
14
9
71
876
2684
84
44
209
1
802
625
716
176
0
889
27
175
0
10663
267
1
21
4
96
95
14
4
8873
221
20
0
99
0
128
5288
176
82
39
0
3
319
43367
9254
65
3
343
0
3
1493
0
2069
210
10
5
1
467
0
1
265
0
181
2803
0
0
5
534
323
4
1641
65
69
7
49
1
0
27
197
0
7387
3
0
0
1054
295
235
0
203
453
0
2
4
686
0
2
550
23
77
12
3
169
976
28
330
141
1
8
1164
382
157
89
0
105
0
41
17
6
1225
0
9935
0
38
48
0
514
0
1
0
137
6
9421
0
939
3
2
3
0
2967
797
0
3
9
402
0
841
10
0
475
2
0
17935
0
77
0
0
1
7
0
0
1968
1
330
1
22472
1666
2
1061
1
0
2
65
662
9
5
1
14771
2
804
0
0
29
1113
191
2
0
2
12
0
0
3
66
13712
0
1
0
59
10266
15
0
30
135
1
34
7
4
7
190
103
0
53
73
11
2
17
2160
8
65
0
10637
13
0
10
49
11883
0
1
4
3
8
188
352
806
411
33
0
2
1357
3
24
497
0
0
24
0
0
1
0
5
0
0
2383
4930
0
17
3
27
0
0
63
0
0
3
4
1
4
0
1
3
6
0
2
4574
1
0
0
0
300
0
3
157
278
0
5268
0
1
0
34
9
0
0
16
0
0
14
0
5
1
1
1718
6
6
1
17
0
96
1
28
8250
0
110
4
1178
351
35
0
68
1400
25
4
0
3
13918
2117
397
50
6
26
2
28
1681
137
1
1690
2
318
109
0
137
6
0
61
0
0
37
51
235
0
125
0
0
0
5588
60
19
16
253
1134
249
0
11
73
2017
206
0
0
0
50
0
3
85
10
102
1
4672
1000
0
0
36
0
0
0
1680
27
7
0
0
1
0
91
0
0
547
74
189
1
1175
1
8
477
20
43
3752
53
815
0
82
111
201
145
335
1
3
10
7
4616
46
57
3
4
186
0
0
0
3
0
389
0
0
5
8
254
4
12
135
3
4
3
0
3
0
0
3
15822
4
0
196
1585
28066
0
3029
109
178
51
0
1
16
0
0
632
0
0
8
1
0
48
1
4
0
1499
582
11467
40
0
0
3
5317
694
0
301
0
1345
20
0
0
1
60
0
117
0
0
0
0
62
0
0
43
0
7
1
22
210
5
108
0
17
5
292
740
15
0
0
18
91
2272
0
15
1
0
15
30
761
11
0
0
3498
0
8
0
0
9
1
3601
0
2843
1
709
4
10
722
2360
0
26
0
0
2
0
18
14475
0
2
11667
4
0
1416
489
3
4732
0
67
1
1
53
300
1833
103
0
10057
0
0
0
0
2297
1273
1
159
0
0
7538
0
249
0
260
1176
0
136
13
15
2
0
58
389
0
238
1
1
0
15
26
1439
1
17
0
172
0
0
0
0
22
2
19990
1040
2
132
49
448
0
95
599
47
2
0
1
5
0
8592
134
0
16
126
0
4
0
0
0
0
5593
0
11
567
0
115
0
0
0
29
0
2
36
112
334
0
346
0
18
8
34
0
3
3
0
43
0
264
0
84
1237
2
0
0
6
13
146
0
108
11
0
0
1
0
202
2
0
0
0
1
52
5
1
228
11
6
0
3627
1083
1093
0
32
2196
47
0
0
0
0
0
31
10491
64
13
77
1243
1
1
0
18
46
2
488
0
23
2
1
0
7
2260
34
0
0
25
142
0
4
1
0
1
2
0
367
1
0
213
0
0
0
2996
0
259
188
0
552
5
0
0
0
2
781
0
639
0
235
2
14
875
1
4
322
0
0
554
0
0
71
0
1
2
2
390
0
1
0
11
2
4
4
0
0
1
114
3
0
0
632
0
0
11
0
5961
0
1
1
0
1402
1
260
1575
7
1
0
0
1
46
343
7
0
0
3
47
94
7
956
0
0
350
0
41
5
0
1
62
5
4
0
2
0
0
1268
3
0
469
1
0
0
1
895
0
25
1036
0
134
37
33
0
58
13
0
5
0
1
0
1
42
0
0
0
11
0
0
1
3
21303
1
3
321
0
0
0
0
0
0
0
2911
0
0
5
3
22
2
594
0
30
39
0
0
2
4
1
0
55
3
0
37
2
1073
0
3181
301
5
0
8
0
6
18
11
180
9
0
0
0
2853
0
1
2
0
2
0
4
26
4
0
665
5
13851
2
1062
42
0
0
2
173
7
3
0
0
51
0
0
0
87
817
1016
0
3
24
2
1
147
0
6
1
13
3
0
1
0
0
36
2
477
307
0
9
0
1
0
0
1
0
1
0
298
514
0
82
546
8595
298
1444
46
0
57
1
0
0
0
0
1
427
5
6
0
5
9
3
76
2
4
27
24
2834
32
0
4
93
1
232
56
2
6
128
1
34
0
2
1
7
0
2
188
0
0
0
0
1016
926
0
604
32
1154
1
103
1
0
0
3
7601
12018
0
2
716
6469
1
0
83
0
50
0
7857
0
0
0
13
7
0
0
0
0
0
0
0
1
416
3
26
20
112
1
824
0
29
2146
0
0
0
0
0
121
576
3330
699
1
10355
61
4
0
0
0
0
12
13
382
0
213
59
0
1
148
156
0
3
343
1
82
2
4
3
0
181
0
4
3
30
1305
14
4783
34
1
9207
15
0
561
9
9
0
12
0
8
0
2
4
0
0
44
0
0
11
8
0
0
0
0
45
4
0
51
1
17
176
0
490
0
173
0
0
0
0
140
0
0
0
0
4
87
4
0
317
0
1
1
35
0
242
1
2
0
1
0
0
3838
0
4
207
176
0
9
3607
11
4637
0
87
1
63
7
1
18
1
0
0
54
6
2
6
1
0
1
0
16
2372
24
15
0
1
33
0
0
1
662
5
3
0
0
1
0
0
81
0
54
56
11
0
48
164
12
0
0
0
0
3
0
49
94
0
0
157
0
3
1
0
0
0
1
1
1
231
3
3204
1
8
1
375
0
4
8
2
69
0
414
23
2459
0
765
368
0
17
26
39
203
4
252
2
2
1
0
30
2
26
10
67
131
3689
1
2936
11722
2
126
0
1
0
191
0
26
16
3
4985
1
9
177
0
1
6
8
0
0
2232
1
0
0
8
9
0
76
49
0
1
0
0
1
70
1
0
2
7
5010
3
1
0
790
1225
0
0
0
7
1
1988
0
802
0
0
46
0
1
260
0
292
279
0
402
0
0
0
193
0
0
4
203
0
0
3
0
26
22
2
19
0
0
0
11
24
6
0
15
0
0
3475
7
147
0
1
48
0
49
328
72
0
2
285
252
621
34
2234
0
3
0
35
8
16
0
0
129
11
220
3
1
0
1
18
8
0
0
167
11
990
147
326
4
3
0
0
82
1277
0
0
104
16
3
8
1
1
0
1268
1
1
0
0
26
136
7
11
1
1
21
19
209
0
55
3
1
2738
0
3
2
0
0
3417
985
73
0
92
10
0
0
0
37
0
2554
1
222
2055
641
43
0
157
0
0
40
9
98
0
2
0
1
44
2
244
28
7
2
342
0
1
42
2
0
2089
2192
1
0
0
2
12448
0
5
0
55
0
2
0
9
391
4030
1
716
9
266
13
227
39
3
1
167
0
3
0
11559
0
450
0
142
0
0
0
7040
33
23
1
0
28
3
0
5
349
1195
2
0
0
0
2935
4
469
31
0
147
7093
2
600
51
12
17
19284
678
319
0
1
900
121
17
142
6
0
0
777
39
0
0
1
42
1
28
35710
0
0
0
47
0
49
14
0
16
0
149
3
36
156
259
2
129
1
17
0
2
12
3
1661
5
4
1383
16
73
0
3
0
1
3705
4
6
0
51
0
1
0
1
1355
644
10
1
0
0
0
190
0
54
175
0
2
7
1
2
0
181
0
1
0
2656
0
15
1
0
0
0
0
0
66
1
0
0
0
2
4
1
1
11
8
7056
1
6
3877
2510
0
0
2
1
5
48
374
1
766
0
9
0
1
2
311
0
19
2
1
4
0
11
1
16
65
0
0
4
2
0
161
47
0
10
1085
0
431
0
0
0
690
3
23
0
0
0
0
161
0
9
0
788
0
93
20
0
15
4
502
44
36
2
0
65
0
4
130
15
408
980
69
4
1
350
0
0
1
1
874
223
0
0
1
4551
0
0
3
207
107
44
1096
1
2
1
6
272
127
27
13
0
1
0
0
1
2360
1
0
0
6
66
18504
0
2
106
0
0
59
6
119
0
0
186
1
3
109
12561
0
0
0
190
779
104
0
0
0
1973
163
10765
347
1
20
0
0
14
12
1
0
469
3
0
122
22069
23533
13755
117
169
117
169
4191
5302
1621
440
38
19886
2265
6790
3697
5211
39693
5104
1887
3623
185
13323
5104
8028
38
169
12859
5211
160
163
7637
274
12859
8528
4066
1882
19523
6
62
6
163
4238
12859
876
12859
3484
6411
160
116
440
1420
10125
1887
320
842
83
12859
0
2722
73
22
320
16326
6
395
1043
2352
210
42
210
791
0
5
595
8
115
36
565
47
577
0
274
40
3
2194
41
310
1
1
8
3857
6
153
7092
6
2015
136
2791
3856
1600
15097
2218
309
31
7092
2
4950
5897
7746
22
532
9998
72
595
9465
16761
40
19786
0
1546
425
6
20
4329
209
872
437
11160
1573
1211
224
508
159
508
5
3199
19
1
33
315
1
19121
2336
2
2164
19378
26705
20
0
2252
0
12
675
170
57
1460
0
3
15
2
110
2
1
4
114
0
2567
0
3
1179
14154
401
4
0
674
2
20
1
17778
9
882
0
1
1
29
3
0
17
0
240
102
5121
0
0
32150
0
231
0
0
5
26
8
4891
2
31
156
395
0
1587
121
2505
1
0
471
2
0
0
5829
13740
9
8
46
3
10
0
11
87
1
0
668
213
646
483
4
1
5014
2
1535
397
13
0
8
8
0
820
53
6997
0
5389
0
0
17
11650
4772
2113
3
0
375
79
33
430
33
1365
7
93
20
1862
2956
20
49
334
3255
64
218
247
1587
1109
36
117
301
0
1572
173
0
129
1512
2260
1
4
0
2
60
92
5
71
2170
197
21
1
31
4
0
4298
13
5879
18
21
0
1551
24
3366
51
3
57
4595
15543
14740
1121
94
1
446
318
101
262
430
262
177
0
2
52
4874
42
887
96
337
8
2376
1
901
515
880
1
3
10
92
12
2
10
16
53
0
305
12
8
291
156
0
260
5
77
1415
0
258
3280
1
12362
13
48
102
229
128
0
54
3
0
2
2
0
0
1719
26113
51
1
0
64
84
155
60
500
67
254
0
0
0
105
2409
0
0
0
13679
4
1464
7
2071
0
1407
0
1895
13
1
1
13
0
0
3329
0
2
0
13
15
7
0
3
16
52
0
3
76
1253
7556
5
36
1836
852
6
0
7
4681
486
423
0
1
0
157
50
9
3988
0
4
0
0
0
0
0
3
702
0
2
0
2258
0
212
158
12
0
8
0
1
0
0
121
33
2
2
113
26
0
0
2
0
10733
1
5942
0
0
27
2778
1
854
3
0
3
26
125
3
1
7
1450
0
70
0
35
0
0
705
771
21
394
2
0
308
4819
0
4
5
0
7
0
245
3
27474
39
36
0
2186
1939
193
280
0
0
53
9
1334
0
29
2
40
83
118
23
0
1538
2540
125
0
6
3
18372
15
277
4909
4343
7
0
57
0
1
2
12
1
653
127
53
1
1
0
0
0
7
0
0
6
57
0
2
0
0
1164
2708
0
2
0
2
0
92
653
4002
6
28
0
34
260
11
113
106
32168
85
5
9188
9528
0
1331
0
0
0
53
0
3
16
20
3
2141
0
2
28
434
22
5198
4828
49
54
1
200
1641
3
3
1
0
127
4
51
1629
19
26
4169
0
0
1
20
0
1151
468
0
0
10
0
0
0
16
10804
126
752
4
1184
1678
152
228
0
1149
0
0
6
9
2399
0
3
245
0
2639
2528
316
3
7
9
2
8
0
607
0
1
0
1152
635
3
56
0
1
0
2
1
0
6516
1
5444
872
82
408
0
61
17
43
1625
1
210
982
25
1768
0
0
0
229
1
2
2984
1
68
27
8258
169
1
15360
26
1
211
189
53
118
3
5
85
13
94
804
42
9
1
3
0
0
389
13
3
229
819
52
0
186
12
0
0
0
3
56
0
1
45
445
155
1
5
19
644
0
0
0
690
30
277
2
417
9287
0
2
0
98
0
0
44
1
102
32
2
0
16
327
0
0
1065
55
0
5
28
500
3
1
104
7
338
73
192
4
16978
7
0
683
56
0
3
39
5
663
0
1432
612
47
357
10
66
277
0
1
1
0
0
2092
35
3
0
0
0
67
0
0
14117
94
18
0
5
17
0
0
1
28910
0
137
572
3
0
168
170
5775
194
7
0
63
3045
1
0
1
0
6
487
2
2
14
207
334
1002
2
1
1
220
20
0
42
3
177
0
3
0
0
2857
564
8
132
3074
0
9
3
41
0
1
0
0
24
1444
23688
7
0
0
0
0
8
95
1
0
12
0
78
493
33087
861
1
1
0
0
860
1
52
3
6
6
663
0
6
5
3
2
346
5
0
1
8644
0
36
1307
3
0
1770
391
13
0
3
52
6
1
2
37160
10
2
0
0
2
3605
2
0
48
0
0
102
43
1317
1
0
0
0
0
36
0
534
560
59
0
0
42
0
189
0
0
0
19
6
15
212
1052
17
1634
35
0
1
1
0
64
30
5
29
2628
4704
0
0
202
0
40
0
394
0
2712
0
4
0
32
2
0
7
4950
0
6765
29
2
0
2
884
87
1
110
62
163
0
1
0
0
65
0
0
0
0
32
0
0
0
61
1553
0
0
0
4
2
0
2617
522
5
128
0
9
0
14
0
686
318
0
44
29
0
0
0
15
7
0
55
0
3134
133
303
218
2
325
0
7363
750
2
2
0
2
5
66
1699
1
70
0
14
49
0
6
0
0
2
0
0
0
4
3
107
0
214
78
817
330
10
1127
9
2
0
1261
1
5
0
0
51
8
0
797
0
1
0
108
0
23
0
2
0
0
0
6
166
159
1
1
329
8
300
0
2
0
2
2
6
1324
0
645
289
116
5
1
31
0
0
0
0
1
1
0
0
0
165
0
4917
0
668
32
6408
0
40
4339
2
34
0
7
1
530
30
104
3
5
533
165
0
3
1
16
0
226
2
10
0
71
17
1
0
0
33
0
0
1
0
1
0
0
4
0
170
0
48
173
0
52
24
0
0
2
0
0
2
53
0
194
4879
407
0
1
132
51
729
5
0
0
0
0
249
1
701
1
0
2
4
20
408
0
1
0
25
0
209
0
496
0
0
14
6
1
0
0
23
159
0
29
5
402
0
0
0
1407
0
6
7
0
0
3
7
15300
0
69
0
0
9
0
7
1234
0
3
4
3938
0
0
3711
2686
271
8
19
0
2
2
0
0
0
0
0
0
2
0
0
17
4
837
130
0
1687
75
0
16
0
4038
1
6
0
0
88
0
0
2
0
1
0
1
15
1
486
6
291
121
0
1
0
744
0
0
983
0
0
0
0
23
272
1
0
0
8793
0
0
337
49
9
767
0
50
0
6
241
63
1857
6
6
1
378
0
2931
13
0
0
1045
0
0
15580
2
70
7
67
0
1399
11
0
0
14
0
25
3843
299
0
7
2
40
0
4
0
7
0
6661
0
1
88
0
0
0
0
0
0
0
0
1636
1384
1441
519
265
38
265
314
23
0
9
1
0
236
31
2
0
87
0
3
0
0
13
8
0
5399
3
0
7362
1
55
2
215
18
5214
1
1
0
3
1
6
353
1
1
0
1
5328
3
0
0
0
0
15
1
172
0
22
2
0
2
0
86
700
0
0
867
996
0
1
404
5385
0
2
0
0
287
0
0
0
11
0
0
10
0
8
61
6
105
0
750
429
0
0
14
10
0
10
271
18
811
1
0
152
6554
7
4
109
0
2
45
373
1115
752
0
0
47
0
0
0
0
39
14
0
25
0
26657
17183
0
2
2
353
181
0
0
10
356
0
2
16
0
0
225
31
1
2
0
3
9
3094
11
0
83
1
0
51
0
1
35
129
0
0
0
3
22
6
5
0
12
5
0
0
0
10
370
3
0
1
9
2
426
0
0
2
0
0
0
0
0
0
1299
190
0
70
1
24
1
0
276
300
12
1
2508
3
2
0
33
1
6
0
0
71
167
3
0
0
81
66
0
2
1324
188
0
192
5204
1
0
37585
1
627
0
2
6
1
2
99
0
0
2
2
467
0
157
19
3
432
0
36
2
0
0
1
0
0
1
389
0
420
0
319
0
8
7933
4
0
21
40
4
24
11
681
55
0
0
0
25
0
0
3
0
30
0
4
0
25
736
0
13
0
0
0
57
1
1
2
480
8
2468
3
1524
0
278
0
0
9
441
2
0
131
419
1
0
0
0
0
13
0
39
1854
0
0
5
0
8368
2
6397
1
53
0
89
87
0
2
2
0
44
10
85
32
1
0
4
1
6
174
16
153
4
8
31
0
0
0
0
150
2036
1
11
10
11
1991
68
1
2
0
4
0
2
15
61
11
11661
144
0
1622
0
0
5
0
0
0
0
1
1
0
804
0
4
1161
0
260
1
11
21
311
14575
661
0
1268
0
1094
0
3
0
1
0
30
120
1
0
0
0
0
0
9
9
0
0
8658
2407
4
0
0
1900
8118
0
3
7
1
3
1
0
6
0
0
5
42
0
0
0
682
0
0
0
0
587
56
3926
0
0
5
16844
544
0
52
66
1
1
15
1069
2
15650
0
0
0
2
0
0
14095
2
154
235
0
186
10
0
28
4300
38
7939
5
0
528
7
262
0
0
0
0
18
0
2
1
7
44
0
21
0
10
2
100
14
1
4
220
0
1
0
0
42
9
926
50
0
17
38
32
1079
3
0
0
1900
428
643
1
1024
125
9
12
0
0
1
7
0
0
1
0
4
22
0
1
7
10
154
0
8
207
1
0
8
32
0
510
2
66
202
22
184
1
0
79
0
244
2
20
0
0
0
0
0
10
0
4
26
62
15
335
0
25
35
482
26
0
1
0
0
0
0
1637
0
1
37
1
9
13
1
0
2
1496
0
0
2
1
0
0
5
75
0
1
0
8
0
0
52
22
3949
0
0
0
0
385
77
13
1
0
134
26
5
3
0
32
4191
8294
4379
19987
147
320
5211
6
22
16597
4343
8244
6361
13007
7347
1877
8244
1060
25743
994
994
16173
9387
12954
917
43480
2062
147
621
5104
30326
2357
21369
38
1621
1646
21287
32064
5101
87
11658
16541
40643
274
35322
6
4343
16824
10268
12766
4298
38
147
16483
17062
21936
147
19313
1379
603
14148
1420
3567
5104
962
391
43
9
1189
24940
68
0
310
12143
0
13
3826
0
4
585
7
4361
0
2568
0
25
980
170
2
6
665
3165
1
103
2
1
48
4
5
32
3
9
165
1447
6597
439
7
1
173
6274
923
4
61
5
969
7
6090
1
45
1809
6722
3242
3767
68
42
652
2
28050
0
14
203
1807
6
0
42
0
57
238
1604
478
31
4326
0
18
1
10023
1
1
11313
38
265
0
0
4505
14
2
1943
27
0
85
359
19
19
1859
20
5
0
0
437
3917
17
217
3879
314
2
90
1
7331
3057
5316
11148
8272
2248
12
1
1
1
1726
24821
0
145
78
0
4
1
0
1148
10
99
752
0
0
7
5815
350
1
101
1048
101
7
2
1882
0
0
43
370
10947
10
42
2928
0
2389
429
18
4
1607
1606
4
5
0
4659
3463
63
0
104
27
6
318
17
2
8
77
1
1012
4
5
19
134
152
11
10
12
0
689
10696
171
8133
411
6
7544
7
311
287
3237
2
2
0
57
310
83
24
43
1331
13
2993
0
0
191
55
51
63
2
145
0
0
657
1
1
21
0
239
0
19
3
3
1
0
0
229
0
7
1199
0
25
4092
0
0
0
150
29
0
260
15
0
9209
3
38
0
3
31
1073
7
52
1501
14178
52
2
1
615
131
2
4
177
1760
0
216
3006
0
0
0
0
51
0
7
177
2325
0
0
67
78
0
4
174
0
3
0
4393
60
0
10
1088
2
4461
22
216
6030
1230
0
178
3
17831
1652
14
12
1224
0
0
343
17
1
0
2
3
36
2
2
0
14
2602
1
9672
6
1816
237
0
447
4
2775
3
2
0
0
0
4
0
0
0
7
20
0
265
1127
17
173
19
10
0
7
0
6
0
22
0
52
0
0
0
0
373
1293
0
0
0
3
1544
0
2125
5008
0
12270
0
0
10
2357
1
52
0
0
0
0
0
0
1
1
47
278
1
0
4
0
64
1
1823
1
1
0
294
0
11
32
60
259
0
0
678
0
0
14
1096
2
0
0
0
306
0
0
2
4
34
4
9
0
1233
10
0
0
2385
536
0
2
3
488
1
557
70
437
0
0
0
253
25
2
7
0
0
11
0
1
0
4
16
0
0
0
0
23
10
1
44
51
0
0
0
35
0
128
131
142
2
39
4
0
0
5
3
204
1912
0
435
1
26
0
5
745
591
0
1
0
0
0
2
0
0
1057
1
1
21
0
1
2969
0
2
0
21
18
0
1
16972
0
1
1
51
2
0
1051
8743
0
154
1
0
366
1450
0
1
1
5
15
19
50
51
0
1
0
11
5
2
2
0
7
152
39
51
0
148
6
6
13
0
216
0
0
23
1
8579
8
13078
32
16
75
10
31
1
3
12
0
0
3
1525
0
0
2162
1
1114
1205
1
228
1
19
4791
3
56
0
1
18
0
0
1
0
292
79
0
0
1
0
263
2096
1
0
7124
1
5
91
20
10
12
0
1260
2
452
0
1
21
0
1
1574
174
13747
663
2250
185
0
1701
2
2196
5072
0
0
301
4274
2
0
0
603
1
17
19
123
0
11
1
2090
1
0
0
3
9
4
0
9293
0
1
16
17
234
0
69
7
0
440
4
1
27
2
3
0
0
59
3
2
0
0
113
3
1
232
12
6
196
8
638
5
8
0
51
0
187
0
127
0
0
0
0
1019
0
0
26
0
0
1
0
2574
11
0
0
5439
249
0
0
3
3346
1
0
7
0
3947
10
0
20
267
5
0
21
3
0
6128
45
14039
17
1
754
0
0
228
1
1
0
0
1
10
65
232
3
0
7
19
2
0
13
0
0
0
1
0
0
21
288
154
543
0
0
104
0
56
166
5
2
1
32
6
0
2
10
0
242
535
24
461
0
5
86
1
2
1
3
137
38
15
3
0
8
944
427
5
202
0
35
0
3827
0
12
0
3
1
744
13568
1
7127
0
1
1
0
344
5
2
123
3100
0
5
7
0
1
13
321
0
4
2
0
711
474
27
6
0
9
13223
76
1338
12464
2
5
106
35
0
6767
149
15
3994
11
70
0
0
1
2
1
16
0
9
9
0
10516
0
3
1
157
0
23
1
0
54
599
46
45
21
122
9
0
0
81
1000
0
1
235
0
0
16
2824
4
0
148
35
61
0
0
1
1
117
0
2
176
0
0
1178
26
0
17
199
0
719
0
0
1
31
1
3
0
0
3
1
4
2
3
0
0
130
45
1
0
0
20
69
63
3
56
0
0
1
0
0
1655
0
8
0
0
0
5
14
11
4
68
4
0
139
7
2493
6
4401
0
0
3
0
0
2
0
0
202
2
126
312
2
2
0
1
0
0
2
0
53
0
0
1223
59
0
8818
2
109
0
1
22
249
9
179
0
0
0
5
2
1
70
82
4
6
3
3
177
36
0
13
33
5765
0
503
74
56
5
3
41
9
0
15
0
0
6
1
1
0
5
0
1378
0
1896
2
0
9
1
402
0
18189
0
759
131
31
349
0
0
0
7
1275
171
1
1
347
1
42
6
1
2
9
24
0
7
0
1376
7
5298
20
2516
16
381
0
12
1157
41
83
35
1
0
0
2369
813
35
2
0
13
1132
12184
1
1
954
0
13
5
1
7
351
439
3
79
4
0
1
649
0
0
0
21
0
3076
56
9602
24
1
9
1
1
66
0
28
0
0
0
0
34
0
0
1
172
3
64
0
43
1
0
1
0
2
5
0
0
3
0
3
0
2
24
1
3
1
220
1186
74
9
2
615
0
3
75
0
24
97
877
90
14
10918
0
5
48
0
0
67
3
241
1
26
0
0
2
0
17
208
0
0
2
3
35
0
5
4100
0
53
1
24
1
0
37
0
0
14
30
0
0
20
1
9
759
0
0
9
0
2
948
0
0
1707
0
12
1
1027
25
0
0
1
0
0
0
0
5053
931
1
5
0
11
0
1
12
3
0
6
1
5
3
1
732
4
0
5473
0
7
34
0
1
75
6
38
24
31
5087
0
0
481
752
2720
548
95
16
0
0
76
0
4761
0
3855
0
5
4
169
0
0
10
3
12
2
1
0
2
17
40
2
1059
7661
6
1
2
1
4
17
1212
0
11
8
8
0
5
0
4
11
6705
90
0
381
237
0
0
4421
1
12
7
0
0
0
2
2623
3
2
0
0
1
3
1
2
24
1
10
32
0
141
0
0
4
2034
0
4
362
16
0
53
582
2
0
1
464
0
0
2
15
0
0
1
0
2
0
9
1
1
35
0
0
2
114
0
1556
5478
1
32
0
0
0
0
3
0
3
0
0
16
8
3
759
0
0
21
3
23
0
122
2
279
1
0
11
3
0
2
2
9
18
5
0
0
49
3
1260
0
0
761
0
11
533
0
14
1
0
0
0
8
2
0
16
757
0
2
218
0
0
0
48
2
428
205
0
1
108
7
1376
1
11
94
0
42
15
0
0
202
680
10
1
2
8
0
0
0
19
14
144
0
0
3
23
13
0
22
0
29
0
18
1
5
0
0
0
0
0
0
134
1
7
0
0
5
4
0
2
11
0
0
85
13
72
1
61
69
8
0
0
11227
0
79
2
23
7
281
4
9
604
548
1
0
0
0
5
0
1480
332
0
0
3
369
0
0
58
513
0
1538
5
0
0
11
0
0
1426
0
0
1096
2451
24
0
9587
85
204
5
2942
1
2
39
383
4
1
21
0
0
11
0
0
0
3
1
0
62
576
0
0
7971
0
0
383
0
0
0
61
137
0
1715
6
0
9
15
4
317
0
0
569
267
0
9
1
5
2
0
0
627
4
0
0
864
23
0
0
43
118
8
52
2
0
45
287
0
0
0
1
1
0
0
0
1
2294
1
33
0
0
4
6
9
0
299
0
2
0
0
3455
0
0
1
0
0
13
909
1
3
47
69
47
0
0
4
96
3
0
7
1092
64
14
1880
1
0
36
4
17
1
812
4
0
4
1
1
1
888
2
204
0
0
3
0
0
0
136
0
1
1
0
1
11
25
27
0
4
0
0
71
1
46
0
0
37
188
1
0
8
1
23
0
1
0
95
2
35
1
230
0
0
26
3392
0
11
4
0
0
744
2
409
0
7
2
0
4
4018
134
3
90
7
0
3
11
0
4068
0
995
2
1
0
6
1
403
2501
2
50
107
1
1
1
0
0
1
0
41
0
1331
0
0
1142
0
8
2
3
1
0
1
190
2689
0
243
0
0
0
123
371
0
0
2
234
17
11
201
0
2
20
0
2
9
9586
0
1
0
382
281
1527
0
570
108
0
833
0
7
123
0
2
0
176
34
0
1
5213
1
17
0
40
7
18
14
0
480
78
11
0
0
0
65
0
2
0
0
0
0
0
3210
0
0
0
77
17
14733
5190
5777
0
0
1
0
1
0
1
9
0
6
693
1
5
0
612
2
14
3
0
2
0
37
2693
12
0
0
0
0
25
786
0
1
2487
93
0
2226
1260
0
8
8
0
3
0
106
0
2
1
0
263
0
2
29
0
1
146
0
162
24
32
0
5
4
72
545
0
8
3
0
1
6
26
0
0
246
0
16
0
0
16
2
0
24
2
54
0
33
0
2
6743
4
15
891
20
3
85
0
2
6
3139
1
0
6
891
3
1
4706
9
0
1
9
0
6
0
383
6
52
2
0
3
2427
13
1
95
14
1
7
2
6
99
6065
355
11658
10783
12859
286
24109
19102
34163
138
5302
701
185
12751
15639
2949
21174
320
147
603
16541
17748
0
390
320
6820
14092
6
25805
61
36350
274
23459
43065
3567
863
14414
2225
3836
28903
3035
160
21511
4498
320
408
408
7689
14500
28
1887
12859
3628
1621
147
37675
20399
0
320
6
6953
12185
116
320
3
8433
1208
0
7183
12
3
26
13
81
0
365
2233
1902
136
5
5
280
4
2365
439
0
826
3
872
198
29
110
464
431
7
2
2
1
2
18
5
15782
6
5
65
1640
345
65
14
968
1059
5160
0
21594
40
6330
0
5
0
0
1
25
4871
110
27
1
10076
4832
131
701
10072
0
9
644
16472
95
14
303
763
1564
14
0
2705
0
18
0
323
3843
10976
5336
4284
20355
5
7552
1409
944
1078
0
1108
1773
4180
718
145
856
2189
4
117
10481
1
0
380
0
9
2
6336
51
3
4
6
66
447
19
7905
9254
35
118
0
392
22560
0
0
12
13163
46
1
0
1
1534
8742
5
6
3195
474
188
3555
5741
3
1309
50
0
56
2
6
4
909
22
0
3
25
123
7027
5
16
1
0
0
429
0
12
5065
0
16
1
1393
14574
0
21239
23
1
2
12
5806
183
140
4
2986
1018
183
2
8
305
2
1
602
0
0
281
5041
1
1170
0
21
0
899
21
80
37
0
20
269
2
19
5
12859
95
302
4
78
4
208
43
240
24742
3
0
99
0
0
19063
1
37
82
99
153
53
15414
0
8
23
0
358
10277
0
2314
12
604
556
1
7
11750
0
79
289
8
14
127
0
59
64
37
147
460
89
11
24
24
731
2
6
0
1
23
0
11
3
7430
41
1146
7
714
0
0
8
0
1
388
538
661
0
5222
763
90
0
1
11
1
0
0
19
0
0
0
8
3
3
1984
0
0
14830
6
222
2
646
3
0
4
0
0
0
7
404
305
72
89
0
1953
134
0
47
34
0
0
615
24
10
209
12
2
86
1112
63
0
14
7
4
4
36
0
792
7
1
0
5
961
0
592
0
30
0
0
1557
2281
7
0
4
480
4912
4
1
359
9
2
1
0
0
53
180
9
205
19
1826
0
0
205
8
1
1
0
44
117
365
0
0
1993
1
11
14454
93
0
15
3
2
0
0
1
0
0
2
20
0
0
14
0
0
1
0
1
21
328
18
0
36
0
6
6
0
2667
10
0
0
397
0
1
0
0
2
25
6
324
390
195
47
15
2
0
1111
172
0
0
13
2
0
0
8
844
0
11
232
1
0
53
24
0
0
0
0
36
24
6123
6
59
0
0
0
2
1
2
40
40
1
426
0
0
332
4
26
0
18
623
7
1781
0
21255
6173
0
2316
1
51
28
3
0
2
0
19
85
1
183
1
61
4
1784
50
90
3
0
290
6712
2
0
140
99
0
0
1
3
0
0
24
657
2
19
0
347
1
399
20968
3
51
0
145
251
0
3633
11859
7
0
0
0
92
0
0
1
0
77
24
14
1
0
0
1
39
0
0
0
0
0
33
0
10889
18
1
3
1
7
2
1
442
0
0
0
1
0
6
168
0
1
211
19
20
0
1
11680
0
0
47
2
0
0
0
315
220
2480
1727
33
319
0
370
0
11
2322
6
0
0
43
3
126
0
232
0
0
4
624
294
494
14
56
1
0
1381
4
637
315
7
0
14
115
0
0
0
2322
0
33
924
4959
1
1
5
0
3920
0
0
0
0
0
2
861
16
0
1313
43
2449
10
68
5
0
2
53
18
8
2410
83
17
13
2
4
0
7
1
74
3
61
10
1
30
0
2
0
6
0
8
0
16
11
0
0
25
18
1
0
0
119
105
5
3
1188
0
1
0
0
3
0
435
43
1196
67
0
104
0
0
4369
2
0
46
0
2
347
981
3141
14
2359
0
1569
9
288
0
2745
781
48
3
0
626
8589
0
0
3
2
0
0
35
0
1113
23
0
10
11034
20
989
133
0
1
34
12
258
0
464
263
2467
0
3
398
0
16
160
0
0
103
1
23
0
0
0
0
6
1
235
0
11567
24
6
0
0
4
3
0
4171
56
11
554
29
1
0
50
6
133
0
35
457
2
58
0
0
125
4
131
0
2
3
6
6
0
170
0
9218
320
0
119
9
84
184
1
0
4
6
1
0
0
35
0
1
4
0
4
2
1135
80
0
0
11085
0
34
0
0
11768
177
2415
10
15
0
1867
145
17
20
77
0
0
2
57
557
0
0
3
7
49
0
86
1041
1
352
2
1
120
86
92
88
1
2
6891
9
268
1
3
2
0
3
1
2
29
0
0
1
220
332
1
1
67
0
361
64
92
0
0
64
1
0
612
4
2
1090
2547
2318
14
87
2
11
1
0
10
7692
4921
5
0
11
165
1
8
12
14
0
0
0
12467
2
0
102
480
2901
34
1
5
3
1
7670
2
0
1
7
2505
0
93
0
0
1272
507
0
1
0
25
0
0
1138
2
18
0
0
0
2
0
0
92
0
2
0
1
4063
103
109
6
1063
0
4
39
172
342
4
0
1
0
0
5
0
0
6940
0
11
109
2365
395
0
1
0
2
0
991
196
76
51
45
6034
0
4
2
1
28
25
5779
188
1
0
0
12527
3
0
749
42
0
22
7
0
3
3
12
0
0
227
0
2
6
0
293
2
35
5
498
1
27
2
16
0
102
0
20
6739
108
0
1760
0
49
43
1
3
1
0
3
0
0
1
0
0
0
0
0
310
6243
1
10
0
18
0
0
4
1
14
4
1832
14
0
0
66
1
5
7
0
7
0
0
1
7
524
13
3998
0
15
71
1
58
0
30
0
698
1895
15
1
5
4226
0
3
5899
810
27
352
0
1
3
7
3
3
131
5
84
31019
2
18
18820
1
1311
10
57
2
3475
1
1
104
383
2146
4
113
0
0
2169
46
120
356
0
1
0
0
0
6
0
0
34
0
11
1
497
0
1839
4
3
56
19
28
0
3
304
0
1
418
119
27
0
0
16
0
1
0
1
4
54
0
0
0
0
0
18
6
1
1078
0
12
2
98
2702
0
5
0
3
2
1
0
24
0
1
27
0
2
6
0
0
0
0
76
17
90
3721
31813
0
1034
10
5197
0
156
1
331
1
14
0
9
0
275
7
183
318
4330
0
0
11
5
2
0
1
186
19
368
1
340
1
0
3
196
3270
267
0
20
3
43
0
31
0
1741
1
5
0
550
3
3
2
1
0
178
75
1
0
0
0
258
282
0
667
3
4
4
7
0
329
2
0
63
0
1
1
8
2
0
0
6
21
0
19
2
42
3
1177
0
2
10
7292
1
247
1
2
1948
0
10
0
3
81
1
43
3
17
1
34
4
585
2370
46
4
46
2
0
9
180
43
1
1
0
23
0
11125
29
1
3
1885
14
2
0
63
0
183
0
1
962
66
5
80
9
27
40
1
4
0
1317
96
18
51
137
0
28
5
21
0
557
0
13
0
41
162
19
2655
1
0
25
3
0
3
0
16
0
4239
576
10
36
1244
0
8
1590
16
1850
3178
0
0
0
6
10862
3
1
0
0
514
0
0
7
2
1
1
36
5
0
6
2
21
4
701
1
0
1301
88
8
84
1
1
10
0
0
1
8
15
5798
637
13
0
13
2
0
31
1
112
180
43
2
122
0
0
1
549
0
7
0
1
0
0
17
1
0
2
0
2
0
935
74
1
87
85
127
34
0
137
160
115
45
1
0
5
0
49
57
182
247
646
25
59
2
0
276
13
22
0
317
1
1
0
632
7
12
67
69
6
4
0
7358
0
0
0
0
1
47
6
0
0
0
603
18
4
0
0
0
0
12
0
1
1059
0
187
8
116
5
5
38
1
0
0
0
0
0
1
201
0
37
12
2
0
0
0
559
353
114
0
6
0
11
0
0
178
0
6
1
0
0
97
0
23
0
0
1185
52
75
13
441
0
11
0
52
0
0
182
2346
0
0
0
188
0
187
0
0
0
0
0
4223
480
264
1
0
116
5
0
0
199
1
55
0
0
0
10
0
0
0
146
5
1157
3329
120
0
14187
1
247
25
1
2
0
0
0
149
0
2
229
1294
2
0
7
3
1
0
53
11
176
0
1
1
1495
1
0
0
32
57
700
0
0
0
1
21
1850
0
0
2
0
9
303
6
1
485
0
0
0
0
0
1171
0
18
0
1
132
13
1
0
1135
0
600
3
0
0
15
6
0
1
47
1903
0
165
10
0
0
0
0
7
10
7
0
0
0
396
7
6
252
4
0
0
0
917
28
110
0
0
3420
1
4
69
0
318
69
0
23
0
1
0
1
0
0
0
117
9
106
3
8
12
1
60
281
0
4
48
3
1
407
5861
3
1
0
8
0
2
2561
146
3
0
47
2
45
3
1
13
100
3
48
1
1
2628
0
0
50
6
0
0
1
26490
34
0
77
6
6
12
1109
9
0
53
0
0
4
1
11
87
0
19
0
18
2
202
2
0
256
58
2
1
0
32
2
255
4
2
63
40
2
58
274
1
0
0
0
0
19
270
1
113
0
0
4
0
7
0
2
876
0
2
4
8
123
160
91
1
0
0
18
0
3359
0
0
40
206
5
0
0
1
28
36
875
33
251
263
0
1
32
191
754
265
4
100
0
27
5
0
1
47
684
3
37
0
15
1
0
8985
2472
0
5
33
1
20
149
0
0
41
145
13
11
1
506
0
15
0
11
1
42
2
191
0
1
720
70
1
0
16
0
12
2
0
0
0
2
0
13724
899
52
5
256
5
0
1
0
7
0
2
0
7
89
1
77
5
0
6
0
0
464
0
2
59
57
0
522
1
0
0
0
6
30
3
8
2
1
0
320
3737
45931
87
218
2722
6
6702
8469
11451
5104
163
10691
5487
15316
30875
12859
14091
87
38
858
87
320
100
23315
3109
161
65
44960
8244
43392
10972
1018
87
1631
15723
0
2894
320
12773
6
38441
1379
5382
7644
3775
44171
5302
766
32538
11810
17774
13463
33727
621
1678
509
147
9444
1456
38984
42
2135
23327
220
483
6
249
2411
7
5847
4404
308
58
202
14693
9318
1
0
139
1098
745
6316
229
0
0
294
189
31
7226
12
37
3
7
4
6
3
17030
567
4
826
805
148
4
25
2588
3767
94
4487
628
4
0
6
2
627
7
6743
29
1
251
8904
0
143
0
12
173
97
18
1
5255
3699
12085
7
2472
577
0
842
6
0
6692
69
0
2
1
0
0
7
10
22295
3836
9
56
14921
3533
7
4193
0
48
3
451
77
34034
10528
16
0
4
0
2
6
0
1
5735
11
82
6
33123
592
21
2
12619
19
1
1631
127
0
405
368
1570
192
83
32
8
8
959
6710
1095
294
3
113
20
2
0
36
4
2
5
15530
5
0
0
1
1603
518
0
40
9
619
375
35
7
163
1
29
99
346
0
121
2611
10
344
7995
10980
0
7
10
3
2
0
10
595
13
111
1
2468
142
3
2
9
16
226
1783
0
0
561
12
1
20
123
52
5
20
53
3
0
2
0
296
2
4
32
4
0
2
0
59
2
1162
0
1
1267
46
0
34
626
1530
75
1
0
5306
2525
152
5
1
72
1
0
679
3
2273
5
793
5
1
53
0
53
1
11
0
91
15712
17669
40
0
3170
1
2111
7
0
7081
0
136
12
0
9
7069
0
56
578
0
0
0
49
66
675
6
105
541
12
8182
39
1
0
10531
204
3985
1022
8
26
77
8
0
5128
1627
13
8
194
4
5
1
22
18
8
54
3
109
0
0
0
618
1
2
1746
1793
341
0
845
0
901
662
1
144
205
0
0
1
0
0
13
2
0
10
30
1
790
4
0
1
0
0
1
0
506
5
2
2
36
12567
8
0
0
108
0
4
36
45
21
0
7
1076
0
0
0
42
0
1289
2
17
6
18
7
1
1
441
49
0
1
2338
56
0
1
289
100
3298
4
1106
2
0
0
0
407
152
2
3
1
3
9
46
2
197
61
0
0
0
22
1
3
1106
24
48
1239
515
1
24
0
7
3
2
55
0
117
107
872
0
1
33
61
13
0
97
7
0
1131
1
79
31
54
1567
5
0
60
0
1
10380
1051
1
477
169
15158
34
20767
0
103
213
12
9
8
0
5
107
106
1038
2
0
402
902
0
2
19
574
943
2
91
323
0
0
12
0
109
0
271
14071
973
3
4
2
83
6
274
10
0
39
2145
0
3201
9874
1
41
446
0
327
1
18
0
172
29
0
43
17
9
1112
1
301
76
1544
378
7
3
1073
0
0
18
22
0
0
257
0
260
2
0
9
669
0
0
7
4855
14
0
0
0
2
16
0
0
10005
686
242
1
2744
10
2
1657
2
44
0
0
0
726
1
0
65
23
16
281
0
0
308
1
1
5280
2
538
5
51
4
17
21
3
209
2820
25
4
6
22
76
19
1637
6
94
2
4
1
38
0
134
3
214
2
884
149
0
0
269
12
2
13
5
1
6
0
1
0
1
1
646
13
2302
565
4
1094
1085
1
0
2830
13
40
0
13
1
5
837
4
27
20
19
2
9
18
287
0
304
1
1677
3
103
0
474
5
0
0
92
0
13
2763
163
600
234
199
372
0
0
1
0
3
3
1563
2
43
14
199
122
14
0
1
0
32
3
5
0
1
13
135
1
4
113
35
0
60
0
36
0
6
23182
0
50
553
197
39
64
0
12234
0
1982
158
14
390
2366
7
2
0
0
7
88
449
0
1
1
3
3
1283
2
5845
4
55
0
1
0
1983
1
26
0
25
6
339
5
3
404
205
826
7
6930
0
0
6811
82
5
2
2
0
0
0
0
1
10
125
179
29
1219
15
0
33
0
4
1
689
1
0
0
7
1083
2
0
36
5
90
3
1899
0
0
0
1
9
0
16
72
0
0
1
39
1
4988
1
772
2
211
0
0
8
372
166
0
27
0
12
0
151
0
147
5
0
15
16
366
83
62
5
541
0
204
305
122
0
22
5
0
0
1
6167
0
62
2
1
73
0
136
3
0
10
0
3
595
390
6271
1
1740
50
0
4376
14
67
55
21
2
72
3
10
3
66
0
0
0
57
11
49
1
0
0
0
17
3
0
0
1
1
899
11
1
34
0
5428
0
28
488
638
4
0
15583
2
348
0
542
1
0
3
12
119
0
4
0
9
1167
63
0
0
0
3
0
15
23
179
80
14
0
8
37
670
5
143
0
3257
0
298
1617
0
14
2
0
2
390
10
1
0
179
0
5468
6
14141
0
1308
78
0
0
99
131
0
0
4
383
126
575
27
1903
27
368
0
2315
49
0
8
0
1
8771
16537
196
3
2
0
2
2
220
0
0
160
6
33
4
406
0
8
1
0
0
42
2
2
4932
0
3
4
2738
2
9
3
34
33
1
0
0
233
13321
289
24
1
1
0
588
0
0
294
9378
0
20
392
117
7
1
11
5399
0
46
1043
83
1
8
2
23
1731
64
331
1
251
3
72
1338
10
209
10
5
1
4969
0
990
366
0
70
0
0
0
331
608
0
3
1
1
0
0
0
233
0
3
107
13489
4
7
2
0
49
2181
198
16
5
3949
0
0
2
193
6698
8417
30
0
2
1480
0
109
30
940
2
1
4
0
1
3
0
0
0
1
6
0
5
13
2
1
952
377
1069
225
2
749
2
0
16
0
4
0
0
4
3
3
0
11
9
67
1
1
3
92
46
0
0
385
1
0
3
0
1
5
20
389
0
7
0
0
7371
0
63
62
0
36
0
0
1
112
17
12
0
0
4
0
0
2
0
0
0
9
236
0
866
6
66
423
0
21
14
1
0
11
7948
2
5
82
123
320
160
2267
22
0
2
3090
6
0
1172
0
0
35
2
0
1
0
0
6
45
0
0
638
0
1093
176
463
20
8
0
1
0
0
87
0
50
36
1648
5
1
4
1106
86
8
17
6
0
110
0
0
1
3
589
22
38
31
62
2
6
19
10535
4
109
0
5
0
71
6
624
4
231
1
0
0
0
1
0
51
0
0
5212
1
3456
2645
298
5590
146
0
73
3619
0
1163
0
1
656
0
0
6
9
0
1119
15
1
9
1
5
0
1
0
70
3
1
101
0
0
2
0
14
13
0
10
28
0
4
187
1
0
116
2
0
0
1
0
8
2
31
3
70
6044
0
0
66
46
11
0
10
3869
0
324
253
6
0
163
0
689
0
5
5
0
1
7
7
3
0
0
1
127
1
1
0
107
0
111
0
30
0
0
8
1201
0
0
0
8
0
3
0
551
567
2
1
0
1
0
3
58
187
0
18
1959
0
3
0
229
63
84
0
0
0
0
84
0
0
0
2
24
3262
15
6
0
4
41
0
19
0
7635
51
0
0
0
2
0
8
53
1404
93
0
0
433
3
0
543
1
2
1
2
452
6
1
2330
229
0
221
0
9785
1
0
0
26
2
19
185
1
3
2
72
0
1
26
5
1
45
1
0
53
1
3
0
3121
319
5
87
5
5
0
0
6
0
2
972
6
0
0
0
0
2
1
0
0
32
21
0
0
0
1053
3
1
0
0
2
201
0
14
1
574
566
104
0
16
661
53
0
5328
1
0
9
55
5
0
79
0
5
0
1
992
459
1
397
1
0
153
1
3
0
0
1463
0
43
1
1
1097
368
6
0
103
468
0
78
9
0
1
4536
1
55
3
0
7
0
131
122
143
1
12
0
0
1
0
0
0
0
1
47
4
2
0
0
37
1
0
0
146
3307
1981
458
22
80
0
0
1
0
1
3
2
6
1
2
5
3043
4834
106
2177
7
0
1
175
0
1
2
109
3062
1
0
29
7405
0
1
37
0
0
176
681
178
616
4
1
300
511
671
57
25
1
0
1
2
124
0
1
21
123
1
14
87
0
0
29
3263
1125
39
2509
2
0
66
1
22
0
68
0
21
9
182
4032
42
24
1
91
226
35
1
88
0
160
20
7
1443
0
0
46
1231
0
0
1
0
22
94
4
1
0
141
4981
0
0
32
0
1
1
0
12
3
0
707
1
0
502
334
0
0
0
0
0
0
27
0
0
0
17205
2
10
0
0
1
135
0
0
31
47
2
38
10
112
1
2841
8842
489
12
1786
5
0
0
68
0
0
0
8450
2455
1143
7
0
201
0
16
0
3165
147
42
708
0
3
53
225
0
6
53
0
18
0
6
6
52
141
37
4
4
3
1
11
1
0
34
37
0
2347
0
0
2
1
198
0
3
4
30
3324
30
1
1
1
6
0
3888
1
1
40
0
12104
9
1
2
52
52
47
0
1
0
3185
0
147
0
2
316
55
6
0
51
90
13
24
41
6206
0
1387
17
2203
51
0
650
14
1402
0
0
0
50
136
54
0
4
0
0
0
1
0
4
0
277
6
1
13
2
0
9
1
57
0
18
0
2
1
2
2361
803
0
0
1
0
0
0
0
3
0
0
1
0
2913
2
7
0
1
0
0
0
3
0
5
18
0
32
5
2
734
92
0
10
0
122
14
0
3
0
320
3
1
48
1
0
3
143
1
3142
0
1
234
94
1170
167
1
5
4
43
0
1
0
2
17
0
0
7
6
1
16
50
3783
0
11855
85
0
1
3
0
84
0
28
1
1
20
5
0
0
2
0
0
4
5
0
0
7
0
417
0
0
111
1
118
585
174
1
62
483
99
437
128
53
0
28
0
37
527
0
346
0
6
3
10
32
59
5767
16
1104
73
2573
0
3309
42693
43910
249
1203
28158
19493
11267
320
30
147
1612
38489
27368
4220
38
0
46978
845
49002
13023
12756
13916
14071
6361
5104
1243
87
7028
30550
3118
6904
6805
1060
766
31823
128
6
163
4044
218
1621
1
3566
11659
38
11658
1361
12050
6267
100
100
171
4503
2940
3566
8244
6
185
7689
23140
37666
320
603
8
2
510
1008
496
3007
0
1510
12852
44
21370
15196
106
0
70
23932
826
0
2210
0
291
1155
15439
19
360
188
5010
0
0
22
496
1195
0
6926
151
0
17
110
46256
214
2187
5
8572
2
5
4
1208
444
0
172
2360
1160
23427
1779
190
508
107
110
2233
15
18
874
4034
1106
1
0
199
0
31224
8
7
0
580
110
601
852
107
3660
3356
1
1858
2
3
1
6048
116
6
0
140
131
6
17343
0
4
3551
2
8311
185
1
233
7
1865
112
5
11098
19
25520
0
5088
206
2870
9039
3225
6
756
3
92
2286
2
3758
111
4679
533
593
809
946
8
1
18974
0
1
345
3
12
0
2869
4
121
3
3387
2
38
1
1
0
567
227
17939
6908
7735
37
633
2
8946
2
989
890
120
20632
2
2597
1713
0
227
633
1272
38888
3
43
61
124
6488
1
796
4
0
8080
417
157
2951
812
1
79
19
2
1704
161
0
2506
14
0
9
6334
2801
62
0
443
560
1270
3
5
23000
254
134
162
0
4720
491
10
1
3
0
10
0
11
1
7
0
86
52
0
41
1354
0
4
3
0
2128
3
16
0
0
3
3508
5
309
1
515
1
0
17
4
57
2288
4508
126
2074
5
0
12521
889
1
2
0
24651
1
1
52
5025
23
61
82
4805
7
1
45
22
0
4
77
11
0
472
5
0
0
177
1980
3
0
755
0
0
4960
7868
8230
0
33
0
0
0
6
28
0
0
54
332
68
534
48
472
0
0
0
0
4
1218
3989
3035
28
1045
3
102
0
147
1
29065
0
47
0
137
2315
0
5
4
10
4
76
1
103
0
65
68
4
10
0
385
1011
69
29
421
4657
2
1
456
0
30
1
657
5292
5
2
0
6
250
1
736
0
103
2673
1
2
132
19
0
0
11
503
1
139
71
0
3
191
0
21
2413
1
1
0
723
1
3
104
5
0
10087
19
0
1
0
173
0
29
0
0
0
2703
0
0
317
44
12850
24
7
10
5
16
16
2
1
3
42
2
0
12
0
461
0
150
1
3
79
813
10
17
11
16
0
0
137
163
2
98
1
132
2
0
802
6
1586
1
1
7771
0
3
0
3742
5
35
548
5
59
57
29
24
59
1655
10978
0
2060
190
2
216
0
7
4304
47
0
0
0
5
0
1
200
11
211
1
191
249
0
0
8903
0
2787
0
0
1
14
1616
8
0
11
399
95
0
0
264
263
12
1835
2585
30
9
0
2
7
0
13
43
298
24
97
1062
0
18
1
6
0
0
18
0
19
1
26
0
0
579
2
3
0
0
1
337
0
0
0
8
0
192
455
0
8027
3
376
0
670
0
2
1218
0
0
13
0
7
70
3652
2
2
43
56
5098
3
1
13
1
5
688
1123
0
12
19
159
7863
3
285
1
1
22
0
80
720
0
1
1
216
0
2
5663
15
45
8
3
5048
0
18227
2
18
48
1
0
2238
2
1
6
59
1
0
2499
11
0
55
10
3365
38
2220
1
95
1
15
3385
1
616
385
17
227
0
18
0
1
5
9
0
148
3
2900
0
3164
0
3
1
14
627
0
0
43
283
0
0
20
6
1
437
20
0
0
436
26
190
5888
0
0
113
0
39
0
1959
0
0
0
1
0
9
1
0
0
0
0
2
0
19
0
764
7351
0
2
1
738
7608
2
129
0
17
0
11
0
6
0
13
3091
12
16
0
0
1
0
8
2
1
4
1
0
0
423
14
30
246
1045
8
17
0
24
6
1
0
243
55
756
3349
0
0
0
2115
0
531
0
86
0
0
15638
0
2
0
1
0
201
0
55
0
0
68
649
0
0
9
0
0
118
501
76
6
3354
5889
9
1
3
99
73
1
65
3
1
0
0
1
0
0
98
2
0
5
4
1031
2342
0
0
0
1562
59
57
1
1
3
66
5007
0
1110
59
55
13
25
2470
14
10
0
0
7
1
0
5
27
6
5
0
35
3812
40
106
92
1
13946
10
31
0
52
206
7
1
0
0
22
6
1
27
29
3
26
31
0
0
0
1
0
5
0
7613
0
2
2750
0
4
12
341
1
5
51
0
0
1227
1
1558
1
0
6
0
8
31
331
0
46
116
37
4
0
0
0
198
3
265
0
0
1
0
0
522
2730
164
2
13
17
694
21
8
0
5462
0
170
0
0
3
0
1
1
214
0
134
0
3
2
1559
2215
2190
0
40
27
5355
14
0
0
23
0
0
1
199
16
12
8
68
0
0
0
43
0
0
0
31
29
0
0
1
1
11
0
5
0
46
19
61
0
3522
25
217
1597
522
289
5
1
48
10
12
36
1
0
45
5414
23
0
0
0
6
747
999
23
38
487
1010
5
1
0
0
0
0
10
14
0
12
55
0
0
1
30
0
13
0
214
5
1
48
9299
0
0
36
0
183
13
0
0
497
0
6
0
10
1
1
1101
1658
0
266
1040
32
2
0
75
10
2
0
0
0
5
3
1284
6
0
258
0
28
75
6
0
7
0
152
0
2
3
2
8
101
4
7
2
2198
147
2
43
4
817
0
0
0
163
0
143
1365
19
0
6
1
0
0
24
4
0
1
0
1101
3
1
0
0
137
0
468
0
19
673
0
79
8
0
11
9
86
5
1
1
18
6
2745
5081
145
1
483
0
0
15979
0
1
0
0
318
0
688
1
1
4434
377
5
474
2214
0
0
0
0
2
0
0
21
0
26
41
0
75
90
0
1
0
0
7
0
0
35
0
10508
13
7
2417
1
0
391
104
20
0
4
83
0
0
13
23
112
1
61
0
85
7
0
0
2
0
0
0
24
9
960
6
244
0
0
0
107
43
136
0
2277
14
0
67
3
1
0
1
9722
23
1585
1
91
1
6190
0
3
1
126
8
1
0
6
0
84
1
125
150
4
7
721
315
1428
8
16
0
8
4984
0
2
14
107
4
0
298
0
1
0
1445
10553
2
773
153
0
0
0
8
10657
3
2239
1117
22
0
0
1
0
4
0
1
0
1916
0
0
0
4188
3
1
0
703
0
3
3
2162
6
3
100
377
346
7
3
1
0
64
1
1
9
0
1
0
1055
0
8
0
6
24
0
0
9
14
0
186
0
1
0
239
9
1
0
0
0
0
182
30
0
15
0
8
0
64
40
21
40
92
0
584
1
0
7672
29
6
838
4
22
1187
1
22
935
32
11
0
2094
6
2027
106
0
6
1
38
0
0
0
3827
0
0
0
0
5635
538
1102
1893
1
1
0
0
18
12
266
3
219
0
0
0
11
0
0
0
1
181
5
2
321
7
0
12
9
26
3
1
2
0
3280
545
0
1
0
36
1
3
87
2
24
0
16
4398
1
5
9
831
0
2
20
38
1
880
1
22
0
18
0
1
0
3
386
53
1291
0
0
0
0
172
1
0
13
0
785
130
2
2569
1
0
8
0
0
70
1
0
2
2
11
0
175
131
0
0
0
11
4
3
0
41
0
0
2
359
132
0
3
144
0
0
3
1
1
0
1
45
636
0
1
18
0
274
0
42
170
0
0
2
2440
71
0
0
25
1795
0
99
0
3
11
3
8
1868
0
110
7861
0
0
0
5137
14
5
908
130
1
4
325
5
6
17
0
8
3
626
2
0
2
89
9
1
0
866
7
21
1
1
13257
1
9
0
177
13
17
16
165
0
1
57
9
0
6
0
59
7
0
295
2
1480
679
4
1
1169
12
0
32
852
256
83
0
32
0
100
1
237
0
14778
161
5
2
0
4
694
1
139
7
123
2303
11
0
11855
1
2
0
0
0
8
436
0
0
0
103
0
26
0
1
46
36
79
17
5
0
0
1
316
326
0
797
2
0
489
0
4
457
6
143
23
3576
2
92
0
753
134
15
0
29
346
0
17
1
247
1
0
150
0
23
0
24
15
0
251
0
0
0
7
3
2879
0
9
2
0
254
28
1
63
21
94
0
0
655
9
2
41
0
1
13
0
171
2
0
29
0
0
2
34
375
0
1
410
0
0
0
41
9
68
0
49
12
5
1
4
17
0
224
5
259
0
6649
13
7
0
9533
161
51
1
5
0
4267
1
0
619
0
2
0
82
1
3
14
3288
1325
78
2
1
2
69
5965
30
308
8
0
0
0
1
0
0
44
135
0
0
0
0
3
0
0
0
6
0
2
2
0
5
432
0
4
0
20
0
2
0
0
54
0
5
0
392
192
0
1
23
8
2
6
3
5
73
0
35
0
0
6
63
0
961
13
685
0
201
5
1
0
92
0
1
0
1
15
0
41
113
0
0
5
0
0
0
1
1
6335
154
36
0
0
0
3
303
0
4
0
215
0
0
0
1
8
0
1
0
0
648
79
0
0
26
45
45
6
2
534
205
0
479
0
1
241
1
23
241
1
2
0
12
0
17
2
44
161
0
0
0
0
2
1
58
0
614
13
0
2
0
299
44
4
0
1
61
1090
79
0
0
5184
1
31
6
3
3
8
0
0
1
0
0
875
115
9
0
10
857
10
306
130
0
5
0
3
11
0
1
2
11
7
0
1
2723
735
826
0
160
49
5
0
0
7
4047
1
0
99
3
0
0
1
11
6
0
134
0
28
0
0
252
2364
1
303
0
0
9
1
2
7
0
2
48
7
9
2
2936
36
0
0
0
5309
15
0
0
1
108
13
0
8
0
0
17
0
4
0
583
0
0
2107
0
20
402
4
0
16
34488
15166
67
22942
218
344
320
3566
5675
16758
5093
10399
1575
2211
11
225
12216
1379
1594
147
2211
163
5828
3109
13261
147
38
559
6
163
47
8310
28
16758
4588
11649
9407
225
14567
9821
11267
21974
559
559
559
0
3559
13893
11
0
238
7473
0
294
2068
2636
20451
15907
13669
2168
67
6551
6551
5686
15942
14
745
0
2168
3
165
123
16
903
185
456
107
34
26053
2384
57
4212
4
632
34
31
4
7226
12
0
23
10695
10324
1360
6
141
1
258
0
87
71
14909
639
5
1001
298
4555
2627
944
91
0
68
65
3398
118
4054
91
3932
4
28
7073
7
1508
0
2569
89
89
687
205
92
2
3
17933
0
8
624
1
41
14009
987
0
54
23
7
4
0
29
3
54
1235
32
0
4390
2830
0
7
5
110
2188
180
23
7
4540
2068
11212
24
84
2348
9
2944
9
2
3
1992
3764
1483
174
1025
1
0
4869
831
15826
0
0
26
0
135
1560
5777
5777
41
11983
8
22483
0
6244
16235
76
381
0
1479
7
10709
0
155
435
8
1
18909
1867
81
155
17
181
154
8
0
85
232
1381
7
340
466
0
65
142
10
0
2081
171
5
64
5
1893
21723
2
1
8
11
7
6
12711
61
3222
4
0
0
55
2332
33
33510
13
281
30
50
4
40
175
0
0
3991
31
0
62
58
5
59
633
13279
4093
65
10
326
22
3629
13968
495
2189
0
870
449
487
93
777
1
292
14
21
0
6000
1
43
0
6
273
16
88
10
0
682
0
42
0
36
3
0
13
20
1
80
0
4
0
4
0
829
301
1087
0
48
2
0
0
5
0
0
143
1
7
0
497
0
4
18
1
0
46
0
59
3294
4
2237
366
56
11507
60
9314
329
2
10808
0
2456
1
24
411
0
1466
10
1062
21
463
0
59
0
66
0
364
4539
666
185
158
0
22
18
0
685
42
292
101
1832
0
0
2104
48
81
13
12762
6
5
782
28
94
0
5
7
39
11
2
0
91
0
62
238
0
6
34
385
2042
32
708
1
674
0
31
147
18
34
363
0
1
1
0
27
218
9
1183
3
4
3
29
11
60
6
3
147
2
172
43
192
22
13
1
16
0
268
1
0
63
11167
136
35705
3
35
1222
203
2
36
25
5
684
3
0
65
13760
2
1938
3
0
2
426
876
107
370
41
1486
30
0
652
0
9
2
4
1260
0
114
3
203
23
458
61
475
1
13
1517
13165
14
5
1539
1
2
2143
5
625
6
271
0
590
2023
3289
280
13621
26
6700
1
1
8
3
3
4
455
4
0
10
547
3
52
1
0
40
6
473
0
3625
7
2003
120
5
1
4
456
9460
5
680
415
211
7
14
43
76
1
0
0
10874
376
5
0
2
144
45
1
0
3
16
23
96
1
963
3
3
0
2
0
0
2330
1332
0
14
33
543
37
5339
17056
0
0
189
5
7430
124
20
2
14
1
0
21
0
358
2605
5
27
1
1016
0
8
8
0
6
3
5
8
7
978
1
0
363
124
1
0
2
21
1
67
64
42
3154
44
3
2
0
0
0
405
3
0
0
53
197
11
0
7
108
5142
0
0
2
1
719
0
41
7
1706
4
8
0
8
0
19
240
30
16713
0
0
11
4
501
11
42
0
6
321
11
117
2
23
1
2
52
122
37
6
0
2585
26
11
6
180
1
147
0
40
135
1
4
5
2
1
302
66
0
4
4
0
20
205
11
3
14
4
0
3
26
1924
2
16
1
6
201
218
30
0
1
6
2
0
95
0
5306
0
0
0
1
62
12
0
29
2790
1367
10
0
0
2
389
582
542
0
0
0
12640
0
60
625
51
570
70
0
422
32
0
3
2
56
0
142
0
0
0
0
1
42
10
132
0
0
0
277
938
0
18
147
0
10
0
138
8
104
8
3
52
1
0
2028
50
24550
0
24
77
35
12
96
13
24
2812
0
0
8
184
44
114
0
10
0
0
10
10
0
0
0
30
0
14
84
4061
3
3
1
2026
0
0
0
972
0
1
1
455
5
17
0
0
40
0
0
1142
4
13
10
313
54
3
26
172
5
74
15
2
0
5
0
25
2
0
78
2
5
4
42
0
323
2
91
22
3
37
0
0
30
1
0
0
894
1708
7
0
0
1
0
0
1014
139
0
2
101
0
0
0
1997
0
2
4
21
0
1
4063
5
0
312
2
9
0
12
4
13
43
541
193
0
254
3
106
1
24
79
0
17
965
6
114
2
0
0
0
0
1
68
219
0
13
626
199
1
448
8
334
0
0
33
19
0
1
112
1
22
6
0
0
0
0
0
0
1
73
31
72
1
3
37
1584
1
28
0
4
4
0
2
241
0
9284
0
585
560
7
70
0
0
2
82
459
75
0
3
1987
0
52
0
0
8
9
2
5
73
0
0
3
1054
0
4
7
3
189
126
0
0
0
987
3
163
20
1
0
0
115
0
27
0
126
0
0
5
17
0
0
0
19
2
2
27
4
2
923
0
1
575
24
0
11
2649
211
383
0
1
0
0
27804
0
11
0
6
0
0
261
0
0
63
2
1
2
3
0
99
0
0
531
1608
9
284
61
0
4
269
8
33
0
0
0
3
0
999
0
2035
0
0
403
0
1
995
1
228
3
0
2240
59
0
13
430
5601
179
1
0
16
32
1
0
0
0
31897
0
0
0
278
0
28
308
3
0
76
84
2
26
0
2
1
4
3
0
0
8
7
79
1
3
573
10720
1275
0
1
0
0
0
49
0
16
0
15
8
2
5
5
48
37
0
9
0
12
13
0
1
40
8
1
0
0
0
2624
25
62
420
0
66
0
228
35
0
7
226
2
5
172
369
2
0
4
4
53
74
0
0
14
0
2
43
9278
243
0
0
116
3
39
15
0
2518
78
140
0
54
1
0
6
7
96
3091
1
1
1
542
43
5
0
172
55
2
0
0
1056
33
83
9
2793
0
0
2
19
5
73
48
18
3
5
0
2
1
0
2
2030
54
78
56
0
19
0
1
0
0
0
81
4
0
0
0
0
74
598
0
42
1
0
18
0
0
0
0
120
29
0
0
1
162
0
702
8
0
2
6
2
1
0
0
0
2
0
0
0
0
0
33
2
15
361
1
411
14
5
956
0
0
19
17
11
1
25
32
106
1
0
0
134
43
1367
522
12
0
0
0
0
364
247
2
1
1
0
2
106
0
0
0
1
33
0
0
0
785
0
3
1996
6
59
3
15
0
0
59
0
0
352
470
0
0
0
0
3
1
169
3
9
0
0
4
0
7
3
0
0
5
118
0
0
4
50
4
17
0
0
277
12
1450
1
0
0
0
28
0
1
1
0
2
1254
0
1
0
2
33
2220
13
0
4
0
0
51
3506
0
1
0
1
0
128
10
12244
2
0
0
0
0
7
0
23
8
0
26
489
0
2
0
0
75
1
4
0
11
0
257
0
0
15
2
145
7
6
1170
840
0
0
168
524
0
37
513
1
83
1
125
0
2
56
0
13
2
44
0
0
0
52
1
0
229
0
0
0
0
0
0
131
351
0
2858
0
0
0
2
85
20
1418
23
4
0
2
16
339
39
1
0
122
20
10
0
80
116
0
5
0
9
2
0
1
599
6
1
0
12
44
0
0
1137
0
6
0
34
5
60
0
10
520
1
2
3
735
6
0
3
0
0
0
0
2
0
10
151
1931
0
0
0
0
30
4057
18
7
14
5
0
57
0
0
39
11
5
1
14
4
10
3
0
20805
0
116
0
0
5
26
0
30
0
6
0
1
0
0
1455
20
4
0
8
0
10
0
29
1
36
52
21
3440
0
0
10
0
0
31
0
0
67
29
0
3170
50
0
0
0
0
0
28
47
14
3
0
0
1650
519
0
64
0
16
32
33
73
41
30059
0
117
0
229
2
266
0
0
0
0
1
885
0
0
486
0
13
1
0
61
2
1397
0
1
1
4260
0
123
42
3
2
5
0
0
9
0
6
0
16
309
912
0
0
0
0
0
153
155
3523
3
9
0
0
1
0
0
5
130
1
55
3
31
2
0
2162
4
3
3
61
3
843
2
0
0
128
3605
1019
0
0
1448
2
0
51
1
22
21
0
1372
0
5916
75
0
1625
45
0
113
0
0
13
0
0
366
1518
26
46
42
0
0
0
1
0
1
3
4
0
0
0
3
12
0
23
0
0
2
191
30
0
37
1
9
3
1
57
0
31
1
0
74
4
392
1
0
1
4
0
4093
0
0
35
146
9
0
0
0
0
3
18
0
60
29
0
1
1
0
0
0
28
0
215
3
0
0
0
0
1
2
0
0
0
3
0
0
32
0
3
255
0
1
659
60
0
62
1
2
310
120
1
7
1995
0
0
20
1
1
0
4324
0
0
1
3
0
0
71
17
0
0
70
1
2
131
44
317
0
18
0
0
17
4
218
22222
11
2
0
189
71
0
0
3
0
0
62
0
0
0
0
604
63
0
0
0
0
0
14
417
0
1
1
0
69
18
0
0
1
0
0
1
1
0
1
68
1
3
0
0
0
1
22
8
3
0
0
0
125
0
470
2
170
0
31
0
0
0
325
90
2
4
1
21
0
270
0
0
390
0
1
0
0
8
0
0
0
0
0
3
0
0
0
0
0
0
0
0
1
214
59
27
127
1
121
0
0
19
0
3
0
0
1
20
0
0
1
4325
0
2
1
951
31
0
739
151
0
0
0
0
0
496
1
12
0
0
22
46
3
0
0
1
0
0
0
89
0
1
0
24
15
0
1
278
3
0
0
50
0
91
6
312
507
1
4
0
0
0
394
1
0
0
0
6
4
27
0
0
0
0
0
1379
6551
169
20773
8006
169
12106
440
14383
110
390
0
14
267
192
67
16417
202
18126
18126
3274
8899
2622
0
7570
3566
36290
0
561
0
5104
24102
12480
752
14506
2286
0
152
6234
15582
100
19813
842
11
355
0
19813
147
28796
38
2775
9815
87
4808
3775
169
87
842
11
22484
147
30344
20698
638
4212
89
678
34
8719
734
31
617
18812
132
19052
91
11
20123
0
25
7490
138
15
2
1
46
0
3398
5
433
10089
1940
16
1940
0
7464
82
8573
1598
71
8204
1
1
290
172
3
382
182
107
826
17
14506
2992
8
961
0
70
46
2372
38024
13593
0
182
6
6679
29
12
32
0
5777
11043
8200
121
7919
1207
0
0
823
6
53
135
8
0
131
848
13
670
0
2
5759
32213
964
2
50
0
1341
57
8417
333
0
2
4372
0
233
0
54
844
645
1
7199
0
4598
118
0
19594
1
4
129
821
1
233
1
184
2
8
31
1775
1367
0
4489
3537
0
12162
2276
14
2
2537
1
79
12162
0
0
5327
148
6704
347
0
0
15
0
1
27
0
7
0
11069
15
216
281
2
5760
9
5636
225
0
0
16
0
0
0
0
382
3
1972
101
20
0
20557
0
0
15384
11685
8
4426
2
0
3
10
5
7
3005
0
68
0
395
654
0
11
0
314
0
6
0
0
394
456
0
0
9
0
29
367
169
1831
290
34
11522
2
5193
57
4353
47
5568
343
0
262
20
2577
2
160
13
595
0
9
153
0
6486
17
0
12
1
0
0
11
156
31
0
2
19
2421
23
208
20
2
2744
0
2
1
0
5860
13464
0
305
17
7982
0
723
14647
771
1257
9
445
67
2909
36
7
0
1
648
71
97
8
2
1304
0
7
4
647
315
21
1005
30
1
1249
2689
2
0
271
0
1
24353
2
4978
3
387
0
497
62
18
0
317
15
5
808
0
12918
0
0
52
0
1
38
3
1537
43
0
2995
26
0
0
259
120
75
0
29
7
0
440
0
0
16
0
23
0
4984
0
1
4
544
0
516
3
5541
8
7
791
5
60
62
235
34
598
1
141
3
0
173
0
10
2945
16
0
33
1
107
3
60
0
188
601
217
0
1732
1911
136
0
1
9
613
61
0
957
2191
3
3173
512
0
147
501
0
0
0
70
0
0
595
7
0
0
0
866
0
608
0
367
272
17
3
3
20
0
3048
3
113
366
381
511
39
3
0
0
2
0
0
25
0
0
1
1
1
0
24
0
2
1380
501
1
60
10
2
75
2
0
5
13104
0
5226
20
2
12
0
5
0
4
479
25
37
73
0
0
1
0
0
0
0
706
16
41
0
0
4343
0
4
320
2
542
0
915
0
0
202
0
0
715
15
0
0
363
0
296
22
1
7
0
5
679
1
3
0
569
34
10872
22
7
41
5
0
824
0
60
12
3727
18841
28
23
36
1096
0
0
5893
4
1
714
0
0
2191
1
2675
33
0
411
76
0
0
28
654
5
84
1
0
0
0
177
0
0
0
3
2
45786
1
3
0
5274
17313
2
1978
1
14660
10
21
1
18
0
0
177
20
0
0
166
0
1
17
10
13
0
3
1
5
138
0
0
41
51
0
17
0
3
11
37
24
294
176
45
0
176
9
0
676
2
7
2
0
1
0
88
34
51
1
0
0
0
0
2
211
0
10702
193
641
1
9
0
30
14
0
0
20729
139
23817
1130
38
0
26
94
208
10
6
13
336
2
4
477
2
172
26
1
0
0
1
2
0
0
2041
42
0
62
0
0
0
65
0
1
27
6
0
3
0
1
1
42
0
64
41
49
2
0
0
6
114
2596
40
0
27
126
4
14
8
408
0
2
9
72
22
19
113
0
1
18
5
0
4
369
42
42
305
1491
1
0
0
71
0
14282
7261
1616
1372
5
704
1
0
365
63
1936
156
302
0
71
0
0
0
1
1
2
709
0
0
40
68
36
16
4
1
813
53
0
8
9
0
0
1
0
44
1
0
0
0
34
22966
2726
1
47
22
450
0
0
0
0
0
2364
606
14
0
107
29
2
0
6291
0
12
26
179
0
4
0
3286
6
5
0
0
166
0
0
51
297
10
417
0
0
6
0
0
0
0
18
15
409
1739
0
0
0
1374
0
75
0
0
3
0
102
0
0
0
2418
2
1
10
0
282
6
0
1
0
2
25
0
0
0
2
18
0
0
4
5329
158
14696
1
64
1
22648
0
0
0
0
0
1
0
1
1
534
1
0
10
295
356
119
0
0
0
1
0
1
0
6
0
0
0
4
395
4
0
0
14
3853
37
1022
0
1
0
0
0
32
23
136
0
0
0
103
2
14681
0
0
0
1
0
0
134
331
2
24
14
3264
16
0
0
0
0
0
2
280
57
5
0
0
0
0
0
13
1
16
0
0
0
360
3167
0
0
0
0
2
0
44
0
1
1
0
423
0
0
7
1
14
295
1137
1
121
11
4
0
303
0
662
5
0
182
16
10
0
59
18
9
597
1565
2784
6
370
19
5
38
695
0
48
227
0
11
1
0
0
4
18
1
3
0
0
1
3
36
0
308
0
0
0
1
4
17
156
0
1
1
11630
0
3304
1404
9968
1
64
2
5
2
1
335
0
396
612
0
2
17
38
0
0
0
25
3
0
272
0
36
1
80
0
0
10
9708
1
0
1316
0
0
11
0
1
531
114
1
0
4
0
2
29
1656
1385
441
0
485
7
5640
146
0
7177
0
1
2
1
1
166
17
0
0
1169
254
83
678
3
5
33
0
93
0
0
5826
2
10
1
20
11
61
3
672
0
0
647
198
3
0
6
491
67
0
98
20
0
1
0
0
13
8
0
0
34
5
5
65
0
1
6
0
2
7
1
133
17
18
0
7
29
173
0
1186
0
16
1
0
24
268
59
2
0
7192
2
7
0
284
0
9
0
5
0
6
0
0
6
0
1056
2
0
2
1147
0
11
404
433
26
1
955
42
15
0
467
0
0
422
0
0
11
12
0
0
0
1
2
0
71
7
0
0
1
0
1
1
0
219
5
75
0
0
7
52
2
0
1368
1
56
98
1
0
0
5
345
5
0
0
697
0
0
0
506
2
0
6
0
0
26
0
11
0
32
104
52
8
0
0
988
609
0
39
0
1
6
32
1468
0
0
0
206
1
1
30
0
12
4
0
352
127
0
1
1
1
2
5
950
0
1876
483
7230
0
5
0
0
0
0
19
5
0
0
0
0
0
5006
0
964
0
3808
3
0
0
3
123
1
214
0
0
12
3
0
205
0
11
1
290
195
0
12
0
0
0
1
0
7
0
0
70
0
4795
0
4
95
1
6
1
25
25
0
24
0
3
0
376
0
0
71
1
7087
0
9
188
0
4
1
0
547
173
906
0
0
3
0
64
0
0
32
77
0
0
0
0
2
0
62
0
0
1
1
0
0
18
10
0
0
0
20
7
2115
861
16
0
0
46
0
96
99
24
1
124
106
5823
0
150
2
5
38
629
443
4759
4
42
46
0
0
0
1
0
2
0
0
0
2
3
1
0
271
0
108
20
0
32
0
2
423
0
0
0
1
5937
1
0
0
353
4370
0
0
5
0
62
0
0
0
70
0
6
0
8
799
32
0
0
129
0
0
0
1
1
4
3
3
22
42
232
1
0
0
0
0
0
5
0
88
0
1
0
30
0
0
0
0
0
424
0
0
81
0
304
0
0
721
0
2
1
0
0
0
0
4
18
13
2
1
0
0
0
1761
1
669
0
15
1
0
0
0
8
69
1
0
0
1
0
651
5
1
32
182
1
15
0
37
0
0
0
0
0
0
286
47
0
65
0
0
0
2807
1
2
0
0
0
0
36
0
0
143
13
0
0
13
0
123
0
0
7044
0
0
2
0
0
0
2
16
545
0
55
0
9
2824
3
1
381
34
86
7485
0
13
0
51
37
2128
0
5
165
967
194
4664
130
0
1
0
0
0
0
0
0
32
0
0
0
6
0
0
1060
287
0
4
68
493
0
0
0
5
0
68
9
0
1
0
0
0
0
67
0
1
1037
0
235
3
181
86
2033
2323
0
1
8
0
12
106
52
45
684
3
113
733
1
1
0
54
0
26
0
0
0
50
0
0
0
6
58
0
1
4400
0
71
2954
0
5
0
0
0
0
2
1024
0
0
7
0
0
0
3
0
926
0
0
0
0
1
0
65
0
140
0
0
3
2
0
0
1
5
0
31
0
2
0
1
0
5
547
6
0
2
3
3
0
0
0
0
0
0
0
0
582
4
1
1
0
0
0
7
411
0
304
84
27
363
357
6
175
2
16
356
0
0
0
0
1630
36
7
0
8
1
344
997
0
17
0
2
90
1
0
1
0
0
102
0
1
0
0
0
13
346
0
0
573
1
0
0
0
0
0
0
0
0
0
0
3
0
0
0
275
6
69
8
0
2
68
77
0
0
0
1
105
0
3
30
0
28
0
1
0
0
1
294
0
1
0
0
2
0
0
4
0
267
136
1459
0
2
7
0
0
3
5586
0
47
74
138
43
0
0
0
2
0
0
0
0
0
0
0
0
1
204
0
20
7774
34
0
1520
0
0
0
29
71
0
0
4
0
1
8
0
124
1
2
2
320
91
2
2
17
346
1353
1
3928
1
0
5
0
0
123
3
1
0
0
23
17
0
896
133
1
0
439
1
2517
773
2
0
0
0
19
0
0
46
1
1399
0
0
0
33
0
3
3
0
2767
177
0
139
2100
188
0
7
0
3
0
0
0
0
10
0
27
39
0
0
0
0
884
0
2
1
0
27
71
54
13
0
0
0
0
294
5
2
0
6
0
1018
1102
12
0
0
366
2
354
13234
67
38
797
314
18648
36326
41
38316
408
38
87
14653
147
11
320
32527
12931
11
1587
320
12018
34921
16330
1276
13554
797
2691
14653
320
8090
6
6
403
5143
11
14739
2045
1060
6
9665
10
5380
408
14754
1587
67
79
14929
40834
408
20114
22328
2030
13568
16
8
17671
753
10
7927
28588
7298
363
1
15775
14285
2
76
1
14
3
91
0
20653
15637
25
0
2034
713
42
63
182
3
984
122
3
369
45
49
2
2904
25
2629
795
18
512
27
327
30556
3
2
51
28832
4707
46226
4099
973
6226
20
4358
123
57
0
1122
101
31
141
1115
470
0
425
45
22405
296
313
13
6
6352
0
2
6791
10
2
24
0
470
12844
20
1058
3
480
812
0
2
1602
0
978
262
2
6
0
181
0
3916
8585
0
1348
224
124
539
73
162
3
70
12
1143
0
1748
7
69
562
10
2741
3
196
23
0
52
40
58
3860
1
180
1188
0
18943
14
5
0
29392
6025
51
1766
7
19
11189
1260
25
33
2
7
0
11
0
58
200
15265
223
0
28209
0
14
24
4
0
139
11
835
61
2
223
20
173
14349
1479
24
5
0
10166
7
0
122
85
94
0
14
16
31
36
6128
400
37
1
3
11
1
871
7
1770
17
32
0
1200
24
4249
151
1
3426
4
2
0
28
696
0
91
3793
1553
3
0
21
1
100
28
20
1
1887
85
134
25
1263
0
10
423
618
82
14
27
37
185
7
715
1667
0
15
1501
2
474
1617
4890
2
0
120
2577
23
1
89
8452
0
941
236
1407
18
551
94
0
13
243
0
7
293
7
75
113
2
1037
7611
0
141
0
44
0
72
5
3773
0
2
4
234
6301
0
0
0
356
144
22
3
786
7
469
6
10
1
32
40
55
63
12686
5
5572
82
13
2358
3
1
3
0
12
3
0
0
43
1353
7
3
5
0
14
1428
9
7
3
0
0
4
0
883
384
1
406
3
2179
0
7562
405
8
5411
0
0
53
0
164
359
0
2
5
0
0
1
123
0
96
5003
0
323
0
5
3
0
2045
4
2172
0
68
18
7110
0
0
341
22
1
2854
128
0
2
3
0
754
5
4309
65
2
16
1
2438
26
53
0
0
0
2
37
663
3
0
0
0
77
11
0
0
2
0
531
956
1
337
5
5334
1501
30
916
1
329
0
2
534
17
0
745
0
0
2099
11683
20
0
0
5
0
35
0
15
2431
2704
1
0
5
2192
1
13
0
4
605
139
5
776
7
73
0
949
402
0
19
2
0
0
153
301
82
0
434
0
465
0
0
91
4100
18
0
5
47
568
2
931
385
126
10
376
1708
1
1
24
904
0
0
1620
65
144
0
0
2
23
1024
202
5594
0
3
2
0
5
95
0
0
466
4
0
11
30
2567
1
2
0
20
0
5347
0
92
142
4612
0
5
681
73
0
3786
52
96
36
2
1
32
2
7048
3
0
37
0
29
127
6
258
1
0
0
26
0
2
3
319
12026
9
5
131
9388
1
25
13018
189
1
29
1
0
47
465
3125
0
54
18
447
10
6
157
2534
17
0
15502
0
2
3
0
1
56
59
10
1
0
1
6
15
9
12
7
16
37
1038
35
0
2
0
13
713
66
2578
81
56
0
0
3
169
2
0
1
1525
3
268
2
3068
2
159
10
0
9
43
3
1504
3
8
0
71
2
8
1196
2
18
10
154
16
1
0
1
463
35
12
59
1918
0
20
0
54
317
26
2
27
0
0
43
74
22
3
0
1
1095
55
3
288
1
107
1
0
684
48
11
0
0
0
0
0
1215
1
0
358
7
1
929
0
42
2
70
9
0
0
16
1049
0
0
0
9
2952
7
208
10
47
11
0
2
1
97
3
21
11
0
1750
228
14
1
1
1
0
56
8
0
14
1
0
353
0
5
94
21
27
88
1
910
228
2362
21
0
81
0
133
2
26
0
4
65
0
315
4
133
86
5674
0
0
10
56
259
13
0
0
0
1
0
24
10
262
43
2
27
775
1
31
6
2
0
0
1
0
20
0
21
4
520
23
2054
215
1
8
335
0
1
11
4
31
19
265
33
1
74
2
73
308
13
4268
1
3358
1
5
2332
4
5
40
3
8
242
0
1509
5
0
0
1
92
0
26
2
4
2
9
0
927
4
0
94
0
1
0
142
0
3
0
110
23
5
12
193
0
63
13
807
0
0
8
4
945
2112
619
1
26
2555
49
0
0
636
2
198
0
2
4879
29
3
0
0
0
30
0
603
12
724
4429
1
202
0
1738
0
63
4
0
7941
129
3105
989
0
4
0
33
0
3
0
2
17
1
0
124
13
2
0
0
0
13
53
70
0
122
2
16
0
1
2
0
1
0
60
34
0
70
4
2
0
3009
0
118
5
0
0
93
4
16
96
183
0
1121
0
396
1
893
1
3
0
0
69
0
16
338
9
36
0
4
23
3
518
0
76
0
4
0
0
0
0
3
5
2
134
1
4
144
0
7
1295
1
13
28
0
1305
0
0
1382
1169
286
112
9
0
64
65
0
3129
177
436
1
0
469
0
0
2
0
1
10
97
18
3
6
0
4
5
2
77
3
224
379
9
2553
4
0
11
13
44
0
349
6
0
2
1417
92
10
1
12
3
2
3
1
3
0
0
35
0
0
230
10
480
3798
115
0
27
77
0
4
0
45
0
2
13
454
2
7
1763
0
0
3
2471
0
0
3
274
20
117
0
591
126
174
0
55
48
85
1
0
0
197
0
534
1969
0
1
0
4
10
23
0
1
1164
0
68
58
5418
0
7
1
34
3700
25
0
4
9964
0
1712
93
3
0
0
0
3
9
2
0
1
8
1
281
1
21
26
2
1201
481
3
2
64
8
0
3
2
78
0
997
0
157
0
0
115
22
14
0
1
0
0
74
0
0
0
0
436
132
0
0
2
0
15
5
7
0
0
6934
10
1
0
9
0
0
0
1873
0
0
0
15
5
0
24
0
1
0
0
4
0
16
1143
26
180
0
0
1
59
42
0
84
1
741
56
3
3
4
1
0
7
2
295
3
0
0
0
2447
12
0
869
0
1
29
0
43
2
2
1
0
94
1
0
6
36
6
0
32
16
26
1
50
94
545
0
1002
571
0
11
4
486
141
579
114
24
2
29
255
2
59
31
3
1
1
272
210
25
49
0
0
6
33
30
29
4
100
1
15
150
2408
4992
0
3
14
5
0
1
68
2034
46
16
7
1
5
5
26
0
0
11
0
757
2
33
889
6927
13129
33
1
0
3
1
91
6
107
1
3
3
1
137
184
16
303
43
1
9
122
0
0
0
1
0
0
0
1306
0
0
0
7887
1
0
0
9
0
126
50
69
120
18
0
0
2
0
11
4
1
3
45
2
0
10
182
119
0
0
1710
15
0
31
91
2584
0
0
0
1
225
4
0
536
7
38
5
9654
35
14
1
0
24
3
1
5
31
8
154
1
3
695
1491
0
2
15
0
86
10
8
72
147
0
144
18
1
12
242
13
3578
0
1
1
0
0
0
488
0
2
470
0
0
0
0
7
2
360
11
4
16
160
17
0
1
0
1
0
3
0
365
28
0
19
1276
0
245
0
21
5
10
0
0
1
159
3
0
2731
20
0
121
127
1001
0
45
1
0
0
0
1296
31
22
0
0
2
1
0
682
4995
1
3
0
720
6
0
0
1
0
0
0
0
20
16
0
0
0
2
76
0
128
6
122
1
17
0
3
114
0
13
1
21
3222
31
121
0
1
3
1
30
157
0
254
3
0
24554
1
12
10
0
0
50
5794
0
4
2
8
1
0
0
13
0
0
409
0
845
27
2
1
0
0
4
59
19
1
237
0
308
2703
25
0
0
0
1
3
0
1
342
9
54
30
22
0
0
0
0
11
1
11
0
3
2
318
5
0
300
123
3
8
29
30
344
2
1
7
0
3910
633
503
5
0
78
0
0
575
56
3
2
40
0
1
0
31
498
0
286
0
1
11
1
74
1
136
147
692
0
2
109
0
1385
96
10
0
0
0
111
0
1
1
3143
2
230
9
1
0
1
89
174
3
2
0
0
0
6
55
1
809
5973
18
1
1
0
12
0
1497
0
14
1
1
82
0
8
0
0
326
0
25
23
0
15
674
6
146
0
0
24
360
0
1515
0
0
104
33
0
5671
7
19
1
0
25
0
1
0
2236
193
16
9
1
0
3
68
46
21
577
0
2
2
6
114
263
0
0
0
0
0
54
19
73
43
24
0
0
0
21
6
7
1
2
0
0
1
255
0
0
1
0
126
27
64
0
0
1
128
0
175
165
2
2
37
23
0
957
335
15
11
14
247
0
0
7
1
30
4
88
1
0
4
4462
56
0
172
10
2
0
0
0
0
0
19
0
13
2
10
0
0
6
0
1
2057
0
30
0
3
3
0
0
0
1
0
0
0
53
1
0
7
1
14
69
8
0
694
119
53
0
3722
0
0
14
4000
0
996
693
1
20
0
0
9552
0
0
0
74
0
1
471
9
255
0
0
347
0
0
0
7
0
4
0
17
0
101
346
8
3
0
11
0
2
0
1
0
127
8461
471
23
0
146
0
0
2
6
4404
0
0
0
3
62
14
0
381
12
0
0
8
3
0
959
10
267
6
6
5754
61
27
1
6
0
0
556
782
32
0
58
9
7
24
1
0
393
1
5
0
305
0
11
731
0
2
0
3
371
0
1
3
50
636
51
1
18
0
45
0
5159
0
8
53
154
0
117
218
22
147
0
0
2
168
0
16
0
345
46
1
30
0
0
3
1829
13
31
10
0
4
8
6
9
37
0
1
1
5256
0
1
0
0
24
581
0
120
18462
320
252
13554
21836
320
1446
48567
0
8097
11
1612
8135
192
4252
6
69
32057
6
1612
1612
1612
3421
1306
4
2286
1035
839
1612
1612
163
6294
3998
7393
8037
169
12859
169
155
4609
163
6763
6839
559
163
69
440
17
2993
0
225
9774
4
1612
1612
5659
163
169
69
20
5485
390
163
20261
25
0
6
124
11
713
25
0
91
9
182
17516
2084
0
22
12670
1766
216
355
11
1023
11
2
4439
7521
71
136
184
11
1023
13009
3
154
0
694
1082
7241
31
134
11682
27541
20577
5
2327
49523
13650
784
1718
44
34
181
2
1699
11
11
53
25885
10158
7442
314
97
142
2839
5
15
259
4
5808
0
2
3303
385
4625
0
4231
0
6
0
13
5707
1
1190
0
0
75
0
0
25
7394
6329
0
0
0
548
1
866
0
80
50173
47
1
1173
59
16
0
18
473
347
2
3
4
50141
3461
216
121
2342
46
0
0
1238
2
57
6
130
49072
6352
12
9254
83
0
0
7
1
75
1
7
756
0
9
1297
0
0
4013
340
9
0
907
138
0
0
33
0
3775
0
6
0
0
2
196
34
225
22
184
30
1
199
160
5
212
3
4
8
1003
297
0
50193
0
242
147
4
1
0
57
1
116
0
74
294
5
6
5383
20
148
12
36
0
20
1
1345
1098
6503
75
570
0
0
1256
0
0
0
26
7472
451
1496
0
0
2
1
3
37
1
0
22
0
8325
20
619
2931
0
16
28
1198
18073
1
9526
1
8992
1
630
13572
443
50176
46
1
6
0
0
190
334
5
238
0
2
47902
2080
11
57
3085
0
12
11444
1
9522
33
1
58
752
667
87
0
187
18275
68
0
51
4
2
7
38
52
55
1
0
5
43
0
1
254
3
1017
6
4465
1630
4
2
489
7
1
86
0
491
1
21
8
207
50016
0
31
354
0
0
313
431
30
8728
23
44
178
64
371
1
0
27
23
101
815
3
503
0
2797
0
11
460
0
27
0
0
1
85
2
0
0
967
62
75
43
0
68
44
0
45
0
0
21
50
1790
19
12
10240
0
8
14780
50167
10
0
0
1
25
3753
17
0
158
50
0
0
6
1
323
1
1
2
570
101
1331
0
0
26
1917
405
0
25934
83
43
8
1
2787
3
1
0
1
13886
1
0
0
1
0
0
0
0
2
0
0
0
50
3
79
16
883
45
185
162
0
26
45
18
6
50217
33
8
7
13778
6
66
99
342
18
7
0
0
859
8
10
2
399
330
469
2
2
0
219
0
0
4
2464
0
65
27
444
341
5
126
50
0
2412
6
4463
0
0
42
2
0
0
0
0
120
0
0
389
2
112
1518
144
50114
5
2
0
50061
0
59
109
46533
4
1796
9
1
62
189
6932
0
3242
1591
0
0
39
12
7
2
1
198
0
0
3
6
568
10
0
11
5286
1
51
29
2649
10
7
0
12
4162
919
23
509
0
38
10
34
714
0
0
0
45
0
0
0
1
166
9
50180
50198
3
1
3
50196
172
50170
31
114
989
1355
0
251
50171
115
234
2
0
75
0
0
2
34
6
18
5
75
1345
20
0
0
6
0
91
14
35
0
1
0
1685
9
1
453
464
12
0
0
8251
37
34
28
2
0
0
13
175
0
1
2
298
0
1098
216
50220
55
0
39
2174
79
10223
50226
50205
11755
1320
3
78
3288
9
6
120
0
0
0
0
0
0
50101
1
0
1
50195
39
10
4
11
85
0
0
0
0
95
0
612
1
1
270
816
0
788
55
630
1
22
0
0
1
3
0
1204
27
3
45
1064
16
1
273
3191
42
5223
84
3
552
719
0
197
50222
3
246
25
0
412
238
19
158
397
8
383
0
0
286
15
0
4
426
50144
0
1046
1
0
20
0
1450
206
0
25689
28
254
0
11
0
0
0
1501
1
565
0
0
8632
0
0
0
7
5
0
34
37
2
25
110
16
0
3339
24719
8
3
0
4362
177
53
86
0
100
118
0
48
1
11
0
50131
2
394
0
0
1
615
630
3
1
54
11547
5
31
6
0
0
1
154
5542
0
1157
0
99
2208
0
1
45
0
22
0
1733
0
10
5
328
2
60
1
13
0
1
0
0
0
459
0
0
0
654
0
57
0
2
200
82
35
97
1382
0
51
809
0
1
31
0
203
0
0
0
1159
63
937
49418
50150
1
0
0
0
0
18
0
43
5
68
0
23
1
0
0
1
0
0
0
66
1461
0
0
3
3
0
0
0
816
1041
0
0
0
238
443
139
16
1
6
0
0
1
11
8
115
4
0
0
0
17
0
0
0
18
0
2
0
0
10
3
1
0
284
2
53
264
0
1
0
24
4701
117
0
14
1208
0
0
710
0
7
1928
2934
0
2
0
70
1179
0
0
6
26590
0
2
0
0
1
0
3
9
50194
3
1
17
0
0
12
13880
3
22
27
0
38
93
905
1
406
0
50
83
0
0
118
44
1
0
1
50183
1079
2
0
0
1
0
100
92
161
5
240
0
7
916
108
3378
0
6
2050
0
7
43
0
5684
0
1
0
0
73
0
0
1
16
1
4
248
50216
497
3
2
1
115
1534
1
93
1
36
0
48
0
3
38
2
8
1
50031
0
0
70
27
2
27307
80
3
66
11230
0
13
1
0
106
1
8
21
1
0
0
4
0
3741
8
0
0
12
0
4
0
0
0
8
10
65
0
0
0
133
0
13
4912
220
60
0
0
7593
14
3578
784
159
6
879
687
0
1
348
254
205
19
3828
102
1
0
0
172
5
0
89
50206
3924
418
10186
0
0
0
0
11
3
2
376
68
1
0
859
222
0
0
8
21
394
0
1
137
367
5
0
0
0
0
30
0
0
0
0
4
159
4468
49
2153
1
172
81
0
92
1
0
0
0
0
196
1713
82
0
1
0
58
0
0
235
1
4034
50081
41
1179
1
318
18
0
0
0
6
80
0
4
6983
152
0
0
1
0
0
0
33
0
0
0
0
75
0
1
31
0
0
10
5
0
0
0
121
0
7
0
0
36
0
29
193
50206
1
55
157
0
2
0
48
0
0
41
610
38
0
0
4
1
0
13
47642
3
2
111
1
2
1
6209
11343
0
515
14
1
460
5552
69
0
0
1715
0
2
26
1252
0
27
2
0
1
2
1
1
74
0
54
0
0
1006
0
0
1
249
0
27
62
2
50210
119
802
287
0
11868
8
21738
0
0
0
22
1
0
0
1550
0
490
45864
11
55
0
0
4
11
0
149
5
51
6
1
0
8
2572
0
76
15
3665
641
0
791
278
0
0
0
1
2
0
56
0
0
0
0
1
0
28
89
1781
0
129
11
0
0
7
0
278
4
0
0
0
14572
237
0
0
1
0
726
0
96
92
0
0
12
4498
2
8111
306
0
42
1
313
0
98
0
5
13
7
0
0
0
22
29
75
0
0
0
0
5015
266
9
0
0
0
26
0
0
5
1
17
1863
17
0
1111
0
47802
0
0
27
16295
2
9
0
0
961
0
0
1
0
0
0
14
0
3
10
3
46169
1698
232
21
2
89
1776
0
0
1
5
11
0
0
2
1294
0
23
0
0
2
7
0
441
20
1
2
242
0
5
0
0
10
10
578
0
0
554
2
0
0
0
45462
0
1437
0
0
5
10
0
0
0
0
698
11
3
0
0
0
9
0
1
4705
2
0
516
0
10
16
743
467
0
63
30
0
1463
296
129
11
213
4012
32
33
0
0
355
94
12
0
47
61
0
535
0
0
0
1
4
1
2
5
2
4
0
0
47513
43333
0
13
0
12
0
0
2
72
0
120
238
1059
2
0
0
0
0
0
10
7
0
2022
1
6
0
50195
0
36
0
0
2
1
17
3
20
0
563
0
170
23
0
30
3
7
0
43
0
57
887
39
679
2
0
351
0
0
1
0
0
6289
0
48059
44892
0
1
2303
0
0
1137
2
0
4
0
50178
50213
1075
16
219
0
0
0
0
58
0
867
3
43
15
0
2
0
0
1
0
0
1
1
0
56
0
1
10
1380
45
27
120
0
0
0
586
0
4
1
0
25
23
0
0
0
4
11
3
0
3
3
48605
0
2376
16
0
0
1
0
0
420
0
0
15
0
2
0
0
0
0
0
0
819
0
7
318
124
9
1
47206
1
2
4
0
574
439
5
0
1
1
4279
21
0
2
1729
1
1854
25
0
0
0
19
0
0
395
0
0
773
0
34
0
711
0
141
7
0
209
0
3
0
0
7245
11
363
115
0
0
379
813
9
2
13
343
0
0
82
3
0
2
0
4
1
2035
0
57
0
0
0
2
11
65
0
406
6
0
12
79
3
992
0
280
1
0
47
2541
1
33
0
0
0
0
0
9
0
28
10
1
0
21
851
17987
0
0
0
0
0
1
333
0
0
50
2
4
35
27
114
0
0
0
565
1087
0
0
10
30
0
2
2560
996
14
0
0
13
0
1
20
1
2
487
7
0
3
27
0
0
0
0
2
189
1
17
0
0
0
19
2
0
0
0
0
0
257
1
0
238
2
2
42
0
40
46248
0
2
427
72
501
0
218
1
0
39
0
0
11
29
0
15
0
119
6
1
5
1237
158
0
0
0
0
2
205
0
406
5
0
892
16
2250
0
21
0
0
122
0
1
0
4
0
0
0
79
2
1
27
0
0
0
417
0
17
0
27
267
0
0
0
0
11
208
4
0
0
0
0
23
93
0
0
0
3
0
20
0
15
414
0
0
0
54
0
2
7
141
2
2
237
0
11
0
0
13
0
0
2
0
0
411
8
56
0
1
0
1
417
1855
1
2
2
0
0
124
0
50
1
597
308
7
0
9
486
0
19
1
336
176
0
48
43
9
0
451
0
1
5867
0
1
0
51
0
11
6489
1
0
0
0
1612
147
100
147
1573
26866
169
163
261
1243
994
2045
3335
22096
994
4220
8661
1128
160
1748
13233
29156
13757
163
8511
274
12877
8518
3424
14723
26211
811
8139
29584
11179
38
2532
12180
5104
320
147
17178
40309
936
160
135
11044
7248
2692
160
87
0
3566
390
19
21350
225
4178
0
1612
163
329
374
5495
264
71
330
0
0
0
45
17951
116
128
16
2
272
1681
2427
70
1
1899
1
35
482
1927
1146
361
0
434
6498
131
692
3601
8599
0
1
4
0
4
6
1577
182
12852
5044
11002
3
5441
4462
1851
0
542
145
184
61
3398
6524
959
1206
2772
31
111
992
11
21
301
2523
190
1162
203
682
169
1
0
7
3
572
1
3689
487
517
535
0
59
7401
131
845
3493
317
1
7342
49
0
65
5622
158
211
9180
3
0
3284
4
0
11
5407
0
1951
1771
559
92
1
2613
2
1200
187
64
1306
21
0
3205
0
2
800
0
394
10
17
0
0
339
15
89
2
0
0
0
0
2381
73
0
45
491
0
3747
144
4
3975
410
56
6038
0
1
29
14
7
2704
0
0
0
1253
0
10340
106
2684
411
0
133
102
12664
617
2
0
3853
0
919
57
5
34
0
738
80
2820
6340
3
7863
7237
3
0
1
3
0
0
4
22
32
573
1
2
12
1472
0
1635
1062
0
0
158
0
2
0
236
5
0
8
988
0
0
45
0
4
131
0
3
9
17
1
1
4
0
2
22
41
0
0
52
8
390
24
560
0
11
1
14
0
0
3113
2
5
5003
4
7
8707
11
8
150
50
0
59
104
0
7
1
0
0
3897
6540
97
9
0
1
0
146
720
1346
1467
1043
10023
70
10901
1
4633
0
0
50
93
1947
2
0
82
4
1345
0
43
0
3
1
5758
511
4872
1
8
12
37
0
11778
654
61
12682
3114
1318
49
23
4
13
8
1113
0
3089
33
107
0
1
10
13983
43
0
28
7532
1
48
245
0
7
1
7
167
3
23127
0
1
13
40
35
0
2
11879
0
8
0
27
12
0
0
0
2001
887
5
1
1
25
15
8
303
1247
269
296
0
204
1075
79
0
110
28
22
0
20
5796
1
564
11348
0
1
8609
1
0
81
3
331
0
6717
3
158
0
0
1431
19
11
12619
132
3240
7372
0
7
0
10
5
351
0
1890
746
0
9848
192
785
4
1
0
87
1
2709
0
0
45
0
0
0
0
0
3
26
2
14908
125
0
0
5
60
106
6
165
0
0
2843
8
0
3
27
29
0
3
4
0
101
145
2461
0
0
4
521
21
1059
4125
1584
36
0
1133
0
21000
23
0
5
2187
93
3
0
216
1813
1743
14827
5
149
1
354
1989
6332
58
5
1
8178
100
0
0
2
0
1
4
15
1
3622
0
2
0
1
12
0
39
24
12
0
0
3
5
0
0
37
27
19648
0
13725
0
1
1
16
0
504
0
150
55
0
10
1852
516
0
72
0
17
37
8826
35
2
458
2
321
1
10
0
0
0
1
0
3
34
1
1
61
45
0
173
2
0
1
50
2826
50
0
0
5
0
0
3
47
2687
1016
0
182
0
0
393
0
2
0
1
1943
0
283
2300
21
0
198
1
128
1063
0
1670
112
1
1
1
913
1
126
1
0
3
0
2
0
31
0
0
3
4
0
2
8
0
0
4625
5
7
2
0
2713
62
268
1
68
9
2907
0
23
0
3
0
20084
1
4
0
0
436
137
1221
1
0
2
1
9
0
1618
4
980
44
0
29
0
0
12
130
0
64
9
0
55
3232
0
1
1248
37
11
0
0
2
17
45
1
3396
0
0
0
5
1
0
0
0
0
0
84
2
61
32
28
3
0
1
7
214
67
0
6
1349
0
0
3
25
1493
432
401
3
3
2
2
1
0
13
866
1
0
0
0
0
177
1
8
173
1753
571
0
2
0
7
450
1
0
0
6
45
49
0
26
7650
3
0
365
0
0
0
0
3171
80
4
2
0
0
0
1
0
0
0
0
6
10
827
7
206
451
1
1
73
763
0
3
1
39
0
0
1
0
3
513
0
0
0
0
304
0
0
3
10
252
249
0
272
22
15268
0
0
0
0
25
0
4
45
4
1
26
121
0
6003
0
1
1
6256
3
2
0
0
0
2
1
0
4745
0
13
1
1
68
0
0
1048
2
4
13
6
14
96
4
0
204
7
13
1922
0
0
1
0
10
21
14
9
67
7
155
0
0
1937
0
758
0
23513
1
7
3055
0
4
4832
21
0
4
0
101
1
290
1
1
27
292
7
1
900
1
29969
14
214
31
0
0
1
281
0
37
0
103
1
0
20
17
13
915
7
41
1
0
2
1
18680
0
3
0
1423
1015
11
1
1
1
0
2
69
7
558
69
7704
0
91
254
3
4313
2
13
678
2
0
34
36
0
5
0
1
209
1
0
1
6
7
535
1
1
10286
0
191
114
10
5
0
0
1
227
361
0
1
0
2
3
0
1
301
1
0
0
7
3
11
0
2
0
4
0
22
78
0
0
0
5
2
4
17
0
48
1
2
7
0
0
0
2690
1
3
193
5
3
6
21
0
1
312
44
7
0
167
9
1
4
12
83
134
3
0
6
0
0
4
126
6
281
44
1
28
397
1
4
1
0
4
3
4
103
546
3
3
2
46
0
1
2
0
67
252
0
4076
0
0
331
0
0
0
0
2
2
96
482
48
1
0
11
0
61
0
2
6
0
9
1938
0
602
5
1
2
15
0
0
3
0
1
6
8
215
126
2
64
0
0
1974
349
259
111
58
0
1
10226
0
1019
0
1
346
9
0
49
87
1
444
0
1
6
6
228
30
0
181
0
0
11
2
0
9
0
139
0
34
183
383
8
48
444
0
35
10
2
0
277
59
168
1844
6
240
10
9
0
1
0
6
656
2669
1
0
0
18
4
8
650
1
17
0
98
18
0
37
47
2
1
3
0
1
17
0
11910
7
0
1
0
5
0
0
636
0
1
10
0
2
2
0
0
7
0
2
1
0
2
3
1
2
0
3
0
380
7
8
1
0
3
3795
455
1
0
3
1
2
1
0
2
0
241
2
32
17
168
126
2
21
8
0
1
0
0
0
106
37
20
693
260
120
6075
4
0
3
967
1
14
2
12
1
91
31
585
14
1
6
16
2
798
1
0
10
0
0
4
0
5
1
1
23
0
29
33
0
1033
1
153
2
0
158
0
0
9
5
9
515
0
0
344
13
6
1
15
0
0
5
0
95
0
5585
54
10
17
0
565
1
5702
0
90
17
0
8
0
4
0
9
0
8
30
3887
58
0
0
396
1
0
0
0
16
0
4
0
34
0
23
2
0
1
0
2
3
231
7
1
0
0
4
34
2
1031
20
56
0
0
182
1
0
45
29
2
0
135
1
0
1
2
0
0
21
13
1
0
0
78
2
0
8
15
564
0
336
50
14
423
0
0
1
0
14
0
5
0
0
19
1
785
358
931
2028
0
0
0
30
78
1
1
117
13
0
0
34
62
580
0
1
2
26
150
873
11067
1
21
18
0
9
0
0
121
1
0
3
24
2052
86
0
3
0
0
0
312
0
2
0
0
6
8
0
2
2
0
53
0
0
0
1
2
11
15
160
0
1
2584
1
1
0
1406
7
17755
208
44
66
3
0
0
24
0
56
0
61
1
0
8127
456
106
4
1
9
0
68
0
54
708
98
18
11
18
82
1
0
384
0
6
366
4
0
0
33
0
267
4
4
25
0
0
0
37
1
0
17
50
0
1
48
711
0
0
1314
4
0
3
5
0
9
0
6422
101
0
0
442
34
5
9
0
2
0
6
830
0
92
782
1628
4604
401
29
321
70
0
44
0
45
25
24
0
0
1
0
0
0
4175
0
0
116
6
219
7
14
186
2889
1
4
0
1
0
0
0
0
4
2
23
1
84
0
0
723
1248
0
15
0
18
4
28
0
9
5
108
378
11
0
8
24
0
5
360
8
2
252
1
20
0
194
1
0
5
76
47
15
69
0
5
0
0
60
120
90
0
299
75
4
369
3
5
6307
9
12
18
1
0
0
16
218
1
146
0
0
9
23
0
20
2078
2
2
0
4
36
130
0
0
0
0
6
38
0
234
2
0
4393
0
0
954
1
1
0
0
161
13
0
15
2
0
2
1
0
0
0
17623
0
0
0
1
1
0
4
6
2
31
0
0
456
1925
0
0
0
8
18176
3279
0
26
0
3
4639
2541
45
464
0
0
0
267
43
9
0
0
1
2
10
0
15
0
0
0
21
1
0
0
0
0
0
0
2
110
109
57
0
2
1
8
30
25
0
102
0
3
2
7
1
6
1
2893
16
0
0
0
0
1
0
2455
1
16
114
485
12
251
18774
27
4233
538
0
0
0
4
197
0
2
17
10
7
0
46
0
2
3
0
3
13
231
7
0
0
1
0
4466
0
1
3
0
667
78
52
29
32
0
72
5
0
3203
0
0
0
0
2
0
67
16
0
1018
0
6
2
3
96
13
6198
630
200
0
747
4122
7
1
26
1
20
12
23
9
0
29
19
44
304
0
4209
0
16
1
0
7
0
0
0
0
6
0
3458
10
17
12
4
16
91
0
0
34
0
1
3
0
0
1
38
0
7609
1
0
0
1
1
37
2448
0
1
2
12
0
0
0
68
57
0
215
26
57
23
0
3
59
2
2
487
3
10
0
10
0
21
0
5
6
2
3
223
0
0
0
13
0
29
164
36
39
5
1
507
201
0
1
4
29
0
0
0
1
46
5
0
810
357
0
0
260
0
1
3
0
0
3
0
4
2
0
15
3662
414
3
66
0
2
0
436
0
0
22
148
6
9
2
2
5
28
0
1
3566
4375
12013
5104
4966
3566
12859
3362
10562
320
8992
6
320
5104
87
320
41837
2374
11688
27029
2650
169
23938
5104
163
169
158
125
158
10562
13107
169
0
5302
0
1312
5057
4498
12017
185
147
11626
507
12265
87
0
4220
969
10857
4259
154
638
4517
419
19178
29156
10560
4375
17232
5104
7469
6
5057
5897
5773
41
19613
94
0
18
10436
1105
10
241
18019
61
12852
103
19820
13048
0
24959
1
191
9
31
2
312
6550
183
1052
25
1052
10
7253
183
992
0
992
61
0
2618
2813
2194
0
11
0
18863
12132
1809
348
9341
8905
12
745
24166
1
12638
7
0
23
41
4
202
7
23638
4
428
27
21705
40
4
7471
1
0
0
3738
1
753
28
3858
0
73
89
228
0
0
4
98
90
76
651
46
6
8
3
8
631
1
6
600
418
1520
2135
1
21
0
7372
14950
228
9
12
323
149
1403
3
0
40
3806
57
182
257
196
262
1174
21705
275
4546
17
0
0
878
0
102
4
111
339
173
1
5174
1929
958
4
295
213
404
0
1
10
1
4
1592
537
0
3145
0
7
0
465
2445
465
245
1
0
307
0
0
0
2
4
407
15
874
6
834
2
9
3729
4805
0
0
17
840
1
5
4493
0
91
399
160
41
1
1645
3650
17
7
1
2
239
966
142
529
22299
12120
933
147
0
1
4
6
1755
53
13
1195
2416
5
5834
0
135
60
14
909
0
61
0
0
27
1254
0
0
0
1412
37
43
275
1
0
82
18
64
1047
24
2
0
407
151
1
13919
2
5
0
3
34
448
1
816
2
0
24
186
119
28
392
38
373
2
254
137
1
21848
8
0
41
49
0
0
16152
1
0
1
1
260
7
1
1
150
0
0
0
220
397
92
74
1979
367
640
0
5
4
748
0
0
494
665
1
171
31
1
5443
1
0
0
144
0
0
188
0
0
0
6
1026
73
0
0
108
476
4
3
9
0
491
41
34
582
0
7
1
5
0
0
1
0
0
1
12
54
29
0
435
0
54
4
54
0
1217
11
0
54
16244
2198
2
15
0
5
694
4
0
1
1
130
17
1042
5
0
6384
466
1
0
0
18056
1167
1
1434
0
143
0
25399
0
0
21
0
1
968
353
0
1973
3
2
6
0
0
0
92
6
31
624
15452
201
3
602
4
45
0
3
416
0
416
0
1
2416
0
10
1
21
15835
0
0
20
2
5
68
217
18
31
30
0
0
3
0
1586
9
1306
3
34
21343
29
10
0
0
0
1984
4
0
0
0
103
247
25
1
10
2074
0
6630
1392
1
13
835
7
0
28
61
0
0
0
530
0
8
0
294
0
294
235
31
54
9
3736
1
0
144
162
1818
2
217
236
1
0
138
6
0
458
0
0
1
0
25
2491
1
2
3
80
69
12394
567
6
11
0
8
5406
0
33
1
6
4
45
69
80
2
1
0
3
3
47
0
0
253
86
3
10
0
0
1
0
0
94
0
34
0
21
0
16
0
21
93
0
12950
0
344
0
10
1
3
283
1
3
1234
312
81
0
1
8
0
0
1
95
0
952
5
0
17
3528
1064
301
7385
1781
4
1
0
0
0
5
118
0
2
0
3774
3190
85
0
0
1
0
1
6
0
226
101
45
32
45
31
0
18
0
4
1401
5414
5
0
7
0
1
234
0
1089
8
0
1
0
3340
2
18607
0
229
0
0
2
5308
2
2510
1
0
3
2435
1550
573
381
15
47
0
1
0
87
8
2
9
2378
272
0
51
0
2
1131
82
1
0
0
1
0
410
76
0
28
0
6049
9
0
0
17
3822
0
0
35
29
230
1
0
24920
0
8
0
1
4
3
0
7
0
0
0
1151
0
117
0
0
0
0
139
0
13
2
3
2
10
3
53
308
683
0
0
14
0
324
0
3330
0
85
123
1
790
0
11562
287
0
0
13
0
22
0
16
0
0
0
0
2
2
2
35
51
859
25
145
122
4
0
0
0
6079
0
194
0
392
6203
2
2
2
29
11512
2816
4
0
227
0
43
0
2
57
4
2
0
30
1
0
66
78
918
0
0
0
98
73
15
250
11
0
7
239
1
75
443
9
26
9
90
0
51
0
3
1
6
0
337
0
1
236
1
3
36
0
273
29
758
0
6878
0
8
1
69
52
1
0
0
287
12
16
30
6
459
0
0
0
0
362
1
52
24
890
1340
2
407
0
2
2
15576
7
0
5
243
0
0
0
23
0
26
0
35
0
25
0
1
1364
22
0
0
2
5
1
2260
0
0
0
0
0
244
83
0
8
0
0
1
2
0
5
14
5424
2
219
0
6
0
1
16
0
4
0
0
1
3
0
0
3
195
174
0
2
86
21
4161
444
7857
372
0
1
0
58
252
0
42
0
55
0
0
0
0
146
1
10
0
102
0
5
2
0
5
0
1
1
0
359
1
7848
1
3
0
54
0
97
43
481
11
278
0
6
0
0
1
4
2
0
3
0
1
2
0
146
1
2
0
0
426
4
0
0
2
0
150
124
0
0
21
10
42
0
40
0
11
0
235
372
0
3080
1
108
4
12
0
0
3
0
0
8
1533
5
0
1
1251
0
82
647
4
0
0
0
50
20
6
7170
54
0
0
2
56
4
2
94
1454
2
7
1308
1
0
524
0
0
0
0
0
2
0
0
633
0
0
1461
0
0
0
0
0
2
391
3240
15977
140
0
33
0
9
0
6
13
0
1125
1429
284
0
2
0
0
0
2
1
85
0
2
1
0
39
69
13
2
0
0
0
77
1
1
47
2284
0
0
5
20
42
0
0
1
21
0
372
20698
0
4
4
1
0
8
265
0
479
0
569
0
1
191
4
64
6438
0
2
0
0
0
2
1
2
341
418
3
3
25
60
697
0
0
1
0
133
145
0
8
0
2
1
15
2
1
8
1
1
57
1
1
1
270
154
1
1
2
19
1
25
0
1270
19
8
264
0
4
1322
0
68
0
1
251
1
350
1
147
250
59
234
1209
19
1
6
29
0
152
1484
318
167
1
0
411
15
177
0
11
0
0
0
3
1
275
0
0
0
4
0
15
118
1
104
1
1
0
59
551
3
1
719
0
0
0
0
2
0
1
3
3
4
0
33
0
32
0
0
404
2
348
239
2952
932
17
272
311
116
1
8
0
5
1
0
1
1
9
2
0
11
1
0
0
0
23
0
0
1
6
2
1
0
0
0
1
0
100
8
1
108
0
24
11
0
116
37
0
12
27
0
2
2
0
623
0
718
0
470
1
0
0
297
101
183
108
7061
33
1756
31
693
0
0
175
3
62
0
9
6
0
425
3
17
86
0
3
0
3
3
1
0
3
30
3
5
6
3
4
4
143
2
10
900
44
5
951
2
0
3
0
140
0
0
99
4
0
0
2624
210
4
509
0
74
0
538
176
2899
517
2723
15700
186
496
0
214
3
2020
0
2
0
0
0
0
11134
143
557
160
0
0
0
8687
85
0
19
906
0
0
1
0
660
5
0
0
1
263
0
504
4
6
375
2664
35
1
1
9
364
1
20
0
43
1
1
0
0
0
2
0
430
0
1
435
4
34
4
68
175
6
0
639
2
1129
0
5
91
63
17
0
2
1344
525
3
0
0
0
3
0
0
1
0
0
0
137
0
1
9
1
0
18958
1
33
4
1
583
3
2
0
4
3
88
4
0
8
34
0
74
0
12
0
78
22
0
2
77
0
94
208
0
209
1176
753
5
3
5
1
16
46
0
467
0
0
12
0
607
1878
51
18
0
0
1872
0
6
11
0
74
4
0
1
64
26
53
0
37
1
1
1
87
4
1
5
0
12
58
58
5
3394
6
0
35
1238
2
0
0
2
2624
0
2
586
133
7276
1109
10
850
676
18
0
4372
4
2508
8755
3
10
4
125
18
1
303
174
4
0
5
94
68
28
1
0
1
0
0
0
1
0
60
41
5
1
5
428
2
142
561
1
114
0
0
274
0
1
74
4
1
17
77
90
0
37
1309
4
243
24499
288
139
7313
593
1825
143
1702
149
0
0
20
0
18
1
0
4
11
3
26
3
1342
4
6
32
4
7
0
8
58
0
4721
6
733
166
20
0
321
3
2
9
0
1
0
2789
8
97
634
3
14
0
0
0
7
0
153
0
407
5
0
17
0
353
43
5
22
18414
194
27
0
0
0
2
2
0
6
0
10
0
2
2
4
0
48
1
0
17
2
21
5746
13
0
41
0
1
1
301
6
213
1
732
7
0
901
0
5
0
50
17
37
95
0
3
0
5
2532
13
0
708
135
0
0
3
16
4
0
2433
84
0
1
58
183
321
3
4
1
1
2471
0
15
0
9
1
2461
0
0
0
3
0
24
0
0
4
226
0
2
3
1469
0
3
1
506
3
0
0
2
1632
1
15
0
5587
77
5
1559
69
0
0
0
2
408
187
7
479
73
56
7
339
4
2
0
24
12
0
0
360
446
1
3
1
2
0
10
0
3
0
2
332
2
69
105
11118
0
173
0
1
0
0
4
390
1068
3
757
4
0
0
0
8
1
0
21
92
2
0
36
27
0
977
2
848
1
0
0
0
2
0
46
3
0
3
0
9
0
0
33
3
121
0
0
33
2
6
4109
0
4640
0
7
1
300
0
165
1
0
56
1
1
0
1
497
2
1577
0
0
1230
0
18
2
5
87
1
15
0
950
0
3
0
245
0
0
5
118
1
11
46
0
0
104
0
4
0
95
1380
18
12
6
0
0
2357
54
32
1
0
48
423
2
0
19
0
8
0
10
0
0
2
0
1
0
9
56
0
3
0
24
218
38
0
2
3
3703
35
137
1
0
1908
0
0
124
0
156
2
6
0
842
657
0
12859
329
10314
9260
847
38
226
603
9443
26748
20257
1060
11200
29584
1887
17113
14089
13757
6
8128
4238
11
6862
5104
41567
147
12859
87
18319
998
13372
147
35264
797
1243
44158
320
12859
1664
147
185
797
320
87
2205
33028
274
1252
14
194
2634
797
10280
4220
27869
5104
797
6516
4060
31115
17833
1988
147
1145
5737
38192
3765
5043
1
7266
137
8
46450
0
405
14507
2248
1581
40
32295
140
404
0
870
3875
428
4271
21266
8
2838
7975
2111
19192
76
134
6110
6
1397
2
1
8050
5360
245
42
2233
961
44
48
17855
1
239
10
877
6
2669
0
3
70
3598
5956
0
916
2
2329
10
149
2838
0
1
0
859
3
83
1082
0
10242
2547
0
130
0
1
9
77
2
180
0
0
108
0
237
4133
2
43
103
5
25
988
939
135
5701
505
1
134
0
1378
4
20979
6407
287
0
1
1
5910
25
0
108
207
0
33
220
0
8367
817
0
1346
1463
284
120
13627
104
360
1
403
23
0
126
8
83
1
19
240
0
24588
228
964
0
210
9
3716
8518
41
0
0
30041
19556
670
0
4225
4
324
11403
0
2720
7
2
0
4
324
0
88
35
2164
14
17
2368
325
1920
336
0
2134
0
44
2
6
3368
7
858
44
0
236
5
1
47
608
12
448
8
11877
116
33
1
0
4471
130
0
0
0
0
0
981
0
7110
0
5
4313
1502
58
80
0
2
1
12671
4636
2
19
2278
93
0
2822
40
8
0
0
67
177
3
0
59
18
0
757
2
11909
0
1513
38
10
3
4
15
19
321
1128
4265
0
0
12
695
33
934
3
0
140
1
1
0
14
1
9
17825
426
2
0
85
96
3334
15
90
470
1
10154
0
36
2
6032
174
0
0
27
234
4333
1123
403
256
0
0
0
6
0
0
106
0
39
26
5
10
441
1
1
135
24
4
2
914
10
2
0
0
680
1
0
12
4152
3035
0
102
1
1966
5
1
189
1
172
9
485
0
4159
0
0
17
17
5
0
0
1
840
39
14
0
0
31463
49
1186
5591
7
3
1
15
0
0
0
2
3
15
8
1
1
0
2586
0
0
13
330
0
249
113
3
62
0
0
14387
53
1700
34
18
0
37
2324
6
93
0
36
0
132
28
0
0
9
1
1196
486
2
0
47
68
57
174
306
3
1040
4
1290
182
0
1
63
5
13
169
16
15
0
1017
167
310
163
1
0
35
1
0
0
0
2
3
1
214
0
1
12
0
0
540
122
1
5
507
0
8
255
38
171
27
19
30306
0
4
13
4
3210
527
0
1
1739
2
1459
0
1
1
8
1
2
10
2
34
3890
3
62
3
0
250
397
0
41
12
18
23
4
0
1
0
0
2
527
11
21
1
0
0
1207
792
129
0
22
10
2
2
1
5
0
36
8
2
665
0
0
156
2
0
2
0
1692
88
0
7
54
68
10
0
0
0
2936
122
788
847
9168
9
5
2419
4
0
0
1134
3
72
28
2010
146
470
0
3
14
18
45
3
0
301
0
960
33
11
17
1
2
4
32
2
6
32
0
0
1
0
2
0
16929
0
127
62
247
0
0
1
63
0
3134
4
0
180
15
26
290
2
0
0
0
43
0
0
10
0
1
2470
0
40
20
91
1
0
1
3
291
10
7910
36
2
1280
50
5
161
1
1
8
0
43
8
73
19
1
65
0
0
0
0
0
2
0
0
2699
5612
1
40962
0
9
1
17
3736
3
119
8
0
4537
0
640
1
0
2
0
0
1
0
3
0
3
222
3
0
85
4
0
0
3
42
0
27
1079
0
123
0
6
1
0
3
12
695
1176
0
604
0
16516
2
478
91
0
889
11
1
188
1
0
4
0
1230
60
1
1089
0
1
12
1
69
1
10
538
52
2
388
0
4172
428
1
123
0
4
60
0
0
0
0
0
0
1
7
117
6
0
1025
6978
13
0
0
0
342
0
70
3
12
0
0
0
0
29
24
882
50
3
2
0
1
0
15342
0
56
0
0
75
57
0
26
125
2
0
6
0
0
1199
5
12
0
1
9
0
3
30
0
1757
962
300
7
2
171
27122
0
38
148
20
48
0
0
0
1
67
0
21
0
0
0
2206
0
95
0
8931
1047
0
0
0
1
1
0
1346
0
1380
0
2
1
7
0
102
2
125
1
36
5
10
0
0
1
0
0
1
108
0
0
0
3
3
51
0
9
7
2468
19
148
32
4926
86
16787
22
0
0
0
23
27
370
10
2
7961
0
9
1
4
1
3
1
13
150
47
0
0
492
0
0
0
5
0
6238
124
51
4
3
12
0
12
0
0
196
0
299
314
43
1
6802
6
14
0
397
13
5
13
15
0
1
1
19
1
0
6
4
0
2
355
0
17
1
7
0
2
30630
121
0
506
1
7
63
0
1
1
0
0
2
1
0
6
7594
9
18
33
104
0
3
30
109
817
0
2
252
2
1
0
0
8
351
0
25
13
55
2134
0
4
3
0
66
0
0
32
8
2
0
8
1
4
0
0
0
1
0
2
8
0
9
5
68
10
1
0
0
1
0
4
428
0
0
0
0
2052
8880
0
144
200
1252
1
0
1
0
0
814
1
1
0
26
3
104
10
0
7
3
153
5
0
15
5
253
219
3086
2
0
0
2
12
149
2148
1
49
26
19
2
0
1269
3
0
0
223
14
0
28
15
0
253
0
169
0
73
6
0
0
0
4700
8
46
2
61
0
0
11
2
1
41
0
25
1
5229
0
317
10
0
0
55
0
24
72
78
0
2
0
0
4
9
3
2
32
48
2474
2
2
2816
150
63
3
2000
3
1348
4
0
0
16
0
1
0
28
604
0
44
0
14
0
26
0
0
113
0
1
354
0
23
1
0
6144
1
87
0
2960
20
0
114
165
0
1
2
68
11
621
0
1
662
30
1
0
2
5
0
7
1
193
24
1
0
0
0
18
1
0
59
526
32
333
9
32
0
2421
13
0
14
24
0
496
4169
2
0
7
1
16637
1
29
0
2
0
7
142
1978
0
431
70
2
1
0
6083
0
4
0
133
1
0
0
682
4
49
0
0
0
21
1
0
139
4210
0
0
1
1
27
16
0
194
535
4353
2755
6
12
0
1
0
8
0
0
2
0
90
0
14
1
1
1
663
33
1
1314
70
4
39
6
0
7
1
0
0
41
0
7
0
0
0
67
11
0
0
33
46
0
0
103
441
0
16
0
0
0
5
0
1839
92
36
0
0
8915
746
9
75
2
13
0
0
58
46
5079
0
1
0
0
0
0
57
2
1
2
9
45
28
0
0
19
0
0
1093
121
1
164
114
2
26
134
0
7462
6
0
0
0
6
8
232
2
50
1
0
0
38
0
0
0
209
2668
1
0
0
9
254
296
78
396
899
8
1
58
0
0
627
36356
287
0
22
56
0
47
669
2
0
104
8
402
1998
81
0
0
24
0
10
0
0
88
6
1
17
0
314
0
0
324
0
0
667
0
16
0
0
0
111
1
0
1
1
9
128
0
346
8974
100
4
9
0
0
11
0
2
0
143
27
0
50
17573
3
1582
0
45
1
0
10
1
2
10371
18
1
48
1
41
317
2
20
0
0
509
0
127
1503
1
0
0
0
1
0
7
0
185
0
4005
203
0
39
0
54
2
1
54
130
1
69
1
73
4
694
1
7
372
3
0
432
1
1
784
2
29
69
43039
1
3
85
4
1202
9
0
1
222
2
989
3
231
614
0
0
0
0
114
1
28
0
461
0
433
911
66
0
0
25
8
1
74
105
0
4
2208
32
104
0
0
1
1
9480
0
49
5
1
1
0
77
0
17
39
17
577
0
0
110
66
15
651
102
8588
17
1
0
6
0
0
4
27
1
17
0
0
0
18
18
0
2
16
1
0
20
2
0
0
22
0
76
15
0
37
5
0
26
7
0
0
1
9
0
0
0
0
0
14
61
1443
12
0
0
1
2
171
20
7
2
111
0
55
0
0
0
3084
31
0
0
1
0
0
0
17934
0
0
9
0
9
8
0
1177
0
1
0
59
0
6
2
26
0
0
3
99
125
3
0
0
5
0
1
183
0
0
0
4
26
0
0
0
366
331
12
8
0
0
0
0
11
241
8
0
40
0
113
5988
18381
13
1
0
0
1
295
21
0
682
21
918
201
1388
3
22
0
297
3
2
14
4
64
7
0
1
12
60
3
0
0
289
31
0
114
0
2
27
9
2
0
557
4
0
0
1
370
164
0
1450
1
1
18
991
0
923
850
0
2
2
1704
16
820
3185
0
50
317
0
0
60
3
16
9
0
8
1
1
0
0
1
0
10
2
37
0
20
49
1712
0
8
0
1434
0
2
1
0
0
0
0
1
1351
0
38
121
0
596
0
271
0
1
2687
4
12972
167
28
60
34
1
0
24
0
0
51
1
0
3
6
0
1973
497
2
16
12
12
0
0
146
29
0
5
0
1
6
653
1
8
0
0
0
0
312
196
0
276
0
9
2
0
1
0
0
0
454
1
0
0
0
2
1167
1
0
1
0
0
0
2
540
0
923
58
0
9
0
10
26
17
0
714
108
116
2
26
7
0
2415
1
663
176
6
6
0
3
1
0
7
39
346
0
0
0
2
145
160
15
4
1
16
2
1
4
0
35
0
0
22
2
1
150
0
4
0
0
201
97
1
302
0
119
0
27
89
0
1
2
21
1
0
1
2
199
336
5
23
6
1
1024
0
1848
18
3
0
0
0
0
11
1
258
2
217
56
5
0
374
50
0
23
0
205
0
0
11
1
43
1
1
0
6
12
16
1
2
200
9
1
0
0
13
475
0
20
5
4
6
102
5
0
2
0
6
40
0
0
29864
11517
87
7143
12859
638
12859
67
5057
147
3326
0
11878
169
4002
3091
48
67
73
2017
33028
262
0
19063
35060
185
15607
29156
67
5746
65
163
55
9107
3566
11853
3
5041
9420
0
3566
3566
3566
28
5057
16244
5057
28
3566
0
5815
12180
8174
7085
28
7570
5549
249
3566
12405
5057
839
0
18272
1
8354
2111
6
4693
9961
5241
4551
1
5044
21246
2886
27225
7007
2
7705
28
25
0
28430
2
200
91
12
3
629
75
5256
25
66
0
1036
489
5
6134
83
24125
34
0
1940
8204
1096
1317
34874
0
79
0
2554
3695
1940
6
6429
2
10
34874
11
68
71
2054
5
0
20
8204
519
0
3
11
756
257
17
0
137
360
10594
1
11898
162
0
20155
8588
43
131
78
0
20844
37332
53
152
64
5
3460
0
131
1239
112
4
10
3
9
2
353
4879
5
2165
0
67
22
0
14133
5
14133
3045
5
278
786
0
0
0
0
14
15906
9072
9
30985
14133
0
0
3922
9622
239
101
272
0
6
0
0
19307
0
16195
0
11478
41
0
0
5
0
14
0
1573
19
148
6788
0
19
3
63
0
0
0
0
1413
17406
361
0
26535
2
1
21
15502
23714
36678
23145
0
3
0
833
5505
24
3194
259
4
7
23145
0
1
26
3776
2
50
1
0
0
27
1778
768
4
1
1130
6
11467
0
102
0
0
0
44
0
33
18488
0
87
0
23
2
0
1
186
0
90
67
0
2
22941
752
5
0
0
0
0
654
0
16343
542
0
59
0
277
0
277
320
16339
1
7777
3805
7
1
0
4693
52
0
13
0
9
101
25
5
490
5
1
142
2
11
1
0
125
44
110
31
175
1009
4
1
17
0
0
36
58
11
0
151
111
3
30
36
0
240
36
413
17610
745
3791
18
310
43
0
3
272
13
0
763
1094
0
11473
29751
150
10245
3865
6
4974
10977
763
0
0
1
41
7
0
19
784
0
43
2
0
1065
8
2
159
29
23
1129
55
45
0
19
57
113
1
41
0
0
1898
141
0
158
65
29
45
0
18
0
796
0
0
712
44
1
1036
4031
7743
4
5
206
8
122
243
2
10
0
0
5
0
3957
0
0
1604
649
0
0
3
0
0
0
6
12
1
1172
1
187
7271
247
0
0
2269
48
72
15
37
0
1929
0
185
1
0
1932
217
0
815
39
0
3981
0
1023
2212
21
0
935
209
201
8042
0
33
0
0
18
0
0
0
1
7916
0
115
615
0
17
91
7
504
773
72
4583
26
11
0
8
63
2
0
3
0
0
0
26
23
7680
0
10
3
0
120
111
1
24
0
0
348
2
54
0
11
290
0
0
0
0
0
0
8
282
0
33
8106
17244
0
0
2819
175
636
0
0
0
0
0
5
0
7
4342
58
334
7230
226
444
4445
31
5
0
1
14
4
50
83
0
11
1
1329
3454
19
0
50
1
0
10
10
3
0
1102
215
0
0
4
0
35
228
10
0
0
0
0
331
0
843
32
2
2272
0
46
0
2617
0
15
229
7253
7
30
0
0
0
0
2
18
21
22
6
0
54
41
12
36
410
1
2
397
6
0
0
28
0
1
3335
18
0
95
0
23
1058
2
4
4324
9
2564
0
294
335
1201
58
1223
263
2952
0
0
0
60
0
1004
0
0
3
1814
7417
3197
0
2
1
263
0
15
6
65
0
13
0
8
14574
0
3
0
0
1952
0
41
12743
1565
813
0
0
0
5
5
707
0
33
4069
13
54
0
445
14
0
1
0
0
363
0
1093
1
4
610
3
0
1
86
6
0
65
149
3
3
105
3
6795
276
2
97
3
0
0
1
0
0
12239
21
0
0
0
0
0
0
0
45
4219
0
7
0
6
0
4
247
0
10
1399
15
518
0
0
0
9
0
4
0
0
23
3
7
0
0
2
0
3
0
2
2993
110
16508
0
5
16
21
0
1816
0
0
5
1
923
7
349
1
18
2
37
1
0
3
0
0
996
45
0
8
8
740
2
4
0
684
142
2
662
0
153
82
0
0
345
5850
1
0
0
42
123
0
0
0
4
3
177
0
2
0
728
0
47
0
79
0
0
14
28291
53
1
1206
4
301
1
13
0
1938
3
0
0
4452
2
440
239
0
0
78
0
809
117
1956
0
423
3
6320
5
5
0
3852
49
63
160
0
0
0
4
37
215
0
0
0
1
3
2
0
64
0
3
2238
0
0
0
0
2
0
17872
0
0
25
5
7
187
3
1
32
0
0
13
11
12
0
0
0
0
0
7
0
48
2
1
15
0
11
0
0
0
0
1
3
0
381
0
0
0
0
1798
2
0
0
0
0
88
700
1
2
0
0
0
0
3
0
0
1
2
33
3923
0
0
557
2
934
0
24416
0
1
14
1
1
3
0
0
0
3
0
118
2
347
0
5
0
0
441
1
166
10
4
0
0
503
0
0
3
14119
0
0
1
7885
0
412
0
34
4
3
1
4
0
1974
10
8
40
280
0
1
0
2
0
3
0
95
0
0
1
1
0
0
0
0
7
159
365
0
0
2
65
0
101
305
2088
1
6818
1813
1042
352
0
0
7
3
0
0
0
1295
0
2
0
0
0
130
1
0
197
3
2
0
0
0
3
930
1
0
0
0
7
0
0
0
14
89
0
0
19
0
179
5396
1
331
0
14
951
594
80
25
0
146
0
237
98
380
3
37
0
8
0
3
1883
0
5
1
1
0
15
1
50
0
15
630
170
0
0
0
0
15
0
1
0
8
9
0
2
1
0
0
0
9
0
2040
43
0
73
0
0
30
2603
28
30
20
1107
0
0
9
234
12
7
13
4
40
0
0
0
0
3
412
0
0
76
0
0
12
0
7
1
682
113
0
21
1
61
1
0
1
0
1
7
0
9
4
0
393
0
3
0
0
121
10
192
42
0
0
230
2
0
0
11
1
0
1
0
0
0
76
2337
107
0
0
0
2
0
4
10
0
0
0
208
132
9
14
490
0
0
38
17
0
2
8
0
0
0
0
11
5537
452
209
18
4
13
9
0
1
608
0
0
0
0
1
44
0
0
17
4352
4
1
20
0
43
0
2155
112
42
29
0
48
0
739
1
1
3
0
1
0
2
1
3
0
0
1
0
2321
11
0
0
6
1652
1
1
0
194
1
100
602
4
31
36
1
0
514
0
179
71
4401
0
7
7
0
2
0
220
0
0
12
4
2907
0
13
30
0
1
24
1
13
1
42
53
20
174
3
6
1
113
6
0
0
0
0
1
0
0
27
0
2
2
17
5
0
0
3
2
0
160
1
14
0
12
347
0
15
0
6
1412
0
858
9
30
262
1
0
0
160
121
218
11
0
0
7
0
28
0
0
1222
0
1
11
44
3
0
1
0
0
1
0
0
1
3
0
20
0
0
0
0
0
0
1
0
3
175
2
0
0
8
2440
22
20
3
0
205
0
44
8
0
185
94
8
6950
0
0
44
0
0
1
57
0
6
0
0
11
0
306
13
0
0
0
0
0
0
0
9
1
1
0
0
0
2
0
0
1
52
0
1
0
20
0
0
2
0
0
945
0
98
0
4
0
0
0
2
0
0
260
5080
90
0
0
2
1250
4
13
20
15
0
0
1762
0
0
0
323
506
1
181
2497
13
87
23
0
0
7
9
0
0
0
20
13
2
0
2994
0
0
0
0
0
52
8
18
1140
1
1
13
0
0
0
385
7954
0
0
8
2
0
25
0
2
13
1
1
0
0
0
0
0
20
60
3
5
18911
27
0
0
292
0
0
0
78
0
1015
547
0
0
0
3
0
0
79
58
0
0
0
0
0
0
31
0
6
0
0
0
0
0
0
0
1
0
1421
0
1
0
2
167
0
0
1
1
18
0
5
223
1
0
2
0
0
0
65
0
63
109
9
0
11
0
0
0
8
167
0
7836
406
0
221
24
4
48
29
5
0
0
0
0
171
4
2
4
2
18
1412
27
1263
89
27
36
175
66
6
1
42
0
0
134
108
15
34
405
0
1
360
0
0
17
0
59
1
181
1529
0
24
410
2
0
1
1
0
0
5
832
8
0
0
0
0
7
21
11
14
2
4
90
1
10
0
0
0
63
0
0
0
9
165
1
222
0
1
0
640
11
0
2517
1
33
203
0
0
0
2
1
0
0
827
4439
3
0
25
2
1
0
36832
3
0
2
5
1
2
17
0
0
3
138
0
305
0
19
786
7
0
10
0
0
0
53
3
0
0
0
6
11
0
12
1832
0
4
1
9
2
1
0
0
0
7
1
30
0
169
0
0
0
0
0
0
444
35
634
0
17
1
0
2584
2
4
0
0
1
0
4
15
1
0
51
11
0
6
0
0
0
201
0
944
0
8
0
0
0
0
0
7
749
24
0
0
1
0
10
0
8
0
6
3
0
0
0
0
188
230
17
1
22
4
1
0
0
0
0
0
6539
0
0
0
198
1
0
0
129
8
6
7
2130
2
596
152
0
0
0
0
5
1
1766
2
0
6
1
10
0
0
0
0
16
0
0
1
0
0
37
161
0
0
8
0
1661
1
0
71
10
0
1
0
1
61
2
4
49
12
0
20
41
0
0
1218
170
16
13
0
0
17
0
10
1
1
174
0
0
4
1180
0
2
0
0
5975
0
0
13
2
0
7
0
0
0
8
0
17
0
35
0
0
1
0
0
14
0
0
0
0
0
1773
0
246
0
0
0
46
10
2
1
6
3
7
0
0
15
0
0
141
272
0
9
1
0
0
2017
0
0
1
0
1
1
1808
4
1
0
1668
0
5
5215
0
0
0
0
0
0
0
0
0
482
0
0
0
9
0
0
7
1580
0
0
922
3
0
465
0
0
0
113
0
72
0
1612
1612
1932
0
163
390
5659
953
69
5104
440
163
225
84
69
0
69
10919
14381
859
169
440
5678
69
5659
12859
1328
19
163
1887
440
4802
48
1621
6
6
6
0
147
163
5104
31407
147
210
12859
11896
12859
38
5532
11074
13755
3566
2776
320
22373
773
466
9840
845
17424
77
9458
163
12859
11
11
6244
4767
2
1109
53
1179
557
312
784
12106
93
41
6485
8769
13989
49
148
262
1082
784
10
7442
53
119
429
183
2
40
784
2
590
5
2419
2419
2419
8606
510
14698
103
13
510
6492
4749
3924
5
2000
20
2171
1043
3890
1
634
2
1902
46921
3581
66
4282
8
88
6477
48
0
0
1
4
1397
229
104
43
2
304
4
435
75
4
3
10
8250
13
4373
31
47
4
655
6
120
58
3271
112
1865
92
4
94
1635
19
0
0
0
0
530
527
9
3678
14207
2
8
22
371
11
888
1559
4145
1
0
0
104
530
9
16
2505
20
3
11347
5
82
0
0
212
0
10
8
80
104
1218
0
1
278
117
515
5
31
4846
21
2988
4
30
897
11518
74
126
3
9
44
39
90
11912
109
35
36
0
0
0
303
27
2465
30
335
79
81
9830
0
27
195
23
0
545
356
329
3441
49
0
8
1701
76
0
4
823
0
0
0
175
1
0
185
4480
52
2787
5351
18
116
101
0
1605
62
0
1
3
205
84
0
11
11
23
59
7
32
0
6
0
3390
4
8
47
0
0
0
373
13
53
203
1021
0
202
0
58
1
2
0
30
283
0
0
446
1
256
359
288
438
2
77
836
675
9
38
1139
431
45631
5
1405
0
559
15
1
0
609
8778
5657
10
4
25
2184
0
366
1630
4210
2
768
0
3
50
0
6807
4444
0
2364
4243
18
1
1
1
0
0
344
2
0
3510
3
42
0
20
12
0
2797
19
2
1
0
3
76
23
19
58
17
0
14
0
26
561
2
0
13
20382
0
1
1
576
1
14
3
1
637
11088
227
0
1856
20
0
0
13
3
8
0
9986
66
364
4
2
2
0
0
103
0
0
0
6790
161
3
0
0
1
0
1
6674
15
5828
83
1
3031
443
8
7
48
13
2
4514
0
215
10
4
0
37
0
1
3
0
14726
0
229
1311
2
0
1
9
67
25
0
2
9
9
1
24
1730
25
12
2
196
0
23
0
2
3
2092
2038
4
3
0
0
0
8009
3
4
0
0
0
8
1100
388
1
2720
16
196
0
0
8
119
54
0
109
2327
311
4
21
8
0
3
7123
0
60
1587
0
45
21
0
0
0
0
1
7
17355
18
2
45
0
1
1
25
1440
12
5
21
42
0
3
9
0
178
46
19
0
0
0
0
0
0
13
0
2
5
0
17
86
3
0
0
135
8
8
0
13745
0
241
7
3
0
0
38
1
0
55
188
1
490
1
6
13
0
10
134
64
789
1
0
425
76
44
655
1
0
0
23
0
1227
2
0
8
0
0
3
2
22
116
24
0
0
0
0
5
4850
32
18
1
1
0
0
5
3
3
0
0
2
0
0
14
11
107
4
0
3
44
61
1
290
3
432
39
10155
502
3
9097
0
21
0
0
2536
0
0
0
1
0
392
3
158
398
19
12
72
555
0
1600
2265
3
0
145
0
0
10
7937
0
0
0
2
269
54
1
1162
0
1
0
6
1377
0
7785
0
0
0
492
0
25
67
2
921
2
1
92
2
30
175
0
0
1
0
0
0
45
0
0
10
7209
593
1
6
12531
677
20
9578
109
3414
5
5
4
1
35
2
6
310
7
3
0
1
12
1
0
0
0
286
0
0
4
2
0
0
19
0
55
3
21
1
13
1823
1
0
0
0
0
100
0
0
0
5
474
1
0
0
1
119
7312
47
4
55
1
1
0
410
14
956
0
23
14430
0
0
5213
0
26864
181
4
3
0
12
10
0
0
316
743
48
14
0
0
0
0
0
3
2
0
2
404
1
325
10
3
0
0
1
0
4
0
1
0
12473
6
4
5
15
700
43
1
1
0
48
7
0
17
10985
0
1
0
1
738
1189
1022
72
0
681
458
9
829
227
4
443
1
4622
66
128
33
0
0
16
1027
831
0
808
808
690
1
286
0
2
2
5951
2
693
130
68
15
0
0
25
0
625
172
2
433
105
1
0
75
2
345
94
1
31
0
4732
0
209
7
24
1
11662
1958
1
1
165
4
0
19009
0
0
1
3
7
62
1
448
3
91
1
413
39
67
1081
125
5
0
1
1
2
140
1
1
4
0
20
0
4
0
2
0
2
2189
1
0
10392
31
96
29
0
0
16
27
63
0
1
14
0
0
0
7
289
30
1449
11094
1
782
2
0
0
18
1
0
21
2035
0
3
0
974
13011
0
6
1
0
66
0
26
35
5724
0
0
316
316
213
4
34
360
862
8
0
0
0
0
0
5
0
1733
5
289
1
22
0
15
2
0
0
0
7
5
0
1892
0
502
0
5
0
2
2320
0
21
10345
0
1
0
113
0
0
123
1918
1995
7
2
0
14
0
4
172
3
3
230
1314
0
13
1
995
8
8
1
0
0
0
0
0
0
0
3
17
6
20
1
17
7940
7
0
2
0
29
923
0
7
10678
8357
6
33
980
0
0
2270
0
344
74
16
127
0
0
0
0
118
1122
0
0
107
0
558
10234
0
1
11
934
3
0
0
1157
311
3
0
131
18
0
0
0
219
502
33
186
0
0
1
1
42
6528
6
1
2
174
0
1749
142
250
2
10
57
682
5
74
8
313
0
0
0
1943
9
2
11
1
4
0
5
14
2
0
1
0
154
0
1
44
2150
50
0
77
0
7688
2005
0
0
7
17
5
0
10
1491
2
0
0
0
0
20
4
1
0
1
105
78
0
33
137
0
3
6
230
5059
83
2127
1
2
51
1
1146
0
370
0
13
1
1719
287
0
3118
0
0
18
131
2
5
0
9
18
17
0
0
5
1
360
0
0
110
10
3
1766
0
0
237
0
775
14
6232
0
3290
3290
1604
0
130
3386
0
7
45
0
1
1
2
459
1
0
1206
0
33
1
43
0
1
85
1
1
8
0
107
4549
1
4
182
1392
118
0
0
14764
1443
0
2
0
9
54
1
0
0
0
0
5
0
2
1
73
1
0
0
189
26
1
10
0
4
38
4
4
0
1
0
0
1
0
1765
0
1
14
1
0
0
38
105
0
0
5144
4
36
115
1
1
2
34
3147
1260
64
0
2
17
0
354
74
2607
1
0
3
12040
0
770
1
0
24
8846
1038
112
320
6
1
15
2
72
41
0
1
0
0
0
1
128
0
195
195
3960
1
0
3
129
0
91
5875
18
0
99
986
0
54
16
68
2659
47
18
0
0
0
9
14
191
80
4
0
12
9
16
1846
2
0
215
136
62
4
9
0
1
0
146
7
0
209
296
3
2
0
0
5
23
0
31
27
0
3192
4
3
3
0
0
0
11
3
0
3
0
0
1
72
1
0
2
2
6
0
11
5
1196
23
37617
6
5
296
49
5
44
1677
2
0
0
0
4591
0
15
707
1
3
11
0
239
0
370
0
0
0
0
50
13
138
0
2815
8
5
810
0
0
0
195
0
0
0
9
0
596
596
514
2
2
11
0
0
157
2
7
0
0
1
0
171
10537
2
3
0
26
0
0
959
2
98
2
5
75
0
2
0
3
302
1
6
115
127
0
0
4
3
0
5237
0
15614
0
0
2
3
2
1
115
1075
5
1
4
0
1
0
0
2241
2
15
0
0
78
1
18
0
2
0
2
3
1
0
1
1
0
0
3029
21
18
1
0
0
45
8935
12
24
10
19
1
8
57
0
1
21543
10
0
17
5
1934
0
5
9
0
3
0
0
1003
1
0
1
0
9
0
7
10
0
0
16
1
0
0
1
56
395
0
106
50
0
0
0
0
67
0
0
2
7
0
1
0
5
133
961
2985
1228
0
5
10
2795
44
3
15
52
163
48
524
10
12
0
0
1
52
186
84
0
399
0
37
835
0
338
0
0
0
8
13
0
0
9
12
0
5
0
26
70
180
5
2
0
80
183
0
0
2
5
1
29
0
10
27
0
0
49
0
1
1285
0
105
0
0
5
17
0
0
50
74
2021
0
0
0
0
1443
0
270
259
22
0
92
1
115
1
663
1
207
0
1653
17
0
5
0
224
0
11
0
0
24
2
34
1
2
0
0
5068
1
99
1
186
3
0
0
132
1
2
14
0
18
1
0
0
0
1000
0
0
4
4
12
0
0
0
0
0
0
0
0
0
9
6
0
574
0
3
0
0
10
9
518
0
0
2
74
5
9
1
0
3
30
640
65
0
1
6
18
2
202
59
206
27
4
4
24
28
0
0
297
0
24
175
0
0
1
28
31
0
0
0
0
0
15193
0
1754
0
2
2
0
146
647
0
0
0
2
244
794
0
13
0
21
0
6
13136
2
8
50
2
0
13
0
50
0
0
0
2
34
7
345
0
10
0
473
0
52
153
34
0
1
754
0
63
17
2
77
5
14
1
3
9
0
0
0
898
0
1
5
0
421
3
1
0
22
746
9
41
0
1
0
1
2
6786
0
4
0
0
0
0
17
3
16
0
3
2
0
320
0
47
6000
11351
57
2053
3
1
3
0
0
1
1
0
0
0
32
222
2
0
5
193
62
2
0
0
41
2
22
237
42
1
15
0
5
0
71
1545
0
18
0
18
0
64
1
0
1
0
14
6
3
3593
0
0
0
658
0
7384
1
10832
275
5
0
1
0
1
0
11
1
1
0
71
1
15
4
0
12
1
1
1
0
1
1
0
0
0
1
0
120
21
96
1
4
67
755
0
17
0
3
103
45
18
0
4
217
4
5
28
11658
11318
2104
4191
440
9025
6
4815
6
11
21517
4220
27491
4703
12878
6464
334
6100
87
12859
4999
1
5104
13027
19308
10314
320
38
27581
20033
160
3623
15
163
27738
994
797
4888
2882
320
320
13847
5104
12859
147
320
87
7713
994
5104
147
22671
5031
8617
147
320
9163
13604
4465
2045
249
1351
509
603
10
48
295
1294
595
10
2521
4
11165
10877
107
40816
788
0
27
2
59
0
9066
4749
19
58
415
2726
110
19215
14610
197
2752
6
31350
0
3708
8543
263
2
3090
14
276
387
1314
2
182
4767
6110
2913
161
258
52
121
0
5
4843
2
0
94
5583
23
12
2
1
4548
11165
0
18865
791
1537
36
1
128
0
534
237
85
54
3
12
6603
938
0
4187
541
0
8
30
25582
119
1017
0
2054
0
0
0
45
0
7
23628
2
3375
483
4225
43
10058
805
1027
40
0
12
444
15
1
25
1302
344
3263
0
8
0
6
2
1
2
599
487
34
0
633
599
0
2
39
2
8
0
6
48
36
19
0
848
14
34
6
1
0
5
587
9830
904
3
1817
312
6
84
29
55
36
1
2
1630
19583
6030
2
3
2008
42
971
0
929
191
3306
0
2
397
33
2
2653
1
892
2511
40
2
30
325
0
2
8237
27
4
0
3
0
0
1
0
10
139
1
4435
6
419
1386
235
2008
0
119
50
1
7833
21
0
0
0
230
27
3
13
24
0
16
74
1
1866
0
2123
274
91
0
8
6241
6
0
289
1
12
10
1
0
5
23
22
0
0
0
4
201
39
9
25
0
76
1545
0
48
0
36
215
1741
4272
75
515
30
33
609
448
1
0
22
1308
0
29
5603
15
4316
0
648
0
31
20
0
17
29
7
5
640
45
7
0
16743
47
4
16479
22
157
1
3
3470
42
560
1
432
109
16892
1
1
0
68
0
72
1180
728
72
2816
5235
201
2
2116
289
52
102
7
159
115
70
3346
31
15
7
0
0
0
2
0
20786
0
0
0
141
1
1131
4
5
1
75
55
2
84
1
0
0
0
14554
1
1354
1172
437
8
18
83
0
11612
16
13
89
1
5080
1
2774
56
1
0
108
350
60
2
1
237
0
1
37
1
11248
0
0
0
0
159
0
186
25
495
395
4569
7821
208
0
0
1
3
3087
31
576
2
0
0
27
51
5
0
1
4
6163
1
0
3
802
3803
0
2
0
0
0
0
22036
18
1
1
34
1355
10
130
0
0
1042
0
2
0
0
7
1
38
0
43
3359
0
20
2
421
0
3
22
0
0
0
6
0
0
16
0
391
0
0
922
358
20
20
8
32
832
78
110
256
1235
1091
7
2
1
14
13943
6
11
151
5
0
0
1
3
4
1
0
112
11
0
0
0
0
146
1
0
0
36
5
1
80
1
1829
4
1
1022
0
4
6
4
8085
2
0
58
2
1
0
20
57
7
1
0
223
2
587
0
6
26
0
869
13
1
2
0
57
0
3
2586
0
396
0
0
37
0
0
16
577
1
76
0
182
0
0
0
3541
0
0
0
19
1
0
0
3
0
0
27
0
0
6
2849
382
2
5
9
89
0
21
5
15
35
1
1
0
2
135
3236
5
0
0
1
8
15
0
40
0
1
2
155
0
6
716
2
1
37
0
119
40
48
2
0
2
11
0
734
0
27
2
152
44
292
5
0
0
2
1
0
15
0
0
0
0
2
1
671
0
1
1
2311
0
0
0
510
938
15
0
6166
1
0
20
7
0
0
1
74
1
5971
203
2
2
6
0
1
0
45
1
77
0
6
8
1
0
18
15
5
19
0
1394
96
3
1
6
1
0
0
39
0
311
3
104
1
167
158
13056
119
6
1
58
2
41
2489
0
0
0
2081
39
0
1853
0
72
2
1
0
0
0
7
21370
389
22
2
23
1
71
2
104
1
3
0
3
711
0
143
4
0
1
0
1
0
0
18
529
5
0
295
41
159
1
0
22
168
0
78
31
3
721
1
0
161
0
2649
4
0
14
168
14
0
1106
0
99
1
3790
143
6
170
3
60
6522
163
21102
6
67
192
1
3
1
17
3
3
1
27
12
0
6417
0
0
3
2023
1
17
3430
31
1
3128
1161
0
0
1
0
0
0
8
1
1264
0
1
4699
21
3
11
5
2027
8
36
22
0
89
3
1122
11
0
729
3
0
0
14
1243
22
0
121
0
987
17
42
413
6
0
22
0
0
1
12
0
11
0
49
0
118
1
15
0
0
0
0
172
1
6
47
7
156
169
2
22
308
2
4
9
273
7
4046
17
0
3
0
0
0
11
1
25
0
1
36
0
2
2
392
0
9
596
3
3
348
3
0
1
147
127
2
1496
1
2
0
4
0
7
0
136
46
1
0
6
0
1
5
35033
1
0
53
48
11
164
1
1
2
3
1
6241
2
4
0
13522
1
0
0
0
2477
0
0
8
6
1
48
0
88
0
5
101
0
5
0
13
7
1
12
2
0
0
0
33
26
2
14048
20103
2
1
13
109
0
195
3
6
1
27
2
0
11
96
281
20
2
6
1
2
2
1143
0
27
1
1
18
5
0
5
47
102
180
492
0
0
4170
31
0
6
0
0
4
317
0
0
49
196
0
1
1
2
3
0
688
216
6
1
8
1
233
0
11
761
57
0
0
1
42
11
0
1
338
4
0
1
3092
219
0
34
6
0
77
0
0
6
182
0
0
2
4
312
1
20
5
45
0
544
28
1
0
0
1
515
0
65
0
0
18
0
0
8
12
649
2
2
2318
13
2
3
95
33
3466
1559
2
0
4276
9
0
3
0
2
13
39
4
0
0
1
0
21
14
1938
16
1483
0
0
12
208
3771
1921
251
179
11
8
21
0
33
0
1
779
0
4
1
0
0
6
8
0
368
20
26
0
5
0
0
0
76
0
471
0
0
22
7
3
3
0
154
6289
3
151
4
0
4
18
0
1
373
0
1
0
3
1
52
21
54
7
159
312
0
0
0
0
0
14
0
0
123
3
0
267
1
0
413
4
6
1
150
2
12
0
0
0
7
132
2
769
0
238
1
0
0
51
4
45
0
0
34
3
1
0
0
0
7
0
617
2
5
0
0
3188
0
0
0
1
1
99
4391
0
0
33
0
0
1
6
3
0
0
40
475
0
5
2
0
5
0
0
0
157
21
0
3
0
412
20
6
16352
2
159
1
0
61
298
57
1
0
0
1
0
5
5
67
3
5
1
0
0
0
660
0
1
0
5977
40
0
2
79
0
51
1
4
44
0
0
2460
1
3356
2002
1568
1
122
2
10
111
101
162
15
7
4
1
10
0
16
0
0
1184
1
2
74
0
179
0
0
1
50
0
1
6
51
0
0
0
2
47
0
10
211
31
3
2
1
0
0
19
0
0
4
1433
3
50
726
1
4
89
1
0
22
0
267
33
161
192
0
0
974
2456
2
470
29
13
0
110
1
12
5
231
0
0
1295
1
1
0
0
0
8
121
0
40436
0
0
4757
264
5
10
12394
24
154
2
1
0
0
0
190
22
1
4
3
1
390
1
14
3
7
3
1
320
168
535
0
1
177
612
0
0
0
0
0
0
8
319
1
1
1
7
220
0
0
2
3
1
179
0
45
0
725
87
10
0
61
2
6
6
53
20
1749
0
0
1
662
310
0
1
0
0
4
0
0
1
18
1
0
3607
26
0
0
0
13
166
1771
80
35
1
13
7
0
38
0
1
17
1
24
3117
129
0
0
17
2
16612
0
1
18
5
0
0
258
21
3
0
0
9
0
2515
1
0
299
30
0
0
0
2
2
3
0
0
11
4
0
2
1
0
0
9
0
1
67
3
0
126
30
83
0
44
26
0
37
3
0
0
0
0
0
0
73
459
75
52
22
0
0
0
2
627
0
1
37
4
158
216
487
2
3544
0
0
584
0
350
0
1
2
13
0
0
60
25
0
0
4
10
193
9
18
124
0
0
0
28
5
0
0
1
0
6
4
0
85
126
283
1
0
0
0
9
4
0
0
0
0
9
0
45
15
77
0
3
1
9
68
0
8
3445
0
0
0
6476
2
18403
460
14
7572
0
2
255
0
94
4268
0
44
19
1633
0
0
0
55
70
1064
20
0
3
1
9
2
980
0
75
3
12
5
1
124
0
475
934
16
0
27
0
0
4
0
15618
14
6
141
4113
17
1243
1240
253
5
2
0
52
0
8218
0
0
149
0
0
80
170
8
1
2
1
3192
1
5
112
0
25
2
32
23
0
0
0
2
110
0
0
0
0
21
290
34
2
2
2
0
1
39
33
0
3345
0
7
2396
1
3
21
0
39
89
3
492
1
5999
0
957
0
2
327
20
3
4
9
1
170
40
0
0
0
313
1
6
0
3
3
2761
369
29
268
0
0
49
0
2
12
877
2135
185
0
4
16
0
0
0
192
5786
1
104
0
501
0
14
4
5
3
41
91
18
74
3
4
48
167
0
1
7
1757
0
1
3
421
102
8
0
0
11
5
1
9
0
0
46
0
81
188
0
9
69
1
0
251
0
0
0
1
202
0
0
4
0
6736
0
4
6
16
3114
0
324
2
470
3
0
293
0
0
3
19
0
0
0
58
0
54
16
3
948
10650
9
37
0
77
76
19
0
1
0
0
1
11
0
22
1
10
1
123
153
0
3839
51
1
4
0
8
0
3
1
0
4568
0
0
2
3
1
0
24
7
10944
125
0
738
0
18
2
3
63
0
3
1
197
0
31
1
1
0
429
0
0
0
0
2
1
3
0
2
86
0
7
0
12
1
15
0
0
50
0
0
3
0
7
44
16
71
124
2
0
26
0
0
0
1
4
3019
1
0
3
209
0
11
7927
14066
4238
4220
6460
1709
5104
320
13002
13470
2030
3684
160
12337
320
163
6222
12859
38
274
11149
32687
1988
32687
1646
274
9995
1276
6517
9996
1942
6057
320
32687
320
1408
51
11074
20287
320
320
274
13537
12859
11907
22594
12946
4238
12859
100
185
1446
163
5627
38
1060
3
62
4705
2691
7922
274
68
2850
0
3873
2870
5634
0
0
103
4880
6
50
1286
6302
478
58
12852
18140
0
503
2
834
0
10
628
6
2
2318
414
20
0
37
0
788
1528
33
537
18
72
22194
0
1811
12852
3
2
6284
108
4
96
59
7880
1574
2194
58
2492
15
37461
51
14096
121
7
961
4
300
7
144
592
7005
120
1
7184
261
8
4941
0
146
19
1
1217
0
652
277
19063
65
0
4
0
9
136
1
5249
225
0
0
1
227
2
134
3
2
13
111
6148
46
0
8
1409
0
4584
11
13966
21
44
23
25
1
3
75
960
21
9265
24439
1799
43
30
0
5
1
388
15621
3676
649
37
2572
2
6
870
4118
16233
8
1
52
1
0
92
1369
1847
0
1
3
18775
10405
565
5850
41
175
0
15575
549
3831
805
439
2187
24
3
2351
9
138
11569
124
13
11911
101
2
1329
1194
31932
0
0
10
81
1
0
1
4169
2135
2196
5
44
6638
1208
3746
16616
4773
9
1362
805
2
0
2
2556
405
889
1340
0
1
60
15
1
54
4063
5
1
1
0
0
188
388
16
5
4
247
2
45
368
259
3013
0
10
506
1221
25
13
41
36
438
0
0
2
0
134
3152
9
1694
925
0
0
0
15
3
1637
749
10
3054
15
3662
232
0
5
1
6859
0
117
11
1765
0
44
8
15
1791
816
1
0
0
12
117
0
0
570
366
513
0
9
0
3
123
3
0
0
1
2
131
5
979
3
6
0
11812
1
0
767
0
7
23
18
0
13
23
0
0
865
275
4
30
0
2977
2
11
3
6
81
2028
0
9503
0
65
8
0
2423
0
4
0
0
4
2
3
4
138
10
0
66
122
82
261
8
1
6
1670
623
0
1
8
3
1
97
0
747
2
23596
0
0
528
1037
310
0
0
0
0
1854
288
0
0
1
5177
5124
1
46
4
0
511
8
6
1
7
1980
983
180
0
0
0
1321
264
6
4
0
10
2
0
726
5
2
587
23
1
17
391
3
0
1
0
7
1
5
2
150
2
298
383
92
5
0
108
6
0
0
1
2
0
0
0
317
21
1154
0
12
1
1
2
12
0
1
11
0
0
0
0
0
0
4
0
0
0
0
1
124
0
84
1
0
0
0
16
1657
21
0
513
5
86
0
458
10
10
0
1
18
13
430
0
0
3
109
3
1
26
2
5262
0
1667
54
0
955
1
5270
0
0
23
3976
62
7
31
0
24
0
16798
2226
6
1226
1
209
1
0
6
6
1
2
714
24
0
2
79
0
0
9
0
38
16
0
0
1
0
3
2
43
6
1
1
0
0
6
1
0
104
1
1
33
132
0
129
13
0
4708
0
0
3
0
0
15
0
0
3
0
2
0
707
2
847
0
37
131
5
49
5
2
26
1
1
236
12
15279
108
0
0
10742
747
1
14
4
2
0
108
0
3
3
58
23
115
1
0
0
1
15
7
1076
0
1
10
2
104
13
1
0
10
54
0
220
0
0
0
0
223
87
6
6
6
223
2114
0
0
9
0
1101
1
0
83
8
1
540
25
4
0
7
4
790
2
3
0
47
18
1
0
87
0
31
5
0
0
767
14
1
5
332
10
28
8
0
0
0
1
1
3
1
499
2
14
3
20
2427
0
5
420
2632
0
0
51
0
5
6
3
0
8
0
6
2
19
97
1
1
0
631
3228
2375
0
0
0
1
0
0
1589
132
2
10
745
2
0
0
1
15
9
0
9066
32
277
0
5
0
21
3
76
0
0
0
5
2
0
1118
24
3
14
2
4
8
652
1
82
1
3
36
1
28
0
0
1
371
1
3
10181
15
0
1
327
1
0
15
7729
148
0
0
6466
139
0
0
0
0
2
3
0
2
0
1
0
1
431
134
75
5
1060
0
0
0
9
0
72
0
5
0
0
1
6
12
16
0
0
0
0
1182
6
1
3
3
12
0
110
0
1
1
1
0
0
3
8
9
0
4
0
3
0
7
0
1
756
14
0
954
1
0
0
16
2
0
0
46
0
4
4
0
5
47
0
783
0
1
1778
0
0
0
0
0
5
63
5
4
963
0
4
9
0
23
1
3
11
0
0
25
0
131
0
2
34
0
1087
0
1
3
0
0
636
0
135
1161
2
0
225
1
0
1245
0
2098
46
5
2637
2
4
4
78
12
12
2915
173
0
4
10
0
39
10
220
36
19
57
170
0
0
0
5
10
0
0
0
6
45
4039
1
2
0
78
0
80
1
0
0
0
27
0
0
19
1
4
0
0
0
506
18
0
1
12
0
0
12
0
54
22
0
226
0
0
1
3
0
1
115
17
2
1
3
2
11
3
0
23
0
534
0
0
316
1
4
0
0
0
1
5
123
15
139
118
0
3199
500
1328
0
41
0
0
3
298
256
92
0
0
20
0
1
0
25
1
8
282
5
0
0
0
1
2
4
0
1
70
0
1
39
13
82
8
102
358
0
0
0
2
19
0
124
0
0
18
50
1
0
72
12
1
99
3
91
1
0
3
2275
7
1
84
1825
9
2936
53
0
0
0
0
1
110
1
2
80
0
19
2
1
6
0
2
107
1
0
47
38
0
3
0
0
215
2
4
1
0
0
149
1
0
3
3
3
3
2
2
0
0
33
6
2
15
1680
27
0
0
0
0
0
625
986
46
1
7
0
113
1
7
1995
22
8246
6
5
0
0
3
1
7
0
0
99
5800
14
107
0
576
10
0
284
3850
24
0
95
0
54
100
4
0
20
1
0
0
0
0
4
1
0
2
0
1
0
1
0
0
2
2
0
1
4
0
16
1
10
3
0
919
1
0
66
0
2
527
18
0
2
27
134
5
6
1
9
277
25
0
0
0
0
0
826
4
21
0
0
5
636
0
4
1
0
37
1
2960
5
7
48
1
0
143
2
207
3
1
0
0
50
117
4
7
3
0
0
0
4
74
0
0
0
433
105
0
0
59
1
22
2
2
2
6
0
3
3
382
0
2
0
0
0
57
0
5
121
46
181
42
69
0
1460
3752
0
0
2
0
68
8
14
32
1
1
634
0
28
8
3
2
0
0
1
0
1
1
72
1
14
0
10
1
2
10
2
0
0
19
1
2
61
7
9
5
0
1
12
0
4
41
0
0
26
325
0
1
11
0
522
0
0
0
0
3715
0
0
2
6
0
0
1
0
53
3
15
58
1413
0
0
40
82
17
1
0
3
13
0
0
2
29
2
13
0
0
0
4
21
18
0
2
32
4
12542
69
1
19
4468
1
0
1
1389
3
7
2
0
9
0
1
23
0
0
18
1
190
1
29744
68
408
215
19
0
18
0
0
1
25
22
0
16
8
8
0
0
3
0
0
0
2
0
369
0
1
0
2
0
1
7
2
1
1
0
0
8
11
0
3
550
0
5
5
22
0
489
0
0
0
594
3
0
0
0
222
0
0
0
30
2
0
499
39
10
2
1325
1
15
217
0
0
64
9
0
15
1
2
0
3
38
1389
21
0
0
8
16
7
444
0
8
1
1
0
0
8
428
415
3
0
13
278
1
17
50
63
27
2
1
11
0
0
942
1
0
5
0
162
1
13
0
1066
73
0
0
3
1
1
1694
0
8
85
117
2596
0
3
0
0
6
0
2
28
1
14
256
13
0
0
0
5
25
27
131
4
0
22
0
1
0
1
0
179
0
1
2
18885
170
2
2
0
0
4
0
2
0
1
20
0
14
31
18
152
0
9
0
834
962
1
0
3
0
41
0
0
0
3
0
47
143
34
21
206
31
0
2028
3
14
271
5
1
1
11
0
0
0
0
1
0
1
3
61
0
1
5
0
0
0
151
0
64
1
514
1
0
1
4
0
458
0
11
473
1
9
27
15
0
1
13
9
2
2162
1
0
0
612
22
1
245
22
396
38
1041
4
2
0
6272
1
0
0
1375
3
11
18
11732
92
206
0
1
2
0
6
0
0
0
3
1
193
0
4042
0
1
3
1
0
0
0
60
3
0
24
128
0
0
5
0
0
0
170
0
6
2
42
0
8
2
0
465
6
2069
133
12
2
20
0
7
0
4
0
125
622
3
5
0
0
20
83
37
390
0
11
0
0
0
3
2
0
1
0
1
16
0
0
0
3
3
0
2
2
78
0
0
2
5
0
39
5
1
1
10
191
2
2
0
0
3
0
1
142
0
0
5
283
0
3200
285
6
1
12
247
0
2388
4
6
2
1
0
0
1
0
0
0
0
0
264
0
0
1
0
3
0
254
0
1
0
4
1
1
0
19
0
18
7
0
11
0
5
13
22
0
64
92
0
2
0
140
798
22
4
0
0
0
0
2
2
11
118
340
1648
514
1
0
0
1
0
28
0
0
0
1
0
9
0
1
0
0
0
3
0
0
69
5
0
11
0
0
14
0
0
5
0
970
0
6
4
13
0
9
61
10
4
10
0
21
1
1
0
1
1
2
220
1
2
0
0
0
71
2
1
7
0
1
3
8
1
503
1
1
93
0
4
0
69
0
0
901
1
2
0
292
1
4
0
0
1
0
121
0
0
2
0
1
0
2
1517
0
0
141
2
0
0
0
1
112
0
4
0
491
3
2
0
5
206
0
2
0
224
0
5
0
0
3
0
0
1
0
200
0
2
1
0
0
0
60
1
0
1
730
42733
3369
5104
18953
9950
320
5832
39681
42044
5104
42476
8784
4815
163
20780
5496
32711
12859
87
147
15313
13853
4220
0
5104
638
15552
5598
12859
35
38
3566
5532
163
11707
8816
11074
12337
13331
163
44255
26950
185
509
34633
3704
38
11149
87
5574
314
38
4353
15236
2882
37246
29913
27
1207
147
3737
9609
14307
70
5
42
406
8
2684
12852
32
0
19
1369
3423
6
4
454
5466
1
2
19437
10404
510
17
189
2
826
103
6878
9844
9
1463
1422
371
2
6
7312
6029
4290
0
0
2
6543
1
0
2233
11165
10
345
7
6
20
2
1
2
23698
343
1007
345
5
17
3065
165
1
7
140
34
227
3300
2164
16869
5
1345
430
0
51
0
1207
958
534
1
5
2505
441
5
0
0
576
3
280
103
9
5719
73
27
612
1337
6
0
6
191
321
2
4843
299
271
566
0
0
8
65
15684
39
6417
7831
1069
1
3
84
0
57
63
0
0
0
10503
1111
11257
421
2
134
14079
1
0
31
3627
103
4
1
266
38
9
1353
48
0
0
232
1
69
0
884
832
169
2231
291
2425
15
10
1456
1
68
1
16206
8
1000
9
0
0
1426
12
0
2
2079
4
408
77
2303
112
347
8
2321
53
34
2
65
0
1
0
0
33069
1
1122
0
62
1
0
1
0
0
299
1
0
0
1936
0
288
3226
1659
1181
151
6
109
0
210
103
1
793
1288
2523
28
12
10
148
0
412
13369
5
0
10883
1
0
10
118
13
16557
0
0
325
0
33
52
0
2
0
0
0
5229
141
0
484
1376
0
1
1
11177
17
4
2
55
2094
3017
0
0
8721
4277
3
0
0
328
0
61
3
2
11
551
0
960
0
0
837
4
119
3
0
1
53
13
2
2
207
4992
0
0
1
0
8
0
13387
263
0
1
13
159
39
0
750
0
1275
43
0
921
5776
2
5681
0
1162
0
1
67
795
10
10
123
17
49
90
1
80
255
113
187
0
1241
15
942
53
0
0
0
15516
3
263
2
2974
0
0
0
182
6286
458
53
0
0
92
36
15
0
58
20
1
573
5989
808
7
12
0
0
18
88
0
2
10
0
11
1
1231
1
2280
6179
0
119
18
1
1
129
0
489
0
84
1
196
0
0
11519
3
61
1441
0
8
4325
133
26
0
415
10514
19
1
1168
69
2
400
0
4
4
0
14
0
0
19
4496
8
478
1
15
5
0
18
0
14
2096
5
233
536
65
48
5
66
360
0
0
0
0
712
6
6
0
53
0
0
36
1996
190
94
2
1
17
3
13
0
11241
223
0
1025
0
2677
1
23
7
0
4111
1
0
168
63
0
5646
13
0
1
28
271
0
18108
0
0
28
5
208
47
2117
0
66
0
44
0
261
2
43
0
0
1
18
0
43
6133
5419
1
0
164
0
16
0
0
1
0
35
0
0
0
0
0
305
1
1027
0
2302
340
11
3816
108
276
35
0
0
0
0
0
26
2
2
70
0
0
2
0
0
2
177
0
260
1
0
2
0
0
1
47
0
0
0
0
0
5
0
1
0
0
4
16
0
0
1243
0
349
5
20
20096
9
1253
33
0
0
0
2
0
0
0
1
9
36
0
1113
0
0
1
616
186
4
1516
1
6
0
22
0
27
0
0
3979
55
5
1
1
11
1414
197
0
0
14
119
1
25
181
0
14
30
10
4263
0
0
0
7
3
0
1
0
21
9
1
6
9
1461
4
10002
0
850
2102
0
16
70
5
2
0
2
1
1
1
0
0
525
0
13
14
54
0
0
2
0
10
0
7
52
1
0
7
1
1
0
1
68
123
0
63
29
0
5
13
20
108
2
0
112
4393
22
66
2
15
1
6460
1826
36
10
25
3058
0
102
4
0
475
16572
333
1
345
0
2
68
11
0
5
0
81
10
0
0
18
7
21
16
0
0
1
52
21
1
0
4
1
4
129
3771
863
1433
64
5
19
66
0
0
17849
0
21
2
264
1
19
77
946
156
0
3
0
0
55
111
5
0
2
3
37467
0
0
168
0
1
8
0
1
202
266
3
418
38
20
8
0
0
5
79
0
1
1
18
0
1
391
0
0
107
2013
1
1
0
0
1
2
20
0
0
1
4
12
20
412
1
1
2
15
0
0
25
0
1
0
321
2
2
135
105
311
0
17
363
353
7
1
9692
0
0
1
40
0
129
20
4
1
11
114
1
7
6
1
3
0
3
12967
1
0
1
5
138
101
1
105
6
61
1
0
1
344
0
0
67
0
52
26
2
2
0
5
22
0
0
1
56
0
0
181
5
7
41
98
47
0
0
2
3
6
0
0
220
447
145
0
0
11
2
0
74
68
1
0
0
0
233
0
0
1
0
258
1
42
3
18
2
866
0
102
11
1
3
262
623
0
1
1379
0
57
0
15
14
41
1
22
0
2
0
1
1625
0
4001
9
2
6
1
4
175
0
291
0
56
0
2285
5
27
4
40
103
21
0
2
18
0
18
0
1
14
0
25
3
150
0
0
635
56
0
0
26
0
469
0
0
2420
6680
0
4
0
0
0
156
0
0
0
58
0
1
6
71
8
2
7
4425
0
1715
12
2
1
42
0
0
307
0
30
0
12
1
44
17
5630
4
3
0
458
29
0
446
1
0
0
0
386
0
95
19
3
48
119
12
0
1
3
0
2
13
1
27
21
8
8701
0
0
11483
0
7
1
13
0
0
1308
5
0
54
151
0
53
441
4094
29
0
1
64
0
0
19
1
1
1
0
1342
174
1
0
14
0
0
27
82
0
47
0
287
1
1
33
2
0
0
0
0
4
0
2223
6
0
12
0
5
0
2
8
0
0
410
0
6
22
1
0
1
0
2
1
0
438
3794
0
0
19
1016
2
0
5
86
0
0
0
95
98
2
0
1
39
12
2
1
7
1088
167
47
0
1
20
35
0
2763
5
27
8
1
0
0
54
13
200
51
1
3
117
2
0
0
1
0
249
0
60
286
1832
1
12
1
0
1
5
0
3
76
0
2584
66
0
0
10
0
6
4
0
1
0
367
1
4
2506
38
3
3
243
76
50
1
0
0
1
34
4478
21
25
2
6
132
0
3
0
0
0
0
0
18
0
19
2
0
6562
1
18031
3
2
0
190
26
0
14593
4818
1
1
0
0
2
0
591
4
0
0
0
0
35
3
4
3
0
2621
1
0
4
0
0
4472
445
2
0
9
0
31
5
19
1
3948
2
1315
9984
0
60
1
16
0
0
0
190
0
0
13
1
0
4
8251
9
89
99
14
27
0
1
526
593
0
0
17
1
8
0
21
17
0
1
1
1
0
0
4
0
3351
258
87
39
1146
193
4
30
1
245
63
0
334
5
1
1
9
0
3531
5
679
0
0
0
10
0
1
9
2
4
0
106
0
0
224
0
0
0
221
3
3
0
6
0
637
3
3
0
2
0
0
0
5
10
0
0
0
0
2
1
0
0
0
0
2
0
707
18
16
0
0
0
0
34
14
0
0
16
4
1381
1
0
680
0
0
2
0
533
3
10
20
37
21
0
0
1
240
0
24
1
5006
6
7
0
72
39
0
234
1
28
0
1304
5
1308
3
1
2
0
0
0
1
815
0
1832
0
0
0
20
7
0
2
0
0
455
1
16
29
7
40
1
0
0
3
1
0
0
19
354
0
5
294
1
7
6
1
0
0
7
2
11558
4
1
13
15
0
0
1
0
4
179
0
0
0
57
0
4
6
50
73
0
9
18
0
0
2
1
720
75
1
0
1
0
0
0
1
0
10
1
0
263
0
2
1
0
162
0
8
1
433
6
0
1132
3
0
0
83
11
0
3
21
0
1
0
0
208
245
0
1
253
1804
7
0
0
21
0
0
181
1
0
21
7
3
0
51
0
68
62
10
7
0
1
36
241
0
11
0
2
0
5128
1125
0
1
1
6
2353
0
2
4
0
38
3
13084
0
4
0
186
0
0
0
7
0
11
79
5664
0
0
1898
7959
22
0
2
5
52
161
0
13
1215
137
57
1
197
0
208
29
3
11
229
0
0
0
7
1
0
0
0
212
12
0
28
11
2
6
1
226
15
1
1160
1
83
22
0
5593
717
0
2151
0
0
2
1
4
63
131
39
0
3
49
107
5
0
0
3500
3
0
474
1
2
9
77
9
1
108
0
9
19
0
0
3
976
6
0
0
59
85
0
0
4
0
7
0
172
6
1
1
208
0
0
306
0
2218
0
481
2
2
0
2
0
0
695
165
0
3
0
289
5
0
2
0
13
18
15
28
0
2
2
0
4
1001
3
10
170
4
1777
529
2
406
0
0
0
2
0
1
4828
0
18
55
228
2
0
0
0
1
0
57
2309
0
49
331
0
0
2
246
955
38
0
85
0
72
10
17
140
15622
1
0
19
776
5
2
363
0
3
0
0
13
0
2
29
0
3
6
1
515
0
0
26
0
37
1
387
27
0
0
0
4
1
0
1
0
101
2
1
1
22
5
0
1
1
0
0
0
1
0
0
4
0
3
1
0
0
11
1
25
1
17
11
32
12
71
0
0
8
94
4
1
1586
1
0
0
605
0
210
1021
336
74
1
0
3
0
0
0
0
335
312
13
2
0
35
1260
1
0
4
42
0
0
2
6
13
5
14573
1619
3791
2
269
0
4
7
3
0
6
0
0
0
0
31
0
11
1
0
4
32
0
0
0
2
1173
22
10383
0
0
60
11
274
0
0
26
1
5748
0
289
0
6297
104
0
0
97
1
510
4
1
0
1
6
0
1
451
0
0
5
0
68
0
0
4
0
80
0
20
0
6
8
0
0
0
2
16
0
0
13
0
49
7
364
0
10
0
2
0
0
1
0
320
87
87
5681
5104
31335
8467
1780
1780
12424
25633
1887
12859
16870
3704
152
38
87
40055
2961
38
14493
4220
8816
261
6
320
190
160
26246
12859
247
320
41480
5104
16161
4220
509
12853
12859
20713
8294
314
87
274
3566
11074
603
163
185
8133
1018
845
140
12859
314
87
9207
17933
87
2045
5659
9840
49411
3
2111
16
28
6
2216
8
49
38
27
172
40
8364
147
345
10
4
2718
34
487
20274
17766
907
1394
25327
0
19
534
31354
171
217
15
7884
7
20350
0
10
269
16
214
6
566
6
0
300
2
3
2908
1305
2233
131
11568
6128
53
2546
2
21768
539
7
0
10679
53
3581
1
45
1304
938
0
0
190
22
2
4
1065
106
6
9
0
39
7
351
13
84
265
177
1093
8022
0
2
0
4
6454
11
4236
82
0
4235
0
3
0
9
2499
194
4431
11
509
1848
11439
2
0
557
0
1928
89
16602
70
192
78
4
21
9
2
3467
840
0
0
369
3
11884
5
19
0
1
0
399
0
1
8
2
575
0
244
128
70
53
831
2
17
3193
7
620
0
1
1475
464
277
1
61
0
1332
0
0
429
48
1640
0
7
2
5129
0
0
211
76
1839
742
7718
26
9744
106
3
5172
3
1
6
1
1
1
92
0
198
32
1
3803
0
0
0
9
52
2
47
19343
4151
0
18
14
49
177
9
307
2175
22
17
18417
111
7
32
415
1
75
3554
5433
594
15
22524
13319
744
0
376
0
2
53
2
50
0
1
2
3
56
3
2
709
0
8
1976
0
7
10
13
23252
139
12
0
206
10
2
0
0
0
1
1
6
1285
103
41
777
2
680
44
7
2
8561
3
18
41
13
257
2
1
55
21
0
1
1
4917
0
411
5062
1
918
10201
1
35927
0
301
0
5
267
423
6
1
17417
5164
1374
28
18
439
0
1032
6
7
5
0
15
3
71
834
716
0
93
21
49
273
2
11
13
5
5
0
26
0
0
281
3
87
396
74
0
5227
12068
387
39
3
0
0
0
0
8
3
0
2
0
11
3
347
241
1
11
46
0
0
0
4411
2
1
3475
603
2
1534
82
0
1
1
5
16
65
92
130
20850
188
1
10
115
0
0
3
0
161
1
6
0
0
11
3
11858
70
97
131
10
27
217
0
36
4
0
0
388
805
7
0
0
12
16
2
1611
10
175
1756
0
602
0
0
16
2
0
6
0
0
218
6
0
0
0
1
0
0
4
0
1129
3953
3638
0
485
0
1
7639
2
123
1734
2
70
114
30
1274
84
30
0
0
214
0
6
207
0
7
1273
6
283
91
312
0
0
5
1
214
0
4
0
0
5
3530
55
2
113
14
0
56
3
55
209
931
31
0
2
45
2
1
0
0
0
29
3
0
0
1723
3
1
0
88
4
29
4
1
0
11
16
50
1
25
0
3
1
12
2
1
7
4
48
0
0
2
0
0
43
3
1
0
7
6
4151
0
51
0
0
1
275
11
38
1
584
3
2
0
373
5
0
12
7
868
62
707
0
15
0
0
4
13
0
6
223
5
0
0
3
5
2
144
8
0
0
0
0
5
2
9
32
0
2
0
0
524
6
0
2
0
28
1
0
2095
313
318
1
20
7
18525
7634
19948
4
182
551
53
0
589
0
1
6
0
229
4
0
12
701
26
1
14
890
0
0
142
50
0
5321
36
111
0
0
145
0
9
81
0
1037
124
9
8140
308
2
2
1
1169
0
11
644
3898
0
952
0
136
1
2071
0
22708
0
138
3
8
83
0
151
25
190
3
84
2
14
8
0
1
48
0
0
4233
3
0
0
2905
0
249
0
15
596
22
0
0
2
39
1
0
0
0
3
16522
802
0
234
2
0
1344
1531
1
2
20
3
2
1138
2
25
137
136
0
432
7
174
3266
17707
1318
0
1
10093
1
508
38
4
12
97
33
23
2
0
0
2436
0
0
21
287
200
97
0
15558
0
95
0
0
0
0
0
1
1
26
24
3
32
25
19
0
108
1
2
705
5509
0
7
5
3
0
8
1
1
2
3
22
1
45
1
2069
0
9
738
21
2170
37
2
299
497
0
0
392
251
59
4
0
0
1
0
0
0
2
0
0
0
1
0
2442
0
13
1
97
0
95
0
4
7
0
78
0
5
80
2
120
57
3
53
15
29
0
4
2
0
0
1
1
10976
10
19
12
29
21
0
0
1
0
217
1
8364
231
8
251
0
0
0
1
1
271
90
6
4
7
581
2
0
0
0
0
8
0
0
0
0
10
930
2283
0
2
2
4
167
2
0
14
63
44
0
8
42
4285
0
0
68
26
1
0
0
0
0
5636
1268
225
0
4
0
0
1
146
0
0
2
29
12343
254
325
0
0
17
22401
2
0
13
0
0
23
12
19
3
7
0
11
0
0
212
0
3
0
14
1
28
5
8816
19117
2683
296
282
0
0
0
0
0
0
11
36
0
972
2
244
0
58
5263
5
11157
92
20
7
3
0
4
8
0
25
1698
19
0
17
78
1061
1
2
64
0
6
57
120
2
0
5
4308
377
0
12
453
5
0
0
13
160
86
0
0
0
1
0
139
157
64
1710
2
6
0
55
19958
52
0
1
9
0
0
0
0
33
1
0
16
2
541
0
0
43
1
15
75
0
0
15
0
1
0
12
3173
687
0
2
2
0
25
0
0
6
48
0
245
19
43
0
0
21
48
1252
0
31
0
4
1
1
15
7
4
27
0
0
0
2
1
29
54
342
146
0
0
1039
534
0
6
0
1
0
34
12
5
231
64
1
27
1
0
0
10
73
0
1
65
32
4
1
2
326
13
0
133
8
1
1
1
2
0
409
0
87
5046
2
0
5
4
2
0
21
5
0
1
2
0
0
368
0
0
16
0
122
3
0
247
6
0
25
1
146
520
1
7
848
2
89
2
4
0
1
0
5
2
1290
0
0
181
71
3
3073
0
1
0
0
0
23
4
0
2
0
2
36
0
0
7
43
390
2
1
9
233
0
2
0
7
18
50
7
16
2
276
2
4
0
16
58
0
3
0
71
1377
7
1
1
3
45
2
1
0
0
0
2
4
61
1
460
0
2
0
0
3
0
66
2
1
1
0
0
6
0
4
0
5372
4
34
28
201
18
0
0
94
0
5059
129
2
1
48
1
1179
2
629
11
7
0
0
3
71
20712
0
17
1
82
0
15
276
42
0
0
779
7
0
0
0
0
7
0
15
113
0
0
0
21
23
0
197
8
24
207
505
56
0
8
1
14
0
207
0
3
6
2136
1
1
0
94
2
0
0
31
7
2
0
1
0
80
1
2
0
0
3
750
1
15
2
16
0
0
0
0
2
20
0
242
0
0
3
33
1
222
0
2
4
615
32
0
4
0
1
15
32
0
14
3
2
0
0
2
0
0
1
40
32
9
0
69
27
1
1484
0
4
0
0
7
0
59
339
427
91
24
1132
54
26504
127
2
1
21
44
14
1
0
4
3
0
8
140
0
50
14
24
0
0
17
0
0
0
777
0
0
12
0
17
8
61
6
0
1
92
181
20
0
63
0
7
1
1
12
2163
7991
16
140
1060
490
0
8
0
1
1
0
15
122
11
1
1
1
1
33
6
0
20
0
278
161
5188
8
19
20
9
0
11
6
220
1
24
1576
0
0
4
0
53
2
24
0
7887
3
4
24
535
9
294
0
14
0
2
965
0
0
0
25563
146
0
10
86
1
0
122
2
17
0
0
44
7176
45
55
0
90
0
0
223
0
3
4
38
0
7
16
11
13
2
0
0
27
1265
249
2
4
215
2
8
5
8
0
21
237
0
4
1
1113
0
5
2
4
0
0
325
0
0
3
1455
1
0
0
1
3
18
247
4
0
39
1
311
12
8
0
629
1
21
0
0
0
0
0
25
1
46
15
0
3
1
2
0
14
0
4
0
10
1752
0
0
89
1072
598
7
0
0
0
101
0
0
94
3
1
0
47
0
215
10
40
129
0
2931
4
0
2
989
202
1
0
111
4
0
1
3
1
0
3
16
0
0
0
25
2093
0
0
86
394
1
1
33
0
0
45
0
5
19
0
48
1
2579
1
0
512
1
51
297
36
87
0
0
0
0
22
1
0
0
11
202
0
1
17985
0
0
0
1571
0
0
0
0
0
0
6
36
5
3
62
2
0
0
0
2
0
896
0
0
2
2
0
1
91
61
751
2
17
1
0
6
4
0
74
13
50
0
3
8
1639
0
11
0
9
1785
342
0
39
1
0
3
2
0
0
2454
1
0
0
16
67
27
0
6340
1
1
26
0
366
0
14
0
2
395
966
19
420
3
0
363
0
644
0
6
0
0
24
39
0
56
220
5100
8
0
2441
4
117
1
0
2
5
49
6
1
11745
6
1299
2937
202
4
235
1
0
0
138
10
11
1
0
5
0
0
0
88
0
0
406
12
865
574
0
1
67
3083
1
26
3
1
0
1
28
51
0
397
1
17
465
0
0
4
59
0
828
3
0
0
3316
0
0
0
4
0
0
1
28
19
1
1577
0
1
1412
0
1121
215
20
61
0
676
3456
2
0
121
5
153
0
12
1
3
1187
7366
55
0
354
6
0
6
0
18
0
99
27
120
0
0
450
14
120
0
0
0
136
0
11
3
0
2
15
1
2
1
3
58
82
10
6
0
1
7
1
0
1
2
0
7
7
3
0
2
0
23
0
1990
2
2
0
0
1
0
6
0
0
5
44
2032
0
1294
0
0
0
0
64
1
19
518
4
1
0
90
1
3
259
8583
6
2
0
0
1
0
3
194
105
1
0
284
166
0
0
0
0
6
0
10
0
0
84
0
0
22
70
0
1837
38
100
274
5675
5635
3547
235
163
5468
117
10917
530
21665
530
192
669
48
11658
5147
274
147
5675
3
48
68
3046
185
3958
185
6
163
6
357
38
14493
1294
28
4666
13437
116
440
9285
25643
6443
21656
11000
5219
31685
1294
10823
6
116
0
4618
8008
12177
15839
0
0
0
3566
28
7085
1275
73
1645
300
14570
10
3
1
7064
5
1741
1
727
21
727
0
245
3409
431
1
11438
2190
62
805
772
423
3
0
1
0
87
1115
1099
462
3204
4813
0
650
11
27
0
784
22
10
121
11
0
1
9
0
2198
203
1412
1940
9306
4
1
177
1940
1940
1940
2892
16398
18
20109
0
3
23834
632
50
2720
2
2
10
822
2187
0
1
0
0
0
0
3
195
3
8
427
9865
58
1082
0
104
5
104
1
68
0
124
20
4
0
2
37
9435
1922
4
5675
0
2
13
16
823
0
0
0
0
29225
386
0
3448
10
35
4151
817
9773
34
7
0
0
2
369
12
4
2
6373
6807
2821
1
6
42
0
944
0
0
30701
0
19
1
215
1045
6
182
39
108
21
879
70
879
1
3888
8
609
62
1
1759
6
0
361
1
0
17408
149
23
35
0
3201
19
3
41
8027
100
0
329
4680
1
19
121
42
21
31062
0
1
300
86
606
5517
2
115
1778
988
16
0
6
710
0
0
0
239
8283
0
0
0
0
7
10
55
1324
24
0
841
2
841
0
0
333
1
2
3081
25
135
44
118
1
0
9
0
0
112
2
67
1611
458
17
2
9723
6426
794
0
10
1
1
23257
8283
25
1
0
327
2
789
1695
1
10652
80
80
246
258
1749
2
828
198
1910
44
23
5824
3
0
1136
383
20
4
833
1
139
6
807
6
504
2666
4
57
7
0
0
1242
0
11
0
347
2
730
0
65
0
0
4
0
1
4
273
0
0
263
2609
0
14489
11
0
0
6
0
97
1
0
69
11
0
0
5748
42
0
4
1
0
569
1
0
0
7
1223
21
1478
4
10
189
102
1153
477
8
72
26
0
4176
10
606
17
160
7
28187
0
6
1590
3078
0
405
1
61
1
90
117
1
0
0
2
3579
506
434
0
0
0
1
0
0
0
0
2160
4122
0
430
0
0
0
22
0
8
27314
0
1
383
0
1
0
2591
2
0
222
1664
44
5449
42
2908
133
39
10
283
784
12
5
622
0
1495
1
0
30
166
7
45
0
0
9409
0
6
6
2
2
0
69
1
0
29
70
414
0
0
0
780
59
1
1
7
6
0
488
0
1580
26
6
20
646
281
2
1
7
1
1
12
284
0
666
13
77
6176
5326
32
36
44
0
68
319
3365
0
4
0
0
503
1
203
7
0
0
3
6454
64
4
33
0
1
0
1
0
4761
845
0
34999
5093
7398
1
796
762
1
282
1
1
9
0
1269
17
16
13
0
2
52
42
0
651
0
1364
1
0
1
2
11
9302
3
20
3
39
120
6793
0
7708
92
2
1118
0
1
8
0
6
0
916
1
1
8
0
0
66
31
39
4
218
0
0
4
21
12966
987
0
0
20
0
108
781
11
0
0
11
0
1
201
17
0
26564
0
309
0
2
1
681
0
1225
0
0
14
24
89
0
146
228
125
0
21
48
0
16
655
15275
0
7
1
1178
212
31
141
214
421
65
44
1346
45
24
714
58
250
0
30
3169
42
0
217
1
0
8
23575
0
0
0
0
9
1
2
44
0
133
9
158
20
11
292
459
0
273
2
32
5252
1052
26
7
0
762
38
0
1
3
0
83
2901
0
0
5
0
0
22
45
1233
0
182
1
5
3
74
81
1309
61
0
0
0
25
90
68
12
2
4836
0
0
0
0
35
1
10
25
18
158
5
1
0
6
0
0
1084
22
0
7
1
6
2
0
0
0
90
10
0
39
713
1417
6
78
86
5
220
59
561
0
125
113
9
1
83
28
0
302
291
31
548
519
1
4
215
0
25
0
2143
48
29
0
6
0
0
1274
439
1
0
0
31
5
2890
110
0
0
0
3
7
169
1116
1
387
41
0
0
16
29
4
5
0
0
0
6
249
192
7
3568
24
6
8
353
177
4
23
3
9
2
692
1110
1
35
525
127
0
5
1
2
3591
0
38
0
0
75
0
0
1
426
0
7
628
29
0
10
30
1119
7
135
0
8
2
0
0
1
0
25
874
4826
0
46
8
8
0
2
1
0
1
1
10
1
1985
254
1
93
140
0
0
78
24
23
0
250
226
10767
0
0
1
19328
1421
5
292
0
2
577
1
54
30
2
0
1741
1
1188
0
1
16
3
2
1
1425
0
29
77
4
1
2
0
0
0
0
0
665
9
0
184
0
18
0
7
1
17
0
3
579
0
0
10
0
0
34
44
3
5
45
0
13
61
333
0
0
5512
7
460
84
557
23
1092
11
0
0
144
139
89
0
0
0
19
5
0
13370
11
336
1
0
0
1
0
4
8105
0
0
0
310
0
58
0
145
0
8
0
447
644
11
0
1
14
0
198
0
6340
12
0
0
9
990
1
0
0
2
0
0
4
0
6
0
0
48
573
2
2
3382
14
0
0
0
6
0
5
28
11256
0
13205
495
62
2
1
0
0
558
120
0
4
0
8
0
884
0
8
0
0
11
7
7
0
0
0
2
105
2
139
0
8205
0
2
3
0
0
8
528
0
0
1015
25
481
0
6
1650
0
0
0
9
110
20719
0
38
0
0
0
1
0
71
134
141
0
0
52
0
300
0
295
2
496
16
0
1
0
1041
0
3
5
0
808
31
0
21652
673
6
4
66
355
0
2204
0
0
858
0
0
22
916
0
31
46
6
0
0
30
671
2
0
2
1550
98
3
141
0
2
114
41
6135
0
5411
2054
0
685
27
0
3
9
2
792
0
4
2
1
1
3
0
0
3
0
10114
0
167
85
0
0
0
18
8
0
107
0
1669
1
0
211
0
0
226
1487
1
25
0
0
0
12
3538
6349
32
192
23
20
45
231
0
0
21
59
23
3241
3
14
29
118
2
10
0
0
86
0
0
0
507
1
465
414
31
326
4
0
1551
456
0
5
2
0
2514
0
0
0
0
0
305
0
14912
0
426
42
0
11
2
0
0
0
843
0
14
0
0
67
59
0
0
120
222
2649
0
12
28
168
0
2
38
45
4
5460
188
5
829
0
0
5
0
0
0
0
21
0
3
368
0
2
1
1326
5
109
13
0
8757
56
269
10
0
1
0
1
112
0
252
0
6
0
5
1269
1
85
3
2
16
235
0
0
0
5
1
386
0
173
3
955
0
25
416
931
2
740
0
398
314
0
6
11
62
0
276
0
0
0
0
0
181
0
0
0
937
18
1
384
1
0
0
27631
0
0
11
0
0
0
0
1
0
584
18
0
1707
46
459
44
29
93
0
34
195
215
7
0
0
6
1938
1
0
1
1
2234
0
73
1424
3
14
0
0
0
4
12
1925
0
0
0
0
0
0
0
12
0
1
20
6
1
0
0
4812
1
0
3632
0
0
0
6952
8
0
0
68
0
1
0
4
0
0
1709
1404
2
12
1
0
61
0
0
298
32
1
0
25
0
2
0
31551
52
9
0
22
4
554
438
469
0
1415
24
433
2
228
0
0
0
0
1273
3094
0
0
0
2
2
98
0
0
0
1
2
0
0
2030
2
8
5233
1
0
0
11
0
0
0
313
7
0
36
92
684
0
3
34
0
0
5
1
0
111
45
2
318
0
9
2
40
0
13
3047
31
22
24
0
0
562
561
1
9
0
0
74
0
0
3
0
0
0
0
2
5
0
0
1194
0
0
0
22
1361
17
0
3476
473
3
80
68
0
38
3
101
14
5234
0
1
0
0
1
0
0
312
3
0
1
0
8
0
0
39
7
6
3
148
21
21
0
159
104
0
4294
2
3
0
0
0
447
0
0
185
0
0
0
1
7330
0
1
291
10
353
0
5
2
0
7
0
8
0
2
104
0
3
1
11
1
0
0
0
1
14772
4
4035
0
2
1
1
31
0
0
0
74
1
0
6
587
3
3
0
54
4418
124
5
0
2
143
5
0
21
0
0
0
0
103
5
0
0
0
563
14627
0
0
0
0
11
170
2
17
1
8889
0
0
46
154
2428
275
0
0
2
0
96
1575
0
56
0
1
0
0
6
16
1
437
0
0
2
1
0
2375
14
1019
0
0
0
2
0
25
3
1
1
17
42
1287
0
1
0
8
0
2
0
0
4
0
544
17
64
0
78
1468
13500
59
10
13
88
57
0
8
0
4
353
0
70
1
0
0
6
0
142
1429
4
0
113
22
0
72
3850
314
7
0
851
1
1
46
0
63
0
7
8
0
4981
76
620
1561
0
78
0
483
535
0
0
0
0
85
0
0
1
7
18
0
0
0
9
15
11
0
0
0
0
0
0
2
1
0
6
5
2392
0
158
296
1
128
9
774
7
1
2200
0
0
0
62
1
186
0
85
69
203
425
12
591
0
49
753
14
0
1
2
0
4
0
0
7
3719
8
0
3
2
0
1142
0
2562
6109
14396
0
0
2
7
0
385
355
1
8
0
7
0
18
14
0
5497
1
246
3
1247
1
4
22
47
1
140
4
499
44
0
0
37
504
2
0
0
382
2
498
361
0
0
466
60
159
5
15686
6
2
1
0
0
10
4
0
44
0
0
117
0
0
7
0
8958
0
469
3269
10
4
256
18
0
15
0
1
52
0
0
29320
8988
177
6
0
629
0
0
2
6
0
4
1
10
9
2927
0
2
0
36
0
0
1
56
27
71
0
4
484
0
0
0
8
26
1115
0
573
1
200
2
49
0
5
1
4
0
0
769
1
240
0
8
4
0
1
0
0
0
0
170
0
0
3
5104
5669
3566
100
14506
28
3566
12177
13085
5104
12480
5104
15251
1612
302
1612
21286
75
47819
11690
169
169
11
225
27
225
163
65
1887
20648
0
169
169
1887
163
87
163
862
554
70
1612
862
169
163
142
5104
163
1162
876
440
20509
10431
314
2742
638
12465
87
31652
797
320
5104
65
40260
163
0
11
5506
4107
16683
31174
1194
1
53
0
45
0
39
3758
517
11
0
3367
0
131
9912
10634
0
31
1199
31
1854
0
40
4
992
11900
63
40
18166
608
40003
1284
0
1466
11
1284
56
18142
7
0
21
697
0
595
18370
2672
2
3
1
0
36
16
84
1183
202
276
8
2629
333
49214
9
2
0
21747
108
10
75
333
19
333
9
510
9056
0
30
143
1578
0
0
913
67
394
699
394
0
1972
3264
1103
17
207
970
183
98
452
0
392
49
191
0
392
1372
814
5221
16
0
89
12
1
5
25
6585
14721
11837
0
1582
21269
0
19
3
9
6
17
9419
76
172
10644
315
0
11607
1
0
604
0
2618
0
1
0
0
0
8
880
3
0
474
2974
1
1
1
658
16
10
594
0
626
35
396
24
5
2768
6
22
2
0
6
17
0
0
8
4
13407
7
8
226
909
36
6662
815
10996
20270
3530
6237
0
171
0
5
0
2
2726
356
0
255
917
19
5
21
51
4
14
8
0
3
28
68
35
0
1
0
0
2
8
7
8
112
603
253
0
50
0
259
113
2170
0
64
0
30
5
0
0
323
3413
2762
0
60
73
2
6024
0
0
258
0
4
1
7261
0
380
0
3345
1879
1118
0
405
0
160
486
33
5118
45
9
0
7964
8504
1030
2
1
0
1025
75
0
0
5
1
238
366
110
21257
5677
0
2
211
24
21560
552
0
0
109
3403
18
210
1018
14
0
210
4
0
253
1
3
8
89
12
0
315
1384
0
1
723
0
0
92
12213
2
379
7
13
453
126
212
461
23361
12
88
0
0
29
0
11
5
56
1
0
0
0
146
0
181
3
100
0
154
139
23
0
0
5709
0
9491
1
20157
48
0
0
0
810
0
0
0
66
294
0
67
146
131
59
1
3466
946
3
2445
2
0
20
0
0
6
2
5
0
336
2
2493
56
47
0
774
10
2879
1
0
1064
10
17
0
64
0
0
189
11
7
1
46
0
1
0
8
171
3052
0
0
0
935
36
27087
10
2
10
14
7525
2151
0
14
47
935
1
1
1070
0
0
5
57
0
0
2
203
1
2
184
0
1
1
2
4640
4634
422
0
0
3
0
7
3064
0
0
1
1821
13
1
20
101
225
0
40
0
48
21
349
31
0
0
0
24
17
603
2
57
210
4
859
3
314
161
1
2
1773
0
1
8
2
1
53
255
93
13
0
6
55
0
0
193
6
4
3327
4607
0
5
1569
549
7
0
0
0
33552
1
9
3
390
0
0
6
0
5
0
0
0
0
0
0
0
1
2
224
0
52
0
0
5881
3094
2
0
155
0
19
0
600
25
0
1192
527
0
0
1
1
0
191
0
517
10902
0
0
10
9
1277
77
0
0
0
1
1
0
326
1
737
0
48
62
15
478
13
1
5337
1
14
713
4
4
0
2
8
0
0
0
361
2
8134
1
55
0
0
0
10
8
0
295
2
1
1
2
47
444
81
286
2
0
81
1
2
1788
124
1
188
4
0
0
1493
0
393
1
0
0
0
4
55
0
0
1
3436
1
1
28
0
0
0
18
4
0
1
16
0
18
8
1057
0
10
0
2
248
0
22
28
2
0
371
1
400
6783
0
93
34
6563
1
0
7
952
2409
5689
115
0
2409
0
1
9
2
1
7
263
313
2
22
2
0
1
513
10
109
238
514
0
5784
1
10
210
0
0
0
0
4
0
13465
1
2
41
8
5994
3
3
9
75
24
7
0
7
5
5
55
0
214
17
0
39
443
0
26790
0
0
5
21
1321
108
33
7
0
24818
0
2
0
2
41
4
97
4
54
1
385
1
1
0
0
149
1
1
1915
25
25
16
0
1
5867
1
0
0
0
0
2
0
10
13
0
0
0
0
0
1176
27
37
0
0
0
1
749
46
0
3
379
3997
43
0
0
1
186
0
264
6
245
1258
0
14
0
0
85
1
2
21
0
0
6592
0
0
1
111
1
210
2
15
2
0
202
8
42
8995
10
0
3838
0
7
0
0
0
18
0
1
1116
0
2
21
1253
3
1
80
0
18
0
11535
0
0
30
77
0
12
927
3105
200
6
0
492
84
0
11
0
0
6652
0
6528
10
39
25
1
15
0
3
1268
0
44
1
59
12
0
233
120
2887
1
0
3
0
0
0
0
1
1
90
2
0
0
5
17
3316
0
40
0
631
1
349
0
0
0
29
5
0
7737
0
1
32
7410
0
2
0
50
1
3124
0
4
27
0
1
3
0
2
0
0
57
1
139
0
0
1
0
84
0
2
157
15
1
0
1
0
27
11
0
0
0
8050
105
8
6
1303
4
39
9
9
3
5
2
16
2
0
0
1
0
0
3
3
0
10
0
1
0
7
1
50
0
1
73
3377
3
0
3
0
75
0
0
62
1
3721
2
11
1
183
186
482
1
17
0
13
8
4
1490
7
110
1
0
1
0
5
90
5
0
0
0
0
0
0
979
17
642
2
0
0
5
0
518
3
2
0
0
0
0
197
0
9813
3
1
0
676
2
0
1
22
1
0
0
0
16
79
0
1
113
0
9672
1
22
505
4
1
1
165
5816
17
2
1
12
0
473
510
35
85
195
529
0
10
0
0
174
165
1
15
0
3
49
2
1
6
7986
77
0
7
0
3895
0
0
3
1
2967
0
1
0
1
1903
32
36
58
1
97
0
1560
0
2
69
0
67
8
2
0
28
4
266
301
13
0
24
6
0
3
7236
0
100
0
0
0
62
0
0
44
0
0
10
148
15
0
0
134
0
4
0
1
2
0
0
2
0
0
0
708
0
27
9
0
322
1
18
17
0
0
2
1415
4
0
0
3
1487
0
223
0
0
207
0
3
281
0
0
0
47
5
1
4
0
1
1
0
147
0
7
0
0
39
0
16
25
0
93
35
0
0
12
286
0
126
9
0
0
0
0
36
6
0
13
0
5
1550
33
3
206
7
459
0
1
43
17
13
40
1
0
872
1
43
2
0
0
30
0
1
0
0
54
230
20
0
0
1801
2369
20
4
7
22
2
3
0
0
26
0
73
2
0
145
18
0
0
0
1324
1
21
0
5
0
0
0
212
0
199
0
15
0
0
0
0
0
4549
0
110
55
270
1063
3
3
55
0
59
10
10
0
0
0
302
4
0
1050
39
1055
14
0
4
2
1745
2450
0
0
1
0
4
0
29
9
398
213
12
0
10
0
1
0
6
24
108
0
2
122
0
0
1
1
1724
0
0
8
0
0
30
1
0
17
1
24
0
0
0
3968
1
0
1
0
322
136
233
4
0
0
3
1
0
959
3
5265
0
1
0
0
0
0
3
0
2
0
0
0
7
9
5
0
1
0
0
101
0
182
0
1
0
0
54
31
13
0
49
0
14
21
1268
0
0
0
0
1147
0
57
241
0
0
2
3
1
38
1
93
0
207
70
2438
1
0
0
2
0
1
17
0
6
14
29
1
1
2
1
3
0
0
144
1
0
0
8
36
1
0
0
9
0
0
0
0
2
0
1
11
0
105
3
0
515
1
1
161
0
0
0
0
0
135
20
0
0
0
1900
98
2
0
30
1739
0
1
0
2
0
2
0
2
11
0
3
0
0
0
0
0
2
1
0
0
169
0
1
0
2
104
80
10
1
0
126
26
0
39
2632
7
0
1
0
3
0
62
24
0
0
161
0
0
15
97
743
0
1
597
1
0
0
1625
531
2
1
41
3
0
0
383
5
2
0
16
0
31
321
0
3887
681
1
19
8
0
6
1
11
7
0
1
79
0
63
0
157
1681
17
0
0
46
0
0
2
3174
13
70
0
137
0
88
0
0
1839
0
2
2
211
37
0
10
1953
34
0
0
0
0
2
3
0
264
102
1
0
5
1
2
0
14
714
2
80
0
1
0
842
8
5
3
5
0
0
0
0
1
5
0
0
1
5
13469
379
291
248
22
2834
47
55
0
0
0
4
4
0
0
0
0
1355
2
6
15
0
0
0
4
0
0
0
51
6
0
100
16
0
142
44
0
12
1
1
0
0
226
30
321
46
577
0
14
2
0
33
35
41
33
15
0
0
0
4
298
295
0
1068
0
21
0
3
0
0
17
0
641
1
695
5125
0
4
0
0
0
1
27
0
55
0
0
0
0
0
2681
24
3
2
1
1
0
4
178
0
511
10215
0
2
124
0
0
549
0
402
12
1
0
292
0
9
0
0
24
4
0
0
863
0
32
32
21
0
0
65
50
1
0
1
9
0
1998
1
558
0
0
2
0
1
0
0
0
0
63
0
0
0
0
0
13840
0
0
1
178
46
0
484
0
1
491
2
6
0
641
0
566
16
7
0
15
0
0
0
158
8
0
35
1
1
158
0
1752
0
8
3
4
54
0
0
6
0
0
0
6
30
0
1
6
468
162
2
0
0
0
317
0
0
115
18
764
0
0
1
88
2
0
8
128
85
49
1
41
573
8
51
697
179
5
0
11
3
2
0
876
1
0
0
4
0
9
0
0
0
11
82
0
0
107
0
0
369
0
0
211
15
234
0
2
0
19376
0
112
3
37
0
4
951
12
19
1
0
255
25
0
0
12
0
403
0
0
157
127
18
5
1
7674
0
78
1218
0
8
385
0
1
12
4
0
4
1
129
33
43
5
18
1
111
0
1
174
8
0
141
238
5
3
261
6900
11267
7796
15
23015
4885
42748
16
26205
0
603
11
12859
2045
49684
0
249
440
440
13516
0
0
0
3
88
163
163
3
3
440
2758
24
169
1234
1234
3566
48
169
4
3566
169
938
1594
4002
169
440
163
329
5659
0
163
3352
2758
0
88
169
4946
5669
4618
8310
3566
38
3938
6125
24
1624
43
28
6583
1
2
30454
61
2
8
13661
2801
2
0
91
1
784
784
23624
2762
2762
2762
716
638
1115
2064
34025
24477
784
27
1566
2127
240
282
4352
2743
0
1174
2183
2127
5031
8427
138
734
394
2636
22182
53
2762
8394
2278
27
2762
638
734
1132
12
55
28526
2183
1077
68
907
1803
9
0
1
42
9
252
52
6785
206
10242
158
1
1070
0
4869
34
4
4
0
230
230
230
2702
901
6118
7743
932
7585
4
118
32
20
266
687
17
213
205
212
21
20
497
0
3203
55
3
53
80
1178
230
73
303
118
230
272
231
14
7
0
0
653
192
2300
0
0
1
37
0
2
0
54
0
155
0
564
194
471
18
1654
3788
2
0
0
407
6
6
6
11625
2873
3496
23155
0
1
897
5
115
59
5
59
263
36
529
684
4
59
46
273
312
1025
502
6
3202
55
6
941
6
5
6
276
306
3
451
23
2
21
5440
3015
6129
220
2
173
118
0
16972
1
0
0
0
1
1
0
9
537
1679
0
8
26
260
465
465
465
0
0
0
0
1
0
2555
1588
223
0
5393
587
2
12
0
30059
1259
0
33
157
4090
45
3
3
253
2463
465
4300
889
1588
465
17
52
0
43
28
20809
33117
348
969
27
0
233
4
552
0
116
886
5
0
193
0
25
666
2528
1
9
2019
22973
1
4
3
3
3
792
637
406
317
1548
1353
80
70
23839
1387
0
91
0
1
601
0
40
1387
209
3
165
333
2
11405
0
197
3
10473
85
8069
3
2354
5
898
9
106
59
148
2140
67
0
0
18
14165
3851
62
60
2
0
44
32
0
0
0
0
32
5
1
39
0
90
2
2
2
378
0
301
349
0
0
4797
1441
0
69
253
0
0
109
1
1216
4
7694
100
364
26
25
0
3397
642
436
2
0
0
2773
2
10
0
53
0
0
1
4
2225
0
154
1045
943
211
332
5647
595
821
0
0
9
0
158
52
29
13
1
0
733
2981
2
0
0
0
2
545
6
8
669
912
57
29
808
113
302
0
0
31
2
166
51
363
1110
1
771
0
838
0
0
12
0
318
0
184
0
435
0
0
2
0
6445
5
4
0
11
147
1549
10
0
136
1
5
66
3
81
5
6
0
0
243
7
2249
0
11
6
1214
1214
1214
290
306
271
180
473
953
2
63
316
220
3
1094
0
0
0
6
0
10257
10127
7
0
0
58
384
421
1
1214
263
0
2
1214
0
0
2850
73
12
219
0
471
0
6
146
50
2
31
0
3
0
1579
7
22
17
1
17
10
0
0
0
0
0
0
1607
166
2575
1
11
2
2
1
2
197
16
4
915
710
0
0
0
2058
120
1
2
0
0
383
0
318
449
234
1
2127
6
1552
0
5090
649
0
66
3
0
1
0
0
2184
5614
7
893
2
28
0
20
3
5
0
21
0
965
0
2218
3
0
0
3
0
815
276
254
83
6
236
6
7
412
349
0
3
294
1
1
292
702
284
66
2
0
0
300
606
75
0
178
10
6
0
7
396
0
0
3250
331
5
4405
0
295
90
0
89
0
1
269
25
293
6
2
0
0
2
0
0
0
20
0
620
1
21
1980
0
1
1228
745
944
9
0
3
0
0
2
1
0
0
2
0
2
271
336
0
83
7
1450
0
353
52
10
0
3
264
372
0
177
2
647
0
12
12
278
0
0
1
0
0
168
129
363
28
264
6
10
0
0
36
115
4
0
0
0
9
0
22
0
0
16
5
593
0
0
57
709
19
556
706
3
2
22
0
7
0
0
3
9
0
368
0
253
0
2
2565
240
5
0
2
3
0
11
4
631
0
11173
455
436
91
1
0
0
0
824
62
1
2
1
747
235
29
0
317
106
0
1781
4
3
0
9
131
93
514
0
0
1
0
0
4
871
0
1
240
0
0
1
0
0
0
390
520
559
0
40
670
5
1
362
5671
1
263
0
9
8
0
6
0
3
0
3
2
0
2
0
2372
17
0
30
4
6932
1
1
0
1
0
3477
0
1918
77
0
0
15
0
18
71
67
0
78
0
0
0
0
0
31
579
336
35
428
484
0
0
832
0
89
3
0
1
0
16
558
3
1
1
5
478
0
0
0
0
0
650
343
204
28
9
1
5
0
0
1
0
0
162
2158
2
0
4
0
0
51
909
629
110
34
1
31
8
4
29
15
1319
1
1387
0
0
0
0
5
220
198
16
0
0
1269
0
6
1
114
2
4
13
0
5339
1
177
6
0
0
0
40
761
649
0
0
15
2
1
0
0
902
1
0
0
13
0
14
17
0
8
0
0
0
0
0
1
1245
5
0
1
65
45
10
0
0
0
0
0
1
0
0
0
1
2978
1
0
1
156
1
1
1
2
1367
0
0
0
0
2811
4
1
0
0
740
1644
30
4
145
0
0
134
6
0
0
495
3
53
1
1802
0
164
0
0
7
3151
1
1654
9493
3
0
13
5
1
1249
5
1
9
2155
0
0
475
1146
0
1
1
1
0
0
0
0
2
1762
18
0
0
114
169
3
840
251
0
0
2
0
0
1024
0
7544
1
0
59
4273
3
0
84
0
237
0
43
6
0
4
0
1
2
0
0
1
0
147
2
771
4
0
0
0
4269
228
3
4
0
1658
0
0
333
60
0
1
159
155
0
0
0
2
2
0
26
0
219
2
1
0
13503
1
355
2
1
271
180
792
0
455
6
2
1
6
198
1
1
681
0
0
343
0
1
0
0
190
1
0
0
0
250
0
42
4
97
5
5355
51
3
131
7
127
937
0
0
0
0
1
0
0
0
0
0
0
2
0
0
0
0
0
1
2
0
0
7736
1302
0
11
0
0
0
0
1
12
0
55
0
0
9
0
0
4
0
1
670
5
331
0
785
59
277
0
0
0
286
0
0
1
13
0
3996
0
0
63
576
88
0
70
0
0
3
0
1
0
0
0
162
0
0
0
0
1
0
10
0
1
279
0
1
386
0
0
0
13529
0
0
1
1
81
0
1
1
0
161
0
913
0
160
1
1
3
0
1
20
20
0
1
0
5
2
2797
3
869
5
67
0
3
12740
4
15
415
1933
205
0
250
2
0
0
0
0
0
0
1
1
0
0
0
76
233
4
0
0
2
419
0
0
0
15
0
0
0
0
53
0
0
1
1131
0
0
3
0
0
0
0
1
50
20365
338
3530
830
32
0
2
0
8
1468
0
3
92
25
1
1258
1
0
7
43
4
1028
9
0
0
0
0
0
0
3
2
2
2
0
2
317
0
0
0
1
0
0
1
0
0
0
0
238
0
0
16
0
0
0
1
0
0
1655
0
0
0
0
1961
0
844
43
41
488
2
0
2
0
55
149
25
0
865
0
0
0
1
0
0
753
334
704
9
0
43
0
0
0
0
0
0
0
1
0
0
1
0
0
0
1
0
0
1
0
0
2
0
5
0
0
101
0
1
0
2
0
0
7
49
0
0
0
0
0
174
243
1
123
4
0
0
0
2
0
0
2
0
2923
0
97
5
0
0
0
0
2
119
3
0
0
0
0
0
0
0
0
2
1
1
0
0
0
0
0
0
0
0
0
0
0
169
300
0
0
1
0
0
0
0
0
2
2
2
0
0
95
1
0
0
1
0
0
635
5062
0
3
48
3
3
0
456
58
1
29
0
498
0
0
0
10010
0
0
0
0
0
0
0
0
0
0
0
0
0
0
0
0
0
0
1
0
0
0
4
0
64
6
0
0
0
0
0
0
2
0
0
1
7848
0
0
0
1573
0
84
0
0
0
5
485
0
12
0
3
74
15
1
380
311
110
1292
0
0
0
0
11
3
0
0
0
17
0
0
0
0
0
0
0
0
0
0
0
0
0
0
0
139
0
0
0
12
1
0
1
0
0
0
1
326
0
0
0
0
0
2
0
1
725
2173
0
0
0
2538
5
0
293
0
0
6
0
2
55
230
52
3
144
2957
422
125
1046
19
127
1302
2050
1582
791
0
0
0
0
0
0
0
0
0
0
415
0
0
0
2882
28
0
0
3
0
0
0
0
1
0
2
649
0
0
0
0
0
0
0
0
36
5
0
0
0
41
2
0
118
3210
5
89
69
1
225
40
0
471
0
2850
0
288
10
8
115
17
0
0
0
1
0
0
0
0
0
1
0
0
0
444
0
0
0
2
54
0
0
309
0
80
0
0
15
0
0
3
50
0
0
0
20
0
0
0
0
1271
0
1
0
0
2
4
0
64
6926
592
0
44
1
533
0
0
0
1
5
12
7
0
0
33196
0
0
0
13
0
0
0
0
0
0
1
197
0
3
0
0
1
88
26
0
0
80
1
85
0
0
17
0
0
0
1
0
2
0
105
0
1
0
1122
14
0
0
0
2
162
2
33
5
1
1
254
302
0
1
0
6
27
3683
0
264
0
0
0
1
0
0
0
442
0
1
49
0
0
0
0
183
1
0
0
0
0
2
725
0
2
761
1
4470
0
0
0
0
0
0
47
0
0
0
3
0
0
0
44
1
0
33
0
2230
431
0
0
23
508
2
56
3
6
0
4
405
0
0
0
0
1
0
1
0
0
0
0
0
311
90
394
0
0
0
0
0
0
0
0
0
0
0
0
0
0
1
0
165
0
0
6600
194
0
0
892
0
0
0
3574
0
0
494
4046
791
65
2
0
32
314
320
0
125
11473
936
274
13288
7759
12859
314
1612
6
12218
320
46135
1788
41569
37385
3566
0
14395
390
147
28
192
268
541
8
4802
4379
42
147
6
335
0
10788
10575
6
335
41567
163
10
3
31
12822
0
3566
4140
8453
30038
10526
3
5104
5104
5573
75
1612
28
2225
75
390
0
390
2
94
91
0
63
18
267
982
0
1202
1
8209
110
72
3382
0
3551
155
57
60
91
19
44
213
1083
0
2097
241
153
3
2527
353
0
5
0
91
7
90
5
0
12
307
1271
816
1371
2
1940
8765
72
12
37904
27180
816
0
0
0
0
11
4508
12502
0
178
91
337
1335
0
179
453
9
2
19
0
5126
3
8316
0
140
0
2
1777
62
3
0
83
6871
9454
98
1
9
0
9893
1
1
12
30
0
27
0
154
305
945
0
0
37
1071
435
234
1
2
8
361
10
3330
175
13817
0
2
333
333
21
111
0
5
512
111
1
6871
212
0
10
25
1
32
30
35
69
172
16
281
0
49
0
363
84
287
0
1
3180
1272
0
182
15652
0
0
1
968
110
0
1
0
31
2572
1374
53
119
674
9734
40
44
0
2684
12249
884
21
31
14425
6
184
0
5533
6275
6309
2618
0
31
0
49
271
31
1
2871
21
0
893
791
0
9
337
1199
22
2
0
0
1174
1
13347
0
1029
20200
8780
2
742
5
26
598
0
40
768
93
186
2158
190
46
0
94
0
0
0
16
218
61
0
1
421
30067
3
74
0
1533
12888
9
2
279
0
14930
6
14
41
0
0
201
0
0
17
12
254
252
4795
381
0
77
0
0
8
669
158
0
0
23
110
66
0
3
809
712
202
5
37
6
48
0
0
0
7865
679
18
5
218
52
2
1
0
0
8
20
0
0
855
11898
210
28591
22
45
423
0
1746
3165
175
0
16
1030
19
4
38
1537
0
0
65
307
421
1
1582
2
169
0
204
4506
1
2420
413
16
0
499
10
28
0
874
10
0
18
172
887
3
8
0
0
479
2
1
38
132
0
225
1041
0
0
38
156
0
1
2271
0
0
2
0
1
32391
5358
1
11
2
3132
151
779
11
3
56
337
596
94
0
7
12
5
3
86
0
12
112
0
232
0
3
9
0
2
45
19
0
7
0
1
4
13
0
3
123
2627
21
0
4
12
22
0
273
0
2
26
888
166
137
1035
9702
0
5263
434
197
15109
82
0
132
0
0
707
53
13
10526
1
9
33
0
0
0
93
5
14
1576
296
0
288
4
23
0
14
4
0
13
1419
8
141
27
272
0
26
1
7
3
375
1
176
0
0
8218
40
2
111
36
126
29
0
2163
1
4585
97
124
1
4
3
0
20
684
0
4049
6
0
0
5
4
170
1049
12
5774
1
0
1154
6
0
0
88
1
0
0
0
1
7
0
0
3
3
0
0
2039
13
0
702
330
108
141
27
3
8
1
0
1
1
29
0
0
29
9374
189
3
0
0
0
1
0
5
0
11
26
25
0
2839
22
158
31
0
0
66
0
2018
5
7
9434
0
2
8
624
29
2
0
35
27
8
0
1595
316
1
507
434
354
10
104
1
1
0
0
1
0
1653
19
0
2
10554
4
0
0
0
2
0
5
769
519
1
240
0
0
0
0
2958
461
0
0
0
7
0
4
685
3970
14
13397
747
10
1
0
1112
13
4
0
1
20
0
32
37
0
1
132
5
144
2095
12
1210
0
10
14165
19
2
5
58
0
125
0
0
3
4
5228
160
7715
3
1555
0
1
0
1842
0
0
0
192
681
0
238
1922
0
119
0
0
0
0
0
1068
0
0
16
7
0
57
0
2
166
26
1
0
1
2
2513
0
105
46
0
350
392
0
5
0
3
0
6
0
121
41
7284
3
0
7
0
7
1
83
0
295
0
1002
0
15803
0
0
0
1859
0
87
1200
0
2
910
0
131
1175
2
3
92
15
0
0
21
3
3109
0
1001
782
0
2
0
5690
0
1
0
2381
0
102
1
0
0
0
0
11
3
10
0
0
0
28
51
1832
1
108
456
15724
5
219
1
14
36
272
11
16
2
0
45
1
322
0
12
72
4
13
281
0
7539
246
2
0
1
0
0
732
3373
3
0
0
3
27
73
545
9600
30
1
0
0
1
0
0
12
6
73
0
0
3
466
0
0
190
38
1
165
0
1
0
1
6
0
52
0
1157
3
85
0
26
3
0
0
0
0
735
1
0
2
3
4
0
0
797
386
12
12
2
1561
2065
0
443
20
1315
0
0
1725
14
1
1
7
2
2
2178
1
3
1158
0
5
0
0
0
0
24
0
0
4
11
767
6
58
956
754
72
5
233
0
0
0
4
1
56
36
3
0
0
0
0
32
19037
0
0
0
0
0
1
11
0
0
0
0
0
960
32
0
0
0
0
0
0
2
30
2
3453
7
33
14
7
397
0
196
0
1
0
0
1
3
0
2
2
44
435
4
56
0
55
11
123
5
8
37
487
0
0
2
0
140
4510
11
106
0
0
0
5290
0
12
1186
391
0
284
0
2
0
274
9
967
0
5
2883
1
0
1
520
2
0
1871
20
15
1
8741
4
0
0
7
1
1
0
75
0
19
1742
25
58
1
4
22
0
4
0
26
0
2727
0
0
3
34
195
4
0
0
16
0
63
30
55
163
3
6
0
0
3679
6
0
6
32
0
0
3
1
9
131
3
0
579
173
1189
78
1
0
0
0
22600
11
0
3
0
99
4
0
77
4
37
50
0
1
2
7312
0
2
0
0
5034
11413
2
0
2588
3
0
3216
257
131
2
0
0
285
0
106
0
31
24
0
372
0
0
42
3
232
21
0
29437
7148
268
3
5
0
0
1
1
77
19
0
0
0
0
0
0
6
0
4
93
0
0
153
9
5
0
0
0
0
598
10
12
73
3
28
779
6
0
0
2178
29
85
17
1
98
0
0
9
0
1
0
235
1
0
76
0
0
0
48
3585
27
31
0
1524
20
308
0
11
1165
0
0
5
17
117
0
1161
1
1
2
0
1
1
16
3
232
3
1393
14
13
9
791
0
0
0
0
41
0
0
0
0
1
5249
75
16
0
2
557
0
27
62
7
3
0
0
2
0
0
1763
0
0
0
0
1575
6
0
316
40
1
0
0
0
0
7
1
58
57
0
2
0
0
33
53
400
0
4
202
3332
1
40
5
10
0
2
346
0
0
1
0
6205
23
3
0
2219
1
0
636
1
1
0
2335
27
4
0
0
5
0
25
0
18
0
5
6602
41
44
0
0
125
2
11
178
0
268
2
19
0
280
663
138
61
134
0
0
218
2446
0
0
0
3
5
0
0
51
6
5
0
0
3
1
0
0
12
0
95
3
25
130
1443
0
1
4998
0
0
0
116
0
0
30
0
7
284
7
2
198
45
0
254
4
44
117
0
4
125
41
0
0
102
0
2
69
7
3
0
0
2
1
0
29
0
5
1
203
36
4
0
292
64
13246
12
0
0
6
0
0
52
0
0
4533
0
0
85
992
0
0
0
0
0
0
0
1
0
4
41
1
1
0
0
134
204
19
0
0
0
0
0
473
12
0
0
31
0
2
0
7
0
47
6
257
35
27
0
0
0
4
0
0
0
0
0
738
13
1
2
0
63
13
1
0
0
0
2
1
0
9
0
0
31
13
4
0
0
6
1
0
5
1
59
49
90
58
57
0
1
0
39
0
113
0
0
19
2
66
0
6
0
1334
0
14
1
0
6
84
4
0
97
0
44
6
294
0
523
1
0
0
1
2
3
39
0
16
6
10
0
0
0
1
1
0
0
2
45
693
5557
0
0
0
1
0
1
0
16
0
198
0
98
2
0
1
1
0
0
0
7
1
12
19
4982
62
0
0
0
0
0
0
2876
0
4
7
2
0
0
799
3
1
4
8
196
3643
0
45
5
0
0
0
11
0
51
0
0
89
0
0
223
1
0
12
1
1
0
2
4865
3
13
8
205
0
0
183
91
14
0
0
620
22
6
0
129
0
1
0
224
0
0
139
0
0
0
4191
24
0
0
0
426
0
13333
65
0
20
290
1
2208
61
2
0
13
0
0
3
33
0
0
1
0
4
0
143
6
1
1
3
30
0
0
3
1
26
43
2
8
0
40
0
1
0
3
2401
0
0
0
0
1
0
0
0
2
0
1
362
656
0
0
124
1
17
0
0
1
34
2
0
0
2
160
2
28
16239
21
0
9
0
1
91
0
0
5
1
0
11424
0
7
0
40
0
12
22
0
0
182
44
31
21
666
20
138
0
150
119
48
1061
381
4
0
0
0
0
1
38
0
486
0
20
122
0
1169
84
0
0
1
0
30
0
38
280
0
0
1
246
1
188
0
0
0
0
4
2
0
0
299
0
1
8
2
0
0
5
0
1
2
188
0
29
6
0
13
26
0
8
1
7
16
0
0
21
0
0
0
0
0
0
0
21
142
0
31
5
0
0
287
3
3
132
1
4539
101
315
0
0
0
2
1
7
1
0
0
1
17
2
163
2
154
4
2
15
4
845
0
5
0
1
2
0
0
8
10
11432
0
0
5
389
2
2
0
9
3
1
57
0
12
83
64
734
6
22
15
89
23
0
1
19
0
3060
165
0
0
4
1649
438
19
147
1
1479
7
1
0
42
1
0
0
0
0
60
3
4
3
3
0
1
0
1
43
68
1
2
1
0
319
0
0
17
7
5
0
0
0
0
2
0
0
1555
19
2
0
1
29
4
0
0
5
1366
0
0
37
1
0
13
0
0
1
25
1
0
0
0
0
49
0
0
0
0
0
0
0
2
1
0
0
2410
0
0
4
8
755
0
1
4
0
0
128
17036
147
0
2328
3566
0
1612
1612
884
226
0
5285
390
6384
38
163
5104
2775
160
33386
2745
35692
0
3542
5855
3
17999
14523
8326
5104
527
0
347
11800
20696
163
5756
8020
42
1243
10684
7512
0
274
21
12445
12859
147
0
6944
12859
38
39590
5104
13160
9890
3566
7792
8029
75
0
75
1612
9
17442
30
91
7698
9097
1940
11
11
4
1552
8204
176
142
0
4
7092
60
29
3
0
1593
49
992
79
728
281
5
175
17
31374
21613
992
8799
0
2787
21
23
116
133
915
19322
138
992
2318
321
14156
1215
0
992
1
1149
4716
5633
0
13907
35
7892
23
6
0
8204
9222
11
10
80
9
6871
0
14
8023
0
0
3
2187
0
0
227
30
217
3
122
3
9902
18079
181
14
17
10524
2
83
89
1
28
2601
63
6548
40
6
20128
0
869
10143
173
5729
0
2
505
310
0
16
4
55
1520
0
59
313
0
333
0
0
8
2124
1
111
0
0
0
265
5
5
1
0
93
2
26
0
349
308
0
157
1
31
2
196
17471
185
2035
2661
129
16
0
54
258
3
11
9545
1
23
4260
6635
113
0
1
4
907
0
68
0
0
0
15417
11
886
479
253
0
0
4131
2
23
0
1425
512
3
12367
17
3
208
0
8
0
1
3
2
5404
111
2084
7235
122
0
3244
0
0
40
436
451
0
16
1
0
33
7
0
52
68
3
3193
1
0
3
5
21
0
0
2874
0
1
53
3
173
1040
176
0
0
1
0
1
4
0
6614
0
2
1487
0
3
46
441
1
0
6
9540
227
25
0
28
275
0
2
0
1179
178
0
0
38
391
1
0
0
4
0
0
26
4
5522
0
0
3368
6
6836
54
3053
26
2
2255
1
2
3027
7339
7
1232
1108
1577
7
5
275
0
9290
525
0
7237
15279
5202
3
6
367
13705
286
58
3916
4312
20
7
2
2111
0
0
784
19
1585
3519
6
40
8
23
179
7
1170
337
0
93
34
0
904
96
234
5
19515
0
7
0
8692
0
0
427
0
0
29
17036
14
124
2
0
0
0
492
9
2568
0
0
9
0
0
635
2
68
2
8
4726
841
5
360
3
6
1
6230
5289
0
0
1567
0
6
0
0
8
42
7195
212
2652
933
1
0
0
0
49
1449
0
0
0
0
0
0
0
15
0
377
1
5
0
0
20213
30
687
768
0
336
0
3
0
41
0
12
0
7756
0
38
11191
1352
999
0
0
1255
1
0
5
0
0
2808
6
1
0
0
436
4517
174
0
8
3247
3
6
2222
476
2
4816
32
5
83
1
0
0
9
2
0
351
2
130
91
32
0
0
508
0
1
30
56
162
10
4
1
0
3
0
347
3
1178
19144
58
40
0
2758
821
18
0
912
0
2
4
9
0
109
1
0
19
337
681
57
249
12
1
0
0
7
0
102
45
115
0
0
0
2
134
66
0
17
29
0
1282
0
86
2
0
106
3
1
26
45
0
2
30
1
0
0
323
123
0
2
50
0
0
125
3516
0
59
18
65
0
4171
1
6
114
327
0
0
487
4
6
0
0
230
1200
53
4856
1
28
37
63
70
212
1621
0
799
0
41
0
282
64
0
0
51
405
1
0
1
0
0
0
0
0
0
588
91
18
31
57
1
5
0
1884
12481
0
0
0
0
9
0
3
2728
45
1
0
623
6
13
1
2
39
43
0
183
9
1
0
29
112
2833
32
0
0
0
9
0
91
19
3
149
26
5
0
0
0
0
29
1
2755
0
11456
9
30
0
1
1
5
352
9
31
3
520
0
2
4
0
5
4
0
0
3810
1
1
8
793
0
0
0
1
27
0
2
35
0
71
0
2
3
0
40
3
7588
0
1
0
3
0
45
0
47
110
4
3705
0
6
0
2
0
0
0
0
296
3
269
701
628
0
47
1979
1
0
1
0
7
5258
4
0
693
14
127
1
3
19
79
2
1
2
4
1419
12
0
0
36
65
44
0
50
100
509
3
0
5
975
1
653
1
0
0
11
0
0
3
0
26
0
78
0
0
0
0
31
0
0
3
0
0
1
136
1
0
0
942
1
0
0
1989
28
78
37
231
0
41
0
1
3
0
65
104
108
1778
3
33
2
2
88
255
6113
2042
6
80
0
132
8
0
635
0
61
0
0
5
276
2
2
5
1
0
1
127
7
448
6
0
521
32
0
1
3
34
0
596
0
7
1
1
14
0
3
0
3
2
0
773
7
16
0
30
41
122
1
0
2847
12
2132
1
0
11
0
0
22
1
72
1
1
106
9
2
3612
224
1
0
0
0
7908
21
0
0
31
1861
0
1343
45
91
24
4
21
0
8608
50
0
19
1389
0
0
0
0
0
177
2
0
1100
1
0
259
4
0
24
15302
3060
0
976
0
0
0
0
0
0
1241
0
2
0
38
0
0
0
1603
3
0
0
1
0
2
2
1
512
1043
0
412
0
0
16
5
29
40
0
0
167
34
1438
0
541
29
2
0
0
1
1404
1
2
0
0
0
1
17
121
5
0
0
0
67
1107
395
2
35
0
0
43
13
43
10565
0
1136
7
129
4066
0
20201
7803
2
21
34
32
1
0
43
0
0
79
0
5
79
129
2
0
0
0
11
0
0
0
2
9511
4
24
2
0
16
47
0
0
428
81
177
0
500
0
0
0
0
0
2
238
3
0
0
13
0
31
57
5838
0
7
0
0
0
0
2
0
644
1
0
1
11
165
2
47
0
67
0
13
1701
1
0
17
0
1464
1032
0
21
35
9790
2886
1
0
2921
7
213
36
0
1
288
0
0
0
0
0
60
3
282
142
1
6
0
11
8
0
5
0
849
584
863
8
73
6153
3837
1
1
1
0
1
0
4510
423
3
3
13
5
3
2
45
2
11
16
0
3
65
5
0
0
36
0
46
0
8
1
59
55
1
0
4729
4
1463
0
64
0
967
0
1
0
15007
400
0
7
0
1
656
0
0
75
64
126
9
7
7
1262
1
2
5
47
1
0
0
35
111
795
2
0
37
156
125
3
18612
2
1382
54
0
1
442
25
0
2766
1
1
0
0
0
0
0
0
513
56
3
0
0
3
0
0
0
0
0
0
16
0
11
941
1
0
1
29
1
3
3
0
4
2
106
0
31
6
1
5
0
2
14
52
0
15
1
246
0
4
0
1
3
47
0
128
1548
0
0
1
0
0
294
0
2
187
0
0
0
0
0
0
0
0
984
0
0
302
0
0
4857
0
0
63
0
1
13
0
1
171
6
4
0
0
0
4
2
1
17
0
0
5
1
406
0
0
4440
837
49
0
3
0
11
12
0
1
78
5
10146
207
0
13
6
913
12
0
30
966
0
0
1
0
0
0
196
0
0
0
6
14
0
0
0
141
15178
27
0
0
0
1
33325
4
1
1450
10
0
184
144
168
0
536
0
118
1100
0
0
30
2
0
4352
19
0
0
7559
0
0
0
151
0
2
0
18
4
0
6
23
1289
0
0
1
0
0
5
1061
264
0
2
0
34
36
0
0
1
0
248
3
978
43
187
12
1
0
0
0
7
1
383
0
4
0
0
0
279
14
0
0
59
0
2
0
2209
909
1
61
0
1
1
0
1
0
122
0
9
1
280
0
0
125
0
2886
7
6
0
17
2922
3
2
21
0
0
1
0
1
0
0
3
0
155
0
123
675
0
5
58
1
59
0
0
417
0
149
0
1
1
1
298
207
735
1
4031
15
3
0
1
223
21
0
3
1
185
59
58
19
1
14408
54
1
114
0
14
14
62
0
3
19
0
0
45
11
1
1
0
3
0
0
0
13
1
27
1386
0
0
0
64
507
8359
0
0
0
0
1
0
2
14
0
1
1
6535
1
1
4
0
2
4518
9
2929
0
85
32
18
69
3
3193
2598
1
250
22
17
2
0
0
11
11216
2
7
314
2
3
0
0
59
0
0
1143
0
1
0
99
0
39
314
0
0
1
3
1
173
3
0
5
0
0
0
5
1
0
1
0
416
0
6
9
1
1
0
0
0
98
268
0
0
0
0
258
3
0
1
1
0
28
0
0
1
0
72
1
794
541
107
940
0
2
1
66
0
288
19
0
551
23
174
0
1184
0
0
79
0
0
0
0
0
4
1
0
0
23
0
0
1
12
171
0
7
1793
0
1
1
375
1
76
0
10
0
25
47
1
2
25
196
0
4
5
13
0
0
11
2
131
0
0
5
150
12
1063
161
1
0
14
0
0
0
0
823
0
0
0
0
1
0
0
0
0
0
0
21
74
0
1
219
3
303
20
3
961
7
0
0
2323
131
19
8348
2
0
3
3
0
0
0
9
0
985
0
91
23
7
0
0
10
0
0
1
0
74
10
0
0
0
0
356
0
907
1
48
0
0
1226
0
3
0
0
13
0
0
2647
1
1
0
0
1
0
1266
23
0
1
3
0
0
1
9
2
0
13
34
820
139
17
1
0
0
214
9
680
0
53
1135
0
3
225
0
0
5
546
0
52
615
0
4
224
0
0
6
50
9
23
0
17
1
0
1
0
0
4
0
0
550
14
7
0
0
31
1
0
0
2
852
0
2
0
0
6
11
0
114
0
264
0
0
141
2
5
0
0
5
158
4
1
44
0
0
230
76
12
0
0
0
1
4
23896
0
0
0
733
5
50
2
0
83
0
2
0
3
6
2
0
0
0
129
0
140
0
24
0
94
0
0
3
11
2
9
0
6
0
2
0
0
0
8
0
323
60
77
10
67
24
1
0
1
12251
0
6
7
1
0
905
134
0
0
1
9
5
0
1
1
90
0
1
0
3
0
8
1
0
211
0
0
0
15
12
1
11
0
0
85
13
39
0
0
0
254
180
117
0
75
15
75
180
4462
6
9528
5918
9880
509
38484
6
7461
12445
10462
87
5104
509
390
4798
5021
1612
19457
5302
412
6
6
29485
13299
14953
37149
3707
190
4798
38
1612
0
291
752
1201
1865
395
5104
1612
28
1612
3421
75
527
3566
390
404
8616
62
0
5064
5659
169
1128
13405
24743
4843
2353
8204
0
1364
45
295
15
11
1
6
5708
33
29987
110
0
7104
43046
1205
867
1013
11862
926
42
264
676
62
360
110
110
7
465
35
43
384
52
3437
4
2561
91
347
6413
0
55
67
0
11
22927
11
2
646
1
2
142
948
36909
79
4636
721
53
971
430
2
7
0
6
0
111
0
26
0
21
22
12
63
1210
0
4
140
23
0
105
7
18
9
3
760
16
238
36
66
7
1492
1817
0
65
2136
71
111
140
8
0
0
53
6
24
21
1
0
333
30
21
0
0
88
433
0
57
0
33
2180
0
1770
0
0
10
0
4205
285
0
0
31
52
39288
140
0
317
20
1
619
3
65
6
32
53
61
1
54
2
1793
76
180
0
0
78
180
0
0
523
93
0
1
1998
1592
13
4296
407
148
51
23
0
16
31
1258
87
3349
0
33
112
254
13799
5625
49
60
3477
19
130
2916
196
53
13
1872
58
6026
25
0
0
8
65
0
1
120
0
43
12
866
9
881
30
59
13
42
0
25
1274
83
0
3
5727
1
71
9
0
153
0
11
1
0
27
5229
11
0
1810
55
32
4220
752
55
0
1160
0
0
3
842
5
2
18
1
31
7
27
286
416
36
8431
0
0
3031
124
0
6
665
0
88
0
1
4042
184
17
12674
83
3
0
2392
37
0
6
0
6
1138
3552
18
70
7
31
1
0
242
68
1177
0
11
0
17
0
0
2010
108
2
21652
1796
32
3023
0
38
52
15
0
0
23
19
1223
31
3
32
320
26
6
18
0
0
68
0
0
30
0
0
4
6261
0
9
155
28
1109
1264
0
0
1
7
23
35
112
17
6
1139
83
41
758
20
0
0
1
73
15
4
6
68
62
17
0
1
0
8
583
97
487
0
1
967
62
0
1
2
4
206
633
4
3
12
0
0
34
0
51
0
0
422
5
214
1
0
483
41
1777
4217
45
358
49
0
55
33
15
0
1
0
108
1
0
291
0
6
0
4
2313
79
4
5752
0
110
0
5
1
1
6
19
2
295
837
255
1574
3
0
0
0
0
128
819
1
7127
62
0
0
192
0
0
0
0
10
3
8
66
269
492
141
5
0
0
1353
262
187
580
16
1436
32
1
39
1
2
2
4147
27
6
5
3
11
0
0
0
2365
68
18
83
69
2
436
0
79
227
2
967
1
6
2
1
0
0
0
0
232
21
2
38237
2
0
3135
1
0
1823
0
775
1302
1
580
2
0
0
0
59
450
0
0
5
4
8
2
7
3947
60
6
0
0
1
13
2
6774
0
0
379
24
58
7774
2111
66
57
130
1296
16
1
5
60
284
0
421
28
1
42
598
34
0
183
261
0
38
0
1
1
713
26
0
1
26
0
0
118
1226
541
0
0
5
113
0
0
0
140
6
54
4982
3
530
26
297
0
0
0
19
1
1
12
645
17372
0
5
126
1497
369
4254
46
99
16
35
54
0
7
0
0
150
5
0
3
4
0
4
2
20
0
0
0
0
1
10
1273
0
1
41
4
0
0
0
0
2
2973
52
0
17
2
0
454
21
2681
5
371
0
0
9
4
12
0
356
1338
0
380
261
6
154
3
0
6
34
108
3
18
1
814
20
1
663
0
4901
5
0
3
2
693
0
827
0
50
0
3
0
0
0
1970
1
1856
0
2
3
207
399
0
43
0
2
1
7
0
341
48
0
22
1
55
2905
30
2037
0
86
0
1
358
135
1
0
2257
4862
8513
10
0
4
0
1
0
4
0
4
13
0
693
31
11025
48
3
0
0
0
0
2
22
0
0
2
0
7
0
2
6
23
3232
0
6
1
1
0
0
2
1684
140
110
0
0
9
82
0
1
0
14
168
88
392
1
390
0
9
0
1
2
0
0
0
3
0
5
30
0
8
0
17
93
399
84
0
0
0
526
34
45
0
68
19
0
252
3518
418
1
74
9
60
25
9
2465
1
0
212
2
363
1
30
0
216
4
19
3
0
1
0
0
0
0
0
19533
0
34
2
7
3
1
2
1
0
0
0
0
0
31
5
16
0
1
344
2
375
0
1658
0
5865
236
2878
26
4
2
0
10
0
0
0
7
28
0
1
0
0
1050
22
2
0
99
5
58
0
4315
97
0
138
7
87
0
414
29
0
0
2
929
2
341
1
71
18
0
0
0
415
0
6
307
74
230
2
2
0
1
16
41
1
0
3
4
4
1
202
3
1
0
0
0
0
9
0
1144
192
1
2
51
0
20
1426
2
1
532
119
14
1
1
0
1234
16
0
6
143
1257
0
12
0
0
0
41
2
8
72
66
75
1391
212
7
0
0
44
1223
57
15976
46
21
25
34
15
96
311
1
3
0
5340
57
24
112
254
0
160
1992
23
16
0
910
13
1577
84
23
0
0
0
25
1
323
705
342
10
0
81
29
0
13
0
0
958
0
0
1
0
1
3
0
881
14
0
9
0
244
8
0
0
0
3306
0
0
456
157
103
1546
0
2161
4930
9
0
4
3
3405
1
4
1
6
1686
4
1
83
0
0
0
1
0
7625
624
2810
27
27
39
0
0
0
543
1733
509
7
0
0
142
0
367
1521
13
167
6
0
85
1660
1759
184
1
0
1
259
1
0
0
0
5
143
949
516
1831
0
434
55
0
0
272
55
481
0
2
2
14
15
0
765
62
1
0
399
238
0
931
2
915
12
3
0
0
0
0
0
466
89
0
1
19
142
1
2
158
0
9
11
0
0
396
47
0
1
591
252
397
197
0
0
12
2
4
7230
7
0
1
80
3
36
0
4
0
0
234
0
3
0
181
24
0
3
1
0
76
1
0
0
3
1470
0
50
605
9885
0
0
0
42
0
73
0
1
0
6
15
66
17
79
173
242
11
0
1
0
2
0
0
0
0
53
0
0
0
23
2
0
1000
0
8
0
1
7
1
0
131
2
85
420
119
0
0
9
0
0
82
968
1
1
795
25
0
14
0
21
59
0
4
500
0
0
2
2
0
0
2
2
7
72
6
1586
19
0
18
140
0
6
0
0
0
2068
0
0
0
191
456
185
742
22
2
38
109
0
0
0
0
0
0
0
0
2
690
5
0
142
0
106
4762
0
1
67
1
2
15
50
2405
104
299
0
0
0
0
20
17
0
2
0
0
0
36
95
0
7
0
18
501
0
0
0
2
0
0
0
0
0
0
0
0
12
0
23
0
50
0
1
0
27
0
0
1
0
2918
2
132
0
260
0
0
1
0
1
763
0
307
0
0
3
104
5311
0
25
264
1
0
1
1
1735
14
1
0
0
1
0
65
72
0
0
63
0
0
40
0
13
0
9
0
0
23
0
0
27
0
174
2
0
111
9
3
104
0
1
0
0
878
3
1
41
3
248
1838
6018
10
0
429
0
5
212
0
0
101
3
11
95
44
2
10726
102
0
0
0
4
39
0
16
0
46
1
242
5
3719
2
155
0
78
1
0
5
43
75
2
2
7
0
64
0
6
40
29
9989
17
0
986
5825
15
0
68
466
25
2
0
2701
0
74
2
6
118
1
1
65
7
8
0
30
2
2
298
122
4510
0
1
0
0
0
0
0
0
0
0
0
0
0
847
49
68
9
17
2
80
0
52
11
732
1
1
23
77
0
0
0
0
7872
66
4
0
48
1240
356
6
213
0
0
0
3
24
40
0
3
1
58
5
928
186
47
51
9
2
39
0
42
2
0
2
2
7899
0
0
0
1450
0
0
0
444
3
0
496
0
2
0
1491
13
0
0
0
8
76
0
1390
47
1
0
8
0
0
0
0
0
3447
1669
1
1
8
0
0
0
432
477
3174
3
24
2
583
0
22
470
0
4
493
87
1
4446
3
1
7
2
0
34
0
1
2
515
0
115
41
17
1616
103
26
0
0
3
0
0
116
2
1970
80
0
1
254
16717
0
13
301
0
0
57
0
0
2350
446
25
14
1
60
1
0
0
0
1263
1134
116
0
3730
5
0
1328
12
6
0
28
0
0
3
0
1
975
11
0
4
790
1715
1
0
17
189
1
0
4
0
469
0
0
402
3
0
11
0
0
2
1
95
37
0
1415
163
2
0
9
0
0
1
0
1
4
0
64
8
373
0
1
1
8
0
5
4
10
1894
0
3
2
0
1
2
3
120
34
1
51
0
6
0
0
1
13
1892
1
0
0
197
0
6606
1
0
0
0
0
22
308
75
0
89
5
2
5
740
0
0
31
20
0
605
3
0
6
1
7
174
16886
0
31
1408
3
8
1
0
0
3481
74
14
0
5
613
0
676
2
0
0
0
0
1
98
0
124
0
152
62
386
5
1
0
170
1
2459
0
5
0
0
0
0
0
350
8669
11
0
17541
3
39
47
0
11
0
2444
7
0
0
0
293
0
1
868
0
3009
20
109
913
382
1
8
544
3
669
26
75
2
0
247
1
0
2241
3995
3
0
0
0
122
0
15
3
571
1348
23
0
1
68
2
177
1
0
33
0
2181
0
0
0
2336
0
1619
0
12
149
1
9
637
2
0
0
0
6
2
0
2
12
2
1
5
33
363
96
113
0
0
0
0
0
9
0
14
17
0
6
357
2
0
124
1
219
5
4
1
6
229
90
1167
2
0
1
0
260
75
0
13
0
91
22
38
0
1
11
516
0
0
2415
1249
8
0
6526
43
7
0
9
0
853
11
1887
2008
8867
169
12859
1621
1294
440
1032
1347
25033
6130
160
845
507
13063
13019
163
24603
44513
30947
3566
509
133
14778
1001
6
18591
29058
13549
6
38
5104
28
4583
5763
10125
509
38
12859
1001
1621
17572
6208
100
147
7818
2135
8511
73
0
13599
11328
3293
44395
13570
3744
6526
38
7347
62
11
10559
25255
40
120
210
210
4612
5
0
394
7
4704
128
6
200
17
10662
0
0
846
18
1
2088
6823
315
174
3
92
94
0
0
72
23
118
8293
23967
99
4
576
361
4
984
319
5
47
486
947
1780
684
37
0
34
826
665
4
6
0
2
0
0
4
8
36795
8875
2815
321
90
961
3
508
157
19
0
3
1303
1111
24
4059
2
0
6108
23
26
205
55
2
24
13
10
403
45
551
6
0
20
3
0
4
231
4
1742
1
0
0
3726
0
8
19
374
258
227
8009
66
113
359
19
96
1033
3815
8
165
1106
2
0
22
0
1
2210
103
9
63
9998
182
0
1
31
3947
2
4174
2
1584
179
0
74
283
4075
4
170
10
135
144
0
8661
0
0
183
7517
8440
9623
40
21
14
19
31
32
5
1
5302
1
2
35
12117
30
49
0
1217
3
9
0
1516
0
2
45
5
669
87
1148
963
0
138
14702
4
3
3
0
42
0
46
516
180
0
187
0
320
0
1
0
12
1
79
2
3407
152
19
202
2712
0
18
7
6
1
0
3853
0
0
245
4
44
164
7
161
46
44
375
358
584
317
0
2783
405
3
1
31
93
0
1
50
88
630
0
70
36
0
91
3722
1356
3
4422
0
0
3
1
21
55
1
14
3
1
2
25
4787
433
0
0
230
20445
4006
93
12
0
6895
6
1
9
0
134
1
5
0
3931
1762
0
1
2694
0
241
1
0
0
12
27
151
0
2
26
25
16
0
19104
2660
63
1815
3
4388
52
17
20
0
0
188
15
1
0
4
0
0
0
1
0
0
3
109
0
1
0
0
0
40
0
108
8
174
0
0
6
401
1803
4
0
0
2907
4
46
521
3
918
31
6
5
84
15
287
12
0
13
282
1022
6
285
1459
1926
66
537
669
202
12
8
70
1
349
1103
0
0
25
10
2
916
13
7188
466
7
52
573
0
66
42
6381
70
92
217
378
6834
1486
0
0
3681
3
1
2182
0
3
65
85
2
3
1113
0
26
24
2
0
5108
2317
644
89
0
9792
0
1515
21
22
0
0
4140
46
0
2
0
0
0
26800
183
199
1781
12
140
0
1
0
9133
61
6152
1
138
0
5
8
3
0
45
212
17
58
0
2681
0
1204
274
2102
0
10
337
1981
9
4
0
418
0
1
5
891
17
3
29
933
794
105
302
2
578
239
18623
276
47
89
0
0
0
85
126
460
6
0
0
1810
10
90
1127
138
308
0
0
215
1782
49
2735
644
6
0
1
0
0
0
2
48
123
0
17
0
6930
2981
7
0
1
3
2462
0
349
8
5
2
109
28
13645
24
2
244
0
0
3
0
13
59
0
1
750
51
20
35
78
0
82
0
961
92
1151
0
34
0
5
4
1
2
1
12
0
1
43
0
392
4
1507
0
0
0
4228
1
0
61
28
698
1
0
268
2
4
302
14
1
2
67
1194
1
36
113
3
0
135
0
17
6459
1024
21
1912
1
1510
0
12
9392
2730
2
5
0
0
14501
87
10
2
0
16809
0
1
0
0
0
6
6
0
0
458
0
63
1302
5
532
65
2
6861
921
0
24
0
0
0
0
122
20983
0
0
34
0
3
185
0
0
1
86
0
1
18
15
6
212
102
0
0
61
5
87
0
936
160
158
301
88
0
1818
0
88
2145
1
29
58
111
1
1
100
0
0
17756
273
0
1
1
0
63
50
0
12
7
2
1174
4
10
31
21
2
3014
523
0
0
7978
5
1227
0
543
9
0
0
261
53
6
28
1
134
31
69
40
6
0
0
207
4
0
0
0
5
0
6
124
5180
0
1
238
39
9
0
1
2
1071
0
2
0
55
0
1
19
4213
2872
2
0
5
2
2
976
0
45
45
8
701
899
2116
0
223
4072
9
486
30
268
0
0
0
1
76
1719
3
5645
0
1
5
102
0
0
384
7
17
230
62
15
5
1
2
3353
5
46
107
0
0
20
25
1
11
40
111
0
2
2
38
0
2821
107
129
182
0
48
464
1994
0
7
6
5762
116
4
0
2
2993
2
7
3
49
869
0
1
135
442
11
0
824
2
344
2032
5946
1050
0
1
1
0
10
3
3047
0
2
23
8
4
0
4301
9
0
2338
0
0
161
11
122
17
3960
0
0
0
0
0
21
107
8
24
15
11097
0
9
20
1
1209
2
0
1
0
16
7
2
552
0
171
13
0
75
2
347
20
129
10
4
1
1
0
27
0
0
0
2093
0
1763
46
91
92
2381
0
76
0
0
13
0
9655
7
0
0
1
1357
34
0
3321
2
65
63
27
0
8
3
1
0
0
501
0
2895
1204
1828
16
520
2870
0
103
288
1700
1
5
1
2280
573
1
0
0
0
0
3
4
0
48
7
0
52
4
2543
3617
270
0
0
0
0
25
106
7
1
3
576
16
0
54
79
17
26
70
0
29
0
7
40
15
626
19
0
166
5
0
231
0
0
0
620
39
0
4
22
310
1159
15
12
21
1
7
0
3
1
70
1048
1
2
847
1
141
112
1
0
7
0
0
58
0
2
0
28
0
0
11
110
5
14
1
11006
0
250
0
469
564
260
20
74
2
0
6412
1
0
0
186
827
39
3435
0
3
0
0
2202
0
28
0
7
3386
177
0
0
107
7
1612
2004
37
18
153
2
175
0
0
39
702
0
0
0
0
0
1
5
1871
0
28
1
72
61
5
0
0
56
1
28
0
48
207
2
41
21
0
20
20
3
188
233
195
6
0
46
0
1
207
0
328
7
0
1
0
3
0
1
20
1
9567
75
0
2
218
0
76
1
30
0
29
81
3
0
3
1
2
14
0
20
12
0
7
1567
139
3
1
2
2
1927
0
1
46
1274
2364
314
8
7926
15
16
2382
5
71
0
7749
0
0
12
4949
0
598
1
0
0
4
94
280
392
0
13
0
0
2
34
340
0
0
240
5
4681
0
61
0
0
3
10
657
0
58
944
323
16
0
3
0
17
564
124
7
69
35
4223
0
1
8
10
277
1
3
0
0
129
81
93
4196
6
0
4
32286
7973
0
1
44
981
0
22
0
0
0
1469
186
2
158
92
0
531
0
11
5
3
3
1
767
0
206
0
1
0
0
457
212
920
0
2796
4
1
0
44
0
0
3
0
1
1
0
25
2970
123
1
0
16
0
0
2
2976
0
699
0
2
53
0
2
0
3
2
6949
0
7
0
0
10
0
84
431
4592
531
0
61
0
0
83
91
16
58
0
0
7
1
0
2
3
0
2
0
3
2072
0
1
3
773
0
0
22
3
1
0
0
2092
4
10
0
0
0
214
4
2186
0
1
143
0
76
0
505
2
174
15
1
2298
183
1
2
48
0
0
0
727
23
11
1
14
5
1
14
6818
56
468
1
0
1
11
6
5
2
867
35
773
13
5597
15
16
7
270
1
3
9
0
1
6
3
15
2
0
3
0
114
7
2
0
0
11
17938
0
0
0
0
6
1
18
6
4
3420
1
0
165
11
0
0
11
0
2
0
5
2
72
7
1
2
78
0
36
10
1
17
0
2
257
0
0
12
85
44
14
260
965
8
99
12918
0
0
104
1027
0
87
29
29
13
0
0
2
0
54
6
333
0
0
4
0
334
0
666
1
4960
0
20
172
0
0
0
847
0
0
6
0
4
0
176
1
87
0
3723
13
0
6
31
0
0
2
7311
48
10
44
3
0
0
0
284
633
13
0
989
0
24
1
0
1561
1
0
293
8
0
3020
1
99
2
0
19
778
41
3730
0
1010
1064
1873
29
9
89
97
2
725
244
0
0
19
0
1
2
1
97
0
1224
66
579
0
342
516
7
67
2
0
14
154
6
0
1
40
135
75
0
242
118
328
250
0
2
9
127
55
2
5
278
0
1
58
0
2
37
1
134
4
22
340
230
0
96
237
1
0
0
0
8
5
1
0
1
1
0
0
0
2
55
4
10
961
4
155
0
0
3
0
2447
23
21
17
2
8
8
2
217
4
22
9
8
4
1
18
75
1
0
1
1
4
4
231
0
0
46
184
5
0
4
41
2778
9
2
3
10
38
323
567
0
0
1
12
2604
0
0
0
1
3218
260
4
1681
0
462
43
81
258
0
0
844
533
48
68
0
0
65
0
197
0
0
0
3
0
172
84
24
3
5
0
3
34
9
62
0
0
0
0
2
29
11
6
0
0
3
433
19
62
2
0
46
64
9
0
0
1628
2083
7
7
1
0
1179
0
0
4
1
14
2
3
83
2
1
7
7
28
188
78
12
0
0
64
41
0
3
2
1
13
0
0
0
79
45
12
41
0
0
0
0
0
0
0
0
0
0
11
0
17
1
0
1
187
14
0
2
12
86
1
0
54
183
0
1111
12679
0
1
19
806
249
0
329
0
34
1766
73
400
3
732
508
2
163
10
1
0
2
1
132
71
28
5
277
44
822
2
0
194
7
0
20
1
212
1
1
0
0
0
1
4
1
43
1
0
10
2
12
10
8
0
0
0
3
0
0
0
0
195
436
116
6
1282
9592
245
551
526
29
878
44
0
66
0
23972
1
521
45
0
1
5
34
7
1
432
0
0
503
7
0
1113
0
1
10
6
45
10
8
5
934
3
371
0
17
78
0
0
0
0
0
4
0
1
114
63
32
441
5056
121
176
321
0
1
81
3
63
0
1216
0
0
2
337
3
2945
38
1
99
0
2
1
11
220
0
6
225
440
174
440
117
1748
163
169
557
5669
169
125
140
960
163
944
241
645
35
163
5659
28
0
48
1621
0
163
1373
163
1621
2959
440
169
0
48
1621
1399
225
163
440
169
125
195
960
6642
169
440
0
5659
163
440
1887
11
169
7887
0
48
1621
0
163
2034
227
3892
13
31
595
1925
617
615
0
101
0
6
12
79
25
282
2
5772
103
137
28
116
21
53
7511
992
950
5
992
2125
24841
2344
5
360
617
4033
992
950
5
17
31
13511
617
4033
25
386
2
0
63
595
992
53
3845
394
40
0
210
41
992
950
5
992
165
29
31
1633
1856
394
1
4
0
72
306
1
65
3465
8924
0
3
1336
9
7
0
387
44
47
0
113
31
41118
833
19
18009
0
56
227
19
852
0
1
37053
833
19
64
394
265
0
1
3
2785
9
51
2631
1
1076
0
790
3
55
67
508
5023
34252
833
19
497
118
5697
3
9
4020
1
8
87
14
166
0
1
209
0
109
0
488
343
520
1
14
7
1834
3285
4
229
167
2
204
381
12
206
46
5
83
0
71
0
3
204
381
21926
1
458
71
0
2026
302
520
12062
160
8
1
54
12381
11437
0
17874
0
1
2
204
381
3
2
386
129
63
125
8
28
303
1
1138
5
237
21
182
28
0
68
0
2766
113
1544
388
50
4
5845
0
0
31
9
60
44
143
902
8896
0
16
124
0
27
9
28516
500
8
0
124
0
48
0
2766
0
124
28
33
51
0
3
0
437
33
0
32
9
27502
30
1
2
141
268
2
1166
1781
1
0
176
457
1
10
8
0
3
1
4
172
338
0
1055
1
77
311
23
0
40
1
7053
2080
1
0
7
0
1
689
0
56
1
0
2
84
19
609
0
2
4
172
1
0
195
14
48
6
1
0
679
126
0
85
1
376
1380
577
1
1
1
12
1
4
26
2084
1
1720
1
1
1
1
0
64
1569
3
10
124
1324
1
203
797
107
0
0
43
3381
577
26
1
4
0
0
2
0
0
43
812
9993
2
0
2
0
60
1322
3
93
2
4689
0
4
640
0
3
0
811
0
0
43
230
67
0
0
7
21
78
134
1
179
10
0
361
53
725
1
119
17
9388
4
23
1
259
0
1738
1
0
726
0
10
15
1
9
2
31
0
3
299
0
9
10
15
1
9
0
0
0
9
32056
3
23
0
46
628
18
1
0
0
0
34
0
0
18
15
6
0
100
5177
908
202
3951
1
255
1
17
2696
4
584
1
2391
0
1
2
2
80
977
1
36
886
15
21
0
0
26
55
1
7468
0
22
0
0
0
1
7
9
326
6
20
0
593
1
7
2
1
80
1
33
27
110
976
1
41
16
0
0
10
8
66
6481
10
187
0
111
1
62
0
6187
123
1707
5
15
5
40
328
19
0
1
0
3133
550
14
61
4
2
0
0
10
0
1
1
7
0
1
65
17
2
0
931
76
2
100
0
5
1
0
931
1
0
468
1
56
139
671
1
4506
0
1
0
1
30
0
2
40
1458
1
786
5
89
386
2
8
1
2
4
35
1
200
2173
1644
0
48
2
0
11
6
0
10273
0
0
2
2
2
1
1
17
0
1
0
1
17
1
423
0
1
0
0
0
19
1
423
10
2
4827
74
7
2
0
32
350
19
0
8432
0
591
2
1
131
1187
12
34
0
4
4044
29
0
0
1
0
276
631
2
0
188
0
1
21
67
6667
1
9
7
0
360
0
630
124
1134
2
0
3
2554
45
0
6583
3699
2
1
1163
1
72
19
1
3369
2
0
21
722
0
1
2091
32
216
3322
208
0
2
0
356
1406
1209
3666
22
4
1
0
1
6
1
0
0
4
2
10152
899
3
29
0
2
1
38
0
8
0
12
23
0
19
0
241
80
1
36
1
0
209
2132
0
2
1
5
3145
1
4215
0
1
1362
0
5
1
65
28
1
1177
3
752
0
1
2060
0
2
4216
2
15
1
0
9865
1
5
2
0
9
0
0
17
0
26
174
24
21
1
0
6
144
85
25
18
1
2
0
4
3
4282
2
4
8
1
106
18
577
58
0
1
4
180
1
12
232
24
0
2
4
180
6
17
114
1574
0
0
1460
1
23
1
2
637
1
2
0
9
2
4
0
5014
1079
39
0
0
0
1
1
34
2
5846
1
0
1
0
0
5
53
0
4
1
1
0
1
1
5
9
656
1
0
1
1
1
2
79
0
1101
6
637
639
152
0
1
0
1101
251
3
2
0
6
1
14
23
0
0
6
2
5
115
7
569
3
24
0
1
0
1
0
137
485
0
4
46
1
9
0
2863
0
849
1
1
0
1
0
1253
140
19
3210
5
115
1462
1
2872
40
0
31
0
7
0
13
1092
957
1
0
1262
0
52
12
3365
0
1
1338
1
359
0
8121
1
0
1
0
0
0
15664
1155
1
115
0
4
1
0
0
0
537
1
0
0
4
7
24
0
3
1
172
800
1438
1
174
22
281
0
1
3
0
17750
1210
1
331
1540
0
1
1
0
1
20
509
750
1
20
1
2
2
19
17
1
1606
4
1288
1
2
2
0
263
0
783
159
11
206
999
1
0
1
0
0
0
0
189
17
78
151
1
1
20
0
4
1
1724
0
44
0
1031
0
1
983
47
0
1
9
3
29
11
680
81
0
0
0
963
4
37
6
26
11
2
0
7
1
38
237
3714
0
1
1191
1
5
28
0
3
1
156
0
28
45
27
9
1
122
19
0
0
154
1
27
1
8849
108
1619
3
1
0
457
0
4
1
0
102
49
0
0
148
0
25
25
10
4213
1
0
2
2
990
1
28
25
137
2
10857
1
0
1
0
1
69
0
0
0
0
12
25
24
0
4
1
988
0
0
36
6
9015
1
2743
0
0
6
0
1282
53
345
0
1707
20
0
1
140
22
2
0
171
1
201
488
1555
0
15
1327
0
0
34
27
3
0
27
0
6
3
1353
0
0
7
7
2
0
2176
0
359
200
11
89
1
199
5
9702
1
1
1
0
2272
0
0
27
91
8
2
0
221
42
0
127
0
18
1
1261
0
245
0
2
953
0
1
1
0
3806
483
0
0
55
0
1
1
2
1
177
267
30
0
2
1
0
0
0
0
1
1
19
28
0
3
1
0
0
1
326
819
0
1
3
0
1
165
15
4
0
139
0
9
151
25
0
1091
145
0
9
1
6
0
1
3
571
1
170
116
59
0
39
11
2
409
1
17
2
2
0
0
7
17
9
1
0
4
0
0
153
1339
0
130
102
993
2
0
3
1
1534
0
1
987
680
418
1
13
27
0
3577
0
1
1
0
13797
0
1
6
0
4
0
1010
0
34
0
49
0
0
0
0
28
0
617
1141
0
0
26
4
0
18
1
0
6
252
1
0
0
1
1
1
0
438
2
2
3
0
5111
19
0
1
1
0
8164
0
0
2203
0
0
0
12
13
0
3
46
50
0
163
6
435
1233
1004
1
1
0
39
2
2
4
1
0
1
0
0
9
3
1
0
40
0
1
45
31
7082
1
0
1
0
2
0
234
1
1279
6963
141
18
3
1082
0
0
10
0
0
0
1388
212
17
2
0
188
2
0
3
6463
1
1
1
0
638
136
0
1
31
97
13
0
3775
193
19
8
0
6
0
3
0
0
0
0
32
0
20
19
6
2
31
196
14
4
0
1647
0
262
4
1
1
2173
0
211
0
1
1
0
0
56
12
2971
1
175
111
0
1
0
0
492
1
171
13
2
0
1
255
16
0
1954
0
1
23
10
0
0
58
0
1
0
1
0
0
17
0
0
0
1
508
2501
0
3
0
5
0
46
55
36
0
3
2
0
1
1115
0
1
0
506
37
0
1086
0
21
7
15
891
325
0
486
36
0
25
7
9344
376
0
27
12
0
1072
0
1
21
2
2
11
245
6309
0
142
270
34
0
1862
0
299
479
0
0
0
0
535
2
2
0
0
1
0
1
1
13
0
3
1
1096
0
1065
0
0
1
186
0
63
0
2
0
2971
0
61
0
23
1
0
78
0
0
10
1460
14
1
6
0
3
94
33
0
2
0
5
0
7
62
571
0
0
114
0
3
1
0
450
0
0
0
0
3151
60
19
0
393
0
437
885
622
1
1
0
1758
0
0
4
0
55
143
0
15
730
0
1
4
1422
34
8
2
0
15
21
1561
0
1
25
1
0
12
1
1
0
711
95
0
0
1
0
1
1
194
21
1
30
852
0
1
1074
0
0
0
0
10
0
81
45
0
3
3
6
0
18
0
1627
259
21
4
0
35
0
0
12825
19
1
1
4
2
116
42
3
0
1
11
3960
0
1
4
2
2
38
2
3172
0
1472
161
22
0
1027
0
175
0
332
871
942
338
0
14
4
2
2
1337
0
0
0
48
0
0
0
152
2
0
0
1
913
0
0
3
137
0
1
1
0
1916
36
6
14
0
21
0
0
6
0
61
0
1
761
92
2
0
0
0
6
54
3
5
2
0
95
0
1
15
3
2
8
2
0
4
1
0
4551
0
0
0
6
11
0
15
0
16
0
1
0
0
2
20
19
86
0
0
1
234
413
45
0
21
6
853
2
3
0
3048
0
190
1
0
1
76
90
656
3
8
30
0
1051
1
0
0
1
41
44
0
407
31
0
2
0
5
1
759
0
0
0
2
2
0
232
1
0
1
0
18584
0
44
6
0
0
4
5255
0
1
2
0
22
109
0
0
2025
0
2
1
25
1
40
9
2
0
14
0
277
121
1
199
4
0
1
0
3
0
0
286
1
782
7
0
3
0
2868
0
0
1
0
218
0
0
1
145
9
30
0
6
0
283
76
3
1097
1255
169
1932
31273
5669
169
125
6658
960
235
163
12350
163
1621
5302
169
11
0
440
1932
163
5659
28
114
5669
440
5092
5302
11
684
440
169
20
3757
1666
355
100
320
2775
8722
440
107
440
320
13693
5919
169
1887
8170
1621
8133
3819
797
1887
509
7592
163
225
440
1621
169
0
5302
0
6
10634
4
21465
12
79
25
347
2
2
165
3518
2344
5
0
64
8954
992
784
4
21
53
7511
69
12
595
572
0
8954
1
784
387
28
5
28725
1182
1063
21
86
88
595
336
595
3282
3
2886
237
40
13187
5
36
737
2
40
4372
838
21
31
595
5
6363
992
0
992
51
913
1
0
8924
0
3
1656
9
40
490
485
227
19
418
81
1
1471
4
1
0
113
31
2
7
1
2646
763
1
84
4
5241
26
400
0
29
0
180
372
216
1
36
1
94
3359
2
107
2427
2086
19
3268
86
2421
20126
25
3126
17164
394
1
19
2
15868
418
1223
14
474
0
17
109
0
3416
281
520
90
3
359
5
83
0
545
480
0
0
0
4
229
167
35
429
8
0
92
480
55
0
1145
54
282
36
141
1047
5
6
4
8
1
8
0
69
1
112
0
0
371
461
0
12
10490
401
1
7
1
8
10749
25
120
0
0
0
0
2
3
28
0
67
0
2766
0
1
0
8896
0
0
1
0
32
23
2
10875
0
0
8513
57
68
17
358
0
0
23
0
817
0
1220
0
0
0
37
1
2701
4
18
5
274
44
739
0
1
336
1
5
246
2
52
2146
19
8
28
0
515
2371
0
35
1
9
0
1
0
3
1
1
172
4
580
189
7
0
7194
90
7
5
65
0
314
23
0
0
9
0
1
0
7
2
65
0
758
15
0
18
10013
186
0
0
25
34
61
7533
29
2056
4
791
2095
153
7
5485
5
0
54
29
157
84
271
98
1
0
37886
54
16429
168
3
1
1
0
67
1908
3
1377
0
0
4
0
12
262
420
32
4
3
2104
107
0
1
0
0
0
10
420
21
6
2
8
1
0
0
93
2
634
155
383
162
0
19
1
64
0
3184
1
67
15
829
378
4
545
4
128
2
3
0
1
18
1
0
261
0
1
8686
119
17
7689
3
23
1
105
8
0
3
3
0
2617
0
9
1
0
980
0
118
2
0
86
13
2617
69
6
8
9911
0
47
170
0
16
294
20
984
1342
0
0
0
29
46373
811
0
2
0
717
33
7109
0
6
0
0
2
0
26
1
43
23
2721
27
0
262
0
1
1
1
80
1
211
35
0
0
40
0
446
10
0
0
21
0
0
0
20
3
19
0
446
0
1
81
5
0
188
3
3
89
1
7543
8
0
0
0
103
8
0
0
0
0
0
9596
0
79
0
238
18
0
221
3
0
0
2731
756
0
107
0
2401
19
0
1
0
3133
1052
1
1
65
17
39078
2128
4
259
2087
0
0
0
10
1
29
0
2
1
4
1
893
0
23
0
6
16
8165
2644
6
196
1
688
22343
0
19
0
3638
0
5461
0
752
1
1
370
1632
6
1011
4
3505
369
1
916
7
247
16
1235
0
1
316
0
65
2
0
1999
16
1
0
1
3
5
21
3
10935
0
0
2
2
0
3
12
29
3379
21
177
0
1
0
4
769
0
60
0
10826
8
0
59
37
38
9287
14
279
0
61
62
14687
1
0
2
7400
3366
46
45
2
125
321
5
1
479
1
0
2
23
507
0
0
16
368
3
3
6571
45
0
1
6
33
0
2
2
915
0
630
44
8
1
13535
1
33
0
2
525
0
0
1
0
0
6
2
3
27
69
0
1
14
0
6
0
0
3
0
5
9
5
1398
43
0
0
0
0
2019
31
40
1
0
0
6
1
0
2
1
31
13
9292
1
273
302
0
152
0
2711
19
0
6
3
0
241
0
0
0
2
5
5077
1
324
18
88
17
8
0
0
49
2
0
2
62
0
0
0
185
1
0
5
101
1629
23
0
171
0
4
0
0
0
0
27
1292
0
19
61
2
0
0
0
6
12
91
1572
7
0
2236
1580
0
0
5
11
1963
0
0
1
4410
2
1
622
0
1
0
627
1615
0
441
0
1
5
82
0
2658
0
22
4
0
0
0
3685
10
110
0
218
39
1
3
1
3533
6
0
0
0
0
293
92
6
1
0
2
0
817
87
1
0
0
5
0
29
1
1
1
2
1
33
0
1667
38
817
3449
1
5
2571
7327
0
135
9
8
441
1
775
38
0
202
1122
16
1
0
2
0
0
4009
0
1
5
4837
0
250
13
23
8
0
1
11
0
1
11
0
687
20
1
292
0
3
0
217
17
0
849
1
1
26
0
4
24
0
7
1
33
6
17
1
217
4
4
115
0
3
2
0
30
1
3
13
0
132
0
107
86
5
4
0
1
58
89
89
46
0
27
15
0
1
64
0
480
0
0
26
3
4
21
418
23
0
40
159
24
1
1675
0
3
1
172
2063
1303
50
1
0
1
1
0
46
40
32
11774
1
0
1
0
6261
1
0
7
0
715
3
10737
1
24
3586
0
2
1495
0
0
40
0
0
18
99
9
85
1795
2
0
0
30
0
0
7
657
2947
0
7
19
2
29
10
0
0
78
1266
0
4
1
1512
0
14
0
0
177
20
0
0
963
0
9
3
9
0
4
215
9
275
759
0
0
4
7
32
8
0
1
2
2
0
19
0
5
1
283
0
2697
18
0
0
408
86
0
0
10
4131
0
1
0
29
1022
19
315
77
429
10
1
0
0
1
0
184
3586
0
4
0
0
1
0
0
1126
1
28
1
1
88
25
4
184
1
23
14
748
70
283
56
1
12
11
0
0
0
6
0
15
0
4
0
410
1
2
0
0
551
0
0
13529
0
3
654
1071
201
11
0
15
1
71
1
258
62
276
4
16
1
0
749
2
0
171
1
172
2304
48
0
3
1201
0
100
1488
7
0
170
749
0
33
1
16
2
0
0
832
120
0
4
9379
1
0
955
768
1467
8
0
2
12138
4
0
0
0
5
0
6
13
287
4
5
0
10
446
2
59
148
0
36
3
260
1
4436
96
11
14231
0
0
374
708
0
101
114
0
1
0
0
2
0
5854
1
0
186
6
1
4
7987
1
0
1
0
3
1
0
6
0
196
0
1
0
0
0
20
1
1
41
0
2314
362
1
4726
5
0
5
1
1
198
22
15
0
522
0
0
0
12
78
234
1
32
0
141
11
1263
254
1
573
2300
0
620
0
130
5
6
129
164
0
6
25
2
39
2
0
0
1679
5
3785
217
14
1
2
4
782
16
0
0
138
534
2
0
25
0
0
209
459
810
5
0
1304
7
0
380
32
262
0
2
6
2
3997
0
0
1649
1
43
5
0
27
5728
0
12
0
2
2
3
0
4218
1
188
406
0
0
27
1
2
190
18
0
130
1
79
157
0
1
8235
1017
0
0
7
0
43
1239
21
0
7
3310
0
760
18
2285
49
4
0
635
9
0
249
21
80
0
0
0
15
802
2
0
0
42
245
3391
0
41
18
6665
0
13
0
6
1
10
0
545
0
0
38
0
9
1
753
1
0
245
3582
1
0
334
45
0
1
0
0
94
63
0
17
57
0
0
2
1
0
335
107
1
7
15550
440
38
1
0
0
16
2325
0
0
0
67
0
1134
4057
18
0
17
1
41
114
17
5
0
1
1
0
228
13
2689
345
1
14
124
4
3
2892
0
1
1
0
920
154
1
0
131
0
1
0
186
687
6
59
0
0
0
0
0
57
0
6
0
0
105
114
14
78
35
2920
106
7
18
0
0
0
0
78
0
2
2
1
1
1
0
16
34
30
0
0
0
281
0
14
2
0
14
1
466
2
0
0
1
4840
196
0
0
17
11
12
1482
0
174
0
22945
0
23
18
1
0
0
106
0
553
291
0
0
3339
366
64
1
10
0
1
34
2
0
1707
0
1
1
98
1
95
0
1723
793
184
0
1
15
0
4
1108
1
0
1
291
39
4280
0
0
2
708
1
1
208
186
0
0
0
0
0
1
2
2
0
6
801
37
6
16
55
0
10
3
219
5
0
0
183
138
1
2
3364
0
2676
5
99
30
0
76
7
1396
5518
666
1
0
755
16
1
3
2613
703
1
1
0
3
840
0
70
36
85
2
0
710
0
0
127
150
0
519
31
0
8
4138
0
0
0
6
1
3
212
13
0
0
3
0
20
0
27
1
0
2029
3
27
0
1
1892
7
1754
0
913
5
0
2
0
39
45
1
103
0
1
1
0
0
0
0
4207
324
21
1
0
0
0
1
5
25
0
1
1
0
371
28
1
0
93
1
8
2
0
2285
1
0
24
23
1176
0
175
4
3253
2
0
0
0
0
0
21
0
7
521
12
1058
198
5
359
264
5351
21
0
38
4
1437
5
0
0
1
1
295
0
5
2
122
0
1
2709
0
20
1
964
0
0
3
4
0
368
1947
0
21
26
890
1
37
27
2
3
0
242
78
38
0
6
141
0
0
16
0
0
1
8
0
0
356
10
1227
0
7851
16
185
246
21
210
7
0
5
0
0
0
1
0
216
172
0
97
0
238
382
44
0
2
0
1306
5335
3
2646
0
0
1
1
0
0
3495
1
1
2
765
12
0
0
1
1
2
0
28
5
1
2437
5
0
821
0
157
2282
2
0
0
0
499
218
15
1626
0
2
810
33
0
232
0
1
0
43
1
278
0
0
11
1
3
147
0
0
164
0
1
4
83
10
0
195
139
20
1190
1024
0
1
2
0
0
0
0
1
1
21
6
735
0
1
1
0
5
0
3
8
0
178
2175
0
1
29
0
0
0
2601
80
837
0
362
1420
25
5
96
1731
0
0
0
30
0
2
1
235
3566
135
100
18
0
9632
169
169
169
163
0
0
169
0
11
125
163
163
11
0
0
163
11
440
28
6
3757
169
0
163
0
0
125
541
440
0
30
5302
1047
163
125
163
163
169
778
323
52
10
323
5302
48
12
163
225
225
440
0
0
169
0
79
79
163
2
4704
934
400
25590
992
462
183
183
462
2984
992
992
183
992
0
25
3168
1056
0
992
992
1056
0
617
15718
13
5
183
992
30612
992
992
25
1
617
992
297
0
1
21
25
1697
1021
2020
1
6
1
182
741
0
1190
345
29
31
31
595
992
992
30789
992
1701
4
5958
40
152
121
24
0
15868
1077
6
6
229
2
2932
17
6
1741
67
3
2
22
67
873
873
22
67
0
3660
1856
400
6
3091
26
2771
17
3
79
0
5464
41
418
68
0
3
2
9
72
123
1907
41
48
4064
418
9457
4380
135
394
394
1
17
1095
0
41
611
57
5
869
9
354
0
21
120
0
0
0
3
1
0
0
0
0
11163
3416
2
241
11163
26
26
241
11163
14
181
4020
282
0
1
693
0
0
3416
465
14
0
6
0
2
4
44156
1
438
1
1004
1699
242
226
0
0
91
917
0
1
1
8
0
23
25
5
2
190
1
36
0
0
370
4
2371
5
9253
1481
32
56
31
50
1285
38
15
67
28
1597
15
281
281
1597
15
1
4
125
0
6049
30
0
36
50
67
0
1
30
0
0
165
985
2
133
426
37
0
0
0
718
17
0
95
918
6
8
8
28
50
1042
457
18
3
0
34
592
1
1582
7
1
0
1
1
13
1021
48
59
2551
27
31
780
1
0
0
780
2009
2009
0
780
0
3
2
15
11
98
25
75
17752
1
1
0
24
1
2757
0
7
47
0
0
3164
2
6
2
2
2
2757
12
0
20
84
1166
3219
1166
1244
1
36
8
2
0
14
0
0
617
1
18
0
54
1
2
0
0
10
2
0
851
67
1
34
851
0
0
34
851
1
2
12
159
44
0
0
0
158
67
101
3056
50
14274
27
4
574
7870
1
27
2
199
1
24
2
0
15
2308
8
0
2
1
57
14
0
1
0
0
129
1
1
8
8
0
9572
1
444
3101
64
1
1
25
377
73
15
0
2674
99
3
0
23
23
3
0
26
44
78
0
2833
11
0
14
1017
8854
0
0
0
180
2
139
1197
1
109
1
1
0
0
49
3200
1660
3
0
17
1
0
147
389
632
20
167
19
164
0
1106
0
16
19
12
240
0
5
4
693
59
624
64
2005
2575
67
71
3
0
0
71
1
1
0
71
2
16
168
137
5
142
139
250
0
3
1
1
8
1309
51
1
0
1
0
0
61
2
3510
0
728
1
45
18
1
205
0
1
5002
1055
3
0
545
6
1
10
0
1
1
6
2187
2067
2
1
2
171
279
0
0
3
0
2
1
1
3327
2
0
0
609
2
17
9963
55
1
1
0
14
0
44
1
6867
21
76
0
6786
1
24
78
1
299
0
159
2
1
9
46
8118
9
1
656
4
1
1
0
0
1
10
2
931
389
1
1
1
1
0
2
29
7
1
0
0
1
30
1
31
0
62
161
7
0
1565
477
22
0
5
2
11
0
15
22
3
11
0
97
184
1745
0
28
4
188
1
0
115
0
1
6
32
182
648
6797
5
0
475
0
45
4
0
23
1501
293
359
109
0
340
4
15067
12727
1
25
7
4768
39
7
1
20
112
1
36
177
386
0
12
8
4936
2
2
4
13521
49
14
485
0
0
5054
1
120
0
0
1329
3
8
1
1
0
0
1
7
8
293
431
4609
0
9124
1
1
1
5
84
0
37
0
1
5
0
382
1054
1
0
27
269
18
12039
1
31
2
1
61
899
42
0
0
0
11
31
1
268
4
9
33
2
3
3
0
190
1768
13
1
141
1808
0
79
1
0
1
130
0
7
1
1759
393
295
3
0
1392
5
1
12
1
26
2377
272
0
0
1
0
0
35
1
0
11
96
15
1
1779
4
231
0
3882
1
1
0
1634
13
26
5614
0
278
2
8
2023
3132
1
71
34
1987
2
3
0
5
1
437
1107
42
25
11
347
26
11
0
246
437
129
5
4
1633
4281
1
0
1
134
4
47
126
6
860
1
0
0
0
557
596
108
15
1
0
6
1
0
0
1703
1998
7
13
599
1
36
0
83
1
5
1798
1
0
1
28
4
1
376
18
696
197
0
15
0
254
0
1
4335
2
0
1
43
18
0
2
6
1
1
0
13
126
21
146
0
0
29
0
343
1
3
11
0
574
12
0
0
4
777
1
0
10445
26
48
0
3
1
51
1843
1044
1
7
25
22
0
1
1561
1
21
1
1388
2
11
1
2
0
0
0
0
0
25
157
185
18
1
0
0
6578
3
1
606
2030
205
15
1
0
2
0
1
26
0
1
336
15
1
21
137
1
20
1
1
0
0
134
1089
383
2
2
21
1
5
0
5
1472
1547
30
301
218
0
20
39
129
1
23
15
19
2
22
1
0
2114
0
189
1
1
0
1070
304
175
562
1
162
1
28
1715
7
0
3
52
1
0
1
110
1
1
435
0
1
8
19
1163
65
1647
182
67
1264
1
7
2
1816
0
0
1
1118
67
1
15
5
0
0
2032
0
121
1
1
0
0
20
1
20
16
111
13
951
20
0
805
0
0
1
0
2
0
1
173
1462
732
1
0
1
1
0
0
60
679
470
5
0
508
2071
28
0
6
1550
58
1
2
0
6
1
183
346
1
0
93
428
0
4
0
331
36
1
1
1
1
1
0
0
117
1
2183
0
23
1
4
0
116
93
0
169
22
37
1632
175
33
1
1
1
0
2
3
1
28
77
266
2629
1
3
1
3
393
0
24
5
4
5257
1
1
21
0
1
1
259
15
4
434
1522
16
9
21
1489
0
1
5504
2
45
1
1
26
349
1
67
0
274
0
1
333
1
1
1
1
3
0
1
26
0
1
1
2
436
6779
347
1
24
0
362
3
0
5
1
846
293
1
1
1334
8
290
1
0
5
613
6
359
0
53
130
638
18
1
0
1
1
2
2
3
127
397
613
0
0
71
51
0
0
115
3
1
5
1
258
0
364
2
269
1
0
0
56
252
1
10
1
0
0
132
0
108
2
33
0
0
1
516
1
4
616
1390
130
0
49
1
1866
718
1
0
0
1028
4
0
1
0
5
127
15
0
0
1
1
0
0
1
1
12
1
0
0
0
1
0
0
26
275
306
856
1
2910
764
948
416
0
0
1
552
888
338
173
42
1
468
1
0
0
32
1
570
832
637
762
1
0
0
0
29
0
0
279
27
664
11
0
1
0
1
1
48
1
0
3
230
57
493
977
221
0
1242
34
17
0
1
1
1131
10
47
10
0
334
0
3
359
0
5260
0
3651
0
244
0
35
84
0
0
0
207
0
80
1
417
0
4294
7
3
0
0
95
21
1
1
0
0
96
0
1
4
128
0
0
0
223
52
2
404
1
0
0
0
4
8
2
130
2
0
0
16
6182
229
1
0
320
335
1
0
1
50
13
8558
10
2
24
501
359
0
0
448
1
1
1
0
27
0
3383
1
1
73
1
1
51
1
0
4
167
8
0
0
0
464
1
0
0
0
0
0
35
0
0
0
51
30
1
3
0
0
0
3461
2
1
1
0
186
23
12
1
0
0
83
32
40
87
580
3
4621
6595
2
0
0
1
1
0
115
48
8
1
0
1
8
5
51
323
107
28
0
39
1
0
0
0
914
0
1
7781
1329
40
0
80
0
1
60
1
101
1
4
13
81
1
41
99
175
4
854
1
0
0
3396
313
142
24
5
1
0
0
0
35
1
2037
2
1
118
0
8
0
7
4
0
0
212
1
0
89
0
273
0
0
0
0
0
0
5
81
1
0
1
1
1
10
23
39
474
19
0
63
13040
22
31
57
2
1
0
1033
0
0
0
1
0
44
55
6484
0
1442
0
0
0
35
1
0
1
0
0
18
121
819
0
0
0
0
59
0
1
0
0
0
26
0
0
0
1
0
1
1
0
1
0
6
132
0
0
4
54
7
0
0
127
0
0
7
2
0
0
0
0
1
1
1
0
0
0
1373
1
0
0
162
7
0
8
6
0
0
2
58
11
21
413
0
0
69
1
0
0
0
0
0
2
0
1
2
1
1
0
1
0
0
24
0
15
15
0
0
0
0
1
1
0
0
51
0
3
0
0
0
381
0
1
1
0
328
0
1
72
141
122
0
1
1
1
1155
2
19
38
0
146
1
0
0
0
93
0
40
1
0
0
0
0
0
1
2
0
0
2
0
0
0
0
0
0
0
0
0
0
0
0
0
1
0
197
39
1
3
563
86
0
0
5
1
0
0
41
0
0
0
0
80
3
8
5161
1
105
1279
5076
0
0
0
0
0
0
4
0
0
1
0
1
1
1
4
65
0
2
1275
14492
0
1
0
0
0
6
0
0
1
1
6
1
0
0
1
0
15
0
0
0
2
47
0
2
3578
0
0
0
1346
1
0
0
0
0
1
1
0
221
296
5
0
0
0
123
2
991
0
1
0
0
0
0
52
0
1
1
1
27
1
0
0
1
2
11
0
0
0
1
0
0
1
0
0
0
0
73
0
4
0
0
0
0
0
1
1
15
0
1
2
1
129
0
30
1
0
0
6
0
58
0
1
140
3
1
0
2
0
1334
0
1
345
2
0
22
1
0
0
0
0
13
47
0
1
1
0
128
2
461
24
0
11
8
0
1
0
1
1
0
0
0
0
0
0
0
0
1
5
9
1274
16
0
174
2
703
150
0
0
0
0
86
0
0
0
0
440
163
163
79
114
24
323
0
62
5302
163
0
169
0
436
125
440
48
15
32339
4160
160
8682
15212
43
10841
67
87
1887
12859
36
11
169
0
11
509
3602
5031
13847
5104
837
13389
29539
73
2334
1057
440
32742
24918
1753
152
6
5942
530
4238
12859
0
504
1709
0
0
1701
6
5104
617
18428
1808
1701
72
195
44
992
10
0
13023
992
183
992
18
25
617
1190
1037
4
36964
3
15
554
0
239
5635
1111
40
684
730
2034
45
826
10485
616
8
16989
7
6513
469
88
5
5
6659
1265
595
11185
29
3
10345
0
25
727
188
1312
91
18
1701
91
91
15139
23
82
0
3
10
611
2
51
2167
6802
46
418
3
17
6
1536
1114
3
0
9457
1011
2
6
77
18
3
1
68
40649
571
7389
9
17
845
2594
2059
5540
4360
0
8
462
126
7749
125
795
1977
6278
43
1
0
5
2
21339
0
1253
0
1856
662
4869
86
0
4869
4869
2
0
24
14
1
1
2
39
424
2015
2
2
0
2
0
0
206
4358
23692
14
91
338
104
1218
175
5
11550
8
74
3
0
42
1836
200
8
12
5533
13
70
0
15
0
524
2
252
0
473
1313
15
8
8
10
34
3647
1
13
0
75
9
8552
7055
547
6400
5783
1036
148
77
1
35
44
3
95
1
0
29
0
0
211
50
33787
4
623
3
1
95
1273
22
46
7
751
0
12114
31
6
7
0
4
2
0
525
34
4
424
10
0
17
8
0
0
10502
1
460
3444
17
2469
162
650
20
21976
33
0
18
2766
0
0
129
23
46
70
0
0
0
68
0
8
2
1
5
148
1
1711
0
1166
1
30
9
50
0
12
0
6
2096
19
1
10
4
0
1668
31726
1369
4
0
0
1
9
8
6
679
0
2898
803
0
225
4921
1
6
13282
2512
10
2
2
77
1064
275
498
2
91
1387
48
0
318
10
115
0
0
9809
0
1
0
2
35
1
0
562
4
1
19
46
1231
796
7536
674
2308
13
30
2
14
1
521
6000
36
2435
0
0
8
0
3
63
4
7
120
3
2325
51
5
23
2
0
33
0
209
0
4
2
7
0
17
82
59
11
27
1
14
65
0
3
42
504
0
1
1
815
29
22
0
0
19
21
2
1114
743
6891
0
6365
3
8
0
274
4
0
856
25
5936
1
8103
2
14
0
1
0
141
13
9
106
3
361
1947
14
0
0
2
0
8978
1
55
118
207
0
51
5
67
0
3
101
1242
0
105
665
1
0
335
0
2
18
1330
12
11
566
1
679
1029
519
60
1
1498
2
16
8
1
1
18
0
0
453
183
0
0
74
8
1
0
0
882
126
20
0
1698
11
41
0
0
0
5924
2213
3
0
0
49
41
2
5130
113
0
0
7935
3483
0
50
46
18
10
770
23
25
0
83
100
1509
1
402
1
0
799
1
0
349
15493
1
0
1
76
1
47
34
9
1
2631
0
6
6
6
0
1
105
0
0
600
197
1274
1
4
106
0
49
2
271
0
27
0
0
1
0
0
40
2
22
417
19
0
116
0
0
7
0
1
0
0
0
1122
946
0
2
1
462
103
2
22
37
18
0
2
53
29
173
0
0
144
4015
0
1
19
0
0
1
330
0
496
12534
0
32
62
729
61
147
0
2865
2
787
294
952
753
2
1
0
1
0
21
5
14
62
4
68
1
0
5
1
0
0
0
1
1245
86
662
6
2
1
96
0
5016
254
397
6214
59
12
1
0
1
0
10
136
1
2
1
0
4
23
0
153
2
81
371
0
808
1805
0
1
0
2
0
4
0
55
881
4
205
362
261
0
5
773
2
171
207
0
0
0
15
3
30
1954
235
0
0
0
187
165
6
0
0
287
0
17
1
1
857
1
0
1
88
1
0
1
132
7
1
1
2377
0
3
2483
117
47
1
2283
0
0
249
83
0
27
0
160
16
3
532
0
1
0
0
1
0
317
18
1
1110
25
174
448
2444
0
0
5590
1
316
3
43
0
0
1431
0
18
655
225
0
1
3
1
5
0
1
14
0
0
301
1537
813
26
0
548
51
25
99
788
0
1
0
0
12
103
0
16
1
3680
2
404
1
0
1
3
0
0
327
162
13047
2446
3655
0
42
14
63
0
8
2
8
0
20
0
3
3
0
0
0
0
0
18
6
0
1
192
0
11
153
13
458
464
3302
1
11
2
3
356
0
4368
162
770
7966
116
2
1
0
776
69
1
803
3
1
9
98
0
3
510
2
31
5197
175
0
1
1
0
3
0
9
227
38
0
1
31
1
1
0
58
20
10
218
2
0
0
0
17
0
1916
619
10
1754
134
0
4
0
12
1
749
339
20
1
706
5
0
0
365
2
14
5
1
0
3
37
1
4
3
80
3
21
6714
1
0
2846
51
18
46
1
29
1200
1
436
1
6
0
31
0
1121
0
0
131
0
235
127
0
0
0
95
693
1
3
268
0
0
316
2
0
1
0
1
463
1
0
846
1141
95
1
74
8
1
0
1327
4
0
18
1880
337
28
0
0
36
2
37
1
84
0
2263
0
31
0
558
2844
20
19
1211
1
6
0
0
87
4
6755
24
147
23
0
0
9
0
1
11058
0
3166
0
1
22
49
1
562
1
1
147
414
1129
572
6255
1
0
0
0
24
0
1
835
25
0
8
0
2241
0
63
1
75
4
127
9
122
1466
0
2
1
7
147
4
0
978
1
1006
0
9
0
0
19
4
2
19
48
0
5173
1627
28
1
1466
0
0
0
0
787
0
0
0
64
1
2738
72
5
8
10
0
1
87
19
1
1
1
0
3221
2225
5
0
0
0
151
0
821
0
9
0
2
0
9
24
15
0
143
120
58
0
26
15
3
7
0
14
0
1
1
384
1
0
1
4
0
0
0
0
937
88
0
0
4066
113
2
118
1
0
17
0
7
490
1
1
18
1
0
5
431
146
0
0
155
4
0
29
30
8
4
0
1
1
4
4387
4
602
0
0
21504
314
0
461
0
3
1
0
140
0
100
0
0
0
28
1
13
0
2
22
38690
0
62
1
1
10
2308
0
4
57
1
137
550
1
3
0
1
695
1440
66
2
270
1
0
0
10
951
0
0
0
679
1
379
577
11
166
0
76
3738
273
0
2206
0
0
0
291
0
6
17
768
18
0
0
18
1
9
0
10
9
0
0
0
10
13
10367
1
6
0
82
0
161
0
0
0
1
778
27
394
0
37
369
0
1
0
0
0
312
73
1
414
2
65
58
380
30
4017
0
1
1
2
5
1
16
61
0
94
0
7
4483
58
1
0
1
38
0
0
0
1
5
207
1015
36
5
39
62
0
15
5
0
1397
852
7
0
0
0
0
7
0
31
0
0
6
873
131
0
3
0
1
392
1
9
0
185
328
0
0
1461
3
1
9
0
368
0
0
0
0
4
0
6068
0
0
0
391
0
5
50
3
6
0
63
0
159
50
178
219
3319
27
0
1
145
207
6
3
181
0
1153
34
1
2563
12
1148
1
2
71
75
64
2
1
1
3
175
46
46
88
173
1
1
0
7
13
4
0
1
0
158
22
0
0
21
8
9362
25
8
0
0
143
0
5
42
1
106
1
3
630
3111
0
276
3
2
84
812
17
43
54
3
11
21
0
14039
0
0
0
1
12
148
0
0
4928
0
0
0
0
105
0
0
0
0
0
136
1
1
4
2005
25
0
801
3857
0
0
27
0
2443
0
13
1
13996
0
9443
0
0
1
172
3859
6
0
81
0
3
2
1
101
0
0
2
330
0
68
4248
129
0
2
114
9803
550
2400
2575
0
0
3
336
20
1151
1032
0
1
59
6
3106
0
0
12
1
0
348
3
0
1
1
1
8925
4
0
90
2
632
5
0
1
1
5
0
47
568
142
8
47
0
148
0
14
9
1
0
4
0
0
0
219
256
0
0
0
51
2
5
2
6
758
53
43
6
1
939
32
13
213
37
0
466
0
3
1
64
0
844
7
0
0
0
0
1
1
1
10
1
16
0
1
4837
20
0
44
5
0
0
0
5505
0
53
0
7
7
0
66
27
1715
246
4
54
11
10
0
827
270
11
1
164
6
0
3
658
28
2
2154
1230
0
0
271
17
3
23
0
0
0
0
1
0
0
0
0
0
1
5
7
24
2408
70
5
37
3
68
4
0
222
8
2
2
0
262
0
2
9
4
974
44
25
338
16
1
1
30
62
0
0
1
90
4227
0
0
3
8
0
1
0
0
33
0
244
70
0
0
1
0
926
3294
0
1
0
0
240
1
0
10
1
0
57
0
1
1
20
0
44
707
4
36
3175
10
1
56
0
1219
22
4
0
0
4
0
0
2
0
0
21
0
4
0
0
45
0
206
0
1
0
0
0
0
48
230
1314
0
74
3
1
3
0
2
0
0
40
147
4
0
0
0
0
0
0
4
0
0
0
0
0
0
229
1
3
1
5
53
1
33
502
0
0
12
0
2
2
96
12
47
0
267
43
796
12
2
0
1
16
1
0
2
174
158
12
258
8
1979
122
6
290
1629
14
515
1
1465
589
0
0
0
6
48
1
0
1
0
1
0
0
0
0
3
1
0
0
1
79
371
1
1
2
0
67
38
16
11
1
22
0
6
0
90
15
0
2
0
1
34
6
174
155
35
2
0
0
0
8
1727
0
0
43
77
8
0
1517
0
0
0
0
0
92
3
0
897
282
17
0
0
0
0
7
1
10
1
0
0
2
0
26
748
0
9
0
149
10
1332
31
0
0
42
9
5
0
0
1
0
191
0
1
2850
9
30
4
0
22
11
44
2
0
0
0
156
24
0
2
0
18
1
9
0
1
0
17
0
0
4
151
0
223
2
12859
6
5659
5659
47584
3800
5385
169
5211
3800
5990
16238
38
2125
11
6706
3566
1540
28
0
5104
1001
2270
5104
28
75
75
18272
1612
0
1612
6702
5104
6782
22963
15009
100
9535
67
1621
11658
16310
67
2017
169
8339
1118
17181
0
509
16
5104
320
6
119
0
147
28
11936
3566
8307
5215
1612
2498
3062
31
53
53
18
27161
7
2088
2204
27161
207
17
36
1
28326
0
2210
9821
39183
1940
0
7373
21
0
39183
0
0
519
11
8204
1023
0
182
3942
16591
9
38
484
4551
5
1208
15
4667
7461
45
47
11291
5111
91
10250
2883
70
47
0
82
826
185
60
6
3635
3656
40
11
0
1
0
113
0
1
404
0
656
184
404
35
5
25
29
34016
4541
3
26814
0
361
333
0
34895
333
0
111
111
3922
0
0
43
617
293
2402
158
0
885
6825
4069
19
2535
0
486
4820
8
0
332
3759
4869
350
5
35
0
0
29
3338
14273
1576
0
13
0
0
0
7
12
16428
0
20
2749
0
1
103
0
0
0
0
0
6
0
0
7231
0
11359
31
9937
169
0
4005
11359
656
31
0
0
0
30
0
72
1
806
311
6
0
18
17518
55
1
2899
2262
1434
14196
0
835
583
2
195
43
120
1155
249
1003
1
1
79
1520
444
1
26
0
0
167
0
14
0
0
35
1
7
0
0
0
0
5
0
131
0
285
0
16081
6
596
1780
5
0
139
0
5
0
0
1
0
45
315
1
4
23147
43
2046
401
3107
54
40
21
9
1941
110
13
81
27
0
1330
640
1
671
0
0
11910
2
132
3600
128
808
7
172
1098
0
51
413
904
3
11
22615
904
821
0
4
6
7737
1780
0
7785
336
0
8453
57
0
7545
336
0
4
0
38
0
409
3
0
2236
1
1
173
5
2419
80
5
680
10
26
2453
22
2458
9
4
1
242
667
0
8
321
4
450
0
0
2
4
46
6
1
8
332
0
0
170
639
1
122
0
639
0
2
15
25
0
35
0
52
724
0
0
12224
181
0
6404
1
537
1
561
164
0
0
18
1
109
714
2258
5401
5
0
0
67
41
27
225
2
4538
10
2
5
7
1074
17
216
0
0
285
455
53
11
21
0
0
17
922
15598
0
0
11515
1
2731
8
296
1
67
0
5
0
443
15
60
4908
72
0
0
0
1210
0
3
256
7
4
0
1286
288
1
359
0
1066
116
266
15
392
0
2
2
2
1
1
63
7
147
57
0
13
0
1
974
4
38
4
4783
56
1200
511
0
0
0
4906
13
1121
0
27
12
51
0
2514
12
1311
56
4
0
413
0
487
0
85
745
0
0
1
0
23
9
0
18
5571
2
0
517
3
1
1
29
2
2641
277
2231
5
217
0
0
0
949
760
6071
3
398
0
2114
9
1
476
1618
0
37
13
1115
3
1
30
10
2
3271
471
1852
14898
1
1
1
1183
1
1
3
7
0
0
0
0
0
0
284
1
0
1
1
0
1
0
0
109
1
1
2027
0
30
44
0
7
40
2
315
6
6750
2
544
0
71
0
0
1
0
103
10
43
120
320
0
288
4940
65
1
12
5
0
0
0
10
2
0
2004
368
16563
3
1138
368
10605
0
9
33
247
0
0
0
0
0
88
3
0
254
0
0
86
23
87
0
852
0
19
3
19
369
4933
276
9
9
5
1705
2
92
1
720
106
0
1
0
34
2387
2015
0
4
1181
0
0
131
22
0
3
0
59
50
271
0
26
167
66
342
77
63
66
1465
18
1
1
1870
1
0
1
0
2305
0
254
0
0
0
0
0
0
24
0
9
0
1263
19
0
2182
28
6
5
160
0
4006
13
10
407
58
0
621
1
0
0
6
1408
34
6374
2
0
0
1
149
0
2
0
2
163
0
11
0
81
854
9
10
0
854
3
4
0
34
0
149
0
870
1
139
0
5
0
0
1
34
0
1
2
28
5587
120
0
0
0
517
0
494
16
0
0
21
2
1
1
3
17
43
54
30
8
1471
406
4293
9
12
200
1
66
0
1
0
1
407
2504
75
649
13
7
13
1456
0
0
13
11
2
0
7
0
0
0
0
209
19
0
1
1
0
0
2
0
2
0
0
14
0
17
0
17553
1
15
379
0
2409
12
519
3
0
1
8
34
0
68
32
4
0
484
262
5
299
578
27
8
0
374
9
0
1572
4
213
352
0
25
2
0
0
8078
2
2
3
8
0
2
0
1
0
0
4
0
0
4
0
3
2
1
0
0
0
0
204
5839
0
0
29
0
1
0
303
6
2
0
0
16
755
343
25
66
1
0
0
10
1
0
2
4
0
0
0
0
0
37
0
5
198
0
0
0
112
69
0
13
112
0
24
0
20
0
0
29
0
0
55
0
0
0
0
487
0
0
249
1
0
4
1291
2
0
3135
8
0
11
0
2
0
0
1
0
18
0
42
839
0
0
1
374
7
1
6
0
5095
15
13324
0
0
918
0
0
0
7
38
0
9
1
165
144
113
1
5
0
8
872
0
0
0
0
0
13
1
0
0
0
5
7
57
0
25
0
32
4
0
0
21
2
0
25
1
3
20
2
663
1779
0
2
0
12
0
662
0
137
9
203
0
0
3192
0
0
22
0
1
779
1
245
1
0
0
0
16
28
7262
30
16
346
641
0
2
0
0
0
0
0
0
181
0
0
13
1700
0
0
0
0
0
20
1
75
46
190
3
1075
20
0
1
515
6
0
0
0
3
0
6
0
889
1
9
14
27
10
2
293
0
663
1413
2
2
429
40
712
5
24
0
1330
13
5337
3
515
13
1
169
25
46
140
0
0
0
0
0
0
65
0
0
0
555
10
1
0
446
1
0
0
0
7
0
736
0
16
102
1
3
7
144
1500
0
7
2
0
1
204
7
2
4
47
0
26
0
553
0
0
0
66
53
19
19
1192
6
15
56
2
3
1
56
62
17366
23
0
0
40
0
25
0
0
0
0
0
0
0
3
174
43
0
0
19
0
7
0
27
14
8
0
0
11
2
5
0
9198
3
0
11
52
10
19
107
76
0
58
369
0
9
0
21
640
59
0
0
0
9004
0
608
854
10
2040
39
7967
17
2040
0
13
0
162
0
0
0
0
200
634
0
0
0
0
0
0
716
53
0
1044
6
0
57
1637
0
0
0
0
0
43
0
5635
9
0
2
0
0
636
16
5
0
3
1
1
255
23
2
1
31
1
12
0
0
0
6
2
1
2
2
1080
209
0
12
1080
0
21096
18
185
0
0
0
609
0
32
31
0
51
0
0
0
0
0
1
109
1
0
0
0
0
586
0
2
1
10
0
0
0
0
0
1
2
1599
41
0
0
90
1
0
123
0
0
68
598
0
0
3
0
0
1
2
2
0
58
11
13
4
8
11
209
1343
0
363
0
0
110
37
0
0
1535
0
0
0
41
0
0
0
1
5035
0
2
471
0
0
841
19
3
4
2137
702
2
4
12
1140
4
4
10
50
44
4
6
2
20
2
3314
0
0
4
0
0
0
0
7
7
0
4
3846
274
3
320
4934
82
3
0
0
20
2648
0
0
0
12
0
3
4714
0
0
0
6
6
0
0
0
7834
37
0
69
13
476
2
0
23
8
1
3406
0
0
36
93
12
7
1
190
30
131
27
4
1502
0
1
0
0
8
54
329
2
20
1511
0
11017
1177
0
276
42
0
0
1
42
170
1
30
388
1302
0
0
4
0
0
8
0
0
423
0
1
0
6
12
0
2
0
14
0
1
6
1
0
0
0
122
2361
0
267
18
8
0
0
10
1500
825
70
160
163
2
469
23
0
11378
0
22
0
0
1
402
30
944
929
66
0
0
231
6
0
0
568
161
6
0
0
0
44
0
0
1
314
0
0
0
2
57
1250
0
0
459
0
7
17
4
2
6
0
0
0
5
13
0
539
15
178
4
1179
226
449
1967
2
5
0
109
30
1871
0
8834
337
0
71
0
0
588
2
26
0
28
25
0
30
0
25
0
92
0
0
1796
123
0
7
0
0
0
0
0
0
1235
0
0
1
6
0
152
74
108
110
0
0
2571
194
0
30
0
2
0
0
200
97
0
3
2
43
1259
0
31
8
0
11
136
0
1481
15
20
0
0
0
921
14
1
3
0
0
14
0
10
0
25
5
496
0
0
0
0
0
104
36
0
0
0
0
18
70
0
0
43
0
1
3
9
0
863
57
1
0
2586
2
0
1
16
16
14
0
10
4
7
662
50
1516
0
216
781
7
3814
0
1675
12
382
3272
1
0
2
4
676
4
0
0
81
0
27
0
35
0
9
427
0
0
0
0
0
77
0
0
12
0
1
0
0
0
26
21
1
18
1213
37
0
1189
4
1
2
0
0
0
0
698
5075
0
7
0
0
3
4045
0
0
0
547
31
0
0
12
1
2
0
0
29
0
25
0
0
261
0
153
7
952
0
447
0
0
357
0
0
2
0
0
0
25
0
0
0
24
2345
1
0
0
0
0
122
1
4
0
457
0
0
0
1
0
0
0
34
0
0
0
0
2
12
67
0
0
0
135
6
0
108
1
1
0
0
69
0
19
0
48
7
148
13
27
10
293
15
11
488
25
0
7011
0
1
0
0
0
0
0
0
0
369
0
0
44
0
0
3
4
0
0
0
38
0
0
0
1
0
1
0
0
8
5
0
0
2
0
15
2
0
0
2
3
798
0
0
1
0
0
0
0
0
2798
1917
195
0
14
326
0
1
0
0
0
0
167
0
0
0
20
0
0
0
0
0
76
3
0
69
0
0
0
318
0
1
4
0
1
3
2
0
5
6
0
0
0
1
8
42
12
0
1
0
0
1179
0
1
0
204
760
0
2
8
0
0
0
1612
1612
164
28
320
163
84
100
3566
16
320
38
119
6
100
8395
0
554
18550
30899
20473
1612
917
6702
16824
5918
7071
20291
5302
982
4
971
44353
169
495
870
169
9838
2890
1060
8435
7659
7787
15489
0
12859
36859
10125
6805
12859
21
4220
1439
5104
9368
8127
2225
8
28515
4414
8361
3274
9005
185
11
11
132
19002
4
21031
29
560
2
12442
5875
13
3937
110
172
0
826
0
1066
35
29
4007
2
13958
2
6
21425
14
0
1
4733
73
0
25251
1903
98
338
33
18
51
4
1
1462
12
1940
5450
2
83
0
353
223
1202
96
5956
1239
8072
29311
1075
74
110
17080
490
15143
2194
0
0
872
0
0
104
0
0
0
10
3
2
153
140
18
4642
1093
3608
690
3458
29
3
0
4607
0
63
47
1
8140
1
0
5581
2
11
243
1986
2
3283
282
35
0
685
1699
0
4
88
290
65
2399
218
227
35
39
0
4
221
203
1
0
131
0
224
141
4
26
138
850
11777
13
61
0
118
26672
2087
11042
5439
922
394
0
0
1457
18
18
71
546
1
10947
1
0
1
9
27
157
0
0
3026
78
1431
2
81
37
94
1
0
4
4
1
0
0
2
0
60
3163
1047
14
288
274
1
456
770
10679
28860
9990
204
7
1
15
9065
629
932
0
12598
1
2
16893
0
3812
483
745
793
0
0
117
941
2288
3006
2873
1072
30
580
287
0
1061
0
4475
0
0
14807
12
3
1
125
3894
5785
2003
217
191
498
1
7
0
4
30215
3609
31
3
7700
50
35199
0
6643
529
4
21
45
19
2
0
0
2116
2
280
0
2
1
1
0
1818
436
28
0
27
1
1
0
192
1
1
4857
0
0
48
6166
12
144
22
3752
453
1
0
2793
264
6
20
194
134
0
884
0
0
0
5
70
0
28
23366
163
1
6
0
15
1486
60
63
3
79
1
3642
104
4
37
1
37
1417
588
0
245
1
140
45
5
41
1
1640
0
0
34
47
1
5
17373
0
256
20098
3
91
74
4
1217
1
5
0
3460
1
34
0
6969
0
2715
0
537
29
0
5385
515
2
12
0
770
11
26
2
0
1
0
2
6
0
313
1427
44
2
117
76
10821
15
0
28145
1
30
700
0
33
36
8
4
35
186
3
20192
18
924
1599
608
4800
0
9
70
56
9
175
0
175
24
0
0
0
3
23
0
2
19
50
2119
1
1522
3
0
5
143
1
8
1
594
24782
67
0
148
0
258
35
11
2
0
0
0
0
281
364
116
0
0
162
0
0
1
0
232
2
950
0
1
1
170
659
0
3
0
3
151
3
1
2
628
0
0
0
47
0
3224
55
22
5
1
1977
23
22
0
0
9
7
1758
2
17
666
1119
1
2
4
9
0
0
0
43
1
5
0
2
424
2
2058
1491
52
1
0
1
0
52
3834
38
0
51
0
19
3
37
148
54
0
5
3539
7
0
674
0
2252
3
528
0
250
5
2
132
0
0
302
45
0
11
4
1468
1605
0
2
1807
21
0
8790
0
4
1
0
0
46
13601
4
0
12
248
0
0
0
0
0
2
2
0
0
3
1972
0
0
0
0
0
1
4492
23
2
20
0
3
8
37
0
0
22
140
4
2555
1
0
5
18
97
0
170
14
8
1
4
188
3
0
3
863
1483
5
25
163
53
1
3
25
506
41
1
121
149
0
0
166
6
0
1
0
20220
6
538
2
2
14340
25
4022
0
0
0
0
2
0
561
5
0
0
1
876
6
0
4
49
29
9382
15
149
2
2337
9
0
2
2530
7
0
0
1675
1
0
6
66
1
39
0
8
590
17
2
496
0
0
1
6
609
1
0
50
0
359
34
44
6
67
38
0
6
0
1
2080
0
0
1690
1928
0
1
10
4950
0
642
3
1
226
0
1506
8
344
0
4
3006
314
0
7
1
0
1597
0
41
0
18652
0
225
501
3
0
0
7697
0
81
0
6644
2273
0
365
54
0
271
11
2
264
2
0
0
0
2
11608
4
6
1
13
0
0
0
2
0
83
9
1
1
2
28
2
1
0
1
0
1
0
5
2
53
462
237
5
2523
7010
2
853
130
13
7
0
24
262
115
282
178
2
0
542
4913
44
0
2
249
0
7
312
2
0
201
1
305
7
3
0
170
4479
2
55
6402
3
0
42
0
9
599
1
0
1570
9
0
34
0
1
0
0
0
23
31
1
0
0
1
4514
375
0
2
847
0
0
0
0
6287
441
11
0
1188
29
3
2975
0
1
1
63
444
0
0
2
0
1
51
0
11
0
1
0
0
15
25
1
80
1
251
42
90
10
0
1
253
2041
0
3
52
21
0
0
275
302
124
43
334
1
0
1496
27
0
140
752
5
0
29
1
0
5
49
0
20
0
1
0
0
0
0
5
4
0
1
4
2
0
93
6
246
19
3
3
4
1
1
0
9
3
199
14119
2
10
2199
20
0
136
2
0
6
1061
0
189
19
1
5
0
0
0
27
2
1161
5
0
10
2
116
1
0
0
0
192
2
266
38
0
0
172
3
53
2
276
0
14
9
0
0
9
255
0
573
433
1
1
0
18
0
0
93
0
402
0
0
2
0
1
0
2
2
0
14
68
2
0
1
10
0
1
4
314
1
15
657
1120
9
5
0
0
24
2
131
5
0
21
6
234
5
0
4468
0
22
0
9172
18
9
2
400
15
1473
117
4
0
94
0
0
844
1
0
8
5
13
0
16
0
0
56
6
0
36
4
7
780
23
1
465
516
7
0
2
49
96
4
1
0
1
0
0
1
1
4
0
1
1
3
6
12
0
9
1
1
7059
180
196
219
1
0
237
0
0
3
1
546
46
1
451
0
111
3
1619
0
19
1
1
18
0
0
22
3310
1
2
4
17
1
4
0
76
1
7059
1
0
9
43
98
0
1
2333
165
0
1
4
2
0
1
3
0
0
16
6
0
786
2
0
0
0
139
11
3
3
0
1
273
0
0
3
1
1
9
21
10
1
24
1631
1191
10590
0
114
2
1
4
412
0
1719
1472
16
104
100
0
69
77
0
0
4
0
0
0
181
0
173
4
0
0
0
1
0
42
2
18
6
1
12449
383
383
0
13
7
0
341
5
0
3
4
387
0
2040
22
3
0
167
1
25
0
9
0
28
0
47
100
1
3
7
0
0
0
4
1
0
0
1
27
0
185
2
0
1
8
0
148
104
0
1
5
105
0
18
3
2
0
0
429
3237
965
0
5
79
4
0
0
0
0
0
0
4247
4
33
34771
1
1221
17
13
1
0
3
3
0
0
2
5
3
16
219
0
801
0
39
0
6
2
14
1
0
3
13
1
0
1
3
6
21
17
0
3
16
0
6
0
0
4
0
0
1
11
0
8578
33
13
0
0
0
0
629
897
4
0
3
9
62
9184
20
7
290
1207
290
0
1
12
0
16
53
0
29
1
7
26
253
2485
5
733
313
1117
235
0
0
1
115
123
3830
0
8466
87
13
3
782
25
0
21
0
0
2
10
0
0
0
5
8
0
1
1
10
23
1265
1
1
4
0
1
0
3
34
0
0
4440
19
2123
94
379
0
0
3
260
0
0
4
0
8
0
0
8
33
1316
0
500
23
0
281
0
0
185
155
2
3
7
106
52
2
3
3
0
48
4
1
1
1
1
0
3
0
443
173
270
0
4
0
0
50
61
1
0
0
26
3767
14
131
63
14
462
45
210
15
2
12
4
0
1
19
6
191
0
0
22
18
1
0
42
0
1011
0
58
4
0
0
0
333
0
0
233
3
0
1
0
0
43
26
8
0
0
0
13
2
0
22
25
6
466
86
7
112
51
291
19
0
1
76
17
0
0
1785
210
266
0
0
1
0
18
2
1
5
57
0
17
1894
10
0
2
0
1
1
16
3038
0
31
1208
2287
9
0
2
0
0
5897
4
2
4
5
0
11
0
3242
5082
1
4
0
0
176
0
407
24
53
0
0
1710
39
3
5
278
0
39
840
0
478
1
0
33
3693
0
2
0
0
0
1493
0
2
3
4
508
1222
356
0
3893
3
0
2
1
0
2305
1
0
21
1113
0
0
178
1
1
460
298
5
15
4959
2
1
344
40
163
0
56
0
5
0
7
1
293
0
457
3
0
0
0
1
2161
6
130
540
0
4
2
268
201
0
89
0
2
0
0
26
0
301
0
12
5
0
0
6
3
0
4
0
109
0
4
4
9
88
0
0
6
1
115
0
2
2
15
42
1
1127
0
0
0
4
1
355
0
1
0
0
48
0
24
0
0
8
16
0
184
3917
23
0
0
0
5
1
0
31
0
36
0
69
327
0
0
0
0
85
1
36
6
195
99
0
3
2
0
1142
2
0
0
0
2
0
1
1
2
1
4
0
0
32
571
0
3
69
1
311
1
1566
100
6
0
0
1
0
5517
0
3
29
28
18
2
0
5
0
1
5140
26
0
0
6
2
324
2
0
12
0
45
88
1
4
3
5
2
22
107
2692
0
0
0
3
1
28
58
0
0
1
47
4
4
12
4
11
1
724
499
0
0
87
0
2
75
0
0
20522
0
79
0
1
1
28
8
6
10
0
0
0
1089
0
14
1
11785
10
61
0
1
0
16
4
1146
7
11
3
0
0
33
2
0
2
0
749
0
0
0
1
3
2
4
236
1
0
0
0
4
1134
12
1
0
7015
1
0
0
2198
147
54
4
136
14
440
2
0
1
0
10423
1299
0
1
0
4
0
1
2
0
1
20
1
0
184
10
0
0
0
2
73
86
13
2
557
113
100
0
8
228
116
659
0
0
554
0
0
83
2
97
0
1
0
1
8
1
1
0
0
1
120
0
1178
27
0
0
19
2
0
0
68
0
0
157
3274
15792
3274
4498
13415
45182
845
21425
382
6
9790
1446
160
2135
2816
2776
15
14022
17169
14845
38
160
16481
6
6
12265
4498
44794
12859
12859
38683
0
320
573
6460
5104
2577
48
13731
37739
38
314
30957
1276
2357
274
15775
48764
1373
274
1788
9005
12153
14099
6306
13847
17846
155
49289
3726
5104
949
88
0
155
1
6490
2
11
9381
34
0
14
0
278
3794
1
165
7968
873
285
51
4
3862
4
158
0
0
54
3
5047
4
9896
146
195
826
12852
17
75
1669
8809
279
32046
24
4
22
19084
3628
1
1531
1502
4
0
1
19081
40
1141
0
683
3
3
13
730
8
125
0
15785
3028
323
3850
578
179
0
91
2
0
0
0
0
862
261
3
1461
1
4
1
322
118
0
1
8824
0
4384
26415
415
14
0
343
1
11
347
26469
10208
116
135
2094
51
59
2009
4205
3
0
5
54
2
165
0
4635
348
18
4
2
1212
5224
148
0
6
1
31174
4386
6
1
0
753
1
1
0
502
0
1678
0
7
2
6
403
22
1
33
20561
3
283
690
27
9
11
1
20
0
58
0
1066
5
8
18
6
60
5
0
3
9101
0
4
16
3
5318
0
350
1
78
16
10
3
0
0
81
0
0
0
5
39
141
0
38
166
12898
2
0
2
4072
0
3
3
0
9
15765
3676
2
2
90
5362
378
0
272
1
0
14
1991
1
1
13542
57
66
0
5
0
0
15
1
296
15
2
0
3738
0
38
137
0
6
4
0
190
1
31
4
950
2225
1123
0
67
513
0
23
12
1440
164
27769
2
5833
4
0
194
1
0
4
263
2
103
10074
13
2
0
0
1047
657
0
0
1485
2
4
0
29
296
3
0
958
22
5
0
42
1
11
11
9
5301
47
0
22
3
28
603
504
13
0
1
379
6
5
0
0
0
87
1556
16
3162
2191
667
0
28
2398
8
14267
0
17
6
6053
0
0
5
29
1
2480
206
8581
5
18
0
2696
0
0
2
1
6
713
343
378
108
4
229
0
288
213
0
419
0
0
529
4
6
28
0
2
6
770
37
26
134
2
4027
11
241
0
0
413
207
0
2
1
936
7642
1
23
183
0
12426
1
163
4
8
0
367
0
13
52
250
31
0
53
233
4907
89
4
7
4
138
4
0
25
17
1
0
2
0
1582
0
28
5932
6
1
91
1
0
0
2459
5717
1605
6465
10
32
143
0
3
1341
18
3
154
0
0
1
0
37
130
9
10127
17
996
0
232
1
2
25
35610
134
0
196
30
12927
105
202
3
0
0
54
18943
6
1
1
284
0
703
1
26
0
0
72
1
1629
4
147
3
61
4227
2
8
6355
10
2
278
5
1828
0
2
211
7147
0
0
3
1
1
0
3727
0
107
240
0
27
2
1
37
9
1
22
142
41
215
2
0
1131
0
5
10
1
127
329
0
0
3
1430
2
12
0
891
2
22
152
0
1
205
16
326
23
0
34
1
7
46
0
560
0
714
14
2
9
2
5
0
1
6
13482
103
9
11
23
0
113
30
4
1569
4
2
0
0
1
5696
527
1
0
1545
0
914
0
243
2644
0
188
1
0
1141
0
2
0
23
724
0
3
13
4065
0
3
0
659
0
1
37
1
1
1
51
0
2
5
519
11
0
0
2
2
0
2
548
1
26
233
2665
6
44
133
1
0
0
5
15
26
0
0
792
0
4507
1412
98
2
4
155
12
16
0
173
0
0
72
24
7
0
6
23
0
0
1375
2
26
24
1
33
287
43
875
132
10
20
2
4
0
1
15
1330
2
1
3
1
0
7
217
5
0
125
0
82
124
14
0
1657
10527
64
7
0
0
1
0
0
33
0
39
1
15985
72
112
20898
1
8
3155
1475
413
87
3944
2
245
1
304
0
147
134
0
1630
2
159
6050
9
0
1
34
182
0
32
1699
3349
0
0
0
61
170
1309
2
1
40
42
93
21
186
3
264
0
0
0
104
253
116
3
64
0
0
0
0
0
3
7
67
296
1
9142
0
0
2
14
11
27
0
0
3
0
12
0
1
6826
25
1
0
0
2
0
54
55
12
454
1219
9
0
210
0
0
0
1
4
0
0
246
1
0
1
2
1
396
23
0
0
0
0
354
0
5735
0
17
193
0
8660
14
461
1
242
1
76
150
103
0
0
63
0
0
8490
1
179
89
899
0
1
88
0
69
1
202
2
52
0
0
3
1
58
6
11
9
0
0
399
1
0
78
0
767
16
1
5
0
0
18
1
1
0
42
52
0
0
950
154
2946
0
0
2
311
296
2
2
0
109
0
1
33
3
500
703
11027
8
0
0
0
0
144
30
3
7904
0
159
42
0
0
1591
0
47
5
2
2
648
0
4
0
1
1
33
2152
3565
0
0
64
545
4
1
45
0
0
3
734
1
99
0
0
7
0
0
7
0
11
0
15
0
0
1
0
0
148
1
1
29
11
0
88
0
6
0
32
3
0
13
78
111
1
3657
0
1
27
0
63
0
0
1
56
15
653
9
467
0
793
216
0
1446
0
10
0
2
1
0
0
75
0
10
59
1
79
5
2
0
0
1
5
0
11664
115
0
0
1
407
0
334
0
0
66
21
1123
147
0
2493
0
1
821
290
0
158
1627
2
4674
535
13
94
0
108
3
0
38
0
4
0
7
4
4
2
28
6
3
1
69
755
0
0
0
24
10
3964
0
3
1
0
6
0
0
2
246
39
3
9
336
0
4
2
0
14
0
0
18
16
0
1
0
0
7316
1
5
1
5
1
0
10
0
0
340
3
0
0
17
0
18
0
0
0
2
4
4
15
0
0
43
13
0
11
1
2255
2
0
27
17
2
0
1
4
0
1933
0
2
0
1
5
2645
3
137
6
1
30
9
12
151
1
2
0
0
18
0
22
2
5
67
7592
2197
58
1
1
46
0
24
48
61
0
11
0
0
1
93
0
6
192
11009
67
2
1363
4
84
3938
521
65
1
0
0
820
12
1
1
0
0
13
0
7
3
0
0
1
10
48
1
253
32
0
72
73
2
52
1
1
10
50
6
0
2376
0
122
12501
806
8
11
8
0
3
0
6
2
146
0
0
18
470
151
0
2
1
548
77
2
0
103
5
19
4204
360
0
185
12
0
1
5
0
0
411
0
1
0
7
3
0
0
0
123
1
1
12
0
12942
0
101
0
0
0
1
6
677
0
40
5
28
33
2
16
3491
0
0
0
0
11
2
1
4
21
0
22
132
0
33
0
2
5
6
59
1
0
199
5510
3912
0
0
225
136
6
1
1
1430
95
7
5
3
2
0
0
1
3
85
1
0
0
0
0
9
1
1
77
1
0
3
0
0
568
0
0
0
0
657
93
680
0
279
0
32
0
2
0
87
0
1106
1
0
432
65
21
2
0
416
1
59
1
0
0
157
9
896
0
2
15
34
13
40
4
0
76
0
2
8
8
0
0
23
0
119
0
0
1
0
0
46
0
1
0
2
31
0
7
0
64
0
3
16
147
3
6
120
68
0
0
3
0
0
2
14
0
0
1
0
57
0
5
0
205
2
0
6501
1
1
0
11
27
3
0
6
0
17
0
25
1
1
0
3
5
0
19
630
17
10
0
5
293
0
0
8
0
0
2
2
1
3
0
0
0
26
177
0
0
122
31
0
1
1
0
31
56
0
0
1
2
2
9
1117
0
0
15
0
0
0
0
1
0
0
21
0
2
2
3967
0
5
2
3
0
547
48
0
0
0
1
1
0
2
9
4
546
0
0
118
0
3
2
0
0
0
1
2
390
3
0
0
9
32
5250
0
263
0
44
9189
98
0
0
3059
28
11
0
0
0
110
0
75
3
7
7
1
0
1196
2024
139
8
6
133
0
2
8
6
0
0
1
0
0
38
2
65
34
2
11
286
0
0
5
23
0
0
0
4
15
0
2709
0
7217
0
0
0
44
0
0
0
0
0
0
0
927
62
2
271
0
0
723
26
0
0
18
113
1
6
6
33
3
2
17
0
0
2
99
5366
85
8886
0
15
0
3
9
0
285
2
312
0
2
3
586
31
179
2612
1
54
0
4
19
1
0
7
3122
0
3
6
0
0
2
0
128
0
0
206
5
70
0
2
0
910
750
155
0
1
20
94
71
1
5
3
0
3
3
0
0
7
23
0
0
0
0
40
0
0
1
0
0
21
0
0
6672
9258
0
0
201
0
18
3
1
0
9038
39
0
4
0
0
7
26
1
0
0
0
123
3467
0
12
0
27
36
12
42
7
1290
2
0
25
0
0
0
15
58
148
8533
78
0
270
0
1
269
55
271
69
15
1
0
39
2
206
0
1
0
2
0
0
21
181
0
3
216
0
1
70
2
70
16
3
13
0
0
1
0
6
15
0
2450
0
34
3841
15
0
8
0
21
1
1
0
0
1
0
15
0
0
2
6
3
2
0
0
5
1
9
2
6
4
0
0
0
0
17
5
4
87
0
0
1
0
0
20
21
2
0
27
68
0
62
0
1
3
0
0
1
1
0
0
117
0
111
0
11
15
0
0
133
28
2
149
128
0
0
1
13
37
0
0
5
5637
0
0
0
5
1572
0
0
306
3
5
0
2
5
621
0
0
0
0
7
0
1157
0
4431
1
1
8
0
0
0
8
472
1
2837
0
0
0
0
2
2
9072
0
14
18
1
8
9
1
0
224
1
16
0
0
19
0
0
70
1
11
9
0
0
51
0
1477
11
0
10
0
1
18
1
1
0
8
27
56
0
30
109
2
74
0
0
4
0
272
1
42
30
45
0
0
21
4
18
4
0
0
86
0
0
25
40
0
0
0
0
1919
19
0
0
0
0
390
1294
160
41090
12662
15319
24267
12662
12690
87
6
0
320
12662
5813
5104
4712
10285
1709
355
190
4200
3919
147
8294
7409
17037
6944
10527
320
14307
117
31998
903
73
2357
16133
320
12859
12859
38
15319
6
37360
10983
11101
5981
509
16577
15319
38
994
766
10213
18002
1882
1234
12213
638
8128
14365
320
50
261
933
27
10619
6
75
6
438
1180
30
2111
238
826
253
211
0
18179
3
2
20
6
86
821
726
6058
27
4625
9373
2
5
20968
14
55
3
4
99
1241
33
973
4286
6
3
707
25
11
3
24
1
3316
0
26
2
100
110
2412
9
140
2571
20
6336
870
12
270
752
13859
14
80
11609
7
2
32
4
7
4556
70
2702
2059
2
27
19
13547
21031
12616
269
6560
37007
1
4
1
7
87
715
6881
14214
0
291
0
6
16211
4851
14
731
0
48
674
31
1431
0
327
159
44
240
0
1210
21528
803
1079
0
8
7
32
6391
9
0
4445
0
0
3
545
0
1
3
629
26
7
0
13082
1522
16
1
46
0
3
60
11465
22054
8
23250
3426
13
1
169
1
46
0
3
44
12
1812
7
17
13092
873
8126
5362
2
15300
6
16
1
125
9379
1
0
7
0
763
43
4
712
11
245
236
8
1
743
1961
90
429
4324
0
450
2
438
695
60
1
841
0
51
22
4
1
2
137
187
0
9736
6
4
305
55
36
0
107
342
3477
2456
191
2
16
109
9
2
144
68
286
1
33
3669
31
34
55
0
330
32
1
108
0
0
2
7
1319
748
0
2
17307
0
1
13
1
166
0
3968
13724
35
0
846
1
305
17668
1
3
15777
432
8
189
37
0
0
1100
676
0
29
0
20
0
4
2
300
4016
1666
1
0
15
1
9
251
0
6
2
6
11
136
6
20
1
2110
3
1
531
4222
8
7805
0
17
74
46
0
0
289
4
5083
298
866
1
26
3
4
179
289
1
0
2
7584
0
0
275
0
1724
3
237
0
0
2
46
0
0
4802
3
45
2
7
1
6
3
1
14809
1
0
0
4
0
2
0
2767
2
1
0
71
1490
4
4
0
22
14
59
1788
104
21
0
2
0
0
472
9
6
1301
0
71
0
0
564
0
0
1
1
3
0
9308
91
0
0
3
0
1
495
0
5
0
22
0
0
109
6
16
1
1
0
0
379
5
1
0
0
1
0
8
2
170
1
7
0
1
1
8332
5642
0
47
408
1
0
3078
2
7389
17
0
0
0
1153
0
0
1
4
255
0
0
1
0
5
0
0
1
102
11983
3
1
0
1736
2
0
1
0
10
4
2734
4
1
3816
65
2552
1404
0
0
8
2
0
3
2920
2
11
72
0
4
5849
1732
0
0
19
4
1
0
0
12
1
1
0
1
26
9
6806
393
0
0
9010
0
6
82
50
1
5069
8
200
0
9487
48
1
2
101
0
0
149
11
5
5
3
0
1623
0
15
270
1
0
0
900
222
11
0
25
0
1
0
32
0
4
2
9
0
50
210
2
0
192
6
2
2
23
154
49
1
0
3
144
2
449
398
2
176
532
2
149
53
31
23
2
11372
3
0
6
12
11
2
1
6
0
1
0
0
0
0
4747
82
14
2682
0
1
0
18
0
130
1
493
0
324
9064
39
212
17
0
0
103
743
17
77
1
357
783
11653
0
59
0
1
764
4775
3
859
0
29
0
25
2
5
0
2
0
0
4
2
1
632
1474
0
9
20
2404
323
0
366
0
0
3
8398
0
14
2533
21
1038
2
1
8
10225
0
20
0
170
1
0
56
509
0
10
0
96
1
273
6
0
0
2154
0
2
48
1
55
1
1
217
314
677
63
3
1
3
1
23
2
0
0
0
0
137
7
0
0
0
0
1435
283
0
1
181
0
1
2
168
1042
1
0
2
1
0
1
3468
1
8
5
10758
10
0
0
84
84
1
2
2
7
12
0
0
3
2
0
7
0
117
577
0
0
0
1
0
1
0
0
0
0
4
1907
0
6829
0
215
6
2313
46
1
0
153
0
9
143
0
1
0
10
0
0
338
0
0
1668
41
0
96
0
2
4
114
57
5
316
34
37
72
0
4
0
1
13
2
0
2
7031
1923
12
0
0
3538
0
0
2
53
0
0
4
12
0
374
25
8
798
93
2
40
6
3
4
38
21
1
23
2
0
0
187
36
23
1
0
1
3
0
2
1
1
0
0
3
0
4
3
3858
8
1
0
201
6
17
0
4
2
2
1
2
0
1
0
1
0
120
417
15
150
6
0
55
4
20
0
0
0
0
1
6
1
0
11
1
39
8
13
5
0
4
2
7
0
0
1
4
41
0
0
0
3
6326
28
0
0
36
2906
1
0
0
0
101
2
4
0
51
0
8
144
17
0
0
1469
0
0
31
805
94
14
1119
1
0
7
0
0
3
0
1
10
0
25
1
152
36
5
20735
0
0
14
1
1
0
1
11
77
0
0
0
5
0
13
3
0
219
715
151
3
11
0
0
2
130
1
36
71
1
1
32
0
0
20
4
0
0
10
170
2
0
2370
0
0
0
7
194
1
0
19
0
41
4
0
0
1
0
163
0
0
0
27
381
11
0
0
0
0
0
1156
4
2
29
0
0
187
0
0
403
1
0
12
10
0
3
0
12
0
0
0
568
0
8
1
0
5
86
1
0
6701
1
8
0
2443
96
95
0
0
3
0
0
670
2
3599
137
2
0
2
2
0
26
3
154
4
0
1
0
1
4
1
8
311
1811
724
16
1
0
9
0
583
0
1
0
0
0
2
0
805
14
0
1
45
0
2
0
1
1
34
3
7217
4
0
18
1
0
0
0
1
16
8
0
11062
38
1
0
1740
0
29
11
32
0
0
0
1
0
259
5
43
70
1
2
0
39
2
59
2
343
3
20
108
100
0
4
20
11
0
0
197
19
0
246
1
1
2
0
0
0
7
1
0
3
0
0
0
1
6
3
0
5
8
0
1
173
47
58
94
1
0
925
250
193
4
52
2
117
3
4
202
0
0
0
6776
1
168
0
6
2
8
618
2
0
0
0
0
0
4
138
0
3
0
0
0
263
0
0
7
21
1
1
534
0
0
0
20
2
71
10331
0
1476
0
0
2
1
13
3
0
0
242
12
0
0
0
129
20
242
9379
6
0
2
0
0
0
2
0
0
51
0
0
4
120
0
2
0
8
4689
81
5829
0
87
0
0
644
35
325
81
2
1810
0
99
0
0
2
5
13
136
21
14
2
6
59
2790
4
789
0
1
0
2
0
7
23
18
0
181
40
189
136
8
356
0
1
5
0
1630
1
1
5779
0
41
63
0
74
1
35
0
109
1
1
2
38
0
10
47
11
2
18
0
201
2
0
17
0
1
0
32
1
3
2868
0
1
103
336
54
0
0
2
2
1189
4
243
5
1
4
1747
0
0
33
0
44
28
3
3
43
0
9
0
0
14
207
47
86
3
8
77
0
9
206
0
1
9
25
1
7
472
0
1
617
0
13
2
6750
0
0
1
0
0
8
5
0
16
19
7
39
1
8
82
19
1
8
0
3
3
0
17
105
0
0
0
2
14743
3
0
8
0
10
285
18
440
0
0
8
2
0
3
4
4
303
0
0
0
60
0
12
295
147
30
2
3
2
0
14
2
1
669
7289
22
2
0
1
4019
0
0
52
33
39
1
0
0
0
0
0
1018
0
2
0
0
0
17
27
6
13
486
11
2305
1
2
28
0
117
2
9
92
7
0
68
9
0
68
0
4
0
0
37
15
0
26
0
2
0
154
0
1
6
2
0
0
0
5
3944
0
26
2
1
0
2534
10
11
0
10
0
3
7
0
0
0
3
5
0
5
2
64
0
0
0
1
0
16
5
0
1861
33
388
1
23
0
1
0
581
13
0
8044
0
15
0
0
105
0
0
44
127
16
0
12
3
8859
1
0
0
0
193
67
7
7
3
11
146
4
39
231
1
0
0
1
279
12
2
17
0
7
0
12
4
0
2595
0
0
1
0
0
1
9
12
9
44
16
3
49
29
9653
7
23
0
7
0
126
3
2
1
887
6
3
11172
1
0
0
0
1
287
157
304
0
0
111
1
94
4
100
2
27
13
138
1
185
0
313
394
2
2
0
6
57
4
0
164
83
52
0
1
461
6
37
528
0
2
19
5
6
65
0
0
50
0
319
2
1
39
0
0
1
5
0
1
2
15
8
688
1
0
0
0
10
1
7
2
0
1
0
0
1
301
287
0
0
52
39
30
36
19
50
2
1
55
0
0
22420
0
400
2578
0
1
0
0
7
66
0
0
1
0
0
0
30
1
33
6
0
31
5
1
2
0
10
1
0
5
0
0
7
0
0
5
2
0
0
68
0
0
104
729
0
2
1
1
4
129
0
0
2
4
0
11
0
12
1
0
1
0
0
77
78
1
4
1513
0
0
583
4
0
230
0
20
3
3
2
34
6
0
0
39
0
0
29
0
10
1
1
7
0
0
1
2
0
113
1
4
1
1
0
1
0
2
0
1
0
19
0
4
2847
71
3
0
5
6
1
0
0
17
283
8
18
6
0
0
45
0
7
110
0
1
71
30
0
14
0
0
0
9
4
5
0
23
0
19
346
2
23
1
0
112
0
5
19
6
0
3
13444
26
23
2
40
0
45
13
4
453
3
1
0
8
0
0
13
228
1
0
72
0
1
361
0
1
0
0
0
0
3635
0
16
788
4
0
325
468
781
0
12
2
191
12
0
0
1
0
412
5
0
40
28
2
0
0
51
29
6
16
0
2
280
3
10
0
0
0
110
0
2
2
32
1
645
301
5
99
0
203
0
24267
34
444
185
8484
27585
274
88
31767
3737
797
19689
11837
22392
16133
9582
15319
14382
12981
12859
185
38
15671
14071
13365
12321
5104
5962
13365
17130
17045
24267
9068
0
21425
12859
766
23755
1882
12859
10527
163
4498
6613
994
42393
27168
10213
147
797
40898
5104
163
28
15319
0
12859
9866
15252
67
8684
169
100
15319
266
1536
464
2194
1
2
2684
638
8
543
1610
10
12112
104
1
0
865
24
14067
845
2194
18
7
8470
22
53
121
106
13
874
6867
1
0
826
0
4547
12881
175
1
1200
12
1654
9224
304
395
0
80
12
0
134
13
103
9020
1483
19342
1809
10197
4318
12
4551
19351
2088
172
99
5
16
595
0
10
216
4
86
2390
196
3
2817
4
22
0
0
297
4
5109
36
3
254
0
1093
0
0
9941
5563
100
3219
0
796
6512
0
0
0
30
3
640
619
0
81
6
3717
2
1
43
249
191
2830
0
9
3
13
0
149
2
3
28
13
3
80
29
0
5
1002
208
53
325
1
26
395
1976
544
241
25
0
13559
3612
0
6
81
0
0
8840
0
1703
7
997
0
0
233
253
86
0
15
378
10800
6315
1341
6038
6898
2
10
21271
94
0
442
1527
3480
0
0
0
4970
5
1945
0
2
156
1226
1
65
113
96
2547
57
37
41
0
8623
64
2
32
894
9633
0
7
19
1
13
0
247
5949
1562
863
5196
43
0
1771
17
2
1
114
900
114
159
2
833
1517
0
49
223
2303
3
4454
56
4
1
9
155
0
3609
0
109
2264
174
1
97
1
93
3149
4299
19
949
1
19
8
1
145
39
13
3944
20539
12939
123
1725
0
0
52
938
1
0
3
1138
2882
0
0
5
22
0
0
0
3
1919
4
2
0
6137
7538
8
1689
0
789
0
1004
901
0
176
8
3853
1482
3032
73
8933
0
1642
1
3
1
11
309
18
372
2
17
20
0
31
2702
46
272
1
10
355
0
2699
191
1610
0
14
0
0
5
52
0
0
1
16
32
0
0
34
33
0
127
1
12468
0
48
0
115
9
3333
121
3
0
0
1
4861
85
5
0
253
3588
3
0
1
6452
23187
1
7
0
9
0
292
4
4
0
4
115
3408
0
400
16
6
5
0
1
199
1
0
52
0
275
0
0
0
21
2546
1
0
0
6
0
58
3
9
21749
4
33
430
3
12650
31
75
14
100
3
0
19
0
1265
914
0
0
0
1
22
5
2
0
2
1037
53
4
12
0
0
0
0
87
1
40
0
73
1
5
0
0
454
2092
2
4
1
1
70
0
7
14
1
0
2053
0
528
4
0
0
16
14
0
0
942
2
61
11
0
0
5
283
28
160
621
21
101
0
0
2213
112
20
55
4154
349
25
5
0
2121
0
7
2
6
5
66
12292
3
1
2763
9
13878
8
1
9153
5320
0
71
5
44
0
2
0
0
0
120
0
47
21
15
3
1
3
1
0
0
0
9
2
1
1
1
860
2
0
0
0
5
4
2
13201
980
6158
55
9
0
9521
39
93
68
9
1228
23
504
0
63
1
0
0
2
2442
3589
473
2
344
6
0
0
29
10
105
5
46
2382
0
161
1
30
36
0
0
4
0
1
0
1031
2912
199
6829
0
9
7
1
1
235
0
3
0
16210
0
54
0
1
1
3980
0
2
2
268
0
118
355
0
19
3
150
8
14
31
134
0
0
1
4
0
3
9
1
6
0
0
0
2
0
5
2
1347
260
53
13
130
0
0
4165
238
79
1
612
0
183
9466
14
0
1
0
9469
307
1
183
11
106
0
0
0
0
1455
1443
171
370
8542
0
57
1
18984
0
0
1
66
50
0
2
2
0
1
2634
282
43
61
0
101
3524
0
18
809
20
174
15
0
7
0
1112
8
3111
23
0
16
0
4
0
2
1498
73
3
6
0
0
4
0
5
7213
689
0
0
2
35
14299
524
98
650
0
8
0
1290
43
212
2
1906
2592
5
53
36
65
0
18
1
32
0
43
210
4
637
0
19
1
1032
0
0
21
0
0
1
85
32
0
3
0
1777
39
1
2
0
1076
1
10360
2
6551
6
19
16
8066
0
105
349
4
1025
0
10
10
24
2108
0
0
1
0
69
10
60
9
2
0
0
6
7571
7322
1
0
2
2
0
0
147
126
44
0
3
15705
1
1997
0
503
0
0
2
2228
1
12
6
0
4
77
0
0
0
0
0
0
13
23
0
2
2355
0
9
25
17
392
3
122
14
2
0
0
50
3
0
0
3
0
0
0
13
0
10
9
33
0
15
0
530
4
38
5
610
0
453
0
3
4
152
28
14
9
764
2942
56
1885
0
6
0
46
0
0
38
0
0
33
217
5
0
0
113
361
275
24
2
4
0
0
0
708
0
0
0
0
48
1
73
655
0
0
0
0
0
196
1
27
0
0
1
0
34
7
10
17
2
0
0
6
1
128
16
797
0
38
0
131
5
2
0
0
1
56
0
27
0
0
177
10
1
0
0
1
11
0
0
81
0
1
1
1
0
64
147
1
21
0
0
0
8672
54
100
0
0
0
84
0
1
0
1
0
0
126
0
0
0
48
7
18
0
51
0
1
0
2
19
5
68
2
0
0
670
2
5
27408
90
5
41
0
0
176
5681
176
0
0
9
168
0
0
0
481
8306
58
369
25
1
0
1
0
2
1
0
0
3
130
40
0
8
0
23
0
256
10551
2
0
2
0
17
464
0
41
2
67
0
1
1
0
343
0
21
2
0
38
69
0
0
0
0
7
1
165
2677
0
0
42
2
1632
2
0
1
0
0
0
5
4
125
0
0
0
1
2
0
1
5
11
95
419
22
13
2
4
0
59
0
5116
0
593
355
0
0
10
0
0
0
1
5
7
0
2378
1
4
628
598
0
590
78
5
0
1
1
0
0
4226
1
1
135
1
0
7
0
0
0
1
0
0
0
5
0
1276
1
0
285
0
5
0
0
77
0
0
7
0
1
24
0
0
99
64
19082
11
49
3
4
0
0
0
0
2
4
4
22
1
343
21
74
13
0
1
19
0
10
1048
483
68
0
1066
6
60
3140
0
8
0
0
118
0
8
0
0
1
0
0
1
21
0
312
1
5
0
94
1
1
43
0
1
127
0
276
5
20
3
0
7
83
6425
50
495
1
21
6
0
443
5
8
2
2
0
0
1
0
1
10
17
92
1701
3
1
17
0
50
332
0
2
4
0
0
0
5
1
0
19
0
104
1
4
0
1
3240
0
2
15
1
0
0
2
497
2796
0
1
8
0
0
0
1
0
0
12
306
3
0
0
11
0
7322
3
3877
3
0
449
3
15
1
1
0
0
0
68
0
29
118
0
4
0
0
2
1
0
1
23
247
4
47
0
1
0
330
0
29
0
8
39
20
0
15
0
1
0
0
63
111
2
9
6
603
0
0
5
0
108
3
0
532
0
11
1
0
0
24
670
32
1
0
0
29
0
13695
0
0
19
0
4
5
159
4
0
15
2
0
5791
0
1
5232
6
0
0
0
4
3
59
0
0
1
0
0
317
39
5
0
9
3
10
0
0
1
1
112
4
2
0
18
0
9
136
1304
0
0
1
1242
5
1
12
0
5
3
21
0
0
4094
9
825
2
2
0
0
7
4
0
2
5
1
275
5
0
0
258
10
16
15
0
0
0
2
1
0
0
6
0
0
89
0
1
4
0
100
0
0
1
1
4
0
0
0
1
0
35
45
0
1
1
1
6
0
0
5
0
0
1088
0
4
680
1285
0
2
14
0
0
1
70
8
5
1
10
0
0
0
76
7
5
0
0
24
2
0
0
0
0
0
0
0
6
2
0
0
8
11
1
24
3
3
0
5
18
3
402
4
0
0
9382
0
0
0
0
0
637
2
0
1
0
165
1
7749
1
12
2
563
6
5
1
190
193
0
7
53
65
0
0
6
259
0
0
3848
0
0
0
15
1
0
0
240
0
0
1
0
1958
0
2
65
3
600
0
22
3
47
0
1
73
162
7
35
0
3
130
0
2
410
13817
1
0
8
42
42
0
2073
0
52
25
2
0
15
123
623
0
1652
0
0
0
0
1
9074
1265
0
0
0
0
1
207
671
0
0
0
41
0
686
23
3
0
0
1
18
2241
0
0
6
40
0
119
6
0
26
0
0
0
1
0
1
6
12
0
3
269
4
0
53
16
11
1
0
2
14
36
19
0
1
0
1
5
0
6
0
0
141
2
21
10
0
1816
0
0
0
0
2
0
6
5
8
5
1
0
1
0
0
0
0
59
0
0
10
6
112
1
0
0
0
0
0
0
0
147
1
2
8
18
6
361
0
91
32
0
8
0
0
0
1
8
41
0
47
52
0
4
0
14
9
6
0
1
0
0
3
12
2
1
0
0
1
806
0
15
17
0
6017
2
0
0
0
674
0
11
0
0
10
0
2
3
3
0
1
0
98
0
46
24
0
1
27
0
0
0
0
51
11
0
0
0
7
0
0
0
1
0
1
2
471
0
0
1392
7
48
1
7
2
90
0
1
33
0
1
0
6947
20642
0
0
6
0
27
1
1
0
0
6
1815
0
2
0
0
11
1
3
1
0
89
0
44
8
777
2
30
19
0
0
0
0
0
0
522
0
0
7
0
0
9
157
9
8
1
0
44
5
8
738
1
19
0
6
0
2
13
92
0
0
339
20
2
44
0
46
0
0
1
4
2
0
3
411
173
0
0
7
0
43
3
0
26
102
0
0
2
53
0
0
1022
0
0
167
10
9
114
0
0
28
1
3
3
0
9
0
1
3587
110
0
0
0
11
1
0
6
558
708
0
0
6
65
0
0
0
0
1
7
15
0
0
0
134
1
3
0
0
73
390
209
15319
5104
67
31682
8997
5866
7985
1594
15319
67
100
3536
38
42
2288
15
12859
15816
1621
959
169
859
42
440
440
1575
1887
5104
38
169
12859
1312
3125
225
9063
4319
20208
6
1887
0
163
1887
12859
1621
1621
6384
169
12859
169
1887
4114
1621
163
1887
20208
163
38
1621
527
38
0
0
142
5064
19342
0
4551
22151
5356
39
0
8427
14244
4551
3284
177
46216
10984
20383
47
15364
647
5
9081
0
262
10
617
595
28
40
0
12663
135
29
1108
40
31
0
640
4
76
40
992
11911
40
4518
5
5
1389
12136
566
12136
40
277
5
658
40
4
21
16553
5
21613
1560
992
78
479
4168
127
37
1905
0
4
13
1970
0
2425
18
71
618
0
360
13
0
259
0
19
179
206
31
179
0
1
0
183
16
2
15817
28
260
0
394
97
35402
738
1
3844
4046
1
3844
494
19
19
140
486
486
486
3844
5025
19
863
3844
738
0
2
19
0
3
17
2278
414
39
22
10
2
0
120
0
11
34
2500
1511
0
3
1042
49
0
4397
3
238
25
2295
331
4
227
6423
8
18254
142
8
33
2
29
2
13431
1
28803
0
212
48
240
0
240
240
0
525
2247
18
183
6
183
240
107
2247
9233
240
212
4
42
525
26
2
0
5029
64
80
0
3140
2
73
16
0
51
8
4
4
0
0
7
12464
65
5
166
1150
22
0
2
80
11
74
72
0
7
0
13387
4
0
8
76
8
0
0
0
476
90
798
64
90
0
8826
256
267
2
0
2
90
49
256
3
90
0
519
12068
16943
12485
30
50
0
0
69
61
20
0
220
52
17302
0
2904
1
0
29
0
0
0
11
0
3
0
7
3
3998
1612
219
1
26
12
386
1
0
3
0
386
51
4619
919
190
22
214
2
114
8
2
0
4
8
3
0
16
0
2
2
8
1
2
22
640
1
3
0
19418
635
1
1
29
24
9
8
186
14
0
51
9
27
0
5946
8999
2421
243
50
0
102
0
0
0
5
1
0
134
12
24572
1
117
832
15
2
61
4
6
155
104
1923
613
0
0
0
0
0
781
0
0
298
13
298
0
2
0
2
0
1923
5167
851
9
269
1
642
4
1
3161
472
0
0
551
0
70
3958
0
2122
96
1051
1
0
324
4
24665
1
2212
0
0
5643
151
13547
0
216
0
758
349
124
374
0
101
1
3
0
68
5
1
133
22
0
133
12
1
0
2
13
1
39322
133
0
0
173
133
5
3
135
2
125
975
5426
1
0
6
1
1
10
0
4430
4
2
0
27
38
0
5684
47
0
3
14
1323
1046
18155
4
385
0
94
178
11044
393
3
4590
0
5538
17
13
0
0
17
0
42
0
80
1170
0
638
9
2
146
2
10
1
2
49
2
146
1
35
42
108
0
11
0
119
3
1298
153
0
0
0
3
0
12
2506
115
0
47
3349
1
37
853
0
0
319
0
0
79
0
0
5127
0
3016
105
76
1
3
23
24
25712
566
0
0
1130
0
0
2
180
6
1
7
1
18685
958
7
15
185
32
91
0
695
1
9
0
268
27
315
16
0
106
2915
6
0
29
2
0
1
0
35
0
0
11
792
1
115
486
0
127
0
0
7309
0
96
29
51
292
2747
0
0
6219
1851
1544
0
1
2
246
58
11
1
1
1
6
32
28367
408
1
3
2
21383
0
98
5132
5
9
7
11
617
1
104
1302
300
794
26
165
1
37
0
71
5
0
1
0
0
7
18
1
137
8
25
16
17
0
2686
2
0
0
172
2
1
7
75
129
16
0
243
11
1897
526
5
0
14169
51
0
228
1
489
0
1
1
173
852
7
2
689
4984
0
5
14089
930
253
3
228
0
10
251
6
1345
1
7339
0
1
22
0
0
0
81
0
0
8
1
1
0
0
9
0
1
1
4
2
54
1
4
3
877
0
216
2907
772
0
52
40
140
3525
6
4
0
6
9360
66
2
1
240
144
280
51
5
459
3
4
404
4
1
2
4284
15
34482
75
51
3
9
12
0
14
0
0
31
0
0
55
15
2
0
0
0
0
0
0
1
39
0
1
2
0
0
4
0
1
0
3
38
4
233
28
0
9
0
0
27
196
1
17420
15
0
9
31
140
4
3489
0
33
151
18
1962
9
26
301
635
3
4590
8
4
0
2
0
47
62
0
0
10
16
0
0
4
277
144
0
0
0
0
0
0
157
2
0
0
0
0
0
1
2140
198
52
6
802
39
0
54
1
14
15
403
1
2
49
1
463
1
6840
12815
0
4
4
1
541
0
3981
1028
0
221
111
3
67
0
14
0
1
2
1
0
3
10
4
1
0
8
6
412
0
27
18
49
0
37
1
57
0
512
0
3
1877
232
0
68
3746
1703
11
0
1
0
2
0
55
0
790
29
1
8
2570
270
0
18
0
2
19
3098
770
2842
112
11
0
0
0
65
0
11
427
385
7
0
63
0
22
1
0
2
3
0
6
13
1
0
2
45
0
1494
0
0
0
48
310
1
0
0
15
97
29
24
235
1060
3
1
4
1
2685
1
243
5
7
0
211
4960
2
309
813
465
414
7
665
0
32
6
129
494
539
16
314
472
16
3847
5
9
15
1
252
164
19363
49
0
0
0
0
0
29
0
0
0
11
0
12
0
14
0
18
0
0
0
1052
10
815
0
233
0
0
33
2953
101
40
3
0
13
1
6
1
407
0
2
0
9
6808
16
3
5
321
0
3
459
6
27
103
0
845
890
0
0
0
167
1
3
0
2
20588
1
0
1
0
0
31
0
2
0
0
0
4554
0
1
0
24
0
441
30
1912
678
5
0
3
0
74
17
1
9
3278
23
1
2
1
0
422
6897
9
0
27
16
4
0
30
17
27
13
0
163
4
0
0
0
220
4
419
18
0
14701
1
370
0
1
4
0
16
0
0
0
15
6
5
0
5
0
10
0
1
0
0
0
7
15
28
4
433
0
4
21
12
0
0
8
12
0
16097
498
104
1
0
4
0
2
615
2
10343
1
184
0
0
1
0
489
0
0
0
0
12
18
10
1
11
0
19413
1
15
4
0
19
4390
32
0
0
0
18
0
0
1
0
0
0
0
0
0
0
3
0
105
1228
335
0
4
15
42
0
5
29
492
1
2
1
0
16
0
37
0
909
5
0
0
8
109
0
1
0
4
2
0
330
387
0
7
0
0
0
0
6
2
9
615
0
2
15090
107
18
0
0
65
32
20
0
0
10
0
81
0
0
0
0
0
2
0
0
1
978
40
962
6
2
147
4
3
8
223
3
1
3000
0
441
0
1673
23
0
0
0
1336
19
6
0
33
1
20
0
0
0
2
0
0
0
0
0
229
0
5018
0
1
2
7
0
0
5
0
26
2
0
0
0
1
0
8
0
0
1
0
678
0
0
13
0
1
0
25
1715
0
0
1
10020
251
6
102
8
0
1
0
14
0
0
13
0
0
637
0
0
0
148
79
0
212
860
1
23
1
0
0
0
234
0
5
0
822
248
0
0
0
1
0
8
0
0
1
0
0
0
142
0
5
12
0
2646
38
0
92
0
0
2
0
952
16
34
2
2
0
0
641
33
0
0
0
0
0
0
45
0
2
67
0
1
741
1
15
0
0
8
128
496
0
11
0
114
0
1
57
0
6244
221
132
13
0
0
0
0
0
0
0
0
1
0
0
0
0
0
0
2
13
0
13
0
0
26
32
1
189
505
0
0
20
0
3187
3
156
20
0
6
30
0
0
0
2
4
0
19403
1
1
755
0
1
5
1
64
0
527
0
2
22
4
318
0
1
0
0
0
0
0
0
10
0
0
32
0
0
0
0
0
1
0
0
65
90
40
0
0
18
60
5
6
0
4408
0
2
338
0
4
1
4
6
0
1
50
0
2
0
5
403
0
1
2
10
3
0
0
53
1
4
0
0
15
7
283
0
1
1
1033
20
22
0
0
1
0
0
0
0
0
0
31
0
0
0
0
69
0
35
1
0
0
0
2012
5
0
3
3
1
0
1
10
0
50
4
4
0
0
1
15
0
0
574
495
2
0
407
36
857
1
6
1
0
87
512
0
0
63
0
7
0
0
0
3
387
11
0
78
0
0
0
0
0
0
1
2271
3
16
0
2
0
300
0
0
1
0
13
5
39
5
1
78
5809
0
1023
18
0
19
0
1
0
0
145
295
0
1
0
0
1
64
243
0
4410
24
54
21315
1
569
3
0
1
1
0
8
0
0
0
0
7
1
0
283
0
2
0
1
0
0
0
124
1
0
0
2449
125
1
21
29
0
2077
2
0
0
0
0
1
2
0
76
0
0
7
0
1
1
42
1
0
0
17907
271
26
53
1
0
1
5
0
4
2
0
4386
1
19
18454
15
0
0
0
12
0
0
13
0
0
17
113
0
0
0
5
0
0
7
0
460
18
1460
0
0
0
13
1340
2
0
17
18
0
25
9
0
0
975
0
0
0
0
669
1
0
1
29
0
1
0
98
0
8
23
0
53
0
7
312
0
5
2
1
9
2
0
0
0
1
0
4
0
1
0
1
0
0
0
1
45
0
0
0
0
0
11
0
0
0
4
6
11
0
0
0
0
0
1082
0
0
0
144
9
0
0
0
34
1
401
57
2
0
340
3
833
0
6
237
0
516
0
1
208
0
0
0
0
282
0
2
12
0
0
0
3
0
0
6
133
0
0
1
3
0
0
0
35
0
0
0
2
0
0
0
207
0
0
0
0
0
35
12
0
52
0
3
156
0
0
0
68
21057
1
652
1
34
251
15
2520
0
1
5
0
1
0
1
0
0
10
0
5
253
1
2
3816
0
0
311
3
11
2008
440
12943
1887
5104
559
1312
1890
169
5104
38
1887
440
225
10238
7335
225
52
1621
68
7335
225
52
5104
854
163
1887
1621
5675
1312
5104
38
1887
12859
440
12859
390
169
0
163
20208
6
1312
20208
2369
1887
12859
440
225
377
1621
163
37
169
163
5627
1887
169
17698
0
0
3591
1312
169
60
595
4558
40
0
11530
1108
10027
135
0
13014
40
595
31
4
1296
31
1
5
48
1296
31
1
0
3
21
40
5
618
1108
0
26767
40
48
595
48
1109
12136
992
23246
4
63
1108
4
703
40
509
595
31
105
5
658
465
135
21
15
40
12136
689
992
992
142
1108
12136
4
1
0
183
16
21
260
0
193
16
2
183
1
394
748
368
394
41
19
1
368
394
41
16
3
0
183
19
2332
260
16
2
183
2394
1
2394
6169
486
4046
303
738
3
260
738
1592
3844
163
1
394
117
19
40
19783
4833
0
709
183
486
24
4046
4046
2
260
486
207
8
22
6401
8
141
2
20
6
8
34
2244
8
1
0
160
1
720
2247
55
3429
1
720
4310
12
4
50
2247
33
2
8
39
85
4
8
4
58
183
0
90
212
58
2
212
180
240
2
8
1
3257
2247
169
0
14
4
3
227
183
35
0
0
63
2
183
0
72
15171
4
0
1
8
15186
1
0
16424
0
72
8
35
283
8
81
256
25895
30
8
26
1
1
519
8
256
0
8
0
10464
1
0
2396
0
0
2
798
0
0
951
8
0
4186
90
1
72
8
47
256
2
23
257
11846
47
6
2
0
798
798
277
8
2
36
391
0
199
1
14
386
0
13
1
0
13
26
4619
15314
1
4619
5
8
0
637
4619
96
271
785
640
76
8
1
386
1
1
3
0
10
108
0
0
114
0
22
34
386
22
2
2
0
39
4619
48
8
90
8488
3
1
25
565
0
15948
114
114
11
386
0
15050
3
311
1
117
19990
9741
305
0
117
764
4
12
6
0
136
6
3438
0
951
203
6
0
110
0
5167
1
0
1
61
117
829
4
100
0
0
1199
298
0
22
1923
71
8
1923
0
0
13
8
6
123
0
1
0
4
1
1316
2
298
0
0
0
134
104
298
0
9
132
1
349
1
1
124
5
349
129
9
216
3
738
154
3
116
0
177
22
3
2
0
45
3
431
0
7
93
349
131
12
0
0
23
11
44
22
222
5
4
9
5
0
133
23
539
3
0
0
1
716
7126
5
10
3
29114
20
22
22
19
141
24199
813
3
0
8
4590
1306
7
0
2
4590
0
286
3852
0
138
6
0
4
146
0
0
0
0
19
14557
11285
2
146
12682
17
4590
0
138
0
0
9
48
9
1170
17
42
0
996
42
1
2370
1
1
0
0
146
142
113
0
50
9
7423
3
13
1170
1170
2560
4
3
149
11
15
2
3
190
7
12
2
3
22
944
954
0
0
0
0
0
150
22
2
0
15
573
0
3
1
906
0
439
3
25
2635
0
45
1
20
769
6
0
0
1
1
0
7
8
1
592
0
0
217
1
0
1552
1174
0
0
10
0
6
6
113
24
8
0
889
1003
1
89
0
29
791
4
470
1495
72
1
58
24
0
58
4
55
1007
0
58
0
7
691
0
6590
3
527
2
3844
1528
0
13
9935
1
2
0
32
0
1
81
396
1
26666
461
145
1
58
1
7
1
25
199
16567
39
631
4
1
32
32
191
4959
5
26
51
4
8672
89
27
565
5
6741
651
9
2
2
25
1256
0
1028
231
6
10
9
416
3
7
131
1
0
0
102
7
4
11
594
0
5
11973
0
365
0
0
228
0
3
228
0
0
196
1
862
8
234
13
993
0
96
0
382
34
317
0
0
0
0
30
1421
336
27
0
7
1531
103
12
1
1
53
2
70
15
10
0
10
0
368
87
7158
11
180
0
0
0
757
5
0
2797
0
43
1
30
327
9
118
3
1
1
3474
1
5
521
272
395
5213
15364
2
9285
0
247
5
6
18166
5774
0
510
384
1
1
182
364
375
9
2
0
800
0
9
334
0
965
18
0
1
9
807
55
8
436
1
0
0
0
1078
1
1
28
0
281
53
19
0
21
0
2
20762
2
0
225
12
31
29530
13
24
2898
8
226
4
4
0
9
1
87
4772
16
2395
10
0
1
11263
4449
31
31
1
14
39
91
0
1
319
17
64
7
1
171
7
1
178
9
0
0
10422
0
6
3
1
327
0
1
17
1398
35
0
215
608
444
18
1
1
0
7
6
3216
3072
1872
1
1065
353
0
4
0
9
27
242
4
278
4
4
0
6
54
27
2936
4
4
1237
765
174
0
5211
0
3
48
0
3
0
0
33
0
0
65
0
29
28
1
0
191
721
17
72
322
152
16
17166
7
4
2
144
7
20
0
53
81
492
8266
131
4
0
2
159
0
6928
416
4
15
4928
269
0
34
138
11
3897
1
42
2
42
4
0
14
3
16
0
1
0
1
2
663
3
0
1
2
669
11
1
632
1
2
2
57
364
2
5232
4779
173
0
2
604
8
65
0
2867
257
3
0
2
11
1
160
0
0
537
410
3
139
56
4
22
21
1130
0
0
0
237
0
3800
3
29
0
7
771
23
7
18
36
190
0
322
7
91
0
63
2503
0
36
1
162
3159
1
4
3145
0
5
110
318
8
5
0
3
17
10
3472
1
0
0
4
2
0
0
1
4
0
0
248
128
10
26
4
0
12
1703
0
141
5
389
0
0
100
17
0
0
24156
1
9
130
0
79
7
3
9
47
0
3
79
135
11
4
2
73
134
4
5
1
762
12
96
3272
4
0
2179
5192
478
2
411
2247
5
3
1
0
25
0
0
322
1
163
67
18
0
88
0
0
36
21
7
45
0
135
3
28
10
3928
983
963
356
11
4
14
1
98
0
2
0
0
10
36
0
1
3
1
111
76
1
0
0
417
94
17132
1
0
1082
0
1
19
0
381
12
0
7
0
6060
1
96
0
0
0
25
0
16729
0
413
751
0
0
0
0
296
291
2
0
362
139
0
0
1
2
0
6
9
2
1
4
1
0
9
0
21
0
6
606
0
148
716
0
5
0
1
692
0
3
0
1
381
5
4386
8
2
376
3
0
0
6
4
7
1
2
78
1
1
2
2694
0
2
212
5750
4
0
20
17
349
163
5
0
9
0
5
0
1
0
1
0
1
0
0
2
4
0
1
4
2
2
0
30
183
0
0
0
119
3
1
16574
0
34
1
1
344
1
236
4
0
2
5
0
0
1
1006
0
0
0
0
3
1
8
1
7
0
224
1
3
11
1
63
1
0
11
1
0
1
0
3
18
5
0
0
4
0
0
0
1
0
0
0
0
1
0
0
645
96
0
1
548
463
1
8
1
7
640
2
25
192
1
0
958
0
270
10
0
8
1
107
0
0
52
0
7
1
1052
154
115
0
208
2
157
0
0
1
0
0
5
0
0
0
0
2
169
0
0
0
2
0
1
107
2
0
1
4
618
628
0
0
0
0
5022
79
0
2965
4
6
226
4
3798
0
57
0
1
99
0
0
4395
0
0
46
0
2103
20
0
0
0
1
13479
0
0
4
0
0
2
1401
0
0
12
0
0
4
0
0
0
0
1
219
0
0
2
2
14
0
3
0
1
321
16436
1
72
0
1
27
1
6
555
1
5
0
1
248
0
5
0
1
22
0
156
0
0
17
0
0
0
0
0
47
0
9
0
1
2
74
0
4
152
21
0
13
25
0
0
0
0
1
18
0
0
0
124
4
0
1
1077
186
11183
0
1607
0
366
216
0
668
0
10
0
188
0
2
3508
1
13
0
7
0
1
143
0
10
280
0
0
38
0
3
25
0
0
0
2
17
0
5
0
336
467
0
39
1
2
305
0
0
32
0
0
1
0
2
128
0
1
15
1
76
0
23400
0
1
6
0
0
0
876
0
218
0
148
766
0
0
7
0
5
0
578
0
5
20
1
179
0
3
8
0
3
17
0
2
19807
0
1
0
0
1285
0
0
0
7361
219
474
589
2
5
7
0
0
13
0
18
0
77
283
11
0
16831
0
1
2
0
1
356
1
655
0
0
0
563
5922
137
1
7
58
0
9
20707
1
4324
0
0
0
1
241
0
0
0
1
11
0
109
0
0
1
6
0
0
0
1
0
0
0
0
3
0
0
4900
0
1
5
0
92
57
0
0
15094
0
0
108
0
1
400
27
1
140
400
0
72
3
0
0
0
2068
4
0
0
1
24
0
243
0
2
66
0
0
0
603
7
0
0
0
514
0
0
1
0
0
152
163
0
1
25
142
3
0
0
0
0
31
1
4
0
1
0
0
0
5
1
0
1
626
21
0
0
374
0
554
28
1
212
715
684
1
98
54
0
179
0
13
0
5
405
0
140
190
0
0
0
25
0
56
5
0
14
0
83
0
0
10
4
0
0
3
0
14466
0
0
3
0
0
0
0
499
0
796
0
651
0
0
0
1
1
0
270
0
36
328
0
311
259
3442
0
0
0
0
4208
3
2
15
0
0
66
223
0
0
97
80
0
157
0
32
0
1
0
211
0
0
1
0
1018
10
0
0
0
11
1
1
66
2
775
1
1
6
280
0
0
6
0
40
0
4582
12
0
0
12
2
104
217
0
624
3
0
0
0
3
0
6
17
1
3
0
0
554
0
9
0
8
0
253
115
7
10228
0
0
23
0
0
0
1549
0
0
0
0
26
16853
0
0
11678
0
97
3
1
386
0
86
3
1
0
0
0
79
0
3
0
828
26232
0
2
0
1
93
0
26
3754
1
0
21
1
1552
0
1
276
0
20
0
4
73
0
0
13
6
0
46
0
1006
38
14
0
0
5104
1312
0
3965
559
440
5104
854
0
8035
169
440
8397
12
20877
559
163
0
8649
169
3305
1887
20520
440
169
6315
20208
6
19
20208
14545
1887
20208
5675
440
2463
1621
163
2255
1312
998
559
169
22
1312
12859
440
163
34
1621
0
73
8673
0
5400
169
20208
38
11267
440
0
225
38
169
6
1108
992
3
7543
595
0
3
992
0
135
595
7
3
3510
23
21
992
0
135
3119
40
145
595
12136
276
4
33
122
4
0
40
4
618
595
246
5
1854
12
1108
931
23
12136
8
1108
112
595
1854
40
5
992
0
0
992
0
135
4
607
4283
595
992
31
19296
1082
10392
260
17
164
13
1
16
520
2246
105
43
1
42
0
0
9
0
17
74
1300
1
183
12092
1
486
4817
738
1
0
738
6
3844
738
951
1
6049
19
0
17343
260
3538
9
486
3
260
88
1
0
0
19
810
122
123
17
63
2234
738
7
3722
1
810
394
0
47
416
2
0
8
164
8
4310
1
1823
27540
1
8
0
14
18
338
4
0
30711
1
11195
426
0
8
183
305
212
67
19090
212
5
240
212
13
8
0
2247
658
28
2
0
476
183
1
2
47
8
658
28395
2247
889
4911
34765
0
28796
1
212
2
7
8
43
1
192
30
107
8
50
1
2
72
1
396
6707
0
3
2396
35
5426
14806
5
11846
50
0
5
0
6
34
72
2
67
0
856
51
0
35
90
0
10
72
25
256
112
16
8
18
3
2
28566
8
100
72
112
61
256
5
0
0
50
0
1
0
31
6
2396
405
8
3
0
738
386
11719
1
19
39
271
0
3
1035
3
10
14591
1901
0
606
1
635
986
5
24
385
4
70
0
902
22
645
14
22
945
2
22
2
161
8
8
0
0
386
8
0
0
0
386
16
6
0
2
8
21
581
985
635
1038
2
22
12030
1304
10
10
4619
24
2
606
6988
2
431
21531
1
110
38
148
189
21
0
0
37
205
1
1
642
194
16
17939
1
1
7
298
0
1923
54
0
1923
3157
0
1923
11
7
1
0
23
1
110
1
0
298
18
34
3
11
23
0
0
0
123
173
642
140
22
1923
1
0
0
29
6
11292
52
711
10
1
740
1
11
0
12847
12
0
164
0
790
127
167
12
5
5426
0
647
0
731
1
144
1107
0
5
0
0
5
14
133
5
29612
274
1
0
1304
1
7
1
10
186
19479
8
0
234
1304
0
0
0
0
0
5426
0
407
5
859
223
0
0
3
0
446
1
223
6
4003
1030
4
19
0
22
16
2910
0
133
1
0
9101
75
3
18
688
498
3
133
2
2
0
42
1
3
42
2
18762
42
2
0
209
146
8
6
723
218
12243
2
1
3
13
0
8
0
146
29
19
22
3
15
29
42
126
1
0
36
0
769
49
0
3
87
3
214
17
573
642
0
943
165
45
0
1
16
1
0
6987
1218
20
101
1
489
6
11
1
0
6
0
0
0
6
0
363
6
322
3180
30
20374
1
380
1
2
646
8
16
2
30
0
11939
177
1008
1087
6473
1196
116
0
0
0
45
172
0
134
0
8
5
0
124
0
360
7
160
136
11
2
11
26
794
858
1326
59
46
11
5
0
8618
4945
15901
6
0
1
3
0
1
0
244
1
113
6
5636
6
0
0
579
4225
927
4
88
0
1
1
0
5
5
0
5
10
3
10
2
1
28
2
83
4857
58
0
6148
18144
4377
59
149
31
54
7
0
1
79
0
12
1325
234
4
132
156
0
70
12
16
0
3
0
40
0
228
18
0
228
1
2
228
0
2
3
412
1
268
2
3
133
50
0
0
1
1
1
20881
1
31
31
77
0
67
223
228
1408
0
6
4
1589
31
1
0
0
147
2
1804
1334
0
27
0
0
1
214
7
104
7
0
0
87
0
0
1589
873
79
232
359
0
2449
411
0
27
168
11
8475
16
3
4183
2
26
147
7
94
0
552
17
5
100
12162
26
0
1
20
0
0
30
0
1
7092
11
16
248
521
7
1423
4
77
334
0
0
6
4
1
1585
0
1
0
0
47
167
0
30
34
62
1
0
2
340
121
0
37
1
16
21
1
17
1
6352
4
836
12762
24
21
18508
0
1819
722
26
56
1448
2
264
0
770
233
1
321
1
1
3
1
1
11
58
14523
0
92
936
7
0
147
17
34
98
74
1
17
6
2
48
76
0
0
23480
1
2163
100
0
49
1
43
0
3
0
231
8
1163
185
7
1816
1
0
1
6
0
4
5311
2
25
0
0
2152
205
4
6
3813
207
3
125
131
5838
33
49
0
50
168
809
0
2
140
0
0
29
2537
0
0
79
4
0
2
2156
74
0
12
0
11
1
3
33
9
1
1
218
1
0
2
0
0
76
26428
0
158
27679
0
54
446
6
1
225
0
0
9
825
361
17
4
64
63
2007
4
0
2
0
5
7
24138
815
1
79
0
3
1
264
2
8
545
0
1478
13
0
1
0
1
0
15
0
29
7
1
2
78
2
1448
45
8
0
55
125
1
2270
0
4078
52
1
80
7
1
2
216
19
16
0
0
0
553
5
4
22
4
83
1
0
0
0
0
5
17
11
5716
2
2
0
5
1
11
64
194
4
60
2
1
6
328
358
8
0
43
90
876
1
14631
283
30
12
1317
12
27
0
0
20
1504
0
104
4
23
2
1
485
8
275
301
43
5515
0
336
0
0
0
10
4
28
0
0
0
2
1
338
587
0
5
995
6607
34
1
2
12
805
118
2
5316
0
6695
0
7
62
6816
7
0
0
1
13
1
3
116
5
1
282
7865
2
13
1143
1
0
14021
1
1
22859
59
8
0
1
67
11
168
112
8
6
1
3528
22
0
0
0
237
0
0
0
1
1
49
18
1
2779
190
5
0
0
2
0
16252
1
372
0
3
25
0
2
3088
2399
0
1
0
0
2
0
0
1
2312
390
195
6023
0
3
1
2
53
22
2
55
161
7
0
0
0
152
0
4
33
0
17
2376
5
161
15426
2927
18
0
102
1
242
1
51
106
15
0
13
1
5635
10
485
23
0
2
2
674
5485
0
7
386
219
1
0
1
7486
0
0
18
1
725
18
2
1
264
0
5
343
3
1
1
559
0
279
1
195
30
1
0
0
0
14
0
1526
16
15
5
0
2
4
3
67
1
1444
26
0
0
101
0
11
1
0
3
301
0
31
2
0
1422
274
0
5
0
1
7
0
0
8
5
1599
0
0
0
14798
0
542
0
7
0
5
1514
0
1
11
1
1
0
250
2
4658
2
10
0
1
1
1068
0
20405
1276
0
0
0
2
2
4
0
0
18
4776
0
22863
0
1
1007
293
1
0
3
0
0
0
0
21536
218
3
27
0
2
4
0
0
0
4
43
17
0
0
2
317
4569
0
3
23
1
45
0
448
125
0
5
1
0
0
5
1
646
1
4562
73
4
0
2
4
0
12
0
1
10
0
0
0
2
10
0
1
94
97
0
0
0
0
6
21
1
13
0
5
0
1
228
0
973
0
0
94
0
1
18
618
24
1
292
0
5
0
1
315
0
0
0
1088
5958
0
2
96
21
0
8505
6
1
1
2
451
2
0
0
22
0
9
0
124
3
0
0
0
1
223
0
252
0
480
18
0
0
1
1
350
1
1423
0
0
27
0
9
0
106
0
1
0
0
201
637
5
0
103
268
2
10339
0
609
6
0
18
1
11
1
0
3
34
293
0
1
0
5
0
739
2901
0
0
1
0
0
0
0
0
1
2
0
0
1
2
0
206
35
3760
2
0
1
12
1
21
0
3
0
0
444
0
0
0
890
16
0
0
0
0
33
1
6
37
0
1
182
0
46
16
0
2
0
12
637
0
1443
20
7
0
0
0
4
20053
0
5
1
0
34
0
0
2
43
1
4
155
0
0
282
1
105
0
0
5
1
0
19143
0
259
3
0
8
0
1502
6
0
17
0
1
7173
0
0
0
0
2406
3
2
20
27
0
0
0
1262
0
0
0
0
0
44
0
39
317
4
0
0
0
1
1
1
24
26
0
0
25
0
0
0
64
0
1
0
5
1
9
1
16
1
19
6
0
1
5
1
80
0
0
0
45
22
0
1
0
1
10
0
0
0
63
3
0
6
361
345
0
0
0
5
0
0
0
0
0
0
0
365
7646
0
0
0
0
848
202
0
706
24296
0
1
587
0
1
656
899
0
2
0
0
1
0
1
225
0
544
0
0
346
2
1
2
0
2
0
7
0
0
0
0
1
1339
0
22
0
1615
342
0
9
7455
10
0
30
0
3
13
0
0
0
0
0
0
200
207
0
0
0
0
167
214
0
0
8
0
5
7
0
24882
1
4151
0
5
0
216
51
0
3
6
0
1
0
1
183
0
30
1
0
38
0
1740
0
0
0
0
1
3
0
7157
0
0
2
0
0
84
15
0
262
0
2
269
0
0
0
0
29
0
53
0
12
0
20
1
82
0
0
0
212
0
211
27
0
1
629
4
0
1
16813
0
749
0
1
7
0
1
0
7
0
5
982
26
39
0
0
0
9
0
0
49
103
1
337
1
0
2
4917
0
1
0
0
0
0
0
1
140
0
12866
253
0
1
0
3
2
15137
0
35
0
356
16
0
0
3
0
5272
1
0
267
0
1617
0
536
1
737
2823
0
477
0
0
0
0
2
16
0
3609
0
8
48
13
0
9645
0
0
0
0
2
1
1
25
389
60
0
3393
2
0
0
0
0
192
5
0
0
0
8
0
0
2
91
10
0
0
0
2
421
0
1
1
127
3
1
0
233
1
20
0
1287
263
0
2
0
869
0
0
21
0
1
237
0
2
0
7
1
88
3
8
0
1
659
1
0
8
25245
106
118
4
6161
14251
169
2233
48
5104
38
6
147
0
7985
3263
15319
12859
2317
12859
3566
7166
5104
67
67
3566
554
0
650
32103
8614
262
13185
1294
6
3153
6
335
4954
11932
19485
15775
14024
7328
2136
192
19457
42
48
0
0
15582
0
3566
2669
0
19689
0
28
13772
1333
16504
3566
18558
139
28
13129
0
1
0
0
1
1721
5
108
642
6110
124
0
457
173
523
1070
176
433
12
0
2569
2569
988
0
4315
4
8
5
1477
17
0
11307
0
421
0
5894
15970
12
2711
2
87
26
0
118
353
5890
826
91
3
1940
445
48
1940
10345
1940
18280
369
83
93
6512
10438
112
2510
988
1940
51
865
71
0
178
674
9
84
15
4698
2348
730
484
12
1788
2340
58
0
37
806
995
201
4656
11600
14
8146
848
0
394
0
0
837
0
14
0
337
39
2
113
45035
0
0
2
0
334
4158
1992
780
685
55
10232
4732
0
817
3
1
5172
16
1
0
14
820
11265
4387
34
0
1564
767
322
17
5
4
21
184
8
4
7
13
72
11
0
9144
13
37
0
0
1
2
0
967
85
1
10
197
0
0
2082
10
1
56
1
1
106
3
0
0
30
0
891
17654
13034
1067
32
10301
4
3
129
42
33
9
0
17
6235
274
20700
15
14254
49
3017
12048
208
7425
7
1
11
4
50
9
180
4383
74
0
2
2826
77
0
7351
0
59
7
15
50
0
3
6967
0
83
0
0
0
0
1
0
22190
68
1
843
245
0
10
0
0
17
0
8
1102
2421
0
17884
6006
149
3776
1
5914
392
0
8
99
5
5103
0
3868
15900
1355
0
2
7
1
0
3
0
13584
0
1513
151
0
98
88
10353
55
1448
21
1
33
1
43
0
307
0
19598
14
0
10
0
0
95
18495
24
8
6
157
1599
545
170
0
172
1963
59
3
4
4
4
0
20
31
3
20535
0
13467
0
191
136
14395
24576
263
9
17
2
13014
3874
7
2
814
1
4
2
7
7
1
0
0
0
0
58
2
7
5
0
22155
52
0
2
5
436
37
0
0
0
0
0
834
10
55
0
5
12
0
1056
0
66
5
113
1
7
25
1
86
0
4592
45
0
560
4
9
0
11
0
0
2689
18
16
2
2
1513
0
58
7
0
709
3
69
11238
15
1
241
15
12182
5334
0
187
8
0
0
0
0
14
0
220
0
0
10210
70
0
0
0
2
165
2
291
0
514
0
1
0
3
11
0
0
0
0
4982
32
7
0
1102
4907
50
0
54
1869
98
512
4
5
148
809
4
21
3
0
29
1
2
0
2
0
5
21
91
1
169
77
0
3
0
168
38
185
0
21054
16
546
12
0
0
0
178
0
348
12
58
1
6555
59
1
0
43
14
84
0
814
385
668
0
0
1
44
700
269
16
1786
0
10
9
3110
9519
3022
8
44
2
0
8
0
3
0
49
115
4410
0
31
2
1
0
39
2
106
1
4
23
0
1666
21
0
0
3949
0
488
366
2910
1
0
0
0
6
0
1029
5947
0
3
0
9
0
0
0
4807
406
9
2
1299
0
256
1057
48
1560
337
29
0
220
33
0
0
1
263
20
3846
614
0
1351
0
28
284
1624
64
2232
5625
1595
12136
5
5
4
0
0
27
1762
5
0
0
79
40
19
2
0
0
0
785
6510
0
0
0
0
7
0
2
492
80
5
20
0
0
0
0
0
7
0
1
0
2
3
0
0
0
0
5689
575
0
2
223
606
1703
20
0
1
31
0
170
5
11
20
2623
1
51
0
0
6
0
56
3
0
0
0
0
8
2
2
0
9
0
492
1
2
1545
0
0
50
11
0
1693
0
85
0
101
7
0
3249
1407
4
17
0
0
2
383
24
0
0
1
0
0
1
0
0
74
94
5
2924
4
0
1
0
2017
2549
192
1
0
0
2
11
1
2
1096
0
0
0
0
0
0
26
125
1
0
2394
7
909
556
22
9427
11
104
0
642
0
28
0
24
2
3
6
0
0
29
14
5
0
1
237
5
0
1
5
0
1
60
3
1
0
1
157
69
0
32
48
0
691
11
4
44
2
2
247
0
25
0
2
0
1997
0
13
0
0
241
0
10
0
0
0
673
0
14
0
1
18
342
7
20
0
10
16
0
0
0
100
600
1
4
1
9
0
141
0
215
2
27
5304
0
5
0
0
233
0
7
4
307
0
158
94
9117
0
55
1
36
0
1
0
0
33
42
0
0
56
0
610
0
4692
7
0
1
0
2218
579
10
362
0
6475
35
2
4
0
0
14
10
0
0
1
0
0
254
958
0
0
1
1
0
0
0
15
0
0
0
0
0
1
0
826
6
205
3
0
1
1
1484
1
2
64
301
30
1
0
1
0
0
0
0
0
0
2
16
1
1031
0
2498
0
0
23
13045
15
7434
0
8
5
0
2469
0
1
0
5
0
3837
0
0
0
0
8
55
2
0
223
0
0
0
538
834
435
36
27
87
0
559
1
12
338
0
0
0
0
0
9
1911
0
266
0
3
0
0
256
0
0
0
0
0
0
0
0
108
486
13
0
0
5
0
0
0
2
27
2
1
62
487
761
0
92
0
1910
0
0
0
8
51
0
8
2
468
4
1
6
4283
0
0
0
0
0
0
0
3
7212
142
260
1
0
1260
634
0
13
153
9
1
14
0
1139
1
0
0
221
0
0
1
83
0
967
20
3
444
4
11400
0
2
0
0
0
2
3
0
7
3093
2
10
0
23680
0
719
0
0
0
0
0
13
136
4
30
7
0
0
1
0
0
2630
28
0
15
0
0
1
0
1145
55
0
7
1
29
31
33
1
0
0
258
0
3
7
0
4
0
0
270
1
0
1
0
0
6
0
0
8
271
15
3
1
623
30
15
0
1
0
309
0
5
1109
0
1
0
0
0
0
91
533
0
0
2
0
0
3
27
8
0
0
0
4
0
5
41
1
1
0
22
1
108
0
28
0
0
86
0
1
0
4
1
0
0
8
0
0
5209
8
652
0
0
1
1
0
0
1571
4
0
0
39
0
16
4
0
13
1
1
13
0
987
0
0
0
0
0
0
0
0
0
18
68
2
69
0
0
66
21
8466
246
0
7264
0
0
12
0
0
0
1099
0
2
0
0
0
548
308
0
0
0
9337
11551
2
38
1011
5
123
0
0
2
0
2052
70
0
1
0
4
0
0
1254
0
0
341
0
64
4
4
0
0
0
0
89
0
0
5
0
2
2
51
1017
481
0
40
1
0
1
782
262
0
2
0
2
828
1
0
1
0
1423
0
0
0
0
2099
3
116
0
846
156
8
1220
0
0
47
0
0
3
2473
3
6935
0
1
18
0
4
6
0
2
796
0
1
0
8
0
3
0
0
0
0
0
47
0
0
9
33
1098
12
0
84
23
0
0
0
1573
0
1180
0
130
231
0
0
0
0
0
4
26
0
7921
1
40
10
5
19
10
0
779
2
1
334
282
27
22
1501
1
54
3
509
0
1
42
0
164
33
2643
4
0
0
53
4
15
4975
0
73
0
13
929
9
181
0
6
33
2
3889
3
0
7
0
0
0
0
71
83
77
6731
0
0
0
998
11
0
1049
8
1171
4
5
197
0
12
51
0
0
1
6
7
0
5
33
6
2
5
2
109
0
1
576
1
0
1
6
0
0
0
0
0
0
0
0
0
0
0
3
3533
152
457
1
2
17
0
35
0
0
1
0
1
0
20833
5
0
0
0
0
29
1
2
14
1
48
0
1
0
0
924
56
0
0
67
0
22
3
0
2481
1
0
0
5
797
0
0
0
981
1761
0
4
23
0
2993
0
0
5
12
0
0
1
0
0
777
27
17
0
298
2
11784
315
1
13
0
8
0
56
3
1
1
0
105
13
0
65
496
317
20
8
1
592
73
1475
3
1
0
1
0
1
6
0
1234
0
306
0
650
0
10
0
303
48
1
2
0
3
0
0
10
4
0
1
0
1
0
0
0
4423
31
1
5
0
9
1
413
0
0
1
1845
21
1819
41
3140
1
6
0
0
3
0
122
0
1
2
1
4586
0
5
0
681
0
6
4
1
1
0
0
17759
62
124
0
30
0
10519
5050
20
4
33
140
0
0
1649
0
50
0
0
1
0
0
0
0
549
252
1
2
60
22
35
0
1
25
6
34
933
3
1234
0
0
0
2
37
0
3
42
20
2
30
1
0
380
93
0
66
0
0
0
26
0
1
0
0
3
197
140
0
0
0
13
0
0
21
28
0
5
1
10
0
0
0
0
12
2
0
268
0
1487
1
11
0
2867
337
198
34
2
1
23
0
13
1
8
0
1
0
0
3
0
0
690
2
0
0
0
2464
1
24
0
17
70
0
0
0
198
781
0
0
65
13
0
0
13
0
118
4
6
0
1
51
0
0
5
4
0
19
0
11
1
0
0
4
3
4
3
3233
7286
0
0
257
0
14
10
81
1395
0
3419
0
0
2670
23
0
0
0
1771
0
55
20
35
28
1
0
0
1
7
36
5253
0
2
0
0
0
0
1
0
282
2
0
9
3
1
0
86
3
0
0
0
0
32
3
59
0
0
91
0
10
1709
1
2
1566
2
476
28
127
1
65
0
12
47652
2
27677
0
30
2
0
0
0
27
1
0
0
0
2
7
20
0
3
0
0
2
2
1
1
0
19
0
34
1
0
0
0
500
447
32
0
0
7
0
1
53
0
14
0
13
0
0
2
0
0
0
2
1
1
40
5
2
4
1
0
4
0
64
0
37
6
57
3
0
0
0
0
0
2
0
61
43
8
976
0
0
12
0
0
318
0
0
1
1293
2
0
20
1
0
3
2
0
117
0
0
0
0
2
0
5
14
257
1
0
0
0
109
623
0
0
19689
5104
0
3566
3566
6132
5458
16504
8029
13160
3695
0
466
236
1557
1612
1754
75
1612
1018
6580
14066
33515
2984
67
26128
5104
0
0
38
3566
67
4563
0
320
169
16043
4408
21936
9309
4220
11
39928
28950
28
3566
75
302
5503
1612
1035
14066
1612
0
28
3418
1035
5104
2286
250
1612
1612
28
440
10345
0
1940
2284
55
4
7797
93
11
951
19
8204
15
1036
362
11
27
0
11
6
0
4308
8
0
2569
16
0
91
2886
2183
6589
2569
0
91
258
0
34
18
18788
603
9
14277
0
0
32986
974
0
517
0
11
655
4308
11
8204
3712
1425
2949
0
71
4200
11
1023
37267
595
0
333
4651
8
337
2719
0
0
20703
3
5
0
39
18
1934
0
443
111
0
16
1702
164
0
1
7247
96
37
4869
31468
0
0
465
585
4869
2
29
0
220
4310
1961
115
48
49
14102
28048
94
111
1
179
0
2
35
0
0
3
258
0
84
0
38
0
75
1561
1
129
3493
12
16722
61
9
267
6
0
7
14032
0
0
1
4
26
121
31
0
503
0
27
3
147
0
5869
13
6266
8
1372
2348
27
2927
3912
2
3254
0
936
100
5
72
139
2247
0
0
13151
656
79
434
0
32
5962
26
0
43
301
3756
11
68
0
0
0
1795
8
6487
2
1215
27
4692
17
695
0
867
2
0
25
173
46
31
1565
0
0
0
3950
70
17124
0
4046
141
0
1093
0
9
0
0
3962
1262
34
865
5
3457
25135
99
20
0
0
4643
0
679
0
139
150
0
0
1
4
122
0
191
0
1
0
56
1
28
12
368
4017
20
8474
8
0
11
5
6
0
2511
7
383
124
54
0
2
0
1858
4
38
413
6548
30
0
5
0
29
4189
484
1
34
0
4
12155
2601
40
7087
1023
0
0
2002
0
11
2053
71
351
0
0
0
11
0
45
0
0
0
1522
1
202
0
0
105
1697
11
0
9
2548
4
18
25
23
6
6695
5
8
0
1273
0
0
51
0
7328
2
56
337
0
191
0
0
29
7
50
1
2
0
34
0
6
8
5
177
351
1
0
0
1
4921
0
12
479
24
60
1
9
0
44
55
1451
194
34
552
62
3
192
7
66
2
331
0
2166
3
42
5
1
664
2
1
10009
726
1701
47
920
0
3
0
1
0
0
0
0
1
5
8177
0
8
6078
227
3
32
7558
900
602
47
6
3
63
11
172
125
27
18
868
20
4
3
2179
256
348
24
1493
1
3757
107
366
0
22
0
21
77
0
0
0
151
0
0
0
7
0
0
8
50
0
54
0
12607
19
0
166
0
235
130
2985
1491
1
0
0
1
0
0
0
0
8
9474
3362
7901
16
217
5922
0
3
24
2
0
50
37
867
76
0
0
0
9
9
0
0
1
2
0
0
0
0
0
1
0
0
0
0
9
67
0
1
1
0
0
0
0
720
64
732
4
304
13
385
152
12
4
40
68
60
62
3
247
4
0
112
0
23
3228
117
1
0
33
4
1
110
0
235
270
100
0
1
3
249
0
3566
1
0
2
3079
0
2
18
2561
1
0
0
5
8162
0
1
0
0
0
1
427
3
0
60
809
0
340
5148
10928
33
2184
91
0
34
0
1163
0
623
69
46
0
20
812
0
0
0
1
3107
63
1
0
286
17
150
72
120
811
0
657
13
0
4
0
3
1
0
0
0
6
1
5
2
38
36
0
79
375
0
2
20
2
0
13
37
0
0
1
1661
0
22
40
0
6
37
4
0
0
0
0
0
0
0
0
0
24
4162
0
7
0
0
1
9
6
52
168
311
0
763
3
4278
1
7
266
0
43
52
0
629
6
0
65
14
62
132
47
0
201
45
10
21
2
0
288
0
30
0
1
29
0
0
3
0
442
0
813
0
1720
4
1499
1425
1
0
1
67
1
0
0
0
15
12
75
0
0
17
8
115
2
0
0
0
73
1
0
4285
9
2565
4984
1
1819
1
2
0
0
34
0
0
13
0
0
0
0
0
1313
1
0
0
0
0
2
3
1
0
70
0
0
242
2183
1
21
7
9
0
0
54
39
0
100
7
87
0
0
0
0
0
17
0
0
712
18
0
5
61
0
0
17
3
4
2
25304
3
16
73
443
5840
1052
12383
5
2
0
35
0
4138
0
3
0
0
1
1
0
0
0
0
1
16
0
0
53
830
3
0
0
0
0
370
0
0
0
517
87
12
0
0
0
1
3
33
41
223
59
0
6
0
0
0
0
0
2
1427
0
0
40
0
633
0
0
11
18
0
38
5
1
2
0
2
0
1
271
18
0
0
1
0
15
53
56
0
1
30
8
0
0
32
2
0
1685
0
15
0
0
316
0
0
0
964
0
0
0
22
1535
1281
7
0
0
0
0
6
1
1
0
39
34
0
0
3
1287
0
1
2
1
1292
3
2
24405
2
3
0
1
0
1
156
20
0
1
3
0
1
6
0
0
1
0
1
1
0
0
1
19
0
5
0
0
9
5
20
1
0
0
6
1
83
0
0
1
6
2
0
0
0
16
0
44
7
0
98
3
22
0
22
111
2
167
3
0
601
1220
2
0
49
0
7
0
2
51
4
1
0
30
1647
0
4
43
0
6
1
4
297
491
0
0
1567
0
0
6
2
12
436
0
1
31
0
0
1
2
16
51
0
0
1
2
4
4
176
0
0
2
0
0
0
5
2095
0
0
0
7
0
5
0
5
1
0
0
4
1
0
40
0
0
0
4
0
0
1
3
25
0
0
0
1
696
0
0
0
27
15
50
244
0
0
0
140
14
17
0
1
4
0
0
0
0
0
0
0
21
0
120
0
0
111
0
12
0
194
2
0
122
35
89
4
0
26
143
143
16
0
924
33
24
14
0
0
0
0
232
49
0
0
0
1
0
199
9
25
2
598
0
353
0
55
133
3
0
1
25
0
1
353
0
43
1935
0
3
4
2137
0
1
0
0
1
347
11
0
7
0
2
1
3
0
0
0
0
0
5385
0
1
5
313
540
0
22
55
0
11
5755
0
0
0
2
0
0
0
0
395
11
3
1
0
1
0
0
0
141
839
0
0
2
3
1
0
5
2
0
0
1
10
34
556
0
0
17
5
0
5
6
0
0
4
2
0
6
0
1
0
28
1036
88
2
291
0
159
7
0
0
0
0
3
4
63
43
0
47
0
1660
0
1
1
0
3
0
7
928
0
2
42
1800
9
70
1235
1
162
0
5
1
13
0
42
0
0
0
1
1
0
67
0
0
0
3
0
0
0
0
0
0
55
9
7
0
2
3614
244
19
280
0
0
3
10888
0
0
46
0
0
188
59
7
0
0
0
0
9
2
485
1
0
0
315
0
37
205
25
37
15
2
1
0
1
0
241
7
0
0
0
0
0
308
0
0
0
0
0
0
0
39
0
1
7
541
0
0
2
4
27
2
1
0
12
0
1187
0
2169
0
14
0
111
24
0
0
0
1092
0
30
0
80
0
0
0
0
17
34
42
1
1608
0
4
9
0
60
0
6
1
4
0
4
7
1163
0
0
0
0
0
0
0
0
0
5
0
0
0
0
0
1
0
0
27
2885
274
0
8
15
13
0
8112
0
0
0
71
0
13
7
0
0
0
6
1
6
0
0
0
143
2
0
0
0
0
0
269
10
12
0
408
0
0
1
0
0
226
0
13
0
0
20
1
650
19
6
50
0
1
2
0
7
0
11
0
0
0
0
929
514
0
2
36
0
0
47
2229
1
3
0
6
625
41
0
8
0
0
1
1
54
1
0
0
0
204
15
0
12
0
0
1
660
0
0
26
0
19
0
0
45
1
0
45
0
66
0
0
0
7
0
0
1
0
2
0
1
0
0
0
0
1
0
8
2
0
0
2025
5
0
3622
4335
0
3
0
0
53
128
0
2
0
7
0
0
0
1
135
0
14
2813
2
1
2
0
1
2
79
0
0
0
12
0
0
0
0
8
8
0
0
0
0
183
2
49
0
8
1
36
1
0
0
11
0
204
1
0
0
17
1
33
8
0
0
1071
3286
104
0
0
0
1
0
2
943
2
45
892
0
0
0
0
0
1
0
2
2
2
0
17
1
311
0
0
348
3
0
0
0
0
2
0
48
0
0
0
0
0
102
0
0
0
1
8
85
0
0
0
0
9
0
1
0
0
0
0
25
0
345
4
522
0
0
0
0
71
0
64
26
0
0
1
3
22
6
0
9
1
1
0
1
0
0
0
0
1240
441
28
0
197
0
1
220
0
0
0
0
5
7
91
0
18
2937
0
206
14
385
1
0
7
0
0
0
124
125
375
1
372
0
0
5
0
5807
144
1
38
17
1701
0
11
0
8
0
74
0
0
0
1
4
0
0
1
0
1623
7
7
0
0
371
2
8
0
0
173
0
0
0
17
4
312
295
4
0
0
1
0
1
12
3
0
0
399
2
1
3
0
0
2
28
5
0
344
0
7637
1
58
2
1829
7
18
41
0
75
3
0
0
13
0
0
0
0
336
0
272
25
344
0
1638
0
0
0
0
0
51
523
0
0
0
0
0
1
0
0
0
1
0
0
8
1
4
0
2
0
16
517
0
0
49
0
0
0
1
2
104
0
4
14
24
0
0
3
2
5
4
2096
4
7
0
414
0
544
2608
1
2
0
0
0
3
0
0
0
0
4784
860
2
0
880
6
71
0
0
0
0
0
1320
1
7
50
0
0
0
0
1
0
1573
0
2
0
0
847
5733
2226
0
0
6
22
0
4
0
0
0
233
0
0
18
5
6
5011
2
31
1
93
290
0
3
0
0
25
0
549
0
0
7
5094
1
2888
0
887
41
0
109
1
0
6746
440
5669
3263
5669
440
13705
32533
87
314
32336
185
160
5919
37142
13331
32679
5104
842
15719
38
13196
22325
43661
320
1678
23201
31139
6923
14797
320
6
12327
1612
2125
15799
3704
4226
38
4220
22347
7151
35464
147
169
37791
0
274
87
156
424
1621
11
424
163
11
22347
169
2045
5104
61
12859
1031
5704
581
784
12
457
12
394
8
0
2111
1432
64
2233
0
25281
17
23
7
356
5576
19
357
3
12
4
1791
5
864
5
3
5
24
0
3
264
7
1
4208
1
2
70
370
3
17
0
2508
85
826
2318
29059
2
1874
5
151
1874
921
32403
11683
2462
2
0
33
256
18
27486
51
4
11779
730
11779
3
2
2204
1123
15
2
89
216
0
12449
2
2
473
0
320
5
7
545
656
0
1
10
1127
762
154
0
0
36
4769
655
1826
83
2
4342
30
562
1094
0
14
3709
4
3338
322
2635
3425
2402
19
59
73
2
8
0
1081
15
37
32760
0
11553
1
174
0
27
4
27
2
4
1
1674
110
35
34
0
31
5933
1240
65
38
158
5
189
646
201
153
18272
20
5
1
27
29763
2
11
12
35
370
61
225
429
99
117
0
766
34
29
445
4929
6276
3
8
715
322
2754
3
89
408
15079
89
84
1048
10
2
4691
19
73
0
26
42
13
42
16
0
7
0
0
4
350
3
53
71
982
15
5
1
5
82
677
36
14
1
1308
240
102
144
0
4
1
82
17
1
749
1
4469
0
0
0
5
116
0
75
3
14234
70
88
1
10
0
17735
616
66
0
68
2
984
3495
2
7
281
1888
3
1
0
6
0
1
29
0
83
2
84
0
2
251
8
0
6
0
18
133
0
284
16
2
390
1287
2114
404
1660
73
28
1
5
0
3
0
466
32
2
17
88
1
9
371
2
31
3
670
17
7
2
21
0
15
0
113
91
0
2079
10
39
0
60
8
6
0
2360
0
2360
1
1016
3106
0
157
2
0
1
3902
10
37
64
0
3
109
0
164
0
0
12401
190
2
0
1
0
836
11
0
3
1
0
1
8
1857
15
15
46
17
1104
11
4
0
2
1
3134
10
68
119
2
21
72
62
51
1
64
0
1
8
3203
1
4
514
4
3784
0
0
0
2
0
153
0
117
565
37
0
0
0
0
0
1
27
1
43
758
326
540
32
29
0
5
122
0
3515
381
5
347
1140
6493
19
0
0
1
0
25
70
14843
139
50
10
0
0
96
2
132
162
2012
1
0
736
0
5
0
0
5
5
291
7
1901
4
144
0
15703
324
0
59
0
0
2658
213
0
19
0
8
66
0
139
4
0
1
0
134
2268
3
13
2
0
0
83
181
0
0
0
1
8
1
4
41
0
1
1
4
1
9
67
0
176
6
0
21
0
50
1
1
128
9
347
0
0
0
131
1
0
0
13
2327
0
5
9623
6
0
498
2
31
1039
0
0
46
0
7
1311
0
2
0
0
13
95
0
57
0
0
309
0
149
2
0
262
4313
45
419
191
0
546
0
4
0
0
11
864
0
8
0
21
29
0
80
0
814
49
0
1
1084
0
0
16
0
0
349
0
13
0
31
159
0
0
59
1
0
17546
2
0
0
637
1
159
7366
4
4691
36
10
1
9
2
3
8
3
1008
3
1
0
0
187
1
0
68
0
95
1
38
2
0
0
0
281
2
31
2
0
0
32
0
0
586
405
1
849
19
0
15
0
29
4
37
1
110
0
106
56
0
32
788
14
569
0
12
54
9
0
0
0
840
77
3
0
22
0
31
0
113
14
8
73
0
6
3
0
0
6157
77
0
1
0
8852
11
2716
0
1
40
17
83
0
0
14
84
122
0
0
0
1
0
0
942
2
1351
0
16244
20
0
5
0
0
9
0
0
0
11
0
3782
11
1
0
527
6
51
0
10
3
0
0
0
0
0
851
0
0
47
0
30
0
27
1
475
5
2300
3
2
121
1226
4177
0
1
0
0
693
1
2
3939
13
40
0
108
0
20
63
1786
268
0
278
17
8
1
1
0
216
2
5
574
0
3
2
0
1
0
0
21
2
12877
0
0
136
2
0
6
1
0
475
795
0
11
0
1
2516
0
378
7
0
0
5483
68
484
10
12
2
592
0
0
0
49
0
0
0
181
0
0
350
0
223
1978
0
0
0
0
1
0
0
0
15
1
10
9
9
16
9
0
9
0
0
0
2
699
2913
23
2044
4
5881
0
0
146
1183
21
1
4
0
0
727
1
0
251
7
0
19
8
7
0
3
125
3
14
0
0
2
0
0
1844
381
506
0
0
0
0
201
49
0
123
0
7673
1
1
4666
0
48
0
29
0
0
148
243
1
0
15
6
1
6181
1
19
10
0
531
0
28
0
0
10
698
0
0
0
3
186
18
3
5
0
1
0
13
15
124
0
2
5
0
0
31
0
0
1180
16
144
8
0
1543
1
119
3
22
0
10
19
3655
2
1
2
902
219
11306
0
0
725
1639
150
140
6
1
1
219
3
3
10
0
800
0
117
3
17
27
0
140
62
1
2
11
0
0
15
11
1
50
0
3
0
870
11
217
5
0
1
3
158
0
0
47
1
3
0
1318
2
0
1
24
1132
587
1
3
4151
1226
0
4
0
679
0
45
3
2190
1
1
0
289
0
237
12
0
0
178
0
21
932
0
1
2
13
0
10
4
101
2
1
0
833
194
0
11
42
0
3860
14
0
0
227
0
0
24
1
0
0
0
7
0
1051
87
0
0
1
1
645
138
0
2
830
0
8
29
5
1
1
0
1229
1
0
0
2671
27
19
0
15618
1
11
0
3
2
5
1
1
0
1
131
0
1
0
0
13
0
1
2
0
2
0
35
1206
3285
100
11
1
43
0
44
2083
120
1
0
25
0
1
0
13
0
0
556
68
9
0
1
1
7
5
0
1
1
1
151
135
0
0
2
379
218
1
8
620
259
0
0
90
0
603
15
9
0
0
29
95
0
0
0
1
0
0
1
2
0
53
1
335
1473
0
10
0
1
1
5012
15
8
0
0
1
627
0
0
2
4
25
2841
173
0
0
191
177
22
237
0
0
574
0
5
21
49
9
14
0
0
19
0
8
0
0
0
6
3
1
0
1
1
20
830
2
6
1
7008
0
10387
0
0
2
0
0
155
10
0
1407
1264
218
25
22
1196
0
0
0
1
8
1
0
0
11
4
6
3205
15
2
341
0
0
0
2
1
14
2
0
0
1
4853
1
6
0
0
1
155
10
25
0
0
1
0
394
2
479
3
0
0
0
0
0
3
2
213
4
3
0
268
0
13
0
3
7
7
105
57
3815
0
0
0
0
0
2
14
0
0
5
1
1077
1
22
0
0
0
42
0
8
17
0
0
2
4
1
0
394
0
0
4
59
0
49
11
102
72
0
6
7
0
18
0
5
0
5
0
0
11
3
0
0
30
0
7
1
2
5
1211
1
1115
0
6697
2
2
1
0
18
47
2
0
0
38
4
0
773
246
0
1
7
12
86
3235
0
139
156
2950
147
1
1
8
128
0
58
0
0
5
0
8
0
0
51
1244
0
0
0
5839
127
0
5
1
840
370
1
9
3
0
36
0
209
58
2
1
1
0
65
2137
394
12
0
0
61
83
1
0
63
0
2
168
46
0
0
1
0
0
1
358
0
8
0
0
82
1
2327
625
44
42
0
0
56
708
2
0
10
25
1
17
0
93
0
181
2
0
81
9
6
3
4
17543
122
24
5413
0
386
0
3
1
677
11
34
7
162
0
9
191
0
9
0
12
0
280
0
336
2
320
0
0
2963
0
0
0
5
2
1354
9
7
0
7
0
1
18
2
16
904
1
16
2
40
391
1
0
1
0
1
0
0
0
0
0
1
0
0
5
1
0
930
0
296
1
0
12
1
2
12
1
1
232
24
15
0
0
0
77
101
0
257
9736
0
1
41
0
0
0
3
11
55
1201
0
0
0
97
326
24
1414
0
2
0
0
1
0
1
8
3
456
3
7
1402
0
1
558
0
9
1
4
1
4
0
251
0
0
2
171
0
0
0
1
500
180
14
9
1
50
43
0
0
1967
0
0
0
796
84
1
85
3
0
36
0
81
6
0
767
0
459
582
1433
1
0
0
1375
0
20
1
45
0
60
0
86
1999
215
25
528
1
20306
0
0
0
0
5
0
3
0
4376
0
3
12
0
4
121
0
5
0
277
0
21
160
56
20
5
0
0
4
0
0
670
0
0
11
0
0
47
0
0
92
6
28
1
131
41
2
2134
1
1
10
0
0
6
1
1
2
1
32
1055
18
150
0
2
26
0
0
1596
12
12
1809
21
0
1218
0
0
1
0
6
0
32
0
1
1
44
1
6
1
1
0
0
0
66
0
0
0
3
1
7
0
0
0
0
0
6
6
45
0
0
0
0
15
107
2864
5
69
0
0
0
0
1322
1
0
29
16
11
0
2
1
0
7
2
0
1
2295
7
1744
84
8
7
68
6
5124
28
0
0
1
6
0
12
0
1
0
17
0
0
39
0
1902
47
0
0
0
1
0
0
0
0
0
2
2
11
4
10
120
1595
7
0
18
187
13
0
0
0
0
161
3630
80
737
29
10
11
0
0
0
0
1
0
0
0
1
0
12
18
0
3
74
30
2
0
179
62
0
2
3
0
0
54
179
0
120
93
18
0
25
1339
20
141
6
4
6
17
4
0
0
13
1
0
99
15
0
3
0
20
0
0
0
16
5
0
0
0
3
626
1
0
0
4
0
0
35
796
0
4542
3
3
1079
19
0
3
3
1
1
169
2
1
0
3
0
0
24
3041
6
0
954
3
7
10
2
15
0
21562
1678
10811
16548
3065
6
192
0
530
6
21420
1294
182
2463
335
218
5868
408
153
19551
67
0
3566
13772
15643
26603
13319
8453
13115
5104
5104
2286
606
1612
1612
7150
2449
5104
169
440
3214
169
77
1769
13390
26860
185
13264
163
21157
6209
147
5104
26206
5071
2704
3674
87
320
12
12859
355
1067
4524
3858
18959
24
58
17
18601
0
91
727
1101
3
0
89
3066
0
1132
1
0
9031
1178
25
1940
642
248
67
47
12269
12
11
0
29
71
182
11
11
0
16776
0
64
617
1458
11729
19
119
4
762
2233
493
14556
3
4
34198
6
8
1
7
1
2111
1109
465
12
465
8508
0
1
656
2953
626
0
0
220
53
0
41
1
0
2
6
9
5
6
1923
342
0
131
386
151
0
11058
9535
0
25121
4
333
12
0
1417
0
0
294
209
0
81
0
3316
13
28401
4540
13163
27
89
5
3
44
0
2
1316
2
33595
4
31
2245
0
2
821
3
18402
1386
48
219
2988
40
0
0
1
148
0
13895
75
292
30
0
358
805
1
1832
34
63
0
0
4
24
0
0
488
14
3
604
0
68
17
0
0
35
0
8
27
71
280
71
33
26
212
1248
526
0
23
0
34
140
429
8496
16482
1
983
94
3594
14578
25
16044
126
6
1299
802
328
9
55
0
0
0
0
0
778
1
11313
0
1
3
1
31
610
0
0
19
1793
4
313
269
11850
108
3
51
0
56
0
0
28
0
597
2019
2
2699
0
1298
5
0
673
0
30
0
5
447
676
0
0
16
266
9
1
0
0
108
3
670
3231
4976
49
1
1
26
229
489
1357
0
11
0
402
726
3
1
0
213
24950
1130
0
72
0
3
12520
22
258
7467
3
3015
9
24227
52
0
1
38
286
0
76
430
54
3
1724
5
1159
463
9
0
0
1987
31
0
328
2
0
364
69
21
56
140
11749
14
0
4
24
365
2202
176
0
792
0
2
0
0
4
66
0
46
2
29485
1
0
0
0
43
0
3683
0
0
0
125
4
10424
0
2
5
23
7
65
1826
0
0
0
5
769
0
0
371
24
4344
3851
2025
10746
8530
0
11950
26
0
0
11
6
10
204
2
1519
752
0
0
1
3
7
4
4176
0
15
206
0
168
670
0
135
0
1
9906
0
40
0
73
2
0
6273
0
0
4
7391
1711
6
185
2
0
0
77
66
2
532
3
5294
3
0
0
1
1526
1
1
8
1278
6
1
4714
478
15
0
266
178
2
186
11098
20784
154
4
1
3
6
8
0
6017
11134
1
0
8
0
0
0
19
4
0
0
576
2567
0
8
6
5
0
0
0
54
0
0
7
29
241
0
4
8
0
0
0
442
987
0
0
0
0
0
352
1
0
183
5
2
8
49
11
0
1207
870
0
6340
4601
0
866
0
0
1
187
3
8
518
2
6
2
292
1
0
0
407
6
90
1
1
17
0
143
0
17
0
1
0
6476
174
2478
0
0
725
0
4
0
391
6756
0
0
0
0
29
280
482
0
0
0
1
1312
0
1
3
187
0
3
0
1
3482
2
60
1347
0
2
29
1655
1
0
208
109
2007
0
0
66
1
13
331
0
2906
1745
0
0
676
1516
0
0
1338
0
0
0
0
1
0
0
1
0
922
1886
0
5
2
0
0
0
0
20069
8
33
0
2
550
396
1
85
0
0
0
0
0
0
0
2
2906
11
2
52
424
33
117
7980
10
0
0
2392
3
200
0
8490
51
1
2
0
0
32
0
0
16
0
51
0
0
0
0
5449
987
212
203
618
11
3
51
450
0
0
0
0
2
19
0
115
2
0
0
14
0
2181
249
1304
0
2
4
0
0
1
2597
21
0
0
673
5
0
2
277
293
478
288
1973
149
0
2
218
4328
81
12
0
0
0
2667
0
695
33
0
0
0
52
0
1
0
1971
988
53
2563
0
0
0
244
0
6
0
0
278
0
1
2324
1
1
0
0
0
0
2
7304
1
470
2
1082
2
204
0
32
6
948
5
1
0
17
2
2
0
0
6782
4
196
6
1499
15
0
1
5606
758
3156
0
294
19
0
3
56
1432
6
99
0
0
2
2551
0
8
13
0
0
229
2178
1
8
0
0
0
26
0
98
0
0
48
0
3
0
90
0
7
0
194
239
2
0
694
6
9
0
12154
21
6
706
7
49
311
54
0
675
789
14
1
294
0
2
0
0
68
0
1
10684
1276
1363
47
9
1
448
334
1
0
0
233
1
0
2
0
0
2
7
60
0
0
0
0
0
1
0
81
0
10
1
3
7
246
2631
0
5
0
0
1
0
31
12
3119
0
220
995
0
1
318
7
698
1
37
18035
1596
1199
3723
756
912
9
6
459
0
522
386
621
0
0
2
0
16
2234
0
0
35
8
1
29
0
404
0
49
0
52
0
0
0
1
0
1
377
0
22
157
0
1
3
1
370
982
0
52
2
21
82
0
0
1
30
3
319
3
1349
133
1
4
4
947
2639
6
0
3
0
73
0
0
1101
2
0
0
0
0
0
0
0
32
1102
1
14432
0
0
0
1
9198
5
0
0
0
0
0
1
337
112
55
3701
0
38
0
0
3
3
72
0
6
233
2
872
758
10
448
304
17
1
3694
10
0
4
3
503
0
2
1
9
0
9
0
1
5
0
0
2526
0
62
60
0
0
0
0
0
22674
7
6
2
0
1
653
39
5
0
0
0
6
1
1
82
0
661
0
512
3287
0
1
0
0
1
0
84
2
0
4
0
4
0
0
28
2
0
8
18
0
0
83
27
2
537
64
3
110
0
9527
4147
0
0
1866
2
177
4380
8
10869
34
1
0
4
1
0
0
0
2
43
14
0
12930
17
6
197
0
0
3
0
1
225
0
35
0
1232
0
1
8
0
1
7
2
0
0
1
2
8
133
73
346
0
1
0
1
2
1162
1
628
88
1282
10327
9
0
0
0
2724
0
1
0
0
67
5
579
967
3851
199
1178
20018
1
10
2
39
0
1
17
1
0
3
2
2
32
587
0
9
1
0
284
0
0
797
0
3
0
25
106
81
3
0
0
2
119
12
0
3
20
1
10
1992
0
89
1301
750
24
0
1
0
4840
0
742
12
22
5
5242
0
23
0
25
7
0
9
2350
14
2489
820
68
0
54
2
19
0
1
1
0
1
0
2
0
2
0
0
0
0
20
0
117
214
2
0
1
0
0
2
47
199
274
330
44
0
287
48
28
3058
10
2288
5
2084
325
193
0
2692
2
1145
3
127
3430
11
52
706
0
0
0
92
2
0
1119
2
242
41
0
10523
0
7
5473
2
0
0
0
12
4074
1
0
3895
1
0
0
0
1
0
2
201
0
1575
0
0
0
0
0
2
0
24
1
1674
0
1042
10
2
78
6
111
23
5
2
228
3183
0
4061
2
1
238
54
0
1277
0
0
0
473
1
1
0
0
3
435
2659
38
4
0
0
2909
0
0
17
0
2894
0
0
0
373
0
0
12
25
94
0
9
2
6
7
3
268
259
32
7251
4
0
138
6
6127
0
75
6503
0
0
11
1
113
184
13
9
4442
13
39704
2
0
0
7146
0
5
569
3
0
0
0
5
4
878
0
0
127
5
4
0
3
4
8
0
38
11
0
2
0
4
22
617
0
1
2
2
1
151
31
7
0
0
13
0
5
1
1
2
2007
0
20
1
1212
4
18
11470
21
25
47
13
9248
2
0
251
740
0
254
2307
94
5109
0
0
28
0
0
65
0
0
0
0
1
1
1
0
2
0
2
0
0
0
1
31
0
0
0
0
0
239
14
0
2
22
0
1
1
0
10
1
0
0
207
3
0
208
9
59
10
674
9
684
1
1042
70
0
724
945
870
19
0
1
2
0
0
2
102
0
0
0
0
154
113
0
0
0
0
1
0
0
0
7
2
1
32
2
0
1
20
77
0
84
0
0
1
2688
0
2798
101
159
46
0
135
1
4464
0
9
135
1
16
0
72
4
0
0
343
68
4
9
120
0
2
0
82
0
40
0
120
2
154
1
0
60
0
0
21
215
845
134
25
0
8
5
93
0
512
1
2
2
0
0
195
0
1
0
47
0
444
4363
172
2
30
41
0
2
0
2
315
0
4683
0
0
2
310
17
9
98
0
2
0
666
0
215
1
66
140
0
110
70
0
2
0
0
2
0
0
55
0
3
5235
0
28
0
0
0
1
9
0
0
0
7
0
0
0
0
0
637
0
0
6
319
0
70
3
25
0
9
1
1
225
0
0
1613
0
0
1
0
1
205
10
983
35
0
0
6
0
0
4004
0
903
2111
986
0
315
0
2
0
29
0
0
1959
0
0
2
4
0
3444
31
19
8
1
238
145
971
0
8
0
0
1
809
820
2
0
153
0
0
0
148
0
0
3
5
1174
0
59
15085
0
1
2
476
12
235
395
30
75
2669
9966
0
89
1
4
0
2
0
1261
0
0
1
0
0
0
0
2908
439
116
0
932
1
3
13
16
24
0
0
0
7
0
1
351
0
0
18
0
0
0
6
0
30
0
1
0
0
0
0
333
1
0
0
2
138
38
219
29
0
0
1
65
51
212
16
79
0
0
1
217
0
0
104
19
0
0
0
0
0
726
4
262
0
2
3855
7964
0
0
0
2
541
1584
0
0
5
1
99
1
55
0
0
312
2
2
444
0
0
0
0
4
1
128
105
0
765
3861
0
78
24
34
3
0
0
147
7
8
18
10
77
5
0
22
1
26
0
0
0
514
15
0
0
0
0
65
0
2423
49
5
0
0
0
0
0
15
398
135
29
0
9
5891
2
36
135
3
0
1
31
2
1111
0
0
0
4145
1023
15
8
0
1
0
1
0
968
36
1323
15
48
4
0
10
0
3
0
3
8
687
26757
7631
320
8294
18934
185
3958
13080
4238
185
19134
4220
38410
12859
591
30
7058
12855
73
26866
87
38
13214
217
18960
0
21876
5104
12859
1887
6124
19255
169
4191
26757
274
854
6846
147
530
38
8706
87
16
16
1887
1769
10235
390
390
16138
1621
67
241
17524
169
314
440
440
11207
0
0
621
7977
5691
1
22837
671
2965
2194
48557
11
12
2233
32
34014
28
29
39
1057
11
1
34
0
2810
56
5
844
317
91
3
60
2636
40
116
13
339
1
218
797
6
89
3320
727
35245
27408
224
18167
18167
40
8933
5244
142
142
62
5
4358
10343
597
1234
48
595
595
13
91
826
1332
116
27
5881
0
5
12
7536
43
2
2240
14
2430
24094
0
32
1175
83
8
0
2470
1
707
80
60
51
3
2
4
77
6
8344
858
17
179
373
0
720
127
3511
7789
0
28
8
35
427
427
1557
501
127
123
17036
1657
19
3
6012
53
515
7181
1
1
2
8107
10
5357
70
49
15
88
190
3647
23
2270
48
6105
15667
158
1
277
0
2929
3
3295
1
0
8581
650
0
1
1614
8683
159
1028
13
217
14
197
0
1
0
7112
3
5760
1
4
0
0
45
18
3
3
11
59
28
9
80
67
240
2972
44
3
0
0
8
8
0
4
14281
2
4
49
158
7474
1
5
16
151
30
1
10
24
326
8
10
168
1
4
1477
192
0
6408
1
482
1
2
0
14
12517
103
3019
0
7146
97
475
3307
6
172
185
495
0
0
898
4
5
5
1787
0
2143
94
3
0
0
29
0
7
0
4
497
73
108
13
5
5
773
0
0
3092
0
79
2
34
10
0
3910
0
15
0
0
1754
24
2247
27
0
222
0
4109
4
0
68
11
3
0
5
107
474
7
105
7
59
3
14
2
3
1670
60
0
0
585
6841
1
8
12989
44
4
10
40
121
0
561
57
497
12
18
3357
17057
183
7688
7
0
0
14
16
1
0
1458
714
4
1
0
1
7
0
23
18429
20
551
0
1
19
0
452
45
2
2
112
0
44
0
0
0
0
0
1
1
11511
464
0
15
76
5572
0
179
3
0
854
4171
17
19572
130
731
1
5289
10
752
0
6475
853
3
458
0
17
816
0
0
1
413
269
22
14
7
2577
1
8
102
10
2
0
254
3205
80
2381
429
243
1314
6
2
13610
0
2
6629
102
0
0
1
12439
0
0
10041
326
93
814
33
1
1
1704
174
360
436
55
0
18
18
51
0
0
86
3
51
4
245
1
973
3
40
1
0
1
0
0
193
11124
0
302
7
1
27
10
5
2493
262
11
4084
0
229
1
532
8
36
1
121
7
47
111
0
1
10137
0
212
45
1
4
0
639
688
556
2
0
656
626
691
0
2
843
17
27892
0
472
88
21
0
6072
5
74
3
1
389
0
0
2
1
6199
149
0
1004
324
0
1
0
8
142
2
6
1
5761
1
1090
2
17
0
7
14083
458
31
34
111
9
1
6
101
229
0
0
0
0
4
58
4
3035
0
0
578
58
51
0
36
407
0
0
18
1165
2875
53
0
5
75
6
12
0
0
430
53
5544
1
8345
2096
0
0
1927
0
2894
0
0
0
833
392
0
2942
20
0
20
1
6610
476
98
20
8
0
135
33
324
5109
2665
12
15
379
120
0
0
2220
0
48
19
391
0
0
443
4
0
0
2
0
0
3
52
0
3
6
420
17
8
200
65
34
24
1
0
2
462
1
76
0
2
3
31
29
117
38
0
521
1
3208
0
0
6
2
0
20
0
92
1
59
76
14
201
0
3366
61
1
0
2
0
3184
2405
0
0
0
48
0
31
56
0
0
0
804
0
259
6
860
0
1
1
96
18
17
0
1289
813
2
42
1
35
31
11
0
0
1322
3
76
1
0
7
116
1000
238
6
285
9
5
9
0
0
6309
0
12
15
14
0
0
37
2
0
1
0
1
0
28
38
0
125
253
2824
39
36
25
0
19
0
2
279
69
18023
0
0
1289
19
542
14
53
9343
2
0
11
8
4
0
3
0
1
4
1
118
4
0
0
0
2
9
0
21
0
738
60
1
1
0
4
0
394
6
0
3
11543
0
0
3395
0
0
0
30
0
3
47
1215
0
80
31
1
2
1508
37
1
50
0
1
2
100
41
19
540
3
8
5227
16
0
2512
15258
1045
2
0
0
1
3868
25
0
788
76
0
13208
10
0
1
0
0
207
6739
0
194
0
1
5
0
0
10
30146
2065
2178
0
29
0
0
0
5
70
7469
34
107
121
1
4
1
581
122
831
8378
27
0
1122
1344
0
0
63
2
12
91
1741
27
2
39
203
60
0
3
0
0
52
2
0
0
0
14
0
162
0
5
0
1
1372
3
0
0
867
0
1
0
9
1
7
4
381
4
0
39
0
47
0
11
80
6
619
0
1161
37
3318
0
8523
1007
4
18
0
0
33
11
882
0
2
0
0
1132
1
241
320
1191
8000
3
1
32
20
1
2532
109
0
0
1
16992
312
40
3
0
3
0
0
0
0
0
3
18655
0
39371
25
349
0
1
2
1
26
559
59
27
0
149
0
0
1756
3
3
26
4
0
0
122
3
0
278
0
0
0
1254
0
58
1991
0
183
252
4
12
1
4
5
2
2
25
592
1
2552
0
18
0
7
368
3
1927
17
0
0
2229
1616
0
0
0
28
0
1500
0
0
10
8035
98
0
43
63
0
2019
2136
0
617
947
5
0
0
44
172
0
15
1
4
133
363
0
0
0
0
26
397
5
7217
63
42
34
6
2024
13
1138
258
5
4
1229
18
0
1
18
1
2911
0
355
0
0
0
96
2
390
0
7096
24
1
2638
0
10
0
18
43
0
0
414
0
17
0
0
617
472
4
27
7
20
4
0
1
0
1
266
0
877
79
0
2068
0
0
18
0
468
0
3335
2
105
309
4247
68
6
2
15348
0
0
182
31
1
92
343
1
3
0
4937
16
817
848
29
0
0
8
893
140
2679
0
1102
0
15
2
17
16
16
0
1
0
157
0
0
0
17
4628
60
10
23
582
9194
5484
0
549
451
4
0
0
32
443
0
3
87
16
139
236
30
0
35
8
205
2
15
0
0
0
2745
33
51
0
0
0
61
1
1
21
24
75
54
1
0
10
21
0
7
931
0
0
0
0
9967
9
2
0
13465
0
1
3305
5
2037
3
68
42
1092
0
0
270
481
2
1350
990
4
1
2
494
13
125
0
40
33
322
0
9
5
0
0
30
3437
2
0
1
3
2
185
41
12
0
0
2
30
1
2
16
0
1777
0
0
0
64
508
0
0
2252
7790
59
3937
9155
0
0
3635
0
0
0
1
99
9
0
1
367
260
1
12
2390
1
5
39
0
0
1696
6822
5
107
1
35
48
0
142
280
0
1
0
1823
951
67
99
1
17
3
0
0
0
33
217
0
0
1
43
45
0
0
4
16
0
44
0
48
45
177
0
95
0
7
21
3
1
344
3232
8
1853
850
1
0
0
324
9
0
4
5178
36
19559
735
2774
2
21
108
74
2
554
4
24162
429
6774
8
8
1
586
0
21
1
0
13
0
0
335
0
0
5
1703
1
9
4
3
36
128
19
6587
0
174
25
0
5
8
1
0
31
0
4872
1
181
603
0
116
0
0
9
119
0
0
6
320
1
0
2
4
82
0
16
46
9
14
50
15
6
7
1
45
2
30
1
0
0
1
1542
246
0
4
0
1147
31
11
2
5
1
0
1
0
5
3
17
49
0
0
34
0
0
0
6357
1
4
0
3
0
0
125
2
0
0
0
55
0
201
0
44
0
663
9241
5
0
438
0
29
0
1618
112
627
3
10428
1
0
1
1
0
18
1742
280
0
0
21
333
2
27
11
212
0
2
6
20
19
39
23
318
150
9
70
0
6018
3981
0
12504
1
1
8844
0
0
47
0
1
7
11
0
96
18
22113
0
10
28
899
0
2
3100
33
99
37
0
15981
0
5
6
11
1
0
21
0
0
0
1
10
233
0
4
0
0
0
9
851
0
0
17002
0
10
5
47
0
42
0
340
2
3
617
28
4
42
0
2
374
16
0
0
0
22
5492
0
3
298
3
7
0
6
0
479
0
0
0
1
53
7
0
367
21
0
0
33
128
9308
0
30
47
0
1106
87
2
0
2
132
1
2
5
3
0
0
76
183
1
3
178
143
12949
6
0
0
0
20
3
0
0
0
815
38
0
0
193
15
0
64
13
165
1
1
0
0
1
13
10
2
5472
4045
3002
9
0
0
3
82
0
492
2431
0
85
170
0
0
15
2
7
1199
1
1291
4
0
0
0
5713
1
4
2
0
0
0
0
85
1
1222
0
22
0
0
0
2
167
0
0
32
754
0
10587
4
0
10704
1
1
0
0
1644
4
133
2654
88
91
270
110
3
186
0
20
913
0
1849
0
122
0
0
41
1
910
0
4372
0
0
188
47
0
1
33
0
18
0
0
1297
2
147
646
0
0
1
1
0
1072
11
38
93
0
674
0
2840
24
0
5
0
2
1875
60
0
0
48
0
1
1
1
4
4
15273
0
9
10
0
5
194
0
274
0
0
0
0
0
55
977
8
0
0
23
856
0
1921
69
387
30
6
686
454
114
0
47
1
3
0
0
1614
0
3
2
3
39
1
1
0
335
6
1
9
1
0
2
1073
7317
107
1
4822
2
1491
1
7
12
21
1219
314
605
0
287
0
0
17
1
32
0
17
1
0
0
0
29
151
3391
0
2034
14613
39
0
0
0
0
1
135
4375
5
0
2
809
0
4
3
3
0
12
2
18
1
1
71
1773
20600
1878
5
1
34
670
0
0
14
4
0
3
15
328
29
67
263
56
95
0
5181
3
44
0
2883
475
87
0
81
156
0
0
683
0
0
2286
284
0
2
426
0
0
0
38204
12859
13700
12936
320
6204
169
13080
38
185
638
1646
3473
27393
42588
198
11547
412
5958
38
1621
0
5104
0
4864
100
4238
31119
1769
38
19134
119
18424
22851
4066
46273
30988
4191
1060
2095
4220
218
376
1890
2595
6944
4769
13080
994
13405
994
0
4238
22031
4220
38
5606
49606
13902
73
16426
5195
408
26757
0
7020
50
0
20
56
3864
130
368
2233
4437
83
276
11169
1
232
879
1702
25274
347
5
2886
202
10
10594
12410
625
0
378
54
32
718
5
12979
42
1
48
7713
2313
216
10633
179
755
312
753
2
304
3
35
7576
16
826
59
4
10633
7
5
1
139
51
824
11896
69
19
168
21
0
28631
2
490
2
13742
181
8
8
0
1880
9
6698
1264
2653
29631
87
4
19
2281
3801
13794
2714
1185
1614
1
211
4683
12
5914
6702
0
69
168
1910
0
3
2
0
27
45
7558
710
41
8
11
0
12
0
28
561
8660
0
25
0
4
3081
0
145
68
6
2610
6
10
381
3
31
226
0
72
3221
1258
24
1
19
432
14
2051
473
572
62
1
5407
3608
54
1014
0
1256
15
352
1288
1
47
367
0
12897
0
8
41
14628
740
4
2368
386
0
0
0
2050
2
64
279
21
18280
15250
4508
3580
340
261
0
98
106
379
12
169
6
5
3
3
2
6
27
0
0
112
57
0
1
169
148
0
177
128
528
102
446
140
1
0
5
67
519
0
18
0
146
6
2738
278
9000
11
48
10564
83
1
1
0
388
24
397
5
4
580
0
0
1
69
2374
5
373
62
24
9
923
6509
1596
0
3
21
0
0
52
0
1448
73
18
77
203
0
368
2462
231
0
2976
31
0
4
98
26
353
3
1
14008
1716
2
84
84
4548
0
3084
14
1
87
2
0
1
3
18
941
248
13827
84
0
3
26
5
7
0
26
3150
0
3
255
2
97
1
142
1381
15
5718
1510
11513
1174
0
14
2290
8
30
0
0
82
3
1229
4
719
2
0
192
0
0
0
9638
1
209
471
95
2251
1
4
73
1213
158
0
2
4
0
23398
24
5
57
2
2059
3
185
381
190
2
2
1
347
7
1353
0
1
0
274
47
1
0
1
0
309
0
2055
76
6983
12
0
7946
0
5
3
1
1051
0
0
103
5
1
1
2
2
5641
124
2
302
2
28
14
0
1
320
1506
0
22
162
730
2
30
0
28
0
42
17
0
6
1992
2
1
2
110
1
0
0
219
840
7547
3
5
0
1
2574
95
1605
26
11
12
167
333
4
4
3595
8
991
1
0
8
4
0
4366
882
0
0
1020
12
8
186
2
128
139
5
242
2
0
2
157
6
8
29
0
7590
15013
38
17
1
20
18600
511
2
0
0
5
1
0
0
0
6
6
8
174
7
494
6
2
0
0
664
3
2799
4
7136
1
1
5
66
10704
6534
1065
0
10
3
5
0
0
761
0
866
34
3803
10
4159
1
0
0
79
2
0
0
0
3
11
926
14
310
2
2
25037
1
27
70
13
1
0
0
0
0
9
7
12688
2
670
106
205
2
12
1
0
126
9791
0
0
0
1
617
3
0
0
6
4
1858
1160
381
13
144
10
0
0
0
1684
0
0
3468
1
1
41
36
1423
0
1428
3
0
2514
3
4
259
0
0
0
3
1
359
6
1
72
72
0
879
1
0
34
53
0
9
274
3829
0
5
11
0
1786
9
186
1
1622
1
0
0
0
41
636
0
2
675
35
18
2
0
1
0
0
16084
0
0
1091
2
633
1
0
58
84
1
22
6
36
77
1215
0
43
0
0
2826
1
0
39
3
131
275
10
22
0
0
0
26
1
0
0
12
3
18
0
7
0
23
69
4
19450
5
0
0
7524
1850
38
49
0
0
84
0
50206
290
7
66
38
19
0
42
0
15
12574
252
0
167
4175
190
54
6211
0
0
126
0
1
0
0
0
205
171
0
0
6
650
0
0
0
1
2
2
47
0
0
380
4
1
0
24
0
1
1516
1
2
0
59
22
7
0
170
6300
28
0
10
25
0
13
0
0
1
105
3637
0
0
0
482
58
2
581
3
0
3
1
0
87
9
9
1651
35
0
9
2
4
1
38
300
10
4695
13
5
2
2
15
0
15
0
87
7728
0
33
185
669
2668
0
0
3969
0
0
874
1
266
0
2
0
1577
42
1
94
4
503
1
1602
8
100
4528
0
7556
13
0
0
3
0
1368
6
13713
7
0
11
1325
0
19
0
1
0
0
2
1
16
9
2
6658
0
3
10
45
1
0
0
682
391
3
0
0
13
0
51
3
2846
0
0
6
0
0
5
5
4
11
6
1
7
0
1
10
308
1
185
0
0
1
0
257
0
0
0
0
267
1
0
3186
35
158
0
7
4
4
0
21
0
196
0
0
2
24
21
0
25
744
0
39
1794
32
1490
4
9
28
79
0
3
0
309
6
31
0
0
2
49
510
4
1
16
57
58
0
102
0
5
0
330
0
0
6406
0
0
1396
236
1
0
0
2
1
0
12918
0
1
1
1
5
133
90
0
0
39
2188
35
499
0
30
1402
7310
1
1206
0
0
6
0
1822
0
410
217
88
55
2
4
97
223
804
3512
141
0
10378
1628
0
1
0
0
0
1
1
1844
254
4
0
0
5471
3
1
9
1
6
1850
302
0
2
0
73
2581
27
1
0
3
103
105
3
7
126
0
1329
3
0
41
247
358
0
1
1
3
379
0
1
2
0
1
2
16
0
1
22
137
0
1628
54
4787
10
581
9
740
2
0
1
1
1
0
56
0
0
963
7
22
0
0
1
218
0
1736
0
34
489
0
0
2
128
0
2
1
26
9
113
8
347
0
0
78
3
1384
0
0
58
1451
11
0
2
1
0
8308
1
9
2897
1293
4
730
1
124
0
2
33
55
1
11
0
1
22
403
1
0
0
990
562
4
4
547
2
0
248
14
0
122
1
4
0
221
0
1096
3
131
86
0
0
12
0
10
89
4
23
1
0
1
4
0
0
0
37
4
0
8
3
97
2
0
1
20
34
0
10
48
28
8
1096
104
0
0
12
87
0
10
63
397
1
0
105
0
0
9
10
0
271
76
477
65
0
2
1
3226
0
93
6
567
3401
30
0
10
5
1
0
1
0
0
2
0
2
5
0
0
0
94
8
138
17
10
0
3
91
3
316
0
1
0
1
6
461
1
357
166
12
136
17
296
350
3
2
1
0
231
0
1
0
3
3
15
1
2
11
82
61
0
0
1
0
0
45
2
2695
0
7
2
1
2
1
53
0
1
1
7
12
27
722
0
0
0
4
1
2743
0
0
632
58
306
0
2
37
8
0
0
6
0
2
0
0
97
0
16
0
21
0
418
668
379
5
0
0
19
26
1
120
1
11
0
126
2635
3
100
67
616
0
1504
3
0
0
8
925
162
1
0
2
1
1
24
0
4
147
3
2
6330
0
1
0
2
0
12
0
5
1
87
0
3
0
1445
4
6
4
70
3298
866
17
1
357
2
6830
0
2
346
2
10
3
27
2
0
0
1
1023
134
20
3
71
0
0
34
28
19
280
42
0
0
1
0
1
0
127
0
2
28
60
4
0
849
0
0
5
1
8
17741
0
3
630
0
0
3
0
20
225
1127
0
38
2
1228
9
1
1
5
0
6
25
36
72
766
15
26
113
536
618
1
11
226
1
0
0
0
4348
0
0
0
0
8063
0
12
2
31
3834
0
24
0
1384
0
2
0
514
1
2
0
6
142
5
3961
0
5
140
853
2
0
19
0
1
95
75
32
267
1
186
121
7
3
1004
1
1
0
0
0
67
2
2
57
71
0
0
0
8
0
9
22
1015
3
1
395
0
298
16
3390
2231
7659
0
6431
12
202
28
1
3
0
6353
0
0
1
184
0
62
0
0
0
1
812
29
0
10831
49
97
0
4
240
0
1161
284
0
4
0
201
3
15
0
151
0
0
0
0
1
83
1
18
63
0
0
52
1
0
0
24
0
202
15
0
470
0
13
6607
2
0
0
25
0
1
0
3
0
156
3
13
2
1034
0
11
2
1
1
0
0
880
0
5
7167
0
48
0
0
5303
0
66
2325
7
22
0
221
3
3
712
7
1
239
0
0
0
0
0
9
1
13180
0
643
167
1
0
79
0
148
14
115
0
179
1
0
0
1
0
0
1
10
5
4
7
0
0
0
0
0
0
0
5
100
182
33
12
35
684
97
0
1252
0
0
45
0
120
6
0
0
1
1
26
0
0
0
0
0
0
5
31
5
0
214
328
186
0
1
1505
529
7
0
1
4
0
199
50
19
34
83
246
0
3
3
2
0
223
0
4
0
1
253
5
7
1
87
713
30
77
6356
3
329
12
3
2
0
2
2
139
47
7
1
1379
881
973
0
0
1322
0
166
1080
4
0
3
0
840
177
6
187
0
26
1
0
0
0
1
1
0
0
19
16
1
0
714
4253
19
32
0
0
356
114
3
22
1
0
14
0
2142
4
16
0
0
6
42
0
19
0
0
32
13
392
1
9
0
0
27
3606
0
0
0
277
28
0
3276
179
2
224
530
1
0
0
0
1
0
9
976
1
29
0
191
889
0
0
159
168
11
0
144
8
2
3
1
3
4
2
1748
0
0
0
0
111
224
0
3
0
6
0
601
15
128
23
10050
0
17
0
0
0
0
3
1447
1
1208
0
1395
7
1
1
0
3
30
0
0
0
416
0
85
15
120
32
10
5641
452
8
53
2
0
0
0
0
53
6
3704
264
1
0
50
1
0
11
2
6420
0
0
0
0
0
1
0
94
0
0
37
8827
2
1
0
5
1
0
4
3
0
149
5
0
6
5
17
0
3
0
1
0
0
1
0
11
0
47
2
1
187
3
2742
0
0
9191
71
38
147
7985
1104
5104
8099
1908
4298
5101
0
6
18567
15938
2226
1908
0
9612
31810
6
37910
12664
39765
44763
320
161
0
638
320
35885
14345
6805
230
12859
6
15663
4298
20106
5088
12859
3484
218
8318
4578
412
2691
77
15327
22953
3164
12859
12859
2398
0
2260
14837
2466
18496
6749
6026
0
54
1558
8
0
23
0
0
1981
34074
53
6
11936
594
826
2022
7032
77
713
12
606
8
0
4
3
71
385
759
8628
43
826
110
1411
84
16
1
2
25
36
183
11101
16
389
15
2852
25961
6115
181
6102
4
19
13
0
4
146
15
25618
3655
2007
6991
2385
16
10
49
2886
1996
1
1
1518
0
13
4621
7
6
30
43
28
6938
29
16
1
5924
206
0
7
11976
1458
4063
14
5
0
5
43
4269
4284
96
15
13044
3672
2069
2
144
6
104
6454
98
1
37
6283
4
277
0
59
480
28401
15732
837
7
376
4538
8387
2628
2216
0
12
230
12128
11263
741
703
22
1603
48
446
0
7664
261
1302
22847
59
6953
1783
0
1
53
50
1234
1
6
75
6
23227
12
465
32
0
1
0
5447
956
27
7766
8
0
849
4
74
1175
6
5763
31
124
2
0
623
2
24
35
9291
13
12841
29
757
26
0
14291
183
1164
348
71
0
0
22
1
0
8
442
5
63
10
3
4
45
22
329
23
6
0
0
50
5233
1795
1
4
424
616
0
11
17
15
3028
0
6923
3
1
2
2
226
75
0
7
40
0
0
101
0
76
208
0
498
853
8558
0
292
6
9232
0
2
123
0
131
57
102
235
1299
1095
53
6
1282
3
3
53
0
0
0
448
3
1
1
0
49
1
43
1
0
1367
1
552
3
2
8676
7
0
7
2
928
3
1
39
1
19
0
0
2
8924
0
7
2
4
1
1
584
300
512
59
29
3
3777
6
1521
3
0
6525
1
1
11
1
472
110
61
3
21109
201
128
924
129
664
2
104
1
3
0
10124
13
4052
0
482
16
19
50
4817
14
1020
26
24
20673
3
5
1
0
0
11
90
0
19
158
16
83
11476
8085
555
2465
0
3
0
443
80
0
108
791
2
36
0
0
2965
2710
2219
0
0
134
0
1561
336
1335
8436
197
17
1
47
1769
0
4433
8423
5
1
184
1949
3
0
348
0
27
9
2
585
2
0
0
13
2705
11
0
419
1467
0
2065
1
11
12030
509
302
0
405
231
10
250
714
136
2
29
158
0
0
4
5
0
12
23
1
6
0
559
37
117
23
3443
3084
1847
23
0
4247
0
0
0
124
0
8
160
0
341
17
526
1
0
0
18384
1247
345
3526
1
6
4
1
128
686
748
1
5828
17
27
2278
168
1
11
143
61
0
167
23
20
5137
801
1
5
15
20411
3
0
0
0
1
1
182
241
0
0
0
0
0
0
1
1
453
1
170
18289
699
138
4266
0
0
0
2
0
0
0
2
0
0
1362
3
222
14
960
24
808
0
2
7
0
2945
0
4623
3
4
0
406
1
0
8
2
9
0
81
307
0
1
0
2
574
1
8
27
81
6
1
205
503
39
399
120
0
2067
1738
0
0
15
60
680
36
0
0
127
1
982
1011
1
8
44
0
12816
853
121
234
95
65
465
9
5753
1
1
2
162
31
73
9324
2363
2
4
0
3
0
56
1
0
0
13
2
12
0
1
0
0
52
366
0
71
14
0
10
6
72
118
3
56
12
432
17
9
0
17
0
53
178
113
0
8
0
81
276
809
0
2566
0
4
1
531
0
1
0
7
3
256
12
25
10055
0
1
1
27
170
1
21
27
1
1658
751
54
1
29
577
12
46
3
0
473
383
0
0
793
480
0
0
596
1
0
198
0
0
0
1
1
0
0
0
0
0
6
6664
0
809
16
5
1
0
1
10
0
1022
7
327
357
3
12
1
38
22
0
0
1445
23
27
28
48
244
0
20066
4
92
4
68
40
1
0
54
1
15350
606
26
1
22
0
652
13
19
1
9
3
1
0
544
0
0
7
0
955
397
0
205
0
1117
0
3
16
3986
0
0
6022
2812
240
26
1
8
505
9
1
24
399
104
109
0
0
1
2
3804
0
0
1
11
0
1702
16
0
0
7
0
878
68
1
4
0
0
252
218
125
0
0
6
11
267
0
4
1
0
770
0
1
1
0
14
15
10
43
884
0
2
151
1
4
0
16
140
1
1
0
2
2
16
14555
6
7
6
1
0
0
1
0
959
1
166
0
9
1
12328
10
1240
217
1
1
0
13
3
5
1
12276
35
4
1
16
14
10
0
2
0
20
203
0
0
10
511
0
0
1
2
18
29
7909
0
3
1
0
170
11
4855
445
1
106
1
0
14
0
218
415
4
831
1
630
1
4
63
137
3
3
1
0
1
6
5060
0
1657
231
3
1
2496
75
1
14
920
0
2
2
0
2
2
85
4
0
13
8
61
45
0
177
0
19
0
0
0
1
250
9
0
8
2
0
0
5910
640
124
0
1796
531
17
25329
2
1
647
1
18
14
0
0
0
0
0
0
0
2
0
0
1
16
371
327
1338
38
181
91
3
7
3198
3
9
1
0
4
1
0
0
3
0
0
0
2367
78
139
31
504
17
0
361
14
0
259
218
0
2
11903
6264
0
0
3
0
12
22
2
0
1
694
1
39
9099
1
0
0
1
1
0
1791
6
917
25
2
0
1
5
1
1
0
0
0
0
4042
6
155
0
1
0
122
83
0
1
1
1
1
18
85
0
839
7
1
0
52
0
47
0
0
5
208
0
1387
775
809
23727
11
8
33
553
0
114
10
1
0
2
0
6539
0
0
835
0
33
3
0
6
111
0
1373
0
5
0
0
1378
0
1
1
3
2
4
7
56
4
1
1
0
3
0
1
2
0
74
382
1
74
0
6
0
0
0
93
147
1
0
2
563
743
17
45
9
0
0
0
42
66
0
0
14676
0
9160
2
1
13568
0
0
74
0
3
1
1
1
0
145
178
1
1
9
0
0
16299
1233
0
5
10
1
0
724
1596
0
89
0
6
1
5
1
0
0
44
110
87
4
0
2
0
0
66
0
1
4
183
1
2
58
107
0
1
0
0
7
77
14
0
1
0
0
0
9
3796
1
390
4238
5819
0
32
20
0
1
16
0
20
1
1
398
2769
7
1420
646
183
1
2
0
381
0
14
0
0
68
112
0
0
0
382
438
252
0
2
0
19
0
2140
606
0
59
23
0
40
0
0
0
1
145
65
1
1
0
1299
0
11
1
0
38
4262
5
0
2
18
8
2
125
74
45
0
0
65
3641
33
0
0
1
890
1
3
0
2
2
0
1
16
8
3
26
19
491
735
1
12
3
13
0
0
0
9003
1
7
0
71
2
12
0
6
0
15
11
2
0
5
0
57
0
0
0
0
31
42
216
27
74
0
163
123
11
2450
1
1
0
0
213
0
1
0
66
2
2311
1
0
6
226
2
0
231
9
0
10
4
359
3
1
2
0
0
5
3
1
84
0
0
0
0
0
0
0
0
13
242
8
90
20
3
0
2
7
2
4
0
3
600
0
2
14595
0
2
0
2
0
0
1
1
0
9632
12
216
30
564
2
0
1
5
2
0
0
829
104
0
148
216
0
0
60
1
14
127
422
0
6
0
6
0
1
0
0
56
1
0
2
0
402
685
137
102
0
1353
0
8654
4
5
42
1
26
104
96
6
1
1
419
0
4
1
2
0
1
1
0
20
8
17
3
83
0
0
1
0
1
40
1
5
585
2445
0
1
2
0
0
42
0
29
1
130
17
0
53
5
0
34
1
0
0
1
0
0
1548
0
20
0
2
1
0
21
0
0
5
0
2
180
1782
31
9
142
0
0
20
0
1
2666
14
1
0
17
0
9
75
31
92
58
0
0
274
3
0
0
13
1932
2
0
6982
13
4
1230
0
0
0
0
32
138
0
0
0
35
0
32
1149
220
0
2726
0
4
522
8
12
0
50223
5
0
0
0
3
3
0
0
0
1
1
14247
0
0
1
167
0
1
189
5
2
0
38
48
8
2443
0
1034
0
153
10
22
343
2
2
0
0
25
34
0
0
122
381
15
21
2
6141
0
2
1
33
23
0
1
2286
0
0
2
1
96
24
8
2050
88
2
0
0
341
941
1
8
0
1
0
0
134
12
0
68
5
15
2
3
0
6
0
0
12
0
15
0
28
0
0
1
10
122
1
0
2
45
25
19
5
0
2
4114
2709
0
0
1383
0
15
0
125
18
0
0
0
0
0
0
27
0
7
0
0
212
1
0
8
0
36
0
10323
29
1
337
1
8
4
0
0
5
0
225
1384
32
1
258
0
6669
25
168
3
3500
0
0
3240
0
4
0
0
21
1
0
196
1
0
6386
8
163
51
0
1
0
22
26
3
102
0
0
0
653
0
0
1
13
39
11
12
0
0
315
0
0
0
3817
0
0
293
0
2
0
18
15
1629
1
3
22
0
1
22688
2694
68
21
2
0
43
82
0
4
36
0
131
3
94
1
1
30
1
0
228
8
0
0
0
180
309
0
0
234
3
0
0
1
0
1
0
0
18
22
41
1787
1000
6
0
0
1
104
17
0
0
0
7
0
1
3
1
2
4
12
2
4
0
49
52
374
2
1
1
2223
0
20
8
0
0
0
23
175
1081
67
0
113
1
1
2
3
30
8
0
0
0
0
0
0
7
0
0
0
7
0
0
16
1
9
8
1
6
9811
1
1560
113
0
164
3
26
510
3
5
1
0
12
0
1
0
236
0
0
5371
27
4
65
9
53
1
57
0
13
662
0
27
0
5
12
400
380
16
94
0
1
746
1075
2
221
771
1041
13
4
0
13
0
4
92
67
0
0
2
3983
16546
390
12859
4220
1753
47
20675
5841
283
132
14024
163
1887
6702
10415
5104
41033
22857
185
1573
190
578
14095
351
21236
4837
20
11824
25832
23105
30
2485
39207
14775
1621
1009
48
48
48
8025
55
28
12480
0
13772
1377
26757
0
6136
5104
13095
8102
0
13160
75
839
1035
1612
1612
3912
29009
12859
114
5121
5
142
43
433
3187
22
6804
0
0
8799
495
846
40
0
46
15634
11
180
2233
5
28760
2010
340
15550
12
1
703
0
0
22
2
1662
1
11230
5
308
7
1299
11427
37
6
23968
21
1940
320
87
18
1940
2
0
11
15
1940
81
0
57
418
11
11
25882
6
2341
1146
59
943
1263
702
1957
257
799
248
9
0
58
1819
80
1449
3756
0
79
0
2860
533
0
43
9
656
3
223
10
1
2
1
2436
4059
339
7216
6
19
2
1037
16
1
25
4
28330
10
2927
0
5611
6061
4420
5
333
1
12620
3187
1
111
0
0
0
0
96
86
28
2478
298
284
2
316
3
103
798
2576
0
1047
424
634
2
5567
0
12144
3710
3
895
1993
11
764
31
923
2
5504
0
1
4688
22
1867
2
1023
2
2403
16838
63
318
6
848
33
793
20099
2
3
7
163
45
2
3
4701
11
0
5
4
656
1
0
0
0
1
2097
3
1
89
16
37
3002
199
335
9
53
54
7637
1
522
0
9
0
2925
1459
20
116
4
507
551
31535
119
0
3
1088
1061
8
3642
600
197
0
1274
0
11
0
0
5
732
14
3830
0
1
2431
0
2720
3
7
14726
4
6
234
1881
0
139
90
135
0
0
120
4
12
6
0
0
1
25
0
0
69
0
287
3
6
0
0
0
25
1
2
112
6671
0
1465
2123
25
635
111
3
116
7
0
73
8
2006
0
1707
14599
0
125
336
7
0
1
15291
399
1
17
8628
0
0
2597
0
1897
4
7241
0
13
0
34
0
0
38
786
3307
1
32
0
1423
1
0
4
0
18
0
776
124
249
95
0
292
4177
42
27
12
21
10
0
4
0
3
0
22
10
0
97
0
955
627
4
0
9
1940
1
354
490
79
1
0
383
0
83
0
151
10911
8
424
311
25
11
88
7
1
0
6
0
1227
27
1
411
1570
122
877
0
5
0
4
172
22
5
5361
58
1
0
0
0
4
2
261
2
0
858
634
4
70
0
0
214
7873
263
59
5
10
127
0
11
51
0
0
0
0
1
113
0
5
0
617
3170
0
171
202
15
10
829
634
2
256
2
0
50
0
2338
0
1
213
27225
2
10
14
3
3097
49583
1
834
0
80
0
2168
3
0
504
0
16
3076
582
0
4
1637
353
316
0
1286
9
849
35
31
341
0
24
9
0
0
16806
6
132
1097
5728
9
45
0
6218
0
321
0
32
5863
3
9
2082
4980
9
545
11
1474
4973
14
2
1
0
1423
30
5167
177
3
3
17118
0
115
2
0
2
59
2302
0
22
0
1
0
1
0
0
2
1
206
120
15
132
0
773
8
0
0
500
3
0
2597
10
4
6
2
357
674
15136
750
15
1586
170
0
2897
46
3
0
0
0
1
3
0
0
9514
0
0
15
0
0
1804
0
290
1241
14
3729
1
10
0
0
0
327
16
1040
69
31
0
62
1450
9840
1
0
746
137
16704
0
674
34
1
12
0
8
1
0
19744
7651
0
77
0
0
10
4
0
204
2816
0
65
640
9
13
5
5
4
626
0
0
0
523
94
31677
1
4621
179
95
2
0
13
919
4
27
91
2299
211
725
1
1
1
1
4
30
9443
109
4
1
1
3
6
7
5
80
18
2
1
3
346
0
0
44
0
7
9285
457
95
5217
1741
100
687
0
225
0
3445
374
0
1
6
6
0
3100
0
0
0
0
49
311
537
8146
802
5
0
499
0
4
0
0
5555
65
0
10
0
37
3145
1
1
1
131
0
50
37
15
378
1283
164
3357
605
2
12
84
0
244
0
11
0
0
0
305
0
32
0
0
5
7156
0
0
2
0
0
1
0
1
0
2334
6
34
27
10
81
0
2779
2
15
2
0
112
0
0
3
0
0
6
684
1494
31
0
0
0
41
10
41
0
0
12
9
0
5
25
6
11
0
1629
0
605
0
8
0
0
68
97
0
0
62
2
2
0
20
0
0
0
6
2
23
0
0
5
10
1
456
2
0
0
0
0
70
0
28
921
2434
5
2505
25
157
0
19
194
6529
1626
1
1
0
0
0
33
16
26
6
1
0
0
1110
136
19
22
0
63
2664
0
1618
0
491
0
0
1191
1409
52
1
21
3663
0
0
342
1
2
14
4
1
1
1
2
1
0
5
2
0
15
141
1
9
0
3507
6
11
279
12
1
36
3
3
2
58
4
1
693
18
0
60
67
0
0
0
65
1
99
196
0
3094
6
6
4
1
150
327
279
33
331
12505
70
1660
1
9
0
5
0
0
6
0
1
1
1
28
504
344
1
19
1
1
0
1
2
0
61
0
337
0
4
0
9
63
2107
1
2
1
3823
0
0
3120
1
0
42
1
4
14
1
163
0
0
1408
27
43
0
3
0
0
0
68
3
0
292
4
1
19
3
1
0
11
1
27
0
0
0
7
5
8
0
0
0
5
0
6
111
7
3
0
213
0
2
0
0
15
0
165
3
0
0
13
0
15
1
1
1097
202
2
158
0
10
0
0
0
0
36
18
0
0
4
14
22
10
2
0
7
81
1
1
0
6
2
0
0
505
0
902
0
3
556
0
5
8
0
0
0
1
1
0
1
0
0
0
0
0
953
0
0
0
28
126
1
2665
0
1867
146
0
1422
0
1
0
55
0
8053
0
372
2
1
0
0
0
27
0
14
42
1065
30
1
33
0
1
49
442
0
8
1985
0
0
126
649
0
2598
5
22
2
0
0
426
0
1
11485
77
0
6
3990
1
0
0
0
0
1
3
0
81
738
0
5
45
0
12537
0
1
0
27
0
0
0
6
0
1
0
0
18
0
0
42
1
0
639
4
56
62
0
12
20
0
279
271
101
1
0
192
0
0
42
48
0
0
383
0
3
115
0
0
0
0
0
3
25
0
0
0
0
1
3
41
0
2
0
47
0
0
8
4
1
223
3561
0
12
106
781
4
0
7
1124
10
0
111
0
4
0
0
0
199
72
57
372
0
2
44
0
16
52
0
1718
95
2
0
13
8562
10
0
198
3
2547
0
0
0
504
1700
888
2
0
386
1
1
1
2124
16
0
1
0
18
6
3
1
3
94
149
104
338
41
0
3
0
0
1
1804
345
1
0
1772
1439
0
29
82
57
1219
5
437
5
871
0
1
3
289
2
0
1
11
0
304
0
0
1
0
0
400
0
1
0
0
757
11
249
0
2
63
35
24
3
0
0
3
5387
118
17
3
1
0
77
0
75
80
3
12
3701
7
1688
0
1
1
2
0
262
0
46
1
1
977
0
0
4
4
4
393
88
2
294
7
72
28
107
0
0
8
0
8
24
0
0
0
2557
1
0
12
72
0
0
51
0
415
41
0
39
0
3
0
315
1045
1
4279
2819
11
1
586
5
26
6
48
2207
1
88
3
0
41
0
96
188
153
4
0
0
1047
0
5
740
0
0
10
237
80
302
126
2
10
86
1
0
0
648
4
0
0
0
11
2524
37
58
0
72
0
0
5
0
0
1
0
1
0
2
0
27
0
0
881
2
0
2
4600
129
81
72
645
17
474
5081
0
0
1
23
205
593
9
1
37
79
11
536
0
40
800
1
16
28
5835
12
0
129
18
53
0
174
1072
0
5
2
0
47
916
0
2577
0
0
2026
0
1
0
0
0
0
0
218
1
0
246
1936
61
12
0
7
3095
0
15
1
348
270
11
1
1
6
0
1
44
17
10
320
1
10
1
373
112
27395
7
289
44
32
0
0
742
0
0
0
0
1
139
0
1440
0
17
98
221
0
2
0
3
0
0
110
0
0
0
9
0
0
0
0
0
46
7
2534
0
9
0
3
10
2
0
0
20
130
3
0
2
0
0
0
1
34
0
3
0
775
0
20
1
3126
178
0
37
1
1
2459
17
94
12
106
37
0
0
416
0
1
39
1
72
6
0
0
0
1
0
0
60
2
270
1
0
1
14
740
1
2
0
0
21
26
2
42
410
4
1
87
13
1
6
0
0
2
0
567
0
3
8
1989
1
0
95
204
0
0
42
0
0
0
54
8
0
0
0
1
1
0
1
0
0
2
0
6
0
9
0
131
0
26
10
0
0
0
39
2
22
987
1415
0
263
0
1
0
1353
10
183
0
0
5
1
1
51
0
0
950
1
164
3
0
1
20
0
1
0
3
3636
6467
25
92
0
1
0
0
1
1
0
0
393
112
0
0
821
35
2275
0
5
2065
837
0
0
0
132
5545
0
1
37
146
1
0
0
1
6
1
1
1
332
1
6
0
30
1
26
0
0
3
2
0
1408
809
139
12
1
0
1270
0
3
1
55
0
22
1
1782
1
23
1
0
1
0
0
0
0
0
0
131
8062
0
3
2491
0
1
484
2
1
77
54
209
109
282
3
0
256
23
72
0
0
1
17
0
27
0
5872
0
13658
15
0
24
18
2
0
0
476
2
2
530
2
1
23
0
33
20
0
122
173
0
0
1
2
0
113
5
4
84
0
70
157
0
93
0
7
644
118
104
187
5
744
12
0
0
1
0
10
11
0
0
0
325
0
1
0
0
4014
2066
1031
8
0
11
23
6
0
12
0
0
0
1
36
411
0
1616
188
466
859
8
0
8
0
0
5
90
0
0
0
0
0
0
0
273
4
0
0
704
52
0
329
0
0
37
0
0
4
2
0
27
0
2097
2
0
0
0
87
1
2391
2
1
0
3
2
0
0
2663
0
3184
13477
73
10550
5104
3566
12859
7735
2095
0
11112
11451
6
2095
9695
87
32054
0
2397
2028
5532
38
16
314
994
274
7095
12859
38
509
11
2938
4298
18725
603
6019
320
11451
12431
1243
2083
16851
1243
13600
16199
29009
8992
6
15324
8631
11819
320
3035
2095
17251
8411
0
994
320
147
34769
320
43728
992
47594
4
0
39
5
583
1542
0
5
834
34656
3407
36
0
88
2111
7
826
8
30153
16
974
8284
310
260
1382
291
43
974
3216
5229
788
298
4
5931
198
100
0
209
251
68
16
28
31
2513
1
0
36
18
4
2055
337
51
394
12
13
826
1
2850
0
1804
14
1016
5906
116
3
122
973
5581
0
41
240
0
122
157
924
3160
34
1
1980
3453
37
0
134
2649
47
165
12086
526
14
22
10
47
1773
7
52
5410
4
2
16
125
172
4
7
1730
1718
101
4113
14
103
4
2110
242
97
1895
0
21
7989
41
385
921
0
0
20
372
3
27
42
899
5
649
3
2
21176
26
0
50
1
0
0
0
0
0
3
1
26
16
11
1831
3678
39
175
2
0
11
63
1080
5
48
2
15
12
30
0
2
316
11
2
3118
13
3
382
1
38
6
0
83
14
1
0
2
1602
2648
19
126
342
3
289
6
7
0
7
1
0
3127
305
12
5655
1631
0
0
8
6777
0
9799
2
9
552
0
122
1
2121
0
2
10
2
1
9011
0
1
3
74
8212
20
29
0
10
0
501
6
18
4
2
0
229
0
93
135
1076
17
1
82
8
2
0
1
392
273
72
6
8
15
626
64
0
865
1
125
10469
8455
26
6
0
0
3
0
55
4
3
19
22
1
338
7
1
8
37
2903
759
7
23
323
1
0
4
349
6
10304
4
0
0
3605
6583
11
15
11
6586
4
67
1
62
99
14
1
34
0
70
0
30
316
2
0
1512
0
162
4
759
163
0
58
9302
7093
8
9
6
4552
3
31
8
825
5
5
34
59
0
2
39
0
0
7671
41
48
37
123
1115
26
1
9
0
0
0
1
0
0
32
31
36
10
81
0
5
0
0
0
19
0
15
0
1
19
0
25
314
0
1
46
3
6
0
8
17
114
0
7
7
10560
39
3430
6148
1
0
0
192
84
15562
124
2
0
0
0
70
214
2565
514
1
5
0
4
1
1
0
3
250
137
1
97
81
2
1
1
18
4
5
26
30
15
67
511
6
6
8
2
0
74
5
2597
0
0
0
0
126
28
1
16
2
6710
1
1971
3409
14047
41
17
0
6
0
0
7
11
47
1337
299
21
343
0
0
5
109
401
22
2
37
671
0
0
13409
2583
1
46
7
835
0
14
28
1334
166
90
114
2
10
587
610
21
655
1
6
88
3
6
2
0
1
0
14
3
2
60
2
0
86
115
0
1
17
9
114
2
0
1184
1
204
0
25
0
0
0
483
45
715
0
294
380
71
71
121
12
26
0
4
20
0
1
6
0
27
1
2
0
70
1
0
6
0
1
11
29
2144
28
3
81
2
676
490
3
7
22
1
0
7
1
0
2
46
0
88
24
373
3
31
198
0
0
32
1088
5
0
6
0
3
17
14
0
1252
0
1
734
115
6
8
14
89
1
0
0
17
24
14
8
0
6981
46
0
0
1
0
4
0
0
7
5
86
1
12
318
289
107
7
9327
12
4
1
2
9114
299
24
8
118
4565
2144
2
3
0
43
0
34
8
0
42
0
39
0
0
33
0
15
0
2
0
0
0
1
25
0
599
1
2
4
0
0
0
4
0
0
0
28
0
14
0
3
0
515
1
0
6
0
14336
270
0
29
1
3
0
0
0
38
10852
433
0
0
3
0
111
7
451
4
42
164
5
172
60
0
1
1282
161
1900
0
338
0
14
32
342
19
1448
0
2
2
5
1
3
96
2
0
62
9
0
49
0
3
17
1214
24
0
6
7
0
0
19
14
1
6
167
0
0
48
190
0
2
0
0
303
39
0
0
8
14
0
0
2465
35
194
224
2114
0
0
0
1
17
0
745
79
6
9
7
2440
167
64
4369
688
5
119
584
6
1
4
5
0
0
6
1553
62
0
17553
209
11
1
1
23
701
0
29
245
0
1
142
0
0
0
0
6
0
0
3
8
493
0
1
3
0
0
412
105
14
0
0
0
2
5
5
269
31
2
4661
15086
1357
1467
1
0
6
4
5
17474
1186
1
6
0
2755
0
229
0
44
2
0
15
4
0
4949
99
1
18
3
1
0
114
0
2052
110
0
656
371
0
0
0
244
2
32
0
333
0
1
5
9255
0
0
7015
0
486
29
4
5
116
0
0
37
4
67
527
18
1
8107
16
4
101
0
6
177
0
19
0
3
0
29
0
0
406
44
1470
532
0
12
106
14
609
5
14
2
142
1
0
0
10
3
0
0
5432
16
111
0
49
2
16819
0
2
8
7616
270
6921
0
0
2
3
125
0
61
1
410
1
8
0
0
4
36
0
2
283
135
1
116
0
499
8
355
1
7
0
5328
1
1
4
2
65
2
1
0
0
0
1
0
318
7
0
0
0
9
4
0
1
0
17466
6
0
1
0
131
95
0
4
0
56
77
60
0
0
4
0
1
25
1
0
0
62
2280
1
2
0
4928
0
23
1157
905
0
0
0
31
4
4
0
0
10
2
0
1112
2
1
17
0
231
0
151
0
521
155
2
52
1
3
1
8
59
3341
0
141
1
0
0
3301
694
0
7
10
112
2
53
0
739
0
16
0
6676
543
27603
0
1
0
0
1
4
35
0
257
0
217
0
91
0
1606
2
228
0
2
1
239
49
443
2
0
117
11
513
0
1
39
0
6
1
7705
0
0
20
75
0
2
0
2
0
1
17
3
5386
0
1
0
1
1
2
1
0
21
0
0
33
0
11
0
2847
1
351
81
2
10
0
3158
0
0
64
10
21
217
0
0
258
0
7138
2
0
0
0
0
0
714
0
2
29
4
1013
118
655
3
1
0
858
3
3
0
0
108
214
13
10
80
1
2
886
139
2
5
2
5
0
0
0
70
0
0
0
1
1
68
14488
7
107
5
8
89
0
229
2
0
0
0
0
1363
0
20
724
107
8
2
0
1
1
0
44
194
1
0
0
6338
72
32
5
1
3
2
216
52
157
382
403
62
9
31
0
0
0
1
0
6
9
225
17
0
1
3
1715
1
3
0
0
3
0
0
0
21
4
4141
7
33
2
0
2
0
0
38
72
0
24
1
4
0
140
0
0
59
681
0
0
508
21
15
9059
5
2
0
250
693
0
213
0
0
1
0
1
0
0
1
1
4
170
3
1
15
1
23
13
3
141
0
56
21
1
11
143
0
0
2
46
0
1
2241
0
0
0
118
10
102
1
0
0
4
137
0
0
5781
20
51
0
1
0
0
0
3
536
10
105
80
46
9
0
5
0
0
0
0
0
1
0
3610
0
14
1
176
0
5
4356
0
3
0
0
42
0
14
1
0
34
0
77
2
694
1475
3
1
4739
3652
78
28
10
0
1
370
751
0
1
323
0
28
0
0
0
36
18
8
12610
1253
0
0
291
0
796
0
14
16
0
7
34
152
3
1
26
13
1
25894
54
29
0
0
0
2
2
1
1496
1
1357
0
1119
1
0
2
66
24
61
7
27
26
126
0
0
0
648
3
2
15
0
5
7
0
60
5
608
1
0
0
13
19
0
0
109
110
4
65
1
6
1
270
13955
0
7
0
1
11
0
2
1
10
9
2
0
14
0
170
2370
0
18
0
1
0
12
0
0
1
0
37
64
0
0
17
13
1926
361
0
65
8
90
0
10
15
2
6
2495
32
1830
28
10
40
28
1197
0
0
5
0
32
5
1
0
0
7
1
4
68
7925
3
1
0
32
66
0
21
0
11
1
1
0
1051
71
17
1717
218
1
4
538
47
7
0
3
1
0
69
29
5
0
1
0
0
0
0
3
9
2
0
0
1
133
0
0
3
86
0
309
0
13
1
0
288
0
0
0
80
0
0
327
49
0
0
0
0
294
0
0
1
0
8951
2
0
0
182
2
10
0
608
1
0
1
0
0
0
0
1
30
6
2066
1562
0
0
195
22
171
2
0
1
10
494
8
4
1
0
13291
19
1436
1619
1
10869
0
494
2
2
0
1
55
717
238
2
0
0
0
276
0
75
1
1
0
2
64
2
0
4602
4
294
2
0
18
0
0
2
4
3853
7
189
1
159
22
0
66
0
8
3
9
1798
16
0
0
157
0
2525
1
4
20
0
0
2514
7
0
0
0
0
140
0
0
1
2
19
0
14
919
99
1
1
531
1
10
0
12178
499
57
7
7762
0
3102
19
983
9
3
1
0
0
96
151
0
9
2
0
2
2
0
1
0
0
0
1
0
0
1
13
0
1
3
0
1
133
421
2
1
28
5942
5
95
0
0
8
31
2
7
0
0
471
0
4
5
0
0
0
22
0
1
0
0
4
0
1
11
0
0
21
1
39
0
44
0
16
0
11
2
6
0
8
0
0
2
3
3
0
5
809
0
1
10
6
3
1710
104
0
0
14
882
3
1
12
4
0
374
111
445
0
1
187
1
81
69
1
0
391
6
793
0
25
12
3
0
40
1
0
68
0
13
1
0
0
52
0
1
1
12689
0
0
0
0
62
2
0
8
143
20
0
0
0
0
0
0
1
3
5
0
90
0
16
0
25
1402
7
6
0
0
2
20
16
5
3
0
1
0
23
0
5
0
213
750
0
1
1
0
39
1
94
69
3
0
9
1539
408
1
1
1
9423
0
5
40
1
3547
0
366
7
88
0
12
1
5
1
376
0
0
0
1
0
8
0
0
47
509
9821
1753
4327
6
33243
147
24789
11
38
19086
4311
6
17251
44098
320
27829
320
621
621
33906
13405
98
5639
0
274
38
11233
13601
160
11
10702
11734
43
68
1666
11
24471
6130
553
11896
29009
3484
147
14
20939
3035
15747
100
4151
6
9678
91
3
3
110
22
17513
18
1136
17
18
217
0
5
10
12852
5
0
5308
16958
0
0
13
11890
4135
1
7
0
4
3
6476
1831
52
6
4
3
743
0
21
9
0
5340
0
3462
1000
3
14
0
310
1768
40
31
0
14
2
20
0
11
266
694
4
10
7
0
36
0
5
463
309
481
2
20
17758
11
3
15010
1355
6334
297
66
1391
0
23
4013
61
13
12
5
5
10574
2
204
2050
262
31
11913
37
23
12
23
5546
2
0
137
10
17
0
27
4
0
13
401
0
83
7
463
4553
373
3039
459
3
16866
0
953
0
2
27
0
0
0
0
23
0
71
1
2
407
417
109
1
2399
13
19
0
0
371
2
0
13
4
166
6042
10
2546
2
0
1133
1570
17
4
7
1
8457
56
0
52
168
822
1439
0
0
4
0
0
211
108
41
0
0
3
5704
278
6135
1372
27
9
12
1
6
1
30
11
0
19
97
1931
4005
447
2271
9
11
183
6248
3
5
449
8
6
120
3
2
2825
36
17
1111
107
0
1169
334
0
12149
0
859
30
17831
5
8
466
5917
0
145
73
164
5101
31
0
12
0
0
3
8
1
1
0
42
15
60
5
3
18
1
4
0
6363
34
1
1262
13
5685
3
3
1
5
98
204
0
1
0
13
338
13
23351
0
38
6
709
0
2
1
67
38
1
255
0
234
11
20
14
0
3
4
9
103
51
0
2
0
29
0
0
0
0
1
4
6424
78
7
145
2
2
259
465
19
0
160
16
0
0
1604
29
0
45
165
0
5
0
0
0
768
1120
43
0
24
0
0
22
20
7
0
0
48
8
193
2
12
50
1
0
50
660
11
5
0
160
13985
6459
13
0
1
56
12
1
6122
0
399
5
7
8
21148
0
0
17
1
2457
241
11366
0
2041
0
27
0
7
6
38
15
297
1
55
11
0
4
6
104
2411
6
7
1300
0
38
1
1
2
2
2
8
732
6476
1317
108
3672
0
25
8
0
0
7
18
5
150
4
0
0
28
6452
0
16
181
0
15
9108
0
10
256
0
0
37
0
2
0
0
11048
0
0
196
2
1
1
6424
0
20
2
9
0
0
0
0
0
6489
249
0
105
79
1
20
0
0
1
0
0
19
32
0
3
0
14
2
0
1
82
1
0
1
149
0
35
0
4
4
9
9
17
72
5938
1
1090
6
12
2
16
2
50
974
1
9
0
0
527
0
6487
5
1
11
0
7
101
0
12
10152
1
0
0
0
0
13
0
36
0
1
19
0
1
787
392
1
126
2
0
0
0
61
24
1
14
94
5
7
0
0
1
29
17
0
1
15
1
1
264
34
0
6469
0
5
0
35
1
2
81
30
20
0
0
0
9
791
0
1
186
0
12
0
0
2250
12
0
1
287
69
34
45
5949
66
2
1
0
1385
4992
105
52
0
0
25
222
4
20
3
18
16
0
0
0
6442
23
0
5284
19
6
0
0
19
35
0
660
1
9
35
3
57
3
97
32
66
86
11
0
0
57
3
0
0
0
7
54
4
18
4
64
554
214
9
0
2264
897
1
3
185
127
1
1
0
0
0
6422
303
158
3
4
0
0
6
0
7
7
0
8
5
4
1
7
399
789
2
17
47
23
140
2453
8
53
9
455
777
551
84
2
0
1
0
117
0
10001
2845
1
2876
0
1
20
5215
0
10
511
0
18
6404
1896
9
1
0
0
2
9
185
1
51
6
36
0
0
1
2
0
1
3
509
0
17
0
1
60
1
117
532
1
0
10
137
8
3
1
0
5
66
15
43
0
0
11
22
47
0
1
27
0
0
6394
22
96
40
4
0
0
1
5
1
0
0
0
1
14638
0
14
0
0
1
383
0
2
4
0
11
0
0
0
55
39
58
26
147
0
65
205
0
38
36
0
0
5216
0
0
13
228
5
6
595
0
6365
121
66
343
2
1
0
1
104
0
1994
2
1
0
15
80
0
159
0
2
0
53
8
0
4
1
0
2
0
4
0
1
14
681
21
0
1
1
0
0
78
181
474
0
1
0
0
2
11
2
0
6343
8
0
0
0
0
79
409
3
5
21
2
74
5316
160
2
28
5
199
27
7
4
0
0
3
8719
272
0
1499
193
2833
10
0
303
1
1
0
4
4
16
8
379
0
2
10
2
41
21
0
0
0
6330
0
1
0
0
0
0
460
1
73
4
4
1
24
82
0
14
1
63
25
0
13446
0
0
0
3
0
4
8
1
2
4
20
0
51
3
3
0
0
1
8
19
0
4
6
1
102
0
1
28
0
6312
0
0
0
412
0
0
14
326
0
0
89
0
0
0
825
1
7
0
15
23
250
0
0
5
13
0
120
19
139
0
0
1
11
3
147
8
0
15
1
21
23
2
75
2
0
0
20
185
9
4
6305
0
0
114
0
0
18
1
2
0
593
115
2
0
12
2
0
0
53
0
0
0
0
0
0
0
14754
0
4
0
10
11
0
413
2
0
0
2
16
5
0
18
2
12
955
5
0
4
0
18
0
6291
2671
4
560
2
0
0
19
0
0
2
0
115
0
60
542
1948
1
0
27
0
0
2351
1
0
0
219
10
0
0
8
2
1
0
0
5
5
0
0
0
2
20
23
0
0
1
2
0
0
0
23
6281
16
0
8
6
0
3
11
0
0
0
0
0
1
0
0
71
4
0
0
2
0
0
36
3
1
0
0
5
91
0
14
9143
0
4
30
0
0
0
5
29
0
4
53
6
0
607
11
69
445
130
6271
21
117
4257
1
3
304
1
3
231
0
0
2
10
0
0
7
22
36
1
12886
3
1
0
20
192
0
15
11
1
11
220
28
41
0
2
1
0
0
0
55
629
1
1
8
87
4
12
4
0
0
6256
4
301
4
1
2
1
11
31
0
7
1340
0
3
26
5
5
3
50
1
1
0
0
1262
7
9
1
13
36
1
0
188
3
1
10
0
0
6
2
0
0
485
0
0
27
0
0
1
0
14
4
6243
0
1
0
1
1
2
32
109
18
0
0
0
1
0
5
1
0
1
0
1747
686
29
14
6
38
0
0
12
0
0
2
0
10789
5303
3
4
1
1
0
0
23
0
2
0
85
98
1
0
197
4
6225
4
127
4
0
8
0
48
1042
989
0
0
0
4
90
88
24
2
1
0
1
0
2
1
0
1
0
149
111
722
13
1
0
479
0
2
1
3
40
0
10
1
32
1
9
14
7
0
0
0
12
6206
2
2
0
3
79
116
0
1
9
4
3
5
746
60
2
646
1
14
0
0
3
2
28
14
10
18
0
0
152
1435
360
0
2687
329
1
0
0
1
1
3
0
0
0
0
19
1789
6
0
3
7
6181
1
0
0
0
17
27
0
0
0
0
11
36
0
0
0
0
14
2
1
2
0
0
3
0
0
0
0
2
1
22
0
0
0
103
0
0
6
0
8
0
3
1
0
171
0
0
0
2
6
67
6161
0
61
2
267
23
0
1
743
29
2
0
7
0
7
129
6
8
18
6
0
0
1
0
2
0
0
100
1
1
2
1
0
14
31
0
4
1
0
0
1
5
0
47
935
0
1
2
0
855
0
6147
0
0
1
0
499
0
4
2
530
0
1
3
9
14
2
81
32
9
0
0
22
0
57
0
0
0
114
29
29
47
398
24
1
0
0
0
5
15
10
9
5
292
0
0
0
24
0
1
4
14
6138
60.80846405029297