102
48
75
1035
0
8722
6566
1612
8280
1612
984
0
54
75
22962
1826
622
180
36496
302
1612
1612
0
75
69
75
1612
5215
1612
326
3542
5104
169
440
5302
5302
6725
192
561
185
3509
1185
40569
4294
0
12859
2722
192
5669
5211
38
320
19314
10314
5485
8796
6625
147
169
2360
87
3251
30281
4238
191
1512
107
2071
8204
181
32
1023
4336
11
6
8204
6833
0
12
29
259
295
96
517
11
11
8204
1956
167
17971
11
352
11
305
185
370
1252
595
0
0
617
0
4
2233
0
5
2
62
12
2804
422
0
12
8065
41
1099
5203
75
31
7788
26845
0
0
10
0
176
536
712
273
2
0
0
0
18
0
3178
2266
0
12
0
47
111
5
0
12
0
18247
5471
0
128
0
188
8
4543
0
0
0
2333
623
93
29
1
763
763
59
7
55
2
11
2
15954
134
153
3
5
0
7
11
519
27
389
1039
17926
14
3930
567
0
49
127
56
0
314
51
106
3
35
0
55
106
0
1
26
467
0
0
31
4
146
0
140
8
253
0
527
0
10
1514
35
0
0
0
18
0
0
268
8
92
92
338
0
602
65
390
0
1078
75
0
2
3
0
162
6708
0
0
38
5
4
0
0
0
40
463
26
1314
70
1
0
0
0
1
0
3626
59
35
0
122
2525
0
2
0
7
32
37
65
9
35
175
2
0
46
46
1
28
1
28
0
64
127
0
20
55
55
16
1
82
149
1
0
0
0
231
127
835
9
60
0
0
1
2557
556
1538
0
0
196
155
817
115
0
1624
6
0
6
0
3
0
523
0
1
1
0
274
0
59
0
43
0
0
0
0
0
1139
0
0
0
16
28
286
77
1025
1
34
0
38
19634
1
1
1
5
31
8
2
939
1
1903
0
0
19725
89
2
2
0
108
2920
91
12
4964
6
11
16
2
1
0
74
347
0
3
0
39
34
5
0
945
145
1
0
34
65
0
2963
2
21
0
1
0
2
1
34
1
0
0
0
75
0
69
29
3871
7
23
7
7
6
0
134
265
10
42
1
2
17137
0
59
0
0
0
0
16803
0
2791
0
0
5
813
0
5
161
1
0
1
0
404
0
1
8227
2584
0
2
24
357
0
79
0
0
1568
25
2
0
69
0
1
47
978
211
0
0
283
30
0
66
0
7
1
204
0
0
0
0
0
0
44
0
4023
375
10
0
0
0
1373
2681
0
0
17
143
92
48
108
8
4
1620
0
0
2
25
0
0
0
551
0
0
4
2575
0
72
1
40
2
0
2228
0
37
5
34
0
0
8
0
43
48
224
0
0
225
0
0
0
0
0
0
0
743
0
1
1
7
0
0
1
402
18
11
0
6829
2
0
16
166
6
1901
0
1
2
0
73
2
7268
91
12
0
0
0
0
29
0
787
0
0
5
59
2
557
7
3284
78
514
803
0
73
1
24
0
0
23
51
0
0
0
0
1
237
50
5
0
0
587
0
0
1
6
0
1
15
890
45
2
34
9
29
949
1158
1102
1
0
0
118
232
762
1089
170
35
247
1667
748
0
0
0
1
0
0
0
0
0
63
281
3
636
3
18057
0
0
3
84
39
0
960
0
0
0
0
20
3
0
0
1
150
162
0
7
2
0
9
210
0
93
2
0
0
251
0
0
2
0
28
11
70
3204
504
1162
0
506
0
3
54
5
0
0
0
17
65
0
318
123
30
0
2
0
0
1
0
0
0
36
0
28
968
0
0
0
0
0
14
0
2
2
0
23
436
0
0
2
43
1
0
0
0
7
63
959
5988
2
0
0
0
0
0
0
722
3
0
1256
6135
786
369
3769
0
10
2
0
12
187
0
1
0
0
1
24
1
0
0
3
0
379
1
13670
62
1
1
0
3
0
0
8
9
18
449
0
23
0
14
1186
2
0
0
3
0
0
1
418
14
126
0
22
0
7808
1
3
4
0
0
863
1415
60
5
9
13
2
0
7
20858
0
1
220
0
0
0
0
0
1
371
0
1326
2
0
28
0
0
44
65
508
0
37
89
0
0
0
3
0
1122
2
2
0
0
0
3
0
0
0
0
0
0
0
2
22
1
0
14
6
0
223
0
1
212
7
1
3
343
28460
1
303
33
562
12
10
3
2
0
0
2972
0
0
16
53
0
0
1
58
22
0
3
2
0
69
0
0
79
0
0
2
0
0
16
3
0
279
0
0
7
1
0
130
2580
0
0
0
319
0
0
1
70
203
1
0
1
0
475
0
8
2
36
1
1201
28
0
0
0
691
0
0
64
268
0
1
1111
0
139
16
0
0
2563
2
0
0
1469
138
0
0
0
0
0
0
5
274
0
0
0
1
0
0
0
9
0
0
3
0
3
296
0
0
1
0
1
0
7
1333
1
14
0
0
3
187
0
0
439
79
44
0
0
8
0
8
2
1
1
49
6
1056
2
6174
0
3
0
2
20
1
1379
0
1
2520
0
0
217
27
0
0
7
0
292
0
17
0
8
0
1
2
40
0
2
0
240
5
0
0
1
0
0
1
0
160
2
9
14
84
716
134
0
21
5
0
0
0
0
0
70
0
0
22
0
922
5
1
2005
0
0
1
0
0
595
1
0
51
0
2
2
1
24
0
0
0
39
0
0
6
0
0
13
132
3
3
0
64
74
0
0
13
0
0
0
14
8
43
1963
0
17
1302
5
0
660
8
0
2047
1
29
0
0
0
0
2
0
666
361
3428
1
2
0
3
47
334
1
1
0
5
0
1163
0
0
0
0
63
0
0
4
1
0
104
14
1
37
78
64
0
567
0
23
0
0
4
1
0
13
20
10
6
47
987
6518
1
3
0
0
0
64
0
0
75
0
0
0
3624
0
0
0
11
30
2
1052
521
0
0
142
0
29
0
31
3
0
1
2
0
0
1311
1
0
0
0
1705
118
0
0
0
2
0
0
0
0
3
7
2
0
3
1758
0
55
0
0
1
0
3
0
5
1145
0
0
0
164
0
7
411
1
5
0
112
10
0
0
9
1375
267
2
0
4401
209
23502
0
0
0
0
0
0
0
0
0
0
17
7063
0
0
0
51
1
0
4
10
4
1
24
0
0
0
0
0
0
0
85
16
22
4
0
0
42
968
1799
58
12683
3177
5
0
5
5
0
2
98
6
0
55
44
1
128
0
29
3820
0
2
0
2
0
41
8
0
2
0
0
1
0
0
0
0
0
3
11
0
4
0
0
2414
3
0
0
9
3
0
5
2
0
18
0
1
9137
190
4949
3
0
0
3
0
0
10
0
0
0
0
245
2
0
1
22
7
4
10
7
874
1
315
1
289
1
0
0
0
52
0
6
0
2377
0
0
0
1
0
0
0
0
0
28
0
12
17
0
3
1
24
0
0
0
1
2
0
0
50
0
0
475
42
0
0
0
0
1
2
78
1
0
4
9473
0
15
0
41
2
0
45
6892
20
1
5
9844
28
251
0
17
12
36
1
2
0
0
0
0
0
0
170
91
0
0
0
0
0
28
0
23
1
0
1281
0
0
0
670
0
0
0
4
1
0
0
199
1
1
61
971
0
0
146
758
555
1
0
1
630
1135
226
8672
0
8
57
77
121
1
1
0
1128
6
595
0
7
112
336
0
2
0
0
15
0
0
0
0
0
0
0
1
0
0
54
0
1
0
20
9
0
6
0
4
0
234
0
0
0
4
3
0
0
451
0
186
3
0
2
280
0
4
619
2
1
307
2
2
0
0
1095
0
41
64
0
35
7
798
1801
20
2
120
44
0
1
11
0
15
616
1
0
0
0
0
1
0
1
1
0
1
326
0
0
6
4
0
0
3394
0
0
0
46
0
0
26
19
212
0
0
4
1
31
0
5
11
0
2115
466
19
83
33
18277
0
3
16
558
0
20
39
0
91
34
8
2447
9
5
5
58
70
60
0
116
2
0
0
0
0
0
0
0
1
32
0
12
0
0
0
11
2
12
87
1
1
18
10
0
0
0
0
0
295
1
695
288
0
0
1
0
0
2
6
0
2
3
26
4
38
15704
3
4
0
3
0
16
415
0
2193
1922
0
38
10
1
0
11
0
46
57
194
0
0
0
2065
0
0
1
0
0
0
737
2
0
22
2
0
0
1
25
1
1
17
1
0
0
5
0
3
2872
0
0
0
3
0
2
11
1
13
1
13
6
1
0
0
1
5
0
2
4
0
5
1
92
0
0
2
0
636
0
55
0
0
0
0
0
0
0
0
0
228
3
0
0
126
0
0
0
29
0
34
1929
0
0
14
2
1
0
5
0
0
476
0
0
70
0
0
0
3
5
0
0
3
0
90
0
0
0
0
5
0
91
0
19
0
1
1
21
1
9
73
6
0
0
0
0
1
6
0
0
0
0
0
0
3
0
10
25
76
3
0
1
416
3
4
1
0
0
0
0
0
331
2
1
0
49
0
108
2
0
0
0
49
0
8
0
1
1199
49
0
0
0
105
0
97
4
5850
4
10904
0
1648
0
4
0
0
247
4
11
4
0
0
1048
0
0
0
0
0
0
0
22875
109
0
0
123
0
1
832
0
0
150
0
0
0
2
0
1
2
0
0
0
5338
2181
0
0
0
214
116
5
3
11
0
68
75
264
0
0
0
2
170
522
0
450
62
5
0
49
139
4
2
13
14
29
26
0
0
2
0
0
0
0
0
0
6
2350
2
0
0
3730
185
1
1601
76
0
3
5
0
0
0
0
19
0
949
1
30
0
5
0
0
0
1
625
102
55
2
0
62
0
8
0
0
28
0
0
0
3
0
5
0
7
173
1
13
0
0
1562
600
1239
0
0
0
0
3713
0
0
0
0
3
3162
0
0
0
5
3
2
2650
1
0
0
1
0
1
93
0
0
67
1
0
5104
0
602
0
12
4
18
2517
0
123
0
0
0
5
101
175
0
8
27
0
1
0
138
0
29
1
0
0
1
9
1
3
0
5
0
1
0
2
0
0
0
1
0
0
0
0
1
0
0
0
0
1
22597
0
0
2
923
0
197
2
1
0
0
104
2
3
1352
0
0
0
40
5
44
55
0
11
2
1872
1
0
4726
0
76
0
1
3
3
0
0
1
195
0
4
2
0
1
2
153
0
8
0
0
0
0
0
0
0
0
0
9
0
2
807
2
4491
0
0
2
0
0
1
91
9
101
0
10
0
0
0
10
1245
2
0
1449
0
294
15
0
0
7
26
440
49
0
0
1
35
320
5
48
1
1
4122
0
5
1
85
7
1
0
0
3
0
0
1
0
0
0
200
0
1
1
0
13
92
0
554
9
49
5
0
7
4
47
0
0
0
0
0
0
1
1191
3
0
0
1
0
80
1916
26
19
1
3
3853
2
0
1
0
0
0
79
30
24
10
167
0
1117
85
0
50
0
6
2
0
0
0
0
0
5
0
0
0
0
0
0
2
0
103
0
0
51
0
52
0
0
0
0
0
0
1644
0
0
0
0
16
19012
0
0
1
6529
0
9939
2006
2
0
3
1
1
0
1
22
0
367
151
1582
379
7
189
48
3
5
0
3
0
21
0
118
0
0
3
0
0
0
0
0
0
0
0
0
0
13
0
0
0
0
0
0
0
0
0
0
1
1
0
0
0
0
0
0
1
0
4
3353
60
0
110
86
3
4
2
11
383
1
39
0
0
2
0
11
0
0
0
0
1
1
0
0
0
0
78
0
0
4
0
1
1
0
0
2
0
0
0
0
10
0
0
70
0
0
2
0
0
0
0
0
0
13
1038
4
0
0
0
0
567
40
323
0
0
0
3
24
1
18
0
5
448
0
3
3
3004
0
2324
2
0
0
50
3
1
0
69
79
0
4232
0
1
22
1
0
0
1
0
0
0
0
0
0
848
0
0
10
0
18
19
2
0
62
2
0
2
0
0
16
1
0
51
1
0
1
29
0
31
1
12
0
0
103
5
0
0
0
1659
4
1
15
149
0
3
0
31
42
0
1
0
7
0
3
60
33
1
1
1
0
0
51
1122
0
0
0
0
0
0
844
0
3
11
541
0
0
15
0
1
0
0
0
0
0
1
1053
17
0
0
11
3
0
59
0
0
2351
12
2
1
4
1
2
9
0
8684
0
6
0
97
0
874
2529
2
2
7
2
0
84
9
0
0
62
0
122
0
197
0
0
0
1
0
0
0
71
0
0
0
1
0
11
0
0
2
1068
3
0
0
0
0
1
1
2
1
19584
0
1
16
57
0
444
249
1043
127
11
0
345
0
14
196
163
2
1
0
129
0
21
0
71
56
0
0
0
0
10448
3903
4
7
4
0
234
647
0
0
2143
0
0
0
727
1
1
3
0
0
0
0
0
0
1
19
1
0
0
51
0
311
0
1
0
0
3
987
0
0
504
0
107
10
0
143
4
14
986
2
214
0
0
2
1
0
1767
0
0
1
6
0
0
1
17
10
0
8348
32
0
79
2
4
0
0
0
0
0
0
1
0
1
0
0
16
0
1
52
0
1
0
1
12
0
0
0
84
0
2385
0
0
65
2534
0
50
58
0
2
0
1257
1
1032
89
25
1
107
215
0
6
3
0
1
0
0
1
0
1
1
0
3
22
159
27
0
0
33
1
0
0
0
0
0
0
0
3
13
0
0
56
0
0
0
0
351
1
1
0
12
2
737
0
3
54
463
1438
0
6813
0
0
0
6
0
0
4735
0
421
0
4
2
45
778
0
0
73
36
10
1
0
15
11
0
6
14
380
41
0
0
0
1
0
1
0
0
0
308
0
0
36
0
0
5
0
34
1
6
17
0
0
0
0
0
0
25
0
0
0
0
18
6279
468
0
0
166
2
2053
13
37
0
4005
66
341
1
2
0
162
0
5
0
907
0
1
21
2
0
3147
0
14956
0
0
86
0
0
20
0
0
0
0
0
0
0
0
0
0
35
0
0
75
1
30
0
16
654
59
3
0
0
0
1
0
23
0
1
86
910
1
0
34
0
55
67
0
2
1262
1
11108
0
33
4093
3
0
360
126
2
1331
0
2
3
710
471
1544
0
270
1
1
0
0
1
0
2
0
0
0
0
0
1
11
1
0
0
0
0
0
1
0
0
0
0
0
1
0
0
29
1
4706
0
5
0
0
581
0
100
48
1
10
165
0
0
0
0
101
1
1
7
289
0
8
2
1
85
3
3
0
0
0
239
0
534
2
60
0
1
0
0
0
0
0
0
28
0
447
4
38
0
0
0
37
294
0
0
1
0
46
0
0
0
1704
0
6716
11
8
17
0
0
70
314
4
2
13
1
5
285
39
0
2
1
5
126
0
253
29
15
2485
28
1
50
350
1
327
0
1
40
3
0
0
1
3
0
0
0
0
0
0
0
4
0
2
0
1
0
0
0
0
0
43
0
528
1
1
0
4
0
0
0
10
283
5502
10
2
5
1
1
0
3
3
8
105
0
1
8822
3
130
304
33
0
150
187
0
0
0
825
63
1
0
7852
0
0
10
0
1519
0
0
993
0
0
0
1
1
0
92
0
1
0
0
109
853
1
0
2708
1
1842
14
0
1
0
2
0
0
366
42
82
0
0
205
10
76
1
17
0
0
0
1
5
359
0
180
4702
752
0
0
0
42
339
119
0
0
76
3365
0
0
217
0
0
0
0
1
0
0
0
0
0
2
0
60
0
258
0
1
65
0
0
1
2
0
0
1
1
1
2178
2
0
0
0
4
0
16
0
0
0
0
10
0
5
0
0
83
1173
82
0
0
1
27
2
0
62
3
4
0
1
1
0
0
815
0
16
2
0
0
2
0
0
0
0
0
0
0
0
27
0
0
10
0
0
2
1
1
0
0
0
366
0
0
2039
0
0
1
0
806
0
2
0
14
239
0
270
0
5
0
0
0
7
0
0
0
52
0
0
0
180
2
333
4
0
0
420
0
188
0
1
1
0
915
3
0
0
0
2
0
1
68
0
730
0
26
91
0
0
73
0
0
1693
2
0
0
114
3
8
10
1
0
0
45
2780
16
0
1
0
0
0
3
600
5
6
1
415
5082
27
20
865
1
6
13
2
0
900
0
0
59
0
0
0
0
21
30
0
0
0
0
0
0
2
0
10
0
1
9
0
0
1
1
0
3606
83
158
409
2
0
898
0
0
15412
0
0
4
0
2
14
0
0
17
2
31
11
0
0
103
0
10
7
1326
12
0
7
3178
0
215
2
2
2
1410
0
19
0
1256
10836
8
213
0
0
0
128
0
0
0
0
0
1502
0
0
0
5
1
0
2
0
7
0
0
1
0
6
0
0
159
0
52
0
26
1
0
1
1
0
1
1
46
2
7
0
3
0
1
0
16
182
0
6
0
6
0
0
28
64
1018
0
8
0
39
393
7
49
10075
0
0
2
0
1
0
0
0
14
59
0
0
0
0
0
0
1
0
0
5063
25754
6
0
1
0
3837
0
7
0
1
0
4
511
4
0
0
6642
31
4
4
5639
12
0
519
0
10
19
34
0
542
3
27
582
0
0
0
1
32
0
2
217
532
0
18
0
0
0
0
0
0
0
0
0
0
0
0
0
0
1
67
0
1256
0
17
0
0
0
19
1
0
0
88
0
220
5
1
17
117
0
0
470
0
32
3
997
0
0
1
4
91
0
2
3599
218
0
45
2267
0
2
3
0
7
27
0
0
19
0
5
22
2
0
0
0
0
0
0
0
4
0
1
0
0
15
0
0
4956
1
44
1
522
0
351
0
0
0
86
1
0
0
163
0
358
0
218
2
0
0
5
7
306
0
1
4
13
6
1
0
0
11
2
28
0
6
0
7
0
1610
13
9
0
0
0
0
4
15
1103
0
0
0
0
1
0
4
0
1
0
137
0
0
2
0
0
1
379
0
2
0
0
0
0
1
746
0
0
64
2667
0
24093
10
0
1
7
15
0
5
272
8
1
6
2
0
19
2
0
22
73
92
1
37
68
3
1
255
13
685
1
0
0
0
0
0
5
0
0
3
20
0
0
0
0
0
49
0
1
0
0
0
23
0
0
2
0
0
0
0
0
0
1
45
7
0
0
3
16
0
1
4
0
0
0
32
0
0
546
0
0
12
76
4539
2734
1066
0
9
0
0
37
8
1
71
32
0
1
0
0
0
1
0
0
12
0
0
0
568
83
0
0
5
15
2
0
0
0
1
1573
2
8
1
0
26
2
0
129
5
0
1
7
1
0
22
0
1
1
0
0
370
1
0
24
0
0
0
115
1351
0
0
10
2
874
1928
68
3
0
2
136
0
0
0
0
0
1
0
0
0
0
0
76
0
0
1
11
0
0
2
0
0
0
0
683
0
0
0
0
0
17
0
0
124
33
0
0
0
3
0
50
0
74
0
0
22
9
0
2
57
0
5
128
3
0
0
161
34
9
5
2
0
0
202
0
6
57
2
0
0
0
0
0
0
0
0
0
0
2260
5
0
0
0
0
2
3
0
21
59
12
0
0
1
200
1634
0
0
2
455
0
301
7
216
0
6
33
1
2
0
2
0
0
647
0
0
1
0
0
0
136
0
8448
0
2132
1
1
1
7
10
7619
622
2357
12452
34163
12859
9260
15746
1887
9005
1197
147
16
23099
1197
17
1887
1826
48
185
3566
28025
24142
10834
23277
132
1197
2030
20643
6
185
185
1621
23524
994
192
169
19236
5421
83
1621
38
12859
5470
3674
185
3543
185
12859
20470
6
1104
4238
163
509
509
8617
5470
147
8948
8651
147
7840
163
7
2
20
8301
206
15026
10
54
40
635
19847
1716
2883
20263
19847
18
40
16
532
2233
10106
828
1460
14
37
566
22
10226
186
31
14158
18
5
564
407
0
0
2
21
930
5
77
2527
93
3
2233
79
2194
8749
6479
110
3456
2331
7662
379
4138
28807
93
6382
0
0
30
112
16317
166
8748
172
6484
210
0
299
699
3824
3011
4487
5
14
2168
2201
54
1449
25
244
89
197
0
2
9
149
0
314
0
2
0
277
96
19
1172
0
0
0
1725
1
0
19
3045
0
897
5
256
7
151
0
0
15659
38
575
19
389
0
2889
1324
13737
1401
143
286
5
5
281
373
104
56
122
2
50
1
8
1
360
0
87
18
2
15026
3027
0
16
3822
15
367
1018
3
138
1851
54
0
79
78
13
3816
250
1
0
0
497
26
18746
13
331
352
69
0
0
2
22900
1767
24
14
38
475
1
5
1
1
37
6810
0
3
113
2
12
5
0
2
0
965
0
1
0
117
8
30
0
166
1
0
2
18
101
32
4
1363
0
375
0
334
42
11315
0
276
0
0
29
629
640
9441
84
95
10993
0
735
0
65
0
0
0
1355
4
3
7127
0
686
1
0
0
0
27
63
2
5
0
5
1
29
85
59
19
1
0
0
6
0
61
853
12
0
0
13252
34
97
0
0
0
568
967
1241
0
306
1
61
31
28
0
891
6
191
11
17
1
1
74
119
10
1
19
10546
5
365
0
53
49
6341
2264
1
0
20
931
0
4
285
1136
1
263
1
0
1
114
1
6668
3274
38
1423
170
18
0
9
1
3
2
0
9
6223
4
13
2
4448
82
0
9416
1
1
61
37
130
84
14
0
15
0
495
1
3
817
638
0
2407
5
3
0
1
0
16
0
33
3
47
1396
163
0
1528
0
14679
60
33397
19
381
106
1
11487
0
0
825
44
0
2074
25
1
0
1
278
131
0
59
260
22
0
0
302
49
2670
286
37
5880
0
2
44
4358
637
1
15
225
1
507
0
0
0
1
7
1
0
0
0
0
1
147
3
3
0
6
0
0
31
4
0
1
1
133
12
11
1
1
2
153
0
1
0
1
0
27
2
467
213
17
0
4
1
4
1
54
1839
1
300
0
55
0
715
0
2
1
2583
0
0
3
127
0
25
0
0
4
0
2
12298
5
0
3235
55
27
1587
0
9
125
18940
31
872
832
60
2
0
0
530
30
0
139
0
0
0
1
48
865
23
754
2
23
3177
1
2
56
8218
10
941
3
73
2186
8039
2
0
42
78
0
0
135
0
89
281
6112
7
141
62
1
1
12
77
28
0
949
0
691
0
0
0
0
3971
2
368
118
0
0
0
3
7
5
1540
524
245
0
656
8
3
2533
17399
1
5
45
0
3
190
1351
26
8
25
3
0
2
10
1
3330
21
37
4229
0
18
1135
34
0
152
220
1
27
12
1620
1
111
139
0
15
14
0
7099
540
5
4
519
0
0
1
0
1
11
0
976
0
0
37
0
0
2
125
0
5
34
0
2
5
230
0
9
55
20
0
0
27
0
2
0
32
0
0
0
2
0
6
112
460
3
2996
19
38
0
218
0
2
0
0
13998
0
0
685
1306
94
3018
25
428
1
0
1
2
1580
33
362
1
1
0
6
3
405
0
61
317
3
1882
17
24
22
19
4
201
0
8
1
472
0
0
19
0
0
0
4
17
0
1655
0
152
1
14
1
865
0
4167
3
0
8517
270
83
2131
2
32
2
90
15217
11
0
65
1
294
29
2
96
410
83
346
82
4
1
0
7530
26
23
263
0
0
0
0
41
0
0
130
1
443
0
11
59
781
0
3
4367
135
141
8762
0
3449
0
1
0
639
0
3
2
15
14
87
4
3
7
0
4
0
0
119
12
7
0
5
372
1173
41
3
0
7
0
0
1185
0
0
1050
0
0
0
2662
357
1617
0
0
0
0
8
0
0
1
141
1
1
144
4156
2
7735
18
0
24
8
33
4
22
0
0
137
2
15900
22
237
2
19
0
0
5
0
28
2
0
3
1
102
0
1
43
0
1
2
2
192
2
2372
66
0
640
0
19
9
204
64
0
6
0
1
1806
0
0
46
30
5
0
7
18
31
0
1
0
0
0
457
6
2532
0
94
1
87
635
21
18
0
3
131
0
14
0
9
9
15
1129
3
0
7601
0
2947
3005
587
1
60
5
7
2
2
153
0
0
0
30
34
11
1
2
0
0
6
12658
203
2
0
8
3
2
0
0
0
0
2
0
158
2
0
6
2
17
0
0
0
0
0
15
30
19
300
79
13
68
1
1
0
12
0
0
292
51
410
103
226
263
89
1
0
0
0
0
0
48
0
0
3
0
1
53
652
0
2
10
0
345
0
3647
0
1507
3
4
0
248
2
7713
85
0
1
5
10
87
183
6
21
0
341
0
0
624
5
8
1
457
1
502
0
0
1
197
85
0
0
1
0
0
0
2
0
4735
0
159
10
0
0
71
0
500
19
0
0
2
121
1
7
0
0
31
0
14
27806
6
0
0
0
3879
2452
0
1
1116
4
0
12
4
1
0
1
0
1
637
0
1
0
6847
0
0
1
185
1058
75
0
14
0
0
77
6
737
0
0
0
27
1
3
0
168
462
2
1422
8
0
29
1
2
97
26
0
28
4
0
10694
12
1
1
6
16
9
0
0
73
124
27
1
0
0
1
40
0
2
10
20
0
5
1
9041
0
2
7
168
1
23159
0
0
15444
2
0
0
0
5
160
1
0
2014
122
1084
0
1
3
4
146
2332
80
45
49
1
3
0
15
2
214
0
7
0
1718
7812
5
386
0
93
0
0
16
31
1
116
20
64
0
0
2
0
669
10
25
2
4
422
0
1362
0
42
0
18
0
9
153
18
0
5
137
2
3
2
629
0
3
5217
310
326
553
334
0
1
9
403
1
14
0
9421
128
4
3
2
58
976
120
2
0
0
1
1
55
1
1
10
221
0
29
8
3
0
0
5
29
0
1
0
3
132
19
1
0
1
0
1
132
0
128
8
0
1
2
759
8
80
1
0
12
0
1350
392
11
3
161
2
0
0
0
366
0
711
3920
1843
8
2680
0
0
3
181
1781
1
0
0
0
1719
41
1
194
255
6326
6711
0
0
0
1
10
2
195
778
1965
3831
0
0
253
120
0
3
0
2
4
754
0
0
2
63
17
119
0
0
0
1064
17
0
1
1
0
32
7456
0
646
1
0
2
5
43
186
0
0
956
7840
630
20
0
15
3
0
4
2
492
908
0
2
1
0
1
236
0
0
2856
86
8
0
0
27
0
7
2
27
1
25
3
0
3
0
1
0
3
2
27
0
86
57
0
1
70
3926
0
0
0
62
15
3
27
2
4
0
10
63
0
25
0
0
2
185
14
8
1701
0
0
295
32
0
68
3807
1526
825
1
37
0
2
53
1
6
0
5333
0
10348
2
0
2
141
8
96
3
0
4
1
1
1
255
29
0
132
3
621
39
4
0
767
212
87
0
8
193
234
92
17
2
0
0
606
0
998
0
0
39
390
0
29
4027
313
32
35
123
0
0
32
34
749
0
0
2
20
4
3695
116
1
88
2
0
28
0
502
0
0
0
1
1
1
36
0
3
32
38
0
0
0
0
0
12
1
32
1
0
149
2
0
0
0
94
1
385
250
34
4744
1
415
105
0
0
0
19
1
2827
30
2414
1
1
4009
304
0
0
16186
1
0
6
0
0
0
10
39
13
257
0
0
6
0
3672
2
63
0
0
20
578
9
4
0
885
343
2
100
0
0
3
0
4
35
0
134
161
1511
3
0
0
4
0
0
975
252
0
1
0
12
5
0
2
1251
405
0
0
0
0
45
2
1
1
205
212
0
120
0
27
82
4
52
1
274
0
0
0
0
1
0
278
18
0
1466
43
6
0
3
1067
2
53
15
0
0
21
0
20
0
2
0
0
146
18
0
0
15
0
36
14
2
0
90
1
0
2381
0
1
355
101
0
42
4679
3566
0
1
28
1
0
0
1
0
2
54
0
7
3
0
218
0
1
0
0
379
0
2
2
25
146
0
3
7
38
30
0
1
201
1
78
0
43
2
0
0
1626
0
0
2
123
332
37
0
0
2657
458
929
27
0
0
2
2010
0
0
2
1
0
118
1
0
0
0
70
4099
1
67
0
4
13
214
152
0
0
1
4
0
0
0
0
0
2
0
1431
165
1
0
0
4
176
22
1
14
0
323
844
2
34
0
1
97
1
7458
0
0
0
1
0
0
0
1
0
31
3
0
15
14171
186
2
3
0
0
0
431
94
0
0
226
31
59
3
9
0
3
106
3
0
0
0
1
1
1
0
28
1
2
40
29
0
0
0
2
0
5
0
6
31
274
0
2
74
0
0
2
40
5
0
15
0
255
16
615
0
0
1
1984
6529
268
1
0
6
76
1
4
1
0
18
3760
2
0
1
1
0
4
0
743
106
0
118
2
2
155
2
185
0
19
2178
0
14
309
15
0
1
4
0
0
215
0
83
44
0
0
0
3
36
360
27
434
8
0
8129
1
0
0
0
117
2276
0
0
6854
380
0
36
0
0
113
131
6
176
1
3286
1
0
383
27
0
50
0
0
157
4
2
46
0
0
6109
305
526
1
2
15
25
5
1
1
14
11
0
0
13
7
0
6
0
2
0
0
0
8
4
0
17
0
3137
2
14
63
7
4
1725
127
0
0
0
5
0
0
2
17
11
180
0
0
0
1466
1
3
9
11
100
294
0
0
0
0
9
14
49
5
1735
0
12
1485
23
0
3354
0
0
44
0
3
5584
2
0
47
0
6
0
3
1
3
0
2
302
2
2
3917
24
2
55
10242
35
69
4
0
3
0
57
1
2
0
2
2
0
1
6
0
14
0
1352
83
0
0
0
0
1
1
53
0
1
8
2
401
32
263
7
8
141
2649
23
1
0
1
1
0
2845
17
1
7
0
11
0
0
567
0
4108
55
5
0
185
8
0
0
3
84
1
6
95
11
15
0
85
1
0
58
7
2
4
0
0
797
116
67
80
0
0
8
240
0
0
0
1
5569
73
0
0
0
0
21
379
5
0
36
0
12
63
0
7
99
113
0
112
0
51
45
122
0
64
0
1885
0
3
0
198
956
0
1
1
2
6
1
3
10887
0
30
1
153
22
0
1
0
5
0
0
0
21
2
0
12
1
0
0
0
37
1
577
24
0
0
7
0
276
650
25
8
0
45
0
0
109
10
0
403
0
239
101
8
0
0
55
793
0
0
0
2
2
0
5134
115
2
162
0
23
261
1
0
2
27
41
26
0
1
28
2
323
0
2
88
1
0
0
81
13
1
0
6
0
2
0
0
1
0
99
325
7937
40
2
97
0
1
7712
3420
1
0
9
6
155
0
138
0
153
0
0
0
1
0
0
54
48
8
0
19
0
0
0
22
44
0
10
81
260
5731
0
0
1
1806
719
0
1
0
11
0
22
338
0
0
0
7
0
0
0
334
76
3
3
0
23
2
0
1
49
17
0
270
1
52
0
0
0
0
0
151
0
143
0
0
0
0
30
0
3
0
3
0
0
4
3
632
1
2
0
0
1
2
19
0
0
2
429
0
76
5
123
1
0
3
1
35
187
57
43
3
0
0
36
6
22
39
2635
0
0
0
6
0
3
11
0
0
17
659
241
0
0
0
29
0
127
13
533
309
0
4
27
18
2
12
16
2
0
8
10437
86
381
2
0
3
1
3
334
16
0
5
3
0
0
3
64
0
7034
0
38
2
59
299
4
380
0
3
0
0
85
32
858
0
108
1
1
42
13
53
1
0
25
0
496
0
0
0
0
77
11
0
1
9
0
0
0
50
3742
68
135
17
13
95
25
145
4
6
13
0
0
0
0
2
2106
34
1
0
0
54
1
147
19
0
1
143
0
0
11
0
0
70
0
68
0
0
0
1
32
1
0
259
0
0
17
85
25
17
2
9
0
0
26
0
0
0
0
2
0
0
8
0
47
12
3
0
1
155
2
166
1
17
9
0
0
1
0
1
2
0
32
0
0
572
5
3
160
0
0
0
0
57
32
151
8
0
0
455
9
27
298
1
1
1
246
0
2
0
17
2
0
0
2
115
0
4756
4
37
145
1
0
15
280
7907
6
0
291
7
0
5
51
1
0
47
2
357
0
3725
7
0
0
0
0
3
2
0
1428
0
0
660
137
4
0
0
0
28
3
1
12
42
9
0
206
0
990
0
7083
0
0
3
2514
17
0
0
71
8
0
1
0
161
0
48
135
5
2
412
0
78
0
0
0
2
55
16
0
121
7
2
2
12
0
0
314
4
4
1
0
2
51
0
4
0
63
225
17
0
0
4
8
8
2
0
7
0
1044
717
16
0
342
0
36
2388
0
0
10
35
2
0
0
0
4
11
1087
0
1
13
0
0
2459
1
0
23
0
19
11
41
1
7
0
100
11
1
80
50
1
0
0
17
43
0
0
0
1
0
0
0
40
103
0
139
0
0
124
12
0
3
0
12
356
36
2
5
0
0
0
212
0
5
2
0
47
2
1695
0
1
0
0
0
0
13
2
12
35
1657
1
0
10
0
202
1
0
0
0
1
8
12
793
11
6
0
37
278
21371
128
0
0
0
431
7
1184
0
0
0
0
0
19
0
122
0
77
0
0
1
8
33
122
0
48
3
0
382
1
3
284
0
36
4
0
44
1
0
0
14
0
0
664
1
0
0
0
3
0
2
88
4
0
5
474
46
26
0
0
482
33
0
1333
718
2
100
0
3
0
3
0
1087
0
7
29
0
39
66
41
2
0
84
0
29
10
15
10
196
13
0
0
35
60
31
0
28
924
0
22
0
3
8
76
0
0
0
0
7
3
0
42
9
0
2
2
0
1
1
0
0
0
0
1
245
2778
0
0
3
799
1
0
8
0
1
11
1
8
0
18
120
0
149
56
0
0
117
119
170
0
0
0
1
4
29
6
0
6
0
1327
1
0
663
1
1
106
79
9
8
203
9
8
2
15
0
46
0
0
0
14
0
16
4
0
6
198
0
122
14
35
0
36
0
4
8629
27
19
8
6676
0
6
75
0
166
6
0
228
31
20
1
0
0
1
0
11
2
3451
0
0
0
2
1
0
28
0
0
626
2
31
1
0
13
0
0
0
31
1
0
5
0
0
0
662
27
0
0
4
0
28
7
0
0
4
0
59
0
70
0
3
1
0
65
0
0
0
0
0
343
34
0
0
2
0
542
0
0
17
0
0
17
1
0
1
2585
0
16
25
0
23
2
3
194
0
110
0
0
15
68
0
1
0
13
0
0
1212
200
36
4
270
122
92
393
1
0
0
75
5
2
3
0
8
0
300
0
0
0
4
5
4
0
1
90
6
160
2
0
67
2
9
1193
0
0
0
1
0
2
2
0
0
68
2
0
0
336
1
2
0
0
1
0
1
1
0
19
14
27
5
9
0
0
6
5
0
0
0
452
7
57
750
1
4
4760
2
0
0
0
0
68
0
0
2
0
0
0
2
1161
11
8
0
2
0
6175
35
90
0
0
0
4
9271
3
1
7
0
0
11
0
1
1
1
1
0
4
2
0
1
7
0
5
3
2
0
0
101
668
1572
1
3
0
3
1376
866
5
16
0
4
10
13
358
0
11
17
1734
169
27
0
29
7447
589
4
248
0
4
5885
56
1
0
0
0
0
0
157
3
12
80
0
0
0
0
3
53
1
3
199
2
0
575
0
2
1
7
0
243
12
0
104
2200
0
1
0
0
0
14
0
0
17
379
889
0
61
33
3
127
6
126
0
0
54
52
0
475
230
6959
2
2917
7
4
3
8
0
1
853
35
56
0
89
12
0
7
1
1179
0
0
58
220
0
0
0
1
9
1
206
0
1
0
2406
5
0
12
8
0
0
1379
419
0
0
0
69
1
12
0
0
1
2
1
0
1
5
0
884
0
0
1651
6496
0
0
30
18
0
23
597
0
16
0
59
2073
0
1812
63
0
0
5
56
4
205
0
0
156
2041
11
71
1
7
0
0
1
0
200
117
8
0
8
0
2
5
0
0
14
6
0
0
561
2
0
0
7
0
1
14
3
5
16
0
10
1616
0
6
385
0
2
1
7
282
678
1
1243
0
2
0
5
340
9
22
19
2182
120
0
2
1019
1
0
5
0
0
0
2919
4
0
25
9
2
508
822
1295
1
409
0
0
26
7
0
0
10
0
0
6
36
144
0
177
0
14
5
0
167
0
0
0
0
8
31
0
4
0
1
0
1
18
0
0
1145
1
2
3
0
1152
0
0
3
0
16
0
540
0
0
0
13
0
140
13
3
0
94
0
3
7
38
0
24
0
43
17
0
5828
0
0
11
0
0
4
0
0
118
0
3
0
13
0
0
0
58
1
39
0
8
40
459
0
0
0
0
0
85
0
0
136
1
545
0
10
4
1
0
0
512
16
2
0
2
0
0
4
0
1
0
0
5
0
3
3
0
1
2
0
0
140
2
0
0
1
0
0
171
25
345
0
0
1
27
19
0
33
0
2
50
0
3643
0
29
9
0
99
1030
2
157
1
0
28
352
7
222
304
0
1
4
291
0
0
0
405
38
0
1
0
28
5
7
10
8096
0
2
0
0
10
2
0
2
2
0
0
1
0
0
34
0
1095
14
25
1
0
1
0
115
0
0
110
13
0
287
66
37
2
4
1
0
0
2
0
5
0
75
63
198
0
1364
2
2
0
0
871
7
215
8
352
0
0
3
63
3
0
0
0
101
4306
0
0
0
45
4
1171
1
16
0
0
1
70
3
0
0
0
17
2
0
68
0
30
1
238
0
1
0
3
1
1
62
1078
2
0
120
15
175
0
0
536
255
0
33
2
0
3
1192
0
4
0
3758
9
36
71
3
31
18
0
2
0
0
4854
0
10
33
0
3
0
0
14
1
93
48
64
0
0
123
0
33
0
6
0
0
4
0
0
0
1
272
48
0
8
0
538
0
19
221
2
114
6
79
15
192
0
0
1248
2
0
2
42
0
54
0
2
33
173
0
1
0
0
0
0
506
1
90
35
0
4
4
0
0
0
0
2
0
0
78
4
1107
0
0
9
1607
2
2
118
6
34
6
1
2
0
1571
0
0
1328
0
434
27
1175
0
0
2
31
1
148
10
0
56
2
0
0
15
0
8
52
21
46
1
16
0
1
4
0
2
0
40
0
53
35
0
0
2
46
1
0
0
49
13
1
423
23
105
6
294
467
64
0
2
0
0
0
6
1
0
59
0
27
34
0
0
0
0
0
1
3
240
2
0
1
1
0
2727
1
0
277
15
1
190
4
1
3
5
19
0
1
0
0
10
7
4
2
4
41
5
1
0
6
164
0
0
0
7
0
19
0
0
168
3274
3417
0
3497
38
6482
7043
3016
3326
21723
1197
6526
2775
4838
18527
30348
18774
185
87
87
6
5211
28
320
509
268
169
61
10374
24535
320
7303
38
1197
99
320
12859
12859
0
1379
33027
440
3165
6
5659
659
355
174
0
22296
5104
12712
14459
11294
22069
5940
7165
5659
9557
845
6130
87
3274
1243
490
9894
3398
48
2104
120
39
6335
23
2829
69
3186
16
12328
2596
25
2183
2194
10076
13382
0
264
22130
12852
421
240
2363
118
10
2
39
837
1697
69
2
722
5737
3041
826
6540
2
394
23
23
53
3579
744
1341
2698
1180
483
0
788
50
1
33133
50
53
1651
6
3
2111
6490
7
5204
33
38
2
7857
5
0
12856
0
16
203
251
875
556
1319
61
0
151
0
158
0
0
0
3275
0
9102
0
3
50
3
2
1
16
98
34843
3
1
301
67
16
3233
3
18575
0
0
479
2703
15137
23
0
3579
4147
2
0
2318
591
41314
2484
9
10
4615
7
0
12
13
4
908
15309
418
1
9773
28
23435
5
1249
19
2863
36
670
5042
232
3405
42
18
2228
0
3
1290
7
4
0
0
5
11516
23
1
0
4
30
1
763
0
12959
118
2
29
504
220
0
77
29194
6
1
0
0
91
1407
383
38
4
29
10
0
19
0
393
0
20120
0
0
3
159
77
1
1
0
1
8839
1708
4501
0
0
919
1
123
580
1320
3
5419
37
856
0
80
246
1
9
2
143
1
7
0
1
0
11199
21
681
0
24
0
11
17843
0
5
0
2
33
0
780
791
2
6
2036
481
21
17
5
15
0
4
0
79
257
156
31
204
17
0
5
0
39
0
2080
0
63
32
1
147
0
15
372
0
49
2663
0
1
0
5451
134
51
0
0
1
57
9
401
1676
5840
3726
90
30
0
1
7262
0
2
0
352
0
0
16
0
81
32
0
1745
1302
2674
0
0
0
529
0
3
0
210
4
9
9
5093
21
41
3
417
3
26
19
3768
0
0
1
1
1
13651
1
2065
0
2
538
49
37
1048
0
0
2
54
36
66
0
0
1
3
2
4456
6
1
0
2
0
19
5730
3
18
13
21
1116
14
0
0
109
0
8
0
23
258
0
0
20
16
10
0
0
0
0
4
51
0
208
417
1
7
1
0
3
137
1
11
138
9507
4334
9
0
2
44
0
22
6
679
0
93
39
0
128
41
7
709
0
0
6499
0
672
0
542
347
334
16163
1
0
77
14
0
3371
2132
0
55
3559
783
6
140
6122
0
1
5
36
0
41
1
37
0
0
90
4
651
2
3
2
1
12
0
0
2276
0
268
6
1112
32
89
126
20469
305
9
51
31
4
11
54
2
1
4
1
94
2
22
2
80
44
123
2
0
0
0
775
0
3
8435
167
644
0
2283
0
3
0
0
6
0
1
0
2370
1300
359
4207
0
603
0
17
1
5503
0
5
0
42
1
194
0
12
4
6
162
952
89
0
1
1
7
53
0
1
4
3
9
44
0
27
84
3
8
2
30
139
20
34
2
0
0
0
0
723
0
81
2
288
0
63
2
0
0
84
29
3
0
2
0
1
40
85
1
398
9
12
1381
5
10
0
509
38
177
93
2061
4781
0
1
0
0
23
1
0
7
22
2
0
31
0
44
0
0
3484
13
368
0
1
0
0
4
8
251
153
1363
1
996
7
3494
7
69
313
12
0
0
0
1393
0
1
1053
10
8
2
23
265
128
43
0
0
2947
2
629
1
144
6
47
0
1
1398
0
313
0
1
30
2
0
372
5
186
6
0
6593
0
0
71
1
4
5
0
2
1
75
2
0
48
1
71
3
0
0
11
1142
390
0
1
30
1106
1879
0
0
3456
56
2
1
250
2
46
1400
0
28
146
32
16
593
2
3
2
1
0
18491
5
0
1
26
1
1
4
1
26
0
2407
0
12
3
9
0
119
0
579
74
3230
0
51
0
3
0
251
52
61
2
1
9435
0
38
0
0
4
18
0
0
0
4
0
12
52
790
0
0
1
0
5205
0
7
82
15
0
3
94
24
2
610
126
0
64
0
0
69
89
13
0
2
0
4
7
2
1059
0
0
0
7
1
102
0
4
86
0
0
3
249
221
1
0
0
1151
184
251
2349
3
76
2
1
0
4
0
0
0
59
0
0
111
64
74
0
0
47
0
7419
0
0
52
89
0
0
32
3
6
0
356
1
0
9251
0
1048
6
0
273
1
0
1
2
0
0
0
12
1
0
10
826
1
2
0
0
1
298
23
0
0
0
0
11
193
2
10
1
296
1
0
0
0
2327
30724
0
1623
3
1
337
119
0
1
5
2772
10
8843
0
0
42
13
205
5
0
1
0
4
5
1877
4
0
0
0
10198
5
2
2
0
449
0
31
0
26
0
7
1
5
46
328
1396
50
0
313
27
4
0
1
60
7
0
0
23
14
5
308
0
0
137
0
2
137
0
28
143
30
0
252
3351
106
99
135
0
0
6
5
0
231
1
11
4
0
0
1
6
92
5
13
559
98
42
81
288
0
245
0
0
51
0
0
149
180
0
62
0
0
0
1340
49
2
5
0
330
275
20
3
314
21
0
0
0
921
1
9
0
9
0
1095
0
11328
0
131
0
83
72
0
12
6
470
3
0
3
2374
19
40
0
0
27
0
0
667
21
102
0
21256
0
822
56
0
1245
106
254
96
0
2
2634
198
91
0
61
2
33
6
29
36
285
10
3
139
0
0
1
4
5
773
0
57
0
0
0
199
2
0
743
68
28
0
194
0
22
12
362
1
0
122
3
23
14
4
2
0
1
126
0
0
7
0
64
13
0
1
0
0
1948
2166
0
16
0
12
0
2
98
332
0
0
0
0
0
0
9
1
0
0
0
0
1
4
80
6
2
0
24
6
87
0
0
3
15
8
0
1
2
30
0
0
2
27
0
0
2
0
0
1
0
0
59
16
0
95
0
2
43
0
1
4
0
0
3471
12
0
0
3655
1
5021
30
0
929
2
0
0
1
2
0
91
0
3
0
0
156
1082
1304
0
0
619
4
0
4
0
23
442
0
14
3
5161
4
0
112
6
0
3
0
3
58
0
0
715
1292
1
0
0
4
3
0
1
1
0
0
0
0
0
0
13
0
993
1
4
99
4003
37
8579
0
1
24
1
128
1
154
0
8110
6620
0
13
0
121
21
0
192
1
515
0
4
8179
126
5
5
3
3
2
0
0
0
0
0
3
2
0
212
1
312
582
2
384
0
0
0
90
0
0
6
0
5
1986
3
54
79
10
0
0
0
121
2
31
1792
276
0
0
100
35
1
14051
0
0
17
3
1
0
7
309
0
0
46
1207
0
0
108
0
3
1
998
0
0
0
2
0
1
6
805
2
425
42
0
713
397
12
0
9
0
2
16
4
30
0
0
8
74
8
0
23
0
214
1
13277
203
19
0
0
0
7
9
17
2
25
7178
0
9
0
0
0
0
5
4
0
70
0
6093
0
1
2
0
1190
321
42
48
0
0
1
0
0
0
20
224
0
1
1
325
2
735
2
0
0
2
32
29
22
107
0
0
0
701
2
410
35
2558
27
74
35
4
0
0
0
5279
36
11
76
0
256
46
0
0
38
5456
0
0
0
151
1
0
0
7
2130
134
0
0
139
835
1
377
79
11
800
5
31
0
0
1
5
6
16
53
11
178
4
0
1
1
0
4
0
2
1
1
1
45
314
40
0
1111
0
916
0
6
0
0
0
449
4
22
110
0
12
0
94
0
237
0
1023
7
100
1
1
0
1
1
0
0
0
149
11
0
29
0
1
15
2048
0
0
88
0
1350
0
144
0
0
4
6
0
18
0
0
0
1
0
0
1
0
1
3
3
2
6
9
0
0
2
4
4
1
15
0
1
7
2
0
2
99
817
2
0
0
4927
0
0
0
0
1
1
34
0
1
2
0
1
0
2
0
328
1
1
748
1
7
42
94
16
77
0
35
0
0
0
0
75
255
0
0
14
1
3482
151
1394
53
9
67
5
266
63
20
1
0
15
6
208
1
0
1
0
0
2
18
15
175
0
1
2
0
0
2
80
0
1126
0
29
15
32
31
1162
3079
0
110
25
1
45
0
7
0
2
3
196
1
0
1
3
2
61
1
0
2
0
1537
0
0
1994
2
5
7
0
29
0
58
2137
48
0
5565
1
12
6
3
89
24
12
1
0
1
184
0
0
1
61
0
275
0
0
326
4
2762
2
1
217
4
37
5403
0
0
2
0
5
128
0
0
8
1542
1
0
0
2
2
0
0
0
0
0
79
5568
51
5
1
1398
32
24
0
7
0
1
0
0
13
84
4
1
0
10
1
0
0
0
0
0
0
50
69
1728
114
43
0
0
150
73
0
3574
7
121
0
0
136
15
0
2
0
0
1
104
61
3382
117
59
0
5
0
881
329
5
67
53
12
1682
28
2
639
21
6
20
1
70
0
7
0
0
3019
41
33
0
8
5
1
0
0
123
92
0
2
75
16
0
0
12
12
4
3
44
0
106
125
0
0
4
39
8
17
62
0
0
0
693
0
272
3
42
0
29
4
6
7
31
0
61
0
0
0
5772
418
5
1
0
0
1
0
0
0
49
0
87
314
0
135
2
0
17
0
0
0
0
0
0
2
583
130
0
67
0
0
0
0
0
24
0
0
1614
195
0
0
2118
2
24
0
47
1724
2
12
8
0
1
0
1
0
27
0
162
0
3
0
7
2
1
13
0
2
1
0
47
1
0
1
0
10
215
6
0
0
0
4
0
0
0
0
445
17
2452
0
73
4
63
59
0
51
11
0
0
0
26
0
3
751
0
9243
4
2
2
0
39
0
0
38
1
1
280
4
1
67
19
1
0
0
17
5
0
37
1519
0
28
331
17
91
51
43
16
6284
0
0
0
0
1
0
0
0
0
1
0
145
15
0
313
0
455
0
46
2934
165
106
31
4
1
0
0
16
0
1
0
280
0
0
0
0
0
3
32
0
105
0
0
4
27
0
9
28
1
0
8
134
0
449
30
0
1
3
2
7
0
47
1
970
1
7
0
2
2
0
0
3
60
892
847
28
4
0
0
0
12
0
0
4891
0
32
1
2
0
260
27
0
4
275
0
0
10
2
21
0
2
0
0
0
0
121
89
0
0
1
1
0
0
59
310
0
3
39
0
4646
1169
6
0
12
56
3
0
10
0
6
0
6
1
13
49
64
0
0
4
2
170
0
5
0
0
2
7599
0
0
0
0
1282
1089
0
4
0
0
49
1
0
0
3747
24
10547
23
0
5
0
0
0
10
1
2
0
1508
651
764
0
2
1
0
32
1194
133
0
708
161
0
0
18
0
3
0
0
38
120
0
0
3
8
2
0
0
0
7
139
0
22
79
0
9869
26
79
0
20
0
0
0
7
6
2
181
0
12
34
1
0
0
552
0
46
0
11
317
165
0
0
0
3
1611
52
11
2
0
0
8
336
0
4
0
1
18
6
0
0
0
1198
0
0
1
0
2
1
4
4
0
6
2
2
41
2
2
0
4643
2
1915
0
0
1
0
16
0
0
16
0
1040
0
4
0
44
0
2
5
0
1408
0
0
2
5
388
1
1
5
0
279
0
941
990
7
38
1
0
0
2027
322
0
2
2
0
0
6582
0
0
0
16
0
0
4
0
31680
0
95
0
0
2
0
5
8
94
0
0
3554
5326
2
0
0
4
54
112
4
34
0
105
1
0
23
0
0
26
0
0
5484
2
0
141
7780
0
0
0
5887
1
3285
0
1
9889
56
1
0
110
1
1
14144
14
10
272
89
1
9
0
145
2
18
0
3
2
170
0
0
0
4
0
449
331
27
0
6
1159
1
0
8
0
1
1
0
238
523
0
7
0
3425
16
85
48
0
1
55
13
134
1
653
0
0
2
136
0
436
11
6
0
1
133
0
1
25
33
41
0
10
65
0
0
2
0
0
3
0
146
63
63
19
0
0
35
0
13
0
2
0
2254
0
14
0
6
0
15
1265
0
8
1
0
0
1
0
174
0
0
0
1
9
0
2
13
278
0
4
1117
0
86
0
0
0
0
433
14
1
0
11
7
9
1220
21
1
0
1
0
0
5261
0
0
0
0
0
5
2
0
0
0
0
0
459
0
2
13
2
0
0
0
789
6359
1
112
0
1667
12
121
5
0
1
22
2
113
0
895
11
1
12
0
100
88
1
338
19
329
2
266
25
60
2
0
8053
1
13
2
0
0
20
0
14
38
0
67
3
0
0
0
0
0
0
0
0
0
8
0
17
0
0
0
72
1
0
1
543
2475
0
0
1
0
3
10
0
0
1
9
0
1
0
16
3138
2
2
1
48
0
0
0
0
0
2
0
0
104
14
4657
4
62
0
211
2
323
189
6
0
494
20
3
74
1
180
330
0
19
2
10
0
4
10
0
1
0
0
33
2694
0
16
129
3
0
7973
1
0
485
35
0
540
0
6
0
12357
217
1328
2
1
0
5
2192
63
73
0
8702
31
22
4
42
0
0
0
2
0
11666
0
1
0
0
1949
1
3
8
468
0
45
0
2
53
12
0
0
0
0
0
0
1
2726
1
0
39
11
5
10
0
75
5
5
0
0
63
0
0
313
843
26
1
1
0
192
43
2553
3
1
0
0
0
3
2
2
10
0
200
8
2
0
2
0
1
114
32
259
0
1
240
52
2448
5
3
1
6
583
0
10
2
11
0
0
3
0
9
3
0
1
6
2
0
9
2
1
1057
0
0
62
1
19
2
138
1
5
1153
0
0
574
50
133
367
172
1
0
0
752
17
14
0
96
0
0
1
2245
0
27
122
11
3
159
1
1
0
0
0
0
1
0
28
85
894
4
0
0
0
0
2015
3
0
1
6
16916
415
0
0
0
6
0
13
0
0
0
0
1
204
1
0
0
244
0
10
1
167
0
0
0
39
0
0
0
2
1
144
0
0
26
1
153
0
0
0
22
2646
10
1
0
0
0
178
0
0
51
15
1
0
1
1
0
0
0
0
0
2
644
211
0
7
3
0
240
42
0
0
0
23
99
2
0
6
10
1
0
9
76
6454
39
0
0
15
0
214
0
170
32
1
0
3
18
9
354
247
125
132
0
83
1
4
2455
61
0
15
0
0
0
3
38
358
7
0
75
3
16
0
2
2
2
0
74
1
1
0
213
0
8
0
162
20
0
75
187
47
65
0
0
0
106
0
5
12
0
0
0
0
0
3
59
1
0
11
0
0
109
0
0
0
3
607
0
808
2
0
360
3417
172
14
0
3
3
2
34
0
19211
25
38
17
0
0
0
1
0
51
0
34
0
43
25
3
2
0
0
2992
80
8
6
0
0
0
0
679
0
1
0
45
0
1231
0
3
534
5
1
53
8822
46
959
0
105
0
1
0
52
0
5
989
1
1
1
0
0
3162
0
0
4030
3
57
1
1
827
0
0
0
0
50
5289
5
20
2
95
0
0
0
0
3886
0
0
96
1
1
2
0
1
24
216
0
0
3
0
377
0
0
25
17
0
1
0
2
55
0
0
29
16
1
3
323
0
19
1
3
355
1
47
1175
1
0
22
2
258
1
0
1
5
44
0
3
0
1307
984
17
9
3
14
0
0
2569
2
0
41
3928
1
0
0
0
97
0
166
4
39
0
0
3
32
3
3
59
0
8
0
327
0
29
1
1
0
1641
2
1
0
0
7
0
1649
43
181
7
0
89
1
31
16
0
566
93
1
201
0
0
4
0
0
240
1
21
0
1
3573
2
968
0
0
0
2
0
14
1
2
38
0
6
280
0
4
0
65
0
0
0
0
0
0
75
2
9
0
1
4
99
0
0
5
0
0
1
3
2
14289
0
0
13
26
2
2
16
0
0
0
18
0
42
42
59
0
5
3
0
0
18
0
1
0
50
0
59
725
1612
0
3
3
1
0
705
7
9
0
1315
8
10
18
53
39
0
0
2
0
0
1519
2
56
92
4007
0
49
3
0
0
8
74
1
36
1728
1
3
2
1
1
0
13
1
1180
0
0
1
4
5
3
4
17
0
0
3
2804
0
12
3212
63
3
7665
13
37
1
0
6
4
0
0
0
1
2495
6
0
133
8
1
0
250
0
5
25
21
0
3
15
5
243
1
9
0
2
0
16
154
49
0
1
2
10562
0
10
1
1668
1
0
417
1
1
3
0
21
5
0
0
595
0
91
0
1
1
166
5
0
886
14
0
0
43
863
0
34
0
0
1066
12
1
1
0
55
0
0
154
0
14
0
1
0
6016
0
7
0
0
141
88
1
0
28
0
140
0
2
2
4
213
439
0
264
0
3
0
0
2
9
0
0
14
1
3110
208
100
0
0
0
0
1
59
98
0
0
1
0
0
0
137
40
0
16
1
0
0
2
0
0
16
25
2
117
25
0
0
0
0
0
0
0
0
1
5
1
2
0
3
0
460
2
7
67
1807
20408
5
1
0
46
0
1
1
8
0
2
0
0
4
0
6
536
26
0
1
0
4
6
4
12
0
0
97
0
12
22
0
0
12
0
5
148
0
52
0
0
0
174
1
266
123
0
0
2
0
0
0
3
0
3287
1
0
0
1
11
0
158
2
26
144
187
0
0
20
0
13
9
1
0
18
2
262
0
3
0
0
244
94
0
0
0
2604
8
0
3
1
2
2453
0
0
21
0
6
0
2
38
5
0
11
0
0
0
0
8
0
2759
7
2
123
2
2
35
0
0
0
0
0
594
0
0
119
0
8
2
3
3
22
1
2292
23
0
1
62
0
12
3
0
0
1424
55
0
65
0
3080
0
2
12
10287
531
0
3
0
15
1
0
1439
0
0
25
0
5
0
0
1
20
7
474
17
0
8
3
1
2999
66
105
0
2
346
152
98
1
0
0
2
1982
1
3
2
0
50
4
1
0
0
788
205
724
1
29
3
1
0
1
12
0
0
40
31
0
7
0
485
1
1
0
0
0
2
0
0
0
3
264
0
0
1
0
2
84
29
10
0
0
274
0
0
279
0
0
2
10
0
3
4
6
2
0
2
132
3
28
16
0
1
0
22
0
321
191
0
0
4
1
0
295
0
6
1
2
0
54
449
22
0
0
0
0
2
0
3863
0
1
62
190
0
33
70
0
0
6
0
3
0
8
108
0
0
1
1
1
0
7
0
0
24
36
1
0
0
107
0
0
9
0
4
19
1
0
736
0
1
3
29
644
5
87
0
0
0
0
1
5
4
1
1
0
79
0
0
46
980
0
0
2224
6
3
0
0
261
0
1
30
4
4
0
0
0
1
2733
0
1
2
2564
7
5
0
12279
0
1
1
0
836
0
534
161
1
230
498
4
23
1
980
0
6
0
4
0
14
0
0
0
6
13
0
0
0
252
0
117
1
6
1842
83
23
539
1
81
1
24
299
1
975
0
0
5
71
0
1
18
0
0
0
115
2
42
6
25
2
92
47
7
4337
0
70
1
437
0
1
6
2
41
1053
2
170
16
243
899
0
0
1
0
25
1
32
3
3
58
642
6
0
0
0
0
0
0
0
2
7
742
0
2
0
29
2
2
74
421
0
990
0
0
3
0
113
3
0
1
12
46069
274
3
638
31869
6
1709
1767
22138
509
274
6
185
13169
4689
509
509
8
9325
440
61
27475
185
42
1621
29413
0
3542
0
19508
169
169
21869
2568
1110
7545
1887
5659
24277
404
25890
895
10
6419
8106
28737
3566
0
34501
5104
12
160
28788
8787
2045
12859
4220
12859
67
3326
509
69
4220
3154
2
138
3663
6878
2
1046
1135
29
1
286
1248
0
2233
0
12626
9
326
1704
439
394
118
7
14158
353
5
411
826
229
826
3703
8
210
33
0
304
0
40
53
69
6697
6
1
105
80
7552
0
28
2886
23
0
131
8665
19
3
1744
109
70
291
2569
188
73
559
433
345
408
13
12225
2309
0
0
4
4
3
0
3387
0
2
468
0
433
21
110
4
3
3
1
277
0
19
31
81
62
3338
5705
3
446
0
892
893
90
377
1178
0
0
1529
85
2
13092
0
1
1
24
2324
37
0
0
22564
9134
2
4
1706
25
9500
15397
0
52
263
0
1
56
3
3
993
0
4834
427
3444
29
145
41
2
2
246
0
638
155
15
2
0
30250
13
301
3
2
9015
407
9150
3
1
0
3
11
1611
0
175
16
17461
125
234
371
733
12
12322
1986
42
195
0
55
0
0
1171
3386
4
14435
26533
2
106
11
0
1
3130
35
0
1
7449
498
698
142
0
170
0
0
4
2957
659
14
0
53
1503
37
5120
187
153
0
1
0
593
964
8
522
1
1
19588
115
4
10298
755
25
0
1
4
2
23
5
2574
405
1978
0
0
1558
132
559
468
0
2
23
0
206
1
9
1087
0
6
7
1
512
218
9
0
2263
0
0
25
127
5
43
100
9
177
489
12
0
0
20
0
14
1
19299
135
22
3
0
2
0
0
0
0
12
394
588
9
0
214
132
152
2
446
0
10
1
0
0
2
2
2291
1459
2489
10439
1
0
172
1
0
3736
2
77
0
65
0
66
4
82
599
1
9
0
0
0
0
16
0
690
124
0
312
32
12641
11
1
0
1
6663
15
0
0
127
8194
3
0
171
3
1
5227
0
202
483
19
0
2
8
1757
170
858
0
0
95
458
0
633
985
2
7
4
0
401
4
0
8
32
266
0
0
1
15
2712
0
224
0
37
130
3805
1066
2
0
834
129
0
0
4
2
718
14
80
0
800
2
0
0
0
1469
1
0
1233
0
0
0
1112
8
2013
1
417
2183
0
1
1741
161
0
405
550
42
0
1428
36
211
3718
218
102
916
17
0
17
180
86
114
1
45
2
1
3
12
2
8
9259
0
0
4
3
746
1
0
0
1
5589
0
68
5
26
1210
12
686
0
0
977
2060
0
3
5
13
31
29
3
3099
156
17
4652
0
19
113
22
1012
2961
1105
0
0
3
79
0
4
3
0
645
4089
8487
0
0
0
93
3
2
265
1196
82
0
0
1
3035
0
1768
32
0
12
4
777
0
1
0
3418
2078
4
127
8
1362
0
0
25
0
3
1035
1
1
0
0
0
155
1
30
0
0
67
0
0
0
101
0
690
1
1306
40
2
1
15091
0
3
0
12
15
45
165
1
40
1
144
2681
377
0
0
7679
1317
635
45
1
1
1
9
4
3
2132
4
4
0
2
0
4
0
2
0
0
1
147
2403
15199
3
0
0
4
115
7
0
1
144
0
221
5
0
503
0
407
21158
1
0
2
0
170
1148
4309
0
26
0
3
4
99
2
0
12
0
1
96
2
6
4
1164
544
42
0
5
64
7
456
0
0
0
47
25
29
51
0
96
5
379
10
0
3
28
463
0
7
2
186
4133
1682
265
0
29
2
0
2
5
0
0
1
13
3934
0
70
1750
463
5
17
49
68
1
10
2
2
36
147
0
0
9
290
1
125
1
4
87
1814
75
0
1
0
0
0
2
3
36
0
0
6467
861
0
12
10
6
50
0
0
0
55
862
222
463
0
316
3192
3
0
13
143
0
0
0
378
1
0
1
6
2
244
5
1306
583
67
6
11
93
1
5151
473
2
2
0
0
0
0
11667
3
4
15
79
1
0
0
0
0
5
0
4647
4
0
0
3
79
200
3
2
72
26
50
0
250
9955
46
1
8
2573
136
31
393
5
84
65
0
11
4
1165
698
1712
3
0
0
966
76
0
3
1520
400
0
2
0
917
0
0
10
3
0
262
0
0
4
2
0
10
3
2
10
9
53
39
0
101
4
27
2
0
8
1
2
34
2
4
11313
5106
2
3
29
0
72
1
54
0
0
3
0
0
4
0
0
0
28
93
1
17
2
1
2
5678
0
0
320
17
6
13110
3544
1
2
1
12
0
15
1
21
0
3
30
0
53
0
18
11
0
1
80
45
2008
73
1
1
3
2
23
13
1
130
0
195
0
46
12026
1
3027
0
0
2
4
97
7
0
0
31
0
112
3
0
0
19956
9953
0
18497
15
0
2
170
2
3
116
2
27
0
0
1128
6
1
0
114
444
789
0
2
1
11
0
3
215
208
0
64
0
49
0
14
13
3772
341
1971
0
0
59
1135
1
1
2383
62
0
5
0
323
0
9
2945
161
3
0
1
1870
0
0
35
0
786
2
296
3528
1
2
159
7
4
0
289
1
0
1
2
1
0
0
2
0
0
57
0
44
6
2
0
516
0
2
0
0
0
0
67
0
2
1
0
0
0
0
72
1641
0
210
8
0
12331
3
0
1101
0
0
2
687
182
0
1
98
3
0
381
1
1
98
6
14
48
1
154
27
7
1
0
1
0
3775
133
972
0
5
0
4
743
265
0
22
4
0
0
0
24
44
1
0
0
0
0
0
1
175
0
21
0
0
1
1099
6121
2
32
11
528
0
195
15
21
1
0
0
24
0
1
1
0
3
4
372
0
67
673
2
7
3636
0
0
164
195
32
2
43
2077
128
419
50
0
13
11
11
2127
52
2
5
1
45
502
1439
8
102
242
7
13
0
0
3
9
1
0
514
37
2
87
620
2
6
692
0
79
11804
4
7
0
0
68
19
0
0
0
65
10
0
0
0
0
2
3341
0
169
3
17
0
0
0
23
0
0
0
0
8
1
0
0
0
4
67
21
0
0
0
51
492
123
0
5897
92
0
0
3
0
1534
28
0
6332
8640
487
8
3
0
285
0
8
1221
414
0
4
3
0
7
9
0
22
268
1
0
275
0
1282
92
0
0
2
5
0
0
0
1
49
8
0
1742
5
1
33
0
0
0
0
17
36
18093
0
0
917
23
10
2
1
35
1
39
35
7
1
40
0
0
0
84
1
2
11
10
246
1
3
2
2
31
1
39
0
1
1
7
1
1
2
0
315
0
26
849
13
420
16
58
12
1
0
603
2784
1435
5
1
0
2
650
2
0
0
1
3
1
4
0
0
1257
0
27
0
0
4
0
3
0
3
0
0
8
1
3400
3020
1
334
1
0
346
530
118
0
1
1
0
4
0
393
0
0
11
46
570
69
23
59
34
2
2
3178
0
1
0
0
35
2
73
1
0
0
1
1
66
0
0
0
13
296
0
2456
11
14
24
10940
0
366
1070
0
0
530
17
0
64
0
0
112
1720
16
1
19
0
10
0
1
13
29
0
2
6944
22
0
1
1
2
4
0
1
0
74
0
2
282
155
69
167
1
0
579
51
1
0
0
8
56
9
0
0
0
22
0
32
13
0
4
0
4471
2
2
27
1
0
35
0
15
0
3
1
0
1823
1
30
2
0
268
0
1
8
0
3
22
290
2
149
29
0
22
1917
231
0
0
0
0
0
0
0
2
15
3
19
0
0
9508
0
10
85
0
2259
2836
6
1
1
0
0
3
19582
0
3
0
0
8
0
3
2
0
3
8637
0
10
1
0
0
1
35
183
0
3
22
50
56
0
0
5
0
0
0
404
0
8
23
0
2
0
22
1
3925
23
1
0
0
107
18
12
6
10
0
3135
0
2
0
0
3
0
0
0
156
0
0
11
1
0
0
2
0
15
185
0
0
179
64
3
48
122
6198
0
7
1
0
2
1
3732
0
4
1
64
0
52
130
50
4954
1
2
795
33
4
7
15
0
714
112
979
20
0
11
3
1
1452
521
49
1
0
0
3028
2
3
57
3
56
15
0
0
0
0
17610
23
36
29
0
0
303
82
9198
0
3
399
0
436
0
1227
2
1
20
0
0
17
5
0
0
2
0
0
450
1
0
601
0
469
378
2
65
90
0
8207
3
1
0
0
0
274
0
12
433
0
0
33
726
3
1
10
5904
0
1
0
3
0
0
0
131
3
117
3
458
0
0
26
360
0
0
100
25
288
73
865
59
6
1
0
0
0
1
0
0
1
3
0
4
2
58
36
107
1
0
0
95
0
504
6
4
2
1
0
136
4
7565
372
0
0
1400
0
0
0
0
32
1
0
1
0
2
0
6
0
1
312
540
0
1
0
1
15
0
0
77
6
1
2167
6982
74
175
0
7
462
3344
0
1
4786
0
0
0
0
697
3
0
0
510
0
28
0
4
9
125
84
1072
58
1
0
3
1231
2101
0
814
0
31
1666
0
1
0
112
56
1
26
2
0
0
1
0
1783
0
4
0
0
0
7
0
44
2
62
2
2
0
2304
1
72
80
0
0
3
0
21
41
420
0
179
25
0
13
2
0
1
7
0
17
0
0
3
17
0
3
1
4329
1
0
6
0
0
88
1
0
67
0
16
0
72
0
1
1373
6
2
0
404
0
9
0
20
6
0
8
0
14
437
0
3651
7
0
3
2
0
3
0
0
2
1
1833
0
58
22
1
480
2
0
1
69
18
125
44
9
1544
977
11
9392
0
263
0
0
9
1659
0
139
0
3
103
2
0
10
16
1
7
1152
2
66
19930
0
2
659
0
62
0
1543
187
0
20
0
234
0
2
5
5392
18
25
0
1632
6
0
3
34
407
0
0
252
23
4
0
0
2828
973
0
0
2
4525
2
10
7
0
0
84
1
0
0
0
1
20327
1
177
85
2
0
0
1
13815
0
1
2
3
0
84
0
6
10
0
0
3
203
2
0
289
92
0
0
6
1
475
604
69
4
17
11
2
33
0
147
6
1
0
5
583
150
2
467
151
870
6
200
0
20
0
1
0
70
239
1
2164
0
43
9675
0
0
274
2522
303
649
2
4
2590
1
1
0
40
0
183
0
54
2
0
0
0
0
9
1
0
98
15
49
85
0
0
21
2
186
2
1
1449
1
400
53
0
0
0
17288
1
2
0
16
1
0
2
2742
2
0
290
1
4
11
58
1
557
0
19
189
0
0
0
11
8
6605
14
3
1
13
2
0
0
1
0
0
0
7
3
86
10
47
23
5
12
0
0
3
51
2
0
0
0
4
242
0
2
2
14
3
10
0
0
2
0
2
3
11
150
2
0
24
15
0
1
2060
1629
0
3
3
7
20
0
2
141
119
143
0
19
1
0
48
6
0
2925
0
1
3
9
0
68
0
21
435
9
106
2
0
5946
1
2
4
35
698
423
0
0
1
0
0
0
5
16
1
1
3006
112
1
1
0
20
158
65
2
123
0
0
0
205
25
0
0
0
2
0
48
3
11
0
97
0
0
4
0
0
0
0
33
6
1
0
1
27
0
0
0
0
4016
0
0
5252
2
0
0
4
660
0
140
2
2
7
0
0
1
0
1
0
257
0
12
109
1
2
28
16
10
2
3642
7
1
8
57
0
483
0
0
0
4
0
0
0
1
0
2387
33
0
1875
426
141
0
30
13
43
6
4
0
1
0
0
0
1318
1
18
0
0
0
0
87
209
557
45
5
4
15
2
11
2
1109
3
0
263
0
151
71
32
2
0
65
14
2
0
1
1
150
0
0
0
0
382
1
168
0
11
595
4
0
0
3
0
0
7251
3
41
73
26
0
38
0
7
4
0
0
0
0
0
0
1227
0
0
163
0
0
21
0
29
634
1
5
0
289
3
0
16
123
4
0
0
3
0
4
1
0
0
0
78
0
7
0
0
0
1
103
0
7
1521
23
73
2
0
0
189
344
0
3142
23
11
1
410
3
107
1
0
196
263
5
0
0
417
0
284
275
344
0
0
542
169
23
111
0
322
0
5
2311
35
504
2
0
65
0
465
1
0
2058
87
1
5716
0
25
61
16
0
939
1
1
81
111
75
95
7
0
2
30
0
34
225
1
0
1
421
25
1
0
0
0
3
47
0
58
31
0
0
0
0
59
0
0
0
0
55
0
4859
37
23
1
6
0
609
2
68
6
408
0
0
1
0
16
0
9
15
0
0
3929
0
44
8
9
15
1
4
0
0
0
3
0
7
11
1
2
68
66
0
1
560
0
88
403
0
0
192
19
0
1016
0
3
0
0
3
3
35
1
6
3
31
0
0
1
0
0
0
88
685
2207
19
13
49
0
0
30
0
13
38
15
1
0
231
43
0
12
5
0
0
0
5
0
4
0
120
0
40
0
0
0
23
21
21
329
10
0
4252
0
7
0
76
0
0
0
0
0
0
0
0
79
87
2
0
47
1043
5067
1
5
2
3
1
18
7
16
5
3
1
56
145
0
2
0
1
21
7
198
257
0
0
85
0
3
11
3
0
5
566
0
0
0
25
1
951
275
1
25
341
90
103
0
3
1
245
0
0
51
59
0
22
0
3
48
0
0
0
46
0
0
61
0
1787
1
7
4
0
18
0
4
0
0
3
2
232
15
1
1936
17
2
138
1
245
2
123
1
106
17
4
4
0
0
0
1732
3
486
1
11152
0
0
2956
1
0
0
0
0
0
3
0
90
1
1148
0
1
184
0
3
0
0
2982
0
1
0
0
28
80
0
3
0
0
0
73
0
74
0
0
2
0
6
1
0
59
0
0
0
872
2
7
3
0
0
5
0
1
0
0
0
0
12
13641
6
0
0
2910
0
13
47
1
192
163
232
18
0
19
88
0
3
191
0
0
1
0
0
0
0
0
80
13
0
23
0
0
231
0
0
6
1
0
2
84
6
1
220
18
0
29
18
0
2
12
0
43
1
0
30
0
35
0
0
0
1
8
172
784
0
0
0
2
45
80
1
3506
14
34
1
27
0
168
0
5
0
2
1
222
172
367
578
2
729
471
0
0
223
8
0
1
0
0
0
2
0
8
10
86
4
0
0
2
450
0
36
1
126
66
1
2
0
1
1
419
0
1585
0
0
0
0
206
0
0
4
182
0
1122
443
0
0
0
0
5
0
0
1219
3
0
2
3
13
0
20
938
1
0
0
0
15
8
1
85
92
0
0
30
0
56
49
30
638
1
42
0
0
1
11
3
37
6
4
2
6
14
1
1
206
4
0
0
5
24
180
0
1
681
2
17
196
0
14
1
79
0
1659
0
35
27
25
0
1
14
0
160
0
2
88
1208
0
0
2
1
0
0
4
0
3
3
0
33
81
239
4367
51
0
3
9
0
7
0
9
1
747
550
0
0
1
101
0
58
0
11
6
23
6
0
0
0
4
1
1
0
13
0
2
0
0
24
0
4
8
0
0
2
8
0
0
21
0
0
5
0
0
6
3
109
4
0
7
0
13
13
83
3
0
1
2
1
0
0
0
61
0
74
1
0
55
3
0
0
218
0
641
256
0
38
19
0
0
22
132
0
381
0
45
0
97
15
0
0
0
17
0
1
9
0
0
0
0
3
2
163
0
0
260
43
0
5
27
0
0
2
4
1790
0
0
224
37
0
4
0
39
1
1
39
14376
0
425
0
388
188
0
0
748
0
0
30
0
7
1
0
0
1
11
1
0
7
2238
22
0
0
0
8
0
829
0
1
78
0
72
2917
0
118
25
0
2
32
0
0
1
14
0
0
5387
0
10
15
0
8
1
0
0
0
5
0
1806
2
1
1
29
6
0
1
2896
3529
7
21
31
1077
3
0
163
4
0
0
1
90
97
1
28
0
32
0
0
3219
4687
62
7
2444
0
7986
0
0
0
0
0
0
0
15068
1
1
2035
10
0
0
0
0
0
0
0
0
5
0
118
0
1
892
26
2
12
1
0
11
278
0
0
0
1039
111
389
0
73
0
15
0
0
1
3019
24
41
5
22
13853
159
337
0
0
27
0
0
92
2
0
12
0
1
0
1888
4
11
0
5
170
0
0
0
1
6
4
27
11
0
0
0
0
125
30
7
0
184
2046
6
47
4
0
0
9
2
0
0
281
11
56
9
30
2
0
2852
54
1
3
336
0
77
0
0
139
0
431
2077
0
0
12
61
0
0
0
0
0
0
31
4
2
293
1
6
2
1
8
0
0
6
5
0
0
0
0
0
0
0
0
1
127
5
1
161
21
6
271
1
111
82
1
3
1
235
329
1
14
0
1
1019
0
2
1
294
0
779
155
1
1
30
0
987
1791
47
1
0
0
0
1
0
0
0
1
120
1
0
108
0
1
173
2
0
2
935
5
5
0
1
0
13
0
5
119
14
20
0
4
0
0
7
2881
0
0
8
7
1354
0
159
4
0
19
0
0
5
2
769
8
30
0
12
2
12
11
29
52
9605
0
0
9
305
5
0
2441
0
3965
0
1260
16
86
1440
1442
33
1
0
1
0
0
1
77
0
1
0
0
4
0
45
2
0
1
50
0
940
119
7092
1
0
0
2
1
840
3031
18
0
0
0
400
9260
5
0
0
0
0
1446
1
7
1
3027
2
74
0
0
5
48
0
154
0
0
0
0
6349
0
2
10
112
1
15
2
3
42
3
19
0
0
1
24
0
0
0
0
3
0
1
1
41
6301
0
1
230
3
4
0
4
0
0
1028
0
5147
735
2
0
0
7
0
0
0
1
0
8
0
4802
38
0
4
23
0
74
1
27
0
0
1104
16084
17
851
0
0
0
0
14
0
62
0
659
0
0
0
1
0
4
75
0
0
0
0
0
16
0
0
0
32
0
0
8
41
64
280
0
1
45
257
1
0
35
0
0
787
0
37
19
125
385
15
40
0
5
2640
3
158
1336
2
3
17529
0
6
0
3
3
2
94
0
0
3
119
1
3
0
1
12
2
3
1
56
2
0
0
0
1
0
0
273
0
2
0
0
1
0
2
7
0
0
0
2
7331
1
1
3
5
2
161
105
0
39
94
4812
180
88
9
10
7736
3914
0
1
3421
1
0
333
0
0
15
0
4
5
2
0
0
4
1
0
176
1
1
1
7058
1
4
0
1
0
0
332
0
12
1000
31
0
2
27
0
11
1
755
20
1
61
4
0
496
0
13
5
0
0
0
1
0
19
2
0
0
0
5281
13
0
108
3688
14
1
0
0
0
5
0
8
18
0
2
1
34
0
1
1
2
0
1
0
23
1
4
0
1
6
0
0
0
0
115
4
0
102
624
0
0
2
0
1
0
0
0
107
1854
4350
0
0
0
3
0
0
2200
2
1
3
0
1
7
52
89
0
3
0
6015
297
186
0
5
639
0
2
198
3
1
0
8
0
618
62
102
0
0
13
0
0
1
6
33
0
0
0
0
0
0
1
0
2
1328
2
0
3
6
0
2
2
125
5
2
0
2
100
10
1
0
0
85
1730
0
0
45
0
0
2
1
0
4
1
0
21
2
2
0
2
0
4
13
1
0
18
1
0
2
0
1202
62
78
1
0
0
0
0
2
0
0
0
2
7689
1350
0
4191
48
103
530
7227
48
218
147
3542
8578
28
13061
5104
3542
5104
249
28
1612
1612
1612
302
180
28
1612
1612
1612
75
75
1612
75
75
27293
2286
1612
1612
1035
11
180
5215
75
1035
708
75
188
3274
302
1612
708
1035
1035
12859
1612
839
14066
11683
11267
12122
11090
1464
2691
1621
6
12012
826
84
16249
71
727
2154
19745
9919
6
185
12
477
12
0
185
0
71
1323
11
11
11
517
295
9803
11
11
11
533
0
11
454
0
2252
71
11
11
230
1877
295
352
0
136
23
0
10
6490
517
11
23
537
1410
2142
1023
3876
4308
2
765
359
1
4
0
5
800
29
3338
0
9
0
0
20
652
0
2
86
20
470
13
333
50
333
9072
518
0
0
0
79
0
58
0
0
0
17
111
30
77
111
456
0
0
0
0
198
0
0
111
0
2224
111
119
0
5471
0
2224
4
0
57
75
0
177
28
3
0
19890
0
11
19
0
36
11084
19
85
325
0
229
273
130
4169
1361
6785
92
0
314
5053
222
20
0
26
26
0
102
140
798
26
26
26
44
31
48
37
31
0
68
0
0
1
9
140
0
31
6
11
31
901
70
253
0
11
0
1821
0
0
1
411
16
30
165
502
1143
1067
26
3
301
1
493
29
5262
0
1458
34979
186
275
168
0
24
7919
133
0
66
0
421
808
629
0
4
65
0
808
629
73
0
0
36
0
0
1
56
28
0
173
0
65
1
0
1
0
0
202
7
80
0
0
0
5
8
6
76
0
42
4
129
1
141
89
577
19
0
0
222
8
1512
16
330
158
0
112
0
335
23719
0
301
247
36
2
131
6
0
38
0
0
3
6
0
37
0
0
1
0
0
63
0
1697
38
21
21
0
77
0
0
2569
0
0
0
0
0
2569
78
39
2
58
38
7369
3800
12405
0
0
3
0
0
45
0
272
0
24
12
23
20
6
75
1
148
2421
0
700
396
3921
204
0
0
0
20166
98
0
0
76
0
1298
1
225
0
352
209
0
18
7
2
1227
0
0
0
75
0
0
5682
0
0
0
0
44
971
41
0
0
99
1
2629
29
2
95
1
444
59
0
0
0
621
196
0
5712
2098
184
9
5
2221
713
64
395
2995
26
4
28
22
0
0
0
40
66
0
2676
0
1915
322
42
0
0
44
0
0
77
0
0
1
25
0
30
5
1
163
5
139
200
0
366
32
0
0
141
1
1
0
2
0
19
0
5368
0
8699
30
295
12
2096
104
18
0
4070
0
3
1
0
240
2309
5
8
268
1
0
1
30
9278
1
81
0
10
30
698
0
0
0
367
0
0
0
0
0
156
7
3
5
0
1376
44
28
269
23
18
0
0
17
0
0
8
0
1
1
29
2
383
0
2
116
708
217
0
132
775
4475
6
0
5
735
0
0
3086
60
40
303
287
49
0
31
20
0
71
286
0
0
0
0
0
410
2
7
0
2
7
0
84
1
6025
0
821
803
0
0
42
17
0
0
0
72
193
26
0
0
0
0
0
11
14
13
1
222
0
50
0
1714
726
9
4
216
7
0
0
11
0
222
2
2
0
151
45884
61
0
0
2
0
1
0
2
7
1774
0
0
0
434
636
1
423
636
2
0
20
7
1116
918
0
20
0
1
0
1420
0
5
87
45
4998
1
42
0
0
0
92
337
2
1
0
1
0
0
101
0
1
1791
9
247
5
6
1
0
180
2
132
17
226
241
0
1
2
7
0
0
456
730
830
178
0
2
1
3
0
166
3
0
12
0
0
0
0
0
28
2
313
0
0
69
0
519
0
0
1
37
20
176
2
2
0
36
639
9
9
8
2
0
0
2
1
1
6020
1
0
2132
102
294
66
8
49
0
16
213
0
3326
0
12
1
0
0
3
0
10
1
37
147
0
9729
2307
0
9538
23
0
0
1243
0
0
0
0
0
0
1
700
6
2
0
0
0
0
2
23
30
30
17
0
0
0
20
0
148
0
5
0
126
28
0
348
54
0
83
1
39
2
3
73
1
92
0
0
4
0
0
1
2
0
6147
9
0
0
2434
0
0
2
0
6890
1
0
0
270
6140
2
89
0
2
3
0
0
1327
0
0
0
1
1765
1
1
2
0
1
9
43
38
2
33
1
0
2
1455
0
257
14
0
0
2
6
0
42
70
0
0
0
0
1
0
0
10
37
37
124
5
3
120
37
0
2
50
8
0
42
2
416
46
0
12
1
45
0
0
0
802
0
0
4
0
2
1
0
417
1
6
1
68
31
0
17
4
0
3
61
0
72
6639
0
0
16
88
413
12432
11
1
958
1
0
0
2
0
21
0
0
4
0
0
2721
32
56
0
0
1
0
0
165
1332
0
0
0
0
1
25
0
56
0
9
27
2
86
0
1
15
268
15
0
38
3
484
1
12
1
0
951
1
45
2
0
0
31
26
27
441
0
5516
2
0
0
0
47
0
208
1
33
3
0
0
0
16923
2326
0
2
0
7
0
2326
1
1290
0
31
13930
0
0
474
0
1
117
0
0
0
2
0
1
27
1
0
7
0
0
56
0
1107
2
0
48
0
0
4
1
1
36
0
0
1
3
0
1376
3645
685
0
0
1
7421
0
1
0
36
0
4
0
0
0
394
487
1
0
0
0
18
77
1
1641
1
1
0
1
1
0
0
1
0
1
0
0
3
10
0
0
82
0
50
0
0
22
0
3
0
1
0
161
20
9
45
26
3
0
3
89
0
0
0
0
6
1
206
8
0
1
0
163
7
1
0
0
0
0
8
30
1
1217
1
0
3
286
1
5
2
0
2
2
58
2
204
25
3
14
0
1
0
0
0
4
0
17
0
112
0
0
0
1
0
90
0
2
0
2
0
4220
0
0
3
0
0
0
2057
262
711
57
3
1
2
24
0
9
0
6
34
0
0
22
0
1
1
1170
1
0
0
0
1
7
0
0
840
0
0
123
3
0
0
0
7
118
7
22
8
345
0
0
0
0
0
3
1
0
19
0
0
4360
40
1
1
37
0
104
1
256
0
871
6
102
97
22
2
2
0
0
0
1
0
0
83
0
298
0
0
0
1
5
0
103
0
0
12
98
1
1
1
1
0
526
0
25984
0
1
1912
0
0
0
0
2
0
0
9
8
8
472
45
0
8
0
1
0
4
165
56
24
1
2
0
1
0
1
194
0
406
85
0
4
8
8582
0
0
2
2
33
0
1
0
117
0
1
790
5
0
164
0
0
6
0
66
5
0
0
2
0
0
1
0
1
2422
1329
36
1
0
0
0
3
0
552
2
0
5
83
51
5
788
0
0
2
1
0
0
88
1
357
2
2
2
3
2
14
0
474
5
2
7
8
0
0
0
0
0
39
0
11
1
0
0
6
0
626
0
331
0
1
295
0
0
17
5542
37
80
0
5
1
2
1
0
0
2
1
17
2
0
0
0
0
0
0
54
117
0
49
85
0
129
1
71
405
0
0
0
914
0
0
1
3
0
16
7
73
0
0
0
0
23
0
22
0
0
136
0
0
23
0
0
62
0
0
63
0
962
0
46
0
0
0
19
0
0
1
6
80
0
0
0
0
0
0
1
0
5
0
0
1190
24
1
6352
306
37
0
0
14
0
0
1174
921
193
27
40
14
2
1868
2
0
0
0
255
40
1
15
0
7
0
373
0
9
0
0
0
581
0
0
628
0
5630
0
2
0
16
0
1
16363
0
0
6
0
166
0
14
0
9
1
1
14
0
0
66
1121
0
0
1
0
4
0
4
0
0
0
22
66
4
3
8392
0
4
8
2
0
12
310
0
348
5
291
0
0
0
6
10
288
0
0
2
0
0
0
0
1
1
1
0
0
1
27
1
3
0
305
42
0
0
16
0
0
4
0
2
3
2
0
8
5
0
3
4541
16
2428
0
4
37
8
7
0
0
0
2
0
0
151
0
2
0
0
0
0
0
0
1
0
0
1
0
1193
2
0
0
35
0
0
67
0
10
24
3
0
0
0
0
251
2417
0
0
0
98
13
2
25
1
113
79
0
0
1
10
2
1322
0
8
1534
3
0
12
0
7641
2
23
148
0
4
0
10
0
503
1
1
25
0
2409
1
0
13
0
1
0
36
0
3
0
1
1
0
0
0
0
0
0
79
0
0
0
0
0
1
0
0
16
0
0
0
2
0
0
0
0
211
0
20
877
410
92
4
5
0
0
5383
11
0
14
0
71
0
30
5
49
2
42
0
0
19
0
4
13
47
0
0
0
0
0
0
0
1
0
0
0
0
0
1
1
0
226
0
7
22
3
1
0
18
1
128
0
11
9
5
1
11
0
0
0
0
0
0
1
6
718
14
3
3
4473
894
0
0
6
9
95
827
1686
0
21
0
305
2
0
9
0
10
36
56
10
13
4
75
1
0
0
0
5
71
0
3
35
10
3
34
0
0
0
0
53
3
0
739
0
0
3
3
0
0
4
1
0
13
132
14
22
4
0
0
1
2
5
16
317
1
62
1286
0
132
418
1
2
13
0
6
61
46
0
43
3
2
47
0
0
2230
14
0
0
9
5
0
13
0
0
151
0
0
195
0
0
0
314
0
1
0
1
3
0
0
0
0
25
0
0
0
0
3
0
0
1
0
0
12
491
0
0
278
3
21
6
0
0
0
0
6
2024
49
2
6
1
0
0
1
5
0
5
0
0
0
25
0
0
94
0
11
29
0
0
2
0
9
2
0
0
0
58
0
309
1
1
0
0
0
0
0
0
0
45
0
1
0
9
2
2
49
0
0
1
447
7
5
0
2324
4118
75
25
0
6
304
0
0
0
156
0
702
0
0
0
0
0
0
5
1235
0
102
0
2
0
0
0
100
10
0
1
0
0
1
0
1
443
0
0
0
1
0
5
0
0
0
7
1
19
0
383
0
0
0
0
1
5
0
2922
5
0
37
321
0
350
295
62
172
1
12
6
0
1242
13
0
0
0
0
0
0
0
17
56
953
0
0
0
0
0
0
0
0
467
0
1
0
0
1
2
5
0
0
673
185
3
0
2
1
1
11
0
0
8
0
1
0
24
0
8
0
0
1
1
13
0
0
2
1
0
0
80
34
560
0
0
5
5
1
0
3
0
203
0
160
0
0
0
1
3
6
4
0
1
0
2
5
1
2
0
0
4
0
0
0
0
1
0
4
0
79
2
906
0
1
15
137
4195
2
26
11
0
0
0
0
0
8
0
5
15
5
5
4
0
18
47
42
3
0
0
0
0
3
0
3
0
0
0
0
10
0
172
127
2
0
504
2
0
0
3
0
0
22
106
0
14
101
0
0
0
0
2
0
167
0
0
1
101
2
0
0
0
7
0
1
7
1
185
0
0
16
24
1
0
12
0
129
1947
0
0
1
1
0
0
0
0
12
0
18
36
10
2
2770
0
3
0
131
1
10
1
19
84
0
0
16
0
84
0
2
92
0
0
5
0
35
18
1
3994
0
34
0
0
0
38
1934
0
0
1
2
0
0
5
0
0
0
2
53
9
0
690
37
3
0
0
1
0
0
4
1409
10
14858
0
1080
0
0
0
0
51
14
0
105
0
0
0
88
0
336
0
0
0
0
0
0
0
0
0
72
1
0
0
4
0
0
0
0
22
11
2
1
0
0
0
0
13
147
7
1
1
2
30
48
15
0
2
0
23
15
0
0
518
0
11
2282
170
2
0
0
0
133
0
0
1
5
0
129
0
17
0
0
0
0
0
14
1
0
121
0
0
117
16
0
0
6
0
0
0
1
11
1
4156
0
0
0
0
0
0
12
0
0
0
1
225
10
951
0
3
0
6
5
1
633
7
0
0
0
0
1
1
1385
0
10
0
0
0
5
0
0
220
11
4
0
0
0
135
20
5
0
0
1
0
0
3
0
516
0
0
0
0
0
0
0
0
18
7
21
0
0
5
0
0
0
37
1668
0
0
0
0
9
227
324
40
38
6
56
0
0
92
6
0
184
3
15
1
19
0
0
91
113
0
1
0
0
12
1
57
1
1
0
0
0
11
0
3
10
0
3
1
1
0
1
0
0
2
0
5
0
0
0
671
0
0
1
0
0
1236
3
1
0
0
222
0
101
0
1
0
17
0
0
40
13
0
29
0
80
0
2
64
100
780
0
0
1
5
6
0
341
0
2
0
0
4
7
3
0
0
0
0
0
16
0
0
0
1
2
0
0
2
16
29
0
0
2257
30
0
0
2
1077
0
69
0
0
5
0
17
51
7443
259
5
1
4
5
50
0
0
0
1
7
0
149
2
9
0
27
0
0
5
4
0
200
16
3
0
21
0
0
0
0
0
35
0
1
1
567
1
25
0
14
0
0
0
0
0
1
0
0
13024
811
0
0
0
1
87
0
0
0
0
1
13835
0
1835
0
2
5
253
598
1
0
0
9
0
260
1
2337
0
0
0
0
0
0
0
22
2
0
1
528
7
3
0
1
25
0
6
2
0
0
0
1
0
0
0
125
66
1
0
13
0
293
1
0
329
1
6
5
62
0
0
5
0
0
2
0
21
9589
0
0
1
1
895
1
0
1
1
0
1
0
10007
110
0
221
0
0
0
151
0
2
15
0
0
0
0
0
0
0
0
0
0
0
271
2
9
0
4
18
5
0
0
0
0
0
0
0
0
1
11
0
0
0
0
0
1618
17800
0
0
0
840
0
169
0
24
1
0
0
35
2418
2
24
0
1
0
2
2
0
131
1252
17
0
0
17
1
0
0
4
744
1395
0
0
3
7
0
0
0
0
0
0
0
0
0
0
0
0
0
0
730
0
674
1
1
49
0
0
0
40
1
0
15
0
0
86
1
0
0
15
0
0
30
0
16
0
3
0
1
0
0
80
56
0
149
1
38
1
0
0
0
2
229
5
2
0
0
251
0
0
0
0
0
22
0
1
0
1
11
0
1
90
0
0
72
1
0
0
0
0
0
0
0
0
16
1089
0
3
2
0
0
3
45
156
0
6
0
0
2
0
0
0
0
0
0
738
0
0
0
0
4
8
0
0
0
28
7
1
2
0
0
0
0
17
97
0
0
0
0
0
5
0
0
0
4
0
0
0
392
1
1
68
3
0
5
0
1
0
0
11
0
0
0
28
0
554
0
179
0
536
0
0
3806
0
0
3
0
0
1
26
25
0
1
0
6
0
0
2
0
16
1
2
2
6261
0
25
1
0
0
20039
0
1
4
58
0
4
51
0
0
3
12
0
0
0
70
0
0
0
0
0
0
0
0
0
0
0
0
0
1
0
14
48
161
0
0
4
0
272
107
0
0
0
0
2
65
52
0
0
7
0
0
2
3
2
0
3
2
1
1
0
4
36
1273
3
1
0
0
1
0
0
2
1
1
0
0
0
0
38
856
0
3763
0
0
801
3
0
0
0
0
0
0
0
6
0
1050
67
3
7
0
4
0
3
0
0
1119
7
2218
2
0
1400
10395
0
0
0
2
0
0
0
0
1
6
0
0
1
0
2
1
0
0
0
0
0
0
1
0
304
0
27
0
1
0
0
2
0
0
0
0
1
11
2
1
0
4
0
1
0
0
0
25
4
0
10
0
37
0
0
0
0
2
8
325
16
1
246
2
1
29
0
0
0
0
0
29
0
1
0
0
0
0
0
0
0
0
0
0
0
0
0
0
0
3
0
0
0
0
180
0
2
4389
4
76
0
1
0
1
1
0
0
0
0
0
0
480
413
14
0
0
0
237
113
0
0
1149
2
0
8
4
0
1
46
0
0
0
0
1
37
0
14
38
0
0
0
0
0
0
0
0
0
0
0
1
0
0
29
0
15
0
0
2
0
1450
0
32
0
0
0
403
1
1
0
1
558
4
2
0
4
674
796
0
3
30
89
23
2
0
0
27
2
1
1
1316
46
469
195
7
0
0
39
12
0
542
2
1
2
0
0
0
0
0
5
0
0
5923
0
161
19462
0
0
0
0
0
26
0
0
17717
0
0
0
26
1
0
0
0
0
0
1
12
0
1
0
3
1
34
0
0
0
0
0
0
0
4
0
0
9
6
433
0
3605
70
82
11
0
240
28
15
0
24
0
0
0
13135
0
0
0
0
85
0
0
0
0
0
1
1
24
1
117
0
0
619
1
0
0
0
13
711
107
2
0
61
0
1
1
1
0
2
0
1194
0
56
49
0
0
0
44
2
0
581
0
3
0
82
6
9315
0
0
5233
0
0
2
0
2
1
416
0
0
0
0
1
426
0
0
13
2730
0
9
0
9
0
0
1
1
0
1
2
0
1
0
0
0
0
0
1
0
0
419
0
1
0
114
0
1395
5
22540
0
0
17
0
779
12
0
4
3
0
0
16
11794
9477
6844
0
2
0
12
0
11
0
0
0
105
0
3
1
0
0
2800
0
0
1453
0
0
0
0
15
0
0
2
1
1
0
0
0
0
0
2
0
49
0
36
1
0
141
0
0
4
0
0
5981
0
6
1750
13
0
0
2
0
169
0
1682
0
0
14399
10
115
21
3
0
827
2
0
0
66
0
0
0
0
0
63
0
682
0
0
1
0
0
0
3
2
0
0
0
0
0
6
8
1
0
0
49
0
512
1
1
7
700
0
3
0
3081
13
1
2302
1
0
1
671
0
0
1
8
1
0
225
9
2
1
29
10712
0
10
72
0
5
0
0
0
0
1485
0
0
0
0
0
0
0
0
0
0
0
0
0
0
0
2
104
0
0
0
0
11
1
0
3039
3
1601
19
0
0
0
0
0
0
1449
0
0
0
1
11
1124
0
562
2
0
0
0
0
0
0
141
49
0
17
7
124
0
0
2
21
2
11
0
3
0
0
0
44
0
0
2
1
0
5
1
0
0
0
1
20
0
0
0
511
0
1
0
1
2
0
0
1
0
0
1
0
2202
24
10
0
0
0
0
2817
0
613
1
0
16
0
0
383
321
3
0
398
776
3
0
0
0
0
2
14
2
0
6
0
1
1
1
0
6
0
0
0
0
0
0
66
8228
0
294
64
0
0
0
288
0
385
1
1
0
0
0
336
0
0
50
3
53
1
11
4
0
10
1
628
3
8
0
178
0
0
5
4
21
2
1524
4755
259
2
0
3
2
25
5
0
97
0
0
0
0
0
0
0
0
0
0
544
1
1
542
0
1
0
0
0
87
5
3
52
0
0
0
0
1789
1
0
0
1
0
3016
0
417
230
27
76
1
8
29
0
1
1271
38
1
2
0
0
986
6
19
5085
1
0
12
0
0
0
0
1
0
2
0
0
0
0
552
5
0
0
0
0
0
0
0
0
3560
1460
0
31
0
0
0
0
0
1
666
124
88
857
2
0
876
0
1
2
0
7910
0
0
0
0
1309
0
2
4
0
41
0
17
2
3
20
4
0
0
1866
4
3
28
18
1
2
9
0
292
0
0
0
0
0
14
0
0
0
68
0
0
76
0
3
1
2
0
2
1
0
0
0
1
0
0
0
133
0
3
0
1
1
0
2
6
863
81
0
5
0
376
1
25
3
24304
20459
5918
5104
8514
5302
320
11953
261
45295
0
9524
32666
5104
766
10125
5302
13046
29989
160
38
11
5104
4200
10586
45752
169
0
8538
5104
4769
274
320
62
87
1612
8341
2692
1446
38
160
160
3882
21052
12930
6
320
11138
18000
1709
7722
169
1243
10789
6
0
23470
73
1612
638
320
0
22117
6004
922
2081
6
202
0
0
323
3
147
132
826
0
1
12495
0
823
0
7
2925
1
2
6476
182
40
13
0
557
31
0
27541
21
93
12852
194
160
129
24086
145
46
30396
850
6207
21
175
1888
18
374
168
2
113
1
2088
14
7
110
486
58
51
129
115
283
3101
3385
1
389
20
704
1
7730
12123
6
31
0
7677
507
17948
0
3
27139
0
602
17
364
361
46
0
14325
139
37
0
1648
61
16
9
3
9
317
194
1
73
9
39242
0
0
0
4
5
1
322
776
105
12
3
0
322
13840
0
3
20
10
12287
63
2819
0
0
2706
6
2094
44
233
0
9333
82
332
21
12
31
1
3600
316
20
876
5
97
40
17
0
1
0
5
9
1205
1
933
3
50
2524
0
468
6027
178
169
49
132
59
121
7052
0
315
0
2
4039
0
1
0
0
7
47
0
11
9
5759
0
16
1579
0
22385
9
6550
19
5
1
15
5
146
615
0
2
0
0
11
548
16
37
438
20
2
4
0
1
1112
0
11
8
213
1
23
207
4
1
4782
3489
4
629
1
5211
3621
7
4
745
71
47
5
0
346
1515
120
0
935
3
85
4
0
7
1
32
11
0
23
83
30592
15
0
0
29
0
0
97
0
3
1407
187
2
58
154
1
1506
1801
5
4611
41
285
24283
8
0
142
9
154
0
9
0
4
1280
5
43
72
2
0
4
4
23
101
20
309
17
52
0
90
76
10
1
302
0
27
4
83
1
19
12
2
0
0
25
192
2
0
7
3845
25
0
0
14
3556
0
6
0
198
5
0
5
2
14
0
457
2
0
350
1477
6
3
0
2022
0
0
24
2
16
22
31
3
12
1235
13
23
0
223
2
3
10
0
35
462
0
0
16
1796
44
6
552
8
7
11
32
417
0
48
0
573
0
0
49
2
1593
1598
859
29
0
3184
0
0
6
84
680
187
0
0
6
1
2
190
22
153
3983
0
9
0
0
3
1
917
2
2
0
1
168
73
0
9283
13
6
40
79
0
82
20
0
569
505
2995
10697
20
0
7
1
19
9
0
0
3
0
12
0
5
0
1779
336
83
0
0
0
4279
18
12
291
0
2
6
2
18
0
11
56
95
0
16
0
86
3
2
20
50
2
3
4
1195
2
2
2
11
2
0
5
1
141
0
0
0
0
87
221
0
0
1209
90
1
11
1
1
19
1
0
4715
54
10
2204
25
0
4
0
2618
0
224
2
0
3
27
0
61
0
0
15
10
0
1
0
0
68
26
43
35
167
7468
0
1
16
11
1048
0
25
17631
0
0
1819
417
34
365
25
0
10
62
1
0
1
6
625
285
0
4
14690
151
18
2
0
12
34
0
2
0
294
0
204
8
2
0
47
10
2976
13
12
0
1
0
0
20952
63
0
0
33
0
1
8470
1
64
0
2
948
0
0
20
1
58
3
4
17
73
0
0
9
1
215
797
19
181
1032
2977
13
7
0
8
0
14358
8758
654
0
208
0
0
1253
2
5
270
0
0
2
42
1105
72
1
0
102
11
0
815
225
119
0
1
361
1
39
4
0
27
90
539
0
0
15
1
5
0
224
142
0
11
143
130
46
0
3487
0
5691
13
0
0
7
0
1
6
20
0
0
0
4
2
901
19
3
48
1
11
1530
5
23
1
2
5
0
1
0
0
0
198
8030
0
14
1
4
0
0
616
0
0
0
0
47
108
216
1
0
0
0
3
2
6
381
46
0
4538
0
0
34
155
2608
0
3508
16775
7
13921
3
4
1166
11
0
0
2
0
0
3
6
1
51
1
32
0
0
3
0
0
0
12
0
14
1889
340
198
881
21
140
2
1
3
0
0
0
0
0
2130
55
120
0
8
1
0
1977
115
21
0
130
2
21
1120
1
1253
0
2808
0
0
31
48
0
0
4413
1
5134
55
31
11
199
139
7
4
182
379
25
23
4
56
1
1560
34
0
0
6
9
5
8
2
60
26
16
13
4
1
0
3
2
14751
235
0
534
450
1
0
13
0
0
118
0
90
0
1
1540
22
2
1
0
0
0
50
0
42
2
1
15102
20587
7
45
210
0
0
21
0
0
2
4221
164
3099
2
16
0
0
0
24
2
1
19
0
16
6
0
1865
226
25
1040
661
1
6
1306
62
0
10
1
0
143
1
0
9
2
8
20
80
3
0
475
31
0
1
8
78
0
5
9
101
6220
7
0
0
0
114
1
0
0
0
1
1
0
0
19
439
7
244
0
0
0
0
548
361
0
0
3
8
475
16
28
4
6
670
7799
161
32
0
8
0
0
0
0
0
2
4
0
109
20
1
0
0
0
4
0
0
1296
0
0
49
0
52
281
0
1
0
1
2
48
2116
3
1
0
2616
2304
0
2
111
0
4
624
0
3
22
1
164
1
6
1
1
0
0
1
3
3
0
0
4
2
2
0
3
67
0
0
0
216
2542
406
10
7
0
0
1
1
9
79
3
1108
30
0
31
0
0
3919
20
1
3
27
1204
2
0
42
7
1
1074
14
250
17
48
3
9718
0
21
0
1
1182
0
12
4
6
59
0
1
2
4
455
4
2
164
0
0
365
354
0
0
0
231
37
0
49
459
1
1
1
0
0
2
2
5
24
0
0
71
24
1
1
0
17
2
0
1
0
17
26
1175
0
1
39
0
3
17
766
1
314
118
0
6857
7
5451
28
1
0
0
0
3
14
0
17
3
10
0
0
1
6
1267
7
0
0
9
2
1
5
0
0
1
213
0
3
0
0
28
25
5
237
44
10379
351
0
12242
16266
3
2
1
8
6
212
13
0
0
0
0
5372
0
357
9
1
161
4
0
11
369
59
3
1929
882
0
33
0
38
0
57
2
11
10
0
0
132
0
1
0
0
64
0
2
0
61
7
508
585
8
2
1
1
0
1
229
0
0
0
2634
9
136
9
234
2
0
10
0
0
3
0
3519
0
0
0
16
9
1
0
0
3
13054
2
2
0
1
27
4
0
2
1
8
48
51
2
11
0
18
1
5
7
344
312
853
0
0
0
2
8711
1153
32
14
303
43
2
0
0
0
0
2010
52
215
3
0
3727
2
1
1
10
82
0
0
0
0
189
174
14
14
235
0
1087
1
1
12
16
551
0
0
2031
381
2
0
12
2132
6
0
0
0
3
0
2
1
0
0
0
1
20
0
0
41
49
4
255
19
59
1093
1
170
0
0
65
0
795
0
2
4
4
0
3
29
8
420
4
15
160
0
7
0
1
0
446
8
0
129
14
108
42
10
0
4
7
12
0
4
1
28
2
0
15
24
0
0
99
70
23
0
0
3
1
303
0
3
0
1
13
0
16
1
0
26
527
70
0
0
0
18
0
5
13
15
1
228
4
0
1
0
0
0
0
93
2
0
2
10
0
1
3
0
10319
18
39
5
2
0
0
107
0
1
0
96
0
1
4
4119
4
56
0
0
3
0
0
1
282
1
964
14
2
0
0
3
15
2629
131
782
18
1
0
119
1
12
14
1
7
0
0
24
38
7
9
7
5
124
247
4
0
0
602
91
108
0
6
9
856
7
0
0
0
36
9
0
0
133
1
0
0
16
855
2
3
15
2
0
0
0
1
0
17
0
1531
1
5
6
0
88
13854
49
371
2
987
0
0
1
0
218
0
0
0
0
41
0
0
2
0
12
0
13
0
10
6
0
2749
0
2
18
23
14
0
2
0
0
1
0
1778
1
1859
1
5
1
0
78
0
2
24
3
0
0
42
45
2
6
1241
112
984
6
7
0
103
0
477
50
3116
5
30
3465
1
323
0
220
14
0
2
3
0
0
1642
12
0
37
0
53
4
0
0
1
5
544
14
0
5
0
2
2
0
2
48
0
0
0
397
1
0
1
3893
241
14
2
0
0
11
158
89
369
13
194
2169
51
4
55
245
2
0
0
0
5
6
1
0
283
55
0
0
1
2
0
35
32
213
1
835
26
0
8
2
4
0
0
40
1
5
0
0
1
134
1
2
0
29
27
0
14
19
2
23
23
6
121
4044
23
0
55
0
114
0
1515
2
63
0
0
6
999
3
5
91
1
0
0
0
2
22
69
6
0
0
46
0
0
2
3
0
0
0
0
73
0
0
0
0
176
3
1
42
27
11
0
25
39
6
1550
1
0
211
22
31
109
1
10
2
53
25
2
9
3
1
12
1
0
0
55
134
17
1
0
0
637
0
12
0
0
1921
1482
1
1064
3
0
0
0
0
2
3
1
6
0
0
5
2
139
0
13
216
15
118
80
47
0
19
23
11
0
2260
1
0
2
1
13
11
2
630
1
273
11
1
5
2
91
81
7
7
0
2
0
57
21
0
0
11
0
33
6001
22
1
3
0
0
100
2
2
204
48
0
0
1
0
0
2
1
4
0
23
0
0
237
118
0
0
3
1
1376
205
25
1
37
26974
8
0
3
134
1
0
8
1
3
18
2
0
6
4
1
40
0
136
0
0
4
0
0
2320
0
0
0
7
6
5
0
0
14
10
28
0
2
700
658
0
0
0
0
0
0
4
0
146
0
0
0
0
6
4510
0
57
1
60
0
0
0
0
1
4182
249
114
311
0
2
11
0
0
0
1
52
0
2
10534
0
0
0
2
0
0
4
6
2
5
2
0
0
14
3
435
1
0
0
48
0
0
0
5
90
0
938
0
0
11
0
86
198
0
0
6
0
184
1
150
0
1
17
1
0
6719
2
1
1
5
13
73
0
11
1
48
2
0
10
0
0
227
19
197
18
0
10229
159
1
1
0
10
2
9
2
4753
0
94
20
8
2
234
1
0
0
1
133
767
0
26
4
0
0
0
0
0
15
0
7
130
33
0
0
3
1
1
14
2
1
3413
816
0
1
61
0
31
1
1
0
0
29
105
1
9
17
59
0
0
27
94
3
5
58
0
0
2
3
0
0
2979
1
1
0
3
195
1
1
0
3
0
0
48
0
1
55
0
138
60
0
0
0
0
0
1
1
4
1
0
38
0
418
112
2673
0
4
4
1
2
0
35
2001
22
30
1
1
60
4
1
0
7
240
10
0
78
1
3
13
0
3
1054
985
21
2
81
1
1
2
1719
0
0
0
1
11
4
0
1
1251
16
1
0
0
0
3
0
371
0
0
116
0
0
57
72
4
0
71
47
0
1103
8
4
1293
0
0
0
73
347
19
1
387
3948
0
0
2
84
2
15
0
0
0
0
120
2
16
0
355
3
66
1
5
15
0
47
0
3
0
326
2
0
2759
23
18
51
276
2
0
4
1
0
0
0
2
39
1
70
0
10
4
0
0
1
0
6
0
3
2
94
565
7
0
4
0
318
3021
1
2
17
31
0
47
82
26
564
22
52
0
9
48
2
0
0
37
0
0
2
4
1
5
7
57
7
0
106
3874
2
1
0
223
665
319
39
0
3655
9
0
0
1
20
508
1
0
0
4
90
385
3
4
77
0
0
46
29
16
48
16
0
0
60
0
759
240
0
12
367
29
26
0
7
0
0
1193
0
1
2
4
0
6392
0
1
2234
1
2
8
1
0
59
0
4882
1
0
0
0
0
0
46
0
673
0
0
0
79
0
0
0
416
79
0
16
1
31
2
3
0
5
1
7
109
53
0
329
1
0
4
0
9
247
0
20
7
0
5
30
5
69
74
0
8
0
4
18
1
0
113
0
0
6
358
0
1
9
0
4
12
0
0
0
0
211
8
3
0
0
2
0
2
18
0
106
387
0
2
0
7
3
2
0
8
1
0
213
176
0
0
144
6
0
0
4
5
10
5
15
0
0
2
1
77
0
2
0
1
0
2
2
1
1
0
4571
0
17
1003
0
20
90
0
16
10923
9
41
0
3
388
12
1
0
0
33
2
82
8
1198
5
1134
21
0
0
262
0
1
1
4
25
194
0
0
4
1
38
1259
0
0
853
0
0
14
0
4
1
57
26
0
0
0
12
1
197
0
25
2
0
0
0
89
0
0
0
1
0
14
0
438
26
0
7
0
72
2
0
0
71
1
11
0
0
0
4
1
3
2
31
0
4
2
1
0
22
396
31
12
0
10
82
1
0
1
0
12
0
6
0
25
0
91
0
6
0
4
0
0
79
0
0
2
0
7
1
4
180
9
0
19
17
0
0
1
30
1
153
2
0
0
12
1152
0
2
4
1
2
0
62
0
2703
4
8
0
6
0
0
0
0
372
0
0
24
1
4
0
1627
0
6
30
1
3
4
0
0
0
0
53
6
8
77
0
18
86
12
4
0
467
10
2
0
0
2
0
0
0
1
7
4
0
24
310
147
2
1
182
0
2
11
293
13
731
0
0
1
41
0
2
0
0
1
0
4
10456
0
2
33
1
0
0
65
0
1
28
0
1
21
2
3493
29
6
1
2
4
1
1
0
1
0
433
4
2
27
1
0
0
102
0
55
0
231
327
3787
22
2
0
0
0
3
0
102
1
1
0
28
5
5
0
1
118
5
0
1
0
1
193
1
43
0
1
0
0
1
2383
0
0
0
8
9
0
10
2
0
0
301
47
58
1
0
0
0
2
9
1
32
130
12
0
0
0
5
0
0
0
24
0
16407
6990
0
1
11
0
0
12556
0
0
0
69
0
1
7595
5
51
0
0
13617
18
0
0
113
1
7
0
37
12
0
12
2
4
1
3
0
1
0
11
2
209
45
21
0
11337
112
0
1
1
14
0
18
34
1
0
1
0
0
0
0
0
2
0
241
1
268
0
86
3
193
67
114
1
1
0
0
0
97
2459
2729
4
37
74
2
0
14
405
1
38
0
0
8
410
0
0
0
953
305
8560
54
8
0
6
0
121
13408
74
0
51
4
18
4
1
0
574
0
98
58
385
1
0
9
5
1
0
1
13
0
0
1
1
0
0
0
0
3
3
0
0
90
2
0
1
20
2
0
0
0
0
0
0
24
31
67
0
0
1
2
17
7
13
0
388
0
1417
3683
73
3228
0
0
0
6
33
0
4
0
43
2
0
0
20258
5
1
4
0
10
11
76
0
0
0
0
1986
2
0
3
0
6
0
2071
1
0
0
0
5
1
8
0
80
0
6
0
69
1318
3
1242
4
0
1
0
0
283
22
7840
1
0
2
123
27
5039
0
1
65
1
0
222
446
291
0
3
0
0
1
2529
9
0
0
0
41
3
0
0
0
0
0
0
238
1
6
4
1415
1
2
26
0
0
0
1
664
57
141
3
0
0
0
49
0
0
3
0
112
0
1
0
0
1806
12031
46
11
1
3
13
10
5
0
0
7
2
0
98
0
1
86
12
0
2
0
24
7234
0
0
0
33
74
2
0
1946
0
24
104
0
1
0
1
29
7277
3774
1
0
441
0
4523
0
0
183
5
1
2
2
95
25
19
9
1
119
5
83
182
110
13
46
5
0
0
0
5
3
0
0
1242
6
2
2
1
35
0
1
835
65
50
87
0
6
0
0
153
2
0
0
14
618
369
0
0
58
0
21
39
0
6
2
1
5123
0
2774
1
40
1
15
0
0
0
0
0
7
2
0
187
0
6
62
756
414
5
0
4
0
0
2
83
5
6
0
2
15
73
25
8
3
0
0
17
0
1
0
0
33
17
0
0
151
2
0
5
0
13
0
34
15
9
1476
0
11
0
7
1
108
1961
499
0
4
0
2
0
13
70
0
1
3
1
1
0
0
33
3
23
33
0
9
5663
438
2
2
2
1
0
332
1
0
1
13
6
1
45
38
11
1
0
24
0
1
0
0
0
15
12
0
1
0
0
175
1815
0
0
4
0
1
2
162
404
6
124
93
0
0
0
3
0
4
14
9
27
0
355
0
0
0
92
2
10
4
1
8901
0
0
0
0
96
0
1131
124
3
0
0
124
0
534
3
36
0
1
0
74
0
3
0
1
3
0
1
341
5
1995
1
52
7
17
0
107
14
0
0
340
6
0
44
12
0
12
154
0
0
4
0
0
0
0
5
0
0
1
497
2
1
100
0
3
428
1
4
13
1
0
5
7
8
189
1827
0
0
0
9
0
1
1
0
1681
0
4
365
1
6
66
2
0
14
168
3
0
4
2
0
0
81
24
0
0
30
31
184
0
0
0
1
0
0
4
19
0
0
8
0
1
0
28
8
2
6
0
1
6
1
3
1
0
2
3
0
0
59
0
3
16
1
0
10
0
5
12
0
260
0
68
622
0
118
2
707
36
1
1
1156
0
0
1
578
13
75
0
0
1
2
1
0
3205
6
56
9
0
1
0
12
14
0
115
29
0
86
0
1
1
1
0
1
344
536
65
26
8
0
1
0
0
0
13
4
1
0
2
1
59
0
13
60
0
0
0
8
594
11
0
1122
7
2
836
0
0
1
70
9
0
16
7
3603
1
5079
0
8
0
13
0
0
1
0
0
98
8
1
7
85
32
0
0
0
25
305
1
1
0
1
0
0
31
21
338
13
2
19
95
0
1
12
3
1
1
0
10
13
77
0
110
48
0
0
0
1
0
6
35
31
2
49
6693
1
0
0
1717
3129
35
0
18
17
66
0
1
5
0
735
1
0
0
2
0
0
2
0
0
2
5
2
0
6
0
0
6
0
37
0
5
47
46
0
0
0
24
1
2
4
11
40
0
5
0
4
0
736
147
0
3
0
146
1
0
3
1
1627
14
856
6
38
0
0
1
379
3
4
14
0
7
0
0
1
0
1
596
0
0
0
3
11376
0
0
244
2
56
3
0
0
87
0
0
0
0
25
0
168
0
278
6
0
0
3
4
0
35
8
3
0
1
5
0
6
1
0
6
275
326
2
0
0
0
5
12
1
1
0
0
147
187
129
1
23
254
69
750
2
3
0
9
103
123
212
0
619
257
0
10
10
1
19
159
7
4
0
573
17
3
31
0
158
8
5
59
786
0
0
0
1
5
0
55
0
1
46
532
1083
0
0
0
2
16680
0
26
2134
15
0
10
6
2
0
83
0
0
11
5
3
0
2
0
1
12701
0
0
26
0
1
9
0
5
17
27
121
0
235
75
327
0
339
5
0
666
1
0
0
17
3
789
7
16
0
3
2
4
0
2
0
0
0
0
0
23
0
2
1
127
478
15
0
117
2
0
193
5
1598
0
269
23
60
10
0
1
1636
0
735
328
0
2
16
0
3
4
3
0
0
27
0
6
0
0
0
0
0
49
4
0
2
1
0
0
3
47
0
1
1595
8
0
0
0
6
0
1
1
0
4
0
0
933
32
1
3
82
9
1
0
0
2
0
6069
32
0
0
1
10613
8
3
35
0
1259
3724
0
0
20
0
0
4
0
0
3
0
0
0
0
51
1841
0
0
32
2
146
3
1
156
0
3
18
0
2
5765
1
212
0
0
0
0
0
38
0
0
3
0
1
2691
1612
4150
21400
1675
0
15617
185
47557
33517
17647
26102
22172
603
12183
4220
23966
160
3566
8661
26860
4066
25027
38
621
43143
9358
314
147
6
160
6
11658
320
3704
13322
14434
147
2884
2884
39274
4379
12967
71
8992
274
11149
23971
30812
3649
1621
12859
38
14648
13169
13322
2650
12573
37770
180
45295
3356
0
20322
660
295
571
2837
2217
4
152
2233
0
407
7
1487
9678
189
3264
11
0
3
2
3
24
348
1389
242
614
9
347
39
2863
311
1
0
1693
3282
345
1685
180
6110
75
75
3
692
4708
140
0
2879
998
103
13
2406
5
4961
207
34
2
4571
902
71
39
29871
177
34
826
14838
3075
96
10174
1
797
6610
23
372
1
0
26
204
94
302
0
0
174
13056
0
24
3
16425
10
11
4
4
1464
1
8
2172
4639
0
0
94
39
5280
2437
139
1066
1066
1
4
3
3693
39
8
1753
0
11
6779
19
18
4
126
2
0
2814
30
90
0
7
2757
81
0
0
1
46
1
4
7
6
87
0
3
8311
3
14
1
0
32
5
0
20978
0
12
0
7
3210
3
2
2
1758
234
153
0
2541
52
0
3
5
1760
2
575
796
6
0
72
62
0
3
5
0
14585
324
163
1336
50
1081
8295
3
1
0
0
86
9
12898
75
9
0
3352
674
293
1
4
27
538
0
1
279
4
119
611
0
4
102
98
28
194
0
6
94
25
31
0
485
8
0
1
1042
6684
1
5
12
22
6322
2
5
276
21
0
296
0
52
40
39
0
8
181
0
2205
1
2
4474
721
0
5386
2272
41
0
0
1943
244
13796
303
2105
160
269
0
22
0
3774
12318
0
178
0
4511
0
12
2
0
81
1183
14
2
46
692
6
19
51
15
53
1
2
13
1
7073
6
2
0
22
55
1
4
1
0
0
23
2
51
0
29
4
60
0
11
0
1
1
321
0
0
9
6
18
475
15
52
1
8531
96
3
3
0
4
301
0
2
154
5764
553
154
6
3
108
47
0
0
30
26
0
412
1
205
0
407
14579
12
799
157
0
19315
95
9
4
0
14
0
3655
11
8
11
2
10
1828
37
880
0
7
0
0
1
0
398
2676
393
0
2
324
8
171
582
27409
6
227
20
6
34
291
34
48
17
34
150
6
0
67
63
0
3003
9891
978
0
526
5
0
3092
0
517
0
75
1
0
158
18
0
0
3
117
3
17
0
0
13
10
0
268
4
2286
49
221
2
2
249
8
0
0
0
6
1995
17
16
13
0
0
165
0
14
1788
59
263
293
0
0
0
0
12
0
0
0
0
4443
2
0
0
0
7
675
222
15
235
417
103
150
1
0
0
0
31
7044
2
0
0
1
0
3
1273
19
6144
0
800
1
17
0
0
38
839
3
76
0
42
18
1454
2
0
0
2960
1
2590
4
8
8
0
365
0
75
2
0
0
13
390
7
1
0
18
6
1
4
0
0
0
0
1
1
68
0
26
1
1
22
1253
6
5
5
53
0
126
43
0
275
0
529
7
0
0
1
5617
0
0
4
0
0
0
1216
16
21
391
470
0
12
0
2
0
0
0
1826
13
0
5
24
90
9
0
1
322
25275
8
0
0
0
2
1
2218
826
191
7
2
6
3
27
680
1
0
1
2228
0
0
45
17
11134
48
1918
8
0
2
0
2
0
130
11
2
402
15
61
40
3117
4
2218
28
1
1
2
0
4
2856
0
20
0
12
0
1
497
630
5
0
9867
2
1
45
2
1
0
2
42
593
411
0
1
13
163
14
65
0
11119
0
0
0
10599
3
146
0
1
30
60
349
0
1
31
159
1
1
0
0
796
17
9
675
0
0
1
432
0
0
170
158
0
42
1
4
4
0
2
1
8
2835
3
3144
3
8083
3
0
0
4274
3
2060
2159
0
10
1
1
12958
1
9
1
0
11
0
320
18
2
0
47
1855
2
0
0
1
2
0
3302
0
0
0
0
69
372
1
3
0
242
172
0
35
19
381
0
0
1
3
2
0
0
0
2206
2067
32
1683
0
24159
6
2
23
82
0
3
55
322
0
60
959
1
1
0
172
812
0
0
1
59
0
1
8
3
6
0
0
17
0
4511
2138
0
1264
0
462
0
84
0
0
12
0
0
0
1428
2340
3630
0
0
0
3
0
483
0
3430
2
0
1
3
264
0
0
0
0
0
0
214
0
0
1
0
3
0
10
14
0
187
0
0
0
0
282
6
33
6
1
41
6576
115
41
3760
3
16
0
2721
0
4
93
4
5
18
1092
3061
46
1332
332
7
3532
1086
1000
0
1977
0
11
0
2
7
5
6
308
10
523
0
265
0
5
940
40
0
3
3
70
22
8
2
0
0
1
1
8
1
0
0
1
0
2
0
6
0
1
10
1198
2
0
0
0
3
41
4783
40
105
117
301
1
0
1
402
3
1483
2
1
2
13
1
95
399
2
0
103
0
0
1
0
0
6
524
10
0
0
0
3
105
307
62
45
5
1261
0
44
0
0
467
39
0
77
2
0
437
0
0
0
7
0
0
4466
2
0
0
0
0
0
6
19
36
6
273
0
2
0
281
1
7
5
0
207
0
34
0
0
12945
2
0
1
6
0
15
1
12
2585
4
1
1
4
100
91
4
2285
31
94
2
1
1342
125
0
1
0
0
7
16851
6
1
1
1
0
0
23
0
14557
19
2061
6
0
117
2
312
76
412
22
0
367
8
0
0
4
88
1
11230
34
0
5
0
0
0
1107
37
702
75
0
0
323
4
0
29
1
0
1
0
1
0
9
39
6
0
1
96
111
0
0
9031
0
1112
0
3
59
1820
1
0
1
108
0
594
98
0
42
0
0
6
0
0
1
1259
0
1
0
3
0
4
1
9458
2
20
7
0
3
143
2
798
2
0
12
1
0
35
26
1163
7
0
46
1
14089
0
2740
56
0
0
0
11
0
331
0
5449
6
118
0
3
2
49
712
193
92
93
1100
285
46
0
1
8
0
11
3
4
0
0
330
4230
1
2
0
0
1
1
10
1340
172
34
3
0
3
0
72
3
1
1
0
8
0
12
0
2
0
0
594
4
2349
0
1
3
175
1
0
50
0
0
275
0
77
3
11
27
0
0
17
6
38
1
0
211
97
415
1
118
1688
0
33
0
1
0
2
0
0
557
5762
3
0
0
6
5
0
0
9
33
0
0
10
10118
0
2
0
0
0
0
3
1
0
209
1
0
1
0
0
58
0
693
1
0
914
277
65
2
8
0
103
3
1421
0
0
2
0
0
105
1
2
25
0
1236
217
41
0
0
5
1
1
253
14
21
394
0
11
3
0
0
4
10936
1
111
2
0
0
424
6564
7
0
2
1
3
1
0
2
0
12
0
0
2
0
15
532
9
8
0
0
0
433
1
0
0
6
1
2440
0
0
3
1014
0
1048
0
0
1
0
269
0
0
115
1
6
37
3231
0
0
0
9
6
3
0
25
36
55
0
34
0
371
110
0
1
0
0
0
14
11
1
74
0
1
0
5
323
713
2
0
132
1
11
0
773
24
0
0
689
6
2138
0
54
3
2
302
0
0
0
4
0
73
26
0
1
5642
1
8
1
7
42
0
196
14
2
0
975
1
470
1
0
3
6
6
0
0
27
0
0
5
7
0
14
0
17
50
66
10
0
1
14
0
2
1
4
109
0
0
1
158
0
0
105
11
0
0
22
1
0
65
24
0
0
3
6
0
0
0
0
0
40
92
3
1
0
4
0
56
2
78
2
21
21
0
0
0
3
0
173
50
1
10413
0
30
0
1
0
1
0
2
0
16
3
0
1
0
0
7
133
0
172
13010
1
0
539
7
7
0
96
310
2
1
0
2
0
0
36
0
0
5
397
78
7103
1
24
0
5
3
0
0
25
0
7
63
0
0
26
31
0
0
11386
1
12
0
0
150
146
0
2
0
173
12
0
0
4
0
0
3
0
0
0
0
0
117
21
3456
0
8
0
1
0
2
3
732
3
0
583
37
455
3
0
9
1
2
0
0
469
5
6
7
1
0
0
0
1645
1
3
6
0
20
2
0
37
10791
3886
2
1
1
349
0
0
0
1
407
1
0
2
0
0
4
0
20
0
4
1148
1
13
2427
1
1
82
49
225
1
8
0
1
34
1
1
0
1
2
0
0
566
1
0
0
529
0
0
0
14
27
0
656
0
20
874
11
0
2
0
20
61
138
1733
34
13
1
1
0
2
0
0
1
0
0
0
0
0
140
7
0
0
1
0
2565
0
1
5
0
0
23
1
0
126
0
0
0
0
155
0
1
139
569
3
5
1
2
0
22
0
0
427
171
3
41
430
1
2
0
84
0
4
2
0
0
2
0
0
5
0
0
203
27
1
210
3
0
1
3
205
6540
2
1
0
272
7180
0
0
5
1
42
0
0
78
2
1
0
1
29
0
1
0
124
0
176
10
0
2
3
2
11
31
1
0
0
0
4
1
13
25
5
0
0
9
0
0
0
20
1
0
0
101
10
0
11
2
8
20
0
0
0
43
0
0
149
168
0
0
1
53
0
0
0
2
1545
2469
31
35
0
0
3
1
0
639
3
0
0
208
0
31
3
0
25
6
4
3
0
39
8
3
152
0
0
2
0
2
0
8
0
575
0
77
164
88
0
2541
0
70
2
9
1
5
0
76
39
1
6
1
106
0
1
0
4
109
337
0
26
0
1
1605
29
299
0
0
2
26
0
2
0
136
0
106
0
1
3
0
293
0
0
69
0
0
0
7
0
61
0
6
488
4
103
17
0
78
1643
0
455
0
74
274
6
761
43
43
9
0
12
0
7
3
2
13
2452
1
3
41
15
93
0
0
3
0
0
1
532
4
0
0
78
1
0
42
1156
1
1
0
0
138
0
0
0
1127
67
0
0
2
11
0
0
0
9
7
1
88
1
0
4358
923
60
0
0
8
702
4
58
0
137
0
0
4518
2034
0
8
0
3784
0
18
85
18
0
1
109
0
6
5
0
22
108
6
0
3
0
0
3023
1
12
0
0
884
22
119
24
2
0
1
35
22
0
0
0
0
1
107
350
0
76
0
1
2
254
6
4
3
2
2
255
3
0
237
2
0
0
0
0
0
0
0
431
649
4
182
1
0
0
2
89
0
1
0
50
32
117
26
0
27
0
4
2
1
79
0
0
26
1
0
118
30
605
1
2
0
8
1
9
757
0
8427
0
29
11
1
77
269
7254
737
24
0
5
2
41
1
0
1163
41
0
5
1
67
1
15
0
1
2
1547
37884
0
0
0
0
2003
1
1
0
460
3
37
22
0
5
16
2
1
0
18
0
57
17
0
4
0
0
9
0
4
1
0
3
0
436
83
1451
0
101
1235
0
1
9
0
8004
0
0
0
62
608
14
61
18
0
25
0
1
4
0
6
0
22
24
8
0
0
0
98
0
2971
0
0
0
0
2
0
0
0
0
0
0
964
17
0
1746
1288
12
0
8
1
1
216
4
0
0
0
319
0
0
467
8
0
3
7
0
0
1
0
7
0
1258
3
0
0
1
56
0
3030
4
0
2
3686
21
0
1670
0
14
0
1
0
0
22
1023
0
1
2
77
1
1
0
4
288
2
7
193
0
4
2902
0
1
510
0
0
104
63
9
1
9
0
219
2
5
4
1
2953
17
0
2
7
9
8
2
0
4
3782
26
3
479
0
0
0
3
0
518
1
2138
0
0
157
24
12
0
0
25
27
21
0
1
7
0
2
0
0
0
699
3
5
0
159
0
0
271
125
2
38
0
1
0
405
0
8
0
10
0
30
8
0
54
0
0
4
0
0
1
0
0
2
0
3
0
0
0
0
1
515
3662
0
0
0
122
9
4
7
0
3
5
0
4
0
0
2
0
43
0
480
0
0
4
1
9
2
2
0
224
3
1
0
0
0
172
0
0
7
1014
0
3
0
0
0
0
0
1
0
0
0
5
33
1
0
0
22
0
2652
2
1
0
0
0
0
179
0
5
0
0
0
0
0
29
1
17
1060
34
0
0
3
0
69
388
6
0
0
0
0
10
10
3849
0
8
14
13
0
47
195
1
7
6
0
2
1
0
0
0
0
0
180
0
0
23
0
0
1
51
20
3
0
14
21
0
13
55
0
1536
0
49
0
14
0
0
1
1
2
0
126
508
1023
725
14964
1
12
4330
69
1
0
1
0
1
1
2129
0
1498
357
538
15
10353
5
26
235
1
0
5
12
1
3
65
0
11758
0
0
49
15
6
1
0
1
651
0
0
0
2
0
104
0
0
0
0
529
107
0
15
7
0
41
0
1
0
2
0
136
0
0
40
13
1
152
0
25
124
7039
2636
2
0
0
2
1
92
0
1
70
0
0
3890
54
1
0
0
0
0
4
0
24
0
5
0
239
2
2
1616
70
0
52
30
25
0
0
1
19
0
1
7
0
48
0
101
26
0
0
3
0
803
0
0
0
7596
16
88
0
57
0
2
2
180
14955
440
0
250
52
1
28
0
6811
222
43
15
6
7
0
0
1
0
0
0
2
0
754
5
0
1961
1
1
0
3131
143
0
91
0
0
16
0
0
0
0
240
6
25
0
0
12
0
0
1
6
18
2
3
0
0
2
0
370
0
0
62
2
3
146
53
0
0
0
2
172
4413
6
146
0
6355
0
0
0
3582
116
0
0
0
615
82
6
1
1
0
105
0
0
0
1
2
7
9
0
5
0
0
689
4
0
0
1
71
0
144
0
129
3
0
180
5
0
1661
82
11
0
402
94
1
1
0
1
18
6
15080
1
7
12
4
8
1
0
0
4802
394
0
129
1
0
0
6
0
1
1
663
3
8
15
11
25
0
1
8
0
0
0
6
1
0
2
2
0
14
0
0
11
0
0
38
369
0
1
1
1
6
0
3
0
0
8
56
519
162
0
31
3
0
3966
303
4
30
0
0
0
0
191
7
1268
0
4
1
1
1
2835
0
0
1
1
17
1
23747
0
0
14
0
0
424
1
0
5
0
1
17
0
0
4
0
0
0
34
1432
1122
1
56
0
2
28
0
0
1
0
2
3788
0
278
1235
5
24
96
0
0
0
79
7
0
0
0
19
0
9
7419
0
414
2
13
178
0
0
0
4038
1
3
19
0
56
65
14591
0
0
0
0
0
0
1
40
0
10
4494
9
457
26
0
0
0
454
0
7
0
1
63
1
1
0
0
24
0
2
1115
2
0
0
0
375
0
0
81
9
0
63
0
194
0
40
0
11030
13
14
6571
0
2368
0
3
0
2390
1
0
140
2
7
1
160
1
33
0
5
1297
9
0
352
4249
1
3399
0
0
0
0
0
9
0
0
0
31
40
282
2
1
1
132
1
1
0
1
0
17
77
95
416
170
1
0
0
4218
190
0
0
0
0
70
27
30
189
0
2
2
117
12079
2
0
7
135
43
8540
0
0
0
1
1
230
1
2385
47
70
191
295
0
1
248
21
99
5
17
3
2698
39
47
37
1
3
573
2
12037
1
1
0
0
0
8
0
0
10
5
15
1
0
59
0
0
0
10
1
0
0
0
139
0
0
2
52
0
437
12
8444
4
0
98
484
0
3
33
41
30
0
7
3
1
2953
1
3
0
1072
0
206
0
18
0
6
30
26
0
287
1
0
3
13
144
1
0
428
467
0
0
0
79
6
0
0
0
22
4
37
175
0
5
0
0
28
0
0
204
3
3
0
115
9
74
0
0
2
156
0
0
272
931
225
0
0
21
35
313
0
0
0
0
1823
2
1
1
280
0
244
24
3
4
0
4
3
0
2723
5
7
32
0
76
0
77
761
0
5
2
252
40
0
2
2
0
0
2
22
1
0
0
697
0
15
6
7
413
0
93
0
1
1
0
0
40
2
22
0
17
20
2
0
2
5
1
6
4
0
3644
66
10
0
674
0
2
1
0
0
0
1
3
94
0
10
0
0
84
0
232
4
3
0
4
2102
22
66
0
1
97
1
0
1460
3
4
362
45
0
66
0
2
195
1
7
6
2
17
8
1
1
0
13
1
2
121
0
2022
0
0
1
84
0
1023
196
21
11
0
39
0
0
3
9
7
0
0
1452
895
4
28
3
0
1675
0
190
0
0
1
85
0
0
63
12
3
1
0
1
167
5
0
0
16
0
0
0
0
58
0
0
0
46
0
320
2
0
8
52
152
167
0
105
1
1
0
256
0
1
597
2
0
7
3
0
6
1
0
1760
34
0
5
1770
82
0
2
2
0
3862
5
50
0
105
5
18
0
0
3
11
26
0
0
165
1
2
0
0
17
1
76
8
75
0
0
15
1759
0
0
0
4
0
0
0
3415
0
4
5
0
0
56
157
4015
0
0
0
56
3
0
0
5
102
21
0
0
1648
0
423
1
0
1
184
1
5
268
45
11
0
144
88
3
0
0
8
3
0
0
0
6
11
110
189
10
2404
233
1
0
0
298
0
6078
7
2
0
0
4
1126
0
31
0
1
806
0
0
1
3
0
0
103
1
3
16
0
286
0
0
64
36
347
0
58
7
8
96
94
3
91
0
0
6
0
0
14
0
0
1
10
417
3
67
0
24
0
0
1
0
1
1407
1
1
0
91
99
4
4
0
0
11
0
129
2
0
0
0
18
0
17
59
9
0
1
1
0
0
115
1
16
51
71
0
1
0
0
5
143
0
16255
1
3
0
3
5
6
0
0
4
0
4145
0
0
0
8
25
0
0
1
0
1
1
99
51
0
2663
226
34
146
0
2563
5
0
3
0
114
1
1
4
0
1
0
0
603
3
2
1
0
2
4
0
0
27
0
1
0
6
117
1
0
1
3
2
3790
1287
0
21
1
0
81
148
1680
1
3
0
26
0
12281
36
2
7
0
1
1
3
42
1987
0
0
3619
0
1
0
0
16
0
0
4
51
5
2
3
2
10
0
0
7
11
239
30
0
19
0
35
5
619
0
12
5
0
1
2
14
0
10
1
62
2
1
6
61
3
0
0
7
55
0
0
0
4
1
1
8
0
1
0
56
22
162
6
159
0
0
15
0
1
14
4
2
2304
5
0
17
1
0
1
0
2
83
0
2
3
0
0
0
3026
1
13
12
0
6061
0
54
4808
53
0
1
1
1
1
0
9
0
3
1
8
16
17
0
5024
1
0
2
0
0
0
0
246
5
0
10
43
2
1
0
0
1329
0
0
13
13
0
0
0
0
5
202
0
94
0
73
1
21
15
14
4
0
0
7
1
6
14
1
0
121
11
8
984
4785
66
0
0
2
5
0
0
0
1
14
7
2
0
3
35
0
247
0
1
1
0
6
5375
458
0
0
0
7576
6
0
0
315
0
51
0
0
13
15
0
1
0
1
0
0
53
211
0
0
0
0
0
0
0
52
0
0
720
423
19
0
0
1
46
0
16
0
17088
17
36
5
0
0
2
31
24
32
0
9
0
1
0
0
5
3
3
0
76
16
5
3
12
7
68
0
0
0
0
4
0
7
3
33
0
6
0
11
0
2
1
0
0
7
0
1
5256
0
3114
0
0
0
308
75
287
18
3
17
1135
44
0
37
112
1
0
2
76
1
7
0
0
1
4
20
6
2
257
384
0
0
0
12436
559
1625
9821
19666
13696
645
48
205
559
87
3643
25027
225
6
17
6
13696
2882
37
163
559
14972
4864
20
192
192
261
160
14503
6
40525
30012
7653
621
1144
3274
0
408
4327
335
3274
5675
34610
5104
0
2317
13085
1890
75
180
1612
3045
1612
839
962
1612
28
1612
1612
69
75
1612
5215
0
4555
0
5
12
11034
1
174
12
9112
1833
3
4
3288
4611
301
1046
687
24702
36
61
944
6272
168
23112
0
0
2343
90
15
5
1308
11
194
3481
14735
1
11010
8053
683
0
28615
0
10665
0
1940
409
53
11265
0
4843
1023
0
11
19
165
11
9803
11
11
2564
17971
11
352
70
9
5533
205
0
3
7312
315
68
17
7
5154
2
175
0
0
0
2
0
22015
76
3
7558
57
29
0
888
10
34
0
21510
239
35
17935
28
155
5
225
64
12
1232
1
0
0
333
9342
2956
75
253
111
0
233
3
128
0
5
0
58
30
0
13003
4543
0
0
0
168
6
10
2
41
3
8772
13151
518
1
17721
0
705
0
7
1
58
121
5
34
432
10
469
637
0
0
289
1
35
493
259
0
2
131
568
0
0
9
0
1
1491
0
0
413
8
8
0
16
31
285
0
0
693
0
1589
0
798
740
26
31
62
138
0
0
7308
0
372
145
3266
6648
47
7
4
0
0
1
1
0
3
0
17
33
31
16842
0
4
5
6
513
228
6
4585
41
279
30
255
152
0
0
72
0
9
13
368
7
13
5
177
691
101
9
0
0
58
1
25
2
43
12
0
0
6
629
11
1
932
1
0
1
4
18
2
0
28
7
0
1
21
5121
2454
1008
32
0
809
70
715
67
372
16
0
2949
0
0
3
187
79
342
1579
527
21
0
7
4
4
0
1
21
10
0
16
1419
13568
2
4630
0
1
0
0
52
1
1
25
0
38
3
0
0
0
23
2
77
0
3385
238
0
11899
27
3
6136
0
0
412
13
4817
8
0
255
4953
0
3
432
8
7839
0
342
0
0
1
2846
3
0
6
8
108
384
41
0
1
321
23
34
0
0
376
44
5
0
0
0
98
0
0
1
10
0
0
1
337
76
0
10265
0
0
1
75
41
1
1
0
4895
6
35
2
0
5
150
16
204
33
0
496
0
7
6463
2
1
4
1
273
551
1
5
0
1
304
7
208
0
0
9
51
1
11
26
0
0
71
0
837
0
135
402
5
16
5
0
1
0
1
3
57
0
2676
49
2127
64
0
0
30
2488
0
1
2
3
1
20
2
0
0
5998
3
36
1
0
5
0
0
319
5422
0
6
0
123
0
0
0
3
5203
0
26
351
0
0
0
12
2494
1914
26
0
2
6532
0
0
11
3
3885
0
0
1502
3
1
20
35
441
72
6
10
0
2145
23
190
1
0
49
27
19
66
0
0
3
26
22
0
235
0
4
0
0
0
0
30
0
57
0
13158
1
217
278
0
0
4
1
0
11
1
0
1
0
478
0
0
0
0
0
0
0
233
1
7
14
1
2
2
580
4
0
0
1
0
0
0
0
2
0
51
38
0
17
0
0
1
224
0
34
4811
0
0
13
164
2
13
0
0
193
19
1
13675
1
385
251
5937
2
0
0
5
3811
65
8
6126
30
4036
0
67
0
6
0
417
0
2
70
0
23
31
417
0
28
0
0
0
46
1
0
0
0
1774
1
1
17
0
0
20
1
211
0
272
1
0
18
15
0
0
1
10
0
21
0
10
1254
0
2
6
0
26
0
2
0
2
114
0
7
0
0
557
4
133
565
0
0
6837
0
8
4140
0
66
0
8
8
12
5939
0
0
89
128
3
2
0
0
0
1643
1
0
449
0
0
2
310
20
210
0
1
0
0
1
0
0
5
439
1
69
0
0
220
78
0
301
1
1
163
0
4
0
449
0
4
0
23
13
118
1
6
1
0
0
28
17
12
0
0
865
0
0
9
0
53
0
4784
37
156
0
7
3
1
3
1
0
2
0
1
0
0
0
169
449
1
1
9
19
0
1177
0
1
3
17
0
71
4
30
0
60
3273
0
17
0
0
0
174
0
768
0
0
0
15
8
285
0
638
38
0
0
3
976
563
154
0
0
2
571
0
74
7
0
1296
1
4
297
21
7
25
1
0
2
2
0
55
0
0
0
14
44
16
9
0
162
4
23
1
3246
0
0
38
1505
1
0
132
0
2300
0
0
0
1866
1
0
0
0
0
0
55
0
0
7956
0
1
0
0
12
5
0
0
719
3
2194
0
0
0
18605
0
289
30
0
0
1690
0
25
0
287
0
0
438
16
98
0
1955
8
0
23
0
396
0
1
0
2697
0
71
173
3
0
781
3
10254
1
0
0
614
0
0
0
0
0
0
4
2036
0
1
168
210
0
0
0
561
2
0
7
37
0
27
0
0
1301
1
0
0
0
0
0
1
2691
0
7
0
275
9
101
1907
337
0
0
0
53
185
0
0
4
135
13
0
0
31
7322
5245
1
4
19
3
0
0
131
10
674
1
8
0
0
17
0
421
1
0
1
23
0
6892
384
9
0
34
798
0
1
131
3
0
1879
1
1
15
0
100
0
2
77
0
22
0
0
2
0
2
2912
0
0
123
8
13
0
0
0
1
563
39
1
2
6
282
238
351
8
0
0
0
430
1
16
481
24
4
1
4
0
1059
0
58
4
0
1
16
10
0
778
0
0
3222
0
27
2
0
5
0
35
1
7
0
0
4
124
1
59
120
15
3
3
1
335
0
199
1
1
0
0
0
18
0
1
41058
57
13
6357
0
68
0
2
0
1
15
155
0
0
1
15
0
97
7
8976
20
4811
2
1
2
0
0
10
0
1
0
292
12
16
453
0
0
5252
0
50
3
3
5
4
0
3
1
0
0
0
0
0
2
0
0
0
861
0
12
0
0
0
0
4
101
1
0
1785
1
9147
6
1319
0
0
0
1773
28
10
1
0
0
396
0
5
162
0
0
343
1
968
2
2972
1
0
577
6
26
3
33
0
1
0
2
0
0
1
0
475
0
1
1
0
11
4
7
0
0
2
0
15
3
0
38
75
1
9
850
0
1138
168
0
0
3
296
0
2710
0
0
0
0
18
407
100
0
9
1
4
17
29
2
0
1
0
1
4
0
0
11
4
1
0
0
1
0
0
0
6
0
0
0
26
3
105
0
1
5
0
0
0
0
0
0
0
7
178
0
0
24
1721
0
1709
220
0
0
0
3
0
2320
1
0
0
0
0
1004
38
5473
4
0
0
0
1309
20
0
0
0
5328
6
1
8
2
0
0
2
0
0
1
0
292
25
0
0
0
0
0
0
0
8
0
1
2
24
0
76
0
526
0
0
0
25
0
31
605
1
356
0
0
1831
1
0
2
0
11
669
3
0
7
0
21
2
1
0
502
2
22
2
14
1721
4
0
347
1478
0
11
159
0
662
0
0
58
91
2
2
0
0
1
7
1
6
10
0
0
0
12
0
0
0
32
0
1
0
1331
2
3
1
32
0
0
7
33
251
0
0
0
0
0
869
3043
7
3
720
0
0
1
1
1
785
0
0
0
24
0
6719
0
0
5
9
470
113
89
1
3
15
189
0
1554
0
21486
0
0
1407
0
2
0
0
14
23
0
0
6
1
0
39
0
0
109
0
100
10
69
2759
345
111
547
74
19
0
2
0
0
3
0
406
0
6
141
5
44
18
1354
17
67
74
5
0
7
572
3
3427
3
1
0
58
2
0
2369
0
0
2055
0
2
0
92
67
1
86
2
34
1
457
0
90
0
0
0
24259
47
5
1
0
369
9
20
37
0
0
1
1
939
1
14
1
1
1
0
0
36
0
0
0
335
5314
3308
6
0
84
1
0
0
0
0
0
21
11206
11
0
63
0
0
2
0
12
13
169
23
5720
0
0
0
0
1
0
0
1
0
0
12
13
86
1
5
0
0
2
4913
222
43
410
27
27
102
0
27
364
0
0
0
189
0
0
0
0
0
3
1
8
25
1
1
0
12
0
0
2
0
0
0
10
988
0
11049
0
523
1
29
10301
213
0
0
44
0
45
0
37
5
58
0
0
1
0
1
0
0
0
0
29
0
0
264
0
0
10
32
6
784
30
0
8
18
0
1
78
0
5
0
0
0
1033
1
1
2
0
0
14
2
0
0
1
0
945
5
211
1
0
4
0
0
13
0
125
0
0
0
2
0
0
0
3619
0
1
0
0
1
0
2
35
1915
0
1
0
0
12
6
29033
19
5
73
2
19
3
0
1
0
0
1868
5228
0
68
0
0
0
1
1
7
29
0
1056
19
1
10800
0
0
12
0
0
0
7
0
273
0
0
0
0
31
0
151
1
0
0
0
25
5
67
0
0
1
0
0
0
3
1
0
0
13
2
714
283
12
0
18515
55
0
18
78
0
1
0
11
0
17477
0
0
0
0
0
1
605
16
30
0
1
438
0
18
1312
71
62
0
55
0
1
0
6
841
46
0
3
555
0
3
2
0
0
0
0
0
27
0
0
19
79
1
7
0
145
5
0
0
8
51
24
55
8
2
558
279
337
3
0
926
0
0
0
454
0
187
1
2370
270
1
0
5
2
0
16
0
24
11
4
3628
3
0
1866
0
20
3
1
67
3
255
0
14
39
6
0
0
2
0
0
1487
0
0
390
36
0
0
0
0
3
2
0
3
0
0
123
2184
0
18
2
17
278
1045
0
3
0
0
190
0
0
0
0
0
5
0
0
133
51
0
0
0
34
119
11
1465
3
1
1412
0
11
47
3
0
0
25
0
1303
0
43
4
46
22
1
0
1044
15218
0
0
0
0
0
132
0
0
2
13
0
16
442
20990
2
845
468
3
21
1512
103
0
172
0
0
168
0
11
0
0
0
0
0
9
12
15
4
362
0
1
1
5
3
2195
0
1
5
2
0
3217
2
0
0
14
14
11
7
0
0
1
0
0
10
0
2
19
0
102
0
2838
0
0
0
0
37
0
0
1
1
15
1
11363
0
7
994
0
1
0
0
0
0
3
0
0
113
5609
766
21
0
0
0
0
0
118
0
0
17
0
1363
0
0
112
6
0
0
199
0
0
13
0
0
272
0
314
1
1
11
0
29
0
1
0
0
12
2
0
52
0
0
18
2757
19733
0
108
234
0
5068
0
0
0
0
166
0
0
0
0
1
0
0
0
0
2
10
16
9
2
6334
0
1
1
4
0
0
71
3
21
44
27
1130
0
0
0
448
1
37
59
0
0
0
1
208
0
0
1
3
5
7
2
95
5
0
4
2
0
522
0
10
0
2
906
24
0
396
0
1542
5
0
0
0
0
0
0
5
40
0
105
9
17
3
1
24
3
0
29
77
0
0
2
4
81
1
2
0
0
3
5
43
0
21
855
0
733
206
1
0
0
0
0
0
0
426
0
0
0
47
1
0
38
5
3895
0
284
1208
22
7
0
63
0
4
0
0
0
0
0
0
0
0
7
3
18
0
0
0
625
3
42
0
1
217
7
0
0
0
1
0
1
1731
65
0
0
15
0
0
0
0
0
4
4
0
5
0
0
0
28
1
0
0
0
1
531
3
0
0
0
0
555
2
1
1153
0
2
0
0
0
0
0
0
2574
0
0
107
2390
28
0
71
0
414
6
3895
7
0
0
12
42
18
0
0
245
0
0
21
0
0
0
2
73
0
0
1
2
0
0
0
2
0
0
0
0
0
0
0
0
0
1
0
0
1
0
0
7
0
199
5
0
8
0
47
0
0
0
0
2
0
1
5
0
2
10
221
1363
594
0
64
0
0
0
0
0
26
0
121
0
0
1
1
1
192
0
119
0
324
0
0
8
0
3477
0
2
0
0
3
1
0
4
0
2
0
0
245
0
530
0
0
255
0
1
2
0
0
0
2
8
0
0
17
0
0
279
0
1
116
18
359
2955
1
0
1715
0
0
0
0
0
0
0
386
0
0
22
13
0
65
8
24
3866
29
0
34
0
4
0
0
0
989
0
0
0
0
1
0
0
0
0
0
13
0
855
0
0
8
180
1
0
104
2
0
345
0
0
3
638
0
0
259
0
36
0
3
2
7
0
1
74
14
121
0
3
0
95
204
0
459
5
7
0
0
0
0
1
0
1
0
0
0
4724
4
55
1
89
0
15
1
1
1068
3
1
0
5
60
40
0
0
112
0
3
2
0
3
0
15
450
0
1
0
14
1
0
23
238
0
63
703
3
0
2
169
3975
20
1375
0
37
4
1
0
2
8
1
2
90
682
0
141
4
24
0
5
0
0
47
0
0
0
0
0
0
0
0
1
19
0
33
133
0
4
0
0
0
267
0
0
0
2650
0
0
0
0
10
1
0
0
5
62
0
8
141
56
0
0
8
86
92
450
8
524
2
50
0
15
0
0
0
4
0
3
14
89
0
362
0
0
0
2
0
0
26
0
14
5
39
0
73
0
1
2
0
0
0
4
0
0
6
13750
11
1
0
1
0
31
0
6
0
0
6288
0
5
0
0
17
861
71
26
0
33
1
9
4
41
8
622
2
0
0
0
79
489
313
0
0
0
0
0
3
0
0
0
3
0
0
0
1
4856
0
1
0
0
0
356
0
608
36
1
0
0
0
0
77
0
1392
0
0
0
0
0
35
0
2452
4
0
2
0
3
0
3
1362
60
0
259
3
0
3
4
3
38
33
1
0
1
0
14
0
18
2
9678
1
7
0
2
0
0
0
0
1
0
16
8
198
0
0
46
1
0
82
21
14
130
0
0
0
3
10
589
0
0
209
0
19
12
742
0
2
2
11
177
0
25
34
5771
6029
566
0
0
2
4
0
1
0
24
0
0
0
0
0
109
2
0
4
294
10
0
0
0
0
0
12
0
0
0
0
0
2593
0
0
0
22
644
0
4
1
0
0
121
0
37
0
2
0
0
44
0
0
1
0
0
0
1
0
74
0
4
279
24
0
246
1953
432
1651
31
3
159
0
9
52
2370
0
0
0
22
1
1
8
369
0
0
7
62
4
0
0
6
4
0
0
2478
6
0
17
0
0
0
0
308
0
48
0
252
0
1
17
205
670
2
5
0
24
1705
4
0
223
0
28
0
0
92
523
23
1
5
1
8
0
5
0
3
1
7
61
7689
12782
0
9319
0
0
50
1
1
0
2
20
0
0
0
342
0
18
2
0
864
196
0
20
0
0
1
0
0
82
158
0
0
275
0
50
6
4
0
2
0
0
0
0
19
0
285
0
14
270
46
3
1
3
0
59
0
330
2
0
0
929
0
93
1
2
0
2
8
0
13
31
0
4
0
48
0
0
0
59
0
1
0
0
13
2
0
1
0
0
46
1
0
10
26
2
0
2
0
0
33
0
0
0
0
0
1139
0
0
0
0
23
1
0
0
111
1
0
1
470
13
12
0
0
0
1
0
0
0
1
0
0
0
0
9
21
0
3835
0
0
119
0
0
120
0
313
2
1
6
0
1
290
1
0
2670
0
4
6
27
1115
1
402
0
28
13
1
0
3
0
536
119
0
0
1
0
20
1
0
8
138
1
0
1412
1
4496
1
12
943
0
13
0
37
0
30
0
2
355
14
5
0
232
0
4
0
0
0
0
1
0
0
0
1
1082
0
0
0
0
1
2
0
13
0
566
2
0
0
0
0
1
131
0
0
0
33
0
1
9
1
9
1
59
13
1
531
35
1
10
0
196
1
0
3
0
0
0
15
0
163
0
4369
65
1
405
0
0
0
0
3
3
11
3
0
1
743
109
0
0
0
0
682
1
1
0
2
2
32
20
16
5
74
0
3
15
2
0
3
0
671
31
1
1
2
29
0
6
27
0
1089
0
0
0
3
1
1
1
1
1
10
0
14
0
49
639
0
139
24
13
36
31
0
0
3
0
0
0
0
1
0
0
2
0
2
0
0
0
0
1695
2
48
31
4538
0
2
1
6
0
2
1
0
1697
59
35
636
0
0
1
3
11742
260
2
98
1
0
1
0
0
0
6
11
4
0
107
0
42
68
1
0
939
0
16
1331
159
1
1
0
0
27
0
0
0
0
2
0
0
0
0
0
2
122
134
768
0
12
44
25
105
0
91
0
673
4
38
0
10
1
756
2189
0
2
0
118
336
3
227
23
2
0
5253
0
0
77
0
0
4
0
41
0
0
1305
560
2
5
0
10
4612
0
20
0
0
0
0
0
18
0
34
8
0
3660
0
0
0
44
0
0
2592
6
0
1160
1119
1
3
511
60
115
0
1
0
0
137
2
1
0
0
69
37
3
5138
38
88
4
0
12
2682
59
83
0
0
597
0
1
2
5
20
1
45
4
0
1
0
0
0
5
0
0
14
0
86
1
0
0
4
0
0
0
427
999
0
4965
1
0
217
4
0
989
1
80
0
11
0
0
0
6
0
0
187
0
2
0
0
304
0
0
8
0
34
0
57
1
450
0
0
3222
0
7
148
2
0
0
0
0
0
1
0
2
0
77
15
8
0
0
0
0
6
0
1
4113
1
68
0
3
0
19
1
398
9
3
6
0
1
1
8
0
380
0
0
1
0
0
1
0
135
0
0
6
1162
9
9161
0
0
6
0
1
0
1
1420
1
0
17
0
2
18
4
1
21
4819
0
255
0
0
0
0
0
23
8
0
0
0
0
0
37
0
0
0
0
1
39
1
451
1
66
145
15
822
1
0
22
52
0
0
67
0
0
10
0
0
11
0
0
680
6
49
0
26
0
2
0
855
0
0
5
0
0
0
0
315
37
116
0
0
938
0
0
286
0
1
0
0
0
0
1
0
1
2
0
0
54
0
1679
0
0
0
70
25
2
1
3
0
1001
0
56
18
69
0
12
1
0
1
4
0
18
0
3
0
0
655
0
2
190
18100
0
2
109
24
1
1
0
0
0
10
41
11
0
380
277
0
4
0
8
3
0
51
0
4
3
0
0
2
0
0
0
0
1590
0
0
0
0
36
1
329
0
0
0
0
0
0
0
26
0
36
0
239
19
0
0
2
1
0
51
28460
0
872
381
1
1647
16
0
89
15
125
0
0
0
3
3
20376
0
1
419
18
7
0
363
0
10
1
0
12
0
0
0
0
0
1
0
6
30
1
0
0
0
1
0
2
3
1
2
0
1
6
16
0
0
0
0
3
0
0
0
0
205
0
101
0
5
0
1
0
67
2
772
0
6
0
8
100
0
2
58
2
0
1
0
0
0
0
95
0
0
0
0
96
78
1
0
14
0
0
0
0
113
2
0
4
0
0
0
262
66
22
235
0
62
349
0
348
8
13
0
1
779
1
0
0
4
0
489
0
2
0
0
1
0
27
276
275
0
3
2
0
0
1
170
354
0
1
61
1
0
0
2864
21
58
0
1
0
0
0
0
0
3
3
0
0
0
0
12
0
0
67
0
0
0
2
2
4
0
0
0
0
0
0
0
4
0
1
0
0
227
0
4
0
2390
0
0
2
14
4
1
0
4
1
6
893
0
3
21
37
0
0
1
0
1
0
534
0
11
0
314
0
0
0
0
265
0
15
1
0
25
14
0
0
1
1612
47
8509
1612
839
1612
839
1612
6294
75
235
314
29354
11508
412
20283
38
16741
147
12859
8244
638
20754
8770
14384
11399
4238
1780
8884
8244
5104
11988
5302
12633
4343
160
2872
62
73
320
0
5669
52
2622
128
5598
18473
2113
1465
202
1612
1612
302
302
1932
839
1035
5104
1664
32464
16
169
147
638
11
4484
5737
11
3876
11
57
11
3
0
0
1
3594
2027
107
11
2
26
8018
9373
87
428
110
415
111
44
0
40
13
87
1182
2816
0
1731
17773
0
1650
235
2
9417
126
12
2
0
110
26
55
20
2
1709
11
11
517
517
50
57
136
110
14
5
98
1775
0
131
0
24
10423
0
0
0
0
0
866
111
1651
1132
74
34
1952
288
990
5
33
250
0
93
19
0
0
17
0
320
28
0
658
268
3946
5
6
6386
25
1154
3281
0
1405
20462
2
1932
0
4240
9785
7
593
6104
0
0
1
67
0
0
0
1
5489
1628
1
321
9
43
0
0
6
26
1
26
1
0
33
31
0
0
503
0
6
17
72
0
17
1
9
846
7
2
0
1
1925
8
0
15
0
129
0
2
0
193
141
742
4010
3
66
247
317
25
27411
1
0
4
1
708
26
138
79
641
53
1
188
51
0
4
1
859
0
3
28
2
2500
196
76
73
90
0
2057
0
20
8504
33
1
6218
0
0
434
0
28
90
15
0
2
519
6
7287
9
12745
5042
191
0
0
122
0
1
205
257
75
3
0
10
1502
3
0
5
464
8
0
0
1326
451
150
0
37
90
208
1769
950
10
687
0
113
0
1025
81
0
0
38
37
34
0
5
0
0
1893
0
4234
2
517
471
12
1
0
0
7
3
0
0
7
241
3
0
1938
222
3609
5174
184
9
19
143
27
32
3119
1
0
530
0
106
0
230
4891
22
0
4
2
0
1
0
34
0
3
3
25
8
270
0
17135
0
61
99
1261
1
1
0
0
0
0
113
9
245
1046
3
3
4
57
1
1678
56
0
5
4879
0
1
9
3
0
0
74
0
0
0
0
70
0
0
262
260
1
38
142
2101
2411
12
41
0
2
1
17
0
0
0
8
0
0
5129
0
206
21836
3960
12120
27
0
0
3
413
1
322
2
50
1554
5
1237
0
232
0
0
14
63
5
3
100
8
9
1253
0
617
0
0
0
3962
23
0
254
0
1
0
1
2
6
237
0
41
47
78
0
111
1
340
499
1560
41
1
1
0
0
387
0
0
3
5675
1
33
0
1
151
547
0
1
59
1
0
545
1474
732
269
165
2
0
0
10
2
18
0
6327
690
38
4
104
64
881
8
0
15
0
0
9692
0
1299
0
74
4
534
124
0
5770
8
1
3093
190
8
11
40
4540
30
74
44
42
15
73
3
0
1
126
2
0
114
103
15
2
0
0
0
0
0
410
3
0
20
0
0
2
4
2
3
0
0
133
28
119
161
4
1
414
0
2
4
0
0
1095
0
100
5466
457
70
145
12
166
0
2054
0
63
63
21
0
6
0
4
0
0
0
10
590
92
0
2
44
0
0
7990
0
3
0
1
5
7
241
0
0
0
0
2933
0
839
0
3
88
13
6
3
0
0
0
136
1
3
1
0
80
4
0
3
1
1442
3
0
581
0
0
24
0
0
2
3299
353
0
3
0
0
4618
0
793
1
0
0
28
0
0
0
322
38
92
183
12
59
0
0
0
0
915
40
0
2
1
0
6
3
110
55
0
1185
0
48
6
0
0
4
6889
297
9
3
2
8
56
1
0
29
1
0
94
0
174
2670
4
0
8211
2
0
0
2
0
204
0
0
0
38
70
0
0
0
0
0
73
0
1
0
633
0
72
0
3082
37
27
5
0
1
30
147
27
65
1
381
36
9
0
443
135
1
0
0
9700
2
1
1
0
0
8545
0
179
6
2
161
221
0
0
0
3
2
0
159
0
6
20
56
54
6146
0
517
1
0
35
2
1
0
134
0
7
0
0
81
15
51
1
344
50
0
0
1
13
22
0
2434
0
13
7
0
0
0
3
0
0
0
0
0
862
15
0
1
0
33
940
2
1
37
0
44
1
22
2
0
0
0
1296
1
2873
0
302
0
4
0
1
3331
981
0
0
1517
0
5
0
43
65
53
0
28
2526
11
0
112
2
4259
10
0
470
0
6
2
0
0
0
0
0
61
0
7
0
9
3
1765
1
323
5
0
12149
0
3
67
10
191
2217
0
0
0
622
2
3
6
24
0
3435
9
0
0
6
0
18
0
0
0
2
2
82
3
8
1163
0
0
6
27
9958
1173
0
0
4
1
0
0
1
0
0
0
1
0
0
0
0
9
9014
0
0
6
29
116
4
1
2
19
130
0
0
0
1390
3
42
16
22
0
11
1
129
59
15
0
0
123
72
0
52
0
0
1280
0
1
24
0
0
0
0
1
0
8
888
9
2
5
4
7968
2
57
31
108
0
1
0
1290
3
1
281
1
20
0
657
0
0
383
0
8
0
10
13
85
6
0
652
2
20
0
23
0
2
0
1
152
4
0
0
8
0
0
1
130
0
0
0
34
0
962
0
0
78
0
3
1
10
0
2
4
17
287
432
701
18
0
0
0
0
1
0
14156
0
54
22
87
1684
3
1
0
15
0
1
0
2
93
49
0
0
794
2228
1
3
430
0
2
55
24
1
106
0
1
0
7
396
0
0
90
6
0
0
0
0
0
75
1
4828
0
0
0
3
17
1
82
2
0
1380
46
0
3
30
0
16
0
1
0
1
0
0
0
6
973
3
1
0
1
0
448
42
0
7509
3
2
0
2
5337
768
140
0
665
440
0
0
0
95
0
0
12
1
25
72
311
43
285
0
0
0
1
0
22
6
5
5
0
1
0
0
1464
506
445
0
20
0
2
2
0
20
65
5
3
0
0
5
0
1
15
2
0
0
0
1
2
0
1
137
3
6
0
39
0
9
1
3
19
0
107
45
2
1
64
74
0
0
5
0
4
1
1
0
0
0
0
0
0
0
0
0
21
0
22
0
103
61
1
44
1
5
1284
0
1
37
0
0
1348
512
0
225
0
0
3
0
4
0
0
329
0
0
0
1
8
0
112
6
8
0
12
106
1895
0
16
5
0
9
5
0
8
0
112
4
0
0
0
0
2
0
0
0
0
1619
0
27
0
0
0
6
38
3
84
290
15
2
59
0
0
0
0
0
0
428
0
1
0
0
0
6
0
0
11918
4
19
0
632
0
0
0
3
0
21301
34
2
0
1
2
4512
0
9
0
0
2895
1
20
38
1
2
0
0
0
119
66
0
2
0
4152
1
0
0
6
12
0
4427
4739
0
98
1
4
198
0
288
0
110
0
0
49
12
0
0
5
0
41
0
1
650
0
13
6
95
24
0
2
0
6
1941
0
3
0
0
0
57
23
0
140
21
0
2
93
61
0
249
3
0
321
0
0
0
4
0
2
9
45
1
2
0
1
115
33
732
5
0
113
87
0
0
9
0
0
0
0
1121
0
86
0
33
0
0
3
0
0
0
37
148
25
0
1
1
1
0
0
0
1160
53
5928
1615
24
5
3
7
62
88
17
2
35
106
374
22
0
1
0
0
0
1
0
0
2
1
0
59
1
360
2
2
1
5
14
5
2
13
4
3
6
0
0
6
22
0
0
9
0
18
163
1
4
0
26
2
2
2
0
0
1
0
18
24
0
0
143
950
1
3
0
0
194
3
0
16
0
39
1
0
0
0
0
226
1
1
346
143
0
0
1
1
1
752
173
0
0
1661
52
844
22
0
1
0
838
2
0
1
9
0
0
8
786
1
1
0
2
49
233
8
22
3
35
0
2628
1
44
0
11
183
10
51
0
29
0
0
0
9
149
0
1
4
0
10407
8
0
0
0
0
0
1
71
0
555
5
0
0
88
0
669
0
346
0
4
0
8
0
26
1
42
0
0
44
49
1
0
382
4
0
8
155
853
0
12
0
0
11
0
11
17
1
0
8
22
0
7
19
0
2
1
0
7
8
5
17
0
5
2
256
0
0
5
247
3
0
0
0
0
0
0
256
0
1
0
0
27
32
7
0
0
0
0
0
0
23
0
0
0
0
0
0
124
4727
0
175
70
6
0
59
3
0
209
0
4
3
132
2
0
0
7
0
138
0
2
0
0
1
3
1
1
78
9
0
0
0
17
3
0
81
1981
0
68
674
0
0
0
153
0
0
1
115
421
0
0
8
13
0
0
0
3
0
7
46
0
8
0
3
0
0
0
2
0
7
0
1917
720
24
222
0
5
310
1
0
66
137
0
0
229
2
7
0
25
19587
0
113
0
0
0
0
6
0
5124
0
22
0
3028
3
0
23
194
0
11
6
0
2
2
1
0
0
0
0
3
0
0
5
0
7
0
0
0
25
7742
8
0
0
37
14
0
5788
0
0
0
6
0
99
39
5410
224
124
0
0
6
28
0
0
46
501
0
0
0
0
62
14
1
2
0
1
0
44
5899
0
3
0
15
0
0
0
30
11
59
0
1
2
8
5
149
0
0
4
12
1
17
1
1
15
73
50
18
0
0
2
0
105
3
15
0
190
39
39
2868
192
0
4
7372
0
15
0
4
2
21
0
0
0
0
6
0
0
0
26
4410
0
0
0
534
1
27
3
0
7
0
0
5
1
1
929
0
0
0
0
1
2
0
0
0
424
1
0
0
0
0
5
0
0
1
59
0
23
24
10
22
1
447
12
0
0
9303
23
900
1
4
7
0
2292
329
4
0
0
0
0
6150
0
0
1
44
0
0
0
3
0
0
0
0
1
0
0
2
1
89
1
90
16
23
0
0
0
0
0
5
0
3
0
0
0
8
20
0
2
61
0
40
0
0
1
145
110
23104
0
19
3
41
37
0
0
0
3
0
33
0
266
0
540
631
0
2
0
2
0
0
0
0
0
0
0
0
0
0
199
0
0
0
639
0
0
0
0
1
0
0
109
1
0
0
871
0
15
0
249
418
0
122
0
1
12
0
0
13
18
2
2
0
24
0
0
11
706
0
846
9
4
0
2
0
0
0
684
37
0
12
0
0
1
0
46
4
0
0
0
0
0
4
0
0
0
0
1
27
0
27
4
0
0
1
0
284
12
55
0
0
31
120
28
78
1
0
0
35
23
0
0
12
1
5
1
0
3
569
0
0
758
2
18
0
505
17
49
0
20
0
0
0
0
0
0
0
2
0
0
0
1
0
4
0
1
10
2
0
1
53
0
7
1
3997
0
0
1
16
0
0
0
0
2
0
0
1
1
53
537
0
110
20
0
1
556
206
5
0
10
398
60
2
201
23
0
1
0
0
74
0
67
432
6949
0
11
1855
0
1
0
0
0
0
0
2
907
6
2
0
0
48
276
871
20
2
9
2
16
7
0
0
315
72
160
16
2
11
44
0
0
7
36
0
0
6013
6
7
0
4
7
0
6
11
0
0
2
5
2
1
80
0
3
0
1
7
0
294
13
0
0
6
0
1
0
39
4
15
0
0
1
0
2
945
106
1
1
4
0
0
188
0
0
0
10350
0
0
0
0
0
0
2
282
9
62
4
0
0
0
0
3
0
0
0
0
21
112
29
1
0
12
5
8
31
0
1
14
27
0
3
5
0
0
0
1550
3
0
18
82
10
0
0
1
61
0
0
0
1
0
435
1
2
2
0
0
1
0
2010
0
0
17
0
9
2
9
0
8418
2
22
0
1
0
10
2
0
12
3
2
0
635
1
11
1
0
27
0
5
0
571
22
0
0
0
0
0
5
18
0
0
5
2
0
0
0
700
0
0
0
0
0
52
0
67
0
0
9
0
0
0
1
0
8003
0
1
0
1
0
0
0
0
1
18
2
17
0
785
0
0
2
6636
0
0
2
0
123
0
0
0
0
5
2
2462
0
1
271
0
163
0
1
1
396
0
446
1
1
0
1365
0
61
0
3
54
0
1
0
0
8
1032
2
1
0
7
2
3
0
9
0
0
4
4
24
0
1
0
2
0
5218
0
0
2
0
0
2585
0
541
5
33
1
5
0
3
0
0
0
42
28
0
116
2
70
0
5
0
204
0
0
18
3
0
22
11
361
466
0
23
0
17
0
165
1
4
0
0
0
0
29
0
22
1
1384
0
0
0
0
0
0
90
0
0
653
116
7
7
517
44
0
1
6
0
1
1
0
16
124
0
0
0
602
1
3176
0
0
4
607
0
1
29
0
2
36
3
3
0
0
4
15
0
1
1
0
0
1
0
15
2229
3
4
243
2
0
54
45
1
0
0
0
0
0
7
0
0
0
49
721
650
35
230
0
3
2
0
4
15
0
4
37
56
0
19
1
4824
75
1
0
86
283
0
2
5
533
8
424
0
0
463
11
0
7
3
0
0
1
241
0
0
22
0
0
5
5
119
1
20
0
485
2
0
0
2
1
0
0
0
0
1
6
2
1
1
35
4321
0
0
45
3845
2
0
0
0
0
0
0
0
25
2556
1
1
865
9941
3
0
100
15
390
0
22
1
3358
6
24
0
0
1
22
0
0
0
0
0
1
0
0
196
226
0
0
0
0
0
0
3
0
0
0
0
3
18
101
0
0
783
1
1
3
34
11
0
0
19
0
18
3757
71
33
0
6
0
340
1
0
11
7
347
3
0
0
10
610
3
4
1
6
7
0
0
16
0
490
0
34
856
1
0
263
0
0
1101
0
1
0
0
0
0
198
0
0
0
820
0
0
0
0
0
0
123
0
0
108
2
0
4
1298
65
33
30
702
661
107
0
0
0
2
0
16
0
641
0
0
9
0
26
5549
233
900
100
63
15
206
0
0
2
3
1
0
0
0
1
0
1
0
37
384
1
0
0
152
0
0
3577
0
0
1
77
0
38
1292
0
0
0
0
47
0
149
3
0
0
0
22
3331
7
0
0
1
25
2
0
0
6
137
0
0
104
0
9
3
2
0
3
0
8393
10
9
0
0
4
0
0
6
1
1
1
783
0
1
626
7
0
0
0
0
5
1
0
13
64
0
0
0
2
1
5
0
11
0
26
130
3
682
0
73
29
5
2
88
2
0
1
131
0
1
41
23
111
69
0
7
6
14
4
16856
0
89
0
256
1
0
12
0
14
0
0
0
7
0
0
0
1
1
2
16
5
0
0
105
0
2
4169
0
0
0
16
3
0
0
0
0
0
4
20
23
0
1
106
13
0
4
1917
10
8
255
2
0
27
3
2
0
3
1884
19
1106
5
0
10
4
0
4
5
87
4243
48
0
236
5
7
1
0
0
94
2
1
0
0
6
51
0
0
1
274
21
0
33
0
37
1
3501
0
0
0
1
803
10
93
0
0
0
470
0
0
0
1
1272
0
0
3
1007
1698
0
1
7
12
0
2
392
0
0
0
19
118
0
6
2080
9
1
0
0
0
0
26
2
0
0
0
0
48
105
3
2003
248
0
0
17
18
155
10
0
0
0
7
9
12
0
0
0
1
1
0
15
71
0
0
3
16
0
0
0
0
10
248
0
134
18
2
0
0
0
119
5
567
0
0
0
46
0
1
265
1
2
0
2
116
0
39
0
0
0
0
426
1774
0
0
3
0
191
0
0
5
0
0
0
1
0
0
0
523
0
0
79
0
965
0
3
13
0
158
0
0
42
7
12
260
17
0
12
6
15
1
3
16
18
1
0
22
3061
7
217
0
6
5262
0
0
8
0
8
51
81
0
103
1
1
0
58
7
0
572
339
11
0
0
0
3
1
3
0
0
0
0
2746
102
0
0
0
0
0
2
1
0
17
2
0
77
67
1
0
5
16
0
138
15
1
105
0
7
0
1
1
1
113
3
2
0
192
0
8
6
0
0
25
109
0
0
0
0
0
1
0
0
0
314
0
0
0
0
0
2
16
0
0
3
0
0
10156
2
6
1
83
0
849
0
198
16
40
12
2
0
0
2
540
0
0
0
1
4
0
0
9
5
0
0
0
10
16
20
1
18
5
2
94
0
0
117
0
3889
0
3
0
0
0
0
0
1598
3
333
1
1
40
266
0
130
1
0
1
19
1
1
0
0
0
0
0
13
1998
5
8
5
2
3
0
78
0
0
3
272
1
55
0
0
19737
0
172
1
9
48
16
0
9
0
3
34
0
7
0
2
122
17
0
2676
0
4
104
0
0
0
0
24978
1
0
0
137
697
0
0
5
0
0
0
1
0
1
2
0
0
0
0
0
2
2
2
0
0
1
0
4
6
1472
17
7
12
0
58
129
9
0
0
0
0
7059
0
0
169
8
0
36
0
5552
0
86
272
0
0
157
0
0
0
0
0
0
0
225
0
0
53
0
1
24
0
5
1
573
0
363
1
1
1596
0
0
0
0
0
0
18
0
0
3
254
0
0
0
3
22
1
0
4
0
0
0
14
0
0
0
49
0
0
10
0
2
6
0
1
179
1
0
2
23
5
0
0
3
2
0
2
3
0
2
0
9
2
0
2
2
37
0
0
0
0
0
0
0
2
1
1
0
0
2
0
1
0
0
0
6676
83
56
440
17
13
4
11
0
6
0
0
0
146
0
4
0
532
2
0
6
29
0
0
122
2
905
0
0
161
0
0
0
0
0
1
0
8
2
6
73
275
550
0
0
0
2
0
0
767
140
3
0
0
0
0
1
0
1
0
52
4182
7
421
2192
1
777
0
0
0
29
11
0
0
30
0
316
7
1
74
9
7
0
0
0
9
34
0
0
88
3
0
0
0
0
8
26
0
0
12
0
102
1
0
0
32
0
0
719
1
0
301
1
0
0
0
0
0
519
2
0
1
1
40
0
27
0
0
7
16
0
5
0
1
282
0
2
133
4
763
49
0
179
25
2
0
14
260
0
5
32
2035
0
0
0
0
0
0
146
0
0
0
0
0
0
21
10
0
0
10
0
0
2
3
334
1
1
2
0
3188
0
0
0
15
1
1
8
4
0
2
1309
2
1
1
1
0
0
40
0
0
2
324
0
25
13
7342
0
0
5118
2
1
0
14321
132
70
2188
4
0
19
0
0
0
0
0
13
0
0
285
0
0
0
0
0
1
242
0
0
0
1
1105
0
5
0
0
0
89
0
1
0
0
25
1
2
0
1
0
19
103
1
0
3
0
22
8
4
283
0
16
29
1286
2
1
2
0
110
0
147
1
0
5
15
0
0
185
0
47
1
0
0
0
0
1037
0
0
424
0
0
1
0
0
0
2
0
0
25
0
3
4061
5
0
0
389
151
90
1
0
168
0
0
1
2
2
2
27
143
87
0
9
0
2
0
18
0
0
463
1754
0
1
10
11618
82
0
8
3900
2
1
0
5
0
0
0
9
6
2
0
5
1
0
225
1
0
95
1
0
0
1
1
279
0
0
0
36
0
127
0
0
0
0
1
0
41
0
2
0
7
639
0
0
0
0
27
0
5
1
0
19
2
9
8
18
0
0
1
33
0
9
23
0
733
0
916
0
0
1707
0
0
0
0
0
0
0
4
21
1
0
2
1
51
345
11
1
24
73
34026
13605
320
8251
38
17878
100
38
31076
163
2270
15478
11096
320
4220
320
73
12859
12859
5104
994
5104
5104
19514
4238
7095
8679
15088
12017
67
65
285
10466
6
30267
28
2113
291
28
5815
3566
0
11
0
1612
620
5285
2286
1612
1612
541
0
2117
7696
75
75
1612
3421
1612
628
75
5285
839
5
321
1
296
843
739
2
885
24162
837
10245
2584
43
3629
4303
416
1425
1785
10942
896
5
431
415
182
19028
59
4
0
16
18
4551
22357
1210
521
5
283
21413
20
19
10339
6
8224
8204
2534
8204
11
5
176
71
11
11
5573
8204
26
1358
0
0
1023
2
1023
1402
0
176
20
6
1
5583
18
33
0
20
189
245
31718
33
8776
1
49
21839
42
0
24597
1
10
6732
3894
119
1663
26
23
2
13135
391
0
276
38
3
0
0
4
8
2
5226
1636
9188
7
283
0
0
30
18
6520
0
0
0
25
0
0
1527
111
111
75
0
1791
1244
111
382
0
36
32
0
2
20646
975
37
48
317
56
0
3775
295
27
39
5
0
6354
5
0
2
10
752
76
115
0
693
127
236
1382
11
25486
0
30
458
0
11
10
3
9
4
4927
263
15
0
87
343
1
68
0
0
0
0
6115
22
31
31
0
33
0
18
31
5984
1
298
14
4125
123
13179
0
0
492
0
1
835
191
0
72
31
2
6087
2284
456
0
26233
10
647
43
1393
340
317
579
0
5
19
58
0
8
8
0
350
24
0
27
0
4
0
3
0
0
2732
490
56
28
28
1
0
446
0
0
0
62
0
14142
0
0
5
101
9
1
16
5136
37
1
53
0
10
4155
0
0
193
38
0
0
25
0
15
802
18
3581
24
1139
19
40
2
0
1738
23
0
83
21577
59
3
157
30908
0
0
3
8907
1
1
7
0
382
383
12
0
1697
92
90
0
75
1
0
0
0
52
1908
1
0
3093
19
19
851
0
5729
2143
1018
1
1
0
2252
0
434
0
0
9867
0
14
11
3
4
211
7377
1
0
15
1900
0
0
0
11
0
0
0
0
2
2
0
4
12
11292
0
0
26
0
34
114
0
0
7
2
38
75
0
413
161
0
0
0
62
464
136
0
22
0
3
60
6664
5
6
2
1
164
0
203
255
0
7
1
0
181
0
51
0
558
17
60
327
17
5
4
0
2829
0
2
5
29
947
0
290
6
1022
1
3090
0
171
0
0
10
1223
33
0
0
77
0
1
0
0
452
31
5
5
0
0
49
31
5
0
2
0
0
264
0
0
0
1
3
255
2
345
0
1
1
17
2
62
761
149
19
4
0
0
2
1
39
11
0
15
17
0
2
0
0
0
1534
215
3
3725
919
2533
53
1
0
0
1135
1
0
0
0
306
2
41
123
0
1502
88
2
0
36
0
1502
0
83
156
19
3
3
676
84
130
104
6
20
29
274
16
50
0
48
29
600
11
13489
232
114
19
0
276
2
128
0
555
10
3
41
0
1099
168
171
0
5126
0
472
20
2221
0
36
6905
76
43
195
303
1
0
660
574
581
2
2
35
38
0
0
2
2
0
0
10
6
0
20
2
0
279
4
1128
75
14
3128
5
195
0
135
8
11
1
16
5
3
36
11
9
59
1
0
118
17
0
0
2
0
44
36
1
0
100
15
0
0
4
3
1
0
56
30
0
20
424
3
0
0
43
0
1
1
0
0
45
0
131
117
2326
0
7803
43
1
933
4253
255
14083
0
223
0
56
2
206
6618
0
0
8
250
0
31
3342
1863
0
0
0
349
8
0
0
0
0
0
0
97
3
473
2597
4
0
2
0
542
178
0
0
1
0
0
0
0
27076
0
0
0
350
1
0
0
0
0
34
0
284
0
69
1076
239
23
631
357
178
0
77
3
1
2
152
5
0
0
984
3
85
3952
19
0
5
0
3
1310
31421
86
183
0
806
0
122
1188
0
7597
1
1
124
0
5
1285
16
2
0
0
0
0
2
0
0
359
47
0
0
0
7
74
179
0
1
0
0
1
234
0
2
0
4
149
184
3
28
0
4
8
14
14
1173
0
1987
50
2141
0
0
23
5
0
0
4
2
3
3826
1
0
0
0
0
3
18
0
27
82
0
1563
0
0
46
0
0
0
0
132
49
8569
25
0
74
466
306
60
2
0
74
1
0
0
10
1
0
97
7
5
422
612
27
79
0
2
0
0
36
3
0
1
172
157
91
5192
302
5
2419
14
0
812
0
4
1231
29
1023
5310
0
12
2700
0
0
11
0
303
0
0
0
3
2
44
0
2568
0
74
0
0
0
0
3
0
2
0
0
0
2
3049
17
0
3610
65
1
13
2
0
0
18
86
7
2
121
0
0
0
1
1775
2
0
1
36
13
0
11
0
27
0
2
2211
9
8
1
891
3
2
12
0
0
0
1924
0
0
1
1542
15
0
1
2
0
2
0
0
0
2
0
1665
1
0
0
2
6
0
250
321
1936
0
0
128
0
1
180
19
60
24
363
69
892
27
0
1
0
16
15
5
27
12893
211
1
1265
19
2455
0
2553
2
2673
1
0
0
1
0
1
1
0
3
44
32
0
1
15
0
1
0
0
0
0
2
0
137
3
336
0
2
0
16
0
2486
1
0
12
425
8
714
0
2365
0
4
213
1
0
1
19
0
371
0
1001
2
94
1452
0
525
0
8
527
3
185
1283
0
0
307
356
0
0
0
0
40
26
363
0
56
0
39
0
1
0
1
1261
1
0
4
5
0
2971
6
43
1
4
0
18
0
0
0
1
1
0
0
1
179
3
1
1
0
2
34
1
0
14
640
5
0
5
435
0
3034
2
376
0
9
2876
2
575
1
0
86
30
3036
0
0
1
0
0
0
0
0
0
0
0
412
215
1297
2532
0
0
3
0
0
2
0
0
1
0
0
1
0
4
6918
0
0
133
48
0
0
0
15
242
0
99
40
1
65
92
193
16
1
2
12
28
16
7344
3
67
0
0
6
15
0
0
83
13
4605
15
2
131
5472
0
382
0
0
0
113
0
0
3
0
88
1
31
22
1
1
0
1
0
41
1
1
340
333
8
1423
47
27
561
435
14
105
0
0
4
71
0
4
0
208
0
2
168
206
0
0
22
1
0
0
129
85
0
0
0
35
14
477
0
0
0
58
0
5
0
14
26
0
0
0
15
554
0
4385
0
0
0
1
0
0
1179
1
0
1
0
0
0
2
3
0
2
0
2
353
0
3
0
0
0
0
0
26
9
0
32
0
87
1
3
0
1301
24
44
2
0
0
0
34
0
3
16
64
1038
16
0
0
113
4
0
0
0
8
0
0
0
0
0
7
3
449
0
322
338
932
2355
2
0
172
288
25
745
0
3
1
1073
0
0
0
1
56
548
0
6
102
0
33
5645
0
12
2297
1
0
4
1
18
0
18
0
0
0
4
3458
0
0
51
58
0
47
234
0
0
7
0
6
2
1938
2
0
0
2
17
52
3
413
0
0
3
0
22
0
1
0
2
0
0
2
0
1
12
0
2
6696
0
2
368
15
5
0
0
54
2
11
13
608
1
761
48
0
23
292
19
0
0
1605
9
4
591
182
0
0
73
0
0
0
113
11
0
1
0
1
34
0
0
117
0
18
0
70
0
646
0
5018
15
5
68
656
0
7261
2
20
0
3
15
0
346
54
0
97
32
5
1
0
9
1
10
0
456
0
3
0
1591
0
1
60
2
0
0
25
0
548
734
137
1
21703
5
0
0
0
3
7
0
26
115
0
1
1
0
2419
0
0
0
0
0
0
1
11
2
0
0
0
2
0
29
1
0
0
0
0
2
1240
16
1
0
0
1
0
8266
0
42
67
3
2
0
0
3
1520
15
128
5340
216
3
2
845
30
0
3028
0
6
2
0
1
0
18
5
175
0
0
0
280
0
1
2
1
0
0
0
0
2
36
53
2
650
0
1
33
5
610
0
9585
2
0
0
4
30
0
0
24
0
5280
0
27
3
0
0
573
98
15
17
52
2649
116
676
1
33
0
2
17
645
5
2
111
13507
0
26
0
0
6
6
0
5
57
0
0
1
1
0
3
0
83
0
0
117
1
13
3
368
0
55
0
109
2
1
106
0
0
24
38
12
633
0
1
2
3
71
267
0
68
0
23
7
21
2
6383
8792
117
0
82
45
1
2
1
71
1126
1
0
469
0
21
0
0
2
1
950
0
0
27
646
0
1
1619
0
35
0
0
12
58
0
0
0
30
0
609
0
26
0
3
3
0
248
1371
2
3
9
2
57
1
5
0
67
73
5
40
70
30
1231
14
48
6
0
8
0
0
11
49
0
28
0
24707
45
0
0
1
0
30
3
0
9
0
0
0
0
309
386
2702
7
0
0
24
0
0
1
0
0
0
0
1
1
2
1463
0
6
1
0
0
2
1
0
0
5
1
20
2
418
0
1
2
0
23
3
686
0
57
1
0
0
2604
18
128
540
0
0
1
23
0
3950
0
0
0
0
0
0
2
0
0
2
3
0
5
0
0
3
0
6
0
2
0
0
0
0
0
3
0
2210
7
1
1008
131
115
4
279
49
0
1
0
0
1
0
170
0
4
5
147
1
1
19
2
201
1
0
0
18
0
0
12
0
1
0
0
47
0
71
0
0
659
8
10
0
0
93
0
5205
1
144
0
93
0
0
14
0
50
153
0
0
836
0
0
30
0
1
11
1
0
7
4
0
12
4
0
53
45
30
1
82
133
693
430
46
10
473
18
67
1829
2
35
1
22
0
4
0
25
0
0
2
0
0
0
255
0
2
1
2
0
3048
3
12
2
350
0
2
0
0
0
5
0
0
0
15
2638
5
0
0
180
0
1
6
573
0
0
5
99
255
6
249
81
0
0
74
76
0
0
1303
919
9
4537
19
1801
90
0
6
10
2
1442
9
7
0
0
110
422
0
0
0
0
31
4
0
1
1
3
27
1
75
5
0
1
0
0
0
0
0
1
0
82
0
39
3
343
14
0
3
0
100
52
21
18
4
1
0
0
19
17
66
0
6
33
1
0
37
0
154
1
0
110
0
3
21
0
2
0
0
0
0
9
33
0
579
0
0
0
1
1
0
0
0
0
0
0
0
0
0
0
328
0
4
0
14
15
268
0
1
54
14
67
41
6
2175
5
1
19
0
0
0
18
52
7
0
0
1
4
0
23
2
0
0
95
240
203
32
16
7
31
38
0
0
0
0
4704
0
0
0
15
4
0
0
1
1637
0
0
0
0
0
31
91
2
0
298
0
100
0
251
0
65
0
0
0
1
284
32
754
8276
103
0
0
7258
0
19
174
28
1
14
1
1
1
1
66
47
1093
0
0
1
3768
2
22
4
0
0
0
0
0
0
276
0
0
0
39
0
1
223
243
20
2
0
0
0
0
16
0
0
0
62
5
2
1
0
0
202
0
0
0
763
0
1
0
1586
39
75
30
0
3
36
1
1
1
1
0
70
70
21
136
2012
12
2
2
3
1
1
2
0
1
0
0
0
128
11774
0
0
8
1
0
0
0
3
0
2432
2
0
5
0
0
141
0
0
0
0
0
0
2
0
0
0
0
0
0
1
3
0
525
0
4
476
6
1
0
1
0
3
0
604
0
0
0
478
78
0
64
0
22
210
0
0
0
0
0
0
0
0
425
8
1
0
0
15
0
2
71
0
4980
0
0
10
0
1
0
0
157
0
0
0
0
0
0
0
0
0
0
4
0
1191
2
14
1
0
13
3
0
319
2224
0
0
7
2
5
0
3
3
2
604
13
181
42
109
3
3646
24
0
567
8
2747
0
0
4
9
0
0
0
0
0
2
1
1
12
0
9
0
0
0
3
0
0
0
0
0
0
39
63
0
0
0
1
0
6
0
0
2
7
3
0
38
21
6
1473
0
51
2
0
1
392
0
0
101
0
5
0
0
0
8
1
0
0
0
0
0
0
2043
199
0
9414
558
0
11
373
8
1
2
21
1
0
0
4
0
0
4
3
23
3
0
0
16
0
1
1
0
0
0
0
4
527
0
1
1
0
0
0
13
1
0
0
2
26
1
0
1
0
1
15
2
0
0
0
30
0
87
1
2
12
494
0
14
78
74
0
300
0
0
0
0
15
0
2
1
186
0
110
1
0
4
0
520
0
3
0
119
0
0
0
2
36
7
0
745
2
26
12
1
22
16
27
4
98
211
0
304
8
17
142
0
106
6
499
28
0
619
169
0
0
12
335
146
149
0
0
2
0
2377
0
62
0
2
0
0
2
0
0
3
371
0
2
2
0
0
28
1
0
0
19
0
126
0
0
0
0
74
1
0
0
2165
202
0
96
2
37
0
0
115
20
0
0
46
10
2
22
0
17
585
0
10
3
4
1
5
0
3
41
482
67
0
0
0
0
16
0
17
0
5310
88
2
0
0
40
2
0
0
0
1
0
0
11
0
0
0
0
0
4
0
5
2
2
1
10
700
0
2
0
12
0
0
0
24
4
0
0
3
98
40
1
3
1
149
0
0
34
1
3716
0
0
30
0
3
0
417
1618
174
641
0
0
0
0
0
25
3
0
0
0
0
0
64
0
0
13
0
70
1
0
14
11
0
113
1
0
0
0
3
0
1
0
119
4
0
0
0
629
5
7
1
6
24
6
66
107
46
0
1138
78
11
3
4
11
0
46
353
1
0
0
0
41
0
0
0
93
0
0
0
4
0
23
0
0
0
5
0
326
5
0
0
0
2
0
3
0
14
1
2
0
0
92
42
0
1
45
1
0
50
0
1
302
0
0
3
3
0
23
0
29
3
2
2
2
19
144
30
1
0
0
3
0
2
0
0
713
0
3
85
0
0
0
0
4
21
0
21
0
0
12
0
0
0
8
6
0
0
0
0
9
0
0
0
0
3
0
15
0
0
77
0
2
37
9
0
1
2
50
30
0
166
0
5
0
604
0
1
1
1
2
47
0
35
1204
187
96
0
1
33
2
0
1225
0
0
0
0
0
0
0
0
0
0
0
139
98
21
0
0
0
0
76
0
1
0
0
0
68
0
15
0
0
0
6
0
4
191
86
0
3528
2656
0
85
6
1
10
30
1013
1
845
0
18
0
241
0
1
0
17
189
0
64
0
0
4
0
2
0
7582
0
145
172
0
0
306
0
0
1
0
0
0
0
1
7
0
3
0
338
0
16
0
1
0
1
122
112
0
0
0
0
0
2
52
0
761
60
12
0
106
0
7
0
59
53
123
2
1397
7
0
2576
101
785
0
130
84
5
0
406
281
1545
0
4
29
0
0
0
0
33
410
0
6
0
1
0
7
1
4
2
0
17
0
0
6
0
0
8
0
0
0
0
828
0
76
4
3
2
134
5703
6043
4
102
0
3
78
0
0
13
0
0
113
308
0
0
4
6180
8318
1
1323
0
1
493
0
0
514
5
22
1875
743
1
550
0
7
81
2
126
0
0
4
0
0
0
0
0
101
123
28
0
49
0
132
119
0
0
7
2
426
2
2
1
0
67
3
1
212
0
0
757
4
0
1
1
2
3568
0
2
2
2
112
0
19
1532
5
1
0
25
0
2
0
0
0
0
61
0
86
135
0
0
0
1
1
0
4
25
0
4
0
1
0
0
0
0
0
3
0
0
0
3
0
0
0
8
0
0
0
0
0
0
0
10
1
0
2
0
492
2
0
1
2893
2
0
6
21
0
0
2
0
3
1
53
0
0
0
0
59
9
329
0
56
0
0
0
0
0
2
0
0
0
0
152
0
254
0
8
5
1
19
0
0
10
0
3
25
241
2
0
1
2898
31
0
0
1635
2
9
4
5
0
1
0
2
48
5002
0
78
4
0
2
54
2860
52
58
0
0
0
3
6
222
0
0
3
0
0
88
0
742
0
0
0
0
0
1
7
0
281
0
0
3
0
0
5
3
0
1
0
12
0
0
0
0
66
232
309
1
0
1
183
4309
0
10
5
10
10
1
4620
50
0
42
1
45
0
0
6
4
0
3
0
1022
4136
6
0
32
0
0
1
0
0
6
109
15
0
0
10
74
0
0
0
0
2312
0
24
4
24
0
0
0
0
2
2
0
0
7
0
15
1
0
775
42
1
1
0
0
25
1475
34
0
0
0
37
0
0
12
19
97
0
370
77
38
8941
48
0
1
0
0
1
2
691
2
12
0
0
0
122
0
1
0
14
0
193
5
18
102
279
3
0
0
0
0
4
0
0
0
0
0
0
0
58
0
42
10
4
1
1
0
76
187
764
0
0
0
83
284
0
148
0
262
762
7
13
28
0
77
80
5
4
1501
38
0
837
0
1
1
30
4
296
0
1
12
0
4
127
0
0
0
0
0
0
0
1
1
7
0
8
0
1
0
4
0
5
19
0
2
7
6176
4613
0
17
0
238
128
1
10
0
13
0
0
809
18
0
0
1
0
0
128
0
3
242
129
5
1
0
0
2
0
852
1591
0
0
0
26
9
528
0
0
0
113
22
0
39
1176
0
0
0
0
0
0
160
0
245
0
0
0
0
0
0
103
0
23
4
4
0
9
11
10
1
0
0
2
20
0
1
0
0
0
2
0
5
6476
288
44
0
24
0
0
39
0
0
0
70
39
13
0
0
0
28
2
1
0
0
0
0
0
2
1
0
0
0
4
19
100
32913
0
0
2
48
0
0
40
0
14
5
69
1
56
27
0
0
374
9
55
1
0
20
0
298
8
0
91
0
8
0
0
0
0
161
17
29
0
7
0
1126
0
0
0
0
0
0
0
92
0
3
0
10
8
1
8
0
0
5
1
0
0
0
0
0
1
28
1
0
5
1
2
0
0
181
2597
2
4
1
449
1
41
13
0
3
0
116
122
1
88
66
2
0
2
119
2
1
21
120
34
0
0
504
0
1
0
2
1
141
0
0
0
319
0
0
0
3
0
0
0
0
0
0
0
0
0
38
1235
0
0
0
0
55
0
10
0
123
619
232
58
2
0
6
95
8
0
0
0
0
0
77
0
9
116
78
0
0
14
0
1232
39
17
0
617
15
45
1
0
4741
0
0
1
197
0
0
1
4
9
79
0
0
24
0
9
0
0
0
558
0
1
2
1
0
0
1
0
3
0
0
0
0
798
3
5
602
1
0
0
3
0
0
0
1062
2
10
0
1027
29
136
1
178
0
0
11
73
150
34
0
0
0
0
4
1
5057
101
0
0
0
0
0
0
14
0
224
1
0
0
1067
0
0
0
0
79
12
0
0
0
0
0
10
0
0
3
0
6
0
1
3
0
152
45
1
0
1
1
0
0
1
0
4
94
3
194
791
0
0
0
557
0
0
18
1
2
0
1644
8791
54
156
0
19
42
0
0
0
0
33
0
0
0
7
0
3424
0
0
72
0
0
0
0
0
6
1
0
0
0
0
133
0
11
1
4
1
2
2
82
1
0
480
57
0
9
12
1
7
1
7
11
339
0
0
521
7
2
0
14
2
0
0
1
1
180
33
8
320
10
8
53
0
0
0
99
26
1
0
0
1
1
1
0
0
15
8
0
0
0
0
0
5
0
1
100
0
1612
1612
75
75
3819
1612
1612
9517
6201
1612
1612
75
2498
1612
75
18272
0
3946
1612
8580
3819
0
1612
2918
9517
839
1612
0
2940
1612
9816
684
1612
3819
466
1035
12859
1612
75
75
9448
5215
466
1612
1612
1826
75
0
5104
5569
1612
5215
75
302
1612
75
180
1612
18272
1612
1612
0
75
1612
11
11
3367
0
76
1023
11
15794
111
11
11
0
0
3758
0
519
8204
1
11
54
76
8204
11
7
3391
184
1023
8204
0
11
5691
84
11
76
15
1410
262
11
0
0
2554
709
15
11
11
29
6443
8204
29
154
11
352
0
517
11
0
295
3758
519
11
11
8204
0
3758
0
0
28
111
1403
574
30
783
0
0
0
111
11
516
111
5855
0
1995
0
0
1403
0
0
3570
93
0
548
283
4
128
28
5597
0
1403
39
0
35
30
111
111
18
3
39
0
0
0
0
0
12
1011
128
0
111
287
128
111
0
90
5855
0
128
0
111
90
0
0
64
31
0
4
680
607
158
0
0
208
0
3
208
0
0
1
26
121
0
0
0
5
1088
0
2
263
0
693
8
1155
0
0
0
1821
0
111
31
31
0
1
0
0
0
146
8
0
0
568
693
0
31
14
527
31
140
0
0
0
527
0
31
0
0
0
0
0
3
0
0
0
1805
28
0
227
4
1
227
4
0
0
196
115
3
25
28
0
0
1
22
0
15
2
0
11
0
3
173
5
4
0
0
0
1
0
173
28
0
202
0
0
0
9
2
1
0
48
2
0
65
1
5
0
2
0
0
1
38
38
1
0
31
1
18321
386
157
1025
38
0
1
0
0
0
0
15358
0
1
31
784
591
26535
1898
43
1
1
0
1
0
0
38
31
54
39
0
1066
0
28
59
1
1585
1025
38
6
23
0
52
0
1
77
0
1
0
0
0
17
0
201
0
0
0
17
1826
98
181
0
2752
71
0
1
0
0
1441
0
11
1
0
23
164
127
1261
1
2752
6
0
111
10
44
45
26
7
0
141
0
337
2752
0
0
395
69
0
488
65
34
62
0
1441
0
0
164
23
1
0
75
0
0
1
0
0
4
23
1247
1
34
0
4
2
40
48
0
9
1
9113
0
0
0
4
174
0
29
174
4
1286
5
67
0
9
0
246
363
0
0
3
0
0
1
31
88
0
9
0
0
12
774
53
2
0
16
0
0
4
0
19
1286
0
65
1
30
5
0
47
5
0
1
0
2
47
978
5
1
0
1
0
0
0
1
73
49
91
547
16
1
21
2
1
3
2
0
635
0
0
0
863
0
1
0
2
1
13
35
0
69
132
0
0
0
0
0
1637
0
0
0
0
547
16
84
0
2
8
98
35
0
1376
65
8
1376
5
0
8
1
8
0
2109
0
0
286
2
7
1578
0
1
110
17
0
1
1
0
0
1
0
1
0
0
0
1578
28
2942
0
127
0
1
0
0
0
4
0
69
1578
13
0
0
0
1
0
0
0
142
0
1
1
27
1
391
0
0
0
0
83
24
0
803
1
0
0
24
0
0
1
0
0
481
1081
1659
0
0
613
0
11
36
0
16
0
0
38
0
145
0
12
23883
0
0
300
17
2
0
4
28
1
305
0
8
5695
91
42
231
0
1
119
3
0
18
11
36
1
0
0
2
0
1
20
0
0
0
0
0
5
26
1
0
885
44
5
19
456
3
0
5
1
0
103
0
0
0
3
3
0
3
0
0
16
0
55
14
0
0
15
0
1064
1
0
3
2
2
0
0
1
0
20
24
2
0
22
273
2
0
0
0
1
7
0
0
0
2
2
313
0
0
313
28
2
0
41
0
0
0
2
0
0
0
3334
0
19
1
36
0
25
0
0
279
2
0
12
28
0
1
0
196
0
0
0
2
2
110
397
142
0
0
2
0
3
1425
2
1
31
0
25
0
365
0
25
0
3
2
28
0
2
0
0
0
0
8
0
0
2
35
0
8
11
104
2
0
2
0
8
3
0
31
7
7
0
0
140
1399
761
318
3
0
6
22
492
7
1
1
0
34
0
0
1
1566
1
0
292
0
0
71
1
7
0
117
0
0
0
0
0
0
0
0
0
8
276
1
0
6
52
3
11
89
0
3
0
3
0
0
0
0
124
49
52
1
3551
0
2
2
5
0
4
0
0
1
0
0
490
0
15
0
0
26
0
0
0
1147
100
0
289
8
0
1
4
65
1
349
1
0
0
105
14
17
5
0
4
1247
0
7
0
289
0
0
1144
0
0
0
8
0
0
0
25
0
8
0
2721
0
10
1
73
1
2
2
0
1
2304
0
186
89
287
0
0
0
1
2
40
0
2
304
1
0
6
0
0
8
0
16
0
21
3
2
1
0
67
0
1
2
0
1
757
0
0
49
0
0
9
3
1
0
25
0
0
296
0
0
0
0
0
0
2
0
0
5
68
2
8
1
9
75
8
0
35275
5
0
0
0
1
0
0
0
0
10
0
16
2
8207
1
15
58
54
0
0
0
1107
0
1
0
3
10
3
2
9
75
1350
0
0
0
118
15
2
0
1
0
0
0
566
0
1
0
5
0
3
1
0
1
0
0
1
1
84
5
0
0
0
40
22
2143
0
0
0
1
0
5
2886
0
28
0
0
38
0
37
1
0
0
0
91
0
3
0
1
0
0
0
0
1
0
0
190
1
0
0
0
1
3
12
0
6
5
0
384
0
330
6
0
1
327
0
1217
2
0
0
0
1
11
0
37
2051
0
54
4
1
1
307
5
0
0
0
77
1
1
0
0
7
0
54
3
0
8
0
20
0
1
14
75
0
0
25
0
5
37
2051
0
67
446
6
10
3
0
0
0
1
0
1
25708
1
0
1
9
96
1
1324
2545
0
73
63
0
0
7
4
3
1
0
0
0
0
38
0
7
64
46
0
697
1
456
2
0
0
0
0
0
8
0
0
0
1
0
11
0
364
0
0
0
0
3
1
0
55
0
3
0
0
7
25
19
2
11
118
2
37
14
2
0
0
33
0
26
1
0
12
0
1
0
1049
0
157
0
0
0
0
53
11
51
0
0
117
0
1
0
4
0
0
0
0
0
3
1
8
10
39
0
38
0
0
20
6
1
5
0
157
0
0
8490
1
26
0
0
0
0
1
0
0
0
54
0
1
36
2273
0
4020
3
0
0
0
1
11
33
31
0
3
40
0
0
0
0
0
0
0
0
9
0
0
761
0
1
0
24
0
0
0
1
577
269
0
5
0
106
12
1
0
0
637
0
3
15
0
3162
0
0
0
3
31
0
9
36
2800
0
0
4
9
3
1
0
7
3
462
0
6
23
0
7
14372
0
0
0
8
4
47
0
14
0
121
0
0
0
13
0
1
1
39
0
7
1
0
16
2
1
0
0
0
0
0
0
12
101
2135
0
0
1
0
3139
0
6
1
710
3
0
0
3
1
0
0
0
0
0
129
0
54
3
63
0
223
0
7
8
599
0
0
3
1646
0
0
0
0
4
0
0
8
0
0
3
0
0
0
2
1460
0
0
0
0
0
0
1
13
9
12
1
0
0
1335
0
0
1
3
31
8
0
0
0
0
1
2
0
142
4
0
0
2858
0
3
4
19
0
638
8
2
0
0
13383
8
2
0
0
1
0
3
3
0
3
7
14
350
27
155
188
411
5
0
0
1
86
11
50
0
0
0
1
4
0
0
8
38
2107
18112
2
0
0
1640
720
2
13
86
7333
0
0
1191
0
3
0
3
0
19192
0
0
0
0
0
0
1275
0
0
0
174
0
23
53
87
0
0
0
1121
0
0
0
719
1
0
22
2390
2
0
1
81
0
0
2
0
0
5
0
2
1
25
0
0
3
1
0
23
53
56
1
1668
2
0
0
21
0
527
59
0
0
2
1105
0
8
0
0
2
0
0
0
4
0
1
0
754
0
0
0
0
0
1
76
1
0
0
17
1
0
0
0
3
0
57
1
0
0
37
2
46
1
9
57
0
0
0
0
485
0
127
0
0
0
0
0
6
1
36
1967
18
0
0
39
0
0
0
1
0
0
0
0
0
0
76
0
1
6
0
0
315
0
0
0
292
0
0
0
0
0
0
0
0
0
0
0
0
1
802
0
167
1
3619
0
1
0
25
0
211
0
6
0
39
0
3
0
0
0
322
0
17
7
3
1
0
0
5913
75
0
0
63
0
82
0
25
75
73
35
0
0
0
10
82
1
0
4
0
0
0
25
0
172
0
85
7
17
0
2
1
0
749
29
2823
2
0
23
5
7
0
0
0
0
0
17
0
0
0
0
0
0
0
0
0
1
7
0
0
144
0
133
556
40
139
91
0
0
0
0
0
0
0
0
0
36
0
35
0
0
0
1
1
1
0
0
20
0
0
0
1
0
0
11
0
0
7828
0
0
20
0
0
0
0
0
0
0
89
14
0
13
88
4937
0
0
5
1
1
0
32
0
460
0
3
0
0
0
0
0
0
679
0
3615
0
0
0
154
0
5
0
17
0
0
0
218
2
0
0
0
0
1
0
42
37
2
58
4
26
85
1
0
0
0
1
0
0
1487
5273
0
0
5
0
0
2
0
0
0
2
0
2
0
0
0
0
5
2036
0
0
0
0
0
0
0
0
0
42
2500
0
0
0
0
0
96
0
0
0
109
0
16
0
944
2
0
0
314
0
0
3651
0
0
0
0
0
0
0
1
0
435
0
0
5722
132
0
0
3
8
2
1
38
1985
0
30
5
2
944
2
0
0
4
603
0
0
0
0
0
0
0
0
0
0
612
5
0
1
0
0
2
1
0
4
0
0
0
70
1
24
4
0
0
0
0
6
5
31
0
0
0
0
0
2
0
0
2
0
12
4479
4
333
0
0
0
7
2
1
0
0
0
0
1
24
2
0
2116
23438
3
0
5
0
0
4
0
1
0
0
48
0
0
0
0
8
0
1
0
3
9
4
0
0
0
1
0
1
636
4
0
0
0
2
0
1
116
0
0
0
19
585
0
1
868
3
26
0
0
25
0
0
0
141
0
0
0
76
0
1
0
0
1
0
31
5
1
1
4
1
1
0
0
0
0
2
945
2
0
0
0
0
0
0
0
518
0
82
0
309
1
1
0
0
0
1795
80
0
0
4
0
0
0
1
0
0
1
1
18
0
0
32
0
0
0
130
0
3
0
0
0
0
0
309
1
1
3
0
0
0
2
899
0
2
924
2
1
0
0
0
1
24
1
0
30
99
0
0
0
1
2
0
1
0
0
1
2
1
1
14721
0
0
1
0
7
10
0
0
0
1
0
1
0
0
0
0
5
7
1
5
0
0
7
0
2
217
1
0
0
1
56
0
0
0
0
1
0
0
1
23
0
1
0
65
0
1
0
0
16
0
303
0
0
0
16
0
15
672
208
4
62
0
1
9
4
0
489
0
0
534
0
217
0
83
239
4
0
0
0
1
0
0
0
2719
0
0
2
0
0
0
15
672
176
1
0
0
0
1
59
0
0
70
0
1
2
1
0
0
0
326
1
0
133
0
0
5
21
0
28
0
0
0
3
0
1363
275
1
1348
0
0
0
0
1
1
0
63
0
8
4
0
0
4
1
0
1
15
147
2908
0
0
1
984
1
0
0
0
3
7
2
3
0
2
0
0
1
0
0
321
0
1
2
674
0
0
0
0
0
117
16
1
0
0
1
0
0
1
0
861
7
4
3
18
46544
0
28
4
0
0
0
170
1
1
0
44
0
1
0
0
0
0
0
613
1
7
0
1
19
0
0
1
0
0
0
2
0
0
601
1
0
647
1
0
177
3
0
0
13
652
168
3
0
0
0
1
55
1
184
1
0
66
1
65
0
0
0
0
1
1
0
0
15
0
6
0
1
0
0
569
0
1
1118
0
7
37
1668
0
0
0
56
0
1
0
0
66
2
556
0
2
1031
1
0
21
3
0
18
645
4
0
0
0
0
0
3
0
4
7
5
0
0
0
0
0
0
3595
7
0
1239
0
26
0
0
0
1
1
0
0
0
0
0
1107
2
2022
0
0
1
0
0
2
1
0
0
0
0
0
378
1
0
3595
7
113
0
0
1
19
0
0
18
0
0
0
0
10
0
0
0
1
0
0
3
0
0
8
18
0
936
1
1
3
0
0
26068
6
31
0
0
0
0
0
22
1
0
0
36
3124
0
0
5
63
0
0
185
0
0
0
0
0
120
0
0
0
1
3
0
0
29
57
0
1
0
0
1
0
0
1
0
461
1
0
0
71
2
0
0
25
0
0
1
0
0
0
1
0
0
0
447
0
30
0
0
0
0
7
0
0
13
0
0
4
0
0
0
0
0
79
3
0
0
5
1
2
0
17
598
1
1
0
0
1322
0
0
0
352
0
0
287
0
0
69
3
37
0
1
0
3548
1
0
1
0
0
282
0
0
2
200
0
1896
2
0
0
0
30
0
5
1
0
0
51
0
128
1
129
14
2
0
0
289
0
0
993
0
0
0
0
0
0
0
0
0
0
1896
2
13
0
398
1
0
2
0
0
1
0
3462
0
0
4
0
1
1
0
1
0
8
0
0
0
0
80
2
169
21
4
8
8
2
0
0
0
0
0
4
1
0
0
0
23
1101
2
0
0
0
12
1253
0
0
0
2
849
2
0
0
1
158
169
2960
2
3
0
0
16
650
0
1
768
0
1
1
0
0
24
1
1
0
0
327
5
0
0
233
0
148
3327
0
0
1047
0
0
51
4
0
11
1
843
0
6706
0
0
0
0
0
16
0
12
1
0
0
3
4
0
0
0
1
18
0
0
61
0
0
148
0
0
1
0
0
0
2
1
0
1
1
0
2
0
1
0
0
1801
2
0
0
17
101
6
0
0
6
0
5163
0
25
0
1
0
0
0
0
1
72
17870
0
1
0
1
0
0
20
0
0
0
0
3
0
2
2
69
0
1
4
0
2643
0
5163
0
11
0
0
0
0
1
0
0
1
0
0
1747
2
0
196
85
164
7589
2
21
0
0
0
2
0
25
0
3
12
8
0
0
0
18
0
0
57
0
0
2342
0
264
4
2
0
2
0
0
4
0
0
452
0
0
0
0
0
359
0
1
2
1
12
0
0
0
2
0
0
50
83
3
19
93
140
23
0
0
0
0
0
34
0
0
1
39
1330
0
1
85
964
0
42
1
41
0
0
0
0
0
0
0
419
0
0
0
19
0
0
0
171
0
20
1
0
3
0
0
0
823
1
0
1
1
0
1
42
1
22
0
20
1
0
2654
0
0
3193
0
0
2820
12
19
758
0
4886
0
13
1
5
2
1
0
0
336
2158
0
0
1
736
1
4
116
17
1
183
1
0
103
0
23
93
83
1
0
306
0
1
0
1
147
2
0
0
0
6
634
0
0
1671
1
0
1
27
19
1
0
1
2
0
66
4
0
5279
5
0
0
0
0
12
0
0
0
0
0
0
0
0
3565
0
2
0
0
696
1
0
54
0
0
0
7
3
1
1
0
0
0
0
0
48
1
281
1
1
346
0
0
1
0
0
0
79
154
2869
0
0
1
28
0
267
1
1
0
0
2621
0
0
13
1
352
0
1
1
42
0
230
0
3
0
0
5
0
5
17
2
0
0
0
0
0
21
0
3
0
0
2
0
0
1
0
0
0
0
0
1
0
0
0
12
0
0
0
0
0
1
0
0
51
2
0
0
37
0
0
0
0
1651
1
5
1482
1
46
1
59
0
20
0
0
1
27
0
28
0
0
0
0
0
0
0
0
0
0
34
0
5
0
22
0
0
0
0
0
0
2
97
0
6
0
0
715
115
2
0
0
650
4
0
0
43
0
5060
0
2
0
0
0
0
894
121
165
2938
0
0
23
0
0
1
130
0
644
0
0
2
32
0
0
0
0
1
0
7867
0
11
3
6
0
0
14
0
0
1
0
0
0
0
0
0
3
0
0
0
0
24
0
0
0
0
68
1
12
2
1
2841
0
16
1465
0
3
0
0
0
0
0
0
3763
0
0
724
0
0
0
0
1
1
2
0
0
0
0
0
0
0
0
483
0
3
0
0
0
0
0
0
0
1
261
2
1
0
2
0
0
0
7
4
0
0
0
2
0
68
0
0
0
1
0
1
2
1
41
0
4
0
6
0
1
1
0
4885
2404
1
0
0
2
0
0
0
1
0
2
0
0
0
103
0
10
1
70
1
151
1
110
0
0
1
580
0
0
1
0
0
1
1
0
0
0
0
0
0
4
1
119
9
0
62
1
405
0
419
1
1
0
1
0
1
0
0
0
0
1
40
0
17
2
2
0
3
2
0
0
0
0
1080
0
8
0
0
0
0
0
0
0
0
0
0
60
0
6
0
0
3
0
0
734
1
1
0
0
433
0
0
18
0
195
0
24
0
2
1
0
0
1
0
0
0
1740
0
0
1
189
0
0
1
0
509
1
39
1
0
8
88
0
14
13
0
28
3248
11
0
19
0
1181
0
0
0
614
0
935
0
27
0
143
0
0
25
1
25
0
0
0
0
0
0
73
5
0
0
2
0
0
0
0
258
0
0
13
700
154
117
2915
1
0
0
41
0
6
0
37
1
0
0
1
11
0
8
11
0
0
1
0
1626
0
0
0
1
1
0
0
0
0
0
413
0
2
2
1
1
0
1
0
0
1
123
3
0
50
0
0
0
7
0
0
1
0
0
0
0
0
0
0
0
0
0
50
2
0
0
624
2
112
0
0
0
0
0
0
0
0
0
0
0
0
0
10
1
238
0
0
0
0
5
1
2
0
5
2
2
0
0
0
3
0
0
0
118
7
0
0
1
0
0
18
0
0
0
0
2
0
1
1
0
1
0
0
1
0
4921
1
1
5
0
0
0
1
1
1810
324
2
0
0
328
0
0
372
0
6
0
180
1
22
0
4
0
0
0
0
0
0
0
2630
0
0
0
0
0
1
0
1
16
0
0
49
0
123
0
3330
1
58
4
1
0
0
0
2
0
0
1
0
50
0
18
1
11
0
5
0
0
0
2
51
24
2
0
0
38
0
0
61
0
130
1
0
0
93
2
147
1
0
0
549
2
0
0
2
0
0
0
5
87
0
1
3
0
0
0
547
1
0
7
9
9
0
0
7
79
1
0
0
0
3
0
0
3016
1
40
1
0
0
0
0
0
0
0
0
664
0
3
4
497
1
0
406
2
2
2
0
0
0
0
1
2
0
0
0
14
1
0
0
4
0
0
15
0
0
5
0
0
0
3
1663
24
0
0
0
0
15
0
55
0
0
0
11
3
19
1
1
2
0
0
1
222
0
0
0
0
5
54
0
12
15
0
0
0
1
0
0
0
0
0
0
0
0
0
0
0
0
72
0
1
0
0
4141
135
1
0
94
0
0
488
82
0
2
0
0
1
0
0
2941
119
1
0
0
0
0
0
0
0
1
0
1
0
0
0
0
60
0
2
1
0
16
0
0
105
0
0
0
0
0
3
0
0
0
94
0
1
0
0
0
58
18272
1803
0
28
1035
28473
18272
5285
0
1612
11105
465
0
75
279
839
1035
1612
28
1612
1612
5503
1612
5104
418
1612
466
1612
9867
75
1612
1612
0
302
302
1932
1612
1612
2117
0
3418
15561
5569
1612
466
1612
0
36496
1035
1612
75
302
21286
0
1612
1612
5215
5503
302
1612
646
1612
1612
75
519
0
8204
4440
2949
959
519
176
8204
11
4641
3169
8204
12833
15275
184
655
11
3712
11
3758
0
11
29
994
3758
15
11
180
0
11
1023
8204
517
517
6244
11
11
26
8204
1425
4898
94
11
15
1023
8204
96
136
11
0
517
0
8204
1023
11
40
0
517
1023
2
11
3758
0
6234
4315
0
4
0
0
1
0
0
30
3091
9
0
908
18
0
2
30
680
0
90
179
0
12
1616
516
39
0
1349
111
0
75
0
1
2512
1
0
0
0
0
258
0
212
128
39
541
0
18247
0
0
111
1
30
528
541
0
0
179
1
46
40
0
510
111
0
0
0
49
3756
1207
47
157
0
896
36
0
0
271
43235
0
32
87
1784
0
0
434
0
0
18
3
0
0
14
656
0
0
0
79
19
212
26
26
6115
0
301
58
1017
693
0
0
0
8
683
0
31
79
0
104
0
0
1
434
79
0
319
0
1
31
9
125
25
198
1
6
70
40
25
2
522
2
0
60
0
1
1
0
682
0
1
0
0
0
0
1
173
28
0
139
0
82
114
150
0
1
808
1610
810
0
0
10
10
2
173
0
0
9
35
0
0
150
68
0
0
0
128
0
150
720
1802
0
0
0
0
69
124
1476
202
0
0
0
258
0
0
213
0
184
751
43
45
15
0
38
17
7
201
52
1
0
1585
1025
1
0
38
0
478
0
3
431
6
0
4
0
1
0
0
1
1585
214
0
0
116
201
28
0
75
1
343
201
46
5
0
13382
323
38
1
0
22
0
0
558
3
1
0
0
0
0
0
40
34
0
11
44
55
36
0
1441
4
0
1247
23
60
1
62
0
62
1
967
0
2
0
0
0
0
3355
2447
34
62
0
1
0
62
0
164
1
0
1247
488
0
0
27
0
1247
0
0
0
241
0
1441
56
0
0
0
1420
0
0
54
0
0
1582
1
233
0
1533
0
0
0
1
227
2
4
1
27
2
0
63
29
0
0
69
256
0
0
0
0
0
3
0
6
1
366
22
153
71
1
0
10
1286
69
0
2
2
0
0
3
11
2
0
20
0
289
0
4
0
5
7
0
1170
0
0
24
5
9
0
23
19
2
2
160
0
0
1
427
39
16
0
0
1
8
0
2
0
225
0
9
0
2
0
15
74
54
30
55
0
0
0
25
95
35
0
0
2
34
0
1
0
15
0
1
0
1
1
0
195
9107
1
16
20
1376
0
2
2
2
0
0
756
29
0
0
0
27
0
34
179
0
0
0
44
1
1
17
0
391
0
0
142
0
0
1
639
30
29
590
77
2184
0
7
0
2561
0
1
0
0
142
28
1
0
1
0
0
590
3
0
25
0
5
7
1504
1
40
1
0
0
12
373
0
39
79
2
3
51
0
0
0
0
0
1
18
2
1
0
0
36
5
0
1
2
0
0
18
8
0
0
0
2
10
0
0
2
0
0
431
38
0
5
0
1
18
0
0
3
45
1
119
0
664
0
0
1
3
0
1
0
57
36
0
0
0
0
0
44
21
34
0
1
1
1
0
420
0
0
0
1064
132
3
0
0
2
23
41
0
2
0
0
0
21
0
8
1
30
0
0
0
0
0
5
312
10
488
0
2
0
5
0
968
43
41
22
0
0
13
5
41
2
40
1
0
0
0
8
313
26
3092
0
0
1
0
0
296
30
0
2
0
26
0
2
2
0
31
0
0
2
0
0
0
365
2
0
9
1193
34
0
0
0
164
0
1395
1
1
0
0
1313
2
3
0
0
0
28
3
1
0
25
240
20
2
0
0
0
0
0
2
0
0
3
0
3
1
1
0
1
442
0
0
0
0
7
0
0
2
45
0
9562
0
3
0
0
41
0
8
0
309
0
0
3
2
23
0
0
0
49
14297
0
41
0
0
1
0
312
1
0
37
0
0
0
0
0
0
0
2
10
0
9
23
0
46
0
0
0
2
0
158
30
0
0
0
74
596
0
0
15
0
0
14
0
0
2083
1
1521
0
8
2
0
7
0
0
17
9
1
2
1
4
27
11
1103
1
37
0
383
0
1
0
0
289
17
0
0
0
0
0
0
9
73
1
0
0
0
2
72
1
3
0
0
0
273
3
0
3
1
0
0
0
0
1
1
1
0
22
846
1
61
0
1
1
0
0
0
49
107
11
2
0
0
0
3
588
3
0
1
67
0
0
14
1
0
14
0
0
2
59
0
5
1
0
67
0
0
14
37
0
525
0
0
1
1544
1
0
27
0
0
0
1647
4
0
0
2
205
18
351
24
0
1
0
16
15
52
0
75
157
2
1
0
0
1
2
54
0
7
0
2
0
6
1
2
2326
1
0
29
0
7
132
15
2
2
0
7
133
1
3
25
0
0
3
1
13197
2
0
0
1
75
5
0
0
0
0
1
25
1
0
138
3
0
0
0
0
296
0
0
0
0
0
0
76
0
330
0
10
2
1
0
55
0
5
1
0
0
0
0
61
1
11
0
3
50
0
1
1
0
0
39
0
330
0
0
0
593
0
458
270
0
0
33
0
0
2
10
1
1
43
0
1
6
0
1542
0
717
578
0
1
0
0
0
0
643
1
62
0
0
0
6
0
0
5
10
0
143
0
0
0
8
0
0
214
3
171
0
0
0
10
3
5
0
307
0
0
0
0
5
0
13668
0
0
217
0
0
0
0
62
2
0
41
101
0
0
395
0
0
3
2
992
0
0
0
712
2
0
0
0
7
5085
571
0
14
3
26
0
0
2
0
1
18
0
12
0
22
0
0
934
1
0
0
0
0
0
0
0
0
0
113
14
0
0
0
246
0
446
3127
0
0
1065
1
5085
0
33
50
0
467
1
0
1
1
0
21
472
2
339
28
0
7
0
40
0
0
6
0
39
0
1
0
0
352
0
0
0
3
1
2
14
0
0
0
4
0
0
1
10
26
0
12407
0
11
4
0
0
20
9
176
189
0
0
6
41
45
0
15
6
9
0
0
0
0
9
485
0
0
1030
0
186
80
2
0
1
0
1
0
0
0
0
0
59
4
0
6
1
1
0
1
963
0
0
0
0
0
157
0
1
0
0
2
3
0
0
50
3
0
3
9
4
1
0
0
1292
3
0
0
62
9
0
0
0
0
13
0
0
0
0
0
330
864
964
0
0
153
0
706
47
0
1
0
0
0
1583
0
0
0
0
0
0
0
0
0
0
0
0
1
0
1
17
0
0
14
78
0
1
6
1
0
32
14
1
0
0
0
35
3442
0
29
0
0
0
1
0
0
1583
681
3
0
0
0
0
2
1
0
11
1
0
0
2
1736
918
0
0
1
1
0
533
0
0
0
8
14
101
988
0
429
45
0
0
10
2
1
1
23
0
13
0
143
0
0
0
0
1
0
0
25
0
1
3
1
0
1
0
0
0
341
0
0
9707
12982
0
6
0
0
0
204
0
7343
4
3
0
627
38
1992
2
343
5
1
0
1
7
5
0
0
2
0
0
0
3
0
4
0
1
0
0
0
9
0
3
59
0
0
0
14
86
0
1
0
0
0
0
8
0
127
0
1
3
5
0
0
1
0
9
217
0
1110
2
8
0
2813
0
6
2
0
40
2994
1
1425
0
3
0
0
1
1
0
1
7
0
2
38
2077
0
24
8408
2586
2
0
6013
0
187
322
0
0
0
134
14
13
0
0
0
0
0
4
6
0
0
0
3
0
0
0
1
7
589
0
1
2320
203
0
1
25
0
1
2
30
54
0
5
0
0
0
1
1274
0
85
0
0
1
0
2
864
0
1
3
1
0
0
0
5
27
332
0
0
0
1
0
0
0
0
0
2
36
1967
4
0
0
2
0
0
633
0
0
18
0
0
2
899
0
1
1
8
5385
0
0
1
0
1
0
1
8
0
0
0
454
1
0
578
1
2010
29
237
4
0
0
1
82
7
0
142
0
0
0
0
0
0
39244
0
28
0
1
0
9
9
1
2
3
1
1
1
0
2
14
82
12832
0
0
0
1
0
0
1
2
0
1
0
0
0
0
312
0
1
1623
0
0
2
144
0
0
3
0
85
33
0
1
3
0
0
76
0
0
0
0
3
0
0
0
0
0
4916
0
0
0
0
0
1
4
0
0
1
0
144
2
957
85
0
0
0
180
0
0
2
932
1
68
0
71
270
3
0
0
120
0
0
273
351
18404
1
0
1
19
0
0
0
0
1
0
0
208
0
5
0
0
0
33
3563
0
0
4
1
0
0
0
1215
0
65
7
2
83
0
0
25
0
6
0
3
0
1
0
3
37
1956
1
46
83
0
1
0
0
0
1816
2
0
0
0
0
47
594
3
0
47
2
0
0
361
0
0
5
24
2258
0
0
0
5
51
38
504
2
3669
6592
0
0
1
0
8
10
0
2
0
0
0
9
0
234
0
0
0
0
0
0
66
0
14
0
4
1
0
0
0
64
0
1
1743
2
2
0
4500
0
0
0
0
0
0
5092
0
0
56
0
0
0
0
0
0
0
1
0
538
2
2234
0
0
24
6
0
2
0
2
947
0
0
1
0
0
0
0
115
0
0
0
7
1
145
0
0
0
0
433
4156
0
156
0
0
0
0
0
26
0
27
0
2
0
0
0
0
0
2
3
12
1
5
0
0
0
0
0
301
0
0
2
19
0
0
244
0
0
0
0
1
30
6
0
1
0
2
926
0
12
0
0
0
102
13
11
0
0
17248
4
0
2119
1
1620
537
0
3
0
0
0
1346
1
1
0
0
1379
1
4619
0
4
0
0
114
9
29
3
0
0
119
0
35
1
9
0
0
0
0
1
0
0
0
0
0
1619
0
0
0
60
0
0
0
1
0
2
0
1
0
0
0
0
16
203
1
35
5
0
6
959
519
0
0
5
0
1
0
5
295
0
0
1258
0
46
25
2
1
0
4302
0
1
1
170
0
0
0
0
0
343
0
0
4
0
64
2
0
0
0
0
5373
0
0
0
0
0
1
61
0
1
2
1
0
1
8
1
0
0
0
0
0
0
0
0
2
0
0
0
2
1
0
0
0
0
0
0
10
0
0
0
2
916
1
3
0
0
0
41
0
0
1
393
0
0
0
0
0
0
446
2
0
0
1
0
0
0
0
1
911
1
0
0
0
0
0
935
83
3
0
0
0
38
1860
0
0
0
0
0
0
0
2
0
1
903
3
0
0
787
2
0
8
2
0
0
0
1
1
0
1
0
0
133
6
3
0
0
10
0
1
7
265
0
1
0
0
3
0
1
2236
4
0
2
0
16
1
570
1
0
30
1
0
0
25
0
9
2
1
0
0
1
0
0
0
1
5
4
0
1
24
0
0
0
0
1
1696
2
0
0
47
0
1
1824
2
0
0
0
0
101
0
0
156
0
0
0
319
1
0
9
6
28
2
1
0
1
0
0
0
0
21
0
16
0
0
0
52
0
0
0
0
0
35
5
0
2
1
1
0
0
0
0
63
0
1
1
1
2
2
1
3
0
0
0
0
0
338
22
0
7
5
0
0
2
0
0
1
0
38
0
54
1
985
0
0
1
0
1
1
2
1005
1
0
0
1
0
0
1
523
0
1
0
7
0
5530
0
1
2
0
0
0
1
0
0
0
0
0
0
392
0
1
30
0
1
0
8
6
0
1584
1
0
1428
14
0
0
0
0
0
2
0
0
1
0
6
0
0
11838
224
0
244
218
4
0
0
1
18
0
0
247
0
0
0
0
0
4
4
0
0
2
0
0
2
1042
1
1
0
0
0
0
0
921
0
1
2
0
1728
179
3
2
0
0
2
0
16
5107
0
0
0
0
0
0
0
0
1
0
0
3177
112
0
38
0
25
0
0
2
0
0
67
0
1
1
0
0
0
0
1
0
16
276
0
14
108
150
0
0
0
1
19
0
1
7
2
1
1
0
17
617
0
1
4
3
0
0
374
0
25
0
0
11
4
371
0
3
1
0
27
55
0
3
0
129
1
0
0
0
361
0
850
0
7041
0
0
0
367
0
1
815
4
0
18
0
0
0
1
0
0
102
0
0
63
0
1
151
2
0
0
0
0
0
0
0
167
2
0
0
34
0
636
0
1
0
0
41
2
43
0
146
0
9
12
0
0
12
0
0
0
0
30
0
0
1
0
2
0
3
134
1
0
1
1
0
0
1
1
0
0
0
0
38
1339
0
1
1
0
0
352
0
0
0
1
959
4
0
0
1
2
0
1660
0
924
0
13
0
302
0
0
0
1
113
2
1
0
0
118
0
0
119
2
0
0
1
146
0
0
1
1
3
5126
0
0
17
623
0
0
2
1
1
310
1
0
22
7
3
1
0
0
0
472
0
0
0
4979
0
0
1
20
0
0
70
0
5436
1809
4
36
0
0
1
0
1
0
0
0
0
0
0
1
0
0
140
0
0
0
0
6
0
0
0
0
0
7
0
36
0
0
0
0
83
3
32
0
0
0
0
0
106
0
0
0
0
0
0
0
18
650
1
360
1
57
0
1
4
0
2875
1
73
5
0
76
15
0
1
795
0
1
0
0
0
0
0
2
0
0
0
11
0
58
0
10
0
0
4
0
39
0
0
0
0
0
0
1
0
0
3559
131
3
639
2
1
159
1417
0
0
0
0
0
0
0
0
1
0
0
0
0
356
0
1
2
2
0
1877
0
1097
0
0
0
0
1
1
0
0
0
0
5
0
0
5
9
0
1
0
1
111
0
0
0
1
0
0
2
0
1
0
0
53
0
39
3
3
0
0
0
1
1892
1
0
0
5
0
1
0
0
1
1
0
3
420
1
0
1
1
0
0
0
4
2
544
0
0
37
2
0
0
24
9
0
0
6
67
0
4
0
0
5
0
0
0
2
0
0
0
66
0
2
0
0
1
0
2644
1
202
0
0
10
1
161
0
4974
22098
0
0
0
0
0
0
0
50
0
0
23
0
18
658
0
0
1797
0
0
3
3
7
2
1
0
5
88
3
0
0
1
0
138
0
293
0
30
0
0
56
0
0
0
1
5
0
32
1
0
0
4
0
1
2
1
1497
1258
0
895
25
0
2
4
4
0
0
1
853
4
3
0
2654
2
0
1
0
0
0
75
146
3156
2
0
3
0
0
36
0
6
0
0
0
0
0
0
2
0
0
0
0
0
0
0
0
0
7
99
0
127
1
0
0
25
5
21
1
1
0
1
30
4842
4
33
894
0
0
0
1
1
1
0
1
9
0
1
2
2
1
288
0
0
1
0
0
4
2
1
1
14
0
1
0
0
0
0
3752
0
4
0
0
0
124
27
0
6
0
0
3
0
2
0
0
0
2
0
0
0
0
1
0
0
1576
0
0
5
0
69
2
0
42
154
0
0
0
66
0
1
1
1
0
0
0
0
0
0
41
0
5281
0
0
0
0
0
0
0
1
0
0
0
0
0
118
0
0
6
0
0
7
0
2
3
0
28
0
0
0
0
0
0
0
388
0
203
127
169
13981
2
0
0
0
1369
0
3
7012
10
0
0
0
0
0
418
0
0
1651
3
0
753
1
1
2678
0
14
1
12
0
2
291
0
0
2
0
1
1
4384
2
1
2
0
2
6
2
0
32
0
0
29
0
1
64
0
0
46
0
0
31
0
0
0
0
108
2
0
7
2
557
1718
0
0
109
0
0
0
661
2
1
131
172
6155
0
0
0
0
1
2
3
47
1
0
0
0
663
12
2
0
0
0
0
32
0
0
0
0
0
0
0
0
0
0
0
0
0
0
0
3
4
0
1
0
176
0
699
0
4901
0
0
0
0
3
6
5247
0
0
0
2
0
1
0
10
671
0
0
2498
913
0
1
1
1
0
1
0
1
546
0
0
15
0
19
66
1
0
0
0
0
0
49
0
0
26
0
1
50
0
1
3
0
7
6
0
6
0
0
0
0
1
0
0
16
1
3
3
0
0
0
5
1
0
0
0
0
0
0
0
0
0
4758
0
380
1
47
0
0
1710
0
0
0
34
1
0
0
0
297
0
0
0
2
0
0
6
0
211
0
0
0
6
2
0
8
0
0
1
0
0
124
105
0
0
0
1
1
1
43
1
0
0
0
12
0
0
2
0
0
1
423
2
0
0
1
0
16
1
1
1
1397
130
136
10492
1
0
0
804
1
8
0
0
0
0
0
0
2
0
0
10
0
0
5
8
0
0
0
1
0
8
0
0
5
0
0
0
0
1
0
0
5
0
0
1
334
0
0
0
0
4
1
5
0
0
0
15
0
0
49
2
40
1
0
0
5
0
0
17
2
0
0
0
0
0
0
0
0
101
0
0
0
0
0
89
108
23
1
0
0
1572
0
96
183
0
3
0
0
0
0
2
0
0
0
29
0
0
0
0
81
0
0
598
0
1
16
0
0
60
0
1
2
0
3103
0
0
0
0
39
0
0
4926
13
1
8
13
0
32
0
0
1
3
0
0
0
8
7
4
0
0
0
0
18
101
0
0
0
1
3
0
10
13
0
6
0
5
0
1
0
0
2
0
0
685
0
5
22
2
1
0
0
6
0
0
403
0
1
2
0
0
0
0
0
967
0
18
0
8
0
0
0
0
2
1
1
3
3
2
0
0
0
0
0
8
1
0
0
0
4034
0
29
878
0
0
0
0
4
2
29
0
21
0
5
0
2
0
0
0
1
0
263
0
1
40
0
0
1336
0
1
1
1
0
2
0
0
0
143
7503
1
37
0
0
0
0
0
913
34
0
0
0
0
0
0
373
0
0
5
0
0
9
41
1101
4
0
243
7
0
0
2660
27
0
0
0
0
149
0
0
2
0
3
3
0
1
0
0
0
2
26
0
0
0
6
711
0
0
1634
2
0
3
1
33
3
0
0
0
520
0
5
1
0
1
0
27
2
28
0
0
674
0
0
4
24
0
0
2
1
0
1
0
53
0
0
574
0
0
1
17
0
1
1
0
0
16
0
0
0
0
6
0
0
0
89
1
0
0
0
0
125
102
4091
0
3
0
0
0
3
0
0
1
38
0
108
0
0
0
1
0
0
0
0
0
4
0
0
0
0
0
9
0
0
0
0
1971
11
0
1
1
20
0
0
0
0
0
2
0
0
0
0
0
0
25
30
0
0
0
101
1
1
0
0
1
0
0
2
15
0
0
0
0
0
2
0
1
186
2
1
0
0
0
2
112
4
15
0
1
0
1
0
1
7
0
233
0
0
0
0
3502
0
0
97
4002
2
0
4
51
0
0
0
0
0
371
0
2
0
0
0
0
0
0
0
0
0
0
0
31
0
4737
7
0
0
2
1
0
0
2
0
0
0
0
0
1
0
1
0
0
0
0
0
0
0
1
1035
6294
0
1612
1612
6860
0
85
75
1612
1612
1612
368
1612
5608
226
225
440
11
323
38508
44
87
13204
185
13916
6
169
10412
859
169
3
185
12106
4220
54
163
87
169
404
3309
5675
4085
2785
12057
12859
390
103
3775
274
8
5104
11658
2702
169
6923
25577
0
5676
28517
12859
11658
4220
12859
136
3
8204
11
11
3434
8204
8843
0
11
11
11
1541
11
54
36527
31
784
1832
2
5311
2
1165
55
2233
405
25
514
281
12
23546
2049
2194
5207
5073
1485
1360
1599
1757
948
0
9
3
516
3
4116
3277
18
16995
1
0
6
10
86
27
3
3
567
2402
0
43
1208
647
5602
0
866
0
0
30
23
0
2
111
0
0
30
5800
0
76
0
394
4
1
3663
70
20353
4
2
2
0
9
1005
31886
358
340
235
0
777
1
2904
22
3526
0
11
0
0
10006
174
4960
2526
75
9
0
9565
10980
229
289
3612
439
9
0
7
43
2
90
1
8934
10
6
33
0
0
48
0
0
1587
31
26
0
87
562
0
189
0
1
5551
728
8
0
1059
0
20
2
68
7
230
66
190
105
3319
0
1084
222
0
23
13
167
84
35
61
413
821
33
0
4
498
43
17
288
5580
0
1295
21
273
8888
819
1
167
2867
449
4
4
1
2057
25
28
36
1
0
521
0
1392
0
0
0
28
208
2619
8
2645
12
38
31
28
0
47
64
42
1
0
881
8
4
3
4
4921
1066
1
2528
5
727
0
709
3420
4
9
563
10
18
0
32
138
166
17799
7647
0
38
0
78
64
22
2
0
1975
675
1
0
5
784
1585
1
68
0
300
4
2
38
1
0
1443
0
822
381
2
4236
822
498
2
10077
2
811
0
2
0
12
23834
229
1134
70
1
1
45
83
11210
0
962
3
453
317
39
2
9
1
381
175
0
19
551
237
0
5
25
2
0
0
1
253
1
10
8
0
0
6
0
352
72
0
308
209
0
1227
850
1
4
2
0
0
27
33
0
1
0
3681
0
8
0
0
0
187
854
360
44
7
1
712
97
106
1
5
10
177
4
29
351
595
92
4
0
5649
32
0
17
0
588
0
1269
3
1
0
74
0
1
142
1
1
1554
0
689
0
0
0
0
0
0
0
0
43
16
36
0
0
587
0
0
512
40
36
37
323
14
15190
67
91
182
0
74
2
20
3
104
1
2
5
118
21
0
52
0
1458
35
3
0
0
0
51
0
55
71
0
0
0
0
0
601
806
45
106
0
44
7896
0
0
367
2
41
0
1980
1
19720
0
78
1
0
193
0
95
2562
68
19
0
3090
1
0
61
1769
7
6
11
0
0
13
3
331
0
20
0
0
106
11375
11
15
0
5
22
2
140
0
0
0
0
1
538
15
0
1
7975
11
146
2
0
1037
5
42
0
28
117
0
776
574
196
0
21
2239
3
0
40
92
255
0
0
18
3307
4
2172
5
196
0
3
3
8871
11
48
238
72
0
908
1
0
16
0
0
0
0
0
1
35
0
5982
11
396
188
1625
1838
659
15
36
0
530
51
23
0
11
1
1029
17
8022
1
3
0
0
1
2
0
18
0
0
552
33
0
0
5485
9
12
322
6435
110
160
0
0
2
894
2
0
0
0
955
512
1699
0
20
0
0
0
0
726
11
4
0
0
31
172
1
37
0
99
6
39
1965
1155
0
8
0
3
12
6
0
37
63
51
0
0
1443
0
126
166
0
255
1
0
0
41
0
0
0
15
441
23
19
290
388
0
205
2
0
2283
41
74
495
630
74
0
6
38
1781
0
0
0
7164
5
39
7752
4
0
2
8
0
97
152
0
457
0
192
0
142
26
0
170
0
30
0
0
2
23
1876
0
7
0
0
2307
0
0
1
1
0
62
1
3
0
0
20
16
0
208
1
1
0
0
0
1035
54
151
1
1443
0
0
0
0
385
1443
551
367
4
19
36
1
1
1
9
5545
4
4
23
0
1
13
1
0
11
4
0
82
108
0
81
24
8
1
1939
3
0
1
86
2
51
1776
0
106
1
0
0
1453
0
5256
1
7220
443
1
54
0
0
10
77
0
1
1
0
94
55
297
3
0
2
38
0
320
206
0
43
60
834
2673
170
45
1
11
5986
1
65
5
6
1
0
0
18
4
2
5
19
85
0
6
0
802
0
0
0
0
1
45
2
0
1
0
53
2
0
174
0
0
7
6
17
0
3
0
129
0
0
748
1
1
6203
1007
6
0
1
42
17
1
0
0
0
25
223
28
170
1
2673
26
0
38
0
0
1297
9
3
369
3202
1
3
1
4137
682
2
0
125
2
0
40
0
1332
0
1
18
0
0
1
0
0
76
3
938
5
0
14
15
3
0
80
0
81
83
31
340
28
1
675
1
0
0
4
1525
4
0
668
18
367
4
1
0
1653
55
0
1
0
0
0
37
1
1
6414
156
0
0
13
3150
0
233
24
891
1
6
0
0
20235
1
1
22
0
1
35
648
0
0
47
3031
0
1076
18
10
96
13
219
30
3
5598
604
33
5
0
18
737
1
0
1306
72
15
0
1
105
3
0
3
146
220
314
469
2771
0
0
47
0
3
320
91
6
0
131
0
1
14
2
23
61
0
0
2886
1
5
1
0
1
159
21
0
0
1
111
0
4
0
18
5
0
1
0
136
0
6
0
704
0
5
1
3
0
17
1
2542
6
2711
8
0
0
4
41
13
38
0
4
8
2
4
10
43
0
0
9
6285
114
24
18
0
0
0
106
0
0
0
0
366
35
0
0
0
328
3
0
0
0
22
5
16
0
0
70
0
177
0
0
0
0
33
0
1
0
14
9
0
2
4
6
0
1
21
1
82
0
1
11
897
97
0
6
997
3
0
5
13
0
0
0
0
1877
2006
73
1300
2
3
23
0
0
8
184
27
0
507
2
0
0
0
681
0
0
0
1
0
2
286
4
394
0
17
3
0
0
1
14117
2
0
272
46
1
128
3
92
1347
0
5
1861
87
0
4350
1
0
0
7
0
7
2
934
104
1617
21
39
12
27
1
1
87
273
0
0
160
8
0
0
21
0
0
0
0
30
568
0
342
0
0
0
0
0
2
7
1
0
0
5
1561
1125
2
1
8
53
0
2
3
0
865
3618
154
1657
7
115
18
11
14
97
0
1
89
4051
3
58
87
6
15
5
9
14
4
3686
4
0
27
0
11
120
0
0
126
1
0
0
0
0
489
0
0
21
27
1
1
0
963
7
6
0
1
0
0
109
14
2
7038
0
0
3
2
1
1
2
1
1066
3
21
6
0
0
0
3
0
2
0
1
0
51
6
0
0
58
145
0
2055
413
746
75
67
5
71
123
14
0
2
1
1
6
0
1
137
445
0
2
0
0
2
0
0
1670
315
605
0
2
661
0
0
4
0
11
102
3
28
281
7677
1
153
1020
837
2384
16
221
7
2227
0
1783
1
39
11
8
2
16
5
56
1
0
0
0
1085
6
15
1406
22
5
10
6
17
0
14
1489
1
344
0
3
0
18
0
79
0
1
56
0
1
1603
2
0
0
0
64
2
12
7
4808
279
0
1318
0
60
35
0
2
11
1073
88
9898
25
3
5
0
0
41
12
2
3
2
4
1
0
1563
88
1
0
0
0
202
4
625
111
12
1
13
11
0
26
0
1
27
1313
0
0
0
594
1
0
2
0
1
154
97
229
0
0
5
1
0
0
55
2
17
2
0
0
1
60
168
2
8
6
0
190
34
2
2
9
3
15
0
4
164
1
0
0
0
20
124
1513
1172
0
0
111
33
0
67
2
1816
0
1
1
305
0
0
5
0
0
0
2
2
0
153
253
1
23
22
6
1
0
0
58
4
4
0
1
5
1
4550
195
1
0
1
0
11
0
86
0
2
118
0
20
4
34
0
17
2403
3
33
2025
85
5
5
1
1309
95
38
0
245
1
1851
34
511
5
0
1
0
0
0
1
0
0
0
0
0
0
0
2
3
162
1
3
102
0
1
108
0
4
0
0
0
1
26
65
341
1
56
1
0
674
561
1
0
0
1046
0
0
19
40
1
12
143
0
125
108
4028
0
0
7
56
0
1
1369
1
13
18
6
0
0
2319
16
5
0
0
2
0
0
1010
6
21
804
0
0
27
1
159
75
0
3
0
0
25
2
1189
2
3
3
84
2496
0
2
164
1
1
4
2474
178
35
1
28
0
300
33
2
0
5
2
3
0
1
0
3
22
3017
0
1
1
5
365
7
3
0
0
0
0
7
1
0
78
24
12
6209
0
0
0
2
87
174
0
0
0
14247
68
7360
2500
4
2
0
1
9
6
12
21
6
1
0
1075
1
10
1
137
0
0
1523
1
24
51
392
87
1
7
0
0
0
0
40
4
844
0
9882
0
203
515
0
15109
0
68
0
3
33
0
1
0
0
0
0
276
0
1
1
21
53
2
16
2048
0
103
16
794
798
0
22
0
457
0
91
0
1
254
0
938
1
14
790
15
130
0
1
4089
3
68
0
60
0
245
1
13
1
9
0
242
1
3
80
186
0
652
1
2
0
8
0
0
0
79
0
1
0
211
0
526
0
40
0
100
8412
1
0
0
0
0
15
1
0
0
9
0
0
0
4
4
0
263
0
0
0
383
1
0
0
0
0
3
0
0
1
27
17
0
1
7
4
8
0
15
7
867
1
0
0
0
0
0
0
6518
1
0
0
0
0
3
0
0
0
15
0
647
0
0
0
0
0
986
3
428
8
0
2
12
0
0
3
2
0
1
3
113
229
14
836
2
898
3
0
45
2
3
78
8
0
7
9
221
0
265
0
2
0
0
0
21
430
0
0
0
9
14
3
4565
4
0
4
0
0
173
1
0
0
0
0
1
2
0
2355
1
8
46
1
152
0
2
133
3516
100
0
2
0
1
21
0
1039
607
1
1623
3093
3
8
0
0
0
26
0
0
794
83
5
167
28
0
0
0
632
0
222
1
29
0
1
0
0
0
9
1
1
1
4
69
1
1
0
0
0
0
1
0
3
0
2
0
49
119
0
58
0
7
0
3
1
14
8
465
1
2881
0
275
2
51
1877
134
0
100
0
34
1
133
0
16
3
0
1
12
25
69
2
0
0
1
230
0
11
104
3
5
1
0
17
2
1
0
0
0
0
0
90
0
5
0
0
848
0
0
159
131
11
2
15
238
0
0
1
4
1257
3
0
5
0
0
0
695
14
1
38
0
189
0
0
0
3
38
416
124
0
0
0
12
3
24
101
45
104
0
72
0
34
740
7
2916
0
0
22
0
4
101
0
10
136
0
0
2
0
0
40
837
9
18
0
112
9
1
4
0
1
1
4
19
246
1069
257
1
2
71
0
8
0
3
22
16
3
0
755
1
2649
6
0
560
3
0
1
305
26
12
51
94
3943
7
220
0
507
213
295
599
1
8372
0
6
84
0
0
0
0
1
0
0
0
2
0
0
0
0
4
0
0
1
5
0
1
59
2
1
0
265
0
0
1
204
0
19
4
0
0
12
1
40
0
134
0
2
1
784
0
234
5
7452
207
0
17
7
1
4
12
111
2542
10
5
1
0
0
0
158
58
22
6
0
617
13
157
0
10
0
14
8152
213
0
1675
1
1025
0
0
0
0
855
267
2
1
24
10
0
9
0
1
0
107
0
2
145
7
1
29
0
0
0
1917
19
0
35
0
564
1065
53
0
0
9
0
0
3
1
219
11
269
0
1
0
15
1
4156
0
1
1063
125
0
0
135
0
252
891
28
0
1
0
2
0
0
1
0
0
172
0
79
0
13
1882
102
1
0
0
29
2
5
0
5
241
87
0
0
5
0
194
0
0
24
0
10
36
184
1
806
21
0
0
17
90
0
290
1
28
4
165
4
7
2
21
1
0
1
0
1
1
0
2
19
0
7
21
0
11214
1057
517
0
42
0
0
1
1
2
1630
0
81
0
621
2
0
0
147
0
9
0
0
4
135
0
17
1
1
208
0
3
7
109
2
3
968
0
0
0
4
109
1
0
4
1
2
27
0
0
0
1386
0
0
23
0
2
0
1
7
1
40
24
333
0
0
0
0
39
3
135
43
52
450
0
14
14
0
982
9
0
26
0
0
0
292
0
20
0
0
3
2
0
0
0
0
188
0
98
6
0
1
0
0
42
1
0
2
22
0
5
0
2257
9
46
7
1
2
420
0
0
0
0
0
1
1
28
0
0
0
0
0
1
1
20
198
58
147
0
3
0
1
0
104
592
0
1
9
412
3
0
207
0
0
0
5
4
0
5
1
3
4
2
4
4
1
0
0
41
71
53
0
36
0
0
1
9951
0
0
522
3
0
1
4
52
0
0
0
0
0
4
0
1
0
0
0
40
2
1
0
3
8
0
3
0
0
15
0
1
0
0
11
6
1
0
0
1
33
4
0
1
5
0
0
0
36
1
0
1
7
0
13
116
21
1
21
0
0
0
3
0
3307
6
9
0
4
0
19
0
1
0
0
33
0
1
1
5516
0
0
0
3
0
1
1
0
0
0
4
0
0
1
0
0
0
0
0
5
175
0
0
0
0
193
136
0
803
203
1
1
3
602
2
0
0
0
27
13
2
0
0
0
77
0
14
2
2
2
8
1
0
0
287
0
0
0
0
0
0
4
3
41
0
0
0
3
0
4
4
0
0
114
0
9
0
1647
4
0
0
0
0
15
0
0
0
3
0
0
2
0
4
49
1
0
0
1
0
1
0
0
144
21
0
0
0
26
24
0
3
1464
644
0
1
0
13
0
0
120
0
1
1
6
0
5
1
4
18
0
0
2
0
33
83
20
2
23
101
1
0
1
8
0
4
12
14
0
1
0
0
0
1
1
1
0
58
2991
5
0
1
2
9
0
639
2
62
0
918
308
395
4576
5
89
1
3
0
0
4
2
0
6
0
0
0
0
0
31
0
0
1
12
1
0
0
0
37
2
0
2
1
4852
2
1
631
2
0
0
0
0
0
20
0
0
4652
8
1
0
0
3
15
2149
1
3068
60
0
3
0
10158
0
1
0
0
48
720
0
28242
262
1
0
0
0
0
0
55
0
3
0
0
0
0
419
70
0
0
166
0
0
0
4
2
2
0
0
4
5
0
0
0
10
2
0
0
0
0
0
3
0
199
0
0
5
0
1
0
3
0
5
3
0
0
4666
50
12
6
2
0
0
729
192
3
0
0
0
638
0
6
1
2
0
5
0
14
14
1
0
0
0
128
1
0
0
0
3
0
109
4
14
16
314
14
0
0
3
2
0
0
1
8
58
0
0
4
0
3
1
0
640
0
3
0
0
1
0
0
56
7
0
0
26
6
3
5
1
0
8348
28
0
7
0
124
0
0
0
0
24
0
109
2
0
0
2
11
8
0
1
1
0
31
52
55
14
0
251
151
3815
0
17
5
0
2
0
0
5
0
0
2
0
9243
0
0
1143
27
0
7
1
0
0
0
0
1
0
0
556
46
714
0
0
31
234
143
0
0
1
79
4
0
0
1
0
0
2
0
0
0
1
3893
3
0
0
100
13
95
0
15
1
0
0
0
4241
0
4115
0
0
0
0
20
26
0
9
100
0
34
0
11
9684
1
34
9
36
0
0
1
14
43
0
0
686
2
1
41
0
0
0
14
0
0
0
1
0
0
1
0
9
0
0
50
0
1
4
6
1
0
1
1
0
344
140
0
8
4897
5
1
1
0
8
0
0
1
0
0
2
7047
1075
12
0
15
1
1973
360
4
226
29
16081
0
0
3
0
1
0
0
0
2
0
0
0
0
0
4
0
0
0
0
6395
0
347
4
0
0
0
0
1
0
0
454
17
0
0
0
0
2
20
1
118
72
345
0
15
0
3
2316
2
0
0
0
0
152
3
84
22
785
0
351
2
0
104
382
0
0
2443
0
2
474
0
2
0
1
155
0
346
5
33
465
3
0
0
591
1404
0
0
0
30
0
1
0
0
4
275
204
0
14
0
312
11
1
1
4
230
68
30
0
122
0
6
0
0
4
0
25
1
1
0
14
165
7
0
1
7
9
6
18
248
0
3
72
0
94
1
8
1
356
0
0
0
106
42
1
0
3
0
10205
349
3
27
0
0
1
15
38
0
18
6
0
27763
0
1
236
1
236
1
1
40
7
0
0
1
0
0
0
1
152
0
0
0
4
0
2
169
0
1
126
3637
2
499
379
10
0
3
1
0
0
0
1
1
228
11
0
1
0
173
0
0
0
0
0
0
0
0
1
28
0
124
0
0
1
0
2
0
1
0
6366
0
618
12
0
0
0
0
68
0
0
2
121
81
4
1
0
0
49
45
17
9
103
0
0
9
0
5
1
83
29
1
8
0
2
0
408
7
87
2
0
0
4
179
5
0
1
454
0
0
0
1
20
2
0
0
6
0
208
28
678
14
1
0
44
140
248
20
1
0
61
2
378
0
0
2
0
41
2
0
0
0
219
0
269
185
3
22
5
2230
3
0
3
0
65
3
2
1
337
2
0
1
9
0
9
0
1
16
120
1
0
0
0
0
0
0
0
0
0
0
0
3
0
4
52
0
0
0
1
2
5
94
0
22
23
1806
0
0
0
0
326
0
280
0
0
0
0
0
0
639
2
7
1400
201
0
2
0
0
0
0
1
1
157
1
0
0
778
1
0
0
0
137
0
0
56
0
0
2
1
0
145
0
0
1
5
0
623
23
0
0
0
10
0
0
167
118
1
2
71
7
0
1
0
0
0
0
3
0
0
0
113
0
0
45
1
1
0
0
0
3
1
7411
0
2
0
17
0
2
0
9
74
0
0
1343
1
0
2
1
0
0
0
0
0
0
988
0
1
4
0
0
0
0
0
324
0
45
0
0
8372
15
0
78
39
0
0
0
0
0
0
1
145
0
35
0
5
1205
6
2
1
0
0
0
1
0
1
3
16
546
49
0
143
26
74
0
4146
38
13
29
0
3
183
17
490
0
0
1
572
0
18
0
254
0
14
0
2
69
1
1
80
0
7
62
14
0
4
49
1
0
0
0
0
0
3
141
8
0
0
1
4
3384
2
3246
13
0
0
0
0
15
254
17
0
1
57
79
0
0
1
1
0
6
80
5
0
1
0
1
0
7
2
0
0
0
792
0
0
1
0
0
10
1
2680
0
8
0
108
2
2
2
27
0
1
1
0
3
0
0
4252
275
0
0
3
4217
0
2
0
894
3
121
7
1
1
109
0
3
2
2
5
14
284
0
0
0
834
2
4
9
277
0
1
305
0
0
0
73
0
73
78
7
31
0
30
0
17189
3
5
0
1
0
0
58
1
2
13
22
0
0
0
0
0
0
779
9
514
1
0
38
0
70
0
15
2
4
106
3
0
2
7
3
131
0
241
2
0
0
1
0
1918
2
0
4
0
3
0
0
0
0
0
0
0
0
0
0
0
2
0
2
5
0
0
0
2
0
0
0
4
0
1
209
25
0
0
0
0
0
38
0
1
0
0
6
319
10
0
45
0
0
237
1
1
37
7
2222
0
239
4
14
0
8
258
37
2
59
1
46
0
0
0
4238
185
509
3214
67
440
28
0
3
3
75
322
5215
1612
0
302
14066
466
8580
1612
1612
1612
1612
1826
140
3421
1826
236
1612
2286
5503
1035
302
180
0
169
18700
559
30
559
1612
48
4000
1612
1731
54
6156
14031
559
169
11
16
163
5104
14467
12
26463
5104
766
9995
17131
163
169
13257
0
2194
11165
31441
4551
394
60
1940
42149
42149
0
6626
709
3758
8204
517
4308
15
54
11
11
1023
11
29
1051
2
29
1036
11
71
0
655
517
295
8204
0
9392
4
35
4
11
9694
513
11
13421
113
30
1
3914
4033
0
3434
3257
0
13
379
2
312
2739
4
234
20871
2977
18
86
0
343
45
4459
3
25528
1341
0
0
111
33
3
510
0
38
35
39
130
0
0
627
30
0
17
0
0
18
0
998
179
2
4952
0
0
741
199
709
2195
709
0
7
52
60
8
11
16
9643
2
0
67
692
7
16
0
79
1
651
472
83
62
4
45
7544
115
106
6
52
5
3
0
2
177
177
31
0
1
1
0
1
5962
0
493
0
26
2
1649
146
0
33
146
1
26
4741
0
32
0
140
0
4690
69
4100
111
6279
0
742
16
98
3
112
78
7
2
1
617
0
104
175
16429
6459
0
0
108
921
0
23
24089
0
0
194
1
76
142
467
654
25
2939
8504
0
1
0
0
0
2
4
173
40
28
196
0
0
32
5
0
32
32
1565
1
54
1
2
65
0
13867
0
19
0
109
0
35
13
0
111
6919
27106
465
0
6
3
334
491
0
871
0
633
744
0
0
0
2179
1
703
3325
16
1
8
6
7
4052
2
4
16
28
81
1
1
0
0
0
54
0
92
0
0
201
0
0
52
0
0
0
0
84
45
0
0
0
135
0
4
55
3
0
3
1132
100
23910
0
49
94
0
7
104
0
0
235
6
0
2
1067
2241
0
1117
2068
432
0
8
79
94
3
4
3
2
0
11
3
488
74
34
56
34
1
1451
0
3
38
2622
1
5384
2
30
62
2
21
7328
0
0
55
0
0
34
5
0
1
253
0
0
103
37
24
17355
16
4
0
874
7
581
0
221
351
5
317
4
0
111
0
0
94
9
27
0
24469
76
103
466
178
0
637
0
59
2
0
16
0
978
69
1213
0
0
1
0
23
7
25
4
0
25
4
1
0
0
1
67
0
79
9
183
0
1084
0
119
10534
5
18
12
19
0
0
1
10
0
0
0
2
0
698
0
1553
0
0
1
12
343
0
7971
3
1
10
1
0
0
2244
0
13312
0
0
0
20
0
91
14
0
0
306
0
1
0
0
43
0
0
221
235
120
0
1
85
0
40
136
532
0
38
0
57
7078
0
24
1713
0
0
0
0
0
190
66
0
1
0
278
0
234
503
0
6830
620
3640
0
1460
0
1231
186
0
2
0
0
2
0
0
0
0
0
0
0
3
13
0
0
0
1
1120
14
391
0
557
371
12
22
13
0
0
0
2
1863
228
0
9
0
437
23
184
2410
34
0
0
111
4193
1
0
926
0
6
0
4770
1670
77
907
1
1
1464
5
19
0
53
39
1
11
1768
2
0
468
8
119
2
0
0
885
0
1
91
151
424
2
0
1858
3674
0
3
116
0
0
0
791
1
2
7
281
6
61
0
0
0
940
1
1
193
144
0
0
0
5305
4650
0
2
111
3
7
122
0
1
0
5168
0
2
0
0
808
2
1
0
0
1
104
0
0
2
22
247
2
8
0
0
0
0
61
0
26
0
4
13
0
386
16
0
0
4
2
14
803
128
1
1
199
0
2
232
4
0
95
0
264
0
0
417
8
185
0
165
8607
1
0
1015
0
5
369
19
55
0
5
0
1
2
14
9
0
0
0
0
0
3
25
0
365
3
4
35
0
1425
1
2
0
0
195
67
1
0
118
2
1
47
0
12
3
0
379
1
0
175
6
1001
9039
0
10211
9692
126
0
0
2
36
1
108
0
1
0
1
1
16494
2316
0
9
0
9246
1
0
8
7860
3169
2
1
0
0
378
0
1
0
0
0
0
0
994
0
311
1
132
0
0
5
1
36
12391
1
36
100
0
0
1
0
25271
0
0
8
12429
2
385
37
0
26133
1
26
121
0
29
0
3
1404
0
548
1
2
0
0
10
18
3
10
17
1
41
0
151
1
0
0
0
0
25
0
1
0
162
14
0
27
2
0
9
0
2568
0
1
2
0
87
3953
0
86
0
325
0
388
2
9969
2
0
2
1
36
33
4
0
119
55
3
17
183
271
92
443
1
2
11
27
838
2
0
3088
0
16
13
0
2
4
216
3
0
0
0
384
0
0
0
1
67
0
1
0
0
1
16
0
0
2
224
22
0
0
0
35
0
0
0
0
37
0
38
57
76
0
39
0
2812
4
0
65
2
341
12
1
283
8
171
2
550
3
1
5
7
0
1
71
45
231
0
1
0
0
734
57
8
0
1
1
0
0
21
5
3
10
3
5
10
0
0
0
0
0
3
0
3
1
0
94
1
0
1
0
0
306
2
13
5927
0
8563
610
0
300
334
2
0
962
1
141
304
46
2
0
1
85
2
10153
45
1202
4
649
376
3
1
0
44
2
0
819
0
52
3
2
21
0
0
1
0
0
0
2
0
0
0
0
3
1261
0
37759
0
26
0
0
43
0
2
0
0
0
0
1
18985
0
6
7
0
17
3
0
0
9
23
0
5
2175
530
0
0
165
0
11
2
15
47
25
0
19
3
8
3
15
33
1123
0
0
0
0
0
0
0
1
0
19
0
2
13
18
203
1
33
356
2
0
0
0
5
0
0
4
0
1
0
2
1
0
90
0
0
49
0
0
0
415
0
4676
9
0
69
79
0
0
2
144
20
0
0
236
17
847
1
0
53
16
1
283
8
2491
313
0
0
19
0
163
0
0
0
0
0
0
0
0
18
39
0
0
12
5103
0
0
1840
0
0
1885
3
4
0
448
1
0
5
0
0
433
0
0
0
31
0
26
1
143
31
209
117
0
0
1
1
6
52
2
2
0
98
0
788
51
0
0
0
2
1
1
1
0
0
65
0
0
20
6
1
9
42
0
0
0
15
8151
0
45
66
0
1
65
0
1
34
0
0
3024
0
0
406
0
0
1
0
8
11
2
0
7
0
5
147
0
4
2879
15
2
75
0
1
0
0
0
5170
4
0
0
6
0
0
1973
1
519
0
208
0
0
0
6
1
0
0
0
3
0
7
0
182
709
0
2
0
53
0
0
54
0
1
0
1
4
6
74
835
33
0
99
0
5
55
10
0
0
0
0
1
0
2345
598
3
10
122
526
32
1
0
1
444
1
0
12
29
20800
0
99
26
1092
0
33598
0
0
327
138
0
12
101
14
0
1
233
0
0
3
1
0
1
0
0
0
0
0
308
0
0
0
0
0
3
162
0
0
3
2
0
14
183
433
55
109
25
0
1
38
4196
990
22
60
8
1
29835
2
715
1
15
11
6
357
10
1
0
27
2
3466
182
0
0
0
1
0
0
52
0
0
2
0
0
1
2
0
1
1676
0
0
138
0
0
348
4
1382
63
0
0
0
1
20633
0
155
0
0
10
1
8
14
1498
0
3
2
368
20
491
0
1
54
1979
0
0
3
1267
44
1
61
1
0
0
8623
0
786
0
0
0
0
8
36
2107
2
0
226
0
0
0
0
0
1
1
0
20
0
0
19
650
1
0
1613
111
0
0
1
1
19
0
8
0
316
3
1
1
2
3368
0
309
0
6
8
8675
0
12
9460
3
0
70
2
0
0
263
1
0
67
676
51
1
0
0
24
0
0
0
4
1
115
0
0
0
63
0
0
5
21
1
0
0
0
0
0
0
0
410
2070
628
0
6
9
0
1701
0
68
120
183
916
0
0
23
0
0
137
0
1
1
45
0
544
3
13
0
53
1
0
0
2
0
0
381
3
39
0
3
0
385
0
0
16
0
127
2
0
22
4
0
1
0
0
0
3
0
0
0
0
0
2
6
152
0
0
0
3
70
0
3
0
1233
1
1
0
51
2
4
6
0
0
0
28
0
0
10
0
0
0
0
0
8
4
3
0
69
0
1
5
0
0
0
0
0
0
0
45
0
3
2
21
0
5
0
0
1
158
0
71
0
0
36
0
0
102
15
3
0
0
0
3
5
0
775
0
0
21
42
15
86
0
0
0
0
16
9
3001
5
0
7
0
2584
503
0
1358
82
0
1
14
4133
7
0
30
80
1
46
0
0
29
66
2
0
0
0
0
5
45
94
0
62
575
0
1
3
0
1
3
0
2937
1
10828
0
0
1
246
0
2
228
0
0
1250
9572
4
0
0
0
0
1
348
31
0
5
0
1
198
88
1
0
1
0
0
0
0
0
0
0
3
785
17
309
12
0
0
0
121
0
0
0
0
0
0
0
0
0
29
0
210
0
1
197
0
1
1
0
1
0
0
13
1545
0
76
0
4583
0
2660
37
1
0
0
0
0
293
14
337
4
0
0
1
2
0
0
0
0
1
8
69
1
5
2
17
0
12
2299
0
0
0
231
0
0
2
0
0
0
0
0
0
0
0
0
0
0
1
1
1
1
1
0
1
0
0
4
0
2
0
14
2517
0
0
7
1
6
0
0
0
4
7
1
3
2
0
0
77
3
3
119
40
416
19
113
26
1
5
2318
24
5
6
45
6849
0
11
9
0
1
37
5
4
0
0
3
0
7
4
0
0
854
0
1
586
0
1
1573
2
0
55
0
164
59
0
12
22
10
0
0
0
133
84
0
0
1038
1273
0
66
5
0
0
0
79
391
8
0
0
1
8
0
0
2
18
0
1
1
2
408
0
734
82
0
0
0
0
2
0
1
3
24
885
130
0
0
0
190
2
0
193
308
1718
0
0
0
0
4
5
0
3
7
136
0
0
0
99
0
7
0
4248
42
0
645
0
3
0
1
33
0
1
0
0
17
3
10
39
1
3
0
0
0
521
0
0
0
0
0
0
0
0
2
930
0
0
0
1
2
0
41
2
4
0
1
2
0
43
4
19
0
0
31
2
0
41
3
10
0
0
0
3612
23
0
0
2934
0
1173
0
1
16
1
5
29
1
473
6
1761
1
0
1
52
0
1
0
0
0
354
0
0
0
20
201
0
0
0
0
1
89
0
9
0
0
1
0
16
0
2721
39
0
5320
4
0
0
3
1
0
30
0
4
0
2
1
0
0
0
1
158
1
1674
23
0
653
0
39
4
14
672
2266
35
2
20
2
2380
3
1
0
613
4
1865
39
0
807
2
0
4
0
8
0
2
58
0
0
0
0
0
0
0
6
0
0
0
247
8
12
0
398
0
239
0
0
104
1
4
333
0
0
0
0
0
0
9
103
4
5873
0
0
0
5
1
10
6
15
0
0
3967
0
0
0
23
34
0
2
420
20
170
1
0
0
10
0
2
0
0
0
0
19
5
28
0
1
0
0
0
12
3
1
9
33
1
636
0
0
74
0
0
43
0
207
0
29
1
0
0
0
0
0
24
0
0
0
0
1
48
0
0
0
0
28
2
2
14
0
5
1063
80
0
0
0
10457
0
0
16
15
0
1
1013
1
1576
0
4117
0
0
2
16
0
0
0
0
132
0
0
2
0
5
0
0
0
0
2
2
21
1
0
0
76
0
0
3
5
60
1
0
2
0
0
12
2
0
0
3820
85
0
16
1
461
1
5
3
183
2
21
0
6
33
0
165
0
0
0
1
19
0
11
8
2
9
0
85
2
0
0
0
19
830
0
0
1
0
0
0
0
1
263
0
36
2
0
8
7
1
2
8
5
0
524
0
0
25
0
1
1
2
3
6
27
0
161
6
0
1
0
40
21
0
0
0
5
5
0
0
0
0
62
0
1
0
0
0
0
2
0
0
0
0
0
1
0
1520
2
0
0
0
1
5
51
0
0
0
0
10
12
0
844
3
38
11
2
1
0
0
0
731
0
3
0
3
19
121
0
0
0
7
0
2
1
1038
0
92
1093
119
20
0
0
0
0
32
0
0
378
0
0
2133
12
0
0
0
51
1
0
2
0
251
2
0
0
0
0
5
0
0
1
0
0
85
0
0
65
1
197
912
7
0
3
0
0
0
0
0
0
8
191
0
5
0
47
0
0
0
0
1279
0
0
1002
1
28
0
5
0
0
0
1365
0
0
0
0
414
0
0
0
1
0
0
0
0
0
26
0
17
0
0
30
63
7
0
0
1
0
1670
7
1
3
67
0
160
10
3
37
0
10
1
0
0
0
1
10
16
0
0
338
0
0
2132
37
0
0
0
1
0
0
0
0
0
0
0
0
17
598
1
0
18
417
0
1
4
0
0
0
13
0
5
11
0
23
1
0
0
0
0
790
389
0
1
1
0
9
2
0
13
0
0
11
0
1
1
0
0
0
0
24
56
26
0
781
1
2
484
2343
46
69
0
2
0
0
0
0
4
98
0
0
0
0
0
1
2
27
0
303
0
110
0
0
0
13
2
0
0
0
0
329
0
20
21
0
0
0
0
1
1549
251
0
2086
3
695
36
40
0
0
72
0
0
0
1
2
54
1425
0
0
0
5
7
0
1
1
860
1453
30
1
0
0
172
0
0
0
0
1
2
1
2
3112
0
0
1
0
0
0
343
0
1
415
0
0
0
0
6
0
499
3
0
0
0
0
5
0
4
0
30
1
0
0
1
0
294
4
0
0
1
0
2
17
0
1573
0
18
13
0
0
0
1
27
7
0
6373
0
0
0
0
0
0
61
0
0
3
571
2
26
0
3
9
0
566
0
1
652
0
4
0
0
2
10
1
0
0
0
0
60
0
246
520
0
6
0
1
1
28
0
1
0
0
0
0
269
323
22
0
1
8
21
7
1375
0
0
0
823
1
2633
0
0
0
0
29
4
0
2643
77
3
0
0
0
0
2
0
0
0
1
0
0
9
2
116
2
0
0
0
0
5
0
0
0
7
1
433
653
0
20
0
0
71
0
239
4
0
0
0
0
1
17
1
0
10
0
0
0
3
4
2123
5
25
0
33
2
0
0
0
0
0
1
2
0
0
0
0
0
1
0
28
0
0
0
0
0
0
0
2
0
0
1
43
0
0
0
0
0
11
0
1
0
501
87
0
0
1
42
0
0
0
138
0
1043
0
3
7
0
0
0
5
64
3
1147
0
26
2
0
32
8
18
0
0
0
1
1
0
0
3542
0
0
0
0
0
0
0
0
0
1
0
0
0
0
72
1
0
0
0
4
0
0
0
0
0
4
0
1
2
4
1
0
7
0
12
0
0
0
122
4
28
4
0
0
0
2
209
0
6
0
0
0
1
0
0
0
1
12
0
0
0
1671
0
0
0
3
0
0
1
15
0
1
0
1
6
0
0
0
0
0
4
3
4
0
0
0
0
7748
1
22
0
0
0
2
174
0
0
0
2
0
1
4676
0
1
40
0
0
132
9
0
11
561
21
9
2651
0
0
0
718
0
148
11
0
71
155
1276
1
4128
0
0
0
0
3
0
0
0
0
0
0
0
0
10
0
0
1
3
0
0
0
1
1
0
3
1
0
0
0
0
0
0
0
0
14
0
0
0
0
0
0
122
0
3
3
2
0
33
22
17
0
619
1
0
48
0
0
0
0
0
0
87
0
32
0
1
648
0
0
13
1
0
1
35
0
1
0
15
83
0
1
0
0
1
0
0
960
0
0
0
0
0
1
77
0
0
3
0
1707
0
0
0
46
24
0
135
1
1
0
0
2
0
0
1122
15
42
0
0
0
0
0
0
570
0
5192
1
0
0
4
0
1
0
20
0
0
13
0
0
3
0
2
154
0
0
0
0
0
1
0
3
310
0
27
0
0
0
756
24
0
0
1698
53
74
0
0
1
566
2
0
52
8
474
94
0
1
4
4524
7
0
5
0
0
1
0
0
0
0
0
16
0
2
0
0
78
0
80
140
45
0
137
0
10
37
0
0
0
6
10
3
0
0
0
0
51
1
0
643
0
0
0
72
5
0
0
0
0
14
7
0
0
6
3
1184
2
0
0
785
14547
0
0
5
3
8
0
0
3
0
22
0
0
0
4
41
36
2
0
0
0
0
0
15
3
0
1
1
0
1
1
0
0
0
0
0
0
1
0
0
1
1
1
5330
0
0
0
0
144
0
0
482
1
257
58
0
0
0
0
48
1
2
0
10
0
1
9
10
0
192
0
0
0
0
0
1
0
0
1
0
2
0
0
0
1237
1
2206
1803
0
0
0
2
0
0
2
0
7
16
0
2180
0
147
97
21
0
0
0
13
0
1
0
0
22
0
0
3
0
101
0
4
0
1
1
16
145
722
1
66
0
7
55
95
966
15
0
16
0
594
0
110
1257
0
0
0
0
11
5
1
0
12
3008
307
0
1
0
0
0
0
0
0
4
1
0
1
3
0
1
0
62
1
1106
1
0
27
0
0
8
0
1
1357
248
654
0
378
0
4
0
4
1223
4
2
249
5
0
33
0
134
81
0
0
1
22
0
0
0
0
1
0
1
0
0
0
0
0
360
0
0
308
1
54
0
5
83
0
0
4
0
0
0
772
0
0
1
29
0
5
0
318
1
0
473
0
427
0
0
0
49
3
0
1
0
1
3
9
0
0
36
0
1
29
0
1
27
0
0
0
0
0
0
8
2
0
1
397
0
4
0
0
58
1
0
0
23
0
1
13
0
215
1
0
0
0
0
11372
436
15
383
0
0
155
1
3229
1
4
0
1
2
162
2
10215
0
5
0
0
204
0
0
25
9
0
0
2
3
0
1
68
2
0
0
1
0
0
0
0
1
8
0
28
0
18
0
0
0
1171
0
29
98
0
0
269
0
0
0
28
1
0
0
163
0
6683
11
23
0
0
12
13
0
6
1
1
0
8
0
91
1
1
21
0
0
1
485
10
1
0
248
0
135
1
0
0
1096
0
195
0
53
0
0
0
12
0
0
224
0
1
1
0
0
0
1
0
0
103
0
0
103
27
4
0
0
3
1
11
0
0
0
1
3
0
0
5319
5
0
21
0
756
2280
3
1
0
4
4
1
0
853
37
0
3
0
3
950
0
0
1
0
35
2
1
0
0
1
0
0
0
0
0
0
0
223
0
1
0
0
0
1
0
0
0
0
0
0
0
18
0
0
0
1
0
0
74
0
0
18
38
77
0
0
0
151
0
1
1
0
0
1
2
2
0
13
24
0
1
11
0
30
0
23
1207
5
1141
0
0
288
0
35
32
32
487
0
5
0
1
0
1
1
0
0
0
0
1
10
0
4
7
1
0
2
0
0
574
0
78
0
1
38
0
860
0
8
0
0
0
125
0
11
4
6
1
0
0
0
0
4
0
2
0
0
0
95
22
1
3
177
1
0
1
22
0
0
0
11
628
0
0
0
0
739
0
0
1
0
0
0
3
0
4
4
0
0
0
0
0
0
0
0
3
6
0
678
1
370
0
0
0
1
0
7
1
3
0
1
0
0
117
1
0
1
0
8
0
2
0
21387
0
5
16611
5104
100
10236
4498
5104
169
15933
13304
1709
603
4220
164
5669
1376
5104
21076
3473
4220
12853
6
12859
6
1376
169
440
163
4735
20208
8614
1887
1621
1887
163
38
1621
440
163
1312
355
11374
283
27
2698
225
14
163
0
1197
147
1379
163
9897
11
24
5104
15
10079
163
5669
0
22465
0
100
2627
6
8403
4767
618
422
8
8
2
9
4686
22
492
12
741
25979
7
42
10
12
6733
3618
7781
736
6955
595
17381
1280
4
0
40
5
40
1854
20260
5
595
1854
1108
72
1914
0
448
1751
19
17608
1627
826
5971
219
4212
21
18254
4910
221
0
17
27993
13961
12
91
1076
826
806
17
32
116
9
3
0
2
5
1
0
10
229
262
20462
11
2
4596
446
1313
17007
23185
6
60
0
8
1
2
237
738
60
130
19
130
0
1
19
1
0
260
1
1
37
7526
1936
1
78
218
4284
113
27125
0
0
0
1709
0
37
93
0
3
11779
4869
15658
3338
0
12475
42
1177
43
0
1004
1737
73
3
131
0
0
171
247
0
4
329
0
1696
5300
4309
5
0
0
2
8
1
1
212
133
544
2247
21987
658
537
2247
8
658
2
2
22
56
37632
106
13
189
19
3808
2787
103
53
4
52
19219
0
13
99
91
1
27
3621
0
11084
0
303
108
280
86
442
2
4869
1
116
3
0
5718
2
10
8529
841
0
5
0
0
79
1724
0
1615
467
12
3144
5
0
0
76
256
304
112
1
256
28
112
8
78
2
35
0
19
0
1
23
3
0
7068
1750
15440
9
0
206
1847
9796
7
3697
42
549
64
1
61
0
0
12
7
3
21
0
308
153
0
4
1
1828
0
978
677
4
47
2237
3
47
29
11115
21
233
372
0
149
22
7
6
8
8396
0
24
8
15673
0
79
67
3
0
93
23
13
10
1
5
107
0
6
6
0
101
13618
2
4
27
0
0
375
77
0
4617
5
1038
617
213
11
387
0
0
379
0
0
25
33
133
0
75
42412
83
3
53
122
7
31
0
0
1
1
5329
161
33882
1150
0
1
23
12
0
371
23
264
0
10
16134
492
1
2071
0
7
0
2240
187
1
20
24
1596
0
32
52
299
25
0
0
1099
38
76
2
38
120
21
1
477
152
4
60
758
4
0
0
2
0
91
1926
0
41
0
0
1
1
13837
8
19
10667
42
19
1
2
0
262
171
0
0
12379
171
8
37
13
9
96
17
22
56
87
119
27
788
979
132
0
264
60
0
3073
3
22
33
2
1644
18351
1
16
0
3448
0
3
658
13
7
0
2
0
28
14
25
1
0
55
3726
25
0
118
8
1957
1563
1741
14
2
115
2
541
1
26
164
24
4
26
0
24
788
0
2
3458
4
4
0
2774
13
216
0
32
144
94
1
5
14
0
154
0
344
137
19
212
0
152
83
349
15
0
2435
2
0
0
8633
342
3
0
452
0
42
0
0
2
2
4
458
43
3
0
4
0
0
1698
0
149
51
140
0
0
20161
923
131
0
0
0
8
0
430
1
1
4
384
0
1376
0
0
0
0
7
334
0
0
28
0
52
0
8
985
0
1
0
2115
5518
38
0
1
36
4
0
0
414
0
2
5124
2
0
6
0
11
3
10
0
2
7
0
2
1
1
0
1
11
1
0
0
9
0
0
14
68
997
0
2
0
0
4
71
0
25
247
23
16
0
0
48
0
7
0
157
165
2357
0
576
56
2
7
49
250
5
0
59
2752
0
0
0
566
1032
72
45
3
0
0
8
1
1
2
2
46
0
0
2
193
69
13
1
408
991
1
495
68
0
1
1
133
61
2
1
0
8
0
6
289
1
122
446
629
1
10
918
1
0
0
0
97
1
0
1
2489
0
1
60
1
9
230
55
3
0
11501
1
0
9
0
3
0
96
40
0
0
1
114
14
144
1
7656
66
0
28564
105
10230
0
3
3
125
2
0
3
3
17
0
0
824
0
0
26
1
8
231
1
4340
44
0
3873
1
34
0
0
1
17
4
0
0
13
0
0
0
16
4
33
7
0
0
11
1
0
1
0
2
1
145
1
123
0
0
2
12
380
2249
0
243
0
262
25
0
781
2
13989
0
0
1559
19589
229
2
1
1
5
0
191
0
7
0
135
217
3
0
1
75
0
137
8
0
0
1
4
0
1208
0
2415
0
0
12374
0
132
32
14321
0
10
6912
90
125
0
0
0
117
19
2
135
145
1286
1
0
0
213
6
0
13
0
394
4
0
678
21
4
2
507
0
245
376
240
2785
0
0
0
0
0
6307
746
0
0
0
6
0
2
0
74
0
0
0
71
2373
154
4848
3
0
6823
196
0
25
917
11
0
161
2
505
72
0
6
0
80
1
2
244
1
3
168
0
0
857
296
0
0
157
11
0
86
419
1
0
277
0
1
0
0
18
3
40
0
0
8
21
81
0
0
0
5
0
0
1
0
0
2
0
63
0
0
607
43
2756
69
2
18
1
1
66
1
3
2
1030
78
0
0
42
9
1
0
250
0
23
0
0
0
5
2
0
1
0
87
1
0
26
4
0
0
2
12
0
1
2
0
1265
0
0
8563
0
201
0
5
0
273
0
0
43
1727
0
1
11
116
0
0
1
116
15
2
0
68
1550
0
2
0
4
1
76
183
14
0
83
0
0
380
0
1
0
1
5
0
4
2
0
4
1
4
21
0
2
10
0
0
1
0
0
29
417
478
207
0
1
7
3
2
0
2
4716
1
628
0
0
9
607
0
0
0
19
0
0
23
12
0
127
0
4891
3
196
0
527
0
2367
123
1
1
0
1
114
0
0
0
12
1
0
234
0
0
0
28624
192
1
8
0
0
61
0
0
0
9
0
1
5
0
6
2
0
2
1
0
0
20
0
0
0
0
0
0
44
0
34
0
635
4
122
7
2
6
5029
3
9
1362
0
5
0
323
178
1
0
0
0
1485
0
0
112
1
7
0
0
9
11
0
0
909
8
12350
13
0
1
1
154
0
43
3
22
499
7
19
154
26
0
194
0
3
0
3
0
18
1
2
0
0
0
872
0
0
702
0
2
227
0
0
78
0
0
308
0
430
1010
0
28
39
41
13
2177
106
0
722
0
171
0
0
0
0
1
0
3
346
0
0
27
0
3
1
10
0
23
4
0
1
7
871
0
0
9
6577
0
9
17
100
0
2
0
2
2
0
0
7214
0
0
0
12
98
28
197
0
7
0
2
1
2
35
3
0
0
5034
4935
61
282
507
0
0
34
1
1
1601
4
0
0
132
1
0
0
391
0
2
12856
11290
436
2
0
1572
5
1
0
29
2
67
2
0
0
9
0
0
0
0
0
0
0
0
0
0
0
14
0
0
0
0
0
0
0
0
0
1
0
5
0
0
36
0
6
394
0
1265
2
4
5
0
2
2316
0
0
0
55
0
0
0
1
529
1
1019
0
0
0
495
0
12
152
0
5
278
0
0
192
0
0
0
0
13
0
0
0
138
0
0
2952
198
75
0
0
0
1
2
22
33
5
1
39
0
2
503
0
0
145
298
0
0
2
0
2
23
1
126
1
0
147
1
804
0
0
0
0
6
0
367
389
647
0
2
555
0
2
0
324
57
2
0
2443
1
0
0
0
0
5
0
0
44
0
0
19
4
0
256
0
0
5
79
242
1
0
0
732
0
0
0
0
0
2
0
71
0
1
19
1
6
16
0
0
0
24370
355
2
0
0
12446
0
5
0
0
1
3
0
119
2
0
188
0
0
5
0
0
53
0
0
12
159
14
0
0
9
1
14
0
0
10855
3380
0
4543
2
0
7
0
0
103
0
0
42
37
1
0
0
0
5
0
1
2
0
0
482
0
105
0
0
16553
0
13
0
0
132
4
72
0
0
0
1
0
0
3
0
0
16
1
41
0
0
1
27
0
0
0
1
0
67
6616
0
27
0
302
8
0
505
71
1
17
1
3
55
7
5
2
4
0
34
0
86
13
0
0
1
0
0
0
1
4729
106
1200
541
15
166
44
2337
3
88
1
13
0
0
0
76
0
637
28
0
2
0
388
1
0
2
2944
0
1
0
71
4
0
0
67
0
0
6
0
1066
0
483
38
31
0
0
1
2
2
0
2
0
0
986
0
7
2
139
2470
51
1155
37
26
7
42
0
456
0
8
62
6
17
0
0
0
1
19
0
4
3
179
0
0
0
0
8
131
0
0
0
3
0
0
0
0
0
2
0
27
8
0
1
0
20
0
342
0
79
47
0
3
0
1
0
9
10
36
0
112
0
24
84
866
1719
13928
0
190
1429
8
0
86
2
73
0
1
7
0
0
0
976
9
0
1
1
9
8
2782
117
1
0
4
1
0
2
0
1
0
0
5
0
0
0
290
166
6
0
0
0
0
0
3
8
2
3
0
232
0
0
1
70
2849
0
1226
0
1
0
0
3106
0
461
3
0
303
1
132
0
1
2
1024
7
0
0
0
0
507
3
0
1767
223
1
0
10
1000
1
0
0
0
0
82
0
0
0
0
0
2
0
91
0
0
0
0
7
948
0
24
75
3
0
0
176
14
5
4
2
7
0
43
0
102
11
0
328
0
1
2
2923
1
3
1089
0
153
289
0
6
0
0
0
0
1
0
0
0
0
0
541
508
2191
0
3
0
2
1
0
6
0
0
12980
0
0
0
0
8
0
0
331
1
59
0
0
5
2
6
1357
14
4
118
6
0
3
239
0
13355
294
0
0
2
0
0
0
4
2
0
7
0
871
21
0
20
0
0
7811
0
572
0
0
0
780
0
2
0
4
1
0
0
0
0
45
1
0
0
4704
1
0
0
12
0
0
0
5
0
883
587
1
0
0
18
4
8
103
0
73
1
1
0
0
0
97
7
0
190
1234
0
0
2
0
0
2
3
0
0
0
169
89
3
294
0
12
0
0
0
6
2
64
0
107
0
0
0
3
71
0
0
0
0
3
56
0
0
398
0
1
0
5
0
4
291
4
0
92
0
0
1
1
575
0
0
0
4
0
0
412
798
4
487
499
203
61
2253
0
106
0
1
0
0
0
4
43
0
233
0
2
0
6304
0
2
1
246
3
0
0
0
0
0
0
0
0
15
0
2
1082
0
724
17
5
11
0
0
0
0
0
5630
1
1
1
13
0
9230
6
47
0
1
0
53
0
237
0
1
1
1
3
0
8
3
1
3
0
0
0
0
1
7
0
0
4
187
0
449
0
204
61
0
3
0
0
0
0
289
31
0
0
0
6
1
10
322
0
0
0
82
0
0
0
0
0
0
4
876
8
18
1
147
0
0
0
4
0
1
3
0
0
27
0
8871
1
1
0
1
0
9
3
0
3
3
28
339
0
0
0
12
23
425
9
15
0
739
0
2
0
0
0
0
0
0
0
0
0
7
0
1
0
0
1
0
0
0
0
0
0
3
2
0
140
0
34
0
2
3
0
0
372
2
0
0
2
16
0
4
283
1
0
6
521
0
5
0
10618
0
0
2
0
0
0
1
1
0
0
1
496
0
29
10
0
3
181
68
1
0
0
0
0
997
0
0
0
0
0
12
0
0
39
0
3056
39
28
0
31
2
18
8
677
0
1
0
74
2
2
0
0
190
0
75
0
0
4
0
0
0
0
0
289
0
0
2
0
0
0
6
1
0
0
6
1
1
10
6
0
0
310
719
0
0
0
0
679
9
0
0
0
6
0
1
0
0
0
0
11
0
131
1
3
0
8
288
238
16
1
17
8
4
445
0
0
10
5
10
0
0
0
1
16
0
3
0
756
0
0
0
21
0
0
0
9
0
0
0
2
0
0
0
0
0
14
4
2
0
0
0
2398
0
0
1
0
1
0
0
0
183
0
180
44
0
0
296
0
0
1
159
0
0
27
460
1
3
0
0
1
12
547
3
34
38
38
11
621
8
0
0
0
0
0
0
34
2
0
0
0
0
0
0
0
1
1
1
0
0
1618
6
0
0
0
0
17
1525
0
0
0
4
0
0
0
5
4
213
16
86
0
0
60
0
0
8
0
4
918
0
1
3
185
936
3
1
0
0
370
0
1
1
0
4
1
0
0
0
0
1
0
0
94
0
14
0
0
0
7
0
3
3
0
0
43
325
1
1
0
0
0
6
6
0
14
0
0
0
0
3
0
3461
0
4
0
2
526
11
60
0
100
442
19
6
0
1
24
2
77
1
0
1
42
1
5
0
0
757
1
0
0
0
0
0
239
0
0
0
1
2
50
0
0
12
0
6
0
0
0
1
0
0
0
0
5
174
0
0
84
290
19
2
0
11
241
275
23
0
0
63
0
82
8
63
35
2
15
0
2
0
85
1
0
22
2
202
0
0
663
6
4
3
0
0
0
4
0
0
0
0
0
0
0
0
0
0
0
0
0
253
0
0
0
1
0
59
4
0
4
27
3
0
0
4
116
0
7
740
1
1
0
0
0
1
0
1
0
0
1646
0
3
18
0
0
0
0
0
1
2
0
19
0
1
3641
1
567
1
13
0
0
0
0
1
0
0
0
1
0
0
0
52
170
6
1
107
0
357
384
0
0
0
0
10
2
0
3
0
1
44
0
0
451
40
0
183
525
0
0
64
2
0
0
11
19
1
5402
0
390
0
0
0
22
2998
1
2
65
0
0
4
38
0
887
2
0
0
0
0
0
0
0
0
0
0
0
1
0
1
1
0
0
8
0
4
0
0
0
5
1
4
2
0
0
0
0
0
9
133
0
0
9
2
1
2
1
0
0
9
3
1930
934
1
4023
25
0
1
92
8
1969
14
1
0
0
0
1
670
279
0
0
0
0
0
0
0
0
0
0
0
0
370
3
1
130
7
0
14
0
0
108
0
0
56
0
15
1
0
0
0
0
0
5
1
0
201
0
0
0
0
0
4
38
123
3
166
0
0
1
0
0
0
2913
3
3
0
0
0
1
3
14
0
0
0
0
0
0
1
0
0
0
1
0
0
0
0
78
5
2
0
0
0
0
9
0
0
0
0
0
0
681
0
1
0
0
0
8
39
0
1
0
4
11
0
0
34
39
140
8
17
8
5903
0
0
0
0
402
0
1
0
0
36
0
145
2860
92
2
0
0
18
0
0
416
0
0
0
0
0
0
368
0
0
89
0
0
3
3
0
17
59
0
1
0
2
1
116
0
0
0
0
0
40
0
27
301
1
0
2
22
5
862
30
20
39
25
784
0
0
0
0
1
1
464
1465
0
1
7
635
710
0
0
0
0
0
0
0
0
0
0
0
0
0
0
2
395
113
0
0
0
948
50
138
3
0
207
0
1
0
5
1
487
0
0
35
0
1
17
0
0
57
89
1
30
1
0
2
1
1558
183
2
96
44
7
0
1
2
183
0
1
10
1
0
27
0
3
0
0
0
0
0
719
0
3
0
356
0
246
0
0
1
6
0
0
4
230
3498
0
5
44
1012
0
233
0
0
2
0
1
10
0
0
276
54
209
16
0
39
0
0
0
1
1
3
141
0
161
3
0
2
0
7
2
111
0
36
0
0
3
0
0
9
0
0
0
0
0
0
0
0
0
0
829
8
11
24
166
0
0
0
171
40
0
0
8
64
0
0
1
0
0
0
0
0
653
1
251
21
6
0
62
1
0
0
0
0
189
1
0
0
18
0
324
33
523
1
2
20
2
1
0
9
0
24
312
2
0
0
0
0
1
0
0
0
57
0
0
2
0
1
0
3
0
0
14
0
0
0
0
7
0
0
0
0
0
0
2
0
0
0
571
32
0
0
0
0
0
18
153
4
0
8
0
1
0
0
0
0
8
0
0
60
5
0
4
0
0
48
6407
21
0
0
0
0
0
0
0
0
0
0
236
0
37
2
0
0
0
47
2
18
0
0
0
68
0
6
35
0
0
0
11
1
88
1
35
40
0
17
9
88
17
54
164
0
2
2
2
3
32
0
44
14
10
186
0
1
0
1
0
4
1
18
472
3
0
0
10
0
0
0
0
0
1
0
64
0
0
1
490
6
0
0
36
4
0
0
0
0
0
2
0
0
1
364
0
155
0
0
4
7306
672
0
0
302
17
0
10
0
0
0
0
2
3
0
0
0
0
28
925
0
0
33
1
35
1965
0
0
1
0
0
0
0
1
1
0
0
0
0
3
1
0
0
0
0
0
1
5
81
0
0
0
21
136
3
0
899
0
0
0
0
1
1741
0
3
0
0
2
2
7
0
1
0
0
15
1
15
0
0
2
8
16
2
0
2
248
0
62
0
0
81
0
0
0
0
0
0
0
0
0
0
0
0
4
0
156
117
1
0
99
0
25
1
0
0
0
0
4
0
1
0
5
0
0
0
0
160
0
0
1
0
48
1
0
4
2
1
0
5
1
0
1
0
75
3
396
17
0
0
0
0
1
0
8
861
0
0
622
0
0
0
0
56
0
0
1
0
0
4
1
1
233
0
0
0
8
59
0
0
0
0
0
0
0
0
7
0
0
38
0
13
85
22
1
3
9
54
0
0
2
0
2
2
4
0
0
0
32
1
8
1387
6
0
6040
0
0
0
0
0
0
1
0
0
0
0
0
0
0
0
0
590
3
1
3
2
10
0
49
0
33
0
0
0
11
1
0
0
21
0
0
0
0
40
0
0
3474
0
32
0
4
1
44
0
0
6
2
5
1
327
0
19
3
0
0
17
24
14
7
1
0
1
0
0
0
1
97
0
0
0
0
7
0
0
0
0
0
0
0
53
686
0
1
0
0
1
61
2
0
56
0
12
1053
0
0
0
0
12
0
1
19
3
0
0
5
2
2
12
0
2
0
32
13
27
0
263
1
1
2
11
0
0
1168
0
215
0
0
6
2
0
0
0
0
3
0
6
0
4
0
678
0
0
3
0
19
0
92
0
9
229
0
0
0
2
0
2989
0
0
1
0
0
5
0
1
13
1529
1
1
9
1
0
172
0
0
1777
71
4
0
0
0
5
0
0
3
0
4
20
0
7
0
345
261
0
0
1
0
0
0
0
0
0
0
0
0
0
119
0
0
12
0
55
0
0
3
0
0
3
0
0
0
0
0
0
0
0
2009
0
0
1674
2
41
7
1
1
4
9
3
0
2
0
1
57
0
346
2
32
1
10
3
0
25
1
44
34
8
0
0
0
0
6
0
0
0
1
0
0
0
1
0
0
67
1
9
0
1
25
7122
0
23
0
0
12
11
7
0
149
0
0
0
0
350
449
2
0
4
0
85
410
3
0
0
16
36
8
0
0
138
0
163
0
31
355
0
60
0
0
294
1387
1
0
0
0
0
43
0
0
0
0
0
0
0
0
0
464
0
0
0
0
0
0
72
2
0
0
0
7
0
1
1
0
0
2493
1
0
0
532
11
12
0
0
2123
0
13
1
0
6
0
192
3
0
15604
0
2
0
130
0
0
226
0
1
11
4
0
0
0
0
1
0
0
0
0
0
0
0
0
0
0
0
0
204
0
0
0
0
19
0
320
11
0
18
0
0
0
1
0
2
0
161
0
42
0
0
0
3395
20295
62
11000
42
6
42
21319
662
5104
5104
28
10
3566
28
7393
9705
1612
1612
8509
1612
75
1932
5704
766
12086
13220
11003
16
11
29083
6761
8378
14911
320
185
6400
4375
7692
6
44
26729
12431
320
163
11468
158
12859
5519
6531
0
261
5564
4220
6
320
13601
4298
5088
20353
2816
4066
11468
21
26
2
129
0
353
35
353
0
88
0
0
17413
158
6077
6171
23
7
1023
1023
5737
1023
0
6244
27741
38
7149
3
2
9678
32095
1498
0
3
91
2347
2233
76
7
40
0
2
860
3691
6648
1734
2028
1237
653
10445
6217
1940
301
4612
9
0
4436
4
277
22
8
2904
12286
9
68
0
2
12862
74
0
130
0
4
18331
333
333
4
0
8
6
40751
3311
574
1809
2648
75
111
1
268
196
103
1
1
135
1
2
6
366
0
11
13981
93
10
1
0
1381
397
93
10
0
1
11937
1
4
96
4
16
69
1196
0
5
85
16
1
54
4
1046
0
1494
42
1830
153
0
108
0
0
28
0
847
4576
1
163
3079
1
908
6
4
0
1
0
31
212
26297
9
59
7
0
88
17
269
8
0
2395
34
3
5613
306
13
1363
10
9
430
26360
2551
90
39
125
9950
44
0
0
17545
2
5
3
2
0
7620
20
2986
7
7834
3515
27
0
13337
10
197
0
0
0
5
43
10
0
0
5
1
0
1
0
3059
1
611
0
1
678
155
7
5
1
2132
17
0
13047
81
1
1
0
2
31
0
13
1
3
0
17
3
175
178
4090
3483
0
13094
769
11
4271
265
0
1
0
65
0
438
1
0
5
261
100
375
0
3
0
23
3
14
5448
3255
0
82
14
2
388
1
1
5
0
558
0
431
2
64
34
0
0
237
2
27
2
26
0
165
6066
194
0
1
27
0
13
29
32
0
389
5033
12
107
0
44
0
13
239
295
53
0
1
51
2
1
1
10
595
0
0
0
56
132
150
61
4
1
0
1
7
3280
41
3
330
7
71
53
352
41
0
0
148
4684
2
0
1
165
25
1301
1149
0
5935
0
7
1
90
50
396
8
0
1214
6
4513
1183
1
0
15
1
2
1
1
2
3
15
3
2004
0
2
4
6
5
4
0
74
33
959
0
161
1127
20239
6
0
10
0
0
186
0
5
2
1
1
4
0
0
3
512
4
38
9
0
48
442
0
8343
225
4
7766
21
1
45
12
9
0
0
20
25
61
0
0
0
19
2717
350
2
1
77
555
0
630
2
0
59
89
1
0
117
0
6238
10
24
52
0
195
0
9
1
1
0
314
4
14
9177
33
1
0
0
0
0
126
0
50
0
7
2
15538
1
6396
2
100
1
185
0
204
0
7
87
0
370
0
0
79
4043
119
1
865
40
112
0
1
843
288
3
0
25
0
16
154
0
237
2
1052
0
11
0
0
770
0
1
3
30
4
0
499
0
2
5
3
0
0
0
0
7
800
1
2
13
0
4
383
0
227
3
2
3
0
1
0
90
17
557
0
0
9
8
6424
6
0
44
1
0
45
5878
1
5
0
129
236
9
88
3
7
0
18206
1
531
73
0
0
0
0
0
0
6276
0
0
0
1250
0
19
0
7
0
1
361
2
292
177
2
1
64
4
12
554
4
2
0
0
0
6
2
2
1827
0
0
515
90
1
1
0
0
55
46
6459
40
8818
7
12
0
0
6
91
0
0
183
9
451
281
17
0
22
28
0
7143
406
0
2264
0
0
1
0
8
52
11
21
10
1
34
28
31
0
32
0
1
9
2
5
5
0
2
135
3094
5240
359
19
1
30
3546
0
86
1
0
7
1386
352
0
17280
3858
0
39
7902
220
0
11549
1
0
8
0
0
4
1
1
96
0
992
1
784
198
96
1270
11
557
29
12
10
15206
34
4
0
1
19
1
0
1
413
0
103
316
181
2
49
4
10111
0
1402
11
388
88
0
1
38
57
34
4
4
0
0
58
0
3
0
7
1
1
0
1072
3
48
4
3
492
0
896
203
0
10
1
0
0
0
0
0
10
0
2051
835
58
5
0
10
0
6
2
16
0
1
11
1
215
0
195
0
0
0
0
1447
0
4
5
734
4
385
29
8
268
0
5
12059
8691
1
0
45
0
22
510
18
1
0
1
488
0
29
0
1
2
19
196
3
45
1
0
3539
3
1
2
0
1
91
487
5
202
2
0
745
7816
0
0
9
3551
1
316
1
0
0
191
71
0
14
0
0
0
1
2
95
49
0
280
4
0
1
75
16
9
17
8613
64
3
0
7
0
803
1
12
1
153
0
5666
0
0
0
81
31
1
0
1478
8
23
0
0
9
1459
0
12
6642
0
3
0
354
0
8
1
1592
55
0
2
0
0
114
1129
1
2
26
3
2
3840
845
242
4
0
0
0
0
608
0
0
9
32
199
461
1007
0
127
0
13
30
184
0
0
0
2
1858
851
0
28
490
1
185
43
0
55
1
3399
99
3
3737
5675
492
0
338
1
0
4
0
10
0
36
155
5
0
1
0
16
125
0
77
0
3
0
3409
0
427
1
0
3
5
0
1
0
13918
0
4
1
3
6
5
1
1922
5
0
0
0
7
67
54
7335
0
208
0
58
987
0
5108
4
25
299
0
0
0
254
8335
1
0
0
5
0
0
0
31523
48
4
0
969
0
102
1
653
2
0
23
11
0
43
429
9
37
27
371
1
50
1
836
28
133
5
0
2
0
129
0
0
279
12
1
1
45
18
0
422
12
34
296
0
8
13
27
2
0
0
0
0
0
0
0
1
0
2
2
21
5
1
309
0
1
0
0
2
19
0
82
0
1
81
0
8
0
10018
36
0
0
153
0
1
20
19
66
0
12
0
1
28
35
0
10
135
14
0
603
258
7
350
235
29
62
8895
3
206
0
0
16
2
1437
31
0
1
0
0
462
481
0
117
0
0
0
546
0
892
5
0
0
1
14
0
0
21
1362
0
465
2
0
10
54
1
0
1297
5
0
10
18
12
484
1
204
12
3
1
7
1
0
1
0
0
1
33
2
8
5
2
138
4295
0
0
1
9
1
0
0
869
8
2379
23
369
0
369
0
0
27
0
0
0
6537
0
90
1
0
59
56
0
131
219
3
630
6
13
12508
0
1406
0
4
1777
1232
50
603
90
0
3
0
5593
7569
0
0
0
0
396
1
1
1
138
101
15
2
0
14
0
1
310
282
8
0
11
224
4
130
1
10
2
2
3974
340
1
0
0
4685
0
7
8
28
22
0
0
0
0
0
0
0
1
3
2
0
2
2
111
0
301
1
0
1
4
702
2
20
1414
0
0
11575
2372
0
0
61
0
2
0
78
2
29
3429
1
3
88
3
118
0
4687
3291
0
0
1
3
0
1
1
0
7
545
5
16
0
0
14167
0
0
0
1
0
5
0
0
188
0
0
6
2
3
0
0
1688
0
7
1
2
611
1
1
5
115
150
1176
0
30
3952
9
191
0
3
2
0
47
62
0
1
0
6784
1370
34
0
78
0
1199
132
395
5
0
0
0
0
0
2
0
835
0
0
0
0
14
15
0
0
7
0
13
0
2038
17
174
0
14
3224
0
22
7031
7757
50
0
0
2
46
2
588
749
1068
3
2352
2
25
1012
1
892
52
37
1395
1
49
1
591
0
1
2
2
724
1328
1
6
1
0
0
0
0
0
0
1027
0
0
0
0
0
142
0
0
236
0
0
4
15
648
2
124
6
136
1
29302
0
22
100
184
0
3
32
2
0
0
2
38
1
13
42
2642
2
53
195
3339
147
1
416
0
11
1
3
0
0
3
208
637
3
0
12
0
14
0
1
0
0
0
0
336
3
0
15489
28
259
0
2
17
2
1
1
1
1
2
0
6
0
0
3
0
137
256
2
1
3
0
3
1
51
56
1535
6
6
39
0
0
3
0
0
71
0
0
0
30
20
152
1
7
8
9
0
0
56
1
0
0
0
1
0
0
35
0
1473
14799
4
0
0
0
0
843
3128
1
0
0
1
0
4
0
8
603
32
29
0
247
11
2
0
2
94
0
11
1
66
12
49
0
0
0
3
1676
2151
0
38
2
9
13
0
12
39
15
13
10
1
1
24
2
3
182
70
2
1650
140
0
4
3
0
769
1146
0
0
0
0
1458
11
0
5
0
85
0
0
0
0
1
2
0
0
10447
1
1
33
2
484
0
23
0
177
111
5
242
20
1
2
1
0
0
5
1386
0
0
2
37
37
0
0
118
7
1
161
1
0
2710
0
285
4
95
0
0
10
0
4
0
1
20
6
0
34
10
2
0
0
4
0
185
9
23
0
0
5
8657
0
0
2
0
20
0
7
0
22
1
213
5
10
0
10
6
28
7
8
0
4
0
24
15
0
32
1
8
299
2
2
1
0
0
1
207
1
0
0
137
0
0
102
0
68
0
0
0
0
292
0
2
0
0
18
14
0
0
0
0
6
9
1
189
0
53
5
209
1068
32
1
5958
361
0
0
1023
0
0
254
0
0
0
0
12
0
47
0
2
0
6237
59
308
276
0
0
347
0
0
251
22
3
13
3
1808
0
0
1
2
7
237
0
0
0
0
0
0
1
0
0
31
111
16
2
25
0
77
6
17
3
4395
1
0
0
61
4
0
0
0
2
0
12
1
0
157
39
58
1123
277
4
2666
0
1061
3
0
11322
11
0
3
0
2
7
6
120
1908
4
3
4
23
1
0
0
0
0
427
1141
0
0
0
0
1
3
0
2
0
0
0
1
1
0
0
4
9
1
10157
98
0
16
0
2
0
7
14
0
0
91
1
4
3
3
2
336
1
2
9904
0
0
0
846
89
0
0
15
0
0
60
0
0
411
2468
55
5
0
1099
125
69
0
0
0
63
0
0
0
0
2
0
102
0
0
7
1
5
0
0
8
1
8
0
105
1016
0
0
0
0
5
0
8
1
1
555
22
0
0
169
0
1
80
0
1
2
0
0
1731
74
0
246
17
0
0
1
183
281
2
1
1
0
0
1
0
0
0
0
2542
0
286
0
0
0
0
23
1
0
2
0
0
0
0
0
1
1
3
0
2
57
0
3
10
0
3
181
1
1
0
4
0
25
144
4
0
26
0
2
0
22
6
0
1
0
0
1
4
5
3
2273
3
2
2
0
37
0
334
0
1
1
0
0
28
0
3
3
0
21
23
1381
0
5
2
25
0
5
0
1
4888
5
0
0
2
1336
341
1
0
0
369
1
0
1
0
32
745
636
22
0
21
69
0
304
6
6
0
1
2
119
1
0
1
714
8
0
70
2
822
1
9
0
11
1148
0
0
0
16
1
2
252
2
153
0
0
65
0
0
0
0
0
501
0
423
0
1
6
34
161
31
22
0
50
133
18
813
42
2
4
0
236
0
62
247
2399
42
0
122
139
141
188
108
43
87
153
0
180
64
0
0
0
75
107
259
50
62
1
0
0
12
388
1
69
227
1
0
0
0
1
15
0
3
0
8
1
0
1
0
1
3
221
0
10
7
1478
7852
32
2
1
468
22
45
288
1
0
77
0
0
0
7
0
8
183
7672
0
0
0
0
0
0
0
35
0
3
230
0
0
0
1
171
157
1
896
0
19
1
104
0
492
1
0
2
0
4
0
54
0
0
0
10
1
29
0
32
2
0
0
126
1
4
8
0
131
1
0
0
1
1675
33
12
0
0
1
0
0
2
1308
62
8
0
1
5215
2
3
98
155
15
7
0
1
2
5
0
2
0
2
0
0
0
188
81
0
1
6
0
1
0
9
9
0
4
14
128
0
0
0
0
1080
769
8
11
68
1
86
0
0
153
2
39
1
3
0
26
0
1
0
229
0
1
0
9
1
10
0
1
0
255
0
0
1623
0
0
0
1728
142
0
74
0
197
22
177
0
0
35
1
772
227
25
0
28340
161
1
0
0
0
0
0
0
0
4
3
0
64
33
2
9
5
23
0
0
124
171
22
3
0
2
0
74
105
104
1
0
4
0
1
9
0
1560
3
0
10
7
90
24
0
1
0
3
1484
0
4
168
10
0
7
0
959
330
380
0
0
0
0
0
0
9
0
0
1
38
1536
0
0
0
0
1
14
8561
4
0
32
0
2
0
0
340
0
0
100
20
0
2
0
0
214
2
16
44
0
1983
7722
0
0
0
0
297
23
0
0
702
107
0
0
209
32
8
77
6
0
0
0
0
0
0
0
0
45
947
7
7
0
0
0
3
1
4
1
0
0
5
31
216
0
194
365
3
29
0
0
678
0
17
0
12
2918
0
0
2
1
36
2
0
1
78
14
1593
0
0
0
2
0
97
0
0
0
1
3
3
0
1
1
1
0
0
10400
2
58
23
0
0
0
1373
0
1
0
0
6
0
0
0
0
0
4
1
6431
2
0
1
186
8
114
0
0
1
0
69
0
3
3
1
3
4
0
0
59
18
174
0
333
1
0
11
1
3
0
0
0
7346
7
7
4
1
0
109
0
0
1
0
363
0
0
6
130
10
0
5
0
0
0
307
0
0
0
1
874
0
1
6
13
1
0
29
0
0
0
11
331
1
135
0
136
127
2
0
0
2168
14
0
3805
1
3
6
38
1036
0
96
7
67
0
1
15
8
12
194
0
0
0
0
0
0
0
0
25
3913
0
1
1
0
0
16267
0
0
140
0
1882
0
0
0
1
0
2
4
84
3315
3
1
3
0
2
932
0
0
0
0
4
1
1
34
14
0
10
14
4
109
0
11
36
2941
28
1
6
4
0
0
4
1
1
0
0
1
2
2
314
1225
0
0
1
53
0
1
3
0
0
0
57
47
0
124
3
0
0
71
0
85
813
1166
0
156
0
52
0
134
0
6
0
0
1
7
12
14
7794
20
1
30
0
0
4
866
3
23
4
3513
71
0
162
0
1
1
394
3
5
10
42
214
0
42
0
1
0
0
453
1
728
0
0
0
0
0
0
0
1196
12
307
0
0
0
0
0
3
185
0
0
8
283
22
0
0
93
3
1
0
0
1
0
36
0
0
1
1
11
1945
463
337
0
71
146
1
0
4
1
0
0
0
2
23
0
65
0
1
1
0
6
0
0
0
0
1
1
0
0
23
2
14
0
0
1
479
1
1
519
1
872
1
6
0
0
3
151
0
1
11
0
122
2343
2593
167
0
0
1
0
0
13
0
6
569
3
3
0
457
5
1
0
0
1
126
248
2
3
1
83
1
2
0
16
0
45
0
0
0
0
3
0
0
0
0
461
0
0
0
1
0
0
0
0
7
301
591
3
0
19
2
2463
0
22
6
1
3
0
14178
0
4
0
0
878
361
0
6
0
82
9
2
0
4
1
206
888
30
13
1769
23
0
5866
2
1
5
1222
3
294
0
0
0
0
3
12
0
542
184
12
0
0
0
0
0
1
0
0
0
0
0
376
0
0
1
6
0
0
0
4
15
0
5
4
83
0
0
0
3
108
10
2
1
0
0
1
0
451
0
0
1
3
15
11
22
30
2
0
285
2
69
0
7
68
18
5
52
5731
5
119
0
0
0
0
0
0
0
0
0
3
0
0
0
0
0
1
1
11
0
11
59
4
0
0
0
2
2
42
0
1288
7
0
1
169
246
0
27
1
0
0
0
126
0
0
11
0
5
0
0
2
41
13
0
51
14
4
2921
0
3
147
110
0
0
53
0
0
0
0
0
0
0
13
0
0
2
0
1
0
0
10648
4
0
10
24
26
1
4060
2
409
0
1
64
144
0
0
22
41
0
0
0
0
9
155
0
10
1
0
4012
0
6
26
1
0
0
1
0
4
0
0
26
0
11
0
37
97
0
1179
1
2
613
0
0
0
0
0
0
0
19
0
0
0
1
1
11
2
0
304
0
6
50
197
6
1
64
7
1
483
48
143
25
0
36
0
3
0
0
201
772
13
1841
1
3275
3
340
0
20
2
2
0
0
0
15
0
0
17
13
145
0
0
128
0
4
1
98
0
0
227
0
0
0
0
0
1
503
3
0
1
4963
108
0
0
2
1
1
0
1
0
0
1
176
0
0
0
1018
0
0
1
2
3
1
1
12606
283
40
2
11
0
8
1
268
209
2
1326
0
834
0
3
0
40
17
30
0
0
12
5
226
264
8733
0
0
0
9
0
0
0
25
0
0
12
1
1
22
271
6
7
15
0
42
80
93
0
0
15
0
3
8
4
0
0
1680
38
1
0
15
0
11
0
266
1397
0
49
782
350
30
15
1
0
1
205
2
2
35
0
0
0
0
0
0
3
0
10
0
9
15
9578
0
0
0
0
6
63
0
1
0
0
0
0
0
3
3
0
16733
25
0
0
0
1
0
2
6
1
1
0
0
0
1
1961
139
55
380
3
128
2332
0
3
4
0
33
0
0
0
1
4
4
359
3
7
0
0
0
0
1
102
2
148
0
0
0
4
0
0
0
0
3
0
0
407
142
3
0
0
0
0
3
1
247
5570
29
84
72
1
0
1
350
13
16
6
1
13267
37
0
59
20
2
37
3
70
7
216
1
0
4
68
0
4
3
2
118
24
32
9
0
2
5
598
143
0
1
1
315
0
0
11
0
0
101
0
8
1167
0
1
0
0
0
7
0
2
0
159
5
142
0
1483
471
2
5
0
0
2
8
152
0
76
0
0
65
56
797
0
0
0
0
2
1740
67
0
582
210
0
16
2
4224
0
0
0
310
0
1338
8
1
2
1
0
5307
0
0
11
0
0
0
635
1
0
5
697
0
40
4
12
10
3
2
4
9
4
1
100
0
0
30
1
1
988
26
7
652
23
0
0
3
2072
0
67
1
4
570
522
0
1
93
0
0
2
47
5
65
1
892
585
0
53
2780
0
2
0
1
1
117
0
0
4
0
130
0
0
9
0
0
0
0
7
0
31
13
1
20
0
0
833
22
1
0
371
1
2088
119
0
2709
20
4056
27
375
0
6
0
46
0
3
90
0
1
0
2
10
1
25
0
76
108
17
1
0
2
2
22
0
0
10
0
5
0
5
0
0
7
57
0
0
0
10
0
0
1
3
2
0
1
32
1
3
7
49
2
0
2
0
311
3
8307
408
0
41
3
14
10
0
335
0
0
12
1
284
84
592
4
3
19
13
2
0
213
0
0
6
1
45
46
0
16000
1
0
39
0
128
15
2
12
9
0
0
0
0
0
2
0
0
41
0
1181
0
0
1
0
0
0
0
1
7
4254
110
3
15
457
0
2
0
16
46
58
5
0
2
0
562
1562
0
3578
2
7373
0
0
0
207
0
3
0
2
1549
0
0
8
1979
828
0
1
0
1588
4
14
0
0
0
0
0
0
0
0
0
1
0
2886
0
0
1
289
45
198
5
0
3505
23
5
0
0
66
0
2
5
1
0
6
2154
258
0
1
142
9
1224
0
0
0
0
3
0
6
0
0
1
1
1
0
1160
1
4
5
10
0
258
1
1
8
2
0
215
0
0
42
14
0
8
0
0
0
1
2
2
0
0
40
13
521
4
5
2
1
642
3
0
4
4
0
742
4827
1
24
0
245
0
42
0
1
2
0
0
1
34
0
51
2
0
2
0
2
126
35
463
34
378
88
0
444
15638
6
4220
87
100
3328
966
30501
351
811
17795
6026
4150
320
14366
7927
0
37452
8395
87
6148
12859
4238
314
169
14
4578
18672
1621
169
3775
16
11
0
67
100
14326
444
11
23011
36011
169
20221
11
286
38
147
261
11307
12172
13772
15065
3566
527
2286
1612
1612
5584
0
5285
14066
8587
19151
793
3
40
70
2
317
298
26
32
280
18
8
190
93
4491
472
10
0
47
2512
1265
1474
6231
10
48
6955
0
216
416
5
45
385
786
2034
91
4551
9835
19832
9125
1529
0
4
0
6
354
309
1449
1461
180
11962
395
179
11208
974
21613
71
11
11
3176
8204
176
4308
37
9
44
0
13954
6551
2028
132
6560
2
5037
24408
1040
0
1971
0
3
37
19870
9661
50
0
0
847
2
2
2264
86
11494
35428
12861
19
33
3
402
407
6871
15
1593
5933
76
3
16
90
29
12037
2914
11202
4
4
0
3
3021
12737
0
94
0
0
0
0
30
0
75
42
116
50
122
0
1302
241
11
7
14
988
159
196
3
144
67
2426
10110
300
2
0
1
49
1
0
1414
72
414
0
8
1165
11
98
1381
0
4
656
4187
17
2142
0
0
24
2841
3
7324
4
1
1
1
0
3221
249
0
0
340
63
352
68
0
0
0
0
24
192
10723
7
1067
1
0
12
0
1
223
1
89
0
49
3
10
3
0
12
9
19046
6
0
103
0
105
1
13
1
244
15390
5239
1090
5955
67
363
7
0
89
95
36
114
3450
82
0
155
7
22
119
25
626
2
7250
150
394
2035
127
1301
56
28
28
1
0
3
73
12
303
5677
10161
84
269
228
5801
28014
1249
100
122
5
100
6
1
0
0
145
450
0
5404
1
72
2692
14
3681
186
9
1032
291
0
1
0
652
12719
209
0
133
71
5
722
235
0
3
0
71
8244
5037
728
243
0
724
3166
8
0
6
0
1697
92
58
0
2461
29
1
7752
28
0
0
1
67
29
234
1
0
0
8254
6847
22
241
0
52
1486
16
0
8
1167
194
438
38
24
308
6
1
13
2
0
0
7
27
1
0
67
1334
62
9
5
3078
1
2985
125
5
2
325
4
0
116
22
15
22
743
7
2
38
65
0
4
0
2
37
3345
3418
0
0
64
1662
38
3
1858
0
1
11
143
5979
131
108
4
23
44
37
10948
6
2
0
1
1
2847
15950
17
171
1
7246
7
35
44
13
10
138
98
1
2
124
106
0
0
149
0
188
0
313
27
46
61
7681
12
77
0
1
0
0
955
1
645
2
3
124
0
7
44
1
4
0
36
897
0
1
51
496
17
7
3936
7
2
19
2
6
473
4116
5
12
1229
388
111
9
1
6594
10325
2340
62
2428
1063
5
6
0
7
90
2783
15
0
0
1475
743
731
2536
43
59
0
58
19
0
0
306
2
41
1345
0
1367
0
2
0
8
21
1316
0
47
8
0
1630
0
3
2
59
1
20
79
57
48
0
3827
351
26
1
0
758
93
7
348
3
77
0
1
1
239
1
1059
20487
1
3
1107
0
56
4640
0
1
31
0
0
9
1
2
0
2
0
2298
1
0
746
574
45
4
2
23
45
12
4
0
466
112
1742
17
0
2
1
4
0
3
8
610
4
49
34
13
2287
4911
47
3
1
2
17
7
0
19165
2
82
3483
0
593
396
0
12
1
2
295
0
29
63
1321
187
0
1972
85
22511
0
0
0
1
10
0
20
424
3
0
3510
9363
6
0
0
3
1
0
6155
1
0
0
61
3
0
2
0
1
1
7
8
0
101
1
6
1601
1
6
5353
0
424
36
0
0
1
23
8028
11
0
21277
37
924
24
4
4
20
86
7
179
261
50
8
3
5980
0
0
1
0
6
0
0
0
0
552
2
1
2
17
0
4
1780
1
0
1273
10
0
1
2
749
5
65
0
325
8826
94
3
1853
60
1
4
0
2
1
0
208
8
21
19751
6
2
48
0
58
10
1
13
12
32
4968
26
0
811
110
342
0
0
32
409
0
1
28
0
12
0
0
2
0
3622
5
0
1
101
1
2
0
0
0
98
76
0
1346
1
10
0
26
0
3
3630
152
0
0
1929
3
2
0
0
678
0
1808
3
5
0
785
1
0
57
1
1657
7
0
0
2
7
606
51
82
1
1
4891
1
0
20
1
51
0
26
18
0
0
132
46
465
5
0
62
1
2
1
11578
77
0
21
109
845
106
0
173
1444
2826
4186
0
0
0
0
318
0
0
0
1
12
0
3
0
2
2601
44
0
0
0
6
24
27
43
0
2
1
0
0
0
11
255
4974
0
2
0
14
288
0
0
73
3
48
0
2568
1
252
465
106
59
138
37
14
7
0
1859
2
2416
0
0
1116
3
3
2075
0
0
257
7
0
0
66
26
1
17
0
0
35
16
0
9
1084
8
68
0
19
117
57
7
0
752
96
9
41
1032
19
2
0
4339
0
0
2
0
0
0
0
7
0
1
2
0
126
51
2
0
189
21
25
162
1491
5896
16
19
8007
247
67
27
0
84
0
0
91
43
0
100
8
0
0
33
3
9
11
11
0
18
9
0
22
68
167
2
0
0
88
4
9
1815
5
0
500
12
0
0
8275
34
0
0
14
17
0
67
0
1
0
0
0
100
0
0
22
1
4
0
0
123
175
0
696
2
1134
0
0
18
2
38
1
0
166
1
3
16
16
1
2
4
0
0
1
1459
415
113
209
0
0
20
225
0
0
0
1334
0
970
18
0
205
997
5
69
196
0
0
327
6
4
0
0
1
1261
1
0
66
0
2
0
37
0
30
199
6
1
1
0
1
0
67
318
4
1
16
24
15
0
0
0
117
130
0
11
28
92
1
10
3
314
434
0
39
449
0
39
0
1
0
3
0
1895
331
58
0
9
119
0
0
0
0
0
0
247
2
201
1297
533
0
0
9
4
0
0
155
0
5400
0
170
0
0
5
30
2422
0
2
294
8
0
0
0
1
674
0
262
10
8906
3
17
1423
123
26
278
0
0
6
43
4
0
2081
0
0
6
0
4
0
0
59
1
633
27
4
1
65
0
0
0
1
102
3
0
2
2
1
1
617
0
0
23
2
26
0
1504
1
9
174
491
5
3
65
2770
0
249
0
0
6
1
0
1044
0
1
0
8737
0
2
3
6
0
1
3
0
0
0
1
0
0
18839
0
0
0
0
18
0
2
0
0
0
746
0
0
0
0
0
0
4385
5939
0
31
0
0
0
0
0
8
29
1813
0
0
16
7
1
2
8
0
2270
103
254
1
30
0
0
768
4
2
0
0
2
2
4
1
231
62
1890
2613
0
85
0
0
1
0
1
6
189
3487
1
0
17
4
23
15
143
9285
0
323
126
0
106
0
7
0
58
0
0
0
0
11
947
3
61
2
0
1
96
11
1996
267
62
12
11
95
74
0
0
430
4
3755
2
0
0
0
5
0
8421
1
48
96
0
2
0
13
0
0
0
0
0
317
2
51
0
545
85
16
0
0
0
58
0
0
0
188
4
17
52
5
132
0
0
0
0
56
8
1165
3
0
536
1042
4
11
0
0
20
0
301
7
23
4
0
50
26
0
19
114
28
0
12
0
7
0
1010
7170
3
83
12
284
280
20
1
4
156
1
0
89
0
0
2
0
0
5
2
425
3
920
0
0
1
0
18
6
271
0
0
3
1
0
10
280
304
1
18
0
19
224
0
118
5
106
12
248
1
145
0
1
7
100
148
0
31
74
0
0
15
79
0
174
0
0
8
0
8
0
1
182
28
0
0
31
720
0
23
1
0
1
12
0
0
0
0
1142
1
0
0
0
0
0
0
0
14
0
7747
3
0
0
159
674
370
0
3
0
91
0
0
0
0
0
11
0
0
511
1574
0
13
924
0
14
8
7185
62
191
92
0
0
1
10
21
25
575
6
358
163
281
0
12
3
7
1
0
107
0
2189
0
2
11
1
1
0
0
0
0
77
7
0
0
335
0
5
36
11
0
1
2
0
0
3
9662
19
2
0
8
18575
3
9766
0
753
6120
0
375
1
2
7
7
0
0
1396
0
2
216
72
44
373
220
355
2
0
1
4
0
68
1693
0
1611
3
0
5
2
16
14
1
2
0
0
0
0
3
0
0
1
0
0
0
869
0
0
126
1
14826
0
1198
536
0
0
0
2
19
46
3
909
1
1
0
1979
1
6
15
32
9
4
198
1318
211
0
1
22037
406
692
2
183
2
4
1
1237
0
0
61
2153
0
31
1
37
0
0
222
0
35
93
0
0
46
228
0
0
8
15850
7
447
0
1
4
3476
232
0
13
161
75
146
0
0
0
117
213
1151
370
0
2
8
0
1332
19
11
36
1
0
1775
23
0
4
15
2
11
1
1
0
35
13
2
311
0
0
1
6170
1406
2
0
0
1
11
7
0
0
24
13
479
1873
0
0
1
1594
1
0
0
0
37
9
9
1
2174
2
3
185
0
0
4
0
3
1
0
3
41
12
1619
0
5
0
0
311
0
1
6
16
0
6
1
17
0
19
0
35
13
1970
9
1
0
2
0
82
5
15
0
6
118
0
0
0
0
0
0
0
4
12
1
0
1
0
655
126
0
0
0
1
1
2
0
7
0
1
5
0
24
0
3
87
1
1
752
30
52
166
414
0
66
6
0
263
27
149
0
71
220
5
52
821
40
80
5
18
2
0
2493
9944
4
0
270
15
2
340
0
3
0
107
1
0
0
366
30
5
0
6
0
26
62
6
1
143
0
0
6841
0
0
1
1
2
0
2744
2
35
1
0
17
0
0
0
10
53
364
27895
0
2
0
374
150
0
3
2
7
263
6
10
18
3
0
993
0
0
6
0
0
3
0
25
0
127
0
437
0
27
0
0
0
0
1
0
0
33
0
25
0
0
1295
124
5495
1609
494
0
0
7
11
0
45
19
0
0
43
0
4
0
1510
16
0
269
0
36
337
110
2
24
1
0
5
0
5084
0
0
345
0
2228
0
0
0
5
0
6
38
142
5
2
1
8
0
1941
1
1
246
9
3
1
512
0
587
343
0
2
5
0
0
11
0
26
2
4
52
0
0
295
1
0
4
0
291
0
9
0
0
56
256
3
2
69
597
2
0
12
4
1
21
73
1
0
281
0
161
1
4
1
18
57
11
0
0
0
0
0
0
15
457
0
0
24
13
0
0
0
0
2
1205
391
2
118
0
3
2
1730
1
0
0
2
466
42
3
0
10154
25
0
0
3
1739
236
21
0
0
7970
33
1
1
1
1
0
32
9
34
0
17
5
3
239
3
4
5
0
0
0
0
0
0
102
0
0
15
1
0
0
260
2
1
1315
4997
0
1878
249
0
0
716
1
1
2826
100
1
1
11
475
3
116
15
734
15
40256
2046
1
12
0
97
0
0
1382
2
13
1
26
0
1
0
327
2
2
186
4
0
341
334
12
0
5
0
0
0
0
0
24
0
0
3
5
0
14
3
0
12
13
248
88
2
68
0
45
0
81
0
9
1790
2
64
22
0
0
0
1
128
0
130
25521
1
15
3
539
0
3
0
3352
0
0
0
315
10
0
0
25
0
235
0
1
2175
0
0
10
2
0
59
62
534
0
0
15
0
0
254
0
277
5
3
3
2
0
0
3
0
138
0
21
148
0
17
0
0
0
0
0
1
0
0
2
0
1304
0
84
23
0
4
8
0
6
0
0
0
0
0
0
17
2
0
13
0
91
97
0
4
13
1648
0
0
3
0
0
19
1
0
101
51
1
0
0
1
5
0
540
0
0
32325
626
1212
2
2
8
0
1
32
0
0
0
6
10
0
0
0
193
97
1
5
5
0
0
1
0
0
0
119
5
0
0
0
0
15
160
0
5026
4
33
3
0
0
102
6
901
0
0
0
1
0
0
3
0
0
0
1
0
0
2
0
0
720
46
4731
26
3
0
159
2
0
128
4
1676
2
3
13
67
0
11
0
0
4
1
0
0
17
0
56
66
323
4
0
10171
0
13
19
9
27
10
0
47
29
95
0
0
1
0
9
196
4
0
0
0
13
0
0
0
6
0
7
13
0
0
44
1
52
0
74
1
0
7
607
0
0
437
9
0
19
0
0
5
3
0
0
0
92
9
163
749
0
0
0
1673
0
0
8217
654
36
1
4
4
1
0
0
22
7
4
0
307
42
0
0
0
0
109
40
0
342
1
0
4
0
0
756
6
1
18
0
0
0
1
1625
18
1
1575
0
0
1355
5
0
20
0
5
30
15
2308
55
3
0
297
84
31
8
18
32
0
0
0
0
131
2
79
130
0
1
0
0
0
59
0
271
172
0
0
0
0
138
1
0
0
1
3
2
0
4
20
0
27
2524
0
77
0
0
0
28
2
1
753
0
0
1
1704
161
0
354
0
0
0
0
24
0
22
1
3
2662
11205
0
0
1
155
1
0
3618
953
0
0
3
2
2
41
17
1
741
137
3529
37
82
48
22
0
10
10
132
0
0
0
0
0
0
0
31
29
0
0
1
237
4
0
81
1
521
27
97
0
0
4
2
1
0
53
0
0
1
3
2930
0
1108
0
0
7
1
874
0
42
1
71
0
2
0
6
3
0
10
5
167
1
0
1
83
7
0
21
3
0
13
162
2659
0
0
0
69
0
1
14
510
30
7
0
1
0
0
7
53
1
0
184
0
64
0
4
178
3
1
78
3
19
5
67
9
87
197
0
0
259
0
0
1
0
1023
26
19
1
9
554
0
0
0
7
1
174
8
43
1063
1
262
41
26
1
0
0
9
1
12
7
0
326
0
0
1
912
2
11
1
1
248
70
11910
101
0
11
42
24
1002
4
0
11
2
14
0
0
0
47
3
12
6
0
0
194
0
13
20
1
0
46
1336
0
0
24
0
0
0
0
2
55
0
0
15
0
2
0
0
0
1
0
4
0
0
20
0
0
5
41
0
260
1
1
1
7
3
1
51
0
1
7
7
12
79
17
0
2
11
0
1
2
53
7
0
2
13
1
22
2
0
0
76
12
0
0
3
0
35
0
0
1
2
0
6
1
1142
25
2886
237
55
602
0
532
6
0
0
0
95
39
84
21
0
0
0
505
168
0
0
1450
0
17
0
1
0
8
5539
0
32
50192
22
27
1
11
5
1010
75
0
0
1
3
0
0
3
2
606
54
1856
2
19
0
0
629
0
0
0
3
0
0
0
3
0
264
20
1
0
0
0
7
3
0
0
131
0
0
0
0
37
0
200
0
0
1
1
0
0
323
19
3
5
0
1
271
733
1
1
1
64
0
50
8
9
0
65
1
1
259
68
103
290
1
53
0
784
0
0
11
0
0
0
3
0
0
48
2
102
1
20
0
3454
179
0
0
1
100
170
1
0
7
1
1
2
6
305
0
1
0
2
48
1
3
1
231
2
65
35
1286
63
105
0
1405
12
0
0
2
228
4
104
1
0
0
1
519
2
0
0
69
3
3
0
0
0
0
19
0
0
2
0
214
0
890
0
207
656
150
131
334
0
0
0
0
2
0
0
4
0
0
1
0
199
0
4
358
0
32
680
1003
303
1
13
7
579
10
2
3
18
0
2
6
1
0
2
0
17
366
0
1
2350
634
84
581
0
0
0
0
0
1
0
3945
0
6
1
665
5
1
0
62
0
8
0
62
0
1
1739
0
4
26
0
0
0
0
0
0
1
70
1
0
2162
0
1
1
10668
1305
3
0
376
17
4
115
2
511
7
10
0
60
0
0
0
0
0
24
35
0
0
0
0
0
1
18
0
1
0
1687
2
1246
0
10
11
72
0
11
0
0
50
0
1323
0
32
134
0
0
0
1689
0
0
0
43
0
1
0
3
46
3
1
2
6
25
1
77
0
0
1
6
9
0
0
2
6
21
3
883
0
0
0
16
9
41
0
0
0
0
0
529
0
0
3
0
4
0
5
27
0
241
356
152
0
1
0
30
42
0
52
0
0
8
0
5
0
0
116
24
0
1
0
0
148
0
921
0
7361
61
1
0
8
0
0
6
13
0
4200
1
1139
1
162
14
1
7
1697
0
12
0
6
0
2
1
0
74
0
0
1123
0
0
772
25
9096
1
0
36
0
85
0
9
29
177
0
33
0
0
0
0
0
0
1
14
43
0
0
0
0
0
17
3
0
112
0
0
69
0
1
3
20
3
4
0
13
0
1
0
73
235
59
0
14
1
0
77
33
2
0
2
0
0
28
12391
27
0
0
5
2
0
1950
1976
16
3
314
9
13
0
0
0
2
7
16
102
1
4
282
1
164
5
0
5
0
10
14
0
52
0
2013
23
360
0
5
146
2
5
0
0
13
6
0
49
0
0
2
0
338
16
0
0
2
1
0
0
60
0
628
210
4
0
451
0
114
0
6
0
0
4476
0
12
1233
0
0
0
16
0
0
0
0
0
0
1
409
18
1
0
0
3
23
1192
6
6706
0
68
0
17
24
0
4
0
483
0
0
1
0
176
27
1
0
6
4
33
0
2
0
0
1
0
119
0
5
1
1
2
4
5
0
1
0
74
2774
27
0
0
504
0
117
0
78
0
39
1176
0
0
27
0
8
1
0
43
254
750
0
0
41
0
1
2
22
2
0
1
0
68
0
63
1995
0
0
30
6013
9
2
0
0
0
22
0
0
7
9
0
0
0
0
0
43
0
375
23
0
0
32
2
611
15960
893
2
3
81
0
52
0
0
2
1
0
0
0
4
2
0
1
0
1
0
20
0
2
6
0
0
1
0
2
141
0
100
0
0
0
0
9
21
3255
0
19
0
3106
0
7
3
592
0
0
0
5
0
0
21
7
392
0
1
47
0
2
0
7
2
0
0
0
0
3905
0
0
9
0
0
5
1
1
15
1
0
0
0
4
75
3
4
0
0
2846
3
3
6
2407
0
2
0
1
52
0
0
0
137
7
0
23
0
8
0
0
1
7
0
1
0
3
0
0
5
1
1
551
36
234
0
16
3
54
2
612
286
108
399
0
0
0
0
0
0
0
0
0
37
1
0
1008
8
1
782
7
3
1
5
46
0
0
18
120
12
3
56
3869
1706
4
0
0
24
0
2216
0
99
561
1476
0
7
1
0
2
0
0
5
0
0
4
61
0
0
0
0
2
1697
4
203
0
0
122
8
6
1245
10
226
0
0
0
567
0
1
300
96
1
0
103
0
14
408
0
0
975
940
1
0
24
1
2743
2
1
0
7
0
33
1
208
0
0
0
2
12
438
0
2
1375
261
0
1
0
0
545
6
4
146
2
76
202
123
620
9
143
0
0
0
2
7
47
0
5
0
0
0
0
0
278
0
0
0
13
1
0
0
3
49
78
12
0
596
10
7
0
12
195
20
0
3
2
4
4
0
3
0
0
2590
0
0
74
0
3
2
0
0
0
13
76
43
0
6
9
0
0
0
0
0
89
218
16
0
6
3
1
0
5018
0
0
72
0
0
0
902
0
5
1
0
5
0
6
3
3
1
2
3
0
1119
168
4
2
0
0
37
66
0
101
6
5
8
0
5
2
2
2878
0
1
4
444
146
0
236
1
30
1
0
2
114
877
22
982
222
1
1
265
31
16
0
0
906
0
1
1
0
0
0
684
27
1
48
20832
12859
87
18640
274
49421
35843
11801
14345
87
621
46613
29173
13288
38
25241
12859
7291
15236
147
1877
87
6
4563
169
17920
1060
1621
160
1621
7886
11199
29294
6953
10187
14180
15493
13953
185
11551
5104
147
1887
320
1612
1780
29173
4238
38
1612
202
87
11586
6
163
30271
6
23943
4238
29294
16914
38
4238
11399
19985
2341
0
7
298
206
0
3
2
4890
17470
817
112
1586
10011
69
1023
21
2
6110
3
7537
110
463
30
37
51
5
6304
5
2172
26106
6
49
463
1501
5425
19511
2233
2
202
5629
40
1266
11
5976
2
0
5788
129
90
431
111
183
25586
0
12420
628
1390
6
42
2
2
605
0
8
5
1927
8490
10
35
3
0
4
2
25
0
51
4
1
1
0
4866
494
14274
351
498
0
15565
31
230
19
73
19
171
192
0
1
4
22
13
71
518
13228
277
445
46134
0
2
54
448
0
23
54
66
324
520
0
2750
1
1635
32
43
5989
0
1874
87
359
12
3
451
97
0
5
125
2
8158
1278
1343
0
4497
107
5
10393
1
16568
76
4
253
624
4
0
94
20
0
404
1213
5
6
10
16799
0
42
3
30
0
5
4910
38
677
1
10
0
395
0
1089
262
2120
4896
284
0
185
259
4428
0
17
53
13
3010
3
2
16
7602
10
18
0
360
1
1034
53
348
7
8951
0
18
0
15194
4882
93
1161
15
1
37
7
8
32
4077
2057
1
7
3
1701
0
1
415
804
0
30
45
222
13
15
0
9
215
0
4
0
5
7479
0
706
11
4597
1
0
4
9
9860
4
92
1620
34
0
531
3
21
1
0
3
28
0
9
67
0
0
5761
35
4
34
213
0
1
0
3
10
5
0
1
32
0
0
85
31
33
60
77
369
3
0
2
0
235
0
24
260
25
2
11316
0
55
4
547
0
2291
76
5340
43
30
0
6079
0
784
3079
0
5
61
183
0
1
38
16
8536
23844
1
227
0
6
0
7
2
6
1
6
10
8
77
0
7
3
2
2225
0
10
0
79
141
9
103
14
5
0
10
0
0
104
0
15
90
2138
4
9
0
30
47
0
0
4
357
1400
0
105
13
204
1
0
0
11871
10
36
0
1
4132
16
69
69
84
1072
127
2
0
3
0
13
0
8
0
69
3
1
0
7
63
54
0
1108
0
560
71
652
62
0
2145
3
19
4427
7
1
634
4
3
7445
0
0
0
1
95
33
0
11
0
0
4
1
5
202
31
2152
0
0
1
16
0
0
1313
2
0
48
0
2
0
1
0
1
9404
0
0
1163
0
116
3106
38
8
1
0
899
17
6
0
0
1023
706
0
62
0
1842
1048
2
7
23
0
2
3
3
0
2321
56
20
0
144
3
9
161
707
35
548
3
0
7
69
3
15
5
13
8
23
178
3
9
11
12
290
7
39
8
0
45
1
609
1
0
32
0
0
3
0
0
6
3
0
13
14
3
0
0
1469
0
48
12
227
101
37
2
183
0
0
3313
0
1
4
184
14550
2
17
0
182
20
3
181
1036
0
809
244
4
1
4225
13
0
0
0
6
1
0
0
0
0
5
246
0
1
0
7
1
1
2
1
1637
0
3
106
0
1
449
1
1
0
0
1
22
0
3
0
0
19
26
29
121
15
1
562
68
28
1
0
70
0
20
522
1951
2
114
1
8
107
3
1
0
0
17
607
231
3
40
28
0
19
72
145
13761
4
0
0
162
7
2
1
1
440
0
0
3
0
0
38
0
1
3
0
0
0
1
4
0
13
2
114
194
0
41
909
10
1819
21
338
1
46
35
9
48
4
0
26
232
0
11
550
0
1
12
393
2149
0
0
0
0
61
59
0
362
4599
9
2
4591
11
2
7
0
3
0
135
1
124
0
95
706
274
69
99
25
370
4
30
21
28
608
38
84
1
2
5778
97
0
8
480
0
10
0
56
1264
1
6
1
3
171
6030
0
2
9
6
349
264
4
32
1235
95
299
0
0
5
12
1666
0
0
1
1
4
243
24
22
435
3
855
0
0
0
0
1
17
10
0
1
4
41
3
2
261
2
6
44
2
0
5
3
51
1
81
0
2
0
4
23
1
30
1
0
0
56
3
1223
0
0
134
6626
1
112
10
0
25
5
2
1051
52
508
13
6
0
236
3547
2
319
2
0
3
3
4
113
11676
442
1
67
3
3
2
16190
43
0
0
1
0
0
189
1
11
13512
24
1
182
0
20
0
0
246
3
2
0
69
46
1
0
1
13
2
0
4
396
1
17
0
798
2
0
2
3
0
2944
53
736
1
762
5
223
1
0
1014
0
353
0
141
0
71
371
9312
0
2
2
0
0
0
1
0
3
754
0
148
0
10
3
489
0
0
6
1364
0
0
0
0
4
5
0
19
935
2893
0
1
1
71
0
11
44
103
564
4
0
42
38
1
0
9
1
3
1438
0
0
0
14
3
3
0
1
1
1
43
2
0
1
1229
49
0
31
9654
0
4
0
76
0
37
102
38
0
175
17
0
0
2
12
0
5
0
3
0
176
28
0
21
0
51
30
3
7
22
2
2
0
0
0
35
0
70
2
21
109
0
1439
0
10
462
0
0
0
5
0
4
201
1
3186
0
2
249
4
51
0
19532
14
6
21
1
3
0
120
0
2
0
9
383
92
0
3
124
8
20
2549
17
0
0
12
1
0
153
1284
32
7
1
0
0
0
0
0
50
0
195
1664
1
2808
2
13
2
4
254
3
299
18
0
3
0
1
1
66
20
16
1
453
0
0
0
8
795
0
0
1
72
1
22
682
20
13
2
2075
17
1
526
0
56
3
1
379
7
0
11
2
0
0
25
490
5
1
2
0
8134
1
0
0
16
8
117
5
0
0
42
31
1
0
16
3
995
0
2
0
73
15682
0
28
0
0
4
255
0
1
2
7
883
185
0
5
18501
295
1
0
444
88
364
2
0
0
1
0
0
78
0
826
4
130
133
0
6
0
12
20
3655
0
13673
1
1152
0
0
1195
0
785
0
116
17
58
0
0
4
987
4703
1
13
5
5
1
98
58
0
8
730
0
205
0
1
918
0
38
0
80
0
0
233
1
2
0
9
4019
12
0
391
1
101
19
127
5
10000
1
179
0
0
0
3
0
1
40
5166
0
0
5
4
0
5
28
0
4
0
0
1
3
0
0
42
29
17
43
50
2
22
2
0
0
4
0
1
95
1
10
16
0
15
0
0
37
32
122
0
0
12
0
0
1826
7
1
0
2
1
1
36
0
168
404
0
1
8
1
230
0
0
5702
0
0
0
5
24
8
0
0
19
12
9
13
3
3
38
0
0
0
1
0
12
0
31
51
24
37
0
2
28
53
0
0
16
0
0
0
575
0
0
0
0
54
12
0
0
1
77
1
11
1653
0
2
100
8718
0
109
3
537
19
766
4
72
0
0
63
4234
9
6876
4
0
538
19
4
0
14
1
0
0
108
9
1
5927
4
9
11
10
0
0
3
0
0
0
1
1
155
0
0
6
172
11
0
1
1
125
0
0
62
1
1648
1917
5
11809
1
0
3
58
0
2372
0
10166
0
1
60
0
0
1076
0
69
0
19
36
502
3
8
3
0
6
0
30
0
43
28
0
4
109
8
0
1
7
0
38
10871
1
5
72
101
0
1111
0
1
0
10
846
3
2
0
21
1
0
0
1
14
10
1
0
7
0
1
62
6
184
1
214
0
66
0
2
0
0
0
0
177
0
0
1
1
38
5
1
0
0
0
89
0
0
70
1
0
0
5388
5
9827
51
61
31
4
4
4
5
5
0
5
0
319
0
0
11
0
0
0
9
1
0
3
112
1
58
16
3
8
0
1386
760
5
12
15
0
1
0
2
131
0
1745
165
0
182
0
12
5
19
0
951
9
0
2
0
16
1
393
323
5
0
78
1350
24
607
43
1017
0
126
1469
50
505
297
1817
0
0
0
0
4
2
93
1447
507
9
15
9
0
2
6756
25
0
437
0
0
2
73
0
0
1
65
775
42
0
0
0
0
0
21
3131
77
0
15
632
131
16
1
0
519
2
135
71
0
626
8
3
3
86
74
0
1
96
3
0
29
168
13
69
16839
11
2
109
14
204
0
1
2
107
1
4
0
13
20
1
0
0
2
1
0
9
37
1
4
3
1
1
1
3
727
495
16
75
1524
2
0
0
1
84
0
0
69
18
680
1
5
0
6
160
0
2
6
2
0
77
19
1904
70
3235
0
21
2
26
272
45
5
10
4461
264
2
5
0
0
0
0
19
3
10
1
561
0
0
5
682
0
0
2
0
0
0
1
84
0
13
557
0
7
0
0
0
5
0
99
0
816
507
1
10601
0
63
2
1
2
0
0
0
5
8
1481
0
9
0
44
5
0
0
11
362
8
0
0
0
6
1
156
0
0
171
728
0
0
139
315
1
6
0
4
193
131
0
14
41
11
11
0
2
18
4
1
12
7
1
15
30
0
0
2
3
3
6
1
29
14
0
136
23
3
9
0
0
0
0
96
1
0
1037
0
55
0
1
0
39
7
1433
4
0
0
0
23
0
134
1
3
404
279
1
313
2
11
378
1394
6
1
14
5
0
2
830
0
1
1152
45
0
113
1
0
0
1362
0
0
9
2223
0
0
245
1
193
0
1
2
245
6
670
20
2
27
128
1
1
2
23
13
0
22
1
0
1
3344
0
0
1
1
0
23
454
2
0
7
2
88
4
2
51
0
149
17
0
1
0
17
41
5
16
3481
11
0
0
2
0
419
7
0
0
27
13
1005
0
46
0
25
0
15
97
5
0
0
562
72
100
32
11
1223
0
12
0
0
7
1
2
0
10
0
497
2
0
0
87
244
21
1
0
0
0
6
13
61
10
0
2
12
5
69
2
1
0
0
0
0
0
1
0
50
14
38
0
98
0
1
47
1
1
0
27
0
2
2
13
3
0
0
9600
0
0
0
8795
1685
1
0
1
0
57
0
31
6
0
0
14
0
0
85
9
97
15
56
142
0
25
0
0
1313
10
0
3753
1
0
4
1
1
0
50
0
0
4
44
1
2876
76
1
2
32
44
1
0
0
3
0
0
1724
3
301
0
0
64
1
25
0
0
0
4819
0
44
706
0
0
0
172
1
2
116
1
1
0
0
0
109
0
0
473
0
0
0
82
91
0
0
0
24
0
4
0
0
0
1
1
1
0
1599
3
20198
2
0
1
29
0
281
0
27
0
0
575
0
0
0
6
0
1
17
1
7
17
59
0
2
40
464
310
0
0
0
9479
15
0
2
3
0
0
7
0
2
3
2
10
0
0
0
5
1
7
0
0
4
0
0
10
20
191
1
0
1
7570
1
1
1310
4
50
6
0
2503
3
43
0
20
0
0
17
2
14
21
5
1
0
22
0
0
5
0
3
3
11
0
8
34
1
65
0
114
0
1
1
147
45
1
91
0
0
44
0
0
0
40
3
25
4
1
6
0
8
107
0
159
0
0
56
6445
9
2013
23
2
1
20
50
46
0
305
2
0
1
2
0
3255
0
1
34
2
0
0
60
0
25
20
3766
1
11
9
0
7
72
46
0
16060
0
0
0
0
0
1
139
0
0
14
0
6
8
0
22
524
0
34
67
0
1
2
6
0
0
807
0
0
9
0
2
142
76
6527
4
0
23
0
0
0
4
0
633
11
93
0
0
2
0
0
7
1
2
0
4
37
3
204
10
0
0
3706
4
125
125
0
0
0
0
86
968
7
184
1538
45
2
1
0
48
7
5
0
119
0
9
8410
1159
11
2
2
4
23
1
6
0
0
8
0
2
113
22
0
3422
0
0
1
2
6
3
2
2
0
1
0
0
0
0
14
1900
0
0
8
1
19683
0
9
0
15
106
27
602
6
1
0
10
50
1
4
1
0
1
8
2
300
5
3
72
0
30
0
40
108
0
0
8
0
0
1
22
31
7
1
3
135
0
1
0
1
3
40
84
0
4
0
1
2
79
6
0
0
37
53
0
0
5
12
7
80
1
36
886
1
1
73
1
0
1
0
0
1
7
3
2
1
4
0
0
4
67
0
9
0
0
0
1
0
12
2
0
0
4
12
0
0
20
2
23
21
4
0
0
1
0
1
0
550
0
0
7535
1
0
0
0
5
0
13
11
1519
162
13879
0
0
1
52
0
0
0
0
392
0
104
7
1
23
2
0
1
296
1
8
1
1
0
83
1
55
320
112
0
7
3
262
223
0
26
146
4656
1
9
3
27
5
7
1
0
1
0
1
6097
0
171
1
432
2
0
0
0
1817
0
2
2
78
0
4
0
0
6
161
0
3
1
0
3
8
5
0
0
286
454
0
2514
1
3092
5
2
1327
2
0
0
0
0
1
1
9
0
2
0
0
0
0
0
11
1
164
930
7
0
16
0
861
0
1
843
3
9
35
249
0
0
0
0
6
0
0
777
50
0
25531
1
0
2
36
3
2
0
1
201
0
0
0
21
2
0
2
0
0
159
0
0
10
957
4
430
10
476
4
5
703
0
15
0
0
116
1
20
387
0
1
40
1
0
0
0
0
760
0
489
566
11
20
7
79
12
0
897
19
0
2
0
1
0
0
11
0
0
6
335
1
37
0
1
1
5
0
0
0
2
12910
322
0
3
1
0
1
0
0
10
7
0
11
0
125
360
0
0
84
8
2
5915
0
0
0
1
3659
3
0
1
1
0
1
22985
0
0
1
5
21
0
1
608
3
173
4
0
1
2
9
8
0
1
0
0
0
0
0
159
0
530
0
0
0
157
35
0
1
0
2
1
0
575
27
0
179
0
255
267
1
1
90
0
1
176
0
37
4
1
183
1
2
0
1
13
65
1
0
0
506
12
4
0
435
0
0
0
26
0
0
0
1
0
3
31
91
2
0
46
0
37
1
14
103
0
0
0
1
1
3
122
0
0
1
0
635
1
0
1
204
8
0
0
3982
2
95
1
4
93
6
0
0
0
0
0
0
6
261
59
275
1
14
17
0
19
7
0
31
1
1
700
425
0
0
1
823
1245
0
0
143
1
5271
9027
2
31
1
298
8
0
1
0
0
0
0
3
2
94
3
23
7
0
92
1479
15
326
1
1
21
0
0
0
6
50
9125
0
0
0
0
172
1
2089
0
3
1
0
1
10
77
0
3
2312
0
0
1
3
105
0
40
0
1
123
2
14
2
0
2
1
0
141
1
175
2
37
0
5
2
478
63
0
0
290
191
0
13
8219
0
1
2
1
84
221
5
0
266
7
1
103
13
27
3
7
0
24
127
0
1
0
1
87
0
17
0
1
1
1200
2
0
3
217
2
2
0
33
9
108
6
0
18
1
0
0
145
0
140
162
63
105
0
4
271
0
0
97
0
0
0
0
1
0
2
0
1
83
0
1
4
348
10
1
2
774
15
1
0
1
59
0
0
0
98
4
0
7
560
0
368
0
0
3
1
0
368
10
1
0
7
1
67
0
2
1
2
0
2
91
26
0
0
1
3
0
28
9
7
2
0
2
5
0
5
0
4
23
569
0
9
1
4
6
0
173
0
0
145
1
0
1
21
0
38
0
1
12
507
35
2
2
0
0
0
0
0
2
434
12
34
3
0
0
1
3
1
5120
17
5
1
6
0
0
0
3
996
3
8
0
3
20
1
11
0
21
0
7
3160
7
128
16
2
23
16
47
0
0
7
3
26
7434
2
6
0
0
1
0
19
25
688
0
2
58
44
10
2
1
0
2
15
135
0
23
45
0
3
0
1
0
6
1
1
0
8
5
29
1
535
0
3
59
6
0
0
12
0
3
138
2
67
1
14
0
886
0
0
2
7
0
635
4
1186
0
64
17
22
7
1
21
0
0
0
10
2
0
0
10
0
0
0
3
4
1
19
259
63
0
0
2
658
19
10
222
1
0
18
7
0
0
0
3
0
385
1
62
9
5
70
2637
0
15
1
21
95
0
375
1
0
0
1
0
21
0
21
2139
1
0
0
2
1
2
3
6
0
0
0
12
1
1749
0
3
0
259
0
13
0
41
1
1
128
0
0
0
0
1
0
46
0
1037
0
0
2
34
0
1
74
1
0
2
4
0
0
666
0
0
0
3
0
5
19
0
1
79
0
95
4
3
0
255
0
20
3
0
47
0
1
4
0
0
208
407
7
1
187
2
29
29
1
1
0
5
0
1808
14
0
0
5
263
1
10
0
914
0
2
1
0
30
0
1
27
996
0
1886
0
8
0
0
0
1
1
0
17
0
158
2
7
0
2487
564
1
0
7
13
0
0
2
2
6048
0
0
15
0
96
3
1
2
5352
0
0
329
6
1
15
20
0
212
0
0
1
0
1
0
0
0
0
0
3
37
6
0
0
0
0
123
30
0
1
0
10
0
28
0
0
0
0
51
1
0
0
119
16
1447
2
308
26
89
6
0
4
47
0
4
2
27
1453
1
0
383
0
2445
1
18
1
0
12
2
24
129
13
0
19
0
17
0
0
10
2768
0
11
0
0
1
1
0
0
0
2
38
2
7
370
1
0
189
11
113
427
0
0
0
0
0
2
0
0
7
0
1
3
1
2
6
121
79
42
0
13
23
5
46
13
80
7
186
5
61
0
0
0
49
2
0
0
1
1
0
0
0
16
0
8
0
96
2
3
29
4085
0
0
111
80
0
4
10
52
0
1
2
0
10
17
282
85
32
1029
2
0
1
5
0
82
9
0
16
936
0
0
3
2
0
4
8
0
1
1
205
1
0
5
52
71
4
1
0
10
4
2
0
1
0
0
0
14
0
0
1215
5
0
1
33
70
61
2140
10
4
0
7
0
0
58
3
0
0
0
1
0
4
3
0
35
0
11
107
0
9
0
1
3
0
0
0
1
1
0
1150
24
0
1744
6
0
94
1
0
0
5
7
0
0
7
6
0
61
3
1
0
2
124
0
1
219
0
7
0
0
566
1
21
272
2
67
1
2
457
17
35
1
171
1
6
0
275
0
0
6
1
2
491
2936
1
1
161
9
53
0
5
2
154
0
0
11
0
24
0
52
2
0
2
29
449
5
23
2
0
1
0
0
14
0
1
5
9
0
0
0
0
1
0
0
4
20
1
1357
0
0
79
6
5
0
0
231
0
5
30
12
0
78
65
0
0
7
12
0
20
35
0
0
0
0
0
3
18
63
0
1
9
0
0
0
1
0
12
16
4
0
7
1
6
0
10
6
1
0
0
0
3
883
0
5
2
22
321
133
22
0
15
1
10
0
0
1
1
2165
0
8
525
12
9
0
6
224
0
69
77
2
0
0
26
3
0
13
83
1
67
0
449
0
0
2
13
4
6
159
9
498
134
0
5257
0
0
4822
35
2
63
371
2
9
0
0
2376
11
3
0
0
0
23
8
18270
1555
2
30
129
240
178
1
19
6116
204
1
1
0
68
44
0
1
0
703
186
1
0
0
4
0
78
6
2
0
26
692
2256
0
290
0
0
0
2
0
1747
3190
8
0
230
1
1
108
2
0
117
0
3
9
1
0
8
5
7
0
0
137
517
1
33
0
17
0
0
8
17343
21636
3602
24655
1612
192
1646
29902
25824
38
291
6
24251
6
30780
320
27270
169
147
722
408
5321
38
13063
4220
11448
8567
11149
14809
1243
37815
248
2704
13731
13007
74
4298
38
15748
1060
87
42957
15596
8611
842
1612
320
29246
408
0
8118
3623
845
160
1294
7291
48
47279
33943
30347
320
603
190
163
11192
58
577
23
4768
0
0
2
413
1305
9
188
4
10274
25
12852
2
4064
0
82
3113
5
5370
5802
70
9
46
2073
6
44
56
2830
1
90
357
5413
167
6963
27
5208
10613
6
94
0
721
129
323
1
0
1452
4
68
50
180
638
3
1050
11
0
89
343
14
17944
454
29
6
0
35
2716
0
11
16
48
75
9219
4
13
61
3
39
112
10344
635
273
3460
470
0
13
405
138
18704
7488
1726
61
4
0
3
196
0
22
157
0
2
0
11
0
3
510
0
0
0
102
52
600
826
0
0
6
9
5933
21
17
107
269
0
8
113
1
0
0
0
4
111
0
37
1571
7
434
0
361
8490
11
1
0
0
1
73
54
0
0
84
146
110
3
729
182
78
33
2
128
94
75
14760
117
608
4
188
762
127
0
12
33
1008
19
721
5
10675
14
17772
238
70
8
0
0
0
9
1270
33
0
0
388
0
7159
5
18329
1421
56
55
2
38
33
446
81
504
7
2472
0
0
1
3228
0
9
1
1142
0
0
0
0
7
3824
16
2
2
1510
0
1
0
11382
564
10
21
444
96
0
453
3
0
16
47
7
0
203
0
174
0
826
3
0
5250
0
3789
81
196
44
49
15
91
58
1536
0
184
123
1
979
0
0
1
1
8
8
0
0
2
123
4
2
2
0
7
0
6773
1187
591
83
146
0
2651
3
0
3
555
46
27
41
1
6
91
0
323
28
18
7
26
0
1
0
6
623
4335
4
1946
0
3
3
36
91
4
2
37
0
9
28
22024
3
1
0
659
66
2
1572
7
8587
0
2
3075
136
2170
0
11528
18
3050
5
0
14
1
6
3502
1
16
26
56
6
37
45
179
1
0
0
0
0
1909
16
7
43
121
41
13
113
1
9605
19
9
30
6
7
20
3
14924
0
8
154
11133
28
5919
89
3
0
774
177
0
0
0
4
3
3
738
2
0
110
0
1
6
12
4277
821
0
16
38
2772
0
0
4
0
3
1
26
0
20
39
29
101
691
42
0
19536
1651
51
0
0
0
1
8
37
9
0
1417
2
67
2
0
1
76
0
19
4
623
396
1338
0
5
39
0
0
0
0
11
60
888
475
746
73
493
49
2
0
5560
21
79
8
10
5
7
5
13392
164
468
114
20
500
3
27
11
1
6
0
0
0
1
2
0
6
0
1
0
75
1
3085
1
9
270
30
18
0
0
45
0
4
89
1
1
2
2
917
0
5589
2
225
2903
3948
0
0
48
1049
1
86
0
15
332
35
1
0
85
2
0
0
0
26
0
30
41
5
38
2
423
3
35
0
0
0
0
0
5
3
8
9
0
9
509
0
0
45
0
0
22
22
3
102
78
122
3
0
2
4
0
4
29
658
14
4
0
431
2153
1
0
0
240
1
26
9
421
3775
21
1175
40
181
0
133
0
1
2
4
1638
0
0
36
13
7122
0
15
5
27
3
1390
2
11710
68
1
3867
806
25
5
12
219
0
24
0
7
21
892
26
0
1
23
0
368
77
0
0
0
5
28
59
0
46
23
1
2
8
0
0
2
1468
0
0
0
1
3333
505
0
940
12
0
950
96
18
3
4
44
117
1
12
0
1
2
1
6
6
1
7
5
1
0
1
277
20752
0
1
1
4
1
0
0
1
68
1246
67
0
7
21
0
637
0
23
1547
2
0
2
18
12
1
2
48
1
201
310
361
12
1
0
3
12
267
0
58
34
2789
117
4
154
2526
38
0
0
1357
0
14
12
0
0
0
0
146
99
0
24
8
0
20
64
0
89
46
2
33
7
3
3
379
0
2253
15
17
6
0
54
0
0
0
4
0
0
427
1
1
1
991
0
8615
54
0
0
28
1412
80
0
11
0
5
0
6450
33
7
0
6577
30
1
0
5067
0
0
420
12
146
0
0
11198
0
10
776
0
8
10
9
1
0
0
239
959
8
1
1
6
0
0
0
80
13
814
0
1
594
1
0
1
6
0
56
22
47
7
2226
18
0
3
0
10
117
0
0
3
481
1
0
16
485
203
12
3
2
85
53
0
1863
4
1
0
0
0
0
105
0
255
3
223
429
0
19
0
0
38
1
0
12
1
15
133
43
1
8
1
0
0
0
0
20
172
0
0
145
4
0
509
6
835
29
19
1540
465
225
0
0
50
1
2
4
0
0
32582
0
3
3
3
9
0
2
1
0
0
144
235
3
0
46
1
0
8
0
34
10
0
0
2
1
3
43
234
30
0
0
33
43
1
10
0
5
0
1830
22
1
42
0
8
23
283
11
3
2
624
2
22
3724
5612
9
0
69
48
180
0
101
47
2
7665
0
0
122
1
600
0
56
0
0
0
0
1355
75
36
6891
337
0
0
71
0
0
0
0
23
102
1
1
0
0
1
35
41
1
14
7
2380
18
2602
0
438
123
3
84
8
0
0
0
1
1
85
1167
0
917
59
78
0
2114
2
13662
2
1
1
33
0
3
1
6
90
0
0
1
11829
21
0
2
4964
1
1
1
4
2
0
1
0
0
0
0
90
1
4
0
2
2
1
0
1
341
7400
0
58
0
867
42
156
17
0
0
5
11
19
19
2
22
1
217
0
0
1
933
1
5415
0
0
1
3
12
0
16
0
4
4
0
209
30
0
1574
0
33
2
7
330
8
3
30
40
0
0
0
0
45
915
27
149
1
3
0
1
1
2
3
3
28
73
2
0
6
2
380
0
0
61
50
39
1
0
2
0
0
0
51
1
32
0
79
6
64
1
0
8
34
0
1
7
11216
5
1
15
1
91
49
2
51
0
0
181
32
0
2
10
10
0
1
0
572
324
2
1
2
9
2
60
8
0
5
0
5
146
0
351
0
13
6
0
10
2862
52
1
1
0
398
0
9
1
0
0
2
497
0
0
2764
0
9
15
0
0
0
0
90
0
4
1
4263
0
0
3961
15
0
111
3
0
192
21
68
691
1
0
3
0
2
3
1
0
1
86
2
0
0
1
43
0
12354
251
138
1
0
0
17
6
177
0
0
0
156
25
1
2
0
3
8619
0
0
0
1
2
0
2
32
7
143
424
1
0
4
1
1
106
257
0
444
12
779
0
38
6
58
9
32
1
0
4
0
10922
2
0
19
1
1
1
164
5
2
0
40
0
22
0
41
0
13
0
781
0
1
0
240
3
1
1
0
198
195
24
30
3
15
0
167
0
19
0
0
61
870
68
0
0
0
3056
0
0
1
1915
0
0
1
340
111
2
50
0
20
92
0
297
0
2
5
1125
0
1
40
267
89
1
7
1
2
0
0
1
4
0
3
11
12
34
0
0
0
47
84
5
2142
1
0
15
7
3
0
31
0
4
20
3
3
0
1
0
0
0
0
3
12
0
33
0
14
42
0
0
0
2
12
0
4
19
1
4
0
0
0
4
0
0
0
106
0
0
1
3
3
8
0
1
1
2
409
4018
105
0
0
32
791
3145
1
89
70
32
57
9
6
0
2134
4
1
0
0
0
1
5
10273
1
4
0
1
1
4
0
1
0
21
23
0
0
14
1
0
0
0
7
1
30
0
8983
196
4
6
56
53
1
1
0
0
141
1
1
20
32
425
0
0
0
305
1770
1
0
0
801
1
776
0
0
0
15
0
67
57
0
386
82
0
45
0
2
447
7
0
0
0
1024
37
0
616
4
246
0
0
18
0
26
1
40
64
0
1
4
3
145
0
33
0
1
0
0
18
0
0
0
79
55
0
1667
90
0
0
144
3
0
0
0
0
1
7245
0
3
1
1706
85
0
83
6
909
112
0
839
26
0
0
1
0
9
2
1
0
3
1
4
0
0
0
399
0
0
8
1
3
15
184
0
2
0
14
3
9
7122
0
0
1
4
0
0
0
0
4
12
7
1
10
0
0
1
0
2
0
0
48
101
21
85
3
1
1
61
0
14
0
0
5
47
0
0
0
28
0
0
0
0
53
7
2
0
32
0
0
4
0
104
3
10
3884
56
0
0
4
0
3
12
102
449
379
14
27
0
0
0
75
0
0
11
0
3
30
0
3
381
0
4
3
153
0
285
0
571
3
402
35
6
4
1
1
11
1
6703
57
3
1
5
0
16
42
2492
369
0
2675
23
0
92
25
9
2
2
179
2
2
1
0
4
0
3
1
79
0
1
5
1
0
0
14
0
39
117
0
2
9
54
0
0
0
0
0
0
2
1
0
0
27
288
0
42
105
61
532
3
0
65
0
1805
3680
2
24
0
41
0
26
3
385
2
743
212
10
425
0
776
1
523
5
0
0
1
18
0
33
8
11
182
0
5897
1
2
18
16
0
1
2
0
0
0
75
23
0
1359
1
0
6053
0
1
10
1
0
1
3
12
0
36
2
0
0
1616
0
875
0
195
34
19
0
0
0
5
0
4
249
1
0
2
1
3
0
24
1
15
2
0
963
0
0
0
1
14
0
50
0
0
0
0
1
0
9
84
5999
0
0
0
9
0
178
0
0
740
0
23
3204
0
12
0
97
1415
0
0
0
102
1
0
0
401
1
12
2005
851
36
12
18
82
161
3
2
0
83
0
0
36
0
34
1
0
0
0
0
0
0
65
1
64
0
0
0
0
1
0
0
0
13
20
6
1
0
0
1
4
32
1
0
0
0
50
224
1
0
12
50
9
3
2
0
0
0
0
14
9
0
4
1
3
10
2
0
34
187
2
639
19
4675
55
7
3
0
472
11
0
23
4287
309
89
0
2
50
0
7
0
0
0
0
2
1
0
78
2
43
3
0
3
0
0
0
513
0
1258
12
435
712
0
4
4
0
0
5
4
268
2
7
14830
0
3
1
1
1
0
92
18
10414
0
0
24
6
10486
511
14
10
7
4
0
17
0
55
60
49
1
2
0
21
1056
4
590
0
8
11
0
0
0
441
8
0
3
1
0
0
23
6
0
1
0
0
30
0
1
1
4
0
109
5
1
4
539
2
203
0
0
1
11
0
1
13
6
0
0
48
14
6
0
41
1
19
61
0
19
1
332
7
53
777
1
0
2
220
0
1608
1
5
82
0
798
0
0
0
43
0
9
1
17
0
4
0
108
2
1
31
3
22
1
0
60
2917
3
0
81
1
22
12
1
0
0
43
9
6
773
1
1
12
75
0
1
2
0
28
0
0
0
3
7
1
0
8
0
1
1
0
0
4
8
1
0
2112
5
39
400
0
0
4
0
0
2
1
40
5
0
92
0
264
0
78
0
5
1
683
7
0
9182
0
26
6
4
3
13
202
0
0
89
1
5
117
0
21
0
8
0
216
21
9
19
46
0
0
290
6
0
0
0
125
0
0
0
6
5
0
11423
0
83
116
1
0
0
10
1
0
0
0
226
6
0
8
0
16
923
1568
0
0
22
177
9
84
1998
0
1
0
0
46
2
2000
1
0
2
2
0
8
2
0
0
6
30
1
1
6
2
0
0
0
99
4
0
20
3
167
6
1
0
4
15
105
878
1
0
1
17
0
6
8
12
5
1
3614
0
102
1
93
384
1
0
3
20
0
0
2
611
1
6
8
2
0
7
1
0
5
0
0
0
3
456
5
279
686
0
12
4
16
0
0
2797
0
0
59
535
1
0
0
0
1
0
0
0
49
0
0
0
3
71
297
4
0
11
0
2
24
0
4
1
1
22
0
4
13
0
0
6133
0
170
0
141
53
160
0
9
7
0
1
1
6
6
154
188
6
0
0
0
0
0
423
0
0
415
1
0
55
0
891
2
5
79
0
0
0
0
0
0
8
5
834
0
1
5
0
57
44
14
2
1700
1
5085
8
1
3
82
74
9
1
2
2
117
2
101
421
64
0
2
53
0
8
802
0
0
9
208
1
0
1831
83
0
42
69
2
18
0
62
0
0
0
1250
114
0
0
0
0
32
0
15
0
0
1
5
0
0
1
4
30
4
23
1175
0
1
61
147
809
35
1
4
1
0
2
117
0
1
7
0
0
53
4
154
0
1
2
0
46
1
0
0
14
319
2
3
0
1295
0
1
1
0
2
0
28
4
488
3
0
1
0
0
451
82
1877
2
0
1
4
31
12
101
22
114
0
10
1
6
3
572
3
4
13
22
36
36
13
171
152
2
207
0
4
2196
26
0
0
1
1
2
0
0
1
0
1
0
49
5135
6
0
2
950
0
3
0
30
6
0
0
0
240
582
9
13
6470
9
1
0
21
0
0
0
0
0
10
195
34
14
86
2
1
1
0
0
0
3
0
1
258
6
1294
12069
0
2
1
0
6
1
173
2
0
0
1184
6
0
0
7
3174
6
1403
1
12
60
0
0
27
0
41
2
0
0
0
36
9
0
0
1
7
3172
1
6
0
0
13
0
10
5
200
2
507
0
17
7
207
2
0
0
3
0
158
377
232
0
2
2
2394
119
0
0
0
269
103
16
0
0
3551
8
13
0
71
2
13
0
1
1
2
0
0
4
0
61
0
5
0
6
123
86
1
0
1
0
0
0
1
19
3
659
0
4
3691
0
0
2
0
11
7
0
502
1722
4
12
2
8
10
0
1
2
0
6
0
0
1
1773
70
5
2
4
2
0
213
312
59
43
24
4
38
0
0
1
12
0
0
2
15
0
4
0
51
0
2
21
66
59
25
0
4
28
0
1
80
0
0
2
0
1
5
0
13
0
1
13
0
0
0
0
0
19
29
2
16
0
1
0
2
6
0
0
60
47
0
6
2359
2
27
1
0
0
21
0
13
7
700
10894
197
0
1
2
11
32
0
0
3
0
0
0
0
119
102
9
19
0
3060
12
0
0
0
4
2
83
154
0
0
0
6
18
0
0
0
1
0
54
4
18
55
3
4
0
0
75
4014
59
0
0
59
2
0
0
0
3
5
1
81
0
41
17
7475
724
7147
0
4
13
0
0
0
1134
3
0
9
8
0
1
1
0
1
137
780
0
14
0
0
0
8
1
112
1
2
0
0
162
0
0
0
1
0
0
0
7
0
1
3
10
37
4
1900
0
2
7
23
0
0
21
62
102
0
0
5
14
1
21
8
0
3053
0
0
0
1
0
0
3
36
0
35
46
1
0
2128
0
24
4
39
0
0
256
0
0
9
0
0
335
28
0
2
0
1
110
0
16
0
0
17
0
0
0
222
5
67
0
6613
1
942
23
1
0
3
0
2
2
8
2
0
2454
375
0
2
31
0
0
19
0
2
167
0
691
0
13
0
115
0
0
33
1
10
0
14
3939
0
1
0
3
0
0
0
1
8299
2
36
1
1
5
0
0
0
4084
4
2485
321
138
1
0
28
0
140
82
1
635
2
0
0
56
1
2
0
6
0
4
0
4
13
7776
26
1
29
0
2
0
5
345
3
0
228
0
0
0
572
0
48
265
6
321
16
0
0
25
3
6
26
0
587
2
0
1
0
0
1
2
1
0
89
7
0
948
32
2
0
23
10
0
0
2
3
0
0
0
0
2
0
28
0
3
0
2
0
2027
0
526
0
130
0
83
2668
0
0
204
0
4
487
1
8
0
4
29
0
6
1
1
0
3
1
0
0
110
0
14
0
99
81
139
0
61
0
20
1
0
0
45
0
0
2102
1
276
0
0
1
825
60
3
0
1
4711
8
23
3
0
0
38
435
0
0
78
1
1
1
0
126
0
4
6
0
4
0
0
0
10
13
2528
0
16
3
0
0
0
14
381
0
0
21
1
2
15
660
0
32
2
0
0
1
4
20
0
535
0
6
22
0
481
181
0
15
1
3
11
798
1
4
143
43
41
284
0
2527
0
0
78
4
1
0
10307
10
0
1
983
0
68
0
2
0
1
0
0
4
605
0
1
102
1
5
0
0
1
626
0
0
5
2
2
2
1
0
51
0
2149
157
41
0
36
13
0
12
66
2
6
1
1
0
68
22
0
6
0
0
441
0
37
0
0
4
25
10
0
7
17
0
157
93
35
11
17
5
1
0
8
294
0
0
0
0
133
0
14
91
6
0
1
6
0
3
0
0
0
124
1
136
17
15
1
0
0
0
23
3
77
0
1
0
316
1
2213
0
0
13
83
8
0
0
0
18
6
1
4135
65
204
6
4
0
79
0
5
5
0
2982
0
1
0
1
0
120
0
0
0
1
0
269
0
1
14
0
4
0
0
0
0
10
15
0
2
3
3
0
4
0
14
0
0
0
0
2
48
0
0
5
8
0
2
33
0
0
0
0
0
0
1
0
13
16
145
0
2
0
64
3
352
12
1
87
51
0
119
1
1
0
0
1612
0
0
1
23
0
0
6
9
0
0
5
41
0
0
1
1
493
3
4
0
0
0
0
16
24
0
47
0
0
0
4
51
1
0
0
1
0
9
7
18
0
25
0
122
300
112
5
0
0
0
6
7
0
24
15
1
0
234
60
206
0
4
34
30
2
0
597
12
0
1
3
0
11
1
1
138
0
0
0
2
1
0
0
0
122
24
296
227
10
0
166
1652
3
1
0
49
5
4
0
12111
76
404
23
147
0
1
84
7
0
0
0
0
479
0
12
5
2
11
6
0
1
41
4
0
1
1
2
8
34
67
2
0
17
11
5
1
10
0
10
0
0
1
0
0
0
0
87
8
0
1
0
4
670
0
1
109
0
21
5
3
0
121
1
36
0
0
0
49
0
18
2
1
0
7
162
173
0
5
0
37
8
119
0
61
2
1
0
0
1
3
6
408
0
3
1
248
0
14
5
46
17
1
0
3
4
0
87
0
1
0
27
0
2173
8
1
675
29
0
0
0
0
17
21
21
0
0
33
0
0
0
0
0
221
0
0
0
572
0
0
0
2
0
4
2
72
0
0
0
1
4
46
0
0
58
0
0
0
0
10
0
5
0
0
0
0
3027
0
3
0
12
0
0
0
0
0
1
0
202
151
0
1270
2
127
1580
1
0
17
15
11
18
0
6
35
14
0
5
0
1
47
2
58
1080
1
7
0
1
3
2
8
2
3
0
37
61
100
296
75
2275
287
0
0
8
1
210
0
0
50
8
270
0
2
0
5
6
1
0
6
1
0
1
0
20
0
0
0
2
49
0
245
21
0
0
1
0
2
0
0
31
7
0
13
1
5
1
1
0
0
0
7
0
0
0
5
0
25
7589
0
1
1
54
0
0
1
1
176
1
16
0
8
35
0
0
4
0
0
0
1
4
15
2
0
0
126
0
23
0
12
1
0
77
511
11
0
1
40
0
0
50
7
0
10
2
407
9
22
111
49
0
64
0
0
0
0
47
15
1
5
54
0
68
2
6
1
0
1
0
7
0
14
1
0
0
0
0
0
0
0
0
13
8
0
80
3
1
0
23
655
13
0
0
0
0
1
5
1350
2
3323
116
274
320
3938
10528
31
994
11555
38
12020
10314
13959
163
320
3011
24251
2188
1060
4426
21000
147
28
5104
163
160
1678
320
160
603
24084
7829
9478
4
27708
12433
12859
147
4298
28314
16004
15660
42350
20832
38
87
147
8517
12859
1887
7863
603
440
87
12102
6
19053
6944
4498
847
16806
13508
21224
147
32956
105
10453
0
0
3310
0
138
384
5254
14
31747
6
5580
5458
21658
2
1342
3122
2
4
2
445
35237
12728
512
52
1546
367
2168
19
532
1397
82
5685
2420
3215
52
4082
0
5
36
2
21192
4
0
20518
608
26
40
820
8
595
13899
1422
10093
5301
1
464
982
6
31
977
818
0
355
0
3034
284
2702
0
0
16
18
0
5807
5
24
5
564
9
447
10991
231
0
2
18
34
18
0
9
23
1
20
63
13
68
366
2425
9533
0
105
0
1
32
0
14
210
21140
205
337
0
141
5941
2617
56
1
12
10
1
0
0
0
2
8703
3
12
19
4
2
2603
0
1
1
0
877
1080
50
366
93
2018
2
0
22
69
2
41
50
0
8715
14
4081
240
241
313
23
14775
236
1288
82
91
3
10
9285
0
0
0
7
10
14
0
0
153
0
684
8
10
17
21214
0
8
281
405
6674
3
8
2192
333
67
137
29938
134
0
271
123
22
40
19
1945
3
622
0
33
39
2
8
3
35
0
8
0
43
3135
36
66
64
4921
4
249
7
1417
337
1
7092
0
120
65
0
7
31
16029
5640
302
0
3
0
0
2323
41
0
183
0
59
0
1
0
68
20
90
0
5817
5
1
1148
6441
314
5837
162
17
185
9811
4103
5339
0
5
17
27
0
0
0
1
125
3219
236
40
2
2375
3
0
1238
0
9
0
8164
2
0
2
0
0
2
3606
249
2
4
654
111
0
2
2
1
286
198
0
110
19394
56
8
0
0
2759
0
5
15
2397
714
1
23
4
0
0
10
33
1
84
0
594
68
0
0
3
9
13
0
40
0
0
1420
109
2
688
4
0
2191
82
1280
8
82
23
8
299
3653
3
0
0
25
0
1587
0
0
99
32
7
2
1
2300
1
0
0
1746
256
2140
0
25
0
10
0
19
594
2
57
78
27
0
2
60
11
6536
3
0
3
65
14
1
259
31
0
1888
3629
0
1
0
0
9
13
19
286
3
0
2212
2523
0
0
6
0
3
2
0
283
13
682
9
416
0
40
0
74
62
2
1
0
437
8
8524
0
39
170
5714
68
43
0
23
0
0
2
0
1
15113
231
165
12531
590
36
0
7255
18
0
3
4
6
160
4
15151
47
1
0
7
16
6
1486
0
0
1376
5
2
0
1
26
629
3
0
1
6
341
16
169
0
3
16
76
0
1
1
0
502
4550
8
7
7875
7
63
247
0
9921
0
0
89
18
87
120
1
92
994
2
0
1
1317
3796
119
0
8
1
0
698
4
0
0
4
119
32
0
2
30
0
0
0
0
15
0
1801
1
19
0
2
0
5
6953
3
151
722
1157
142
0
0
0
804
181
54
53
0
143
16
473
0
1
26
0
18
0
0
14154
2
2792
103
3
6
490
0
46
1
8
571
1
0
0
38
3328
2
12
0
1112
3
3
145
298
76
0
0
1967
0
2
292
160
299
371
0
0
17481
26
2
154
0
1
0
0
22
1
0
4024
0
1
0
1
0
1
409
0
1466
0
5
37
1
0
98
210
53
114
3728
10
559
2
158
138
1056
9
288
2
52
1419
12746
11
15
1
194
662
315
12520
3
0
4
3
626
46
0
73
4
1
102
1900
2176
0
79
0
4
1
3544
9
3
1
5
114
0
2180
3792
0
0
3
301
0
1
0
0
29
20
3
1
291
17
0
8
221
16
0
109
3
3
0
0
0
1
0
54
3063
16
0
5
6334
0
1
14
1
0
2
0
1
5
0
7
0
5
0
2
736
5
0
1
12
1
3
2
67
1173
8
2
50
3255
1
0
100
43
10
87
6
474
1189
526
25
37
1
0
3
187
2
0
3
4
150
5
854
2
29
4
16
11
1
72
30
474
1
131
139
166
1583
1
6619
8
0
0
3
40
1
24
47
63
1979
0
4
1
0
194
5
207
7312
0
0
78
1
1
252
2579
1
2
31
3
11
47
475
0
53
87
3
26
54
1
54
2
0
0
0
114
3
26
197
1
4
5
0
182
134
13
5058
0
0
12
6
306
3
4
10
28
1
0
15
1
0
0
12
0
0
0
0
2730
0
0
1
745
19565
368
16
0
2
37
1
217
1
44
0
1
1853
0
25
0
8
201
3
68
7
277
254
1
1430
0
1
3
101
1
2
0
428
0
1
117
0
4
1
0
94
2
6
5
1
1
144
3
63
25
21
1
9925
131
0
1
0
4
0
4
3
0
9236
0
3
1
2
0
102
4
0
5
0
0
1
4767
2
4197
0
33
2654
6
0
1
0
2
0
0
3
1
2
524
6
1
5288
117
6
0
92
148
2
19
0
0
279
0
4719
358
143
34
0
2
0
87
12
1
55
0
2
342
1
0
0
1188
1664
1
29
1
46
3083
0
0
0
0
356
0
5
9359
0
0
23
1111
0
25
179
31
925
0
1
243
0
8065
0
0
0
5
15270
0
0
3
0
313
0
9
0
2
0
86
20
1
0
9669
0
0
0
2
1
1
532
29
1
11
525
7
14306
461
0
15
534
170
0
1
7076
1
0
250
2
28
41
349
0
103
19
2289
0
3
90
5691
9
5014
3
1548
3
1
0
136
20
0
0
3
335
0
10
4749
239
5
3
4026
3
32
62
0
0
2
2
50
0
802
1
1
12
8
4
6
0
1
0
0
29
0
163
0
0
0
7
0
1822
18
3
130
20
0
0
72
3132
0
0
124
554
0
22
25
3287
220
0
0
0
1
1
1
5
0
1
2
0
8
33
0
1660
4
12
212
0
19
18
1
4
3
25
16
12
0
0
1
8
0
0
0
794
2
0
0
0
0
0
0
0
0
0
58
5
7
415
120
32
2
336
16
0
11
0
806
99
4
0
0
89
0
60
748
5
711
1
4451
12
0
4
969
1742
0
0
507
2
0
11
1
0
2
4
545
45
411
0
6
1057
1
20
20
2
0
111
122
0
0
9
0
0
0
2062
0
0
0
1
14
12
4374
965
21
0
109
103
72
2
15
0
0
5
0
3
0
10
4
31
23
6
0
7
105
0
14
1
8565
90
14
0
1
21
290
0
1
114
2
45
60
12
0
0
0
0
0
2472
5
2
564
1
0
0
0
31
0
0
30
11
1
3
2
191
0
0
0
0
0
11
115
1
10
326
4
0
0
0
1
1
22
0
0
0
0
0
1
0
3
3
30
4
0
2566
0
0
17
0
13
9298
698
0
186
17
8
12
134
0
47
2
0
6
1
41
113
28
1
4
57
3
43
2
806
1405
42
34
0
0
2
1
60
2814
0
0
2
2
1
7
2
0
0
190
15
537
711
0
4
189
0
8
146
370
0
6
0
0
5
0
0
115
0
4131
17
47
0
0
1898
0
0
1
0
231
5
1506
0
0
0
0
1
2
0
5
1
1
2
0
1
0
0
0
33
2
1734
6
4
4
0
6
20
0
85
19
2457
522
459
1546
298
0
2
0
1
0
0
45
167
180
12
11
1
7
655
0
28
9
31
612
0
1
6
0
15
0
202
0
0
38
0
208
0
0
14
82
3
0
578
0
9
40
3
0
1976
0
47
0
777
0
14
0
0
68
1
4
0
15
0
0
780
164
19
239
0
0
76
0
0
3
1
40
0
1
14
0
1
2
0
4
255
4164
444
2
0
0
6489
0
72
0
1
5
0
172
1
2
152
748
442
3
249
260
0
805
9
4
1592
1
2
2
0
60
67
567
0
1
14499
0
1
12
12
15844
31
8
4
57
2923
40
0
255
1
3
2
2745
271
0
2
972
0
0
0
2492
0
2
293
11
0
0
0
2
1562
0
4
258
1
3
0
0
0
0
0
63
9
0
1735
0
31
0
5
0
0
1
0
0
41
49
0
59
34
116
22
0
0
19
0
35
528
0
2
14
0
0
1
57
1
74
0
0
5
0
0
1
0
20052
0
64
2
2
528
0
24
1
1
167
33
0
37
502
1092
64
68
170
17
0
1
0
0
172
0
39
3
27
2
0
0
27
0
10025
67
0
0
14
0
2
4
0
2
0
0
84
5
306
107
0
1
688
8
1725
688
0
0
0
24
17
2
0
386
0
1098
36
0
1
2
128
8
2
0
0
2
0
38
38
33
2
3
29
23
2
39
22
45
295
0
0
0
367
96
6375
0
27940
497
58
0
2
1
0
0
79
0
0
0
4
82
10
717
8
1
0
14
52
320
51
0
10
14
10
307
1
33
16
6
2
22
2
16
18
14
4
502
9
0
93
358
3
0
1
7
0
79
112
14
0
0
43
0
6
0
8
0
5
0
583
2476
5
2
17
0
6
15
16
4
0
7
0
74
0
0
281
41
0
8
7
12931
0
0
30
0
0
86
314
2
0
0
0
87
0
72
1
53
2
293
0
2
0
0
2
1516
0
1
1017
157
9
0
12
23
284
1
5
74
0
0
5
123
27
7
0
1082
0
2
0
0
125
4
0
4
16
0
0
0
0
7
3
23
0
7
10
1531
1
1
984
39
0
0
0
0
2
0
28
78
1
234
12
0
12
7626
34
2
11
10
1
11
0
2
26
0
1171
4
107
1
2
3
2
4
612
12
14
1
0
0
109
106
58
0
144
17
9414
6
8
0
37
0
6
9
442
36
7282
2
0
17
0
0
1688
18
1
0
0
0
516
0
0
0
1
26
13
1
312
38
1
13
78
100
105
2
0
130
0
1
8
2
1
13241
0
0
0
2
10
1
3
19
1
1
2
0
2
0
40
75
0
562
336
36
465
0
2
53
70
1
1
17
0
1220
0
49
202
284
0
2
6
644
0
8
0
134
8140
0
2
3
491
3
72
27
0
43
1
0
48
8
1
4
16
0
2
0
0
0
0
4
0
0
1
1400
35
2
49
4
34
24
0
3
0
124
0
1936
2
2
0
0
0
0
0
1090
19
16
129
3
10
0
4
5609
1020
4521
59
88
0
103
0
6
1294
18
0
0
0
15
0
24
0
562
141
5
0
1
1
726
0
1
0
4
0
0
1
480
40
14077
163
142
3
2
2
417
27
1
0
1
4
1
10
0
130
8007
1
0
0
0
1
4
0
10194
0
0
17
209
11527
229
15
1
632
23
0
0
0
1
1
122
1
1
16
583
1
0
0
0
1
60
0
0
5
1
2
2
1
1
90
78
0
0
126
67
1385
60
565
1191
0
16
1
1697
3
15
6
14131
0
0
0
8
32
0
2
83
0
1
72
5
54
1
0
0
548
212
1
24
5
3
19
30
9
0
1
5471
26
2
1
533
287
1
44
0
3
0
0
2
5
244
0
1
2
0
0
38
0
1
11
0
1
0
3
43
2
0
115
0
154
0
0
1
19
1
0
2
1781
0
1
10
0
0
3
0
0
0
1
0
2
80
1
2
0
4055
4
0
1172
47
6
0
11
47
1
4913
340
105
78
0
1
5
22
0
0
0
0
0
0
0
0
170
0
0
5470
0
110
1
0
0
2
0
141
0
74
0
0
521
0
2
0
66
0
0
703
14
30
13
15
1
0
30
12
0
2
1
1
0
0
162
949
75
0
46
6
3
0
2
128
24
1
699
0
1
415
7
3
2
1
148
0
4
10
0
0
17
477
21
3106
0
2
2
0
0
22
0
0
231
265
0
18
12
2
2
5
0
192
74
0
3
490
4
0
0
44
0
17
439
5
1
69
0
6
0
1
14
5
1
0
1
0
40
46
2
0
24
18
40
1
0
8
18
0
0
1
1
0
4
128
0
102
679
1
74
0
206
4
0
0
0
8
41
0
6
1
1813
1
5
0
19
43
152
6
59
0
1
14
1
372
666
0
0
167
0
0
0
2185
2
8
16
31
1
7
0
0
1
1
0
174
8
92
0
1
8
0
0
0
66
2
22
0
81
620
0
777
0
0
0
0
1
0
16
0
0
11
2
4
0
10845
6
19
1
0
622
1
0
2293
0
1
17
0
5
4
25
0
12846
0
18
1
2825
478
0
43
0
1
8
2
60
0
0
5
105
1
4332
203
39
0
3
2
2
64
37
0
0
596
4
2
364
3
23
0
1
1
0
26
14
1
174
0
151
0
12
0
21
0
39
1
1
4
0
4
3
0
2
0
20
5563
1
0
15
19
1
142
1673
1
18
1
2
451
58
0
12
0
0
64
0
4649
83
2
0
815
0
0
0
0
0
11
0
1021
3
0
0
3
1
0
8
0
0
18
739
5
2
0
1
5
15
0
4
15
3
1
0
415
0
5
0
0
1
4
2
295
12539
20
0
0
268
32
0
0
11
17
0
90
4
3
35
33
12
0
0
1015
7911
5
0
42
123
34
42
4
194
6
17
102
0
0
9
13
6
120
1
8
1
0
123
62
2
0
6
0
1
0
0
1
5
0
0
0
0
109
0
370
185
33
0
26
26666
0
0
4712
7
1
0
0
0
0
17
1
8
0
1
1
26
5
262
0
61
1
0
0
8
5
0
0
581
0
0
0
0
9
34
2
0
1
13
1
0
458
12
0
361
64
459
0
2
0
17
0
30
0
0
216
1
19
0
18
1
1387
6008
2
12
4897
12
2001
34
1
1
35
0
0
39
4
49
9
0
1
0
5
0
0
8
1
70
73
27
65
0
0
1391
12
0
0
1
0
0
0
1
0
0
0
38
0
80
13
0
0
0
2
2
189
1
0
0
0
0
0
0
0
3
114
1055
6
5
0
978
1
1
6
3
0
0
3
0
0
0
95
22
0
348
1
1
47
498
1
0
4
511
0
0
9
1
0
0
12
0
0
0
0
20
559
21
1
1
2
2
1
3
0
0
0
4
6
1
27
14
0
0
1
1586
10
299
0
1
0
2
1
0
0
521
3
0
0
73
32
135
2
0
0
1665
12
1
3
11
0
0
0
0
36
19
28
0
1
7
41
2
6
3
0
11
217
109
447
0
0
1
3
6
0
0
0
1
11
2
65
15
141
5
93
0
0
17
7
0
0
1
19
1
0
0
0
9
0
29
233
4
1
7
6
600
35
0
0
3
7
80
0
0
5
3
1925
46
3
778
0
6
65
0
0
0
0
21
9
155
0
8
533
0
321
0
1
0
116
0
24
401
13
3450
44
9
1
2
7
0
5
1
49
48
6
18957
0
0
0
22
30
3
1
4
43
129
0
0
0
248
131
8
0
47
1
0
1
0
298
63
49
6
44
21
0
0
0
0
1
3
53
12
3
0
69
21
0
3
0
15
0
8
190
0
0
3
329
3
1
0
1
2
2
21
1
0
0
3
0
0
0
4
2
94
0
2
0
1528
235
0
491
0
165
0
13
0
0
46
84
10
0
6
23
2
2
0
0
240
73
0
10
0
0
0
1
16
67
0
0
23
0
885
0
2
0
0
7
2
0
0
21
8
17
1169
51
0
0
64
0
11
65
3
0
76
0
0
0
17
3
12
8
51
46
0
13
6
8494
0
0
1
0
0
11
2
3
1
15
0
23
18
135
0
0
0
2
0
3
0
49
15
0
0
0
0
0
184
19
0
1008
1
7
0
26
0
95
0
0
0
1
0
0
0
1899
0
1
0
0
0
19
105
10
0
0
0
28
157
30
0
7
13
2521
1
39
11
2
63
37
0
0
0
4
0
0
2
0
0
0
24134
1
24
46
4
1
2
0
4
0
1
0
88
0
258
1
202
6
351
2
0
9
4
0
0
0
0
3
0
0
0
0
0
0
2
5
13
44
0
1
1
0
0
0
3
217
0
0
0
0
1
0
6
1
53
0
857
0
0
0
4
1
0
567
615
0
0
979
0
401
14
18
0
0
9
0
0
498
19850
0
0
0
1136
26
36
3
0
2
2
0
2
499
36
2
2
2
1102
0
1
28
0
52
0
1
1250
0
0
0
25
231
549
4
0
1
11
0
4
12
5
5
3
15
79
0
0
2144
16
1710
12
0
0
14
104
40
110
4
4
19
7
2
104
0
6
1
58
29
65
0
0
0
0
0
2
0
15
1
2
16
2
0
0
0
34
0
26
67
219
1
330
228
1
5
511
26
13
0
1
0
64
0
0
0
13
0
0
53
25
0
1
0
41
41
424
0
7
21
37
0
1
68
1
553
2
247
1
6
0
0
8
96
1
0
1
1
1
0
624
0
1
39
1
1
12
498
0
15
3
0
0
0
20
2
0
8
2
3
0
1
0
6
12202
27
223
4
140
16
0
1
0
51
0
2
220
7
2
4391
0
10
0
26
25
82
1
66
4
4
16
0
0
2
0
0
1
20
313
35
1
0
0
3
9874
0
18
4498
13
10
0
7
0
6
1
0
213
0
0
1
18
1
4
17
1
0
55
19
2
118
0
2
10
0
2
0
0
0
54
1
42
1
493
0
0
6
24
0
0
17
1
54
0
126
7
1
0
43
0
1
79
2
3
25
46
2
0
0
106
34
31
46
681
0
0
2
0
0
0
1
3
1
0
0
2
6
0
0
48
0
0
2
0
0
2021
42
1
203
820
10
5
10729
15
3
0
0
5
1
171
8
0
5147
11
0
0
1
1
0
0
0
16442
241
6
0
1253
0
3
0
1
50
26
162
0
7
0
65
2
0
19
10
5
62
0
0
0
103
0
2
16
0
8471
0
5
5
62
0
0
12
1
617
556
1
0
0
0
2
4
0
0
1
6432
0
0
2
2
1
21
4166
1922
0
58
1
78
31
1967
0
732
81
1
4
45
24
5
11
65
42
24
0
36
14
3
4
0
9
0
1
0
0
2
4
0
21
0
1
0
11
1
49
17
1321
6
1
0
282
3
5
28
0
8
1806
0
3
34
2
123
0
0
0
1
2
94
34
36
0
0
0
1
0
6
33
53
0
43
127
29
1
14
1
20
0
0
0
0
24
0
0
0
114
0
0
1882
307
3
0
0
0
3
503
0
0
3
0
0
0
0
1
1
0
30
6
24
0
31
8
0
2
9
54
4
0
0
3
112
0
438
0
1
0
12
1881
2
5
14
1
3
27
2596
1
131
4
19
0
0
38
5
0
0
520
462
19
69
1
0
1569
3
0
237
5
0
0
5
2
75
1005
42
0
0
3591
0
0
0
25
4
7
471
2382
1158
0
1
0
64
4
0
12
30
0
0
10
0
13
613
0
0
126
1
49
31
12
2
18
1
13
0
0
2
2
0
1
70
19
0
0
43
0
4
20
1
11
2
0
688
0
4075
7
1
0
2
851
6
25
191
17
16
16
3045
2
0
6
52
579
0
2
2
102
0
5
72
3
69
1
42
1
0
8826
18
0
0
2
19
0
1513
10
0
0
0
96
0
10
1
1
0
0
0
5
0
2
1
485
3
2
9
37
1
0
14
1
8
5
5
4
9
0
0
11
10
1
0
0
181
0
38
4
0
0
922
115
2
1928
933
0
47
0
181
4
9
20991
10437
1887
30532
6
17269
30761
163
994
802
12278
163
147
3566
3112
1721
5104
169
5104
147
26667
320
6065
3566
797
12859
2900
24251
12859
11199
11199
12859
12859
6
274
38
16888
4220
968
994
2045
0
5104
320
3484
9102
10305
37103
51
320
9208
0
87
67
46087
29434
58
6
140
4151
103
0
13731
15368
1770
271
40
0
34
13254
3256
556
12358
2
0
178
222
2341
5185
8
79
210
9
10974
131
1546
7301
2150
7141
90
0
2
256
9
9
90
1793
0
802
3
0
79
133
46
18508
91
140
771
38
3
11
0
88
6
1972
91
6980
4358
0
1
2513
1129
42
116
977
91
8118
1279
13
0
129
2735
359
6
281
1389
2
53
0
216
23890
2318
3144
12
325
330
30691
8378
0
15032
10
1600
1
81
0
395
0
13
105
81
5
0
2
653
0
3738
0
1
0
531
8786
19
812
1
11
187
59
162
2054
4869
1
97
0
35
30
15
11
0
4
54
5
7
234
48
0
4385
0
0
2127
4
35
150
764
0
103
5
39
0
0
0
0
0
97
1
2010
551
32
27108
0
435
233
871
886
0
3
31
1
0
15317
21
1629
201
0
0
215
359
1
4
3
0
21
13
30096
540
71
0
0
4987
1502
31
0
0
4783
7288
191
0
73
6
6428
0
886
31
0
0
54
0
0
75
187
73
1252
15233
43
2
98
46
7913
49
3
0
8
1
11968
116
0
16
614
2
18
39
15930
0
1193
176
25
2
41
3
1828
11
205
6
5
819
0
0
1
1
3
0
482
0
0
29
0
5749
0
2
4
1311
0
0
531
1
112
1
3
7
0
7
0
0
0
21
0
48
65
0
86
100
0
468
76
77
55
40
2
179
0
70
0
44
0
1
570
15
0
6459
6144
9
3749
1
4
0
3
19
48
86
0
4
4435
0
1
4
3
17855
866
0
4693
22
4
902
1012
0
0
455
4
2
0
3
45
203
2
1245
1
0
81
328
59
29
233
1243
4743
1744
45
1163
90
0
0
47
0
8
0
842
38
4
26
163
0
0
10
9
28
1
1240
12
129
107
643
37
19
0
6601
0
265
926
6
357
0
0
6
0
843
23
4
1
73
74
0
1
1
8
6288
241
22
25
0
7217
234
288
19286
4028
3543
355
16
12230
43
30
49
2
0
18939
0
9
0
0
85
73
1700
0
16
6
0
0
0
16
0
0
15
0
0
155
0
2
169
51
32
3339
4
0
0
2
1194
145
0
39
15
6
0
177
665
5654
6
90
2
2584
0
0
0
117
1053
0
59
156
775
258
5
72
0
0
415
6351
3
0
10
246
1
0
0
103
4360
54
138
0
0
11
24
504
0
5
402
0
0
0
457
0
12
3
1
8
9
2699
0
6
1223
0
28
0
20
3830
470
0
19
79
1
16
32
2
27
116
1
9
0
0
0
0
1823
3
0
0
441
39
2
0
5
14
1290
68
0
15
25
4
4434
874
0
1
35
1
0
2
2
2
3
24
763
3
1
0
4
140
0
0
42
0
0
3
134
0
0
152
3248
9
0
157
0
1132
3
981
311
266
0
2
44
1
0
1
979
0
0
0
2
378
0
1
0
119
0
153
0
5
20
9041
15966
9
11
0
49
3
3
0
0
0
3893
0
0
55
5
435
1
0
59
6625
37
0
9
0
189
8
1
2
102
0
2
0
0
2582
104
0
0
0
18842
0
8
2918
0
0
0
2172
0
51
18
0
0
0
380
3452
3
0
1
0
0
0
0
0
28
0
53
0
5
0
0
0
67
0
1
1
0
331
0
1
16
1310
1
10
0
66
9
263
1
1039
0
652
1
3
9
0
6
10
123
73
0
0
25
0
0
5
21
1050
3
113
1
3
28
9
9
39
0
0
126
24
2
4
1
0
1
257
0
1
0
1
1
787
0
0
7
0
8
39
0
0
5
12
0
2
0
0
2
57
0
2
80
0
1
2
41
3
1120
26
0
0
0
158
75
6
226
5
9
0
0
0
352
0
18
0
1386
7505
149
1
1
0
0
3
1
0
4006
41
1
0
2
11
0
1
0
0
149
0
0
263
0
41
0
2
19
0
55
102
0
2271
4
0
0
384
1603
1
0
502
6
0
0
36
56
103
36
239
2
4
1
0
8
0
61
3
1
145
32
15
0
0
81
0
540
650
25
0
312
0
0
225
178
1
3053
8
3682
738
0
0
4
120
1
65
54
0
1
29
134
0
0
0
15
0
59
1025
0
3
4
211
765
1
18
0
0
0
7
0
0
2
429
3986
699
0
0
13
11
4543
1
0
18
1
2
10
169
4013
15
2
0
28
31
1035
1416
0
1
18
0
1
2
58
171
4
421
1322
1
0
14
351
33
0
4
117
7
0
0
0
92
19
484
0
2269
22
99
675
4
0
2
0
5
8
0
4
0
0
0
4
307
1732
0
9
26
248
737
0
90
0
0
0
12
125
2
1
0
0
0
861
241
3
0
0
3
230
6
0
0
2
13
395
0
0
0
16
39
1
0
0
467
0
0
14
4
6309
33
0
1
0
0
304
7
17
9
1656
0
0
0
401
1
5
12600
0
20274
24
0
0
0
0
42
10
0
58
757
90
0
1
15
1
183
6
45
0
1
20
0
0
0
474
39
1
4
13
151
0
99
0
0
0
19
0
19
0
0
0
0
0
0
376
1
1
10
0
2
1
31
2
28
73
3379
0
520
1
30
0
2
891
7
1
0
3
2
0
0
2
2
4
6
1229
0
41
15
83
9
12
20
2191
71
689
1
0
6
0
1
69
0
0
2
12
16
0
0
14
3
0
1
8
1
0
0
0
12
0
0
0
25
35
1
13
78
4
2
4
291
2
25
107
0
0
0
341
101
325
20
136
1
43
259
51
27
1
0
46
0
1
0
2
0
2
633
3
43
2
4
4
21
21
1
241
3
1
29
82
1
0
1
0
512
1133
7
9
12
0
0
0
25
0
1
0
0
0
0
8965
4
14
1
6
1
0
790
10
1
0
0
2
288
0
0
2
2
7
573
2
0
118
41
0
13
589
3
2
479
3
3
0
0
66
7
1
1
13
237
0
45
0
0
109
44
0
8
8
3
0
23
0
652
0
0
0
83
161
0
0
0
0
0
28
2
411
18
1812
7
0
1
0
5204
252
1
1
491
4
0
758
74
7268
54
2
105
0
25
58
2
1168
0
597
3
31
0
866
7
12
612
2
1
0
794
87
1
2262
0
0
0
10
683
110
117
0
5
0
2385
0
0
0
66
0
1
3
0
0
67
112
1
0
2
1
0
19
1
22
52
64
0
0
1
35
0
21
2
5
1
2
21
0
0
0
616
1057
0
0
19395
0
38
234
2973
8
160
203
110
145
0
0
1
1
154
4
815
10
1
0
5
0
174
4
0
0
0
0
2
50
0
0
11
0
81
4
0
1
671
25
48
0
36
1
115
795
336
16
826
316
0
0
34
2
2
3
0
0
0
133
0
1
8
415
2
2
8
0
170
0
0
62
746
16
55
1
184
0
218
90
151
916
0
1
0
125
4
0
1
3
0
0
2
0
630
23
0
0
185
8
0
526
0
13
1974
26
10
0
0
5
0
103
2
21
1
23
18
0
1
11
2
27
1
11
569
25
0
1
34
0
0
3
3
1622
0
168
0
6
7
1
646
0
0
0
0
1
3
18
120
21
0
0
1
0
1
0
1
0
1
0
13
2835
115
0
0
0
0
0
0
0
0
0
57
31
100
10
1158
4
0
195
106
2
2
17
0
0
78
0
3
1745
0
165
0
2
1
0
0
11
0
0
50
157
0
2
0
0
0
13
8
9
1
216
45
0
0
7
44
0
1
0
0
0
0
0
147
0
0
9117
300
499
0
0
51
4
41
6
2
0
0
0
10
205
0
0
168
12
0
20
3583
93
0
24
4
1
0
0
2
0
2
41
0
0
11
0
13
29
17
8
42
0
0
69
2
521
0
0
2
17
1
133
24
0
0
0
0
7
1
0
8
53
0
0
2
0
0
0
0
4
0
0
0
9
0
2
23
0
240
130
15
0
0
98
0
1
0
3392
56
402
1
63
123
1
137
0
2
0
124
2
0
2444
0
0
3
0
1
9
8
0
0
1217
2
0
15
42
0
0
0
0
2
215
16
81
22
4824
2
0
1
1
1
8
1554
2488
69
7
3
3
0
12
184
0
107
28
0
0
0
117
1
0
0
2
14
0
179
0
2
112
0
355
6
2
4
2
46
0
0
2
0
0
0
1
5
0
0
22
252
756
20
1726
2
0
0
19
16
9
0
1
1065
8
6
0
0
0
1
1
88
183
0
0
0
55
3
356
2445
17
4
0
19
4
83
405
0
0
19
4
25
0
34
0
130
2
1
0
6
6
1
27
0
1
0
0
80
1
10
0
1
0
0
6883
1
0
5
6
18
0
0
2
7
8
0
68
0
5
0
1349
57
2
42
64
23
1
28
0
3
5
1639
25
3
0
0
4222
17
0
0
0
0
2
2
1
0
970
0
0
1
0
0
1
51
836
7
18
0
0
471
1
0
6
0
1
0
27
2
1
9
0
33
3
2
0
0
0
195
5
0
0
1060
9
0
264
0
36
47
2
2
8
0
1
12
36
1
1036
1
0
0
57
0
17
0
4
0
0
2
211
255
1
5
1
1
11
0
22
5
196
71
1
0
1
2
8
0
0
0
0
0
0
1
17641
657
37
1
4
0
0
0
0
2
2
22
179
0
0
0
3
2
0
1
0
16
49
0
7
58
1
0
85
1
0
488
11
0
1
8
2
9
242
0
9
0
867
159
180
1693
0
24
0
165
0
0
1
56
35901
201
53
0
16
3
0
1
0
41
4569
1
3
0
1
1
0
0
0
0
0
19
81
5
0
0
11
0
18
0
19
0
3
3891
43
1
0
0
3
0
0
188
1
5
2474
293
2
1
2
0
5
0
0
0
62
0
14
263
14
9800
0
0
0
3
3
0
10
3
7289
0
0
1
10
60
13
0
4
5
1
0
10
0
0
639
28
0
2
0
3
0
615
0
0
0
26
2
91
5
0
0
0
0
5
46
0
4
0
4
2
14
0
111
5161
50
27
0
0
27
1
1
4
5
2
964
0
0
0
1
57
0
145
17
113
0
0
0
18
425
557
1
1036
290
0
0
0
0
0
0
0
3
3
2
1
0
2
0
659
35
9559
0
0
0
49
3
0
0
127
361
230
3
41
0
2344
0
0
344
0
2
0
7
0
0
0
31
19
7
122
179
1
3
0
0
183
0
79
0
2
0
0
9
0
0
0
13103
2
2
0
0
0
0
0
106
1
109
1
1
14
2
2
0
3
7
7
0
65
2
15
0
0
22795
0
0
1
17
411
460
71
166
1
14
0
0
3
499
292
24
1
0
0
175
3
0
0
0
0
213
0
0
222
1985
396
0
0
4
531
1
1
4248
1
68
4
1
0
3
0
0
0
15
0
26
0
32
9
1
2267
0
5
40
16
0
1
0
0
6
109
12
1
369
7
0
47
2
0
11
1068
0
5
130
116
0
104
8
1
302
23
60
0
2
0
0
0
0
728
0
3
2
266
30
1
0
242
0
2
0
0
0
0
0
0
0
4
174
1
0
0
1
341
38
0
2
1
1
81
10977
241
0
2
6
0
0
3
10887
2
88
0
0
9
0
191
6
0
147
0
2
1
736
24
0
2
5
2
1
0
0
83
404
1
0
45
293
0
0
3442
0
2
1
9
32
0
1
0
0
2
4
0
0
1
1
1
25
146
290
36
1
1
274
1
851
3
1
0
820
5
0
2
0
702
2
1
48
99
1
1
0
150
1
73
2
0
34
0
0
0
1
566
0
0
0
7
0
0
0
31
1062
0
14
1167
31
1
21
41
635
9
12
0
0
0
0
8
0
455
1
6
0
0
0
4
86
879
30
11
39
0
0
929
8
30
0
41
2185
3
5
1
0
15
5
819
0
0
9
0
16
0
254
0
1
6
0
649
2
0
0
2
2
1
0
2
608
1
7
0
8
222
11
0
4
10
69
0
0
0
12
4
2
2
1
2197
0
0
0
3056
11
853
0
2
1
4059
585
269
14
4
2557
0
185
7
105
2064
0
0
0
16
0
0
3
9
6
0
4
27
12
1
0
0
0
0
3
0
0
0
0
4
185
0
0
0
0
3
3121
5
0
1205
1320
0
0
0
0
0
1
1
1
21
47
0
1333
451
2
0
4
0
2
39
25
0
1
15
24
0
262
0
6
0
4
0
320
5
3
0
2
0
8
805
8
0
2
0
3
12
0
6
0
0
0
0
3
10420
18
0
0
6
1
0
0
0
2197
0
9
0
0
0
3
0
0
1
0
9
1
0
50
7
407
0
11
0
0
0
1
13
0
71
22
3982
11
1
24
1
350
0
1
2691
35
34
0
0
0
86
7
0
0
2
120
25
0
1
0
2
0
2
0
0
0
0
0
7
9
55
0
0
0
1
0
2
0
2
21
0
3
6
1
0
0
0
0
5
4
0
10
10
4
2
7
0
0
6
300
1
14
0
4
23
4
0
5
32
11
14
65
1911
0
0
13
1
0
2
155
0
0
920
2
364
0
0
0
1
486
0
1
0
1
0
0
8
0
0
0
0
0
0
1
0
0
36
1
30
0
0
0
1
135
4
0
0
24
0
75
21
2
951
0
190
29
339
0
511
1
4
96
50
1
0
3
2
115
3920
0
0
1140
0
2
49
0
1
0
0
1
0
1
0
1522
0
0
62
2450
1
0
2
0
89
0
0
0
0
1
0
4
0
3
244
2249
1650
0
214
0
335
0
0
120
2
64
25
7
3
0
16
2101
0
77
7
0
0
0
14
218
0
0
0
1
0
0
3
487
48
0
0
0
0
0
4
0
0
0
68
0
877
0
2
1
127
0
1
0
527
1
0
0
0
1
78
29
0
3
0
0
15
0
1
59
1
2
38
0
19
30
2410
200
11
0
55
0
5
8
18
1035
0
0
21
2
0
26
1
162
1
265
0
7
0
0
0
319
0
0
0
0
0
0
0
0
9
0
0
15
4
0
34
1
63
18
0
2
0
0
0
1
0
3
0
66
0
3
53
3
2
9
1695
1
33
0
0
0
0
0
18838
517
0
61
17
0
0
2
69
488
3
4
0
5
0
21
5591
10
0
0
0
6
0
0
0
0
0
29
488
24
2
0
33
3273
37
589
3
14
0
37
0
0
0
206
0
0
0
53
0
1
20
0
0
71
1
0
0
5
1
57
0
0
217
0
2
327
0
8633
0
2
0
0
0
0
7
0
8
0
0
0
461
9
0
3
75
59
0
1
0
0
0
0
28
4
3
0
11
0
1
3
0
2
0
476
0
0
0
0
3
0
0
0
677
36
1104
0
1
938
100
0
308
0
1
5
0
0
12
9
267
0
30
2
1
0
0
305
2
2
0
0
5
3
16
1
2
7159
6
15
4
0
1
81
0
0
0
87
0
13
0
0
0
1578
0
0
1
21
433
3
0
0
0
3
3
4
3451
1
426
0
5
0
0
0
2
0
22
0
2
0
5
0
387
29
0
0
0
3
0
7
0
0
7
0
0
0
0
0
6
5
0
992
59
1
0
2
2
3076
0
0
1
1
0
1
3
175
29
0
0
7
0
8
3
173
0
0
0
14
0
0
0
4
1
21
1
6
178
0
7
42
0
0
0
1
9
6
2
194
78
1
0
10
0
0
0
0
0
0
10
104
57
0
1
37
1
3
5
10
0
0
0
0
0
0
0
0
3
8
141
0
1
36
3
0
0
0
95
0
0
0
0
19
2
0
0
0
2
565
0
0
71
241
0
0
1552
521
1
1
0
11
41
2
1573
992
0
16
0
4
0
1
0
0
0
1
0
1
72
0
0
4
0
114
0
0
0
1
1
0
0
2
0
0
28
2
0
377
0
65
1
0
0
2
0
0
0
1
2
0
8
0
107
42
1154
0
3
0
106
0
2
0
0
1
1
0
6
0
0
1
0
1
1
0
1
35
119
0
0
0
2
0
0
0
3
1
3
7
0
0
0
3
119
0
0
557
0
3
0
1
1
0
5293
0
1
0
5
1
0
0
1
0
2
1
63
21
4
18
1455
1
1
0
886
9
14
2
103
0
0
0
1
4
1
2
0
67
1
39
6
0
5207
3
0
0
234
45
0
0
0
378
251
120
2
0
1
0
589
0
0
68
0
0
1052
1
5
1
1
4
5
1690
10676
92
2
0
4
116
0
0
41
93
3
12
20
0
2
197
0
1
0
360
0
415
14
1
3
2
16
628
12
0
0
92
0
0
5
0
0
9
0
13
0
1
3
4
123
0
1
1
96
0
0
2
0
28
23
640
1
0
3
0
10949
1
586
1
2
6
0
0
3
30
0
143
561
370
617
1
0
0
0
2
4
455
829
0
604
0
0
2813
0
18265
1426
56
0
0
0
35
1
0
2
729
31
0
0
1
1
14
3
27
4
0
1
0
1173
3
0
23
0
52
50
6
0
0
21
1
0
20
2496
0
68
2
0
2
31
0
12
0
2
13
9
584
0
0
5
2
0
3
3
1
0
0
3
0
76
173
0
20
4621
0
1
0
0
1
0
11
6
13
0
2
112
0
16699
1
3
0
0
0
0
14
0
28
3
0
37
15845
0
0
26
51
623
0
15
6
4
0
0
0
0
2
0
428
1
17
470
0
2
0
1
0
10
11
0
1
40
0
234
1
14
16
4
1
1
419
135
0
129
0
101
5
0
5
3118
0
27
37
2
1
0
0
0
2
26
0
0
0
0
0
246
2
0
5
0
1
1
0
0
5
6
4
0
0
2
1
1
0
0
0
20
0
0
1
54
16
0
3
0
13
1
2
20
0
19
1
0
158
1
316
9
1
0
8
1
2390
0
0
0
0
44
2
6
1
0
1
1
0
0
3
0
28
0
3272
2
10
0
1240
0
2
2
0
4
11
3
0
0
0
4
0
0
1
222
62
0
0
0
0
8
13
0
1
38
0
3
57
2302
0
0
8
0
1
1
0
0
0
0
0
0
132
0
0
42
152
0
5071
58
427
0
404
1
1
1
1
0
670
0
4
5
0
0
4229
1
699
0
3
1
4
9
1
0
0
0
1
0
4
1462
2
0
0
0
5
0
0
0
487
1
0
0
29
0
0
5
0
0
614
2
0
179
55
267
0
78
9
20
0
204
965
1
1
1
44
209
184
180
0
45
0
4
74
0
1
259
15
0
1799
0
0
201
0
10
2
0
1
0
0
0
4
0
12
9
0
2
0
0
0
1
63
531
0
0
0
1
0
3
0
0
0
0
2
0
4
4
163
5
36
0
5
2
17
0
0
0
3
0
987
1
0
0
0
15
0
6
2
0
0
0
0
856
0
1332
1
0
1
0
33
0
0
0
0
34
4
8
0
1
1
13
0
0
1
786
2
1
0
4
9
28
5
30
4
0
9
5
1
0
17
13
0
915
2
0
2430
0
67
147
100
24039
9651
261
39763
67
15220
11658
16
11824
28
0
9476
1294
6
1294
11433
20832
8317
158
20580
6428
0
2011
376
24589
147
344
23382
6
48
42
791
11496
1067
5919
38
802
1545
24251
147
595
6833
434
3566
13892
13072
585
28
8029
935
1612
11788
1612
230
1612
1612
12859
1612
7879
4220
38
4516
185
806
16
30
10890
5
20666
153
48
2883
0
456
91
1473
0
11307
0
2
2160
1
1
3
3
91
19
41140
0
2311
3
9
23
1523
353
10
1980
1
974
245
11226
6
1
0
0
1
0
1540
226
207
25
10339
4
12291
11
2258
11
13394
11
11
1014
11
6
38
91
14
19
4
2702
56
6
154
3
92
82
27915
5546
6
8732
2
0
0
0
9
1692
0
3975
0
73
305
115
0
7743
1
961
3465
0
101
0
29
821
2572
938
75
380
0
264
16
59
4
0
26
2
118
10602
0
0
4
0
392
0
9042
0
0
11
0
704
101
0
0
0
17279
3
0
137
2194
1
92
9
0
339
0
40505
100
2293
0
214
1837
0
0
0
1
3
53
88
641
224
1294
2
11
558
6071
0
578
0
29
1494
69
0
1017
11688
0
1893
5
14628
10553
2
8
4
0
9
1
26
0
0
97
0
0
1
0
55
3
5464
0
118
108
2007
0
12
57
1068
1
420
2
1
5
23449
110
178
0
0
948
49
1982
1
301
0
0
90
79
4
1
37
0
7
0
0
242
0
1
430
23
164
516
0
54
15
4
0
9
7
4
0
15069
0
1
196
1
0
0
0
0
1
74
63
2182
2
1
11036
0
58
0
3
12052
8
42
45
1
0
0
2
1
1
4862
0
0
40
0
0
31
0
84
0
3
1553
81
0
55
0
479
20
5682
75
4310
56
0
141
0
90
0
4286
2
132
8
3
8
6585
0
9
18
0
76
38
61
95
0
4423
196
1540
403
10253
26
4
1
3
0
557
0
1
702
77
0
0
3241
13
0
0
40
0
40
6
15
24
79
0
319
43
13
759
0
0
0
378
2
5
1
26
0
1
718
3034
558
1884
0
1198
4
4522
1
4
0
0
501
0
3
68
80
98
6525
29166
0
611
18487
0
1
10
6
4345
3
1
34
8
0
563
211
3
0
167
210
1295
28
0
0
0
0
0
123
0
486
188
0
0
706
181
46
3493
2
199
24
0
7726
0
0
2
5
0
17
0
12
0
8
64
3
2
27
125
1790
2
4266
9
0
40
5
0
119
0
39
6163
4
0
0
38
21
4
1
556
0
752
1
43
0
0
1
396
0
496
203
0
10
0
1263
10
23
7
5
1
34
3
3
1277
428
4662
2
0
6
40
7
1
5990
0
0
1521
10
1
5
61
4
1
1
1198
104
0
73
18
0
1
0
0
619
9
0
258
0
2
183
4
16
13
55
1
0
17
39
3754
3
0
2483
0
0
18
2776
21
18960
0
0
26
0
123
6
0
4
0
132
4
0
1
77
0
1
0
0
10
2
1
1379
107
1517
1
0
0
5
5020
35
49
0
0
5
49
0
286
0
1
12
2
1
4
35
0
339
4
0
543
0
0
0
13473
0
26
0
263
0
0
35
1
0
2
3
2237
1
1
0
193
0
0
69
0
0
3
244
219
0
734
0
0
0
1215
787
3811
3
1928
1728
3873
4
0
12
0
1
0
0
0
0
0
0
0
0
14419
41
118
0
2
2
3
8
1
3963
397
0
358
0
6
2269
0
640
5
9
24
13
14
5
28
500
29
2053
252
0
8
0
0
78
68
0
11
0
57
0
1
0
40
0
0
0
15957
89
2
0
0
8
0
20
678
10044
0
0
52
0
0
0
456
0
2
8
15075
1
1028
27
28
3
2
53
1
0
0
2
1
0
4418
967
0
15
3
111
0
720
3
394
0
0
0
14
0
0
9
58
163
0
0
63
2289
464
0
134
29
0
0
58
18
22
26
0
292
14
0
1
2665
0
0
0
0
125
0
3
0
0
4
0
3
109
4
2
1
42
0
3337
67
0
34
0
6453
0
0
0
0
1
21
0
3
1
0
6
17
173
86
193
21
0
0
63
268
2079
0
10
98
4
18
0
170
0
192
1219
0
2
21
91
515
0
3
18
0
563
0
0
10
42
1
38
2
0
322
0
251
9
11
0
4
1
0
47
0
1
12
688
79
9
0
98
0
17
0
98
0
1
31
216
0
6487
38
0
116
251
613
38
1312
34
0
75
0
0
151
0
0
0
0
19
0
5
0
451
0
12
152
0
1307
4475
0
13
0
0
20
0
37
0
7
1
2
0
4
2
0
0
0
18
10
28
42
3370
628
1374
0
42
2
17
0
1
31
595
7483
99
0
0
0
947
3
366
0
199
12
144
15
0
0
41
10206
629
0
4
1170
856
1
6
0
0
33
3
0
3
0
2
1
2
10
16
0
537
3954
0
2
19
0
2
0
1
0
14
7
848
0
3253
723
0
2051
4
273
1
3
3
0
0
0
0
12
1
0
0
370
807
0
720
0
0
5
0
1480
0
1
0
0
3
0
0
0
25
0
0
0
943
0
17
0
3
15
4370
45
0
3
325
0
20
5
0
11
2
5
16
0
1
0
0
1
51
0
66
0
81
0
3792
740
180
0
0
318
0
10
389
411
3
0
434
753
1
1538
0
0
0
25
0
0
0
147
3
1
0
12
20
266
3
222
4
0
1141
330
8077
0
0
0
35
0
0
0
2
1
0
0
0
935
4
1
3
2
2
1
8
4566
2
1
0
80
1015
0
0
2
675
1
50
0
0
105
2
0
791
1
152
0
0
0
18
7
0
0
0
11082
21
2
1236
98
5
1
1
2
5650
421
1
1
0
86
0
0
18
0
7022
0
0
17
0
1
0
12
0
18
6
3906
40
16
33
3
0
0
15
14
4
98
0
3
0
2197
1
0
1521
0
0
0
4281
434
538
352
119
0
1
3
156
0
40
0
262
37
0
0
4
0
0
0
0
2
29
180
0
0
2489
1
854
0
11
4
6654
0
0
0
0
0
0
4196
9
108
2
9
13421
2
0
291
0
41
31
1
30
1249
40
0
100
11633
2
0
1
0
0
75
0
41
0
0
0
0
0
145
2
130
2
0
25
0
0
0
91
0
2
0
1
90
265
2
0
0
0
2
7442
0
9
15
20718
0
0
0
6
55
0
0
2899
0
0
1
2
4
41
24
29
8
35
0
2864
0
401
2722
4
1
2958
1
19
0
0
78
1665
0
2
0
0
7
273
0
14521
0
0
3
0
125
0
1
366
0
50
0
241
1
9091
2
4514
61
131
0
0
0
0
0
52
0
0
0
16
0
4
1
248
5
1
45
718
10
0
33
1
40
0
417
27
19
1
0
100
198
23
0
1
31
0
727
0
4921
59
0
0
0
3
3317
37
0
0
2
66
6
0
31
2
0
210
227
0
311
19
0
0
77
1
0
819
51
68
0
0
0
1
0
27
0
0
37
146
0
6
0
1
4
0
4
35
150
2
6649
48
748
18
0
3544
1
258
0
8
0
0
0
66
0
5
805
4374
2
0
0
91
0
0
8
597
3595
1106
0
1
0
1392
0
7
1
2
0
0
0
7
0
19
0
7
0
0
0
75
0
0
59
0
46
6
5
512
14
19
0
0
109
5462
199
1622
3
8
2
1
707
54
5
1
0
0
120
88
254
2
57
3
793
0
0
2986
92
9
5
0
0
1
5
0
0
97
0
0
0
7680
1
1
0
0
0
0
0
0
0
0
0
1
258
0
9
0
0
0
71
1
23
0
0
0
4
5
0
0
0
14
4
0
0
14
0
4
696
0
55
1
0
0
22
0
0
0
0
82
620
0
2
49
1
0
0
0
2960
0
913
43
0
286
7
122
9
1
1
0
0
0
0
18
0
175
0
95
0
0
0
6
5
0
1839
0
3
0
1
0
1
605
1
4
37
0
251
0
163
577
8
578
506
0
6
0
0
10
1
0
906
102
0
2
0
18
2
0
0
195
0
2972
0
31
0
89
0
1
63
590
0
95
142
0
0
0
3
0
0
6
0
0
1064
0
2
3
0
8
1540
11
13014
34
0
1
19
0
7
6717
5
143
441
8637
0
0
0
1
3
0
8
1
831
0
0
0
0
0
0
3
46
0
0
5
81
129
0
5
156
86
205
0
0
36
6267
534
0
0
0
0
0
0
0
4
0
6
0
589
18
0
0
0
19
1077
19
1146
4487
0
0
0
2928
4
2
11
0
0
0
13
181
879
11
1
316
1014
0
0
414
2486
27
0
950
17
1
0
5
1
0
81
46
1
0
12
8
6199
17
0
0
0
30
58
1
0
40
0
0
0
0
4
0
1
46
6
0
0
17
0
0
1
4974
0
4
65
1
648
0
0
1
2
94
339
0
13
0
0
0
914
1
0
0
0
1
1568
0
235
0
0
0
0
1
57
0
4
106
2
22
517
0
0
2
164
4
0
16
10
347
55
0
0
0
2
0
0
0
0
0
0
1
0
1
0
6
0
2668
0
0
5
0
1341
0
0
52
0
0
268
67
39
0
3
4781
1376
0
64
43
0
1
28
693
6
93
0
0
0
0
1610
7
0
646
0
3914
0
6
1877
6
3
0
0
0
0
0
1
0
0
0
0
0
6
5
0
0
5
13
0
4
13
0
0
1
0
601
8
104
5
109
106
1879
0
428
0
0
41
0
110
10
0
26
0
4862
0
2775
0
0
20
28
0
0
170
0
229
0
1468
98
0
141
5
2
4
61
106
0
23
546
0
0
0
15
0
0
0
14
3
2
10
1
5
4
16
0
0
37
0
0
0
0
21757
148
1001
0
0
26
1
0
2
0
49
73
32
28
2254
0
48
5
0
0
0
0
112
7
0
1
35
0
4
139
3
7
125
142
0
0
0
33
0
18
0
4
898
22
0
76
101
0
30
0
0
0
0
24
0
2
0
7
1
0
3
21
0
23
3
0
0
556
0
3086
30
189
5857
3058
6
2
124
0
2
9
465
0
0
148
36
0
12
0
146
0
3
3
21
0
8
0
5
0
7
0
3
107
0
1
0
0
2
1
0
0
1
3
20
0
28
0
0
1
5
0
1485
5637
0
2
0
3
0
16
0
68
0
4753
0
41
10
2
8
0
25
0
0
397
90
50
4
187
836
0
614
0
0
0
17
0
130
4
56
0
0
8
1
69
0
0
98
0
0
2
0
0
1
0
0
356
3
9
121
0
2
0
0
0
3
3
12
0
7
1
0
0
0
6
0
2
12
46
0
21
7
186
0
0
74
41
5
0
16
38
41
17
0
2
1
6
0
0
71
0
0
0
47
0
0
0
3920
0
0
10
0
105
24
0
0
5
0
1
0
12
80
0
0
0
34
911
0
0
0
19
0
1168
0
0
0
32
0
0
0
37
12
6
1290
243
78
0
20
0
12
4
752
27
1
0
561
0
44
0
1879
1
0
491
268
144
2
1
4
0
0
0
5
15
0
2
0
8714
0
0
229
1
7
0
0
19061
0
0
1
0
1
0
0
0
19
0
5
2022
2
0
0
93
0
0
0
5
4
192
0
1
8
0
26
2
1
68
1
626
31
922
25
16
38
4
0
10
486
291
5
4
0
0
47
1159
21
4633
14
43
0
0
1
1
0
14
0
29
1
0
102
1
0
0
0
0
1
0
0
321
3
19
5
19
689
0
1
4
0
5
0
5
5
3184
0
0
0
8
15
352
36
2
3
375
0
39
960
0
96
0
1
291
0
151
0
291
95
0
0
248
8
1
3
4
0
2
0
256
0
2085
0
0
0
1
0
82
0
0
0
0
12
0
0
0
30
4
0
2989
0
0
224
0
1
0
0
0
7
7
0
2
0
2
3
204
0
1
1696
2
7
69
0
0
70
0
1
0
0
11
5
0
0
9
1
1888
362
6400
182
2
0
21
0
0
0
56
2114
1
0
145
0
11
0
0
0
0
6
0
7
3034
1
5
3
6
2
0
0
1
38
11
1
108
0
1207
0
0
46
1
0
0
1
56
7
5
0
0
7
5
27
0
1138
0
1219
0
0
557
123
1
13
11
0
21
100
1
0
6
0
65
359
0
11
127
0
0
33
4
0
0
0
0
8
0
0
9
1
0
3
4
0
1
3
70
56
36
1
4
7578
744
7
3
7
7
3914
6
0
3006
0
240
98
1
0
0
1
1370
41
85
6
0
144
0
0
42
0
0
0
113
0
29
103
0
0
1452
0
0
3
18
0
0
1
12
0
0
0
0
8
3
0
33
10
18
0
1
0
0
9
5
6
146
1
2
0
0
0
66
1
24
0
2
10
42
1204
3
3
0
0
0
0
0
1
0
2
0
1
1
0
20
0
0
0
0
5
0
0
0
0
0
0
0
2
0
63
6
0
5
0
0
0
0
18
0
0
3
2
9
20
0
0
0
0
0
2
40
1
21
1
918
0
0
1
47
1
2
3
0
47
0
0
16
2
0
2827
69
1
867
2
30
2
0
729
3
1
0
114
1
4
0
45
0
0
0
108
1
0
1399
1347
1
0
0
0
0
0
113
19
0
0
77
4
16
3
5
4
0
1
0
2
0
1
0
247
1255
0
0
26
1
23
115
727
9
8367
901
0
0
0
3
4
0
0
0
5
0
3036
0
6086
290
0
62
0
0
1
0
0
0
0
0
33
0
0
97
645
0
0
1
0
0
0
18
0
0
0
3
4
0
31
545
0
1
138
0
27
1
1131
20
2
17
0
23
416
2215
18
0
0
2905
23
68
267
28
1
121
0
0
0
1
0
0
0
0
2
0
0
845
1
0
3
0
0
0
0
0
62
51
1
35
147
0
93
0
0
0
344
27
2
1
0
1
11
0
2
0
1
0
7
8897
0
4
2235
1875
277
2
543
0
3
0
0
1
0
0
670
208
921
0
8
0
212
0
0
5345
0
0
1581
0
2725
1
2
1
283
80
0
559
0
0
0
42
0
0
0
22
1
13
0
0
62
297
0
4
209
0
0
11
0
98
1
0
0
831
0
0
9
7
435
0
13
0
0
2
0
2
5
4
0
73
12
0
2
0
989
0
0
2980
1
1
0
5
13
74
0
3
4
12841
0
0
2
0
0
0
0
0
7
0
121
981
0
0
0
0
34
0
3
0
0
0
4
1
0
26
11
0
71
1
4
1580
5
1319
6
0
15340
1
0
5
310
0
1
11
39
0
1
0
0
0
53
3
0
33
0
723
27
0
0
0
1
1
8
1
0
46
0
6416
254
0
0
7
0
1
0
665
1
11
228
99
0
0
0
0
235
0
0
24
135
0
2
0
0
0
29
0
426
1554
0
1
7
330
0
9
0
0
0
0
0
16
25
6
146
1
6784
0
135
0
207
4
156
5135
2
0
1441
0
0
6
0
0
0
441
298
62
0
0
0
13
53
942
126
46
7
3
1
272
0
0
2
2
0
5
0
0
4
0
801
0
0
0
321
12
0
0
16835
0
0
0
0
0
11
0
84
0
0
32
129
6
0
0
3895
39
1
10
0
0
1
7
4
0
2
3
32
0
0
0
35
0
0
3
0
0
7
0
0
2
4
0
0
1
0
0
2
0
0
0
19
0
7
0
0
1
3
0
13
3131
1
0
0
0
0
0
268
3247
205
17
13
21
1
0
0
0
18
0
2148
1553
34
5
885
729
0
1
24
0
1
0
0
0
0
0
4
0
297
94
0
676
0
0
39
0
13
0
0
0
0
0
1
0
0
0
5
0
14
0
0
8
190
0
5890
8890
12
0
58
102
523
0
0
8
128
1
3
7031
48
0
2518
1
3346
1
0
0
1
0
1
1
0
14
27
0
185
2255
2
501
0
0
7
40
25
1
0
6
9
453
56
4
0
0
0
0
0
0
0
0
0
0
16
0
0
153
0
0
0
0
792
51
0
5
0
42
0
2
521
0
0
1687
98
20
151
233
5
18
3143
28
8
888
0
0
12
763
0
17
4
0
0
3333
0
523
7
20
11
626
827
11
0
103
0
439
76
0
9
0
0
0
0
0
0
1
0
173
0
0
0
0
0
0
83
9
16
31
0
0
711
2
0
54
1
1376
0
5
1
21
32
919
300
0
0
1
0
774
1
0
6
0
1
161
0
940
5
1
0
0
12
4
0
230
2
0
0
2
13
7
0
15
5
0
0
0
0
6
68
0
0
0
0
0
8
793
2
0
2
13093
7
11
0
126
0
1935
1
0
2
62
1
0
0
104
25
2
78
1
0
1
415
0
0
0
0
3090
0
1
0
0
7
55
0
346
0
684
0
126
3
0
13
0
156
0
16
828
0
0
0
0
0
237
1
0
49
32
0
19
0
9
0
1
0
101
4
0
0
4
37
48
0
0
17
20
0
0
0
0
0
1833
0
17
0
0
134
1
148
0
9
0
19
0
0
7
47
1991
7
6016
0
0
0
0
28
0
0
0
0
18
29
27
419
0
0
0
0
16758
0
0
0
9
39
0
0
32
1
1
5
0
94
2
0
4
6
0
27
0
189
25
19
0
0
7191
171
24
1
282
14
915
104
1236
2
1
1
7
0
0
0
0
0
0
1
1141
0
880
0
0
0
13
0
0
0
14
0
1
0
0
0
0
0
44
0
2
1966
0
0
0
0
12
0
1
5
0
8
50
0
0
95
0
1
0
0
0
1
1
0
13
1
12
76
0
7076
0
2184
0
64
0
0
0
0
0
0
0
1
0
41
7402
505
6
0
0
0
0
43
0
0
169
5
1
8
0
0
0
0
1606
0
0
6
4
0
0
0
1
130
0
8
0
0
259
0
0
0
29
0
275
0
198
3
0
0
0
0
365
985
5
11
0
6
51
0
0
0
1
0
0
0
0
7
109
220
253
1026
0
2
1786
0
0
17
0
0
14
2294
0
12
0
0
0
0
2
0
0
0
0
0
0
0
5
0
3
0
0
0
7
0
0
0
99
1
44
0
0
0
16
18
25
0
0
603
0
0
1
220
57
1
0
0
0
29
0
0
39
4
0
2
9
0
1
376
2
0
0
37
0
0
7
4
0
0
681
375
0
0
0
0
0
9
1
0
0
0
3
0
0
13
0
36
0
0
1
3
9
0
0
0
0
3007
0
30
2
1
0
1
0
174
0
0
0
0
0
1
31
0
0
689
0
0
0
0
0
5810
1904
0
6
0
0
1
0
19
7737
2921
0
0
0
69
0
51
3
0
1
5
29
0
0
0
2
0
22
0
0
48
0
0
1280
0
0
7
0
5
0
0
1
0
0
51
5
1
9
19
8
0
1
0
0
0
0
1
255
1
1
0
0
1225
1386
6
0
0
0
0
252
2
0
0
19
14
0
0
5
0
0
1
5249
24
0
0
0
0
0
36
6
3
327
0
0
4
0
1
0
6
0
16
0
1
1
803
3
1
0
0
0
0
0
0
0
2
0
0
819
0
24
65
1820
22
0
0
18
581
1
0
2243
12
1
0
0
1
0
0
2
1
0
0
2
0
0
34
42
0
0
3
0
0
2107
0
48
0
90
0
0
17
0
0
0
106
1
0
0
17298
147
2095
320
16
147
4220
38
5071
12859
147
7451
169
87
7637
160
4498
0
724
314
994
14562
1643
16692
4298
4298
100
16692
2388
12963
43151
28903
38
28903
38
12859
6669
87
12424
11480
6
17509
1887
766
14027
7637
27491
1379
4936
7489
4220
73
190
4220
147
6973
21425
274
0
1678
9926
4343
797
14683
8
20734
13
1559
2883
0
2
4716
12155
516
11691
0
156
15666
0
12232
5059
4135
522
22
194
292
114
1559
6047
56
79
25798
0
53
1
1
4
8
4716
77
5
12
4252
2
31
2
40
10092
1507
6
0
3767
13944
123
786
2102
1
38
27642
2
262
34
124
9520
20
0
41
11
6044
2
4181
0
1
156
93
6154
26
106
4
1613
8
11
8
1
17
24
38480
55
1918
7
0
5983
10
189
1
664
569
78
0
111
0
7
5064
204
72
4
14
11
0
270
40
130
1
2
5162
1
62
9521
927
10
2
1
0
10303
5
6
5794
1
10
681
8831
3
2133
6
0
124
1090
270
5415
1
151
14
9445
0
16
127
1
963
3
431
73
4
1
689
2
1
0
0
2
2722
15
106
0
56
6226
85
1084
3
22
1
0
120
460
1
1300
3
0
138
29
10
17
191
0
10
0
407
24
367
8335
0
1708
363
257
29
136
0
1608
0
243
1
15481
1
24
0
58
2
1335
0
0
1
3
1318
13484
0
14
4
1
14549
11007
20020
339
105
29
0
31
4
605
1949
20
0
0
167
1
1815
20675
43
0
8371
24
0
11
2
2
5443
91
0
0
7
10969
3
1
6
1
0
2
53
1
0
3
0
1
15737
1
17
29
2
3
24
134
406
1
3
5737
48
535
0
2032
32
5987
151
0
10
43
1789
0
17
1
499
14
53
948
1
126
1
2
10
153
7
228
22
1261
0
3127
46
67
726
0
13
932
5
893
8
143
0
4970
28
14209
57
0
1
3029
4244
0
0
2
42
1
0
10
1
1
0
9918
5
0
16
435
0
0
87
186
56
19
1396
2558
22
4
2033
1
7
9806
1223
9284
8
0
6
3
1
196
3675
102
6
3
0
1
4
173
67
0
6702
45
0
1
5
1599
0
50
890
3689
25
3240
0
101
1399
0
1
286
354
0
4906
0
0
8
437
11
13
20
82
0
0
4
36
1498
2
1
2
0
785
337
0
18
0
6957
8
518
0
2
0
3322
0
0
17
7
58
6708
2515
4
0
1
187
11
0
9
5
0
0
8
4505
0
0
109
93
3
410
0
0
0
161
102
1
0
1
0
81
1
0
0
506
956
0
0
1
1
10353
0
173
120
2
0
184
0
6401
30
2
9
87
1
1
51
1400
157
0
0
40
0
15
0
0
374
0
1
2
99
0
13
20
5
0
88
0
8
4
2970
1463
10
0
2
0
2
135
114
2
0
1831
221
63
2
1
131
24
8
0
0
1
932
9365
0
140
35
0
0
424
30
4
3
3720
0
0
708
196
1
48
0
10451
0
105
6
45
5444
32
9
3
1
439
0
0
539
41
5
3
29
0
0
30
1
417
1
18
9
19
0
28
0
0
7617
0
100
200
0
0
3
0
5
102
0
2
9
1
37
148
74
15
0
14
27
2
22
0
4478
10
1
2569
1
7
1
1072
0
163
0
0
1
5
71
0
0
256
2346
0
4
292
13
102
1
24
0
24
17
248
1224
0
205
2
3
3
58
16
0
230
22
10
0
1061
701
4
0
0
0
9
5
58
10
645
913
0
0
42
3
0
89
0
0
230
6
3
9
0
2
0
73
0
0
0
0
554
245
15
25
77
0
1217
215
0
5
7
4
1
3875
3213
0
1
0
4
1
0
3
0
7
3468
2
3234
5051
1
520
4
19
1
39
20
965
0
431
0
1
6
10
2650
0
1
15
8
0
0
7883
2
0
0
29
5
6
5
6712
48
0
8
335
25
23
31
0
1
462
17
9
1635
4
0
12
2
0
0
125
1506
560
0
0
3
16
0
220
0
81
17
65
17
3319
676
15
11
300
3
0
29
10
254
0
0
1
0
278
2
168
67
27
6
19
21
64
1
1553
0
5
51
203
588
195
2
3
0
34
110
1
301
1
26
92
33
2
14
22
2
11
2
52
0
0
0
0
1
83
0
34
8362
7562
190
71
0
0
0
7
5
0
1175
0
0
1
142
170
11
21
475
0
0
12
1118
2
1
6
253
0
8
0
0
16
0
12
0
136
0
3
1470
168
0
242
24
1
40
3
0
0
0
597
0
1053
3320
1
14
46
4841
4254
9
48
5
99
0
9
1092
0
0
1
1
0
1
1
28
0
1045
0
1
23
16
1
1649
34
1
0
0
152
0
24
1
1
3
0
611
318
0
0
3
3
3
0
3
16
3
0
103
122
88
3
0
0
0
1
0
111
0
1
0
2341
0
310
302
1266
0
0
0
8
61
0
7
1211
0
0
99
24
9898
5
538
0
9065
475
266
8
8
0
2
5
140
564
3
0
3
0
415
130
259
0
3
3
0
0
273
1
0
869
193
11
2
10
152
1
35
7
0
0
559
7148
0
207
0
1
371
0
11334
294
0
0
16
57
3072
1
14
6
0
0
9
8
0
4
253
602
0
1
15
0
0
42
1
106
0
0
1
67
218
0
1129
6
7
1
0
1325
0
4
0
0
34
9594
464
0
0
0
0
106
5
43
102
2
3
20285
3
839
2
0
799
1031
35
0
176
4
4
0
26
8128
1
4
0
0
0
0
0
2
5271
0
35
832
0
2660
316
5628
0
3
3331
0
5
2
10
0
0
1
294
0
3
1
1
26
0
12
1
0
1045
1
209
1
131
144
0
2
1
86
0
575
0
1
271
7
0
3
1
1
0
89
0
1
0
2
0
713
0
1011
0
10
0
0
658
1
986
11
0
54
1
0
534
1047
4
51
0
8
4149
114
0
3
59
9
0
5390
0
0
1
343
103
0
0
63
23
0
1285
24
2471
0
6
0
2
1
0
2
1
39
0
0
11
0
0
7
14
1
1
816
92
2
1
2
0
0
0
1
6
0
169
918
0
0
1
0
2011
0
5
2
1
1
0
893
1811
0
0
33
9
8
1
260
0
134
1
0
0
8
86
0
13
3
5
2
318
0
0
0
4
1
1010
8
206
1
14467
102
2
17
0
217
0
0
272
0
0
151
1
20
0
1
25
0
2
4
0
119
11
0
32
6025
1697
5
14379
1
32
5
0
13
351
71
0
139
11390
0
0
5
383
14
36
0
7
0
0
255
0
1
1
0
0
0
461
11
3
0
1
8272
5
107
1468
395
1
0
0
13
0
8
0
2
2
27010
10
1
52
5
1
141
0
12
57
3
3
10
0
0
0
17
3
1391
79
1
1
36
5782
18
102
0
51
0
0
4
8
38
145
2142
2
5
2419
4
0
7514
32
0
52
0
40
38
12672
1
0
2061
0
0
5
0
0
0
124
0
2
2
2
0
0
0
699
17
453
252
0
161
0
0
0
10
2
0
115
1007
4
1
129
72
0
29
256
0
23
47
0
449
26
0
0
68
7
0
792
0
289
143
0
0
0
39
1
83
27
218
1
1329
1501
4
0
1
20
49
4
0
2
0
0
0
14
1
1
3029
6424
19
0
0
1
6345
63
0
0
5282
1383
22
0
2
1
114
2
0
2
0
2
0
638
243
0
3
0
2
0
0
32
4
3
2
46
97
1
90
283
2
23
0
21
2
2
3323
82
1
0
21
1527
0
0
6
0
0
0
67
70
337
12035
0
0
4
11
132
86
172
24
509
1
2
30
422
77
157
264
9
0
4
96
2358
0
2798
26
0
1
0
0
2
2
4
3
937
65
0
904
564
51
2
0
0
7
0
3
0
25
1
1
6
25
6
30
115
354
2
14
16
1
16
0
2
225
110
454
13
1517
2
1
133
0
0
99
0
16
14
168
2
7
3600
0
728
3076
21
2
14
0
0
2
4
0
4
6
0
16
14
0
0
0
417
879
0
8
0
3
70
0
6
0
1743
1
0
25
0
10
0
2
23
40
2
7
13
0
1
962
0
14
1
14
9835
0
0
55
0
458
0
4
0
0
6
243
8
5
185
6
1
135
0
18
1
3372
10
0
23
4
0
494
9
0
1
103
0
1
0
1
0
0
1
0
1
524
447
52
9
2
0
0
0
64
0
28
0
0
74
0
29
4
0
59
2
2
5843
15
2
134
0
215
250
0
8
1
1
0
25
49
2
0
2031
56
1
0
0
0
0
3221
337
0
1
0
113
34
16090
205
0
54
0
0
0
4
1
2
0
5
2
0
111
68
0
0
0
78
0
0
1
58
0
1
0
5159
0
1
0
19
15
4597
0
0
484
536
367
56
0
110
9
0
2
0
5
3
0
1
0
0
0
7
0
22
1
3
0
0
6
21
2703
5
80
2294
152
1
28
1077
1
44
10
0
42
7
0
0
0
0
26
0
2
1
4524
0
131
0
1323
1
40
40
22
0
2
0
11
9
0
37
0
0
1603
0
0
39
0
2
93
5
0
0
0
0
422
7
0
363
600
28
21
103
4
0
242
2
122
124
12
87
2
0
0
133
0
2
0
1
0
1
0
82
0
0
1
0
0
3
132
66
0
2
49
1
1
23
1
503
528
30
2
0
14
0
231
0
879
0
200
1
0
0
0
0
0
0
0
0
501
1301
0
1
2
0
0
1558
0
0
27
5
111
0
0
0
1
0
0
0
0
5
6
913
7
1
2
3
1790
40
2
0
55
249
0
5
0
9
16
1361
3
0
141
0
0
258
0
1
1
52
0
4
0
10
190
825
0
2
9
197
90
0
11
30
4
437
0
36
7
1
0
0
52
8
0
2
1
2
5
16
3
0
0
1
1
0
0
0
0
39
0
0
496
2
536
38
3
0
0
6
4
1
0
11
0
5
7
3
24
0
0
2095
4
0
0
0
0
26
0
2
4
1
2
1
1
76
1
0
10899
6
0
1
135
0
1
110
0
0
385
1779
2
0
1
5
0
0
0
0
2
2
0
0
0
3
140
1
903
4
2
0
128
1
0
1443
64
0
20
2
408
1
1
0
817
1
0
2
222
0
2
0
1361
0
2
0
0
1
34
0
1
11
0
0
7
0
1308
28
2450
10250
69
64
0
1
2
0
0
1
2
8
26
16
0
820
2
0
3
1
0
65
34
3002
15
0
466
242
0
17
0
428
2
0
511
0
2341
10
0
43
3
21
0
135
0
4
19
194
0
40
155
310
4
3
0
32
0
6
8
561
13285
2
1
5
0
1578
1
0
800
0
1
3
25
18
8
0
35
0
5
6873
59
19
19
0
58
0
0
3
0
1
2414
99
3
259
41
1
0
0
0
0
0
0
1252
0
0
4
1811
0
2
20
0
0
0
0
0
0
1
252
70
2
0
0
2
534
15
0
27
0
0
9
0
5
2
0
17
0
8
0
24
6
3
0
0
0
1687
1
0
1
786
2864
0
874
3
1
63
0
0
0
0
1
1
1
3
0
1
0
0
2
0
2
714
0
0
83
0
0
0
0
6
3
17
4
4
0
7
0
13
257
66
0
133
142
0
118
9
18
3
1325
0
1
0
2431
4
0
19
0
0
2
411
1
1356
0
152
27
0
6
0
21
11379
4
35
1
188
41
2
314
2
321
20
0
4
2
0
1
231
2
7258
0
56
0
10
12
0
5
10
0
1
44
0
0
101
1
3
0
2
5
0
0
18
2
143
2
0
0
5
554
1
0
193
0
0
70
4
0
0
35
0
26
4
2291
0
25
69
646
1
0
5
9
1
0
1604
2050
74
6
3
0
2
7
0
1
0
3
4
1
0
103
59
0
0
10
1
917
0
120
57
274
6
0
47
12
1
81
12
21
0
35
0
1
1419
5
0
7
3
570
23
4
0
65
0
0
0
0
2
2
12
0
14
0
72
8
0
0
0
341
0
5096
36
8708
0
0
0
62
2
205
0
0
1
9697
0
0
1
0
1
2
0
0
0
10
0
0
29
4
11
66
32
318
28
0
53
38
0
0
0
1
0
2
4
1
0
0
1
1
1
3
6
2
9
0
63
5
277
0
64
0
49
0
0
80
682
12
19
0
0
11
1
0
2
1
176
4
0
2
18
107
0
6
9
1
1
0
0
0
0
2
0
0
66
301
77
16
0
1398
1
42
0
1
0
2
0
1
41
0
0
16
4
107
13
28
0
0
853
3
14
9
13
0
1
8
0
0
124
2
32
76
0
106
18444
8
1
5
2
0
58
806
2
0
0
0
1
0
251
0
0
0
0
71
0
0
423
9
1257
8
8
13
168
208
648
1
38
32
3
204
15
0
0
0
0
56
8119
81
206
79
4
0
31
1023
7
10
768
4
10
0
0
2014
7
665
1
2
72
1474
2521
1
33
7673
3
2
0
0
26
10
928
0
28
232
0
0
478
3501
62
0
1
0
1125
12
692
0
1
1
0
7
7
9125
0
0
0
3
21
0
0
0
0
0
981
5
3
48
0
0
0
0
10
3
43
33
939
4
1
1563
4
6
0
2
14
127
0
0
129
70
0
3
0
2
38
19
7727
0
90
0
1
4
2
1
14
0
0
0
0
4
7425
2
255
0
271
1
0
1
21
43
24
0
0
45
0
0
358
945
2
0
2
2
51
0
10151
0
0
4
15
202
0
16
1138
3
17657
62
0
1
37
103
3
0
12
11
0
0
0
0
29
0
527
13
0
1
0
20
1
7
1047
33
5
0
1043
50
14
0
2801
0
0
0
26
2
55
7
0
0
8
0
8
6
0
442
0
39
183
462
94
0
107
0
4
16
0
112
2
88
88
2
13
2
4
5
118
1
114
0
0
3
0
1
0
366
0
0
0
16
1
17
0
0
0
889
5
1
0
0
1596
2
679
0
1
0
5
0
0
0
5
6
0
9
3
0
0
0
0
2
418
13
0
730
0
225
20
17608
214
1
1
0
2732
0
0
288
259
0
5
125
2
43
0
2
0
0
43
111
0
0
1186
8
0
20
10
1
1
1
1
26
1
31
0
0
4
11
402
2
1
61
0
152
6
0
13
19
0
0
10
2
1
0
1
335
0
5
0
0
0
7
28
30
146
15
170
0
0
0
0
0
25
31
0
0
417
10
1
0
2
3
0
3
856
3
53
0
71
79
0
1
16
5
0
1393
10202
0
0
0
2
23
3
67
1
223
6
20
16
29
4
428
0
2
3083
5
32
0
0
234
1
3
11
25
0
5
1
1
0
44
5
0
1
41
1
0
0
0
1
32
4357
0
1
2
1
0
0
0
18
3
4
158
0
2
0
15
0
4
20
16
0
0
0
1622
0
33
11029
23
177
0
1
24
0
0
0
1
93
10
0
58
4
0
0
2
0
1
321
4
104
0
0
1
2
1
0
0
0
0
0
228
0
4
130
0
0
9013
0
1
6
3
107
0
0
0
5
0
4
0
210
0
20
50
87
0
0
0
11
96
41
12
2
0
70
0
6
2
0
106
0
26
71
0
1
35
0
1
5
30
1
0
0
205
0
121
5
2
0
0
44
0
0
3
257
1
4
46
0
3
68
2
0
61
0
115
0
53
0
0
75
9861
11
0
0
0
0
0
79
0
9
693
0
15
1
2
1679
120
387
0
366
285
12
10
1
10421
3
0
37
220
1
1
0
6
570
4
38
293
6
0
2117
1
148
0
1741
0
0
2
5
0
9
5
193
319
0
1
0
0
0
3
0
0
32
3
276
1732
0
674
0
2
0
0
535
0
17
222
0
0
21
0
504
0
1
0
0
1
1
0
113
64
385
691
55
0
0
0
0
3
37
0
0
0
0
16
23
0
1
83
26
1
0
95
453
162
0
15
0
249
6
0
847
275
1
11
0
10
0
27
0
70
349
0
8
0
7
0
1
22
0
1
0
0
13
40
50
2
35
0
1
14
0
1
0
4
0
0
1
4
208
0
0
1
2
21
0
0
101
0
2
0
20
0
6
136
2
0
0
0
0
0
0
2
0
0
2
0
0
0
1
0
4
10
13
12442
6608
0
0
1
4
1
0
40
4791
3
0
18
2
16
4
0
293
1083
0
0
11
0
34
4
13536
11
9
7
10
0
4
81
3
2
0
4
1277
0
1
0
0
3339
1
1
18
0
5857
224
317
0
4
0
4
263
10
43
0
0
393
0
1
3
0
61
0
2
7
0
163
2
0
1
39
13
5
0
12
3
0
9
2
148
2040
0
0
0
21
0
58
0
0
0
351
2
1
0
1
0
0
0
31
2399
2
7
4
1263
8
517
806
1
0
41
0
0
0
0
0
0
5
0
31
1
1332
416
46
34
44
64
1
20
1
2
2
0
1519
2913
0
2
0
0
94
52
121
22
4
0
3
0
22
64
13
142
0
2
1
0
4
1
103
1
0
8
106
29
0
0
0
1
163
24
0
0
1
11
4272
10040
145
0
0
2
170
11
2
3
35
0
9
2
0
0
1594
0
0
0
11
1
0
0
45
0
7
13
0
102
63
0
14
7
93
0
21
1
5032
0
2
14
23
1744
2
0
0
0
0
23
3
0
18
2
0
0
0
456
0
2
12
6
114
5
53
474
0
0
44
1
4
0
2
0
11
0
9
118
0
0
0
21
1001
0
0
0
15
4
1
1
87
1
75
2715
48
15
0
11
0
0
2
2
0
0
1
2
4986
6
1
209
0
0
1
1179
2
26
915
0
1
36
0
1
19
0
352
17
0
0
30
7
1357
1
0
1
0
0
0
2
83
3
1024
16
1
5439
0
53
2053
16
4
73
0
31
1
6
16
0
0
3
423
1
153
46
4
0
0
14
37
0
0
0
5
0
57
3
2
0
333
10
2
15
417
2
14
3
515
0
0
93
4
0
0
9
11
3
781
81
413
411
16
366
72
3
3
0
0
195
0
0
0
0
3
33
4
18
0
4
0
0
0
0
0
41
3
35
6
0
0
9
1
0
3
1
0
20
2026
1696
0
0
12
0
0
0
3
13
0
1
4
7
2
2
15
0
0
0
0
478
0
0
0
0
0
9
0
15
0
9
29
7
2
0
19
3
20
0
8
0
0
0
354
0
1
185
7686
10784
2
92
21
0
78
5
0
10
1387
0
0
0
0
0
0
0
311
1
0
2
0
47
98
3
0
1
1110
0
3
42
3
15
2
2
2
0
1121
0
0
29
5422
0
2
5
3
0
0
16
0
0
0
20
0
0
0
1
0
0
0
71
1
0
2611
1524
1
4257
1407
2
2
0
2
0
1338
7
0
1
4
0
0
0
152
1
3
0
676
48
3
0
2
442
0
1
1
18
0
116
1
1
5
6
5760
508
0
3
48
26
3
1
2
2
0
1
237
0
1
0
0
786
0
9
11
43
1
0
19
0
0
1
1
0
5
3
1
23
36
0
69
0
2171
9
0
10
0
20
4
0
3
0
66
0
2
4
77
3
3
11
0
1
1
37
13
0
1
12
0
3
53
0
769
3
0
0
0
3
0
0
2
25
2
3
9
1
1
0
53
0
0
0
1
0
2
6
0
24
4
2
29
4
5
0
4
0
12180
1
9
0
2135
33450
274
320
42498
13892
320
218
4693
160
38
9892
12859
320
7512
38
6
18167
23983
9571
87
169
4323
17604
17653
87
27
11480
847
314
30460
1379
87
6712
185
0
20717
87
8300
320
19508
2095
6682
249
2776
20981
35763
1882
147
169
8
0
5403
440
38
1709
5104
20981
11658
1960
73
424
45
39493
6
0
1
575
70
5030
2731
660
6
1
46444
4
140
36
32
9164
62
11
26455
25
9598
97
40
4
0
7366
779
42
0
0
19
3767
4070
2
2194
4135
1650
21
3541
162
133
1069
22173
1008
16
51
2
2
25
35
4463
2886
1
595
135
418
6
10615
644
0
557
7745
265
1
141
2510
45
0
0
5
9
0
544
536
0
0
279
852
3935
0
2708
1001
1
0
12
20
39
15
4090
1
294
10
8650
619
16
1
78
0
4
6887
1
68
3
313
0
129
2376
23132
29
73
6
313
1057
24
19802
26
0
1
0
1
264
19811
13
3
4048
120
163
31368
22249
100
0
0
1
3
9728
26
0
3673
5171
9
14707
0
2
24
2459
0
28330
185
3015
0
18
10
1
0
4527
6
6108
1669
4861
10
2
14952
22
26
0
1
293
1937
3648
0
70
51
6
103
2
0
0
9981
17260
141
1
8
0
1
67
2991
6
12644
8534
1591
3
3
55
176
72
1
9438
168
62
79
6565
6040
2
176
4
223
0
0
70
1
1
4
0
9
4
0
0
82
22
5502
10
162
3
277
0
142
0
0
54
0
0
6
0
9
295
0
0
6
29
19
8
2
1072
0
149
5
1605
0
799
31
1004
3
621
8
472
295
1
0
36
1
10
62
0
1
1
960
8
42
7
0
238
211
10
3775
24
1340
2424
0
0
0
44
3008
15286
5966
0
0
43
40593
3999
0
0
0
442
12
0
0
1
0
4
5452
0
21
419
0
2274
72
1
0
0
3153
321
0
9175
174
0
74
2
108
4
34
467
1
12
48
18
3660
0
90
9
1
224
0
14
13
19
0
4
5
0
344
1
23
24
0
0
8
0
0
1
0
372
0
815
74
3886
6430
14815
0
1975
0
52
0
90
124
31
145
8
33
0
36
1586
119
44
4
1925
1
0
125
199
52
3
8
0
608
1
2
1268
0
2
749
513
0
1
8
1
497
86
2
2
216
227
335
165
17
49
0
6
18
505
863
2408
158
5
9011
41
0
1
7244
26
15
1
0
0
6
0
1
3290
0
33
0
10
2
1
329
579
448
161
32
13
0
84
570
4
0
0
0
0
1523
33
0
8586
262
64
1
16
1
2
5
8
0
14
32
4
25
46
1
1
15
43
3752
60
1
1319
12
211
27
60
66
1
160
51
0
1
0
9
1246
0
56
1
0
101
0
301
0
0
5
360
1
639
1
1
0
2
0
0
1035
5866
0
57
0
4380
39
222
1
7
0
4
0
248
0
1
694
466
0
0
1
0
130
179
639
251
0
1
699
2
51
0
0
0
17
347
1
95
88
15
2
37
1124
1
1
2
0
61
2251
1
1
17
5841
60
1
191
9013
1
241
0
26
580
2013
0
0
263
12
12
2
2
244
31
0
0
0
0
4
0
0
60
13
0
132
191
9
1
62
122
0
3
97
797
0
2
45
7
61
0
15
3540
4
0
0
1
4
2
62
0
4927
6
12
3
610
1
0
0
44
0
6
50
2
0
1
5378
2
11
115
0
1
0
1
156
7
193
0
16
5
68
4
1789
0
1
3554
71
2
4596
5
47
0
58
0
0
0
0
21
4
2
5
1
746
0
0
1
1
0
56
110
46
5
0
6
78
236
2597
0
154
1330
8
1
32
0
82
1
1
4
18
777
13
0
2572
41
218
0
88
0
351
115
51
0
0
65
1
0
20
1131
110
156
0
11
0
169
8
0
205
103
17
0
0
0
93
514
0
0
0
142
30
0
3
1
1
6
878
31
1
124
8
0
0
39
159
7
23
961
147
12
2
0
7
0
46
0
0
95
775
8928
3
346
426
0
2607
24
681
0
756
1
1
62
0
22
0
1
39
31
165
0
823
1
11
0
0
19
32
8
0
12
0
0
6
0
1
7757
163
0
38
180
0
10
12
0
0
5
3210
6
8
147
39
0
0
363
98
3503
0
0
8
4931
0
30
2
55
820
13
0
1
12
688
112
161
0
437
32
3389
0
242
1
5
80
1
8
61
0
53
15893
0
46
16
0
20
0
0
1
0
38
3
0
15
0
0
5
0
7
0
0
0
0
343
3285
4
0
5568
620
2
1
21
1
35
8
1
0
0
1
6
4
2
68
4876
1636
265
0
3340
10
3
0
2
18
56
18
0
0
2043
2
3
0
0
0
856
1
0
1
3
1
9
630
27
2
0
0
0
0
0
1147
0
23
0
2
1130
69
0
12
381
87
3
1
624
0
26
12
0
172
12
22
0
1332
0
210
6
2
0
0
487
0
7
14
85
2
12530
0
0
196
28
0
2
0
411
5
0
984
52
1
0
4
676
26
252
0
0
0
0
116
7
28
0
0
2
5
1
91
0
3
7
328
1
17
3
8
3
401
2
1
50
0
81
2
15
1
10
0
13
0
3505
172
30
184
0
4
10402
0
26
7
15
1
20
0
0
602
1
81
0
247
538
8
0
377
253
0
0
1
0
8
1
254
0
1
40
80
0
0
0
255
63
0
1380
517
52
261
0
2
2
10725
1
6
0
974
0
5
0
0
3520
5460
16
2245
0
365
498
1
1014
1833
48
0
26
993
26
4822
0
17
1
0
0
0
0
664
38
6
2
327
403
21
107
7
118
14
2
0
455
15
0
5
12
9
0
0
2
0
40
0
7
0
557
44
0
288
0
2
0
0
0
1603
67
71
0
0
1
0
0
16
0
3
1036
1
5000
1038
318
337
0
34
69
1
64
1
1
88
190
1
0
23
13637
0
1
0
0
0
0
2
3
27
0
62
0
0
108
770
0
7
0
0
26
520
3
2
0
0
0
928
60
1780
5
1
95
9
2
38
5305
1
0
0
2
1
0
1169
491
7
1
7
36
1
8110
2
15
128
8
153
312
0
31
0
1
42
7
56
1
0
26
1
1178
3
1463
26
0
26
3
383
3
4
1486
0
0
28
5
0
6
38
12
0
2
16
6
9
2029
13
0
208
8
2
0
0
2
5
253
2934
0
4
0
7
0
496
0
122
1
0
10
279
243
689
0
265
17
0
1
6122
7
0
11636
0
2770
60
0
29
0
141
165
14
2176
83
0
22
48
0
418
49
0
8
0
133
1
9
0
130
1
0
0
0
2
0
36
0
58
1
1
9
2
0
17750
2
19
7
0
17
182
1
5
147
5
0
344
96
0
3
0
0
1
1460
13
779
0
6
3
2
0
0
1
0
1
163
0
230
0
7
959
0
0
7331
0
50
118
28
0
1238
0
1
0
1
6
16
3
0
0
0
28
15
0
61
14
0
1
383
190
4758
48
0
2
236
2
2
5
2
917
0
7
29
2637
111
0
0
0
0
45
0
0
0
2
2
21
1
714
32
776
9
13
0
13
22
6
0
522
214
31
2
0
0
0
52
34
0
9
75
21
6
0
0
0
1
1
0
174
0
224
13
27
0
0
0
0
1
42
0
180
7
0
1479
2
1
5
0
0
55
3
0
0
0
9
3
6
1
0
0
1
2035
51
0
1
41
480
12
1
0
179
0
144
0
0
36
0
0
0
46
873
1
5970
2
4
2
0
0
0
0
14
1
1
1
0
198
1
16462
0
52
0
70
87
0
3
0
3456
8
32
6
0
0
0
2
0
0
0
10
61
10
0
353
3
0
585
4
5
91
2
68
11
0
1
0
3
6
6
13
35
25
0
0
0
1
1270
0
127
1
31
1
0
42
0
32
2
0
0
5
479
8
5
58
4
164
15
119
0
0
1
4
0
0
8
0
0
0
0
0
0
1372
0
0
0
8
2
0
114
8
1518
475
0
1
391
6
0
36
33
0
37
0
156
1777
7
0
0
162
0
527
4
0
0
0
2
2
1482
0
3
0
6
0
48
202
1144
123
0
12
1783
85
2
1
13
1
0
4
7048
4
289
2078
0
0
0
0
23
94
156
0
0
553
0
0
0
1
0
50
1
413
1
6
0
1
9
100
6
2516
3
7
0
1
13
1737
0
1
0
5
23
3
237
0
1
1
0
0
68
118
0
1
2
0
43
0
1
0
2248
0
40
7
137
1
0
567
11
53
431
2
209
0
2
32
4
0
0
0
0
0
4
0
0
2
0
0
2081
29
0
1
0
0
1
1
16
0
234
0
0
0
0
44
0
0
590
25
779
4
0
0
18
0
1
0
7
8650
0
0
0
0
62
1559
4565
33
64
1
49
0
575
1852
0
0
609
0
370
0
0
328
0
0
6
7237
0
0
1
10
47
0
595
11
0
10
9
7
1459
12
595
1082
6
80
0
34
118
3
0
2
0
0
0
0
11
3
0
5
216
661
79
1
0
89
2
1
129
2848
3
12
6018
1
70
83
50
0
14
2036
64
0
2
233
0
219
0
0
0
0
4
0
0
1
28
59
42
14
4
2
171
0
168
0
0
88
0
1
2
59
6
0
2
12
0
1
0
37
37
7
1
0
12711
1
0
6
3
823
0
0
36
282
0
116
943
3
12
0
2
8
13
4665
0
5
10
0
9
0
5
160
0
97
5
0
0
1
21
1
2238
64
0
0
239
146
9
4
0
19
1
0
120
6271
2
0
2
0
23
3
0
0
4
0
0
13
0
135
5
126
0
5
0
0
0
3
0
2
1
0
173
0
0
22
1
1
2
165
1171
43087
0
0
692
0
0
15
0
0
2
6
2
508
37
0
0
1
11
0
0
7
2
27
65
169
6
0
0
1656
2
0
1
4
29
5
0
1
0
596
0
1
185
0
0
1
5
47
50
0
0
0
0
0
0
1
0
23
0
2
0
7
0
1
0
0
17
0
2318
0
2
36
1297
0
2
1
0
0
7
0
10
2
2
9
0
1
0
13
0
0
309
6
1
0
13
0
1
0
0
9
21
129
0
20
0
308
209
0
338
0
0
188
1
3
21
13
547
12
20
1
0
16
194
9125
0
34
0
0
0
0
0
2156
6
0
0
46
0
0
0
25
0
5
45
8
76
105
51
21
295
0
122
0
155
55
4
3
18
1
703
33
15
13
44
0
4
199
1
1
75
1338
0
0
27
0
2322
10461
86
9
0
0
15
0
0
1
0
1
2
717
1
0
32
28
0
23
2
1
0
2754
32
97
0
245
6
0
21
7
0
216
33
33
0
0
1737
63
0
0
8
16
28
2
123
0
6
16
8
0
0
0
0
7
10
2
11
0
14
12
0
9
1595
1
7
107
3
52
1
29
3
1506
1
96
0
0
0
4
1574
595
122
310
10
0
0
21
0
21
13
2
0
19
1
148
2
12
20
1
179
8
0
0
6
13
284
17
508
0
57
89
0
325
6
0
1
3745
0
44
5
1938
1
0
3
0
2
71
703
14625
0
2079
99
0
10
0
5
0
0
4
0
4
0
58
18
0
0
4
48
0
0
211
1
9
0
0
0
20
0
0
1
1
46
2479
0
57
158
32
67
2
48
0
3
32
0
901
1
0
97
0
17
2
0
0
0
370
10
29
2
7
0
2
3
229
0
1830
1
23
0
0
0
0
92
0
0
1
0
1
19
12
0
0
12
13
6
0
0
0
0
0
0
0
0
18
457
0
16
90
60
0
206
0
1
1
1
2
190
0
0
1
77
33
0
8863
2
347
0
1
1
2
72
3
1
2
56
0
2
0
0
0
3894
11
0
0
69
1
0
1011
0
0
81
2357
0
0
1
12
28
10
373
0
0
1
6
1
602
13
1
274
1
4
4
0
0
0
6
46
0
18
5
141
0
0
7
53
0
0
2
0
18
0
18
295
0
40
9
0
0
6
2
0
3
615
544
0
2
0
0
1
3
1
86
13
0
186
17
1
114
3
1014
0
102
0
4344
0
5
1
1
5
1
0
433
5
0
0
257
12
620
99
0
0
2
181
0
0
1
188
0
50
4
0
1
35
1
6
968
18
3
0
1142
7
1
0
0
0
1
52
570
50
1
49
2
0
0
73
2
65
0
0
2
0
641
0
2
0
0
0
0
0
2
0
0
0
329
2
0
25
0
134
4
3590
0
7
12
2
2
48
0
51
41
0
11
4983
2
7
24
2
98
0
0
1
0
25
1256
93
3
36
1
0
6544
0
0
0
495
2
0
37
0
284
67
9
7
1
69
297
0
578
69
25
28
0
151
0
2
0
0
0
0
0
22
77
0
0
118
219
19
2
49
0
7
1
1
2
4
0
1
1055
2075
0
0
529
0
32
4
1
18
318
0
0
2
9
0
0
0
105
2936
201
61
0
0
0
0
455
0
0
0
3673
21
13
0
0
0
0
3
0
329
672
0
0
0
0
0
0
0
1
1
1089
14
4
0
6935
0
2
37
0
0
22
3
174
16
18737
0
8
11
0
95
6519
3
0
0
233
8
2255
0
2580
2
18
2
4
255
2
736
3
320
23
68
0
327
23
22
15
431
14
0
51
0
1
0
0
496
8
10
117
1828
391
0
78
9140
0
1
0
146
3
0
21
0
6
852
397
0
28
0
204
0
6
0
0
1
1
35
6
0
14
23
0
15
3
0
1314
0
0
579
3
0
89
29
0
0
0
1
0
0
963
73
1
0
256
0
10
10
2
5
0
4
13
0
0
2
0
0
0
121
123
12
2503
0
0
111
21
0
22
65
1
0
819
0
5
486
3720
0
3
7
1
0
654
0
0
15
0
1
251
5392
102
0
0
3
1
947
0
1
14
577
1426
154
0
1
4
0
0
0
53
372
240
0
24
0
1
0
186
0
323
5
416
69
25
0
2460
0
51
9
1569
0
0
2
8
1
142
13843
38
0
255
3
39
0
4
6
6
72
28
17
2
121
3
19
11
12
1
48
0
127
18
769
53
7
0
0
195
10
12
0
162
13
0
53
10
0
0
2
471
59
0
28
0
0
11
85
1
1
0
0
62
0
2
11
4
2
18
1613
6
0
84
768
0
17
118
683
7
0
13
16
6
0
0
9
0
0
1
3
1
3
7
0
1
0
0
0
19
61
1005
0
25
48
1
107
5
0
0
5
102
5
1
18
0
79
0
0
0
0
0
57
329
37
1
0
6
0
6926
1744
67
0
0
2174
531
1
6
1128
87
284
19
0
0
1
3
22
4
4
31
38
0
1
0
85
0
4
3
22
1
1
0
31145
149
0
14
0
1
0
65
0
0
74
0
60
13
0
0
5
44
0
170
14
0
0
0
0
49
2
0
1
0
2
1807
4
6
249
221
339
0
0
0
4
30
2
0
31
395
0
155
50
2095
0
0
172
0
110
38
1
14
1
14
216
0
34
0
1
0
8
18
0
0
17
0
0
3514
4
3437
686
15
0
1
14
0
6
0
1
0
331
0
0
107
1
2
3
9
3
0
393
3
0
266
2
404
1
1
0
30
13
2
0
7
0
0
2
0
12
498
9
25
5
0
0
3
96
2
14
0
0
0
4
2
0
7
0
0
0
49
4
32
5
3
2
2
34
4
11
80
2
2
0
0
0
0
0
3
0
12
0
234
1
0
0
2305
17
0
4
0
0
15
10
45
34
5
3
0
2534
0
1
0
12
1
4
0
2
0
43
0
25
1
0
2
64
0
2956
16
1085
0
3
85
15
0
140
4
0
2
244
2
2
1
1
34
13
0
0
0
0
0
0
0
2
0
9
0
0
2021
0
0
0
3
8
0
7
2
36
142
24
0
166
0
10468
542
0
350
47
1
1406
0
609
0
9
66
1
0
2
751
344
13
6440
1
0
0
0
20
173
0
0
24
2
65
15
2
8
4
259
0
1
0
26
48
0
0
0
0
0
73
0
0
0
13
18
29
1
0
40
0
32
4
2
9
56
0
4
361
0
0
0
0
75
1
61
0
1
3
2
4
0
5
172
66
224
41
396
25
12
79
8
0
1
29
1219
438
13
376
0
5
0
1
0
3
1
0
0
0
0
0
92
0
84
1
4
0
48
39
0
0
3
0
1
1
3
64
4
0
12
0
6
23
54
14
7
69
4
0
7
790
10
0
3
26
1
178
20
1
0
0
5
7
8
2
2
29
752
36
0
2284
4
69
1
986
103
0
433
115
1
0
6
0
2
4
13
147
0
11601
0
0
4
48
0
2
0
574
1
10934
0
0
0
508
726
168
2
41
0
0
0
0
5
16
0
2066
7
0
4
0
10
42
0
15
0
2659
2
6
7
0
0
406
0
0
0
0
1
4
18
7
738
1489
40
0
1
0
6
0
204
1
5
0
2
37
0
4
0
19
39
4
5
3
16
24
0
1
15
0
0
0
0
168
1
72
1
7
1
0
0
1
3
10
0
1310
0
2
14763
0
0
117
1
13
5
0
0
0
0
28
15
95
1
4
24
282
2015
0
0
24
1
70
3
250
0
1
73
15
0
0
0
0
1
756
7
0
0
0
3
2
7
4
3
0
44
1
0
0
0
0
5
15
80
0
1
1034
0
92
7
3
0
0
95
1
3
1
60
1
0
6
4
2
1
2
3
32
0
4
189
2
0
3
0
1
36
2
0
2
0
9
293
0
0
22
26
446
16
57
7
3
1
1
4
287
5
150
40
57
1
581
2596
4
1
0
0
0
0
7
191
7
52
0
0
10
114
255
11
28
0
2
0
0
127
2
6
0
4480
0
0
0
9
0
0
0
1274
0
9
0
1
0
4
2
0
1
59
0
2
28
63
0
0
0
3
0
0
0
1
1
1482
4
4
0
0
8
0
1
0
1
76
780
2
0
8
0
0
3
0
0
4
0
6
2
25
1
1
1
2
0
0
357
594
0
0
0
42
268
38
0
0
8495
1592
68
0
0
0
7
1
0
0
0
0
76
946
2
535
5
868
35
3
2
13
357
0
833
3
11
0
24
7
2
1566
334
1643
5
0
0
16689
1508
359
85
93
1
0
2
0
0
0
0
3
44
0
0
241
17
0
2
0
0
0
23
0
39
0
251
1
5
0
1334
0
8
0
0
0
0
0
0
15
1302
97
40
0
0
9
0
37
0
1
1
0
0
1
0
24
45
0
34
10
41
23
0
0
125
0
0
0
256
0
17
5
2
57
22
1
2
0
1
3
0
1
104
6
2
2340
177
26
2
73
2
97
0
113
11
9
6
0
0
0
0
0
0
8
7
0
0
1185
3
110
48
5
1
0
1243
68
1
0
1
5
15
0
0
18
26
22
0
2031
9
2
12
3
453
3
142
124
0
831
0
46
0
8
2
5
112
18
7
12
3
0
0
4
1
0
124
2
162
128
28
0
0
178
1
0
0
105
0
25
1
1
33
1
1
0
1
136
10
0
2
0
201
42
0
2
0
0
0
0
19
1
0
122
0
7
15
0
1
0
5
4
4
2
2
43
0
31
0
69
11
0
0
0
911
0
0
21
0
1
9095
86
1
0
164
0
8
0
0
0
0
0
24093
65
73
12614
5104
84
8659
0
20163
100
21112
0
37851
1612
169
12859
12185
7532
0
3221
6
29684
1612
0
0
6
11267
318
230
3704
847
37757
2909
302
20981
42
2622
0
6901
1887
1887
9750
28
3566
0
5104
3566
13942
1932
336
1612
11658
838
10520
10458
12773
0
0
1035
12859
1612
6546
8509
466
3742
1
93
22
6
48
293
91
18
784
707
91
10
292
23653
15
1
6
8204
0
209
57
11
91
6526
361
0
359
6473
17880
1
6
3
2
64
353
0
1940
3
148
478
12
18177
3926
1940
0
5015
98
50
7247
11
1208
3
7644
1956
1876
8204
8204
136
6421
11
60
5737
15
681
839
0
2052
264
360
16
41
2144
704
286
2
3408
148
7
177
373
3
115
23
0
223
2
1992
10492
5
0
1732
1557
4
0
1215
7
88
8174
0
33381
386
2923
43
19122
1
6
60
3757
333
2
8
0
47
30
46
37
4
1904
245
0
0
0
2
30
543
790
39
0
331
16
2764
67
125
1118
45
8
57
0
16704
2
0
71
0
13449
2261
20157
984
19
1517
23
1
4
169
109
346
0
0
568
192
0
59
8463
0
1950
0
3
7252
0
2
1
3255
1
8681
84
0
53
0
111
13
7498
0
9955
906
0
0
92
22
111
182
7
0
75
0
4
10482
7406
1096
958
169
59
3544
53
2804
34
0
0
74
0
278
14
202
22
2166
17
0
97
0
34
1
7232
1
0
0
170
794
0
0
14763
48
3
0
375
3
16
9
188
5
589
1
37
1
0
41
310
12559
185
144
114
0
1
6
0
0
0
173
4
643
1847
2
1546
441
2
54
38
14
229
0
0
0
19
6
100
0
365
0
875
5726
824
66
1
1
15
0
14
0
52
80
4
11
35
37
120
4
2
300
9003
1
1
9
1047
24
2
1
0
81
23
6
1830
2134
0
16
478
0
0
0
1066
1
2
54
35
18
250
108
0
3482
1
0
1
0
36
1
156
2321
4
61
22
2452
1
0
2877
17
13
246
19
0
59
27
0
87
11
9
16238
0
24
1418
306
5107
6
1596
8
0
9
2
2
732
0
1
8
58
5
42
0
1
396
1
2
34
0
0
272
96
6
0
48
0
0
69
2
58
5
1726
509
0
198
0
3
0
0
1
5
3
0
1
9
128
12889
128
1
316
17
296
83
268
95
57
9
2
825
171
124
0
0
59
49
6
1
10
0
0
2
0
387
0
47
130
1013
7
1
335
0
978
1
49
23
45
0
0
170
399
4080
174
80
16
7
1363
14
0
0
919
3
0
9
0
194
691
1
88
1
720
4
52
19
1
10687
0
560
2
0
0
1589
18
0
0
0
0
5
42
218
0
18161
0
2
8
1
13
3
0
0
8
6
1
66
12782
0
0
43
31
0
0
1
0
0
8
523
59
4
2
2
24554
3
0
19
1
0
0
9897
0
2
2
21
739
1
7
2
15
36
0
1
11
1749
9
0
0
0
0
74
0
1145
881
5
137
1
0
0
5
1
0
0
1
0
0
0
3
34
1
30
0
29
0
36
0
0
0
3
13
157
1
976
864
25
736
0
11
212
3048
762
1
0
44
0
0
0
1
4
4969
0
29
0
47
0
0
2
0
4
173
0
0
341
593
10
0
0
1
1
1
0
0
1725
5
0
1
53
16
0
2
0
0
1
1
0
0
10
885
1
7
0
0
107
91
479
75
21977
56
3
0
20
0
951
13
37
8
0
0
13
0
0
6
57
13
69
0
915
13
2643
1
0
0
11
127
3073
843
17
0
6
81
210
0
0
0
8
0
306
6
640
1433
253
0
73
253
2
2
1
587
0
290
30
0
0
702
2
0
7
0
0
22
47
49
11803
4
2
126
640
86
1
3
1
71
0
266
23
82
3
394
2
62
60
17394
247
0
108
0
179
4
0
6
2
42
0
0
23
0
3299
0
0
15333
162
2
886
119
0
10
7
0
32
0
21
139
2
8125
0
0
0
1
30
0
0
1425
7858
209
117
3
66
1
0
24
25
7481
0
9
109
0
69
14
0
0
1
1030
0
0
0
1
2023
1
51
3
0
0
2
7
131
8
0
92
0
0
0
0
0
0
1
1
0
0
8487
2580
65
0
0
1
2137
1352
17315
7
0
0
4
0
0
2
0
311
0
571
3
16
0
21
0
1323
0
157
4
131
37
0
1370
0
65
55
0
4
1
2
1
2
603
0
4
117
9
17
0
0
692
9
0
0
1838
2
241
0
1
466
30
0
0
0
1
0
0
63
1
1
0
4536
44
19858
27
15
910
0
1
27
248
22
0
503
6
11
18
1
1
1
0
6
0
0
0
185
1350
0
0
0
4
108
0
5
5
0
2
275
13
21508
1
0
26
0
0
0
40
405
1
0
1355
1
82
2134
71
59
2
1
27
734
0
0
1
9
48
11
0
7
3
0
2
14
1
0
23
0
27
8
0
5
377
1
0
109
9
0
0
2
5819
0
0
1
0
1
4
2
6
2
4
116
42
213
170
13
259
0
0
0
0
0
9
2
1000
0
0
81
0
0
1
99
151
0
0
2405
10
8
1
16
8
9
0
34
0
1
1
10
1
120
0
0
0
2099
0
0
2418
0
103
3
109
37
3
42
86
104
13
12303
0
9
13
2
6
1
307
18
0
2
0
47
254
0
977
917
1
0
0
23
0
337
0
0
5493
47
0
0
28
4
0
5
3
0
4
0
0
517
0
1
0
0
0
309
1
0
13
0
395
2
2
11
10
0
38
0
0
7
13
853
643
0
15
7
0
1
1
3
19
231
2449
1
2397
939
87
56
1
0
4
23
76
25
0
3
0
0
0
0
1
161
4
34
0
0
13
26
1
2
594
2504
0
3
95
9
0
14
0
0
72
0
408
1
4
0
0
0
0
349
0
1
0
1132
337
6
0
2500
0
3180
20
0
1
2
4
8
0
4
0
441
0
0
17
222
0
0
0
19
1
1675
0
0
0
0
5
4
4
227
0
0
0
559
0
1
2
1
0
0
4
0
12
0
6
0
0
0
1
39
145
0
12
83
120
70
0
17
14
96
1173
9
78
20
0
14
366
0
0
40
5
1
71
26
0
0
2
27
2
2
49
0
15
84
0
1
0
114
0
0
8
0
0
0
0
0
0
0
0
10
1
315
120
0
75
0
2
18
0
20
0
0
0
0
290
0
0
418
0
5842
2
1
281
24
12
12
0
3
1
1
5
44
47
0
0
13
0
189
2
0
2
1
1
27
1
0
7
1
104
0
0
1
0
0
2
14
7
3
0
18
4
3
6
0
0
7
0
1116
17
343
0
2
0
3
109
1
0
0
2
108
0
0
0
2
6
33
113
0
0
0
0
0
825
109
0
2163
0
157
1930
7
0
0
170
3
3429
1
0
135
7789
88
0
0
2
9
0
3
0
0
5
0
84
0
420
0
0
0
2
8
0
1667
1
12
1
2
1
0
1
0
0
0
4
0
5
2
4
0
0
0
2
0
6
401
0
6
42
27
7
0
0
1
1050
7
861
0
8
28
9
2
0
32
40
722
15
0
103
0
0
3
0
0
0
0
25
2
0
0
23
0
0
2
0
0
1
141
58
3
254
0
10
0
1
0
11
0
10
0
1
76
695
0
0
5
1
1
44
25
4
0
0
36
4
4
0
0
22
28
0
18
1
0
0
4
35
0
0
10
44
2
3
0
4645
3
0
0
0
0
0
1355
0
364
0
0
22
247
1
27
0
13
1
1289
431
781
0
0
0
0
0
0
35
0
0
69
0
93
671
188
0
4
11
30
3
1
2
1
97
3
4
303
235
0
0
0
1
0
1
0
72
75
709
92
2
0
117
29
24
1528
0
106
0
0
0
0
0
0
0
0
0
0
5
1
0
1
0
0
1
299
164
0
264
12
24
0
0
62
0
11
5
1
2218
6
0
0
50
0
4
0
0
164
31
20
402
174
4771
0
0
2
1
1
15
133
9
0
153
3
1
9737
2
0
38
2511
0
0
0
3
6
0
0
0
1
0
1
0
0
0
0
20
2
1486
0
0
21884
0
0
1
0
4
0
0
0
0
12
49
54
626
4639
0
51
9
2
0
93
70
0
1
0
272
2
8
0
0
0
1
43
1
6
1
0
34
77
0
0
7
0
0
0
0
16
0
0
0
0
0
65
60
0
0
10
0
1
0
1
5
0
6
1
25
16
2
2
732
3
0
7
0
0
3
131
332
4161
0
22
17
527
0
0
99
0
0
0
45
0
1
2
9
7
2
7
1
23585
5
0
0
74
0
0
0
0
2055
0
50
0
154
5
0
0
1
101
0
0
1
12
0
0
0
42
9
14
296
0
0
0
0
0
1
4
91
0
0
7
102
420
2
0
16
0
1
111
0
6
0
23
7953
0
23
113
2
3
1
3
36
21
245
0
0
0
1
28
0
2
0
376
112
0
5
0
5
0
0
0
0
0
0
0
0
45
0
283
3218
0
0
0
110
0
0
3
9
16
0
0
0
114
0
114
116
59
0
1932
71
636
0
53
0
1
3847
724
34
0
72
1
2
14
2327
190
3
0
0
0
0
2
1
0
0
0
0
2
2
0
0
2
7
13
1148
0
1
0
1023
19
3
4
3
1
4
0
1
2
68
0
0
0
0
0
0
0
10
0
398
1
25
4
0
139
4
2123
7
0
370
35
4940
197
1
0
11
0
0
0
84
0
166
0
15
0
0
0
2
1
11
0
2
24
82
1
0
23
4
1
0
0
0
0
0
0
0
0
44
27
5
0
7
864
35
10
0
0
258
49
0
0
0
0
0
0
0
0
46
3
58
9
5
6
1
785
0
53
141
233
3203
0
36
3
1
0
0
40
2
0
1
36
0
4
33
0
0
0
71
0
0
0
1
0
0
67
0
104
557
0
0
0
0
0
0
1
0
10224
233
2
0
0
1
3
1
5
4
0
0
0
92
0
0
0
0
19
0
238
0
4
407
0
1330
0
9
34
1
0
0
257
121
86
6
0
107
1
0
145
12
1690
0
1
0
1
46
27
0
0
0
0
0
288
11
6
0
0
0
1
0
5
73
17
1271
2
931
1
0
0
0
0
0
0
0
0
2410
0
7
44
0
1
0
6
1556
572
1
17
6
3
2
26
17
27
1
0
29
1
142
0
1
3
0
8
0
3
2742
3221
1
0
0
450
1
5
12
0
21
0
3
0
161
0
0
0
0
9
0
0
1673
0
1
0
1
0
0
0
21
0
0
320
0
0
7
4
0
0
8
1
3077
15
0
114
0
3
2
2
3
0
0
1
1
0
0
0
1
0
0
3501
0
2
9
0
1
0
0
2
17
0
0
0
2
0
2
0
0
5
0
0
17
3219
14
2
786
64
0
103
142
0
0
1
0
798
0
83
95
1
0
112
0
24
1
0
1737
0
40
0
16
335
0
0
1
256
2
2
3
159
40
0
0
3
5
101
0
0
0
1
90
0
4
0
2
48
0
0
0
0
7
11
35
2
0
0
0
6
0
0
956
0
0
0
0
0
0
8
58
28
0
0
0
0
423
234
0
16
2
0
8
567
310
26
1
0
908
76
2
32
1
798
3
34
0
1
0
3
0
0
0
10
1
297
0
0
0
84
4
178
0
0
0
0
1
0
13
2
1009
1
0
1
0
9
3
308
1
1112
0
0
1
0
0
0
0
0
0
2
2
0
1
13
0
0
0
0
122
3
3
12
0
89
0
181
3
2
22
8
1
154
475
0
21
0
0
5
0
0
0
0
3
0
3
6
0
1
0
0
5
1
4
0
1
0
0
1095
1499
43
341
0
14
371
0
1
202
12
10
0
32
5
1
3
4
0
11
0
30
64
31
1807
0
4
9
21
51
47
2
3
0
1
0
24
33
0
0
0
5
1
511
0
3
44
0
0
4
0
2
522
0
0
1
613
5
0
10
53
0
89
265
0
1
24
3453
0
0
2
0
0
0
0
2
0
0
0
0
0
2
0
61
45
49
33
4
0
0
0
2
0
0
66
0
51
1
1
0
7
224
2156
37
0
9
0
0
1
1
6
201
0
0
21
0
0
0
0
0
0
2
0
1
0
0
0
84
0
41
0
20
0
0
4731
0
0
1906
0
0
0
0
1
0
0
5
840
0
1
219
68
131
3
2
1
159
1
3
2
0
9
0
1
2
2103
0
0
13
0
0
0
45
1
190
3
0
0
0
0
0
0
0
0
0
18
0
0
15
321
0
208
8
343
12
133
87
0
0
790
0
0
1612
1
0
0
0
1
1
0
0
5
12
8
0
2
3
0
208
0
10
14
18
31
30
5
57
33
1
1
0
0
2
53
916
0
4
6024
377
0
0
1
0
1
3
0
0
10
0
22
5
0
1
0
17
14652
37
0
1
0
7
1
0
0
5
1
9623
83
0
0
0
214
10
883
0
0
0
0
3
0
0
44
6
2
0
0
2
5
1
54
1
1
23
4
0
37
0
1
0
0
0
94
0
0
3260
0
6
0
0
6
0
0
0
0
0
0
7
0
0
28
0
500
0
0
0
0
1
0
0
0
0
0
0
0
0
1570
1
2
0
0
0
0
0
0
1
99
59
8
0
0
15
191
714
14
2
178
0
0
0
7
106
518
1
0
0
213
0
12
7150
1
781
418
0
0
25
0
0
449
0
1
7
0
0
0
0
0
197
0
8
0
1
0
0
845
0
1
0
32
0
0
0
3
0
0
1
0
7
0
108
227
253
1942
2862
0
1422
662
0
5
1
8
95
60
0
12
192
273
0
1435
0
1
5
168
0
1
16040
0
4
1
0
0
494
9
262
2
2
0
0
0
264
0
844
4
121
0
0
0
0
1
0
1
2
2
0
0
0
513
0
2
6
1
1
1
4
0
3368
18
1
2
0
1494
179
0
2
541
173
613
0
0
289
2
34
1
0
0
0
108
0
0
33
1659
0
0
0
0
0
2
0
0
0
1
0
0
0
5
340
3965
0
99
3
3
56
0
0
0
0
102
0
0
0
1
0
0
1
0
2
3
2
2
0
31
2
0
101
0
21
0
0
85
1619
0
0
0
335
77
366
162
0
43
0
0
8608
0
3059
0
1
68
0
0
1921
2
0
0
0
0
1
0
10
96
1
0
2
0
0
0
0
0
1
0
0
0
133
0
0
3344
4
0
0
0
0
202
0
5
6
0
1
0
0
0
2
108
148
3
4
2
0
0
34
1
4
2
0
3396
0
0
3
0
0
0
0
45
45
0
4
8
0
6
1
1
1
1
535
6
3
40
339
0
16
0
523
1
0
0
0
2
0
224
0
0
0
0
33
1
4
35
22
0
0
0
1
7
3
3
0
24
0
1
3692
1
0
67
38
8
0
0
837
1014
0
2274
4
0
0
0
34
1
65
0
12
1
0
0
0
0
0
0
6
14
916
1
0
0
0
1
0
6
0
2
0
0
0
75
0
0
4
0
0
21
0
225
4
0
178
1
0
2200
0
1
129
1
1137
0
20
6
0
64
5
0
0
0
0
5
0
1040
0
11
0
6
46
0
0
0
43
6
0
0
0
94
3
0
0
0
2
4
0
1
1434
2
0
0
0
0
0
1
0
18
21
0
1
4
0
0
0
726
0
2
49
0
13
23
0
0
27
0
0
31
81
611
0
0
21257
0
0
1
0
2
0
69
27
7
0
0
0
0
0
0
4
5
0
0
9
0
0
0
6
0
332
13
8
0
24
0
0
0
0
0
641
0
0
0
1
0
1
428
0
0
1
0
3
1
0
0
360
1
4
41
133
160
15
1
0
0
0
24
154
308
0
0
132
10380
0
23
463
0
3553
0
20
0
0
101
0
2
0
1
0
0
5149
1
56
6
21
35
7796
0
2
3
0
0
1
0
1
20
0
0
0
9
0
0
32
0
0
135
8
18
0
6425
131
0
0
0
8
43
80
47
289
194
0
23
3
6561
189
1438
4
5
0
1907
0
2
44
0
267
75
0
0
0
0
0
0
174
0
5884
0
0
0
2822
0
9
0
0
20
1
1
0
57
0
0
1446
0
0
37
3023
0
2
6
0
5154
1
7
5
2
0
0
0
14
20
142
226
7
2
0
0
0
0
2
47
252
541
2
0
0
11040
2
6249
1
296
0
4
0
0
0
0
1
65
3
9713
1
0
3
0
0
3
2
0
1
0
1
23
0
0
148
8
0
53
304
905
2
4
0
0
0
84
47
7
80
20
0
5
0
4
27
358
0
89
0
0
11
0
0
5
0
536
0
4
7
1878
0
0
0
162
457
0
1
0
5
15
24
0
1
0
23
500
6
0
0
1937
1
0
317
1
1
1
234
1
0
2
0
0
99
0
5
1
0
4
529
21
176
0
0
0
216
215
21
17273
11
1
2
0
120
99
3
217
0
9
0
3
0
16
803
6333
0
1
4191
0
0
0
30
40
0
0
0
3
0
0
1
0
0
0
0
208
11
0
0
0
0
257
0
13
0
0
1
18
179
3
0
12
0
0
1
2
8
0
36
23
324
0
20
0
7
295
1
146
3
66
4
7
1043
61
1
740
3
0
0
5
0
10
0
0
0
0
2
0
4
0
20
31
2
0
178
9
1
12
1
17
0
5
892
75
3
0
0
0
0
0
110
10
0
598
2
0
0
9
0
0
2
0
916
56
3586
0
1
26
2493
0
1
63
1
0
0
0
711
3
0
628
0
2
429
6
0
6
0
0
1
13
4
0
87
0
9
84
2
0
0
1
0
672
0
0
404
0
0
0
0
752
0
0
0
0
0
13
0
185
0
1
0
5
17
1
0
2
1
0
2
0
4
1
76
68
1
0
3
0
1
11
3
3
9
0
0
0
0
7
0
2
0
3
0
3
0
0
0
0
0
2
1
6
819
0
0
1
650
13
675
0
1
0
10
0
0
0
0
0
0
0
0
0
3
0
0
1
0
34
600
0
9
0
0
15
1019
0
15
11
1
0
0
0
252
24
0
1
2
0
0
0
0
0
5
9
10
2
0
9
446
0
0
0
5
30
14
0
0
0
5
0
0
0
29
0
36
0
826
1
1
0
0
5
0
5
0
0
0
0
0
0
53
42
232
2
0
1
676
1129
0
17
5
1
69
0
0
20
0
4
230
285
9
0
4429
0
0
2
247
32
0
0
0
0
12
0
0
0
0
2
0
0
1
1
4
61
0
35
0
0
424
1
34
39
0
1
0
3
23
6
1
32
1
0
0
1
481
15
20
498
17
0
1
0
18
0
1
0
1
1363
0
0
7
16
8
114
1
137
45
0
0
0
0
0
0
0
4
0
1
0
0
0
5
0
165
0
75
3
0
33
15
5
0
0
2
0
68
3
1
1
5
0
468
0
0
10
0
32
0
0
8
8
103
5
6
0
0
5
0
9
0
74
565
4
0
85
16
1518
0
24
0
6
0
3687
0
659
0
563
0
0
0
170
0
0
5
0
0
29
441
0
3055
15
0
57
1
0
0
1
0
0
1436
2
0
0
8580
1932
1035
21286
832
1035
15
5215
75
1035
839
1612
839
1612
11512
1612
8250
12859
466
8580
11177
1612
1612
1035
1612
1035
839
48
839
1035
1035
15
75
1035
622
1612
5104
6935
52
9985
32423
4220
320
314
39057
11640
15345
161
6
5428
2045
4480
160
140
2720
32543
163
12885
67
163
35769
195
12859
169
54
6244
136
0
3
50
1017
709
0
418
57
3758
57
11
57
11
1032
1271
15
54
1165
11
11
66
11
902
1023
2063
184
2949
50
1070
0
230
3
3758
17295
10
415
20638
0
38
4639
2
12
4811
17893
3138
0
0
2
3
422
19
130
4
11615
7
2569
11615
59
15525
290
183
1599
1
0
30
0
0
0
3
111
0
0
510
0
0
17876
30
4
3
39
18052
911
0
0
19
30
2
0
2131
0
0
0
0
111
0
16
516
19
6030
279
68
12032
194
92
884
2135
2342
8
32
0
653
673
16
7
9763
76
16082
731
323
764
156
0
136
16
6
841
212
279
0
0
147
44
1
208
0
1
1
1
0
37
111
4150
0
0
1
7
26
0
1
111
0
0
1
0
2711
147
7
31
1
20
3
0
10
13
2
435
3
3
2562
57
76
118
2201
1386
0
35
1806
44
119
638
149
4976
0
6
0
1378
737
1
0
0
1
0
68
11
3
0
0
227
352
90
0
90
0
6
0
515
2
173
8933
0
808
28
364
0
1
253
3164
1
4958
3
0
0
173
20
1
3579
0
5
7195
2
6
4
0
406
166
0
0
7090
1
0
710
3594
179
1421
2593
76
2778
0
4311
634
7
376
83
0
431
0
75
0
0
36
1
0
0
34
1
34
38
0
1066
0
5
54
3
11
6
591
0
850
1
14
6
43
11
0
30
0
21
0
0
19
5
84
34
0
2
1
0
2332
8
20
0
3
116
1730
5
958
4
2
0
2113
4
1
61
2
73
367
78
0
0
0
0
6
1
39
34
0
10
0
56
0
337
0
39
1
94
0
0
5
0
0
267
0
35
0
0
44
49
1
27
0
0
12
1
0
221
125
0
18
190
0
0
36
1
4
1
2
2
10402
0
4
38
184
62
0
0
5
1520
0
17
10
0
147
3
1
0
18412
235
441
16
174
0
0
0
0
0
89
24
94
0
0
0
0
0
453
0
0
52
0
0
0
165
235
227
5
1
0
29
5
0
78
3
0
3
0
4
0
3
25
1650
0
10
10485
3
0
37
4383
1
88
0
803
0
0
1099
39
504
71
54
45
0
40
0
395
0
1
22
0
20
0
119
23
3
38
17
0
0
10
30
950
1
0
1
0
86
0
0
548
424
862
7
2
2
6
7
59
11109
0
0
0
4
0
0
1
0
4919
418
358
5
2
1058
8
0
0
2220
1
214
1366
7
14
1025
1
2184
40
0
538
4
0
0
1
0
4
0
2
0
0
0
0
33
13
196
0
0
29
165
2
1
2
25
0
0
0
0
0
0
2
0
4633
283
485
2
77
0
4
2
0
0
73
0
2
102
48
0
5
4
35
0
0
212
5
0
208
0
1327
0
1
2
1
0
0
0
0
0
0
11
616
0
322
0
4
0
0
9
91
73
0
0
59
1810
31
0
11
0
2
0
595
0
2611
244
112
0
0
86
2
0
0
1075
789
2086
2867
0
37
265
0
1
82
1
0
0
6
0
2
3823
15
0
1783
1
2
10503
0
0
1
10
0
1
1
2
3
0
2
8
0
0
448
0
0
0
0
1
6
0
1514
3
0
0
40
2
1064
0
12
1
10
3
818
0
0
28
23
1
1
85
0
0
101
1921
4
7
3
0
1
0
6
1
1608
0
0
0
0
2
0
4
0
636
0
1395
465
75
276
0
63
722
0
21
1
3
0
1
1
2
0
0
1425
1
0
1
555
0
1
0
1
96
2
76
1
56
107
0
0
2
0
13
273
43
1
8
0
163
79
7
1
2903
17
71
1
5
2
1
3
55
0
63
0
0
52
34
1
9
0
3212
3
0
11
0
78
0
165
0
0
0
145
20
0
33
0
76
54
0
321
0
5
1493
0
1
439
0
0
23
0
76
125
1
0
761
29
0
28
324
0
1
800
7
0
0
7889
12
0
3
1
2
5
0
0
2155
127
1
17
0
1
6
1
3
3
4
0
1847
0
0
0
6182
1
23
0
0
0
0
0
0
3
21
726
0
8
37
1
3183
243
50
0
540
0
2
0
0
9
4
1
0
72
73
1
0
0
62
5295
2
2
0
3230
11
1
21
236
0
64
5
2
0
1233
0
68
212
0
30
12
204
26
0
3
997
0
55
0
2
0
2
31
0
11
0
6
1
31
0
0
0
0
0
0
5
3
0
554
0
1
1
0
0
0
0
38
2255
108
0
45
2
1
30
32
39
0
0
171
1
0
0
0
80
1
1
2
4535
0
3
395
1587
0
1
190
3651
0
4
21
33
0
5
0
0
2
0
0
5
0
0
4
1
0
10
0
4
0
2326
0
0
0
7592
0
0
16
0
52
0
0
0
62
141
2
2
959
954
0
26
0
0
1294
3799
11
0
56
12
1
370
1
2
0
279
7509
0
0
0
0
17
2
4
440
4
0
90
2
0
3
2
162
0
0
2
19
0
27
1
101
438
0
22
241
61
2
4
2
743
2
0
0
2
6
3
1
1
0
4
41
96
0
0
642
0
0
4
1
649
4
9
0
0
5517
0
106
10
31
56
261
0
40
6398
0
0
9
0
0
1
0
1315
11
1
1808
0
0
0
0
2
0
5
0
1
0
0
1
0
18
42
34
5
9
34
134
1
0
4
0
1811
85
23
0
3
1
0
0
0
0
7
0
1
192
27
54
9
3
0
4
47
685
0
0
1
45
52
0
258
78
0
1
2851
0
4
1
593
53
31
1
0
5
0
1
0
11
493
0
76
0
0
40
1726
0
6
0
0
0
85
1330
3
0
25
1
1
0
0
0
15
0
354
0
0
5
36
0
6767
0
425
1
2628
1
1
16
0
0
0
4
375
3
2051
0
29
2804
7
7
1569
0
6
1
8
1
0
0
1
1
1
0
9
0
3
5
0
0
0
0
0
8
0
0
29
0
1187
4
0
0
1
31
0
0
1
4
0
5
1
19404
8610
4
2379
3
0
1946
541
1
0
0
1
71
0
40
2
13
1660
297
0
1
3
0
117
108
0
0
3
0
1
426
136
0
3
3
36
448
0
37
0
3
0
0
9
0
0
247
0
0
0
2
590
0
0
1
361
0
0
0
0
1703
0
145
2
6116
13
1
5
15
0
17
0
0
9
4
0
3
4
1
196
4
6
2094
6245
0
317
3910
501
2
7617
1
2
5
0
0
0
0
0
0
40
0
168
0
0
0
115
1
6
0
0
1
0
1
1
3
5
1481
0
1
0
155
0
0
80
1
0
1
5533
16
2636
575
36
0
6
1
0
0
0
518
0
1
0
0
1164
0
31
5
384
0
6520
424
0
0
9
0
0
0
0
719
0
38
0
0
1
3965
3
23
0
0
0
0
55
0
0
0
0
1
0
0
1
3387
234
0
481
0
34
1
0
0
40
0
28
144
111
1
0
1
16
0
193
19
0
340
0
1
0
3
0
0
4
57
37
129
2
49
45
0
0
0
0
143
0
0
0
0
0
0
0
10
0
1
3
0
11
0
0
0
1
0
23
1
0
5
0
4
1
5
0
0
0
2
328
0
0
0
37
9
2
1
0
0
17730
0
0
0
0
6
19
13
72
0
32
86
838
5
1
3095
59
3
0
0
29
0
0
27
64
2
1
0
1
35
0
0
2
0
0
7
0
0
0
69
0
7
0
0
0
0
0
0
0
0
2
0
0
36
0
0
0
2
0
0
19
0
0
0
236
0
3
0
10
219
2
0
1377
0
1
727
0
573
318
0
13
248
0
1
229
0
161
687
0
97
3
0
0
0
2
1
182
0
0
2
17
0
11
0
0
9
0
11
0
471
1
4
1
10985
243
1
0
1
0
20
0
0
0
1900
32
78
9039
117
47
464
0
0
7
0
2
0
0
57
0
0
0
1
2652
2053
462
1514
1
221
274
9
13
0
0
3833
0
0
0
1
970
0
72
0
0
2
0
5
3
0
0
81
0
0
54
32
42
3
13
6
158
3
0
274
0
0
1
0
0
344
0
17
110
0
0
161
0
0
90
0
100
23
1659
1324
2
8
1
0
5
4100
2
6
0
277
3
644
1
0
0
10
0
1
23
0
1
0
4
0
0
0
19
887
0
91
0
0
1
121
10
303
0
81
0
12718
0
0
1
0
0
0
0
0
0
0
9
0
1
9
3
0
0
0
1
0
6
9
347
0
0
1
2
0
56
1
0
41
0
0
0
1
7
0
0
0
0
1
1
72
0
0
2
3
0
8
0
1
0
0
10
0
0
0
2
0
0
0
0
0
1217
1
1
578
3
0
2
0
0
1
12
2
8026
0
0
4
292
0
10
8
1
0
32
939
0
0
166
1
21
233
0
9
104
36
0
0
270
0
0
969
250
1
326
0
0
6
0
26
212
0
59
0
0
11
804
5
69
0
3
0
0
13
1
0
2900
0
1
0
0
0
21
1
24
1
51
3658
11
30
0
0
8461
1
1
0
0
2
2
341
43
0
0
50
444
509
1
951
1761
1
0
0
2
2
0
321
2
2
0
175
1
0
0
0
0
187
0
0
12
0
1
4
0
0
290
0
0
5
2
0
4
250
2
2
1
1
1
0
390
0
4
0
560
10
0
4
3
173
25
0
0
145
148
36
2249
0
1
0
0
7
0
0
0
0
0
0
0
0
0
0
0
0
657
0
15
0
0
0
2605
0
47
0
0
20
0
1
0
0
1
0
0
0
0
0
0
2
0
104
0
1
308
1
1
0
0
1
71
0
0
13
10
3815
11
96
72
1803
351
4
0
0
12
2
0
5
2
0
1386
0
899
1
0
0
9
0
4
10
0
0
0
0
5
0
9
0
1
2
2
0
0
0
105
1
0
1
1
0
6
19
4
0
10357
156
138
1
0
21
0
0
0
1824
0
1
150
14
0
0
2
0
6
0
5
4
1211
27
0
1
0
0
1
0
3776
0
1
0
6
0
0
0
7
832
1
0
0
1
2
0
0
1
0
0
0
6
0
0
0
0
0
0
0
0
0
0
3
0
3
0
4
2
746
664
4098
0
49
0
357
0
21
0
1
0
15
5
85
0
1
0
37
0
0
0
0
0
3
2
0
0
5
0
11
1
122
0
1
34
70
0
0
0
2
0
0
117
0
0
9
0
2
7
10
0
3
0
28
1
548
0
0
7
12757
1367
0
0
0
8
5
262
1
0
0
0
589
137
61
114
9
4
0
0
0
0
0
0
1
1
1
0
0
120
0
118
17
0
67
0
0
0
0
79
2
4
0
1
0
919
0
241
0
0
0
56
0
0
0
0
5
1
0
21
30
0
68
1
0
3157
0
3621
2
11
0
23
6
9
0
0
659
1
0
173
20
0
0
38
0
1
0
0
0
0
14
0
17
0
0
4623
24
0
0
59
0
0
1
1098
0
0
1
21
52
1
0
1
0
0
4
0
0
1
19
0
78
2
144
0
21
0
3
0
0
3
5
6
26
7
0
12
22
2274
0
4878
34
0
0
1
1
1
4
11
0
0
0
22
0
0
0
0
6
0
0
0
0
1
0
0
0
0
2
535
0
1
1
1
0
0
0
1
0
1
0
57
0
1
0
7
0
0
0
0
4
1
4
1
0
0
0
86
38
56
10
0
8
262
41
20
0
219
2812
10
764
7
6
11
0
0
0
38
0
0
0
0
0
0
1
1079
0
160
3
0
0
0
0
5
479
0
1
312
876
0
1
0
1
209
0
1
0
7
13
494
0
55
0
3
0
1
1
2
0
6
0
0
220
16
31
5
1
0
0
1
3
10
36
0
2
597
1
3
0
0
0
0
0
2
2
57
0
1
0
0
85
0
4
134
1
0
14
0
4270
154
2
0
0
1
0
0
0
0
1
0
1
0
0
1
2
0
0
69
0
0
0
0
21
2
2
0
4081
0
0
2
8
5
1
2467
1
0
1
9
0
7
1
0
0
0
1
0
0
1
0
4
0
0
0
37
0
1694
0
0
0
0
0
0
2
4
0
714
0
14
0
0
0
128
79
0
183
4
51
0
2
0
0
0
0
32
0
12
0
342
3
0
4
31
0
10
0
587
18
9
0
6
60
239
1
0
0
158
0
0
0
0
0
0
0
62
0
1
0
0
0
0
0
11
0
0
190
0
0
0
13
0
0
0
0
5
0
0
546
0
0
0
0
0
0
116
2
0
0
0
0
0
0
0
0
0
0
4
0
257
956
323
2
0
452
49
816
1
46
51
0
0
1
0
0
10
0
0
0
0
0
0
0
0
2
5
0
0
0
5
36
0
4
0
897
2
0
0
0
0
1
0
0
0
117
0
52
0
0
0
0
0
1
1056
5
581
0
19
27
10
6
0
0
1
0
184
87
135
4
2392
3
6
0
4
5
15
0
0
0
26
0
0
0
0
0
0
0
0
0
1
5
20
0
0
19
17
4
4
37
49
1
0
0
1
0
0
0
0
0
1
3
1
0
10
0
7
0
0
0
35
0
0
0
0
0
3
0
1
0
0
34
180
1754
661
0
0
4
975
1
0
0
2
0
15
0
0
0
0
0
0
0
0
0
243
0
0
9
0
3
0
0
0
82
2
0
0
0
0
821
0
1
2
0
77
0
0
3
0
0
8
0
0
0
560
1
1
134
0
9
0
1
0
0
0
2
0
7
27
268
2
8
14
0
298
43
0
0
10418
0
0
0
2
0
0
1
1
0
2521
0
19
213
10
0
0
3
0
1191
0
1
1
23
72
1
1
0
0
0
5
0
0
1
20
0
64
0
0
3
0
1
0
17
0
430
41
0
0
5
0
6
5
0
0
2
11
0
0
2
0
0
0
0
23
0
0
0
2
0
3
0
0
0
1
0
0
1
106
0
0
0
2
607
0
0
1
1
0
0
0
0
0
0
0
0
0
1
0
9
0
2
0
88
0
0
0
71
0
0
0
2
2514
36
1
32
2
0
38
0
7
1
46
28
7
0
0
0
228
0
0
0
11
0
1
0
0
0
0
8
50
0
0
0
0
4
3
7
744
50
0
264
407
0
0
0
0
1
2
0
0
0
1
0
0
0
2
2
0
30
0
53
1
0
0
0
1221
1
1855
2
0
63
494
0
1
47
0
6
0
0
0
22
49
0
0
0
23
0
0
0
0
0
38
0
0
0
0
0
1
0
0
0
4064
0
3
0
0
1
0
2
0
0
1
0
0
4
0
0
7
54
0
0
0
0
0
0
1
0
13
1135
1
0
2
6
3
28
1
268
4
0
1
80
1
0
1
0
0
0
1
0
21
0
0
0
0
0
4
10
15
0
0
2
1
0
23
0
2
0
0
743
0
8
0
0
0
0
0
1
142
0
57
0
3
0
0
0
2
942
6
0
0
0
0
384
7702
5
25
3
2
0
0
138
5
0
2
2
37
0
0
0
0
13
245
0
26
0
0
0
0
0
1
0
1
3
3
0
0
0
0
0
0
0
12
0
0
0
0
0
651
0
0
0
0
7
0
0
0
0
0
3
0
0
0
0
31
1
2
0
2
2
6
12
0
0
0
0
0
0
0
0
2754
0
0
0
0
0
0
0
0
0
0
0
0
0
3
0
0
0
19
0
33
0
150
0
4
1
851
1
0
0
0
0
1
0
0
0
2170
0
44
0
0
101
0
5
0
0
0
0
0
1
9
152
0
1
1
2
11
0
28
101
318
7
2
31
0
0
0
0
1
0
0
0
0
0
0
0
0
0
1
1
0
0
55
0
0
4
44
5
2
0
33
33
1
0
27
55
0
0
5
0
8
0
1
3
0
0
3
92
0
0
4
1
9
5
0
186
0
7
12
8
51
1
1
0
0
1
52
0
0
0
0
0
0
0
0
0
0
0
0
0
2
18
0
106
0
0
0
2
102
0
137
0
0
0
77
4
0
1
1
0
0
0
0
0
0
1
0
0
7
11
0
0
2
0
66
0
111
2
0
211
0
0
0
0
6
0
6
1
129
2
12
0
1
0
0
0
0
0
0
0
0
0
40
0
0
0
0
0
0
0
0
0
0
0
0
0
4
2
1414
0
1
1
285
486
1
31
0
0
0
115
0
0
0
0
0
0
0
1
1
0
74
0
426
6
133
0
4320
6
1
0
1
3
5
1
1
0
71
0
0
0
0
0
0
0
1
0
12
0
0
0
0
1
0
1
2
43
0
3
0
0
1
2
592
0
0
1
0
0
12
1
0
434
0
115
0
0
0
21
0
4
48
0
0
1
0
0
0
10
37
2
304
1432
20
10
0
0
0
1
0
71
406
0
0
0
0
0
0
0
0
0
0
0
0
108
0
1
3
148
4
0
0
27
0
0
4
0
6
1054
77
0
877
0
0
215
60
0
0
0
0
0
0
1
0
2
0
0
0
2
0
0
22
0
50
0
0
2
75
12
131
1
0
165
0
9
0
0
0
0
0
0
0
0
0
1
0
0
0
0
1
0
0
0
0
0
0
1
0
1
0
11
0
4446
0
3
0
0
0
0
0
0
0
30
0
1
11
13
0
0
0
0
5
0
0
1
12
0
0
2
25
0
0
10202
3
4
139
11
4
0
2
0
0
0
0
0
0
0
0
0
73
0
0
9
0
0
0
2202
0
125
1
0
1
1
0
0
0
4
0
0
1
0
0
879
284
0
0
1
1
154
0
0
4
0
136
0
11
61
0
1
1
5
0
1
151
0
2662
0
41
0
31
0
0
0
0
0
0
0
0
0
0
29
0
0
0
0
0
0
0
0
0
8
0
0
0
0
0
0
0
153
0
0
0
10
21
1
0
0
0
0
0
0
0
0
2
0
0
0
0
5
44
0
1
0
6
4
3
14
0
26
40
15
534
3
6
0
2
0
85
0
0
0
11
0
0
0
0
0
19
0
0
65
0
5
1
0
4
11
0
1
0
34
0
27
0
4
1
838
1661
0
1
2
0
6
0
0
0
2620
0
0
0
4
11
0
0
0
0
43
0
0
35
0
165
0
0
0
0
14
0
3
0
3374
19
0
0
0
0
0
0
0
0
0
15
0
0
12
0
0
0
66
0
0
0
9
1
0
8
14
7
1
0
32
4
1
1
24
0
0
0
0
0
8
0
52
0
0
0
0
0
32
0
817
0
555
2032
0
12
7
0
1
5
0
8
3
1
35
613
0
0
0
0
187
0
0
1
0
5
0
0
9
0
1
546
273
0
23
0
364
2
117
0
1
0
0
0
71
0
0
0
209
0
0
0
3
1
0
1
2
0
0
23
0
6
0
0
180
0
339
0
0
3
7
4
109
1
241
0
2
3
4
4
0
0
0
0
0
0
0
16
0
0
0
0
0
832
5104
12528
10562
163
5
34322
440
3566
33509
5104
444
15601
0
153
6833
55
3566
15079
11
3566
14582
302
1612
848
0
1556
6
1826
622
180
1612
1612
75
75
839
1612
954
274
147
169
21293
185
302
180
27656
1035
11
1612
3691
7283
314
11933
320
994
960
87
38756
10933
329
48
28
169
440
3
1336
12
10
11615
0
6
617
5
0
0
288
0
2886
368
3
2
7990
7
2032
3635
726
517
11
1017
8204
2101
1817
29
259
295
11
11
4820
0
57
11
69
2318
704
13538
59
0
517
295
24
230
1050
11
31
34
6
186
940
50
2
7580
24
38362
148
1603
26691
210
617
0
1
46
4608
296
4
1711
0
21775
5122
37
3427
4
9037
2
11
0
53
14483
1867
13
28567
1
0
0
0
538
1
0
23
0
0
0
20
111
0
0
866
5519
30
1
1
0
3300
0
465
0
354
128
0
1086
13
50
1
8
4
33
379
0
8
0
10
508
0
0
49
9
50
528
11
10
14
68
14839
13
4637
74
120
27
6
10377
6737
0
52
4893
26982
79
0
30
0
0
65
146
0
140
138
0
67
31
1
26
4
1
5
8
0
116
0
140
1
1
34
693
18
44
0
201
78
3793
256
448
11
76
148
247
18977
0
71
11
3637
363
0
4251
0
0
1
0
1256
1031
2
10512
0
1
7
199
0
671
4786
18
0
150
0
32
0
2
55
32
14
65
451
0
0
0
90
196
9833
2
15
27
16
648
3
65
1
173
0
2
4837
47
0
2
2245
2302
311
7861
20
9
7
0
0
33
11245
0
158
2
4012
91
1
0
0
167
1716
7
1117
0
0
1
3
32292
59
723
0
11
273
0
0
1404
0
236
3360
0
1
0
2
38
1
28
34
0
0
184
2296
4
686
0
0
0
1827
21
13
1
57
1
5267
1250
4480
2
9516
1
1
1523
13929
3
518
324
2
66
126
209
1883
1302
6800
34
0
9
0
0
0
73
1501
0
3
0
1
1
547
10
9382
9
0
16
34
57
0
2
36
0
0
967
167
488
0
12
2064
25
16
338
0
280
0
0
682
0
0
0
116
0
0
0
30
37
4745
30
3
0
0
2
9540
39
0
12
3043
400
0
0
1
0
0
0
25
2
647
35
1628
0
0
71
0
199
4649
0
11
348
50
0
366
0
84
25
2
0
1
0
45
2
0
29
0
0
3
0
2401
1
78
0
1
1
22
1
16
1
184
234
0
0
100
385
11516
1
1
33
34
0
0
523
1
101
9156
113
0
5083
0
6
1
8428
47
2225
10
0
0
3080
55
83
3
47
3023
9
532
2572
0
0
0
0
110
5
42
0
0
0
0
31
1
0
39
59
36
3
79
0
3
7
5
35
0
277
43
155
0
209
1
2
4
15
38
6658
1
0
0
3
48
0
669
0
22
12
107
109
0
1
4
75
0
24
2
89
0
1
201
151
2
0
0
1431
131
0
210
3
556
803
10
639
0
0
2
0
2283
2977
0
41
3
0
0
0
2644
0
995
0
4
0
1
670
0
8
0
52
87
0
2
53
572
0
0
0
596
0
71
0
9
129
1716
0
0
17893
0
17
0
0
2
2
1
0
0
0
52
0
347
1726
94
0
0
727
0
0
28
0
0
119
322
0
283
13
2
0
5195
0
2
7
117
641
940
1
0
231
0
0
1
1
15
2283
2
0
724
162
0
0
4
1
0
33
1
2
0
1
0
7068
0
173
2
0
0
0
5
0
0
7
1563
6743
1
65
191
1
960
0
0
81
0
28
0
2
19
22
0
0
2
2
0
39
457
0
868
128
16
78
0
2
27
0
0
2325
0
4
5281
74
6
0
1
2345
118
0
73
1604
4
0
271
0
0
17
10371
563
0
10
15516
0
30
0
7
3
0
26
44
6
46
0
3
0
0
3
209
500
1
0
0
0
1008
25
0
2
0
2
0
5
0
0
3
0
759
79
0
0
12
6
0
0
168
0
0
31
4
0
7
5
4724
0
0
85
403
0
3
0
22
0
438
0
84
0
0
600
15
0
2
0
0
0
436
291
13
0
15271
4
0
49
194
164
38
89
5
23
3
0
53
23
64
359
0
0
95
3220
0
34885
393
1
3
1
3
1
600
9
2657
273
113
83
0
0
0
24
8
23
0
2350
620
0
0
178
0
3
44
56
5738
1
48
0
18
785
7
1
1
432
367
10665
38
0
0
0
0
0
832
0
80
0
3
1
1
0
0
0
0
49
1314
0
14
86
2
0
0
0
41
289
138
2
2745
2
0
110
0
160
53
1
12
201
42
0
0
0
9
0
3
2779
42
687
1
1
0
0
1214
783
0
423
2
638
0
2
15499
0
4
1
0
0
1
198
150
0
0
0
0
7
0
67
8
0
0
16
319
684
21
8194
38
976
35
0
58
0
2732
1088
1360
0
369
0
0
0
1504
0
0
1
0
0
0
43
0
0
0
0
3091
0
249
0
5195
0
683
0
0
0
2680
0
0
0
47
0
0
0
0
51
29
293
27
0
0
0
0
0
0
3
0
1
16
13
183
9
0
3
1
2
5591
1
0
15
1
4
0
86
13
1042
297
11
0
0
0
0
0
0
0
1
0
1474
1
6051
0
0
3436
0
314
30
1
0
0
0
0
0
2
4
0
0
18
40
1
29
0
0
24570
29
0
0
0
35
70
0
27
1
39
24
0
604
0
593
0
0
901
23
0
1
38
0
0
95
29
9
0
0
64
0
4520
664
2
0
0
0
1
134
27
464
0
2
3
0
27
0
0
0
3402
37
888
0
0
9
7
994
0
0
35
0
0
0
2
0
4
1
5
0
0
0
0
3
0
11
9325
8
0
478
1
0
61
0
0
3
1
4
0
5
11
0
0
21
127
0
52
0
65
0
9
3
0
2616
3
54
0
3
19
0
1
0
1
4
8
7
1164
0
1
0
0
0
41
5755
0
5
0
0
13832
0
1618
118
0
38
0
0
17
617
11
35
364
1352
4
14
1
0
241
1
7
0
0
4
1358
1
147
1
0
11
54
0
33
0
0
0
0
0
11
0
1610
3
0
63
11
67
319
16
8
181
0
0
29
0
0
0
1
10
15
63
0
227
0
0
331
0
1
0
0
2
0
20
0
2
141
2
25
70
0
9216
0
66
0
0
1978
0
110
9
64
6268
5
267
33
1495
21
1641
791
754
53
8
0
0
0
77
3
1380
31
0
1084
2761
0
0
0
4038
1
892
293
1
12
6001
608
0
1
50
0
1
0
5
591
49
0
4534
1
0
1
1
54
1
1
9
1
352
0
0
5
0
0
87
1
0
198
0
1
103
0
30
6019
96
1
0
62
1988
7
0
0
73
13
0
0
0
15
0
2
0
22
2
63
6
0
1
164
2
0
0
1
1
41
5
0
0
65
0
0
0
0
1722
9
0
0
0
0
0
1
1
0
8
0
67
0
0
171
0
0
1
0
0
0
0
29
124
0
2
11
0
24
4
14775
0
0
1091
1987
0
1
36
0
0
0
2561
0
1
0
0
24123
0
32
0
0
9
1730
59
8
1
0
0
0
0
0
839
0
0
0
0
263
1
34
0
1
0
25
1
2
20
135
0
14
362
0
0
0
1
16
1
0
4
6
65
5
0
99
19673
3
0
0
0
20
1
2
3
0
3542
670
82
1
22
2
414
1
2
0
2707
13
14658
0
2470
0
0
0
6
0
0
50
0
20
156
644
0
0
8
1
1
688
24
27
59
0
0
160
0
0
0
0
86
520
0
133
177
25
62
0
2
0
0
0
142
6390
0
4
4668
6
0
0
448
13
49
77
20
0
0
0
44
8
2
2
71
0
516
0
4928
0
0
1
5
86
0
21
0
0
1
19
2
15
0
0
0
0
0
14
82
0
0
547
0
0
0
24
0
0
4
0
314
270
96
70
3235
65
0
246
16
7
0
7
444
2
0
49
1
16
34
1
1
1631
0
0
2
1
0
363
4602
1
94
8
0
241
0
12
17
0
9
0
0
0
0
4
26
0
2262
0
0
1
0
0
58
0
31
0
0
0
0
0
5463
0
4
1
1261
3509
120
31
0
25
0
1
1
0
3
0
33
0
85
3
0
1
0
0
218
2438
1
4
39
0
0
0
0
0
223
13
0
26
43
0
0
2
899
0
0
0
0
0
0
11
128
0
0
1569
0
0
452
3
62
0
0
3
1
0
3
0
115
3
18
0
0
1
2
210
0
1
14
0
7
0
3
0
2076
5
0
0
0
0
569
4
0
0
0
0
434
290
0
0
12
0
0
1
0
207
0
0
1
0
3
0
0
0
0
0
9
0
1
2
0
0
22
378
2
0
12
11
3
0
957
0
0
0
0
121
81
3
107
0
7
183
2
345
0
0
202
0
0
21
1
13
701
0
8
0
0
0
8
0
0
2
0
0
5451
0
175
16
0
0
5
0
0
6
0
1
0
0
0
0
1281
3
0
1
4
59
41
2
21
0
0
20
0
0
0
877
3
407
0
34
0
0
0
11
606
0
0
0
0
0
0
1
8624
4
544
0
0
1
49
0
0
10
15873
0
1203
9
2
1
0
99
0
299
0
0
4
1
0
5
0
1
42
4
0
0
1
28
263
221
14
63
14
427
726
4
149
1
1
1
0
0
0
7
5
326
560
5
55
0
298
296
1
2570
0
0
0
381
182
1
3
0
1
0
5
4016
0
365
49
0
30
2
1
0
0
0
263
3
1
0
0
20
0
19
0
1
0
2
1
1
0
0
0
0
0
2
0
98
2
0
852
366
0
1
134
115
0
1
7
56
40
0
1
0
0
0
858
90
0
0
1
1505
23
45
85
0
60
0
0
0
0
120
28
0
0
2
0
1
0
4509
0
0
0
0
0
0
6
1
215
2
0
2
924
0
0
0
3198
2953
6
0
69
82
0
0
0
0
187
1
0
35
13
30
0
1
0
0
1
34
0
1
43
2
0
4
0
0
4
0
1
5
0
0
1213
0
0
0
25
0
36
8
1
61
58
7
0
0
53
1
0
27
0
492
3
0
0
0
1
91
0
0
23
13
1
0
0
10155
0
0
0
901
2
4
0
145
0
0
1
0
372
0
0
380
0
0
0
166
1
0
0
43
297
0
263
2
0
1
374
30
0
8
0
0
505
21
150
0
0
24
3
3
0
0
6
0
0
0
0
82
1
65
0
0
6
0
473
0
0
0
0
0
24
1
0
0
0
0
0
7
0
460
4
533
0
0
3
125
0
1065
3
471
13
1504
40
0
0
5
3
0
153
8
20
131
2
0
0
0
204
0
0
0
1331
24
1
19
0
0
0
26
0
1036
2
7377
0
0
0
8912
2
0
1
312
14
43
0
152
14
0
0
2
0
179
3
2
6
41
0
13
148
11
4
39
25
1682
6705
28
0
0
7
0
0
0
0
0
99
1125
0
20
0
25
1
0
1
0
14
5
11
3
0
37
118
0
2
1
0
0
11
0
3
420
1
24
2
932
92
4
0
0
346
0
28
69
1
56
6
28
0
0
370
11
232
1129
0
0
0
1
9
0
0
8
2
444
169
3
25
0
612
17
4
83
41
0
190
0
0
0
141
69
4634
0
171
18
0
0
0
0
0
0
1
3
0
0
32
0
15
0
0
1
1400
59
1
3
6271
0
0
0
0
575
0
25
0
0
0
29
1
2
0
0
79
1
0
605
0
1
0
201
0
0
0
0
0
28
84
1
0
0
7
124
0
0
2
0
1
0
0
14
2117
0
5
28
8
0
341
86
0
0
1
0
0
0
53
0
1
0
2
0
44
0
0
0
0
2
0
1759
0
5
0
1099
0
0
0
12
978
48
0
7
0
0
0
2
0
0
1
0
0
0
0
13
0
0
0
0
5
9
0
12
0
0
0
5
0
2
0
480
0
0
1
2116
1
0
211
0
0
0
0
0
108
2
3
3
0
0
20
78
0
0
2
18
2
17
267
43
52
0
50
267
0
0
0
48
3
0
0
308
0
71
30
0
0
0
0
93
0
0
21
0
1
0
0
35
0
0
0
0
19
2
13
1
6
0
19
2
2
15
0
0
0
0
597
1
1
0
32
0
0
0
6
0
0
580
3
118
0
4
0
1
0
65
1104
22
0
0
0
0
0
0
0
300
0
1705
23
0
51
0
0
0
2
3
1
0
8
141
0
0
0
0
202
0
0
0
0
0
31
0
0
0
0
0
611
1
0
6
0
14
26
1
127
0
30
0
1
1
19
2142
0
0
1
6
7
0
74
1
99
0
2101
4
136
3
0
0
6
1620
493
0
614
0
3
65
7
0
3
13290
2
217
0
1
0
0
105
7
0
0
0
0
5
0
5
2
1
877
13
0
0
0
1
0
0
0
135
2
1
0
6
0
0
0
568
10
18
0
24
0
9
6
0
0
121
126
0
9
2
294
0
3
0
19862
932
2067
0
0
1
0
36
0
0
240
0
0
5
2
13
0
0
0
1734
32
0
0
0
0
0
0
0
6218
0
0
1
0
1
0
0
0
59
93
754
751
1
2
0
10
1
22
0
0
1
0
1
0
4
0
0
0
230
0
33
1436
256
1
0
7830
0
326
0
0
0
0
6
0
843
29
0
0
0
0
105
0
7132
0
2
0
0
6
38
1
0
0
0
0
532
0
32
0
0
0
0
0
0
124
97
0
0
0
15
0
0
4
32
0
277
344
1
13
302
4
1
0
0
4
0
47
150
0
0
107
1
25
0
0
0
2
0
0
8
0
0
16
123
1
0
37
0
8
1
8
0
0
0
0
0
0
0
0
646
1
899
90
3
1
5
0
0
671
11
2106
0
0
1
4
0
0
61
16
0
187
892
1188
3
1
66
16
0
99
0
0
0
0
0
27
0
6
1
13
0
0
0
0
0
0
0
0
92
72
38
0
35
1
0
0
0
1
4
0
3
0
0
0
29
1
2
0
0
0
0
1
0
0
4
81
0
0
3
0
0
0
59
0
864
1081
0
0
12
1
8
0
1
3
296
0
0
0
0
0
0
9
6
0
0
0
0
0
493
1
0
0
7
12
0
3765
0
0
6
429
374
0
2
0
0
0
0
0
0
0
0
0
12
0
1
1
2
579
0
305
2609
2422
1
14
4
0
94
0
0
11
0
5
0
4
1
679
0
7
476
0
0
0
0
0
0
0
0
0
0
0
0
0
2
1
0
0
0
1
0
5
2
64
3
0
0
11
0
0
1
841
92
0
0
38
1559
0
71
28
0
0
0
5
0
0
22
50
13
0
0
0
0
0
1
0
0
7
7
0
1987
1333
1
80
4635
0
0
3
8
1
0
0
3
0
0
0
0
0
0
0
0
30
12
0
0
555
1
193
4
0
17
0
0
1
0
1
0
1
0
0
975
1
3
1
103
3
0
1
0
109
6
39
0
57
0
0
0
0
304
0
2
23
0
3
0
12
0
30
22
0
0
1
0
4820
0
0
1183
0
0
39
30
0
0
25
0
3
126
1
3
42
26
0
3
59
0
1812
0
254
84
0
56
0
0
94
0
0
10007
304
0
0
0
0
0
3
3
21
148
2
0
1
0
0
6
16
5
1
0
30
0
1421
0
45
0
0
0
0
0
0
0
0
0
32
0
1
301
0
4
0
0
0
974
0
291
95
0
42
2
0
36
72
0
0
0
0
15
0
1
67
7730
0
0
0
0
24
1
2
0
249
0
0
73
0
0
0
0
1
3779
0
631
56
3
288
17
0
4
0
0
0
0
0
0
7730
0
0
7
0
0
6
0
31
339
0
123
1
88
0
0
0
0
0
0
2
551
1
0
28
368
1
4
12
0
0
522
0
0
864
0
39
0
0
123
637
0
0
1
0
1
0
1
0
10
1
82
1
0
1
1
0
0
0
4
0
4093
0
0
1
0
0
0
0
0
49
0
78
1307
0
0
220
49
0
0
0
4
0
8
193
6782
0
2
0
0
9
1801
143
0
0
2
2
0
0
5
450
1
0
0
0
0
0
29
0
136
11
0
36
16996
0
0
0
13
171
7281
559
5
1
1
1
12
0
0
15
0
0
0
1
0
0
0
0
0
0
0
0
18283
0
1081
0
0
0
1
95
53
0
0
1
0
0
5
0
1
0
6
1
0
2
1
0
29
1
0
2794
874
1127
1
0
0
77
0
0
155
202
2
349
562
8
28
0
0
0
1
310
711
0
0
2
0
0
0
0
0
1329
34
4
1089
0
5
0
1
0
1
17
8
13
6
48
0
0
0
0
0
0
156
0
2
0
103
10
2
32
0
91
1
696
2
6
427
4
0
0
2093
1
1
64
318
10
0
1
0
4
0
0
2
1626
0
0
24
0
12
173
0
0
1
0
0
0
16422
0
85
0
0
3
667
0
0
0
0
3
6
188
0
4
0
0
0
0
1487
0
0
1
0
0
0
3329
0
0
236
1
0
2
1
5
4
2
1091
0
2
565
11
75
8
0
1
0
0
25
90
318
0
44
12428
0
0
0
0
0
0
0
0
1
75
0
2
0
0
0
14
0
7
0
58
1
10
5
0
0
0
0
1
0
29
1
77
0
86
818
0
6
2
0
0
3923
5
2
0
0
0
0
649
0
0
0
0
0
289
12
0
0
10
1
0
0
0
6
382
0
0
43
0
0
0
0
0
0
0
0
0
0
4
0
0
8
41
1
26
8
0
8
0
1
0
0
0
1
2800
35
0
0
0
707
0
0
1
0
830
1
4
3
138
3701
0
0
114
1
56
0
4
5
0
0
0
0
11
0
4
12
10
0
0
2
0
7
0
0
0
0
0
4
0
28
7
0
0
0
38
37
1
0
0
0
0
1653
34
0
456
1
1
1
2
489
0
0
0
40
0
1609
10
0
0
0
0
1
30
1
0
0
506
20
0
0
4
0
14
29
0
6
1
522
1
0
106
0
4
0
0
11
0
0
0
0
0
0
91
407
0
17
0
12
1
0
0
0
0
1
40
23832
0
73
0
58
0
0
5
0
65
0
1
0
0
3372
0
6
2
167
2
1251
1
934
13
1
1223
75
0
0
0
3
0
0
2
61
0
295
50
27
7
0
0
0
0
13
0
0
0
0
0
0
0
30
262
0
0
0
0
1
832
0
0
17
0
5
299
0
0
21
133
3
3316
0
0
3
0
0
1
0
139
0
35
128
0
5
1
2
0
0
2
0
38
1
4242
1
0
826
3
1
13
22
0
417
0
268
763
0
1
0
0
0
0
114
0
0
0
0
2
0
0
0
1
58
4151
24
0
1
6
1
319
1185
0
1
0
0
3
1
2
0
0
0
0
0
1135
0
143
1
11
2
7
55
1
576
2457
0
0
0
8
1
0
3083
0
9
36
29
0
1945
17
605
34
2
2
0
28
0
0
57
3
165
0
0
0
5
0
0
0
2
44
0
0
0
0
0
1
0
0
323
0
923
100
4
0
0
0
0
23
0
10
0
277
0
113
0
2
10
0
0
1425
1
0
0
0
0
2
12
0
5
0
0
13
2
0
0
9
7
0
229
28
117
912
75
75
355
12859
20283
38
12859
3274
5090
0
440
18708
38
17129
3274
3274
47358
15491
87
38
12982
187
30683
18684
12859
19516
2226
12814
10719
5104
46204
1060
1621
17129
13916
20622
10761
1887
603
21912
6
12532
4191
160
1420
320
12215
87
6
4379
5082
6904
26960
20885
36473
2045
262
3274
9005
1612
2357
36489
1359
34
18231
0
20
6398
6
33
8938
181
8303
1809
595
4
43
3
1030
6490
3
3
1103
2111
12124
5178
979
21
3915
10
7
3421
6965
720
3
51
5
0
653
0
0
40
107
24
25
10923
92
679
9465
8025
80
519
143
6934
70
41
3
451
308
2839
72
239
900
129
107
286
208
12365
111
111
6177
57
0
17
12
0
45
882
1
576
213
540
57
33
0
52
16
341
0
3
185
504
156
157
2
0
6
0
67
1894
19
30
8
15
267
8
16
37
1
368
97
0
7966
624
2458
1535
4
21196
58
0
1618
35
5
0
256
388
6
162
26
610
30068
150
845
31
2968
1
502
5
1
69
7
15
8
49
1848
0
0
12
301
0
0
14
168
26
8
1
0
0
551
37
166
0
68
1
25895
29
7
29
6
8
0
283
13
23
1820
24
3440
251
1
13
599
799
15
6
1
92
8
1475
1
1
46
22
0
29
37
7
1
0
0
7
2
23
4
0
15
0
433
8
3
39
12
789
454
7
9
0
147
19
0
1218
5
840
151
5
0
217
0
9
213
6
18
11
41
145
129
4
23
5
43
217
2
4
2
0
0
2
572
4
79
1128
0
4
5
19
0
2
220
195
752
0
21
0
5
0
188
11
0
2
74
680
32
5
64
369
982
0
8
0
28
5039
0
21
56
3
12
5
2
979
0
9
4
0
111
6
25
92
3
0
272
152
309
40
4
0
0
932
4559
648
9
1
2335
204
4
74
11
0
91
33
70
0
153
5212
89
0
0
0
4
0
0
0
39
141
53
707
25
3
4
355
30127
0
2
1
2
11960
0
0
2
0
8
0
135
4
1
13
5483
0
0
12
544
0
3
1263
15
2
0
1
13
120
235
2
2
81
0
0
2
2
0
0
1
0
237
1281
9
11795
0
11
0
73
1
53
145
33
1
154
0
0
5
2
75
0
75
28
55
31
9
7
1
8
140
3
30
2612
0
671
0
16690
82
0
2
156
0
3393
2
18
2
4
3
143
370
0
2
131
2
1
0
0
160
0
12
6
6
3
19
1987
0
2
27
1
83
119
4
29
160
1637
2
1826
0
1
0
8632
1
0
0
1226
55
1
26
4321
0
24
9
6
196
2
20
12
82
8
7
0
2480
88
6
189
517
0
0
0
9
13
7
0
0
20
0
5
12
5
0
53
0
1440
2074
3708
27
19
0
72
45
1
4083
22
2
41
240
0
49
1
2
2
0
0
0
82
0
26
3016
0
1725
781
2969
22
2
63
12
1
433
17
2
9
7
0
0
0
2406
106
0
5
159
85
4
0
57
28
2
1
0
263
2
327
0
0
0
19
4
0
23
0
4
1
6
5
1
27
17
0
283
416
0
7
0
1
123
0
19
15
0
9
0
5789
386
0
299
1
3
0
4
5808
0
106
0
108
12
2
1860
0
0
6
2
43
660
26
688
314
151
0
973
0
0
18
18
341
64
758
9351
0
0
1
382
274
1
3
107
975
2
4
68
0
1
11956
68
200
3973
547
0
0
120
0
402
3
0
0
1
156
46
88
75
154
7
4
1068
0
0
28
32
0
3
0
0
350
0
22
9
0
10
34
0
0
2
0
145
296
3
127
0
0
12
5887
1
524
32
12539
10
0
0
128
0
0
9
0
210
0
1
129
2
195
0
1
0
0
1
32
1
29
409
0
84
1
2
63
234
1119
0
0
1
0
0
0
0
3
0
0
79
1
2
0
32
29
0
19
0
0
0
0
0
0
1
1
0
0
0
3642
0
1917
0
596
2
19
0
0
86
43
30
3486
7427
913
20
0
1
276
0
0
2
117
12
3
200
1
1
1
805
0
0
1
0
0
23
496
2
14
2
62
0
2
0
0
0
10
163
0
0
4
2969
2
0
0
359
10363
0
4
1
10400
2390
0
5
3
1
0
7
0
60
0
90
298
0
0
9
0
76
2538
1150
0
0
18
0
0
295
0
0
0
0
44
18
1
9
0
2
25
12
523
0
3
0
0
26
3
798
14
0
0
4
0
5
0
34
1
0
6
225
118
17
72
0
33
11
98
2
25
17
1
0
1
10
0
1
0
238
2
7342
0
20
0
9
0
77
0
2
2096
1
5
0
0
580
39
0
7
7689
33
0
0
0
2
6
7
0
0
65
1300
0
1
0
0
89
987
5
28
11
5
1
1
0
2848
1
0
834
15
231
7
0
1
6
46
10
2
51
9
2
80
316
166
0
6
3089
64
305
2117
0
0
2537
504
8544
333
51
7
0
0
322
0
5
10
10
2
0
0
2
0
0
4927
0
0
2
0
2
0
0
69
0
1
5
5
0
137
4814
980
8
1
0
8209
1
6
2034
13
224
4
2
0
4
265
0
2
112
706
47
0
39
542
28
2
1
1284
13
0
8
0
138
9020
0
33
63
0
0
0
43
8
0
1
1032
0
0
0
143
31
0
3
0
8
0
0
0
1
0
86
0
4
81
26
8
0
1
0
0
3006
0
0
0
2
1
29625
0
1
19
0
105
1
10
46
3
0
2
0
0
89
1
147
269
7
1492
607
0
49
26
0
0
0
1
184
0
0
1
1127
0
12
112
213
0
0
0
0
6
1
1
1
0
647
0
23
0
0
0
0
0
0
16
0
0
333
0
1
6
0
0
60
1
231
0
17
828
0
0
1
0
0
4
0
0
2
0
10318
1794
1
164
53
5
0
8
0
7
399
0
4
1
46
0
0
38
8463
0
3413
0
3
211
26
42
128
3
34
0
0
2
0
58
122
2
0
11
3
1
1239
1
1
2
24
16
19
0
0
0
0
721
0
122
0
58
0
46
75
0
3
1
25
0
0
0
0
0
349
2460
8188
1
6
0
0
895
1426
0
1
34
0
4
67
1
20
0
507
0
1
12
0
9
0
1
7
0
0
0
23
0
1
0
0
1128
4318
126
1224
131
0
0
41
0
0
410
817
2555
95
3
2
0
7
67
5
373
309
238
485
0
18
1
486
0
0
67
0
0
3
16
2351
106
0
0
117
7
77
36
0
3946
8
0
114
1
0
4
0
6
325
0
0
90
323
1034
0
0
0
2
0
1
4
0
0
0
0
129
232
2
0
0
0
6
1
5
64
3
21
2
0
6
0
0
9
3090
6773
1038
222
3
0
9
656
0
1
1
3134
1
6
1
0
3
0
23
3
0
18
31
1
0
5
9
65
82
6
45
0
1
2
59
4018
0
0
1
1171
0
0
24
0
54
0
0
22
0
664
0
0
0
0
1
715
1268
1
2
5
9
5
3
40
1
9
0
0
0
0
5
3148
0
0
4
8
0
0
0
1
1
1
0
866
1
41
39
5
1
1
16
0
0
5
4
97
0
1
1
1921
12
0
2202
5463
56
10
3
3
0
2
10
0
17
0
0
25
242
1
2400
3
4
194
1
2
11
5
0
0
4
1
1
0
1
5994
0
11
3
0
0
0
0
11
2
1970
15
42
16
0
1
24
526
1
8
3
3
1
0
4
1
7
117
7
17
1
0
564
0
1093
0
672
12
1
0
2
13263
49
3
2
388
12
0
1252
244
2
3
1
0
1
2
26
0
1
73
0
1429
1
19
826
25
80
0
8
14
1
1
9
4
57
1
3
204
0
0
0
158
0
6
166
19
0
1
37
4
6
60
8
662
0
533
11
1
10
4
5
745
77
0
2
696
1
0
6
0
0
0
0
9
23
0
44
0
0
15
0
334
9
1
3
0
0
1
135
0
5
14
1
0
9
3
0
0
4
2
13
33
206
1
146
11
894
1
19
11
1
0
0
2
11
0
21
12
0
1
0
1
2402
0
1
22
9
0
7
3
179
0
0
0
15
4
467
12
0
202
6936
1
4
781
2
0
19
555
0
17
3
2140
0
0
4
0
2
19
2
0
0
1274
3
67
15
1
0
8
344
29618
24
2
0
10
2
3
6
0
127
17
1
1
5
69
1279
0
0
2
1
3
5
7
1
5
29
2
0
11
1068
2
0
0
3
1
278
1
533
131
6
159
51
16
0
40
1528
15
1
0
0
0
1
3
5
3
3
1
4110
588
57
0
0
0
0
224
1
0
2
3
0
0
0
36
111
10
8
0
4
6
0
144
356
0
0
4
216
0
0
2
1
0
0
100
294
38
411
34
110
0
2
0
1287
0
5
0
2
0
33
0
4
1
29
12
4
0
10
0
0
89
0
0
35
0
25
95
0
1
0
3
2482
0
0
12
0
0
0
0
3
0
0
1
60
144
12362
15
3
2
349
0
34
0
0
34
0
0
601
0
0
0
2563
40
84
0
4
411
1615
37
70
7
549
62
0
0
13
0
8
3
0
106
0
0
0
0
8
0
1
297
1
3
22
0
18
5
0
0
1
0
1
0
0
0
0
13
14
0
0
0
0
1
11
0
3
0
0
6
0
7640
187
0
289
1
0
149
7
38
0
19
172
6
0
39
0
0
4
0
0
17
0
0
3
5
3
0
2370
0
0
0
267
18
1
0
2
2
227
366
67
18
0
0
0
1
50
67
0
638
24
24
0
4
324
146
0
0
0
0
200
1
218
3
0
277
0
201
0
730
7
879
0
4
2
1
708
0
0
45
0
4
0
53
0
0
4
0
2
0
2
137
4
0
32
12
0
0
520
38
0
0
298
134
0
703
0
0
33
0
3
0
106
65
0
10
10
0
708
17
0
0
394
0
2
6
102
0
170
0
1
4
6
122
0
1
0
15
328
0
11
0
832
23
18
3
0
0
67
2
0
0
0
364
0
6652
0
2
0
3
22
1
0
30
2
0
3
7
12
10
3516
69
1
1
11
0
1584
23
0
8
3
20
0
24
1
0
15
0
2
1
3
1375
8
5
0
1
0
0
5
20
62
0
6
39
0
176
24
7
3
246
186
0
0
19
236
13
21
0
16
0
1
81
0
8
0
4025
0
29
0
2
8701
40
0
4
100
9
0
0
0
0
12
0
0
0
87
1
1
2
4
387
57
0
613
6
0
0
0
1176
0
5
0
9
11
9
1
0
26
12
34
3
6
2
23
8
476
437
98
28
2
1
61
2638
7
347
0
0
0
7
0
3577
0
5
1
0
0
0
198
313
0
0
0
0
0
0
0
9
6159
0
4
0
7
1310
1
74
120
1297
0
93
0
0
0
5
0
0
0
1
0
78
0
0
2768
0
0
625
146
0
0
399
4
8
432
0
6
4
0
1998
2
5407
0
0
1
0
6
1
5
1
0
18
170
3
0
2
0
2035
1
0
7
20
0
42
21
0
3
1
19
8
8874
0
17
1
4
23
2
7352
0
0
0
0
37
1
109
71
0
181
0
265
0
2
0
687
0
1
16
0
8
0
0
1
4
17
1
7
0
0
0
3
13
0
0
4
0
58
0
1
13
0
19
0
67
142
0
1
12
0
120
26
53
0
218
136
10
1
27
2
14
0
3
6
1
198
0
2
0
17
0
23
0
111
12
0
0
3
1
1514
10
54
2
714
3881
50
4
26
0
0
0
0
2
0
1
393
3286
0
2
0
0
0
112
0
8
0
0
0
2473
0
0
0
4
0
0
0
0
0
3
3
0
0
10
60
1
0
0
4
0
3
0
2
11
3
24
0
20
1
1
0
2
7
0
0
68
1
0
6
3
14
0
0
774
0
8
0
0
0
23
2
0
4
354
0
0
5
131
30
19
31
0
0
155
8
0
0
26
0
7
247
6
157
14
0
11
395
260
0
6
0
0
1
0
1
1
1
0
33
3
33
2140
0
0
197
0
3
6
0
6
1
397
1
2935
0
0
0
0
0
0
0
1
1110
1
15
0
3573
21
0
1
0
27
9
33
4
0
1
0
0
0
2
1
0
796
10
0
0
1
0
45
2
5
114
0
0
0
0
0
0
0
4
103
1
0
2
0
2
0
2
178
196
0
0
36
0
0
0
1
1547
1
3
0
0
14
0
0
1
239
1155
7
2379
1
0
4
0
10
1
0
7324
13690
15
2
1
166
0
1
93
0
2525
1
5
41
49
0
92
0
4
13
31
78
32
0
2
0
0
0
0
5
0
0
0
258
0
190
0
0
1
7
57
1
1018
0
0
0
41
7
0
11
76
66
0
0
0
3
39
1
1
3
4
15
1
40
493
3
5
904
0
2
522
160
0
54
873
0
29
0
0
5
1
0
15
10
0
1
67
0
5
0
0
1
34
0
0
0
2
60
55
0
36
0
10
4
69
0
3
0
0
199
15309
0
433
7
681
0
0
753
0
2
0
0
0
3
0
58
2
2
0
4
0
49
2
0
5
2
0
0
85
26
14
31
45
156
0
0
23563
6
27
1
0
8
5
0
0
0
1
5
0
2
104
0
7
26
0
1851
767
0
0
4
0
213
0
85
0
66
16345
2
0
2773
1
0
2941
0
1
0
0
4
51
0
0
2
5
34
14
199
0
35
734
3
0
1
1181
2
0
1
16
0
0
0
60
1
0
4
0
0
2
4
0
136
0
6
14
0
16
1
133
0
10999
0
0
2752
1277
0
8
0
2811
171
0
0
1
2
0
0
18
1
1
236
0
7550
99
0
4
0
24
3
15
0
0
9
14
0
0
1
3
2
0
12
0
1
22
42
1
0
11
0
0
94
0
0
452
13
55
1
0
43
35
0
24
624
22
0
245
0
300
141
0
0
29
86
84
70
67
7
0
3
0
0
0
338
3
0
2
50
12
0
0
0
2
1
0
12
0
2
26
139
35
427
0
1388
16
0
53
3
985
0
14
7
1
0
1
0
17
91
48
1
8
28
0
0
1
102
61
0
6
0
1
27
2101
1
0
5
43
1479
5
0
7720
8
4
4
0
0
0
6
1
102
0
0
2
0
159
956
52
38
12
0
48
1
0
20
0
81
20
2
14
0
2
1
232
0
30
1
552
1
5
1
0
19
6
708
2
8
6
3
1775
9
0
0
418
22
0
0
0
0
38
3
20
2
26
0
31
1443
0
0
0
0
0
129
1
1
0
1
598
1
14
94
0
13
2
33
0
7
3
26
1
1
0
0
1
771
0
0
0
0
3
1476
0
0
178
20
0
2221
0
1962
0
17
5
571
10
18
41
14
0
0
1
0
3
345
0
1
4
6
0
0
5
0
0
0
17
1
0
0
0
0
406
2
0
1
19
223
2
1
18
49
8
22
827
4
53
14
4
0
0
3081
6
84
3
4
3
638
0
0
375
2
129
0
1
0
2
223
15
6
0
0
0
19
1
0
2
0
0
1
9
316
0
0
0
5
2
2776
3
9
302
0
1
0
2
0
314
6
3
2
1556
0
15
2088
66
8
2
29
0
0
9
0
5
0
181
0
4
267
34
0
72
9
62
2
20
0
1
2105
4
0
78
2
0
101
3
0
438
85
542
117
1
0
6
4
0
4
99
34
0
11
3889
0
0
0
0
1
1
4
244
0
11
70
0
130
3
0
1
0
240
0
0
0
24
52
1
129
0
17
0
0
915
2833
0
0
722
0
63
1
28
41
0
19
65
1
1
2
0
0
0
6
0
17
0
2
0
0
1304
0
4
11007
3
0
0
0
0
1
6
2
0
0
0
0
50
0
219
41
45
0
0
0
15228
2
0
0
113
5
3
1
2
0
14
3
9
13
0
0
0
0
2
6
8
4
13
2
0
0
0
3396
0
265
4
2
3
5
0
3
30
0
0
0
156
0
41
108
1
231
0
6
0
83
0
10
0
130
128
3
1
0
0
0
0
3
1
2
0
7
2
21
14127
26
3
0
5
5
0
0
0
6099
0
0
0
129
0
155
115
0
5
7
1081
2
32
6534
0
0
20
107
0
0
7
2
0
9
123
0
1
0
0
0
7
0
329
0
0
11
12
15
0
0
0
13
1
1778
5
1
0
3
1
107
0
37
525
0
81
10
0
3
4
0
1
432
1
3
10
387
6
5
374
3
1
0
0
160
4923
8372
65
145
2
412
1
242
41
21
19
179
0
6
0
4153
1
8
0
793
1
26
0
10
0
2
1055
0
0
0
217
1
0
0
0
1
11
9
0
0
0
0
5
6
0
1
1
0
0
34
2
0
35
7
19
1
1085
0
1
7
18
0
116
0
1
35
2
5
0
4
0
3
11
34
57
0
215
0
4
0
0
19
1
0
18
0
104
0
56
42
5
2
4
0
0
54
3
4
6
0
0
15
0
10
10081
0
16
0
0
2
0
0
0
0
0
1110
10
20
0
2
3
581
1
12
2
12
0
139
43
0
0
4
31
3
0
0
0
220
0
4
53
0
4810
0
1177
5
10
3
3
207
4
0
227
0
0
76
405
1
80
5
2
0
3
1
2
0
926
559
0
11
0
0
41
1
1
27
6
0
19
0
2
1
2
1
97
1
0
85
0
1
2
0
1953
9
0
2163
0
44
204
0
62
213
3
0
0
207
18
0
35
0
30
1
0
0
0
23
0
0
0
0
0
0
0
6
1
11
1
143
0
0
2860
3
0
7
0
4
5
4
0
12
0
430
1
23
6
1
58
0
0
99
60
20
2
6
1
1
79
6135
12
0
2
0
133
16
0
3
0
0
0
0
0
4
5
6
0
82
0
0
2
1
0
9
76
1187
12
0
103
12
5
2
1
1
0
0
0
1
1243
143
0
0
16
3
1
0
112
0
9
34
112
0
0
0
0
1609
0
4317
0
3
108
380
68
1148
2
0
7
4
0
2
5
16
6
5
0
48
24
3
0
0
0
20
0
0
6
3
0
2
0
1595
0
1
0
0
3
174
1
1
1
0
0
0
0
0
4
0
249
0
0
1
58
0
0
21
0
331
0
0
0
7
0
0
1
67
1
0
0
84
1
0
0
0
0
11
0
0
960
0
2
21
0
64
18
7
0
1
0
950
2550
644
149
21
0
162
2
2
58
1
12
59
0
0
0
0
18
0
0
0
54
0
216
0
0
13
32
7
389
2
14
0
1
4
0
9
1
1
1
0
0
0
0
0
0
0
26
2
18
0
2
2
1
31
3
54
0
6
4
8
355
0
0
0
7
13
0
7
1
0
606
0
0
53
90
5
1
10
192
1
27
0
0
0
362
43
0
28
3
304
2
57
2
843
0
146
1
373
0
540
1175
1
2
2
6
14
0
0
644
0
17
0
156
211
0
0
0
8
8
0
475
0
0
0
0
289
0
0
7
2
0
148
1
0
0
11
0
0
0
45
0
2
0
0
1
0
44
4
0
0
0
19
0
0
7
10293
3
0
0
0
48
126
27
8
179
19
12
1295
0
4
319
0
0
3
508
1
0
54
27
1
0
2
7
1
1
0
8
1
3
6
0
0
113
0
1
0
0
408
33
3533
20283
10089
2459
1709
291
5104
6805
9790
160
595
12930
8068
15757
374
42835
320
4238
7786
2691
29677
1621
5659
33367
314
0
1201
3274
811
2720
147
0
38
9034
286
412
2270
302
1612
69
5564
2931
90
31860
21957
73
9806
3825
4220
41581
100
67
17161
14030
15215
1060
1
12813
5104
26393
6
2012
44
2
3790
79
761
44
173
4451
326
0
159
0
1
394
10
17
644
1
41
11192
1
0
0
5
53
2
612
91
3
27
110
130
163
91
1130
121
6949
6102
10825
517
11
9817
684
7
0
20169
157
5
166
207
3100
14092
5033
4667
0
20852
524
637
6296
25
60
108
2815
0
39
13
17
82
6
466
1752
2733
41
3
431
42
25224
11
203
10
1193
5
16
9787
587
652
0
19
0
11
2
6871
72
542
792
76
4
4869
3
0
0
0
4
1
0
2
4051
25
17
25
29
1
0
243
35
52
1213
486
39
21
5
4
66
7
20
0
4
1094
313
1
0
0
19
1188
205
390
303
315
18
387
52
6
2966
0
18
48
0
3
9
9
93
5
198
55
14962
3213
0
5
0
318
3497
0
0
24
201
287
674
79
0
3
216
34
18600
35
0
2077
15
4
1
258
453
109
6
163
28
14796
0
9
3638
0
3
14237
56
9085
81
0
21
443
2
0
4805
0
0
111
34
10
1
75
4
1
1282
45
6
17
13
1701
10
0
666
2
1314
0
13759
214
2
681
79
3681
1133
6171
7241
150
0
7
17
4
169
0
22
0
399
46
9
218
80
16
168
0
17
0
21486
22
0
25
3
0
0
552
197
3903
1009
13
23
757
3
5836
8
4
2224
0
20
0
0
18
0
6
8016
0
0
5
0
0
2
2
10
10
0
5
18
0
2125
3202
0
33
0
0
0
6981
65
0
0
1708
1
4
9
15
597
7
1542
10
152
0
100
0
87
228
4
21
24
157
0
2
4
0
1
238
0
5
1
387
0
359
252
276
134
24
2073
36
10604
144
25
1
482
3573
2
41
17075
0
0
794
59
3
6
2
1759
169
359
3575
389
9
44
2
2
23573
3293
18865
138
507
205
0
2
1350
52
1
2
125
35
3313
6
1
27
158
0
1084
4768
1
2
57
41
103
33
1
1
0
2045
1
0
236
3
45
573
0
2715
6
4
0
142
0
676
6444
8015
17
237
3
607
43
51
6
0
7896
2094
81
711
348
1493
4271
7
20
26
0
779
773
0
1412
3288
19
2
0
249
211
22
2311
1329
102
4
1
5605
0
24
53
125
6
24
2
6
0
6360
2
1
0
11
0
2
0
3
19
0
49
0
10
0
148
7
96
0
0
0
2
1
1223
2
67
206
1156
0
30
69
9
0
13204
5
0
431
5
1
23
1
14
2789
0
48
0
0
75
16
10
0
1
38
173
8
3
13
2
54
0
0
9
2
2
4502
23
1
0
113
203
3
0
3
278
9
1
45
1336
0
0
0
50
2
15
1
7
1671
3946
0
7
0
0
0
0
5163
0
2229
0
2
2
2
0
70
21
0
0
260
51
0
0
12
31
13
0
0
0
0
1
0
171
9
2
1
0
0
424
0
559
2
53
0
1
1
27
0
53
0
378
0
1
1
47
1023
2
0
0
0
42
0
7
1
1472
7
1
255
6
0
0
20
0
0
182
791
1
0
1072
909
10
4
8411
0
1197
20
5
198
0
158
32
28
98
1
0
16
1
3347
0
8
103
20
418
29
2
35
0
2
1
1
0
164
2
31
2
3
47
49
43
0
0
2
1
3253
0
0
853
0
5
2
10
16
1
1
1
14
65
134
58
228
1
16
0
5
69
0
0
1
6
75
97
68
2
0
2228
9
4506
2
0
2
507
904
2
237
1
2
3
0
6
5
0
0
2
30
267
1
7
0
13
0
0
0
91
0
0
0
3
1355
0
0
0
1
7
0
0
2
0
0
301
1
0
0
1
1
207
0
7
145
5
10
480
2
5
96
0
10243
2611
96
80
25
1205
972
2623
133
1
4
72
1
0
1
41
8
1
144
95
1
0
0
21
2
0
254
0
637
7494
5726
0
64
695
122
5
19
0
8
1
0
2
21
0
0
10
0
0
0
0
109
0
0
1
1
52
0
2
0
37
0
2
60
27
1313
0
3740
9
25
2
1
7138
2
0
0
0
0
2
27
10
2
0
2
3
128
0
0
84
1
20
76
44
0
966
1673
3
0
41
4827
3
20145
10
32
31
6
133
3671
1
43
6
2
2
0
0
0
4
1
0
0
0
7
0
27
27116
0
0
158
14
3
0
34
5860
3
2636
0
3
5
0
31
0
2848
15
0
0
11
1
14
0
0
0
6
0
1
5
2
4
1
40
1
81
2
119
169
4
19
0
0
8
0
9
38
0
471
36
0
0
1
1
233
20
24
0
8
9
0
1
8
1075
1749
70
3
9
331
5
21
52
4
0
0
0
1
0
0
43
355
0
4
55
15
1
1
11
2469
1790
8
67
18
102
3
2
0
0
1
1283
0
0
0
5
5
845
2
157
0
82
112
0
276
1
0
1
218
0
0
3781
0
0
45
0
1
0
1
2
9893
0
23
0
78
0
2
5
60
0
1544
0
432
2
2
34
11
932
0
25
6
0
0
1
0
637
98
0
5
0
36
0
0
0
2
0
4
119
19
0
15
53
672
2
1
0
0
6
0
672
0
65
0
40
0
26
1
31
80
0
0
0
2
0
21
78
346
0
0
0
9
0
0
15
8361
26
0
0
0
933
1
74
52
11
0
1
16
526
3
3
0
0
0
4
807
47
97
7
16
35
0
14
63
7
49
922
314
0
4
52
1
0
9
1306
0
0
0
0
0
76
12
173
3
386
283
21
4
1
3
25
5
1
0
0
1
2
12
20
15
1410
0
0
0
1
105
0
0
9
1
7
0
0
1
10
31
4
27
0
2
0
0
71
18
1886
0
0
0
0
20
2
0
0
2
2177
3
24
0
28
0
0
0
7051
1
0
37
117
23
0
0
0
0
4
0
6
0
244
0
0
4478
1
88
0
0
292
43
2526
0
0
704
0
0
2
3
0
4
0
0
78
0
1
2
370
62
7
0
0
1
0
1124
0
0
0
5
0
94
0
123
17
3
0
3466
0
8
0
3
700
23
0
2
0
0
114
0
0
0
7
1550
0
0
22
0
3
126
0
167
0
31
0
0
0
1283
0
0
1
0
0
0
0
535
6615
13
3
1
116
10
164
5
1
6
6
0
1432
0
27
1127
0
13606
0
3
0
5810
0
3
938
0
135
0
6
0
38
0
5
5
0
20
15
1395
0
12760
17
5
0
2448
0
235
22
0
0
270
19
329
17
451
1
6283
106
2
9
3
0
3
0
96
1
0
12
0
0
0
0
0
12
0
1
1
0
3
0
216
7
0
1
0
1066
10
2
79
45
0
7070
0
0
20
1
0
110
971
2
293
0
2
37
32
2007
0
0
1
0
0
1256
0
5
353
1214
106
9
3
1025
0
49
9
2
25
1
8
1
0
18
26
0
6
7
9
0
104
24
110
22
0
1
4
0
4
129
18
0
0
0
1
0
1641
2
103
1
0
1
6
0
0
0
302
1
3
52
5
119
0
126
6
4141
1564
0
0
2
0
1
32
5646
9
7
9
0
0
2
32
26
12
2
5
41
0
0
1
2
0
0
2
0
22
4
7
0
1
96
66
487
140
124
2
556
254
47
3
0
586
0
595
30
0
0
0
0
0
1
0
201
0
0
2
3
4
0
0
315
9
7
27
0
72
1
28
62
59
2
0
0
9
239
3
0
0
2
0
8
14
215
5
6
4
2
0
0
8
0
0
69
302
5209
571
92
25
1
23
1
1
4
0
60
9
0
0
0
0
0
0
0
9
0
389
9
1938
1
170
22937
1
3
0
0
0
0
9
0
0
60
66
0
0
809
0
0
73
0
4
109
0
33
0
0
36
0
2
0
3
952
0
0
15
1
0
0
0
9
38
1
0
0
1
0
0
1
11
3
0
0
71
6
0
3
965
42
1383
1
0
23
14
1
3187
24
0
2
0
11
6
0
27
4
4
0
12
12
0
886
18012
0
2
0
1
2156
1
0
2
1
0
1778
2
0
0
2
23
0
2
2
18
21
5
414
470
4
0
0
0
0
1
0
15492
19
0
0
17
0
0
0
19
0
5
0
3
0
15
2
0
0
0
55
1173
0
14775
0
22
0
1
3
335
0
4
7
80
0
0
21
1
0
4
1
0
2
5
68
17
288
18
2
27
270
0
0
0
9
0
13
4
1
676
0
65
0
0
0
26
0
14
307
405
123
65
0
1
0
1
481
1
0
0
2
26
1
19
46
0
0
3
1
1
0
2
24
3
0
38
16
1744
0
247
1145
0
0
26
118
6
6
2
1
0
391
0
152
214
5
0
3
1
4
18
20
0
0
1
1
4
0
0
0
117
0
1
2
18
46
10
0
12
0
0
0
2
6
0
27
108
1
0
0
13
19
6
0
0
0
5
18
7
1985
0
0
4
0
165
1
0
1
8
2
1
0
22
44
0
14
63
4
11
0
1
8
308
0
6
0
37
73
27
22
1
1
0
27
10
0
1
2
3
359
2
448
496
1
0
1
0
25
0
0
0
3
90
4
7
467
0
0
2
0
2
0
0
49
2
877
716
0
0
266
17
22
0
1
0
2
0
4
0
81
0
47
1
1
2
8
0
6
0
483
10
12
26
486
0
0
0
29
16
0
0
0
1
2
0
0
2
0
2
0
2202
0
157
9
1
11
22
6
0
42
1
1891
0
502
18
2
0
226
0
25
0
0
2293
38
615
0
0
0
6
0
76
371
16
0
0
10
343
0
2
0
42
262
1341
1
23
0
7990
46
1670
23
63
319
0
13
0
0
5
2
0
2229
0
61
0
967
1013
0
0
0
0
0
1
1
1
0
0
1
0
0
6
439
1
215
0
4
0
0
128
199
2
25
0
1
24
0
0
1
3
0
0
2
0
69
29
0
726
6
238
1384
0
0
3
0
1
28
0
32
0
131
751
0
0
0
0
14
0
0
0
0
1
1
1
36
1
1840
6
0
0
32
0
0
0
1064
16
0
0
0
0
0
0
0
20
894
0
0
5
0
2
12
18
14
0
11
3
1
129
0
0
2
1
4
0
2335
598
254
0
0
39
30
0
0
23
0
0
2
0
0
0
1
9
0
0
14
4
127
147
4
7
17
96
1
1
3402
0
0
0
0
0
0
0
0
0
9
583
0
1
1
0
0
0
0
5
0
7
34
2
1
0
0
0
0
0
0
339
0
0
4
2
90
0
1
265
0
0
0
0
0
0
317
80
883
0
3
14
52
0
50
0
127
1
0
0
206
764
349
1440
570
0
12
0
0
37
19
0
1
2
4
307
1893
0
1
0
0
0
2
0
5
6
2
90
0
76
11617
0
0
113
7
0
17
37
210
2
3
3
0
1
0
0
448
234
3
0
6391
1
2697
172
5
49
0
0
352
3708
28
1
137
0
0
1
0
10
14
6
308
0
0
25
0
0
973
5
15
0
2
5
72
0
0
0
0
30
213
0
3
0
1
20
168
0
1
3
1
15
0
10
2
1
12
247
116
0
0
0
2
87
0
0
0
0
1
0
0
0
7
129
23
1
1
2
0
0
0
6
1
1
30
36
3
18
0
29
0
1
2
52
0
296
0
177
2
0
86
0
35
0
0
3
6
61
2165
2
0
108
59
1
0
1
0
27
4
3
14
305
24
3
0
2
0
25
274
1
270
0
0
0
1
0
0
0
3
0
1
0
6
151
6
1
366
1292
46
0
2122
16
0
3
1302
17
2
0
0
13
0
0
0
2
1
8
0
242
55
230
15
1
0
5
1
4
0
0
4
1708
10
26
1611
6
0
0
107
0
1
907
190
17
0
0
27
0
18842
0
1
5
3
927
8
0
0
8
654
1
4
0
11
0
0
0
0
58
0
41
152
2
1
4
0
23364
0
0
0
10
0
211
3
611
9
7
1
0
6
151
8
121
0
1
25
11
1
0
0
0
0
5
1
155
0
3
0
158
28
0
0
0
1
95
1
4
1
18587
5
8
0
4
5
0
0
0
1
0
0
5
0
14
0
65
194
22
5
0
13
2
0
37
27
55
20
0
0
4
0
3
0
17
9
1
13
0
1
0
2
1
4
0
0
5
0
0
0
222
175
1
0
343
0
1
9
0
0
0
0
0
10
5
188
0
85
0
19
0
0
0
0
3
1
5
0
460
0
19
272
0
36
3
290
2703
0
3
106
0
0
0
7
2
286
0
12084
7
0
0
802
1
90
0
3
0
0
3368
0
60
0
70
143
0
7
4667
4
60
1866
0
1603
3
0
4484
0
0
0
2
0
0
0
1184
0
0
652
0
116
0
36
0
1
3
1937
24
0
0
1
21
421
2
0
0
0
190
69
2
0
2
0
16
1323
0
2
1348
0
539
0
2
0
1
1
0
0
117
0
0
0
7
1
15
651
0
6
0
1
0
12
1
0
0
0
0
2
2
8
0
0
0
0
0
1
0
0
0
0
9
0
0
0
0
43
1
276
5
0
0
0
0
0
95
0
1
10
0
1
52
1
152
1
0
0
0
40
1
0
4
0
2
4
12
458
0
26
0
0
8
0
32
0
1
715
2199
5
11
0
0
3
431
0
0
421
0
25
0
0
44
0
0
0
0
70
0
0
2
2
123
1
7
0
0
0
89
1
788
0
0
1
0
0
0
0
10
0
0
0
49
0
0
12
2
58
0
0
3
11
32
0
0
0
2
13
1
730
34
0
11
0
0
53
0
1
5
0
436
57
20
1
0
6
0
14
0
4
0
0
73
0
0
96
0
0
0
0
127
1
0
0
0
0
5
8598
2
7
230
7
1
3
0
10
0
301
348
121
19
5
2
24
0
0
122
0
6
8
24
3
2
26731
66
142
2
1
2
1
1
32
0
0
2332
60
0
1
16
866
0
0
768
0
1
0
659
0
1
0
0
0
964
730
0
0
24
1
2
2
47
33
1
10
0
139
100
1
0
286
4
492
0
0
3
7
0
0
36
0
599
0
1
0
0
1
6
0
0
0
14
0
0
0
0
1
1
212
3
2
3
582
4
749
0
0
46
0
0
0
18
2
5
0
20
348
0
285
0
0
0
0
3
0
408
3
2
30
22
0
354
1
0
0
0
3
127
12
7
1170
1
0
31
42
0
0
0
0
2
199
47
269
332
0
8
1
11
0
0
63
8
5
665
10
1129
1
0
27
27
335
2
0
0
0
0
4
1129
1
0
32
0
7290
2
0
3
9
115
92
0
0
0
1
0
10
0
0
4
0
6
2
6
0
2
2
0
317
0
11
0
408
0
180
0
0
1
6
0
0
4
0
0
0
0
89
25
0
0
9909
0
0
0
1
13
1
5
0
0
0
31
6
4529
0
0
10
1187
0
2
1
0
7
0
0
1368
0
1
0
0
0
4
0
0
2
0
2
5
5
3
2341
393
172
0
0
14
4313
0
211
0
0
0
0
150
851
13
0
426
0
0
0
0
24
1
6
43
0
1
0
106
0
52
0
0
0
244
33
115
7
32
1
76
6
1
1
2
3
0
0
2
3
0
1
2
0
8
0
33
224
0
98
19
1
0
8
352
0
2
0
1756
13
0
374
0
0
0
1
1021
0
0
0
408
0
0
0
0
0
0
46
0
2
1
0
5
0
0
0
1
27
109
1
0
23
0
11299
0
0
37
0
1
8
13334
40
137
0
8
1
0
19
14
16
1
1037
0
159
0
0
0
14
41
19
0
4
80
2
0
3
0
0
0
54
17
0
1
76
1
2
0
0
3
0
952
0
1
0
0
0
0
0
4
1056
21
1
2573
35
12
11
0
0
0
0
3
0
1
5
18
0
1
324
99
0
0
0
2
5
1
0
0
0
0
0
151
1093
69
75
19
0
1
0
0
0
48
35
18
399
0
143
27
0
0
0
15
12
0
1
1
2
7
0
0
644
57
0
0
61
2
45
0
2
0
0
7
23
0
0
0
137
231
1
10
0
1
0
0
0
6
0
3
14
0
136
3
1
4
207
0
80
36
2
0
4
0
25
19
11
54
1
43
4
6
0
9
0
0
0
1
4
0
4
652
0
3
2
1
0
0
0
3
272
22
1245
324
49
0
0
2894
721
1
0
10
0
0
4
0
0
21
107
10
23
0
4720
1
0
67
3
0
54
0
0
24
0
16
8
0
40
0
21
32
19
6
1
0
3
0
1
32
0
0
0
335
1
2
0
19
0
0
0
0
21
0
5
20
312
0
9
1
0
0
17
12
0
0
0
0
0
0
0
103
0
0
27
0
2
22
2
1
3
8
161
76
401
0
141
21
6
2
0
0
0
33
1
0
618
17569
1
2
26
0
6
8
13
4
0
0
434
52
5
0
332
0
6
22
7
23
0
1
0
0
1
277
0
0
72
84
0
0
2
0
0
0
0
0
349
0
7
5
21
5
1
0
266
3
1
0
0
0
0
0
384
1
2
0
14
0
0
0
0
23
780
0
855
0
0
0
738
0
0
859
1
1
0
0
1
6
0
0
1
0
21
106
0
0
7
0
2
0
127
0
149
502
0
0
0
0
2
4
0
0
26
0
7
4132
1
0
174
13
0
0
885
5
0
928
2
0
194
167
1
0
0
0
7
0
1216
0
164
0
0
2
0
0
458
0
1
1
19
122
2
1
4
3
11
0
21
0
0
0
600
393
0
0
43
0
0
0
47
5
0
0
0
0
0
0
0
0
0
0
1
18
0
4
13473
38
2
0
1
1
5
6435
0
45
13
0
0
0
0
534
2
0
0
1
431
542
0
0
0
2
59
0
1
15
1
0
1
110
6
2
1
1
1785
0
0
0
17
0
331
0
1
0
1
0
0
1
0
0
1
56
0
0
0
1
57
642
0
1
23
0
171
0
0
20
5
1277
0
0
0
0
661
0
17
48
81
0
8
160
0
0
0
78
0
55
4
9
1
0
27
0
0
1
1295
1
0
18
7
1
0
11
21
0
3
0
0
97
0
0
0
13
1
1
0
0
10
115
64
13
3
2
0
3
11
1
0
4
0
74
1
0
0
0
0
3
1
0
1
43
1154
286
0
4
0
382
90
0
0
135
2
0
6
7
0
0
1
1
12
1
0
0
2
1
319
2
1
0
7
3
0
1947
0
1177
6
0
13
0
0
2293
0
12
0
1
0
0
68
0
0
0
1
0
0
3
8
0
2
1
0
568
3
281
0
2865
0
0
2
1
407
3
0
684
0
0
1042
0
1
61
336
0
0
5
1301
302
1
0
1
0
1
0
0
0
0
2
0
13
4184
4
231
2
0
437
13
1196
0
164
0
173
5
0
39
0
53
0
21
2
48
0
1069
1191
0
1
0
3
0
0
23
0
574
1
0
33
1
0
0
0
8
522
58
1
1
89
0
22
24
1192
1
1
0
0
7
1541
3
0
0
0
0
1
873
0
10
992
13892
11871
75
75
302
11
1612
0
169
1612
69
37201
12055
186
5104
419
21020
13288
274
13187
38
5606
185
444
35778
32079
5326
32532
185
12859
26787
10939
1446
38
13695
5606
49506
21957
13744
87
38
38
412
440
314
509
329
5104
6
185
25287
87
225
19046
320
65
320
408
1621
15261
1312
4379
3979
57
68
1354
0
0
517
2534
11
8204
2088
11
939
123
2
939
148
8
1834
92
2318
7
338
37
2194
11410
1
4
19
29
2233
7218
3
13858
835
4
24953
7021
4
41
113
116
10191
7
107
595
4702
10972
77
18457
59
2233
13
2111
5637
15390
116
24
12497
0
5
79
61
2151
1030
27451
5
7
111
111
4980
0
128
43191
900
0
9
70
27
27335
19782
18
20
1
4764
525
164
2512
136
27
806
0
2
716
712
3
1
2441
0
549
35
11
0
105
347
2976
180
3471
1952
1
663
362
2100
8
492
8
21082
4906
12256
9
437
179
12
1
19
39
8614
31
3114
0
24
0
31
31
0
12
693
11
5
0
1
0
6613
7
1724
572
5
61
16
2
0
3
2336
30
534
1380
8
2343
2325
0
46
485
1460
19
5
2
17610
0
0
0
1
5
944
8
0
0
261
70
0
94
10
2
4
3
9
2
9
47
9014
14130
6
0
43
131
2
1
0
0
2
3
2
0
42
0
2
0
54
6295
7
1404
0
0
1
27
261
3
11535
312
0
0
94
0
33
1
0
167
92
4
50
920
6172
2
2004
46
0
312
345
620
4
8
1
110
743
4
7
0
249
6
35
2636
3
0
772
667
0
8829
0
10958
0
149
0
0
0
16
1
0
15
0
22
0
0
8
1
55
840
15
0
3
4
6
93
0
264
1189
342
12
0
2
34
309
1
0
2
12
4
11
0
2946
2
3
788
897
113
1
413
268
7
2129
0
0
29
0
1244
4
0
7
0
6
354
0
53
41
4
23
0
0
0
0
0
0
1211
0
236
0
0
22
686
49
3
7
3
55
8338
2
1
2
1
14
12
7
2
124
1
119
14269
87
139
292
75
0
0
0
4969
14
2
5
109
733
147
1
1
2
344
4634
64
357
25
0
34
10
1354
3
126
0
639
1
0
0
5
5
63
45
1
0
986
119
1488
75
47
228
48
3007
1
1
22
0
28
0
0
32
81
0
0
143
0
22
8568
186
866
3610
7
0
0
0
5
3002
1
1
4
5
0
1498
0
0
0
570
0
1742
1313
2567
130
12540
0
1
0
1
394
21204
48
0
0
2
1502
88
87
0
35
0
0
55
231
345
35
0
43
4
95
1
0
125
13
91
434
2335
6
0
0
2
0
225
24
0
0
27
29
2
0
1
19
0
252
52
0
27
21
5
1864
0
1837
826
0
4
6
17
0
0
93
0
2
0
5
1239
137
0
5
48
2
35
0
10
0
0
1
314
1
19383
16
0
11
2
1010
3
0
0
0
1
0
113
5
1219
2
0
1854
8
75
1
0
35
2
101
24
15
0
630
32
93
7
0
6
1
1
1531
90
0
1
10
0
1
4
2
0
1003
0
710
2702
0
0
0
12522
0
0
1
2
3
1
0
65
0
11
0
67
1
44
5
5
1
2
1719
2
0
151
0
0
0
9
63
731
0
0
0
3
3
50
1
2
0
0
2
2
40
5
0
1
243
11
14
7
15
1
20
55
0
1
0
25
19
119
0
1288
2
84
2
0
1232
0
350
6300
547
2
0
5468
34
2
158
0
9919
0
3558
0
98
87
0
0
1
71
36
1118
775
244
0
0
3
7
15
2
0
1
0
779
57
0
0
144
2
1
4
0
8
0
42
63
1520
0
428
53
0
3773
0
0
3131
0
35
31
0
1
65
642
0
0
0
1
1528
0
148
0
4
57
0
4
1334
0
701
0
1586
0
2
0
25
1
32
133
0
106
1
0
108
4
0
0
0
0
0
0
0
97
0
16
694
541
12
23
0
0
0
32
92
1
1
698
0
50
786
0
0
17
0
0
0
18
0
4925
0
74
466
0
0
1
1211
13
12
13174
0
0
0
0
17
263
36
242
6
169
1
5024
2
3
0
12
1
0
7
0
0
0
1
0
362
0
5208
0
2
7003
1
3
0
80
364
1
5
0
0
69
0
5
0
3
31
4
0
35
7
0
0
1
0
5
0
0
0
0
0
56
3103
15
28981
1
4
5
0
244
0
5
4
1
70
1
1
4
1
0
85
1
63
0
0
0
0
0
0
1
4881
0
3
520
83
1359
22
0
129
0
41
0
9
0
0
38
10
87
9538
8
0
2
1
1
0
14
0
0
0
1469
1
0
2
357
0
8
5
12
5
350
1
164
2
0
19
64
0
1
8
132
1
0
2
0
2083
0
0
128
25
0
109
0
29
337
1
2
37
2
1
5
2
49
0
0
0
0
0
69
0
0
25
5381
186
278
45965
8
10
0
1
95
0
0
0
104
4
0
137
51
47
1
6
3
0
2
0
5187
1
4142
0
27
0
2
17
0
0
0
411
58
102
0
6135
0
2
5
0
23
1
483
7
0
0
0
1
7
5
1
0
0
0
36
75
0
1
31
0
1
0
1760
14430
0
0
91
2
8
0
23
0
3
0
0
2971
2855
55
400
25
0
0
31
124
3
3
233
19
156
145
0
19
2
0
253
1
0
3
4
200
3
948
32
2
4
0
31
2
2
0
81
29
0
15
105
758
30
0
68
300
301
35
0
24
1
1
5
20203
8
2
163
0
129
1
3
1
0
0
0
2
141
0
0
808
0
0
5
73
25
3920
1
95
1
1
1
2
0
6962
1
973
9
7
3
128
5
0
1
257
1078
0
0
2
9
4
2
5733
7
0
3
0
3881
0
7
18
0
13
2
13
0
0
3356
4
9
2
50
760
0
5
0
329
2
0
1
0
35
0
577
0
11
0
3
1920
5
6
4
7
1125
23
207
16
43
344
28
9
1161
14
0
30
54
1
1
2
20
0
42
0
2
432
7
339
80
0
1
0
10994
4
102
0
8
0
355
218
0
1
0
1
811
19
0
0
0
1
1
0
301
424
0
1179
751
0
0
0
119
0
0
22
6043
4
0
0
2932
3
424
3125
1770
7
395
0
1917
4
225
3079
64
37
1
49
1
514
497
5633
40
92
31
0
2
1
0
6
0
159
33
1
0
1
0
0
0
0
0
1
1
0
982
10
0
21
456
0
0
2
932
2869
1
7
2
0
359
0
0
0
7
1
139
1
3
1
9
153
3
2
0
8914
8
8116
0
54
0
14
0
0
2
10
0
3110
21
6
0
14
2
0
0
2
2572
0
0
1010
16
376
169
0
379
3
0
3959
3
659
8923
46
6
1133
0
0
0
0
0
15946
2
1893
32
0
23
0
0
0
747
2
142
1
1906
858
1824
2
0
0
1
9
2
30
1
153
1
0
0
4
0
28
487
42
2
33
2
41
762
1621
0
0
2
6
1
0
0
4
36
0
6
156
5381
3
0
272
0
3
14
744
7329
0
0
0
5018
0
0
1
7727
0
149
0
50
0
20
1
760
0
0
75
0
4
0
1
0
31
0
6
0
0
1
0
3911
1
602
78
2
128
1431
0
0
1
13
1
15
258
1
1
0
0
5
1686
2
1991
0
4
2
1
7
836
0
3
139
406
222
0
0
32
11
2
2
0
0
0
54
0
0
0
6
0
0
5
1
18
0
258
223
4
33
0
0
2486
0
0
0
97
632
4
0
32
11494
17
2509
0
42
1
310
1
1
3
8
652
0
2
0
1
16
293
5069
0
335
2332
0
5
0
1
2
14
0
0
0
0
53
3
0
0
5
0
3
0
1
6
170
0
2
0
5
217
1
17
1
0
0
1
1
0
5
1
1
0
884
0
0
0
0
0
0
18
2
0
0
326
0
1
0
337
112
0
1
9
12
0
24
7
0
12
9
2
0
1
0
51
0
42
0
0
13
0
0
0
4
0
0
1
5
623
18
0
2
0
6
25
2
2
46
68
1
0
501
48
1
22
314
2
3
0
199
3
26
0
0
0
0
0
0
0
0
39
0
0
0
1
0
5005
876
1
145
1
0
44
524
5280
7
7
93
1
1
0
404
1
0
0
0
30
5255
0
119
496
0
14
16
41
12365
1
0
0
0
1383
21
0
0
3
3108
10
0
66
0
0
0
0
5
0
694
0
0
0
0
115
3
0
0
20
0
100
238
0
117
0
0
0
0
8
492
1
2
99
1
1287
1
175
1
0
0
3
0
0
0
0
4
0
5
2362
0
0
27
4
191
1
1
7
12
44
8
2
0
474
3
11
2
349
0
1
3160
1
351
0
2
11
0
0
10528
0
0
1
0
0
140
0
0
0
0
60
33
433
159
1
10
1140
195
1
46
0
0
1
0
0
1902
0
0
143
0
0
0
0
56
1
0
0
0
130
1
10
5392
0
5106
114
0
1
0
6
19
0
53
0
1
3
0
1
57
0
45
0
0
132
1364
1
0
0
1
0
41
116
0
2
3
0
2
0
0
0
8
102
0
8
11
0
0
9
0
0
4
5
50
0
12
0
6
0
0
3
2
0
1079
175
159
1
5
0
0
1309
80
3
0
445
10
0
0
0
0
11
1985
17
192
0
1
0
341
0
29
0
0
43
13
0
0
714
2
116
4
0
3
898
4
0
87
0
0
0
1
1
3444
2
5
0
16
0
0
0
0
0
4229
1
0
4
0
18
166
9
100
9
0
0
3
1
3
26
96
3
0
0
37
46
15
0
1481
2573
1
0
0
740
0
4
0
0
0
0
13
1
14
0
0
99
5
0
155
1433
2
2
0
0
0
0
155
0
2462
111
1
0
2
164
0
4
0
1
0
3851
176
0
8
11
401
3
1031
6
11
33
0
3
5
30
0
0
11
869
57
0
44
0
3
607
3
0
87
0
28
4
0
0
2
0
0
4
0
0
46
127
0
223
0
5
14119
0
1
0
1503
1267
7
74
0
7
1
45
0
28
0
111
0
1
1
1308
0
12
0
20
0
0
2
0
209
1932
738
17
0
38
23
0
0
40
0
2
0
1
20
0
0
2
0
6
0
359
0
0
56
4
599
1391
6
546
228
0
92
11
104
11
571
141
0
175
0
5
0
30
2
0
54
0
26
32
0
2
7
1
45
0
0
69
59
0
387
6
10
13
1
3
30
95
0
6
0
0
2869
63
13
62
1
0
21
6
3
1
0
1
1
11
0
0
0
3
0
192
1088
1300
0
409
271
1
0
1
4
5690
358
225
2
294
0
818
1474
0
38
0
28
1
5
0
1
4
14
36
0
0
5003
0
3
2
6
0
0
0
0
0
0
256
1
89
19
63
1
0
0
5
145
388
2
32
77
0
274
1
23
10103
7
2
0
0
1
0
825
2
1554
25
0
0
23
1
0
27
316
1
0
3
5
0
1
0
0
0
0
0
0
0
90
3
1
0
2
0
2
0
1
7
440
17
43
4
0
0
107
2
1
0
7
0
9089
30
0
24
3
2
1268
33
0
2
0
27
2
0
72
1
0
53
3317
0
0
0
241
0
24
184
0
252
0
0
0
2
0
1
1
0
0
0
0
33
2
5311
2574
2
0
0
1
25
18
0
18
1753
13
372
0
2
90
3
12
402
10
1
0
5
81
0
2
3
8
1
14
503
469
8
32
0
2
2
21
904
223
11
70
0
652
0
0
1
2
6
23
0
0
30
0
0
11058
698
0
0
253
0
0
14
26
1
2048
6
0
10
3
546
60
188
0
0
7
1
0
11095
5
1
137
7
26
279
0
0
4
0
0
2
219
0
0
360
3
42
0
13
921
5
1
0
508
2
2
1
2192
0
0
1
373
208
25
23616
1797
0
2
0
336
7
342
0
33
0
0
95
0
91
19
0
70
12
2
0
0
31
0
0
2
0
0
40
254
0
1
11
29
7
8
5
12
1
113
444
1
0
15
4
0
0
1
2999
5
1
1
0
229
1
30
0
1
7
673
11
131
33
0
8
30
0
0
484
285
36
0
18
0
1
0
0
0
1111
3546
7
6
0
1
0
94
44
0
0
233
0
39
30
1
613
1
256
6
7
1
0
301
0
0
117
2
0
0
8
7
0
287
1
22
0
7577
56
0
98
80
0
1
1
14
231
0
3548
0
3
5
441
0
6
0
0
8
0
14
0
19
0
1
0
3238
175
12871
0
0
0
9
59
19
0
2
181
11
3
0
37
3
176
40
0
0
0
64
1
0
11
0
307
7
0
661
2
5
2
0
441
458
1
0
0
28
11
0
21
16
2
0
21
43
695
1
4
23
3
19
0
2
0
515
0
0
13
1
0
2
0
1
0
3
65
2
0
0
4
0
60
0
0
1
5
18
0
1
1
0
4
0
129
31
0
8
0
31
0
29
0
0
49
6
3
1
0
3
0
129
583
0
3
169
0
0
0
142
1
699
1279
0
1
0
2
510
0
3
0
0
3
0
0
0
0
0
0
0
0
79
0
0
0
6
0
0
0
7
20
107
1
4547
0
6
0
281
6
0
0
23
0
0
0
0
2178
1
0
8
0
14
277
0
201
1
886
95
0
0
18
2
175
4
180
0
4
0
0
67
0
0
0
0
2
0
0
18
0
15
0
7
0
14
28
3244
0
0
6
8
0
0
0
0
61
1
48
0
69
0
0
0
1
0
4
4
1
5
2098
1
0
178
3
3
8
2
0
0
0
0
0
88
0
0
1
41
202
3
134
2
1
21
1
2
0
209
0
0
0
0
1
0
20
1
0
6
0
0
3
0
0
11
178
32
1
0
4
0
3
27
268
0
39
75
0
0
10
5
18
3
4
1
34
0
72
0
282
14
9
4
0
6
172
532
10
0
0
2
0
3167
0
10
636
11
0
2
1
1
22
0
0
8
61
0
0
3
0
0
0
10
0
0
0
261
0
0
2
0
0
94
1
0
0
2
0
0
1831
4
0
1
3
58
1
38
0
0
6
97
0
0
1
2
0
6
1
6
0
3
1
3
8
3
0
0
0
0
10
9
11
0
1
111
1
0
2
11
0
338
6
360
0
35
0
303
0
6
266
1175
1
1
15
16
0
0
86
4
0
0
5
45
41
0
0
14
0
265
0
0
5
0
3894
1
0
2
97
10
1776
2
121
6
7
0
15
0
123
1
0
80
0
1
0
0
0
79
0
5
0
1
0
40
0
0
0
86
0
292
0
9
0
0
1
0
0
92
2
34
2
0
8
0
18
9
666
8
30
9
1
35
0
0
0
1
0
0
0
16
0
1
166
74
0
3
1
0
0
2
12
0
0
261
0
4
46
1745
4
66
0
0
8
145
3
2
3244
0
132
28
0
3
0
4
0
0
0
0
43
792
0
0
0
16
0
0
6663
0
0
0
1606
75
1638
14
0
2
3
3
0
0
0
5
5
43
3
0
0
0
1
2
80
450
1
0
567
225
1
0
0
0
265
0
1
13
0
0
140
33
1
0
1
0
0
0
1
0
1
0
0
3691
0
132
0
1156
0
1
10999
6
1
0
40
115
0
40
1490
43
3
41
5
1
693
2
0
5
1
0
52
0
0
502
0
49
3
7
0
0
0
46
4
1
205
2
0
76
0
0
0
1
21
220
1
24
2
1
18
3
7
5
5
0
1
0
0
167
0
0
46
5
0
0
0
49
558
5
0
2
4
0
1
4
13
1
0
1
13
8
4
0
0
0
4
0
20
0
0
3
487
0
0
359
0
0
8
3
5
137
0
1
5
2
1
0
307
16
679
0
14
0
25
4
0
0
0
0
0
128
1
0
0
0
2823
1
22
3
1
0
1698
0
7
0
0
0
5
22
3
1072
1
14
157
93
0
1516
867
59
11564
11
1
0
7
6
0
0
0
51
57
0
1
9
24
80
0
1
3
32
58
0
0
0
2372
1431
2
0
2
0
27
0
10
0
37
4
371
0
2
1
6
38
0
2
1161
22
0
515
647
0
2
153
0
0
82
14
0
4
0
0
0
33
0
0
193
2
0
818
3
13
8
3
5
0
285
0
1
0
8
1986
0
18
0
47
322
103
27
1152
670
4
0
6
38
0
0
0
475
1
0
0
26
0
5
0
801
1239
0
157
0
2
0
0
1517
0
0
0
0
13
856
1
3
0
0
0
107
0
0
0
3
0
2
0
19
1
0
6
0
1
0
4
5
4
96
0
0
18
0
5
1
0
0
111
239
1
0
78
0
0
8
0
0
0
367
0
6
0
0
0
1
1
0
7
35
9
0
0
344
3
0
19
0
0
55
6
0
92
243
0
0
0
2
1
1
2
0
1
1
0
1
2340
3
1
1
339
6
0
23
77
0
0
115
0
500
0
13
0
4
0
358
0
0
8
0
0
5
0
156
0
1
1
0
24
11
71
0
0
261
14
875
27
1118
6
12
35
0
1
0
355
6
1
2852
17
0
0
0
2
315
4
21
0
104
1
0
0
266
13
0
1355
0
0
17
19
0
124
39
1
11
1361
18
0
601
6
0
4
23
0
21
100
0
0
0
10195
3
3
0
0
0
895
1
103
8
20
557
8
0
0
27
0
0
0
0
0
1
0
3
1
0
0
0
176
16
23
1
87
0
418
744
2
0
1
475
2
58
4
9
0
0
1
35
0
468
42
241
0
3
0
345
1
0
0
0
0
0
1
0
0
25
13
55
0
0
46
0
60
0
5
0
225
0
20
0
1
1
0
4
434
13
1
313
2
2
0
0
0
0
0
0
0
18
0
2
435
2365
128
1
3
1
38
1
174
0
2717
0
1
4
25
38
9
2
0
329
0
607
0
39
1235
0
0
0
1653
0
0
0
3
1
22
0
40
0
151
1
0
0
0
0
191
39
2
9091
7
3
2
26
1
0
1
0
1363
7
83
0
0
11
2
12339
11
311
1
19168
286
2
2
0
1
0
4
14
0
88
3
0
4
1
12
0
0
3
10
2
1
6
152
0
0
7
0
2
2
38
28
57
50
8
1
0
0
4
0
0
0
26
343
0
1
1
2198
704
58
76
1
0
2
1
206
7
6
0
64
256
9
3
3
21
2
32
0
2
215
0
0
0
15
0
1
0
0
1
0
21
10
5
0
0
0
0
0
1
0
8
0
0
1
14
87
0
335
2
2
8800
3
88
713
0
5
3
0
8
911
0
2
1
310
0
0
2
309
16
978
0
2
4
0
19
1
0
1
30
1
20
214
5
72
0
2963
5
0
0
0
25302
1316
186
2
675
15
0
1719
0
0
0
0
0
0
963
0
1
0
11
4235
0
2386
42
0
3
18
0
3
0
1
15
1
37
7
4
264
0
189
107
75
0
0
0
0
0
369
0
0
2
1
0
1056
0
0
0
65
5
0
0
0
13
1840
1171
907
1
91
0
0
588
0
0
14
0
0
0
51
0
0
199
1
311
51
154
5
0
0
3
2
0
1
2
0
0
447
0
3
0
0
0
4
1
57
2
0
0
200
347
25
2
0
13
65
6
102
0
0
763
1
0
0
17
3
0
0
0
29
0
0
1401
2
1
1
226
0
1060
35557
16060
218
2775
5035
7461
153
17049
6
13331
6
1379
14182
217
3919
38
6782
4238
10125
2045
12849
10870
11557
26367
3623
45240
334
1854
13570
20866
31772
4151
6
0
100
169
6
48
30291
4769
29
24
11658
329
73
390
4752
374
73
147
11658
2045
1621
11
559
11430
936
15350
0
15062
54
0
559
51
636
15
505
29
372
6
10
8
2070
33
422
3767
2
12
361
4
3942
371
160
2
27
17
834
9598
2
0
20580
171
4
12
16
165
1236
1676
23
2522
22217
328
4070
10
17
104
1208
4672
0
337
10850
10308
2021
0
1
2
5
1276
1207
0
1204
2
6526
4277
2
21134
2627
2930
855
0
25
0
2721
1
5402
1677
3
1982
873
1
33
3825
8
19
2402
11
0
7665
66
0
3182
228
889
0
4
20252
15
38
941
4
0
8235
3
2
7
49
250
0
0
11815
136
26
78
1194
32
30
2
8118
1287
35
19
1793
19
13
0
33
13106
14
12789
0
4
0
95
3
7
12
14
10028
0
22
12070
184
0
10
82
318
21
3265
320
0
0
4
0
326
0
415
2
374
6525
16833
2435
784
17
1443
11671
266
436
249
1714
14
3
10
362
0
15
80
3896
6
0
72
5879
0
0
6
198
1
76
84
86
0
5
17
0
43
4885
11013
182
8
177
180
0
76
338
0
22
0
0
40
1
0
4
10
7
21
328
192
48
54
0
4
487
0
2
13
0
3
26
2
28
0
1
3879
0
42
44
0
2
44
1
0
550
73
55
0
3
20
249
0
171
10
1
485
0
3
22440
0
56
4
2
34
2740
0
68
0
89
1312
1
1294
1
4
3
6549
3
0
2
192
0
43
2
1
589
0
6
103
2
763
1074
1506
51
1877
14089
236
20
17
42
14433
177
0
1096
121
0
4310
0
11384
1
18
505
14642
0
1
6
3407
0
0
4
31
264
35
0
366
2
1
0
1
22
8413
0
13324
0
0
0
0
2350
57
0
4
1
0
3
27
253
3
1
48
148
0
631
0
13
2
44
3
0
24067
0
8
1
2004
0
1
3
2218
300
2
219
240
2
3
6308
0
133
4
2
822
0
2
1
11225
357
21
8402
18
1
78
2
0
1
0
0
21
8883
228
112
0
1343
16
3237
88
320
43
1961
35
3611
0
0
0
36
0
2812
0
0
108
0
1
0
63
1
697
509
308
4961
1
96
382
0
1
0
0
3004
217
0
0
136
7049
1728
0
91
0
4
2
19
0
0
0
19
0
13
2
0
51
384
0
0
13
5696
1
1
6
51
51
13954
3
367
0
0
19
2556
205
41
24
2
1243
58
1901
0
0
17289
1287
8
1609
9772
12
4
1
11
21
3
0
1
0
0
961
0
1
10
4
0
345
0
3
1285
236
81
121
405
36
1559
5
9
18
86
0
52
38
0
1
57
416
1
0
0
4
3
2
762
20
0
6
1192
1
0
4
0
89
158
8
192
5937
1
1
22
800
1
0
0
0
8
27
1
0
3946
0
133
18
0
0
0
2959
0
69
0
0
122
72
0
0
0
4
2
6
1
589
0
0
0
0
28
15
3
1
709
2
2
2
2754
23
0
0
0
0
2356
1
0
337
698
1
3799
1
0
26
0
1205
1
0
11
5
85
3
401
4117
986
2740
0
9
3471
514
546
98
253
13
2
23
3
459
0
627
4
345
111
0
3140
297
0
1
0
0
0
1
21
0
18
30
182
263
0
2
22
0
2778
87
550
10485
0
0
0
7
23
20
299
1846
14
34
0
0
1
12
55
20
5
1
0
0
0
2347
2033
56
44
143
3
0
0
2
232
0
161
0
0
82
1
0
312
85
4
2367
4
2
65
0
152
1682
12
480
1
0
32
8
0
20
4618
0
7
1
71
0
56
985
5
0
112
3
7
8
0
74
2
6
1
36
0
0
0
600
2
28
0
0
1172
47
15
1
5258
0
0
11
401
13679
514
35
4
1
0
1779
49
0
0
227
0
1
94
0
17
62
0
1
344
0
0
120
11
118
9
37
68
0
0
39
2
94
9790
0
16
15
2
71
10
1
0
0
0
161
0
0
2
0
5
253
506
0
6
0
27
13
11
24
0
247
0
0
5
31
1192
43
183
0
0
0
0
0
0
2
419
766
6
3
19
22
39
0
0
995
2
1343
10998
428
1
26
4
10
127
0
0
1
2
2
0
0
2
0
1
22
0
18116
1
1
38
3
0
1
1
0
0
28
3
3
1
0
4
20
0
0
26
0
263
5
2
3
1
4
3881
1
0
0
0
60
7
0
0
0
59
17
410
2
0
9
1
296
6
1
6812
0
0
0
0
0
0
60
167
0
0
0
403
1
12
95
52
4046
5
48
528
4
1
0
0
15
37
0
0
0
18
6
3
6
0
9
3
4021
11
3
1310
4
1
7
776
0
2
987
0
11
1317
0
1
35
10
55
0
19
0
0
2
5
1
2
0
3
0
785
2
0
0
0
158
0
0
417
127
4
0
1
6455
0
2
27
2280
285
323
3283
1609
1695
0
0
1
0
18
2
803
0
0
0
0
6
0
1
0
0
2
21
9
140
0
24
0
0
4
6
1974
135
24799
8
4
0
0
350
0
145
1
0
139
38
0
0
0
1
0
0
1037
15625
1256
6667
0
0
1
0
51
1
0
1
1
1
18
9
6
0
2
25
0
0
0
564
0
721
9
1
0
1
416
870
0
34
0
0
0
13
1
3248
726
0
0
9
49
0
1
3509
0
26
1
11
0
2
0
131
8
1
0
88
1
10421
1
2
0
0
0
0
1
0
14
134
1
432
4
8
5
12
116
0
0
3
26
7
4
87
0
123
333
60
13
3
373
0
0
13
51
1
18
0
188
0
3
0
0
0
195
0
166
0
3
0
4386
40
0
0
18
0
5386
29
2
1119
4
1
0
3
6
538
0
32
2
0
32
112
0
1
8
0
390
0
15327
194
1
8
105
893
0
7
1420
91
174
0
5
17
0
10
2
110
0
0
0
49
1
1
76
0
12
0
0
42
0
14
0
13
0
6
0
0
0
380
0
0
126
3
0
5
0
0
0
81
0
0
5527
0
79
0
0
0
37
31
12162
26
5229
0
0
24
2
73
1376
1
185
8
0
28
0
9
1201
505
11640
848
3
0
183
0
2
0
11
0
0
2
3
0
43
0
0
30
1
0
93
3
122
1
13
0
4
30
0
36
66
26
19
419
0
1
0
10
22
7
0
14672
0
73
50051
0
11
5
0
30
108
108
2
193
140
0
62
1
37
0
1552
71
117
0
130
99
0
7
17
49
255
0
0
0
42
70
0
272
0
267
1
40
0
70
24
0
15
0
0
2
1199
1027
2
138
18
4
27
66
35
1
1
0
53
0
26
3
7
0
19
53
5
6
577
1
0
0
5
0
1
10
0
10
8
227
0
41
3
11
3
0
4
0
0
31
220
509
46
77
6
19
9
14
580
34
0
2
439
0
0
656
1
3926
2489
1
0
2
0
0
10
0
2
170
0
0
0
123
3144
0
6
673
105
0
251
3
348
165
0
0
0
5675
351
31
13
0
529
62
14
16094
0
5
0
2
35
37
6
29
11
0
24
0
3
162
152
19
0
2
132
322
170
1
12
55
14
3
0
0
0
1591
634
6319
3
78
29
18
0
0
1
28
1
44
454
8
110
0
0
0
50226
295
2
3
0
54
0
5168
1
0
410
23
0
0
1
62
11
5
291
5
1700
31
53
4
0
0
0
0
35
11
757
27
34
1293
8
20
0
54
0
0
4
4
58
108
98
0
0
998
4
1
7
1866
0
0
1
0
351
0
0
0
2
1
4811
11
0
0
0
41
19
0
41
5
6923
0
0
1
0
0
13192
0
2
1
2
0
0
1773
14
0
536
5
0
4315
153
0
2
0
0
0
1370
0
646
1
222
0
132
78
14
82
14
86
0
1
175
0
68
71
3
263
79
0
0
1
410
0
0
0
592
6061
0
6313
0
0
0
8
0
0
605
62
4
2
18
0
6
43
62
0
871
2
177
0
20
58
2
1
0
58
10
0
0
59
0
2
37
0
24
2
8
76
315
97
9
2
2
18
330
0
299
1
939
43
0
0
11
6
750
0
0
0
409
5
0
7
135
2
164
159
0
0
0
72
67
0
0
4
0
0
10
2
1
1
149
116
1
17
23
2
30
175
33
0
12
0
57
2
0
1
0
0
150
0
153
17
0
0
12
0
0
2
0
80
0
1
1
6
59
64
587
11
0
409
1
2218
238
0
366
1
4438
13683
10
0
17
0
541
0
2
0
0
0
238
0
4
6
12
0
6
0
258
2
2
11225
0
0
127
3
0
0
0
1
0
14
3
3
0
2511
719
24
107
1303
7
60
92
0
759
0
5799
3
2
0
6
45
1417
17
2
452
19
2574
0
4
0
6
1
394
0
0
0
0
3583
2496
0
614
230
40
0
7
0
5
7
66
132
0
9
176
3
46
29
0
34
81
1
1
0
0
1
0
8
0
0
27
1
6
0
0
1020
19
28
43
22
0
0
0
0
3
156
0
0
26
0
10
10
0
0
248
0
3
0
0
0
1
147
1
1765
0
37
4
0
6
1
7
0
8
0
5
0
1
0
0
0
0
0
2
1
0
23
0
0
3
0
1
157
2
15
187
0
40
0
0
2
20
24
25
0
4
0
3
70
0
3
3
0
0
0
0
10
0
0
6
2
58
0
2
0
27
54
0
18
190
0
0
0
37
25
48
27
8667
0
891
0
0
0
0
0
2
2701
0
0
0
51
0
20
85
0
117
0
0
0
0
0
8
0
1
6
11
17
18
0
1
0
190
65
21
1
0
59
3029
0
11117
0
3
53
1
0
274
2
2
3709
3
0
313
4
0
26
0
0
0
2
0
48
870
1859
0
2
4
901
0
0
13
243
0
38
3
0
0
170
0
0
1
0
0
0
2
0
0
1
2
2
9
4
14
0
7
0
0
2
9
20
0
42
28
0
64
150
897
0
0
0
3
105
12
688
0
0
6042
1
19
19
0
5
0
133
37
2
0
23
1
268
31
0
30
1
2277
0
0
0
11
43
0
0
0
0
2
0
0
0
608
1053
0
1
5
0
2918
2116
10
2287
0
4
2
66
614
3
34
1
0
0
0
0
1
124
4784
715
1
0
0
0
2997
0
146
0
0
2
1
4272
2
0
2
0
2
0
5
12
0
3242
381
0
0
109
45
7
35
0
0
6
2
201
0
149
0
0
24
0
0
3
0
3479
2
145
3463
0
3
0
3648
301
23
0
0
0
35
0
7
0
0
1
332
0
12
42
5
1
266
1
0
583
0
0
1
87
5
403
0
0
179
1
392
0
1
0
1
0
17
821
1
0
346
1035
610
0
0
0
0
0
0
0
114
273
0
0
1
20
15
24
33
27
1022
2
0
0
3
1969
0
38
6
39
11212
1633
0
0
8
0
1
1
2
0
2
1760
9
52
0
0
5
2
72
1
3
19
0
110
26
0
50
0
27
17
3047
2
36
61
0
12
1
31
2
0
0
69
1
0
1
0
2484
4
397
2
1
0
1
76
0
2
410
383
112
0
29
6
132
2
7
1
718
0
0
6281
0
0
0
236
22
100
2
483
576
0
26
0
0
178
0
34
0
0
69
1673
0
182
6
47
33
446
0
0
137
4
19
0
0
5
1
0
0
0
1
626
158
444
0
16
0
0
3
2
0
3
2
21
0
4219
18
0
9
0
3160
66
2
30
3
255
0
71
6638
0
24925
7
2
4
0
4
0
2
23
46
639
0
0
9
742
1
2
1
29
1
0
0
1
325
0
0
110
54
1
94
0
0
0
1407
0
0
0
0
12
440
2835
1033
0
0
1
0
1
0
3
0
7
145
176
10
0
0
1
0
1
0
1
2
16
410
28
0
2413
2
555
0
4
43
1
7256
0
0
70
0
0
26
0
5
0
0
1847
0
11
114
52
2
0
0
8
8
0
1
0
738
95
5
3
7
1
0
13
54
17
66
1
16
2
1
22
0
3
44
1
6
0
28
0
420
15
30
0
7048
0
1411
2
0
3
0
4
2
342
4
32
394
76
0
0
40
55
14
0
0
8
0
11
0
4
0
542
0
2
4
156
0
0
0
734
0
10
5
31
1
0
5660
2
2
32
18
1
5
0
2
9
14
110
0
67
53
0
0
0
22
904
173
0
87
73
4
0
0
14
0
4
76
0
4
5
1
1
0
0
0
118
0
0
18
0
0
24
20
0
255
519
41
15
51
0
0
0
110
0
1
0
16
3
2
1
0
11
7
98
11
50
0
76
3
112
0
3
3
0
167
273
0
0
0
0
36
0
502
0
13
17
312
0
3
2
233
0
31
1
2
13
0
8709
376
12
31
2419
125
84
0
0
306
0
2
5564
211
0
0
0
0
0
2
37
780
46
1
93
0
1
0
447
348
106
1
0
44
1
0
2
19
84
0
35
0
0
1
1
175
10
29
3
0
1
1
0
15
17
0
0
0
2
0
0
0
2
0
0
0
0
0
18
1
1
0
0
0
136
183
7
1938
1
0
0
10
0
103
17
0
0
0
0
42
4
1
0
0
2
0
3
0
0
606
0
16
0
0
5805
13
4
0
0
0
2202
2
29
1
2
0
49
1
1
2
41
0
0
0
3
0
33
1
1
213
0
11
918
384
2
4
0
0
680
1
2833
16
0
0
0
0
1
0
26
0
1071
0
1
81
0
1
3279
337
2
414
1
0
31263
0
729
0
9
804
3489
2052
3
2
22
21
5
0
7
705
0
0
0
2
131
0
0
0
64
1
0
24
3
0
3
0
1
75
5963
0
0
0
9
0
0
0
252
0
0
11
3
0
9
0
191
0
0
0
1
6
21
2
0
0
26
45
0
4
6
0
305
0
0
36
0
45
1
2
0
174
15
97
0
1036
7726
833
0
1416
291
0
0
70
0
1
24
2
0
1
6
0
0
0
2
24
2010
20
6
163
0
57
0
0
0
0
0
124
73
0
422
0
0
1
0
1
0
0
0
0
522
119
1
1
793
24
0
0
0
0
35
0
0
46
17
2
0
3
40
1
106
305
0
68
0
0
0
31
0
0
7
8
1
0
0
0
21
3
1737
4
2926
0
27
0
6
36
350
0
1
0
0
564
5
1
0
0
0
47
1389
52
0
30
1
0
0
45
1
2
0
4
15
0
0
2
115
0
18
0
0
0
3
0
3
11
0
8
5
0
0
0
0
30
6
12
0
12
0
15
7
0
0
0
1001
0
0
7
0
0
0
0
6
0
0
20
0
1039
0
0
0
2
1
0
953
0
3
114
1
1
160
101
1
0
20311
0
0
0
0
0
18
7
0
0
0
0
0
6
2
122
8
23
50163
3
4210
1343
5
1
1
0
0
1
3
1
0
40
1
0
48
0
424
4
418
15
3713
102
5799
1
0
0
0
7
0
76
215
6
0
0
8
1
21636
3
344
1
0
3494
0
4
7
3
298
90
1165
0
202
0
0
1
1
0
0
0
0
102
1196
29
1043
4
83
15
339
1
0
2
34
45
83
0
2
1
158
0
208
1
22
13
2
0
27
16
4
30
0
0
0
0
0
1
0
0
20
0
441
2
0
25
2
0
0
6
0
20
2
6813
11425
0
2028
37
1
3
0
284
25
0
77
29
4
0
20
41
108
0
27
0
0
0
0
17
12
2030
0
0
0
98
1
0
0
0
0
15
48
0
0
1
0
103
0
437
0
745
0
2
0
1192
29
0
46
1
123
1
0
2
0
22
24
1
1
7
0
40
2
207
4
0
2
13
75
3
1
0
0
1465
1199
146
0
7
1041
0
0
1
68
13
785
2
5
1
1
0
701
0
0
216
1
0
1
0
39
2
0
63
0
0
124
1
0
82
3931
1
3271
1
1
1
0
0
241
0
712
9
0
1
135
1
2
6
2109
299
0
0
6
1
0
68
0
0
0
3
0
332
882
0
7
0
3
45
12
25
1
1
3
2
0
0
0
112
1
0
0
3
9
159
284
0
0
1
0
0
0
444
0
3
120
0
3
23
0
0
15948
1
212
0
0
0
1
50
0
1
20
79
69
52
16
20
1
0
0
1
0
0
5
0
0
0
8
888
0
0
0
0
39
18
0
26
0
1
11
0
0
0
38
13
0
1
137
52
0
332
0
0
105
1
43
0
0
0
20
0
2
0
97
2
1
1
0
3
0
0
841
0
535
0
2
0
0
1
0
1
11
814
1
0
16
4
1
368
0
189
85
33
4
3
0
13
0
766
0
0
14
29
0
236
258
5
14098
28
0
0
93
0
1
260
0
4
1
0
1
4
0
0
0
0
0
350
0
0
1
0
4
1
1
1
0
223
0
55
1
6
54
1
2
0
49
62
0
423
1
94
1
0
5
0
0
11
0
0
2
0
1321
11
0
22
0
2
106
1
0
18
559
106
0
485
0
0
715
0
28
0
0
0
347
0
2
0
0
0
0
6
0
1
63
0
0
0
2
0
436
1
0
1
21
0
0
1793
0
0
0
2
3
0
14
0
7
0
47
0
1
12
2
0
4
5
9
33
19
12
174
3
0
0
92
6
5
0
2
273
208
0
2232
34
20
0
0
0
0
7
0
0
0
1
0
0
31
641
0
440
1
0
0
1
0
0
3
0
0
0
0
0
1
1
0
0
3
36
0
0
3
0
336
7
200
0
55
1
1
2
7
0
183
37
5
0
0
91
0
0
0
0
0
0
0
3
1
57
0
2598
0
124
0
0
34
0
0
0
0
22
0
0
232
0
0
531
1
2
0
1
1
33556
0
14
0
0
11
347
0
2
1
874
0
1
19
56
1
8
6
1
0
0
0
0
29
0
3
13
9676
0
37
38
0
158
0
0
48
2
0
10
0
6
1
72
0
1388
0
107
98
0
0
0
1
0
1
388
1
3566
2
0
1
0
402
1
1
6
0
0
3711
2
15
1
580
0
0
0
14
3005
0
12
2
0
0
0
637
2675
58
0
6
0
0
210
2891
25
0
0
279
217
346
0
0
0
18
0
15
4
5
14
5
17
0
123
0
24
2
0
0
0
0
0
0
1
1
709
146
1
0
1
1
908
53
0
1
0
0
1
22
30
0
0
53
20
3
0
25
0
12
12
7701
1572
1
0
3
15
3
5
0
0
414
14737
0
0
7
2
3
4767
23
0
2
0
3259
0
0
13
0
4
0
6
60
0
0
89
388
0
1
1
0
2
4
31
200
1
0
0
537
60
0
1
0
0
1005
0
0
31
0
0
271
0
0
302
6111
0
31
5
0
0
29
686
0
0
2
0
0
0
352
0
2
2
0
73
0
0
2
6
11
0
0
0
0
0
0
0
6
0
0
2030
1
7
0
57
135
0
0
0
68
0
91
21486
0
1446
10328
513
0
0
0
87
0
0
0
125
0
0
3123
1
66
2
1
0
77
5
4
1284
49
0
0
0
0
0
6
0
0
1
0
1
0
128
0
0
4
783
0
41
1651
2
0
1898
0
210
0
1038
8
52
1
0
2
1
53
142
0
27
1
7
0
2116
954
15795
230
48
9821
0
15795
261
4871
10138
4864
0
553
70
103
6
12436
48609
390
192
1294
8575
4842
289
7337
268
18836
1887
48
2949
6075
9138
15776
0
5911
5714
147
153
3423
11
169
6888
12367
169
20036
0
39470
2622
5001
163
3566
3566
3
302
1612
5104
5704
11
5088
2045
0
1541
6526
172
6
4
12
8298
2
6526
4
176
8
8209
272
21134
7
1508
17
9009
1888
13
142
0
1293
0
197
0
12
51
5
40
20466
29773
3
1194
261
91
49
1
780
10
3
27345
255
4
5
1785
2148
1940
2426
0
6893
18592
433
6077
705
517
11
13
3354
12507
16516
1744
826
204
10492
61
2687
179
324
34
13384
3107
179
0
3
32
0
0
1979
5
5
1
1
329
247
0
0
124
28
310
2214
323
0
218
351
0
0
3
478
53
96
1237
19
3981
488
5
2889
65
389
4655
8820
386
20521
7469
0
13
50
8
0
1
0
9
2118
123
10428
2
81
4704
4
0
975
296
19
208
5
6585
296
315
0
4
95
43
2042
1
0
27
46
0
1
0
0
0
7
0
0
1
756
212
1
0
0
0
36
148
226
82
1428
133
3
0
1
3
5
1
10
0
3
5
272
24
16
3079
20411
79
0
0
666
489
2859
4
59
2084
11462
84
0
28
0
6
3
4
28
18
2648
58
288
4
1
397
0
0
0
99
11
1653
0
37
1
81
0
0
715
158
23
576
21506
78
1538
0
1125
30
2
885
69
1
127
80
0
102
3262
141
15
1
1935
6
111
0
0
150
0
1792
2677
243
11
0
157
1136
0
15123
1
9462
8852
2
15
1050
4674
0
13
758
79
1
61
1
851
355
24
40
2
11
0
0
0
0
1
44
16336
0
21
1
1516
29
0
0
0
0
176
351
6695
14709
13
132
2002
1591
18
1239
0
3
0
4105
0
2
101
0
0
6438
0
3
16
13
0
0
0
18
81
62
0
0
18
2077
141
5
41
2
14451
0
21
3
0
0
0
352
0
3322
46
0
0
0
8613
21
1
246
112
15
574
103
57
0
21
2
0
275
14
0
107
1637
53
373
8
9
4963
44
1075
0
0
8
7065
9
0
3
1
22
0
1043
0
41
3
1347
91
1
31
301
0
3606
20
1
0
1471
52
51
0
38
0
444
0
0
176
4
203
0
1160
896
1
22
695
0
0
0
25
0
24
4441
5424
81
0
9601
0
269
0
3
1
354
25
3
0
6851
19
174
0
55
6
348
50
20
31
20578
9282
4492
0
7
1
1
0
1
3
5178
0
12
2
62
757
0
95
38
0
10891
0
4
0
0
18
0
0
10
2008
3
1155
6956
41
983
29
2928
74
0
0
1282
0
50
3
3
119
0
0
13
2
115
0
3251
175
8
335
1181
20
0
580
9
1474
1
12
7
0
1
29
905
22
0
4
1
1
5
12
18
0
805
30
0
0
15
9550
0
53
0
1454
9
195
0
2
659
14
4
2
10
0
3742
3
3112
0
0
256
23
0
8
26
580
11
107
0
7598
13005
12
0
5
1268
17
4
0
811
6
8
0
0
3
1
1707
9
2061
61
0
0
30897
44
0
0
2000
13
0
1
244
6
69
1
30
0
837
736
58
756
0
0
0
0
602
0
167
0
483
10916
0
17
2083
501
9325
7
2
1
0
0
50
67
1
3471
1
1
4547
146
2
0
3
0
139
0
0
3
0
1244
3184
0
192
14
1
39
35
0
2
0
1804
83
2
0
1
0
0
0
913
0
8
49
679
0
0
0
162
0
8211
415
25
68
11
6103
0
1
6
0
3
7
13
27
0
5
120
2
0
0
0
4
0
55
5
0
0
2
2545
0
5041
0
78
0
65
0
3
195
1
0
0
86
1358
15
4378
1
1
21
1
23
16
2883
2
0
3
3772
7490
4
1
216
1333
1
1
0
2027
1
0
36
45
2
12564
82
28
0
766
690
96
109
0
227
0
166
4754
0
185
1749
6
2
234
0
321
21
0
0
1
0
789
26
0
162
0
2
313
5
0
0
0
1
0
1
2
18
73
0
3
3699
5
378
1
1
117
1
3
713
1
0
30
606
597
4056
0
126
0
1
31
2
3
0
4
1050
0
57
175
2
36
24
171
0
80
0
304
0
135
96
0
1
154
4
2
0
0
46
0
0
2
206
175
0
0
1
1288
4
19445
88
17
35
0
0
0
1
28
415
135
5
1
0
23
56
1
5968
2
1
0
11
0
0
73
0
0
20
6
2524
0
414
0
0
29
30
0
16
3
699
3
0
1
7672
756
515
729
1
37
4027
0
0
45
688
0
253
0
37
0
86
0
0
8039
1719
5
0
3812
7
167
27
2
3
0
1
155
7
1
67
4
15
104
0
2
0
0
3505
138
0
1
274
42
2
381
0
4374
15250
0
72
0
12
8
0
3
16
10
0
0
364
967
0
1
0
0
8
0
0
148
9
1
0
33
37
8691
0
1389
6764
0
0
7
73
0
7164
4
23
96
9
0
7
0
4470
0
25
3
0
1488
0
1312
4
21
4
97
0
339
0
459
0
2
124
0
2
6247
0
78
1
0
0
0
1087
1559
359
0
320
6
206
0
0
1124
63
0
1
3
14
0
31
132
20
0
4
21
0
2
1582
10
96
157
0
0
89
0
2801
0
7325
35
0
354
15
0
1
3
1
1
0
125
2
0
32
0
699
131
0
438
113
0
455
1
268
4
0
0
0
0
0
23
0
23
4219
3
35
0
0
347
0
0
119
4
59
40
0
1
0
53
187
421
0
1
2
73
115
0
1
1
2
1
0
1
2
0
84
39
36
2
149
23
226
388
0
0
2171
0
0
1
202
1515
15
0
0
22
43
37
6850
0
0
0
1077
18463
1
0
0
0
2
0
24394
96
0
321
0
0
0
0
0
0
0
0
12413
1
3
57
0
0
0
0
12
0
2
1
1
0
25
3
550
0
34
0
10
0
2
62
11600
2461
0
163
5
4505
592
0
7757
0
0
0
0
49
0
25
2040
0
0
0
2
0
0
0
1
0
1709
0
5
0
0
1
0
3
0
1
0
522
0
1
0
0
53
1
273
0
14
1031
763
0
0
1
85
1366
0
0
22
3
0
13
9500
233
3
102
4
776
94
212
211
1
0
5
3
559
359
0
0
23
268
0
78
1
685
2
162
29
5669
0
405
0
62
0
898
1
0
1
1
0
0
61
55
5
1
26
162
0
3
0
4
0
166
0
7
78
21
0
0
80
218
23
3
1
3
6
1
9134
0
0
1128
8
316
1
0
1306
1
21
546
338
388
0
0
36
223
0
10
140
13
20
0
32
0
1
1
1489
0
8
3
0
1
0
0
0
0
0
4
27
24
4
0
0
0
0
0
0
0
0
0
6
5
0
7
1
0
0
1
153
1
118
3
26
0
417
119
0
0
653
277
19
0
8742
62
0
0
374
3178
69
1003
0
0
12482
5
0
0
690
168
3045
109
68
31194
2
6
0
0
0
0
81
0
0
0
73
0
1
2399
1
0
0
0
0
13
5
0
1
0
10
0
4
0
1
1
0
1
273
0
2
0
0
0
53
15
323
240
0
276
49
0
211
17
56
0
0
0
1
0
1
0
0
14043
0
0
713
0
2460
7
0
1
0
0
0
63
2
0
0
0
1
0
1
0
1687
0
0
0
0
61
1
1
0
46
0
2
154
0
6
34
58
0
0
320
0
1857
0
23086
4
69
12820
50
80
0
0
886
97
0
844
0
0
3
678
157
497
2
2490
0
0
0
2885
34
0
70
5
31
0
0
0
11
11
0
0
446
0
0
31
34
2161
1
254
30
1
0
1
4
0
3
568
1
0
0
0
0
14392
0
648
11
657
0
0
121
149
0
9
1
1
3108
192
1
630
12840
2
0
0
10
41
26
96
0
0
69
8
495
1
4
2671
0
10
0
0
0
0
1
242
4
0
31
0
0
0
0
0
3
2
1047
0
4
0
0
57
964
0
0
27
1
0
240
0
94
0
4
16938
0
11491
1
0
1812
1411
0
0
12
1893
81
10
194
4078
0
6
3
97
0
0
1340
0
616
0
0
459
5
67
5
4
713
227
1
1
0
0
0
0
1
0
11
25
70
17
96
0
2057
0
0
0
11313
1151
373
52
0
3
0
7
0
0
6166
0
94
1
1
4
25
0
1137
63
31
0
3
1
1
0
0
6
0
4084
0
8149
20
12311
0
1
2
2598
0
42
3758
0
0
0
0
0
2
0
0
0
0
0
16
40
1463
2
0
92
0
0
65
42
3174
18
103
1
0
15
21
0
0
33
9
0
2
3
165
0
0
1
556
0
124
0
0
6
22643
0
38
243
1
1
0
184
0
1
0
125
14
0
0
72
3387
0
2
9199
0
1543
0
0
0
0
0
0
0
7
232
0
5
1
1
2
104
0
12
115
0
0
0
6
2001
1
0
8
1
0
1
0
0
0
0
1908
402
14
2
1271
0
10648
478
81
2254
33
5
19
8
0
0
37
0
710
0
0
0
280
0
88
2
2652
11
22
0
23
208
70
0
437
0
0
0
0
1
0
1
1
6847
0
467
0
5889
1
34
1
1
40
0
0
1
1
5143
2304
30
1
4
1
126
1
0
10
0
10
285
82
1
159
2
13934
59
4
0
50
120
0
0
116
13
2
10
7769
83
4
0
4130
0
0
264
2
7
0
0
23
0
0
0
0
0
0
0
2
1
3134
3
0
0
0
60
1199
42
2
0
107
910
1
2653
0
0
0
49
1
0
0
186
0
25
96
79
0
1005
7
73
15
2
59
25
9
2665
0
107
0
0
1
5
1
6408
4
417
1
1
4411
0
0
0
43
0
0
0
0
0
0
0
1
0
0
0
32
27
0
6
4
2
0
0
0
0
43
0
3
0
59
1
1
0
3
3
21
1144
0
14
0
8013
3
8
229
1
0
63
6
22
22
63
102
8
345
0
6
256
925
1
18
3
79
0
4
238
39
0
2
0
0
0
0
0
0
13
0
2
1
3
11
2
42
1484
0
0
630
3585
5
0
17
106
0
1
17
1
1
0
0
2
259
7
134
0
0
1
207
93
0
1
0
1
15
43
0
3653
20
3
118
0
158
7103
141
1804
35
0
1
126
0
0
0
0
0
0
0
0
0
321
0
24
51
0
0
27
1
0
183
0
0
57
0
0
2
2
9
1
2
4
1
1
2
1
1
6
109
8
0
0
0
0
5
56
356
0
8
2
0
3
0
977
0
0
28
0
6
0
0
117
1
1
14
5691
2
0
0
0
0
0
0
0
0
0
0
49
0
0
183
25
52
46
13
1921
2
27
0
0
32
1
5
0
172
0
0
29
0
64
546
0
2595
1
0
24
326
838
2
3
4372
0
0
0
0
20
0
5
0
0
0
0
0
920
750
0
54
6
0
0
0
0
0
0
0
0
0
0
0
4924
0
0
0
0
175
0
1
115
90
0
0
13
11
106
12
5
192
17
0
0
148
0
3
0
0
1
5
0
1440
0
0
2
92
2
2
1309
7
0
0
0
241
4
6
0
0
0
15
0
14
5240
7
345
0
2649
5
97
16
0
0
0
0
1001
3
5
15
0
55
0
48
24
35
2
0
0
0
21
223
0
0
0
299
3
0
0
14
1
660
0
16
87
33
0
43
0
0
39
291
370
875
7604
7
0
50
0
1
10
0
1687
292
1
1
0
0
4057
2
1947
0
367
0
5
0
0
0
0
0
14
7
0
0
14
0
1
0
2
1
0
0
3
0
9
0
1
1
2
603
163
1
0
14
0
0
0
2
2
3
847
1398
0
0
373
1
1
138
2
6
44
0
0
33
2
139
425
0
0
343
527
2101
3
0
0
44
0
9
0
0
254
0
0
0
0
0
1
0
4
6
25
1
0
0
2
0
0
0
24
9
0
1
576
2
0
0
0
41
1
47
3
0
0
0
5
6
13
6
141
0
1
0
8
0
42
0
633
1120
0
14612
0
1171
16
1
45
4
30
0
450
0
301
0
216
0
0
0
0
0
0
0
0
0
0
0
10
0
4
2
0
0
16
0
1330
79
0
3
1
0
2
1
34
1
0
1
0
13
199
0
2617
112
0
0
0
13922
0
1972
2556
0
2
0
166
16
25
1
0
0
1155
0
0
21
16
0
125
0
0
4
334
86
0
14
0
0
0
0
13
0
0
23
1
7
6
9
3264
0
2029
0
5
0
42
0
0
529
1
0
9
4817
0
1
1
138
6
0
2
239
0
0
332
17
0
3
0
35
2900
0
0
0
0
1205
0
49
12
0
0
0
3
63
0
0
0
0
4
1663
50
0
3
0
0
0
2
0
0
0
424
2027
2
25
670
5
0
0
3
3
0
0
1
4
4
0
0
8
31
0
0
3
1
0
0
0
1
0
1587
6
0
4
849
160
0
0
0
0
0
113
4378
71
0
1811
9
0
19
60
1179
0
0
0
757
221
80
0
9
1
0
0
1
0
14
16
0
7
0
1
85
1083
16051
0
0
0
1
114
198
10
0
15
0
2
1
0
553
1
62
916
2
0
261
0
2
6
3
0
1
11039
0
0
0
0
0
0
85
2
0
0
0
24
1
1260
161
0
0
0
24
263
0
0
4
2
0
0
0
0
0
0
878
1
6
6650
1
0
9
0
124
1183
676
0
0
1
150
1
0
1
1
28
6
60
0
8
1
0
4
0
820
4570
0
279
0
1
0
10784
872
14056
0
3174
1
3749
163
0
0
4
5
0
0
0
0
0
29
1
1227
0
0
2
0
0
3
9
1
15
0
0
72
1
0
0
0
0
45
0
0
53
0
10
0
1
46
0
6
0
29869
0
1
1231
0
1
0
0
138
0
1766
35
0
1409
28
1
27
161
0
11
2
0
42
0
1
1
0
0
0
0
0
0
126
49
0
155
0
0
0
5
1
0
0
0
2
9
7
230
0
0
1
0
1
54
282
1
59
326
113
744
0
222
0
1
0
253
2
16
3
7
13072
0
0
33
2
307
91
123
0
1
7
2
3
0
32793
161
809
10
0
0
0
0
0
0
0
28
72
41
0
0
0
0
0
0
8
0
10
17
336
0
56
0
0
0
0
0
12
17
1
1
2
0
12
0
11
3
281
826
4169
2
1
2
6
6
434
580
16906
0
0
1
82
0
5
41
0
0
2069
8
7
29
48
0
0
0
25
275
16
0
0
10
141
1
0
0
0
0
0
4520
0
0
0
1
6
1
0
1
15
484
16
0
413
2
0
233
1
315
4
327
0
1
9
0
5
1
1
1
27
0
1
0
0
0
0
172
1801
687
1
0
1210
19
138
0
1964
0
0
0
0
0
6878
31
0
163
967
23
90
4
0
0
0
0
0
0
0
0
151
0
624
0
259
2
2
210
27
0
0
0
1
0
0
0
0
0
0
19
10
605
19
1
0
0
7108
45
1
62
905
0
435
0
0
53
0
137
20
1
5
5
0
10
417
0
0
94
0
10
4
39
16
0
31
52
0
0
0
0
214
2
2
0
10
0
79
0
0
0
0
1
0
0
227
58
11
25
0
0
60
0
0
833
0
6
0
0
165
33
0
7
21
0
2
6
0
0
2757
0
0
0
4
0
0
0
13858
7
0
0
198
152
1119
197
2
6
1584
57
0
1
0
0
0
0
0
0
0
0
79
0
140
2
2234
8
0
0
360
0
27
23
48
1
0
0
31
423
0
0
327
0
2
2275
41
32
0
1
0
0
4
393
0
57
118
51
0
1
0
12
0
0
11
4
71
0
63
0
299
3
145
1
2
0
6
1
0
0
0
0
0
22
0
0
46
0
75
0
6
336
413
0
48
49
0
18
0
1
0
1
13
0
859
123
0
460
0
1
3
11
0
0
1703
0
3
0
1
51
0
6
0
2539
53
0
0
2
2
394
20008
1485
437
0
373
0
0
0
0
60
0
0
151
0
0
0
0
3324
0
73
2
0
9
1
16
0
0
0
4914
4
1
14
2
21
0
1
30
8
0
0
46
305
16
8
1
0
17
0
2
0
76
7
0
0
8310
0
732
0
1934
0
0
73
1
0
2
11
0
0
2
438
1
30
0
5
5287
20
0
0
0
0
0
76
0
0
0
2
0
1
181
0
4
1996
1
3
1
7
37
0
0
384
7
665
0
0
12
0
0
0
3
0
11
0
14
6
0
0
2
594
3403
30
71
1099
2
0
0
0
0
0
460
0
10
138
0
4
1
1
0
2
25
1468
0
0
955
0
0
0
0
0
0
0
15
0
0
0
1
93
1001
0
1
3229
0
10
101
2
3132
0
1
1
2
115
1
1
0
0
0
1813
6
0
0
43
292
0
7172
0
1540
0
0
0
0
0
0
21
232
2
0
6
0
0
0
3
39
0
63
876
149
0
172
6
0
0
0
0
0
0
187
26
101
0
0
18
0
0
0
0
4
0
0
0
49
5
5
1
0
0
300
2
39
304
0
0
25
0
0
118
7
2
1
99
3
0
387
0
0
0
0
0
0
7
186
1
0
12
14
0
111
0
182
29
51
6
0
70
0
258
0
0
4
0
2012
39
0
1
2
486
7
356
210
2
0
1
0
347
6
0
53
2
170
6
0
0
1
9
0
0
0
6
140
94
7
159
13
1
3
0
13506
11
1
0
0
0
4410
0
8
1
0
0
1
0
0
0
2
7427
4
0
0
2
0
149
12
22704
0
0
39
0
0
0
192
0
13
0
0
2
353
0
0
44
4
1718
0
0
22
0
131
44
2
1217
1
0
2
0
150
6
1
0
0
0
9873
108
3
108
136
0
0
0
1
7
0
0
0
0
0
1
412
233
1
18
0
0
0
1183
0
0
0
115
0
0
6
1
4
224
0
0
0
0
0
0
0
0
0
3
1
0
2
0
12
117
0
1
354
0
0
0
0
0
333
1
418
1
2
0
0
1
927
0
8533
0
1925
0
0
0
1
0
0
2
0
0
0
16
0
43
0
2
0
23
0
0
0
0
0
460
6
0
7654
0
0
300
3
0
36
818
104
12
0
0
2
27
0
0
1
0
111
2
0
1
0
101
4
11
187
0
0
58
26
0
29
0
11
14
13
0
10
0
34
0
6
0
9788
0
0
0
0
806
0
2941
0
1
0
0
0
0
0
0
101
0
3
0
58
7
12
1
0
0
4
5
13
0
0
2
0
34
1
0
0
50
26
546
582
0
0
2
6
0
88
27
1
4848
19
0
22
92
7
0
776
124
3
1585
142
0
6
0
137
0
0
0
3
0
0
1
0
2
0
0
0
0
0
0
0
0
74
0
0
1
0
235
921
0
0
1
3
1
529
1
701
2
3
0
102
13
78
0
2
4886
0
0
0
0
4
25
21
2
3149
1
25527
1
16
0
216
0
203
1
15
0
0
0
3
7
0
0
490
2
0
4969
0
0
0
0
0
1
0
2
257
0
6
16
20
0
0
1
0
0
2
15
0
8
0
1
3397
0
0
376
2
4
157
467
0
0
0
0
676
165
0
4
0
398
70
0
9
0
1
0
0
471
0
0
3
0
0
59
0
0
3059
0
0
0
0
7
0
0
0
0
2
0
0
0
0
0
32
0
344
26
0
0
0
0
38
5788
2286
1612
1612
75
180
28
1612
1612
14066
163
7896
20108
274
2186
140
140
45847
26520
35545
73
17257
971
5104
28892
10314
100
3704
7953
190
75
1612
508
1612
6
75
1612
302
1612
15
5215
1826
156
5215
6612
15918
28561
87
147
1450
38
13769
8816
5211
147
6
13228
38
291
19762
35427
4675
11087
1025
15
71
11
11
16101
295
9803
11
11
4308
16535
10
661
2318
172
12
5
4
2079
11038
0
3
28176
60
6
122
103
69
14
35729
0
11
1
11
1883
0
11
517
11
1604
709
29
615
709
1
502
2
5430
14
5
2489
16
125
4855
6110
110
1086
108
4605
5
175
61
1
18
27
0
0
0
53
0
58
30
0
164
9
14363
0
310
2
9641
63
1202
14552
5352
78
0
7715
20
554
153
44
0
3316
403
111
0
5805
30
3025
111
0
513
0
0
3
0
20
3
7
2
0
1
36
149
626
0
2
5
3000
475
3050
42
26590
10
483
401
0
17559
6
68
0
0
26
140
798
740
26
27
566
142
358
60
12681
821
411
568
329
124
2903
2
108
2394
146
772
0
18
7442
822
31
0
11365
111
732
656
26
2
26
26
1
146
0
1
0
57
13579
0
3
9366
1
15
241
36
4
20
1
3
4
18
79
237
14
0
37
56
0
0
0
65
0
6
629
60
96
2
1364
208
62
341
458
76
247
3
1
481
3
0
64
14
0
13
0
2219
0
0
104
0
1
139
1057
7
122
0
0
32
38
0
3193
24
72
35
1
480
24
337
2941
2355
11
78
211
1
3
0
368
424
5
0
3
0
38
38
1
0
3
0
0
124
6
0
0
5011
987
3286
0
2
1195
0
1549
251
133
416
3759
4
49
7
71
13
4
0
9
1066
0
0
0
0
0
33
1
0
0
1
9754
226
0
599
1
179
3
0
0
1
0
0
171
32
59
589
125
0
0
6
0
7
1826
98
155
0
76
0
14156
26
27
1
13629
3
343
4
0
0
275
45
94
38
30
6251
628
28
4669
3
823
1623
537
44
0
39
63
1
0
1
71
20
34
2
15
34
8
159
0
209
2124
2
7
120
89
4
979
18644
0
0
24
76
5199
28
1
803
0
77
2
40
40
0
2676
49
9489
385
0
1
1884
0
40
62
5865
10
153
0
0
277
0
2
12
6
714
45
0
311
7
538
0
814
17
256
453
54
58
232
16
25
2
16
1
3
0
0
0
24183
588
0
3
0
428
744
7
1
278
1
4
115
1
54
3
0
0
1
0
0
10
0
255
2
5
96
0
0
2
30060
2428
0
2
0
1
0
0
191
348
0
11
45
539
0
0
0
208
0
0
9
0
83
0
439
0
0
188
0
15
9
4
1
2
3
747
1
745
0
13785
0
5
434
23
15
2
0
5
9214
7392
3587
0
286
2
0
0
0
138
0
0
0
14
2
15
134
0
125
1
182
0
0
252
31
2
0
125
393
846
0
0
16703
22
0
0
1
7
0
72
0
0
2418
395
0
4
5
15
62
0
42
0
10
0
65
34
0
0
518
5468
3480
1
0
534
0
0
0
0
0
504
7
1774
1
0
1839
0
9
1
135
1
4
54
732
1
11
16
0
8
182
42
122
5153
13
239
13
86
75
0
0
0
0
0
0
847
0
0
1
0
0
61
103
245
0
2
208
3
7
13
1
10
1
0
2
52
2
0
16
79
8
755
0
19
456
3
830
1064
1
0
1
92
4
13
0
0
0
0
1
1
58
0
2380
3173
13
10
9
0
15
3
2015
0
5
10
2
19
0
20
0
1
1
2
0
0
2
0
4
15
18
7604
785
0
14
253
176
29
18
0
39
3
6
118
7
2
2
1139
0
0
0
0
0
27
1
0
3718
73
1212
129
1
2
51
21
0
40
1891
0
84
0
112
0
82
0
2
38
61
0
1
406
29
1381
34
0
46
0
63
722
4701
1
365
12
159
0
11
383
2
0
2
0
0
0
4
0
50
0
0
10003
265
3051
1
37
0
0
2
0
6147
1083
25
1
6
734
775
0
238
11
1
1854
11
17
4
2
2
1
9778
0
18
1
15823
1645
135
0
2
1
0
8
2
7
926
0
80
0
0
42
0
99
5
0
44
0
49
1886
2
9340
3
0
100
0
1964
4
408
0
8
23
2
1729
51
0
124
47
3
0
0
26
2
77
21
0
3
0
1
0
92
0
3845
0
0
1
1
0
302
0
20
1
0
1
2
0
1
1
2
0
1
1
0
2566
0
84
14
0
0
2
0
147
470
2357
0
19
3
1831
4
789
1572
2
4
0
867
6
4
85
0
0
2721
0
56
0
136
0
13
80
1
44
0
4686
2
797
0
82
0
1500
5
0
1
0
349
1
431
0
127
0
0
0
1
0
0
9
1
40
0
3092
0
0
1
0
9
7
224
305
0
3375
4
2
0
0
2
0
0
0
2
0
72
73
3
339
0
0
2
0
7
15
8
0
73
57
0
2949
0
201
348
0
0
28
2
27
0
0
1117
11
9
0
1
0
0
57
0
3
1
0
7
0
0
0
0
1
1
0
3
1045
110
1
33
0
159
2
112
76
0
92
0
64
0
0
2
3
5
4
54
69
0
1
0
0
0
4
48
1
16
0
0
877
211
0
21
243
23
13
0
45
0
1
0
29
463
0
0
0
0
0
1
8
1
8
0
22
0
0
3
0
22
0
0
12
0
317
4
0
2
0
3
0
37
33
0
0
21
442
0
0
3633
5371
0
1
194
0
1217
1
0
0
103
1
6
49
691
140
3
156
12
0
0
417
0
0
227
0
0
19
0
1
0
1
20
1708
21
31
75
0
71
3
23
0
1550
1
0
3
0
1
131
74
79
17
0
0
1
0
0
108
1
571
145
296
4773
906
28
32
798
0
2
1324
525
0
0
0
0
1
82
1023
605
4
23
0
0
0
1
17
0
0
27
335
0
0
0
0
8
0
11
62
0
0
0
0
53
0
0
36
1
0
0
1735
0
46
111
0
1
0
143
41
8
0
26
0
8
0
14
266
47
16001
6
2987
434
2
0
0
2
3
103
128
0
1
2075
1
0
0
0
1
0
0
1
1
1
0
0
8477
1
0
0
0
240
0
0
50
0
0
0
0
0
0
0
0
0
0
0
1
1
0
0
37
2
91
1
25
1
4686
0
1230
14
2
3
91
0
5
66
3
0
1047
0
4020
5788
0
0
10
0
1
16
7
0
42
0
0
0
0
3757
1089
0
0
1708
4
0
9
0
2
0
0
0
7
0
2
112
0
53
0
0
700
0
1
53
0
0
0
0
0
3
0
0
2
0
22
1
2
20
2
3
0
4
0
1
0
25
0
17
7
0
573
0
0
0
12
2
0
2
1
431
508
0
1
309
0
0
11
0
4
1
0
0
711
811
23
34
1
0
3
0
0
345
0
1
0
0
3
0
0
35
4950
2
0
173
107
3
70
0
0
4
4
0
1
0
0
153
11
96
7
0
112
0
54
5
20
0
9
23
0
0
2999
39
5
1185
2
70
36
1
1
0
0
0
0
2
0
0
1
61
0
50
0
0
1
8
443
17
2
0
0
40
0
1060
0
16
54
91
237
0
0
57
6
375
1
0
527
0
869
51
0
128
0
17
0
1946
4
0
19
7
50
0
270
0
3
11
108
30
4
0
1
0
10
29
1208
0
0
0
1965
0
594
0
2804
20436
0
1
0
0
0
0
0
0
24
36
0
0
0
0
22
1
1
1
165
27
5
0
0
600
22
3
4
101
1
3799
834
0
98
0
15
234
1
1
0
0
6
10
2
0
44
171
0
3491
0
71
140
38
1
4512
2
0
0
0
242
77
2
0
0
1
0
19
0
0
0
26
292
0
0
11
1
0
0
0
0
396
4
7
501
0
4
38
0
663
3
2
21
1
2
5
5415
0
0
432
0
0
51
1
0
0
0
1193
0
1
50
10711
1
33
178
1
0
742
0
0
0
0
0
0
0
14
942
0
0
270
0
199
55
11
5
0
0
0
0
1
1
0
1
0
0
0
0
0
24
0
6
51
1
0
2
23
0
1
9
0
5
725
40
1
379
0
15
0
0
0
0
3
0
1
0
0
3
83
10
2
20
3
4
275
14
0
1
0
136
18
0
0
0
85
0
3
0
0
0
7
0
9
1
361
0
0
0
1
0
539
8
0
26
1524
0
0
11
0
85
0
85
238
5
0
71
0
12
0
0
245
348
7
35
91
0
1
5
0
0
203
0
7
73
2
30
122
253
0
0
3605
49
13
69
1
0
493
0
7
0
0
0
38
2
0
0
0
1
0
0
1
2
3
0
0
0
5
15
0
0
1
1
352
378
0
1
2
3
4
6492
12
1
7
0
60
4
0
0
0
0
0
10
67
0
1104
237
3
17
1
369
0
1
0
0
2
0
24
1
0
0
0
0
0
0
0
0
715
0
13
0
2
0
721
0
1
23
0
1
2
0
0
104
0
1
10
0
3
0
5
807
1
0
0
0
31
4
1
3
0
70
503
0
0
33
0
58
0
0
0
4
47
133
0
16
44
23
0
1
0
22
0
4
0
0
1
0
0
0
28
1
0
6
0
3
0
921
0
273
1
1
0
1
26
2
264
8
1
24
544
0
0
0
694
3
1
8321
13
0
70
0
27
5
0
0
23
0
5
0
11
0
0
1
698
1
0
1
118
4
2
3
1026
4
0
314
0
0
2
5
7264
0
0
0
13
0
0
0
39
0
64
1
2
3
2
316
0
1
899
0
0
15
0
0
0
0
13
4
99
108
2
51
7
2
75
582
0
0
0
97
45
0
126
0
0
0
53
0
26
0
1
0
22
0
0
1
402
58
0
2
2215
0
0
0
1
0
928
0
85
66
0
1
2
0
0
0
69
0
0
0
182
2
0
0
7126
7
1
0
7
27
0
231
3
27
0
2
0
0
2
0
0
0
0
3
8
8
2
0
0
5
0
0
30
161
1
3
21
1
0
45
18
779
0
56
276
0
14
0
0
0
1
0
0
0
0
0
0
0
391
0
1832
2
10
758
3
0
2
38
144
6
4
0
1
237
139
0
5309
4
3
4
0
9
0
2
2
0
0
0
0
0
0
1
0
2
5
0
0
1
0
7
466
1
1
18
0
1
0
16
84
0
13
0
0
0
0
36
0
0
1
0
0
1
0
1
4
9
821
0
0
830
27
38
0
4
3
60
0
0
0
0
25
0
38
2
0
1
48
4
4
1
0
0
0
0
0
0
0
0
0
0
0
0
5
0
33
26
0
0
11708
1
2
0
3
0
1
0
0
139
634
0
24
82
0
48
0
0
0
14
0
0
33
2
0
9342
630
0
16
2
1
1
0
0
0
11
4
22
1
16
166
155
0
3
0
0
0
260
0
0
25
88
0
0
6
10
0
0
0
1142
1
428
94
120
3070
1
0
19
0
0
1
0
1
0
1
1848
2
0
0
159
0
1
0
0
1762
0
82
159
10
123
1
0
0
4
3
3
101
1
0
2
0
3
0
0
10
56
4
1
0
2
107
35
0
0
16
0
336
0
0
434
43
1
51
2
64
106
1
578
121
10
1
1006
0
0
1
224
0
6
0
1
1
7
0
1
1
24
0
0
1372
1
1144
1322
0
134
6
53
0
43
0
0
0
2
2
0
1
10
0
0
60
149
1
213
0
118
4
0
1
0
100
0
0
5
15
1
0
1
0
39
99
0
15
12
29
0
0
0
0
0
0
16
0
0
0
0
0
0
0
3
1
1
4
0
8
2
512
3
0
0
0
2
7
360
4180
251
1
210
3
0
6
0
4
0
3
7
0
1
1
85
0
38
0
3
0
110
20
1
0
0
0
0
0
4
0
0
2
4
2
0
166
0
1
0
0
5
0
0
0
0
0
9
21
0
0
308
0
1
7
0
5
0
1
0
6
0
0
5
176
185
1
0
15
0
0
63
3
23
0
3
0
0
0
6
0
350
0
0
0
0
0
1
8
0
0
0
0
0
0
1
4
0
0
0
2477
0
0
3
0
60
0
0
0
0
17
0
429
0
0
0
1
1
877
9
0
1271
2
0
1219
9
0
19
2
0
3
0
0
1
3
388
0
304
1
3
0
0
1
0
0
2
1
0
4
8
3
0
0
0
0
2
4
151
0
54
0
0
2
0
2
0
0
288
521
0
0
0
0
0
1
2
1
0
0
911
0
1
0
0
0
14101
0
0
63
112
4
4
1
0
124
8
1
131
0
0
10
1
0
114
6736
90
0
4
0
0
2
0
4
0
0
4
41
1
0
2
1
365
17
25
170
27
0
12
155
1
0
3
6
0
1585
0
0
0
3
0
0
2
1
0
185
1
0
273
0
9
11
13
0
25
0
5
2
1
0
1
0
21
0
471
9
1
68
0
0
199
46
6
0
0
0
0
0
27
0
0
3
0
2
0
1
47
0
0
1
2
12
1
75
0
0
19
7
178
0
0
0
0
0
1
0
0
0
2
3
3
0
37
0
700
0
0
0
0
0
65
0
0
10
15
0
0
3897
27
5
0
28
4
6
0
0
1304
0
9
55
1
1
0
0
233
0
0
13
0
0
2
0
185
9
1204
4
0
1
0
1
51
0
4
1
2
652
0
13
0
0
1
858
30
0
0
0
15
19
0
8
0
2
0
1
790
0
0
0
0
0
955
1689
1
0
46
0
11
12896
69
72
54
0
25
0
327
0
8
0
99
0
0
0
25
18
46
0
1
0
1
0
8
1
0
1051
461
0
812
0
0
0
0
0
14
1
0
1
1632
0
10
0
1
0
0
336
0
20232
1
0
356
44
16
0
0
0
583
8
167
1
0
21
271
345
16
1119
10
44
31
0
0
5
0
0
20
0
0
115
0
2
1
9
18
0
0
35
0
0
0
1
2
0
0
2
41
0
0
43
1
0
56
0
4
4
899
9
0
0
0
101
0
0
0
26
0
7
16
73
469
11
106
325
1488
0
0
32
0
0
2
550
0
14
0
94
21
0
49
97
517
0
0
1120
1
0
1
7
0
1
466
0
1
4
41
0
0
0
0
36
0
3102
0
39
0
0
0
0
0
0
33
0
0
0
0
0
1
5
9
277
44
0
3
0
1
2
2
3
0
0
16
9
81
0
21
79
0
0
0
0
0
0
0
0
0
0
342
2185
0
0
1
1
0
11
151
3
30
0
0
23
0
0
1
0
0
5
0
0
0
0
459
2
1917
0
72
0
0
0
0
0
1
1034
2
0
2321
4
3
11
1
0
0
159
4
0
412
1019
0
582
3
1
0
1320
4
6
1
1
35
1273
0
1
0
0
0
40
64
9
1
7
200
0
0
0
0
0
0
1
0
0
4
0
2330
31
0
0
0
7
1698
2
1332
2
0
1
3
0
0
1989
0
1
0
2
0
0
0
109
0
0
0
602
70
5
0
0
922
512
0
69
3
0
0
5
2
1
0
0
40
30
7
0
0
0
2945
25
0
0
2063
779
0
3
1
0
0
0
2390
0
0
2053
0
1
0
0
12
3
573
27
1
1
0
0
37
0
117
0
320
2
8
0
5
0
1
0
2
0
29961
16
6
964
227
0
0
13
0
27
0
0
0
0
0
0
0
2
45
0
6
1297
92
111
0
0
2318
0
0
0
2
0
0
0
13855
0
142
0
0
22
0
0
11
0
7
2
0
0
0
1
0
0
0
16
2
1
0
2
1
11
0
0
106
20
4
2
4
3868
2
1
0
31
0
0
0
671
0
0
4
0
1
10
0
59
0
0
0
0
29
64
0
10
0
0
0
54
1
0
5
0
0
0
6
19
0
0
506
14
0
0
0
33
4
0
1
13
34
20
0
0
4
0
1
5
0
18834
0
951
0
6
0
3
3849
168
6
0
0
8
0
13
0
0
1
0
0
3
0
302
5
2
562
0
0
0
515
0
2
0
0
163
0
0
45
0
0
0
0
1
1
1
0
0
0
0
0
0
23
0
47
0
124
0
0
0
0
2
0
42
82
282
4
2
7
1531
0
13
21
0
0
8
10
0
0
382
0
0
1
0
0
0
73
0
5
4
11
4
1
4
3
13
0
0
0
17
0
0
171
0
0
0
0
312
0
1
0
268
0
3
2
111
1
1
32
68
0
1
1246
37
36
1
0
548
4505
0
0
15
166
12
0
61
4
450
0
11
0
47
103
1
0
0
0
439
0
257
0
16
0
0
2
0
16
1
0
100
0
0
0
650
0
0
4
0
0
7
0
0
1
1
0
29
0
15
0
0
0
2
0
670
1
2
6
1
10
67
94
0
0
236
0
32
0
484
0
0
3
132
0
99
0
0
0
0
18
1
81
0
0
11
1
3
2
0
0
1
1
1
541
4
1
244
0
2
0
0
0
493
0
0
0
701
0
0
0
20
2
247
57
0
0
0
0
702
1
0
1
0
57
0
5
16
2
0
2411
0
0
4
54
0
1
16
0
0
0
33
1181
0
0
0
0
0
0
0
3
0
1
278
8
48
3
5
306
43
0
2733
177
0
0
0
0
0
0
1
0
0
125
124
0
2
0
0
0
0
2
53
0
0
0
0
4
77
3
20
0
58
0
1
2
2
2107
0
3
0
10
0
0
9
10
2
1
0
0
0
538
0
58
571
0
0
25
245
2
1
0
62
6
0
0
49
51
0
8
19
956
0
0
0
451
2
0
0
2
0
0
0
0
0
11
0
0
0
0
344
0
0
1
0
10
101
0
12
50
2
6
1
7
248
0
1
2
15
0
0
0
5
0
0
0
0
20
0
8
2
12
5
0
1
1
0
0
1
0
0
51
0
65
29
1019
14
0
92
0
36
0
330
0
0
0
3
92
1
297
0
1
0
2
2
0
1
2890
0
0
1
477
3
2
0
4
0
3163
0
0
24
0
0
341
0
0
0
1
1
0
6
1
0
1
8
0
1287
42
2
272
0
17
0
0
1
1
0
4
5
12
3799
0
0
0
1371
0
0
0
0
0
2
0
0
0
47
0
0
0
39
0
0
5
0
0
2
0
0
0
2
0
0
145
179
35
0
1
67
4
0
0
0
0
0
0
0
348
92
4
0
10
118
0
0
38
0
210
0
1
0
0
0
0
577
0
5
0
307
0
3
1
230
5
0
1
0
7
0
0
0
0
0
0
0
1
18
0
12
0
22
1
46
10
0
521
1
0
0
8
6
1
0
11
0
0
0
570
5
0
0
0
0
1
1
0
9
0
1
0
14
47
0
1
0
28
0
1
0
0
0
840
0
0
0
0
0
49
1
1
1
0
0
3
8
0
5
3
0
2
0
0
132
1
1
162
0
209
1
26
932
6
1
2
0
1
4
0
0
0
90
0
14
1
0
610
29
1219
4
0
258
0
108
3
31
50
0
12
453
3
3
4
0
24
0
1
0
9
1804
0
209
1
0
0
0
1
0
4
0
0
339
1
4512
0
0
170
5
83
7
0
18
0
0
279
203
867
9
0
152
48
7095
38
22516
44171
8251
49880
8615
6
1446
4220
1612
5104
73
321
15406
0
9481
1531
839
0
75
1612
1612
1612
1612
15
180
0
1612
1612
1612
1035
708
466
1557
508
1612
300
1612
21141
5669
128
12480
559
69
3294
559
69
6576
69
559
14099
16
377
6
163
1890
7248
320
4238
412
886
47941
147
67
207
14
60
16
0
33995
110
614
327
264
867
5
8727
929
2886
23
11
20
8204
0
11
1023
11
11
1803
295
8204
11
11
11
902
23
15
362
1
11
903
11
0
12
40
8673
4
110
4
4
3454
4
19482
4
0
19012
105
5847
4998
456
71
12852
0
574
2158
6159
9376
149
2
1186
2
1
80
195
764
1
0
13445
78
472
61
584
21232
71
912
0
0
111
0
627
0
0
0
0
0
0
0
30
2
2224
39
1934
5805
30
5997
30
3
10
0
220
10522
27
389
16887
1
586
1
3990
213
5
117
3853
0
0
9611
51
0
35
126
2270
5
0
0
0
947
59
10
1937
2485
628
610
1
7042
7882
5
460
0
1058
1220
1
0
31
26
2
0
26
55
140
0
26
0
111
0
11
0
4
11365
5754
528
1649
0
10
12
5
15
2
12
11
0
15
807
5
4071
2902
2174
0
1329
1525
3049
133
366
7566
6708
25
1
201
141
10410
3
25211
12
1
1
4
1
95
3388
0
59
31798
0
17389
86
101
0
0
196
0
28
122
0
65
25
1392
28
0
1
0
173
31
0
1
0
0
11
1
29
34
131
16
8904
26
5106
18
1031
0
14
0
61
0
320
2
739
1
10
37
111
143
31
3
4
125
29
11921
282
18
1723
0
6833
0
1
109
15
1596
0
387
64
19
0
0
0
0
1380
0
33
0
258
2
92
1669
1
2569
54
2
0
0
0
3475
11
0
10
17542
594
6963
3
0
1
5
7220
3
1953
67
0
289
556
8905
1
66
0
35
51
2
10
5
529
1
11546
321
0
38
12
0
30
0
2
4
0
5
8
0
5402
0
34
0
2062
1
0
71
22
0
0
0
38
0
35
1254
0
0
524
0
1
1
6
609
7
113
5
3
19
8
562
2844
3
1007
6
60
715
7
5
1256
0
0
17614
10
240
1
45
1477
0
0
965
6
114
12
4
49
76
48
0
7
1
0
41
444
0
2
1533
5
0
23
1027
58
199
0
3626
0
1
0
52
24
0
0
1212
3851
44
0
4
84
9366
166
2
266
8
135
306
35
175
2
257
2
2
0
0
2
4
247
335
49
0
0
0
1
0
1707
3
3
0
40
15
2
0
16731
6589
1305
1
4504
14
0
198
83
2
88
0
1
1
0
438
5
0
1
306
0
1
5
0
0
445
20
85
1360
0
29
26
187
3
15
0
0
9
0
401
3
0
0
267
0
21
0
16969
247
44
37
2
304
19
0
11
0
6
0
14257
430
278
1
34
1118
101
596
45
1207
0
463
4424
0
0
35
0
1
2
72
0
33
0
21
0
2
1
20
13
152
1
2835
0
6
0
17674
179
10
1
0
3
708
1
489
1
13237
46
0
1284
147
1
19
0
30
110
1
1366
1
0
8
242
8
5
2221
15967
3798
0
2
10
0
77
12
127
2
0
362
22
198
0
1
1
0
1173
628
0
45
0
0
424
36
0
1866
91
34
6
164
0
15
0
55
51
217
0
3
1
0
302
0
209
140
58
17
0
0
32
9
0
1647
0
0
871
5817
11038
0
202
16
48
16
1
29
0
672
26
1
23
0
1049
0
0
0
422
0
0
350
26
0
2
0
1
2
1
0
0
0
0
0
0
0
0
14
0
335
2
1
13
2
2617
99
363
0
3
404
3
4
2
1
0
9
733
1
84
5
17
6
87
0
0
5
15
19
1
10
0
14
1
0
53
16
0
8183
1
169
591
41
26
0
26
0
0
0
151
0
48
291
30
0
2
1
0
0
1425
0
88
866
2
447
2
26
11
5
302
435
388
0
0
300
2
0
0
194
0
303
57
393
0
0
374
9584
0
1
1
2
7986
0
0
9
1
178
0
1
0
0
1207
1
5
136
0
2
4
0
0
466
0
0
253
0
78
1
0
1
132
0
1
3
54
0
4
3
1523
4
0
6
4490
0
10
1
0
0
19
10
0
36
0
170
0
0
237
0
0
1562
30
1
40
1
2
870
32
10
0
16
1071
8
6
0
179
1826
1
2352
33
1
0
41
4
2
0
0
0
1
86
1
0
514
0
1
2568
247
448
0
217
12
0
0
2
10
4
44
7
881
76
62
1
0
0
365
164
29
14
0
4
28
11
5
5175
3
1207
536
355
23
21
0
5
2
161
10
37
0
1
0
364
0
1
1
63
102
0
1
1
6
0
2
203
22
0
38
0
0
0
0
2
3
0
0
0
964
0
0
0
0
2
3
6
0
7
0
1351
0
0
37
858
1
1
5
0
0
39
1
5
0
996
4
16
642
0
0
23
0
0
124
11
1121
2
0
0
11
538
11
1
0
84
3
8
0
0
137
3
0
0
0
0
2
194
1
0
0
5105
117
0
6
0
21
0
14
2
6
324
0
1
1
1
0
29
1
13
0
161
8
0
155
2
0
1
0
7
629
2
8
171
14
0
5
1
201
2
0
14
203
446
2047
2
5
685
2
0
4
2
0
0
2971
0
8273
1
0
3
132
3
21
1261
2
0
23
0
1
134
0
1
8
1
475
36
1947
21
0
3
0
0
0
4
1
165
0
10
1213
2
1
0
1192
15
4
0
1
4
214
0
1
0
0
38
0
4
765
2
5
0
2
0
0
2
1
2
0
1
2
2
69
75
0
1600
3374
0
0
278
9
235
0
1
0
15
0
22
0
0
450
0
0
0
130
4
1
5
417
0
0
0
5
0
35
1
0
41
0
1315
209
49
23
0
310
5245
1
0
0
271
124
1
33
9
0
442
5310
5
1793
0
0
2
336
0
0
12
1
0
34
1
2
1
19649
79
0
0
5
41
0
0
0
0
21
0
0
1
1
15
102
2186
0
0
1
1
2980
5
3
0
116
1
88
65
0
15
171
5085
5918
43
11
50
1
59
1
1
325
14
2
0
112
0
0
14
316
0
0
0
1
28
1179
0
356
0
0
0
0
24
16
4212
0
176
343
0
10
0
0
0
1533
10
0
4
0
0
0
0
404
0
0
49
0
0
5
0
28
0
40
0
234
4
0
2
329
0
10106
59
60
0
33
0
13
0
0
53
2
240
154
3
0
60
0
4
0
0
8570
0
0
0
977
0
1045
0
0
3
2
0
1
0
0
32
0
0
2
0
2
4
507
0
0
439
2
1
17
48
0
12
2
0
930
4710
3
12
2
1041
4
0
0
23
31
22
538
1
1
58
0
0
0
0
0
2
240
2
0
3
3
14
2
14490
0
1
0
1
0
0
17342
0
0
194
3
160
0
0
0
19
82
0
323
12
1046
0
8217
5599
0
1
58
7
14
0
8
14
85
4
18
9
0
0
0
153
0
12950
0
475
5
0
221
0
268
0
1
0
0
11
2
2415
0
35
0
0
0
1
21
12
27
2
0
0
0
30
455
1
0
0
0
1
0
0
0
0
0
1
1904
14
62
0
0
0
0
0
0
1
39
22
1
3
18
0
0
0
5
1
13
67
6
77
0
4887
11
0
5
0
1897
39
0
0
2
0
0
0
1
26
0
469
0
9
1
0
718
0
2
3
0
0
22
3
17
0
5
0
6
0
1
51
1
1
448
0
38
14
57
114
0
689
0
414
2
0
2
0
0
0
4
38
3
94
698
72
169
12
3
2158
68
2
3
18
0
13459
973
1
4
4
4
0
0
0
144
4
0
4
0
0
0
5
21
52
0
0
0
0
0
0
0
0
6
58
0
615
0
1
1
6
2
0
2
0
0
2
1
1
2
22155
0
0
1937
24
2
0
1
0
13
1546
3
0
2
2
2343
0
2
113
1
0
8911
0
2
423
812
0
2
1
5
3
1
0
1
0
0
0
0
1
1
0
0
5
0
0
193
1
42
0
183
0
3
3
8
12
22
3369
0
13
0
347
0
0
3
0
0
3
77
6
1
0
68
0
103
0
1836
0
0
14
13
0
11
1
1
287
285
2
34
43
559
1
0
0
0
169
2
12
2
23
0
21
0
174
0
0
0
0
0
2
21
54
0
0
0
0
1
0
141
13
138
0
0
34
9
1
0
2
0
3
181
0
0
0
2
72
534
23
0
0
0
87
0
2
0
0
0
0
6
0
10
0
108
1
3
76
185
83
494
13
14
0
0
0
0
723
0
0
0
1
0
370
0
52
368
0
0
91
18
0
0
4597
6
2
0
1431
1
0
2
4026
0
0
0
235
0
0
779
1
0
0
3
3
2
1
0
2
80
7
1
1493
1
0
189
33
0
0
44
2
50
1
2
0
37
1
1
0
7
0
1
33
0
1146
0
1
0
31
0
0
0
0
7
0
0
13
0
0
0
0
4527
4
20
24
10975
0
150
0
7
0
3736
1
390
0
353
5
29
36
37
72
179
0
0
1
626
29
0
204
0
2309
0
17
4
14
9
1
124
0
8
7330
2111
54
0
0
130
0
0
0
256
1
149
20
1
0
0
0
3
8
4
21
5
0
2
0
18
0
70
0
1
0
0
0
2
1
0
0
2
11
10
11
0
0
56
1
0
49
56
2
0
312
0
0
131
1725
393
0
1
0
30
0
0
0
0
17
1
2
752
0
0
0
0
1
3
2
0
2
0
3
0
0
0
0
0
36
0
0
0
0
0
104
177
0
11
139
1141
0
0
61
490
4
1
4
1
26
3
0
0
2
1
353
65
5
2046
0
0
0
1489
330
230
0
566
2
89
0
0
3463
5
0
0
0
20
0
0
0
0
43
0
0
0
0
42
91
0
3
0
25
0
0
0
0
0
3
6
1600
79
15
0
0
154
0
855
0
27
3
0
0
1
51
14
0
1
9
0
26
0
0
1
1
39
0
0
270
21
0
3
135
0
1851
153
0
1
0
0
0
12
1
6
0
44
328
1
51
7
0
0
1
1
0
0
0
0
0
1
0
1
8
14430
186
292
0
0
229
5
0
2
1
0
2
2
0
5
35
0
24
0
2
11
290
3
653
1
109
12
0
0
23
1
0
387
0
0
2
0
140
176
3
0
483
6
0
98
1
0
2
9
250
92
0
3926
0
0
0
9
7
1
13
1
19
122
0
5
128
95
39
6
1
0
0
3
2
64
0
1
0
768
7
0
23
0
193
1
1
144
35
0
5513
0
2191
3
1
851
0
200
72
567
34
1
15
36
0
0
30
0
44
1
0
102
0
0
185
2
0
0
0
0
0
1
0
0
3
0
0
0
0
0
153
0
0
1
0
247
0
0
0
7
0
2
0
0
0
0
11
1
2
105
50
11
5
0
3
0
0
1
3
0
1
2734
1
65
0
0
14
0
0
48
1
0
0
0
0
62
1090
0
0
0
1
0
2
1
0
2
15
116
1
39
0
2
0
173
4
432
0
2
76
1
0
32
9001
216
1
0
0
0
113
324
2
1
0
3
1
1
154
6
4
6
15
7
0
99
0
0
209
11
0
45
7
0
140
0
14
0
3928
0
0
14
241
1
0
0
0
0
19
2
0
0
0
0
0
0
0
2
280
0
0
2859
1610
0
0
0
0
8
0
0
10
0
4
20
310
1
3
13
0
4
5
106
49
2
1305
0
634
611
3
72
0
105
5
11
14
2
0
19
7720
316
277
0
0
8
2
0
10
2
0
4
0
0
81
0
4
10
37
2627
0
594
0
2
2579
514
0
0
0
0
5
50
118
2
27
9
0
3
1
0
2
0
106
263
0
49
2
6
0
1
7257
30
53
22
5
12
0
4
0
3
0
79
0
13
134
13
2
4
0
15
0
0
94
0
21
11
0
1
0
53
0
0
2
1
15
42
1
0
10
0
0
51
44
0
9
0
0
2
0
338
11
0
1
12
0
10
6
4
0
1
17
1
2
0
28
104
34
0
0
24
0
0
0
0
1
0
29
0
0
0
0
0
0
144
54
0
11847
8
0
58
2
0
0
0
0
4
0
0
0
265
1
3
81
1950
102
5
0
0
0
0
86
0
1185
40
18
1
0
4
0
2
0
632
0
13
49
0
0
0
281
74
0
1742
10
0
2
163
4
5
1
1
1
19
27
1
0
0
0
0
0
0
0
0
0
0
0
0
2
0
0
0
0
0
0
0
0
53
5
2
10438
811
1
0
0
17
0
488
4
16
0
7
46
7
73
0
71
2
0
2
35
5
102
1
1
0
0
35
2
94
0
821
0
4
0
0
699
5
0
0
8
1
1
0
0
1
0
605
0
0
54
0
4
120
0
0
0
0
0
0
34
1
7
0
79
43
1440
2
30
0
0
1
0
4
3
0
0
5
4
4
268
0
0
1
0
8
1
0
0
0
2
2
17
13
0
1
31
53
0
3
0
0
66
0
19
2
0
6
41
0
0
40
0
3
0
0
0
0
0
49
0
0
4
0
0
242
0
4
2740
293
2
0
0
50
0
606
52
0
13
1
0
0
6
1
1
0
0
6
171
3
0
1
27
19
6
0
0
3
0
0
58
74
0
0
3
0
91
0
31
0
0
3
0
0
0
15
1
3
0
14
0
7
143
75
0
0
0
0
763
0
424
179
212
0
10
0
0
0
241
165
0
0
13
714
0
0
10
0
657
54
0
0
0
1
21
1234
0
6
0
6
2
0
0
4
2
0
0
0
333
1
13
0
0
82
0
0
6
0
0
7
1
0
111
0
0
0
0
1
2
1
1
1
132
781
0
0
74
0
1
0
0
0
6
1
1
2261
0
51
8
0
0
6
329
2
0
0
0
0
11
0
146
0
52
5
0
30
0
0
0
2
1
1239
0
1
0
0
0
0
0
1
0
0
1
0
0
1
0
0
3
26
287
0
0
0
0
0
0
0
2
0
0
164
0
0
0
0
0
1
4
0
0
1
1
0
11
4
0
0
0
1774
4
1
468
3
1015
2
52
28
0
0
3
13
0
286
0
0
0
0
2
6740
12
0
24
0
2
21
0
0
36
0
5
0
0
0
0
0
0
0
0
0
0
2
8
0
91
0
0
0
0
0
179
5
3
29
1
7
0
1
0
209
0
2
0
12
15
4272
0
2
2
0
7
67
9
2
16
1
1
2842
10
4
0
5
0
4
4
138
0
6
0
0
0
0
0
4
0
0
0
8
0
0
0
0
9
1
0
26
78
5
149
9
0
0
0
0
1
0
23
2
0
20
3
0
299
0
0
3
0
13
1
0
0
113
1
0
9
0
46
0
5
0
3
0
1246
0
69
0
0
4889
1
0
0
0
6
0
22
0
23
0
21
0
1
0
0
4
0
1
0
1
0
6855
214
0
58
15
0
0
0
0
29
208
1
6421
2
2
0
0
1812
21
19
0
0
0
7
182
0
15
1
0
4
0
31
0
5
27
5
137
0
0
2
1
199
4
0
5
0
0
0
0
81
1
82
0
0
1
4
16
0
0
0
0
0
0
1
0
2
2542
118
2
0
0
1
0
0
1998
2
0
8
0
16
10
141
1
0
27
2
98
88
0
0
0
1
3023
2
0
167
0
260
240
4451
8
6
732
253
0
1136
0
0
0
0
1
11
0
1
0
17
1
4
0
0
0
3
0
647
4
0
134
0
4
7
0
782
6482
0
182
0
1
0
2
17
0
0
0
0
0
0
63
0
0
0
1
0
0
16
7162
127
68
4
19
15
2
0
0
0
75
575
142
3
0
21
0
10
22
0
5
0
0
0
0
0
4
0
0
3
39
0
0
1
11
3
0
0
3
18
699
4
2
0
0
37
12
1
1
32
2632
0
411
7
20
0
14
1539
0
288
57
2
12
0
0
3
26
12
64
3
10
28
3
1
0
1
5
0
1
7
1
0
0
3
0
52
1
0
0
0
0
32
0
0
2
0
73
0
1
0
0
0
5776
2
828
5
28
808
68
0
498
0
1
1
3
0
0
1535
0
1316
4
1
0
12
3519
188
0
125
0
0
0
2
214
0
0
3
0
6700
1
0
2700
75
0
0
0
2
4
0
6
1
0
1
2
0
8
0
0
0
0
0
0
0
408
0
26
0
2
0
23
153
0
1
308
0
1
2
0
0
0
4
1
0
1
47
0
5
443
26
152
2
26
32
1
1
0
0
55
14
52
1
0
1755
0
4
39
0
20
0
12
0
0
0
0
0
0
16
0
0
0
21
1
32
0
1
811
1
0
0
0
2
0
1
2
11
8
5
5
0
153
22
6713
0
8
37
0
1
0
3
1
5
12
0
2
30
100
4
4
0
0
1
1
15
1
0
25
0
0
0
6
5
0
18
1
13
29
0
0
0
0
117
78
1
0
2
102
1326
0
0
0
13
737
70
7
0
6
19
5
21
7
1
322
0
0
1
0
0
208
9
25
1
1
0
0
9
30
429
0
0
0
0
1
579
0
1
1
814
61
110
2
15
1505
6
0
0
0
1096
1
0
0
0
25
0
0
0
0
0
44
0
0
2
0
0
0
0
0
0
0
0
2395
1
0
5
0
3075
0
0
0
11
763
1242
0
40
202
110
0
1
94
3
3
3
5
1
283
0
1
20
26
184
2
271
0
2
3
0
663
0
6
14
0
0
1
80
45
1
65
0
1
0
0
0
229
0
192
0
0
25
0
0
2
1546
8
0
7
1045
0
2
0
6
1
0
1
35
0
1
3
0
0
0
10
32
0
161
0
31
80
5745
23
0
7
0
42
5
16
5
0
60
22
424
59
3
0
1
0
68
4
3
1
101
8
0
313
2
64
0
6
0
0
1
1
1
0
0
43
0
0
0
164
54
0
912
3
10
0
0
0
0
3651
1
17
0
835
1
0
0
364
1
5
590
49
126
0
95
75
0
0
0
0
9
105
1
10951
20
0
0
0
0
0
0
0
0
0
0
0
1
0
4
0
0
56
0
0
0
0
331
1
0
3069
0
13
0
5406
199
0
0
0
2
2515
486
0
0
0
9
178
33
0
1
6
0
10
0
285
2
0
0
0
146
5
0
2
0
12
0
993
0
359
0
1
11
222
0
161
6
0
50
0
206
0
0
35
0
7
5
0
0
0
0
0
0
0
1
2
0
0
1
1
2
350
1
0
0
0
0
0
0
3
1
1785
0
0
1
1
0
0
39
0
0
7
8
75
0
0
0
13
8
0
354
0
0
4
0
0
0
64
7
0
0
368
284
0
0
0
0
0
1
0
0
0
1
0
0
0
884
1
1
0
0
3
0
2
0
0
0
0
0
73
55
0
0
0
165
0
0
1
0
1
3
9
1
0
1536
2
12
5
342
60
24
0
0
1
0
0
0
3
0
32
381
40176
275
0
144
0
1
0
0
0
0
1
0
13
0
0
0
1
2
1
0
0
0
1767
1
0
0
16
76
254
34
1
1362
0
89
0
0
652
0
25
0
23
7
4
0
2
5
5
32
3
3
117
0
87
4220
8518
4002
0
320
12867
4030
14674
20033
4238
10343
4066
28875
9950
320
8294
302
11
16646
509
25
4220
62
1264
842
408
13731
11
0
54
169
8934
12629
5669
100
0
5659
5669
3263
169
169
0
48
440
103
5669
5669
2045
179
10353
2086
2001
320
35427
15922
158
355
13755
26908
2669
770
1060
12859
949
38
35954
552
826
3
2
48991
491
1
3875
493
0
0
3
27419
1089
140
31772
1405
38
72
38
603
0
0
0
5960
0
91
1996
678
4807
2338
12
5972
91
53
12
457
678
63
91
1721
784
3181
12
12
2
0
1952
24
58
4
13581
1560
4448
8199
7
246
3308
1100
1962
3323
35
601
153
215
626
533
0
0
34
3687
0
15623
3268
11
643
1
4682
16336
33169
230
0
77
0
1135
29
93
16509
2948
224
4509
1934
67
483
55
7
4
4509
1504
7
730
3046
970
4509
178
4
5380
7
11779
487
0
203
505
42
11
62
0
2813
4438
229
5304
5896
5378
176
16
95
16882
0
7166
0
253
8
263
1271
8
254
21
50
449
3
18
3
2
79
34
8
5
383
0
1
0
0
6444
347
626
13
691
2064
5802
441
296
626
9
441
4
8060
35
626
322
2476
0
441
27
27
2634
127
1104
161
31
77
169
21562
1
2
4
137
90
0
3
1
1
4
22
164
0
0
0
2
29
41
4
1
20
73
260
254
196
16
7
7
1767
0
1
0
9
209
1
0
3
74
544
51
0
11
1323
3
497
11
1690
5
259
3
7
2
67
11
42
3
13
94
3
137
0
656
0
25
1
0
482
219
0
0
23
22592
165
29
92
0
10594
0
0
86
1
0
1
0
1
196
0
16
0
346
1804
1
20904
1
5
4630
2
0
36
5
12634
1083
270
985
54
24
49
12634
99
24
14
6
0
12634
5486
7
1108
24
0
4147
0
96
450
1
109
9
4
0
0
26
0
166
387
0
1666
2127
1463
0
1
0
0
50
1
0
4430
0
2500
14
0
155
4
48
12
214
1
5293
14
59
0
181
1
5600
0
2
3
6
0
1
1785
0
929
3
0
0
41
0
2809
3
20
0
233
0
6329
7
305
70
2356
1751
1
48
32
159
0
98
1
0
9
0
1526
0
0
0
23
69
90
0
2
0
2
12
63
0
0
162
0
1
4
4
0
181
416
0
0
15
10032
468
120
0
1
7
45
55
218
1921
4
1
0
1921
0
53
116
1
5675
0
9
1921
5
12
0
24
2
1595
223
5
2
58
1619
4821
628
8
2
16
0
43
0
1
0
6675
0
0
0
253
3
8
7
1057
36
21
0
0
20
6
16508
0
183
0
0
251
0
0
8
1
0
0
987
532
9
790
81
0
36
85
2
878
550
0
36
1149
12115
4485
49
483
0
0
63
0
10
0
6
3
1
0
2
253
0
1
0
125
67
49
486
1358
4188
17
0
0
2
0
0
0
0
1
1
5
0
2
163
310
2
0
10630
0
8363
1
11
3
154
3471
335
212
9162
449
0
1652
517
1293
49
257
124
2411
5
0
2
25536
0
0
73
143
38
1
0
763
1
2038
0
3
225
0
0
4
6
2
3
0
1687
1
0
12
2
52
2
16
33
8
150
1318
9
1
2
166
2
1
965
1
0
2
126
0
6
21
0
7001
0
19
4
9
34
0
13
114
0
0
0
1
0
0
8
0
4
0
9
1
0
3574
31
0
1
5
0
7
0
1
406
1
0
16
56
109
713
2
0
24
164
2
175
3628
0
23
1
200
1
10
3
4
35
4999
44
3059
5797
170
0
0
105
416
0
617
9207
14789
11
5114
1319
0
0
37
0
11259
31
0
34
0
0
0
284
0
3
0
23
78
2
2
87
9
0
39
101
60
3077
0
17
0
7
0
18
176
11
0
0
0
1
4
0
3
0
17
53
853
684
237
1
165
344
452
716
0
2
37
287
212
0
10
7
5
0
0
149
0
15139
1
0
3
228
0
256
8117
3253
53
0
53
1
7
83
431
39
1
3
3770
0
0
0
1646
0
39
0
11
207
3
0
2
4
0
0
3150
0
5
432
0
0
3
33009
10
7
336
1
4
20
7
0
0
5
50
0
1
8
1332
11
9
1776
42
19
12
2
0
7194
6
12
17
7
18
2
516
0
83
0
7569
5112
2
24
0
3
0
0
1
7
38
0
1
0
35
0
1067
377
2
0
156
10765
8314
2
1835
14
0
1
328
0
317
46
0
1
20
7488
15891
1
0
6541
82
26
9225
66
0
0
0
1
172
14029
66
1
57
4688
0
0
70
0
6740
0
0
0
0
5
9
58
0
0
1
25
0
0
9
17
57
1470
65
0
0
10
3
4244
0
2034
0
8
55
5
62
0
0
0
3
150
5
5
5
64
0
3123
1
1
1
12
0
5
5
0
7
271
990
0
0
6
0
0
267
27800
1392
2538
0
3986
1755
0
0
6473
118
0
11
0
1
0
1
1
0
1
1
39
16
57
4313
516
1
0
6
2
0
0
0
50
170
1
1
0
3
3985
10
180
0
936
4
510
7
83
5038
637
2
13693
0
2392
11
0
0
1
0
0
0
20
0
2854
0
229
1
0
0
0
892
14
1416
15
0
0
0
5
9
5899
2
0
101
28
348
0
2
4
1599
1551
291
0
234
1113
1
0
239
0
1
13
43
0
44
0
0
0
0
0
2645
450
0
102
5491
9
2
0
4
172
0
0
0
0
0
10
1551
0
0
1
0
89
0
0
0
0
2
59
0
4529
0
22
0
0
0
434
1
0
74
10
73
29
1
23
2
1400
4
8426
6
1
2
2891
2402
4
120
0
168
0
157
0
3
0
225
0
13
0
0
0
15
0
0
40
0
11
70
6922
2
0
0
58
0
4177
6304
1
1347
2619
0
0
9724
0
0
0
0
119
45
427
0
0
0
0
8
2
0
0
10
0
1
0
0
4
0
2326
0
36
3
2
0
171
0
15
2
10
33
6
0
6
144
0
184
0
0
14
0
0
15
3
153
0
0
9
0
43
10
0
0
1
473
0
0
0
45
3275
2375
4226
24
0
0
73
10
0
2
0
0
3
2773
77
0
0
0
12
31
81
1447
1
48
10
0
597
62
12
5
1
2
1
0
2
0
15
0
0
41
1
259
43
2
704
2
0
0
0
0
0
0
17007
62
53
85
0
0
0
4525
37
0
9
43
3
833
2
4
0
8467
1
0
0
0
373
1
71
0
0
2
4677
10
0
23
4102
2
2
10
6
0
265
0
0
55
0
0
0
1
1
5
859
4890
0
98
28
4
614
0
4
1
15
0
6
9
1618
0
4
22
0
0
0
2119
0
145
40
0
28
0
0
842
0
1
1624
7
0
1
0
6
202
4
1
0
0
1
450
0
8
6
0
4564
18
0
58
150
2
2
0
2408
9
0
0
40
166
11
0
52
0
0
0
0
0
0
0
1
0
10670
0
15
3377
27
21
0
0
0
4793
2
10
115
0
7182
0
0
0
0
0
0
4093
1
9
2716
4
4
3
0
0
493
2
1
7
10
9
0
0
74
0
0
176
16
0
55
126
0
3
23
0
0
1
2
0
25
54
318
0
244
0
497
1
22
1
809
127
198
13
13
1
0
0
0
117
1
64
0
0
3
0
0
51
0
78
846
2858
0
8
0
71
2
3
17
0
0
88
0
47
26
18
64
0
28
1008
103
1
8
3
10
7
0
0
1
3300
0
2850
1
1186
49
1
1
0
5381
0
0
1
1
47
0
0
0
0
0
5
607
2167
4786
199
0
0
31
0
1
1
2953
0
31
0
0
0
1
1
1
0
0
18
6
125
3
2
0
5
9
17
4
2
0
1
78
2
1
5
4
62
2
0
0
3
2
135
0
3
392
6
1
9481
45
13
1
6
3
1
0
0
1
20
0
0
0
0
515
1509
2
0
0
337
0
0
1
0
0
0
0
0
0
8
140
0
0
70
0
1
1
205
11
189
0
2
3
44
1
2
0
5
169
0
0
0
13
3
1
0
2
330
0
0
0
27
96
783
0
3
24
25
5
0
2
4
1
0
0
1
0
0
1086
0
0
0
0
475
3
27
239
0
0
0
0
2
0
71
1
0
77
2164
0
0
17
23
16
0
278
0
4
44
1013
5
0
25
140
5
15
5
0
2
0
724
1
0
0
438
3
5
341
331
0
1
0
3
0
2
0
205
72
1471
4770
212
0
426
0
0
0
4616
0
186
0
174
7
0
0
0
27
0
0
1
26
2
0
3454
454
1990
0
0
4
2
0
1
4
3
2
8
3
416
0
0
0
0
5
13
1
23506
3
1
161
0
2015
0
58
0
19
64
9
331
0
13
1
564
6
123
1235
43
203
75
0
3
0
278
0
30
0
0
374
2
0
3
0
0
0
176
0
3
0
0
3
57
0
0
13
0
1
2
1
1
0
1
0
8
0
35
0
18
77
1
9
0
388
1231
72
1
0
14
0
1
0
91
2
3
10
14
1
0
0
3
728
0
0
7
1
0
0
4619
0
0
0
0
0
0
0
0
0
0
0
96
0
6
9
10482
1
18
15
5041
21
0
2
0
0
0
31
13
1
1463
4
6421
9154
1
1
0
3
0
0
40
415
0
4
0
99
9
2
0
450
1
0
0
18
2
5
21
58
30
0
21
0
0
1
12285
0
0
0
425
0
27
0
943
0
0
1
0
7
0
1
0
34
126
0
24
0
1480
3
1
38
0
5
5
0
0
78
4686
1
11
9
7
2
1
0
1
3
325
1540
3
4
0
0
1
0
0
1
1
5
60
0
0
148
0
0
1750
0
0
87
0
0
1
0
0
2
338
0
1857
0
0
1472
10590
187
0
3066
0
0
4
0
1
141
10
0
389
28
18
1
378
198
299
3
0
851
0
10
2
0
0
0
0
43
12
1053
0
0
48
155
74
525
0
3
2
250
1
0
0
24
0
0
0
0
0
17
0
1
0
1
0
0
90
3
1225
0
0
1891
5
7
6611
0
0
0
0
0
0
28
0
21
0
174
0
1
10
1
0
13
0
0
0
3
1
311
0
16
379
1
0
60
6
0
14
422
0
1
1
6
48
5
0
3
10
1
0
0
6
0
0
1
3
0
0
355
0
0
0
0
170
0
0
4334
0
0
2845
0
3198
6416
256
200
3
9
0
0
0
1
3
0
11
0
0
0
1
3
122
271
2925
0
3
71
15000
0
12
3
8
11
4
2
5
120
0
0
18
0
1
3
254
72
0
0
2
0
0
5
14
0
0
67
2
0
0
0
0
0
2
0
1
773
42
162
17922
10
91
1
30
0
1
0
7
0
1
9
0
0
0
3968
4
15
6153
9
0
0
1
106
0
4
0
1
52
2
1
0
0
4
2012
24
0
2
0
0
1
10
0
0
0
0
0
5654
3
0
0
243
0
0
7
0
0
0
0
0
302
0
0
0
0
2
12
2
46
2044
3
0
0
1
0
8
0
59
0
2
30
0
180
7
5
0
69
150
3236
5
478
4
10
61
0
0
68
12
11611
71
5
0
34
0
0
3
0
0
0
0
6
3
0
0
0
0
0
0
3
0
2
0
0
0
2
0
0
1
0
2
0
493
125
492
30
0
0
0
0
9
0
2
42
1
1
2
113
3
9
0
0
3
0
26
19504
11
0
0
7
0
2
180
0
0
1607
1
0
141
0
0
0
1
0
5
0
61
0
0
0
0
0
0
5
0
0
2
0
0
1067
12
88
21
0
0
107
37
129
0
6
411
1228
10
2
0
0
1
0
26
1
1
1
0
48
10
1
6
1
0
18
0
5
1
5
0
83
0
0
0
0
21
0
11
3
6
1
536
0
0
0
0
0
0
0
0
0
0
0
0
0
164
0
0
0
42
6
0
1115
4
0
0
1
14
0
0
5
221
0
0
9
5
1
3119
128
504
106
1
0
68
12
18
0
0
4
2
46
0
9
0
12
8
1266
2
2
0
0
0
0
0
0
44
1
0
0
0
0
0
2
0
0
10
0
0
0
174
0
0
1
106
346
15
28
0
0
6
1
0
158
3
6
195
26
1
0
0
4018
0
180
0
2
0
9
35
1
6
0
68
18
2
328
4
3
0
0
6
41
15
2
0
343
0
0
4
0
0
0
0
0
0
0
0
0
0
0
0
0
0
0
9
0
0
421
1369
0
0
1
0
0
0
10
0
0
2
0
45
89
0
2
1
3
4
0
0
5
0
19
2
2889
87
1
79
340
9
0
424
6
3
2
4
3
0
0
71
2
0
8
0
0
0
2
0
0
0
0
0
0
0
0
0
0
0
0
8
0
0
0
2
1
63
4
2
0
1
0
1
715
1
0
4
0
5
0
35
13
109
4858
0
2
0
261
5
200
93
66
0
72
3
1
0
355
133
6
1
43
0
0
214
23
2
9
0
0
0
0
0
0
1
0
6
0
0
0
0
0
1
0
0
0
0
2
1
0
9
0
0
16
1
2
34
0
0
2
2
0
3
2736
44
121
0
14
203
0
0
0
0
4
1
13
0
0
5
0
8
0
1
9
0
20
64
0
172
6
0
0
0
0
0
0
0
0
0
1
3404
0
0
0
0
0
1246
0
0
0
0
21
0
0
0
3
0
0
0
0
0
0
73
1
0
1458
17
49
485
6
171
0
1
11
14
1
3
0
0
21
0
15
0
0
0
0
153
7
1045
42
13
0
0
14
1
90
0
0
0
0
0
0
0
0
3
0
0
339
0
0
44
1
2
0
1
0
766
241
9
0
22
1
720
3008
16
2
50
1
0
1
11
0
1690
1
11
2190
2
1
0
8
425
0
94
112
179
0
4
566
0
4
0
18
292
0
0
4
0
7
108
1952
0
0
0
0
0
0
0
0
1066
0
0
22
0
7
717
0
0
299
0
25
0
1
2
0
19
0
0
2666
772
18
13
43
1
33
0
0
63
0
0
19
2
0
54
3
2
0
0
108
2
1
1
1
11
0
0
58
6
0
1
0
1
13
0
553
0
0
0
0
0
0
0
0
9
0
8
8
0
0
0
0
0
199
0
0
0
968
1
0
0
219
2
1
1
14
0
0
31
3263
9
0
69
17
2
1450
14
2
3
0
8
0
59
2
0
1
415
0
0
13
7
2
21
0
0
758
0
0
1
4089
0
0
0
0
1
0
0
0
0
0
0
0
0
0
6
0
0
6481
0
0
1
3
0
0
0
1
1
0
2
1126
0
0
97
511
796
985
0
40
0
4
0
0
0
3
1885
0
2
0
13
253
5
0
16
0
2
0
14
1
12
5
2
1
0
11
2
3
0
0
284
1092
0
0
0
0
0
1
0
0
5
0
0
2
0
0
0
7
56
5
33
28
0
0
41
0
438
0
28
2
26
1107
0
0
0
3
1
0
439
9
592
0
0
261
184
0
0
0
0
0
0
1
12
198
1
0
12
0
0
2
0
44
0
2
86
17
0
0
9
6
0
0
43
0
0
0
0
0
0
0
6
0
6
694
2
0
2
999
5
954
133
0
0
33
30
1
0
0
88
1
0
2
1
4
1
4
3
34
1
4
0
13
0
119
0
7
4
0
0
98
0
351
114
1
0
0
0
0
7772
419
4
0
0
356
0
0
49
0
1
0
0
0
0
9
429
13
0
0
0
0
1
72
2
36
0
10
71
179
0
512
23
8
0
1
0
3
13
18
149
15
2
190
8
3
33
0
0
0
2
0
3
3
2
0
0
4
106
292
0
4
0
0
938
0
0
0
0
21
0
0
0
0
0
0
0
0
0
282
1053
0
30
1454
501
0
1
0
0
0
2
0
0
13
1
6
0
58
188
114
208
0
0
0
0
0
2
0
0
0
6
83
1409
0
0
0
34
6
9
0
3
0
9
0
0
7
0
0
604
0
0
0
0
0
0
0
0
0
8
0
0
0
0
0
123
34
1
84
1
1
64
5524
22
3
2
1
0
0
0
0
0
227
1
0
10
0
4
0
0
21
13
132
0
2585
26
0
0
0
385
0
3
0
0
0
64
0
0
0
0
1
0
0
6283
0
0
0
0
0
0
0
1
0
0
0
0
0
0
0
0
2
4
1460
0
287
2
29
3
0
0
2
26
0
6
533
2
0
140
0
7
1
2
0
0
0
4
1
5618
63
426
229
24
1
0
2185
0
4
3
0
65
27
0
23
0
102
0
0
73
1
0
121
0
0
0
0
0
0
0
159
0
0
0
3
23
0
0
653
8
161
0
0
134
2
46
243
0
25
0
3
1
0
0
2
0
12
0
659
1
0
5
2
181
4
0
0
2
99
2
30
374
8
1
0
0
364
0
0
0
0
0
0
9
0
0
547
0
0
0
0
0
0
0
309
0
0
25
0
1
0
46
2
2
2
12
810
1
8
7
39
338
3
0
1
4
0
0
0
202
0
9
5
0
894
64
243
0
1371
46
0
5
60
0
0
0
0
0
0
3
0
0
0
0
7
0
0
1358
0
0
214
0
0
1
0
0
64
0
1516
0
0
1
1
1
527
0
84
0
0
0
6
0
0
8880
3
8
229
0
1
666
14
11
117
0
1
182
0
384
2
1
11
0
1918
1
75
8
731
0
42
0
0
0
5
0
1
759
64
0
0
0
0
1
0
0
64
0
0
389
0
0
1099
0
0
0
0
455
0
0
0
12
0
9
14
1
0
1
0
376
0
1
263
0
188
26674
113
586
0
10
12
11
1
1418
1
184
0
850
27
0
1048
1043
0
0
0
47
4
11
15
0
0
0
1
2
0
0
0
0
0
0
0
0
0
0
0
0
4
0
0
0
0
125
54
0
0
1
1
0
0
0
1
15
5
5
2
1
0
2
0
6
1
829
0
0
0
118
0
6
0
0
20
0
15
0
0
10
11
2
0
0
0
0
11
1
57
8
196
424
0
0
0
0
0
0
0
0
0
0
0
0
15
0
1
0
0
16
0
0
3
89
288
50
358
9
164
1
1158
0
1
11
110
3
2
11
1
9
4
128
0
0
5
9
0
0
0
0
210
112
0
24
0
1
1
61
0
0
0
2
40
7
0
7
0
0
2365
0
0
0
1
0
0
0
0
0
43
0
0
0
0
0
0
39
0
0
0
117
72
40
0
57
0
2
1
0
0
23
32
75
0
50
0
1
1041
7
4
2
0
0
14
6
3
95
180
528
1
2
6
2
1
2
0
0
1
616
0
2493
0
0
17
0
0
5
1
0
0
0
0
0
268
0
0
0
0
0
114
0
22
36
0
0
328
0
1
2
0
2
0
1
0
4
5249
8
0
7
1646
2
622
38
0
0
0
19
1
0
0
2
17
5
269
14
1
0
27
0
1
0
7
0
0
203
0
0
0
0
0
738
0
0
0
0
0
0
10
0
0
1
0
0
1043
0
15
34
3
1
2
16
31
0
14
0
6106
0
0
10
0
3
0
31
3
46
0
72
45
0
3
68
5
1
0
62
1
27
172
12
2
25
5
11
0
2
0
55
31
30
0
0
0
0
0
12
0
0
0
0
0
0
0
0
0
550
0
0
1
0
6
354
0
0
0
0
3
1290
15
7
3880
187
3
0
0
274
12859
15965
621
19790
1709
5825
12859
6
390
83
8149
0
8518
15582
6
48
11767
155
847
71
2634
5675
12733
5104
128
6833
5010
13772
12177
28
5104
128
3566
11
0
10
4426
31527
320
12859
21052
5681
838
147
314
6
11658
12859
6
33401
0
408
6
18394
6
6280
96
23118
147
8007
16643
23326
3543
1879
8522
98
10820
0
407
0
15
0
44
3181
84
91
2
3773
23
2080
68
76
28190
457
34
1
193
0
4422
3
2
20
3280
27001
0
40
2163
5768
8204
1697
252
962
2605
1853
53
8
2
4575
1882
5103
681
15672
0
5
826
2059
0
0
24199
1128
11
0
350
0
4
10
218
2
183
8
567
2856
56
3
735
0
224
25943
1
6871
4
4
0
9291
2
4192
0
21
1435
0
9617
333
10
5
2787
6
0
138
333
738
50
2
0
857
1476
3
0
6
3
2088
1
0
1303
61
1374
7
0
6619
3338
6
3028
1
38
2
1
2483
1
17
17395
266
276
0
3218
5140
120
2
9
2990
2359
7
1
497
231
163
14838
627
312
0
0
1
7
0
0
51
0
260
46
3
149
1
296
299
8681
17829
88
4643
0
913
26
0
26
446
5
3416
2153
0
3
199
1
531
1386
0
38730
1
28
7811
4
2671
2491
0
12909
16
2187
0
5
8371
38
1
1
0
0
37
877
3237
10775
36
7
0
1
884
18
3
1916
11
2369
64
20
238
364
16
167
9
240
0
1893
15695
5
0
890
87
0
771
0
145
5
4
255
14
32
882
4
1
4
6
27
21
0
5
3041
134
0
0
8
11
1
2
9
2691
5
0
4
0
2
0
0
2
71
0
38
827
105
571
2
3
0
0
214
868
2
15
62
0
1138
607
11306
3
6106
0
6
0
1312
170
1252
12839
0
0
0
4907
1699
0
7
136
2
2487
0
95
438
0
270
1
628
2
815
1
1330
18
0
4
10
617
547
71
34
253
1
1
0
8
0
2317
1
23625
0
28
2150
2
5
1
135
6
3323
0
0
101
1054
7717
230
47
0
7
0
0
912
838
141
10046
599
53
34
1
134
146
2
406
105
2
18
323
0
95
30
1953
1741
9
323
0
244
6
580
1
746
0
65
4
14
1
152
31
7
92
239
0
22177
2
2
252
12033
141
6553
1791
2
0
0
1854
32
0
1846
0
2222
12
513
393
389
3868
109
6713
107
1763
0
0
4
0
366
100
20
0
10
68
0
8568
13
4035
219
0
14
28
9111
342
1912
22
0
117
15237
38
10591
0
0
1
0
1
13
4
65
210
1
0
1476
59
37
1
7
4
0
1
1
2
1
135
15
36
289
0
1679
74
1072
35
8348
0
1085
0
0
0
0
2655
0
11316
0
55
0
8
1
105
1559
60
4
0
43
2
5148
591
2
0
12
1
0
1184
3
0
229
0
1042
303
3
1362
2
11
167
30
3195
589
1
1295
1
28
16
104
22
0
4
16
0
5
6
1128
1223
0
225
0
4
2
12
620
0
594
0
93
0
15
45
63
227
0
0
3
26
1412
0
18
871
1
0
3495
11
0
0
2
0
2
7
1154
4
0
2146
26
2
1
629
37
0
5
590
0
16
2
2099
5962
12
32
12
2
2463
20
0
190
2
0
0
33
0
176
66
0
0
0
119
1946
1
6855
0
49
1
3
606
8
13
0
0
1284
2
0
17
3
0
0
25
11905
0
1053
342
9
150
215
11053
474
2788
91
8
9
0
0
32
0
0
7
31
763
57
0
2
6669
1300
8
156
207
0
0
0
270
564
4
44
20
239
3
74
0
0
1
287
18
57
4
4
0
1402
45
0
0
30
0
4
1
0
1543
34
1008
0
801
495
6
3761
22
125
0
128
0
3
0
1
0
0
2
0
6
1157
6
1
14
536
2
407
51
4
254
138
1
27
621
18
0
42
3
522
708
50
2416
19
0
82
731
1
177
3
194
0
1231
391
0
124
53
8713
0
72
0
28
0
3
4
1
27
0
9418
26
9
4
60
119
168
0
0
0
0
1
7
0
12
131
0
0
1631
22
0
28
0
0
0
0
0
1
9
0
0
0
0
12
834
0
687
122
49
0
2
28
1
20
0
0
5351
0
70
0
0
0
0
0
68
0
0
36
0
0
1
0
0
2500
0
2
943
2
1
71
0
593
0
2
0
9
537
0
2
5
0
3
0
195
0
7
13676
1
0
1
14
105
2
537
12925
723
110
116
117
2
213
0
4
62
0
0
0
0
0
0
257
0
213
0
1
1144
0
5
25
0
3
1
0
0
0
30
1
4
3014
0
0
47
0
351
0
15
0
338
33
2
41
0
15238
29
149
757
4352
10
0
1
731
1
19876
120
59
861
3
61
0
481
1
14
0
1289
693
0
0
2973
2
97
37
4697
515
1
0
0
0
0
167
0
0
5
0
0
39
474
0
1913
0
0
147
3
13
959
16
4
0
7
42
5786
431
4
78
0
28
108
1324
30
3
1
6
0
667
2
20
11
74
1
18
0
315
1131
170
854
4
1
0
1066
1
0
0
8262
0
44
0
0
2
25
0
20
0
0
0
22
11
1
22
1
0
0
133
18
0
122
0
8
0
255
258
11
1
400
0
7745
315
1911
0
90
0
0
8
0
2
285
7
1507
6
728
0
0
11
28
2
0
156
9
2
0
0
9
0
321
19
517
1828
10
235
7
0
5
12
0
2
0
1
0
0
138
10
3
613
28
91
647
0
347
0
0
2930
29
127
71
2
5
0
0
0
5
439
135
7
212
0
0
197
3
0
1
0
2
0
398
0
6
0
665
2
36
76
0
2090
8
12
0
0
270
20
0
450
0
5
0
3
5
146
1
37
0
132
0
0
14
20
4
1
0
14
0
0
10
0
0
0
0
690
1
4
10
1
176
0
198
0
466
26
9
8
0
18
0
147
488
0
1
32
6
2
3246
2
1
1
1
932
2
5
744
0
0
118
0
0
0
69
1
1
221
702
1
76
34
0
2
0
1
0
0
1
2
0
0
104
2
2
2208
222
0
0
42
166
7257
63
3
6
39
96
22
132
0
70
0
2
4
0
6
0
1
669
5
4
44
71
530
0
95
62
16
513
0
0
4
0
0
3
41
0
0
0
0
437
11
1
6
0
1
326
390
0
10
0
0
0
2
0
0
0
329
1
309
2
0
0
0
0
68
74
3
0
7
463
0
0
33
0
0
14
0
1
1
74
14
81
7145
4716
4534
0
0
4
1
538
72
310
1688
4016
3
0
24
2293
3
0
97
2
0
1
451
0
4
0
0
3
119
29
6
0
0
4
0
9
0
0
5
43
1880
814
149
327
0
2
13
0
15
0
0
1
2
1836
9
0
1816
726
3
1572
0
4
13
61
7505
1
422
2341
6
0
92
0
0
0
212
2782
0
2120
0
11
0
0
0
59
13
0
336
6
2
1
3658
523
0
0
0
0
5
45
1
14
0
0
3501
10
139
0
3
28
2409
0
2
30
0
10
17
238
1202
1
0
1899
0
3
0
0
1
3
138
0
9
18
8
5
62
2
1467
16
81
0
0
2
3
0
7
0
0
120
2
3
0
9
0
0
3
23
0
164
0
0
0
27
0
0
79
83
62
0
0
0
0
0
653
16
0
89
826
2
8
1
2
0
0
2
0
18
0
4096
0
1366
4
0
2
574
139
0
5
1516
36
10
159
25
253
573
0
11
0
1
0
0
0
7
0
59
202
206
1
0
0
0
0
9
0
0
0
0
0
229
0
0
0
6
65
0
186
0
5
1
7
0
25
5
30
184
273
0
3150
0
5148
1436
18
0
0
7
2
0
0
22
21
0
0
511
1
1
19
241
4
2
0
17
594
0
0
41
0
96
0
1
1
0
678
8
0
1
0
0
50
0
13
369
0
21
17
0
0
0
3
0
0
0
0
91
0
1251
0
0
0
1
0
18
31
935
0
1
895
669
0
0
16
11
0
2
0
0
16
3599
0
4
0
0
303
137
0
645
5433
3
13
7
141
12
35
2
0
138
13989
5
347
14
247
0
0
8
0
15
0
0
25
9
63
0
89
1
533
0
0
4
8
9
1
2
14
0
3
36
0
131
5238
3
0
33
0
1
0
13
0
0
4
1
0
4
0
128
0
123
329
0
377
783
454
0
1895
16
7
0
3
0
0
2
0
2
0
0
0
0
0
0
0
3
3
0
217
2
0
0
0
22
49
26
0
0
1
0
2723
411
0
0
2
0
11
0
14
270
2
15
0
0
3
0
0
2090
0
0
8
0
24
57
104
301
0
1
4
14
4
275
3048
0
0
0
0
0
13
0
8
0
37
0
1615
4
1
1
0
7
67
0
228
0
7
0
3
27
14
214
0
0
221
0
0
5
95
998
5
1
19
1
467
1
592
1
0
612
2
0
113
106
0
168
0
0
0
1446
0
59
326
1
0
54
1
105
21
0
1
0
435
0
45
4
1
2
244
0
0
0
96
0
43
4
0
19
401
0
0
7
2
2099
1
1882
0
6643
1
2598
3226
0
0
22500
53
165
0
9461
0
8
620
0
1
0
471
485
109
0
1
0
13
2152
5
0
20
0
400
0
2
0
27
0
4
0
211
9500
6
179
6
532
5
0
3580
0
4
836
0
3
0
2
0
1
1
0
25
831
2
0
418
0
31
2
2
109
6
15
1
3
0
161
34
0
3110
0
7
10
0
1
6
2755
4644
0
1043
0
10
1
0
0
0
3
17
1376
4101
0
286
0
0
67
0
961
2
22
0
92
16
0
0
13
8
3
0
5776
0
8
0
2
0
14
0
1
49
1
25
0
0
286
0
24
61
0
0
0
7
443
0
0
18
2
1
1
0
42
0
113
0
7
33
0
1
51
2
32
1
0
0
398
2
0
97
0
10
15
0
131
341
0
0
0
1
688
0
0
3
0
0
0
0
1
42
0
0
1
10
0
1
0
0
0
15578
2
0
13
1
0
435
8
1093
9
167
11863
1
0
199
27
0
1
0
1
231
1
5
74
568
4
119
763
2047
8
32
33
0
0
31
2
14
14
0
7
19
86
0
8
0
4
0
0
6
13
6
0
31
0
0
9
125
2
0
0
1
0
1
0
4
0
1041
0
1
0
0
0
36
0
281
1531
5
2884
0
10
21
18
3
6808
1
0
1
0
5
0
249
63
0
9
0
1
0
0
3
0
58
12
906
34
1
0
9
0
0
0
142
0
9
161
0
0
1
0
0
0
0
0
4
0
57
1
116
1
3
7
2863
0
1591
2
6
0
0
8965
0
4
23
985
8
6
7
4
0
96
0
13
0
97
0
3
0
0
17
8
11
0
0
0
3
368
0
884
240
0
4514
1205
0
11189
0
1
0
141
0
32
0
16
0
41
529
41
657
8
0
9
0
0
1
2
9180
15
8
49
19
1
7407
4550
351
3343
15
187
182
8
26
46
0
35
0
18
0
5
0
0
1
1
0
0
0
8
659
0
1
2187
1
1
0
0
0
138
21
1
1
4427
0
0
683
0
0
8
113
0
0
0
145
1
3
0
0
0
0
0
1679
6759
406
0
476
511
1990
2687
1
4
3
0
93
105
3
2
1
1
0
4
12
2
0
0
1
0
0
7
2
11
19
4
0
413
56
528
0
5
0
121
1
3727
0
1192
1
61
0
0
19
0
6
4
306
0
0
354
239
5
1
5139
2
0
0
0
0
232
3
27
50
0
56
1628
4347
36
829
6
0
0
1
4
1
1
0
0
0
2286
0
122
120
223
131
0
0
7
0
70
4
2825
51
9415
0
0
1771
5
6
15
0
1
98
72
0
0
0
0
0
3
6
525
5
23
0
0
2
1
0
0
0
0
0
4
1908
10
0
1
2
1
0
791
20
3801
1
2
0
0
37
0
2527
271
23
14
0
670
6
77
1569
0
29
3380
2
42
0
5
692
0
23
7
350
10616
0
0
0
63
0
1145
0
0
6
7
0
0
0
0
0
0
0
12
1
228
0
0
12
357
600
1959
0
4
242
1697
0
489
3
0
30
0
3
104
0
3077
1069
0
8103
81
29
0
0
19
0
575
0
495
120
1
8
61
2
4372
45
26157
0
1
718
32
0
0
416
0
1
1101
13
7649
0
0
7
0
0
293
0
6
0
0
10
6
0
1
3
1
3347
1
0
320
114
374
64
11
149
31
2
1
4
6
5
63
5
15
1999
4
7
2
0
136
0
0
0
2
13
0
468
2
0
7
3265
655
350
1
77
0
0
12
83
905
0
2182
31
84
21
0
0
0
0
44
0
1
87
18
24
0
0
263
1
0
4440
1
21
830
12
2
21
0
4
0
0
12158
0
15
6644
310
2
22
19
2
0
2108
0
0
4
6
0
13
0
2
8
0
1377
1
0
1
0
0
4
0
0
1
6
2
349
4
177
8
1
0
19
17
7
0
3
0
0
0
3
1
0
0
0
135
28
3908
6
1
16
0
63
576
12
0
162
126
6
1
0
1
3
0
0
0
1
0
5
557
0
0
127
7
0
2
0
10
3
0
0
0
4
0
17
6177
0
0
0
1726
2
2
322
0
0
2
14
0
0
0
0
0
0
32
11
0
1
3213
17
0
0
0
0
160
2
0
33
2750
0
0
110
2
34
6
89
39
0
1
136
0
3
6253
16
0
1
4
0
0
2
0
0
0
6
0
0
0
0
0
82
180
30
0
2
0
2
4
687
11
2
0
0
84
0
0
0
12
4
0
0
0
0
13
222
4
0
5
0
1
159
0
3
1
1
550
28
8
99
376
0
28
0
4095
838
0
0
6
35
3
403
7
0
5
0
1
1
6298
7
1707
0
0
0
0
0
57
2124
0
2
1
3
0
0
10674
0
0
0
30
53
8
0
1
33
19
0
0
0
29248
0
0
16
24
4577
679
538
1
0
0
0
0
0
1010
33
3
0
0
470
6
2
0
11
3
0
1
457
24
0
79
33
1327
70
1
33
0
42
1
0
5
0
4
13
0
0
1
1
1953
0
1
0
0
0
0
0
0
6
1
225
1
0
6
0
68
0
1106
3181
11
0
1
8
1
0
11438
2
706
1
21
0
0
4
0
97
0
1
1541
1
1
3
306
1
0
0
1
53
41
1
33
33
280
0
216
10
9
0
3
717
0
2
1126
1593
8
1394
0
0
33
0
11
0
0
0
0
0
3
46
0
0
466
0
0
97
11
2
0
2
528
891
373
3
0
234
0
2
6145
0
0
3
0
481
11
5
0
2
0
172
275
8
8673
0
1
77
0
0
98
0
97
0
7
5
3
30
0
0
2
62
0
0
272
1
0
0
1
0
0
0
1
0
0
0
1
0
604
0
0
79
11
0
0
0
4
4
1
13
0
0
0
0
612
1
102
2
0
0
0
1
1
1
3
50
0
605
1433
0
2
226
0
8
1393
1745
997
75
4
0
5
16
304
0
1
0
309
3
7
0
1723
0
0
0
0
0
0
0
0
101
0
841
19
528
76
63
7
10
31
0
2
2
9
83
20
1
0
7
466
69
93
669
33
0
0
7
9
52
228
0
1
15
1
8
25
0
1
2
9
5
3
12
469
0
4
0
4
0
2650
2614
377
5
0
0
3
5
0
64
193
0
2
21
0
5
62
1
104
42
0
23
25
4
16
0
208
0
58
0
2
1
145
1
2942
0
0
465
0
2532
30
0
0
1
7
23
46
599
4
5
0
1
4
1
15
38
0
1
0
0
0
11
2
899
3
0
27
55
541
0
1
1
12
0
22
0
0
0
3
1
0
0
41
4410
9
145
1
6
0
0
0
0
0
0
110
2140
1
2
243
3
1
392
8
8162
3
0
10
4
119
0
0
692
0
0
0
1
88
78
1
0
72
0
2
17
0
0
0
14
1135
8
865
13
39
2
18
17
1
3795
2
0
6
126
0
109
697
0
1
34
0
1
35
3
86
1
3
450
0
4
49
16
150
13
3
0
350
0
1
4
108
0
3
7
1
249
8
0
18
7
1
0
1
78
10
0
3
0
0
0
6
0
0
2
268
1039
76
0
9
0
5
15
0
58
0
0
2
16
1
7
0
0
450
62
1333
101
0
4
7
1
0
41
0
28
0
23
0
0
1
0
0
343
0
1
0
10
0
0
25
0
0
0
98
0
58
3
209
0
1612
0
0
0
0
0
0
0
0
0
0
0
9
0
0
0
3
0
0
0
0
18
1
5
1
42
0
9
35
0
0
6
8
83
0
1
9
434
0
0
0
23
1172
463
33
4714
0
7
525
0
9
0
0
0
0
20
0
1550
0
191
0
0
5
4108
8
0
0
8
0
8912
0
47
0
4
0
768
14
98
4
7
0
0
1
10
0
0
0
7
0
14
0
0
0
3
1
0
0
0
0
1852
0
0
0
0
1
0
64
0
2
38
2
1
0
0
2
28
757
0
0
27
6
0
808
3
120
0
273
0
1654
164
0
0
1
0
0
10
1416
0
28
1
19
1385
22
0
0
0
0
0
21
0
0
4
0
57
0
0
14
0
1
0
25
1
1
1
1
20040
1
2
0
0
0
11
0
9
41
0
2042
0
0
0
5771
0
2
0
83
4
0
2
350
238
0
20
0
45
0
627
2448
9
0
0
4
0
0
252
142
1010
0
0
0
12
1
0
0
1
20
2
104
0
2
0
499
206
0
11
0
6
59
303
0
0
0
36
0
6843
1
1063
94
2
5
24
0
7373
342
2
6050
0
2
2
18
159
0
374
73
32
0
314
0
77
0
0
0
37
0
0
1
0
7
0
0
1
14
34
0
0
0
0
164
4
26
6
0
36
0
0
397
39
9
0
149
0
1
6
38
3
2
1
1
4
525
5
0
1
6
0
0
5
0
1
0
0
0
0
0
38
1
3
0
131
1
0
8
0
0
0
2
0
230
1
15
69
136
0
1
3
36
0
0
0
6
0
14
2
0
1
1
11
0
1
7
2264
2
102
3
0
245
80
23
0
4
0
4737
0
176
1
0
20
0
3
5
460
2
5
0
1080
6
47
13
0
42
0
0
249
154
5
0
16
7947
4
0
1
7
0
17
85
1849
5133
3279
0
0
63
0
1134
2
29
3
0
3
0
0
0
0
1
78
22
0
1
6
7
0
0
722
0
0
1
0
2
1
28
0
127
22
0
0
1
0
4
0
0
0
1
7
0
0
68
30
4
16
182
197
1
2819
0
7
0
1
18
1
0
1
0
11
530
1
494
3
538
1
0
6
0
1
0
2
0
158
0
0
1
1
618
1
1298
0
14
4
0
50
0
6266
1
0
0
2579
0
154
1
80
0
2
4
20
0
4
3088
392
0
0
1
0
1
4
1325
20
0
1
0
0
4
2
0
15
96
0
0
286
531
17
1
1
35
0
11
4
0
117
14
0
0
0
3
0
6
32
7
4
1
1
18
0
0
0
0
2
1273
5
25
10
0
339
11
1
217
113
2
4948
1719
1
8
0
1
1017
320
0
77
0
2
0
0
996
0
1
3897
0
0
0
0
4
7
1387
0
0
38
0
302
0
1
2
2
0
0
0
0
0
0
0
67
58
0
64
12
843
6
0
1623
0
199
0
5
0
4
1705
68
240
0
8400
5
0
44
2
3722
0
24
16234
119
147
9598
10177
6712
44
10866
200
1631
147
126
1646
3335
2846
15311
9162
10316
314
4298
9359
160
274
3439
28035
12080
12859
3082
7248
12859
38
48578
7637
314
147
12470
32020
28227
5866
440
38
160
0
7975
10477
6
160
2846
274
87
22502
16235
147
314
6
314
6238
6
274
4532
12708
1557
5088
4298
363
34314
25
315
14
44
6
4
723
940
6110
1199
15
42302
1987
150
9571
53
363
1
6
1
2318
9445
0
0
8158
2
39
2375
3
3153
0
0
1961
6
12
590
39
595
10664
3865
2886
565
22
36
178
244
1
46
238
3
0
1
0
363
124
36
8021
1288
2105
4626
3962
1
8
29333
2822
2124
0
0
0
1
0
1337
11805
0
1
266
136
7
1
1
0
1
5383
21146
139
3
0
139
0
20
358
8
471
199
3691
3474
6
482
56
1
11
1
663
3
67
254
15640
0
9395
45
9388
625
0
1032
3422
555
0
0
72
305
3
4019
430
1442
0
2662
74
3
43
1382
1
185
62
750
0
68
5
1480
12
122
0
61
3499
15
786
1
48
1534
5
5
1602
8
2
1079
1
1
531
690
52
4
12
13
987
302
2
8
4
0
1785
55
573
0
43
7
0
3
56
16811
0
0
1386
786
10264
0
6288
493
27
1897
1
0
86
1
2
31
18072
63
0
31
889
0
380
53
2
710
2001
184
2
146
74
829
142
0
4
1
17370
1
102
4
10601
1
0
3
183
0
13
5288
633
1632
1
21
0
5
26
7
0
209
0
7
233
1
18
1
3
5
3891
74
715
0
1653
478
1
2
4
21
26
96
23
5
13
3
752
0
1
8
10
28
1
12
9239
0
3954
0
1
0
0
4
1297
660
6
3
0
0
1066
231
100
0
1
7258
44
0
0
1
83
53
25
299
1
1617
23
0
7331
9
0
85
5
534
8
7
190
1
55
57
0
17169
1164
4
6
22
0
0
873
1
1
4
6978
1
0
0
0
195
0
0
11
1488
150
68
1
0
1
9
28
0
169
10925
5
45
1
6637
14
78
131
41
17
13
0
4
184
0
16
38
0
4
17
105
2575
3
3740
3
0
0
2
678
11225
1
21
1
85
135
24
2354
1
1
2
3066
1
0
13
10438
8
318
8
2150
5
0
0
9
43
2021
0
74
1698
34
1
6
0
206
944
573
5748
1
1
9
1
2499
67
51
18
12
0
0
130
132
8
15
0
0
0
10
16
695
446
0
4
4
24
56
9
1698
0
5
0
781
16
0
0
2
4
5803
0
4
3
4131
0
119
2557
215
386
14
249
882
739
0
7
60
36
773
1
5
4
0
671
0
5
20
35
9347
17
0
0
3
3
1
5
0
7
0
0
0
71
0
0
0
2889
0
8
141
7
1
5
1
0
36
0
0
2839
4
0
0
62
17
329
5
36
1
7
2
9519
1
4
1
662
8
341
78
154
2190
269
68
0
51
5
58
1740
277
0
0
79
22
7
0
1
0
0
8
0
2
0
0
52
0
0
2963
5
212
2018
0
34
6
113
558
0
580
3
39
108
0
6
0
96
6
78
2550
8
6
1373
349
3
0
0
131
80
1009
1
1
2652
515
2
26
0
112
3
0
7
125
0
0
0
16
0
0
27
3
2
2
0
141
4586
0
37
6
12
25
7
1880
691
10
0
2459
7
0
0
15
168
0
0
1
1893
1
56
7
1275
2
5
137
5
10
209
3
3
24
3623
1982
7
22
14
355
3
1532
0
2
2089
0
539
1
0
4
40
0
0
18
7762
1
194
0
0
3974
0
2
2
196
3
15
22
1
0
211
0
19
55
835
607
18
0
553
3
5
0
267
3
0
369
22560
0
1637
13
5
2
47
4
1
0
9
1
0
1787
276
20
0
0
1
2
32
4
1676
24
257
1
219
199
0
2
53
3
32
32
60
84
5
3
4
13
0
34
233
104
471
1
15
0
12623
0
0
1062
0
4
0
6045
3
290
85
1
65
3
457
577
14
9249
0
3
0
559
0
933
1
0
48
871
1
1
507
7
3
0
2
6
0
1
20
4
0
1
357
0
0
5403
7
0
12
6
5
99
0
621
910
19
0
365
0
0
19
21
0
44
0
113
2
0
2
189
0
89
2
530
2
0
1
1150
1
3235
231
5554
6851
16
2
26
13
0
0
577
4
17
53
896
0
0
86
2
0
1
3
3229
3
21
406
13
259
1
84
0
0
0
0
0
3
2
0
2
1
22
0
53
1
11462
17
3
2
0
10
184
2
7
18
0
2938
137
2
1706
3532
1
836
4
0
0
0
4
4
1
0
0
1253
830
2
5
0
1
0
164
2
0
196
3
1
1
2246
0
411
0
300
701
1
8
5
0
0
61
1
0
382
1
1
0
6
0
2
13
0
399
490
564
0
34
0
0
16275
20
0
0
108
178
200
1
63
0
4691
3
2
0
0
394
15
31
2
2
0
5
0
1
42
66
0
264
1214
117
16
1
2
0
0
2
0
0
1
813
1947
20
2
603
0
83
1
0
0
78
1
0
146
0
0
89
498
4
0
3
38
0
3
54
0
32
0
2809
26
1
4
1
9
16285
0
0
0
1554
68
22
0
29
0
3814
0
0
13
0
1211
14
1540
0
18
0
9
225
1
6
7055
23
3
605
102
0
58
0
54
9001
338
1
0
795
0
9
11
518
182
0
622
6
0
488
73
0
1
4
2
10
121
0
7
21
277
1003
1
17
2
1153
31
0
0
13
3
0
58
0
13
0
105
2
1
24
0
0
7
13393
96
16
1
163
0
0
3
0
22
12
0
0
7
0
7
1
52
2
1
2213
258
181
4
7
1
5
116
248
2
12
3338
0
6
15
33
457
0
5
1
77
130
81
73
2
1396
226
278
1
5
1
0
2
0
1353
0
5610
137
899
18
10
2
556
1
112
3
13
4171
0
2353
0
12
0
2
3
514
634
0
236
0
25
0
8
0
30
308
0
2
0
0
59
31
159
1
0
1
0
5
7
1
38
26
23
11
3
0
20
4
328
35
7
20
5
0
7
25
946
5
0
68
17
10
4
3502
35
0
0
1
24
1
1
0
1075
184
0
0
0
89
154
103
0
345
0
2004
0
296
0
1
1
22
4705
8913
99
0
0
0
2
752
334
0
38
2
0
0
53
0
42
0
0
0
2
29
0
0
0
0
0
0
0
0
1750
0
0
0
1
1
42
19
54
1134
2
2
1
1
0
1
148
0
578
2
0
0
0
0
1
8
0
1423
0
1
217
118
0
0
302
1
1
0
0
2686
7
175
1862
20
47
0
12
0
0
0
0
0
3
116
1836
0
117
1
0
2
430
14
0
1
5
14
0
11
0
32
4
0
0
94
12
91
1027
0
1
25
15
10
611
0
0
3
7840
7626
5
0
0
1
0
1
1
1
0
1
308
0
33
1
73
131
0
3
43
23
4
0
1
62
2663
0
0
4
17
6131
26
135
7
75
2
79
0
402
0
4383
5
0
1381
2
0
43
1
4
0
0
2
49
47
3
10992
27
1
1364
399
7
0
0
552
60
0
2
5486
12
5
227
226
0
39
1
1
0
2
8
10
16197
0
19
0
9
0
4
2
117
48
10
118
5
12351
3861
0
6
3
0
1
0
1716
8
0
0
1
10
26
1
0
0
210
0
1
13
0
2
0
529
1010
0
1
9
0
0
0
2
1
3
1
1999
1617
1
261
538
776
10
10
1
333
357
97
0
4
0
0
2163
10097
0
3969
13
1
2
13
48
4
0
0
627
1
2
3
1440
0
26
0
3
1
0
4
6
195
9
1257
0
47
6
3
20
0
0
1
2
0
1
20
0
0
8
9
229
297
0
713
0
0
42
0
3
0
286
61
3
0
18
0
0
3
1831
2
1
6
1
0
1
16
0
2
0
4
873
0
2
179
9
367
0
77
0
0
10
586
7
0
0
88
2
7403
11
83
0
105
0
438
47
3095
1
299
11
57
1816
0
0
1
1
0
13
3
1831
848
1975
4
5
1390
8
474
0
1
3
1
0
881
64
18681
95
1
0
738
0
1367
7
527
22
1
0
0
2
0
21
0
0
0
5836
26
3
0
1015
105
0
0
8
73
9
8
11
249
3
0
0
0
0
12
0
6
1308
0
52
1
543
1
29
6
3
44
0
4438
28
0
3
1614
51
0
2268
42
0
12
1
37
60
0
353
2500
0
0
0
12
188
0
3
0
2
4046
2
0
0
3
168
13
0
8
67
108
734
7
0
1
8
0
4
0
3
1339
99
1171
5
0
12
0
75
2
7
1
1
0
0
111
2
0
0
3
0
57
0
0
9
1
2788
0
0
1669
37
2
0
0
0
16
5877
0
12
0
1
0
483
7
5784
0
6
0
499
82
5
20
5
188
0
14
196
11
0
0
4
0
0
0
1
738
0
3
31
1
1
29
0
1
172
17
0
1
0
23
0
4
13
1
124
111
208
6
1
3
76
1195
0
1
229
0
0
1
5
0
668
0
1
1
16
381
158
0
8
0
0
1
500
1
2
26
23
1
0
26
61
61
1
0
0
0
1
1
95
12
2
5
1
4408
2
74
275
17
0
0
2
5
4
0
38
3775
11
0
0
1
28
55
0
0
51
68
69
0
204
317
4
0
1
0
4
4
0
4382
0
46
0
685
10
0
0
4
0
2
1160
0
0
0
0
0
1665
61
0
952
0
0
0
21
3
206
61
0
0
16
1
0
136
3133
8
3
33
0
5
42
0
10
14
0
4
2
45
30
5
0
0
0
28
0
0
2456
0
140
0
0
0
1
34
0
70
524
1169
162
5260
919
0
3
293
75
24
0
1
0
0
2
0
7
2
928
0
1
2080
0
2
1
5
44
9777
5
6
0
125
15
2
47
10
1
23
0
0
5
2
0
3
0
0
0
1111
0
5
13
528
0
1552
3
0
21
3
106
0
0
0
2306
0
0
0
1
5
2225
2
7
0
82
0
0
653
653
2
1
0
284
87
9
0
19
214
805
2
7782
0
0
2975
2
2
8
0
7
39
0
0
24
0
431
27
2
15
284
9
16
58
0
103
0
5
1
0
0
263
3080
0
3
7
0
0
24
412
6
0
2
2
1
132
0
13
3373
0
0
2
146
2
3
0
0
0
0
0
199
0
6
20
3
0
5
0
17
8
0
0
9
0
0
10
0
4
25
621
0
1
0
4
0
0
0
1
0
0
0
0
6
63
1
1
94
18
37
646
48
32
0
3
542
0
115
0
10
0
2
0
20
141
0
128
183
124
0
0
4
1937
19
0
0
0
0
13
0
489
60
0
0
225
0
3
29
11009
1
0
0
0
0
9
0
0
4
4
0
0
0
10067
0
102
0
0
0
7976
114
10
3
9
1
26
1
77
73
90
0
25
899
2
0
6
108
2
58
656
3434
0
0
414
15
0
0
2
0
3
0
0
7
44
18
0
1
0
3
34
1
0
4
994
2
18
0
0
6
0
176
1
0
10413
1669
0
1
78
0
0
0
0
2
260
0
0
5
1
0
2
1
11
0
65
0
0
4
2
0
0
21
0
2
0
10
4212
1533
0
0
1
0
0
5
274
10
2
0
36
185
5
2623
0
0
0
1
0
0
0
1392
0
0
0
5
76
0
9
1
1
7
1
64
9
1
3
0
0
0
0
4
222
3
78
0
5
2
161
0
7
0
0
263
34
0
740
0
0
0
5
203
1
10
1
0
0
15
207
4
72
0
4
274
0
0
60
29
514
0
6
2
26
340
260
1
2
0
4
1
76
0
0
357
334
0
3
2
2
37
0
0
0
1
9
16
1506
1898
1
3
467
0
6
3
1
1263
0
792
0
1046
153
0
0
29
9
1
0
155
0
22
0
83
0
0
5
4
2
34
2
1
12
0
0
0
917
1
0
0
58
0
0
956
0
11
235
5
21
1413
5
6
0
392
1052
0
0
12
0
0
2
0
0
77
8
69
0
912
35
0
820
142
413
0
0
267
0
110
163
0
3
78
0
1
0
10
18082
142
0
1
8798
36
7
0
1503
0
0
2
1
2
51
1479
3
8
0
43
1513
0
0
8
30
0
55
2
0
3
0
3
29
0
0
0
3
70
1
169
0
37
1
9
4
14
212
19
6
6814
179
28
0
1
0
242
0
1
4198
17
997
49
3908
0
13
2
45
25
77
0
5
58
0
26
0
3241
267
3
55
74
1
0
0
3
86
1
0
95
0
0
1
245
0
31
360
1
0
0
65
19
0
129
417
131
178
2
3
2
0
2963
0
4321
0
3
1
13
4
0
12
0
738
7
3
0
26
40
19
3
5981
0
137
0
8
0
26
2
0
0
145
0
50
0
1
0
0
0
0
9
60
0
0
3
0
1169
32
0
43
0
0
0
2
117
0
95
0
1819
13
4
4179
35
65
43
0
0
12308
13
7
0
0
3011
8
0
30
0
0
0
1
0
1235
0
11
0
0
0
0
8929
1
397
3
7960
0
0
0
3485
28
2
1
1
15
2829
902
15
27
0
0
70
178
484
0
1
27
1
2
4
2741
13
2
43
0
4974
123
0
11
0
0
1
0
2
79
2
5536
0
0
4462
1
0
0
6
643
13
0
0
621
0
1983
2
2628
3
781
405
14479
77
0
33
172
27
0
6
0
0
0
0
0
234
10
0
33
390
10
0
196
0
0
0
0
43
1
0
0
34
7069
7
16
2
0
3
178
0
4
0
5
0
3
24
49
133
0
24
0
0
21
6952
3
1
0
76
93
11
1094
0
0
37
4
15
1111
1
1
7
12
1
1
9
78
1166
1
1687
680
0
0
162
1
5
0
10
1044
8
0
1
1
54
0
2
1234
12
3810
1
0
7848
25
7
5
0
2
41
0
1
0
0
37
0
0
4643
0
545
0
3
4
68
0
0
0
8
5
40
0
0
2
17
0
0
0
2
0
0
1
0
2
11921
2294
0
0
1
1
4
0
14
23
107
2
186
821
7
107
98
21
2
1
2
1
460
2083
1
0
0
0
0
0
0
0
126
14
0
1
0
183
0
0
1
0
1
0
0
158
0
220
5
0
2
0
1
46
73
57
0
0
497
2
14
0
2
0
1
0
0
0
167
0
1
43
7
0
0
0
119
105
0
0
9
2
2
7
172
265
1
1144
6
1933
1
92
0
0
13
0
1
35
22
1118
140
0
0
0
1
1
0
1
92
405
6805
0
4
6
0
0
0
1
56
0
0
0
43
0
0
5
0
3274
364
1
26
0
0
3
0
0
1
0
0
0
0
30
0
5
5
13
41
0
0
1
0
0
0
30
0
39
32
2
0
151
1
0
46
21
61
1
0
0
0
130
0
170
170
0
29
664
0
4
161
704
681
4
0
54
0
1916
0
0
41
559
39
0
0
160
0
0
0
1
0
0
4
0
0
724
12577
2202
18
1
0
1
423
51
0
0
1
0
0
0
0
312
1497
16
0
6
3
0
0
0
1352
0
9
0
2
95
0
0
770
842
0
43
27
0
0
0
1
1
1
3820
0
0
1
24
2
0
0
0
1
5
0
2
9
0
7
15
4
65
7
0
1
1219
12
0
0
0
9
0
0
71
0
0
3
15
0
7
1
141
12
0
0
3
0
1
346
1
2421
0
0
0
1774
10
2
3
0
2
3
1
0
0
0
0
23
8
0
8
4852
0
1
0
0
101
0
2
16
9
0
13
0
1
0
5
20
1
1
1
0
5
0
1
1
3
2
90
0
0
0
0
1040
4
0
5
9
686
0
1
1
119
0
0
21
2
0
1
1
84
1650
0
4
1
0
0
2
20941
0
0
0
0
271
2
0
2
0
8
0
0
1
483
0
5
1
0
4
0
97
2
2
0
0
0
1
0
2
224
15
0
1
71
0
0
1
137
0
0
0
3
8
44
64
116
0
1
0
0
2
0
0
216
0
0
0
1
2
159
0
0
2
3
0
0
3
1
24
0
4574
355
7
1195
5
1
2
8
0
9
3
35
26
1
1
0
0
0
80
8053
0
1
9
78
18
8
2891
2
0
1
2
116
0
1
4
0
3
1049
0
0
2
2203
11327
62
649
0
34
1712
0
7197
0
40
56
159
13
3
162
0
0
909
0
28
168
0
2
0
65
57
0
0
0
148
0
0
1
678
48
156
1
0
0
602
3
3
1
11
473
0
0
0
6
6
0
0
6
19
4
0
250
722
0
132
87
2611
169
1
126
0
2
0
46
0
3300
0
0
116
468
0
3490
0
0
2
253
0
1748
10
13
1
91
0
0
85
17
62
583
0
0
4
2
2
3
0
0
59
133
0
86
0
0
45
10
0
271
0
0
1
0
1
12
4400
388
0
918
0
0
32
0
7
1
342
7
822
1
0
2
2
43
112
2017
3
7
521
23
0
2
0
44
4
0
2
7
2
0
1053
1
1
0
0
0
28
1
1
1
0
0
0
0
1
5
2
70
4857
10
14
0
26835
1
0
0
2
0
0
2
0
0
0
1
3
1
0
9
1
5
0
70
0
1757
0
445
0
444
129
0
0
66
1
187
0
16403
1
113
2
53
2711
3
17285
1
0
1
9433
9
1
0
10
3
3
4
777
50
0
7
4
1181
270
0
85
141
12
3
0
0
11
4
1
0
5
51
0
0
0
2
0
0
0
826
1
5
0
9518
136
7
16
198
0
3
0
3
57
1228
303
4
0
489
0
2
2
0
2534
0
0
314
0
271
77
0
2
16
0
0
0
151
4
0
2
10
0
297
0
0
1
33
2
1
0
3
3
4
2
1
1
78
2
1
0
0
8
0
132
0
28
0
429
10
0
4
0
35
9
4
3369
0
126
0
2
1245
0
2
18
1
1459
0
16
0
3
19
71
0
14
0
31
6
1
12
0
163
5068
3351
4
8
2
0
64
0
8
27
7
1012
0
2
16
0
39
0
1
0
0
13
0
27
0
1
11313
0
14
0
2
10
1655
0
0
4
0
0
9
0
2
1
0
42
0
3
0
31
640
0
53
0
89
37
1
20
2
1
825
0
1
8
0
3
1
44
1
31
0
2
0
148
2684
0
0
0
4
0
1
106
0
28
20
130
5
0
36
68
8
0
44
0
0
5
0
0
288
13
0
0
125
1
0
2
0
37
1
0
7
0
9
0
10
0
49
0
0
0
22
0
1041
0
0
1
0
1
0
1
0
0
0
1
0
0
6
0
0
151
776
2
14
4
0
302
9
20
86
0
3
2
1
5
0
150
198
9
0
0
41
1
491
0
4
0
19
0
4
1
337
65
70
1
41
5
5
2
80
97
136
0
2
1
11
2
29
2138
9224
237
1957
2
1
0
2845
0
1
0
1
28
15
74
0
1
2
3
0
77
1
0
1691
0
9
8
4
0
0
3
0
27
0
72
1136
0
7174
0
55
497
12
176
83
11
6
57
26
0
0
180
1
0
0
34
2
3
0
0
0
685
0
19
0
5220
2
0
1
1
0
5
2
0
17
0
1
444
44
0
22
0
0
0
2
3
7
0
0
0
2
0
0
1
0
49
3
34
51
11
234
88
3
1
1
0
0
0
3
48
9
3179
0
0
238
0
40
13
0
133
41
0
175
0
0
3392
2
19
2
12401
3602
29
20991
11419
9598
185
7713
5104
24761
2846
7713
38
10702
9816
9162
320
3509
28446
6532
9825
185
39310
32929
11179
2357
11837
9517
1612
0
1965
12859
3153
12859
509
21981
12167
21174
4238
1126
18224
9005
19046
5104
1612
0
75
390
4925
1612
4532
147
9309
147
4220
32774
28147
147
274
9816
2397
105
147
11830
692
6
161
5655
22
315
2233
4
11204
99
1987
1
934
21
600
577
1030
2
111
4934
0
2233
20
1
0
129
10
3451
11
8204
7
11850
27
2092
19298
6554
8
26916
0
16
0
17
1123
993
3758
8204
3620
3277
1527
5178
1288
10432
24023
6110
100
9395
4
4575
3640
600
1655
544
4575
0
3463
55
60
1671
6299
2236
89
4
0
666
136
6
14
6
4524
8
0
0
2
1
9370
256
1581
1
0
33
87
0
30
0
4537
0
12974
4
1
0
0
353
0
1144
10
98
5
0
510
0
5907
10
164
3
6497
4
1
1008
1380
4
19
0
134
4524
5269
1413
0
791
29
3500
14
4
3
2276
851
12971
0
211
0
23
0
4
202
1427
198
152
246
4
4
3
420
92
5544
2
5
591
111
0
4
0
0
4
11
3403
1056
26758
1519
1017
0
1
0
10
1
0
5
4858
100
501
0
150
2
8
35
2
92
0
142
202
15
743
0
79
80
6
6
333
0
9
1
7
0
5251
8
44
17223
4
10629
0
2
5
1
409
45
5
0
0
33
25
7622
11154
0
0
0
531
201
57
11
500
0
0
282
172
3011
971
148
1
0
0
24
30
15769
159
0
14
1963
387
3
0
0
882
38
4374
755
14
882
3
1
136
76
12
1006
173
8
0
779
1
34
0
3
26
0
0
4468
29
11
0
124
4
4
0
213
5
55
150
35
0
2867
14
2088
2586
299
350
2
76
0
27
137
0
15661
9
1
0
0
61
6304
581
0
1
413
116
0
40
0
13585
153
0
39
5
13585
1
0
0
0
0
439
484
47
42
741
29
1527
4
8
5
12
0
1299
448
6
0
0
133
22906
236
0
341
503
8
290
0
242
0
273
19
1916
2
1
13766
8
280
1089
48
4233
3
56
34
1
0
4
0
1512
118
46
210
60
719
9086
300
822
13
203
0
300
1597
0
19
0
4
0
2535
19
37
1514
1
0
360
3
401
1666
5
1
0
1
997
0
10
3
110
9
0
333
0
554
0
1970
58
4116
5
4
224
143
2
11
43
0
3767
322
27
0
978
184
0
468
3574
6610
46578
1
20
1345
0
4386
5356
157
0
23
2043
3236
38
3038
0
12521
3181
1085
1518
0
14
1
1
4
0
1075
0
214
266
552
181
0
19
2334
0
4717
2
57
493
1
0
0
41
3
0
0
13
8
0
1845
260
0
78
4309
133
96
6189
20
0
39
12
7
11
3281
137
3
6
0
37
10
35
8
1497
5
23347
10
0
3153
0
0
14
88
0
34
246
268
156
1469
2
17
10
0
233
50
0
184
0
867
5
223
1
7
1
9740
174
0
394
3
1
43
9
2
0
349
166
27
406
6072
0
0
185
0
0
0
1208
0
9
5947
2
2
4257
3165
1
622
48
6
9475
942
2
91
4
30
373
18
15
18
0
296
0
20
0
0
47
1
11
15
3
0
803
1
1
0
4
0
0
0
5
121
21
0
0
0
0
292
0
2
1
53
317
898
0
0
1351
7
276
0
511
0
4
5
102
0
5
4
2
4276
10502
5
0
47
8
3
1
0
64
313
0
0
0
638
21
22
0
0
10
2
0
0
0
18
40
3
0
11529
3773
651
0
0
1
4
1
7
0
2
25
2
1
9129
0
1
0
1
31
300
2085
2050
12
199
2523
8
0
0
4
60
0
5590
0
0
0
0
1782
0
0
10
424
2259
3
31
1
14
3
0
2
1
643
2
2
420
0
2
12
85
2
80
1
3380
3
28
31
19
4
0
828
0
0
2
8
28
22
7
0
172
1267
634
4835
57
6
4296
63
0
139
4
1
3
7
25
0
57
0
0
0
0
7377
298
149
3
0
3
0
0
1
3
6328
0
0
28
31
1
5
0
44
19
0
726
0
256
12
0
0
12
684
21
19
25
1
1176
6
0
0
1015
431
0
67
0
751
11
6
74
115
0
25
11
2181
0
0
24
1
0
0
892
1869
0
1126
0
18
0
2283
118
3
4841
1158
2
1
914
575
212
0
726
96
2147
9
0
287
0
448
79
2
1
13
18
0
0
0
5
0
2
1
0
29
242
0
637
1026
26
1
1
0
16
0
1
1
19
4
36
28
15
0
60
7078
0
6218
0
9
3
1
0
7553
2
2
1
4
332
179
1
11317
3
0
0
9
1815
0
798
1902
58
0
0
0
0
0
2
10
1
4
142
0
0
0
0
0
2788
1
190
0
0
23
0
142
0
0
1
0
127
40
6635
67
0
5
209
86
0
0
1
5008
0
6
0
0
1
9
2
2
21
37
8261
1
42
7
325
2
0
109
1
417
0
0
0
27
5
78
0
1
0
11
0
133
193
0
1658
794
13
167
2
1
30
109
654
1915
43
0
0
3
1
1
1
0
0
0
248
32
26
11639
0
21
1
0
1
1178
33
186
5
17
0
431
311
103
9
1
2458
1
6
0
0
13746
0
0
1190
1
11
1019
42
0
0
16
0
64
0
0
0
2
23
224
4
0
10
44
3
5
0
5
2
502
1
0
6924
0
92
5
1
1
54
14
29
2233
0
42
2
2
0
0
1
0
1
3
2
0
0
18947
1
317
0
0
3
0
53
3
1
1869
951
0
2
7708
6
437
23
11049
13
20
11
0
0
5
2
4
2
0
11
243
1
32
19
0
1
0
0
0
0
29
3261
1
0
10
71
29
0
1
15
2374
0
601
9
2
87
0
0
2
1
3
2
50
84
0
0
144
4559
5
260
0
292
20
0
0
0
0
10
1
1
1016
0
21
2
0
2
0
0
6
0
5
5
1
9
2
1
300
3
104
204
0
60
0
88
432
59
14455
6158
43
0
0
5
1856
20620
2
3572
0
0
85
19
93
51
353
106
4529
0
0
0
0
0
32
6366
119
248
7
127
133
1
117
5097
0
55
0
13
2166
6099
7
1
0
2
362
0
0
1
2
6519
14511
2494
1033
1564
7
4
0
0
1
243
0
0
0
11
307
13
0
0
0
33
1
22
377
4
0
0
248
2
19
12
0
38
66
9
46
0
2
0
25
3
0
177
890
0
0
0
90
0
3
0
5987
0
2
4
6
6
1
152
0
0
4
0
0
67
142
4
1
0
1
2
12
4750
0
349
1
7
114
6
17
1
0
69
0
1
8
23
0
57
0
0
0
0
124
116
0
3
5
0
3
0
1
493
16
484
2852
26
2670
803
0
309
46
5
2
0
263
7
0
168
25
665
0
0
0
27
0
5359
0
32
5
19
26
0
25
0
70
0
236
0
80
1
0
1
7
35
4
0
0
7
0
40
0
139
14
57
272
3
214
0
7
21
1
17328
0
1
61
5442
129
302
1
6
22
2
5874
24
3
0
5
0
8
0
0
2
2
1
248
0
3
0
115
4655
0
2
11
465
0
0
166
0
0
0
2275
0
1168
12137
0
75
69
0
3
6
15
1
0
0
0
19
2
186
0
2
4293
0
970
51
1065
3
0
0
46
7
17
227
0
1705
2
1
0
232
17
241
3
0
9
0
142
49
0
2
1
0
2
3
4
13
249
1808
0
0
1
4901
5
3
2
616
490
0
3
460
1
37
54
9
0
0
540
82
215
0
489
1
1
0
52
10
0
0
0
0
27
2237
0
499
0
0
32
34
2
745
4
52
10
22
3
159
6
0
18
8
3627
33
3384
0
379
15
5
168
339
0
2
37
2
2
7
0
10
0
1
99
0
1275
5
1
0
0
0
24
0
9
2
166
4
4
1
1
12
23
6
2
1
19
815
65
0
2
0
0
1451
0
0
7
5
0
264
293
0
2
81
43
51
0
299
2
79
0
0
23
0
4
0
6
0
0
0
0
0
979
1
1885
20
0
1
3
1204
5164
0
2
11
757
1
0
0
0
1
1
23
1463
0
0
0
1
12
0
9455
2
0
6804
2
0
1
2480
0
1853
0
1676
57
3
0
54
1
8
817
0
32
0
99
2
0
0
6
0
1
1
0
0
14
0
3
1
19
5
0
482
1
0
0
82
1645
0
0
112
0
224
3547
0
4
1
0
0
22
270
0
3
1
0
0
21
4100
4964
15
3
53
1
23
0
432
48
0
107
0
0
1
182
0
15
7
1
0
1479
0
0
12
0
1186
5
0
4
58
103
3486
1
294
106
2
0
70
1
106
0
0
0
0
507
9
36
115
4
34
0
1
0
0
118
234
424
2973
3
2
0
3
0
0
14
5
2
0
0
0
7087
12
2127
18824
8942
24
59
15
5
1
2
1
2418
0
0
0
0
2164
159
0
2
0
157
19
0
224
1
24
0
65
0
0
135
0
1
402
0
1
5
0
49
0
282
45
1301
2
49
10
2
14
60
15
0
3
3479
6
0
0
0
3
1779
59
0
0
108
32
403
122
2
0
18
3
0
4
0
5
33
30
0
438
1359
1
2
0
21
4
1
0
57
42
0
1396
4261
15
0
268
0
2002
490
0
0
0
0
3
0
2
298
265
496
0
0
0
4
0
1
1
1
2
327
3
272
0
1
1
0
2
0
0
4
23
0
1219
1
0
0
0
5
79
0
0
0
679
1054
0
555
0
25
2
2281
0
168
42
1
12
7
889
11
12
0
11
1
0
121
0
260
1
1
0
8
706
10
456
0
8
12
0
697
901
24
10045
2
1932
856
0
11645
0
0
0
3
0
4
0
1357
0
139
4
121
0
0
1
0
7
1
4
150
0
236
3
2354
568
17
4
293
21
0
0
0
167
66
3
2
1
0
0
0
6
1007
5
2
0
10178
18162
0
2
10
1
8
0
2
0
3
4
185
81
77
18
7048
1
0
0
51
436
0
0
2
0
310
0
30
0
122
1
0
3
0
3
76
0
921
1179
0
0
11785
0
1
0
22
8
0
26
3
9
16
7
0
0
185
5
1
20
17
0
0
1019
624
84
42
2
49
180
0
4437
0
0
5029
2
0
0
37
0
1452
187
12689
0
163
391
1
14
2
948
0
0
50
0
0
0
0
0
70
0
536
1
0
725
3023
29
271
0
1
9100
2
6
24
0
7218
0
6
0
93
2
12
37
4
1
0
0
314
22
3
1
0
0
35
660
28
5
0
1
0
34
1219
6
1
1
0
265
4563
10452
0
0
1
0
0
1
43
0
0
0
2
2099
0
0
0
621
77
90
1
9677
12
748
0
0
0
159
75
0
3
0
1048
0
39
4
929
169
0
0
0
0
0
15
7
10
7
20
2
0
0
263
12
65
0
225
2
0
49
1252
2
241
1205
22
4
0
0
899
0
14
44
0
366
452
29
0
6
1442
0
874
0
0
2
1
133
2
22
0
122
533
414
8
40
6
10
0
0
312
0
3
0
8
6
4760
1
37
265
0
19
2
2901
16991
0
436
2
0
1892
0
0
0
0
1
0
242
0
3
0
2
516
2
8
0
0
0
0
0
2
1
8
0
6
6
0
11
0
0
38
268
0
35
0
0
2350
57
15
12
0
1
0
0
129
0
0
0
33
0
0
48
3
2
376
27
2
14
172
1
0
0
236
27
4
0
1
1094
1
0
9611
0
2
0
8
1
236
0
0
61
59
1
1087
0
1040
7
0
95
39
567
3
1365
36
0
26
41
6
319
493
0
39
61
22
7389
1
1928
0
0
31
0
4
1
7
0
0
20
10
13
0
1
61
0
2
1
6
1300
5
0
1
0
1
377
17
138
20
57
16
1
0
0
107
0
56
0
107
309
0
12
41
2342
0
265
0
0
98
0
185
35
0
0
6593
383
0
0
0
0
2828
937
1307
1685
3124
331
0
0
3
1
4
292
1
1
1
0
0
0
20
0
1
2
0
15
1
4
1
0
0
268
0
102
0
0
77
0
0
3
52
0
4
0
1
0
0
0
4
59
0
4249
0
11926
0
0
5
3
0
0
25
22
0
0
2317
1
99
11
0
0
12
0
0
275
0
75
0
0
0
3011
0
2888
0
14
0
0
5
226
5
0
75
3
0
0
0
0
2
4
0
0
0
194
7930
7
6
22
0
16
924
1089
0
0
0
0
0
0
0
130
28
0
130
0
0
0
0
2
0
0
6931
538
0
472
1
1
67
1
54
1310
0
1
537
3
181
41
0
0
0
3
12
7
3
0
2
7
4135
21
0
0
0
5742
0
0
315
0
3
182
24
3
23
0
0
2123
2
0
0
0
0
32
0
655
137
45
3
1002
144
0
323
30
407
917
0
2571
3
0
4
10
0
0
6
273
0
1
1095
1322
16
0
35
0
0
4
0
7
0
295
0
0
0
2460
270
0
0
3
1
32
174
0
0
45
1
0
75
0
119
0
5
4
1912
0
1
0
0
2
385
4
6
1
0
29
12
15
0
1257
469
6751
0
0
0
0
7
0
2
5
0
0
223
10
109
49
20
88
0
1
12
243
1
87
36
9
2
0
0
1
344
0
0
0
0
2680
3
0
2
1
0
4713
303
1
10
0
0
1
21
0
0
1
28
6
0
57
0
2070
1
365
0
0
1
3
0
0
0
896
417
5
0
127
26
45
0
0
0
3
25
41
13
0
17
2424
179
3
21
14
3
0
0
5
32
3
4
222
0
1
860
88
0
0
0
4
0
27
4063
0
64
219
68
0
0
0
1
1
0
0
3
1
0
42
8528
5
8
2
0
0
1280
120
53
8
0
0
160
93
0
110
0
2
1
0
6
2
0
6
361
1
27
729
2
0
34
2
5
538
0
0
1
5
7
0
1
0
569
1516
3147
1
3365
0
0
0
35
0
6
1
1
0
0
0
0
0
31
1
4
0
6
143
26
0
0
354
2
3
62
6
0
127
7164
0
1
0
0
32
8
958
54
645
0
631
0
1343
23
349
0
0
1
1
1
0
4
18
149
0
341
65
0
0
0
70
0
22
6072
4
74
77
0
8
0
4283
1025
620
85
3
0
0
43
0
2
2
0
0
5
0
0
0
341
0
56
1
0
0
0
2
233
0
0
2
11
13
33
37
0
0
17
2
2
1
0
1
875
6937
38
0
0
2565
16
2
0
0
0
0
2
9
305
8
153
0
0
0
0
36
0
1980
2
1
0
0
1
25
0
299
205
2293
0
0
0
245
0
0
3
11892
0
0
174
5194
0
3564
0
1
0
1
180
0
0
0
1
0
29
6
712
2
2398
0
0
6
0
0
10
68
5
0
725
836
2
13
0
3
1
49
0
357
1
146
753
5
1
18
27
0
0
1414
0
0
2
5
0
0
0
135
1
0
6
1
152
0
1008
3587
67
0
823
1
2
0
113
890
0
0
7
2
18
0
20
0
1
0
884
61
20738
0
0
501
437
1
1
0
0
0
8
0
0
7
0
2
0
558
44
4
4
0
92
7
0
14
0
2084
2
0
171
0
0
1101
0
49
10
113
0
171
0
4
0
2
22
214
5
5
126
67
0
9
5
0
1548
235
10
47
0
126
0
5261
0
0
0
0
0
0
0
0
211
0
0
0
0
0
0
0
0
1
4511
0
17
0
0
0
7
19
9997
2
1
1257
29
19
0
0
53
2
0
10
0
1131
2
95
8
0
329
0
0
182
0
0
1
189
18
0
0
0
3
0
9
2
0
0
3
326
3
51
0
3837
180
144
0
0
0
0
0
0
0
0
0
455
0
18
0
0
10
7
0
8
4
11
0
2453
0
0
1
14
0
2587
0
9
0
16
0
12
0
190
2
1
0
3
0
1
12
0
0
3556
1011
0
0
0
0
4289
4
447
3
0
1
0
3
0
3
6
570
4
1
1
0
147
0
0
0
1
119
0
88
1
0
0
0
4
2
0
225
6
0
1
0
0
334
48
34
36
0
0
0
0
1854
11
644
38
14
0
346
0
1064
23
2
0
3
1
1
9
76
35
0
0
162
42
0
1
2
471
39
1
1530
47
1
0
129
1
16107
0
0
1
1
0
5
2
3
2009
2
0
252
0
0
0
0
0
58
49
2
0
0
221
4
664
2
73
102
1
14
194
0
0
98
0
3840
0
0
0
26
0
0
743
0
2923
2
0
0
0
4
0
1
1
11
12
0
185
0
0
0
310
0
0
0
3
1186
0
1
1
0
95
8693
45
180
10
1
721
2
2787
32
3
2
0
2
0
905
0
1
2960
0
3
0
40
1054
0
0
14739
286
6
404
0
0
0
0
0
1
549
5
1124
25
5387
86
0
64
0
93
0
1
1
10
1
0
0
4
0
0
0
14
18
1
0
1
18
101
0
541
0
0
0
1
2
21
0
0
0
7
0
0
5
0
0
0
0
8
17
2747
6
0
0
0
0
0
43
1
0
5
0
0
0
0
12
30
2
0
119
0
1609
35
1
68
9
0
1
1
0
5
0
2
0
1
825
3
1
0
0
0
1
1
0
0
163
0
1
1
28
4
4103
675
0
94
0
10
0
2
0
845
3
0
0
0
0
0
124
0
1181
33
0
54
0
0
0
18
12
0
0
68
3
104
8
1658
5535
3
1222
38
0
4371
0
0
0
3
0
0
0
371
551
6
1
120
119
3
233
0
0
12675
8
1703
1200
0
0
21
2
0
63
0
0
0
0
608
1
0
42
28
0
0
0
0
6
13818
20
0
1
1000
0
100
0
2
0
20
4
1
360
3
0
5
1882
0
0
22
0
0
0
1
1
8
3
375
311
0
48
2
1462
24
0
0
0
0
0
1
0
0
0
94
3
10864
12
10
0
1
53
206
0
7
186
0
0
1
0
1
1
367
20
5
4
1
1
0
0
0
0
1
0
16
1
543
15
0
752
3
4
1
998
3
1
0
0
0
39
494
0
3
0
0
11
0
0
0
0
71
875
0
4511
34
0
0
174
14
3
0
0
141
1
964
8
125
0
24148
4
0
1
1
1239
10
0
4549
9
58
16
0
0
4
248
128
0
1
0
4
1
1
0
0
60
19
17
0
0
1
0
3
2
166
4
0
43
0
4
0
1427
5
137
208
0
6054
0
6
4
19
5
183
0
3
12
181
17
1
0
7
0
536
1
5
48
828
0
0
43
4
0
262
75
0
0
0
0
0
0
1
0
428
5
0
0
0
0
1
0
0
0
3
2
117
0
21
4429
10
0
0
0
0
527
186
61
0
13
0
1
0
1
1
168
1
66
85
2
2
43
1
0
39
10
0
0
0
1
456
0
2
5
466
3069
0
0
14
0
3
5522
0
0
0
1
143
0
0
0
0
1
0
1371
11
4
0
436
4
1
8
0
1
143
0
2
1
1
0
2
0
0
78
1
3
0
0
332
0
2
1
3
10
0
64
0
3187
22
8
0
7
35
0
0
7
1
2
0
0
2458
0
2831
20
4
38
81
0
190
0
10
379
0
63
193
0
33
0
0
1
176
0
105
0
5
0
0
60
0
1
36
1
8
0
3
0
140
2
1
98
0
0
7
0
170
2
821
3
4
0
2
94
2
3
72
174
6
0
19
0
0
1
0
3
138
9
2
1
3
6
12
0
3
0
3
1
0
17662
9816
17680
38
28035
2045
1877
5362
31255
31255
28035
12849
163
24133
147
466
0
302
1
440
320
314
2691
2776
28035
1199
2775
320
4191
314
6978
12218
1150
87
0
1612
165
21286
75
1612
180
0
62
1854
509
36656
13618
117
6
4363
10827
12859
320
9560
147
274
38
3439
7735
766
31657
320
16
160
0
600
2
4038
48
2
107
99
1171
1171
48
277
10735
0
0
15
8204
517
2464
595
3849
1450
23123
70
0
811
1704
114
3473
0
5137
1398
2049
2111
1940
11
878
0
0
11
295
826
3
190
5780
2513
5074
39
0
1
32244
15672
2124
99
0
1
36004
225
3
0
25
2370
42
1831
11
389
220
2
64
12
70
42
10134
5
64
5
922
10417
44
39
0
1240
1
1
0
0
60
398
0
542
0
6947
0
1072
1187
0
2
4474
52
0
10
30
111
0
0
3338
1444
371
6
230
16
162
0
446
1
7
208
170
132
161
2
12769
491
15269
0
1
2529
2476
0
71
2607
146
73
5823
7
46
1
849
73
0
14649
3763
8
0
0
143
571
8
15091
1
4
29
2525
4097
668
0
6636
1
0
88
0
5
62
26
0
0
656
26
140
6281
1741
29
31
988
0
3
1
0
0
531
36
0
21989
69
3
1
20
3
10
70
11
3255
3551
41
12
0
256
8849
12
191
251
0
256
3
3
6
1
173
0
0
12335
1
4
7
1006
1
9056
1118
345
3
9
109
29436
224
0
605
2
122
37
68
139
1057
65
0
729
0
95
6
0
91
16607
1
6
308
0
1
9
77
13
8
0
1911
0
0
2
1
760
42
5
9
29
4177
2
0
4670
1973
1036
2
24490
565
174
1585
0
1
0
0
13
0
6
7881
297
361
4
83
1
56
2
3
623
7
626
0
0
75
0
0
0
362
76
14
0
37
391
54
50
0
3
147
23
107
23
14
2
0
1
6
53
2276
24500
1024
1412
953
0
5
239
0
1
4227
12
101
64
0
2017
239
189
62
34
0
0
2
0
0
2
0
2429
0
51
30
6
7
6
18
2224
0
8
93
13
0
1
0
0
0
0
0
0
494
0
0
1
1
41
23
2
0
46
157
1054
486
0
1555
89
1
0
0
1107
494
5
188
11
0
0
4
0
0
913
0
38
162
0
0
978
0
4583
45
0
11
6267
0
528
4
0
0
111
71
979
0
1105
11
0
8
8
0
256
192
0
32
3931
392
5
6
0
533
6777
8685
3
237
188
515
36
0
26
18
0
0
113
1
66
301
1358
62
0
1005
28
221
41
18
1
1
17
85
0
13
0
0
0
77
6483
5
1
7
163
213
515
21
18
31
0
116
0
10
0
1387
7
34
143
0
9
0
5
0
1
0
0
128
247
3
26
1691
0
97
5
12
0
182
0
0
0
2
0
110
0
200
0
1
0
0
20
0
0
1
33
794
19
24
191
5
0
142
0
76
2
0
69
1
0
0
2198
68
0
1641
169
0
909
3
504
36
102
915
476
3
1
0
450
0
4
2601
511
0
24
0
10
0
1600
758
0
0
1
32
21
0
17
158
1432
2
102
446
117
7
0
8
0
1
4221
11447
0
31
4380
1
19
17
82
18
511
0
3
2716
2130
15
68
73
5
123
0
3
0
19
1899
0
1
0
15
3
0
664
0
0
0
410
0
9538
2577
0
35
0
1
2
7269
8397
0
49
39
1
1
6924
43
40
0
138
6
3
1
0
15
47
215
4165
2
4654
9
0
1171
557
11
124
31
0
0
0
3
0
0
276
303
84
1
0
0
0
12449
16
6683
0
0
1
6805
0
0
0
0
14
5197
0
339
7
0
4859
1159
0
594
0
6
8
0
2
3
6
550
4
18475
39
0
5
15205
0
1690
0
36707
8
98
3
0
10
5543
4
12
8125
0
14
1
0
2
0
430
0
1
0
919
26
0
0
3
58
1
0
142
7266
1841
2
5
0
1
20
34
0
1031
0
643
403
6702
3087
16
0
41
4
480
15
0
15354
10
2
0
6
0
71
178
1
15887
104
453
3
10081
0
612
93
70
194
0
1747
0
55
21
57
1731
0
0
50
0
7
87
855
2
7
0
0
8295
75
0
2
0
10
144
35
30593
0
37
0
2
5
36
0
0
129
117
6
1
0
0
4068
35
0
25237
1
133
20265
0
1
0
0
0
28
12
0
0
0
6
2
0
5
0
103
0
0
1
0
816
12
5
17
10
1038
0
0
8
0
0
0
0
0
509
0
87
25
2
24
1
15
1690
0
81
73
2
0
1
1
1522
255
2
652
1
1279
2
59
0
0
0
182
0
1
448
1
20
0
73
4791
10
0
6393
0
825
0
393
0
47
434
761
6252
19
1040
0
0
1197
2
0
1
0
3
1
0
0
160
252
2892
0
499
1
0
259
1
12624
1
2
2
0
0
0
39
24927
6
0
25
0
243
51
23487
3643
49
538
1
66
9
2
1113
144
0
0
156
876
80
0
0
4636
39
55
0
59
2
122
17
342
7
477
1446
303
0
0
2
3
1
0
7
16
0
2
0
45
2
73
1
43
3
22
0
2810
0
7
17
0
0
7
0
48
0
3
124
13
179
4
227
0
2
123
117
3
7082
0
1
23
2
134
1
6
0
323
689
4
7
213
3535
12
15
1
4
0
11
9
0
0
70
8000
1
0
0
37
1
85
1199
70
44
42
15
1
4
506
0
0
0
4
140
1
0
0
0
0
49
18
0
3
4762
52
50
0
3
4621
2229
1508
3800
1758
0
52
19
0
194
1
61
2
0
0
22390
169
0
15
4085
13
133
205
0
1110
0
0
370
3097
2
96
5
21
0
0
169
14
188
0
1
26
3
0
61
0
2
0
0
473
64
233
0
3
0
1092
3
0
0
1
4
0
73
418
1
4
40
1
23
1
1645
20
108
1380
1340
1250
56
1367
0
2
2
255
5
5
6
2
2
30
0
0
0
99
0
1
350
14
0
0
11
0
0
0
3
0
7959
0
94
9
1056
24
15
0
0
14
704
16
0
1833
0
7
0
0
0
0
2562
0
48
0
3
67
0
1
10
15
0
0
0
11718
0
1
12
0
0
0
0
271
1
13
5818
3
31
0
0
1
0
186
17
132
2
1
91
50
0
0
0
108
5
338
9129
961
0
1114
999
6
0
0
1152
0
0
0
33
1
176
632
0
0
0
0
1
96
503
0
22
0
1
0
0
0
10
1096
1990
104
24
583
6
81
0
8557
4640
46
24
200
10
0
17
2385
11894
1
1348
240
8433
159
2
680
2
2
0
0
0
0
9
164
7
4
0
0
2
73
2
0
0
6
2
848
0
0
0
2
0
137
0
0
14
31
480
1
69
0
320
0
0
7
7
1
3098
0
73
18
0
3
1984
759
1757
6
1082
7
0
0
0
0
0
218
200
2
8064
199
259
35
0
0
0
0
1
1
1
0
1361
2
0
0
4044
58
0
2
21
8
153
0
343
0
3774
0
0
0
1
0
2
24
0
7
18
0
0
17
0
6
0
13
22
39
63
0
449
2
1
19
5
25
0
63
115
0
2
23
16
1
64
631
1
2115
0
0
9
0
1
4
3
628
7
0
9
745
6
2
295
12
147
0
81
35
0
2
0
0
3371
0
3
0
0
4
0
0
12
2
6
832
2614
27
0
75
101
6
31
2210
31
3
122
4
24131
7
1
29
311
50
159
1422
2
0
26
62
2
1
250
8282
0
2
1583
0
0
0
2
2
62
2879
0
1
0
1
0
1
0
350
31
27
4
1
0
20
47
0
25
0
94
4
0
83
0
1590
0
5241
1
0
0
0
2096
453
45
41
6
6
0
6376
3
7
0
33
4
0
5
0
23
0
0
11
6062
13
75
5
0
2233
3
0
39
3745
0
0
1
0
9
0
0
0
11
160
0
0
11
19
0
11
0
0
0
0
0
0
0
4
0
12
0
0
0
1867
20
15
0
0
0
0
0
25
11
2
0
0
229
49
0
0
2
0
3745
2
656
29
2
145
75
4
474
60
0
0
0
1
11
28
0
28
0
11250
1673
0
18
0
2679
166
5
201
5
0
11
0
1
0
0
0
0
0
0
404
0
0
0
0
856
0
57
0
0
244
2912
3469
0
0
0
277
64
618
66
1
2
1
110
260
388
56
4033
2
35
0
0
0
28
130
0
1813
0
23
1
0
11
2
0
6
29
70
0
643
0
0
1
0
756
1
0
0
1
0
0
13
1
3
14
2
1
1
0
0
260
0
9
0
0
0
736
2487
163
59
0
6
848
9
0
0
1295
1
0
0
12
1
0
0
3
3
142
10
4
391
0
2
0
0
373
6
22666
9
116
10
0
1
7
336
56
0
0
45
2476
0
0
133
0
0
65
0
1
39
27
1369
0
0
0
3
43
0
11
0
25
1
2
0
0
2815
942
0
51
4
703
0
3
97
0
14
6
368
0
0
0
1
8
0
146
33
17
94
0
0
0
14
1
1
266
0
1
0
0
1
641
0
67
731
3
2
3
1
0
1
0
2
0
1
1
8552
9
0
18
955
1
6
20
188
0
0
17
113
189
0
31
6
0
12
1
453
1329
265
3005
33
129
11
3
1
0
0
7
1
265
5
252
2
0
0
809
539
7
1
0
2
0
0
4
12
40
0
795
9
0
0
53
25
0
1
0
0
951
222
745
0
30
2
0
212
1218
396
1
198
0
0
595
733
72
2
12
1654
5
346
1302
925
0
1
187
0
263
4
233
0
6
15045
245
0
206
563
244
23
6
0
0
1
0
1
115
1
0
20
0
0
0
24
0
0
0
0
1
0
282
1
0
63
1
0
0
161
0
1
2
0
0
1
2
1
0
0
622
0
3
104
2
2
9
11
3
0
0
42
19
0
226
6
14
0
0
7072
0
1
0
8
0
0
1
0
2
0
104
1
0
2
2148
4
155
13
23
2
141
1
0
0
0
0
1
2
1
0
0
542
4
146
0
3
8
31
11
1
4044
0
0
5672
1
0
98
280
1495
0
0
226
14
2186
1323
0
7
4574
33
13
0
7
0
4
30
13
605
22
1184
0
2
963
235
304
484
0
36
0
0
528
0
2
2
13
5
2
2448
0
1
0
0
0
0
788
0
0
1368
181
0
0
1372
2
2
0
6
0
0
16
478
5
42
2
8
0
3454
2
0
2
2286
1
43
15
5
4
0
5
12
388
2313
2301
0
0
0
0
0
1
0
1
32
2111
0
419
37
4
0
45
58
18
195
4
1022
0
0
0
2
51
5
0
1
2
284
61
0
0
63
765
10
40
151
0
13
1
0
391
24
596
11
640
1
0
641
420
84
47
275
0
126
0
174
646
0
52
1
0
0
0
12
6
52
0
0
9
4878
0
124
143
0
0
0
263
4
0
0
14
1
4
0
454
6
600
26
0
13
24
38
44
0
0
46
4
0
1
293
16
2
9
477
78
262
1
0
1879
10
60
3
1
0
2
206
4
5
1
0
1
0
386
0
0
13
0
4
288
0
0
59
41
0
0
9
0
3288
0
1
0
4
99
68
0
0
22
0
0
0
2078
1
0
0
0
0
3454
0
5
1
125
1
2
8
0
13
2
0
0
1
1
16
0
5
13088
8653
0
10
0
17
13
0
0
12
0
0
28
398
0
1
8
0
0
1143
1
268
0
2
0
6
0
1
1
0
0
0
64
195
0
44
4
895
1156
0
0
388
0
0
0
1554
174
0
0
0
13
0
2
1
9
0
0
0
76
757
152
5527
5
59
23
1350
381
0
1
1
5
175
1976
5
13
0
5
0
1
0
394
317
949
0
12
2703
0
2276
0
8
0
0
0
3061
0
14
0
1
0
0
0
15
0
1
0
0
4
0
0
34
10351
141
0
2
2
0
576
1920
80
6
6812
1
4
0
0
0
0
6
0
9
1
0
3
1594
18
3
0
0
21
2
6558
0
208
1
0
43
0
0
0
3101
0
1
31
71
278
2
2
25
0
2
0
50
0
201
0
5557
0
2
0
721
0
1
0
0
8
2
50
1729
1
0
0
14
151
0
2
2
20
9
12
0
0
7
0
47
0
0
0
0
0
1
4184
1
1
0
0
0
0
148
4
0
0
0
0
0
0
0
3
2
0
5
15
47
3
0
0
0
1
4
0
3
0
0
0
0
1
1
209
2
387
0
11
32
36
5
0
3
0
0
2227
4
4
794
19
5
1531
120
0
5
0
0
0
17
1546
34
9
0
5
0
2
3064
15
280
0
11479
0
0
0
0
2637
0
1
2
181
27
41
0
0
2
78
25
53
0
0
27976
1
13
15
1
0
1
33
162
0
2
0
0
4
0
0
5
43
77
164
0
6
12
1
1
0
4
1
8
2074
4265
963
1
111
685
132
50
0
0
0
2
67
3
2
4142
0
1
0
2
8
1
8
110
1
1
3
141
671
0
4
0
12
1
0
992
1561
0
0
61
188
1
5
10
0
1
16
0
3
320
487
12776
3
4501
5
0
12
0
24
3
24
0
119
10
5
5
9
0
14
6285
0
0
5
5
0
822
109
10
82
75
0
0
1
26
1
0
115
0
5
4248
0
29
538
1
0
2
26
1564
0
1
7
522
0
302
2
171
29
2771
0
0
793
100
21
3
0
116
0
182
1
1
77
0
3
5980
0
0
1
417
127
6
399
0
0
0
1
0
6
0
3
2
13
1
3
27
1081
1
1
0
0
0
0
0
0
0
1
0
1
0
0
0
1031
5
0
0
0
28
0
2
0
0
10
0
3
0
0
0
0
11
3
1
76
0
3527
0
147
107
96
72
14
0
64
286
0
2
0
14
0
176
16
6755
4
0
0
3
60
91
8
4
0
0
0
9
3
39
94
960
2
0
0
0
6
40
1
1
0
22
0
9
0
20
0
0
1
36
152
2736
0
405
0
659
287
13
1
1
2
408
25
16
0
158
1
2
276
5
0
2
44
19
0
0
0
170
1
15
1
0
233
93
4
1
0
9
0
159
3
357
29
2
39
0
0
2
0
9
2504
10
0
0
9
2436
0
0
37
7
1
1410
4
0
0
0
179
2505
309
244
96
3
122
165
0
0
0
3
81
0
0
1
895
180
2
38
54
69
0
2140
31
0
0
7
0
2
5
11269
505
183
0
0
18
0
0
1
0
29
0
0
0
0
0
2012
162
232
33
31
0
4549
0
8
43
0
1
3638
0
152
4
0
1
19
0
337
11
118
666
0
0
2
1
1
14
69
12
0
0
289
3
6
0
6
0
9
0
564
0
14
0
0
3
3
52
22
0
2
2
0
2106
3
293
1
23
20
2
955
36
0
3
0
70
2
0
1
3
92
2
0
0
4
0
0
25
4793
3
0
0
0
5
7
2
102
0
2504
31
125
265
42
4
2
2
4926
39
311
2427
306
0
2
0
0
2
0
15
2
94
1
2
0
3
154
7775
1
6
0
0
0
743
0
1
0
0
18
9
0
16146
0
0
85
57
0
13
0
30
10
2
177
0
6722
1
2
0
1
0
6
218
1
0
0
5
0
0
0
273
1843
15
0
7
0
0
0
0
16
0
8
0
2
23
1
0
6
8
0
0
3
1
1
14
1
437
0
1046
46
27
4
81
12356
0
25
37
601
111
22894
0
0
690
0
0
1207
2
0
10
1
0
0
26
0
2
311
1
0
0
1
2372
108
4926
44
0
4
0
2
115
10
5
0
391
0
191
36
0
30
1
1
5
5815
5290
5
238
3
78
0
13
7
0
2047
5731
2
14
0
3
431
0
0
20
68
0
83
32
0
1
1
120
19
0
187
126
9
0
0
44
0
12
4
1
0
9
246
0
0
1
0
12
2125
2
45
175
6
7
75
0
33
0
206
1616
0
2
5
0
3
85
0
77
43
0
0
0
89
0
4
5
0
12
2
1888
1
43
4
0
0
0
0
2
0
0
0
20
0
21
0
71
9170
0
1
211
470
23
3
0
7
44
429
0
0
216
0
310
0
0
71
11
0
0
500
0
0
1
109
0
0
12
1
0
132
15
0
2
7
0
2
0
252
4
1
27
61
79
0
1
1
3383
17
0
149
0
0
0
0
0
0
0
1
0
0
0
0
0
711
22
78
1
21
0
53
220
0
0
0
0
89
468
3
656
2
2
19
1
16
57
0
34
21
1882
0
43
18
5
0
3
1
1
0
0
2
0
12
0
4
56
0
1
21
7
0
0
0
1
9
147
0
2
221
30
0
0
1
36
0
2
73
0
0
2
0
0
5
0
0
34
3
400
19518
2
9962
4
0
0
1
59
0
16
41
1
36
4
15
0
0
2111
0
0
0
6
66
0
0
0
0
0
1764
261
0
3
0
1
53
8
7
0
1
94
1
28
6
1
1
13
2
0
0
84
0
0
92
0
0
0
259
0
190
78
0
0
58
127
6
0
74
7
5
41
1655
1
951
7
24
0
0
0
0
0
0
0
1768
4
1
2
271
0
0
61
5
5
7
1271
1
0
0
0
47
6
9643
0
0
0
0
29
4
2
357
21
0
0
0
29
1
0
0
47
91
0
0
5
12
8393
1
0
50
997
6
0
0
0
0
4
0
0
770
8
0
0
0
1
0
0
26
1
0
0
2
0
106
0
0
10
0
0
1
23
0
1
377
1
0
3
2
732
0
1
19
94
202
63
0
0
60
1
0
64
0
2
0
6
10
0
0
7738
0
1
0
0
6
1
0
48
3
1
13
0
0
244
0
0
3
0
1
6
7
263
6
5
1
1
19
0
11
0
0
0
510
0
0
1
0
1
7738
1
0
0
80
6
36
1653
27
0
21
1
1
0
0
0
6
0
0
3
0
10
62
0
0
1799
264
287
864
0
7
1395
0
23
29
0
0
25
11331
34
1
0
0
0
61
0
3
18
0
1
0
34
1
0
0
0
0
0
33
0
858
0
53
1262
0
0
0
0
17
1085
0
0
1
0
2
1144
0
24
0
0
0
0
0
0
95
0
56
3
79
5
538
0
94
0
1
0
0
7
0
26
24
0
0
254
0
210
0
0
1
0
161
8
2
0
1844
0
12
0
0
167
638
33
650
0
0
0
1
121
46
0
6
0
16
171
2
4
1
0
361
0
1
5
83
0
0
0
0
19
59
0
594
1
84
822
0
1
9
1
0
0
9892
1
2
0
0
802
270
6165
2349
34
1
0
0
4742
5
0
0
0
2379
325
29
0
0
2
4
24
0
0
0
216
869
0
0
6
35
0
2
0
2415
1
2
405
0
1
1
1
0
0
10
0
2
251
20
0
1236
460
0
369
117
0
12
0
4
0
0
1409
4
72
2
0
1
518
0
0
129
0
2
0
2146
2374
0
43
2847
839
2
0
0
0
6
1
0
1
0
780
249
2
0
3
7
0
0
5
1
9
2
6
11
0
0
0
5
5
119
1
0
0
1
0
0
454
36
222
4
1
1
6
261
0
2
761
11
0
23
29
509
34
703
0
11
0
4
2227
0
52
1
2252
3
2
1
1
0
0
2
10
0
0
0
7
4
1617
2
19
0
0
24
0
16
4
0
35
48
0
0
0
0
0
1
0
0
0
0
0
0
0
0
55
4
1
203
187
20
8
13
1
1
4
1
202
3
1
22
2
6343
38
5314
5104
3946
13577
7228
4151
9816
3439
638
274
10316
12859
147
509
38
17941
2045
2143
793
587
8132
12859
160
274
185
247
11430
1060
5088
274
1678
4263
5911
21332
509
28035
105
12859
32397
30
390
9598
297
147
28652
3946
3566
839
1612
8127
56
320
12859
218
12353
268
237
509
9517
11480
218
5104
2632
4716
267
188
1
6
1328
165
600
804
209
1
0
206
0
88
5844
12711
2
316
2
21
13610
5953
895
2318
2194
393
54
6926
1
3640
807
88
49
3982
808
48
544
206
57
266
4675
315
8
6110
4
1
284
57
11
218
39
6842
5953
1024
1
8113
21
21
3451
2
14674
11204
11
4893
0
13
1995
3418
1030
276
4524
0
0
0
0
12
4749
0
73
29414
0
67
410
0
16429
4
0
139
0
7576
1480
8262
2699
134
0
317
96
0
9
64
17456
12
9822
100
4
2236
8
3342
3671
1995
0
0
0
1258
24
1331
4
5157
0
0
1
4
0
7408
2
490
20274
6
3
0
1
81
9306
3589
202
24
0
14
5239
2
11
5682
17
9
2
42
0
0
1
404
128
5
0
558
12
6
2
142
4
835
207
40
2
73
159
2
2
47
0
9536
844
4
11
511
1626
1
0
0
410
244
404
3
2
1
7919
170
21468
185
6910
9
202
674
6
3
0
10
409
851
9276
1
0
7
64
1004
0
2
1
666
6
2861
6822
1
0
164
3
4
1
157
0
271
535
38
10
7
987
70
8
256
835
1004
0
508
9
505
807
380
0
125
0
90
0
10977
38
548
2
60
5
304
3
120
500
0
0
1
0
6
0
2098
2900
4
8
1
1208
247
0
13
376
19
0
0
0
325
161
116
187
4022
4
138
0
1297
9434
0
0
42
13
157
1
0
29
0
5
59
0
19
89
5720
1084
2246
175
84
563
34
24
34
0
1996
0
272
0
103
10154
5
8
1
529
591
20
4
227
0
25
5
6427
1176
200
6
39
11
492
0
2
0
1
581
0
146
1
199
6
73
9
19
4251
28
3
0
6
155
0
14
0
4
2
91
2
0
1736
0
59
0
0
305
69
162
6032
268
0
0
0
544
103
42
1
2
5
0
4
0
8
7
7
0
62
404
0
143
963
20
2
21
3910
0
1538
791
1355
9
476
2
2108
28
0
173
8
223
5
96
257
0
33
210
2
22
0
729
10106
4
1
83
0
33
40
9
0
0
1
20
264
21
153
5939
0
2
50
0
57
1
4823
0
1
860
3
124
0
1
0
4744
1
38
4
1
0
0
30
65
1278
0
26
1
3
160
238
15434
3361
361
0
86
31
396
0
22
111
4
0
2065
298
121
114
0
8
38
94
2
0
788
1701
2747
0
5
2
0
15
86
3901
2
0
545
532
0
0
476
0
2316
24
1
0
2656
5
724
1
30
2458
90
3684
1386
1494
3
1
1
2721
61
0
281
1
0
0
12650
19
233
0
355
163
11
3937
126
442
39
6893
4
0
7813
0
1481
4
58
1248
126
0
6
2
0
7145
2
4
0
3
22
4
3444
12
3
0
165
1129
0
18
6
48
670
1
7
3
31
4
9
23
21
3
854
5
46
3646
1
803
3
4
1
0
2779
318
4
0
654
3
197
184
7
10309
24
0
0
11760
584
12813
1
36
38
22
0
5
443
6
1860
0
3697
2908
259
34
2632
50
132
41
1917
1
0
25510
10
3426
0
15
7
21
2
298
67
24
0
0
8
0
141
0
67
0
0
0
83
4
60
0
631
1
4
0
386
1884
10239
333
4
49
83
6
230
2
9919
0
6613
16
554
8015
1579
0
0
1
29
0
0
0
16
4
1
0
0
907
24
20
7
0
0
95
0
3
6
4
0
239
0
0
65
1
33
1
103
39
63
4393
0
0
4745
0
0
1810
3
0
0
0
1362
13
164
9
4
217
0
5
174
48
38
7
0
100
178
16
0
224
0
0
0
4
18
0
389
0
2
1805
1837
1
3700
17
226
0
0
50
27
4
0
0
8
28
262
0
117
0
47
8
554
0
0
1110
0
2306
3696
2014
0
0
10
5
4089
0
7258
0
49
2
293
4
11
3
0
4
302
201
0
0
1
174
0
1
2
11897
0
0
152
0
0
0
6319
0
19
3
41
0
1087
1
45
0
0
48
0
0
0
107
0
0
21
0
0
5
563
48
1
49
803
3
10
7
1
33
0
95
1
0
0
85
387
5
18
1
22
0
0
111
105
54
45
272
10
0
0
221
69
810
0
15434
0
0
65
1
0
0
5
30
168
0
8
0
0
38
0
0
298
0
0
0
3
3
0
1
10573
4
24
2
5
0
3416
3886
3
3265
0
1
2
298
0
616
1
12
50
7
1
2547
19
0
91
0
0
0
63
0
6
28
1
43
631
47
0
59
1
3
0
10
1
3
20
0
1
15971
0
276
0
4
0
1
8
0
4557
1675
1
1
10
5
1
2
2
94
0
2
0
1
29
10
0
31
0
85
4
2
10
0
17
7758
0
1
0
0
40
5
4309
40
1
7371
636
1
1141
97
0
184
7211
67
0
0
5
526
0
58
301
30
73
0
7
1482
0
125
832
0
1
1
0
2005
115
90
3
29
30
6
2
561
0
245
1
146
3
9
11485
96
479
3
0
210
0
32
0
0
1
5
6484
126
0
0
1
0
4
7
15
8327
96
1
1
25
0
7
129
7696
12
2
4
129
67
98
4
3
14292
649
0
82
0
6805
37
1
900
88
0
249
392
0
0
0
1
1
14
3
13
0
1
17
16
0
189
1
38
834
0
3017
3
0
91
1414
0
0
74
11
0
0
2
0
2281
1
86
3
13
0
1
865
0
1
572
1
1
1923
0
202
186
0
1
27
0
11
0
2
1602
126
0
0
1
288
0
58
21
28
1
0
407
2
30
1000
655
1092
0
0
0
1
0
0
0
453
0
0
0
20
1
2346
65
158
0
0
2765
2469
4192
164
0
0
1
200
17
0
0
0
0
0
4
438
46
1
0
19
3
74
52
16
3329
3399
72
52
13
14
6
153
20
0
0
1
62
10
0
0
0
0
0
0
0
1
3522
55
1
0
2
1995
1
69
0
1
0
130
0
0
1
2
0
0
0
93
7
506
8
66
3
2
5
856
1
3496
0
0
0
0
0
2753
0
60
2219
3616
3
0
204
425
45
329
31
0
84
9
4941
0
0
5282
73
0
743
0
600
4
0
7
73
0
0
100
232
5242
0
0
9
0
1
14
0
2
0
3
85
896
50
0
1
12
171
16457
1
172
0
0
1
122
0
14
13
0
0
2
0
2
0
1659
330
1
161
72
0
1
679
9
6
8
13
12
2
0
0
38
2
0
193
0
0
0
0
74
53
8702
15
0
0
2226
1
422
3
0
0
0
0
0
0
14
321
0
32
2
0
14
258
0
0
1239
0
2
0
191
0
7
9
174
7
0
0
176
0
99
59
191
0
0
635
7135
0
1
0
0
1020
1806
1822
0
12
9
0
1342
22
0
2
4555
207
355
677
141
2
0
7
0
11
41
81
58
74
35
5
283
0
263
4
0
1
1
8355
53
8
939
0
0
0
1038
0
246
0
0
665
13
191
1
0
0
0
51
94
2
131
73
2510
96
3284
1183
0
0
4
3
540
74
1
0
43
28
0
1
4819
4
45
1
0
3475
0
2
0
140
3
2
6
0
1462
4
0
8
0
2
0
0
418
29
0
24
1
467
0
9
0
45
55
0
27
0
218
91
0
12
17
2
0
0
2
13338
348
2201
0
7
6
188
68
0
0
0
39
156
5945
0
0
2
0
11
1786
22
0
0
60
0
0
0
8
4
49
1013
1
605
4
6
0
419
0
203
1017
0
93
693
0
0
1586
150
0
0
0
0
112
1792
0
0
21
1
4
0
38
0
20
4
0
6
12575
1
2039
1
3
22
2
0
0
0
0
0
1612
1
0
13
0
0
7
6
13
5
906
980
3
1
0
0
0
28
0
6
0
72
62
2
0
0
0
113
5
5
80
173
3211
30
0
4
0
1
2342
0
34
1
0
0
5875
0
1591
0
159
1
21
2631
3
50
32
332
2
7
206
0
488
11742
24
27
68
5437
817
631
0
105
1811
0
219
609
216
104
103
258
1
0
0
0
0
4
1482
0
18
3
0
41
0
72
111
1
0
225
127
100
0
1
2348
0
1
0
1
0
232
72
2
0
2
0
2
0
154
1146
7511
80
1
34
0
19
1
1
31
94
30
2739
2
0
0
2
24
190
4
0
10
0
1
38
3
0
2
0
9
18
0
217
0
0
0
2
0
42
3726
812
0
7
3
0
0
2630
46
1352
6
0
183
0
1
0
3
23
0
0
2692
23
2
0
1
0
226
24
24
0
0
267
0
1
1083
0
165
2081
0
0
3955
0
0
0
35
384
20
748
3
542
0
91
66
79
0
277
0
4
0
6
4
187
0
10
1
488
1
267
0
5
1
257
23
7051
0
58
4
12
35
11
1084
343
766
0
18
0
56
0
2941
5274
0
462
1
1
0
85
0
23
0
72
6
2
35
0
119
0
0
0
92
192
7
0
3531
41
1
359
42
32
5
0
0
132
224
18304
150
0
14
1
31
31
0
1
1
0
6
6555
0
2
0
0
0
334
1
3
276
2
0
0
0
1
112
0
1
66
663
4
1
3544
0
0
0
82
7
44
439
0
0
7
11
10
1
0
2
24
0
114
103
0
0
6
0
6
1
8338
150
33
0
7
0
114
0
3453
8
1
0
14
1
0
10477
18
0
280
0
0
931
0
0
0
0
9
0
0
0
2
1093
0
5575
628
184
170
204
0
3
5
175
0
0
1863
70
0
1
1167
1
16
2
0
502
4
0
0
153
7
0
8
1
0
4
64
12
0
1056
0
4765
20304
0
31
56
0
0
0
25
2
89
145
0
5
1
0
61
1
1
107
114
14
81
0
11
18
3
0
202
53
7
1
6
3347
0
14
66
7
0
7
0
0
0
144
0
39
0
1
258
9
0
34
122
488
0
0
34
0
0
5703
24
0
11
1
63
0
0
0
1
0
62
24
0
1
0
0
0
0
1
0
93
1923
4
0
5
48
52
0
0
0
0
1
12
1
4
2
2
2
1
0
550
1
48
0
6
0
20
8
0
0
136
0
52
1
0
23
0
0
94
1
99
0
0
219
25
2
78
29
14
5
401
2
0
0
82
4
4
32
5
0
0
264
1
66
1738
0
0
1
0
17
585
1215
57
0
0
0
0
1384
2
90
1
116
0
0
1
210
1
2
0
41
12
4
0
0
0
0
0
16
1622
0
0
5
34
1728
3
7
1907
0
1
0
48
6
1
8
249
115
6
0
795
32
39
327
246
1
0
2158
33
4167
2081
0
0
0
0
0
0
16
0
0
0
0
1
89
1
0
13
0
16
0
121
29
238
1425
0
8368
0
2
0
8
0
0
105
0
1762
6255
0
1
0
4
4
0
7
6
298
0
58
6
4825
0
114
8
120
7
1
0
5
6
0
51
0
5
25
1
8
0
6506
14
3
0
2513
53
80
1298
0
0
0
0
1128
3
0
2
0
0
6
0
0
0
0
1
124
352
5
3
55
0
0
11
26
64
1228
0
0
2
0
0
102
0
1
0
776
1
43
16
7
1392
0
0
0
0
3
468
113
611
59
26
3
349
0
0
1
0
0
53
2
0
1
229
0
0
3
57
580
0
22
0
0
1
2
4
0
57
0
315
0
0
590
1
0
33
1
2
0
1
1421
5
1
0
1110
1
9
1
209
0
0
111
0
0
3
1
29
2
5
0
0
0
2
6
2
0
737
0
0
0
2147
0
22
4
5
1
0
0
3
0
0
483
1
7
1
13
18
0
3
0
0
3
0
0
0
0
4
0
6
556
1
3
0
0
0
880
357
2
1
1
1
1285
61
0
0
15
2
0
229
0
0
188
0
33
0
1
0
0
0
7
26
1
0
46
4
1357
25
9
21
0
0
733
18
0
77
7
0
11
2
0
0
0
0
1
0
57
0
1
3642
1
0
0
0
1
2
11
895
13
1
1
2902
13
86
4
7
1
1
0
0
1
2303
312
56
0
0
3
12
52
1
0
0
182
2
3
0
0
0
19
4
4
3
11
0
0
20
1
3
319
255
3556
0
8
0
14
0
0
0
2108
71
268
0
0
0
2102
1
12
29
0
40
19
0
23
18
5
72
2
0
0
327
134
970
0
448
2
0
265
11
968
0
2
16
0
19
0
8
33
1
0
246
1
1
1148
0
62
14
0
0
0
1
0
0
51
0
7
0
0
9
0
12
0
0
4
42
198
25
1
1
4
0
1
0
0
1509
0
0
11
1
10
1677
10
0
6
8
2
57
0
142
1
1570
0
0
547
1
0
1
20
0
0
53
3
0
0
3
1
14
0
63
0
54
81
1
0
3
0
0
5277
99
6
0
25
9
0
1
0
0
0
597
463
7
2
0
1
0
2
12
0
1
0
4
4
1
14
3
2
46
1
1040
0
0
0
0
0
2
0
0
37
1
0
0
1
1
2723
0
219
0
0
2
1
11
3401
5
0
7
3
0
0
515
2
0
0
0
27
3
0
0
2
0
0
1
152
1
0
2002
3
0
127
8818
0
0
1
8
440
0
0
35
1
80
6
50
4
3
16
23
0
0
1
3
0
0
1
29
0
0
273
29
1
0
0
0
0
279
0
1
6
117
22
0
10
0
0
0
0
0
0
0
0
63
165
1
8
0
0
0
0
97
16
0
0
0
429
1507
11
48
0
6
11
0
1
0
319
0
5
0
2
1
17
459
8
0
4
1
0
0
14735
0
0
0
309
0
259
1
0
779
18
0
0
0
3
877
2
0
0
15
0
4
0
0
0
29
6
0
7045
1914
0
1831
2
0
0
8
0
1
0
1
0
8
0
0
0
4
4
23
60
0
0
3
1
28
0
3
0
0
0
0
0
221
0
0
3
474
1
3
2
351
0
0
0
41
762
2
0
0
1
0
1
4
1
7
29
8934
0
0
0
254
0
14
0
64
0
8
0
0
11
3
236
2
0
0
1
79
4075
31
0
0
0
14
781
273
0
0
87
7
1
0
1
129
21
0
28
0
4
5
0
0
3
2
14
1271
1
1706
0
1
4
71
0
0
0
23
0
0
1
1
10
232
0
0
1
27
0
0
64
141
0
0
2
0
4
4
0
0
0
0
103
1
2
2
0
0
0
10
233
0
0
1
2
1
1
0
0
0
0
3
0
0
88
1636
0
0
52
14
2
1
0
4915
26
403
0
0
0
0
0
6
0
1
0
293
16
16
686
2
1
0
29
0
0
2
1403
0
0
2335
11
0
0
1742
0
0
0
2
13
0
1
7
11
0
67
8293
0
4
1
2
8
0
3
2405
2
737
0
0
0
59
116
1
0
0
0
2
1
94
13
0
11
0
0
0
2
0
0
329
0
13
0
0
2
1
55
0
1
2
0
4
41
9714
0
0
343
0
1378
5640
0
1
5
32
2
0
287
8
3
0
55
602
0
0
0
124
0
0
0
96
0
113
0
732
29
51
104
0
24
1
0
88
0
1
0
3
0
1
1
21
0
0
0
4
2
0
0
1827
2
112
0
313
98
0
12
697
479
2
9
204
11
0
0
0
0
0
2
4
3
0
0
0
3
0
29
2
0
0
24
2632
0
0
0
0
606
0
22
331
21
36
401
6542
8
1
308
2
0
491
8
384
0
3
0
50
0
0
2
3928
63
2563
0
67
0
13388
0
0
0
0
79
0
0
0
21
6
0
0
0
63
143
0
0
0
0
0
30
317
2
454
71
39
0
9268
2245
8506
8
0
532
3
34
691
7062
0
0
441
0
3
0
3
46
0
0
0
1
0
0
0
1
94
11
5
36
0
1
0
0
0
2
4
47
2588
0
3
0
3
603
0
0
1
17
1
0
10
8
1
0
0
0
0
0
407
0
0
6
1
0
2
13329
51
0
0
0
0
4
0
2572
0
0
0
5
3455
0
7
2
0
0
1
176
1
0
1
0
0
3
0
3
0
1071
2
0
2
32
119
11
0
1
0
157
7
0
3
416
2706
2
0
21
142
4
10467
1
4
1
6
1
0
27
0
9
1
0
684
5070
0
1
0
1
1
1
0
550
4
0
0
1
5
0
15
6
0
0
0
0
48
1
338
0
0
0
4
0
0
12
0
0
54
9
0
0
2
0
0
31
0
0
0
0
2
0
0
12
5
0
9
0
0
0
0
0
0
179
1
154
0
1
3
0
4858
0
0
0
540
20
0
1
0
0
0
19
5
0
0
33
1
0
0
3675
1
0
10
0
0
0
0
10
631
0
29
0
3
4
0
0
5
83
11
5
46
0
0
1
0
0
0
0
1045
2
10
1
0
0
0
0
4
1
60
0
16
190
467
4345
178
0
0
0
2
1
12
2812
0
0
0
2
0
0
140
0
65
0
46
3
0
12
1490
0
0
0
1
2
6594
3
0
0
1564
1
139
0
6
0
2
0
502
3
0
0
0
0
0
0
19
2
102
815
6885
0
0
0
0
0
3
2
0
9040
27
318
3
0
9
0
0
1407
0
4
0
0
279
427
2094
283
3
10
1
0
686
57
1
12
0
0
0
0
3
2
73
3
0
0
0
385
2
71
1
2
4
0
0
525
0
0
0
0
2600
698
0
0
3
0
0
4
1
0
124
2
0
8
0
131
0
2
2
82
0
0
0
3
121
0
0
0
210
297
17
7
0
11
923
0
3
0
9
5
0
0
0
0
0
106
4
0
0
0
1
0
8
0
0
0
0
0
0
0
0
2
0
0
0
0
0
1
1
1
3155
0
0
1
0
5
15
2
2
200
0
1029
6526
1
600
0
24
0
2
10
0
0
5
0
807
0
0
1
28
34
7
0
0
0
0
0
0
0
0
180
0
1
0
0
0
0
3
2
129
543
3
0
5
4
51
0
32
12
116
358
8
0
1
1
1
1
535
80
2
0
0
1460
19
44
1
5
0
0
5
0
3
357
0
1011
3
0
714
14
31
4
8
1
158
1
0
208
1
2
738
11
382
0
0
1
0
0
0
0
31
0
0
22
0
159
10
2
0
1
80
0
0
12
0
88
182
2
19
202
54
0
0
0
0
46
65
0
7
21
0
6
0
0
14
0
0
110
3109
0
8
1421
502
237
1
6
1
82
0
3
0
1
2680
12
16836
76
41
0
0
1
6
3
0
460
0
2219
559
0
0
4
3
2
0
18
0
3126
0
182
43
22
0
2
0
34
0
80
0
1444
1
51
149
2
0
0
2
0
1
67
0
0
0
0
0
4228
20
0
1
0
2754
371
27
0
293
0
0
0
3
0
31
628
0
0
411
4
759
0
1
0
0
0
30
3
0
1
0
14
1
2
0
114
1
37
1028
1
0
0
1
0
0
0
0
12
475
18
0
2
36
4
1
2
106
501
36
0
2
1
76
0
41
4
7
0
59
13
56
11
0
8
95
78
912
1
338
10
0
0
5742
0
67
462
1233
0
0
327
0
707
0
121
0
0
0
3
0
0
0
0
2
1612
14
24
43
90
0
453
0
893
356
0
1
76
0
0
0
3
260
1
1
0
0
10
320
5104
6222
314
38
2692
845
12859
603
7975
29602
18591
297
31958
1887
797
38
9517
3570
45130
20921
1612
1612
16806
14852
19046
845
4238
9598
11915
46237
15374
5104
6
3869
11294
274
17113
320
3775
9598
15682
4218
461
147
4220
20174
17522
14868
797
4298
12907
13404
17109
6803
188
5104
530
5911
3220
12859
28
10532
5773
2277
6652
0
791
6279
145
1
1334
12387
565
7
0
8
6135
40
1
18
3451
917
5
534
11
11
11
1
826
2
10
315
0
63
17
422
400
0
397
3640
243
7785
33
315
3
1
0
2330
70
13
14
22
33748
115
16
24774
63
8140
1
0
143
49
161
299
1835
104
2923
22
4
305
0
52
1011
71
0
26
404
69
0
8
0
18746
1
25268
0
193
6301
242
30
0
7625
21766
1
49
0
5552
322
61
5
3
0
1259
10474
134
4
9
0
5552
19226
2
20977
0
690
520
119
3899
32
6
2356
63
3
1
1
0
89
96
0
54
0
8
51
9
6928
96
0
39
275
0
9
25
1829
0
2
844
43
3
34
1987
74
1615
302
1096
740
26
278
0
6448
4
3
1
10
0
0
392
1049
2
1840
142
70
151
3
70
3
22496
29
363
95
0
1
63
13
35
0
27
109
3
13
277
0
14615
14
1
0
275
68
0
7712
0
3584
1
157
10
110
7
6
0
6109
807
9
605
6
445
626
0
0
0
6
1610
827
373
312
456
22
54
17
43
21
1961
34
212
0
38
454
912
322
0
1509
1420
0
158
1
1
0
27
0
4
0
7
16
1
1227
10374
163
8
161
1
0
64
39
649
1
124
185
3
18
15
289
0
0
5501
142
175
3295
767
0
0
7838
82
0
2
0
0
28
2949
0
2
0
2032
0
0
6
7
0
735
0
153
1
0
0
2
7
10
3591
4202
0
1
0
50
0
0
46
0
1
3359
2
735
296
1137
0
17
141
0
0
0
12
7
0
0
623
3
186
13
0
0
3
69
0
0
1192
991
7
349
0
1
0
59
0
7620
4
0
0
2
10
0
4
0
4
34
272
44
0
0
0
1
166
1150
1
84
2
4
327
0
18
23
20
11
0
537
0
0
62
7
2
9
13
323
1583
0
82
5
11
139
5
6
35
0
3
0
6
264
43
0
4111
62
411
4507
11
0
49
0
1
1690
42
8
10306
11
1157
3982
38
4
1
1
0
1
0
0
1627
0
0
268
0
0
0
31
0
1
0
1
0
8
37
0
1240
0
0
491
0
8274
27
25
19
0
53
1960
158
0
4
1
7
0
6
417
8262
1307
0
2199
6
0
0
0
102
3950
0
142
1
905
1096
2
524
9
6
0
33
0
0
8592
209
3
129
2
261
0
0
204
30
32
11
0
3
3194
5
477
101
669
2
1
110
316
0
33
0
11
1610
5
1
0
3
426
1950
29
1290
5
24
2
0
2248
3
420
192
394
0
347
0
0
0
479
0
0
41
0
0
1879
19
1
12
9
40
13
1
104
97
440
11
6
0
1
1228
15
0
0
0
4
29
1
3
3
0
12
127
0
0
59
155
2
510
0
16
402
39
4247
0
0
0
12
0
27
4
404
0
0
377
0
819
1
0
44
410
13
9
0
1
163
1
0
0
77
0
0
0
3
0
66
646
0
96
32
0
1
0
1
0
5
601
0
0
0
1005
1
10
24
1
0
0
56
0
6
0
0
1613
18
215
214
0
20991
761
2267
45
2
623
1
0
0
38
94
1505
58
12
98
157
50
16
50
2
1018
1
0
0
0
4
0
0
1143
836
136
0
0
7
9
0
208
8
0
5
10
243
45
4
332
0
163
0
0
11
3
1
72
68
0
1502
5
136
0
5
0
1
71
1
1
5
144
0
486
0
0
1588
6
1765
141
0
3
5
1
8539
0
0
1597
23
0
1
218
0
0
3
11
1430
1
23
0
4
18
1
11926
2541
8
3
3
4
2
12
1
78
0
0
69
26
0
7
8298
0
10
1203
1
0
1165
0
0
12
559
121
16
25
5
0
1
340
0
5890
0
0
0
2
3
0
546
313
0
84
0
35
1
35
10
25
0
8134
0
583
20
5
18
0
143
386
20
0
9423
0
156
14
0
0
1
309
29
0
93
0
0
75
11
11
3
105
4723
0
64
131
1441
34
2290
0
0
1
64
116
0
8
18596
50
39
0
0
2
1
181
0
0
0
257
0
2
114
166
1
0
0
0
0
3
1051
82
0
0
1
8
23
1
0
21
0
36
2037
0
0
1752
1
0
295
1
0
0
15
601
0
9
0
0
33
1
78
15
96
1
7815
0
61
79
3695
0
250
39
0
0
12
1
76
2717
0
12
11990
10
13
472
0
1
49
0
4429
2
0
91
0
190
0
9
0
233
1
39
16
3
21
20
2
0
2010
4
29
102
195
2
96
43
0
10887
76
4
1
2
13
1
5065
0
4
113
1
136
16
0
413
0
36
0
16075
274
2145
0
0
0
35
375
104
0
4
28
0
44
1
1294
0
7
134
73
181
4
1
21
1
23
12
2
0
13849
4
8
44
85
0
0
1
1367
0
2618
2
0
0
1744
78
1
5
111
350
416
15
61
0
0
0
0
0
0
0
0
40
260
6
2
40
1
0
0
72
0
392
451
54
0
298
8
492
5
2061
22
0
1
2
7
6
78
32
1
2
1
572
0
6
13846
1
0
13
1
21
0
8
43
0
616
12
738
0
56
0
49
130
0
2
0
13
17
0
58
82
5
0
1
0
61
36
0
1
5
2
2
0
12
0
1754
139
7
847
471
2
0
40
1248
6
0
0
0
0
2
0
14
0
0
0
0
3
3
0
28
364
1225
214
1
21
1119
1
0
138
1
105
2661
0
0
0
99
5
24676
0
0
0
0
1
0
14
0
0
4
28
157
171
5557
0
5
1
12
1
4
2
40
3182
2
380
0
0
0
0
0
0
1
3179
88
109
1
0
1
0
15
1
386
48
14
0
48
0
134
850
3
0
1920
737
0
0
4
2
661
1
12
163
0
0
0
0
194
1
18
820
0
0
749
1
4
3
1
28
256
0
1481
1219
2
162
13
157
114
3
9326
6094
0
234
0
0
0
0
71
3630
0
521
104
30
0
1
0
338
0
3
0
0
0
653
0
0
2
0
6
298
0
8
754
6
29
0
0
1
0
0
6995
1959
216
6
1
20
15
2
0
46
0
0
1
191
24
2
23
103
1
0
0
0
7
4
155
1
1110
4
9
0
0
1036
4
517
0
26
664
36
0
1
1
14
0
2
1276
5885
66
0
34
0
44
0
0
0
3
13
5
0
33
24
547
3447
0
2
145
8
4
0
550
1
0
0
0
0
1
0
0
78
41
346
132
0
1
0
5
4742
0
80
0
286
0
138
0
0
2
0
7432
1
2
1
0
2
0
3
0
111
0
1
1
44
0
13027
1723
0
187
6
0
0
0
1
4
0
95
23
1
249
2031
5
0
0
67
0
0
1
2
8
4
0
4
0
0
0
165
0
0
1
0
0
17
2425
153
921
10
91
0
11344
15
0
1369
0
8330
0
884
38
0
13
19
1197
0
6
4
0
951
1
53
1210
0
0
0
22
1158
630
6
8119
9
35
86
95
43
0
732
1
0
2
5
7490
74
7173
202
1
1
1842
4
3354
16
10
889
0
7
67
132
0
226
0
6888
4
34
0
14
1
0
0
0
0
30
13497
106
1795
0
598
0
4
0
4
0
0
0
5
56
14
18
0
0
51
7
9
0
2059
0
4
0
0
9202
0
0
1
2634
0
0
288
6
5
617
2
0
37
2
1952
4419
1
8
4462
610
0
2
0
0
2422
1
72
587
34
0
1
0
0
5
133
199
4
0
2
2
1
0
1
189
0
9
32
1
348
10
8
0
3
1
2
176
0
0
0
3
0
3
3
20
0
0
16
56
6
0
0
0
2
2
0
1
0
1984
0
121
257
407
3
20
10189
2
56
0
157
2
156
0
13
29
271
3
84
0
0
1
178
0
0
998
0
1
0
10
2
0
136
390
2
0
3
1
13
0
4
187
1
0
1
0
0
1
269
0
0
0
57
340
0
2
1
176
2743
4
0
0
1
3
2
0
1
23
9
0
0
60
0
1095
0
1810
0
0
0
115
0
4614
0
0
432
5
0
0
92
0
0
1
0
1
0
1
7
34
0
5
0
0
0
4
1
11
0
71
2
157
1
0
25
5
23
6
1
0
6
8718
0
4
298
158
194
0
1071
0
1
1
0
0
0
2
1875
0
264
0
565
219
5
0
213
1
472
1043
0
77
5
640
4
1
3
31
17
0
1
0
0
70
0
9
13
597
1
3
1
2
889
0
0
0
5
0
1
1
0
79
0
390
0
233
1
171
1
1419
0
8
2533
0
17
10
1
0
1
1526
3733
55
5373
53
0
1280
15
0
12
0
1164
0
107
10
0
0
0
1
30
0
1
7
12
74
0
0
7
65
5
12
670
11
1
0
7
0
0
0
665
65
17
0
21
0
2
3
0
28
0
19
0
0
2625
0
1
320
381
1035
0
4
0
2
1
87
982
0
19
0
34
61
0
0
0
0
3
0
2
6
0
4
0
7
0
5
0
0
27
0
0
1
2327
0
1
0
0
0
0
2
1
7
1
0
1
0
197
0
2
0
698
60
842
31
2
0
0
1
51
2547
1721
337
3
0
17
11
0
2
69
5
1
86
0
3
0
0
15
0
28
0
9
0
0
390
0
19
0
1216
0
1
540
1
0
0
0
1099
1851
9396
0
0
0
0
2
3
2
109
0
1
3
16
0
0
25
0
8
8
169
1
1
0
0
0
5
2
4
2
726
0
0
1250
0
20
2124
40
0
292
5765
8
435
0
93
0
0
14
22
2
2
360
0
8118
22
6
1
1
3
947
0
53
1
12
3
83
0
8
0
9749
2
0
2
0
207
8
0
3398
9
629
2
77
3
0
10
0
14
1
155
1
34
0
1
456
3
0
2
189
0
13
2
44
6
0
0
44
13
0
19
88
2
62
0
0
0
288
0
174
626
1
5
10
57
1026
18
0
0
14
43
0
287
0
2204
16
8
0
0
721
21
0
0
1
0
3
9
539
7
0
3
1100
5590
36
0
0
0
1496
534
2
0
0
0
0
566
0
5572
0
1
1
0
0
4
0
2928
1
0
2
592
8
3693
45
0
0
0
307
127
2
0
0
5
6
23
0
2
3
7
4
1
0
7
346
266
2
1
6
1
0
0
26
9
51
0
208
25
185
1
12
77
4122
2
4
0
29
28
0
1
6
17
39
40
4
1224
1
1064
0
4
0
0
0
0
249
1045
0
4820
10
0
5
13
0
0
3
0
2
1
0
10
0
0
3
0
38
1583
7
1
0
68
70
15
0
2
5
0
8
8
1
0
0
417
0
268
0
1
2
0
5
0
0
68
0
0
1530
6
4065
0
0
2
0
1
785
14
3
0
37
305
2
14
5
2
810
0
10408
0
0
12
1
3
0
0
19
1
1
5
2
1
0
3934
923
108
4
1
5
0
0
65
651
10
0
5
0
129
40
3
1
60
0
0
15845
0
7
2
12
34
0
14
1208
1
0
1293
1
35
48
7346
0
6
1279
705
13
2
2
0
1
4757
1
0
0
0
1
11
32
1
1
0
0
439
16
0
0
3
0
3106
32012
1
141
0
1
2
54
57
21
5
0
0
1
0
53
0
0
0
430
15
56
0
0
3157
0
0
0
1
0
0
6
0
44
1
135
0
2337
51
1
4012
0
0
0
1
93
146
0
0
0
0
3092
6
7
93
0
13
4
0
0
0
1
2
61
0
0
2
0
1
14
0
105
1
54
0
0
10613
9
0
19
7
0
1
0
0
1
37
2
1
0
97
0
0
8759
0
27
33
22
0
874
6
343
10571
15
0
98
70
2
5
3
0
23
0
4
2204
94
2
0
0
0
1
0
886
0
10
0
2
0
2
392
0
8167
1
16
0
0
207
0
9
19
100
29
3
1
128
1
0
5
37
58
119
3492
0
4
0
0
0
2
0
67
4
183
2
4
84
1
4
179
0
0
0
1
724
0
1700
0
0
0
0
1055
18
149
5
9
2
45
0
145
1
64
8932
0
2
0
38
66
34
4
3
0
29
0
8
0
1
1
0
7
0
4
1280
1289
1
0
0
46
393
132
641
0
2
4051
6
39
3562
17
29
17
3
5
4
0
9
119
20
1
0
0
1
0
0
0
0
0
0
0
1
1
0
0
2
1
1
3
0
55
0
0
188
0
6
0
0
3
3
10
0
144
5
6
0
0
1
1
1
0
112
0
0
73
0
6
1
63
295
1626
8
0
1003
7
0
3
3
40
201
0
0
8
25
65
2
0
7
0
0
2
15
1
0
3467
51
0
18
21
131
5
0
39
40
21
189
0
0
0
0
160
0
59
2
72
574
1
21
794
1
0
1
9
0
2
3
189
47
3860
2
0
1
0
101
0
264
25
164
68
2
2
8
3
1
2
0
0
0
41
1
110
7
0
0
76
11
1
0
51
4
35
0
2
468
1
13
0
0
234
0
129
43
0
2
1
7
1932
1
24
0
1557
1227
0
0
126
9
31
0
7
402
135
0
34
115
184
0
0
345
2153
4
0
1
306
0
1
4
2
31
0
0
41
2
491
0
58
1
0
58
0
16
21
0
11047
8
0
2
0
0
0
151
182
0
243
3330
801
1383
6
0
0
367
8
12
6
44
1
210
1399
28
3
0
4
700
3
3
0
0
0
0
42
0
0
34
266
4
37
1
0
0
0
2
112
0
1
11
1
0
352
0
125
11
0
0
0
0
194
1
0
667
0
0
0
623
0
17
0
1
0
0
1
0
427
0
21
3
0
0
1172
5
2
0
1
2
156
2
0
15
353
1
0
29
11
0
0
0
0
1
3
617
338
5
88
0
22
0
1
2
0
31
0
0
8
12
0
8
0
0
0
0
303
11
4
1
0
0
0
0
2
2
1230
239
0
22
1
4
0
1
8
0
3
2
5
606
6
577
10675
0
21
0
8
1
160
0
653
2
0
12081
0
0
0
0
49
1
85
20
98
0
6
1
0
52
0
1
1
0
6
0
26
76
0
0
14
0
0
20
3
58
108
0
0
36273
24
2
0
3
0
206
84
1431
13
0
1
5
76
120
0
0
5
13
92
2
55
43
28
2
4
1
0
0
1
95
5
0
0
0
2489
567
9
0
4
0
13
1
5
1
0
0
11
21
1359
0
119
0
0
0
438
17
5
0
72
1
6365
1
0
2411
0
3
1
10
0
3
8
1
5
0
6
382
3
446
4
16
0
4
0
2
4
5
0
2
0
1
0
49
13
0
54
0
0
7
1
8364
0
1
1040
246
30
1
33
15
0
0
3
0
0
95
9
0
0
0
12
64
0
403
1
1
9
0
1
6
4
294
454
2
635
35
1
3
41
0
0
1
1
4
27
279
5815
0
23
2242
11
38
2
166
57
3
3511
0
424
0
411
0
0
1
130
196
18
0
0
1
0
875
4
0
0
0
0
0
96
0
0
3610
0
0
0
0
1
0
409
0
0
0
0
1
13
1
2334
0
2719
7
150
10
2723
28
0
3
27
0
18
161
16
1
6689
44
1
0
0
0
7
0
17
6
0
509
2
0
0
46
0
1
0
0
0
0
0
1
20
0
0
11
14
71
26
0
181
518
0
0
0
6
1
186
1
0
0
0
0
3
0
0
1
1
0
6
149
0
0
47
0
9
0
0
1
315
154
7
6
0
0
0
2
15
0
3
0
6
60
0
1
17
0
1
0
4
1
26
2
3283
12973
0
7
0
0
31
1
9833
0
64
837
9
0
0
0
1
3
1
46
0
0
5
0
101
0
2
2
0
0
3904
4
76
0
4
4
22
0
2
41
1
0
0
25
0
0
2
1
0
4
4
74
0
2
0
1
0
0
0
2
0
0
56
1
5141
1
0
13
0
0
0
0
113
82
0
7
2
0
0
1227
469
0
3
36
1485
5
0
0
1
0
5
1
0
4
0
13
3
0
3
16
1
5
1186
0
3
0
0
142
2
0
0
0
5
5
1
0
0
9
54
115
2421
971
0
6
1
0
42
1006
168
5
1
5
578
0
0
0
0
288
1
1
67
2
0
0
2
51
1123
0
87
0
1
0
2
3973
0
74
0
71
129
0
391
0
0
0
0
61
13
0
6
50
0
0
198
23
0
0
7
1203
0
1
0
1
0
0
0
2
4309
6
0
0
652
21
55
1
0
2
1
0
1
1
2
1
0
0
169
0
0
1544
12
6
0
8
0
1
0
444
739
0
0
17
2
27
2165
1524
0
0
43
1475
9
6
1
0
0
0
0
0
27
2
1
4
19
0
26
2
30
8
0
0
0
572
34
8
0
12
19
53
0
112
0
1381
56
0
0
0
0
1
0
0
654
0
0
5
2
321
0
319
2
0
100
0
0
6
0
6
1
0
46
18
1
4
20
2
0
8047
1
559
62
8
0
0
5
6
0
0
0
2
0
0
1
1
2
7
0
0
0
54
0
310
1
0
0
1
0
0
1
0
0
147
1
0
0
82
32
5
0
0
0
82
0
0
11
0
0
0
1
2
0
0
0
0
6
439
0
5
0
5
6
0
0
46
0
0
1
1
1
187
199
0
0
9
0
3461
1
0
0
27
0
0
8
27
0
23
0
54
1
1
0
0
0
0
0
0
0
0
0
9
5
0
0
0
0
0
0
0
22
13
607
0
1288
9
53
21
1
1
28
0
0
0
102
14
274
0
236
1
3
0
40
13
1
37
0
0
0
2
2
206
17669
737
352
1
0
1
38
4
3
1
0
3
150
0
0
0
0
321
0
161
1
5
0
0
39
0
0
0
0
8
0
9
33
1
0
0
288
0
280
14
6864
103
244
83
11
0
0
101
7
3244
5
1983
2
1570
0
0
42
4
256
1
61
1
877
0
4
37
0
264
0
0
3046
0
29
9
0
2
40
35
0
435
28
0
8
5
42
479
0
0
0
0
0
13
0
5
392
1
0
3
0
5
0
5
9
2
1
0
19
0
0
0
1
0
0
0
1
277
5
4
177
1
0
0
0
15
0
1
0
3
1054
6
0
0
0
0
2
0
536
0
59
3
24
1
0
378
1
19
0
4
1
3
10
3
2
0
0
0
278
10
0
0
78
0
0
0
39
766
2
0
2
25
5
1
188
0
1
3
4
2
66
5
2
33
67
7
0
0
28
5092
4
0
15
0
1
26059
0
1
0
0
3
6
0
71
0
6
11
0
0
1
0
13
0
10
40
0
3
7824
0
0
0
33
0
0
9857
10
0
1
0
0
0
3
31
0
1
116
0
15
0
0
1595
0
15
136
0
0
0
277
4
0
1
6
23
63
39
0
17
1258
8
45
0
278
12
1
2
1
0
721
0
218
1
1646
0
1
0
3
0
1
0
14
1335
11
1
0
25
0
1
0
436
1517
1
765
1
0
13
9
0
14
4
1
11539
0
10
14
0
0
899
15
1
7
0
0
0
151
0
0
2
14
424
3
11
99
0
21706
1202
0
0
0
4
0
0
0
0
0
2
2
6952
15841
100
8410
2315
13755
5302
530
1918
22456
278
100
21918
16
320
153
14604
5706
61
839
61
100
19956
12859
38
355
3542
509
0
6
119
5220
842
14976
274
18525
44761
22972
268
1621
160
5031
40353
4327
87
320
847
20875
1060
17201
11027
87
320
320
160
38
7659
320
21619
147
1175
14314
2045
5104
10
39
8028
18472
2670
1043
0
727
670
2
39
1845
53
2883
76
10
2
581
109
184
109
6029
14
6398
4716
13885
3
200
2886
0
4279
20086
6
20940
1594
0
30
43
59
5
129
1772
3
1222
33301
43
1865
1033
1899
93
22323
270
13
3812
276
12
0
408
27
790
3
5102
2
4861
21840
18
0
3
135
7943
763
0
8
428
165
0
1
56
2
789
593
0
2
0
2
8
1
186
1669
35
0
40
8870
0
7
50
1
540
1
0
110
16
5519
19
97
102
1
0
0
0
1237
4
0
3
217
110
7
66
8
655
8
409
1
292
0
160
234
7
15
4
7
71
662
16
10014
0
1233
1
0
47
0
72
353
74
13059
111
1408
0
6454
7060
586
1
14
219
28
170
0
247
40
109
323
60
2767
0
0
199
0
34077
6
644
0
293
7751
0
0
7170
21
11
2025
2
10
0
2
2044
450
0
0
3
2419
346
111
3
4745
13
112
0
1
2437
1
0
0
424
2327
915
135
4
11080
28
0
2
9
1
44
114
75
1
13
1
105
1756
40
8
528
285
0
1772
0
27
103
4367
1366
33
0
0
150
1721
5
0
0
29
0
38
45
2
4
1
62
1523
2423
47
19
27
1
762
1
108
0
0
3
8
0
1353
92
234
2699
0
2
1
163
0
2376
32
245
80
0
43
5
75
1
1
11919
0
36
28
2717
722
741
2870
11
0
21
289
1
0
0
1
14
2838
1
1625
518
14077
1
5220
0
17
0
361
344
22
0
10
1
149
2357
293
928
1566
27
4525
20
55
0
0
27
96
1
11
264
1402
0
5
64
0
1
2337
586
2
0
44
53
11210
0
2307
3
4
217
1598
3
0
126
0
7
0
2403
2
454
0
25
0
17
311
54
33
1853
1
18
898
289
203
4
193
0
5
581
45
0
1
3
0
19
92
338
1
0
0
9
116
4635
12
0
4
0
779
0
551
0
32
1
88
0
13
157
0
0
66
53
0
35
3
1
6
0
49
1
6289
58
27
1
925
38
3
0
454
26
0
38852
51
1
79
1
19
1834
0
403
1
494
0
1
1
804
1
0
1093
71
5
15
0
31
3
4118
2954
1131
88
1718
216
7
6
697
1187
0
1
0
6
30
177
21
0
3537
87
11
2
102
0
88
0
0
5
0
492
428
1017
2
36
4
2
410
38
3
396
0
4
240
40
1
1
0
271
401
24225
68
5
781
508
1
4
11
2
185
1
1
3
5
8
12
2947
88
51
7234
0
10
0
14109
0
0
79
0
7
22
11396
0
0
18
46
1
0
0
0
128
45
4
2
0
0
12
0
1750
488
1
71
48
578
10
0
0
2
1
0
18
49
0
1003
647
151
0
63
0
40
1525
1
2263
4
757
2
497
2
1
2
7
5
47
311
0
0
1284
0
249
4800
243
0
3517
0
45
0
3
2
90
420
0
0
7
7115
0
123
4334
0
6
243
7
775
952
0
0
0
24
27
8
0
1
0
0
18
0
0
7
0
3
3
0
0
1
67
0
3
1
315
0
0
13
235
267
5
36
4
39
87
0
0
1478
0
6
14
476
0
0
17
1
355
39
1064
7
0
1
0
0
36
6
57
217
1192
2
1
0
0
0
13
19
0
2
2
1
1375
91
1
0
0
0
38
8
1
0
1
6627
1
6
6
22
18
38
15
8
0
479
0
1224
72
382
0
4
60
0
10
448
0
691
0
0
32
0
1
0
1964
0
2
0
523
9483
289
3432
0
9115
25
24
229
1
590
352
7
0
0
0
0
0
21
0
5384
1
21
803
0
0
0
0
999
4
0
1389
35
6
2
1
0
52
0
2
4
0
43
1
0
2
2
0
116
0
0
0
0
2
44
5
0
184
133
0
15
23
0
0
3632
171
0
31
136
462
1
0
21
23
0
10372
260
1
6
1
1514
0
2
5
1
0
0
0
0
0
360
873
8
7
3
5
28
2
1
2
13
0
0
1
10
1
0
1
104
0
0
62
1
7
8290
46
132
0
0
0
7940
84
46
0
1511
8
0
5
17
2
1
0
0
0
0
44
7
0
0
3051
0
3
93
8
2
5
3
0
179
18
598
0
21
0
112
10
8
126
1
3
74
139
0
155
7
5
6
15
0
1
22
138
1513
0
95
0
93
5366
6
7
0
0
0
0
0
48
3
0
3
0
1
9
0
4
26
1
47
3
0
2
7
75
1
7
0
957
0
344
1556
0
0
40
4804
153
22
0
51
11
2
95
5
1232
0
109
0
0
1
1532
8
26
1
0
5293
8
73
3886
3042
100
5
34
7
427
1
39
0
29
0
0
2
0
0
0
1
0
16
29
4
0
0
7214
0
0
109
0
5
0
0
2
0
2
4
0
35
83
16181
7
3
4794
83
0
0
364
0
0
2
21
0
0
295
17530
27
0
0
23
0
0
0
3
0
1664
0
4426
7900
2
1539
6
1628
1215
2514
97
196
47
51
0
3423
3295
21
0
0
18
1
4025
224
0
14
1
11
6549
0
0
506
2
0
0
0
1
11130
0
210
0
2
0
0
11
5468
4
19
64
1
1
0
10127
479
37
0
5
0
0
0
7387
263
0
450
17
11
518
206
13
50
821
0
441
0
6
0
31
230
0
75
10
1
1
0
2
1
101
1
0
6
3
0
0
4
0
202
2
0
751
0
7
1646
277
0
2
77
12
201
7
0
4
2
30
730
1
0
399
0
3
130
0
0
0
27
179
4034
9
3
6
7
0
0
168
4907
4
398
124
63
0
750
0
133
107
136
186
3
6
0
1
8
5
1
831
14
1
7
0
0
718
14
2
0
3
2
11
6
20
1
5
0
3842
1
701
0
564
0
8
0
3
321
0
0
33
4
19540
14
1717
204
0
107
0
0
1
3
4
4795
101
2848
4
1
1
0
38
84
75
1
44
24
0
4
0
0
6
57
11
3
0
0
47
529
0
740
26
0
1
2
101
0
0
1
10
1
0
0
2
40
54
16
13
25
5
7
13
0
9
1
25
93
2045
0
0
12
0
0
17
1
0
0
8
67
142
0
134
3330
9
0
37
6
3
11846
1997
167
815
4
0
1
4
0
900
243
324
0
0
56
53
2
2
29
89
2294
1
2
15
1
0
13
314
286
229
1
1
0
0
145
0
64
0
5
0
442
0
0
31
1
0
3
148
617
227
1
1
1
1
1
185
486
14
67
14
0
782
15
0
99
2
1488
62
88
0
1
3
1
0
32
0
0
71
31
11
215
1
0
172
19
13
46
0
1
99
56
22
0
0
137
122
2
6
6
55
0
1
15
0
0
0
149
0
31
8
406
1
673
11
52
77
2
0
651
0
525
0
53
1328
1
0
0
1650
0
2
26
43
3
233
0
1
1
19
65
5
5
0
1106
1
60
5
0
1
5
2
5
49
0
1
1
0
0
0
50
9013
0
1
0
1
0
4
15
0
0
9884
9
0
12
17
2
0
50
8968
84
67
130
2
1
0
4
0
0
5
3
0
16913
14
1
0
0
21
3
3
356
0
0
11
0
0
321
246
0
76
0
453
622
134
791
1
0
0
0
69
318
620
0
0
0
21
4
1503
2
0
3
0
0
14
0
39
0
0
4
0
53
0
0
290
0
19
829
2
515
0
740
0
5529
116
0
0
4
21411
0
0
938
0
25
0
0
0
241
0
283
0
8
39
7
15
14
1
1
2
3
1
389
0
273
1
2
24
317
37
92
264
0
2
6
6
422
18
9
0
0
398
124
101
108
17
1
3
0
7
7807
2
247
225
2103
824
2570
19
5824
2
33
375
0
0
1
1413
8
0
13
2
816
5
0
0
1
362
20
0
0
385
0
0
0
0
12
0
0
1
0
40
4
0
1
1401
1
0
4
95
0
15
1
0
5
277
5113
0
5
0
0
1
3
3
0
73
917
28
184
50
3418
267
58
528
3
0
3345
0
63
10
2
0
276
48
2
27
0
6
15
336
0
0
709
0
0
2420
109
0
0
0
2
1
1
0
5
3
6
5
2050
0
10
0
0
215
0
0
2
41
0
1
0
4
4
1
33
0
254
37
9
2
1
13
24
26
0
0
0
2
11
139
139
2837
92
1372
1
17
0
2433
11
0
135
863
14
205
0
2
7760
4
17
0
11
0
1556
25
14
0
3
0
0
0
0
1
0
242
426
119
6
4
55
0
0
169
2
2
0
914
0
0
5
3
487
0
25
2
252
15
691
174
2
5
0
3
9176
5316
10
8
30
1
500
0
345
0
0
0
0
18
26
17
5
0
0
72
0
111
6
16
4
0
3
1
4
189
27
8149
0
0
0
55
2
0
5
1368
3
150
1
2
5
1058
0
2
11
356
25
2
0
8
0
0
1
5
194
13
7
0
0
0
632
140
3901
7
0
610
0
0
34
712
24
1
87
25
2
0
665
5
0
3
36
44
0
15
8
0
2
7
0
0
19
219
17
0
40
0
0
0
0
5
0
0
0
328
0
1
4
0
0
4
22
8
1
10
2466
0
1
1
33
668
828
3808
1
0
0
6
0
1
0
0
53
573
464
1018
3
2
0
2
0
3
0
0
1478
0
0
2
1
0
11294
666
744
0
16
7
0
0
69
1
6270
2
0
12
3
3
7
1231
0
0
145
0
0
29
1
1
4
0
0
0
17
0
0
2
119
47
11
1
0
0
6
12
42
184
0
4714
30
0
0
0
3
0
118
5206
1
0
8
491
1
0
12857
0
0
1
110
0
2041
2
60
1
0
3
4
1
113
29
192
0
0
6244
0
0
0
3
4
86
59
62
0
1
1
1
0
1
3
2
1
109
1
507
0
7990
164
3
85
267
45
0
24
671
0
1
0
249
18
6
0
191
3
0
0
0
1
0
17
3
1
1
2
8
0
0
514
0
20
6854
212
104
0
175
0
1
0
0
300
0
2
0
4
0
0
0
0
11
3
0
0
0
1
0
3
16
12
7
1
0
108
129
0
2808
0
0
80
0
0
0
860
9143
7
0
0
0
1
8
1
108
6
9
0
8
52
50
210
43
30
92
1
5
92
1123
35
28
0
4
4421
8
0
168
6
599
0
4
2
0
10
0
50
29
1
0
26
24
69
0
741
1
92
0
49
422
4
425
0
0
1002
0
362
1
1
4592
1
125
0
4
0
0
154
0
4
6
17
1
0
15
0
125
2954
0
541
197
9
16
44
0
3
0
63
648
1
0
2
4063
0
0
1
1
0
0
0
0
1
10
0
253
0
0
268
0
0
2
372
12
0
2
367
0
0
17
8
0
0
17
0
81
0
4
23
82
0
0
0
0
0
433
155
194
0
5
0
1
2
25
0
0
0
0
22
0
0
0
0
1
3
0
357
0
1089
16
15
75
3
31
5
0
0
1453
6
11234
183
0
1
10
1
58
1224
601
6
4
8
379
247
1
0
63
0
455
2
0
1106
496
7
49
21
260
13
0
1
1
0
0
3
2
0
1
0
3
0
4
0
160
8
6
0
129
110
2
0
0
0
0
0
5
222
0
183
2
1
1
252
6
11
625
1
1
4918
0
75
5
14
1
824
221
0
0
0
0
1
1892
0
10
22
189
0
1
0
48
0
636
0
17
4
1
1436
0
161
1
15494
0
11
0
30
1
1
0
0
0
0
0
4
55
64
2
3
10
0
2
0
0
1
0
38
9
0
6
14
1
0
18
18
0
45
45
1
523
0
66
487
3
61
0
103
3
22
3
1
1
0
0
0
0
0
0
2
16
2
0
22
0
3
1
551
0
1039
6
5
1
1
137
2
0
1
17
41
1
492
5
289
0
1
1
27
249
3
0
0
0
4
1
3
8
272
137
4
0
0
39
86
14
5
9
0
0
5655
0
0
12
0
0
0
813
0
628
200
0
0
0
29
26
1
705
0
1
2
0
0
19
8
0
0
0
44
4
184
0
0
1
0
146
0
29
46
0
285
0
13
54
0
3
0
1
12
0
0
0
93
0
0
0
25
9
7
38
2
273
674
1161
72
1
1
2486
236
0
0
0
0
262
28
0
0
0
123
143
1
0
37
9
0
1
6
0
0
0
5
642
1
1
4
1585
286
0
2
1
6126
0
1
0
18
11199
16097
0
0
0
10004
1
1
1
65
2
8
456
1803
0
1
289
66
57
168
10
10
3
7
0
1
5
3
1
0
1
0
0
1
0
2
25
89
2262
78
2
16
443
1
0
2
0
582
0
10
66
682
1
28
0
0
0
0
0
74
86
18
0
0
1087
3
2
5
0
2
1
19603
1
0
2302
2
0
471
0
1
3
18
5
0
0
0
152
400
0
0
1
7
228
0
11
632
4250
10
1
0
0
3
0
31
4
0
0
0
62
1
0
1
105
29
3
0
1
0
83
2
0
72
3
0
0
723
7
1
6
0
1395
0
0
3277
0
6
52
0
0
3074
2
2
0
151
23
0
337
1
866
0
1
38
0
0
12541
0
6319
57
44
0
1
251
0
0
0
741
4
19
0
4
0
0
0
2
0
0
0
0
152
72
0
4
26
1
56
228
4
12
8
33
345
9
0
0
0
0
0
40
1760
2
4
6778
44
67
219
531
1
0
3
315
2
1
0
3
112
8
0
156
1
726
5
0
348
0
0
3
0
0
0
6
40
0
32
0
0
0
0
1
0
0
0
788
18240
0
0
55
3
13309
0
3
8
6194
0
26
16
0
273
20
2
18
0
4
1520
0
15
18117
0
4
5
12
0
0
38
0
54
3
93
28
0
812
0
189
4
111
1
17
4
24
2
0
0
0
0
157
0
0
0
10
47
0
0
41
1
125
0
0
473
163
1
1
14
3
1
133
5
72
78
0
0
0
1
8
282
23
0
1
9
150
0
22
2
197
2
0
18
10
11
138
90
0
487
3
0
0
21
5
48
16
77
469
0
0
6
0
2
0
9
0
2
8
1
2
0
32
0
1
820
0
0
141
14
36
3
0
1259
0
0
39
61
1
0
95
4
28
0
0
0
0
29
29
0
0
0
0
72
27
13
1
183
9
0
72
0
0
0
0
63
3
2021
39
0
0
0
0
403
0
3
7
0
4
54
0
0
1
4
723
0
1
0
0
0
14
7
16
0
0
0
129
1
0
673
0
0
0
0
2602
0
0
6
3
1
0
0
4
23
0
11
14
3
560
544
1387
14
29
14
0
146
0
2
432
0
107
0
33
0
3083
0
1
5
0
0
13
82
0
0
8
0
0
226
0
1
0
92
0
7
0
5
4
0
0
0
0
1
922
0
6
0
0
29
36
0
12
0
0
1
1371
2
0
1024
245
15
0
202
0
0
0
10
1
3940
1
7
0
4
4
1732
11
1715
23
0
201
0
2
2
0
0
49
0
0
0
3
2
0
0
1
4
137
803
153
5
10
0
69
3
0
0
1
98
270
0
0
71
1488
1
0
1468
0
4
1
50
0
0
624
0
0
1077
0
18
0
2
1
0
0
13
4
0
0
40
681
0
0
67
0
65
0
1
0
54
336
0
0
0
0
24
0
0
0
18
0
168
1
6
32
4
0
4
94
1
2
414
35
0
14
0
350
0
0
0
3
0
293
23
11
15
45
1
0
0
8
0
7
5
36
177
0
0
6
0
69
257
1
4
0
3
1
2
2956
1833
3
0
0
0
0
4
0
43
0
0
0
6
0
1
0
8
0
0
39
0
0
0
0
11
0
0
0
1
0
21
5
1
502
41
1
131
55
0
491
0
48
5
20
6961
16
592
19
1
2
0
5
8
70
0
0
0
0
0
0
22
0
1
66
1914
0
1374
3
16
0
2
5
0
0
187
5
12
5
61
0
2
44
2
0
15
2
33
136
7
0
0
0
0
15
0
3688
3
0
4
2571
0
62
3
70
3
3051
3
0
665
0
0
294
0
15
216
76
1788
65
291
2
7
2
9
0
1
0
128
0
93
0
4
0
0
150
4
3
6
33
1
0
27
4
86
8
1
0
289
13
460
2237
0
1089
113
584
200
122
0
0
2
0
3
0
7
3087
77
0
0
0
10815
0
0
15
0
0
0
0
13
0
13
3
0
8
0
0
2
0
35
0
0
1695
3
0
0
333
1
0
0
0
4
0
0
14
4
0
80
605
6
0
2
1
0
2
0
0
0
0
0
54
155
1
0
0
9747
0
643
2044
6
0
0
0
968
0
2748
591
0
36
477
0
153
1
5
6
0
5
0
0
8
3
93
1
182
0
0
2
3
0
0
6
33
210
0
1
0
0
14
1
4
47
4
22
0
0
20
6
1
0
0
0
1
8
987
45
7
0
0
0
226
1
0
0
0
100
339
37
271
0
0
0
0
0
4
1266
0
1
0
0
0
0
4
1
9
0
4171
0
228
22
98
0
73
19
2475
17
30
1
0
14
1
0
1
467
5
188
0
3
0
0
0
6
1
1
396
1466
13
5
70
1
0
622
0
523
2
11558
45
10
0
2
0
0
0
47
2
105
10
426
759
2
11
50
804
6
806
0
4
183
0
0
2
2
215
1845
0
800
31
4029
63
1777
0
0
0
0
0
7
18
1
11
1
3
35
13
5
25
0
4
253
16
0
1
33
0
213
6
3
0
9
0
0
17
0
0
0
15
62
28
943
0
2
4
0
11
0
0
0
801
5
105
2801
218
187
2
0
4
0
0
3
3
0
4
7
0
2
438
1
0
0
517
0
0
802
143
481
126
0
0
2
4
1
103
1
248
32
0
11
0
0
42
5
0
4
985
1
0
0
2829
1
0
19
0
1
0
6
29
5
2604
16
0
0
44
0
1
299
88
0
3
4
0
0
0
30
102
4
89
3
0
1099
368
0
1453
261
464
2
47
0
34
12
0
0
2
0
135
94
0
0
1
81
0
1
1
0
0
0
2
0
138
91
0
4
155
1
1
131
133
2
0
0
5
142
18
0
1
0
0
1
3
5
704
0
8
82
0
0
50
185
83
0
0
0
111
1
2
1
0
0
0
0
0
2
112
0
6
0
272
0
4
2
4
91
0
0
271
0
2
1
12
1
0
0
0
0
39
0
0
32
43
2
0
0
168
51
3
1
2305
0
79
0
472
2
5
0
3211
4
0
0
0
18
177
142
0
331
4
0
4947
58
104
8
527
0
87
11
17
407
47
352
1
6
2
0
8
0
17
1211
19
1
2527
3
192
3
0
0
0
1
0
0
1
2
0
1
0
0
0
0
70
4
1
1673
1
4
2
33
67
0
0
24
1
0
0
2
1840
0
382
24
0
23
0
0
0
0
4
30
0
5
31
0
2
6
0
0
0
14
0
0
17
0
0
2
260
4
179
0
0
151
98
32
0
0
222
0
12
0
5
562
3
6
0
24
3
0
0
6
0
0
0
2
101
0
232
68
1
0
13126
797
10280
3274
2919
1001
6536
6400
11417
12859
6
376
38
1877
47505
36627
1882
38
7262
6805
10536
160
638
20756
320
0
12859
1887
1612
87
14419
2776
274
274
6953
11144
73
9207
25616
19326
16935
11193
87
19028
4327
36627
3882
15374
845
5104
44761
0
73
6625
23537
5385
320
192
16546
0
0
3566
3566
8752
71
3166
0
6490
444
7373
35
5
66
76
25
46613
54
600
0
2
38
8
3
0
100
434
1660
23
5
826
9532
40
38186
31
105
4
1
1
0
4
1355
1
3
1
1
399
2698
1
11
4
90
1
1
6
10408
567
0
371
10229
35122
248
0
5
2762
1940
8736
4303
2
5
1603
167
42764
139
3572
1
8020
0
151
118
4618
0
5
1591
0
104
25
8
8311
105
7
515
6186
6
1573
1
882
1886
2356
10
257
4
1
90
226
0
1
24
1
5
0
7
1360
4
504
0
29
1
228
0
3439
257
1
0
8
7
0
1
230
386
2
21
2
6869
11
2487
61
0
69
0
317
20525
134
0
17625
9158
11539
1
33
0
1296
858
863
17832
69
0
15
2
3731
237
209
0
3
48
115
0
14
2372
0
9
4
0
0
3551
189
4
0
35
0
3
11
18
307
165
62
1696
0
249
77
36
0
36
6
0
3783
9359
3
372
5
1
4
0
52
14707
1
30
1
0
1
7
5860
113
0
2
11
14
0
52
653
2
0
42
2
0
1
6
6
0
3
0
14
1
7
45
3
0
18
11
18
281
2
30
0
44
160
48
3819
18
319
1110
282
0
1185
236
353
50
13853
3704
9
85
0
4
0
28
6
29
395
18
23
73
56
537
73
0
0
108
88
5
3
4
11
5
0
169
3
2
664
3078
11
9
111
1294
42
80
0
7
0
94
71
21
29
0
22
2
24
13
1
35
1
4
3255
3931
3
111
1
440
9
17
0
26
2749
1
2
9
1
0
5
8
0
0
0
9
1
273
1580
0
0
32221
15
7
0
6
0
1
4
0
16
0
0
2736
17
82
0
1
1
2109
1
15
72
64
1
2027
12
0
0
149
33
1
47
20
0
4
18
0
0
1
2
0
539
207
473
0
1051
0
3
7
6
84
0
0
0
0
751
1734
4
0
1
13
21
137
21
1
4
0
0
345
93
2030
0
1
18
7
26
0
222
1676
122
15
0
1
19
0
685
0
0
493
1
0
629
6
0
0
1
20
0
1
9
10
0
0
122
7893
10
3
8
0
7
145
7
119
5
0
0
531
483
9
4
1939
10
3226
10
55
48
0
4
0
5
71
4831
0
1
0
1
7142
0
71
0
4
0
3851
3
0
68
5
0
4
1333
3
136
1
41
4393
15
434
21
12
0
0
53
6
10
0
0
0
3
0
49
8106
30
0
0
225
36
0
4
0
5975
2
1
768
2
0
0
66
1868
0
3
5556
0
5530
0
1
1
40
43
0
0
187
1
0
3
414
0
0
6
11
133
28994
0
0
0
29
14
623
1
12
0
3
1
6
0
0
1
16
8
3
193
0
1
0
891
1
1
656
11
0
2
0
7
34
0
2
0
0
0
70
1
0
887
0
386
117
0
295
0
7
1439
3
1
7
6
4
0
849
9
0
0
33
5974
0
4
7
0
0
296
1292
6
277
25
2
0
99
21
17
0
6
10
15
2
2
2
0
44
7
0
0
0
38
1878
119
116
1043
2
77
458
46
42
881
0
0
0
0
1
1323
157
37
3
0
0
2
1
65
0
113
135
12
401
4
1
0
0
25
2
0
223
54
499
0
0
32
0
4
2
765
1254
23
34
5
110
30
56
41
9
0
36
0
0
26
0
1
2
15
1
0
5
2966
1
1
165
83
339
1
0
0
0
0
111
0
0
0
0
0
3
127
231
0
0
7
0
12488
8
1416
33
50
63
0
81
0
19
7
261
75
7
4
15
60
0
5
60
146
13
0
0
9556
15
1
3
0
0
2
168
4
31
7
36
15
0
0
3
4
5
0
71
60
224
4
107
3636
8
58
395
14624
15
5
4
1
2
2
0
0
2623
31
36
3193
0
150
0
1
4
2014
192
2
0
0
1220
1244
0
58
323
16
0
104
1
69
1
0
0
3
0
3
0
5
0
0
131
97
60
1
131
0
2439
0
4
17
1
0
3
176
8
2141
222
28
108
3
0
0
11
0
0
0
0
363
1
509
0
69
117
2
8
0
0
0
0
1
180
0
139
0
1
0
7
2
81
20
3
31
0
28
0
13019
3
0
0
3
0
3
1
0
0
0
2
0
0
8
48
0
0
1061
1
0
3805
2
3
7
0
0
51
0
0
6081
72
15921
476
0
0
0
1098
0
10
0
0
109
1
10
0
2
8
0
790
885
1
96
1
524
0
5
1
5
0
0
2
0
1
9
7
15
0
28
480
0
55
0
0
0
1
83
0
0
212
0
40
2
3
1
75
4
0
4
86
6
49
245
22
1
3
139
0
0
0
33
19
1
1
0
697
69
115
15
1193
355
0
0
0
214
65
54
31
5
0
0
22
44
10
83
51
0
0
0
0
0
18
523
1
0
1
0
2
0
0
72
0
21
1895
383
1961
1
0
0
6
1464
0
46
1
0
1
36
4
0
0
13
3765
0
0
0
1
1
68
0
1
1
0
0
86
20
0
0
0
31
0
4
21
479
0
0
12
0
1
128
248
118
0
351
1
42
111
18234
0
2467
1
0
0
0
0
61
73
0
0
203
0
0
0
0
12
0
0
0
1
0
5
0
0
3
0
0
1
0
0
9
0
0
1
78
2
4
2139
5831
237
7
19237
563
0
1
28
282
40
0
183
2
43
57
0
51
112
0
174
11
0
12
6
89
0
432
0
0
249
0
0
0
234
1732
21
47
34
0
93
0
5
0
48
0
37
9
0
2
0
327
83
2
183
91
0
60
0
408
0
199
48
2
95
144
0
1
156
326
72
2
201
0
799
0
0
1
2
332
0
1
11
22
235
0
0
11
3
307
90
77
0
1
0
1
0
0
0
0
16
0
2
0
446
45
0
1
297
258
0
0
90
0
1
2
6
0
0
0
3
3
1709
7
0
352
489
118
5
0
0
7766
2
0
3
9
1
0
0
167
22
0
1
1
35
2
0
2
0
3
54
0
0
18
0
4
76
1
0
7
1
0
11
12597
5
290
58
5657
0
0
2
10786
0
0
2
6
0
643
0
735
0
5
14
1
0
868
0
417
4194
76
801
0
0
1
0
14
1
47
219
14
1
0
22
4
11
0
0
1
5
59
0
0
0
0
1
0
2
1
73
8108
0
0
0
0
0
265
5
4
3340
0
0
11
64
0
123
5815
116
2377
22
0
0
0
561
0
278
0
338
0
37
0
616
13
5
0
1
33
0
0
55
4
35
3
0
17
1
672
114
66
0
5
0
2
0
12
313
12
0
67
74
0
120
11
288
6
0
0
1
25
0
66
5
1
8
0
0
3982
111
0
0
16
3
1701
0
0
0
7242
0
0
23
1
0
0
0
1
0
0
508
170
19
713
29
0
1
0
1589
72
0
0
5
0
0
1
576
0
0
0
3053
116
0
184
7
0
0
32
3
264
1
108
0
0
0
0
64
6
0
0
15
1
0
75
9
0
1
82
9
0
0
0
0
1
0
0
0
592
428
0
1251
1018
0
0
114
373
7
12
11
0
3
0
0
325
3
2
5
5
0
5
0
0
3
4
0
521
81
0
13
1
0
0
2
0
6
1
0
0
263
23
190
9
0
8
0
0
66
3
0
0
0
3
0
2
0
0
1
420
335
0
0
0
800
323
2
7
0
3198
0
6
58
0
7
1490
16
0
0
0
1
171
4905
0
8
0
0
3
0
402
9776
6
0
0
0
20
2
1
2
48
39
0
0
0
0
0
0
0
98
0
0
0
3
3
0
0
0
0
0
1
1
0
22
20
0
40
0
0
127
367
0
0
4307
1
1
1
446
0
6834
0
0
23
9
1
0
0
8
0
3
13
937
30
18
1
161
1
148
6
1
0
25
58
5
14
0
0
0
0
0
0
0
10
13
384
6
7818
1
0
0
0
20
0
2
1
7
9
59
10
15
2
1
4
0
0
1
424
5412
141
0
0
650
34655
4481
25
5
28
74
2
59
1
8
0
0
2
0
2
36
0
3
10
626
8
3
50
4
136
9
6
1
28
485
0
0
0
0
27297
5
0
8
2
3879
0
0
0
0
14
1153
0
716
15
6
477
0
69
0
64
2
4
0
0
7
0
0
3
0
6
46
2495
0
0
10
4
0
0
2
87
1
0
1
124
1
0
143
0
0
199
0
0
3
0
34
4
0
3830
0
17
0
1
0
7
0
4
57
287
0
1057
9
4
0
227
4
1187
5
0
2
29
0
1
321
0
0
0
140
336
86
20
2
32
109
19
22
0
0
12
753
23
553
0
1
5
2
0
8
0
21
318
0
1
1
0
8
2
67
0
0
6
0
23
15
4
2
0
356
775
14
14
0
41
1
21
0
0
0
1
1306
1
17
45
0
1
0
0
0
0
2
29
0
0
2
0
7
0
0
151
51
0
101
112
0
3200
1
3
0
4
34
4
3
127
1
1
82
16
17
0
7948
317
10
1
2
2
0
1
0
1
0
0
3
2
0
194
1
39
13
0
3213
0
7
1
191
0
6
0
1
3
0
529
6
0
1182
2
0
113
0
0
221
2
910
0
2
1
759
1
6
19
5
0
1001
1
846
247
98
4
9
5
54
43
0
16
7033
26
104
9258
0
0
16
3
3
0
20
151
5
0
0
6
37
0
0
2
10
0
0
0
11
5
58
0
31
3
0
209
7
2
0
0
0
498
849
0
1
1
9
164
577
0
22
124
1
2
10
108
175
187
2
0
0
37
0
0
10
0
0
260
0
2
2
87
4
1
0
0
0
0
0
2
149
0
0
0
19
2
472
0
1
0
1
35
0
0
4
3500
0
10
2
8
6
3
0
7
4
1
0
40
11
87
0
0
1
1
0
0
0
60
1
1
6
3243
126
0
0
99
0
281
0
32
328
54
3
298
23
5
0
0
375
16
16
0
1
0
0
0
0
67
0
313
129
1
0
7
0
73
2
2
7
0
8
0
4190
3
1
24
73
1
13
0
1
0
12
0
83
0
0
3
42
187
29
0
2032
0
0
243
2
1
0
0
0
0
51
58
7
139
399
0
1
53
47
0
5
13
14
0
4
0
0
0
0
12
0
270
0
253
14
0
148
20
0
0
6
4
0
0
0
0
8
49
45
385
0
14
11
1
0
0
5
1
0
117
0
5
1411
4
42
0
9
1
0
440
0
0
1
8
0
7
3
1
0
17
1
4
249
3
0
77
0
0
0
0
0
0
0
55
0
0
0
186
0
0
316
7
131
453
65
6
1
0
686
0
0
0
5
0
6
4
99
1
1961
41
1
315
1
0
1
0
85
24
0
4
1
281
4
32
131
1
1
6
4
0
5
24
114
172
1
9
0
0
0
10
0
4
3
0
42
0
0
4
0
52
1899
0
16
0
1
0
0
9189
7
5
4
0
0
0
24
2
0
0
41
0
188
0
139
0
81
3
0
16
1
75
6
0
0
1
27
0
2
0
0
1
3
175
0
0
8
2
9
0
1
18
1
19
74
0
129
20
17
37
1
0
0
0
387
41
1
0
0
16
0
0
12
0
8
9
0
0
2
2
994
2
74
3
0
5
1
2
2
0
0
15
2
0
11
0
1
232
6
37
36
47
0
0
2
5
29
0
0
2
0
125
4
1
1
0
429
10916
0
0
0
0
0
2
22
299
0
0
0
27
2
751
14
0
0
0
1115
12
2
0
1
216
160
1170
0
0
6
0
41
126
36
11
0
0
0
6132
0
0
0
0
1174
0
2
1
267
19
0
4
8
0
1
111
1
15
0
0
19
128
0
0
6774
4228
0
0
3
0
1
0
0
0
0
0
0
3
0
7
1
0
0
0
0
1
32
10
0
0
108
0
0
13
20
15
6
0
19
0
62
3
2
16
10957
0
0
0
4
685
0
205
0
13
0
0
0
11
8
12
189
377
3
0
4
2736
0
0
21
6
0
0
0
0
1
70
476
0
0
0
3
45
98
0
0
0
137
2
3
1
174
1
1
1423
17
0
0
9
0
0
0
15
0
0
112
0
114
0
4328
1
749
29
1
1
43
2
23
176
9
20
1
5
4
7
63
0
0
4
9
0
20
124
7
429
0
30
0
2
0
0
0
0
0
0
45
222
30
3955
1
0
0
0
64
0
379
5
0
0
0
0
0
0
0
2
1
0
0
3
1
4
0
5
0
237
0
0
12
0
119
32
20
6
4
0
3
1
145
1
117
55
96
0
3769
0
11
0
10
8
11
0
0
84
0
0
492
0
0
0
7
0
1
6
0
5
4110
1
0
0
8
2
2
0
1
0
14
1
135
3
0
3
73
5
78
0
143
4
1
2
9
0
0
321
2
0
0
0
1
1
1
0
0
1
0
223
0
16
1
0
0
0
4
1
0
355
0
2
27
0
1305
67
1
3
0
466
0
4
6
0
0
0
3
0
11
0
0
0
859
0
0
132
1
0
3
1
45
827
0
2
2
0
4
3
0
0
2
6
3
1
1
4
1
3
0
67
56
1
0
18
6
0
32
342
0
0
38
1
1
0
26
0
0
0
10
4
1
38
0
0
3
4
1
0
11
120
0
2
0
1
1
0
20
0
245
44
255
0
2
15
0
0
0
92
44
13
16
1
0
0
5
0
2
1
13
0
214
0
12
55
38
0
55
0
44
9
50
0
0
0
3
0
4
0
10
0
237
0
124
76
0
741
0
32
1390
8
0
0
15
0
242
0
4406
0
37
182
1
0
6
4
0
16
0
0
13
0
5
0
0
142
7
29
59
0
119
4
0
11
1
3
1
0
0
2
4
0
1
11
0
0
33
0
228
3
23
1
71
0
0
0
0
31
106
422
488
0
1
0
131
0
0
3
157
153
20
38
9
3847
0
0
2
811
0
0
0
0
1
1
5
0
1
7280
0
5
0
0
0
0
3914
0
0
0
0
81
14
0
3
6
3
0
0
8
0
19
1
4295
1
4
0
0
818
1
0
0
0
1479
18
1
0
0
16
22
0
6
0
0
0
0
1
279
1
319
0
20
1
0
646
186
3
188
1
12
0
6
0
244
74
0
15
0
0
0
564
0
1
0
53
2
0
1438
1
0
0
2
0
1
0
0
1
4
85
0
2
5
587
29
0
71
0
4
4
11
1924
471
669
0
3
1
11
1
9
1
1
0
0
0
0
1
4
0
0
0
0
0
0
0
1
30
5308
0
0
53
0
12
0
1
0
0
32
36
4
3
73
321
65
0
1
0
0
0
5
0
16
0
1
0
6
149
1
0
0
0
0
3
3
0
73
1
0
0
0
4
0
0
1
0
32
8
84
0
31
2
4
16
75
31
0
46
552
2
0
0
19
18
71
0
174
0
6
1
120
13057
31
0
1
0
2
40
1
6
0
0
0
0
0
11
1
670
0
299
0
63
6
37
538
0
0
0
9
55
178
0
73
0
0
1
4
0
8
42
366
0
5
124
31
0
767
0
22
0
0
1
0
1
0
428
0
0
11
844
2
3
0
15
0
5
58
20
3
2370
29
1
1559
0
334
49
2
2
0
0
17
8486
69
1
8
0
1
5
929
0
461
22
1
2
0
1
8
19
4
0
0
1
4
367
0
1
31
1
12
2
0
3
52
8
0
345
0
10779
388
2
232
0
3
0
0
43
1
8
10
53
0
6
0
43
0
0
0
1
8
34
0
283
0
8
0
3
6
1497
3
0
6
1
1
0
2
1
3
148
0
0
5
6
0
1
4
0
3
0
0
0
0
0
0
104
95
0
0
0
342
0
2
1032
10
0
1
0
3
7250
0
1
9
0
0
131
1
0
13
43
35
11
0
0
0
4
0
2
298
104
0
13
23
1151
4
80
10
50
0
0
0
4
6
1
0
2
6
20
0
0
0
0
14
11
0
1
0
2
309
16
95
0
1
1
1001
9
8
1
0
2
3
0
0
19
263
2
181
0
0
253
23
4
10
10
49
2
6
79
0
1
2
32
0
0
13
53
4
0
6
74
1
71
0
3
1
0
0
120
3367
188
35
412
0
666
11
0
0
32
0
6
0
2
3
1
17
718
1
196
0
745
1118
0
12
1
1
3
97
93
0
0
0
2
0
0
5
0
1
2
31
39
87
937
0
2
0
2
422
7
0
2064
0
7641
0
92
0
1
0
1
0
0
4081
2
78
47
539
312
0
60
1
50
0
3214
0
0
17
0
4
266
18
4
278
0
604
0
1
0
9
0
2
0
0
0
256
1704
0
8
0
421
6
0
0
0
0
22
0
63
1
153
60
0
0
0
3
362
0
1
0
0
0
0
0
0
0
0
30
30
2886
2700
13
0
0
0
0
0
0
0
112
0
1
935
0
3
474
680
15
2160
0
12
0
2
81
23
3
0
212
0
0
1
16
237
0
0
0
133
2
13
1
382
0
198
6
39
97
6
20
9
25
0
312
35
53
4
9
0
20
0
14
1250
0
0
313
0
0
0
17
6
0
1567
0
0
1
73
1
7017
14526
164
21
0
4
1
5
0
0
0
7
5
151
2
91
0
2
1
0
0
0
0
4
7
6
0
0
0
1
22
4
0
43
0
0
6
1292
0
145
2
77
0
0
0
0
0
10
35
1
4
0
5
5
11
0
0
0
3
3
0
1
5
38
4
270
9
0
0
11
0
0
0
30
111
35
0
0
191
26
0
3
0
4
2
0
96
1
17
0
0
47
35
0
1
0
1
0
1
79
0
1
100
0
232
3
866
1
2
0
0
573
2
10
0
0
0
0
1277
0
1
3
13
0
62
25
16
275
0
2
40
161
0
4
0
117
0
1086
226
0
0
611
0
0
0
0
0
4
47
0
0
323
0
0
18
0
58
6
27
0
34
12
2
3
0
8
0
1
2
0
0
6
0
0
0
0
0
1
0
1
6
436
1
10
130
0
0
19
1
0
105
0
1
0
10
4
0
3
48
0
7
0
1
3
0
1
22
613
0
824
117
4
0
0
0
1
6
1
25
0
0
1
0
0
7
32
2
539
5
0
0
0
0
0
51
11
5
0
10
0
1
4
0
15
2
0
3
120
203
0
5
0
20
8
225
0
5
460
0
7
3
0
2
2
752
255
4
0
7
18
0
1
1
1
28
0
63
2
7714
1
5
1
3
16
5
11
0
5
1
2
1
1
0
1
0
0
0
6
12
0
0
0
0
0
0
1
9
3
0
0
1
4
0
5
3
0
5
2
0
11
2
2
67
248
0
6
1
928
3
0
240
120
4
0
0
265
47
0
0
14
9
0
203
0
34
5
0
0
1
0
0
0
0
1
28
9
1
34
487
0
124
0
0
1
0
33
0
0
607
136
0
0
0
5
0
0
0
0
3
0
5104
12488
16233
3566
0
5104
14074
952
1612
1612
177
3819
314
7345
10659
320
13992
6
37726
160
38
8318
7413
38
147
147
14939
4498
15763
390
847
11958
42694
11958
16000
12185
1709
6
320
1239
12859
16935
595
1446
5104
12946
41185
1750
11090
7489
14172
47313
147
6
797
147
185
15349
18239
31736
4203
0
147
11612
0
0
2
3926
1940
0
90
79
3758
11
143
76
1
20268
27952
4880
5
183
1
1
4
48
7
8
134
6110
0
5991
173
62
42
655
1
655
746
70
4888
129
5
1
1717
15339
0
0
326
4
227
2186
0
57
3486
0
2
8
3166
33654
2233
9724
46
64
376
826
4
6785
333
0
7713
60
737
333
40
11392
510
0
2550
1403
119
231
28196
8266
13590
6
38
633
2186
383
4574
17
30
3842
3177
0
0
90
115
47
98
313
3
252
7871
16
4
2
18
73
17264
11
7140
19
60
1397
407
0
9
3
350
8991
11019
10
2
1
200
9878
26
149
5238
109
3958
5
0
3255
67
8681
0
87
1
0
16
0
0
1
1
67
4443
470
106
0
5966
308
5908
2146
1
0
149
9
0
81
0
1
2
0
682
4398
0
1
15
975
2924
24
91
0
41
0
13
17
34
218
4
754
596
0
0
25
65
121
1
236
0
9
0
554
26
0
300
9
7670
5
1
87
0
28
0
3
9551
0
26
3
4
8
0
1
0
15
2
0
1538
12
5
2
0
7776
32
0
1
12
62
0
0
3484
0
0
2
756
805
0
2
0
116
21
8
5
4
16
121
10396
2518
0
1219
41
5629
27
20031
864
107
0
165
0
4457
2
78
290
0
702
1
1025
1
102
6
0
252
49
2017
0
0
7059
3671
74
81
0
113
12
1
97
89
98
306
2
790
0
299
2
3
0
52
6
0
11
0
0
21
0
2
0
2243
4
4
3
14
0
2
23
6
9
2
1
0
9
63
0
130
0
10
5
6
446
0
2178
56
0
128
182
1
1
0
11
0
0
0
434
15
11
0
627
19
3263
0
0
43
423
53
0
1
247
0
397
130
441
0
2
15
0
22
33
331
243
2
24
9
1
2872
1772
0
3
0
187
0
7
2
4
85
0
1
434
8
0
2501
5
1
2
9
0
0
0
58
4
57
3128
65
60
0
13075
6
0
2279
1
1
23
1137
0
0
2108
173
0
211
205
1238
0
196
0
9
0
1
0
0
3
18
0
7
4496
10
9139
2
2
1080
9
5
0
0
0
937
1
9726
27
0
138
3
0
0
1761
4
4
0
0
0
83
20
225
0
1
3
0
1
586
180
7
849
3
6490
1
17
1255
1442
33
31
1
0
0
0
5
2
0
0
11
3
15
205
4540
3
9
1917
0
1091
966
1
65
596
313
2037
4
0
51
7
517
0
4161
1
1
6447
0
2890
1803
0
0
1
7
0
0
0
3504
0
0
0
300
0
562
0
0
0
2
1
0
0
0
2539
297
1
21
0
6638
0
18
1
3
5
235
16
3
4976
4
6
189
2
0
3681
265
9
135
0
2
0
0
0
65
19706
32
0
6
26311
31
7542
0
167
20898
1244
12
0
1076
11
3
694
1
4
0
0
3
0
9
44
0
3
425
0
5684
472
1
1
0
0
1
0
1440
0
1174
1
2
534
144
0
0
531
0
0
1
0
0
1
0
1
8
0
2561
16
0
7
0
0
169
849
137
17
49
6
2
1279
36
0
321
1564
4234
1
1259
3
1
84
1085
0
362
8
0
18
4929
10
0
0
0
25
8
2
0
3
0
5
16
1
0
0
0
1
19
50
5
2885
23
0
2
147
0
57
0
4
1
0
843
778
1
4
0
0
0
1
1
4267
5
1132
0
0
2
2
670
59
22
86
190
556
0
10
6
0
132
1
11
3
11
1157
4
1
0
0
0
1801
0
1
1
1
0
12
12
410
4078
0
8
28
25
0
1
0
1
0
0
0
2
0
23
0
0
10
0
211
1
3
1
3
3
26
185
0
1
50
250
0
9
3
0
0
1
4037
0
0
6381
5
1
628
229
0
1
0
0
3
0
15
15
34
0
0
14
0
17
4
1
0
0
0
0
0
5730
320
14
111
1
3
0
5
409
0
8
121
4
13
268
0
0
3
57
0
939
365
51
0
0
225
18
1
4
165
22
919
1
0
0
0
101
175
142
17
1
11
34
4655
5
0
1
1
6
532
1
129
8
3
4
1
219
362
26
2
0
127
0
10
0
21
0
20
0
74
94
0
1748
0
5
0
3
1
11
1
3
0
0
1
25
1
0
189
93
0
1
2089
0
25
21
1
0
0
1
1546
1696
34
5
0
0
1
2
0
4
0
0
0
0
0
3
0
83
0
34
381
0
25
12
1
1193
0
2
3
4780
3
0
0
5
0
0
25
3308
20
1
9225
3066
0
0
3
9
3
86
0
29
35
18
7
0
1
2
3
0
7
37
0
38
1
0
6
4754
21
20
2
8
4
60
1099
4
5
14
0
586
147
0
53
4
1
118
2
7
1
1
1038
0
2
1
0
172
13
56
1
4
1
3
0
0
0
190
8
153
2
0
0
0
1
0
0
0
9
1
220
60
0
287
0
1
146
3
4
4506
360
0
764
1
0
0
20
1
4
0
462
7
2
0
71
0
34
1
0
0
751
18
51
0
35
0
1
0
794
0
0
0
0
495
308
39
1
5
1
0
4
23
2
2
4
1
0
3615
1
3
3896
0
51
4
0
1
1
2
205
538
210
3
354
1
2
0
1
1
0
0
0
1
6
0
40
2
2
29
0
28
0
1
983
0
0
0
2
0
0
0
506
5
24689
0
0
12
0
5053
1
0
3
3
3492
0
0
5
2
0
20871
0
0
5
111
0
31
78
2
485
25
7
0
27
133
121
1
0
3
0
11
309
10
1406
0
1
4506
0
7
0
883
1
0
2
0
106
2026
1
46
0
2
0
10689
20
39
0
0
2
14
243
1
1292
0
0
81
66
1
95
0
0
13
0
0
1
24
2128
0
8
13
5
7
4
142
130
3
0
238
8432
2
210
0
1
13
1
44
0
81
0
8
66
190
80
4
0
3
6
9
0
0
0
2
0
0
0
359
90
2721
24
0
0
0
37
0
0
5
1
266
2
1
6
0
0
5
0
1604
0
9
0
40
38
5824
19
0
6
3
0
1
5
1
140
3
636
11
2
3
0
15
0
0
0
0
1
0
0
6
93
1
0
0
1
0
0
1
0
719
1
2
0
0
107
0
6
0
0
3
0
1
2825
4
0
0
3
0
48
0
2
24
0
0
177
19
1
581
1
10
0
2
4
9
43
20
0
0
57
14
0
175
182
167
2514
232
0
1
1158
0
0
22
0
1105
0
6
12
0
15
392
0
0
0
1
9116
1
94
0
1
3
0
1
0
108
0
0
1
2
0
3524
18
0
0
1
1
0
3
4
0
0
0
3
239
11451
39
206
132
200
39
3
0
33
1
2
87
0
5
3
268
0
2
15
0
80
0
0
0
1626
1421
1
0
0
6
4
0
464
0
4
23
3
1
0
0
1
3
3
3
0
3
950
0
1
1634
6
6
67
0
13
163
1
0
709
1
241
4
0
246
0
131
0
2
75
0
2
0
1
1
380
316
20
3
2
2
0
0
16
0
0
0
2
3
5
108
1
0
3
13
0
3
0
6
0
3
0
18
0
32
8
813
8
1
675
1
0
5
427
11
7
0
39
17049
0
559
23
0
1
365
0
0
0
0
1
0
1765
2
0
2392
0
2146
5185
47
14
1
2
0
93
16
2
3231
0
5
93
3174
374
4
0
5
0
0
0
0
3
24
87
15
66
0
1342
20
2
1
1
0
1
0
133
4
460
0
0
4
0
0
0
3383
1
1
822
0
8
11
0
2
0
0
0
8
2
1
10
3
2
2086
214
0
44
19
1
0
6
0
33
547
141
91
1
6455
3453
0
0
3
0
1
19
0
0
0
9
0
410
65
6785
4
75
0
1
0
1
0
0
4
0
3
125
4
79
0
0
0
4
6502
11514
0
0
85
0
0
1
68
0
8
3
1
94
0
50
874
714
37
14
4
0
30
4
1
1136
28
671
2
0
0
0
1
7
25
0
35
0
1
0
0
1
521
5
6
0
0
228
0
8
2
0
0
142
69
0
0
0
5
0
19
0
0
0
0
21
33
0
0
1
1
3
7
26
0
0
20
0
3
255
0
2
0
10
0
3
44
0
0
9
1
0
3
13
0
0
0
0
0
436
0
27
81
0
0
0
13
52
2
0
0
74
2236
0
1
545
0
0
444
1
3
1266
67
4
2
19933
2
941
1
17
0
1
0
0
21
2805
6
7
2
4
0
0
845
9
0
0
5384
0
1
18
5
0
1132
8
0
0
1
4
2
0
0
14
0
104
0
0
7
3
1
319
23
2
13
456
0
1
12707
11
1
2
132
102
594
22
0
0
44
24
0
380
1
0
239
1
16
35
4240
6
1
2
0
4
1
1
1698
3
227
0
800
3
0
45
1
444
17
0
41
85
547
11
0
5
0
112
0
14
351
0
0
8
522
2
0
1688
4
2
1
4
792
69
1
1107
30
1
5
0
0
0
8
0
2041
21
137
0
9
9
0
19
48
0
1
1
0
77
0
0
164
0
0
0
1
5
398
13
5
40
4
0
1
235
2
21
3
4
2
0
1633
0
362
1
0
400
46
0
1
2
943
70
0
1
0
199
0
382
8
1
3
0
0
12051
322
0
0
0
0
120
0
0
0
2
0
0
111
0
13
2
0
0
0
66
0
1
0
0
18
0
2
2
81
3
17
5
2
0
224
0
0
0
66
11
51
5749
0
7
1
0
0
4
269
0
1
478
0
11
353
3
1899
0
699
6
0
0
0
19
0
183
1681
102
0
0
1
1
0
21
26
24
3
41
11
1
1
4
0
0
23
1
0
1
0
0
13
0
0
238
149
0
42
1
5
1016
0
5
32
41
0
0
0
2
0
2
1
0
1
49
0
25
145
110
0
0
33
0
0
0
1
8
0
0
0
0
0
109
0
5
0
0
101
0
2
3
7
13
7
9
5
0
0
0
11
0
0
0
0
86
0
15
8099
3
1800
0
92
17
1
18
0
467
0
2
0
0
0
6
0
0
0
14
95
0
0
166
7
1
0
1
0
1
0
178
0
0
0
27
5
1
0
0
3
0
906
677
5
3
10
81
0
0
0
6
0
0
4
0
2
134
0
7
4
3
103
0
3802
2
0
2934
0
1
2
141
0
0
0
1357
8
6
0
8
2
1
0
0
707
1174
1
50
326
0
2
3484
0
7
0
0
13
0
1
3206
8026
1514
0
0
1
1
0
12
0
43
0
9
0
4
0
0
0
101
947
16
1
0
168
6
0
0
256
6
49
2
14
1
0
2
0
248
123
1
104
1
12
3
6
2
0
1
5
30
1
0
16
128
0
3
1
0
50
133
4
0
0
0
0
0
1310
642
31
6
1
1012
0
5
0
131
0
0
1
0
268
3
1
0
0
6
0
0
0
34
2
0
772
0
10
17
45
79
0
1
0
1204
0
0
0
0
0
2
0
1
0
16
3
0
2
0
0
50
1
0
0
1
482
0
0
2019
2
2
0
0
5
0
1
40
0
0
103
82
2
0
12
1
1
0
1
0
0
0
0
0
0
0
167
6
1
4
5
34
1
0
66
0
4
0
2
266
21
3
812
193
1
0
0
6
0
0
0
7
22
0
0
7843
1
0
0
0
4
1
9947
3
559
10
0
4
0
1
0
0
1700
0
0
22
0
0
0
0
0
0
88
119
0
0
16
0
2
0
0
1
2
16
90
2
5535
0
1
1
0
189
1
0
1420
12
3
97
13
12
0
2
21
17
0
0
49
0
0
0
0
913
0
0
3
1
258
0
0
0
137
48
6
83
99
0
15395
1
175
19
0
4
33
943
1
0
12
0
0
0
16
4
0
54
328
31
35
70
8
0
1
36
0
0
6
0
13
1
3
3
1
2
0
7
277
0
0
0
50
1
53
1
0
2481
2
3
14
0
8
1
5
0
56
7
27
37
0
3203
11
2
0
0
3
1
75
0
0
0
0
1966
2
2
0
0
1
1
529
23
1
0
9
0
0
52
12
0
6517
0
1
0
215
0
17560
0
1
1
12832
3
0
0
0
0
0
5
0
0
1
2
0
6
5
0
1
78
4
52
0
2
0
0
10
522
1
4604
9
3
0
0
1
2
122
54
0
2105
1
1
0
66
2
2
0
15
0
0
107
0
0
87
0
2
7
302
13
0
7
195
0
12
1
45
82
10
0
0
0
0
1
0
129
1
1
155
1
1
0
450
0
668
0
10
149
1016
0
5
1
1
4
3
57
0
1
2
0
189
0
1211
23
3
157
8
1215
3557
749
2
331
176
2
0
2
13
8010
4
512
52
0
24
1253
1
8
0
1
0
0
169
5
2
0
0
0
12
0
4
69
0
0
0
0
1
42
11
0
4
1812
1
0
18
2
1
42
2
26
0
0
5
12
9
0
0
2
10
17
0
177
74
0
0
0
41
2
413
8
8
2
12
250
0
159
58
24
22
0
2
3
1
4
15
0
0
0
15
0
0
1
2
0
375
24
85
3
6
0
0
1
58
2
0
0
0
4
1
0
14
0
568
0
106
0
8
0
0
0
10
3
7
1
0
0
0
0
313
0
1
38
117
2
0
253
102
0
1
343
0
0
0
59
0
2
0
1056
0
1202
275
44
2
4
171
0
2
2
0
32
0
0
1634
37
2
3
0
54
16
5
49
1
5
181
4
0
0
0
3
0
1
113
1
6
2
0
0
5
0
2
2
0
0
0
0
0
0
4
0
1
23
0
4
108
0
1642
197
0
3
7
0
18
0
4
80
0
3
0
0
0
0
0
6676
2
0
1065
1
37
1
0
2
115
0
47
0
95
0
1
559
18179
1
12
1
0
3
0
3
529
0
18048
3
1
10
0
0
22
0
4
155
0
39
1
0
0
3
0
549
2
0
3
248
1
35
1
49
36
429
39
1
1
0
0
96
0
53
0
154
0
0
2
6
7
0
53
0
6
0
0
1
2
1
0
22
0
68
0
2
54
0
45
6
4
0
4555
0
0
1
2
0
55
0
58
0
2
24
0
0
0
45
3
3
203
27
0
4
6
0
33
0
0
1
3217
89
23
0
0
0
15
2
0
5
0
1
16903
31
14
0
1
665
7
3
1
34
0
0
0
0
4
0
0
26
0
6
1
6
255
16108
0
0
35
17
0
4620
1
0
0
13
0
2043
22
0
23
0
3
0
6
0
30
0
4
165
9
2
27
0
67
0
27
0
2
1
0
0
27
277
0
1
0
1
10
0
0
0
1
0
0
2
116
17
0
0
16
63
28
0
28
0
2
5
0
1007
9
2
10
0
32
3130
20
0
0
0
226
0
0
28
0
371
0
1
0
11
3
2
0
0
0
1
1
204
7
53
0
27
0
3
0
0
0
478
1
0
0
0
0
0
1
279
0
161
0
1
269
1
0
46
184
0
17
12
0
0
13
13
1
3
0
8
1127
28
29
0
0
0
0
2
0
3
8960
9
4
0
1
0
1752
1
1
3
8853
0
92
83
0
3
17
0
1479
0
0
0
0
0
4373
8
793
2
0
0
0
0
22
0
2
0
72
2
0
22
75
0
5
29
0
0
0
0
0
0
1
19
0
47
230
36
0
1102
33
1138
115
6
3
6129
1676
61
16
0
1
1
38
3
4
591
1211
0
6
0
66
15
820
0
0
170
0
0
0
9
1
0
3
2
0
0
2
91
5
4
0
0
0
0
0
1
0
0
0
0
37
86
7
0
306
0
572
0
0
0
0
2
4
0
5
0
0
10
383
0
21
0
0
5
170
0
580
0
0
0
62
1
0
0
60
245
68
0
2
2
0
0
2
1
7
1
18
0
2
0
0
0
42
297
93
0
27
105
0
10
0
376
5233
2
205
0
48
0
5
1
4
0
233
0
33
1
4
1
0
0
420
162
0
0
1
0
70
9
626
45
6
0
10
16
18
1
0
3
0
2
0
1
0
2
1
35
0
0
0
1
1
5
0
0
0
13
144
206
0
0
19
8
13
413
6
7
0
6
0
13
1
233
2
4
17
3
0
0
11
83
0
1
0
0
0
2
5
0
18
502
156
0
0
0
0
685
1
0
0
1
5660
46
0
4834
1
1039
2
0
0
0
0
33
0
603
93
0
0
25
0
11
0
32
553
24
0
2
133
201
0
0
0
13
1
0
2
3
0
3
22
48
2579
11
0
0
0
0
0
0
0
24
1374
13
7
0
0
3
0
67
0
5
1
8
27
8
86
1
24
0
3
1
12
1
0
1
0
20
10
0
0
108
0
0
0
0
6
980
0
19
11
0
0
0
5
6
23
15
3
0
39
1
26
0
206
115
5
0
0
0
1
1
1
0
145
65
0
211
2
11
0
0
0
15
402
0
0
8
1
214
159
10
50
309
0
1
2
1
0
0
2
35
0
0
2
961
0
0
587
0
1
16
0
11
229
0
1
2
0
0
0
0
0
78
12
1
19
51
1
23
0
14
1031
0
305
0
2
0
0
0
33
496
0
14
0
6836
0
59
149
0
43
10
0
1
1
0
2
7
0
96
33
14
3
79
0
0
0
0
42
51
1
0
23
11
2
5
0
0
1
407
0
2
0
298
0
354
6
176
1
3
4
0
0
2
1
13
0
0
0
0
75
2
5
33
76
2
1
0
6
148
1
12
33
4
36
17
0
10
0
1
0
2
43
0
0
3
0
73
0
1
4
25
10
0
1
1
44
1
0
0
96
0
3
0
2
0
508
3
2
0
0
0
36
0
16
0
12
6
0
0
1539
504
5
1038
2
3
5
1391
10
1
0
98
1
20
45
0
0
6
399
53
575
0
2
1
0
5
225
0
1
14
5092
20
0
0
0
280
0
0
0
0
0
0
0
38
0
1
101
5
14
1
317
23
0
3
2
1
284
81
2
0
23
0
1
129
128
23
0
108
7
164
14
1
9
5
1
1
13
32
0
0
8
175
0
0
9
0
23
0
8
5
0
8912
20
2
3
131
0
2
0
0
0
0
23
4
183
0
0
1
6
3
0
22
4814
31
3
4
2203
1
16
0
7
7
0
0
0
0
4
5
1
0
0
103
36
1
0
15
1692
92
0
8
55
5
68
0
0
9
0
2
0
1
0
58
580
0
60
147
0
0
1
0
0
5139
7
0
639
0
0
16
0
0
4
1
0
1
1
18
2
0
3
0
2
0
0
14
78
0
1303
31
2
7
1
0
0
11
2
0
5
0
0
50
59
0
26
3
10
2
2
6
0
22
2
2
0
45
0
94
10
1
0
13
29
9
1
0
0
1
0
0
21
1
90
1
1
58
0
0
2
2
0
129
44
0
307
138
16
9
50
4
0
6
0
26
0
0
6
5
0
0
4
1076
0
0
77
0
1
9
0
0
38
8
104
0
377
0
1
1
1
0
3
133
1
190
21
13
115
274
6
39088
32060
274
10944
13932
9207
16668
37418
47945
0
22000
249
22
1243
38
30794
169
100
5825
30934
1197
797
12859
6
24748
12153
2776
20013
47483
5104
8318
9005
17151
38
12859
8617
5211
6
160
14092
22328
7360
6
169
47630
11588
11050
13101
11228
5124
6
2011
5104
36670
16696
628
6453
217
16702
320
2287
27264
507
9
0
3
5704
8
9201
17
97
22
2579
80
0
1008
24
2
120
4
8
1912
0
256
39449
3090
649
174
0
51
224
183
6
148
48
4636
1
417
4678
28807
5864
656
316
3
74
0
25
102
0
45
15
0
18
6
110
2643
25816
1
1723
36276
2
53
8
99
20028
12
1419
1261
5
0
1
554
185
41
0
2217
3
287
162
60
3
409
3
0
323
5
2
836
0
4225
2
2537
69
6
9
203
0
1
383
8035
2
0
5
1233
4
15653
100
200
7
161
9
9
1156
12
351
21
21
1036
20
11705
9814
30
0
39
12403
8
78
5
2
142
37
45
87
0
6
15
479
18
47
0
1
329
3
1
542
1
0
0
929
1
19
437
105
399
0
72
1
7
0
0
0
0
7
1
2234
2
14812
2
142
0
8
10
4
1216
0
210
24
223
1222
29
5
2
0
164
1
2
24
1
61
11
13
0
4
0
0
402
64
1534
1
52
0
8
0
1
4515
38
19
3025
467
0
60
2
2
799
1
866
357
152
0
0
61
130
68
104
535
39
0
0
1
4928
0
62
8
557
15
822
25
2
192
499
1
1
20
152
1
32
1
1504
5
5
26717
2634
0
1
56
86
12
0
3
33
256
3
77
0
0
95
0
99
4
11
45
20
2385
2
0
0
0
376
0
321
0
1
7
17
0
26
0
2
4
72
233
8
0
0
0
3
18
0
2
0
11
2491
5
0
219
0
0
0
0
3
3386
24
9107
0
30
92
0
0
98
49
375
1068
2
4679
1
0
0
0
104
0
0
0
783
2
36
0
53
0
0
29
35649
54
1
0
548
160
1
2190
2
1
0
1
1
0
7641
1
2674
0
3302
142
1
3
996
869
37
829
0
15531
1781
0
18
0
423
674
17
6
1
39
29
142
1175
1
544
37
0
0
376
222
50
4
22
14292
64
0
1
440
1
9
0
0
1195
2
14868
0
6
9
0
3
717
0
3
0
1
0
98
555
3489
24
0
1768
0
0
3
3417
1
0
0
57
2
14
10
1
149
0
117
0
1
36
0
2
36
142
59
11
3
15
3
0
3354
403
87
1
7
1
1992
6
708
204
16
53
77
2
3
25
194
1
0
0
19
28
6375
3
1
0
30
0
5179
0
21
8666
20
1
11
2
1
72
6
1
0
17
2
0
0
24997
7
541
96
1320
207
1378
0
8
1
63
1
30
738
2898
0
249
262
18
50
3
6
0
120
1
13
1
0
0
0
3
6
1
2
5
3
10
0
1
1
1044
1560
0
153
110
2
8474
0
1
25
854
2
0
104
3
224
19832
2506
2
0
34
0
241
92
245
220
4
0
0
0
1
86
175
0
0
4318
208
177
1
0
0
12
5308
3
73
0
13
8
7
5
125
1
0
3
21
0
0
0
5
0
3
711
4
0
231
0
0
13
1
1092
7
2
0
2
0
0
7
0
9
4
238
0
74
0
0
1
24
5
11
19
1
0
105
0
0
737
3
1
0
6506
0
0
7
1385
1180
11
0
19
87
0
69
1
73
0
1444
657
0
0
0
2
15
168
213
5041
10
0
0
0
197
4
401
0
3993
6
6
8
43
37
3
55
2
408
0
0
0
6
0
0
10
5322
1
44
0
15
14
13740
831
46
0
11
1
51
1272
1
65
18664
151
5
0
0
66
0
0
273
9
53
0
0
0
8
1720
44
0
6
4
55
194
253
0
0
4
29
1810
7
1
0
13
98
16
28
0
1
6
2708
25
1657
70
10
7
46
1
3
35
3
134
44
565
15
0
0
82
29
61
72
63
15
379
30
4
1
0
1
1
0
30
12436
14
2
5
0
9
11462
4
3
0
0
371
61
12
6
49
0
9
45
6
99
0
26
0
8
1
25
16350
8
938
17
6
0
0
624
3684
0
13
5
332
58
0
248
0
5
0
582
5
47
2
2
5
1
0
49
29
0
0
0
1
8
0
31
11
0
3
25
0
76
1
12
0
0
37
1477
1
16
154
0
4
0
0
5
486
1542
0
0
0
1
0
0
1448
93
10401
0
0
0
0
1
0
84
0
192
0
0
4
120
1
43
0
132
0
0
0
0
4452
0
14
0
0
2
0
1
673
0
2
133
0
9
92
0
3
0
0
45
3
6
0
4
409
0
2
0
0
0
0
0
6
1537
0
0
0
0
0
0
1
0
0
3280
7
0
5
169
6
0
4
0
12
4
1
6990
8
0
5
0
1
1
8
11
374
232
297
0
16
1
0
0
31
273
0
58
0
8
0
304
45
29
231
0
224
0
2643
0
6882
8
0
0
0
0
0
6
216
0
0
1
0
0
28
2
34
82
19
407
796
38
38
51
37
0
0
1
57
1
5
53
121
0
701
276
0
1
13
0
0
40
8848
3
0
105
269
24
0
0
1370
0
0
0
9737
29
1
0
0
2
15
544
0
1
9
19
0
0
0
11
1449
0
2
0
45
1
587
3
0
1
0
1
0
1
0
5
0
1755
9
1
1
464
0
1
0
1
0
4
1
0
17
1425
0
2
8
0
84
19
439
10
2
6
1
0
2
0
84
102
0
0
2824
5
11
687
1
99
4
1
5
50
0
0
2
6
2532
0
9
0
43
415
4
1
20
1001
0
3
0
0
0
1
92
0
1
0
12
0
11
2632
9673
317
82
5427
2
0
44
0
3
2
7
0
7
65
59
288
34
2
0
260
235
0
0
38
68
0
1236
0
1
2
4
318
6
0
0
1
0
1889
113
1
10
0
0
2743
0
0
4
0
0
1835
0
14
1809
220
408
13
0
7
0
199
4
2274
0
0
1993
0
337
3
961
0
320
1
0
10
0
0
1
1
17
0
0
0
135
2
9
28
15
0
0
2002
2508
0
5667
181
188
0
0
1
56
35
1
0
1
0
1
0
9873
7
0
16
739
0
17
0
7
900
7483
0
2556
0
0
0
77
0
13
0
2
34
3
1
0
1
1
90
0
9
315
198
0
4417
0
1
17
1
0
0
3
0
0
0
2694
0
3
2
1
373
1
3
3
0
3
90
0
1
190
1
21
4
3543
205
380
2
2
103
12
1028
4
4
0
0
330
396
2
189
21
0
114
1
1
75
2
8
0
0
2
158
73
0
0
3
330
0
2
3213
2
116
22
1
2
0
197
2
915
0
159
69
1
0
967
0
0
33
2
8
693
10
2
10200
1
0
0
2
0
2
3425
0
0
0
62
1206
66
15
0
48
2372
0
447
7
13
0
0
7
0
0
0
0
17
20
19
1304
118
358
0
6
0
3
41
22
66
8
0
34
0
0
0
1
0
0
15
0
0
0
0
1
0
0
2
0
1
1
0
281
0
12
0
0
0
0
2
43
91
1
19
408
5
1
0
2
0
5
23
1
6
0
12
0
2246
7
0
6
8
3
39
1
3
7
1
0
2
140
2
0
7
0
10
15
47
0
0
8
41
0
204
4
0
2071
0
2
64
2404
0
4
4
6
1
11
0
8
5
0
154
3
2
4
627
0
1
0
5
36
2
1
0
1
0
4
0
25
0
69
0
153
29
16927
21
18
64
2
885
90
0
5
0
0
937
27
0
6
1
0
0
40
0
0
39
0
0
0
0
0
0
77
7773
0
4
281
0
1
19
264
3675
0
8
61
196
0
0
0
1
16
0
0
0
1212
2
0
0
0
0
1
196
2
302
0
8
1
134
2144
2
0
0
0
0
19
205
649
20655
0
0
0
271
0
49
62
0
0
0
0
1
10447
4734
2
0
0
63
43
1289
21
596
1
5
0
25
0
800
6
206
0
4
5
1069
1201
0
0
0
0
0
5
0
28
0
12
119
0
238
1
0
16
0
0
0
54
0
126
0
149
439
0
12
45
311
529
0
136
227
26482
176
0
6138
5
0
3
557
0
0
0
1273
0
0
12080
1
0
0
170
0
0
3
0
2
30
440
27
0
37
0
19
1
16
150
5211
1
3
820
2
0
27
50
0
1
0
0
11
0
607
0
6
3
105
0
56
33
0
11
1
0
63
0
3
0
39
0
64
128
91
0
29
0
0
3
76
3020
0
51
648
4
216
706
26
0
0
0
1
4562
0
0
0
126
2
0
22
11
1174
2
4
0
0
0
1
201
1
48
5
0
0
2
0
2
36
43
0
3156
2
0
0
0
10
1
56
2
343
4
127
0
9
0
1409
0
0
30
23
85
0
0
0
3
0
973
2
2
59
0
273
0
0
1348
0
0
10
0
0
0
147
0
0
1415
204
418
0
3
60
34
0
0
18
915
53
0
13
2
0
26
10
1
25
18
966
202
0
1
10
24
0
0
0
190
1
1
0
3
0
230
0
0
2
1
0
91
0
0
1612
1262
5
0
0
0
3
2702
886
1
0
0
0
7
0
0
0
1026
13
1750
8
0
0
0
0
0
3
51
1356
6
0
0
1
2
0
4
0
0
4
2
133
988
0
881
2
0
0
690
14
0
0
51
5
0
0
18
0
2
0
0
411
2460
30
0
9
0
0
30
0
0
28
1345
13
131
9
0
1
1
0
0
0
1
127
79
0
2
5
0
1535
1
4
0
0
1478
0
1
0
3
0
769
5
281
81
10
201
0
4509
394
0
28
9933
0
2
2
5069
8
0
0
87
0
0
7181
45
0
1
0
1
23
1
0
1
0
0
0
1
0
0
0
1
137
0
8
28
0
0
0
0
3
0
0
3
162
0
689
43
0
2
0
2
2
1
0
3524
0
2
0
687
0
1
139
4169
4
0
14
137
0
3
10
20
0
34
7429
281
2
82
0
304
0
177
13534
0
2644
1610
886
7
10
0
1
157
196
3
0
1
264
9
16694
0
0
4
0
0
14
9
0
4
0
4
0
0
0
3
201
6
134
2
18587
51
1
2
0
3
0
1
6
10
21
0
24
0
29
3
0
7
9348
82
0
231
111
0
0
4
0
0
0
0
21
184
6
17
0
0
26
405
0
0
0
118
3
0
960
9264
0
5065
18
7
2757
13
3
0
0
0
0
82
0
0
5
1
3120
1
3547
850
13
3048
128
0
0
1
1
43
1
414
99
33
0
90
0
19918
157
2
2
0
0
0
0
12
214
0
86
0
0
0
32
2
0
0
0
0
0
2
27
17
0
1
4
1964
0
1682
2
1600
0
0
0
19
0
183
3
2
48
3960
1
0
5
0
0
2
3
1
5
4011
4344
0
0
303
0
0
110
0
4
0
3773
131
702
0
8
6516
0
0
337
102
0
24
28337
132
6
0
0
0
0
159
0
154
62
1
0
0
339
13
607
2
0
35
1
250
3
0
0
2981
0
3355
116
3
0
2
0
3
0
255
2
0
34
14
4
5
2623
29
1
0
16
0
3
0
95
239
40
0
695
0
609
4
2
32
2
0
1
0
4
4
0
0
2
1
116
2
186
59
0
0
12
0
1
0
2688
0
7
0
0
610
0
0
0
14
0
5
3
0
0
9
85
1
6
0
2
381
0
0
8209
0
1145
0
0
234
20
3
0
0
15
2
1023
0
28
8
0
0
4
435
1
3
102
1
11993
6
2
345
1
20
0
13
0
5
0
2
92
0
0
0
0
0
1
54
36
39
1820
0
739
2
1
0
0
3
4
4740
2
2
159
217
2
0
1
0
400
0
1
0
5
0
0
50
312
0
0
3
0
1
1
1
0
0
2269
1408
2
0
0
0
0
0
5001
305
4
0
10
9
11619
11
1135
49
1
0
1
1
0
3
1
1
1
1417
0
446
0
28
0
1
16
1
197
855
0
0
0
12
1
10
1
21
2
7
0
13
39
12
14
68
1
0
2
1
129
0
8
0
1
3
1
2
214
79
0
6
3
0
1
0
42
0
0
0
442
1
641
2
0
1
0
0
1
336
6
52
10056
0
4
0
0
5
0
40
0
1
0
0
0
12
4
96
5
5
2
0
18
4
9442
71
0
0
0
120
0
0
0
1
6
86
38
0
1048
1188
39
4
0
0
0
5
354
0
0
8
1
579
0
0
1
552
0
215
88
0
0
7
0
2
0
0
31
0
600
1
15
9
0
7
0
4
0
0
1
1
0
1
0
0
0
214
250
0
1
2
99
0
179
0
1
2
18
0
81
0
5
179
1
0
188
0
19
1
7480
0
1
377
3
2
56
0
0
0
0
0
3
7
0
84
0
14
459
240
2
6
0
3
0
249
36
0
0
3
9
0
0
58
2274
0
5
7
0
5
0
0
0
1
0
0
1560
858
25
154
0
2
0
58
0
2
0
22
25
48
0
220
6
1
11
0
2106
1
0
0
8
49
0
16
3278
0
7
21
192
5
0
6
0
12
6
14
7
1
0
156
0
14
232
0
399
59
5
0
18
0
0
4
5
9
67
0
5
0
1
4
0
4
26
5
7
2
0
3
6
89
351
0
104
578
0
2025
0
160
15
0
2
4
3
188
3
58
2
8
6
2
0
0
0
0
0
10
421
0
0
37
3432
0
1
725
0
62
10334
2
63
1692
2
2
1
4637
0
0
105
4
163
341
353
2
0
173
6
0
1
4
37
0
0
4
0
59
2
2
5251
0
3625
1
2
2
0
0
0
1
1
5
31
226
0
0
139
99
0
0
6
1
0
0
3
0
1
7
55
0
0
0
3
2
8
0
0
0
1
1
0
186
9
0
1890
6
0
11
383
5
0
0
0
0
0
8
3
0
3
42
44
0
37
4
5
61
172
8144
0
3
1
0
0
0
722
0
0
9
0
0
2
22
0
4
0
1
1
311
6
0
1
7
0
2
758
0
73
2
314
43
0
409
330
6
12
49
5
0
456
0
11
0
0
4
317
7
0
267
2
144
0
3
1
1
1
0
4
0
0
0
0
0
2
3
0
0
0
0
362
8
76
4
128
286
0
1
0
8
19
8
0
0
1
14
10
1
27
0
0
1
0
425
1
59
7852
602
712
0
1
0
47
1
0
13528
0
0
0
0
294
3
78
0
15
0
0
23
476
26
416
1
0
0
4
2
14
13
54
3681
8
0
0
0
0
2
0
0
2866
0
1
24
0
0
10
24
0
7
1
0
1008
10
0
21
4
4
0
4
0
0
134
2
18
2
2
2
1
9
15
3115
338
0
12
1
2095
20
22
10309
3
2
0
1
0
97
0
0
1
0
95
5
0
0
265
0
20
0
0
2
121
13
0
1
1
1553
0
0
26
2
15
1243
0
34
0
19
1
0
0
0
1016
0
7
0
110
0
0
229
0
50
0
0
18
52
1
4
0
2
19
5832
11
1
1
808
40
0
10
0
59
2
9
9
383
145
30
0
20
0
9
1
0
0
0
0
3
10
139
0
40
27
4
0
138
2
0
10
1
594
8
3
92
0
0
0
44
0
0
26
0
2
12740
327
14
0
918
0
11
120
35
5
386
0
0
0
0
4
6
3
0
106
0
18
0
37
3
30
10565
940
2
38
257
1
58
12
0
192
0
13425
0
21
7
126
1432
0
1
1
2
0
1
54
0
0
26
7
0
0
3
1
0
132
0
44
3
0
4294
0
24
7
6
0
0
114
23
4
33
88
45
0
0
0
3
0
3
1
9
0
0
20
1
1229
201
0
126
7647
366
0
3
0
0
0
0
0
1
0
16
0
1
0
0
0
105
0
25
0
8
0
1
1
141
1
0
1
5
0
54
141
2
1
0
2
23
0
64
0
1
15
2
2
0
5
63
315
2
6
11
30
267
0
1
589
0
19
0
0
17
7
65
4
0
0
115
38
0
1
0
3099
19
207
0
8
3
0
40
460
205
0
2
1722
0
5
2
4
2
1
0
37
1530
0
127
1
4906
0
0
4
24
819
108
133
6
1
11
0
7
0
2
4
9607
0
11
3
16
70
1
0
8
42
6
1
3
1
448
37
649
1
5
0
27
0
757
6
2
5759
0
66
407
27
29
139
0
43
0
2947
15
0
1
0
13
2
1
5
632
14668
0
16
763
7
39
0
354
0
0
243
2
0
1
10
2098
0
2
92
3
148
21
4
0
1
0
8
26
108
0
0
2
1
1044
18
0
8
2
9
7
211
11
6967
0
6296
2
1
0
2
0
0
2
15
94
10
156
0
0
0
0
6
4
73
747
591
0
0
0
0
1
5
0
354
36
10
485
0
0
27
92
446
3
20
0
0
0
174
0
0
207
12
1
4
2
65
58
1
19
1
2
29
160
11
3
0
2
0
5
0
15
13
2
6
213
65
0
3
0
2
12
1
15
0
0
0
610
0
1
0
0
6
6
1
12
14
2
12988
2
0
0
0
0
0
50
1378
23
0
759
0
1
0
9
0
2
13
0
66
62
277
165
2
0
2
4
0
14
1269
56
0
18
0
0
0
1
8
0
0
0
1
2
0
49
14
3
0
0
0
0
0
0
0
83
5
14
0
0
59
13
25
16
1066
301
337
37
1
0
0
0
19
10
0
0
3
6291
117
0
0
487
0
0
0
3
1
10
586
1
0
92
0
0
614
8
0
8
7
2
2
9
76
54
49
0
349
0
1
0
2
0
6
0
42
0
1
0
35
2
104
0
0
7
13
0
1
3
0
4823
1
5
0
1813
2
59
105
0
631
73
2
0
0
3
0
0
23
3
20
3894
16
11
4
0
3550
23
0
4
4
123
4
0
8
674
29
0
41
0
0
0
0
194
1
2
2
0
1
0
0
7
0
0
15
668
0
66
1594
1003
2
0
1
55
0
0
0
0
2
1
1
0
1
2
5
0
7
59
49
2401
0
45
0
36
0
0
3
0
8
13
288
1
46
0
0
0
48
0
0
0
38
0
14
3
7
565
5
21
1936
0
0
4
1
43
1
1
1
128
61
0
0
15
0
53
0
35
1
3
0
0
0
6577
81
2
5
378
0
0
2
0
3
8
0
8
0
5
19
0
0
142
0
55
0
11
239
0
1
0
1
0
0
0
6042
1
0
88
0
3
23
205
206
0
0
150
1
0
0
6
7
9
0
14
125
0
1
0
7
11
0
0
0
300
0
0
0
1607
1
3
0
31
100
1
1
0
3
0
0
3
49
2
2
6
2
0
0
0
1
0
364
0
3
0
0
127
23
197
0
311
0
0
7
58
3
1
3
3
5
1
0
35
0
0
2
0
0
0
76
2
0
19
8
0
0
0
4
0
1493
87
0
24
197
0
12
1
3925
4
0
0
0
34
8
5
7
0
0
589
3
131
8
0
0
9
11
0
0
0
0
1
70
135
1
0
28
3
3
2
0
0
0
1
3
30
1
59
4
0
0
39
0
0
4
0
1
0
0
1
53
2
2
6
1
5875
0
10
0
2
5
1
3446
24
6
0
0
12
0
0
18
17
87
0
0
3
115
0
431
1
0
3
0
817
0
721
9
4
0
2
9309
16427
0
16430
0
16224
28
11089
5104
28
14289
4732
2113
1114
3566
14649
13095
28
22130
839
1035
839
0
180
1146
9790
13211
73
4567
4220
14071
2568
12859
1146
6
87
147
13412
845
12859
22542
163
38
23186
185
4220
2459
28
581
5104
6201
1612
839
1612
14007
12859
39048
18126
2225
0
21991
147
4343
147
27
2828
91
81
1940
8
9795
5
0
9795
139
2243
2
47
55
3
428
6171
0
184
655
20
8204
4843
0
4935
8
0
254
70
48
13
1289
0
1301
2111
64
22
425
3519
1
23068
4716
7865
2233
2
278
15245
20301
0
111
11
3876
1023
5
2450
0
22
263
0
7
88
4933
0
3400
9771
22791
3819
685
1
490
1
333
7
4
0
4
1931
337
2995
1
6
4414
0
2
0
0
0
1
0
657
78
6239
118
5
1
42
1
13
43
1455
26
0
4794
19890
12
33
0
89
93
1703
24
0
333
0
0
0
43
54
1
2546
2
61
1959
9
1082
238
14950
32
155
0
0
32
0
7163
1
9587
9
5
108
11
35
61
0
2
3
0
0
32
1
0
285
176
0
2
1447
4805
137
73
0
6
176
4
1589
5
63
61
0
0
5360
499
64
4504
3507
10
0
308
6309
158
0
1
30
2
0
837
0
245
34
3142
3
0
360
49
13
276
1809
1914
0
2398
1
78
1
0
609
1
23
800
344
0
11
1
1
1
101
0
58
4527
44
0
1
16
115
7572
29
11771
0
0
0
12
320
4
2
78
4
0
7
1423
138
921
104
139
6
1805
28
76
1
49
5
1
245
17
0
11
5
7734
11
104
16
8
1871
136
0
767
0
1184
18212
0
34
3
1
6455
3448
0
2
268
43
45
19
0
0
100
145
24
4001
0
0
10
1
9
164
7118
3
2
2
81
70
10
77
9
20
36
0
0
4116
1
3658
157
286
38
409
148
0
1059
4
15
27
58
2
0
523
63
2
0
2
9803
0
19590
0
36
0
1
5839
18
2630
1646
4
1
3
10
44
55
0
34
0
3
0
2
697
60
0
1
34
0
2
143
900
1416
0
165
5528
29
4279
3
277
0
0
72
4567
5417
10742
0
0
1
0
29
232
6
1
1452
0
16
0
0
3
46
1305
3
7
0
0
0
6736
40
510
0
1
4
0
893
2380
0
18
0
0
1
2
1533
0
0
0
0
4
7180
0
49
311
92
1
0
0
8
56
3
2
76
22
0
4
2807
55
12
0
314
13615
0
75
1
288
179
0
27
15381
8
76
1
24
1
4057
0
0
5
80
0
10
368
0
133
210
0
5
3
150
5
143
1
3
0
0
1
83
2
3
6
1798
0
1
0
220
23
16
27
1
5
7
357
0
6
165
1458
9
1
0
65
45195
9
664
164
229
91
8
1
0
20
0
16
104
4
17
22
8
0
8
9
0
9
14
0
0
4885
608
148
48
36
0
2
1299
15
128
0
5
170
0
0
0
0
580
1858
2038
535
10
212
27
1
0
213
1
0
1
227
74
5433
206
1
1
0
644
0
85
40
819
0
80
17
27
0
1
97
0
0
27
0
4
4
3
2
0
25
136
0
0
721
0
2
5297
0
19
0
0
1
0
0
1
6777
1
17
2
1
1341
0
0
0
3
654
7
368
0
0
123
5
981
10
38
527
306
90
1
3
912
0
0
2
0
0
0
0
0
0
101
0
47
0
0
0
0
23
6
2
0
69
1
8
0
280
180
1140
0
0
15
0
196
0
0
0
0
0
0
0
12
0
1064
14
0
0
289
0
0
0
0
0
0
1
191
0
1
109
50
0
972
3
1
415
38
0
0
0
0
2577
561
1
0
0
0
2
54
0
0
83
2
0
0
0
4
29
304
0
0
0
1
0
0
48
1756
1
1523
3
1
7
102
37
0
526
8
2
2
12
0
26
23
0
8
1
0
118
1
3
0
5
24927
2
0
457
142
1
9
0
0
7
0
1
81
210
0
38
1
0
0
30
299
0
309
0
0
0
0
0
28
1
1
1
1
0
454
15
4
13
350
353
109
0
168
2
0
2175
1
482
13
40
0
1
0
0
0
1
63
0
4
2
4
2
3
101
11
5764
212
0
18
1
0
0
1
1992
0
0
5856
0
174
0
2397
7
0
0
953
193
0
93
4
1
0
3
1
1
40
1
1
81
42
24
1
1
4
10
741
0
0
4055
0
0
550
46
12038
0
0
388
2
0
2
1
32
6102
18
6283
0
214
6
0
38
1194
0
42
0
0
0
0
0
1
8
28
0
0
0
0
0
2
1
8
0
102
0
0
1
5
13708
1
106
2
0
0
259
3
1
0
4
0
2
0
24
2
12
0
0
0
0
7635
0
903
1
0
8
0
319
1
7
8
0
434
48
0
0
455
0
0
0
0
1
0
1
0
47
0
7
2301
0
56
0
0
147
2
16
18
3
11
0
1
3
0
115
0
0
0
2
4
68
0
0
0
1
0
4
77
13
8598
296
519
0
223
3
8
1095
0
16
306
0
0
32
588
0
10
41
1
1
2
15
216
3
0
0
20
4
235
1
0
0
0
6
191
0
154
1
1
29
1
0
71
5
400
0
2
5
1
0
13
0
0
0
3
0
170
0
0
6
1
0
4
11
0
2037
4110
0
0
0
0
7589
0
0
0
0
0
196
0
0
0
0
0
30
0
0
5
49
0
21
0
0
123
126
0
1
12
0
3
8
223
0
1
1313
5
0
0
3110
11
2304
9
25
0
3
17
14
0
0
0
56
1094
10
0
0
10
3
155
0
660
1740
7
177
0
0
15
4
0
0
2
0
1
3
5533
1
0
0
2
2
0
518
0
0
0
2
24
0
0
0
0
1
3682
0
0
0
0
3643
0
0
0
0
0
16313
0
0
1
1
0
0
1880
0
0
0
58
1
0
125
527
0
0
1
3770
0
4813
27
2666
0
0
3
0
10
1
0
448
343
0
19
11
25
20
4
0
0
49
0
0
3782
194
516
2
0
0
391
14
1
7
0
1
1
40
0
0
0
133
1
0
0
0
0
369
30
0
2
2
182
18
1
2081
55
1
1
11
0
80
6
0
0
32
428
172
0
0
0
0
212
4
0
3024
1
28
1
23
6
0
0
0
1511
7
11150
4
1709
6
2
1
837
0
83
4
0
0
0
0
7
158
3904
0
0
20
0
1
0
723
0
930
0
8
102
120
6
15546
0
3
2946
2
0
0
0
3
0
0
1
4
0
333
139
262
0
0
557
0
1
4
0
0
18
0
0
77
0
0
766
0
1621
16
8203
0
1
2
0
1126
0
136
1786
1
0
1
0
35
6
314
290
2
56
5
2
133
0
1
0
364
0
1459
2
169
3074
2
12
1
0
8860
3
10
1
0
20
2970
0
2
0
2
0
0
262
0
1
0
0
251
0
18
0
1
0
0
0
328
57
0
173
0
113
0
2
0
6
0
423
5
7
10
0
6
0
0
0
0
0
0
34
50
128
5
1
261
0
1
0
2
441
31
0
20
0
5
0
304
162
1642
0
28
0
2
8
6
166
0
8
0
0
1382
21
739
1
0
1
3
0
593
0
4
8
530
2
0
197
5226
0
55
0
1
0
0
1
2809
0
9
9
5554
8598
0
0
0
33
5
6
0
90
0
12042
15
1990
1
0
14
0
0
0
3
0
452
0
0
1
2977
9
0
0
5
0
36
0
292
5
927
1
6009
2
0
0
4
2212
1
2619
0
2
9
1
9
0
1046
55
0
77
0
0
514
0
0
36
77
2
0
0
0
59
0
0
25
1
18
0
19
17
0
591
2
2
0
215
107
5
9
0
0
11
531
0
0
0
2
0
7
0
0
2
3
0
67
0
1
1
2218
30
12
0
43
0
0
2
3
2
41
52
1
354
5
1
21
230
229
0
148
19
0
0
10
0
4
0
0
167
8
0
3
3
1
0
5
0
2
0
5
23
14
1
0
0
0
0
1
0
705
0
743
0
10
0
19
149
0
194
0
1
0
30
1371
0
0
77
0
95
0
0
332
33
0
0
701
0
1
1
151
4
2
18
1
178
1
15
3
5
0
5
8
70
0
0
0
604
10
28
1
0
1
2537
26
16873
0
66
13
3
61
0
0
0
237
1
0
18
0
5
0
0
2
2301
16
3
0
1
1
1
8
62
1
0
1
6
1
4
1
0
0
107
0
0
11975
0
0
0
0
1
124
6
2
0
2
0
821
0
2
0
0
0
7
317
2
1640
0
0
5
2
0
13
0
0
0
0
2
0
206
0
0
0
0
364
8
2783
21
0
4033
0
0
1242
0
102
0
30
2
203
1289
0
3
147
0
89
2
1
1
3114
368
8
1
44
127
0
274
1
0
33
0
18
1
14
11
2
30
0
0
361
0
86
2
545
0
12085
0
26
6
2
125
34
0
0
7
7
21
747
0
427
0
1
0
0
0
7
24
169
0
5
0
1
1
3
26
0
0
0
2
0
0
0
2
2197
1
46
4
0
12
0
88
14
1
0
73
0
0
4
8274
1
2
0
2
0
0
0
0
85
1849
1
2345
376
6
0
1373
0
0
0
0
0
0
10
0
0
7
23
0
0
0
0
0
63
0
8
0
14
21
2
162
14
0
24
243
1103
0
286
0
1
0
23
29
0
1478
0
0
4
2
21
0
14
0
8426
624
0
1
0
258
0
315
4341
2
423
1
0
6
1
1
4
0
1
6
55
2
0
2
1
0
0
3
5
1
0
1
449
0
3506
3
6
1
1
30
0
3
3
1
321
2
152
214
1
1
36
1213
0
68
0
43
0
0
0
16
0
2909
0
0
1
37
0
2
0
1
0
25
15
0
17
121
6
4702
0
2
0
2
0
3
0
2918
0
0
7
17
0
0
147
2
12
0
55
0
1
1
0
1
0
2
1960
8
0
0
13
0
58
0
5
0
24
1
161
1444
0
2
1
29
19
1
2
0
20
5
1869
46
0
2
0
1745
67
0
1461
5
0
1287
16
3
1235
0
10
0
0
11
5355
1
95
0
3
0
113
2
2
0
0
0
25
0
1628
1
0
1
2
3
6
504
52
1
0
198
7
0
20
234
5
0
6
0
0
0
7
1
10
5
0
0
0
0
71
4
1
181
0
0
105
23
4149
1352
29
2
2
0
316
43
0
0
0
0
5
72
0
0
3
0
0
276
0
7
0
0
48
0
3
36
184
18
143
0
5
4
36
255
291
7
12
11
1
0
0
0
1
7
0
1
0
0
1
0
32
0
54
0
128
19
0
0
126
45
12
1540
11
0
0
2056
460
0
0
33
0
0
0
0
0
14
0
227
21
95
3428
0
70
0
0
0
0
1
166
1
3
8
1
35
1
5455
2
250
2456
0
2
0
0
167
0
35
0
1
6
38
0
25
3
0
0
0
1
0
9
0
42
0
3424
1
151
0
0
0
2
0
340
0
31
0
0
16
0
257
2
7
0
0
3
7
1
1360
6
527
0
58
0
0
0
19
0
6
21
0
136
0
634
1
2025
191
184
0
0
0
120
0
10
2
10
3
0
0
0
0
0
1
0
0
0
1
1
67
1
7
1
231
9
1
2
1
1
25206
0
11
0
0
0
0
10
5
0
7325
8
30
5
118
0
21
1
0
0
46
6
0
0
3
0
0
0
0
10
337
0
8505
2
18
0
0
29
0
0
0
0
1
0
0
662
1626
0
0
0
1
13039
0
1
0
1
0
0
0
6
6
0
1
0
0
0
43
4
2
29
3
3
2
8
0
3
0
0
1
0
227
1
0
0
0
2561
431
1
0
1
0
662
37
0
344
3440
0
214
1
111
5043
38
453
0
2
0
0
12
19
2131
0
18
1
0
295
4
0
4661
0
3
0
0
1
0
4
13
242
2
5
0
409
0
7
0
114
3
5
0
31
0
0
1
4
318
0
0
3
4
164
1
12
0
4
0
964
337
0
0
5
0
13
1510
14
16
0
1
2118
0
129
25
207
2
0
0
391
0
0
0
0
2
16
4
606
1
1
2111
11
1
0
94
0
0
0
0
1146
0
0
2472
1
7
24
0
7
0
0
9
16
18
0
38
248
0
5
5
0
594
17
39
1
1
1
2
2
1
4
0
0
3
1
42
0
117
0
2
4
0
3
33
29
17
1760
0
22
15
18
0
7232
0
42
0
0
122
87
0
0
58
0
853
104
2816
0
5
5
2
4
0
124
0
338
0
87
0
0
0
1
0
19
86
1
0
0
0
44
27
0
0
0
208
1
2
1
1
33
0
214
5
1
0
2
6
1
0
10
0
1
1
0
1867
5
6
1
1
6872
1
0
0
18
9
157
3
103
0
0
0
0
0
0
14
8
8
2
0
0
0
0
28
0
88
0
1
0
0
4
1
0
1
0
56
17897
564
0
4542
10
0
36
0
5
0
0
3
0
0
1
0
0
27
78
0
0
0
4
0
0
1
13394
0
57
648
5
1
1
5
86
13
46
0
0
1297
0
3
0
2
4
0
0
0
134
3
1
280
2
41
0
2
0
0
1
0
90
0
3
1
1
38
0
37
2
56
6
16340
98
2
0
1
2287
80
1
0
0
2
394
1
0
0
0
5
0
2
529
299
0
0
150
6
0
0
106
1
48
1
1
8588
0
4
0
3
1
0
0
13
14
0
23
3
0
0
5
0
0
0
7729
459
138
98
4
4
124
0
1310
221
154
8
1
24
0
0
0
0
4377
7
1
0
0
0
1
3
2378
0
0
65
0
2826
1
45
120
81
0
1
2
0
1
12
16
0
154
15
78
0
189
0
1
0
0
82
2
1
15
0
0
0
5
70
0
0
1
0
5
0
0
0
0
0
227
8
2
0
2
0
6
34
1
0
0
0
3
5
13
294
0
2
32
0
0
20
0
38
84
12
0
0
0
762
0
0
4
5
0
0
0
1290
0
75
0
0
0
0
33
0
5
0
0
0
0
0
73
0
1
0
1984
0
7
361
1
0
36
10
2
422
2
0
0
0
0
0
10
31
3257
0
0
9
0
89
0
0
382
0
0
0
0
0
2
17
1
1
0
0
5
0
5
0
9
0
32
439
1
0
0
0
0
0
0
550
3
0
1
7
2
0
0
0
0
0
6
8
1
0
0
4
328
0
12
0
4
35
0
0
85
15
62
0
1
31
0
0
26
0
0
0
62
808
0
4
1
7
158
6
0
25
3
1
47
80
37
694
1
0
13
1927
81
8
37
481
0
0
5
115
4
0
3
26
0
3
0
52
0
199
0
0
0
42
0
0
2
0
6
144
0
0
167
0
0
32
2946
2
0
14
0
0
1
2
107
113
5
1
78
0
0
0
5
115
26
0
144
44
0
213
0
1
8324
335
3
5
1510
3
1
0
366
0
0
132
19
5
14
29
81
0
6
0
0
0
11
2
0
0
0
16
0
0
0
118
0
2
4
20
5
107
120
4985
0
39
250
0
12
8
0
0
7
0
0
68
31
1
0
113
193
101
1
11
54
11
0
0
0
0
8
0
4
10
7
168
0
0
0
10
4
0
65
0
0
0
1
5
0
0
10
0
0
1
0
270
0
0
0
1
1
28
1
1
9
8
16
2
0
0
0
0
0
17
224
799
0
0
649
36
209
0
43
0
1118
0
1
0
59
0
0
0
0
0
4
0
1
2
0
6
582
104
1
0
6
1
0
0
0
0
0
0
27
0
1759
42
1592
0
94
4678
0
0
88
0
15
5
0
0
2
0
0
356
69
0
1
0
0
40
10
11
0
2
25254
40
26
2
1
0
0
0
252
9
977
3
2428
72
65
3
4
2
0
1
0
0
1106
0
0
0
2
5
0
4
109
0
1
16
0
0
0
0
827
1913
326
1
18
39
142
74
431
0
1
5
28
0
0
0
28
0
4
60
0
23
5
136
0
9
19
0
0
27
113
33
3
494
1
13
1
0
12
0
0
0
20
66
0
23
0
0
465
33
0
0
2
0
102
4
0
2
0
0
0
0
4
0
0
24
10
5
0
1
99
2
5
35
0
6
0
9
4
14
13
1442
0
1
0
1
107
1
0
0
2036
650
10
1
10
0
74
1
0
71
0
3
5528
1
1
4217
4
0
0
0
95
0
73
5
0
0
0
0
0
0
8
0
4
14
0
2
1
8
0
1
4126
5
0
2
0
0
1
10
97
47
4
0
8
1
0
6
2
0
9
0
0
0
0
0
0
2
5
0
46
27
0
94
31
4986
4
71
2
0
1
0
6
0
5
0
0
7
0
0
79
83
8
4
10
0
0
0
1
0
0
23
1
1
0
1
54
3
2
37
37
19
0
1
0
2
91
102
5
0
0
104
26
0
295
0
3
42
1
0
0
19
0
1
28
56
38
17
24
0
5
151
0
14
0
0
2
212
0
0
0
0
0
34
0
0
0
0
292
0
1
0
1
26
0
1
289
1
33
6
0
0
0
13
8
20
121
1
1
1
0
4
10
13
56
8
0
0
1
0
0
10
0
0
1
0
2
0
0
1
22
10
7
0
4
2
0
1
272
102
0
0
1016
0
0
0
0
14
0
2
3
0
16
9
1
0
0
0
3
256
1
0
0
0
2
0
32
41
0
1
559
33
933
4
0
0
3
750
1
0
1
0
0
0
0
0
0
1
0
1
0
1
128
322
0
0
1
0
0
0
0
1
67
0
0
1
4
3
0
5
1025
55
1
27
0
1
3381
0
3
0
4
8
0
0
1
4
4587
126
3
813
1
0
3
2
1
1
2
0
0
0
0
9
0
0
1
0
0
176
24
0
0
1
0
9
0
0
0
0
15
316
3
0
480
0
35840
0
234
0
0
0
6
0
2
0
0
0
0
0
0
0
30
0
0
4
0
3
0
633
12
179
1
1
50
65
6
184
0
0
3
0
1
10
2
0
1
0
33
0
0
341
0
19
0
619
37
0
0
0
39
1
0
0
448
55
4
2
1
44
0
181
6
7
0
0
1
172
0
0
24
0
1
123
26
0
26
0
53
0
1151
0
0
0
2
305
644
7
7
753
0
0
0
0
0
1
2
25
6
9
0
0
0
1
49
1
0
0
410
23
1
3
4
363
1
9
1
1188
0
10
0
1
0
25
7
16
17
0
2
0
2
1
0
22
37
0
0
1
0
34
0
9
0
0
1
0
0
2
1
2
0
0
0
43
0
0
0
46
1
0
19
0
15
0
1
1951
1
0
1
0
0
0
0
1
0
0
0
0
0
5
0
0
79
0
0
2
9
0
0
23
8302
0
7
38
2
0
0
0
1698
32
0
0
1324
0
0
0
53
0
0
0
1
366
0
13
6
0
0
2
3
47
0
1
0
1
2172
7
3
78
369
2
0
0
0
1
1312
0
0
12
0
895
0
1
0
627
225
0
20
6
2
2
0
9
0
0
0
0
0
5
0
2
91
0
229
0
0
0
13
1
63
17
1
0
561
0
335
13
7
0
22
6
2
0
227
3
0
39
34
151
0
0
0
1
28
0
0
3
1
0
0
1
0
425
2
3
0
220
0
0
476
0
1
8
79
0
8
233
314
154
40801
33680
147
6526
5021
21517
87
87
38
994
1786
28692
1612
26858
21965
62
40311
38
169
1276
3309
274
185
509
320
38
6
38
0
1887
22069
13755
169
169
5302
440
19886
6790
5211
5104
3623
13323
8028
169
5211
163
274
8528
1882
6
6
4238
876
3484
160
440
10125
320
83
0
73
320
287
124
0
306
2901
2612
4797
133
26922
211
3972
0
113
34986
5367
26
46
79
1624
30
40653
0
8
96
2233
9
1763
18913
0
11282
4135
40
6
1043
210
210
0
595
115
565
577
274
3
41
1
8
6
7092
2015
2791
1600
2218
31
2
5897
22
9998
595
16761
19786
1546
6
4329
872
224
3439
78
501
399
3
0
8835
5
53
1
117
576
13
0
3350
8747
13447
1
0
1100
837
1
53
4935
1473
2
0
0
5
938
40
11160
1211
508
508
3199
1
315
19121
2
19378
20
2252
12
170
1460
3
2
2
4
0
0
1179
401
0
2
1
9
0
1
3
17
240
1
0
2
9
5
1277
2
0
75
0
2733
9
876
84
209
802
716
0
27
0
267
21
96
14
8873
20
99
128
176
39
3
43367
5121
0
0
0
5
8
2
156
0
121
1
471
0
5829
9
46
10
11
1
668
646
4
5014
1535
13
8
0
53
0
0
17
4772
65
343
3
0
210
5
467
1
0
2803
0
534
4
65
7
1
27
0
3
0
295
0
453
2
686
2
23
12
169
28
141
8
3
375
33
33
7
20
2956
49
3255
218
1587
36
301
1572
0
1512
1
0
60
5
2170
21
31
0
13
18
0
24
51
57
15543
1121
382
89
105
41
6
0
0
48
514
1
137
9421
939
2
0
797
3
402
841
0
2
17935
77
0
7
0
1
1
1666
1061
0
65
1
318
262
262
0
52
42
96
8
1
515
1
10
12
10
53
305
8
156
260
77
0
3280
12362
48
229
0
3
2
0
1719
51
9
1
2
0
29
191
0
12
0
66
0
0
10266
0
135
34
4
190
0
73
2
2160
65
10637
0
49
0
4
8
352
411
0
0
84
60
67
0
0
2409
0
13679
1464
2071
1407
1895
1
13
0
0
0
15
0
16
0
76
7556
36
852
0
4681
423
1
157
9
1357
24
0
24
0
0
0
2383
0
3
0
63
0
4
4
1
6
2
1
0
300
3
278
5268
1
34
0
16
0
0
1
1718
0
0
0
0
702
2
2258
212
12
8
1
0
33
2
26
0
0
1
0
27
1
3
3
125
1
1450
70
35
0
771
394
0
6
17
96
28
0
4
351
0
1400
4
3
2117
50
26
28
137
1690
318
0
6
61
0
51
0
0
0
60
16
1134
0
73
206
4819
4
0
0
3
39
0
1939
280
0
9
0
2
83
23
1538
125
6
18372
277
4343
0
0
2
1
127
1
0
0
0
6
0
0
50
3
10
1
1000
0
0
0
27
0
1
91
0
74
1
1
477
43
53
0
111
145
1
10
4616
57
4
0
0
0
0
0
1164
0
0
0
653
6
0
260
113
32168
5
9528
1331
0
53
3
20
2141
2
434
5198
49
1
1641
3
0
4
1629
26
0
1
5
254
12
3
3
3
0
15822
0
1585
0
109
51
1
0
632
0
1
48
4
1499
11467
0
3
694
301
1345
0
1
0
0
0
0
468
0
0
0
10804
752
1184
152
0
0
6
2399
3
0
2528
3
9
8
607
1
1152
3
0
0
1
6516
5444
82
0
17
1625
62
0
0
1
210
108
17
292
15
0
91
0
1
15
761
0
3498
8
0
1
0
1
4
722
0
0
2
18
0
11667
0
489
210
25
0
0
1
2984
68
8258
1
26
211
53
3
85
94
42
1
0
389
3
819
0
12
0
3
0
45
155
5
644
0
690
4732
67
1
300
103
10057
0
0
1273
159
0
0
0
1176
136
15
0
389
238
1
15
1439
17
172
0
0
2
1040
132
448
95
47
277
417
0
0
0
44
102
2
16
0
1065
0
28
3
104
338
192
16978
0
56
3
5
0
612
357
66
0
1
0
35
0
0
0
5
8592
0
126
4
0
0
0
567
115
0
29
2
112
0
0
8
0
3
43
264
84
2
0
13
0
11
0
0
2
0
0
14117
18
5
0
1
0
572
0
170
194
0
3045
0
0
487
2
207
1002
1
220
0
3
0
0
2857
8
3074
9
41
1
0
1
5
228
6
3627
1093
32
47
0
0
31
64
77
1
0
46
488
23
1
7
34
0
142
4
0
2
367
0
0
0
0
188
1444
7
0
0
95
0
0
493
861
1
0
1
3
6
0
5
2
5
1
0
1307
0
391
0
52
1
37160
2
0
3605
0
0
552
0
0
781
639
235
14
1
322
0
0
71
1
2
0
0
2
4
0
114
0
632
0
0
0
1
1402
260
7
0
1
343
102
1317
0
0
36
534
59
0
0
0
0
6
212
17
35
1
0
30
29
4704
0
0
0
0
0
0
2
7
0
29
0
884
0
3
94
956
0
0
5
1
5
0
0
1268
0
1
0
895
25
0
37
0
13
5
1
1
0
0
0
1
21303
3
0
0
1
62
0
0
65
0
0
0
0
1553
0
4
0
522
128
9
14
686
0
29
0
15
0
0
133
218
325
7363
2
0
5
1699
0
0
0
5
22
594
30
0
2
1
55
0
2
0
301
0
0
18
180
0
0
0
2
2
4
4
665
13851
1062
0
2
7
70
14
0
0
2
0
4
107
214
817
10
9
0
1
0
51
0
0
0
0
0
0
0
166
1
329
300
2
2
6
0
289
0
51
0
87
1016
3
2
147
6
13
0
0
36
477
0
0
0
1
1
298
0
546
298
46
57
0
0
1
5
0
9
76
5
31
0
0
1
0
165
4917
668
6408
40
2
0
1
30
3
533
0
1
0
2
0
17
0
33
0
0
0
4
170
48
0
4
24
32
4
1
56
6
1
0
1
0
188
0
0
926
604
1154
103
0
3
12018
2
6469
0
0
0
0
0
7
0
0
0
24
0
0
2
0
4879
0
132
729
0
0
249
701
0
4
408
1
25
209
496
0
6
0
23
0
5
0
0
0
7
0
7
1
3
20
1
0
2146
0
0
121
3330
1
61
0
0
12
382
213
0
148
0
343
82
4
0
0
3
1305
4783
1
15
561
9
0
0
9
7
0
4
0
3711
271
19
2
0
0
0
2
0
4
130
1687
0
0
1
0
88
0
0
0
15
486
291
0
0
12
8
2
0
44
0
8
0
0
4
51
17
0
0
0
0
140
0
0
87
0
0
1
0
1
0
0
3838
4
176
9
11
0
983
0
0
272
0
8793
0
49
767
50
6
63
6
1
0
13
0
0
15580
70
67
1399
0
14
25
299
7
40
4
7
6661
0
1
7
18
0
54
2
1
1
16
24
0
33
0
662
3
0
0
81
54
11
48
12
0
0
0
94
0
0
1
0
1
1
0
0
0
0
1636
1441
265
265
23
9
0
31
0
0
0
13
0
3
7362
55
215
5214
1
3
6
1
0
5328
0
0
15
1
3
1
1
0
8
69
414
2459
765
0
26
203
252
2
0
2
10
131
1
11722
126
1
191
26
3
1
177
1
8
0
1
172
22
0
0
700
0
996
1
5385
2
0
0
0
0
10
8
6
0
429
0
10
10
18
1
152
7
109
2
373
752
0
0
0
9
76
0
0
1
1
2
5010
1
790
0
0
1
0
0
46
1
0
279
402
0
193
0
203
0
0
22
19
0
11
6
0
39
0
0
17183
2
353
0
10
0
16
0
31
2
3
3094
0
1
51
1
129
0
3
6
0
5
0
10
3
1
2
0
15
0
7
0
48
49
72
2
252
34
0
0
8
0
129
220
1
1
8
0
11
147
4
0
82
0
104
3
1
0
1
0
2
0
0
0
190
70
24
0
300
1
3
0
1
0
71
3
0
66
2
188
192
1
37585
627
2
1
99
0
2
0
19
432
26
7
1
21
209
55
1
0
2
0
985
0
10
0
37
2554
222
641
0
0
40
98
2
1
2
28
2
0
42
0
2192
0
36
0
1
0
389
420
319
8
4
21
4
11
55
0
25
0
0
0
0
736
13
0
57
1
480
2468
1524
278
0
441
0
419
2
0
0
0
0
391
1
9
13
39
1
0
0
0
0
0
0
33
1
28
0
349
2
0
2935
469
0
7093
600
12
19284
319
0
0
13
39
0
5
8368
6397
53
89
0
2
44
85
1
4
6
16
4
31
0
0
2036
11
11
68
2
4
2
61
11661
0
1
121
142
0
777
0
1
1
35710
0
47
49
0
0
3
156
2
1
0
12
1661
4
16
0
0
3705
6
51
1
1
644
1
0
5
0
0
1
804
4
0
1
21
14575
0
0
0
0
0
120
0
0
0
9
0
2407
0
1900
0
7
3
0
0
5
0
0
190
54
0
7
2
181
1
2656
15
0
0
0
1
0
2
1
11
7056
6
2510
0
1
48
1
0
0
2
0
2
4
11
0
0
0
587
3926
0
16844
0
66
1
1069
15650
0
2
0
2
235
186
0
4300
7939
0
7
0
0
18
2
7
0
0
2
14
16
0
4
0
47
10
0
0
0
3
0
0
161
9
788
93
0
4
44
2
65
4
15
980
4
350
0
1
223
0
4551
0
4
0
0
42
926
0
38
1079
0
1900
643
1024
9
0
1
0
1
4
0
7
154
8
1
8
0
2
202
184
0
0
2
0
207
44
1
1
272
27
0
0
1
1
0
66
0
106
0
6
0
186
3
12561
0
190
104
0
1973
10765
1
0
14
1
469
0
0
0
0
26
15
0
35
26
1
0
0
0
37
9
1
2
0
2
0
5
0
0
0
52
3949
0
0
77
1
134
5
0
0
1
25
0
12
0
0
4
4
4
12
1
258
1
0
3
181
0
13
10
0
14
0
3
0
51
14
0
0
39
34
76
0
0
0
0
1
0
62
53
51
0
2
0
4
0
35
2
19140
28
2
35
3
0
1
0
12
0
0
31
2
242
0
672
2
293
1
8
2
130
0
0
0
0
1
1
189
34
998
42
22
3595
27351
1
1
7
0
1
170
45
2
1
0
8
1001
38
2
0
0
720
0
1
10
0
0
2
1
12
1
187
0
1
18
462
240
5
524
7640
349
2
49
0
0
0
366
0
0
0
0
1972
8
1
0
15
12
0
0
2808
0
138
0
447
1
0
20
151
40
10
12
172
0
8
0
0
0
0
28
352
12701
4
0
0
20
2
0
34
0
7
259
41
0
0
29
21
0
2
1
2
2
0
0
7264
3
0
0
32
40
1
0
0
2
0
0
0
1
1
262
0
2
0
14
663
5
14
206
1
0
143
53
1765
0
3626
1
0
2
4
9
0
0
531
1
0
0
8252
0
0
0
0
42
540
1
5
356
843
0
0
0
1151
0
0
0
0
0
6
0
1
2
78
0
2
243
1792
296
0
0
111
2
0
446
273
1
0
0
1
0
0
26
16
49
29
15
0
26
3284
0
24
30
0
1
0
0
1
7
0
0
158
0
980
0
0
124
430
5
20
0
2
20
42
781
50
0
16
54
881
5
2
106
57
0
1
0
12
4
3
2383
3689
15
4760
8414
15
28
0
0
1
88
233
0
0
0
0
15
0
3
2
15
0
7
0
0
744
0
0
0
3
0
0
474
2415
1
4
4
2197
818
0
93
76
1
5176
415
0
23
0
86
3
36
1
0
0
4
8
0
16
1
51
0
24
3
38
19
0
3
2
30
0
3
7896
532
0
362
1
2
2
0
12464
0
82
12
2
0
8
7
370
17
0
58
0
0
14
38
385
1
0
187
831
51
2
168
0
0
298
0
235
1
0
5
0
0
0
1
0
0
3581
0
10
0
1
162
7
1314
0
8
15
15
57
0
0
2
0
3
1644
0
0
1
3
0
7139
9
40
0
0
2
1
0
3
0
4975
1
0
0
148
0
1
0
15
0
0
5
1
1
9
19
0
0
1
0
0
0
3
0
0
0
55
3
4
0
3
0
3706
1
83
129
0
14
0
2
1
0
0
43
52
1
0
3
0
1
11170
80
944
27
31
6
0
1016
236
3
0
416
1
1
7
8
0
0
32
4949
62
0
356
1
0
19
4
1892
0
0
0
0
143
18436
6
464
14
0
2
1134
0
8
8
1
115
1
9
37
2986
8
188
1
10
83
35
0
2
0
0
18
0
0
1
40
50
7036
0
1
0
88
11
0
0
0
110
9
581
0
33
1814
40
80
67
18
0
3
14
5
1
0
2
0
0
0
0
0
1
3
213
0
0
23
47
157
1737
0
0
0
0
7
2
0
39
58
96
0
152
0
0
378
19
141
3239
0
15
7
3
71
4
0
0
0
7
5
7122
2880
18
0
12
0
0
6
0
0
1
105
14
0
8
0
0
30
28
37
151
0
0
972
0
4
0
0
0
0
16
76
3
1
7
0
2
2363
294
7
2
0
0
0
3
18
3
0
0
0
228
343
51
11
0
0
55
8
43
1
0
3
56
0
27
3064
8
0
56
8
0
1
0
1
263
2211
795
13
5
46
1
0
3257
2
2
0
5
698
0
0
347
0
0
0
0
355
2
319
82
1
4
750
4
0
0
11
10
31
175
1
0
12
1
459
5
7
7
0
0
0
0
47
724
0
0
1
412
0
4
3453
6
7
0
8
0
16
0
0
0
3
1
0
0
0
28
14127
2
144
0
0
2
6
6936
0
204
0
0
4
0
0
0
79
5
1234
0
0
67
4
4
711
1
57
906
333
34
8
47
3
0
2439
6
0
132
0
0
47
96
0
0
0
6483
1
0
0
0
0
22
58
29
7
89
4
0
0
0
224
0
5
54
68
0
1
4
0
0
0
374
0
31
0
1035
179
0
0
0
11
41
0
1
7
0
36
338
0
13
5
31
562
3
0
203
137
0
3
0
4
11
4
1
1
0
501
0
2112
0
0
1
1990
5
2159
0
35
0
0
0
0
40
1
13
0
2
2
1
1
37
0
500
650
5
23010
0
0
11
0
2
134
455
0
0
778
52
2
507
2
10
72
0
5973
6
3
953
29
4
3
3
10
0
5
0
98
0
4
0
3
0
0
1
543
4
0
2901
0
0
0
518
1
11
2
0
1
1
0
0
5
3338
1
1
2
756
1
0
6
9
54
0
0
0
0
52
0
12
0
0
20
28
1751
4
0
0
70
17
1234
0
34
253
710
1115
2
20
0
730
4280
1
4
57
0
70
3
0
312
23
0
338
2
2
0
0
5
0
0
0
1681
152
6
14
0
0
0
15
0
2
0
1
0
167
0
0
81
217
1
1
0
0
36
0
51
0
1
2
2236
0
1
1
0
63
54
0
0
13
0
1135
5
2
0
471
1
2
102
0
1
1978
0
0
2
0
30
0
4
0
2
4
930
5301
24
12
6
6
4
0
3636
2
0
0
14
0
5
0
69
0
2
0
0
87
11
0
0
0
2
0
48
90
1582
2
593
2
0
2
102
0
133
83
0
0
7
129
0
19
0
0
0
1283
331
154
0
0
0
400
0
14
0
0
1
5
2
0
0
265
5
1
1
2
0
484
115
19
1481
0
1
0
0
84
6
3
2
1
1
1
0
1
0
0
0
0
23
0
7806
39
1
203
74
1
30
0
12
113
12
19
1
0
0
1
1
0
1
0
87
56
2
2860
0
11
213
2
100
148
2
35
3
0
0
1315
0
67
5
0
0
3421
0
699
1
74
28
1042
0
20
0
1
0
0
1
6
0
58
158
404
2
0
1
0
0
1
1
3
12
0
0
1
0
0
37
25
0
291
24
264
0
892
6
0
1
10296
164
290
122
369
27
0
0
0
292
525
3275
0
0
0
9
0
99
0
91
2
2
8
2
88
12
17
5
50
508
0
1
0
120
0
0
1134
2
4201
0
239
13
0
0
0
0
0
0
1
554
0
6
5
3394
51
1
0
0
0
6
1
6
12
1
121
0
0
5
0
0
9
1
0
74
0
4
186
188
207
0
0
0
0
8
4
308
2
8
4
1
6
27
0
6
0
177
4067
0
0
0
26
1
0
0
867
3
0
0
158
381
10
157
1280
0
228
0
1
4
0
1
0
0
3
0
3
0
5
0
0
0
4
1
1
0
6
4
0
0
6677
62
1
1
0
5
0
1
0
0
28
0
152
0
0
2
73
1
164
1
0
0
1
9
0
0
0
0
2403
22
136
126
0
1
403
2
69
4
0
7
22
0
4
2
77
3
0
1
71
0
1
1
9
0
2
10
958
9
117
1
3
0
31
0
435
17
21
2
1
1
66
62
8
3862
3008
1
0
0
0
16
5094
2
0
0
0
4457
0
0
6
1
100
0
736
0
3
4
0
123
1
9
0
0
109
72
196
0
5
0
307
1366
0
7081
0
0
32
2309
0
13
0
2
0
16
1
0
70
0
9
7
0
929
0
7
2819
845
0
0
744
179
0
0
0
0
5
0
2
18
3
0
0
62
0
0
15
49
14098
0
1
16
0
93
2
0
220
1
0
8
22
3
0
0
27
0
1
3
0
15
3
0
250
0
2
524
0
0
587
77
1
0
318
0
366
246
1249
1
28
17
0
8
12
0
2
0
0
936
283
1
0
1794
0
18
1
1
1513
1
0
0
0
0
0
0
0
17
0
10
398
1
50
7
0
150
0
73
2
1370
0
4409
0
0
0
4
0
0
2
138
60
4
1
152
8
0
6
0
3
2193
2
0
2443
271
24
0
0
2
0
733
7
2
0
6
0
0
30
185
8
259
2
1
1485
1
0
1
0
0
0
0
0
0
581
0
4
8
742
0
0
0
4
28
5
28
0
2
0
1
2
14
1
0
0
4
1
110
2
10724
3
25
2
8
3594
831
201
40
3
323
2
12793
154
118
0
4901
37
0
0
1
413
0
0
5
12
161
2
44
22
910
0
0
0
0
8526
0
0
2
0
0
6
0
0
46
34
0
1
0
196
4
0
0
106
4
2
1893
1
0
0
13
18
12
682
943
55
4
0
5
0
34
23
0
0
0
9
26
204
23
1355
20
19
2
1
6
737
79
3
2
7
3
0
0
1006
9
0
0
0
0
0
0
0
38
28
17
50
367
354
2343
1
0
58
0
0
0
5
0
2699
2
0
4251
1
1
0
7
0
356
0
0
0
52
1
1
0
0
0
0
1
0
0
43
0
0
0
2
5
1
9
0
1
2
59
526
5
1
250
9
0
0
1
183
0
0
37
0
2
0
39
0
10
1
0
0
0
12173
40
0
6
38
80
5
41
211
2
0
1
1
33
34
12
108
1
108
0
1
183
0
437
237
0
376
32
0
0
0
0
0
1
5
559
36
0
0
5
325
108
1
0
0
947
0
1
2
3
89
0
0
7
25
16
0
2
0
211
1
23
5
0
13
0
0
16
1
5
0
6
0
41
212
22
15
1
506
208
10
0
61
1336
0
8
101
4
1
0
321
0
0
15199
6
0
59
206
0
1
43
0
0
1221
0
0
153
242
9
0
4
0
1
206
0
1
5
24
134
20
0
1
0
0
2416
6
0
12
0
572
0
2
0
3
2
1
0
13
0
1
194
10
0
41
4
31
4191
4379
147
5211
22
4343
6361
7347
8244
25743
994
9387
917
2062
621
30326
21369
1621
21287
5101
11658
40643
35322
4343
10268
4298
147
17062
147
1379
14148
3567
6065
11658
12859
24109
34163
5302
185
15639
21174
147
16541
0
320
14092
25805
36350
23459
3567
14414
3836
3035
21511
320
408
14500
1887
3628
147
20399
320
6953
116
962
43
1189
68
310
0
3826
4
7
0
0
980
2
665
1
2
48
5
3
165
6597
7
173
923
61
969
6090
45
6722
3767
42
2
3
1208
7183
3
13
0
2233
136
5
4
439
826
872
29
464
7
2
2
5
6
65
345
14
1059
0
40
0
0
1
4871
27
10076
0
203
6
42
57
1604
31
0
1
1
11313
265
0
14
1943
0
359
19
20
0
437
17
3879
2
1
3057
11148
2248
1
1
24821
145
131
10072
9
16472
14
763
14
2705
18
323
10976
4284
5
1409
1078
1108
4180
145
2189
117
1
380
9
6336
3
6
447
7905
35
0
22560
0
0
1
1148
99
0
7
350
101
101
2
0
43
10947
42
0
429
4
1606
5
4659
63
104
6
17
8
1
4
19
152
10
0
10696
13163
1
1
8742
6
474
3555
3
50
56
6
909
0
25
7027
16
0
429
12
0
1
14574
21239
1
12
183
4
1018
2
305
1
0
8133
6
7
287
2
0
310
24
1331
2993
0
55
63
145
0
1
21
239
19
3
0
229
7
0
4092
0
150
0
15
9209
38
3
281
1
0
0
21
37
20
2
5
95
4
4
43
24742
0
0
19063
37
99
53
0
23
358
0
12
556
7
0
289
14
0
64
1073
52
14178
2
615
2
177
0
3006
0
0
0
177
0
67
0
174
3
4393
0
1088
4461
216
1230
178
17831
14
1224
0
17
0
3
147
89
24
731
6
1
0
3
41
7
0
8
1
538
0
763
0
11
0
19
0
8
3
0
14830
222
646
0
0
0
404
72
2
0
2602
9672
1816
0
4
3
0
0
0
0
20
265
17
19
0
0
0
0
0
0
373
0
0
1544
2125
0
0
10
1
0
0
134
47
0
615
10
12
86
63
14
4
36
792
1
5
0
0
0
1557
7
4
4912
1
9
1
0
180
205
1826
0
8
1
0
0
1
47
1
4
64
1823
1
294
11
60
0
678
0
1096
0
0
0
2
34
9
1233
0
2385
0
3
1
70
0
0
25
44
365
0
1
14454
0
3
0
1
0
20
0
0
1
1
328
0
0
6
2667
0
397
1
0
25
324
195
15
0
172
0
2
7
0
0
0
16
0
0
10
44
0
0
0
131
2
4
0
3
1912
435
26
5
591
1
0
2
0
1
21
1
0
0
18
0
844
11
1
53
0
0
36
6123
59
0
2
2
40
426
0
4
0
623
1781
21255
0
1
28
0
0
85
183
61
1784
90
0
1
0
1
2
1051
0
1
366
0
1
15
50
0
0
5
2
7
39
0
6
13
216
0
1
8
32
75
31
3
0
3
0
6712
0
99
0
3
0
657
19
347
399
3
0
251
3633
7
0
92
0
0
24
1
0
39
0
0
33
10889
1
1
2
442
0
2162
1114
1
1
4791
56
1
0
1
292
0
1
263
1
7124
5
20
12
1260
452
1
0
1574
13747
2250
0
2
5072
0
4274
0
603
1
6
0
211
20
1
0
47
0
0
220
1727
319
370
11
6
0
3
0
0
4
294
14
1
1381
637
7
14
0
0
0
924
17
123
11
2090
0
3
4
9293
1
17
0
7
440
1
2
0
59
2
0
3
232
6
8
5
0
0
0
0
0
1019
0
0
1
5
3920
0
0
2
16
1313
2449
68
0
53
8
83
13
4
7
74
61
1
0
0
0
0
11
0
18
0
119
5
1188
1
1
2574
0
5439
0
3
1
7
3947
0
267
0
3
6128
14039
1
0
228
1
0
10
232
0
19
0
0
0
0
21
154
0
104
0
0
43
67
104
0
2
46
2
981
14
0
9
0
781
3
626
0
3
0
35
1113
0
11034
989
0
34
258
464
2467
3
0
56
5
1
6
2
0
535
461
5
1
1
137
15
0
944
5
0
0
0
0
1
13568
7127
1
0
5
123
0
7
1
321
4
160
0
1
0
0
6
235
11567
6
0
3
4171
11
29
0
6
0
457
58
0
4
0
3
6
170
9218
0
9
184
0
6
0
0
474
6
9
76
12464
5
35
6767
15
11
0
1
1
0
9
10516
3
157
23
0
599
45
122
0
81
0
235
0
2824
0
35
35
1
0
2
80
0
0
0
11768
2415
15
1867
17
77
0
57
0
3
49
86
1
2
120
92
1
6891
268
3
0
1
29
0
0
1
117
2
0
1178
0
199
719
0
31
3
0
1
2
0
130
1
0
69
3
0
1
0
0
0
0
14
4
4
139
2493
220
1
67
361
92
0
1
612
2
2547
14
2
1
10
4921
0
165
8
14
0
12467
0
480
34
5
1
2
1
2505
93
0
507
4401
0
0
2
0
2
312
2
1
0
0
0
1223
0
2
0
22
9
0
0
2
70
4
3
177
0
33
0
74
5
41
0
1
25
0
2
0
0
0
92
2
1
103
6
0
39
342
0
0
5
0
0
109
395
1
2
991
76
45
0
2
28
5779
1
0
6
1
5
1378
1896
0
1
0
0
131
349
0
7
171
1
1
6
2
24
7
1376
5298
2516
381
12
41
35
0
2369
35
0
0
3
749
0
7
3
12
0
0
6
293
35
498
27
16
102
20
108
1760
49
1
1
3
0
0
0
0
6243
10
18
0
1
1132
1
954
13
1
351
3
4
1
0
0
0
56
24
9
1
0
0
0
34
0
172
64
43
0
0
5
0
0
0
24
3
4
14
0
1
7
7
0
7
13
0
71
58
30
698
15
5
0
5899
27
0
3
3
131
84
2
18820
1311
57
3475
1
383
4
220
74
2
0
75
24
877
14
0
48
0
3
1
0
2
17
0
2
35
5
0
1
1
37
0
30
0
1
759
0
0
948
0
2169
120
0
0
0
0
34
11
497
1839
3
19
0
304
1
119
0
16
1
1
54
0
0
18
1
0
2
2702
5
3
1
0
0
1
25
0
0
0
5053
1
0
0
12
0
1
3
732
0
0
34
1
6
24
5087
0
752
548
16
0
0
0
0
4
24
1
0
6
0
0
17
3721
0
10
0
1
1
0
0
7
318
0
11
2
1
19
1
1
3
3270
0
3
0
0
1
0
0
10
12
1
2
40
1059
6
2
4
1212
11
8
5
4
6705
0
237
0
1
7
0
2
3
0
1
1
24
10
0
0
4
3
2
0
75
0
0
282
667
4
7
329
0
0
1
2
0
21
19
42
1177
2
7292
247
2
0
0
81
43
17
34
585
46
0
362
0
582
0
464
0
15
0
0
0
1
35
0
114
1556
1
0
0
3
3
0
8
759
0
3
0
2
1
11
0
2
46
0
180
1
0
0
29
3
14
0
0
0
962
5
9
40
4
1317
18
137
28
21
557
13
41
19
1
25
0
0
0
576
18
0
49
1260
0
0
533
14
0
0
2
16
0
218
0
48
428
0
108
1376
11
0
15
0
680
1
8
0
19
144
0
23
36
0
1590
1850
0
0
10862
1
0
0
7
1
36
0
2
4
1
1301
8
1
10
0
8
5798
13
13
0
1
180
2
0
1
0
0
0
1
0
0
0
134
7
0
4
2
0
85
72
61
8
0
0
2
7
4
604
1
0
5
1480
0
3
0
58
0
0
0
0
17
0
0
0
74
87
127
0
160
45
0
0
57
247
25
2
276
22
317
1
632
12
69
4
7358
0
0
47
0
5
0
0
1426
0
2451
0
85
5
1
39
4
21
0
0
0
1
62
0
7971
0
0
0
137
1715
0
15
317
0
267
9
5
0
18
0
0
12
1
0
8
5
38
0
0
0
201
37
2
0
559
114
6
11
0
0
1
0
0
0
1185
75
441
11
52
0
627
0
864
0
43
8
2
45
0
0
1
0
1
1
0
4
9
299
2
0
0
1
0
909
3
69
0
4
3
7
64
0
2346
0
188
187
0
0
4223
264
0
5
0
1
0
0
0
0
5
3329
0
1
25
2
0
149
2
1294
0
3
0
11
0
1880
0
4
1
4
4
1
888
204
0
0
0
0
1
1
25
0
0
71
46
0
188
0
1
0
0
2
1
0
26
0
4
1
1
0
57
0
0
21
0
2
9
6
485
0
0
1171
18
1
13
0
0
3
0
6
1
1903
165
0
0
7
7
0
396
0
2
0
2
4
134
90
0
11
4068
995
1
6
403
2
107
1
0
1
41
1331
0
0
2
1
1
2689
243
0
123
0
2
6
4
0
917
110
0
1
69
318
0
0
0
0
0
9
3
12
60
0
48
1
5861
1
8
2
146
0
2
3
13
3
1
17
201
2
0
9
0
0
281
0
108
833
7
0
0
34
1
1
0
7
14
480
11
0
65
2
0
0
3210
0
77
14733
5777
2628
0
6
0
26490
0
6
12
9
53
0
1
87
19
18
202
0
58
1
32
255
2
40
58
1
0
0
270
113
0
0
0
0
0
0
9
6
1
0
2
3
2
37
12
0
0
786
1
93
2226
0
8
3
106
2
0
0
29
1
0
24
0
4
545
876
2
8
160
1
0
0
0
40
5
0
28
875
251
0
32
754
4
0
5
1
684
37
15
0
2472
5
1
149
0
145
11
8
0
6
0
246
16
0
2
24
54
33
2
4
891
3
0
6
1
6
3
4706
0
9
6
383
52
0
2427
1
14
7
6
506
15
11
42
191
1
70
0
0
2
0
2
13724
52
256
0
0
0
0
89
77
0
0
464
2
57
522
0
0
30
8
1
0
19
0
0
0
0
48
19
23
7
34
21
215
0
8
2
1
5
4
1
7
9
0
51
45
2
21
2
15
0
975
12
7
0
17
509
18
16
1
9
0
0
440
1184
27
3
40
2
782
50
0
20
0
2
1
0
4
2264
24
1
0
0
1
0
176
4
258
1
11
0
5
9
35
141
0
0
0
1349
0
0
0
12
0
4
9
0
43
1
1
1
0
4
1076
3
2
11758
448
0
24
0
105
0
55
0
652
373
0
5
36
3
16
4
1
0
2
1
88
6
2
1
1413
1968
4
0
6
356
0
4075
1
19
0
0
40
1
5
7
160
2
1
0
1353
2
6
16
0
107
8
0
1730
13
7
0
1252
12
1010
0
0
434
0
49
175
0
4
553
5
0
4
0
0
83
1330
0
2041
7
0
22
19
3
1
315
0
0
0
0
0
16
4
0
39
163
0
0
0
0
2
68
0
0
0
596
7
321
0
89
3
1988
39
15
380
5
0
5
0
9
53
0
113
323
0
41
5
10
32
110
0
0
195
0
28
0
4007
144
1
2
11
5
0
37
0
5
0
0
5745
6
132
0
0
0
513
88
2744
124
3
0
1
0
218
9121
10
1550
11
576
7
3
2
0
46
1
2
0
1
1
6
0
0
0
1
0
91
29
0
6
22
113
0
1
1
28
258
0
4
154
0
0
666
2
1680
258
138
341
4
0
5
0
1
78
108
12490
9
0
27
374
1
0
4013
0
0
127
55
27
0
1169
48
2
15
1
93
96
0
0
8
0
577
0
65
8
0
0
8
0
0
0
1374
0
1
17
0
0
329
1
1
0
100
0
12
0
0
0
1
696
265
3
0
0
3
7
0
364
0
0
3
0
0
15
22
0
6
0
16
3
1
0
142
118
1
2
0
3
32
101
5387
1
1
6
0
7
0
249
14
17
2
6
0
0
0
2
681
1
2
1
5743
11707
0
959
442
0
53
0
1
0
0
0
11
351
0
0
0
0
8
0
26
471
16
0
2445
0
156
2
3
1
0
21
18
47
0
81
0
0
0
0
0
190
0
0
1
6
0
0
46
550
0
0
0
11
0
88
0
4
3
0
1
0
231
0
21
377
474
0
8
2
46
0
889
3
0
14
0
0
0
2
0
10
0
0
2
3
0
1
3
8
0
1
3
7
1
200
39
1
1475
4
24
0
0
1
1
2
0
1
28
2
21
0
20
144
3
27
0
2
143
0
26
0
18
0
0
0
0
346
1
0
339
1
38
0
4
0
74
1
16
0
0
89
5
0
0
1
14
1
0
208
10
13
9
0
2
2216
44
12
3
3
1
2
2
15
0
56
204
0
17
0
3579
88
0
1224
1
1
28
37
1
2
1
0
19
31
61
4
0
0
11
330
22
40
2
3
0
0
621
0
2
1
0
1
0
141
0
0
0
16349
58
168
0
7392
0
1
0
1
2
6
1
0
0
4
0
0
10
2
7
1
0
0
0
391
138
361
66
0
8
1
0
106
0
0
3123
2
1
25
12
2
1
0
14
0
130
0
223
4549
7887
0
398
2
0
1
0
0
0
7
0
5694
0
0
0
191
3410
42
0
0
1
0
5
193
63
0
79
264
4
0
0
6
0
37
0
581
3
8
0
0
1
1
0
26
0
0
10
78
113
2
0
4
1
0
0
0
160
0
8
113
192
2
5
90
106
0
0
0
8
0
2
1
0
0
0
1153
0
13
1
9
3
78
3495
2
7
0
2
1
7
23
1
1
1
0
0
2
2
0
166
1
0
1
0
3
0
158
0
3413
2
0
37
16
5
17
0
102
8
127
0
1
0
1
268
0
5
3
12
0
3
0
251
169
0
0
1
0
128
0
0
9714
0
0
609
2438
1325
252
28
1642
36
0
8300
0
4
0
0
11
29
72
2
0
5
0
81
0
100
22
40
1
8
0
18
140
11
0
49
2
2
0
17
12
4
277
8
2051
19
13
14
0
0
0
72
7
3302
5
0
3
0
2
0
11
246
0
0
1
0
13
4
16
0
0
304
1
20
27
27
2
0
124
25
1
0
0
0
6
104
51
0
6
0
1
189
0
0
14915
2294
10
91
1
0
626
118
0
1
1
5
0
0
0
0
1
40
26
21
5
0
930
5
0
26
4
114
7
0
3
2
3724
0
12061
75
0
245
16
0
2
16
0
1
430
0
7
0
1210
349
0
31
97
2
0
1
1
2
2
0
1
0
0
0
728
0
39
19
0
0
0
3
0
0
6
2
0
47
0
34
49
36
0
0
0
3
0
7
9
50
0
4
8
241
0
0
14
2
52
0
4
539
3428
113
20
0
615
6
9
3
9
0
0
4
139
47
0
2
1587
0
12
0
1
9992
0
0
1
0
0
73
256
3
0
1
1
234
0
68
1348
43
1
1038
47
0
9
0
57
6
3
0
5
4582
460
101
3
9
27
0
0
1927
14
0
2
0
0
0
2746
56
355
5
417
6
1
0
0
1220
9
2993
1
0
0
60
0
7602
12
1
21
94
0
0
1
1
0
0
1
35
32
7
153
15
0
0
729
0
89
29
3
11
0
0
5
61
6
0
1011
18
0
0
1108
1
10
167
0
8
19
0
3
0
41
0
0
2
5
0
4
0
0
1427
0
0
41
3
0
3
5
1
0
289
1
0
0
1
3
0
13
0
2
2
109
99
0
311
0
25
4246
11049
0
1
149
1
0
0
0
0
0
0
0
2
1
0
0
5
5
2
11
1895
0
27
9
0
0
1
12
5666
12
0
0
0
3746
0
4017
0
775
318
1
8
2
3
1231
14
0
17
0
0
71
2448
0
656
16
230
3
0
19
126
7
1
0
3
199
29
0
0
235
0
3
1
559
26
19
0
0
6
0
4
7
0
12
3
0
0
15
393
1
0
7
0
0
2
0
2
47
88
3
0
548
9
0
0
1
0
0
1
0
2
48
11
86
2
0
3
1
2969
6
1
0
1
0
0
263
1
17
18
0
3
8
4
5
109
8
0
35
0
19
0
434
980
157
0
38
7710
2630
4
319
2
43
1
0
0
61
54
31134
1037
6444
183
198
9
8
207
91
3503
0
5
0
126
246
213
0
95
251
13
27
11
673
9
629
0
8
0
0
6
1
8249
1
1
35
0
8
0
0
14
169
16
0
4371
15
0
0
1932
2
0
3
2
1
7
140
0
565
2
1
16
1
0
218
0
7
4
0
1
70
0
6
0
3
0
3
4
0
8
0
1
2223
7
9
1
3
0
15
3151
4
4
42
39
2
1
0
10
0
1
2
10
1
0
0
0
863
28
0
0
0
0
17
3
0
5
27
52
447
9
2
2
9
3
6
10
1
13
13266
1
745
1
57
0
3
56
51
5
1
0
278
44
0
5
0
0
0
126
3258
0
3
6
11
2625
10
24
1
3
0
728
8
0
1
1
7
0
482
2
0
0
2
137
1
7
0
32
23
0
93
7
2
0
0
23
0
3
300
978
6
0
2916
0
9
2
0
68
0
4
1
8
4
4
278
0
50
65
1
0
2
2
1396
0
2
33
97
7
14
0
539
8
44
45
4
0
0
0
8
0
1
0
7
0
7
0
18
0
7152
59
22
131
10
372
0
0
0
212
0
481
0
201
9
9
1
0
0
2
1
948
1
112
39
107
5
1
5
126
0
295
53
0
13
0
1
0
23
9
6
0
0
0
1
1
0
0
18
0
0
5
30
10205
485
1025
2
211
1
0
157
0
3
0
197
0
0
462
0
56
0
13
9
7
1
6
1
5
2
2691
4
0
0
0
1087
178
77
4
2
0
1
0
0
12
0
0
380
0
0
0
143
6
0
127
3
0
23
16
1
0
0
0
2
0
87
0
39
46
0
60
0
1
0
0
30
13
0
8
0
0
0
1926
0
0
10
0
71
50
0
554
0
19
1
9
0
1
0
0
0
11
320
1
103
2
602
13
0
11
0
49
1234
304
133
230
0
1
0
0
244
4
5
1
49
190
0
2
46
16
840
0
0
1
1
0
3
0
114
1
2
6
12
7
1
1
0
37
0
3
22
0
136
29
157
0
1959
16
0
1406
0
8
165
0
1
4195
0
0
56
1
0
0
0
0
0
201
2
2183
422
0
20
0
42
0
7
0
0
45
0
0
4
280
12
2
0
2211
6
3
2
0
0
2
0
2
668
109
1
2
0
0
0
0
1169
16
2
1
139
0
0
0
91
0
530
169
0
1
23
0
3211
5
0
83
146
1
2
0
166
45
10
2
269
1
2
303
0
0
0
248
3
54
24
2
10
40
2
12
0
20
2
17058
2
264
892
529
0
0
77
2
20
0
45
12
49
20
0
6
0
0
0
0
0
0
0
0
14
605
0
0
29
0
0
28
75
6
28
1
0
3
30
0
0
2
2
297
4
5
2
4
13
5
128
0
0
21
1
0
1
5
1
0
1
1
0
1064
6
697
8
1
0
588
0
0
3
0
529
0
3110
11
0
0
0
4
333
5
0
40
233
38
9
145
0
0
2
0
86
0
22
2752
0
337
0
1
34
39
239
1
180
225
144
66
1
39
2
0
1
14
0
40
10
0
40
12
0
4
3
33
0
0
0
44
0
4
0
0
6793
47
6
83
2
3811
0
1296
1
9
1
0
0
6
2
3
18
96
1
3
54
0
0
1
6
0
707
0
12
21
0
0
0
7
3
7
1
3
1
5
2
2
4
0
0
0
0
1
0
6
3
2
0
320
45931
218
6
8469
5104
10691
15316
12859
87
858
320
23315
161
44960
43392
1018
1631
0
320
6
1379
7644
44171
766
11810
13463
621
509
9444
38984
2135
3309
43910
1203
19493
320
147
38489
4220
0
845
13023
13916
6361
1243
7028
3118
6805
766
128
163
218
1
11659
11658
12050
100
171
2940
8244
185
23140
320
220
6
2411
5847
308
202
9318
0
1098
6316
0
294
31
12
3
4
3
567
826
148
25
3767
4487
4
6
627
6743
1
8904
143
12
97
8
510
496
0
12852
21370
106
70
826
2210
291
15439
360
5010
0
496
0
151
17
46256
2187
8572
5
1208
0
2360
23427
190
107
2233
18
4034
1
3699
7
577
842
0
69
2
0
7
22295
9
14921
7
0
3
77
10528
0
0
6
1
11
6
592
2
19
1631
0
368
192
32
1
199
31224
7
580
601
107
3356
1858
3
6048
6
140
6
0
3551
8311
1
7
112
11098
25520
5088
2870
3225
756
92
2
111
533
809
8
8
6710
294
113
2
36
2
15530
0
1
518
40
619
35
163
29
346
121
10
7995
0
10
2
10
13
1
142
2
16
1783
0
12
18974
1
3
0
4
3
2
1
0
227
6908
37
2
2
890
20632
2597
0
633
38888
43
124
1
4
8080
157
812
79
2
161
2506
0
20
52
20
3
2
296
4
4
2
59
1162
1
46
34
1530
1
5306
152
1
1
679
2273
793
1
0
1
0
15712
40
3170
2111
0
6334
62
443
1270
5
254
162
4720
10
3
10
11
7
86
0
1354
4
0
3
0
3
5
1
1
17
57
4508
2074
0
889
2
24651
0
12
9
0
578
0
49
675
105
12
39
0
204
1022
26
8
5128
13
194
5
22
8
3
0
0
1
1746
341
845
901
1
205
1
5025
61
4805
1
22
4
11
472
0
177
3
755
0
7868
0
0
0
28
0
332
534
472
0
0
1218
3035
1045
102
147
29065
47
0
0
13
0
30
790
0
0
1
506
2
36
8
0
0
36
21
7
0
0
0
2
6
7
1
49
1
56
1
100
4
2
137
0
4
4
1
0
68
10
385
69
421
2
456
30
657
5
0
250
736
103
1
132
0
11
1
71
3
0
2413
1
723
3
0
407
2
1
9
2
61
0
22
3
24
1239
1
0
3
55
117
872
1
61
0
7
1131
79
54
5
60
1
1051
477
15158
20767
5
10087
0
0
0
0
0
0
317
12850
7
5
16
1
42
0
0
0
1
79
10
11
0
137
2
1
2
802
1586
1
0
0
103
12
8
5
106
2
402
0
19
943
91
0
12
109
271
973
4
83
274
0
2145
3201
1
446
327
18
172
0
17
1112
301
1544
5
548
59
29
59
10978
2060
2
0
4304
0
0
0
200
211
191
0
8903
2787
0
14
8
11
95
0
263
1835
30
0
7
13
298
7
1073
0
22
0
0
2
9
0
7
14
0
2
0
10005
242
2744
2
2
0
0
1
65
16
0
308
1
2
5
4
21
209
97
0
1
0
18
19
26
0
2
0
1
0
0
0
455
8027
376
670
2
0
13
7
3652
2
56
3
13
5
1123
12
159
3
25
6
76
1637
94
4
38
134
214
884
0
269
2
5
6
1
1
646
2302
4
1085
0
13
0
1
837
27
19
9
287
304
1677
1
22
80
0
1
0
5663
45
3
0
2
48
0
2
6
1
2499
0
10
38
1
1
3385
616
17
0
0
5
0
3
0
0
103
474
0
92
13
163
234
372
0
0
3
2
14
122
0
0
3
0
13
1
113
0
0
0
23182
50
197
64
12234
1982
14
2366
1
627
0
283
0
6
437
0
436
190
0
113
39
1959
0
1
9
0
0
2
19
764
0
1
7608
129
17
11
6
13
12
0
2
0
88
0
1
3
2
4
0
0
1
0
6
5
404
826
6930
0
82
2
0
0
1
125
29
15
33
4
689
0
7
2
1
8
1
1
0
14
246
8
0
6
0
55
3349
0
2115
531
86
0
0
0
0
0
0
68
0
9
0
501
6
5889
1
99
36
90
1899
0
1
0
72
0
39
4988
772
211
0
372
0
0
0
0
5
15
366
62
541
204
122
22
0
1
0
2
73
136
1
3
0
1
0
2
5
1031
0
0
59
1
3
5007
1110
55
25
14
0
7
0
27
5
35
40
92
13946
31
52
7
0
22
0
0
595
6271
1740
0
14
55
2
3
3
0
0
11
1
0
17
0
1
899
1
0
0
488
4
15583
348
542
0
12
0
0
1
29
26
0
0
0
0
0
2750
4
341
5
0
1227
1558
0
0
31
0
116
4
0
198
265
0
0
522
164
13
694
8
5462
1167
0
0
0
23
80
0
37
5
0
0
1617
14
0
390
1
179
5468
14141
1308
0
99
0
4
126
27
27
0
49
8
1
16537
170
0
0
1
0
0
2
2215
0
27
14
0
0
1
16
8
0
0
0
0
29
0
1
0
0
19
0
25
1597
289
1
10
3
0
2
0
160
33
406
8
0
42
2
0
4
2
3
33
0
233
289
1
0
0
294
0
392
7
11
0
1043
1
2
1731
36
0
5414
0
0
747
23
487
5
0
0
10
0
55
0
30
13
214
1
9299
0
0
13
0
0
0
1
1101
0
1040
2
75
331
251
72
10
10
1
0
366
70
0
331
0
1
0
0
0
107
4
2
49
198
5
0
2
6698
30
2
0
30
2
4
1
2
0
5
1284
0
0
75
0
0
0
3
8
4
2
147
43
817
0
163
143
19
6
0
24
0
0
3
0
137
468
19
0
0
0
6
5
2
952
1069
2
2
16
4
0
3
0
9
1
3
46
0
1
3
1
20
0
0
7371
63
0
0
1
17
0
8
11
86
1
18
2745
145
483
0
0
0
318
688
1
377
474
0
0
2
0
0
41
75
0
0
7
0
0
13
2417
0
104
4
0
0
0
236
866
66
0
14
0
7948
5
123
160
22
2
6
1172
0
2
1
0
45
0
0
176
20
0
0
87
50
1648
0
83
0
23
1
0
7
0
0
0
9
6
0
0
43
0
14
67
1
1
23
1
1
0
1
8
0
0
1
150
7
315
1
1106
8
6
110
0
3
22
31
2
19
4
0
0
6
4
1
0
1
51
0
1
2645
5590
0
3619
1163
1
0
6
0
15
8
0
4984
2
107
0
0
0
10553
773
0
0
10657
2239
22
0
0
0
0
0
0
3
0
0
3
6
100
346
3
0
1
9
9
5
1
70
1
0
2
14
0
28
4
1
116
0
1
8
31
70
0
66
11
10
0
253
0
0
0
5
1
7
0
1
1
1055
8
6
0
9
0
0
0
9
0
0
182
0
0
0
40
40
0
1
7672
6
4
1187
22
32
0
6
106
6
38
0
1
0
0
0
0
8
0
0
0
0
567
1
1
3
187
18
0
0
63
0
0
84
0
2
3262
6
4
0
0
51
0
2
3827
0
0
538
1893
1
0
12
3
0
0
0
0
181
2
7
12
26
1
0
545
1
36
3
2
0
4398
5
831
2
38
880
8
1404
0
433
0
1
1
452
1
229
221
9785
0
26
19
1
2
0
26
1
1
53
3
3121
5
5
0
6
2
6
0
0
22
18
1
3
53
0
0
172
0
0
130
2569
0
0
70
0
2
0
131
0
11
3
41
0
359
0
144
0
1
0
45
0
1
0
21
0
1053
1
0
201
14
574
104
16
53
5328
0
55
0
0
0
992
1
1
153
3
0
0
1
1097
6
103
0
9
18
274
42
0
2
71
0
1795
99
3
3
1868
110
0
0
14
908
1
325
6
0
3
2
2
9
0
7
1
13257
9
177
17
1
1
3
7
131
143
12
0
0
0
1
4
0
37
0
146
1981
22
0
1
1
2
1
5
4834
2177
0
175
1
109
1
29
165
1
9
6
59
0
2
679
1
12
32
256
0
0
1
0
161
2
4
1
7
2303
0
1
0
0
436
0
103
26
1
36
0
37
0
681
616
1
511
57
1
1
124
1
123
14
0
29
1125
2509
0
1
0
0
9
4032
24
91
35
88
160
7
0
46
17
0
1
326
797
0
0
457
143
3576
92
753
15
29
0
1
1
150
23
24
0
0
0
3
0
2
254
1
21
0
655
2
0
1
22
4
0
4981
0
0
1
12
0
1
502
0
0
0
27
0
17205
10
0
135
0
47
38
112
2841
489
1786
0
68
0
0
13
171
0
0
2
375
1
0
0
9
0
12
1
17
224
259
6649
7
9533
51
5
4267
0
0
0
1
14
1325
2
2
5965
8450
1143
0
0
0
147
708
3
225
6
0
0
6
141
4
3
11
0
37
2347
0
1
0
4
3324
1
1
0
1
40
12104
1
308
0
0
0
44
0
0
3
0
6
2
0
432
4
20
2
0
0
0
192
1
8
6
5
0
0
6
0
13
0
5
0
52
47
1
3185
147
2
55
0
90
24
6206
1387
2203
0
14
0
0
136
0
0
0
0
0
6
13
0
1
0
0
1
2361
0
0
0
15
41
0
5
0
1
6335
36
0
3
0
0
0
0
8
1
0
79
0
45
6
534
0
0
241
23
1
0
0
2
1
0
0
0
1
2913
7
1
0
3
5
0
5
734
0
0
14
3
320
1
1
3
1
0
234
1170
1
4
0
0
17
0
161
0
0
1
0
13
2
299
4
1
1090
0
5184
31
3
8
0
0
875
9
10
10
130
5
3
0
2
7
1
735
0
49
6
16
3783
11855
0
3
84
28
1
5
0
0
4
0
7
417
0
1
585
1
483
437
53
28
37
0
0
3
32
5767
1104
2573
0
7
1
99
0
1
6
134
28
0
2364
303
0
1
7
2
7
2
36
0
5309
0
1
13
8
0
0
0
0
2107
20
4
38
1
263
2
156
9
231
2944
6
1
2
4
5397
0
8
1
26
19
0
0
0
36
14
12593
3166
42
2761
1
0
4
0
302
3
0
11
921
4
687
303
4
606
20
1
10
1
21
62
0
2
12
1
0
103
37
1
8
176
0
0
0
9
1
23735
0
10
3
2
10
0
921
2
6
26
33
0
11
2004
2
0
0
14
0
0
0
4
1
2
7
0
3
0
64
0
1
48
3
0
0
18
304
0
13317
1
7245
0
0
0
0
0
0
1
2
2
0
1
0
0
67
2
0
1
12
1
3
94
26
283
16
0
927
2929
0
1
2652
1
1
0
14
364
3
0
1
3
9
9
9
0
0
0
204
20
8715
1
32
1
75
183
2
6
16
1
0
0
0
0
3
1330
0
0
1
3
0
194
1936
1
1
224
6
90
1
24
0
3
1
27
0
0
2925
10968
31
485
0
15
181
6
3
0
0
1
0
0
530
0
9
6
6
0
20
0
831
17
16
5
1
0
249
3
0
0
1
22
0
713
2
0
294
0
3845
0
120
2
0
269
250
0
256
884
11
24
0
88
5
307
31
102
211
481
0
548
2196
1
10
12
0
24
0
212
6
9
0
0
1
1
0
0
0
0
1
0
1012
45
0
1817
1
6
0
1
4
2
10
379
0
20
542
0
1
0
4382
2662
0
207
1
0
76
0
483
0
0
0
1
0
46
99
0
1
166
4
0
343
3
59
0
4
22
0
1
480
0
0
0
57
1
2017
4
0
0
40
2
45
1928
2
388
2425
0
11
0
7
2
1
0
13
7
116
2
5
1
4164
0
0
1
0
0
78
4
217
7
0
0
107
0
54
0
5
0
0
1328
1
75
0
0
0
30
19
45
0
0
4
514
4
0
0
1
0
0
1
0
7
1
0
3
0
0
0
5
1
633
0
26
0
9
0
402
0
26
1221
9
0
3
1
1
725
0
89
830
9
2
11115
9
3
120
2
11
7
0
302
8
0
0
0
0
35
2
8
1
0
83
1
9
0
3
153
0
49
0
2
0
0
0
0
78
1
3
97
49
1
0
2
65
224
89
23
5
1
1
26
0
19
24
58
0
0
3
82
0
0
162
0
0
13
0
0
14
1
92
12
0
27
0
17
65
6
9
4
3
5
4
418
196
1
836
20
84
0
62
83
24
0
0
1
2
0
0
91
7
0
56
620
0
1371
2
438
0
157
0
0
0
14499
1
1
8
1
21
0
1835
16
0
0
0
42
29
13
0
10
70
189
6
1
30
110
0
445
5
8
28
0
17
2
26
1
135
0
0
0
0
1783
0
5
0
28
0
3483
0
4
0
0
13
4
0
15
0
74
238
1
94
0
5799
0
0
22
0
285
1
8
1520
0
0
739
1
16
170
1
0
10681
105
20
2
3
292
9
17
4
1
1
0
0
1101
9
0
53
0
6
91
0
0
0
1
911
0
1
167
2
1
5865
0
0
244
0
31
0
137
4
33
8
5
3
8
1
0
0
169
0
22
3
1
0
2
3
29
1059
141
2
215
21
3
4
1
18
2
14
0
0
0
0
0
243
1
49
0
12
3
6295
51
2
5
1189
1
6
0
0
23
630
1143
71
39
2
2
448
16
1
3
99
9
1665
2
0
0
0
0
2498
96
15
0
1
3
1245
248
189
26
0
36
3
1
266
0
27
0
18
8
1
1650
136
0
0
157
26
1
4
0
93
0
7
0
20
0
0
996
0
0
0
0
0
0
3
0
0
0
0
5105
14
1
2
1
0
2
0
1625
9
1
0
2
97
0
1
186
8298
73
1
3169
5
40
10
1
69
6
0
18
10
1
0
0
9
6
1588
0
0
1
0
0
326
0
0
3
11
0
197
17
2
1
33
0
778
4
0
0
0
0
0
1516
2
5
211
57
0
0
0
1
39
62
4078
2
1
268
5
1
0
0
10
1
0
0
0
3
0
2
24
154
137
6
152
0
0
10
43
0
0
219
1
6
0
3907
47
1
0
1
76
0
0
0
22
0
0
2385
0
170
123
0
15
0
0
11
872
29
0
0
0
2
0
633
68
0
196
1
118
1
0
7
8
1
363
11
10
4261
45
32
189
9
5
0
0
62
0
0
2
0
1
4
12
5737
28
23
1
238
0
0
6
75
1
10
101
4
27
0
1
4
47
1
0
10
1
40
0
1
0
8
2
374
9
6
0
0
50
0
1
0
198
0
7
5
4
0
44
0
9
13
315
27
1
469
220
2013
5
0
0
2
1
0
0
0
0
82
0
82
0
53
88
1329
78
1623
0
0
7154
16
0
6
0
115
140
1
647
481
10
2872
0
8
0
93
25
51
1
37
0
244
0
1
10
7
24
0
2342
206
350
1
155
4
2
3
358
0
8
4
0
1
0
2
2237
6
0
7
3
0
0
4257
12
1
2
1
3332
56
7
1
4
15
160
8
11
85
0
35
21
1
5
960
3
621
0
0
0
10
15
0
1
0
0
3
16
2
3
144
0
939
6
0
2
2155
203
30
0
3
1
2
20
32
3
4488
157
0
0
1
649
8
0
0
129
7
10265
7
0
678
0
3638
0
91
3126
0
30
38
1133
1
1
3
0
0
2
4
21
19
0
1
1172
4
1
82
7
375
1
2
1
0
0
1607
2
1
0
4
1
180
1
1
1
0
28
25
0
1
0
8
0
614
226
5
0
3
0
2
0
19
33
1
201
0
962
0
0
4
536
13
0
0
3
54
0
28
35
0
0
18
7
3
2
1569
1
0
20914
0
0
0
0
855
5
2778
0
0
0
17
133
0
69
0
0
0
68
12719
4
1
190
10
0
8
0
8
0
3
906
0
0
7
2
165
16
187
0
1267
0
0
49
0
0
8
0
6
84
2701
8
1
4
0
31
29
0
0
15
83
27
71
0
1
0
1
520
125
5
1
60
4238
0
2
5
10891
6
85
1387
0
0
1
15
123
224
0
86
853
5
22
9
1
0
0
697
20
290
6
3037
67
7
319
151
196
0
0
0
0
1935
1781
1350
3
0
0
0
649
0
7
1363
2
18
6
0
2
4
436
270
3331
2
232
0
9
4
880
0
1
2
0
409
0
1758
0
345
0
0
0
435
9
3
0
4
0
0
0
0
3
67
0
0
6
4
0
70
0
0
0
0
3
2
8592
0
100
0
2122
171
3
0
211
9
0
2
1
0
142
0
0
0
17
0
12
382
0
23
1
0
0
47
11
2
50
5
24
571
2
19
1257
13
0
58
0
2051
1646
0
0
1
0
2
14
151
29
0
589
0
8
12
637
3
0
0
57
0
2903
4
89
90
0
0
0
0
61
0
0
16
60
65
0
0
0
0
0
5
155
1
0
19
323
149
0
5
0
1
10
24
0
6
3
10
3331
0
0
1
55
47
0
0
9
0
14
0
0
35
154
0
3
545
2
4
4
1897
0
0
1
0
2
13
5
90
5
6
6
0
1
0
0
10
5
0
0
1385
0
0
2
0
0
0
225
671
0
0
3
4
749
2
2
9
0
0
2
5
5
0
0
6
1
0
0
62
0
0
3
1
2
70
1
0
17
0
0
3
0
1
0
2
525
0
1053
0
0
0
10
51
2
1
109
936
0
1
6
669
76
1
343
0
387
202
0
1
0
123
0
1466
0
31
0
0
11
8
0
95
0
2648
4
80
9
4
20
3
562
0
1
1
877
18
1
1
0
1
0
4233
35
0
0
204
0
0
1
0
0
9
1
0
2
0
2574
336
156
0
0
2
4
2
619
94
3
1
0
2
56
0
234
0
4
0
0
9
1003
694
4
1800
0
1544
265
180
1
226
9141
3
0
244
150
13
6
8936
3
0
3
0
0
0
0
1
0
0
0
388
199
7
218
330
31
0
2
0
10
0
64
0
3016
40
2
60
0
116
20
106
69
2
204
1
0
21
1622
0
1480
7
0
232
0
2
306
8
3
24
3
0
115
0
286
7
114
0
0
2
6
77
0
10
505
0
0
2
40
0
0
4
56
1
0
29
1
230
0
12
1
0
3
496
0
369
0
0
0
0
0
2
1
1
0
18
1
10
1
676
51
9
0
0
0
1
0
2
335
0
26
0
84
0
75
40
41
6
6
1
5
0
14
0
478
0
0
1
1565
0
40
5
2749
0
0
0
22
2580
7
142
14
3287
121
0
51
0
36
5
1
21
80
4
1
1
59
0
0
2
227
1
63
8
5
0
4888
1
0
12
2
9
0
0
0
83
2
0
0
0
0
6
5
0
0
0
1
43
4
174
0
0
3
2
1
0
0
36
487
586
88
2
70
49
3
0
0
0
191
1
61
21
33
0
6
59
244
1532
0
57
89
3
0
1
3
172
1
1
11
24
23
2
4
206
1
1
1
0
42
0
0
0
1
23
0
0
319
4
162
0
1
0
0
1199
0
20
28
7
0
0
0
1
37
0
3
9
6
0
0
4
0
0
2
0
0
0
0
31
30
2
38
11
220
0
0
2
70
0
179
600
1
0
151
5
66
1
1
0
10
0
0
5
54
601
0
0
29
0
0
36
0
1
6
2
0
0
0
39
0
741
112
2
0
0
0
3
0
2386
633
7
2
2
50
0
128
1
0
0
0
6
0
2
0
4
1
0
0
101
56
109
32
39
103
0
0
978
550
3
11
70
30
108
0
0
2364
0
3
0
3
0
0
0
110
2
0
14
1
0
112
1
2635
0
0
9
0
113
0
10
13
3
775
0
0
335
0
16
15166
22942
344
3566
16758
10399
2211
225
1379
147
163
3109
147
559
163
8310
16758
11649
225
9821
21974
559
0
13893
0
7473
294
2636
15907
2168
6551
1379
169
8006
12106
14383
390
14
192
16417
18126
3274
2622
7570
36290
561
5104
12480
14506
0
6234
100
842
355
19813
28796
2775
87
3775
87
11
147
20698
5686
14
0
3
123
903
456
34
2384
4212
632
31
7226
0
10695
1360
141
258
87
14909
5
298
2627
91
68
3398
4054
3932
28
7
0
89
4212
678
8719
31
18812
19052
11
0
7490
15
1
0
5
10089
16
0
82
1598
8204
1
172
382
107
17
2992
961
70
2372
13593
182
6679
12
687
92
3
0
624
41
987
54
7
0
3
1235
0
2830
7
110
180
7
2068
24
2348
2944
2
1992
1483
1025
0
831
0
26
135
5777
0
11043
121
1207
0
6
135
0
848
670
2
32213
2
0
57
333
2
0
0
844
1
0
118
19594
4
821
233
184
8
1775
0
3537
41
8
0
16235
381
1479
10709
155
8
18909
81
17
154
0
232
7
466
65
10
2081
5
5
21723
1
11
6
61
4
0
2332
33510
281
12162
14
2537
79
0
5327
6704
0
15
1
0
0
15
281
5760
5636
0
16
0
0
3
101
0
0
15384
8
2
3
5
3005
68
395
50
40
0
3991
0
58
59
13279
65
326
3629
495
0
449
93
1
14
0
1
0
273
88
0
0
0
3
13
1
0
0
0
301
0
0
0
0
394
0
9
29
169
290
11522
5193
4353
5568
0
20
2
13
0
153
6486
0
1
0
156
0
19
23
20
2744
2
0
0
2
0
0
143
7
497
4
1
46
59
4
366
11507
9314
2
0
1
411
1466
1062
463
59
66
364
666
158
22
0
42
101
0
13464
305
7982
723
771
9
67
36
0
648
97
2
0
4
315
1005
1
2689
0
0
24353
4978
387
497
18
317
5
0
0
52
1
3
2104
81
12762
5
28
0
7
11
0
0
238
6
385
32
1
0
147
34
0
1
27
9
3
3
11
6
147
172
192
13
16
268
43
2995
0
259
75
29
0
0
16
23
4984
1
544
516
5541
7
5
62
34
1
3
173
10
16
33
107
60
188
217
1732
136
1
0
11167
35705
35
203
36
5
3
65
2
3
2
876
370
1486
0
0
2
1260
114
203
458
475
13
13165
5
1
2143
625
271
590
3289
613
0
2191
3173
0
501
0
70
0
7
0
866
608
367
17
3
0
3
366
511
3
0
0
25
0
1
0
0
1380
1
10
75
13621
6700
1
3
4
4
10
3
1
40
473
3625
2003
5
4
9460
680
211
14
76
0
10874
5
2
45
0
16
96
963
3
2
0
0
13104
5226
2
0
0
479
37
0
1
0
0
16
0
4343
4
2
0
0
202
0
15
0
0
22
7
5
1
0
34
22
41
1332
14
543
5339
0
189
7430
20
14
0
0
2605
27
1016
8
0
3
8
978
0
124
0
21
67
42
44
2
0
405
0
53
11
0
0
12
18841
23
1096
0
4
714
0
1
33
411
0
28
5
1
0
177
0
3
45786
3
5274
2
1
10
1
0
177
0
166
7
5142
0
1
0
7
4
0
0
240
16713
0
4
11
0
321
117
23
2
122
6
2585
11
180
147
40
1
5
1
66
4
0
1
10
0
1
138
0
51
17
3
37
294
45
176
0
2
2
1
88
51
0
0
2
0
193
1
0
14
0
139
1130
0
94
205
3
4
3
1924
16
6
218
0
6
0
0
0
0
62
0
2790
10
0
389
542
0
12640
60
51
70
422
0
2
0
0
0
10
13
2
477
172
1
0
2
0
42
62
0
65
1
6
3
1
42
64
49
0
6
2596
0
126
14
408
2
72
19
0
18
1
10
0
0
938
18
0
0
8
8
52
0
50
0
77
12
13
2812
0
184
114
10
0
10
0
30
14
4061
3
2026
0
972
0
369
42
1491
0
71
14282
1616
5
1
365
1936
302
71
0
1
2
0
40
36
4
813
0
9
0
0
1
0
34
2726
47
450
1
455
17
0
0
1142
13
313
3
172
74
2
5
25
0
2
4
0
2
22
37
0
1
0
1708
0
1
0
139
2
0
0
0
0
2364
14
107
2
6291
12
179
4
3286
5
0
0
51
10
0
6
0
0
15
1739
0
1374
75
0
0
0
0
2
10
282
0
4
0
4063
0
2
0
4
43
193
254
106
24
0
965
114
0
0
1
219
13
199
448
334
0
19
1
1
6
0
0
0
0
0
25
0
2
0
4
158
1
1
0
0
0
0
1
1
10
356
0
0
0
0
0
0
395
0
14
37
0
0
0
23
73
72
3
1584
28
4
0
241
9284
585
7
0
2
459
0
1987
52
0
9
5
0
3
0
7
189
0
0
3
20
0
115
27
0
0
2
0
0
0
134
2
14
16
0
0
2
57
0
0
0
1
0
0
3167
0
0
0
0
1
423
0
1
295
1
11
126
0
17
0
19
2
4
923
1
24
11
211
0
0
27804
11
6
0
0
63
1
3
99
0
1608
284
0
269
33
0
3
999
0
0
5
182
10
59
9
1565
6
19
38
0
227
11
0
4
1
0
1
36
308
0
1
17
0
1
0
1404
1
2
2
335
2035
0
0
995
228
0
59
13
5601
1
16
1
0
31897
0
278
28
3
76
2
0
1
3
0
7
1
573
1275
1
0
49
16
396
0
17
0
0
3
272
36
80
0
9708
0
0
11
1
114
0
0
29
1385
0
7
146
7177
1
1
166
0
1169
83
3
33
15
2
5
37
9
12
0
40
1
0
2624
62
0
0
35
7
2
172
2
4
53
0
14
2
9278
0
116
39
0
78
0
1
93
0
2
1
11
3
0
647
3
6
67
98
0
0
13
0
34
5
0
6
2
1
17
0
29
0
0
1
24
59
0
2
6
96
1
1
43
0
55
0
1056
83
2793
0
19
73
18
5
2
0
2030
78
0
0
0
0
4
0
0
598
42
0
0
0
0
0
0
0
0
6
1056
0
1147
11
433
1
42
0
0
422
0
12
0
1
0
7
0
0
1
219
75
0
52
0
1
98
120
0
1
0
8
2
2
0
0
0
0
0
2
361
411
5
0
19
11
25
106
0
134
1367
12
0
0
247
1
0
106
0
0
5
5
0
0
0
2
6
0
0
0
104
8
0
609
39
1
32
0
0
1
30
12
0
127
1
1
5
0
483
0
0
1
0
0
0
1996
59
15
0
0
352
0
0
3
169
9
0
0
3
0
118
0
50
17
0
12
1
0
28
1
0
1254
1
0
19
0
0
0
0
0
3
0
123
214
0
3
205
11
290
0
0
0
0
0
70
4795
4
1
1
25
24
3
376
0
1
2
2220
0
0
51
0
0
0
10
2
0
0
0
8
26
0
0
75
4
11
257
0
2
7
1170
0
168
0
513
83
125
2
0
188
4
0
173
0
3
64
0
77
0
0
0
0
1
0
18
0
0
7
861
0
46
96
24
124
5823
150
5
629
4759
42
0
2
0
0
1
229
0
0
0
351
2858
0
2
20
23
0
16
39
0
20
0
116
5
9
0
599
1
12
0
1137
6
34
0
0
0
0
0
3
0
0
20
32
2
0
0
5937
0
353
0
5
62
0
70
6
8
32
0
0
0
1
3
22
232
0
60
10
1
3
6
3
0
0
0
151
0
0
30
18
14
0
0
39
5
14
10
0
0
0
5
0
0
0
0
1455
4
8
0
0
0
0
0
0
0
0
0
81
304
0
0
1
0
0
18
2
0
0
1
0
1
0
8
1
0
0
5
32
1
0
10
29
36
21
0
10
0
0
67
0
50
0
0
28
14
0
1650
0
0
32
73
30059
117
229
266
0
0
885
0
0
1
61
0
0
0
286
0
0
0
1
0
0
36
0
13
0
0
0
7044
0
0
0
16
0
0
2824
1
34
7485
13
51
2128
5
967
1397
1
4260
123
3
5
0
0
0
309
0
0
0
155
3
0
1
0
130
55
31
0
4
3
3
2
0
3605
0
1448
0
1
4664
0
0
0
0
32
0
6
0
287
4
493
0
5
68
0
0
0
67
1
0
3
86
2323
1
0
106
45
3
733
1
54
21
1372
5916
0
45
113
0
0
366
26
42
0
1
1
4
0
3
0
0
2
30
37
9
1
0
1
74
392
0
4
4093
0
26
0
50
0
6
0
4400
71
0
0
0
2
0
7
0
3
926
0
0
0
0
0
3
0
1
0
0
0
0
547
0
3
146
0
0
3
0
29
1
0
0
0
3
0
0
2
0
3
0
0
255
1
60
62
2
120
7
0
20
1
4324
0
3
0
0
0
0
0
582
1
0
0
411
304
27
357
175
16
0
0
1630
7
8
344
0
0
90
0
0
102
1
0
13
0
573
0
17
0
1
131
317
18
0
4
22222
2
189
0
3
0
0
0
604
0
0
0
417
1
0
18
0
0
1
0
68
3
0
1
0
0
0
0
3
0
275
69
0
68
0
0
105
3
0
0
0
1
0
0
2
0
0
136
0
7
0
5586
47
138
0
0
8
0
0
0
2
0
0
0
90
4
21
270
0
0
0
8
0
0
3
0
0
0
0
214
27
1
0
19
3
0
20
0
0
0
0
0
1
0
7774
0
0
0
71
0
0
8
124
2
320
2
17
1353
3928
0
0
123
1
0
17
896
1
439
2517
2
4325
2
951
0
151
0
0
496
12
0
46
0
1
0
89
1
24
0
278
0
50
91
312
1
0
0
1
0
6
27
0
0
0
19
0
1
0
0
0
3
2767
0
2100
0
0
0
0
10
27
0
0
884
2
0
71
13
0
0
5
0
0
1102
0
366
314
28
1
86
27
0
0
0
28
0
0
48
0
3
0
6
2
0
284
2830
23
6
0
3
3
83
0
287
0
0
10
1
0
154
0
2
765
0
5826
40
7
0
0
275
0
0
0
312
58
7
4
1
2
0
31
0
2
2499
59
23
3
175
0
0
0
3449
2
31
1
0
8
2
34
0
0
0
2
31
335
3
0
0
54
611
123
2
2
0
78
5
1
1
0
0
0
0
0
426
3
0
54
171
2291
2
252
3
2
5
6
0
0
0
19
0
0
0
0
0
0
0
2
0
1
3901
1
7
1
17
4
5
0
0
4
0
0
0
3
0
0
16
181
0
4
1279
12
1
492
50
9
0
0
132
0
4
0
1
0
0
4024
0
0
725
114
0
145
9
2
2
98
0
172
241
0
23
144
0
9
182
14
2
440
13
0
0
0
0
0
3
7
272
0
0
2808
12
2763
0
0
0
0
11
1
2
0
0
6
64
3665
2
0
101
0
64
19
594
3
3
0
0
109
0
0
12
14
8
603
3
1
0
1
121
191
0
0
25
15
12650
0
0
0
0
0
0
0
0
551
7
169
0
2
2200
0
8
9
0
0
92
5
127
1
0
98
0
0
0
3
17
0
2
384
3
4
11
1
0
53
2
16
7
400
1
0
0
4
9
0
0
169
0
20
12
0
0
205
0
0
180
2
13
3
28
45
0
0
24
7
597
10
0
10
0
0
1
0
0
3969
52
0
0
2
7
35
0
12
1
9
0
0
1
2
0
0
0
1
207
400
0
5
1
46
9
18
0
0
1
2
1
0
0
201
1
8778
0
0
3
0
0
1650
283
2917
0
2
2
10
1728
2
5
0
0
32
2
2
0
2
1
0
160
0
12
773
8939
0
0
36
860
87
28
39
504
30
0
1
5
99
1
0
0
2
52
20
0
0
0
4
0
76
1268
1
0
0
0
1
17
1
0
0
0
3
0
0
21
0
4
349
0
0
0
0
929
0
1
4
0
0
293
0
7
0
0
1903
0
0
0
0
0
0
5694
1
0
59
190
2
4459
5
1
0
0
13342
7
0
0
0
7
44
0
23
0
0
2
45
36
0
3
6
29
0
9
1
0
1764
0
20
0
0
8
0
0
0
0
760
0
1
0
0
164
0
0
885
86
0
0
1
3
0
0
2
2
192
0
182
56
2
2
14
1
6
17
0
0
0
130
0
0
0
0
20
5
0
0
254
0
106
1
0
229
0
0
0
0
0
1
0
0
0
0
16
4
7
2
2
6
1
15
0
0
0
1
0
0
0
85
121
790
0
0
718
0
271
9
3
0
275
0
75
1100
18
1
0
18
4
15095
0
0
0
4
0
63
1
0
0
0
0
0
2
0
4
4
0
1
5
27
244
5
0
0
0
7
1412
0
326
32
4620
0
72
0
11334
0
0
1921
4216
0
9
0
0
4
0
0
0
0
2
5
1
5211
1363
6185
120
7
0
11
0
0
0
0
1
312
2
4
0
22
4
16
0
0
158
113
0
0
0
0
6
219
1
0
5
0
0
13
0
1
532
0
2
0
10
9
2
0
0
77
0
0
16
29
163
0
1
0
22
0
0
0
0
1
0
221
154
14
12
26
0
6662
9774
11
35
93
0
7
0
37
2
0
0
114
1
1
14
0
0
8
0
0
677
0
0
16
0
0
0
108
368
0
22
7
33
82
0
0
3
173
1
0
1
0
2
0
45
0
0
0
0
63
0
0
1
0
2
0
0
263
2
12
2
6
0
1
20
0
2
0
0
4
0
295
0
375
0
61
1
17
0
0
15103
2
0
0
8
0
4
2
0
2
6
0
0
0
120
1
1
1
1
0
2
6
0
0
0
0
1381
1993
126
0
0
1104
0
0
0
0
216
0
0
7
0
56
6
0
1
43
0
0
25379
1
42
0
0
1
0
103
1
0
0
18
131
2
45
0
0
0
0
0
28
0
113
5
0
49
0
438
4
0
0
175
0
28
0
1543
0
0
0
0
2
0
0
8
1
0
1
0
19
0
124
15
0
0
0
14
155
0
0
0
0
6
16
0
52
2
0
6
3
92
1
23
408
42
0
6
152
0
1
0
29
0
0
0
0
0
7
0
149
1
2
0
39
1
110
39
0
0
0
0
2
1
0
0
5
0
93
21701
21
26453
1
0
1
1
209
0
84
5
0
1
2
7
1
0
8
0
1645
3348
0
0
90
80
2
0
19
1
0
1
0
1
2
212
1
0
0
0
1
0
0
1
0
113
0
14
9
5
146
0
1034
140
1
0
0
1
0
0
0
0
1
0
430
22
1398
0
0
0
38
1
0
2
13
1
0
343
0
0
2
19
1
0
0
0
24
4572
112
4
0
2
0
0
4
1
0
0
550
0
0
2
0
0
0
0
0
0
0
7
12
0
0
511
9
64
4
8
0
4
0
0
0
0
0
0
0
20
121
2540
221
1
1077
1
0
1
0
40
3
1
0
0
0
0
3
54
0
8913
7
959
51
14
0
0
0
103
3
2
5
0
0
17
107
0
0
0
0
0
0
0
384
0
60
8
1
0
0
10
83
2
6665
0
0
0
0
0
0
0
1
6
23
0
0
3
0
4
0
4197
0
0
0
2
4
0
835
956
92
3452
0
0
2
0
0
0
171
588
55
0
1
1
17
0
0
0
0
1
0
0
0
62
2
648
0
0
0
232
0
1
350
0
3
32
184
0
3
12
2871
354
39
0
0
0
12
18
100
972
0
223
0
250
0
17
0
0
5
0
4
45
1
0
3
98
16
9
0
593
8
0
440
0
4574
7
0
437
0
318
2
0
0
0
12
5
0
1
0
33
2
0
2
0
46
4
13
0
0
73
0
0
657
0
2
12
0
0
0
0
4
4
0
0
2
0
1
350
16
290
3
0
0
0
12
0
0
2
27
0
1
1
0
4
0
8
1
265
43
1
0
0
762
413
0
0
2
0
6
0
0
40
0
1
0
9
0
2
4
0
1
0
16
6
0
0
329
1
3
0
0
0
0
0
0
793
0
201
1
2
2
12
31
3
0
119
0
0
6
2206
0
164
1
0
2
365
0
0
0
664
893
4990
4
0
0
0
570
0
5
0
0
11
1
451
0
0
0
3
0
0
11
0
0
0
7
0
0
193
392
1
1
0
1
1
0
0
0
42
0
0
869
1187
1617
0
0
3
0
23
0
0
1
24
9
0
2
5
0
0
0
54
8
18
0
0
0
0
34
4610
50
0
4
0
3156
0
0
396
2457
0
0
0
4
0
433
1
0
1
0
0
0
6
97
2
396
0
926
46
0
4
0
94
22
0
0
460
579
0
0
0
0
12
0
1
19
0
0
0
7
0
9
1289
20
0
0
12
1
282
0
1
33
673
1
55
15
100
0
41
0
0
0
0
327
0
0
0
77
2336
6
1
189
7
41
24
154
0
0
0
1
10
0
26
0
0
0
0
0
1
0
0
2
1
84
48
0
0
422
0
1
1
0
1741
0
0
0
0
1
0
601
0
34
0
0
4
2
27
1
0
0
471
3
52
0
0
0
0
14
969
0
0
3004
8
14
2
0
12
1
7
9
17349
1500
0
4
89
7
1
0
15
0
0
0
9
1
2
18
0
0
339
0
0
0
53
0
1
0
4
13
0
0
1382
599
12
1
0
41
0
1
215
1
102
16
28
0
0
15
1100
0
0
26
0
48
2473
0
0
0
29
1
0
490
180
0
19
6
0
0
2
0
0
1
0
834
8
0
1
0
0
0
0
61
0
2246
0
0
0
0
53
0
12
0
0
0
1
0
2
114
30
17
4
392
64
0
0
30
0
276
163
0
0
0
28
2
0
14
7
18
467
0
0
60
660
1
0
0
2
1
2
0
1349
5
13
676
0
125
546
0
2
67
0
132
0
0
0
0
2
0
1
3465
0
64
0
0
0
0
1
0
0
0
1006
61
108
1888
0
8
7
33
389
58
1
0
0
0
0
116
2725
0
0
20
0
2147
50
0
0
0
3
0
0
13
16
0
223
0
1
9
0
44
0
3
1
1
0
0
0
0
0
0
0
29
0
0
682
6
0
0
678
0
0
0
0
0
0
1
58
71
0
1
0
3
80
4
0
3
5
2
8
11
1
0
11
51
0
0
0
14
237
0
0
0
0
0
0
30
5
0
311
0
0
292
0
615
0
1
0
0
1
0
22
0
0
0
0
4
1
0
1
0
5
869
7
2
0
0
1
9
0
1
788
14
1
1
0
0
0
0
0
239
0
5
0
0
46
1
47
0
0
0
98
11
0
57
0
0
98
0
0
62
0
0
26
0
0
56
0
1
0
1
1
0
0
0
14
0
0
0
0
0
0
6
3
1
3
0
3
0
1
14
1
0
88
0
0
0
4
322
1738
0
0
0
0
109
40
0
1
6
0
0
449
80
51
0
357
1
1
0
0
44
1
0
0
0
0
0
0
0
0
6
0
53
72
0
0
0
1
0
1
0
0
0
0
129
19
0
988
0
42
0
6
0
0
1
2
58
0
107
1
1
6
0
5
0
23
0
7
0
1
114
0
0
1
0
311
0
0
0
0
0
68
5
0
0
0
0
0
19
1
0
0
1
22
3
0
0
510
0
0
21
0
0
0
0
0
48
1799
0
32
0
0
146
142
260
7
2
0
0
0
37
0
0
0
0
36
65
1
0
394
3
15
117
11
0
2
354
67
797
18648
41
408
87
147
320
12931
1587
12018
16330
13554
2691
320
6
403
11
2045
6
10
408
1587
79
40834
20114
2030
16
17671
10
28588
18462
252
21836
1446
0
11
8135
4252
69
6
1612
3421
4
1035
1612
163
3998
8037
12859
155
163
6839
163
440
2993
225
4
1612
163
69
5485
163
363
15775
2
1
3
0
15637
0
713
63
3
122
369
49
2904
2629
18
27
30556
2
28832
46226
973
20
123
0
101
141
470
425
22405
313
25
6
11
25
91
182
2084
22
1766
355
1023
2
7521
136
11
13009
154
694
7241
134
27541
5
49523
784
44
181
1699
11
25885
7442
97
2839
6
0
6791
2
0
12844
1058
480
0
1602
978
2
0
0
8585
1348
124
73
3
12
0
7
562
2741
196
0
40
3860
180
0
14
0
15
4
0
3303
4625
4231
6
13
1
0
75
0
7394
0
0
1
0
50173
1
59
0
473
2
4
3461
121
46
0
2
6
49072
12
6025
1766
19
1260
33
7
11
58
15265
0
0
24
0
11
61
223
173
1479
5
10166
0
85
0
16
36
400
1
11
871
1770
32
1200
83
0
1
1
756
9
0
4013
9
907
0
33
3775
6
0
196
225
184
1
160
212
4
1003
0
0
147
1
57
116
74
5
5383
4249
1
4
0
696
91
1553
0
1
28
1
85
25
0
423
82
27
185
715
0
1501
474
4890
0
2577
1
8452
941
1407
551
0
243
148
36
20
1345
6503
570
0
0
0
7472
1496
0
1
37
0
0
20
2931
16
1198
1
1
1
13572
50176
1
0
190
5
0
47902
11
7
7
113
1037
0
0
0
5
0
4
6301
0
356
22
786
469
10
32
55
12686
5572
13
3
3
12
0
43
7
5
14
9
3
3085
12
1
33
58
667
0
18275
0
4
7
52
1
5
0
254
1017
4465
4
489
1
0
1
8
50016
31
0
313
30
23
178
371
0
0
384
406
2179
7562
8
0
53
164
0
5
0
123
96
0
0
3
2045
2172
68
7110
0
22
2854
0
3
754
4309
2
1
26
0
23
815
503
2797
11
0
0
1
2
0
62
43
68
0
0
21
1790
12
0
14780
10
0
25
17
158
0
6
323
1
570
1331
0
0
37
3
0
77
0
2
531
1
5
1501
916
329
2
17
745
0
11683
0
5
35
15
2704
0
2192
13
4
139
776
73
949
0
1917
0
83
8
2787
1
1
1
0
0
0
2
0
50
79
883
185
0
45
6
33
7
6
99
18
0
859
10
399
469
2
0
2
0
301
0
0
0
91
18
5
568
931
126
376
1
24
0
1620
144
0
23
202
0
2
5
0
466
0
30
1
0
0
219
0
2464
65
444
5
50
2412
4463
0
2
0
0
0
389
112
144
5
0
0
109
4
9
62
6932
3242
0
39
7
1
0
3
0
142
0
681
0
52
36
1
2
3
37
29
6
1
0
0
3
12026
5
9388
25
189
29
0
465
0
18
10
157
17
15502
2
568
0
5286
51
2649
7
12
919
509
38
34
0
0
0
0
166
50180
3
3
172
31
989
0
50171
234
0
0
2
6
5
1345
0
0
56
10
0
6
9
7
37
35
2
13
66
81
0
3
2
1
3
2
2
10
9
3
3
0
2
1196
18
154
1
1
35
6
91
35
1
1685
1
464
0
8251
34
2
0
175
1
298
1098
50220
0
2174
10223
50205
1320
78
9
120
0
0
0
1
1
39
4
59
0
0
317
2
0
43
22
0
1095
3
1
1
684
11
0
0
1215
0
7
929
42
70
0
16
0
0
2952
208
47
0
1
85
0
0
0
1
270
0
55
1
0
1
0
27
45
16
273
42
84
552
0
50222
246
0
238
158
8
0
286
0
426
0
1
3
11
1750
14
1
0
8
14
0
0
94
27
1
228
21
81
133
26
4
0
4
86
0
10
259
0
0
0
10
43
27
1
20
1450
0
28
0
0
0
1
0
8632
0
7
0
37
25
16
3339
8
0
177
86
100
0
1
0
2
0
1
630
1
11547
31
6
0
1
20
21
520
2054
1
335
1
4
19
33
74
73
13
1
1
2332
5
3
242
1509
0
1
0
2
2
0
4
94
1
0
1
5542
1157
99
0
45
22
1733
10
328
60
13
1
0
459
0
654
57
2
82
97
0
809
1
0
0
0
63
49418
1
0
142
3
110
5
193
63
807
0
4
2112
1
2555
0
636
198
2
29
0
0
0
12
4429
202
1738
63
0
129
989
4
33
3
2
0
0
5
0
1
0
0
0
1461
0
3
0
816
0
0
443
16
6
0
11
115
0
0
0
0
0
0
10
1
284
53
0
1
124
2
0
13
70
122
16
1
0
0
34
70
2
3009
118
0
93
16
183
1121
396
893
3
0
0
338
36
4
3
0
0
0
4701
0
1208
0
0
1928
0
0
1179
0
26590
2
0
0
9
3
17
0
13880
22
0
93
1
0
83
0
44
0
50183
2
0
0
0
3
2
1
144
7
1
28
1305
0
1169
112
0
65
3129
436
0
0
2
1
97
3
0
5
77
224
9
4
11
44
349
0
92
5
0
916
3378
6
0
43
5684
1
0
0
1
1
248
497
2
115
1
1
0
0
38
8
50031
0
27
27307
3
11230
13
0
1417
10
12
2
1
0
35
0
10
3798
0
77
4
45
2
454
7
0
3
0
3
20
0
126
0
48
1
0
0
1969
1
0
1
21
0
4
3741
0
12
4
0
8
65
0
133
13
220
0
7593
3578
159
879
0
348
205
3828
1
0
5
89
3924
10186
0
4
23
1
0
58
0
1
3700
0
9964
1712
3
0
3
2
1
1
1
26
1201
3
64
0
2
0
0
0
115
14
1
0
0
0
3
376
1
859
0
8
394
1
367
0
0
30
0
0
159
49
1
81
92
0
0
196
82
1
58
0
1
50081
1179
318
0
0
436
0
2
15
7
0
10
0
0
0
0
0
5
24
1
0
0
1143
180
0
59
0
1
56
3
1
7
295
0
0
12
0
80
4
152
0
0
0
0
0
75
1
0
10
0
0
0
0
36
29
50206
55
0
0
0
41
38
0
1
13
3
111
2
869
1
0
2
1
94
0
36
0
16
1
94
0
571
11
486
579
24
29
2
31
1
272
25
0
6
30
4
1
150
4992
3
6209
0
14
460
69
0
0
26
0
2
1
1
74
54
0
0
1
0
62
50210
802
0
8
0
0
1
0
0
45864
55
0
11
5
1
2034
16
1
5
0
11
757
33
6927
33
0
1
6
1
3
137
16
43
9
0
0
0
0
0
0
1
0
0
50
120
149
51
1
8
0
15
641
791
0
0
2
56
0
0
0
89
0
11
0
0
4
0
14572
0
1
726
96
0
12
2
306
42
0
2
11
1
45
0
182
0
1710
0
91
0
0
225
0
7
5
35
1
24
1
31
154
3
1491
2
0
10
72
0
18
12
313
98
5
7
0
22
75
0
0
266
0
0
0
5
17
17
1111
47802
0
16295
9
0
0
1
0
14
3
3
1698
21
89
0
13
0
1
0
488
2
0
0
7
360
4
160
0
0
0
0
28
19
0
0
5
0
1
3
2731
0
127
0
1
0
1296
22
1
11
0
1294
23
0
7
441
1
242
5
0
10
0
554
0
0
0
0
5
0
0
698
3
0
9
1
2
516
10
743
0
0
1
682
1
0
6
0
0
0
20
0
0
76
128
122
17
3
0
1
3222
121
1
1
157
254
0
1
10
0
5794
4
8
30
1463
129
213
32
0
355
12
47
0
0
0
4
2
2
0
47513
0
0
0
2
0
238
2
0
0
10
0
1
0
0
0
0
13
0
0
27
1
0
59
1
0
2703
0
0
3
1
9
30
0
0
11
11
3
318
0
123
8
30
2
7
3910
503
0
2
17
20
563
170
0
3
0
0
887
679
0
0
1
0
0
44892
1
0
1137
0
0
50213
16
0
0
58
867
43
0
0
1
0
575
3
40
1
31
0
0
11
74
136
692
2
0
96
0
0
0
1
2
9
0
89
3
0
0
55
809
18
1
12
1497
0
1
56
1
1380
27
0
0
0
1
25
0
0
11
0
3
0
16
0
0
420
0
0
0
0
0
819
7
124
1
1
4
14
1
0
0
326
25
0
674
146
0
360
1515
0
33
5671
19
0
0
0
193
9
0
68
21
0
2
114
0
0
0
19
43
574
5
1
4279
0
1729
1854
0
0
0
395
0
0
0
0
7
209
3
0
11
115
0
813
2
343
0
3
2
4
2035
57
0
0
0
6
1
0
1
0
1
126
64
0
128
175
2
37
0
335
11
247
0
1
4
1
4
56
172
2
0
0
19
13
10
2
65
406
0
79
992
280
0
2541
33
0
0
9
28
1
21
17987
0
0
1
0
50
4
27
0
0
1087
0
30
2
996
0
0
0
2057
30
3
0
0
0
0
1
7
14
8
694
53
3722
0
4000
996
1
0
9552
0
74
1
9
0
347
0
7
4
17
13
1
1
487
0
27
0
0
189
17
0
19
0
0
0
1
238
2
0
46248
2
72
0
1
39
0
29
15
119
1
1237
0
101
8
0
0
0
0
8461
23
146
0
6
0
0
62
0
12
0
3
959
267
6
61
1
0
556
32
58
7
1
393
5
305
0
2
0
5
892
2250
21
0
0
0
0
0
2
27
0
417
17
27
0
0
11
4
0
0
93
0
3
20
15
0
0
0
11
0
0
371
1
50
51
18
45
5159
8
154
117
22
0
2
0
0
46
30
0
1829
31
0
8
9
0
1
0
0
24
0
7
2
237
11
0
0
2
0
8
0
0
417
1
2
0
0
1
308
0
486
19
336
0
43
0
0
5867
1
51
11
1
0
0
0
0
85
713
0
59
0
399
1
3
4720
6
0
77
5
0
91
483
7
36
41
8
34
262
2
0
38
0
0
49
0
0
5381
11
388
11
129
2
0
1
32
1
76
9
0
0
1202
0
2
0
32
0
4
0
0
9
0
13
2
0
0
0
1
0
6
0
0
0
202
0
0
3
0
21
0
10
2
0
115
71
11
0
0
3058
2
21
4105
2
19
8
13
0
0
16
2
0
13
0
0
5
16267
0
872
487
22
0
0
0
0
1
0
0
5
0
2
0
580
0
0
35
0
0
0
2338
0
0
1
71
0
0
7
2
44
0
0
1
1
0
3
16
35
0
26
210
17
14
182
1050
22
0
22
0
1
0
0
7
1
0
151
0
47
0
0
0
0
0
1989
0
2
0
0
4972
0
410
2
0
0
0
0
0
326
0
40556
0
548
0
44
59
0
966
1
58
2
9
33
1
0
0
18
5
24
1
4
235
1
2
1
484
8
0
0
180
39
4
22
27
37
2
0
0
18
0
1
0
1
7
10
0
80
0
106
0
18
1
0
0
0
1
19
0
2
0
0
0
28
21
50234
0
0
0
14
1
0
3
24
2
10
11
19
0
26
1
28
33
0
231
141
2093
0
104
26
36
2
818
4
2
806
0
4
7
32
5
34
0
25
12
0
5
1
0
48
8
0
119
0
0
774
2
0
2
2
31
2500
0
0
28
1915
7723
11429
0
0
1130
8
0
1304
12
2
153
0
556
44
9
174
30
33
215
4
1
297
0
0
17
5
5
0
2
26
9
2
17
434
0
1
0
9
809
3
0
2247
7
0
0
16
4321
3
35
126
18
17
0
1
0
1
0
3
0
3
0
402
3
0
1
332
1
0
1
1
0
762
1
0
136
0
1
534
19
1
0
35
4629
0
3
218
5
0
1
0
419
28
3
0
9
0
16
0
83
0
465
1
0
0
36
12
499
25
31
23
0
1
0
45
0
2
0
0
60
0
0
0
1
0
190
17
15538
40
46777
0
1
275
0
0
0
1
3
0
27
0
0
3
64
0
0
25
0
0
8
2
4
39
0
0
135
0
0
1843
41
0
0
0
47
1
14
3
0
222
0
2
0
428
1
83
2099
169
0
1
0
17
0
0
0
0
1
0
0
6
0
1
10
1
47093
17
2
3
33
1
0
4
46
113
0
0
43
0
20
0
227
26
0
4248
1
21
0
134
0
506
2
233
0
27
0
2
2733
26
1
0
27
0
3
29
258
2
13
1064
0
0
0
17
1339
3
0
0
0
12
0
0
1
0
0
1141
44726
0
50038
0
46547
1793
0
0
0
704
0
6
0
28
0
1
60
3836
1
57
13
110
0
31
3616
0
0
2
382
0
38
0
175
3
39
1
6731
1
0
33
5166
9
123
4
506
0
0
1
6
10
0
2
17
4
13150
42
0
12
132
0
0
0
0
8
46759
0
50142
48656
0
1604
0
0
9
5
0
27
11
335
12
0
0
37
1
3
0
15
0
1159
0
0
255
1373
23
0
211
0
82
80
1601
15
0
10
18
8
44
2
3
1
4
0
302
14
0
57
0
0
17
399
1
0
42
34
0
15
0
0
0
334
0
0
47
48974
6664
3
3286
0
0
0
0
49799
0
50211
15
40
4011
6
61
149
37
0
68
4
0
50
54
66
0
45
0
0
0
1
22
6
3
7
0
0
896
0
4
6
2
11
6
96
0
0
34
212
1
643
570
1
169
0
3
0
0
934
0
6444
157
0
41
0
8
32
310
0
164
38
0
2
1
49840
137
0
12
1
82
0
1
42
0
0
89
9
10
12
138
1467
0
0
0
0
49
5
26
3
0
11
7
1
1
28
36
53
0
31
0
392
10209
344
8
0
37
0
0
0
0
0
39
1
86
0
4700
0
355
0
0
58
1
0
50144
5
0
1945
1
2
1
0
0
0
0
0
3
17
71
2
0
24
283
0
0
2
87
2168
4
6
4
8
12
0
0
0
37
43
5
23
524
0
0
0
0
155
0
0
74
0
0
0
1
4
2
0
0
0
0
1
0
0
0
14
29
472
1608
0
0
1467
0
2135
615
45638
0
0
0
0
9
59
0
12
0
6
5
0
130
3
0
3
0
3419
0
0
26
0
362
0
0
0
3
7595
408
0
0
0
0
8
15
0
71
17
0
2
0
0
0
4
0
0
1845
0
84
116
0
0
0
7
4
0
277
0
0
45
0
2
0
0
44
1
0
13
0
0
37
0
16
0
0
0
24
0
3
0
0
14
0
7
137
0
0
1
0
0
65
21
23
0
19
339
29
2
26
2
11
0
470
35
1452
0
1001
1
5
0
0
1
9
50169
1
0
41
4
104
33
1021
0
24
0
1
1
1
0
0
0
0
0
7
91
3
0
543
1
0
0
953
294
11
156
0
40
1
0
0
0
1
4
5
7
1
12
166
841
0
6
0
11
403
47
452
7
79
1
0
0
0
0
0
3
0
14
4
50217
0
0
160
0
1
242
3
0
2
0
28
3
2
732
0
1
2
77
1
5
3
4
0
0
491
93
72
47
0
0
0
0
4
0
1
4250
0
250
26
398
182
39
19
0
85
109
0
0
36
2
1
0
0
28
0
0
0
0
13
0
0
0
1927
71
0
0
757
3
147
1
455
6
65
0
144
0
44280
186
0
0
11
0
1549
80
5393
8
4
20
7
0
69
0
0
2
0
3
20
0
3
392
3
10
2
6
8
32
0
7
0
0
0
0
3
1
1
0
0
1
0
0
86
5
0
0
0
0
5
2870
875
26
0
1
1
0
1889
0
2
0
0
5341
1
0
14
0
0
263
0
0
8
0
2
1
5
1
1435
0
39
0
0
0
2
3
24
1
1
35
86
222
0
11
0
2
1
0
626
0
17
0
151
48
0
0
0
0
1
1
35
0
1
0
163
3
0
0
136
1
117
3
35
1
2
0
0
0
42302
0
1
1
0
30
59
1
0
1
4
5
2
104
34
324
163
0
5
125
23
1
287
87
0
1
65
8
0
21
47
93
0
3009
0
2
1
359
0
2888
0
1
0
1323
99
2
1
0
0
1
964
0
110
14
1
113
342
1975
21233
0
0
0
0
597
0
3
2
0
0
18
159
9
0
46
0
0
3
3032
9504
1
4
74
427
7
0
132
136
2
100
0
1
0
1971
1
8213
1
7
87
56
95
0
1
0
905
11
91
0
233
0
0
0
1
1
1
31
1686
65
1
53
365
1
0
297
0
0
0
0
0
0
2889
0
1
0
2
5
45
2
11
447
0
18
1
2816
0
1
0
484
25
5306
18
0
2
4
7
1
661
0
10
78
5
30
52
1
152
0
0
3
1
0
2
0
0
7853
12
0
16
0
1
684
0
0
0
31
4
0
578
0
0
0
0
0
42417
31
0
334
0
3834
1
0
0
0
425
0
0
3
1
18
30
1
1
2
196
0
942
346
20
12
0
59
0
5
48
440
39
0
0
289
1
15
0
1
2
0
0
0
37
1
0
0
18
322
0
2
0
42380
646
0
16
0
0
4
0
0
0
73
0
0
19
293
51
3
0
3276
0
125
0
0
0
0
3
0
2
0
9
2
0
73
16
22
32
0
2
24
0
3
23954
9
0
44
0
3
2
0
181
3
4083
1
0
64
0
21
6
0
1
0
3
5
0
46113
16
21
1
103
7
763
0
0
0
0
1299
1
47883
30
0
0
0
339
1101
0
0
4
17
114
0
16
0
0
0
301
32
19
0
0
0
0
2
4
27
5
19
198
1
0
399
0
8
1
28
1
0
7
17
3
28
46
41
0
347
0
0
5027
48729
0
948
0
3
3
49603
1133
113
0
0
0
8
6
1
5
0
0
57
3
0
0
648
59
1
0
0
141
0
87
1226
10
0
114
0
3692
205
0
1
157
2
0
15
1
865
1
0
0
0
1
0
0
11
50
1
0
307
4
2
1
0
0
8
2
49763
3376
0
30
0
0
0
2
0
1
0
0
338
10
49488
1
0
0
83
15
0
0
31
24
2
0
0
2
0
3
0
6
1
20
1
1191
18
1
3
54
598
3
8
76
3
0
95
44
8
28
0
1
57
7
0
41
0
20
0
0
708
3
784
170
0
2
1
6185
1014
0
178
1
21
0
3
0
0
0
0
0
0
0
30
11
0
0
176
0
0
1
0
1
0
0
0
10
1106
5
7
0
4
50
112
0
1017
0
12
0
0
0
0
0
0
15
0
12
9
2
0
0
570
1
0
0
0
0
10
0
930
0
0
0
498
4
0
38
98
0
1309
0
9
0
2718
10
0
0
1
1
0
9
0
1
0
19
0
2
64
0
85
0
0
8
0
800
12
0
0
0
0
377
201
0
1
0
0
0
0
0
42
0
5
2
0
0
1
3
0
0
1
0
0
258
0
0
1
27
0
357
397
136
0
0
0
0
0
16
6
75
0
271
3
18
0
1
122
448
0
0
0
2668
0
5
3
207
0
4
0
10
5
1
19
7
0
0
0
7
54
0
0
0
0
1
312
81
0
18
0
0
91
1
4
1
27
2
0
0
0
0
136
0
1
225
0
0
1
0
0
0
0
59
0
37
1
370
1
11
0
3
311
0
0
0
0
33
0
449
222
0
155
23
269
1
0
0
8
6
2
0
38
1
351
0
0
600
104
31
3
0
0
16
1
1
400
126
1
0
2334
2
0
148
138
344
4
30
0
0
129
21
0
1
0
0
0
0
3920
0
0
1612
100
1573
169
261
994
3335
994
8661
160
13233
13757
8511
12877
3424
26211
8139
11179
2532
5104
147
40309
160
11044
2692
87
3566
19
225
0
163
374
3566
12013
4966
12859
10562
8992
320
87
41837
11688
2650
23938
163
158
158
13107
0
0
5057
12017
147
507
87
4220
10857
154
4517
19178
10560
17232
7469
5057
264
330
0
45
116
16
272
2427
1
1
482
1146
0
6498
692
8599
1
0
6
182
5044
3
4462
0
145
61
6524
1206
31
992
21
2523
5773
19613
0
10436
10
18019
12852
19820
0
1
9
2
6550
1052
1052
7253
992
992
0
2813
0
0
12132
348
8905
745
1
7
23
4
7
4
1162
682
1
7
572
3689
517
0
7401
845
317
7342
0
5622
211
3
3284
0
5407
1951
559
1
2
187
1306
0
0
800
394
17
0
15
27
40
7471
0
3738
753
3858
73
228
0
98
76
46
8
8
1
600
1520
1
0
14950
9
323
1403
0
3806
182
196
1174
275
17
0
2
0
0
73
45
0
144
3975
56
0
29
7
0
0
0
106
411
133
12664
2
3853
919
5
0
80
6340
7863
3
1
0
4
32
0
4
339
1
1929
4
213
0
10
4
537
3145
7
465
465
1
307
0
2
407
874
834
9
4805
0
840
5
0
399
41
1645
17
1
12
0
1062
0
0
0
5
8
0
45
4
0
9
1
4
2
41
0
8
24
0
1
0
3113
5
4
8707
8
50
59
0
1
239
142
22299
933
0
4
1755
13
2416
5834
135
14
0
0
27
0
0
37
275
0
18
1047
2
407
1
2
0
34
1
2
24
1
0
6540
9
1
146
1346
1043
70
1
0
50
1947
0
4
0
0
1
511
1
12
0
654
12682
1318
23
13
1113
3089
107
1
13983
119
392
373
254
1
8
41
0
16152
0
1
7
1
0
0
397
74
367
0
4
0
494
1
31
5443
0
144
0
0
0
1026
0
0
7532
48
0
1
167
23127
1
40
0
11879
8
27
0
0
887
1
25
8
1247
296
204
79
110
22
20
1
11348
1
1
81
331
108
4
9
491
34
0
1
0
1
0
12
29
435
54
54
1217
0
16244
2
0
694
0
1
17
5
6384
1
0
1167
1434
143
25399
6717
158
0
19
12619
3240
0
0
5
0
746
9848
785
1
87
2709
0
0
0
0
26
14908
0
5
106
165
0
8
3
29
3
0
0
0
968
0
3
6
0
92
31
15452
3
4
0
416
416
1
0
1
15835
0
2
68
18
30
0
0
9
3
21343
10
0
1984
145
0
4
21
4125
36
1133
21000
0
2187
3
216
1743
5
1
1989
58
1
100
0
0
4
1
0
0
12
39
12
0
5
0
27
0
0
247
1
2074
6630
1
835
0
61
0
530
8
294
294
31
9
1
144
1818
217
1
138
0
0
1
25
1
3
69
567
11
0
0
1
0
0
55
10
516
72
17
8826
2
2
1
0
0
0
34
1
45
173
0
50
50
0
0
3
2687
0
0
393
2
8
0
1
4
69
2
0
3
0
253
3
0
1
0
0
0
0
0
93
12950
344
10
3
1
1234
81
1
0
1
0
5
17
1
0
2300
0
1
1063
1670
1
1
1
1
3
2
31
0
4
2
0
4625
7
0
62
1
9
0
0
0
1
0
436
1221
0
1064
7385
4
0
0
118
2
3774
85
0
0
6
226
45
45
0
0
1401
5
7
1
0
8
1
3340
18607
229
0
5308
2510
0
2435
1
0
4
44
29
0
130
64
0
3232
1
37
0
2
45
3396
0
5
0
0
0
2
32
3
1
214
0
1349
0
25
432
3
573
15
0
0
8
9
272
51
2
82
0
1
410
0
0
9
0
3822
0
29
1
24920
8
1
3
7
0
1151
117
0
0
0
2
1
13
1
0
0
1
173
571
2
7
1
0
45
0
7650
0
0
0
3171
4
0
0
0
0
6
827
206
1
73
0
1
2
2
3
308
0
14
324
3330
85
1
0
287
0
0
0
0
0
2
2
51
25
122
0
0
0
0
6203
2
29
2816
0
0
0
1
3
0
0
304
0
10
249
272
15268
0
0
0
45
1
121
6003
1
6256
2
0
2
0
0
1
68
0
2
13
14
4
0
57
2
30
0
78
0
0
73
250
0
239
75
9
9
0
0
1
0
0
236
3
0
29
0
0
1
52
0
287
16
6
204
13
0
1
10
14
67
155
0
0
0
1
3055
4
21
4
101
290
1
292
1
1
14
31
0
281
37
103
0
17
915
41
0
0
362
52
890
2
0
2
7
5
0
0
0
0
0
0
1364
0
2
1
0
0
0
83
8
0
2
5
5424
219
6
1
0
1
0
0
1015
1
1
2
7
69
0
254
4313
13
2
34
0
0
209
0
6
535
1
0
114
5
0
227
0
0
3
1
0
0
1
0
3
174
2
21
444
372
1
58
0
0
0
0
146
10
102
5
0
0
1
359
7848
3
54
97
481
278
6
0
1
0
3
0
0
0
78
0
5
4
0
1
7
0
2690
3
5
6
0
312
7
167
1
12
134
0
0
4
6
44
28
1
4
0
0
2
146
2
0
4
0
0
124
0
10
0
0
0
372
3080
108
12
0
0
8
5
1
0
647
0
0
20
7170
0
1
4
4
546
3
46
1
0
252
4076
0
0
0
2
96
48
0
0
0
6
9
0
5
2
0
3
1
8
126
64
0
349
2
4
94
2
1308
0
0
0
0
0
633
0
0
0
0
391
15977
0
0
0
13
1125
284
2
0
2
85
2
0
69
2
0
111
0
10226
1019
1
9
49
1
0
6
228
0
0
11
0
0
0
183
8
444
35
2
277
168
6
10
0
0
656
1
0
4
77
1
2284
0
20
0
1
0
20698
4
1
8
0
0
0
191
64
0
0
0
1
341
3
25
697
0
0
145
8
2
15
1
650
17
98
0
47
1
0
17
11910
0
0
0
636
1
0
2
0
0
1
2
1
0
0
7
1
3
455
0
1
1
2
241
1
57
1
270
1
2
1
0
19
264
4
0
0
251
350
147
59
1209
1
29
152
318
1
411
177
11
0
3
275
0
4
15
32
168
2
8
1
0
106
20
260
6075
0
967
14
12
91
585
1
16
798
0
0
4
5
1
0
33
1033
153
0
0
9
9
1
1
0
551
1
0
0
2
1
3
0
0
0
404
348
2952
17
311
1
0
1
1
9
0
1
0
23
0
6
1
0
1
0
344
6
15
0
0
0
54
17
565
5702
90
0
0
0
0
30
58
0
1
0
16
4
34
23
0
0
3
7
0
4
2
100
1
0
11
116
0
27
2
0
0
0
1
0
101
108
33
31
0
175
62
9
0
3
86
3
3
1
3
3
6
4
143
20
0
182
0
29
0
1
1
0
21
1
0
2
8
564
336
14
0
1
14
5
0
1
358
2028
0
30
1
117
0
34
580
10
44
951
0
0
0
99
0
2624
4
0
0
176
517
15700
496
214
2020
2
0
0
143
160
0
8687
0
906
0
0
5
0
263
1
26
873
1
18
9
0
1
3
2052
0
0
0
0
0
6
0
2
53
0
1
11
160
1
1
0
7
208
66
0
24
56
504
6
2664
1
9
1
0
1
0
0
0
0
435
34
68
6
639
1129
5
63
0
1344
3
0
3
0
0
0
0
9
0
1
61
0
456
4
9
68
54
98
11
82
0
0
366
0
33
267
4
0
0
1
17
0
48
0
1314
0
5
9
6422
0
442
5
4
583
2
4
88
0
34
74
12
78
0
77
94
0
1176
5
5
16
0
0
12
607
51
0
1872
6
0
4
1
26
0
1
0
0
830
92
1628
401
321
0
0
25
0
1
0
4175
0
6
7
186
1
0
0
0
4
23
84
0
1248
15
18
28
9
108
1
4
5
12
58
3394
0
1238
0
2
0
586
7276
10
676
0
4
8755
10
125
1
174
0
94
28
0
0
0
0
41
1
428
11
8
0
360
2
1
0
1
5
47
69
5
0
120
0
75
369
5
9
18
0
16
1
0
9
0
2078
2
4
130
0
0
142
1
0
274
1
4
17
90
37
4
24499
139
593
143
149
0
0
1
4
3
3
4
32
7
8
0
6
166
0
3
9
1
38
234
0
0
954
1
0
13
15
0
1
0
17623
0
1
0
6
31
0
1925
0
8
3279
26
3
2541
464
0
267
9
0
2
2789
97
3
0
0
0
0
5
17
353
5
18414
27
0
2
0
0
0
2
0
1
17
21
13
41
1
301
213
732
0
0
0
0
0
0
1
0
0
0
110
57
2
8
25
102
3
7
6
2893
0
0
1
2455
16
485
251
27
538
0
4
0
17
7
46
17
95
3
5
13
708
0
3
4
2433
0
58
321
4
1
0
0
1
0
0
0
0
4
0
3
0
1
3
0
1632
15
5587
2
0
13
7
0
0
0
3
667
52
32
72
0
0
0
2
67
0
0
2
96
6198
200
747
7
26
20
23
0
19
304
4209
5
69
0
2
187
479
56
339
2
24
0
360
1
1
0
0
0
332
69
11118
173
1
0
390
3
4
0
8
0
92
0
27
16
0
0
0
6
3458
17
4
91
0
0
3
0
38
7609
0
1
37
0
2
0
0
57
215
57
0
59
2
3
0
0
0
977
848
0
0
0
3
3
9
0
3
0
33
6
0
0
1
0
1
56
1
1
2
0
1230
18
5
1
0
0
0
0
5
6
3
0
0
0
164
39
1
201
1
29
0
1
5
810
0
260
1
0
3
4
0
3662
3
0
0
0
22
6
2
5
0
1
46
0
0
0
1380
12
0
2357
32
0
423
0
0
0
0
2
1
9
0
0
218
0
3
35
1
1908
0
0
2
0
657
0
0
17
1
0
0
9
0
0
5
64
3
0
0
0
0
120
1
0
0
0
4
196
11
2
0
0
34
0
0
1
1
276
0
9
0
0
2
2
0
3937
83
0
1
0
0
0
0
0
136
0
2
0
0
0
0
0
9
1
5
0
2
0
0
9
1
0
1
3
0
4
0
0
1
0
0
0
0
8
1
1
0
19
12
3
9987
64
0
18
1659
2
172
0
0
5
12
0
1
610
1
12
2
1
59
7
2
33
4
0
0
0
0
0
2
61
0
0
2694
1850
361
6
99
0
0
0
0
145
2
5
0
0
4
1
967
118
18
16
1347
0
0
77
1
129
0
1
1
1
5
1
702
1
0
6
1862
0
0
0
0
0
9
3
0
1
0
0
1
0
0
0
1
59
0
0
0
2
0
0
450
1
1666
59
1
500
5
1
4
8
0
0
16
4
0
0
0
27
0
8297
2954
0
90
837
0
52
36
0
1
908
7
0
63
73
0
0
13
0
7
160
4
32
0
0
0
3
37
1
3
332
0
3
94
2
0
147
231
0
0
0
2
0
0
0
6
1
0
22
0
1587
1
1
0
57
1
0
0
1720
3
1
14
27
0
44
4
0
0
1
1
0
9
3
4
0
1
19
0
17
1
16
6
1
3
3
3384
0
0
0
0
0
0
7
283
1820
0
58
0
1
12
730
2
0
0
2
0
0
17
0
1440
55
1
3
0
90
0
280
430
0
1
7
180
0
38
0
5
3
1
18
20
8
1273
3
6868
0
13
6
21
5
9
1
0
3428
0
2
13705
15
1021
21
6
0
0
0
0
0
0
77
3
1
0
2903
1
6
1
0
5
1
0
0
0
0
111
19
1357
2
1
0
252
587
1
0
2
0
6
0
1
143
0
38
0
15
1
16
0
0
4
0
0
0
0
9
0
15
3
1
2
11
135
1
1444
0
3
0
6882
0
0
3
0
11
0
3
0
0
2
240
24
2
0
0
0
6
0
0
0
0
20
77
750
1
1
0
0
371
435
0
53
6
22079
1
0
0
0
3
0
173
2
127
82
1
7
0
48
1
0
1
0
1
0
53
0
0
0
0
289
0
85
14
1
572
1
0
1
1
1
0
0
541
739
2
1
0
1
1
200
0
2
0
0
0
1416
13
45
0
997
2
403
11
0
15
530
2
137
7
0
0
55
3068
0
1521
0
2710
0
0
35
14
59
0
119
54
19
109
140
0
15
1
3
1
16
288
0
3
0
11
0
0
1
0
4
0
6
11
13
1
1852
1
4
5
0
0
0
0
0
59
103
1085
0
147
1
97
1
1
282
1
0
64
2
59
95
0
0
26
2
36
4
290
0
2
1
0
17
64
51
24
3
0
0
3
0
18
1
8
1
21
0
6
0
73
484
0
1
0
0
362
0
4
46
81
1
0
115
0
60
0
0
0
38
77
8
54
8
0
0
1
1
39
1
464
0
0
1
94
938
0
122
446
2
14
144
1232
0
67
0
404
0
0
0
0
0
4
0
8
0
3
1
189
634
10
1341
21
4
75
8
0
0
1
0
653
0
1
0
2
1
0
3555
0
11
0
0
14
58
20
39
5
3695
0
0
118
138
0
0
0
0
1
7
3
0
3
258
9
1
1098
0
0
11
1
17
4
0
1396
9
0
7
0
0
0
0
0
0
64
4
1
0
3
85
1
0
0
33
0
0
104
0
1
49
3
1020
0
0
768
1
0
0
73
22
667
0
37
0
26
199
0
0
0
2
1
0
0
0
0
0
84
19
8
0
482
0
0
15
31
194
0
0
635
0
3
14
9
3
318
0
0
73
1
0
0
0
0
3
22
368
0
0
0
0
18
2
89
2164
1
0
0
0
135
575
5
0
30
19
29
0
0
4
28
6
26
9
0
1887
78
87
0
5
1098
2
15
39
0
0
506
2
0
0
0
290
0
17
0
0
22
5
13
32
0
1
4
1
0
0
1
1
4
2
0
225
5
0
0
0
0
2
0
0
35
1
0
683
17
21
0
6
163
66
22
47
3
2
137
3
1
25
68
255
7588
8
14
0
0
9
2
72
5
2455
0
0
8
4
37
0
311
2135
561
5
0
145
1
0
1
1
25
1
17
16992
41
0
0
2
0
0
27
0
0
1
0
0
0
16
418
2
19
14388
0
24
0
1
29
54
67
1
22
0
2
190
0
0
346
0
0
0
0
5
1
0
0
10
1
10419
8
163
14
1
0
27
68
5528
176
1
0
468
0
9
2
2
5
0
4
1
7798
46
19
0
5
160
2
18
0
0
0
0
3
0
0
0
155
5001
97
0
0
133
7
28
0
0
1
0
0
1
4
0
0
1
0
0
0
56
10
0
0
6
1
5
65
5
4
24
0
0
0
22
12
2
0
0
1
125
2
21
1
57
1
13
3
0
3
4
1
124
6
0
0
0
1
0
0
0
0
0
167
0
48
99
0
8
72
79
16
14
0
1
2
0
2
0
13
0
728
24
2
0
78
0
37
0
2
2
205
0
1
0
1
4
0
0
309
0
0
1
557
0
5
51
7
0
2785
332
1
10
0
0
6
60
114
0
373
1
0
0
2873
2
0
4
0
0
0
0
0
2280
0
0
2
962
10
39
5
6
0
0
0
0
0
1
0
1
39
22
0
0
0
2
0
0
227
0
47
85
6
2
14
55
0
0
8
114
24
390
17
0
5
0
60
824
187
11
3
2
1346
0
1
0
0
0
0
4
0
0
12
165
0
17
0
43
472
669
1
8
322
2
0
4
2
1
3
114
0
0
122
0
2
1
0
1
0
0
0
2
2
1
2
0
2
2
2
0
2
58
2
0
3
1
0
1
1
1
425
7
0
2190
0
7
2
0
0
0
1
0
1
162
0
21
20
1138
9
1
227
26
1
2
0
139
4
17
5
0
325
4
0
1
0
0
1
1
0
0
0
2
12
126
1
0
0
0
35
647
1016
5
3
1
3
0
26
3
12
5
2
15
1
0
1
6
33
0
0
1
124
0
0
0
0
1
25
1
373
0
0
0
1
3
39
47
0
0
14
1145
428
42
0
6
0
1
1
2
0
0
0
1
2
0
0
0
0
25
0
0
9
142
5199
8
0
1
0
43
6
2
19
4
1
2
59
0
0
0
0
0
2
1
0
227
1
0
0
297
0
0
12
0
16
7
0
3
311
147
206
0
11
13
492
2824
6
0
3
0
17
1
6
0
0
4
0
41
6
1
4
0
0
0
1
102
1
147
0
0
1
12
0
70
0
55
0
41
1
0
0
0
0
4
721
7
0
0
132
1
11
0
16
0
1
0
0
0
90
0
4
0
178
13
48
606
1507
132
4
0
9
0
0
0
10803
0
0
0
4
15
0
1
131
0
1
1
0
138
102
23
0
0
157
0
5
86
11
0
258
0
0
7
1
3
0
0
26
39
0
436
1
673
5183
36
6
0
1
0
0
1
0
1
194
18
1
1
0
37
558
1
7
0
870
6
3
0
819
14
2
421
0
0
0
1
0
127
1
1
304
20
0
8
0
0
0
0
668
20
24
1
82
10
4
0
0
3
30
0
36
1
41
2
323
0
5
2
0
0
142
0
21
10
0
0
0
4
9
12
0
0
0
23
2
0
124
60
13
1
32
36
78
0
0
3404
15
0
0
29
71
0
12
143
16
1
0
3
0
90
3
28
5
17
24
31
0
0
0
0
79
209
14
2251
1
1
0
0
3
0
1
954
0
0
71
1
3
340
0
0
2
54
5
5
42
2
0
2844
1
21
1219
311
1
2810
5170
1
4
12
59
6
18
111
1
8
0
1
74
4
2
2
0
19
0
11
71
32
431
1
2
14
0
0
59
81
2
5
0
3832
6
0
0
8
492
0
13
32
1
0
44
1
0
6
192
0
0
0
25
2
34
0
1130
311
164
310
1917
3649
4
108
68
0
34
11
635
14
4
0
97
3916
730
20
204
2
0
0
0
2
94
0
0
0
115
0
1
2
4
0
1
0
0
2
0
0
1
0
0
0
0
0
4206
39
0
0
108
0
1
26
0
31
29
0
2
202
26
0
0
76
14
6
0
0
1
6
10
0
0
20
0
1
2323
1
0
0
20
3
9
1024
2
32
1
0
1
0
0
0
1
116
0
1
13
0
0
0
2
2
6
0
0
0
2
2
10
12794
3435
0
0
194
2
2
0
0
0
0
0
2570
0
155
0
6
0
259
1
1103
6
4
1375
27
13
370
0
3
16
1
159
6
1704
3
473
0
3
1
0
379
1
3
9
0
3
189
0
0
148
25
0
0
2805
0
0
0
14
1262
5
1
8
448
0
3727
1
1
13
5
37
0
0
0
0
0
0
445
1
83
4
5
0
20
0
15
1
1
98
1
1
0
0
0
0
0
2
1131
270
0
0
1
1
2
17
0
1
5
0
0
0
9
22
9
0
33
3
0
2
0
0
0
0
2115
1
26
0
2
0
17
17
3
0
2671
2
0
25
1
0
0
0
2
46
0
0
0
29
111
0
0
3
1862
3
9
268
0
2
0
263
1404
0
0
0
50
18
3182
3
111
0
105
5
162
0
5
36
25
1
440
0
3
0
0
14
0
206
0
0
3
0
0
2
2
207
115
3
405
0
244
5
7
2
0
0
0
89
2
143
18
7
0
57
1
1
3
0
76
0
0
0
0
8
3
18
31
2
1
0
0
1
116
108
10
30
1
12859
10314
847
226
9443
20257
11200
1887
14089
6
4238
6862
41567
12859
18319
13372
35264
1243
320
1664
185
320
2205
274
14
2634
10280
27869
797
4060
17833
147
29864
87
12859
12859
5057
3326
11878
4002
48
73
33028
0
35060
15607
67
65
55
3566
3
9420
3566
3566
5057
5057
3566
5815
8174
28
5549
3566
5057
0
5737
3765
1
137
46450
405
2248
40
140
0
3875
4271
8
7975
19192
134
6
2
8050
245
2233
44
17855
239
877
2669
3
3598
0
2
10
2838
1
2111
4693
5241
1
21246
27225
2
28
0
2
91
3
75
25
0
489
6134
24125
0
8204
1317
0
0
3695
6
2
34874
68
2054
0
8204
1
859
83
0
2547
130
1
77
180
0
0
4133
43
5
988
135
505
134
1378
20979
287
1
5910
0
207
33
0
817
1346
284
13627
360
0
11
257
0
360
1
162
20155
43
78
20844
53
64
3460
131
112
10
9
353
5
0
22
14133
14133
5
786
0
0
15906
9
14133
0
403
0
8
1
240
24588
964
210
3716
41
0
19556
0
4
11403
2720
2
4
0
35
14
2368
1920
0
0
2
3368
858
0
5
47
12
9622
101
0
0
19307
16195
11478
0
5
14
1573
148
0
3
0
0
1413
361
26535
1
15502
36678
0
0
5505
3194
4
23145
1
3776
50
0
8
116
1
4471
0
0
0
0
0
4313
58
0
1
4636
19
93
2822
8
0
177
0
18
757
11909
1513
10
4
19
1128
0
12
33
27
768
1
6
0
0
0
0
18488
87
23
0
186
90
0
22941
5
0
0
0
542
59
277
277
16339
7777
7
0
52
13
9
25
3
140
1
14
9
426
0
96
15
470
10154
36
6032
0
27
4333
403
0
0
0
106
39
5
441
1
24
2
10
0
680
0
4152
490
1
2
1
125
110
175
4
17
0
58
0
111
30
0
36
17610
3791
310
0
272
0
1094
11473
150
3865
4974
763
0
41
0
784
0
1
5
189
172
485
4159
0
17
0
1
39
0
31463
1186
7
1
0
0
3
8
1
2586
0
330
249
3
0
14387
1700
18
37
43
0
8
159
23
55
0
57
1
0
1898
0
65
45
18
796
0
44
1036
7743
5
8
243
10
0
0
0
1604
0
3
0
6
6
0
0
28
0
1
486
0
68
174
3
4
182
1
5
169
15
1017
310
1
35
0
0
3
214
1
0
540
1
507
8
38
1
1
7271
0
2269
72
37
1929
185
0
217
815
0
0
2212
0
209
8042
33
0
0
0
7916
115
0
91
504
72
26
0
63
0
27
30306
4
4
527
1
2
0
1
1
10
34
3
3
250
0
12
23
0
0
2
11
1
0
792
0
10
2
5
36
2
0
0
0
23
0
3
120
1
0
348
54
11
0
0
0
8
0
8106
0
2819
636
0
0
5
7
58
7230
444
31
0
14
50
0
156
0
0
88
7
68
0
0
122
847
9
2419
0
1134
72
2010
470
3
18
3
301
960
11
1
4
2
32
0
0
0
0
62
1
3454
0
1
10
3
1102
0
4
35
10
0
0
0
32
2272
46
2617
15
7253
30
0
0
18
22
0
41
36
1
397
0
28
0
1
0
4
180
26
2
0
43
0
0
2470
40
91
0
3
10
36
1280
5
1
8
43
73
1
0
0
0
0
2699
1
0
1
18
95
23
2
4324
2564
294
1201
1223
2952
0
60
1004
0
1814
3197
2
263
15
65
13
8
0
0
1952
41
1565
0
0
5
0
1
3736
119
0
0
1
2
0
0
0
222
0
4
0
42
27
0
0
1
3
695
0
0
2
91
889
1
1
4
1230
1
0
4069
54
445
0
0
363
1093
4
3
1
6
65
3
105
6795
2
3
0
0
12239
0
0
0
0
4219
7
6
4
0
1399
518
0
12
69
10
52
388
4172
1
0
60
0
0
0
7
6
1025
13
0
342
70
12
0
0
24
50
2
1
15342
56
0
57
26
2
9
4
0
3
0
2
3
2
110
0
16
0
0
5
923
349
18
37
0
0
996
0
8
2
0
142
662
153
0
345
1
0
6
0
5
0
9
3
0
962
7
171
0
148
48
0
1
0
0
0
0
0
1047
0
1
0
0
0
1
0
2
1
5
0
123
0
4
177
2
728
47
79
0
28291
1
4
1
0
3
0
2
239
0
0
117
0
3
5
0
49
160
0
4
215
0
1
1
0
108
0
3
51
9
2468
148
4926
16787
0
0
27
10
7961
9
4
3
13
47
0
0
0
0
124
4
12
12
0
0
314
2
64
3
0
0
2
17872
0
5
187
1
0
13
12
0
0
7
48
1
0
0
0
1
0
0
0
1798
0
0
88
1
0
1
6
0
13
13
0
1
1
6
0
355
17
7
2
121
506
7
0
1
0
1
6
9
33
0
30
817
2
2
0
8
0
0
3
0
2
3923
0
2
0
0
14
1
0
0
0
2
0
0
441
166
4
0
0
3
0
1
0
0
4
1
0
10
40
13
2134
4
0
0
32
2
8
4
0
1
2
0
5
10
0
1
4
0
0
2052
0
200
1
1
0
1
0
3
10
7
153
0
0
0
0
0
1
0
0
7
365
0
65
101
2088
6818
1042
0
7
0
0
0
0
0
1
197
2
0
3
1
0
7
0
0
5
219
2
0
12
2148
49
19
0
3
0
14
28
0
0
0
6
0
4700
46
61
0
2
41
25
5229
317
0
55
24
78
14
0
19
179
1
0
951
80
0
0
98
3
0
0
1883
5
1
15
50
15
170
0
0
0
0
9
2
0
0
0
43
73
2
0
9
2
48
2
2816
63
2000
1348
0
16
1
28
0
0
0
0
113
1
0
1
6144
87
2960
0
165
1
68
621
1
30
0
2603
30
1107
0
234
7
4
0
0
3
0
76
0
0
1
113
21
61
0
0
7
9
0
0
0
121
192
0
230
0
11
0
5
7
193
1
0
18
0
526
333
32
2421
0
24
496
2
7
16637
29
2
7
1978
431
2
0
0
0
1
0
4
0
0
0
0
0
2337
0
0
0
10
0
208
9
490
0
17
2
0
0
11
452
18
13
0
608
0
0
44
0
4352
1
0
0
112
1
139
0
1
27
0
535
2755
12
1
8
0
0
0
1
1
33
1314
4
6
7
0
41
7
0
67
0
33
0
103
0
0
29
48
739
1
0
0
1
0
1
2321
0
6
1
0
1
602
31
1
514
179
4401
7
0
0
0
12
2907
13
0
24
13
42
0
0
92
0
8915
9
2
0
58
5079
1
0
0
2
2
45
0
19
0
121
164
2
134
7462
0
0
8
2
1
0
0
0
20
3
1
6
0
0
0
27
2
17
0
3
0
1
0
347
15
6
0
9
262
0
160
218
0
7
28
0
0
11
3
1
2668
0
9
296
396
8
58
0
36356
0
56
47
2
104
402
81
0
0
0
88
1
0
0
324
0
0
0
0
1
1
9
0
0
0
1
0
0
0
0
1
3
2
0
2440
20
0
0
8
185
8
0
44
0
57
6
0
0
13
0
0
0
9
1
0
8974
4
0
11
2
143
0
17573
1582
45
0
1
10371
1
1
317
20
0
0
1503
0
0
0
0
0
203
39
54
1
130
69
73
2
0
52
1
20
0
0
945
98
4
0
2
0
5080
0
2
4
20
0
1762
0
323
1
2497
87
0
7
0
0
13
0
0
694
7
3
432
1
2
69
1
85
1202
0
222
989
231
0
0
114
28
461
433
66
0
8
74
0
2208
104
0
1
0
5
1
0
0
8
1140
1
0
0
7954
0
2
25
2
1
0
0
0
60
5
27
0
0
0
0
547
0
3
0
58
0
0
0
0
77
17
17
0
110
15
102
17
0
0
4
1
0
0
18
2
1
20
0
22
76
0
5
26
0
1
0
0
0
61
12
0
0
0
0
0
0
0
0
167
0
1
0
223
0
0
0
0
109
0
0
0
167
7836
0
24
48
5
0
0
4
4
18
27
2
20
2
0
0
0
31
0
0
0
0
9
9
0
0
0
0
2
0
3
125
0
5
1
0
0
26
0
366
12
0
0
89
36
66
1
0
134
15
405
1
0
17
59
181
0
410
0
1
0
832
0
0
7
11
2
90
10
0
63
0
9
1
0
11
8
40
113
18381
1
0
295
0
21
201
3
0
3
14
64
0
12
3
0
31
114
2
9
0
4
0
370
0
1
18
0
0
11
2517
33
0
0
1
0
4439
0
2
0
3
2
1
17
0
138
305
19
7
10
0
53
0
0
11
12
0
1
2
0
850
2
1704
820
0
317
0
3
9
8
1
0
0
2
0
49
0
0
0
1
0
0
1351
38
0
0
0
2687
12972
28
34
0
0
1
0
0
0
0
444
634
17
0
2
0
1
4
1
51
0
0
0
0
0
0
0
0
749
0
1
10
8
6
0
0
0
51
0
6
1973
2
12
0
146
0
0
6
1
0
0
312
0
0
2
1
0
454
0
0
1167
0
0
0
540
923
0
0
188
17
22
1
0
0
6539
0
198
0
129
6
2130
596
0
0
5
1766
0
1
0
0
16
0
0
37
0
8
1661
0
10
1
26
0
108
2
7
2415
663
6
0
1
7
346
0
2
160
4
16
1
0
0
22
1
0
0
201
1
0
0
89
1
21
0
1
2
49
0
41
0
170
13
0
0
1
174
0
1180
2
0
0
13
0
0
0
0
0
0
1
0
0
0
0
0
0
0
2
336
23
1
0
18
0
0
11
258
217
5
374
0
0
0
11
43
1
6
16
2
9
0
13
0
5
6
5
2
6
0
10
1
3
0
15
0
272
9
0
2017
0
0
1
4
0
0
5215
0
0
0
0
482
0
9
0
1580
0
3
465
0
113
72
0
116
0
0
160
20
46
1229
0
0
0
1
1
5
1
1
0
293
7061
8
0
3
5
1022
0
14
0
1
1
4667
227
45
0
0
9
297
1
110
0
40
0
3
12
14
1
0
183
4
61
3
7
0
0
0
20
0
0
0
0
6
179
556
0
0
2229
11
26
0
1
17
1
72
0
1
0
0
21
0
10
50
14
0
12
1
3
3
0
6
0
0
0
60
2
572
70
1
1
0
4
3
0
387
1110
85
0
1081
1
0
305
192
0
295
8
1
0
0
4
1
0
18
0
0
0
3
8
0
0
0
0
4
4
3971
0
0
10
0
0
5
0
8
3
39
9
8
1
0
6
1680
0
2
21
11
0
8
719
0
1
119
0
0
0
0
1
1563
0
5929
0
175
0
0
8118
1
17
0
1994
0
7
0
2
30
0
1
0
384
14
0
0
6
116
213
0
58
0
115
28
61
0
166
0
0
1623
1
3
570
1173
0
0
0
0
16
1
46
25
42
168
1166
0
0
0
0
456
1
12
262
1
0
1
0
0
1
113
1
0
0
0
3469
13
1
0
0
9
0
6
0
4
0
5
287
3
0
7
1
22
1
0
0
2
22
0
118
0
0
1
3273
2
1797
2
0
3749
1
0
0
3
0
14
0
0
1
4
0
39
2
113
62
156
0
82
1
1
0
115
331
0
0
63
70
0
0
0
1
0
0
6
949
0
0
91
2236
1
0
0
3
0
7
1
0
0
0
4
7
0
0
0
0
172
0
29
4
0
1
0
1
8
3
1379
43
1
0
4
0
1
23
0
0
710
0
197
0
0
0
24
0
9
0
3
0
0
10
367
0
0
85
0
16
0
0
1185
0
0
11
49
5
25
0
0
0
33
0
1
0
0
3
1
0
872
1141
2
1
15
0
0
9
0
1
107
8
1
34
15782
3
13
0
0
45
1
1
0
1
0
7
4
0
12
21
0
0
1
0
0
18
67
84
9
0
0
0
0
0
16
0
0
0
17
1
0
0
309
25
1
0
0
17
0
0
0
0
2
22
91
58
18
0
11
141
7
19
1
934
117
411
0
48
3
5
0
63
10
0
2
0
1
0
0
1
0
14
2
0
1
57
766
1
129
0
0
8
18
0
0
0
0
0
0
1139
351
357
0
0
0
14
0
0
0
0
0
4
0
40
14
5
0
0
13
0
3
383
0
1212
619
0
2
14
0
14
63
0
395
97
33
3
0
0
20
12
0
2288
486
13
2
0
0
9
1
0
0
16
20
34
0
131
8
0
0
0
206
0
0
0
214
20
4001
0
0
0
0
0
0
164
4
18
99
0
1
8
64
13
2
0
300
0
10
4
0
52
179
2205
1
13
0
1
27
61
0
0
0
0
0
37
4
2
130
30
0
0
0
446
82
186
499
1
11
0
15
0
308
0
0
505
0
0
0
945
1
0
0
0
7
8
0
0
0
0
51
0
0
357
1
8
0
0
0
88
3611
0
13
321
0
0
0
0
7
0
10
2
2
37
8666
2
72
14
8
0
0
19
631
1
0
4
0
1820
40803
5
2
0
0
179
42
22
0
59
10
263
0
0
0
0
0
7421
0
0
0
4
0
0
5
10
0
0
1762
30
0
3
1305
19
8
0
5
5040
469
0
0
2
2
8
3
65
0
1
0
571
155
1
0
6
1198
626
918
287
0
33
30
0
0
38
0
0
16
0
13
0
0
0
1
238
0
42
0
24
0
3
65
31
0
0
0
3
0
0
0
0
0
0
0
118
19
15
0
0
1
0
396
3
0
1364
306
3
0
1
0
1
44
0
112
1
0
0
1
0
0
21
1207
3
0
0
0
0
37
0
145
0
0
0
30
2
0
0
0
2427
88
3
4
2249
0
0
39
2
0
1
5
0
0
0
0
3
0
0
0
41
0
0
0
47
0
182
11
2
0
1
1049
496
2
5916
44
27
0
0
52
10
0
4561
201
4698
0
0
0
1591
1441
1
5
85
71
16
1
0
0
0
3
1
0
0
0
0
5
16
248
298
13
810
0
25
44
0
60
0
245
68
350
1
272
29
0
0
41
0
0
2
0
1
0
0
3
0
24
48
12
379
1
0
20
335
0
0
0
5
1
12
0
54
0
3
6128
1
4
0
0
155
250
33
0
0
1234
0
0
0
0
4
2
0
207
0
9
2
0
0
0
1
3
8
0
0
0
288
0
0
0
0
0
0
0
0
1012
6
278
40
8
0
35
0
4
1
79
1
0
1202
0
1
72
1
0
0
0
2669
18
5
4
65
0
167
1
0
264
3
1
0
1
0
0
502
4057
5491
2
1
1
0
2
62
2
10
1
0
3
0
850
0
4273
0
4782
2
9
0
5
7
1
0
28
0
3
95
0
9
0
1
0
0
1
1
16
13
3
0
0
496
0
0
135
245
115
0
3
285
1
39
5
1
1
1
0
1
0
219
0
0
0
0
96
0
1
0
317
1
963
337
0
2
0
406
0
0
348
0
7
0
0
5
0
0
0
0
5
14
1691
0
2
81
1
5
1
93
0
5
0
13
875
29
94
0
3
2
1
0
1
0
0
1
0
6
0
0
0
0
15
0
0
4670
14
13
3
13
91
0
0
10
11
4
2
1
0
0
0
95
0
0
3
0
12
0
4
0
6
394
1
0
0
3
3
24
1636
2
161
4
5
6
0
0
0
192
50
10
20
0
0
177
23
0
0
0
42
222
0
1
10
0
900
2
38
22
14
0
8
14
3
25
0
0
69
0
0
4
6
157
0
1
0
8
1
0
6
17
4
0
9
24
0
3
0
0
2
2
1
17
0
0
1
59
20
12
0
12
7
0
1032
0
0
0
0
0
261
0
41
0
5706
4
75
0
621
30
0
0
1
0
203
69
0
1
1
0
1
0
3
0
34
0
7
0
0
11
98
5
10
0
0
0
0
0
10
0
20
55
1782
1
1
1
0
3
14
42
4374
5
0
0
0
5
198
17
1
11
1
66
82
0
1
3
0
0
1
16
0
50
0
534
14
0
0
0
1
6
0
2
0
1
0
0
0
3008
0
978
48
699
63
0
0
40
0
4
0
42
0
5
0
3
1
0
0
0
3
513
34
0
1246
88
13
0
34
0
0
0
123
2
6
17
1
0
107
0
86
4
0
1
0
10
362
50
0
23
2
181
168
6
95
0
0
1
0
0
2
0
0
2
189
1
10
0
0
0
71
35
1
0
70
19
0
0
0
1163
0
39
0
0
0
0
317
18
3
0
0
695
336
25
0
826
0
10
1962
0
22
11
0
0
12
313
0
0
836
17
0
82
0
1
96
326
1
0
1
34
0
1
0
0
145
0
7
62
2
785
37
0
1
24
0
0
1
0
0
8
0
0
0
0
0
1
0
0
13
14
0
1
0
68
46
1
0
1
5
8
21
71
21
1
0
500
106
0
0
0
8
252
4486
0
0
2
23
1
1
2
1
1
0
0
0
1
0
0
0
0
0
0
137
81
0
304
16
0
0
0
0
398
278
14
26
0
12
0
8
0
3112
0
0
298
0
1
833
26
45351
3
3
7
1
1
3
651
0
0
1
0
0
263
0
23
1
128
4
22
0
1
27
28
1
0
0
343
23
0
10
0
0
0
3
0
0
18
0
0
0
10
5
6067
0
0
0
163
1769
0
0
0
16
0
0
0
79
0
0
18
447
0
105
503
7046
0
11
0
10
18
2
38
0
16
0
0
0
0
13
62
0
3
0
7
0
0
7
122
0
0
1
3
0
1
209
0
0
0
2
25
2
0
1
0
0
7
9
12
0
2
0
291
268
1
9
0
0
92
1
0
1350
452
33
26
102
43
0
1786
1
1
0
6495
0
0
3
1237
0
12
0
20
0
112
3
0
0
181
0
2
0
0
77
6
0
0
20
286
5
84
0
87
0
0
340
0
0
2
150
35
0
1
0
17
9
0
0
23
3
4
2
0
0
0
0
47
100
1
266
0
0
10603
8
0
2
15
661
1042
792
14
295
5
4
5
1
470
0
91
1
0
35
2
858
0
2
305
990
1
2539
132
562
0
3
129
0
2
0
265
3
35
1
16899
0
4
0
0
3
1
0
369
0
0
0
2
2
2
0
163
3
14
1
0
0
1
30
2614
151
0
77
9
1
0
0
1
18
30
11
809
8
1744
2
2
2
0
0
40
410
2
2
4
129
58
0
2
4
70
74
1
0
0
0
0
1
2682
0
0
0
29
0
0
4
0
141
574
8
0
0
8
18
0
0
0
0
6
0
0
0
7
2
0
1460
16
38
0
30
3
1
364
7
0
3
129
414
7
0
0
0
0
0
1
1
0
0
1
0
45
11
0
245
1
7
0
0
0
0
0
1
0
0
0
3
148
0
0
1
0
6
23
0
0
0
0
0
4
0
0
3
16
0
0
11
713
71
33
0
0
383
6
6
0
18
1
0
63
9
0
2
3
26
0
2
33
3
9
118
388
98
22
0
1
0
0
53
1
12
28
0
724
10
0
15
19
0
0
1
0
0
5473
0
6
24
0
4
5
18
0
0
0
0
0
1
313
0
7
210
1
6
1082
104
1
0
0
1
1
22
0
72
29
121
0
1
1
0
7
1
628
1
0
373
25
4
142
1
0
58
0
2
4
7
0
0
129
0
2
0
0
0
0
2176
0
1179
39
0
0
0
0
0
0
0
0
0
0
1269
0
0
0
0
0
1612
1932
163
5659
69
440
225
69
69
14381
169
5678
5659
1328
163
440
48
6
6
147
5104
147
12859
12859
5532
13755
2776
22373
466
845
77
163
11658
2104
440
6
6
21517
27491
12878
334
87
4999
5104
19308
320
27581
160
15
27738
797
2882
320
5104
147
87
994
147
5031
147
9163
4465
249
509
11
6244
2
53
557
784
93
6485
13989
148
1082
10
53
429
2
784
590
2419
2419
510
103
510
4749
5
20
1043
1
2
46921
66
8
6477
10
295
595
2521
11165
107
788
27
59
9066
19
415
110
14610
2752
31350
3708
263
3090
276
1314
182
6110
161
52
0
4843
0
5583
12
1
11165
0
1
1397
104
2
4
75
3
8250
4373
47
655
120
3271
1865
4
1635
0
0
530
9
14207
8
371
888
4145
0
104
9
2505
3
5
18865
1537
1
0
237
54
12
938
4187
0
30
119
0
0
0
0
23628
3375
4225
10058
1027
0
444
1
1302
3263
8
6
1
599
34
633
0
212
10
80
1218
1
117
5
4846
2988
30
11518
126
9
39
11912
35
0
0
27
30
79
9830
27
23
545
329
49
8
76
4
0
0
39
8
6
36
0
14
6
0
587
904
1817
6
29
36
2
19583
2
2008
971
929
3306
2
33
2653
892
40
30
0
8237
4
3
0
1
185
52
5351
116
0
62
1
205
0
11
59
32
6
3390
8
0
0
13
203
0
0
1
0
283
0
1
359
438
77
675
0
0
139
4435
419
235
0
50
7833
0
0
27
13
0
74
1866
2123
91
8
6
289
12
1
5
22
0
4
39
25
76
0
0
38
431
5
0
15
0
8778
10
25
0
1630
2
0
50
6807
0
4243
1
1
0
2
3510
42
20
0
19
1
3
23
58
0
0
215
4272
515
33
448
0
1308
29
15
0
0
20
17
7
640
7
16743
4
22
1
3470
560
432
16892
1
68
72
728
2816
201
2116
52
561
0
20382
1
576
14
1
11088
0
20
0
3
0
66
4
2
0
0
0
161
0
1
1
15
83
3031
8
48
2
0
10
0
7
115
3346
15
0
0
0
0
0
1
4
1
55
84
0
0
1
1172
8
83
11612
13
1
1
56
0
350
2
237
1
1
0
0
3
14726
229
2
1
67
0
9
1
1730
12
196
23
2
2092
4
0
0
3
0
0
1100
1
16
0
8
54
109
311
21
0
0
159
186
495
4569
208
0
3
31
2
0
51
0
4
1
3
3803
2
0
0
18
1
1355
130
0
0
0
7
38
43
0
2
7123
60
0
21
0
0
7
18
45
1
25
12
21
0
9
178
19
0
0
0
0
5
17
3
0
8
0
0
7
0
38
0
0
22
0
6
0
0
0
922
20
8
832
110
1235
7
1
13943
11
5
0
3
1
112
0
0
146
0
36
1
1
4
1022
4
188
490
6
0
134
789
0
76
655
0
23
1227
0
0
3
22
24
0
0
4850
18
1
0
3
0
2
0
11
4
3
61
290
4
2
58
1
20
7
0
2
0
26
869
1
0
0
2586
396
0
0
16
1
0
0
0
0
0
1
0
0
27
0
2849
2
432
10155
3
0
0
2536
0
1
392
158
19
72
0
2265
0
0
10
0
0
269
1
0
0
1377
7785
0
492
25
2
2
92
30
9
0
5
35
1
2
3236
0
1
15
40
1
155
6
2
37
119
48
0
11
734
27
152
292
0
2
0
0
0
2
671
1
0
1
0
45
0
7209
1
12531
20
109
5
4
35
6
7
0
12
0
0
0
4
0
19
55
21
13
1
0
0
0
0
474
2311
0
510
15
6166
0
7
0
74
5971
2
6
1
45
77
6
1
18
5
0
96
1
1
0
0
3
1
158
119
1
2
2489
0
1
7312
4
1
0
14
0
14430
0
0
181
3
12
0
316
48
0
0
0
2
2
1
10
0
1
4
1
12473
4
15
43
0
2081
0
0
2
0
0
21370
22
23
71
104
3
3
0
4
1
1
0
529
0
41
1
22
0
31
721
0
0
4
14
14
1
48
0
10985
1
1
1189
72
681
9
227
443
4622
128
0
16
831
808
690
286
2
5951
693
68
0
25
625
2
105
0
2
94
1106
99
3790
6
3
6522
21102
67
1
1
3
1
12
6417
0
2023
17
31
3128
0
1
0
8
1264
1
21
11
2027
36
0
3
11
31
4732
209
24
11662
1
165
0
0
1
7
1
3
1
39
1081
5
1
2
1
4
20
4
2
2
1
10392
96
0
16
63
1
729
0
14
22
121
987
42
6
22
0
12
11
49
118
15
0
0
1
47
156
2
308
4
273
4046
0
0
0
1
0
36
2
0
0
289
1449
1
2
0
1
21
0
0
13011
6
0
0
35
0
316
213
34
862
0
0
0
0
5
1
0
2
0
7
0
392
9
3
348
0
147
2
1
0
0
0
46
0
0
5
1
53
11
1
2
1
2
0
1
0
2477
0
6
48
88
5
0
0
0
0
2320
21
0
0
0
123
1995
2
14
4
3
230
0
1
8
1
0
0
0
3
6
1
7940
0
0
923
7
8357
33
0
7
12
0
0
26
14048
2
13
0
3
1
2
11
281
2
1
2
0
1
18
0
47
180
0
4170
0
0
4
0
49
0
0
2270
344
16
0
0
118
0
107
558
0
11
3
0
311
0
18
0
219
33
0
1
42
6
2
0
142
2
57
5
8
0
1
3
688
6
8
233
11
57
0
42
0
338
0
3092
0
6
77
0
182
0
4
1
5
0
28
0
1
0
0
18
0
12
0
9
11
4
5
2
1
154
1
2150
0
0
2005
0
17
0
1491
0
0
20
1
1
78
33
0
6
5059
2127
2
1
0
0
2
2318
2
95
3466
2
4276
0
0
13
4
0
0
14
16
0
12
3771
251
11
21
33
1
0
1
0
8
368
26
5
0
76
1
287
3118
0
131
5
9
17
0
1
0
110
3
0
237
775
6232
3290
1604
130
0
45
1
2
1
1206
33
43
1
1
8
107
471
0
7
3
154
3
4
4
0
373
1
3
52
54
159
0
0
0
0
123
0
1
413
6
150
12
0
7
2
0
1
0
1
182
118
0
1443
2
9
1
0
0
0
1
1
0
26
10
4
4
0
0
1
1765
1
1
0
105
0
4
115
1
34
1260
4
0
34
1
0
7
617
5
0
0
0
1
4391
0
0
1
3
0
475
5
0
0
0
21
3
412
6
2
1
61
57
0
0
17
354
2607
0
12040
770
0
8846
112
6
15
72
0
0
0
128
195
3960
0
129
91
18
99
0
16
2659
18
0
9
191
4
1
5
67
5
0
0
0
0
40
2
0
1
44
0
1
2002
1
2
111
162
7
1
0
0
1184
2
0
0
1
0
6
0
12
16
2
215
62
9
1
146
0
296
2
0
23
31
0
4
3
0
11
0
0
1
1
2
6
11
1196
37617
5
49
44
2
0
47
10
31
2
0
19
0
1433
50
1
89
0
0
33
192
0
2456
470
13
110
12
231
0
1
0
0
121
40436
0
264
10
0
4591
15
1
11
239
370
0
0
13
0
8
810
0
195
0
9
596
514
2
0
157
7
0
0
10537
3
26
0
2
2
75
24
2
0
0
22
4
1
1
3
3
320
535
1
612
0
0
0
319
1
7
0
2
1
0
0
87
0
2
6
20
0
1
2
3
1
115
0
4
0
0
0
2
2
115
5
4
1
0
2
0
78
18
2
2
1
1
0
3029
18
0
45
12
10
1
310
1
0
0
1
1
3607
0
0
166
80
1
7
38
1
1
3117
0
17
16612
1
5
0
21
0
9
2515
0
30
0
2
3
57
1
10
17
1934
5
0
0
1003
0
0
0
10
0
1
0
56
0
50
0
0
0
2
0
0
133
2985
0
10
44
15
163
0
4
2
0
9
1
3
126
83
44
0
3
0
0
0
459
52
0
0
627
1
4
216
2
0
584
350
1
13
0
25
0
524
12
0
52
84
399
37
0
0
0
13
0
12
5
26
180
2
80
0
2
1
0
27
0
0
1285
105
0
17
0
74
0
10
9
124
0
28
0
1
6
0
126
1
0
9
0
0
9
45
77
3
9
0
3445
0
6476
18403
14
0
255
94
0
19
0
0
1443
270
22
92
115
663
207
1653
0
0
0
0
24
34
2
0
1
1
3
0
1
14
18
0
0
0
4
12
0
0
0
0
70
20
3
9
980
75
12
1
0
934
0
0
4
15618
6
4113
1243
253
2
52
8218
0
0
80
8
2
3192
5
0
2
23
0
9
0
0
0
10
518
0
74
9
0
30
65
1
18
202
206
4
24
0
297
24
0
1
31
0
0
15193
1754
2
0
647
0
2
0
0
21
34
2
0
39
0
0
2396
3
0
89
492
5999
957
2
20
4
1
40
0
313
6
3
2761
29
0
49
2
0
2
794
13
21
6
2
50
0
0
0
0
34
345
10
473
52
34
1
0
17
77
14
3
0
0
0
5
421
1
22
9
877
185
4
0
0
5786
104
501
14
5
41
18
3
48
0
7
0
3
102
0
11
1
0
46
81
0
69
0
0
0
202
0
0
0
2
0
0
0
17
16
3
0
0
6000
57
3
3
0
1
0
32
2
5
62
0
41
22
42
15
5
71
0
0
0
0
0
6
3114
324
470
0
0
3
0
0
0
16
948
9
0
76
0
0
1
0
1
1
153
3839
1
0
0
1
4568
0
3
1
1
14
3
0
0
0
1
275
0
0
0
1
0
1
4
12
1
0
1
0
1
120
96
4
755
17
3
45
0
217
5
0
7
125
738
18
3
0
1
0
1
0
0
0
2
3
2
0
0
1
0
50
0
0
44
71
2
26
0
1
3019
0
209
0
2
3
5661
1
0
2
0
621
0
0
4
10058
0
0
0
209
0
8
56
3900
308
234
0
0
2693
0
0
113
73
0
39
199
0
0
2
4
1
7892
47
46
46
2
152
5
1
1
13
0
0
1563
0
2
104
0
0
0
46
1
0
138
0
97
0
0
337
137
0
28
0
3
1
1
0
0
0
96
0
0
0
0
0
847
15
1
1
1746
1
11
79
0
0
0
0
6
11
0
225
6
0
17
825
0
4
0
4279
50
1
0
22
11
1
157
1
0
1
0
29
1
0
1
0
0
0
10
0
1
0
0
0
8
137
59
0
0
0
0
0
0
0
205
0
6
210
0
0
2
8
1
4
112
0
3
0
0
0
1
0
3781
10
58
6
153
1259
0
0
3040
0
54
5
805
1
1
1
1
11
1
12
1
43
14
0
2
1
41
0
0
1
4
1104
0
67
0
0
0
0
0
0
149
80
44
0
0
197
19
0
5
46
32
0
123
2
2
16
0
2
0
0
635
11
3627
3
11
0
0
3
2
212
3
56
60
1
11
15
1
215
0
5
0
1231
3
7
77
0
34
4
25
11
1
6708
0
12
3
18
0
0
19
0
0
19
12
5
1
0
2
1
16
31
13
0
0
2
3
0
0
9
5
130
3
0
3
0
0
23
1384
0
2
1
3
0
1
1
130
84
5
2
0
1
143
0
0
4
1
0
0
0
89
1
0
1
0
2
0
0
0
0
0
446
0
4
463
1
2667
28
2
2
595
1
724
0
4
1493
0
0
531
548
215
1
0
80
0
0
0
10
0
2
0
96
21
4
30
30
7088
0
2
11
0
0
0
9064
2
7
3
0
14
6
48
0
4
447
989
2
5
0
5
1
0
0
322
72
277
1
0
15
2
0
0
0
2
0
868
27
1636
0
0
7
4697
0
7
0
0
0
1990
0
0
0
3
68
1
28
0
20
15262
29
1
11
38
2
16
5
0
2
3772
0
2
52
6
1
0
1
0
211
33
1210
10
1
9
6
3903
19
1
27
338
4
0
35
4025
0
0
0
2
625
0
5
20
1
5
0
0
2
0
0
1
521
3
0
11569
0
2
3
221
787
0
0
41
0
1017
0
8
2
3
1
20
208
63
0
1
574
18
0
17
11
1
165
0
305
0
0
0
403
0
2
14
0
899
0
0
0
0
138
15
162
0
200
1
0
2
0
15570
1
0
0
35
3
72
0
0
21
0
0
0
0
3
0
75
0
99
9
15
13
3
0
0
42
5
2
2
0
19
273
0
129
53
38
42
2
0
0
5
4
105
0
1
317
0
14
0
0
0
0
2
6
4491
1
0
0
0
1
0
0
16
1
200
45
0
0
0
2
0
0
20
83
1
0
6
3
0
0
3
2
0
0
7
259
0
109
0
0
8568
19
1
0
2
2
174
574
9
0
1
0
1
2
0
1
27
0
373
22
215
0
68
0
16
19
4
0
0
1
3
1
1
497
981
15
0
0
0
0
0
0
13
305
2115
0
30
0
2696
0
5
0
5
0
7
0
0
0
0
36
124
0
3
198
117
24
3
118
1
40
12
0
5
0
0
1
0
64
0
0
2
9
3
0
1
1
11
5
0
0
13
0
0
0
0
0
0
0
0
0
0
433
8
24
5872
0
15
2
0
15
1
1
0
0
143
0
0
0
2
1
0
1758
0
0
19
0
3
4
0
0
2
0
0
1
0
1
0
35
1
1
0
0
1
2
0
2
2
301
19
7
0
16
7
137
16
5459
16
18
23
0
0
4
44
98
0
69
1201
1
0
572
28040
0
0
0
2
286
1
0
0
1
0
371
75
4
2
0
0
0
7
3
857
0
0
45
8
30
1
0
0
13
6
0
3
0
1
210
307
0
0
0
17
3
62
165
0
170
31
0
1
7
71
0
0
0
0
0
0
0
0
1710
1639
0
700
1
1
1
180
14
0
2
0
0
1
0
0
4
50
4
0
0
2
1022
1
2
0
3
0
1
3
122
39
0
4
2
4
13
0
246
0
0
0
1
1673
3
757
0
0
0
1
0
1237
4
3
2
7
76
78
0
0
0
0
0
3
1
2
0
0
0
112
1284
108
0
12
25
0
0
94
1
1
0
0
0
3255
1
0
47
0
31
0
19
2
1
0
0
0
0
514
0
0
0
0
0
0
0
0
0
68
29
0
1401
23
0
18
5
12
2
0
7
16
1
0
1
1
13
5
1995
0
1
4
0
328
3
607
1
0
0
0
1
0
0
4
485
0
0
0
2
3120
0
0
17
0
0
0
3264
1
2612
0
3
2
0
3204
4
4
2
100
1
3
7
15596
0
28
150
0
2
114
1
7895
0
0
0
5
1
0
0
118
2
152
4
0
0
12
0
26
0
249
69
0
0
187
0
4461
0
489
0
0
0
0
2
0
23
9
1
2
24
0
5424
26
239
16
0
0
0
1
0
19286
1
61
252
7
5
0
1
33
0
2
448
44
2
384
4
128
340
0
13
5
1
609
0
124
0
0
0
147
215
0
0
426
0
0
12416
1
1
0
508
2
37
0
0
601
4
0
1
5049
0
22
364
3
13
208
44
544
0
2
0
0
1
0
1
443
0
0
7
1
4
0
2
18
1
0
7
0
1
152
17
41
258
2
0
1148
22
0
0
1
482
1024
1
2
0
3
0
0
0
44
123
65
1
0
5
0
2
1
0
0
3
0
45
0
39
3
129
29
1
88
1425
344
8
1
16
0
34
220
3
0
2
0
17
2
1
268
0
1591
0
229
509
71
1
30
0
445
9
0
6
0
17
0
0
0
0
2028
0
1
0
0
0
16
0
6
219
0
0
3532
0
0
0
0
0
0
2030
6
0
0
202
0
0
1
0
128
1
1
8214
0
24
0
0
3898
476
0
8
1
0
0
1
7
0
456
0
0
14
0
4
428
0
4
1
0
0
0
216
31
449
0
50
7
18
0
2280
1
0
39
0
0
6
6
0
0
83
0
0
21
0
1
0
0
0
23
0
42
0
4535
24
2
3
2540
114
57
0
0
0
0
0
2
0
102
0
1
109
0
0
0
1
3
39
7
1
0
2
402
0
0
21
283
42
0
412
0
0
0
0
19
3
0
0
1
25
1520
354
2
0
68
0
0
2
0
0
0
2
1
0
0
4159
17
51
54
0
0
19
55
0
0
1
0
0
0
546
3
820
0
145
27
12
0
1
335
14
64
9
30
20
0
9
12
1
0
1
468
0
45
1
107
0
1
2028
62
26
0
0
0
0
187
2
0
0
0
41
1061
1
0
0
4
3
0
27
1
2
0
4
19
7
225
3
1179
0
1
0
0
3
1
1
0
1
1
33
4
1
12
59
142
0
2074
12
30
0
0
6
0
1703
0
0
1
0
1
3812
3
0
0
0
263
0
0
0
0
0
107
113
6501
0
0
0
4
0
0
0
2
6
0
2
0
0
158
4
0
0
338
99
3
0
123
2
0
156
2
4
249
7
1
0
11
0
409
0
0
5
10
1
1
676
0
3
203
35
1812
19
47
3
0
2084
0
70
0
1610
3
0
0
3
832
0
0
5
1
0
1
0
1
4782
18
0
1
0
0
17
0
1
0
10
2
0
517
20
39
31
0
0
0
0
40
1
6
0
32
1367
0
13
0
0
22
19
67
0
2
0
8
0
109
3
1
0
2
287
0
0
1
0
0
17304
0
6
1
0
2
0
1
1
5
0
0
0
0
1
4
158
0
0
12
2
10
5
40
818
1133
2
917
5
47
41
19
1
0
0
0
42
0
29
0
4
179
0
0
0
57
138
23
0
2
0
56
185
487
1376
0
0
0
2
0
74
0
1
1
0
0
0
0
0
395
286
3
4
0
0
0
0
30
0
0
27
0
4
28
12
0
27
1
0
0
5
0
20
1021
0
103
3
0
0
5
0
0
4
131
195
1
1
5
10
0
0
9
0
3
43
0
0
0
0
147
1147
17
0
3069
50
73
0
0
0
32
0
0
2
0
0
35
7
168
0
0
2
0
0
3182
0
9
0
133
2
0
0
0
724
0
2
0
0
0
0
37
4633
0
1
2
0
2
4
170
443
20
22
0
0
13
79
1
759
3
0
0
0
100
0
379
0
1
1
55
27
20
0
0
5
611
0
0
0
0
2
5
0
2
0
0
2
1
57
36
1
14
0
0
162
0
81
0
0
0
0
0
1
192
0
0
15
0
0
206
1
2
1
6
2790
5
1
16
48
7
1
0
0
269
1
8
95
0
1
0
0
3
496
233
0
0
0
0
170
2
0
0
4129
6
2
15
102
0
0
8
0
0
1
167
0
614
81
1
3
3
10
0
310
1
0
0
0
748
12
1211
2
29
0
112
3
0
1
1
2
146
44
4
384
1
919
1
222
10
0
6
8
0
0
214
4
1
256
0
1
0
1
0
1
4845
0
0
0
0
0
3
160
59
0
1788
4
0
1
0
0
273
0
166
2
0
3
48
1
0
1
303
0
17
46
320
10
8
0
3
1
403
0
2
1
45
62
2
10645
30
68
47
1
0
9
46
19
47
0
18
5
8
2
0
0
2
0
0
2
20
873
0
150
356
0
22
0
1
0
1
82
2
0
1
0
0
0
0
1
17
1
48
0
0
51
19
1
20
19
19
8990
0
0
1
97
2
159
20
1
315
0
0
0
0
82
6
65
10
0
0
1
5
23
119
0
0
0
3
1
4
0
11
14066
4220
1709
320
13470
3684
12337
163
12859
274
32687
32687
274
1276
9996
6057
32687
1408
11074
320
274
12859
22594
4238
100
1446
5627
1060
62
2691
274
42733
5104
9950
5832
42044
42476
4815
20780
32711
87
15313
4220
5104
15552
12859
38
5532
11707
11074
13331
44255
185
34633
38
87
314
4353
2882
29913
1207
3737
14307
2850
3873
5634
0
4880
50
6302
58
18140
503
834
10
6
2318
20
37
788
33
18
22194
1811
3
6284
4
59
1574
58
15
51
121
961
300
5
406
2684
32
19
3423
4
5466
2
10404
17
2
103
9844
1463
371
6
6029
0
2
1
2233
10
7
20
1
23698
1007
5
3065
1
140
144
7005
1
261
4941
146
1
0
277
65
4
9
1
225
0
227
134
2
111
46
8
0
11
21
23
1
75
21
24439
43
0
1
227
2164
5
430
51
1207
534
5
441
0
576
280
9
73
612
6
6
321
4843
271
0
8
15684
6417
1069
3
0
63
0
10503
11257
2
15621
649
2572
6
4118
8
52
0
1369
0
3
10405
5850
175
15575
3831
439
24
2351
138
124
11911
2
1194
0
10
1
1
2135
5
6638
3746
14079
0
3627
4
266
9
48
0
1
0
832
2231
2425
10
1
1
8
9
0
12
2
4
77
112
8
53
2
0
0
33069
1122
62
4773
1362
2
2
405
1340
1
15
54
5
1
0
388
5
247
45
259
0
506
25
41
438
0
0
3152
1694
0
0
3
749
3054
3662
0
0
299
0
1936
288
1659
151
109
210
1
1288
28
10
0
13369
0
1
10
13
0
325
33
0
0
0
141
484
0
1
17
2
0
1
0
11
0
8
1791
1
0
117
0
366
0
0
123
0
1
131
979
6
11812
0
0
23
0
23
0
275
30
2977
11
6
2094
0
8721
3
0
0
3
11
0
0
837
119
0
53
2
207
0
1
8
13387
0
13
39
750
1275
0
5776
5681
1162
1
795
10
2028
9503
65
0
0
0
4
3
138
0
122
261
1
1670
0
8
1
0
2
0
528
310
0
0
288
0
5177
1
4
511
6
7
17
90
80
113
0
15
53
0
15516
263
2974
0
182
458
0
92
15
58
1
5989
7
0
18
0
10
11
1231
2280
0
18
1
0
983
0
0
264
4
10
0
5
587
1
391
0
0
1
2
2
383
5
108
0
1
0
0
21
0
1
2
0
11
0
0
0
0
1
0
11519
61
0
4325
26
415
19
1168
2
0
4
14
0
4496
478
15
0
0
2096
233
65
5
360
0
0
6
0
0
36
0
0
1
0
1
0
16
21
513
86
458
10
1
13
0
3
3
26
5262
1667
0
1
0
23
62
31
24
16798
6
1
1
6
190
2
17
13
11241
0
0
1
7
4111
0
63
5646
0
28
0
0
28
208
2117
66
44
261
43
0
18
43
5419
0
0
0
1
1
714
0
79
0
0
16
0
0
2
6
1
0
1
104
1
132
129
0
0
3
0
0
3
2
707
847
37
5
5
26
1
35
0
0
305
1027
2302
11
108
35
0
0
26
2
0
2
0
177
260
0
0
1
0
0
0
0
0
4
0
1243
349
20
9
12
108
0
747
14
2
108
3
58
115
0
1
7
0
10
104
1
10
0
0
0
223
6
6
2114
0
0
1
83
1
25
0
33
0
2
0
1
36
1113
0
616
4
1
0
0
0
3979
5
1
1414
0
14
1
181
14
10
0
0
3
1
21
1
9
4
4
2
0
18
0
0
5
0
14
5
10
8
0
1
3
499
14
20
0
420
0
51
5
3
8
6
19
1
0
3228
0
0
0
2102
16
5
0
1
1
0
0
14
0
2
10
7
1
7
1
1
123
63
0
13
108
0
4393
66
15
6460
36
25
0
4
0
1589
2
745
0
1
9
9066
277
5
21
76
0
5
0
24
14
4
652
82
3
1
0
1
1
10181
0
327
0
7729
0
6466
475
333
345
2
11
5
81
0
18
21
0
1
21
0
1
129
863
64
19
0
17849
21
264
19
946
0
0
55
5
2
37467
0
0
0
2
0
0
0
431
75
1060
0
9
72
5
0
6
16
0
0
6
3
12
110
1
1
0
8
0
0
0
0
756
0
0
8
1
266
418
20
0
5
0
1
0
391
0
2013
1
0
2
0
1
12
412
1
15
0
0
0
2
135
311
17
353
1
1
0
2
0
0
4
5
0
0
1778
0
0
5
5
963
4
0
1
11
0
0
0
34
1087
1
0
636
135
2
225
0
0
0
1
0
20
1
114
7
1
0
12967
0
5
101
105
61
0
344
0
0
26
2
5
0
1
0
181
7
98
0
2
6
0
46
2637
4
78
12
173
4
0
10
36
57
0
0
10
0
6
4039
2
78
80
0
0
0
19
4
0
506
0
12
0
0
22
447
0
11
0
68
0
0
0
1
258
42
18
866
102
1
262
0
1379
57
15
41
22
2
1
0
9
6
4
0
0
0
5
226
0
3
1
17
1
2
3
23
534
0
1
0
0
5
15
118
3199
1328
41
0
298
92
0
0
0
1
282
0
0
2
0
4
103
0
18
18
1
0
3
0
635
0
26
469
0
6680
4
0
156
0
58
1
71
2
4425
1715
2
42
0
0
0
1
17
70
1
13
8
358
0
2
0
0
18
1
72
1
3
1
3
7
84
9
53
0
0
110
2
0
2
6
2
1
47
0
0
4
0
29
446
0
0
0
19
48
12
1
0
13
27
8
0
11483
7
13
0
5
54
0
441
29
1
0
19
1
0
174
0
215
4
0
149
0
3
3
2
0
6
15
27
0
0
625
46
7
113
7
22
6
0
3
7
0
5800
107
576
0
3850
0
0
0
27
0
0
1
33
0
0
4
2223
0
0
0
8
0
0
22
0
0
1
438
0
19
2
5
0
0
98
0
39
2
7
100
0
1
0
0
1
2
1
1
0
2
1
0
1
3
919
0
0
527
0
27
5
1
277
0
0
0
4
0
5
0
1
167
0
20
0
5
8
0
54
200
1
117
0
1
249
60
1832
12
0
5
3
0
66
0
0
4
1
367
4
38
3
76
1
37
2960
7
1
143
207
1
0
117
7
0
0
74
0
433
0
59
22
2
6
3
382
2
0
57
5
46
42
0
3752
0
0
0
34
21
2
132
3
0
0
18
19
0
1
3
0
26
14593
1
0
2
591
0
0
35
4
0
1
4
0
445
0
0
5
8
32
1
0
8
2
0
0
1
1
0
1
10
0
19
2
7
5
1
0
41
0
325
1
0
0
0
3715
0
6
0
0
1
2
9984
60
16
0
190
0
1
4
9
99
27
1
593
0
1
0
17
1
1
0
0
258
39
193
30
245
0
5
1
0
3
58
0
40
17
0
13
0
29
13
0
4
18
2
4
69
19
1
1
3
2
9
1
0
18
190
29744
408
19
18
0
25
5
0
0
0
9
4
106
0
0
0
3
0
0
3
0
0
0
10
0
0
1
0
0
0
18
0
0
34
0
16
1381
0
0
8
0
3
0
2
369
1
2
1
2
1
0
11
3
0
5
0
0
0
3
0
222
0
30
0
39
2
1
217
0
9
0
2
533
10
37
0
1
0
1
6
0
39
234
28
1304
1308
1
0
0
815
1832
0
20
0
0
455
16
7
1
0
1
0
15
2
3
1389
0
8
7
0
1
0
8
415
0
278
17
63
2
11
0
1
5
162
13
1066
0
3
1
0
85
2596
3
0
354
5
1
6
0
7
11558
1
15
0
0
179
0
57
4
50
0
18
0
1
75
0
0
0
0
1
263
2
0
0
1
6
0
28
14
13
0
5
27
4
22
1
1
179
1
18885
2
0
4
2
1
0
31
152
9
834
1
3
41
0
3
47
34
206
1132
0
83
0
21
1
0
245
1
1804
0
21
0
1
21
3
51
68
10
0
36
0
0
0
1125
1
6
0
4
38
13084
4
0
3
271
1
11
0
0
0
3
0
5
0
151
64
514
0
4
458
11
1
27
0
13
2
1
0
22
245
396
1041
2
6272
186
0
7
11
5664
0
7959
0
5
161
13
137
1
0
29
11
0
0
1
0
212
0
11
6
226
1
1
22
5593
0
0
2
0
1375
11
11732
206
1
0
0
0
1
0
0
3
0
0
3
24
0
5
0
170
6
42
8
0
6
133
2
0
0
0
622
4
131
0
49
5
0
3
474
2
77
1
0
19
0
976
0
59
0
4
7
172
1
208
0
0
0
2
0
0
695
0
0
5
0
83
390
11
0
3
0
0
16
0
3
0
2
0
2
0
5
1
191
2
0
0
142
0
283
3200
6
12
0
4
2
5
2
13
15
0
2
4
3
170
1777
2
0
0
0
4828
18
228
0
0
0
2309
49
0
2
955
0
0
10
140
1
19
5
0
1
0
0
264
0
0
0
0
0
1
0
0
7
11
5
22
64
0
0
798
4
0
0
2
118
1648
1
0
0
0
0
363
3
0
0
29
3
1
0
26
37
387
0
0
1
1
101
1
22
0
1
0
1
0
0
1
0
1
1
11
12
0
8
0
0
0
0
0
69
0
0
14
0
0
0
4
0
61
4
0
1
0
1
220
2
0
71
1
0
3
1
1
93
4
69
4
1586
0
605
210
336
1
3
0
0
312
2
35
1
4
0
2
13
14573
3791
269
4
3
6
0
0
0
1
4
0
0
1173
0
1
0
1
0
1
121
0
0
0
1517
0
2
0
1
0
0
3
0
206
2
224
5
0
0
1
200
2
0
0
1
1
10383
0
11
0
26
5748
289
6297
0
97
510
1
1
0
451
0
0
0
4
80
20
6
0
0
16
0
0
7
0
0
0
1
20
0
0
1
100
0
0
0
43
2
64
0
1
11
61
54
0
0
96
10
0
0
1
11
0
4
2
0
37
499
0
9
60
0
0
80
0
40
1
261
5
0
1
2
0
1464
11
993
7
0
0
48
18
0
6
0
3234
1
0
4
7
0
3
1
1
608
0
3
0
13
23
0
0
2
0
0
1
90
0
0
77
9
33
1
1
2
0
0
0
1
26
164
333
2
0
0
286
2
148
0
46
0
240
0
1740
18
14
0
2
6
1
605
0
339
16
500
0
6208
0
0
0
11
2
37
4
2
0
13
51
151
11
5
0
0
14
0
290
20
0
0
5
0
1
4
0
9
0
0
56
2
33
7
4
1
1
12
653
19
5
82
2638
600
499
0
0
4
0
0
1
0
2
76
3065
4
0
1
0
4
0
21
0
6
0
8
0
0
0
0
0
2
4
23
0
59
0
38
67
3
1
0
0
0
6
0
17
0
15
16
0
0
4
2
0
229
19
20235
2
4
14
0
5
1
9
175
5
3
0
0
7
0
1
36
18
160
1
7
0
0
26
1862
0
0
17
0
756
0
384
1
374
1
123
1
0
0
0
0
2
673
0
63
3
0
19
0
2545
4
0
0
14
3
0
681
0
3
1452
1
1
0
0
32
0
1179
0
0
0
5
2
3
3
1
0
0
1
0
2372
0
1
5
8
572
6
0
2452
0
353
0
3
1275
0
2
159
0
0
12176
1
22
0
1665
0
12
6
1583
61
101
6
2
5
0
6
1
1395
3
6
9
1
0
0
1
0
0
2
245
6
27
1
0
1626
3
0
2
2
108
52
0
2306
0
72
2
0
42
34
0
0
0
0
1
1
4344
0
0
0
0
0
1
1
2
6
165
0
0
1
48
2
21
0
0
5
674
1
0
1
0
11
7
343
0
2
8
1
4
0
9
2
4
65
0
0
882
0
1
2902
11
0
0
1
1382
16
0
115
309
0
0
1
0
5
0
0
0
61
38
0
29
0
3
2
83
5
0
141
0
0
0
1
13
0
5
6
519
0
0
184
11
1
1
208
0
0
28
2
1
3
15
2
77
12
0
2
0
2
0
0
2185
0
7
2
3
0
0
0
10
0
1
0
0
73
2
78
1
265
1
2
327
1
0
0
9
15
0
129
18
5
1
308
7
68
1
0
96
0
41
2
5281
1
0
131
199
0
0
655
0
5
0
3
0
12
733
1
2
1
2
2
22
80
20
0
2233
1
0
0
2908
0
116
0
2
5
1
1
0
34
96
29
38
0
8
2
0
4
1
26
13355
0
5
85
0
0
0
0
0
1
0
917
0
27
26
0
1
0
15
1
0
7
19
0
3
0
5
0
0
14
1
3
7
3
15
0
0
0
16
0
1
0
0
0
309
0
0
0
16
0
0
0
1
0
113
4
325
0
3
0
2
165
0
0
4
0
1
1
0
85
0
0
0
3
2
1
0
0
11
1756
580
5
2
2903
1
0
0
0
0
9
1
0
13
314
2
2
0
0
58
103
0
0
97
5
63
0
65
1573
4
0
651
0
4
0
0
0
0
41
0
0
1
0
10
4
22
3
0
47
5
9
109
0
83
2
0
19
1673
0
8
0
0
3
2
518
2322
10
2
56
1
32
101
0
145
1
251
14
0
0
0
0
1
2
798
3
2903
0
0
29
1
0
0
63
4
381
12
0
1
3158
1
43
0
3
1
0
495
9
63
0
1
0
31
0
1
1
46
0
0
4
11
1
68
1
3
3
3369
31
13
107
1
0
53
3
2
0
16
0
20
0
0
9
0
0
3
454
2
0
7
0
0
51
13
0
0
3
15
1
31
1
0
0
0
1502
1
0
19
0
0
6
0
1
6
0
60
1
3
22
3172
132
4
0
0
0
2
3
85
185
0
0
63
0
2
0
126
6
0
2
1
2
1
417
5
0
0
1
0
0
1
1
0
2
446
0
2
0
1
0
0
0
13
0
3
2
0
14
0
0
0
490
0
24
1
1
19
1
15
4
0
264
1
0
1
12
0
11
12
0
7
0
4
1
32
1
64
0
329
11
12976
0
0
2
30
1
0
37
615
2
1
0
0
70
6
0
2
0
0
1
3
151
2
0
0
0
0
0
344
0
0
1145
2581
0
7
57
8
1
0
4
13
2
0
1
205
1
1
2
1
1
40
7
1
0
22
0
56
0
1
42
56
0
3
0
142
0
3
5
6
1830
0
34
16
130
8
982
0
0
0
0
36
2
0
0
4
0
30
0
2
0
0
25
0
0
0
159
0
147
0
4
88
1
0
39
0
0
0
8
2
0
1
2
488
0
0
0
1
1
0
0
1458
3430
0
0
178
669
41
4766
22
0
1
0
218
2
4
2
0
0
0
1193
1
0
0
2
2
0
12
0
0
3
71
0
77
0
23
1
0
0
0
4
0
37
18
0
0
0
0
27
351
0
10
0
0
0
138
0
0
0
0
0
0
22
52
2
0
4
1
0
253
8
4
47
7211
0
42
14
89
0
0
8
143
0
50
2
15
15
65
0
518
0
209
3531
0
0
1
1
48
9
5
0
6
0
28
2
0
6
252
0
1
0
149
18
3
110
0
4
2
0
6
0
0
2
1
0
355
0
96
50
2274
1
42
0
0
1
768
0
3
2
1
0
1
0
3
1
0
29
0
3796
0
0
0
611
1
0
1
748
2086
0
0
1
0
24
7
0
1
1
14
152
8
0
30
89
337
0
1
0
0
0
6
4
1
2
0
311
11
2
0
1
0
28
0
419
0
13
0
96
0
3
2
1
311
3
64
0
1
1
0
0
0
0
2
0
6
24
9
0
3
53
0
15
0
1
3
1
32
0
0
1191
0
0
782
4
0
1
2
35
2514
3
0
0
9
42
0
2
0
2
1
643
1
1
1
0
0
1427
0
7
6
0
0
1
70
9
12
8
0
1
4
15
0
7
6
0
0
4
2
0
2
0
0
12
0
2
1
6
0
2
0
1
0
0
45
154
29
2
0
3
42
1
190
28
2
1
1
0
0
0
2
6736
415
1
0
0
1190
0
0
0
0
0
0
2
4
2155
0
0
5901
3
9
12
0
42
1
708
19
25
0
3
6
25
5
14
3
2
1
1
15
40
0
9
3
2
24
0
3
6
0
0
0
2
0
0
153
2941
11
0
1
3
0
0
12
0
481
263
15
0
400
0
13
2
32
0
2
0
5
383
65
2
6
2
60
5
1
0
2
6
96
0
29
0
5
0
1
10
0
0
0
0
24
0
3
501
0
1668
1
0
0
7
0
0
1
152
50
0
0
2
2
381
0
10
1
1
0
2
278
0
23
3
12
971
0
1
0
4
3
0
4
0
0
2
108
3
0
0
5
0
12
2
3
34
4
0
1
0
0
0
0
0
4
1
0
7
0
2534
7
4
583
0
1
0
0
0
0
1
422
9
330
4
0
8
0
0
0
3
6
10
0
473
22
6313
0
66
0
0
1
2
1
1
3
0
0
0
2
4
0
0
1
8
104
0
15
0
3
0
0
57
12
0
17
249
3
2
0
566
4
14
0
5
5
0
0
1128
0
0
1
0
3
1
1
866
2
337
0
0
2
0
0
9
3
1
4
3
10
0
2
2
0
0
0
4
78
10
0
0
625
3
1
0
1
6
0
0
0
142
18
0
0
4
1
152
0
0
31
154
0
0
0
0
0
1
110
2
0
1
0
33
19
1
0
0
2814
1
0
0
0
2
29
19
0
9
0
15
3
0
0
58
0
8
7
0
0
3
0
5
0
0
56
7
0
28
10
1
6132
0
2
1465
1
0
1
0
0
5
0
3
1
0
0
1
1
32
0
0
1
0
26
1
4
0
0
280
6
8
1
3
2880
0
226
11
1
39
1
0
0
0
0
0
55
0
1935
43
1
87
0
8
308
199
314
7
86
0
3
0
0
3
55
6
1
12
1396
59
0
142
1955
0
0
0
0
7
48
0
4
4
0
2
3
3258
0
3
0
51
0
26
0
0
0
0
2
0
2
522
668
13
8
7
4
136
6
55
60
3
64
0
2527
0
1
1
0
105
41
0
1
5
0
13
0
0
0
27
2
0
144
294
213
5
2
1
430
5
6
0
14
1
0
0
0
2
1
1
0
0
0
2
106
0
3
20
0
14
0
0
0
1
0
4
0
226
1
32
68
17
0
2
0
8
36
1
0
20
16
1
12
205
0
0
1
0
12
3
0
1
280
0
360
0
124
9
142
91
14
16408
0
673
1
0
0
0
0
0
1
2
338
7
7
1
35
17
0
0
37
0
108
2
32
22
0
1
2
6
1218
432
0
2
0
0
1
0
0
0
2
0
5
92
0
0
1
16
0
1
0
1
3
1
6
0
0
0
0
0
2
0
7
24
24
21
57
0
68
2
0
0
1
0
1
10
0
0
2
1440
0
18
6
0
11
9
1
1
0
1
0
2
2
3
0
8
340
1
0
1
0
1
0
0
0
3
85
1
0
0
144
8
0
457
0
47
0
7
4
49
2
0
5
1
0
0
49
8
0
61
0
0
16
444
2
228
4
0
0
0
1
1
0
0
0
0
0
3
1
198
2
2
0
1
0
0
3
0
1
0
1
1
43
1
4
0
63
49
2
0
0
0
87
0
1
8
0
4
1
0
5
96
0
2
0
0
3
0
1
1
10
16
849
12
2
0
0
320
87
5104
8467
1780
25633
12859
3704
38
40055
38
4220
261
320
160
12859
320
5104
4220
12853
20713
314
274
11074
163
8133
845
12859
87
17933
2045
9840
38
274
5635
235
5468
10917
21665
192
48
5147
147
3
68
185
185
163
357
14493
28
13437
440
25643
21656
5219
1294
6
0
8008
15839
0
3566
7085
3
16
6
8
38
172
8364
345
4
34
20274
907
25327
19
31354
217
7884
20350
10
16
6
6
300
3
1305
131
6128
2546
21768
7
10679
3581
73
300
10
1
5
1
21
0
3409
1
2190
805
423
0
0
1115
462
4813
650
27
784
10
11
1
0
203
1940
4
177
1940
2892
18
45
938
0
22
4
106
9
39
351
84
177
8022
2
4
11
82
4235
3
9
194
11
1848
2
557
1928
16602
192
4
9
3467
0
369
0
23834
50
2
10
2187
1
0
0
195
8
9865
1082
104
104
68
124
4
2
9435
4
0
13
823
0
0
386
3448
35
817
34
0
11884
19
1
399
1
2
0
128
53
2
3193
620
1
464
1
0
0
429
1640
7
5129
0
76
742
26
106
5172
1
1
1
0
32
2
12
2
6807
1
42
944
0
0
1
1045
182
108
879
879
3888
609
1
6
361
0
149
35
3201
3
8027
0
4680
19
42
31062
1
3803
0
9
2
19343
0
14
177
307
22
18417
7
415
75
5433
15
13319
0
0
53
50
1
3
3
709
8
0
10
23252
12
206
2
86
5517
115
988
0
710
0
239
0
0
7
55
24
841
841
0
1
3081
135
118
0
0
112
67
458
2
6426
0
1
23257
25
0
0
1
6
103
777
680
7
8561
18
13
2
55
0
1
0
5062
918
1
0
0
267
6
17417
1374
18
0
6
5
15
71
716
93
2
1695
10652
80
258
2
198
44
5824
0
383
4
1
6
6
2666
57
0
1242
11
347
730
65
0
0
4
0
263
0
11
0
0
49
2
13
5
26
0
3
396
0
12068
39
0
0
8
0
0
3
241
11
0
0
2
3475
2
82
1
5
65
130
188
10
0
1
69
0
5748
0
1
569
0
7
21
4
189
1153
8
26
4176
606
160
28187
6
3078
405
61
90
1
0
3579
434
0
1
0
0
3
161
6
0
3
70
131
27
0
4
0
805
0
12
2
10
1756
602
0
2
6
0
6
0
1
0
0
3953
0
0
7639
123
4122
430
0
22
8
0
383
1
2591
0
1664
5449
2908
39
283
12
622
1495
0
166
45
0
0
6
2
69
0
70
0
0
59
1
2
114
1274
30
0
0
207
7
6
91
0
5
214
4
0
3530
2
14
56
55
931
0
45
1
0
29
0
1723
1
88
29
1
6
488
1580
6
646
2
7
1
284
666
77
5326
36
0
319
0
0
503
203
0
3
64
33
1
1
4761
0
5093
1
762
282
1
11
50
25
3
12
1
4
0
2
0
3
0
6
0
0
1
11
1
3
0
5
12
868
707
15
0
13
6
5
0
5
144
0
17
13
2
42
651
1364
0
2
9302
20
39
6793
7708
2
0
8
6
916
1
0
66
39
218
0
21
987
0
0
781
0
11
0
0
5
9
0
0
524
0
0
1
2095
318
20
18525
19948
182
53
589
1
0
4
12
26
14
0
142
0
36
0
145
9
0
1
17
26564
309
2
681
1225
0
24
0
228
0
48
16
15275
7
1178
31
214
65
1346
24
58
0
3169
0
1
8
0
0
9
2
124
8140
2
1
0
644
0
0
1
0
0
3
83
151
190
84
14
0
48
0
3
0
0
0
596
0
2
1
0
3
802
234
0
9
20
292
0
2
5252
26
0
38
1
0
2901
0
0
22
1233
182
5
74
1309
0
0
90
12
4836
0
0
1
25
158
1
0
1531
2
3
1138
25
136
432
174
17707
0
10093
508
4
97
23
0
2436
0
287
97
15558
95
0
0
1
26
3
25
0
1
705
6
0
22
7
6
0
0
10
39
1417
78
5
59
0
113
1
28
302
31
519
4
0
0
48
0
0
1274
1
0
5
110
0
0
5
0
1
2
22
45
2069
9
21
37
299
0
392
59
0
1
0
2
0
1
2442
13
97
95
4
0
0
80
120
3
15
3
169
1
41
0
29
5
0
6
192
3568
6
353
4
3
2
1110
35
127
5
2
0
0
75
0
426
7
29
10
1119
135
8
0
2
0
1
10
12
21
0
0
1
231
251
0
1
271
6
7
2
0
0
0
0
10
2283
2
4
2
14
44
8
4285
0
0
1
25
4826
46
8
2
0
1
1
254
93
0
78
23
250
10767
0
19328
5
0
577
54
2
1741
1188
1
3
1
0
77
1
26
0
0
5636
225
4
0
146
0
29
254
0
17
2
13
0
12
3
0
0
212
3
14
28
8816
2683
282
0
0
0
36
972
0
0
0
9
184
18
7
17
3
0
10
0
44
5
0
61
0
5512
460
557
1092
0
144
89
0
19
0
11
1
0
0
8105
244
58
5
92
7
0
8
25
19
17
1061
2
0
57
2
5
377
12
5
0
160
0
0
0
157
1710
6
55
52
1
0
0
0
310
58
145
8
447
11
1
0
0
12
0
990
0
2
0
0
0
48
2
3382
0
0
0
28
0
495
2
0
558
0
0
33
0
2
0
43
15
0
15
1
12
687
2
0
0
6
0
19
0
21
1252
31
4
1
7
27
0
2
29
342
0
1039
0
0
0
0
11
7
0
2
2
0
0
3
0
528
0
25
0
1650
0
9
20719
38
0
1
71
141
0
0
0
2
16
1
1041
0
0
12
231
1
1
0
73
1
32
1
326
0
8
1
2
409
87
2
5
2
21
0
2
0
0
16
122
0
6
25
146
3
0
31
21652
6
66
0
0
858
0
916
31
6
0
671
0
1550
3
0
114
6135
5411
0
27
3
2
0
2
1
0
3
10114
1
848
89
4
1
5
1290
0
71
3073
1
0
23
0
0
36
0
43
2
9
0
0
18
7
2
2
0
58
3
71
7
1
167
0
0
8
107
1669
0
0
226
1
0
0
3538
32
23
45
0
21
23
3
29
2
0
86
0
507
465
31
4
1551
0
2
45
1
0
2
61
460
2
0
0
2
1
0
0
0
4
28
18
0
0
129
1
1
2
11
0
3
20712
17
82
15
42
0
2514
0
0
305
14912
426
0
2
0
843
14
0
59
0
222
0
28
0
38
4
188
829
0
0
0
21
3
0
1
5
13
8757
7
0
0
0
113
0
21
0
8
207
56
8
14
207
3
2136
1
94
0
31
2
1
80
2
0
750
15
16
0
0
20
242
269
0
0
112
252
6
5
1
3
16
0
0
1
0
3
0
416
2
0
314
6
62
276
0
0
181
0
937
1
1
0
0
0
33
222
2
615
0
0
15
0
3
0
2
0
40
9
69
1
0
0
7
59
427
24
54
127
1
44
1
4
0
140
50
11
0
0
0
18
1707
459
29
0
195
7
0
1938
0
1
0
1424
14
0
4
1925
0
0
0
12
1
6
0
4812
0
0
0
24
0
0
0
0
12
17
61
0
92
20
63
7
1
2163
16
1060
0
0
1
15
11
1
1
6
20
278
5188
19
9
11
220
8
0
0
0
0
1709
2
1
61
0
32
0
0
0
52
0
4
438
0
24
2
0
0
1273
0
0
2
0
0
2
0
2
24
0
4
53
24
7887
4
535
294
14
2
0
0
146
10
1
122
17
0
7176
55
90
0
0
4
0
16
13
0
27
249
4
5233
0
11
0
313
0
92
0
34
0
1
111
2
0
2
0
3047
22
0
562
1
0
74
0
0
0
2
0
1194
0
22
17
2
5
0
237
4
1113
5
4
0
0
3
1
0
3
247
0
1
12
0
1
0
0
0
1
15
3
2
14
4
10
0
89
3476
3
68
38
101
5234
1
0
0
312
0
0
0
39
6
148
21
159
0
2
0
0
0
185
0
1
0
291
353
5
0
0
598
0
0
0
94
1
47
215
40
0
4
2
202
0
4
1
1
3
0
0
2093
0
394
1
0
45
5
0
1
1
512
51
0
104
3
11
0
0
14772
4035
2
1
0
0
1
6
3
0
4418
5
2
5
21
0
0
5
0
563
0
0
11
2
1
0
36
0
0
22
0
11
0
17985
0
1571
0
0
0
36
3
2
0
2
896
0
2
1
61
2
1
6
0
13
0
8
0
0
46
2428
0
2
96
0
0
0
6
1
0
2
0
14
0
0
0
3
1
42
0
0
0
0
4
544
64
78
13500
10
88
0
1785
0
1
3
0
2454
0
16
27
6340
1
0
0
0
395
19
3
363
644
6
0
39
56
5100
0
4
1
2
49
1
6
2937
0
353
70
0
6
142
4
113
0
3850
7
851
1
0
0
8
4981
620
0
0
535
0
0
0
1
18
0
9
11
0
0
0
4
1
0
10
1
5
0
88
0
12
574
1
3083
26
1
1
51
397
17
0
4
0
3
0
0
0
0
1
19
1577
1
0
1
6
2392
158
1
9
7
2200
0
62
186
85
203
12
0
753
0
2
4
0
3719
0
2
1142
2562
14396
0
7
385
1
0
0
215
61
676
2
121
153
12
3
7366
0
6
6
18
99
120
0
14
0
0
0
3
2
1
1
58
10
0
7
0
2
7
3
14
5497
246
1247
4
47
140
499
0
37
2
0
2
361
0
60
5
6
1
0
4
44
0
0
7
8958
469
10
256
0
0
52
2
23
1990
2
0
0
0
5
2032
1294
0
0
1
518
1
90
3
8583
2
0
0
194
1
284
0
0
6
10
0
0
22
0
0
8988
6
629
0
6
4
10
2927
2
36
0
56
71
4
0
0
26
0
1
2
0
1
0
769
240
8
0
0
0
170
0
0
35
1
9
8
0
681
33
5
136
5
1
0
689
0
1074
0
8831
0
7
12
205
200
1
0
1
0
0
7
1
1
0
0
0
1481
5
74
2
4
2183
441
2
1
1
416
0
0
0
2
0
66
0
139
0
617
8491
4
456
0
1
0
0
0
0
876
14
1
5
37
0
0
1
135
1
6870
61
0
3
2
3
0
0
3
94
4
2
22
45
0
2
30
2
16
0
0
2
3
820
2
745
4297
4
11
36
464
13
2
652
1
0
0
1
62
0
0
0
1
1
0
32
0
135
0
0
2
47
383
0
98
0
1251
3
145
22
0
2
0
1
67
0
0
0
5
0
2
0
1509
0
25
4
0
0
0
3
4
5
0
94
4
20
1
826
1875
4
283
0
0
0
0
0
0
40
0
1
0
0
10
0
1
0
0
0
3
1
0
11327
0
8
24
8
4
0
0
0
0
0
0
33
92
11
68
0
3
0
3
0
3
4
0
2
0
3
0
0
314
8
77
1
0
34
0
1
8
0
117
6
0
1102
9
0
0
2235
0
16
0
27
11
196
0
0
107
1
0
0
0
0
0
15
0
43
15
1
12
0
0
0
1
0
1
22
84
1
13
0
936
55
8
54
2
40
0
10612
5
1
3
0
1
1
6
0
0
76
15
2
528
0
0
0
455
8
825
17
3
0
0
0
0
0
0
621
0
0
0
355
5
5
7
0
0
0
1
1309
0
214
0
1
0
22
1
6
0
0
1
33
1
0
0
2
24
3
1
111
0
6473
105
0
24
14739
2
0
72
0
4473
23
5
0
0
0
6
268
0
0
266
0
27
0
1241
245
38
422
0
3495
0
900
10
1035
162
1
4
0
0
0
0
0
0
2
0
2
0
0
61
0
9
0
66
0
28
0
0
63
8
18
2931
1
1
0
0
2
2
0
286
0
14
0
502
0
708
2250
0
0
0
0
26
4
97
0
0
11
0
480
8
0
0
0
69
478
0
99
0
27
0
28
1
0
0
3434
0
0
0
390
0
0
1058
0
0
0
0
681
0
1
0
11
75
2
1
2
2
0
245
4
0
0
576
1
0
0
2
0
0
23
0
3
0
0
0
558
0
0
5
1578
0
0
0
0
8487
0
0
0
7
154
0
42
23
7
768
10
0
0
30
6
0
256
1
1
0
0
83
0
0
35
1
7
102
30
22
0
241
4
0
800
0
1129
0
2
0
0
2
0
4
0
3
1
0
0
2
0
0
0
0
1
1
1
1
0
0
0
16
11
1161
0
0
0
0
12
0
27
2
86
3033
5
0
0
4
0
269
1
0
0
0
471
4692
48
0
3
1
10
20
0
0
1
0
9
20
0
2
579
1
4
175
35
0
20
8
593
2
14
0
1
44
0
3
0
0
533
1
5
2
15
254
0
0
125
0
1
0
25
9
3
0
129
0
759
1022
7
0
0
1
6
0
10
5
1
11
76
0
0
18
1
0
3
0
0
6
1
16
0
9
2
4
0
157
1
0
10862
23
10
0
0
4
19
0
42
1
5
0
52
1
282
0
0
178
2
39
0
0
0
1
0
0
0
111
81
1
21
0
841
1
2
16
127
209
116
196
0
79
53
32
206
0
383
0
0
1
14
17
2
2
227
14
8900
1611
30
610
16121
155
6
0
36
0
0
1
2
0
887
0
0
217
40
7
1
0
0
0
16388
0
1
64
30
8
443
80
1
1285
5
98
0
0
100
0
8
0
15
0
0
4
33
66
0
9
7
0
0
0
38
6
3
7
0
102
1
6
1
0
58
1
9
891
708
1
1
39
26
105
0
0
0
22
51
0
0
0
0
0
0
0
0
3
47
0
177
0
509
0
0
3
0
4
0
1218
9
1
226
5
120
51
128
0
149
611
1
240
0
141
1
0
0
2095
0
1
151
0
0
2
5
14
1
7
0
1
0
745
2688
3
247
0
351
3
0
0
0
0
0
0
1
1
0
0
0
25
3
0
37
28
29
4
246
16
1
8
26
1
0
119
92
0
13
0
22
650
760
0
318
0
1
848
0
0
0
0
0
1413
0
1
4
3
0
2
0
0
42
4
30
0
1
1984
9586
18
0
0
1
61
1
1049
0
0
5
0
1
1099
0
1
7
0
22
0
17
0
95
0
0
285
0
14
0
12
0
11
209
0
135
0
39
0
495
0
0
1099
1431
1
0
0
0
0
1
16
0
32
103
4
10
0
0
0
368
0
0
3
0
0
11680
200
0
20982
0
0
15
8
3
10
0
0
0
3
2
5476
130
0
0
0
37
0
2
0
0
218
0
0
0
7
0
825
0
0
34
0
78
9
277
0
29
89
11
4
0
0
0
0
93
13010
296
0
8
1
0
0
3
30
4
3
4
0
1020
0
69
1
14
17
25
0
2
0
654
0
1
78
0
1
162
0
4
0
27
2
2
0
0
0
0
0
0
0
1187
0
22
275
5374
0
8
0
1
0
7
13
0
811
0
5
0
0
2
113
11495
48
1
0
62
3
1
0
5
599
1
0
71
0
0
0
2908
0
2
98
0
48
468
59
0
7
0
0
1
12
1
0
0
0
59
83
0
499
9
1186
63
0
11
0
0
4
76
3701
1
0
8
0
1020
0
5
0
0
0
0
0
0
0
127
0
26
90
212
0
0
0
0
0
32
12
29
22
0
6
0
63
5
2
23
166
0
1
0
0
78
0
2
0
0
2
0
1
0
0
0
292
0
1
522
9
758
0
85
2
1
0
0
0
18
0
22
0
60
0
3
495
212
1
22
0
1175
393
0
14
1672
3
1
8
0
1
0
19
4
4
0
0
2
0
147
4
0
0
0
5
0
2
0
7
1714
1
265
0
6
65
61
50
3
20
0
0
2351
0
4
119
0
48
0
0
1
0
0
2050
32
0
5
5811
190
12
191
0
50
1895
2
19
6
0
0
0
1
482
203
0
7
6
0
2
0
1
1
0
0
0
2
108
1
3
9
6
540
28
26
0
72
3881
3
84
2
54
3
0
132
0
5
0
181
0
714
0
0
0
0
0
36
0
0
0
14
0
119
0
122
6
15
270
0
83
385
5
0
46
0
0
0
214
1
980
63
0
467
0
0
14
14
0
0
5
126
71
282
0
1
0
0
4
1
0
1
0
3
0
0
3
0
1
0
1
2
0
1
0
0
30
1
0
0
0
0
236
214
1
111
0
5
243
818
1604
15
1202
591
296
1
7
0
0
0
0
0
0
3
536
0
3
0
3
1
0
6
14
3
1
32
16
1
0
0
1
31
0
3
7
3
0
0
25
74
2325
3285
1
14
1
0
4
12
0
12
0
0
1
427
0
85
19
139
25
287
0
7
1
0
1325
29
3
0
0
1
0
0
0
0
0
2
1
0
0
2391
0
6625
1
21
0
530
0
0
8
6
1
169
0
0
2
0
14
43
874
9
1
0
286
1
0
205
0
0
16
5
8
0
6
2
0
127
1
0
0
1138
20
0
0
340
0
17
2
19489
2
12
468
939
390
126
46
0
0
2786
0
0
168
0
1
0
0
7
3494
0
0
2
0
2
26
18
0
0
5
0
27732
2
2
0
2
0
22
25
0
0
82
6
27
19
0
0
0
1051
2
0
1
0
0
0
6
62
62
1
0
8
0
42
365
4
15
144
27
16
0
12
8
0
0
15
0
0
20
0
0
0
118
0
25
8
18
0
2
0
1
0
186
0
222
0
1
36
2
0
191
5
733
5
0
0
16
95
0
13
0
0
0
2186
0
0
494
72
0
5
16
0
0
0
0
5
0
22
0
10
4
41
1
65
172
6
0
15
0
0
0
0
1
7
0
0
0
8
4
0
103
0
2
0
0
11
117
2726
0
13
0
158
0
2
1
30
0
39
0
63
1
16
0
0
0
10
2909
0
0
0
2
0
1
0
0
0
5
0
0
27
0
93
0
2
1
51
262
0
89
0
0
0
118
0
0
3128
0
0
0
18
626
0
164
0
4
0
0
170
0
0
0
0
0
0
23
12
4
0
1
0
0
3
1
122
32
7
0
4
59
4
6
152
8
0
100
313
0
0
1720
31
0
0
14
425
0
0
2260
488
0
3
29
1
10
642
1
0
2
0
0
4
0
324
15
15
57
8
202
26
0
2
0
1
0
72
0
1
26
407
17
1
677
474
0
0
0
0
9
0
108
21
2
23
0
5
5
3405
126
30
4
1
0
0
0
1687
1
48
30
321
0
1
89
62
4
0
83
3677
68
642
0
0
101
1
7
0
0
13
0
0
0
2
330
0
204
4
0
0
0
0
537
833
0
36
1
4
0
22
0
1
469
1
19
738
0
4495
0
10
0
31
1
0
47
40
0
2
0
150
173
242
1
0
0
2
0
43
597
196
18
20
0
0
0
6
6
3
0
2
4906
0
0
0
180
7
7
19
37
0
1673
0
9
1
0
1628
85
652
0
0
0
24
1
211
106
0
158
21
0
0
2
2
150
4
2
1
0
0
9
0
0
1
2
0
37
1
0
59
0
49
0
562
848
0
0
204
13658
15
0
5
0
0
112
0
0
0
3496
3
22
4
1
0
0
0
1
1
0
2
0
41
0
0
0
90
14
5
0
1
151
3
0
0
3
79
1
362
0
0
0
0
59
0
45
0
37205
275
0
0
1
0
1
5
0
1
0
2
10
0
0
0
7
763
549
184
79
5
4
0
2
0
1
1
0
0
0
3
5104
3566
14506
3566
13085
12480
15251
302
21286
47819
169
11
27
163
1887
0
169
163
163
554
1612
169
142
163
876
20509
314
638
87
797
5104
40260
261
11267
15
4885
16
0
11
2045
0
440
13516
0
3
163
3
440
24
1234
3566
169
3566
938
4002
440
329
0
3352
0
169
5669
8310
38
0
5506
16683
1194
53
45
39
517
0
0
9912
0
1199
1854
40
992
63
18166
40003
0
11
56
7
21
0
18370
2
1
36
84
202
8
6125
1624
28
1
30454
2
13661
2
91
784
23624
2762
716
1115
34025
784
1566
240
4352
0
2183
5031
138
394
22182
2762
2278
2762
734
12
28526
1077
333
9
0
108
75
19
9
9056
30
1578
0
67
699
0
3264
17
970
98
0
49
0
1372
5221
0
12
5
6585
11837
1582
0
3
6
907
9
1
9
52
206
158
1070
4869
4
0
230
2702
6118
932
4
32
266
17
205
21
497
3203
3
80
230
303
230
231
7
0
192
9419
172
315
11607
0
0
0
0
0
880
0
2974
1
658
10
0
35
24
2768
22
0
17
0
4
7
226
36
815
20270
6237
171
5
0
1
0
0
0
0
194
18
3788
0
407
6
11625
3496
0
897
115
5
263
529
4
46
312
502
3202
6
6
6
306
451
2
5440
2
356
255
19
21
4
8
3
68
0
0
2
7
112
253
50
259
2170
64
30
0
323
2762
60
2
0
258
4
7261
380
3345
1118
6129
2
118
16972
0
0
1
9
1679
8
260
465
0
0
1
2555
223
5393
2
0
1259
33
4090
3
253
465
889
465
52
43
20809
348
405
160
33
45
0
8504
2
0
75
0
1
366
21257
0
211
21560
0
109
18
1018
0
4
253
3
89
0
1384
1
0
92
2
7
27
233
552
116
5
193
25
2528
9
22973
4
3
792
406
1548
80
23839
0
0
601
40
209
165
2
0
3
85
3
5
9
59
2140
453
212
23361
88
0
0
5
1
0
146
181
100
154
23
0
0
1
48
0
810
0
66
0
146
59
3466
3
2
20
0
2
0
0
18
3851
60
0
32
0
0
5
39
90
2
378
301
0
4797
0
253
0
1
4
100
26
0
642
2
0
2
0
0
1
2225
2
56
0
10
1
1064
17
64
0
11
1
0
0
171
0
0
36
10
10
7525
0
47
1
1070
0
57
0
203
2
0
1
4640
154
943
332
595
0
9
158
29
1
733
2
0
2
6
669
57
808
302
0
2
51
1110
771
838
0
0
0
0
0
2
6445
4
422
0
0
3064
0
1821
1
101
0
0
21
31
0
24
603
57
4
3
161
2
0
8
1
255
13
6
0
193
4
4607
5
549
11
1549
0
1
66
81
6
0
7
0
6
1214
290
271
473
2
316
3
0
0
0
10127
0
58
421
1214
0
1214
0
73
219
471
0
0
1
3
0
6
5
0
0
0
1
224
52
0
3094
0
0
0
25
1192
0
1
0
0
10902
0
9
77
0
1
0
1
6
50
31
3
1579
22
1
10
0
0
0
166
1
2
1
197
4
710
0
2058
1
0
383
318
234
2127
1552
5090
0
3
1
0
0
62
478
1
1
713
4
2
0
0
2
1
0
0
8
295
1
2
444
286
0
1
1788
1
4
0
0
1
0
4
0
1
5614
893
28
20
5
21
965
2218
0
3
815
254
6
6
412
0
294
1
702
66
0
300
75
178
6
7
0
3250
5
0
90
89
1
28
0
18
0
16
18
1057
10
2
0
28
0
1
6783
93
6563
0
952
5689
0
0
9
1
263
2
2
1
10
238
0
1
1
25
6
0
2
0
20
620
21
0
1228
944
0
0
2
0
2
2
336
83
1450
353
10
3
372
177
647
12
278
0
0
168
210
0
0
0
1
41
5994
3
75
7
7
5
0
17
39
0
0
5
1321
33
0
0
0
41
97
54
385
1
0
1
1915
25
363
264
10
0
115
0
0
0
0
16
593
0
709
556
3
22
7
0
9
368
253
2
240
0
3
11
631
11173
436
1
0
824
0
5867
0
0
2
10
0
0
0
27
0
0
749
0
379
43
0
186
264
245
0
0
85
2
0
6592
0
111
210
15
0
8
1
1
235
0
106
1781
3
9
93
0
1
0
871
1
0
1
0
390
559
40
5
362
1
0
8
6
3
3
0
0
17
30
8995
0
0
0
0
0
1116
2
1253
1
0
0
0
30
0
927
200
0
84
11
0
0
10
25
15
3
0
1
12
233
2887
0
6932
1
1
3477
1918
0
15
18
67
78
0
0
31
336
428
0
832
89
0
0
558
1
5
0
0
0
343
28
1
0
1
0
0
0
1
90
0
5
3316
40
631
349
0
29
0
0
32
0
0
1
0
27
1
0
0
57
139
0
0
0
157
1
1
27
2158
0
0
51
629
34
31
4
15
1
0
0
5
198
0
1269
6
114
4
0
1
6
0
40
649
0
2
0
902
0
13
14
0
0
105
6
4
9
3
2
2
0
0
3
0
0
0
1
0
73
3
3
75
0
1
2
1
186
1
0
8
1490
110
0
0
0
0
0
1245
0
65
10
0
0
1
0
1
1
1
1
1
1367
0
0
4
0
740
30
145
0
6
0
3
1
0
0
0
90
0
0
0
979
642
0
5
518
2
0
0
0
3
0
2
1
1
0
16
0
113
9672
22
4
1
5816
2
12
473
35
7
1
9493
0
5
1249
1
2155
0
1146
1
1
0
0
1762
0
114
3
251
0
0
1024
7544
0
4273
0
0
0
6
4
1
0
195
0
0
174
1
0
49
1
7986
0
0
0
3
2967
1
1
32
58
97
1560
2
0
8
0
4
301
0
6
3
0
0
0
1
147
771
0
0
228
4
1658
0
60
1
155
0
2
0
0
2
0
1
2
271
792
455
2
6
1
681
0
0
0
190
0
0
44
0
148
0
134
4
1
0
2
0
708
27
0
1
17
0
1415
0
3
0
0
207
3
0
0
5
4
1
0
0
0
0
0
4
5
51
131
127
0
0
1
0
0
0
0
0
0
2
0
1302
11
0
0
12
55
0
0
4
1
5
0
59
0
39
16
0
35
0
286
126
0
0
36
0
0
1550
3
7
0
43
13
1
872
43
0
30
1
0
230
0
1801
20
7
2
0
0
0
1
0
0
63
88
70
0
0
0
0
0
0
1
10
1
0
386
0
13529
0
1
0
1
161
913
160
1
0
20
0
26
73
0
18
0
1324
21
5
0
212
199
15
0
0
4549
110
270
3
55
59
10
0
302
0
39
14
4
1745
0
1
4
29
0
2
3
5
0
12740
15
1933
0
2
0
0
0
1
0
76
4
0
419
0
15
0
0
0
1
0
3
0
0
50
338
830
398
12
10
1
6
108
2
0
1
1724
0
0
30
0
1
0
0
1
1
322
233
0
3
0
3
0
0
0
3
2
0
7
0
0
1468
3
25
1258
0
43
1028
0
0
0
3
2
0
317
0
1
0
0
0
238
0
0
0
0
1655
0
0
0
43
488
5
1
0
0
0
0
54
13
49
14
1268
0
0
0
241
0
3
38
93
207
2438
0
2
1
0
14
1
2
3
0
1
0
0
0
149
0
0
0
0
753
704
0
0
0
0
0
0
1
0
1
0
0
2
5
0
0
0
0
7
0
0
0
243
123
36
0
9
0
0
0
11
105
0
1
161
0
0
135
0
0
98
0
1739
1
2
2
2
0
0
0
0
1
0
0
0
104
0
0
0
2
2923
97
0
0
2
3
0
0
0
0
1
0
0
0
0
0
0
300
0
0
0
0
2
0
95
0
1
0
10
0
26
39
7
1
3
62
0
161
0
97
0
597
0
1625
2
41
0
383
2
16
31
0
681
19
0
1
7
1
0
0
5062
3
3
0
58
29
498
0
10010
0
0
0
0
0
0
0
0
0
0
0
0
6
0
0
0
0
1
0
0
0
0
0
1681
0
46
0
3174
70
137
88
0
0
2
37
10
34
0
0
3
264
1
5
2
14
2
0
0
8
3
0
0
1
0
1
485
12
3
15
380
110
0
0
11
0
0
0
0
0
0
0
0
0
0
0
0
1
1
0
1
0
0
0
0
725
0
0
13469
291
22
47
0
0
4
0
0
2
15
0
4
0
51
0
16
142
0
1
0
226
321
577
14
0
35
33
0
0
298
0
5
293
0
0
55
52
144
422
1046
127
2050
791
0
0
0
0
0
0
0
28
0
0
0
1
2
0
0
0
0
36
0
0
0
0
0
17
641
695
0
0
0
27
55
0
0
2681
3
1
0
178
511
0
124
0
0
12
0
0
0
24
0
863
32
21
2
118
5
69
225
0
0
0
10
115
0
0
0
0
0
0
0
0
0
54
0
0
0
15
0
50
0
20
0
0
0
0
0
50
0
9
1998
558
0
0
0
0
63
0
0
13840
0
178
0
0
491
6
641
566
7
15
0
158
0
1
158
1752
8
4
2
0
6926
0
1
0
0
5
7
0
0
0
0
0
0
1
0
0
1
26
0
1
0
17
0
1
2
105
1
1122
0
0
0
6
0
6
0
6
162
0
0
0
115
764
0
88
0
128
49
41
8
697
5
11
2
876
0
4
9
0
11
0
107
0
162
33
1
254
0
0
27
0
0
0
0
0
0
49
0
0
1
0
0
725
2
1
0
0
0
47
0
3
0
44
0
0
0
211
234
2
19376
112
37
4
12
1
255
0
12
403
0
127
5
7674
78
0
385
1
4
4
129
43
18
111
1
8
141
5
431
0
508
56
6
4
0
0
1
1
0
0
311
394
0
0
0
0
0
0
0
0
0
6600
0
892
0
3574
0
4046
65
0
7
130
0
3
3
0
0
0
0
0
0
0
0
54
9
0
0
33
39
5
27
6
0
23
34
34
39
21
737
0
2
3
12
1312
526
39
21
12
15
9
311
2
0
0
2
0
0
0
0
0
19
0
0
0
0
0
0
0
0
8
498
0
0
166
0
407
1
0
0
0
21
0
127
0
2750
0
0
5
0
898
0
349
13
247
9
1284
2
733
0
2229
1
3
0
186
50
0
1
7
1646
4
3
5
1
0
0
0
0
42
0
0
352
0
0
48
330
0
0
0
0
0
0
0
0
0
0
91
48
24
119
1
0
5
2
0
272
0
35
0
2
0
0
1
0
6
57
258
5
163
4
18566
0
0
0
3
0
0
0
0
9
0
1
0
0
0
32
4067
1
0
1
0
0
0
0
0
0
0
0
1542
0
0
0
0
1
0
0
0
0
0
0
2
252
847
9
0
0
1
73
152
2
1
0
0
62
0
0
1
0
21
602
0
0
0
0
17
0
0
0
10
125
646
91
0
0
0
1
112
1
0
251
10
23
1067
1
1
0
0
0
0
0
0
0
0
1
0
0
1
288
0
0
0
0
0
0
1
7
114
1
0
0
6
0
0
0
0
0
2
0
0
0
337
0
0
47
0
0
1
1
2
0
0
998
0
0
0
1
0
178
0
286
12
0
1
0
1
0
86
1
3
0
0
0
0
0
0
0
0
0
0
0
0
37
0
17
0
0
0
0
2
1975
0
0
0
28
6
1080
9
0
70
0
2
421
303
772
0
0
933
0
1886
183
27
256
1
1
0
0
65
0
493
3
55
0
0
0
9
0
2
1
0
63
3
1145
0
0
0
0
0
0
27
0
0
2
0
0
0
31
0
281
0
812
0
157
91
21
0
0
15
0
1
21
12
7
0
0
0
6
10
1
1
1449
6475
5657
0
0
0
0
391
0
0
0
1876
1268
0
0
2
8
0
1
41
59
2
108
0
0
24
1
0
0
0
0
0
0
234
0
0
1
0
74
0
0
0
82
0
357
0
223
0
1
0
40
5
321
2
0
7
21
0
1
15
79
0
0
680
0
290
19549
1
15
597
17
563
0
0
0
0
3
3
2051
0
1
68
2
4
147
81
0
0
11
34
1
10
0
0
0
0
0
49
0
0
0
0
325
0
0
0
3
28
12
0
3
2
0
0
0
0
14
0
0
11
60
52
0
29
299
0
0
3
0
272
1007
12
2
1411
15
0
0
410
0
30
0
9
189
0
2679
0
0
0
114
4
4
3
0
7
1329
49
0
0
0
0
0
18
52
0
0
0
1121
0
0
1
1
0
1
0
3653
13
0
0
14
46
1
0
0
0
0
0
0
0
2
0
0
1008
0
161
27
1347
0
0
0
12
248
226
0
44
0
0
0
2
154
8
0
0
0
0
3
6
9
0
0
0
10
4
0
0
0
1
219
0
0
0
0
0
0
0
0
0
0
75
50
2
0
0
35
7
9
63
15
1
0
7
0
292
2596
145
0
0
0
2
0
36
43
0
34
4
6
65
0
923
212
0
0
2
0
560
0
0
0
3
0
0
0
4
1
0
374
2
0
0
0
0
0
0
93
0
0
0
0
0
0
0
0
0
3722
184
0
0
0
0
0
0
1
0
3
0
0
103
15
0
48
0
0
30
0
3
3462
78
3190
6
0
0
310
0
0
408
51
101
3
28
0
456
2
0
0
0
0
0
331
1
276
1
0
0
0
0
0
0
0
0
0
2
0
0
0
0
0
0
0
1
0
0
0
0
1
2205
2
7
4
8
9
0
22
42
612
1
0
16856
0
17
354
6
6978
3
0
0
29
1
6
0
136
0
29
9
6
0
0
27
0
0
3
11
0
1
0
10
0
0
0
0
0
0
1
0
0
19
0
0
0
0
0
0
54
1
0
0
0
0
0
0
0
7
0
0
196
31
0
19
53
1
0
1
2
0
1
881
4
0
0
0
0
1
1
0
4
4
16
19
2
0
27
63
0
2
0
240
1
0
0
0
0
7
0
0
0
0
0
0
0
327
0
0
0
0
0
0
3
1404
0
0
10
356
5
0
16
1
0
20
1
12
4
43
0
104
0
2275
1
1
0
1
2897
2877
0
0
0
1476
41
93
0
91
2
9
0
0
0
0
54
0
1
36
0
0
0
0
0
20
0
0
0
0
0
6
0
1
0
0
1
0
0
0
3
0
0
296
0
0
1
0
0
6
0
0
0
1
0
1
18939
4
200
1
0
902
0
0
1
2
0
1
0
14
52
2
0
0
0
5
1
0
0
385
58
3
4
23
2
907
0
0
4
12
0
0
0
0
1
574
1
0
0
0
0
3
0
0
1
1
0
1
2
5101
2
4
42
11
6
12
0
1
1
2
16
1
4
36
0
1447
0
0
0
99
755
0
144
1090
108
19
1
9
2
1
25
2
0
3
1
2
291
0
0
0
0
0
570
0
5
0
0
0
0
3592
0
0
0
0
0
112
0
0
233
1482
25
0
4
7
0
0
0
18
0
0
0
2
0
0
114
10
0
492
1
10
0
0
8
1
1
0
1686
1
155
16
1
1
456
78
98
146
4
13
1
5
2
0
202
0
0
0
0
0
3
0
0
0
0
2
0
0
0
17
0
109
0
0
0
1
0
0
236
17
0
351
11
1
0
12
2
3
6632
0
1
0
10
2358
30
0
0
0
5
4
1
0
58
15
56
0
175
113
0
8
0
1
3
0
2488
4
0
0
1188
0
0
0
0
0
47
0
0
2822
254
0
0
1
0
1
0
0
0
496
1
1
5
0
0
1
0
10
0
0
1
2
0
1
0
0
6
0
1
0
8
3
0
964
14
0
0
273
0
55
1
0
1
46
8
0
69
3
59
131
3
53
286
0
1
0
0
0
0
0
0
0
0
313
0
0
0
0
0
0
0
0
0
656
559
546
171
0
0
28
12
0
7
0
10
0
0
7
31
19
15
0
1
1
81
1
0
2
0
0
0
0
28
43
0
9
4
30
4
0
0
0
0
2649
0
734
0
1
5
0
0
25
0
0
0
0
0
0
0
0
0
0
0
0
0
0
0
0
1
0
28
1
0
2
19
0
0
1
0
0
0
0
0
4
0
0
0
77
2768
0
0
0
0
0
3
15
1362
0
0
860
0
0
0
13
0
2997
1047
98
3
4
131
164
305
0
0
0
0
0
0
0
0
0
0
0
0
0
27
0
0
0
0
0
1
17812
3550
25
134
1
0
0
23
0
453
0
0
2
3
0
1
0
0
0
4937
0
0
9
0
0
0
638
3130
1
0
0
0
0
0
10
0
18
0
66
1
1
5
0
21
0
0
0
0
0
0
0
0
0
0
0
0
0
4
0
0
0
35
0
1402
1373
7
1
0
0
0
17
1
0
86
0
1
26
0
0
1586
0
0
2
1
1
0
0
0
0
0
40
6
24
5
1
0
369
0
3
0
23
46
1083
0
2
1
47
18
72
0
0
0
0
0
0
0
0
0
0
1
0
48
0
0
0
202
0
0
126
0
4
3
0
0
0
0
1
0
0
165
1
0
0
0
0
0
1944
3
0
0
0
0
0
18
1
1
0
1
0
246
3
4
77
1
2
0
0
0
8
0
1
88
0
0
0
0
0
1
0
0
0
0
0
196
0
0
0
0
4
2
0
1
0
0
542
0
18
0
744
0
0
0
3
0
0
49
344
1
0
1
508
1
0
0
0
0
0
321
1654
1
16
0
6
0
87
0
159
0
73
3
908
1
0
2
0
0
0
0
0
0
0
0
0
0
0
0
0
11
0
0
0
0
0
605
0
1480
111
0
4
6
0
0
2
10
0
0
0
1186
1
44
0
2537
0
0
2
0
0
0
0
0
857
30
1
655
1
9
0
0
14
19
2
0
0
51
0
5
1491
0
0
2
0
3
0
0
0
0
0
0
0
72
0
5
0
0
0
77
0
0
28
0
1859
0
2605
281
220
1402
51
0
0
0
0
2924
9
0
0
0
0
0
93
1
15
4
0
0
12
50
0
2
42
41
1
2
5
24
266
0
0
7
3
1
1
2173
60
17
672
388
0
0
0
0
4
84
0
3170
0
5
0
0
0
215
0
0
0
0
7
0
32
16
3
0
0
1
446
4
0
1
0
0
0
0
0
0
1
15
0
6008
0
0
676
467
0
179
5
0
2
0
0
0
0
0
4195
132
1
0
112
802
133
3
14
0
1
0
0
0
0
355
0
0
0
150
139
0
0
2
0
0
0
0
1635
1
0
25
1
0
0
1
0
0
1
0
0
0
0
0
0
0
58
310
1
5
0
0
11
0
0
0
6
101
2
0
0
0
47
4
51
337
82
0
2
1
0
0
27311
0
41
0
0
0
67
1
0
157
0
66
51
0
0
0
0
0
0
0
5
0
2
0
0
0
27
0
312
0
0
231
0
8
0
1
0
1
9
1
1009
1
22
0
4
0
1
1
0
0
1
57
0
0
163
3
1
1
246
0
1
1167
3
0
2
0
392
0
0
0
26
0
0
1
0
1480
3219
0
0
0
0
0
0
0
8
13
2348
0
14
0
0
0
6
0
589
16
0
0
0
1
0
54
1
0
0
6
5
0
13
0
1
73
10
0
0
40
2
335
2
0
31
1
1
0
320
0
0
0
0
0
0
293
0
0
0
0
0
1
0
0
141
0
74
0
0
0
0
0
260
3
26
314
0
11473
274
7759
314
6
320
1788
37385
0
390
28
268
8
4379
147
335
10788
6
41567
10
31
0
4140
30038
3
5104
75
28
75
0
128
147
2328
0
1612
226
5285
6384
163
2775
33386
35692
3542
3
14523
5104
0
11800
163
8020
1243
7512
274
12445
147
6944
38
5104
9890
7792
75
75
2
91
63
267
0
1
110
3382
3551
57
91
44
1083
2097
153
2527
0
0
7
5
12
1271
1371
1940
72
37904
816
0
0
4508
0
91
9
30
7698
1940
11
1552
176
0
7092
29
0
49
79
281
175
31374
992
0
21
116
915
138
2318
14156
0
1
4716
0
35
23
0
9222
1335
179
9
19
5126
8316
140
2
62
0
6871
98
9
9893
1
30
27
154
945
0
1071
234
2
361
3330
13817
2
333
111
5
111
6871
10
9
0
8023
0
2187
0
30
3
3
18079
14
10524
83
1
2601
6548
6
0
10143
5729
2
310
16
55
0
313
333
0
2124
111
0
0
25
32
35
172
281
49
363
287
1
1272
182
0
1
110
1
31
1374
119
9734
44
2684
884
31
6
0
6275
2618
31
49
31
2871
265
5
0
2
0
308
157
31
196
185
2661
16
54
3
9545
23
6635
0
4
0
0
0
11
479
0
4131
23
1425
3
17
208
8
0
791
9
1199
2
0
1
0
20200
2
5
598
40
93
2158
46
94
0
16
61
1
30067
74
1533
9
279
14930
14
0
201
0
12
1
2
111
7235
0
0
40
451
16
0
7
52
3
1
3
21
0
0
53
173
176
0
0
4
6614
2
0
46
1
6
227
0
252
381
77
0
669
0
23
66
3
712
5
6
0
0
679
5
52
1
0
20
0
11898
28591
45
0
3165
0
1030
4
1537
0
307
275
2
1179
0
38
1
0
0
26
5522
0
6
54
26
2255
2
7339
1232
1577
5
0
525
7237
5202
6
13705
58
4312
7
2111
0
19
1
2
0
4506
2420
16
499
28
874
0
172
3
0
479
1
132
225
0
38
0
2271
0
0
32391
1
2
151
11
56
596
0
12
3519
40
23
7
337
93
0
96
5
0
0
0
427
0
17036
124
0
0
9
0
9
0
2
2
4726
5
3
1
5289
0
0
0
3
0
112
232
3
0
45
0
0
4
0
123
21
4
22
273
2
888
137
9702
5263
197
82
132
0
53
10526
9
0
0
5
1576
8
7195
2652
1
0
49
0
0
0
0
0
1
0
20213
687
0
0
0
0
0
0
11191
999
0
1
5
0
6
0
436
174
8
0
4
0
4
13
8
27
0
1
3
1
0
8218
2
36
29
2163
4585
124
4
0
684
4049
0
5
170
12
1
1154
0
88
0
3
2222
2
32
83
0
9
0
2
91
0
508
1
56
10
1
3
347
1178
58
0
821
0
0
4
0
1
19
681
249
1
0
0
7
0
3
0
13
702
108
27
8
0
1
0
29
189
0
0
0
0
26
0
22
31
0
0
5
9434
2
624
2
35
8
0
45
0
0
134
0
29
1282
86
0
3
26
0
30
0
323
0
50
0
3516
59
65
4171
6
327
0
4
0
230
53
1
37
1595
1
434
10
1
0
1
1653
0
10554
0
0
0
769
1
0
0
2958
0
0
0
685
14
747
1
1112
4
1
0
37
1
5
70
1621
799
41
282
0
51
1
1
0
0
0
91
31
1
0
12481
0
0
0
2728
1
623
13
2
43
183
1
29
2833
0
0
2095
1210
10
19
5
0
0
3
5228
7715
1555
1
1842
0
192
0
1922
119
0
0
1068
0
7
57
2
26
0
2
0
46
350
0
0
19
149
5
0
0
1
0
9
0
1
352
31
520
2
0
4
0
1
8
0
0
27
2
0
0
3
40
7588
1
3
45
0
0
0
41
3
7
7
83
295
1002
15803
0
1859
87
0
910
131
2
92
0
21
3109
1001
0
0
0
0
0
1
0
0
3
47
4
0
0
0
0
296
269
628
47
1
1
7
4
693
127
3
79
1
4
12
0
65
0
100
3
5
1
1
0
0
3
0
0
51
1
456
5
1
36
11
2
45
322
12
4
281
7539
2
1
0
3373
0
3
73
9600
1
0
0
12
73
0
466
0
26
78
0
0
0
3
0
136
0
942
0
1989
78
231
41
1
0
104
1778
33
2
255
2042
80
132
0
0
0
5
2
5
0
38
165
1
1
0
0
3
0
3
0
0
1
2
4
0
386
12
1561
0
20
0
1725
1
7
2
1
1158
5
0
0
0
4
127
448
0
32
1
34
596
7
1
0
0
2
773
16
30
122
0
12
1
11
0
1
1
106
2
224
0
0
21
0
1861
1343
767
58
754
5
0
0
1
36
0
0
32
0
0
0
11
0
0
960
0
0
0
2
2
7
14
397
196
1
0
3
2
44
91
4
0
50
19
0
0
0
2
1100
0
4
24
3060
976
0
0
0
0
0
0
0
3
0
0
2
512
0
0
16
29
0
4
0
11
5
37
0
2
140
11
0
0
0
1186
0
0
0
9
0
2883
0
520
0
20
1
4
0
1
0
0
1742
58
4
167
1438
541
2
0
1404
2
0
1
121
0
0
1107
2
0
43
43
0
7
4066
20201
2
34
1
43
0
0
79
2
0
11
0
0
0
0
0
3
195
0
16
63
55
3
0
3679
0
32
0
1
131
0
173
78
0
0
11
3
99
0
4
50
1
7312
2
2
4
2
16
0
428
177
500
0
0
2
3
0
0
57
0
0
0
2
644
0
11
2
0
0
1701
0
0
1032
21
9790
1
0
11413
0
3
3216
131
0
285
106
31
0
0
42
232
0
7148
3
0
1
77
0
0
0
6
4
0
153
5
0
0
10
73
2921
213
0
288
0
0
60
282
1
0
8
5
849
863
73
3837
1
0
0
423
3
5
2
2
16
3
5
0
0
0
1
55
28
6
0
29
17
98
0
0
0
1
76
0
48
27
0
20
0
1165
0
17
0
1
2
1
16
232
1393
13
791
0
0
0
0
4
0
0
0
0
400
7
1
0
75
126
7
1262
2
47
0
35
795
0
156
3
2
54
1
25
2766
1
0
0
0
56
0
1
75
0
557
27
7
0
2
0
0
0
1575
0
40
0
0
7
58
0
0
33
400
4
3332
40
10
2
0
1
6205
3
0
3
0
0
0
0
941
0
29
3
0
2
0
6
5
2
52
15
246
4
1
47
128
0
1
0
0
187
0
0
0
0
2219
0
1
0
27
0
5
25
18
5
41
0
125
11
0
2
0
663
61
0
218
0
0
5
0
6
0
3
0
12
95
25
0
302
0
0
63
1
0
171
4
0
4
1
0
5
406
0
837
0
0
12
1
5
207
13
913
0
966
0
0
0
0
0
1443
1
0
0
0
30
7
7
198
0
4
117
4
41
0
0
69
3
0
1
29
5
203
4
292
13246
0
6
0
0
4533
0
14
0
141
27
0
1
4
1450
0
144
0
0
1100
0
2
4352
0
7559
0
151
2
18
0
23
0
1
0
1061
0
0
36
0
992
0
0
0
1
4
1
0
134
19
0
0
473
0
31
2
7
47
257
27
0
4
0
0
738
1
0
13
0
0
1
9
0
3
43
12
0
0
1
0
0
0
14
0
0
0
909
61
1
0
0
0
1
0
125
2886
6
17
3
21
0
0
0
3
0
13
0
6
0
1
49
58
0
0
0
0
19
66
6
1334
14
0
84
0
0
6
0
1
0
2
39
16
10
0
1
0
155
123
0
58
59
0
0
0
1
298
735
4031
3
1
21
3
185
58
1
54
114
14
62
3
0
45
1
0
0
0
1
1386
2
693
0
0
0
0
0
0
2
1
0
0
1
19
62
0
0
0
0
7
0
799
1
8
3643
45
0
0
0
0
89
0
0
64
8359
0
0
0
14
1
6535
1
0
4518
2929
85
18
3
2598
250
17
0
11
2
314
3
0
0
1143
1
99
39
0
1
1
12
1
2
3
8
0
183
14
0
22
0
0
0
0
139
0
4191
0
0
0
65
20
1
61
0
0
3
0
1
4
143
1
3
5
0
5
0
0
0
9
1
0
98
0
0
258
0
1
28
0
0
1
541
940
2
66
288
0
23
0
0
79
0
1
3
0
3
26
2
0
0
0
2401
0
0
0
0
0
362
0
124
17
0
34
0
2
2
16239
0
0
91
0
1
11424
7
0
4
0
23
0
12
0
1793
1
375
76
10
25
1
25
0
5
0
11
131
0
150
1063
1
14
0
0
0
0
1
0
0
40
12
0
182
31
666
138
150
48
381
0
0
1
0
0
122
1169
0
1
30
38
0
1
1
0
0
4
0
299
1
2
0
0
74
1
3
20
961
0
2323
19
2
3
0
0
0
0
23
0
10
0
0
10
0
0
0
1
0
1226
3
0
0
2647
1
0
2
0
6
13
0
1
16
0
0
0
0
0
142
31
0
287
3
1
101
0
0
1
1
0
17
163
154
2
4
0
0
0
0
23
1
0
1
2
13
820
17
0
214
680
53
0
225
0
546
52
0
224
0
50
23
17
0
0
4
0
14
0
31
2
0
10
0
5
2
0
3
57
12
64
6
15
23
1
0
165
0
1649
19
1
7
0
1
0
0
3
3
0
0
43
1
0
2
0
0
6
0
0
0
141
5
0
158
1
0
230
12
0
1
23896
0
733
50
0
0
0
6
0
0
0
0
0
0
1
319
0
7
0
0
2
0
19
0
29
0
5
0
37
0
0
1
1
0
0
0
0
0
0
1
0
0
4
755
1
0
3
2
0
0
0
0
0
60
10
24
0
12251
6
1
905
0
1
5
1
90
1
3
8
0
0
0
12
11
0
13
0
0
0
0
7
1
22
64
2
95
8
897
1
0
2
859
45
0
0
0
45
0
3
0
16
101
757
0
0
0
13
3
140
0
646
4
34
18
57
0
0
5
0
0
0
22
32
604
1
1
32
0
0
5
232
1
7
1
0
4053
8702
0
0
0
0
0
2
0
20
15
47
603
6
0
11
74
0
0
0
91
0
0
1
76
0
0
707
0
11
3190
0
67
0
0
0
2233
24
0
0
0
19
1
0
1
0
0
0
1
109
42
705
1
0
0
100
1
2
25
266
0
0
969
30
35
1
1
4372
2
4
0
0
0
1
0
1
0
0
0
5
148
1
0
0
1
3
0
0
8
0
21
0
1
0
0
6
2
0
44
0
0
0
2
0
0
0
2
4
0
0
76
4
10281
8
139
0
6
2
1
9
1229
2693
24
0
25
0
0
99
25
0
0
0
1
0
1
6
0
5
144
2
0
0
47
0
225
0
0
0
0
0
0
2
5
72
10
0
892
20
4231
0
0
2164
3
1
0
0
0
0
12
8
0
2
0
0
1
1636
4897
266
0
234
139
1
530
20
0
1075
4
0
6280
5
3
0
2
0
0
0
1
1
1
142
0
379
12
1
411
993
1
2
660
16
0
174
152
233
0
0
0
1
0
710
2
0
16100
1
0
0
35
2
0
0
1
183
11
617
19
0
0
1
0
3
6
0
90
3146
1
9
2
2159
0
3
5
0
1
0
2
0
5
0
231
0
2
0
1
28
0
0
1
41
3
94
0
4
440
0
0
0
2375
5
147
1
0
11
0
0
3
17
143
1181
0
0
10
0
0
9
18
1
3
230
0
0
0
2
1
1
0
193
348
228
1
0
349
22
9
0
562
0
0
0
0
434
25
8998
0
4
0
198
280
2316
75
5
0
116
0
13
0
1
12
0
0
0
3
20
0
1
0
512
2
0
0
0
1506
20
131
0
5
10
7
6
14
7
0
3008
1209
0
1
428
23
4
3
78
0
2
7
3
4
1
0
88
0
1
695
1
1
479
0
3
1
0
6
2
0
35
0
5
0
13
0
15
0
0
14
0
44
0
17
0
0
0
0
118
0
1394
0
0
0
92
0
4
33
0
0
8
9
105
1703
1039
0
0
295
0
0
0
21
11
3
0
19
196
195
2
9
7
3484
0
1272
0
769
1
0
2
0
0
927
0
5166
40
14
5
0
221
84
3
31
6
103
1
0
43
166
102
0
1
87
0
5
0
0
4
0
0
39
0
0
8
0
0
0
6
933
1243
5
0
0
1
29
72
3
0
0
81
92
4
0
0
4
10
4
1074
7
30
2
10
36
0
2
0
0
0
13
0
168
4
0
4093
0
0
59
1
9
0
5
0
23645
3
0
3
4
0
14
292
0
0
5
0
12
0
34
8
0
20
0
374
404
0
2
1
24
0
0
0
22
1
2
2
1
0
7
4
3
178
0
15
0
2
50
0
231
5
0
205
629
5
42
330
197
487
54
2
0
0
17
5
3
0
0
5
147
225
0
0
46
0
10
2
216
3
55
0
17
0
19
20
0
19
222
275
0
0
0
0
0
648
0
0
0
0
693
13
55
20
1039
0
0
2
10
11
0
1
0
20
0
19
0
0
18
0
1
56
0
13892
2
137
90
0
3
138
0
0
0
0
2
644
137
0
0
0
1
0
0
0
0
0
1
0
4
82
1
250
1
51
2
53
0
0
1
4
2
16
9
5
11
3
0
5
6
0
4900
1
219
1
1
0
11
2
3
0
0
0
0
0
0
23
10
109
28
0
0
0
0
0
0
0
0
0
112
1
0
369
6
3
0
0
0
0
2
263
1
47
74
0
1
0
3
221
8517
10
0
0
0
0
7
0
253
0
0
1933
1
11
1
33
0
10
76
0
0
45
15
239
0
1272
56
0
6
2
0
6
16
1389
15
8104
108
11
14
15
0
0
0
85
1
1
51
0
0
234
4
0
26
340
4
0
2
0
4
0
0
0
2
0
7
0
3
0
0
1
1
0
0
0
5
5
0
0
1
79
9
5
0
215
5166
6
0
1
948
17
0
120
2
4
0
0
0
0
0
726
1455
29
19
0
0
2
0
3
0
2959
0
1
1317
118
757
1
17
0
3
1472
3
0
0
0
40
0
0
0
4
450
0
0
0
0
1
12
5
2
0
6
0
12
0
4029
112
0
0
22
52
1
2
11
5
0
5682
2
29
0
22
5
946
55
35
0
3
56
5
0
0
1997
0
0
1
0
2
0
26
0
0
0
75
0
14
10
0
0
0
0
0
13
2814
0
0
8447
1
805
0
0
208
0
0
59
0
197
0
0
0
0
268
2
147
0
287
0
0
1
2
816
668
0
2
23
0
17
62
72
299
0
0
0
1833
142
0
2273
45
638
1
5
3
0
72
0
2
517
0
0
301
0
1
1
547
1
17
1
1
0
0
13
0
1
0
0
1
12
3
0
19
371
28
0
31
10549
2
121
0
24
4
13
1
0
104
4
103
0
0
0
0
0
26
2538
0
25
6
0
1
1
90
8
0
6
7
0
4
0
4
346
0
0
0
1916
0
0
4
386
17
0
2
0
0
0
1
0
113
0
85
0
0
0
0
117
0
7
27
1
3
0
0
0
0
1
131
3
29
7
1
14
1160
0
33
152
0
1438
0
1747
1
107
1
0
0
0
19
191
0
1
14
3650
2
1
0
2
1
0
0
0
0
64
0
4
1
0
637
24
10
0
0
2
0
0
0
1
969
6
4
0
0
674
13
422
0
1
0
5272
1
14
3
0
9
0
21
0
75
24
13
22
0
1137
0
1246
54
0
0
8
0
251
0
0
0
3040
19
1244
61
26
0
4
634
168
0
0
1
1
3
0
19
1
0
60
1
315
369
0
1031
2
10468
0
0
582
0
2
3
2
0
0
1
0
0
1
43
124
1684
0
0
386
0
1
0
0
0
588
2
1
2781
24
2
0
76
4
0
0
31
0
0
6
302
1
1
0
1
76
2
0
4
0
42
1
3
0
290
2
0
18
1
0
0
0
0
7
15
2
0
1
3
2
50
33
0
0
7
0
0
0
0
4
0
0
1
0
21
2
0
0
0
0
0
0
2
4
2061
2
0
0
0
0
649
85
0
2
86
509
2
200
0
91
0
978
0
0
0
52
1
0
3
0
0
1
18
0
0
2
0
0
11
0
6
0
0
1
37
0
0
0
3394
44
0
13
0
45
3300
0
3
5
27
0
0
0
205
0
0
3
33
0
127
0
0
108
1
72
17
52
0
4212
0
59
2
6
0
4
0
0
1
43
0
74
10
0
0
86
0
0
97
0
2
13707
0
0
35608
1
13
232
211
130
129
0
9
2
35
0
0
0
0
0
4
0
2752
0
0
6
76
1
41
0
0
0
0
0
0
0
60
2
0
274
0
0
0
18
0
0
0
0
0
1
0
0
0
0
0
10
1
15
0
0
1
0
0
65
1143
118
0
0
6
131
2
0
192
0
28
2
545
2
0
8
0
169
10
351
0
0
4
0
376
2
0
0
0
0
0
9
12
0
1
4
54
1
66
2
35
59
0
0
0
0
0
1
0
0
147
0
297
1919
0
2
3
0
11
0
0
3
0
0
1552
6
1
0
108
388
1
1
490
1
9
0
19
0
2
180
185
15998
2
0
1
1
76
0
10
6
0
0
12
1
0
26
0
0
1
1
18
6
23
0
0
0
3
10
322
0
0
0
88
0
12
0
3
1
103
0
5
0
17
40
0
0
286
0
133
0
0
1
2
0
1
1
3
2
10
0
30
7
2103
1
82
1
0
1997
5
2
0
44
0
0
0
0
260
0
4
0
0
0
1294
4
113
0
19
0
548
11
28
2
266
0
1
0
11
0
204
11932
0
260
1438
0
11
0
36
0
0
0
0
115
2
0
1
1
1
131
7
1
0
0
255
0
0
3
1
0
0
1
114
719
195
0
1
0
15
1032
210
775
1
0
0
1
49
0
2
43
7
37
0
4
0
0
2
0
3
0
1024
0
1
0
1
0
0
72
28
19
10
3
0
6
0
0
0
0
1
1
0
0
125
8
0
0
0
0
0
0
3
162
3
19
0
2
0
6
12
185
0
0
0
725
0
0
0
1
0
0
30
0
46
104
21
0
122
977
5
0
0
86
1370
13
0
0
0
0
0
359
0
11
29
0
0
1
0
0
5
0
6
14
24
128
175
3
6
0
10
1
0
3
0
58
515
176
4
0
0
1
71
1
0
435
724
38
0
0
0
20
0
4
0
0
199
22
0
12
4
3
0
18
0
0
0
5
0
10
0
0
18
3839
1
0
4
30
0
0
0
2
6
12
0
6
0
0
1023
0
0
0
7
0
45
4
1
0
14
0
298
2
0
3
0
37
2
0
60
2
0
1
1
1
0
555
4
0
0
0
6
4058
0
169
2
5
1
0
73
561
14
0
0
17
629
0
3
348
346
1389
1
25
0
0
43
15
4
1
0
45
1
0
845
1
0
12
97
217
0
2
0
4
14
40
0
69
0
0
3
0
0
4
1
58
2
4
6
0
97
150
16
73
0
0
0
3
3
0
0
0
1540
2
1
4
1
5
0
1
12
0
31
0
0
13
0
0
1
2
0
1234
0
8
0
4
0
8
2
0
0
0
5
291
100
69
1
1
0
3
0
165
0
9
0
1
0
1
0
3
169
0
17
1
0
73
29
0
235
180
0
15
180
6
5918
509
6
12445
87
509
4798
1612
5302
6
29485
14953
3707
4798
1612
291
1201
395
1612
1612
75
3566
404
62
5064
169
13405
11
2008
169
1621
440
1347
6130
845
13063
163
44513
3566
133
1001
18591
13549
38
28
5763
509
12859
1621
6208
147
2135
73
13599
3293
13570
6526
7347
11
4843
8204
1364
295
11
6
33
110
7104
1205
1013
926
264
62
110
7
35
384
3437
2561
347
0
67
11
11
646
2
948
79
721
971
2
25255
120
210
5
394
4704
6
17
0
846
1
6823
174
92
0
72
118
23967
4
361
984
5
486
1780
37
34
665
6
2
0
8
8875
0
0
0
0
22
63
0
140
0
7
9
760
238
66
1492
0
2136
111
8
0
6
21
0
30
0
88
0
0
2180
1770
0
0
321
961
508
19
3
1111
4059
0
23
205
2
13
403
551
0
3
4
4
1
0
0
19
258
8009
113
19
1033
8
1106
0
0
2210
285
0
52
140
317
1
3
6
53
1
2
76
0
78
0
523
0
1998
13
407
51
0
31
87
0
112
13799
49
3477
130
196
13
9
9998
0
31
2
2
179
74
4075
170
135
0
0
183
8440
40
14
31
5
5302
2
12117
49
1217
9
1516
2
5
87
963
138
4
58
25
0
65
1
0
12
9
30
13
0
1274
0
5727
71
0
0
1
27
11
1810
32
752
0
0
3
5
18
31
27
416
8431
3
42
46
180
187
320
1
12
79
3407
19
2712
18
6
0
0
245
44
7
46
375
584
0
405
1
93
1
88
0
36
91
1356
0
124
6
0
0
4042
17
83
0
37
6
6
3552
70
31
0
68
0
0
0
2010
2
1796
3023
38
15
0
19
31
32
26
18
4422
0
1
55
14
1
25
433
0
20445
93
0
6
9
134
5
3931
0
2694
241
0
12
151
2
25
0
2660
1815
4388
17
0
188
0
0
30
0
6261
9
28
1264
0
7
35
17
1139
41
20
0
73
4
68
17
1
8
97
0
967
0
2
206
4
12
0
0
1
4
0
1
0
109
1
0
40
108
174
0
401
4
0
4
521
918
6
84
287
0
282
6
1459
66
669
12
70
349
0
25
0
422
214
0
41
4217
358
0
33
0
0
1
291
6
4
79
5752
110
5
1
19
295
255
3
0
0
819
7127
0
192
0
0
2
13
466
52
0
42
70
217
6834
0
3681
1
0
65
2
1113
26
2
5108
644
0
0
21
0
4140
0
0
0
183
1781
140
1
3
66
492
5
0
262
580
1436
1
1
2
27
5
11
0
2365
18
69
436
79
2
1
2
0
0
232
2
2
3135
0
0
1302
9133
6152
138
5
3
45
17
0
0
274
0
337
9
0
0
5
17
29
794
302
578
18623
47
0
0
126
6
0
10
1127
308
0
580
0
0
450
0
4
2
3947
6
0
13
6774
0
24
7774
66
130
16
5
284
421
1
598
0
261
38
1
713
0
26
0
1226
1782
2735
6
1
0
2
123
17
6930
7
1
2462
349
5
109
13645
2
0
3
13
0
750
20
78
82
961
1151
34
5
1
1
0
0
5
0
0
6
4982
530
297
0
19
1
645
0
126
369
46
16
54
7
0
5
3
0
2
0
0
1
1273
1
4
0
0
43
392
1507
0
4228
0
28
1
268
4
14
2
1194
36
3
135
17
1024
1912
1510
12
2730
5
0
87
2
16809
1
0
6
0
458
2973
0
2
454
2681
371
0
4
0
1338
380
6
3
6
108
18
814
1
0
5
3
693
827
50
3
0
1970
1856
2
207
0
0
63
5
65
6861
0
0
0
122
0
34
3
0
1
0
18
6
102
0
5
0
160
301
0
0
2145
29
111
1
0
17756
0
1
1
0
48
22
55
30
0
0
358
1
2257
8513
0
0
0
0
13
693
11025
3
0
0
22
0
0
0
6
3232
6
1
0
1684
63
0
7
1174
10
21
3014
0
7978
1227
543
0
261
6
1
31
40
0
207
0
0
0
124
0
238
9
1
1071
2
55
1
4213
110
0
82
1
14
88
1
0
0
2
0
3
5
0
0
93
84
0
526
45
68
0
3518
1
9
25
2465
0
2
1
0
4
2
5
2
0
45
701
2116
223
9
30
0
0
76
3
0
5
0
384
17
62
5
2
5
107
0
25
11
111
2
38
2821
129
3
1
0
0
19533
34
7
1
1
0
0
31
16
1
2
0
0
236
26
2
10
0
7
0
0
1050
2
99
58
4315
0
7
0
464
0
6
116
0
2993
7
49
0
135
11
824
344
5946
0
1
10
3047
2
8
0
9
2338
0
11
17
0
0
0
107
24
0
29
0
929
341
71
0
0
0
307
230
2
1
41
0
4
1
3
0
0
9
1144
1
51
20
2
532
14
1
1234
0
143
11097
9
1
2
1
16
2
0
13
75
347
129
4
1
27
0
2093
1763
91
2381
76
0
0
7
0
1357
0
2
63
0
3
0
0
0
0
2
72
75
212
0
44
57
46
25
15
311
3
5340
24
254
160
23
0
13
84
0
0
1
705
10
81
0
0
958
501
2895
1828
520
0
288
1
1
573
0
0
3
0
7
52
2543
270
0
0
106
1
576
0
79
26
0
0
40
626
0
5
231
0
0
3
881
0
0
8
0
3306
0
157
1546
2161
9
4
3405
4
6
4
83
0
1
7625
2810
27
0
0
1733
7
0
0
1521
0
620
0
22
1159
12
1
0
1
1048
2
1
112
0
0
58
2
28
0
110
14
11006
250
469
260
74
0
1
0
827
3435
3
167
0
1660
184
0
259
0
0
143
516
0
55
0
55
0
2
15
765
1
399
0
2
12
0
0
0
89
1
142
2
0
11
0
0
0
3386
0
107
1612
37
153
175
0
702
0
0
1
1871
28
72
5
0
1
0
207
41
0
20
188
195
0
0
207
328
0
47
1
252
197
0
2
7230
0
80
36
4
0
0
0
24
3
0
1
0
1470
50
9885
0
42
73
1
6
66
79
242
0
0
0
0
20
9567
0
218
76
30
29
3
3
2
0
12
7
139
1
2
0
46
2364
8
15
2382
71
7749
0
4949
598
0
4
0
0
0
53
0
23
0
0
0
7
0
2
420
0
9
0
968
1
25
14
21
0
500
0
2
0
2
72
1586
0
140
6
280
0
0
2
340
0
5
0
0
3
657
58
323
0
0
564
7
35
0
8
277
3
0
81
4196
0
32286
0
44
0
0
0
0
2068
0
191
185
22
38
0
0
0
0
2
5
142
106
0
67
2
50
104
0
0
20
0
0
0
95
7
18
0
0
0
186
158
0
0
5
3
767
206
1
0
212
0
4
0
0
3
1
0
2970
1
16
0
2976
699
2
0
0
2
0
0
10
84
0
0
0
12
23
50
1
27
0
0
2
0
0
1
1
0
0
3
5311
25
1
1
1735
1
0
0
72
0
0
40
13
9
4592
0
0
83
16
0
7
0
3
2
3
0
3
0
22
1
0
4
0
0
4
0
143
76
505
174
1
183
2
0
0
23
0
0
27
174
0
9
104
1
0
3
41
248
6018
0
0
212
0
3
95
2
102
0
4
0
0
1
5
2
0
1
5
75
1
5
14
56
1
1
6
2
35
13
15
7
1
9
1
3
2
3
114
2
0
17938
0
0
1
6
3420
0
11
0
0
0
2
0
0
40
9989
0
5825
0
466
2
2701
74
6
1
65
8
30
2
122
0
0
0
0
0
0
0
49
9
2
0
11
1
2
7
2
0
10
17
2
0
12
44
260
8
12918
0
1027
87
29
0
2
54
333
0
0
0
1
0
172
0
847
0
0
0
23
0
0
7872
4
48
356
213
0
3
40
3
58
928
47
9
39
42
0
2
0
0
0
0
3
496
2
1491
0
0
76
1390
1
0
13
6
0
2
48
44
0
0
633
0
0
1
1561
0
8
3020
99
0
778
3730
1010
1873
9
97
725
0
19
1
1
0
1
8
0
0
3447
1
8
0
432
3174
24
583
22
0
493
1
3
7
0
0
2
0
41
1616
26
0
0
116
1970
0
254
0
66
0
516
67
0
154
0
40
75
242
328
0
9
55
5
0
58
2
1
4
340
0
237
0
0
5
0
1
0
2
4
961
301
0
0
2350
25
1
1
0
1263
116
3730
0
12
0
0
3
1
11
4
1715
0
189
0
0
0
402
0
0
2
95
0
163
155
0
0
23
17
8
2
4
9
4
18
1
1
4
231
0
184
0
41
9
3
38
567
0
12
0
0
3218
4
0
43
258
0
0
1
1
0
8
0
1
0
4
1894
3
0
2
120
1
0
0
1
1892
0
197
6606
0
0
22
75
89
2
740
0
20
0
533
68
0
0
0
0
0
84
3
0
34
62
0
0
29
6
0
433
62
0
64
0
1628
7
1
1179
0
1
2
83
1
605
0
1
174
0
1408
8
0
3481
14
5
0
2
0
0
98
124
152
386
1
170
2459
5
0
0
350
11
17541
39
0
0
7
7
188
12
0
41
3
1
0
0
45
41
0
0
0
0
0
0
1
1
14
2
86
0
183
1111
0
19
249
329
34
73
3
0
293
1
0
20
913
1
544
669
75
0
1
2241
3
0
122
15
571
23
1
2
1
33
2181
0
2336
1619
12
1
637
0
0
508
163
1
2
132
28
277
822
0
7
20
212
1
0
1
1
1
10
12
8
0
3
0
0
436
6
9592
551
29
44
66
23972
2
2
2
5
363
113
0
0
9
14
0
357
0
1
5
1
229
1167
0
0
75
13
91
38
1
516
0
1249
0
43
0
0
521
0
5
7
432
0
7
1113
1
6
10
5
3
0
78
0
0
4
1
63
441
121
321
1
3
0
0
2
3
38
99
2
92
0
0
1930
9
2043
429
1
1
0
0
7
18
1
0
0
9
2
1
0
93
85
0
301
954
33
6
2431
0
2
0
34
0
1309
6233
0
0
1672
0
1
6
489
43
0
154
0
1221
0
2
36
28
471
0
0
7
7204
167
0
0
768
0
0
0
2
3574
1
16
1
1
4
626
3
0
50
151
3
125
4
2
0
13
0
0
8
3333
123
0
164
1
53
0
60
96
0
0
94
0
129
291
0
3
0
5
11
0
3
176
0
0
0
0
0
22
112
4
2
20
3
40
28
0
0
2
0
0
1
342
153
1
9
30
6
0
3
2
1
3
1
0
2
0
0
14
0
14
166
0
7
0
0
0
4
0
36
16
5
0
1
0
2997
7
0
1
0
125
65
0
0
0
40
4
0
62
0
4
0
5
115
0
138
13
4
128
0
5
98
579
1
0
0
2
0
0
0
8015
79
0
2
0
8
5
1
131
49
0
0
0
18
0
334
0
2
9
0
224
4
0
0
377
42
15
560
0
670
108
30
0
1798
45
200
0
527
1
0
55
4
0
12
2
20
8
9
0
0
1
17
1
0
0
0
116
1579
12
0
1820
0
1609
0
0
1
0
22
8
91
0
32
29
18
0
2
10
69
4
0
691
0
65
4382
0
0
1
0
2
0
0
0
0
0
0
0
9
0
0
0
0
0
0
0
152
0
10
0
10378
0
3
23
63
1
66
153
5
0
1
0
17
294
2
0
530
0
4950
1
0
0
0
0
277
0
1900
0
0
492
6
2
0
128
1571
15
0
0
72
28578
52
0
16
0
9
11
10
101
0
1
0
1
2
2
2
3
797
0
147
30
2
8
0
0
1
0
154
2
0
6
0
1
0
6
10
212
6
2
24
5
0
0
44
2
0
2
0
46
479
0
0
200
2
1
86
0
0
1
41
1
33
0
0
308
179
0
0
0
2
295
2
0
0
0
0
0
0
0
2
1
0
0
0
14
1
15
744
0
370
144
3
26
21
2
32
0
486
10
490
370
2
5
1
458
0
22
0
0
0
0
294
49
74
32
4
0
67
0
0
2
4701
5
0
0
0
4
1
420
889
0
0
11
1
35
0
0
0
0
396
413
4
29
54
436
138
797
2
0
1
416
0
79
0
0
30
0
415
27
4352
1829
8
0
36
2
1
35942
1
24
0
0
7
14
13
0
73
183
25
3
0
1
2315
1
7
0
0
51
0
1
0
300
1587
6
35
0
0
0
40543
0
2
910
2
1
51
1
1
0
0
329
49
1232
3024
4827
324
313
1
376
0
3
3
292
56
7
59
62
348
0
60
613
0
2027
0
79
0
0
0
0
0
0
25
7
9
18
1
0
2
0
223
172
2645
32
41
15
0
0
24
68
19
1
0
0
1
12
0
0
71
54
231
285
1
0
1
3
1
0
2389
0
3
0
8
2
19
0
265
0
0
26
2
2
54
0
0
74
0
0
0
1
49
0
1
361
0
137
61
1
31
0
0
1
10
28
0
1405
1045
133
31
0
0
127
0
1
9
0
1
0
17
0
56
0
0
7
0
2
0
0
1
5
946
0
3
405
0
206
0
66
0
1
78
35
0
0
11
1
0
2606
12
0
0
0
0
2
0
0
1
36
0
0
1
0
4
0
156
0
61
23
0
7
0
1
29
185
2616
0
2
0
0
0
1
1
1
0
3
441
8
1
1109
1343
0
732
15
0
0
22510
0
0
69
0
53
0
1
450
0
54
177
82
294
12
1
70
4
49
0
45
0
390
0
0
0
327
0
0
0
1564
63
0
2
0
1394
6
4
0
0
7
0
21
104
0
0
2
0
0
0
0
15
0
0
0
1
20
97
40
0
4
37
3
516
0
5
0
17
0
120
43
77
44
3
0
1
0
0
17
31
0
9
0
4
0
0
0
14
26
0
7
0
0
21
87
107
1
2
3
0
0
21
4
5
301
0
0
4
0
40
764
1016
19
3
1
1
2
329
21
27
2
0
5
80
29
12
541
0
4281
94
285
3
1
1004
3388
1
353
0
11
51
27
0
912
0
0
160
1
34
0
0
0
199
487
0
0
1
0
0
3
0
2
0
0
0
2
0
65
255
1383
12601
127
0
0
1
0
25
1
0
26
0
9
0
170
1262
45
45
3
11
20961
2
4
3
5
1093
0
762
1
0
584
1518
0
0
3
0
26
1
1938
0
0
30
53
10795
0
1
28
4
2
7
0
0
0
0
4
0
27
1
443
0
0
4
0
1
4
796
1
1
0
0
883
0
0
4
1
83
2
0
8
0
108
0
206
562
0
0
11
149
13
0
2
16
7
0
0
0
0
0
26
13
0
0
5
0
0
1
41
687
20
43
8
1
0
0
0
36
3
2
0
1
0
3
4762
0
0
0
1
0
48
27
0
2179
5
785
315
10
2
70
273
358
0
18
9
1
1
0
203
9
15
28
718
5
1615
1
0
0
6
27
0
5
3766
0
0
34
12
0
15
0
4
69
138
12
7
34
38
0
0
0
0
0
29
0
146
0
0
0
84
0
0
2249
0
3
1
1
1811
3
0
0
0
503
1
46
0
599
590
0
154
526
136
0
32
2
4
10
24
6
1
59
1
89
248
1
8
0
0
1
0
7
4
2
0
0
196
37
2
3334
0
44
6
0
0
6
1
1878
1
0
1
0
20
898
201
122
1
10
532
0
13
0
45
0
170
39
990
3
0
0
905
0
17
1
177
3
0
22
26
10
2
0
7
1781
13
2
0
93
0
1
0
6
0
1
58
0
31
71
23
0
25
10
5
34
4
31
2
0
2
116
0
635
200
0
10
4
8
1
0
0
0
0
2
73
0
1
77
0
3
0
483
0
0
0
0
0
13
16
271
8
3
1
2
0
0
42
3
0
1
0
49
0
2
7
6
0
2033
0
1
72
1
1326
508
326
23
2
0
1
7
0
0
0
196
2
0
0
0
0
2
686
1
0
0
51
151
0
0
0
79
1
335
0
0
0
4
0
3
0
2
3
2
11
39
0
0
348
25
1
0
0
194
5269
59
0
18
0
1855
0
3
17
57
65
4244
0
7
2
0
7
71
5
8
14204
1
927
0
0
753
0
1
0
629
0
1
116
0
0
0
0
1025
0
0
0
1
1
10
2371
337
0
2
15
3
0
33
0
1
278
0
2
0
6
34
79
1
3
0
0
0
0
498
2740
3191
1
37
0
0
1
9
32
0
2
1
0
2
77
3
4
3125
13
0
0
540
0
2
0
0
0
0
0
2
1
2543
119
110
0
0
4232
228
0
97
1
128
0
8
8
0
0
67
0
68
0
0
0
0
546
56
0
400
9
0
1
2
0
1
354
1
614
0
3
2
2109
9
0
187
677
1
0
0
5
13
1382
0
112
0
225
4
5
0
0
2
1
3
0
0
539
1
4
932
0
433
4
1
130
12
65
11196
0
0
45
10
4
243
2480
166
128
0
45
1
9
1
1258
93
0
18
8
465
917
11
2
351
3
0
7
30
0
0
2
0
6
0
0
5
28
4
5
46
1
14
6
1
12
66
1
16
0
691
14
2
38
0
0
1
51
1
0
0
0
316
5929
0
0
0
0
0
0
810
60
16
67
27
714
1
47
1
323
21
5
0
182
0
15
39
1005
114
0
13
0
120
10
0
0
1
1
3
94
191
9988
20
0
0
0
12
2
293
151
0
0
66
0
565
6
0
0
20
0
0
9
158
36
4
0
2
1
5909
0
1081
0
199
0
0
0
9
0
16
0
32
88
797
0
8
0
3742
12
0
0
209
15
1291
6
0
1
118
0
1
13
25
31
0
1898
0
88
2
215
0
0
1
106
1456
0
0
0
0
411
0
0
0
563
3
3
0
161
4
44
5070
1
3
84
0
0
28
8
74
0
1
0
10
32
0
26327
12
111
345
0
1
9
6
1
122
0
62
235
1
285
2
114
1
0
41
63
24
387
19
1
0
27
1
3
0
0
10
5
2
0
47
0
623
0
54
0
3
834
0
1
890
2
25
0
0
705
0
475
7
0
1
3
729
0
7
12
0
1
0
1565
4
0
0
2886
0
3
9
214
21
2
2
165
0
1
4
0
32
6
4
11
2
8
196
0
1
1308
0
1
147
1300
521
4
0
4
0
0
7
129
200
0
13
11
9
0
2
1
5
39
68
0
1
7
1
0
0
0
0
0
288
0
5
4
0
21
1
350
23
0
0
196
0
3
100
12
10
2
12
0
0
2
15
0
3
55
11
5
7
0
4188
6
0
0
0
11
0
0
6
4
7
5
15645
81
2
1
0
66
0
243
485
0
0
0
0
0
42
3
1
0
0
0
0
1
8956
0
3
64
15
2194
0
0
53
0
1
0
1
15
0
18
5
0
0
1
0
0
9
34
0
99
0
4
0
55
0
7707
1
841
0
0
1098
1
608
0
0
0
3898
99
156
8
2
30
2
1
0
0
0
1
0
3
614
0
94
0
0
0
0
0
0
0
117
6
0
0
9
5
11
0
1
9
16
86
2
121
0
1
1
0
0
3
57
0
4
3
0
0
0
2
11
24
850
540
730
24
0
0
1
1
9
0
50
72
0
0
0
0
10
0
2
400
197
5
8
54
2
0
51
0
0
11
0
21
0
1097
7
1944
2
6
166
12
3
8
1
0
311
0
0
7
30
7
837
352
13
0
0
0
0
514
0
5742
334
0
17
43
1192
0
304
1503
1
0
3
11
0
225
174
117
163
557
169
140
163
241
35
5659
0
1621
163
163
2959
169
48
1399
163
169
195
6642
440
5659
440
11
7887
48
0
1255
1932
5669
125
960
163
163
5302
11
440
163
28
5669
5092
11
440
20
1666
100
2775
440
440
13693
169
8170
8133
797
509
163
440
169
5302
2034
3892
31
1925
615
101
6
79
282
5772
137
116
53
992
5
2125
2344
360
4033
950
17
13511
4033
386
0
595
53
394
0
41
950
992
6
4
12
25
2
165
2344
0
8954
784
21
7511
12
572
8954
784
28
28725
1063
86
595
595
3
237
13187
36
2
4372
21
595
6363
0
29
1633
394
4
72
1
3465
0
1336
7
387
47
113
41118
19
0
227
852
1
833
64
265
1
2785
51
1
0
3
67
5023
833
497
51
1
8924
3
9
490
227
418
1
4
0
31
7
2646
1
4
26
0
0
372
1
1
3359
107
2086
3268
2421
25
17164
1
2
418
5697
9
1
87
166
1
0
0
343
1
7
3285
229
2
381
206
5
0
0
204
21926
458
0
302
12062
8
54
11437
17874
1
204
3
14
0
109
3416
520
3
5
0
480
0
4
167
429
0
480
0
54
36
1047
6
8
8
69
112
0
461
12
401
7
8
25
0
386
63
8
303
1138
237
182
0
0
113
388
4
0
31
60
143
8896
16
0
9
500
0
0
0
0
28
51
3
437
0
9
30
0
2
28
67
2766
1
8896
0
0
23
10875
0
57
17
0
23
817
1220
0
37
2701
18
274
739
1
1
246
52
19
28
515
0
2
268
1166
1
176
1
8
3
4
338
1055
77
23
40
7053
1
7
1
0
1
2
19
0
4
1
195
48
1
679
0
1
1380
1
0
0
1
172
580
7
7194
7
65
314
0
9
1
7
65
758
0
10013
0
25
61
29
4
2095
7
5
54
157
271
1
37886
1
1
1
26
1
1
1
0
1569
10
1324
203
107
0
3381
26
4
0
0
43
9993
0
0
1322
93
4689
4
0
0
0
43
67
16429
3
1
67
3
0
4
12
420
4
2104
0
0
0
420
6
8
0
93
634
383
0
1
0
1
15
378
545
128
3
1
1
0
21
134
179
0
53
1
17
4
1
0
1
726
10
1
2
0
299
9
15
9
0
9
3
0
628
1
0
34
0
15
0
261
1
119
7689
23
105
0
3
2617
9
0
0
2
86
2617
6
9911
47
0
294
984
0
0
46373
0
0
33
0
0
2
26
43
5177
202
1
1
2696
584
2391
1
2
977
36
15
0
26
1
0
0
0
7
326
20
593
7
1
1
27
976
41
0
10
66
10
2721
0
0
1
80
211
0
40
446
0
21
0
20
19
446
1
5
188
3
1
8
0
103
0
0
0
0
0
18
221
0
2731
0
1
0
123
5
5
328
0
0
550
61
2
0
0
1
0
65
2
931
2
0
1
931
0
1
139
1
0
0
30
2
1458
0
0
19
1
3133
1
65
39078
4
2087
0
10
29
2
4
893
23
6
8165
6
1
22343
19
3638
5461
752
1
1632
1011
3505
1
7
786
89
2
1
4
1
2173
0
2
11
0
0
2
2
1
0
0
17
423
1
0
19
423
2
74
2
32
19
8432
591
1
1187
16
0
316
65
0
16
0
3
21
10935
0
2
3
29
21
0
0
769
60
10826
0
37
9287
279
61
14687
0
7400
46
2
321
1
34
4
29
0
0
631
0
0
21
6667
9
0
0
124
2
3
45
6583
2
1163
72
1
2
21
0
2091
216
208
2
356
1209
22
1
2
507
0
368
3
45
1
33
2
915
630
8
13535
33
2
0
1
0
2
27
0
14
6
0
0
9
1398
0
0
2019
40
1
1
1
0
2
899
29
2
38
8
12
0
0
80
36
0
2132
2
5
1
0
1362
5
65
1
3
0
2060
2
2
1
9865
0
6
0
1
13
1
302
152
2711
0
3
241
0
2
5077
324
88
8
0
2
2
0
0
1
5
1629
0
0
0
0
27
0
5
0
0
17
26
24
1
6
85
18
2
4
4282
4
1
18
58
1
180
12
24
2
180
17
1574
0
1
1
637
2
9
4
61
0
0
12
1572
0
1580
0
11
0
1
2
622
1
627
0
0
5
0
0
4
0
3685
110
218
1
1
6
0
0
92
1
5014
39
0
1
34
5846
0
0
5
0
1
0
1
9
1
1
1
79
1101
637
152
1
1101
3
0
1
23
0
2
115
569
24
2
817
1
0
0
1
1
1
0
38
3449
5
7327
135
8
1
38
202
16
0
0
4009
1
4837
250
23
0
11
1
0
20
292
1
1
137
0
46
9
2863
849
1
1
1253
19
5
1462
2872
0
0
0
1092
1
1262
52
3365
1
1
0
1
1
0
15664
1
0
3
217
0
1
26
4
0
1
6
1
4
115
3
0
1
13
132
107
5
0
58
89
0
15
1
0
0
26
4
418
0
159
1
0
537
0
4
24
3
172
1438
174
281
1
0
1210
331
0
1
1
509
1
1
2
17
1606
1288
2
0
0
159
206
1
1
1
0
1
2063
50
0
1
46
32
1
1
6261
0
0
3
1
3586
2
0
40
0
99
85
2
0
0
7
2947
7
2
10
0
0
0
17
151
1
0
1
0
0
0
983
0
9
29
680
0
0
4
6
11
0
1
237
0
1191
5
0
1
0
45
9
122
1266
4
1512
14
0
20
0
0
3
0
215
275
0
4
32
0
2
0
0
1
0
18
0
86
0
4131
1
29
19
77
10
0
0
154
27
8849
1619
1
457
4
0
49
0
0
25
4213
0
2
1
25
2
1
1
1
0
0
12
24
4
988
0
6
1
0
1
184
0
0
1
0
1
1
88
4
1
14
70
56
12
0
0
0
0
0
1
0
551
0
0
654
201
0
1
1
62
4
6
1282
345
1707
0
140
2
171
201
1555
15
0
34
3
27
6
1353
0
7
0
0
200
89
199
9702
1
0
0
27
8
0
42
1
749
0
1
2304
0
1201
100
7
170
0
1
2
0
120
4
1
955
1467
0
12138
0
0
0
13
4
0
446
59
0
3
1
127
18
1261
245
2
0
1
3806
0
55
1
2
177
30
2
0
0
1
19
0
1
0
326
0
3
1
15
0
0
151
0
145
96
14231
0
708
101
0
0
2
5854
0
6
4
1
1
3
0
0
0
0
0
1
41
2314
1
5
5
1
22
0
0
0
78
9
6
1
571
170
59
39
2
1
2
0
7
9
0
0
153
0
102
2
3
1534
1
680
1
27
3577
1
0
0
6
4
1010
1
0
11
254
573
0
0
5
129
0
25
39
0
1679
3785
14
2
782
0
138
2
25
0
459
5
1304
0
32
0
6
3997
0
34
49
0
0
0
1141
0
4
18
0
252
0
1
1
438
2
0
19
1
0
0
2203
0
12
0
46
0
6
1233
1
0
2
1
5
27
0
0
2
0
1
406
0
1
190
0
1
157
1
1017
0
0
1239
0
3310
760
2285
4
635
0
21
0
0
802
0
4
0
0
9
1
40
1
31
1
1
2
234
1279
141
3
0
10
0
1388
17
0
2
3
1
1
638
0
31
13
3775
19
0
42
3391
41
6665
13
6
10
545
0
0
1
1
245
1
334
0
0
94
0
57
0
1
335
1
15550
38
0
16
0
0
0
4057
0
0
0
32
20
6
31
14
0
0
4
1
0
0
1
0
12
1
111
1
0
1
13
0
255
0
0
23
0
58
1
1
0
1
114
5
1
0
13
345
14
4
2892
1
0
154
0
0
0
687
59
0
0
57
6
0
114
78
2920
7
0
0
78
2
0
0
0
508
0
0
0
55
0
2
1
0
0
37
1086
21
15
325
486
0
7
376
27
0
0
21
2
245
0
270
0
0
1
1
16
30
0
281
14
0
1
2
0
4840
0
17
12
0
0
0
18
0
106
553
0
3339
64
10
1
2
1707
1
98
95
479
0
0
2
0
1
1
13
3
1096
1065
0
186
63
2
2971
61
23
0
0
10
14
6
3
33
2
5
7
571
0
0
1
1723
184
1
0
1108
0
291
4280
0
708
1
186
0
0
1
2
6
37
16
0
3
5
0
138
2
0
5
30
76
1396
666
0
450
0
0
60
0
0
885
1
0
0
4
55
0
730
1
1422
8
0
21
0
25
0
1
0
95
0
0
1
21
30
0
1074
16
3
703
1
3
0
36
2
710
0
150
519
0
4138
0
6
3
13
0
0
0
1
2029
27
1
7
0
5
2
39
1
0
0
0
0
45
3
6
18
1627
21
0
0
12825
1
4
116
3
1
3960
1
2
38
3172
1472
22
1027
175
332
942
0
4
2
0
1
0
0
324
1
0
1
25
1
0
28
0
1
2
2285
0
23
0
4
2
0
0
21
7
12
198
359
5351
0
4
5
0
0
0
0
2
0
913
0
137
1
0
36
14
21
0
0
0
761
2
0
6
3
2
95
1
3
8
0
1
4551
0
6
0
1
0
2
0
2709
20
964
0
4
368
0
26
1
27
3
242
38
6
0
16
0
8
0
10
0
16
246
210
0
0
0
0
0
0
0
2
19
0
1
413
0
6
2
0
0
1
1
90
3
30
1051
0
1
44
407
0
0
1
0
0
2
232
0
0
172
97
238
44
2
1306
3
0
1
0
3495
1
765
0
1
2
28
1
5
821
157
2
0
499
15
0
810
0
0
0
1
0
0
6
0
5255
1
0
109
0
0
1
1
9
0
0
121
199
0
0
0
286
782
0
0
0
1
218
0
145
30
6
283
3
11
3
0
164
1
83
0
139
1190
0
2
0
0
1
6
0
1
5
3
0
2175
1
0
0
80
0
1420
5
1731
0
30
2
786
0
0
26
0
0
14
26
0
50
24
2
0
9
0
2515
171
0
6
4
5
0
32
0
0
2
19
0
0
3
4
33
0
0
1
1617
143
28
227
0
1
5
29
242
8
98
49
0
892
12
0
295
77
0
23
0
0
657
1
23790
0
0
0
0
531
0
0
660
0
7
0
0
2
76
0
69
3
557
1
0
0
59
1
0
0
77
1
2
3
1
4043
1
0
1
0
104
3048
0
5
1
0
302
0
14
1
0
0
14
418
0
1
14
5
0
351
22
0
12
620
0
0
26
9
920
0
0
1
0
141
0
0
0
0
1
3222
0
5
1
1
17
0
0
4740
4
1
0
3881
0
341
0
0
5
767
171
560
7
126
2465
0
52
2
1
0
0
1
3
1
233
140
0
1
9
0
8
1
3401
0
0
0
28
0
0
0
1556
0
0
42833
2
0
0
1977
7
3
0
0
32
2
71
2
246
0
1
843
1
24
0
1
1
11
11
2
23
0
14
372
0
0
1
2259
0
0
2
22
1
26
5
0
1
38
4
7
744
0
0
142
1
1
103
245
593
276
110
7
11
0
0
0
0
5404
0
357
2
0
0
18
0
218
0
0
0
6
20
22
7
82
671
22
2997
1
0
1
9
2
86
1
4710
1
127
26
80
0
1
2
0
20
1
20722
9
0
10
0
0
0
0
0
1
1
4
0
5085
7
807
0
0
0
0
0
0
0
0
40
0
1852
0
1
88
0
0
17
0
298
0
199
0
0
1
0
4
15
5
2
42
0
5
176
0
0
864
33
0
8
452
4
13
0
32
2
0
186
167
1154
764
2
3
3
2
1
1
0
0
2
0
34
1
0
2
1
0
1
59
2
0
4
580
1078
0
3
220
0
0
0
0
0
2
0
0
2
121
93
1
1
1
0
0
1
647
0
27
37
8
0
4
3
719
0
4
1
0
3
0
23
3
857
0
290
6
162
1
0
765
2620
2
0
1
53
20
168
1
0
0
1
4
9
0
0
43
5
3
25
149
50
2
0
0
1
0
77
0
7
0
0
3
15
807
84
831
0
270
125
0
0
128
0
4
3
0
1
8
0
0
8016
0
1
1
2
0
3
1
12
0
0
5903
21
0
1
1
3
0
0
1
854
189
0
1
82
1
0
188
121
16
312
0
33
10
0
0
356
0
0
0
2
1
1739
519
2
1
0
6
0
3
12
0
32
35
2
57
2498
42
0
1
5
1
0
1
2
11
35
234
1
22
0
24
5819
236
28
258
1
0
1
26
0
2
1
0
3
2
3
0
0
21
0
3
193
2190
0
0
1
1
0
166
7
9
1
0
0
206
158
21
0
50
0
0
34
1
6305
0
0
0
8
1
2
17
21
0
102
16
3
0
1
2299
46
445
3964
1
1
0
34
0
118
687
0
0
219
3
21
678
1938
0
0
1
0
3
1
3
0
7
1953
54
87
0
0
1
0
0
38
6
4
0
240
870
3
2
0
1
14
244
826
31
3
7
4627
0
0
2
28
1
0
3
0
11
0
8
64
2918
2
9
47
0
0
1
106
1
772
0
0
6
39
1
1
0
0
0
1
6
17
734
1083
1
3
0
0
5
15
61
43
1
2
2
6
0
9
0
0
753
0
0
0
1
1879
0
46
3
25
1
2
311
59
1059
0
3138
0
604
1
1
21
442
6
453
1
1
506
0
3
1209
2692
8
3
19
0
1
0
5929
0
0
0
2
0
44
1
0
0
1445
0
0
12
1
23
4
0
0
0
2
2
72
0
0
1
0
0
0
0
4
14342
0
5
1
1
0
18
15
19
8
0
87
0
0
3049
3165
1
0
1
38
1227
46
0
0
1001
9
0
0
0
0
2
92
4756
118
0
0
1
5
3
0
0
0
1
14
19
0
0
0
5
0
3
0
50
18
218
0
0
0
64
5
3
0
0
0
220
17
0
37
1
0
0
3
0
0
186
489
0
0
0
29
0
0
1
85
7
17
44
2
0
0
2
0
1
0
9
62
4
698
0
8
230
0
747
1
0
0
141
292
1
123
1124
0
0
0
6
0
68
1
711
1
0
0
0
0
625
0
0
1
0
1
1
2
16
3
1
1
0
332
0
0
2
0
1
506
0
0
33
2
0
0
0
9
0
1
1
0
0
183
0
1
35
0
2
1
38
37
0
5115
0
2
10
102
0
397
1
0
0
0
8
0
21
5
2
0
5
26
1
1
0
0
0
4
1
0
0
1
2
0
219
1352
8
0
29
57
6
3
101
0
0
4
0
1242
283
2570
0
0
0
111
19
3
8
11
78
1
0
56
8
76
0
1
0
0
2
0
0
0
0
301
5
0
31
1818
29
0
39
510
0
1
1
3
12
0
0
0
0
0
1
0
16
779
0
21
0
2
19438
0
2038
0
0
0
42
45
2
1
1
2
0
3
767
36
2
19
10
0
619
4
16
660
1
0
0
124
3539
0
0
1
5
2089
3184
32
0
619
0
0
10
1
1068
0
34
0
413
0
2
0
0
1
0
0
0
1
33
3
465
21
1632
1
45
1
2
31
39
0
59
39
0
0
9
111
1493
1
1
42
3
8
0
0
1
20
0
1
0
4
173
0
59
1
3
0
5
177
0
1
2
0
2
8
10
0
581
0
400
0
5
0
0
627
57
1
1
0
0
0
0
85
0
0
0
0
15
0
177
17
5
2
2
1385
16
159
3062
0
0
65
0
0
16
0
1
0
58
4006
6825
1
0
1830
0
5
0
2114
16
1
28
8
0
19
87
0
21
0
9
0
6
0
9
0
1
10047
3
751
26
17
761
2834
0
1
0
1
0
17
1
17
0
1
54
0
925
0
1
0
0
5
0
1
3
3631
75
0
1
6
0
1
2623
0
55
2
36
0
0
2
11
187
39
3
0
584
0
1557
124
0
1
2214
0
6401
0
688
7
0
1
0
2
1
3
12
7
1
86
20
107
1
0
0
0
0
1285
1
0
56
0
0
3
1
33
0
1
1
0
1
28
5
13
1
120
1
0
40
2
11
0
34
268
0
4
1
593
0
317
1
0
2
1
209
2
2825
0
5
0
6
90
9
0
0
1
2
271
2839
0
1
71
13
152
0
5
0
0
0
0
1
27
0
3
13
21
2
0
15
5
3
0
2592
11
712
0
1
0
413
37
1
0
0
1
13714
1
0
0
0
0
170
1885
1
515
1215
14
4
121
4
1
2
0
3
109
1
17
2
0
4
0
0
201
191
0
6
373
106
0
0
0
0
0
0
0
18
98
0
0
0
0
5
1
0
1
0
14
2
4027
4
1
6124
0
3
0
20
3
13
159
579
648
1
56
2
81
2
3632
4
2
2
6370
242
0
106
1
15
18
313
0
10192
0
1
5
1
0
0
21
0
0
7
327
35
0
8
0
0
1
0
0
27
0
0
83
2397
0
0
0
1
2356
19
290
1
0
0
48
1
18
0
2525
1
0
107
1
264
2
74
0
6
118
1
4
0
0
1
4
0
26
7
837
0
3844
0
13
0
0
54
1
0
0
0
39
0
544
1
1
1609
0
93
194
0
2
0
0
0
31
2
73
2
3220
70
16
2110
26
1
0
70
4160
322
0
1
2409
268
2
1
19
1096
1
14
0
0
0
0
1
51
1
0
1
303
2613
1
109
6
3
0
1132
1
73
1
18
4
0
0
0
0
0
10
19
16
28
131
0
0
0
0
12
0
0
1637
1
5
1
23
2
12
464
1
2
0
0
16
781
0
28
23
9371
0
12
1626
1
3
22
7179
293
32
6055
68
1
0
24
0
0
0
1
7
376
0
1
75
0
2
1131
182
17747
0
0
0
0
6
0
0
1
0
25
0
0
1
0
0
0
0
1185
2
0
0
1
0
0
0
0
1
0
0
0
1
0
1
58
0
1109
0
0
20
0
0
0
76
0
59
3
9
1112
1
6
3
8
1
1
0
2
1
351
0
1
0
2
0
2664
0
68
2
1
0
23
0
3807
351
73
0
9
6310
1
7
0
0
4073
7
955
84
291
0
2483
0
0
35
41
0
2
32
1
10
988
1
2
8
1
74
0
1
1
219
0
482
1
0
5
2862
1
0
708
70
24
1
0
250
0
20
7
0
0
1
139
0
8
8
0
0
1
0
223
16
1248
0
0
9
0
0
0
1
105
0
2
8
4
59
3
16
0
27
1
2
0
0
1
1
2
7
1
1
36
0
0
0
788
288
5
2
1426
0
0
0
6057
22
0
0
4
0
1
432
0
65
1
0
1
49
883
279
1154
0
0
0
1
9
12
3
0
41
56
768
0
0
36
0
162
0
1
0
0
0
1
1885
5
0
0
6
44
1
28
0
0
33
1
0
0
10
2
36
2
0
0
0
3
15
311
5
52
1
0
1
1
3
0
2523
4
583
19
3
0
66
0
129
0
0
0
0
495
8
12178
144
12
25
7
0
1
0
66
1
0
39
125
0
398
36
21
520
0
2264
503
0
140
791
3
0
1
0
35
0
28
0
8
106
0
2
0
1
1
9400
0
1
0
0
0
6324
4333
0
11
0
0
2
13
0
14
0
8
1592
1
0
18
0
0
133
1713
1
18
355
1
33
1
0
26
0
0
0
1
14
0
813
3
21
100
4
14
101
0
7
1
4
0
1
2
3
1076
0
0
0
1
1
0
0
55
603
0
148
0
0
2
12
41
20
471
6
0
0
1
19
328
1
0
0
8
93
0
1
0
1050
1989
442
26
152
0
0
0
0
235
135
18
9632
169
163
0
0
125
163
0
163
440
6
169
163
0
541
0
5302
163
163
169
323
10
5302
12
225
440
0
0
79
440
163
114
323
62
163
169
436
440
15
4160
8682
43
67
1887
36
169
11
3602
13847
837
29539
2334
440
24918
152
5942
4238
0
1709
0
6
2
934
25590
462
183
2984
992
992
25
1056
992
1056
617
13
183
30612
992
1
992
0
21
1697
2020
6
182
0
345
31
595
992
992
4
617
1808
72
44
10
13023
183
18
617
1037
36964
15
0
5635
40
730
45
10485
8
7
469
5
6659
595
29
10345
25
188
91
1701
91
23
40
121
0
1077
6
2
17
1741
3
22
873
22
0
1856
6
26
17
79
5464
418
0
2
72
1907
48
418
4380
394
1
1095
41
57
0
10
2
2167
46
3
6
1114
0
1011
6
18
1
40649
7389
17
2594
5540
0
462
7749
795
6278
1
5
21339
1253
1856
4869
0
4869
0
869
354
21
0
0
1
0
0
3416
241
26
241
14
4020
0
693
0
465
0
0
4
1
1
1699
226
0
917
1
8
23
5
190
14
1
39
2015
2
2
0
4358
14
338
1218
5
8
3
42
200
12
13
0
0
2
0
1313
8
10
3647
13
75
8552
547
5783
148
36
0
4
5
1481
56
50
38
67
1597
281
1597
1
125
6049
0
50
0
30
0
985
133
37
0
718
0
918
8
28
1042
18
0
1
44
95
0
0
211
33787
623
1
1273
46
751
12114
6
0
2
525
4
10
17
0
10502
460
17
162
20
33
18
0
129
46
0
592
1582
1
1
13
48
2551
31
1
0
2009
0
0
2
11
25
17752
1
24
2757
7
0
3164
6
2
2757
0
84
3219
1244
36
2
0
0
2
5
1
0
1
9
0
0
2096
1
4
1668
1369
0
1
8
679
2898
0
4921
6
2512
2
77
275
2
1387
0
10
0
14
0
1
0
1
0
10
0
67
34
0
34
1
12
44
0
158
101
50
27
574
1
2
1
2
15
8
2
57
0
0
129
9809
1
2
1
562
1
46
796
674
13
2
1
6000
2435
0
0
63
7
3
51
23
0
0
0
2
0
82
11
1
65
3
504
1
8
9572
444
64
1
377
15
2674
3
23
3
26
78
2833
0
1017
0
0
2
1197
109
1
0
3200
3
17
0
389
20
19
0
1
815
22
0
21
1114
6891
6365
8
274
0
25
1
2
0
0
13
106
361
14
0
0
1
118
0
5
0
101
0
665
0
0
0
19
240
5
693
624
2005
67
3
0
1
0
2
168
5
139
0
1
8
51
0
0
61
3510
728
45
1
0
5002
3
545
1
18
12
566
679
519
1
2
8
1
0
453
0
74
1
0
126
0
11
0
0
2213
0
49
2
113
0
3483
50
18
770
25
83
0
1
2187
2
2
279
0
0
1
3327
0
609
17
55
1
14
44
6867
76
6786
24
1
0
2
9
8118
1
4
1
0
10
931
1509
402
0
1
349
1
1
1
34
1
0
6
0
105
0
197
1
106
49
271
27
0
0
40
22
19
116
0
0
0
0
946
1
1
0
29
1
0
30
31
62
7
1565
22
5
11
15
3
0
184
0
4
1
115
1
32
648
5
475
45
0
1501
359
0
2
462
2
37
0
53
173
0
4015
1
0
1
0
12534
32
729
147
2865
787
952
2
0
0
5
62
68
0
1
0
1
86
6
4
12727
25
4768
7
20
1
177
0
8
2
4
49
485
0
1
0
1329
8
1
0
7
293
4609
9124
1
5
0
0
5
382
1
1
0
254
6214
12
0
0
136
2
0
23
153
81
0
1805
1
2
4
55
4
362
0
773
171
0
0
3
1954
0
0
165
0
27
18
1
2
61
42
0
11
1
4
33
3
0
1768
1
1808
79
0
130
7
1759
295
0
5
12
26
272
0
0
35
0
96
287
17
1
1
1
1
1
7
1
0
2483
47
2283
0
83
27
160
3
0
0
1
317
1
25
448
0
5590
316
43
0
0
655
1
4
0
1
0
13
5614
278
8
3132
71
1987
3
5
437
42
11
26
0
437
5
1633
1
1
4
126
860
0
0
596
15
0
0
3
5
1
0
301
813
0
51
99
0
0
12
0
1
2
1
1
0
327
13047
3655
42
63
8
8
20
3
0
0
0
6
1
0
1998
13
1
0
1
1798
0
28
1
18
197
15
254
1
2
1
18
2
1
0
126
146
0
0
1
11
574
0
4
1
1
0
153
458
3302
11
3
0
162
7966
2
0
69
803
1
98
3
2
5197
0
1
3
9
38
1
1
0
20
218
0
0
0
10445
48
3
51
1044
7
22
1
1
1
2
1
0
0
0
157
18
0
6578
1
2030
15
0
0
26
1
15
21
1
1
0
134
619
1754
0
0
1
339
1
5
0
2
5
0
37
4
80
21
1
2846
18
1
1200
436
6
31
1121
0
0
127
0
95
1
268
383
2
1
0
1472
30
218
20
129
23
19
22
0
0
1
0
304
562
162
28
7
3
1
1
1
435
1
19
65
182
1264
7
0
2
1
1
1
846
95
74
1
1327
0
1880
28
0
2
1
0
0
0
2844
19
1
0
87
6755
147
0
9
1
0
0
22
1816
0
1118
1
5
0
0
1
0
20
20
111
951
0
0
1
2
1
1462
1
1
0
60
470
0
2071
0
1550
1
0
1
346
1
1
147
1129
6255
0
0
0
835
0
0
0
1
4
9
1466
2
7
4
978
1006
9
0
4
19
0
1627
1
0
0
787
0
0
428
4
331
1
1
1
0
1
0
1
0
93
169
37
175
1
1
2
1
77
2629
3
3
0
5
5257
1
0
1
15
434
64
2738
5
10
1
19
1
0
2225
0
0
0
0
0
0
24
0
120
0
15
7
14
1
384
0
4
0
0
88
0
113
118
16
21
0
5504
45
1
349
67
274
1
1
1
3
1
0
1
436
347
24
362
0
1
293
1
8
1
5
6
0
130
18
0
0
0
490
1
1
5
146
0
4
29
8
0
1
4387
602
0
314
461
3
0
0
0
0
1
0
22
0
1
10
0
57
137
1
2
127
613
0
51
0
3
5
258
364
269
0
56
1
1
0
0
2
0
1
1
616
130
49
1866
1
0
4
1
5
15
1
0
695
66
270
0
10
0
0
1
577
166
76
273
2206
0
291
6
768
0
18
9
10
0
0
13
1
0
0
0
0
778
0
1
0
1
1
0
1
0
275
856
2910
948
0
1
888
173
1
1
0
1
832
762
0
0
0
279
664
0
0
1
1
3
394
37
0
0
0
73
414
65
380
4017
1
2
1
61
94
7
58
0
38
0
1
207
36
39
0
5
1397
7
0
0
0
0
57
977
0
34
0
1
10
10
334
3
0
0
0
0
84
0
207
80
417
4294
3
0
21
1
0
0
4
0
0
52
404
0
6
131
3
1
1
0
328
0
3
9
368
0
0
0
0
0
0
50
6
63
159
178
3319
0
145
6
181
1153
1
12
1
71
0
8
130
0
16
229
0
335
0
50
8558
2
501
0
448
1
0
0
1
73
1
1
4
8
0
464
0
0
0
0
0
30
64
1
3
46
88
1
0
13
0
0
22
0
8
25
0
143
5
1
1
630
0
3
84
17
54
11
0
0
0
12
0
4928
3
0
3461
1
0
23
1
0
32
87
3
6595
0
1
0
48
1
1
5
323
28
39
0
0
0
7781
40
80
1
1
1
13
0
0
0
0
0
1
4
25
801
0
27
2443
13
13996
9443
0
172
6
81
3
1
0
2
0
4248
0
114
550
2575
0
336
1151
1
99
4
1
0
313
24
1
0
35
2037
1
0
0
4
0
1
89
273
0
0
0
81
0
1
10
39
19
63
22
57
1
0
59
3106
0
1
348
0
1
8925
0
2
5
1
5
47
142
47
148
14
1
4
0
219
0
0
2
2
758
43
1
32
213
1033
0
1
44
6484
1442
0
35
0
0
18
819
0
0
0
0
0
0
0
0
1
1
6
0
4
7
0
0
7
0
0
1
0
0
1
0
7
0
0
1
10
16
1
20
44
0
0
0
0
7
66
1715
4
11
0
270
1
6
3
28
2154
0
271
3
1
0
1373
0
162
0
6
0
58
21
0
69
0
0
0
0
2
1
1
0
0
15
0
0
1
0
0
0
0
0
1
328
0
0
1
0
0
1
7
2408
5
3
4
222
2
0
0
9
974
25
16
1
62
0
90
0
3
0
0
33
244
0
1
926
1
141
0
1
1155
19
0
1
0
93
40
0
0
0
2
0
0
0
0
0
0
0
0
0
39
3
86
0
1
0
0
0
0
0
240
0
1
57
1
20
44
4
3175
1
0
22
0
4
0
0
21
4
0
0
0
0
0
48
1314
74
1
0
0
40
80
8
1
1279
0
0
0
4
0
0
1
4
0
1275
0
0
0
0
1
6
0
1
15
0
2
0
3578
0
1346
0
0
1
4
0
0
0
0
0
0
229
3
5
1
502
0
0
2
12
0
43
12
0
16
0
174
12
8
122
290
14
1
589
0
6
0
296
0
0
2
0
0
0
52
1
1
1
0
2
0
0
0
1
0
0
0
0
0
0
1
0
2
129
30
0
6
58
1
1
1
0
0
1
0
79
1
2
67
16
1
0
0
15
2
1
6
155
2
0
8
0
43
8
1517
0
0
92
0
282
1
3
0
0
0
345
0
1
0
0
47
1
0
2
24
11
0
0
1
0
0
0
0
5
1274
0
2
150
0
0
0
0
0
0
7
10
0
2
26
0
0
10
31
0
9
0
1
191
1
9
4
22
44
0
0
24
2
18
9
1
17
0
151
223
0
12
0
0
0
9
0
0
0
46
0
53
1
0
0
0
0
0
18
14
0
1
9
1
3
1
0
2
1
0
0
1
0
0
1
0
0
0
0
5
9
1624
3
0
4
31
0
12
0
21
34
1
8
0
0
448
163
1
172
1188
426
0
7038
0
1393
41
1
0
0
1
0
0
7
0
8
1
2
0
0
0
0
0
0
0
0
0
0
0
75
490
26
0
6
10
0
5
19
0
0
0
0
1
0
1
186
0
0
0
208
3
8
2
0
14
190
24
11
3
23
161
0
0
143
209
0
0
2
69
0
2
1
0
3
88
0
8
0
1
24
1
7
0
73
3
0
0
1
1
0
0
0
0
107
0
0
0
111
0
0
0
0
0
1
4
0
0
41
0
0
1
118
1
0
0
0
276
524
9
0
3
18
444
0
0
0
0
0
127
0
0
0
1
0
0
0
0
0
0
0
0
0
20
0
24
0
0
0
0
0
0
0
0
10
0
11
2
0
0
0
0
0
1
0
1
1
0
21
0
0
0
81
1916
0
83
468
2212
47
0
14
0
780
11
5
163
163
526
4
1
68
0
0
11
0
837
858
1
1
8
0
28
0
1
0
0
2
0
0
0
0
0
0
1
2
0
0
1
0
0
0
0
15
0
0
0
1
2
0
0
36
0
0
1
0
1
0
3
0
43
4
0
0
0
0
0
24
0
0
0
1
1
10
28
70
1601
0
716
0
17
21
0
0
44
0
0
48
67
0
0
0
0
0
0
0
0
51
1
0
0
5
0
1
0
1
1
0
0
61
4
463
0
0
0
38
0
1
1
1
0
0
1
1
2
26
3
0
2
2
0
9
3
0
664
456
1
3563
22
0
747
203
72
1
10
134
0
0
1
0
0
0
0
0
0
1
0
0
0
22
0
1
0
1
4
0
1
2
0
0
40
0
1
0
0
9
2
0
1
0
0
1
0
0
0
22
1561
3
19
0
66
0
0
0
0
4
6
1509
0
0
3
2
2
0
3
126
14
0
0
37
0
1
1
0
13
0
1
1
0
0
0
0
0
1
0
1
1
16
1
0
24
0
0
0
3
1625
2
0
38
15
3
1
0
0
2
0
1
0
0
0
7
2
3
230
1640
4994
0
0
13
1
4
2295
1
1
1611
5
35
8
78
0
2356
69
0
1187
7
0
0
0
0
0
2
28
0
0
0
0
0
58
0
0
1
0
0
0
0
1
0
1
0
3
1
184
5
436
0
1
0
17
7
1
1
0
0
1
1
1
0
11
1
12
0
205
64
1212
23
0
1893
3
2
57
2054
0
7905
0
3
0
0
0
127
0
0
5
1
3
1
0
0
1
0
0
0
1212
0
0
0
1
0
0
1
1
1
0
0
1
64
0
1
0
1
0
0
0
0
0
0
9
0
0
64
65
336
4
0
1
0
261
998
4
0
4
0
0
2
0
1
18
0
0
0
0
0
165
0
1
0
1
0
0
1
1
0
0
0
3
0
0
0
1
1
3
1
0
0
0
0
0
165
704
0
0
0
18
1
1
0
0
0
1
1
0
0
0
123
0
74
0
260
4
0
58
38
4
1
1534
2
2
0
12
3
1
2
0
0
0
68
1229
3
1
1
0
1
1
3
4
0
0
0
3
4
2
0
1
0
0
0
0
0
1
0
0
0
11
1
0
3
0
0
8
0
0
4
0
0
1
0
1
1
1
0
0
1
74
1
0
0
0
0
89
125
25
19
22
29
0
17
32
0
0
75
10
0
0
1
0
0
0
0
0
6
0
1
0
0
0
0
0
0
1
1
0
1
12
0
0
0
1
430
0
0
0
1
0
0
0
0
0
0
1
0
0
1
242
4
100
0
1
221
1
0
8
645
0
0
0
10
1064
305
1890
0
2
5
1
1320
34
51
0
0
7
1
651
1
1
0
0
0
1
0
0
0
0
1
5
39
2
1
0
0
0
0
47
6
0
0
377
0
1
0
1
0
0
1
0
42
0
226
9
490
2
0
20
8
5234
8
0
0
0
52
666
0
8
0
0
0
0
3
0
0
32
0
0
0
0
0
152
0
1
1
0
1
59
1
0
0
0
0
0
14
2
0
1
0
0
0
28
64
3
0
10
0
4
0
0
0
0
0
1
0
0
5941
54
12
1
700
1
0
9
0
248
23
12
1
0
0
139
0
42
1
17
0
0
0
17
386
0
0
1
459
0
0
0
1
0
2
0
0
0
0
0
0
1
0
0
0
0
1
0
1
0
18
0
26
1
1
0
35
0
1
0
0
6
0
0
0
0
9
0
2
0
0
4
6545
1
27
52
28
4
1
0
0
0
78
0
0
0
544
10
0
0
0
40
1
381
0
1
0
0
0
1
1
192
0
0
0
0
1
1
0
0
4
0
0
1
0
6
1431
435
0
1
0
0
0
0
0
0
0
0
227
0
13
1
2
0
37
0
106
3456
1
626
1
629
1
0
5
14
53
0
0
1286
296
1
13
0
0
8
36
0
0
0
1
0
1
0
0
9
16
0
0
0
205
0
0
1
0
37
0
1
0
28
55
3
0
0
0
0
1
16
0
1
0
0
0
0
9
2499
43
28
266
0
2
0
83
0
1
0
0
16
5
22
261
8
965
0
0
0
0
0
0
0
33
1
0
0
3
25
0
1
1
0
2
9
0
3
0
0
0
0
1
0
0
1
0
1
26
1
0
0
0
0
7
0
0
0
1
0
5
0
0
18
399
12
1
2
3
150
59
38
5
0
0
0
2
0
0
0
298
0
570
1
0
4
34
1
1
0
0
1
0
0
0
0
0
0
0
0
0
0
1
1
0
0
12
0
0
34
0
2198
10
42
0
1
0
0
0
1
0
0
0
0
1
0
44
16
0
4
3
0
1083
1
0
1
84
13
0
14
7
19
33426
64
0
1506
2
0
244
0
0
0
0
0
0
0
1
0
0
1
1
0
1
0
0
0
0
0
0
0
0
0
0
0
0
0
0
0
0
0
1
0
1
0
0
1
0
0
0
0
361
16
0
2972
0
0
0
0
4
21
0
0
0
8
0
11
10439
3
26
254
0
8
63
1
0
6
4
0
0
0
1
0
1
0
0
0
2554
1
2
0
0
0
20
0
1
0
0
0
3
23
0
1
0
0
6
0
0
0
0
0
0
1
25
2
0
0
5
14
0
0
7642
3
1
0
0
8
14
1
53
22
0
72
0
0
21
33
0
1
5
325
26
1
1
0
0
0
0
1408
957
86
28
0
0
0
1
0
0
0
0
0
0
9
0
246
0
306
0
1
0
1
0
1
0
0
1
0
1305
0
0
0
0
19
2918
0
1056
4
1
0
0
65
84
13
4
87
1
0
30
1434
374
5
130
0
0
1
0
1
0
0
1
0
6
4
1
33
0
0
0
0
0
1
0
0
0
1
0
0
0
0
0
34
0
0
1
1
1
21
3
0
0
0
4
0
130
0
0
872
2
0
0
55
54
15
1298
49
0
17
36
1
232
13344
8
1
101
0
0
1
1
0
0
0
0
0
0
0
258
0
0
0
0
0
0
0
0
8
0
0
1
0
1
0
6
0
0
37
0
0
0
0
0
0
0
0
1
1
0
26
0
75
0
0
0
0
0
207
0
0
2
29
0
327
77
51
2
4951
856
0
2
19
50
2
2
236
0
0
0
0
0
0
0
0
7
0
5
0
0
0
0
0
0
0
0
0
1
1
0
778
0
11808
1
0
0
0
0
1
0
0
0
0
0
0
111
253
0
0
0
815
5
0
0
6
0
0
0
262
0
0
8
4
18
12
1117
1
34
0
0
0
0
0
0
0
1
0
1
25
0
0
44
0
0
30
0
1
0
0
0
4
0
0
1
96
0
2
0
0
1
0
0
25
0
0
0
0
1
1
0
4575
0
4
0
5740
85
8
0
22
231
45
6
879
12
2
0
0
0
1199
1
20
7
1
1
0
0
0
0
0
0
0
12
1
0
0
0
0
0
0
0
0
14
1
0
0
0
0
0
5
0
219
1
0
0
0
0
0
0
0
1
0
0
0
48
0
8
1
272
3
4
32
71
2
10
0
2
4200
0
12
6
0
0
35
0
0
470
0
0
1
1
0
19
4
0
0
0
0
1
0
1
0
0
1
0
0
0
0
0
1
1
1
3
0
4
0
0
0
0
0
0
1
0
0
0
0
0
1
20
11
29
1828
0
0
0
1
0
0
0
31
8
0
0
0
243
0
3
3
1
0
112
12
189
0
0
0
0
0
0
0
0
2
38
2
10479
1
0
0
0
5
1
0
0
0
0
0
0
0
1
0
0
0
1
0
0
0
0
0
0
0
1
0
55
24
0
18
7
255
42
263
428
1
0
1
3
149
143
3
2
619
371
694
0
0
29
101
2
0
0
3
1
1
0
0
1
0
0
0
7
0
0
0
1
0
36
0
0
0
0
0
1
0
0
1
1
0
0
0
0
0
0
5
0
0
0
1
0
34
12
38
18
119
0
0
50
76
27
0
0
1952
0
1
0
29
0
0
3
148
16
362
2
1
0
0
1
0
0
0
0
0
1
73
533
0
0
1
1
0
0
0
0
1
0
0
0
1072
0
2
0
0
0
0
0
1
1
0
0
924
0
0
1026
0
45
1
0
0
0
1103
14
0
8
2
0
196
0
0
1
0
0
0
3
0
0
12859
5659
47584
5385
5211
5990
38
11
3566
28
5104
2270
28
75
1612
1612
5104
22963
100
67
11658
67
169
1118
0
16
320
119
147
11936
8307
1612
1612
164
320
84
3566
320
119
100
0
18550
20473
917
16824
7071
5302
4
44353
495
169
2890
8435
7787
0
36859
6805
21
1439
9368
2225
28515
8361
9005
3062
53
18
7
2204
207
36
28326
2210
39183
0
21
39183
0
11
1023
182
16591
38
4551
1208
4667
45
11291
91
2883
47
82
185
6
3656
11
11
132
4
29
2
5875
3937
172
826
1066
29
2
2
21425
0
4733
0
1903
338
18
4
1462
1940
2
0
223
96
1239
29311
74
17080
15143
1
113
1
0
184
35
25
34016
3
0
333
34895
0
111
0
43
293
158
885
4069
2535
486
8
332
4869
5
0
29
14273
0
0
0
0
872
0
0
0
3
153
18
1093
690
29
0
0
47
8140
0
2
243
2
282
0
1699
4
290
2399
227
39
4
203
0
0
141
12
0
2749
1
0
0
0
0
7231
11359
9937
0
11359
31
0
30
72
806
6
18
55
2899
1434
0
583
195
120
249
1
79
444
26
26
850
13
0
26672
11042
922
0
1457
18
546
10947
0
9
157
0
78
2
37
1
4
1
0
0
3163
14
274
456
10679
9990
7
15
0
0
0
35
7
0
0
0
0
0
6
1780
0
0
0
1
45
1
23147
2046
3107
40
9
110
81
0
640
671
0
2
3600
808
629
0
1
16893
3812
745
0
117
2288
2873
30
287
1061
4475
0
12
1
3894
2003
191
1
0
30215
31
7700
35199
6643
4
45
2
0
2
172
0
413
3
22615
821
4
7737
0
336
8453
0
336
4
38
409
0
1
173
2419
5
10
2453
2458
4
242
0
321
450
0
4
6
0
1
0
436
0
1
0
1
4857
0
6166
144
3752
1
2793
6
194
0
0
0
70
28
163
6
15
60
3
1
104
37
37
588
8
0
170
1
0
0
15
0
0
724
0
181
6404
537
561
0
18
109
2258
5
0
41
225
4538
2
7
17
0
285
53
21
0
245
140
5
1
0
34
1
17373
256
3
74
1217
5
3460
34
6969
2715
537
0
515
12
770
26
0
0
6
313
44
117
10821
0
1
922
0
11515
2731
296
67
5
443
60
72
0
1210
3
7
0
288
359
1066
266
392
2
2
1
7
57
13
1
4
4
56
511
0
700
33
8
35
3
18
1599
4800
9
56
175
175
0
0
23
2
50
1
3
5
1
1
24782
0
0
35
2
0
0
364
0
162
4906
1121
27
51
2514
1311
4
413
487
85
0
1
23
0
5571
0
3
1
2
277
5
0
0
760
3
0
9
476
0
13
3
30
0
0
2
0
1
659
3
3
3
2
0
0
0
55
5
1977
22
0
7
2
666
1
4
0
0
1
0
424
2058
52
0
0
2
471
14898
1
1183
1
7
0
0
0
1
1
0
0
109
1
0
44
7
2
6
2
0
0
1
103
43
320
288
65
12
0
3834
0
0
3
148
0
3539
0
0
3
0
5
132
0
45
11
1468
0
1807
0
0
1
0
13601
0
248
0
0
2
0
3
0
0
2
2004
16563
1138
10605
9
247
0
0
88
0
0
86
87
852
19
19
4933
9
5
2
1
106
1
34
2015
4
0
131
0
0
0
0
4492
2
0
8
0
22
4
1
5
97
170
8
4
3
3
1483
25
53
3
506
1
149
0
6
1
20220
538
2
25
0
50
0
167
342
63
1465
1
1870
0
0
0
0
0
0
24
9
1263
0
28
5
0
13
407
0
1
0
1408
6374
0
1
0
0
0
2
561
0
1
6
4
29
15
2
9
2
7
0
1
6
1
0
590
2
0
1
609
0
0
34
6
38
6
1
0
1690
163
11
81
9
0
3
0
0
0
1
0
0
1
0
2
5587
0
0
0
16
0
2
1
17
54
8
406
9
200
66
1
1
0
10
0
3
226
1506
344
4
314
7
0
0
0
0
501
0
7697
81
6644
0
54
271
2
2
0
2
4
1
0
0
0
9
2504
649
7
1456
0
11
0
0
0
209
0
1
0
0
0
14
17
17553
15
0
12
3
1
34
68
4
484
5
578
8
374
0
1
28
1
1
1
5
53
237
2523
2
130
7
24
115
178
0
4913
0
249
7
2
201
305
3
170
2
6402
0
0
599
0
9
4
352
25
0
8078
2
8
2
1
0
0
4
3
1
0
0
5839
0
0
0
6
0
16
343
66
0
10
0
4
0
0
37
34
1
0
23
1
0
4514
0
847
0
0
441
0
29
2975
1
63
0
2
1
0
0
0
15
1
1
42
10
1
2041
3
21
5
0
0
69
13
0
0
0
29
0
0
0
487
0
1
4
2
3135
0
0
0
1
18
42
0
1
7
6
5095
13324
0
0
0
302
43
1
1496
0
752
0
1
5
0
0
0
0
5
0
4
0
6
19
3
1
0
3
14119
10
20
136
0
1061
189
1
0
38
9
165
113
5
8
0
0
0
1
0
5
57
25
32
0
21
0
1
20
663
0
0
0
0
9
0
3192
0
0
779
0
0
2
5
10
116
0
0
2
38
0
3
2
0
9
0
255
573
1
0
0
93
402
0
0
0
2
14
2
1
0
4
245
0
0
28
30
346
0
0
0
0
181
0
1700
0
0
20
75
190
1075
0
515
0
0
0
0
1
14
10
293
663
2
429
1
657
9
0
24
131
0
6
5
4468
22
9172
9
400
1473
4
94
0
1
8
13
16
0
6
36
7
23
465
7
2
96
1
712
24
1330
5337
515
1
25
140
0
0
0
0
0
10
0
1
0
7
736
16
1
7
1500
7
0
204
2
47
26
553
0
66
1
0
1
0
1
6
0
1
7059
196
1
237
0
1
46
451
111
1619
19
1
0
22
1
4
1
0
1
1
9
98
1
165
19
1192
15
2
1
62
23
0
0
0
0
0
0
174
0
19
7
27
8
0
2
0
3
11
10
107
0
369
9
21
59
0
1
2
1
0
16
0
2
0
139
3
0
273
0
1
9
10
24
1191
0
2
4
0
1472
104
0
77
0
0
0
0
4
0
9004
608
10
39
17
0
0
0
0
200
0
0
0
716
0
6
57
0
0
0
0
9
2
0
16
0
1
255
2
31
12
0
1
42
18
1
383
0
7
341
0
4
0
22
0
1
0
0
0
100
3
0
0
1
0
27
185
0
8
148
0
5
0
3
6
1
2
209
12
0
18
0
0
0
31
51
0
0
1
1
0
0
0
1
0
0
0
2
41
0
1
123
0
598
0
0
0
429
965
5
4
0
0
0
4
34771
1221
13
0
3
0
5
16
0
0
0
2
1
3
1
1
6
17
3
0
0
4
0
1
2
58
13
8
209
0
0
110
0
1535
0
41
0
1
0
471
0
19
4
702
4
1140
4
50
4
2
2
0
4
0
0
11
8578
13
0
0
897
0
9
9184
7
1207
0
12
16
0
1
26
2485
733
1117
0
1
123
0
87
3
25
21
0
10
0
5
7
4
274
320
82
0
20
0
0
0
4714
0
6
0
0
37
69
476
0
8
3406
0
93
7
190
131
4
0
0
8
329
20
0
1
23
1
4
1
3
0
4440
2123
379
0
260
0
0
0
8
1316
500
0
0
185
2
7
52
3
0
4
1
1
3
443
0
1177
276
0
1
170
30
1302
0
0
8
0
0
0
12
2
14
1
1
0
122
0
18
0
10
825
160
2
23
11378
22
0
270
4
0
61
0
26
14
63
462
210
2
4
1
6
0
22
1
42
1011
58
0
0
0
233
0
0
43
8
0
13
0
25
402
944
66
0
6
0
161
0
0
0
1
0
0
57
0
459
7
4
6
0
5
0
15
4
226
1967
5
109
1871
8834
0
0
466
7
51
19
1
17
0
210
0
1
18
1
57
17
10
2
1
16
0
1208
9
2
0
4
4
0
0
5082
4
0
0
24
588
26
28
0
0
0
0
1796
0
0
0
0
1235
0
6
152
108
0
2571
0
0
0
200
0
2
1259
31
0
136
1481
20
0
0
1710
3
278
39
0
1
33
0
0
0
0
3
508
356
3893
0
1
2305
0
1113
0
1
460
5
4959
1
40
0
0
0
1
921
1
0
14
10
25
496
0
0
104
0
0
18
0
43
1
9
863
1
2586
0
16
14
10
7
50
0
781
3814
1675
382
1
0
3
0
1
6
540
4
268
0
0
0
26
301
12
0
6
0
0
0
4
88
0
1
0
2
42
1127
0
4
355
1
0
2
676
0
81
27
35
9
0
0
0
0
12
1
0
26
1
1213
0
4
2
0
0
5075
7
0
4045
0
547
0
12
2
0
0
0
8
0
3917
0
0
1
31
36
69
0
0
85
36
195
0
2
1142
0
0
0
1
1
0
32
0
69
311
1566
6
0
0
0
261
153
952
447
0
0
2
0
25
0
24
1
0
0
1
0
0
0
0
0
0
0
2
67
0
135
0
1
0
69
0
0
29
18
0
0
5140
0
6
324
0
0
88
4
5
22
2692
0
3
28
0
1
4
12
11
724
0
87
2
0
20522
79
19
48
148
27
293
11
25
7011
1
0
0
0
369
0
0
3
0
0
0
0
0
0
8
0
2
15
0
2
798
0
0
0
1
28
6
0
0
0
1
10
0
0
4
7
3
0
2
2
749
0
1
2
236
0
0
1134
1
7015
0
2198
54
136
440
0
0
1917
0
326
1
0
0
0
0
0
0
0
3
69
0
318
1
0
3
0
6
0
1
42
0
0
1179
1
204
0
8
0
0
1299
1
4
1
0
20
0
10
0
2
86
2
113
0
228
659
0
0
83
97
1
1
1
0
1
0
27
0
2
0
0
0
0
11254
0
6427
0
50
10
2703
0
0
0
0
0
0
56
5
4
0
0
0
978
3943
0
0
1
4
0
0
0
16
52
0
1
3
8
19
0
1
24
653
520
82
1
4
1006
2291
1533
1
0
2627
1
61
0
3584
1
35
1
1
4
0
6
1
1
0
0
5927
14221
8457
1
0
0
1316
0
0
0
0
0
1
0
2
2
0
0
2
2
304
10
67
0
0
6
39
1657
67
0
0
4278
9
42
6
2
107
0
0
4
955
1
1
1
1
0
6192
1
0
0
0
0
4071
0
573
48
33
1
0
0
2
1
0
1
2
745
2
0
6
0
0
30
0
0
7
49
0
6
0
2
5
0
0
1
1
0
7
0
12
651
6
0
0
5
0
0
163
0
5
1
109
1420
1344
14
3
66
151
0
1
29
0
3
372
1
9
0
0
42
431
0
0
101
0
0
114
4
1416
30
1
125
0
3
2
0
0
0
0
11
14
0
0
0
1
29
0
0
0
1
0
0
5
0
117
486
3
60
0
0
10
4729
48
8
332
6931
43
0
0
39
2
0
0
3
1
3
580
22
0
0
2
0
1
7
204
56
0
0
0
3
0
1988
2
0
0
1
0
0
7
0
0
0
27
0
56
6
0
0
0
1
64
0
28
0
255
7
5
8
3
0
0
81
4
3
500
8952
1
1
0
2
0
15
1579
43
260
0
1
0
7
0
9
2415
0
731
4
1
3488
0
41
0
0
1
3
0
7
30
548
4
1
12
0
0
3
29
5
0
0
0
0
0
0
7
152
1
10
0
0
0
107
2
0
23
2
21
0
1
6
0
1
1
2115
2
31
1
31
0
0
37
16
8
1289
0
81
42
0
1225
0
5
0
5286
0
0
749
111
32
28
11
1
19
0
337
0
1792
174
1406
1
9
2
0
0
0
0
0
3
19
0
0
135
1293
0
0
0
2
1
7
456
135
0
495
0
1
2
0
11
27
519
0
25
5
0
0
19
0
0
0
0
0
0
0
27
448
2
0
35
0
0
0
0
277
0
0
6
544
8
808
0
0
7
0
0
0
0
1
0
0
0
5
1
529
0
0
34
9
0
0
0
0
41
1
0
6
9
38
315
0
0
0
0
5
18
3382
524
123
0
1
7
1
17
1
1
0
0
2116
1593
0
15
7
52
98
52
3
0
0
0
61
30
0
0
88
0
23
2
17
35
0
0
0
0
0
0
2
8
1
19
0
1
320
0
0
1
105
1454
115
2302
0
1
0
986
0
25
0
2
0
0
60
0
1
87
1
401
0
0
1087
6
1
3
0
15
743
3
259
2
5
0
0
4
0
1
6
0
1
109
23
1552
0
1
0
1
0
0
0
52
0
0
0
0
0
862
4
0
4
0
0
75
1
0
1
3
110
2
1
2
9
0
1
88
5
4
41
7
6
347
2302
756
0
6
0
372
0
15
780
2
0
4068
7
0
19
3
0
0
0
0
8
0
2095
0
15
0
286
4
345
0
29
0
0
0
0
33
0
35
0
0
2
339
4
0
0
185
122
0
0
1841
0
45
0
14
0
59
0
1
55
24
0
417
0
100
20
1
2
0
14
1
156
0
21
6
0
1
10
61
55
2
83
0
0
2
2
2561
4363
0
119
21
374
100
326
4
0
0
0
553
10
0
0
0
0
0
0
4498
1
0
0
20
18
179
1
6
29
2
0
144
0
2
0
1
1
0
406
0
12
98
56
96
0
3305
0
1920
0
28
38
8
8
512
1
0
3
13
1
17
354
0
1
527
0
22
0
0
231
13
186
1
20
108
8
24
0
0
6
1
1
43
0
193
0
0
0
0
2
15
33
1874
2
14
384
0
0
0
0
2420
77
2
0
7
0
41
0
1
1009
3
451
260
1
0
0
0
95
348
0
17
20
4
0
45
61
3
0
0
85
3
7
10
13
0
16
2
7
0
0
14
0
0
1
1
0
0
0
5
0
191
61
1
1
25
31
0
414
720
36
0
16
0
0
1
0
0
2
1
18
5
4017
0
3
0
256
855
2
213
224
2
0
193
1
0
6
0
499
113
4
5
2
0
1343
0
221
0
1
0
2
0
0
0
1
6
0
0
2
0
0
80
0
26
0
1
0
0
2784
32
0
1
8
1
0
0
0
0
0
1
0
31
0
3
87
2
0
0
989
6
1064
3
0
1
101
0
0
37
6
4
1
44
49
252
97
0
106
1
74
0
266
0
352
0
345
54
13
0
0
27
0
0
0
0
0
199
1
10
0
0
0
0
1
3996
0
132
2
0
1
0
302
0
277
183
3
0
17
46
0
14
1
51
25
0
0
0
8
0
0
189
120
4
1
0
3
152
1
999
1
2
7
0
20
2
5
0
0
86
0
0
2311
0
0
9
0
0
10
0
0
3
0
5
1
18
0
911
1
5
47
129
14
0
0
0
0
0
0
195
0
0
1
1
1
53
237
0
3
52
71
15
0
1
0
225
2
26
0
1
0
2
0
4
0
175
0
14
0
159
3
0
9
7320
7
1046
1
0
0
0
0
6
0
0
1
0
0
9
6
0
0
0
4
7
198
13
20
1
0
960
2
1
27
876
1
0
1
1
83
53
9
0
0
18
3
13
109
0
0
0
118
1
0
0
0
0
0
888
1
250
0
49
4
0
0
0
0
4
24
173
34
0
0
0
4
0
2263
0
164
0
0
0
0
1
0
19
2
0
2
4
21
0
0
0
0
0
0
1
0
3
2
60
4
1
37
144
0
0
3
846
1
0
0
0
3
9
0
4656
6
5
2
108
926
0
54
0
16
0
10
9
55
2
65
7509
0
13
0
0
0
0
5
6
0
1
0
13
0
0
0
12935
0
19
6
10
55
0
0
315
0
0
1
0
5
0
4
245
1
3
4
1
6
0
2
0
20
2
2
0
25
7
254
715
27
279
6
0
0
0
145
54
1
0
0
784
1341
143
1271
31
128
0
0
0
0
0
0
0
565
27
1638
0
0
0
6028
0
0
1
1
0
1
14
294
1
0
0
0
0
5
4
0
5
0
12
2
138
1639
27
208
21
9
63
0
0
8
0
3
0
3
0
0
1
0
113
1
92
73
1
3
2
2
0
600
17347
161
0
614
24
0
0
0
0
111
0
0
189
0
0
0
0
0
339
0
0
0
0
20
0
2
0
0
7
0
16
0
0
0
3762
19
2
18
1
0
1
3
3
0
45
65
0
8
0
9
0
3
8
0
10
4
0
0
0
1
0
0
3
1
1381
381
0
35
0
0
0
0
0
4238
0
0
1076
0
1883
2
1
4
8
37
3
10
162
0
0
0
0
0
20
1
0
1061
3
4
101
106
15
164
1
0
43
27
8
624
0
145
209
0
138
4901
100
0
210
2
0
0
0
0
6
0
4101
12
6285
7
0
2074
0
20
0
0
0
4
1
4258
0
22
1
0
6
0
1
2
3
3
31
877
1
1
66
0
422
0
1
280
2
0
1
58
0
5
0
1
5
0
3
8
0
28
0
47
234
0
162
4
13
2
4
155
2
1
0
0
20
12628
0
36
1
52
0
466
0
6
0
0
52
0
0
0
0
0
8
0
1
1617
1260
2
0
0
0
266
316
0
0
0
0
0
0
21
2
0
590
732
3
48
193
7
0
33
146
0
26
1
0
0
1
1
79
0
3
0
0
25
0
0
8
5
1
45
843
0
429
0
67
5
0
45
0
63
0
1
441
0
0
10
2
0
0
10
1108
117
282
0
2
0
26
0
244
83
0
80
33
113
1
125
0
245
766
0
0
3
4
0
294
0
1
0
0
32
1750
1
0
5214
2
7
46
451
2
1
137
141
109
2
0
28
16
26
101
0
33
8
0
0
0
0
0
0
0
69
0
379
15
2
0
219
3
0
0
8
15
0
13
0
0
0
3
1
0
1841
299
3
945
2
0
195
20
4
2
0
3
1
0
1
25
0
299
1
104
0
2
122
175
31
6
6
334
17
3
0
1
0
3
0
0
0
0
0
0
107
0
0
1
0
38
0
2
1
28
0
6
22
289
172
11
0
12
4615
0
310
94
0
1062
115
0
2
493
100
2
0
0
1
5
0
3
0
19
3
8
0
6
25
2
11
1
0
0
1
0
0
72
6
3
0
0
0
0
875
0
0
30
0
0
0
0
0
2
34
143
1
0
0
240
0
0
0
0
0
1
117
1
0
6
21
0
2
131
2
0
4
0
0
0
32
0
1
1
3
10
42
0
1
0
2
1
2
3
1
474
0
1
1
103
0
0
30
0
0
6
0
0
366
0
0
0
0
0
3418
0
0
0
3
101
0
1
0
84
0
0
0
1
0
6
87
1
0
0
6561
2
4
17
8
7
16
0
3
2
4
42
1
3
1
24
0
0
3
96
0
0
5
3
0
345
0
0
57
0
0
0
0
7
10
19
15
292
0
0
0
0
0
0
0
7
0
3
0
31
0
0
0
0
8
0
0
1
0
3
0
3
0
0
1
0
20
0
310
14
8027
100
1
0
1386
11
0
2
0
0
0
0
5
4
1
0
4
12
0
3
0
137
3
17
2
1
570
150
10
0
1
0
179
0
14
0
0
33
0
0
0
0
5
2
0
5
0
0
7
4
0
0
0
0
499
4
0
0
7304
1
1
0
0
1
1
138
0
0
99
17
426
176
6
150
0
1
0
2
0
0
8
1
0
14
653
0
25
0
50
0
157
15792
4498
45182
21425
6
1446
2135
2776
14022
14845
160
6
12265
44794
12859
0
573
5104
48
37739
314
1276
274
48764
274
9005
14099
13847
155
3726
949
390
160
12662
24267
12690
6
320
5813
4712
1709
190
3919
8294
17037
10527
14307
31998
73
16133
12859
38
6
10983
5981
16577
38
766
18002
1234
638
14365
50
0
1
2
9381
0
0
3794
165
873
51
3862
158
0
3
4
146
826
17
1669
279
24
22
3628
1531
4
1
40
0
3
13
8
0
933
10619
75
438
30
238
253
0
3
20
86
726
27
9373
5
14
3
99
33
4286
3
25
3
1
0
2
110
9
2571
6336
12
752
3028
3850
179
91
0
0
862
3
1
1
118
1
0
26415
14
343
11
26469
116
2094
59
4205
0
54
165
4635
18
2
5224
0
1
4386
14
11609
2
4
4556
2702
2
19
21031
269
37007
4
7
715
14214
291
6
4851
731
48
31
0
159
240
1210
803
0
7
6391
0
0
3
1
753
1
502
1678
7
6
22
33
3
690
9
1
0
0
5
18
60
0
9101
4
3
0
1
16
3
0
0
0
39
0
166
0
3
26
0
1522
1
0
60
22054
23250
13
169
46
3
12
7
13092
8126
2
6
1
9379
0
0
43
712
245
8
743
90
4324
450
2
2
0
3
9
3676
2
5362
0
1
14
1
13542
66
5
0
1
15
0
0
137
6
0
1
4
2225
0
513
23
1440
27769
5833
438
60
841
51
4
2
187
9736
4
55
0
342
2456
2
109
2
68
1
3669
34
0
32
108
0
7
748
2
0
13
166
3968
35
0
1
4
2
10074
2
0
657
0
2
0
296
0
22
0
1
11
5301
0
3
603
13
1
6
0
0
1556
3162
667
28
8
0
846
305
1
15777
8
37
0
676
29
20
4
300
1666
0
1
251
6
6
136
20
2110
1
4222
7805
17
46
0
4
298
1
3
179
6
0
5
1
206
5
0
0
2
6
343
108
229
288
0
0
529
6
0
6
37
134
4027
241
0
207
2
936
1
183
12426
163
1
2
0
275
1724
237
0
46
0
3
2
1
3
14809
0
4
2
2767
1
71
4
0
14
1788
21
2
0
9
1301
71
0
0
8
367
13
250
0
233
89
7
138
0
17
0
0
0
5932
1
1
0
5717
6465
32
0
1341
3
0
1
37
9
17
0
1
25
1
3
9308
0
3
1
0
0
0
109
16
1
0
5
0
1
8
170
7
1
8332
0
408
0
2
17
0
1153
0
4
0
1
134
196
12927
202
0
54
6
1
0
1
0
72
1629
147
61
2
6355
2
5
0
211
0
3
1
3727
107
0
2
37
1
142
215
5
0
102
3
0
2
1
10
2734
1
65
1404
0
2
3
2
72
4
1732
0
4
0
12
1
1
9
393
0
0
82
1
8
0
0
10
127
0
3
2
0
2
152
1
16
23
34
7
0
0
14
9
5
1
13482
9
23
113
4
4
0
1
527
0
0
0
48
2
0
149
5
3
1623
15
1
0
222
0
0
0
0
2
0
210
0
6
2
154
1
3
2
398
176
2
53
23
11372
0
2644
188
0
0
0
724
3
4065
3
659
1
1
1
0
5
11
0
2
2
1
233
6
133
0
5
26
0
0
1412
2
155
0
12
2
6
1
0
0
82
2682
1
18
130
493
324
39
17
0
743
77
357
11653
59
1
4775
859
29
25
5
2
0
2
632
16
173
0
24
0
23
0
2
24
33
43
132
20
4
1
1330
1
1
7
5
125
82
14
1657
64
0
1
0
0
1
72
20898
0
20
323
366
0
8398
14
21
2
8
0
0
1
56
0
0
1
6
0
0
48
55
1
314
63
1
1
2
0
0
7
0
8
1475
87
2
1
0
134
1630
159
9
1
182
32
3349
0
61
1309
1
42
21
3
0
0
253
3
0
0
0
7
296
9142
0
0
283
1
0
2
1042
0
1
1
1
5
10
0
84
2
7
0
3
0
0
577
0
1
1
0
0
1907
6829
215
2313
1
153
14
27
0
0
0
6826
1
0
0
55
454
9
210
0
1
0
246
0
2
396
0
0
354
5735
17
0
14
1
1
150
0
63
9
0
0
0
338
0
41
96
2
114
5
34
72
4
1
2
2
1923
0
3538
0
53
0
12
374
8
93
40
3
38
1
2
0
1
89
0
88
69
202
52
0
1
6
9
0
1
78
767
1
0
18
1
42
0
950
2946
0
311
2
0
0
33
500
11027
0
36
1
1
0
1
0
3
4
3858
1
201
17
4
2
2
1
1
120
15
6
55
20
0
0
6
0
1
8
5
4
7
0
0
144
3
0
42
0
0
5
2
0
0
1
2152
0
64
4
45
0
734
99
0
0
7
11
15
0
0
148
1
11
88
0
4
0
0
6326
0
36
1
0
101
4
51
8
17
0
0
31
94
1119
0
0
3
1
0
1
36
20735
0
1
0
11
0
6
32
0
78
1
0
27
63
0
56
653
467
793
0
0
0
1
0
0
59
79
2
0
5
11664
0
1
0
0
66
1123
0
0
0
3
219
151
11
0
130
36
1
32
0
4
0
170
0
0
0
194
0
0
4
0
0
0
0
381
0
0
0
4
29
0
821
0
1627
4674
13
0
3
38
4
7
4
28
3
69
0
0
10
0
1
6
0
246
3
336
4
0
0
18
0
0
7316
0
0
403
0
10
3
12
0
568
8
0
86
0
1
0
96
0
3
0
2
137
0
2
26
154
0
0
4
8
1811
16
0
5
5
0
0
340
0
17
18
0
2
4
0
43
0
1
2
27
2
1
0
0
0
5
3
6
30
12
1
0
18
22
5
0
0
0
0
0
14
1
0
0
1
3
4
18
0
0
16
0
38
0
0
11
0
0
0
5
70
2
39
59
343
20
100
7592
58
1
0
48
0
0
1
0
192
67
1363
84
521
1
0
12
1
0
0
3
0
10
1
32
72
2
1
10
6
2376
122
4
11
0
19
246
1
0
0
1
3
0
1
3
5
0
173
58
1
925
193
52
117
4
0
0
1
0
2
618
0
0
0
806
11
0
0
2
0
18
151
2
548
2
103
19
360
185
0
5
0
0
0
3
0
123
1
0
0
0
0
6
0
5
33
138
3
0
263
0
21
1
0
0
2
10331
1476
0
1
3
0
12
0
129
242
6
2
0
2
0
0
4
0
0
4689
5829
87
16
0
0
11
1
21
22
0
0
5
59
0
5510
0
225
6
1
95
5
2
0
3
1
0
0
1
77
0
0
568
0
0
0
35
81
1810
99
0
5
136
14
6
2790
789
1
2
7
18
181
189
8
0
5
1630
1
0
63
74
35
109
1
38
10
11
93
0
0
0
0
0
1
432
21
0
1
1
0
9
0
15
13
4
76
2
8
0
0
0
1
0
0
0
31
7
64
3
18
201
0
0
0
1
2868
1
336
0
2
1189
243
1
1747
0
0
28
3
0
0
14
47
3
77
9
0
9
1
472
1
0
147
6
68
0
0
2
0
1
57
5
205
0
1
0
27
0
0
0
1
0
5
19
17
0
293
0
0
2
1
0
0
177
2
0
1
0
5
16
7
1
82
1
0
3
17
0
0
14743
0
0
285
440
0
2
3
4
0
0
0
295
30
3
0
2
0
31
1
0
56
0
2
9
0
15
0
0
0
21
2
3967
5
3
547
0
0
1
2
4
0
118
3
0
0
2
3
0
669
22
0
4019
0
33
1
0
0
1018
2
0
17
6
486
2305
2
0
2
92
0
9
68
4
0
15
26
2
154
1
2
0
32
0
0
9189
0
3059
11
0
110
75
7
1
1196
139
6
0
8
0
1
0
2
34
11
0
5
0
0
15
2709
7217
0
44
5
0
2
0
10
0
0
7
0
3
0
2
0
0
0
5
1861
388
23
1
581
0
0
0
105
0
127
0
3
1
0
193
0
0
0
927
2
0
723
0
18
1
6
3
17
0
99
85
0
0
9
285
312
2
586
179
1
0
19
0
3122
3
0
2
7
3
146
39
1
0
279
2
0
0
4
2595
0
0
1
12
44
3
29
7
0
0
3
1
6
11172
0
0
287
304
0
1
128
0
5
0
0
750
0
20
71
5
0
3
0
23
0
0
0
1
0
0
6672
0
201
18
1
9038
0
0
7
1
0
123
4
2
13
1
0
394
2
6
4
164
52
1
6
528
2
5
65
0
0
2
39
0
5
1
15
688
0
0
1
2
1
0
0
0
36
42
1290
0
0
0
58
8533
0
0
269
271
15
0
2
0
0
0
21
0
216
1
2
16
13
0
0
15
2450
34
301
0
52
30
19
2
55
0
0
2578
1
0
66
0
0
0
1
6
31
1
0
1
5
0
0
5
0
68
0
729
2
1
15
8
21
1
0
0
0
2
3
0
5
9
6
0
0
17
4
0
1
0
21
0
68
62
1
0
1
0
117
111
11
0
129
0
4
11
12
0
0
77
1
1513
0
4
230
20
3
34
0
39
0
0
1
7
0
2
113
4
1
1
2
1
19
4
133
2
128
0
13
0
5
0
0
1572
0
3
0
5
0
0
7
1157
4431
1
0
0
472
2837
0
0
2
0
18
8
1
224
71
0
6
0
17
8
6
0
0
110
1
30
14
0
9
5
23
19
2
1
112
5
6
3
26
2
0
13
453
1
8
0
16
0
0
70
11
0
51
1477
0
0
18
1
8
56
30
2
0
4
272
42
45
0
4
4
0
0
25
0
0
1919
0
0
228
0
0
361
1
0
0
0
788
0
468
0
2
12
0
0
5
40
2
0
29
16
2
3
0
0
0
2
1
301
99
203
0
5
1382
0
251
4
70
1
8
8
6
99
0
0
0
1651
0
176
5
0
2
0
17
327
55
0
2
0
1
0
0
0
0
2591
664
6
0
0
13
0
6
6
276
0
5
3
0
30
23
109
0
1
0
1
2
0
0
0
264
5
5
0
0
1
2
0
7
30
0
115
0
36
1
0
0
0
0
707
43
0
20605
14
4
1
2
0
0
749
2
0
0
0
0
681
2
0
67
4
0
256
0
0
0
5223
3
1
14
6
0
0
329
38
0
1
250
27
2
0
1
11
326
49
3
0
1
1
31
4
0
276
0
0
0
0
358
557
1
57
0
674
0
4
0
0
154
1180
15
0
160
0
0
2
0
26
0
1
5
0
19
0
45
4
44
9
4
163
1
6
1
0
0
0
1
531
0
0
0
12
0
0
1
18
3
0
15093
45
1
0
15
768
0
50
1
1
0
0
0
2
145
1
0
160
13
25
4
0
5
14
3
0
0
0
63
0
195
109
0
0
3
0
3
4
0
1835
0
17
3
489
0
3
3
251
26
621
0
0
0
3
88
0
58
270
5684
0
13
0
3
9
9
12
107
1
86
18
0
3
0
1540
2
0
0
1
0
23
4
0
1
0
112
0
3
9
109
2
27
2
0
2
0
0
17
49
235
0
2
84
0
3
151
0
3
763
1
0
0
0
12
1
316
649
0
21
6
0
38
0
56
0
9
0
1
2
24218
0
65
0
0
0
0
0
2700
0
52
0
2
0
1114
0
69
3
2
5
174
2
0
7
4
91
1
5
7
0
0
2
0
0
6
2973
0
16133
472
2
0
9296
0
149
39
0
49
0
0
0
0
3618
0
14
19
1
0
10
4
0
2
49
0
0
552
0
8
370
32
33
25
97
2412
0
5
429
1057
15
670
0
0
2175
0
1
0
5
9
0
8
41
2
8
9
3
19
0
4
0
0
10709
22
0
1
1
0
263
0
0
1
1
0
0
194
1
3
2
0
0
0
0
1
1
0
0
3
4
62
63
0
0
135
4
0
0
29
0
0
0
11
0
58
54
2
5
0
21
0
4
97
16
0
29
2
34
55
1
100
1
18
148
0
0
215
24
327
465
0
5
0
0
240
6
0
1482
0
5
0
4
0
0
6
0
0
0
0
0
0
0
3
13
0
415
1170
0
0
0
2
0
0
0
0
35
95
0
0
1249
1
418
38
3
0
1
7
1
192
5
0
133
845
0
3855
0
1
2
0
208
130
0
9
37
30
1
0
1
328
0
0
0
0
0
9
135
5512
0
9
0
6
10
0
9
2
11
20
0
1
0
2
315
0
10
1
1
5
2
1202
1
0
25
10
553
0
260
25
0
28
19
4
13
5
524
36
1
3
0
2
76
5
0
8
1394
2
0
2764
2
766
164
5836
1
17
0
0
3
0
0
303
0
212
0
27
1
3
0
5
2
1
34
1
22
75
0
14
183
3
81
71
0
0
0
240
0
1
1606
17
3
1
22
0
0
0
22
0
9
4
1431
0
2
0
99
18
34
11
1
0
13
0
1178
1173
0
1
0
0
5
0
0
0
0
4725
5
0
0
2
0
0
67
5
0
4
3
0
460
0
0
113
1
1
0
0
0
0
4
0
1227
0
0
30
1
46
0
42
29
1
14
122
15
1
1
1
2
4
1
137
0
0
212
1
2316
13
0
0
26
24
47
76
0
3
1552
0
0
0
0
1767
20
0
7
19
87
1
65
5
4
498
0
280
6
0
1
97
555
14
2
14
0
0
37
0
0
5156
284
3475
177
24
87
0
0
2410
0
34
0
0
0
0
65
2
61
70
92
242
0
131
14
20
0
0
0
79
0
0
6
19
0
8
2
71
2
2
0
174
3
12724
0
83
0
0
1
0
2
13
49
0
0
0
0
0
0
0
0
5
21
0
0
1
0
5
5
1
19
0
2
22
7
345
0
0
0
4
0
0
0
3
23
0
0
0
0
122
23
28
217
125
0
0
0
13
6
28
0
0
677
0
0
1
20
865
36
0
0
0
0
297
7
0
3
0
0
2
0
9
138
12
5
24
22
10
0
904
74
524
0
0
2
2
0
3
52
0
0
276
0
1
0
41
0
1
0
45
0
192
0
0
71
0
81
1
0
81
0
164
43
0
3
1
1
0
2
0
3
0
6
0
2
1
1
2
0
477
38
0
11
0
0
1
0
3
19
51
0
0
0
0
0
8
204
157
0
37
62
5
1546
2
3
15
3897
0
354
1
0
0
1
0
12
0
0
0
0
0
0
1
13
0
0
0
13
0
30
38
0
4644
0
0
0
0
0
99
0
126
0
193
9
1
2
0
0
10
32
354
6
0
9
1
0
38
0
0
4
10
646
6677
1
0
0
1
99
0
0
10
893
2
3
0
80
4
2
4
0
6
2
61
0
59
93
0
4
0
1427
7
7
0
399
0
0
1
2
36
0
0
16
0
7
1
1
0
5
0
36
43
0
2
89
0
12
6
0
0
29
1
0
1
486
27
2
290
37
0
0
0
0
0
1
0
1
5
0
8
2182
2
0
0
5
27
7
0
1
9
0
6
0
0
1
159
0
0
13
0
0
0
0
0
1
14
1
9
15
2214
2
0
0
176
2957
2
2
0
5
4
4
0
4
70
256
0
11
1
0
10
0
5
0
0
0
0
4
1
0
5
2
974
0
21
0
4
2987
2
0
577
223
1
4
69
2
0
0
0
22
272
0
0
1
930
0
47
7
1
12
6101
0
0
0
1
4
9479
0
109
8
40
0
1
453
13
1
0
1
3
3
78
0
2332
2
74
13
61
7
0
66
1
7267
0
11
2529
17
0
710
0
1
9
7
0
0
5
72
0
718
0
1
72
0
2
6
0
0
164
3
0
2
0
3
3
0
0
6
0
14
0
123
211
0
214
2
3
1
213
0
210
110
0
13
1
0
1
4
4
8
1
17
123
0
312
1
1
21
1
4
9267
0
15
0
0
264
1
2
0
0
4
12
287
78
0
1
672
44
10
0
0
0
0
0
7
1
115
0
5
121
0
0
5
2
0
132
4
0
20
6055
0
1
0
0
4
0
114
3
3
86
0
0
2630
1
0
2
36
1
150
75
3
3
3
220
6195
0
106
1
894
1
3
0
1
16
0
0
23
1
1
3
0
0
0
0
95
382
5
0
0
2
12
13
1
11
3
0
0
0
20
0
59
58
2479
1
0
0
564
37
0
1
2
1
3
0
136
7
362
11
32
1
159
1029
0
109
2
282
31
0
201
902
2
31
86
0
0
14
1
22
5
1
0
41
2
2
0
0
0
65
0
5
19
0
30
2
0
81
69
0
1
6
1
3
0
221
135
3
12
1
2
69
20
14
0
2
1
23
13
0
144
33
3
48
0
7
0
2
0
0
0
0
0
4
1
15
2
9
14
12
1
3
0
769
13
1
0
4
0
0
3
0
6
0
6248
0
0
6
0
11
53
9
14
9
1
0
1
1
2
1
17
7
12
0
2
0
5
177
0
60
6
146
0
2
10
0
84
0
1
97
0
3
2
1432
0
0
0
0
1
0
2
0
2
0
16
0
2
0
7
383
0
1
1
0
1
66
0
21
5076
2
1
0
79
33
0
0
0
1
0
0
38
39
14
1
9
134
6
0
27
0
0
0
4
0
0
0
0
5
0
0
4465
184
50
31
0
27
0
0
0
5
4
0
6844
5
78
2
5
0
0
13
50
2
98
0
16
0
4
0
0
0
0
0
3692
5
1
2575
6
11
2
0
0
14
5
160
0
1
23
0
172
1
0
0
12
65
3
0
0
30
7
4
1
5
0
16
0
0
0
95
86
0
15
0
121
1
32
1
0
7
6777
4514
17
4
0
2
0
3
47
3847
68
3
0
7
0
0
0
0
1
18
3
11
0
0
19
2
4
11
0
0
0
0
9
0
74
35
5307
21
16
31
2
381
1
1
0
2
96
0
5
104
0
30
27
1
274
154
0
54
1
2
2
0
6
0
0
36
0
0
2
0
18
0
0
4
0
12
3
0
21
0
0
1814
34
22
76
1023
356
1
0
73
0
80
0
637
74
0
20
49
0
42
484
1
0
0
0
1
35
0
0
20
4
0
0
1
2
19
9
3
2
17
0
12
183
13
169
0
53
80
2
38
632
1
8
0
4
3
0
89
60
3
0
1
8
0
0
2307
212
0
51
36
29
1
0
173
309
0
0
8
0
1
0
0
142
0
6
2
13
0
0
5
0
0
0
0
39
1
1
4
0
0
2
0
2
6
0
7
1
0
1
11
6
0
0
1
90
0
0
53
0
30
0
0
1
0
7
0
0
0
11
0
0
1
0
0
1
0
0
12
3
0
154
0
2
4
1
1
0
0
42
2
1
4
1
0
1
1
0
0
0
0
0
1562
21
150
0
1
55
0
4787
0
1
0
195
0
0
564
0
0
0
0
4
8
0
11
1
0
0
9
7511
20
1
6
0
1
1
4
1
0
402
23
0
1
11
0
2
0
0
0
2
0
0
264
19
0
2
11
0
1
42
45
35
0
2
0
0
12
0
18
0
1
9
0
0
36
10
1
1
0
25
0
81
145
0
0
0
31
0
15
3
0
87
0
165
0
0
17
0
0
1
42
1
0
1
0
7072
11
3
269
298
15
23
0
3
169
0
11
0
27
4
0
304
0
0
126
2
27
85
4
0
0
24267
444
8484
274
31767
797
11837
16133
15319
12981
185
15671
13365
5104
13365
17045
9068
21425
766
1882
10527
4498
994
27168
147
40898
163
15319
12859
15252
8684
100
73
209
5104
31682
5866
1594
67
3536
42
15
15816
959
859
440
1575
5104
169
1312
225
4319
6
0
1887
1621
6384
12859
1887
1621
1887
163
1621
38
266
464
1
2684
8
1610
12112
1
865
14067
2194
7
22
121
13
6867
0
0
12881
1
12
9224
395
80
0
13
9020
19342
10197
12
19351
172
0
5064
0
22151
39
8427
4551
177
10984
47
647
9081
262
617
28
0
135
1108
31
640
76
992
40
5
1389
566
40
5
40
21
5
1560
5
595
10
4
2390
3
4
0
297
5109
3
0
0
9941
100
0
6512
0
30
640
0
6
2
43
191
0
3
0
2
28
3
29
78
4168
37
0
13
0
18
618
360
0
0
179
31
0
0
16
15817
260
394
35402
1
4046
3844
19
140
486
3844
19
3844
0
19
3
5
208
325
26
1976
241
0
3612
6
0
8840
1703
997
0
253
0
378
6315
6038
2
21271
0
1527
0
0
5
0
156
1
113
2547
37
2278
39
10
0
0
34
1511
3
49
4397
238
2295
4
6423
18254
8
2
2
1
0
48
0
240
525
18
6
240
2247
240
4
525
2
0
64
32
9633
7
1
0
5949
863
43
1771
2
114
114
2
1517
49
2303
4454
4
9
0
0
2264
1
1
3149
19
1
8
145
13
5029
80
3140
73
0
8
4
0
12464
5
1150
0
80
74
0
0
4
8
8
0
476
798
90
8826
267
0
90
256
90
519
16943
30
20539
123
0
52
1
3
2882
0
22
0
3
4
0
7538
1689
789
1004
0
8
1482
73
0
1
1
309
372
17
0
2702
272
10
0
0
69
20
220
17302
2904
0
0
0
0
0
3
1612
1
12
1
3
386
4619
190
214
114
2
4
3
16
2
8
2
640
3
19418
191
0
0
5
0
1
32
0
33
127
12468
48
115
3333
3
0
4861
5
253
3
1
23187
7
9
292
4
4
3408
400
6
0
199
1
29
9
186
0
9
0
8999
243
0
0
0
1
134
24572
117
15
61
6
104
613
0
0
781
0
13
0
0
0
5167
9
1
0
0
0
0
2546
0
6
58
9
4
430
12650
75
100
0
0
914
0
1
5
0
1037
4
0
0
87
40
73
5
0
2092
4
4
3161
0
551
70
0
96
1
324
24665
2212
0
151
0
0
349
374
101
3
68
1
22
133
1
2
1
133
0
133
3
2
975
1
0
14
0
0
4
0
14
0
2
11
0
283
160
21
0
2213
20
4154
25
0
0
2
5
12292
1
9
8
9153
0
5
0
1
6
1
0
4
0
38
5684
0
14
1046
4
0
178
393
4590
5538
13
0
0
0
1170
638
2
2
1
49
146
35
108
11
119
0
0
0
21
3
3
0
0
2
1
860
0
0
4
13201
6158
9
9521
93
9
23
0
1
0
2442
473
344
0
29
105
46
0
1298
0
0
0
2506
0
3349
37
0
319
0
0
5127
3016
76
3
24
566
0
0
2
6
7
18685
7
185
91
695
9
268
315
0
1
36
0
0
0
2912
6829
9
1
235
3
16210
54
1
3980
2
268
118
0
3
8
31
0
1
0
9
6
0
2
5
1347
53
2915
0
2
1
35
0
792
115
0
0
7309
96
51
2747
0
1851
0
2
58
1
1
32
408
3
21383
98
5
7
617
104
300
26
130
0
238
1
0
9466
0
0
307
183
106
0
0
1443
370
0
1
0
1
50
2
0
2634
43
0
3524
18
20
15
7
1112
3111
1
0
5
1
0
18
137
25
17
2686
0
172
1
75
16
243
1897
5
14169
0
1
0
1
852
2
4984
5
930
3
0
251
1345
0
0
0
1498
3
0
4
5
689
0
35
524
650
8
1290
212
1906
5
36
0
1
0
210
637
19
1032
0
0
1
32
3
1777
7339
1
0
0
0
8
1
0
0
1
2
1
3
0
2907
0
40
3525
4
6
66
1
144
51
459
4
4
2
15
75
3
12
1
0
1
2
6
16
0
349
1025
10
24
0
1
69
60
2
0
7571
1
2
0
147
44
3
1
0
0
2
1
6
4
0
14
0
0
55
2
0
0
0
39
1
0
4
1
3
4
28
9
0
196
17420
0
31
4
0
151
1962
26
635
4590
4
2
47
0
0
13
0
2355
9
17
3
14
0
50
0
3
0
13
10
33
15
530
38
610
453
3
152
14
764
56
0
0
0
38
0
0
10
0
4
144
0
0
0
2
0
0
1
198
6
39
54
14
403
2
1
1
12815
4
1
0
1028
221
3
0
0
2
0
217
0
113
275
2
0
0
0
0
48
73
0
0
0
1
0
1
34
10
2
0
1
16
0
0
5
0
1
0
0
177
1
10
1
8
412
27
49
37
57
512
3
232
68
1703
0
0
0
0
29
8
270
18
2
3098
2842
11
0
65
11
385
0
0
1
0
11
0
0
1
0
147
21
0
8672
100
0
84
1
1
0
0
0
7
0
0
0
19
68
0
670
5
90
41
0
5681
0
2
0
13
0
45
1494
0
48
1
0
97
24
1060
1
1
1
5
0
4960
309
465
7
0
6
494
16
472
3847
9
1
164
49
9
0
0
8306
369
1
1
2
0
3
40
8
23
256
2
2
17
0
2
0
1
343
21
0
69
0
0
1
2677
0
2
2
0
0
29
0
11
12
14
18
0
1052
815
233
0
2953
40
0
1
1
0
0
6808
3
321
3
6
103
845
0
0
1
0
20588
1
0
5
125
0
1
0
5
95
22
2
0
0
0
355
0
0
0
5
0
1
628
0
78
0
1
0
1
135
0
0
0
0
0
31
2
0
4554
1
24
441
1912
5
3
74
1
3278
1
1
422
9
27
4
30
27
0
4
0
220
419
0
1
0
4
0
0
0
1
285
5
0
0
7
1
0
99
19082
49
4
0
0
4
22
343
74
0
19
10
483
0
6
3140
8
0
0
0
16
0
15
5
5
10
1
0
7
28
433
4
12
0
12
16097
104
0
0
615
10343
184
0
0
0
0
12
10
11
19413
15
0
1
0
21
312
5
94
1
0
127
276
20
0
83
50
1
6
443
8
2
0
0
10
92
3
17
50
0
4
0
5
0
0
4390
0
0
0
1
0
0
0
3
105
335
4
42
5
492
2
0
0
0
5
0
109
1
4
0
387
7
0
0
2
615
2
1
0
3240
2
1
0
497
0
8
0
1
0
306
0
11
7322
3877
0
3
1
0
0
0
118
4
0
1
1
247
47
1
330
107
0
65
20
0
0
0
0
0
0
1
40
6
147
3
223
1
0
0
23
0
1336
6
33
20
0
2
0
0
229
5018
1
29
8
20
15
1
0
111
9
603
0
0
3
532
11
0
24
32
0
29
13695
0
0
5
4
15
0
0
5232
0
0
3
0
7
0
0
2
0
1
8
0
0
0
13
1
25
0
1
251
102
0
0
0
13
0
0
0
79
212
1
1
0
234
5
822
1
0
39
0
3
0
1
112
2
18
9
1304
0
1242
1
0
3
0
4094
825
2
0
4
2
1
5
0
10
15
0
2
0
0
0
0
0
1
0
142
5
0
38
92
0
0
16
2
0
641
0
0
0
45
2
0
741
15
0
128
0
0
0
57
6244
6
0
0
4
100
0
1
0
0
0
45
1
1
0
5
0
0
680
0
14
0
70
5
10
0
76
5
0
2
0
0
0
132
0
0
0
0
1
0
0
0
13
13
0
32
189
0
20
3187
156
0
30
0
2
0
1
755
1
1
0
0
22
318
1
6
0
8
1
3
0
18
402
0
9382
0
0
637
0
0
1
1
2
6
1
193
7
65
0
259
0
0
0
1
0
0
1
0
0
0
0
32
0
0
1
0
90
0
18
5
0
0
338
4
4
0
50
2
5
0
2
3
0
1
0
15
283
1
1033
1958
2
3
0
3
0
73
7
0
130
2
13817
0
42
0
0
25
0
123
0
0
0
1
1265
0
0
207
0
0
0
23
0
22
0
0
0
0
31
0
0
0
1
0
2012
0
3
0
10
50
4
0
15
0
495
0
36
1
1
87
0
63
7
0
3
1
2241
0
40
119
0
0
0
0
6
0
269
0
16
1
2
36
0
0
5
6
0
2
10
1816
0
0
0
5
5
0
0
11
78
0
0
0
2271
16
2
300
0
0
5
5
78
0
18
19
1
0
295
1
0
64
0
24
21315
569
0
1
8
0
0
0
59
0
6
1
0
0
0
147
2
18
361
91
0
0
0
8
0
52
4
14
6
1
0
12
1
0
806
15
0
2
0
1
283
2
1
0
124
0
2449
1
29
2077
0
0
1
0
0
7
1
42
0
17907
26
1
1
0
2
4386
19
15
0
12
0
674
11
0
0
3
0
0
0
24
1
0
0
51
0
0
0
0
0
2
0
1392
48
7
90
1
0
0
20642
0
0
1
0
0
17
0
0
0
7
460
1460
0
13
2
17
0
9
0
0
0
669
0
29
1
98
8
0
0
312
5
1
2
0
1
4
6
0
0
11
3
0
0
8
2
19
0
0
0
0
7
0
157
8
0
5
738
19
6
2
92
0
20
44
46
0
4
0
1
1
0
1
0
0
0
0
0
6
0
0
0
0
0
9
0
34
401
2
340
833
6
0
0
208
0
0
0
12
0
3
411
0
7
43
0
102
0
53
0
0
167
9
0
28
3
0
0
3587
0
0
1
6
708
0
65
0
0
7
0
0
1
0
0
133
0
3
0
35
0
2
0
207
0
0
35
0
0
156
0
68
1
1
251
2520
1
0
0
0
10
5
1
3816
0
3
2
0
19
0
93
0
63
0
4
150
0
116
2430
2892
1
7
1
214
4
9
2
3
0
189
1
30
0
0
0
0
0
0
106
1
0
0
0
0
0
9
1
711
0
0
4
4
0
20
20
8
309
3
0
4
714
0
0
23
12
1
0
10
0
1
0
1
1
2
13
0
30
0
61
54
0
1847
0
11
3
0
0
2
32
289
5
4
0
4
14
0
2
296
0
0
3103
0
26
0
0
0
0
19
32
243
0
1582
0
0
3
1
0
310
2
0
0
0
21
2811
3670
0
0
329
0
271
0
1204
0
1
0
0
72
0
2
5
19
2
0
22
53
641
0
1
0
108
0
0
1
0
1
1
1
10
121
0
0
18
0
69
16
0
17
2
2
25
0
16
0
0
0
38
0
85
476
0
0
2
0
0
1
0
238
0
442
0
0
6
0
1780
0
2
0
59
0
56
0
0
1
8
4149
0
71
0
0
3
1
0
2
10
317
250
239
0
0
18
731
0
269
414
0
1
1
2
0
0
5
1
0
10
0
3
0
445
0
3
21
2819
1
0
15
1
0
1150
0
0
8
0
0
1
0
14
16
3898
0
1
0
0
6
4
41
1
11
0
30
710
3516
0
52
1
1
6
1
0
4
3
44
1
29
0
230
0
4
2
0
145
4
0
7
0
1
0
0
29
0
0
0
3
0
2
0
1
90
85
0
23
0
2
0
0
17
12
0
0
0
0
0
8
0
41
16308
1
3
19
0
2
0
20
1
1
0
0
846
0
1
2
0
0
19
22
19
80
47
37
5
0
50
0
0
0
2
0
2
57
0
14
0
23
0
0
5
0
0
5
0
2766
175
28
359
0
0
0
0
0
0
2
2
0
0
0
0
2
0
0
1
59
2
2
0
12
0
2
0
45
0
0
0
34
8
10
0
2
21
0
5352
0
16
1
0
0
5
0
7
0
0
6
0
0
4
0
0
10
0
2
0
10
19
2
0
7
0
9
3
0
0
0
0
0
0
0
2
0
0
16
0
1
0
0
216
316
10
0
0
1
0
0
0
3
55
15
19
87
39
1
461
1
0
0
20
1
1
20
19
0
0
1
0
1
0
75
0
0
1
135
0
0
0
0
95
0
54
0
0
4989
3431
99
603
0
0
0
0
0
18
0
1
0
1
39013
0
209
0
0
34
3097
6
12
0
575
426
0
16
0
1183
1
1
3
94
149
4
0
45
0
147
22
149
3
0
19
24
83
190
0
2
1
0
0
0
0
24
3
54
1
0
22
0
80
24
157
36
1850
0
0
1
0
0
0
195
0
181
0
0
2
2
0
0
0
0
4
0
9
29
7
1
1
0
33
0
0
3
0
3
1
226
2
0
55
26
648
249
63
0
6
5
2
7
1
0
1
2
0
34
0
2
0
0
1
0
0
0
0
1
0
0
63
1
0
12301
0
0
0
260
18
0
36
3
1
0
1
0
0
0
80
35
0
21
1
5
135
0
3
1
1
0
0
0
2
0
4
0
440
5
1
6
41
0
0
3
1
0
1
2
3
0
0
0
27
0
0
0
0
0
326
0
0
0
1
43
0
0
1
2
3
0
0
4
2144
1
1
6
13
1
15
0
1
559
494
0
1126
127
798
85
4
2
13
1
7
1
1
1051
233
852
51
27
0
0
0
0
1
271
24
269
0
290
38
1
0
0
0
24
5
0
0
0
0
4
0
0
2
0
1
0
113
0
0
606
2
0
0
645
0
106
7
344
0
11699
449
0
0
8
0
16
11
1
22
7
1
0
1568
4
3
2
86
0
0
10
5
924
16
11
15
17
77
1
0
0
0
12
0
2
0
0
0
0
23
0
1
1
1
0
0
2
2
0
2
0
559
0
0
256
1
0
205
1
0
640
3
0
0
0
3712
458
0
1
0
2
264
0
18
5
10958
81
0
0
9
3580
6
0
15
8
0
2
7109
0
2
0
52
0
10029
118
1652
0
2023
0
0
8
0
0
24
0
0
0
0
0
0
0
2
0
0
0
33
0
0
0
185
0
0
1
0
2864
1
1
0
214
3
4
0
0
16
0
2
5
0
3
14
58
22
3
0
1
0
1
0
0
4
3
1
0
4
0
0
0
100
2
3951
881
2
2
0
0
0
0
9
0
2
0
0
0
24
0
0
0
4475
0
578
0
0
12
0
0
22
134
0
5
234
0
0
0
121
9
0
0
2
7
0
455
1
1
0
201
1
0
5
54
0
0
26
32
0
0
10
3
0
0
60
1675
32
88
1
0
42
0
41
1
0
2
0
1
1
3
0
2
6
0
500
0
444
0
1
0
0
405
1
50
0
0
0
1989
227
0
0
0
503
1
0
2
0
1
1
52
2
5
18
2
0
0
28
0
0
1
0
0
172
0
8
14
105
2
1
6
2
0
2
21897
1
0
1206
0
0
7
8
0
0
0
0
0
49
0
25
6
196
0
9
0
9
9
52
2
684
0
0
13
411
0
1
0
6
1
30
622
0
287
0
0
37
0
0
0
1
0
439
0
0
0
1
0
0
464
40
18
0
0
0
1
47
1
1
6
101
0
8
1
0
0
0
0
1
0
0
0
0
0
5
0
0
1226
112
0
76
23
500
1
0
0
0
0
342
0
0
1
1
282
0
1
1
1
0
0
0
0
1
49
4
280
4
4
68
4
790
0
8
0
1
4
21
6
4
78
5
2
0
3897
1
1
3
0
0
4
0
0
0
1
0
0
0
14
426
0
0
0
2
0
1
0
4391
3
0
0
0
19
127
0
0
0
17
10666
251
1
0
0
2
819
0
0
1
47
0
0
71
0
66
38
0
0
0
2
3
1
47
4
1
0
1553
53
1232
43
0
1
221
0
0
0
0
1
0
0
1
0
0
6
5
0
7
0
2
0
610
0
6
1
0
0
0
2
911
0
0
0
1
0
1
201
1
1
2
0
1
0
1
36
1
0
2
1
8
339
17
42
0
5
0
0
1
1
20
2523
0
0
980
0
0
0
1
0
95
33
7
0
0
0
0
1
18
0
1206
0
3
1
0
0
0
9
48
231
0
1
0
0
1
0
0
0
0
7
9
0
1363
38
6
0
9
0
3
1621
1
0
0
0
16
1
1
0
2
3
157
20
1
0
40
9
0
0
2
1
21
1
0
0
0
24
0
0
0
4
47
0
0
3
0
389
1559
0
0
0
0
138
507
1088
0
0
0
2
1
0
0
0
0
0
0
0
0
0
22
0
0
0
96
0
4
0
6
174
1
0
0
0
561
1
0
0
0
12
1
60
0
0
4378
1
10
0
4
25
0
1
2
0
0
0
0
0
0
123
0
0
0
0
0
291
0
7
1
12
0
0
8
0
212
0
471
0
0
1
0
0
0
0
175
5
1
5
0
0
0
0
0
73
0
0
2
15
5
20
0
50
2
0
5
0
6
284
0
838
32
0
1
0
0
0
1
0
0
2
0
0
8
1345
0
0
1
0
92
1
0
27
0
4
0
0
50
1
0
0
7
11
10
108
1
0
0
0
65
0
0
0
1
2
0
1
62
0
1
7
0
0
957
3
1746
0
0
0
4
1
0
0
8
0
10
0
0
0
0
7
0
0
0
0
0
0
0
3
0
0
25
0
434
5
0
0
17
3
0
0
4
156
1
0
7
99
389
2
0
0
0
1
0
2
90
3
8
4
3
0
0
0
0
3
1
178
23
19
514
2
8
0
55
1
5
0
2315
0
6
1
209
1
0
0
0
4
0
0
1
0
0
67
36
0
50
0
1551
0
0
1
1
1
0
0
681
0
15
0
54
7
0
7
0
1
0
0
63
619
12
21
1
42
194
3
0
153
7
4
28
2286
29
1
15
475
674
0
0
9546
0
0
1
10
0
17
1559
2
0
0
0
0
0
0
0
0
37
13
0
0
4
0
1
1
0
149
0
1
0
215
1
0
637
4
0
532
0
2
0
0
0
18
0
2
0
4
33
0
1
0
1
3
3
51
1
0
0
22
1
0
0
0
46
28
0
0
1
0
6
33
3
1
0
0
10
0
1
2
1
1
0
1
1
3
52
0
5337
56
0
0
0
258
0
0
1
0
3716
75
1
1
0
0
0
0
0
0
0
6
97
1
0
0
0
1
3
5
0
29
14
0
2
20
31
0
0
21
0
0
1
2
0
0
0
43
6715
0
0
1
0
0
0
0
0
0
132
9
0
1
0
0
2
37
0
0
1
0
0
228
714
0
5
5
0
1
515
0
0
0
0
0
0
17
1
7
0
130
0
0
18
0
1
1
0
13
1
1
1
78
0
6
1
1
0
25
1
1251
0
4
26
3
0
0
101
0
1
0
0
8
0
0
200
0
21
1
0
134
0
0
0
1
0
1
0
0
60
6
0
327
0
0
0
0
0
27
2
0
5
1
40
32
823
26
0
0
0
944
0
0
14
7
1
63
8
1
0
1
12
0
282
1
0
1
3
1
2
0
0
0
3
0
0
10
0
1
5
0
0
295
0
54
0
0
1
52
0
4
0
0
638
0
0
0
0
2
0
0
0
49
0
0
1
20
0
1
0
5
0
9
79
0
2
3
4
0
133
0
9
0
743
0
6
0
0
0
17
0
138
1
0
4
0
0
0
0
0
0
1
0
0
0
0
2
38
0
0
0
384
591
48
15
0
0
1
1
0
0
0
2
0
120
0
2008
12943
5104
1312
169
38
440
10238
225
1621
7335
52
854
1887
5675
5104
1887
440
390
0
20208
1312
2369
12859
225
1621
37
163
1887
17698
0
1312
5104
0
559
5104
0
169
8397
20877
163
8649
3305
20520
169
20208
19
14545
20208
440
1621
2255
998
169
1312
440
34
0
8673
5400
20208
11267
0
38
60
4558
0
1108
135
13014
595
4
31
5
1296
1
3
40
618
0
40
595
1109
992
4
1108
703
509
31
5
465
21
40
689
992
1108
6
992
7543
0
992
135
7
3510
21
0
3119
145
12136
4
122
0
4
595
5
12
931
12136
1108
595
40
992
0
0
4
4283
992
19296
4
0
16
260
193
2
1
748
394
19
368
41
3
183
2332
16
183
1
6169
4046
738
260
1592
163
394
19
19783
0
183
24
4046
260
10392
17
13
16
2246
43
42
0
0
74
1
12092
486
738
0
6
738
1
19
17343
3538
486
260
1
0
810
123
63
738
3722
810
0
207
22
8
2
6
34
8
0
1
2247
3429
720
12
50
33
8
85
8
58
0
212
2
180
2
1
2247
0
4
227
35
0
2
416
0
164
4310
1823
1
0
18
4
30711
11195
0
183
212
19090
5
212
8
2247
28
0
183
2
8
28395
889
34765
28796
212
7
43
192
0
15171
0
8
1
16424
72
35
8
256
30
26
1
8
0
0
1
2396
0
798
0
8
4186
1
8
256
23
11846
6
0
798
8
107
50
2
1
6707
3
35
14806
11846
0
0
34
2
0
51
35
0
72
256
16
18
2
8
72
61
5
0
0
0
6
405
3
36
0
1
386
13
0
26
15314
4619
8
637
96
785
76
1
1
3
10
0
114
22
386
2
0
4619
8
8488
1
565
15948
114
386
738
11719
19
271
3
3
14591
0
1
986
24
4
0
22
14
945
22
161
8
0
8
0
386
6
2
21
985
1038
22
1304
10
24
15050
311
117
9741
0
764
12
0
6
0
203
0
0
1
1
117
4
0
1199
0
1923
8
0
13
6
0
0
1
2
0
0
104
606
2
21531
110
148
21
0
205
1
194
17939
1
298
1923
0
3157
1923
7
0
1
1
298
34
11
0
0
173
140
1923
0
29
11292
0
132
349
1
5
129
216
738
3
0
22
2
45
431
7
349
12
0
11
22
5
9
0
23
3
0
716
5
3
20
22
141
711
1
1
0
12
164
790
167
5
0
0
1
1107
5
0
14
5
274
0
1
1
186
8
234
0
0
0
0
5
223
0
0
813
0
4590
7
2
0
3852
138
0
146
0
0
14557
2
12682
4590
138
0
48
1170
42
996
1
1
0
146
113
50
7423
13
1170
4
1
6
1030
19
22
2910
133
0
75
18
498
133
2
42
3
2
42
0
146
6
218
2
3
0
0
29
22
15
42
1
36
769
149
15
3
7
2
22
954
0
0
150
2
15
0
1
0
3
2635
45
20
6
0
1
7
1
0
217
0
1174
0
0
6
24
0
87
214
573
0
165
0
16
0
1218
101
489
11
0
0
0
0
6
3180
20374
380
2
8
2
0
177
1087
1196
0
0
172
134
0
1003
89
29
4
1495
1
24
58
55
0
0
691
6590
527
3844
0
9935
2
32
1
396
26666
145
58
7
25
16567
631
1
32
4959
8
0
0
7
136
2
26
858
59
11
0
4945
6
1
0
0
1
6
6
0
4225
4
0
1
5
0
10
10
1
2
4857
0
26
4
89
565
6741
9
2
1256
1028
6
9
3
131
0
102
4
594
5
0
0
228
3
0
196
862
234
993
96
382
317
0
0
18144
59
31
7
1
0
1325
4
156
70
16
3
40
228
0
1
228
2
412
268
3
50
0
1
20881
31
77
67
228
0
4
31
1421
27
7
103
1
53
70
10
10
368
7158
180
0
757
0
0
1
327
118
1
3474
5
272
5213
2
0
5
18166
0
384
1
364
0
147
1804
0
0
1
7
7
0
0
1589
79
359
2449
0
168
8475
3
2
147
94
552
5
12162
0
20
0
0
7092
16
521
1423
9
0
0
334
965
0
9
55
436
0
0
1
28
281
19
21
2
2
225
31
13
2898
226
4
9
87
16
10
1
4449
31
14
77
0
6
1
0
0
47
0
34
1
2
121
37
16
1
1
4
12762
21
0
722
56
2
0
233
321
1
1
11
14523
92
7
91
1
17
7
171
1
9
0
0
3
327
1
1398
0
608
18
1
7
3216
1872
1065
0
0
27
4
4
0
54
2936
4
765
0
147
34
74
17
2
76
0
1
100
49
43
3
231
1163
7
1
1
0
5311
25
0
205
6
207
125
5838
49
50
809
2
0
29
0
48
3
0
0
65
29
1
191
17
322
16
7
2
7
0
81
8266
4
2
0
416
15
269
34
11
1
2
4
14
16
1
0
79
0
2156
0
0
1
33
1
218
0
0
76
0
27679
54
6
225
0
825
17
64
2007
0
0
7
815
79
3
264
8
0
1
663
0
2
11
632
2
57
2
4779
0
604
65
2867
3
2
1
0
537
3
56
22
1130
0
237
3800
29
7
23
18
190
322
13
1
1
15
29
1
78
1448
8
55
1
0
52
80
1
216
16
0
553
4
4
1
0
0
17
5716
2
5
11
194
60
1
91
63
0
1
3159
4
0
110
8
0
17
3472
0
4
0
1
0
248
10
4
12
0
5
0
100
0
24156
9
0
7
9
0
328
8
43
876
14631
30
1317
27
0
1504
104
23
1
8
301
5515
336
0
10
28
0
2
338
0
995
34
2
805
2
0
0
62
79
11
2
134
5
762
96
4
2179
478
411
5
1
25
0
1
67
0
0
36
7
0
3
10
983
356
4
1
0
0
10
0
7
0
13
3
5
282
2
1143
0
1
22859
8
1
11
112
6
3528
0
0
0
0
1
18
2779
5
0
0
1
0
25
2
2399
3
111
1
0
94
1
1082
1
0
12
7
6060
96
0
25
16729
413
0
0
296
2
362
0
1
0
9
1
1
9
21
6
0
1
0
0
1
390
6023
3
2
22
55
7
0
152
4
0
2376
161
2927
0
1
1
106
0
1
10
23
2
674
0
386
1
1
716
5
1
0
0
381
4386
2
3
0
4
1
78
1
2694
2
5750
0
17
163
0
0
0
0
0
0
2
0
4
2
30
0
0
18
725
2
264
5
3
1
0
1
30
0
0
0
16
5
2
3
1
26
0
0
1
3
0
2
1422
0
0
7
0
5
0
3
16574
34
1
1
4
2
0
1
0
0
3
8
7
224
3
1
1
11
0
0
18
0
4
0
1
0
0
0
645
0
0
0
0
0
0
1514
1
1
0
2
2
0
1
0
1276
0
2
4
0
4776
22863
1
293
0
0
0
21536
3
0
4
0
4
548
1
1
640
25
1
958
270
0
1
0
52
7
1052
115
208
157
0
0
5
0
0
169
0
2
1
2
1
618
0
0
5022
17
0
317
0
23
45
448
0
1
0
1
1
73
0
4
12
1
0
0
10
1
97
0
0
21
13
5
1
0
0
94
1
0
4
226
3798
57
1
0
4395
0
0
20
0
1
0
4
0
1401
0
0
4
0
0
219
0
2
0
0
321
1
0
27
6
618
1
0
0
315
0
1088
0
96
0
6
1
451
0
22
9
124
0
0
223
252
480
0
1
350
1423
0
0
0
0
0
201
1
0
248
5
1
0
0
17
0
0
47
9
1
74
4
21
13
0
0
1
0
0
4
1
186
0
0
216
668
10
188
2
5
103
2
0
6
18
11
0
34
0
0
0
2901
0
0
0
0
2
0
2
206
3760
0
12
21
3
0
0
0
16
0
0
1
0
0
143
10
0
38
3
0
0
17
5
336
0
1
305
0
0
1
2
0
15
76
23400
1
0
0
0
0
766
0
0
1
37
1
0
16
2
12
0
20
0
0
20053
5
0
0
2
1
155
0
1
0
5
0
0
3
8
1502
0
0
7173
0
0
0
0
20
179
3
0
17
2
0
0
1285
0
7361
474
2
7
0
0
0
283
0
0
2
1
1
0
0
5922
1
58
9
1
3
20
0
0
0
0
0
0
317
0
0
1
24
0
25
0
64
1
5
9
16
19
0
5
80
0
45
0
0
10
0
63
0
0
241
0
1
0
0
1
0
0
0
0
3
0
0
5
92
0
15094
0
0
400
1
400
72
0
0
4
0
24
243
2
0
361
0
0
0
0
0
0
7646
0
0
202
706
0
587
1
899
2
0
0
225
544
0
2
2
2
7
0
0
1339
22
1615
0
0
7
0
514
0
0
152
0
25
3
0
0
1
0
0
0
1
1
21
0
0
28
212
684
98
0
0
0
405
140
0
0
7455
0
0
13
0
0
0
207
0
0
214
0
0
7
24882
4151
5
216
0
6
1
1
0
1
38
1740
0
0
3
7157
0
0
0
5
14
83
0
4
0
0
0
3
0
0
0
0
0
0
1
270
36
0
259
0
0
4208
2
0
66
0
97
0
0
0
84
0
0
269
0
0
0
0
0
1
0
0
0
27
1
4
1
0
0
7
1
7
5
26
0
0
0
49
1
1
2
0
0
0
1
1018
0
0
1
66
775
1
280
0
0
0
12
0
2
217
624
0
0
0
17
3
0
0
0
0
115
10228
0
0
0
0
0
140
12866
0
0
2
0
0
16
0
0
1
267
1617
536
737
0
0
0
2
0
0
48
0
0
0
2
1
389
0
0
0
0
26
0
11678
97
1
0
3
0
0
0
0
26232
2
1
0
3754
0
1
0
276
20
4
0
13
0
0
38
0
0
2
0
0
5
0
8
0
91
0
0
421
1
127
1
233
20
1287
0
0
0
21
1
0
0
1
3
0
659
0
25245
118
0
0
13
0
0
0
2
625
6
2
0
0
1
0
0
6
11
561
20
4
2
0
0
6
70
1
0
0
0
1
5964
0
1
107
0
14
236
280
8
0
11
0
0
6
0
1
11
0
0
247
1
0
15
1
312
1
0
0
0
0
1
0
0
0
0
0
28057
0
1
0
42
2894
2
2
0
0
119
0
0
59
1
84
315
4096
2
0
0
7
2
292
0
1
1
1
1
0
0
10
0
0
1
374
6
5
1
0
0
11
0
9
0
16
10
0
0
0
70
0
91
0
0
0
1
0
3
0
2
4
0
0
10
0
1
0
0
4
1
0
0
1
0
0
0
1
0
1210
8
0
17
0
0
0
0
91
45
113
0
13170
0
0
0
16
0
370
7
0
0
0
0
15
0
0
0
5
0
327
25
1
0
0
19
0
229
0
0
2
193
101
4
0
0
0
0
504
522
1
174
44
0
47
345
1
0
17683
1
1
0
1
0
12
21
17
1
0
0
0
0
310
0
3
0
0
1
0
0
0
0
1
19
9
0
212
0
3
104
0
22
1
0
7
0
2
0
0
1059
0
64
0
0
19533
1
1
0
0
0
1
0
0
1
14793
0
1
0
127
178
0
0
2
79
0
0
19
0
0
0
1
153
0
0
19
20
2
646
0
0
136
130
0
0
0
0
180
0
337
0
0
1
6
0
14
1
141
0
22
0
1
0
0
0
0
17
0
0
1
1
8
1
1
0
0
15
274
1
0
1
7
1113
1
19
0
1
445
613
0
0
0
0
357
0
0
188
0
0
152
1
58
0
11
0
137
0
0
0
2
1
0
0
7
0
509
240
1
444
329
0
3232
0
0
0
141
0
0
0
0
14
0
0
424
76
1
0
0
995
4
1
1
14
234
85
3
11
0
5525
0
0
233
3011
0
9
0
0
2
21
17
92
0
0
14
0
2
1
3356
0
0
1
0
117
244
1
1
0
22
24
0
1260
1
0
11
0
87
0
0
1
0
0
19
3
1
8
0
0
214
553
1
0
0
8
80
9
1
0
1
581
1
0
12
298
0
0
0
5
0
5
0
0
1
145
193
4
0
0
1634
0
1
0
0
658
23
23
253
8
1056
5
0
0
0
134
1
1583
193
649
493
0
0
0
16
767
1
0
0
1
9174
1
1
0
0
2821
495
0
0
0
139
3
18
0
0
3926
262
0
1
7
0
0
20
11100
0
0
0
0
110
15
15
2
0
407
0
0
196
0
0
2
326
2350
3
666
1626
13
0
0
0
0
0
2
3186
0
2
0
0
0
12305
0
85
0
286
37
0
0
0
0
25
8
60
0
0
0
0
1
0
0
0
5
1122
0
0
1
0
0
286
1
36
453
0
0
0
997
0
1
0
0
322
0
0
0
1
9
8
0
10
1
2
2
0
1
5
1
0
12126
17
1
1
0
2
0
4
0
427
0
1
0
254
243
0
142
323
3514
184
0
0
0
0
459
1
0
64
150
79
2
0
1
0
0
5
0
1
0
1
0
1
0
0
234
0
356
1
0
1
0
119
1
14
279
0
1
125
267
0
0
3
417
0
1
6
0
39
0
7
0
405
0
4088
0
499
0
0
0
0
0
8
1
5
0
14
8
511
44
0
0
0
620
6
114
0
248
0
11
23
1
0
1
0
0
787
753
0
0
0
1
1
1
41
0
2
1
0
0
1
0
79
123
0
0
8
642
0
0
9
0
0
0
16
0
1
0
6
0
0
0
0
1
0
1
71
0
20
0
0
573
0
714
0
1
0
0
1
23
0
0
0
0
0
0
5
0
0
1
3
1
1
1
3
670
52
11490
406
0
397
230
0
107
461
0
0
1680
0
0
602
71
0
32
0
0
0
0
306
1
1
0
621
0
1
0
0
27
0
7
0
16
1
0
77
14
1
0
0
0
0
19
1
831
1
1
0
408
0
0
1
0
0
9264
0
1
510
71
1
0
0
0
4180
0
0
13376
15
3
65
0
0
0
0
0
0
318
0
173
1
0
0
0
25
0
1044
0
18
41
0
0
27
576
8
4
0
1
1
0
1
1211
0
0
0
0
0
1
70
0
695
35
0
0
23
18
192
0
0
0
7
28
0
1089
8
1
0
2
5
0
82
5
746
255
7834
0
39
0
0
0
1
33139
0
0
1
0
0
1
149
380
0
0
3
1
0
1
0
3264
1
335
22
0
229
0
553
0
528
2
0
0
0
0
0
73
0
766
0
117
18793
3
178
0
0
271
121
0
0
4001
5
0
0
0
6483
0
53
0
5
0
0
0
2
2
0
8
1
0
0
0
1
0
0
8934
201
1
0
0
1
7
0
0
0
6
5
0
27475
2
0
0
0
643
581
1
0
0
199
0
1
2
0
3832
4
0
5
0
213
0
5
362
0
0
0
6
1
0
0
0
3
0
486
5
1
0
17
0
0
1
0
0
1
1
0
3
231
0
1
0
12
5
0
0
0
2
0
0
0
0
5
1
3
0
1
0
1
1
4
1
0
0
86
0
904
0
0
4
45
1
0
0
2
0
0
0
3
0
0
3473
276
0
0
0
0
0
259
76
7
56
2
0
0
467
0
475
0
1
0
1
0
0
0
240
891
34
0
0
0
1
0
0
0
712
2
0
3
1
73
92
0
1
6689
258
0
36
6
1
4
56
0
8048
2
0
0
0
0
0
51
2
0
0
0
57
69
0
1
0
13
0
702
2
0
65
1
0
0
0
0
0
1225
75
0
3515
1
0
0
0
363
0
0
0
0
166
0
0
0
1
319
0
25
1971
568
1
0
914
1
0
0
0
643
254
0
0
0
247
27
0
1
0
0
0
0
777
0
0
0
0
133
0
0
0
2
30
0
0
0
871
302
0
3
1
82
80
0
0
0
0
202
0
0
0
36
1
1
312
19
81
0
0
3
16
3414
0
0
0
3892
7
0
0
6063
1
0
513
1
0
5
0
0
0
1
0
277
1
2
0
165
8
0
1
0
8
3
0
0
0
0
1
1
2
0
301
0
0
1
38
1
0
0
1
96
24
444
0
0
0
2611
0
0
5
21
1661
0
43
12
0
295
0
0
0
6
3
0
0
2075
212
0
1
1
0
156
0
0
0
202
0
0
0
1
0
0
6
22
0
0
1
3
0
0
0
0
1
1
0
0
332
1
0
2782
513
4
1
0
6
2
0
3953
0
0
27
16688
0
0
3
0
16
0
0
917
1
1
0
0
0
53
1
0
0
44
557
0
31
806
0
0
0
0
16
61
0
0
1
281
0
0
0
2
0
0
0
2
0
0
0
159
0
1
254
0
0
83
0
0
3487
1
0
0
383
5
0
6
71
424
0
1
0
0
28
0
0
0
120
0
0
8
0
0
0
220
76
0
0
18
1912
22
5
0
0
4
0
0
32
2345
0
0
370
0
0
0
0
13
0
0
0
1
0
0
0
6
1
6764
19
1
0
650
3
19
8
1
0
0
2381
2
0
12482
1
1
0
2
0
0
1
0
2
0
0
18
0
2
0
0
0
9
73
0
0
206
15
6
0
0
0
0
1
0
0
0
0
0
0
1
15
0
3
0
0
0
0
142
0
94
359
2495
64
0
0
0
0
3461
0
0
12502
15
0
1
2
1
37
1
9
571
0
1
0
0
1
0
1
0
32
1
1
1
0
1
0
0
889
0
1
36
15
6
0
0
0
0
0
0
0
2
0
0
0
69
1
0
4
0
0
13
0
0
0
0
5
0
756
253
38
0
9
7
5
0
213
76
0
0
617
27
9
0
1
0
0
106
0
35
91
0
212
42
0
0
398
215
0
0
0
16
1
0
0
2738
628
4
0
0
0
1
0
1979
1
2
0
1
0
507
2
0
12
13
69
5
12
1
0
441
759
0
594
198
9
0
95
6023
3
0
0
1448
0
0
9
95
0
0
1
0
0
0
0
0
0
0
0
1
0
632
0
0
0
0
0
1
0
0
0
2
0
1
0
0
0
20
0
0
0
1
0
0
0
4405
2
0
101
0
0
73
0
22
70
0
0
0
2563
0
0
0
0
58
6
33
0
6
0
0
0
376
0
0
61
0
1295
1
0
676
0
0
1
0
0
0
0
1
0
0
0
0
1
0
0
181
0
65
0
1
0
1
0
315
1
158
0
0
0
5
1
0
2
0
597
0
0
508
1
669
0
50
516
14
2
0
0
0
9
8
20
1
0
0
0
152
0
0
209
0
8
12
0
1
0
1
49
1
0
0
0
50
0
0
0
0
1
0
0
2
16
71
0
0
0
12
0
0
146
0
0
0
0
2180
3
0
1
0
0
324
0
3446
0
0
1009
14
0
297
0
111
0
22
0
0
175
0
0
0
14
99
2
16
69
0
325
385
0
560
0
425
642
1
0
0
0
859
122
0
0
0
359
114
0
3734
1
270
0
0
0
0
17
1
0
1
9
0
0
31
46
0
226
1
0
1
0
7
3
0
0
519
6
12
220
11
0
35
1
0
0
1
0
155
0
0
11957
67
137
0
1
3103
0
0
0
0
3547
4
0
0
0
4535
1
7
498
0
0
1
23
63
0
1438
0
0
939
0
0
1
0
62
1
0
0
4
6
0
0
59
24
1
0
2454
1
0
0
89
1
10
106
1240
0
0
1220
0
0
457
0
0
0
0
8
0
2
0
0
1
0
1
0
1
6
77
0
0
1
6
6
16
4
1
1
7
98
4
6161
169
48
38
147
7985
15319
2317
3566
5104
67
554
650
8614
13185
6
6
4954
19485
14024
2136
19457
48
0
0
2669
19689
28
1333
3566
139
13129
19689
0
3566
5458
8029
3695
466
1557
1754
1612
6580
33515
67
5104
0
3566
4563
320
16043
21936
4220
39928
28
75
5503
1035
1612
28
1035
2286
1612
28
1
0
1721
108
6110
0
173
1070
433
0
2569
0
4
5
17
11307
421
5894
12
2
26
118
5890
91
1940
48
10345
18280
83
6512
112
988
10345
1940
55
7797
11
19
15
362
27
11
0
8
2569
0
2886
6589
0
258
34
18788
9
0
32986
0
0
655
11
3712
2949
71
11
37267
51
71
178
9
15
2348
484
1788
58
37
995
4656
14
848
394
0
0
0
39
113
0
2
334
1992
685
10232
0
3
5172
1
14
11265
0
4651
337
0
20703
5
39
1934
443
0
1702
0
7247
37
31468
0
585
2
0
4310
115
49
28048
111
179
2
0
3
0
0
0
1561
34
1564
322
5
21
8
7
72
0
13
0
1
0
85
10
0
2082
1
1
106
0
30
891
13034
32
4
129
33
0
6235
20700
14254
129
12
61
267
0
14032
0
4
121
0
0
3
0
13
8
2348
2927
2
0
100
72
2247
0
656
434
32
26
43
3756
68
0
1795
3017
208
7
11
50
180
74
2
77
7351
59
15
0
6967
83
0
0
0
68
843
0
0
17
8
2421
17884
149
1
392
8
5
0
6487
1215
4692
695
867
0
173
31
0
0
70
0
141
1093
9
0
1262
865
3457
99
0
4643
679
139
0
1
122
191
1
56
28
368
15900
0
7
0
0
0
151
98
10353
1448
1
1
0
0
14
10
0
18495
8
157
545
0
1963
3
4
0
31
20535
13467
191
14395
263
20
8
11
6
2511
383
54
2
1858
38
6548
0
0
4189
1
0
12155
40
1023
0
0
2053
351
0
11
45
0
1522
202
0
1697
0
17
13014
7
814
4
7
1
0
0
2
5
22155
0
5
37
0
0
834
55
5
0
0
5
1
25
86
4592
0
4
0
0
2689
2548
18
23
6695
8
1273
0
0
2
337
191
0
7
1
0
0
8
177
1
0
4921
12
24
1
0
55
194
552
3
7
2
0
16
2
0
7
709
69
15
241
12182
0
8
0
0
0
0
10210
0
0
165
291
514
1
3
0
0
4982
7
1102
50
54
98
4
3
5
664
1
726
47
0
0
0
0
1
8177
8
227
32
900
47
3
11
125
18
20
3
256
24
1
107
0
0
77
0
151
148
4
3
29
2
2
5
91
169
0
0
38
0
16
12
0
178
348
58
6555
1
43
84
814
668
0
44
269
1786
10
3110
3022
0
7
0
50
54
12607
0
0
130
1491
0
1
0
0
9474
7901
217
0
24
0
37
76
0
9
0
1
0
0
0
0
0
9
44
0
0
0
115
0
2
0
2
1
23
1666
0
3949
488
2910
0
0
0
5947
3
9
0
4807
9
1299
256
48
337
0
33
0
0
1
0
0
64
4
13
152
4
68
62
247
0
0
3228
1
33
1
0
270
0
3
0
1
2
0
18
1
0
8162
1
0
263
3846
0
0
284
64
5625
12136
5
0
27
5
0
40
2
0
785
0
0
7
2
80
20
0
0
7
1
2
0
0
5689
0
1
3
60
0
5148
33
91
34
1163
623
46
20
0
0
3107
1
286
150
120
0
13
4
3
0
0
1
2
36
79
0
20
0
223
1703
0
31
170
11
2623
51
0
0
3
0
0
2
0
0
1
1545
0
11
1693
85
101
0
1407
17
0
383
0
1
0
0
37
0
1661
22
0
37
0
0
0
0
0
4162
7
0
9
52
311
763
4278
7
0
52
629
0
14
132
0
45
21
0
0
0
74
5
4
1
2017
192
0
2
1
1096
0
0
0
125
0
7
556
9427
104
642
28
24
3
0
29
5
1
5
1
0
60
1
29
0
0
0
0
4
1425
0
67
0
0
12
0
17
115
0
0
1
4285
2565
1
1
0
34
0
0
0
0
1
0
0
3
1
69
32
0
11
44
2
0
0
0
0
0
241
10
0
673
14
1
342
20
10
0
0
600
4
9
141
215
27
0
0
233
0
0
242
1
7
0
54
0
7
0
0
0
0
712
0
61
0
3
2
3
73
5840
12383
2
35
4138
3
0
1
0
0
16
7
307
158
9117
55
36
1
0
42
0
0
0
7
1
2218
10
0
35
4
0
10
0
0
254
0
1
0
0
0
0
0
0
0
830
0
0
370
0
517
12
0
1
33
223
0
0
0
0
1427
0
0
0
11
0
5
2
2
1
18
0
0
53
0
30
6
3
1
1484
2
301
1
1
0
0
0
16
1031
2498
0
13045
7434
8
0
0
0
0
0
0
8
2
223
0
538
435
27
0
0
32
0
0
0
316
0
964
0
22
1281
0
0
6
1
39
0
3
0
2
1292
2
2
0
0
156
0
3
1
0
1
1
1
338
0
0
9
0
0
0
256
0
0
0
0
486
0
5
0
2
2
62
761
92
1910
0
8
0
2
4
6
0
0
0
0
1
0
0
9
20
0
6
83
0
6
0
0
0
7
98
22
22
2
3
601
2
49
7
2
4
0
1647
4
0
1
297
0
7212
260
0
634
13
9
14
1139
0
221
0
83
967
3
4
0
0
0
3
7
2
0
0
0
0
0
136
30
0
1
0
0
1567
0
2
436
1
0
1
16
0
1
4
176
0
0
0
2095
0
7
5
5
0
4
0
0
0
0
1
25
0
1
0
28
15
0
0
55
7
29
33
0
258
3
0
0
270
0
0
6
0
271
3
623
15
1
309
5
0
0
0
91
0
2
0
0
15
244
0
140
17
1
0
0
0
0
0
0
111
12
194
0
35
4
26
143
0
33
14
0
0
49
0
1
199
25
598
27
0
0
0
41
1
22
108
28
0
0
0
1
0
0
5209
652
0
1
0
4
0
0
4
13
1
0
0
0
0
0
0
353
55
3
1
0
353
43
0
4
0
0
1
11
7
2
3
0
0
5385
1
313
0
55
11
0
0
0
0
395
3
0
0
68
69
0
21
246
7264
0
0
0
0
0
0
308
0
9337
2
1011
123
0
0
70
1
4
0
0
341
64
4
0
0
0
5
0
839
0
3
0
2
0
10
556
0
5
5
0
4
0
0
0
1036
2
0
7
0
0
4
43
47
1660
1
0
0
928
2
2
51
481
40
0
782
0
0
828
0
0
0
0
2099
116
846
8
0
47
0
2473
6935
1
0
6
2
0
0
0
0
0
0
1800
70
1
0
1
0
0
0
1
67
0
3
0
0
0
9
0
3614
19
0
3
0
46
0
59
0
0
9
485
0
315
37
0
9
1098
0
23
0
1573
1180
130
0
0
0
26
7921
40
5
10
779
1
282
22
1
3
0
42
164
2643
0
53
15
0
0
25
15
1
1
241
0
0
0
0
0
0
0
0
7
0
2
27
1
12
1187
2169
14
111
0
0
0
0
0
0
17
42
1608
929
181
6
2
3
7
0
0
83
6731
0
998
0
8
4
197
12
0
1
7
5
6
5
109
1
1
1
0
0
0
0
0
4
0
0
1
0
7
0
0
0
0
0
0
0
0
0
27
274
8
13
8112
0
71
13
0
0
1
0
0
2
0
0
269
0
3533
457
2
0
0
1
1
20833
0
0
29
2
1
0
0
924
0
67
22
0
1
0
797
0
981
0
23
2993
0
12
0
12
408
0
0
226
13
0
1
19
50
1
0
0
0
0
929
0
36
0
2229
3
6
41
8
0
1
1
0
204
0
0
1
0
777
17
298
11784
1
0
0
3
1
105
0
496
20
1
73
3
0
0
6
1234
306
650
10
303
1
0
0
10
0
0
0
0
26
19
0
1
45
66
0
7
0
0
0
0
0
1
8
0
2025
0
4335
3
0
128
2
7
0
1
0
2813
1
0
2
0
31
5
9
413
0
1845
1819
3140
6
0
0
0
2
4586
5
681
6
1
0
17759
124
30
10519
20
33
0
1649
50
0
0
0
0
0
0
0
8
0
0
183
49
8
36
0
11
204
0
17
33
0
1071
104
0
1
2
2
892
0
0
1
2
2
17
311
549
1
60
35
1
6
933
1234
0
2
0
42
2
1
380
0
0
0
0
0
3
140
0
13
0
28
5
10
0
0
2
268
0
3
0
0
0
0
0
0
0
0
8
0
0
9
1
0
0
0
4
0
0
71
64
0
1
22
0
1
0
0
0
1240
1487
11
2867
198
2
23
13
8
1
0
0
690
0
0
1
0
70
0
198
0
65
0
13
118
6
1
0
5
0
0
1
0
28
197
1
0
0
5
91
18
0
14
1
7
0
124
375
372
0
0
144
38
1701
11
8
74
0
1
0
1
1623
7
0
2
3
3
7286
0
0
10
1395
3419
0
23
0
1771
55
35
1
0
7
5253
2
0
0
0
2
9
1
86
0
0
32
59
0
0
0
173
0
17
312
4
0
0
12
0
399
1
0
2
5
344
7637
58
1829
18
0
3
0
0
0
336
272
344
1638
0
0
51
1709
2
2
28
1
0
47652
27677
30
0
0
1
0
2
20
3
0
2
1
19
34
0
0
447
0
7
1
0
0
0
2
0
0
0
0
0
0
0
8
4
2
16
0
49
0
1
104
4
24
0
2
4
4
0
0
2608
2
0
3
0
0
860
0
6
2
1
5
4
0
0
0
6
3
0
0
2
61
8
0
12
0
0
1
2
20
0
2
117
0
0
0
14
1
0
109
0
0
0
0
1
50
0
0
0
0
0
847
2226
0
22
4
0
233
0
5
5011
31
93
0
0
25
549
0
5094
2888
887
0
1
17381
98
0
1
30
1458
177
143
3470
0
0
0
0
222
0
115
0
2
434
1
0
0
0
0
59
0
0
0
4
2
0
0
0
84
371
0
16
0
25
0
0
58
0
0
1
0
0
23
2
0
525
15
0
29012
1
0
0
0
3
12
3
15
1
44
0
0
43
4869
32
0
740
87
11
0
87
48
3
0
1
0
0
0
0
49
0
0
83
1
7
0
0
15
0
0
16
0
0
38
0
0
14
9
0
0
0
0
2
0
0
1
0
0
0
3
3
2
2
0
280
0
0
2
9
29
2
0
0
111
622
0
172
563
87
1
3
2228
1
86
0
4361
0
0
0
218
38
0
0
32572
0
0
958
120
0
33
7
1
0
0
286
25
0
0
174
0
5
0
7
1
16
0
404
0
7
0
0
434
0
82
2
0
2
1
0
0
0
168
0
2
1
0
41
0
0
2
0
1
0
0
1
14
1
1
0
12
105
0
182
0
5
40
0
0
0
0
9514
33
489
0
0
5
3
0
276
0
12
367
16
4
7
1
0
0
1
2
5
1
0
2
0
0
226
911
0
1
32
0
15
4
0
4046
0
0
0
0
0
2
439
1
3
2
0
2980
0
7771
0
0
2
4
0
0
0
0
0
1327
1
0
3
0
4
4
1
1684
0
3
0
11
1058
341
0
23
9
0
1
0
47
116
2
0
29325
1
0
0
0
0
14
10
25240
32
0
12
0
0
1
3
1
0
0
0
14
299
0
1
2
0
3954
683
0
85
4
0
0
7
683
17127
0
0
82
1
2
8
394
0
7
0
2
21
0
0
0
0
0
12
0
0
5
1
3
15
0
0
0
0
22
1
0
38
1
2
0
4239
0
508
26
239
0
1
1
0
2
0
0
1
22
0
1
0
1
1
0
15
0
0
2
125
0
32
0
0
0
0
0
2
0
12
283
9
0
9
1
0
0
0
11
1
0
12
0
23
6
6
0
0
37
2627
9
0
0
1
0
2
0
0
0
58
0
1
0
220
0
0
1
1854
0
8
5
0
318
18
3
1248
8
0
1
339
0
0
3888
20
0
0
10
140
0
142
0
2
1
0
0
2
0
0
0
31
0
9
0
230
0
5
0
1
2
1
0
906
2
1
0
0
6
0
0
0
0
628
0
41
263
1
94
17
182
206
350
3424
16
0
0
0
0
0
1848
24
0
28
0
1
59
0
117
0
0
169
19744
4
0
0
0
17
0
0
0
15
0
46
2
1
0
0
0
11
29
6
0
0
2
0
0
30
0
0
931
0
0
0
0
27
0
19
18
4
4
17
13
0
0
2
0
1
0
0
0
1
0
27
0
6
2
32
1585
52
1
11
0
0
0
7
0
0
1366
1
0
11
2
0
0
0
0
132
2
0
117
3
23
116
0
1
0
0
0
2
0
121
0
0
14
1
76
5
16
10
0
0
0
90
64
13
1
342
349
0
5584
1
572
0
3
2
0
1
1
430
444
67
945
1947
2253
3
2
0
1352
0
56
3
0
0
173
0
0
0
22
6
0
0
2
0
0
1
0
0
44
3
15
0
0
17
314
4617
0
0
0
0
0
884
0
0
0
2
0
1
706
0
0
0
3
1
11
1
16
0
155
0
0
19
940
3
0
0
7
49
1
0
22
23
1
0
6
0
29
197
3
0
0
0
0
0
9
0
1
0
2
0
0
0
0
0
0
1
0
0
0
2
0
0
0
0
16
0
0
2
0
20
0
2
0
5
0
0
6
6
38
0
334
2
2
63
1
1
83
1644
0
0
180
1
0
43
2
0
0
0
5
0
1588
436
0
8
1
0
0
3
3
0
6
0
86
0
12
0
0
0
0
2
0
40
545
789
0
0
0
0
10
71
0
4
0
0
29
0
0
717
0
0
0
0
0
0
0
0
0
0
0
1
158
0
12
1721
0
2
282
9
3
2247
14
0
0
0
0
0
0
28
0
0
3
0
10
0
0
0
0
0
1
5
0
0
41
0
224
25
27
0
2
1
5
0
0
26
0
0
0
0
9
2
10202
13
0
7452
3
0
0
0
0
0
0
0
0
0
0
0
51
0
1
0
0
24
0
33
2513
1424
0
1
330
14
1603
3
0
4
0
1
0
415
0
1
0
3
0
0
0
0
25
1
0
0
0
0
0
0
1
0
30
90
0
0
0
3
0
53
3568
0
0
139
1
2
0
7
0
0
5
44
0
5
110
0
1
2
52
98
0
0
0
0
2
1
0
0
28
0
0
3
2467
1
6
9
0
0
2
0
0
0
0
0
155
26
0
2
0
13
0
0
0
0
1
808
1
0
0
0
0
7
0
277
0
1
0
350
29
4
0
0
0
0
5
0
0
1
12
0
0
0
1
667
1
0
0
0
0
0
6
0
0
0
7
28
1
278
0
0
0
0
26
4
0
1
240
0
0
0
0
3
3
0
10
0
0
0
0
1
2
1
2
133
0
3
0
9
212
0
5511
1
0
0
11
0
1
0
135
7
24
199
3
71
0
1309
2
55
1
0
0
0
0
0
0
15
73
16240
0
0
5
0
2025
5
12105
729
0
1
10
5
0
0
0
0
0
0
6
13
0
3
0
1
69
0
4
0
0
5
1
0
0
0
0
0
7
0
0
17
0
3
0
2
0
0
0
7
0
0
1
910
0
1
7
0
7
0
67
0
0
4
0
1
148
9
16
1
97
0
0
0
0
0
0
0
9
0
0
0
9
3
0
0
14
0
0
0
0
0
6
0
0
0
0
1
47
55
0
111
16
1009
49
0
0
171
0
0
0
13
0
0
16
1
2
12
1
0
1
0
0
21
0
4
0
7
0
3
0
4
0
721
0
17
0
0
0
7
910
0
0
0
0
0
0
48
0
28
1
0
645
4
2111
1
0
0
0
0
0
0
0
0
0
6
3
12
0
646
0
2
1
0
6
1
0
0
2
0
103
569
1
3
11
0
1290
1
0
317
0
0
11265
14
3
0
2
1048
0
1
0
349
0
0
0
0
0
495
0
0
135
0
0
1
6
0
1
11
0
7
0
0
0
3
25
8
11
109
58
324
0
0
0
8
0
0
2
0
2
6
0
115
2
102
0
1
1
196
1
1
1
0
543
1
0
2
0
383
0
0
0
11
2
0
29
4
0
0
6
0
3
0
0
0
11
6
7
4
12
75
0
1
0
0
0
0
0
0
17
0
19
173
98
0
0
0
0
272
2
0
0
0
0
0
0
4
0
5
13
55
0
0
0
0
293
0
0
6
0
1
7
12
0
2
380
23
3
0
336
1
1
23
4
0
12
4192
67
9
24
3
0
0
10
0
0
408
0
0
0
30
0
639
0
12
0
0
0
6
0
0
20
0
0
6
77
0
0
25
1
0
13
0
30
6
0
0
1
28
47
1
0
11
1117
187
0
0
0
1
6
0
23
0
4
0
85
0
7
0
0
0
0
0
4
0
0
4
4
1769
1
0
0
0
5
1
0
1
0
3639
0
1
0
0
0
0
16
0
0
6
0
208
0
0
0
5
3
35
0
62
50
0
0
0
5
0
0
1
13
44
0
1
0
1
0
0
9065
0
5
0
0
243
4
0
0
6
0
0
0
0
0
0
0
0
13
737
2
0
3
0
6
0
1
1239
20
0
37
2
8
685
0
0
0
91
0
0
5
7
0
364
0
11
0
2
457
28
6
60
2
0
14
23
95
10
0
0
0
2
0
0
0
0
2
0
17
0
1
0
4
1
1
0
0
1
0
46
0
0
0
0
0
1
1
0
0
0
0
1
0
2
2705
0
149
110
0
0
0
0
119
23
1
2
0
207
0
0
0
30
0
1
14
21
1
0
3
71
0
0
1
0
0
3
1
0
67
0
0
5179
6
0
0
0
0
1
0
0
0
6
0
0
0
0
0
2
0
1
1
0
0
0
0
1
7
0
2143
4
0
0
377
1
0
0
0
0
0
0
0
0
0
2
12
0
15
22
3
0
7
27
2
23
116
1
0
0
0
19
0
0
142
0
0
0
45
0
1
0
0
12
0
0
50
0
0
2
7
0
0
43
0
0
76
0
0
0
0
0
30
0
28
0
0
0
13
0
1
6
7
1
0
0
1
711
0
0
398
42
0
0
1
0
0
4
0
1
0
6237
0
0
0
0
461
0
8
0
0
4
0
0
0
0
20
14
0
0
0
0
38
0
0
1
0
3069
146
107
1
0
0
80
2
2
3
0
1
1
2
0
0
0
0
3
0
0
8
0
98
4
0
1316
0
707
1
3
0
0
2634
0
0
0
24
27
0
0
125
0
0
0
1
52
1
3
0
10
0
0
3
0
31
21
0
0
0
5
24
0
1
2
0
0
1
3
0
16
0
0
1
0
63
148
0
0
17
1
0
0
26
0
0
0
0
387
0
0
512
27
105
8
0
0
2
1
10
0
0
7
0
0
2
1
0
0
0
0
320
23
0
0
0
22
6
0
0
0
1
0
2
0
2
1
1
0
0
563
0
0
0
2
0
13
1
0
0
2507
0
554
381
3
0
1
0
0
682
0
546
179
0
0
2
1
3
24
34
56
0
0
0
0
45
1161
0
0
358
0
1040
0
1
2
0
0
1
0
5
399
0
0
134
0
0
0
680
8
0
0
0
1767
0
0
3803
0
7
0
1
0
0
1
26
2
10
317
3
0
0
0
8
0
0
2
100
0
6746
5669
5669
13705
87
32336
160
37142
32679
842
38
22325
320
23201
6923
320
12327
2125
3704
38
22347
35464
169
0
87
424
11
163
22347
2045
61
1031
21562
10811
3065
192
530
21420
182
335
5868
153
67
3566
15643
13319
13115
5104
606
1612
2449
169
3214
77
13390
185
163
6209
5104
5071
3674
320
12859
1067
581
12
12
8
2111
64
0
17
7
5576
357
12
1791
864
3
24
3
7
4208
2
370
17
2508
826
29059
1874
151
921
11683
2
33
18
3858
24
17
0
727
3
89
0
1
9031
25
642
67
12269
11
29
182
11
16776
64
1458
19
4
2233
14556
4
6
1
1
1109
12
8508
51
11779
11779
2
1123
2
216
12449
2
0
5
545
0
10
762
0
36
655
83
4342
562
0
3709
3338
2635
2402
59
2
0
15
32760
11553
1
2953
0
220
0
1
2
9
6
342
131
151
11058
0
4
12
1417
0
209
81
3316
28401
13163
89
3
0
1316
33595
31
0
821
18402
174
27
27
4
1674
35
0
5933
65
158
189
201
18272
5
27
2
12
370
225
99
0
34
445
6276
8
322
3
408
89
1048
2
19
48
2988
0
1
0
75
30
358
1
34
0
4
0
488
3
0
17
0
0
27
280
33
212
526
23
34
429
16482
983
3594
25
126
0
42
42
0
0
4
3
71
15
1
82
36
1
240
144
4
82
1
1
0
0
116
75
14234
88
10
17735
66
68
984
2
281
1299
328
55
0
0
778
11313
1
1
610
0
1793
313
11850
3
0
0
28
597
2
0
5
673
30
5
676
0
266
1
0
3
3231
3
0
0
29
83
84
2
8
6
18
0
16
390
2114
1660
28
5
3
466
2
88
9
2
3
17
2
0
0
91
2079
39
60
49
1
229
1357
11
402
3
0
24950
0
0
12520
258
3
9
52
1
286
76
54
1724
1159
9
0
31
328
0
69
56
11749
0
24
6
2360
2360
1016
0
2
1
10
64
3
0
0
12401
2
1
836
0
1
1
1857
15
17
11
0
1
10
119
21
62
1
0
8
2202
0
0
0
4
0
2
1
0
43
3683
0
125
10424
2
23
65
0
0
769
0
24
3851
10746
0
26
0
6
204
1519
0
1
1
514
3784
0
2
153
117
37
0
0
1
1
758
540
29
5
0
381
347
6493
0
1
25
14843
50
0
96
132
2012
0
0
0
7
4176
15
0
670
135
1
0
0
2
6273
0
7391
6
2
0
66
532
5294
0
1
1
8
6
4714
15
266
2
11098
154
1
6
5
291
1901
144
15703
0
0
2658
0
0
66
139
0
0
2268
13
0
83
0
0
8
4
0
1
1
67
176
0
0
1
128
347
0
11134
0
0
0
4
0
2567
8
5
0
54
0
29
0
8
0
442
0
0
0
1
183
2
49
0
870
6340
0
0
1
3
0
131
0
13
0
9623
0
2
1039
0
0
1311
2
0
95
57
0
0
2
262
45
191
546
4
0
864
8
21
0
0
49
1
518
6
292
0
407
90
1
0
0
0
0
174
0
725
4
391
0
0
29
482
0
1
0
3
0
0
3482
60
0
29
1
208
0
16
0
0
0
159
0
1
17546
0
637
159
4
36
1
2
8
1008
1
0
1
68
95
38
0
0
2
2
0
0
586
1
2007
0
1
331
2906
0
676
0
1338
0
0
0
1
922
0
2
0
0
8
0
550
1
0
0
0
0
2906
2
424
117
10
0
19
15
29
37
110
106
0
788
569
12
9
0
840
3
22
31
113
8
0
3
0
77
1
8852
2716
1
17
0
14
122
0
1
3
0
51
2
0
0
16
51
0
0
987
203
11
51
0
0
2
0
2
0
0
249
0
4
0
2597
0
673
0
277
478
1973
0
2
0
20
5
0
0
0
0
11
0
6
0
3
0
0
851
0
0
0
1
5
3
121
4177
1
0
1
3939
40
108
20
0
218
81
0
0
0
33
0
52
1
1971
53
0
0
0
0
278
1
1
0
0
2
1
2
2
0
6
5
0
2
0
6782
1786
0
17
1
0
2
574
3
0
0
21
12877
0
2
6
0
795
11
1
0
7
0
68
10
2
0
0
0
0
0
350
223
196
1499
0
5606
3156
294
0
56
6
0
2
0
13
0
2178
8
0
26
98
0
0
0
0
0
239
0
6
0
21
706
49
54
0
0
1
0
15
10
9
9
9
0
2
2913
2044
5881
0
1183
1
0
727
0
7
19
7
3
3
0
2
0
381
0
0
201
675
14
294
2
0
0
10684
1363
9
448
1
0
1
2
0
7
0
0
0
0
0
1
7
2631
5
0
0
12
0
995
1
7
0
0
1
4666
48
29
0
243
0
6
6181
19
0
0
0
10
0
0
186
3
0
0
15
0
5
0
0
1180
144
0
1
3
1
18035
1199
756
9
459
522
621
0
0
2234
0
8
29
404
49
52
0
1
1
0
157
1
1
982
52
21
0
1
3
3
133
0
19
2
2
219
0
725
150
6
1
3
10
800
117
17
0
62
2
0
15
1
0
0
11
5
1
158
0
1
0
2
1
4
947
6
3
73
0
2
0
0
0
32
1
0
0
9198
0
0
0
337
55
0
0
3
72
6
2
758
448
17
3694
0
3
1132
1
4151
0
0
0
3
1
0
0
12
0
0
932
1
13
10
101
1
833
0
42
3860
0
227
0
1
0
7
1051
0
1
0
1
0
0
5
0
0
60
0
0
22674
6
0
653
5
0
6
1
0
0
3287
1
0
0
2
4
4
0
2
8
0
83
645
0
830
8
5
1
1229
0
2671
19
15618
11
3
5
1
1
0
0
13
1
0
0
1206
100
1
0
2083
1
25
1
13
0
2
64
110
9527
0
1866
177
8
34
0
1
0
2
14
12930
6
0
3
1
0
0
0
8
1
2
0
2
133
346
1
1
1162
68
0
1
5
1
1
135
0
379
1
620
0
90
603
9
0
95
0
1
0
2
53
335
0
0
1
15
0
1
0
2
25
628
1282
9
0
2724
1
0
5
967
199
20018
10
39
1
1
3
2
587
9
0
0
797
3
25
81
0
2
12
3
1
1992
89
173
0
177
237
0
0
21
9
0
19
8
0
6
1
1
20
2
1
0
0
2
0
10
1407
218
22
0
0
8
0
11
6
750
0
0
0
12
5
0
0
7
9
14
820
0
2
0
1
1
2
2
0
0
0
214
0
0
2
199
330
0
48
3058
2288
15
341
0
2
14
0
1
1
0
1
10
0
1
394
479
0
0
0
2
4
0
0
0
7
105
3815
0
0
2
0
5
1077
2084
193
2692
1145
127
11
706
0
92
0
2
41
10523
7
2
0
12
1
3895
0
0
0
201
1575
0
0
2
24
1674
1042
2
6
22
0
42
8
0
2
1
394
0
59
49
102
0
7
18
5
5
0
3
0
0
1
5
1
0
2
1
18
2
0
4
773
23
2
3183
4061
1
54
1277
0
473
1
0
435
38
0
2909
0
0
0
0
0
12
94
9
6
3
259
7251
0
6
0
6503
0
0
7
86
0
156
147
1
128
58
0
0
0
51
0
0
127
5
840
1
3
36
209
2
1
65
394
0
61
1
63
2
46
1
184
9
13
2
0
0
569
0
0
4
0
127
4
3
8
38
0
0
22
0
2
1
31
0
13
5
1
2007
20
1212
18
0
0
1
0
0
82
2327
44
0
56
2
10
1
0
0
2
81
6
4
122
5413
386
3
677
34
162
9
0
0
0
0
2
21
47
9248
0
740
254
94
0
28
0
0
0
1
1
2
2
0
1
0
0
0
14
2
0
1
10
0
207
0
9
10
9
0
2963
0
5
1354
7
7
1
2
904
16
40
1
1
1
0
0
1
0
1
930
296
0
1
12
1
24
0
0
101
257
0
1
70
724
870
0
2
0
102
0
0
113
0
0
0
0
2
32
0
20
0
0
1
0
101
46
135
4464
9
1
0
4
0
41
0
3
55
0
0
326
1414
2
0
0
8
456
7
0
558
9
4
4
251
0
171
0
1
180
9
50
0
1967
0
796
1
68
9
0
0
0
0
2
1
60
0
215
134
0
5
0
1
2
0
0
0
0
4363
2
41
2
2
0
0
2
17
98
2
3
36
81
0
0
582
1
0
0
1
0
0
1999
25
1
0
0
5
3
4376
3
0
121
5
277
21
56
5
0
0
670
0
666
215
66
0
70
2
0
0
55
3
0
0
0
9
0
7
0
0
637
0
319
70
25
9
1
0
1613
0
0
205
983
0
0
47
0
6
1
41
2134
1
0
6
1
1
1055
150
2
0
1596
12
21
1218
0
0
0
0
1
1
1
0
0
0
0
1
6
0
0
2111
0
0
0
0
1959
0
4
3444
19
1
145
0
0
1
820
0
0
0
0
3
1174
59
0
2
12
395
75
9966
0
0
0
6
0
0
15
2864
69
0
0
1
29
11
2
0
2
1
7
84
7
6
28
0
6
12
1
17
0
0
47
0
89
4
2
1261
0
0
0
2908
116
932
3
16
0
0
0
351
0
0
0
0
0
0
0
333
0
2
38
29
0
65
212
79
1
0
0
2
11
10
1595
0
187
0
0
161
80
29
11
0
0
0
0
0
18
3
30
0
62
2
0
54
0
93
0
1339
0
217
0
19
0
0
726
262
2
7964
0
2
1584
0
1
1
0
312
2
0
0
4
128
0
3861
78
34
0
147
8
10
5
141
4
17
0
13
0
15
3
20
0
16
0
0
626
0
4
0
796
4542
3
19
3
1
169
1
3
0
3041
0
3
10
15
22
26
0
514
0
0
65
2423
5
0
0
15
135
0
5891
36
3
1
2
0
0
1023
8
1
1
968
1323
48
0
0
0
8
0
71
80
48
0
5
18
2
0
27
0
3
2
400
86
0
54
645
1196
0
26
0
291
0
7
1
0
11
0
0
0
9
0
39
0
1
0
0
75
1
0
0
0
0
1073
67
0
0
33
28
3
0
0
0
353
0
245
0
4
20
1
0
1
7420
0
0
0
0
3
0
1456
1
2
0
1
0
1
4
0
0
63
0
0
2
0
1
0
601
2
0
0
7
25
0
1
2989
5450
16
5650
16
998
0
1087
313
0
0
724
8
46
0
0
0
0
0
0
0
995
4
41
10
0
8826
0
2
11611
1
0
1
0
0
0
39
0
0
0
2
44
78
23
37
0
420
4
0
1450
1515
1
18
117
0
0
79
0
0
335
0
68
0
0
7
238
211
0
4
5
0
5
0
19
0
1
0
0
1189
0
0
0
1
0
0
0
73
25
0
18
2
1
1
993
0
2
7
23
0
0
0
10
16
32
753
10
0
1
2
107
0
1556
10
57
21
0
3
0
0
0
0
1
1963
3
0
0
0
69
236
0
239
0
1
120
505
0
0
40
2
0
31
0
7
87
4
0
0
40
0
63
17
489
0
0
119
1
3
5
0
383
5
21
15
7
0
0
59
338
389
0
7
73
7
5
177
0
1
60
2
1
0
0
0
10
15
0
0
21
1
0
738
8
933
32
50
0
0
0
1
0
0
44
0
8
1
0
68
0
2
0
0
310
6
2343
0
0
0
35
0
4
4
0
88
6
251
0
1
0
0
2
1
2
0
0
117
63
1
614
142
58
0
7
0
3
3
0
8
91
29
0
0
8
25
0
51
0
5
1
1
66
0
0
204
0
0
0
0
1
2
15
0
8978
2
0
0
73
0
11
7
0
1825
0
1
18
22
27
0
0
0
0
0
0
632
17
0
22
24
0
2
2
0
19
0
1
20
7
0
0
2
5
0
2
3
1733
0
0
0
1
276
35
3196
0
139
2
0
1
46
21713
0
0
0
0
0
0
0
8
0
1080
0
2
0
618
3
2
7020
90
1
3
9
2
369
1
0
1
36
0
0
0
0
0
0
0
0
21
8
7
33
0
96
1301
0
8
1
0
0
92
1075
0
0
0
23
0
0
6
0
3
1
255
80
0
0
555
0
0
0
0
1
398
0
0
71
1
0
3
0
722
0
57
1
1401
0
2804
36
502
0
2
0
0
8
7
0
18
103
0
28
64
7
0
0
1
201
3
2
0
82
0
1
1
17
1
1
0
0
1
22
24
1
4
1
126
0
6
1
1
0
707
0
0
0
0
0
0
6
4
0
0
82
0
0
0
0
0
7
0
620
0
6959
348
1
39
0
0
3
0
1893
1
5
445
0
0
63
0
0
0
10
0
0
716
178
0
340
286
0
0
0
0
0
0
9
0
1715
0
1717
0
2
1
0
25
5
16
0
0
0
6638
10
0
0
0
2036
0
0
168
0
0
22
1
102
6
0
0
2640
3
1933
0
3
0
1
23
2
40
0
22
0
0
0
1
1509
0
13
1
15
0
2
0
114
0
5
4
0
0
26
39
0
7
1
183
506
0
27
17
0
108
1
520
0
0
0
1
0
2
722
5
0
0
6852
25
0
195
2
0
0
1
3
0
3
27
132
0
292
0
0
24
7
0
22
17
5
0
20
1
0
407
0
0
2
12
7
2
0
1
0
0
0
0
68
43
0
87
0
0
0
126
710
1
0
13
1
0
0
0
5351
21
0
2
589
0
0
13
58
0
1
2038
0
4
0
2
24
0
5
1
22
182
344
153
208
472
0
0
0
0
18
200
1
401
36
8
0
0
0
0
17
27
31
1602
39
3
10
0
0
1210
1
17
0
0
44
3
1
13
0
1
1084
0
0
0
0
867
2
0
377
4
0
0
2646
2
0
0
171
858
1018
76
19
315
1
6
2
0
2
24
84
3
1
531
5
0
0
2
0
2
0
37
0
0
154
2
0
2834
230
0
2609
40
2
20
0
0
0
180
0
0
2268
1
0
1
140
0
32
27
1585
82
0
4440
0
0
400
1
0
0
0
0
66
14
1
0
780
3
160
1
2155
8
8
2
0
0
0
1
0
2
10
0
0
0
12
1008
2
6
0
96
14
4
2
0
30
1
9
0
810
44
0
0
2817
22
0
0
79
263
0
3
0
0
1
1504
61
1
406
0
42
0
0
2
1
0
0
1
167
52
3
9
2
0
0
11
137
383
0
1109
170
145
891
0
0
0
0
103
1
5
0
1
4
354
99
0
1
0
2
5
5
1
8
5
0
0
2
0
23
0
76
11
6
31
1122
1243
1153
0
0
192
0
2
57
0
2
0
0
0
0
0
0
0
300
84
0
5
100
1
2
25
0
17
37
1164
1
1
4151
0
877
3
0
56
189
0
69
2
0
0
2
30
66
1
19
0
10
50
0
1
34
0
0
0
80
0
17
0
47
7
3433
0
0
0
2544
1
0
2
0
749
2483
0
0
6
1
1
0
112
6611
64
0
10
0
240
623
3
0
3
0
4
107
501
1
2555
7
202
1
2616
1
179
140
0
90
14
0
2
0
5
2
0
123
11
0
6
0
0
20
0
0
17
60
0
0
0
3
7
1
0
2673
81
0
0
0
12
0
0
2
0
0
1
1
992
604
4
0
1
30
0
1
0
1
0
9
0
21
46
1
0
11
1
0
0
0
29
0
1
1
2
0
0
141
1
1
0
2
0
45
1025
19
0
0
46
0
0
0
0
2
60
2
0
1385
0
2
1964
9181
2
7
0
0
10
0
17
107
0
0
7
38
1084
2
0
6
0
1
9
198
0
0
0
0
7
1
4
0
1
157
0
0
45
9
99
0
0
65
0
35
0
0
0
0
0
2
489
5
0
876
4
0
799
0
5
633
309
9631
0
0
0
0
89
78
953
1065
0
0
0
27
0
0
2
0
0
422
0
0
1
20
3
0
108
0
16
4
0
2501
0
361
22
0
67
4
1115
11
0
0
0
1
13
0
1
858
6
4637
8933
0
0
113
0
1537
15
10
0
0
0
0
3
2643
52
2
3476
336
9
1964
738
5
0
2417
2516
0
57
4
1
0
0
0
0
0
22
96
3
0
0
12
208
56
168
2
14
4
0
1
0
1
2
0
1779
10
0
133
58
0
0
1
3
0
0
1
182
3
84
2
15
5
186
0
0
0
1
0
1
1
109
0
2
2
3773
118
0
0
2
1170
108
0
1
532
0
0
151
1
1
0
0
0
0
0
0
0
0
1
0
7
28
74
0
0
0
61
0
2
1
1
4
0
2
27
5
0
0
0
0
14
0
27
4
4
338
1323
2044
0
0
23
0
7
0
561
4
23
0
1
83
0
0
0
0
0
2
944
3
0
0
1
2206
0
479
0
86
1
1
9
109
26
1
107
7150
21
0
8
0
0
3014
196
2290
1
4
0
0
5
8
1
1533
0
5951
0
1
249
9
0
0
49
0
0
3
40
0
70
0
0
0
1
64
19
3005
15025
0
0
6
0
0
3
433
0
6
1
3
0
8
1
2
903
1
2
8
10
1
0
0
2
0
1
4
4242
0
0
214
7
0
2
1097
49
0
1022
0
26
5
54
161
0
5
1
4955
19
2
0
0
13
2
0
160
11
63
146
1
220
111
2
1
150
0
0
3464
0
0
38
0
0
1
0
0
0
0
24
0
0
161
0
46
1
0
2
0
4
33
20
544
877
0
0
0
3
9
0
0
0
17
2
1
231
0
0
1
0
0
0
17
0
0
2
4
2
1
109
17
0
123
0
97
0
1408
0
398
12
1
0
1
0
0
88
0
0
1
0
0
2
0
1
41
75
0
1
2135
88
0
1
0
145
14
51
1
303
0
1
6
0
0
344
58
0
0
1
1
3
4
410
1
0
2
0
0
0
2
0
0
166
48
0
36
0
0
0
311
83
4
144
1
69
5
0
104
0
0
25
637
8
8
8
52
2
0
238
2
96
135
88
5
0
0
64
2705
0
139
7
0
0
0
0
6
1501
7
1456
1
1408
21
34
30
76
572
678
25717
0
0
0
0
0
16
3
0
0
0
176
14
0
0
0
0
19
0
1
60
70
0
0
6
0
0
3021
31
0
1
0
0
0
0
1
0
3
0
3
0
1
43
0
0
1
2
4
9
0
0
0
59
19
171
1
0
2
0
1
1
27
1
0
32
0
6
547
0
1
0
4
24
3
41
4
0
0
29
0
0
3
1
4204
0
161
184
0
1
0
0
2
0
88
11
27
560
16
0
961
1
151
0
27
0
4
2
475
0
456
173
32
784
1
0
0
6
29
0
0
136
0
0
0
873
0
14
0
1
9
0
757
1625
5
12
4983
0
1
0
0
0
1
64
873
0
0
0
0
0
1
1
0
0
797
0
0
3
17
0
13
1
0
4
0
6
36
2
0
0
1
0
36
244
0
1
29
13
3
0
0
0
0
1
6
7
16
49
1
0
3801
438
7
0
0
0
0
0
2
0
150
2
222
0
1
0
194
73
11
15
15
0
0
0
0
0
0
0
0
5055
0
0
137
0
5
113
28
0
1
456
0
0
0
60
599
0
21
4
0
19
12
134
0
1
4
4
0
2
10
0
0
0
0
4
0
3
0
0
0
20
0
0
695
0
2
0
2
0
0
60
8
927
8
2
0
1
0
0
0
0
0
0
35
0
0
0
12
29
8
1
235
0
12
960
0
6148
16
0
0
0
19
12
4
8
2
0
20
26757
320
18934
3958
4238
19134
38410
591
7058
73
87
13214
18960
21876
12859
6124
169
26757
854
147
38
87
16
1769
390
16138
67
17524
314
440
0
621
38204
13700
320
169
38
638
3473
42588
11547
5958
1621
5104
4864
4238
1769
19134
18424
4066
30988
1060
4220
376
2595
4769
994
994
4238
4220
5606
13902
16426
408
5691
22837
2965
48557
12
32
28
39
11
34
2810
5
317
3
2636
116
339
218
6
3320
35245
224
18167
8933
142
62
4358
597
48
595
91
1332
0
50
20
3864
368
4437
276
1
879
25274
5
202
10594
625
378
32
5
42
48
2313
10633
755
753
304
35
16
59
10633
5
139
824
69
27
0
12
43
2240
2430
0
1175
8
2470
707
60
3
4
6
858
179
0
127
7789
28
35
427
501
123
1657
3
53
7181
1
8107
5357
168
0
2
2
181
8
1880
6698
2653
87
19
3801
2714
1614
211
12
6702
69
1910
3
0
45
710
8
0
0
561
0
0
3081
145
6
49
88
3647
2270
6105
158
277
2929
3295
0
650
1
8683
1028
217
197
1
7112
5760
4
0
18
3
59
9
67
2972
3
0
8
4
2
6
381
31
0
3221
24
19
14
473
62
5407
54
0
15
1288
47
0
0
41
740
2368
0
0
2
279
18280
4508
340
0
106
12
6
49
7474
5
151
1
24
8
168
4
192
6408
482
2
14
103
0
97
3307
172
495
0
4
5
0
94
0
29
7
4
73
13
5
3
2
27
0
57
1
148
177
528
446
1
5
519
18
146
2738
9000
48
83
1
388
397
4
0
1
2374
373
24
923
1596
3
0
0
3092
79
34
0
0
0
1754
2247
0
0
4
68
3
5
474
105
59
14
3
60
0
6841
8
44
10
121
561
497
18
17057
7688
52
1448
18
203
368
231
2976
0
98
353
1
1716
84
4548
3084
1
2
1
18
248
84
3
5
0
3150
3
2
1
1381
5718
11513
0
0
14
1
1458
4
0
7
23
20
0
19
452
2
112
44
0
0
1
11511
0
76
0
3
854
17
130
1
10
0
853
458
17
2290
30
0
3
4
2
192
0
9638
209
95
1
73
158
2
0
24
57
2059
185
190
2
347
1353
1
274
1
1
309
2055
6983
0
0
1
269
14
2577
8
10
0
3205
2381
243
6
13610
2
102
0
12439
0
326
814
1
1704
360
55
18
51
0
3
4
1
3
1
0
3
1051
0
5
1
2
124
302
28
0
320
0
162
2
0
0
17
6
2
2
1
0
840
3
0
2574
1605
11
167
4
3595
1
0
11124
302
1
10
2493
11
0
1
8
1
7
111
1
0
45
4
639
556
0
626
0
843
27892
472
21
6072
74
1
0
2
991
0
4
4366
0
1020
8
2
139
242
0
157
8
0
15013
17
20
511
0
5
0
0
6
174
494
2
0
3
4
1
5
10704
6199
0
324
1
8
2
1
1
2
0
14083
31
111
1
101
0
0
4
4
0
578
51
36
0
18
2875
0
75
12
0
53
1
1065
10
5
0
0
34
10
1
0
2
0
3
926
310
2
1
70
1
0
0
7
2
106
2
1
126
0
0
617
0
6
1858
2096
0
0
0
0
392
2942
0
1
476
20
0
33
5109
12
379
0
2220
48
391
0
4
0
0
3
0
6
17
200
34
1
2
381
144
0
0
0
3468
1
36
0
3
2514
4
0
0
1
6
72
0
1
34
0
274
0
11
1786
186
1622
0
0
636
2
35
1
0
3
29
38
521
3208
0
2
20
92
59
14
0
61
0
0
2405
0
48
31
0
0
0
6
0
1
18
0
813
42
35
2
1
0
0
1091
633
0
84
22
36
1215
43
0
1
39
131
10
0
0
1
0
3
0
0
69
19450
0
7524
38
0
84
50206
11
0
3
1
7
1000
6
9
9
0
0
15
0
37
0
0
0
38
125
2824
36
0
0
279
18023
0
19
14
9343
0
8
0
7
38
0
0
12574
0
4175
54
0
126
1
0
205
0
6
0
0
2
47
0
4
0
0
1516
2
59
7
170
28
10
0
0
0
4
118
0
0
9
21
738
1
0
0
6
3
0
3395
0
30
3
1215
80
1
1508
1
0
2
41
540
8
16
2512
1045
0
1
3637
0
482
2
3
3
0
9
1651
0
2
1
300
4695
5
2
0
0
7728
33
669
0
3969
0
1
0
0
42
94
503
1602
1
25
788
0
10
1
0
6739
194
1
0
10
2065
0
0
0
70
34
121
4
581
831
27
1122
0
63
12
1741
2
203
0
0
100
0
13
0
0
6
7
11
0
0
0
2
16
2
0
10
1
0
391
0
13
51
2846
0
0
5
4
6
7
1
308
185
52
0
0
0
0
0
1372
0
867
1
9
7
381
0
0
0
80
619
1161
3318
8523
4
0
33
882
2
0
1
320
8000
1
20
0
0
0
0
267
0
35
0
4
0
0
0
2
21
25
0
1794
1490
9
79
3
309
31
0
49
4
16
58
102
5
330
0
2532
0
1
312
3
3
0
0
3
0
25
0
2
26
59
0
0
1756
3
4
0
3
278
0
1254
58
0
252
12
4
2
25
0
1396
1
0
1
12918
1
1
133
0
39
35
0
1402
1
0
6
1822
410
88
2
97
804
141
10378
0
0
0
1
254
0
5471
1
0
0
368
1927
0
2229
0
0
0
0
10
98
43
0
2136
617
5
0
172
15
4
363
0
0
397
7217
42
6
13
258
4
1
1
1850
0
0
2581
1
3
105
7
0
3
41
358
1
3
0
2
1
16
1
137
1628
4787
581
740
0
1
0
0
963
22
18
1
1
0
0
0
2
0
24
2638
10
18
0
414
17
0
472
27
20
0
0
266
877
0
0
18
468
3335
105
4247
6
15348
0
218
1736
34
0
2
0
1
9
8
0
78
1384
0
1451
0
1
8308
9
1293
730
124
2
55
11
1
403
0
990
4
547
0
0
31
92
1
0
16
848
0
8
140
0
0
2
16
0
0
0
0
4628
10
582
5484
549
4
0
443
3
16
236
0
8
2
14
122
4
221
1096
131
0
12
10
4
1
1
0
0
4
8
97
0
20
0
48
8
104
0
87
10
397
0
0
9
0
76
0
0
33
0
0
1
21
75
1
10
0
931
0
0
9
0
0
3305
2037
68
1092
0
481
1350
4
2
13
0
33
0
5
0
65
2
3226
93
567
30
10
1
1
0
0
5
0
94
138
10
3
3
0
0
6
1
166
136
296
3
1
231
1
3
15
2
3437
0
3
185
12
0
30
2
0
0
0
508
0
7790
3937
0
3635
0
1
9
1
260
12
1
39
0
6822
107
35
0
280
1
82
0
1
0
2
0
2
2
53
1
7
27
0
0
1
0
632
306
2
8
0
0
0
97
16
21
418
379
0
19
1
1
1823
67
1
3
0
33
0
1
45
0
16
44
48
177
95
7
3
344
8
850
0
324
0
5178
19559
2774
21
74
554
24162
6774
8
0
2635
100
616
1504
0
8
162
0
1
24
4
3
6330
1
2
12
5
87
3
1445
6
70
866
1
2
0
346
10
27
0
1
586
21
0
0
335
0
1703
9
3
128
6587
174
0
8
0
0
1
603
116
0
119
0
320
0
4
0
46
14
15
7
45
30
134
3
0
34
19
42
0
0
0
0
28
4
849
0
1
17741
3
0
3
20
1127
38
1228
1
5
6
36
766
26
536
1
226
0
1
246
4
1147
11
5
0
0
3
49
0
0
0
1
0
0
125
0
0
0
0
0
9241
0
0
0
112
3
1
1
0
0
0
0
0
8063
12
31
0
0
0
0
1
0
142
3961
5
853
0
0
95
32
1
121
3
1
0
0
2
57
0
0
0
1742
0
21
2
11
0
6
19
23
150
70
6018
0
1
8844
0
0
7
0
18
0
28
0
3100
99
0
0
6
1
21
0
1
22
3
395
298
3390
7659
6431
202
1
0
0
1
0
0
0
812
0
49
0
240
1161
0
0
3
0
0
0
1
1
63
0
1
233
4
0
9
0
17002
10
47
42
340
3
28
42
2
16
0
22
0
298
7
6
479
0
1
7
367
0
33
9308
30
0
87
0
0
15
470
13
2
0
0
0
0
3
2
0
2
1
0
0
7167
48
0
0
2325
22
221
3
7
239
0
0
9
13180
643
0
132
2
3
0
183
3
143
6
0
20
0
0
38
0
15
64
165
1
0
13
2
4045
9
0
82
492
0
170
0
2
1199
1
79
148
115
179
0
1
0
10
4
0
0
0
0
100
33
35
97
1252
0
0
6
0
1
0
0
0
5
5
214
186
1
1291
0
0
1
2
0
0
1
0
0
0
167
0
754
10587
0
1
0
1644
133
88
270
3
0
913
1849
122
0
1
0
0
188
529
0
4
199
19
83
0
3
0
0
0
253
7
87
30
6356
329
3
0
2
47
1
881
0
1322
166
4
3
840
6
0
1
0
33
18
0
2
646
0
1
1072
38
0
0
24
5
2
60
0
0
1
4
15273
9
0
194
274
0
0
55
8
0
856
1921
0
1
0
19
1
714
19
0
356
3
1
14
2142
16
0
42
19
0
13
1
0
27
0
0
28
3276
2
530
0
0
0
976
387
6
454
0
1
0
1614
3
3
1
0
6
9
0
1073
107
4822
1491
7
21
314
0
0
17
32
17
0
0
151
0
14613
0
29
191
0
159
11
144
2
1
4
1748
0
0
224
3
6
601
128
10050
17
0
0
1447
1208
1395
1
0
30
0
416
85
120
10
0
1
4375
0
809
4
3
12
18
1
1773
1878
1
670
0
4
3
328
67
56
0
3
0
475
0
156
0
0
2286
0
426
0
452
53
0
0
53
3704
1
50
0
2
0
0
0
0
0
37
2
0
1
4
0
5
6
17
3
1
0
0
0
2
187
2742
5
4
1
2420
0
0
4068
9
12
0
0
0
0
0
0
10353
1
10
0
34
0
0
0
0
0
0
86
0
1542
0
1
465
4810
9
1595
277
4
19
74
793
0
2
0
0
74
868
2
15
245
2417
1
35
0
10
0
196
0
1
21
0
1263
1
10
0
0
181
0
0
0
99
7
973
0
0
2
0
0
0
0
4
0
285
4
55
0
8325
0
3
1
0
4922
944
0
0
0
6
934
0
0
8
0
17
46
7
24
15
534
5
931
1
11
0
93
2
456
385
1
0
0
0
5
0
0
1
0
8
0
13
4
4
4
0
0
426
4
679
0
1
84
3
0
1
13506
6
4
27
79
0
7
202
3
5
75
0
32
161
0
0
110
41
19
0
0
106
1
0
13
2
11083
0
2827
3098
4
2
4
0
3
193
0
3
5
7
86
1
8
77
133
0
1
0
1
182
189
107
4
18
9676
1
1
2
0
2578
0
248
31
0
0
0
0
0
1
0
22
2
8
31
0
0
35
17
0
0
659
1
19
0
0
16
14
1
29
0
59
0
740
210
0
10
0
1591
1115
0
1
1
11
0
2
33
3
5
302
4
237
1
31
0
42
0
4
7
6
382
1
3
1905
0
1
0
0
2276
937
1793
438
308
202
0
432
6
3170
5505
0
1
1
2
14
0
17
1563
1
0
0
10
0
43
0
38
58
74
0
4
0
0
0
10
9
6873
0
0
5
2
89
0
12
9
38
1
3184
0
1
0
0
0
1
1
923
1
2
82
12
101
3856
3
163
0
79
6
1
3
0
1053
0
423
0
11441
0
0
0
77
11
0
227
12
1
38
31
0
73
1
1
1
3
4
1174
0
3
0
8
230
4
6
85
7958
0
16
0
43
2
72
104
96
217
365
58
0
0
24
0
159
0
2
0
1
369
1
0
11
2
0
0
0
1
0
0
2
303
204
0
2652
272
0
13
44
3184
0
0
1005
1
0
8
0
546
0
2
0
1
149
1079
2
0
0
1
633
1
1
1
19
1
0
0
0
0
32
0
0
0
44
13
15
1
151
28
8
6
65
0
1
101
545
133
0
0
10880
0
1
0
1
8
5
1
127
349
0
0
0
0
0
156
55
63
0
1
0
0
49
0
2
2462
1
1
3
0
644
0
557
3
3
2
0
1824
1
4
0
28
24
0
5
1
0
0
324
4
2
0
150
0
4
121
3
61
7537
137
21
0
377
62
0
723
237
0
0
2
9
1001
1311
2
3
0
18
0
0
10
164
0
1
0
1
0
171
0
7
0
36
2
1
2
17
4
10883
99
1
1914
1
0
0
0
34
1
10
2
0
255
164
3
1
96
161
207
659
0
0
6
18
279
1364
14
9
71
8
2
1
116
0
0
7
138
0
31
0
391
0
1440
128
0
0
0
68
3041
4278
0
1
0
173
101
7
3
0
876
0
0
10
2
0
26530
36
1
1
0
4
1014
76
132
2
0
5418
0
1
3
0
2
534
1
1640
0
0
214
0
15
3
30197
3
1
34
91
390
9
1223
0
0
17
0
489
0
1
9
5
1
1236
0
51
0
0
938
5
12
0
325
0
0
370
687
554
0
2
89
0
12
170
0
46
92
0
24
0
2
0
0
4
3
1
0
13
0
2079
2
61
3
15
89
0
1
0
8
0
0
3
6
188
1331
1
15
961
0
1
0
30
0
161
37
729
1
76
12
1408
0
0
9
0
0
10037
0
5
0
16
1
9
3
0
0
5
0
0
327
23
0
18
0
0
0
24
39
2
6
0
124
30
0
0
6
0
1002
36
0
28
471
39
1
0
1965
10
4
1
2
1
1
84
0
243
10
46
32
2
7
0
692
1592
4
1
0
0
2
2
11
6
0
220
17
8
4
0
0
0
0
114
0
46
0
1
10
0
5
6
0
2
0
0
9
0
3632
0
3
13
7
4
1
16
0
0
0
0
158
2
3
237
0
9633
0
2
0
0
23
0
6
0
19
80
1
21
0
2
1682
0
0
2
0
6
0
0
287
403
1
0
56
12
102
9
5
25
1
14
5
8
15
1
0
52
3335
1
0
1453
367
3
719
0
0
1
1
1376
0
82
2171
0
0
1
0
0
7
0
29857
1726
23
0
7
93
91
1
0
20
5
0
618
0
0
154
12
0
0
2
1
1915
6330
0
4
956
36
10
1151
6
0
0
0
3
2047
8
20
0
349
0
1
0
1
0
1
2
7
3
0
0
6
3
0
0
0
10
13
2
1
1
0
0
0
1
4
3
41
11
13
1
0
23
0
882
13
0
3
0
0
1337
216
0
0
13
0
0
244
0
0
2
1013
111
2
4
11
351
17
0
1
522
20
39
2
1
0
1
4
0
5
527
0
88
0
0
0
0
6109
1
0
11182
102
1
0
0
0
3
35874
673
0
1
319
406
30
0
2
84
0
181
0
0
0
0
0
105
2
0
0
2
124
0
274
0
1
0
0
0
5
53
0
324
101
19
8
1143
0
0
0
271
10
1
171
508
0
2416
1
0
0
31
1
1
8
287
4
9
5
33
0
1083
0
63
3057
0
9379
0
147
1109
0
1397
0
144
0
0
21
0
0
2
0
5
133
627
220
5
636
15
6
107
1
109
47
0
158
4
36
1196
0
257
1
0
581
1
0
0
0
29
0
0
11
2
1
2
11
0
1
7
0
1
20
3558
474
0
31
425
705
0
0
0
21
0
0
0
770
16
7
4
1
2
0
60
409
0
0
0
1
525
122
2
0
1
0
0
644
0
204
1
102
281
63
0
2
0
0
9
0
0
2
2966
7
1
0
23
0
1
16
1
0
24
0
1
82
47
1
354
5
2
1629
9
0
284
899
351
37
0
7
2
153
0
13
533
25
1368
0
19
0
0
0
11
62
13
3
34
10
0
0
0
0
4
18
0
0
45
7
0
3
0
45
0
4
2
1
1
6
9
1
0
19
0
89
1
18
1
7
228
582
0
859
34
0
491
0
18
61
0
19
10
0
0
14165
4
0
3
4
9
34
0
333
2
756
0
286
0
52
278
0
0
31
0
1
0
5
2520
2
1
0
0
2
1
0
0
12
19
0
88
407
1
0
1
315
8
15
199
2
0
0
0
2
0
27
1
1
0
21
6
2
1
19
849
0
10
0
1682
62
7030
0
2
0
125
0
224
0
862
3
0
2382
0
0
6
43
0
0
1
0
0
28
63
8
0
0
1
0
8
5
0
0
3337
0
48
0
42
0
9
1
0
0
0
0
117
0
0
26
501
15
48
88
15
0
0
270
0
130
0
3
0
0
65
0
0
97
1
2312
1024
1
0
9
1
40
5
1
11
1
0
5
3
1
2
0
47
0
1
0
726
3
0
0
0
29
0
0
0
0
0
1
0
0
4
6
12
0
393
4733
2
0
0
1
0
1490
0
2
9
0
0
5
3
5
59
9
0
33
5
4
15
41
95
0
0
1
0
3
0
3
3
53
7
6
9
0
1
1
9
9
0
40
181
0
0
1
28
0
74
4
0
6
5
0
425
0
0
174
0
1
17
0
0
4
43
14
100
3
1
8
0
51
0
0
50
4
1
1
4
9
0
15
0
8445
5
0
0
2
0
99
15
14
253
40
245
16
297
1
1992
0
1
26
0
3099
0
1
0
4
245
19
234
3
995
2
4
7
0
5
4
14
1
76
20
172
5
1454
1
0
142
3
64
0
9
3
100
0
690
21
182
1
17
12
316
8
0
8031
12070
6
0
0
1
27
32
6589
1
0
0
83
0
6424
0
0
0
0
0
12
157
0
0
13
36
1
7
25
1
3749
0
275
81
0
1
18
192
52
2
0
26
3
183
9
203
4
0
7
24
0
54
0
0
0
0
927
0
0
6
0
0
6
383
0
0
654
0
0
5461
2
0
0
0
0
0
2
0
4
0
0
0
1
950
2
1
204
0
0
3493
6
5
1
17
324
15
1787
17
1
0
747
1
1
0
5491
0
6
0
7
686
1
0
0
0
23
0
143
2
1
4
0
78
0
255
44
1
0
3
1
129
0
164
0
5
4
0
4
217
452
0
0
0
0
7
95
0
11
4
1
0
0
44
0
0
0
0
0
5
6
0
0
0
2
1122
4
450
0
0
49
0
0
0
0
0
0
0
35
0
591
0
958
7
1
2204
3
0
0
100
3736
13
0
4
0
91
0
2
57
1
0
1
456
133
90
0
51
0
0
0
22
75
660
0
2
12
0
0
48
28
640
2
2
323
0
1
16
1
658
98
1
10
2
3
88
10
1194
743
1
0
988
5
0
9
68
0
0
1
0
0
964
108
4
1
0
6
132
1091
3716
0
0
126
0
27
1
1
4
0
12
0
6
0
0
0
31
0
13
0
0
0
1
0
23
1
1
38
0
34
29
0
0
5
0
5
1
0
36
391
8
0
5981
0
233
0
244
119
1
0
1
2
0
7
2146
165
37
0
0
0
2
35
1
436
1
1
0
832
0
2
0
5
875
711
11
0
1
0
0
0
0
3814
1172
23
0
0
852
0
109
0
0
3
10
2
0
0
46
4
0
1
12
125
0
0
0
4
1
0
7
0
3
0
0
0
18
13
6
0
166
3
2
0
5
0
7
0
94
18314
0
5
0
0
0
14
8
150
162
3245
0
182
108
339
0
29
0
619
1
0
0
8
2
0
0
5
379
0
1
14
6274
0
0
1
56
0
5313
1
4
0
2
209
0
4
0
1
0
1
10
58
5
5
0
0
71
147
1104
8099
4298
0
18567
2226
0
31810
37910
39765
320
0
320
14345
230
6
4298
5088
3484
8318
412
77
22953
12859
2398
2260
2466
6749
0
3983
390
4220
47
5841
132
163
6702
5104
22857
1573
578
351
4837
11824
23105
2485
14775
1009
48
8025
28
0
1377
0
5104
8102
13160
839
1612
3912
12859
1558
0
0
1981
53
11936
826
7032
713
606
0
3
385
8628
826
1411
16
2
36
11101
389
2852
6115
6102
19
0
146
25618
2007
2385
10
2886
5121
142
433
22
0
8799
846
0
15634
180
5
2010
15550
1
0
22
1662
11230
308
1299
37
23968
1940
87
1940
0
15
81
57
11
25882
2341
1
1518
13
7
30
28
29
1
206
7
1458
14
0
43
4284
15
3672
2
6
6454
1
6283
277
59
28401
837
376
8387
2216
12
12128
741
59
1263
1957
799
9
58
80
3756
79
2860
0
9
3
10
2
2436
339
6
2
16
25
28330
2927
5611
4420
333
12620
1
0
0
96
28
22
48
0
261
22847
6953
0
53
1234
6
6
12
32
1
5447
27
8
849
74
6
31
2
623
24
9291
12841
757
0
183
348
0
22
298
2
3
798
0
424
2
0
3710
895
11
31
2
0
4688
1867
1023
2403
63
6
33
20099
3
163
2
4701
0
4
1
0
1
3
0
442
63
3
45
329
6
0
5233
1
424
0
17
3028
6923
1
2
75
7
0
101
76
0
853
0
6
0
123
131
102
1299
53
89
37
199
9
54
1
0
0
1459
116
507
31535
0
1088
8
600
0
0
0
5
14
0
2431
2720
7
4
234
0
90
0
120
12
1282
3
0
0
3
1
49
43
0
1
3
8676
0
2
3
39
19
0
8924
7
4
1
300
59
3
6
3
6525
1
1
110
3
0
1
0
69
287
6
0
25
2
6671
1465
25
111
116
0
8
0
14599
125
7
1
399
17
0
2597
1897
7241
13
34
0
786
1
201
924
664
104
3
10124
4052
482
19
4817
1020
24
3
1
0
90
19
16
11476
555
0
0
80
108
2
0
2965
2219
0
0
336
8436
0
1
4
18
776
249
0
4177
27
21
0
0
0
10
97
955
4
9
1
490
1
383
83
151
8
311
11
7
0
0
27
411
17
47
0
8423
1
1949
0
0
9
585
0
13
11
419
0
1
12030
302
405
10
714
2
158
0
5
12
1
0
37
23
3084
23
122
0
0
172
5
58
0
0
2
2
858
4
0
214
263
5
127
11
0
0
1
0
0
3170
171
15
829
2
2
50
2338
1
4247
0
124
8
0
17
1
0
1247
3526
6
1
686
1
17
2278
1
143
0
23
5137
1
15
3
0
1
182
0
0
0
1
453
27225
10
3
49583
834
80
2168
0
0
3076
0
1637
316
1286
849
31
0
9
0
6
1097
9
0
0
0
5863
9
4980
545
1474
14
1
170
699
4266
0
2
0
2
0
3
14
24
0
7
2945
4623
4
406
0
2
0
307
1
2
1
27
6
205
39
120
2067
0
15
1423
5167
3
17118
115
0
59
0
0
0
0
2
206
15
0
8
0
3
2597
4
2
674
750
1586
0
46
0
0
3
0
0
15
680
0
127
982
1
44
12816
121
95
465
5753
1
162
73
2363
4
3
56
0
13
12
1
0
366
71
0
6
118
56
432
9
17
0
0
1241
3729
10
0
327
1040
31
62
9840
0
137
0
34
12
8
0
7651
77
0
4
204
0
640
13
5
626
0
523
31677
4621
53
113
8
81
809
2566
4
531
1
7
256
25
0
1
170
21
1
751
1
577
46
0
383
0
480
0
1
198
0
1
0
0
95
0
919
27
2299
725
1
1
30
109
1
3
7
80
2
3
0
44
7
457
5217
100
0
0
374
1
6
3100
0
0
311
8146
0
6664
809
5
0
10
1022
327
3
1
22
0
23
28
244
20066
92
68
1
54
15350
26
22
652
19
9
1
544
0
0
397
205
5
499
4
0
65
10
37
1
1
0
37
378
164
605
12
0
0
0
0
0
0
5
0
2
0
0
0
6
27
81
2779
15
1117
3
3986
0
2812
26
8
9
24
104
0
1
3804
0
11
1702
0
7
878
1
0
252
125
0
11
0
1
770
1
0
15
43
0
0
3
0
684
31
0
41
41
0
9
5
6
0
0
0
0
68
0
62
2
20
0
6
23
0
10
456
0
0
70
28
0
151
4
16
1
0
2
14555
7
1
0
0
1
0
1
10
217
1
13
5
12276
4
16
10
2
20
0
10
0
1
18
7909
2434
2505
157
19
6529
1
0
0
16
6
0
1110
19
0
2664
1618
491
0
1409
1
3663
0
1
14
1
1
1
5
0
141
9
3507
3
0
11
445
106
0
0
415
831
630
4
137
3
0
6
0
231
1
75
14
0
2
2
85
0
8
45
177
19
0
1
9
11
12
36
3
58
1
18
60
0
0
1
196
3094
6
1
327
33
12505
1660
9
5
0
0
1
28
344
19
1
1
0
0
0
8
0
5910
124
1796
17
2
647
18
0
0
0
0
0
1
371
1338
181
3
3198
9
0
1
0
0
0
78
31
17
361
0
218
0
63
1
1
0
3120
0
1
14
163
0
27
0
0
0
3
292
1
3
0
1
0
0
5
0
0
0
111
3
213
2
0
2
6264
0
0
22
0
694
39
1
0
1
1791
917
2
1
1
0
0
4042
155
1
122
0
1
1
85
839
1
52
47
0
208
0
3
0
0
1
1097
2
0
0
0
36
0
4
22
2
7
1
0
2
0
0
0
556
5
0
0
1
1
0
0
953
0
1387
809
11
33
0
10
0
0
0
835
33
0
111
1373
5
0
0
1
2
7
4
1
3
1
0
382
74
6
0
93
1
2
28
1
0
146
1422
1
55
8053
372
1
0
27
14
1065
1
0
49
0
1985
0
649
2598
22
0
426
1
77
6
1
0
0
3
743
45
0
0
66
0
0
2
13568
0
0
1
1
145
1
9
0
1233
5
1
724
0
0
1
1
0
110
4
2
0
0
4
81
0
45
12537
1
27
0
6
1
0
0
42
0
4
62
12
0
271
1
192
0
48
0
0
115
0
0
3
0
0
1
41
1
58
0
0
7
14
1
0
9
1
4238
0
20
1
0
1
398
7
646
1
0
0
0
68
0
0
438
0
0
0
606
59
2
47
0
4
223
0
106
4
7
10
111
4
0
199
57
0
44
16
0
95
0
8562
0
3
0
0
1700
2
386
1
2124
0
0
0
0
145
1
0
0
1
38
5
2
8
125
45
0
3641
0
1
1
0
2
1
8
26
491
1
3
0
0
1
0
2
0
6
1
94
104
41
3
0
1804
1
1772
0
82
1219
437
871
1
289
0
11
304
0
0
400
1
0
11
0
63
24
0
3
0
0
11
0
0
0
0
31
216
74
163
11
1
0
213
1
66
2311
0
226
0
9
10
359
1
0
5
1
0
0
0
0
118
3
0
0
80
12
7
0
1
0
0
1
977
0
4
393
2
7
28
0
8
8
0
0
1
12
0
51
415
0
0
0
13
8
20
0
7
4
3
0
14595
2
2
0
1
9632
216
564
0
5
0
829
0
216
0
1
127
0
0
0
0
56
0
0
1045
4279
11
586
26
48
1
3
41
96
153
0
1047
5
0
10
80
126
10
1
0
4
0
11
37
0
0
5
0
0
0
0
685
102
1353
8654
5
1
104
6
1
0
1
0
1
20
17
83
0
0
40
5
2445
1
0
42
29
130
0
5
34
0
1
0
0
881
0
4600
81
645
474
0
1
205
9
37
11
0
800
16
5835
0
18
0
1072
5
0
916
2577
0
0
0
0
0
1
246
0
0
1
21
0
0
180
31
142
0
0
2666
1
17
9
31
58
0
3
0
1932
0
13
1230
0
0
138
0
35
32
220
2726
61
0
3095
15
348
11
1
0
44
10
1
1
112
7
44
0
742
0
0
139
1440
17
221
2
3
0
0
0
0
0
0
7
4
8
0
5
0
3
0
0
1
0
1
0
189
2
38
8
0
0
10
343
2
0
34
0
381
21
6141
2
33
0
2286
0
0
0
10
0
20
3
2
0
1
0
0
0
1
178
37
1
17
12
37
0
0
39
72
0
0
0
60
270
0
14
1
0
1
24
2050
2
0
941
8
1
0
12
68
15
3
6
0
0
0
0
1
122
0
45
19
0
4114
0
1383
15
125
0
0
0
21
2
410
1
13
6
0
0
0
8
1
95
0
42
0
54
0
0
1
1
0
0
0
0
0
10
0
39
22
1415
263
1
27
7
0
1
8
36
10323
1
1
4
0
0
1384
1
0
25
3
0
3240
4
0
1
196
0
8
51
1
22
3
0
0
0
1353
183
0
1
51
0
1
3
1
0
0
3636
25
0
0
1
0
393
0
821
2275
5
837
0
132
0
37
1
0
6
1
332
1
39
12
0
0
0
0
293
2
18
1629
3
0
22688
68
2
43
0
36
131
94
1
1
228
0
0
309
0
3
0
0
0
6
30
26
0
2
1408
139
1
1270
3
55
22
1782
23
0
0
0
0
131
0
2491
1
2
77
209
282
0
23
0
1
0
0
18
41
1000
0
1
17
0
7
1
1
4
2
0
52
2
1
0
8
0
23
1081
0
1
2
30
0
0
0
7
0
7
0
0
15
24
2
0
2
530
1
0
20
122
0
1
0
5
84
70
0
0
644
104
5
12
0
0
11
0
325
1
0
2066
8
1
8
6
1
113
164
26
3
1
12
1
236
0
27
65
53
57
13
0
0
12
380
94
1
1075
221
1041
4
13
4
67
0
11
6
12
0
1
411
1616
466
8
8
0
90
0
0
0
273
0
704
0
0
37
0
2
27
2097
0
0
1
2
0
2
0
0
0
10
0
5
0
0
47
185
0
0
0
34
0
1
18
17
359
4317
126
3195
8
689
0
51
1410
4
0
0
903
1154
29
3849
552
18
232
341
0
1
70
2
1
0
12
881
1
1015
12
3471
335
0
0
99
6
0
1
8
11
0
0
0
2
0
0
6
1
0
26
3
2
59
0
0
0
3
47
0
1
1
1
0
13
321
0
5
310
0
0
0
1
6
1
2
79
7
0
5
13
1
0
0
1
11
52
0
0
3015
1
4
145
1
0
0
16
9
69
1
1
8
31
1
5
0
0
119
0
1
157
1
0
7280
1
6
373
2
2443
0
5
20
4
6
0
0
6579
1252
85
418
0
29
0
0
738
2
2
545
0
0
62
0
0
178
477
0
41
0
0
411
0
0
0
78
0
8
0
9
176
1793
9
964
1
2
10
3
4527
14
0
43
8
0
0
0
474
5
609
4460
644
10
126
2
148
1
16
93
4
0
1
142
2063
2
3
174
142
49
9
1
2
11
0
7
97
1
14
0
0
2
205
10
0
374
0
1323
926
1
261
258
58
3
0
0
5
2
6053
285
320
1
2
7
92
0
14
0
18
0
0
161
0
0
0
0
0
0
27
0
5
235
9
335
3
24
0
0
5
808
1
37
0
0
185
229
6122
77
1
0
3
0
8
0
0
56
613
3
0
1743
104
1
5796
0
2
75
18
0
269
0
2
44
0
0
1139
523
1
0
10
2
6
0
45
63
0
0
10
1
62
2
104
0
0
0
0
2
6
0
8
13
94
4
2
0
0
0
0
0
72
178
22
968
13
0
1
3
7
0
31
1
9
0
0
3
0
0
0
52
0
0
663
1
3
15
0
643
0
452
0
4
2
3
2
0
1
1
0
0
1
13
45
173
33
2
1
0
16
0
10
9
0
279
6
6
0
0
0
104
107
52
31
7
182
0
341
8
0
800
0
0
8
29
0
1058
0
0
0
39
0
104
1
0
5
0
1
9
0
0
0
0
122
199
0
0
1
0
0
48
3
43
0
7
140
2
79
2
107
2746
5
13
8
85
11
2
3
0
2192
0
4
28
0
39
0
47
0
3
0
1
0
1
45
0
0
13
3
810
0
0
0
7
0
4912
0
1
6
0
0
33
79
0
12
1
12
0
0
0
0
1279
6
46
0
29
217
633
6
0
0
0
1
1
0
0
345
68
313
0
264
7
1
0
40
217
730
6
192
1
237
149
0
462
1
9
0
1
3
75
0
0
0
0
0
0
0
3738
1
0
0
1
202
7
1797
0
136
0
9
7
318
6
0
20000
85
1
0
3
0
0
2
1072
4
15
662
0
0
0
239
0
0
0
0
0
0
289
34
8
5
0
2
3
0
0
2
15
7
0
0
185
6
23
1
459
136
0
1
0
0
1
42
0
0
13
1
736
7
1
1
0
1
0
43
791
0
12
0
21
4
0
0
0
109
3
3
0
0
1
11871
0
0
12
0
1
1585
4
0
665
0
33
1
0
1
19
430
2
0
0
0
0
0
1
0
38
7
4
23
19
4
0
0
0
0
0
501
9
0
0
0
14
0
0
438
0
254
8507
10
2
0
1
7060
0
0
0
0
1
0
1
6
4
0
0
14
0
1
104
0
1
1317
0
0
1
0
0
2
5
4203
1
3
20
14
574
83
16
6
1
49
0
895
0
57
0
0
0
1
0
0
0
6
14
0
76
1
1
0
992
0
0
7
3
8
0
71
0
0
4285
74
2081
739
102
2577
1
6
2
0
0
1
554
0
2
0
8
4
0
0
6
307
11
1
0
442
83
24
0
0
1
3
0
1
753
0
0
28
1
0
0
1
2
201
0
0
0
0
0
0
0
0
4930
0
27
181
6
900
147
1
0
398
23
0
0
72
2
295
0
0
15
1
987
7
13
0
1
0
0
15
0
3
70
2
203
0
55
111
0
1
1
0
0
1
0
0
68
5
0
18
0
1
477
0
0
0
4
5
7
3
1301
0
0
0
422
0
0
29
0
5
0
28
11
852
68
1
14
120
0
1
5
0
0
3
0
6
1
0
0
0
0
203
3
1
0
667
2
5
19
0
5
0
1
1151
3
1
7573
19
2
0
4
0
56
1
4
0
0
5
405
1
0
0
23
0
20
8
0
78
2491
1
0
30
84
0
0
210
11
9
1
0
0
558
1
9
0
47
11
3
7
4
0
0
16
0
0
0
1
228
197
1
0
7
241
2
0
1
44
2
2
1
3773
213
1
463
1
0
2
10
2
10
6
15
0
0
0
0
166
0
138
0
2
0
112
20
0
57
0
0
0
0
9
3
4
8
211
296
0
0
0
10
5
3
40
1
1
0
1
1
270
1
0
0
4
1
52
16791
0
1
22
0
1
0
41
0
36
70
53
0
30
3
1
4
0
3
0
1034
131
537
0
0
283
0
0
479
0
300
1
0
74
4
0
0
0
1
8
0
12
0
5
32
0
13
11
0
1
10
0
3
14
9
0
0
0
15
2647
0
1
11
1
1
1
378
0
4
0
8
9
0
2
0
0
0
11
0
0
41
1
0
6
1
5
1
0
0
2
0
346
1
0
0
1
0
0
8
0
0
16
0
14
2
0
12
0
5
0
625
797
2
0
3
0
0
1
0
0
0
0
0
283
945
6
3
86
1
1
4304
1
0
3
4
0
0
0
197
4
2
1
33
0
1
0
8
11
2
0
0
0
119
0
214
91
5223
411
0
0
0
0
0
3
0
0
0
28
3
32
1
0
5
1
153
0
4
2
0
1
0
0
1192
0
0
1
0
5
103
0
0
0
4390
7294
0
0
87
3
1
2
5
4
1
19403
0
11
0
64
75
4
0
0
102
108
0
0
68
1
289
8
14
1
0
1
0
0
0
0
13
0
0
808
61
7
10
61
170
0
0
14
0
152
0
0
0
0
71
0
0
3
0
1
44
1
0
102
0
0
0
729
375
1
40
0
0
12
1
4118
1374
90
1
32
12
0
103
0
521
286
1
33
2756
0
2
3
0
6
0
3438
6
106
0
720
0
0
0
1
26
323
0
0
26
1877
2
26
11
83
199
0
0
0
0
0
0
5
0
59
0
1
0
2
52
5
1
5
0
13
2
45
0
130
122
2
1620
2
2
1
6
11
11
1
3
8
0
4556
1
63
49
0
0
0
0
253
0
27
1
182
0
1132
8
32
0
8
0
23
3
1
0
0
1
0
0
0
69
26
1
6
1
0
5377
7
25
1
0
16
0
0
27
2
0
62
98
1
1
0
0
2
1
5
0
6
0
3
0
0
0
5
51
0
0
0
16
0
1
15
0
1
560
804
1
3
0
39
0
0
5
16
0
75
17
173
0
0
39
0
159
6
0
0
0
0
19
4
28
118
68
2
5
1
0
399
7
0
0
0
1
0
12
11
3
0
1
0
3
90
0
26
10
24
3
4
0
0
1
3
48
0
475
0
0
6
261
84
0
0
0
0
0
0
350
1
0
276
4
81
0
1013
0
19
1346
6
8
0
0
0
1
5
44
135
0
0
3
38
327
7
1
423
5
2
1
0
2
5
0
1
5
2
219
0
2
0
0
0
9
238
0
1
0
0
1154
0
1
73
0
25
20
1950
0
28
76
0
0
541
30
0
18
6
138
70
157
0
82
23
0
0
278
1
0
0
297
0
0
11
6
0
0
5
0
694
8
0
20
1
19
0
0
205
69
0
437
1
11
1
9935
0
0
0
2
0
0
0
354
0
0
4
4
0
0
165
1
3
1
5
162
0
0
28523
3
46
0
0
0
2
0
0
51
0
0
0
145
0
5
1
0
26
110
477
1
50146
0
0
3
0
1
149
0
117
3
15
0
40
2502
383
111
21
2
0
24
0
0
23
4
0
0
38
1
0
1
11
1
1
0
106
0
0
0
41
2
1174
7
3444
0
1
267
45
117
0
4
1
0
0
0
0
1
0
0
0
915
1
0
174
21
139
0
296
0
1
0
137
0
8
1
0
0
9
7
20
0
7
1
4
14
3
2
2847
0
1
0
10
0
0
0
36
37
4
434
1
0
3
916
5
812
0
309
1
0
0
7
0
1
0
0
0
26
0
66
0
0
0
0
528
0
0
0
1
0
250
0
0
0
19
416
15
0
6
185
20
576
6874
145
94
0
0
0
17
0
0
263
155
0
0
23
219
0
207
0
82
0
3
0
0
1128
2
0
19
1
3
4178
142
2
0
0
0
36
0
0
0
1346
0
0
1558
0
0
0
0
1
0
0
12
14
0
70
4
3422
0
0
0
17
1
25
0
769
16
0
177
3
0
3
1
30
0
0
0
2
501
366
0
0
0
0
1
1
0
2
0
714
6
0
0
0
0
0
1
1
0
0
0
0
6208
0
0
1066
0
0
200
8
82
86
0
17
20
3549
14
1353
35
0
108
0
0
0
2
2
14
4
52
129
2
1351
9
0
0
183
71
104
1
12
19
0
0
0
0
0
0
53
10524
0
19
0
263
0
0
16
22
0
314
0
7
127
12
0
126
109
8
0
592
768
0
0
3
0
0
0
0
4467
812
0
19
1
5858
1165
0
3
448
5
0
1
0
0
8848
2
31
0
1
885
21
5
418
6
0
957
2
165
20
0
0
65
0
2
17
0
0
0
6
0
50
470
0
0
6
0
1
0
0
1
0
84
391
0
0
13
7
1
0
0
1
3977
0
3
0
2567
0
13477
10550
3566
7735
0
11451
2095
87
0
2028
38
314
274
12859
509
2938
18725
6019
11451
1243
16851
13600
29009
6
8631
320
2095
8411
994
147
320
47
9821
4327
33243
24789
38
4311
17251
320
320
621
13405
5639
274
11233
160
10702
43
1666
24471
553
29009
147
20939
15747
4151
992
4
39
583
0
834
3407
0
2111
826
30153
974
310
1382
43
3216
788
4
198
0
251
16
31
1
36
4
337
394
13
1
0
14
6
91
3
22
18
17
217
5
12852
0
16958
0
11890
1
0
3
1831
6
3
0
9
5340
3462
3
0
1768
5906
3
973
0
240
122
924
34
1980
37
134
47
12086
14
10
1773
52
4
16
172
7
1718
4113
103
2110
97
0
7989
385
0
20
3
40
0
2
0
266
4
7
36
5
309
2
17758
3
1355
297
1391
23
61
12
5
2
2050
31
37
12
5546
42
5
3
21176
0
1
0
0
3
26
11
3678
175
0
63
5
2
12
0
316
2
13
382
38
0
14
0
1602
19
342
289
7
2
137
17
27
0
401
83
463
373
459
16866
953
2
0
0
23
71
2
417
1
13
0
371
0
4
6042
7
0
305
5655
0
8
0
2
552
122
2121
2
2
9011
1
74
20
0
0
6
4
0
0
135
17
82
2
1
273
6
15
64
10
2
1133
17
7
8457
0
168
1439
0
0
211
41
0
5704
6135
27
12
6
30
0
97
4005
2271
11
6248
865
125
8455
6
0
0
4
19
1
7
8
2903
7
323
0
349
10304
0
3605
11
11
4
1
99
1
0
0
316
0
0
4
163
3
449
6
3
2825
17
107
1169
0
0
30
5
466
0
73
5101
0
0
3
1
0
15
5
18
4
6363
58
7093
9
4552
31
825
5
59
2
0
7671
48
123
26
9
0
1
0
31
10
0
0
0
0
0
19
25
0
46
6
8
114
34
1262
5685
3
5
204
1
13
13
0
6
0
1
38
255
234
20
0
4
103
0
0
0
0
1
6424
7
10560
3430
1
0
84
124
0
0
214
514
5
4
1
3
137
97
2
1
4
26
15
511
6
2
74
2597
0
0
28
16
6710
78
145
2
465
0
16
0
29
45
0
0
0
1120
0
0
22
7
0
8
2
50
0
660
5
160
6459
1971
14047
17
6
0
11
1337
21
0
5
401
2
671
0
2583
46
835
14
1334
90
2
587
21
1
88
6
0
0
3
60
0
115
13
1
12
6122
399
7
21148
0
1
241
0
0
0
6
15
1
11
4
104
6
1300
38
1
2
8
6476
1
9
2
1184
204
25
0
483
715
294
71
121
26
4
0
6
27
2
70
0
0
11
2144
3
2
490
7
1
7
0
46
88
1317
3672
25
0
7
5
4
0
6452
16
0
9108
10
0
37
2
0
0
196
1
6424
20
9
0
0
6489
373
31
0
32
5
6
3
14
1252
1
115
8
89
0
17
14
0
46
0
0
0
7
86
12
289
7
12
1
9114
24
118
2144
249
105
1
0
1
0
32
3
14
0
82
0
149
35
4
9
17
5938
1090
12
16
50
1
0
527
6487
3
43
34
0
0
0
33
15
2
0
1
0
1
4
0
4
0
28
14
3
515
0
0
270
29
3
0
38
433
0
0
7
5
11
7
0
10152
0
0
13
36
1
0
787
1
2
0
61
1
94
7
0
29
0
15
1
34
6469
4
164
172
0
1282
1900
338
14
342
1448
2
5
3
2
62
0
0
17
24
6
0
19
1
167
0
190
2
0
39
0
14
0
0
0
1
81
20
0
9
0
186
12
0
12
1
69
45
66
1
1385
105
0
25
4
3
16
0
6442
35
224
0
0
17
745
6
7
167
4369
5
584
1
5
0
1553
0
209
1
23
0
245
1
0
0
6
0
8
0
3
0
105
23
5284
6
0
35
660
9
3
3
32
86
0
57
0
0
54
18
64
214
0
897
3
127
1
0
6422
0
0
5
269
2
15086
1467
0
4
17474
1
0
0
0
2
15
0
99
18
1
114
2052
0
371
0
244
32
333
1
9255
0
0
303
3
0
6
7
0
5
1
399
2
47
140
8
9
777
84
0
0
0
2845
2876
1
5215
10
0
6404
29
5
0
37
67
18
8107
4
0
177
19
3
29
0
44
532
12
14
5
2
1
0
3
0
16
0
2
0
8
270
0
2
1896
1
0
9
1
6
0
1
0
3
0
0
60
117
1
10
8
1
5
15
0
11
47
1
0
6394
125
61
410
8
0
36
2
135
116
499
355
7
5328
1
2
2
0
0
0
7
0
9
0
0
6
1
131
0
0
77
0
4
22
40
0
1
1
0
1
0
0
1
0
4
11
0
55
58
147
65
0
36
0
0
13
5
595
6365
1
1
0
2280
2
4928
23
905
0
31
4
0
2
1112
1
0
0
0
155
52
3
8
3341
141
0
3301
0
10
2
0
0
0
121
343
1
1
0
2
0
80
159
2
53
0
1
2
4
1
681
0
1
0
181
0
0
2
2
6343
543
0
0
1
35
257
217
91
1606
228
2
239
443
0
11
0
39
6
7705
0
75
2
2
1
3
0
0
1
1
21
0
0
8
0
0
409
5
2
5316
2
5
27
4
0
8719
0
193
10
303
1
4
16
379
2
2
21
0
6330
0
1
81
10
3158
0
10
217
0
0
2
0
0
714
2
4
118
3
0
3
0
108
13
80
2
139
5
5
0
70
0
1
0
0
0
460
73
4
24
0
1
25
13446
0
3
4
1
4
0
3
0
1
19
4
1
0
28
6312
68
7
5
89
229
0
0
1363
20
107
2
1
0
194
0
6338
32
1
2
52
382
62
31
0
1
6
225
0
3
1
0
3
0
0
0
14
0
89
0
825
7
15
250
0
13
120
139
0
11
147
0
1
23
75
0
20
9
6305
0
21
4141
33
0
0
38
0
1
0
0
59
0
508
15
5
0
693
213
0
0
0
1
4
3
15
23
3
0
21
11
0
0
114
0
1
0
115
0
2
0
0
0
0
0
0
0
11
413
0
2
5
18
12
5
4
18
6291
2
0
2241
0
118
102
0
4
0
5781
51
1
0
3
10
80
9
5
0
0
1
3610
14
176
5
0
0
42
14
0
0
2
2671
560
0
19
0
0
0
542
1
27
0
1
0
10
0
2
0
5
0
0
20
0
1
0
0
6281
1475
1
3652
28
0
370
0
323
28
0
36
8
1253
0
0
0
16
7
152
1
13
25894
29
0
2
1
1
0
1
2
24
7
16
8
0
11
0
0
1
0
4
0
0
36
1
0
91
14
0
30
0
5
0
53
0
11
445
6271
26
0
0
3
15
5
0
5
1
0
19
0
110
65
6
270
0
0
11
2
10
2
14
170
0
0
0
0
1
37
0
17
21
4257
3
1
231
0
10
0
22
1
3
0
192
15
1
220
41
2
0
0
629
1
87
12
0
6256
1926
0
8
0
15
6
32
28
40
1197
0
0
5
0
7
4
7925
1
32
0
0
1
0
71
1717
1
538
7
3
0
29
0
4
4
2
11
0
1340
3
5
3
1
0
1262
9
13
1
188
1
0
6
0
485
0
0
1
14
6243
0
0
3
2
0
133
0
86
309
13
0
0
0
0
327
0
0
294
0
0
2
0
2
0
1
1
0
0
30
2066
0
195
0
0
1
32
18
0
1
5
0
0
686
14
38
0
0
2
10789
3
1
0
23
2
85
1
197
6225
171
0
10
8
1
13291
1436
1
0
2
0
55
238
0
0
0
1
0
64
0
4
2
18
0
4
7
1
22
66
8
9
16
4
4
8
48
989
0
4
88
2
0
0
1
1
149
722
1
479
2
3
0
1
1
14
0
0
6206
0
0
1
20
0
7
0
0
0
1
19
14
99
1
1
0
499
7
0
19
9
1
0
151
9
0
2
1
0
1
0
13
2
0
79
0
9
3
746
2
1
0
3
28
10
0
152
360
2687
1
0
1
0
0
19
6
3
6181
1
0
133
2
28
5
0
8
2
0
471
4
0
0
0
0
4
1
0
21
39
44
16
11
6
8
0
3
0
809
1
6
1
0
17
0
0
11
0
0
14
1
0
3
0
0
1
0
0
0
6
8
3
0
0
0
6
6161
1710
0
14
3
12
0
111
0
187
81
1
391
793
25
3
40
0
0
1
0
0
1
0
0
62
0
143
0
0
0
1
5
0
2
23
1
29
0
0
129
8
6
0
0
0
100
1
1
14
0
1
0
5
47
0
2
855
6147
90
16
25
7
0
2
16
3
1
23
5
213
0
1
39
94
3
9
408
1
9423
5
1
0
7
0
1
1
0
0
0
0
0
1
499
4
530
1
9
2
32
0
22
57
0
114
29
398
1
0
5
10
5
0
0
0
4
6138
0
0
0
40
2
4565
0
18
6
6
1
107
0
0
0
1
3
32
0
59
262
0
769
46
3
207
16
0
0
0
0
39
2
58
0
0
7
2
0
61
0
3
0
0
0
2
7
0
1493
0
0
0
254
3
1
2
5
6120
1198
0
85
41
0
2
0
37
0
0
1
1430
93
1
1188
2
485
1
25
12
0
0
0
0
0
413
6
6
0
10
3
4
34
0
137
2
2
19
1
0
0
188
0
10
4107
1
0
0
0
0
0
0
0
0
7
3
26
6108
0
0
32
0
0
0
1248
1
0
0
63
1
290
2
0
1
1682
4
0
4
3
59
6
0
44
36
10
19
2041
0
334
5
1
0
9
0
47
0
0
0
335
4
0
0
11809
56
16
0
21
1
0
3657
7
206
3
30
23
6093
121
55
2
32
0
0
0
0
1
0
5
10
1
1
76
1
4
229
7
37
0
81
1
30
27
0
0
0
0
0
2
0
1
3
0
0
0
0
1
7294
17
2
0
0
67
1
0
0
0
0
0
622
0
0
0
2
2
6081
1
0
0
130
0
240
1540
10
0
2
0
3
1
1
2
498
1
1
15
8
4
0
3
130
1
5
1
220
24
8
116
0
2413
0
1510
40
1
9
13
102
0
5
0
2
0
1
55
3319
3
0
0
15
13
2897
67
16
6
6072
0
0
6
0
0
9
5
0
125
0
18
694
8
0
10
0
7
0
5047
20
22
0
0
2
12
0
25
5
296
1
462
0
0
14
8
19
5
35
0
35
887
6
43
5
7424
1
15
8
1
0
7
0
0
23
2
0
0
6060
12617
0
0
2
5
4
134
0
19
0
13
0
66
4
11
0
0
77
3
22
15
0
9
6
3
1
174
1
3
0
20
0
1
1
8
4
156
0
3
917
310
0
1276
1
17
5
0
3
9
0
2
17
1
8
0
0
3
6053
16
0
248
2
60
28
0
0
17
2128
0
0
0
0
90
0
63
2
20
3
82
0
2
66
0
1
0
1
55
1
0
1
3
0
0
29
1
1
56
0
228
0
0
58
26
124
0
6
1
0
493
13
0
46
11
1
9649
6036
1997
0
0
0
0
5
332
0
1
25
22
0
0
1
0
4
0
0
149
25
2
102
307
0
8
1
0
3
1
0
0
0
0
2
0
0
1
3
0
6
956
14804
2143
0
6
26
0
36
0
0
732
3
0
1
0
4
24
6037
22
0
0
7
0
0
0
6
0
0
83
0
0
12
1
0
0
0
0
26
0
8
20
4
0
5
12
0
1
0
0
4
48
0
18
0
4
17
0
3
2
125
6
0
83
0
0
0
4295
0
0
0
0
0
0
0
0
6027
4
0
0
5
0
0
23
0
0
503
0
0
2
0
9
2
736
0
0
5
0
2
0
220
144
235
7
2
115
4
1
0
0
5
8
0
0
2
0
0
3
0
4
0
0
0
2
4
238
1
2
0
2
870
17
0
0
6014
1
0
9
0
23
0
0
0
1
1
100
79
1
0
0
0
0
0
0
0
0
5
9
0
1
0
0
67
0
2
44
12
0
0
118
8
0
0
0
1
1
7
0
232
46
0
0
23
23
4
0
0
18
1
0
168
0
6002
22
0
30
0
15
4
0
5
13
0
0
0
83
0
6
0
3
1513
0
1
0
14
3
0
20
0
0
63
0
5
0
4503
3
1
4
34
1
0
536
0
0
0
3
0
100
19
7907
2
0
0
138
3
63
20
15
0
0
5989
176
8
0
0
0
66
9
18
110
769
118
2
2
0
3
5
17300
1
0
128
23
0
7
0
0
0
2
305
0
0
161
9
0
0
0
10
0
1
0
55
55
29
0
0
3
0
27
0
8
76
8
16
1
112
0
0
0
5992
0
1
9
2
0
169
1
3
3
3555
8
3060
216
44
1
6
4490
1
3
0
0
90
152
0
2
4
0
0
1
0
10032
77
34
2
0
0
1
6
0
4
405
17
7
277
59
424
780
7
0
40
557
0
0
16
0
79
27
5982
2
6
0
4
112
0
14
77
5
0
1
0
0
206
1342
1
58
1335
3
0
0
1
0
3512
65
36
12249
1
5
7
1
1
4
0
1
560
2
23
0
1
1
138
26
1
2
776
0
74
1
0
23
45
0
18
0
10
0
5964
0
0
0
0
4
0
370
1
0
7
1
0
1
4
46
0
0
0
119
0
0
3
1
10556
0
0
129
1
103
74
0
0
29
1
0
4
0
0
575
14
0
752
3
0
0
0
75
12
0
221
42
0
3
0
0
11
0
5962
1
0
117
1
0
0
23
0
0
2
1
5
0
2
37
16
108
535
2
1
1
2
2
1
0
365
1
40
57
733
12
12
94
1
0
46
1865
1
10
0
0
1
3
4
1
0
0
10
12
0
0
25
126
1
0
11
0
5952
5440
0
0
3
0
1
0
0
2
0
1
37
3
73
468
0
0
1
0
15
0
0
0
21
6147
1
1
3
0
0
34
13
0
0
84
2
0
46
137
63
173
0
0
0
222
317
2469
0
2
0
14
5
0
2
24
0
0
5949
469
789
0
0
0
4
25
0
2
7577
0
0
0
0
33
462
2
1
5488
4
0
0
1
1
340
2
0
0
0
0
0
0
1
0
0
1
0
1
5
12
41
0
0
0
0
0
2
117
71
0
0
6
0
2
64
1
0
5934
7779
4
1
0
0
0
0
1
1
18
0
1
55
2
0
155
0
6
84
70
328
0
0
0
0
8
36
1
1138
0
0
0
0
466
0
250
0
0
0
1
0
0
0
8
0
13
1
1
3
18
10
21
0
1
0
173
2
5936
0
3
1
1
1
0
33
10
0
74
0
448
0
0
2507
2
87
0
0
1
1
0
1
255
2
1
11
15
61
0
442
0
0
0
15
4
289
0
10
0
29
0
0
0
887
3
9
0
2
0
27
0
0
12
0
0
0
5938
34
2
0
0
11
1
0
33
0
1
0
0
0
144
110
25
0
0
0
0
0
0
1
0
2969
3
0
0
0
67
69
1007
7
2
0
0
5
51
94
1240
0
0
1822
0
3
0
12
1
0
3
0
1
8
0
2
0
2
5928
9
5829
53
13
0
39
0
1
0
0
33
10616
0
175
431
3
0
36
2
18
0
132
0
0
2
1298
1829
7
0
43
41
26
0
6
4
0
0
0
0
14
0
5
0
5
0
1
0
1560
10
1
0
15
2
5
560
69
19
5917
71
0
7
0
0
0
35
511
0
14
0
6
3
0
0
15574
8
1
0
1
3
0
0
181
15
1
6
0
0
129
0
13
106
3
311
1
0
1
1
5
34
14838
1
11
0
6
8
14
0
0
0
57
2
4
8
7
0
5906
338
13
56
5
1
1229
6
9
3
1
9
19
1
0
0
42
1
0
1
16
53
2
105
0
118
6
44
0
4
90
4
0
76
0
1
32
7
0
7
3
84
1
0
8
1
16
1
5
8
0
4
0
0
4
0
0
4
5889
0
1
48
0
0
0
0
0
0
0
279
0
110
0
51
0
0
0
0
6745
0
264
11
553
1
0
0
1
1
636
1
0
1
1
1
0
0
0
0
0
1
2300
23
1
0
18
0
0
4061
3
1
0
0
0
103
0
0
5898
2
1
354
5
0
13
1338
8976
645
4
1
391
2
1
212
48
0
2
0
3246
29
0
1
3
3023
182
199
0
0
4
1154
0
178
0
0
493
0
0
83
32
0
1
2
0
0
44
13
0
0
0
40
2
35
7
7
0
6
5874
191
1149
2
0
1734
1
0
84
0
2
0
299
1
738
9
5443
56
11698
1442
328
5
1
67
0
2
2
0
0
0
0
1
1
3
3
228
2
2
5
54
69
0
0
4
13
11
0
1376
0
554
0
1
6
0
0
1806
0
2
5869
3
1
70
0
1683
2
2
21
16
0
0
9
0
17
0
1
0
12
0
1
0
0
0
1
0
0
2
3
4
0
11
0
0
0
22
0
0
21
0
0
0
0
0
0
0
4
38
0
73
0
0
0
3
99
0
2
69
5861
66
0
266
1
0
1904
767
0
1
47
1
2
0
5
0
0
58
7
0
28
1
11273
0
0
5
6
16
0
0
0
4
0
146
194
0
515
1
3
8
4
14
0
1
1
0
1
2
0
27
4
0
1
0
260
1
0
0
5854
0
0
937
6
0
24
4
0
0
0
0
683
1
0
0
40
0
1757
1
1
0
17
1406
23
123
11
6
670
0
1
5
0
0
0
0
0
0
1
7
38
21
0
1
0
0
15
44
17
0
0
19
7
284
0
25
2
13
5849
69.09107184410095