102
0
8280
54
622
1612
69
1612
169
6725
3509
0
5669
19314
6625
87
7619
34163
1887
16
1887
3566
23277
20643
1621
169
1621
3674
12859
4238
8617
8651
3274
38
3326
2775
18774
6
509
10374
38
12859
33027
5659
0
14459
7165
6130
46069
31869
22138
185
509
61
1621
0
21869
1887
25890
8106
34501
28788
4220
509
191
8204
4336
6833
259
11
167
11
1252
617
0
12
12
5203
26845
0
7
206
40
2883
40
10106
37
186
5
0
5
3
8749
2331
28807
0
490
2104
23
16
2183
0
421
10
1697
5737
2
53
2698
788
50
3
2
2
1
2233
326
118
5
826
33
40
6
7552
23
19
70
73
273
0
2266
47
12
0
8
0
29
59
11
153
7
389
3930
127
166
210
3824
14
1449
197
149
2
19
0
19
5
0
575
2889
143
5204
7857
0
875
0
0
0
50
16
1
3233
0
23
2
41314
4615
408
0
3
2
21
3
19
3338
0
377
1529
0
2324
22564
1706
0
51
0
1
0
0
0
1514
0
268
338
390
0
162
38
0
26
281
122
8
87
3027
15
138
79
250
497
331
0
24
1
37
113
13
418
23435
2863
232
2228
7
5
0
763
2
0
1
1407
29
0
1
993
3444
2
638
0
3
9150
3
175
234
12322
0
1171
26533
0
0
0
0
2
37
175
46
28
0
16
1
231
60
2557
0
115
0
0
8
1
101
0
42
0
640
10993
65
1355
0
0
2
1
0
77
1
0
123
5419
80
2
0
21
0
5
0
6
17
4
0
698
0
659
1503
153
593
1
4
0
23
1978
132
2
1
6
0
0
1
59
0
1139
16
1025
38
1
2
0
2
2920
6
1
19
6
12
34
0
0
31
6
1
10
5
49
0
4
263
114
156
0
0
32
15
2663
5451
0
401
90
7262
352
0
1745
0
3
218
0
5
177
0
1
3
0
394
214
446
0
2291
1
0
0
0
34
145
65
21
2
0
0
7
6
10
17137
0
0
5
161
38
0
2
4
82
1
84
0
817
5
0
3
0
60
106
0
9
41
26
0
13651
2
1048
54
0
4456
2
3
1116
109
23
20
4
9
0
124
12641
1
0
0
5227
19
1757
0
633
4
0
0
0
8227
24
0
2
1
0
0
1
0
44
10
1373
17
108
0
2074
1
59
0
286
2
1
507
1
0
147
6
4
133
1
1
0
51
1
3
138
0
22
93
41
0
0
16163
14
0
6
1
2712
37
2
0
718
800
0
1233
1112
417
1741
550
36
102
17
1
0
0
0
2
37
0
48
225
0
743
7
402
6829
166
1
2
27
17
4
1
0
1
3
0
2
3235
0
31
2
30
0
865
41
0
2
12
0
32
305
4
1
2
44
0
3
0
0
1
3
9259
3
0
68
12
977
5
3
4652
22
0
0
645
0
2
0
29
0
557
514
1
23
0
50
587
6
890
9
1102
118
170
23
56
3
2
0
89
141
12
949
0
2
0
5
0
2533
45
359
0
0
1
4
89
7
4
0
8
20
0
0
0
0
0
0
0
12
1
4
0
3
0
1
67
101
1306
15091
12
1
2681
748
1
0
3
0
39
0
3
150
2
0
0
2
70
0
54
1351
3
1
4229
34
1
1
15
540
0
1
0
0
5
5
55
40
9
10
177
0
23
22
0
3484
1
8
1
7
0
0
8
7679
1
4
4
4
0
15199
4
1
5
407
2
4309
3
0
96
0
318
2
0
0
0
14
0
0
0
63
0
0
0
369
2
27
32
2
460
38
2
0
94
1
1580
1
405
3
22
0
0
128
2947
144
1
0
0
6
0
5
75
1
0
0
1879
56
2
1164
5
0
25
96
0
0
4133
29
5
13
1750
49
2
0
1
0
1
0
1
1
0
449
14
0
1
0
1
0
5
0
1
0
0
1
0
8517
2
15217
1
96
82
7530
0
41
1
59
4367
28
593
1
0
1
0
3
0
0
0
2
38
18
4
790
0
87
1
2
0
12
0
862
316
13
0
1
5
6
5151
0
11667
0
371
0
44
37
0
2
0
0
0
0
223
7
28460
562
2
0
0
2
4
4
12
372
0
1185
0
357
0
0
1
7735
8
82
94
126
0
0
7
0
102
0
221
1151
3
0
0
111
0
79
0
4647
3
2
0
1
31
65
1165
0
0
0
0
0
4
0
0
22
0
79
0
0
7
2580
319
70
1
8
1201
0
64
0
15900
19
0
3
1
2
2372
0
64
1
46
7
1
457
94
0
0
6
0
6
0
0
0
2
298
0
2
1
2327
3
0
3
53
4
8
2
2
72
0
4
28
2
0
6
2
15
3
1111
0
0
0
0
0
0
0
3
1
7
0
0
44
0
1
21
131
9
3
2947
60
2
0
1
6
0
0
2
0
0
0
10
42
0
5
0
2
0
0
46
0
0
0
5
137
0
0
0
1
73
2
130
46
0
97
31
0
0
2
116
0
0
0
2
0
1379
0
0
292
8
40
240
1
0
14
0
0
70
0
300
1
0
410
89
0
0
1
2
0
3
2
1
183
341
5
99
6
1
0
5
42
245
0
0
0
5
20
0
1
0
0
0
0
0
341
59
2383
0
2945
1
35
296
159
289
2
2
0
2005
0
0
2
0
0
13
0
0
0
1963
5
0
0
2
3428
1
1
0
0
0
0
19
121
0
27806
0
1
12
1
0
0
72
470
2374
0
667
21256
0
96
198
2
36
139
4
57
199
68
0
0
67
0
72
8
0
2
1
381
6
154
0
133
0
0
3
1
1163
0
4
14
64
23
1
10
6518
0
0
0
0
1052
1058
0
737
27
168
8
2
28
12
16
73
0
0
0
0
1
0
1
23
0
0
13
0
16
2
0
0
0
4
0
0
8
0
1
0
0
1
32
195
0
1
4
673
0
32
128
13
52
142
31
2
1
1705
0
0
2
0
1
5
0
411
112
9
0
15444
0
0
0
146
49
15
7
5
0
1
0
669
4
0
0
30
27
0
0
95
0
0
0
30
0
0
0
1304
4
23
3
45
102
0
1
2
6
11804
0
0
0
2
3
0
0
0
67
0
0
0
0
1
4
0
0
22
42
12683
5
98
44
29
0
0
3
3
553
9
0
3
120
1
1
29
0
1
19
0
128
112
0
0
0
0
0
0
1
37
24
154
0
21
515
126
3
0
0
0
28
487
285
414
0
22
275
0
0
49
5
0
36
8
0
0
11
0
0
5
0
4949
3
0
245
22
7
1
0
2
1
1350
161
0
3920
0
1781
0
194
0
10
1965
253
0
0
0
2
312
0
0
5
79
0
1792
100
0
1
0
0
3
0
917
1
35
0
1
246
2
0
1
315
13
12
2784
0
0
1
6
0
0
28
0
0
2
0
0
1
0
15
0
1
251
36
17
0
1
7456
0
186
7840
15
2
2
236
86
27
27
0
0
1
425
397
0
30
74
0
203
0
2
9
0
70
1
321
0
1257
0
0
8
1
346
1
0
11
23
2
0
73
1
0
0
0
0
0
28
0
0
0
0
61
146
0
226
57
1
595
336
0
1
0
3
0
25
185
0
0
825
2
0
2
8
4
255
0
1
735
2
107
701
2558
4
5279
0
0
0
0
134
835
11
24
1070
17
0
1
0
0
0
4
74
155
0
0
9
22
0
0
0
0
54
20
0
0
3
0
2
619
2
1095
0
1801
44
3
0
0
92
0
0
0
32
0
0
4
88
0
0
36
38
0
6
178
1
2
45
1111
6
449
0
0
7
0
0
0
15
2
0
0
1823
0
8
290
0
0
0
15
0
85
6
0
3
0
0
1
0
0
0
0
26
0
0
2115
33
16
39
8
5
0
32
2
94
34
105
19
2414
304
1
0
13
6
63
578
885
88
144
6
0
0
3
9
4
0
0
2
0
1
1
0
1
0
3
1
35
22
0
0
23
22
1
18
0
0
0
0
0
0
0
0
0
0
87
10
0
695
1
6
26
3
0
2193
10
0
4
161
0
975
0
2
0
2
212
27
1
0
278
43
1067
7
77
0
255
1
53
266
0
1
0
175
0
0
15
3079
1
185
64
6198
0
0
0
4954
33
0
20
1
1
2
56
0
36
0
0
0
0
0
0
1
0
2872
3
1
6
1
4
92
0
0
20
0
0
14
1
1
42
1
0
54
0
0
2
0
30
0
1
2
2
0
7
58
5565
3
1
0
0
326
1
5403
0
303
3
0
20
5
0
0
378
0
0
0
0
1
1
0
117
0
0
0
0
0
1929
2
0
0
0
0
0
5
19
21
6
1
2
0
332
2657
0
0
0
0
1
13
0
0
2
1
176
0
0
0
0
5
24
1
84
10
0
50
43
73
121
15
0
0
0
73
1
1
3
58
0
504
1
7565
1400
0
1
6
540
0
0
0
25
1
1
0
1
108
0
0
0
0
4
0
247
0
34
1
0
0
3
186
0
0
59
3
0
1
2
0
5
3382
5
5
1682
21
70
0
0
0
0
0
4
106
4
62
693
1
77
6982
7
1
0
0
28
125
1
2101
31
0
26
1
4
0
0
0
0
1
150
2
0
2181
214
11
264
2
450
49
13
274
0
5
255
0
268
76
0
0
4
0
155
19
309
4
0
42
6
61
5772
0
0
87
2
0
0
0
0
0
0
24
2
7
62
2304
0
21
179
2
0
3
1
6
1
16
1
0
0
0
0
0
0
1
3
0
949
5
1
2
8
0
0
173
0
0
360
0
0
0
0
113
1
383
0
2
6109
2
1
0
0
1
27
3
1
1
0
215
0
0
2452
63
11
26
0
2
0
8
0
3
0
1833
1
1
44
11
0
0
103
16
2
2
0
0
3713
0
0
2
0
93
1
602
18
0
101
27
138
0
1
0
4
3137
7
0
0
11
0
9
0
9
1735
23
0
5584
0
280
19
17
1519
17
16
0
0
0
313
46
31
0
0
0
32
20
2
25
0
0
4
973
4525
0
0
20327
2
13815
3
6
3
0
0
0
1
0
0
197
0
1352
40
0
1
76
3
195
0
1
302
24
35
3
2
0
14
0
1
1
32
141
0
2845
0
0
9
8
30
2
1
0
0
847
0
0
1
27
0
21
0
289
6
69
2
6
583
151
0
0
2164
0
303
2590
40
54
0
0
0
0
0
4491
0
9
0
1245
0
0
49
35
1
5
1
567
5
0
1
15
0
4
116
0
0
73
0
0
63
113
51
89
1
310
0
0
0
0
49
4
5
7599
0
4
1
24
5
0
85
2
1449
0
1
1
2
4
557
0
8
1
0
0
10
0
0
1
92
49
4
0
1
0
1916
3
1
79
167
0
2
64
3
0
6
0
22
5
21
1
37
0
276
0
109
0
0
10
1508
2
1194
161
0
38
3
0
0
9869
20
7
0
0
46
12
51
0
2
10
0
150
15
1629
7
141
19
6
1
68
9
0
0
0
0
52
0
0
16
1
2006
1
22
1582
48
3
118
0
2
2
261
27
1
0
0
1
2
0
40
1
0
0
0
165
3
2
336
1
0
0
1
6
2
2
1
0
0
0
1408
5946
35
0
0
1
1
65
0
0
0
0
4
0
0
0
0
0
0
0
0
0
0
0
0
3353
86
11
0
11
0
0
0
0
8
0
0
5731
1806
0
338
7
334
0
1
270
0
151
0
5
5
941
1
322
0
0
0
0
2
94
5326
4
34
0
26
0
0
7
0
0
2
2
8
0
0
0
1875
30
4
0
18
1
2
0
70
0
0
4
0
0
24
5
3
2
3
79
1
0
0
632
0
0
0
1
35
3
6
0
0
0
0
0
309
2
0
1
9889
110
14
1
2
2
0
331
1159
0
238
0
48
0
45
2
3
151
0
0
0
382
11
0
7251
26
7
0
1227
0
0
848
0
0
2
1
0
31
0
0
1
3
0
0
1
18
2
86
3
16
0
0
2
380
0
0
42
0
0
77
9
13
0
0
0
1
0
0
3
63
35
2
14
15
1
0
0
0
29
0
16
0
1
78
0
0
73
189
23
3
196
0
275
0
0
0
11
15
0
1
0
59
12
1
8684
97
2
0
0
50
17
145
0
2
0
147
143
0
68
1
259
85
9
0
2
2
4
0
433
11
21
0
0
5
0
0
0
6359
1667
0
113
542
0
2311
0
1
1
61
1
75
2
225
421
0
0
0
0
0
0
0
0
0
3
0
1
16
249
0
196
0
0
0
3903
0
0
166
0
1
0
3
0
151
455
1
0
2
115
37
15
1
88
329
60
1
0
38
0
0
0
0
1
2475
0
0
1
55
23
609
408
0
15
0
15
0
7
68
560
0
0
0
35
0
0
0
3
0
19
51
1
987
0
143
2
2
0
0
10
0
5
47
3725
0
0
660
0
1
0
0
3
0
1
48
412
2
0
0
104
62
323
494
1
19
4
0
0
0
485
0
217
31
0
685
49
0
1
0
0
4
40
23
10
7
0
0
87
0
0
0
1
0
1
0
0
65
58
1257
25
0
1
0
3
0
16
2
0
1
0
225
4
0
717
0
0
0
11
13
1
0
73
22
0
11666
0
8
0
0
0
1
5
5
63
843
0
1043
2
7
1
2
7
0
11
566
25
1
103
245
59
3
0
0
0
0
13
0
351
12
3
0
0
4735
4
0
10
11
380
19
7
1
0
0
0
103
0
3
36
0
5
2
0
13
1657
3
0
10
2
1
0
2448
6
2
3
0
0
1057
1
1
0
61
7
0
3
1
138
123
4
0
1
2956
0
0
0
3
0
0
0
0
0
1
0
0
0
468
2
0
1
0
0
0
0
0
0
12
0
128
431
0
19
77
8
48
1
36
1
0
0
367
0
0
1
122
1
0
28
0
2015
6
0
13
0
0
10
28
0
0
2
0
0
3
0
0
6
0
192
0
3
1
0
0
0
0
35
1
654
0
23
910
0
2
0
0
1331
710
270
0
0
26
33
2
0
0
39
0
10
13
60
924
3
0
3
0
0
144
1
0
1
178
15
1
0
211
0
0
2
1
6454
0
231
1
6
0
2
1
35
1
0
45
14
0
0
172
729
0
0
0
0
0
0
0
4706
0
48
0
101
289
1
0
0
0
1
0
2778
799
0
8
0
0
0
4
6
0
106
203
15
15
170
3
247
83
61
0
358
3
2
1
0
20
47
0
12
223
0
0
4
450
126
0
0
0
0
1122
0
0
2
20
0
0
0
28
38
37
1
0
6716
0
4
5
2
0
2485
350
1
0
16
198
35
4
8
75
0
1
0
0
1
0
1
0
0
0
1
0
0
808
3417
3
0
17
1
34
3
2992
0
679
45
1
0
49
42
11
4
1
0
180
2
14
1659
25
0
88
2
0
0
0
2
0
43
1
0
5502
1
3
1
304
187
825
7852
0
0
7
0
0
65
0
0
542
0
0
16
2
110
68
13
3
53
0
0
989
0
0
1
0
5289
95
0
96
0
0
377
4
0
4367
9
9
0
0
6
0
1
2
0
0
0
5
3
0
993
1
0
109
2708
0
0
82
10
0
5
4702
0
0
0
200
122
0
2
0
0
0
160
2
0
2
68
336
0
1
27
17
2
29
323
3
1175
2
1
3
17
0
0
0
0
0
3
7
83
2
0
1
0
641
19
132
45
0
0
0
2
260
27
0
0
0
0
65
2
1
0
0
0
5
1173
1
62
1
815
0
0
57
4760
0
0
0
8
6175
0
3
0
1
4
7
2
8
29
1641
0
43
89
0
201
0
21
2
0
1
6
0
0
4
224
0
39
0
0
30
0
1
22
8
1
2917
0
0
0
0
0
0
0
0
0
0
0
0
239
5
7
52
180
0
188
668
0
5
10
11
27
589
4
0
0
80
0
3
575
7
0
75
1
0
1
0
2
0
42
5
18
50
1612
1
9
10
0
15
0
0
1
1
21
0
0
1
0
62
7986
0
15068
10
0
0
0
1
0
0
1693
114
1
2780
0
600
415
865
2
0
0
1
14
379
33
126
52
6959
4
1
0
7
0
0
1
0
12
0
92
3
74
1
1
1180
4
17
2804
63
37
4
1
133
250
0
0
2
11
0
0
0
24
13853
0
92
0
4
170
1
11
0
0
10
0
0
409
0
0
14
2
0
7
7
2
0
10836
1379
0
0
1
0
1651
30
597
59
63
56
0
71
0
117
0
21
5
0
154
2
1
417
0
0
0
5
0
0
1066
0
154
0
0
47
9
281
30
54
0
139
0
0
0
2
2
0
0
0
0
1502
5
0
1
0
0
1
1
0
0
6
0
0
393
0
0
0
14
0
6
1
1
0
22
0
0
0
25
822
0
1
7
88
0
2
0
0
0
3110
0
59
1
137
1
0
2
0
127
21
111
1
14
0
0
1
1791
0
0
1
1
2
0
0
1
14
0
1
25754
0
0
511
6642
5639
0
0
582
1
217
0
0
0
5
0
31
1
0
2
0
16
0
140
94
38
43
0
0
5
3
7
5
0
0
4
26
4
0
12
12
0
0
0
20
0
0
0
19
2
0
11
0
5
3965
86
1
0
1
0
0
0
0
0
0
1
0
17
470
997
4
3599
2267
0
0
0
0
118
13
58
8
0
85
1
4
512
2
0
5
0
0
123
0
0
0
158
187
0
0
0
244
0
3
0
6
5
0
0
1
119
0
3031
0
0
1446
3027
0
154
0
10
2
19
24
22
0
0
0
0
1
0
1
0
2
7
4
0
28
7
9
0
171
0
0
50
29
1030
0
222
4
0
1
7
2
2
0
0
123
0
0
119
3
2292
62
0
0
0
531
15
0
5
20
0
1
1
0
1028
2
0
0
38
0
0
17
0
62
0
4
0
0
1
1
0
1
0
1
64
10
15
8
0
22
37
255
0
14
1
0
287
4
2
75
1364
0
8
3
0
0
4
0
0
2999
2
1
1982
0
0
724
1
0
0
1
0
0
0
84
0
0
0
64
45
35
0
385
5
1336
0
3
0
3
2
2
0
0
3
0
0
0
2
0
45
3
4
32
0
4539
9
8
3
17
0
0
1
2
175
255
0
4
36
18
0
33
0
48
0
279
10
6
132
0
0
0
295
2
22
0
0
0
0
0
1
0
1
0
7331
5
0
180
7736
3421
0
4
0
176
7058
1
0
0
12
568
5
0
2
26
5
1
1
370
0
1351
2
3
123
6
0
272
0
221
79
0
2
0
0
0
90
4
0
78
0
0
24
0
9
1
1
5
0
4
79
980
6
261
4
0
0
0
11
1
496
0
0
0
0
1
5
0
0
0
1
6
0
0
0
0
0
0
0
0
124
0
0
22
57
3
34
0
0
2
6
1571
0
0
1
56
15
21
0
2
53
2
0
423
1
5
1
0
230
1
0
0
13
252
6
539
24
0
0
0
0
102
2
0
4350
3
2
1
0
297
639
3
0
0
0
0
6
0
0
0
0
3
12
200
2
7
33
2
0
0
8448
1
294
2
6
0
0
1
0
2727
15
1
0
10
4
0
0
19
42
92
0
0
41
16
0
1
58
0
0
742
29
421
0
3
0
2
3
2
0
1
1730
0
0
21
2
1
0
62
0
0
0
0
4
0
0
0
0
17
110
23
1
6
20
5
0
1957
386
11
1
0
245
1921
0
1
14
0
0
1
14
2
0
0
0
4
16
0
1
0
8
0
0
239
0
1148
51
0
0
0
2
1
0
0
2
0
0
899
0
6
4
29
0
13
0
3
0
0
0
0
0
0
292
100
2
0
0
293
1301
3
1
12
0
132
153
10
1
169
0
2
1
0
0
0
17
0
0
1
4
0
0
0
1
15
54
2
42
479
0
7
475
0
0
0
137
1
42
2
79
1
0
3620
5
0
0
0
0
0
1
49
0
0
0
8
0
3
346
0
0
1
0
0
2
8
31
1
1
0
764
826
6
1
0
0
0
72
133
7
0
0
401
0
1
0
32
296
1
0
1
1
0
85
0
16
0
0
466
38
0
0
0
17
2
0
11
3
11
116
0
0
9
4
0
27
0
0
1
0
1
45
29
0
0
0
0
2
2302
0
0
390
1753
0
3
8
0
416
880
32
1
5
68
8
3
0
1078
0
0
1
1
45
15
0
2
646
0
0
0
0
0
6
3
2
51
0
13
2
100
785
0
0
9
30
884
357
0
0
1
0
0
0
3
0
0
1
0
0
2
1
0
5
0
1
39
0
1
0
21
0
6
5
6761
0
1168
0
0
3
35
0
2
1
0
4
128
2
7
128
304
119
2
2
0
1
35
1910
0
0
0
161
0
8
41
0
4
1
752
0
1
0
183
11
10
0
0
1
0
0
0
0
0
0
356
11
0
0
0
92
17
0
1
0
1
1
678
4
6
157
1
2
36
64
33
4
0
1
80
5
445
1
0
1
161
0
123
3
0
0
82
2406
0
0
16
0
24
5
21
12
0
0
0
37
0
0
17
0
3771
0
3
0
4
0
0
0
0
1
27
0
0
0
0
537
275
0
1780
7
0
13
0
5
2
0
2002
7
19
0
473
23
1
329
4
2
3
4
0
173
0
12
0
0
0
31
0
0
24
4
72
0
6
0
13
971
0
0
0
0
143
31
0
4
8
2
334
0
314
2
0
1
0
0
2
0
0
0
164
0
5
1
17
142
0
169
3
0
7
0
5
0
3
0
0
5
4
0
0
0
5
1
6
0
13
0
2
375
2319
0
0
182
1
0
0
86
0
0
25
3
8
1
0
1
249
0
95
3
79
11
0
0
94
2
1
16
1
0
0
0
0
2
1
0
1
1428
2
0
1
201
0
8
2
0
139
151
21
34
0
0
0
3
0
45
1
0
103
185
3
2
3
4
117
0
331
18
0
0
2
1
10
2
6
476
0
14
4006
0
631
0
0
795
0
0
0
0
1
0
181
240
0
0
21
0
0
289
22
0
18
1
2585
3
39
0
1
425
0
26
0
0
13
0
497
0
20
0
348
11
0
946
2
0
1
1
0
0
3
1
232
192
7
1
0
1742
0
0
86
0
0
0
10
0
0
26
0
16
15
175
0
0
0
6
0
0
0
0
0
0
0
114
0
1285
37
0
23
0
2024
0
2
19
1
10
5
0
0
0
0
273
660
69
20
5
0
27
1
1
0
1
5
0
62
956
0
0
1
0
3297
1
2
0
0
1
0
9
102
0
27823
0
0
1
1
2
1
1
0
0
45
0
1
7
0
0
0
0
0
0
1
0
0
0
0
1
0
0
0
0
1
22
0
0
1132
6
3
0
0
4
3
1112
10
196
0
41
0
0
31
11
0
0
1
283
882
46
0
0
5
0
47
0
0
1
11
142
17
6
0
0
0
0
0
2923
0
3
2
0
0
160
360
4
98
0
0
0
0
3376
1
2145
471
27
0
36
381
1
11
1
0
73
56
1
78
4
0
0
0
806
0
115
526
0
3
0
1
0
2
885
344
0
6
6600
9
0
1
4094
3056
13
4
394
5
134
0
0
0
0
1
71
1
4
0
0
0
2
11
0
2
0
40
0
2801
3190
6
1
0
12
18
3
0
2
3777
0
1
22
17
25
2
12
0
5
0
3
0
0
0
0
173
25
0
73
188
85
1
0
4
166
105
0
0
225
0
646
0
0
1
0
0
0
0
0
0
16
0
0
140
0
43
1
620
0
5
10
40
646
0
3
2
20
1
215
0
16
46
1
237
23
26
5
10
2
0
0
0
354
0
0
0
5
0
0
0
8
0
1916
2
19
1
50
20
0
3
0
0
2
0
23
0
0
2959
1
0
0
0
0
0
0
0
1
0
0
392
0
135
0
0
0
0
15
4
0
68
0
2701
2
1
33
1
2217
0
0
0
1
0
18
338
11
0
2
0
4
5
7
201
153
1
0
56
0
14
30
0
71
2
50
0
9236
0
4
0
0
2573
256
0
24
107
0
0
0
0
0
0
0
0
0
2
0
71
32
8
0
0
859
7
0
0
50
1
0
0
53
0
520
0
150
9
3
0
4
49
2
42
0
60
312
0
0
1
1204
0
4
0
9
721
2
0
0
4
413
1
145
119
137
365
0
1
7
0
1
0
2
0
0
40
0
0
3
94
1
9
7
0
0
1349
0
0
1
7
193
0
1
152
11
28
2
58
4
7587
640
4
0
1
0
0
3
21
16
7
0
204
0
34
30
234
0
5
0
3
0
257
0
0
0
0
0
409
108
19
5
9
11
3
310
4
0
0
0
0
1
1
0
0
0
0
0
0
0
0
1416
8
6
0
0
0
1
832
1
1
6
0
42
2
0
5
3
1
60
17
0
4
0
0
0
425
0
107
0
38
0
37
20
0
0
0
0
0
63
906
51
26
0
0
109
11
0
0
217
17
0
0
0
1
0
94
0
1
0
72
0
21
0
0
12
66
332
0
0
1317
1
185
2
0
0
228
0
147
0
3
940
4
2
0
0
0
41
0
0
0
115
0
0
157
0
0
0
41
5849
104
919
0
0
42
71
11
49
1
0
4384
4
20
0
0
22
0
0
0
0
0
1
0
0
0
1041
1072
0
0
1
3831
2
0
6
3286
273
0
375
0
3
1
0
0
8
0
1
0
4
3
4
499
0
1
0
0
2
5156
1
0
6
0
0
4
0
0
1850
1
0
2
0
0
6
280
0
0
0
3
1
0
15891
0
0
0
0
2776
4
3
0
4
0
0
2
1
862
203
0
83
0
682
2
0
175
0
2
197
290
0
1
7355
78
2
0
2
0
128
0
0
843
15
0
1620
9
0
0
0
0
1
0
2
38
8
0
0
1
13
0
0
0
113
0
1835
1
0
11
0
0
0
0
2
0
0
1
0
2
0
0
463
3
1
2
347
698
1
0
0
0
824
8
289
1
0
3
0
1
1
1
4
54
4
2
0
0
0
0
5
98
0
24
0
0
112
0
0
8
3
1
77
975
0
360
45
14
162
0
45
0
0
923
1
105
0
1
870
933
3
220
1058
20
14
8368
25
0
1
0
161
22
0
18
0
5
9
0
49
0
31
635
0
80
1
14
44
1
2
9
0
0
0
0
156
263
38
0
0
0
2
2895
3
0
0
0
17
0
2
3
0
0
0
309
0
0
0
1
5
0
1
2
8
3
0
0
477
192
1
2
0
59
16
0
35
235
4
1
24
0
28
35
70
0
19
2
95
0
0
0
0
4
15
0
1
19
0
0
4
4
32
1
2
0
10
2716
0
26
0
0
136
0
9
18
0
0
0
7261
0
1
2
0
0
0
0
0
3
4326
41
63
2
36
573
22015
28
0
988
17
0
1
0
0
2339
0
1
9
0
0
0
668
0
0
5
355
0
0
0
0
2
0
0
4
1
2
1
0
0
1
4
1
3
16847
0
50
35
0
148
0
0
0
0
1390
3
0
17
1
1
0
0
6
14
1
0
0
482
0
1
24
0
13
598
1
0
49
1625
0
141
2
631
0
1
0
140
68
0
27
0
1
152
0
0
0
1751
11
17
7
0
2
0
0
1
0
0
24
0
18
0
1
4
277
0
4
405
0
43
0
0
6
0
0
10
0
0
0
59
0
36
1
0
0
2
2
0
0
0
486
0
6
124
20
1
0
295
443
24
1
0
229
0
2
0
0
2
0
14
0
2142
0
807
1
98
0
0
52
0
174
0
8
22
174
0
0
2
0
416
1
5408
0
4
23
0
0
0
0
0
0
105
164
459
0
2
0
68
3
0
0
0
0
0
0
3
0
0
36
553
0
0
0
0
90
239
0
1
0
0
23
4
0
0
181
0
0
0
3
7
0
206
0
0
0
0
1
10
73
40
1
0
0
0
0
5
3
3
0
44
2
0
0
0
1
2
61
355
0
0
0
0
86
0
0
6
5932
16
6
281
0
2140
3
1
0
2
0
0
1
184
0
0
2
0
0
61
0
46
39
1
0
2935
11
0
2
0
2
52
22
0
0
8
0
88
549
6
0
0
0
179
0
0
2149
98
1
0
0
0
0
0
0
759
0
0
0
0
116
2
0
67
52
109
12
0
1
0
16
1
3
2
0
0
0
141
2
9
15
0
79
0
10
0
476
0
0
96
0
0
1
34
0
0
0
0
14
0
8
1
0
16
144
0
15
16
3836
2
0
0
162
434
0
0
0
8
0
1984
1
0
0
2
264
0
0
0
5
1
1608
0
26
6041
0
0
32
62
1819
17
0
105
323
82
2
0
3
0
0
0
15
0
2
4
2
0
0
56
0
0
3112
0
27
0
6
1
0
0
508
115
9
1072
0
0
0
1
61
864
0
0
0
3
0
1974
0
0
1
0
0
0
134
0
0
0
5
0
0
2
6
0
0
99
328
15
0
2
0
1
48
1
4
2
0
5
0
3
1
0
0
772
0
3636
2
9
156
0
0
0
0
0
1
3
0
0
2
0
0
0
0
0
0
7
0
2
0
0
0
1
0
0
100
0
0
41
0
0
1
0
1
2
2
2
64
0
0
1
0
0
1
12
227
2860
0
9
10
4
25
64
0
8
557
3
3
73
0
6916
2
0
0
0
0
76
1
3
31
2
260
27
22
36
0
0
656
2
0
2
0
1
0
0
1
0
0
1
0
26
22
46
0
402
0
0
0
0
0
0
5
0
18
0
54
23
0
0
23
21
1
1
48
0
0
0
2828
10
67
4
67
2
1
0
1636
0
1
6378
0
86
0
240
1
0
76
0
0
36
0
0
5403
7
1
8
0
0
0
1
0
4
63
0
822
1
0
2445
0
23
0
36
0
0
0
1
1
0
0
2
2
0
4
0
810
68
11
336
0
1
262
1
165
0
2
12
6
0
35
495
0
10
14
0
0
0
4
6
2
0
1
3
0
0
6
18
0
0
9
0
0
0
0
2
0
0
0
0
22402
3972
0
1
0
562
3
0
0
0
0
124
1
17
23
0
0
0
0
77
6
8805
4
114
0
0
2207
0
0
23
0
1
1
2
3
43
0
37
7
2
0
1
333
1
2
2264
0
2
0
0
46
1
0
31
1
0
0
0
0
0
0
0
3
0
1
213
0
2
0
1
0
0
0
0
0
0
10
0
510
10
0
0
70
0
40
1
0
0
0
241
0
645
0
0
0
0
2
97
0
0
1
66
0
11
0
0
43
0
0
10
9
4336
53
0
0
718
11
11
0
0
0
1
0
9
0
0
1
2
708
0
0
0
3563
0
1
0
17
5
0
1
1
0
76
0
152
0
5
0
3
14
0
22
0
0
0
762
86
1
41
10
30
161
3
23
1
1
20
209
0
62
3
9
0
117
44
1
0
0
237
0
3
0
4
0
0
1
0
0
2
1
0
0
4
1
39
0
13
0
1
9
1
1
0
381
1
0
0
10
69
0
12
78
9
26
0
9
0
109
0
99
1
28
13
3
0
10
0
0
0
1932
0
75
1
0
697
285
109
5
0
0
0
3
0
587
9
133
164
386
0
42
0
831
0
0
0
432
6
1
4
29
0
0
4
64
31
4295
7
2
0
1902
0
52
0
0
0
43
0
41
0
0
0
13
1100
0
9
3
1
0
0
2
1
0
0
1
0
0
0
141
499
38
94
1
3624
19
1
176
48
1
19
0
64
0
0
102
0
55
0
0
0
1
10638
19
426
6
167
204
75
0
7
29
1
1
0
2
0
193
0
8
6
1
2
0
0
63
242
6
1
1
3
16
25
1
0
0
7
0
0
1
7
0
0
0
1
2
0
12
0
33
1
0
19
51
0
1
504
0
0
151
1
729
0
0
1
0
0
0
115
0
250
1
0
0
0
214
6
2
6
0
530
98
0
16
289
7
2228
96
0
47
0
2
0
2
22
0
4
20
288
2
9
0
24
2430
11
5
2031
0
0
2043
0
17
0
12
0
0
0
10
0
0
8
0
0
89
0
0
0
0
0
0
2715
3007
0
0
1
6
0
1
16
0
0
2
120
0
3
14
3
7
14
11
7
0
819
0
0
0
0
5
0
0
147
248
1
0
0
0
10
2
0
4
75
5193
0
17
79
0
373
30
1
0
1
36
0
0
0
56
0
1
0
0
0
0
0
0
48
8270
1
0
1
0
1
0
26
4
1
121
0
0
4
0
8
1
3
0
2
1917
0
2
2
1
0
0
0
97
1
5
1318
16
0
3
10
0
8
5
1064
0
2
5
2
1187
1
1
4
1010
1450
1
0
0
1
0
0
1
0
0
1
3
0
4
0
0
193
2966
0
6
4
1127
0
103
0
845
29
0
22
0
0
0
35
3
3
7
0
0
0
91
419
80
2943
13
2
0
19
0
1
19395
0
0
1
0
2
37
0
78
0
14
411
0
1
0
0
16
255
3
270
0
0
22
0
0
0
26
46
0
0
2
11
118
30
203
0
211
4
2
5
0
0
77
3
5
44
23
21
0
27
0
1
0
0
0
0
0
208
24
0
0
0
0
0
0
53
0
1
1
30
25
0
0
2
30
16
0
0
5
2
4
44
302
1
483
3
1
0
0
0
1
0
0
0
717
1
0
3
0
0
0
7
0
1
0
0
1
1
0
175
59
0
39
0
558
89
5
0
0
42
13
171
1
0
0
5
23
1
1
0
0
69
163
0
8
1
6
1
0
52
3
1811
0
6
299
0
659
2
712
0
2
1
0
0
310
0
0
1
0
1
188
1
371
0
1
134
0
7
0
0
9229
5126
0
142
1
4
0
0
855
0
0
1
0
0
152
3
2
308
2
11125
0
0
0
0
45
0
3
0
93
44
66
1
2
1
1
0
1
10
0
0
1
468
1592
0
0
0
0
0
0
1
1
0
16
0
3
6847
52
0
24
0
1323
6
0
3
3
0
0
0
0
0
1
33
3
0
0
0
440
1714
109
49
1
0
2470
0
0
2
0
821
0
1
6
0
0
46
44
0
1
0
43
24
0
4
0
1
3
20
0
1817
1460
0
1
0
771
2
2
0
0
57
0
75
798
40
0
0
32
7
0
0
375
4
2
1
6
0
4
2
0
0
0
4
0
0
9
0
47
2
276
5
0
11
0
4
0
134
0
4
0
0
1
267
0
1
223
0
0
0
0
0
0
144
48
0
1
0
1
218
0
0
2
0
49
1
0
347
29
0
1
0
9
0
1149
1
0
3
1
0
43
0
1
5
1
0
3
0
0
0
1
3
89
0
630
0
0
0
1186
0
2
316
119
0
3621
41
39
1984
258
1634
0
0
0
0
0
116
0
2
0
5147
0
0
0
0
3
0
0
1
2
0
0
0
0
0
0
0
12
4
17
8
11
0
3
4757
0
144
0
4
166
0
0
78
2
0
3
6
1
0
0
79
4
0
1
0
0
0
25
0
0
0
2218
16
66
68
154
1
503
0
8
1
0
1
0
0
833
0
56
35
43
0
7
0
14
0
4
704
1
0
55
1
0
0
865
3
0
0
6
2
339
84
1
18
0
117
1464
6
1609
2338
0
1
8
0
0
6
0
0
4
0
0
2333
19
0
5
0
15
576
2
70
0
25
147
17
2
0
7
0
4
0
0
0
0
0
3376
2
0
2
0
17
19
0
4846
2
19
7
275
57
0
0
705
540
24
0
2143
0
1
235
1
0
11
2
0
172
2
57
7014
1504
2
16
1585
1
0
0
19
5
28
0
207
81
4
2
0
2
1
96
0
3
0
0
313
1
7
0
0
0
0
1
7
0
106
32
2
37
6
0
0
33
5
4
19
608
14
6
10
440
6
1452
7
12
3
4
2682
3
510
0
0
1
1
109
3
226
0
0
195
0
108
0
322
0
0
248
0
8
6
48
307
0
1
905
27
13
0
0
0
115
670
0
0
0
59
0
0
14
3820
1
9
36
9
10
50
0
38
123
0
9
213
0
0
0
0
0
3
0
0
0
6
0
1
17
0
0
2
0
96
0
1
2
0
1
5
0
18
0
50
214
5
0
7
5
317
1
961
10
80
0
0
0
1320
0
0
1
0
0
0
0
1298
0
0
198
122
0
0
0
70
0
11
27
0
1
0
0
1
92
0
0
511
0
16
0
1
0
2
123
0
0
3617
2
2
0
9
30
1
66
2721
1
0
0
0
0
56
55
4109
1
19
492
0
1
2
27
1
941
266
3
0
0
1
0
4
0
5105
506
0
0
364
0
186
0
0
0
0
0
1
18
1
67
0
29
6
34
265
396
356
0
16
0
0
0
1464
3
0
498
0
4
29
0
0
1
1
0
1
1
0
6
3
32
382
6
0
0
0
8
0
1
0
112
0
0
1
60
4
0
0
0
1
381
0
649
2643
0
0
0
1
60
46
23
20
27
1
1196
67
1
0
57
1
666
8
46
0
0
1019
0
8
28
396
0
1
230
0
1
34
0
7
1
2
4
1
52
0
0
0
114
178
0
39
13
421
0
7
0
10
0
2
0
0
5
20
1
1
26
0
0
7
4
0
0
0
2525
0
1
1
2
31
0
1
0
0
0
3
0
47
0
4112
0
20
11
971
0
0
1
1
0
272
7
0
0
0
2
3
21
0
21
0
1
1
0
0
10
44
76
4067
0
0
4
8
1
1
0
2
2
0
99
11
0
1
1
0
0
1
201
0
0
98
0
0
0
0
23
162
2
2
1110
36
1
1
0
22
1
4
4
1
9
30
112
0
0
2
129
0
0
0
0
2
0
3
0
13
2
1
64
1
0
16
0
0
0
0
22
1
0
3
0
0
0
0
0
0
0
0
14
15
2
65
0
0
0
8
0
8
191
1
0
1
0
263
1
0
44
1
0
97
44
22
14
3
0
1
392
595
752
3
0
0
0
2060
2
62
0
0
0
27
749
0
0
0
0
1
9
0
275
0
1
639
0
1
0
48
0
0
3148
0
0
0
1746
49
7
0
0
0
0
0
1
341
0
1
39
0
7
0
1
4
3
1
9
133
7
0
0
10
7
165
1
1272
495
1
29
414
0
0
0
0
0
0
0
0
1858
9
117
2
0
0
0
5
1
0
0
5
42
0
0
0
0
27
3242
0
0
0
0
86
231
56
0
0
4979
0
98
70
31
0
1
16
1
0
0
2
2
3
2
1
0
27
12
0
9
4
57
0
1
5
0
114
0
119
40
3
48
0
0
0
1
0
0
3
6
0
2
92
83
2
189
22
2489
1
0
0
0
0
29
0
1
0
1
0
0
2
0
64
0
12
0
4
3
0
0
6
44
531
125
42
1
64
0
74
281
0
10
1091
17
12
22
34
27170
63
158
0
0
0
5
871
2
144
35
0
1
274
30
23
1
0
0
0
4
0
20
1
157
1
0
0
0
10
0
0
0
1
0
84
0
658
0
460
10694
0
0
149
30
0
183
2
1
2095
331
0
6
1
0
24098
2
0
0
22
0
0
163
3
1
0
1
13251
9
1041
2
11425
2802
0
3
0
0
68
0
1
1
18
2
2
0
0
0
0
0
671
0
0
1
1
3
0
0
2
1
177
0
160
0
0
2
4
0
0
8
0
0
0
797
4
0
0
0
1
1
45
0
0
8
171
438
45
101
47
3
1
3
0
1
17
0
0
5
0
0
0
56
188
9
2
0
846
1
0
8330
1
0
0
13
1
131
0
0
0
9
0
0
0
14
56
16
0
10
0
303
14
8044
0
0
0
0
0
0
0
29
4
24
0
10
2
9
0
10
1
1
131
117
1098
1448
2
0
0
0
8234
0
1395
54
2
64
204
0
0
2
52
6
9
444
63
0
0
0
0
0
49
0
0
0
0
43
0
2
11
3
5
100
1
29
0
9
23
73
2
7
0
0
0
0
0
8
69
0
0
34
351
551
0
11
9
0
0
51
0
3
14
13
12212
0
5
1
496
359
121
45
0
0
0
14
0
1
5
1
3
11
0
5
1
189
0
0
0
0
0
392
0
0
0
638
0
0
1
0
0
0
0
0
20
0
8
1
3027
0
0
1
0
0
0
1
0
36
22
21
10
91
136
1
306
0
0
1
3
0
53
2
0
2
0
39
248
0
0
17
0
0
96
3
192
1
1
111
1
422
0
6
0
0
0
583
2
143
245
0
1
0
2097
0
0
338
3
24
0
83
4
12
112
164
206
0
3
0
0
0
2
17
0
0
0
55
1
0
4930
1
6
0
550
0
27
0
1196
338
147
22
167
2447
140
2
6
0
1
0
60
0
0
0
557
17
0
0
0
0
0
1803
0
0
0
1
0
0
0
0
0
7
1
17
44
1
52
0
0
0
0
1
4
1
14
29
0
74
0
706
2
10
1
0
24
228
46
398
0
1
1
370
2
0
13
1060
3
0
1
4657
22
0
0
11
0
3
26
1
3
6664
28
1011
0
0
0
1978
0
0
0
1
0
0
0
0
263
0
1686
0
1
6
1679
27
84
47
0
0
6
0
8
5
120
13
0
4
0
0
0
0
105
0
0
16
3
60
1
1
0
12
33
0
0
35
0
0
3
8
6
0
13
0
7
4
20
56
0
1
0
0
0
1
3
85
0
0
0
0
1
0
22
206
0
1
2
2
36
12
998
5
6
0
5
2
2
17
66
0
0
0
0
8
728
2452
0
0
0
1
129
0
301
43
27
1
556
8
2
0
4
0
3
8
0
2
0
23
0
495
44
133
0
12
36
0
0
0
30
0
0
2959
39
0
5031
0
69
30
0
547
2
1
8
656
230
5
1368
39
1
813
6
0
17
2
0
15
0
511
25
0
55
0
2707
0
2
0
3
447
14
0
1
5
0
6
0
0
30
20
4
264
0
0
0
8
1
39
1
8
1
0
0
0
1
10
0
2
0
7
0
1
0
20
35
0
21
0
1
4
85
0
0
2
20
0
21
0
1
0
0
360
17
9
229
23
1
0
0
89
0
310
6
0
0
2
0
1
1
0
23
1268
5
0
437
3
1
0
2
251
122
3
0
0
0
0
1
0
0
0
0
0
0
10
15
4
0
352
10
0
0
0
45
11
0
0
13
0
0
0
0
0
80
320
0
15
0
4
38
147
0
1203
3
3
0
0
0
2
0
0
46
0
0
0
0
82
35
23
14
7
6
3229
85
122
0
10
0
0
0
0
0
0
0
22
0
12
0
0
2
287
0
0
0
0
51
106
0
1
25
0
1
2
2
4
0
0
31
0
2285
90
7
56
255
0
324
0
8
321
0
0
0
1
0
0
955
15
1
1
4
1
5077
20
97
0
0
1
2
2
7
13
109
0
0
0
499
0
1
0
0
3
0
0
0
9
0
0
0
0
0
2
19
358
39
2
0
6
0
378
2
2
95
2
0
27
0
244
0
1
199
1
0
2
787
4
0
40
0
10
16
5656
2
32
0
1767
2
1
0
0
148
693
6
0
25
2
12
6
0
0
1
1
26
10
0
1
0
1
3
15
0
0
0
4
2
0
240
135
0
1
5
1
0
0
0
40
10
91
0
0
0
0
7
12
124
137
0
164
0
29
0
93
0
0
0
0
33
0
0
0
0
0
0
2
0
139
0
0
0
0
0
0
0
0
0
0
500
0
2
76
0
0
29
1530
0
0
16
2
1
23
0
0
9
1
0
0
0
0
1
4
3
0
0
0
3
0
199
0
29
1163
0
2
1
3
0
0
114
0
0
0
0
0
5
0
0
309
0
152
0
1
15
2
1
0
376
0
1
0
0
0
0
56
0
0
18
0
2
99
0
0
3
0
0
3
0
3
2
11
0
0
0
0
474
1
17
1
5
0
16
64
0
2
1
2
2
23
153
0
0
0
17
1
5
0
33
0
1
0
430
68
24
10
0
0
3
101
3
45
7
0
0
0
0
0
0
0
0
4
0
8
0
0
4
0
511
17
0
0
392
3
106
3
0
993
0
17
2
0
11
0
0
18
0
0
0
2
2
0
0
1
2078
9
0
225
0
2
0
1
383
4
0
208
0
0
7
5
83
0
1
0
0
10
0
0
0
0
3
1
2
14
0
102
0
1884
0
0
0
112
0
0
91
51
302
0
0
73
47
0
19
16
0
8
2
0
7
2
0
37
688
5
0
0
0
279
0
110
9925
0
68
6
1
0
51
53
2
660
0
0
4
2
1
98
2
0
0
35
0
1
0
0
0
0
5
1
0
3479
0
0
0
4
1
0
1
47
50
2
7
0
1
1
1
0
0
229
0
8
0
0
4
1
0
98
0
0
0
0
0
1
0
3
15
9
30
28
455
1
13
1
0
0
777
5
1
0
3
32
10
0
4
1175
1
0
1506
0
0
6
0
0
0
513
0
1
0
2
137
0
9
0
0
6
1
395
13
1
5
0
292
0
0
0
13
72
0
5
800
0
0
63
0
0
1
5
5
6
0
10
157
0
19
0
30
0
0
2
5
61
0
0
320
39
0
44
0
83
16
15
0
0
0
28
1
0
1
1
0
236
0
0
58
0
9
2
2
98
54
2
61
0
3
96
3127
23
1
0
3
7
1
0
288
243
0
0
0
592
59
0
17
25
31
130
5
0
178
9
0
0
60
227
0
8
3400
2
0
2
84
2
2
0
32
0
0
0
0
1
0
0
0
0
2
0
0
0
41
0
2
1
0
147
213
1
0
22
27
73
10
1
252
0
0
1
3
0
1
34
0
4
1
24
1033
0
8
0
0
0
0
23
0
0
19
0
1
16
0
16
21
73
0
0
24
0
1567
1
15102
0
266
0
1
262
3
0
0
53
0
0
1
0
0
0
42
82
0
0
0
2
0
0
430
3
0
3
37
0
3091
0
5
1
1107
0
7
0
1
3
0
3
6
52
0
0
20
0
0
711
3
0
1
0
66
0
0
1
921
0
6
0
0
152
1
0
0
0
1
0
0
0
0
123
0
0
0
150
1
0
0
0
0
0
5
0
0
3
38
0
1
7
1
0
1
0
0
24
10
61
0
0
31
6
26
2
1
13
1
2
0
8
95
0
0
65
1
0
21
49
3
4
0
2
663
0
47
0
23929
0
39
0
0
940
0
1
0
1
0
2
0
0
3
0
0
0
23
3
11
0
0
2054
54
3949
0
0
6
0
664
67
6
1
4
1
1
13
5
0
33
25
15
1
2
0
1261
6
0
93
10715
0
2
0
0
1146
0
81
0
0
115
384
5229
2
428
282
0
0
4
0
1
0
0
279
0
11
0
0
142
0
10
0
0
0
2
0
1033
1
1
1
110
2
379
2
0
298
0
1
1066
2
0
10
1365
12
0
0
1
0
1041
0
1412
1
2
94
490
42
61
0
0
11
77
53
0
135
0
0
1
1
16
2
6
0
0
3
1
0
175
44
0
0
0
0
4
0
0
11
199
0
0
0
0
21
4
227
278
18
1
0
25
0
2
5
41
287
44
0
12
7
51
6
0
44
6
41
1
15
0
368
0
1
206
2878
0
308
830
6
1054
3
577
0
8
0
1025
0
1766
0
12563
29
0
0
0
0
0
3
17
0
777
4
3
26
2
3
18
966
1834
0
2
3532
1
969
4
19
0
0
0
41
34
55
0
1
0
4
0
20
0
296
0
0
265
1800
50
7
53
2
11
2
479
0
1
0
0
2
0
40
30
4
0
46
0
0
1985
4254
110
1
43
22
0
101
1
0
0
0
18
9
0
759
1
84
7685
1
3
1
0
7
0
857
2
9
3
0
1
187
16
3
58
0
0
2
148
15
0
0
3
4
5
1
23
7
0
1
33
2
18
575
1
9
1
0
5
1030
0
228
0
0
2397
9
4
0
0
5083
11
0
0
0
0
4
1
0
0
6
17
1500
0
2
0
0
97
0
14
2
16
0
0
0
6
0
5
46
22
0
1
0
28
187
3
1
0
0
0
150
31
2708
1332
33
286
0
0
10
43
0
82
0
1
60
1
2
0
0
0
0
17106
103
1
4
0
43
1
528
0
0
5
2
0
2
69
3
44
2
6
716
0
25
2
4
0
1
2
0
17
0
0
0
0
0
2
70
3
6
0
0
0
15
1
0
0
488
19
0
0
4
4
0
100
5
198
3
0
128
0
0
0
0
0
1492
0
0
0
0
0
16
0
0
4
137
4
0
1661
231
2
119
62
2
1
264
175
0
0
407
0
1
121
82
0
0
3
244
30
0
1
0
7
0
0
335
0
0
19
0
16
1
2
265
1
0
2
231
39
40
1
12
1
3
5
1
0
147
0
638
0
0
0
3
0
21
0
0
45
242
0
1
784
196
1
3
0
0
0
0
0
0
1
19
0
1
91
38
2
843
0
0
0
0
0
1
0
152
3
0
2
23
364
16
0
0
211
6
0
3
0
2
0
0
120
0
4171
24
46
0
1
0
0
57
0
0
0
0
0
0
0
115
5
1
18
0
0
8102
0
0
24
1
71
96
6
0
0
72
737
6
0
0
0
66
0
3
1
281
0
1
0
0
0
0
0
0
1
0
1
113
0
16
66
25
150
286
0
1
0
0
4
37
0
126
0
0
1
0
0
0
0
0
0
2
0
10
0
0
0
24
6
24
24
70
0
0
0
0
0
3
1
3
2
0
50
0
1
246
3
0
0
115
16
0
0
6
0
0
177
103
0
0
4
3
0
0
160
11
3
0
0
0
41
78
51
2
59
0
0
0
0
0
0
5
0
92
0
19
0
0
0
0
3919
1
0
3
4
2
1
5
11
27
0
34
8
0
204
0
28
6
76
0
0
1
3
150
0
0
1
0
0
0
0
0
9
1
247
11
2
687
47
21
2
0
15
4
0
25
26
0
0
0
0
0
0
14
1
0
69
35
15
1
557
0
85
0
46
1
7
15
2
3
0
4
0
346
3
1
1
122
0
0
0
0
1
1
22
101
27
12
0
37
0
2
342
9
0
0
0
9
29
0
2
2
0
0
8
0
171
0
0
1
1
2
0
0
1002
0
0
0
0
0
16
0
0
1
5
1
619
2
10
0
19
55
3
0
18
44
0
0
62
0
1
0
7
0
0
0
317
0
0
1
11
1
73
0
0
0
69
1
108
38
14
929
21
0
5
0
2497
0
0
81
14
0
0
1
2
124
0
0
0
0
1
0
0
0
1
0
0
101
0
2
0
46
0
4
17
135
19
1
0
597
0
49
0
15
1
0
0
2
1
1776
0
205
147
0
2
0
96
0
0
0
0
1
0
42
7
22
3439
9
64
0
0
1
8
7
6
1
0
36
161
0
4
0
556
0
1
0
1
0
283
1
0
14
0
0
0
0
1
154
2
0
291
0
2
0
7
30
24
0
0
6
1
82
3
15
1
0
0
35
145
12
1
2
24
1
81
59
2
0
0
2
0
0
41
0
80
357
4
9
38
0
6
40
51
0
0
0
2
0
2
0
29
1
0
0
0
2
7
3
1
0
1
10
2
146
12
3
3
0
0
10
0
0
1848
37
0
0
0
10
2420
9566
5
1
2
1
1
6
0
1
72
0
0
0
1
39
1
18
2
117
1
140
0
0
0
1686
178
2
0
48
0
0
19
0
0
0
0
2
672
448
0
0
0
18
0
0
9
0
83
47
47
15
0
2
91
10
6
2
118
0
0
0
11
0
0
2
299
2
15
97
3
0
0
4
6
2
0
1
454
65
5274
0
0
226
18
188
156
0
0
0
0
0
0
158
1
0
0
0
6
0
1
0
0
16
0
1
0
0
0
15
0
0
0
0
10
455
0
1465
1
122
0
49
0
329
0
0
438
0
1
27
0
0
3
0
1
683
0
0
706
6
0
83
24
177
0
0
0
7
0
2
0
0
13
2
36
152
74
0
0
28
0
0
0
0
0
9
1
1
0
25
0
810
167
2
1011
0
22
2569
0
2482
0
0
31
73
0
4
0
0
17
62
0
1
14
2
0
0
2818
0
1
0
0
5
16
41
14
16
0
0
0
0
0
161
12
0
22
0
64
0
7
1
0
1
214
0
0
0
20
0
0
0
39
7
0
16
0
6
10
5
0
0
2
0
0
0
0
10
8
35
47
0
3
813
1
8
7
33
403
2
8
73
2
20
3
0
0
0
0
0
143
0
0
0
0
0
12
1
36
0
0
0
884
2
0
0
1
15
0
14
0
0
415
0
0
33
1446
19
3
16
2
6
17
0
217
10
8
0
106
24
41
0
213
59
0
8
0
26
1
8
25
0
2
4
0
591
0
22
2
27
0
3
22
0
0
0
1
1309
36
0
455
0
21
7
257
10
3
0
51
0
1
0
0
0
1
0
4
2
0
349
2
9
0
1
388
0
0
0
1
0
13
0
0
0
14
0
410
7
1
32
2721
0
565
0
1
0
4
0
0
0
1
2561
1
1010
0
20
0
0
1
22
4
0
4
49
0
7
846
1
0
3
2
48
0
28
7
0
0
2
0
0
0
0
1
4356
0
714
0
1
0
1
0
428
109
816
3
126
69
0
0
5
68
0
1105
0
0
1
3
0
29
8
0
0
0
15
3
0
1
20
1050
2
1851
3746
0
10
3
60
22
0
0
0
46
322
0
0
312
146
0
1
1
0
0
0
0
0
0
0
0
0
1628
0
0
3
0
0
1
3
0
13
0
35
1
0
72
0
902
0
86
1
1
0
0
2
4
0
272
0
0
0
11
24
109
0
343
1
0
0
25
0
0
0
0
0
0
0
240
0
10
2
23
0
118
0
142
39
13
0
2
0
0
3
0
0
125
0
0
172
0
0
0
39
430
1
3
804
0
408
1276
25
63
70
0
0
0
58
2
2
171
2119
10
44
0
0
12
8
14
29
0
0
69
4
320
1183
50
0
7
0
0
3
12509
1008
4
106
0
2454
1866
0
0
1
0
0
2
0
0
6
1
0
1
0
0
0
12
19
7
338
0
28
0
0
0
253
0
339
2282
6
33
0
1044
31
0
0
5
0
2
0
0
24
1
8
0
3
0
10
385
0
0
7
0
5
0
958
1
0
24
0
1
6
207
0
0
0
0
1
4
0
0
0
0
0
19
0
2189
0
0
6
0
23
0
9
0
213
0
2
1
1
0
0
0
16
0
0
240
100
9
0
0
3
3
3
0
0
0
1
1
3
0
0
2821
68
0
2
0
13
36
1961
0
0
40
0
5
0
3
5
0
12
1
7
5
0
151
0
0
0
0
1
1
1
0
2
0
112
9
82
0
130
11
2
0
12
511
1
495
0
170
0
924
0
5
1
1
22
3072
0
1
0
138
0
4
16
68
0
1
0
0
0
6
29
0
1
99
26
1048
0
0
38
0
0
1
1
50
2
2
0
2
0
0
0
0
0
0
0
1
2
0
48
3
0
0
0
11
11
0
151
0
4
2
78
0
1
865
1
3
0
17
0
0
0
5
440
2609
0
1
0
5
1
7
83
0
6
0
1
0
3
1225
7
2
1
8
4
47
13
1676
1
1436
1
27
0
0
0
0
1
0
0
0
6
0
42
0
0
0
1
51
0
6
0
20
0
12
450
0
0
0
0
1
1
0
0
1
2
0
0
2
11
34
0
5
4
0
0
4
2
16
1
5
0
0
2
1
8
0
3219
0
9
0
46
1
0
1
2
0
0
0
0
0
17
2
0
0
0
0
0
0
3
11
6
1571
0
0
421
3
0
997
1
159
167
0
0
61
27
165
0
3
1
0
2
0
0
8
36
0
10
1263
0
0
3
0
18
0
491
0
6248
5
0
1771
0
0
0
0
2
941
58
10
4
0
0
2
0
2
402
0
0
0
2
0
0
13
11
1
110
3
122
0
0
73
12
41
0
4
187
2
26
0
7
141
2
1
1
2
3
137
0
5
4
417
34
1
38
0
0
0
329
0
11
0
0
9
0
1
0
21
34
0
3
0
0
72
1
2
0
0
0
0
0
0
2
0
1
0
0
0
0
11
1077
0
18
1
0
2
0
111
104
1
0
645
5027
2
1
0
2
0
0
0
0
1
1
50
0
159
0
11
54
0
0
69
75
0
107
0
0
6
0
1
3
892
4
0
0
40
0
1
1
2
0
0
0
0
0
0
2
1
0
1
31
2
0
0
0
1579
2
32
0
0
0
0
166
215
0
0
62
0
39
0
0
0
147
1
1
2
0
5
974
36
0
1
2
0
0
0
1
0
2976
319
25
969
5
4
0
1
546
2021
0
7
0
1
0
0
0
0
0
0
3
0
0
0
0
0
0
0
0
16
1
5
184
454
4
2
0
5
2
22
0
7
1
17
20
0
1
14
130
2908
713
0
156
1
0
0
0
0
159
111
91
1
7
23
86
4
0
1
10
0
0
3
0
0
8
3
0
73
11
5
0
2
0
0
5
0
14
0
0
0
0
2
0
1
92
1987
8
45
0
0
13
0
405
1
0
260
2
0
0
3
241
7
0
39
20
1
7
2
633
0
6
6
1
2
9
3
719
0
1
1
1
0
5
158
0
0
0
3
2
0
20
0
1
0
0
0
0
0
0
10
0
2
0
0
1
327
0
0
8
0
0
0
1
0
28
1
0
27
3
364
113
0
0
0
2
0
27
27
0
16
0
0
0
30
10
2
812
0
10
7
1
0
1
0
86
0
1
19
1
3
0
16
35
0
0
16
35
5
193
0
0
0
0
0
148
1
5
0
0
0
0
341
2408
2
1593
490
2
143
19
0
0
8
1
0
1181
0
1
0
3229
1
0
0
1
0
3
1437
1
0
3
73
7995
1
0
0
354
0
2
41
0
5
3
0
0
3
22
0
1102
2
363
100
13
0
9
0
0
0
0
307
33
0
157
0
1
3
0
0
4
20
0
0
387
0
0
0
0
3
13
0
5
0
177
1
8
0
0
1
181
22
54
29
8081
0
1
9
24
0
0
35
124
11
1
1397
0
0
230
0
0
1
333
1
0
68
8
0
0
1
0
15
0
0
3
423
0
0
0
0
0
63
0
0
5
17
0
4
0
0
3
50
0
0
7234
0
31
0
604
4
1
0
0
6
2
13
2194
43
5
0
0
0
617
82
0
4
9
0
2266
0
1
188
0
39
406
0
0
0
0
64
7
8
0
0
1
0
0
0
0
14
0
1
260
1
7
0
8
0
1
2817
0
21
68
196
1
807
0
1397
26
68
1
0
289
0
0
173
1
29
0
1
1
3
0
71
0
3584
378
0
11
1
0
0
7
14
2
2154
3
1
0
9
63
34
1
0
776
2
0
0
0
16
0
0
0
0
0
0
0
0
0
1008
42
358
190
0
114
0
156
324
0
1303
0
94
30
8
7088
5
1
0
0
7
0
4
0
41
1
22
1
0
1
78
1
0
11
6
0
7
5
10
0
17
0
0
8
0
2
0
5
0
8
2
3
1
10
23
0
0
1
0
0
1
3175
1
7
3
0
1
0
0
3
52
1
224
3086
0
10670
0
0
1052
1
453
0
1
29
0
0
2
5
0
1
0
5
2
0
0
0
8338
6
0
1
0
0
0
0
177
1
0
0
4
2
0
35
0
0
3
2
330
1
1
0
53
3
0
0
0
1
0
0
178
0
0
98
1
23
0
0
0
2
0
1051
1
0
0
1
0
0
0
0
0
0
3
3
1
3
1
0
0
339
0
73
148
58
900
657
0
0
1
105
10
3
0
0
0
0
4
0
14
508
31
1
24
0
4
146
15
0
0
0
0
0
0
0
2
0
0
0
23
1
133
1
329
1
1
0
25
0
0
1445
19274
19
2
0
24
1
1
0
6
288
37
2759
24
0
117
2
0
0
452
28
0
3
27
1
0
1
430
0
10
13
7
66
477
428
0
5
6
0
4
0
1
310
0
0
1
171
0
0
1
65
0
0
9
498
1
23
4774
1
0
19
1
1
0
16
0
6
0
0
0
135
7
920
57
14
15
1
0
49
0
0
1
0
330
0
3
0
205
0
0
985
409
0
1
147
0
0
0
0
15
43
75
0
0
0
267
16865
0
0
1
1
1
53
0
0
0
11
0
0
30
7
17
137
130
1773
0
162
493
0
5
0
0
0
37
0
0
2
17
5928
0
1
72
0
0
0
6194
628
11
334
12
593
37
11
2
0
1
2086
0
0
52
0
1
2787
1
15
0
0
0
0
0
27
0
0
0
0
0
38
1
0
0
0
3
157
0
0
63
2
0
1904
1013
1
1
0
1
2
29
207
19
0
9
1
0
435
1
15
0
2
1
0
0
466
865
4478
14
0
0
1348
33
0
59
216
89
0
0
1
20
3
4
205
4
0
0
0
659
0
0
2
0
0
0
62
2000
1
8
0
0
0
5
50
2
0
2260
1
44
0
67
0
229
0
199
8
1
4
302
1
1
0
9
11
9
218
0
0
0
3
0
65
0
2
0
0
0
0
15
74
0
0
0
0
40
706
1
1
0
0
0
0
0
0
1
0
0
0
0
0
0
183
67
0
11
1516
0
3
22
0
125
3
3
29
64
2445
0
0
4
3
5
15
1
679
0
36
3
0
2
0
25
0
1618
1
0
0
0
16
4
0
1
2
0
42
130
15
4
0
63
470
604
0
0
0
0
0
0
0
0
0
1
209
0
0
0
0
1
0
0
1
2
3
6
0
0
1
1
0
29
0
0
0
0
0
0
593
91
2
0
165
10
0
1
0
1
0
464
56
1
774
61
700
2
58
0
120
93
1
0
0
0
6
80
5
1
2
0
2
0
0
38
0
14
0
1
0
0
0
16
56
89
5
1
36
3
0
706
0
1
1
0
0
0
12
3
0
0
3
0
22
0
10
0
5
12
33
10
0
92
6
5
0
0
23
26
71
0
1445
6
5
0
3453
3
0
1
6502
0
3
0
1
0
0
0
0
1127
1
0
0
0
0
0
1
1
66
0
0
3
0
16
3
63
26
1
26
0
0
120
1098
352
0
1
0
219
213
0
214
0
14
85
0
35
101
0
17
69
46
911
7
5
49
119
29
3516
0
0
1
7
0
0
10
1
0
1
3
66
3
0
0
2
0
0
0
0
0
0
26
1363
11
7
0
0
0
0
0
0
2006
0
471
3
0
18
0
0
0
0
15
17
121
7
0
0
0
0
44
148
167
0
4
0
1
0
1
144
245
2
1
0
0
16
1
0
0
0
34
1
1
0
5
86
0
1
0
0
0
69
0
0
5
0
3
0
0
0
0
0
0
7
5
0
0
1572
1
1
6898
5
0
0
22
1
437
47
0
280
4
0
0
42
0
0
0
0
0
0
1
1
34
1
2
58
0
1
0
0
0
2
0
3
0
174
117
849
0
2257
0
0
0
2295
1
0
0
0
1381
0
0
0
0
0
0
0
148
0
1
1891
0
22
0
0
2
87
75
112
0
0
372
14
22
4
2
0
0
2
0
1
774
0
1
1
14
528
0
0
0
12
13
7
1
0
2
0
5
6
0
0
0
0
0
0
0
0
0
7280
9
4
0
0
18
0
30
0
1
21
0
2
24
2
0
0
2
8
1
533
0
1
0
0
0
116
0
0
1
2
0
0
5
0
0
609
1214
1
0
2232
6
1
24
3
1
151
0
79
0
1
3352
3
0
0
418
0
0
2430
0
2
0
0
0
2
0
0
0
13
234
0
18
0
0
7
3
0
0
11
0
0
0
45
1283
427
0
0
6557
0
978
0
0
37
43
7
1
78
31
0
18
0
6
0
1273
2
1
976
0
0
0
2
12
17
0
0
0
34
2
0
26
1
795
2
0
3
0
0
0
1
13
29
0
30
33
0
1
0
1
16
0
10
0
0
0
0
0
253
655
1
8
0
0
3299
0
0
19
1
1
2
289
7
7
6
0
29
0
6
0
0
0
0
0
0
0
0
2
0
370
0
0
4
0
77
5
0
1
0
0
302
8
0
0
0
0
0
0
1
1
0
1
41
11
0
7
47
0
0
0
14
6
0
1
2085
13
0
1
6
9
90
0
0
125
0
2
0
0
0
67
11
1
31
0
0
1
1264
7
0
31
192
40
0
0
37
52
2
3
0
31
0
1
12
0
10
2576
0
0
0
0
10
0
0
5
0
4
0
0
8
3
13
6
3
56
93
4
713
1889
620
0
14
17
1
61
1
1
3
0
5
12
0
0
1
0
0
0
229
205
957
1
0
0
1
0
3
2
0
0
12
147
6
258
0
7
0
7
1016
0
3
5
1
0
0
0
0
0
0
0
0
0
0
2
21
74
3
69
0
9
0
336
978
0
11
146
29
0
16
5
1
0
0
130
0
11
1
0
1
3
1
34
1
713
81
0
1
0
11
1
0
14
2
0
0
11
3
0
26
30
2
1
0
0
0
0
0
0
0
0
27
0
0
0
0
4
0
7863
3
0
53
8
0
12
0
0
1
0
0
0
0
0
92
0
0
44
1
6
4
0
25
80
633
0
0
3
0
46
0
25
2
4
2
12
45
92
1
213
57
40
293
2
377
5
0
1600
3
0
9
0
135
1
0
1
0
0
0
2
0
12
0
0
2
1
4
12
0
0
0
6
263
0
0
0
0
3
3
1
0
70
44
4
202
5
0
0
3
0
0
6
17
420
0
0
2
88
2
0
0
795
1
21
1
1
14
56
1
97
0
6
4
0
3
0
0
0
0
0
36
0
0
0
0
0
0
2
0
1
2
0
36
97
124
0
27
98
1
0
6316
5
0
0
0
2
1
4
0
0
1
17
21
0
4
0
0
0
812
114
7
20
0
55
0
130
5
0
0
0
1
0
3
4
0
0
0
0
213
0
0
0
2
0
0
0
0
0
0
6
0
310
388
3173
0
3
0
36
0
0
35
289
0
257
37
0
0
1
1
0
0
0
0
4
17
1
1
1
25
0
116
15
0
0
0
12
0
3
0
533
0
0
6
6
0
8
31
1469
0
0
0
0
0
0
0
0
7
1
0
0
0
2418
0
2
0
0
0
0
2
28
12
92
0
0
5371
4
0
1
0
130
2
1
8
0
156
0
177
0
0
6
0
0
226
0
0
11
1
2
0
0
520
0
1
0
63
0
0
84
12
0
4
0
52
0
0
7
0
0
0
0
0
1
0
0
0
0
0
63
0
16
36
6
0
183
76
5
0
837
397
0
163
0
0
4
0
5
3
2
5
0
0
0
5
3
0
15
0
1
8
0
14
0
58
3
0
1
108
0
2
1
32
0
80
395
273
942
8
8
1397
0
4
0
0
0
0
0
0
0
0
0
0
91
0
1
0
1
14
7
3
0
124
0
7
2
0
3
3259
0
5
354
0
0
75
0
8
0
29
26
22
0
0
0
1
0
38
0
0
0
2
0
0
35
11
6
474
0
2
3
1
1
44
0
1
0
0
0
0
0
0
0
0
0
0
1
0
82
0
0
8
1
2
54
1
3767
65
0
1
1
0
2
0
0
436
27
1
0
7
0
0
0
450
4
2
0
0
62
2
0
8
269
130
2
0
120
0
234
10
278
17
0
287
1
0
8559
1724
6
1
0
0
0
0
0
0
0
0
0
1
0
2
0
0
9
51
0
12
3
41
8
47
0
1
3
564
0
0
4181
0
5
19
104
0
0
1
70
20
0
2
3
8
0
0
2
1
0
53
1960
0
0
22
5
8
46
13400
0
2536
1
1
1
13
6
1
0
14
0
0
0
2
1
0
0
0
0
1
2
0
0
2
111
5
0
0
60
1
11794
134
0
0
49
3
0
0
2
0
10
16
269
0
0
60
918
18
0
0
0
255
0
0
0
203
0
0
226
3
0
0
2
0
0
16
68
4
0
0
30
12
0
1
2
0
0
0
0
0
553
0
2
1999
4
0
270
186
0
0
34
2
0
33
1
0
104
1
17
0
0
7014
0
3
9
88
1
0
2
5
0
0
2
2
0
32
4612
0
1
778
42
0
3
2
0
0
1
0
0
0
28
2
2
0
0
0
0
394
1
0
0
0
0
0
0
0
3
2
1
0
0
0
0
86
0
104
0
19
310
1
0
6
0
0
0
0
0
1
0
0
9
1
0
42
4574
1
0
0
5167
0
8
2755
0
5
1
0
803
920
0
1
192
1
0
2
200
6
0
0
0
4
0
0
0
0
0
0
0
0
812
0
418
0
0
0
1180
23
93
0
0
6
0
1
23
295
111
1
1
124
53
6
0
160
11
607
12
7671
1387
1
0
2
48
199
0
0
1680
7
9
0
10
43
18
380
12
1117
0
3
0
226
0
0
0
0
44
1
0
0
28
0
0
0
0
0
1
0
0
0
0
0
1
40
7
64
0
33
3951
0
405
7
63
317
2
0
516
0
3
37
0
1
0
908
67
3
0
68
0
0
211
0
0
0
0
7
1
0
0
0
5
0
0
9
0
0
4
16
0
3050
471
2
0
121
1
0
0
1
1
0
0
0
0
1142
2
0
0
753
2
0
350
134
37
10
0
1
2
1
11
0
0
0
18
2
17
0
13
0
164
0
0
696
1
0
0
0
648
2
79
0
10
2
4
27
6
1
545
47
1
477
30
0
1
1
0
9
0
19
0
0
0
0
0
0
0
0
1
16
29
5
1
34
0
1780
1
1
2
2
0
14
7
0
2
0
157
0
13
1
0
0
3
13
36
28
9498
0
23
4
0
0
2
1
1
2
0
0
1215
94
0
7
1
0
56
10
1
0
0
1
7
2
10
2
1
0
0
0
0
0
0
0
3
57
0
784
0
1783
6
0
10
0
0
0
0
1
0
0
3
1
123
0
0
0
0
2
0
36
0
0
4
2
0
86
0
0
1
313
2
0
212
10891
3
1
1
23
23
8
204
0
0
0
0
138
0
0
0
17
114
5
0
0
0
0
0
0
0
37
0
644
16
0
1
0
54
86
8
0
2
68
15
0
4
6320
449
0
4
4
1
194
0
70
26
0
0
0
3
42
6
0
1561
2
98
0
271
2
2474
2
0
3
0
1
0
3
31
0
113
14
0
52
0
0
0
1
0
1
0
0
0
0
27
5
0
1
0
34
4
0
0
0
28
1
4
3
0
0
0
411
0
0
38
0
0
36
9
0
0
7
0
313
170
1
11
0
1
2
1
147
48
0
19
1
0
0
6
22
2
5
0
549
0
0
1
420
0
2
0
2
61
0
0
0
0
0
6023
42
32
1709
0
372
0
567
0
0
6
3
1
0
0
0
0
0
0
334
0
52
13
0
4
1
5
0
171
56
0
0
3
0
0
0
2
0
1
0
0
4
53
0
3
0
7
4
0
5635
2823
1
15
0
0
0
16
0
0
0
43
1
0
0
143
56
0
10894
0
0
8
0
0
2
42
0
267
2
602
0
6
85
93
34
51
0
0
1
7
0
1
26
0
14
0
0
1
0
2647
23
0
108
8
33
0
0
9
13
2
0
2
0
0
734
2
8613
37
16
126
2
0
0
0
0
0
0
1
1
0
198
223
0
0
4
3
205
39
0
0
133
4
3
0
55
0
242
2
0
1
1
4
1
0
0
0
41
0
969
0
8
67
1
251
255
33
176
2
2
0
3
1
6
0
1
2
519
0
0
0
0
0
0
0
0
6
0
0
0
0
0
0
0
17
102
1
5
0
13
53
0
0
0
7
23
0
8
3
16
21
7
3635
4
0
32
0
2
0
69
0
0
0
26
0
74
52
2
0
33
0
9
0
0
2
0
68
1
4
14
0
3
5
346
0
0
36
2
2
0
0
0
0
0
0
0
0
0
282
3
3
0
0
1
0
0
9
1
32
2
34
1
1
15
0
38
1
0
27
0
15
0
1940
1
1417
3
2
0
0
62
0
8
4
0
0
2
227
0
11
5
281
0
0
260
123
12
0
1
0
15
0
0
0
8
0
0
0
58
0
0
0
0
72
23
13
1
23
1
13
0
0
195
1
1
8
0
1
5
72
0
0
0
0
0
1
0
0
0
0
2
0
54
25
0
0
108
14
2
1
120
25
1
0
29
0
0
52
3
0
69
1
0
10
0
0
3
0
2
0
1
0
53
0
0
0
0
5
0
0
190
55
0
0
0
1
0
9
4
0
0
0
4
0
0
3616
0
1
0
0
5
21
0
0
0
440
0
15
1
0
0
1980
0
16
1
3
2
0
0
1
0
343
0
0
0
0
2774
0
1
81
14
0
2
0
0
0
27
0
0
0
0
647
19
0
1
0
0
1
0
1
5
1057
0
0
115
82
0
2
0
0
0
1
0
1
2
0
0
0
0
45
35
0
0
1
0
0
960
3
7
8
1
0
0
0
0
0
9
3
0
155
26
5824
0
0
0
2039
0
0
0
0
69
0
0
0
0
37
1
3
1
0
8
0
0
18
0
15
7
12
50
264
5
0
92
0
0
0
25
2
0
0
20
51
6
422
1
0
2
3
3
580
12
7
0
1
0
26
87
168
0
0
98
7
112
4
1
0
0
1377
1
0
25
0
0
0
0
0
113
0
0
2
52
1
8
0
0
5
400
0
1
12
2
5
0
0
3
0
277
3
0
11
0
76
5
0
6
8
21
0
14
0
0
0
48
112
9
254
0
1
0
0
4
7
0
0
20
652
226
0
2216
32
0
4
4
0
0
0
0
0
0
0
0
0
295
0
0
7
0
0
0
1582
30
3977
0
0
1
12
0
2
15
2
26
36
2
0
0
327
5
6
0
65
26
2
401
0
11
1
0
0
0
0
18
0
25
0
0
302
0
3
1
0
50
0
8
0
0
88
0
0
4
10
0
0
0
0
4048
0
3
1
0
4
651
33
0
0
2
7
0
9
12
0
8
0
11
1
2084
0
0
0
0
7
0
4253
0
1
0
0
23139
17
8
0
1630
0
7
0
0
146
0
169
13
4
0
108
0
0
8
0
0
626
0
13
1
0
0
43
0
0
0
0
8
0
55
0
0
3
0
0
0
3
1
4
0
0
0
0
0
0
0
129
11
0
0
5
0
3
0
0
1
3
0
0
106
43
1
114
0
0
0
3094
0
31
0
8
0
117
0
236
0
0
0
0
0
0
0
1
5
2
1
0
1
0
0
0
343
0
80
80
47
5
1
0
0
0
11
1
0
0
21
3
0
102
1
7
0
0
0
5
0
3
1
0
1
26
2
0
2
2
2
5
24
6537
0
0
759
0
1
4
0
0
3
0
424
21
0
8
0
37
176
0
1
0
0
0
819
0
0
0
0
0
0
0
171
4
654
2
0
1
1
0
2
0
0
0
0
0
1
0
0
432
0
0
27
34
8
48
2
0
127
2
1
1
121
4
14
40
0
0
0
0
6
0
15
21
56
1
0
308
111
1
79
5819
3
0
1
4
43
0
0
0
0
0
0
0
0
0
0
0
0
745
3
0
20
25
0
13
279
2
760
9
502
1
0
0
3
0
2
0
99
0
0
1
6
1
14
26
0
0
0
289
0
159
233
0
3
0
498
0
11
1
4
125
4610
0
0
105
0
0
0
0
0
449
0
0
0
0
0
0
0
244
5
0
0
15
1
2
65
216
1
3
0
8
38
6
0
1
54
136
0
0
0
0
0
0
1
0
0
1
31
0
882
0
10
0
0
1265
0
26
0
0
33
0
28
0
6
2
0
4
3
0
24
28
0
16
1
0
0
0
0
0
0
1
0
0
0
57
0
1
0
230
0
0
1
60
0
1468
607
37
0
0
33
7
0
0
0
0
1
4
7
0
725
3
16
5
20
4
1
7
0
8
1040
0
0
1
0
0
0
2779
0
1278
0
33
5
5
169
4
70
0
18
0
0
0
0
0
1
1
0
0
3
5
1
7
0
0
0
46
0
0
61
0
1
4
0
143
4
23
0
0
2
0
0
82
2
24
444
0
125
0
35
1
0
0
0
0
78
0
88
14
0
0
2
2
16
5
9
1
0
0
6
1
1426
0
2
4
7689
48
48
8578
3542
1612
180
1612
75
1612
180
708
302
1035
14066
11090
24304
8514
261
32666
5302
38
10586
8538
320
8341
160
12930
18000
1243
23470
320
2691
1675
47557
22172
23966
26860
621
147
11658
14434
39274
8992
30812
38
2650
45295
12436
19666
205
25027
6
163
20
160
30012
3274
335
5104
1890
3045
1612
69
6
16249
19745
12
185
11
295
11
454
11
295
23
517
1410
4308
1
922
0
147
1
0
2
13
0
12852
24086
850
1888
2
14
58
283
660
2217
0
9678
0
24
614
2863
1693
180
3
0
13
207
902
177
0
12
12
4
1046
61
23112
90
11
1
0
0
11265
0
11
2564
800
9
652
20
50
0
0
0
77
0
0
2224
5471
0
177
19890
389
7730
0
0
602
46
37
16
317
9
0
322
3
0
12287
0
3075
797
1
94
174
3
4
8
0
2437
1
39
11
4
2814
7
70
0
68
2
0
76
29
34
35
5
1232
333
253
3
0
13003
0
85
273
6785
5053
26
140
26
37
0
140
11
253
1821
411
502
44
82
31
20
40
0
1
2524
178
59
315
0
7
9
1579
6550
0
4
0
14
5
12
3
234
52
1760
6
0
14585
50
1
9
0
2
13151
0
1
34
637
1
0
0
1
413
16
0
0
31
3
29
34979
0
0
808
65
73
0
28
65
0
80
5
0
1
15
0
11
438
0
11
23
4782
1
4
5
120
85
1
23
0
0
1
0
119
102
0
31
0
1
6322
21
52
8
1
0
0
0
145
7
1
0
16842
6
4585
255
72
368
177
0
25
0
11
19
8
158
335
247
6
0
37
0
1697
0
2569
0
39
7369
0
0
1407
154
5
24283
9
0
43
4
20
0
1
4
12
25
7
13796
269
3774
0
2
14
6
53
1
0
4
23
29
11
321
6
0
2
0
2454
809
372
0
79
21
4
10
13568
1
1
38
0
45
24
6
2421
3921
0
0
1
209
2
0
5682
0
0
2629
1
0
6
0
0
350
0
24
31
13
2
35
16
552
32
0
49
52
3
301
5764
3
0
412
407
157
9
0
11
37
0
398
2
0
11899
0
4817
4953
8
0
3
108
1
0
5
98
10
337
0
0
0
9
64
4
0
0
322
44
0
0
163
0
0
0
0
859
0
680
6
22
9
1
0
0
40
20
2995
7
0
12
1779
582
20
34
150
63
978
0
0
158
3
0
0
49
249
0
16
41
4895
0
204
0
1
551
1
0
1
0
0
16
0
0
64
30
104
0
240
268
30
0
0
0
0
5
28
0
0
1
0
0
12
6
11
16
2
3
2
0
0
87
1209
1
0
2204
0
165
59
0
0
4443
0
15
150
0
0
3
0
0
3
18
0
2488
3
0
36
0
0
0
5203
0
2494
2
11
0
20
6
23
217
4475
735
60
49
0
0
410
2
1
803
17
72
0
11
222
2
0
15
0
43
0
1048
0
34
10
1
0
18
34
294
2
4
365
0
7
6
0
1
1
6
0
275
0
0
0
21
12
49
0
22
4
0
0
278
1
0
0
0
1
2
0
0
0
1714
216
11
2
61
0
7
0
423
20
0
0
87
42
92
0
2976
1
63
0
64
0
58
73
1
181
7
14358
208
2
0
72
0
0
9
25275
0
826
6
1
0
11134
0
0
402
3117
1
4
17
224
0
2
193
1
2
3811
30
0
0
23
28
46
0
17
101
9
1
132
0
0
830
1
3
0
28
0
0
20
0
9
11
119
1
27
0
0
11
0
13
0
0
2
48
5
5
0
0
497
9867
2
42
1
65
0
146
60
31
0
9
1
170
1
1
1
0
0
1254
0
0
7
4
0
4140
8
0
3
0
449
0
6020
102
49
0
1
0
147
0
0
0
1
0
2
17
20
0
0
0
108
0
6
4538
155
16775
4
0
3
1
3
12
340
2
3
3
3
10
1
11
2
2
2
0
372
242
19
1
0
310
1
0
1
220
1
4
4
118
0
12
0
53
156
1
2
5
0
83
3
0
0
6147
2434
0
0
89
0
0
1
1
2
140
0
0
0
1977
130
1
0
0
5134
199
182
4
34
9
60
32
6
0
0
1
0
0
6
0
1264
84
0
2340
0
0
1
0
1
0
3
4
3273
0
768
15
638
3
0
0
1296
21
0
2
14
6
0
1
37
3
2
42
0
0
0
2
1
31
0
4
2
534
13
0
1540
0
0
15102
210
0
164
0
2
16
226
0
0
1
10
0
282
1
41
0
93
1092
332
1000
11
5
523
55
14
0
1
38
132
0
0
0
7956
0
0
0
0
0
0
72
16
11
0
21
0
56
0
0
1
0
86
268
3
1
45
1
0
143
2
3
0
0
6220
0
0
0
7
0
0
475
6
5
3
8
1
0
2
1
0
41
117
1
2
1
0
1
524
438
1955
0
0
173
3
0
0
4
168
0
7
0
0
0
7
31
0
0
208
0
2326
7
1290
0
1
0
27
0
1107
0
1
32
0
2
20
0
1296
0
1
48
0
2
624
1
1
1
0
0
62
0
467
2
0
0
0
6
273
281
0
0
0
15
4
101
0
0
13
7322
19
131
8
0
1
384
798
3
1
0
22
1
3645
1
0
0
487
0
1641
1
1
0
0
0
3
161
26
0
0
406
0
79
0
3919
27
42
14
3
0
12
0
455
0
100
31
1342
0
6
0
14557
0
76
367
4
34
0
702
323
1
0
0
0
563
6
8
430
24
0
4
10
0
2
35
0
59
89
0
8
163
0
30
0
5
2
25
1
4
112
1
2
4220
0
37
1
0
24
24
17
0
0
3
314
7
0
14
10
6
1
6
111
0
59
1
98
0
1
0
1
7
2
12
26
46
3
199
0
1
6357
2
155
15
8976
1
10
292
0
50
4
0
0
262
1
9
0
1
0
7
0
0
118
345
0
0
4360
37
0
5
213
0
237
0
2
212
0
357
4
59
0
0
10
0
2740
0
0
0
712
1100
1
3
330
0
10
3
72
0
0
594
0
0
0
4
1785
1319
1773
0
5
343
2972
6
0
0
475
0
256
102
2
1
0
0
103
98
1
25984
0
2
8
0
0
24
64
61
8
0
0
136
0
3
0
1
13054
1
2
51
18
344
1
0
275
11
17
0
1
33
2
5762
6
9
10
0
3
1
0
15
75
0
0
2710
0
0
17
1
0
1
0
0
3
5
1
0
4
0
0
0
0
6
0
0
2422
0
0
5
788
1
0
1153
43
0
215
2
82
0
14
1
551
381
2132
0
1
1
0
1
65
103
0
105
0
0
1
394
0
1
0
0
1
12
0
7
24
220
3
0
1004
0
20
5328
2
0
292
0
0
2
1
2
0
7
0
0
0
0
295
5542
5
0
17
0
54
85
41
19
170
0
4
29
15
0
8
108
4
4
0
0
0
303
0
8
433
6
0
1048
0
115
3231
9
25
34
0
0
74
5
0
0
605
0
2
3
21
502
14
347
159
0
2
7
0
0
71
0
1
7
0
22
0
0
63
46
19
6
0
1
0
6352
1
1
70
18
15
0
0
0
1
18
0
1
1
56
0
1
0
0
0
0
302
4
0
8
0
0
1
6
0
0
50
1
0
2
0
251
0
7
0
785
24
0
113
15
0
1407
0
0
0
1174
40
2
255
0
0
0
628
2
1
6
14
1
66
1
0
2629
1
12
0
7
124
0
0
7
36
133
16
15
0
0
1
0
0
0
65
3
0
92
4
78
0
0
10413
1
2
0
39
0
2759
74
0
406
5
17
0
3427
58
0
2
1
1
0
4
22
8392
2
0
0
10
2
0
0
1
42
0
2
8
4541
6
49
0
218
0
2
13
0
18
2
0
1
78
3
45
112
7
13010
7
310
2
0
78
0
0
63
31
1
150
0
0
3
47
369
0
939
1
36
335
0
0
21
63
0
23
0
0
12
4
0
0
2
0
0
1193
35
0
0
251
0
25
0
2
1534
0
50
3465
220
3
12
53
1
0
2
0
1
241
0
369
51
0
3456
1
732
37
9
0
7
0
6
0
2
0
407
0
20
5
4913
27
27
0
0
1
1
0
0
11049
29
0
0
0
1
0
148
10
1
1
1
3
0
0
0
1
0
0
211
410
0
2
5
283
1
32
26
4
1
1
0
14
23
23
114
63
999
1
1
1
34
1
566
529
14
0
0
61
13
2
0
0
0
0
264
32
0
1
0
1
0
0
5
4
0
0
0
0
2
0
0
2
19
47
0
1
0
0
22
18
11
11
0
6
3
1
2
0
0
0
0
176
27
39
0
109
53
3
0
17
637
0
0
126
0
139
1
0
3
2
4
2
0
1
1
2
7180
1
6
73
0
1868
0
1
1056
0
0
273
0
1
25
0
0
0
827
0
9
56
75
0
3
34
0
739
3
1
14
0
16
0
1064
0
1
5
13
80
23
1
13
1
5
7
0
0
6001
1
78
1
0
10
2
0
1
0
0
0
0
20
43
168
53
0
283
55
0
0
0
605
1
1312
55
6
3
2
0
0
7
1286
1
6
43
0
0
0
151
0
0
3
0
0
0
12
278
0
2
0
2
23
118
1
1
0
0
18
4
136
0
0
5
2
35
1
0
31
6
39
0
2
575
88
70
5
1
0
109
0
24
558
0
0
1
0
16
4
1866
1
0
0
0
390
0
0
6
6
1
0
0
11
2
0
0
0
0
0
2
0
5
10
700
0
4
0
4510
60
0
114
11
1
10534
2
6
0
435
0
299
26
136
1
0
0
61
4
78
0
761
0
3
1
93
0
123
2
0
190
0
0
0
11
1412
3
0
4
0
0
132
75
304
156
0
0
102
0
0
1
0
0
0
0
0
0
37
48
5
0
86
6
150
1
1
73
48
0
197
159
10
4753
8
0
4
1
1
138
1127
2
0
88
923
8
0
4518
0
85
109
13
20990
3
0
168
0
9
362
5
1
3217
14
0
0
19
2838
295
12
13
0
17
0
0
0
1
0
0
11
0
0
1
0
0
767
0
0
130
3
2
0
31
0
9
0
5
2
2979
3
0
0
3023
0
24
35
0
350
1
4
255
2
0
431
1
89
0
1
11363
0
0
0
21
0
0
0
0
0
272
1
0
12
0
0
1
203
0
6
0
2
0
1
79
1
2
0
8
5
0
48
0
0
1
0
112
4
35
1
1
10
3
1054
81
1719
50
0
2
0
118
2
9
0
77
24
41
41
67
1
0
2003
0
19733
0
0
0
0
2
2
1
71
27
0
59
1
1
2
18
0
3
0
0
0
0
22
101
0
0
2
7
1
16
12
1
1
0
0
116
72
47
4
0
1
0
15
0
0
1
47
460
0
1
57
0
4
0
0
1
0
608
0
4
22
0
2971
4
0
906
0
0
0
105
1
29
2
2
5
855
1
0
0
0
0
12
10
3
10
0
84
0
35
0
0
0
0
0
0
326
23
2
0
39
10
1
3
7
318
17
82
52
2
0
1
0
0
964
1288
1
0
0
0
0
0
0
3030
3686
0
0
0
1
3895
22
0
0
0
18
625
1
0
1
0
0
4
0
0
0
0
14858
0
14
0
336
0
0
0
0
11
0
147
2
0
7
2
665
3655
1
0
385
0
16
0
240
29
0
1
6392
1
1
288
0
1
104
9
5
17
9
4
479
3
2138
24
25
1
531
0
1
0
0
0
0
6
0
0
0
0
0
0
0
0
15
0
2
133
5
17
0
0
117
6
1
0
0
0
10
0
0
1
0
673
79
416
1
0
109
1
9
7
5
8
1
0
0
3
0
2
0
0
8
0
1
0
0
3662
122
0
4
0
1
0
199
0
0
1
10
0
0
0
1
0
0
3477
0
4
633
0
1385
0
0
0
20
1
0
0
0
21
0
1668
0
40
1
12
0
0
2
387
7
8
176
6
5
0
77
1
1
0
0
9
224
0
0
3
0
0
1
0
0
179
0
29
34
0
0
0
1
0
0
279
18
0
0
0
22
8
0
0
0
1
0
0
1
91
0
57
0
3
1
0
5
671
0
1
0
0
20
10923
3
0
82
1134
262
4
0
1259
0
4
0
1
2
89
0
10
8
47
6
0
0
23
51
14
55
49
0
0
725
4330
0
855
180
2
0
0
0
0
121
95
5
0
1
4724
89
1
40
0
64
0
0
0
3
0
0
0
29
30
1077
0
51
1
1
438
0
0
0
1
0
0
12
1
12
25
6
0
2
4
1
2129
538
26
5
65
0
1
0
0
0
0
41
2
0
152
0
0
3
0
1
0
63
2
1375
1
1
0
0
47
0
0
0
7
9
0
200
21
0
1
25
0
1
811
1
0
0
5
19
1
2
1152
1
0
0
0
0
0
30
0
53
0
4
2
7039
0
0
0
0
4
5
2
52
0
1
0
0
0
16
0
33
0
0
0
10
5
141
8
8
0
0
14
0
0
14
73
0
260
0
0
0
3
0
0
0
1
293
1
0
0
9589
1
0
7
310
182
293
0
2
0
2
0
28
2
1
1
433
1
14955
52
6811
6
1
2
0
0
91
0
240
0
1
3
0
62
0
0
11
0
0
5
861
33
41
0
489
0
0
0
4856
0
1
0
221
151
0
0
0
2
18
0
0
0
0
0
169
0
0
327
0
0
0
0
0
193
1
2383
8
2
47
0
1
0
53
2
146
0
0
82
0
0
9
0
0
144
0
1661
402
0
608
0
0
0
0
2
3
259
4
1
14
9678
2
0
8
46
2
0
131
0
0
0
0
0
0
0
674
0
1
0
0
30
0
0
1
12556
69
5
13617
113
37
2
0
2
0
1
18
1
15080
4
0
129
6
663
11
8
6
2
0
38
1
3
56
31
21
0
589
0
0
177
5771
0
1
0
109
294
0
0
0
0
3
0
149
0
229
0
0
0
11
0
0
0
16
2
45
0
0
241
86
114
0
2729
2
1
8
0
54
0
0
4
0
1
303
0
7
1
0
17
0
424
0
0
0
1
28
0
278
96
4
121
2
0
0
74
24
432
159
2370
22
369
62
6
2478
0
0
0
0
0
7
0
97
0
0
0
1
5
0
0
0
0
1
0
0
3
90
20
0
24
0
7
0
3228
6
0
0
4
79
0
7419
13
0
19
14591
0
40
9
0
7
1
24
2
375
308
252
205
0
0
0
23
8
3
7689
0
1
0
0
864
0
0
1
1
0
1
0
0
4
51
12
70
0
0
0
14
0
76
0
3
2071
0
0
0
1242
0
7840
123
1
222
3
2529
0
9
194
11030
0
0
140
160
5
352
0
0
0
2
1
0
416
0
0
6
0
19
14
1
0
0
1
8
0
0
0
13
0
107
0
0
0
0
1
1273
0
2
0
856
0
0
0
1050
0
0
0
4
26
1
3
49
0
0
46
13
0
98
12
24
0
0
0
27
2
2
43
0
1
191
248
17
47
573
1
8
5
0
0
33
0
0
1
1
13
0
0
0
0
119
0
6
1
0
2218
10395
2
0
0
1
0
0
0
2
0
1
1
25
0
0
104
1
1
4523
5
95
1
182
5
5
1242
1
835
0
153
59
10
0
2
12
98
33
7
1
0
0
0
3
0
0
0
4
1
13
0
0
1
1
4496
0
0
355
232
0
0
1082
0
0
325
2
0
29
0
0
0
0
0
0
76
1
0
480
0
14
0
39
1
1
0
0
187
756
4
83
2
8
17
0
0
4
5
0
3
74
156
931
21
0
2
0
4
0
32
77
2
13
0
1
0
9
59
35
196
0
0
65
0
3
1
0
1
0
0
1
0
0
0
0
0
0
0
1450
0
1
4
674
30
5
34
0
1
0
0
1
0
23
5663
2
1
6
11
0
0
2
2
0
6
93
0
22
2
1
3644
674
0
3
0
232
4
2
5
15
0
1
6
0
1
1
0
139
31
0
1
0
0
0
1
469
0
542
0
0
5923
0
0
17717
26
0
12
3
0
1
1815
0
404
0
0
27
0
10
0
96
3
0
0
0
3
0
0
362
0
7
8
13
0
1
196
39
9
1452
3
190
85
48
2
2
59
0
260
0
0
0
68
0
1
27
0
0
122
0
0
0
11
15
0
0
0
0
1
619
0
2
1
2
56
5
7
14
6
0
0
0
0
1
428
1
8
0
1
0
6
12
1
0
0
0
320
52
105
256
2
0
1760
1770
2
50
18
12
0
4
1
2
3
0
77
0
1305
0
20
0
34
0
0
0
581
82
0
2
416
0
0
9
0
1
0
0
419
114
22540
14
4
81
30
0
0
0
0
6
1
2
59
1
5
0
118
11
165
0
8
15
0
0
5
157
0
0
0
423
184
45
88
0
3
0
137
0
5138
0
83
0
20
0
0
14
0
0
0
0
4
16
0
0
0
1
0
0
0
1
0
49
0
4
0
1
0
75
2
6
1
0
86
1
536
0
0
0
0
0
11
8
0
189
1
0
0
0
806
3
1
286
36
7
3
6
0
217
1
0
0
2
0
34
450
0
0
0
0
0
6
1
0
0
169
0
21
2
0
0
0
0
0
0
0
512
700
3081
1
2
1
16
5079
13
0
1
0
305
1
21
19
12
0
0
0
417
24
0
1
4
11
0
0
0
0
51
0
0
0
0
4145
9
1
380
0
135
1162
0
0
0
18
4819
0
23
0
0
1
0
1
2
0
5
0
0
0
0
0
0
1
1601
0
1449
1
6
49
0
0
0
735
2
0
2
0
0
0
1
40
4
0
8
1
99
226
2563
0
4
0
1
0
1
1
2
21
148
0
1
822
52
0
0
680
26
855
0
315
0
286
0
0
0
0
562
0
141
7
2
0
0
2
1
1
0
0
0
1
10
0
1
1627
38
379
0
1
0
11376
2
0
0
168
0
0
0
6
36
1
1987
0
16
51
2
7
0
5
5
14
62
61
7
0
25
0
18
1
0
0
2
2
1
10
380
0
51
0
0
0
1
0
0
0
2
6
1
0
0
294
0
1
0
50
11
1
275
0
1
147
23
2
103
619
10
7
17
158
786
1
0
1083
8
56
159
0
2
17
0
2
0
12
54
1
0
1
0
2
36
0
0
36
0
0
872
16
125
3
1
0
1
0
1
1
0
5
1524
0
5
0
0
0
542
0
3
0
0
3016
27
29
2
2134
6
0
3
1
26
0
121
327
0
0
7
2
0
0
0
10
0
0
0
202
73
14
7
1
8
0
0
14
3
0
1
1
6
0
0
0
0
2
0
2
1
0
0
1
0
2
38
0
5085
0
1
0
5
0
0
31
0
124
0
2
0
0
1
0
193
269
0
735
16
3
0
0
4
0
0
0
0
4
6
0
0
51
15
1
211
0
52
423
1
0
5
31
9
0
0
22
349
13
1
0
0
27
3
1
1
0
0
0
3
0
41
3
0
28
9
0
14
68
0
0
0
0
3
0
81
376
32
9
2
0
8
1259
20
0
0
1841
2
156
0
212
0
0
0
3
0
4
33
11
0
1
0
75
17
37
2
0
20
384
67
2
0
0
1
0
0
4
1
3
0
0
0
0
15
14
2
14
15
0
7
0
1
0
0
1
6
0
0
1897
211
78
243
0
0
0
0
0
241
0
0
43
0
0
1
1
1
0
95
0
0
6
0
5
2288
0
0
0
0
0
0
191
3
0
15
137
3
0
74
0
0
1
1864
0
0
0
0
0
1
0
0
199
27
0
0
1
381
33
0
0
102
0
0
4569
1
1
83
0
1
1092
1
0
0
5
13
0
3
10
0
0
0
0
65
5
0
22
1
91
5
11
8674
11
0
22
15
4
2
0
17
29
38
0
0
0
0
0
116
324
0
0
0
0
391
278
0
2
0
13
0
2
1
0
14
0
2
4
0
42
44
0
35
3970
0
0
0
0
1
0
0
11439
1
326
0
1
3
41
0
790
0
10
44
3572
2
4
80
11
0
0
2
0
57
0
1
0
0
0
0
0
0
1
15239
0
0
108
1
2
0
386
0
1
4
0
8
0
683
0
0
0
0
0
0
0
3
2
5
2
3
143
0
0
65
1
67
17
0
0
4
0
0
0
0
5
0
0
0
0
1
112
6
1
0
4
0
1286
0
0
435
11
25
0
8
160
0
7
0
0
0
0
0
0
624
38
0
19213
0
0
54
3
0
0
0
0
0
0
1
10
9
49
0
0
13
0
0
3
0
37
260
53
0
0
2
0
135
0
16
3
0
120
12
0
0
1
26
80
0
23
0
1
0
0
3757
30
0
0
5
0
4
0
4
0
0
265
0
0
0
0
0
0
0
0
0
0
1
0
0
1
4
2
1
1
1178
1
1
0
0
665
7
81
2
0
1
341
61
86
0
0
35
1721
71
0
2
97
0
0
2
0
219
3
1
0
0
0
0
2
1
0
0
138
2
46
0
0
2
0
0
0
0
0
1
0
0
7
0
0
0
3033
32
1
0
79
13
2
0
1
0
1
13
0
4
22
41
1099
3
1
14
5
26
67
18
18
171
3
0
2
1
389
4
3
1
12984
0
12
481
5
61
0
32
0
414
21
0
5
76
16701
0
0
654
6
0
0
1
0
6
0
0
647
77
0
1
0
2829
0
2
0
71
0
21
1
5
0
2
0
107
1
60
0
600
2
1033
141
0
13224
1
0
0
29
11064
4
0
2
0
0
702
114
0
2
0
6
113
4
4
0
0
307
0
0
28
1
0
458
1
0
3
75
0
0
0
0
627
9
0
3
1
3607
2
0
2
16
0
13
0
0
8
0
3
40
5
6
0
2
0
0
0
0
0
125
1
5
11
1481
0
334
0
0
3
5
303
4
0
0
1
2
0
16
608
234
1
1
0
0
0
53
0
1
0
440
1922
4
576
1
0
1
0
4
0
0
1
30
0
0
0
4499
0
0
153
0
0
0
0
0
2
0
4
0
0
0
159
63
0
3
3
0
1
0
3
0
0
11
2
0
39
0
27
73
0
2
0
0
0
0
2
0
0
0
3
308
0
0
0
0
2
3
0
0
0
0
89
5
0
0
0
0
1834
94
5
10
4
345
28
0
541
2
17
0
0
0
0
0
1
0
173
913
0
13399
0
3
2
1
1
5
0
5
1
122
2
0
0
1
5
87
120
2
1
1093
0
0
0
9
1
1
0
134
6427
3
0
31
0
0
3
0
0
20
0
2
0
0
2491
0
0
0
3
71
0
2
46
37
0
0
5
50
6
182
9
988
0
0
0
616
3
155
0
0
11
314
3
0
1517
2
0
0
0
40
122
0
310
11
22
0
124
0
0
39
0
186
2
0
1
17
0
5
0
0
0
1
1
2
182
0
2640
0
10
0
142
2259
0
687
0
0
0
0
5
0
0
3
0
293
0
3345
3
826
0
34
7
0
0
213
1
123
0
251
0
7
0
0
0
0
0
1
159
0
3
0
0
0
0
45
10
1
0
0
1
0
0
0
0
0
0
2
0
1
3
1
0
0
15
0
3605
446
0
0
0
0
24
9
4
0
11
0
62
1
554
0
0
0
77
175
54
0
35
2
12
0
0
67
0
0
0
0
3
0
0
0
2439
1
2
3
0
1
174
20
0
0
0
0
19
29
5
0
8
1
0
0
1161
0
0
0
0
1
193
2
0
16
0
0
0
3
2
8
0
13051
31
0
13
8
0
3
1
0
0
1617
0
1
12
10
1
1
0
10
0
3
27
4181
1370
0
2256
4
0
0
0
0
0
19
3
3180
0
0
0
0
42
0
1
0
0
192
0
137
5167
0
1
0
0
0
0
0
0
25
4
0
1
68
0
0
8
1
1
266
0
1
3
0
23
0
0
21
0
0
29
564
63
2
10
1
0
0
6
0
3596
205
733
0
197
55
0
4
12
15
350
3
0
7699
204
0
0
141
3321
62
0
0
0
0
45
0
0
0
0
0
1
0
0
425
0
0
0
1
0
18
0
0
0
1
4
0
45
0
1261
627
2
0
228
2
0
3
10
22
18
66
0
1
59
0
1
0
0
236
2
1
1
1
3192
0
0
0
4102
0
3
0
320
29
6
0
0
42
0
0
1
0
2760
3
1
0
1
0
0
0
0
1
0
0
21
3
4
0
3
1
1
39
9
1005
20
6
2076
2
9
0
6
1
60
123
1
0
2
0
0
131
211
6
119
0
0
0
5
0
2
57
0
26
191
0
18
4
1
1
0
0
0
0
0
103
0
0
0
0
0
0
0
2
1
0
1
0
0
0
0
0
1
0
0
5
0
0
2
29
1
1
187
4522
0
0
0
305
0
0
0
10
272
18
0
11
1228
1
7889
0
1963
1
715
0
0
0
0
32628
0
0
0
0
0
4
0
0
2
1
0
0
0
3671
0
0
0
1
0
0
0
0
6
0
0
2
5
0
6
0
1
10
16
1888
0
2
1
2
1
3
14
39
0
1
45
58
435
2
2
3
0
2
6116
0
468
0
2
2
2
2
4
442
0
100
0
0
4
0
1975
7
10
0
2
0
0
8
0
96
0
0
45
2
0
12
0
0
0
1
8
11
0
0
0
2
1
1
0
11
19
0
0
0
3
30
1
4
1
71
5
47
0
26
2
390
156
0
0
3
1
13
5814
0
1
0
0
1
2
1046
0
0
6
17
37
0
0
0
0
0
1
0
172
255
2
2
0
0
3
0
0
0
5
2
0
409
0
1
15
16
1
0
3
1
0
33
175
0
0
1
15
3
0
14
56
1
7
3
0
1
454
0
70
0
0
76
373
1
0
0
0
114
1575
0
0
0
43
0
0
0
0
0
6
0
0
23
153
1
3365
5
0
8
0
219
0
1
0
0
0
0
23
0
49
245
0
621
4
11
85
3
1
6
3
1
10
83
0
4
17
1
1
1
2
0
121
1
0
3
38
0
0
16
0
125
17
645
1
1887
0
0
0
1
253
3500
0
0
0
0
0
0
210
1164
7
165
0
0
0
69
1
0
0
108
0
0
747
36
16
1
0
1
0
0
0
2
2
92
0
0
2
0
0
1
155
6
457
42
0
0
0
3
12
858
0
0
1
8
106
13
0
1
0
0
0
0
0
0
0
12
1
57
5549
1
14
8
5
1150
21
0
1
49
2
673
2
0
13127
0
0
4
12
0
0
29
0
3
0
6
153
560
1
1
3
0
101
1
1
471
7
3
0
17
10
5
1
3
0
2
0
388
0
0
0
1
1
65
9
19
0
0
0
77
3
10
0
0
0
104
49
0
0
105
0
0
27
0
43
0
0
0
31
0
0
2
0
8
0
154
0
0
37
0
0
2648
3
0
1350
8
0
0
2
427
179
2
0
4
0
0
111
23
24
0
0
12
109
247
4
0
3
9
0
1
0
0
0
76
0
12814
0
9
3896
0
1
22
50
0
0
0
0
0
1
0
6
0
1735
74
1
0
709
2
147
12
0
7
0
0
4
4
6
0
0
0
15
9
7
3
1
0
0
5
273
1
96
1
1747
0
62
0
0
0
0
0
0
26
2
651
596
0
0
0
2
2
0
3997
35
15
0
0
10144
0
0
3
0
0
0
0
0
0
0
0
0
1
85
0
0
6
35
10
0
0
0
6
11
110
17
3
0
0
0
2
12
55
2
4
2
3
0
12
22
1
132
1
0
0
134
1
2
0
0
5
149
0
0
13
0
174
0
74
0
4152
0
38
9
8
37
0
0
0
0
0
211
4
1
5
0
0
772
298
1
6
0
1
0
0
4
13
0
160
1
24
1
0
1
0
1
23
0
81
414
2
0
26
0
1
0
0
80
2
1
0
0
583
1
0
2602
0
0
15
0
0
0
4
0
12
1
2
5
2419
1172
0
7
1
1
0
1
20
0
0
0
4
0
726
1682
2
0
1
0
150
48
10
1
18
231
2
8
0
55
101
34
2
2
78
0
7
0
9
0
1
0
0
0
0
0
0
30
3
0
1
357
0
0
276
41
0
1684
701
0
0
27
0
3
2
53
1
0
0
19
0
0
1
0
25
0
1
509
0
0
50
0
1
0
0
1208
34
2
3
2
0
0
0
0
0
1362
0
0
0
0
2
14
0
0
0
0
2
0
4
1
242
0
48
182
681
124
2744
0
0
4747
0
49
15
0
2585
147
0
0
1240
1
0
0
0
265
0
0
259
0
0
1
0
3
0
11
264
0
0
0
0
0
0
166
0
11
0
0
2
1
1
0
0
0
0
7
0
0
0
95
3019
89
27
1
2
3
1
3
4448
4
3
0
0
0
0
1377
1
0
702
1
446
0
0
4
0
0
1
1
0
0
1
0
0
1
8
279
0
2468
3
0
0
3
260
0
0
0
0
0
1
0
18
1
3
0
1
0
0
0
1
0
182
2
4
1
63
300
175
2344
4877
13
0
0
2
4
0
0
0
0
0
1
1
6
17
0
24
0
0
2
9
0
0
1
0
0
2
1
624
0
0
0
3
0
2
0
0
0
15
41
4
1
1
1
16
12
63
158
4
1
402
15
0
0
1808
2
21
0
0
1
5
4
0
0
419
0
0
23
1
0
1
0
105
0
0
9
0
0
8
0
9
1
0
62
1
0
0
2
3
3
0
0
0
0
25
49
0
0
4
3
0
140
0
0
27
2458
2
1645
2
1
0
9
1245
1
0
33
3
1
30
11
0
1060
126
78
0
2
1
1
0
0
1
0
0
3928
0
0
0
0
442
5
6
510
465
0
145
4
1
11
0
0
0
61
0
4
82
0
1
0
0
0
112
21
0
9
240
0
447
0
2
0
1260
44
188
1
1
108
453
6
0
3
3
1
18
0
1
267
168
7
0
20
16
0
26
0
0
1
1
26
1372
0
5
0
1
0
0
0
49
0
0
0
0
0
0
0
1
0
0
0
0
0
6
50
39
1
19
0
540
1
22
0
0
1
4
0
1
0
329
30
49
0
0
0
5
2
0
13
10
1
0
0
2
1
1104
1
4
13
3
0
0
0
0
8
3
0
0
0
4
264
0
1199
10
1
0
1
0
1
3
0
0
0
0
1
0
0
0
0
2
0
3
33
2
0
0
292
6
10
6
3
1
48
142
0
31
0
0
0
3
2
1
1
670
0
0
4
0
1
4613
0
0
0
13
42
1
3
0
1262
0
0
124
1
8437
1
0
5
2
2
0
0
0
0
14
0
0
0
0
0
78
2
0
16
0
0
0
1447
6
50
0
0
0
0
46
57
5
42
0
202
0
62
0
0
5
0
1
0
41
203
2
1
3
0
3
1
3
5
0
0
1
0
0
3
76
0
4
0
348
0
157
2
111
0
0
2
2
9
2
0
0
37
0
3
0
0
0
0
0
0
0
13
40
2
0
127
0
3
0
3
1
0
0
8
0
0
0
1
14
0
3
2
0
7
0
0
0
0
148
0
0
1
3
0
0
239
0
2
0
34
0
0
1988
0
369
52
0
5
0
0
0
0
194
40
3
0
1
0
10
0
1
0
0
0
0
96
20
104
2
423
0
28
13
0
23
5
0
0
0
0
52
0
0
0
22
13
50
0
0
0
3
38
1
0
0
0
152
17483
137
0
0
0
0
3
333
0
2
0
157
7
0
0
1
0
464
6
119
103
1
1
0
0
0
0
0
0
0
0
2
11471
5
0
9
86
61
0
3
7
19
0
0
0
0
0
54
0
170
0
0
19
177
13
0
71
0
2
21
0
19
1
0
30
0
4
0
0
5
0
9
167
63
0
0
2
0
25
0
1
1
0
0
0
12
0
0
1
13
0
0
0
0
93
0
2210
102
9
1
0
0
1
3718
1
0
27
2094
0
0
6
16
0
1
2365
2
1
4418
0
0
0
3001
16
0
10
105
0
0
92
0
3
0
0
0
1
73
126
369
638
27
4
14
0
0
3
0
0
0
0
0
0
0
4
0
0
0
1
1
0
0
0
250
0
0
180
0
10
1
0
5
20
70
0
685
1
0
4
0
1178
1
122
6
0
0
1084
2768
0
0
3
14
0
0
286
0
0
6
1
26
0
0
35
1
7
0
59
0
0
0
0
0
0
8189
0
0
0
0
0
8
4
0
0
0
1634
0
0
0
131
166
0
91
28
0
2
1
0
0
13
1
74
0
95
0
0
285
0
0
0
7
79
1
0
734
1
0
3
83
108
0
1
0
159
0
2519
0
43
0
2
0
0
0
0
0
161
0
21
1
1245
1
0
0
0
0
0
0
0
0
0
58
20
0
0
23712
12
0
0
54
21
4
10
4
1
13
12922
1
19
0
0
12
1048
0
0
3
26
1
1
0
8
311
0
0
497
1
0
0
0
16
2
0
7040
3
0
0
5
9
0
0
1961
5
0
109
1
0
0
204
0
1
0
0
0
0
1170
0
209
0
0
0
4
1
0
0
0
34
379
820
9
43
48
1
890
0
22
0
0
1
0
1
14
2
1
7
7
54
0
1
959
0
0
0
0
0
0
0
0
902
0
0
1
0
1
2
12
0
0
600
0
0
0
0
0
0
0
0
51
2
7
28
36
0
0
0
0
3
2
5
0
37
0
8
1556
0
10
38
14235
0
13
22
0
188
3085
0
0
0
0
314
0
0
1
0
0
0
0
0
4
28
203
0
0
0
1
13965
0
0
0
17
175
0
6
28
0
2
0
52
20092
56
0
0
0
0
0
0
69
4
0
1
0
1
6
66
51
4
0
0
27
33
433
0
0
1
4
0
0
2141
1591
2
1
1399
3464
0
7
36
3
1
21
150
0
223
4
0
1
0
0
122
28
2
1
0
0
1
1
0
0
2
0
2
0
0
0
1
0
0
0
418
0
0
82
4
0
27
1354
0
568
0
0
124
0
10
11
1
0
0
413
2
5039
1
9
2
0
1136
1
3150
104
3
6
36
0
0
0
16
0
1
0
0
0
0
0
12
0
0
0
5306
0
249
0
1
0
8
0
0
0
1
0
0
219
1
0
1
0
0
5
28
2577
0
20
0
0
1
40
116
0
0
3
0
33
44
4
0
0
1
50
32
2503
87
2
3
3
130
5
215
5
408
0
0
0
488
0
98
1
0
0
5
13
3
7
0
0
0
0
2
0
9
2
0
12
0
0
0
0
0
3
0
1
0
306
0
122
26
3
2034
41
0
8
1
0
0
6
10
3
0
7
146
59
0
0
0
0
0
1
81
0
1
243
0
7
0
544
322
0
0
104
40
2
8
0
2
0
1490
0
0
2
743
0
2
0
6
181
0
5
0
0
0
40
0
0
0
0
1
732
82
0
55
9
100
1
33
2
0
15
333
1
0
1
1
0
12
3
22
416
8
0
0
0
0
3
69
0
0
25
0
3
1558
24
47
2
479
3
28
0
0
8
32
29
0
0
0
1
0
0
1
177
21
0
0
1
0
0
7
0
0
0
0
4
0
0
0
2
7
0
3
0
0
2
1
0
0
195
3
1
0
1
802
20
3
18
0
2
1796
42
13
0
10
2527
0
0
0
15
1
0
29
1
0
0
0
58
0
16
1
0
2
0
163
0
5
73
0
0
0
0
0
1
43
0
5
0
0
0
37
1020
5
0
0
19
2
0
1
115
1
0
197
0
0
17
103
3
92
15
0
0
3
148
2
0
0
7
24
91
0
0
0
58
317
31
314
0
0
1762
0
26
1088
7
0
0
8
0
0
44
0
0
1804
0
1
0
1
0
1
1
0
1
0
0
0
283
4
24
17
1
1
8
32
0
2
3
2
0
10
17
1
25
0
9
90
1648
4
2685
0
2399
49
18
0
1
1
4
1
166
110
1
0
0
0
0
0
1
1
0
0
0
0
1
5047
722
0
21451
3
3
105
0
0
0
0
0
0
0
58
0
6
1
0
0
1
62
0
123
0
0
55
1
13
0
17
0
0
3
6
19
0
5106
0
27
0
0
3
0
389
7
40
0
0
5
60
0
0
0
0
3
0
5
0
0
40
0
0
27
40
0
0
7671
4
0
0
47
0
0
0
11
0
2
0
24
0
1437
27
36
2
0
0
8
0
1
0
229
74
2
8
117
0
4
0
1
0
5
0
0
62
1
117
61
0
22947
1
0
0
2
2
2
0
0
0
1
0
14
1
1
0
1
0
0
192
0
0
1
13
0
1786
0
0
0
1
0
1
20
0
0
11
37
140
1779
13
1
1
0
0
0
5
5
0
1
0
0
2
35
0
58
44
2
3
0
703
0
0
0
0
7051
1
1387
59
30
1
0
0
8
0
2
0
0
47
975
0
0
1
22
0
4
0
16
96
2
9
44
2
0
24
541
2
1
0
0
2515
0
0
0
3
8
0
0
0
75
137
0
0
0
29
1
1
2
3
0
0
0
5
10
8
9
490
0
0
5
1
51
4
1
1322
45
0
17
0
317
156
0
15
335
5
0
0
0
0
0
31
33
0
0
0
0
0
86
226
387
2
319
3
4
452
277
0
1
191
300
0
180
270
1
4
2
6
0
2
1
0
0
15
0
0
2205
0
3
3
1444
0
3216
2
4
10
1542
0
0
0
0
0
0
2
135
0
0
3
298
1
0
0
0
0
167
1
4420
7
1
0
0
434
0
0
55
0
0
0
53
0
16102
21
2
0
0
93
1
7
0
0
1044
19
18
3
0
39
221
60
0
9
0
0
1
7
0
0
663
0
0
6
16
0
0
2
19
0
0
0
0
762
9
37
0
62
0
0
0
0
1
1077
1
0
0
0
0
1
2750
0
0
137
840
0
0
6
138
10
4
24
2
6
0
0
7
0
0
0
1
0
1
0
1282
0
0
0
0
0
0
0
0
16
58
12541
0
29
0
4
0
304
0
0
0
0
0
247
3
89
19
3800
0
0
0
1
0
13
1473
16
0
0
0
0
4
1
0
0
0
1
0
1
1
1
1
0
1
1907
0
0
0
1
166
0
1
0
0
3
81
11
0
0
0
0
0
5217
0
181
1222
111
122
0
7
0
0
1
0
0
0
0
0
1
6
34
1
547
173
0
0
0
0
0
0
5
26
1
1
0
229
4
0
4646
1
2
860
1
1
0
0
0
292
0
0
0
0
3
30
6
1
0
0
37
0
282
1
0
53
23
89
0
3041
0
0
0
0
8
0
0
2
839
2
0
5
3037
0
0
0
0
4
3012
0
0
0
0
0
0
0
6
0
0
0
0
0
0
0
47
15
0
40
0
1
0
0
0
42
0
67
18
0
19
0
0
0
259
0
1
2
0
3
8
249
424
0
0
117
0
40
1
0
0
126
0
0
0
0
0
0
5480
0
0
33
528
0
31
41
0
0
0
10
0
2
9
1191
0
0
5
0
1
0
535
291
16
0
25
411
0
412
1
2
0
3400
2
0
0
2
1
17
3
83
0
1
0
6
0
0
0
1001
5
16
0
0
0
0
0
68
1
0
0
0
0
0
3
3
407
0
14
0
125
0
0
1
1
286
0
727
0
24
0
0
0
0
0
0
0
2
0
1
4
5
0
30
0
0
9
3
4
2
5
0
0
0
0
346
39
2
8
138
0
2141
1
0
0
10
0
137
0
17
10601
0
0
0
0
0
0
1
0
0
0
3
1
0
6
1
0
45
1
3
0
148
0
0
0
63
0
0
2
0
0
0
15
6
2
28
0
5
0
137
274
0
0
32
11
17
31
0
8
0
7
382
6
133
0
0
0
146
1
88
0
91
28
0
1
11
0
0
0
0
0
0
0
0
1
5
9
140
0
0
1
0
0
0
0
73
0
2
0
0
0
1
0
0
0
2246
31
7038
1
2
12
980
5
2
0
317
0
39
50
354
0
2
0
0
4
6
7
0
0
40
7
8
0
3
3
0
22
0
1
0
405
1
0
8
0
0
0
0
2
1
3
62
0
0
0
0
0
272
0
4
0
0
5
0
1
0
0
1
0
2312
148
0
8
2080
59
2
2
1
0
15
31
0
1
0
33
4
0
2
103
3086
0
1
8
25
3
85
2
25187
0
6
30
1
0
1042
0
59
0
32
0
0
0
0
3
0
1
58
0
0
0
0
0
580
0
1237
0
22
45
0
1
0
1
0
1
25
1
0
0
0
3
0
1
335
0
0
392
2
0
60
36
1
3
2
41
0
2
9
0
2060
1750
0
0
1
1
22
51
0
1
306
1
1
0
0
0
0
0
0
2
0
0
0
0
0
7
2
0
4
0
0
0
0
1
2
1
0
2
119
0
18
0
0
4
99
0
4
18
6
19
3
5
0
0
0
2
6
12
0
0
2
12
1
0
0
97
90
0
390
0
9
0
7
0
0
0
1
0
40
0
33
0
0
7
0
0
0
96
0
33
0
0
79
0
0
0
28
233
0
1
0
0
0
0
9
0
0
5
15
0
0
75
33
0
18
1145
44
4
0
923
0
0
63
21
1
5
0
0
3
0
0
31
1
18
0
1
3
447
116
1
18
0
0
0
0
0
0
19
0
0
0
0
105
1
0
1
17
0
0
1
0
1
0
11
0
6
0
0
6581
0
0
1
11
0
0
595
0
25
3
0
92
2613
0
538
1
1
9
0
2463
16
1
3
1
6
30
0
5
760
0
2
29
2193
0
0
0
0
10
0
0
7
0
9
0
0
15
2
0
0
0
0
1
1
10
2
11
712
0
0
5
0
80
1
1
0
415
2
491
0
10
201
0
9
45
0
0
5
0
10
15
0
0
122
0
2
0
0
162
130
6287
47
1
0
1
691
0
0
0
1
0
0
0
0
0
0
0
0
0
0
57
15
12
0
0
0
30
0
56
3
0
0
1
1619
23
0
0
1
0
1
0
30
0
24
0
1
3
32
1
1
4
4
0
1
0
0
2
1
21
0
0
1000
0
0
438
4
0
167
4
4
4
0
3
0
55
0
17
0
0
109
0
25
0
0
0
8
3669
1
0
0
91
6
183
0
11
1
0
0
1
4666
3
0
0
0
46
0
0
1
51
2
11
2
0
74
779
2
20
4
0
0
3
0
0
5
2
8
150
1
9
0
4
334
0
0
0
0
2
0
125
0
0
0
0
14
0
0
196
0
1
7
10
23
6
1
0
0
34
0
0
32
10
43
324
1
0
0
0
0
4
15
0
209
3
0
0
0
2
10
2
0
0
4
0
1
0
0
0
0
1
0
0
120
277
0
0
0
108
1
2340
0
0
9
3
0
1
0
0
1952
0
1
0
2
0
0
0
400
0
0
1
182
338
0
0
1829
0
268
0
0
28
0
0
0
639
0
177
0
0
16
245
3
8
3
0
1
3
0
69
1
49
147
0
93
0
6
0
5
2913
0
0
2
3
0
574
0
0
0
0
0
0
0
0
1
0
1
0
0
10
0
3882
0
689
194
11
0
0
0
0
4
96
7
703
0
1
0
1
1
0
0
5
0
0
0
0
1
287
0
2
2605
1
5
2
0
3
6
0
3
0
0
741
6
0
0
0
1
3
0
4303
1
0
1
0
0
6
0
0
0
0
1
0
0
0
1
1588
0
73
0
0
0
1
0
0
0
71
0
0
0
14
0
0
0
4
0
50
8
4
2
358
0
1
1
0
77
0
392
1
2
2
92
2
2
0
24
0
10
6555
3
4
0
0
5
1
0
0
1
0
0
0
0
2
0
0
0
0
1
1085
0
3
1
121
33
1
0
1
0
0
1966
257
0
1
1
0
1
0
135
0
0
0
38
0
2
0
1
0
47
0
1231
0
11
0
15
0
1
0
4
0
0
1
0
173
0
4
7
2
4
0
0
0
1091
24
0
4
0
0
0
0
76
4901
0
0
11
2248
7
2
0
0
109
50
2
20
2167
0
0
23
0
27
0
3
0
0
123
0
0
6
5
10583
439
6
0
626
1
17
95
0
0
0
0
0
0
2
0
90
32
1
0
4
3
172
3
6
0
0
672
0
0
0
0
0
0
11
29
9
16
0
2
0
0
0
1
590
44
0
0
0
4
0
0
311
0
0
0
36
0
162
2
2
129
1
1
5161
147
0
6948
10
0
2
4
8
17
7
434
41
0
78
0
9
8
1200
0
0
0
0
0
0
0
0
3
2
0
3
0
29
0
2
1
5
11
19
0
0
1
0
0
1
39
165
2
0
3751
0
1
4
1
11
0
1
50
0
0
2
5
0
30
0
1
0
199
0
8
0
0
0
0
0
0
0
413
3
864
0
2
49
3
6
8
4
2
6656
1
2
0
0
0
0
0
5
0
4
0
0
0
0
0
0
0
0
0
9
1
6
0
0
1
0
0
0
38
2
2
0
0
0
2
7
664
0
0
1
148
0
0
131
8
16
33
15
63
3
4
804
0
0
2706
23
0
2
16
0
3
43
186
0
13
7
5
0
0
396
1
2
3
0
23
3
0
280
187
0
3
0
0
0
0
0
0
22
0
1
0
2210
0
0
0
0
7
28
19
0
5
0
6
1399
0
52
4
0
2
165
129
2
1
1
1
1
40
5
3
0
109
3869
22
7
1
3
0
5
0
3
0
0
0
9
0
1
439
0
0
43
3
0
0
0
0
0
0
0
42
2
0
2
0
0
0
6180
13
0
239
1
0
0
5
3
599
133
1
28
0
4
3464
10
0
0
0
1
0
0
3
60
59
7
0
0
0
0
3
41
23
1
72
56
5
0
1
0
18
69
0
0
7
0
3
18
3
0
0
1
0
0
0
0
18
5
10
3
0
0
0
1
0
0
0
24
7
0
3997
87
0
1
0
0
12
4
1
5
0
1
1
4
0
5
6
0
0
0
1
0
5
0
1
0
0
0
2
0
26
0
0
1
21
1
0
0
0
0
1
0
1
0
0
0
1
0
115
28
0
169
0
0
0
0
1
19
0
0
43
516
1
0
0
0
3
303
0
0
29
0
6714
0
2
0
1
1
8
203
22
69
9
2
0
2
2
11
0
1
3
4266
1
0
0
6
4
0
7
437
0
0
0
0
11
0
427
623
6
0
1
0
0
8
5
441
0
10
1
1
1
173
0
0
0
0
21
6
5362
0
1
0
0
1
9
0
0
2
30
3
28
141
2593
0
0
1657
56
0
2
0
0
0
0
88
0
0
1
0
0
7
0
0
0
1045
0
0
0
0
4
0
1
0
0
0
0
1
1785
0
1
0
0
0
0
0
0
0
0
1
1
0
0
14
378
0
55
71
4
0
8
1
0
1814
20
13
2
7
55
0
6
5
0
0
1
3
0
313
796
0
0
0
189
4
230
1
0
0
14
26
0
0
0
2
6
2
4
0
0
1
5
0
1
13
0
1
0
6
0
94
15
0
0
0
0
1
4
2
0
10
0
3
0
115
14
0
1
2
1
6
123
0
42
0
0
0
0
0
0
2
25
0
33
19
19
0
3
0
0
0
0
0
0
11
0
0
0
22
0
85
2
51
0
0
0
142
0
13
13
25
1
1
3
0
0
0
0
0
0
6
0
0
42
57
18
0
0
0
0
184
13996
132
1
0
16
0
719
2
0
1486
1
1059
140
0
3
4
3
7
88
8575
16
73
1
0
0
0
1
183
0
0
156
0
19
6
11
3
12
4
0
0
0
0
31
0
0
0
5
0
12
0
0
0
0
0
50
424
2895
0
0
0
67
0
65
0
8
0
0
0
0
0
5
20
0
589
0
0
24
0
59
4
5
9
0
141
64
0
14
46
0
0
0
8
0
0
0
0
10
0
6
0
0
15
12977
0
0
0
0
484
0
0
0
83
0
0
1
1
0
1
1
5
0
0
0
6
0
100
1
5372
5
4
0
248
0
1
7
142
26
1
0
23
0
0
0
0
8
1
0
0
0
0
0
0
8
10
410
655
0
0
0
0
1
530
1
0
0
1
0
106
0
181
0
0
0
3
0
0
0
4
21
0
0
0
0
10
1
2
2
0
0
0
14
819
30
0
169
20
100
0
1
0
0
55
0
14
40
0
0
0
65
8
2
0
0
0
4
0
1
0
8
29
0
0
6439
0
190
0
146
404
0
265
0
0
0
49
2
2
53
0
0
5
0
0
0
442
86
3
0
4
6
0
1
53
0
4
0
0
0
6
51
2
115
0
19
0
0
222
0
10
1
443
6
0
8
541
6
0
4
14
6
0
1
0
96
0
0
0
0
0
0
0
6
0
2
0
0
8
1
23
0
4
0
0
1
0
0
0
0
1
0
0
0
1
150
2
10
0
0
0
0
696
0
1
3265
81
0
1
3
18
0
50
16
16
0
7
0
44
1160
0
0
39
0
5
0
132
0
0
0
0
0
0
10
0
3
0
161
0
0
759
0
0
0
22
66
16
697
0
41
20
0
2
0
0
2020
0
0
41
22
0
36
5
0
41
0
0
51
3
0
0
362
2
0
0
0
0
0
0
0
39
0
427
10
0
3
21
0
0
0
42
4
37
22
0
0
0
5
0
34
8
1
78
0
0
1
29
0
1
210
1191
2
25
320
0
0
9
2
0
2
1
0
54
0
5
0
40
2
1
3
1
32
12
0
5
0
50
5
0
0
0
4
686
0
14
415
2
3
0
22
0
428
0
1
13
0
0
879
1
0
0
1869
1
11
12
15
0
32
1
0
0
0
0
3409
0
1
10
0
18
0
0
0
0
1
3
1
0
11
0
6
46
0
0
0
4
1
0
2
1
7
0
5
32
98
0
0
0
0
0
0
58
0
0
0
0
0
2
2
0
0
5
1
0
0
0
0
1594
0
0
0
1
0
6
0
2
2
1
0
5
5
0
0
0
0
0
0
6
0
0
0
200
9
0
0
5
2
1
1
1
0
0
0
5
1
1
1
0
741
2
1
0
222
463
0
1
4
0
2
0
4
0
14
0
50
0
0
0
2
0
1
5745
0
0
0
0
155
0
1
0
0
13
3
0
1
0
1
15
0
0
0
0
0
1113
0
0
0
1
26
9
29
894
0
0
191
0
0
19
44
1
0
0
0
0
3872
0
1
2
0
0
0
4
0
1171
1
1
499
1
0
31
0
0
471
0
0
1
36
4
0
0
1
0
38
14
1
0
0
662
5
0
5
0
2
2
0
0
0
272
0
237
4
18
0
1
0
0
2
4
274
4
1
7
90
2
0
6
5
12
827
2976
1
0
5635
11
3
0
0
9
9
1
60
9
34
52
59
0
200
0
0
4
3008
27
0
195
5
0
0
0
17
0
28
18
7
0
0
21
0
16
0
0
0
0
2
0
941
2
1
0
2
0
4
0
410
2
0
2
0
10
103
416
0
0
0
116
55
0
0
157
212
17
21
0
28
0
0
0
1
0
0
0
10
0
0
0
56
2
0
0
0
1
30
32
1
9
2295
0
22
32
0
1
0
391
6
0
1
5
0
0
0
0
0
2
4
1393
37
0
1276
0
2
0
12
3
1
2
0
1
23
26
0
0
1069
1
200
1
0
34
0
20
0
0
3
0
4
0
0
129
0
12
5
570
0
0
0
0
0
0
329
0
113
0
6
0
0
0
0
0
0
1
0
18011
179
33
32
0
25
0
2
6
61
0
30
0
0
1
0
1
2
95
0
0
1664
10979
13
0
0
1
0
7
8
6
126
4
13
0
17
1
0
0
0
3
0
103
0
30
0
18
7
0
0
0
1
1
2
41
1
1310
2
0
0
0
563
1
0
12
0
0
13
0
224
0
0
0
0
0
10
0
1
0
67
1
12
0
0
4
1
294
0
1
1
0
0
0
12
0
0
4
0
160
0
0
1
0
126
0
0
119
5
37
0
0
0
0
0
0
773
1
40
17
0
2
0
0
0
6
78
0
0
0
0
0
2
1
92
189
0
83
38
2
0
1
126
0
11223
0
1
40
13
9
0
2
1
1
3200
0
0
14
0
1268
0
0
4775
4
0
0
70
0
1
0
0
296
0
2
0
2
0
0
0
0
0
0
0
6
0
1
0
0
0
3
415
9
2
0
0
0
4321
1
1
0
0
0
0
0
17
1
0
1318
0
0
2
4
6
0
0
200
0
2
31
1
0
14
25
1254
1
0
2
0
0
1
0
2
859
0
0
4
0
0
0
46
2
0
1
0
1
0
5
5
0
7
1
0
0
0
0
0
0
0
0
3
0
0
1
8
0
1
0
1177
2
59
0
3364
1
39
0
3
3
114
24
7
1
0
0
26
5
1
0
3
28
1
1
40
1
0
0
0
0
0
0
0
0
0
0
13
0
0
0
0
34
0
65
7
1
2
4
1
0
0
0
4996
1
0
4
0
0
0
1
1
0
117
0
0
0
929
1
4
0
0
0
0
57
96
0
0
55
399
0
1
37
0
88
3136
2
38
0
0
0
1
0
0
1053
0
0
4
0
0
0
9
0
0
0
1
2162
277
0
0
0
2
0
0
0
0
0
0
14
1
0
0
0
0
1
24
100
0
2
11
6
8
0
0
1
0
64
0
0
0
0
0
0
3
0
20
1
0
0
30
1
142
441
124
0
8
0
0
1
0
0
3753
3
0
0
5
4
0
1
0
2
9
1
23
0
1
0
0
0
4
0
1774
1
0
0
27
178
26
0
0
0
0
0
3
10
1
0
0
76
0
2
3
1
306
0
0
32
0
0
0
465
0
1
26
3
3
57
0
57
497
0
0
0
0
0
24
0
0
0
393
0
1
30
0
0
628
4
0
2
63
0
0
0
0
0
58
309
0
0
0
79
3
14
0
302
0
83
1
38
11
1
0
1
67
0
0
16
0
4
0
10
1
107
0
2
0
8
3
0
0
70
6
12
9
0
0
0
0
0
0
0
0
111
5
0
0
0
0
1804
71
1389
3
21
2
0
1
73
0
0
0
0
1
1
33
0
0
0
2
128
1
19
455
12
1
0
1120
0
1
0
0
1
12
2
0
170
4
1
2
0
0
8
0
0
1
1410
0
0
915
1
0
38
0
0
0
10
0
0
1476
0
0
0
1
158
2
5
50
61
21
12965
0
0
1
0
0
743
34
2
2008
0
1
0
0
5
116
0
16
232
0
3
12
2577
22
0
271
0
1
6
0
72
20
2
470
3
1
7
1
0
0
3544
138
0
1
0
0
611
0
0
0
0
0
2
4726
0
5
0
0
1
2
3
7130
0
3
0
161
4095
4
0
0
0
0
2
1246
0
5
0
0
195
1
5
0
8
0
1
0
3
8
0
435
611
0
4
2
0
0
0
0
0
0
2
94
1479
0
7
0
0
811
50
0
26
0
0
2756
0
1
1
0
0
4
2
74
0
41
0
6
0
0
0
0
1367
0
1
0
1
57
0
0
1719
1282
0
0
0
5
11
28
2
2
13
0
5
1
58
8
1499
0
21
960
0
12
5
0
0
0
37
0
0
70
0
0
1
0
0
0
154
0
0
58
0
229
0
0
9
0
0
0
1
2
86
0
0
0
0
0
1
0
0
1
8
25
9
1
0
0
15
3281
11
0
80
78
0
1
0
8
0
2
12
59
0
37
0
16
86
0
73
0
69
1
1
1
8
1
7
3
0
14
6
0
14
0
4426
0
441
0
0
300
0
0
0
0
1
1
217
19
17
0
0
0
0
0
158
0
0
0
0
0
1268
21
0
2644
12
8
0
0
1
0
0
42
0
2
5
755
0
0
1
0
99
0
3
1
4
2
26
5
1
2160
0
4
0
87
0
6
0
0
9
2
0
0
21
0
1
0
0
0
0
0
0
0
0
0
0
0
0
0
0
0
0
0
1296
0
0
3
790
0
5
0
3
1
0
1
0
38
338
1
5
1
0
9
5
0
0
0
3
0
201
0
0
1
9
1
0
0
1
0
0
0
0
0
477
15355
42
0
8
0
7
1
0
0
0
35
243
187
0
18
1
4
0
10351
0
0
0
0
38
0
5
2
7
0
108
57
0
298
0
14
0
15
3
0
0
32
0
1
75
0
18
5
0
36
0
0
5876
60
1
0
13
1
0
825
0
22
3
1
6966
1
214
0
13311
14
0
26
0
3
0
0
29
188
2
172
0
0
0
1
82
1
3
1
492
1
2
0
0
0
2
2
0
2
6
74
298
1
3
0
0
0
0
9
1
27
11
0
68
10
0
4
90
4526
2
0
1
0
0
1
0
0
5
0
0
0
0
237
0
0
0
324
12
0
1
1
6
0
0
2
0
0
0
756
0
1
407
0
9363
0
4
422
2
1301
37
1529
0
5
0
1
0
2
3
2392
0
0
0
24
539
61
0
1
0
0
1
0
0
0
17
0
44
1
3
173
0
367
1
0
0
1
131
0
2461
1
32
0
0
0
0
14
4
8
0
119
1
0
0
0
1
1
1
0
11
5
33
1
0
7048
1
29
0
0
1
0
0
3
4
2737
0
46
0
44
0
0
7
7
0
5
0
0
22
73
2
1
1
4
0
0
3
0
5
0
0
2
0
649
78
0
0
0
334
0
0
0
62
0
0
1
13
0
0
0
0
0
0
1
0
2
0
1
15
8
81
0
0
0
2
0
0
217
40
21
0
0
112
1
0
36
0
0
2
0
0
63
186
0
75
0
45
0
5
0
0
1
618
1293
0
0
0
753
21
0
1
1
57
0
2
54
250
0
0
76
0
1
1
0
11
15
0
20
0
9
0
0
1
0
14
3
0
26
10
2
76
3
0
33535
71
1
0
55
0
628
0
1
15
11
0
415
1
3
0
261
14
203
0
0
20
0
14
235
0
536
3
1532
869
0
0
5
113
1
0
0
1
2
0
7
9
1
0
0
0
0
1
0
0
0
0
5
26
4701
0
39
40
7
0
590
0
0
1
13680
1
1
161
0
0
0
0
4
5
1
0
23
0
3
1
0
0
1
0
214
11
1
0
0
0
13
59
6
3
0
0
0
4
1
0
0
2
759
4
0
0
0
0
1
7
15
0
0
0
2
23
90
10
340
0
2
874
7
3569
4
0
321
0
10
1
5
0
0
54
0
61
1
405
129
13
36
1422
152
0
652
1
0
4
12
723
2
0
0
0
141
459
0
0
0
0
1
0
0
0
18
0
0
0
216
0
8
0
0
0
0
0
0
1
49
208
750
0
3
1
0
0
1
830
1
3
2
3
32
0
0
0
0
3
0
3
5
4
2
962
15
0
0
0
11
6
14
0
1597
21
0
0
1
0
4
15
0
0
0
10
0
0
6
1
0
53
0
130
64
0
0
0
0
16
0
0
1
0
0
0
2
0
0
23
286
0
5
0
18
5
26
3
28
1
0
0
1
0
5
15
706
3
3
6
4
0
0
0
0
1
2
0
0
1
70
0
5
0
29
277
0
0
2491
0
3
0
0
0
0
17
383
218
0
0
434
0
0
0
0
1
0
0
154
0
7
3
0
0
0
0
2
5973
75
0
3
4
3
32
0
238
0
4
9
8
0
0
0
528
14
0
14
1856
15
0
0
0
16
1
5
0
255
2
6
8
3
0
51
1
0
0
2198
1
13
62
0
13
1
1
10304
0
12
21
0
1
0
0
12
4
12
55
1
178
0
2
1
221
8
22
50
0
46
0
0
0
2678
118
0
6
48
3
46
3
0
4
10
6
4
0
5
0
0
1
0
341
2
0
0
113
0
0
0
4
0
0
1311
0
160
1005
0
29
4
0
73
0
0
1
0
0
0
1
583
18
8
0
0
0
3
1
2
0
37
1
0
27
2
27
0
72
183
0
1
2
0
176
3
0
2
1
1200
0
31
24
0
629
3
0
0
5
2298
37
79
73
23
0
0
0
0
0
953
0
96
4
2782
530
25
0
0
0
25
0
0
0
1
2
0
0
1
0
1
17
503
24
86
9125
0
0
79
16
28
0
11
70
0
2
7
4
0
2
0
745
11
0
6
12838
0
21
0
2
42
0
0
0
5
0
5
0
402
0
113
0
0
0
2
1
6
0
2
40761
2
1
0
0
0
0
0
2
0
2
2
0
0
115
3
2
64
0
21
2
4
9
0
0
12
0
22
2
23
76
0
0
9
1
0
0
3
11
0
2
0
9
0
8
0
0
274
0
1571
0
0
2458
0
0
0
0
0
0
0
1
3862
0
0
74
9
9
0
0
0
0
0
0
8
0
8
0
1317
139
0
0
2
0
0
193
5
13
1
5
3
2
0
1561
0
0
0
0
0
9
0
0
79
0
2
8
0
2
49
0
144
0
7
28
0
0
0
330
0
0
0
1
8
1
0
0
1
1264
40
317
12
0
1
0
0
0
0
0
0
13
0
0
0
0
545
0
1
0
89
276
3
0
0
7
0
0
425
13
3032
1539
0
0
3927
0
5
1
0
2
20
0
87
0
0
3
0
0
240
0
630
0
0
0
0
165
625
0
0
0
0
0
17
1
1
328
1
0
0
0
0
0
2
0
206
0
77
0
3
0
10
0
0
290
432
0
1
0
2
15
2612
7
7
1
2423
0
17
0
518
18
4
1
0
1
1
1207
0
1
0
0
1056
5
0
32
21
0
0
0
0
0
468
0
0
13
0
0
0
1
23
0
24
0
0
0
1
0
0
1
0
36
4
0
3
0
0
164
0
1
21
2
20
0
5634
11
0
1
679
94
0
0
0
5
0
2
58
1
3
34
232
736
0
0
1
0
0
4
0
0
0
0
35
0
0
0
0
10
5888
0
1
1
0
0
0
0
13
1
0
0
0
0
0
0
1
38
1
0
28
0
25
101
3
26
2
0
0
0
159
0
1
9
1
36
0
0
0
1
0
0
3
1
118
0
166
7
1
0
10
0
0
2
0
95
1307
0
0
0
1
1
0
0
0
0
0
1
826
1
0
0
2
0
1
3
0
0
0
0
0
52
0
0
0
1
8
0
0
24
0
1
1
0
2
15
1
1
0
1
98
5
0
0
0
0
0
0
4
0
0
4
0
0
791
4
0
0
53
36
1
0
1
0
1
0
30
57
0
4
0
0
1603
0
1
1
28
0
2
0
1
0
0
0
0
0
23
3
0
258
0
6
0
0
2
0
355
43
32
0
11
4
168
69
4356
0
0
30
0
0
6
758
0
0
3610
0
9
1
0
0
1
0
0
1
456
0
355
0
0
22
0
1
0
0
0
0
0
91
0
0
13
0
1
0
0
1
0
0
0
0
0
2
1
2
0
4
1
0
0
752
0
0
509
0
4
3
0
0
0
37
3
3
2
799
0
0
1
7
12
119
0
18
0
0
0
0
0
3
0
0
0
0
0
0
0
19
0
0
1
0
2589
7
217
0
0
0
0
0
0
0
0
1
0
0
0
1
0
0
0
6
0
3
4
0
1
28
330
0
113
7
12
0
0
89
63
161
40
0
8
0
1
0
6
0
1
10
0
0
0
0
0
0
3
0
1
0
0
0
377
0
1
0
2
0
6
0
0
2
0
0
9
0
0
34
0
0
0
0
55
0
0
1494
0
0
3
2
0
0
10
2
0
0
48
0
6
0
0
0
1
0
1
418
0
2
577
0
0
0
1
0
39
0
0
0
1447
0
0
0
106
2
0
0
3
2
1
0
2
0
450
0
0
1
428
0
0
1
0
0
0
0
0
0
2
180
9753
454
0
26
1602
9
0
130
1237
18
6165
1
0
0
0
0
74
596
1
0
0
1
39
1
18
2
11039
0
9
2
1
1
0
0
8
1
6
0
2
73
0
0
2
0
0
0
0
48
1
17
2
0
8
0
89
0
1
0
0
0
0
0
29
2
421
0
5
1
0
2
9
91
7
0
0
0
1
13
0
0
0
0
0
0
0
1
0
89
0
0
0
99
0
1
0
3
0
0
0
0
728
1
0
0
0
78
0
0
0
0
5
40
0
0
29
0
0
4
0
0
0
0
0
0
0
0
0
0
18
521
0
125
2
0
1
0
19
2
0
0
25
2
0
1
2
0
1666
1
0
8
1
33
1
561
3
4
11
17
1
1
1203
0
0
0
375
0
1
0
0
1663
7
65
1
0
0
0
0
26
1041
0
7
0
0
0
0
0
1
1
0
0
0
0
11
3
1
8
0
4
0
101
23
0
0
7
1
2
0
2
0
0
0
0
0
9
14
0
1
16
12
3
0
0
3
0
244
2
0
4
0
17
4
2
4
0
2085
0
3
2
57
30054
0
3
17
1
356
1
0
0
0
2
57
2
0
0
7
0
6461
694
0
0
0
0
3
1
0
2
27
0
8
26
0
7
4
97
22
0
19
202
20
0
6
37
21163
0
2
0
0
0
0
2
0
1
8
0
3
0
0
0
13
216
0
0
0
0
0
2
0
0
3
0
0
0
0
0
0
0
0
2
8
8
355
13
0
1
373
1
0
1
1
32
201
876
0
130
27
158
81
0
1
17
0
0
3
0
3
3
4474
187
1
4
0
15
2
483
0
0
0
2
1
0
0
0
1
0
1
31
0
0
26
0
0
535
0
0
0
0
0
0
0
0
0
0
5
7
0
0
1
28
32
11
37
1
0
0
0
1673
0
2
0
87
1
119
0
0
0
0
0
238
6
17
49
0
1
0
0
12
0
6
0
0
5
379
0
0
60
0
34
0
0
0
0
0
94
41
0
30
0
0
0
0
0
0
1
0
0
0
12
0
0
6
0
0
4
0
41
1
1
32
4
6
1
123
0
0
0
0
1
0
4
10
37
1
0
0
5
25
0
78
0
0
31
0
0
0
58
0
0
11
0
0
0
0
0
0
0
0
106
23
0
54
4
0
0
3
0
0
0
0
3
0
0
54
2
0
3
0
0
31
17
14
1
164
1
167
0
0
0
1
0
0
1
0
3
0
8
6
0
2
10
7
0
0
0
0
540
4359
0
12
0
0
0
23
0
0
0
0
0
0
0
0
467
0
0
53
7
0
0
0
0
0
0
0
0
0
0
5
3
0
0
0
467
0
21
5
0
1
0
0
2
0
4
6
12
3
6
0
12
0
72
0
0
0
2
1
51
0
0
25
55
0
0
0
148
0
0
7
0
3
227
0
1
0
0
0
0
2
0
7
18
0
0
0
0
1
0
58
6
0
21
1294
2
0
0
0
5
0
1
76
2
0
0
0
3
1
1
1
44
4
0
0
194
0
0
333
0
41
11
13
4
2758
0
4
0
8
1931
0
0
1
0
154
1
6
25
0
0
0
0
0
0
0
33
0
0
0
2
0
1
0
0
18
0
0
0
0
0
583
0
0
2
15
1
11
1
12
14
11638
0
1
19
4
396
81
5
0
0
0
2
2
2886
0
79
0
9
16
0
1
1285
694
147
0
3
0
0
0
0
0
0
0
0
0
0
0
1
753
0
0
0
0
0
1
0
0
0
6
9
0
0
0
36
1
0
14
0
27
680
0
0
0
0
0
0
0
0
4
5
0
0
57
1
0
59
0
7
3
223
3
0
592
2
0
0
1
223
0
0
0
1
1
142
2
0
0
0
0
0
0
321
11
0
0
3
0
0
0
0
0
1
6373
0
0
21
0
0
31
0
0
1
460
4
0
17
3
125
0
0
2
2
1
6
1
0
0
0
1
10
2
171
2
1236
0
0
9848
0
0
2124
1415
0
0
0
0
3
0
0
0
0
42
1
0
2
0
0
0
1
4
3
0
0
0
0
34
1
0
7
0
0
238
0
1
4
0
9
34
7
0
14
3
2
0
17
77
0
0
0
2
0
4
0
3
844
0
27
58
21
0
0
0
0
0
286
1
369
0
1
0
1
0
0
0
2
20
0
0
0
11
0
0
41
0
0
0
0
0
0
2531
0
0
0
0
9
0
11
24
2
6
0
0
0
776
0
2
85
19
66
35
1
10
0
0
597
2
3
92
2
0
0
0
0
0
2
0
765
104
7
433
65
0
0
0
0
0
0
0
0
0
0
0
0
0
1
9
0
95
0
0
0
0
0
0
4
0
24
0
13
2
228
39
0
1
0
69
123
25
1
376
300
12
0
0
373
2
19
9
0
0
1
2
5606
13
1
2
0
1
244
0
0
2
0
0
1
0
0
0
239
0
0
0
0
0
0
0
0
0
417
305
0
0
0
0
0
1
0
0
0
0
0
6
3
1
669
0
0
0
0
13
3
3
200
0
12
36
0
28
0
0
299
0
101
1
4
43
0
0
0
0
159
0
0
0
0
448
1
0
10
0
0
0
2050
0
4
0
399
441
0
0
0
0
0
0
0
0
4
0
0
0
0
0
0
0
25
0
280
0
5
0
4
0
8
0
0
288
97
4
23
9
0
3
3
0
0
0
1
0
0
0
1
20
12
1
0
0
1
2672
3
3
12
0
0
0
0
0
1
0
0
0
76
10
1
0
0
0
11
10
0
1
0
0
0
0
0
0
0
0
0
1869
1
0
10
4
1
2
0
0
1
0
4
536
0
47
7
59
0
0
0
0
0
9
1
0
0
1
1
16
0
0
1
511
7
0
0
2
76
0
0
0
2
19
0
191
0
0
0
0
0
0
26
3
0
6
2
10
0
0
0
0
0
0
0
39
4
12
0
5
0
13
0
46
0
18
46
0
1
0
0
0
0
0
2
321
10
0
4
0
5
624
2
0
54
0
0
0
1
126
0
0
2
0
0
0
0
15
0
3
708
13
0
0
0
0
1
2
0
0
0
0
0
0
0
0
13
0
0
10725
2
0
0
13
9
5
17
13
0
1
0
2
1
0
56
14
6
2
0
103
0
0
0
0
0
0
0
0
2
0
905
10730
3
106
0
305
2459
0
0
0
0
534
50
0
7
398
0
0
0
0
0
3
5
2
7
12
0
1
0
0
34
0
0
12
1
0
0
2
1
13
0
0
1
0
0
2
4
5
4
0
18
63
0
0
10
0
0
4
1
0
2
0
0
0
0
3
0
27
1
147
1
4
0
0
0
7
1
125
0
3
0
0
0
0
0
1
0
16
0
0
0
0
0
0
0
0
0
0
1
329
0
1
4
3
5
5
0
1
1
0
6
367
0
2
0
4
0
5
0
28
55
1
0
12
1
0
0
3
0
0
1
4
0
63
0
45
0
0
0
6
20
0
2
0
0
1
0
0
0
2
0
0
680
12
0
0
0
0
0
1
0
0
0
0
9
0
0
0
9773
0
0
1
0
3
15
21
0
1
0
0
0
0
0
0
0
14
2
0
2
0
0
1
0
1
0
2465
2
10
357
661
36
0
0
0
0
0
7
0
0
0
1
0
1
0
1
3
1
0
0
0
0
0
0
0
0
7
9
0
0
0
48
0
1421
135
384
0
0
311
7
108
14
711
0
5
0
343
4
721
1
0
0
3
0
0
32
1
0
0
30
0
0
0
29
0
0
0
1590
3
62
0
8
9
0
0
7
0
0
0
17
29
0
29
0
0
0
1
0
0
0
427
141
0
18
1
0
0
1
2
0
0
0
73
64
0
6
0
0
8
0
17
2
0
2
76
0
2
1451
0
1
160
0
958
0
60
0
12
4
6
50
0
2
0
47
3020
1
23
0
0
0
0
0
0
1
11
3558
0
0
0
2
0
0
0
0
0
0
318
0
0
0
0
6
11
2
0
4
1
0
0
0
3
1
0
0
0
7
3
0
2
0
1
931
0
0
260
148
1
133
0
0
38
2
0
0
0
115
0
39
3
31
25
0
0
0
1
0
41
0
2
0
8
0
0
0
0
0
0
0
0
12
3
0
2
4
0
582
0
6
0
14875
3
0
0
67
0
0
2
0
30
0
23
341
0
242
1
0
5
8
5
1
0
6
0
15
0
0
0
33
47
494
0
2
0
22
0
1
0
0
0
7
1365
0
0
0
0
0
0
21
0
0
0
0
0
6
0
25
0
726
0
280
1
8
55
57
0
0
1
1
81
0
0
0
0
0
506
0
3
0
270
1733
13
2
0
1
0
6
20
1268
27
0
0
5
56
1
369
32
0
0
0
1
0
0
0
3
220
0
0
0
0
0
0
0
84
0
0
0
0
0
43
0
4
2
63
5
0
0
68
0
0
0
30
0
0
0
0
0
34
67
6
1
73
0
0
1321
57
1
7
14
0
2
0
1
0
0
2
1
315
0
1
8
2246
0
2
0
0
0
0
2
0
0
6
0
0
0
0
0
0
0
0
0
0
4
3
0
299
9
39
2
0
1
3
9
3
177
8
64
21
0
0
0
0
12
0
1
2
26
4
0
0
1
1
9
0
1
74
9
47
1
1
0
1087
3
0
9
0
238
4
0
0
0
0
0
33
0
0
3
0
0
73
0
0
0
0
0
0
0
0
25
1
144
220
2
7
0
2
6184
0
83
135
10
84
0
135
0
4
61
0
17
0
51
0
1406
0
2
0
28
1
1
53
0
0
630
0
11789
0
0
0
26
691
303
1
0
0
0
0
0
334
0
0
0
0
0
0
10
0
0
0
0
0
0
0
20
93
91
1
1
0
0
4
3
1
4
0
0
2966
0
0
0
0
0
0
0
9
0
0
596
5
0
5
4
3
5
0
12
480
1
0
1
0
0
2
0
3
0
0
0
0
0
0
0
0
0
1
1
0
0
0
0
0
0
0
0
0
5
23
0
0
0
0
1
0
1
5
4
0
0
21
0
239
0
26
0
0
99
0
0
0
2
22
0
0
0
0
1
106
135
0
0
94
0
0
3
0
5
182
6
5
0
0
0
0
0
0
0
0
7364
3
0
0
4199
0
33
0
0
0
0
0
256
10
0
8
1
3111
0
10
0
0
3054
4
0
1
2
0
474
0
0
116
116
309
4
779
1
0
63
0
90
96
93
0
17
7
363
12
0
0
308
0
1
602
1
0
3
6
0
0
0
0
0
0
47
23
98
0
654
0
0
0
0
0
1
0
1854
10
0
0
1
0
0
52
20
13
3
10
2
1
1
99
0
2
0
0
1
76
0
4
21
5
0
9
0
176
3
7
0
0
0
0
0
0
3
0
1
1
0
16
0
0
0
0
0
0
6
10
8635
0
0
0
0
0
0
0
0
1
0
0
0
0
1
0
1
133
0
0
2
5
0
43
70
23
9
1
138
1
0
1
635
0
2
1
0
2
3
0
164
1
0
65
3
13574
6
25
22
0
0
0
0
0
0
0
0
2
0
0
0
1
0
0
15
0
10
0
0
0
0
0
0
0
0
0
0
320
1
5
6
8
0
647
3
358
0
0
0
6
4
3
0
0
0
42
769
0
5
1
1
15
35
11
5
1
10
0
0
1
1
103
4
6
9
0
0
1
0
0
188
0
0
0
1
0
0
3
4
0
0
0
0
0
0
0
0
0
0
0
8
0
0
17
0
0
367
10
0
5
139
795
0
54
0
17
442
2
0
11
1
4
1
1
0
0
17
0
0
1
3
17
0
0
0
0
0
18
0
0
2408
16
0
0
4
10
0
0
127
0
0
2
2
22
0
0
0
0
0
2
0
0
0
0
8
607
26
10
98
11
0
0
8
13
69
14
0
339
5
12
0
3
0
1
0
0
1
0
14
2
21
20
31
3
0
0
154
0
2
2
0
0
0
0
51
5
0
0
0
0
0
0
0
0
0
18
8
0
0
0
0
1
0
0
0
0
0
0
1568
0
44
0
1
10
0
1
5
13
0
68
1
52
10
6
0
619
0
6
0
0
0
73
0
0
625
0
17
28
5
1
0
2
46
39
18
107
0
2
0
0
0
0
0
56
0
0
1
0
2
0
3
0
0
0
0
0
0
0
0
0
1
0
0
2
27
0
18
11512
0
0
0
0
0
29
0
7
1
0
0
3
2
52
0
3
0
0
0
3585
419
3
2
0
7
2
476
0
0
0
0
0
0
1395
17
4
0
0
1
25
0
0
0
0
1612
839
6294
29354
38
8244
14384
8884
5302
2872
0
128
1465
302
1035
16
73
8251
38
15478
320
5104
19514
15088
285
28
5815
0
2286
0
75
628
1612
3819
6201
2498
0
3819
9517
2940
1612
12859
9448
1612
5104
75
180
1612
18272
1035
0
0
1035
1612
418
9867
0
1612
3418
466
1035
21286
5215
646
11
3876
3
3594
2
87
111
13
0
1650
126
110
2
517
136
98
5
843
24162
43
1425
5
19028
16
1210
21413
6
8204
71
8204
0
1402
11
76
111
0
8204
76
3391
0
11
262
2554
11
29
0
295
11
519
2949
8204
8204
655
3758
994
180
8204
11
1425
15
136
0
40
2
0
0
866
74
990
0
0
28
3946
25
1405
0
593
1
0
1
6
33
245
1
0
6732
26
391
3
8
9188
0
0
0
111
1244
0
1403
0
11
0
1403
93
4
0
35
18
0
12
111
0
128
6234
0
0
0
2
90
1616
1349
0
0
258
39
0
30
0
40
0
1
33
503
72
9
0
0
0
141
66
27411
1
79
188
1
36
20646
317
295
0
2
115
236
0
11
4
0
68
0
31
18
0
0
158
0
0
0
1088
0
0
0
0
0
0
31
140
527
0
3756
0
0
32
0
18
14
0
26
301
0
683
0
1
319
28
76
2057
33
0
90
519
12745
0
205
0
0
0
150
208
687
298
13179
0
0
6087
26233
1393
0
0
350
0
0
56
0
0
0
0
3
1805
4
0
3
0
15
0
4
1
0
0
0
65
2
9
1
25
0
1
1
0
0
114
808
0
173
35
68
128
1802
1025
38
5
0
471
0
0
0
5174
143
1
106
22
0
0
8
9
37
10
193
25
18
19
1738
21577
30908
8907
0
0
0
0
1
38
31
157
1
0
31
1898
0
38
0
59
38
52
0
0
0
0
202
258
0
45
17
1
1
478
6
1
1585
116
75
46
323
0
1
0
245
4
56
0
0
0
0
1
2411
2
0
0
21836
19
2143
0
0
14
211
15
0
0
0
0
34
7
0
0
136
1826
2752
0
11
164
2752
10
7
337
395
65
1441
23
0
0
1
22
3
0
34
55
4
60
62
2
0
62
62
0
0
0
0
0
1
1554
232
63
8
617
3962
0
2
41
111
1560
0
0
33
3
6
0
7
0
17
5
0
947
1022
171
1223
77
0
5
31
2
9
0
0
1286
9
0
0
0
12
0
4
0
5
0
47
0
0
1582
1533
1
1
63
69
0
0
22
0
0
0
0
0
547
1
732
0
18
38
881
0
1299
534
8
8
30
15
1
114
0
0
255
1
62
4
1
15
0
215
2533
0
0
41
88
0
0
0
91
21
2
0
1
13
132
0
0
16
8
1376
5
8
7
0
0
2
1
0
0
0
0
30
0
0
0
0
1
1
0
0
20
4
0
161
0
0
5466
12
0
0
0
590
44
0
156
676
6
16
29
232
276
555
0
0
20
6905
303
574
35
2
0
1578
17
0
1
1578
127
0
69
0
0
1
391
0
803
24
0
0
0
0
0
1
0
0
29
0
0
142
1
3
5
40
5
0
0
88
0
1
80
1
581
0
353
0
1
0
38
59
10
2
1128
5
8
5
9
118
2
1
0
1
0
0
1
45
0
1659
0
16
0
23883
17
28
8
231
3
36
2
0
0
0
12
79
0
0
1
5
0
0
10
0
0
18
45
664
3
57
0
2
3
1185
0
297
8
29
0
0
0
0
70
0
1
72
2326
1
14083
56
0
0
0
8
0
3
0
178
0
27076
350
0
19
5
0
3
0
14
0
3
0
24
273
0
0
313
28
0
0
21
1
0
132
2
2
21
30
0
10
0
43
0
2
0
27
30
1
0
0
1
8545
2
0
0
20
0
35
134
0
1
284
239
178
1
0
85
5
31421
806
0
124
16
0
0
0
179
0
0
0
279
28
196
2
142
0
1
0
0
0
0
0
8
26
1
30
26
0
2
365
1193
0
1
1313
0
1
20
0
0
0
0
7
3
0
0
940
0
2
1296
302
1
0
0
0
0
0
2
184
4
1173
2141
5
2
0
3
82
0
0
8569
466
0
0
3
7
1399
0
7
34
1566
0
7
0
0
8
6
89
3
3
1
0
0
9562
0
0
3
0
0
1
0
0
0
9
0
10
6
0
0
3
5
3
2217
622
24
0
18
2
8
6
0
0
97
612
2
3
157
5
812
29
12
11
0
44
74
0
0
0
1
2
0
0
0
0
0
1
349
105
0
7
0
0
0
0
0
0
0
2083
8
0
1
27
37
1
17
0
73
0
3
0
0
0
9014
29
2
0
42
11
15
72
0
24
0
888
4
3049
65
0
7
0
2
13
27
9
3
0
0
0
2
2
0
0
1
2
0
0
2
304
0
16
2
0
1
49
3
0
0
273
1
0
0
61
0
107
0
3
0
0
2
1
0
525
1544
31
0
281
657
0
13
652
23
1
0
1
0
0
3
2
432
0
0
1
24
27
16
12893
19
2
0
1
32
0
0
137
2
0
5
1
0
0
0
0
1
0
0
10
75
0
0
0
0
0
4
205
0
15
157
0
0
0
2326
0
2
133
0
13197
1
0
0
22
1
1
49
2228
0
1
0
0
0
75
0
1
1380
2486
425
2365
1
0
2
525
3
0
0
26
0
0
0
2971
4
1
0
5
40
0
5
0
37
0
0
0
0
0
12
0
6
0
25
3
0
0
76
10
55
0
61
3
1
0
0
270
0
30
1
0
3
0
7509
2
0
0
0
72
0
0
5
0
0
0
0
3
2
14
5
2
2876
0
0
0
0
215
0
2
0
0
0
0
54
307
0
0
54
0
14
25
2051
6
0
1
1
1
1
0
1
0
0
0
0
0
214
0
5
0
0
217
0
2
5
5
2
1
137
39
3
45
74
0
0
0
0
0
44
4
133
0
99
92
2
7344
0
0
15
0
0
3
31
0
1
1324
63
4
0
0
0
2
0
0
11
0
1
3
25
118
2
41
395
2
0
0
571
26
0
12
0
0
0
113
0
3127
1
0
0
225
0
329
1
6
106
5
0
4
0
0
27
6
290
8
561
0
0
0
0
0
0
14
0
0
0
0
0
1179
0
0
12
1049
0
11
117
4
0
8
38
6
157
1
0
0
1
50
0
21
28
40
0
0
0
2
0
1
12407
0
176
6
15
0
0
1
6
4
0
0
0
0
2895
1
0
2
0
0
98
3
2
0
0
32
3
44
0
16
0
0
0
0
0
2355
288
4020
0
31
0
0
9
0
0
577
0
0
3
0
31
2800
9
0
485
0
0
0
0
6
1
0
0
2
50
9
0
0
0
0
0
0
41
0
24
6
0
23
0
0
321
4
45
1
5
3
0
548
0
12
4
18
4
51
234
0
2
17
0
22
2
7
6
14372
8
14
0
1
7
2
0
12
0
0
3
1
0
0
0
0
706
0
0
0
0
1
0
0
0
0
3442
0
0
0
0
0
0
0
25
1
1160
24
62
35
0
0
2
1
1
0
2
368
0
13
48
19
9
0
0
0
34
0
0
15
0
54
223
599
1646
0
8
0
1460
0
13
0
0
8
0
142
2858
0
2
1
1736
1
0
14
429
10
23
143
0
25
1
0
0
2
6
22
0
4
2
1
0
1
194
0
0
1
0
1
0
0
346
32
9
456
1591
2
0
1
0
0
1
0
0
2
2
19
2
8
1
0
350
411
1
0
4
38
0
2
0
3
19192
6
204
3
1992
1
5
0
0
0
0
0
0
0
127
5
0
22
838
9
786
2
22
2628
11
0
0
1
8
0
0
0
0
0
2
0
8266
3
3
5340
845
0
1
175
280
1
0
2
33
0
0
0
0
0
1
2
0
0
1
3
53
2
0
0
8
1110
2813
0
1425
0
1
38
8408
6013
0
14
0
6
3
1
1
0
1
44
382
155
0
11
8
19
0
17
256
247
0
256
0
9585
4
24
27
573
52
1
17
111
0
0
0
3
0
3
0
0
0
0
0
0
0
0
0
1
0
0
0
1
0
0
0
1
2
5
1
0
2
3
0
0
0
0
4
0
0
2
1
0
0
0
0
175
59
0
2
0
0
1
0
3
0
0
0
106
38
1
267
23
6383
82
1
0
0
950
646
0
12
0
0
0
6
0
0
0
0
1
1
0
0
0
0
7
0
0
0
0
0
0
0
29
0
0
0
39244
1
1
1
14
0
0
1
0
0
0
8
0
7
24
310
137
2
19587
0
0
0
23
6
3
2
57
67
70
48
0
0
45
0
9
0
7
0
0
1
35
10
4
25
85
2
29
23
0
17
0
0
0
133
91
0
0
1623
144
0
1
76
0
0
0
0
0
2
0
0
68
3
1
0
5
0
8
14
0
99
124
28
501
0
2
44
0
0
6
2
5
418
0
0
0
540
23
0
0
2
0
6
0
3
0
35
1
0
0
11
0
0
0
0
0
1
460
0
0
0
0
18404
19
0
208
0
0
0
0
83
0
0
37
83
0
0
0
5
4
1
50
2
15
39
4
0
0
6
26
0
3
0
1
4
1
0
5
19
0
0
0
71
8
93
144
0
153
0
0
0
2
0
37
26
0
0
0
2
2
0
2036
0
0
0
47
47
361
24
0
504
0
8
0
0
0
66
4
0
1743
4500
929
0
0
0
5
59
10
12
23
7
4
0
1
0
0
0
1
7
4
30
693
473
2
0
0
0
2
3048
350
0
0
5
0
0
0
0
3651
0
1
0
0
1
30
2
603
0
0
5
0
0
0
0
538
0
2
0
0
0
1
0
0
0
0
0
1
0
0
0
20
0
1
0
37
3
266
0
0
0
0
0
0
0
255
0
0
9
90
2
0
0
31
1
75
0
0
0
0
4
70
0
6
0
2
0
333
7
0
24
23438
0
1
0
0
1
0
0
0
0
30
0
12
102
0
2119
0
0
0
4619
0
0
0
15
0
12
18
24
706
4
0
0
1
0
0
0
14
100
4
19
6
37
0
21
0
33
0
0
0
0
4
268
8
3
0
1
0
1
0
1
0
0
0
1
0
1
0
2
0
3
0
0
1
0
0
0
2
0
203
0
0
1
0
46
0
0
12
31
1
23
1
3
758
505
20
0
2
1
1
1
14
2175
0
52
1
2
240
7
0
0
4
1637
0
2
100
65
0
0
82
1
1795
4
1
1
32
130
0
309
0
899
2
0
0
1
0
0
64
0
0
1
2
8
0
0
0
0
0
0
1
1
0
0
537
0
5
60
0
74
6949
0
0
907
0
20
1
8276
7258
28
1
47
1
4
0
0
0
20
0
0
2
202
0
0
0
1
14721
0
0
1
0
5
0
0
0
1
23
65
1
0
1
0
446
1
0
0
0
0
1860
0
2
3
2
0
16
315
2
0
0
0
6
2
80
1
13
0
4
1
106
0
763
1586
0
1
70
2012
3
0
0
0
0
2432
0
0
0
0
0
0
0
4
9
0
217
4
1
2719
0
672
0
0
1
0
1
0
0
1
1
0
0
1
30
25
1
0
5
24
0
0
0
0
0
62
0
0
112
12
0
0
0
0
0
0
0
2
1
0
1
3
0
0
210
0
0
0
2
0
1
0
0
0
0
5
0
0
1348
0
63
0
0
2908
984
0
3
0
321
674
1
0
0
0
0
2
0
21
0
0
35
1
0
1
2
0
0
17
9
22
10
3
1
27
571
0
18
2
700
0
67
0
1191
0
319
7
3
13
3
567
0
0
2
0
0
0
39
0
0
1
0
861
18
4
170
44
0
613
1
1
2
1
0
0
338
5
0
38
985
0
1005
1
523
7
1
0
0
392
0
6
0
0
0
2
0
0
123
0
0
163
396
1
61
0
8
0
0
3
6
2
0
5
8
0
2043
558
8
1
0
23
16
0
3
1
1
65
0
0
0
569
0
0
0
66
2
21
645
0
0
0
2
0
11838
218
1
247
0
0
0
1
0
1
179
0
0
4
1
5218
0
541
5
0
0
0
0
0
466
17
4
0
4
1
13
2
1
2
30
2
14
300
0
1
1
520
119
2
0
0
0
0
0
1
0
2022
0
0
0
3595
0
0
0
0
5107
0
0
3177
0
2
0
0
0
14
0
0
1
617
3
0
1
0
90
116
44
0
16
0
0
0
2
0
0
0
2229
2
745
1
4
304
0
28
0
146
2
62
0
3
2
1
0
0
0
8
1
0
0
0
0
0
0
0
0
3
57
0
1
0
11
3
55
129
0
0
0
815
0
0
0
151
0
0
0
0
1
0
0
650
3
15
56
4824
86
5
0
0
0
0
5
20
0
0
0
0
2
585
4
3
0
16
5310
0
0
0
0
0
0
0
0
0
0
7
0
0
79
5
17
0
0
0
69
1
41
146
0
0
0
2
1
0
0
38
1
0
959
1
0
0
0
0
1
1
0
0
0
2556
9941
15
1
0
0
0
196
0
1
2
0
0
40
149
1
30
417
0
0
0
64
0
14
1
0
282
200
0
0
0
1
0
0
0
0
1896
398
0
3462
0
0
1
0
0
0
3
17
2
1
3
0
0
1
70
4
1
3
0
0
1
0
18
0
1
347
10
1
0
0
0
1101
0
3
119
0
1
66
1138
4
353
0
0
0
0
0
0
3
2
1
0
2
8
0
4
0
0
1253
2
0
2960
0
1
1
1
0
0
140
0
0
0
0
32
0
0
0
1
0
2875
0
1
0
0
0
0
4
30
0
0
0
26
100
0
1
1
37
0
42
1
1
3
0
2
30
3
0
85
0
21
0
6
0
0
327
233
0
0
11
6706
0
12
3
0
0
148
0
1
0
0
0
0
0
0
4
0
0
3559
2
0
0
1
0
2
0
0
3577
77
0
47
0
3331
1
0
0
3
0
0
0
1
626
0
15
0
0
30
5
1
47
187
33
0
0
0
98
0
1
68
0
6
0
0
0
17870
1
0
3
69
0
0
0
0
1747
85
0
5
9
1
0
2
0
3
0
0
1
1
1
0
2
37
0
0
5
26
0
2
1
41
0
4
0
12
0
0
2
0
0
4
3528
6
1013
18
1
0
4
7582
0
0
0
0
0
0
21
2
3
0
0
2342
2
0
452
0
1
0
0
3
23
0
24
6
0
0
0
2
0
0
161
0
0
0
18
1797
3
0
4169
16
0
20
106
1917
2
2
19
10
5
0
1
2
6
1
0
0
761
106
59
1397
101
84
281
29
0
6
7
0
6
0
0
0
0
0
0
0
0
0
3
823
1
1
1
0
2820
0
0
138
30
0
5
0
1
1258
0
0
4
2
0
3156
0
6
33
3501
1
0
0
1272
1007
7
392
19
2080
0
2
0
2003
17
828
3
6043
3
13
308
6180
0
0
1875
0
126
0
0
0
119
1
0
0
1
1
103
83
0
147
0
0
1
0
66
5
0
0
0
0
0
127
25
1
4842
0
1
9
2
0
4
14
0
0
9
0
15
3
0
0
0
5
0
265
2
0
426
3
0
2
1
1
757
1
2
0
1
2
0
135
1
25
1
0
0
0
0
2
1
0
1
0
1
346
0
154
1
1
2621
1
1
0
0
6
0
0
0
0
5
0
0
1
0
0
0
0
0
0
0
79
3
0
12
12
3
0
217
0
8
103
58
339
0
0
0
0
0
2
2
0
3
0
9
0
0
0
254
1
10
0
5
2
0
3
0
0
1
12
0
0
0
0
5
1
0
0
6
0
28
0
388
169
0
3
0
418
3
1
1
291
0
0
2746
0
1
0
0
138
0
1
2
8
25
0
0
0
0
241
2898
1635
5
2
78
54
0
6
3
0
0
7
0
5
0
0
0
0
34
22
0
97
0
0
0
5060
0
121
0
1
0
2
2
32
0
0
31
0
7
0
0
1
0
1
1
663
0
0
10156
83
198
2
540
1
9
0
1
94
0
0
0
1
0
0
309
183
5
4620
1
6
0
0
1
109
10
0
24
0
2
0
1
11
0
1
0
0
24
0
2
16
0
0
0
0
2
0
0
0
0
4
176
4901
0
0
0
671
913
1
1
15
1
1
0
0
8
0
3
0
172
16
3
0
0
104
0
0
0
0
775
0
34
37
19
77
0
1
12
122
14
18
0
4
0
0
0
0
0
261
2
7
0
0
0
41
6
0
0
0
2
0
0
50
0
6
0
16
0
1
0
0
380
0
0
0
0
0
2
0
2
0
17
58
0
0
0
0
0
0
0
53
0
58
4
76
0
0
762
0
4
837
30
1
127
0
1
8
4
103
70
110
580
0
0
0
119
1
1
0
0
0
0
0
0
0
0
2
0
124
0
43
0
2
423
1
1
136
0
0
0
0
1596
0
0
0
22
0
0
0
2
179
23
3
3
9
2
0
4613
238
0
809
1
0
5
2
0
9
0
39
0
160
0
0
0
60
0
734
0
18
24
0
0
0
0
1
8
13
11
0
5
0
0
0
0
0
0
1
0
49
0
0
0
0
0
0
0
0
1
6676
17
0
0
0
6
122
0
0
0
73
0
0
4
11
0
1
2
288
0
0
13
28
0
2
0
32913
48
1181
614
27
0
0
0
0
0
0
154
0
6
0
0
0
0
0
1
0
3
0
0
0
0
16
0
3103
0
4926
13
0
0
0
0
1
52
2192
0
0
316
9
0
0
0
26
0
0
719
0
1
0
1
298
0
0
29
1126
0
92
10
0
0
0
0
1
0
2
0
1
50
7
0
0
0
0
112
0
0
0
238
4
0
0
0
6
1
0
5
0
0
2
0
18
0
1
2
1
0
0
0
7
0
2
49
2
0
0
0
0
0
0
2
0
2
1
3
1
0
1
0
1
141
319
3
0
0
0
55
0
0
0
0
7
0
0
0
1
0
5
1
2
0
6
22
0
0
0
0
2
0
0
0
40
0
0
0
37
0
0
0
1
0
1
0
1
0
2
13
5118
14321
4
0
13
0
0
0
123
2
8
0
9
0
39
15
4741
197
4
0
0
0
0
3
0
0
0
1
0
123
58
0
0
0
0
0
2
0
130
93
0
9
0
0
0
0
3
0
26
6
1634
1
0
5
0
0
0
0
0
2
19
3
4
29
2
147
15
0
0
0
0
0
0
602
3
1062
1027
178
73
0
1
0
0
1
0
79
0
0
0
0
0
0
0
0
0
1
3
1
0
0
0
1
2
0
0
0
1
0
1
1
0
6
89
0
4091
0
0
108
1
0
25
5
151
168
2
143
0
0
0
82
2
0
6
1
0
0
6
0
0
0
94
0
0
2
54
42
0
0
0
0
6
0
0
1
0
0
0
0
15
0
19
0
0
5
15
1
0
0
0
9
0
1
0
2
0
30
101
0
2
0
0
1
2
0
0
0
0
41
7
0
5
2
0
0
733
0
0
0
0
345
11
2
0
9
1
0
2
0
180
10
0
1
1
15
0
0
0
0
1
0
2
0
1
0
1
0
0
16
0
0
0
0
0
233
0
97
4
0
0
0
0
0
7
1
0
0
0
0
6
0
0
0
0
0
10
3
0
15
140
91
17
26
0
0
32
0
0
100
0
0
0
2
101
0
0
0
0
4520
1
0
1
1
0
0
0
0
0
0
207
2
2
126
314
24
9
0
220
2
0
0
0
108
0
0
0
0
7
2
3
0
64
3
0
0
0
4
2
365
0
0
867
1
3
0
2
0
110
467
45
16
267
0
1573
15
3
4
0
4
529
0
0
17
0
0
0
0
0
4
0
1
0
0
0
2
0
0
31
0
12
1
0
6874
1
3670
0
0
2
0
0
1
0
0
0
11
0
0
0
1
4
0
2
1
1
0
0
82
1770
1558
0
2
2
34
0
2
1
2
4861
2528
0
0
0
2
0
1
0
0
78
3
0
132
1
0
0
0
0
5
1132
0
0
0
669
39
120
0
23
0
0
3339
0
0
0
2
0
2
0
87
0
14
0
0
0
0
0
0
0
171
0
2
1
70
318
0
0
599
89
0
49
16
5
2
29
3
0
0
0
8
0
9
1
2598
0
0
0
0
2
0
0
0
0
0
0
14
0
4
0
13
0
0
0
0
563
1627
7
91
0
21
1
0
1
0
0
316
86
0
0
2
0
1
616
5
0
40
4
111
27
5
0
0
737
0
5
0
0
30
660
2
99
2
0
14
0
0
0
1301
66
0
1
0
0
0
0
0
0
0
1
0
0
4
0
0
0
1
1
0
0
0
0
0
0
300
0
172
0
0
0
0
0
0
1
18
2
4
5
1
0
153
11
4
0
0
0
0
0
0
0
2
164
0
0
13
150
7
0
0
1
1299
532
141
0
0
0
0
92
0
0
69
2
0
19
326
0
0
0
0
5
2
0
0
0
0
13
3
0
0
0
0
0
48
2
0
5
1
0
1
2
59
1
0
0
0
0
0
41
16
0
0
952
964
384
932
5
0
16
18
957
9
0
0
0
84
0
515
0
1
5
2
0
0
0
0
0
0
455
56
1
1
0
0
3
0
0
0
0
0
105
0
0
0
1
5060
0
0
0
5
0
179
0
332
0
2
3
21
0
16
2
5
3
1
3
0
0
0
24
2
16
2
38
0
4
0
0
1
0
28
0
11
0
0
19
0
0
1
0
0
0
0
2
1031
0
0
1
0
0
100
0
3
0
0
314
27
1
3
2
13
1
10
0
3
17
0
0
0
19
0
0
1
6
0
3
1
137
14
0
1
0
1
0
0
0
0
474
3
775
28
0
3
0
487
0
0
0
596
1
0
100
0
0
0
0
1
0
0
0
4
0
1
1
0
0
0
8
1
269
0
0
5
0
43
0
0
0
0
0
35
0
745
0
0
6
0
2
846
91
243
8
5
0
0
0
0
1
97
23
159
11
18
1
40
590
23
31
17
0
0
4
0
385
2
0
0
0
1
1
0
1835
0
0
0
0
0
0
0
0
0
0
0
0
15
0
0
116
0
0
28
0
1
8
0
2
0
190
12
0
0
5
1123
0
0
0
0
0
0
0
0
43
0
14
65
0
0
28
21
0
0
0
0
7
0
0
0
1
2
7
0
1
0
0
0
10359
0
0
0
1
0
5
92
104
0
0
0
0
0
0
1
0
0
2
0
0
0
0
1
0
1
114
1
0
12
406
0
14
0
38
0
1
0
0
0
0
25
0
3
0
0
0
0
0
2
0
0
0
0
1
0
659
0
0
0
0
0
589
0
1
0
0
1
2
0
0
0
0
72
0
0
0
12
0
0
0
0
80
5
2
5
26
0
0
8
326
277
0
0
0
124
0
757
14
0
0
0
0
216
0
18
0
2
0
108
0
27
0
75
0
0
0
1
0
0
0
18
26
1
0
1
0
0
1
1
250
7
0
0
0
7
1046
0
1
0
2
0
0
3
100
0
1
0
0
0
0
0
0
0
0
0
0
0
1
19
0
2
0
175
529
7
4
46
1
0
1
0
0
0
0
3
0
0
0
1
0
0
76
9
1
0
0
159
8
2
0
1
0
0
0
0
131
4
1
0
1
603
2
0
0
26
257
0
0
1
0
32
0
0
14
0
0
0
0
4
1802
0
80
1
2
0
0
0
0
0
132
0
4
14
8
1
0
55
1366
8
1236
323
0
0
1
0
0
0
28
142
8
0
51
0
0
193
0
0
27
4
0
0
7
26
0
0
2
1
0
2
0
0
10
0
0
0
0
1
1
0
0
0
0
0
172
12
0
5
1
0
0
0
0
0
1
8445
15
1
0
3
0
0
0
0
3
0
0
0
2
0
0
0
2877
62
0
58
1
18
0
0
0
1
0
186
0
0
0
0
0
0
0
39
0
0
27
1
0
0
1
59
0
4
0
1
1
3
0
0
15
90
1
0
20
7
12
0
0
0
3
207
177
0
34
74
0
6
535
2863
350
0
0
0
2
0
0
0
2
31
21
40232
0
0
9
41
0
2
1
1135
94
0
758
7
0
0
5
1
77
0
0
7
4
0
14
1
0
0
0
95
0
0
1
0
0
0
2
4
58
5
12
0
0
0
18
21
1
6
0
1
0
1
0
149
1
0
57
69
0
0
4
0
0
1
0
45
0
262
0
0
1
0
0
107
0
0
347
0
0
0
0
237
0
0
1
0
0
0
418
0
254
5
0
0
0
0
0
1
1
1
117
281
0
6
156
0
11
0
656
16
0
0
1
50
0
328
532
3
0
0
0
0
138
3
0
2
1694
0
39
0
1
60
0
1
0
105
0
0
8
0
46956
22
0
2
95
0
953
0
0
2
10
2
0
0
0
53
0
15
0
0
0
0
0
1
0
0
3
0
0
0
0
1
10
1
369
0
12
42
164
13
3
13
25
17
1
105
0
24
0
2
3097
0
2
0
17
579
0
0
0
0
0
0
0
3
1
0
1
0
293
763
0
0
0
0
0
0
0
0
34
784
0
4759
0
0
1
7
0
3
2
1108
0
3
0
0
0
0
33
34
734
11
0
1
0
0
0
0
80
22
0
0
5462
1
1
0
32
0
0
0
163
0
0
0
16
0
0
0
24
0
0
39
0
0
591
0
0
1
0
0
7
0
1
0
0
84
1
13
1
0
2
0
0
0
0
4
36
1
1
66
0
0
10773
0
0
89
0
126
0
0
2
31
69
0
0
0
19
252
1
6
1
0
0
0
0
0
2
0
30
93
0
1
0
0
0
2
0
0
1
1
0
0
0
638
0
0
4
0
2
830
0
0
205
0
0
0
15
0
48
0
0
0
0
0
0
0
73
0
1
0
0
249
0
393
0
4503
181
13
0
0
44
0
0
0
1
1
0
1
0
0
2
0
1
0
114
0
7
0
0
0
0
85
0
14
0
0
0
0
1
0
0
1
0
0
0
2716
0
0
77
0
0
0
0
28
4
86
0
0
2
0
311
5
8
300
3
25
130
0
0
29
1
0
0
0
0
731
13
2193
1
0
0
0
4
0
0
1
0
8
0
0
0
0
1
0
2
0
0
1399
2
0
115
62
1
0
1
0
0
0
0
7816
51
0
0
22
0
4
0
0
2
5
0
0
2
1
10
897
2
20
4
0
0
0
0
509
172
0
0
1
0
0
0
0
0
0
0
0
4
0
6
87
0
0
1131
0
22
1
0
0
0
0
0
2
0
2
0
15
0
1
0
0
0
0
2
8
0
0
0
0
33
3
8
114
6
15
0
0
0
157
0
100
0
17
0
2
1
169
168
18
0
0
0
0
0
1
514
5
0
1
1
0
0
0
0
0
1
23
1
74
0
157
0
0
2
0
1
0
0
0
1267
1535
0
0
3
0
0
0
0
2192
1
5
58
3
528
0
19
0
1
7
0
0
7
0
0
3
2
9
0
5
54
2874
0
295
16675
0
0
0
0
5
478
139
0
2
0
0
1
0
57
16
30
0
0
0
40
0
0
0
16
3
0
1696
0
457
1
1
0
0
0
2
0
2
435
3
0
0
0
402
10
3
0
0
89
2
0
0
0
65
0
1
0
5
2
1
8
7585
91
0
16
43
0
0
1
0
45
12
1
0
0
0
0
1
491
3441
209
7
0
304
1
2917
67
1
1
0
0
577
63
1
0
0
0
0
0
0
118
0
1
3
0
0
6
0
0
2
192
1
0
5
0
0
4047
3027
5
4
0
3
0
114
2
7
0
6
0
133
0
79
0
0
0
0
0
122
0
0
1
2
1545
9
0
0
0
0
0
858
0
0
379
0
0
80
0
0
0
0
0
0
1
451
0
0
0
0
0
7
0
0
0
0
0
18
0
0
0
412
0
5017
0
43
1
0
0
0
26
32
4697
0
0
0
0
0
0
0
0
0
0
0
2
26
0
0
0
0
0
21
0
0
0
0
434
0
1
1
0
1
0
0
0
0
1
0
1
1
1099
1
0
0
0
41
13
1
13
0
0
951
2610
3
0
0
2523
826
0
7
89
18
0
41
68
1
0
13
0
0
7
0
0
3
0
0
3
0
0
1
0
57
0
2790
1
0
0
0
0
0
0
0
702
2
1
3144
0
0
0
1
0
228
0
0
1
60
0
0
1
1
0
0
0
0
5
0
1333
0
0
2597
40
0
0
2
15
3
3
1
195
24
31
2
0
0
0
0
0
0
0
0
40
95
545
229
1
0
0
5164
3
39
1
0
0
0
0
2
0
0
2
1
2
2
0
0
0
0
563
0
0
0
4
0
109
0
6
0
0
78
9
7
0
0
0
2
0
0
1
0
0
0
8
0
0
941
0
668
0
0
0
2
2
0
1
1
1
0
1
0
4
0
0
17
0
2
0
1
0
0
0
0
1
15
0
1
0
0
1
0
0
38
21861
0
0
2800
0
0
0
0
0
0
70
0
2
0
0
0
0
12
0
0
0
12
0
33
3
15
39
0
105
0
0
0
0
0
0
0
0
0
0
9
0
692
0
88
1
983
0
0
0
0
1
1
0
403
51
0
5
0
0
0
0
0
2
0
0
5
0
0
0
1
16
5
57
165
0
0
4
231
2
19
0
0
0
0
7
18
391
8
0
1
1
0
5
0
0
0
0
0
0
0
0
0
0
0
0
0
217
0
0
20
0
0
0
0
0
0
1
1
2557
182
0
0
0
0
0
55
0
1
0
0
0
0
0
0
4265
14
0
1
0
1
1
1
1
0
0
1
0
1
24
0
288
1
0
2
0
90
267
0
0
28
9
0
0
0
1
0
1
0
0
1
0
7
0
0
2
0
2
0
0
0
0
0
2
36
274
0
1
1
0
0
362
0
0
0
0
0
1
0
10
258
20
5
245
1
12
6
0
6
0
3
1
0
1
0
0
45
0
3
2
20
1
1
2
3
0
1
0
0
2
0
24
0
4
42
1
0
0
0
0
0
0
66
0
0
0
0
0
129
0
1
0
2
2
518
1
0
0
0
1
0
2
0
0
0
2
5
11
0
4
5
0
3
0
15
0
0
346
1
3
3
0
0
1
84
0
0
1332
0
93
0
0
0
0
2
436
21
0
1427
0
5
0
0
0
0
2
0
2
0
0
0
1892
0
0
0
15
2
0
0
0
0
1
1
0
1
2
0
2885
0
0
0
1
2
9
0
26
0
0
0
0
0
0
0
2
20
0
2
2
147
2658
10
3
0
2
14
1
0
112
2
0
0
0
5
48584
0
2
0
1
1
18
0
0
0
68
3
38
0
0
0
0
0
2
0
0
0
0
2
0
0
0
0
7660
5
0
34
0
2
0
0
0
0
0
0
0
0
854
6
14
0
176
1
1
2
1
0
194
0
0
0
0
1
0
0
0
55
0
0
1
15
2
0
4
0
1
0
469
0
0
0
2143
0
0
8
247
7
17
0
0
0
0
2
0
0
6
3
8
3
0
0
0
4
0
0
169
2
0
0
1
0
0
19
756
0
1
12
0
0
0
9
2
0
30
335
0
0
0
5
1
0
1
1856
0
0
0
0
0
0
344
3
1
35
0
0
0
0
1
40
27
0
1
0
1
119
0
0
2
0
0
22
524
0
0
9
0
1
7
607
0
1
11
0
2
0
2
0
0
22
175
8
142
0
0
83
0
0
2
422
0
0
99
0
4
21
2
17411
0
24
5
1
151
0
1
0
0
1
0
0
2
1
0
1
252
2769
337
1
0
0
55
7
0
51
21
1
0
0
0
12
3
3
0
8
238
335
0
0
2
47
22
0
0
49
0
0
21
0
1
36
0
0
180
49
1
15
0
12
0
1
2
287
0
0
0
0
9
2
662
0
0
272
4
1
1
0
0
0
0
0
1
0
0
1153
0
0
3
0
760
262
0
0
2
117
81
0
0
3
10
274
317
0
0
1
634
0
5
0
0
2
0
0
2686
0
344
37
28
0
0
33
10
0
1
0
0
0
1
52
157
0
655
0
0
0
0
0
0
2
1
0
0
0
0
3565
655
0
0
1
481
4850
17
0
27
0
0
4
0
3
0
1066
11
0
3
547
45
46
5
216
0
0
0
2
563
7
171
12
2
2
395
63
6
0
208
1
0
0
0
0
167
8
0
1
36
0
0
464
1
1
3
542
0
2
0
1
0
1
0
42
0
1
2
0
0
552
1
0
69
659
0
0
0
93
2008
775
0
10
0
2907
1
0
0
0
893
109
0
0
214
3
28
3
1
0
868
0
5
0
0
0
9
0
2
0
0
59
0
0
0
1
3
1
31
0
0
0
0
0
0
2
2
29
0
0
1
47
2
0
0
0
345
3
1580
0
0
0
0
0
0
12
16
7
50
1
18028
0
8
667
17
0
0
1
1
0
0
1
0
76
0
0
1
0
38
0
0
0
0
0
5541
3
1
0
0
0
0
0
2595
12
0
1
1
175
0
0
0
296
1
0
29
0
2
0
0
0
1
0
710
2
1
1
2
80
101
3
545
22
6
1626
26
0
0
0
23
118
0
242
2306
0
1
0
0
51
0
0
0
1
0
1
17
1
0
0
43
0
73
0
0
2
0
0
2
0
0
18
0
0
3
79
0
0
0
0
2635
0
0
0
0
0
683
0
3
6
0
1
0
42
17
9
0
0
1227
2
0
115
0
1
73
478
0
1
62
0
73
6
1799
4
2554
0
36
0
1
26
0
0
1
1
114
0
0
0
0
20
0
0
0
28
1
3205
14
5022
0
0
0
0
0
0
2
0
7
0
1
0
0
0
0
0
0
0
454
0
0
0
1653
5
0
64
18
0
0
36
284
18
0
0
9
100
0
0
10307
1
669
452
18
0
0
234
50
0
5
0
0
2
238
0
1
1
1
4
2044
47
2
4
0
38
0
0
0
4
1
1
0
1
0
1
0
1
1
1
0
0
0
19
1
3
17
0
129
0
290
7
0
197
0
1948
0
9
112
1
298
1
2
2
7
0
0
34
0
1
0
0
0
0
0
0
0
0
0
1
0
234
0
0
3483
47
2
0
381
52
2
102
0
4
2
0
2114
0
24
0
0
0
31
0
0
0
0
564
0
8
0
40
7
1
21
1
0
43
0
6
14
1
0
0
0
3
0
0
0
3
1
405
0
1
0
0
23
0
7
0
0
0
0
0
0
0
0
0
59
35
0
1720
59
0
26
0
1
0
0
0
10271
0
10624
0
0
0
2459
16
0
2
0
74
0
1
73
0
21
6
1
0
3
140
0
0
0
1
1
37
3
1
82
3
2314
0
201
0
472
0
0
6
2
2
14
2
0
0
0
0
0
862
1
0
0
0
152
37
127
0
1
5
0
0
67
0
163
0
0
0
62
0
2
0
1
0
3
1
0
18
0
0
5
8
12
39
0
3801
0
2131
2
23
0
1
4110
4
46
67
4
1033
39
0
7
85
0
4
0
0
0
0
1
2
0
0
0
0
32
1
915
0
0
671
0
0
0
0
0
0
0
1
0
1
0
2
0
0
0
678
0
0
23
0
7
9
82
1077
0
1
1
2
4
3372
0
19012
217
259
12
3
0
0
0
161
26
2
2
16
0
0
120
0
0
0
0
513
0
0
1
2
2
1
0
2
0
0
4242
0
0
0
0
26
0
1
0
1
1
0
0
0
0
1
2330
29
0
0
1
0
0
1
3
4
164
0
0
15
35
108
0
161
0
0
0
3
156
0
501
4
75
2091
0
8
11
0
0
1
0
0
0
1
0
0
0
0
0
5
416
2
1
0
32
3
0
1
1
0
0
0
100
2
1
11
0
5
0
1
9543
786
0
0
311
0
0
0
0
1
0
0
0
5
1
9
2
0
3
0
2
0
129
15
12
1
3
1
0
0
498
112
1345
0
0
0
0
0
0
3
0
510
0
0
0
0
1
1
113
100
0
0
18
8
0
0
0
0
1
0
1
19
2
0
16
0
0
0
0
1
0
0
69
8
6
306
23
13
1
183
0
8
263
0
57
5
9
0
0
0
52
0
0
0
3
0
1
1
0
0
0
0
1
21
0
1
0
0
0
164
0
0
0
5
1
0
571
0
124
1
2
12
0
573
0
1
0
8
5
0
1
0
647
0
1
7505
0
0
0
7
11
8
108
0
0
143
36
0
14
76
353
1
8
6
0
3
0
0
0
8
0
0
3
1
0
0
1
1
61
0
0
0
0
0
0
0
0
0
0
0
0
19
0
2
0
0
0
28
0
342
0
0
0
0
2
0
0
0
2
36
16
2
98
0
0
5
0
0
0
24
5
0
0
2
26
0
47
2
12
0
0
0
0
0
0
0
0
0
1
4
0
0
0
0
0
1
0
4523
0
0
0
0
0
1
0
0
25
0
30
12
0
334
0
1
1
70
0
0
0
0
1
0
2
2
1
35
329
7193
2
125
0
0
0
0
0
6
554
0
0
0
98
7
16
52
0
0
5
26
0
1
0
0
0
0
0
0
0
0
1
0
0
42
2
1
0
0
1
1
4
37
277
1759
0
0
2
0
1
652
2
13
0
1
9
0
4
31
0
0
110
0
288
1410
0
1
0
82
0
0
3
2
665
1
0
2
11
0
224
0
8483
0
14
0
0
1
0
0
0
0
0
1
0
4
0
0
0
485
0
0
1
0
2
0
7
1
0
437
18
0
0
0
2
0
0
0
1
0
0
0
0
0
206
0
3
95
2
0
0
0
1
0
1
0
86
1
0
171
1
1
6
0
0
0
137
19
27
8
0
0
2
0
0
0
0
26
1
0
0
0
0
0
0
55
0
0
0
0
0
0
3776
1
0
0
0
0
2
1
20
0
1
0
243
1
0
57
0
0
763
0
0
14
0
7
0
1476
0
2
2
24
1
3
381
9
3
0
0
0
53
8
0
0
1
6
0
0
53
1
0
765
0
0
0
0
1
0
2
0
0
2
69
0
1
0
4098
3776
50
0
2
0
0
27
0
0
0
1
0
0
0
0
41
0
0
102
7
1
0
0
0
5
0
0
312
1
330
388
2
0
9
0
0
2
1
2
0
21
0
72
448
121
0
2
1
0
0
0
0
0
30
0
29
0
0
0
0
0
0
0
0
611
0
0
25
0
13
2462
397
0
0
1
0
0
3
0
0
10
29
13
4
1
60
19
0
39
0
0
0
0
0
0
2914
2559
1261
1
0
0
0
0
2
0
0
987
1
0
436
1
0
0
0
0
0
0
0
0
1
68
1
0
0
0
6
0
3295
277
55
0
1
0
0
2
53
0
0
0
0
5
0
0
115
5
0
1
0
37
0
1580
3
0
0
0
1
5
1736
1
0
0
0
4
1
157
0
0
3
33
0
233
0
176
0
0
0
3
1
1
205
0
0
1
0
0
1
7
86
1
0
0
1
4
2
0
0
0
146
0
185
0
4
49
0
37
0
0
0
1
3
5
2666
0
0
92
0
0
0
1
1
0
0
4
2
1
4
73
143
2
1
0
1
1
2
0
0
2270
0
9
0
7
0
1
0
0
0
0
0
4
0
19
0
0
0
1
1
4170
0
0
0
0
15
2164
0
0
0
0
0
1
0
1
11
4
0
0
1187
28
0
4
0
0
189
0
33
18
468
0
97
0
12
13
203
27
1
22
0
0
0
0
0
10
0
0
1
0
19
0
42
0
1
0
1
0
0
1
0
0
1
0
0
0
0
0
1
1
0
4741
0
0
0
0
0
0
0
0
0
2
2
0
9
178
0
3
0
60
0
0
0
0
25
12
0
0
4
31
0
0
3
1
0
0
5
0
5
3436
0
2339
0
1
0
7
0
0
0
0
18
7
0
0
0
0
1
0
0
0
0
2
20
0
0
4
0
0
2
108
0
0
0
0
49
2
0
26
5
78
0
121
0
0
48
3
0
5
0
0
0
7845
0
324
0
5
0
48
5
0
17
1
0
1
1
0
202
0
142
0
1
1
0
1
577
0
0
0
24
2
0
0
0
0
0
0
479
170
0
4001
0
2
28
0
0
1
0
1
0
0
0
123
0
0
0
0
0
0
0
24
0
0
153
1
127
0
0
1
0
1
0
2775
0
0
1
0
0
0
0
3275
0
3
58
7
0
0
0
1
0
19
0
2
0
0
2116
1
1
0
0
0
0
0
0
24
0
0
1
7
0
16
0
27
0
1
8940
10
0
481
148
0
0
0
1
0
0
6
142
0
22
1
151
1
2
0
1
0
2
0
308
0
0
0
0
41
31
0
495
17
0
0
1
0
0
0
1
28
9
202
1980
0
0
0
1
0
0
0
1
0
0
0
0
0
2
407
0
0
0
2
25
0
3
0
19
11
0
0
0
0
3
0
1
0
1
0
4
0
19
1
11
0
0
1
1
1
1
0
0
0
0
0
0
5292
0
4
0
0
2
3
0
346
0
0
1
435
0
1
0
0
2
102
0
1
0
0
0
26
0
0
1
0
0
0
0
1
0
3
0
0
0
0
0
0
168
2
2
20
0
0
0
14
0
0
0
9
8
0
714
25
1
1
38
0
1
1
0
0
0
21
14
0
7
0
0
0
48
39
0
1
0
0
0
0
7
0
0
1
0
0
1
0
0
0
0
0
1
123
2
1
3
0
8
0
0
0
0
1
1118
1
3
105
15
3
5
340
1
0
2
5
0
0
0
0
1
0
0
0
0
1
0
0
0
1
0
0
0
13
0
0
0
0
0
0
1
0
0
1
0
11
0
0
2
0
16
8
0
2
0
2
0
0
5
0
175
4
0
0
0
0
0
31
7
5
6
39
95
59
1
1
2
1
36
0
3
0
1
49
0
0
0
0
0
0
0
0
104
0
419
0
0
1
2
4
46
1
0
0
0
1
1
0
1
0
0
0
0
1
447
0
0
5
10
0
0
0
16
0
2
0
0
1968
0
66
0
702
1491
2
21
4
18
3
13
4
2
7570
0
0
521
1
27
0
7
0
2
1
0
390
1
0
0
0
54
1
0
0
0
6
2
0
0
0
2
37
0
0
0
23
2
0
102
0
0
19
0
0
33
0
0
0
0
9
2
0
4
839
0
0
100
0
1489
2
2
4
1
0
0
229
11
0
1353
0
306
0
2615
0
0
1
2
0
0
1
0
1
305
1
47
0
3
0
207
0
0
0
1
5
34
0
519
0
3
0
0
1
0
0
0
0
1
1
1
0
0
0
2
9
1844
27
116
0
0
0
0
0
3
0
0
11
5
2
1
0
11
0
1
0
1356
464
2
0
24
0
0
0
0
161
0
0
0
27
5
0
0
0
0
0
0
0
0
0
1
836
1
0
0
2
0
0
0
0
4
36
0
0
0
1
1
2
5
4
25
1
8
0
0
0
11
1
30
13
1293
76
13
0
7
4
0
0
1
0
24
2
0
0
528
2
0
0
136
10
0
0
2
531
0
0
0
0
35
0
0
0
0
0
225
0
0
0
0
0
0
0
91
0
3
1
0
3
0
0
0
17
6
0
2
115
0
7
0
0
4460
5
0
0
0
504
1
2
0
310
6
1178
264
0
0
0
2176
1
50
25
0
0
0
3061
1
0
124
0
0
1
1
0
0
4
0
0
1
0
0
0
0
213
1
13
0
2
0
0
0
0
0
0
1
9
0
0
0
1
612
117
14
25
0
0
10
0
639
0
0
2
0
0
2
0
0
504
22
11
0
0
3364
0
0
1
1
1
1251
0
0
0
4
0
0
0
4
1
1
0
0
122
54
1
869
0
0
0
3
0
0
3
11
217
1
0
0
0
27
0
0
0
0
0
2
0
0
0
0
0
0
1
141
8
0
0
0
0
0
0
57
19
0
14
0
0
75
0
0
254
0
2
1
0
137
1
0
2
0
224
0
0
0
0
1
0
0
1
0
0
4
45
0
30
1
0
0
0
0
0
0
1
294
340
0
0
0
0
0
0
9
0
0
0
3556
0
3
2
14
19
2
0
0
38
110
0
0
0
3
6
0
1
0
0
16
0
0
0
0
1
0
7
0
0
6
0
0
1
0
614
231
1
1
1
0
0
738
3
0
0
24
47
4
0
37
1
0
492
0
0
0
0
20
1
0
8
0
9
534
2
4138
6
0
0
0
37
0
420
0
0
0
15
0
0
1
29
0
704
0
16
0
0
0
0
0
0
0
35
513
0
0
2
0
1
0
0
5
0
0
1
2
0
0
0
0
0
0
0
15
0
0
73
1
1
5
6
0
0
230
234
184
0
0
0
52
137
481
3
5
4124
1
7
0
0
0
0
1
0
1
0
0
0
230
0
0
1
92
19
1
1
0
0
1681
1
0
0
0
0
0
228
0
0
0
0
0
0
0
1
8
1
0
1
1
20
1
0
0
1
6
0
0
2031
4
17
0
0
7
0
3
12
22
0
5
2
0
42
0
276
0
42
0
0
0
0
1
1
70
8
0
0
0
0
0
0
0
1
949
0
0
3
1
1
0
0
0
1
1
0
925
0
0
37
0
0
1
0
264
34
5
0
0
170
12
1
41
364
0
0
0
0
0
1
2
9
18
0
1
10
0
3
0
691
0
1
95
1
0
0
0
15
571
0
0
0
7
125
0
3
1
0
21079
518
117
813
0
0
0
5074
0
21
1
0
0
0
0
387
22
0
3
0
0
1160
0
0
0
1
20
91
116
13
0
51
0
0
0
1
0
0
0
61
3
22
0
0
8
0
0
11
0
1
0
1
0
1516
0
0
1
1
0
23
0
0
0
0
0
2
0
73
524
0
1
4
0
0
1
0
0
0
176
0
0
0
0
0
622
128
1
0
0
0
0
5
1
0
2
10
2
0
0
0
0
41
0
0
3086
0
3
0
0
5
0
7
74
1
2
0
0
2
0
0
0
51
17
0
1
0
182
0
0
0
852
41
2
0
0
150
0
0
0
0
0
1
0
0
38
0
692
2
0
1405
0
1
0
3365
7
0
5
0
0
0
12
0
7
820
0
95
0
0
2
27
13
0
1
588
0
8
0
0
0
0
1
0
0
0
0
0
0
0
0
1
0
0
0
0
1
75
0
1
0
0
0
0
7
114
0
0
41
1
2
0
4095
0
1
0
2
0
29
0
4
0
0
0
0
0
13
0
0
12
0
0
2
0
2
3
523
0
8
0
0
10
0
261
0
0
1
2690
0
0
0
84
16
0
5
1
0
0
0
0
0
7
0
0
0
0
0
1
0
0
0
0
0
7
0
111
981
402
50
0
0
0
13
58
0
928
9
314
0
0
0
0
0
0
0
11
0
0
4
1
4
0
18
0
3846
0
0
0
2
0
1
2876
0
0
2
0
0
0
20
0
105
96
1
6
1
0
0
0
43
0
0
0
9
18
1
0
1
0
0
0
0
1
1050
0
0
0
1
6
0
4
73
75
0
13
0
0
0
1
63
2
132
8
1
0
54
87
13
0
39
1
0
4507
7
1
0
26
0
0
0
0
51
0
1
1824
0
0
0
0
0
0
6
0
0
0
0
0
33
3426
0
1
0
0
0
9
0
0
2
0
1
1
281
4
0
0
4
0
3
306
0
0
0
0
0
1
1
0
548
121
254
54
1
0
0
75
0
4
0
12
15
0
0
0
6
0
0
0
361
81
8
1361
0
0
0
0
0
2
0
1
0
0
2709
11
0
0
0
0
0
236
0
0
0
0
1
0
0
0
0
0
114
2
0
9
324
0
0
0
0
528
0
1
144
67
336
22
5
4
3
0
0
76
0
0
0
1
0
0
15
0
16
0
0
4190
0
1
0
0
0
1
0
0
0
0
0
0
175
0
1
84
0
2
0
2372
0
0
1788
1
0
97
504
230
0
0
3
0
588
0
736
0
1
0
0
1
0
4
0
32
0
5
0
4
0
573
1
0
0
459
18
1
1
2
1
1
1
0
742
1
26
0
40
1
1
0
0
7
2
0
1
1
0
4290
30
0
0
0
1
856
2
8
1517
0
6
0
0
7
0
1
1
0
19
31
0
0
0
1
2
0
158
1
0
0
0
0
56
19
0
0
0
0
1
455
190
0
0
0
291
0
0
0
0
0
0
1
0
1
0
0
1
13
0
0
0
9
0
3963
0
0
0
0
0
2
0
0
10
0
0
0
0
2
169
44
10
174
0
130
6
0
0
0
164
7
10
0
0
11
1
0
1
0
0
0
124
0
34
69
0
0
100
0
1
0
0
2
1
0
8
0
245
1
0
1
1
1
0
1
0
0
0
0
826
0
76
1
0
0
0
0
7
1
0
104
11
15
0
0
0
1
1
0
1
0
0
0
0
258
4
229
0
2
11
1
0
0
4776
0
0
0
353
0
0
0
0
0
676
1
0
0
34
0
0
0
0
0
0
34
1
294
0
2
8
296
0
1578
0
0
0
4
0
0
0
0
509
46
11581
0
236
0
2
0
0
7
9
6
10
3
1
1
0
0
0
695
0
453
19
0
0
0
7
12
0
1
0
0
0
1
0
0
0
33
0
0
10
1
20
0
0
5
2
0
0
1
1
0
11
233
1
0
0
3
71
0
2
0
36
0
2
0
0
6
10516
0
0
2
1
6
0
1
0
0
0
36
0
0
38
3
0
8
1
18
25
2741
0
0
0
0
0
0
0
0
111
0
1
0
0
0
1
0
0
1
0
0
0
346
8
638
0
0
0
63
0
0
0
0
1
3190
0
0
0
1
0
408
0
0
1
0
1
2
0
5
261
1
100
9
6
0
0
2
0
2
1
1
17
0
0
0
0
10
3
0
1
0
0
0
0
1
35
0
1
0
0
0
36
0
0
311
1
0
0
0
16
0
0
0
0
0
0
0
4
3
198
0
292
2
3
0
0
26
1
0
790
8
3
41
2
0
0
13
13
79
0
0
0
3
0
2
1
1
91
281
201
0
0
0
6
1
0
3
7
0
2923
0
0
0
1559
1
1
0
1
94
15
0
18
1
0
0
0
0
0
0
1
0
221
450
0
1
13
0
1
0
0
0
0
6
1
0
0
1
2
6
3
4
1
0
6
9
16
20
343
15
26
269
21
0
1562
1
0
1
0
0
0
5
0
0
2
2
0
0
2927
48
0
0
0
0
1
0
606
28
483
0
1
0
1
0
0
0
0
57
0
0
0
9
0
0
0
7
30
239
0
1
4
1
0
21
354
3
207
0
257
79
264
1
111
47
0
24
4
475
0
16
2
2
0
0
0
0
26
0
0
0
0
0
0
0
0
2
0
791
306
0
37
2192
34
1
29
0
1
1
0
1
0
0
0
0
0
0
0
0
1
0
4
3667
4565
0
0
1
0
0
5
1
0
0
0
0
533
6
0
4
3
0
0
3
118
0
2
0
0
0
0
0
0
0
1869
0
1
0
12
420
0
0
1
7
1
1
0
2
113
0
409
1
2
0
1
2
29
0
0
0
1
2485
0
1
0
20
191
38
18
75
0
4
0
3
34
0
810
0
2
0
1
0
0
20
13
8
0
0
0
1
0
0
3
1
2
0
8
0
26
0
0
0
18
0
0
1
45
1
641
0
0
0
0
0
0
0
0
0
32
0
182
0
3
1
1
79
1
0
0
0
0
2
51
744
0
0
10
210
15
4
0
1
0
1
1
37
0
0
3
10
0
2
0
0
11
0
0
0
1
1
0
102
1
0
85
0
0
0
0
18
0
0
0
0
0
2123
0
0
0
0
18
0
0
10
204
0
0
0
0
0
0
0
1
37
0
316
0
0
4
43
0
0
10
5
1
0
0
4
0
6
2
4
910
1
32
0
0
1
0
0
0
128
0
22
20
0
8
0
0
0
0
0
0
1
0
0
1
1
0
3277
0
1
5
0
0
1
0
0
1960
1
0
4
0
0
0
1
36
1
13
3
21
1
0
158
9
0
1
16
7
0
0
0
24
32
3
8
1
178
17
0
1
191
230
0
0
0
0
457
0
31
3
11
0
192
0
0
0
270
0
0
34
26
0
1
0
0
5
1
92
0
0
20
3479
0
0
21
1
0
2
25
0
0
0
0
0
4
52
1
12
0
4625
2
0
1
0
18
0
56
3
12
38
0
0
0
0
0
460
1
2
0
0
0
36
63
1
0
0
0
0
0
0
0
2
0
2681
0
1
0
0
195
0
0
33
1
2
590
5
0
0
1
35
0
6
0
33
0
13
0
0
0
0
1
0
0
0
0
0
25
0
187
59
67
45
0
0
1
1
306
10
1
79
0
0
136
0
0
1
215
1
163
0
42
0
0
0
741
0
1
2
0
0
0
0
0
0
177
0
20
0
21
0
1
2
245
0
1
0
0
0
0
1
0
0
41
15
0
0
0
2
0
0
0
229
0
2
26
0
0
3839
2
912
24
0
0
0
0
52
0
1
1
0
4994
0
52
2
0
0
0
1
0
0
0
0
0
0
0
0
30
0
0
0
1
0
75
129
20
2
0
0
0
0
0
0
0
2898
0
32
12
32
22
90
6
2
13
3
0
0
1
6
0
6
0
1
5
0
36
0
0
0
0
218
8
0
5
0
5
0
16
0
1
0
1
0
1
0
0
1929
1
0
1
0
0
1
0
0
168
0
1053
9
0
0
749
0
0
0
1
0
0
0
13
2
42
1
0
8
72
0
0
0
0
0
23
0
0
14
1
5852
0
27
0
0
0
0
0
291
0
0
0
0
0
0
5
0
0
1
32
72
39
1
0
690
0
1
1
2
1
0
56
0
0
1
343
45
512
28
0
2
0
1
0
0
1
279
43
0
0
0
0
7
0
0
0
0
2
10
2
107
0
0
10
0
0
0
2651
0
0
0
0
2076
26
0
0
0
8518
1
0
0
0
0
0
0
2425
0
1
0
0
1
0
0
0
0
0
0
677
0
4
0
0
0
1
0
0
10
0
1
0
2293
3
0
1
20164
7
1
0
300
0
0
0
226
0
0
0
21
0
0
0
6
0
850
1
0
200
51
0
0
0
0
0
0
0
0
0
0
0
0
3
6
2
0
0
2
0
14
0
1
7
0
0
8
0
0
0
4986
38
0
1
0
0
0
0
2
0
7
16
8
0
28
0
333
0
0
0
1
1
33
3
792
6
0
0
4
29
2
52
0
0
0
7
0
3
0
138
0
0
1
0
3
0
0
0
0
2
11
0
0
0
0
0
2
0
0
1
0
0
0
0
0
1125
0
2
0
0
0
0
0
3
0
0
0
0
0
0
0
0
0
0
0
0
7
18
1
0
0
0
6
0
325
0
0
26
0
0
197
0
0
0
2
0
2
0
5
2
0
1532
235
0
1
0
13
1
0
0
0
3
0
6
422
0
0
0
6
6
1
0
0
0
1
2
3
0
41
3
0
0
4
0
280
0
0
0
551
1
0
0
1
7
0
19
3
12
0
0
1
0
0
20
0
0
0
1264
16
0
0
89
0
0
5
15
49
14
1
11
0
0
0
0
206
0
0
0
84
0
0
1
0
0
0
12
1
14
28
0
1
10
497
19
37
1
0
28
1
0
0
0
0
0
5
5
8
19
1
0
46
4
0
0
2
1
1
0
42
1
0
372
0
0
11
0
0
0
0
23
615
0
0
0
26
0
0
16
1
11
2
0
584
1
1
0
0
1227
6
0
1
0
0
90
16
0
0
288
1
223
16
64
0
43
0
11
0
272
139
0
16
124
133
40
118
259
2
0
0
0
0
37
0
1
1
2
0
0
0
11
0
0
0
0
0
823
0
179
187
2
0
0
957
0
0
0
0
0
0
0
0
3163
0
542
0
400
0
0
4
855
1
0
0
0
1
42
5
0
0
0
126
1
245
7
0
98
71
0
0
1
0
0
67
0
0
1
1
0
0
2925
0
0
21
0
1
0
0
0
0
40
0
58
0
1
0
1
5
22
0
0
0
0
0
1
0
0
7
0
0
895
0
0
30
1
4
18
0
2
104
0
0
1
0
442
0
0
8
0
0
3
44
0
35
0
137
0
0
0
1
0
0
7
61
2
1
1
442
0
25
0
0
0
0
0
1
405
0
0
0
0
36
0
0
0
0
0
0
7
1
3
0
0
1
3
2
0
1
0
6
0
0
332
16
3
0
0
0
297
2
1
1
29
0
0
170
0
13
1768
0
2
0
0
3
0
0
150
0
0
9
0
3211
0
261
15
1
1
0
0
0
0
0
0
0
0
8
23
0
0
0
1
2
0
0
0
1
0
1
0
0
0
1
4
0
22
0
8
1
15
1048
0
0
24
0
1
5
75
48
1
4
6
16
1
5
4
71
0
0
0
0
29
0
5332
0
16
0
10
0
0
1
0
1
0
0
0
0
0
0
0
0
2
0
0
1
2
0
0
0
0
0
0
0
0
0
4
0
3
43
13
0
232
0
0
0
7
1
0
0
1
0
2
263
4
39
0
8
1
608
0
0
16
1
0
0
11
0
0
0
0
0
1
0
35
0
0
0
0
2
0
0
0
0
0
839
0
1
0
0
2
6
0
0
0
0
0
0
0
0
0
0
0
366
228
13
21
1
0
0
0
0
0
0
8
893
1
53
49
556
0
0
0
125
0
8
0
0
0
0
0
0
9945
1
0
0
0
1
60
172
0
0
0
0
0
0
1
0
0
0
0
0
0
0
0
27
1
0
0
0
0
0
0
0
0
3
0
40
1
5
45
247
1
20
0
0
0
2322
64
0
412
39
11
17
9
16
1
2
108
0
1
0
1
71
0
2
30
1
32
0
0
4
1141
0
1
0
0
0
0
0
0
0
0
0
0
0
0
0
13
1
0
2
0
0
0
0
0
0
0
0
23
277
0
4
110
3
1
0
0
6
0
1
19
9
6
4
1
0
2
133
2867
0
28
26
0
0
0
0
0
0
0
1
0
1
0
0
0
5279
0
1
0
0
0
0
0
0
0
0
0
0
0
1
0
289
0
0
1
1
0
0
0
10
0
1
0
16
2
6
0
0
2
1
0
3
0
0
0
13
9
36
5
1
62
74
12
5
1
0
0
0
0
1608
1
0
0
0
2
0
0
0
0
24
0
0
0
0
0
0
0
0
0
0
0
0
0
0
76
0
0
0
0
0
0
0
0
0
1
45
18
0
0
1
3919
124
148
0
0
0
0
0
33
17
0
0
0
234
553
0
0
5
3
7
0
0
0
2921
0
0
0
0
0
0
0
0
0
78
2
20
0
0
0
2
1
0
0
1
1
0
1
18
0
523
0
0
0
0
2
0
0
424
1
3
0
20
325
3
0
0
787
0
0
0
0
0
23
478
0
329
0
0
2
1
0
1
0
0
0
0
1
234
0
0
0
1
12
0
0
3
0
0
0
0
2
0
1
0
0
0
0
0
0
57
0
0
0
0
0
0
0
0
0
0
1
449
0
0
5
2
0
0
259
0
0
0
0
0
0
0
68
3
50
0
13
3
5
5
1
1
0
20
0
0
0
35
1
0
0
1
0
0
0
0
0
0
0
0
0
0
0
0
0
0
0
0
0
0
0
0
0
1
0
0
2
0
0
0
0
65
128
1
1
100
20
12
0
0
632
692
79
1
1
0
0
0
0
0
0
33
0
0
0
0
1
0
0
0
86
0
5
1
375
0
10
2
0
0
0
0
0
0
0
0
18
0
0
0
0
1
0
0
3
10
0
38
0
0
0
0
0
216
8
0
0
0
0
3
40
0
176
13
386
0
0
20
0
3082
0
1
86
2
0
202
0
0
0
13
1
38
1
0
0
0
0
0
9
0
0
2
0
0
0
0
1
0
0
1
0
0
1
0
0
11
1
1
19
0
0
65
0
0
0
0
0
0
0
0
4953
4
1
153
0
0
0
2
955
0
0
518
19
0
2
0
6
2346
2
5
4
0
0
12
0
1
0
0
0
0
36
0
92
0
44
0
0
0
0
1
0
0
0
1
0
0
1
0
0
0
0
0
0
3
0
2
0
0
3
0
0
0
0
0
45
6
2
1901
5
0
77
0
0
1
0
0
0
0
0
1
325
0
72
15
2
0
0
40
0
0
0
0
0
0
0
0
5
0
0
14
0
0
1
0
1
0
0
0
0
0
0
0
0
8
24
0
0
0
0
0
1
0
10
0
1
0
98
0
217
5
1
1
0
1
0
3
23
280
0
0
0
2
0
228
358
8
0
2
1
44
0
420
0
0
0
0
0
0
0
0
25
0
23
0
0
203
0
0
0
0
1
0
0
0
0
0
0
0
0
0
0
5
0
1295
0
0
0
0
0
0
0
0
0
0
0
21
19
9
36
1
0
0
0
3
0
0
11
0
84
0
0
0
3
1
8
0
0
0
0
1
4
0
0
0
3
164
0
121
0
0
15
0
0
0
0
0
9
0
0
0
0
0
0
0
1
0
0
4821
0
0
0
0
0
0
3
0
0
17
8
57
0
14
1
0
1
0
0
6
0
55
0
0
283
0
0
0
81
0
688
0
0
0
0
0
0
0
0
0
0
7
0
34
1
1
0
1
1
0
0
0
0
0
0
0
0
0
0
0
10
14
2
1
0
0
0
0
0
0
0
0
0
10
2
1
0
2
0
14
790
345
1
0
0
2
125
1738
0
75
0
0
1
0
1780
0
0
0
0
0
0
0
0
0
0
1773
0
0
0
0
0
1
0
0
0
1
16
0
0
0
0
0
0
1
0
0
0
142
0
0
1
0
0
0
27
0
0
1
286
4
0
0
0
0
0
0
3
1
0
0
0
180
1
4
0
1
4
444
1537
0
4
0
0
0
0
1
0
0
5
5
0
0
2
2344
27
0
0
0
0
0
0
0
2
0
0
1
1
0
0
46
0
1
0
0
9
0
0
1
0
1
1
6
0
8
184
3
18
0
0
0
0
0
29
0
0
0
0
3
20
6
4
26
0
453
823
0
0
0
0
0
0
0
23
0
0
0
14
0
0
0
0
0
0
0
6
51
229
0
0
0
0
0
1
0
0
0
0
0
0
0
7
0
14
0
0
863
1
0
0
4
0
1
4
60
0
4
0
0
2
0
88
0
1
0
6
0
1
1949
0
0
0
0
1
0
1
0
0
0
0
0
1
0
2
0
0
0
15
0
0
0
1
0
0
0
0
1
1
19
0
0
0
0
0
0
0
0
0
10
0
13
0
1
0
1
96
60
7
1
0
0
22
0
305
0
0
0
0
0
4
0
0
4621
1233
0
0
0
1
0
0
0
3
0
0
0
154
0
0
0
0
0
0
0
22
0
7
0
0
1
0
0
2
0
0
0
0
0
1
0
354
2
19
0
0
0
0
0
93
8
16
4
150
0
0
0
0
0
231
22
35
14
431
28
1
20
33
0
2
1
0
0
0
0
0
0
0
0
0
0
0
0
5
0
2
0
3520
0
0
0
0
0
0
0
0
0
0
0
0
0
0
0
1
0
0
0
0
0
1
0
132
1825
0
1
3373
0
18
0
0
0
2
0
186
0
3
1
0
0
11
0
0
9
6
0
0
0
141
0
0
0
2
0
0
0
0
1
0
0
0
0
2397
7
2
0
0
1
0
0
0
0
0
0
0
1
0
0
1
0
0
0
56
0
1
1
4
86
0
6
29
14
48
0
0
1
0
0
118
0
189
53
0
2
0
0
0
92
7
544
0
0
0
0
0
0
7
0
0
0
0
0
7
0
0
0
1049
3
0
0
0
0
4
0
1
0
1
0
0
0
0
0
0
0
0
0
1
0
0
50
6
53
1
0
1713
33
3
0
1
0
33
0
5
0
2
0
0
10
2
20
0
0
9
1
0
2
4950
0
1
0
10
0
0
0
0
0
0
0
0
0
108
0
0
0
0
0
0
0
0
774
1
0
0
0
0
0
0
0
0
0
0
0
0
10
1
1
0
15
1291
0
17
0
39
271
0
0
758
0
22
4
0
0
0
63
0
0
7
0
0
0
66
0
0
1
8906
0
0
3
0
1
42
0
0
0
473
825
0
0
0
0
0
1
0
1
0
0
0
3
0
0
1
0
1
0
0
0
0
14
0
9
0
0
36
0
0
8217
0
53
0
1
2
0
0
0
7
1
0
1
0
0
1
0
0
0
53
0
0
0
146
0
0
0
0
6
0
0
0
0
786
16
0
0
0
0
11
0
0
0
0
0
0
1
0
0
2
0
0
0
0
0
0
0
0
38
0
0
3
0
4
8
1
0
0
0
9
0
1
0
1
2
0
5
1
4
5
0
0
0
0
0
0
0
1
0
0
0
0
0
26
0
0
0
21
3
0
1
0
0
0
0
8
0
0
0
0
0
0
0
0
0
0
0
0
0
0
0
0
0
460
1
5
3
0
2
0
41
0
0
865
44
0
52
0
1
0
0
0
0
3
8
0
0
0
0
0
0
0
2
0
0
0
0
0
2
1
0
23
0
0
1
0
0
0
0
1647
0
0
0
0
0
0
0
0
0
0
1
0
0
0
0
0
4
969
3
48
53
32
0
0
0
0
0
2
1355
3
0
21
27
10
49
196
0
0
0
2
0
0
0
0
0
0
0
0
0
0
0
0
0
45
0
2
0
0
0
0
0
0
0
0
0
0
0
0
0
0
0
0
0
1
0
0
0
0
0
9720
1
0
0
274
5
56
0
0
0
0
0
61
0
0
2
1
391
0
106
0
0
1
0
1
0
0
0
0
0
0
0
0
0
0
0
0
0
4716
0
0
0
0
3074
0
0
0
0
0
0
1146
0
1664
1
0
0
0
0
0
0
0
2
0
13
14
0
1
15
0
4
22
2
0
0
0
0
0
14
0
0
9
1
2
0
4
0
66
0
0
0
1
0
0
0
0
0
1
0
0
0
0
0
0
0
5
0
0
1989
0
0
0
0
0
0
4768
0
0
0
0
0
0
0
0
0
0
0
0
1
0
2
32
270
8979
9
118
0
0
0
0
0
120
0
1
86
12
3
586
19
6
0
0
0
0
0
0
0
0
0
0
0
0
0
0
0
0
0
0
0
4
0
0
296
0
0
0
0
0
0
0
0
0
0
0
0
3536
0
0
0
0
29
0
2
9
3
0
24599
32
0
0
655
0
0
0
0
0
1
106
55
45
125
697
22
10
236
0
1
1
0
0
1
6
0
0
0
0
0
0
0
0
0
0
0
3036
0
0
13
0
0
0
164
0
0
0
0
0
0
0
0
94
0
0
1
0
0
0
0
276
1
0
0
4
16
0
33
0
1
0
0
29
0
19
0
0
0
1
4
0
28
0
1
0
0
0
0
48
0
0
0
0
0
0
0
0
0
0
0
2
0
0
0
0
0
1
12
0
0
0
0
0
0
0
0
691
0
0
0
0
0
6
0
11
30
7
1
0
0
0
0
0
0
0
0
6
5
6
0
0
6
77
26
1
4269
2
0
0
0
1
1
0
0
2
0
0
0
0
0
0
0
0
0
2
0
0
0
0
0
0
381
0
0
0
0
0
1
0
0
0
0
0
0
0
0
0
0
436
19
121
1829
18
0
371
1202
0
0
0
0
0
132
0
0
1
27
0
22
0
277
13
144
0
0
2
1
0
0
0
0
0
0
0
1
0
0
0
0
69
0
0
0
0
0
0
0
0
0
0
0
0
0
0
0
0
0
0
0
0
0
0
0
0
8
0
0
0
0
376
4
23
1
0
0
0
0
1
0
0
0
2
3
1
0
0
0
1
0
0
0
0
0
2
0
1
0
0
0
0
0
0
1
0
0
0
0
0
0
2
0
0
0
0
1
0
0
0
0
0
0
0
0
0
0
0
17
0
0
27
0
65
14
0
3
22
4
0
0
1
278
0
0
0
0
114
0
0
1
0
4210
0
0
0
0
0
0
21
0
0
0
0
0
0
0
0
0
1
0
0
0
0
0
0
0
0
0
0
0
0
0
0
0
0
0
0
0
0
0
0
3
0
8
525
0
0
1
6
4
0
0
0
0
2
1
0
1
0
0
63
1
0
0
1
44
0
0
0
0
0
0
1
0
0
0
0
0
0
0
0
0
0
13
0
0
0
0
0
0
1
0
0
0
0
1
0
0
0
0
0
0
0
0
0
17
1978
606
0
0
2196
0
1
1
0
7
0
0
12
6
3
48
3
0
1
0
0
996
21
49
2
7
0
1
0
0
96
0
0
0
0
0
0
162
0
0
0
0
1
0
0
0
0
0
0
0
0
0
0
1
0
0
0
0
0
0
1
0
0
0
0
0
1
0
24
86
31
3
485
0
0
0
3
1
0
0
0
1
0
0
0
0
0
0
0
0
0
0
0
0
0
1
14
0
0
1
0
1
0
0
0
0
0
0
0
0
1
0
0
0
0
0
0
0
0
0
0
1
0
0
0
0
0
2
9
11
0
0
5170
95
0
3
17
0
1
4
42
9
21
0
108
8
41
627
0
0
0
0
0
28
0
0
0
0
0
0
27
0
0
0
0
0
2
0
0
0
0
0
0
0
0
0
0
0
0
0
0
0
0
0
0
0
0
0
0
0
0
712
0
4
50
1
0
4
500
12
0
0
0
0
2
151
30
1
11
0
3
0
45
0
0
0
0
0
0
3
0
0
0
0
26
0
5
0
0
0
0
0
0
0
0
0
1
0
0
0
8
0
33
1
0
0
0
0
0
0
0
1
0
0
0
0
0
0
0
14
1586
129
22
28
8
0
0
0
0
0
0
2
143
1
13
0
0
320
0
0
0
9
0
0
0
0
0
0
36
0
0
0
0
0
0
0
0
0
0
0
0
0
0
1
116
0
0
0
0
0
0
0
1
0
534
0
0
0
0
1
32
0
34
161
8
1
4
0
367
0
0
0
76
0
0
6
2
0
9
32
0
0
0
1
0
0
0
0
0
0
0
0
0
0
0
0
1
0
0
0
0
0
0
0
0
0
0
0
0
0
0
9
0
0
0
0
0
0
1
0
0
0
0
0
4
3
167
6
183
0
853
519
3
0
0
0
0
74
0
0
22
0
0
0
0
6
0
0
0
13
0
0
0
0
0
0
0
0
0
0
0
0
0
0
1
0
1
0
0
0
1
0
0
0
0
0
0
1561
0
0
0
0
0
0
1
0
2067
0
0
20
0
0
0
9
2
7
0
0
0
0
0
60
4
46
1
0
0
1226
0
1411
1
0
0
0
0
1
0
0
0
0
0
0
1
0
0
0
0
0
0
0
0
0
0
0
1
0
0
0
0
58
0
1
0
0
7
0
0
0
0
0
2
0
254
4
0
4
65
26
56
0
0
1
1
0
3
0
0
91
27
2
0
289
0
0
156
0
0
42
9
0
0
0
0
0
0
0
0
0
0
0
0
0
0
0
78
0
0
0
0
0
0
0
0
318
0
11958
0
0
0
0
0
0
0
0
0
1
2
3
367
3
2129
0
5
26
4
0
0
0
0
1
0
0
0
1
2184
22
45
2
0
1
0
0
0
0
0
0
0
62
0
29
1
0
0
0
0
0
0
0
0
0
0
0
0
7
0
0
0
2345
0
1
0
0
0
0
0
0
0
0
0
72
580
1
4
1
1
0
6
0
6
0
0
0
18
8
15
0
0
385
5
1097
0
29
475
2
1
0
0
0
8
0
4
683
0
0
0
6
0
0
0
0
0
0
5385
0
0
0
0
0
0
0
0
47
0
0
0
0
0
0
0
0
0
1
0
0
0
0
14
1
109
0
1
0
17
0
0
0
0
0
3
0
3
0
135
8
0
0
99
0
0
0
0
0
0
0
0
699
0
2
0
10
1
0
0
0
0
0
107
0
0
0
1
2
0
0
0
0
0
0
0
0
0
0
0
0
0
0
0
0
329
8
0
1
1
6
5644
0
0
0
147
0
3
0
0
1
304
6
0
0
0
51
75
0
0
0
0
1
12
0
1
0
0
3
1
0
0
0
0
0
0
1
57
0
0
0
1
0
0
0
0
0
0
0
0
0
0
0
0
0
0
0
0
2
0
4
0
81
1
3
0
0
0
1
449
0
0
0
0
4
0
0
0
63
2
0
73
0
0
0
0
0
0
0
0
0
0
0
0
0
0
0
0
0
0
0
0
0
1
0
0
29
0
0
0
0
0
0
0
10
0
0
0
0
0
0
0
0
13
0
0
0
0
15
2
426
2
0
199
59
0
184
0
16
2
50
0
3
3
0
1
0
0
0
0
0
4
0
0
0
0
0
0
0
0
0
0
0
0
0
0
0
0
0
0
0
2
0
0
0
0
0
1
2
0
0
0
0
0
0
0
7
1
0
18
0
55
0
7
16
3
0
0
1
0
0
1
358
0
1
0
58
0
2
0
0
1
0
0
0
0
0
0
0
1
0
0
0
7
0
1
0
0
0
0
0
0
0
0
14
0
0
0
1
0
0
0
0
1
0
0
0
0
0
0
8
0
1
0
0
4702
7
5041
0
0
0
0
0
586
7
1
0
236
87
0
5
1
0
1
0
0
0
0
0
26
0
1
0
2
0
0
0
128
0
0
0
0
0
0
0
0
0
0
0
0
0
1
0
0
0
0
0
0
0
1
0
0
0
0
15
123
4
4
9
0
0
0
2
0
0
0
1
0
290
0
7
0
0
136
257
0
1200
54
0
0
0
0
1
0
0
0
0
0
0
1
0
1
0
0
0
0
0
1
2
0
0
0
33
0
0
0
0
2
0
0
1
0
0
0
0
0
0
1
0
0
20
3
0
9
0
0
0
0
0
0
0
0
29
8
0
0
0
3595
25
0
6
0
0
0
0
0
2
22
0
0
0
0
0
1
0
406
0
0
0
0
0
0
0
0
0
524
0
0
0
0
0
1
0
0
0
0
0
0
0
0
0
0
0
386
0
19
0
24
0
0
0
4
0
0
0
199
68
0
58
0
41
0
17
0
0
0
0
0
0
0
0
0
0
1
0
0
0
0
0
0
0
0
0
0
0
0
1
0
0
0
0
0
0
0
2
0
0
0
0
0
0
0
4
0
0
0
2
0
0
1
459
0
222
3
0
0
0
0
0
0
2851
139
0
101
2
3
51
0
7
0
2
0
0
2673
0
0
0
0
1
67
0
0
0
0
0
0
0
0
0
0
1
0
0
2397
0
0
1
0
2
0
34
0
0
1
0
0
0
0
0
0
14
2
0
0
2
0
0
434
0
2
522
0
0
1335
41
53
0
0
0
264
530
0
1
0
0
0
1
2
0
0
0
0
0
20
0
1
0
0
0
0
0
5
0
0
0
0
0
2
0
0
0
0
2
0
0
0
0
0
0
0
28
0
0
0
1
0
0
3
11
0
0
3
368
0
167
0
0
2
7
0
1
0
6
11
0
4
0
0
223
1321
0
0
0
0
0
0
0
0
0
0
0
0
1
0
0
75
1
2
0
0
0
0
0
0
0
0
0
0
0
0
0
0
0
0
0
0
0
0
0
3
10
8
17
901
38
781
5
8
1
0
0
87
9
1
2
4
468
0
1
8307
43
0
0
46
0
0
0
0
0
2
0
0
0
0
0
0
0
0
0
26
0
0
0
0
0
0
0
0
0
0
13
0
0
0
0
0
0
1
7
0
0
0
0
0
0
2
16
34
3
0
0
0
0
2
15
29
1
0
1
5
0
0
2
1
211
1
38
0
0
0
0
0
0
0
0
0
0
109
0
0
0
0
0
3
0
0
0
0
0
0
0
0
1
0
0
0
0
0
1
0
0
0
0
1
1035
1612
75
368
225
38508
185
10412
185
163
3309
12057
3775
11658
25577
12859
4238
67
3
5215
14066
1612
140
1612
302
18700
1612
1731
559
163
26463
17131
16611
4498
13304
164
21076
6
169
20208
1887
440
11374
225
1197
9897
15
0
3395
42
662
10
9705
1612
766
16
8378
6400
44
163
5519
5564
13601
2816
136
11
0
1541
31
5311
2233
281
2194
1360
0
3
16995
10
3
43
0
4551
42149
709
4308
11
1051
11
517
9392
11
13421
3914
3257
2
234
2627
618
2
492
7
6733
6955
4
40
595
1914
19
5971
18254
17
91
26
353
88
158
7
1023
38
9678
3
76
2
1734
10445
4612
4
2904
0
30
111
5800
394
70
2
31886
0
22
0
4960
0
289
0
90
86
4459
0
3
35
0
17
0
4952
199
0
8
2
7
1
62
17
3
1
262
4596
23185
8
738
130
1
1
1
113
0
93
4869
0
0
18331
0
3311
75
196
135
366
93
1381
0
4
69
85
4
6
48
31
562
1
0
2
66
0
23
35
33
43
0
8888
2867
115
5
177
1
5962
26
0
26
0
69
0
3
2
104
0
0
12475
0
3
171
329
4309
2
212
21987
8
22
13
2787
52
99
3621
42
108
0
163
6
0
9
88
0
5613
10
2551
9950
17545
2
2986
1
36
0
0
8
31
64
881
4
2528
709
563
32
7647
78
0
0
142
2939
0
4
196
5
1565
2
0
0
111
0
491
633
0
303
442
116
2
0
79
467
0
304
28
2
0
0
9
9796
549
27
197
5
0
1
611
155
2132
81
2
1
3
3483
11
1
438
0
1
4
0
381
498
811
12
70
83
3
2
175
237
2
253
3325
6
4
1
0
0
0
0
0
0
0
23910
0
0
2
1117
0
3
153
1828
4
47
233
22
8396
15673
3
13
107
0
4
375
261
3
14
82
1
558
64
237
26
194
0
0
107
13
0
1
0
352
209
1
0
1
8
187
7
106
177
595
5649
0
3
0
8
4
11
34
1451
2622
30
7328
0
0
0
17355
874
221
4
0
5
11
379
33
42412
122
0
161
1
371
10
2071
2240
24
52
0
0
132
1
3280
7
41
4684
165
0
1
8
4513
15
1
3
4
1
0
0
43
0
512
323
91
2
1
21
1458
0
55
0
806
0
466
0
16
1213
0
4
1
67
183
119
12
1
0
0
1
2
1
60
0
1926
0
8
19
262
12379
13
22
27
0
3073
2
0
0
6
0
2
0
4
48
225
1
0
61
19
1
630
89
44
367
1980
78
0
19
0
6
13
20
11375
5
0
1
1
2
7971
1
0
0
14
0
43
235
85
532
57
1713
0
0
0
6830
16
3
0
14
55
118
1741
2
164
0
2
0
0
1
154
19
0
52
9
314
33
0
50
15538
100
204
0
79
865
1
0
154
42
0
0
0
0
4
0
11
0
16
0
0
188
15
51
1
1460
0
2
0
3
0
391
12
0
228
437
34
4193
0
1670
1
83
2435
8633
452
0
458
4
0
0
131
8
1
1376
0
0
0
1052
0
3
499
3
0
2
383
2
0
0
6424
1
1
236
7
1
1
0
0
12
160
894
0
0
0
4
172
99
1155
3
37
0
11
468
0
1
2
0
0
2
61
940
144
5305
111
0
0
1
38
4
0
0
3
7
1
1
0
997
0
25
0
7
2357
531
0
6276
1250
7
2
1
554
0
2
515
0
6459
12
91
9
0
166
0
0
23
0
2283
630
38
0
7752
8
0
0
170
0
808
0
0
2
0
26
0
0
803
199
4
264
8
8607
0
55
2
5
0
1032
0
1
0
69
991
0
61
8
1
1
0
1
0
7143
0
8
10
31
1
5
3094
1
86
1386
3858
220
0
4
0
2307
1
3
16
1
1035
1443
0
367
1
5545
0
0
82
24
1
0
0
365
0
0
1
1
3
0
9039
126
36
1
16494
0
0
9
0
9
96
1
1
28564
3
0
0
0
231
0
0
4
0
198
557
15206
1
1
316
4
11
1
4
58
7
1072
3
203
3
2
106
1453
7220
0
0
94
0
320
60
45
1
1
4
85
8
1
0
0
0
0
36
100
0
8
37
26
0
548
0
10
0
4
0
1
145
0
2249
262
2
1559
1
191
135
1
8
4
0
0
835
10
16
1
0
1447
734
8
12059
45
18
488
1
3
802
0
0
2
0
0
0
1
0
1
25
1
38
9
1
682
0
0
0
14
0
0
87
0
2
2
4
3
92
11
0
13
2415
0
0
125
117
145
0
13
0
2
376
0
6307
0
0
0
3539
0
5
745
9
1
71
0
95
4
16
64
0
1
0
31
2
1332
0
0
5
3
81
28
0
4
367
1653
0
1
0
0
216
0
0
1
16
224
0
0
38
39
0
12
171
1
1
0
4848
196
11
505
0
244
0
0
0
0
0
40
21
0
1
0
8
9
6642
354
1592
0
1
2
4
0
9
1007
13
0
851
1
1
20235
0
0
0
96
3
5
1
15
3
220
0
3
0
14
734
1
21
3
0
3
0
1
2
8563
334
1
2
2
4
1
607
2
66
1030
42
250
0
0
1
0
0
1265
0
0
43
11
55
3
0
4
36
1
0
0
1
0
0
6
5
7
0
987
0
5
159
1
0
1
6
5
17
2711
4
0
4
0
24
0
0
3
0
0
0
0
0
2
0
6
3
23
530
0
47
3
1
0
2
76
83
0
5
0
21
0
0
207
3
4716
0
0
25
0
0
0
4
102
0
43
27
1
5
129
12
18
34
13
0
0
3
22
0
0
33
14
4
21
1
0
0
0
2006
3
33
0
0
0
203
2
5
0
1
0
0
9
0
20
17
53
0
127
196
2367
0
0
0
0
8
0
0
6
1
0
0
34
0
0
2
1
0
0
81
10018
153
19
0
0
0
350
8895
0
8
507
0
0
286
17
1
272
3
5
4350
7
934
39
1
0
8
0
0
0
18
12
1840
3
1
0
0
1
117
1
2
788
122
5029
0
178
0
112
0
0
13
154
22
154
0
0
0
0
31
0
117
546
0
0
0
10
1297
18
204
7
0
2
138
1
0
0
0
0
7
5
1
2
3618
115
97
4051
6
14
0
120
0
1
0
1
0
0
1
34
0
0
11
0
4
75
0
0
2
78
0
28
2177
0
0
3
27
10
0
0
0
0
2
0
0
23
0
0
90
56
3
12508
4
603
0
0
1
101
14
282
1
0
21
0
0
109
0
1
1066
0
0
0
0
2055
67
14
0
0
0
0
7
0
0
1
6
0
55
0
2345
122
0
0
98
7
2
0
282
34
4
1
0
436
5
2
0
0
0
0
224
10
340
4685
28
0
0
0
0
1
20
11575
61
78
1
118
1
137
0
0
0
0
102
7677
837
7
1
2
1
1085
22
17
0
0
327
101
233
1
0
308
0
0
0
55
1
22
29835
15
0
0
0
36
0
5
0
0
529
0
12
278
0
13
138
198
0
0
7
0
0
5
0
3
0
611
115
30
0
47
0
0
1
0
0
1
0
12
0
35
1073
3
41
2
1563
0
625
13
10
2
0
0
2
2
0
0
63
1
0
8
3
491
1979
1267
0
33
0
0
0
23
0
0
6
647
0
57
1
0
44
4
132
0
2
0
15
0
17
3224
7757
2
749
2
892
1
0
724
0
0
1
1
0
0
17
1
8
34
3
164
0
1172
33
1816
1
0
0
2107
0
0
20
650
111
1
0
1
309
8675
3
0
0
1
0
0
0
6
0
0
5
3
0
5
0
14
1
10855
1
0
0
0
236
15
6
0
0
0
1
2
147
11
0
3
305
0
2
1
1
4
5
1
11
2
4
2403
85
1309
245
511
0
1
0
1
0
5
0
0
628
0
120
0
137
45
13
0
2
0
42
0
1
482
0
0
72
1
0
41
27
1
0
8
14
0
3
259
2
1
0
137
3
51
6
3
0
20
8
56
0
0
0
3
102
0
0
341
0
0
0
12
108
7
1369
6
0
0
0
127
4
0
0
2
0
0
1
2
0
0
0
4
1
55
4
86
1
1
541
2337
13
76
0
1
0
4
0
1066
0
35
4
0
0
4
32
11
94
66
0
2151
9
39
1
3
16
2
6
0
75
0
2
2496
1
178
0
0
0
22
1
3
0
0
0
3
5
158
0
102
0
0
21
0
16
0
503
0
31
2
0
7
51
7
0
17
1
3
0
0
0
0
8
20
1650
3
0
1458
0
0
0
1
0
111
1
0
0
0
1
2710
0
78
0
87
0
2500
1
21
1075
137
1
87
0
4
0
15109
7
1
29
0
45
575
0
2937
0
2
1250
0
348
0
1
0
79
0
10
0
1719
1429
2
7
976
1
117
1
1
0
166
0
95
0
20
10
4
23
8657
0
0
5
6
0
15
8
1
207
3
0
276
21
2048
794
0
0
938
15
4089
60
13
242
186
2
0
17
0
0
0
29
1
1
0
76
2660
0
14
0
0
8
8
232
70
0
3106
0
0
7
0
1767
10
0
0
0
0
7
137
0
0
2
14
0
189
209
5958
1023
0
12
2
308
347
22
0
1
526
100
0
1
0
4
0
0
3
27
7
15
0
0
2
2299
231
0
0
0
1
0
4
14
7
0
1
0
119
113
75
176
2
0
328
2923
0
6
0
0
508
0
6
0
8
1
1808
2
0
0
31
25
17
0
0
0
157
277
1061
11
2
1908
0
3
15
0
986
0
0
1
14
3
3
7
265
0
0
14
2318
45
9
5
3
0
1
1573
0
12
0
0
0
0
8
8
5
14
0
13355
2
4
0
20
0
0
0
0
1
1
0
0
23
0
0
1
0
1
9
0
0
0
3
1
0
0
0
411
0
173
0
0
46
2
0
21
1
8
26
83
0
0
0
0
18
2
82
0
3
0
2
1718
0
3
0
7
0
0
1
3
0
8
1
0
190
2
3
169
0
0
0
0
0
56
0
0
0
0
0
2
0
0
8
0
5
1
0
80
0
0
0
2
1
1
0
0
119
7
14
2881
51
100
133
0
69
1
104
0
3
521
0
0
0
0
0
43
0
41
0
0
1173
1
473
0
0
1
0
0
487
2253
1
4
0
0
3
0
0
1082
5
0
0
0
286
0
2
0
3
0
3
0
144
0
6
0
3
2
0
0
0
0
2
0
3
0
1
0
38
0
24
0
740
0
1
354
20
0
0
1
2721
4
1
4
0
158
0
4
35
2380
1
0
0
0
1
8
0
1
4
0
3
0
0
10
0
0
334
0
3
23
2
0
0
341
369
0
22
0
0
1
8
822
101
0
0
18
1
1
1069
71
3
0
6
0
12
7
213
8372
613
0
4
2
0
0
0
0
0
4
0
9
0
1
0
0
4
1
0
3
0
0
3
28
0
9
0
0
0
0
1
0
11
0
252
0
0
0
6
22
18
4
62
0
188
153
0
107
0
1
2
0
1
59
265
204
0
40
2
234
0
4
10
0
0
170
10
0
5
0
3
1
74
0
1
0
0
48
0
14
2
34
0
0
0
0
5
0
0
0
29
181
0
0
0
39
1
388
1
1
0
1
221
1478
1
288
0
0
0
0
0
0
22
13
0
0
0
855
24
0
0
1
0
35
53
0
219
1
80
10457
15
1
0
0
132
0
0
21
76
5
2
2
85
461
28
18
1
2
0
4
0
0
0
0
10
310
0
0
0
0
157
19
492
0
0
1
2
1
131
1
0
0
8
2
15
2
4156
125
0
0
0
0
0
1
2
241
5
0
36
21
90
28
183
6
0
19
2
2
19
1
0
36
7
5
0
1
27
0
131
8
1
445
5
0
3
0
0
0
0
14
0
0
0
0
0
0
1
0
4
0
769
1
153
3
1
1
10
255
0
142
7
0
1
0
11214
42
1
81
0
9
135
1
7
968
4
4
21
5
0
1
0
0
0
0
51
0
844
2
0
0
0
0
0
1
27
0
547
38
0
0
0
0
1
1618
0
0
0
4
197
0
227
161
0
0
64
5
124
0
105
4
0
10
0
1484
0
0
2
1
0
39
52
14
0
0
0
0
188
0
42
22
0
20
0
378
12
51
0
0
0
0
65
7
0
0
5
0
0
0
918
185
0
1
1
0
94
0
3
43
0
6
0
0
10
959
0
0
1
0
14
32
0
100
0
16
7722
0
0
0
2257
1
0
1
0
1
58
0
592
412
0
4
3
4
41
36
0
28
0
0
0
0
0
0
7
0
3
10
10
0
0
0
0
60
19
24
0
5
1
0
0
50
0
0
0
0
19
241
77
0
0
7
0
1
31
365
0
0
0
2
14
0
0
3
9951
3
52
0
1
40
3
0
1
6
1
1
0
1
116
0
0
0
0
598
417
0
0
23
0
0
9
0
1
0
26
2
0
8
15
85
2
663
0
0
0
0
0
0
4
3
116
1
1
10400
0
0
6
0
6431
186
0
0
3
59
333
1
0
4
0
0
0
33
5516
3
0
0
0
5
0
0
1
0
13
0
69
0
98
0
27
110
13
0
20
0
251
695
0
0
1425
5
0
0
3
0
2
1
1
0
0
0
6
357
0
0
44
40
0
363
130
0
0
874
13
0
331
136
0
3805
38
7
15
0
2
1
0
0
41
3
0
9
0
15
3
0
0
1
21
26
1
1
0
1
3112
0
0
0
0
0
0
1
0
0
17
18
0
0
1
0
2998
0
0
0
0
0
1
8
0
4
0
133
0
25
1
0
1882
1
84
3
0
4
14
4
36
6
4
0
1464
0
120
6
4
2
20
1
0
0
0
0
0
0
0
4576
0
0
0
61
571
3
0
4
10
0
246
0
0
0
22
21
2
0
1930
25
8
0
670
0
0
0
1
14
0
15
0
1
314
1
3
57
3
0
0
0
0
12
1
4
4
162
394
42
3
2
0
31
12
0
2
1
0
20
8
3
3068
0
0
0
0
2633
0
2643
0
0
0
116
0
0
433
0
239
0
1
0
0
4
166
0
3
0
0
0
0
0
5
0
0
0
0
39
0
453
0
0
307
0
0
22
3
1
0
1945
71
4
0
65
0
0
0
419
166
4
0
0
0
0
0
1
5
4666
2
192
2123
33
0
2
0
28
0
2
43
0
1
0
0
0
7
5
4
34
17
0
0
36
92
18
0
0
0
3
59
2
0
40
0
0
0
14
479
1
0
0
122
0
0
569
457
0
2
1
0
1
0
0
1
3
14
0
0
58
0
640
0
56
26
1
0
32
0
0
0
0
1
0
0
0
4
4
0
0
4
2
1
5
39
0
1
1
0
0
0
0
113
948
0
0
0
1
0
0
0
0
0
7
0
0
3
4
361
82
4
30
0
5
0
0
24
0
8
0
14
3815
0
5
0
1143
1
0
556
0
0
0
12
1671
3
15
1
0
3
0
22
2
0
4676
0
0
57
1
1558
44
2
10
0
0
0
0
1
4
5
233
0
0
0
3
184
0
0
0
1
0
5
0
10
0
0
15
2
69
0
4
0
0
3
13
1
4241
0
26
0
9684
36
14
686
0
9
0
11
1276
0
0
0
10
3
1
1
0
0
0
122
2
16
0
3
3
7
36
0
0
0
0
24
0
0
0
0
1
18
5
0
0
0
0
0
0
2
7
246
0
0
5
41
14
0
0
9
0
1
0
8
1
0
2
0
360
16081
0
0
0
17
0
0
87
1
13
35
15
0
0
0
77
0
0
135
0
0
0
1
0
1
1
24
0
0
0
1
0
0
0
0
0
3
0
0
0
2
0
10
4060
1
0
0
155
0
26
1
0
0
6395
0
1
17
0
118
15
2
0
22
2
0
2
0
346
1122
0
0
1
0
0
0
154
0
3
0
24
53
1
52
0
0
18
8
0
0
0
48
0
0
0
2
47
0
6
0
1
0
1179
0
0
0
1
304
197
7
143
0
201
1
0
0
0
3
1404
30
0
0
11
230
122
0
1
165
7
248
0
1
0
7
0
0
0
78
45
10
0
0
51
0
5
0
0
2
14547
17
54
2
0
186
1
18
0
0
0
1
0
0
2
364
0
145
0
0
0
1
1
0
0
1
0
1
1
2
1
1326
3
0
349
0
0
27763
1
40
1
1
0
169
3637
10
0
1
1
3
3
0
36
0
3
0
0
0
1
0
144
1
0
1
0
0
0
0
0
28
33
0
0
1
0
0
1
0
3
0
1741
30
5
0
0
0
1
7
80
15
4
38
0
1397
350
0
2
0
0
28
0
0
0
0
0
81
0
9
9
83
0
7
0
0
0
0
2
1237
0
0
7
0
0
0
22
0
0
145
0
0
0
15
0
2
0
81
0
0
0
117
0
0
0
0
160
0
3
9
0
63
0
3
25
1
1
0
55
2332
0
0
359
0
0
2
0
14
140
0
0
41
0
185
2230
0
1
1
0
966
0
1257
0
0
0
0
4
3
62
0
8
248
0
1223
5
0
4
5
0
17
0
861
0
56
0
1
0
0
0
0
13
0
102
0
0
0
3
0
5570
1
13
13267
20
70
0
4
24
1
0
0
3
0
2
22
0
0
0
639
201
0
1
0
0
134
1
0
1
0
0
0
0
0
1
0
473
0
0
3
36
3
0
2
0
1387
0
0
0
0
590
2
0
0
0
0
0
2
0
0
0
1167
0
2
142
2
2
76
56
0
67
0
0
0
2
0
0
0
0
2
1
0
0
45
0
7411
17
9
1343
0
0
0
1
0
0
1
1
0
383
1
0
2
0
0
0
0
0
5
19
17
1
0
0
7
0
53
0
2
12
0
1
0
2
0
0
0
40
3
4
0
988
23
2072
4
1
2
1
1
0
0
0
324
0
78
0
1
0
2
0
3
0
0
29
1
0
0
0
0
0
0
0
0
11
12
1
0
21
485
248
0
12
32
263
11
0
6
0
6
678
0
0
0
2989
0
1
53
0
0
130
0
7
1
833
371
0
27
0
90
2
0
1
17
1
0
0
1
62
49
0
141
1
3246
0
17
79
1
5
0
195
0
0
1
1
0
4
1
0
0
21
3
4
37
3
1
172
71
0
3
0
261
0
0
0
0
0
0
0
0
0
22
0
0
0
0
2
1
2
311
0
10
0
84
19
213
1
1
0
0
0
0
2
0
3
275
4217
894
1
3
14
0
9
1
1
0
0
0
0
0
0
0
74
38
0
1
2
24
0
7
9
0
346
10
1
0
6
1
1
1
25
0
7
0
449
16000
0
12
0
0
1181
0
1
3
2
58
0
3578
0
3
0
305
73
7
0
0
58
22
0
9
38
15
3
3
2
0
4
1207
0
32
5
1
0
0
0
574
1
0
0
4
0
0
0
0
0
8
0
355
0
0
43
0
0
0
0
0
1
2493
532
828
1588
0
0
1
0
198
23
66
1
258
9
0
6
1
1
0
0
0
2
0
0
209
0
0
6
45
1
2222
14
37
46
3
1
0
0
0
0
4
0
0
0
0
0
0
117
0
0
0
1
192
0
0
1
0
0
0
0
204
0
11
0
2
42
0
8
0
0
0
0
521
1
4
4827
245
1
1
2
2
34
696
1236
0
0
0
15
55
0
0
9
7
0
3
2428
65
5
1
52
0
0
122
1
0
9
0
1
0
5
0
1
1
0
1
2
4
0
5
3
3
522
1
1
4780
0
0
10
3
51
15
0
0
0
1
0
19
1
0
1437
3
0
1
0
0
2
0
0
0
0
0
0
2
0
0
2
2
541
0
0
1
107
1
32
0
3
0
0
0
0
0
0
20
11
2
0
1197
0
6
16
23
0
1
69
0
0
0
0
0
7310
2
241
0
220
1
16
0
188
0
0
3
1626
2
9
113
524
0
32
163
0
2
0
1
0
0
2
0
0
3
12
0
1794
1
0
2
1
0
0
0
43
0
540
0
912
0
8
0
0
0
1
2056
0
16
1
0
0
0
3
0
1
0
0
61
1
0
0
0
0
3
6
0
0
111
1
0
0
0
117
0
1
1
9
5
44
10
0
0
0
4624
65
50
0
0
1
3
1
23
200
2
0
1
17
0
1
0
0
0
14268
8
1292
407
59
0
20
0
0
8
45
0
0
1
12
0
0
0
0
58
70
0
0
3
0
914
0
26
2567
0
0
22
11
850
126
0
0
20
3
0
1
0
0
551
1
0
171
11
0
543
0
2206
0
96
1
7
93
106
370
59
0
3
0
0
0
0
0
0
285
3
0
162
1
10
6
0
0
1
13
7
0
0
0
63
0
0
0
0
1
0
0
0
3
0
0
14
1
12
0
0
3
0
0
0
0
0
1
0
167
2
0
0
6932
0
1071
2
0
0
2
0
2
3
4
0
0
0
0
1
0
0
0
0
0
8
130
3923
6
3
0
1
0
1
0
6
1
0
0
0
6
0
1
0
0
59
0
0
20
0
0
0
0
0
12
17
56
3
102
2
1
0
0
0
0
1
0
0
1
0
2
6
3
6
0
1
0
13
10
0
4
0
0
0
0
0
0
1
0
1
479
2
0
107
1
0
0
1
3
1
0
0
0
11787
0
0
1
182
1127
3
737
0
36
3
0
6
1
1
14
1
734
1
1
148
14
3
0
0
37
1
17
6
0
1
3
1
19
0
0
0
0
21354
223
4
9
2
8
0
0
0
0
10
0
3
3
1368
19
9
0
2
0
1
1
7
0
0
0
31
0
0
0
2
467
1
113
0
191
0
1
2
94
0
0
0
0
289
72
2
1
0
0
0
0
0
0
73
0
0
0
6
0
0
90
0
0
1
0
21
411
2
0
0
3
1
0
0
0
0
2
0
519
0
1
0
0
53
0
1
0
0
0
176
0
0
0
0
457
1587
0
0
2
0
1
0
0
1
0
54
5
0
448
22
0
0
99
12
1
0
311
5
0
4
0
0
7302
0
45
12
0
0
0
0
0
0
0
0
0
2
0
0
0
2
27
65
1113
55
0
24
0
1
54
0
0
0
0
0
0
0
0
0
0
0
85
4
0
1
0
32
1
0
6
0
3
0
4
8
0
0
0
0
0
95
0
3
0
28
0
0
1
12
2
1
1
0
469
7
0
23
0
1
0
0
0
0
0
597
0
1
3
0
0
0
0
6
3
0
0
0
0
3
1
1
0
0
0
78
0
0
0
2
15
878
11
0
1
63
1
58
3
0
731
0
0
0
0
9
2
40
0
11
0
4
0
717
43
0
0
0
6
2
5
0
0
151
0
5
0
0
0
0
1
0
0
23
1
0
0
1
1
0
0
0
0
1
0
0
0
0
0
14
212
0
0
0
0
99
0
4517
0
3
9
0
0
12
2
0
0
0
0
0
0
40
0
178
7
1
1
0
6
75
0
0
0
3
3
311
2
0
60
0
1
0
0
0
0
87
15
1
42
89
0
10
1
184
0
0
0
0
15
0
2052
1
1
340
62
23
41
14
144
2
6264
126
4
6
0
1
4
104
1
0
1
1
0
312
1
1
1
0
5
565
0
65
0
5
0
15
0
1
0
707
2
2370
0
279
12287
0
1
0
3
0
4
0
102
18
0
0
1
0
0
0
2
1
0
0
164
0
0
0
4
64
0
0
262
0
0
3
92
137
0
1
0
0
7
0
0
2
1
0
7
0
281
1
0
406
4409
0
1
1
2
55
0
0
1
6
0
3945
205
8622
1
0
33
118
10
76
0
1
2
6
0
0
2660
12
0
0
0
193
0
0
6
193
50
1
1
45
0
312
0
0
0
32
0
3
6
324
15
0
1
0
0
2
72
0
2
84
1
0
0
5
42
0
1
2
14
0
387
0
0
0
5
60
0
28
0
1
1
0
0
30
2
0
0
0
0
0
1
0
0
0
0
1
0
10
0
0
18
0
3
0
0
36
0
0
1
0
292
7
0
26
1
0
45
0
1
0
0
2
6
4934
0
2
0
0
118
0
32
173
2
54
1
3
4
0
0
0
0
6
2
46
71
0
1833
59
0
56
59
4
11
10
0
0
0
0
0
0
0
3
278
1910
171
1
1081
169
0
181
0
93
3
0
3
0
4
0
8
8
3
0
3
4
53
0
0
0
0
1
0
2
3
2
379
28
2
274
2
1
0
0
3119
0
0
0
9
0
0
0
6
6
7
84
64
4
17
0
1
0
0
0
0
5
0
0
1
9
0
364
14
0
0
0
0
23
131
94
258
0
0
0
0
160
32
0
0
0
23
0
0
0
0
2
0
3
1
3
0
137
18
1085
0
0
0
0
0
0
0
0
41
578
0
0
0
0
3
1
0
5
18
3
0
30
1
0
0
1
2
0
0
0
0
0
0
2
48
0
1
0
10
0
46
2
4
267
153
1
30
2
15
18
1
0
0
3349
0
15
0
1
0
400
5
67
53
909
0
0
0
0
3713
0
2
0
605
0
124
0
17
0
53
2
4
4
1
4
0
31
0
0
0
482
0
0
10
0
1
0
0
0
0
0
0
1657
52
4
3
8
1
0
0
55
20
0
0
506
0
0
1436
0
0
74
0
0
3
3
2
23
0
3
0
0
2
0
36
1
0
0
0
0
6
3397
0
0
0
6
2
484
66
8
96
0
0
0
0
1
0
0
0
1
0
55
144
0
0
0
0
705
0
403
37
801
0
1
7
0
1
0
261
38
710
0
16
0
0
1
0
2
52
1
293
6
0
1184
177
0
0
0
0
0
0
1
97
0
0
625
166
0
11
21
0
28
2449
449
0
0
0
0
0
1
31
0
0
0
23
1
0
0
0
1
0
0
1
1455
4
348
229
0
0
3
0
7
726
0
1060
0
4
1
0
2400
492
2
44
0
19
4
0
110
30186
378
1
1
0
0
0
0
0
21
106
18
6
0
7
0
0
8
0
1316
0
0
0
0
0
841
0
0
0
0
88
0
3
104
0
0
0
0
0
5
0
24
3995
3
290
2326
0
66
15
0
1029
0
16
112
0
77
0
5
4
0
0
99
12
1
3837
0
0
2
0
0
61
0
5887
0
0
5
0
0
89
6
17
2
50
0
0
28
0
0
0
2
3
0
1
0
0
429
0
0
0
0
12
183
1
46
27
3
0
30
47
1
696
1
0
0
103
0
0
1
1
2
0
4
2
0
0
1
123
0
1159
0
0
0
0
0
0
0
23
118
0
0
0
0
0
7
0
0
0
1
42
21560
0
0
0
163
0
0
0
4
4870
0
0
0
26
1
0
165
17
1
0
0
0
3
1
9
0
0
0
0
31
0
6
0
0
0
0
13
1
0
0
1
4
66
0
0
2
91
1
0
0
0
2144
0
21
0
0
0
0
0
13
13
0
2
0
16762
0
0
0
0
0
0
0
9
0
0
0
0
0
2
0
1
1
2
78
0
0
0
88
5
1
0
0
0
230
0
4
0
0
191
0
89
111
36
0
2
0
203
11
0
2
0
0
0
0
1
2
0
0
0
0
0
2
2
1
0
18
0
6
14
0
0
0
1
0
0
0
0
0
0
1
0
3
0
0
29
2
0
10
0
2
15
36
0
101
3
0
1
64
0
7
2
0
4
0
865
8
0
0
1
0
3
0
0
0
0
0
35
6
2
1106
1
0
51
2
0
2
0
2
0
1
1172
0
0
0
1
1
0
0
0
0
0
1
32
0
0
0
113
0
3
47
102
8
0
2
3
0
166
0
11
0
0
155
3
0
22
0
1
0
3
1
0
251
393
0
0
10
9
0
99
0
1
0
0
368
8549
0
4
3
0
0
46
1
21
63
8464
4
0
0
0
0
1
0
1
0
0
0
3
0
6
0
0
0
0
3
7
11
31
0
0
504
0
1
184
0
0
72
0
858
7
0
2
49
1
1
2
1
0
0
0
691
0
0
0
0
197
0
9
0
26
0
1994
2
0
13
1
0
1501
1
0
587
0
0
177
167
1739
0
0
0
0
610
0
2
0
0
0
1
0
1553
100
0
0
0
0
284
1
12
0
0
0
9487
0
0
0
0
0
1
0
10
3
10
0
0
16
0
0
0
1
1
0
0
0
1912
1
0
7
62
20
5
2
8
4
61
0
1
1
0
0
0
2375
2
0
0
0
29
0
0
0
0
74
0
20
0
0
26
16
3
3
0
10
2
0
1
0
0
0
2
4
0
0
0
42
11
0
0
0
5
20
4722
0
1
0
2
538
2
87
25
0
0
29
0
0
0
0
4
3
0
0
3
2
0
108
473
1
0
0
0
0
1668
3
0
0
0
0
0
3
15
8
3
6
1
0
0
81
1656
5
2
1
2532
0
266
2
0
1
0
0
8
0
52
3
2
0
241
0
0
24
0
0
0
1
6
0
0
283
1
0
6
0
408
1
68
1004
0
0
2
0
0
189
3
0
0
0
3
1056
0
0
0
7
0
0
0
0
15
128
0
0
61
0
1
2
0
2
2
0
0
6
0
0
0
0
1
1
340
1
0
0
0
0
0
0
5
1
15
56
6
0
0
0
2
1
0
38
1
0
14
456
0
0
81
1
1
9
0
101
0
7
0
4
0
0
0
0
0
0
4
172
3
2
1
0
0
1544
0
0
59
0
224
0
1
0
0
0
0
302
0
26
303
8
1
0
0
32
0
9
0
18
0
0
0
0
1
18
4
0
3
1
9640
1
0
1
4
0
0
0
0
0
1
0
153
0
0
1
0
6
974
26
0
0
0
1
9
2
260
1
0
0
0
1
0
6
0
0
3
265
0
0
957
0
2
26
462
957
0
2
593
0
82
0
57
200
412
0
146
0
117
0
15
0
0
775
137
4
0
9145
1
0
97
0
0
2
0
0
1
0
0
912
17
1
62
0
224
11
0
873
0
193
377
53
0
0
261
0
0
0
5
0
5
0
0
0
0
2
4
26
5
18
0
0
0
0
0
28
0
1
764
0
22
0
0
0
0
10
0
0
0
0
0
4
3
0
0
1
1
17
0
0
0
0
1
0
1
0
13
7
0
0
5918
262
6
0
13
0
0
3
0
4
109
25
1528
0
201
10
0
1
9
2145
0
0
0
32
0
1
0
0
1520
0
0
0
7
0
1
0
59
0
0
1
0
0
8
1
0
89
0
0
0
0
0
3
0
0
0
0
0
1
6
1
5
0
66
0
11
1
2950
0
2
0
1
10
6
1
0
101
1
0
75
29
0
7
118
0
21
141
0
0
1
1
47
0
0
28
0
1301
0
1
2
0
0
20
0
0
0
2
467
16
0
1
0
0
0
0
0
0
0
0
0
0
545
0
151
6
10
22
0
9
97
4
0
0
0
0
0
0
0
0
1
0
6
1
0
3
0
0
0
1
243
68
1
48
1
0
4
0
0
2
0
1232
0
0
0
2
0
868
5
0
1
231
32
920
0
1
8
0
0
0
0
1
0
0
0
0
236
0
39
21
0
0
1
99
23
177
0
45
0
724
8
3
0
0
0
0
40
0
3
199
0
19
427
1
0
0
3
0
0
1
0
25
0
0
1
219
0
0
3
1
0
3
10
0
0
0
8
0
189
1
0
0
1
0
0
1
0
0
0
0
2432
0
31
0
9
39
0
7424
0
363
10
0
100
0
21
687
360
4
2
0
1
0
1
0
1
0
4
0
0
2
0
36
0
0
0
0
0
0
0
29
0
0
636
87
3
0
1
0
2490
1
0
7
0
1
0
0
0
0
0
10
0
0
0
0
201
8
0
0
5
1
0
139
3
823
14
2
0
81
0
0
0
0
0
0
0
0
2
9
0
0
0
29
0
23
2
19
0
0
0
0
1
0
0
8
1
0
0
2
0
1
0
0
1746
85
141
0
0
90
1
0
0
0
0
232
0
0
0
0
1
0
0
0
0
0
0
3
7
1
1
1
4
0
0
7257
1
3623
2
1
0
0
0
0
0
0
113
0
951
3
0
0
5
0
0
0
0
0
0
2
0
3
0
0
33
14
2
0
5
1
0
61
0
0
1096
19
0
0
0
2
1033
0
1
0
0
0
0
4
0
0
0
1
0
1
31
55
1
803
0
6
0
2
0
0
0
0
0
1
0
0
0
0
4
2
0
0
19
127
0
0
0
0
0
0
0
0
0
1
0
204
1
0
11
0
0
6104
0
0
0
1254
0
0
0
1
60
0
0
0
0
0
1808
0
0
0
0
1931
0
1
1
0
33
752
2
0
4
590
16
0
0
2
0
6
0
3
1
1
50
1
339
758
3
4
5724
0
0
1
2
1
1
0
0
386
0
0
0
0
1
1
0
1368
0
1194
0
831
0
0
0
77
0
0
1
0
0
1011
77
0
9
0
114
36
233
1
3
11
851
2301
0
3
218
1
0
0
0
0
108
1
475
0
0
1
13
203
6841
0
15694
0
2
48
43
0
0
0
2
0
0
966
0
7
0
0
0
0
45
0
0
2
2
0
0
0
0
0
1
0
734
0
1
1
1
0
0
0
0
0
0
1
0
1
377
25
1
2
0
0
51
0
3
0
2
5
0
0
4
0
0
1
138
1
0
4
2
0
0
0
0
0
0
0
0
0
0
1
487
0
63
2
41
6
0
1
0
1
0
0
0
89
5
0
0
0
0
3
0
0
0
1
1420
0
1
3810
1
0
1
0
0
3
2
303
1
2
0
0
0
14
0
0
0
1
0
1
7
4
0
1
9
0
0
0
0
0
91
0
0
0
1
10
103
0
137
0
1339
29
0
488
4
1
0
0
0
0
43
170
3
0
14
47
0
0
0
0
456
9
39
0
0
0
1
3
16
9
1617
5
0
0
0
0
41
0
0
2
0
4701
9
0
1
41
46
0
0
0
0
2
0
3
0
1
0
0
164
1
0
0
5
134
0
34
12
273
1
4
0
0
295
22
212
11
0
0
342
0
1
7
0
0
208
5
2
6
0
4
1
0
4
3
0
0
0
0
0
0
87
0
0
0
0
32
2
0
35
2
0
1780
721
0
2
0
0
0
0
0
1
0
0
7
0
0
0
0
0
62
0
2
0
0
0
0
811
211
239
2
0
0
177
5
338
0
0
0
4
6
0
25
0
0
0
0
0
11
3
0
0
0
0
0
690
3727
0
0
7151
37
5
0
8
4
0
0
33
0
0
473
1
0
81
0
7
0
0
1723
39
2
8
56
0
0
502
1
0
532
0
0
0
0
9
0
0
3
513
99
38
0
2
2
6748
26
3
78
3
0
0
3042
1
0
23
0
0
0
0
0
3
56
0
0
113
772
0
0
598
1
0
13
0
306
0
1
0
2
0
0
133
0
0
119
384
13
5
0
120
0
0
0
4
4848
0
0
264
0
2
0
8
68
40
56
1
0
0
0
4
0
22
1
0
3
1233
2596
18
0
0
0
0
0
4
2
1
90
0
3
1
10
11
0
113
86
182
0
0
0
1
0
0
20
7
0
0
0
0
17
3
0
0
7
178
3
28
0
0
4094
1
0
96
263
36
0
0
0
2
0
10
0
0
485
4349
2
1
188
1604
2
5061
7
98
0
0
2
0
4
16
0
300
7
0
106
3
1
2
0
0
1
0
5
0
0
2
0
0
1
0
0
1
0
0
423
0
0
1
0
10
0
0
731
1
0
0
0
2
0
5
0
0
0
0
0
157
0
0
1
11
15
98
0
0
1
15
0
0
3
31
0
0
0
1
0
705
0
0
5
136
142
0
4
3
0
4
101
0
0
0
0
0
0
21
136
0
0
0
123
1
94
6
0
1
1
4
0
55
0
0
0
4
1
25
0
1
0
0
1
0
7
0
0
0
3
1
0
2
0
1350
0
0
1
3
0
0
0
226
0
238
35
0
2
239
9
2
17
344
26
0
11
552
0
22
5
0
0
0
0
1
18
0
1272
3
5
1
51
2
1
86
0
1
0
0
0
0
201
8
0
0
0
129
0
4
0
0
0
0
2
38
0
7
37
1
6
6
2
14
0
0
0
0
0
11
18
0
81
0
0
0
0
249
871
0
43
40
0
0
0
188
1
0
868
5
4
0
0
1
8
0
5
4
1
27
0
0
0
0
0
3
10
31
12
17
0
352
74
1
0
22
0
0
0
0
4
10
0
798
0
0
20
0
19
2
0
676
0
142
87
0
2
122
2
0
0
0
61
1
1
0
3
432
0
0
27
0
13704
0
0
1
8989
0
0
2
4
0
4
1
33
0
0
0
0
0
469
0
0
479
0
8
1381
1
0
0
5
1
3
0
37
152
0
0
220
158
7
479
0
0
0
0
0
9416
25
0
97
11
13
1
9
179
5966
0
1
0
0
22
0
39
605
30
142
15
0
1
145
0
1
0
5
0
12
0
0
576
3
0
0
0
22
9
0
0
0
9
1397
0
0
0
0
0
18
21
2
4305
222
22
0
10
80
0
349
475
182
1
48
15
1
0
8
3
17
0
0
1
0
0
0
0
0
263
1
0
0
0
29
0
0
1
1
1
4
814
10
0
4
2
0
2
0
0
0
0
18
0
2
0
0
1656
1
4
0
0
0
0
5
0
3
7
0
8
500
13
0
34
0
1
0
6
0
3
2
0
0
0
2
1
1
437
129
183
0
0
0
0
2
1
0
17
1
0
0
174
0
2
0
38
1
6
4
0
5
24
0
0
0
0
13
6771
0
0
0
2
0
131
10
0
0
0
0
12
13
0
1
615
1
0
0
0
0
0
43
14368
0
3
0
0
399
0
4
0
279
0
13
0
1
308
26
0
1
0
3
1
0
1
0
75
10
0
2
82
23
0
0
74
0
200
0
0
0
0
0
67
0
0
1
24
0
2
0
0
1
1
1
5
0
1
0
657
0
0
0
0
0
0
0
5
0
6
20
0
1
312
0
1
0
0
0
0
25
20
16
0
0
0
7
0
0
649
0
5
1
1
6
22155
1653
0
3
5
0
10
0
0
0
0
0
22
0
0
0
0
267
1
0
0
2
0
4
593
4
0
0
2
21
0
158
174
1
0
1
927
0
2
2
0
0
0
19
0
0
0
472
0
0
0
0
0
7
0
0
0
0
2073
128
1543
43
1933
0
6
0
0
0
4
0
0
0
0
0
0
0
3
0
44
1
0
114
0
0
0
1
4
3
646
1
3
127
1
0
0
0
0
2
5
0
7
0
33
2
0
569
2
7
4
0
166
41
145
0
0
0
0
0
0
2
0
1
22
0
194
2
0
0
341
2184
0
9
5
1
0
1
0
375
0
0
9
0
176
0
0
236
0
0
3
1
25
12
35
175
0
107
8
845
0
0
0
0
0
0
33
0
3
0
0
0
0
1
0
104
4
2
5601
131
0
610
0
20
0
0
0
0
0
0
0
0
0
1
12
11
1
3
0
0
1
1
0
0
0
19
0
0
0
0
156
1390
0
0
0
142
1
2
28
2
3
12
1
339
0
1
0
0
0
0
4
0
0
3
0
7
127
39
1
390
54
0
2
35
0
17
0
539
115
3
0
0
0
0
1
7
0
1
1
4
222
0
0
2291
0
0
2
231
0
1
0
0
0
0
7485
5
0
93
0
0
270
2
0
98
20
14
5
1
29
2
198
1
0
0
540
0
0
1
0
80
249
0
4
47
0
5
27
1
269
0
1
68
0
0
1
0
0
0
5
0
62
0
0
8
491
1
680
11
0
0
37
0
0
0
16
0
2
0
0
16
0
0
0
5071
0
6
2
0
0
0
12
1916
59
157
0
26
1
0
0
0
1
2
0
3
0
0
8
3
17
0
2
0
2
9
2
0
11
0
0
1
2
0
0
0
1
0
3257
0
0
2
1
40
1
0
0
0
0
3
0
0
0
0
0
0
24
1440
0
34
554
0
9
3
0
51
2138
0
76
4
1
0
1
98
15
0
428
0
34
134
0
0
0
2
0
3
4
1
0
481
0
0
3904
1
0
0
0
0
0
0
4
0
3
0
0
0
0
2
0
7
667
0
1
1
2
0
0
1
15
0
0
3
0
67
0
0
0
1
54
98
0
0
1
0
1
0
1
0
0
0
5
47
0
1
0
4
0
7
0
0
3
0
0
2
117
0
11
1
0
2
179
0
0
0
1
0
402
5
36
5
0
2
0
10
0
0
0
0
0
14
0
0
26345
8
1357
12
0
0
1
10
0
6297
2
0
0
614
1391
0
0
0
0
2507
2
965
0
328
0
1
0
8
0
1
11
5
44
0
0
0
0
0
0
0
1
36
11
0
0
0
1
0
14
1
1
1
0
3
0
0
0
1
397
0
0
0
0
0
0
28
1425
0
0
0
148
7
232
215
1
2
86
355
7
0
110
4
7
3886
5
5
0
0
219
0
12
0
0
162
0
0
559
765
0
0
0
0
4085
876
0
1
1
0
0
0
0
0
0
4
0
7
0
4
4
0
0
0
0
0
0
0
102
0
1039
0
0
3
0
0
370
0
0
0
13
5
0
4
0
14
18207
0
0
479
1799
359
0
0
1649
0
17
0
0
28
0
0
128
7
230
3
112
1
2551
110
465
214
0
0
0
0
0
0
1
1
0
0
266
2
0
0
0
0
16
0
0
5
1
151
1041
0
0
0
1
0
306
5
0
3
0
1
1
3642
0
1
1578
0
20
31
89
0
1
87
0
0
1
0
23
0
18
0
44
1
22
9
0
0
5
35
1
0
0
1
0
0
0
0
4
1
0
0
54
2
2
37
1
0
0
0
0
7
40
0
1
28
0
1
0
1
17
2
0
186
121
0
0
18
13
1
0
1
0
0
0
0
0
48
0
935
0
1
1
8
2
0
1
0
0
24
3
0
572
93
0
758
0
1609
0
0
1
1
0
18
2
0
0
0
12
3
0
0
0
5563
1
59
1
0
0
1
6
10
0
0
9
2
4
74
185
0
8
2
80
0
2
2
1241
0
6587
0
4
1
232
32
0
0
0
1
0
11
7
693
0
0
0
0
7
0
0
0
0
2358
0
597
0
1
1
0
13
0
2
111
24
97
0
0
16
0
0
2
0
1
276
0
0
4
0
0
0
0
6
33
0
6
51
0
0
6
2
0
22
0
245
0
0
6
307
10
0
4
6
0
95
0
1
0
0
0
28
0
2
0
0
1
1
0
1
0
794
1
1
0
20
2461
0
2
1
0
0
0
0
0
0
0
0
0
2517
2
23
1
0
0
0
29
0
0
1
10
0
1
0
2
0
16
1
0
1
0
18
0
410
1
104
4
0
0
1
2
69
0
0
2
1
1
0
0
8
12
721
0
29
1
1
1
0
0
14
0
0
1
2
417
0
0
0
0
2
0
0
0
0
0
0
10
0
1
174
14
418
0
0
5
250
53
0
24
95
0
0
1
358
0
2
4
12
780
0
27
94
0
29
0
18
0
173
3
15
1
0
0
0
2455
0
0
0
1
57
0
12
293
0
0
0
2
12
1
0
0
1
0
0
0
0
0
0
1570
45
1
0
2
3
0
1
2
0
0
1
0
9
0
1199
356
0
0
0
0
61
310
3
1980
0
7
2
0
0
0
0
0
2
1
0
0
0
1
0
17652
0
0
0
0
0
0
3
2
555
0
7
0
0
2
0
0
1
275
3
0
25
185
27
0
1880
9
0
0
2
15
0
1
5
51
0
1
12
0
2
754
0
0
35
0
0
0
1
0
10
396
388
0
0
1864
0
5
0
0
8
16
0
0
0
123
0
0
154
0
0
3
1
2
25
178
2
283
14
0
0
0
0
2
0
0
1
39
307
0
0
19
0
0
0
4
0
1
3
65
95
507
56
14
1
27
0
0
2
0
0
2
4
1353
0
0
50
36
0
5
9
298
0
0
0
0
0
0
1
5
0
0
2
0
0
11
0
0
20
0
0
0
11
8
0
0
33
8
0
0
1
0
382
3
1
0
0
0
13
3
1
0
302
0
0
0
7
0
0
0
1
1
0
0
2282
0
0
74
0
1
21
2
98
0
0
0
0
5
51
10
1
1
1
262
0
0
0
0
0
6
13
0
1
611
35
0
0
0
0
0
32
1
6
13
0
0
0
8
0
18
71
0
344
6
51
817
0
913
0
1
2
2
0
0
0
0
17
0
2
1
2
36
0
0
2
25
12
52
2
1
0
0
1
111
0
37
1
357
0
0
0
3
35
45
39
275
15
3
3926
0
1
0
0
0
0
0
0
0
0
0
1
16
6
0
0
0
0
9
3
0
5
0
0
5
23
55
2
0
0
4
2161
21732
0
30
112
14
0
6
15
0
0
16
15
95
236
2
0
0
0
0
0
0
1
0
0
1341
13
283
7
0
0
0
387
4
0
0
0
0
422
0
0
0
0
1
3
1
4
0
0
1
0
6
1
0
0
294
10
1
0
559
0
0
0
30
1
12
136
0
0
2022
0
2
1
0
2
9
0
0
40
0
0
0
0
86
8
0
0
3
1403
298
1
0
1
1
2
447
130
0
565
2
0
0
1
0
0
2
0
0
126
3
0
21
0
0
0
0
124
0
0
1
853
83
9
0
1
1
0
1
58
11
62
0
198
0
0
0
0
4
1
152
1
0
0
9
0
0
1
0
0
0
0
0
873
4
4
77
144
73
0
0
0
1
0
3
0
0
43
0
0
10
0
0
0
0
0
0
0
0
1
1
75
37
2
49
191
334
5
58
0
0
1
166
52
0
0
465
0
57
0
0
28
0
21
4950
0
560
0
0
0
0
0
0
11
5
0
671
0
2
284
98
3
1
0
1
21
0
3
0
0
0
0
20
0
0
3
0
23
5
37
0
0
0
0
3
3
2
587
1
0
0
1
0
0
0
1
1
1
1
0
0
50
336
5
0
0
0
0
5
0
3
0
5
0
0
6
0
43
5
0
1
5
27
0
4
0
0
7
0
0
0
158
0
0
0
98
0
2
1
0
0
53
0
959
0
2723
1
8
0
0
3
26
0
201
0
2
28
0
1
0
718
0
0
1
3
1
4
0
0
10
0
0
243
0
9
0
90
1
0
27
0
3
1
0
11
0
2422
0
819
17
0
0
139
176
36
0
0
0
0
1
6
0
0
2
0
129
0
829
0
0
0
1
4
1
0
65
0
471
1
64
1
115
1
16
0
0
0
2
4
1
2
0
0
1
0
0
0
1
20
291
2
0
0
1
1
15919
182
0
1
0
0
128
5
0
0
0
0
81
0
0
0
0
0
6
0
1
0
0
0
0
0
0
0
0
199
0
0
0
0
0
21
0
19
2
0
0
0
0
1
1
0
0
0
134
14
0
10
339
4
1
1899
0
3
15
222
0
0
183
0
0
1246
3195
0
0
5
2
0
1
4
0
0
0
475
1
0
0
0
1
0
0
0
0
0
0
0
0
66
0
0
22
4
24
0
0
0
10
44
1
0
16
150
298
15
0
0
0
0
248
363
0
9
0
27
70
0
0
0
0
0
0
0
0
0
0
0
0
1
2
0
3
234
2
0
2
0
18
0
1
1
0
0
0
0
1
0
0
1
0
0
188
0
0
34
88
0
31
0
2
14
0
2
1
3
0
0
0
520
0
1
1
2
124
2
0
0
244
2
4
0
410
3
0
1
2
2
828
1
0
113
9
78
14
0
9
0
0
7
54
272
0
0
2
0
0
0
0
0
0
0
0
0
1216
0
434
0
0
0
0
0
0
12
1
1
4296
711
8
1
47
0
0
1
1
0
4815
0
1053
2982
0
0
1
0
1
0
0
0
0
0
0
0
0
27
0
5
16
0
552
0
10
0
38
21
0
0
18
0
0
0
0
0
7
0
61
0
0
0
329
115
0
0
29
1
19
0
0
6
7
0
1
2358
20
2
1
65
0
0
0
0
3
153
319
187
0
12
0
1
0
0
0
0
0
0
59
0
1
0
3
2
0
25
1562
0
16
744
51
0
2
3
105
25
52
0
0
0
1
0
0
0
195
0
0
0
2384
0
0
0
0
0
9
2
0
0
0
2
7
5
15
0
0
1651
2
0
3
5
653
0
0
1
0
11
0
382
0
34
142
0
0
0
5
0
0
67
2
0
1820
0
720
16
0
1
1
0
0
0
0
0
0
0
299
0
25
4
0
2
0
1
30
0
0
0
3728
0
0
0
128
3
0
2
1
330
8
9
0
1736
571
0
38
3
12
9
0
1984
7
33
0
218
11
288
4
3
0
0
0
0
0
96
0
0
0
0
4
6458
31
22
0
0
0
0
1
0
0
0
0
0
0
0
0
0
0
0
1
16
0
0
0
13
56
149
32
250
69
34
155
0
80
0
0
0
0
0
0
0
37
11
1
366
5227
112
143
1
2
635
0
0
0
0
0
2
0
0
0
0
97
0
1
3
5
175
1
165
1
400
103
1556
0
0
683
0
0
0
0
0
5061
0
107
0
0
0
1
2
32
20
0
0
17
0
0
442
2
0
0
9409
2
0
2
0
0
147
0
36
260
6
0
0
0
0
0
1
0
1
0
0
0
0
0
0
1
0
0
17
5
10
0
42
0
0
0
61
0
0
1
0
0
57
0
0
8
1085
59
0
0
0
0
0
12
0
23
1
15
4
49
0
0
1
0
1175
0
0
0
116
3
0
0
113
0
0
0
34
1
116
0
0
4
0
3
0
1
209
0
2
836
0
1
251
0
1
1
4
0
0
11
990
0
22
2
0
2
1061
0
0
47
0
52
0
8
96
0
12
0
6
8
1134
0
0
0
0
263
22
0
2
41
254
0
92
410
236
0
37
0
2
0
0
3
0
0
138
0
0
0
0
2
0
11
29
1
0
15
0
0
0
0
1
1
75
322
0
80
0
0
0
0
15
0
0
26
60
2
0
0
0
1
1
0
21
0
5
0
2
1
0
1
0
2
1
13
1
36
0
787
0
0
3
0
51
1
0
2
307
149
0
0
0
0
0
0
1
0
4
3
0
200
58
0
41
0
1
5
138
0
0
0
15
8
0
2
0
21
0
0
12
849
0
0
1159
0
4
4
0
0
164
0
0
31
175
38
43
0
0
34
0
0
0
0
1
0
0
0
0
0
42
0
1353
6
3632
0
0
0
0
16
0
5
0
61
0
18
151
8
633
0
0
40
44
0
0
52
1
0
0
0
2
66
0
18
0
0
2
0
1
0
0
53
0
3911
1
0
0
0
0
0
0
0
0
1
0
0
0
17
0
0
5
0
1
0
1
1
1
0
0
0
0
0
11
0
772
1
0
19
0
19
159
127
0
1
16
0
0
0
0
0
0
0
0
0
2
0
7
0
0
44
0
0
0
4
0
187
0
5
0
239
0
0
12
0
5
0
0
1
0
1
0
2
0
0
254
1
378
0
1
0
0
0
0
1
191
0
0
74
0
0
0
153
0
1
0
0
0
1843
0
0
7
0
0
0
0
53
96
0
9
0
0
254
1
0
0
0
0
1
0
0
287
1
7
1
0
0
13
0
2
0
0
10
0
5
153
1826
0
0
0
1
1
0
0
1
1022
0
0
2
0
0
406
0
3
0
0
0
0
0
22
0
125
52
1
0
1
2
1
0
0
0
0
3
13
0
0
0
0
0
0
21
0
2
4
3
1
0
22
0
12
0
2
5
0
0
3
6
0
14
10
1
14
0
1
0
5
1
0
85
30
0
0
0
50
0
808
0
0
6
0
1
0
274
1
1119
1
2
1
1
55
1
0
0
0
306
9
0
99
0
0
147
0
0
0
0
0
470
0
0
1
174
0
3
39
0
5
0
0
0
0
1
0
2
4403
2
0
0
0
72
0
0
3
30
1015
0
0
12
0
0
14
0
7
11
0
28
0
1
0
3
0
33
0
0
0
2
0
1
1
0
0
8
0
0
0
1
0
661
0
3
0
6
5
0
0
19
2
464
2
0
10
1
0
0
0
0
0
2
7
6
0
0
6
0
0
9
1
0
37
151
0
0
1
0
0
0
0
3
0
1
0
0
1
3
0
59
16
0
0
499
0
0
0
790
0
0
2
13
0
89
0
2
3
0
1
1
16
12
4694
0
2
1
1
99
1
0
0
0
2
0
0
122
341
3
1
0
1
0
0
1
0
2429
1
12
1
3234
0
0
0
1
5
0
0
0
0
5
0
0
15
21
367
0
1345
426
0
0
0
1
0
138
0
1
30
0
0
3
0
0
0
564
1
0
11098
0
5
2
153
2856
1
2
0
0
5
4
0
82
307
22
0
0
0
0
0
0
1232
178
0
0
0
0
0
1
0
0
0
35
0
0
0
0
32
5
0
2
0
1
0
0
0
0
0
0
0
4819
169
0
8
68
0
0
0
0
0
0
0
15
272
5
1
0
1
27
342
7
1
0
0
2
1
0
0
3654
0
6
0
66
0
0
2
0
0
0
123
2682
0
0
0
0
0
0
0
0
0
0
1
1
30
2
0
5
112
0
29
0
0
8
0
0
61
0
1
21
39
0
0
0
0
2
60
0
0
1
27
0
6
0
0
2146
0
0
0
4
1
95
4
12
0
7
2
0
0
0
0
0
10
0
0
41
0
0
1
0
0
0
0
0
0
31
2
0
0
0
0
5
13
9
3
0
0
2
3
0
4
0
0
34
249
0
0
0
2
5
25
262
140
33
0
5
0
0
11
0
0
195
0
0
0
49
602
4
0
3
0
25
636
0
26
32
105
0
0
0
0
8
0
0
1
0
0
0
0
3
1014
7
0
1
0
0
60
0
23
0
0
0
0
9
30
0
22
22
50
1
0
0
0
2
6
1
1
1
0
19
6
3
0
4
0
0
2
249
0
1
41
6
0
0
0
2
7
2
0
2
2
156
0
0
71
6
0
2
0
0
0
0
3
3
0
0
30
0
1
20
0
1
1
0
0
0
6
2
0
0
351
5992
1
1
666
0
1
319
1
0
0
0
2
692
0
162
5
53
2
50
29
6
0
1
0
0
0
1
1
513
3
0
32
56
0
24
3
0
0
0
0
0
0
1
0
0
47
0
0
11
400
0
0
0
0
21
0
0
0
3
0
53
17
602
0
8
0
463
0
0
17
1396
0
5
2
0
0
0
56
14
101
0
0
0
429
0
0
16
0
6
1
7
0
0
0
0
4
295
0
0
0
0
2798
0
1
0
92
0
0
0
0
2
1
52
1
1
4
29
7
1
0
0
0
0
0
0
0
0
0
0
0
1
5420
2
1
0
0
0
2
1
4188
5
2
1
4
4
72
1
0
46
0
23
1
2
0
0
33
0
0
1
0
27
0
0
0
1
2325
0
0
0
1
80
0
1
0
0
2
33
4
1
0
9
0
1
0
0
0
5
0
20
0
0
41
1
0
55
4
0
298
0
0
48
0
4
0
85
185
264
3
9
0
0
0
4
0
117
1779
0
0
0
5
6
0
1
0
165
0
0
2
0
207
1
19
0
0
0
0
509
396
0
0
1
75
0
0
2
0
0
1
0
0
1
0
0
1
0
34
0
2680
1
10
0
1
5
154
1898
0
5
0
0
1
383
6
0
0
0
5
11
6
86
8
0
0
0
1
0
2
1
0
0
7
0
2
0
35
38
0
0
457
0
1
2
0
226
15
5
1
4
0
0
12
1
0
0
0
0
0
1
81
0
10
2
7
0
11
260
812
5
1
159
2
3
0
102
534
0
5
211
0
0
4
0
0
16
0
0
0
960
0
0
144
1
39
2
0
82
0
0
0
341
0
1
0
0
0
0
0
0
1
134
1
0
37
1
0
0
0
0
0
0
0
96
0
0
2
1119
0
1
4
0
0
31
0
1
891
12
0
3
1
1
101
3
0
0
0
91
0
0
0
0
0
1662
0
3
0
0
9
1
863
68
19
1
0
0
81
0
0
0
0
925
0
0
1
0
1
0
0
0
3
1
0
0
0
120
0
6
0
0
1575
1
0
0
1
0
1
3
4
1
1221
3
386
1
9
2
0
55
5
0
0
1
0
1
0
0
0
2
139
56
1
0
2
0
12
0
0
2
0
0
0
0
0
0
0
2
0
0
0
0
2
1
14
40
0
39
0
0
0
0
0
0
16
56
0
0
0
15
0
0
31
0
0
3090
608
13
0
1594
5285
167
1
9
0
76
0
2
0
2
0
0
1
113
1
1
11
0
2
1
290
0
558
2
0
1
8
0
50
0
0
0
1
0
0
22
233
19
0
0
49
849
0
0
0
521
0
3
5
0
0
7
1
15
0
0
2304
205
0
0
1
7
1
0
3
0
0
5
0
0
4
0
0
0
0
0
0
8
0
2
252
2
125
0
2
0
755
0
0
4
0
0
5
0
0
0
0
0
0
0
0
1
0
0
150
2
0
0
0
0
0
1
17
1
185
0
1
0
50
0
2
34
6
3
0
22
40
0
0
2
29
104
0
561
0
2
0
81
0
0
0
43
4561
15
1
95
48
0
0
0
5
21
0
0
27
0
0
0
0
5
0
1
5
28
3
0
0
0
49
16
0
0
0
0
1
0
4
0
166
0
6
68
0
5
0
51
0
7
1
1
0
1
0
1
6
2
1
204
0
1
0
9
1060
0
0
199
16
0
13
0
0
22
2
49
0
0
0
1
0
161
1
0
0
1
0
7
0
0
5
0
2
227
1
3
0
0
0
2
0
0
52
0
2
10
0
0
224
0
1865
3
7
0
0
0
469
30
6
629
2
0
2
1
1
0
0
0
4
0
0
3
189
8
217
3
1
2
57
100
0
20
0
0
6
0
29
1
1
0
0
28
0
16
0
0
1
9
0
1
0
0
0
0
0
443
2
0
18368
2
2
0
4
0
1664
65
4
2
10
0
2
1
6
0
9
1
2
3565
2
0
0
19
0
8
0
2
4489
2
440
0
55
8
2
0
0
0
1
2
0
37
760
303
33
0
0
2
234
0
7
2
0
4
124
0
0
0
0
5
0
288
1
0
7
0
1
88
0
0
1
4764
0
0
0
104
2
50
0
42
4
1
0
743
0
1098
0
110
0
1
0
0
16
6
25010
1
0
1
0
0
0
0
0
0
5
0
4954
0
1
0
0
0
0
0
1
0
0
11
5
128
0
0
0
0
0
0
5875
23
5
2
5
0
0
0
1
53
1
1
0
0
0
641
6
0
0
2
188
0
4
687
0
1
0
0
1
2
132
2
558
5
1
2
0
0
0
0
0
0
0
1
113
0
97
0
0
0
0
0
3
21
1
226
4
31
0
0
0
32
33
3
29
0
0
5156
1
52
0
0
1
11
0
2
18
0
0
10
0
91
2
12
0
0
654
0
0
2
15
0
0
0
10
0
15
595
176
0
2
0
0
0
28
1
38
0
5
0
0
0
0
6
0
4
4
1
3
22
10
0
1
0
0
2
0
0
7
3
1
0
2
4
9
43
1
150
3
464
4
17
0
1
1
20
0
0
851
0
0
0
0
0
35
0
0
41
1
0
0
0
67
0
2
154
0
0
1
4
0
0
15
0
0
0
0
0
0
0
6
1
0
47
0
1
5
0
0
3
3
106
31
0
5
0
0
7174
0
0
0
12
0
2756
11
4
1
0
2
0
0
198
0
0
0
102
4
0
44
0
0
438
0
3
1
0
17
4
199
63
1
0
143
0
0
0
56
0
1
0
0
0
2
0
0
1
13
0
0
101
0
0
0
0
0
45
282
0
0
2
0
0
0
1296
0
3
1
19
1
89
0
7
0
19
1
7
116
0
0
179
0
270
33
0
0
1
15
0
8
1245
0
7748
3
0
2
0
0
2
0
0
996
0
568
1
52
779
1
13
0
1
1
0
0
0
0
2
1
0
0
0
0
0
23
0
0
0
1
13
0
0
8
0
1
133
8
0
7923
48
0
1
0
0
1
3
0
2
0
3309
0
15
25
0
4820
0
0
0
0
0
0
0
646
4924
0
0
21
0
28
6
0
23
13
0
3573
0
513
2
1
3
0
0
0
83
0
1
5
0
0
0
0
0
0
0
1
4
11
1
2
0
1
0
4
3
65
8
139
0
0
97
0
0
0
0
0
37
1
0
231
0
0
2087
0
0
56
0
0
19
0
27
0
1
0
1
0
570
41
0
202
268
70
2
0
39
0
618
10
149
0
0
74
0
53
4
0
0
0
14
0
0
5
26
6
0
8
17552
3789
0
0
10
0
0
0
8
0
0
0
0
137
50
10
0
0
0
1
0
1
0
0
2
0
265
0
0
0
0
54
0
0
1
18
0
0
1
0
0
0
71
0
0
3
19
0
5
22
10
3
7
857
0
9
0
0
95
39
1436
12
38
0
0
0
1
4
1
99
2
0
0
0
74
0
2
0
0
1
181
7
34
0
0
6
49
0
1
2
1
1
0
0
106
21
0
0
0
2
0
19
0
0
1
0
397
0
665
0
1
0
2
0
99
0
0
0
1030
0
2
2
233
0
4
9
5
0
121
2
0
0
1
0
0
12
0
0
96
0
5
303
3
0
0
6051
77
0
1
0
56
93
0
0
0
0
0
0
63
44
1
0
1
0
4
367
1
96
0
163
5
0
0
2
190
0
0
0
0
0
22
1
519
0
0
1
88
0
34
41
118
19
5
17
30
42
588
0
0
0
0
0
0
0
0
0
6
0
1
486
2
419
48
0
0
0
0
0
0
0
0
2
7
3
0
0
0
35
1
1048
81
4
8
0
38
0
0
4
0
5
22
0
0
5
0
0
4
0
1
0
1757
7
919
2
4
433
0
0
383
17
0
0
0
39
1815
0
43
0
2804
57
58
0
2575
0
5
1
83
0
0
7
0
0
0
0
0
0
0
0
0
0
435
0
0
3
0
2
0
2
0
0
0
0
20
0
256
7
0
0
0
0
1
0
0
0
118
2
629
1
122
4
506
0
8
13
0
0
0
0
2
0
0
0
0
0
0
3
1
0
42
0
0
34
0
0
0
3
1
0
0
0
0
0
2636
285
4
62
1
2
1
2
0
71
0
0
0
0
1
0
1
0
0
1
0
0
1
0
53
1
1
0
130
79
135
2
688
21
3
5
1
1
0
0
1
0
0
0
3
0
0
575
3
0
4373
0
0
0
0
24
0
4982
0
0
0
0
0
0
47
0
0
1
169
1
0
0
0
0
1
0
1
0
8
0
3
14
0
0
2
0
0
4
3
0
1
1
8
58
0
2
33
9
22
0
0
0
0
0
20
0
0
0
201
0
12
0
2
27
7
0
0
1
194
0
0
0
0
0
0
0
0
0
49
0
0
0
4
68
0
557
0
0
0
0
0
0
0
0
64
1
2
44
0
0
0
0
5
1
1589
0
0
46
0
0
1
321
1
0
0
0
0
0
3
0
0
3
559
5
6
239
811
4
0
51
1
1
7
8
0
152
1
0
0
0
1
0
0
0
0
0
0
0
4
0
0
386
0
0
0
1
3
0
6728
229
4
5661
12
65
331
0
0
0
255
9
0
27
0
1
58
104
0
97
7
0
0
1
0
0
0
23
0
0
0
1
0
0
110
29
2
1197
0
0
0
147
12
0
0
93
3
0
0
9
1
0
6
0
2
0
0
0
1357
13
0
0
1472
0
0
0
0
0
0
0
13
0
10
0
0
1
19
1
0
0
0
0
1
3
20
1
0
0
1130
0
3
80
1
86
731
4
29
0
776
5
0
22
0
15
0
3
0
0
0
704
32
2
0
1
0
0
190
0
1
0
95
4
564
0
0
0
0
0
205
0
0
4938
0
3
2
8
0
1
69
3
17
1
4
0
1
0
0
12
494
1
0
0
1
0
8
803
17
43
0
2
0
0
2
1
21
0
0
0
1
0
44
0
0
0
303
0
0
93
192
3
3
37
0
0
0
3
0
685
0
0
249
0
863
0
0
21
1
0
0
6
21
0
1529
3
0
0
228
2357
0
140
130
0
2
0
0
1
304
0
1
2
22
66
1
2
0
1694
155
1
2
3381
0
35
0
0
0
1
21
0
0
0
0
48
12413
7
2
242
280
0
26
1
0
0
0
0
3
0
31
294
10
0
2305
0
575
0
0
0
104
78
0
1
28
772
0
0
0
628
0
0
0
0
3
0
0
900
0
0
8
9
1
1
1
6
1
8
105
1
0
0
0
0
33
17
1
0
0
0
0
3
0
0
0
0
0
0
0
0
0
0
3
0
1
0
9294
567
95
0
217
37
20
0
4
0
0
0
1
0
33
42
3
0
0
0
0
0
0
0
1
17
0
3
1
1
185
0
1
6
1295
1
598
0
0
0
0
0
0
42
254
0
0
0
0
12
0
0
1
2
0
0
1037
0
0
0
37
21
2665
19
89
0
30
0
8467
0
3
0
1430
2501
0
0
3
0
6
5
12
3
0
0
0
0
25
0
249
55
451
365
21
1
4
6
7
16
1
0
0
0
1
0
0
0
1
4
0
0
0
1
512
48
186
1
4
0
1
27
457
0
0
0
0
2
2
0
69
0
0
2
618
0
2
1
2
1
67
361
25
0
0
37
4
1
4
0
772
0
0
6
0
10
0
1
508
225
0
22
6629
0
0
106
0
0
0
0
0
0
0
0
0
0
1
26
239
0
0
3
3
58
1
381
257
1
0
0
1552
2
0
4
199
1
0
0
1
28
0
1
5
2
5
184
30
9
35
1
0
0
0
0
8
1
21
0
4
99
0
58
2
0
1
0
71
1
0
407
0
0
0
0
0
0
0
0
0
0
403
0
0
0
1
0
0
291
0
2
150
0
0
0
0
0
52
0
59
0
4
0
0
0
27
0
0
9
2
0
198
0
0
22
0
522
1
0
0
0
0
0
0
2
0
0
0
0
3
0
1
0
1
12
0
0
0
0
0
1
0
0
0
0
1
0
0
17
1
0
7
15
0
2
888
0
0
0
241
0
0
14736
0
210
0
0
0
0
0
0
5
1
4
4
0
1036
0
2707
0
0
3
0
0
0
0
0
0
0
144
313
2
1
0
0
6
3
2
2
50
0
0
2
1
0
1
0
0
0
1387
0
136
2
2
5
6
0
0
0
4
0
0
0
4
0
35
1070
16
1
0
0
549
0
5
0
4
4
0
8
3
413
0
170
0
0
51
0
0
0
10
0
162
1
0
1
0
134
58
252
0
0
1
4
104
0
0
0
0
92
0
0
0
0
0
0
0
52
1
0
7
0
0
0
1
0
0
0
70
0
0
3
687
2
5
18
70
0
0
0
0
140
0
2
0
1
2
0
0
204
0
0
0
0
22
0
1
3
0
0
1
5
17
2
0
1
1
0
0
0
0
0
0
0
0
0
0
1
0
0
0
0
0
0
0
0
1
48
0
0
0
0
204
0
0
4
10
0
6547
0
0
0
0
0
1
96
0
0
22
43
32
0
9
2
0
0
0
0
6
0
268
0
0
124
1
0
1
9
0
0
0
0
0
0
0
0
0
5419
3
0
1
3
1
1
59
3
0
9
134
101
0
0
3
0
0
0
0
0
5
1
0
0
0
1
0
22
3
1
4
1047
0
0
644
62
4
226
655
1
0
14
0
0
7
0
156
2
0
5
4140
2
1
1169
160
0
1
7
0
1
0
1
0
56
1
1
0
0
1779
0
5
0
28
3
1
1
10
0
0
0
0
0
670
0
0
1
0
1
2
0
2
0
0
82
1
59
54
50
0
28
75
51
29
103
22
0
0
0
0
0
1
2
2
0
0
0
0
2
327
0
20
0
0
0
23
0
1
128
0
45
79
0
0
1
0
1
704
0
7
0
34
0
1
0
0
0
0
3
0
9
0
0
43
9
61
0
0
0
4
6
0
42
151
10
10490
3
18
0
210
29
6
1113
419
0
1
11
49
16
0
0
921
6
1
0
4
0
47
469
0
1
0
0
0
2
0
25
0
0
3751
1
3
1
0
1
218
0
0
0
0
0
1
0
0
22
11
0
0
0
0
3
4
0
13
154
0
0
9
0
118
5551
169
0
3
1335
0
2
2
0
158
583
33
2
0
2
4
2
1
1
4
0
10
1
0
0
0
0
0
0
6
0
0
0
4
3
12
0
15
2
9
0
0
0
0
0
1
0
0
0
1
126
0
0
0
1
0
0
1332
58
0
1
2
0
2
0
1425
907
0
0
0
10
0
0
1
0
0
0
5
1
4
1
0
0
12
0
0
0
0
0
0
0
1
0
1
3
0
0
132
9
311
0
0
6
2
39
13
0
0
0
1
0
1
407
6
9
91
0
62
0
0
0
0
27
0
2
96
0
11
1
11
3
205
752
0
7
469
0
11
81
2
0
16
3
0
3
0
2
0
58
0
0
0
1
0
0
0
0
0
940
0
0
2
0
510
0
1
1
0
0
3
0
0
0
0
0
0
0
0
3
3
0
0
0
0
0
1
0
0
0
1
2
2381
0
0
0
20
11
1
0
0
0
6
5
109
19
193
3
1
0
0
0
1
0
0
0
9
0
0
1
0
1
1
271
0
0
8
0
0
5
397
1
4
1
437
0
0
0
8
0
0
158
49
25
0
0
0
0
0
0
4
203
0
13
0
8
112
0
87
1
1
1131
0
0
0
0
0
2
0
6
2
0
0
0
0
11
0
0
0
5
0
0
0
0
0
214
3
20
0
0
79
1
48
99
3
0
16
0
4
0
0
0
0
0
46
65
7
513
0
0
9
15
0
0
0
2
0
50
2
0
0
4
0
7
100
5
1
0
0
0
0
5
9
0
0
140
2
0
54
0
35
0
3
0
0
0
0
0
1
0
215
3
0
0
54
0
8
0
0
0
4
0
496
0
0
0
214
0
0
0
0
518
407
0
5
0
15
0
7
24
5
0
0
0
6
5
2
192
0
12
0
0
1
0
51
0
2
0
0
2
2
0
94
0
4
12
321
0
0
0
0
0
1
0
43
4
1
0
2
0
0
2
11
498
35
53
32
0
0
0
0
0
0
1
0
9
8
0
1
0
0
0
0
1
611
0
10
6
11
0
0
0
3
1
0
0
0
0
42
112
7
13
0
2
3
12
96
254
0
5
0
0
0
1
0
0
0
0
0
1
15
0
191
0
0
1
2
1711
71
1
1
0
0
0
2
0
66
0
0
5
0
0
0
0
0
0
13
54
3
2
21
0
56
0
0
8
0
9
1
0
1
0
0
3
0
0
645
0
0
2
1
4
0
1
0
1
0
1
1
2
0
0
1
22
0
0
6
0
4
0
4
0
4625
0
14
0
0
0
58
0
0
0
0
10
1
0
0
0
0
0
15
382
211
1
2
14
0
0
0
0
1
0
0
0
0
0
0
0
1
0
0
0
0
0
5
1445
0
1
0
2
0
0
0
0
0
0
0
95
15
6
1
0
888
0
7
0
249
0
3056
0
345
0
0
0
18
0
0
0
325
0
1
0
0
2
8
250
0
49
0
31
0
0
271
96
1
6
0
0
63
0
0
5
2
9
0
0
0
0
1
9
65
0
0
1
1
0
0
0
0
0
0
1
21
0
17
0
5
25
18
0
1
0
790
0
0
0
293
0
3
1
353
1
0
0
0
28
0
0
8
1812
2
0
880
0
0
1
3
1
166
94
0
0
5
0
73
75
0
0
0
0
6
0
0
0
6
0
3
0
0
0
0
0
1
0
0
0
0
0
36
17
26
19
1
61
1
1
17
0
598
221
1
0
0
0
1
0
284
0
255
0
0
0
0
2
0
0
17
0
825
0
74
0
42
136
0
0
6379
36
12
0
0
11
368
2
32
1
0
0
8
1
53
162
0
0
0
0
0
0
1
0
0
0
0
2
24
0
1
130
0
0
3
0
0
0
12
0
0
0
0
817
7
4506
0
0
0
0
12
3
1
527
0
1
35
0
0
40
0
1
1
0
2
0
0
15
0
0
12
307
10
0
0
0
0
1
0
0
0
0
0
0
0
0
0
1
4
0
0
0
0
0
171
32
1143
14
0
0
0
344
0
0
0
0
0
0
0
0
0
0
0
0
0
0
0
0
0
13
1
4
0
0
19
0
0
0
262
0
0
0
1743
0
2
15
493
0
3
0
1311
0
0
4844
0
12
0
0
0
0
1
375
234
0
0
7
5537
1
0
0
7
6
0
0
0
0
0
0
0
0
0
79
0
1
563
0
0
0
1
30
75
73
13
1
2
163
0
20
9
691
0
0
175
161
0
0
0
22
7
1
4
49
3
1
1
0
0
16
0
1
0
0
0
1
154
232
0
0
886
30
6
25
2
3
6
0
2
0
0
0
0
0
0
0
0
0
291
74
83
0
0
0
0
1
0
0
0
1
20
6
0
0
15
8513
0
12
0
462
1
0
0
0
6
149
114
1
1
0
0
0
0
261
0
17
0
0
0
0
680
0
327
0
48
12
10
17
0
1
0
0
1092
0
1
0
1
0
0
108
0
0
0
8
6480
16
0
0
1
15
0
9
140
13
254
2616
0
4
0
0
1
0
3
4794
0
15
189
0
8
0
1
6
0
0
0
0
3
0
0
313
0
0
1841
4
2
0
0
0
21
68
62
13
0
0
24
65
0
0
0
0
184
19
0
9
2
0
1
0
0
0
0
0
1
10410
0
9
0
159
41
5
0
4
0
0
0
5
466
34
1
0
0
0
153
5
1
1
0
8
11
43
69
0
0
56
0
0
0
0
1
1
1776
204
4
209
1
0
0
1
349
0
9
524
0
1
0
0
0
0
7
0
1
0
0
0
0
0
0
267
96
342
1
53
0
1
0
30
0
0
0
0
39
1
0
0
420
0
1
863
1
1
0
0
0
0
0
0
0
1
0
0
0
0
9
0
0
0
0
0
15
0
0
0
3
496
0
0
0
0
6
200
0
0
0
0
36
70
240
0
0
0
1
7
90
0
0
55
0
25
183
6008
261
0
45
18
0
0
0
0
0
0
0
1
1
0
0
0
1
0
0
0
0
1
0
153
0
10
81
4
162
7
0
0
0
65
2
0
0
2
0
112
0
0
0
0
63
0
0
1
0
0
5296
0
0
0
12
9
0
1
685
2
2
0
0
99
0
0
684
0
0
0
0
0
0
20
0
0
1
0
1
15
58
0
0
1
0
406
0
1
0
2477
0
5
10
0
1
0
1
0
0
1
1
10
0
0
0
0
1
164
0
0
1
0
1
9
127
0
0
0
23
0
0
116
4125
6
4
0
4
18
1
0
7
12
1
52
6
0
0
1
10
0
260
0
0
0
0
0
0
0
0
0
0
29
1
0
0
0
2239
0
694
0
0
0
1786
0
0
11
335
0
0
0
0
26
0
0
0
0
43
30
0
36
0
1
42
60
0
425
10
0
597
4
0
3
0
0
737
0
3262
19
44
0
3532
4
27
9
0
0
0
31
1
3
3
0
0
0
0
0
0
0
1
0
2
0
6
0
2
6
1
0
0
44
8
0
0
0
48
1
32
14
0
265
2
21
1
0
0
0
0
0
105
1
57
2
0
0
0
1615
1028
0
0
13
5
0
8
0
150
0
0
3
3
1006
1
0
0
0
75
0
0
0
5
1
0
0
248
0
12
0
3
0
1
3
50
189
27
0
1
0
0
0
0
1
0
0
0
0
0
0
0
0
0
0
41
3637
0
4
523
108
0
0
1
1209
13
0
0
0
0
0
0
0
68
0
0
50
8
4
45
3
0
0
0
0
0
0
0
0
0
1
434
0
3
0
3
1
5
0
0
15524
69
0
0
1
0
0
1
0
223
0
0
0
0
3
243
1
0
0
22
2
0
635
0
0
0
19
0
851
0
444
87
30501
6026
7927
87
314
18672
16
100
23011
11
261
15065
1612
5285
20832
274
14345
29173
12859
1877
169
160
29294
15493
5104
1612
38
11586
6
16914
17343
1612
25824
24251
27270
408
4220
14809
2704
4298
87
842
408
845
48
320
116
10528
38
163
2188
147
160
603
4
147
15660
87
1887
87
6944
13508
793
2
32
190
10
1265
48
416
786
9835
0
354
180
11208
11
176
19985
298
2
112
1023
3
30
6304
6
5425
202
11
5788
111
12420
42
11192
4768
413
4
2
3113
70
6
1
167
10613
721
0
50
1050
343
105
3310
5254
5580
1342
2
512
2168
82
52
36
0
40
13899
1
31
44
2028
5037
1971
19870
0
2264
12861
402
1593
16
2914
0
0
0
75
0
8490
0
0
1
14274
15565
73
0
13
277
2
23
520
1635
0
29
2716
48
13
112
3460
405
1726
3
157
11
0
52
0
21
0
355
2702
18
24
447
2
0
20
366
105
0
205
5941
12
0
3
122
11
159
67
2
1
414
11
4
2142
2841
1
3221
340
0
24
12
0
8158
4497
1
253
94
1213
16799
30
38
0
262
0
0
3010
0
111
7
8490
0
0
110
78
94
608
127
1008
10675
70
0
0
2
1
50
2
2
8715
241
236
3
0
14
0
17
281
8
137
1067
0
89
10
9
103
13
5239
363
95
82
22
2
2035
28
3
7602
360
348
18
93
37
4077
3
415
45
0
4
0
1
9860
34
7159
56
33
7
1
1
0
16
0
564
96
0
0
0
5250
196
271
19
0
8
8
36
4
337
120
31
0
2323
0
0
0
1148
5677
228
100
6
145
1
3681
291
652
133
235
71
243
8
1697
2461
21
28
0
4
1
5
0
33
3
235
25
55
2291
30
784
61
91
184
0
8
2
2
6773
146
0
27
91
18
1
4335
3
4
162
4103
17
0
236
3
9
0
2
4
2
198
56
2759
2397
4
28
67
0
22
1486
1167
24
13
7
67
5
125
4
15
2
4
38
1
0
1
77
2
0
103
10
0
4
47
357
13
0
0
9
1
2
0
2170
3050
1
16
37
0
1909
121
1
30
3
154
33
594
3
40
109
0
8
299
0
0
7
1
256
0
594
27
3345
64
1858
143
4
10948
1
17
7
10
2
0
0
61
0
955
69
127
0
0
0
0
71
2145
7
3
0
0
4
31
1
1313
89
177
4
2
1
821
2772
0
0
101
19536
0
37
2
1
4
11
3
259
3629
0
286
2523
0
283
416
74
0
0
68
0
1
3
44
36
51
3936
2
5
111
10325
1063
7
0
731
0
0
1345
0
0
0
3106
0
0
0
1048
0
0
0
161
3
3
8
9
0
0
60
73
0
8
5
114
27
0
2
1
3085
30
45
1
12531
7255
4
15151
7
0
2
629
6
0
0
502
7875
0
89
1
2
1316
0
2
79
3827
0
348
1
1059
1107
0
0
0
1
45
7
45
0
3
3
3
0
101
0
1
2
20
0
1
0
0
917
225
0
86
35
2
26
5
3
0
3
9
45
22
122
4
0
119
0
0
0
0
0
0
6953
1157
0
53
473
0
14154
3
45
466
0
0
4
2287
1
0
3483
0
295
1321
85
0
20
3510
5
0
2
3
449
0
3
26
1
1
20
114
3
17
40
72
658
431
0
9
1175
133
4
36
15
1390
1
5
24
892
23
0
46
1
3328
1112
298
1967
160
0
154
0
4024
1
0
37
210
10
0
6155
61
0
8
6
5353
0
8028
37
4
179
3
1
0
2
0
2
0
0
3
1
2
41
21
35
0
11
12
0
59
9
28
23
0
0
3333
12
18
117
1
6
1
20752
4
1
0
637
138
2
11
662
0
46
1
0
1
1
2180
3
0
3
0
0
0
0
1
65
94
1
1
21
48
1
4968
110
32
28
0
5
2
0
0
69
4
608
2
8
0
6
6030
6
32
0
1666
1
2
12
1
12
12
34
154
0
12
0
24
64
2
3
15
54
0
0
0
1
2
0
0
0
3
8
1
10
1189
1
2
150
1
0
1346
26
152
3
678
5
0
7
7
1
0
0
0
5
22
0
1
1
2
44
3
0
23
0
1223
6626
0
1051
6
2
4
1
0
0
0
0
0
0
420
0
776
9
239
1
0
0
29
1
1
1583
0
1
1979
0
7312
1
1
11
53
54
0
3
2
0
106
2826
0
0
0
2601
0
43
0
255
0
0
0
465
3
11676
3
43
0
11
182
0
0
0
0
17
0
2944
762
0
0
56
2226
0
0
0
12
53
1
0
3
19
1
15
8
0
4
134
0
3
1
0
0
0
19565
2
1
1853
8
7
1430
101
37
1859
0
2075
7
26
0
9
0
7
9
2
0
0
1
51
0
371
2
1
0
3
6
0
0
0
0
564
38
1
0
3
0
0
29
225
1
0
3
2
144
46
0
0
43
0
10
1830
428
0
94
1
63
9925
0
3
3
102
0
2
2654
0
3
6
21
5896
247
84
43
0
9
18
68
0
1815
12
34
17
1
100
1
1
31
0
102
17
12
3
0
30
2
0
2
1439
0
0
0
11
2
9
180
2
122
56
0
6891
71
0
1
35
7
0
6
2
279
143
0
55
1
1664
46
0
5
23
179
1
0
15270
1
123
2
18
0
16
4
1459
0
0
0
205
196
6
1
66
3186
4
14
3
2
92
8
0
0
7
0
0
2808
4
18
1
84
0
1167
78
13662
33
6
1
2
1
1
0
0
0
0
42
0
0
20
0
1
1
14306
534
7076
2
0
0
9
3
20
335
37
6
1
4
15
117
28
3
39
0
0
0
0
0
1297
9
16
0
0
1
13
1
3
0
0
1
1
8
0
0
0
15682
0
19
217
933
0
0
4
0
2
3
0
915
3
2
73
2
239
3
0
0
12
0
29
0
1822
20
3132
554
3287
0
5
0
155
170
30
294
0
262
17
278
43
0
4
1
1
0
0
1
0
1
185
295
88
0
78
130
0
0
0
785
58
987
5
58
61
0
0
0
1
0
5
91
0
0
0
324
9
0
146
13
1660
0
4
12
8
794
0
0
5
32
0
99
89
5
12
1742
23
1504
491
2770
0
1044
8737
6
0
0
0
0
0
0
4385
0
0
918
80
1
4019
1
5
0
0
0
0
4
3
29
2
0
2862
0
1
497
0
0
0
0
0
192
1
2
1
0
12354
0
2
0
45
1057
2
0
0
0
12
0
2
5
10
6
0
90
0
0
1
2270
30
4
2
231
0
1
189
17
143
126
7
0
95
0
37
0
1826
2
0
1
0
0
8
12
3
0
0
37
177
156
0
0
0
143
4
257
779
58
0
2
1
2
22
13
21
114
12
0
2
0
0
3
0
11
326
0
0
0
3
2566
947
0
1996
11
0
2
5
48
0
0
2
85
0
0
52
0
53
0
0
54
1
1653
8718
537
72
4234
0
0
0
5927
10
0
1
1
195
15
19
870
0
1
1
50
0
5
40
7
0
3
0
0
12
2
41
4
2
34
1
0
7
190
0
8
6
0
8
536
0
301
0
19
12
1010
12
1
0
2
2
0
18
0
1
6
1
0
1917
0
2372
1
1076
19
8
0
28
8
0
5
0
84
0
0
20
1
0
33
0
12
1
0
0
1
0
409
4131
0
1
1506
0
5
0
0
6
6
19
1546
0
45
11
0
10
18
0
12
0
148
0
0
8
1
0
23
12
0
0
0
1111
10
0
0
1
1
1
0
0
0
5
0
70
5388
61
4
0
1
57
2134
0
10273
1
1
0
0
1
196
53
0
20
0
612
0
0
208
82
0
0
0
0
4
0
239
0
40
0
4
7747
159
3
0
11
1574
0
62
0
25
163
3
107
2
0
77
5
0
0
3
16
1386
15
2
165
12
951
0
323
1350
1017
50
1
1
0
57
0
447
0
616
0
1
1
0
0
0
0
0
2
0
5
2
3
805
1
60
1
12
8
40
3
0
0
2
335
11
0
19
18575
753
1
0
2
373
0
68
3
16
0
3
0
4
507
0
0
2
1
0
0
0
16
2
626
86
96
168
0
7245
1706
6
839
1
1
4
399
1
0
3
0
0
12
0
0
0
3
0
0
0
1
49
116
19
0
0
74
0
20052
2
0
0
14826
0
19
1
1
9
211
406
2
0
0
0
35
46
11
204
107
13
0
9
3
3
75
0
0
1
160
2
1904
21
2
101
1
14
47
28
0
0
4
10
0
12
14
0
11
0
1
0
64
0
172
27
27
0
2
0
306
688
0
17
0
1
8
0
232
75
0
370
0
36
23
2
0
311
6170
0
0
479
45
264
0
3
0
0
0
0
7
5
816
0
2
5
9
0
4
285
402
1
6703
5
2492
23
9
2
4
79
1
0
2
0
2
0
2
2
295
367
27940
2
79
4
8
52
10
1
2
18
1
0
9
3
4
0
1619
0
6
1
0
9
0
0
0
0
8
6
0
0
6
131
11
18
7
0
3
14
3
0
0
0
0
0
42
3
1805
0
3
212
776
0
0
182
2
1
0
1359
9
3
0
0
6
5
5
6
0
0
0
0
0
0
0
2
1
655
0
0
5
3
752
414
0
0
52
5
2493
270
0
1
7
0
134
279
11
1
2
1152
1
0
0
193
245
2
1
0
0
0
0
0
0
0
0
0
0
2
0
0
0
9
0
178
0
0
9
284
0
27
0
125
16
0
0
1
0
2
1
12
30
0
1
6841
1
2
17
10
0
150
7
18
0
0
0
0
1
1
454
2
51
0
41
11
0
0
0
0
0
100
0
7
0
12
0
1
1
36
161
83
0
0
0
0
1
13
0
32
11
0
1171
2
612
0
58
9414
37
442
0
1688
0
0
13
1
0
0
0
5495
0
45
43
1510
0
2
5
0
0
0
5
0
10
0
21
0
10
5
0
0
14
0
1
2
0
0
1
57
0
0
3
0
0
10
187
4675
0
23
0
7
0
78
0
0
105
0
1
0
3
2
40
336
2
1
0
0
0
8140
491
0
246
512
0
0
2
0
4
9
256
597
4
1
161
18
0
0
0
0
15
25
10
0
0
4
76
44
3
3
64
0
44
0
12
4
5
7
1
92
0
511
4
55
2
4
11
441
1
6
48
16
0
0
35
34
0
2
0
19
10
1020
0
1294
0
0
0
0
1205
0
1
466
10154
3
0
1
0
0
239
0
0
0
116
0
0
0
0
4
1
1599
0
281
0
0
17
59
464
0
0
1
5
2
1
13
48
41
0
7
0
1608
0
0
1
0
0
0
0
40
3
27
4
130
0
0
17
15
0
1
16
0
0
1315
249
1
1
3
15
12
0
1
0
186
334
0
0
3
2
7
2
0
0
0
1
1
50
3
0
14
0
5
11
1
31
0
0
12
43
1
0
28
3
8
0
1
39
4
1
92
0
2
90
126
565
1
6
0
2
72
0
1
19
1
1
44
3
248
0
0
64
0
130
3
0
0
0
0
0
59
0
254
0
45
0
0
4
8
0
9
1
0
1
0
0
25
11
72
78
683
0
3
0
117
8
9
0
0
0
0
116
10
0
8
0
0
0
11
3
115
0
0
1
3
1
1
4
6
1
78
3
0
0
17
0
0
0
4
0
0
0
97
1648
0
0
0
0
0
0
8
0
1
0
9
76
23
4
93
0
2
3
0
1568
177
0
46
0
8
6
6
0
20
1
105
1
8
3614
93
22
0
0
5470
0
141
0
0
703
15
12
1
949
6
128
0
0
32325
2
32
6
0
5
1
119
0
0
3
6
0
3
1
125
0
184
1
5
9
2
1
8
22
0
3
1
0
0
0
3
2
8
1
0
5
12
0
59
0
0
0
297
0
4
0
3
0
0
3106
0
0
18
5
0
0
17
69
1
0
46
18
0
4731
159
4
13
0
0
56
0
19
0
0
9
0
0
7
106
1
1
1
5
30
0
0
7
0
3
4
79
37
5
1
0
0
0
1
154
0
423
1
891
0
0
834
0
2
8
74
8
1
128
1
4
8
1
0
6
14
0
0
8
7
1
92
44
74
607
9
0
0
163
0
8217
4
0
0
0
40
0
756
1
1
7
4
67
0
12
4
20
4
0
0
0
0
162
1
2
421
53
0
1
0
18
0
0
32
0
0
4
1
35
0
0
2
620
0
0
11
10845
0
2293
0
0
1
43
2
5
203
0
1625
0
0
30
3
31
0
131
0
0
172
0
0
0
27
0
104
2
1
0
320
3
26
9
7
0
171
0
0
0
6
1
53
1
1
319
1295
0
4
1
82
1
101
10
572
22
171
2
0
2
0
26
0
0
1
4
0
0
142
1
0
64
2
0
2
0
0
0
22
11205
155
953
2
1
37
0
0
0
29
1
5
454
3092
2
0
0
0
1
0
0
9
0
0
0
2
0
0
2
0
5135
950
30
0
13
0
0
195
2
0
1
12069
0
11
0
0
18
0
0
1
5
4
20
32
17
3
0
5
237
1
0
1
0
0
7
42
2
0
1
7
0
0
0
30
0
0
0
159
957
476
0
116
0
0
760
11
12
0
0
0
0
2
6
3174
12
27
0
9
7
0
10
507
207
3
232
2394
34
6
0
120
0
0
0
0
109
33
0
1
0
0
5
1
0
1
64
3
19
87
259
0
1
0
174
1
1
1
326
912
37
5
2
3
0
0
360
8
0
3
0
0
0
173
2
1
0
0
13
13
2
0
0
1
0
3
3691
0
502
2
1
0
5
0
9
1
458
64
0
0
19
1387
4897
1
0
9
5
1
1
101
24
11
0
12
194
1
0
0
55
0
0
0
0
260
0
530
157
0
575
0
1
176
1
0
1
12
0
0
0
2
70
2
59
38
12
15
51
66
4
80
0
13
0
0
16
2
65
12
0
0
0
0
189
0
0
6
1
0
0
0
47
4
7
0
12
2
2
2
2
12
0
1
1
237
532
0
21
505
37
0
1
0
1
8
2
93
0
6
1
19
1
0
1245
1
60
2359
0
13
197
11
3
0
19
0
2
0
0
0
55
0
9
12
0
1
1
0
27
1
0
1
3
32
0
3
0
28
1450
1
0
27
1010
1
3
1856
0
0
0
20
0
0
0
200
31
0
0
94
0
326
0
50
0
2089
0
0
0
0
123
0
0
0
5
41
7147
0
3
0
1
14
8
2
0
0
0
37
41
0
447
3
0
65
93
7
19
0
233
6
0
0
1925
0
1
19
1
1
50
65
68
53
0
0
48
20
0
170
1
305
141
37
478
290
8219
1
0
103
7
0
87
1
0
2
108
1
2
0
0
1
3053
1
36
1
24
0
9
28
1
0
0
67
0
9
533
1
24
44
7
49
0
30
43
0
0
1
49
0
2
1
35
0
0
104
1
0
0
19
0
0
131
0
0
1
0
105
0
0
0
83
348
774
1
0
7
0
0
0
0
0
942
3
8
375
0
2
0
0
10
0
0
8299
1
0
321
28
1
3
0
0
0
1
2
0
0
0
235
165
0
0
2
73
4
680
13
2
2
2
0
84
0
0
1
0
0
1739
0
0
0
0
2
0
23
1
173
1
0
12
2
0
12
0
5120
6
1
0
0
0
26
2
3
0
48
16
3
587
0
1
0
0
0
67
0
0
0
17
0
65
0
3
46
8494
0
3
23
0
1
1
3
4
7
0
0
0
1
0
0
0
50
32
0
0
3
0
11
7
16
47
3
6
0
0
10
2
23
0
1
5
0
0
0
0
0
0
0
487
4
1
1
0
81
0
0
2102
3
0
0
1008
26
0
0
1
19
0
30
2521
2
0
0
0
0
1
1
1
0
3
0
0
0
3
5
356
0
52
0
116
0
0
3
1
0
0
0
7
0
0
0
1
0
19
0
0
0
3
8
0
0
1
4
0
13
3
14
21
660
0
20
6
46
0
0
1
2
0
3
0
5
1
0
0
0
0
0
567
0
921
1
0
4200
162
1697
6
0
1123
25
36
9
33
0
14
385
5
15
0
0
0
0
2
0
1749
259
41
0
1
1037
34
181
3
4
284
0
0
1
0
0
0
5
626
2
0
157
13
979
18
0
0
26
2
499
2
28
1
0
4
0
5
0
1710
0
3
0
3
0
0
0
77
2
12391
5
1976
9
0
102
1
1
0
0
5
79
3
20
0
0
1
29
5
0
1
0
30
2
0
6
0
4
7
93
5
294
0
91
6
0
136
0
3
14
4
2
1
0
0
1
0
0
1
5
0
0
0
0
41
5
0
23
146
0
49
0
0
0
210
0
0
12
0
0
1
996
8
1
0
0
0
0
0
96
5352
6
0
1
0
3
0
0
0
8
18
65
0
5
1
120
1
1
0
10
3
0
0
21
68
247
0
0
0
39
498
0
2
3
6
4
1
2
4391
0
1192
68
0
0
176
6
2
0
1
5
74
0
0
1176
0
30
10
0
1
16
26
4
2
0
1
12
13
17
2768
0
0
0
0
0
0
16
0
12
0
0
0
0
0
0
3
0
0
26
66
0
0
35
3
4498
7
0
1
17
19
2
0
1
0
43
0
2
1
63
30
0
0
0
0
23
2
2
52
1
4
2
0
427
0
0
3
121
13
13
5
0
0
0
8
3
0
0
0
9
25
112
0
24
234
4
0
1
1
0
0
24
0
0
54
1
1
25
0
46
2
1
0
0
2
42
10
3
1
0
0
0
141
0
21
0
3
0
21
1
0
0
0
0
15
4
1
17
1029
5
0
0
4
1
5
1
2
0
0
1
2140
1
4
404
1
0
0
11
41
1
67
11
0
1
0
1
0
5147
1
0
0
0
162
65
10
0
2
0
0
617
0
0
0
0
4
3
0
52
137
0
1
0
5
36
3
286
0
0
37
7
3
1
0
107
1
0
1150
6
0
0
0
0
1
0
21
21
121
0
18
7
5
119
1
3
3
14
1
0
0
8
0
1
0
31
81
24
42
14
9
0
21
11
1321
282
0
3
0
8
3
0
12
1706
24
99
7
0
0
0
1697
0
1245
0
1
1
35
6
0
491
161
5
0
0
2
23
0
1
0
0
1
17
0
0
0
0
0
0
4
58
0
0
3027
12
0
202
2
2
0
0
0
1
0
24
114
307
0
0
0
0
0
2
0
0
408
940
1
0
1
0
0
0
545
2
620
0
47
0
278
79
0
30
65
12
0
0
0
0
12
7
10
0
0
321
15
0
18
14
1
1080
1
2
61
2275
8
0
0
6
1
20
2
0
0
5
27
4
38
520
1
0
0
1005
3591
25
2382
0
12
13
3
0
0
0
4
0
74
0
76
9
0
16
1
0
0
0
0
9
0
0
0
67
0
6
134
0
63
0
3
23
2
21
0
31
1
0
0
0
1
0
1
35
0
4
0
0
77
10
0
49
18
0
1
0
20
0
7
851
17
2
579
102
3
1
6
2
168
0
101
0
2878
444
1
2
982
265
0
1
684
178
204
68
0
0
78
26
290
2
8
1
117
1
7
517
17
1
50
2
111
0
47
54
6
0
1
0
0
80
23
0
5
1
0
0
0
10
0
2
2
0
5
0
1
0
0
1928
0
4
22
23
0
0
0
0
104
1
14
1987
1
9
0
0
0
2
106
4
6
79
1
0
0
0
1
0
2
10
0
620
0
3
146
0
6
0
3
2
0
0
0
0
23
14
0
204
0
1
1
413
0
4
0
1
8
0
0
85
0
0
0
3
304
0
580
713
0
0
3
31
0
0
0
0
2
0
8
0
2
59
40
2
3847
0
172
1
0
0
0
0
2
16
0
10
0
1
0
403
10
8307
0
0
1
20
26
0
3
132
102
36
1
0
1
1
94
20
1
31
0
1
406
0
87
2
0
311
107
3
42
6
0
957
6
0
2
245
137
61
12
5
0
0
144
6
0
0
1091
0
6
2
0
0
2
0
5
0
0
58
0
0
0
1
24
21
0
130
24
3
1
0
0
89
19
36
2
0
0
0
2
619
0
0
5
0
2
10
1
0
0
0
1
0
4
15
160
0
1
0
47
3
1
1
8
76
0
1
274
0
0
70
6
54
18
5
16
0
1
0
15
0
0
7
1
4
0
9
4
2
0
17
0
1
0
0
5
4
9
2
0
0
0
1
0
0
0
27
177
2
0
0
1
0
1014
1
816
0
0
0
2
12085
0
0
0
0
15
0
158
0
0
0
76
0
0
1
0
359
3
8
2985
254
27
3
0
0
0
5
0
4
67
453
459
59
3
0
0
0
21
2
0
170
333
0
3
30
1
3
3
0
3
662
0
14
10693
0
15
6
421
41
729
3812
1640
6
3
834
29
0
0
0
5
3
33
0
0
5
26
0
0
0
86
0
0
0
15
0
0
0
1
67
0
169
56
21
41
0
1
0
2
104
0
36
5
0
8
0
0
2
0
4
0
4
1
1
0
0
1
5663
722
2
0
3
0
272
0
0
77
0
21
8
70
0
2
31
742
1042
2
0
35
19
2
0
76
0
0
1
156
40
0
2
21
3
0
2
1
306
1
0
0
104
1
0
10
208
4
117
0
7
16
10
1
96
176
1
16
9
0
0
25
27
5653
5
0
7
2
551
1022
1
0
2425
968
0
18
27
18
0
930
11
1
75
263
733
6739
1
1
76
2
0
0
5
1022
242
5
16
26
1
11
0
1
63
1
3
0
6
0
0
0
0
6
0
3
650
1
3
9
12
51
162
168
0
0
15
7
0
0
4
0
6
1
0
0
0
208
18
3
5
262
8
2
0
22
2666
6
12
0
3705
123
390
1
0
3
621
0
14
2
1
3
2
1793
6
315
0
14
4
4
1
0
3752
7
1868
12
11125
3
21
0
0
0
0
2
0
0
133
0
2
19
11
0
0
0
1
5
1
2122
8
9318
167
18
0
0
322
46
39
161
2
7
0
23888
0
2
16
0
1
3
4
1
9
0
0
0
56
23
0
1
21
1
0
47
0
0
0
1923
35
0
1
0
0
19
33
0
20
66
0
0
4
0
0
0
137
5
2
0
80
4
1
59
825
0
0
0
235
0
15
321
0
5
4
2
0
8467
1
2
0
61
9029
1
648
9978
253
17
18
2
0
0
0
32
172
1
82
1
0
297
67
6
5
2267
835
0
65
1
2106
0
6
2
1627
0
0
0
0
0
0
0
4
1
57
0
90
1510
0
16
0
1
2144
0
37
138
3
2
1
2
0
413
0
0
19
1558
4
5
4385
0
0
1
0
5
0
0
0
1
76
755
3
2
3
44
0
0
0
0
0
2
0
0
1399
0
0
1
1
1
0
0
1
0
21
0
603
10
1
16
2
0
74
18
75
1
754
60
0
1
3
55
6
419
0
0
4
1
0
9740
1
18
449
205
107
0
1
0
0
3
171
70
91
54
6350
151
20
0
0
2
9
0
0
1
0
1
233
0
369
2308
106
6
0
2
8
0
32
251
1
0
0
19
11
14
0
1
0
0
8
2
0
13
5
0
1
4
1
34
0
0
0
3
0
0
8
0
560
0
14
0
30
0
42
0
24
4
75
3
116
1
0
0
0
0
30
1
1
276
0
0
108
12
0
4789
1218
471
6
2412
0
1
168
3
43
2
2
0
5
2
0
8
0
21
0
0
0
41
117
1
0
59
0
21
0
1286
0
0
32
56
9
0
0
2186
41
6
2847
9
10
281
0
0
0
503
0
328
1
0
0
2
0
29
6
687
1
0
10
3
3
9
3
0
0
101
3
0
0
27
1
1
14
17
7
13
0
2
0
0
1
138
188
1
135
137
0
2
20
0
3012
0
0
2
27
867
12
0
76
0
3
0
2
5
30
73
0
0
122
2051
2318
0
10
2
6
1
0
1
0
0
0
1
18
0
1
30711
2
0
0
1
7
2
172
33
0
14
0
4
3
1
8
30
0
0
0
3
0
694
4
1
1
0
32
14
41
0
1
0
27
4
150
72
5
0
0
0
0
0
0
21
1342
75
11
0
0
0
1
1
2
2
0
0
0
2
14
0
21
0
0
320
1
0
0
107
0
5
0
39
184
50
0
0
0
28
84
0
0
2
122
0
13979
61
14
88
0
4
6
381
413
2
102
17
68
265
0
3
1086
1562
0
15
1703
0
0
126
33
0
1
0
0
0
72
0
0
60
0
143
0
1
7
0
0
0
2
0
111
13
1021
6
0
88
0
1
12
54
148
18
5
1
3
6
1
70
2
35
70
3
24
1
0
0
0
0
0
0
1
80
52
1
497
3
883
5
0
182
454
7
1
0
0
25
2
403
0
5
60
4
0
0
6
22
0
2
5
2
0
0
0
8
0
339
9
22
0
20
0
3
1
608
2
31
1
646
4
0
0
1
23
0
0
0
288
1
1
14
0
0
8
14
0
9
2517
0
1
0
0
212
25
0
2
1335
14
0
0
1
263
0
0
402
19
8039
0
0
0
564
2
0
23
2
72
513
0
3
1
14
0
2
0
2
2
6
1
2
0
0
4
0
0
0
0
0
4
3
13
2
1
1109
0
0
1
3
6
0
11
0
0
0
0
0
0
1
317
0
4590
0
312
0
0
2
6
160
39
0
0
0
2
0
0
12
0
6
27
939
0
0
10
0
4
0
136
43
0
2
37
1
133
0
0
1
247
1
1
0
0
0
4689
141
17
0
2
0
1
10
8
2
14
90
0
3
1
20
0
1
2520
2
10625
0
0
0
0
33
44
16
7
0
253
5
0
0
0
16
0
0
13
0
0
7
1
0
3
390
0
0
1
7
3
0
0
0
0
0
180
1
1
0
691
0
2
2
0
94
4
0
0
1
1
0
2
2
564
16
3
0
0
46
12
0
49
11
100
4
1
0
0
0
0
23
64
0
0
40
0
10
34
12
0
2
0
0
0
0
21
0
0
5
1743
1012
68
0
4
1487
302
1
0
2
26
109
82
0
21
94
685
0
70
1
1
22
1
116
0
1
919
0
0
7
42
96
0
960
0
5
39
0
3835
0
1
1
105
14
8
83
10
1
0
288
0
29
0
31
0
0
0
71
0
3
13
5
3
1
4
0
0
1
3
4
95
2
0
7668
9
190
0
1
1
2
1
18
3
5
2036
18
11
10
1
22
216
1
114
8
1
0
0
149
0
45
22
5
3
142
0
0
0
236
0
2
0
83
403
4
0
1
0
101
0
3
28
5
2
200
3
0
0
1
1
0
0
0
30
2
2
62
45
0
1
14
0
0
2
2
2898
396
0
0
274
2
0
0
1
125
3
1347
5
0
3
1
30
633
3
109
906
0
0
14
0
23
0
15
0
18
3
544
0
182
0
3
18
22
0
12
0
348
0
355
23
1
80
9
1006
3
23
9
3
28
0
0
113
151
1
14
0
63
607
1
2
60
110
3
3
1
4
2
1
402
0
0
0
2
3
865
1
0
115
248
1
1137
0
10
0
1
0
7
6
0
246
212
114
1
17
14
0
112
0
39
4
7
0
0
86
375
28
0
0
1
0
2
2
10
0
1
7
0
0
3
0
0
806
4
0
0
18
0
1
1
0
0
0
288
0
0
0
0
160
0
5
2
0
397
1
0
1
0
1
34
2
0
4
33
3
22
1
707
661
1
44
11
0
0
66
1
0
15
1
0
0
0
39
14
0
2799
4
101
19
64
0
1
1
20
95
1
0
2
0
0
0
0
149
2
0
1
645
4
228
0
0
0
106
0
1215
1
0
12
42
0
4560
1
0
1008
7
2
0
3
0
0
0
13
0
0
70
139
0
6
0
0
16
0
21
1
5
0
12
0
1
0
0
0
0
31
2
0
0
2
0
34
1
21
427
1
0
43
1
208
4
25
10
13
988
0
1
2
1
3
0
63
4
8
38
1
71
6
0
0
0
1
41
41
0
0
10
4
1
0
3
0
1
0
2435
0
0
12
147
0
272
72
110
5
1
0
31
0
11
2
53
5
0
0
59
0
0
0
1
29
10
0
6
0
55
0
327
24
0
234
1
9
0
7
19
0
519
83
349
1
10235
14
3
0
1360
1
1
1
523
41
139
51
0
0
0
0
11
23
1
1
0
1
42
1459
72
0
0
0
15
1
0
27
0
86
0
0
0
2
0
1
0
41
3
1
1
38
9
24
0
0
284
1265
1
13
83
0
1
31
0
245
2
1
66
4
0
3
59
23
2673
3
1
194
0
1
0
0
377
41
56
20
0
75
17
2
83
0
0
0
11
26
0
0
12
0
0
0
0
16
0
1
9
1
6
2
21
0
0
3
0
46
14
6
0
0
1
10
1
18
0
1749
5
16
0
12
24
47
0
209
1
7
1
2245
0
0
0
1
0
23
0
3
40
2
1
2
0
0
1
0
49
12
0
0
4
3
0
46
368
3553
2
0
2
0
2
242
2
1
14891
1
51
1
67
40
41
18
49
1
6
0
4
33
10
0
3
19
5
88
0
1
3
2
0
0
1
32
0
10
0
11
173
0
0
4
26
9
1
0
0
157
0
1
8
123
77
5
4
12948
0
18
0
4
0
207
0
676
0
8
0
0
14
0
0
0
2
12
177
2
0
24
0
2
91
76
36
189
23
0
351
4
0
34
29
633
0
2
18
13
4
0
0
25
1
0
202
1665
0
0
1
4
1
0
557
9
0
0
332
85
3
4
1
259
31
6
0
1
15
22
1
1
955
46
9
156
1
1
0
228
2
1
0
9077
0
7541
1013
1
0
32
547
0
214
3
0
2
1
102
24270
0
18
30
279
2
10
0
1
5
2
0
10
9
0
11
1
1
10
1
0
18
22
0
0
63
0
95
62
1
6
1
0
0
3
0
0
0
236
0
42
0
0
2
10
78
1067
1269
638
38
31
6
0
2
34
6203
415
0
0
72
9
5
21
0
6752
1379
0
712
31
0
25
19
23
0
0
1
37
47
1
81
4
2148
18
21
2
1
0
22
1
77
0
9
19
9
56
0
0
9
205
0
0
13636
1
1
199
0
2
0
17
0
72
0
2
1
10
0
0
1
0
0
4818
0
3
6
12
0
0
2
69
6
0
0
11
0
0
0
355
0
0
1
18
0
23
2
1115
0
7839
0
1
0
0
1
192
4869
0
2
1
2
2
2
258
5
223
7
0
668
15
13
0
151
0
0
148
0
0
0
811
91
15
1
0
0
32
3
45
1
375
107
1
0
7
296
66
0
0
0
389
0
613
0
0
0
0
146
1281
0
0
9103
0
6
0
0
0
2
0
11
1
12
27
569
2
0
0
216
11
2976
529
0
0
0
9
2
0
0
2
5
16
0
0
20
4
0
3
0
48
3
16
0
0
59
0
0
1
1495
64
0
0
68
2420
17
53
0
102
0
0
14
19
0
2
9
3
0
0
1
1
22
21
0
14
38
9
47
143
176
10
2
1
0
1
0
3
0
0
0
97
1650
1
4
14
0
0
64
0
26
1323
5
74
0
0
0
16
0
0
5
1
3
0
0
9
0
638
910
28
7
28
350
0
0
1
3
45
0
1
0
0
0
0
14
2
0
2
0
0
16
16711
153
402
15
1
1
0
67
0
0
0
0
0
0
21
18
1
1
0
29
0
0
7
1
9
247
0
10
97
3005
0
52
45
35
0
23
0
26
14
0
34
0
0
1
62
0
105
1
4
4652
0
9
0
76
102
140
736
166
2
1
2
4
0
3
3
97
4
3
2
0
0
0
2
786
0
1624
4
16
1
2
33
160
1
1
210
0
12
201
4
1
4
18
11
3240
2
12
0
0
0
1
1
282
0
1
0
1
0
2
715
78
11
0
0
0
0
0
0
8
0
1
2
0
221
20
1
50
0
0
23379
64
3
0
0
1
4
0
4
349
6595
79
0
82
1
0
244
0
0
0
0
53
987
2
47
0
0
4
0
0
2
33
0
0
3
121
0
0
1
23
6
1
0
7
0
0
10
0
1
9
0
0
2
0
11
3
15
1
1
0
0
27
0
2
0
2
2
0
0
5
80
0
0
0
4395
0
4
0
5
0
0
18
52
18
17
0
427
2
0
0
0
1
1
0
14
1
220
0
0
0
0
1
4
119
17
1591
3
0
8
485
0
8
0
1
0
0
6069
1
0
3
0
3
0
0
0
1
0
4
17
0
136
0
0
0
0
85
10
0
0
550
0
15
2981
7
2
0
0
0
40
3
10
425
2
0
0
5630
43
3
41
0
0
80
275
0
882
2
0
17
0
0
0
0
0
0
1
0
2
1
0
0
15
1
30
317
52
0
231
0
1
4
0
1
2
0
1
0
45
0
0
0
0
45
26
0
1
0
0
13
0
3
0
0
0
0
87
0
1
0
2
26
1
0
0
323
353
825
3
1
47
25
66
11
0
2
153
2
2931
51
6
87
0
301
1
0
2
1
0
0
83
5
0
0
20
22
0
0
0
2475
76
2
0
6
0
29
0
67
0
0
94
0
0
173
3
47
1
0
37
4
3
2
13
950
2
0
0
115
1528
6
0
1
1
0
41
0
15
2
5
2
471
11
4
0
16
66
0
0
2
2
0
6
83
1
0
10206
0
0
1
2
0
46
2
3
1
0
0
87
0
0
0
1
117
0
1
0
1
0
1
4
1
0
1
8
0
8
0
0
5
7
8
168
4
0
22
13
0
4
236
1
5
2
74
0
18
2
2
0
0
54
1
0
1
0
109
97
0
133
205
21
0
42
0
1
3
0
7
0
7
21
0
11
0
0
0
0
2
235
0
0
114
0
0
0
0
0
0
0
260
16
0
1
0
3
79
307
21
0
8
0
239
2
1795
879
5
0
329
20
0
0
291
251
237
0
5
0
72
0
0
0
2
1
14
15
52
51
651
0
483
6
0
2
14
1
1
0
0
159
32
0
0
1
1
2
6
3301
25
0
3
0
1
11
2
1
23
3
0
1
0
0
44
5
0
0
268
5
9
3
7
0
2
0
0
1
662
52
15
0
0
0
0
30
0
14
624
4
0
1
37
864
0
0
36
1
11
0
459
49
10
4
1
0
0
0
591
0
6
10
0
0
80
15
0
0
59
0
0
1096
0
9
0
13
0
0
0
1
10
0
0
0
0
136
4
0
17
0
33
42
11
11
0
93
1621
68
281
1
0
3052
2
0
57
0
22
2
2
18
54
2
1
19
3
0
43
3
187
78
185
1
28
1
0
24
116
19
23
1
0
0
7
1
0
0
4
0
41
0
0
1
20
0
2
19365
5
1
57
6
2
1310
7
0
794
0
28
178
31
0
6
20
0
0
85
18
0
838
70
1
0
0
0
22
0
23
8
0
1
0
14
56
41
1
11
0
2548
0
387
0
0
0
0
17
4
2
96
201
0
0
0
0
27
1
1
0
6
1185
4
684
0
0
0
5
1
15
0
0
24
0
8650
0
10
0
0
66
0
61
0
262
1
25
0
3
0
1
0
0
0
0
0
0
0
5
354
0
44
7163
23
2
0
1
0
1
2
55
24
0
0
0
0
0
36
1
17
274
0
1682
15
0
1
3
0
15
0
0
46
22
15
0
13
55
0
19
2
10
7
3
0
102
0
0
0
20
0
0
0
0
204
126
0
0
0
23
2
0
6
89
0
35
21
17
54
1
0
107
5
0
0
16
0
74
1
5
103
72
0
5
3
0
37
352
557
2
0
0
3
390
0
183
476
2
10
0
482
1
1
15
179
0
1441
0
0
343
0
0
1
148
3402
5
2
1
3
0
0
190
0
0
74
0
147
1
0
6
71
69
0
0
0
0
11
11
14
4
9
0
1
1
2
8
1
339
1
0
0
0
1
8675
148
0
292
0
0
4
0
9
0
12
1
0
153
4
0
891
276
0
0
6
0
0
0
0
500
81
26
22
148
11
2
0
0
0
0
0
0
2
0
1
70
63
0
284
0
1
6
4
1
4
0
28
22
3
0
0
0
1762
24
0
283
13
1
2
6
0
0
0
245
21
6
0
2506
4711
0
0
0
5
0
522
3
1
0
1
11
219
0
1
6
2
171
9
112
58
45
1
0
0
19
13
4
0
5
0
3
9
11
54
28
546
3
0
0
1
274
121
0
0
0
17
36
92
594
0
0
2
29
0
0
2
0
251
1
2
7
0
0
1286
3982
1957
3
9
66
6
0
0
1
0
6
2
188
3
0
12
3
9
215
52
0
0
0
77
47
18
0
0
29
54
0
19
13
3
1
2
2
13
0
82
0
1
2
0
16278
938
1
0
2
11
0
18
5
1
549
0
0
0
4
0
2
2
0
9
7
19
6
6
230
62
207
0
0
1
0
0
0
23
0
3
1
17
0
0
0
59
1
200
0
384
1
1
0
2
118
0
0
0
5
1
5
0
98
22
1
0
23
4
1699
1
7
21
3
0
1
0
1
2
3
2
17
0
1
1
0
9
2
0
359
3
0
2
0
2
107
5
0
282
0
1
0
4
2306
8
1
10
58
53
0
0
4
0
0
1005
30
32
0
0
0
3
0
42
0
9
0
0
1
0
177
83
109
0
8
29
11
1
0
0
2
3
2
0
21
30
6
0
86
0
1
3104
6
267
2
8
0
0
88
8
0
0
1
0
1
199
8
0
0
0
3
2
0
21
1
9
0
3
55
0
0
0
0
59
1
3
4
32
150
1
54
3
1
0
0
16
332
14
30
2351
26
3
361
0
3
10
41
0
4
794
19
30
1
123
497
12
2
0
3038
0
0
58
0
0
0
0
49
631
0
7
0
54
0
9
0
2
202
0
5637
471
0
0
9
27
0
1
3
5
0
0
21
1
1
29
0
0
15
108
20
678
0
0
40
3
0
105
38
1
215
1
1
18
0
0
0
95
0
3
4
7
52
7
22
0
242
19
136
294
3
7
0
11
1
1
35
590
0
6
853
0
0
0
126
0
0
0
1
0
48
6
399
33
1
13
0
1
5
0
0
14
3
765
0
1310
2
0
2034
0
0
0
1
2
12
5
0
0
19
430
191
107
0
0
2
0
5
467
121
0
0
0
2
4
1
0
479
8
0
1
2
3
0
0
0
0
4
3
0
4
0
0
1
0
5
1
33
3
8
0
0
8
25
173
7
0
0
0
3243
3
0
0
7
0
21
0
1
9
0
1748
0
1
1
0
5
0
27
5
16
0
7
700
0
0
1
0
7
17
41
0
0
1
1
0
52
941
1
87
0
101
7
1
26
0
11
155
7
0
4
0
0
4
20
9
0
7
26
0
22
2
0
1022
0
0
11
10
4242
0
0
0
25
1
0
0
229
13
1
1
4
75
3
290
161
0
0
6
3
0
274
2
19
2
0
0
0
0
0
15
0
2
58
109
14
32
1
30
2689
59
0
8
0
2
0
0
577
0
32
0
1
5
0
1
1
0
0
12
0
10
81
0
1782
4
13
2
0
1
2
0
386
0
24
0
0
5
26
2
1
3
4
37
1
0
378
3
254
0
0
0
0
137
0
141
52
4
5
6
0
5
14
0
1
0
0
12
2
14
1
0
0
0
47
0
3
4
430
9
1
0
3
0
60
467
0
51
0
22
2
441
13
118
28
1
0
1
2
2131
2
226
2
0
17
0
0
3
0
1110
0
22
318
1
120
33
0
1
7
78
104
0
20
7
4
0
0
4
305
0
0
9
16
31
492
1
27
0
0
0
0
0
0
8
0
1
0
2
62
3
2
0
0
0
59
19
18
181
0
1
0
0
0
84
0
536
20
403
2
0
0
375
0
0
169
0
7
887
10
0
1
5
0
0
2664
342
2
1
31
2
1
15
151
580
0
225
0
0
251
4
0
0
0
8
0
0
16
1
39
11
0
2319
18
0
167
1
0
3
0
437
88
0
50
20
1
1
0
0
1
0
0
8
795
0
0
0
0
0
0
1
28
5
0
2
0
0
82
0
2
5
16
0
22
0
0
1
0
0
0
5
0
12
3168
22
0
2265
1
0
1
27
124
0
5
25
4
6
0
0
36
4
1
0
20
323
18
0
0
81
0
0
0
0
0
4
0
14
0
28
84
1
40
0
4
0
81
0
0
0
0
432
53
0
0
1
130
0
341
12
40
0
59
0
0
0
1
0
0
0
16
52
3
1
2
0
29
126
1
1
0
2
0
55
0
6
1
1
13
0
0
5
9
27
1
8
50
0
1
66
0
0
0
11
3
2
30
0
3
0
324
1558
0
0
0
532
0
4
1
7
1
0
7
19
0
56
4
9
0
2
183
6
230
0
253
4
1
5
1562
235
6
0
0
63
21
0
7
2
0
0
20
0
1
12
1
5
0
29
0
4
25
0
7
10
4
0
0
2
30
0
210
0
733
0
3
36
0
0
43
4
9
14
0
0
48
0
1
2
4827
127
0
66
0
0
2
0
30
1
93
1
0
0
9
1
0
0
3
0
0
129
0
3
42
13
2
110
117
0
0
0
4
1
246
33
0
0
761
0
11
8
1
0
29
7
6
0
851
1
3
0
0
4
0
3
0
1
494
0
1
8
0
269
67
31
3854
9
0
64
1
40
2
0
0
5
190
0
0
735
0
3427
751
171
0
0
44
0
1
0
0
3
0
6
13
2
2
0
1
1
0
1
162
0
2
0
0
0
136
0
1971
0
3
14
87
0
0
5
0
6
115
0
22
0
0
0
0
3
2
67
0
1
0
0
302
2988
0
3
49
3
0
1135
1
0
1
0
2
1
0
1390
0
5
1
375
0
24640
0
3
1302
0
23
32
0
0
16
13
60
0
612
10
48
138
1527
0
115
0
10
5
1
0
0
2
0
0
0
1
1606
1
2
28
11
0
968
2
0
0
5
4
0
581
0
1
6
0
0
16
59
0
0
0
0
72
4
0
4
0
0
109
9297
0
6
4
9
20
55
0
2
9
5
4
3
36
0
12
24
0
0
0
0
1496
0
0
7
2971
199
5
2
13
5
1
9
1
4
0
1
0
55
2
0
0
26
57
188
1
0
3
25
1049
0
12
20
0
26
0
5
0
0
0
3
567
15
37
200
21
1
0
5
0
1
144
15
231
1
21
0
69
8
6
18
0
9
1
0
0
21
4
0
0
88
0
0
37
1
0
0
0
82
0
9
0
45
20
79
407
0
339
1
0
1
67
0
314
393
568
3
0
0
0
74
0
0
49
1
43
0
2351
0
10
2
6
0
0
31
2
4
57
2
9
1
2
5
3
2
2
0
0
1
23
155
11
72
4
0
0
0
1
0
0
0
0
0
0
0
3
876
1
25
0
0
231
13
1
121
3
734
1
13
0
10
0
1
0
9
1
0
12
6
1
0
2
8
19
2
0
0
5
1
0
5
0
0
0
2
637
137
7
12
0
84
7
0
0
1
0
0
0
0
0
0
1
3
5
0
0
0
0
12
21
0
14
0
0
0
0
0
264
17
7
3
230
36
0
886
0
10
0
0
0
0
0
11
52
320
0
6427
0
6
1
0
0
0
415
0
0
2
0
0
0
0
1
0
5
1
0
0
0
28
0
82
1
0
0
1
0
1
0
26
54
13
3
1050
13
1086
0
0
1535
0
62
1
24
0
0
99
1561
1
12
0
27
0
0
1
2
0
130
0
0
0
0
0
2
356
2
0
0
0
4
6
94
3
0
0
13
17
1
62
6
0
0
1
36
0
0
2
50
0
0
0
0
3
21
0
151
2138
1
128
0
483
0
0
5
27
0
0
24
20
18
2
3122
0
0
231
0
0
84
0
80
0
0
0
0
3
129
2
0
3
0
29
1
5
0
0
1
0
0
2
1
3710
0
1
0
427
13415
36
0
0
1
0
30
0
2
14
0
64
2
6
0
1
5
16
2
24
2
1089
63
0
1
2
12
9
1
1
7
9
5
18
1
0
4
0
1
0
0
0
0
4
7
872
1
0
0
0
0
9
267
6
0
53
2
6
0
38
4
0
0
1
2
30
0
0
7550
0
0
0
0
0
0
0
37
0
9
2
27
1
0
28
5
27
1
0
16
1
0
1
0
0
0
12
0
1
4327
3
95
0
0
0
78
3
1
10
3
0
122
45
12
8
0
248
76
0
2
24
0
3
0
4
19
3
6
0
0
10
518
1
1
0
24
0
76
96
0
5
0
30
0
1
1
155
1
458
4
0
11
0
0
84
1
0
1
1500
1
10
3
3
282
31
33
0
23
0
17
4
385
0
3
0
367
7
19
1
6
0
1
0
1
0
0
7
0
34
69
82
51
4
1
4734
0
0
0
0
0
273
3
181
0
0
0
0
0
0
3
65
1864
0
8461
6
0
27
15
0
0
150
0
0
188
0
0
0
0
149
24
0
0
1
3
1
12
231
10
0
2
8
1
1324
0
99
5
0
200
255
104
0
8
5
1
17
9
4
7
11
0
138
170
0
0
10
1
324
2
0
12
170
1
10023
23
6511
0
3
376
0
0
1
1
5852
47
1
1831
1
0
3
0
4
13
0
3
0
0
0
3
5
117
1
0
70
0
2
1
0
1
0
0
495
0
0
230
51
0
108
10
1
1
8
63
1
0
11
37
364
0
0
4
0
14
1
2
0
19
3
4
0
0
0
0
0
0
0
11821
4
6
717
0
7
0
2
2
4
24
4
8
0
12
0
1
768
324
1
0
4
0
0
5
0
0
25
7
144
0
3
0
5
234
0
142
102
0
0
12
5
1
23
7
0
1
35
1
0
1
232
0
1
2
13
2
1
0
92
12
0
0
0
561
8
205
0
0
0
300
0
0
15
225
0
389
2
0
0
0
43
1
0
0
3
0
126
2
5
3
0
680
72
9
1570
768
26
7
5
1
5
0
276
1
3
0
48
246
10
0
4
1
0
0
0
144
14
11091
0
0
177
0
641
929
0
65
0
0
1
43
0
0
0
100
0
7
10
0
0
3
0
2582
0
0
0
1
4
263
0
43
0
0
0
5
0
60
11
55
0
1
82
0
0
1
1613
0
11
0
22
0
1
0
0
50
1
149
0
0
70
0
0
2
1
0
1
0
1
75
6
0
0
65
0
25
0
14
59
0
0
0
10
0
118
62
0
164
0
0
3
115
87
25
18
0
86
0
19
12
0
86
0
700
0
0
78
3
6
1
7
0
99
2
39
0
3
16
14
0
1
7
0
1
9
5
0
0
5
2
0
280
0
17
116
2
0
1461
6
9
176
353
2
9
3
6
0
56
2
1
0
1
0
100
21
0
0
82
27
0
0
76
39
0
0
7
0
170
11
23
0
3
1
0
1595
0
2
49
14
0
0
0
6
0
7
117
0
3
0
135
443
35
8
19
0
0
7
3
0
130
31
44
0
0
0
284
21
47
0
0
2
559
299
1
3
6312
14
3
17
0
4
1
479
19
4
443
0
40
3
287
8
22
192
0
1
0
0
1
2
0
25
1
1
2
1
82
1
1
1
4
0
0
4
37
3
122
1370
2
0
0
0
7
0
2
443
200
34
1
10
0
3
0
5
0
383
1
1
12
1
0
0
9769
7
0
1
6
1
2
5
0
0
0
0
1
7
1775
0
119
9
38
0
40
0
0
0
0
0
0
0
4
1
0
3
0
0
0
0
0
0
2
235
0
8
0
3
26
0
10
480
14
0
3
162
23
0
0
2
5
2
0
0
0
3
0
0
8
3
0
1
28
40
2
30
2
89
7
0
5305
0
1
329
1
12
29
1
0
693
267
3
1
7
0
404
2
156
0
0
31
1
0
167
148
0
6
2
0
5
0
0
37
6
11
12494
3922
1
18
369
29
0
17
0
0
687
5
10
727
65
0
0
18
0
0
0
5
0
1
1
2
0
4
88
7
69
7
0
8
29
1
3
45
9
0
55
0
425
5
1
0
40
404
4
22
0
313
12
7
172
0
5622
0
0
1
1
0
3
0
40
4053
0
2
963
0
129
0
2
2343
5
10
3
41
19
0
0
0
0
0
1
2
0
0
84
0
0
0
0
481
3
48
0
0
0
43
24
0
2
1
0
2
0
17
8339
2
20
8
7
0
108
0
1
125
2
26
37
0
1
4254
28
28
0
0
3
6
0
13
0
0
2
0
0
0
7
23
1
1397
492
0
0
0
0
0
0
0
3
129
0
0
10
3
0
0
206
461
0
2
1
0
2
0
0
2314
1
5
1476
15
0
0
2
0
0
0
0
3
0
2
0
0
6
27
0
1843
0
0
2
3
0
1
6
0
30
204
1
0
8
11
1
1
0
1
2
1232
0
0
6
145
7
2
0
1822
0
3
0
90
0
7
2169
3
13
24
178
4
0
0
1
1311
1
538
1
0
0
1
0
1940
2
359
0
21
1
74
0
1
2
0
1
2
41
3
0
74
64
6438
1
1
3
0
0
238
1
4
296
44
10
131
11
0
0
0
2
13
0
0
0
1
2
38
14
964
0
0
0
0
625
7
196
0
2
0
72
0
0
0
27
0
0
0
0
1
0
8
39
0
0
196
0
24
71
6
0
11
4
0
533
0
13
3
16
3
0
22
0
1152
6
1
2
0
4
414
5
0
0
3
128
1
0
0
0
69
2
8
0
0
92
0
1
0
0
0
2
74
0
670
0
0
0
2
0
0
0
16
3
0
54
0
0
1
0
718
41
38
92
989
6
0
1
4098
2
2
0
3663
0
0
0
0
0
2
2
0
19
0
0
1
12
4
0
44
0
6
5
1
613
0
15
121
0
155
530
9
0
6
6
2
0
1
581
0
3
1
0
0
15
26
0
48
14
1
4
8
7
0
618
16
0
0
101
38
0
21
3
0
24
1
0
0
8
876
0
58
2
2
3
1
0
12
5
0
2
1
26
2
1
0
0
0
36
0
0
0
1
4
0
160
254
2469
10
0
106
2
47
0
0
22
6
4
0
0
46
0
6
1
0
422
0
0
2
0
1
0
5
1
0
0
33
0
0
131
1
2
0
0
2
0
3
2
2507
18
38
888
0
6
7
7
499
104
4
29
0
0
505
0
0
1
10
3
1
1
0
116
1
0
1
0
0
1
35
0
2999
165
20
0
51
0
0
0
1
3
19
0
1202
1
6
0
1
1
69
2722
26
0
9
15
0
0
1
0
0
2
0
1
2
0
0
8
0
2
33
44
2
4
31
1
131
11
3
0
1
0
0
2
0
4990
31
1
475
0
4
0
0
446
95
0
5
1
0
0
0
7
361
39
2
0
0
0
3
0
1074
1
1
11
0
0
686
0
530
232
0
3528
2
1
1383
1
0
0
0
16
0
645
8
0
0
8
1
4
7
3
0
76
0
0
6
1
11
810
0
170
0
0
0
22
1647
7
0
12
19
32
3
0
866
0
10
23
10
12
36
0
15
0
256
18
0
0
243
6
0
15
40
5
413
0
232
0
7
201
1
0
0
1924
0
12
0
0
0
26
97
14
1
477
2
0
7
51
9
3
15
9
1
0
42
17
906
0
0
2
0
0
10
369
4
2
27
1
0
15
276
11
30
17
0
4
0
11
2
0
28
0
6
0
0
332
1
2
14988
4
360
0
10
0
49
2556
1
2
0
0
89
0
3
0
1
6
2
10
0
5
0
1
2
1
1
0
1
259
3
3
3516
35
0
7
0
69
61
3
0
0
24
0
19
69
27
0
1
0
0
10
43
0
167
0
2
0
0
149
0
2
1
7
1
0
0
0
23
98
8
5
0
0
0
0
1
22
0
0
5
1
0
29
1
0
0
0
0
0
10
3
0
0
224
0
8
3
10
0
1
0
2
5
3
0
8
0
0
0
0
0
27
592
130
21
0
0
11
0
21
0
1
0
1
0
0
88
15
0
752
1
0
5801
0
16
31
251
3
0
0
141
2710
0
256
8
0
4
4
2861
0
0
318
2
0
6
0
15
0
0
0
0
20
0
0
1
9
4
50138
6
0
2
249
15
0
0
0
0
4
0
29
0
219
0
0
14
1225
1
0
0
221
3
3
1339
0
0
16
1
117
0
78
6051
4
0
10
1
1156
0
140
0
0
0
4
2409
6
154
0
0
11
123
0
0
0
0
1
62
4
4
3
52
0
0
367
264
10
5
194
665
0
0
103
4285
1
0
1
0
188
4
0
0
0
130
3
1
28
0
0
1438
1
2
0
0
30
42
0
8
0
0
26
49
67
0
0
1
0
59
94
6339
0
1
535
47
14
1
4
4
0
1
0
101
4
174
48
0
0
5
19
8
286
0
1
2
0
0
0
736
0
2
0
121
147
4
103
0
0
0
0
0
0
7
0
2
8
0
3
67
0
1
0
4
34
1
1
35
14
0
0
35
0
1
1
60
5
0
0
56
316
3
1
0
2
0
498
12
162
3
0
26
0
218
531
23
0
29
1541
2
0
0
3
0
0
3
0
4
1
13
0
1
0
1
0
0
0
14
0
2
2
0
5
0
197
5
0
13
36
4
385
120
10
0
25
0
1
85
53
9
0
0
0
1
11
25
0
0
0
9
20
0
13
18
63
0
977
8906
535
2
0
0
42
0
0
2
10
0
807
1
0
0
3
14
19
7
3
0
1
1
8
54
2
100
0
0
0
3
3
0
0
0
2
2486
0
6
0
0
0
0
0
1
0
1
34
0
15
4
175
0
1281
0
36
35
9
37
62
4
0
1
121
7
0
16
0
0
7
0
0
0
0
0
47
0
0
0
55
12
2
0
1
5
31
15
7
2
3
252
6
64
6
3
389
0
0
554
1
9
0
0
0
0
0
0
24
1
440
0
2
0
0
6
11
0
0
0
22
0
21
0
1
0
1
0
95
5991
11
10
2638
1
14
1
0
0
2
68
264
0
0
0
113
57
15
6
1
2614
5
17
11
4
2
1
1
40
0
1
17
40
0
3306
7
9
0
0
4
59
1
0
2
0
0
18
228
1
31
0
3
0
2
0
75
0
67
1
10
41
4346
3
0
174
0
3
0
292
0
2
0
0
0
3
0
5
0
5
2
1534
4
0
72
126
0
4
204
3
1
1565
8
0
1
1
1
0
0
0
7
0
13
0
0
0
0
3
100
12
0
1
31
12
0
33
0
0
14
0
122
1
17
0
0
57
0
0
8
0
7
3
3
0
12
0
0
0
0
4153
0
0
0
21
1525
0
0
0
101
13
1
5
1
0
14
0
1
0
9
0
2
14
0
0
9
0
3229
1
0
856
0
0
0
0
0
9
0
302
0
218
1
0
1
2
0
6
1
27
9
37
8
9
1
4366
9
0
2
2
29
1
0
2
1
26
99
2
0
0
1
17
0
0
0
10
1
667
0
1
42
16
0
1
0
4
6
36
0
0
0
6
106
0
1390
23
0
40
0
0
36
0
137
7
2
17
0
0
6
3
0
1
0
160
0
0
0
5
888
0
2
4
0
14
0
1
0
0
0
14362
24
0
0
0
268
6
1
0
0
2
2
2
6
0
6
0
15
118
2613
75
33
1
0
176
0
7
1
2865
32
12
0
160
2
0
8
1137
16
77
35
2
0
33
0
0
1
6
0
0
489
5422
0
3
0
6
0
96
0
0
0
0
0
678
0
0
0
10
1
0
27
0
17
0
33
743
1
0
1
35
9
1
10
8
22
3
3
48
0
7
0
5
0
0
5
0
4
1
0
6
10
364
0
0
217
0
80
15
0
33
119
3
4
9
0
5
0
2
10
1
11
0
0
0
0
0
0
1
0
2
112
0
0
0
0
0
3
0
5
0
1
0
84
7
7
1
128
0
1112
1
2
0
0
1
243
45
127
0
336
200
79
2
0
0
210
1
10416
0
0
3
16
1
3
0
3
2
11
1
4
1278
2
0
3
5
5
44
0
930
959
0
5
312
0
214
9
262
74
95
371
48
280
0
1
28
196
0
0
24
0
11
11
0
0
0
1
2
0
0
0
2
0
0
0
0
0
5
0
1
0
1236
16
0
11
58
0
0
1
0
0
427
0
2
7
16
73
6
0
0
0
1
0
1
8
733
0
4
61
231
1
6
0
0
5
0
0
0
55
0
19
9
1
1
7
2
4
2
0
11
0
7
0
4
6
1
0
50
0
113
13
0
0
2
0
0
0
322
1
1
0
2
28
1387
3
0
0
0
7
0
4
0
0
75
13
234
3
3
0
4
0
0
0
84
4
9348
0
0
1
298
6
43
29
62
320
8
2
139
47
2
2668
1
0
138
0
0
0
1
1
0
560
1
1
0
0
0
4
0
3
10
14
83
15
12
1
33
0
13
0
0
71
17
6
4
6
3
0
3
0
2
70
2
3
7
0
1
1023
2
23
0
0
0
18
0
0
152
4
1
1502
0
1418
64
2
2
8
0
26
0
0
0
4
0
0
1
3
0
0
0
0
9
1
63
0
1
4117
2
8
18
0
4
360
59
0
3
6
0
4
0
0
6
0
1
8
20
14
0
129
2
0
0
3
0
0
0
0
2
433
7
1568
17
0
158
367
0
0
2
1
1
1
6
0
0
47
64
0
1
49
372
0
158
505
9
0
0
1
10
990
1
1619
32
0
0
4
1
0
0
0
0
0
260
48
61
133
219
5
9
1
3
287
2
14
9
0
1
2
117
9
0
2
0
1
0
9
12
1
0
0
1
432
0
10
2
0
0
0
3
1
0
0
33
1
5
0
457
152
11
0
0
0
1
0
88
0
0
1
0
1
3053
4
106
11
0
0
135
0
0
0
1
369
0
1
2
0
0
9
0
0
0
60
9
0
0
0
1
0
2
0
0
123
0
0
1
0
1
0
0
82
0
13
10
6
7
0
25
17
0
1
0
0
0
111
24
0
305
4
0
141
3
0
63
0
0
0
57
0
1
227
25
0
0
1857
0
49
273
40
489
281
113
1
1
3
13
8
0
0
4
0
0
46
0
2
0
23
0
5117
8
0
0
3
3121
0
0
0
1
5
0
0
0
0
79
2
2
72
56
10
1
0
0
9
1
1
0
11
6
0
0
4
0
2
7
8
2
0
7
89
0
4
14
0
11
0
1
886
972
75
0
2
9
122
0
0
0
0
1
0
443
0
0
1
0
1
1
0
1075
271
3
53
0
0
0
0
0
13
0
145
1723
3277
61
3
0
1
0
13
3
33
68
0
0
987
22
174
0
1
78
0
87
7
173
0
300
217
343
72
0
469
9
385
0
0
0
0
32
6
1
0
1559
1
36
42
0
0
1
2
314
0
18
0
0
0
0
2
1
0
5
0
0
4
0
0
0
20
2
4
0
5
0
20
1
875
3
1
0
6895
0
0
0
2
0
75
8192
0
25
23
5
0
5
3
0
8
57
0
0
0
0
75
0
0
0
0
0
32
4
0
0
0
3
4
0
84
32
0
2
0
0
25
18
1
2
0
13
11
20
0
6
0
0
22
0
4
24
3
3276
0
0
0
34
0
3
22
0
276
17
44
1313
8
9
48
42
0
4
4
0
0
0
467
0
14
0
0
176
1
119
1
1
1328
0
12
4
0
43
0
1
2
7
5
0
56
0
0
50
231
1
0
1
1073
0
0
19
2
0
0
13
0
0
7
1
4
6
114
0
4
109
1
0
14
0
3
750
84
7
0
201
7
3
3
0
1
383
0
1178
319
0
4
1565
0
0
0
0
0
1
18
4
7
81
60
33
4
5
0
577
2
11
1
4
0
0
105
4
6
3
1
2
0
1
1
2
8
1
6
3
0
2
0
0
1500
0
316
3
47
1
0
3
43
0
110
0
2
27
12
23
0
1
0
0
1
0
22
0
0
513
11
18
0
1
0
1
123
241
208
201
0
576
5
73
30
1
0
0
2
0
1
1
63
0
32
409
0
4
0
0
0
31
1
82
0
1
0
1
5
35
4
1
175
0
5
4
29
0
9
0
0
6
2
2
0
9
0
71
0
0
0
210
64
0
0
0
0
2
0
0
0
0
0
28
23
0
0
16
0
6
0
8
0
0
16
7
0
1
0
0
1
11
10
0
3
1
64
3
70
4
1
0
0
0
0
1
0
2
0
9
5
16
2510
46
0
0
2
9
0
11
0
3
8857
1
0
11
0
0
55
10
2
7
0
0
0
1
0
9
73
2
0
5
0
0
335
5
31
10
377
0
5
79
28
0
1
13
78
0
0
3
0
2034
0
3
3
0
981
1
2287
1
0
0
0
1
0
27
15
2
1
0
1
284
72
2
10
1
3
22
0
1
74
0
4533
41
0
23
452
5
44
0
0
0
0
94
11
3
1
0
0
34
9
3
214
4
33
5
0
7
0
0
12
80
1
1196
0
0
0
8
0
0
15
1
3
2
439
2499
50
38
81
479
5
0
0
0
0
3511
5607
0
0
0
3848
2
241
2
33
0
227
2
21
0
0
0
6
6
4
0
1
13
59
10
4
2
0
0
208
1
0
67
32
9
1
0
0
7
7
2
0
0
42
1
0
319
54
14
26
4
0
25
5
1157
3
0
110
1
33
1
13
574
501
1
0
13
0
0
21
1
1
0
0
1
363
15
53
15
81
0
1
1
0
4
1
1
0
8
0
0
3
163
0
1
7
0
0
286
29
4
1
116
1
33
0
1
0
208
38
0
313
29
1
0
102
272
0
24
2
0
5
0
1
0
0
0
0
640
17
0
0
1
17
51
5
1
0
0
165
163
19
2
0
92
10
0
0
0
4081
230
73
6
0
0
3
1
1
35
1
14
1
2
0
0
0
9
2
4
0
0
0
115
32
1
7
0
0
1
0
0
0
5
1286
11
0
0
9
1
3
7
0
91
1
0
0
0
0
1
55
6494
1
1
0
17
0
0
0
15
417
1
0
3
24
34
0
1
0
707
0
1
159
289
942
28
53
0
0
0
74
0
0
1
0
8
11
1
15
0
192
2
2
265
63
2
0
0
0
43
0
9
7
3
0
24
0
1
5
0
0
0
3
2
0
15
2
0
0
0
252
13
0
0
207
0
14
0
29
0
93
2
0
553
0
1
0
13
46
2
3
1
0
0
1
2
0
2
0
5287
467
0
5
408
164
3
77
9
12
0
197
376
1683
4
19
113
3
197
380
1
87
14
0
9
0
0
0
0
157
0
0
124
0
0
0
137
41
10
34
6
0
0
4
9
8
0
6
288
9
0
27
1
0
0
2
5
173
0
6
0
123
0
1
30
1
0
47
1
98
0
80
0
0
0
46
0
114
8
0
1
2
0
1
0
3
1
3
17
15
6
19
0
36
12
0
0
0
0
0
8
511
64
0
0
1
6
8302
475
0
14
12
0
38
195
1
0
61
6
3
197
1
56
18
6
1024
2
2
6
0
9
83
2
2
0
0
0
0
38
27
1
435
0
101
1566
1059
121
0
0
95
0
0
1
10
1
0
0
5
0
96
0
1
0
2
1
12
3
315
115
3
1
3302
1
0
0
155
20
0
1
2
5
0
1535
0
13
221
16
0
501
0
1
0
0
1
5
2
709
5
17
109
0
0
10
11
49
0
0
6
162
3084
0
1620
0
1
1
871
0
1
2766
0
1
0
22
70
0
0
6
21
0
0
0
0
30
0
50
0
24
18
0
0
13
0
1
0
1
0
0
3
0
153
6
2
1
13089
1
2
0
3
0
0
57
0
5
0
0
1
0
1
9
1
4
0
1
0
4
2
7
10
0
7937
0
1
0
0
6
267
0
0
3
0
125
0
332
0
0
2
101
2
1
229
3
4
0
2
15
0
0
6
53
1
0
91
0
0
0
3
75
3
1
3
0
0
35
807
10
67
1
2
37
6
0
0
0
0
108
0
0
3
0
0
3
0
2
0
0
0
40
0
1
0
4
765
0
0
0
0
0
2
710
4
0
0
0
0
6
8
27
308
3
0
0
29
1
0
0
0
0
0
52
2
21
0
0
0
7
2
0
2
0
5
0
2
2
0
27
0
216
0
0
0
34
435
29
2
264
124
49
154
73
182
0
0
0
0
3
0
0
1
0
0
1
0
0
0
138
1
0
0
32
0
0
0
16
10
0
1
7
0
0
6
0
0
24
0
6
2149
0
0
1
0
1810
0
271
0
8
420
0
10
0
1
1
9
67
2
3
0
251
0
0
0
0
157
3117
4684
0
24
21
1
1
0
2
2
0
0
0
0
774
0
7
0
1848
0
0
0
0
78
4
658
2865
54
0
14
65
1
0
0
0
2
0
149
0
0
63
0
0
9387
1
1
63
0
0
0
0
0
3
1855
2
127
0
0
0
31
0
2
9
0
2
6
1
34
0
0
593
2
2
2
1
0
1294
2
27
2
0
1
0
5
219
4999
0
4
1
4
4558
1
1
10
0
0
2
1
0
14
133
7
0
0
3
11
0
1140
2
0
4
34
0
47
80
0
573
0
0
5
0
4
1
16
0
67
2
219
0
20
314
31621
455
250
1609
36
0
0
0
3
0
0
0
0
2
1
18
0
0
287
2
2
23
0
145
76
4
0
3
0
0
1
0
3
0
3
420
0
0
50
0
6
801
16
0
19
0
53
0
0
7
1
221
14
370
0
16
588
29
59
0
901
1
0
0
17
1
2
1
1
10
12
0
4511
0
28
635
116
0
2
0
0
0
46
1
3
0
5
275
0
0
12
0
1
67
1708
10
111
0
2
0
5
0
0
0
2
28
183
54
0
0
0
0
0
1374
157
0
344
4
19
195
1
0
0
0
1
5
0
0
0
2
1498
2
15
0
0
0
0
0
0
2
62
32
3
12
40
0
17
8
0
1
14
5
0
0
869
0
15
18
527
0
4
32
147
1
1
0
0
175
443
9
2
0
0
315
0
0
3
99
62
0
1
70
45
2
0
0
0
1
0
0
308
0
0
1
81
0
0
295
93
18
0
0
10
0
12
0
1
201
1970
1396
0
0
14
2
9
0
1
2
0
298
16
3
1
3
18
0
7
0
0
0
0
634
181
175
18
64
99
531
0
0
0
12
200
22
0
24
0
1
2
2
1
10
4183
0
0
17666
0
5
8
701
3
29
516
0
0
2
12
0
16
15
2662
3
0
594
21
4
55
871
0
0
1
648
118
196
465
103
0
30
0
0
81
0
0
1
1
0
35
0
1
5
0
27
4
0
6
0
0
0
0
0
39
8
0
27
211
1
0
0
0
423
11
0
1
1554
7
198
8
0
5
79
0
0
15
1
0
45
1
1
0
0
0
189
0
6
0
2
0
6
0
47
15
3
0
23
1
0
0
3
0
1647
125
3
0
0
0
0
408
0
0
1387
204
646
114
0
19
0
5
345
0
18
0
0
0
6
33
4
11
0
2
0
0
0
2
128
0
25
1
2
0
3263
1
0
2115
0
0
2
0
0
0
0
2
4
0
0
10151
2
3
2
898
31
0
6
20
0
6
0
2
58
7
3
18
0
1860
2
1541
20
2
1
32
0
0
3
6
2469
2
1
0
0
33
3
5
3
9
0
0
0
0
0
0
0
0
0
0
1
0
0
0
1
29
47
0
0
0
156
431
0
1
0
1
73
536
1
0
99
0
4
4
1
480
9
606
72
207
2
0
0
4
0
140
18
2
0
0
58
0
545
527
12
537
0
3
0
11
0
0
240
6
0
0
2
0
0
0
1
0
157
3750
1
155
11
2
1
0
0
34
125
0
4
15
0
728
68
0
1
0
0
0
6
0
3
0
0
2
1
0
11
14
6
0
1
0
1
67
5
0
2
1
0
4
31
42
0
0
2
23
0
0
0
1
0
0
0
0
0
107
0
0
6
0
188
3081
1
19
0
2005
2
0
1
9
39
1
21
11
0
4
0
5
0
0
0
8
120
0
0
0
5
364
0
2
0
0
0
0
0
0
0
138
52
53
10
41
2
0
133
0
0
0
628
0
0
0
0
0
0
0
0
0
0
0
2
8
69
0
0
0
85
0
1
4
0
1
61
0
50
18
684
0
1
0
0
1
0
0
34
21
0
6
1
2
0
0
0
0
0
0
0
2
0
13
28
0
63
33
3
482
7
0
3
1
0
1
1
0
1
0
0
0
0
0
0
0
0
0
11
1
7
0
10
11
0
335
0
5
0
0
0
94
13
0
6
10
0
421
0
0
0
0
0
0
33
9
0
6
0
377
0
12
1
0
0
0
72
5
0
0
0
0
36
41
0
45
0
106
3
9
1
0
26
0
7
39
0
110
0
0
0
7
54
1
79
0
96
0
18
87
2
0
3
0
0
21
1
8
37
0
0
0
1
367
0
105
0
0
6
4
80
5
0
0
80
229
85
0
5
6
182
0
170
0
3
1
0
10
1
0
3
334
0
0
10
0
0
4
0
6
0
52
1
0
0
0
1
0
4
0
0
5
0
108
1
745
1
5
1461
0
0
103
0
981
252
177
3
2
197
0
0
0
32
0
119
0
0
57
31
0
1
0
0
1
0
2
7
13
0
13
0
4332
1
0
227
2
6
47
7
15
0
4
0
130
0
0
2
0
21
0
34
273
1
96
7
0
2
4
0
0
3
15
2
0
2
0
0
64
14
0
0
16
0
295
0
16
0
3
12
14
39
26
13
20
0
157
13
40
0
0
1
1
2
31
0
73
0
29
0
0
0
0
2818
1
2847
0
1
215
12
84
0
3
0
1
146
0
1022
1
12
0
6
1
354
7
1
7
41
0
3
21
0
1
54
0
0
0
3
1
0
5
49
1
0
30
1
0
2
1
0
2
5
1
0
1
15235
228
12
2
15
8910
112
112
43
0
0
72
0
1
2
0
141
61
2
1184
61
0
0
0
1
0
3
4
734
0
485
4
0
670
24
17
1
1
1
10
1066
7
1
0
31
2
1
5
0
4
15
0
397
2
0
2
0
2
1
2
1
3
0
225
14966
5
0
12
53
49
12
80
0
71
3
1
0
1
3
0
1
1030
0
35
0
0
0
0
0
0
4
8
132
11
0
2944
1
0
102
0
1
0
0
6
8
2
1
4
5
38
0
19
3
0
0
24
0
4
2224
706
0
0
0
391
2
31
1
1
9
30
1
32
0
5
51
11329
34
0
0
1
0
12
0
0
0
3
0
0
0
0
0
0
0
2
0
12
2
1
3
3
3
786
139
0
1
38
0
4
327
4
2
2
0
11
0
0
1
1
17
0
2
0
0
1546
0
1
29
0
1
0
1
821
788
3
0
8
0
0
1
108
0
0
1
0
16
40
0
0
0
2444
0
0
74
0
0
5
0
0
553
13
4749
16
0
0
92
0
0
13
1805
91
2
4
1
0
10901
2
0
0
9
12
4
1
40
1
24
0
106
0
0
17
1
0
1
0
394
1
730
46
1
2
0
21
5
0
4266
31
0
0
0
31
0
0
0
301
0
116
0
0
0
11
0
2
5
3
31
7
1
1
1
83
0
102
1
2
0
0
4
0
8
44
681
4
0
0
0
3
182
0
0
13
0
2
0
2
0
2
4
3
1
0
63
6
0
13
2
977
0
262
0
1
0
0
0
3
0
0
0
4
206
19
7
0
0
1
5
0
19
0
5
1
4
192
0
0
0
0
20
21
133
0
50
24
0
0
4
45
0
0
0
568
0
18
0
6
0
19
46
0
0
3431
1
0
13886
13
6
0
5
0
56
14
0
3
111
66
0
3
0
0
0
0
0
509
121
0
0
0
0
44
70
0
1
0
2
7
0
0
0
6
8
1
46
3
29
0
1
2324
0
0
701
227
1
3090
5
1
0
0
1
0
162
5
16
7
0
27
0
0
0
69
1533
1
0
11
0
201
0
34
1
13
0
1
387
414
0
0
0
0
9
0
26
0
78
2
37
2
3
11
0
163
10
1
0
0
408
0
0
1
0
0
3
3
23719
0
109
0
1
244
35
0
2
1
0
2
0
14
22
1
0
8
0
13
23
19
58
0
1
1
0
0
0
0
989
29
809
20
0
0
0
0
17
9
0
0
0
0
1
10
1
0
60
3
6
0
1
322
13
1
0
4
2
6
655
0
3
1
1474
1
1
1
0
4
1
128
42
46
0
0
0
8
0
0
0
0
0
0
0
0
626
31
10
0
0
0
9
2
19
0
0
23
0
65
1
1
0
168
1
0
7
0
1
7
0
6
971
10
959
11
0
2
0
4
83
596
1
0
0
44
4534
0
0
0
0
4
1
10
0
0
13
0
0
0
496
3
1
1
942
3
0
0
1
0
0
0
0
45
0
0
0
0
35
0
0
1
8
0
0
0
515
0
0
3
0
0
0
5
0
7
0
27
1
1
0
1
0
0
143
0
0
1
36
1
1
16
0
0
0
55
3
674
0
1
5
1
0
0
37
6
5
2676
381
0
3
0
2
0
0
477
1
3
107
11
0
18
0
0
5
0
48
0
0
22
0
1232
234
0
16
0
0
4
0
0
1
1
1
0
0
7
0
0
12
327
725
0
23
1
0
380
0
0
142
23
10
0
7
1
0
1
0
0
1
119
7
9
234
0
24
2
0
3
0
18
50
15
12
39
5
12
1488
10
1
0
1
0
0
715
166
1
0
127
0
0
1
0
0
11
2
1
0
84
0
2
0
33
0
0
0
0
403
2145
64
0
2807
4
5
0
0
0
0
4
0
1
0
0
51
1
2
0
1
1
1
4
3
45
2
0
39
0
0
0
0
22
0
23
472
0
0
0
1
37
4
0
0
355
36
0
0
0
1
84
62
3
0
4
1
1470
0
74
1
17
0
0
42
13
0
0
11
4
361
55
1
0
0
0
0
104
0
19
0
1
14
0
809
0
10
0
4
0
9
17
0
1
9
13
25
0
0
0
0
0
2
23
17
0
312
39
745
0
1
0
0
0
43
0
0
0
6
0
33
65
0
0
0
0
3
0
0
2
0
0
90
0
0
0
1
1
0
19
0
1
0
8
2
4
7
0
5
0
39
0
0
0
1
0
515
766
46
3
0
10
0
2
0
4
26
2
0
0
0
0
0
444
0
0
0
0
5
10
1
20
0
0
2
0
11
1
0
0
0
47
0
4
29
0
0
630
3
1
0
12
25
5
0
0
0
445
3
0
0
11
3
36
0
20
0
0
6798
138
0
0
8
863
2
4
28
3295
1
1
22
0
0
0
546
4
435
0
0
0
146
42
0
1
6
6
0
0
1486
3
9
6
1
0
0
5
68
0
0
0
0
0
11
2
0
0
0
27
9
1
0
51
0
2799
108
550
35
79
42
0
0
0
0
10
0
79
0
47
1
4
28
151
4204
0
0
0
3
0
0
0
0
7
0
0
0
13
1
0
3
0
0
0
20
0
4
0
0
0
1
35
0
0
0
131
533
1
97
0
0
0
6
0
0
0
0
1282
2
43
1
50
54
17
0
1
1524
0
0
0
0
21
0
2
94
52
435
21
2
32
0
322
129
0
332
0
0
5
0
0
0
1
2
112
6
38
0
75
0
0
0
0
0
741
27
0
0
18
30
0
72
0
27
67
83
0
0
56
5
10
0
0
199
0
1
3
99
0
0
107
12
0
48
2
0
444
0
0
0
0
10
18
17
2
0
0
0
30
8
0
12
2
0
0
5
3173
5
604
1
3
3
0
5
1696
0
3
14
9
0
2
39
1
0
29
3
8
3
0
0
126
10
2
1
0
0
0
0
349
1
2
0
0
0
4
2
2686
2
160
2546
55
2
6
41
0
0
2191
0
0
7
3
3
224
1
19
1
0
1
0
8
6548
0
1
1
0
0
0
1
925
0
0
9
5
124
0
9
0
5
4
63
0
3
1
1
12
0
1
0
0
0
0
3027
11
1
0
0
0
0
4
2
6
9
11
281
1
5
47
10
20991
6
994
147
5104
26667
797
12859
12859
16888
2045
3484
51
87
58
103
67
9651
15220
28
6
8317
0
147
48
1067
1545
6833
13072
935
230
1612
17298
16
5071
169
4498
994
4298
2388
38
6669
6
14027
4936
190
21425
9926
2135
42498
4693
12859
6
87
17653
847
87
20717
19508
2776
147
5403
5104
73
1770
34
12358
222
79
131
7141
256
1793
0
18508
38
88
6980
2513
977
4516
30
153
456
11307
1
91
2311
1523
1
6
1
207
12291
13394
11
8
2883
12155
156
5059
194
6047
0
4
5
31
1507
13944
1
262
20
6
70
6
140
62
9598
0
0
4070
1650
133
16
25
1
6
557
13
359
2
23890
325
0
1
0
5
0
0
812
59
1
30
4
14
56
92
6
0
0
305
1
101
2572
0
4
118
4
9042
0
6044
1
26
8
17
1918
10
569
0
72
0
1
62
2
5
10
141
0
544
279
2708
12
4090
8650
78
1
0
29
1057
0
264
4048
234
0
35
103
0
97
32
233
3
15317
0
1
21
71
1502
4783
0
0
92
0
0
0
53
1294
6071
29
1017
5
8
1
97
0
2133
1090
151
16
3
1
0
15
6226
22
460
0
17
0
8335
257
22249
1
0
14707
2459
3015
1
6108
2
0
3648
6
0
1
67
8534
73
886
54
187
43
7913
8
0
18
1193
41
205
0
3
0
0
0
0
1
5
0
1982
0
1
0
1
516
4
4
1
0
74
1608
15481
58
0
13484
1
339
31
20
1
0
11
91
10969
1
1
55
9438
6565
4
70
0
0
10
0
54
0
0
8
149
799
621
0
112
0
0
65
0
55
0
0
0
3749
3
0
1
866
4
1
0
42
0
4862
0
84
81
479
4310
0
2
8
18
61
196
1
29
134
5737
2032
0
0
14
126
153
1261
67
932
143
14209
3029
1
10
1
7
10
2424
44
0
3999
442
1
0
2274
0
9175
2
0
0
2
81
233
45
0
0
26
10
1240
643
6601
6
6
4
26
0
702
3241
40
15
319
0
2
0
558
4
0
3
6525
18487
2
10
9918
435
186
2558
1
9284
3
102
1
0
1
50
3240
0
467
18
9
14
4
1
0
1
815
14815
52
31
0
44
0
3
0
6288
0
19286
16
49
0
85
16
0
15
0
32
0
0
0
6
34
211
210
0
123
0
46
24
0
17
8
27
4266
5
39
0
8
20
4
1
337
6957
2
0
6708
1
9
8
109
0
102
1
2
1
86
227
49
505
5
1
1
0
33
1
161
84
0
6
0
1053
775
0
3
1
4360
0
0
0
12
9
1223
20
19
0
1
1
1
203
1263
5
3
2
7
0
5
1
73
0
0
0
0
0
0
0
30
1
157
0
374
99
5
8
10
2
0
33
64
2
14
46
43
1319
60
51
9
1
301
360
1
0
57
32
1
0
0
2
1290
25
0
0
3
1
0
0
0
0
3
183
55
39
2483
2776
0
6
132
77
0
1379
0
35
5
0
1
2
8
932
35
30
0
1
0
5444
1
539
29
1
9
0
100
222
4
1
0
179
1
0
347
15
1
61
17
191
0
0
12
0
0
0
0
0
20
11
3
3893
5
59
9
1
2
104
18842
339
0
0
0
0
1
0
0
0
0
3
4
1
0
0
0
3
0
37
0
22
1
1
0
71
2346
13
0
1224
3
0
0
31
0
60
191
122
797
7
3540
1
0
3
0
50
5378
0
156
0
0
0
3
0
28
5
67
0
16
0
1
1
6
0
0
8
0
2269
9
5
2053
0
0
0
0
89
8
10044
0
0
1
0
5
913
3
0
9
73
0
25
215
4
0
1
7
5051
19
16
1789
71
47
0
4
746
1
46
78
154
32
1
13
218
351
3
28
0
2
1
0
0
8
5
0
0
1
1120
0
226
0
3
0
0
15
720
0
0
0
464
0
22
14
0
125
0
109
965
1
0
0
0
6
0
23
462
4
0
560
16
81
3319
300
0
20
0
8
17
93
0
3
878
8
159
147
7
0
3
2607
18
149
0
4006
2
0
0
0
55
4
1603
6
56
2
8
1
42
0
0
1
1
173
0
2079
4
0
2
0
563
42
0
9
10
1
168
19
1553
203
3
1
92
22
52
0
34
71
7
0
756
0
39
823
0
0
6
163
0
0
8
0
0
0
820
12
0
540
312
178
3682
4
54
134
15
0
765
0
0
699
11
18
1
1
9
17
1
6487
251
34
0
0
5
12
4475
0
0
0
170
0
2
0
16
136
168
1
0
1053
46
48
9
1
1
0
0
0
80
0
46
0
38
0
7
0
0
1
8
1
68
0
169
0
1416
0
171
1
33
7
92
2269
4
5
0
307
26
90
0
28
1374
17
595
0
366
144
41
4
6
3
2
16
0
2
1
0
24
0
0
0
0
3
1
1
310
0
0
0
5
475
0
18
2
0
1
630
0
1147
2
12
1
12
22
210
0
14
12
0
241
3
0
0
39
467
4
1
7
0
1
20274
0
0
14
3253
4
3
0
0
720
0
0
0
0
17
4370
325
0
16
0
564
0
0
0
869
10
7
7148
1
294
57
6
8
602
0
0
0
5
1
26
0
28
5
3
17
401
0
1
0
184
0
0
183
1
0
4
99
19
0
0
10
31
3379
30
7
2
2
0
66
3792
0
389
434
0
0
3
20
4
8077
35
2
0
3
106
67
6
1325
0
0
106
2
839
1031
4
8128
0
2
832
5628
1
602
247
377
1
254
80
255
517
2
6
5
5460
365
1833
993
0
9
71
6
0
16
3
1
12
25
78
291
0
101
1
27
8
0
0
50
2
152
18
0
1236
1
1
0
7022
0
0
40
0
0
0
26
0
1
2
575
7
1
1
713
10
1
54
1047
17
0
6
21
14
15
9
0
0
288
0
71
0
3
1038
34
0
0
43
21
3
1
512
12
25
0
4
1
1
288
2
0
0
4
0
1521
4281
119
156
262
4
0
0
854
6654
0
9
13421
8
3
5390
343
63
24
0
2
0
7
816
2
1
918
0
2
1
1
0
0
27
0
7
520
0
1780
9
1
1
7
1
128
13
479
0
1
45
44
3
652
83
0
2
7
5204
491
74
105
0
30
100
1
0
0
2
25
91
1
0
7442
20718
6
2899
2
893
33
260
0
0
2
0
8
102
217
0
20
0
119
6025
1
0
42
0
3
26
4
28
38
16
13
2
5
4
496
0
689
2
3
7
1
1
0
117
2385
66
0
1
0
52
1
2
21
29
2864
4
19
1665
0
14521
0
366
241
4514
0
52
16
248
718
13
139
5
0
255
0
11
8272
395
13
2
1
141
3
0
1391
0
0
60
141
83
0
8
9
0
0
1
0
7
1
0
3
616
19395
2973
110
1
815
5
0
2
11
0
48
115
826
34
0
1
27
100
1
0
0
37
66
2
0
0
819
0
27
146
1
36
0
4
2142
4
0
38
2061
0
0
0
17
161
10
1007
72
1460
6
0
163
7
7331
28
1
16
0
61
383
0
2
0
111
0
2
170
746
184
151
0
1
2
0
0
1974
0
2
18
2
35
48
3544
8
66
4374
91
597
1
7
0
19
0
0
6
19
0
449
68
0
0
83
1329
1
0
0
3029
0
0
22
114
0
0
0
1
9
22
214
0
0
6
1
0
0
1
7
1
55
569
34
3
0
646
0
120
1
1
13
0
0
57
1158
106
0
5462
8
54
0
2
0
9
1
97
7680
0
0
1
0
1
0
243
2
4
97
2
2
1
0
0
337
4
172
2
157
4
2798
0
1
2035
41
0
0
0
1
2
0
1
16462
70
0
6
2
3
0
0
50
0
8
45
44
0
147
300
51
2
10
168
3583
0
0
4
1
0
82
49
0
43
122
0
18
95
6
0
0
0
4
0
2
0
1
6
2
16
110
2
0
14
3600
21
0
10
353
4
68
0
13
0
0
1
32
5
58
119
4
0
0
4
2
0
13
42
2
2
24
0
8
2
0
0
23
15
0
4
0
578
0
0
2
0
2972
89
590
0
0
0
3
11
1
4
14
417
0
6
0
0
2
1
1
0
0
6
185
0
10
0
0
475
6
0
1777
162
0
2
0
202
12
1
4
2078
0
56
123
2
0
3
8
2
0
2
22
1
1554
3
184
0
1
6717
8637
1
1
0
3
5
5
0
534
0
4
589
0
1146
0
0
1
0
1
447
0
0
74
0
5843
0
8
25
2031
0
337
0
0
50
6
100
7
1737
5
0
0
1
0
0
1
53
0
14
2
6
46
0
5
252
2
16
1065
0
88
0
2445
19
0
11
13
1
0
0
0
81
12
0
58
0
4
6
0
0
648
113
0
0
0
111
0
1
0
0
0
367
9
5
0
0
0
0
0
2
29
0
0
0
0
4
0
8650
0
33
0
0
0
25
130
6
0
80
1
1
18
7
0
57
23
3
3
17
0
2
13
914
0
235
0
4
517
164
10
0
0
0
0
0
1341
2703
152
1
42
0
2
131
40
2
0
1603
0
0
422
600
4
0
0
0
10
12
80
3
0
3
661
89
2848
1
0
0
219
0
1
51
0
0
0
9
2
195
1060
0
2
12
1
0
0
0
39
1376
0
6
0
0
0
3
0
0
6
5
13
0
5
122
2
0
0
0
0
0
1
528
14
879
0
0
501
2
0
0
1
14
0
88
59
12
37
0
6
0
116
0
4665
0
160
255
1
5
0
0
0
657
0
2
0
2
16
58
1
0
9
0
41
0
0
20
170
1468
5
106
0
0
3
5
0
0
1001
111
1
0
7
1790
55
0
3
0
1
0
0
90
4
7
52
0
1
0
4
0
0
3
0
135
5
3
0
22
165
0
15
0
1693
165
56
0
1
1
1
0
5
0
0
1
0
5
1
1
49
2254
0
112
35
3
0
0
898
101
0
0
1
0
0
1
3
1
0
496
3
4
0
24
4
0
4
1
10899
135
0
6
0
0
27
0
0
5
596
0
47
0
1
2
1
0
36
0
0
9800
3
3
1
0
0
639
0
0
2
0
46
4
111
30
6
2
0
12
3
8
7
0
2
1
28
5
0
0
0
2
0
2
0
903
128
64
408
817
222
1361
0
1
7
2450
0
1
0
9
13
6
0
9
20
0
188
13
1
9125
0
2156
46
0
1
964
1
17
0
1
0
0
2
0
0
3
361
0
344
10
25
90
836
0
130
0
0
0
1
3
2
3
7
0
12
0
26
2
0
15
0
2
2341
3
0
0
4
0
13285
0
800
25
8
21
0
3
33
0
1
0
10461
0
1
717
28
1
97
7
31
179
0
0
9
13103
0
106
1
0
0
0
0
460
14
7
74
16
0
0
0
0
0
24
0
80
34
0
0
0
12
25
35
59
58
0
3
0
0
0
2
0
1
0
15
0
2
0
216
0
0
2
16
0
2
12
1
52
1506
0
595
0
21
499
0
0
213
1985
4
4248
1
0
26
1
40
0
12
0
11
78
12
1
44
0
2
0
0
0
7
0
1
19
2
0
4
8
3
1687
786
3
0
1
1
0
0
0
17
7
66
0
3
19
12
8
13
0
325
3745
1938
0
14625
0
0
4
0
0
9
130
8
60
0
0
30
0
0
0
0
38
1
0
0
88
0
8
1
31
38
486
0
21
0
0
1
0
1
3
689
0
5
0
19
411
152
0
35
2
20
0
7258
10
10
0
3
0
143
20
1
57
2
32
0
2
370
7
229
23
0
1
12
13
0
147
736
5
0
0
0
1
1
4
1
290
274
1
0
2
1
0
36
0
96
0
95
8
0
0
0
0
12
30
0
1
7
5
193
4
0
0
1
1
74
2
0
0
0
0
6
1
0
0
0
0
1
0
33
347
2
2
0
11
1
0
0
10
1
1
34
1
0
0
14
21
12
0
1
0
30
0
0
5
5
0
0
7
70
0
0
362
0
0
0
0
6
1
2
38
0
1419
3
0
0
12
72
0
36
0
0
0
1
0
29
32
53
13
4
0
18
0
0
0
40
6
615
0
1
186
3
0
1
9
254
0
0
0
7
11
69
12
1
0
0
585
2557
105
0
46
1
0
27
1219
123
0
0
359
0
0
8
1
0
56
7578
0
4
1
6
63
64
0
19
1
176
18
9
0
0
77
1
0
0
99
181
188
0
6
0
0
52
49
73
0
0
0
0
3
4
0
3
0
0
3121
1320
0
1
1333
4
25
24
6
320
7
0
98
1
6
0
0
103
0
0
0
8
10
0
6
0
0
41
4
0
14
1
124
0
1
58
0
251
0
423
8
648
2
134
7
48
0
7
0
25
36
0
2
284
1
578
0
0
2
8
3
0
3
0
0
9
3
0
50
11
1
22
24
1
1
10
3
0
2
0
0
0
0
63
0
18
2
0
2
1
3
0
8119
4
7
10
7
72
33
0
928
0
62
1125
1
7
0
0
2
1
0
0
32
318
9
105
0
455
3673
0
0
0
0
7
120
0
0
0
0
0
21
1
0
10
7
300
4
5
1
3
0
2827
2
729
114
45
108
1347
0
19
4
4
2
247
0
0
981
0
10
939
4
14
129
0
7727
1
14
0
255
0
0
1089
6935
0
174
8
6519
233
2580
4
3
0
15
51
0
117
65
13
155
2
0
1
0
0
1
1
0
0
75
0
0
96
26
727
0
4
5
6086
0
0
33
645
0
0
4
0
27
2
24
0
2
51
0
0
17657
37
12
0
527
0
1047
1043
2801
26
78
0
21
397
204
0
6
0
1314
3
0
0
1
10
0
0
3
0
2
0
1
0
0
0
1
3
0
0
64
0
77
0
416
0
267
0
0
2
1
0
62
147
0
2
11
1
0
277
0
8
0
94
4
2
13
118
0
0
0
0
5
1596
1
0
0
2503
21
1
5
3
654
0
102
1
14
0
0
240
1
323
0
0
0
0
0
0
0
1
1
3
0
2
30
0
8
0
3
0
921
212
0
2725
283
0
0
1
62
209
0
0
9
13
0
0
418
0
214
2732
259
2
0
0
0
1
1
4
1
6
25
51
0
142
255
4
28
3
1
18
0
12
0
0
0
11
26
265
0
0
0
0
0
18
0
3
3
9
0
0
61
2
0
0
2
0
0
0
0
0
7
0
34
0
0
71
5
15340
0
1
0
0
146
0
25
417
2
856
71
16
10202
2
1
16
0
2
18
84
118
13
0
1
7
0
1005
1
0
1
0
0
4
21
0
0
29
0
589
37
206
53
0
0
57
0
8633
0
310
39
0
0
27
1
0
254
0
1
0
235
135
0
426
7
0
32
1
0
0
1
0
4357
1
18
0
0
0
0
177
0
1
6926
0
6
19
3
31
0
3
0
14
65
0
0
170
0
0
0
3
1
0
0
3
476
0
0
0
0
5
9
2
305
0
0
146
135
156
1441
0
298
0
126
1
2
0
801
321
16835
93
4
0
104
2
0
0
0
6
0
4
20
0
41
70
0
0
1807
221
0
0
155
0
38
14
0
18
0
3437
1
0
0
0
1
15
81
87
0
0
3
3
1
0
0
0
29
3
0
0
84
129
3895
0
4
32
35
0
0
0
2
19
0
13
0
71
0
1
0
0
0
4
68
0
0
11
0
9
1
387
12
2
0
266
1
2
0
498
0
2
0
7
49
3
4
2
0
0
5
1
3076
1
175
7
173
14
4
6
42
1
194
10
0
268
13
0
2148
885
24
0
4
0
39
0
1
5
0
5890
58
3
1
570
6
148
0
9
0
0
32
0
0
17
21
1
1
12
0
0
15
5
0
1
0
1
0
0
0
2
1
0
0
104
37
10
0
0
0
0
0
19
0
0
0
1
2
16
1
0
3
2518
0
1
27
2
7
0
56
0
0
16
0
792
0
385
0
37
0
1
0
0
6
1
0
349
7
0
13
35
0
0
2021
3
2
0
542
1
0
0
13
0
0
65
4
0
0
1
0
114
1
2
2
65
2
1
0
0
0
1
0
1
35
521
98
5
8
12
4
0
11
0
76
0
0
0
0
16
711
0
208
2
101
20
2
0
0
0
4
6608
4
4791
2
293
11
73
13
0
4
0
0
1
3
5
41
79
29
376
1
0
0
0
0
7
3
557
1
0
1
0
21
1
9
0
4
67
0
1
1
300
0
6
0
0
0
0
0
0
68
0
2
7
0
13536
10
3
1277
0
18
317
4
0
1
0
163
39
12
2
0
1
39
0
64
0
14
0
0
178
0
2
36
69
0
0
4
0
0
120
0
68
1
4
92
116
93
0
1
415
2
0
0
2
0
78
415
0
0
0
0
13
16
0
1
0
0
4
37
58
351
1
31
4
806
0
0
31
46
1
2
0
94
4
22
11601
48
574
0
168
0
16
0
42
2659
0
0
4
1489
0
1
9
1
0
0
28
0
1
6
30
370
0
455
0
18265
0
0
17
0
0
134
9
0
7
0
0
29
0
0
39
1
94
6
0
4
0
0
163
1
145
170
35
0
0
0
7
63
93
5032
37
19
3
1
0
72
0
10
2
117
0
28
4
0
70
1
0
14
0
3
52
0
20
2
0
13
0
3
0
173
0
1
189
0
1
104
1
0
1
0
0
0
0
0
0
0
8
95
23
0
3
0
0
114
0
4
11
0
1001
15
87
48
0
0
0
756
0
4
1
0
0
92
0
1
6
2
4
3
2
9
13
0
0
14
0
0
0
0
2
17
0
11
0
16
419
0
0
0
76
2184
0
0
41
0
43
5
0
0
0
130
0
0
4986
0
2
1
19
0
1357
0
83
1
2053
0
16
423
4
37
22
57
1
150
581
0
7
0
255
2
2
0
0
0
0
1
5
37
0
0
0
5
0
4
1
0
1
3
2
1
316
8
0
0
985
6
0
0
220
2
17
2294
0
0
0
0
0
0
5
2
2
14
0
0
781
16
3
0
3
0
0
3
0
3
28
0
0
4
8
1
0
3
0
1
0
0
268
8495
0
0
0
2
1
3
3272
1240
0
0
0
62
0
1
57
8
0
0
0
18
603
220
0
0
2
376
37
4
375
0
0
0
36
3
2026
12
3
4
15
0
0
0
29
19
8
354
7686
21
0
0
76
5
2
833
24
334
0
85
2
0
0
2
23
251
1334
0
0
5071
404
1
4
4229
3
1
1
2
5
487
29
0
0
0
0
30
1
0
1
689
0
0
1
2921
69
0
0
0
48
0
0
0
98
1110
3
2
0
2
0
0
0
0
2611
1407
2
0
0
40
0
1
0
34
0
0
17
22
1
104
177
2
11
0
0
1
184
0
1
1799
0
1
4
0
0
0
0
0
4
36
5
0
1
0
0
1
1225
0
2
14
0
24
0
3
4
6
0
3
3
0
0
5
0
3
0
1
0
1
0
5
36
2171
0
0
48
1243
1
0
0
12
142
0
2
7
0
124
28
1
17
3
0
0
0
0
1
0
4
1
1
0
5
9
17
2
1
1
0
2
0
22
581
12
1
1
0
0
0
0
17
106
0
3
2
3
1
1
53
0
0
2
1
0
2
4
5
12180
0
33
1
2
0
0
0
15
5
2
0
0
0
9095
164
0
0
25
0
0
0
0
4
0
1
0
0
0
1
3
0
0
0
0
0
0
0
44
83
208
0
100
0
0
21
0
2
3081
1
0
0
0
0
9
1
33
2
1
2
1
53
0
1
1
2540
0
29
0
481
0
0
0
312
2
0
0
0
1882
0
0
1
11
1
11
1
0
4
0
0
263
0
0
0
0
4572
0
0
408
5
13
0
0
1
1
0
0
0
0
0
1
0
5
375
0
9
0
1613
10
89
0
0
2
0
0
0
2
11
0
0
129
0
45
7
4
1
2
0
0
35
1
47
0
13
0
1
0
1
988
5
2
0
6
0
1051
2
0
7
56
4
8
82
3
212
1038
0
207
1
0
0
0
0
0
0
2
0
497
2
9
8
5
32
11
21
1
2
1
305
1
254
0
0
1752
167
0
327
233
292
5
0
113
1
52
58
105
3
0
454
0
3
0
0
0
0
0
6223
0
28
0
0
0
0
0
0
979
0
47
0
5444
85
0
1
0
0
0
0
0
0
0
0
121
3
38
1
62
0
13
0
0
111
0
1
10
0
47
0
590
68
0
2198
0
0
0
0
86
4
0
0
24
459
0
5
90
14
230
0
0
5
1
1
0
0
0
1
2
0
0
4
0
634
10
1
17133
0
0
0
0
0
489
0
0
0
14
0
3
1
1
10
1
0
3440
1
3
0
199
0
12
0
7
0
0
215
5
184
2
3
6
2
19
0
0
7
4
2
4
0
0
0
0
0
0
0
629
1
1
0
3
1
11
6
0
1
54
8465
2
14
0
0
0
0
0
0
36
0
0
0
0
1
3
8348
3
75
9
10
8
4
89
4
1
0
3
0
0
7
6459
0
0
419
0
1
0
0
0
0
9
5
11
40
1787
0
71
1
0
0
0
478
407
5
0
46
0
12
17
0
262
0
0
5
0
36
1
0
20
3
99
0
1
0
40
0
214
24664
15
23
0
1
0
56
4
0
8
1
0
112
401
5
149
0
0
2
11
2
4
0
7
0
0
1
0
0
0
23
8
0
9
0
2
5
3
7963
0
32
0
6
0
1
1
4457
2
1
0
839
0
1
1543
5
0
0
3388
0
2
0
0
0
7
0
2047
269
37
0
18
1
0
62
0
25
574
0
13
2198
32
0
0
1
370
0
1
0
0
7
114
423
0
0
0
77
1
407
0
50
0
0
0
0
1
0
0
4
0
0
3
2411
0
0
616
5
671
104
386
0
6
0
2355
0
0
329
0
13
53
0
57
483
101
1
30
200
0
1
0
10
0
0
0
0
0
53
1320
0
1
1
141
1
2
0
23
0
25
0
0
3
2
387
0
0
2
0
0
0
193
0
0
7
2
0
1
7
57
13
1057
5
0
1196
0
20
0
0
0
0
0
12
0
0
48
1
9
3
2
3623
2
4
0
61
0
5
22
45
0
13
3
0
196
1
0
362
1
1287
0
0
2
2
0
4
9389
128
11
0
0
0
1
0
1
197
627
0
0
0
290
3
0
2
0
0
0
3
0
8
0
1
0
0
22
0
203
161
0
0
0
5015
1
0
1
3
16
0
246
13
0
0
0
209
135
0
2
292
949
0
5
13
4
0
0
0
5
2
31
436
121
5
1
0
0
0
4
0
0
0
0
0
0
301
1152
38
178
0
0
0
2
0
97
0
1
12
238
0
10
0
0
0
0
0
0
1
183
0
41
3
0
419
0
0
412
25
0
1
4
0
327
0
0
5
0
1
0
0
0
0
1
0
435
1002
0
2
0
0
0
28
7
0
0
61
1
0
13
5
0
9
0
36
153
2
1
9
0
1137
4
3
0
14
0
0
4
0
0
0
0
5
4
0
10
1
0
1
3
6
9
26
0
0
0
0
8
246
5
43
40
8
0
0
505
0
2
31
3
4
25
0
7
0
0
0
2
0
0
1
1
84
0
99
3
1
0
148
7
0
13
0
13
0
12
0
184
0
8
47
163
0
0
0
0
0
11
323
0
2
25
0
689
0
78
24
1
0
1
1262
0
5
0
0
0
0
0
44
0
0
0
6
8
83
578
0
0
0
0
0
382
0
0
32
66
0
0
0
0
1
0
8
0
4537
0
0
18
0
0
10
8
38
0
449
0
0
22
0
1
0
5
7
0
0
5
0
0
0
96
0
1619
1150
3
3
0
0
1
329
157
1
2
8
0
2
0
0
272
2079
15
2
0
149
13
3517
10
0
1
1
0
0
0
29
2
0
0
0
1693
249
1
0
40
0
0
7739
1
0
4
2738
29
0
0
0
0
0
0
1861
1
1
656
5
2
112
0
0
0
844
0
64
41
73
166
2
0
0
509
3
6
0
0
1069
301
351
0
0
0
1
38
248
0
0
1
2
0
13
0
5
0
0
0
0
30
0
11
1
722
210
0
8
148
0
249
0
0
0
0
3
0
4
0
1
4
90
3
48
5
100
0
0
296
0
394
0
0
0
0
0
0
0
0
86
0
0
0
2
3
0
135
13
587
0
0
1
7
0
0
16
0
0
0
268
0
3
0
0
1
1
1
1
2
37
93
511
611
0
0
1
41
0
0
0
1
0
2
0
235
2
0
13
0
1
2
2
9
5
0
0
30
0
0
8
0
891
301
1
0
2
7
21
2
1
0
33
28
0
68
67
9
0
0
0
0
0
0
0
21
4
3
0
0
5
0
26
0
1
0
0
0
14
18838
40
4
0
0
0
2
0
16
3
0
2
0
1785
0
1
0
0
0
0
2
0
376
3
2
1
1
2
154
3
0
0
4
458
0
1
0
0
761
329
14
0
0
0
0
1
0
813
0
0
0
18
0
0
0
0
46
0
0
0
0
20
0
0
47
4
8
0
0
0
0
133
2
1097
1
0
104
41
203
3
1
10
13
138
0
8
0
76
0
0
0
0
0
0
78
0
0
0
8
2
0
0
0
1925
1
506
3
1086
0
0
0
0
0
95
0
398
0
133
20
5289
0
1
446
772
0
8
0
83
1
0
108
0
0
0
114
0
4
320
4
0
1
2
4
5
577
2
0
0
0
2
3
61
31
18
2
137
1903
3
734
0
16
11
0
1
11
0
0
8
0
1638
35
18
0
575
0
0
0
0
0
0
14
319
39
6
0
0
0
0
0
0
5
0
329
0
1
65
0
0
0
0
12
528
4334
597
7
0
0
3
3
1
0
3
69
0
2
0
0
0
4024
0
198
0
116
0
0
0
13
1
1880
0
18
408
0
1054
0
25
0
0
1
2
0
57
0
2
2
1093
368
14
0
0
7
352
5
585
0
0
8
0
12
32
10
0
0
0
3
2404
59
5
1
0
40
168
0
0
3
0
207
0
2
0
0
15
0
0
0
931
0
0
0
3
12
8
31
2
1
4
0
1
2
0
0
0
31
584
2
0
2
650
21
6
18
1
30
0
1292
0
0
1
0
0
2962
0
1
0
0
0
41
1
0
28
13
5
250
0
5
1490
48
2
20
5719
0
0
1
1
0
49
0
56
16
1
4
0
17
0
0
480
0
34
0
1
0
24
0
628
0
0
1
28
0
0
3404
0
0
28
0
7
0
35
1
0
101
69
0
1
4
0
1
0
0
24
0
3
4
0
0
5
1
7
2
0
0
0
18163
45
50
9
159
86
78
9
1
8
44
178
0
0
6061
0
9
0
0
109
1930
0
0
3380
1
4
0
0
8
0
0
0
0
0
5
0
10
11
33
0
0
621
0
0
0
1
673
0
9
0
0
0
6
3
0
0
4
46
0
4
1
31
10
0
1159
0
56
128
1
2
1
50
4
2
10
2
22
1
201
0
3
480
1
0
0
0
0
4
0
2
5
0
297
12
0
2
39
0
1
12
2
0
1
25
219
348
0
0
0
0
0
0
0
0
0
17
0
5360
19
5
0
546
3
1
4
2
8
1291
24
25
2
20
8
46
0
1
152
0
0
62
9
0
0
1084
5
529
305
15
2
0
65
405
1
1
3295
0
0
0
0
39
5196
0
2
3
1
0
0
2
0
4
337
0
0
311
11
0
0
0
0
17
21
4688
1769
11
33
0
0
54
0
19
0
49
0
130
1
15
61
0
0
0
0
1
0
6
2
0
39
1
21
2
1
42
0
150
3
0
377
1
0
0
0
2
0
15
0
0
0
35
0
4
0
0
6
345
179
0
0
70
0
0
0
0
0
0
0
7
0
39
33
1
1
75
119
31
237
29
1
10
0
12
2
26
0
0
2
0
0
2
297
0
448
0
1
0
45
67
802
98
0
0
1
0
0
1
0
0
0
9
9
1
0
6
0
0
0
0
0
0
1
0
0
2
0
0
1
0
0
0
6
0
0
6
1
27
0
0
0
0
44
0
29
0
2
0
12
24
6
1
1
474
26
451
0
0
0
0
35
3
1
38
17
1
0
529
0
1
0
1
34
0
0
5
50
28
0
28
1
27
0
0
0
0
1
0
0
264
4
0
0
0
4
0
0
816
53
131
0
3
1
0
3
3
46
12
0
0
0
0
1547
0
0
4
17
2
203
1
7
4
57
10138
1
138
1045
1
0
16
0
1
9
0
1
0
1
43
0
2
1
0
9
1
0
1
12
306
0
25
4410
0
0
28
2
0
0
0
1
0
33
3
0
0
1
5
1
94
125
9
0
91
38
12
6
0
402
1
101
0
0
47
0
80
4
0
0
8
1
0
58
0
1823
563
0
1000
0
0
40997
16
1
3
0
0
0
16
3
0
0
1831
1
0
55
0
0
0
0
1
0
32
50
0
0
0
0
3
221
1
0
0
32
1
0
1
4
0
0
35
2
19
7
0
0
2
0
0
5
0
1
0
0
0
41
0
0
0
0
1161
411
0
16
0
3
1473
53
1
13
24
3
0
87
0
0
0
2337
12
2
2
147
0
2
2
0
2
1
1
0
2
6
12
4586
0
0
1
4
3
1
0
1
0
0
0
0
3
0
1274
1
0
12
0
0
1
1
22
0
393
1
293
0
1
0
8
1
0
1
0
65
182
15
716
0
0
0
618
0
1
123
4856
0
1
0
50
0
0
7
0
0
0
0
8
0
2
1
12
13
0
10
1
171
0
13
0
8
15
5
36
2
30
1
1301
0
0
48
205
107
30
10
0
127
31
46
11
0
3
0
0
0
0
21
0
279
1
0
1
0
0
27
4
62
1
2
115
1
7
41
47
10
0
0
0
1
0
1
0
1033
23
0
0
5
27
0
20
0
1
294
0
0
4
2067
0
339
0
0
13
0
16
27
182
10
619
8
0
10
0
2
1
1
0
98
0
22
161
0
0
0
119
245
2
0
0
1
887
18
0
0
42
694
0
1
0
0
162
1
0
1
0
0
0
0
0
0
0
119
0
0
0
3427
0
0
1
0
2
10
0
4
0
0
24
861
1
20
0
336
45
5
0
0
1
0
16
0
0
0
0
0
2
1
0
1
1
2
2
0
5
0
0
22
2
1
0
223
0
36
349
1
360
0
1142
0
6
0
0
0
6
0
17
1224
382
0
1
25
16
0
107
0
1
0
12
0
0
0
1
2
0
39
0
38
0
62
0
12
0
7
0
186
0
0
15
0
0
20
0
73
52
470
7
0
0
0
42
0
0
3
1
0
4
0
24
0
87
0
0
1
14
0
0
0
7
0
0
1
997
0
0
25
26
0
0
13
4
2
116
8
59
0
90
0
0
10
32
0
0
0
0
51
92
0
0
0
15
1
306
7
4
0
115
7
22
1670
35
0
6
0
9
3
1175
23
1
1149
3
0
130
0
16
5
1307
1
2
0
0
0
2
0
10
5996
1
661
1
0
0
7
12
2228
49
0
0
0
7
5
231
17
1
4
5
4
11
1
20
7
2
2467
0
146
20
1325
2482
1
0
0
1746
2
0
0
0
0
2
2553
2646
2
107
0
2091
17
2
524
0
0
0
0
24
0
0
0
0
0
0
1
19
980
1
1
1
2
5
0
38
1
0
5
143
0
0
0
15
40
103
297
0
0
0
2
129
396
0
6
2
3
1
2
0
0
5
7
0
0
8
1
1
0
0
9
550
3
0
0
0
5
4
3390
1
1168
0
75
106
0
0
108
0
6
18
0
59
1
1
0
26
0
11
13
2
0
4
438
0
0
8
4
2
1
0
4
8
0
6
31
0
628
2
1
1
55
49
39
121
0
0
0
28
0
1416
5
0
0
0
2
6
0
15
2
2
2602
8
21
1
0
0
17
0
0
0
15
0
0
6
0
73
269
55
0
89
0
10
0
469
188
818
0
0
0
1
10
1
4880
56
120
14
0
1
0
8
0
0
1941
0
0
16
0
659
0
0
0
18
4
1
8
0
1
0
2
4
18
0
1
16
33
7
0
7
43
9
7
1
0
1
1
0
0
2
0
0
1695
3
0
12
0
4
2
7
80
17
2
0
1
0
3
0
1
0
13
0
1
12
11
4
13
1
634
304
483
340
0
480
1339
1226
3
0
258
0
3
3
0
0
21
1
0
15
116
641
45
0
4
0
0
0
153
0
2
1
0
0
0
0
2
0
28
0
0
0
0
1
8
55
28
6
0
1
22
14
49
8
2
10204
162
1
0
0
1
0
25
0
0
0
0
0
15
3
3
7
0
74
0
0
63
1
0
0
117
228
0
189
16
7
1
107
1459
30
0
0
0
0
0
6
0
0
1
0
0
1
2
0
10
36
0
18
105
2
2
4
284
53
3
0
3
0
0
48
0
0
0
537
7
0
1
0
1066
385
1
0
1
0
5
0
2
1
2
66
2
0
0
52
0
1
1
1966
27
0
0
0
0
0
0
1
1
105
0
0
14
244
0
120
462
3
0
16
0
9
239
2
0
0
70
0
0
16
1
69
9
149
0
0
8
2
704
2
8
11
21
50
969
0
0
20
3
22
31
0
0
0
0
0
0
14
0
0
0
53
196
0
22234
0
19
0
57
0
3262
8
2
0
0
0
1
0
0
11
1
0
0
0
0
2
2
17
0
44
9
1
3
78
0
0
28
98
29
0
15
2646
321
626
11
6
3
0
1
0
223
6
22
0
76
0
5049
1
0
329
47
3
0
0
0
4
0
0
3
0
0
12
0
0
33
0
1
2
0
0
9
1
0
0
0
0
2181
2
0
2
2
101
21
0
0
0
3
2
0
0
47
0
0
2
1594
1013
1
0
29
0
61
14
24861
0
0
52
8
156
0
4
514
49
0
38
10
0
0
2
483
1
589
0
135
1
2
0
23
1
0
4909
0
0
147
14
11
159
2
0
0
0
0
12
0
0
0
1
0
3
17173
2
0
0
1
0
10
0
109
1
4
28
0
28
92
94
1
132
1
0
0
836
16
0
0
4
1
2
0
0
0
0
0
3
45
0
12
3
1
0
5
0
0
6
20
0
0
0
0
0
3
1
0
0
0
0
1
0
3
1
103
0
1
6
2
30
0
0
0
808
4
0
8
2
76
2
0
0
4
4
0
15
4
0
8
9
10
0
0
0
0
1
0
0
30
0
0
0
0
189
0
7
89
0
0
4889
4
0
1237
704
0
0
0
555
2
0
0
0
5
72
199
0
1
4
0
0
2
2
1
4
4
563
0
76
0
1
0
1
0
1
0
3
0
0
122
0
2184
3
94
249
2
0
0
44
0
1
0
3
2
0
0
2
2
70
1
0
1684
0
0
8
8086
1
0
1
0
506
43
0
8
0
0
0
0
0
41
108
1
0
22
84
91
10
0
5
27
0
0
1
45
0
2
16
0
3
16
106
0
1661
25
2
3630
0
0
20
51
8
0
0
0
0
1
0
0
1
0
1
75
3
1
2
2
1
116
0
16
8
713
620
0
284
530
1
0
0
1
0
0
0
2
0
0
13
0
0
0
0
0
0
17
0
1
2
0
1030
0
1
8
10
1
0
0
42
0
339
158
8
840
0
0
0
65
4
4
0
1
0
0
3
0
3
6
1
21
0
1
1
7371
968
19
0
717
0
911
0
174
0
18
0
0
0
0
0
1897
83
0
1
0
15
0
0
309
0
3
0
2
15
8
32
0
5
0
0
3
3
6
8
148
17
6
1
0
1
1245
3
5
472
0
3
418
0
5
2
5
0
2
2
0
15
8
0
6
65
141
0
0
1932
1
137
72
0
223
0
0
22
1
0
15
0
4
0
891
462
0
0
0
1
44
10
0
0
30
0
80
0
0
6
0
2
1
0
5
0
1
0
0
22
15
0
3
0
4
2
0
24
2
446
0
0
566
0
865
0
819
0
2
21
0
14
1
0
10
1832
0
0
58
0
0
0
2
0
0
4
1
4
0
21
10
0
8
0
0
0
0
4
0
0
0
0
26
1
11
0
1
0
0
3200
1
0
11
24
0
0
58
0
3
0
0
60
17
2736
0
7
13
5
2
3
1
1
0
8
8032
213
153
6
0
1064
0
0
0
0
1
0
1
1
0
175
0
1
1
1
5
0
0
0
1
0
4
0
7
0
0
0
6
4
1
0
5
1
11
149
69
4
6
195
1
0
564
0
14589
0
0
55
29
16
0
0
358
1
0
214
6
76
2
0
11
0
0
0
0
5541
0
0
4
0
0
0
0
7
32
5
0
11
37
0
0
0
0
4
2346
9
35
0
1
0
0
32
10
5
20
2132
0
23
0
14
0
1
0
0
8
0
80
3082
2
0
0
298
0
2
0
2
24
45
0
19
0
8
1
143
0
8
26
1
0
251
1562
0
0
0
0
0
7
0
272
0
0
3
3
130
12
124
489
0
0
38
4
0
32
31
2
0
4
1
7
3
86
3
0
7
1
0
0
33
1673
0
0
0
6
1
0
2
0
3
0
0
0
8
27
2364
0
0
0
0
3
0
37
0
16
11
2
0
0
0
0
0
0
0
1
727
0
16
9
0
340
0
16
15
6
0
0
558
0
11
0
998
1035
12
1
3
2200
17794
1
0
3
99
0
0
1
0
0
41
56
1
0
4
0
0
0
0
0
0
0
0
0
132
91
0
1
0
0
23
0
0
9
0
0
0
1
0
47
0
0
0
1
3
0
5
0
19
5
17
25
1
34
1905
1
0
1
18
0
44
0
32
9
0
0
2
1
2
3
14
68
0
0
221
1
36
0
371
0
10
0
0
1
0
0
3
0
5
0
0
0
3
1
0
2
1616
0
0
0
0
0
0
386
0
0
0
0
0
1
137
8
3
2
1
0
10
0
1
3
0
4
2
375
5
69
4
19
326
3
120
33
20
13
0
2
0
0
0
0
0
0
0
1013
0
0
6
11
298
3
25
5
25
0
1
1
0
0
25
0
1
1
0
0
0
0
2863
85
0
1
27
0
4
10
27
5
0
0
0
3
0
0
5
2
0
2
31
0
50
1
1
0
132
0
5
28
57
0
6
54
0
0
0
0
9
0
3
1
76
0
4
0
2
2
0
0
1
4
0
2811
21
0
198
81
1
2
0
0
0
0
0
62
0
0
1
0
0
0
334
39
14
2177
1
10
0
571
0
0
0
4
0
0
0
102
299
3
20
14
4
0
184
114
4
1
0
0
0
3
0
0
0
197
0
0
3
0
39
3
3
0
8
0
1
10
0
3
22
1
2087
8
0
1
0
16
0
0
0
3
24
1
62
0
0
0
4
0
271
47
0
0
32
26
0
13
0
1
2455
25
13937
14
2006
2
0
1
2
4
0
0
1
26
0
3
0
0
0
5
0
0
1
0
1
0
5
0
0
0
2
20
151
3
18
0
0
27
0
0
7
0
0
0
0
14
384
0
0
6
3
0
1
0
1918
6
1
14
22
0
0
3911
2
1
0
206
0
24
4
3
3
31
275
2
3
0
4
3
0
1246
0
0
0
52
0
0
1
0
16
2
693
0
0
39
11073
11
0
16
0
1
0
10
3
0
0
36
0
0
1
9
0
434
10
0
3
1
4
0
22
0
31
27
0
0
1036
60
0
0
16
2
16
0
919
97
17
0
12
15
523
0
0
1
18
0
0
0
0
1
10
0
0
1
1261
2
0
436
333
1
181
0
0
48
0
31
8
0
28
0
1
6
0
0
1
6
82
0
64
5
2
0
4
0
2
262
24
1
1
2
0
1
6
0
1
0
0
3
0
2
0
0
0
2
7
0
0
514
202
24
0
0
0
29
4
0
0
0
4
1
193
0
2983
185
1
1333
0
2
0
15
9
86
1
1
0
3
0
1
1
49
0
0
1
1
151
0
0
82
1
310
295
0
61
66
0
0
13
0
2
90
8
0
0
1
0
2
1
294
1
14
0
0
0
33
0
0
15
1
0
0
0
3
9
4
58
0
162
0
0
0
0
1
6
0
0
0
1
0
0
0
0
0
1
0
0
0
0
0
0
0
0
0
10
0
7
0
2384
469
1
11
2
0
261
13
0
0
0
3
23
1
34
2
53
676
1
0
0
21
0
363
156
0
0
0
0
0
10
28
1
399
134
1292
3
0
0
17
0
0
1938
3
2024
0
41
0
18
0
0
3
0
4
3
1
1
6
42
623
1
0
3
0
0
0
0
0
73
731
0
2
154
4
0
18
16
0
15
7
935
37
0
0
0
0
0
1
623
6
0
0
3
0
14
0
0
81
50
0
37
0
0
0
3
0
32
4
5
1
0
0
0
0
368
0
0
0
0
257
0
33
7
0
0
2
12
43
1
2
2
158
590
10
3
40
1
129
0
0
1
0
1
0
23
4
252
0
100
0
0
688
2
0
4660
0
3
4
364
31
12
4895
6
2
28
0
1
0
4171
0
5
0
0
1
1
0
0
0
7
6
21
0
0
0
0
110
0
7
21
1
18
0
0
0
285
0
4
0
480
1
75
1
0
15
6
7
1
55
1
333
0
0
31
0
0
0
0
40
32
0
0
0
41
240
0
0
0
0
0
0
0
1
8
0
35
2
0
0
0
0
0
1
6
13
8
0
63
0
98
5
0
1
0
1
0
26
10
0
1
202
0
0
0
2
1
2
1
3
4
7
1
0
0
4
0
0
0
0
0
0
1
75
0
0
0
1
14
0
5
4
5
0
3605
0
0
0
115
0
132
0
0
0
0
0
0
1
3
43
0
7
0
94
3
1
3
131
1
6
2369
0
4
0
138
20
10
1
150
1
0
9
0
73
0
2311
3
18
0
646
0
0
0
9
2
0
0
1
3
0
0
1
6
25
0
4
15
0
7
1
16
0
0
48
60
1
0
0
0
0
0
0
0
0
217
5
5
4387
9
5
1
0
0
1
160
0
23
3
5
0
1
0
0
0
0
0
0
3
0
1
2
3
72
66
6
0
26
5
7
1
0
796
1
0
0
0
0
2
13
1
77
0
39
0
0
0
9
208
8
0
0
0
0
24
0
12
0
0
0
10
0
155
3
98
13
3
1
7
0
159
10728
0
0
0
0
0
1
2
2
0
0
13
12
98
27
63
10
0
0
8
0
7
0
0
0
0
0
0
1
0
9
11
157
0
1
2
6
237
0
111
104
4
0
0
0
0
0
0
0
0
1
0
4
3
0
0
10
1
7
3
1232
0
21
133
0
0
0
5
1
20
0
5841
0
0
0
3
0
979
0
1
0
0
1917
6
0
37
0
4
284
17
2
0
229
1
48
0
0
0
208
0
0
2854
4071
9
0
474
0
0
0
0
0
1
7
102
16
1
8
38
0
127
1
13
122
0
259
676
131
3
618
5
52
4
2
0
0
0
0
0
0
6
1
71
0
219
56
9
0
2
2
0
0
1
14
0
0
0
18
0
0
0
9330
0
19
594
891
3
0
0
0
365
0
0
0
0
0
1
0
12
2
0
2
0
132
4
1
0
0
0
53
0
0
0
0
3
1
23
27
0
297
0
0
21
0
82
1
7
9
2
0
159
3
1
13
35
0
0
142
0
1
0
0
0
2
543
0
0
0
3
1
2
286
0
5
1
1
0
0
1
0
0
0
0
4
2
0
0
6
4
240
0
48
481
0
0
1
1
0
0
157
51
1
63
11
1
57
0
0
1
295
11705
31
0
2969
1
0
1207
11
81
0
0
0
0
0
0
0
8
6
17
0
0
5
0
0
2415
0
0
956
0
0
0
13
0
0
12
0
0
4
20
1
0
8
15
2
18
88
0
1
42
2
1
0
29
0
24
0
2153
223
107
0
1
0
0
33
1
493
0
19
0
0
0
0
643
0
1
21
1
0
0
1
1
0
1082
0
0
178
0
4
1
2
0
296
1
88
0
0
0
374
4
0
0
3
0
97
0
0
0
0
0
2
5
0
1
0
0
0
0
1
2
69
14
0
1
9
366
0
3
896
2
10
0
332
7
0
84
1
3
0
0
0
13
11
0
0
0
22
3
5
0
5
1
7
17
2
0
0
0
1
0
0
0
0
0
0
0
0
36
0
1
75
7
5
0
0
0
11
0
84
3
4
0
0
3
0
40
2
6
115
0
0
0
10
138
0
461
3
17
2
480
0
0
2
0
0
66
1
0
0
119
0
0
0
0
0
0
38
600
4183
0
0
45
0
0
23
5
0
0
0
0
1
0
0
0
9
0
11
0
0
83
0
9
10458
8
17
6
6
0
6525
0
2
5
266
4
0
161
1
0
2
2
7
17
146
0
0
24
0
0
310
0
538
0
0
1
224
0
421
0
1
1
0
3
22
0
1
3
0
0
148
1
0
0
0
0
6
0
12
0
8
4
3663
0
0
0
0
2
0
155
0
0
2
15
737
2
0
21
0
50
30
1
0
6
2
3429
25
1
26
0
15
2
0
0
95
0
9
0
238
0
0
8
0
0
1
1
2
19
392
0
0
0
0
0
613
0
0
5
15
0
101
0
22
0
1
28
0
179
6
130
0
1
3
105
319
2
0
0
0
2
36
0
1
1
2
46
0
0
3
0
0
1571
3
0
0
0
0
0
0
3
0
0
1
0
0
0
33
0
0
22
1464
1
1
154
0
5000
0
0
0
0
0
0
0
0
0
7
1
0
0
59
2
1552
19
5
49
1
254
0
22
7
1661
0
3
0
0
9
0
35
8
2
0
0
3195
9
2
5
0
0
1
0
0
0
0
1
0
1
0
0
0
8
0
0
0
2
13
0
0
0
0
0
0
0
0
0
0
0
0
0
0
59
1
1003
97
0
0
15
50
10
2
1
1
0
1
4
13
2
11
0
280
0
3
20
16
3
46
1
6
151
0
0
0
0
0
2
0
0
0
0
1
0
2
0
0
0
0
173
0
0
0
484
0
1
110
16
290
19
0
0
0
0
0
2
11
0
0
0
0
10
447
0
34
9
0
2580
0
0
0
0
2
1
7
63
1
23
0
0
4
0
0
0
57
206
1
4
0
0
2
53
0
0
1
0
4
0
11
0
1
44
0
148
1
0
112
1
0
0
0
0
132
57
0
0
0
1
0
0
0
3
7
0
0
1
0
0
0
24
2
1
423
3
1
1
0
0
316
3
173
1
1824
0
0
6
1
309
0
0
5
503
1
0
25
0
0
0
0
0
4
0
0
0
1
0
3
0
29
12
0
823
1972
1125
26
1
0
20
0
0
0
0
0
0
2
0
67
0
1
4
0
0
0
0
21
427
0
0
0
0
1
7
0
0
0
1
1
0
168
32
0
0
0
1231
0
2716
0
262
21
1
0
0
1
0
5
0
0
0
17
25
2392
0
0
1
49
0
0
1917
0
0
3
0
0
16
0
0
0
0
0
0
170
14
5
1
18
3149
348
10
7
0
0
57
0
0
7
546
6068
16
0
19
761
24
1
0
4
1
9
19
86
1655
147
0
0
0
0
350
4
2
23
0
0
0
19
0
1
0
0
1
27
2
56
23
0
0
0
1687
0
1
0
0
0
0
2
170
12
0
0
0
3
157
39
1
6
238
0
0
0
0
0
6
0
178
6
0
2
4
0
8
1
90
102
3
0
4
0
71
2
0
1
0
0
1
2
0
18
0
2
0
0
688
4
0
0
249
0
0
0
154
1
4
0
0
0
0
12
0
810
0
0
0
9
1
0
0
136
101
0
0
31
4
57
0
0
0
1
44
112
5
3710
0
0
15
126
2
1
0
1
43149
0
0
214
59
0
148
3
36
0
0
10
0
0
1
0
3
561
0
0
15
48
0
0
0
156
0
0
0
2
0
0
1
0
0
8
0
0
1
224
0
0
7
0
0
1
1
4
0
0
164
199
1
5
42
898
0
1
0
1
0
0
0
7
0
0
0
0
268
2
0
1
75
0
0
2
0
0
3
0
5
18
45
7604
1
476
5
270
12
4
0
0
0
8
0
1
0
0
0
0
0
0
14
2
0
14
1
0
2
3
111
0
1055
31
1
0
3
1
0
0
0
53
6
1
3
14
10
53
0
0
0
11
0
0
0
3
107
165
0
1
0
31
0
5
7
0
2
4
0
1
289
18
47
1
57
0
6
32
0
1
0
0
0
2
0
3
16
1544
0
257
0
0
14
74
0
1
1
0
2
5
107
0
41
1
4
240
2256
0
2
0
0
0
52
2400
3292
0
5
3
0
0
0
0
0
22
1
14
2
26860
3
182
0
1
2
28
1
80
39
4155
1
0
0
0
1
0
0
0
1011
8
1
19
1
3218
26
0
255
59
0
3
85
2
22
0
14
14
30
222
20
0
0
15
0
8
230
6
227
4
239
1
6
1
101
0
1
0
0
60
2
23
16
0
0
10
45
2
0
26
771
588
1858
71
3
12
0
0
0
0
0
0
0
0
0
30
0
0
0
124
0
9
0
75
0
2
2
37
101
12
0
87
1
0
24
60
0
151
0
21
1675
0
4
51
3
461
0
0
436
0
1
70
0
0
0
214
2
2
9971
11
6797
0
3
32
1
38
0
0
33
15
1
0
0
0
0
0
0
0
0
3
0
4
0
7295
91
3
3
167
30
0
1
35
2
22
0
0
1366
17
0
818
0
4
13
0
1966
0
0
0
0
0
0
0
0
0
0
31
0
39
0
0
49
0
1111
590
0
0
0
5
7
1104
1
0
0
6
0
0
0
0
0
0
100
0
0
1
0
0
0
154
8
2650
0
0
4
148
0
23
35
8
1
20
125
0
1
1
1226
1
2
0
0
0
323
1105
17
0
0
2
0
0
0
378
50
213
0
0
0
2
42
10
65
0
0
1
1952
0
1
2
1
101
0
139
0
0
4
0
0
0
0
0
17
0
2
4
0
0
0
2
1
1
0
0
5
21
1
417
0
31
10
76
0
93
0
0
0
1
2
0
0
0
2
11
1
1
1
429
10
1
0
2
0
9
1
10
0
0
0
0
6
6
999
0
23
222
0
39
19
0
0
0
6
0
1
0
0
1
17
271
16
531
0
35
0
2
1
0
10
0
1
4
42
0
1
32
9
10
0
0
47
1
34
0
0
0
0
0
14
0
0
115
0
0
0
1
27
2
2
2
70
3
3
193
0
0
3
72
0
0
0
1
1
0
0
0
6
0
0
0
0
23
300
12
0
33
1717
2
1
4
0
0
0
152
16
29
4721
1
31
2827
0
1
0
0
0
26
8
48
10
0
0
6
1
0
0
1
0
465
0
0
0
373
0
0
0
251
21
0
530
0
1
0
0
7
0
1
0
0
0
0
0
1
0
28
0
32
24
626
0
3
972
2
61
20
412
1
0
0
0
67
232
1
3
522
210
2
0
0
206
0
0
10
0
6
0
0
0
0
0
0
6
0
0
3
0
2
0
0
4
5
2
0
42
0
1
0
1
1
0
0
0
0
1
0
1
0
0
11
0
0
0
55
1
0
0
0
36
101
0
3
0
0
16
1
4
0
18
19375
0
0
1729
46
2
22
7
21
2
0
438
0
0
0
0
209
1
0
0
0
0
209
0
2
0
0
0
3
916
0
0
33
0
2
0
0
0
0
0
0
66
8
0
0
514
0
24
10
5
0
1
0
6
0
1
2
0
0
172
0
2
8
1
4
0
5
4
0
31
0
668
428
1
10
0
28
1485
0
1
1714
1817
0
0
1
880
0
2521
13
0
0
209
16
31
1
0
0
0
1
0
1
0
49
0
0
12
5408
598
7
0
148
234
0
198
5
16
0
1
1
0
0
0
2
5
53
0
0
55
1214
1
2
199
0
1
324
3
88
16
320
576
1
432
0
1
0
1
0
0
35
0
126
0
188
1
1250
1
0
663
10
0
484
4
1
0
0
0
0
0
0
0
9
0
5
0
0
0
3
0
5
0
39
79
11
1
0
0
0
11
1245
1818
18
7
49
4
1
7
0
61
261
135
5
17
0
0
159
9
201
0
0
1
9
0
1
57
1
1
0
82
1
340
0
12
1301
0
9
4
1
0
121
0
0
5
0
5
1
0
14
1
0
21
411
0
0
2
0
101
0
0
0
0
6
9
60
4
11
0
0
5
0
1
0
31
32
5
97
0
0
66
6
16
14
0
24
3653
2
0
0
1
80
2
0
0
3
0
2
0
28
0
0
4
0
0
0
319
0
0
0
31
0
0
2904
0
13
0
3
3
1
1
0
1
0
37
0
0
1
0
4
35
371
66
0
3
1
0
1
144
2
0
10
0
0
102
0
10
160
0
6
3
0
0
0
6
1072
0
0
0
0
2
0
84
1489
312
0
0
0
0
27
6
0
0
0
0
0
0
0
0
548
0
0
0
111
0
82
0
148
86
16
0
6
1
0
6
0
2
287
1692
0
15
0
0
0
1050
14
0
0
112
3
5
0
0
11
1735
6
0
4
1
0
0
0
0
8
0
10
0
0
0
0
2
0
0
6
5
0
0
0
2
2
0
1
5
0
4
17
100
0
0
0
19
0
59
0
0
175
1
7
3
97
36
2
0
11
3
0
2
0
0
3
37
1
3
0
998
1
0
1
0
8
0
0
72
0
0
6
0
0
0
154
1
6
0
0
1
0
156
0
21
0
1
0
151
13
779
17
0
36
328
15
8
84
0
0
729
0
651
0
0
0
135
206
1990
0
40
0
0
0
0
0
13
0
0
2
73
0
3
3
1
0
0
3
67
0
0
0
585
174
731
32
1564
5
0
124
12
3763
0
0
226
0
34
11
0
0
0
0
0
0
0
41
0
0
2
9
125
0
736
0
0
11
1
0
0
0
0
0
0
0
194
0
24
0
42
817
1
0
0
2
0
55
1
1
3
0
0
0
465
0
0
0
50
0
0
0
1
0
0
0
176
4245
0
0
0
3
740
0
6
0
0
0
39
0
0
1
0
0
2
2
0
0
2
0
34
0
0
0
0
0
32
0
37
0
7
106
0
0
3
85
46
1
28
7
3
0
0
1
1
0
0
0
0
0
0
1
16
0
3
0
0
23
5
0
28
0
0
0
7
3
1
14
3
0
0
0
2
0
1
4
2
0
0
1
2324
7
9
698
2
8
0
6
0
2599
20
0
0
0
0
13
1
21
21
1
4
169
2461
755
106
0
291
20
88
0
0
0
1
863
0
0
7
199
191
0
757
16
0
0
18
0
0
0
4
0
3
137
6
0
31
0
0
0
0
0
1
0
2
7
0
2
4
586
86
1
69
0
0
1
15
1
1
0
315
159
0
684
0
12
5
126
0
2
0
0
0
12
2
1
0
640
0
1
0
317
0
5
0
1969
48
14
344
0
0
0
125
104
63
0
14
0
71
0
0
0
6
0
34
2
72
88
0
0
4778
0
5
10
298
8
22
0
11
23
0
4
2
33
0
12
12
0
1448
0
17
0
131
207
29
26
34
2
30
0
14
6
1
0
2
0
702
3
1
0
23
0
74
23
154
3
0
0
0
0
10
0
0
0
407
0
7
0
1
2
0
21
0
3
48
23
9
8
1
0
0
58
0
6
1
0
0
0
0
0
14
1616
3
1
1
2
20
0
1
1
0
0
1
0
29
15919
63
2
1
347
0
0
1
2
2
0
3
0
1
3960
58
0
1
571
0
0
6
0
16
0
4
0
0
0
4
22
0
139
44
0
0
2808
0
49
1
0
61
0
0
481
1
0
81
6
0
11
10
16
0
0
0
0
0
0
0
0
1
1
0
2
1
3
0
0
0
24
17
0
65
1
3760
2
0
5
0
0
2
868
0
0
14
0
0
0
0
0
3
67
297
247
613
4
12
267
54
1
0
4
0
0
7
1
0
0
0
0
0
1
1149
0
0
2
1
472
0
0
36
0
0
0
1
0
33
0
1
5
0
2
0
8
0
0
1
0
90
0
0
0
0
14
1
0
0
0
0
0
17
0
16
0
0
0
0
0
2
0
0
0
0
4
1
0
1
2
132
55
0
3
35
354
21
2
3
1442
0
0
28
15
0
48
4
0
0
260
336
0
751
0
972
2
0
4
0
0
0
0
157
48
4
1705
1
164
0
0
0
4088
0
11
0
32
2
0
0
0
2
197
0
1
1
0
203
1419
3
0
1
1
1
1
2
1
8
2242
0
0
0
65
9
176
143
5
2
0
0
1
0
0
0
796
45
0
45
15
0
29
0
9
0
46
0
0
13
183
6
0
42
19
0
1
0
5
0
0
0
2
0
31
0
1
0
164
414
2
1
1
6229
13
0
154
0
19
8
0
0
0
0
7
3
1
2
13
2
8
408
0
0
181
4
1
209
0
0
0
320
0
2
0
1
1
0
0
1
1
8
4
0
0
4895
620
0
1
0
322
0
0
0
0
0
35
4
0
0
0
0
4
38
35
0
9
0
570
0
0
3
40
1
0
26
4
12
1
1
3
193
3
3
1
4
1
0
14
882
1
1
0
0
8
3
0
1
5
217
0
0
3
3
1
39
4
77
55
0
444
1
39
0
0
162
3271
0
9
4
1
7
1136
2
0
4
0
0
1
1
0
27
40
5
91
0
0
6103
0
1979
0
31
1
71
0
1
0
0
0
288
0
0
0
4
0
0
0
786
0
107
1
0
5
2392
2
0
4
0
19
0
8
0
25
0
1
450
1
0
0
0
0
0
1715
0
0
3
7
0
832
13
1
3
0
1
3
0
3
0
69
0
58
40
70
0
14
1
3
5
0
141
0
2
1
0
841
93
0
0
795
95
0
0
3293
2268
0
0
3
691
298
0
220
7
0
11
0
0
5
3
0
3
1
0
0
37
5029
0
496
7
0
2
0
0
10
0
0
31
3
2
5
1
901
0
14
0
0
3
3
0
1
0
0
0
0
5
0
3
0
0
3358
0
8
0
46
1
0
1
3
0
0
0
1
742
9
0
0
0
0
0
55
0
0
0
0
0
40
3229
0
0
11
0
0
0
28
0
2
0
3
3
10
0
0
45
0
0
1174
3
2
159
1
25
0
89
8
0
0
0
9
5
126
1
0
0
5
29
1
4
0
2
0
0
0
0
0
1
1
0
3
0
0
2
0
4
0
0
0
610
51
46
4
380
0
0
0
0
2
0
4
10
0
0
28
1
0
2
0
98
0
8
1
173
45
48
0
5017
0
0
0
0
0
0
27
0
1
0
1
27
0
0
0
4
1
0
0
0
0
0
0
0
0
76
8
1
1
4
1
290
0
6
4
0
17
2
0
1
0
0
38
0
76
7
0
6
10
0
227
134
16
0
0
0
419
664
528
0
0
17
2
68
0
5
0
0
1
1
0
56
33
0
1
133
0
0
0
0
0
0
0
0
1
5
0
0
217
0
0
0
0
1
0
0
70
0
0
103
1
0
0
1
0
0
799
49
89
17
0
3
0
2
0
13
0
0
7
47
462
302
4709
4
195
0
75
0
0
1
5
252
44
14
0
0
1
2
0
0
3
0
3
59
77
0
0
0
1
47
0
1
12
6185
0
0
0
0
15
4
0
54
1
5712
1
0
2
0
0
241
67
154
1
0
0
1
1
43
0
0
0
31
0
2
1219
1
4
0
0
1
0
0
0
86
26
1
1
0
87
316
9
2
1078
2
7
6
0
2
344
0
0
35
1218
9
0
2
207
92
57
0
21
0
0
2
5
0
0
16
109
374
0
25
0
50
10
1
8
0
0
2
0
1
0
1
0
0
5
1
9
7
471
2
0
0
1
0
322
0
0
77
57
1
0
20
0
0
0
122
0
0
0
2
2
0
0
1
9
0
0
0
0
0
67
0
1
1
25
0
0
0
924
314
0
12
0
0
0
57
1
0
0
1
0
0
0
242
0
0
6
0
117
35
589
51
263
1
0
0
5
4
11
144
0
0
0
0
1
99
0
89
17
36
1079
0
1
2
52
2363
2
1
2
0
0
1
0
0
2
0
42
5
0
13
0
4
0
775
221
6775
259
2
4355
204
0
0
0
1282
0
0
0
0
2
4
2
0
14
0
0
2
0
4
9
205
14
128
0
34
2
5
0
1
478
28
3
24
14
0
103
6
0
4
2
273
1
0
0
0
3
0
0
0
0
0
2
6
0
313
0
51
0
27
224
0
1
0
32
0
1
1
1
2174
0
0
60
538
504
18
13
5
21
0
9
0
0
0
75
0
0
2
0
18
7
18
0
27
4
0
5
1
1
47
5
0
1
1
241
0
0
0
0
0
10
0
0
1295
1
0
1
42
0
2
0
4
2
0
1
1
0
0
0
0
64
739
0
1
0
4
0
0
2
0
0
1431
1
1
4
40
3
1
55
2
352
0
0
28
33
33
0
0
11
62
0
0
0
3
25
1
21
0
0
337
0
0
29
0
0
0
2
16
6
0
11
121
315
4
1
0
26
0
8
222
0
2
9
0
398
1
0
1
0
0
4
2
237
2
0
4
0
0
4
2
11
16
1
2
2
0
237
0
1346
9
27
0
0
0
4
0
7002
2136
0
6
0
194
3830
218
0
1
0
0
620
0
0
1
0
0
102
56
0
0
4
11
0
39
0
6
1
1
0
0
571
0
0
0
0
0
0
16
0
0
263
832
129
0
0
424
1
0
0
20
8
0
0
1
1066
21
1
0
9
0
100
0
26
0
0
1
0
14
1
2
0
7
2
1670
23
0
350
10
55
0
0
2745
0
5
0
8
0
0
0
954
1
2
0
3
40
0
0
0
42
0
13
2359
0
0
1
1
8
0
2
2
0
0
1
0
0
5
0
36
9549
2
0
175
0
0
29
0
0
0
0
1
2
13
0
0
0
8819
0
1552
0
0
75
11
0
3
0
9
7693
134
0
1
1
0
0
886
2
0
0
0
5
2
0
3
0
1
8
1
4
1
367
3
199
0
2
1
2
1324
0
30
12
4
0
3
17
0
0
369
61
180
0
11
3
0
1
1
80
1
21
35
28
29
1
0
0
1
3
0
0
0
1
1
0
1
695
1
1
22
0
0
0
10
0
7
0
22
0
188
20
0
0
0
0
0
1
683
0
0
374
0
13
2
508
30
2
0
0
7
256
2
0
0
0
0
6
8
0
260
0
5
1
1052
0
247
0
0
227
4811
0
1
1
12
2
0
0
11
0
369
328
48
126
8
0
0
0
183
1
0
0
2
0
397
9
0
14
6
3022
6
8
259
2
1
188
0
0
311
0
0
0
0
595
1
794
0
0
112
173
133
868
0
2
5
0
0
34
0
1
1140
0
0
5
2
0
17
0
0
2
0
0
100
0
4
2
0
0
0
10
0
0
0
208
1
0
1
0
247
0
0
0
2530
0
32
0
0
0
0
2187
2
0
0
0
0
2
0
78
2
5
0
139
22956
0
2
1
0
20
0
246
80
2341
1
523
47
0
0
1
0
0
0
2
7
8
0
0
0
4382
0
1
202
0
22
2
24
0
111
0
105
0
2
0
14
0
9
2
0
0
3
0
1
1
33
1
0
2
204
0
200
0
0
0
2
15460
0
0
1
416
0
2
0
3
3
207
12
3
0
0
3
0
50
349
574
0
14
0
11
0
0
0
174
0
19
0
30
8
0
0
1412
1
16
0
0
6
3
0
3
0
0
0
3
17
49
0
0
36
0
1
102
0
289
0
0
13
4
24
1
1
0
4
2159
0
57
22
0
1
0
2
65
3
6
20
2
0
39
0
339
3
0
1
0
7
0
0
1
6
3
2
0
0
0
0
0
0
0
0
0
5
34
0
0
0
0
0
32
0
3
41
1
5
300
33
33
0
0
1
2
0
4
0
40
147
242
0
1
0
2
1
17
1
6
0
0
1
45
2
517
27
0
599
0
0
2
52
0
1
0
19
10
26
0
15
8
8
1
2072
0
0
0
304
0
7
0
0
0
0
0
0
24
4
20
0
0
62
0
1
1
0
1
0
0
0
103
1025
1
0
191
0
11
1143
13
175
0
24
22
0
486
13
0
18
0
2
0
1
2
1
1
0
16
0
0
0
0
0
0
3
150
5
0
1
0
0
0
275
0
0
1
0
0
0
1
4
13
0
0
0
12
26
286
31
133
1
0
7
0
104
1
116
0
0
1
1
1
1
0
196
0
857
5
0
1
0
1
2
6
0
0
82
2
0
0
8
2
9
0
0
3725
0
3
0
0
0
10
0
0
52
0
0
0
0
296
6
0
0
0
0
1638
0
0
2
12
10
4
23
34
119
2
88
1762
0
8
2
1
0
0
1
434
3
0
5
5
1392
1
0
0
4
7
1
8
0
0
1
23
0
0
34
0
140
0
0
0
0
0
6
185
0
3176
170
4
3
0
0
0
0
1
500
94
0
0
14
665
0
6
12
0
1
0
0
8
29
2
14
0
52
0
1
217
55
15
3
141
825
46
164
0
3
1
3
58
0
5
0
7
0
68
1
0
0
0
11
14
11
0
841
0
0
7
2
31
0
2
300
0
16
0
0
0
0
219
0
1
0
0
0
13
0
2
0
0
0
503
0
69
0
6
2
85
0
0
0
0
411
0
0
3
1
9
3
24
0
0
0
1
38
633
127
8
0
2
0
162
0
0
1
11
1818
4
1
0
0
0
156
0
0
1
0
2
0
43
0
0
0
46
16
43
0
5
12
6423
0
1
8
0
3
0
0
0
0
2
3599
299
70
0
1
7
6
20
0
0
725
0
11
0
0
26
0
5
0
1857
46
0
683
1
0
0
0
0
0
9800
3
0
2
350
76
0
27
1766
0
1
0
0
0
0
0
0
23
1
0
0
0
0
1
5856
0
42
3
1598
0
0
0
0
9
0
3
0
30
6
0
82
3
2
0
22
0
1453
4
17
1
16
127
0
209
878
55
121
0
0
0
1
0
0
4
0
1
0
0
52
1
2
992
2
0
198
2
4706
1
739
0
0
2999
0
0
0
0
0
4
1
2
1377
10
74
1
46
0
46
1
387
0
0
0
2
0
2
9
23
0
308
1
0
2
2
0
0
0
0
0
10
10
12
3
1
1
31
1
0
1
13832
4
0
4
2
0
2
141
0
0
12
0
16
1
0
0
0
163
62
105
16
11
2
0
0
489
14
1
0
400
3
0
7
1183
0
1
3
1656
152
14
30
0
3
12
0
4
0
3
11
2
1
0
0
1
0
5
0
30
0
4
1
0
0
0
4937
2
0
54
7
14
2
8
1
0
5
0
29
0
1
0
247
159
11
0
301
0
72
3
26
0
4788
18
0
0
0
9
8
5
1
921
0
2
1
0
1
49
866
55
26
0
3
2
26
0
0
16
0
0
0
0
11
3
2
34
45
0
0
1
14
1
0
2
405
5
0
3
0
0
32
2082
0
0
0
0
1
0
51
0
0
0
1
2
3
36
36
5
0
0
3
0
1368
1
0
1
0
0
0
0
2
0
0
3
2
0
632
5
0
0
55
0
16
23
39
0
0
0
1
0
1
0
0
3
353
0
0
4
1
20
82
56
27
0
0
0
186
0
1
0
0
85
0
0
308
0
0
0
0
3
91
0
629
2
260
73
243
1
52
193
212
218
11
523
4
0
4
32
22
91
6
992
56
1
0
2229
0
0
0
23
13
11
3
2
149
0
37
0
0
0
0
0
2
8
10
0
374
1
3
0
0
0
9
0
0
0
42
0
95
0
0
0
43
1
100
0
3456
0
1
14
1
0
0
0
1
0
0
829
0
3
0
0
0
0
13
15
0
13
94
256
3
3
0
1975
14
0
1
1
4
0
30
0
1
4
0
0
14
10
0
86
5
0
0
0
59
0
1
156
0
14
8660
0
12060
0
0
3
148
0
8
3
1
1
354
0
1
0
3
0
0
13
0
246
197
18
9
2
91
6
655
0
1
5
4
825
62
5
0
5
72
1
0
8
13
0
325
306
0
0
0
1
0
0
111
0
2
8
0
6
0
0
9
2
2315
5
2
18
0
0
1
0
4
1
0
1
2
0
1
1
41
17
1
3
0
6
13
1
6
2
0
2
0
30
3
1
27
0
1
5
1
0
0
19
9
0
0
0
2
0
1
0
0
0
2
0
114
0
1
9
1956
20
46
446
69
0
354
277
175
7
109
0
92
0
0
0
0
0
2
0
85
39
624
182
8
658
0
1
1
0
368
548
6
7
1
254
17
1
109
110
3
1
1
10
4369
84
0
0
35
0
291
0
0
0
0
0
0
2
0
347
0
0
1
27
1
12
1
169
0
0
0
0
1131
0
0
0
1
0
1193
0
0
30
0
3
5
0
0
0
0
466
2
149
7764
0
0
0
39
0
0
1
0
0
0
0
11
0
0
3
2
13
0
137
0
4
0
0
5
0
0
1
1
9
0
2
0
112
67
8
2
0
0
0
0
12
0
554
11
1
56
48
1
0
5
0
19
3
2
1
0
3
0
0
0
6
18
1
2
6
0
2
218
311
1
0
417
3
1
12
0
2
1
1
1
0
0
168
0
1
38
0
0
0
0
0
0
2137
0
1
0
0
9
9
0
0
0
9
60
0
4
1
0
0
1740
19
1
0
34
0
1
2
62
1
9
25
0
0
0
20
10
0
0
0
3
0
7
396
44
0
0
2
54
2
12
0
4
3553
821
0
6
0
15
2
1
555
0
11
1
2
0
0
0
1
1
0
0
97
1
0
62
0
2
0
0
1
0
0
0
0
11
0
1
0
0
14
0
0
37
90
1006
2
538
1
9
5
5
111
10085
0
0
7
0
0
16
7
6
1870
0
15
2
0
63
0
0
0
2
0
0
1
2
1
0
0
14
1
3
2
0
0
0
4
0
0
12
2
0
0
2062
0
0
0
0
1074
0
30
87
0
0
0
1
0
0
103
0
7
1203
2
0
3
16
0
1
0
2
0
46
0
0
7
3
0
66
0
0
1
1200
52
23
0
0
29
0
0
1
1992
1
0
0
0
0
35
0
9
0
877
230
2
0
103
666
3
0
0
5
0
0
70
4
10
2
23
0
2
18
44
578
2
0
39
3
0
0
0
0
1
5
0
0
0
4
1
0
1227
0
0
11
22
0
297
24
1
20
0
5
0
0
3171
0
0
0
0
0
77
0
0
2255
237
4
3
0
1
0
0
46
132
1
0
443
0
0
30
0
4
1
0
6324
812
0
0
446
381
0
25
2
4
0
1
0
9
645
0
0
2
6
9
47
34
0
0
0
20
6710
3
1
220
0
374
0
0
56
0
66
0
1
552
53
735
0
0
14
1
34
12
4
0
0
0
152
0
6060
0
1
677
63
144
0
2
8
0
0
0
4
0
1
756
231
0
218
136
2
97
6
6
24
0
2
133
19
0
0
0
0
0
54
118
7
32
5
14
14
0
34
0
0
1
0
0
0
0
3
54
0
0
0
2
53
0
0
0
4
22
0
0
3
43
8732
0
0
1128
0
0
1
0
3266
0
6
2
419
0
12
2
0
0
0
5
0
0
795
0
55
17
234
0
2
1
10
0
0
0
2
0
79
39
0
5
6
0
85
0
0
0
0
2
5
3
0
0
8
1
1
219
0
0
9
5
0
2
141
0
0
6744
14
467
90
0
14
0
2
0
10
4
240
45
1
2
0
90
1
0
140
12
8
1875
18
68
1
0
0
2
243
1
0
1
4
1
0
0
53
0
0
0
2
0
0
0
0
3
1
0
0
0
510
69
1
12
24
0
0
0
6
0
3
0
8
489
0
777
2
0
4
0
0
0
0
15
4
11
1
0
113
0
0
0
0
0
0
152
0
2
22
2
1
0
2
0
0
87
1
39
7
14
4
0
3
70
2
17
6
0
0
0
0
291
0
5618
0
3
1
710
0
0
0
0
25
0
4
45
3
0
1
0
0
0
0
0
0
0
0
1
0
55
2
0
1
2
65
114
201
0
0
21
183
306
7
3
0
0
11
0
1
3
139
0
0
0
6
60
1
0
0
1
62
1
1
2
0
4
0
0
2
5
0
2
0
0
23
16
0
1
12
1
0
0
2
0
0
0
0
0
0
0
1
278
11
73
2
2
0
179
0
0
14
2
0
0
0
0
3
1
18
0
45
2414
7
2
18
81
1665
16
0
2
3
0
4
1
5
0
1
170
4
28
0
0
0
0
1
43
0
0
0
1
0
1
0
3
2844
0
0
3
0
0
0
26
0
1
3
0
2
0
0
1
12
305
431
33
0
0
29
0
2
183
3
0
0
4
23
9972
39
557
1
264
0
180
2
7
0
0
0
78
1
0
1
13
0
0
0
7
1246
32
0
6
0
1
0
1845
275
15
2
16
3732
23
0
447
0
0
5
0
1
0
32
0
1
0
0
89
0
2
1
0
3433
1
41
41
0
0
10
0
0
0
55
0
108
2
0
112
17
1
6
0
6
0
76
0
3
0
0
0
11844
2
0
6
1319
649
117
1
0
6
0
3
829
1
0
107
0
4
0
17
0
12
0
199
8412
39
0
11
79
1
0
0
268
0
51
0
3
0
1
0
8
4
0
205
2
1
7
48
3
10
1
1
4
729
0
93
1
0
0
0
239
1
1
1386
0
5047
8
65
11
0
2
3
16
0
0
0
2
1
0
1
62
160
0
0
0
422
22
15
54
0
2
0
0
0
7
33
45
0
0
654
7
3
4009
0
22
0
220
4
0
2
339
0
1
9
4
0
3
0
0
669
6
240
2
0
130
1
0
0
3541
5
3
576
0
2
239
0
0
3
33
0
1959
1
0
0
4203
0
0
28
0
13882
9
46
1
5
0
0
0
26
1
0
886
0
3
2
0
0
0
106
7
0
19
0
0
0
0
1
0
3
0
3
10
0
0
1586
0
0
0
2
5
0
0
0
0
108
8
2
0
0
0
74
1607
2
7
0
22
131
2
0
0
526
0
1
1
77
0
13
0
0
0
0
14
2
668
6
93
1
0
125
25
0
1
0
14
0
0
1
0
2
7
0
125
0
0
5
0
1
0
0
36
0
0
128
2
0
2
0
388
2
0
2
0
26
37
9
1
116
0
1
3
0
0
0
0
12
0
188
0
1720
4
2
0
0
283
313
2938
0
0
27
0
2
8
15
145
39
7
0
37
7
0
14
1
5
1
1
0
69
189
0
110
781
0
802
1
0
2
27
0
1
0
3
0
148
3
0
0
0
3
11
1
0
0
0
217
1
0
0
344
0
0
13
0
1
0
8
0
0
43
0
85
1
0
0
0
358
4
183
0
19
0
6
0
0
17
0
1
2
0
0
2
0
2
37
2
566
0
0
0
0
0
40
0
0
0
0
0
2
1
96
0
0
2
0
1
1
0
12
0
2
0
0
0
0
0
1
520
0
1
3
0
1
0
0
0
0
2
0
0
14
10
0
0
0
158
34
3
0
0
5
2
0
0
2009
0
346
0
0
0
0
0
0
0
1
1
0
0
4
0
0
0
10
0
840
1
0
0
2
0
105
32
0
0
5
0
0
0
314
0
7474
0
2
28
2
0
1620
0
1
12
0
38
0
0
0
0
0
0
1
0
1743
0
5
0
1278
12
0
1
0
18
0
0
70
0
1
1827
39
31
0
0
0
243
0
0
0
251
0
0
7
0
789
1
0
0
7
1
1
4
3
0
316
0
0
0
23
0
5746
0
4
0
0
0
1
145
72
13
0
347
8
1
0
992
106
0
0
15
0
9
1
113
0
0
0
41
3
3
714
13
33
0
0
274
65
174
0
1
0
0
694
0
1
36
1
0
1
0
0
1
704
0
2
0
0
153
1204
277
2144
0
2
2
21
0
45
0
0
0
0
0
2
1
1
1
3
7
35
1
0
0
74
4
0
2
0
0
0
53
0
1
7
0
3
194
0
1
1
0
0
0
24093
5104
20163
37851
12185
6
0
230
2909
2622
1887
0
1932
838
0
1612
8580
832
75
839
8250
11177
1612
839
75
5104
32423
39057
6
160
163
35769
832
163
3566
15601
55
3566
848
1826
1612
1612
169
180
1612
11933
87
48
28
75
38
0
17129
15491
187
19516
5104
17129
1887
12532
320
4379
20885
3274
3742
6
18
10
1
209
6526
6473
3
0
478
1940
50
3
8204
11
54
3
0
57
1032
1165
11
184
0
17295
0
12
0
422
11615
59
3
11615
5
0
2
3635
1017
29
11
11
13538
295
11
186
7580
1603
36489
0
33
1809
3
3
5178
10
720
0
40
10923
8025
6934
451
239
681
264
2144
3408
373
0
10492
1557
7
33381
19122
3757
0
37
0
30
1599
0
111
0
4
911
30
0
111
19
12032
2135
0
7
731
0
0
296
21775
4
0
13
0
0
0
0
1
0
128
50
33
0
286
111
17
882
540
52
3
157
0
30
8
368
624
21196
35
388
0
67
8
2
13449
19
4
0
0
1950
0
1
53
7498
0
111
841
0
208
1
4150
7
111
0
31
0
435
57
1386
44
4976
1378
0
528
68
74
10377
4893
30
146
0
26
8
140
693
201
448
247
610
31
5
15
0
0
26
0
0
29
8
23
251
799
92
1
75
7406
59
34
0
22
97
7232
170
14763
375
188
37
310
114
0
0
11
227
90
515
0
0
1
0
3579
2
406
7090
3594
76
634
11
4251
0
10512
199
18
32
32
0
196
27
65
2
2
7861
0
29
0
23
0
39
7
19
840
217
6
145
5
4
2
1128
19
4
1546
38
0
100
875
1
14
4
120
9003
1047
0
1830
478
1066
0
0
0
34
0
11
850
43
0
19
0
2332
3
958
2113
2
0
91
167
0
32292
11
1404
0
38
0
4
0
1
1250
1
3
195
0
11
680
369
0
21
5
9
6
0
40
932
1
74
33
35
0
1
156
22
2877
19
0
16238
306
8
2
8
0
2
272
0
6
0
0
1
5
0
44
0
0
18
36
2
4
0
0
66
1302
9
73
0
10
16
2
967
12
338
0
0
0
30
2
5212
0
0
707
355
1
0
0
13
12
1263
1
2
0
0
1281
48
2
509
3
5
9
1
83
9
124
49
0
387
1013
0
23
147
18412
174
0
94
0
0
0
5
5
0
0
0
0
88
0
12
0
0
35
71
0
0
25
0
29
0
0
1
234
385
33
11
53
154
2
28
7
3
671
0
3393
4
0
1
0
3
2
170
80
14
3
194
1
19
560
1589
0
218
2
3
6
0
0
71
40
1
0
38
10
0
0
862
6
0
0
4919
2
0
1366
523
113
6
2225
3080
47
2572
0
0
31
59
0
35
155
2
6658
119
1637
1
0
1
24
2
8
88
0
13
20
5
1440
19
1
0
4
3
0
2
1
36
1749
0
1145
1
1
0
34
29
0
1
538
1
2
0
0
2
0
0
4633
77
0
2
5
0
208
3
0
109
75
89
151
1431
3
639
0
41
0
0
670
52
53
41
1
0
26
781
63
17
0
106
85
28
263
0
0
1
27
157
25
212
0
0
0
0
4
341
0
0
0
0
1
10
0
1
0
0
322
0
0
31
2
2611
0
0
2867
0
0
2
1783
0
0
0
17
2
0
1726
727
0
0
0
7
1
0
2283
162
416
1
15
5789
1
5808
108
0
43
314
0
341
0
274
975
0
479
3
951
0
0
69
2643
11
17
210
8
640
73
1
30
2
0
0
3
0
0
6
0
1064
10
0
1
101
3
6
0
0
1
2
7068
0
0
6743
1
81
2
0
39
128
2
2325
74
2345
200
0
3
156
154
0
0
350
0
0
296
0
524
0
0
0
0
11803
640
1
23
2
247
179
2
23
0
886
7
21
0
30
0
276
0
0
0
0
1
2
107
0
1
79
17
2
0
52
1604
0
563
0
3
6
0
500
0
2
5
0
0
0
31
5
195
0
29
1
1119
0
3
1
29
0
0
0
1917
19
43
913
7858
66
25
109
0
0
2023
0
131
0
0
0
65
2137
0
0
0
11
165
145
0
321
0
0
125
29
0
0
0
5
127
1
85
0
0
600
0
291
4
164
23
23
0
34885
1
9
83
24
276
117
1
0
0
14
2
10
4
0
4
0
0
0
0
2538
0
0
0
37
65
1
603
9
692
1838
1
0
0
0
27
1
3
0
1
0
3
8
243
0
9
72
0
2
1
64
1233
0
2350
178
56
0
1
10665
0
0
1
0
0
0
289
2
160
201
18
0
44
0
523
0
14
0
1
118
33
25
1
0
0
0
0
18
0
0
0
0
2
1
0
1
82
2
0
48
3
1
26
0
0
11
31
0
3
1
0
108
1
0
0
1
0
0
0
2779
1
783
638
0
0
0
7
0
684
976
0
0
0
1
2096
0
7
0
7
1300
0
28
1
0
7
46
9
166
64
0
27
377
9
5819
0
6
42
259
0
1000
0
151
10
8
0
1
0
0
2
0
0
0
0
16
0
2
0
1294
56
1
7509
0
43
0
0
0
0
0
51
0
0
1
9
2
15
86
11
0
333
0
10
0
4927
0
69
5
980
8209
13
0
2
0
2
0
0
2418
109
86
0
6
0
254
1
0
5493
28
3
0
0
1
440
2
162
19
101
241
2
0
1
41
642
1
0
106
261
0
1
6051
0
0
0
0
29
29
35
1
604
0
1
95
0
664
9020
0
8
0
31
8
1
4
0
3006
2
1
1
0
89
7
395
10
0
643
0
19
2397
1
76
0
1
0
1
0
0
72
0
11
0
0
0
18
9
0
85
1
0
192
3
685
45
78
0
464
0
0
0
994
0
0
0
3
8
0
3
5
21
0
49
0
0
12
0
1
647
0
0
333
0
231
0
0
2
1
4
0
0
0
20
4
0
17
0
0
5
0
0
0
12
0
0
53
5
11
0
0
0
0
0
0
5
0
1
0
3
2804
3
54
0
4
0
0
5
0
38
617
1352
0
0
1
11
0
0
399
46
8463
3
128
0
122
3
1
19
0
0
75
25
0
145
120
14
78
366
5
0
2
15
0
8
0
0
120
2
0
0
1
1
0
0
8
0
0
0
5
4
1946
0
40
297
0
0
3
67
181
0
10
227
0
2
2
70
66
0
6268
1495
754
8188
0
1
67
507
0
7
23
0
1224
41
817
2
5
485
486
290
0
281
0
5
0
2
1
7
0
2
0
6
0
0
109
0
426
3
37
0
247
2
1
0
145
1
17
4
1
2094
3910
0
1380
2761
4038
1
0
1
49
0
1
352
0
0
103
96
1988
0
2351
117
0
114
0
0
0
0
0
232
0
64
0
9
222
2
0
113
0
0
1930
170
0
0
0
5
420
2
1
1
0
1
0
0
0
1
1
3
1
0
1
575
1
518
0
5
424
73
0
0
6
2
1
0
0
0
0
8
0
1
0
2
4
656
3134
0
3
1
65
0
4018
1171
0
22
0
715
5
40
0
5
0
6
42
0
861
9
40
103
0
25
23
0
58
10
11
0
719
0
23
0
0
0
0
1
0
1
0
340
3
57
49
1091
36
2561
0
0
59
0
839
0
0
1
0
0
1
65
19673
3148
8
1
866
5
0
97
1921
5463
3
0
25
3
2
0
0
1
0
44
0
0
0
0
0
3
0
0
0
1
1
0
0
0
0
0
1
0
0
5
5
2
0
1
0
6
0
5
3
0
3
82
414
2707
2470
6
0
0
1
59
0
86
177
2
142
11
0
1970
0
1
1
7
1
1093
1
49
12
2
1
1
1
0
671
11
2
4
0
1
709
117
0
0
0
5
0
164
24
0
2
35
0
0
7
0
0
36
2
0
0
219
0
573
248
4668
448
20
44
71
4928
5
0
2
0
82
0
0
314
3235
16
80
1
57
0
0
0
6
0
10
77
1
0
23
0
9
0
0
2218
50
0
402
0
15
153
2
0
6
1
0
2
21884
0
0
97
0
0
0
9
471
10985
1
0
78
464
0
57
1
1514
444
1
1
2
4602
0
17
0
26
0
58
0
5463
1261
0
1
5
9
4
206
894
1
11
0
2402
9
179
15
0
4
19
3
0
54
51
93
0
0
43
0
0
0
0
65
10
1
1
2
9
3833
1
0
5
81
32
6
274
0
17
161
0
1324
0
6
33
0
218
39
0
0
0
0
0
0
452
0
3
18
2
14
4
2
3
0
24
2
127
5
0
5
29
1068
3
533
51
1528
7
131
22
0
0
2
7
0
0
0
5
101
12
42
0
0
644
10
0
0
887
0
303
12718
0
0
0
0
0
0
0
41
3
0
569
0
0
0
0
3
0
1
22
12
957
0
107
2
0
5
4110
0
1
0
111
4
356
216
1
294
110
1287
2
4
0
420
0
6
0
3
21
0
2
0
0
0
45
0
0
16
1
0
72
3
1
0
0
0
578
0
2
4
8
939
1
9
202
1
8
8
0
175
5
0
0
0
41
0
0
0
0
0
4
0
35
0
2482
0
3
60
3
34
0
0
84
1615
549
13
114
59
636
1
0
14
0
2
0
0
13
0
4
0
0
0
0
969
0
26
0
5
0
0
0
1
3658
0
0
341
50
951
0
544
49
15873
2
0
4
0
0
263
14
149
0
5
55
1
0
0
1
22
0
1
0
0
11
0
187
0
0
0
4
0
0
4
2123
35
0
0
0
0
0
1
1
0
0
0
10
49
0
321
175
0
0
4
0
0
2
0
0
4
0
36
0
0
0
3
5
49
1
263
0
0
1
0
0
852
134
7
1
858
3
0
1
227
0
50
24
324
0
218
0
7
2
0
0
4
0
0
9
785
233
3
40
36
0
0
0
104
0
1
2
3
0
0
0
0
0
1
0
0
104
1
1
13
96
4
2
0
1
85
0
28
0
0
0
215
924
3198
69
0
0
0
1
43
2
32
520
298
0
3
0
708
394
102
1
0
328
832
0
0
0
0
19
4
0
0
86
1
1690
1
0
288
0
5
2
0
1
0
0
0
2
0
1
19
156
21
1824
14
0
4
1
0
0
1
1213
25
1
0
0
3
1
23
0
0
0
1
0
0
0
0
0
3
3516
11
0
0
15
3
0
5
6
24
186
236
0
0
1
572
3
27
1
3
3
0
5
0
0
9
0
0
0
0
0
0
0
0
0
0
0
664
0
0
5
0
0
2
0
263
374
0
150
3
6
0
0
473
0
0
0
4
3
3
16
0
0
8701
100
0
0
1
57
0
0
11
26
6
476
2
0
0
0
15
3
0
0
0
2
0
0
0
5
3219
64
0
0
0
0
0
0
7
0
0
1367
8
0
137
4
0
1
120
40
3
20
0
0
1
0
2
0
1
0
0
3
0
4
6705
7
0
0
0
0
0
6159
7
120
0
0
0
2768
146
4
6
798
1
24
0
335
256
159
3
0
0
48
0
2
6
0
0
0
0
4
919
0
0
1
0
3157
11
9
1
0
1
0
0
7
0
0
1
14
0
2
11
1
92
346
1
0
232
0
0
2
1
5
170
0
7
21
19
17
2
0
109
0
0
16
0
28
0
16
567
0
32
34
3
10
0
178
0
2
1
308
0
0
0
0
1
0
1
2
0
3
7
2274
0
1
0
0
0
169
612
41
0
4634
0
0
0
15
1400
6271
0
0
1
79
0
1
0
0
0
19
0
120
218
27
3
0
0
12
1
2
4
0
2
13
0
12
181
8
0
5
0
6
0
0
1095
0
1
1
0
1
0
1
1
0
1
0
56
262
219
7
0
0
0
0
0
0
0
1
2117
8
0
0
1
44
0
0
0
978
0
0
1
2
112
0
0
0
3
10
0
0
24
1
0
0
0
0
3
0
1807
21
3
24
0
0
0
522
613
53
0
0
0
160
0
0
0
209
7
55
1
6
16
0
10
597
0
2
1
0
0
0
5
0
0
0
1
0
108
0
0
2
52
0
3
8
23
354
131
0
0
7
14
260
0
1
3
0
6
397
0
0
0
45
0
0
51
7
0
1
0
0
0
0
0
0
0
0
0
154
1
0
0
0
0
2
0
5
0
7
0
1
0
0
0
0
1
0
19
6
2
0
1
0
0
0
0
0
0
0
1
21
27
0
0
796
1
5
0
0
0
0
0
0
1
0
0
1
3
1
9
2103
0
1
0
0
18
321
343
0
0
1694
0
4
14
128
4
0
32
342
31
587
6
0
0
0
1
0
51
2
8
0
0
31
0
0
26
30
19
1
74
2101
0
14
239
1
10
13690
166
0
41
0
78
0
5
258
0
1
0
0
0
8
0
14
5
1
53
6024
1
0
22
0
0
1
1
0
0
0
0
0
0
116
0
0
4
323
49
51
0
0
0
493
3
3
0
105
0
5
13
1
135
6
568
24
0
0
0
11
0
1
15
3
2
54
0
0
1
0
0
60
0
0
199
0
883
0
44
0
54
4
1
94
0
6
0
0
500
0
0
5
5
0
0
0
0
0
1056
19
0
184
2392
4
0
0
0
932
1
0
5
0
0
0
0
1
59
1
1
1
4
230
256
7
753
0
58
4
0
0
31
0
1
0
5
0
1851
4
85
0
2
0
99
0
14
0
518
213
1
0
449
0
0
0
845
1
0
4
0
0
1
10
0
0
3
0
661
975
2
0
0
0
0
843
0
7132
0
0
532
0
0
0
0
277
302
0
150
2
0
0
0
34
35
1
1
0
4
4
6
1
0
0
171
32
3
0
227
0
5
60
273
1
1
1
9
0
0
0
1
243
0
0
0
0
77
0
0
1
0
0
27
14
0
0
0
1
0
8
123
0
0
0
646
3
0
0
0
0
3
0
0
2
1
7550
0
0
0
2
1
0
94
13
43
624
0
0
70
2
513
1
0
2
0
613
2
0
0
0
2
1
5
99
0
2521
10
0
1
1
5
20
0
0
41
0
0
0
0
0
3
0
0
0
92
35
0
3
29
0
0
0
0
864
12
1
0
3
338
50
0
12
139
1388
3
7
0
1
0
0
27
5
0
102
1
0
2
0
0
0
77
43
0
68
2
0
96
0
0
1
106
2
1
0
0
0
0
0
0
1
38
46
0
0
1
0
0
493
7
0
374
0
0
12
2
2609
4
0
0
0
0
4
6
0
956
0
20
2
1
1
1
708
3
0
0
3
0
0
3344
0
5
0
108
2
1
3396
0
45
8
1
6
0
1
0
0
3
0
0
2
1
2
0
0
1855
494
0
0
0
0
0
0
2
0
2
0
1
0
71
0
22
0
1
7
1
0
0
129
1
94
33
26
0
0
1476
20
1962
571
14
0
1
0
2
0
1
0
7
24
1
8
1014
0
1
1
0
14
0
6
38
0
0
3
0
1
0
0
0
13
2
1
1
1
1
0
0
0
0
12
1
17
0
0
3
0
6
0
304
0
0
0
0
0
2
223
49
4
0
84
638
2
0
6
19
0
316
5
0
0
21
0
2200
1
6
0
5
11
0
6
94
0
1
0
4
0
23
0
0
0
57
0
6
0
25
0
2
0
245
0
0
0
0
126
26
0
84
0
10007
0
3
0
6
0
0
0
9
0
6
0
8
0
0
267
9
0
0
101
85
0
4
11
1
0
0
2
23
0
611
0
2
7
0
5
0
0
0
0
1
3
0
12
0
0
0
0
0
2
6
0
0
0
0
0
0
0
4
974
0
36
0
1
0
1
0
0
3779
3
4
0
0
4
70
0
0
52
17
2833
0
41
1
0
17
0
11007
0
0
0
0
1
1
160
0
308
10380
0
0
2
0
6
0
0
3
19
150
851
0
0
44
0
0
9
1
28
2
0
0
0
0
0
339
88
0
551
368
0
0
0
0
1
10
0
0
4093
2
0
41
0
0
1
3
0
6
2
3396
2
3
0
108
6
20
9
0
18
0
43
194
6561
5
2
75
0
0
0
0
1
1
55
44
33
27
5
1
3
4
0
12
1
52
0
0
0
0
0
1307
49
4
6782
0
0
0
1
0
136
16996
13
5
12
10
3
0
2
21
0
0
0
155
7
6534
107
2
0
0
0
0
37
6
7
0
142
0
2
2
2
0
0
3
3
2
1
0
0
137
77
1
0
0
0
66
0
0
6
12
0
0
40
0
0
0
18283
0
53
0
1
0
29
874
0
155
562
0
711
15
13
1
107
0
3
432
387
3
160
145
242
179
4153
793
10
148
304
0
47
0
27
0
0
0
0
457
5
1
6
1
1
0
0
0
1414
285
0
0
0
1
426
4320
1
1
0
0
12
0
0
1089
1
8
0
0
2
2
1
427
2093
318
0
2
24
0
1
1
0
6
0
0
1
7
0
5
3
0
0
0
0
0
99
0
176
216
11
120
0
0
0
0
0
0
0
11
0
0
2
0
592
0
0
0
0
0
0
304
0
0
0
0
0
0
0
85
667
0
0
0
0
0
236
1
1091
11
1
90
12428
2
54
0
10
0
0
1110
2
12
139
4
0
4
0
3
0
0
179
0
8
324
7
3
1043
3
0
0
4
2
1
0
3
0
4
0
6
877
60
0
0
0
22
0
131
0
0
0
0
0
0
2
14
58
0
1
77
0
0
0
649
0
0
0
382
76
5
1
559
0
27
0
1
85
0
2163
0
0
0
1
23
0
0
0
2
3586
2493
1
711
0
0
1
87
2
0
404
0
1
0
0
0
0
0
0
0
5
12
25
3
4
0
0
73
0
0
0
0
26
0
0
0
0
830
138
114
4
0
4
0
0
6
143
3
4
12
23
0
20
1
0
16
0
4
82
1
0
0
0
0
2
76
3
3
0
0
0
0
1
0
675
10
0
0
1
0
1
284
1
4
11
1
151
41
0
0
0
0
0
0
7
38
0
34
1
0
0
0
30
506
4
0
1
4
1187
12
1
1
0
0
34
0
4317
380
0
2
5
3
20
3
0
0
0
600
0
15
0
0
0
5
0
0
14
5
29
826
0
0
0
0
21
0
0
0
44
6
0
534
2
0
0
19
0
0
0
1
0
0
0
65
0
2
1
1223
0
2
50
0
1595
0
1
0
0
1
21
0
0
0
0
11
0
64
1
644
0
0
0
232
676
5
0
230
4429
247
0
0
0
4
0
34
0
4
0
0
1661
0
0
0
0
0
165
0
0
0
0
15
0
0
262
0
0
299
133
0
1
35
1
2
4242
3
0
763
162
1
0
0
0
13
2
4
1
0
0
0
31
6
0
13
0
1
0
20
1
1
0
8
45
0
4
0
165
0
0
68
0
0
1
7
4
0
0
0
0
0
12
5
1
0
0
5
0
0
2
1
0
319
0
2
0
143
7
2457
8
0
0
34
0
53
10
0
43
304
843
373
1
14
0
211
8
0
289
2
5
0
0
103
0
0
0
0
0
0
0
5
441
0
0
1436
0
0
2
0
0
0
1
0
6
0
3
1
3
0
0
0
28
3
0
0
0
1
0
0
23
277
2
1425
0
0
13
9
0
0
2
0
0
0
0
126
19
4
3
54
2
0
6
0
0
0
0
32
0
729
0
34
623
0
0
0
29
12
0
608
1
1
0
0
2115
1
0
1
3
763
0
0
10
0
0
2
0
31
8576
0
0
3
0
12
0
2000
88
31
3
1
134
0
0
0
7
96
0
0
16
366
923
74
0
0
53
110
2131
35
0
1
0
7
0
8
28
133
1
0
12
0
0
849
1
7
22
12
41
0
3741
0
516
115
0
0
0
2
0
12
0
0
244
0
0
3
466
1
1
0
209
3
1
10
36
129
1
1520
181
1
58
0
5
3
224
1
1
0
8
3
0
44
368
85
0
1
0
34
2
12
1
15
248
0
1
6
0
1
0
0
1
0
0
0
5
1
0
0
1
23
57
1
152
0
3
0
0
5
1
50
0
276
0
16
0
1254
0
3592
4
0
127
9
0
1799
10
0
0
0
12
1
6
6
6
63
331
19
1
4
0
0
39
0
1095
1
17
0
47
0
3
1738
0
0
0
0
310
1
0
1
0
0
0
433
0
0
1
8
2
0
1
0
2
2
0
2
61
0
0
0
0
9
0
0
0
1548
4
0
175
341
3
0
0
0
1
0
0
4
0
65
1
3
4
18
0
0
19
0
17
6
0
2
2
89
10
0
0
1
1
0
0
0
124
1
5
71
0
1752
5
0
2
4
1
0
0
0
90
0
6
0
0
0
2
32
0
5529
109
2
174
1
1
0
9
0
1
11
0
16
0
3
0
9
4
25
1
28
0
0
75
0
2
0
0
712
0
0
2
1
1
0
1
2475
2
0
760
0
0
0
1
0
0
14
0
4
2
2
0
0
0
0
87
0
0
0
58
0
2
0
0
0
544
1718
5
421
2
566
54
2
7
0
766
3
18
2
0
0
13
5
2481
146
3
2
17
1261
0
65
1
0
0
1
0
1
2
0
0
0
0
1
0
1
11
15
139
0
5
90
0
14
96
9
2
1
1
0
194
459
0
669
0
11
0
47
1
1169
0
2
42
10
1
28
0
3
61
1
1122
0
2
7
781
122
20
9
1
2
0
9
0
45
0
0
1
729
361
373
0
0
10
6
0
2
123
0
1
87
0
0
0
0
0
111
1
4
2
55
5
0
0
0
370
0
0
707
0
0
16
2
0
0
19
2
0
0
274
0
0
29
0
0
12
0
23
0
1
6
3
2
0
3
1
12
0
6
0
2
156
0
1
0
0
0
0
0
1
2
0
0
39
0
23
123
12
3
0
0
9
4
0
0
298
0
0
0
1
0
0
9
30
1977
0
0
0
2
0
3
0
0
0
7
0
2
0
0
20
1
19
0
2
2
7
0
0
486
0
15
0
3
77
0
0
0
0
25
0
0
0
0
2
0
0
0
89
3
0
0
0
0
0
0
0
0
0
0
493
0
3
0
16
6
0
0
0
5
15
0
0
123
7
1135
23
0
21
712
102
0
2
1103
2358
7
1
0
0
2
8
2
0
18
2
22
0
2072
256
95
0
0
0
99
0
0
0
4
0
0
99
0
2
0
11
0
0
0
1
0
0
0
314
0
1
0
0
0
288
1
0
0
1
40
103
0
0
1242
377
41
0
1
3
0
0
52
0
193
3
0
14
0
78
5
0
132
0
1
3
3
0
2
30
0
3
0
8
0
0
0
0
54
113
90
0
1
0
1
0
0
0
2
2
0
0
71
0
2937
1
0
0
0
1
1
0
0
0
2
1341
0
8
6
2
12
41
0
3
695
3820
11
1
2
4
0
4
9
0
0
1
6
48
0
0
0
0
0
75
30
8
10
0
1
0
1
9
0
0
3
1
1
544
0
27
0
0
2
2
1
0
11
0
6
39
0
0
0
5
0
0
18
0
63
0
0
0
4
0
15
37
315
2
343
3
1
154
3
0
1
0
1
0
1
1
0
0
0
6
13
0
1
1645
0
0
0
1
0
3
0
0
0
0
1049
0
0
0
0
0
2
1
0
0
0
1
0
0
0
3
0
0
12
0
21
0
5
0
8
0
1
0
0
11
309
2
465
0
2
0
3
1
0
29
0
2
73
1532
35
0
3
8
129
9
60
105
44
189
0
21
0
0
17
0
2
0
0
31
2237
3
11
0
0
15
0
0
13
4
0
3
22
109
0
30
0
0
39
0
0
0
7
2
69
0
0
0
1
0
0
66
0
0
3
0
0
12
2
1
25
0
0
0
11
18
9
0
0
23
1
17
1
5
1336
0
0
1
0
0
0
165
0
0
11
0
0
0
2
1
0
0
0
0
0
0
0
11
0
0
0
0
1
0
42
0
0
0
4
0
0
0
0
0
18
466
3
11
0
0
1203
245
1
0
0
92
47
0
55
2
4
0
0
12
580
5
0
0
0
1
1
0
0
0
0
0
0
7
10
2
219
0
0
0
0
4
587
12
0
0
1
8
4088
9
0
0
0
0
2253
0
0
0
5
0
0
0
22
0
142
0
0
0
0
52
96
6
2
0
0
4
0
12
1
43
0
18
8
0
2
23
0
3
8
6
28
0
0
0
0
0
0
0
170
0
0
0
0
0
0
29
49
859
0
0
55
0
384
0
0
0
0
0
0
0
0
2
15
0
1
1
19
0
9
52
2
25
416
0
0
0
0
2
0
0
149
0
0
1
0
0
1
1
1490
0
0
0
0
1
158
48
0
18
0
0
0
3
0
16
0
0
0
0
4
2
17
31
2
2
0
22
6
0
0
0
1
0
1
15
2495
0
0
0
0
0
2
0
2
1
7
145
6
11
2
0
78
0
0
0
0
13
0
0
1
0
11
0
491
0
0
1
3
0
5
1172
75
9
0
0
0
1
0
0
0
0
78
0
0
0
7
65
40
0
106
101
33
0
0
0
1
0
0
0
4
1
40
1
542
0
17
8
0
0
72
15
0
1
0
0
0
81
1
0
19
5
0
0
306
7
1
0
0
0
0
14
0
0
0
0
4
28
20
0
3
10
0
6
0
0
0
0
0
0
0
1403
1
0
1
47
5
2
0
0
1
65
0
0
0
0
9
2
1
0
162
0
0
28
1
15
225
0
141
11
1
0
5
0
0
867
47
0
877
0
1619
0
0
0
2977
0
0
1
2
2
30
0
1
8
5
0
166
0
1
1
299
1
0
1
0
604
315
0
6
6
0
1
0
0
0
0
19
102
1
3
0
0
0
0
1
0
0
29
0
2
7
0
161
18
3047
0
8
53
0
0
0
1
7
5
9
2420
3
0
14
0
0
5
0
0
3
0
1
0
0
6
12
0
0
1
0
0
0
23
0
7
0
65
1
18
0
0
0
0
0
22
15
130
0
0
23
74
0
1
1
0
2
0
2
3
5405
0
0
6
0
7
54
1
0
0
42
0
0
73
6
0
0
0
0
0
3
9
0
1
19
0
0
0
0
0
4
0
0
0
0
0
0
217
0
0
577
0
25
0
0
0
0
16
0
329
0
0
2063
0
9
0
0
195
1
4
0
1
0
5
12
0
0
0
1
1
0
0
12
64
0
12
157
4
4
3
1
3
0
142
0
0
2
4
9
0
0
80
0
28
425
0
0
0
0
0
3
0
0
0
0
395
19
0
2
5
0
0
0
4
0
0
1
18
0
0
6
0
455
0
0
1089
1
0
980
5
0
50
1
7
0
52
0
0
0
7
0
0
0
19
16
15
0
0
0
166
0
0
42
35
0
0
0
1
0
0
0
0
0
1
0
0
0
0
2
0
0
0
15
1
0
0
0
0
6
0
8
0
0
61
0
56
0
0
0
1
33
15
3
0
1
1
0
5
1
64
640
4
0
0
0
0
153
1
1
0
8
0
4
139
3
25
0
0
0
0
0
0
827
0
8
1
1
0
0
1
0
0
47
0
0
1587
0
4
0
0
0
0
7
24
1
1
603
0
0
0
1
0
0
0
160
25
0
146
3
0
0
1
0
0
1
0
0
0
4
45
687
16
839
0
496
0
26
324
0
0
7
0
0
0
1
0
3
1
0
0
0
516
0
4
1
1
232
0
0
5
0
40
0
0
0
0
1
86
0
0
12
1
0
1
1019
6
1
0
45
137
320
0
0
19
8
2
3
14
73
1
18
0
1
1
108
2
3
0
869
0
106
188
0
1
0
0
78
0
0
0
7
0
0
0
0
0
0
0
2
0
0
0
0
1
0
1
0
0
0
1
0
0
3
0
0
0
1
0
1
384
2
0
37
0
334
0
3
111
0
1
0
11
6
0
0
0
10
2
0
1
1
0
14
0
0
31
0
171
0
0
0
0
1
0
0
0
0
4
0
0
1
0
0
0
1325
1
5
22
139
0
0
0
0
0
19
0
0
0
9
1
2
0
1
2
29
642
58
2
0
0
86
6
0
0
0
0
222
2
0
0
0
0
18
89
0
0
0
0
5381
219
0
0
1
0
0
0
41
0
2
0
0
25
53
0
154
0
100
0
3432
0
28
12
5443
0
0
0
0
0
0
1
0
1
399
1
2
0
2918
427
1
1
108
0
1363
103
0
194
0
0
0
9
0
0
6
0
91
21
55
0
0
928
0
0
3843
10
51
15
3
19
0
0
0
1
5
2
0
1
0
0
0
2
0
0
1
0
324
189
0
1
0
0
0
0
0
2039
0
0
3
21
0
0
0
117
251
137
113
0
53
0
0
0
39
0
42
20
185
1
1
136
428
0
95
67
0
0
60
0
0
2173
1
2
0
0
0
0
1
0
0
0
1
0
0
4
2021
0
0
1
0
0
1
54
3
5
0
0
0
0
0
1
0
1
0
0
6
1
2504
83
0
31
1
23
0
89
13
36
4
0
0
9
6
0
0
3
0
0
21
0
0
0
0
0
50
8
0
4
0
0
0
0
0
0
102
433
0
0
0
0
8
0
89
2
7
37
1
1
0
6
0
0
9
0
7
0
0
61
0
38
0
107
15
7859
1259
52
0
3
17
68
3
12
12
48
0
10
96
0
1315
1
7
165
11
0
1
0
12
0
3
1
1
16
0
1845
0
32
0
1
0
1
0
1
3
0
0
1
0
0
1
0
160
113
0
58
0
0
0
0
1
6
0
0
7
0
69
0
0
0
0
2
1
0
159
0
24
99
43
6
0
0
2
0
0
6
5
3
8
517
0
0
6
0
0
1
1
0
0
42
0
0
0
2
16
0
0
19
0
0
0
1
11
5
0
0
0
0
0
0
1
3
0
0
0
0
0
0
9
23
11296
5625
350
83
1
2
1
8
67
0
5
6
0
0
0
0
1378
1209
1
0
71
0
0
10
162
0
0
0
0
0
0
56
1
0
0
0
0
0
0
0
0
268
0
1
0
0
0
0
218
0
0
0
0
0
0
22
0
0
0
2
0
5
27
1
0
20
9
0
30
1
2055
1
4
75
0
3
3
2006
25
0
7
3
4820
0
69
427
598
0
1
0
599
0
0
1332
0
0
0
2
0
0
0
431
0
0
0
0
1
2
0
2
24
325
2
2
0
0
0
4
0
0
0
0
15
0
0
0
0
0
0
0
2873
0
403
4
1
0
1
0
5
2
2
1
1
21
137
2
6
1
47
0
1550
470
36
0
1
0
6
0
1
1
2
0
2
0
0
1
960
3
175
0
1
2
0
0
1
0
1
0
11
46
3513
7
0
0
0
0
41
0
0
0
0
0
0
0
0
0
2
4
0
7
2
16
134
1
0
0
0
0
0
5
4
1
0
0
0
1
1
15
5
51
0
77
0
20
6
7
3
0
0
0
0
0
0
1
0
0
1
0
15
0
1
0
62
1
44
1
0
0
0
0
0
0
1
0
2
0
0
0
6
0
0
14
0
0
0
0
2
0
24
0
1
258
0
0
3
1
36
99
0
4
0
1
0
40
0
0
0
9
4
0
0
0
0
0
0
0
1969
3
17
8
0
1
0
0
0
0
0
1
0
1
0
0
0
0
0
1
0
1
4
0
1
0
0
0
318
5
59
0
0
0
13
1
12
2
2
10
0
49
0
2
1
2
1
0
5
1
1
133
1
3
0
0
0
146
0
0
0
0
2
0
1750
0
0
0
0
107
53
0
0
1
0
16
48
0
0
0
0
0
0
14
73
0
1
0
0
1
3
2
464
7
1
3
0
0
2500
0
1
11
0
1866
11
0
18
1
0
0
1
673
37
0
0
0
0
24
37
0
390
387
15
0
6
4
2
2
13841
2
234
16
0
865
0
1
0
0
0
2
697
0
0
0
0
0
69
16343
1
8
0
1
0
0
2
0
8
0
0
8
2
81
0
1
2
3
208
15
0
9
42
0
0
164
5
0
10573
0
0
1
0
1
3
0
0
0
3
0
0
0
0
2
0
0
48
608
0
0
54
0
4
11
1
52
1
4
0
0
0
0
0
313
6
0
0
0
0
0
61
2
8
0
0
0
0
722
0
0
2
0
3
95
18
22299
0
0
0
5
1080
0
0
0
0
0
0
14
5
0
1
0
536
7
1
0
161
2
0
2
18
31
0
0
3
0
0
0
0
51
0
1
0
0
0
0
0
27
0
0
6
0
1
0
53
0
0
306
3
4
0
0
1677
1
0
15
704
1079
0
55
0
0
11
638
0
3
0
0
0
1
399
905
2
0
0
5
11522
0
416
0
693
0
0
0
2
54
0
1
0
0
0
115
1
3
785
0
0
1
2
4
0
0
1
3
0
0
1
0
796
0
0
133
4
26
0
8
1
69
7
1
0
0
23
12
0
105
46
10
30
24
64
0
0
0
3344
0
25
0
37
0
40
0
0
2
271
7
0
0
0
1223
35
0
0
0
2
16
0
9
1
2
0
0
0
0
0
0
62
2
2
2
2
0
0
0
0
905
1
5
0
0
3
28
2
0
36
12
98
0
23
20
1
6
238
53
4911
0
0
5
0
45
0
0
364
0
2834
0
0
2
0
0
1
1
1
332
1
0
0
2
15
77
2
45
0
19
0
0
0
3
0
0
1
0
0
0
0
3
534
2602
0
11
2
11
0
0
3
2
51
93
0
12
8
577
0
0
1575
296
0
5
32
65
6
0
0
0
87
0
4
1
2
11
0
2
7
28
0
1
0
8
247
0
0
0
1
52
0
2
0
6
26
0
0
0
0
1
0
0
11
520
8
39
5
39
0
0
0
66
3
0
2
565
0
0
1
1
0
0
0
0
10
0
1
6
6
0
0
3
0
12
0
0
0
0
0
0
0
0
544
0
0
0
0
0
0
1
0
0
0
0
889
4
164
45
0
0
0
0
0
0
4
6
0
1
0
1
1
56
0
0
3
26
2
19
0
0
1
9
53
0
0
1
45
1
0
0
0
0
2
1
4
0
203
0
926
0
0
0
0
0
0
8
6
1311
0
0
0
0
680
0
1
0
0
0
293
2
73
2
0
0
0
0
33
15
0
0
1837
0
62
253
0
41
1
15
23
5
0
270
2
4
12
2
8
165
0
76
1
87
2
306
7
93
3787
0
1
0
42
1
0
0
0
0
1
0
0
0
230
20
0
0
0
0
0
0
0
0
4
0
0
16
0
1
0
0
1
0
1
0
0
15
17
0
81
1
2
0
0
0
306
0
0
0
114
3
1
0
1
1
0
86
0
2
0
0
1683
4
0
0
1
0
0
4
9
0
0
0
4740
0
0
4078
12
2
0
0
0
0
1
1
0
0
9
0
164
5
119
31
0
0
0
0
4
0
1
0
7
0
0
698
0
0
0
1
1
0
0
0
36
40
10705
110
3
10
0
4
0
0
3
25
220
1
0
0
0
0
0
0
72
0
73
0
66
0
0
6190
1094
0
1
1
1
1
34
17
0
1
510
1
202
6
0
0
0
0
0
0
50
0
0
0
0
4
0
0
0
0
8
0
62
1
0
0
1
0
0
14642
5
0
0
19
592
0
0
0
1
11
0
939
364
0
9
0
263
0
28
0
5313
3
1
8163
0
0
38
106
1
0
3
0
2
0
0
0
231
0
1
0
0
0
0
0
0
0
0
1
0
0
0
1
1
688
17
200
11
0
0
0
1
0
0
130
3
1
3
0
2472
3
1
0
1
1
0
3
814
0
0
5
364
0
4
3
0
0
5
0
0
0
1
1
0
0
0
561
0
0
0
0
3
11
3
0
0
0
0
0
209
0
0
13
0
0
0
27
578
3
1
10
4
2146
0
0
0
30
0
0
0
32
1531
23
1
0
0
32
0
18
2
2
0
5
0
51
0
111
7
28
2
0
0
0
0
0
240
1
77
0
0
0
543
0
6
1
10
594
0
64
0
0
0
0
0
0
0
3
5
0
0
2583
0
5
0
88
0
273
0
4
2
0
2928
0
0
10
5
2
45
27
0
36
1082
4
394
0
3
0
0
0
6
51
67
0
10
0
0
0
13
1
0
0
0
0
1330
0
0
0
3
1
0
0
1
6
0
0
0
0
1
0
0
1
0
1
0
5
3840
0
0
0
0
0
0
497
2
4
0
13
5
2
152
0
1536
0
62
0
29
0
0
0
737
11
0
0
0
0
2
1
6
1
0
0
591
0
757
0
0
1
4603
0
0
0
0
0
0
0
4
0
0
0
0
0
0
0
16
9
1
2
0
0
1
2451
1
6
0
15
2
0
1
0
0
4
0
11
0
2
58
4
0
0
3
1
0
0
160
10
1
1
2
0
3
0
2
70
0
1
0
0
0
0
108
2
3
0
0
121
0
72
4
30
3
0
0
17
0
0
4
0
42
0
0
1
0
2070
0
1
36
0
9
0
0
93
1
0
863
18
138
81
1
0
60
7
6
0
0
0
0
0
2
1
1
16
0
0
1
0
8
0
0
0
0
0
1
0
0
0
0
1
0
0
0
0
3
16
3
0
0
0
0
0
0
21
0
1
75
0
0
3335
29
790
213
0
63
27
0
0
2
0
0
1069
59
0
0
1
0
0
0
2
16
0
97
5
0
0
2
747
0
2
225
0
28
0
0
0
1
0
28
1
11
13
4
0
3
1889
4
0
0
0
14
1
0
0
0
0
0
0
1
10
0
9
2
0
47
0
0
1
2
15
0
0
29
0
0
217
23
11
4
3
0
24
4
2
2
0
0
2
27
1
455
0
0
0
123
0
0
0
0
0
23
1
3
0
0
0
2
0
0
7
0
42
506
6
0
37
0
0
0
0
0
0
20
1
1786
0
0
0
1
53
0
1
5
798
2
30
70
128
0
0
0
0
0
2
0
15
0
9
0
0
0
1
0
0
4
2
0
5
29
3695
17
382
0
1
98
2
2
0
22
381
0
1
0
0
0
0
409
6
227
0
0
0
0
0
210
5
2
0
0
791
0
0
0
6
1
0
3
1
7
0
0
0
9
0
6
0
15
11
413
384
30
3
4
0
1
0
11
0
12
1
1
0
0
0
141
0
1
2
0
0
0
1
0
0
29
21
0
0
1
9
7
0
42
0
0
0
0
61
1
0
1
14
0
4005
0
0
0
0
3
37
0
0
0
2417
6
0
8
0
5
0
10
0
634
5
0
1
0
1455
2
5
0
0
1110
7
2
0
0
0
0
493
32
2
4
9
2317
28
13
0
0
0
1
0
2
0
3
0
999
0
0
0
0
0
4
0
0
0
0
0
0
0
4
0
0
2
103
0
0
17
3
8
0
0
659
4
0
1
0
2
16
13
0
619
0
1
0
1
0
0
1
0
0
5422
46
6
0
0
1
0
4593
0
0
0
5
0
2
0
0
20
127
2
1
1388
0
0
6
1
4
9
0
0
0
0
0
1
513
0
0
91
5
1
0
62
1
0
8
2
0
1057
1
15
1
1
0
113
0
0
381
0
0
0
175
6
44
0
5
5
11
3
0
11
2
396
2
178
8
0
0
0
2
0
1
0
8
0
12
221
0
0
0
55
0
0
1
0
2
0
1
0
0
147
0
0
13
5
0
58
2
9
0
0
0
1
2
1
2
56
6
2
8
2325
0
0
6
8
1
1
0
0
0
0
3
21
0
0
2
0
0
0
0
1
0
2
0
1
0
15
3
5
1
0
17
0
0
1209
0
0
0
0
0
0
0
0
0
106
3
16
2618
0
0
7
0
0
142
2
0
3962
0
1
12
1
65
1
6
0
0
11
0
2
15
82
0
1
1
0
1
0
0
49
1
0
7
0
45
0
0
0
10
0
0
0
70
1
0
2728
0
0
0
1
0
0
0
314
1
1
0
5
1
0
0
0
4
279
0
0
0
4
3
0
139
3
98
2
71
21
0
13
237
0
0
0
1
4
1
0
0
0
0
0
4
8
0
13
15
0
1
0
2
0
0
0
0
0
1
32
118
0
14
13039
0
0
0
0
13
0
0
0
0
0
0
61
3
284
0
1
20
0
18
0
0
84
4
0
9074
0
0
0
2
1
97
3
1
0
611
0
8
0
0
0
490
0
0
1
1
3
0
32
0
0
0
0
0
0
3
0
18
0
98
0
101
1
8
16452
0
556
0
0
4
0
0
3
108
0
0
1
1
0
1
0
0
0
0
566
39
0
0
0
7
245
222
50
16
10
162
0
8
1939
0
12
7
0
9
2
0
142
0
0
8
4
0
0
16
1
1
0
0
0
0
1
418
0
81
4
78
1
0
387
0
1
0
1
6
0
0
0
0
0
0
0
0
8
1
98
75
0
0
16
1
326
378
49
1
8
0
294
0
0
3
81
2179
62
5
125
2
25
10640
2
0
0
1
0
8
0
0
0
0
0
1
0
0
2
0
0
9
0
1
1
336
1
58
43
0
0
0
0
0
0
79
3
0
0
205
0
177
0
0
3
24
0
0
0
0
72
0
21
5
4
0
6
0
2
130
0
0
4
0
13
0
807
0
0
0
0
0
0
2
0
5
0
0
0
0
0
0
0
3
11
67
2
1205
0
3
888
35
88
0
0
0
0
0
0
0
0
0
1
0
1
0
0
882
33
0
0
0
18
0
2
0
0
59
0
0
21
0
9
122
1
38
2
9685
19444
12
170
0
26
409
0
1495
0
0
2
24
0
0
0
0
1
0
0
20
0
838
36
35
0
39
0
2
1
0
0
0
0
0
0
0
0
3
2
47
32
0
0
648
0
2
0
0
385
0
0
126
1
22
0
0
98
0
9
630
7
74
0
166
20
6
0
0
1
25
2
0
0
6
16
0
0
0
0
0
25
1
0
1
381
265
1
0
0
422
0
2
0
0
0
0
0
3
1462
0
50
0
0
0
765
1
0
17
7
0
1
0
2
27
2
69
1
0
0
0
8
0
1
249
256
0
12028
0
18
0
0
0
0
0
26
1
0
0
0
379
0
566
2
0
0
0
0
0
25
2
225
0
0
13
2
0
1
0
0
0
0
0
0
0
0
0
20
1
0
299
3099
0
7
150
0
4
0
3
3
1
500
15
0
0
0
1061
15359
0
0
135
0
0
2
0
0
0
0
1
1
0
0
2
0
1
0
66
0
1
0
0
0
0
429
0
0
0
0
0
4710
1199
221
0
0
9
0
2
5
534
80
2
0
0
0
6
82
0
1
76
1
0
0
0
2
12
2
0
0
0
5
47
107
2
2
1
0
2
0
5
0
1
6
2
0
71
27
28
0
23
0
0
0
0
0
0
1
3
0
0
717
0
1
112
9
12
0
0
0
117
0
1753
0
36
0
2
149
0
1
17
6430
0
1867
0
0
0
21
30
36
0
1
0
8
0
368
2
0
1
42
6
790
402
1
0
0
0
0
0
0
0
14
0
0
0
0
1
0
0
2
1
0
19
0
0
0
1
0
11
0
1
1
0
0
2
0
0
0
0
0
0
283
0
6
10
7
0
3
2
0
0
23
0
3
0
0
0
1
86
0
5
1
287
152
113
987
0
0
0
2
9
1
0
0
644
0
0
0
0
2
0
0
3
0
0
0
323
0
0
1
0
0
1
0
3
5372
33
0
4
0
0
21
0
3
10
0
0
0
28
511
1
0
1
0
0
39
0
1
0
0
0
44
27
1
0
6779
1
0
0
483
4
0
0
0
39
0
0
0
6
0
0
0
17
0
1
0
22
0
549
0
0
0
1
26
0
0
0
0
16
7
0
0
1
0
2
0
0
2
0
0
0
1
19
379
0
0
1
1
0
0
19
1
18
0
0
37
0
0
1
322
74
2
0
9565
1
0
0
182
0
2
0
0
0
1
0
0
0
0
6
1
1
0
0
0
0
1
0
3
1
1
0
1
1
12
0
0
0
0
2
0
0
0
596
0
94
0
8
15
0
0
3
0
0
0
17
0
133
35
19
0
0
855
50
0
0
0
2
0
574
7
0
251
1
1
0
1
2
0
0
0
0
0
7
0
0
0
0
0
4
0
0
0
37
0
0
0
1
1
0
0
0
0
6
30
0
0
32
0
0
1
2
7112
1
3
241
1774
4
7
235
0
0
4
1
0
0
3625
0
0
183
2
5
10
0
0
2
0
1
58
0
1
5
123
0
0
0
0
4
0
0
1
0
119
4
0
0
0
0
414
3943
23
1
2
0
0
4
0
0
0
6
1397
29
0
3821
0
6
4
40
0
0
0
0
3
0
52
0
0
402
255
0
0
0
0
0
0
0
974
0
0
2
0
0
0
0
5686
536
6
0
8
0
0
0
0
1
8
0
0
0
0
0
1485
26
1
0
2
0
0
0
0
0
0
0
3
0
0
3
0
3563
0
1
102
0
0
95
0
0
0
5
0
0
4
0
4
1
0
0
483
0
0
0
3
0
0
0
0
0
88
0
0
1
0
0
0
0
1
27
0
37
0
6
3574
1
1
1
5072
0
0
4
1
19
1
0
0
0
0
0
1
0
12
0
0
0
1
0
28
558
0
6
0
0
0
0
1
7
1
9
0
0
5
1
0
0
0
0
1
695
275
0
1
0
75
0
57
10
7506
0
0
15
0
301
0
289
133
0
10
0
0
2
4
0
0
1
0
0
16
0
0
0
0
1084
30
0
6143
0
0
323
2
91
0
0
0
0
0
0
0
12
10
2
3
3
5
106
724
2
4
1355
4
29
0
1069
1
1
0
1156
387
0
32
1
23
0
0
0
0
1
164
0
70
0
0
4
189
0
0
0
0
8
0
0
0
0
0
0
0
45
0
0
785
0
0
1
0
0
0
0
4
0
1
0
12
25
0
0
507
33
15
4
4
2
642
0
15
0
1
81
3
0
7
27
255
0
10
1
47
0
0
1
0
0
0
0
835
0
0
0
0
16
7
0
5
2817
4
0
0
0
0
0
0
31
0
0
120
0
2
0
2754
0
36
0
2
1
0
1
0
0
12
62
6
0
31
0
5
9
0
315
6723
1
0
0
26
1
1
0
11
0
3
4
0
21
0
0
0
0
48
1
0
0
0
0
0
0
1
0
0
84
0
0
31
0
39
0
0
1
7
0
119
0
0
0
169
0
9
0
113
0
0
0
0
0
15
485
1
18
2
261
0
1
0
0
430
1
0
2
0
83
1
0
1
0
17667
311
1
1
0
0
0
40
0
5
0
1
0
1
98
164
113
0
0
0
16
0
14
0
0
0
0
0
0
491
10
0
0
0
5
0
2
1
0
48
12
0
0
25
111
0
2
0
4
0
0
0
0
9
5
5
102
8
0
0
49
124
33
1
0
1
103
0
0
0
194
1
1
0
0
1
0
2
0
0
0
0
0
6
0
0
0
0
0
0
0
625
0
1
601
0
0
0
1233
0
21
0
3
0
352
0
8
0
9
0
0
0
1
8763
420
0
574
1646
5
21
0
2
0
0
0
1075
2
527
0
0
1
1
0
20
0
2
0
1
0
0
1
0
11
0
15
1
0
1
62
3
2
0
0
0
0
0
0
53
0
1
0
1
0
4
815
0
0
619
369
0
0
6
2
25
2
0
19
0
4
0
50
9
309
0
0
1
0
0
0
209
3
0
0
0
14
14
0
0
68
38
0
0
0
7
0
10
0
0
7
18
1
0
16
351
214
0
0
0
0
0
0
0
0
2
0
0
0
0
1
1
0
85
0
0
765
130
1
63
0
0
0
0
205
0
1
1
698
0
0
0
1
0
0
85
0
0
0
5
0
0
9
1
0
6278
0
2
0
0
0
0
23
0
0
0
1
0
0
2809
1995
0
0
0
2
85
0
0
0
0
1
0
0
6
0
20
6
0
0
0
1
0
0
0
31
44
8
0
2
328
517
0
6
27
49
0
0
0
35
0
14
222
0
17
1
49
0
5
1
24
0
0
0
21
0
0
0
0
0
0
0
14
1
1
0
0
0
0
0
0
0
5
9
90
0
0
0
1
0
0
0
60
1
1
0
19
1
10
1
1272
3
1
5
8
0
52
0
12
0
6
0
7
1
1
0
0
0
11
782
0
0
0
0
2
0
0
0
571
0
1
3
0
0
0
7
0
0
0
0
0
0
0
3
0
0
150
0
0
0
1
1
0
23
0
0
0
0
6
1
0
0
0
0
20
72
1
247
0
0
1
28
10
150
3
268
0
4
153
0
1
0
1530
0
1
0
0
0
0
105
1
1
28
0
104
0
0
0
2
0
22
1
42
0
0
0
0
0
125
0
8
113
0
0
0
0
15
16
0
6
117
27
0
0
0
0
290
0
0
3
2
0
0
0
0
0
0
206
0
25
6
0
0
0
2
0
175
1
0
0
9
0
0
0
3
0
63
1
112
53
0
1
0
2760
13
0
146
8
0
0
0
0
43
0
1
0
91
0
4
0
0
21
2
521
0
6
1
0
6
0
0
0
0
2
1608
1
0
96
0
0
0
623
9
0
60
0
3
0
1726
1
0
462
60
0
0
0
14
426
0
140
993
34
1
0
0
0
0
3
7
1974
0
9
1
0
0
45
3
10
39
1
0
0
28
1
1
0
0
0
0
0
0
0
11
0
23
8
3
44
9
9
1
0
0
0
10
4149
0
0
0
0
3
0
2
56
0
0
0
2
1
0
32
263
17
0
321
1
1
50
2
0
0
66
1
9
12
5
16
0
0
0
81
0
7
0
5
149
1
26
2
0
0
0
0
0
0
4
4877
0
8
139
4
0
0
1
0
12
8
11
95
3
625
1
0
54
7
1
2
0
1
25
2
0
0
70
3
1
0
0
5
232
0
1
0
2
0
0
4
5
0
8
0
8
0
0
0
0
0
0
0
0
189
0
4
21
0
351
0
1
0
0
0
0
21
0
25
4
10
8
0
0
1496
1
5
2410
0
0
0
0
0
3
1
577
0
1
16
0
0
0
0
4830
0
100
0
0
0
0
0
7
0
0
1
1007
7
0
0
2
39
0
0
73
0
0
11
56
1
395
46
4
0
0
31
0
1
0
0
1
36
0
1
0
63
0
0
37
0
279
22
1
0
0
966
0
1
0
0
0
0
13
0
0
0
412
45
837
1
0
0
630
0
0
0
0
7
0
5
3
248
137
0
33
0
0
0
1
0
418
1
0
627
0
51
0
1
1
1
104
2
0
2
4
0
0
1
1
21
12
0
0
2
202
16
0
14
1
1
2
0
0
0
0
0
0
1
5
1
10101
0
0
119
11
0
0
1
0
0
0
0
0
104
0
0
0
5
0
0
0
0
0
0
0
1
1
0
0
1
0
4
21
0
2
0
92
3
2
25
2137
687
0
2
9
0
1
0
0
4
0
0
1
0
0
2
0
0
120
0
0
0
0
0
14
0
0
1
0
0
1
0
0
0
0
667
1
1
138
16
13
37
0
0
0
47
0
5
99
0
0
1
0
49
0
0
0
0
15
0
0
2
1
3
53
1
24
44
9
4
0
4
33
0
174
41
13
1
0
11
10
83
5
0
13
94
0
1
0
0
0
1
23
1
35
0
0
1
1
40
0
1
326
0
0
19
0
0
0
6
4
149
2
35
0
16
0
115
17
41
1
1
0
0
5821
0
4
2
161
3
2
1
1
0
98
0
0
659
0
0
0
0
0
2400
461
6
2
867
142
0
0
1
0
27
0
1
0
0
5
1
1
0
41
414
0
2
0
0
281
4822
3
0
0
0
0
0
1
0
0
624
1
18
0
79
668
124
0
0
0
186
0
3
13
1
17
51
0
0
1
0
0
102
53
20
0
2
0
16
257
619
0
1
49
1185
0
0
0
2458
1
0
19
0
0
25
0
0
278
0
0
0
4
0
0
21
2
0
0
0
0
13
0
9
0
2
0
4
3
76
0
9
0
0
0
0
0
1
2
340
0
0
1
35
34
137
1
1
856
8
0
0
0
18
0
233
0
172
0
0
0
1
0
0
0
0
0
0
0
0
0
0
0
0
1
1693
2
6
5
148
12
0
1
0
0
0
5
2
0
0
0
0
0
100
0
10
1
0
0
75
0
50
1
91
0
0
2
18
6
9
21
0
0
1734
0
0
1
0
0
0
0
5
0
0
0
5
1
26
0
0
55
0
1308
694
0
0
0
0
1
645
0
1
0
51
10
0
0
1
0
0
4
0
97
2173
1
0
10
0
0
178
132
8
0
2
1
13
19
1
989
0
0
2531
23
10
0
266
6
0
2
0
0
0
0
2
124
0
8
1
0
0
0
1
0
1
0
1
1282
0
1
0
1
0
2
1
3
4
0
0
0
0
0
0
0
0
3
0
0
1399
34
0
0
0
2
0
1
0
3
0
1
1
19
13
1778
8
0
0
198
0
0
2
0
1534
0
0
413
0
0
0
76
0
133
5
0
0
0
2
2
0
12
2
0
0
0
94
5
0
0
4100
2
9
430
0
27
0
212
40
0
4
5
0
25
0
0
0
179
0
5
0
0
0
0
0
61
1305
39
0
0
0
5
106
2
0
21
69
15
0
15
4
395
0
0
66
0
1
50
0
0
0
0
10
0
0
1
0
0
0
105
0
0
0
14
1
0
0
6
0
0
0
0
121
0
119
2
0
15
1155
0
0
87
0
776
5
0
0
0
0
257
0
0
125
0
1
0
20
2
3
1
0
0
1
0
165
0
0
59
1
22
0
20
0
84
1
2
7
6
0
0
20
1
0
0
3424
0
0
0
1
10
242
0
0
0
0
0
1
99
0
0
0
5
24
0
129
2
0
73
1
6
0
0
0
0
2
7
0
9
0
3
0
196
6
0
0
49
7
0
0
227
7292
0
34
44
75
3308
0
0
0
0
0
23
12
0
0
1
1
0
8
0
0
29
0
31
0
0
0
0
8
0
0
0
0
8
0
780
1
2
0
10
0
0
6043
1
0
111
0
2
7
30
5
3162
61
0
12
1
0
32
0
0
3
1
0
3231
2
10
4
0
21
0
1
0
7
1
0
1
0
0
387
0
0
0
0
2
1
112
0
6
89
3
0
0
0
0
0
0
120
1
0
4
6
0
0
3
0
2
36
1
1
0
1220
2
41
8
0
3
4
0
5666
84
21
4
5
84
2
0
1
0
96
0
0
16
2
0
0
2
17
20
0
255
304
0
0
0
0
0
0
0
0
67
127
1
5
83
0
0
0
0
32
3
0
8
0
156
82
0
2
0
0
0
0
0
4
0
0
12
0
1
11
4
2
0
0
4
40
0
10
0
41
0
1
170
0
0
2
1
0
107
602
35
0
1
0
0
0
0
0
0
1
3
0
0
18
0
64
20
0
85
0
0
0
0
0
0
0
6
0
352
1
0
0
4
1
4
0
0
0
0
2
19
0
3
0
39
569
12
0
2
101
0
4
212
0
1
6
0
12
1
3
1
0
0
0
1
39
173
1
823
0
1
0
1
22
0
0
0
0
0
41
107
0
0
0
0
0
0
1
0
8
11
2
55
88
0
5
0
0
144
11
0
0
9
0
0
6
0
0
1
1
1
0
61
29
104
0
0
1
34
2
0
807
0
0
0
0
722
0
2
5
0
0
0
0
0
0
0
0
0
0
3
0
0
0
0
139
1
0
0
1
0
0
2
24
0
0
8176
0
0
4
0
124
0
16
22
0
0
9
0
5
18
443
1
52
2
0
0
0
0
5
0
13
0
0
19
0
0
2
0
16
0
1
0
0
653
620
1
0
0
0
0
0
0
0
0
78
0
0
2329
20
0
0
0
0
0
0
0
1
0
552
2
0
7
0
0
0
16
0
50
0
0
2
0
207
4
0
0
823
3
0
10
8
50
0
0
1
0
4
0
8
0
0
419
2
0
17
67
3
0
0
26
0
0
0
0
0
0
0
7
0
0
4
64
5
0
6
0
0
0
55
0
0
1
1
5
0
0
1
11
0
0
0
5
0
1
129
0
0
0
0
328
2
162
0
0
1
20
8
1185
17
0
0
55
0
0
38
0
6
0
0
31
0
1
0
958
0
1
0
0
2
1
0
0
11
0
24
0
1
66
0
0
0
0
0
5
223
0
0
1508
0
159
0
0
54
0
10
0
0
2
91
0
0
0
6
0
9
0
0
0
3
47
5
0
6
0
1
72
3
0
1
6
1
0
0
0
9
100
20
4
0
0
0
1
0
1
0
0
0
0
2264
0
8
219
0
1
0
0
2
0
4096
1
0
3
0
1257
9
1
0
0
40
19
2
0
4
0
0
30
91
138
428
3
0
0
2
0
0
0
155
877
0
0
7
0
4
5
0
0
0
0
0
2362
0
0
1
85
0
0
0
0
0
1
27
0
0
8
0
4
0
19
0
0
2
0
106
0
0
110
0
10
194
0
0
2
0
0
0
9
34
0
4
18
8692
0
13
1304
0
0
1
1
1
0
0
22
0
0
0
0
0
1
1622
2
1
0
25
252
3
2595
24
0
2
0
0
4
0
103
1
0
0
1
0
4
0
1
0
0
0
0
9375
1
8
0
1
0
0
90
0
0
26
2
0
0
0
12
0
16
994
241
0
749
5
0
0
0
154
0
2
0
30
4
0
0
0
4
0
0
0
53
1
462
211
6911
0
0
0
2
0
0
0
281
12
2
0
9
1
0
0
0
0
0
0
0
3
3
0
235
0
0
28
0
23
16
0
38
0
514
0
0
0
0
3837
2
1345
0
0
2
0
35
0
22
99
6
0
13
0
0
0
3040
2
0
1
0
7
469
5
0
0
0
0
8
0
4474
30
591
0
0
0
28
2
32
0
2
0
0
0
0
7
45
0
0
0
0
31
296
0
0
13
0
0
26
1
0
0
1
0
0
1
12
12
0
7
0
102
0
9
6002
1
44
1
0
0
238
9
0
0
8
0
0
130
0
0
0
0
0
7
2
1
1
32
0
1
987
0
83
0
0
0
0
0
0
5
98
0
161
3
0
1
0
15
0
10
466
0
311
544
0
36
390
1
4
1
1192
3
2
2101
298
0
0
0
0
93
514
31
0
0
15
0
0
0
12
8
0
7
0
1
4
0
0
0
8972
230
2
0
0
7071
0
2
16
0
1
0
0
0
0
8
9
0
6
9
0
8
0
0
0
3
5
3
0
4
2
1
203
20
5
0
116
4
18
0
0
12
0
0
0
1
0
6
0
0
10
0
67
1
1
1
0
0
0
0
0
0
0
330
0
0
0
28
0
40
0
0
0
0
0
0
0
0
0
2
0
2
21
0
0
1774
0
26
703
4
5298
0
0
19
14
109
1
0
4
0
0
4
602
0
11
0
1
181
0
0
0
57
0
0
698
0
1219
3
1
0
8
5
0
0
0
1
2
34
0
712
0
2
0
1
0
1
0
0
0
0
0
0
0
3
0
1
0
0
0
0
0
0
0
2565
0
0
0
0
0
2
1
0
0
0
0
1
0
0
0
0
18
0
0
0
0
0
0
0
18
0
159
0
7
0
403
99
1
0
0
0
26
13
0
0
0
0
1
6
0
359
0
0
0
0
0
0
0
0
74
0
0
0
0
0
2
31
86
79
2
0
0
1
0
2
11
0
0
280
0
2
235
0
2
2
0
2
331
417
11
0
0
0
0
0
0
0
4
10
7
114
0
0
0
0
11
3
0
1
1
0
0
1549
0
0
1
0
0
0
0
0
2
0
11
9
0
1
1
44
0
1
10
1
29
0
0
0
0
30
0
1
18
199
68
29
0
0
0
31
26
4
3
3
1
0
0
1
204
0
0
0
8
0
10
0
0
0
1
0
0
0
1
41
0
0
0
0
1
0
0
0
0
0
0
0
0
2
331
0
0
27
0
0
1
0
0
1
1
0
0
0
0
0
2
5
0
868
1
27
0
0
0
3
1
1
2
0
3
0
0
0
0
0
0
0
4
6
0
0
3
6
1
0
0
0
0
5
0
0
0
0
1351
303
0
0
0
0
8
0
0
6
1
12
0
26
14
1
0
0
2
8
3
2
0
2
0
56
0
0
2
3
282
460
1
2
0
38
40
149
234
0
0
0
0
0
0
590
1
0
2
0
1
0
4
0
0
1
5
0
0
0
0
0
0
3
0
41
1
0
0
0
0
0
18
3
96
58
0
0
0
0
96
0
0
510
2
11
1
477
0
20
398
25
0
0
0
0
0
1
3
0
607
5
52
0
0
2
60
66
0
4
0
0
0
14
0
10874
0
102
2
17
2
0
0
0
12
1
0
8
182
66
4
0
0
33
0
0
0
11
0
4
0
0
0
1
0
0
0
0
7
0
2
3
1
168
4
0
11
0
0
0
1
1
4
75
262
1
1
0
0
4
841
0
1
5
4
0
5
2
5
28
0
0
0
0
0
0
0
1021
0
0
19
78
9
34
1
0
0
0
0
0
0
2
0
13485
3
1
9
0
0
0
307
47
0
0
0
15
75
0
2
0
0
0
0
2
6
1
20
0
72
0
41
450
102
0
3
0
1
0
0
0
0
0
3
10371
0
1
22
235
0
0
1
0
79
0
0
0
2
16
0
0
0
0
0
0
4
7
0
0
508
4
0
1086
0
0
22
0
76
0
65
0
1
6
0
609
6
1
55
0
1
0
1
11
0
1
1
1
0
1
2
0
3
0
816
6
0
1
65
14
1
0
507
0
1
0
1
0
0
0
2542
0
25
3
335
0
0
0
25
0
0
1
6440
0
17
1
7
15
7
0
2176
0
0
0
0
0
2
4
53
1
6
0
1
42
5
36
162
1180
0
7396
1
9
1
0
4
101
0
0
2
58
25
32
11
27
1
0
18
0
3
0
0
0
0
0
720
1600
0
0
1568
0
0
0
0
46
0
6
8
0
44
0
0
4
0
0
0
3
0
0
0
12
0
0
1
0
6
67
0
0
1
0
9
3
32
229
0
5
166
11271
0
19
28
1560
25
0
0
0
0
2
0
0
46
0
0
1
4
0
0
0
5
0
5
4
0
1
0
1
0
55
0
0
1
0
4143
1
25
0
0
0
0
0
320
1
40
33
284
162
0
0
0
1
0
1
1
88
1
0
124
0
0
0
574
6
0
0
0
20
2
0
0
2
5437
10
0
0
874
0
0
0
0
0
0
0
2
0
1
6
37
0
0
169
0
0
0
95
0
1
2
2
0
0
2
1
0
0
78
3
0
0
0
2
0
0
1
1
0
3
0
857
0
0
9365
22
0
0
3
3713
0
2
0
0
2529
0
0
0
0
0
0
0
312
0
0
16
556
0
0
0
1
0
13691
1249
0
0
20
1368
0
10
0
147
0
0
6013
0
9
541
3
0
225
0
45
0
7
1
9
0
39
1
96
0
0
4
0
341
30
1
0
1132
2
1
10
32
0
0
9
2
2
0
7
1
789
0
1
0
5
0
0
0
0
3
0
0
0
7828
0
0
0
0
0
0
0
0
0
0
0
0
2
0
0
7
0
111
6
0
73
0
0
0
2
0
25
2
0
0
3
0
319
5
155
195
0
0
100
0
1
2
0
0
0
2
0
0
0
0
13
377
0
0
0
0
0
0
0
0
0
0
0
5
0
14
4
0
0
1529
0
0
0
153
85
0
0
1
51
0
22
0
1
637
4
0
17
0
5
0
4
0
54
1
0
13
0
2
0
0
163
0
0
26
0
74
138
0
1
25
7
0
0
0
1654
2
0
0
0
0
0
0
0
0
1
0
0
17
9
0
0
0
0
53
0
0
2
0
0
0
0
0
0
1
0
0
0
0
21
0
1
0
4
96
0
48
31
2
9
0
0
0
1
3
0
0
0
0
0
0
9
0
10
0
3
0
0
1
282
0
0
0
0
0
0
0
0
1
0
1
0
8
9
2
0
0
0
0
0
0
0
28
15
1
0
0
15
46
63
0
11
6
109
0
5
0
0
51
16
1
0
2167
0
8
0
0
1
0
1
0
0
1
0
4
15
0
0
2
1
0
32
40
25
706
0
0
0
0
0
0
0
0
0
0
0
5
358
0
40
0
0
2
0
16
1
0
0
2
1
95
0
16
186
0
221
0
1
0
0
2
0
324
2
2
1
3
6
28
147
71
1
0
677
226
0
3
0
4
0
0
134
0
167
5
0
0
1
409
1
0
1
0
0
0
0
0
0
0
0
33
129
46
1051
0
0
0
0
0
0
6
0
0
0
0
0
44
720
6
0
452
197
0
12
30
101
27
2
4
6
2
761
541
0
8
0
195
0
0
0
0
1
26
0
0
0
8
240
9
0
0
5
0
0
0
0
1
0
2
0
0
0
0
0
2
74
3
0
0
0
0
30
0
0
57
0
12
0
1
0
0
0
0
2
26
1
0
0
0
2
11
0
1
0
2
81
1
0
6
1
0
64
0
0
0
0
1
10
1
1
0
0
0
0
0
0
5
0
0
0
0
30
0
0
1
1
0
1
0
0
188
1158
0
0
0
4
0
2
0
0
0
0
0
0
0
0
0
2
3
1
0
27
0
1
14649
12
0
0
0
2
0
7
1
1
44
66
3
0
0
0
0
0
0
0
0
2248
5
0
0
0
63
0
0
0
0
0
18
0
0
0
0
0
0
4
0
379
0
0
0
0
1
0
19
0
161
1
0
0
0
0
0
0
7
0
0
2
1
0
0
0
34
0
140
5
2
90
28
0
0
0
5
0
8
0
957
0
0
0
0
62
4
0
0
5729
74
0
0
0
0
0
0
2
0
0
1
0
12
0
14
53
212
0
0
33
22
0
5
0
0
0
0
0
70
0
0
85
0
0
0
0
0
0
0
6
0
0
0
0
16
0
39
192
7
0
13
47
23
0
16
1
1
6
0
1
3
0
0
3
177
0
4
1
0
0
57
0
2
0
0
0
56
1
1
2
0
0
0
1
2
0
5
33
0
5
0
0
49
1
1
17
4
2
0
0
0
1
0
0
0
0
0
0
2814
0
48
4
0
17
0
0
1
1
1
0
0
0
9
95
4
0
0
49
36
1
0
1
0
0
0
0
0
0
0
0
3
0
40
109
0
0
1
1
0
2
1
0
0
18
0
0
1
0
1
1
0
0
0
0
16
0
37
1
77
5
1
1
0
929
2
1
2
0
1
0
45
0
123
0
0
1
0
156
0
0
0
0
229
155
1
0
0
0
18
0
0
0
0
0
0
0
9
92
0
6
880
0
0
230
2
1799
0
1
0
0
0
0
0
24
0
0
1
0
0
0
143
0
29
0
1
2
0
29
14
0
2
2
373
0
0
0
1461
0
23
20
6
15
0
0
1
0
1500
0
0
0
0
0
0
0
0
0
0
0
0
6
2
4
0
0
0
0
0
0
4
13
0
252
1
0
0
1
0
0
0
0
0
0
1
0
5
0
5
19
0
1
0
0
0
928
557
40
0
534
0
17
6
31
1
1
0
1
1
10
21
0
1426
1
23
0
0
0
0
0
1
0
0
0
73
21
15
17
0
0
0
0
1
6
24
18
0
0
0
0
0
2
0
143
0
1330
23
2
0
1
0
0
0
0
679
6
2164
10
0
2
5
33
17
0
0
1701
0
0
0
13
0
0
12
1
0
13
449
96
0
337
0
0
0
0
0
0
0
0
1
1277
5
0
0
1
0
0
26
0
0
22
0
422
0
0
174
0
58
28
10
2218
0
0
528
1
15
0
5
0
32
83
3
1
0
31
369
0
3101
22
0
92
24
0
0
0
0
52
2
0
1
0
760
1
53
0
0
1
0
0
1
0
0
0
6
473
18
0
0
39
0
0
585
5
2
6
0
0
42
0
0
184
34
18
1
0
529
0
1
18
0
0
18
1
0
3
0
1
14
0
0
0
1
0
0
160
0
0
0
0
0
0
4
0
0
1
0
0
0
0
0
0
0
0
0
1
0
47
13
34
2
0
0
36
0
0
37
0
8
14
0
0
0
0
23
0
20
38
1
390
15
0
2
40
0
157
0
0
0
0
381
23
80
4
72
25
0
0
0
0
9
0
19
7
0
0
1
0
0
0
282
0
16
0
0
0
0
0
0
4
0
60
15
0
48
0
0
0
0
0
0
484
0
19
2
0
0
0
0
0
2800
447
12
9
0
1
0
0
0
0
0
0
0
0
1
2
1
5
1
0
2
0
0
1
11
0
15
0
361
0
3
0
3
213
3192
0
0
0
0
3
0
0
1
0
0
273
1
2
0
0
0
0
0
0
62
0
7
4
1
0
0
0
2
45
28
4
5
40
86
0
2
2
6
6
0
161
0
0
1
37
0
3
0
0
0
0
1
1
2
0
0
1
0
642
0
0
1
176
16
0
0
0
0
0
0
0
0
0
0
3
8
2
1
0
0
0
0
0
1
0
127
0
0
0
0
0
0
0
63
0
22
0
326
585
1540
0
2
0
0
0
1
0
0
1
1
105
0
38
0
0
0
98
83
0
2
0
55
0
0
0
15
9
96
0
0
0
0
0
0
0
0
0
0
0
0
0
1
0
0
0
0
0
0
0
0
0
0
0
0
1
0
1
0
0
0
0
376
1
1484
0
6198
2
68
3
27
21
4
0
0
0
27
0
19
1
27
2
16
36
2
0
5
344
0
0
0
50
23
0
0
0
0
0
0
0
0
0
0
0
489
1
22
0
0
0
0
0
0
251
0
0
0
0
0
0
1
0
0
8
41
177
312
0
34
6
238
0
0
15
0
1
6
30
5
195
23
0
200
3
0
0
0
0
345
0
0
9
0
0
0
0
0
0
0
0
0
0
0
0
0
0
0
0
0
1
1
0
0
0
0
0
0
0
0
11
0
51
0
0
877
11
0
0
0
0
2422
0
0
0
0
2
0
15
0
11
4
1
133
0
0
0
18559
0
0
2
0
1
1
0
0
5
1
0
0
0
197
0
0
0
0
0
0
0
1
0
0
0
0
787
4
0
0
0
0
0
0
0
2
0
0
0
1
0
0
0
0
16
0
12
18
0
2
38
2
0
0
0
0
0
2
0
15
103
969
0
7
0
1
215
1695
4
152
109
0
0
2
267
0
215
83
1
0
2
0
0
0
0
1
0
0
12
0
5
7
33
0
0
0
0
0
13
16
0
0
0
0
0
2984
2
0
929
17
0
1
32
0
9
5
16
3
0
6
1
332
0
26
151
0
0
0
0
16
9
1
3
194
46
0
0
0
0
0
0
0
0
0
0
0
0
0
0
0
0
1
447
5
0
0
0
0
0
0
6
0
0
0
0
0
0
0
0
46
0
0
0
0
0
3
0
0
0
0
27
0
34
17
0
38
0
46
1
0
0
4
0
0
3
4
0
2327
39
0
15300
1
87
0
14
10
0
0
0
0
1
0
0
0
0
0
0
34
0
1
0
0
0
0
0
0
0
1533
4
0
0
0
1
263
19
0
3
449
1
0
0
0
252
21
0
26
1
21
3
7
4
0
0
45
0
0
0
0
0
0
0
2
11
0
2
0
4
0
377
128
30
0
0
0
0
0
0
0
0
0
0
1
57
57
1
0
0
0
0
0
0
3
0
0
0
0
0
0
0
0
9
504
0
279
0
0
11
3
2
0
0
2
41
0
4
31
10
0
0
0
1
33
25
0
0
1787
0
672
5
7
20
0
5
0
0
0
0
0
0
0
0
0
0
0
0
0
25
0
0
0
0
0
0
0
26
367
0
0
0
1
0
105
56
0
14
0
0
840
0
0
13
19
318
4
9
3
462
1
19
0
4
8
0
1
0
0
0
0
0
37
0
0
0
39
15
1
1
0
0
0
0
0
0
1
0
0
0
0
0
5
0
0
0
15
0
0
0
0
5
40
10
200
0
0
0
4
1
0
1
260
0
0
1
10
10
48
0
6
0
1
13
4
0
534
1
0
0
0
8
0
0
5
2
55
2289
0
12
1
7
2
13
9
0
0
0
0
0
0
0
0
0
0
0
1
0
0
0
0
0
0
11
0
1
35
0
0
0
0
4
257
0
1
106
0
0
4683
1
7
6
230
20
0
1061
274
89
18
0
0
0
5
0
9
0
0
0
1
1
0
37
245
210
33
2
0
31
4085
0
0
0
0
1
0
0
0
0
0
0
1
0
4
0
0
0
0
0
24
2
0
9
55
3
0
44
713
0
0
1
0
0
1
1
16
0
0
5
10
0
0
19
0
5
0
0
29
0
0
0
43
8
43
2
107
0
4
0
301
0
143
0
4
0
0
0
0
0
0
0
0
0
0
7
8
0
2
0
0
0
10
0
61
88
0
45
0
0
0
1161
0
0
0
0
672
0
6
122
0
1
2
1
0
0
0
50
28
15
6
39
0
80
76
0
2
1
0
0
1
0
492
14974
272
0
65
0
2
0
0
0
0
0
0
0
0
0
0
2
0
0
2
0
0
0
0
0
0
0
2
67
0
0
0
0
2442
0
0
950
0
556
2
0
13
1
126
0
2
10
166
0
45
1
63
0
0
0
429
29
3
71
4
0
15
0
163
1704
185
0
0
665
2799
0
0
0
0
0
0
0
0
0
0
0
0
0
1
0
0
0
0
0
8
0
4
57
0
0
0
126
5
0
76
0
0
0
274
220
0
0
3
1
3
14
1
97
9
0
64
3
0
185
5
2
1
27
0
1096
0
6
2
6617
0
23
2
0
211
1
1
1
3
0
1
0
48
13
0
0
3
3
2
0
0
0
226
0
0
0
0
298
0
1
0
0
2
1
470
0
31
40
0
0
8
0
6
0
0
0
1
0
0
0
0
1816
11
3
0
41
17
1
8
0
160
20
900
1
0
0
45
7
37
0
0
0
0
0
0
0
0
0
0
0
0
9
211
0
0
0
0
0
0
0
2
5
0
0
0
0
2
0
0
18
1
4
69
59
2
1419
0
1
16
1
0
2
0
1
2
4
31
0
1
11
0
0
0
0
26
0
787
1
1
0
96
1
0
0
0
0
0
0
0
0
9
17
0
5
3
8552
14
0
0
0
11
0
0
0
0
13
0
0
0
0
0
0
0
0
0
0
7
0
0
14
0
0
1
67
72
1
17
26
0
0
0
2
540
33
2
0
0
0
0
0
5
0
3
0
0
0
22
0
0
17
0
0
0
0
1
0
0
0
1
0
0
0
0
0
0
0
13
0
0
2599
0
0
2
0
1
0
0
29
47
1
13
98
1
0
0
1
9
0
0
105
1
0
0
53
0
36
0
1
0
22
0
0
0
5
0
0
1
0
63
1
0
0
0
0
1
0
0
0
0
1
1
0
13
20
0
0
0
0
94
0
299
9
0
14117
70
0
0
0
627
2
0
0
28
0
0
0
0
0
6
0
0
0
1
1
1
0
795
0
0
1844
0
9
0
41
0
7
0
0
0
0
0
0
2
2
121
1
0
0
0
0
0
0
0
0
0
35
0
0
3
0
0
0
17
0
72
0
2
8
16
1
0
0
0
0
0
4
85
100
0
67
0
7
70
0
361
0
0
0
2
22
0
0
735
5
10
2
0
11
0
0
1228
0
476
0
1
0
0
3
17
0
0
4
0
1
0
0
0
51
0
571
1
2
4
0
39
0
0
105
0
0
21
0
1
0
0
0
4
430
0
97
42
371
192
0
0
13
333
1
2
3
3055
10
411
124
0
303
0
8
22
0
12
7
6
17
0
0
8
24
0
0
23
14
0
0
0
0
0
0
0
42
0
0
0
24
0
116
0
0
0
0
0
55
6
0
0
0
186
0
0
0
0
2
0
3
0
0
61
0
0
3
0
0
1
71
90
0
0
2
0
1
6
145
0
408
10089
5104
595
374
7786
5659
1201
147
286
1612
90
9806
100
15215
5104
992
75
0
37201
419
13187
444
32532
10939
5606
87
440
5104
87
65
15261
1060
2775
17049
1379
38
2045
26367
1854
4151
169
4769
329
374
2045
11430
15062
0
230
15795
4864
103
390
4842
18836
6075
5911
3423
12367
39470
3566
1612
5088
44
761
326
1
644
1
53
3
163
6949
11
0
166
5033
524
60
57
0
8204
123
8
7
11410
29
13858
7021
116
595
18457
2111
24
79
51
29
8
3767
4
2
9598
171
165
2522
10
4672
10308
2
0
4277
6526
12
4
272
17
142
197
5
3
49
3
5
2426
433
11
16516
39
6
41
25224
1193
587
0
72
4
0
0
17
0
1213
5
20
27451
111
43191
70
18
525
27
716
2441
11
2976
1
8
4906
179
39
2930
0
1677
1
19
7665
228
20252
4
2
0
26
30
35
13
14
10492
324
179
0
5
247
28
0
0
96
488
389
20521
50
0
10428
313
19
303
52
18
9
198
0
3497
201
0
18600
15
453
28
3638
0
31
11
0
572
2
30
2343
485
2
0
8
70
2
2
14130
0
12
22
10
3265
4
415
16833
1443
249
10
80
72
6
84
17
4
19
296
95
0
1
7
756
0
226
3
5
3
16
0
2859
56
21
4805
34
4
6
10
1314
2
1133
0
169
399
80
17
0
131
0
0
0
1404
27
312
0
167
920
46
620
110
0
2636
667
11013
180
0
40
10
192
4
13
2
3879
0
0
0
0
485
0
11462
0
28
288
0
11
1
715
21506
1125
69
0
15
111
0
11
0
1009
3
2224
0
8016
0
10
18
0
0
0
9
1542
100
4
10958
0
0
0
55
3
0
12
309
12
2946
897
268
0
4
6
34
0
1294
6549
192
1
103
1506
236
14433
121
11384
14642
3407
31
366
0
8852
4674
79
851
2
0
16336
1516
0
6695
2002
0
0
0
16
0
1
1
252
2073
25
2
0
6
359
44
3293
205
52
35
27
41
0
0
0
49
55
2
7
119
292
0
5
1
4634
0
3
1
13324
0
4
27
48
0
3
8
1
2
3
4
2
21
78
0
0
141
14451
0
0
0
1
574
21
14
53
4963
0
0
0
4768
41
1
0
573
4
676
237
51
2094
1493
26
0
2
22
4
1
5
0
75
3007
0
32
143
186
0
3002
5
0
1742
12540
1
0
228
16
43
0
0
108
63
308
382
0
0
0
2
0
2
3
31
20
52
0
176
1160
695
25
5424
0
1
0
0
50
9282
24
24
6360
11
3
0
7
0
2
0
0
431
1
48
16
38
0
88
0
345
4
125
2335
2
0
2
0
27
0
4
0
0
0
1
51
0
205
1243
0
1609
1
0
961
4
3
121
5
0
1
3
2
95
0
18
2008
41
74
0
119
2
175
20
1474
0
13
0
4502
113
3
45
0
1
0
0
2229
2
0
0
13
0
0
35
0
19383
2
0
113
0
1
101
630
0
1531
10
2
710
1
0
2
6
4
8
1
0
27
0
0
69
72
4
589
0
22
1
0
0
53
195
14
0
0
0
11
13005
1268
811
0
9
9
0
2
1
0
1
0
0
7
0
0
0
4
20
158
1
0
1
0
0
5
1719
0
63
0
1
2
0
14
20
0
0
1
2
0
1
1
26
0
3
2740
514
13
459
345
297
0
0
0
0
1
1
736
0
0
10916
501
1
67
1
0
0
1244
14
3347
20
35
1
31
49
2
0
2
1
134
16
0
75
0
2
2
350
0
158
3558
0
36
0
15
0
0
4
42
428
0
35
263
0
10485
7
1846
0
20
0
56
0
0
82
85
2
1682
0
0
83
0
0
0
0
68
1
7
5
0
55
2
0
0
0
904
2
5
30
0
0
0
0
0
0
0
0
10
96
96
972
65
0
148
0
701
2
32
1
0
0
0
12
0
1
786
0
20
1
985
3
74
36
600
0
1
11
35
1779
227
0
1
120
15
21
2883
3772
216
0
36
82
690
227
0
2
21
0
162
5
4
1
144
0
254
5726
122
8
21
0
109
1
0
60
3740
1
0
466
1211
0
17
6
2
1
0
362
2
0
5
0
31
7
37
39
0
71
0
0
253
0
24
0
43
0
2
3
0
1343
1
18
3699
1
713
606
126
2
1050
2
0
0
1
0
0
0
0
27
2
0
76
1673
4827
32
3671
2
0
0
27
158
34
0
0
0
3103
4
0
70
1
63
0
4881
83
129
9
10
0
0
26
0
2
0
18116
3
0
3
20
0
3
1
60
0
2
296
4
35
1
5
56
1
0
20
414
30
699
7672
1
0
253
86
31
0
14
6
2
1
169
0
38
0
233
8
8
3
21
0
0
2
5
1
19
8
2
0
109
1
1
0
0
25
45965
1
0
0
0
1
4046
4
15
0
6
4021
4
0
11
35
19
5
1719
7
3
7
15
0
0
2
15250
12
16
364
0
0
0
0
0
4
1
8
3
1
0
2
112
0
0
45
1
23
2
1544
0
137
6
0
0
17
411
6135
0
7
1
0
75
0
14430
2
3
0
0
4
0
285
1695
0
0
6
0
140
0
135
0
145
0
7164
9
4470
0
4
0
0
2
1
1087
320
0
1
31
4
2
0
0
98
36
2
19
672
0
0
0
80
2
346
9
8361
0
2971
25
124
19
19
1
200
2
2
29
758
300
24
20203
0
38
1
15625
0
1
1
0
0
721
1
34
13
0
0
26
2
1582
0
2801
0
1
0
32
0
455
0
0
4219
0
119
0
187
0
52
16
0
807
16
63
314
1
0
0
3
4
5
1
15
1
2
808
73
95
2
973
128
257
2
5733
0
18
13
4
760
1
10421
0
0
432
12
3
87
60
0
1
0
0
0
40
0
2
1
0
84
149
0
0
15
43
0
1
2
0
0
0
3
0
0
0
31
2
18
0
0
3
0
1
23
0
0
4478
0
329
0
0
1920
7
16
9
30
2
0
339
0
0
218
1
0
1119
3
32
112
0
194
893
91
17
110
49
0
42
13
0
0
0
2
25
34
2
0
592
0
0
0
0
1709
0
0
0
53
0
0
4
0
62
1
0
94
3
8
23
0
0
0
126
31
0
1179
0
22
0
3125
0
3079
49
5633
0
6
1
0
1
10
5
81
0
0
26
24
1
28
505
0
0
2
0
0
1
30
14
0
0
0
3
94
0
359
268
685
5669
62
0
0
1
3
1283
0
535
1
5
0
1127
3
3
0
0
20
12760
2448
0
329
0
2869
0
0
1
153
8914
54
0
3110
14
2
1010
0
3959
46
26
1
7
73
5
108
0
0
0
7
0
70
267
70
0
1027
166
21
218
3
0
316
1
388
223
13
0
0
1
0
24
0
6283
3
96
0
0
1
216
0
79
0
0
293
32
1
0
106
0
15946
0
0
1
2
9
153
4
42
41
0
0
0
3
3
4
1
0
0
6
0
10
227
11
0
509
19
34
0
3926
2
0
5
0
1
0
0
0
0
1003
5
168
31194
0
0
0
0
0
25
0
6
104
0
4
0
1641
0
0
3
0
1564
0
9
0
0
0
0
0
4
31
0
1
128
1
258
0
1991
1
3
0
0
0
0
165
5675
0
16094
2
29
0
19
322
55
0
6319
13
0
0
1
0
15
276
17
0
0
0
7
0
0
0
0
0
12
0
0
22
1
140
254
586
0
0
0
4
9
72
59
0
2
0
0
5
258
0
0
4
17
1
3
2
293
2332
1
18
28
8
0
3
5168
23
62
5
4
0
27
20
0
108
998
61
46
0
0
1857
69
0
0
3
2
0
70
0
0
0
1
9
0
14
4
8
302
25
1
9
0
9
1938
1
0
0
0
0
3
0
6
0
17
1
1
0
0
0
1
0
0
12
1
1866
0
0
11
41
5
1
0
0
0
4315
0
0
0
82
1
0
3
0
0
0
0
3108
12840
10
0
495
0
0
4
0
3
73
0
36
3
15
0
0
0
0
0
1383
14
0
6
4
0
42
0
0
623
0
2
0
22
0
0
0
39
1
1
44
7
71
0
0
6061
0
0
2
43
2
58
58
59
0
76
2
0
4
964
1
94
0
1812
12
194
3
1340
0
5
1
0
11
96
2
1
0
0
2
5
0
1
0
0
5
15
0
14775
1
4
0
0
0
14
1
1383
3
66
0
0
115
20
0
0
1
1287
43
6
0
7
159
72
4
2
116
2
0
2
0
17
0
80
0
373
0
6166
1
1137
3
0
0
0
0
0
2
0
1463
0
0
4
5
18
0
0
676
0
14
65
1
0
19
3
2
38
0
0
0
0
1
44
474
349
1
11
0
0
0
433
1140
0
6
11
2218
1
0
0
0
6
0
11225
3
1
3
24
60
0
3174
0
0
2
0
124
22643
1
0
14
3387
0
0
0
5
104
247
26
2
0
0
18
1
0
1
10
0
0
0
6
5
0
0
143
0
0
10
114
6
0
1
0
1
0
2
0
102
0
0
17
2574
6
0
2496
40
5
0
46
81
0
0
6
19
0
0
2001
1
0
402
0
2254
8
0
0
2
0
0
0
1
467
165
8
22
63
1
6
27
0
1
2
0
0
90
0
2
2
0
0
0
0
1
1309
445
0
17
0
0
0
116
898
0
1
3
26
0
3
1
0
6
8
1
0
0
3
2
40
20
4
34
0
5143
4
0
285
2
0
0
10
0
264
0
0
0
3
0
0
0
0
2
0
26
0
0
0
2
157
22
1
18
0
0
0
1
18
9
1
3
46
2573
740
0
1
99
1433
0
0
0
0
0
58
27
190
37
8667
0
2
0
85
0
8
11
1
60
0
2653
49
186
79
73
25
107
5
417
0
0
0
0
27
2293
0
76
0
2
1341
7990
63
0
0
0
0
1
0
6
0
0
4
3851
11
6
3
0
0
607
0
0
4
127
5
0
74
21
3029
3
274
3
0
0
870
4
13
3
0
0
0
9
7
2
0
0
0
1144
8013
1
22
8
256
3
238
0
0
2
2
128
0
0
0
29
238
3
0
751
0
0
1
6
0
16
0
45
111
1308
20
0
17
0
2
0
6
0
1391
0
11
175
30
9
28
897
3
0
19
0
0
31
2277
11
0
0
0
2918
0
0
0
1
0
7
1
1
43
3
7103
0
0
0
321
0
0
20
5
18
3
0
0
0
0
0
0
0
147
96
0
0
0
0
2
0
0
13
95
0
62
6
1
0
192
409
1
225
818
614
0
1
1
2997
0
2
2
0
0
35
2
0
0
2
3
57
2
4
1
8
0
0
3
0
0
1
0
0
0
0
46
1
0
7
0
0
0
0
0
0
0
0
1
764
0
37
2
0
0
36
0
0
0
89
0
388
0
10103
0
2
0
27
3
23
35
0
12
266
0
5
179
1
17
346
0
0
0
15
1022
27
1
0
64
1
838
0
20
0
920
6
0
0
4924
0
115
0
0
6
76
113
37
3
0
0
172
0
1
1
6
25
5
0
0
3
0
7
4
2
0
24
33
27
1
0
0
252
2
3
6
0
1
2
0
72
0
50
3047
0
2
1
2484
1
0
13
5
0
0
0
2
1309
0
0
0
345
97
0
5
0
2
5
0
0
20
3
10
247
0
0
0
129
2
6
36
29
52
0
33
2
25
1753
2
402
5
3
503
0
904
0
1
0
0
112
132
718
0
22
576
0
0
0
33
137
0
0
158
0
0
21
0
0
0
0
39
7604
0
1687
0
1947
5
0
0
1
0
177
0
3
2
1
27
305
2
1
0
0
0
1
0
3
0
0
14
6
546
0
11095
7
0
2
360
13
0
1
1
23616
0
0
9
2
0
24925
0
23
0
2
0
0
1
0
0
2835
1
9
2
0
0
847
373
2
0
425
527
0
0
0
1
25
2
0
8
230
5
0
26
0
907
0
0
927
8
0
0
41
4
0
95
0
0
0
40
11
5
444
4
2999
0
0
11
8
484
3
176
1
1
28
555
1
70
0
1847
52
8
0
3
13
1
24
576
0
3
5
141
8
633
0
45
450
216
0
0
10
0
0
211
7
151
1
0
5
3
0
95
18587
4
0
5
65
0
18
0
7
0
0
30
256
0
117
8
1
56
0
231
3
6
22
1
0
0
2
4
32
0
0
11
542
156
734
31
2
1
1330
1
34
0
2617
0
2556
166
0
0
125
334
0
13
1
3264
37
0
3
1
0
0
0
1
1
0
5
0
0
5
19
3
0
0
175
0
0
3
176
0
11
0
2
1
11
2
695
3
9
67
0
0
0
4
5
0
0
24
519
0
0
3
11
50
5
0
9
1
2
332
0
0
0
0
0
4
3
2
424
670
3
0
0
0
0
3368
70
4667
0
4484
2
1184
0
0
24
21
0
13
0
65
4
0
0
4
0
0
49
0
583
0
1
1
112
0
0
0
17
2
1
8709
2419
0
5564
0
37
93
447
0
3
1
0
0
0
1587
849
0
4378
9
1179
757
9
1
0
85
0
2
16
1348
2
0
0
15
0
1
0
0
0
0
0
1
0
3
0
0
0
0
1
0
0
0
0
277
886
18
180
0
2
35
1
3
0
0
0
0
18
0
7
0
17
0
0
3
0
198
0
553
2
2
1
0
85
0
161
24
4
0
878
1
0
95
0
152
0
4
12
0
32
2199
0
0
0
0
0
123
0
0
0
28
6
0
48
0
4
2098
3
0
0
1
134
1
0
5805
0
29
49
41
3
1
918
0
2833
0
26
1
3279
1
124
0
0
6
1
820
0
872
1
0
0
29
0
3
0
0
0
788
0
10
49
2
3
0
1
11
0
436
0
0
73
0
0
1
0
3
178
4
268
0
18
34
282
0
10
0
636
1
729
3489
22
7
0
0
0
3
5963
9
252
3
191
1
0
0
45
0
46
29869
0
138
0
27
2
1
0
126
0
1
2
0
127
0
2
1
0
19
0
6
2
2
1
2332
16
768
659
0
0
0
0
0
2
1
0
0
1
6
1
1
1
0
10
1
305
0
0
0
0
0
24
6
2
6
0
0
422
0
0
1
1
59
0
0
3
0
91
7
32793
0
0
72
0
8
336
0
0
2
1
100
4
3
36
1
6
14
0
3
4
46
18
20
2
6
0
266
15
86
5
0
0
3894
97
121
15
0
0
0
0
35
17
40
0
0
7
0
1737
27
350
0
0
1389
1
1
12
2
11
4169
6
16906
82
0
7
0
16
141
0
0
6
15
0
3
2
354
0
7
31
0
47
8
0
665
0
2
0
0
0
0
0
1
2
8
666
1
0
0
166
1
12
0
4
8
15
115
0
3
5
0
0
7
1001
0
6
0
0
953
1
1
413
1
0
5
27
0
1801
1210
1964
0
0
90
0
0
624
2
2
115
0
0
6
2
0
0
1
4
0
0
0
5
31
0
3244
0
0
43
0
6663
1606
0
0
5
0
80
567
0
1
140
0
18
0
2
50163
5
0
0
48
418
5799
0
215
8
344
0
0
0
0
19
7108
905
0
20
0
0
4
31
0
2
79
0
2
0
1
4
0
3
0
0
0
13
0
1
1
52
244
32
1
1
0
0
10999
40
1490
5
0
52
0
0
4
0
0
1
298
202
1
0
1043
339
34
2
208
2
4
0
0
441
2
0
227
0
0
0
0
2
2757
4
13858
198
2
0
0
0
140
0
1
0
0
8
0
0
2
0
0
0
0
0
1
0
109
0
18
5
0
46
0
0
1
0
4
4
0
0
8
0
1
679
11425
1
25
4
108
0
12
0
0
48
0
0
0
46
0
24
27
0
0
2
0
4
118
0
11
63
145
6
0
0
75
413
37
13334
8
14
0
0
0
0
0
1
0
952
0
4
2573
0
25
0
1
2823
1
7
5
1
0
11564
7
0
1
0
58
2372
0
4
75
0
0
0
785
1
0
1
0
124
3931
1
241
0
0
0
859
0
0
3
0
53
2
437
0
0
0
0
9
0
3
18
99
2
0
151
19
0
18
27
15
1
0
0
0
7
2
10
371
6
1161
647
0
0
0
193
3
5
1
0
322
670
2
0
0
0
882
3
1
0
1
9
0
0
120
0
212
1
1
0
0
16
17
76
8310
1934
1
0
1
5287
0
0
0
4
0
10
0
3
3
0
0
19
43
9
1
652
1
3
324
2894
38
475
26
801
0
1517
0
3
107
3
19
0
5
0
1
239
20
16
0
5
8
0
0
11
38
137
0
43
20
97
0
841
1
0
0
0
11
0
3403
2
0
10
1
25
955
0
15
1
10
0
10
1
0
24
0
32
0
32
335
19
0
20
1
12
0
0
6
1
35
344
0
0
0
1
1
3
6
0
500
4
2
0
1
1
85
0
0
0
14098
93
0
1
0
0
4
0
1
101
1
1
0
0
7172
0
0
0
0
63
172
0
187
0
0
103
0
1
76
21
0
0
2
8
0
0
22
1
277
84
0
5
1
11
261
1118
0
6
0
315
104
266
0
0
11
601
1
2
0
1
0
2
0
106
559
0
28
347
0
0
0
436
0
0
5
300
0
0
1
387
0
186
14
182
0
0
2012
2
0
0
5
0
0
0
0
0
0
0
859
0
0
106
0
0
23
0
3
0
8
0
0
1
0
16
0
0
58
0
468
3
21
0
3
7
1
4
19
0
5
208
20
0
0
31
1
0
210
0
53
0
0
140
13
13506
0
8
1
2
0
12
39
192
0
4
0
0
0
928
167
0
0
2
0
122
3
0
393
0
0
0
25
0
0
0
1
13
2
0
18
2365
1
0
4
2
0
1
3
3
200
1
183
0
0
0
0
0
0
0
0
0
0
0
0
131
1
150
0
3
0
0
0
1
0
0
6
0
5
0
0
18
38
1
45
0
0
542
2
15
110
1
0
0
607
0
0
1
0
0
39
3
0
7
11
311
2
0
88
1
0
11
1
19
6
0
3
37
0
0
1
0
0
1
2
402
0
0
2
0
0
333
2
927
1925
1
0
0
0
0
6
0
0
0
0
642
0
20
0
0
0
0
55
0
1
18
11
0
3
6
7
38
8
4
26
1
76
1
0
3
32
0
0
1
0
15
0
0
0
58
0
0
346
18
5
0
2
0
1
0
36
0
0
111
0
187
26
11
10
6
0
0
0
0
3
12
0
1
115
2
1
74
0
0
286
382
135
7
1
0
2
3
5
0
8
14
2
88
3
0
0
16
4
0
20
0
0
186
53
0
0
3
12
1
3
414
7
23
3259
0
60
388
0
200
4
0
1
26
0
88
19
7
3
6
0
0
0
0
74
0
1177
0
12
0
0
3
1
281
0
3
0
61
5
0
0
2
0
0
963
11
42
0
15
4
107
0
0
0
0
0
1171
0
537
0
0
271
6111
0
0
0
2
0
11
0
6
1
135
68
0
529
3
78
0
4
3149
16
203
0
0
0
0
0
6
0
4
437
164
0
0
0
1
0
1
0
522
89
1192
0
0
1
0
0
199
154
3
2
0
0
2
347
13
0
0
0
0
1
0
0
0
0
66
77
49
0
0
0
4
1651
0
8
2
0
2
0
0
157
0
0
70
1
0
0
3059
0
0
0
32
0
3348
215
7
0
338
2
21
0
1
41
32
523
380
0
0
6
6
82
14
38
154
0
0
3
6
153
1
0
0
0
0
7
0
8
0
16
0
404
7
0
0
0
2
0
0
0
3
0
1239
0
3
0
0
0
151
0
218
16
6
0
0
0
0
1155
0
1
0
0
0
0
1
0
0
0
8761
1
133
0
1
38
0
0
5051
0
1032
1
0
0
13
0
123
5697
0
1
6487
1
0
10
107
0
2
89
1
1
77
1983
4
1
0
0
1180
0
11
115
1
68
903
0
4
0
57
0
930
57
0
10
1
101
32
7
2
3
0
1
4
92
0
0
1
42
0
0
0
0
0
842
991
0
12
7
0
0
0
0
202
0
0
0
0
6837
1
64
3
12
0
115
757
1
0
0
0
0
0
0
0
400
17
0
0
0
0
0
82
129
0
0
0
6042
404
0
0
0
1
0
197
9
0
0
123
1
18
1
1
15
4
30
2
7
21
0
14
0
2
2
14
200
5409
1660
0
0
0
0
0
4
4
36
10552
0
10
2
0
48
1080
211
4
0
2
12
0
0
0
261
60
170
1
0
0
7
0
0
0
1
0
59
0
11
7
9
0
14
0
6
0
0
2
158
2
0
29
7
0
25
10
0
7
45
0
3
0
11
31
283
0
0
0
0
0
1
64
0
0
0
5
8
74
0
19
0
0
0
0
3
0
45
1
0
40
5
0
2611
49
18
0
0
0
0
0
1
214
0
3351
1
8023
0
0
0
1
17
0
0
398
1865
3
9
12
18
0
0
4
0
60
0
48
0
1
4
0
3
0
0
0
419
5574
13
0
4
0
23
2
14
12
7
0
0
0
0
1
12
0
0
0
3
43
7
0
0
0
0
732
76
1
5
25
28
1
881
314
1
13
1
1
0
0
1
7
10840
0
0
771
0
3
0
50
0
1
502
3
0
243
53
86
108
0
0
4
87
38
0
2691
1
186
8
18
0
4
0
583
380
0
31
0
1
0
1
3
0
0
3759
0
0
0
0
0
335
0
12
4
2
9
45
0
108
1
0
9
0
0
0
7781
0
2325
4
2458
0
0
4
8
58
1
47
52
0
830
1
0
0
0
67
0
12
0
39
5760
1
0
1
2
0
1566
0
7825
24
0
13
0
0
101
1
1
46
892
1
2
0
0
29
0
181
0
58
10
4029
27
2
1
0
59
6
28
3
0
6
18998
0
2
0
50
7
0
0
0
7
0
2
2
0
0
0
40
2
5
3
248
1
0
0
295
1
12
9
7827
1956
9
0
0
0
0
169
2
123
0
1
1
9
1
0
1
1050
0
28
1
179
0
0
0
3
3
4
38
431
5
1510
0
8
120
0
1
0
0
0
0
0
0
1
0
23
429
0
4
2
0
20
8
4
0
0
0
1
24
1
19
0
0
714
7
0
1
316
2
0
0
2
0
26
0
0
198
10
0
0
0
869
0
27
197
9
0
10
77
775
2
25
94
23
0
65
0
6
0
0
1454
1208
12631
0
25
0
1
0
23
125
0
5
0
57
3
6
2
16
1
12
5
122
340
1537
0
0
2
0
9
364
0
225
2
0
6
0
1
15
33006
504
0
0
40
0
30
0
4851
0
1
5171
0
0
505
0
0
394
0
0
0
62
2
1178
2
2
529
0
1
21
0
0
0
1426
96
0
0
1
841
0
2
610
41
0
24
56
0
31
0
25
0
13
0
1
9
0
23
1
20
0
0
62
1
23
6
6
0
0
2
3098
0
4
21
0
2
1
0
0
2
0
0
3
0
210
6
191
5
0
0
11
1
1
76
0
897
4
0
1
4
4
0
0
158
1
0
0
15
3
1
45
0
0
6
9
5
9
0
0
3
1025
5069
221
18
2
0
57
71
5
1736
1
1
3644
82
2
0
43
85
0
135
35
0
167
0
0
9
58
8
77
0
0
0
0
0
0
1
3
475
0
16
12243
97
0
15
0
309
184
2
0
0
0
6953
39
2
1
0
0
67
2
72
10
0
3
76
2
0
5
1
0
306
33
0
4193
0
91
1
63
3
432
0
0
0
0
33
595
0
0
2
24
0
8
1
68
41
2
2
33
1
2
2
1
2624
0
2291
17
0
0
2
6
2
0
2
0
0
0
1140
0
0
14
1
10
0
0
0
1
0
0
1
1
0
414
1
0
2
156
0
15
19733
0
27
0
1
0
70
3
0
0
1
475
0
0
0
0
0
0
0
0
0
213
2
14
0
0
10
12
61
0
25
2
0
274
0
216
11
9
0
42
0
1
6
0
0
9437
4
123
0
0
0
23
1
0
40
17
0
9
0
0
1235
8
0
1
7
317
0
0
155
0
0
175
0
0
5
19
0
0
30
1162
92
25
15
2
4
1888
0
62
0
0
83
0
0
0
21
0
0
27
0
4621
0
0
33
0
10
0
8
0
0
1
0
10
0
3
0
0
2
129
0
21
0
2
1
0
3
23665
0
1
3
1
0
0
1498
18
701
2
3287
0
2
3
392
0
86
39
55
18
3
0
0
0
0
0
0
11
56
0
0
0
0
19
0
2696
0
4
58
2
0
2
0
0
0
22
104
1
20
15
0
0
1158
0
0
3
1
0
10
1
0
3
0
1
1
0
1
0
0
39
3
0
0
42
1
0
7
4
252
0
1
440
747
12
116
0
40
32
5
0
0
0
75
330
1
0
0
4
0
87
0
27
0
0
5
2
533
1
5
3851
0
0
5
0
0
0
0
3
0
32
0
0
8
2
4
1
473
1
0
3383
74
1
1
28
14
0
1
0
69
0
0
0
4
0
0
39
0
3
0
8
0
1805
0
0
0
0
0
0
0
223
0
496
0
23
1
4
7
5
720
75
8
0
126
8228
10
1
1129
0
2
2
2
0
219
2
1
193
1
0
2
1
0
0
0
139
0
1
1
0
25
240
0
2
29
0
0
0
0
0
1
1
1
1
0
2
6
0
0
2
0
3
0
127
1
30
0
2
5
627
28
6524
259
814
2289
16
1
297
3
0
0
1
0
0
0
0
45
37
634
1
13
0
7153
42
9
1
0
124
54
0
0
1
0
4
0
260
6
0
0
2
0
0
0
32
42
0
0
0
9
161
1
1612
1
0
626
0
3
15
9
0
1
14
0
0
10
11
8
2
9
2
2
13
1
1761
6
586
0
1
9
0
0
50070
0
8
66
1440
144
20
0
0
0
19
0
54
0
1
20
1
0
0
3
34
0
9
0
1
0
0
3
0
37
0
1
0
6
0
2
0
1
0
41
0
874
0
3
11
0
7
190
377
2
0
2
1
0
2
1012
2
0
4
0
16
60
1
18
45
216
7
0
0
3
0
24
16
0
0
21
0
0
0
0
0
242
2
8905
373
0
0
4
7
0
0
1
13
52
1
19
9
14
1
0
0
0
0
0
50
1
0
1
45
0
0
55
13
0
0
3
3
620
29
10
1
2
1
10
137
3
0
12
295
0
255
210
0
74
12
3
0
0
28
0
2
0
1
1
0
0
0
38
64
1
0
1
2
0
0
1
0
1
2
0
0
3
20
0
0
0
0
0
0
0
7
5
3
0
7
71
5
1
326
0
0
0
2524
216
7
0
3
0
0
0
0
13
50225
0
1
0
22
1880
0
11
41
0
1
0
1
1
1
9
0
0
0
0
13
1251
4
0
1
0
0
36
151
391
2
85
2
0
398
1
0
0
0
3
2
0
0
31
897
0
0
2
308
2
3
1
13
0
0
0
0
13
8
1
0
0
1904
28
0
7
5
0
1
0
849
2
0
0
14
0
11
1
19
0
0
0
0
226
0
23
0
0
1
0
0
0
1
0
38
0
54
1
11
5
0
16
4
8
1
2
0
0
869
0
0
0
26
4
38
263
1
64
1
0
0
0
44
874
16
1
0
0
0
2
2051
7
51
6
2
5
0
14
637
0
715
0
1
0
0
6512
0
2278
3671
0
0
0
0
0
0
7
0
1
1
214
2
1
34
0
0
0
0
0
2
74
0
2
0
216
0
12
14
0
17
41
0
4
0
2
1
28
0
2
0
1
832
22
99
0
59
0
1
0
6
16
1
115
0
0
0
0
1
9
0
6
0
1
8
0
0
0
0
0
0
1
0
44
1
1
6
0
5
1
0
68
0
718
2
39
0
24
9
0
0
0
19
2
3
9
2
3
0
0
45
0
57
138
0
18
0
304
3631
29
4
128
10
51
0
1
0
0
30
0
1343
1
0
31
0
0
0
1
3
0
0
0
1818
0
7
0
0
1128
78
0
123
4
12
1
0
2
7
0
34
0
0
15
0
718
0
9
0
6714
0
17
0
58
0
0
41
2
1
0
0
2
2
0
0
0
0
0
2
15
84
0
1
0
0
0
0
1
0
0
0
13
4447
49
0
0
1
13
13
362
0
0
0
0
3
1
10
10
0
1
66
2
462
0
0
2
0
0
382
11
6
0
1343
7
48
14
0
170
585
3
0
2
4
0
941
172
0
0
1
70
41
1
0
1
0
17
0
0
0
1
0
1
0
429
0
8
30
10225
26
0
0
621
2
15
0
4
9
145
1
0
38
6
54
889
47
0
0
0
8
11
1344
2
7
15
0
0
819
0
2
0
20
1
0
1
15
9
4
0
3324
2
0
0
0
23
0
15
0
0
3439
159
0
0
0
0
0
0
1
0
1
0
0
12
0
0
0
1
0
0
0
0
0
51
0
0
9
0
1
38
647
0
711
11
0
1
0
615
1
2
0
181
496
1
7
11
68
4
15
2
0
0
14520
745
0
1
0
44
7
0
15
1
799
1284
0
0
0
1
1
0
0
0
1
50
0
0
5
0
0
2
0
0
17
0
0
1
37
2
1
0
2
0
65
0
26
0
14
1
39
0
0
0
0
4
0
0
1
4
0
0
0
1
0
83
4
119
1676
0
1
14
0
0
48
0
19
124
5
0
0
51
0
0
0
50
1
0
1
16
0
0
152
0
0
13
0
0
0
0
0
1
565
0
0
33
2
1
30
0
0
0
1
31
3
1
0
0
10
16
5
0
327
0
0
5116
0
1
1
0
922
87
3
2
571
3
0
91
1
0
4
0
0
2862
0
0
89
0
0
269
0
0
0
2
0
0
5
28
0
13
0
0
0
0
0
227
10
0
0
65
0
0
2
4
0
317
3
21
0
398
9
7
4
19
0
0
3
0
0
20
0
3
3
6
1
4
24
336
16
0
0
1
40
1
0
178
0
0
701
540
0
0
0
2
2
0
0
0
327
120
4
0
0
2
1
0
0
0
0
153
53
117
2
3
1989
8
112
0
352
3730
6
657
128
0
105
0
14
0
0
2
3
374
0
4
7180
3
0
1
0
0
48
0
0
2185
27
0
1
1553
0
1
136
1
71
10
0
0
4
0
1
0
19
86
0
1780
117
7
305
0
3
0
11
0
6
64
0
4
0
2
18
1
1
97
2
0
1
0
0
0
0
0
0
0
0
0
15
12
60
14
75
2
206
2
183
337
1
0
10767
1
1
0
0
109
0
115
0
325
572
3
3
0
37
0
0
0
194
8
3
27
754
3
2
72
0
0
0
0
0
0
0
3
27
3
0
0
15
4
0
148
3
4
9
415
4
1412
0
330
4
0
61
7
9
25
7
413
3
942
619
286
363
1690
336
2578
0
24
46
6
3
77
12
1
0
0
124
1650
0
54
0
0
364
6
0
2115
2
3
32
4
284
3
0
0
0
1
0
0
0
12
1
3
3712
364
173
24
1
0
733
9
0
95
0
19
0
5
0
2
270
27
5
1
0
4
210
0
164
35
248
0
5
1
0
0
0
6912
0
5
0
2
9
102
3
0
20
17
0
0
0
2
0
0
525
1829
2
0
0
0
0
0
9
0
2
0
9
21
0
1
0
0
2
11
5
1
0
174
9
0
0
9
159
117
1
6
1093
2
15
44
0
0
0
3
0
0
2
567
1163
0
1
653
43
0
0
0
0
0
0
1
0
80
0
0
14
103
13297
0
187
0
19
0
90
0
0
6
0
1
0
0
14
2
0
0
0
2
0
365
23
0
0
178
263
9
1
8459
4
5
0
46
142
0
615
0
0
0
0
3
20
15
0
18
56
0
59
1
0
7
4
46
1
2
4
0
0
0
619
997
130
21
8
51
0
55
0
0
1571
0
0
1924
7
98
4
0
452
5
0
304
4
2317
0
0
0
78
1
0
639
358
1
3
3
0
0
1
0
8
26
7
3
0
0
577
1
0
119
0
164
371
215
2
409
220
161
200
0
1533
0
0
3
8
10
11
0
0
4
1
0
52
0
0
331
0
0
5
890
0
0
37
0
0
0
0
68
1
1
0
0
3
0
0
252
3
0
0
72
1
5
3510
1055
22
0
7
0
6
6
0
67
5
0
16
0
16
0
0
0
0
0
1939
9
0
32
0
0
0
4
0
0
0
3
0
0
1
34
0
191
1
0
0
0
0
0
1
1
34
0
465
0
0
2
2
366
1
0
0
1
0
15
6
3600
20
1
0
0
4
1
3
0
37
13
5
3
26
13
0
1
1
0
0
152
267
0
16
0
0
137
0
0
1
1
0
0
0
3576
0
9059
2727
2
0
2
1
0
0
0
6
0
1
0
0
34
13
0
1481
0
1
56
13
14
0
0
0
0
1
0
75
0
0
0
3
0
15
13
0
961
10
1
0
922
21
212
1
0
32
0
0
0
0
0
0
9
0
0
0
0
0
0
1
0
0
363
0
0
0
27
0
0
9
6
1
0
0
5
20
7
0
8
24030
1
38
44
829
0
0
0
9
5
5
315
0
0
0
2
32
84
2
6
4
0
13
103
0
330
171
0
1308
49
1
0
25
516
1
33
0
0
0
1
1
0
10
55
10
68
0
3
379
0
0
58
0
0
0
0
0
3
0
1
27
21
0
0
0
0
1
2
105
0
3
500
9
386
0
967
37
3
40
10
0
1
9
5
0
20
0
6
0
0
1
0
72
8
5
0
4
0
0
204
0
45
0
0
0
0
20
1
8
1
0
0
25
0
0
1
0
0
1
491
0
0
3
2
0
1183
32
0
300
2
86
4
17
0
4
46
17
118
0
0
27
0
7
39
1
20
58
0
0
6
69
159
0
0
0
0
0
12
27
0
0
0
0
811
6
0
0
0
0
1
1
0
0
0
414
23
0
0
71
7
0
0
0
240
0
88
3
1
0
2
8
118
11
0
104
4910
2
0
4
7
0
2
0
662
17
0
84
4
0
36
0
322
49
0
10
39
1
0
0
5
3
1
1
34
0
28
1
7
2
2
9
3
0
0
2
0
28
0
104
2
4
384
67
62
0
0
0
1
0
0
0
0
0
1187
0
720
0
0
0
11
0
0
25
0
0
0
0
1198
6
111
55
1
8
0
22
0
0
0
1
25
47
0
0
944
3
0
120
1
1
0
30
0
0
2
0
69
0
0
0
0
0
14
1
0
3
99
6
5
0
0
2
0
36
0
1
0
199
18
0
959
1
1
0
42
0
0
1
12080
3
0
67
8
57
2
4
4
0
0
0
307
4
0
0
0
0
2
0
0
1
0
2326
134
0
0
102
604
1539
0
2
1
0
0
0
2365
0
732
23
14
3
0
1
2
0
0
0
3
0
35
0
14
82
17
2
5
49
25
0
0
0
1302
41
0
3
0
0
3
1
0
9
9
1739
12
1
26
8
0
0
408
65
0
1
1521
7
1
0
0
188
0
56
1
1
2
0
1
1
0
0
2
0
0
13
0
120
0
0
0
0
54
1
0
0
0
0
5
0
1426
0
0
320
0
23
1
570
54
3
21
1
0
0
81
23
0
0
4
29
1
0
0
1
38
116
10
13
0
21
3
0
36
1
0
0
10
1
244
0
0
0
1
0
0
0
15
0
12
0
0
0
0
0
24
0
0
1
1888
2
0
0
45
2
52
4
7
3
0
3
0
0
205
39
405
0
1
0
1094
2
0
19
0
0
0
3
3
4
27
0
1
70
20
1
1
1001
0
54
0
2
0
0
1
0
10
3
0
0
228
0
0
0
0
22
0
0
14
2
1324
0
0
0
70
0
0
51
0
37
0
38
23
7
0
1
0
28
443
0
0
0
0
0
1
8
3
0
152
1
2
0
1
1
0
0
0
0
1
0
202
41
12
0
400
21
0
8
6
0
1
0
87
992
2
0
0
93
51
0
0
11
2
0
818
3
0
26
18
0
0
2
3
537
6
0
1020
32
10
435
337
6
0
0
0
7
0
0
188
14
7
2
2
0
5
6
15
0
19
1350
6
9
0
626
0
5
0
16
0
96
0
0
0
0
0
0
1
0
0
1
0
0
122
65
0
0
1
0
27
81
0
31
571
0
399
16
43
0
609
13
0
728
654
1
0
1
0
2
82
0
1
2
1179
51
0
0
0
0
5
401
1
4
3
41
0
0
0
0
0
13
1
15
0
0
0
0
1
1
392
0
0
0
830
11
0
0
117
0
16
0
0
0
8166
1
26475
0
0
0
0
8
183
424
4
1
7
154
0
1
2
8
0
0
0
2
1
6
38
5
21
0
1
0
0
1
107
33
2532
47
0
0
1
44
0
0
0
41
1
0
22
1441
0
0
0
992
1
0
40
0
18
0
10
19
122
0
0
1
17
1559
134
1
0
11
0
0
0
2
6
13
0
1
0
63
1
7
49
8
1
0
0
0
1
119
0
2
6
1
65
4
1
2
5
4
10
15
324
845
31
2
0
24
21
0
9
83
103
0
254
0
0
0
3
0
0
0
1
0
0
0
0
0
82
17
0
0
0
0
0
0
0
161
5
0
17
7
1
4
28
1266
0
20
1
9
232
0
29
1
0
286
1966
1
187
52
4
0
0
1
0
0
0
0
4
0
0
202
0
1
0
0
194
0
1
748
0
17
1
0
0
292
0
0
26
0
0
0
2960
0
0
0
1
0
0
46
0
0
1
0
1
0
27
0
0
9
1
1
0
0
0
0
94
1
723
0
1
0
454
0
0
1
2014
0
1
0
9
0
0
20
0
7
11539
2
0
0
1
0
0
2
0
0
1
0
0
2
0
0
0
2041
0
0
1
0
0
0
238
0
0
1
80
1
10
0
0
5
0
909
453
510
3
0
0
1480
0
0
3991
0
2
1
197
104
0
0
992
41
0
1032
0
0
0
25
0
0
0
0
0
2
0
0
0
0
5
0
0
1
0
0
0
0
0
0
0
1
0
0
4015
0
1
11
0
50
17
0
55
22
856
0
20
0
0
22
0
1
5
0
716
18
54
0
1
2
0
3
4
0
24
28
0
1
0
0
1
132
0
0
0
1
10
0
0
4
66
928
3
160
51
1
15
0
1
424
0
0
0
0
0
2
14
0
7
0
0
1
0
0
1
2
7
0
13
0
0
0
0
11
0
1
56
0
0
1
0
0
0
1
0
4
278
1
0
1
2
4
0
10
104
3677
59
43
14
1
1
105
0
0
0
14
0
2
0
0
0
0
0
483
10
0
0
419
0
145
0
0
17374
0
0
0
0
0
28
61
1
0
1
1
705
12
190
3
4
1332
1
67
3875
1
6
0
60
5
1
0
2901
0
0
2
461
0
381
1
4
6
1
1
6
25
0
0
0
2
562
4
0
0
5
0
3
0
0
0
0
0
149
23
371
187
19
0
3
0
0
1
0
0
3
160
30
0
0
2
4061
0
0
104
1
96
33
78
0
0
0
0
2825
1
4
2
1
13
36
5
32
0
1
1
0
0
1
12376
1142
0
1
0
5
10
118
12
160
1121
392
0
0
0
8035
1
549
0
0
726
0
79
63
0
1424
0
0
0
0
0
0
7
4
0
44
18
0
0
162
29
0
1
2
0
10
0
7
1
2
0
3
698
0
6
0
0
1
1
0
0
1
0
27
42
434
1
21
89
0
943
14
0
3
0
0
0
0
0
10
0
271
24
0
0
0
8
32
0
0
0
0
0
1
0
1
0
0
56
0
2
642
0
0
5
18
0
132
0
1
0
0
1
0
0
8
0
0
3
1
20
2
4
4
0
18
0
15
0
0
17
0
0
3
0
43
9
56
4
2
0
0
0
0
1337
0
0
1
1
0
5
1
0
594
0
0
17
0
0
7
11
0
0
14
3
1
138
0
5
0
259
0
0
1
5
20
1
2
23
8
695
0
0
6
1
1
2911
0
2
0
0
7
14
1
10
0
2
537
3
0
2256
6
1
1
0
0
0
4
19
78
0
0
0
0
0
21
0
17
0
0
0
0
0
0
0
108
1716
348
1005
26
15
1
0
163
2
0
0
0
0
0
1
14
9
2
705
2
0
1
0
8
2
39
3
1
0
0
30
0
3
0
0
12549
537
544
610
0
58
14
0
0
0
0
3
0
0
55
8132
0
1
0
0
5
8
8
0
0
1
39
51
0
805
172
10
13
0
8
3
999
8
7
0
3369
1
50
0
138
1
0
0
3
0
4
2
25
152
341
0
29
10
0
157
61
0
0
0
743
1
0
959
0
0
0
0
0
0
0
0
0
0
146
0
0
0
0
0
10
58
0
1
0
138
0
0
2
0
0
0
223
45
0
0
1
1207
0
0
17
0
0
2
0
0
106
0
78
88
2
61
6
214
0
0
475
92
9
2
23
36
1931
3701
12
14
0
1
114
24
0
68
0
0
0
370
0
0
0
3
2
0
2
0
0
0
228
0
29
11
3
0
0
5
0
1
830
0
0
1
68
176
0
0
0
103
6
0
0
0
0
1
4
14
10
27
2
0
0
607
0
1142
1
55
0
5
7096
1
1
0
11
2270
0
0
0
0
1
1
0
26
0
504
3
1
0
182
7
0
0
1
15
0
68
0
0
0
0
0
131
1
0
191
0
283
1408
0
0
20
32
0
1
1
0
0
0
0
0
3
0
0
8
1
0
17
1
2
1
0
589
0
1437
4
4123
11
0
20
306
0
0
2
0
0
4
4
0
580
0
0
0
12
0
0
1
0
3
1
60
10
48
0
100
1
0
3286
0
0
1
59
5
0
0
10
2
705
0
1
228
66
0
4
0
1
31
1
12
9
2
410
1
1
58
0
0
21
7
1
2311
104
1
1
0
1
0
0
0
0
0
0
0
0
121
1861
0
0
0
0
2
0
2
44
133
22
0
0
0
0
1
0
0
1
1
0
132
2
0
23
67
0
0
0
39
389
14
0
28
0
0
1398
0
7
0
0
0
0
0
0
1
7
0
12
39
0
17332
4
0
0
0
0
222
1
29
0
0
1
1
2
0
0
0
0
204
0
26
2
0
1
11
2
1
1055
40
0
0
1
0
0
0
2
0
30
2
0
0
2
0
21
1
0
0
2
726
0
287
0
0
0
1
0
0
1
0
102
0
1
13
70
105
0
0
43
1
0
3
0
0
0
0
0
326
0
0
0
0
0
27
0
48
0
2
0
1
87
1
4
0
2109
0
23
0
0
4
0
0
8
6
0
0
370
0
4
1
10
0
0
0
45
36
0
151
0
0
42
1
1
0
0
1
34
0
0
12
2
0
0
1
4
0
255
0
1
0
946
2
0
680
0
0
0
407
0
761
36
0
22
7
0
2
0
1
76
0
46
1
29
0
2102
62
0
0
0
0
0
6
0
3
34
16
2
40
3
0
1
178
23
2
0
0
0
14
34
0
0
4
11
0
0
0
0
0
0
0
0
11
0
0
0
3261
0
0
100
0
0
0
0
17
6
1012
276
17
2
20
0
2
4
0
122
56
3
1
7332
71
2
593
1
1
0
1
0
0
0
2
1
0
0
0
1
0
1
0
50
2
1019
1
38
896
1
2
0
1
42
0
5
0
345
0
26
17
0
0
0
2
0
134
0
0
0
324
0
17
3
0
31
3
0
2
0
3
24
0
0
0
1
0
16
0
0
1
0
0
0
2
111
0
0
108
0
0
7
1
5
0
2
0
0
0
1917
0
1
3
19
672
1
2
0
20
1
193
7
13
128
261
5239
1
0
1
4
94
141
0
0
37
0
172
0
0
0
0
2
0
40
0
45
20
0
0
15
165
3
0
1
0
1
0
0
2133
0
2
0
0
0
2
0
0
7
0
1
2
88
0
1
41
4
0
0
47
2
3
1
0
0
2
0
20
76
8
2
0
101
1
0
0
5958
2763
0
25315
0
0
887
0
102
1
2
12
0
0
15
1
0
0
51
0
0
0
0
61
0
0
0
3
9
83
31
0
0
0
0
12
0
2
22
0
8
172
0
3
0
45
67
0
6
0
3
0
2
0
343
1
2
0
959
0
3205
1
0
0
0
3
0
3
0
0
1
522
50
1
0
2
0
1155
1
2
1542
0
0
0
1836
0
1
0
151
1
0
2
0
2
1
33
433
4
1
79
1
0
0
124
1
0
0
45
0
22
29
10
4354
0
0
0
20
0
0
1
591
0
35
111
0
0
0
0
14
193
417
7367
0
48
153
2
0
0
10
15
7
0
10067
155
1
0
4
1915
2
1
0
238
0
0
0
0
2
0
724
21
4
1
0
0
1
2
1167
77
296
9
12274
1
20
9
2
107
140
2
0
1
167
0
7
0
3
0
4
0
5336
0
0
0
5
0
1
6
0
17
0
0
1
4
0
0
0
0
0
2
0
29
297
2
0
0
0
3
0
371
0
3
3
0
31
0
11
0
1050
17
0
62
13
372
31
0
0
52
1
1
15
22
1
9
91
0
0
172
0
0
0
21
0
0
563
80
0
1
0
0
83
0
0
0
2542
1
12
11
27
3
42
2
13
0
61
33
250
3
5
2
16
4
0
2
0
0
0
3
3
0
69
2
1
0
0
6
107
126
196
18
971
10
0
9
4
4
22
0
58
1
1
1
0
0
0
0
0
0
0
247
0
0
0
312
0
0
7
0
1
0
43
4
0
3
7
18
3
5
219
0
6
4
0
19
17
0
3
0
0
1
1
1
1681
52
22
0
2
821
0
0
4
10
0
26
0
171
58
0
0
1
16
0
16
851
68
1
0
0
1
1
1
53
16335
53
0
0
8
0
50
5
0
589
59
13
3
0
1
0
0
62
2
0
0
0
0
1
1
11
62
8
0
0
0
0
0
0
0
0
0
66
709
297
33
15
0
36
0
0
1
0
0
1
0
0
1393
3
1
0
1
1
0
0
0
0
0
0
24
0
1
0
12
41
1
0
0
13
0
13
4
0
2
0
0
67
0
18
71
857
0
2631
0
16
19
20506
0
0
1
0
5
36
77
1
0
0
0
0
1960
1
51
1
161
0
0
35
24
33
0
2
0
1
0
0
2
0
0
0
0
0
11
1
3
0
2
0
0
111
0
106
0
0
50
394
1
1
2
44
18
363
0
15531
18
18
3
0
1428
29
155
0
2
7
0
26
0
0
9
0
0
0
0
155
0
20
0
128
0
0
6
0
0
0
0
0
81
308
0
1
0
0
0
0
7793
0
1
0
20
45
1
0
0
2
0
0
0
7
0
74
1
0
62
7
0
3
74
39
377
0
1
22
0
0
1
12
2
0
2157
2
3
1
0
0
0
0
1
0
10
1
0
0
0
0
0
14
0
0
0
0
43
0
0
5
0
0
0
0
89
24
11
0
330
0
82
0
0
0
0
0
0
327
1
3
0
8
0
146
0
0
2
71
21
9
1
109
8
0
2
2
0
0
10
81
0
1
0
3
1
12
0
7
0
0
0
12
45
213
1
153
0
0
3
49
412
0
1
0
9
0
0
0
0
0
0
0
3
1111
0
0
0
0
2
375
0
3
3359
1367
0
2
0
11
141
19
1
3
0
425
0
0
4
1
0
23
10
0
3
208
0
3
0
15
0
0
30
475
0
0
9
4
0
12
107
0
1
0
5
5
0
2
0
1
0
0
0
0
1
3
0
0
2
0
0
0
21
0
0
3
0
0
12
0
18
0
0
1
0
3
0
15
0
3
2410
1
0
0
0
1
0
1
0
7
0
95
0
0
0
4
2
0
0
11
0
124
2
0
17
5
0
0
29
1067
0
0
0
20
0
0
1
0
0
281
0
0
0
1
0
9
0
0
0
0
0
0
0
1
654
3
14
446
50
18
1556
0
2
0
1345
1
0
0
1
0
113
1
2
6
27
12
13
0
0
8
0
0
71
0
878
8
0
14685
0
4
56
0
0
0
0
0
1
1
0
0
0
0
0
0
1
0
0
1
3
0
1
0
0
0
0
8
5
1353
2
21
2
0
21
0
0
0
0
0
74
1
0
0
0
0
29
1
2
0
1085
26
35
2
1
357
2
49
6
188
4
0
0
79
0
7
2127
0
25
3
40
0
0
1
0
0
0
2
1261
206
0
0
0
0
0
1180
0
0
0
0
0
5
49
0
0
2
1
126
0
603
53
23
0
5
3
11
1
0
0
13
36
0
60
2
2
4
3
0
0
12
3
70
1
5372
181
0
6
0
8
0
60
0
3
7
179
9
0
0
0
0
1222
4849
0
0
1
0
0
282
0
96
0
0
0
0
0
24
52
2133
0
5
2
0
400
2
799
0
37
13
0
0
1080
0
0
240
1
5
0
9
0
45
67
5
24
1
2
0
37
1
2
0
0
9
177
4
1
0
1
518
0
1
368
0
0
1
12
0
0
0
0
0
22
6
0
1
0
0
0
0
0
0
0
0
0
0
73
0
0
3
1
137
2
16
3333
0
8
0
0
0
0
0
0
0
24
0
0
19
22
1
0
30
0
199
0
1
1
8534
3
0
5
4
3
22
29
8
11
0
0
366
0
477
54
22
0
0
0
1
0
4
0
39
0
0
145
0
40
0
0
62
0
0
10
0
0
93
0
0
0
1
0
12
2
438
0
6429
0
0
260
1
2
0
3
6
3
12
0
5
18
316
14
5
0
0
4
26
0
55
4
0
25
1
0
0
0
0
0
3
0
18
0
0
0
0
0
1987
0
0
3
4
1
10
0
0
89
76
1
3
0
329
0
0
0
162
1580
18
30
8
0
1
2
133
0
3
107
0
0
22
6
3
0
75
0
2
17
6806
4
46
2
0
505
885
33
2
95
0
0
4
0
0
0
149
0
0
0
0
15
1
0
1
0
89
0
3
0
0
0
10
2
0
1651
1
0
10
0
3
0
1
0
81
2
18507
0
112
27
20
1
0
11
1
0
0
2
1
7
36
0
16
3
0
2
7
5560
2
0
0
0
5
0
9
0
0
61
0
0
0
0
0
13
0
43
0
6
9
0
0
0
1
4
18
7
82
0
136
29
0
2
92
0
3
8
0
2
3
22
2
0
1112
0
26
1
0
2
0
0
0
0
82
0
1374
114
0
3
0
7
0
2
124
113
69
9
0
4
0
0
0
7
0
0
2
0
407
0
0
2
5
521
11
0
0
0
0
9
1648
12
0
11
0
1
0
264
288
0
2
0
0
41
1
0
3825
0
0
0
80
107
45
0
1
196
0
675
0
12
23
13
0
112
0
1754
3
6
0
2
156
0
0
3
0
0
0
73
307
14
1
0
0
0
0
2465
0
31
16
0
41
0
0
3
0
0
0
4
2
0
130
1
41
7
0
0
0
0
0
0
2
0
0
0
0
49
6
0
196
0
0
1
0
5
0
35
3
1
663
0
0
0
0
2
10
87
0
0
0
14
0
79
1
0
4
11
0
1
0
0
0
0
12
0
79
0
6
0
6
175
0
0
937
3
367
5
0
0
0
0
0
0
0
0
2
1
0
0
0
0
14
0
5
0
13
1
290
0
174
0
0
52
0
10
0
19
2
1
0
1
6
1
0
0
0
1
0
1
0
0
0
33
0
0
0
0
1
0
0
0
1
6
45
0
5
66
0
3
2
0
6
1
5
272
0
73
0
0
7
2
0
0
1
0
74
26
1
1
0
6
0
0
276
3
0
0
2
3039
2
1
1
165
0
2
292
0
1
40
0
0
35101
0
2
0
0
2
0
0
0
956
3
0
865
0
2
66
0
7
0
1
0
0
0
11
2
19
1
4
17
0
0
0
0
0
1
0
0
3
1
23
7
3
9
4
148
0
0
1
3
7
1
8
0
443
118
3
2
0
0
0
7
0
77
0
8
0
0
0
2
0
1042
37
0
15
0
0
0
0
0
5
2
0
0
243
0
333
2
30
26
57
2
1
0
0
0
1
246
65
0
0
0
1
0
1505
4
0
0
0
0
13
0
2
0
0
1
11
5061
311
0
0
0
232
0
0
90
0
0
0
697
0
1
0
0
7900
1
0
0
708
0
0
0
0
9
59
0
6
0
0
0
0
0
214
0
1
0
1
4
0
0
0
0
0
0
0
1
0
0
38
0
7
0
2000
8
505
1
16
0
0
0
0
0
0
0
1
16
1751
14
2
2
0
0
0
0
0
0
198
0
231
0
2
1828
59
24
0
0
0
0
0
2
2
1
29
0
110
2
0
2
159
12
7
127
0
0
1
0
0
0
0
0
0
28
30
0
0
0
0
0
0
37
0
3
1
25
18
0
0
13
0
0
0
0
0
0
0
5
0
15893
0
0
0
0
1
0
1
105
0
1734
2371
0
0
62
264
6
3
0
0
2
10
0
0
0
0
0
25
0
12
0
5
2057
101
1
0
0
0
0
1476
1
0
2
0
1
4
505
0
1
0
0
0
0
3
0
8
1
645
31
0
0
0
24446
0
3
7
0
18
0
1
192
0
4
385
0
22
0
13
1
0
0
0
2
0
0
4
396
14
0
167
345
0
44
4
0
0
133
0
1
0
0
0
0
3
593
1
0
2
0
163
0
61
1
1202
0
0
4100
98
0
80
290
30
0
1
0
26
0
0
1
88
0
0
372
25
0
0
0
0
1084
1062
0
0
92
2893
667
3
0
2
24
19
0
1412
0
650
321
0
0
1
2
0
0
7
2
1
0
1035
4
14
3
0
1
380
0
4
4
216
141
1182
0
66
46
15
0
0
1
0
0
0
0
27
1
0
1
61
1
0
13
0
0
1
0
1
405
2
0
0
66
8
43
1
0
0
1
0
103
61
1
17
1
1
1
0
22
3
0
0
0
0
4
516
0
2
168
649
0
2
52
31
1
0
4
0
1
1
174
994
111
5
621
4
0
0
0
3020
0
2751
0
0
1
0
1
1497
2
0
0
0
405
0
54
0
2
12
9350
1
0
0
0
0
75
1
80
0
0
1
7
47
2
0
0
27
25
3
0
0
0
15
0
0
0
8
255
5
0
29
0
2582
5
0
0
6
17
1
0
0
449
0
0
3
21509
0
0
3
0
0
0
1
0
711
0
0
0
0
0
0
0
161
1
208
1
2
0
4
29
0
60
6
0
0
3
0
29
0
0
0
0
7
1
0
0
488
0
0
2
0
0
43
0
0
0
187
5
0
0
1
33
0
0
0
0
91
0
2
1
0
750
34
0
0
0
13
0
44
0
0
0
0
0
0
0
0
894
0
4
0
165
0
11
0
6
0
0
2
0
0
0
0
0
8
240
1
0
0
0
30
251
1
1
0
9
18
1
3
171
3
2
12
0
5
0
12
361
0
1
0
0
0
1
0
0
0
2832
0
0
6
230
62
0
0
0
43
175
0
0
94
0
0
0
14
8
0
3
24
20511
0
3
49
0
9
0
0
0
0
162
0
0
819
19
0
236
0
30
0
0
19
1
123
0
45
57
1
3
0
1528
0
0
0
282
0
1
0
1
0
0
6
23
0
11
29
11
0
0
0
0
92
89
0
4
0
9
0
0
3
2
0
1
0
33
0
0
1
9
0
0
0
171
17
0
0
1
102
32
0
1
0
1
6
231
7
51
596
275
0
0
13
55
2
8
372
426
5
1970
0
0
0
0
0
0
0
4
2
0
0
7
0
1
63
0
0
4
0
0
0
11
0
0
3848
12
3
0
27
0
0
1
1
1
0
0
0
0
0
0
53
0
0
0
1
376
0
0
0
0
2
0
0
225
0
0
0
376
39
7
5
0
0
1
0
26
0
180
1
0
0
1
0
0
1
1
4309
14
0
0
161
0
0
1
5
0
0
0
0
4
0
3572
0
328
2
0
0
0
1
0
0
0
36
0
0
0
1
0
5460
11
0
0
3276
2991
0
13
0
0
0
0
0
1
0
31
996
0
44
0
0
96
1
0
2
0
0
0
1
0
0
363
0
0
0
0
0
0
0
0
9041
1
1
6
1
1
0
2448
0
37
361
96
8
0
0
1
0
173
2
0
2
60
0
0
0
989
4
9
190
43
2
0
0
16
5234
531
20
2
2
3
337
255
0
17
5
0
0
0
37
0
1
0
3
0
3
1
24
0
32
10169
0
0
0
99
52
0
12
0
8
3
3
0
3
46
4
0
0
0
1
0
0
312
0
0
0
0
11856
0
3
1
4
0
8
13
5
3
23010
595
46
20
45
26
150
2
0
1
3
2
0
0
0
1
0
0
0
0
0
0
7
1
22
0
5
80
3
0
0
0
0
541
0
265
1
0
0
0
491
4761
1
572
0
0
214
0
0
8
0
0
2
0
0
0
4
0
0
0
2
0
5
10
1
430
0
1147
0
0
29
23
2
651
0
2
0
0
0
0
0
28
0
244
2749
0
0
24
24820
0
0
2
689
0
3
195
22
0
2
3436
209
0
2
117
4
0
30
0
1
21
1
2783
0
0
0
0
181
0
0
0
0
1
1
1
2
104
19
0
2297
247
9773
0
0
2034
1
3
2
7
0
0
1
0
0
0
75
0
0
4296
4
0
694
0
41
0
5
0
0
0
0
0
359
0
137
0
0
193
0
0
0
10379
131
0
2
1
7741
7
0
0
0
0
2
0
0
3
4
3242
0
0
0
0
1
3
0
3
0
3
0
84
0
29
2556
70
0
3
0
5
0
0
1
2
15
0
91
1
36
2
5
1572
10
0
85
0
0
0
3
1429
10
1
0
0
3365
0
5
1651
40
0
0
0
82
6
0
0
0
0
341
1
675
0
1
0
16837
0
2
6
1
19
0
1
0
0
85
0
0
2
1
1
158
78
0
0
0
0
0
0
0
0
66
320
3
2
4
17736
0
0
0
34
0
0
177
119
0
1
4
0
92
0
0
0
0
0
66
0
4
0
0
0
0
2
1
2
217
0
2
1
43
47
0
0
10
0
0
1
0
4070
458
0
0
0
0
229
0
0
63
0
2
0
0
0
1
0
8
0
29
0
77
0
0
5
16
0
0
0
6
0
0
1
1
0
0
15
421
344
0
1
3
51
0
32
0
0
0
0
0
22
1
92
9
0
16
0
18
205
0
3
0
7
0
0
1
5
2
4
6
4
59
0
0
0
0
4
0
0
0
0
3
0
1
0
0
0
0
5
1
0
0
1
561
0
0
0
0
0
47
953
0
10
0
0
0
1
20
0
0
0
0
0
7
3
2
824
7
0
4
483
545
0
0
0
9
0
79
273
0
2
14
0
0
0
1
0
0
1
5
0
960
0
0
0
0
291
610
0
0
0
0
0
2
2
0
0
0
0
20
345
1
0
1
0
2
1
10
1
0
2
3
1
0
56
0
0
0
1
0
0
1
0
0
0
416
7
0
3
0
0
62
0
3
0
1
6
269
1338
0
16
0
0
0
0
0
0
194
0
0
0
0
0
6
1
0
0
16
10
0
1
0
0
1
1
347
12
58
415
0
0
177
0
2
1
1700
0
0
0
1
0
424
9
15
1
9
0
46
0
0
60
0
11
984
60
0
0
0
2
5
108
28
1
1
3
0
0
0
0
0
12
49
0
3
0
45
0
43
273
0
0
1689
0
0
0
0
0
44
0
2
74
5
0
1
2
19354
101
130
0
13
0
1
0
0
0
2
6
22
0
0
37
0
3
1
0
0
39
0
9
1634
2325
408
32
21
0
0
203
20
0
0
4
0
0
0
243
0
32
184
0
0
0
18
0
2152
0
2
0
0
120
7681
0
3
0
0
0
6
15
0
356
777
0
0
18
0
29
0
15
619
1
16
152
0
89
0
41
6
10
0
0
0
1
0
3
96
53
419
207
0
0
0
8
0
0
0
0
0
0
0
0
0
0
0
0
0
15
3084
1288
0
0
1
0
0
0
1
0
0
0
0
1
1
0
11
211
0
0
17
20
44
38
1
111
1
0
0
18
0
1
0
0
1
0
0
0
2
8
0
0
0
1
0
0
43
1
1
7
1
0
0
0
0
0
0
5
0
0
1
0
7
485
3
1572
36
0
1792
0
0
0
485
0
0
11
1
169
0
0
125
1450
7
0
0
17
4392
0
8
4
0
0
0
49
1
55
0
0
44
0
3
5
0
2
148
78
1
1
1143
92
0
0
176
197
10
5
11
0
0
0
15
218
0
0
1
119
0
475
395
390
0
0
0
0
0
0
17
397
38
1
1
3
10
0
0
4
289
3
2
283
9
7
0
0
0
0
0
0
2
68
24
8
1
0
0
0
0
5179
0
1
18
0
0
153
1
18
0
1658
8
13
0
0
3
185
2
0
161
0
0
639
25
34
0
5
0
0
0
0
7
3
1
0
0
7
0
5
0
0
1
3
0
0
360
5
6
3470
0
0
0
0
3
0
2
1
60
2
0
73
3
0
0
0
7
25
1
0
77
0
2
0
0
17
0
72
0
0
0
0
0
1
0
0
0
19
1
0
703
832
0
95
3
0
0
0
112
0
0
1
0
4
1
160
0
0
12
0
0
6
22
0
0
0
10
0
498
0
4
2376
11
0
0
0
1
1
13
0
18
2
0
4
0
0
0
1
8
6
0
633
0
0
0
50
1
0
0
7
0
17
39
0
0
14
1
19
0
0
0
0
18
122
1
0
0
3
420
0
1
3
0
1
0
0
0
0
1365
0
0
15
0
110
0
0
4
0
1
189
0
0
30
0
1
0
82
2
2
1
76
1
1
2
1
0
11
0
0
387
0
0
0
0
414
75
1
0
0
0
18
1
0
21
0
2
0
159
6
2
0
2
128
91
0
26
0
2
0
1
91
3
0
0
0
0
31
0
0
1
0
0
423
4
24
0
0
79
0
0
0
0
237
29
862
0
0
3
8
1918
369
0
0
0
0
0
0
1
305
4
3
67
0
1615
0
0
0
0
0
2
994
0
0
1
399
0
1
0
648
18
0
0
0
0
0
0
0
18
0
0
4
0
1
0
0
5
400
0
1
8
1
4
5
26
0
78
161
9
0
0
0
71
1
0
9
0
0
5
0
0
0
0
0
1
890
121
0
0
0
2
0
0
0
0
0
0
0
0
648
0
0
15
6
0
658
17
2
0
16
0
2
0
0
0
1
13
6
277
6
14
8
76
58
13
0
0
113
1
0
2595
0
0
0
1
0
0
0
0
0
1256
0
0
0
0
0
0
11
0
2
1
0
0
0
1
17
0
0
12
51
0
122
0
4
0
8
3
33
68
401
0
85
7
9
0
87
0
1
0
0
0
1
1
3
0
0
1
3
2
2
1791
38
0
1
0
1
0
0
0
10
215
206
114
216
0
1
0
7
0
0
1
0
2
90
0
0
33
0
4
0
3
0
0
5
0
0
6
7
0
18
0
1
564
9
542
110
1
1
0
0
211
1
0
1
3
29
20
0
3
72
1
0
39
457
0
0
0
0
0
0
0
30862
50
480
2
0
0
10
0
0
0
0
0
0
1
0
0
29
1
0
49
0
0
0
0
0
48
1
0
0
0
141
224
0
0
0
6
0
782
0
3
0
7
0
0
0
0
0
0
610
385
96
0
275
11
0
16
0
0
689
535
1
4031
0
719
8
2007
0
1251
4
3
0
0
0
0
0
0
0
875
0
219
2
1
0
11
0
28
0
0
0
6
2
0
3
0
4
13
6
100
0
0
21
21
6
0
1
9
0
0
124
0
1
166
5
1
0
4
1
0
0
0
42
0
13
0
0
3
0
3
106
266
40
4
0
332
7
0
0
0
0
0
54
19
0
10956
0
1068
0
0
1
12
101
0
0
40
0
0
0
0
1
0
5
0
1
4
1000
0
1
1
0
520
1
122
0
24
0
10
2026
0
3
0
730
5
0
0
39
882
0
7
12
3
4
3
0
0
5
8
5
249
0
0
0
0
0
1
1
0
251
2
1
12
0
0
0
463
0
0
8
81
3
0
1
1
0
0
22
0
0
0
1
0
1
8
1
8
246
0
5640
4039
66
503
0
3
0
2127
3
0
26
0
0
1
0
202
0
67
63
12
0
18
73
0
0
21
183
80
0
0
0
0
0
1
0
3
18
0
16
0
0
1
0
0
2
0
1215
0
2
31
2
0
0
377
361
3
2
0
3
2
67
0
0
0
27
0
0
0
0
5
1
1526
2
13
1
0
19
67
0
0
0
684
0
0
0
1012
1
407
61
0
546
10
0
0
0
0
0
8
33
0
0
4
34
0
0
0
0
0
6
0
1114
168
0
7
166
0
51
14
1
49
2
0
1
4520
0
0
0
0
160
1
2
0
1
0
6
123
0
6
0
71
24
0
0
0
0
0
3
0
19
0
21
5
21
0
4
855
33
0
0
0
0
0
19416
434
0
0
163
0
0
0
0
0
204
0
0
0
117
1
0
0
0
1
2
2
0
0
0
5
8
5
1
0
0
3
0
2
2
0
1
5
75
0
0
0
993
0
4
1
2
180
41
0
1
54
5
439
18
0
0
21
3
1
398
0
20
65
1
6754
0
0
5
0
0
194
0
19
0
0
8
0
394
0
0
0
13
1
1
39
0
0
0
2
0
0
0
0
0
7340
0
6253
0
0
0
0
992
0
0
260
0
7
1
2
3
0
0
0
0
0
3
112
33
6
56
0
143
0
0
0
314
1
0
0
0
0
0
3332
1040
3119
0
0
0
0
4
64
0
2
282
67
4
1
0
0
106
0
0
1
0
0
0
0
0
8
0
199
7
0
2
2280
0
7
0
0
18
0
61
1
486
7
339
0
6
3
4
7
0
1
0
1
526
0
627
0
0
0
0
0
0
0
131
171
426
7
601
0
0
0
2
28
0
7
423
2
6
0
0
0
50
1
0
15
11
0
295
27
0
0
0
0
3407
0
18
0
41
1020
1
0
1
10
8
0
1141
14
0
0
853
352
1
145
4
9
0
1
2
1
26
0
6
4
0
4299
1545
87
5
78
0
321
66
72
0
0
0
0
2
0
4
0
0
38
1
0
294
2
0
3
2661
0
0
0
1
5
1
23
0
0
0
11
0
18
19
3
2
48
1
1
0
15
0
0
1579
0
0
0
0
0
0
0
0
0
0
0
1
0
1
6
6
70
0
0
2
3
0
0
0
1
2148
0
14
2
42
0
8
4
0
0
4
0
0
19
68
1281
0
0
0
4758
0
112
2
91
19
86
0
0
15
0
108
0
152
1
0
20
0
0
20
0
20
0
0
0
4
9
0
0
3
0
0
0
0
0
44
5
3
0
0
4
6026
17
0
2
6
21
0
0
1
0
581
0
35
8
5
70
0
0
0
0
0
1
0
0
2
64
0
0
37
2
17
0
0
113
0
1
7
0
110
0
0
4656
1
0
7
3
0
24
13
0
0
0
0
0
0
14
1
1
0
214
0
3
4
16
4
2
0
0
22
0
7
0
0
145
8
1
14
237
0
0
1
14
31
476
0
0
0
1
0
1
543
54
1
34
0
0
4
453
177
0
0
43
31
147
0
0
1
3
1
109
2
0
0
0
549
0
0
0
2
0
0
184
0
0
0
6
159
10
0
0
0
61
1
0
0
15
14
0
4
110
73
0
410
0
62
13
17
0
0
0
1
28
2
6
41
0
7
42
0
0
0
0
0
372
3
53
1
0
691
0
0
1
0
10
0
8
0
0
0
920
0
0
2
1
2
101
0
0
0
0
2
2
7
0
0
0
50
2
0
0
1
0
0
88
0
0
656
46
5
26
1
0
0
5
2
8
1126
1
0
1
1
14
8
3
0
376
0
0
0
1
0
0
0
0
43
44
0
0
0
0
0
0
287
0
0
0
46
121
0
782
3
0
0
0
0
32
0
0
0
0
2
0
0
0
0
1
23
3
0
6
1156
0
38
0
21
1
0
0
1
21
0
43
35
67
6
0
3
0
41
46
189
0
0
0
48
2210
0
0
1
0
22
0
18
81
2
0
0
0
0
0
9
0
0
5
0
0
0
0
19
0
11
0
51
52
77
0
0
253
1
2
0
19
0
0
0
6
2
0
37
0
0
0
0
830
0
10
0
12
0
15
0
48
17
0
0
6
0
0
7
1
1817
149
225
0
30
747
37
0
0
0
14
0
0
0
0
0
405
10
0
0
113
0
0
0
0
0
5
0
0
0
42
0
5909
69
0
15
0
152
0
0
1
1
46
0
0
0
0
704
0
0
0
178
0
0
0
0
0
0
1
32
3
178
0
70
0
0
0
1
0
3
0
196
56
0
0
0
0
0
0
0
0
0
0
0
0
1
235
0
7
0
0
7
0
0
3
45
0
0
2
0
1
0
20285
2
0
1
0
0
0
0
0
15
0
0
1
1
10
20
6
1
1
0
526
0
1
0
147
0
0
190
4
0
0
18
0
28
0
0
6
0
0
0
0
0
30
0
0
0
0
0
0
0
0
0
0
0
2
0
0
9
4
0
0
0
0
18
3
1
0
1
0
0
0
0
0
3519
0
0
32
2
1
0
0
278
776
27
14
1
0
5
32
19
0
1282
0
0
0
4
0
0
4
1
8
0
0
0
3
0
0
1
0
21
0
0
0
0
2
23
0
22
9
1
32
0
27
1
1
0
254
0
0
10
24
0
1
0
0
0
0
3926
0
17
9
3
0
0
17
4
1202
18
11
32
28
0
0
0
56
3
0
3
0
0
0
1
28
0
18
0
1
0
0
0
0
0
8
1
0
0
0
103
1
0
0
0
16
0
0
371
0
11
0
0
5
1629
0
0
0
9
12
2593
0
0
0
2
1
0
0
15
0
17
25
0
0
55
163
1
0
161
2
0
28
10
4
32
0
41
0
0
0
0
1
0
11
0
1
0
0
0
0
9
0
0
1418
20
0
0
0
17
1
0
53
0
2
0
1
0
1
7
7
0
6
0
0
0
0
22
0
0
0
0
0
70
3
0
0
1
6
1
0
3
0
0
0
1
88
1
0
0
0
0
0
121
0
2
0
0
0
127
350
8
0
848
0
0
0
0
0
1179
1
0
0
0
24
0
0
7
0
0
0
3
1
0
865
0
0
2
0
74
0
0
0
8
1
0
0
0
0
0
1
221
2
0
0
2
41
0
0
0
0
0
3
0
1
4
2
1
0
0
0
0
3
0
0
0
23
7
0
195
1242
22
0
0
0
0
0
11
1
0
3
1
0
0
7
0
0
18
0
53
0
4
4
0
0
0
2
7
1
20
1
35
64
2
1
0
5
371
2
21
9
0
922
3
0
0
0
0
0
39
0
0
43
0
0
0
1
0
40
1
0
1554
0
24
11
2
0
0
0
160
1
0
4
0
0
2249
6
2
99
16
0
3
219
1
0
1
0
2
0
460
0
0
0
0
112
1
3
56
0
0
6
3
3
0
0
2
46
2
113
53
0
1
1
0
23
3
0
0
2
0
0
0
0
0
1
17
0
301
0
0
0
0
16
0
0
15
0
0
1
34
27
160
0
0
0
0
0
0
139
12
0
0
0
225
207
50
4
2
0
0
0
179
1
5
4
0
1
1
58
1
0
67
3
0
0
1
0
1
0
6
0
1
184
9
0
0
1
0
124
2
673
1
6
9
0
546
8
0
4909
1
0
0
0
0
0
0
6
1
1
219
0
0
2
0
265
0
0
3766
0
376
0
82
0
31
7
0
0
1
6
3
57
1034
0
0
3
0
0
8
0
11
17
0
30
0
9
0
0
248
0
0
118
0
0
0
0
117
0
0
0
0
19
0
0
0
0
151
13
0
9
0
0
278
4
0
0
0
0
0
1
0
0
0
25
4
0
0
0
0
12
5
6
1
2
0
0
0
0
0
0
0
11
35
1478
0
1
2
5
118
0
215
1
3
2
7
0
0
287
0
49
0
141
23
0
2
0
0
0
0
0
0
6
4
0
2
3
137
328
0
276
0
1
0
0
0
0
18
0
0
63
0
0
24
65
1
1
585
5
17
4
0
232
0
0
1
0
30
15
6
0
0
7
13
0
0
0
0
0
3909
13
0
6
30
0
0
0
0
0
0
65
0
2
0
12
0
1
2
0
9
0
0
1
0
0
0
0
0
0
33
0
0
1
0
0
0
3
0
2
1
0
0
0
0
158
5
10
0
53
217
171
65
0
12
0
0
18
2
241
3
0
0
6
0
1
250
0
16
0
35
1
0
0
2
0
0
18
0
267
55
7
0
9
315
0
76
0
0
0
1
0
0
0
2
1
92
0
33
0
2
0
0
918
85
35
0
0
0
287
18
0
0
20
11
0
114
0
13
1
0
0
4
0
50
1
0
34
0
1
0
305
9
0
28
680
3
1067
0
0
0
5637
0
0
4
4
304
0
0
1
394
0
34
75
0
0
0
0
37
0
0
0
1
1
2
483
43
12
1
0
696
3
0
1777
15
3
3
30
1
0
1
0
27
2
116
4
0
0
0
0
0
0
0
15
10
310
0
0
0
1
20
2
454
0
0
33
1
0
1
1
0
0
2
154
6
9
2
0
0
5
10
0
1347
0
0
0
0
0
29
1
0
1
0
0
0
6
0
1
2
80
29
44
0
0
0
0
7
0
0
4
313
1
0
0
0
0
0
0
650
0
0
4
815
1360
0
0
4
0
0
1
0
0
0
4
141
16
3
0
9
11
0
5
0
0
0
6
8
2
0
0
0
0
7
1
4
35
0
1
1
2920
0
35
0
0
0
1
11
4
0
2
854
22
2
0
271
0
0
202
0
2
0
7
0
115
0
0
0
1
2
2
0
0
0
0
0
0
0
0
13
2
43
56
0
1
0
20
1
7
8
0
1
0
2
0
1
23
0
18
21
204
16
4
0
0
53
2
1
0
5
2
40
52
0
0
11
2
6
174
0
0
0
36
0
0
0
0
3
0
352
0
2
0
0
3
2
0
33
1
0
0
326
0
4
1
1
2
1
0
2516
0
0
0
0
6
5
0
0
92
9683
0
55
7
0
0
1
133
41
2
1
0
0
0
1
1343
2
0
1
0
6
1
2
407
20
0
0
0
253
0
0
1
0
8
7
5
216
1
11
0
0
0
0
40
1
1
0
2
15
0
0
0
236
0
431
0
520
12
8
0
541
0
59
0
0
0
53
218
0
395
1
0
0
465
0
56
6
15
0
0
0
0
12
0
0
0
0
0
57
96
0
55
0
1
0
0
0
0
1342
0
0
2
0
3
0
4
0
0
0
146
0
0
0
0
83
0
0
0
0
107
1
3
1
2
0
0
1
110
2548
3
32
0
271
9
1
5
1
12
142
1
0
4
0
0
2
1
5
0
0
0
263
1
5
3486
0
0
1913
0
0
0
0
1
0
0
1
0
0
0
6
0
2
0
533
0
0
0
0
83
49
1
0
148
54
0
0
1
0
0
0
0
0
1
1
1
41
1
0
1
43
2
4
13
1
89
12
0
9
2
0
1129
0
884
0
26
115
0
4
14
16
1
1
0
0
24
1
0
1
7
25
0
0
0
1
0
1
0
1
6
0
1
7
3
18
0
0
0
1294
0
0
7
0
0
60
0
77
34
0
2
11
1
3
572
174
388
2
1
2
6
0
7
16
0
11
12
0
885
22
0
0
3985
0
19
5
4
0
16
0
0
0
0
0
0
4223
244
201
0
0
0
1
0
0
0
0
9
0
0
0
0
1
2
2
317
0
1
0
1
0
0
3790
0
0
4
1094
20
1
11
122
0
378
0
0
0
154
6
0
1
0
0
0
4
6
0
0
0
4
0
0
603
0
0
0
1
0
0
4823
0
2
0
0
0
3
0
0
1
0
0
0
0
0
6
33
12
0
0
321
1
7
1
36
0
1
0
17
0
0
5
0
1
252
0
20
212
0
9
1
3
13
2
0
4
92
183
0
0
555
0
0
0
1
62
1829
1381
0
150
0
60
0
0
0
0
323
3
353
0
0
0
0
0
0
28
0
38
1612
1612
7896
140
35545
5104
3704
1612
75
15
5215
87
13769
6
19762
7095
8251
1446
73
9481
75
1612
1612
708
1612
5669
69
6576
16
1890
412
87
0
14674
4066
8294
509
1264
11
8934
0
169
440
2045
2001
158
2669
274
19790
6
0
48
71
5104
13772
128
10
12859
147
12859
408
6280
8007
1025
11
11
10
12
11038
60
69
11
0
1604
709
5430
16
110
5
67
16
614
5
23
0
11
11
23
11
12
110
4
19012
456
574
949
826
491
0
1089
38
0
0
4807
91
678
784
2
58
4448
3308
1879
0
0
91
2080
457
0
20
40
1697
1853
4575
15672
2059
1128
0
18
0
30
14363
9641
5352
20
0
0
111
0
3
1
0
475
10
149
1
1
472
71
111
0
0
2224
30
10
27
586
5
0
35
35
626
34
3268
4682
0
29
224
483
4509
3046
4
487
42
2813
5896
2
2856
0
6871
9291
21
333
6
738
857
6
0
7
6
2
17
17559
0
740
142
821
124
2394
18
0
656
26
1
0
15
20
18
0
59
628
7882
1058
31
26
26
11
5754
10
2
15
2902
1525
7566
95
0
1271
50
3
8
1
347
2064
626
8060
2476
27
161
21562
137
0
2
7
163
0
0
260
1
17829
913
446
0
531
1
2671
16
0
0
6
2
341
3
0
13
0
139
0
0
35
337
78
0
201
25211
4
0
17389
0
122
1392
0
1
1
16
18
0
2
37
1
164
2
1
254
7
0
0
51
3
5
2
3
137
25
219
8371
0
3237
0
3
64
16
0
0
771
4
882
6
5
0
2
0
38
0
0
3286
0
416
7
0
0
33
1
599
0
0
589
3
11921
0
109
387
0
0
2
2569
0
0
6963
5
67
8905
35
22592
0
86
0
16
1
4630
5
985
12634
6
7
4147
1
0
166
0
0
0
571
0
15
607
0
170
0
0
2487
0
2
18
617
6
98
0
1
4
45
6251
3
44
1
20
34
209
120
18644
76
5
321
0
4
0
0
71
0
1254
0
609
3
2844
60
1256
10
2127
0
0
14
48
5293
181
2
1
3
0
0
7
1751
159
0
253
8
23625
2
6
101
47
0
10046
1
406
323
1953
0
1
4
803
40
49
1
62
0
2
45
538
256
232
16
0
0
744
1
1477
6
49
7
444
5
58
0
24
3851
84
266
35
2
2
49
0
69
0
0
1
181
15
0
55
1
53
0
12
1595
58
8
31
0
252
1791
1854
0
393
6713
0
100
68
4035
28
22
38
1
54
1
0
96
30060
0
191
45
0
9
439
0
1
1
0
15
1
3
2
1305
0
88
0
1
5
20
29
15
0
0
0
37
43
6675
253
1057
0
0
251
1
532
0
878
1149
483
0
3
253
4
0
1
1
135
0
35
0
2655
55
105
0
591
1
0
303
9214
286
0
0
134
182
31
393
16703
1
0
0
62
10
0
3480
0
0
1
596
463
35
72
21
20
2835
17674
0
489
0
19
1
125
1358
0
0
5
310
0
3
212
1652
257
0
0
1
2038
0
11
589
28
0
5
0
2
594
15
0
1412
1
0
2
0
1
0
0
1
9
4
11
182
13
75
0
0
0
0
7
1
2
8
2221
2
12
362
1
628
0
1866
164
55
3
0
17
9
0
2
1
52
8
1
1
2
21
19
0
0
0
0
3574
5
1
5
2
32
20
0
176
0
6855
3
0
0
0
1053
215
91
0
8
456
1
4
0
58
13
15
5
0
1
2
18
14
18
6
0
16
672
0
0
350
0
0
0
14
1
99
404
1
1
6
16
2
2
23
10
4999
170
416
14789
0
11259
0
0
78
9
60
7
0
8
0
4
3
1
4
45
0
1543
801
22
0
0
6
2
0
1
1212
51
1891
112
2
1
34
63
365
11
2
4
0
5
10
0
8183
41
0
0
0
0
866
26
435
300
194
393
9584
0
176
0
3
853
165
0
212
5
0
3
8117
53
431
3770
1646
14
51
1
0
708
0
177
1231
53
0
4
9418
60
0
7
0
1
2
25
775
1
4
9778
15823
2
2
80
0
44
2
100
408
2
9
1
1
2
466
0
1
3
3
6
1
10
170
0
1
11
2
3150
0
10
4
0
1
9
12
6
18
83
2
0
38
0
0
9
0
687
2
0
70
0
0
1
0
1
0
537
0
2
124
0
21
1
3845
1
20
2
2
0
14
0
0
4
4
870
16
0
2352
41
0
1
1
0
0
44
62
365
0
5
536
35
2
8314
0
317
20
0
9225
0
66
0
6740
0
0
0
57
0
0
2
110
213
0
0
213
0
3
0
3014
0
0
41
149
4
2721
136
1
2
0
1
431
0
0
0
1
224
4
2
2
0
10
0
1
1
2
38
0
0
0
3
0
37
5
1
4
0
0
55
0
5
0
1
5
990
0
1392
1755
118
1
0
16
0
19876
3
1
693
2
515
0
0
39
0
13
0
431
28
3
3
2
8
0
348
2
1117
1
0
7
0
3
33
112
0
2
0
124
0
11
3
137
0
1
117
21
6
1
1
8
0
629
1
0
170
3
0
7
2
11
0
0
1
892
0
9
101
2
667
74
315
4
1
0
2
0
11
0
0
0
1
315
0
2
54
0
48
0
21
0
0
0
1
0
3
0
4
3
0
0
14
201
203
5
4
2971
0
21
23
0
475
0
0
0
1
4
291
1
1
44
0
0
2
0
0
0
0
2
0
0
74
1
6
11
156
0
19
235
12
1
10
91
0
127
0
439
0
0
0
1217
103
691
12
0
0
0
21
71
1550
0
79
1
1
4773
214
0
765
2
1
2
0
0
0
0
450
130
417
5
0
209
4
2
120
157
225
0
0
70
0
6304
0
0
45
0
0
1
0
0
76
12
20
5
146
132
20
14
0
690
1
0
8
147
798
525
0
605
0
0
0
8
0
53
1
0
1
8
8
47
310
0
33
5310
0
0
34
19649
5
0
0
102
1
3
88
171
0
3
0
33
144
0
15
0
10
473
45
24
10
0
0
31
32
2
932
0
0
1
76
0
1
104
222
166
6
132
2
0
434
2
0
0
0
1
1
240
0
0
0
1
2
1
14
0
11
1
2
0
0
1179
0
16
343
0
0
0
0
5
40
0
48
62
2
0
41
2
0
0
85
4525
43
4
0
1
2
23
4
0
513
0
0
437
0
0
0
0
2
0
0
0
14
74
0
5788
0
0
0
0
0
0
0
53
0
0
3
0
20
4
10106
33
0
154
0
8570
977
0
1
0
2
0
17
2
3
4
10
0
0
5
98
0
0
0
0
145
0
1
1
4
1
6
4716
4
310
0
0
1
0
29
4
0
814
2
0
1836
726
4
25
0
0
2
0
0
1
811
0
345
0
35
173
0
0
153
31
1
0
240
3
0
0
0
0
82
1046
0
14
85
0
0
0
2
0
11
0
0
10670
27
0
115
0
0
2716
0
1
0
1
0
0
2120
0
0
1
0
45
0
0
0
10
1
3
3
0
5
23
39
70
0
2
61
0
17
40
16
0
375
0
128
5
268
0
0
0
27
0
0
0
0
62
0
39
18
5
6
0
55
23
2
318
497
809
13
0
0
0
846
0
17
0
64
18
2
0
0
120
9
23
0
0
0
0
89
1
2
4096
0
1946
7
0
30
0
0
0
20436
0
0
0
1
27
600
101
0
11
1897
2
1
0
718
0
17
6
1
38
0
2
0
3
169
103
10
1
1
1
0
0
0
4786
31
2953
0
1
6
0
4
0
10
573
1
7
206
0
0
229
6
0
0
184
0
0
0
234
0
0
3491
38
0
77
1
0
0
0
396
0
663
1
0
68
0
4
0
0
0
0
0
6
0
2
0
2
1937
1
3
78
4
0
0
1
1
0
0
515
0
1
0
140
0
11
3
0
1
2
0
96
0
1
0
21
0
0
1251
1
935
669
11
0
0
1
33
742
0
14
270
11
0
0
0
0
0
1
725
2343
1
2
2
1
0
1
0
42
3
22
0
3
77
68
1836
0
0
1
0
96
24
2
0
1086
0
239
0
1
0
16
4
0
4
137
3
12
138
14
8
0
0
0
9
0
131
33
13
0
0
1
83
3
0
18
85
0
9
0
539
1524
0
238
0
13
1
34
0
2
0
0
0
0
1
138
9
0
0
534
0
0
15
0
0
341
0
0
4770
0
0
7
27
26
454
4
4
1
128
0
0
0
2
0
0
0
0
26
0
0
0
15
0
245
91
0
7
122
3605
1
7
38
0
1
0
0
352
2
12
0
6
108
185
14
0
0
0
0
0
0
2
0
779
3
0
3
0
1
161
58
9
1
1235
0
0
374
0
0
3
13
1
0
57
1
275
0
0
0
1
0
0
214
0
998
1
1
0
60
0
67
3
0
2
0
0
715
2
1
2
0
3
1
31
1
189
44
2
1
1
0
0
7
0
4527
10975
7
390
29
179
0
0
9
72
0
2
1
728
1
0
0
0
0
1
21
0
168
1446
1
105
0
4
0
0
19
7
1882
2598
22500
9461
0
485
0
0
0
47
44
0
0
0
0
0
1
26
1
0
1
70
626
0
4
124
2111
130
256
1
3
5
18
1
2
2
0
0
1
9154
3
415
99
450
18
58
0
0
0
0
7
34
0
38
0
0
0
0
9500
532
0
3
1
831
0
109
3
0
10
2755
0
5
0
0
2
0
2
0
0
64
2
899
0
13
2
75
0
131
1
0
1
0
3
0
0
0
0
11
0
1
3
1
0
1
2
3
4
0
5
148
0
0
2
0
187
0
141
28
0
0
1376
0
961
92
13
5776
2
1
0
24
0
0
1
113
0
126
53
1
0
0
0
928
0
0
0
0
1
0
0
2
2046
1489
566
0
0
0
0
42
0
0
6
0
855
0
14
0
198
851
0
43
0
525
250
24
0
1
0
0
7
0
28
174
0
32
398
0
131
0
0
0
0
0
0
13
8
11863
27
1
0
2
0
1
0
0
14
1
0
391
10
2
4
139
3
0
1
0
3
153
0
6
1
0
0
1
14430
0
2
2
0
11
1
0
311
1
0
1
5
1
0
0
0
0
0
6416
9
1
74
763
33
2
7
8
0
0
9
0
0
0
0
1531
10
6808
0
0
5
0
1
0
13
0
1
0
821
27
3
0
38
48
1
0
387
0
0
98
9
3926
9
1
5
6
3
1
0
1
0
3
0
0
11
120
0
72
0
0
0
0
773
10
0
0
0
63
1
0
34
0
0
0
0
0
1
0
0
4
6
96
0
0
0
5
0
2
1
634
0
0
33
630
1
0
1
0
0
3
200
1
0
1
0
0
1
0
0
1
0
2
0
105
0
15
0
4
2
4
2
10
0
0
0
0
0
2
2044
1
97
0
0
368
0
11189
141
16
41
9
2
49
4550
187
46
18
0
25
6
0
94
0
1
1
0
0
82
1
3
0
0
4
0
1
2734
0
48
0
0
0
2
39
173
2
32
0
324
3
59
0
0
5
61
12
0
3
0
0
0
0
0
2
492
0
0
0
0
1
138
4427
0
0
1
0
6759
511
4
105
1
2
107
16
0
51
1
1
1
0
0
0
1144
6
0
2
0
1
6
7
0
45
0
0
1
0
0
0
0
0
8
0
1
4
2
2
0
26
0
180
1
0
5
0
0
2
12
0
0
10
0
11
413
5
3727
61
0
0
5
0
232
0
36
0
1
2286
4
100
15
0
15
0
0
0
0
4
512
0
4180
3
4
0
2
611
105
2
316
8
2
0
10
594
514
0
2
3
0
49
1
1
10
0
1
0
21
6
0
0
0
164
42
4
14
221
223
7
2825
0
15
72
0
525
0
0
4
1
791
2
0
14
0
0
0
0
2
166
0
0
21
0
5
6
176
15
3
0
1
22
4
79
13
15
0
1
0
42
0
0
2
0
10
1
5
504
68
0
0
8
0
0
0
0
10
174
106
0
0
195
77
3380
5
7
0
1145
7
0
12
0
1959
1697
0
104
0
0
0
0
8
0
4
2477
0
0
429
1
0
1219
2
0
0
0
0
0
0
0
0
144
8
0
4
265
1950
0
0
1
2
13
0
0
35
68
4
6
0
4
0
0
0
9
1369
0
0
45
575
1
4372
1
0
1101
0
293
0
1
1
374
31
6
15
2
0
4
0
4
0
2
521
0
1
0
0
63
1
1
10
6736
0
1742
163
1
1
0
0
0
0
0
2
0
488
7
0
2
1
0
2
79
424
4
71
0
0
0
0
8
2
2
1
4
0
0
7
1
12
2182
0
44
18
263
1
2
0
15
22
2108
0
4
41
1
170
155
6
0
0
185
0
0
2
0
9
0
1
35
821
0
0
0
605
0
0
0
0
2
1
0
4
1
35
0
5
0
0
1
214
0
0
6
0
0
1
0
34
2
6
2
1
0
1
4
0
0
0
0
3908
0
0
1
0
0
0
0
3
1
1
75
7
0
0
3
0
0
0
0
5
6
0
2
1
3
0
6
40
0
49
0
4
0
606
1
1
6
44
203
0
0
8
0
172
0
0
3404
0
0
0
0
0
0
0
2
0
0
0
2
2
0
32
3213
0
0
0
6
1
6253
0
1
0
0
9
1
0
652
0
0
19
2
0
0
0
12896
1
0
0
0
0
3
15
14
75
0
179
0
165
714
0
0
485
1
3
0
0
1045
0
0
0
3
0
2
766
22
16
0
4
0
0
0
0
4
0
0
0
13
5
0
550
376
4095
6
0
0
0
18
0
1
0
0
1
0
0
20232
44
0
1
345
1234
6
4
0
0
0
7
0
1
1
0
0
1
51
6
0
1690
2
425
179
0
292
0
0
0
1066
0
0
0
19
772
1
7
1
1707
0
0
0
0
8
19
29248
24
1
0
3
6
3
44
5
0
2
0
0
0
0
0
4
0
0
7
11
0
0
0
5
0
1239
0
1
0
0
0
0
0
0
1
1
4
1774
63
2
2
2
11
6
1
0
0
9
0
0
0
0
1
31
24
1327
0
5
0
1953
0
0
1
68
11
1
706
0
0
1
14
0
0
0
1
4
0
3102
0
0
0
5
0
2
0
0
3
28
13
0
6740
0
0
0
0
0
0
0
5
7
209
12
69
14
8
0
0
21
0
0
1
0
0
0
1
0
2
97
0
41
280
9
0
8
33
0
3
466
11
528
0
6145
0
0
0
0
0
0
11
0
0
5
0
0
0
1034
4
0
0
582
2
67
1
4
4
6
0
0
0
1
5
0
0
20
0
13
0
0
1885
13
16
14
2
2
284
0
0
0
0
33
41
28
275
1
98
7
0
0
0
0
0
604
11
4
0
612
0
1
1320
1
1
40
7
0
1
0
0
2
1
1989
2
109
602
0
113
0
0
0
4889
0
0
0
4
1
0
0
208
2
21
0
0
1
592
184
0
12
12
0
86
9
43
0
6
2
5
0
0
2
1393
4
304
309
1723
0
0
19
7
2
20
466
33
9
69
5
0
0
25
779
0
0
1
3
1
0
2
0
0
964
15
0
27
0
4
0
1
1
0
0
2542
0
1998
0
1
98
0
0
1
1
0
4
0
0
7772
0
49
0
429
0
2
71
1
25
9
469
4
377
3
193
0
104
25
208
2
2942
0
0
13
0
0
0
111
0
0
0
22
0
0
0
1
11
20
3868
0
0
240
732
0
1
0
0
0
134
0
182
2
0
63
1
23
0
149
8
0
3
0
0
938
0
0
0
1053
501
0
0
46
0
15
0
2
27
1
22
3
41
1
0
110
243
8
10
31
671
0
59
0
10
54
0
19
14
33
13
0
5
951
3
7162
19
0
142
0
5
0
0
0
0
699
0
1
411
14
57
0
208
0
0
1409
34
3
0
604
0
0
0
123
1
22
0
0
0
1
2
0
865
18
2
0
1
35
3
49
3
1
3
0
13
0
302
0
0
163
0
1
0
0
0
0
42
2
13
0
64
3
5
1
0
0
0
73
0
828
68
1
0
4
3519
0
10
0
0
0
3
64
0
6283
0
1
0
0
0
3
26
8
1
10
0
0
76
5
0
1
450
0
0
0
1
0
0
8
382
0
0
4
13
17
0
312
268
111
68
37
548
15
61
0
214
0
2700
0
6
2
0
0
26
23
308
0
1
0
152
2
7
0
5618
24
0
65
0
73
0
0
0
23
8
134
0
0
58
1612
0
0
9
3
0
1
35
8
9
0
33
525
0
11
1
439
16
0
100
650
0
0
29
0
670
1
0
32
0
1
55
0
39
12
0
0
1
811
0
2
5
6713
0
1
2
1
0
1
181
2
374
0
0
9
0
0
0
1
2
1
338
0
0
8
0
0
14
0
0
0
0
0
0
1
2
0
757
99
0
0
3
1
4
2
493
701
20
0
702
0
16
0
0
4
1
25
6
1
0
78
102
0
7
5
322
0
25
0
0
4
202
0
0
5
0
3
0
1358
0
0
0
1
0
0
8
6
120
1654
1
1416
19
0
21
0
14
25
1
0
0
2042
5771
0
0
0
0
48
43
0
0
0
2
0
0
77
58
2
0
1
1
2
0
1
25
0
0
0
0
0
0
763
202
94
5
666
0
384
0
8
0
0
0
1
0
0
0
0
9
1
1
83
350
0
2448
4
142
0
0
104
499
0
0
0
94
0
6050
9
0
0
0
1
0
0
0
2
0
0
0
0
101
2
248
1
2
3
6
1
65
0
192
0
8
0
1
0
0
0
80
26674
10
1418
850
1043
47
0
2
0
0
0
0
0
0
15
1
18
73
0
0
1
0
0
164
0
397
149
38
1
0
0
0
15
5
0
2
1
1
0
14
36
0
1
0
1
1
0
0
7
16
22
0
4
8
64
0
0
0
0
0
3651
835
364
49
6
0
6
0
10
0
1
424
0
0
0
0
0
50
1
11
0
0
8
2
15
1
0
14
1
7
3
23
4737
0
5
0
0
0
6
8
2
0
0
3799
1371
0
0
0
0
2
2
179
75
0
10951
0
0
0
0
0
1
13
0
2515
0
0
10
0
11
128
9
0
24
61
2
7
0
0
0
0
39
117
57
0
13
0
0
0
17
3279
0
3
0
78
6
722
0
0
0
0
67
0
0
0
0
0
0
5
3
0
0
0
18
22
0
0
5
12
359
222
0
0
7
0
0
0
350
0
3
0
0
7
75
1
2
6
528
2
0
2493
0
0
0
0
0
0
2
1
7
30
197
7
1
11
3
6
2
0
1
4
6266
2579
80
20
0
0
0
1
1
0
0
0
0
1
0
5
0
1
1
1
0
0
4
64
368
0
0
0
1
3
0
73
0
1
9
2
8
2
0
0
5
0
0
203
0
0
0
1
0
1
0
0
392
0
20
0
15
286
1
4
0
0
4
0
2
10
1
4948
4
90
0
4
108
0
3
0
1804
0
0
339
0
7
0
9
60
1
3
40176
0
0
13
1
0
0
254
0
652
23
2
3
3
46
0
1
27
25
2
30
0
0
0
550
0
0
1290
187
0
0
0
1
0
1387
0
2
0
0
64
0
0
1705
8400
2
0
0
0
25
32
0
735
0
1924
0
3
852
0
0
38
138
0
11
1
0
13
5
0
0
132
35
1948
70
0
0
14
38
0
0
1
1660
31
6
7
0
0
0
0
1
373
0
32
5
0
0
9
0
858
767
0
6
0
2916
190
0
0
0
38
1114
10
668
1
15
18
0
3
0
5
1
0
0
0
13
23
4
0
0
1
5
3
0
15
0
0
1
0
108
42
0
0
17
0
90
1
1
0
0
1
0
0
0
0
284
0
0
418
0
677
18
1
0
0
65
104
0
17
46
4
895
0
0
22
4
35
0
2
0
324
0
1
0
4064
2
0
5
25
3
137
113
0
22
0
1
510
0
0
0
0
0
0
0
0
0
3
42
9
38
3
0
50
1
0
0
0
0
0
0
1
2
0
0
226
124
1045
1
1
164
9
0
0
20
0
3773
0
737
1
12
4
0
0
238
27
0
0
0
1
0
0
0
0
21
0
0
0
2
0
0
702
0
18
0
0
0
0
0
223
0
2032
0
112
13
3
186
2
16
0
0
1
0
0
0
128
0
0
0
517
0
0
0
26
0
54
0
11
0
0
2
1333
22
1156
1765
38
0
3
1121
3
9
0
0
0
88
0
0
0
10
0
34
0
31
10
3
4
80
0
0
4
0
1
184
39
5
4
0
1
0
0
2
36
7
10
0
0
1187
0
0
5
0
0
0
8
1
18
8
526
3
15
30
215
0
30
8
28
2571
42
6
1
0
0
0
1
520
0
409
0
0
0
201
1
0
15
22
0
84
2
4
74
0
13
2
0
0
0
0
229
1
3
5
65
1
1
1
0
2
3
0
0
103
0
0
0
2
0
29
4
0
0
0
45
15
0
0
694
0
2
0
490
921
0
5
0
1
535
2
0
27
0
0
0
0
2
0
3104
30
0
117
613
0
20
0
0
1588
1
51
0
0
0
105
0
7
0
255
565
1
175
0
18
0
0
0
0
1
0
0
178
1
0
2
2
0
19
3
1876
626
0
2
99
3
198
0
1526
29
1
0
0
0
9074
11
1
3
5
0
0
85
0
0
0
1
1
6
0
39
10
2
0
0
0
1
2
1
696
0
15
0
5
0
4
166
7
0
0
2
23
0
0
0
4
0
0
10
507
1
0
0
10341
1
46
1298
0
25
0
0
0
250
5792
0
2357
0
2
0
97
0
324
0
398
0
1
0
0
8
2
194
1
34
0
0
0
1
0
0
0
285
2
0
0
0
1
0
3429
0
0
1
5
17
0
7
0
0
0
2
77
0
0
1
0
2
14
925
0
0
4
1672
4
0
0
0
110
158
6
0
0
0
7
0
83
11
0
0
0
6
0
5
0
2
1
0
0
2
0
39
2
37
176
0
0
0
0
0
317
0
0
25
0
0
5
1370
0
4
0
1
35
0
0
0
0
0
95
0
1
0
0
0
1
5
14
87
0
0
0
0
0
0
0
14
3795
4167
0
81
0
2
2
11
64
3
0
0
0
62
0
3
0
0
0
9480
9
61
0
0
0
635
18
0
24
1
29
0
175
34
1
0
2
21
3
321
75
0
0
0
0
0
5
22
1
2152
562
1
0
0
0
195
5
0
158
0
13
0
422
8995
5
60
1
0
0
96
1
0
2
0
7
17
1
0
15
88
8
290
0
1
0
1466
157
2
0
0
0
1
0
389
4
0
44
2
54
0
131
1
1
31
0
0
0
0
0
0
1
1
0
308
25
0
0
0
15
4
267
0
0
1
57
184
2905
0
0
526
39
0
0
43
0
0
0
0
9
0
139
38
0
0
0
2552
0
0
26
1
26
0
1
1
257
0
33
574
1
0
0
0
6
0
1
0
134
233
1
0
0
0
0
0
1
15
0
0
33
1
2
1
1
6
0
20
276
1
1
5
589
1
0
0
0
0
0
0
4
0
0
0
1
8
0
108
0
471
0
0
0
0
0
0
9
1
0
18
53
585
7764
0
0
0
0
19
30
5
0
25
1
27
14
0
0
0
0
0
0
30
1
0
16
0
0
0
0
0
0
0
0
30
0
2
39
11
0
1
3
3
1
0
0
0
0
0
0
0
1825
0
155
43
443
0
0
1365
0
67
7
0
0
1692
198
2
6
0
275
5
3849
109
0
0
1
1
20
4
6237
0
0
0
0
0
6
0
0
1073
1
1
1
1
0
0
0
0
3
1
34
0
213
257
0
11
0
0
0
42
811
0
0
0
0
5
2224
0
137
1
0
0
0
49
25
6
1
70
0
4
0
0
7
0
769
0
0
3
21
621
3
0
3
675
7
0
0
0
0
0
0
0
1
85
0
9
12
0
0
23
0
0
6
292
0
19
6
4
481
3
0
0
0
203
0
246
0
0
1
0
1
397
0
68
66
58
0
15
1
2
5
0
1
0
0
0
94
1
24
0
7
0
0
0
1
3254
31
31
4116
0
0
0
0
0
1
2
11
4
1
9
1140
0
0
0
0
0
0
0
184
1
317
812
0
21
0
0
0
903
287
12
0
0
32
9
0
11
0
0
0
0
3
1
55
2676
3
0
0
2047
0
0
34
4
5
3
0
0
0
0
7
2
0
372
0
0
0
0
0
0
27
161
29
28
5
21
0
1
732
5
0
0
5
967
0
16
0
132
0
1
0
1
0
137
0
28
3
369
243
2
4
2
4
0
26
64
0
2
2
0
3
0
507
476
0
5
0
3
0
0
7
0
2
1476
0
0
2
0
44
0
0
0
0
0
286
0
0
0
32
545
0
0
0
0
0
0
4
0
0
1
275
391
0
512
0
0
1
2
0
0
0
0
0
0
0
43
0
0
0
9
2720
261
6
2
3
4
0
80
1
0
3
480
0
0
5
81
3217
2
7
1
0
19
0
0
0
0
0
0
0
7
1
28
2
2
328
2
0
86
15
0
2
1
0
35
9
0
5
1
1
15
2
0
0
0
0
0
0
0
0
0
20
4041
2
1
207
1
0
17
0
0
0
3103
0
0
3
1
24
0
5
0
1
11
0
1
1
55
0
0
0
0
0
0
0
14
3
120
1
82
0
0
0
4
0
9
0
503
0
110
0
33
0
14
58
0
0
35
0
0
0
0
1
0
0
0
0
6
9
1
44
0
35
3
2
0
0
6
0
0
5
278
57
0
33
0
11
0
0
889
20
0
8
0
0
0
0
0
0
0
1
0
669
0
1187
27
36
459
7
2
0
3
107
3
0
7
3
1
0
468
8
0
3
20
0
21
4
0
0
195
108
0
1
36
13
85
1
2
22
0
0
165
1
0
0
0
0
3
0
5162
222
0
1
0
4
0
0
11
0
0
0
126
6
2
11
0
66
1
140
0
0
459
1694
0
0
3703
2
1
18
0
0
149
13
15
0
4
3
0
0
0
0
0
0
70
0
1
368
0
0
0
2
2
4
1
6
0
2
1
0
0
2
0
1
0
53
212
0
0
0
1
52
2
0
0
0
566
66
0
71
0
0
1388
0
5
4
0
0
0
22
0
338
2
3
0
0
2
6
57
8
2
11
0
221
0
1
3
0
5
1
21
0
47
0
0
0
5
7
0
0
0
0
2
4
104
0
0
104
1
1
3
101
702
0
1
0
5
8
0
0
0
1
1
2
1
1
74
0
0
0
1
0
0
0
319
6
0
261
1610
0
0
1
6
26
0
2
0
3
0
0
0
0
2
4
2
0
0
3
2401
2
2
5
15
0
0
107
0
0
2
4684
21
0
0
2
20
72
0
10852
1
0
3
181
0
0
0
0
0
185
0
0
25
0
0
0
981
0
4
26
3
2
0
0
0
0
0
47
0
16
6
1
0
966
0
2
0
0
0
3
0
4
46
0
0
461
3
0
0
0
0
0
3
0
659
1
4
0
0
3
0
0
0
118
0
1
8
0
180
0
0
0
0
0
164
19
0
0
0
69
10482
22
0
7
105
0
0
2
246
0
0
16
0
0
4
5
0
0
0
0
0
0
4
0
44
8
11
0
365
1
0
5
54
1
0
0
0
0
1
0
0
25
107
17
2
472
193
711
2
312
179
0
94
0
0
7
2986
2
0
0
1
156
727
3
0
0
0
185
0
2
1
4
10
0
0
346
0
0
73
52
117
0
0
0
2
0
0
0
273
1
1
0
2
1
76
0
397
2
1
72
4285
587
2555
85
1
0
4
705
0
16208
0
0
557
805
1
0
2
0
0
3
59
0
3
1
375
5
3135
0
1
1043
0
113
4
0
0
1
393
0
197
4
0
0
17
0
0
0
0
1
0
40
0
2
0
0
4
402
40
1
0
0
31
2
0
0
0
5
0
0
0
28
1
12
23
2
2
0
3
2
0
0
0
0
0
10
7
0
1
0
1
0
10
335
0
0
7
600
0
0
58
58
0
1
148
70
1
0
228
17
46
0
0
1
423
1
2
15
1
0
0
27
1720
19
0
43
0
0
0
7
1
0
0
1
9
0
1
1540
5
0
0
13
1
3
0
0
0
12
0
0
46
1373
0
15
19
2
4
7
5
3
0
0
1
102
3
1
1578
0
4054
5
0
1
2
3
420
6
240
0
1
222
0
0
1
0
88
144
1217
0
0
9
0
7
7
0
0
312
16
72
6
0
12
1
13
1
143
0
0
17
0
0
2
219
0
0
4
7
2
15
0
6090
0
1
12
7
0
0
68
0
28
7
8
0
0
69
0
0
0
3
2
0
0
3
0
0
0
0
287
0
0
0
348
12
1743
0
0
0
29
26
0
767
0
0
0
0
42
381
0
0
10
69
0
1
0
0
0
32
0
0
0
0
0
0
1
1
9
176
9
3
0
0
1
5
0
2334
2
0
148
8
1
0
2
63
50
1
0
0
0
893
26
0
0
0
6
1
469
126
1
0
0
33
1
0
0
306
106
0
0
0
4
0
0
0
1
15
3
0
0
0
0
0
0
615
202
0
13
679
2700
0
34
13
0
6
22
60
3
0
0
20
2
6
1
0
2
0
7
6
16
0
38
0
0
0
33
41
0
1
0
0
3
1
133
1128
1
436
0
8
1
163
1
2
0
30
1
0
1
3
11
4
0
0
0
0
0
0
0
114
234
1
1
1
0
1
5
2
0
9
2
0
66
5
342
0
20
7
0
0
0
0
0
0
0
0
0
41
4
1
0
1
23
8
3
107
1
33
19
18
0
13
0
0
0
213
0
0
0
21
102
0
2848
1
0
1
2753
0
0
0
0
16
0
0
5
3
0
0
76
0
0
81
0
0
0
596
0
3558
1
209
122
0
0
50
76
6
133
44
9
0
731
169
0
78
0
3
2
0
1
4
4
1
14
0
0
0
1
24
0
4
73
16
0
2
2
0
513
63
0
0
3124
4
0
0
0
2
0
0
0
23
0
1
0
1
0
5
0
1
0
5
0
106
1256
3
2
7
3
12
0
0
7
729
1103
188
1
1
0
1643
17
0
0
0
173
3
0
205
4
11
1
0
32
0
0
0
0
0
4
3
12
22
73
0
1023
12
0
0
0
0
0
3
0
53
58
7
2
0
34
22
0
0
0
1
0
0
0
3
90
921
1
0
0
1
0
0
40
4
0
26
0
0
0
5
4
459
0
0
2
480
16
5
0
355
2
0
244
38
0
0
6
29
1
36
1
0
1
1
8
5
0
1
0
0
0
0
0
3
0
0
0
101
0
30
1571
0
0
0
5
2
0
1310
0
80
0
746
0
10
94
0
3
10
0
4
1
0
1
0
0
196
0
24
0
7355
5
0
0
3
0
1
0
1
1
1
8
0
1
0
20
0
75
6
8
7
1244
0
0
0
0
0
0
387
0
73
21
836
1
349
293
1
0
0
0
1
11
0
0
18
0
5464
0
280
0
0
0
0
0
102
0
0
2
1804
7
0
1
383
1
52
0
0
31
0
92
0
0
0
2
82
0
1906
0
0
65
2087
1
1
4
4
19
377
0
0
0
0
0
0
0
0
74
0
16
44
949
2
18
0
0
8
3
0
18
1
6
5064
0
2
8
0
98
0
0
0
0
0
2
13182
9
0
4
1
66
143
11
14
1
0
0
0
1
0
0
2297
1
0
45
2
46
1
2
1036
213
7
3
2
0
0
0
0
0
1
0
840
0
0
487
964
66
1
23
0
0
28
0
14
54
0
5810
3
0
0
0
1
316
16
1
2
0
1
0
10
0
1
0
2
228
0
6
0
747
8
0
0
4
0
11
0
25
0
0
11
0
13
1
8
33
275
35
12
0
0
0
0
0
0
16
0
0
0
7
0
1
0
171
2
3
3
0
3
76
215
0
0
6
0
27
0
18
4
0
280
0
0
7
658
0
0
0
0
0
0
0
17
0
17
46
0
0
0
0
551
0
15
0
1
223
127
0
19
0
0
13
2
0
0
0
0
0
0
0
1
972
229
0
0
13
0
385
1
0
9
29
1
8
97
96
132
15
10
0
0
1
1370
0
3
0
0
0
0
2
0
2265
58
69
39
0
52
7
18
0
1
0
0
399
38
0
0
0
482
0
9
10
1
27
0
7
0
0
0
0
0
0
112
1
2
2
0
0
0
79
0
509
0
0
0
188
1
3
11
0
166
45
9
8
0
35
0
0
2260
0
1
15
0
1
23
1417
0
9
0
2
11
260
0
7
2
0
1
229
0
1
1
10
40
0
3
1
0
1
6
0
4
0
0
0
0
359
0
0
6
22
0
0
0
0
0
0
0
0
0
0
1820
1
0
0
2
0
21
0
0
1
0
0
0
281
18
825
0
1
6
133
0
2
325
0
0
0
0
0
0
2
0
0
0
0
3
2
0
5
0
0
0
1
0
0
6
0
0
0
0
15
198
193
17
4232
0
32
3
0
1
0
0
9
0
0
0
0
1
4
0
9
0
37
0
1
677
36
0
0
0
16
0
9
1
1
0
21
725
0
0
0
5
1
7
0
0
0
306
0
0
0
0
15
17
1
0
1
18
0
0
0
0
0
0
1648
0
1
1112
302
0
0
0
0
4
76
0
0
5
0
2
859
268
0
447
2
0
0
207
1
156
0
1
0
55
49
0
2
0
0
242
7
3
1
2
0
3
0
0
0
0
0
124
0
8
3
0
0
37
0
0
179
0
0
1
1
191
0
0
4
0
28
0
1
7
116
0
1
1
0
0
0
0
0
0
4
0
1
0
2
4
37
0
26
138
0
0
1482
0
806
2
0
0
0
59
624
1
0
2
60
1
7
26
1
2
0
24
0
1
5
15
6
0
0
0
0
0
246
0
1
15
3
0
0
0
0
1091
33
554
206
1125
0
0
3
0
0
107
384
11
0
0
73
0
40
3
1
76
0
0
0
0
0
0
387
0
40
17
2
32279
122
1
15
5
2
0
0
74
2
0
0
418
0
2
22
0
121
0
2
7
2
147
0
218
0
224
330
0
0
11
0
24
196
10
0
3
0
0
26
1
1
5
19
2
0
2
0
173
0
1
0
0
0
2
0
0
117
0
2
0
0
0
0
4
1
1
135
5440
301
0
12
18
0
422
0
875
0
11
0
0
0
0
1
5
0
0
2
4
3
0
5
0
0
0
1
0
4
805
0
54
0
1014
82
1
0
1
5323
9
0
1553
3
4229
3
0
0
1
0
30
0
0
0
0
0
7
5
4
0
0
4156
128
16
0
2
6
0
0
2
1
0
4
37
40
2
1
2
95
0
0
0
0
3
0
0
0
0
0
0
16
0
5
0
505
24
0
14
12
41
1
0
122
43
3
686
19
0
3
6
0
0
0
2
0
3
0
0
0
0
20
65
0
63
12
23
3
1
0
0
0
55
0
0
0
0
13
0
1
2426
1
120
54
0
22
119
0
0
0
1
0
0
0
0
2
394
0
0
0
0
0
0
2
0
12
0
6
58
3
59
18
0
1
1
8
0
0
0
1
0
1
0
0
0
1
0
24
2855
46
1
0
1
2077
72
2
1
0
0
0
0
11
0
0
0
1
1
0
0
0
42
1
2
73
20
0
1
0
0
0
142
1
21
0
1
7
0
0
0
0
8
50
0
91
0
8
6397
0
0
0
0
0
0
5
0
0
0
0
0
0
1
9
0
0
0
1
15
637
0
0
0
0
23
0
3
9
0
0
1
7
30
0
7
0
0
70
13
303
0
0
0
0
0
0
2
4
2
773
0
0
9391
7
384
0
0
12
8
1
0
0
69
0
1
2
2
0
3
1
0
0
0
1
1
0
0
61
2
0
1
0
17
0
5
9
0
0
1220
5
0
20
0
0
0
6
0
0
0
120
1196
56
0
0
0
0
0
74
0
74
0
0
196
1
0
130
0
0
690
0
0
49
0
1
13405
0
12
0
0
0
0
0
0
1
0
0
0
27
0
1
0
3
0
2207
6
611
886
9
0
0
0
0
2
0
0
1
0
707
81
3
4
35
1
41
1832
813
0
1
0
0
0
810
0
0
15
0
268
5
191
25
9
0
809
8
1
1
221
4
0
5
2
8958
0
9
0
105
16
0
0
8
0
0
0
33
0
1
0
5
0
18
256
0
14
2
0
0
0
0
0
2
0
2
0
135
5979
237
12
0
28
0
4
0
0
0
0
0
0
0
0
7
0
320
33
102
1
0
0
0
15
48
59
0
2
0
1
6
0
0
0
19
10
1
0
60
89
0
0
385
2
3169
499
4
2
0
8
20
1
0
0
0
0
0
0
1262
0
0
2
1
114
1
0
0
12
8
0
58
0
0
0
13
0
4
57
1
83
12
118
0
0
45
15
0
2
8
394
0
0
0
23
674
583
273
2
1
0
434
0
10
0
0
0
0
0
4
0
0
32
7
10
19
0
0
1
0
0
1
0
0
188
15
1
0
1
1
0
0
95
0
0
26
0
0
0
104
0
0
54
0
0
0
237
2
0
97
0
905
0
0
0
6
0
1
175
1
0
4
0
319
12
42
0
0
0
2
1
0
0
0
1
504
9
0
0
0
0
50
0
2
0
2
1
2
0
2
1
34
9
0
1048
0
4
1
1
2
0
0
0
290
0
8
286
0
0
0
5
0
0
0
166
315
0
0
0
1437
0
1
0
0
0
14
477
1
0
0
0
1
793
0
2
2
3
1
123
26
2
0
369
0
8
331
0
0
0
2
0
0
36
89
0
2
14
0
689
1
0
177
25
4
0
0
0
9
0
4
0
25
0
0
1
0
9
177
587
61
0
0
1
1
0
2183
0
552
43
0
2
524
0
4
16
4
0
0
0
7
1
18
0
853
1
40
0
0
296
0
0
0
1
0
0
20
6
0
4
13
3
0
0
3
0
282
5
2
0
0
0
0
0
1
0
17
3
0
3
0
4413
0
0
290
0
0
77
11
1072
2
43
3
0
0
0
0
9
13
4
0
0
0
7
0
6
87
0
1
0
0
0
0
1
2
1
0
0
187
0
0
0
0
0
0
4809
0
71
1
251
0
0
4
0
0
0
0
0
0
1
33
4
5
6
49
2
18
0
0
0
3
554
2
0
43
0
454
0
0
0
1
1
0
0
0
0
0
0
0
2
61
1
2
30
0
1263
0
10
0
0
0
0
0
0
110
0
0
5
0
1
2
1
25
1
1
1
2
0
0
0
1
0
2
24
1
6
7
0
746
2
76
4
0
205
156
951
0
132
0
2
1
0
0
0
378
0
270
0
0
0
1
212
0
0
5
2
12
6
13
0
109
14
0
405
0
1
4175
0
0
0
1
1642
29
7
14
0
0
133
2947
0
29
0
0
0
0
0
4
0
17
115
3
3
27363
0
741
0
0
7
1
0
1848
27
19
3
0
12
5
6
6
9
212
1
0
0
9
0
3
19
13
0
1
2
0
460
1
7
0
2
1
34
39
49
0
0
0
0
0
7
0
4
1165
1
15
1
5
0
0
0
0
0
2
0
0
0
173
0
74
1070
1
22
0
82
155
0
733
105
3
15426
6
0
0
0
222
40
197
17
0
0
0
0
0
3
15
125
0
2
48
0
43
8
5
0
0
0
355
0
0
40
0
0
0
21
0
0
0
0
0
4
75
0
0
0
0
0
24
82
0
0
11
8
10
674
1
105
5
0
0
239
0
1
1
51
16
0
1
0
1372
271
4
0
0
0
621
0
0
19
10
16
3
0
1
0
0
128
0
0
0
214
0
707
0
0
0
6
4
1
7
0
0
0
0
1
0
0
0
0
0
0
59
18
14
0
0
1
13
1
141
0
7
0
12
81
31
79
3
1
7
0
0
0
27
4
0
0
0
0
30
0
1
133
0
1
0
1
0
21
0
2
0
0
0
0
0
0
2
3
2142
1
0
0
0
0
1
7
0
36
0
0
0
0
0
0
4
9
24
0
0
170
23
2
0
5
1
0
0
0
1
0
1
7
0
0
106
1
530
4
28
0
0
0
868
1
1
0
26
0
0
107
0
0
333
0
0
5
0
0
0
0
30
14
2
0
21
0
0
0
0
18
0
0
41
0
0
0
0
0
0
1
594
5
0
0
240
0
0
20
1
8
0
0
13
0
69
133
0
0
0
1
10
1
0
0
0
0
0
0
0
9
1
0
215
0
738
0
966
4
87
0
0
0
0
1616
0
0
1
0
90
349
1
0
5
4
0
0
0
0
14
0
0
543
0
0
0
1
19
28
20
626
0
240
0
0
0
0
39
0
0
2606
0
0
286
1
0
2
7
0
0
0
0
0
618
3
3
27
287
0
1
25
127
14
0
0
27
0
1
6
0
0
18
196
15
0
25
5
0
0
0
0
1
0
458
183
0
1878
209
59
7
1
9
608
14
45
67
0
0
0
25
14
5
746
1
514
1
0
0
0
1673
0
0
0
0
0
0
0
0
12
14
1
2
0
16
553
0
0
1044
0
18
0
0
35
0
0
4
0
2137
2662
0
8
1
746
6
1
1
75
55
30
0
0
13
0
0
3
0
0
2
175
9
0
12
0
15
219
0
212
0
2455
9
0
0
309
4
1
1
0
0
4479
0
0
0
0
19
134
0
0
22
2
0
0
0
1
1
0
0
513
0
0
0
0
0
0
187
8
3390
79
0
1161
0
284
865
22
0
0
0
2
11
0
1229
402
165
883
14
0
0
0
0
2
1
0
0
0
1
0
0
0
4186
20
0
0
0
8
0
2
0
6
0
0
2
171
7
0
6
27
0
1
271
0
0
344
0
0
0
3
0
3
0
0
2
3
38
211
23
2
0
0
0
0
20
0
0
13
0
141
168
4
2
487
0
0
0
0
0
0
62
0
8
2
0
5109
15
65
6
0
4
167
0
0
0
1
10
2
1
0
0
133
0
68
0
1
0
1
1
4
0
0
0
0
584
0
2
0
4
2
0
5
476
144
0
0
0
0
1
0
1
0
0
0
0
16
0
0
507
0
289
0
0
754
0
0
1
0
1
5
3
10
57
0
124
0
0
0
0
0
406
3
623
0
7
5
20
1
0
0
737
22
1
10
3451
0
0
23
0
0
997
13
51
445
0
30
40
0
0
1
0
0
2
1
41
1
14
4
0
0
0
0
71
0
12
0
1
0
0
33
4
55
0
188
0
0
0
0
145
2
0
0
0
6
0
1
0
0
2
0
0
22
3
7
0
0
0
0
0
3
0
0
0
170
35
0
36
0
1
1
0
0
0
0
0
0
0
0
1
0
508
12
0
0
0
6
0
19
0
0
1037
26
2
50
407
0
1
0
16
0
0
0
10
0
0
0
0
196
8
0
0
0
0
158
7
0
0
0
1
0
0
24
0
1
0
57
0
4
3
0
0
5
2
36
0
0
0
0
0
0
0
1
261
67
14
18
1
0
0
0
0
0
12
125
0
146
0
0
0
10
0
0
33
51
40
0
55
2
0
0
1
0
1
49
27
0
0
0
1520
2
1
53
34
0
0
12
1
0
0
461
485
2
889
39
20
0
97
1736
7
0
0
0
0
0
0
1
0
0
0
0
0
0
0
1
0
0
371
0
2786
2
0
38
0
1
107
0
41
0
0
0
0
20
121
2
0
30
0
0
388
0
1
0
4
0
0
57
1251
2
0
0
0
0
0
1
0
8
8
0
120
3
4
8
1
0
0
0
0
0
0
17
11
4
0
1
3
0
18
5
64
0
2
0
1
3
0
17
0
0
0
0
98
173
2
0
0
24
0
0
0
164
10
29
6
0
3
87
0
1715
90
0
4
0
0
14
0
0
2
25
0
4457
0
0
2
0
125
0
294
0
0
0
471
0
0
512
0
73
0
1
0
266
92
388
0
0
0
2
4
106
35
81
0
0
0
1
1491
0
0
1
0
0
0
0
1
0
1
0
4
2
1
360
6
179
0
1168
0
0
1
1508
0
253
0
80
94
144
0
1
0
0
43
2
0
0
0
0
174
0
0
0
16
2
103
25
0
18
0
0
245
0
0
4
0
72
39
0
0
7
0
0
12
0
2291
1017
0
0
83
0
38
0
0
1
1
2
0
3
2
0
0
0
2212
0
0
3
82
0
0
502
0
0
0
24
0
1822
5
1
0
0
0
0
328
0
1
0
0
470
0
15
698
373
3
0
2
0
7
47
745
1
4
0
2592
1
3
0
1
1
283
0
1
37
0
0
0
1
4
4
0
88
441
3
1
1
0
0
5002
0
0
328
40
22
0
11
1
0
91
2028
19
91
0
0
7
0
0
0
0
0
0
640
9
49
639
0
2975
6
58
270
631
0
15
4
33
6
82
471
0
0
0
0
0
70
0
0
0
35
7
0
685
41
58
0
10
27
31
2
14
0
3
0
194
0
0
1331
1
2
0
0
17
0
7
0
0
23
155
5
250
0
0
0
0
0
1
0
32
62
5
0
0
6
0
0
162
1
22
0
26
2
1
0
933
455
0
1
29
0
30
0
0
1
0
33
0
0
0
5
1917
0
2
0
0
0
0
0
1
11
2
1161
50
0
4
1
989
2
1
0
0
42
81
1
0
0
0
0
0
0
0
1
7
0
841
29
0
0
5
0
0
0
0
0
1
14
0
32
5
11
2
2
174
34
542
0
0
9
26
15
0
2
11
2
1
416
2
1825
3
121
0
1
0
0
0
1
1
0
0
2
6
2
0
0
2
202
1
2
1
0
0
0
0
0
0
1
0
0
90
195
0
28
0
9
0
9
0
0
111
0
20
1
4
0
2
0
9860
1
0
0
0
348
0
1
0
0
26
15
0
0
5
3614
403
5
2
0
0
355
199
2
0
0
0
0
59
0
10
9
6
1
0
2
0
0
0
0
0
0
1
19
239
370
4529
0
0
1
0
5
0
0
3
1
7
2
8
9
1
0
0
0
0
3
216
0
0
1
8
251
0
0
0
1
0
0
4
4
105
0
2
0
0
38
0
152
0
0
0
1
0
1
3
0
0
4
0
0
116
0
0
0
0
0
0
0
0
4
2
82
529
0
0
2
0
0
4
83
0
293
0
641
0
1072
13
0
857
0
0
10
673
0
0
0
0
3
1
0
1
6
0
26
4
323
0
0
0
573
37
7
1
0
0
0
1
145
0
4
3
0
1
1
3
0
0
0
0
0
0
0
1
0
0
235
3
0
0
0
2
0
1
35
0
7
0
1
1995
7
0
0
315
1
0
2
0
0
20
620
0
0
1
6
0
0
1
0
20
23
9
1
0
0
0
0
63
3
2673
232
0
0
0
20
503
0
0
20
0
0
0
0
0
0
2
8
2
15
0
52
5
0
0
162
0
0
0
787
5971
0
120
8
0
0
456
0
0
0
0
0
8
19
0
0
0
671
354
758
11
29
0
0
7
6
0
1
1
0
1
1
5
2
0
8
0
0
0
1
0
0
4
0
0
0
0
0
0
0
7
0
4
0
1220
1
0
0
227
0
413
0
0
0
2
18
229
0
0
0
33
1
610
112
1365
0
4896
15
37
1
1
0
0
106
5
0
0
152
23
0
701
1
0
0
0
0
0
324
409
0
1
0
48
3
0
2852
1
0
0
0
19
0
0
841
1279
0
0
0
0
3
0
107
28
0
3
0
6
1
341
0
587
1
44
5
37
0
50
45
1
0
0
33
1
44
22
137
3
2
0
0
0
2
87
2
50
0
0
0
0
0
0
0
4
1
2
0
5
6
0
1049
3
2
0
0
13
1
0
2085
1
0
23
1
42
0
0
0
0
350
0
0
0
0
4
1
11
0
1
1
8
0
23
3
14
78
0
0
0
989
0
21
1
4223
0
5
22
10
0
2
8
19
2
0
0
0
0
2
0
9
0
11
10
3
9
73
59
3
4
0
1
351
0
5821
0
127
0
1
4
8
0
2
69
2
10
0
1
0
0
1
0
57
37
0
0
0
1
0
0
38
0
0
0
4
0
1
0
22
0
2
13
2
0
66
6
0
2
0
0
1
0
0
95
1099
0
146
0
214
12
3
1
0
3
0
4
21
0
0
61
1
0
4
0
9
1
6
0
0
213
0
0
2
5
0
94
264
3
7
0
2
0
10
35
3
0
13
0
0
0
6
0
4
4
0
0
166
744
9
0
48
0
0
0
0
0
687
36
0
0
3
2097
10
121
1
1
33
0
0
102
182
0
0
0
3
0
0
0
11
0
1103
801
1
23
15
10
0
10
0
0
1
5
14
0
0
0
0
898
0
0
3
0
1990
1
0
32
0
10
0
0
0
320
1
0
71
0
0
100
0
169
0
339
0
1
0
1
1
11
4
0
37
0
0
2
0
0
0
1
265
0
0
1
13
1278
0
1
0
7
0
0
0
0
22
0
0
4
0
0
192
53
47
7
0
0
1
0
1344
0
0
0
1
3
0
5
0
11
0
0
11
0
1
0
0
1794
0
0
6
8
0
0
1
3
7
0
0
102
0
0
0
0
0
18
21
915
0
1
3
753
95
855
0
2
409
2351
0
16
52
6
2
0
35
0
1
0
36
4
0
0
0
0
5
0
6
1
9
1
1
1
26
10
17
0
0
1
0
1117
1
0
110
5
0
118
11
51
0
8
0
0
0
7
286
0
1
0
0
0
0
0
1
0
72
8610
0
1
0
4
19
0
0
3
0
9173
65
82
455
0
24
0
0
2
0
0
0
0
7
0
2
0
0
0
0
12
9
2
15
0
0
40
168
1
0
33
0
254
3
3
0
2746
1
13
1
0
2
0
56
0
0
0
0
11
12
1
0
1
45
0
480
44
0
0
0
239
444
1
0
0
0
47
17
0
0
0
0
0
0
0
21
0
2
0
0
4
2
1
1
124
17
0
0
0
0
297
0
0
5
5
0
38
1
390
4
0
0
5
1
0
17
0
0
0
0
0
0
1
0
2
1
759
93
24350
24
0
5979
0
4
1
1
539
0
1
2
3
167
1
1
0
0
0
0
0
0
0
2
0
4
77
0
0
0
33
0
5
18
0
0
0
0
1
71
537
40
11
9
4
10
1
0
66
10
0
0
0
0
0
0
0
0
50
0
6
4
1
1
750
0
772
85
0
1
0
1
899
0
10764
0
0
0
2
0
0
0
0
1
977
3
1
0
5
1
0
0
79
0
0
131
0
2
1
0
0
95
0
1
28
2
2
21
0
10
81
0
77
0
106
0
0
0
0
0
1
0
4
0
0
2
17
1
0
0
3
7
10
0
0
196
1
0
133
0
0
646
0
0
2
0
1
0
0
0
0
0
0
0
8
1025
25
0
0
10
34
0
2
0
1
0
0
248
395
18
0
0
0
5
0
0
1
5
1
2
0
0
0
0
188
0
0
0
61
18
5
15
0
1144
1410
0
0
0
0
0
120
929
0
0
0
0
64
0
54
0
6
0
3
6
70
0
16
5
0
1824
0
0
10
5
20
0
0
0
6
7
0
0
0
0
0
0
31
1
89
4
0
0
195
1
1
0
0
0
19
0
13
632
47
27
0
0
0
285
0
9
28
15
0
5
1
0
8
0
0
0
0
0
0
0
0
1162
0
0
0
0
524
0
0
2
18
34
4
0
0
1
68
0
0
0
1
663
0
0
2899
0
2
0
12
0
33
5
0
0
26
0
0
0
884
0
2
0
15
0
3
7108
0
23
1
2747
28
1
0
1
463
0
346
0
0
0
0
0
118
8
9
1
8
33
0
4
90
45
78
180
3
606
0
21
0
1
0
0
1
27
0
0
122
0
0
0
0
0
0
63
0
1
0
0
0
0
0
0
0
0
0
1
0
7
58
0
1
1
1
6
0
1
3
1379
0
6617
44
0
96
684
81
109
1153
6
0
0
23
39
0
0
0
225
1
2
0
100
2
0
5
0
0
2
0
0
0
1
0
0
15
2
1
4488
1
2
82
431
8
0
2
0
0
0
5
0
0
3
0
368
1
5
196
2
84
0
8
0
0
0
0
146
0
0
13
0
0
0
2102
1
3
13
0
0
0
0
0
0
7
153
476
1
0
2
768
6
81
0
2
8
0
9
10
0
0
0
2
1
0
0
2
5
2
0
0
0
0
0
12
0
102
0
133
18
3083
0
134
0
2
342
1
2
0
0
0
1
0
10
0
2
8
780
0
6
1
0
0
30
5
2
0
1
0
0
6
541
0
0
0
0
0
0
0
0
2
5291
0
0
8718
0
0
153
0
339
0
0
0
0
0
0
0
0
0
0
6
1
78
29
840
0
1503
2
1
17
0
0
0
190
21
0
0
34
0
42
0
1
27
0
0
5
0
2323
0
7
0
0
0
0
0
0
0
0
34
0
5
0
0
20
0
0
0
0
0
14
19
0
80
1
3
0
0
0
186
0
0
0
1
0
1
1
0
0
1
4
3
2
4272
0
0
1
108
0
19
1
200
0
16
6
27
4
3
2019
0
0
0
1
0
0
0
22
2
0
2
1
0
0
13
0
0
0
1
0
1
1
300
2
0
0
0
0
0
12
6
32
0
2
36
0
0
0
0
0
14
3
3
0
2
8
0
0
4
691
16
0
0
6
0
0
1
1
3
156
0
0
12
0
30
0
0
0
0
0
0
22
0
13300
9
86
2
2
34
0
22
0
2
35
16
7
0
6
1484
7
0
9
176
0
2
5
0
9
8
0
0
0
0
0
1
25
2
2
0
33
57
0
980
39
1
6
742
0
86
0
208
16
114
2
7
0
20
2
0
0
0
0
0
0
0
1
2
323
1365
0
5
12
0
1
0
1
0
1
1
7352
60
480
2
0
0
0
0
4
9
26
299
0
0
0
0
0
0
0
1
1
1
3
21
3
3
6
367
12
1
1
0
1924
7
0
0
0
0
59
0
0
1
6
4
1
0
0
1
2
0
1
0
0
23
442
0
0
0
1
3
0
0
0
266
1
0
0
0
1
131
21
117
2
5
387
0
6
0
0
0
0
0
0
0
0
35
0
201
45
0
0
0
0
1
1
0
0
1
0
1050
0
4
0
35
0
194
0
3
0
0
10
1
9
1
2
46
231
211
148
0
60
0
11
0
0
0
0
0
0
0
290
6
0
45
88
0
0
7
0
2
0
0
0
0
0
0
16
35
14
13
0
0
1
0
0
0
3
1
0
0
1
1
0
64
3
3
0
0
0
10
0
4
2
0
0
0
0
0
0
0
0
6
18
0
1
0
0
34
0
0
0
756
5
6
0
316
0
1
0
0
8
73
49
0
0
0
0
0
1
0
2
0
0
61
0
832
150
0
0
17
21
1
0
0
0
1
1
0
12
0
1
39
0
0
71
2
11
0
1
196
0
13
0
19
1
0
0
0
76
1278
0
0
0
0
0
0
2958
0
1
0
0
0
229
19
313
1
1
0
0
1645
0
0
363
0
94
6
1
159
0
0
0
0
0
0
0
0
16
1
0
52
0
1
6
160
2
1
0
366
4
26
0
29
0
0
1
0
439
1
11
3
1
7
0
717
1
46
0
44
0
1
7
0
2
6
8
0
20
505
9
282
0
0
5
1
0
0
0
0
105
0
0
2
2
1
0
1
0
5
10
0
13
0
11
1
5
575
2
0
0
0
0
0
13
0
1
9
75
504
4
0
2
0
4
0
8
0
0
38
0
1
198
2
0
9
67
2
0
38
0
2
0
652
140
0
0
1
0
4
0
0
0
0
16
104
9
0
3
0
0
0
267
40
38
6
0
0
2
211
528
85
0
6
5
0
2
0
1232
0
1
3
0
0
0
58
48
0
0
0
0
1
139
0
0
0
0
43
0
0
5330
0
0
419
9
69
0
8
0
0
74
0
0
5
0
0
1
0
0
0
43
1
21
31
151
5542
10
1662
0
2
0
0
0
0
0
1
11
0
0
0
0
58
180
0
0
532
178
220
0
0
0
22
30
1
2
0
913
0
189
0
50
0
0
0
1
0
0
593
1
0
54
52
6
0
100
0
3
785
0
4
0
0
0
60
0
0
3
0
12
3832
1
0
0
0
1
140
1
0
63
0
103
2
3
0
0
1
11
0
0
0
1
0
0
9
0
89
0
914
1
7
0
0
0
0
0
0
0
0
3
0
0
0
0
0
8
7
24
15
2
6
0
0
0
945
0
0
0
44
9
1
10
0
4
2
1
0
18
0
3
0
22
3
0
1
93
110
1
0
0
40
28
3
982
0
0
206
1
0
4787
3
29
107
138
0
0
39
0
0
1
0
1
3
22
1
0
24
1
3
139
20
44
121
69
10
11
92
0
6
0
0
0
373
0
7
0
560
0
726
0
2
0
0
0
0
45
710
0
0
74
0
0
1
0
0
103
0
1
0
0
0
4
6
11
1
0
16
68
0
1
23
0
0
0
0
0
5
5278
0
0
0
0
0
0
0
0
0
0
82
0
113
0
4
0
0
0
2
0
27
0
0
1
170
0
0
4
13
0
0
0
1
4
0
0
0
3
0
0
0
78
13
1088
0
0
90
0
0
0
1325
9
0
0
6
0
57
7
0
0
0
19
0
1
0
0
0
0
1
28
1607
957
5
11
16
0
0
0
0
0
0
0
0
729
1
3
17
10
62
1
1
11
0
0
3
47
0
491
0
3158
238
0
0
0
2
0
0
0
0
1
0
0
2
0
14
68
1919
0
0
2
3
949
0
0
0
0
0
3
1905
0
11
0
0
0
4
0
298
0
3
10
0
0
0
0
0
0
2
1
116
0
679
213
0
0
0
2
0
0
0
0
0
31
0
1
0
1
0
0
0
1
0
0
0
0
0
0
0
11
0
8
1
0
3
20
308
1
0
0
0
0
0
0
1
0
0
1
189
1
1
11
36
2
2
0
1569
4
0
0
0
0
0
2
0
0
0
1561
1
15
2
0
4
1854
0
0
375
0
1495
0
212
1
2
0
22
1
4
0
0
1
0
0
53
10
20
4
0
0
0
1
0
0
0
0
1
0
1
12
0
2
0
4
74
6
0
0
159
20
41
0
0
355
0
0
0
0
1
0
55
0
0
594
0
0
39
278
136
0
1
0
6
0
0
0
0
0
0
0
2
120
28
0
0
0
0
0
0
0
0
4
0
0
5
182
1
0
2
71
0
0
1
3
3
0
1287
11
0
8
0
0
0
0
206
2
7
7
0
0
0
0
20
10
0
39
1
101
0
0
0
17
0
0
2
100
0
47
336
0
1
1
513
0
8
171
80
0
0
103
0
0
29
0
2
4
1
0
45
7
2
15
0
0
0
1
127
1
1
39
2
1
3482
8
0
1
8
0
1
2
1
0
0
0
0
0
749
14
0
123
0
1
0
7
0
0
0
0
0
2
0
10
259
2
99
129
1
0
0
0
4
0
0
0
0
0
0
2
220
58
56
1
265
2
0
10
430
1011
44
0
525
0
0
0
65
2
49
0
0
0
12
0
0
0
72
0
0
0
810
0
1
8
10
0
6
0
71
0
5
7
0
0
19
0
35
12
1099
0
1
4
0
0
2
1
1
0
3
0
0
0
0
0
8
105
3
0
4
0
7
12
1
1
0
0
688
0
3
0
0
55
11
12
0
0
4
1
15
0
7
0
0
0
12
0
12
7
1
1
0
5
0
3
1
1419
31
0
0
0
1
32
0
0
444
1
0
0
2
10
1
1
129
0
0
0
0
18
0
1
2292
0
1
2
33
0
0
2
0
0
0
14
0
0
18
3
77
0
0
0
0
5
51
31
4
0
0
0
0
0
11
2
5
13
461
0
2
0
856
3
0
0
195
0
813
0
0
1
8
0
0
0
0
0
1
0
2409
2
0
38
0
22
0
21
4
0
0
0
4
0
0
503
0
0
17
0
0
0
8
35
0
2442
0
1
12
7
3
0
4
0
0
0
0
0
0
0
0
0
3
15
1
3
0
0
0
0
10
1
0
0
105
1165
0
0
6
50
11
0
1
2797
0
0
2
0
0
1
3
13
1
0
39
0
5
0
0
1
0
0
0
0
151
0
1
647
18
0
7
39
4
0
1
13
43
0
0
0
0
0
3
62
22
47
78
695
0
52
3
0
0
36
19
0
0
0
161
2
0
0
0
0
133
69
5
0
0
0
0
0
0
0
0
2
0
0
0
0
0
153
11
248
0
1
13
6
238
0
0
59
161
1
2
0
0
0
3
429
190
0
0
0
0
0
46
3
0
0
384
326
3
63
11
212
0
0
80
13
1
0
0
0
78
1
0
1
170
3
0
0
0
2
0
0
0
1
125
0
1
1
0
0
422
0
0
79
0
0
0
0
40
0
0
206
14
2
0
0
431
215
1
0
1
0
0
0
0
0
721
0
9
0
0
1
0
0
0
9
0
0
0
0
3
0
2533
8
2
289
0
0
138
0
0
2
0
2
0
0
0
1
1396
1028
0
0
0
3
2
0
0
4
0
182
0
6
79
0
8
15
1110
15
71
15
5
0
1
2
10
0
0
600
0
0
41
5
6
0
0
195
600
1
12
0
0
19
0
0
7
59
2
94
48
7
1
0
52
0
122
0
1
0
0
0
0
17
87
0
1
1
79
0
1
0
0
0
1
0
0
3
8
0
6
7
1243
0
36
19
0
33
1
0
4
0
0
959
0
0
0
6
75
18
2
517
8
10
1737
338
0
0
0
27
4
1
34
0
36
0
2
0
74
91
42
0
0
11
0
0
0
0
0
20
0
6
0
0
113
128
1
0
0
347
1
2
6
132
0
0
5
4
1
1
1
4
25
767
966
0
0
117
0
0
1
0
0
15
2
0
0
2
4397
0
36
3
0
18
8
15
2780
96
0
121
1
0
0
0
0
0
0
0
0
0
0
4
0
54
1961
102
1
28
1
0
1
0
0
0
1
0
24
0
82
3
14
1
2
0
0
0
102
1
30
0
0
104
0
3216
0
0
34
127
0
0
0
24
8
4
0
74
0
285
7
2
0
896
3
0
0
0
4
234
0
0
0
339
0
0
0
60
0
151
322
2
1
3
0
6
1
0
0
223
0
0
0
3
0
1
1192
0
1
3
0
0
0
0
0
0
0
1380
0
38
0
3
0
5
0
1
6
1
0
5
0
75
0
7
0
10
0
2
0
2
194
0
0
0
6
1
0
33
0
0
0
0
14
0
37
759
0
7
505
0
0
0
0
0
0
10
17
0
5
0
13
93
50
71
4
10
0
0
2
0
0
0
0
26
0
1
6
1
812
6
2
1
1
0
2
0
0
1056
34
1
0
0
4
2
0
0
0
1
2
3
0
33
0
0
0
14
0
192
4
1
56
18
0
0
9
0
1
211
0
8
0
0
1
0
1
0
3219
0
2
0
28
0
0
0
0
5
0
0
835
0
0
0
736
18
0
1
0
5
65
0
1
164
0
6
0
0
1
75
4063
0
0
1
355
1
0
4
0
1
0
0
3
2
7
0
0
0
147
30
0
0
0
0
2
0
0
0
11
1442
223
7
69
0
0
0
1022
3
2281
0
0
941
0
0
180
1
6
29
0
5
0
0
0
3
231
0
2
2
0
7
1
0
0
3448
321
0
0
333
0
1
737
0
0
0
0
0
135
4
0
2
1
0
12
3
1606
1
0
82
0
10
5454
6
14
10
151
536
0
6
238
0
0
0
1140
0
0
0
0
4
1
0
6
1
8
0
0
0
4
2
0
3
0
0
1870
0
2607
0
1
0
194
1
329
2
1
0
0
0
64
0
0
216
5
430
0
0
0
0
1738
0
0
0
0
0
0
9
0
0
3
0
82
2
0
0
0
15
0
1
19
0
0
0
0
2
10
25
14
365
59
1
0
0
0
0
0
0
60
0
0
14
0
0
3
0
0
0
6
0
2
0
1539
0
0
0
1
194
0
3
289
0
0
0
0
262
0
0
0
0
2
1
99
159
1
40
84
1548
2
0
4532
1
0
38
0
0
0
1
0
1
8
1
15
0
29
10
0
0
117
0
0
0
0
68
1
29
2859
52
1
0
0
0
0
181
3
326
0
0
67
0
0
539
0
28
46
0
19
1
0
4
0
0
1
0
0
4
0
1
0
0
1455
1
2
0
47
6
23
1
11
0
0
0
0
9
2
148
2
2
2
4
6
0
0
212
32
2
0
0
0
0
28
69
10
0
0
0
0
0
0
0
0
1
0
0
0
16
1
0
2
356
72
1
0
0
0
0
0
0
0
29
17
0
2
0
0
26
0
1
347
43
4
1
0
0
0
1
0
163
1146
11
1
3
0
26
252
2
1
58
0
0
31
1
1
6
0
0
0
0
0
0
4
2
0
122
0
0
0
0
0
26
7
0
411
0
2
2
0
191
1
0
0
0
0
11
53
0
0
62
2
1
6
1
0
4
1
2
1262
283
0
0
0
0
687
0
1
7
0
66
101
0
0
0
0
2
0
107
1
1
17
1
2
6
1
0
0
4
0
38
0
0
0
0
0
7
1
3
4646
0
0
0
67
10
0
0
0
0
1
7
0
0
0
0
2
0
0
30
1
0
50
6
37
11
2
0
0
196
0
1
3
1
15
0
0
1
15
2
1
27
8
21
383
15
10
113
2
0
0
0
0
29
0
1
1
1
0
1
0
147
0
763
0
0
0
0
0
1
0
0
0
0
0
0
40
0
4
7
86
0
15
1
627
6
95
12
2
7
1790
0
0
55
2
12
0
6
2
10
0
1
3
926
150
0
0
0
1
0
0
83
506
0
0
0
27
1
0
4
0
2
1
0
1
5
0
9
0
0
234
16
0
4323
0
0
0
0
0
6
0
0
0
10
0
1
18
0
33
0
0
0
27
0
1336
0
1229
0
0
0
2
7
2
369
29
258
0
6276
0
0
25
99
3
6
78
3
0
0
0
0
1
0
10
0
0
0
0
0
0
12
0
134
2
0
0
0
0
2
1
0
1
0
0
0
0
0
5
31
0
17
2395
9
5
2
3
0
0
0
0
0
423
5723
0
0
78
294
0
1
11
0
0
0
0
0
0
0
0
0
0
1
0
0
1
1
0
0
48
0
0
59
0
0
0
6
13
31
0
0
1
0
0
0
1
0
0
2
0
3
13
0
3
33
1
0
0
2
0
2
70
1
0
0
0
0
495
11
0
1
0
4
20
0
101
0
0
0
1
16
13
0
0
83
132
67
0
2
2
0
56
0
987
0
0
0
0
0
0
23
241
3
13
0
0
0
2165
0
2
0
0
0
1
9
0
0
3
6
0
1
0
2
191
8
0
123
5
0
1
0
192
0
72
3
0
10
227
6
44
0
0
110
2
0
0
1
2
0
241
0
4
0
0
0
0
0
0
0
0
0
1
1
291
4
0
1
0
0
0
0
2
5
0
0
0
0
1
0
26
0
1
7
817
12
2
1274
26997
4
5
14
0
0
9
0
1
1
2889
20
5
0
90
0
2
408
3
133
0
0
8
72
330
7
2
20
0
0
0
0
0
15
1
0
124
62
0
0
7169
2
0
23
0
0
1352
0
4
0
11
0
0
0
0
0
0
0
0
0
3
3
10
0
0
90
0
0
0
0
2
0
0
524
0
57
0
0
0
1
1
137
0
0
0
290
0
9
0
3
32
26
0
0
0
0
0
1214
2
0
0
0
0
0
35
1
0
2
2
1
0
0
1
0
0
0
0
0
0
0
0
0
0
112
0
63
12
6
4182
18
109
6
0
0
0
0
0
1
15
190
1
0
2
1
1
0
0
97
89
43
1
1340
0
0
71
1
16
0
0
0
3
339
11
0
2
7
0
0
45
44
1
7
78
0
19
0
1
190
1180
1
0
0
0
124
2590
0
8
237
0
11
2
0
0
0
2
2169
0
0
0
0
0
1004
0
97
1113
0
0
0
0
0
1
17
56
12
1
1
0
267
0
0
0
111
0
1
2
0
1
1
0
0
0
0
0
183
287
0
10
2
549
1
29
474
0
1
0
0
0
1061
0
1
0
1
0
0
0
1
1
6
80
0
2
0
0
0
0
0
637
1
2
7
0
4
0
4
67
0
0
0
0
0
0
0
2
12
4
6
1
0
0
0
0
0
0
16
0
0
0
3
0
0
2
49
26
0
0
149
0
0
0
0
1
6
40
0
10
0
0
0
808
0
0
62
15
2
0
0
0
0
0
1
0
1
9
0
27
1
11
3
0
3
0
0
0
233
0
4
2
1675
327
0
0
0
0
1
0
0
0
1
0
0
0
6
0
51
1
0
28
0
1
0
0
0
0
0
0
70
0
101
17
0
0
0
232
4
0
253
0
2
0
0
0
0
0
545
0
6
0
0
50
1
0
1
0
0
0
0
0
44
13
0
3
5
10
0
0
0
2
22
0
270
0
2
0
0
0
2
2
0
214
4
0
11
1
8
0
0
0
0
0
14
1
0
0
123
0
35
1
9
1
0
2
0
0
0
0
0
0
0
1
1
0
0
13
0
394
0
0
24
0
9
0
2173
26
6
0
2
0
6
0
0
2
0
6
22
0
0
0
0
0
4
0
75
0
2
0
0
0
0
0
0
0
0
0
4
496
0
2
10
0
0
8649
184
13
1
10
0
5
0
0
0
0
1
0
1
1
0
0
1006
0
0
317
1
1
0
0
26
10
7
20
10
1
0
2
0
0
0
1
31
0
1
0
0
0
41
11
21
4
21
3
0
0
23
0
0
0
0
0
0
0
0
9
6
0
0
13
0
8
0
12
0
0
0
0
0
0
13
0
0
1
12
0
3
4
0
6
0
0
0
0
0
0
0
20
0
4
1
0
163
0
23
0
43
4
0
0
0
0
609
0
1
6
12
2
0
0
26
0
0
0
0
0
1203
3
717
12
7
0
22
0
1
9
0
11
0
114
0
0
68
0
0
0
2015
0
0
1
1
0
0
2
1
0
1
0
0
28
4
36
0
0
47
222
732
21
1
8
697
0
8
0
1
0
321
0
111
340
18
0
0
0
0
0
0
14
0
0
1
0
8
1
0
0
9
3691
3
76
805
13
8
137
0
0
21
0
35
0
1412
44
0
0
0
0
16
2
0
12
25
0
2
484
0
21
374
8
0
0
21
0
23
0
1
31
0
0
0
0
0
206
532
0
0
0
0
1
0
0
0
0
0
0
3
0
0
0
20
0
351
17
2
79
1
53
0
67
0
0
0
0
0
0
2
0
0
91
5
0
0
1
2
0
91
0
3079
2
4
0
145
4
0
29
499
1
0
1
0
0
0
0
0
0
23
0
0
101
0
0
0
0
3
3
0
8
0
0
11
0
1
0
0
0
0
1307
1
2
0
4
930
1066
0
0
0
0
0
0
0
0
596
13
55
2
279
0
0
0
0
1
59
0
3
5
3
5
77
0
0
0
0
18
0
0
0
0
0
1
1500
1
4
0
0
5
16
7
0
0
0
0
0
2
66
1
0
0
612
0
0
4
3
4
0
0
3
6
0
0
1
0
0
0
0
0
725
0
0
0
0
25
1
0
0
0
34
0
17
0
1
1
40
1
0
0
1
0
0
5
0
2
0
0
0
0
0
0
0
2
10
486
0
0
2
14
0
0
109
0
2
3
1148
0
0
1
3
128
0
1
0
2
0
0
0
0
0
0
864
0
3
0
4
51
0
2
0
1
0
547
105
0
129
4
924
5
0
0
0
8
1224
1168
1
823
0
0
0
0
217
5
2
5
0
5
4
0
88
0
0
0
0
0
1
0
0
8
28
3
0
0
6
53
5
9
124
1
0
0
0
0
8
0
157
6
25
11
2
8
0
199
0
0
4
1
113
0
0
0
497
0
11
0
0
49
55
1403
1
10409
0
0
0
0
0
1
66
3
0
1
111
11
2234
0
0
19
0
0
24
0
0
0
0
0
29
1
9
142
4
0
0
86
0
0
0
0
274
282
1
0
1
0
0
1
1
0
0
0
0
0
174
0
0
1
76
0
0
0
0
0
0
0
0
6
1
0
0
1
0
0
0
0
6
1
1
299
16
0
0
0
0
1
27
0
0
0
0
476
0
134
0
0
48
0
0
2
0
0
0
0
0
499
64
3
0
0
50
0
0
14
2
513
1
0
0
0
4
36
0
0
240
0
0
0
954
24
0
45
0
0
0
48
0
0
3
0
0
6
23
2
10
0
1
1
0
0
12
208
0
0
1126
13
136
0
0
128
0
1
0
0
0
0
0
0
0
1518
1
1
683
4
69
0
0
515
1
52
0
0
123
1
11
0
284
5
0
0
0
69
9
3
0
12
0
0
0
61
582
0
1
0
0
2
3
0
0
0
0
0
0
0
0
1
1
5
65
6
22
0
0
1
341
1111
0
9
0
197
0
59
3
118
0
176
6
0
0
0
0
0
0
0
0
9
12
0
0
1795
3
0
29
98
0
0
2
0
0
5
1
0
0
0
7
32
0
0
0
0
1
4
0
0
0
55
0
0
0
5
5
22
4
0
2
0
630
1
0
14
0
0
0
155
0
131
0
0
295
31
6
17
2147
2
65
793
4
9
0
0
0
33
2
0
2
32
31
0
0
1
0
546
0
0
2
0
0
0
2
4
2302
14
0
1
16
0
16
0
0
0
0
0
16
2
1
22
0
286
0
0
4
188
0
0
0
0
0
1
0
1204
0
84
6
6
1
6
0
0
7
7
0
0
0
0
0
0
2
11
1
0
0
977
0
4
6
68
416
0
0
0
0
0
11
0
1
3
0
1
46
10
648
0
0
0
0
0
2
341
11
13
2
5
0
220
0
5
91
34
4
41
0
0
0
0
0
0
0
0
94
5
12
598
0
162
50
0
0
0
15
2
48
1272
27
1
2
1
8
0
0
8
63
831
498
0
0
0
0
3
6
6
0
143
1
0
0
0
1
0
0
1
778
13
37
1
0
34
0
0
1
0
2479
0
14
1
0
0
0
0
26
0
1
3
0
66
292
0
0
0
3
0
0
0
0
0
1
1
0
1
0
0
0
8
0
1
59
1216
1
0
0
0
0
0
0
4643
0
2
59
3
41
87
0
0
0
0
51
7
0
0
0
674
0
0
0
18
1
0
6
214
0
0
0
0
0
4
142
1
1
3
0
0
1
0
0
0
0
1
79
24
0
1
0
5
67
0
0
1
24
24
2
4
0
0
0
0
0
0
0
110
0
0
1
0
1
0
0
0
0
0
262
1
0
2
0
1
1
4
9
0
0
1
0
0
1639
0
0
0
0
0
0
2
12
1
4
5
0
4371
18
4
0
1
1
0
1
33
0
4
1
0
0
4
0
9
7
1
0
1
0
0
3
0
11
0
0
0
0
11
2
194
0
0
0
0
4
0
0
0
0
0
0
0
2
12
90
4
0
0
19
0
0
0
78
0
1
0
1307
64
91
0
3
0
638
0
0
1
864
0
0
0
1
4
2728
0
0
1
0
1
25
0
0
0
0
0
2
0
205
5
0
3
0
0
1
0
0
0
0
0
0
0
0
1
2
1
136
515
0
1
16
1
1
0
0
0
0
0
1069
0
13
7
0
3
711
1
0
0
1
40
0
8
15
0
0
23
7
2
8
0
0
1264
0
85
2
28
4
0
3
0
0
0
0
636
63
0
0
452
53
0
1
0
0
0
31
865
0
1
0
26
0
6
38
7
1
6
0
25
0
0
0
0
1
0
1
113
0
171
1
0
0
6
90
0
0
0
0
0
167
3
0
48
38
16234
10177
200
1646
9162
9359
28035
7248
7637
32020
38
10477
274
147
6238
12708
12401
11419
5104
38
320
9825
11179
1612
3153
12167
18224
1612
4925
9309
28147
2397
17662
28035
31255
163
0
320
28035
4191
1150
165
180
509
6
320
38
31657
38
13577
3439
12859
17941
587
274
1060
4263
28035
30
147
839
320
268
11480
363
14
723
15
9571
6
0
39
0
12
10664
22
1
0
124
2105
692
22
11204
934
1030
0
0
11
27
8
0
3758
1527
24023
4
1655
0
48
1171
10735
8204
3849
0
3473
2049
878
295
5780
0
2124
36004
25
4716
6
804
206
12711
21
2318
6926
88
48
266
6110
57
6842
8113
2
8
0
0
1
1
5383
0
358
3691
56
663
15640
9388
3422
72
430
3463
6299
0
14
0
9370
0
30
12974
0
10
510
164
1
19
5269
11
64
10134
922
0
0
0
0
2
10
0
6
0
208
2
0
4893
3418
0
12
29414
0
139
8262
317
64
100
3342
0
1331
0
7408
74
1
0
12
3499
48
1602
1
52
987
4
573
0
0
10264
27
29
3
0
0
198
4
5544
111
0
1056
0
1
100
2
92
15
0
73
1
14649
0
15091
2525
6636
0
0
140
31
1
36
3
10
6
81
24
2
9
0
5
6
835
73
47
4
1
244
1
185
86
18072
889
2
2
142
17370
10601
183
633
0
0
233
3
715
1
80
0
0
17223
2
45
33
0
201
0
3011
0
15769
1963
0
755
3551
256
251
3
0
4
9056
9
0
37
65
95
16607
0
13
0
674
10
1
1004
666
1
4
271
7
256
508
380
90
548
304
0
26
13
1
1
3954
0
6
1066
1
0
25
23
0
8
55
1164
1
1006
779
3
4468
124
213
35
2088
2
137
1
6304
413
0
39
760
29
4670
24490
0
13
297
1
623
0
0
0
50
23
2
53
6
4
247
19
325
4022
1297
42
0
59
5720
84
34
272
5
591
0
1
0
0
150
1
169
1
131
0
16
17
3740
2
21
24
0
439
741
8
1299
0
0
290
273
1
1089
56
4
46
9086
203
1412
239
12
2017
34
0
2429
6
2224
13
0
0
1
2
1054
89
0
1176
11
0
146
73
28
155
4
0
0
162
0
42
0
7
2
13
8
0
0
1
944
1
67
0
8
0
446
24
0
16
0
0
1514
3
1
0
9
554
4116
143
0
0
468
1
4386
23
1107
11
0
38
978
0
528
111
1105
8
0
5
6777
188
26
113
404
20
0
9
28
223
0
22
4
33
0
21
2
1
860
1
4
3
2557
249
7
1
671
35
0
5
0
0
8
5
0
0
3038
1085
1
1075
552
2334
57
0
0
1845
4309
20
7
3
10
5
1358
28
1
0
0
1
515
0
0
143
5
0
26
5
0
0
38
0
0
160
361
396
4
121
38
788
5
86
545
476
1
724
329
7
4
341
269
5
0
7
0
0
0
2018
113
3
6
78
3153
88
268
17
50
867
7
0
43
349
6072
0
0
2
622
942
0
20
33
191
0
69
2198
169
504
476
450
511
10
0
21
1432
90
3
61
0
233
11
39
7813
58
6
2
22
3
0
670
31
1373
0
1
2
3
0
0
2
4586
12
691
7
168
1893
1275
5
30
18
20
1
0
0
0
0
292
53
0
0
5
4
5
3
117
0
0
19
511
2130
5
0
1
0
0
2577
1
0
1
0
21
46
3
2779
654
7
0
1
0
1860
259
132
0
0
2
0
3
7
3
2089
0
0
194
0
3
0
55
0
0
369
13
4
313
638
0
0
3
651
4
2
9129
1
2050
8
60
0
0
2259
1
215
9
11
0
0
1
12449
0
0
5197
0
594
0
550
0
141
0
60
4
10239
83
9919
554
0
0
1
24
0
6
0
33
1
20
2
24
199
3
84
13
104
0
1062
6045
1
577
3
933
14
1
420
85
3380
19
0
28
172
57
0
3
57
0
3
0
1690
98
5543
0
2
1
0
1
1841
1
1031
6702
41
0
0
178
63
4745
3
1362
4
174
0
0
0
389
1837
226
27
8
117
554
871
7
6
4
0
0
99
19
0
44
0
89
0
3235
16
0
0
1
19
256
12
25
0
0
11
0
0
0
0
0
4841
914
453
612
0
21
0
87
0
0
144
37
36
117
0
25237
0
0
0
0
4089
49
11
302
1
2
152
6319
41
45
0
0
0
1
17
0
1
21
1
0
2
22
11462
0
7
137
1
0
1
830
726
0
79
18
5
0
637
1
1
36
60
0
0
1
1
0
0
0
0
816
10
8
0
87
1
81
1
2
2
0
448
73
10
0
0
18
0
45
0
0
65
5
8
0
0
0
24
3416
1
0
1
0
8
61
1
0
399
34
20
178
0
0
31
5
798
0
2
142
0
190
0
1
6635
209
1
0
2
8261
325
1
6393
393
761
0
0
1
252
1
12624
0
24927
0
3643
66
144
876
0
0
50
19
0
6
631
1
1
1
0
8
1
1
0
29
66
117
0
0
20
83
78
0
4
0
32
1
16285
1554
29
0
0
0
0
1658
2
654
0
1
248
0
1
5
311
2458
0
1190
4636
59
342
303
3
16
45
43
2810
0
48
13
0
3
23
6
0
10
0
40
1
1141
7211
5
301
7
832
0
3
2
1
11485
14
0
6
605
0
1
9
0
488
4
0
1003
1153
13
0
2
42
0
0
4
3
2
6924
1
29
2
1
2
1
3
1
2
4
12
0
0
0
85
42
506
4
0
18
52
4621
1758
0
2
0
0
6484
1
15
1
129
4
4
0
37
0
0
14
1
189
0
16
0
12
0
2
181
5
12
15
5
81
226
1
1353
899
23
11
2
11
19
0
3261
71
15
9
0
2
0
260
0
10
169
13
1110
3097
21
14
26
0
473
3
0
0
4
1
1380
1367
0
91
74
2
86
1
572
0
1
0
0
0
1
30
0
0
556
13
0
3
236
8
0
59
0
7
23
20
7
7
0
4
0
2
0
9
3
60
59
0
20620
0
51
0
0
248
1
55
255
2
0
1
0
0
0
24
14
1833
0
0
67
15
11718
0
0
1
0
4192
1
0
4
0
52
72
6
0
0
0
3522
2
0
1
0
154
0
0
4705
0
334
0
42
2
0
0
0
42
6099
2
1
2494
4
243
11
0
22
0
12
9
0
177
0
0
271
3
1
132
50
108
961
6
0
1
0
96
0
0
104
81
0
0
0
7
3
1
0
0
3
45
84
0
743
0
0
0
2
0
578
0
0
217
302
0
1862
12
0
1836
0
0
0
4
4
152
0
4
2
349
6
69
23
0
116
0
493
26
309
0
46
0
1
159
2
0
4
73
6
0
137
31
0
7
0
3
1
0
50
171
0
0
0
0
161
679
13
0
193
0
15
1
12
1
611
7840
0
1
308
73
43
1
0
26
2
0
1381
1
168
0
5359
19
0
0
1
0
40
57
0
17328
5442
6
24
0
6
0
218
199
0
1
2
58
8
0
0
24
0
6
39
2
0
0
32
258
0
0
7
0
0
0
1020
12
22
207
2
11
2
10992
399
552
5486
226
1
10
0
2
118
0
1
0
26
210
2
0
4655
465
0
0
75
6
0
186
0
3
7
1705
232
0
25
0
1
2115
0
628
745
12
35
0
0
0
832
75
2210
4
74
0
1
8
0
0
191
0
131
3284
4
1
0
45
0
3
0
1010
0
1
1617
776
333
4
10097
1
4
1
0
1
195
47
49
0
13
0
3
0
37
0
0
0
0
2237
0
745
22
0
29
1422
62
8282
0
2
1
1
27
20
0
83
5241
0
41
6376
1462
0
418
1
0
27
0
0
348
6
0
5945
0
0
0
49
0
0
0
297
0
0
0
3
6
16
4
179
77
586
88
83
33
15
0
2
0
1275
0
9
4
23
19
2
0
0
2
0
33
0
11
5
0
0
0
160
19
0
0
12
1867
0
25
0
4
0
93
1586
0
0
4
20
12575
3
0
1612
0
13
3
0
438
299
0
0
848
1390
1
881
1
1367
1
0
0
0
0
8
0
4
0
979
0
5164
757
0
1463
1
2
0
1853
3
8
0
0
2
145
60
1
28
0
166
0
0
0
0
0
244
0
618
0
0
5
3211
0
34
5875
159
3
2
488
68
0
219
103
0
0
12
0
1
44
0
0
12
0
0
0
4046
3
8
7
0
0
1
0
5
0
0
224
1
270
0
4964
1
48
0
15
1479
1
56
0
130
23
2
70
0
1
0
3
1
0
0
59
9
1482
0
111
127
2348
1
2
2
7511
0
31
2
24
10
3
9
1339
0
2
0
0
57
1
1669
0
0
0
0
82
188
11
0
0
4
1
0
0
507
4
0
424
0
14
0
2127
59
2
0
1
1
3
391
0
9
1
0
0
0
39
0
0
1
2815
4
0
0
0
0
6
1
0
2
226
0
1083
0
0
20
0
0
738
1
1
1
4
111
3
1
1
0
381
0
1
1
61
0
159
157
1
0
1
5
282
49
60
3479
0
0
403
18
0
0
97
368
1
33
0
1
0
0
2
1
1
0
6
0
0
12
0
0
1
1
0
35
766
56
0
0
0
35
0
7
1
5
12
4408
17
5
3775
1
0
0
0
4
46
0
2
0
61
0
2
1
0
0
490
0
298
0
1
327
1
0
0
0
0
1054
265
11
0
5
0
1
0
0
0
1
222
2
396
0
2
346
224
14
0
6
0
1
0
112
663
0
7
0
1
0
0
1
206
16
3133
0
10
2
0
0
140
1
524
919
75
0
7
1
25
168
7
0
121
1
10
12
24
856
0
4
139
0
1
236
1
4
15045
563
0
1
20
24
0
1
0
1
1
0
104
11
0
0
0
10477
0
0
0
1093
184
3
0
1
2
0
0
4
1
5
15
1
5
0
0
0
21
0
0
2225
82
653
284
19
17
0
66
0
1007
10178
10
2
185
7048
51
2
30
0
76
0
42
6
7072
8
0
1
4
2
0
2
542
3
1
5672
280
226
1056
0
0
89
1
1
81
3
7
0
0
0
0
0
0
0
7782
2
7
24
2
16
0
0
3
24
2
0
0
3
0
6
1
0
16
185
17
624
49
0
0
1452
163
2
50
0
536
3023
0
13
4
22
963
0
528
13
0
0
0
0
0
16
2
2
11
0
62
0
1
4
52
0
4
1
48
20
136
0
94
0
5
0
0
25
0
0
0
1
37
0
115
2
0
0
19
0
1
24
6
12
0
3
35
0
1219
0
0
0
0
0
77
12
1
4
388
0
1
2111
4
18
0
51
2
0
40
1
596
0
78
401
82
5
1
0
585
0
2
0
1
12
0
1622
34
1907
60
0
1
0
4
0
0
114
1
73
899
108
3434
15
0
7
0
3
39
0
0
7
0
0
49
1205
0
44
29
0
2
22
47
0
52
0
0
0
0
0
4
600
24
0
1
9
1
60
48
249
795
246
33
0
0
0
1
16
238
0
0
1762
0
7
1
1
2
6
0
1
0
0
0
0
4
21
10
0
5
0
414
10
0
6
265
2901
2
0
0
0
8
0
8
0
38
0
2
1
386
0
0
0
0
99
22
2078
0
5
2
2
1
13088
58
114
1
0
25
6506
2513
0
1128
0
0
124
55
26
0
102
2623
1
1392
5
1
64
0
4
0
0
263
0
203
0
4
274
15
0
0
0
376
172
236
1
9611
8
0
1087
0
3
26
493
0
0
28
8
1
0
1
64
4
0
0
0
2
0
152
23
776
7
0
113
3
1
2
0
580
0
0
0
0
0
1
9
29
2
1
1
357
2
0
16
3
3
792
0
1
22
0
34
22
0
4
0
0
2
5
1
20
0
56
0
0
98
0
0
1
1976
5
394
12
0
0
0
0
0
0
0
576
6812
0
0
0
3
5
2
737
2147
5
3
1
18
0
0
6
0
357
1
0
1
0
11
1413
392
12
0
69
0
0
110
78
10
1
0
2828
3124
3
1
0
1
1
0
0
0
4
0
0
0
0
0
3
0
6558
0
0
31
2
0
0
0
0
50
0
2
12
0
0
229
0
0
26
4
21
18
0
0
0
3642
0
895
2902
7
2
1479
43
8
2
3
0
169
9
19
28
242
17
0
25
58
99
12
0
0
0
5
75
0
0
7930
0
0
0
28
0
0
0
4184
0
4
0
3
15
0
0
0
209
11
0
2227
19
0
0
56
12
0
0
4
0
3
0
0
71
0
29
0
72
327
3241
74
3
95
245
1
19
131
2
4321
13
0
0
3
0
2
0
67
0
181
0
3
4135
0
315
24
0
0
0
3
323
0
0
9
2
0
0
1
41
78
0
15
33
0
0
164
1
1
448
11
16
8
246
0
0
0
0
12
42
1
0
0
1677
8
0
0
9
3
0
0
95
4
43
13
3011
0
0
0
8929
7960
4
6
1095
35
0
0
270
1
0
75
5
1
385
0
0
0
963
132
0
2
0
8
3
4
0
0
5
16
487
5
24
119
142
0
1
53
3
63
1
0
0
1
597
0
12
4
3
1040
3485
1
15
70
1
4
43
0
1
2
4462
6
0
2
405
33
7
0
109
0
1
2
344
0
2
303
0
0
0
1
1
0
9
0
0
82
1
115
0
0
0
0
29
793
0
1
3
1
0
0
0
0
2
5
0
0
3
0
1
0
0
0
80
3
6
0
0
0
0
0
7
3
0
24
24
6952
76
0
15
7
0
0
25
17
21
0
4
860
0
4063
68
1
3
8528
0
53
399
1
3
3
1
0
1
0
0
0
10
0
3
3527
96
64
0
0
0
0
279
117
0
0
63
0
97
0
48
0
0
1
9
1687
162
10
1
2
1
7
41
0
4643
3
0
40
17
2
160
0
6
361
2
5
1
1
3147
0
6
0
31
6
0
62
0
16
0
8
0
94
0
1
0
0
152
0
1
25
1
0
0
0
0
1
0
877
15
0
0
1831
8
1
0
23
3
3
0
0
4
107
7
2
460
0
0
0
0
1
0
2
73
497
7164
0
54
0
0
1
149
0
0
74
0
85
43
0
0
56
0
1
233
0
3
39
0
0
0
1
0
309
122
0
0
2
0
0
3
0
2
0
7
0
14
8
3
0
31
14
0
0
2
0
1
0
0
2
1
1
13
22
0
0
6805
0
56
43
0
0
33
17
0
38
16
0
305
0
0
0
0
0
0
0
0
0
5
0
0
0
0
33
0
1
4
0
666
1
12
3
0
5
2
1706
71
23
1
0
0
0
4
0
2
10
1
0
0
26
0
0
0
41
0
0
0
46
0
0
29
161
0
0
0
0
0
29
2398
0
5
2
1
1
1
0
2
0
6
1008
0
0
3
0
2106
23
36
70
3
0
25
0
2
31
4
39
3
1636
14
4915
0
6
293
2
0
0
0
0
0
0
4
0
39
0
0
0
18
423
1
0
0
0
9
0
0
0
1
1
823
113
7
20
884
0
1
8
0
44
92
0
171
0
0
0
0
2
94
3
6
743
0
16146
57
30
0
0
218
5
273
7
737
59
0
94
0
0
13
1
2
9714
0
1
0
0
0
0
0
0
7
7
12
9
0
0
12
0
2421
1774
0
0
23
4852
5
0
1548
0
0
0
211
0
0
17
7
1
0
0
2
329
0
0
0
0
14
1046
81
37
0
0
10
26
1
2372
0
115
113
51
1
1
1
0
0
112
0
2
0
0
0
0
0
0
0
16
0
20
0
1
0
1040
9
1
21
1
4
2
0
0
0
18
3
0
3
180
0
0
0
10
4
0
0
0
0
0
391
0
5
238
13
5731
3
20
32
120
126
44
1
0
12
175
0
36
1
491
3
0
2563
13388
0
0
0
0
0
454
9268
0
0
0
4
2
1
15
0
0
8
0
2
0
2
2
3
4574
12
1011
0
3
3
570
0
0
88
0
225
0
34
0
644
346
0
1616
0
77
0
5
1888
0
2
20
71
211
0
0
310
11
691
441
3
0
0
5
0
4
3
0
1
1
0
0
2
0
5
0
26
0
0
18
0
0
3
2
649
0
56
162
0
2
2
1
0
0
39
1
16107
1
3
252
0
2
4
102
0
3840
0
0
0
2
0
27
1
0
0
0
0
22
0
0
468
2
0
0
7
1
1
0
2
119
0
3
0
10467
6
0
684
0
0
0
48
0
1
0
0
4
0
169
2
3300
468
0
1748
91
26
0
0
1
0
0
0
1
8693
1
32
2
1
0
0
404
57
1882
5
1
0
56
7
1
2
0
2
2
0
400
4
59
0
0
15
0
338
4
0
0
0
0
0
9
0
1
3
0
17
0
3
133
0
271
0
388
0
1
1
43
7
2
0
0
0
5
86
93
10
4
14
1
541
1
0
0
0
2747
0
1
1
0
0
0
0
3
8
94
1
0
0
0
78
127
7
1
0
0
0
0
10
0
29
0
11
0
0
10
0
60
467
0
0
1
0
5
10
1
0
0
1
5
1757
444
66
16403
53
1
0
30
0
68
1
2
3
0
0
1
675
10
845
0
0
54
0
0
4
0
5
0
6
0
2
0
0
0
8393
997
0
0
12
0
140
46
1490
1
0
139
2
0
0
102
0
3
27
9
9
3
50
1181
141
0
0
0
0
5
7
3
1228
489
0
314
18
68
1658
38
0
0
6
3
12675
0
0
0
0
0
13818
1000
0
0
0
0
0
1
3
1
63
1
2
0
1
1
1
244
0
279
3
686
0
3
0
2
4
0
2600
3
1
0
0
0
0
0
0
297
33
3
1
1
0
0
4
4
0
2
0
19
2
1
5
22
1
375
2
0
1
94
10
206
0
1
5
0
0
263
1
0
0
1
0
1653
1
0
3
0
287
1395
0
34
121
210
0
3
0
0
0
8
0
0
0
1
0
15
0
600
0
12
3351
0
27
2
0
13
1
0
0
0
1
3
0
37
1
543
3
3
0
3
0
71
34
14
141
125
0
10
58
4
0
18
34
0
0
1262
0
0
1144
0
0
3
0
0
26
254
2
5
0
7
0
0
0
3
3
51
116
1
535
0
1
5
1
8
44
2
0
0
28
0
0
5
13
1
37
0
0
0
1
1
19
1
166
0
5
6054
19
3
1
536
828
4
0
0
0
8
0
167
0
121
0
4
0
0
19
1
1
0
0
6165
0
714
8
0
738
0
0
0
10
80
0
19
0
65
0
14
0
1
0
0
151
4
20
2
150
0
0
0
65
5
97
1
428
0
0
117
10
0
0
0
1
2
39
0
2
0
3
0
0
0
325
2
0
0
0
1
1
0
251
460
0
0
72
518
3109
502
1
0
16836
0
0
559
3
0
43
0
0
149
2
0
2138
2
0
28
1
77
0
0
27
0
497
11
0
0
3
685
0
0
0
8
0
0
78
0
1
64
8
0
2
0
38
0
0
2374
839
0
1
2
0
9
0
5
0
454
1
0
0
34
0
1
27
0
31
411
1
30
0
0
1028
1
0
0
1
36
5220
1
0
444
0
3
0
1
34
88
0
48
0
13
0
3392
63
0
0
0
1
0
2
0
2
0
3
0
1
9
6
0
0
52
2
0
0
1617
0
4
0
0
0
0
1
8
4
1
76
7
56
95
338
5742
1233
0
0
0
2
43
0
1
0
1
3
2691
0
1909
1
0
3072
12891
0
16
0
1
0
0
3
0
0
0
1981
61
4
1
2
0
0
5
12
0
92
0
0
0
0
209
0
137
22
0
100
0
1
0
0
303
11
640
0
2
105
0
3
0
4
19
3
0
0
0
0
12
9
469
21
4
663
0
0
3857
0
2
1
1108
0
7
472
1
47
8
0
0
0
0
0
2
1
0
198
1
3304
0
1
0
98
2
1
0
0
0
1
0
0
458
1784
0
0
0
0
1795
0
0
0
688
3
0
0
0
0
26
3
4
0
0
0
1
0
49
20
20091
3
2
29
3
0
247
81
1
5399
0
0
0
729
173
16
0
52
0
9
8
0
38
11
0
1
57
7
0
1
183
0
0
0
141
0
15
92
0
1
162
0
0
308
0
0
42
0
2
0
0
0
82
0
14
0
165
0
0
0
1
0
1
3
5
0
0
101
42
9
137
12
2
1
9
0
0
28
2
0
7
8
657
0
1
143
0
1
0
1
61
0
0
404
0
0
48
0
1605
53
0
109
1
3
1
0
0
11074
5351
0
0
0
4
2
0
2
8
1
0
0
2
4
0
0
8
0
1
0
535
162
1
0
87
23
0
0
1055
0
1
3
24
0
2
0
0
0
0
19
0
3
0
1
0
22
0
32
1
115
0
0
1
0
2
0
0
0
10
3072
153
0
1
0
0
0
1
3
0
1
634
0
0
47
0
1
6
206
0
7
0
0
151
0
0
147
1
4
2
0
1
0
1898
5
1
132
1
449
0
17
6
30
46
1
35
2
8
6
0
920
5
0
2
203
0
4522
1
0
2979
6
0
0
0
170
37
0
0
463
6
0
25
0
2493
0
4
0
0
27
7
9
11
1
0
1201
1
2
0
0
62
0
3
0
0
29
0
3
2919
22
0
119
125
4
151
1
447
0
2
12
0
397
85
4
1
0
2392
0
0
0
0
0
0
1
0
53
0
0
0
0
0
0
0
5
10
0
1
13
1
10
103
550
0
0
4
1
0
3
0
2
4073
2
0
1
5
3
2
1576
1
16
2
543
9
80
0
17
6
0
21
3
6
9
0
0
88
0
10
0
1
2
3
6
127
1217
0
2811
0
57
0
5
0
0
10
2
0
0
0
11
2
0
469
9
0
0
3
3664
1207
0
1
17
2
0
0
0
0
0
0
21
0
5297
324
93
0
56
6
0
8065
3
0
1
0
193
3
1
0
0
1157
0
0
169
0
24
0
11
331
0
0
5
0
5
704
12
50
1
0
1
4
44
19
13
0
1
64
18
9
0
5
2
98
23
40
0
0
0
134
17
0
0
3034
4
0
0
1
3
0
4
69
57
37
5
2
8
0
166
0
145
25
0
369
0
0
201
6
1
0
1
9
9
12
0
0
4
444
36
0
0
0
2
0
0
1
33
0
8
1
0
1
1
0
0
2
1472
1
0
0
0
0
1
0
93
0
7
4
0
612
1
2
1
0
0
18
0
0
0
4
0
1
0
0
0
1
2
2
148
0
0
4
849
1
1
0
0
300
6
52
87
0
0
1
3
2
7
8
0
4
220
17
1
184
372
0
2
5
680
4
0
2841
0
270
2
6294
2756
13
6
0
139
26
8228
5
226
0
0
0
4282
0
1
15
0
4
1
0
1
245
76
1514
13
0
0
4
7
0
0
0
0
29
0
24
1
0
0
5
0
9
0
1150
0
77
0
181
4
7
1
0
6
4
0
0
1
5
1
0
0
0
19
2
0
1591
3
0
0
2
61
5
0
0
0
0
3
173
0
43
0
0
17
2117
0
2
21
15
0
1
0
6
0
0
2
5
0
33
2
3
67
4
1
1604
0
0
0
0
0
0
0
0
1
0
0
37
0
33
7
7551
5
1
2264
0
0
11
18
0
0
44
3
0
1
0
0
34
0
0
0
0
0
0
1
15
0
1
0
0
0
2
0
64
1
0
0
0
3
2
366
1
0
54
1
20
0
0
15
882
703
303
3
0
955
5
8
481
0
2
79
0
0
0
0
1
1
15
507
0
1
2
2
2
0
22
0
0
0
0
0
0
6
0
1340
392
3
8
210
0
0
0
0
6
46
0
33
0
1
2
0
620
3
2
0
19
35
0
0
29
155
19
0
4
12749
8
0
1
0
0
0
0
0
165
20
1
2
0
2
188
2
2849
1
4
75
1
80
0
0
69
1
37
0
0
0
1
20
0
0
75
1648
0
3
1
3
1
404
2
0
133
0
0
2
0
13
3
9
0
0
0
0
0
87
33
5307
0
0
4
2
430
0
0
1419
0
0
0
696
0
0
0
12
0
0
8
0
51
4
1330
24
0
0
0
0
0
2
3
16
0
0
6
2
32
0
8
0
1
0
0
1
0
0
3
0
1
0
211
0
5
0
2
97
14
1
221
1
0
22
0
1783
11
0
0
4549
0
5
0
4
0
0
0
3
2
0
0
0
0
0
7294
1
0
0
0
0
6
3
44
1
0
25
5
0
1430
2
10
43
18
6550
6
888
118
38
0
1
1
56
2
3
1
43
1
4
1
0
46
1
0
10
990
0
0
1496
2
0
0
1
1
315
7785
4
33
9
101
0
68
12
0
58
0
0
0
0
0
24
0
10
0
168
0
2497
31
1409
0
5
218
1
191
0
2
6
1
7
2
1
0
6
1
0
9
2751
20
1
59
173
0
0
21
988
0
4
67
0
1
0
1
1156
0
5
55
0
0
0
0
2
0
0
3
0
0
4
4
47
0
2
0
1
2455
4457
0
54
1933
0
2
0
895
0
0
19
0
0
19
0
1024
0
1
4
1017
18
752
1
0
3
3
0
0
10
3
10
16
185
3617
20
0
6
2
38
0
105
0
5
119
25
0
0
3
143
0
5
0
0
94
1
0
134
45
326
1
0
13
0
0
0
1
0
1669
0
97
0
0
471
0
39
118
0
0
0
0
50
0
1
0
0
427
2577
1
7416
0
0
0
0
36
1
0
0
15
11
327
2
241
0
0
1
0
399
56
0
53
0
0
4
3
0
0
0
1
0
0
0
0
0
84
0
14
0
11
0
0
4
2
0
12
1
2111
0
0
0
131
0
7287
0
9
88
0
1
2
3
0
2474
152
5
64
22
0
0
0
1
1
20
0
3
0
0
1
4
1
0
0
0
0
0
3
9
0
3
0
1
0
351
2
0
90
0
2
3
0
0
1
2
0
2
1968
24
2
1
1660
0
2
1
28
71
15
0
21
1
68
0
0
101
55
0
609
3
1
0
194
22
66
19
205
28
7486
3
4
25
0
0
8
20
36
0
0
0
197
40
0
24
0
3
0
23
0
160
90
0
1
0
1
1
1176
1
0
0
0
25
1
0
2
0
1
1
2
0
12
1
0
0
0
2
574
0
0
41
14
7
25
23
1
1
9641
8
230
4
9
0
0
2
0
1
2
0
0
0
37
0
10
0
0
598
0
6
0
11
0
0
1
6
0
0
4
9
179
0
6938
0
0
4
362
7
23802
41
8
2
0
858
0
1
10
68
0
0
0
0
0
14
0
0
0
0
4
0
8
220
0
0
1
0
2
15
0
3
6
0
2
272
1
2
3
0
0
485
21
2
0
32
0
0
0
49
3
2
0
1
1
0
0
5
17
181
0
0
3585
6
2
4
1
32
585
21
0
0
0
296
17
0
0
6
0
0
0
0
4
2
0
51
321
16
16244
2
1
1040
5
1
14
1
0
0
3
2
3
2
10
0
0
0
1
262
0
0
91
4
0
9
101
1903
0
28
0
0
0
0
0
5
0
12
0
7
223
9
5
1871
0
1
0
0
0
0
2
0
0
0
12
1
0
62
7
0
8
1858
4
0
98
7
6
0
14
571
1440
10
6
0
0
0
0
1
0
0
0
0
17
0
0
0
0
3
0
1
651
2
0
19
0
22
9
27
0
0
0
72
2652
0
73
56
0
1
0
2
1
0
0
0
0
11214
116
51
638
198
0
0
2
35
4
0
2
0
2
352
0
3
3
76
47
0
6
1
0
3
0
0
0
5539
0
0
1
11
1
0
1
3
0
0
3844
0
0
1
0
0
1
0
0
1053
0
6
92
0
0
0
0
1
47
1
0
0
0
0
0
55
0
131
0
0
0
74
16
9
0
0
0
18
17
0
9
143
6
9
0
0
0
112
72
554
126
0
1
19
0
1443
1
10
0
1653
65
1
0
0
0
92
0
274
12
2
0
0
1
20
1
17
2
751
456
0
0
8
1920
0
0
0
0
0
0
0
0
0
680
88
0
0
1
45
0
15
711
39
38
14
3
80
0
1
1
1
4
0
13
4
1
642
0
22
1
8
3
3
0
5
7
3
3
0
1
10
69
1
104
0
65
0
0
2
16
7
20
24
2
2
0
59
417
0
16
0
0
0
0
34
0
0
0
158
0
2
2
0
1
16
2
59
400
1
0
0
0
2027
0
0
0
1
0
9
221
0
4
83
0
1
2
0
0
82
0
0
0
1
9
0
118
605
2
9
500
75
0
808
0
1
39
22
1819
17258
0
0
5481
0
2
0
0
2
0
105
5
0
100
10
15
52
1
6
42
35
0
0
0
0
36
786
0
28
0
2
3
4
24
415
19
2
0
607
0
12241
0
0
2
0
2
6
10
34
184
180
139
0
1
0
0
4
0
0
2
2
0
2
1
0
0
38
4
0
0
0
0
74
1
4031
0
0
0
10
0
5
4
1
5
3
0
0
760
4
1
0
2
0
9
20
44
7
2
1
0
1
487
1
0
0
1
404
0
0
5
0
0
3
13
0
0
2
1
125
220
0
1
5
4
2117
0
1079
15
2
0
1
170
0
114
0
0
1
0
6
24
1
44
0
172
0
3
28
0
16
33
0
131
8
123
1
10
1
0
0
7
0
43
3
6
0
0
143
0
0
187
500
398
0
0
1
3
1
0
7
1179
220
2
0
4
2
0
3
1091
8
0
9
0
0
0
27
0
0
0
0
1
5
0
0
0
0
18
1
217
0
0
7
743
4
1
0
1
915
3
0
0
183
0
0
3
13026
0
0
29
0
0
831
0
0
627
0
1
0
0
62
1
0
0
80
0
0
0
0
1943
0
2
152
84
255
0
10
43
30
0
1
0
1
2
891
0
19
0
2
0
0
0
1192
0
0
3
0
3
2
6
0
14
21
72
1
1
0
0
0
0
78
0
3
0
10
0
79
182
815
20
565
0
0
1814
1
0
1
266
0
13
0
47
0
0
0
20
11
37
163
310
0
3
3
0
71
0
2163
0
21
0
0
0
2489
0
0
5376
3
2
0
0
2
1
2371
89
0
0
2
69
2
0
7363
1
189
0
5
0
6
1217
0
8856
0
0
72
2
0
0
0
4
114
0
0
0
0
4
120
2
7
54
0
1
0
2
8
0
14
4344
18
0
0
320
1
16
34
0
5
0
0
1
0
211
2
0
0
0
0
33
2
3
0
133
2
7
24
0
1
0
23
0
7
0
0
69
15
0
9
1766
0
1
334
0
47
674
46
0
0
7
0
0
252
7
0
123
960
310
86
1
0
0
4213
192
2
6
0
586
521
0
0
0
0
0
68
0
2
1
0
0
454
81
2
78
72
1
0
1666
283
0
0
0
0
0
5
0
419
0
1
15
1
0
0
434
235
0
0
2
342
1
0
0
0
4
0
210
2714
2
524
1
1
0
0
1
152
6
0
8
122
0
0
5
0
0
0
0
2
0
3
0
0
0
2
4114
0
0
7
140
7
647
0
0
0
689
0
120
0
9643
16227
4465
1921
265
0
1
0
0
6
262
0
4
0
0
3126
0
0
0
2884
0
0
33
3990
156
17
6
6418
776
0
2200
0
5
0
30
14
0
31
0
1
2189
3
0
12
0
159
1
0
18
11
0
1
2
3859
31
0
11
4
0
0
6
0
0
1212
0
75
0
10
0
19
4725
14
15
4
0
0
4
9
0
0
0
0
0
0
0
0
0
0
6
25
0
8
0
3
31
2
5
2
1
0
0
7
16
0
6
0
259
9
0
350
2388
0
21
2
22
220
0
83
0
0
0
1
2553
0
0
10
1140
52
2
12
0
760
1
1
57
1
0
17
6236
0
3
931
0
181
687
4
2254
14
0
2018
525
0
0
0
2
24973
1
77
0
4
0
2
8
0
0
0
0
1
86
0
41
1
0
347
5
0
11
9
0
28
0
70
0
46
5
0
4010
0
4
6
0
1542
1
1
0
21
265
6
0
0
0
0
77
24
0
7
1
4
76
3
0
1
3
2
8678
0
51
233
0
7
30
7
0
13960
0
5
10
1
100
2
0
0
0
0
6182
26
0
512
0
0
4
3
0
31
15
68
184
24
2736
0
11
0
5912
2
652
755
640
9724
203
0
0
17
3
95
0
0
5479
1
2
1
2
33
296
0
1485
0
0
718
48
27
0
10
3
0
157
11205
133
102
1
5551
289
0
28
8
0
0
0
0
0
0
0
0
223
3
0
9
9
0
0
52
88
0
0
14
360
48
64
0
4
86
0
1818
10
150
0
6
1566
14
4
202
48
47
0
0
1
0
7
0
6
0
0
2
41
0
0
0
0
1
2
0
0
0
0
131
311
1
1
884
0
0
2
0
0
5
1
14
239
0
0
5
16
113
868
0
1952
1
2519
0
6
0
10
0
4
5
0
0
0
199
2
0
1
0
848
3
0
1
0
1
0
0
53
1133
9
13
6
0
10
20
175
0
1
0
0
1765
726
1
19
1
2
2
9443
747
1
0
0
0
0
0
4
0
0
0
0
1
0
4
0
0
5
97
3
1958
0
0
1
0
0
93
1
68
3
0
26
2
731
0
0
0
0
25
33
6071
8
0
0
0
1
0
0
113
9
394
1
1
0
0
2041
0
145
154
2
2
29
0
31
0
0
0
0
32
0
0
0
182
3
0
166
121
1
0
0
41
0
0
5
1280
68
0
1579
0
1
0
0
0
0
0
1
0
2
2
0
1
0
9
0
1539
0
4
0
0
0
2323
1
11043
1
1
0
2965
34
0
3304
0
108
0
1
0
9
17
0
11
2
0
0
9
1
0
1
0
147
0
2733
2
0
3223
0
0
0
5
0
0
31
6
26
0
113
626
443
216
0
2918
1
0
18
0
0
0
1
63
101
19
1074
0
90
0
1348
9
9
4
3
3
0
0
2
0
3
6384
0
113
113
2
320
0
0
2
32
0
0
1
0
0
0
0
0
0
12
0
0
0
0
0
866
1
54
0
0
0
0
0
1
43
0
216
19
2
830
0
0
2
435
0
0
3
2
4
1143
0
1
26
3
2
0
2
34
0
0
29
0
0
11
3487
1
2
0
7851
0
0
275
0
8
0
0
0
205
0
0
2797
3
269
51
0
0
1
4
21
0
0
0
0
1
0
4
0
6
3
0
16
0
4
6
2939
118
0
0
0
0
3
0
77
988
0
9
22
1
13
0
7
3
1
58
68
407
0
1360
0
2
0
105
4
19
0
113
0
0
1
0
0
0
5
8
0
3
0
20
24
0
90
9
1
1
6
5
0
70
1981
65
1
154
0
10588
0
3
0
0
4
0
56
192
0
0
21
8
12
0
0
29
88
1
0
0
6617
3
16
0
320
5
0
19
11
0
0
0
3078
6
44
365
1
7
0
0
0
0
72
59
0
0
41
83
2848
148
0
4
1
0
0
0
0
1
31
0
0
0
109
3
1
436
0
0
180
0
0
2
87
1
1
4
6
0
1
0
35
0
13
0
2
0
72
0
1
0
0
0
9056
786
11
0
0
0
41
0
2
1
1
31
0
30
0
0
0
0
0
6
15988
0
1
33
1
0
1
8
1
2
1038
1969
0
6350
0
0
21
0
0
8
0
1
1
0
3
0
2157
1
0
0
0
0
0
2
1
0
207
0
248
17
0
3
0
0
1
94
124
0
5
7
1250
2
3
317
0
0
0
7
84
901
93
1
1
7
5399
0
1
0
184
797
5
0
1
0
105
1
1
0
0
1
7
0
0
7
0
1
209
112
3
2
27
467
4
0
80
46
1728
6
0
0
0
0
18
0
0
15
290
1
222
0
0
16751
0
0
2
0
3
0
0
0
0
0
44
0
3
0
0
158
1
0
88
4
0
0
121
0
5
0
18
192
0
37
203
0
1
1308
0
0
0
0
1
0
16
19
1
2
0
1
0
0
0
0
38
0
0
0
1548
0
25
2
2
0
88
63
0
5
5
322
0
21
59
2263
0
5
0
0
6
0
0
1
0
0
4102
0
0
1
0
2
15
0
0
0
1
0
0
6
1
1
1702
0
0
0
0
10
0
0
1
1
74
10
0
0
0
0
1503
0
0
0
1
0
5
0
5629
0
495
0
0
0
1
25
0
932
0
2
0
2
0
6
0
0
0
0
0
740
0
1
347
0
11
4
0
276
13
11
5
0
0
0
1
0
334
0
314
0
17
0
205
0
0
0
1
247
23
0
67
0
2
0
21
0
0
103
2
0
1
52
2
19
0
0
0
0
0
0
11
0
0
382
6
22
0
0
0
33
0
1
167
0
0
1
3
0
2
0
2
0
2
3
0
0
133
391
0
216
2
3
1
108
0
0
1829
0
1
122
960
0
0
5
0
0
17
0
2
0
3
6
30
0
0
1146
70
52
1
1
0
0
0
0
0
1
0
304
0
0
0
167
0
0
0
0
0
1
0
4
1165
0
38
0
3
78
5
14
1
1
8167
1
0
2
0
0
80
1
0
0
4
0
22
0
0
680
0
3
2
0
1
0
12
53
42
0
1
0
1070
0
19
1
0
0
98
75
15
0
20
0
1
0
0
0
0
94
0
3
0
0
0
2
93
389
6
0
570
0
1
0
0
1
51
6
54
0
2
0
1
17
55
20
0
0
1
0
6
2
115
0
7
24
0
1
0
0
0
0
0
0
9
0
0
17
6
2
1
0
2
18
33
10909
0
1117
99
13
1
293
13
1
0
35
5
0
0
302
0
0
7
0
0
0
0
12
1548
0
52
1
207
74
1
0
71
5
131
12
9
0
0
0
0
771
7
1
38
40
8
1
1
0
111
1
0
0
26
1
0
0
3
2
1
3
28
0
12
0
2
0
0
218
196
1
44
4
242
0
3
0
0
35
1277
1
0
0
8269
1
1
11
2
1
4
0
0
6716
20
0
1
0
0
0
0
44
320
0
2
1
1
200
3
0
0
0
0
1141
43
36
2
0
5
5
0
0
0
2
1
32
1
32
4
1
19
974
4665
0
0
0
580
3
0
9
8
24
0
0
13
4
2
0
0
0
12
55
0
3
2
0
43
3
0
0
331
0
209
2
2
0
107
0
36
5
2
5
957
2
161
11
0
3
4
2
4
0
1
1
0
4
15
0
0
1
0
0
601
7
1
15
0
0
11
83
6
0
0
258
0
1
0
18
951
96
3
0
0
5
0
1
2
0
97
14
0
42
0
0
1
0
0
0
15
0
1
0
4933
1358
25
8578
1
0
2294
0
2385
0
0
0
50
6
0
29
0
0
16
4
0
0
10
881
261
0
7
1
1
0
0
1
17
3
255
0
1446
0
0
235
4
4
1
0
4
0
2
59
46
0
15
4
48
0
0
105
13
0
847
8
55
1
148
0
0
10
0
13
11888
1
62
249
0
78
0
0
1
36
0
2
143
422
0
68
0
0
0
1376
0
0
0
3
1
0
1
440
3
1625
44
0
7
34
0
0
18
641
28
0
97
0
6512
2
0
1
0
31
9
3
0
6866
4
0
1
0
17
17
2
1
5
3
9
2907
0
0
2
378
2071
38
1
4
0
66
0
15
0
5
0
315
1
1
40
0
0
64
226
0
8
0
0
0
128
0
3358
0
1
2
0
0
424
1
5
0
16
62
3
0
30
0
2
177
4
0
887
21
8
1278
9
0
8
0
0
0
31
0
0
36
4
452
0
0
0
62
0
0
0
6
0
4
73
1
101
1
0
27
47
0
0
2781
4
1
0
38
4
1247
242
0
0
0
3
0
0
0
0
5
125
59
0
0
1
0
16
0
0
1
0
1
15
1
5
3240
3
1
1
0
7
63
0
0
16
0
6
134
197
0
0
3
0
0
1
30
0
0
13
814
29
145
0
400
0
0
0
10
0
10
2
0
1
1
81
0
0
0
317
1
0
0
11363
70
0
0
0
2347
0
127
82
0
0
176
0
2
0
29
1
137
1
9
3115
0
110
0
8
0
0
0
29
0
8
0
0
0
0
4779
0
3
890
11
0
0
4
0
0
0
42
50
0
94
0
562
11
0
7
0
602
0
0
0
0
5
35
0
0
112
0
0
66
4011
0
0
0
0
0
1
5
0
0
122
0
9809
7
3
1
0
1532
1
2
172
0
9
110
6
264
0
1
104
66
0
0
1
3
1
0
0
27
20
0
0
0
0
23
41
1
0
0
0
0
47
274
0
0
6
0
0
11
0
0
1
0
0
0
12
0
6
36
0
4619
1
37
8
0
0
0
7
1
0
0
0
1
1976
1
8
12
114
3
11
0
0
1379
2349
0
802
2
0
1
0
623
9565
0
18
0
1
27
0
1
2
1
14
8
8
291
2
4
0
1
11
0
0
2
358
0
0
0
4
0
0
2051
4
0
0
3
6
1
0
0
0
12
0
9
361
0
0
5
270
0
17
1
16
1
0
55
0
1229
0
5
2
0
22
1
1
2685
41
2
0
0
7
0
128
0
0
0
0
2
1
3
711
0
4
1
0
0
5933
0
2
0
340
1
0
10
221
0
0
0
0
28
0
1
2
0
0
0
133
19
6
0
0
1027
0
38
24
5
3
1
0
0
0
190
0
2
3
1
0
5
0
0
0
0
16
0
0
3
7
1
1
3
1
9
0
76
2777
0
14
2
1351
0
0
0
206
1
23
0
0
0
33
9704
0
0
0
0
0
0
2
0
0
0
355
2
14
207
27
0
4
1
0
34
0
0
4
0
0
0
337
1
0
0
152
183
10
0
0
0
204
0
0
0
4
24
32
6
0
0
0
2
3
0
7
221
2
2728
3608
3275
0
0
3
47
0
648
41
1
0
1359
38
0
1
23
0
91
0
2
0
0
0
0
0
2
16
53
0
3
3
0
0
105
0
4763
0
0
62
21
0
0
0
0
6
0
11773
11
0
179
1159
0
2
7614
2
0
1
480
0
0
54
3990
2
1
3
0
0
0
0
4
0
0
0
0
0
8
1
3
95
1
0
4
116
4
50
6
0
0
0
0
96
17
0
0
3
1181
0
1
2
0
0
0
4
16
1
9
0
0
1608
1
118
0
3
23
3
0
12
0
846
0
0
0
0
0
0
23
0
29
0
2
0
0
27
13
0
0
0
0
1
489
2
172
42
19
28
205
712
934
3881
0
549
21
0
1680
0
3
5
1
3
62
6
6
0
0
0
0
112
0
89
0
4
0
1
7
1
0
0
0
0
2
305
1
2
98
9
1272
0
0
0
0
0
0
1
2260
0
2
12
307
460
131
0
25
3
1
0
0
2
3
87
0
626
0
3
0
4
3
0
0
1
0
105
0
20
15
8
0
0
2
0
0
799
0
0
0
0
0
0
322
8
1273
0
1
4
0
0
31
2
0
0
35
0
355
2
80
0
0
198
0
2
0
2056
15
1
156
0
0
348
3
0
0
9
573
0
0
8
2
34
0
1
57
0
3
0
76
0
0
198
0
0
0
0
1
0
0
0
0
4
2
64
0
0
0
186
2
1
0
88
1
1
0
0
0
2
0
0
1
0
0
0
37
0
1
0
7
2
0
0
229
1
0
1086
2476
0
0
65
1
6
2161
1
0
0
7793
0
42
0
270
11
0
172
0
0
133
3
36
0
5
0
0
34
0
11
162
0
2
0
80
38
2
1
4
6
21
4
67
155
7
5
0
966
1
0
0
0
2
0
4
3
33
0
0
850
0
194
21
0
1736
1200
125
1
0
0
30
0
0
0
0
14
0
0
21
12
0
2
200
31
0
0
1
0
0
15
1
6
0
0
17
1
2
23
1
0
0
0
15
0
1571
24
1
1
0
0
0
7
11
0
5
1
0
0
675
5
1
11
6
103
0
83
0
0
2
1361
7
32
0
3850
10
0
0
4
8594
5
6
0
3
2
0
0
7
0
0
158
0
1
0
63
0
0
0
5
0
38
0
0
0
0
4
862
3
453
0
9
415
3
0
0
0
835
2
0
1
0
0
0
0
6
337
527
0
0
3
0
0
6
22
31
0
64
0
66
3
64
2
326
2
21
9
0
9
1
1740
126
1189
6
80
43
5
0
0
129
29
15
0
26
3
1
0
1
2
0
0
7
0
0
13
0
0
0
0
28
123
0
3
0
1530
8
0
2
45
66
0
0
1
1
0
827
0
0
0
1
2
1
3
71
0
0
0
2622
1
82
0
0
1
2020
0
0
3
41
0
4
1
0
0
0
0
0
14
0
3
0
0
364
847
2
0
0
1
0
0
154
854
6920
1
0
0
1
2
0
0
56
0
31
1002
97
668
10
272
7
0
0
0
1
0
1
0
0
0
1
0
139
647
12
0
0
16
0
1
0
1079
1
0
1
114
0
0
0
0
282
0
6
62
747
207
0
0
68
0
0
268
0
1
4
0
0
52
405
0
0
2
0
0
10
0
42
0
57
0
0
0
1
1
4
0
0
0
1
0
0
36
0
1
1
10
2
0
5
1
0
893
11
0
0
1
0
10
5
121
3
5
0
1
1
0
0
1
2
2
3
0
0
0
2
0
0
0
12
5
5
0
8
0
22
0
0
0
1
0
45
0
0
0
0
0
139
8
270
0
0
0
0
2
42
3
0
0
1
5795
3
3
3
0
1
0
0
0
0
1
6690
0
1
12
4
49
0
0
1
0
0
32
15
457
0
4
0
3
0
3
0
1
2
37
7
3
5
7
5
1939
0
0
6
0
38
116
0
842
11
1432
0
2
10
0
0
0
0
316
9
34
0
4528
0
0
7
0
11
1515
1
4
1
0
4576
3415
479
16
13
0
6
0
134
0
4
46
3
15
0
0
0
0
1694
1
294
0
0
3
1666
0
269
9
1
0
0
0
0
1
86
15
13
1
58
0
0
2721
41
9
1
0
47
10
533
0
41
1
7
0
0
0
398
0
0
8053
33
0
4
0
0
8
0
32
85
0
2
63
0
0
13
19
2
0
0
2
5150
5194
0
0
1
7
0
2
0
18
1
1
38
1
150
0
0
4
12
0
0
280
0
0
0
11
2135
0
0
0
49
3
1
1
568
3
5367
112
0
0
0
15
174
81
76
25
0
0
22
69
2
0
3
0
0
5166
3179
645
99
0
0
0
41
0
0
88
144
0
20
0
0
104
0
0
1461
231
0
0
0
66
0
0
0
2
1
57
103
0
113
2060
134
1
0
0
6
0
9
2143
1027
47
467
2776
0
1
0
18
210
1
0
0
0
0
829
160
29
0
0
6
23
2
0
90
89
1
0
301
0
0
1234
0
65
3
0
0
1
0
0
0
1061
5
0
0
0
0
0
0
23
1
6
4
0
4
0
1
1
2
0
0
8
0
19
1
0
0
4
17
0
4
0
26
9
1
0
102
36
0
2
0
37
0
120
4
0
4
9373
7645
0
1006
0
0
0
5
3
7
2
164
65
139
0
1
2
0
0
0
0
0
17
1
116
0
2
2584
1
24
0
52
2
63
1
87
0
0
31
4
20
0
5
1783
1
0
0
0
1
24
24
0
0
5
0
0
174
0
39
1880
2
0
0
1004
30
1
1
28
1582
7
0
0
21
17
0
2
459
1
0
7402
7
40
88
7
15
0
0
0
41
0
4122
0
1772
1
1
0
0
120
6900
68
0
0
25
0
0
0
22
55
3
0
2
296
2
0
0
962
0
60
24
10
0
0
0
282
4
0
0
0
5
0
4
0
423
44
1
1
1
776
5
4
3
29
1
1
95
214
408
1755
286
10
26
2
0
0
106
0
4
0
0
16
0
2
43
0
0
0
0
2
28
0
104
0
0
0
0
110
2
0
2
233
0
754
1
27
1
122
8
0
581
2
401
1
579
0
0
32
1654
0
0
0
24
1
1
0
0
0
62
0
0
2
0
0
0
0
4
1
1
0
0
0
5023
114
1
4
0
1199
0
0
0
16
0
89
0
0
0
12
0
112
53
1
8
0
1
4
824
179
0
2
0
1
0
11
6
70
0
0
452
2
0
1
9204
0
0
1
0
0
5
0
2
0
0
268
6
0
0
1
1849
2
94
14
0
11
53
7
55
5
7
0
0
189
345
91
20
0
3
0
301
25
0
2
0
0
2
0
3847
103
0
90
5
14
2
0
1
0
75
0
3670
32
30
1
1
0
32
1
102
4965
8
10
0
286
0
2
1
0
567
0
0
0
5
0
3
78
1
0
0
1
21
0
10
2
140
1
0
125
0
214
45
147
10
0
0
0
0
7
0
35
32
9
25
211
4
0
0
0
6310
1
2
72
0
28
0
0
4
0
33
2
0
4
0
13
4
3547
0
1
128
25
14
0
0
0
86
2
222
0
298
8
0
4
0
1664
1
37
0
1
2
0
0
0
0
3
0
0
19
0
0
0
0
0
0
2
0
0
38
0
0
0
54
1
819
0
0
8
0
12
2
3
0
4
469
5
0
140
144
1
1
0
13
7
12
135
24
174
0
32
5
9
48
552
2
0
6
52
0
1495
0
0
0
10
101
0
0
159
0
4
0
0
1
0
302
1284
0
2
1
0
0
1
1
12
0
2
128
0
0
0
1
29
0
1089
0
0
0
0
2
5
0
0
1012
7
3
0
425
31
0
0
0
1
0
3140
0
0
0
0
0
2
168
7
0
0
0
22
0
0
18
0
0
0
533
0
0
0
0
0
0
3
1
0
15
1
0
0
0
0
31
0
0
0
11
29
7
2
1
2
0
6
0
77
1046
32
3
19
73
6
0
0
0
0
0
0
0
925
0
521
10
21
60
6
10
0
0
2
47
0
0
1
0
10
1
0
0
1
1165
567
0
0
399
0
0
0
70
0
1417
0
1600
353
32
0
73
6
2
1
5
12
5
12
7
0
17
2
0
121
33
0
0
668
0
16
14
0
1466
0
0
0
0
0
0
10335
1
3
3
1
0
0
11
0
3
0
2
0
0
3
0
0
1
3
0
3
0
0
0
926
0
3
0
0
92
793
19
251
0
0
93
29
0
1556
0
7
1
12
0
1
0
43
0
1
0
0
0
16
2
27
10
206
0
0
202
2
0
0
0
2
0
2
24
0
0
1
0
0
0
0
6
0
0
1
0
0
0
1
0
116
0
1
7
0
1
2
0
53
0
15
12027
0
1
1
2
0
27
1
2
0
0
0
5
0
2
0
0
831
0
2
8
0
1
0
1
0
1
0
0
1
1
0
0
409
44
0
3
2637
0
3869
0
0
1
0
0
41
17
0
0
1
0
47
7
0
0
3
0
1
0
52
0
9
0
2694
3
0
5
0
0
1
0
3
14
545
0
5
1
0
0
2
16
1
0
114
9
226
0
3
4
3
0
262
211
0
70
1
1
0
4
136
8
0
1100
0
0
32
0
1
0
2
0
1
0
22
0
1685
1
1
0
0
1
0
1072
0
115
0
41
0
0
0
0
0
0
554
0
0
0
21
0
0
0
2
192
1
45
1898
0
5
2
198
0
0
0
1
0
2
1
670
12
1057
24
0
3
6
12
51
4
2553
1
0
0
1
1
1
84
5
0
2
0
3
2
74
0
0
1685
0
734
0
10
367
73
2
0
0
9
0
3
61
25
2
543
18
9
33
0
0
2
0
1
37
0
0
0
0
0
2
8
141
0
1
3
293
19
31
0
0
35
0
64
0
82
2
1
0
0
0
0
435
0
0
0
1788
0
10
66
44
0
0
625
213
0
5
22
2
0
0
126
0
1
13
83
0
2
24
0
14
150
10
24
0
0
3
25
0
0
0
0
1245
0
0
8
34
1152
1
0
1
1127
0
0
3
0
18
173
18
0
1
23
16
2
0
0
0
0
0
0
0
0
8
0
0
0
0
0
7
6
38
7
1154
0
1
0
505
24
5
0
0
0
0
1
0
26
103
0
4
330
1
0
0
0
4
1
1
0
1
6
25
0
3
2
3
1
0
0
0
2
0
0
149
2
1
0
0
3
0
0
4
43
2196
0
0
0
4
0
41
0
112
0
14
410
282
2
0
0
109
0
1
0
2
1
0
18
0
1
0
20
0
4
609
0
116
0
2
0
0
0
90
0
0
3
7
0
19
0
1983
6
26
1
174
0
0
58
1061
0
212
482
0
0
0
1
0
120
66
0
0
7
0
359
4
2
1
85
10
269
12
219
0
0
1
168
1
97
3
1
0
0
304
7
0
1
97
0
0
2
1
0
2
0
866
0
16
43
3
0
583
82
0
0
31
0
1
0
1
16
0
13
1
0
0
0
373
0
0
0
1
19
16
0
0
0
0
0
1
0
698
0
1
0
5
0
0
106
1
47
1
529
0
925
0
36
1
542
1
511
0
5
1300
0
1
830
34
0
0
0
80
8
0
1
55
3
220
1
5
0
2
0
1
4
0
359
2
7996
0
0
0
0
0
0
0
0
1
2998
0
0
6
36
0
14
0
0
2
1026
0
0
0
1313
4
981
2
1252
34
0
0
3
2
0
14
1
19689
10
0
0
0
6
0
5
0
0
0
54
0
9
2
2323
0
1
7
0
13
0
23
0
0
0
26
0
0
1
2
0
0
1
0
0
3
1
878
2
7
492
98
0
1
12
4
0
0
0
1
1
0
273
0
0
4
0
0
1
125
8
7
0
0
0
0
0
2166
0
8237
35
3
0
5
0
0
23
7
3
391
27
1
2109
473
0
0
3
0
4124
0
6
1262
0
78
0
13
0
0
361
239
256
0
0
0
1
3169
0
0
0
0
3
1
2
0
0
0
0
0
642
0
0
8
0
0
0
12
8
0
0
0
0
0
0
0
1
0
0
2
0
7
1
17
1
0
11
1
0
0
0
0
19
11
1
1
9
1325
3397
2
128
19
29
1
0
0
6
51
0
355
10
4640
0
1
1
113
0
3
0
0
0
73
0
0
1
1
0
22
8
0
0
3
0
3
0
0
112
0
2
0
237
0
0
0
181
0
3
1
0
0
18
53
0
0
12
0
8
14
87
0
0
0
4
0
0
59
1
0
2012
2
0
18
0
504
1
19
0
0
2
1
85
9
2454
36
5
0
10383
20
0
21
0
70
50
3
7
133
2
1530
7
0
5
2
0
21
0
3
0
1
0
0
2
0
0
4
78
7257
0
0
0
0
3
119
0
632
1
0
694
1
1
0
0
0
0
10
2510
168
1
0
1
0
0
0
1
1
3
378
3
17
309
50
136
933
0
9
393
1
0
0
2
1
8
0
0
1020
1
104
2
2
728
0
47
3
0
0
44
0
0
0
1
0
42
22
21
0
0
41
2
0
7
3
7
0
3
0
0
0
2
0
1
5
0
0
0
927
505
463
2
0
34
18
0
26
417
0
5
4
1600
0
50
8
1
1
19
51
1
0
0
0
98
0
18
3
0
3
0
0
9
0
1652
0
0
100
0
0
34
12
75
0
0
0
0
33
15
0
9
1
0
0
0
0
3
67
1
292
0
2
14
173
4
0
2
0
32
0
0
4
0
13
78
204
0
0
52
2
1
0
0
40
0
8
1
0
1
0
5
95
1
0
0
11
0
0
0
0
214
79
0
0
93
25
57
28
2
0
0
2
6
0
0
86
0
0
48
19
2
3
0
1
2
0
0
0
0
0
5
9
0
4
7
65
2
690
10319
172
1
0
2
0
206
0
76
1
4646
1
21
4
0
203
19
0
417
30
0
0
160
0
1
0
17
24
1
764
162
0
75
10
9
0
27
0
0
0
436
2
0
0
56
1
2
2
0
0
0
137
0
0
0
30
113
9
0
1
1
93
0
0
14
40
0
0
1
0
0
20
3
0
0
8
0
45
0
0
9846
2
8
1
0
0
0
0
2
0
0
1
1
6
0
0
0
12
0
0
44
9
0
0
4
24
1
0
122
1
0
0
0
0
110
0
1
6847
30
0
154
10
0
1705
0
0
51
0
18
5
0
0
42
0
20
14
0
0
0
452
0
0
0
0
0
1287
7417
1
771
0
216
0
0
0
0
0
0
996
0
21
0
0
0
0
1
0
135
0
18
16
0
0
0
0
71
7
17
0
1
2
11
0
1
0
3
25
102
0
223
121
66
0
0
0
0
0
0
0
0
6
1
0
2
0
0
213
6
117
117
12
0
1
5
0
1
0
0
0
31
0
0
47
0
4
0
0
0
1
1
1299
41
2
0
0
0
27
0
53
0
0
0
60
49
0
8
0
0
0
1
1
0
4
236
0
3
12
1
0
1
0
2
0
3
0
0
1
22
0
172
0
0
54
0
0
0
532
9
0
7
2
1
0
5
152
0
0
128
0
0
0
0
1
92
0
0
9
0
0
1
12
0
0
0
0
0
0
0
2
0
1
0
194
0
0
72
10
0
10
0
78
0
137
62
0
12
0
25
0
10
4
1
0
0
3
0
9
4695
0
0
0
4
0
3
0
284
0
1
448
3
3
3
0
0
0
0
4
29
15
0
24
0
424
0
0
441
0
0
1
1
0
0
295
35
694
0
0
14
0
0
2
0
0
46
17
1
0
0
0
162
0
17
0
1
0
29
1
0
8
0
3
1
30
0
1
1
0
1
24
2798
1
12
5
14
0
5
0
0
0
0
190
0
312
3
33
0
0
8
1
61
0
0
0
0
5
0
409
0
262
0
0
154
81
55
1
0
18
2
0
2486
5
0
2
0
1
2
56
0
0
79
39
31984
0
0
4299
2427
1
1
0
4901
0
3
2
0
54
940
299
119
5
7
13
0
0
0
2
20
2
0
0
0
2
0
5
8
3
0
9
0
25
6
137
136
0
2279
0
0
3
1
0
0
2
91
0
0
0
0
0
0
0
1
44
3
0
219
1
0
0
0
695
0
572
12
0
0
0
0
5
0
49
1
0
202
29
71
0
0
1
7
848
0
0
523
0
0
0
54
1
5
0
139
4
0
2
807
0
1
0
4
1
0
5
4
0
0
4
0
0
0
0
12
18
0
12
13
795
0
3
6
0
2
0
0
0
0
0
11
1
0
0
0
0
0
0
0
0
9
2250
0
3
1
0
41
0
94
675
794
0
0
0
1
16
0
11
0
5
0
1
0
63
0
0
0
0
0
7
19
0
0
766
0
11
0
0
5
29
1
22
0
0
1343
23
562
2
13
10
0
2693
0
3
259
41
58
0
0
7
3
0
0
0
0
0
1
1
0
9
0
0
15
0
117
0
0
2115
0
0
25
0
5
1
0
0
912
120
4
1
0
56
2
4
0
256
1
1
0
2768
36
1
0
0
18
0
6
0
0
9
0
1012
0
0
0
0
0
9
5
4
81
3
0
0
0
1
21
2
1
26
68
12
13
0
35
1
236
2505
1
0
0
76
1
1
0
0
6
3
1
1
0
0
0
142
0
21
2
1
0
0
22
0
0
0
0
575
1
22
9
26
34
0
0
0
0
0
4
31
0
0
0
8
13
0
20
0
0
15
0
0
8
0
4012
56
0
0
0
4
6
0
0
4
5
0
16
348
0
35
0
0
0
7
33
0
1
4
2162
46
0
0
1
2
311
0
0
46
1
0
0
0
1
0
0
7
1
0
34
4
0
0
16
10
0
3
0
0
0
0
73
0
0
6
0
0
49
0
1
2
6
223
0
0
0
0
96
2469
0
169
4
1
0
1
62
5
0
3
31
0
0
3
1
4
0
0
174
0
5
202
398
1
1
25
115
0
4
1
1
0
1
1
12
80
10
2
52
0
65
82
14
2
2
14257
0
0
0
46
0
0
0
175
0
1
0
1
47
63
0
0
0
1
15
98
153
405
0
0
0
0
512
1
0
1
1
5
0
0
0
0
161
0
0
24
0
23
0
0
0
12
0
1
0
0
0
1384
5
0
216
0
2
0
0
0
269
16
10
7
10
0
0
371
1
2
0
28
61
3
9
12
0
2
0
51
117
0
24
0
440
5
0
0
0
11
7
0
0
359
0
0
9
3
0
0
1
3
52
3
3241
31
0
5
0
0
0
7
0
0
4
6
9
2
209
0
0
29
1
1
430
0
883
4
0
938
0
0
0
0
17
0
0
8
2
0
0
1
0
0
23
22
150
1
1250
2
6
1
177
0
3
1
0
0
961
4
1
2
0
0
809
175
188
102
1
5
69
25
2080
436
0
0
0
0
3
49
0
157
2
0
1
34
0
0
0
23
0
0
2
3
1
29
0
0
4
268
0
0
1
0
0
1431
0
4002
0
21
2
0
326
0
0
0
0
0
14
4
43
3
1
52
0
40
0
3285
223
0
1
0
0
4110
41
2
12
0
0
0
6633
0
5
0
0
0
23
9
1
1
1
0
1282
10
2
0
736
204
0
50
2042
0
0
0
1
1
0
0
11
0
0
2
1
9
0
0
0
0
607
0
2
0
0
0
0
1
0
3
0
0
0
76
0
5
1
4
11
0
170
16
0
0
24
482
5
0
18
0
3
2
0
7
713
19
0
1927
2
0
0
0
1
0
7
4
0
5900
0
0
56
50
4
0
1
0
0
1
1
15
19
0
1
0
7
1
6
0
0
0
0
23
72
0
3
5
0
690
0
66
0
0
2
295
0
0
3
38
0
0
792
0
2
2
0
0
1
14
3
677
759
0
0
1
1167
4
0
0
1
0
0
19
0
3
0
27
585
0
1
0
0
0
135
0
7
0
0
0
0
12
0
0
2
0
0
0
18
64
0
2
0
0
0
83
36
0
12
1
0
2
2
0
0
0
2
20
0
12
6
18
0
1
0
0
2
0
0
3
0
2
0
0
0
0
1
0
15
0
0
0
98
0
0
0
1
0
0
0
4
100
0
3
0
2
1
0
0
0
0
18
0
2
2
0
2
2
0
231
2
0
603
80
3
0
52
1
0
1
3
0
31
0
0
2
1
0
50
0
12
0
0
0
0
6
2
2
0
0
0
252
0
2
68
566
2
0
21
0
45
0
272
134
0
8
1
5164
0
0
4
0
5
0
0
1
372
1
1
1
0
764
1
1
6
0
0
156
1622
42
0
0
0
0
0
1
1083
31
11
0
181
51
0
0
0
3032
2
5
257
0
0
1
0
0
0
0
3
2
1
0
0
9
0
0
19
0
0
3
833
1
5288
1
1
3
16
0
1
0
0
1
114
12
7
8
1
14
1
1
44
352
0
273
0
0
13
421
0
0
42
81
0
0
0
90
50
3
0
16
4
0
2
0
5166
0
0
0
0
0
0
0
0
3
0
6
0
0
48
989
0
199
2
0
11624
9
62
0
0
0
9
0
0
0
1637
0
1
0
0
0
5024
98
0
0
3
20
205
3
7
12
0
74
0
6
0
33
1
0
0
0
0
0
42
9
16
98
4
1
0
12
13
0
0
496
5
0
7
125
1
78
0
1
0
59
1
3
41
1
0
8
0
0
0
0
6
1
0
0
20
137
57
1
246
0
1172
3
275
2
0
0
17
0
1
2
9
0
0
0
6
10
0
0
3
1
90
0
143
23
476
0
57
1
0
20
16
0
787
2
0
0
0
0
3
3283
1
0
0
338
5
3
0
16
0
2
91
5
2
0
0
0
86
0
11
0
20
0
1
0
24
0
343
12
4
111
44
0
1
2
1
0
0
0
0
1
8
0
0
131
3
1
0
0
0
0
3
2
1
0
0
0
0
9410
0
2
395
0
2358
863
492
84
0
1
11
0
1132
2
3324
8
3
51
28
0
0
84
14
109
0
0
0
4
0
1
1
2
0
1
0
1
0
0
1
0
0
1
0
5
14
27
51
0
6
62
0
0
19
0
0
0
0
0
2
1502
0
2
0
0
5403
4
2
0
8
0
0
0
0
1
14
0
4434
0
472
0
559
11
13
14
0
0
2
1
0
0
0
0
260
231
0
0
10
3
0
2
1
1
0
0
0
1950
0
1
0
0
0
3
7
5
17
102
0
14
0
6
0
0
63
18
2243
7
0
0
0
1147
0
2
0
2945
5
217
0
0
26
0
32
90
1
3
0
4
1300
90
55
54
184
11550
0
0
33
4725
22
0
1
1
2058
75
0
260
0
9
0
2
7
3089
0
9
0
0
7
85
103
7
83
2156
0
3
2
3
0
0
95
0
0
5
40
64
0
0
6
3
0
87
11
0
0
1
2
0
23
90
1
1
0
76
0
73
9
0
1
184
0
3
4
4
2940
30
0
65
4
2
824
121
0
0
12921
33
10
83
9
3
6
0
14
1
4
0
3
709
1
0
23
3
0
0
0
3
0
8
0
0
4
0
0
5
0
0
18
0
0
0
0
0
57
0
0
7
0
38
5
0
55
1
173
3
0
0
2
19
0
12
1760
2
0
5
5
3
3
0
0
3
0
3
0
9
0
11
0
185
403
2
12
0
0
0
0
4
0
0
548
12
0
19
0
12
1
0
0
0
2
20
12
0
0
0
0
0
0
0
0
1230
0
0
0
5675
0
0
1
0
0
0
11
5
1996
0
4
2
1719
1
2714
4
0
0
53
0
2
0
0
2
1
0
3
0
0
4
24
993
18
0
8
0
0
0
0
38
0
25
0
0
0
0
0
0
325
5568
11
0
0
0
487
0
0
28
8
2
0
208
1
1
0
1
2928
1286
0
86
1201
0
66
0
0
1
990
20
3
28
30
0
0
0
30
1
0
0
416
9
13
1
10
13
0
1424
0
12
6
27
1447
0
971
0
0
0
0
1
0
0
0
6
37
1
311
2
0
1
49
0
30
584
2435
10
1
307
1
0
70
0
1550
30
0
8
0
0
23
0
0
7
108
0
1
0
5
0
0
6086
0
2048
0
2
20
6
1
0
9009
1
53
0
63
1
5
3
0
0
10
29
0
1
0
0
0
0
0
3461
0
53
4442
0
0
0
3
89
0
25
1
4
109
1
11
0
19
16
0
0
1
0
0
259
779
43
0
87
0
0
0
61
1
0
0
574
17
0
117
9
3
0
70
1
164
91
0
2
0
2
18
5
0
0
33
0
0
27
0
0
0
228
0
0
2
630
5
1
0
3
0
0
3
4
186
289
256
5
0
2
236
0
2015
3
10
0
0
281
16
2
43
1
439
2
62
0
0
0
1
5
1
16
1
0
646
0
3
4
9
0
1555
0
2
0
2
1
0
2
18
1
0
667
0
0
0
121
0
13
1
67
0
0
0
78
10
1
2
2
0
0
29
0
0
12
1
0
5
2190
1
0
21
15
0
0
12
0
139
9
0
4
8
0
0
0
68
4959
16
0
0
0
1
0
13
0
0
1
884
11
671
24
0
0
0
0
0
0
0
0
1
61
11
0
0
0
0
92
0
0
0
0
3
3
0
124
0
0
0
0
13
2
310
0
0
0
7
5
2
0
0
1
113
5
0
5
3
108
0
0
0
1
0
621
0
0
1
17
243
0
7
0
1
0
6
14
0
0
1
0
0
17
0
0
0
0
0
24
1040
15
0
0
0
1
5
0
63
0
1512
20014
0
2
20
1
3
14
3
646
7
0
54
1
126
0
0
942
0
0
28
17
227
0
0
0
0
37
0
2
0
0
0
13
21
0
23
1658
2
1206
0
0
0
12
0
0
0
3
0
0
0
578
1
430
0
1
2683
0
0
0
2
0
17
1
1761
0
0
1
0
71
39
0
1
1
1
0
0
1
0
0
0
0
0
4
1
0
1
42
3
0
0
0
97
0
9449
0
434
3
0
4
1
16
0
2
5
1
10451
0
0
1
0
8
0
0
4
0
0
28
19
26
671
0
0
0
4
33
3
0
0
4
0
1
0
0
17
0
1
55
222
0
0
15
9
15
0
0
6276
0
0
1
73
0
2
0
13
4
342
369
1
0
0
4
0
336
0
8
0
0
0
14
0
2
123
0
0
0
0
54
0
0
88
5086
0
2
0
5
1
0
0
1
230
7
0
8
0
9
102
0
0
0
5
0
41
288
20
0
0
0
0
0
565
0
1
0
0
114
1
4
0
0
2
0
0
3
3
12
627
10
32
1
114
0
1
1
3
0
2
0
0
0
0
0
0
20
0
0
7475
4
0
0
0
0
1
52
2
3
12
0
65
7
4
0
0
0
0
1
0
1
4
46
0
0
0
0
0
1
42
0
2
0
28
59
0
690
0
10
37
1
60
0
0
1
1
21
0
0
0
0
0
8
9
54
0
0
0
0
0
1
692
1
0
0
38
0
0
0
0
0
652
89
0
12
0
1616
18
0
25
0
4
0
2
630
0
2
6
2
0
0
202
3
0
17
2
6
0
12
0
77
6
0
0
1
13
2162
0
0
10
1
1124
0
36
1
1
397
23
0
22
0
0
30
0
0
0
4488
0
24
0
2
0
67
0
13
0
11
0
0
16
1
0
0
6
0
1020
15
0
0
0
3
356
1
0
361
50
0
7
0
0
1
5
159
378
0
2
0
0
5
0
1672
0
533
0
0
4
0
400
0
0
0
54
0
2
0
0
4
0
1
0
1
0
2
182
3
0
3
0
0
12
7
0
1
118
2
0
0
5
33
0
0
1
1
0
6
0
4
0
53
0
0
47
0
2
1
1
167
138
0
21
3
42
0
0
1
552
0
675
0
0
0
8
231
2
1731
0
0
0
0
0
0
0
0
0
0
5
0
2
0
0
0
5
0
2208
52
0
35
4
0
0
7
42
0
5501
19
2326
0
14
25
11
0
0
8
0
0
1
2690
1023
415
4
0
1
3
0
10
2
1
31
2
986
1
0
4
15
0
0
303
0
0
23
0
0
114
0
57
0
9
0
0
45
2
0
12
1
1
0
1
5
1
5919
0
2
0
0
400
0
0
10
0
4
1
0
0
9
9
0
1
0
0
34
0
0
7
66
97
0
38
0
1
0
0
0
0
1
0
1
144
2133
10
0
0
0
0
3
0
30
2095
0
563
0
0
1
1
2
0
0
0
0
1
19
61
0
0
5
0
0
0
0
0
19
0
3
0
1
0
3
0
15
0
0
1
496
0
0
0
2
53
0
32
0
0
0
2836
785
0
0
13
7
49
479
7
1
0
0
7535
0
0
2
0
0
0
0
4326
1
10
0
1
2570
2
1782
426
90
0
19
35
0
1
5
0
0
2526
0
364
1
4
31
2
86
0
0
514
1
4
0
0
5
7
0
2
817
0
18
4
0
15
0
1008
2
0
1
24
2
0
4
0
3
1
0
22
65
0
0
0
2
20
0
0
0
2
1
0
0
0
3
40
0
0
3
1
64
0
1
0
0
1
0
2
8
0
0
7
0
0
9
34
2555
3
1
1
0
0
0
36
1570
20
2
0
0
0
0
5
0
0
2
63
0
5
2
0
1
0
660
0
0
0
0
0
0
2
0
141
0
58
0
81
0
22
15
19
28
6
5
5
166
6
67
0
0
222
0
0
0
0
5
0
0
0
0
5
0
0
0
1640
1
16
1945
15
2
0
0
4
365
0
18
0
58
0
0
0
272
646
385
0
27
91
105
3
1
745
0
0
1
0
0
0
0
0
123
1
0
10
53
8
0
470
3
0
0
154
55
0
0
0
0
1
1
0
0
0
20
0
4166
0
0
1
5
0
0
0
81
2
278
618
0
0
1
0
21
2
2
0
3
0
84
0
3
7986
377
0
48
0
26
0
15
2
214
11042
1
0
2
181
0
30
0
208
0
0
113
13
70
0
11
279
6
1
2
1
0
0
1
0
0
0
4
0
3
0
0
1
0
2
2
0
32
189
1
58
2
0
1
119
0
2
0
0
782
2
0
1
0
7
34
1392
2
462
41
0
0
0
0
1
0
1
0
32
0
1
798
0
0
0
0
0
10
10299
31
2684
185
0
58
0
0
0
0
365
26
1185
10
0
10
25
0
8
0
163
1
0
1838
0
0
0
23
0
0
89
314
1
0
0
0
0
0
0
1
0
0
0
0
572
0
16
0
207
1
8
0
0
1
0
0
0
0
0
0
0
160
8
3
0
0
0
0
0
0
1
0
0
0
3
0
80
324
0
2
3
0
0
0
6
0
96
1287
0
1
3
146
1
1
0
9
2
0
22
0
1
0
32
0
0
0
0
0
0
1
2
2
2
110
0
0
0
1
0
3
0
8
19
0
0
0
0
358
4
26
1
0
0
27
1
0
0
1
4
280
412
10
0
0
1
0
0
1
2
10
2
8
1
0
0
3
3
0
1
6
0
0
2
5
0
0
2
0
2485
0
0
494
0
4
425
47
3
10
1
0
1
0
4
0
1536
0
0
167
1
196
0
4
247
0
17
33
0
5
0
0
0
57
0
1
0
0
138
0
2
0
4
0
129
0
3
0
236
35
181
2
554
0
108
2
0
0
0
83
1861
0
771
0
4
1
0
0
0
0
2
25
0
7
0
0
3
1
0
0
1
1
7
0
0
0
0
2
683
0
0
5
0
0
0
0
1
0
0
0
423
5
10
0
0
0
0
0
11
27
0
8668
17
6
92
0
0
35
1196
40
3
9
0
0
0
19
44
164
65
1
1
1
0
0
9
160
37
270
0
0
49
1
0
2
1
0
19
0
0
0
497
0
0
71
2
16
0
0
0
0
4
1942
0
1
0
0
4
0
14
0
1
0
164
420
0
5
0
5
17
586
3696
0
0
126
0
0
0
26
655
0
0
11
0
9
0
154
0
2080
0
0
2
0
0
0
4
15
0
2
1
46
1
0
1
0
0
6
2
224
0
52
0
0
0
0
2
9
0
1
0
0
0
0
196
1
0
0
0
0
31
0
0
1
4349
0
7
104
3
4
0
3
6
0
175
6
0
3
0
40
0
0
0
0
0
0
16
0
16
0
12
0
104
0
0
56
1
23
2
0
5
216
115
45
2959
28
0
0
0
0
0
0
0
21
0
0
2
0
1
17
0
0
43
0
1
7423
31720
4
0
3
2
0
0
0
0
0
6079
0
8
93
1
1
0
0
0
0
2
1666
0
0
0
218
0
0
0
2276
23
13
0
30
1
2
0
1
48
8
0
0
1
0
0
0
0
0
0
1
0
0
9
0
1
0
0
0
0
4
9
945
3
70
0
1
0
1
0
188
0
57
0
1
0
0
0
7
6
0
0
32
97
0
481
2
0
3
0
5
1
0
0
0
0
0
0
0
0
158
126
0
10
0
9
2
0
9
0
175
0
0
0
10
0
3
390
0
0
15
2
0
39
0
0
3
0
1
0
0
3
9
17
0
6
110
1
862
3
0
3
0
0
0
3
13
0
0
0
10
52
190
0
20
1
0
5
1
0
509
1
0
35
31
0
0
26
1
9
30
12793
0
0
6
1
0
0
0
0
0
0
0
1
0
6
38
1
0
0
5618
3
12
3
34
0
0
28
966
0
1
0
44
50
0
1
2
231
0
0
31
0
2868
60
0
12
3
0
9
0
0
5
0
0
40
19
1
0
4
0
0
129
2
1
0
0
0
0
0
25
0
0
0
0
5
2
11
0
2
0
31
0
0
1
1
0
2721
7
0
2
10
0
192
14
0
9
8
0
0
1
0
1
4
8
1465
0
4
0
17
0
60
1
35
0
0
66
2
0
714
1
1
2
452
79
0
490
0
0
3
453
1
1
1
1
0
0
0
0
0
11
7
2
0
41
8
0
0
0
0
0
0
13
3
5
0
0
726
5
256
62
0
0
0
0
0
4
2517
0
74
4
274
6
0
0
0
297
0
0
0
5
517
0
0
984
60
2206
0
0
2
4305
40
3
3
2
417
53
0
2
15
0
0
0
3
24
124
3
100
42
0
2
0
3
3911
0
0
0
1583
4
0
1540
40
1
21
1
0
1
0
0
0
2
51
1
0
0
2
1
21
29
0
790
2
60
0
0
1442
0
0
407
12
0
8
5
0
0
5
102
0
451
12
0
25
0
0
0
0
1
1
2
40
0
0
8
0
112
0
0
2
0
19
1
0
0
2
173
1
0
0
48
30
0
0
0
2941
10
0
0
89
0
121
4
2
9
0
210
4
2
0
0
2
0
0
4
0
14
39
0
0
0
14
2
0
3
3879
3
0
6
1
0
0
63
124
2
0
15
523
0
0
1
0
320
38
603
297
38
20921
14852
9598
5104
274
9598
147
14868
13404
5104
12859
6952
2315
1918
21918
14604
61
38
0
842
44761
160
87
1060
320
7659
1175
13126
2919
11417
38
1882
10536
320
1612
274
73
16935
4327
845
73
320
0
5104
0
1612
314
13992
38
147
15763
42694
1709
12859
5104
11090
147
185
4203
2277
6279
12387
8
18
534
1
315
422
3640
315
2330
22
24774
0
299
10
2670
670
53
2
109
4716
2886
6
30
129
33301
1899
13
0
3
71
444
66
54
38
100
5
38186
1
1355
1
11
1
0
248
1940
0
1940
3758
1
5
4
134
173
1
4888
1717
326
0
2
2233
376
22
52
26
8
25268
242
21766
5552
3
134
5552
0
3899
63
0
54
21840
135
8
1
593
2
1669
8870
1
110
97
0
0
7
8
0
5
139
0
0
104
105
6
1886
4
0
5
4
1
257
7
386
333
737
510
119
13590
2186
30
0
98
7871
18
7140
407
350
2
26
9
39
25
844
1987
1096
0
1
392
142
70
363
63
27
277
1
15
662
1233
0
13059
6454
14
0
323
0
6
7751
21
10
450
2419
6869
0
20525
9158
0
17832
2
0
0
9
3551
35
18
1696
36
0
3958
67
1
0
4443
5966
1
0
2
0
2924
41
34
596
65
0
0
1
7
807
445
0
373
54
1961
38
0
158
27
7
10374
1
4745
1
0
135
0
44
13
40
0
103
0
5
0
4
2423
1
372
0
30
7
2
52
42
6
0
45
11
30
48
1110
236
3704
26
7670
0
9551
4
0
1538
0
1
0
2
2
8
121
1219
20031
649
3
0
175
0
2
2949
2032
7
153
2
4202
50
0
735
17
0
0
2699
163
245
5
11919
2717
11
1
14
518
0
344
1
928
4
29
73
0
5
5
2
9
80
94
0
13
4
111
17
1
165
78
1
6
2017
3671
113
89
790
3
0
21
2243
14
6
0
0
0
13
69
991
1
7620
2
0
44
1
84
0
11
0
9
20
27
264
64
586
53
3
3
7
454
17
1853
289
0
0
19
0
0
273
32221
6
0
2736
1
15
2027
149
20
0
0
0
7
130
6
56
1
0
15
19
43
1
130
15
331
9
0
0
85
0
139
0
264
62
0
1690
11
4
1
0
0
1
8
0
8274
0
4635
0
0
0
0
35
0
58
38
26
1
1834
494
804
71
0
1734
13
1
345
1
0
15
0
493
6
20
10
7893
0
119
8
1
0
57
0
2279
1137
173
1238
9
0
7
2
5
937
0
0
0
0
1307
0
3950
905
9
0
3
0
32
3194
669
316
11
31
1131
7
0
30
3537
102
0
428
4
3
240
0
68
1
185
531
1939
55
0
0
7142
4
0
4
1
434
0
0
0
0
0
0
0
20
3
180
6490
1442
0
2
3
3
1091
596
0
0
6447
0
29
2
420
347
479
0
1
13
440
1
0
1
12
59
0
5
88
10
0
22
18
0
4
12
1
10
1
0
0
1525
757
2
0
0
5530
40
187
414
11
0
623
3
0
3
0
656
0
0
0
0
0
0
0
1
0
5
4976
2
9
0
19706
26311
167
4247
12
404
0
44
0
0
0
66
32
1
0
1
0
6
18
1
47
1284
243
45
90
7
4334
7
0
8
0
7
0
0
0
2
70
0
295
3
4
0
0
0
277
99
6
2
7
38
1043
0
694
0
44
0
1
0
1
0
0
1
0
7
849
6
0
20991
2
0
58
50
1018
0
1143
0
208
10
332
0
72
5
0
267
39
1478
476
1
7
0
217
0
19
1
0
8
6627
22
8
46
0
1323
0
65
12
0
0
0
4
23
30
0
26
15
2966
1
84
8
10
25
3
1
1
2885
147
4
778
0
4267
0
59
1
486
6
3
0
0
0
1
18
8
2
0
0
10
1165
559
1224
4
448
0
0
0
3432
24
352
0
0
803
0
1389
1
2
83
0
0
0
0
12488
50
0
75
60
146
9556
0
4
15
4
556
0
3
1
1801
1
410
28
0
0
0
211
3
0
0
0
5
0
0
546
0
10
0
18
20
156
1
93
11
4723
1441
0
1
0
0
5
0
0
31
0
10372
1
5
0
873
5
2
1
60
3636
14624
1
0
3193
1
2
1244
16
69
3
5
97
0
17
0
628
0
15
0
4
0
320
3
0
13
3
365
225
165
0
0
39
1
0
114
0
1051
1
0
2037
1
0
0
33
96
61
1
62
46
0
0
5
0
44
3051
8
0
0
10
3
155
15
176
28
0
0
509
2
0
0
0
20
28
0
3
0
8
1061
175
11
0
532
3
362
127
21
74
0
1
0
1
0
25
0
250
12
0
13
49
0
0
1
21
2010
195
0
1
5065
1
413
138
0
7
0
0
9
1
2
7
344
40
0
95
109
1532
0
2
0
6081
0
0
109
2
885
524
5
0
15
0
0
0
2
34
1
0
0
0
25
0
3
0
20
0
3
35
1
7
1
16075
0
104
0
0
181
1
0
44
1
2
78
350
0
0
40
3886
34
39
0
0
29
7214
0
2
0
7
0
0
0
0
0
4
6
1
0
1
69
355
214
5
44
0
0
0
0
21
1
21
4
5
147
1
1
2
13
1
0
2
1
9
0
146
360
40
72
54
492
0
6
2
6
13
8
12
0
2
0
0
36
1664
2
1215
47
3295
18
0
6549
2
1
0
11
64
10127
5
7387
1464
0
0
0
1
1
20
31
479
0
118
42
2467
0
0
0
0
4
2
34
751
35
794
0
1
4
4
1
51
1
210
2
2
0
847
40
0
0
0
0
214
1
105
0
0
1
0
171
17
13
441
31
10
2
0
0
2
7
2
7
30
399
0
179
0
0
3
0
0
4
7
1
0
57
0
12
432
0
1732
0
0
6
2
0
0
0
24689
0
3
0
20871
111
2
0
1
11
1
2
380
0
3179
0
1
0
850
737
2
163
0
820
1
28
6
168
124
0
186
1
831
0
2
11
5
701
8
0
19540
0
0
9
327
91
408
2
1
2
0
332
22
11
77
1
0
0
0
7
0
2026
2
39
14
0
1
13
24
13
142
238
0
44
1219
157
6094
0
3630
30
338
0
0
298
6
1
1959
20
46
191
1
101
1
75
0
6
0
0
1
0
0
54
5
9
2045
0
1
0
2
0
7
118
7766
9
167
1
2
0
4
7
12597
5657
8
4
9
2
359
0
0
266
0
1604
40
0
1
3
3
0
103
0
1
0
517
36
14
5885
0
0
0
3447
8
1
0
78
0
142
9
3
815
4
324
53
89
15
314
1
0
0
31
148
10786
6
735
1
417
0
14
14
4
1
0
0
8108
0
4
11
0
1
0
719
0
0
1
0
0
0
581
2
20
14
167
1
0
4742
286
0
1
2
111
44
0
0
0
249
0
1
0
0
1
185
14
0
62
3
0
11
172
0
22
122
55
0
0
1
5815
0
0
0
13
33
4
17
66
2
12
0
6
25
1
3982
22
6
392
1
0
1
0
3524
1
4
3
206
3
2
3
15
1
2425
91
0
0
13
6
1
0
630
35
0
2
7173
1842
10
77
0
1328
1650
43
1
5
1
1
49
0
9013
1
0
0
0
16
0
0
0
0
713
0
0
1
0
184
32
108
0
0
75
0
1
4
4
0
3
950
6
13
709
0
0
2
380
2
16
67
0
0
0
13497
598
4
5
0
9
4
0
0
5
37
1
67
0
5
14
21
0
0
76
134
0
620
21
0
14
0
0
82
0
0
0
0
12
0
2
5
4
0
0
1
23
8
3
2
1
0
0
0
8
0
7
0
1
0
1765
0
14
93
0
0
2422
34
0
4
1
0
348
3
0
0
0
6
2
0
257
19
0
116
21411
0
0
0
15
2
0
24
264
6
0
101
3
3
0
0
323
3198
0
0
171
0
402
0
1
0
0
0
3
374
0
3
66
2
1
460
0
1
8
0
2
2
44
6
141
10189
157
13
84
178
0
2
2
13
1
0
0
0
2743
1
1
2
824
2
0
0
5
362
385
0
1
0
0
15
277
0
3
0
0
40
367
1
0
23
0
13
1
6
58
0
0
384
0
3453
0
0
410
75
1
0
79
4
0
1
3
50
14
4
671
0
0
0
0
0
0
0
0
0
0
1
23
6
298
1071
0
28
267
0
10
48
6
0
2420
0
0
5
0
0
1
1
37
0
9
2
0
141
34655
28
1
2
0
8
136
28
0
0
0
0
0
0
5
228
0
0
0
0
0
3
0
255
10
0
0
1875
565
213
0
4
17
0
13
1
0
1
0
1
0
17
1
13
0
139
1372
2433
863
2
0
25
0
1
119
0
2
0
0
14
15
69
4
0
6
0
0
0
0
199
0
3830
1
4
1057
0
436
0
52
74
545
1
4
941
1
2805
4
9
0
0
0
5373
15
1164
0
30
12
7
670
7
665
21
0
0
1
0
1
15
5
5316
1
0
18
0
111
0
189
0
0
150
1058
356
8
227
0
1
0
20
19
12
0
0
318
0
0
23
0
14
21
0
104
3
2
1
2
22
24
0
35
2
1
0
45
0
11
19
0
3
0
0
27
2327
0
1
1
2
842
0
1721
17
69
5
0
140
610
712
25
5
44
0
0
0
0
0
1
4
10
1
45
0
29
0
151
112
3
4
1
0
1
1
0
194
0
112
0
2
2
69
1
0
21
9
0
77
0
5
40
235
4
0
15
9
0
0
0
1851
0
2
3
25
169
0
4
0
2124
1
3808
6
0
1018
2
0
2
666
7
1
12
1231
0
1
0
1
0
529
2
0
0
1
0
247
5
16
9258
3
151
6
2
0
400
2
1
382
0
0
120
2
0
0
1
0
3
0
0
5765
93
22
0
1
0
3
0
2
0
2
10
155
1
2
2
2
1
12
4714
0
5206
491
0
0
1
1
0
0
86
1
1
0
0
209
0
0
164
124
108
0
0
260
87
0
2
0
0
5749
0
0
11
0
0
183
0
21
41
4
1
0
238
1
5
0
19
0
0
5
18
43
2204
0
0
9
3
0
534
0
5572
109
7990
267
671
249
191
0
3
8
0
104
1
0
0
11
0
35
3500
8
7
40
0
0
1
0
281
54
5
16
0
67
1
0
2
49
110
0
8
0
5
0
13
0
0
86
3
17
467
0
2928
592
0
127
5
2
1
266
1
9
25
77
0
1
40
16
0
2808
0
9143
0
108
8
43
5
28
8
599
0
29
24
73
0
3
1
0
0
187
0
1
0
139
53
13
0
12
253
0
0
0
1
1
0
1
0
3
0
0
134
3
2
1
0
1064
0
1045
0
0
1
0
1583
68
2
8
417
1
0
0
0
1
422
0
1
125
0
6
15
0
16
0
0
0
0
10
0
20
4
0
385
1
1
5
0
440
8
1
4
77
0
55
186
6
1
1174
0
7
0
1514
1
43
4
101
0
0
2
2
1
1
0
14
0
12
0
5
3934
1
65
5
3
0
2
14
1293
2
2
17
17
4
0
433
5
25
0
0
0
16
31
1453
0
7
6
0
0
1
315
0
4
32
6
24
9
10
0
4
0
3
1
0
3
133
0
642
1012
131
0
0
0
0
17
1
0
7346
705
0
0
11
0
0
3106
0
57
0
0
15
3157
1
0
58
4
1
455
496
260
1
2
3
160
129
0
5
2
6
1
0
5
0
0
0
3
75
1
0
175
2
18
0
37
0
0
2
16
0
0
0
2
0
0
0
0
0
0
4
0
0
3
0
4012
1
0
6
13
0
0
1
1
10613
7
0
1
0
33
5
221
0
10
1
636
1
1
0
0
0
2
2
0
6
18
0
9
2
3
2
15
0
37
0
0
125
0
0
2
0
751
0
0
0
0
1
10
1
0
0
0
0
0
16
0
189
12
6
0
5
0
2
1
10
2
1
207
100
128
37
0
0
4
45
66
0
3
0
0
0
1
6
137
17
5
1
0
1
137
0
0
1170
0
11
6132
0
1
4
111
0
0
0
0
0
7
12
17
0
913
1
0
83
1
4
0
0
54
70
36
0
3
84
0
724
0
18
2
1
2
34
29
1
0
1
393
2
3562
39
9
0
0
628
0
705
0
0
4
1
29
0
3
0
0
0
10
0
15
0
16
0
205
0
12
0
0
0
70
0
0
7
0
1
3
1
7
3203
0
0
1966
0
23
0
0
0
0
3
9
0
0
0
0
1
0
6
3
5
1
112
0
295
1003
9
273
1
0
262
0
0
1
0
1
0
0
11199
0
1
456
2
1
0
0
0
0
29
2
20
7
4
124
30
0
0
3955
3
0
0
6
78
2
522
3
2
2105
66
15
0
2
0
12
3
0
2
0
0
18
0
189
0
2
21
1
3
2
101
164
289
10
0
1
0
25
2
0
0
1
0
86
1087
0
1
0
0
5
0
2
3
5
0
32
0
1
0
0
0
0
0
6
10
0
1
1
668
1016
1
0
189
3
3557
176
13
52
1
0
8
0
1
0
0
0
13
0
2
1
1227
9
402
115
345
1
3
0
0
228
4250
0
4
62
105
1
0
0
6
0
52
2
1
2
0
3
5
4
0
0
1
1
16
0
355
0
3
4
2
12
0
1
4
18
2
5
0
0
0
413
12
58
2
15
4
0
0
58
0
2
151
3330
0
12
210
0
3
0
34
1
23
866
0
6319
1
0
0
0
0
0
56
8
0
0
4
219
0
0
0
0
827
0
0
1
3
1
0
0
0
0
38
4
15
2
85
0
0
1
568
8
10
0
313
117
102
0
0
0
2
11
0
0
1
0
17
0
0
0
0
2
1
0
1
5
3
0
0
5
0
0
32
0
0
0
0
0
273
0
15
5
120
1
0
0
0
13
0
1
0
0
9
0
0
0
741
8
2
2
0
2
16
5
0
1
2
0
0
0
23
0
3
0
0
31
12
0
11
0
2
22
1
2
577
0
0
12081
0
20
38
93
0
1
2
0
0
0
0
1
1
78
1
0
0
2
0
0
0
16
0
142
0
11
0
0
0
3
0
31
0
0
3
0
0
1
0
0
1
3
0
10
0
39
3
0
35
429
1
1
0
0
20
0
2
206
0
120
13
43
1
95
0
0
11
487
21
77
6
9
1
0
0
3
0
0
0
29
0
13
153
3847
811
0
0
5
0
0
0
0
19
4
1
1479
0
6
0
53
0
0
0
1
68
0
0
1
0
24
45
27
0
1
1
0
0
0
0
1
3
3
0
446
4
5
1
0
7
1
0
0
2021
0
3
54
4
0
7
0
673
0
6
0
11
544
0
319
0
188
6
0
0
0
1438
2
0
0
29
4
471
1
0
2
1
0
3
0
0
6
16108
17
0
2043
0
0
165
0
1
0
95
0
403
0
294
35
0
4
0
38
3
0
1
0
14
2
0
0
0
0
226
92
5
0
0
29
0
2
15
0
1
0
0
0
30
53
1
36
321
0
0
0
0
3
1
4
0
0
1
0
0
17
63
0
1007
0
0
0
371
11
0
204
875
0
0
0
0
0
1
7
28
0
1
0
0
509
46
0
3940
4
1715
0
0
0
0
803
0
0
0
1
4
0
1077
2
0
0
16
46
0
0
1
0
40
0
11
299
37
0
0
1
27
0
0
0
161
1
0
0
3
28
0
3
0
1
0
3
1
11
0
0
186
0
0
6
47
0
7
0
3
0
1
26
13
40
67
1
0
24
18
6
4
414
0
0
23
1
0
177
42
124
0
1
428
844
15
20
1
49
0
1
5
22
1
0
0
0
2
0
0
22
29
0
19
36
1138
6129
0
3
0
15
0
31
64
0
1
5
2
3904
4
2
0
2
4
0
0
56
0
4
2
0
4
0
1
0
0
0
21
41
0
5
592
0
367
1
3
345
2
0
8
6
0
34
8
1497
1
1
0
1
170
9
2
91
0
1
0
0
0
2
0
0
5
0
1
245
0
0
0
0
3
0
5
0
3
1186
0
0
1
54
0
42
0
0
1
1374
2
187
61
2
33
0
0
4
3
3
0
216
0
0
0
0
0
7250
0
0
11
4
104
1151
50
4
2
0
2
1
0
0
0
10
2
0
0
1
0
0
9
0
1
2
1
0
1
0
1123
1
0
129
0
13
0
0
0
0
4309
652
291
9
128
4
4
1
86
289
0
200
2
7
0
0
0
13
11
2
0
9
2
19
0
4
2
1
0
0
71
0
188
666
2
0
5
13
0
413
6
233
3
83
0
0
0
685
1
4834
0
1
0
0
0
0
0
2165
43
1
0
1
26
0
34
19
0
35
3
1
4
4
6
0
0
155
9747
6
968
0
153
0
32
2
718
745
1
93
2
0
39
2
7
7641
1
0
47
60
0
33
0
11
24
201
13
3
48
0
0
13
3
5
8
0
0
0
0
0
0
100
0
46
20
1
0
0
0
2
0
1
8
182
3
33
0
4
0
1
1
7
226
0
271
0
0
0
3214
0
4
0
0
0
8
0
22
153
0
1
0
0
2700
0
1
20
108
0
19
0
15
1
115
0
0
211
0
0
214
309
0
0
0
0
0
0
0
6
0
0
1
199
0
0
8
0
9
228
73
30
1
5
0
1
13
0
2
0
0
10
11
806
0
935
680
12
23
0
237
133
382
39
9
35
0
1250
0
6
1
35
961
0
11
2
0
1
23
0
0
496
6836
0
1
7
0
0
0
0
0
607
53
28
102
236
40
0
2
352
38
0
0
215
31
0
0
11
13
4
1
6
0
0
28
4
0
105
0
7017
0
0
5
0
0
7
0
0
6
2
0
35
5
0
14
0
51
11
0
2
354
3
2
0
2
2
148
4
10
2
0
0
0
0
0
0
280
244
0
5
0
256
877
0
3046
0
2
0
4
438
517
143
0
103
0
42
985
2829
0
29
0
1
0
4
0
0
0
0
2
17
35
1
0
232
2
2
0
1
3
1
0
1
0
0
0
0
6
504
3
1
20
6
0
5
0
8
0
0
392
0
9
19
1
1
177
0
0
0
2
59
3
0
89
368
464
34
2
0
0
0
138
155
133
5
1
3
62
0
0
0
0
0
47
0
58
34
0
2
0
0
6
130
14
0
0
0
1
1
3
81
0
23
164
5
32
175
0
5
0
0
10
0
0
0
2
5
1
66
67
28
15
0
3
0
8
50
0
2
0
112
272
4
271
12
0
0
0
3
79
5
1
1
0
7
0
0
0
6
0
7
5
0
5
1
2
203
2
2
0
0
3
31
1
7
0
0
1
92
5
9
1
0
0
0
3
0
9857
0
31
0
1595
0
4
23
17
0
2
0
0
177
4
104
87
47
2
17
2527
0
0
0
0
1
2
0
20
5
3
752
7
1
63
5
5
1
0
0
0
0
0
0
0
5139
0
0
1
0
0
0
7
11
0
0
2
22
45
1
0
0
1335
25
436
1
0
11539
0
1
0
2
11
1202
4
0
0
382
0
4
31
0
0
0
179
98
222
5
0
0
0
232
5
2
0
3
4
47
9
34
1
0
1
124
0
607
0
0
9
1
1
58
2
0
9
6
0
0
0
9
8
0
0
190
0
0
26
0
0
0
1
32
1
109
19
0
0
2
26
1
68
3
531
2
26
72
9
1
146
1551
1
0
1
0
0
282
0
0
2
3
5
0
1
0
2
0
20
195
0
8
0
423
0
0
0
1
0
0
0
1
110
0
52
16
9
0
48
24
4
0
12
0
0
1
0
4
19
0
0
0
236
0
0
252
5
2
9
0
9
6
2314
1
2
4
5
95
127
86
34
1
9
0
1037
38
3
573
0
3
0
0
213
0
1
0
0
27
0
0
0
0
0
0
1173
0
7
12
0
1
0
26
38
0
0
176
1
0
0
0
0
49
0
0
634
25
21
2
2
0
18
1
17
2
1
0
0
0
82
1
61
0
0
1
35
1
249
845
2
0
2
5
1168
326
1
0
0
39
0
0
0
0
0
25
2
0
1
0
773
0
23
1
9
12
0
210
0
45
0
73
3
0
1
145
11816
3
495
12
1
0
1
12
0
1
1
0
0
13
70
4
149
335
1
21
314
0
0
1
0
2398
2
342
7
2
5
14
0
0
0
0
0
0
0
0
0
19
5
1624
3
0
27
0
2
3
0
0
0
0
37
0
15
4
244
46
0
0
0
0
49
52
94
248
129
0
0
4
53
1
14
0
59
28
0
0
0
0
674
520
0
0
28
1
16
37
0
9
1
394
22
172
2
8
0
0
0
0
6
182
803
13
0
0
0
3
20
10
27
0
3
2664
28
0
3
82
18
384
0
166
0
0
3648
0
0
0
0
0
0
0
2
1
253
11
0
0
0
0
75
0
0
0
0
0
820
6
24
5
104
1636
3
1
0
0
5
0
112
44
0
64
33
0
0
1
0
1
0
19
104
0
0
0
19
43
0
0
3
0
0
0
2
2
8
703
0
0
4
0
26
12
4
0
7
1
9
0
61
8
37
52
198
0
3
0
6
0
0
0
197
0
30
5
1
117
0
0
1691
12
0
4
13
0
1
5
6
0
0
2
96
10
0
4
0
0
1
16
5
18
265
24
0
217
0
14
8
0
216
45
3
0
87
1
20
791
1
0
0
0
0
123
0
39
2
34
295
16
20
9
2
105
24
7
0
736
0
0
1
7
0
6
7
0
36
11
602
0
42
0
0
0
0
15
8
3
0
1
0
52
2369
0
0
0
0
0
1
33
0
0
0
3
26
4
5
0
0
0
73
14
0
0
0
10
2
2
0
2584
2
24
14
1
79
2
0
3
104
0
453
0
102
0
1
3
83
13
15
1
1
1
0
22
36
15
11
62
0
18
0
5
3
0
37
0
7
0
0
0
0
11
0
151
44
14
50
0
2
3575
0
0
0
0
0
11
0
9
4
0
3
161
143
0
7
47
0
85
0
98
0
8
0
114
0
0
0
7
1
1
1
0
0
0
38
0
1
11
0
0
1
2
1
164
7
7
0
0
0
202
4
0
95
4
63
4
0
66
0
9
73
1
0
14
0
0
869
2
0
0
1
0
1
0
9
0
1
710
1
105
0
0
0
402
4776
0
672
0
0
1
0
0
6
0
0
2
238
0
1
0
0
1
270
5
17
19
0
1
49
2
0
14
6
0
2481
0
8
0
0
0
0
1662
0
3
1
44
921
2106
23
0
13
2
0
43
76
9
339
0
3
2
175
1
7
54
0
0
56
0
12
1430
0
1
2485
0
0
0
30
0
5
0
0
0
0
199
0
468
1
4
19
91
33
0
0
1
19
37
0
0
0
1
0
0
14
0
0
3
0
1
1
9
0
3
539
0
0
0
5
13
1
4
2
1
12
407
1
196
43
27
0
26
58
47
2
255
1
0
3216
1
445
14
0
0
38
0
0
7
0
4
7
0
1
0
11
10
0
23
0
7
0
0
19
0
2
0
17
1
1
4
0
0
3
0
9
0
0
8401
1
0
28
20
909
0
0
19
210
3
6
0
1
2
1
8
0
0
0
1787
9
5
2
16
1
0
7
13
58
0
65
0
0
0
605
0
3
0
0
0
0
0
0
43
1
2
31
10
1
13
10
0
0
13
0
10
2
30
21
7
21
0
67
0
81
0
215
0
94
13
3
0
0
5
5
0
31
10
1
2
117
6265
254
2
0
1
0
2
208
5
10
65
10
0
0
39
8
0
0
0
4
5
5
3
0
0
0
2
1
0
0
0
2
0
3
10
1
0
73
2
1
0
0
0
17
1
20
0
1
0
0
393
4
46
3
3
2
8199
0
0
68
0
0
241
0
2
5
0
45
6
0
982
1333
16
12
4
26
1160
0
5
84
0
12
2
4
1
0
0
0
0
25
1
0
0
1
0
0
9
32
35
0
0
0
0
0
107
11
3
22
0
345
0
0
0
10
2
12
2642
0
521
0
4
104
0
0
285
162
6
1
5
1
1
0
4
0
13
5
0
0
2
0
0
0
53
3
0
1
14
0
40
0
5
0
7
0
0
0
0
34
25
8
0
73
1
1
76
5
20
0
0
1
14
2
0
0
0
0
0
0
91
1
7660
0
48
4
35
0
63
1
0
0
1213
1682
1
63
1
15
0
0
12842
2
3756
0
400
0
222
0
0
1
0
25
0
0
0
0
1
0
88
0
0
0
0
0
0
0
3
14
0
0
141
2
22
1
2
2
0
3
0
0
2127
273
9
0
8
1
18
0
0
2336
20
0
0
4
1
0
33
0
313
1
0
9
3
0
1172
95
0
704
0
0
5614
1
12
0
0
1
2227
725
2
216
1
0
6
2
0
22
337
0
0
11
2
0
0
0
2302
1
4
0
0
344
21
0
1012
13
37
0
0
21
0
1873
78
2
0
872
0
245
0
1
96
0
4831
77
112
3
4
1
1
0
4
0
0
0
0
3
60
7
0
96
1
0
77
179
1369
0
0
6
3
0
0
4
12
0
0
1
1
0
0
23
0
181
0
1998
8
49
7509
1
0
2
51
3
0
0
0
0
0
3
0
23
0
90
1
0
2
0
6218
0
1
6
40
0
461
3
1
0
14
4
1
0
0
25
47
5
2
0
0
0
0
42
2
0
0
60
1
6
0
3
0
0
0
132
0
0
1
0
0
42
11
12
948
1
0
1
24
469
2
0
0
0
87
22
10
30
0
2
0
1
40
0
0
0
18
5
0
0
1
1088
4
467
0
197
71
2
979
0
1
0
0
1093
0
3
0
18
2
0
2
0
0
9
15
0
1
0
0
87
0
1661
5
2
155
2
4
0
0
3
1469
1
0
0
2
4
0
0
0
74
0
131
3454
79
2
11
160
0
232
0
0
58
0
0
163
17
1
0
2
0
0
79
744
32
0
220
21
6
1
38
2
0
0
0
148
0
0
12
3
0
7
0
46
1
0
0
30
1
0
101
163
0
62
110
0
0
106
0
1490
16
1
14
72
0
6
53
189
5
80
3
2292
0
504
1
0
3
1
4
115
9
0
0
0
0
0
7
67
1
0
22
5
30
13
1013
3
26
1450
13
2
0
2
19
0
0
0
0
0
0
2
0
3
189
3
375
2
0
378
1
0
71
14731
5
0
0
0
0
30
0
0
0
0
0
87
2
4
0
5
3
332
4
0
271
1
615
0
0
3
4
0
3
0
9
0
0
834
121
7
0
7
0
0
3
3
0
0
0
0
1
0
0
2
26
1
1
0
84
95
1
0
4450
1
1
16
2
12
1
1
0
0
3
15
1
0
3
0
0
1
426
1
466
1042
0
0
30
35
31
17
2
24
1449
0
645
0
76
0
4
1
0
0
0
6
1
3974
2
2
0
1
2
0
0
0
1
0
1
0
0
0
0
0
1
4
0
0
1171
33
3
118
2
1
20
1
0
1
0
0
0
0
0
0
1
7
6
25
203
1691
1
6
7
0
32
0
4
0
2
6
2
5771
4
0
0
38
0
0
1
5013
18
5
785
0
4
6
0
0
4
0
0
1
0
46
1
0
3
0
3363
81
77
1
351
9
1
2
43
855
177
0
0
2
2
4
6
54
0
5
5461
265
0
0
209
71
0
2
2
18
4
23
2
5
306
0
6
0
32
15
32
73
1
1
0
4397
41
6
0
0
3
9
470
0
4
226
1
27
0
3
0
0
0
21
0
0
9
24
0
0
0
3
0
385
2
22
0
0
50
226
2
0
1
141
121
6
7
622
25
0
0
1
12
14
1063
12
9
0
0
7
0
0
2
28
198
6
0
1
0
44
10
2
1
39
0
27
0
0
67
4
0
0
0
1
3303
0
1
2
1
0
8
0
0
3
4773
1
84
1
0
0
0
132
22
2
0
82
1
29
0
131
1
10
666
0
0
1636
0
29
0
7
1
571
0
5
1
0
22
0
11
2
331
9
0
78
646
0
6
0
14
0
9
236
0
0
0
0
2
10
10182
11
0
0
341
2041
0
2033
671
2
50
0
0
0
0
2
5
0
2
0
12
0
4
66
1
2
14
0
163
0
2361
0
55
1
0
0
1
48
39
0
0
3
22
2313
1389
0
0
0
10
45
0
0
10
57
2133
2
0
3
0
797
0
1
0
0
0
1
51
131
0
1
0
0
243
1
2
2
2
0
0
23
1
0
1012
0
36
17
0
1
0
1
282
5
36
0
0
3
3
0
35
0
346
0
196
3
1
0
4
18
119
10
9
0
6
3
2
0
84
17
5697
0
21
7
0
10
101
14
389
0
4
0
0
0
0
19
0
0
4
3
152
47
8
0
2
9098
2
24
275
1908
0
4965
71
0
1
291
0
32
342
0
0
50
3
1
1
0
142
0
31
0
0
130
1
2
11
44
1
0
0
521
1
0
0
11
0
3
0
25
0
1
0
0
1
288
1320
0
1950
1
2
5
0
0
7
27
5
22
41
81
1
66
16
0
0
0
586
1
570
1
0
2
0
0
4
152
0
0
22
3
0
2
0
24
0
0
1
0
4
1
2
0
6
5
11
1
0
12
0
0
1
0
28
0
0
0
0
0
0
0
0
0
0
0
2
5
0
0
0
1634
2
0
0
0
35
0
3
5
3
0
2
0
54
0
4519
74
0
0
12
4
0
0
4
0
61
40
82
27
0
0
0
24
1
15
0
9
0
4
12
0
34
0
0
36
442
45
17
0
0
13
0
0
0
2
0
0
2
1062
5
0
6
0
61
0
3
0
0
0
0
6
5
0
0
0
221
6
1
0
1
0
1476
0
78
0
1000
0
0
138
12
0
76
19
17
1
2
0
0
61
0
0
0
0
0
0
297
0
0
0
0
235
0
0
0
0
0
0
0
6
0
1
0
0
0
0
839
135
290
13
0
59
315
26
1
6504
1
20
0
91
1
292
2
0
10961
9
191
29
476
0
9
0
33
0
112
0
0
22
0
388
8
4
6
1
63
1
0
11
1771
1
35
0
97
3
146
1
0
77
0
18
0
3
3
2
1
2
29
0
0
108
0
0
11
42
1
0
0
9
0
0
22
0
0
9452
1
22
1
0
0
0
0
32
1075
2
0
1
9
12
0
0
0
10
72
0
183
3
19
542
0
0
8
19
155
1
6
1
0
0
4
0
173
0
8
0
0
0
0
0
0
0
2
196
15
0
0
290
3
48
1
1103
1839
0
136
0
7
1
1
1
6
59
4
0
4
0
2979
17
7
0
3
24
0
0
3
530
5
0
16
3
0
35
14
1
10
0
1235
0
2
2
2
0
0
1
10
304
0
70
0
15
0
0
0
0
126
0
0
0
0
178
18
0
32
1
1
7
246
92
3
3
0
0
0
56
28
0
30
0
31
9
2
199
0
159
104
1
0
2
15
434
4
2
5
387
16
0
3
0
1940
0
0
55
0
0
995
0
1
1
20
10352
0
0
0
1
0
3
0
0
326
98
104
195
21
15
11
0
10
0
8
1
1
0
0
0
156
52
20
0
4
0
0
1
0
34
3394
0
175
0
0
0
34
14
0
0
0
321
2
49
11
0
0
0
0
0
0
1
42
3414
1
0
0
0
0
18
0
535
2
0
84
6
1
15
2
9
10
2
0
1
1
0
0
3896
213
1
6
20
0
0
0
0
4
0
0
8
5
1
0
4
1457
0
1
593
1
0
28
91
34
5
5
6
3
1
3145
505
67
228
20
2
0
0
118
1749
1
0
1
2
13
14
0
0
2
1
0
0
2
3
0
0
1
3
190
1
2
0
0
8
8
1
19
5
0
2
1091
7
14
0
177
52
476
3
261
0
0
0
4
13
1
0
1
141
21
4
21
62
0
19
11
0
0
256
6
0
0
1
1
0
13
1
1
90
3943
7
5
573
3
0
0
0
2
0
0
0
4
0
0
113
659
2
8930
0
16
0
0
0
0
44
23
2
0
238
0
26
0
18
209
138
4951
0
12
0
0
0
13
3
0
1
13
0
56
648
2
0
0
0
0
3
27
0
69
1
1
0
3
0
1
4
0
1185
0
4
0
0
0
94
68
1
45
7
2
94
0
10
272
16
3
0
2
44
0
0
11393
0
122
41
0
2
797
8
0
54
538
0
0
3
0
60
237
963
4
4
0
23
204
38
0
40
66
565
9
0
0
1
0
6
3
4
0
0
33
42
41
11
0
1
0
0
8
1
0
0
0
0
2
0
0
2
0
0
2
911
32
2
5
0
0
0
0
1
19
785
1
0
0
0
3
313
169
0
4
1
2
4
0
0
406
53
3
29
22
8
1937
4
0
0
131
4
0
10
12
7
9
33
64
4
4
122
1
0
7
1
0
3
2
175
0
118
0
2
0
6
0
708
14
5
0
0
8
0
2
0
1732
1
7
6
9260
5
746
0
56
59
0
0
39
10
0
34
4
77
0
1
27
0
1
0
8
0
250
35
6
0
6
9
113
1
0
1
52
22
0
105
2
0
0
0
503
0
54
0
5
0
3203
0
5
1
0
3
3
45
0
1
21
26
3
0
0
71
0
0
0
3
0
5
362
2
146
0
0
256
0
0
2
1
141
0
29
1
0
99
0
1
8
0
0
1
1
0
3793
0
2
0
1
0
0
17
19
0
0
0
1
25
0
1
0
72
1503
4
140
0
3
0
27
3789
10
7
179
620
70
0
0
8
6
3
0
0
0
156
0
0
79
0
16
0
22
0
444
0
8
62
0
294
3
4
10
415
1
0
681
1
0
116
702
4
1
0
1
2
4
4
724
7
0
1
19889
1
1
0
0
1
0
0
0
22
4
23
7
55
38
10
13
20
1
1
135
1
0
23
0
2
1747
180
23
0
0
342
23
1
16
5
0
0
2
0
6
24
0
0
0
0
0
0
0
0
4096
0
0
2
100
0
10
5
0
1
0
0
1
14
0
0
0
1
27
3
140
28
0
0
0
2
0
7
1
0
0
0
536
0
7
30
0
17
9575
0
16
1
0
0
3
7
61
1
23
3
1
257
65
0
0
0
1
210
0
1
2
13
75
226
10
89
124
1
1
1
0
0
663
9
32
4
0
0
0
0
0
0
14
14
1
12
0
4
1
0
81
2
20
14
60
0
1
0
1
86
0
1
5
0
0
1
0
2
3
1346
0
0
0
0
0
32
24
9
308
7
11
0
10
0
552
54
19
0
0
0
1
1
1256
2
21
7
991
0
6
0
0
455
0
21
11
76
0
0
0
0
227
71
1
1
6
600
4
1
790
0
103
1
2
6
3
56
22
2
16
2
1
0
71
0
2487
0
0
1
0
48
0
0
3
1
583
3
11
5
0
24
74
0
404
3
12
1
0
0
0
5
2
3
5
4
0
1
0
5
0
0
19
263
0
9
0
17
152
0
0
101
12
0
7
529
21
2
1
10
13
0
157
0
0
79
8
394
0
0
52
2
17
6
0
0
143
6
3740
2553
94
0
29
24
0
0
0
0
0
0
0
23
0
0
0
4
0
6
5
0
0
2
1
17
20
0
288
5
425
5
162
0
646
10
0
0
5
0
0
0
0
0
66
0
0
0
0
0
1
0
0
24
2
0
0
0
3
1
4
15
341
51
0
2008
1
22
0
6
0
330
1
3
3
127
0
10
7
1
9
5
0
0
48
15
1
0
0
169
23
3
0
2
0
0
0
18
0
2
187
1
2
1
0
1114
9
469
5
2164
1355
0
0
9
2
0
5
18
0
0
0
0
0
0
0
2
1
1
0
0
0
44
1
4
0
1
1
1117
1
0
0
1
67
0
0
0
3
1271
449
1
0
0
0
0
0
0
1
0
908
0
0
2
1
1
19
4
3448
0
0
5
322
1
5
20
2
688
0
0
0
4
77
0
2
0
0
278
0
54
0
1
5
0
1
105
0
0
0
2
0
3
147
1
2
16
0
0
0
73
11
0
0
30
10
0
0
10
0
3
10
6
1
34
5
0
166
2
0
0
213
0
0
167
19
0
0
0
0
386
2
29
1
0
2258
40
16
103
0
20
17
1
0
233
0
2
4
613
6034
1
48
71
25
0
45
0
18
0
2
1
0
1
0
94
18
113
21
0
2
0
0
0
1
1
198
0
0
17
0
131
0
0
0
44
1
0
0
0
0
0
0
0
19
0
16
1
15
0
239
1
5
3
0
1318
4558
0
12
1
3
254
41
8
0
0
631
0
0
4403
1
4061
2
0
180
1
0
6
0
41
1985
96
0
1
8
0
1
0
1
1
1
0
5
2
1
0
4
2
1
34
0
61
0
178
0
0
12
0
17
36
112
314
1
0
0
404
0
0
0
12
7
0
1
464
2
1
10
3
1
1
1
43
0
189
1
289
10
24
0
3
0
0
1
0
1
2
0
9
0
3
0
1
2
0
3
15
0
34
0
0
6
0
55
264
3
267
410
3
0
18
0
3
2
0
0
261
1
23
3
0
0
1
4
41
1
0
2
12
2
0
1
0
149
1
2
461
0
0
24
2
7
1372
531
0
0
0
2
12
5
0
0
1
343
0
2673
0
0
0
102
355
2
2
1
0
13
0
0
0
14
0
516
4
3
1
0
0
0
1
13
5
4
6028
0
1
14
5
77
276
0
1
0
0
0
17
1
0
0
35
0
1
0
0
0
2
3
0
1
536
0
1
6
30
0
0
2
4
0
0
2
0
12
0
0
3
29
0
2
0
1
0
91
1
0
77
0
12
7193
34
4
0
0
12
0
0
0
63
1311
186
1
0
0
214
0
7
8
318
0
708
3
1
0
1
0
2056
55
8
10
586
0
399
22
1
1
1
14
2
1
8
0
1
0
3
1
4
0
1
1
3
0
1060
1
1
0
44
3
1
0
0
1
1
12
0
1562
0
14
0
0
7
126
13
64
0
0
0
0
21
0
35
0
0
0
4
0
33
0
361
21
0
2
38
2
1
3
0
0
0
0
4
0
1
26
0
53
110
5
0
2
0
58
0
0
219
38
0
6
4
46
0
87
2
2
23
124
1
46
0
4
1
1
0
27
0
31
0
0
322
0
0
1
0
0
1
4
237
197
0
0
321
2201
1
2
0
521
0
0
21
0
842
11
0
3
35
0
0
1
16
0
644
0
127
129
0
11
5
382
3
1
9
172
1
2
141
0
0
1
0
0
0
7
0
6
2
0
4
0
2136
0
4
13
2
0
0
1
0
0
1
12
0
0
0
4271
0
0
20
440
65
58
0
2
8
2
0
0
264
39
5
0
8
608
8
0
43
1
4
0
9
46
0
0
1
0
15
11
0
0
8
0
5384
1
2
45
0
13
584
1
1
2
7
27
2
0
271
1
0
0
0
0
0
44
0
0
0
0
0
0
1319
0
18
1
1
0
814
2
1
342
688
15
101
1
0
0
2
0
1
0
0
0
0
0
0
0
26
6
0
1
7
0
0
5
4
1
737
1
292
27
0
0
4
107
0
0
0
3
3
6297
0
28
1
132
4
0
0
0
117
7
297
0
0
49
0
0
0
0
1
0
0
387
0
0
1
207
0
55
2
0
0
2
3
1
2
0
15
0
0
0
0
29
5
30
0
291
4
0
0
1
1
0
0
0
0
0
16
0
187
115
76
5
28
374
1
1
1
0
5
0
0
59
5
0
4
0
0
0
9
13
0
37
14
30
0
0
18
1
8
0
0
0
0
0
0
201
13
0
0
0
0
0
0
0
120
0
2
0
10
12
0
53
11
1
727
1752
54
245
17
3544
0
0
0
0
0
125
0
14
1
0
98
11
0
0
3
1
893
0
2
9
0
18
3
1
1
0
0
54
0
12
10
597
17
3
115
12266
5862
2
4
4
10
18
2
0
1
6
0
0
170
0
14
1
46
49
40
0
0
0
0
0
26
8
4
0
0
9
111
0
0
22
0
392
2
10
43
0
0
0
1
0
0
0
0
1
31
2015
4
72
0
0
36
1
0
0
119
0
16
0
0
132
1438
1
0
1
1
0
4
0
48
0
0
0
0
0
0
0
21
3
0
7
0
5
0
0
0
6
0
0
0
502
0
0
4436
1
0
334
27
0
0
2
1
18
125
148
0
4
0
0
1
2
0
43664
1
1
1
0
2
0
0
41
0
490
12
1612
1
0
3
0
1
0
2
704
0
144
6
0
28
13
0
3
58
32
1
3
6
25
0
3500
0
166
1
3
1786
0
121
2
0
13825
1
115
0
32
1
47
26
3100
498
2010
0
0
9
400
0
1
457
1
1
71
0
0
1
0
1716
0
36
0
20
441
3
1
2199
0
0
0
5825
304
0
4
0
0
0
296
1
31
0
0
20
3
0
0
4
1
1595
1279
3
1197
0
2
0
44
0
121
6
0
21
0
0
0
512
7
8617
3928
0
1
11
483
1
933
12
0
8
216
0
215
562
134
64
186
1
0
0
0
10911
6
3
10
3
0
1
0
38
1
0
0
0
1
104
0
1
7
9
222
0
0
0
8
611
0
30
0
1
4
55
190
25
0
1
5
0
38
52
0
257
0
2
18
447
0
0
0
0
850
10
0
0
9
0
1
12
0
1
10
5
0
42
24
0
121
2
28
1
1
2
56
26
13
6
0
3
124
0
0
318
383
2
0
5
0
1
196
161
1503
1
116
6
1
0
0
32
10
0
9
217
2
0
2
0
31
7
0
1
74
1
3
2
0
0
11
0
3
0
7
499
235
0
91
0
63
0
133
469
0
2
6
0
0
2
0
0
3
0
2
0
0
1
0
7
0
207
0
3
0
93
3
74
92
0
107
0
617
99
7
0
145
2
0
102
4787
2
0
0
309
0
1128
0
0
44
42
1
0
0
1
0
3
0
10
0
1
0
0
204
6
2545
0
1
2
4
0
2
1
6
0
0
5
1
0
0
6
15
0
0
0
0
7
2
0
9
0
3424
0
0
5
0
0
0
24
186
358
0
1
0
2
144
7
0
1
0
1
0
17
1329
21
0
0
0
0
0
8
0
0
0
1
74
2
1
37
113
2163
0
38
186
3
2
1
1
0
0
5
0
0
26
0
0
0
146
0
320
0
0
0
1
821
2
29494
0
0
1
2
0
0
32
0
0
167
10
0
76
513
0
1
3
2
1
16
0
0
0
3
1
1
0
146
65
0
2
52
5
0
138
16
0
1
0
2
57
3862
1
0
0
0
0
10
1
0
50
0
1
22
2
0
0
1
1
7
13
1
12
0
28
4
0
3474
0
0
8
2
4
153
19
77
4
8
44
0
142
0
0
0
5
3
78
82
0
9
0
38
0
10
4
5
0
35
0
0
8
0
134
1
0
13
0
0
0
0
1
0
0
0
0
754
1
3
0
1
6
5
0
0
13
0
1
460
4
7
0
651
0
12
3
1
0
0
0
54
0
0
2
0
296
13
0
0
0
1
0
0
10
0
29
8
219
11
4
1
190
218
165
0
8
0
13
0
92
0
17
0
0
176
0
0
1
0
1
3
218
0
0
0
1
0
0
140
0
5
305
0
366
117
3214
1
1
560
0
4
2
0
77
12
132
0
2
0
2
2
0
0
261
1
0
0
0
0
0
2
4
0
0
67
16
18
0
0
0
0
1
0
38
240
0
1
0
157
0
18
12
1
0
8
0
0
146
1
1
0
500
1
38
389
2
1
127
2
0
0
0
2
0
21
15
0
0
0
25
22
0
6
570
0
0
0
0
1
0
3438
206
0
0
4
1
0
14
0
0
0
6
70
12
890
1773
0
22
14
19
0
0
76
40
0
0
0
1
2
155
0
1
6332
3
0
11
9
150
9
0
1
2094
0
0
106
0
60
0
0
0
2
0
0
0
11
0
0
45
0
287
2
0
1
2
2
36
291
330
2
8
41
0
0
2
27
4
104
4
222
0
1
1
0
418
1
0
0
17
35
16
0
2
19
0
1
68
0
0
0
2
4
5
12
49
13
2
277
0
427
0
2
191
0
6
0
0
6
4
0
3
0
1
30
25
0
0
627
17
4
0
0
17
5
51
0
18
204
0
0
1
65
0
0
0
0
1
2
25
1
0
882
0
0
9
0
0
581
0
3
9
1
17
0
6
0
6
15
0
0
2
3
8
10
0
1
0
0
23
0
0
0
0
0
292
0
11
33
2018
1
1
0
0
3
0
7
0
0
0
0
61
0
19
4
671
36
1
28
0
0
106
0
0
0
152
0
0
1
0
0
0
0
1
4
0
40
7
0
37
0
30
236
0
0
21
158
0
0
2
1
969
1
1
26
1
0
3
0
1
0
0
694
3
0
0
118
1
14
180
0
1
1
0
9
9
3
0
1
0
0
0
3
1517
10
8
87
24
0
50
0
0
52
0
0
1
3
2
1
0
0
0
616
133
9
0
1
19
0
141
12039
0
1
0
0
458
12
115
95
0
60
0
3955
0
0
0
0
1
82
99
0
2
5
3
0
0
14
253
3
174
45
136
0
0
91
0
218
0
0
0
7
46
0
2
2
0
967
0
124
0
6
0
1
1
1
238
0
54
2
2
0
0
0
2
1
0
139
0
0
3
34
1357
0
1
1
3
1225
1609
0
0
0
0
0
0
281
124
0
72
0
32
0
0
0
145
0
0
694
453
8
1
340
9
1
1
1
1
0
7
0
0
1
4
0
0
9
58
2
23
30
0
1
0
2641
3
8
64
0
120
2
2
6
0
21
6
2
0
3
11
0
0
0
6
0
0
0
0
0
0
36
0
1
0
1
0
28
196
17
4
3
344
0
1
4
886
0
0
1
0
13
41
0
0
0
0
0
0
59
1837
2
109
0
0
920
0
0
6
3
0
164
0
38
74
180
0
0
0
55
0
3
1
1001
56
0
0
2
4
0
17
323
364
0
0
0
0
0
52
119
347
0
0
1
59
0
14
0
0
8
0
1
0
52
1
0
8
1
7
1054
0
0
24
18
3871
1
0
30
0
2472
0
1
80
62
0
1294
0
1
0
0
2678
60
0
11
0
0
1
11
1
0
20
1
0
88
491
0
0
3
1
0
0
1
3
0
0
57
5
0
3
0
2
3
428
0
20
2
0
1
0
66
7
0
682
1
39
32
0
1
0
4
131
0
0
287
1
35
0
2
3
0
9
46
2
65
9
0
1
0
0
314
5
0
0
0
3665
1
147
71
1
2054
36
0
67
4
0
0
0
63
0
102
945
4
4
0
250
45
0
3
35
0
319
39
0
0
1
7
7
172
0
0
32
0
0
0
1
620
317
0
0
11
0
0
26
6
14
0
9
1
0
0
0
4
1
0
30
7
0
3
407
0
614
92
4
6
0
0
10
57
1
1
12068
68
439
2
2
2
0
708
29
0
335
17
0
6
4
0
0
3
7
2
142
0
0
5
0
67
494
3
36
0
220
1
8
4
6
5
199
26
6
26
0
0
0
0
0
2
0
0
110
1572
5
0
1
0
1
8
0
7
0
2
0
4
35
7
116
0
5
124
1
7
0
0
15
0
0
0
0
61
2
81
20
5
2
0
1
13
0
14
5
407
5
192
0
0
0
11
1
0
0
15
0
26
0
0
34
0
0
673
0
0
1
0
0
7
1
0
1828
0
0
529
0
1
222
2
2
0
0
0
0
0
1
1
31
0
0
0
16
0
88
2
3
10
0
2
15
56
0
0
1
5
0
1
0
1
536
0
10816
1
0
0
2
68
0
1
5
0
2
0
1
0
1
3
2
1
2
13
14
1
20
34
6
0
1
33
0
302
0
0
1
0
2
1
4
9
3874
4
15
0
2
4
1
1
514
1
0
1
1
31
0
1
0
0
1
464
0
9
7
328
2
6
15
158
2
14
0
0
5
0
0
16
66
9
0
98
35
53
0
259
17
30
0
6
4258
0
0
157
0
421
0
0
1
16
0
0
1
0
1805
147
0
0
0
0
0
0
8
2
1
86
1
49
8
356
10
165
0
0
0
1482
2
3
0
48
0
0
0
22
0
1
7
0
0
26
0
4
2
0
0
1241
2
0
26
12
4
0
0
0
2
1
112
11
0
8
104
0
0
0
4
6
37
70
191
3
168
39
0
0
0
1
0
11
0
0
1
0
2
0
79
0
1
1
0
339
0
6
15
210
0
10
31
0
586
82
6
0
10
0
114
11
1770
4
0
3366
0
0
17
0
1
20
0
0
82
0
29
24
0
1
467
0
3121
2
0
1
1
32
0
1592
2011
1
0
216
0
0
0
32
36
0
54
5
0
1
0
5
1
0
0
0
0
8
0
34
4167
0
2511
1
18
35
0
6
11
6
1
81
0
6
173
2
0
2
1
1
9
0
2
169
98
0
51
1
0
2
0
0
45
105
0
306
1
0
1
1
0
143
0
251
17
296
0
0
0
49
0
10
387
1
0
105
0
6
0
44
55
2
20
105
0
0
0
5
3
0
2
0
7
0
14
1
0
6
0
6408
0
1
254
1
0
2
2
0
0
0
0
0
0
261
431
151
4
72
0
0
1
3
9
3
0
0
5
1947
0
1248
0
2
0
0
5
0
0
1
1
0
17
30
0
18
19
1
0
47
1
1372
0
20
1
1
0
0
0
22
0
258
242
79
0
46
0
108
0
2
5
0
0
0
1
58
62
1
0
1
0
2070
11
47
30
0
0
1
0
14
3
0
40
0
0
0
0
2
12
0
1
142
39
28
1
1
10455
0
271
16
0
7
4
8356
0
6
1
0
23
0
41
0
0
1
0
0
76
10015
73
0
2
0
915
3
0
1
4
7
0
125
0
0
0
547
3
3
0
0
22
3
0
1
0
1
0
94
0
2
0
4
152
0
174
0
1
0
16
0
13
1
3295
1
1
2
0
2
0
0
1
0
38
0
19
2244
0
8
64
0
0
2
3
4
0
254
0
3
0
10305
2
2
1
0
1040
0
993
6
15
8
0
23
313
0
29
0
24
0
0
256
0
0
1
1
2
0
0
4
2
1
0
244
7
3
195
410
6
0
0
41
0
0
1
2739
0
0
50
9
2
0
2
1
0
18
0
0
1
3
21
1
0
0
2
0
120
0
0
0
2
0
0
8
0
36
1023
2914
0
0
16
4
0
109
2195
0
0
0
0
2
0
3
2111
29
20
0
1
1
108
0
0
5
339
0
1
227
0
0
2
2
0
41
0
4294
0
56
1
3
0
81
72
226
11
40
35
28
2
110
32
22
0
0
395
1
0
21
0
249
4
69
6
10
0
0
217
822
0
81
0
0
0
2
2
1570
0
0
0
0
0
1
11
0
5
0
102
0
9
46
0
0
7
0
0
317
574
10
3
4
3
1318
7
3
3
3
7
0
217
1
0
5
2
2
73
0
33
13
0
0
0
0
0
0
0
1
88
1
3
1
0
0
0
3
67
9
5
1
0
0
0
0
0
0
4
0
2
1
0
0
595
1
1
2
55
27
1
0
1
0
13
1
1
0
18
7
50
31
4
0
1
1
0
30
3
1
0
7
0
0
1566
297
43
28
401
0
0
4
0
14
2
9656
60
0
2
0
0
98
41
6
500
0
2777
68
1
0
0
44
0
1
2
5
10
43
18
364
1
0
3
1
0
0
31
5
37
0
11
115
0
11
0
0
0
1
0
0
4
9
0
1
0
414
2
1
0
4
7
6
21
16
0
146
1
0
153
1
318
0
24
1
0
537
3
8
17
2
231
0
0
0
0
16
19
78
2
0
0
37
0
0
0
0
78
30
17
8
0
1669
0
18
4
2
1
0
1
0
1
4
154
0
5
3
0
8
0
3
0
174
2
0
671
0
1
4
0
1
0
0
0
4
3
1
0
16
0
314
13
2
0
127
0
3
4
0
78
3
0
0
12
4
1
2
17
0
1
1
249
0
3
0
0
1
3
0
556
0
1
2
0
156
1
212
169
5
1
52
0
68
0
69
29243
4
1112
10
0
2
2
0
0
692
4
55
1
85
0
2
2
0
1384
6
1523
81
6
0
0
60
67
23
0
0
1
9305
0
0
19
1
8
1738
0
0
5
2
0
1
0
6
0
1
5
2
1
0
0
0
1
2
4
0
153
1
13
0
15
0
704
9
1
415
16
32
3
53
0
8016
218
0
43
0
463
0
0
0
0
0
2
0
0
2
5
4
12
303
25
36
12
173
0
0
3
0
1
4
5
74
11
0
1
0
1
28
11
8
0
0
2
1
485
9
0
0
0
0
0
16
0
0
70
5
9
2
6
0
13
1878
170
0
0
188
1
171
0
0
4
113
0
0
1
0
2
1
0
1
74
40
6
0
1
0
0
0
51
0
2
0
0
0
106
0
0
0
0
1
59
1
0
0
0
0
0
3
349
0
15
1
2
0
3
0
0
5769
0
0
1
0
14
3
136
49
0
6
0
0
0
2
1935
0
2
0
2
0
4
2
105
71
1481
52
0
10
0
3
1
19
1
16
0
388
0
4
0
597
33
0
61
0
0
2
48
0
472
1
49
9
18
7
0
2
11
0
1
67
0
0
55
438
4
1
2
1
0
5
86
0
50
8
17
4
1203
0
0
88
34
0
0
92
5
1
0
0
0
14
0
2
0
0
0
0
2
0
4
2
2983
0
3
10711
0
0
1
5
1
0
0
0
0
2
0
0
0
42
2033
1
77
0
666
0
0
0
8826
8
1
0
119
0
67
49
2
0
0
0
0
0
4365
197
9
1067
0
26
1
3
0
8
5
1
42
0
4409
1
6
0
3
5
487
0
20
35
34
0
761
3
0
1
172
4
0
0
0
0
6
0
0
135
0
0
0
10
1
0
0
0
0
0
91
2
170
438
1
0
4
1
4
1
15
0
2292
1
138
2
15
394
2
0
6
2
25
13
0
6
0
4
0
0
513
0
2
0
672
1
1
194
26
0
2
27
102
0
2
62
0
0
1
0
122
0
306
0
1
0
3
194
0
5
15
0
0
231
0
65
0
2
2
0
357
0
5
53
5
0
0
0
57
5
4
21
0
7
2
1
351
87
0
3
62
49
0
12
0
1
13
2
0
0
2
1
9
53
33
53
52
2
109
490
96
11
1
0
194
0
5
9
3
0
0
1
985
0
0
103
1063
1
2
150
13
0
543
3
0
11
0
16
18
32
0
0
0
0
0
0
0
0
72
1
0
0
0
548
0
2947
750
2
0
7
0
64
0
2
0
0
1
85
2
446
102
1
2
176
34
0
319
1
29
0
0
0
3
14
0
30
0
60
3
1
1
300
0
712
4
1
0
3
1
0
56
4
0
1
0
0
0
159
0
0
0
14
7
8
0
42
0
0
233
0
4
0
6
0
243
0
2
0
1924
45
0
42
0
463
0
0
47
0
0
0
0
0
1022
0
3
0
0
0
1
48
6
8
4
3
0
0
1
28
0
19
1
0
0
5
0
2
0
2
0
0
0
3919
109
64
0
1
0
0
4
22
0
24
0
1
846
622
8
1
6
4852
2
0
1
4
11
94
3
0
5
0
0
0
208
0
0
0
17
0
0
2
31
13
0
0
8
22
11
1
140
0
0
5
0
25
1755
1
0
272
2
1
0
4922
0
3
9
1
0
36
0
18
1
22
13
0
0
54
15
0
12
745
103
74
58
0
0
2
1
0
0
48
0
0
0
0
5
25
3
31
0
0
2
1
339
3
0
3
0
23
0
8
7
0
0
0
2
34
0
35
388
19
8
2
0
56
47
4
0
36
39
4
3
0
0
0
61
5
224
0
0
0
0
0
2604
47
103
1
8
0
57
143
0
121
0
1
1
232
675
1
0
1212
8
270
45
1
0
0
15
0
0
0
2291
1554
72
0
47
1
1
18
241
0
1
1
0
2
0
0
4
1
0
0
0
489
24
0
77
0
1161
48
0
76
0
2
4
0
0
0
16
0
927
13
32
1
306
0
0
0
14
27
2
0
0
0
0
2
0
25
308
0
58
1
15
0
1
197
46
1
1
0
0
0
2
1
1
4
40
28
0
0
197
5
3
0
13
0
0
0
19
0
209
94
0
0
20
4
0
2
0
79
45
267
1967
435
2368
36
6
39
0
24
1
0
20
0
2
0
37
19
0
2
5
292
0
6
2
5
3
0
0
7
182
19
6
0
2
2
269
0
39
0
0
0
0
0
0
0
0
2
40
6
10
0
1
0
0
1445
574
27
1
3
3
184
0
1
0
39
1
40
1
373
0
3
4
0
29
9417
3
1
0
0
11
0
9
1
2
0
0
14
2
9
0
8
34
0
0
46
36
6
2
0
9
0
0
1
0
1
37
3
7
543
0
2
327
0
0
0
1
1199
0
0
0
2
0
15
270
0
0
24
4
3
0
58
1
0
45
1
281
0
0
133
0
0
27
658
0
0
0
1
3
0
1
1
0
61
195
1
30
12
843
0
0
0
1
45
15
1
4522
9
11
0
11
0
0
3
8
94
0
55
191
1009
4
6
0
1
0
0
0
1
9
19
0
10
17
4
0
0
2
1
0
0
18
0
1
0
1
129
1
66
1
0
4717
0
0
0
2
179
1
0
2
2
101
17
0
3
2
1
0
6
0
268
993
0
0
2
7
2
15
3
47
0
30
1
3
53
7
360
0
3456
0
0
2
22
4
0
0
3
2
1202
9
0
19
1
0
1
0
0
0
28
0
0
0
0
1
1
19931
178
1
15
0
0
4
0
97
536
0
0
0
0
335
0
168
0
161
0
12
0
0
1
388
0
3
8
0
0
116
115
0
19
18
0
0
0
1303
0
7
14
0
1
0
0
2
23
3
0
0
3
1
0
1
159
1
84
0
14
1
801
4
0
1
6335
3
0
0
604
0
0
15
0
3
0
1
0
92
0
0
0
1
0
3
2
14
0
252
2
0
114
2
1
1
0
0
0
1
218
0
122
37
0
3
65
11
0
3048
157
0
0
139
0
0
13
89
1583
6
1126
0
5
0
0
0
0
1
57
23
12
1
1
0
0
0
0
37
7
0
190
25
0
4
507
104
0
0
6695
104
8557
27
0
806
0
11
0
161
1
0
0
0
4
25
0
0
23
22
0
0
62
0
17
2
23278
0
1
0
33
38
62
3
1
0
0
0
1
4
4
0
0
67
0
237
6226
3
0
2
2
1
3
0
1
0
0
0
0
14
4
0
0
0
0
381
301
0
0
11
0
4
2
2
199
2
0
0
0
0
0
231
0
11
1
0
11
56
0
3
2259
28
4
0
2
25
0
50
266
106
5
5
4
8
0
0
1
0
0
2
721
0
0
1
9
133
52
0
32
1
1
0
1
0
0
2
5
0
0
5
0
793
0
0
0
5
120
0
2
172
9
0
2
1318
0
15
0
56
0
679
615
0
0
0
35
490
20
106
0
0
0
1
0
0
2
0
5
1
0
0
9
13
0
0
2
0
0
0
582
11
50
8
0
0
48
0
14
254
1023
16
0
605
0
0
10
1810
1
3
47
46
0
84
0
0
0
0
0
21
0
3
11
1
0
0
0
4056
172
17
1
55
1
0
831
0
2
0
12
0
0
5
139
1
0
28
0
0
0
0
9
0
0
0
6
6
0
0
531
34
0
0
0
54
4
0
19
0
3
4
1770
0
29
2
1439
28
152
1210
4
0
3
0
0
1
0
94
582
0
0
1
0
196
23
57
7
2
437
402
1
4
0
29
10
1519
2
0
3
1
42
1
0
4
0
1
21
2
0
1
1
157
3
1452
0
0
16
0
0
43
0
17
1
47
183
23
0
0
0
55
68
17
92
0
0
46
2
0
1
160
9
0
0
0
1
1
26
0
171
322
1
23
25
67
1
2
0
425
0
0
0
0
4
1
5
1
0
14
0
0
2
0
0
30
96
0
0
0
2
3
3
0
879
3
7
0
0
16
0
0
1
0
0
1
0
0
110
0
424
26
1
0
41
0
0
0
1582
0
0
0
51
3
0
9
1
0
1
99
49
340
0
1
0
3056
0
2
2151
0
3
0
0
2
1
0
20
1
0
0
11
205
1
0
0
103
0
0
6
1
159
0
16
89
2
0
175
136
0
0
0
0
0
6
4
0
1
0
8
0
0
0
9
15
425
0
4
1
20
1
0
19
0
7
44
0
0
2
0
1
0
0
0
0
0
0
0
8
0
2
3
3
0
1
3213
0
0
0
1
12
0
0
51
0
1
0
227
0
1
4
0
238
73
0
1297
1
574
3
68
0
0
0
18
32
0
17
0
1
1
346
26
200
0
48
4
0
0
2
0
70
0
96
0
104
0
8
33
0
6
190
0
2
54
158
1
1
0
0
0
0
0
1
1
3
0
14
0
8
256
92
0
0
23
1
0
77
43
2343
1
19
1
0
0
84
107
9
1
18
0
0
25
25
0
1
1
0
3
2
14
101
0
1
0
0
26
115
0
0
36
0
79
38
11
0
0
2
11
16
1
0
0
0
0
0
7
1
3
1
3
2
0
718
0
3
1
47
0
1
1
0
0
2
0
1
52
1
1
888
0
0
0
0
0
10571
0
20
0
0
0
0
103
2
8
180
2
0
2
8
61
0
0
0
107
0
93
0
11
1
24
0
0
0
0
0
0
0
2
4
107
0
0
0
390
2
39
4
17
0
0
1
1
1212
3
0
3
21
130
0
0
11
6
3
2
39
0
0
0
3
0
14
0
0
0
1
0
0
0
0
0
1
0
4
0
4
274
601
0
1
14
0
2
5
4
406
0
1
8
0
2
0
0
63
0
1
1349
2
3952
1757
37
5
0
1
3
2169
0
272
12
2
106
0
0
0
2
4825
0
171
97
1
0
0
0
0
0
2
5
0
84
0
3
24
0
0
0
27
5
0
131
49
0
22
149
4
2
0
70
43
6
0
1
0
368
0
7
0
279
13
4
0
2
4
0
6
0
0
250
0
219
0
0
380
7
4
9
0
0
0
0
245
6
1
11
0
59
6
4192
0
45
0
0
187
1
200
0
6
0
9
0
1
0
6
0
6
1105
0
0
8
1
1
11
125
1
0
0
13
0
8
1
0
6
0
0
0
0
10
0
2
2
0
1
16
1
1
7
3
0
0
1
0
0
5
1201
2
0
10409
0
0
117
3
88
0
0
116
0
0
0
137
0
0
6
1
2
87
4
0
2
0
1
0
2
0
0
0
17
19
0
0
79
16
29
0
0
0
3
0
0
0
10
0
0
0
0
44
16
1
0
592
0
3
0
0
0
3
2
110
2049
3
12
0
11
781
1
474
0
0
301
86
0
1
8
8
1
0
0
0
153
8
0
4
0
0
56
0
361
0
51
0
0
3
0
28
0
0
0
0
0
0
138
0
31
2
497
121
0
2
4
0
0
54
1
0
2
7592
0
853
108
0
0
0
7
570
0
4147
0
0
1
22
2952
2
42
23
1
2
40
1
0
2
0
1
0
51
0
0
0
1
0
328
325
0
2
0
2
0
9
0
0
33
10
7
0
0
0
0
24
31
1
2
0
0
25
0
23
9
1
2
0
169
0
0
137
3
8
32
0
2
179
91
330
0
0
31
261
463
5
210
2
4
43
24
3
0
0
127
5
0
5
14
0
0
10
0
820
1
149
0
1
0
1
1
0
4
0
10
26
0
0
1
1
0
0
27
0
1
0
32
30
42
0
0
0
0
5
3737
0
0
0
2265
0
1
1
0
0
0
0
0
0
0
10
0
2
0
28
0
112
57
19
3
1
257
1
46
11
1024
255
638
0
54
0
0
0
0
30
38
1
3
0
0
0
9
0
138
0
1
0
0
5
1
0
37
1
5
1
5
26
8
40
10778
0
0
49
0
1513
8
55
0
1
0
2
3
703
0
0
12
0
10
1549
0
5
1
33
0
0
10
0
1
0
0
0
0
16
4
0
0
0
0
0
1
0
0
0
0
0
4
0
1
0
1
899
1
1
2
46
0
1
6
0
0
36
4
0
121
0
0
1
17
4
0
18
520
0
0
44
60
0
0
6984
0
190
0
1
57
0
210
0
2
0
2
0
0
0
0
4
0
11
0
4
0
2
68
0
3
164
0
91
0
0
7
10
16
382
5
3
258
0
0
0
34
100
0
9
2398
0
359
1
352
0
350
1
0
25
3
3
47
0
0
0
23
160
6737
23
792
0
7
0
0
297
2
60
10
0
67
0
1
0
343
236
0
82
14
0
6
0
0
1
29
0
0
2
0
0
0
29
0
0
5
14
305
0
1
3
0
0
0
509
2064
0
0
0
0
122
8
408
1
0
0
0
316
61
0
0
0
1770
1763
1
4
1016
0
0
0
0
2
0
1
0
4
1
102
1
0
54
3561
822
0
0
0
17
0
36
0
0
0
0
11
4
0
0
0
0
2
4
0
0
0
16
0
16
21
26
0
266
0
7
6
0
0
20
0
0
84
4
0
3
8
0
1
1476
2
2
799
0
2
0
0
1
5
6
0
0
5
119
0
7
12
1
2079
559
9
5
0
50
14
4
0
0
0
6
0
3
1
2
0
1
77
3
1
49
1
0
2
0
24
1
1
0
0
0
513
0
0
7
3
0
0
65
407
1409
0
0
53
0
6
0
0
202
0
16
547
3
1
237
171
3
0
1089
167
544
1
1
6
0
0
0
0
1
0
6
0
0
0
0
0
0
7
1290
0
0
2064
89
12
0
21
0
4635
4581
7
0
2
643
0
0
0
0
0
12
0
0
0
2
10
0
107
4
0
2
4198
0
517
0
10
2
3
5
0
1
3
3
11
0
0
4
1
0
44
52
0
352
2
25
1
14
0
2
10
1
2
0
32
30
0
1
549
4
0
24
2
0
140
0
29
10
0
32
0
0
36
0
0
0
1
0
0
1
0
2
0
3
83
2
741
0
25
37
85
54
0
0
12
0
0
0
0
1
2
9
0
0
2
1
306
1
0
1
12
3
0
0
0
13
1
30
364
3
527
13
0
689
11
60
0
191
0
0
0
18
1323
1
0
0
313
1
403
1
2
2
0
5
0
0
0
26
321
0
1
0
115
0
0
0
41
7
183
0
13
48
8
0
0
4
1
719
0
209
1066
4
65
2
0
36
8
11
0
0
0
0
1
2
0
3
367
0
0
152
0
0
15
75
3
0
4
0
17
0
1
1934
11
7
0
8
903
0
0
1
0
19
0
8
13
0
0
118
13
5
11
39
5
339
0
5
0
0
0
4
0
0
809
8
6
10
7
0
1
2
0
0
0
8
0
0
247
0
2
0
0
0
0
2
2
19
0
0
60
0
0
1
84
0
0
644
8
0
0
0
3
0
0
21
0
0
0
0
30
34
0
0
0
4
2
317
98
4
1
2
0
0
7
3
3
0
0
0
0
1
60
0
335
14
454
1
0
6
0
0
1
273
266
0
1
0
0
8
4
13
0
108
55
0
0
0
1
0
1
0
0
3
117
2
25
22
14
3
0
28
6
0
0
81
46
0
2
0
7
0
53
586
0
0
40
34
1047
2
3519
117
1
0
29
919
2
0
8
1
5
4
0
0
31
0
116
6
0
0
4
1
153
0
0
2
1
5372
1
0
2
0
224
0
0
2
1
35
0
0
7
2
0
4
0
7841
0
33
0
210
1
0
2
2
383
8
1
0
0
0
2
0
0
4
0
47
8
6
0
0
4
1
2
1
0
0
0
0
146
2
441
759
2
1
218
0
0
0
0
1
1
40
0
56
31
5
2
25
0
0
1
0
1
0
0
72
0
31
0
0
14
0
0
0
0
0
0
0
3
1
0
1
529
5
0
183
0
32
17
15
91
1
1
0
0
0
5
2
0
3
0
2131
1
0
1
1
3
0
1718
0
0
1
0
0
2
12
0
0
0
349
2
1
0
1
22
0
152
90
0
47
412
0
0
2
0
12
122
0
537
1
0
2
2
0
0
0
0
57
159
0
0
9
0
0
162
7
0
0
0
1
6
1
52
16
0
0
0
0
0
2
186
2
0
0
2
1
0
0
1
2
3
4
1
1
0
0
140
0
0
63
0
164
0
1
0
2
0
15
3
771
0
0
0
0
5
599
11
2
0
1
0
2
0
0
44
8
1
105
1
0
6
22
0
32
0
1
0
0
0
2
0
0
37
1
2
679
0
1476
0
0
0
2
2
52
0
615
9
26
2
10
27
0
0
0
1879
0
24
1
6
2993
7
35
0
0
6
22
0
0
2
1
965
0
2
12
0
3
3
299
0
3
118
3
70
0
0
4
0
0
0
0
0
1
0
0
4
3
36
0
5
0
8
9330
0
1
0
0
54
0
4
0
0
116
0
0
318
8
105
0
499
0
0
3
695
43
0
47
0
6
0
0
0
0
0
0
8
30
0
0
359
0
12
254
14
28
285
30
26
1
0
0
0
11
0
0
0
1
0
60
24
0
54
2
0
136
0
0
67
0
0
345
8
3
1
13264
6077
1
0
0
0
1
1
21
0
2
205
0
0
56
38
0
0
0
0
473
0
1
2
0
0
1
338
2
9
0
0
12
1
201
36
0
0
113
0
12
17
4
0
15
0
1
0
193
0
0
0
0
1
0
56
7
0
0
0
0
39
0
12
0
75
0
6
0
0
0
4
0
1
59
1
0
1
5905
0
13
0
0
0
0
0
2
86
2
363
838
1
0
0
4
3
2
0
334
0
0
0
0
0
0
5
106
95
9
5
0
0
2
1073
0
152
1
0
0
0
30
0
22
1408
108
4
56
1303
1
6
4
0
0
1
6
1
173
0
1629
1239
141
4
36
0
0
0
0
1331
8
122
0
18
0
0
0
1
0
1
1
27
4163
55
6
1
5
96
781
4
1
0
0
0
0
1
8
1
0
0
0
32
0
0
0
64
0
0
8
0
1
2
202
0
3
0
0
0
0
7
0
0
278
2
11
1
3
3
0
0
47
0
0
28
0
0
0
12
0
0
74
0
0
87
0
1
78
0
11
1031
0
29
4
0
0
2
65
5
0
0
0
0
1
10
2
24
0
0
2
0
1
0
0
0
50
262
492
49
770
28
2
12
0
473
0
1
0
377
0
2
74
703
27
0
327
12
0
0
298
0
0
0
0
0
0
0
0
0
19
0
1
0
0
21
174
0
81
0
5
357
33
26
0
7
241
2
54
23
0
26
67
76
2
0
0
7
3
0
0
0
15
0
12
0
0
516
0
297
0
0
0
0
4
7
18
140
0
0
81
5
0
332
26
30
0
0
0
109
325
0
71
0
27
205
13
14
1
1
1
11
0
24
0
1
10
0
168
42
0
316
29
59
0
1
54
186
90
15941
0
509
0
20
0
0
1
1
4
1
0
3
0
0
131
21
0
6
78
6
66
17
0
0
15
13
0
0
4
0
0
4
17
0
37
0
0
9
0
0
8
12
7
0
0
5
0
0
0
16
3
0
0
543
0
0
1
0
0
0
5
7
2
0
28
5
0
54
6
0
131
3
0
34
0
5
0
5
9053
0
0
14
2
0
1
0
15
0
0
29
0
2
0
0
1
1
1
16
0
0
0
0
0
0
498
21
0
3
3
1
56
0
1
0
0
0
73
473
0
1240
0
5
14
1
3
8
1
3
0
112
36
1
0
20
7
2
10
19
0
0
0
0
13
3
521
7
1
6183
11
36
352
0
11
0
0
119
79
0
0
0
1
0
0
0
0
14
1830
188
0
1
0
0
0
1
0
0
62
25
17
4
1
2
0
75
0
1
0
0
6
1
116
14
21
0
3
76
289
0
0
0
1
0
0
0
0
1
0
12
229
1399
3
8
2
7
0
0
0
0
0
7
37
0
0
0
241
13
0
9
281
0
0
1
0
0
207
3
0
0
51
3
15
4
0
0
0
6
0
184
0
7
0
0
1
0
248
330
0
1
1355
0
0
0
1
0
0
1305
0
0
0
1
0
0
0
0
0
114
0
0
17
8
0
4343
0
0
0
203
0
0
1
1
3
0
0
70
51
7
67
6
6
187
0
0
10
0
50
11
0
0
5
5
340
0
2
5
0
1262
0
1
0
5
0
7
197
38
2
10
32
1056
77
0
0
0
0
3
0
0
0
0
0
0
0
4
4
0
0
1
1
1
0
0
2
1
0
0
0
0
341
70
15
14
0
26
20
0
0
18
2
0
0
0
1
0
9
6
2
0
1
4
0
3
2
0
0
0
6
408
0
3
315
0
492
8
44
2
0
31
0
0
4
1
2
0
2
0
0
4
1
1391
0
3
0
0
0
0
0
11
38
3
0
0
0
44
3392
1
11
131
0
58
370
0
3
5
1
48
0
226
45
3
0
0
0
7
0
16
0
86
0
4899
41
1
27
0
0
37
6
3
0
0
0
71
1
70
0
5089
133
0
19
58
79
1042
1
1
0
0
1
0
0
192
19
0
0
1500
2216
0
0
0
0
0
0
7
0
14
1579
0
0
149
32
4
0
1
3
0
1
3669
0
0
0
1
0
4
2
0
1
9
10
0
4
99
0
0
0
2
0
0
0
9
0
0
19
0
4
0
3
0
8
224
10
525
0
1474
339
0
15
603
1
0
31
0
1785
0
337
0
5
0
0
0
0
13
66
0
5
22
0
523
0
0
0
122
0
0
0
47
0
648
66
0
2
10
0
0
1193
0
0
6
10
12
0
3
0
274
0
6
0
0
7071
9
8
1
1
0
246
3
0
3
8
1
1
25
3
0
0
0
0
30
0
1185
0
1
1
35
1055
5
0
0
7
0
2
0
0
1
0
1097
0
0
0
0
0
0
0
24
45
308
0
1
0
0
608
1
18
2
0
0
4
86
0
2
0
8
0
0
20
7
0
0
25
1
0
0
0
23
249
0
0
953
1
25
12
0
80
2
5
77
1
400
0
88
10
3
0
1
4
19
0
5
5
146
8
4
0
2
661
0
1
0
12
1
972
23
34
0
64
0
1
52
0
0
0
0
68
10
0
0
1
0
41
1
795
1
1
0
0
901
1348
0
0
17
0
0
87
11
0
61
2
0
4
104
1
15
24
10
147
0
4
0
4
0
2
0
10
0
0
2
0
50
23
0
0
0
0
2
0
114
263
8
34
1
0
0
348
5
0
7
1
0
52
0
1651
2504
4
1
32
0
11
12
1
0
0
0
1043
0
1
13
0
6
0
19
3
15
0
0
44
0
0
43
14
2
1
44
0
82
0
0
3244
0
0
0
0
10
75
331
2
3
24
9
12
2
11
0
0
740
0
2
0
601
0
9
4
4
0
0
0
2
0
1
4
0
0
1
0
3
2701
119
0
0
99
76
0
0
3
98
1
0
1
0
264
120
159
0
0
4
407
0
0
3
2
5
0
0
16
0
0
0
0
0
19
0
54
26
114
8
10
9
1
32
5
11
10
5
0
14
0
933
5
0
2
14
0
0
22583
0
85
0
0
0
1
0
1
0
0
0
0
0
0
3
43
0
0
3
0
4
0
3
453
6
1
0
0
579
0
12
0
15
164
0
0
0
177
7
6862
2798
0
0
1
40
4
23
0
0
543
0
10
0
0
0
1
1
0
0
160
150
3
0
22
1
591
1480
1
256
63
0
242
8
0
1
1
2
2
0
4
2
0
6
0
12
2
0
1
0
1
11
3
1
0
0
0
2
4
0
0
35
0
0
1
0
103
2
0
4
3
9
0
0
5
29
3
14
0
0
597
8
0
33
19
0
0
3
19599
0
0
2
0
13
0
1
4
18
1
4
140
0
0
6
0
1
0
0
7
157
942
106
105
22
0
0
0
6
0
1
0
0
0
0
0
24
0
2
36
23
0
0
0
0
1
34
80
1
2
62
274
274
16668
22000
38
5825
12859
2776
8318
12859
160
6
11050
6
16696
16702
9309
0
5104
2113
13095
1035
1146
4567
12859
147
22542
185
581
839
39048
21991
314
147
87
1786
21965
169
185
6
22069
5302
5211
8028
274
6
160
83
4191
22
8244
917
21369
11658
10268
147
6065
34163
21174
320
23459
3035
14500
20399
507
5704
97
0
120
0
649
224
48
4678
316
25
15
110
1723
8
27
1940
0
2
428
655
0
254
1289
64
1
2233
20301
3876
0
7
287
2901
26922
113
46
40653
2233
0
6
0
577
1
2015
31
9998
1546
962
310
7
2
48
6597
61
6722
3
13
5
872
2
65
0
1
1419
1
0
162
3
2
2
9
383
5
100
9
351
20
0
78
3400
685
333
4
1
2
1
6239
42
1455
19890
89
0
0
2546
9
224
399
5
576
8747
1100
4935
0
11160
3199
2
12
2
0
2
1
0
57
1
0
359
437
1
1
131
14
18
5
4180
1
3
35
37
6
47
3
0
19
0
0
7
14812
8
0
1222
0
24
13
32
32
9587
11
2
32
176
4805
6
5
0
4504
308
1
837
3142
1
5
75
876
716
267
8873
176
5121
5
0
0
10
646
13
0
0
0
101
10947
4
63
8
152
13163
6
50
0
0
1
12
2
0
1
0
19
60
1
0
68
0
0
15
192
20
1
26717
56
49
1914
78
1
0
1
4527
16
11771
12
78
1423
139
76
1
11
65
210
0
4
27
295
686
169
3
7
3255
301
1
2170
13
51
8133
2
1331
63
21
0
4092
15
281
21
5
43
19063
0
12
289
3
77
0
45
0
0
7
0
233
0
2
5
0
3386
30
98
104
136
1184
3
0
45
100
0
9
2
10
36
1
38
1059
58
382
6
514
939
3
2
7
1666
1
0
8
10
305
77
48
2
1073
615
3006
177
174
1088
178
0
147
6
41
1
0
0
14830
0
2
0
0
36
0
1
1
0
7641
3302
996
0
18
17
29
544
63
9803
36
18
1
55
3
60
0
1416
29
0
5417
1
6
16
9
29
0
10266
4
2
0
8
0
0
13679
1895
0
16
36
423
2
1816
0
20
0
0
0
0
0
615
63
792
0
4
1
1826
376
22
1
0
14868
0
3
98
0
3
0
10
117
0
59
3
46
0
40
4
0
1
0
7180
92
8
76
2807
314
1
27
1
1357
0
0
0
6
300
1
0
0
702
12
33
0
1
1
0
0
1
1
0
0
34
2385
70
44
14454
1
0
0
0
25
0
87
1992
16
3
0
6375
30
21
11
6
2
7
207
1
738
262
0
0
133
3
1
1
6
0
27
357
1458
65
164
1
16
22
6
0
1400
50
1690
61
0
1134
4819
3
280
2
125
4343
1
0
7
16
44
131
3
5
2
1
0
53
6123
2
4
21255
0
61
6
13
0
2
0
1560
2
25
104
2506
0
220
0
0
177
12
9
0
148
2
0
0
1858
212
213
227
1
0
0
0
0
4
0
1
0
91
1
0
10
0
0
0
260
9528
3
434
1641
1629
1
1051
0
0
7
13
8
3
6712
3
347
251
92
1
0
1
0
5
3
0
711
0
1092
2
0
0
1
19
0
1
0
11
25
721
0
1
6777
1
0
368
5
527
3
2
0
0
0
2
5
3
0
51
0
1499
694
1
0
0
152
2399
3
1
0
82
2162
4791
1
263
20
1
2250
0
1
20
0
319
0
4
1381
0
0
0
0
168
0
4
6
37
408
6
5322
15
46
51
18664
0
8
1140
0
0
0
14
0
0
0
0
415
0
1
2
83
0
62
210
15
1
3498
0
0
0
210
1
1
3
1
819
3
5
17
0
1
440
59
232
0
0
1
0
2449
8
7
0
11
119
273
0
44
55
0
7
98
1
1657
46
3
15
29
15
1
0
0
0
1
7
526
12
0
118
5
457
0
1
38
30
0
0
4732
103
1273
0
0
15
0
132
277
0
16
28
192
3
357
0
1
0
3947
3
0
10
0
21
0
104
2
9
626
35
989
464
2
11462
0
6
45
26
25
17
624
5
248
582
2
49
0
31
1
15
353
2
482
1
1
2
101
0
0
0
0
0
93
3
0
126
0
29
0
43
0
0
0
0
0
3045
2
220
0
9
56
2
5
15
0
1
0
7
160
0
6
11
0
4
170
184
25
12
1477
0
5
0
0
0
1
192
120
132
0
0
1
133
1
24
10
4055
46
388
1
6283
0
42
0
28
0
8
0
1
1
3627
0
77
488
34
0
0
1444
95
861
3
2
1307
52
0
0
76
6767
1
10516
0
0
0
35
80
11768
17
0
1
1
0
0
45
4
0
0
0
0
3280
169
0
6990
0
11
0
0
58
0
0
0
0
7635
0
1
434
455
0
0
2301
0
18
1
0
552
639
322
1
2
0
0
7
102
36
0
212
0
0
0
0
0
0
719
0
130
3
0
4
220
92
2
1
165
12467
5
2505
304
0
0
0
6
1
2
407
51
1
53
276
0
3
24
0
4
0
77
519
8
306
588
1
216
20
0
191
1
71
2
13
0
0
5
0
25
13
0
21303
1
65
0
0
14
0
133
2
4401
0
1
1223
22
2
177
74
1
0
2
0
0
109
991
2
29
2
1
0
0
1
1
1
1755
464
1
0
2
19
6
0
3
0
4
4110
0
0
0
0
5
0
0
3
1
0
9
17
0
22
2
2
0
0
4
1062
70
2
214
0
0
0
1
2
0
1378
0
0
1
7
381
0
0
7
0
498
20
1
0
10
0
687
1
0
0
415
1001
0
0
0
317
0
2
65
2
0
0
0
155
7
15
2
5533
2
0
24
0
0
0
0
1
1880
0
1016
6
36
0
0
57
5
5
1
668
0
533
2
33
4
1132
1
1
56
0
0
0
0
4
7
13
30
0
3
2
3475
0
2
0
1889
0
0
1835
220
7
2274
0
0
10
1
0
28
58
527
3770
2666
0
448
11
0
0
2
14
1
0
0
369
2
4
1
0
0
1154
12018
0
7
24
0
729
701
1
0
0
0
220
75
0
1
0
0
0
759
0
0
11
19
119
1
18
2702
2002
181
1
0
0
16
0
0
0
0
1
90
198
1
0
0
2081
11
0
172
0
3024
23
0
4
1
4
0
0
1
930
120
1
0
121
0
213
343
0
1
0
0
271
0
4
0
0
486
0
0
1
0
0
6
752
0
24
0
0
1
318
1
3
0
2
3
90
1
205
103
4
396
0
75
0
0
0
116
0
0
3
0
0
333
0
4
0
0
16
2
136
1
314
5
1
1459
12
44
0
0
140
0
1
4
0
272
49
63
13
70
14
40
0
2
2
8
0
7
0
10
3
0
4
0
21
2
0
17
0
33
10
0
2
0
15
0
0
0
20
358
3
8
0
0
2
8860
0
2
0
0
18
0
0
0
0
10
0
0
5
1
0
0
1
33
0
11
0
0
1
0
265
31
13
55
3
5328
0
0
0
35
1
3
0
1
46
0
14
962
4
28
41
0
0
0
1
12
0
1
1
5
0
7
3
7
140
0
0
0
31
5
1642
2
0
1382
0
593
530
5226
1
2809
5554
0
0
15
1
0
2459
203
2
11722
26
1
172
700
5385
0
6
10
152
373
18
0
0
0
428
11
680
19
36
0
0
36
1
10
13
180
2071
2404
6
8
3
0
36
1
25
153
18
90
0
6
40
0
14
3
0
0
36
927
0
1
9
1046
0
0
0
0
18
0
0
0
5010
0
46
402
203
19
0
17183
10
31
0
129
0
3
0
0
7
0
8
7
0
3
0
0
87
45
247
22
12
0
0
0
1
0
0
16
1212
0
2
1
0
19
0
0
0
10447
0
9
531
2
0
67
2218
43
3
1
21
148
10
0
3
5
15
48
252
8
1
11
82
1
2
190
300
1
0
192
2
2
5
0
5
21
1
0
1715
0
0
12
5
0
0
11
0
75
0
21
0
6
5
0
5
12
1
0
126
0
529
26482
5
0
5
0
1
743
19
0
1371
0
332
701
151
1
3
8
0
1
26
209
2
10
222
40
2
42
36
389
4
55
0
13
480
0
0
0
45
0
4
0
909
4
0
187
264
1
0
1
149
3
0
0
0
30
37
16
3
27
0
607
105
0
63
39
91
0
26
13
0
0
0
16
1
1
1
0
11975
0
2
821
0
2
2
0
13
0
0
0
2935
600
0
0
53
44
6
0
11
2
1880
4
204
0
0
0
0
0
1
0
2
0
1
3
1903
7
0
216
0
0
2
1174
0
1
0
36
2
10
343
9
0
0
5
0
2
0
8
4033
0
2
3
2
368
127
0
1
30
0
1
777
35710
0
2
1661
0
1
0
1
1
0
120
9
1900
0
0
4
11
6
1
1331
1
0
6
110
318
0
12
1
2
3
0
59
0
10
147
204
60
18
13
10
966
10
0
0
0
0
0
6
0
21
0
0
0
1
0
0
1
12
1
0
2
0
0
7
2656
0
1
2510
1
0
0
3926
66
0
235
7939
0
0
17
9
0
0
1
480
2
0
2628
26490
9
87
0
255
1
113
1612
0
886
0
0
8
0
1356
1
0
133
2
14
5
0
411
1849
6
0
0
7
0
0
21
0
0
0
1478
2
0
1
315
16
47
0
161
0
65
4
223
4
926
0
9
1
154
0
0
0
6
3
0
93
3
0
24
876
1
40
875
754
1
0
149
9
0
13
1
0
0
1535
0
0
5
201
0
2
0
0
1
1
1
6
2
3
1
3
30
1
214
1213
43
16
0
2
25
207
272
1
0
0
0
1973
14
0
15
1
37
0
0
3949
1
8
246
24
4
6
4706
383
1
506
191
0
13724
0
77
2
0
1
0
0
0
0
0
0
2
1
2
1
0
3
34
82
177
121
2
3
0
0
0
1
2
0
0
1
2
1
5
2
0
0
12
4
258
181
0
0
0
0
1
51
4
19140
3
12
2
0
0
23
215
1
7
45
15
7
18
0
27
782
0
4
0
1610
0
3
9
4
9
4
3
2
2
1
0
3
82
0
0
1287
0
11
0
2
0
1
3
1
0
0
0
5
0
181
23
2
2
0
189
22
1
170
0
2
0
0
1
18
524
49
366
176
11
35
0
0
9
1
1076
448
105
652
36
1
88
1413
6
184
0
0
0
5065
13
0
0
1
3048
1
414
90
2
0
0
2
43
0
0
276
0
36
0
255
11
0
1
0
0
0
1540
0
0
0
0
20
12
0
28
0
0
259
29
1
0
0
0
1
40
160
1353
0
1730
1252
0
175
5
0
2041
19
0
0
39
0
0
2
1
1682
0
183
3960
0
1
0
0
0
0
0
24
2056
33
0
227
0
0
1
35
250
0
35
38
0
0
0
0
0
262
14
206
53
1
9
1
0
42
356
0
0
0
0
296
0
0
7
3
380
0
113
5
0
28
1
0
0
132
513
3
0
159
1
13
35
0
3355
2
255
14
29
0
239
0
32
0
0
0
257
0
1360
58
19
0
1
0
0
3
0
0
67
231
2
1
0
49
26
30
0
0
0
5
20
0
5
0
4
15
218
11
2
2
6
1
0
0
258
0
1680
4
1
9
1
0
0
2
0
0
0
0
5
9
0
0
0
3
2
8
435
1
1
11
0
7325
118
0
0
0
337
18
0
1
1626
1
0
0
28
88
0
3
7
0
0
1
818
1
23
36
4
1
3
3
0
15
0
577
0
0
1
329
100
0
265
3
0
0
6
1
345
13
2
0
54
0
0
4740
217
0
0
50
3
1
1408
0
1
43
3
0
1
0
431
0
344
1
453
0
0
295
0
1
3
362
0
12
7
58
38
187
168
0
5
1
0
162
8
0
1
32
1
0
2
0
2
0
53
0
0
8
16
156
0
0
305
9
49
1
1
446
1
855
12
21
13
68
1
0
2
6
242
409
114
31
4
3
12
964
5
14
2118
207
391
0
606
11
3
1
9
2
0
0
0
5
19
0
0
3
0
129
2
43
0
0
0
0
0
3
231
474
46
0
0
0
0
0
1
1475
0
0
2
0
52
0
40
0
96
0
71
120
1
0
4
5
0
1146
1
7
16
248
0
1
2
0
0
4
29
22
7232
0
3
80
6
3
1
0
0
19
0
18436
0
8
1
8
83
0
0
0
21
3
143
18
0
339
4
16
5
14
10
2
3
2
8
0
215
7
0
1
7
0
1
214
2
0
0
179
0
0
0
104
5
124
87
1
1
44
0
1
214
2
10
0
1
0
0
7036
88
0
0
80
3
0
0
3
23
0
7
58
0
141
204
3579
1
1
19
0
22
0
2
0
0
0
0
1
0
7
2
0
7
14
6
249
3
58
7
0
0
154
58
22
220
0
157
0
0
2
0
0
4
0
0
36
0
1
78
4
13394
5
7
0
5
0
6
105
0
37
972
0
76
0
7
0
0
343
0
66
0
3123
12
14
223
398
0
0
0
0
5
79
0
0
0
16
21
6
14
156
0
0
4
0
4
5
3
0
2025
0
86
0
0
0
1
0
1
3
0
6
0
1
394
0
529
150
0
1
0
0
1
2211
46
2
698
0
355
1
0
31
12
7
0
0
10
0
0
8
5
0
2
0
1
3495
2
1
0
166
188
8
0
10
37
725
2
2
0
341
173
4
4
2
1
0
106
1
0
0
23
5
7729
4
1310
1
0
1
1
0
1
0
0
0
0
7
16
3
0
144
6
0
0
1234
4
57
8
2439
0
0
37
0
0
268
12
251
1
0
609
28
8300
0
2
81
5
0
0
0
7
0
0
1
0
11
0
8
42
4
8144
0
1
154
189
0
15
5
1
0
227
2
1
3
0
0
84
0
0
0
1
0
7
0
5
1
0
0
0
0
36
5
0
3
40
18
49
17
8
14
72
0
0
0
4
304
27
25
0
0
0
0
4
311
7
0
43
6
0
0
7
144
1
0
0
0
4
0
0
33
0
73
1984
1
2
0
10
0
0
0
2
0
4
501
0
2159
0
1
2
0
23010
0
0
2
72
3
3
5
189
2294
0
1
0
40
0
26
0
0
245
16
0
349
2
2
8
286
8
0
1
1
59
0
1
0
3
0
26
0
13
0
5
32
0
0
1
0
6
0
12
0
62
0
0
0
158
3
4
0
0
0
2
0
1
1
54
0
0
1751
70
34
2
4280
0
0
0
0
47
36
3
50
241
2
539
0
3
4
2
0
2
0
0
7
10
4
0
2
9
0
20
2
97
0
0
0
37
13
37
5
3
0
0
0
6
167
2946
0
107
78
5
144
0
312
2
5
1681
0
0
0
81
0
51
2236
0
0
5
1
0
73
1
68
1038
0
0
101
0
0
0
5
0
2993
60
1
13
1553
2
34
0
0
0
50
52
2
1
0
2
145
0
0
0
3
1
0
14
6
11
0
0
4
120
250
0
0
0
1
1
2
4
930
6
3636
14
69
0
0
48
593
102
0
0
0
0
0
7
0
29
0
0
0
167
0
0
0
1427
3
1
0
10
27
2
594
0
0
2
0
120
0
4
106
37
940
1
192
0
8
7
0
65
1
10
0
0
1
16
0
224
649
43
1
0
0
1
0
1
115
1
6
1
0
23
1
30
12
0
1
0
2
311
11049
1
0
2
5
1895
0
5666
0
0
8
14
0
21
0
0
0
0
132
0
7
114
88
0
1
20
0
0
0
0
4
0
1
0
0
1759
94
88
0
0
1
10
25254
1
252
2
213
2
0
5
0
28
0
1
158
1
1
0
37
24
6
656
0
1
29
0
26
6
0
0
0
2
88
9
0
2
2
0
0
0
0
1
0
1
0
15
5
6
0
19
7
0
1
2428
4
0
0
0
1
0
326
142
1
0
4
5
19
113
1
164
27
292
0
99
2
12
508
120
2
13
0
554
3394
0
6
2969
1
1
3
109
0
980
7710
2
0
1037
9
3503
126
95
11
207
0
0
5
1
0
0
819
1
0
0
70
42
1
1
0
12
20
0
0
102
0
4
10
99
0
4
0
107
2036
10
0
0
0
74
188
0
308
1
6
0
1
3
381
0
4
0
0
0
6
1
0
16
0
0
7
2
0
4
0
0
8
7
0
5759
27
43
0
2
14668
7
0
0
0
148
1
108
1
8
211
5528
4
95
0
0
4
1
4126
0
97
8
2
0
0
46
31
0
0
0
1
1
0
2
1
9
0
126
2
7
2
1
1
4
1
1
0
28
0
5
9
3
13
1
56
0
5
126
6
6296
2
15
0
6
591
0
354
0
446
0
0
4
1
29
0
2
6
0
79
10
1
1
54
37
0
5
26
3
0
28
24
10
1
0
2
62
1
16
0
0
0
4
9
72
0
7081
2309
24
728
1
2
137
32
7
23
978
0
68
8
0
0
0
7
0
6
3
1
0
0
1
12988
0
1378
0
0
66
2
0
0
0
2
0
0
292
1
289
0
8
1
10
0
0
1
0
7
2
0
7
7
0
0
0
0
0
0
93
1
3
0
15
0
8
0
0
0
0
131
0
481
9
2
112
1
295
0
9
0
0
0
0
0
0
5
59
1066
1
19
3
0
0
586
0
0
0
0
0
0
16
0
1
2
0
933
3
1
0
0
128
1
0
0
246
17
0
936
1794
1
0
0
10
7
73
4409
4
138
0
5
1025
0
0
462
13
6
2691
0
4
0
0
0
127
16
2
49
1
6
1
104
13
0
0
105
2
0
20
4
0
4
0
0
0
1
3381
4
1
3
3
2
0
1
24
0
0
3
152
0
0
0
733
6
185
1
1
0
0
0
28
2
14
4
0
0
60
0
8
1926
0
554
9
0
1
13
49
230
0
1
29
0
1
1
0
0
2
0
2
1
7
0
0
8
46
48
35840
0
2
0
30
0
12
50
0
1
1
0
0
0
0
4
10724
8
40
12793
4901
1
5
44
0
0
0
46
0
0
1893
13
2
0
0
1
7
37
0
0
1406
0
0
0
201
0
0
45
38
7
1936
1
1
0
0
0
81
0
3
0
0
0
1
0
0
0
0
1
26
1151
2
7
0
2
0
49
410
4
1
0
943
5
0
26
20
6
2
0
0
0
17
2343
0
0
4251
7
280
2211
0
2
2
0
1
0
169
0
83
0
2
303
248
2
0
23
0
0
0
1
0
0
1
100
3
49
2
1
3
23
7
2
0
0
0
1
1
0
0
19
1
1
0
0
0
0
0
1
0
43
2
0
526
9
183
0
0
0
0
5
0
34
12
17058
529
2
12
6
0
0
0
28
1
0
297
4
0
0
0
3
5
0
0
0
0
1493
197
3925
0
7
3
0
0
70
0
7
0
0
0
0
0
0
0
2172
369
0
0
0
225
2
108
0
376
0
5
0
1
0
89
25
0
5
0
0
212
506
0
1064
1
0
0
0
5
38
0
0
337
39
225
39
14
0
28
0
3
4
0
1
53
1
0
3446
0
18
0
431
0
9
0
0
91
0
63
561
7
2
0
0
28
1
0
0
476
79
61
101
321
6
0
0
153
4
0
134
0
0
0
2
0
0
4
0
4
47
3811
9
6
96
0
0
21
7
3
2
0
6
0
210
855
0
0
5
0
42
8
0
61
3
2
12
26
0
49
179
0
7
0
2
7
1
43
214
4
0
0
1
2
0
26
8
0
3
84
0
2
4
4
0
0
1
85
2
167
0
18
0
5
2613
193
4
4
100
0
0
0
8
3981
931
0
0
0
4
2
0
1
28
27
47
6
0
1
3
0
0
25644
0
35
8
0
0
1
0
85
0
0
1
2
1
0
0
4
5
0
412
61
1
8
0
12
903
2
0
0
0
1
1
0
12
0
0
0
27
0
4
20
0
18
0
1
0
4
6
0
41
793
573
61
0
4
2
3
27
886
11
38
0
2
64
1
1
46
1
3
0
13
0
0
46
1
6
2
0
0
1
4
20
13
3
21
0
581
23
361
1
0
0
3
0
2
570
0
1
0
4833
0
0
7
2
308
0
371
0
92
2
8
98
37
0
1
83
0
0
0
0
108
2
2
1
2
137
2
0
0
0
53
0
0
1
5
0
0
1
0
21
0
33
219
24
0
4
0
109
0
0
0
2
26
11
0
0
162
1
18
14
0
0
0
0
0
1
2857
68
1
0
1
0
8
16
2
128
35
6
35
7
1
249
1
1
0
9
0
7
20
0
60
0
692
0
0
0
1
0
6
3
2
4
0
276
4
0
0
1
19
3
60
0
0
6
0
1
1
2
2
0
250
0
0
8
48
18
10
0
160
0
64
0
0
366
0
0
1
2749
155
55
146
8
10
0
10
3
0
55
7
2
0
5
0
0
0
5
96
0
21
0
0
2
2
0
3
1
103
0
14
1
190
299
2
0
0
1
0
2
526
10154
0
134
135
8
0
0
2
0
15
0
34
4
0
1
0
1105
421
9
1
0
19
20
7
4
43
0
1707
0
1
0
8
0
1550
1
0
177
1601
3822
0
7
3
0
1
1
0
0
2
1
4
0
2
0
318
0
1533
0
0
1
0
27
11
1
128
74
13
640
0
0
37
0
0
0
1330
2
2
0
0
0
0
0
378
2
42
0
19
0
4
1457
0
0
21
354
50
1
0
0
0
297
1046
1740
13
2
0
0
23
0
625
0
0
0
24
0
0
0
3
61
20
0
7671
733
235
6
0
1
7
0
0
0
20
0
1
2
0
0
1
11
137
895
0
0
2
84
0
0
0
0
171
0
3
1
0
3
297
67
0
5
39
9
0
3
0
138
1
6
0
0
195
38
736
9
0
13
9
0
4
90
1568
4
1
0
15
195
469
0
87
14
34
0
4
0
265
0
0
0
5
18
0
27
15
0
4
0
0
0
0
1
76
3422
0
0
3
0
86
0
0
0
0
0
0
0
2
11
1
0
18220
72
3
7
1
1
10
0
1
7490
0
0
0
1
12
0
8
24
1
98
1
78
1
1
12
8
1
65
8
0
7
74
40
0
904
1465
129
14
3
5
1
41
0
0
0
0
1
9
0
0
0
0
275
95
0
0
0
0
10
2
8
37
1
0
1
0
3
36
1
7
0
0
39
0
176
0
63
0
4
2283
0
0
154
209
0
0
0
7
0
0
57
0
518
2
0
4075
91
0
21
5150
0
2
13
832
0
0
91
170
72
0
5
0
0
9
17
1
1
272
1
122
0
0
78
1987
0
104
0
74
0
6
0
0
0
15
0
0
3
10
0
0
241
0
8
0
1
0
2
339
1
0
0
83
1
0
0
9
0
130
9
0
0
23
0
4644
19
1
0
0
2
2294
79
1
7
0
1
6
0
12818
9
5
10
1
0
0
0
2
14
0
0
174
79
1
17
8
11
2
136
0
16
7
0
66
1
0
1363
10
3
0
4
0
371
224
0
0
0
335
0
62
44
826
56
640
149
828
0
29
158
74
0
4
1207
13
16
2
2449
0
0
99
1160
166
0
61
0
0
289
0
0
323
0
672
6
1
291
3
11
0
86
5
2668
45
0
4
4
0
3
6
1
5
68
0
14
0
24
1
12
21
2
2331
153
1152
6
1
1
2
588
1
10
385
100
1
8087
2
69
1
6
0
2117
86
2
0
0
0
0
11379
3
3
0
1
0
3
305
0
183
0
0
0
0
0
170
1
144
0
0
0
1
0
789
0
547
0
0
1
525
0
0
0
0
0
42
1
0
0
0
0
5
61
41
3066
0
0
49
0
14
0
4
0
1
6
14
1
2
3042
19
121
6
1
1
410
79
2285
0
0
368
64
2
1
150
0
3
3
1291
1
8
0
0
12
4
9
5
1
130
11
9
0
191
9
21
0
0
2
2
0
0
0
54
0
1
1
2
0
0
458
0
2
4
146
1
0
2627
87
0
20
2
1
0
6
1
1
0
1
0
0
0
5
3
0
300
9
2
0
2
46
53
153
5579
0
1
0
3
644
68
16
80
0
0
0
0
0
72
1
20
0
0
0
1
10
4
4
0
4
0
3
5
1
0
1
0
0
0
3
0
0
39
0
1489
1
1568
32
18
1
0
7
0
1
1
50
0
8
2
0
0
12
5
4
5
31
3
6
11
0
2
655
0
1
12
0
0
13
9
1552
0
633
0
13
18
0
30
0
0
100
23
9
1
2
1
2879
5
34
0
14
1
207
8
0
2
0
8
0
502
5
0
0
0
10
3
3414
1
20
0
452
36
2574
0
1
1
0
150
0
0
10
1
1
7
0
5
2
1
0
2
6
249
14
8
58
0
0
51
1
1
44
0
0
2
2
0
0
3
0
0
21046
1
0
28
1
6
282
1
136
0
0
0
0
2082
1
0
0
0
111
2
3
0
17
0
248
0
0
1
9
0
390
44
2
2578
1
666
3
5
5
0
5
0
607
0
0
291
16
0
56
7
27
4
0
0
0
8
78
30
0
3289
0
1
4
0
0
17
0
6
2
6
0
101
1
7
0
0
455
0
0
7
2
1
9
52
0
14
0
0
1
2
0
131
0
126
0
0
1
0
7
5237
110
41
2
2826
426
34
382
134
2
0
0
0
10
0
2820
0
0
0
0
75
0
7
175
1731
606
0
6
0
0
0
11
2
769
980
0
1
47
0
3
0
2
2
0
84
0
1
244
0
0
0
1
0
6
153
0
1
0
3
0
0
2
533
0
0
1
0
6
243
2
0
2
107
2
1
0
2
16
0
73
275
0
0
47
944
0
1
349
8491
0
340
1
234
0
0
2
27
0
6
0
0
0
0
68
662
0
858
17
0
32
13
4
1
31
7
2
23
0
1
0
0
0
2
0
500
3
0
33
1
4
0
0
3158
313
0
613
0
0
0
0
67
0
0
10
3
7
4
0
164
0
0
1
103
0
412
0
0
32
1
0
0
22
13
0
0
47
0
1
0
180
12
0
0
388
8
0
0
489
0
0
0
0
2
4
0
0
0
12
2540
297
13
0
0
2
0
0
2
1
0
25
11
0
43
0
2
10
0
253
0
0
0
1
0
2
1
5
1
1
0
0
2456
102
26
285
1
3
552
232
21
25
3
7
39
1
0
0
0
8
5
241
0
0
0
180
0
0
1
28
0
0
0
0
1062
0
11
2
0
0
0
5
5
1
19
0
0
2
4
0
303
1
0
0
0
0
1
0
0
0
0
483
2
4
1
25
0
0
0
406
3
0
0
0
0
0
0
0
4
2
0
2
0
2
9
1
0
0
0
44
0
2
1
0
0
0
81
0
33
151
0
0
0
4
20
10
0
0
0
0
321
166
0
10
1
54
0
6472
151
0
1
0
0
0
27
0
5
251
427
12
0
35
3
0
6
124
235
0
2
211
0
0
1
57
0
0
86
1
0
0
1
357
0
0
47
0
0
157
37
2
37
22
129
1
1
553
109
147
11
126
1879
0
0
46
0
1
0
1
0
276
0
0
36
0
0
0
3
1
0
77
34
0
12
121
5
1
658
0
11
54
1
0
508
200
42
0
0
540
6
0
0
3
1559
186
328
70
0
0
12
0
2
8
2046
0
0
0
0
13
3
0
0
1
3
344
0
219
66
63
0
0
0
0
0
0
0
1
16121
4
1
1
0
2
1
0
5
42
0
1
0
2
0
825
0
709
21
0
1
444
311
5
0
2
10
88
32
0
45
63
0
4
0
1
0
533
0
46
3
0
7
0
7
1
180
6
187
290
0
0
0
3
0
14
5
22
0
3
3
0
31
0
4
0
0
0
1420
0
94
233
150
1
8
1
32
39
0
314
108
0
0
0
4
2
213
0
6
19
24
0
0
0
0
0
2
166
2839
322
0
0
3
86
4
0
0
0
29
3508
43
27
0
0
2
0
0
126
19
162
1
0
510
11
201
1
0
31
4231
3
0
4
1
22
5
2
0
0
35
0
0
3
0
1
196
1
52
1
15
0
0
2
0
0
1
1
1
0
15
0
198
1
86
0
0
7
0
8
0
0
12
2
9
12
0
0
253
1
1
3
736
0
0
8
1
0
805
0
0
0
2
3295
1
0
0
0
60
0
6
0
28
448
20
0
22
6564
0
3383
0
14
3
6
5
9
642
0
0
0
2288
0
0
7
3
0
0
2
2
0
773
44
15
0
2
0
7
88
2
800
985
0
0
0
22
0
1
1
1
418
9
627
0
23
2
0
3
2
0
5
402
0
6
248
6
0
218
0
0
0
0
0
0
20
38
12
0
71
280
36
853
1
0
0
0
4
1
0
0
123
0
87
63
1035
1
1
17
7
19
1
1
58
0
0
205
16
0
0
0
6
0
1
940
0
0
0
11
18
10
5043
0
13076
7
0
0
0
172
52
0
1162
11
5
26
2
3
1616
0
1732
0
0
3
1
0
13
51
58
0
0
0
9
17
0
0
123
14
0
7
0
11
9
0
0
0
12
0
7
47
1
107
0
1125
28
0
19242
0
0
0
144
3
1
5
41
0
0
0
0
16
13
2699
0
2
27
0
6
0
5
3
2
0
78
0
3564
335
265
0
1011
2617
7
34
5
0
4
0
116
257
2457
0
0
5
0
181
907
2
0
1
2
0
0
141
0
0
8
765
3
6
19
0
1848
2
3
0
2
4761
96
2
125
0
1
1
77
1
0
5
0
0
58
218
5
65
1
1
1
35
168
14
11
1247
14
1394
463
95
62
0
93
0
25
18
20
3
11376
25
0
9
0
2
2
14
22
18
82
0
0
0
24
0
1
20
14
17
0
5
6
1
0
1
0
0
1
0
112
597
3
146
25319
0
0
0
0
40
0
1
0
982
0
1
0
0
6
2562
0
0
0
261
2
2261
0
0
0
0
521
167
398
0
0
0
0
0
0
264
1340
4
7
313
1
0
0
0
30
0
0
129
1
0
0
0
676
2
0
180
0
2
4
4
3
19
891
0
4
2
0
4
0
13
0
0
21
896
0
11
0
0
0
0
0
0
0
0
20
2889
1
0
179
0
76
80
12
2
0
1
2242
113
323
0
0
0
0
6
0
0
0
73
0
87
0
0
111
2
121
8
3778
0
0
2
81
3
5274
0
0
1151
0
1
59
0
0
10
0
0
0
1
0
0
0
0
0
0
13244
1
9
0
119
0
2
1
0
0
4
0
4642
0
1
2
52
39
1
2115
1
0
0
0
0
15
0
0
0
18
7
1
13
0
0
0
0
23
1
16
1730
0
2
3
26
10
35
0
0
2
0
0
3
4
0
0
0
1
595
3383
59
0
5
20
3
1
0
7039
3
6704
1
362
0
607
1
0
266
0
0
7
0
14
0
2
116
6
181
5
2
1
6
0
0
0
0
0
1
9
75
1
0
0
0
1
0
5
0
1
1
27
0
2
1
134
6
3
0
3
0
253
1
1
205
0
4
0
1
0
4
3
1
1475
3
0
1
2079
5
18
0
0
1
0
7
3925
0
0
31
1
0
0
0
84
0
0
0
0
1
2
0
8
1
283
4
71
1101
5
0
8195
3
0
0
4
12
0
0
3
469
0
177
1
0
7
2
24
0
512
3
1
4
52
1
19
34
0
64
0
608
0
0
4
1
491
4
0
0
5
11
9
74
32
0
1
3
0
26
0
0
934
1
0
0
0
2
8
2809
5
13
1
0
143
4
66
19
0
1
0
261
58
1
55
1
33
3
71
3
0
0
0
0
0
55
153
0
5
3
0
3247
1
0
1
0
6
138
62
37
14
1
0
3
37
0
2
412
0
18
0
40
2
2
36
0
22
0
2
99
1706
8873
1
0
0
1
52
0
0
367
0
62
9
1931
0
0
230
0
0
16
5
1043
2
0
14
0
11
1
0
71
4590
0
2
0
0
0
2
1
2
0
3869
11
0
13
0
156
0
0
3
1
4
4
0
34
565
0
108
2
1
2
7423
2
0
1985
1
1
47
324
4
610
4
1616
78
0
10
0
335
7
5
5
0
13
12
108
0
2
0
2
2
0
355
2
0
1
36
0
0
0
1
4
93
8
48
0
346
24
0
840
2
1
0
0
1
11
0
123
1
5
0
29
79
4
0
0
29
0
0
1167
0
4
1
1
2
1
3
7
0
414
2427
0
114
0
75
95
11
43
0
4825
1
0
1
7
3
48
3
0
497
4
246
2
0
0
3
53
29
1
0
0
0
0
0
1
30
0
7075
0
0
0
4
662
44
26
3
3702
7
121
1
0
0
280
1
8714
0
1600
0
3
0
0
0
113
1
3
11
3
0
0
923
498
0
3
16
1
0
0
3
0
0
76
0
96
0
0
6
0
0
3
1
11
4
855
0
3
0
9
56
1
0
4
96
775
0
1
332
7
0
0
2
101
2
12
2340
2
7
0
12
2
0
1
2
0
15
4
0
0
2
5
0
96
0
8
0
0
0
0
2
0
2
0
4
13
0
0
0
0
0
0
277
1
36
2
0
0
32
0
1
0
0
0
0
7
0
310
0
7
0
67
0
1452
1
0
0
3
711
2
0
6
949
3
4
7829
0
0
8
0
0
2
27
0
16
1
35
0
9658
0
0
5
86
0
447
6
32
0
0
185
0
458
7
0
10
3
0
0
0
1
0
4
6
1
0
1
1485
382
0
0
0
0
0
21
0
0
2
185
15
2
0
30
0
6
0
0
0
3
0
44
507
725
3
152
1
0
0
4
261
0
1
0
24
2
0
6
20
0
0
114
226
0
1825
53
64
123
22
44
0
0
132
0
0
0
17
0
123
78
3
10
4
0
94
0
2
103
233
0
0
0
0
10
2
3
1
402
1
960
43
71
9
3
0
3
353
331
0
1
0
27
0
1
4
0
0
4
0
0
0
0
2
25
6
33
8
0
1
16
0
203
25
0
2
14
103
9
32
0
0
16
16
3
2832
0
0
409
9
4
0
1
91
0
41
4
0
0
9
1515
1
1
81
740
1
3
801
1242
0
2
0
5
0
0
0
0
0
2
0
6
0
0
2
443
39
0
3
0
1
2
82
0
0
0
69
1
0
5
0
182
1
1
0
0
527
23
0
0
0
13
6
919
2
20
0
4
2
0
0
78
0
26
1
0
12
194
0
3
0
3
1
4
0
0
0
3658
62
2
0
68
7
1
1
7
1
0
1969
5
26
35
2
3
0
74
1
0
0
0
6
0
0
0
40
5429
0
0
831
0
12
37
0
11
3124
1
138
235
0
751
154
1
4
629
0
2
0
12
223
0
11
12
0
0
3
12
0
7
15
15
0
4
1
0
163
0
32
0
15
1
0
159
0
67
3
60
8
1
2
12
80
0
81
1
2
0
3
14
1
1
71
8
0
63
88
0
31
18
174
0
976
0
0
4
9
0
0
5025
0
0
0
22
1
21
12
0
17
7
10
9
1028
2119
26
137
558
8
0
280
135
537
0
53
2
9
1
23
0
16
16
2
18
1
5
275
5
365
0
23
0
0
4
0
0
4
1
5
20
1
0
1167
1
53
0
5
0
170
0
2
6
0
0
0
0
6
120
0
4
10
12
2
46
0
0
0
3
39
1
20
0
4
1
0
5
14
0
44
0
1
0
0
14
1
1
2
14
0
0
879
0
2
1
0
0
0
0
12
10
5
0
48
1
0
0
3
25
1574
2
8
5247
1
0
197
79
0
0
3183
0
64
38
66
42
0
34
0
2
0
0
9
22
2
15
29
34
50
6
0
3551
9
2
0
60
0
4
0
1
35
1
5
1
104
16
20
28
1
0
0
8
39
0
0
0
2
21
2
0
0
23
20
35
0
293
1
1056
1
12
0
5907
0
13
757
0
0
327
264
0
0
1
10
7
0
1
29
2
0
9
0
0
4
0
2
1
3
13
67
0
0
656
0
1
2
0
20
0
2
69
1
0
25
23
40
0
0
0
27
1
0
21
0
16
1
24
0
0
0
0
61
0
2368
600
0
0
0
11
1
2
0
0
1
3
4
31
0
2
4
49
9
0
0
1
2
45
7
44
1
6
1
1
0
40
0
0
12
16
349
0
0
4926
302
2
0
1
2
2
0
0
1
6
0
0
0
0
8
250
0
0
0
381
0
710
729
828
0
16
282
0
1399
0
0
483
0
1
0
1
60
19
29
1
15
149
0
14
1
4
608
0
0
315
130
10
0
2
0
0
0
0
0
1
5886
1747
0
0
0
2962
0
3
0
0
2
6
1
0
2
5
978
3
0
11
0
0
7
0
0
7
3
2283
0
3
0
8
1859
0
0
5
0
1
0
2
1
2
44
0
2
0
0
100
0
0
0
46
0
1304
0
258
37
0
0
1
1
0
182
0
0
3
2
89
41
0
8
0
0
0
0
0
0
0
3
172
45
0
8
0
179
294
0
3
2
1
4045
3
287
24
201
10
25
0
0
10
33
482
94
1
71
50
0
4
0
0
1
266
1209
0
0
0
0
0
21
8
0
0
606
0
44
110
0
21
1
1
0
2
6
139
29
0
0
147
0
0
113
0
0
214
891
0
23
0
1
15
252
902
2
64
0
0
189
14
247
5
764
0
0
34
0
0
2814
0
0
18
7
0
2030
0
906
141
14
0
5
156
145
0
0
5
19
50
324
87
5
21
0
0
0
3
0
0
2
0
0
0
213
17
1
23
6
8
0
2
61
48
1
2862
0
0
0
0
2
1
0
1
0
5
0
6
1
0
2
9
0
3
70
0
9
0
1
0
21
0
0
0
0
24
195
0
0
0
9
0
1
0
1
0
0
0
25
0
104
0
4
50
0
147
10
0
125
18
19
0
0
0
0
18
1
1
7
2
1
9
0
0
2
0
0
28
0
421
0
0
0
0
15
170
0
10
7
30
146
1
7
0
2
47
0
0
5
4
10
0
212
95
3
0
42
6
0
32
0
0
0
2
5138
2
26
9
27
2
0
659
5
1
12
0
0
12
0
0
0
39
1
0
0
396
620
0
0
1049
1
0
0
1
4493
189
0
1
19
0
14
2
1
2
33
3
0
0
5
0
1
1
0
0
857
0
2
1
5
0
3
597
53
151
14
0
1
5
7
161
9
339
40
73
0
26
0
1
0
9
0
26
0
8
14
0
0
0
54
2
0
0
12
0
0
0
67
0
1
0
0
0
10
14
7
0
5
9
0
0
13
0
0
30
194
0
47
1
7
0
2639
0
0
37
0
0
0
8
4
1
0
0
0
0
0
0
0
0
895
0
1040
0
0
0
4
1
1
0
4
572
0
81
9
0
0
0
672
1
17
127
269
30
2
1
1451
0
4
4
0
4
1
1
49
113
0
0
0
0
7
1138
1
92
0
0
6
0
0
0
0
1
23
0
0
260
0
53
0
1
1
7
3
20
333
271
1
363
987
0
15
29
0
33
0
10
0
7
2
0
2
1
16
16
0
0
0
0
0
1
7
0
9
6
6
2
3
0
0
0
124
323
1
4
10
86
1
1
2
0
233
74
0
232
1463
0
4
1
58
0
1
3
0
1224
15
0
0
6
0
0
4
0
17
9
0
0
0
1
0
0
1
11
1
6
0
0
0
0
5
288
6
0
261
2
1
0
0
0
3
0
0
0
1
37
3
0
0
0
0
6
0
14
2943
0
17
3
71
5
0
1
0
3221
1
0
1
76
280
0
5
47
1
1
9
0
12
0
328
0
23
1
0
0
160
0
0
0
1
11
31
3
1222
0
143
0
0
1
1
19
9
0
107
98
1
67
0
0
12204
0
75
0
0
29
6
106
535
0
0
0
0
8
14
2
0
4
0
1
0
0
1
0
0
0
10
8
22
0
297
0
5
0
29
0
523
0
2
20
0
2
42
13
0
19
6
18
0
0
0
226
0
636
67
1
0
0
11
16
3
94
0
0
895
38
16
1
0
186
20
2
0
0
0
0
0
0
0
5
11
15
0
161
6
17
0
1
2
693
1
16
30
268
0
13
0
1
0
2
3687
0
0
5
0
114
2
0
0
0
34
66
0
5
0
0
50
0
60
4
62
6
6
0
32
23
0
0
119
789
4
0
4
0
442
1134
0
4
39
0
4
414
0
343
2
26
39
1
203
1
95
1
1128
0
10
2
1
0
112
0
57
0
0
0
321
0
404
0
61
0
1
0
0
0
172
6
8
0
1
0
8
1
1
0
1
0
0
0
7
0
0
284
214
3
83
11
0
0
133
5
0
0
0
1
6
3
0
4
0
2
17
36
167
0
2
56
27
1
0
2
23
0
1
0
6
6
1
0
2
0
1
0
46
5
2
1
53
3
29
3
0
68
27
1
54
0
13
39
26
0
0
0
7
34
0
0
0
0
4
0
7
219
0
0
0
14
0
0
47
78
0
125
31
1
0
5
3
0
3
1
0
0
0
19
0
100
108
0
19
0
7
26
11
3
0
0
1
0
1
0
3
3
108
0
140
3
0
0
1
33
1
25
1
0
0
110
0
1625
3
1
0
4
1
16
3
0
3
216
0
33
178
0
4
0
82
11628
41
14
1
0
0
0
21
2
0
14
0
4
0
43
570
1
30
0
0
0
0
0
0
0
0
6
9
0
0
1
0
14
89
4
0
0
0
21
0
0
0
0
23
0
1
1
0
3
13
1
6
0
3842
90
551
3
0
0
2
0
11
0
23
0
0
1
462
6
4
0
0
0
14
0
0
44
1754
1
0
250
0
1
0
0
0
0
0
1
1
21
3
0
230
0
0
0
14
0
6
23
156
0
0
0
0
0
32
29
64
164
0
0
0
9
66
0
3
3
7
1
0
0
22
0
15
221
0
8
161
70
10
0
58
2
0
13
1184
8
2
20
0
60
19
1
16961
0
0
1
0
0
4
1
1
2
0
1
46
0
0
0
0
1
0
0
69
0
22
5
97
0
359
2787
12
2
0
0
0
0
3
288
19
3
0
0
1
11
2
30
246
6
0
17
1
1
2
1
0
5
0
4
0
0
26
6
4
3
0
22
0
0
0
0
1781
97
0
0
3
130
0
1049
2
5
37
0
0
2615
0
32
115
1
43
2
1
10
0
11
0
10
0
0
0
0
5
1
73
0
140
100
82
1
265
3
0
36
0
0
2
39
0
11
0
27
5
144
0
100
0
28
0
0
0
0
0
0
1
0
0
0
0
374
117
1
0
0
0
0
37
3
1
662
28
23
0
1
3
80
0
0
0
0
0
2
0
21942
1
12
1
12
0
234
0
1
0
0
0
14
0
8
94
175
17
0
15
0
0
4952
0
0
0
0
8
0
1
3
0
331
5
9
0
0
1
918
0
7
1
0
0
0
119
2
0
0
0
0
4
0
0
0
0
1041
0
0
4
0
2
11
0
0
0
2
0
21
3
0
0
0
0
81
1
1
588
45
0
1
0
20
0
5
0
0
0
24
248
1
0
0
0
23
76
0
0
0
0
1
40
0
1
7
2
0
56
0
795
0
50
0
1
1
6
0
0
13
1
0
0
0
0
0
23
0
0
0
1
0
574
0
1
0
0
11
1
1
0
4
544
0
1
130
129
0
300
20
23
0
1
1
0
0
1
7
130
0
5
0
73
0
1
0
1
0
1
0
0
0
37
0
139
9
0
0
0
0
4
15
196
9
2
1
1
0
2
1
0
0
0
97
0
2
0
6
111
2
89
46
42
28
6
2
2
73
4
0
0
4
0
11
9
1
0
1
1
0
354
900
4
0
43
254
42
0
8
0
0
0
1
2
0
2
0
1115
0
0
0
0
0
1
1
0
0
0
0
0
14
0
72
10
41
2
31
0
48
52
2
0
4
0
0
5
14
0
1
2
4
0
116
382
325
0
10
0
1
554
0
25
8
50
0
4
1
0
0
1
0
0
0
156
0
0
0
6
69
55
1
4
27
48
0
0
1
12
0
0
1423
0
1902
0
0
0
0
0
10
14
0
0
0
1
363
1
1
8
0
0
0
4
0
9
49
0
0
0
4
0
0
5
0
3
0
1484
0
0
102
1
1
3488
1
0
0
0
9
10
0
2
10
0
3
7
0
0
17
19
16
13
163
2
0
1
25
133
3
280
396
1
1
2
2
625
0
0
0
1
0
0
2
208
0
21
0
0
1
0
0
2
0
0
0
47
0
1
0
2
2308
0
317
4
12
366
3
3220
0
6
63
2
1
0
8
0
0
95
0
0
210
1
1
7
2
747
61
2
3
32
0
0
2
0
13
0
2383
96
0
4
103
210
1
12
544
557
4
0
0
1
0
0
336
58
4
72
142
147
265
1
12
0
0
25
1554
112
22
7
0
999
3
26
34
0
0
0
5
1
0
0
30
1
446
0
0
3
2
0
13
0
1
8
1
9
376
80
81
153
0
0
14
15
0
8
2
2
0
0
0
0
12
0
0
0
0
399
25
0
1
11
209
0
0
1
0
206
0
24
208
2
1
0
6
1
0
0
0
2
1
3
52
0
1
0
424
3
2
0
91
0
9
0
1
0
1
1
17
0
0
97
0
3
0
0
1054
0
1
255
0
94
0
19
321
2
1
233
2
2
0
2168
8336
7
3
9
5
0
0
0
10
6
0
10
0
9
4
50
28
4
3
42
0
0
0
0
1649
210
1
135
6310
3
0
2
0
1
6
0
27
11
0
71
2
1394
0
0
257
0
12
0
61
65
0
11
1
0
0
0
0
4
38
0
168
211
39
0
0
0
13
4
1
5
111
23
312
66
18
0
0
0
0
0
1453
0
452
0
155
0
2
72
0
1
2
0
0
19
3
51
4
66
0
3
1
3
1
0
29
0
188
4
1
237
1
0
0
6
0
1
3123
48
20
0
0
31
0
1
0
5
11
0
0
0
40
114
1
0
3
9
1
0
0
695
0
11
0
8
74
28
18
116
0
1
0
0
1
295
2
0
0
0
0
0
1
0
0
0
1
8
1
1
3
1295
33
0
0
1
2059
4
46
4
10
0
1
253
0
0
18
0
0
0
0
74
7
0
0
2
0
64
7
1037
8
0
58
0
0
56
4691
0
0
10
1
6
1
2
13
1
53
0
13
15
0
0
0
12
167
1
0
0
60
1
2
18
0
0
0
3
0
1
2
0
20361
0
1174
0
1
15
2
5
167
1
1
0
1
8
0
11
0
0
19
6
356
0
8
0
0
364
31
1
0
18
3
1
1
0
0
0
77
103
1347
0
0
0
0
584
0
5
0
0
1006
0
1
2
440
0
15
0
2
12
1
101
1
0
3
9
909
0
4
36
0
17
961
8
11
0
49
18
2
2
0
3617
0
0
1
0
4
0
0
0
3
0
25
0
0
0
0
0
49
0
18
0
0
1
0
0
0
0
120
2
0
0
1
0
186
2
1
16
99
96
4476
4
0
104
149
0
0
6639
0
0
2
0
5013
376
0
0
8
3
2
8
0
163
4
18
0
0
11498
13
6
0
9
0
19
0
0
0
5
1
0
20
0
12
0
0
3
0
0
0
0
0
22
0
450
0
0
0
0
0
42
172
0
77
0
0
1538
220
1
4
0
0
607
0
6
0
4073
0
0
116
0
0
2
2546
2
0
0
27
34
0
0
1
7
16
0
0
0
0
40
3
151
0
17
16
0
55
6
1
0
0
1
4162
6584
7678
42
44
2
0
0
0
0
1
0
1
6
2
0
61
0
5649
33
2
0
1
0
0
0
0
1
2
540
0
56
0
0
1
0
0
4
11
0
13
0
20
0
0
5
25
41
0
154
0
0
0
6
2
1
1
9
0
4
28
0
1358
517
3269
31
27
37
333
0
0
3
292
7
2
0
0
9
0
0
86
1
0
24
470
3
20
0
4
0
0
0
19
35
0
107
2
28
1
0
0
0
0
60
28
2
5
0
30
414
12
0
239
91
0
2
0
1
6
100
1
0
0
0
1
5
58
2
10
0
8
116
2
0
0
0
0
0
0
1
1
514
82
226
0
1
0
3
0
2038
1
0
0
607
12501
3
3
101
1
8
1
0
229
162
0
0
341
2
0
0
1
47
0
0
35
46
0
4
9
1
0
0
7
20
76
20
5
0
94
0
798
0
26
13
10088
0
14
0
0
0
3
0
16
1
4
3
8
0
9
0
0
20
37
3
7
5
0
0
11
0
0
12389
32
0
1
0
2
1
83
2
0
5
1
4
6
0
712
0
4
4
21
0
0
0
0
0
2
0
21
2366
8
11
1
0
35
1912
587
0
257
4124
94
0
0
1
12
5
0
2
1
138
0
19
1
23
0
0
1
0
0
2
24
0
0
2
0
0
0
2
0
0
0
11
159
1
2
1
0
21
0
0
0
36
276
113
42
0
2
0
158
1
0
114
0
1
0
3158
3
2
0
11
0
0
0
0
0
0
0
3
3
0
309
0
5
0
140
0
1
0
1
1
8
2
656
0
6
16
0
0
43
32
35
0
1626
13
80
0
1654
5652
3
40
22
1
0
0
14
1
135
894
0
3
0
29
1469
56
2
100
0
0
1651
21
0
7
428
0
275
0
0
0
2
0
0
0
4
21
32
21
2
0
11174
0
0
0
0
0
0
1
0
0
7
1
0
0
314
14
411
52
134
0
0
0
18
169
60
94
6
40
5
1027
0
0
16
0
0
1
0
56
30
165
17
8
0
0
19
1
3
2
0
0
0
0
5
0
4
0
0
1
2
0
287
0
0
48
0
3982
3
1
0
0
0
4
485
1
0
0
0
0
1
54
0
3
0
0
0
1437
11
1
0
6734
0
2
0
9
89
367
1
9
0
22
0
0
23
0
0
10
0
2
1
33
1
0
1
10
7
0
0
6
6
0
0
1
4
0
0
104
7
0
11
0
3
1
0
13
3
0
0
0
0
0
1
0
0
0
0
0
0
0
1
41
0
1
0
1
75
1
0
0
0
7
843
0
0
3
0
3
32
31
0
0
1
189
0
4
1
16
0
4
0
0
23
830
0
0
0
0
21
0
0
3
15
2
3
0
0
1
2120
5
31
105
2
18
5101
342
5
3
1
3286
0
29
1015
0
36
1
0
18
1
29
6
0
23
0
0
23
36
0
0
0
0
70
2
0
518
744
0
0
1
14
1
2
0
0
0
2
0
0
1
291
0
0
4
24
0
8
0
0
2
20
0
1
1
8
6
37
40
0
0
10
2212
1
5
0
0
0
265
0
0
0
380
0
11
0
11
2
57
16
0
363
0
0
136
0
0
0
15
0
0
1
103
413
1
0
0
0
2
1
386
2
0
55
0
0
0
0
7
0
0
0
0
31
14
2
0
0
0
0
250
1
68
0
6398
0
0
0
24
0
1
0
1
736
0
18
0
7
224
9
0
0
1
103
58
0
0
0
653
3
0
3
0
3
44
0
6
16
0
13
31
0
11
0
2
2
105
364
399
0
0
0
4
2
0
0
61
1
2
148
50
0
0
0
0
0
7
3
3406
9
0
2
1
0
0
0
470
94
7
0
349
0
2
0
263
1
112
102
1
10
0
0
1
6
0
1
1
1
13
2
0
0
0
96
4966
2947
4
5
0
0
73
0
2
2
0
1
0
0
0
0
40
12
128
0
701
0
3328
0
16
2
59
0
186
7
0
0
87
0
0
1
158
0
506
138
3
0
0
1
4
6
0
6
0
0
103
0
785
11
0
22
19
92
219
165
2
0
0
3
0
324
13
1
0
0
0
13
3
0
8
47
3
0
0
0
4
0
1
6
0
1
53
0
0
0
62
0
0
11
2
152
81
0
0
135
8
1
0
434
110
2
1
8
270
2
12
0
0
0
272
0
0
21
0
0
190
0
0
27
0
0
1
3
278
11
0
5
148
3
0
2
3
0
0
0
0
0
1
0
7
1
2
0
3
1
251
0
0
4
2
1379
689
21
0
0
1
637
0
182
691
3
4471
2
14
78
0
101
59
7
0
17
0
80
3
56
0
1
0
62
2
0
1
1
3
5
0
481
1301
0
297
0
0
19
1
3
619
0
0
0
0
0
2
0
2
0
4
44
0
41
37
0
0
36
2
132
0
1
5
2
0
7
0
0
26
1
1681
291
0
3
1
23
1
2
22
0
0
6
0
0
16
4
0
10
0
278
0
9
24
0
1
8
2
1
1135
0
5436
1
0
5
0
2
0
26
0
0
0
0
0
3
0
0
18
1
3
0
8
0
3
0
0
0
0
0
0
0
1
18
1
1
31
0
0
89
0
3
324
32
0
6
45
10
1251
0
0
7
112
0
7514
0
1
0
357
23
0
0
182
0
2
698
914
0
7
0
1
0
538
870
410
0
62
0
0
1
0
2
0
5
8
122
266
60
0
9
2
25
7
0
5
11
0
2
2063
0
67
5
0
555
0
14
18
0
8
30
0
1
1
0
0
0
0
3
496
0
0
0
9
6
0
19
364
0
2
0
3
15
39
23
19
2387
0
2
0
0
0
0
0
0
2
5
0
0
0
100
1163
5
0
0
2
5
0
1547
0
2
0
0
7534
114
15
0
1
75
0
83
74
2
0
0
0
2
34
1
1
0
20
2
7
0
313
1
56
5
1
52
0
0
0
0
0
0
1115
2611
0
6
0
2
624
0
0
2
174
0
3
3
2
0
0
16
0
1103
0
91
1
0
0
1
0
0
0
0
0
5
0
0
0
4
7
117
13
0
1
0
1
3
276
0
3
0
0
4
18
0
0
0
0
0
1
93
2
0
2
198
25
520
0
0
2
1285
74
0
1095
0
88
0
833
14
241
1
0
0
0
0
1
1
127
0
2
10
43
0
0
2
0
0
0
0
6
0
6
1
0
0
8
4
0
0
0
2
1
59
133
437
0
589
18
0
4
561
374
5
19
0
7
66
0
3
3
0
1
47
0
25
0
0
265
0
0
0
0
0
10
0
14
0
0
3
86
0
6
1
0
0
9
8
26
145
0
0
1
55
0
7
0
0
0
6018
0
14
2600
1397
9
0
5
0
1
0
0
1
1
0
61
266
2276
0
5
19
0
209
18
73
3
3
1
9
9
4330
0
1
26
0
11
0
0
0
1
2
0
9
0
24
0
1
1
7
0
3
0
0
1
0
0
3
1
0
0
2
0
0
28
7
12
0
0
2
99
2
8
1
0
5
1
0
0
0
1
0
7
0
59
0
7
4
53
19
156
10
46
1
7
0
0
9
0
0
0
0
0
1
0
56
1
562
1
0
54
13
6
0
0
0
92
0
1
4522
1
0
103
0
0
2540
0
4
3
0
0
0
1
0
0
3
1
3
3
5
0
0
38
0
10
70
3
0
0
4
16
0
0
0
0
8
315
2
735
0
0
0
0
0
2
0
73
0
72
0
15
2
0
2
27
3
16
0
145
569
39
0
18
120
64
7
0
8
0
2
0
455
14
0
0
0
50
255
215
80
20
655
151
170
0
0
0
0
5
1
2
0
1
0
20
13
0
0
255
0
1
0
340
3
0
455
0
0
1
1
0
23
22
0
1
2
0
0
0
0
130
0
6
7
0
0
8
1
0
16
1
132
979
0
0
6
1
7099
254
1
0
34
3
5
0
102
0
11
0
5
0
0
52
244
1
16
37
0
2
0
3
963
0
26
21
1340
0
0
0
4
1028
0
1
0
4563
1
4
0
0
0
0
0
21
678
0
1729
40
1
2
0
110
1
0
0
12
0
15
0
0
91
1
0
1
15
0
0
121
24
1
7
2
11
0
0
5
0
44
0
1
0
10
1625
1
0
1
5
104
0
2
96
0
1
106
5
0
0
0
0
1
15
0
0
42
0
12
46
435
1
23
67
17
110
0
0
122
911
0
1
0
0
1
6
0
2
22
0
0
8
1
6
0
15
6
1901
5
0
14
0
0
0
14
0
0
1
2
0
0
0
13
4
0
23
0
310
0
4817
0
1
1
15
52
0
674
0
0
4
0
0
0
2
0
0
4
22
0
29
3
96
3
12
0
36
296
1
1
3
1
308
19
0
2
75
0
9
0
0
1
6
2
29
1
0
64
64
0
155
1
5
37
10
0
0
0
1
0
7
0
589
0
0
0
2
1
0
0
0
0
0
1
18
0
0
0
0
128
15
52
0
0
0
1
1
1
0
0
0
1
34
71
161
1
138
24
269
0
0
23
1
0
72
1
6
2
1
0
17
29
0
7
3
1
1
70
8
5
0
11
0
8
0
8
1
0
2
7915
1
890
515
58
0
24
3
0
4
0
185
0
0
27
0
1
126
0
0
21
333
2
4
0
0
1
3
1
0
13
2
1
448
217
0
18
4
137
0
0
737
1
1
4
0
48
3
3
0
0
1
5
0
2
0
6
0
0
88
261
0
0
0
0
0
224
2
1
53
39
174
12
0
0
0
3
0
0
4
0
2
0
61
20
0
9
1
2
0
2249
0
0
2
148
7
30
47
0
78
1150
0
2
0
1
0
0
7
0
0
1
0
1
1
0
0
13
0
46
0
0
0
0
6
17
192
31
102
49
1
13
0
0
0
3
3
1
190
264
0
0
0
0
0
184
8
0
15
0
2
0
0
0
154
0
4
0
12
0
1
0
3
0
2
1
1994
33
0
15
1
0
7
6
1
0
1
0
15
18
0
166
4
1
5
3
101
0
0
0
2
9
1
0
2
0
2
0
0
0
45
0
118
0
6
0
5
0
5
0
0
0
1
21
2
324
0
0
0
28
319
0
3
469
23
0
0
0
0
0
5
0
0
1
0
0
7
7
6
0
0
0
12
1
17
0
1238
2
0
1
0
4
0
3
1
9
48
60
1
0
0
0
1
12
0
32
5
0
0
2
0
4
2
470
1
41
4
0
5
1
65
0
82
1269
0
0
0
0
8
96
1
0
0
0
0
211
0
2
3
755
38
0
26
65
0
0
9
221
1
1
133
0
0
0
0
0
93
0
1
89
0
0
3
0
0
0
0
113
0
0
0
18
0
2
0
3
784
2
0
11
23
0
7
99
6179
0
17
481
111
615
4
36
2
265
810
0
32
393
6
4
547
1229
0
32
8
0
1
2
0
336
2
8
0
5
4
2
1
30
562
1
1
0
2
0
0
2958
0
25
0
0
0
0
0
1
0
0
2
0
0
0
0
0
137
7
0
0
1
4
3
0
76
4
299
0
0
5
1
1
20
7
1
0
0
0
2
0
0
0
0
63
0
0
92
0
32
4
3
8
0
2
0
0
0
2
0
0
0
0
27
1364
0
0
234
0
0
2
0
23
8
18
1337
14
0
26
15
21
95
0
48
0
0
12
9
0
2
6
12
0
0
2
0
0
0
0
0
0
45
601
0
1139
1
2
162
0
2
0
71
1
0
2
0
0
1
1
0
1
1
51
0
35
0
0
0
4
0
220
0
0
0
7
0
287
77
3
0
0
36
0
4
0
0
0
7
16
43
1
0
2
0
193
0
0
49
145
0
1888
3
1
74
0
0
0
0
0
7
14
0
2
1
3
0
2
0
10
1
0
1
0
0
0
0
0
0
24
2
42
73
6
0
3
0
0
0
0
63
0
2
2
0
70
0
26
1844
7
3715
0
1
0
1205
0
268
0
0
0
0
34
0
0
0
151
2
33
869
0
12
0
0
1
0
0
127
115
0
0
2
7
119
2
0
4
0
0
0
10
5
54
806
6
36
945
0
71
0
0
0
0
1
1
15
2
1
0
66
16
0
31
0
0
0
485
187
9
0
12
704
0
567
0
1
255
0
0
0
0
0
0
0
1
0
27
3
0
75
4
0
11
195
70
0
1
0
1
30
0
3
1
0
443
29
36
0
19
635
0
108
1
0
0
0
1
36
9
0
0
397
9
0
75
0
1
0
0
1
0
3
77
0
1
0
0
0
3
1
0
1
0
2
1
18
0
2
0
66
61
0
1
10
0
0
5
0
1
0
6
0
0
2
11
0
0
0
213
1
3
187
1
0
301
75
0
6
0
0
0
0
4
8
2
3
0
0
89
0
2
1
0
7304
158
133
2
3
1
0
0
42
4
1
277
0
1638
1
1
0
2
1
734
4037
225
46
9
185
654
1
0
2
2
10
49
0
10
0
16
0
96
2
0
14
0
1344
1
3
0
0
1
0
0
0
501
346
0
78
68
1
0
56
0
0
0
28
1
1
0
0
0
190
4
241
0
152
5
0
0
0
96
8
3174
2679
14
0
5
4
0
0
0
76
438
1
0
0
0
0
0
1274
4
0
1370
0
0
12
2
25
79
16
135
7
0
26
1
0
0
0
1
27
0
1
0
5
15
0
0
20
0
0
44
0
0
6
0
100
160
50
0
0
0
80
41
1329
4
0
558
0
0
0
1
34
0
50
36
31
0
1
0
8
69
0
3
0
9
0
0
0
91
0
0
0
0
2
0
0
1
2
127
8
96
0
0
0
11
4
0
0
0
0
0
0
0
6
2
1
0
0
2
2
1
0
0
2
1
115
0
0
3151
0
6
939
38
0
0
0
0
0
0
2214
3214
1
0
27
4
0
0
57
39
0
3
0
2
0
0
3
0
0
13
0
4
35
175
0
0
0
0
2
13
4
0
0
39
0
0
0
0
0
6
47
9
44
4
4
0
47
0
0
1
4
1
0
4
0
13
28
0
2
28
170
551
0
1
0
2861
34
26
25
2
0
0
0
2
0
0
0
0
6
1
0
3
15
437
0
0
0
609
3
0
0
0
133
0
0
0
1
0
0
0
0
64
1
198
0
1
0
141
0
609
60
0
0
25
0
0
0
6
964
1
179
5
0
79
0
86
0
601
288
1
0
0
54
1
1
112
98
0
0
1
1
44
24
0
1
0
3
7
11
1046
11
0
0
6
0
11
18
29
7
0
1
1
0
0
0
0
0
39
1
0
738
0
0
0
0
0
0
5
2
10
0
2356
710
0
4
0
1
0
2
0
0
1
0
6
0
0
2
0
0
0
0
0
2039
55
0
0
0
1
0
1
1
10
2
0
0
0
0
315
1
0
10
0
0
9
45
0
2
0
2660
1
1
1
206
0
0
1
1
7800
4
0
0
8
2
0
377
2
95
2
1
138
1
13
271
40
0
0
0
35
164
22
0
0
1
9
5
0
82
52
34
0
53
0
3
2
16
0
16
11
0
13
1
137
0
0
2
0
5
1
0
0
3160
1
0
0
0
0
130
0
0
58
78
1
86
0
3
3
0
1
0
1
0
12
0
0
1
27
44
0
1
0
8
73
6
0
83
0
6
2
1
0
0
0
0
5
0
2
2111
41
0
1
1
0
0
62
4
27
2
0
18
3
0
704
151
0
1
2
0
6
0
0
2
0
208
3
0
0
0
1
61
401
603
114
3
1
4
0
6
2
58
5
0
0
3
0
11
5
2
0
0
0
0
3431
1
4
0
0
19
200
0
5
5
0
112
0
0
0
5
2
0
387
0
0
1
0
2
1
121
16
3213
0
0
77
0
2
0
104
13
2
0
1807
26
0
1061
0
2
0
10
5
0
6
22
18
599
1
0
1
0
3
584
29
39
1
0
0
0
0
2
0
118
1
6
181
9
0
0
56
312
0
1
231
1
0
0
0
0
1
26
0
92
1
0
0
6
145
0
0
163
0
1
33
1
58
0
0
27
0
0
2
0
14
0
10
7689
1
1
1
8
0
3
16
0
14
262
0
0
5022
3
3
53
0
142
1
0
0
63
2170
8
0
11
43
0
7
0
0
0
0
0
0
0
1
0
0
41
57
4
1
0
0
80
1
7
19
0
0
43
38
0
0
4
0
88
0
0
1076
1
0
13
544
7
1
725
3
119
1
2
0
3
0
0
821
168
15
555
1
2
1
0
51
4
0
6
790
0
4
3
1
65
38
0
0
10
0
24
0
1
0
4
149
1
1
6
0
3
7478
0
1
289
49
0
0
1
287
1
0
0
0
0
0
1
2
0
1796
22
18
115
516
0
0
49
1837
1
0
8
2
810
1
4
71
8
0
107
315
0
0
0
0
52
1488
0
0
0
56
0
1
0
8
0
8
1
1645
5
0
18
0
1
60
0
278
1
1
1
0
1
0
0
17
3
0
0
0
3278
1
0
5
0
1
207
3
68
1
2
0
0
11
0
76
1
313
139
43
0
401
0
2212
162
2
0
0
234
4
2
0
264
0
0
0
334
0
9
0
0
0
1
0
2
18
0
0
0
0
0
0
0
0
3
0
294
0
0
3
0
0
0
0
1
83
342
0
430
2271
6
3
0
150
85
260
5
0
1
0
0
4
1
310
37
718
1
105
6
0
0
0
261
0
0
439
36
241
5365
0
1476
0
0
0
1
64
29
0
0
0
0
4
8
6
0
9
290
32
74
0
2402
0
1
0
0
1
1
26
0
510
0
190
188
391
4
2
0
4
0
0
0
51
4380
0
0
0
0
0
0
1
0
1
0
1
0
0
1
1
2
21
0
0
75
1
1079
87
0
2
2
2476
1
40
12
3
0
0
2
0
0
463
0
0
21
0
0
39
0
3
225
0
1787
2
3
152
2
3
0
0
717
0
7
20
1
1
1
73
0
604
8
0
1
1
573
0
0
2
2
7
0
284
0
1
3432
0
0
0
0
1
2
7
1
0
79
0
1150
9
0
53
1588
26
1
20
1
2054
270
0
3
5
102
2
0
1
2
0
0
0
1
5
5
2
0
2
4
0
12
46
3
93
0
821
25
0
2
28
3
1
2
0
0
0
0
372
8
0
0
38
31
1
0
1
297
0
0
29
8
3
35
0
128
0
0
0
1423
0
12
0
1
0
0
0
1
0
0
1
48
0
7
185
0
47
2
3788
0
4
9
0
153
1
1
4
45
7823
115
0
8
1
62
38
106
333
0
2
3229
0
0
704
0
34
0
0
2
704
709
290
10
0
0
368
0
0
0
0
100
14
5
99
1
0
6
14
0
0
105
0
0
0
70
1
558
0
0
1
260
573
0
13
7
347
0
1
1
11
1
0
0
0
630
92
0
19
2
1
3
1
17
30
344
0
0
3
0
0
1
728
5
124
0
6
0
0
8
0
0
0
0
0
5076
0
3
4
50
0
0
0
0
0
17
2
0
64
7
716
0
0
0
24
26
0
0
0
30
63
0
0
1
3
1
7
11
77
0
42
0
1
0
10
360
0
1
0
0
102
0
7
252
0
3
0
0
9
0
0
0
0
646
94
0
0
0
1
1
1
0
0
0
0
17
21
0
319
1
0
3
1
3
0
4
1
119
0
11
0
1
36
0
14
413
0
13
20
2
1
65
0
8
308
16
524
1
4
1
1
0
8
4
183
0
8
0
0
85
1
0
74
305
4227
97
0
29
638
0
121
19
0
2682
2
47
3
2
13
9
0
1
98
29
7
0
0
68
0
1
4
38
194
0
43
0
7
3
0
0
2
5
2
0
1
2
1
4982
0
0
4
5
1
1
0
2531
0
0
4
0
1664
0
0
2688
13
0
2
0
95
0
219
0
278
0
0
0
0
2
60
77
7
0
0
2
56
0
229
0
1
0
70
0
0
9
0
3
0
8
0
3
1
0
0
0
0
5
0
8
0
0
0
26
379
0
0
11
64
0
0
0
0
0
0
2
0
0
61
6
3
2390
0
5
392
0
0
12
0
0
0
469
0
450
1
0
4
0
1
1
1
7
172
1
0
0
27
297
3230
3
351
56
0
6
0
1
5
98
22
103
18
361
28
17
4
0
55
11
0
826
7
6
10
0
180
0
0
24
15
0
4
0
0
0
41
989
8
137
734
2
1
0
58
0
1
1
0
0
38
3
73
71
14
0
0
0
6
0
0
1
12
0
41
0
0
506
419
2
3
816
109
16
1958
12
0
4
0
1
0
24
254
25
3
1
197
0
7268
324
0
28
106
0
2
5
0
0
0
5
0
927
27
2
12
4
73
2
0
1
0
11
1
5
0
4
2
103
0
113
0
0
1
0
1
0
0
0
62
3
1179
0
0
0
0
0
2
27
0
0
1
113
0
8
0
0
0
0
0
453
0
9
0
0
1
178
0
0
0
1
2404
0
4
123
1
2
0
0
0
2566
0
4991
0
18
7
0
1
2670
1
0
10
22
0
1762
0
195
0
1
0
1
92
19
0
10
0
2
0
0
1
2276
1
0
3
0
0
2
7
17
1
1
42
0
0
0
0
15
1
1
8
0
5
1249
0
1
0
1
187
0
1
0
24
0
1
2
1
0
0
0
0
1
0
1
0
0
661
1
94
0
0
2
1307
66
0
1280
0
2
0
2
0
0
0
7
924
1
10
0
0
0
74
7
144
25
5
0
249
1
5
1
0
2
13
4
1
0
0
837
0
1
3
19
0
5
1
8914
0
0
20
27
0
0
0
245
0
3
14
5
38
4
0
37
3
168
0
0
0
0
1245
0
226
4
0
46
0
0
100
6
0
29
3918
8
2
0
3
1
12
3
0
0
0
0
3
68
1
190
0
6
1
35
0
0
0
0
216
0
0
0
0
1
422
97
5
126
761
2
13
6
0
0
0
101
0
0
0
0
3
1
0
9
1
6
1
0
1
496
16
0
1
0
3
0
1148
0
2
172
15
12
1
2730
23
0
4
522
2
0
0
0
0
0
6
4
2
0
0
2
0
2
0
0
0
4
0
0
23
0
0
0
0
0
0
0
12
0
66
1
1
599
0
0
0
32
0
0
434
0
0
0
34
0
2
3
25
0
0
6
5
512
0
3
376
0
46
0
0
25
0
0
3
1
7
0
22
0
0
1
29
16
0
0
1
1
0
43
2
0
64
1
40
1
277
0
25
7
0
1
0
5
33
0
0
97
86
2
44
0
0
8
0
0
0
1677
9
0
44
2
4210
2
4
0
71
7
0
0
6
0
1
0
2
1
0
3
0
0
0
5
46
0
78
0
0
1
6
0
0
0
0
1708
1
0
291
0
3
0
4
2133
0
1
1
3
0
0
0
0
65
0
7
0
4
0
1
20
311
0
1302
369
9
0
0
0
2
2
1
0
4
69
1
41
0
159
197
0
29
153
1
2
0
0
1
0
62
0
0
21
0
34
0
0
0
0
0
11
1
9
0
0
0
1
22
120
1
245
0
0
0
0
0
0
0
0
0
34
0
65
2
55
0
0
39
4561
0
24
1
0
0
0
1
0
48
0
10
3
0
9
0
0
0
253
6
0
6
1
0
25
0
29
0
0
15
0
0
0
1
1
1332
148
193
5
10
348
0
0
3
0
0
395
0
58
0
0
0
0
148
12
0
0
0
9
0
1
1
0
0
0
6
0
119
2
12
1
0
143
57
17
2
4
0
0
54
6
0
0
2
3
1
4
44
0
2
149
9
1
2
1
118
0
0
15
0
0
1154
64
0
538
20
164
0
19
12
0
0
0
0
0
0
0
0
0
30
11
25
0
355
3
23
116
0
2
0
12
1
1982
423
3
0
16
26
0
0
836
374
57
280
0
0
0
63
0
19
10
12
2
17
13
0
0
7
0
888
0
0
883
2
0
25
1
371
695
4
0
0
0
15
58
0
8
0
0
0
1
38
0
0
78
121
7
2
0
0
136
0
263
0
0
13
12
0
1
0
0
2
0
0
1811
479
0
0
1
0
0
13
2
368
18
6
0
608
1
3
0
19
0
0
23
0
1
1047
159
0
11
0
4
31
65
350
21
0
4
5
3
0
5
0
0
1
0
1
116
8
0
0
1
54
12
1
0
2
21
0
0
1
1
1
0
2
2
0
52
0
3
0
72
0
117
0
3
2
4
10
26
6
1
14
6
1
3
33
147
1
84
6
0
18
20
239
0
0
0
9765
13
0
0
0
10
0
0
0
0
2
0
69
11
0
20
0
0
0
0
130
0
0
0
350
0
98
1
0
0
43
5
118
0
1
0
2
0
656
131
0
0
4
5
5
17
0
21
1
2067
0
0
741
3
0
0
0
3
55
0
18
0
2
0
158
234
0
1
0
2
91
0
0
0
0
0
4
0
0
73
0
0
0
3
21
33
0
46
2455
51
9
0
22
1
1
0
0
189
110
32
62
2
9
127
579
0
5
0
0
0
10
43
0
0
157
1
1
52
10
128
4
2
10
4
0
4
285
0
8
0
0
14
5
1
0
2
0
2
1078
30
0
0
12
24
6
35
232
0
837
0
0
0
3
249
40
0
1162
265
0
1
8
0
1
34
0
33
0
3
12
395
43
191
0
176
242
47
0
0
25
733
4
135
0
2
2
1849
28
7
8
11667
13
16
1
572
65
1
0
20
44
0
2
0
20
2
37
7
567
0
0
1
0
4
0
0
233
0
2
2
0
3107
39
104
141
1528
1
0
0
0
0
0
7
81
22
2
1
633
1
0
68
1
0
1779
3
4
141
0
4
13
0
147
889
2
5273
17
0
29
14
2
3
0
3267
0
1
1
0
0
2
4
3
0
7
0
0
0
98
29
2
0
2
0
36
0
295
0
0
0
345
0
3
0
1
2
1
0
1
0
0
0
78
11
1
23
3
4
0
0
4
11
0
2
178
0
50
0
0
630
67
0
1
2
50
2
2
1
0
2
1
3
0
0
1
59
0
93
28
0
0
1
6
268
17
39
16
92
5906
0
0
0
152
0
0
81
5
0
103
0
1
1
217
1
0
144
0
211
2615
0
1
85
1
1327
109
543
1
0
1
0
1
3
2
0
33
652
19
0
217
1
52
0
0
0
45
0
0
0
5
1
1
7
4
0
1
0
7
1
0
9
0
0
0
4
4
0
4811
0
123
24
0
0
317
0
2
15
8
0
34
0
0
1
0
1
15
0
4
14
0
0
0
2
3
0
0
0
6
87
0
0
0
0
5
38
7
0
13
0
11
0
0
0
0
27
17
0
0
0
2
0
0
0
1
288
26
3
0
0
2
0
0
0
36
0
0
0
2
2
0
656
1
3
0
1
3
2
0
68
0
0
0
0
23
0
43
0
0
0
0
1
3
5
74
17
3
3
11
0
115
1561
0
6
31
2
0
0
113
3
1
0
1
6
2
0
12
0
4
3
13
0
0
51
2
0
0
3
794
6
0
2
0
2
2
0
0
2
0
15
0
5
0
303
385
0
99
0
4
0
0
295
0
5
0
1089
32
0
0
0
2778
25
0
1
0
0
0
0
0
0
0
0
0
370
0
0
1
21
0
1
209
0
3
224
2
0
0
0
2
1
3789
0
0
0
0
2
0
1009
336
3
94
0
0
19
146
0
39
0
0
0
6
28
0
3
3
32
4
1
0
52
2
77
366
1
8
0
58
0
0
1
11
5
0
0
0
0
7
0
1
4
0
0
8
9
7
0
0
16
9
639
1
10
0
0
0
18
500
77
2
0
0
0
0
1
0
0
0
4
0
186
9
0
1
10
2
0
32
1
3
0
0
3
0
17
242
804
5
0
3
6
0
0
77
225
0
3
0
26
0
0
0
0
0
0
0
0
0
0
1
0
1
0
0
0
0
9
359
1
56
3
0
69
75
1
23
1
3
610
135
1
0
0
0
0
2
19
23
2
0
93
1
1
17
4
28
0
1
0
0
44
3
0
6
202
0
0
1
4
0
0
43
0
0
167
0
163
1
63
0
0
378
639
4
7
153
0
0
0
0
129
1035
2
7
1
47
0
6
34
0
0
0
9
0
125
0
284
97
0
71
0
38
195
0
1
17
0
3
1
16
31
0
1
7
8
0
0
0
0
0
11
770
3
0
1
0
1
0
10
3
1
78
1
2
1
4
0
3
41
13
0
6937
314
0
0
0
87
9
5
4
198
2
13
8
40
0
0
411
0
1
0
22
89
6
11
0
1
2
0
0
0
320
8469
12859
23315
1018
6
766
509
3309
320
0
6361
6805
218
12050
8244
16
3566
225
3109
8310
9821
13893
2636
1379
14383
16417
7570
12480
100
28796
87
354
41
320
16330
6
6
79
16
18462
0
69
4
3998
163
2993
163
1612
261
8661
8511
8139
147
2692
225
3566
10562
41837
163
0
147
10857
10560
220
308
1098
31
3
25
6
8904
8
12852
826
360
0
2187
0
107
5686
123
2384
7226
141
5
68
28
4212
18812
7490
5
82
172
2992
13593
363
3
713
369
18
28832
123
470
25
91
1766
7521
154
27541
44
25885
264
116
1
0
1
5044
145
31
5773
10
0
6550
992
0
8905
23
1
842
0
14921
77
6
592
0
1
580
1858
140
8311
11098
3225
111
687
624
7
0
180
2348
1483
0
0
0
848
2
2
1
4
8
6
0
0
0
124
0
196
180
15
4625
1
7394
0
0
3461
2
1162
572
7401
0
3284
559
1306
394
27
3738
228
46
600
14950
0
1174
8
2
0
619
346
0
13
16
18974
4
0
2
2597
43
8080
2
41
381
8
154
466
5
11
0
12162
0
15
15
0
3
15384
5
6025
33
15265
0
173
0
36
871
83
756
9
3775
225
212
0
116
2
45
56
0
411
3853
80
1
0
1929
10
7
307
874
0
399
20
2
2
46
5306
679
0
40
6334
5
10
7
4
3
17
0
50
0
65
0
14
273
0
0
0
394
169
4353
2
6486
156
20
4249
696
1
25
27
1501
2577
1407
148
6503
0
1
20
1
50176
5
1
0
8
0
2
24
3113
8
1
933
13
14
0
0
407
34
0
578
105
204
5128
22
0
845
1
1
472
755
0
332
0
102
0
143
1
366
0
1062
364
0
13464
771
0
0
1
24353
18
0
7
0
0
356
10
5572
12
5
3085
58
0
1
1017
1
50016
30
1
1
70
1947
0
12
1318
3089
119
1
16152
1
74
0
5443
0
0
30
1
8
21
0
1
1
137
1
385
456
0
1
1
2413
2104
28
0
385
147
27
11
192
43
75
16
544
5
3
33
217
0
2179
53
0
0
68
2854
4309
0
2797
1
43
21
14780
17
323
0
1
40
27
1
296
22
1
108
34
1
435
0
694
5
1167
0
9
22
1
117
0
54
1051
5
0
317
16
0
10
2
1586
0
203
65
876
0
203
13165
625
613
0
0
608
0
3
0
1380
0
0
531
916
745
5
0
139
0
8
1
2
883
6
99
10
6717
12619
5
785
0
26
106
3
0
3
31
0
0
2
0
21343
103
106
19
12
4
2145
327
17
5
59
0
0
0
14
0
0
13621
4
1
2003
680
0
45
963
0
0
0
16
2
0
22
0
0
0
18
126
0
23
5
30
219
444
4463
0
144
109
6932
7
145
4125
0
1743
58
0
0
0
0
2074
0
8
9
217
0
3
7
0
0
2
2744
0
0
5
97
18
2
0
376
13
56
1123
1332
0
14
27
3
124
42
405
0
23
714
411
1
3
2
0
0
0
2
6
3
25
465
157
568
2649
509
0
50180
31
234
6
0
0
72
2
0
173
0
0
8
69
0
1
0
344
1234
1
25
94
214
2
1
1085
1
9
1
1
3
0
2499
1
17
0
7
0
0
4
117
6
147
1
1
138
3
176
1
0
1
139
0
6
35
81
1
10
0
154
6
1685
8251
175
50220
50205
120
1
1
1
1
2
2
0
0
0
1064
0
85
226
0
1
3340
5308
103
13
0
14
3
113
23182
12234
1
0
436
39
9
19
7608
6
205
1924
0
0
2790
542
51
2
10
172
0
65
1
0
126
72
59
2
0
1
0
929
16
208
85
1
1
27
42
50222
158
0
1
29
0
0
0
0
1
0
573
8
2
410
0
1
3
117
2
1
0
6
6930
0
29
689
1
0
0
3349
86
0
0
6
1
938
8
50
13
114
0
3
0
0
5
302
2
4
0
34
3
1
0
1
133
4
259
10
20
0
0
0
3339
86
0
630
2
0
571
0
0
4
0
1
2
0
85
0
0
25
0
29
36
1
39
0
0
366
122
0
1
0
0
3
25
0
40
52
1
0
3
5
4
37
1708
139
0
107
179
0
0
15
75
0
6
21
335
33
1
3
1
0
0
99
1733
13
0
82
1
63
0
0
249
0
121
2
0
2
0
0
73
75
0
236
0
0
0
1740
2
0
17
1
4
0
1
0
2750
0
0
4
0
13
0
0
43
24
0
13
0
6
0
2
1
0
10
0
395
0
142
193
4
0
29
12
63
4
0
1
1461
816
16
115
0
1
204
10
0
3055
101
1
0
0
0
890
7
0
1364
0
8
5424
1167
23
5
14
179
0
126
49
170
0
0
0
0
29
0
1597
73
28
9284
2
52
0
189
20
0
0
14
2
0
3167
0
1
1
13
1
70
0
1121
0
4
0
0
0
2
3
22
0
0
0
1015
7
4313
0
6
114
0
0
3
444
0
146
0
7848
481
3
160
0
4
0
0
392
1043
36
0
5
0
13
0
0
0
126
19
1
0
6
1
1608
33
0
10
6
227
1
308
0
1
0
1
28
112
436
1
5
4
0
916
43
0
497
1
8
27307
1
0
5
7
5
7
134
6
4
146
0
10
372
0
1
0
331
10
70
1
107
198
6698
30
2
0
0
4
817
19
0
137
2035
228
5601
0
28
0
7
1
396
0
80
0
0
0
1
1169
0
2
0
77
454
0
126
0
0
4
4
0
0
879
3828
89
1
3
252
0
0
9
0
126
2
1308
0
0
15977
13
0
0
0
2
2
3
3
3
0
0
8
18
0
688
0
0
0
13
15
9
1
0
2
53
9278
0
93
11
3
0
34
2
29
24
4
58
0
0
1
3
0
14
0
859
1
30
49
0
1
50081
111
1
0
0
0
35
6
656
77
20
20698
0
64
1
697
8
4
236
14
123
6
1
0
0
0
1
0
0
14
23
1
1
6
43
1056
19
2
0
4
42
0
0
1147
42
0
0
1
52
0
15
0
0
0
0
56
295
0
0
0
10
0
55
41
13
650
47
11910
636
0
1
1
1
1
1
19
0
59
152
177
275
1
110
31
0
1
0
0
0
8
107
10553
10657
0
0
3
3
120
8
0
2
0
106
12
1
0
0
0
8
1
1
127
0
869
1
0
0
579
31
0
1
6209
69
0
74
1
802
0
45864
32
1
260
14
1
0
0
0
1
1
1
0
17
1
1
6
9
1
0
116
31
11
0
1
1
0
0
182
40
7672
22
106
1
1996
0
3
0
0
12
1
0
0
0
3
0
0
1
3
5
1
757
0
3
9
0
0
149
0
0
0
0
4
1
12
0
0
17
0
30
0
23
7
100
116
0
0
31
9
3
3
1
0
0
1
0
0
3262
0
3827
1893
3
0
12
545
2
831
2
51
10
0
0
257
1170
513
0
173
0
0
18
861
24
5
0
45
1710
0
5
1
1491
72
313
0
0
0
1111
9
0
1698
20
29
0
2
14
5
2028
117
10
0
2624
176
214
0
8687
0
8
0
1
0
2
1
5
2
22
53
0
0
2
11
359
1
0
1
0
2
16
0
0
0
0
0
20
0
0
70
0
3
13
488
7
0
28
5
2731
1
1
23
1
10
0
0
0
516
1
18
3
0
0
1
1
66
504
9
0
435
639
0
3
0
1
1053
14
53
0
1
0
6
18
2
99
110
908
0
9
13257
60
6
0
30
0
10
5
0
0
0
0
0
18
1
8
5
0
0
0
76
3
121
254
0
30
32
47
4
47513
2
0
1
61
9
11
366
4
17
1314
6422
4
88
12
94
5
12
1872
1
1
131
0
0
1981
1
4834
1
165
59
1
0
161
7
0
103
10
0
67
0
1650
73
266
0
0
0
0
13
7044
16
1
51
0
27
1
0
30
11
123
7
2
170
0
0
44892
0
0
43
0
1628
0
0
7
0
84
18
1
58
0
7276
4
1
28
0
0
616
1
123
1125
0
24
160
17
797
143
15
1
0
0
21
1397
3
0
0
1
31
3
0
4664
0
0
0
0
0
1
3
0
1
11
2
0
9
0
18
0
1380
0
0
0
420
0
124
11
2
5
0
369
0
9
4
142
1
37
593
0
3
8
0
0
0
1
502
27
0
38
1786
0
0
0
12
259
51
0
1325
21
45
366
1
3
30
0
0
26
6
0
0
926
0
1
0
14
326
146
0
0
9
0
0
574
0
0
0
209
115
343
4
38
954
15
17623
6
0
3
267
2789
0
17
27
0
1
41
732
8450
0
225
6
11
0
3324
1
308
44
0
432
0
1
0
13
146
0
0
0
0
60
7
4324
0
582
411
175
1630
0
0
13
0
0
126
175
335
1
56
0
2
79
2541
9
17987
0
0
30
0
0
57
102
2893
2455
27
0
17
13
4
321
0
0
3
0
52
147
90
2203
0
0
13
0
0
0
6335
0
8
0
0
1
17
317
22222
3
604
417
0
68
0
3
0
105
0
2
0
47
0
3
0
8
0
0
1
0
13
0
189
0
238
2
39
119
2
0
667
0
67
96
7
0
5
187
2
1
0
173
3
0
1
1
0
5
14
1
234
0
161
0
4
5184
0
10
3
1
8
2
90
0
0
0
27
3
0
1
0
0
320
3928
1
1
101
0
146
0
0
6
556
1
0
892
0
2
17
11
93
15
16
6
91
0
1
0
57
3
977
0
0
6
0
1
18
0
6
0
1
4
0
483
37
32
0
0
28
0
7
5309
8
0
4325
151
12
1
24
50
0
6
0
0
2767
0
27
2
0
0
11
1
45
117
0
0
8
0
7
0
8
1
1
19
0
51
6
0
201
1
260
4
0
6
1
0
2357
0
2
0
35
0
38
156
6
5397
26
0
3166
0
3
4
606
1
2
103
176
9
314
27
28
0
2
23
3
0
0
765
7
0
58
2
2
3
0
713
399
6
0
36
262
0
0
11
1
9
0
0
9
0
0
0
0
0
120
0
2
0
276
0
3937
0
0
0
0
0
10
0
26
2004
14
4
0
0
0
0
0
0
2
0
1
94
0
1
34
2
0
123
78
0
0
54
252
6
19
0
2
1
0
0
3
10
71
3058
2
0
0
5
487
0
0
0
35
2338
9
3
0
0
1
3
18
0
0
12
7
0
0
0
6
0
0
1
0
0
9
0
1
183
1
0
0
194
224
24
27
10968
4
4
3
181
12
9
0
0
0
145
98
0
9
440
0
7
71
2
1
16
210
1050
0
7
0
0
0
4972
0
0
0
59
5
1
16
77
1
1
6
0
3
0
0
0
0
59
1
0
15
0
0
6
0
5
3
22
0
0
269
884
88
102
548
12
2808
0
1
6
0
19
0
0
603
1
0
0
0
551
2
9
58
1
5
235
484
180
27
0
0
0
0
0
0
0
0
1
0
8297
837
0
0
0
160
0
1
3
147
0
0
22
1
0
212
0
0
0
1817
1
379
0
2662
0
0
0
1
343
4
480
5
98
3
384
1
16
0
0
20
205
2
45
7
10
0
0
2
0
33
2093
36
2
7
0
5
8
0
2
0
7723
1130
12
1
44
1
3
19
16
3
0
7
58
730
2
0
3
280
7
57
0
45
2425
7
13
5
0
78
0
54
0
0
19
4
0
35
9
2
1
5
18
2
201
0
1650
2
2
32
2
0
0
556
30
1
17
2
17
0
0
0
35
0
0
0
1
1
1
0
18
3
6
1
2
21
0
77
2903
0
0
19
0
0
0
1
0
0
0
0
1221
1
89
11115
2
302
0
8
1
153
2
87
30
99
2
0
76
0
1
3
0
0
0
0
0
0
0
1
0
3
1
3
16
465
36
31
0
0
0
190
46777
0
3
38
16
0
9
1
1
0
3
3
240
0
0
77
0
0
1
0
97
2
23
26
58
82
0
0
12
17
4
418
20
83
1
59
5
13342
0
23
45
6
1
20
0
760
0
885
1
2
182
0
0
8
0
0
0
14
0
1
0
0
1
0
47093
33
46
3
127
0
1
53
0
14
0
0
2
1
0
13
2
15
7
91
620
438
0
1
0
0
13
189
110
8
2
0
1783
28
4
14
0
0
20
254
0
0
0
16
2
0
0
121
718
3
75
43
227
1
0
0
2733
27
258
0
1339
0
1
44726
46547
0
0
3068
2710
14
54
0
1
3
0
0
1
5
0
1085
97
1
59
4
74
0
22
8
739
1
20
9
1
9
6
0
1
5865
0
0
0
0
0
2
0
244
0
326
72
0
9
0
2
1363
0
60
13
3616
382
175
6731
5166
506
6
17
0
0
46759
0
9
11
26
290
0
24
3
8
6
0
362
81
0
0
54
1
464
94
4
3
0
3
3
2
4
14
0
49
6295
1189
0
71
448
99
0
2
4
158
0
1
0
532
10
0
16
1
0
0
12
9774
0
0
0
23
82
0
44
4
0
17
42
0
0
6664
0
0
446
1232
404
0
8
189
21
0
653
2
0
14
5
118
0
3
0
2498
1
189
3
27
1
0
4
7
0
0
3
0
2
0
0
2
1
0
677
0
368
33
3
1
45
0
1
0
2
20
4011
37
0
0
0
3
896
2
0
1
169
0
157
8
164
1
9
0
4
0
0
64
3
0
104
3
768
73
37
0
1
0
0
1
1
10
0
0
1588
0
0
197
33
0
0
211
0
4078
0
0
1
15103
8
0
0
1
2
0
126
0
216
0
1
25379
12
1
89
138
0
26
7
36
0
8
0
39
4700
0
50144
1
8
0
0
3
318
1
0
0
18
1
135
30
0
26
78
1098
5
10
0
24
152
43
1
47
76
22
0
15
872
0
68
118
0
1
131
0
28
0
4
0
0
2
1
19
0
155
0
52
0
3
0
0
4
12
37
524
0
74
1
0
0
29
0
615
0
0
0
22
0
0
4
5
0
35
17
163
3
1
7588
0
8
10
189
0
2
12
1
6
101
1
0
0
2
0
1
7
3
408
152
29
0
149
39
0
2
5
21
1
84
2
8
0
0
0
5
0
0
362
3
0
15
0
0
1845
0
4
0
0
5
8
311
0
1
17
0
27
0
418
0
29
22
0
0
1
44
315
220
0
0
0
88
0
0
140
10
0
1
0
24
350
2
0
2
0
0
0
146
1
0
1
1398
38
13
0
1
24
0
37
0
3
0
0
65
19
26
470
1001
0
1
104
24
1
1
14
68
0
2
4
19
2
0
0
97
7
1
4
0
10
2
8
0
0
0
2
7
160
0
5
0
15
0
3
6
203
0
4
550
0
0
12
9
0
0
0
221
0
3
0
0
51
0
3
0
11
1
1
1
0
403
79
0
0
0
1
2
2
1
4
0
0
2
1
3
6
1
0
48
72
0
2
728
78
1
3
0
0
10265
0
3126
1133
0
21
1172
7
1
2
1
1
0
5
107
0
384
1
83
0
0
23
0
0
4
92
2
171
2
3
491
0
4
0
182
85
36
0
0
0
0
147
65
44280
2
1
0
0
5
2785
0
114
0
0
0
0
10
0
0
39
0
0
0
0
201
0
0
0
0
2
20914
0
0
133
0
4
1
0
0
2
0
350
184
2871
0
100
0
0
4
3
0
440
11
5393
7
0
20
3
8
0
3
0
86
0
875
1
2
1
0
227
6
0
24
5
187
1346
0
0
0
472
322
2
0
2
0
0
0
16
0
0
84
4
0
27
0
5
0
6
0
224
0
2
12
0
2
13
0
2
0
0
1
3
12
27
0
1
0
8
5
39
2
1
0
1
17
0
1
1
0
117
2
42302
0
2
2
2
3
1
0
2
1
0
9
1
4
325
0
0
5
0
290
7
0
1935
0
0
18
4
2
4
2
1758
0
3
0
0
6
0
0
1
0
3
0
0
2
0
6
1
0
893
0
0
2
163
23
0
0
0
1
0
99
0
110
342
0
0
12
0
1016
3
12
1
33
124
0
373
1
0
428
0
0
2
0
67
4
0
2
0
0
2
0
0
23
47
5
19
58
0
0
5
1
0
11
7
392
1
0
869
0
0
9
0
8
0
0
0
3
4
0
100
1971
7
0
11
0
1
65
1
0
0
0
9
0
6
1
0
2
1
0
16
311
11
6
17
0
6
2
0
12
0
4
0
0
65
0
1
149
1
6
0
47
0
50
3156
2457
4
0
0
396
0
22
579
0
19
7
20
1
33
0
2
18
1
5306
4
0
30
0
0
7853
0
0
0
0
31
0
1
1
0
1
0
0
11
1
90
178
1507
9
10803
4
131
35
545
1897
0
90
0
10
1385
0
671
4
9
5
6
62
1
15
0
327
77
189
154
1
0
0
2
0
1
0
1
34
2
3834
0
3
1
0
12
5
0
15
0
1
322
42380
0
0
0
0
0
5
258
1
26
1
6
0
194
0
7
3
2
0
1
0
3
2
0
51
936
669
0
1
1466
0
95
80
3
1
1
0
0
14
3004
0
9
4
0
0
18
0
0
13
599
41
1
3
125
0
0
73
0
3
44
0
1
21
0
46113
103
0
1
0
0
24
4
30
41
5
142
0
9
0
124
32
0
0
12
4233
204
0
0
336
2
94
2
0
9
1800
180
3
13
0
0
0
0
48
0
490
6
0
834
0
61
0
0
0
114
392
30
0
0
114
0
19
0
5
0
1
7
46
0
0
3
0
6
0
3
24
0
14
0
1
71
0
5
0
1219
5170
59
1
74
0
7
0
0
40
116
2
21
7
2
24
0
0
77
0
0
0
2
18
60
0
0
676
0
132
0
3465
0
0
61
8
58
0
0
0
87
114
0
0
1
1
50
4
0
3376
0
1
10
0
71
2
59
0
0
13
44
192
25
1130
1917
68
635
97
204
1
230
0
369
0
1
10
9
1
0
0
6
0
0
0
0
0
0
2147
0
13
0
44
1
0
29
6
0
0
71
3
3
0
0
0
3
20
1
3
0
28
7
20
3
2
0
0
0
0
0
1
1
0
0
4206
108
0
2
0
0
10
0
0
9
2580
3287
0
21
1
2
8
1
9
83
0
0
43
0
0
586
11
51
14
0
30
0
615
0
0
4
0
2
9
14
0
239
0
0
1
0
5
50
0
0
15
2
1
0
0
4
0
0
1
0
0
0
6
2
3435
2
0
0
0
6
13
16
1704
3
49
0
21
59
57
1
1
2
1
0
23
4
0
20
0
0
0
0
11
0
62
0
1
0
0
0
1
0
0
0
0
109
0
9
19
0
8
0
377
0
0
2
3
0
0
357
0
16
1
3
148
2805
14
8
1
37
0
1
0
1
1
0
270
1
0
0
0
2
0
0
0
1
0
601
0
1
0
741
0
2386
6
80
1
44
0
0
53
0
0
129
0
0
58
1
0
0
271
1
0
5
4
1
0
0
1
18
1
2
0
225
0
59
1
0
0
2
0
0
17
2
0
46
29
3
268
263
0
3
2
1
6
4
101
39
978
70
0
0
0
14
1
9
10
0
0
0
0
0
19
1
0
21
0
0
146
2
37
0
0
117
370
3
0
449
23
0
0
0
31
16
126
2
344
0
1
0
5
36
0
14
0
2
3
5
0
143
57
0
0
18
0
108
740
6
4
0
125
1164
0
7
445
0
1
0
24
1
14
2
1
9209
18
0
7
84
0
2
0
17
0
922
2
4
6
0
5
3
12
3222
4
0
0
2290
526
0
0
0
1
338
0
1
3
1
0
0
0
0
4
2
0
37
13
0
18
52
0
94
0
18
22
2
1866
249
6
20
42
6359
18
3306
0
0
351
0
0
211
10505
0
125
0
447
20
0
92
0
0
62
46
46
0
0
0
47
23
0
164
0
60
0
0
6
27
0
1
30
11
43
4
0
8
0
2
78
1
0
156
0
0
1
0
2
0
295
0
16
3
3
2
6
47
19
1259
2
1
0
1
6
0
0
11
4
71
61
0
940
2
54
15
27
0
2
0
3
90
0
1
252
0
0
2
0
0
10
7
0
0
47991
467
0
0
75
3558
0
0
0
0
0
0
0
254
0
0
163
0
1
2
108
2
3
1
4
16
0
105
1
0
112
0
0
0
8
0
1
1058
6216
0
0
0
1
0
1
990
1
0
49
31
8
1279
86
0
1
0
1
20
98
188
0
0
40
16
33
0
0
63
0
1
0
0
11
462
15
0
0
5
0
0
0
3
17
11
165
66
18
62
4
2683
1
5029
2
210
0
36
0
0
0
623
0
102
160
0
0
1358
1
0
1
0
432
4
10
0
0
1966
1
4
1
0
110
22
1
226
36
185
10778
92
1089
1
0
0
0
0
0
4
4
0
0
2
113
0
173
0
0
1
0
0
1
0
6
0
12
5
1
409
922
10
0
0
0
0
1
193
5
2
20
0
4
534
16
0
0
12
2
0
0
7635
527
19
0
0
0
13
10
10
0
7
6
267
15
14
563
1
1
6
2
2
0
0
13
0
12
74
1
2
0
0
166
39
0
0
1
140
179
1
8
3
2
143
0
0
59
102
64
10
0
0
13
8
0
0
20
3
0
0
0
177
0
0
31
179
20
3
0
11
0
11
1
6919
0
0
23
0
1
57
529
9
0
1
0
12
1
0
10
12
21
6
0
1
0
1
13962
4
74
0
357
2
4
0
55
8
2
234
11843
0
10480
0
0
0
0
0
61
11
0
2
3
684
2
15
0
35
1
0
13
1
1
2
0
3
2
0
0
31
8
4013
259
1345
1
0
130
0
0
3
1
2087
0
1
0
17
76
92
0
10
22
0
0
21
0
217
10
0
92
66
122
121
8
0
467
4305
2780
83
3
0
18
44
919
0
94
0
134
29446
0
0
0
0
0
0
0
13
22
17
0
0
0
695
3822
522
0
1
0
6
0
0
6
3
84
0
0
35
936
0
0
0
38
3
0
1166
15
0
0
0
5
15
450
0
0
0
1
0
20
4
0
21
0
0
110
3
0
199
13
0
0
1273
69
0
20
0
0
209
0
0
0
916
1
136
36
306
1
0
12061
31
0
17
2
6
46
0
4
312
0
0
1
1
472
1
4
0
0
0
0
0
22
0
0
3
15
0
4
3
353
4
2152
0
0
2742
77
0
0
2
0
2
3
1
3175
0
29
1
30
12
13
1
0
0
62
0
150
0
0
110
1
15
0
0
2
14
1
0
50
4
44
0
3
1197
0
1
0
1404
1
20
0
77
0
61
434
55
1
0
1170
0
498
5288
108
0
0
16
0
1
0
7
44
13
14
219
0
658
0
2
2
0
4
0
6
0
234
0
32
2
4
0
14
0
4
8
0
0
175
63
90
45
0
294
0
363
0
1
101
3264
2
2482
0
4
10701
0
2
3
130
29
0
7
1
0
6298
19200
0
0
0
0
0
4
0
1
0
0
1
58
6
0
1
0
0
1668
13
0
8
0
494
0
9
1899
220
21
0
0
0
639
0
0
2
0
0
2395
14
15
10
115
4
0
892
0
2
1
0
2
0
0
1
37
0
0
5
5
13
5
0
0
3
41
0
824
12
0
332
217
0
78
62
0
49
2
0
2
36
9
19
5
292
346
4
20
0
0
0
1
0
2
0
0
13
1458
0
0
0
86
0
35
4
306
0
5
0
0
1
0
801
1531
0
47674
0
163
218
0
12
0
1
3
2
16
5
0
0
5
1
141
0
0
2
13
0
0
11720
0
58
0
357
868
17
0
1
1098
4
3
152
0
5
0
78
0
0
0
1
0
407
0
0
0
3
248
1081
109
0
11
0
10
0
0
0
2
3
9
0
0
19
21
0
5
160
1
510
2
0
2
1
0
0
0
1
52
0
40
0
0
10460
137
16
0
0
0
13
0
0
0
17
170
166
0
27
0
0
0
0
0
0
0
11
4
2
0
0
21
15
97
0
1
112
370
0
2
1
1
7
2
0
0
1
49863
1
40
50
9
0
178
1
0
0
47
19
0
9
1
4
343
0
11
27
1
55
0
12
0
0
498
0
43
163
0
0
3
1
0
1
0
0
34
24
0
0
63
45
1
0
1
8
0
0
113
107
0
0
26
3
5
12
2435
4200
0
0
0
43321
0
3
212
5
0
19
36
0
9
0
4
1
0
107
0
0
28
90
3
0
0
4
15
21
0
0
0
2
0
0
9
0
292
0
0
1
0
1
1
1
0
0
11
0
2
0
1
1
98
150
1
3
2
4
4
0
0
1
2209
0
205
64
0
0
0
4
71
2764
3
5
0
3
33
0
0
0
0
1
185
3
131
0
1498
0
0
27
2
523
0
0
2759
0
1
0
63
0
2837
2
4
1
0
4
0
0
66
0
2
10
0
3
0
0
55
41
0
37
14
1
45
0
0
5
5
396
0
0
0
0
1
0
7
6
2
32
3
6
0
1
0
1
0
0
256
0
5
1
864
0
61
3280
0
359
0
16
0
0
0
299
1
0
34
85
0
216
1
0
0
1
0
0
6
0
0
20
5
147
0
682
0
0
8
0
26
5
0
56
0
61
0
59
0
20
0
12
0
0
0
0
0
4
0
0
2
7
6
614
111
6
0
381
0
1
0
0
1
1307
0
0
0
950
871
0
3
0
2
0
0
9
0
62
0
0
1
3
0
2
0
34
16
1
523
0
120
0
516
14
0
18
128
0
0
0
46
0
0
0
158
1
0
8534
13
4
12
29
0
0
0
4
0
864
1
0
0
3
0
25
0
180
23
0
0
1062
8
1
0
4
2
0
1
0
0
12
105
2
37
1
0
4
0
95
252
0
96
1
4217
0
3
8
1
55
0
0
0
94
35
14
0
0
0
417
0
262
0
212
1
40
4
0
0
1
0
0
0
1
0
3
6
0
1
0
0
0
25
0
6
0
9
0
33
2
2
0
2
3405
0
0
72
63
0
0
70
439
0
244
0
0
0
101
2236
4
0
0
260
18
20
2
1
138
25
64
5
47886
0
0
0
0
0
4
8
0
1
0
0
0
1
2
98
1958
8
0
5
106
0
147
25
0
43
4
8
10
0
0
0
0
2
0
0
2
138
4
46
0
0
185
759
0
4
30
3410
2
78
0
7
0
2
688
0
13
0
0
0
26
0
85
0
2
0
0
0
13
11
1962
0
2
5
10
0
0
5
0
1
872
6749
0
0
2
1
22
5
0
2
0
13
231
24
3
4
1
3
0
3
11
7
0
6
3
0
0
5176
1
0
41
2
3
0
0
24
1
12
20
1
0
1
0
2947
1752
1
0
4
0
0
0
1
0
19
28
0
0
0
0
0
0
0
100
0
17
24
5
21
3
221
0
113
19
2
4240
77
0
0
13
0
1
2282
0
9
24
9
1
52
1
4897
1
0
0
0
0
0
1
0
24
2200
12
1
0
6
0
5
8
2564
36
0
374
1
0
0
0
0
1
6
15
8
0
0
1
16
0
5
0
8
9264
14
0
9
129
1
1
8
464
0
120
7
0
0
1257
18
89
0
2
0
1
0
594
170
0
0
1
1753
0
27
492
4
0
4
0
76
1236
12
21
0
0
0
0
0
1
17
1
11
8
0
1
0
0
1
69
212
0
15
0
24
0
241
1
224
0
4
0
3
0
117
16
0
0
139
122
0
16
0
0
2
2952
3
0
1
1408
0
29
0
0
0
1
4
0
0
0
7
0
0
0
6142
1
8
0
67
0
0
2
34
4
1600
0
0
7
0
0
0
118
1
0
0
54
10
1071
9
0
1
408
0
0
15
1
0
1055
0
5
206
0
1
0
23
1
0
66
21
0
8
0
0
0
0
0
4
0
0
0
0
0
1
111
15
5
1
3
0
0
1
77
2
6
20
169
42
31
952
175
21
0
52
0
0
0
1
2
2
0
17
875
18
7
198
1617
0
1
1
0
370
63
0
20
0
127
0
0
0
0
5
52
0
0
56
0
74
0
2
3
1
0
1
0
3
0
0
37
2
0
0
4
128
0
0
0
649
389
6368
0
13
1
27
33
0
2
172
0
0
0
0
57
0
0
3677
26
9
49
698
23
0
236
0
5
42
0
0
2
1372
1
3
610
1
0
24
3
6
0
4
0
268
0
1
1
0
0
0
0
0
0
0
0
8
0
0
3
167
8
0
0
85
0
408
4
78
3
1168
0
36
21
0
0
0
0
1947
0
24
25
0
0
0
656
1
1
0
1
0
3
0
51
0
3
0
0
370
0
185
8
2
0
1
2
70
0
2011
0
0
0
0
1
0
0
30
41
0
1
0
0
0
0
84
0
34
324
41
0
964
0
0
3
0
0
1
387
109
0
6
5
72
1
6
0
0
0
0
0
1318
23
0
0
558
1
5
0
0
0
0
31
50
36
20
0
175
4
30
8
2
0
0
0
0
0
0
0
0
54
0
44
0
0
0
9
0
3
20
0
0
0
0
203
53
3
1
5049
85
38
0
4
4
0
1
0
0
6
0
1
3
0
0
1
0
30
0
147
0
10
4
5
383
38
2
0
1
3
1
0
8042
0
0
0
829
2
11
423
0
0
2
0
0
2
0
161
1
3
0
0
0
0
5
4
413
0
2
0
1
8
0
21
16714
29
0
35
760
0
0
0
0
0
0
0
13126
1134
0
0
3
2
0
0
1441
124
0
71
953
12
1
7
685
7
6
0
2
0
1817
27
2
0
256
1
0
0
0
1
0
2
0
448
0
0
3
220
0
0
91
0
22
1
27
14
31
0
1
8
1
1
0
2
10
0
0
0
1069
663
1
0
476
2417
0
0
1
1
0
526
1
4
1
247
0
250
5
321
1
28
0
17
108
280
13
1
2445
444
0
0
0
4
237
96
286
0
7
4
0
7
0
1
1
425
0
0
0
28
1
8
1
38
2
0
18
24
0
1
0
0
0
0
2779
0
1
81
32
3
0
2
65
185
0
4
0
0
0
3
0
0
657
0
4
1
1
0
98
0
23
125
3
204
0
61
0
15
0
0
3
0
0
4
0
0
0
834
0
0
0
18
6
0
0
2
71
21
0
1
0
609
0
0
809
0
1
6
4
1
5
0
13
2320
0
176
0
2
0
1307
0
348
154
1
0
182
0
3
10
1
2
6
0
0
1279
0
60
1130
1
0
1
0
47
1
0
0
0
1
184
0
1
2
1
5
0
6
52
123
5
44
1034
8
2021
14
80
1
1
716
581
0
0
2
4
6596
22
1
20925
3
0
3
1
5
0
656
39
2
2
1
3
0
15
206
6
1
0
6
16
1
0
1
10
0
0
24
0
0
0
0
1061
0
0
0
4
0
1
340
0
1
5988
317
29
81
0
0
0
0
9
21
47
0
0
27
0
0
0
0
0
0
0
2
871
5090
0
0
15
1
0
284
0
64
0
189
0
0
5
0
0
0
0
17
0
72
1
31
138
23
1
94
1
1
0
0
11
17
0
1
0
0
61
58
6
4
57
3
29
2
0
1892
0
4
2
87
1
0
0
1
21
0
57
0
15
7
0
0
384
2
1
0
1
139
0
23
275
315
0
7
0
1
0
8
158
0
2
4
0
17
27
0
0
0
0
1
0
0
0
0
162
0
0
1
14
0
0
679
0
0
1134
0
21
20
1081
12
7
0
2
0
0
8
0
0
209
45
23
0
0
104
34
12
15
0
1
1
1150
0
0
0
1
0
34
0
633
171
0
1477
0
0
13
22
0
0
230
1
154
1
11
16
0
15
0
0
2
4
7
0
0
2455
0
0
5
5244
27
5917
88
0
0
1
1
5
0
13
10
20
2
0
2893
8
5694
2
0
15
3
1
1
0
1
0
0
4
0
8
1
0
115
42
1
221
1
15
294
1
0
1
0
205
1
10
32
4
0
0
3
0
0
0
0
13
0
0
53
27
0
0
94
77
8
1
13
0
0
5
11
0
0
59
641
17
0
0
2
0
46255
1
0
0
0
0
1228
6
0
0
1
1
0
3383
50
0
1
0
33
4
7
1
0
0
137
0
0
1594
0
0
4505
0
342
1
0
2
0
0
0
0
65
77
0
0
9
0
601
7
0
4
0
25
21
0
7
0
8
0
329
0
533
0
9
17
50219
0
14
0
6
0
11
52
57
0
728
71
0
0
0
0
1
1
0
2693
1
37
0
0
0
3
13
0
0
525
70
8
1
5
495
67
0
0
1
0
0
0
0
0
0
0
64
32
1
1
40
8
1048
0
59
1
23
203
0
0
1
0
16
3
2
1
6
0
11
1
0
1
1
7
0
688
6
3
8
130
4
1
2
6
148
0
0
191
1
0
0
123
0
44
4
1
1
1
2
7
0
0
76
0
18
0
0
0
0
0
0
8
3
0
20
13
2
5
0
3
0
172
0
7
0
0
360
1322
50153
0
0
3
4
3
0
0
0
0
0
19
3
4
18
10
10
1
3906
5
66
0
6295
405
54
4
7
9
0
199
0
0
0
58
36
0
1
0
0
0
0
2
0
26955
1
4
6
0
0
0
11
0
3
0
0
0
0
1
1
3
0
0
0
45
0
1458
5
4601
20
1
10410
4
0
0
3
14
0
0
0
0
0
0
29
916
2
1
70
1575
0
5
2
3578
102
18
1
0
0
0
0
225
0
2
32
0
0
0
1
0
0
0
0
0
6263
17
0
0
0
4
0
0
1
3
32
0
0
0
57
14
0
5285
0
422
438
1
1
0
5
0
1
0
0
0
2
0
0
11
4
4
8
6744
0
1
11
49
153
1
0
3
149
0
42
6
2
0
0
0
0
93
3
0
32
0
0
0
0
8895
14
0
0
0
53
1
3
4
8
30
1
0
4
0
287
1
1066
5
1
29
0
19
19
4
0
0
0
1
0
0
0
21
0
2
5975
2
0
12
3616
0
0
0
4
4
154
0
1
152
0
49
0
0
0
0
0
1
0
0
0
2
0
0
0
0
435
99
4
163
0
0
256
21
0
2
33
0
0
0
1
0
288
2
0
0
1
165
370
0
0
1
17
0
0
95
0
1
12
1
227
1
15
0
7
0
16
13
232
0
579
0
0
0
1
0
1
0
374
156
0
0
211
0
892
114
0
81
124
450
0
0
8
0
7
0
7
34
0
1
1
14
0
67
0
0
1
2
0
1
0
346
0
11
0
0
0
4
677
2
0
0
1
23
1
4
57
0
9
315
0
0
77
1
1
3
91
0
0
612
1
1
44
0
1
0
12
0
0
302
0
0
0
5
430
135
0
0
0
3
26
14
0
0
0
0
0
0
6
0
0
1
2
6
42
1
2
129
0
0
23
0
0
15
6
0
0
15
0
13
41
0
2584
0
6
9
4
62
1021
0
0
0
0
0
0
0
0
2
0
0
0
0
330
10
85
2578
0
0
3528
27
1
0
0
1
1
16
3876
305
1
2
1
14
230
0
3
25
0
7
0
2
0
0
0
1
0
0
0
58
1
0
0
0
0
0
0
8591
1858
23
1
0
0
0
11
54
1335
0
0
0
0
117
0
0
0
0
1
13
1518
2
0
0
0
19
0
31
10
109
76
146
0
1
76
12
53
0
2
2
1
0
3170
17
145
0
2
1
0
1
0
0
7
123
0
0
1
4
0
12
136
1208
70
115
0
0
0
0
0
0
12
2
0
0
12
0
0
0
0
1
18
0
0
0
0
6
0
0
0
52
730
2
8
0
0
14
7
0
51
0
2
9
1
0
531
0
0
0
95
12
24
0
3
0
0
0
0
60
0
0
0
10
0
178
2
0
2
0
10
5
0
0
1
843
0
7
0
0
1
0
0
0
1121
1
0
9
0
0
1
0
1
0
0
0
33
1
1
0
1
707
0
0
1
0
0
0
1
1020
0
0
7
144
0
82
2
0
72
544
0
0
17
60
0
0
154
1
0
4
0
550
0
0
0
65
300
0
0
12
3
2
630
760
0
223
0
3405
7
0
14722
102
8
2
0
0
1
0
15
0
146
0
0
1
5
13
1
3
1
152
0
6
7
16
0
0
43827
7
0
3
0
0
2
0
0
0
14
31
0
52
1111
40
51
40
0
0
3
156
4
1
2
4
4
0
0
0
5
1
0
0
0
4535
23
2
0
0
6
1
0
0
1
2
36
70
0
0
0
0
0
0
2
5
390
0
18
21
0
528
41778
0
1
8
23
30
0
1864
1
347
1
0
6
1720
0
1
9
10
3
0
161
3
81
2
2
31
395
0
99
2
294
0
0
0
0
0
0
304
538
0
1017
0
2
0
0
0
0
0
102
15
2
68
45
0
1485
1
1
8
0
0
1
10
20
0
9
0
50050
10
71
21
40
3386
5
56
1
0
2
646
0
0
15
3398
2
0
0
2
0
0
0
1
0
0
45
74
4
11
0
42
0
0
0
48
2
0
3
0
0
0
0
0
0
0
0
156
7
76
37
0
0
1
3
8
129
1
1
0
500
1
4
27
0
2
0
1
0
0
0
22
0
25
7
111
0
0
2
0
1212
4
118
62
68
93
35
4
2
0
0
0
0
4
1
0
97
4
0
272
0
0
0
0
1
0
1
2
0
0
1
0
0
25
361
0
1
8
115
28
0
0
0
0
17
0
0
426
3085
0
0
1
0
0
3
0
4
0
0
446
0
401
1
3
1
0
137
41
196
74
5
24
4
0
0
0
191
0
27
0
2
8
0
1
147
0
0
0
0
0
0
3
0
97
4
0
57
1
0
0
82
0
0
205
0
0
0
0
0
1
698
1
5
3
3
22
0
1305
891
1
0
0
84
20
0
0
0
0
1
0
4
0
26
0
175
343
1
0
0
3
6
0
3
0
352
1
34
1
1
0
0
87
2
0
17
44
0
0
4
16
1
3
87
1
1
0
22
0
0
27
0
10
0
78
0
0
0
5
8
22
0
2795
0
3
0
0
0
105
0
0
961
48
42
34
0
0
1
0
106
392
63
144
4
149
1
1513
0
7
0
1
0
60
0
0
28
556
0
0
31
138
0
0
42
345
14
1
264
0
161
238
10
21
0
3
1
0
0
3
310
0
3575
116
25
2
0
3
2
219
3
0
18
1
0
0
33
0
1
2
4
3897
228
1
358
1062
90
1444
353
72
65
19
8
16
53
0
6
0
0
126
0
0
183
147
7
2
3
0
14
1
0
4
4
0
0
0
0
454
0
2701
7
1
1
97
0
0
2
8
18
0
2
58
0
235
1
0
0
0
0
295
1
29
41
8
1
0
0
0
4475
137
4
165
32
0
0
0
0
0
10
0
1
0
0
0
0
1
0
0
4
0
0
3
1
632
0
2
2614
0
18
34
216
2
87
1
150
0
0
146
0
3
16
0
69
1
7
5
13
11
0
0
1633
4
0
0
0
0
3
0
4
46
0
0
8
2
2
0
4
2
0
8
2
0
167
5
0
8
0
0
0
0
27
0
100
0
1
0
35
23
1
21
22
0
939
0
592
3
0
0
0
62
0
0
0
0
43568
0
0
0
0
0
0
0
0
0
104
113
0
2
79
127
0
90
0
261
147
3
2
157
1
13
0
3
175
126
1
405
589
0
0
0
5
0
0
0
0
0
667
0
0
0
1
2
43
5
1
0
37
2
0
2
1
0
0
0
0
0
0
0
1
0
1
19
0
0
1
1
1
0
0
238
0
0
1
0
0
9
6
1188
505
2
84
2
5010
11
268
3
0
1
0
305
0
0
0
0
0
1
0
0
0
0
8
1
0
1
0
0
5
0
2
0
46
5
1
4359
0
68
0
3764
1
0
0
0
49695
0
0
1
2
0
1
2
0
9
0
638
0
31
25
1
4
12
0
4
2
162
0
553
0
32
6
0
1
54
414
307
41
0
0
0
1226
25
0
2
0
0
7
0
0
2
483
0
1
53
0
0
68
5
0
52
7
1
0
0
2
0
1
0
0
0
3
0
6
820
51
8
0
0
0
0
0
0
0
0
47
35
2
1
0
0
12
4
0
2
78
102
162
1
0
8
336
0
0
3
3
0
0
25
0
0
0
37
1
0
1
28
91
186
3
0
36
648
0
2
2
29
0
0
2
0
29
0
165
34
31
0
0
1435
7
0
1
3
1
78
0
1
0
1
2
1
7
16
0
2
130
24
3
1
0
1
16
0
0
2
0
8991
0
0
1256
864
1
0
284
0
0
0
0
10
0
0
1
7
0
4
0
374
3
6
117
0
0
0
0
0
0
0
3
0
1
23
25
2
0
0
0
3
0
0
0
54
0
20
0
3
17
20
72
0
1
48
128
26
9
0
398
9376
28
167
13
1
0
0
1
6
0
45
11
740
70
2
766
0
0
0
17
0
0
12
0
0
0
1
0
396
28
0
19
0
35
0
0
3
10
0
19
15
0
64
0
0
2
0
0
48
4
0
3
0
1
2
1768
2
15
17
7
1
0
3
473
1
0
0
158
13
0
0
0
937
0
31
6
0
0
3
23
110
1
21
0
0
27
0
0
0
22
5
489
16
3
1
0
0
0
0
0
1
36
53
0
2
31
2
0
0
0
2
0
85
6
1
0
1
3
0
4
4507
15
269
180
138
11
1
15
0
16
0
0
1
0
0
0
0
0
0
2
0
45
0
0
63
0
10
0
0
2
22
2
0
2
0
0
135
724
0
89
0
0
0
0
41
825
0
0
10555
0
0
173
2
0
0
0
5
0
118
2
1
203
2
0
1
1
13
31
0
256
0
0
0
0
12
7
4
0
1
23
0
507
707
0
1
0
143
17
111
3702
64
0
0
50
7
4
0
41
0
0
1
0
1
4
0
0
0
0
1
28
2
4
0
25
0
0
0
48
0
0
0
7
0
0
64
0
1
117
196
0
23
0
2
0
0
608
1
0
0
1
0
0
0
46
0
0
2
0
0
0
588
0
30
0
1
16
577
12
74
4
2
0
0
22
1
0
0
30
0
1
0
20889
5
2
4
0
2
1
21
0
0
221
0
0
0
2
193
0
1333
56
2
0
5
613
0
13
0
0
28
51
0
5
0
0
43
0
0
0
10
0
3
3
11847
489
243
10
0
0
0
1
0
111
1
93
2375
328
8
143
4079
112
106
0
0
0
0
0
0
0
9691
15
1
4
5
13
1
0
0
0
0
0
0
56
172
47
1
1
1
0
176
0
8
0
35
5
0
97
94
14
0
1
0
0
0
0
2
0
9
48
0
1
0
0
0
0
90
1022
0
166
0
180
333
1
1
0
0
0
0
0
0
52
0
0
0
5
1
17
5
320
36
0
0
0
5
0
4
22
0
0
0
74
667
0
138
0
0
0
50
7
0
0
0
1
0
0
0
0
0
0
0
106
1
1
0
0
0
0
166
2
0
150
0
989
55
623
140
4
0
303
0
0
0
47
0
2
0
5
0
3
268
1
0
2
0
0
2
0
9
0
112
7
0
291
0
0
233
191
7
2
749
12
1
0
0
0
0
2
21
1
0
0
0
19
0
3
6
0
37
0
0
0
0
1
2
10
503
206
1
0
269
31
3
8
0
0
2
0
1
447
0
51
0
618
0
1
0
3
0
0
4
0
56
3
40
25
63
0
111
0
3
0
4
4
3
0
14
10
70
0
1
0
6
1
0
0
29
2
810
13
30
0
9795
0
0
57
12
1
4
0
3365
31
0
39
33
1122
3
1
4
0
234
96
1
788
1
46
0
160
0
1
0
0
115
1
502
0
0
7
2
1
5
67
4
11
0
50
59
14
125
65
0
71
3
10
0
0
6
0
97
0
0
11
230
0
1
0
57
27
0
11
0
0
0
3
19
0
10
2
0
0
460
9
0
0
1
1
1
484
8027
153
154
0
12
92
0
0
1320
0
3
0
0
8
0
31
0
29
6426
18
0
43
2
94
0
0
7
0
0
0
0
1
2
75
720
0
1815
0
4
0
0
2346
138
0
0
0
16
0
0
0
0
22
135
0
2
0
3
0
0
0
0
0
1
103
242
0
0
0
0
0
13
1
0
0
4
0
1
1
0
3
2
1
15
2
1
2361
458
0
173
0
0
8
0
0
134
0
1
0
0
1
14
0
0
0
1
2
0
0
1
8
0
0
0
0
0
1
2
116
11
2651
19
3
2
0
20
1
1
0
1
5
1
244
567
65
21
9
0
1
0
0
0
0
21
0
0
1
8
1
0
0
0
0
2
0
0
0
0
2
0
10
0
0
0
0
0
0
0
1
0
0
142
4
2
42
27
0
1607
0
2259
5
21
0
0
46
1
3198
3
0
0
0
0
11
4
2
13
0
0
5
0
0
0
111
0
0
158
1
1
6
1
0
883
532
45
0
2
0
0
0
0
8
1
35
4507
0
1
0
0
0
0
0
115
137
0
3
0
1
0
5
2990
1623
2
528
97
1
1
74
0
31
4
1
0
2
0
0
27
0
92
1
10
571
1
1
6
20
792
126
0
605
1
0
2348
0
0
2
270
7
41
3
0
0
0
0
222
86
87
46
156
184
0
0
35
0
0
0
0
0
1
0
3
0
44
0
0
472
0
0
89
0
7
2
141
630
0
2
10
0
0
235
1
1771
1095
0
0
0
665
107
3
28
5150
0
0
0
10
0
0
0
8
0
71
0
0
68
6
0
151
0
5
0
1003
2
7
523
0
0
0
0
5
0
2
2
0
0
541
0
0
3
0
2
959
0
0
10
0
3
1
1
72
653
0
0
0
0
5
0
838
22
0
18
1
39
1
13
4
29
0
415
0
9
0
0
0
46
1
0
0
1
0
1
6
2
98
0
4
0
488
0
0
0
118
16
0
0
0
2
0
0
60
0
0
1
706
5
0
0
909
1
0
167
21
313
7
1
607
0
0
34379
11
0
1093
291
17
0
1
8
181
0
1
0
0
638
10
0
1
1
0
238
99
0
0
0
16
0
1
0
23
0
26
0
183
1831
0
0
0
4
0
0
0
0
0
0
0
0
42
147
1
0
0
0
370
19
3
92
16
59
66
0
41
0
0
0
0
2
0
0
54
0
7
1
4
0
0
27
9522
291
3
27
3
9
66
1
0
0
20199
0
814
43
71
293
9
37
4
2690
1
0
314
0
34
0
0
0
32
1331
68
4766
0
0
0
3
2
0
0
0
188
10474
0
70
0
26
1
1892
326
0
0
57
0
39
0
0
3
1
1
507
707
0
6
0
27
0
1
9
396
0
0
5070
0
4
56
0
1
2354
0
0
2
60
0
9
9
0
0
0
0
0
0
0
18
3
0
0
25
0
7
158
3
142
14
0
0
30
3
1
0
12
1
1
0
1
0
2
0
904
0
0
7
4
0
162
1
11
1
0
0
0
0
6
1
22
2
43
437
12
0
0
1
273
10
0
0
0
0
6
186
4
0
0
0
0
0
0
1
0
0
179
1
2
0
0
0
0
3
0
3
3
0
0
0
9
0
0
0
0
0
0
0
1581
10
0
5
0
0
93
41
55
0
6
0
0
50
0
0
0
0
6
0
0
123
0
0
10
0
7
8
3
902
218
3
0
0
0
0
0
0
0
0
0
0
5980
143
31
12
0
10
1069
0
5973
2
0
0
1
133
4
0
6
0
0
0
0
1
0
2
7
0
37
0
32
41
0
0
9
0
0
50
0
1
0
743
42
0
9
620
36
0
566
1
4
1616
12
29
2
0
1
1473
0
2
105
219
450
1
0
0
0
2214
0
0
4
3
0
2
47
8
0
0
62
5
23
206
3
0
0
0
0
3
0
0
86
1
551
8
1177
0
3
0
6
0
0
10
0
708
2
450
301
1
2
0
13
2426
3
11
468
1
17
1
1
0
4751
0
0
1
0
346
0
0
1
0
3672
0
0
4
0
24
0
0
26
3
7
25
7
0
35
3
0
1
0
0
0
0
0
3
8
0
0
0
98
0
0
5
0
0
0
0
0
0
0
1
1
0
0
0
2
1
21
21
1
0
1
2
2
2
135
4
1
0
149
90
0
1
0
2
2356
3
0
0
0
0
0
0
0
20
0
0
26
8
11
0
0
0
0
0
2
0
0
0
3
0
17
4
79
1
5
3005
1
14
0
48
0
0
29
3807
0
220
4
0
25
2
3
0
489
1
1
84
0
0
255
0
0
0
6
0
0
0
3358
6
2
171
36
20
0
0
0
0
0
0
0
4
0
0
0
0
0
0
219
0
0
0
1395
0
38
0
209
0
1
0
0
2
0
14
0
1
0
6
2
5
3
0
0
9
0
0
1093
0
3
0
16
245
558
1
25
817
1
0
1579
1
0
619
7
0
210
11
0
0
0
0
1
6
0
1
2
0
2
1
0
6
0
1
0
0
44
0
1
7
0
13
1005
62
0
66
6
300
1
0
0
1
10
46
956
4
1
0
18
10
2
31
0
267
0
0
57
4
80
0
0
0
0
0
0
2
107
2
61
0
1
3
0
19
0
3746
0
13
2
479
52
599
0
7
7
0
107
2
40
4
0
0
100
19
0
0
0
8
1
0
0
1336
0
0
0
38
0
0
0
1095
48
4
17
1
133
2585
0
288
79
13
0
0
0
3
0
0
0
0
0
0
0
0
15473
0
2071
15
0
2
0
585
19
3
231
0
6
9
0
939
6
5389
71
0
0
2
1
0
37
2
6
0
6
103
7
0
0
0
15
1
0
2
0
0
161
6
0
0
0
0
0
204
4
4
10
0
40
0
0
35
0
1
13
0
0
1
2
4
2
0
279
0
1
0
404
0
0
32
9168
5
872
6
115
0
916
0
0
157
1
3109
1
0
4
35
0
0
15
9
0
0
0
0
2
50
0
1
41
6
0
3
0
320
1
23
0
0
1
1
9
3
10
0
0
0
0
0
0
0
2
0
1
0
3221
0
0
0
0
0
0
214
4
90
0
0
195
19
19
0
0
723
0
0
0
1
0
0
0
76
0
0
1
0
0
480
0
520
0
0
0
0
6
1
0
1
879
72
1834
2
21
0
31
1
253
0
1
0
5
2541
5
3
0
0
1
0
0
0
4
5
2
0
0
0
60
168
12
10
0
0
1
0
2
3
32
0
0
0
0
47242
0
0
1
4288
0
0
56
0
270
9
0
6
0
0
0
193
0
70
1
3
0
0
77
0
36
2103
2
1
0
97
0
1
2
0
0
9
0
2
0
0
1
0
924
3371
4394
431
0
0
0
144
0
2
0
0
33
54
0
124
0
0
9904
86
0
48504
0
0
24
14
7
29
0
12
2
99
0
4
0
0
0
0
3
0
0
8
1
0
0
780
21
18
0
335
10
0
8
48
3
0
269
3
0
0
0
0
0
0
1
2
0
265
6
0
1
0
50
8
0
723
132
564
32
3
225
0
1
0
0
0
2021
0
22
9
54
0
5
3
17
47
1
0
1
0
0
0
1
0
2
0
104
1108
5
20
31
167
17
79
15
0
0
0
4
0
0
0
0
17
0
0
0
1
0
1
2
0
0
0
0
0
2
50
70
20
0
160
0
5
4
0
748
4
0
0
5
0
288
1401
2
967
0
1
1
2
0
1
0
0
291
23
0
0
69
121
3527
7
47
1
6
0
254
8
0
759
2
2
0
0
0
0
0
0
0
6
0
30
1
0
2126
2
0
0
13
0
44
49
0
5
0
55
0
0
0
1446
8
0
76
407
0
0
1
358
15
333
7
0
0
3
0
115
0
6
0
26
1
0
29
0
0
0
124
0
0
0
0
0
0
101
1
0
0
0
0
0
0
36
0
312
0
0
0
0
0
0
6
0
0
11
0
0
58
24
96
4
0
6
0
0
0
1
0
0
0
0
0
726
1
0
17
5
1
0
0
0
0
0
0
139
120
12
3
299
51
12
0
1
17
0
1
20
12
0
0
31
5
50
2
1
0
0
0
1
0
111
0
0
123
0
0
0
1
731
23
10
0
35
0
56
0
101
0
47
0
0
54
0
3
0
21
0
17
23
4
26
0
0
0
0
37
0
0
2
268
0
0
9
2
6
1
0
0
20
7489
1
628
0
5
1
7
3180
8
18
0
2
1
0
5
2502
0
0
662
0
0
2
2
0
116
0
7
1
0
118
0
16
14
4
134
5
89
8
633
1
0
19
0
36
0
0
0
2
0
2
36
0
0
0
0
0
1
268
0
2454
3
12
4384
2
19
19
6
0
1
21
0
0
0
0
0
0
0
0
0
4
0
0
41
562
0
0
1
3
1
11
652
412
2
0
6
166
0
589
0
0
5
1775
3
12
0
57
2
8
0
5
0
1
0
0
238
0
8
5
3
1
43
40
188
742
102
1
0
55
2
4
0
3
1
0
0
0
1
2
0
1
0
36
0
9707
0
1
0
0
0
544
1
0
10
1
2
96
0
0
26
6
0
2
0
17
1857
751
5
1
0
90
1
200
482
8
0
3
238
2155
0
0
1
4
0
0
0
0
139
0
26
1337
570
1
47
9
1
1
2
0
9
0
1
22
0
1
0
0
0
3
47
12
0
0
9
1
30
4
185
1580
0
94
0
1
2
0
1
6
2
0
5
0
0
0
12
0
54
20
7
25
84
2
1
0
7
0
0
0
3
110
1
0
1336
1
1
36
0
10
30
13
0
323
54
0
0
0
147
0
0
0
0
46
0
98
0
2
14
16
0
0
4
0
1
1
1
989
0
5
131
0
97
0
0
46
127
72
0
0
2
2
1
3
3
0
46
0
0
0
20
269
0
5
0
0
6
4
9
4858
285
0
338
0
377
0
2
0
0
16
62
68
0
602
0
0
0
3
11
579
0
0
2
37
0
0
8
0
7
47
4
47
4
1
74
0
0
0
0
1
675
1
0
0
0
2
17
1
29
3
1
0
2
24
0
45
0
0
1
0
0
0
0
37
0
0
75
18
0
0
1432
0
0
116
4
1224
0
731
0
0
0
0
0
1
0
0
945
0
1
0
0
0
27
54
0
11299
1960
9
2
0
10
0
0
0
111
1
0
0
0
0
6147
0
29
46
0
0
0
12
0
275
340
3
8
0
4
178
0
3
0
65
0
62
0
4
18
4
17
0
0
1
0
4
0
0
339
0
0
638
0
0
0
0
0
9
0
1
0
4
81
3548
490
0
1
0
2
2
0
0
1313
21
0
1
67
1
0
0
0
0
168
92
10
0
5
38
3
0
0
0
1
4
5
0
12
5
0
0
0
0
0
2
2
0
0
0
7
0
0
0
7
36
0
1
0
0
95
374
0
0
811
0
1
0
0
21
0
1
103
106
0
1
0
0
2
0
0
132
261
232
134
8
0
0
0
5512
2
0
1
773
544
1121
1
0
46
0
1
0
0
1
1
1
288
92
30
9
2093
0
0
4
0
2
0
0
7
0
54
9
0
2
0
0
0
0
0
2
16
4233
0
0
2
1
32
10
2
4
91
0
5
11
0
0
35
0
764
185
0
14
47
0
19
0
0
3
8
75
12
73
8
0
0
6
0
0
2
0
0
0
713
710
277
141
3894
0
3
3
47
0
0
0
0
1
0
0
2958
0
0
0
15
0
303
297
5
21
293
0
6
179
1
1
3
0
3938
0
0
0
3
0
30
0
74
1
3
0
4
1
1
0
0
4
22
0
3
135
614
0
0
63
162
1
0
245
6
0
13
1
3
0
2
0
2
0
1
0
1
260
92
0
0
30
0
0
1689
23
0
4
5
145
13
8
105
1
0
0
0
1
2
1
0
0
0
0
208
0
3
8
0
3
0
0
0
66
0
34
5
590
0
154
14
333
0
3
19
774
0
4
0
27
0
0
2
6
0
124
14
0
0
0
5
4
0
0
0
0
0
1
2
4
2
13
0
4
4
909
56
26
7
0
53
0
156
5310
0
0
0
93
122
2
0
1
0
0
1
181
57
8
0
0
792
18
1
94
0
3
5
0
2
0
13
0
0
1
0
362
1
22
2
0
0
0
1
0
423
2
0
0
0
1122
0
1
1
0
5
16
0
1
10
0
0
0
0
12
4
0
0
0
0
0
6
0
2
9
2
0
16
0
0
0
0
1
0
0
419
454
0
0
7
0
1082
2
175
14
138
0
0
0
0
70
5
0
5
0
0
66
0
0
48
1
0
0
6
0
5
1
350
0
0
2
1
1
0
655
0
0
0
0
0
1
255
73
0
0
68
13
0
0
0
5
0
13
0
0
3
0
0
0
0
0
22
2
0
15
14
2
455
6
0
4
0
40
4
9
0
0
1
0
0
0
0
0
9
0
0
0
1
0
0
142
0
0
125
24
325
1570
104
9
5
7
0
99
0
2
0
0
0
0
16
0
21
19
1
2
0
0
38
0
0
0
0
2
0
46
0
0
0
2
0
132
0
3
34
0
1
1
0
0
21
0
377
0
0
4
0
0
0
0
0
86
0
203
0
0
87
2
0
9
0
11
0
0
7
0
417
0
2
0
196
12
0
0
0
0
1
0
143
0
83
0
0
82
0
1
0
7
4
2
16
0
73
0
637
1
857
0
1
2
0
13
21
3
57
2
46
70
0
0
0
0
0
18
0
0
0
0
0
236
5
3
1479
17
0
119
0
1
3
0
19
0
571
487
7
12
0
0
2
0
0
80
3
1
1
27
0
4215
2
49
0
104
0
0
0
566
0
70
0
0
3
1
7
0
0
77
22
125
0
0
290
0
0
0
0
28
0
137
0
0
0
0
0
0
1
368
1
7
1
1
12
0
1
0
36
0
26
1
803
0
0
0
2
0
3
59
13
1
0
95
7
161
333
0
0
1
16
1
4
22
2
2
0
0
0
164
0
0
712
3
1168
0
69
0
2
0
0
0
0
0
0
4
0
0
0
157
1
181
1
26
9
0
7
0
124
49
4
0
0
0
0
0
0
5
0
0
1
1
0
97
0
39
1
11
1
0
20
2
0
0
129
17
0
15
439
13
15
2575
0
0
6
0
0
17
4
4191
4
0
0
0
0
0
0
0
1
0
67
1
0
0
1
0
0
1
141
42
14
0
0
1403
1
0
358
0
3790
0
0
0
0
1
2
8
1
0
10
0
1
1
166
1
0
15
0
31
509
0
7
1
9
0
1
0
1
27
2
284
1655
11
7
0
5
0
0
1
0
0
0
0
0
0
0
0
9
240
0
86
0
0
0
1
1
2
0
0
0
0
383
785
0
0
0
0
0
867
0
115
14
3
2
3
0
0
0
1823
1286
0
0
11
79
0
16
0
285
0
0
0
0
171
1
81
0
0
0
0
0
129
1
0
0
0
0
0
0
2
0
0
0
1
4
0
5
1
5
1168
14
1
4
1991
2
0
0
6
0
6
0
4
0
450
9
1
202
49
0
0
2
2
5
0
0
0
0
0
66
0
0
0
0
10
0
1
0
0
0
1
0
2
0
1
0
0
0
0
0
0
0
0
0
0
0
0
0
2
11
1
0
635
1
15
0
4
1
0
0
0
39
107
0
0
0
0
75
8
2
0
4
5
317
484
3
2
0
70
0
0
0
0
12
0
3
2
0
1
114
35
59
0
5480
0
0
3
0
1
2
636
0
1
0
0
0
7
0
205
0
0
153
0
7
0
66
0
121
0
0
0
2
0
818
0
29
0
0
0
0
23
1
480
1
27
0
6
4
0
0
2
0
0
295
0
0
0
0
0
9
23
0
0
27
1
93
0
0
13
1
0
61
0
82
36
30
0
0
0
7
49
0
225
0
0
301
0
4
0
0
2
5
47
4
0
9
0
0
0
0
11
1
0
0
0
0
20
1
25
13951
17
643
0
0
2
0
0
7
54
0
43
0
0
8
3
0
0
29
0
9
0
0
0
0
0
283
0
0
0
3
1987
0
0
0
13
16
1
0
0
0
107
8
0
9
0
101
113
1
1
1
7750
0
0
2
8
0
1
2
0
33871
0
0
0
88
0
0
61
0
1125
0
8
2
0
0
268
0
0
16
1179
4
745
2
6
0
0
20
0
10
5
0
17
937
0
0
0
0
0
2
199
24
11
0
0
10
0
1
0
0
1
144
0
136
20
2
5
2
0
9
1
0
2
457
3131
0
6
2
1
0
0
5
6
0
2
0
0
975
2
0
0
1
0
61
128
33
1
1
0
0
155
279
592
0
53
1
2
1
0
0
4
1
0
0
0
56
0
0
0
4
0
4
1
0
1
12
420
16
0
1
7
0
856
0
0
1
1
11
0
2
235
0
217
70
2
2013
1
11
2040
0
0
15
5
0
4
0
1
0
0
0
0
562
0
16
14
1
1
4
8
195
0
22
0
3
0
0
0
1
145
5
1299
141
157
1812
578
0
0
0
1
62
5
5
8
57
0
0
0
3
0
0
0
34
32
0
0
9
1
583
0
4853
1219
0
56
0
6
223
2
0
19
0
2
1
3
0
66
0
2
192
0
177
1
2699
1
46
3
12
17
0
0
240
5
0
2
0
0
0
1
26
6
0
0
0
0
96
3
1
4
15
3
0
2
1
223
0
12
182
0
419
0
0
0
16
0
0
3
0
0
0
18
0
0
0
0
25
17
4
2414
1054
0
0
64
72
1
0
0
0
4
0
286
0
1
543
559
0
0
0
54
173
0
0
0
106
0
0
0
0
17
19
0
0
1002
3
0
194
302
2
0
0
0
82
2
0
10
0
22
74
0
7
22
14
83
0
18
1
0
0
1
9
5
0
0
0
3220
1
187
6
0
20
1
639
0
7
0
0
3
13
858
0
0
0
7
11
2
19
0
2
52
0
0
0
2
22
3
3
28
459
153
1
2
0
0
0
3006
9
311
3
76
0
0
10
9
18
0
1
0
0
8
18
0
0
1
24
81
0
0
0
0
6
1
1
0
452
0
3
378
18
123
0
4085
0
0
0
224
0
86
0
33
551
0
3
0
0
2
2
557
245
2
1
565
7332
7
0
5
0
0
0
0
223
1
36
39
15
0
1
0
3
1
13
1
1
1
0
0
0
28
4
0
0
6
419
0
0
38
1
0
1
1367
0
5
117
13
40
0
0
2983
0
1
0
2
0
23
17
0
1
0
8
0
0
0
32
1
5
0
2
21
0
0
0
0
9
91
2
9
0
3
0
0
0
0
37
1
1
1
0
0
0
0
0
0
1
2
0
8
1
0
0
1
0
0
0
1
95
10
284
0
0
0
1
42
0
0
0
0
0
20
3
0
96
45
0
0
0
2
2
0
219
4
0
494
0
29
0
11
103
0
0
0
0
2
0
1
2
0
0
7
5
0
0
1
1
1
0
0
43
82
3
0
0
2
1
5
0
0
403
3
0
1
0
0
0
0
130
1
0
0
0
0
0
211
0
0
0
1
0
0
0
0
217
3
9
1
1
68
0
7
11
428
0
0
0
49509
0
2
2
0
16
0
3
1
16
1
0
114
2
0
0
1
19
7
5
7
34
5
4
37
179
0
19
2
1
0
0
0
0
13
3
0
0
0
0
0
18
355
0
0
10
51
1
0
0
2
0
1
3
100
827
3
30
12
4
177
72
0
0
49836
0
0
10
3
0
157
634
0
1
12
0
395
4
0
184
1
0
0
1
61
6
1
4
28
0
8
3
6
0
0
0
2
829
0
0
0
0
0
0
1
0
0
4
0
3
0
1222
0
5
23
0
8
17
30
2
53
0
0
154
6
46
1
1
0
0
0
41
0
523
52
0
0
101
1
0
0
1
0
27
17
29
10
51
0
0
1
23
0
0
0
1
153
15
0
7
0
13
0
15
0
0
0
0
0
3
0
2
0
56
0
4
0
2
54
56
0
0
1
6
44
11
91
0
5
1
0
0
68
0
5
0
0
5
0
498
5
381
5
0
1
0
0
1004
0
0
0
71
334
36
125
1
0
0
4
1
4
7
764
0
0
0
0
0
0
0
0
0
0
0
1
1
0
0
67
4
0
0
3
0
0
0
10
0
0
3
0
11
1084
650
0
0
0
0
2
0
1
7
0
25
0
0
568
20
0
2
0
0
57
0
0
0
0
83
0
3
1454
0
971
3
0
542
937
14
6
1
0
0
1
0
0
0
0
0
0
0
0
0
0
0
0
0
0
0
1
0
0
25
2417
176
9
10
489
7
0
0
13
0
0
0
5
32
0
93
1
0
0
8
3
49
56
0
0
0
7
0
5
0
0
4
1
0
238
0
11
69
537
0
0
2
0
10
14
0
0
0
16
73
241
61
11
1
0
0
0
1895
5
2
0
187
0
3
8
2
2
0
705
0
1
1
511
9
318
1
40
0
1
2
1
44
2
0
13
428
419
0
71
0
0
14
602
0
0
9
2
199
99
31
44
5
85
0
1
4
0
0
17
0
0
0
8
0
410
0
0
5
690
0
0
458
28
23
25
0
57
0
2
8
0
432
0
0
1
0
1
0
8
4
597
1
6
0
1
0
0
0
270
4
81
0
1
8
57
0
4
0
2
0
5
11
784
0
0
0
0
4
100
1
0
83
0
0
0
0
0
1
105
0
0
126
2
7
0
0
0
2
1
0
565
56
351
25
0
48
4299
1
2
2
7
3
1
0
0
13
0
2
929
2
0
0
0
1
8077
0
0
0
523
1
0
4
0
4
2647
6
0
10
0
5
0
1
21
0
0
1
4
0
0
1
0
165
0
0
0
0
187
0
85
0
0
0
2
0
5
0
0
2
0
7
0
0
0
15
0
786
0
0
1
20
36
6
1
0
4
0
4
7
0
0
0
0
2
3
56
0
1523
0
0
0
0
0
14
1
9
0
37
13
3
3
128
4
0
0
0
1
0
0
0
56
6
0
0
131
215
2
24
0
14
0
1
61
28
16
361
0
15
1
48327
1
33
0
8
5
85
0
1
7
18
365
1
416
287
0
207
383
8
20
0
0
1
0
1
0
3
0
0
138
0
12
6
0
1
3
0
0
1
9
0
93
16
0
0
0
0
2
786
41
0
2
0
4
0
1
190
0
6
416
3
0
0
259
31
0
12
0
0
0
2
0
3
218
11
0
0
9
35
0
1
484
0
0
5503
21
1
6
1
11
3
2161
142
199
333
3
0
17
0
10
0
784
0
1
0
0
0
0
1
0
0
0
1406
10
0
375
198
14
1
3
22
2
2
0
12
0
296
0
0
86
0
0
0
0
0
0
3
3
5
0
0
0
319
0
0
1
0
427
2
2046
5
0
0
1499
0
214
46
3
27
0
0
2
0
1
96
0
2
10
42
2
32
0
2
0
0
9
1
0
0
0
72
0
1431
3
7
9
70
0
103
0
75
702
42
0
2
1
2
0
4
0
0
9
48
0
3
0
0
0
0
0
2
0
29
7
10
0
0
0
14
3
246
7726
0
0
0
0
0
13
0
12
0
5
605
0
0
0
0
0
7
0
0
0
461
21
0
0
0
64
0
0
5
1
0
245
0
0
2
0
0
0
0
1
2
1
1
0
178
18
1
2
8
0
0
31
0
4
0
1
4
5
0
4403
86
22
8
0
0
1
0
0
2457
0
0
0
22
584
12
101
2
0
0
0
144
0
1
0
0
0
5
0
8
26
231
0
0
43
0
908
0
1
0
30765
12
0
4
13
0
0
3
0
0
3
0
0
0
0
1183
5
0
1
1
0
4
15
23
142
2
2
4283
0
403
0
27
0
26
0
0
0
0
1
14
2
0
11
0
0
11903
0
0
0
0
58
5
10
3
1
0
12
1
1
10
318
0
7
0
36075
0
13
0
10
70
47
0
8
0
36
0
0
0
0
0
1
1
0
0
0
2
0
0
14
417
2521
1
479
1
0
0
0
0
0
0
0
0
0
3
2
6
0
0
197
44
5
0
1
2
10
11
53
72
3
11
18
23
0
37
0
0
2685
961
0
1398
0
0
1
12
0
1
6
0
0
0
10
0
0
0
0
0
3
4
2
482
0
0
1
0
1
5
0
0
49
85
0
0
0
0
1
0
0
3
0
0
0
0
0
2436
0
0
119
235
868
0
18
0
1
1
3
3
0
2
50
1
0
0
46
244
0
1
1337
3
5
1
503
0
0
0
1
0
0
1
1
6
0
0
0
145
159
13
1
0
0
91
0
0
2
12
0
0
2
294
1
0
0
0
0
25
0
6
0
183
0
0
0
0
1
0
0
0
28
0
2
2
0
1
0
0
0
37
338
1
0
1
0
0
2
31
2
0
0
2
0
0
0
1
354
198
0
2
0
234
0
22
0
13
0
77
0
4
3
350
43
0
0
1737
0
0
0
2
0
3
0
9
0
0
0
0
0
0
2
0
0
2
0
0
0
328
214
118
9
0
7
0
6
2
0
1
4
0
0
0
62
0
0
297
1
0
412
944
0
42
47
93
2
0
1
28
0
44
70
20
5
21
74
1
0
0
8
22
2
0
0
3
0
0
0
2
12
28
37
0
5
0
2
0
5189
0
58
2
2
11
573
30
0
0
901
0
0
22
1
1
3
6
6
2
1
0
0
11
4
0
0
1
310
2
0
0
3
0
1
0
15
115
541
0
1149
0
0
0
0
485
14
8530
0
0
0
2
31
0
0
0
0
0
3
0
0
13
0
30
29
0
0
1
55
1
1
2
3
0
7
47474
1
0
0
8
0
10
0
1
0
4
0
1
1
0
0
1
1
1
1
5
0
35
4
1041
5
2
0
1
3
2
0
483
0
2
0
179
18
0
0
0
0
1
0
0
0
0
0
2
0
7291
68
1
1236
129
0
34
2
3
3
0
0
2
144
50044
0
41515
46
136
3
0
4
2
1074
509
0
0
462
0
1
0
0
8
139
0
0
167
32
0
8
0
0
0
0
0
0
0
0
1
2
31
0
0
0
0
0
0
0
0
0
0
0
0
0
3
0
95
3
1
0
4
0
2
40
149
1
0
3183
0
0
0
0
0
2
11
0
0
0
1
0
51
0
0
0
174
1
0
8
0
67
24
5
1
1
1
0
0
1
11
0
2
0
107
43
255
11
0
0
1
0
0
0
0
1291
960
1
0
0
0
0
0
0
1
0
4
0
21
0
334
0
0
1
0
0
131
0
0
94
6
3
55
0
106
0
1276
0
0
1
1
16
3
4
0
0
1
5
14
44
6
3
0
1227
0
11
0
176
0
0
108
4
0
0
1
1
23
1012
0
4
0
0
17
0
0
6
0
3
0
1682
9
0
12
0
0
0
0
1
11
0
1822
0
2
100
0
21
1
9
208
0
0
29
0
30
4
25
1
25
3
37
0
0
2
0
0
1
0
1
62
1
2
0
0
0
38
0
0
0
0
0
43
0
0
13446
0
0
1
1
2061
108
37
8
0
3599
2
0
0
0
11
1
0
121
6
1
2
1
0
0
6
0
1
0
0
1
14
55
2
0
113
0
3
3
12
507
0
0
95
30
1230
12
87
330
4
8
253
12
529
1
1
4
0
0
0
0
128
0
0
12
0
0
361
15
0
6
0
0
0
26
0
0
0
0
0
0
0
50177
3
1
1
0
194
32
1
2
0
30
0
0
2
2715
234
0
1
1
49
1
0
1
4
0
1
7
7
61
0
278
6
0
1
530
2698
0
0
0
1
0
0
318
8
0
0
1954
1
2
0
23
1104
0
31
1
103
19
0
30
1029
0
8
0
1
50225
0
0
0
1
10
2
2
124
112
1
236
0
0
0
4
0
0
0
0
0
97
0
7
16
1508
78
12
8
17
1
58
3
1667
4
6
0
0
35
0
0
0
10
0
0
1
0
4075
3
857
0
0
0
6
0
14
3
2728
39
0
0
0
0
0
48
3
5
0
0
0
15
0
0
0
3
20
0
0
0
1106
0
6
0
1
0
8
2
3
0
0
11
38
0
1
0
0
1860
19
0
13112
0
8
1
131
0
0
55
8
0
0
272
21
0
0
9
1
5
62
13
0
2
342
0
8
0
0
0
0
82
1
0
3362
0
0
28
27
154
0
652
6
0
2
52
14
0
4
98
0
1
13
0
281
6
0
20
1
34
129
1
159
4861
10058
0
101
612
115
0
1
0
0
74
0
0
0
0
10
0
1
1
11
5
0
1
2
0
0
19
2
0
430
0
0
3
1
2
0
1
2
1
0
0
0
4
0
0
246
1374
16
0
0
0
1
7
1
18
52
0
0
0
396
0
4
3381
12
0
0
0
12
0
439
0
13
6
0
0
4
0
215
0
2
0
169
330
537
0
1
5
0
128
32
1
77
0
3657
1021
0
0
2
0
824
0
0
209
1
10
13
3
1
0
1
0
53
0
7
5
0
0
4
3
0
0
120
6
0
153
23
0
0
33
1
0
1708
0
0
11
0
0
0
274
0
0
0
0
15
26
7
49
0
3051
7
0
0
2
2
0
1
10
1152
68
0
1550
0
0
1
1
0
0
30
3
0
0
596
132
0
3
0
0
0
0
26
0
42
5
0
0
0
25
58
0
13
356
1
2
2336
38
9
0
0
166
0
0
0
3
30
60
610
0
1
0
208
14
1
0
27
0
0
0
3
577
7
51
0
0
22
0
0
0
37355
0
45
1
68
29
0
3
1
0
0
0
562
0
0
0
1
0
1
1
1
0
9
1
0
1
32
3
2
1
0
0
11
0
6
0
0
0
24
1
5
0
0
15
0
311
0
0
4
1
0
0
10
9
13
0
30
1
2
32
14
0
0
0
0
49
42
1
0
5
0
294
24
0
1
1
1
0
13
0
120
297
0
0
806
0
204
1
300
0
0
0
0
2
17
4
2
0
0
0
0
0
13
0
0
0
1
391
128
4
0
0
492
80
7
0
3
0
38
0
0
6
1855
0
1
0
0
0
1285
0
0
10
10
4
1
0
0
1
3
0
0
0
0
0
0
1
0
1
0
0
0
397
0
2
0
4
20
7
70
2
0
2
2118
0
0
0
4
0
0
1
0
0
40
0
0
7
0
151
49
30
0
59
1
0
1
6
0
12
230
48419
0
1
3
0
100
25
0
207
0
0
0
0
57
2
21
0
23
179
2
2
196
34
9
0
1
60
0
484
0
6
18
93
7
537
32
1
58
38
0
0
3
0
274
1
0
2
0
0
0
0
103
0
1
1
0
0
314
0
623
0
13
692
0
49956
0
0
804
0
5
4
0
4
0
0
0
0
0
0
166
0
7
0
10
0
1
1
0
0
1
2
25
0
50
135
12
3
225
1540
2177
0
3200
1
0
0
151
0
1
0
0
897
627
0
0
0
0
6
0
1
0
1
19
678
0
4
18
0
1050
0
0
83
0
0
0
1
0
3
0
0
0
0
0
0
3
0
27
0
1
11
9
37
2
0
0
28
2635
2
0
0
5
0
0
0
61
133
5
0
0
0
344
0
0
48
0
2
5
1
0
0
2
0
0
0
0
11
8
34
0
0
9
192
0
606
89
0
8
0
0
68
0
6
0
4679
156
0
2509
13
1232
0
4
7
0
959
0
65
9
0
0
1
55
6
4
2
258
0
0
0
4
2
1
78
0
0
33
0
1
16
0
20
4
1
0
1660
0
1
0
0
75
0
10
0
0
0
5
1
1
1
0
0
0
0
0
0
2
0
0
2423
1
0
666
5
10
0
1
201
1
0
0
0
58
1
117
2
41
8
1
8
1
0
1
0
0
3
119
249
0
0
0
0
0
1
0
1008
6
2
2
3
7
0
0
0
0
0
9
0
0
0
0
79
51
0
0
0
0
1
0
3
0
0
17
0
2589
0
2
0
0
0
0
0
205
74
114
0
0
0
45
0
10
0
3
0
0
38
0
0
424
0
74
0
0
0
0
0
0
0
967
0
7
0
1
0
16
2
0
0
0
20
0
22
0
94
0
364
4750
149
0
1
0
0
0
580
0
0
0
232
179
0
2
0
3
0
3
3
49
0
12859
9443
14089
41567
35264
185
14
797
29864
5057
48
35060
55
3566
3566
5549
1612
69
69
5659
48
5104
5532
466
11658
6
334
19308
15
320
994
9163
11
320
163
32687
6057
320
4238
1060
42733
42044
32711
5104
5532
44255
87
29913
320
1780
38
261
320
20713
163
87
38
5468
48
68
357
440
1294
15839
5737
46450
140
8
6
2233
877
0
1
1
28
3
489
8204
3695
68
11
557
13989
53
590
103
20
46921
10
11165
59
110
3708
1314
52
5583
2850
4880
18140
6
788
1811
59
51
5
19
2
103
6
1
20
5
3
38
4
25327
7884
6
1305
21768
73
5
3409
423
462
784
0
177
1
2547
180
43
505
287
207
1346
0
360
43
64
10
0
5
15906
0
2
8250
120
1635
9
888
9
18865
237
4187
0
23628
1027
1302
1
144
4941
277
1
134
8
23
24439
227
51
441
9
6
0
1069
0
45
4
351
2
4235
11
1928
9
0
10
0
1082
124
4
0
35
403
240
3716
0
2
14
0
0
9622
19307
5
0
1413
15502
5505
1
0
1218
4846
126
35
30
23
8
0
36
0
6
19583
929
2653
0
15621
4118
1369
5850
439
124
0
2135
14079
266
1
2425
8
2
8
0
11884
1
53
1
0
5129
26
1
2
1
0
108
609
0
3
19
8
0
0
1
2822
0
1513
1128
27
0
18488
186
5
542
16339
52
0
5351
1
59
8
203
0
359
0
419
7833
13
2123
289
22
25
4773
405
54
388
259
41
3152
3
0
1936
109
28
0
0
0
0
3803
19343
307
415
13319
50
709
23252
86
0
0
24
1
0
458
1
3
9
15
6032
403
106
1
0
490
125
17
111
17610
272
150
0
38
15
25
0
4243
2
0
23
215
448
15
17
16743
3470
1
2816
0
0
0
0
1
11812
0
30
2094
0
0
0
0
0
1275
1162
0
777
18
0
918
267
18
15
2
258
5824
1
57
347
0
0
0
172
17
0
1
8
330
14387
43
23
1
65
0
5
0
0
561
576
0
0
0
0
83
2
7
0
0
55
1
11612
56
237
2028
0
138
1
1
528
288
4
17
0
15516
182
15
7
10
0
49
26
0
0
3
0
82
130
1
0
7
1153
606
3078
1
0
6
0
68
182
15
35
214
1
1
2269
185
0
209
0
0
26
0
2
9
196
4
0
16
109
0
4569
31
0
3803
18
0
38
983
4
587
0
383
1
0
11
0
61
415
0
4496
0
5
6
3
3
0
0
1756
6
1
0
4122
8
2591
2908
622
45
2
0
27
527
1
3
12
2
792
5
0
3
348
0
8106
0
58
0
7123
0
45
21
19
0
0
7
0
0
20
1235
11
1
146
1
0
1
513
1
3
0
62
6
190
11241
7
5646
0
66
0
0
2
0
6
214
2
931
0
1
6
646
284
36
0
3
1
1
156
7
122
0
470
301
4
0
1
10
4
0
46
30
22
1
188
134
655
0
24
18
0
4
4
20
0
0
0
0
0
27
1
0
0
0
132
3
2
5
35
1027
35
2
177
1
0
1243
11
12
2
6
11
5
15
5
0
42
2
6793
8
0
0
0
0
180
43
40
10
1
1
0
1
2
1201
60
3197
65
0
0
432
0
392
0
10
1
7785
2
9
1
1
155
119
734
0
0
12
14
58
7
1
0
2114
83
33
1
616
0
1
1
0
21
0
0
0
20
53
4
0
0
1
2
24
48
1178
1346
3169
0
1
0
0
4
0
695
91
4
4069
0
3
3
3
0
4219
0
0
0
20
35
12
4
21
0
2311
6166
74
1
1
96
0
119
4
0
14
0
14
0
8
0
0
0
0
10
1
0
4393
36
124
0
1
83
14
3
596
0
0
0
0
2901
1233
1309
12
1
12
388
60
7
0
0
2
0
9
0
110
0
18
996
0
0
0
1
14430
3
48
2
0
12473
0
2
22
3
1
0
0
0
0
0
277
0
14
3
1
0
475
11
18
21
863
17849
946
5
0
1138
174
508
0
97
0
25
6
6
39
59
28
4
0
0
6
9
7
48
0
1047
0
2
123
2
0
1
2
117
0
4
1
1
681
4622
831
2
0
105
1106
3
1
12
17
1
1
36
0
0
1060
5
0
12
0
0
0
418
0
0
2
412
0
311
0
2
9
0
1
1
95
80
3
0
6
353
1110
2
0
10
1
3
148
0
9
47
0
12
2
0
5
13
7
0
0
0
31
11662
0
3
5
4
2
0
729
121
22
49
0
2
4046
1
1
0
0
5
0
0
1
2
0
1
0
101
344
2
0
0
0
10
0
0
7
0
2
44
0
46
1
0
10767
0
1741
1
1
13
6
7
7
1
0
2
0
3923
0
0
0
0
1
1
0
1
21
6
0
862
0
2
392
0
0
0
53
1
0
48
46
12
10
0
4039
0
4
12
447
68
1
866
0
41
0
0
26
225
0
17
12
212
8816
0
0
184
3
44
0
1092
0
1
13
0
4
0
1
2052
1
3
0
0
7
101
0
0
197
1
0
21
123
4
1
0
1
923
0
0
13
2
1
18
0
4
226
17
23
0
118
0
0
0
4
18
0
469
0
1
1715
0
244
7
19
0
377
160
157
52
0
8
0
990
0
3382
28
0
0
0
19
14
0
46
41
0
14
1
0
0
1
170
0
0
0
0
107
3
18
0
2
57
1
8
0
0
77
4
28
0
70
358
0
1
7
0
0
1
4
0
48
13
11483
5
29
1
33
43
1
0
19
31
27
342
0
7
0
528
1650
38
141
2
2
48
2000
1
0
0
2960
68
0
0
0
76
113
0
0
0
0
5
1
2005
1491
1
0
2
2
3466
0
0
12
21
1
26
215
0
0
0
7
6
0
0
0
1
4
0
22
438
5
0
0
1
1
0
409
2
0
0
3
6
858
6
1550
6135
3
1
0
1
526
0
7
7
0
0
0
0
0
0
0
13
0
1
1
131
0
3
6232
0
1
1
471
154
0
52
0
0
150
2
100
0
1
0
0
27
0
0
167
5
200
1
12
0
4
38
1
1
71
23
0
0
2
3
167
107
226
3538
0
29
0
4
1
27
12
0
33
7
0
0
29
0
1
1
31
4401
0
0
1
1443
0
1
4
1
0
115
4
0
0
4391
3
0
3
1
37
143
117
74
59
3
57
0
0
132
18
3
1
0
0
445
45
61
0
0
18
1
0
82
2514
14912
0
59
28
188
0
1
0
8915
58
0
0
164
0
1
20
0
2
0
15
262
0
0
0
0
8846
72
128
129
0
0
1
0
40
44
1
7
1184
1
8
8
1
10
7
41
0
0
1
16
1
27
1
1
39
0
7
113
8
14
1
2
0
0
269
252
3
1
416
6
0
1
2668
396
36356
2
0
1
0
1
0
0
3
20
185
0
0
0
12
62
0
23
3
0
6
5
0
2
1433
0
0
110
1
40436
3
17
29
18
19
2
18
19
5
9
0
0
0
1
18
0
0
615
0
0
1
59
127
4
11
18
0
1938
1424
1925
12
4812
8974
2
1582
10371
20
0
0
1
2
20
98
0
4
0
87
0
0
11
0
810
9
0
0
0
24
22
3
1
0
0
0
6
0
0
2
0
5
3
30
1
0
37
1
234
1
1832
0
1
24
0
0
7
1060
15
6
19
8
0
61
0
4
2
0
0
694
1
85
989
114
66
0
1
0
1
0
1
60
0
0
0
2
0
0
5
2
2
0
45
310
1
0
7
3117
1
0
30
15
0
1
0
2
5
0
85
354
0
15
0
0
75
0
0
24
24
294
0
122
55
4
0
5233
313
34
2
3047
1
0
1194
77
110
0
0
1
76
0
0
0
0
0
0
109
167
48
4
57
1934
1003
10
56
0
0
10
0
9
83
0
52
1
0
13
0
0
22
1
4
31
1
3
1132
21
1
0
51
36
1125
4
2
4
0
0
1
0
15
4
3476
101
0
0
21
0
0
353
2
0
0
9
0
125
0
366
89
0
1
181
1
0
90
0
524
84
0
12
2
1
0
17
10
28
0
9
45
0
18403
94
0
11
3
151
4
27
1
396
186
5664
5
1
0
212
226
5593
598
94
40
202
1
2093
0
1
0
0
2
1
4418
21
0
11
11
18381
0
0
0
31
0
0
0
0
4439
3
0
7
0
0
0
92
1653
0
0
0
0
12
0
9
1
0
4113
52
80
5
0
206
0
3
24
170
0
0
4
5
2
19
59
172
0
0
36
0
0
0
0
2
1
0
46
96
6
0
0
0
4
13500
850
0
9
0
0
0
0
12972
0
0
17
1
0
0
749
8
0
0
74
65
206
297
31
1754
0
21
39
3
5999
4
313
29
5
11
0
0
0
2
0
12
5
0
170
0
228
2309
955
140
1785
0
27
0
3
0
0
49
0
6
0
1
4981
535
1
11
0
1973
146
1
0
0
1167
540
188
0
198
2130
5
0
0
1661
0
21
0
34
52
17
0
421
877
0
14
3
0
11
81
0
0
264
0
0
22
798
2
0
363
29
26
0
1
0
1
11
4
1
0
3083
51
4
0
19
1
1
0
203
0
3719
2562
385
26
7
0
0
16
22
201
89
1
41
0
0
0
0
1
0
0
0
3
57
1
5
22
71
0
324
3
16
76
0
3839
1
0
0
14
4
0
220
1
1
4
210
0
35
2
269
0
4
215
121
7366
18
14
3
58
0
14
4
0
2
5
4
7
256
2
0
11
374
11
16
13
5
10
15
0
1
5215
0
0
465
1
0
275
1
12
0
4
45
0
18
0
0
0
50
71
1
0
0
0
2
0
2
0
0
10383
26
0
1
0
20
16
0
2
0
2032
1
3
0
0
0
0
0
2927
56
0
2
769
0
0
160
0
1
0
0
0
1
0
1
0
1
61
0
0
179
0
1
621
10058
209
3900
0
113
199
4
46
5
0
2
0
138
20
100
43
1
0
0
0
37
60
0
5
0
7
18
3234
7
0
8
5
0
0
12
0
7
0
74
441
416
2
139
4
0
2229
1
0
21
14
3
0
2
1
0
0
305
8
4
0
8
0
28
1
96
0
1
11
0
0
17
0
0
157
0
1
10
1
0
0
1
77
1
0
333
286
46
1740
2
0
0
0
4
876
37
135
0
0
4
0
16
3
4297
464
1
62
1
0
2
0
0
0
3
1
0
0
1
0
0
0
17
7
0
14
116
0
59
0
205
0
1
3
1
58
0
54
1
1
14
41
4
51
0
290
5
0
56
4
653
2638
0
1
3065
0
0
0
0
98
145
0
0
2
25
0
0
1
283
0
0
10
0
0
24
0
0
1623
1173
0
25
0
456
1
0
0
13
9
4
3
22
0
0
44
19
32
2
0
3627
0
3
11
0
3
34
1
3
0
67
0
17
0
0
2
5
5
7
18
0
0
756
374
0
0
0
68
3
0
0
77
0
117
9
0
11
107
0
0
12
2
0
2
3749
3
0
39
156
1
0
0
0
0
1
0
0
19
12
2
13
3
5
3
1384
3
130
0
0
0
0
0
0
2
3
2545
14
0
1
0
0
3
1
1
6
353
0
0
0
1
84
936
2
5
1
0
528
455
3
0
0
5
0
0
0
0
172
0
8
1
1
710
0
9
0
0
0
0
25
33
0
463
2
724
0
215
0
0
21
7088
0
2
14
4
5
0
277
6
6
6
6
0
2
1
0
52
72
34
0
0
0
6
1
0
1
24
0
24
72
5
6
266
1241
0
10
4
0
0
61
872
15
0
1
13
1
0
12
1
67
0
16
17
309
0
0
2
2
1636
4697
0
0
1
15262
38
0
2
0
33
9
1
0
0
1
11
2
0
65
0
0
16
0
5
61
0
5
0
0
66
0
2931
0
286
502
0
26
0
8
69
0
1
0
0
0
91
11
1
0
0
2
0
2
766
0
0
0
0
0
0
14
0
0
5
0
3
2
0
1017
3
63
18
1
0
0
899
0
0
1
0
3
12
2
0
0
0
73
265
1
15
5
68
0
0
75
2
0
0
0
0
0
0
8487
7
23
0
0
0
0
13
0
2
63
33
20
486
0
0
0
0
0
4001
0
4
1
0
2
0
72
0
3
99
3
5
19
53
0
105
0
0
4491
1
0
5
12
1
80
1
0
5
34
0
4
0
0
1
27
102
241
0
0
4
0
0
1
0
1161
0
2
0
269
0
0
2
10
179
0
0
0
130
0
499
15
0
0
0
0
51
1
0
16
0
0
1
0
0
0
8568
2
9
1
27
215
16
0
0
7
0
14
3
0
0
0
0
0
0
165
0
85
3
0
20
0
2
175
8
0
3
1
254
0
9
0
0
0
11
18
0
13
0
10
8666
8
631
0
2
42
10
0
0
0
0
0
1
0
0
2115
2696
5
0
124
117
1
5
0
2
1
0
0
5
0
9
314
0
0
0
0
0
41
0
3
9
2
0
3
0
16
4
0
0
0
0
0
39
1
111
0
16
196
32
0
8
469
2
0
155
1198
0
0
16
0
0
0
0
0
0
19
0
0
5872
0
0
0
0
19
0
0
0
0
0
19
7
16
10
32
1
0
2
0
0
381
3158
3
9
0
1
4
1
31
17
14
610
0
1
0
7
0
64
80
98
0
0
66
0
6
1
0
0
44
0
0
0
37
0
0
88
0
0
0
0
0
0
0
0
0
1
0
2
7
0
1
6
1
0
62
31
71
0
0
0
0
0
51
3
1
1502
0
1
1
132
0
185
0
102
0
891
39
0
0
0
3
0
3
1218
5
0
240
0
1
0
0
2
0
0
0
1441
71
0
0
5
13
44
245
272
41
0
0
700
180
0
0
0
1
0
39
4
0
1673
0
1237
7
6
2
0
0
2
0
0
2
0
24
1
264
12
0
1
0
2
7
745
0
0
0
0
0
4
8
119
0
0
848
0
1
0
3
12
20
0
0
6128
0
0
0
2
9
0
0
0
0
0
3
0
108
0
1
3255
0
2
0
0
0
68
23
12
16
0
1
2
70
0
151
0
0
0
1
2
1
1
0
0
0
2
4
1984
0
1049
0
1
0
0
14
11
0
0
1
0
32
1012
8
4
0
72
0
4
1
1
0
2
2
1
850
4782
5
1
0
328
0
0
0
3120
0
1
2
4
3
28
114
0
0
0
1830
130
0
2
0
0
0
147
1
0
0
0
1
3430
669
0
0
0
20982
8
0
5476
0
0
0
825
0
0
4
0
0
28
0
0
16
0
135
3
5
0
0
96
317
0
0
7
0
152
12
249
187
489
0
9
0
16
1
61
0
2
384
0
609
0
2
0
0
0
3
0
0
37
0
0
0
0
22
4
8
0
3
0
17
0
78
0
2
0
0
275
0
13
5
113
0
5
2
1
0
94
1
0
0
15
14
91
11
0
0
12
6
0
0
0
0
0
0
22
208
2
0
0
0
0
152
2
0
0
0
0
15
0
0
9
0
6
0
110
0
2
0
1
1
0
0
0
98
59
0
0
83
1186
0
3701
0
0
0
0
0
0
1636
5
0
20
23
42
10
38
8
0
0
0
1
4
0
1024
3
44
0
1
0
3
88
1
220
0
268
229
30
0
0
2
0
29
0
0
0
24
1
0
0
0
2
2
28
13
3
0
22
63
166
0
0
1
292
9
2
0
0
495
0
14
8
2
0
20
7
0
261
5706
621
1
0
1
34
0
10
0
20
2028
0
6
3532
0
6
0
128
0
3898
1
7
0
428
0
31
3
1
0
24
53
1
0
0
1
3
42
2
1
1427
0
9
19
0
4
5
7
0
50
0
119
0
2050
5811
0
19
0
0
1
14
0
198
1
1
1
0
0
0
0
0
63
0
0
1
7
1
0
0
21
0
42
2
57
0
102
0
3
0
0
0
1
7
4
0
2
2
0
2
1
1
0
1
0
0
2155
3
2
0
108
6
0
84
0
0
0
0
0
0
270
5
0
980
3
1246
34
123
1
86
0
0
168
0
2
189
0
1
0
0
0
0
1520
68
0
1
17
0
0
0
0
0
64
0
0
45
42
25
25
2
40
2
6
2
2941
3
0
0
2
0
2
5
0
0
71
0
0
0
1
0
30
0
1
243
1202
7
0
536
0
3
336
0
22
12
836
0
1
0
145
2
1
1
0
0
1
0
187
0
0
0
0
225
1
1
1
12
2074
0
0
1
6
0
10
0
501
0
0
0
381
1
0
971
4
0
3
0
3
14
16
1
7
25
1
4
0
0
25
1
3
0
0
0
13
0
0
21
0
0
4486
23
1
0
0
137
16
0
26
8
0
0
107
0
0
0
158
338
123
2
1
409
10
0
1812
0
34
0
0
7
4
0
1
4
0
10
6313
0
1
0
0
0
1
0
1
2
874
286
0
8
0
0
0
2
468
46
0
1
0
833
3
3
1
0
4
27
0
10
3
0
5
0
0
0
0
0
0
1
18
0
0
517
0
40
32
0
67
8
1
0
0
0
2
14
0
0
1
337
0
1
0
0
10
3
6
142
3494
0
0
27732
2
0
27
0
1
6
0
365
27
8
0
0
0
105
11
2
0
13
0
7
1
209
2
1
9
0
9
1
0
1
1
0
4
12
40
917
19
0
0
0
23
56
0
0
4
0
0
1
1
1
1
2
9
0
8
3
0
28
0
0
25
2
186
1
191
0
0
0
494
16
0
0
1
0
0
0
33
0
0
3
0
3
0
77
20
0
340
150
0
0
2
0
1
0
3
0
0
28
1
0
103
5
131
5
9
0
147
3069
5
0
32
0
0
8
0
39
0
0
87
199
0
3
12
142
4
2
117
0
1
0
0
2909
2
0
0
0
262
0
0
0
266
8
661
295
1
1
858
990
562
0
3
0
3
0
2
3
0
0
35
0
3182
133
0
0
37
2
170
0
1
0
379
55
0
0
2
3
26
0
522
7
55
0
1
0
13
27
294
1
164
0
0
23
1
1
0
6
100
1720
14
2260
29
1
0
15
0
151
1
18
8
2
410
129
4
0
1
0
4
8
18
0
0
0
5
0
36
0
0
0
0
206
6
16
0
8
0
233
0
0
1
2
20
0
4
32
2
1
1
0
3
0
9
16408
202
0
0
17
0
9
2
5
4
0
30
89
83
0
7
0
0
1460
30
7
414
0
1
0
245
0
1
3
1
0
0
3
0
0
15
8
167
1
0
0
1211
112
1
4
1
6
214
0
0
0
7
17
0
22
6
2
0
0
0
1
1
0
0
21
330
0
537
1
0
19
0
1
0
173
0
597
0
6
4906
180
11
0
6
0
2
2
118
0
53
0
15
1
0
4
0
1
0
0
3
1788
0
166
48
303
320
3
2
2
47
46
18
0
2
0
0
18
9
1
3
1
1
3
0
457
7
0
0
61
37
9
85
0
106
0
150
0
0
37
0
848
13658
0
0
22
210
104
1
72
1
1
373
1
2
0
0
2176
0
0
0
0
0
0
22
1
1
0
48
19
19
1
20
0
6
0
119
3
444
0
1
0
198
1
0
1
0
0
0
4
96
0
1
12
0
0
0
14
151
3
0
59
37205
1
0
10
7
79
2
0
8
0
0
982
0
0
0
22
0
304
0
0
0
0
9
2
1
0
0
17
0
7
60
1
24
263
11
0
111
2
0
638
0
0
12
0
24
17
12
523
0
0
0
1
19
2
0
86
5
33
0
0
0
5
19
12
0
0
110
2
5
476
0
0
1
1
0
31
0
0
0
0
0
6677
0
0
187
372
0
154
27
0
0
91
0
0
5
2
0
41
69
109
3
3
0
0
1
0
27
16
19
0
304
2
92
1
133
1
19
2
0
802
3
99
0
4
932
8
111
3
1
0
1
0
1079
0
0
0
0
2
0
1
4
0
142
69
11
3
0
2
8
0
6
0
1
0
24
0
0
0
0
7
4
14
0
0
0
1
206
0
0
1
0
20
0
1
1
23
331
0
0
0
28
0
1
0
24
0
4
0
0
276
90
2659
884
116
0
0
1
0
0
4
0
6
110
3
7
23
1
1
2
2
0
1
381
650
335
123
222
0
10
0
0
3
11
16
8
0
21
10
0
0
67
0
310
0
2
33
27
1
0
0
0
30
0
2
0
5
0
163
4
0
0
35
107
0
273
0
2
3
0
0
2
64
3
0
0
0
7438
150
1
18
0
0
559
0
0
0
1
58
42
2
0
0
1
0
0
1
79
90
0
127
0
0
5
0
0
0
77
79
0
1
0
1
57
615
0
3
199
0
0
208
0
13
1
0
0
5
0
1
0
12
2336
315
0
0
4
3
39
7
47
172
672
0
0
16
1
0
5
0
0
0
141
0
0
21
799
0
0
0
1
76
1
32
1
0
0
0
1
287
7
33
0
1
0
0
43
0
0
1980
0
0
1
0
1
0
0
3
0
547
1
0
0
5
0
0
2
1
0
0
0
0
0
0
0
0
0
11572
0
1
238
0
0
0
0
0
0
7
0
37
0
0
10
0
0
1
671
0
1
0
3
97
486
13
0
0
59
0
0
3
0
65
0
230
1
7
46
150
0
0
0
43
5
0
6
13
0
5
0
2
0
0
7
12
0
0
0
0
0
0
111
1
957
0
0
0
1
38
0
0
4292
1
0
0
1
0
0
0
0
1
0
88
53
2
0
3
0
1
0
1
0
7
3
0
2
0
3
2
0
0
16
10
7
911
4
0
134
45
4
46
18
1
2
2
9
0
0
6
0
0
30
0
2593
1
0
0
0
5
0
10
1
14
17
0
1
0
94
0
15
0
0
0
0
16
4
0
2
0
2
11
3
82
0
0
0
0
0
9
4
0
6
3
3
0
765
0
0
5
0
0
86
0
22
13
0
0
5
0
71
2
372
0
0
10
1706
0
0
16
12
57
3
0
11
0
108
2
8
0
1095
0
0
97
248
0
0
0
0
1
8
2
1
3
1
0
0
0
1
0
113
0
1
5
105
1
111
72
0
0
0
0
31
0
0
82
72
0
0
3
2
1
0
0
4
843
8479
1
0
0
11
57
0
45
5
64
30
15
0
2666
0
780
307
220
0
14
2
0
8166
0
33
313
0
0
2
2
0
0
1
0
24
21
0
1
2
6
11
0
7
379
0
1
0
19
3
1
1075
12
0
1
0
0
2
1634
343
15
81
67
4
185
0
3
19
0
0
0
43
1
0
0
2
0
343
1186
58
273
0
80
0
1
26
2692
1
1
2
0
0
0
3
0
1
0
1
21
10
2
0
1
0
0
1
4
11
26
3
1351
0
1
49
1
1
6
33
15
0
153
0
10
0
0
0
11
11
0
58
0
273
0
0
0
18
3539
0
11
44
0
0
37
5
1
2
6
0
0
42
437
1
0
0
29
0
2
0
3
99
0
0
3
0
27
17
4
412
0
2
0
0
1
590
28
4
8
34
0
6
7
2
1
5
14
5663
0
983
5
0
0
0
0
567
0
193
0
0
1
0
4
475
2
0
0
1
0
0
0
7
0
67
0
80
89
3
0
0
73
1907
9
11
0
1
10
5
6705
34
0
8
0
0
0
0
0
0
48
6
1
21
10
0
1299
0
0
0
9
0
6
41
2
0
302
0
129
27
2
245
1
26
0
1057
84
0
74
1535
19
5
0
59
0
51
0
599
10
0
0
0
59
6551
0
0
0
0
3
0
14
0
1449
0
19
1
247
0
0
0
1
3
7
0
0
2
27
1
74
0
205
1
0
76
5
6
14
3
0
3
0
28
2
1
7
1
13
0
430
1326
0
0
0
0
2
0
15
4
0
3
0
27
0
0
1
0
0
1
0
0
0
365
2
0
5
1
179
1
1
19
2
154
56
513
154
0
1
1
0
0
0
0
0
1520
98
230
23
8
0
0
3
35
3
3
3
101
0
0
15
0
0
47
0
13
0
485
70
0
0
1
0
0
5
0
0
356
2570
0
0
0
0
0
0
3
0
9
0
692
18
0
18
0
22
1
1
3138
0
0
0
8
0
44
148
3
0
220
2
2
0
212
19
1
0
53
0
17
2
15
0
1895
19
4
4
0
0
0
0
0
0
4
12
0
1
3
8
8
38
0
0
0
0
10
0
11
0
1323
0
0
0
0
0
0
16
2
150
33
4617
0
0
0
7
0
0
0
0
116
0
1
0
1
0
4
22
8
25
1
0
0
15
8
0
0
2
0
1
1
0
0
0
0
0
0
12
0
4
1549
1
0
2
0
184
207
22
0
0
25
6
0
64
5
0
250
0
1
1
8
0
1237
0
2
1
204
1
0
6
0
2
0
0
64
0
117
3
27
4
24
5
0
0
0
31
0
1
14
2
84
13
0
6
0
0
0
0
1
5777
0
0
4
0
300
11
2977
836
0
2
0
0
331
14
11
2
23
0
489
9
0
0
67
31
2085
2
0
5
113
208
0
0
0
0
0
1
7
1
0
3
0
2
1
27
0
22
0
10
1
3
62
8
7070
0
7
0
1
34
0
0
1
17
28
1
108
1749
197
0
1
0
1368
0
0
69
37
0
404
0
0
1
14
4
138
0
0
0
0
1174
184
1
0
5
0
0
1
0
866
33
6
155
0
0
102
288
2
391
6
1
0
0
0
0
1
0
1
734
1
0
0
1
0
9
0
0
1957
0
0
609
30
5
0
8
6018
0
11
2
0
0
2
0
1
0
0
0
9
13
4
4049
47
0
157
202
19
1
10
0
2
0
0
0
2
0
14
2
0
0
2
0
0
4
0
0
1
0
0
1
330
6
0
0
680
222
41
1
0
0
0
0
1
0
2
25
275
2
1
6
0
91
0
0
0
1
0
0
2
0
7
0
13
8
44
0
128
36
0
1
20
95
21
0
103
0
1307
38
3
0
59
0
0
3
2
1
25
15
1
9
0
1
57
0
0
18
11
0
4
30
0
38
0
0
0
1312
225
0
10
0
1
0
0
87
41
0
1
0
630
1
0
0
6
1540
12
28
0
12
5460
24
0
0
1395
172
2187
2
1
8
5
1242
1412
4
35
269
7
10
0
3
0
0
0
0
3
0
1
78
0
0
323
0
0
13
145
1
0
17
12
10
0
1064
1
0
470
0
0
6
10
2
1132
241
11
0
12
0
0
0
0
0
0
0
0
0
3
0
1
5
0
1
1349
7
1
0
99
72
0
6
5
0
0
2
0
17
8
48
13
1435
3
2
0
65
4
1
1
0
0
10936
18
237
18
5
0
18
0
0
0
0
21
1
0
1
34
26
0
0
12
1
0
99
0
0
0
0
0
39
4
1
1
1
0
0
0
0
38
8
1
0
42
0
0
2
863
0
7
5
0
2913
2
78
2
39
0
1
1884
0
32
0
1
32
6
467
0
3
4
0
3
6
0
128
229
26
161
0
4
6
33
0
0
2
2
0
0
9
3
6
0
0
0
5
4
9
14
139
0
2
137
1
2128
1
1
1
30
0
193
9
10
0
3
0
0
6
411
1
0
106
0
0
103
0
0
0
1
0
0
1
0
0
2
0
32
1
0
0
1
5
2
0
345
2
9
0
18
6
12
48
1
0
6
0
0
2
45
3
0
1
2341
3
0
51
2
1
0
6
62
764
0
1
179
781
3
0
36
1
1
0
0
1
0
0
312
0
65
0
0
2
0
263
1
12
2321
5
3
2
9
8
0
0
0
4
2
0
2125
3
1
229
8
6
0
0
0
17
0
0
0
1
0
0
0
8
3
5
2
2
8
7
0
5
2
9
0
0
201
1
0
1
0
0
20
0
5
0
283
1
2
1
2806
1
1
12
0
1
0
2566
5943
0
354
30
4
0
0
54
1999
0
24
0
7
0
65
3
0
0
0
127
0
1078
18
0
0
103
252
0
4
0
5
6
0
288
0
16
0
1
93
436
0
80
6
2
0
0
0
0
0
6
69
16
60
0
3
4
38
1
1
0
0
7
1
4
6
52
247
0
0
1177
0
1
62
6
0
0
10405
1
0
2330
1
2
0
6
1
1
1
0
0
116
13
0
0
0
0
0
0
1
0
60
61
0
0
12
0
1118
0
0
2
2080
0
61
0
0
1
3
0
28
197
6
0
1
0
12
0
0
43
342
0
108
0
2
4
1
6725
0
121
476
0
39
16141
0
33
19
160
0
135
1
1
1
1
0
4272
1
0
91
23
0
1
0
0
0
0
2
661
0
5
1
1
2
0
0
0
556
1
1
0
0
3
157
0
0
0
4274
25
0
0
9
0
2
15
0
961
215
316
257
0
0
708
0
4
71
0
0
874
0
21
15
0
0
398
2
10
295
0
139
5
0
4
0
0
392
1
0
0
0
0
719
1140
111
0
0
23
1
0
5
15
0
0
0
0
4
0
0
0
377
0
15
0
1297
0
1
2
0
36
0
42
833
2116
71
2
1
0
0
2
0
0
0
355
0
4
10
1
0
0
3
0
27
0
285
1020
305
1
0
0
0
779
0
0
0
0
4
43
0
158
522
2032
6
0
0
0
0
1208
29
1
18
13
2
0
3
2
0
1
1
343
143
11
1
14
0
1
4
0
2
7
0
5
0
170
0
0
1
197
0
4
0
4
38
0
2
12
108
0
6481
0
0
0
0
0
130
0
0
0
0
0
4
1
0
1
0
4
1
7
0
1
1312
87
0
20
0
8
0
1
19
475
6
0
6
4
3
0
0
0
13
1
1
0
3
2
53
587
0
1
1
0
0
9301
5
99
203
0
0
10
119
0
1
0
1
0
0
0
1
0
2
0
0
0
0
0
9
0
3
2
6
5
1
4
0
4548
51
68
1
0
0
0
134
31
1
6
3
110
2
0
1
1
0
0
30
0
0
2
0
1
3
6
0
31
147
40
0
43
0
24
0
1291
2
0
1
2
0
0
0
0
0
0
0
0
0
0
0
0
0
0
96
0
0
1
64
4
6
0
0
0
519
591
0
4
2
2
0
252
0
2
0
8
0
0
4
1969
2
0
3
17
42
1
1
40
0
6
0
0
0
4
0
505
1
0
0
0
3
0
20
1
1
0
5
180
0
9
0
0
3
1
0
0
0
0
0
1
2
0
0
6
4
1
0
0
0
1549
3
1
1
1
176
0
0
0
3
0
2
0
1
19
0
0
1
1
6324
17342
0
0
316
0
51
83
965
0
0
2
0
1102
0
1
10
0
2
7
3
0
58
1
0
1
21
1
0
0
0
0
0
0
0
83
26
2
2
58
0
277
5
46
51
0
0
3
3
4
0
0
1
1
1
0
2
2
0
1
15
0
70
1
2
2
0
0
2
14
1
13
32
0
0
0
0
25
653
1550
39
70
0
1
0
1
9
0
1156
0
0
5
5
0
0
0
0
0
4
0
0
0
0
0
139
0
2
0
44
0
0
23
9
0
0
5
0
1
4
1
0
0
1
0
107
1
3
0
0
0
23
0
1
0
0
95
7
0
93
0
0
3
1439
14
0
2
9
14
6
20
113
1
0
0
0
7
17
343
0
0
0
0
0
9
0
0
69
42
0
0
14
0
1
0
0
2
818
2
0
0
334
1
22
8
1
10
0
0
4
30
7
759
0
0
0
0
7
0
0
0
92
0
1
129
4
0
4
2528
1
0
44
25
221
1
0
214
862
0
0
0
11
1
0
0
0
0
0
0
72
5
2
0
1
0
0
0
0
26
24
3
0
14
13
0
0
0
27
1
0
2
0
0
0
0
7
328
27
503
2
0
8
0
0
3
584
0
6
96
1
57
186
0
1
2
0
0
1573
0
16
149
0
1
0
0
4
385
0
0
0
0
0
0
0
3
7
0
18
4
2
0
0
0
0
1
1
45
73
7
724
1
0
7
0
198
0
6
0
1
0
1
11025
0
35
9
0
0
0
32
709
88
0
68
0
0
0
11
1
1
638
48
13
0
0
35
3
1
0
0
15
0
51
0
4
0
0
1742
0
0
0
48
0
2
7
106
13
3
54
295
0
1020
0
0
0
0
1
48
24
60
7
6
7
2
4
25872
41
2
0
1
7780
0
1
0
7
0
0
0
4
0
1
0
1
0
35
0
0
0
0
5
0
1
0
0
0
4
86
48
0
0
172
0
3
46
0
0
75
0
261
1
0
18
17
0
4
7
10
12
0
1
0
7
5
4
2
0
5
2
60
703
22
0
0
0
86
1
0
5
135
227
1
0
103
431
0
2980
0
30
1
1
22
0
0
16
920
0
34
25
0
1
1995
3
18
0
4
0
1
1
28
12
0
2
0
4
33
0
1
0
1
439
8
13
0
0
0
31
1
0
5
37
268
5
0
3842
330
0
1
0
32
0
15
3
23
251
0
0
7
1
0
307
345
0
24
4
102
0
0
1
1
0
0
0
0
0
1
149
0
0
0
0
26
0
0
0
0
11
0
2
1
0
0
0
5
0
2
0
0
2
1
0
1
43
9
1
5
0
23
9130
1
0
1
0
7
0
0
145
34
0
0
0
91
5
0
0
327
1
102
59
0
0
540
1
111
0
0
2
1
18
1
1
0
0
0
0
0
984
0
2
8
75
1
0
0
3
0
8
1
0
8
0
0
0
0
0
0
0
0
0
85
0
0
8567
0
4
0
129
11
0
0
0
88
19
0
69
1
1
7
0
8
448
238
223
1
0
0
0
2
2
0
0
0
6
0
0
0
0
3
0
71
0
0
263
0
223
7
25
0
1
3
0
0
2
8
11
0
14
0
12
105
0
16
1
2
0
0
50
27
445
0
1
1
0
1051
2244
0
0
0
10320
29
1
33
62
13
0
0
1
0
0
13
0
3
1
0
0
213
0
0
5794
858
0
1
31
2
0
1
6
9
9
16
0
1
39
0
45
47
232
1
1
44
215
272
0
4
1
70
38
235
4
21
2776
0
0
1
0
1
97
0
0
1007
0
0
30
0
0
2
5
279
0
0
141
0
22
16
0
3
1
0
0
3
0
0
0
5
0
35
1
882
8
1
31
0
758
0
8
0
1
3
1
0
1
0
10
17
18
1
4
0
0
0
0
5
9
0
5
0
1
1
0
0
686
13
20
42
105
1221
2084
0
0
0
10
0
1
0
4
16
0
1
0
2
5
0
0
77
0
0
30
0
0
0
0
0
28
484
0
0
8
0
0
679
28
0
2
8
0
2
0
732
2
0
0
1
1
0
0
11
0
2
3
1
272
5
4
1820
0
1
7
171
82
4
2
0
0
36
0
8
53
1
16
429
0
2
0
313
0
5
2
0
71
0
0
56
0
0
0
7
0
0
2
0
31
2
18
305
4
0
2
0
0
0
48
0
83
0
2
0
0
0
0
9
0
0
1
197
59
2
98
140
0
16
2
179
1
0
0
28
415
186
0
2
0
12
10
21
7
1
0
1
0
0
0
37
0
0
1182
0
0
0
49
3
1
394
245
0
2
14
2
1
0
0
5
1
0
10
0
0
11
0
2
392
32
8
6
1
0
0
312
0
3
0
1
1
1
0
0
358
481
0
0
0
0
0
23
11
10
285
16
1
0
1
0
631
9
0
0
1
1987
0
3
12
0
10
4
6
0
1
76
131
27
6
0
3561
7
3
0
30
0
0
1
0
0
0
497
1
2
0
0
10
1
4
1
18
3
89
13
18
0
104
0
0
0
0
2
1771
0
51
0
24
583
0
0
1
2
1
0
90
0
499
0
0
0
1
64
0
0
7
2
119
3
3
1
0
1
4
22
1120
3
0
5
0
676
0
200
0
0
0
0
1
2
0
1
6
19
0
152
1
6
1
0
0
83
936
0
4002
1150
0
0
0
0
23
9
472
0
22
23
18
291
0
0
0
512
89
0
0
1820
11
4
0
0
1
1
15
0
1
789
0
0
0
0
0
0
13
0
0
0
0
3
0
1
3
1
1
0
0
0
17
0
3
0
1
0
0
19
973
0
43
0
3
35
0
0
0
0
718
0
13
2
57
14
10
3
0
3
0
8
299
0
0
16748
0
2
0
233
2
990
5
0
44
2
0
0
196
0
136
1
28
0
262
0
0
0
92
0
0
16
0
65
8
2
1
8
0
0
50
4
0
9
1741
100
0
23
9
66
21
0
0
0
1772
10090
1876
10
0
3
2
195
59
0
20
8
19
0
35
1
0
8
0
2
9
0
40
3
0
108
20
0
0
1
72
0
0
0
4
0
2
146
0
0
1493
0
172
3
59
630
2178
0
0
2864
97
25
107
0
0
0
0
13
0
0
0
2581
20
0
0
1311
4
516
0
0
1
0
1
5
3
0
0
1
17
0
2
12
1
0
2
444
0
0
0
448
0
838
0
1
33
0
3
4
11
0
1
475
4
78
2006
1
1
1
3
342
579
0
184
1
14
0
93
3
40
221
19
201
701
1
0
4
6
0
0
0
32
2119
0
2
157
104
0
2419
35
0
0
0
5
6
0
4
2
0
121
0
1
0
1
3926
36
0
110
0
0
11
0
0
19
0
0
0
13
0
0
32
1
0
322
15
0
21
1
1
1
0
0
5
3426
1
931
74
62
702
0
0
0
8
15
2
0
7
0
0
28
1
0
0
109
0
0
2
30
158
2315
39
1
0
3
380
0
0
2
2
412
141
7
2
2
0
1
6
0
106
0
340
0
0
1
1
0
7
0
8
64
0
0
613
3
1
151
42
0
2
369
0
139
1
3
0
7
477
1
0
35
3
18
435
1
4
584
17
0
3
5
0
371
5
0
18
4
0
2
1
0
5
0
2
9369
0
13
3
0
0
1
1
3
1
0
0
0
0
21
55
0
5
4
47
0
0
1
598
22
0
0
3
0
0
1
289
0
13
0
0
3
0
1
1
31
1
44
26
0
0
152
1
0
0
0
0
0
2
104
0
95
0
1
0
1
2
339
1
0
52
3
0
1
1
0
0
0
2
0
0
29
54
0
2
1
0
3
16
2
0
0
0
5
3
150
0
0
303
1
2
0
571
5
0
0
1
0
2
0
0
21
0
1673
0
197
170
0
13
0
0
6185
0
2
0
0
0
0
2
114
0
37
3376
0
0
0
19
456
0
39
0
0
0
0
2
0
0
1
0
0
3
0
13
1
0
0
11
0
3
0
5
1
3
154
0
302
2
15
0
0
24
92
7
1091
7
0
0
0
57
2854
0
0
384
0
0
0
0
27
0
0
0
4699
0
1
0
0
1
29
5
1
0
0
16
0
22
0
0
55
25
0
3
0
0
1
0
0
513
0
0
63
108
507
1
0
144
1305
2
1
0
0
282
0
5
5
7
0
0
220
47
2478
0
7
10
4
2
0
5
0
0
0
1
38
0
0
0
5
0
9
0
3
1
0
324
160
4
0
0
2
0
0
0
0
63
0
0
1075
1
25
712
132
0
1
0
0
0
0
5
0
217
3
1
0
2
0
0
2
0
0
1
27
0
1
0
0
1344
6
0
7
2
0
0
0
0
16
0
3
0
0
0
18
104
0
0
10
590
4
194
0
228
20
79
2
3
26
0
0
0
0
13
65
0
3
0
0
3
0
0
0
45
4
1
25
7
0
15
4
660
0
1
0
0
20
1
0
92
0
0
1
2
0
0
0
37
0
0
0
36
19
304
0
0
0
0
4
0
126
2
0
0
173
2
0
1
1
0
0
0
2
0
0
0
9
19
1613
1
1
0
0
52
7
0
3
1041
1834
0
4
1
231
1264
0
2
0
64
1
1
8
0
0
1617
0
1
0
6
0
0
0
2
0
0
650
0
0
0
3
41
2
0
0
1
0
142
730
0
70
0
147
20
2083
0
405
4
1
0
0
0
0
12
0
175
0
7
17
23
10
1
0
18
0
2
99
4
575
7529
0
137
0
88
16
2
0
5
1
4
189
0
374
1
1
0
0
3
11
27
0
0
0
133
0
80
0
0
3
2
1
5
0
4
0
0
3
37
0
8
2
118
0
1
0
48
1
23
9
30
1
2
5
47
0
0
9
77
1
5
1846
2
9
0
0
0
8
47
3
331
0
0
0
2
1
74
0
0
8
311
11
56
1373
0
540
0
308
11355
112
19
8
0
0
23
6
8
0
1
0
0
1006
0
1
0
2
15
4
36
0
10
2
2
0
35
0
56
289
0
1
0
1
4
1
0
0
0
8107
0
0
3668
81
0
0
0
0
4
0
2
165
0
1
1
0
31
3
23
1
4
7
55
15
3
2
20
0
0
3
0
49
1
0
38
0
1
0
0
146
0
1
292
0
549
0
8
1
24
0
1
0
407
81
6
0
16
17
0
0
18
26
0
44
0
0
170
249
0
1
0
4
0
2
0
64
23
25
8
0
0
161
12
9
23
0
0
0
1
0
37
0
0
0
0
0
1
2
1
3682
17
0
0
184
0
7
5
5
1
0
458
78
0
11
0
0
0
0
0
26
0
0
5
0
2
49
14
3
5
129
11
0
0
0
546
0
0
1
1
0
26
10
0
0
0
139
1175
0
346
11
10
8
0
0
3
0
0
0
4
0
323
223
0
0
0
42
0
0
0
6
0
6
0
3
0
19
3
1
3
2743
0
0
3
48
0
167
5
29
1
0
0
10
80
3131
1
50
0
0
0
11
0
9
96
5
1
0
1
0
170
3544
4
401
0
0
64
403
0
1
2
0
0
5
0
1
3441
287
4
0
0
2
0
0
0
3
1
1
0
0
21
0
9
0
0
1
30
590
125
0
0
0
0
57
28
0
3
11
0
602
4
0
0
0
0
743
0
1
0
324
33
15
13138
38
0
2
1
0
0
8
32
2
1286
64
0
0
0
6
0
0
0
0
2
0
1
0
144
0
0
10
16
0
27
0
0
0
157
20
0
1
6
0
5
25415
0
30
8
127
0
91
16
1
3
0
2
5
6
0
736
81
4
0
0
0
0
1
255
1
5
138
0
0
0
3
139
0
0
277
3
0
2131
512
550
0
1659
15778
3
1
506
12
12
13
0
198
15
2
0
3
0
70
0
0
2
10
1
33
0
201
0
22
36
41
0
10
0
2
1
631
0
1
139
0
9
10
0
9
39
2
1
0
0
0
1
2730
0
0
0
1
357
0
197
172
0
433
0
4
4542
3
20
15
1
3
13
2
0
0
0
3
0
1063
1
0
698
0
0
1
0
4
0
0
0
9
0
15
18
303
0
9
2
4670
0
0
0
33
11438
189
1
89
0
0
1
153
0
8
1
59
0
2
2
0
3
3
0
7
59
0
0
0
0
97
1
1
7
1
0
0
0
0
0
3
18
9
49
0
0
0
341
0
7
0
8
3
23
0
2
0
0
0
54
1
0
48
0
76
0
10
0
0
187
160
0
0
0
1
0
7
0
82
1
20
0
0
0
1
0
0
0
13
0
0
0
112
0
468
0
8344
12
18355
3
715
6
29
0
7
3
3
0
3
418
0
0
2
0
0
0
1039
0
5
8
1
2
6
0
3
4
0
0
0
200
1086
0
1
82
0
644
0
0
1
0
0
0
0
3963
6
21
333
0
238
51
0
0
25
467
0
0
3
0
2
4
77
306
13
1
0
311
0
4
0
34
0
3
2
6
65
4
0
20
0
4
0
11
3
0
199
0
0
0
2
12
0
0
768
0
1
0
15
1
0
0
0
1
0
0
0
98
0
55
1
37
2
0
1
197
0
12
0
10
1
0
0
0
17
48
1
0
4736
1
20
174
0
17
0
0
0
16
274
5
0
101
0
0
0
0
0
0
19
0
1
10
0
1
0
3
0
0
19
20
0
397
498
0
0
0
1
2
0
2
1
27
183
0
0
0
0
0
1
414
31
0
0
1310
12
0
1167
546
1
76
2
126
6
3
6
0
175
0
0
0
0
16
0
283
1
0
0
25
0
108
15
2
0
466
81
80
1150
2
0
0
48
0
12
0
0
0
22
243
0
298
0
0
0
10
4
0
28
0
0
484
0
0
0
399
0
482
3
18
5
0
32
0
0
0
69
14
596
0
0
1257
0
26
11
1
1
0
290
3
0
47
0
10
0
2
59
1
41
0
0
1
2
16
3
2
2
0
55
0
0
31
159
0
0
3
3
1
2
0
2
0
186
6
0
0
0
0
0
0
24
31
4
393
319
6
0
0
10
1324
55
121
1
0
1
7
0
0
6
0
0
0
21
0
0
0
0
11589
766
11
570
21
1
48
1
0
21
52
1
0
55
1
20
0
4
2
5
0
1190
0
0
0
78
77
180
1
0
0
0
1
0
0
0
0
5
0
0
2
0
1
0
0
2
0
15
27
18
2
29
1347
80
0
6
0
11
0
2
0
0
7127
0
0
115
3
1
0
0
0
814
126
0
1
22
0
1
42
140
0
250
9
4
0
0
2
0
0
0
0
1
0
0
50
19
66
0
1
0
0
2
7
0
5
227
0
351
159
1
0
6
25
1
53
0
1
1
0
0
1
137
4
1
0
71
37
0
31
1
2
338
0
27
9
0
0
21
20
3
1
2
160
8
0
1
470
2
0
0
4
0
4
109
0
0
86
7
93
5
15
0
36
0
4
0
1
0
0
0
1
0
5
2
0
12
0
2384
122
2
21
0
0
0
2
7
14
64
0
9
1
2
1
18065
0
2
0
0
293
1
4
7
3
4
0
0
16
207
13
47
1
0
0
61
1
18
0
210
2
20
1
2
0
3
0
0
0
0
0
0
0
6
6
0
0
1
1
1
109
17
1
2
0
0
0
150
1864
24
14
42
0
2
0
9
45
40
25
0
0
18
11
0
2
12603
0
4
2
29
0
0
0
0
41
9
3
11
0
0
0
0
1
32
0
0
0
6
24
0
21
15
21
283
1150
16
0
0
0
12
15
10
0
11
45
54
56
1
1
0
1
0
0
14
35
0
1
1324
8
5
17
1
1
4890
17
13
1
83
1
0
0
2
0
3
0
383
0
494
3
36
0
0
2
0
0
0
4
0
160
25
1
1
0
3
592
0
2
0
411
0
9
0
1
1189
0
36
1
12
0
0
28
128
528
62
322
0
77
0
6
0
0
0
8
40
51
0
0
4
0
151
5
117
2
0
0
0
0
5
1
18
0
0
0
2
0
0
1
0
217
51
1
0
1
0
0
645
0
1
0
384
4
1
0
0
1
0
0
2340
0
15
0
0
0
0
0
0
0
24
0
33
6
44
66
3
0
0
1
0
3700
6
19
4
1
1738
0
0
0
33
3
0
1
145
1
27
0
5
0
8
6
0
1
0
0
0
0
6
0
0
2
0
0
0
48
5419
129
0
0
18
0
8
575
2
0
3
1
9
0
2
5
103
6
0
101
0
16
277
0
0
2
9
0
0
2567
0
0
2
353
3
0
0
1
0
0
0
334
1
179
1
1
1
0
3
172
0
0
6
0
0
68
167
0
28
0
0
0
18
89
194
1
0
0
0
0
0
3
5
0
1
0
0
13
0
9
0
0
6
0
1
0
0
0
0
0
30
0
0
1
5
1
1
0
0
172
6
1
0
16
80
8
49
0
1
0
12
0
0
4
4
0
0
362
0
34
0
1
1
0
5
5
1
3
329
0
0
0
0
0
841
4
0
0
0
0
252
22
410
126
0
0
5
0
0
23
0
1
137
2325
0
0
3
211
1
9
291
21
495
0
0
0
1
2002
0
0
0
0
3
0
42
0
0
33
3
0
0
6
61
0
37
0
3
135
2
0
156
9
0
6
83
8
26
2
3
5
2
0
0
13
331
0
0
0
9142
0
3
1213
0
1
53
0
0
349
16
89
1
2
0
0
1
1
3
0
2
0
3
1
728
1
0
0
78
0
1
185
0
11
0
75
21
0
0
0
3
0
30
12
0
0
193
4
725
0
0
0
0
0
0
88
5
0
0
269
628
2
5
9
0
4
17
1
2
0
1
0
17
0
0
37
0
32
0
0
289
3
0
29
0
1
0
1
2
447
1
2
64
16
0
1
0
1
0
0
0
0
257
3
5
0
2
5
22
772
0
1
0
241
1508
0
0
0
0
22
0
0
5
0
90
0
205
253
488
62
10
1
3
0
0
0
20
1
0
0
2
1
4
376
0
4
0
0
0
0
7
600
0
46
2
1036
1
4
2
20
0
0
0
0
1
0
7
32
0
3
1
3
160
0
5
1
118
0
0
5
8
7
0
0
176
0
2
78
0
21
1
4
24
4
0
56
14
0
2
0
1
2
1
3
20
8
3
0
1
0
22
9
1175
21
0
0
15
4
1
0
691
0
147
0
0
0
0
0
0
80
0
0
1
3
2
9
3
266
79
76
75
0
4
83
0
2
3
0
0
15
0
0
2
0
4
1
3
187
1
6
1
0
0
0
28
0
0
1133
0
0
5
0
1866
0
147
1
63
1
0
1
6
10
0
6
2
14
0
100
0
0
0
1
1
0
1
1
36
0
800
4
1
202
26
3
332
0
1298
98
0
1
0
2915
246
3
1005
0
0
0
18
2
0
3
48
186
3
394
1
10
7
1619
1
0
12
1714
2
2627
0
0
1
0
5
1
2
1
0
2
1
21
2963
0
0
1
97
0
134
0
0
0
12
97
0
100
946
0
0
2
0
0
9
0
0
0
3
0
0
0
2
0
9
479
9
0
1
27
2652
3
0
10
3663
540
4031
0
1
163
3
2
0
1609
1
76
1
0
0
1
49
1
4
17
7
1
3
12
837
0
179
0
0
0
0
0
0
910
0
73
6
65
0
6
2
0
1
147
22
0
403
0
0
0
0
2
0
0
1
7165
12
16
3
22
1
7
0
0
4
0
8
13
212
1
19
1
0
0
0
0
118
0
0
21
206
0
2
0
0
6
512
2
0
0
9
0
0
0
633
32
1
75
1
2
941
0
263
0
0
2
1
80
4
142
212
0
0
24
100
0
698
112
0
0
65
0
0
3
0
136
5
4
0
1
0
0
729
3
0
1
0
0
0
1
1
1
85
57
0
7
0
7
0
1
0
38
2
0
1
12
0
0
2550
4
0
7469
2
425
0
0
15
0
3
0
208
6
229
0
1
2
0
0
0
0
435
0
0
6
4
14
0
1
123
1
0
285
1
7
5
0
0
0
3
0
0
0
1
0
31
0
0
1
0
3
322
0
21
36
0
2
42
0
3
0
0
0
1138
1
10
0
0
1930
0
5
1
103
1
0
23192
0
1
0
0
0
1
1
1579
1096
0
2
29
3
3
0
2
3
4
0
0
3
26
14
0
0
0
0
2
29
1
1288
0
0
0
6
46
0
7
0
1038
5
8
52
2
5
1
1
134
0
0
1
0
244
36
0
0
4
0
3
1
0
377
23
1
13
2
0
66
0
0
0
0
0
9
0
1
180
2
0
1
1
0
1
0
2
0
11
25
14
0
10
0
5
78
36
0
57
0
0
0
0
0
2
58
4
3524
144
0
0
365
0
0
0
2260
0
0
4
3
0
11
397
109
0
61
0
593
0
185
31
0
6
7
1
0
0
0
39
46
8119
0
0
94
0
3
5
0
1
173
13
0
1
0
2
0
0
473
0
0
2
0
0
9
0
28
0
0
0
0
6
2
0
21
31
0
0
0
0
2
1
22
582
7
7
0
11
2289
31
60
202
0
5
1
3
0
350
0
0
199
0
0
0
3298
1
0
1
40
0
49
1
5
1
1
374
0
7
89
3
173
0
1
0
0
0
26
413
1
3
0
0
0
0
14
8
1
1
3
1
1
20
25
0
1
0
56
0
0
0
7
0
26
2
0
1
0
7
233
1435
0
100
0
0
0
0
0
0
5
0
0
137
0
0
0
0
67
0
0
0
4
0
0
3
34
0
0
0
0
0
8
62
3
0
2
35
0
26
0
1
0
0
41
0
1542
0
0
0
2
0
0
1194
0
0
4
91
18
204
1
0
3
0
271
1
4444
1
2
0
398
11
2
6
11
1
0
0
0
0
0
0
3286
62
7452
0
5977
5
113
1
192
1226
0
0
0
12
0
3
57
13
2
0
0
1
4032
0
4
314
0
17
3
0
0
0
1
0
2
79
0
0
1
5
0
1
2
0
97
1
1
0
1
1
607
0
294
0
0
4
3
1
3457
0
0
2
10
0
19388
5
84
32
97
2
15
0
2
1045
2
0
0
0
0
0
29
0
0
0
1
0
30
8
0
1
0
0
1
0
0
0
0
0
0
242
0
57
2
3
1
0
613
3
1
0
0
0
4
0
1
0
2
0
0
58
244
0
2
1012
5346
6
220
0
484
1
29
0
56
716
0
13
8
0
0
5850
1
0
0
1
6
3
0
0
4
0
0
21
0
0
17
19
10
0
413
0
0
0
1
0
0
128
0
4
109
0
36
0
0
0
33
20
2
14
5
0
0
9
0
1
0
19
0
0
0
37
397
0
0
0
1280
29
589
0
0
0
1
4453
466
97
1
0
0
91
0
4
632
1
293
93
0
23
0
2
1
1
1
0
1
0
0
0
0
1
330
8
0
1
1
0
827
0
38
72
0
235
1
0
7
47
0
0
1888
1
11
0
0
0
0
1
1
0
0
0
941
0
6
0
0
0
0
0
0
4
0
1035
0
31
0
2
355
0
5
1
11
1
0
0
3
1
24
3
0
106
0
0
15
970
0
380
5
0
2863
0
1
4
0
0
12
1
0
0
29
0
0
0
0
0
3
2
0
1
21
591
3349
0
4
0
0
12
414
1
2
24
0
0
2
4
1
255
1
51
0
4895
0
0
2
0
16
2
0
2
5
3353
3
0
0
0
0
0
0
107
38
153
0
32
0
0
6
129
0
298
1
95
0
1
13
2
48
0
0
20
2
1
0
0
0
17
51
0
2
16
347
11
12
80
21
728
3
13
1
14
0
2
0
0
0
111
0
0
206
2
0
3
4
0
3
0
1
0
0
0
289
0
1199
30
0
0
0
89
0
0
1440
0
0
0
107
1
0
3
16
0
0
0
0
63
0
0
243
2
1
4
1414
0
0
3
88
3
0
2
3
0
0
0
0
736
6
92
0
11
2
3
1
0
1
0
2
0
1
0
0
0
1528
0
0
1
19
0
2697
0
0
2
0
0
0
5
31
94
8
0
0
0
0
0
0
0
452
17
2992
203
1
146
0
3
0
0
1
0
155
2
0
1
183
14
0
0
0
1
2037
0
0
8
11
4
312
77
0
1
3
12
0
0
15
0
6
1
0
34
4
0
1
0
3
671
0
31
0
0
42499
1
0
0
1
0
0
16
0
0
0
0
1434
6
80
4
1039
0
0
1
0
2
33
0
1
1
25
2
49
1
0
46
178
535
3
1031
0
2481
0
6
4
7
6
0
0
0
6
0
18
4
8
11
64
0
2
0
2
0
19
0
0
0
217
480
4122
7
2
0
0
0
0
1
0
2
0
0
291
0
1605
0
2
47
0
0
2
891
68
0
0
175
50
3
350
0
0
276
40
0
3
22
0
0
27
15
59
0
5
8
1
207
0
21
1
397
3
228
10
0
0
0
0
0
2
54
1
0
0
64
0
0
0
0
0
0
0
6
0
0
0
14
2
0
134
0
424
0
24
0
0
0
1240
0
0
1
0
4
0
12
96
0
1
0
1
153
0
2
0
0
21
0
4
0
5
0
0
267
0
0
0
0
1
0
0
1
2
0
0
7
196
0
90
0
5
659
1
1
37
1
0
3
0
1
0
0
0
0
0
61
1
215
0
10
0
1
0
0
1
17
14
23
98
1
31
4
3
3734
81
0
0
14
145
3
0
85
4
0
0
7
3
6
0
0
4
0
48
9
44
0
2
0
0
16
1
0
55
8
137
0
16
0
0
2
0
67
0
0
0
85
0
0
0
563
0
0
1
11
0
0
222
0
2
8
3
466
0
3
0
0
2
1
0
16
0
285
33
7
15
166
0
1
0
287
582
0
0
15
451
0
57
0
1
0
0
0
4
64
86
0
0
1
119
1
6
0
0
0
1
6
0
0
0
5
0
0
0
3
6
0
0
220
0
1
1467
40
1
145
1
7
0
1
0
0
3
1
0
2
2
556
0
0
40
16
2
0
0
1
0
6
0
0
0
373
0
0
29
0
0
0
0
7
0
0
4
59
288
10
8
23
3
126
1
11
9
0
0
0
13
0
0
2573
0
12
0
240
0
0
12
8
335
45
34
0
14
5
0
0
11
1399
0
1
0
10
1
0
0
8
34
46
1
2
2
159
0
0
2
147
2
1
3
2
0
0
0
0
109
5407
1
4
0
16
125
0
0
6
15
7
0
1
1069
0
0
1659
0
20
44
0
0
0
19
0
14
0
1
159
0
31
4
0
3
1046
0
0
5
3
0
0
1
12
0
8
0
2
0
0
0
0
0
2
0
0
0
0
15
0
1
0
0
515
5
18
0
2
0
0
3
3
9
249
0
4290
0
0
14
6
2
0
0
3
0
1
0
0
33
194
1
1
2
1
0
119
22
0
1
0
0
0
0
0
21
1
0
0
0
0
1
1
1
6566
14
21
3498
0
0
250
2
0
63
29
0
0
0
169
431
1051
0
140
0
0
0
0
80
1
113
1
3
0
0
0
0
0
2
0
233
0
0
0
11
0
625
1
4
4
502
1
0
0
0
2
0
0
0
0
2
1
1
0
3
0
80
0
7
1
0
2
32
14
28
1
5
146
13
0
0
0
2
0
0
6
15
0
26
1
1
12
0
0
515
0
990
0
5
6
0
0
0
89
1
2
0
1
0
5
2
0
1270
5
1
2
0
0
15
27
1
0
2
12
1
334
0
21
0
28
0
8
61
488
0
1
45
374
0
4
0
0
209
26
0
0
0
1232
0
541
1
0
60
271
0
21
1
0
12
3
0
0
0
0
0
0
0
0
2
671
4602
0
1
46
1
0
4
524
2
2907
3
2
0
1
0
0
1
0
435
0
559
0
1
0
0
0
18
5
1
0
22
5
0
1
181
3
32
30
0
0
895
489
3
13
0
167
0
1
8
0
775
0
40
0
0
0
192
0
0
0
0
0
14
2
956
0
59
0
208
1
2
3
203
0
31
41
0
1
5
0
25
1
1
0
4254
0
374
54
0
2
0
91
2
2
152
13
3
24
3
0
0
58
21
0
5
17
58
0
0
1
87
1
14
0
4
0
2
6
3
0
25
0
17
0
10
0
0
1
0
0
2
3
0
1
23
9
0
0
5
1
3
19
0
1941
0
5
9
1056
3
0
3
0
193
42
1
4
4
20
8343
18
12
0
415
7
81
51
0
0
176
6
1
397
0
0
0
23
0
0
0
0
12
103
163
0
0
0
0
12
0
23
688
3
0
1
11
12
0
0
0
636
0
19
4
0
1
0
1
22
18
0
1
0
4
42
0
10
2
6163
0
159
0
4
387
0
0
0
1
9
0
1286
0
0
2
13
95
55
0
0
0
8
162
1
8
0
0
0
3210
236
8
0
0
0
0
29
0
0
562
1
0
15
1
0
3
1
1
0
87
9
0
2
1
0
0
0
23
0
0
40
1
1
0
0
31
0
7
0
131
203
2
1
0
847
11
24
0
0
0
60
2
0
2
0
0
3
0
7
0
0
0
0
0
0
713
0
7
24
0
0
20
0
568
0
0
0
0
0
17
36
1154
2
0
0
2
1
1
8
6
0
25
3840
18
1
1
0
0
320
34
271
1
29
3
4
329
28
1
1479
0
0
0
95
0
0
0
1899
0
14
0
17
318
0
1
0
134
1
0
0
4131
5
0
58
9
0
0
1520
26
244
0
1
50
0
0
0
35
0
1
0
0
52
0
0
0
0
4
0
0
1
111
1
0
0
0
0
5
3
2
0
0
0
67
3
3
0
0
0
0
0
91
1
3
11
0
68
2
21
16
0
0
0
0
1
620
0
0
926
0
0
0
0
0
56
344
10
0
0
2
0
2
0
41
0
3
28
1
1
0
0
5
0
0
0
0
0
3
3
10
0
7
10
0
297
145
0
0
0
0
837
0
0
1
0
0
6
0
0
0
0
27
1
1
1
0
0
0
0
8
1
0
6
0
9
0
3
0
0
1
0
43
0
0
5
30
0
0
0
2370
2
0
7
30
151
0
0
4
0
0
0
12
3
0
8
14
1
0
2
43
0
0
1
0
41
15
0
19
0
67
3
0
27
0
1
20
23
10
13
0
4
0
0
270
0
0
58
1
0
0
0
958
0
11
0
0
0
152
105
0
166
7
1
2
0
54
69
0
29
0
0
236
3
0
0
61
0
23
105
0
1
224
34
19
255
90
0
1797
2
5
0
1
0
50
0
0
1
0
183
0
0
0
0
0
201
0
12
0
0
5
0
2
2139
0
0
43
120
73
5
0
0
33
0
1082
0
4
295
9
0
2
203
1
1
1
0
0
205
5
6
0
42
0
1
1
0
1
27
0
1
0
0
38
7
0
16
4
0
15
23
4
0
0
0
6
1
0
3
0
0
0
0
0
0
0
0
0
3
0
0
579
1
6
13
2
0
1
1
0
22
3
0
3
0
0
1
4
1
562
1460
0
13
1
3
0
4
5
10
0
2
0
748
6
0
1426
16
0
7621
0
0
0
11
1
2
2
10
0
1
140
0
89
0
2
0
0
0
0
0
0
0
11
2
0
677
54
78
0
0
2
0
0
17
0
2
0
6
0
52
0
0
6
10
391
0
28
0
1
15
417
7
1
5
5
2
168
0
0
2
18
0
822
13
19
0
0
6
109
7
0
1
1
1
0
0
0
0
89
0
0
159
250
9
1
5
0
520
4
1
0
0
0
0
0
0
4
1
20
1
50
3
0
1
0
0
0
3
1
373
0
4
3
34
10
0
20
0
47
123
37
1
23
0
0
25
0
145
1
0
0
8
0
3
0
2
0
0
0
15
0
397
67
1
0
5
6
1
0
0
289
0
1
0
0
21
2
0
0
0
8
5
8
0
0
1
4
5
0
78
1
2
3
1
0
203
15
0
1
0
33
1
0
0
1
4
0
8
0
43
0
13
2
0
0
1
101
0
0
1
0
16
0
4
41
0
40
64
0
0
1
0
0
500
13
1
176
0
0
4
40
20
1
0
0
0
0
0
0
449
4
294
1
12
0
0
20
391
0
0
0
0
0
1
5
56
9
26
59
291
3
1
5
103
89
213
0
76
0
247
39
280
18
207
0
46
2
3
0
1
0
63
0
127
0
5
0
3421
110
0
22
60
895
93
2
0
0
0
2
10
0
56
4
4
0
0
1
1
23
0
128
1
1
0
39
0
1569
1
0
2
1
3
0
0
0
15
4
82
1
0
0
0
0
1
76
27
0
1
151
0
1
9
5
6
0
0
0
20
188
27
0
0
46
0
0
0
3
0
0
0
0
0
0
1
2
0
7
5
0
0
0
0
0
1
0
34
0
0
0
1
6500
14
0
0
3
0
0
0
21
162
0
35
0
0
1
0
0
1
0
0
3
0
0
0
3
506
7
0
0
7
0
0
245
9
44
0
0
874
0
0
0
0
492
2
1
0
0
1
143
63
0
2
0
0
0
0
0
2
2
9
0
33
0
41
1
1
301
249
0
0
0
1
16
64
1
27
3
6
1
0
0
189
5
13
0
685
0
22
88
15
0
0
0
0
0
274
13
48
0
0
0
229
0
0
2
0
2
10
5
4
0
15
119
14
0
78
0
4
0
2
19
1
0
202
24
0
0
1
0
0
0
54
0
3
11
0
37
5
14
1
0
0
104
0
0
2
0
0
0
11
1
1
42
1547
0
37
44
0
4
4
0
906
346
0
0
0
0
30
1
1
1
31
59
0
1
25
1
7
0
3
0
0
2
1
0
1
0
2
8
3
0
110
1094
991
0
0
0
0
51
30
3
1
0
100
0
0
2
0
0
11
121
0
0
411
1
159
1
275
6
0
1
286
0
2
0
0
791
23
0
120
0
30
0
13
1
0
3
0
0
0
2
81
0
1
0
10
0
8
2
0
776
0
0
5
1
1
30
3
0
1
5
34
306
0
2
6
0
175
0
0
0
331
0
143
0
175
23
0
17
1
1
15
42
0
0
0
0
26
0
0
4
0
0
4
0
0
0
0
0
0
1
0
74
4
317
289
1
1
6
0
4
3
0
0
547
1
296
0
198
6
1
0
0
0
1
88
0
1
0
0
1
123
13
6
0
0
10
1
126
49
0
0
1
19
0
1
1
0
0
1
0
28
0
0
9
1
0
6
0
0
156
2
0
0
0
0
5
0
0
8
68
113
0
0
0
0
0
1
3
418
84
26
0
126
6
0
3
23
1
0
140
3
0
0
1
0
2
11
1
0
0
2
2
0
0
249
279
3
11
0
4
619
0
13
0
0
33
6
44
0
0
23
183
0
2
3
12
1
0
0
10
4
12
0
0
471
3
0
0
0
1
0
6
2
1
102
459
0
0
5
1
0
0
26
12153
0
0
0
2
4
0
0
0
6
0
0
0
28
0
805
4
0
27
11
90
222
0
0
0
0
20
0
0
13
1
0
0
6
190
0
1
35
589
0
0
945
112
7
0
38
2
28
0
5
1
324
139
5
2
10
3
0
11
1
2
6
1
1
4
0
14
5
3642
4
1580
0
0
657
0
0
0
9
0
31
0
9
333
0
0
0
0
2
0
7
0
3
0
9
2
11
56
0
376
0
0
43
1
0
330
12
0
0
6
0
1
0
0
0
1
0
0
1
1
0
0
0
1
2
0
1
3
7
96
1
1
0
0
1
0
0
0
83
0
0
179
8
0
0
5
15
11
0
0
0
0
2
28
1063
0
0
0
0
0
0
10
799
0
9
36
4
0
3913
0
0
0
0
129
0
3
0
0
0
1
1
48
1
0
12
1
1
0
3284
4
2
1265
0
4
0
0
0
1
16
7
0
0
0
43
0
0
7
19
0
2
4
0
18
0
74
0
0
0
1
0
0
3
0
144
1
1
0
3
1
202
0
3
64
0
1
5
0
20
0
79
0
0
1
0
177
0
6
0
0
134
0
0
52
1
44
0
3
5
0
20
0
226
13
0
0
0
0
0
0
0
0
0
0
1011
4
1
10
771
2
35
427
0
18
3
0
0
0
0
4627
0
4
0
26
0
0
30
1
26
25
23
0
0
0
0
2
0
0
158
11
20
0
9
41
75
2
832
73
0
5
1
4
35
0
491
1
1
0
0
0
964
1
0
0
12310
1
0
0
9
0
5
1
7
15
1
27
32
0
150
0
32
2
0
5
0
17
0
16
1
0
28
0
0
1
1
0
0
0
0
2
0
0
1
1
0
262
0
1
0
0
692
445
0
38
7
5
1
46
0
116
27
2
0
1333
78
562
0
0
4
0
0
51
1
8
25
1493
10
0
0
532
83
0
0
15
397
8
50
72
0
0
230
15
0
0
11
979
0
3
16
27
0
0
96
3
0
0
2
0
7
6
214
0
0
31
2
25
0
0
23
3
2
0
0
1
0
6
10
7
0
48
0
0
1
7
0
3
0
924
0
35
1262
0
207
0
0
1
0
0
365
1
0
2
52
71
44
1
1
15
0
213
0
65
857
0
6
10
0
5
0
0
2
2
5731
0
259
1
1
3
1717
0
2
2
0
0
12
0
1
3
10
63
0
42
16
38
0
0
0
2
0
0
3884
0
1
0
0
55
1
2
5
0
230
493
1
0
7
26
0
28
1
5
0
7
0
1
0
0
0
1
0
0
4
81
0
0
70
1
36
1
9
0
0
20
0
846
0
20
5
26
0
31
7270
1
0
1
0
31
0
808
232
0
8
4
10
0
11
1
46
0
0
0
0
0
2
0
0
7
0
0
0
23
1
779
415
99
13
96
3
0
3781
0
0
2
0
54
18
17
0
3
0
0
26
3
67
0
51
1
3414
0
1
0
13
6
2
56
0
0
23
0
1
0
7
2919
8
0
6
0
0
0
10
15
2
36
3
0
0
31
0
0
0
0
0
0
20
0
14
18
0
0
5
9
37
3
0
0
305
0
568
4
0
1124
0
0
2
3
249
21
359
504
0
0
33
17
0
1
586
0
24
0
4
0
2428
0
0
10
0
103
11
3542
31
0
50
2
30
495
3
0
0
12
46
0
0
0
284
13
0
207
0
723
0
2
391
0
408
0
3
1
182
5
383
6
0
0
158
2
0
0
63
0
3559
6
21
0
1
650
7
8
7
23
5708
11
2
3
0
0
3
649
2181
0
0
36
3
5
1
58
5
1256
0
4
43
0
3201
3
0
32
0
0
22
0
85
0
16
0
1
0
46
0
0
3
10
1
102
0
4
32
0
16
1
155
0
0
3
22
1944
1815
1
0
22
0
9450
0
0
0
0
0
1228
2
1
0
0
1
0
0
1
24
3
0
0
8
7
0
31
21
30
0
2
0
196
0
0
0
0
10
0
370
0
0
40
0
58
5
0
148
6
0
235
0
1
24
0
0
1
0
2
0
6
0
1
0
7
1
298
2
7
0
0
0
443
2
0
8
17
15
0
379
21
4
47
143
0
7
0
0
0
0
0
0
19
15
20
1
5
188
131
0
9620
5
4
8
17
11
0
3
0
0
0
48
37
131
0
1
0
0
7
0
0
2
0
11
0
0
73
0
6
0
1
17
3
17
0
0
3184
1
2
1
10
23
5
96
1
0
0
29
0
89
1
141
14
1951
2
57
495
11
262
0
0
1
303
6
36
2
0
108
0
0
31
0
2
0
1
0
0
0
0
0
2
650
8
0
0
0
62
0
0
2774
1
0
0
1
488
1
1
0
0
351
1
55
18
7
0
121
58
0
2
496
12
105
60
31
0
37
0
9
7
1
0
0
5
0
0
1
1809
2057
1
0
3
39
52
131
1
0
315
1
25
0
1
76
2
0
1
4
84
5
0
2
6
0
0
0
0
0
0
25
0
86
2505
0
0
0
233
0
6
0
0
19
0
0
81
0
0
177
88
1
0
0
0
2
488
20
9
375
2005
37
0
0
0
169
73
0
3
0
1
0
0
1
2
0
4
740
2
69
2
12
1
0
0
2
0
1
7
0
0
7
0
0
1
0
15
0
1
6
0
1
1139
0
0
168
0
0
0
3
37
0
0
12
675
1
0
0
0
0
24
0
1
20
4
0
53
0
1
0
0
10
163
0
0
0
0
1484
98
1
0
32
4
0
0
1
0
806
5
9
1
118
560
0
0
14
0
1256
1303
8
22
257
1
1
0
24
0
7
1
0
1
6
0
15
138
0
0
135
689
394
1
75
2
10
0
1
1
0
6
160
0
0
4635
0
14
0
0
0
0
2853
0
2
0
301
2
25
10
3
6
1
0
2
0
2
5
1
8
0
4
4
2
0
0
87
0
2
740
1
167
175
0
689
0
0
4
0
3
0
2
0
0
35
213
6
0
315
0
40
1
1
0
0
0
28
1
161
0
0
234
331
0
0
0
0
0
0
0
0
19
24
0
0
1
2
0
1
433
1
1
348
0
3
1
0
55
0
0
0
262
0
0
0
0
154
6314
4
1128
29
0
3
84
49
0
0
4
9
5
0
8
5
1
0
4
1
43
2
0
5
0
4187
2
25
1
25
0
0
0
181
0
10
131
3
0
14
0
2
0
3
0
1
384
24
550
54
125
9
65
0
61
6
0
1
3
2
0
560
937
0
0
2
0
2
1060
0
0
140
6
7
0
8
6
0
230
249
0
26
8
1
10
126
0
1
1
0
0
0
970
14
44
7
0
0
0
1
3
2
5
1
0
37
3
1
0
0
4
10
0
1
0
0
0
2462
0
1
8
286
0
3
7
0
0
0
6
46
0
39
0
3
0
0
811
0
0
20
5
22
0
1
0
13
68
7
0
0
0
0
0
38
0
0
0
16
0
0
0
0
0
0
0
1520
93
2
13363
0
17
1
0
4
1
383
79
1
0
2
2
1
39
0
0
2255
12
0
1
0
5
16
1
0
121
0
0
383
59
0
3
0
0
6
125
6
0
257
0
5
4
5
3
0
0
40
0
8
0
1921
130
14
6
0
0
343
0
0
0
0
0
44
17
0
0
53
0
1
0
25
0
0
0
0
0
0
0
37
27
4
0
0
1103
0
3
4835
0
1
2
6
21
3
1
0
767
0
0
141
11
1713
0
0
916
0
0
0
27
0
1
20
129
0
1
2
0
27
14
1
0
0
28
0
3
2
2217
0
0
0
37
0
517
20
1
0
0
12
1
0
7
3
3
0
132
1
13
4
6
0
46
62
2
9
89
1
1
4
0
1
0
0
128
5
26
2
0
5
0
19
627
1032
0
0
0
55
349
33
0
56
0
0
4
0
1
5
1
0
0
3
3
4
0
3
3
0
0
0
1630
0
0
47
0
0
0
1
0
0
4
1
261
1
0
4
14
6
5
4
42
0
1
0
2502
0
12
108
156
7
98
1
0
0
965
0
0
6
0
1
394
2
3
0
0
0
163
0
10
0
1
1
0
0
0
6
0
0
0
200
8
0
4
319
33
1
42
2
0
0
4
3
0
66
0
6
22
0
0
0
0
0
3
492
6
0
22
0
180
5
2
1
0
19
19
56
2
0
6
1
3
1
0
246
129
1
0
0
0
15
21
0
0
0
0
0
0
0
9
0
1
0
2
1
0
13
18
0
2
311
0
19
3
3
1
0
13
2
8
6
18
0
136
865
1
0
1
2
19
0
0
13
5
0
1
0
0
49
63
17
3
187
0
0
0
17
10
0
3
0
0
0
0
0
6
0
1
33
488
5
0
0
0
0
4
5
20
0
28
0
115
0
730
3
1
0
0
0
0
14
90
0
0
5
0
0
0
0
4203
0
0
0
0
0
0
4
63
1
0
3
0
30
56
5
0
10
9
67
0
0
5
65
130
0
1
172
0
1
1
0
3
0
2
0
297
0
0
5
13
5
1
0
3
0
0
35
0
0
0
1
1
0
4
6
420
1
0
34
1
43
21
0
0
0
1
0
5
13
2
26
9
9
0
0
0
110
43
0
0
0
0
12364
10
26
3
6
2
474
58
70
233
5188
0
253
3
0
0
0
0
0
0
0
0
4
0
1
4
22
63
0
0
1
0
74
0
0
1
0
2
7
8
37
2
1
0
0
7
2
18
0
0
0
0
4
6
7
0
0
0
0
3
356
0
322
8
3027
7
1
716
24
41
6
1
0
0
0
0
667
7
0
0
0
1
0
3
0
54
0
0
0
1
1
1
1
0
398
0
0
1
0
2
0
0
1
8
39
11
0
12
262
107
16
0
3
52
575
343
0
18
9
21
0
15
1
0
278
0
11
3
0
0
139
64
0
1
1
4
0
0
0
0
23
1
0
0
0
2
0
0
69
9
2
5
0
1
54
16
0
1
187
2
0
270
22
28
35
5
0
1
3
1
0
7
0
1
21
43
8
0
43
23
1
6404
53
55
61
0
41
34
1
0
0
20
48
9
0
0
1
8
8
0
22
0
0
6083
0
2
0
14
0
0
0
0
0
2
2
12
0
0
26
0
9
0
0
0
2
0
0
8
2
0
282
0
0
0
0
0
1
0
0
19
0
1774
0
77
26
1
1
0
1
73
557
180
17
0
2
1
1076
0
0
0
2
0
80
0
0
2
0
53
0
0
0
0
402
0
0
0
0
1
17
7
0
180
0
0
0
63
0
0
4
1
0
3
0
1
0
7
0
97
0
6
0
0
320
0
0
40
77
1
1
365
0
0
0
8
2
0
81
0
1
3
5104
13085
21286
27
169
1612
876
87
261
16
0
3
24
3566
329
169
314
7759
1788
28
147
41567
4140
75
128
1612
163
3542
0
1243
147
9890
180
6
12445
1612
14953
291
1612
62
11
440
13063
133
38
12859
2135
13570
11
117
140
5659
163
1399
6642
11
1255
960
11
5669
20
440
8170
163
0
53
0
1199
63
11
0
36
6125
30454
91
716
1566
2183
22182
734
2
0
3551
1083
0
12
72
0
9
11
7092
79
992
915
0
35
4843
11
7104
264
35
347
11
79
25255
394
0
174
118
984
37
2
2034
615
282
53
2344
17
0
0
6
2
8954
12
28
595
13187
21
333
75
30
699
970
0
12
1582
907
52
4869
2702
32
21
80
231
1335
5126
62
9
27
1071
3330
111
10
0
3
10524
6548
5729
55
0
0
22
0
238
2136
6
0
2180
321
3
23
403
4
0
113
1106
29
72
1336
113
227
64
51
67
51
9
1
7
26
1
2086
17164
9419
0
0
1
35
0
7
20270
0
0
3788
11625
115
4
3202
306
0
172
287
0
31
44
6
31
265
0
196
54
6635
0
0
3
285
317
53
0
0
51
0
3477
9
2
4075
0
14
2
9
87
5697
166
343
229
5
21926
12062
17874
14
520
480
429
54
8
0
7
2
21
68
7
259
0
2
7261
6129
0
1679
0
223
1259
253
52
0
2
20200
40
94
1
9
0
1
0
16
3
0
176
6614
1
58
1
30
0
0
1810
0
31
3
187
79
18
245
375
1
0
386
1138
0
0
8896
500
0
437
0
2766
0
57
817
2701
1
19
405
0
75
21257
0
0
89
0
27
5
9
792
23839
40
0
5
252
669
3
0
52
0
0
4
275
38
26
54
7339
0
6
7
0
0
0
3552
68
2010
38
31
4422
14
0
6
3931
0
25
4388
2
176
4
23
7
2
1
679
1
172
7
9
758
25
2095
157
453
0
0
154
1
0
59
20
0
0
5
378
0
4
642
0
1
2420
874
0
225
2271
1
56
3519
337
5
427
0
9
4726
5289
0
6261
0
1139
73
1
967
4
1
0
40
401
521
287
1459
70
1
1
1569
107
4
9993
93
0
16429
3
420
0
8
383
1
128
2
1
0
0
36
0
0
2
154
0
1
2
808
51
0
0
3
3
0
21
2
5263
0
0
8
0
0
0
0
0
1
0
0
41
33
291
5752
19
0
0
2
0
6834
0
26
0
4140
183
0
0
4
726
0
9
0
34
261
23
2617
2
9911
984
0
0
422
0
0
0
4
0
13
4
11
66
7
290
316
0
421
0
0
13
1
8218
2163
0
5
1154
3
83
2
1
3
0
4
681
3
0
1
5
18
2
0
3135
9133
3
0
9
17
578
0
10
5177
2696
2
0
0
20
1
0
2721
80
446
20
5
8
0
18
0
0
0
52
0
0
10902
0
6
1579
0
1
4
1
234
0
0
0
27
0
0
0
0
624
0
134
86
0
0
59
327
230
580
0
6
0
130
421
261
0
1782
0
6930
349
2
0
82
5
0
5
0
0
65
0
1
0
0
3133
4
29
23
1
5461
1011
0
1
0
0
1
0
4
0
5614
5
0
6
294
0
6
5
1595
1
0
0
0
0
1
0
70
282
1
91
12481
2728
2
29
0
6
0
0
16
5
0
1
43
4228
268
1194
17
12
87
0
786
4
2
2
0
0
74
8432
16
0
21
3
0
0
61
46
1
0
10
0
6563
0
263
10
1
2
21
0
2
1450
372
278
2095
5
5228
1842
1922
1068
2
0
0
0
9
31
4
0
0
7588
2973
2681
0
3
814
3
3
2
63
0
0
1
102
160
2145
0
34
0
21
0
45
72
0
2
1
368
33
8
0
27
0
0
210
1
75
0
0
0
97
0
363
115
0
709
7
253
3
436
0
3
295
1859
131
21
0
1
47
0
628
7
3
12
100
1
1
55
358
0
13
0
0
6
63
10
7978
261
40
0
238
2
1
2
38
0
2132
0
1
2
0
13
2711
0
88
2
5
0
0
2
0
749
0
0
0
210
1
106
93
871
0
5
8
0
0
456
11
12
2
0
1
73
26
0
0
78
0
2
132
5
110
14
0
5
84
68
9
2
2
45
9
76
0
5
0
2
5
26
85
4282
58
24
1574
637
61
1572
11
622
0
4
218
0
8995
0
1253
0
200
0
15
12
6932
1918
67
31
832
558
0
1
38
0
3
2
12
0
2
0
127
1
1
773
0
0
2
21
3
19533
1
16
0
10
0
58
0
116
49
824
1
8
0
0
5014
34
5
1
1
152
0
2
2
0
0
7327
38
0
250
1
0
0
631
0
0
1
139
157
2158
629
15
5
6
1
649
902
767
0
0
0
0
0
14
0
91
19
2
24
0
0
0
0
0
341
0
1
1
9
20
1
11097
1
13
4
2093
76
0
63
1
46
1
5
0
1262
1
0
3
26
6
3
132
58
1
4
0
4
2
0
0
75
1
8
0
1245
0
1
1
4
145
3
4
37
11
1186
9
520
4
0
167
0
1
1107
43
20201
43
2
0
72
44
15
24
0
0
81
501
0
573
0
270
1
26
626
1
4
1438
0
1
1
1288
159
1
50
32
0
3586
0
0
7
0
0
5
0
2
16
22
2
7
5
0
0
114
0
4273
6
0
3
63
3679
1
78
3
50
2
0
0
0
0
0
0
1032
0
0
3306
2161
4
0
27
7
0
1159
1
112
2
14
260
0
0
1
0
9
0
0
1191
0
1266
0
3
0
2
0
0
19
195
1
7986
3
32
2
4
3
1
0
0
0
2
271
6
0
0
3216
106
42
3
0
4
0
2921
0
1
849
1
3
16
0
167
0
143
0
15
0
0
142
0
0
153
0
28
1
0
0
0
1619
0
25
1
1
12
0
1
1
88
70
0
1
0
1
0
0
0
27
0
0
0
1
0
51
0
0
2
0
0
5
28
17
0
48
0
0
16
791
0
0
1
7
0
156
1
0
0
197
0
0
3
1470
42
66
0
9567
30
2
139
46
2382
4949
6
0
201
34
1353
0
9702
27
1
2304
7
2
1
12138
13
59
39
0
0
1550
43
43
0
20
0
0
0
0
1
13529
1
1
0
557
2
1575
0
0
3332
0
0
0
29
0
52
1
1
0
0
0
0
420
968
21
2
1586
280
340
0
323
7
277
4196
44
127
2
0
177
0
1
3
0
96
101
5854
1
0
1
5
0
26
0
0
0
270
10
39
0
0
0
0
0
4
15
1
0
2219
27
18
125
0
218
0
0
0
63
4
0
837
1
913
0
0
185
0
5
67
0
0
18
186
5
1
4
1
16
2
0
9
170
1
9
0
1534
27
0
1
573
129
0
2
2
5
0
398
6
1
30
0
233
3
3
0
25
1028
3
0
0
0
0
1443
0
198
4
69
29
292
0
14
0
0
1100
0
2
0
0
0
23
0
0
0
1
0
0
4592
16
3
3
0
4
505
2
34
0
18
1
0
0
0
1233
1
0
406
0
1017
0
4
0
5
0
49
0
3
2438
0
3
0
0
704
0
0
2
0
0
992
1
134
473
7
0
738
0
0
0
0
0
1
1
6
0
0
0
0
6018
0
102
0
0
1
1
35
1
2
0
1
11
4
1
1
1279
10
0
1
13
42
13
0
245
0
0
15550
0
36
0
0
0
98
2
0
0
0
2923
2
0
0
0
0
95
0
0
0
19
14
0
0
10
155
59
1
3
185
114
0
0
2
9989
466
6
30
0
0
2
2
10
12
12918
29
333
1
847
0
20
0
0
12
0
255
0
0
1
14
0
0
0
114
0
10
7
0
0
2
2
681
7
5062
58
10010
0
0
0
0
0
2
0
2
1
0
0
3643
0
0
0
6535
2929
2598
11
0
99
23
4
0
58
39
0
3
0
1
0
0
0
8
778
9
19
0
0
0
0
15
7
0
0
1
0
1
0
0
106
64
1707
1681
3174
0
10
3
2
0
0
485
380
11
0
0
0
1
0
1
3
14
0
0
0
61
0
1
5
9
0
1
1
66
0
1
3447
432
22
3
2
26
1970
66
0
75
9
58
340
0
0
479
0
3
186
61
10
33
571
1723
1108
0
0
6
3
2
76
13469
0
0
4
16
0
14
0
5
55
1046
0
0
0
2
0
1
26
0
0
0
34
16239
0
0
0
1
25
5
0
14
0
301
25
1263
12
1
0
0
2
155
17
9
1
184
3
12
4
450
0
0
0
8
25
95
21
16
3
710
0
3
0
1
2
0
641
0
0
0
124
0
0
2
225
10
0
0
0
0
0
40
31
48
1
1169
38
0
299
0
20
19
0
0
10
1
0
0
0
0
0
0
0
0
2
0
0
84
62
6
0
7
1
0
3
21
1
1
38
1027
0
1
1
1
1
23
0
12
0
0
1998
0
0
0
641
0
158
2
1
7
0
0
0
0
1
0
13
0
0
287
0
0
2
0
0
820
680
0
224
17
0
605
0
3481
2
124
170
0
39
7
41
0
0
0
2
1111
329
0
0
1
21
761
3
3
4551
1
2709
4
1
38
0
0
0
0
0
0
0
49
5
0
11
162
0
0
0
1
2
0
0
2
5
57
15
165
1
0
0
0
6
141
1
0
733
0
0
0
20
669
2241
15
2
0
1
508
132
0
1
1
0
436
29
0
19
0
0
3
1
0
2
172
2
1
765
28
157
15
0
0
19376
12
12
5
385
129
1
431
6
1
311
0
0
0
0
1
0
19
5
0
0
0
4
3
0
10
6
1
1
0
0
2
363
9
0
229
75
1
0
521
432
1
3
0
441
3
3
0
1
0
0
0
782
1
30
11
1
1190
0
1
2175
80
1731
7
3
0
0
0
27
34
737
12
21
311
2
0
0
0
498
0
22
8
2
0
3
757
13
646
57
0
32
32
232
0
0
92
9
1
18
9
93
954
0
0
0
6
154
2
0
167
0
786
0
0
0
171
5
0
0
0
143
1
8
892
77
0
0
0
0
127
0
0
9
0
0
1
3
0
0
0
0
0
0
2
47
11
0
1
707
0
0
0
0
0
705
100
266
30
4372
3574
1
0
125
13
3333
1
96
0
3
0
0
22
20
0
0
531
0
2
3
0
0
3
0
3048
0
1
418
5
0
0
0
119
2
35
0
57
4
0
0
1
32
1
0
0
0
0
0
0
1
5
0
0
0
6
0
0
4
4
0
9
0
99
0
1
0
3
0
14
0
0
0
7
125
0
62
5
13
5
0
141
0
5
0
1
341
767
126
2
1
140
0
0
0
0
0
9
73
0
0
602
0
0
91
1
251
1
0
0
0
0
0
6
2
0
0
2
0
0
1
0
2
1636
234
20
0
0
0
0
0
5
0
0
9
0
15
108
45
1
0
8
1
0
12
3
2
0
24
11
0
0
0
26
38
0
1
276
0
5404
0
1
0
0
0
47
1
998
1
286
0
1
0
0
0
17
0
142
1
2
174
0
710
1
2
183
0
3
3146
2159
0
0
0
1609
0
0
0
4
65
1
0
0
0
0
10
3
66
1
2
218
6
82
1
2
1
0
20
0
0
1
7
0
0
1852
0
0
1080
0
772
0
256
0
3
0
1
1145
0
0
0
281
157
28
41
4
0
1
0
1181
0
1
0
1
228
22
0
434
4
4950
0
1900
6
1571
72
16
10
0
2
147
0
154
0
10
24
298
0
15
0
0
8
0
186
2
1
2
0
1
4
3
0
0
21
0
1
5657
0
0
0
1
108
1
0
0
74
82
223
2316
116
1
0
1
0
20
10
7
0
4
2
1
1
479
0
44
0
0
86
41
0
0
2
0
2
0
744
3
32
490
1
0
93
0
0
0
0
3
857
162
2620
53
0
9
5
50
1
40
0
1
0
19549
17
0
2051
2
0
1
0
0
325
3
3
35
13
0
0
0
1394
92
0
105
0
0
0
2
0
1
0
0
294
4
0
0
1
0
0
396
54
2
0
30
4352
36
1
7
15
0
0
3
0
1
3
0
1
0
0
0
312
0
0
0
0
0
0
1007
15
0
189
0
4
1329
0
52
1121
1
3653
40
221
6
43
1
0
0
8
6
0
72
81
0
1074
10
0
7
73
0
7
0
1587
0
2
51
0
3024
1
3
59
60
0
1739
0
12
2
0
0
35
0
28
1
1
3
0
0
0
1
14
0
0
0
27
0
0
0
0
3
0
0
219
0
0
50
0
4093
1
0
3
292
0
8
374
1
0
2
4
15
0
205
0
25
1
223
41
24
0
0
231
1
2389
8
265
2
0
0
158
0
6305
8
21
3
46
1
118
219
1938
0
0
87
0
4
35
15
0
0
0
34
0
0
0
0
1
0
0
0
0
3722
330
2
5
5
0
2
0
20
275
0
0
13
0
11
20
0
1
61
0
0
31
0
1
56
0
1
3
0
78
11
12
0
3
14
3
0
0
0
2
0
772
39
0
17
3
15
2
9
0
1
0
48
0
3190
310
51
0
0
331
0
0
0
0
0
56
137
138
0
0
0
0
82
51
0
16
3
0
1
2
0
1
1
156
0
29
2
1
3
1109
15
0
53
0
294
4
0
0
1879
25
59
0
21
1
3
3
0
0
1
0
23
0
0
0
2
9
612
0
6978
29
136
6
0
0
0
0
0
0
54
23
0
0
0
369
0
263
0
221
0
0
1933
33
0
239
0
0
0
2
4
0
0
0
0
97
37
5
120
3
0
9
0
0
14342
1
19
0
1
1227
1001
0
4756
1
0
19
5
50
0
0
0
196
53
2
4
0
4
2
0
1
0
0
0
0
3
6
8104
15
85
0
0
0
0
0
0
0
5
79
215
1
120
0
21
2
21
0
40
3
329
0
12
94
1004
0
0
160
0
3
220
1
0
0
0
7
0
1
4
230
0
1
0
68
0
10
16
1
0
1
2897
0
0
0
54
0
0
0
0
1
3
0
726
0
3
1
1
1472
0
0
0
12
6
4029
22
11
2
0
0
0
0
12601
1
0
0
45
2
1093
0
0
1
30
1
625
0
16
0
2
0
0
0
0
35
38
0
0
0
21
5
0
0
0
18939
0
1
0
0
1
58
2
4
0
1
0
1
5
0
0
0
0
0
10
0
0
805
0
197
0
0
1
0
7
0
1
4
796
0
4
0
0
0
0
0
0
0
1
43
0
1
2
8
6
0
283
0
8
0
0
2
0
31
39
1
2
42
0
16
0
0
144
1
25
1
0
570
0
0
0
233
17
0
142
638
0
517
0
1
0
1
12
371
10549
24
0
0
0
2
3
0
27
785
70
18
0
28
1
27
0
0
69
34
0
1
0
19438
0
2
0
2
619
1
3539
5
0
10
34
2
4
0
0
114
1
8
1686
1
98
1
202
0
0
0
0
0
0
25
1
6
0
0
0
0
0
0
0
7
0
1
7
0
0
0
0
2249
1
0
46
0
0
10
59
1
1
2
37
44
0
33
1632
2
59
9
1
0
0
173
3
0
2
581
5
57
236
11
2
1
30
5
58
175
0
2488
1188
0
0
0
0
1
1438
107
0
1
1
0
64
0
0
0
6
674
1
14
0
24
6
0
898
10
0
39
0
1
22
0
2
1
1
71
10
31
0
0
15
5
16
0
16
58
0
0
28
87
9
9
3
761
0
0
0
6
8
14
0
1
69
3
1
0
0
0
0
559
1137
0
251
3040
26
168
1
1
315
2
582
2
0
124
386
0
116
0
1
0
1
0
0
16
1
42
0
7
0
1326
2
0
0
1
54
1
0
75
0
55
0
39
0
1
0
1
3
86
0
7
0
15
81
0
28
4
0
0
5
0
0
0
0
1
1
0
0
6
0
0
1
2
0
7
1
33
0
4
0
0
2
0
0
0
1
0
0
11
348
0
0
0
65
2
5
927
0
1285
0
33
0
13
0
0
4
317
1
0
90
1
0
152
0
0
0
0
2768
0
1362
0
0
3
305
0
0
0
0
1
0
2
0
2
200
978
52
0
0
0
0
0
44
45
5
0
0
0
0
0
1
0
0
278
6
3
0
1
1
2
77
13
0
27
21
5
11
0
0
1
0
515
121
0
17
0
0
0
134
23
0
1
4937
0
3130
0
0
1
21
0
0
0
0
1402
3
0
72
4212
6
0
74
86
0
0
232
0
0
0
0
1
0
0
1
0
0
0
0
0
546
9
0
614
2109
677
5
112
0
98
0
1
4027
0
3
648
81
2
0
18
0
0
0
0
0
1
1
1586
1
0
6
0
0
0
18
0
0
1
0
0
0
0
274
18
0
0
10
0
65
0
0
2
8
351
0
0
5
1
539
0
130
0
4
128
9
0
917
3
0
6
28
1
1
0
0
2356
0
18
0
2
118
0
26
3844
0
0
544
0
3
0
165
0
3
0
1
246
1
0
88
0
0
196
0
1
9
4
2
0
1
0
2
0
0
0
1
0
180
0
0
0
12
0
38
51
0
0
0
67
47
5
15
0
10
1
9988
0
2
31
3220
26
4160
2409
19
0
1
1
109
1132
18
0
19
0
0
0
0
1
1
0
1
0
0
1
0
0
0
11
0
1480
26
1
0
10
0
0
0
40
0
1
1
0
1
1997
44
0
151
0
0
9
0
0
0
0
88
0
0
6
0
31
88
0
12
1
2
2
781
9371
1
293
1
0
376
0
17747
0
1
0
6
10
1186
2537
0
0
655
0
0
5
2
0
0
5
77
0
0
4
0
2
0
11932
0
0
115
1
1
0
0
719
0
775
0
411
563
161
1
0
0
32
111
9
0
285
0
387
27
0
0
0
0
0
0
1109
0
0
1112
8
2
1
2664
1
3807
9
281
0
2924
0
1
0
2
2
0
1
17
0
84
5
215
0
1
43
4
0
0
0
19
6
0
0
0
0
19
6
0
0
0
0
834
2
705
0
0
1
0
3
2
1
6
8
1308
1300
0
955
2483
41
1
2
0
0
5
708
0
7
139
0
223
0
16
1
1
0
15
0
179
0
0
0
3
0
355
150
2
0
0
104
977
86
0
359
0
0
14
3
1
58
0
1
38
20
4
129
11
1
0
0
0
4
350
196
12
0
0
5
6
11
0
2
3
1
1
1
0
5
0
0
1
1
883
0
12
56
25
1
0
0
310
0
0
0
4
0
0
0
1
66
0
0
0
12
18
5
0
0
0
12
0
0
4
0
3
0
1
555
4
81
66
0
0
0
1
64
0
0
18
1
34
4
7707
0
36
1
1
0
28
1
2
0
311
0
0
19
0
0
12178
7
0
0
231
1
1
0
1
57
3
0
0
0
0
1480
0
0
0
169
0
0
0
1389
0
1
0
12
2
40
0
4
4
150
0
99
30
0
3
0
0
6
5
9
121
0
0
0
24
24
66
125
21
503
3
35
8
0
0
0
11
13
8
18
1713
1
0
0
16
1
0
0
73
40
0
0
0
293
0
0
0
0
0
0
2
5
0
13
2
8
8
0
69
3
9
1
0
73
1
72
0
400
54
0
21
1944
12
0
7
352
0
5742
43
1503
26
1
3
14
1
2
0
0
0
2
471
1
0
0
1989
0
0
4
1054
1
2
0
0
5
57
0
11
0
0
0
0
0
0
0
7
6
0
207
298
0
0
233
14
3
2
4
189
731
0
0
0
28
0
0
0
402
4
0
4
0
15
400
0
7
126
1
1
3
2141
0
92
3
8
0
0
5751
7
0
36
2
103
0
0
3
1
0
0
9
0
1
2
1
0
0
0
0
1
1
1
3
0
1386
776
2
35
127
5
481
2
194
0
4
5
0
157
5
0
0
32
52
11
353
0
9
805
0
4
0
73
15
29
1
51
1914
11
0
0
95
0
26
0
0
5
0
0
5
19
0
0
14
8
0
0
250
0
0
1
0
0
0
199
34
1
3
146
11
0
0
0
0
2
44
0
1
0
1516
0
0
0
99
2
0
13
0
910
165
0
182
0
36
27
0
134
0
1
2840
3
42
0
21
0
155
0
78
7
0
25
0
18
0
0
0
3
40
55
111
0
0
2
0
0
1
0
1
23
252
0
4
496
2776
0
38
2
0
239
0
0
0
1068
6
0
0
0
12
32
0
44
65
7
7
0
9
41
12314
73
151
0
1
1
1
0
3
0
1
0
1
2
0
1
0
0
0
184
3
0
0
6
4
1
286
0
0
7
0
0
0
0
0
575
0
1
181
0
5848
0
1
1
0
0
17
0
0
1
1
1
0
1
1
3
0
0
4
0
122
0
5
0
595
16
27
0
18
94
1
36
0
17
0
3
1
1
24
28
3
0
12
33
2
0
0
2
0
12
0
9
473
704
0
0
0
0
0
21
1
358
0
0
2
73
0
0
0
793
248
4
22
359
0
6
161
276
77
2
0
0
44
0
0
247
169
0
0
1
5
0
0
177
24
0
27
2313
0
0
600
113
0
0
3
0
3102
280
0
1
0
1
10
225
1
8
119
66
0
0
0
0
0
1
24
0
0
0
0
0
0
0
1
0
0
0
0
1
0
0
13
5
0
1
163
0
8
0
26
0
0
32
0
0
31
0
1
2
1
0
0
1828
0
20
2
0
0
0
0
0
40
14
0
0
0
3
1
71
0
21
6
848
0
0
0
0
0
0
0
0
0
406
489
0
0
0
0
0
0
0
17
4
0
6
192
0
1
367
220
0
0
3
9
0
15
1
1
0
5318
0
188
1
1
1802
0
406
2
1
1
1
546
11
0
0
5
0
83
0
0
0
1
0
0
282
5
1
0
0
0
0
0
7
17
0
5
4862
58
0
0
0
0
1
4
0
55
0
96
0
42
0
6
9
1
1
0
1181
6
0
0
4
1091
43
66
8
741
19
16
5
612
43
6
0
21
0
17
1686
0
0
12
0
0
0
0
0
0
0
0
1
4
0
0
0
0
92
0
11
10
6
1
0
1
0
0
0
0
0
0
0
0
0
0
0
0
0
6
6
0
0
22
280
0
1
39
0
71
37
1
0
2
0
0
4
10
113
0
0
0
735
4
9
9
762
0
0
50
0
0
1
0
0
22
327
11
10
0
0
0
0
0
1
0
9677
0
3536
434
2
3
1033
0
5
0
0
0
74
2632
0
0
0
100
6
17
0
2
232
2
0
53
339
15
3
2
52
1
0
1
1
10
2
57
0
0
9783
1
2255
0
4503
0
17
14
0
0
3
0
2
162
93
0
0
0
0
0
131
0
45
0
1
0
77
0
0
0
90
1
0
197
1
0
0
2
0
0
10
0
1
264
0
216
0
0
3
0
0
54
12
26672
3
13
674
135
3326
1
1150
12
2
13
0
5592
1
0
0
0
0
49
3
0
0
0
23
1
313
0
1
0
0
0
5
1
0
8
17
3
1
1735
0
0
0
1
32
3
0
0
2
0
0
0
1
0
1339
0
0
2
0
17
172
7
0
0
3
50
1
0
0
89
2
2197
4
0
7
0
0
1
7
0
395
0
17
348
31
0
0
0
482
8
1
186
0
0
0
0
1
0
0
4
2
0
1
1
0
0
0
0
437
52
9
170
0
2
0
0
0
0
0
0
7
0
0
58
6
7
121
0
18
1504
0
0
0
21
1
0
1
0
0
0
0
1
7
0
0
0
0
0
1
0
0
0
5
43
0
0
256
405
0
0
0
0
88
0
0
0
377
480
0
1
460
7
0
0
3
2
10
0
0
0
0
0
458
0
0
447
143
2
0
52
8
0
5
0
5
533
0
1
69
1
1
13
69
0
117
137
238
1
7
0
0
0
437
0
1
0
0
3
0
16
0
63
0
0
0
0
84
0
5
0
390
2
12
0
11
0
120
2412
0
1
4
11
1
0
639
0
1
0
0
224
14
14
156
1
3226
0
255
0
0
0
2
4
0
54
2
9999
7
3
0
1
199
0
0
0
0
4
0
0
0
0
210
915
0
1
0
0
451
0
0
0
1
0
0
0
0
0
0
587
583
309
132
1
0
4
0
0
0
1
2
0
251
0
0
0
2851
378
0
7
0
766
0
0
0
0
8
1
1
2
1
555
0
0
1
1
1
0
0
0
17
596
632
0
0
0
6
13
1
3
234
0
0
0
0
0
0
1340
41
0
1
1
1
0
1
381
0
0
0
67
2
19
0
0
0
9
7
0
0
0
68
2
1
0
37
47
58
473
0
0
0
0
4
1
1
126
0
20
0
7
0
0
3698
5
0
0
0
0
0
0
310
0
0
34
3
0
0
0
0
0
0
15
29
184
0
0
0
0
275
0
0
4
0
20
3
0
0
0
746
48
83
0
0
1
0
118
201
0
45
0
17
0
23
1
41
1092
30
1
30
2
12
1
5
35
0
0
842
1
25
95
1
0
768
0
0
0
0
59
0
0
0
10
0
0
29
69
0
19
0
94
2
0
3
0
0
1335
28
4
37
0
65
0
126
0
0
0
1
72
0
0
32
0
1
2381
16
339
1935
8
510
0
0
216
0
0
1476
0
0
0
492
0
5
0
2
143
11
0
17
0
649
3
0
33
1
0
0
0
0
0
10
20
0
0
0
146
108
0
3
0
5
1
5
51
0
0
0
12
19
0
1
0
0
0
0
0
2
0
19
3
0
0
46
0
24
0
1
0
1
26
9629
0
0
1
0
0
1
0
15
500
154
0
0
0
12
0
6
11601
4
0
0
0
0
73
0
0
5
12
285
0
2
8
146
0
1
2
0
2
0
2
3209
25
0
169
2
0
0
0
59
2
0
1
0
3
0
0
17
21
2
0
125
1
1441
0
0
0
0
2226
877
0
19
0
77
79
2916
0
0
0
0
2
0
150
0
0
0
241
0
0
1
20
0
21
3
6
2208
0
0
1
144
0
283
114
0
0
0
2
0
0
3
0
0
39
1
0
2
0
9
0
26
0
24
0
0
0
22
4015
40
1
4
2
0
3
0
2062
1713
0
3
0
9
0
9
0
31
0
0
0
0
0
0
2
0
1
0
5
87
0
7
9
0
0
2
0
0
0
0
1
5
0
0
1
4
0
5
0
0
0
3
2
5
12
4
17592
5
0
0
1
0
0
0
0
14
0
3757
3
0
1
130
0
98
0
0
0
1
0
0
1
0
0
0
61
17
0
0
12
0
0
12
1
0
52
0
4
0
0
146
0
210
0
1
5
37
0
0
0
1
1
0
0
1
0
0
1
49
0
0
0
0
0
0
0
0
0
1
1
0
0
3
0
3
6
644
4
85
0
0
0
142
0
41
0
13
1
2
42
1
0
0
0
0
0
848
0
1
28
0
1552
16
1
62
0
15
7
2317
1
0
45
0
63
5
639
86
0
146
0
0
2
1
1
3
1853
233
1
0
0
0
0
10
2
35
0
1
2
1
1
0
1
2
0
0
22
0
0
198
107
8
1
6
28
0
0
0
0
0
4
3
8
0
0
3672
14
0
2
3
0
1
0
64
1256
627
0
1
1
19
3
19
0
0
0
0
70
3219
68
1
0
4
1
0
0
0
0
0
0
0
0
232
0
1219
0
36
0
0
138
13
0
2
0
165
543
0
0
2
198
30
0
0
0
0
0
4
4
2182
0
108
0
0
2
3
10
575
1
0
107
0
0
0
1
489
2
14
1
305
202
0
14
1
6
0
31
0
0
0
0
0
1
0
0
0
0
3
0
5
695
12
0
3
37
0
1112
38
11
67
1
0
808
45
0
91
0
0
0
22
0
10
37
305
0
0
0
0
0
91
0
1
0
18
1
0
0
0
2
1
2
0
0
37
567
0
0
1
0
0
53
2
2
0
0
0
0
0
0
454
0
6
0
0
0
0
0
103
2
13
1110
0
4292
1
28
210
1387
0
0
0
0
0
0
1
0
5
0
0
141
0
76
3
4
0
0
6
4
374
0
0
12
0
349
6
2
350
0
468
0
0
0
66
0
0
177
0
33
0
0
0
0
0
0
6
0
0
0
41
0
6
0
0
0
0
5
0
4
29
23
3
0
9
0
0
8
0
0
36
0
0
2
8
22
0
3
0
0
2
0
4
0
1
0
6
0
67
1010
64
1
268
0
3563
710
0
10
3
0
0
5
10
36
0
0
1
0
0
0
1
1
77
1703
0
0
1
0
0
0
0
47
0
2341
6901
0
86
14
0
11
2
328
0
0
213
0
427
0
0
0
0
0
1
192
2
0
12
1
3
0
0
15
0
101
8
0
543
0
469
22
0
0
1
0
0
87
0
81
5
0
0
0
0
0
70
0
3
28
0
3
8
0
0
0
1
0
0
43
25
3
34
0
8
16
1
0
0
0
0
0
0
48
811
1355
0
0
0
3
0
0
0
5
0
0
2616
0
0
2881
0
2
0
0
65
2
1
80
139
0
3
0
1
0
1
0
0
0
0
0
0
0
0
16
13
12
8
0
255
0
104
0
0
0
829
454
2995
82
0
1
0
0
13
0
0
0
0
421
22
95
0
0
33
3219
0
1
1
3
2
0
93
2
0
6
0
7
0
0
34
0
0
1
5
0
1056
4
0
0
0
1
6
0
0
0
1
0
0
524
1
0
0
0
38
0
0
0
0
1
199
17717
1
0
0
152
0
0
565
0
0
0
0
0
58
1
5
2
1
0
0
0
389
44
2207
0
24
1
3
3
0
0
0
0
27
2
0
2
45
0
35
5
52
0
0
0
0
0
0
0
11
1
1
2
0
8
0
0
0
0
0
80
0
0
0
30
7
0
0
40
1
0
0
0
0
0
0
0
284
0
0
1354
0
0
24
0
1525
0
0
1682
5
2
0
2
1
0
1
0
0
521
0
44
0
9
2
15
0
0
0
0
1
0
0
0
0
0
0
1
0
44
104
0
0
0
0
0
0
42
0
2
2
0
0
1
18
0
0
0
0
0
0
216
564
651
0
1
0
0
4
0
1
0
0
1
3
2
0
19
19
2
0
8365
0
0
0
0
0
0
6
201
0
0
0
70
0
0
2
0
1
1
4
0
3
868
0
0
0
0
0
3
2
0
1595
2
1
12
0
0
0
0
0
0
0
0
0
2
345
1992
0
4
0
0
1
0
0
31
6
0
21
0
1
0
0
2
3
19980
0
125
0
1
88
0
0
1
249
6
0
0
0
0
314
1
14
1
0
1
0
2
52
7
123
0
13
13
0
0
0
1
248
2
4
0
0
0
0
0
0
0
52
0
9
3
0
0
37
1
0
1
2
0
0
369
0
0
1
65
80
1
1
471
0
0
0
1
11
0
9
0
409
1026
0
1
0
0
0
0
0
0
1
1
24
2
0
0
2
0
3
6
11
0
1
0
0
0
0
0
7
0
0
0
0
0
1
0
14
20
2
0
0
0
1533
210
41
13
3
1123
0
80
0
49
0
2
0
191
1
0
0
56
0
24
0
23
2
6
0
0
0
0
0
0
1
1
0
0
1
0
192
0
0
0
0
7
41
1
19
0
45
0
0
3
56
0
0
0
0
1136
12
1
159
56
51
0
10
0
656
0
2
51
3
17
24
0
13
231
1
0
4
6
0
688
0
429
3756
290
377
6
501
140
463
0
0
8
0
0
116
2
0
0
0
0
3
0
178
0
4
0
0
436
1946
0
5
2
0
4
0
0
0
0
0
0
141
0
0
14456
5
84
0
0
207
62
24
1
3
0
241
200
0
8
0
571
103
7
0
0
0
12
0
3
0
2
53
1
51
0
0
0
0
0
172
0
0
0
0
0
5
0
1
0
1
0
348
0
16
0
1354
1
0
0
0
0
0
0
0
1
104
0
4
86
61
73
0
1
0
0
0
11
0
0
0
0
110
3
1
667
0
0
0
0
0
6
471
100
52
2
0
3
5
0
0
1
0
0
1
1
0
1
0
0
0
2
12
0
0
0
176
0
7
0
0
72
0
0
1
0
0
1
0
0
0
1
3
1
0
0
0
1
0
1
6
0
4013
0
2
0
38
0
0
9
584
0
0
418
16
0
0
0
60
17
69
412
0
0
0
0
0
0
1
0
0
0
2
0
0
2
1
0
0
5
0
0
3
0
2
0
0
0
2
0
0
40
0
0
8
0
0
234
4
0
0
2
6917
0
303
1
0
0
0
0
337
1301
0
0
18
0
0
0
0
4
0
74
0
8
0
0
0
0
0
0
0
0
0
1
0
0
0
0
0
0
5
0
0
6
20
1
0
0
0
4
0
4
0
2
0
117
0
0
16
166
0
1
0
35
0
0
1
0
0
0
10
1972
885
0
7
94
1
2
0
1
2
28
0
527
333
1129
7
527
1
0
0
0
0
0
0
0
0
0
0
0
0
0
84
0
2
0
328
1
7
262
1
6016
798
9
0
0
0
11
0
0
0
0
0
1019
2
0
1108
21
0
8
1
0
4
0
81
3
5
22
0
2
0
122
26
0
43
219
2
6
0
13
5
2133
39
12
0
0
0
0
0
0
0
1
0
0
1
2
182
0
4
23
0
9
1
3
576
2
11
7
0
6
514
9
0
0
3
0
1294
2
0
1
37
205
0
0
0
0
0
0
701
228
2
5
0
5
418
1
1
446
1
4
1219
10
2
0
25
3
35
6
0
0
0
0
0
0
0
0
5
0
0
0
245
172
543
0
3853
16
1
0
1228
92
2764
6
1
1
0
0
0
0
66
0
64
0
0
0
58
2
0
71
0
1
5
28
2
19
142
0
0
1
653
1
0
391
215
11
152
859
0
0
1
11
117
16
0
0
0
0
0
0
0
0
0
0
0
144
575
1
0
0
17
9
2
3
13
1
1
1
53
9
0
0
0
0
37
0
24
9
108
8
5
0
0
2
1
101
0
25
0
13
1
30
0
115
3
0
1009
0
0
166
35
12
0
12
0
0
1
7
0
0
0
0
0
0
0
0
1
0
0
2
3
0
0
1
23
2
3
0
2
2
15
11
1
5
0
0
1905
0
0
1
0
1
24
12
0
0
0
640
0
0
5
12
0
1
9
14
1
1
79
570
153
865
770
214
23
6
0
0
0
22
5
2
0
0
0
0
11
7
0
0
5
19
0
1
0
0
624
2675
2
0
1
0
0
0
10
21
24
48
0
0
236
0
0
534
0
0
0
24
0
80
3
0
21
9610
0
0
0
310
0
0
0
12
0
2
116
437
0
200
2
4
107
10
0
683
0
2
1
0
0
0
0
0
0
0
0
0
1816
125
385
0
10
11
30
0
6
0
0
0
74
15
0
680
0
0
0
0
0
2
7396
41
24
270
1
6
4
0
0
10
4
1
0
0
17
0
0
2
0
0
168
1
1
43
0
209
17
4
0
0
13
2
0
0
0
0
1
1
0
0
1
0
43
0
7
0
2
0
0
1
0
0
0
0
0
0
2402
4
0
0
0
0
0
11016
3
0
252
105
0
0
1
0
0
11
0
9
0
40
28
296
1
1
0
0
18
1
12
0
0
0
132
30
0
1
3
0
0
0
0
0
0
0
0
0
1
3
1
0
2
1
4
0
1
0
2
0
0
0
1
0
6
1
0
0
0
0
0
1379
35
0
6
0
0
1
0
0
0
35824
203
10
0
3
0
17
1
0
2306
0
86
4
59
0
27
1
1
0
17
0
14
0
0
0
0
0
0
0
0
0
0
0
96
0
2
0
7
1
0
0
20
0
1
0
35
696
9
3
18
0
0
0
0
121
0
11
0
0
0
0
0
1
2481
7
140
403
0
0
109
0
0
3
1
605
12
0
288
0
2
16
1
0
0
0
4
12
0
0
0
0
0
0
0
0
1
1
4
0
45
0
1
0
0
1
1
0
0
0
1
3
4
6
0
0
0
0
0
0
12
0
35
0
0
175
0
0
245
107
335
0
178
8
10
9
73
516
1
1
274
0
996
27
1
0
37
2
0
2
19
11
0
0
0
0
0
0
1
0
1
2
3
0
1
0
25
3
8
0
0
0
0
0
17
53
54
0
0
0
0
0
0
73
3
0
0
1070
68
4
0
0
191
1
3
18
96
10
0
501
0
513
23
217
2
888
0
13
12
1294
127
0
2
0
2
1
0
0
0
0
0
0
0
0
0
0
0
0
0
8
0
1
0
0
1
0
0
1607
1
10
0
101
0
0
0
0
0
1050
0
0
570
196
7
0
0
0
1
1
1
0
0
227
13
1
0
0
2
4
3
27
1
0
6
6
2
4
0
12
1
22
0
0
0
0
0
0
0
0
1
1
1
0
0
0
357
6276
645
0
9
0
7
16
56
5
0
0
201
0
0
0
0
7
34
2
0
2
0
0
0
0
1
134
0
1
0
2
0
0
44
48
0
24
0
0
4
0
0
4
2
9
0
195
0
783
0
0
0
0
0
0
0
3
571
2
295
0
0
0
9
8
3
365
0
0
1
470
11
0
4307
84
5
0
0
45
0
3023
23
10
16
1291
0
110
0
2
146
7
0
1278
0
0
0
0
0
121
16
4
0
0
280
0
7
0
3
0
0
6
0
2
0
0
0
0
0
0
0
0
0
0
329
0
163
0
3
1151
1
0
0
0
1
9
4
0
39
0
3658
0
0
102
0
4
157
0
0
0
33
5
0
0
439
8
1
237
0
3
1
4
5
2
0
0
22
0
10802
14
1
1
2
0
1
0
1
1539
0
0
940
0
0
0
0
0
1
1
2056
0
121
0
134
0
0
372
0
0
271
1
0
0
2
1
2
0
0
658
0
15
5
0
110
0
2
1
61
0
924
99
0
0
1
1
6
10
0
255
2
0
9
0
0
0
0
112
0
0
4
0
971
0
2
0
0
0
0
0
0
0
1
663
0
0
1526
0
1
70
14
9
0
0
0
14
5
3
60
207
0
0
0
143
0
340
0
0
1
0
28
0
0
0
4
6
1
0
0
1
20
40
10
0
18
140
0
0
0
2
0
400
40
14
0
14
1274
2
0
0
22
0
0
0
0
0
0
2
2
0
0
0
338
0
0
51
0
0
1
54
1
1
65
0
0
1
0
52
69
0
17
0
0
30
142
15
0
0
0
0
38
119
0
9
2
0
0
4
2
0
0
34
63
0
0
71
4
1
0
1
124
0
0
3055
0
0
0
0
0
0
0
1
1
0
7
0
0
0
3
4
0
0
0
3
2
7
11
0
0
5
33
0
116
2
0
1
18
84
1
190
0
0
366
0
0
6
0
5
26
0
5
0
183
0
0
0
370
18
5
0
0
0
0
77
44
0
0
0
0
0
0
0
0
0
0
0
17
0
38
23
1
777
0
11
1
0
0
3
683
1
0
0
0
0
20
0
179
0
1
1
0
1
2635
0
1
2
0
0
15
0
0
447
51
2
0
0
4
2
0
0
0
9
394
27
0
0
0
1
2760
1
0
1130
399
0
0
0
0
0
0
0
13
0
0
0
308
3
0
0
0
0
2
1
21
2
0
7
0
0
71
0
0
13
0
238
269
20
20
14
2
0
0
0
0
775
1
12
60
3
53
0
3
0
22
81
299
137
0
0
3
1
0
296
0
5
0
1
34
0
0
0
0
0
0
0
4
0
6
0
0
1
50
4
0
0
0
1874
81
2
109
1
0
0
0
0
0
28
0
2
0
49
0
27
0
0
1
0
0
0
0
3
5
0
0
75
0
0
31
9
1
129
12
0
0
10
0
0
0
128
0
1
738
685
0
0
0
0
0
0
0
0
0
4
0
723
0
12
1
0
0
14
16
0
540
5
0
0
0
0
0
45
0
12
1
0
0
0
0
0
793
0
2
29
49
1029
19
0
25
4
4
12
0
279
0
1
1
3
0
21
0
0
1405
0
0
0
3
3361
0
0
4
0
0
0
0
0
1159
0
0
0
3
11
122
0
0
0
0
1
840
0
6
0
0
0
0
2
0
17
0
0
0
0
0
0
169
0
0
81
0
3
16
0
1
3
113
20
10
1
5
0
0
0
12
0
0
0
0
0
0
0
81
2502
0
0
0
0
0
0
0
0
36
0
2
1
0
26
1
0
0
0
4
1
0
191
0
0
0
0
0
86
40
5
0
0
1
13
5984
0
9
1
0
522
0
69
0
5
0
5
0
3
7
0
66
0
777
16
856
3
12
0
0
157
0
1
1
3
0
0
1
0
0
0
0
0
0
0
5
9
0
1
6
0
0
0
0
5
0
4
0
0
0
0
0
6
0
3
0
1
0
4
0
27
1
0
0
0
0
0
2
0
0
24
3
0
68
0
1
0
119
0
0
0
28
1
0
5
0
0
1
9
0
0
0
2
0
0
0
0
2
0
0
0
0
1
1
51
30
0
7
0
1
1
0
0
0
0
0
0
0
0
0
193
0
0
21
17
0
4
1
0
0
21
4
2
0
6
56
0
4
0
0
0
7
2
1
105
0
44
334
0
0
0
0
1
0
0
0
0
0
0
0
0
2139
0
2
1
19
4
1
4
69
2107
1
0
8
21
1
0
0
0
0
28
260
0
0
0
0
0
0
1
844
28
0
2
0
246
233
0
0
531
0
1613
8
0
2
0
338
20
13
1
283
0
2390
0
0
0
1
1
0
0
0
0
0
0
0
0
32
20807
0
234
0
18
0
6
176
0
1
0
0
15
95
0
0
0
0
2
8
0
4
240
0
0
0
214
188
1
1
0
0
44
3
8
0
0
312
3
0
1021
486
0
72
0
2
12
0
0
50
0
0
0
0
0
0
0
0
0
1
0
66
0
3
18
6
2745
0
16
7
0
753
0
705
312
177
0
85
0
0
0
0
1
0
10
1546
0
39
683
0
0
0
192
0
84
1
52
1
0
1
0
775
0
36
4
7
0
6
17
280
1
8
0
1
0
0
0
0
1
0
0
0
0
0
0
0
423
0
0
0
36
0
0
0
1
192
0
0
0
16
4
0
0
0
0
0
2
0
1
0
256
0
4
0
667
0
0
1
40
2
530
0
3
0
1
1
0
341
0
3895
0
0
1319
0
0
0
0
7
112
0
0
0
0
0
0
0
0
0
1
1
58
0
331
1
86
0
0
0
0
194
1
0
158
0
25
0
0
0
0
0
0
2
0
0
0
0
1
46
0
0
644
0
16
0
0
0
1042
0
11
0
2
0
2
1
0
0
235
59
3169
5942
9
40
0
0
0
1
1
119
0
0
0
0
0
3
0
33
0
0
2
0
0
0
20
2
0
0
0
0
47
0
0
0
0
0
0
95
23
18
14
0
1
0
1
0
0
1
766
0
3
6
22
0
0
181
1
0
0
394
0
2
0
92
22
248
0
0
0
0
8
0
0
64
409
0
0
0
0
0
0
5
1
0
0
8
0
0
0
0
1
1
14
0
12
0
2
0
0
0
0
1
3
0
0
1889
21
0
23
566
2
1
0
0
41
0
2
1
79
38
6
76
1
319
0
49
0
0
10
2
0
0
0
14
0
0
0
1210
1
0
0
0
0
1
0
3
95
10
12
0
11
6
2
0
0
1
350
42
0
0
384
0
14
0
3
0
0
0
26
0
0
0
3270
4
73
2
12
0
0
0
7081
0
1
135
1
0
6162
0
0
2
1
1
0
0
95
0
1639
0
1
0
0
0
52
0
0
0
0
2
0
0
0
1
18
0
55
0
5
0
0
0
0
0
1
0
0
0
391
0
30
0
0
0
0
2
0
34
20
0
48
4
14
0
1
5
3
464
0
0
0
0
32
245
0
0
10
0
4
2
40
9
988
0
1
0
0
0
0
0
0
0
0
0
0
0
271
155
23
0
5
0
0
0
0
2
0
0
0
0
0
868
2
0
37
0
0
210
0
0
62
70
0
0
1179
89
2
0
0
988
0
2
1
19
0
0
11143
1
88
0
891
1
16
2
9
189
0
2
0
0
0
1
109
0
0
0
0
1
0
216
1
0
2
0
147
0
0
1
8
0
1
0
2
0
0
149
0
208
25
5
4
0
56
46
70
40
9641
0
192
2
51
814
152
0
0
0
0
0
6
20
214
2
11
0
8
133
0
0
0
4725
0
0
1
0
0
0
157
0
0
0
0
0
1
0
1704
1
0
0
13
288
3
0
1
0
1
0
2
0
0
183
0
38
215
0
4
34
0
158
0
0
87
0
0
5
260
0
112
1
0
0
20
0
39
18
15
72
0
0
311
113
0
1956
1292
0
3
0
8
0
0
0
1069
0
0
0
0
1
0
0
1
0
3572
0
2
0
0
0
0
1
1
420
0
0
0
0
0
2338
20
0
15
3
0
0
489
0
1111
374
2
0
0
0
0
0
2
0
1
1
1
652
1626
99
7
0
5
1
30
0
0
1
0
0
0
1
43
1
0
0
0
0
0
0
0
0
223
0
67
0
50
385
0
0
0
0
3
8
0
0
0
0
0
11
304
0
0
0
1
364
1
0
1
56
2
28
131
0
6
1
0
9
203
0
0
59
2
5
11
51
4
32
1
484
0
5182
0
0
1
5
0
0
0
0
0
0
0
1
0
0
308
0
0
2
11
0
0
284
0
0
0
0
0
0
0
0
0
0
0
0
28
1
3
20
0
23
1
0
0
707
5
1
6
2
1
0
7
32
53
3
0
65
10
3
2
26
683
2
5
473
0
0
1
0
1
0
0
0
0
7
0
66
0
12
3
2788
36
0
3
0
0
1
19
0
0
3
56
0
0
0
0
0
0
0
0
0
0
0
1
0
11
10865
8
0
17
3
219
429
0
0
226
23
18
0
0
5
56
10
20
269
897
55
41
884
4
0
0
1
7
0
0
0
0
0
0
2
0
12
0
3
133
1
40
0
0
0
3
4
0
2
1
9
0
0
0
0
0
1
0
17
0
1
22
0
2
9
0
0
17
0
716
0
120
0
5
19
334
0
56
0
46
216
0
257
14
0
219
0
5
0
1
2
0
0
0
0
0
1
2
1
0
5
0
5
975
1
9
65
0
0
6
35
95
0
2
1930
0
0
0
1
0
0
1
0
0
33
2
0
16536
0
0
22
45
18
199
0
0
1
1
183
0
6
0
0
0
0
0
27
454
2
508
0
24
0
31
0
1
0
1
0
0
0
0
0
0
0
1594
0
4
0
0
9
0
586
0
0
21
1
0
0
0
0
0
0
0
1
107
0
0
1
1
5
6
1
0
3
0
0
0
718
4094
1
0
483
75
1
5893
15
0
50
0
0
0
1
0
504
21
0
17
1
25
0
0
0
0
0
1
0
3
5
31
449
5
0
0
238
0
26
9
1
11
770
0
0
0
0
0
0
0
0
0
0
71
1
1
61
0
17
2
0
0
25
37
0
0
1
0
0
0
677
0
2
0
5
7
30
0
0
0
33
11
0
0
2
0
0
0
0
0
0
0
0
0
0
0
356
0
0
183
353
0
0
0
4
95
1
36
0
0
0
0
0
0
10
0
74
2
20
0
0
62
0
0
1
6
12702
0
0
0
0
1
0
0
25
9
5890
0
1
8
20
2
6
0
2725
194
0
1
0
1
0
0
0
0
0
0
0
0
4
0
476
1
20
11
448
0
31
2
18
151
160
0
0
0
0
0
0
1
0
2
34
29
1
0
1
1
0
0
0
676
2
8
5
0
5
1
5
2
0
5
0
0
7
27
11
45
4
72
0
40
0
0
1
2
1
0
0
0
0
0
0
1
3
0
0
3
0
0
0
0
10
0
17
1
175
3
0
0
141
0
0
0
6
2
1
4
49
12
0
12
149
0
0
0
0
1
5058
0
0
144
0
0
0
0
12
0
762
0
36
920
14
6
0
0
0
0
3
0
0
0
0
0
0
0
0
0
0
35
0
0
2
11
2563
0
6
0
1
28
1393
0
0
175
433
0
0
58
29
7
0
0
0
10
0
44
37
0
193
0
8
0
0
1
25
511
271
0
0
0
0
0
141
3
147
0
2
0
1
61
0
0
0
1
1
0
598
0
0
0
0
0
316
1231
0
1
0
379
2
0
1
1
0
7
0
1
0
0
0
0
0
232
1
0
1
3
0
0
0
0
0
0
4
0
2503
0
0
0
60
2
0
13
0
0
19
0
1
0
7
3
0
57
452
0
0
0
1
74
1
0
138
0
0
0
0
1
0
0
13389
2
0
3
47
0
0
0
79
0
1
48
0
0
1
581
0
5
1
0
0
0
47
24
238
0
15
0
337
1
1485
3
0
1
9232
0
60
0
0
203
536
0
3
0
34
3
0
1
64
93
0
0
134
0
0
0
815
0
0
0
0
3
5
1
42
0
0
0
0
0
5
0
0
211
1
0
0
0
0
45
0
935
303
513
12
251
0
0
0
0
463
0
0
12
0
0
1
0
0
13
25
9
917
0
2
0
7
0
351
6198
102
2
63
891
0
0
18
1
1
2
0
0
0
0
0
0
0
13
0
0
0
0
515
0
237
1
0
1
0
37
0
0
15
10
99
15
0
175
0
1
0
20
0
7
597
4
119
1
0
1
7927
128
0
11
0
0
0
64
20
0
2
0
2
0
0
0
3
0
105
0
0
0
2
0
1
0
0
0
0
1
0
12
0
0
0
4
15
0
0
0
1108
8
5
0
0
0
1
0
325
1
128
5
0
44
259
0
0
13
2473
132
9
4
40
36
3
0
0
375
7
0
63
177
0
0
0
0
2
357
37
427
3
0
2
0
1
0
0
0
0
1
0
0
0
0
0
32
0
0
84
18
145
0
14
0
3
1
6
7
0
0
0
0
4
0
9
9
0
0
104
0
4
8
1525
0
23
42
7
0
0
0
0
47
45
4288
0
1046
0
0
8
77
1
0
178
6
1
0
0
0
0
0
1
3
0
12
0
0
2
1
2
45
0
0
12
28
279
0
2
0
0
1726
48
0
0
0
0
0
0
0
3
3
0
9
0
7
0
0
1142
1
0
3
11
63
0
0
1
4
2230
0
0
47
38812
2
1
59
206
0
43
195
0
0
4
0
0
0
0
0
1
4661
0
0
0
0
0
1
9
0
5
0
2
0
0
161
0
145
0
2
17
0
0
0
0
0
0
0
0
4
0
0
0
64
0
0
1
0
143
2
5
3
0
0
2
987
0
44
2
189
1
1
3
20
0
100
0
33
0
0
0
0
1
0
0
62
0
0
0
1
16
0
18
1
9
0
3184
0
23
2
8
0
0
0
116
0
49
0
0
0
522
0
0
7
0
2
0
17
0
499
1
19
1
1
19
0
0
19
9
56
0
15
21
0
0
627
0
0
0
0
0
0
0
0
0
0
0
2
0
172
0
0
0
99
0
36
15
0
1
2
14
0
6025
0
1
0
0
0
285
0
0
0
0
0
1
0
0
6
0
0
0
263
199
2
6
5
2
0
0
0
0
2
61
0
1662
0
0
12
0
0
20
1
69
0
0
1
0
0
0
0
1
0
0
3196
0
0
0
0
5
0
2
1
1
3
29
0
203
0
3
18
0
3
0
0
1
0
0
0
846
0
0
0
2
89
4
0
10
0
0
12
5
0
1005
2
0
44
379
0
93
0
17
2
0
402
25
59
1
29
0
11
0
0
0
0
799
1
0
0
0
0
0
1
2
5
316
15
0
1
0
1
21
0
1
28
9
1
0
0
0
0
0
0
1160
7
0
1
76
146
0
0
0
1
0
0
5
0
17
2
1
4
0
0
2
656
0
73
128
0
3
1
0
0
3
142
0
0
0
0
0
0
0
0
0
0
0
0
343
5
962
0
5
0
11
0
0
0
35
1
0
1
0
0
1
0
0
0
0
30
1
53
67
0
0
0
440
0
1
9
0
0
0
0
1
0
0
1
0
26
0
0
14
1
1003
1409
0
0
2498
8
0
0
0
0
1
1
0
0
0
0
0
0
0
9
2
1
2
0
0
89
0
0
51
0
0
4
0
0
0
0
0
0
39
68
1492
0
0
1
0
13
8175
1
97
0
3
0
545
16
0
0
0
0
1
0
48
0
474
81
18
0
0
0
4713
0
0
0
0
0
0
0
0
0
0
0
0
0
6
23
0
6
4
5
0
3
0
445
36
2
0
143
0
9
0
0
0
1
63
0
2381
2
0
0
0
1
8
0
0
0
46
0
2
0
16
1
0
0
2695
9
156
16
3
2
0
3
13
0
5
0
0
0
0
14
0
1
1
0
0
0
0
0
0
227
592
0
0
0
0
0
0
0
112
214
14
2
0
1
0
0
0
0
1233
0
7
0
1520
25
126
1
0
0
142
0
1
0
13
62
0
0
0
1
2
377
519
39
1
4
9
0
4
0
1433
2
0
0
0
0
0
318
0
1
0
0
0
0
5
0
0
1
0
0
8003
166
0
1
19
0
5
0
0
1
60
0
0
2
2430
1
337
986
0
0
4
21
15
2
0
162
2414
0
0
18
930
0
44
0
0
3
0
0
16
1034
1
8
0
0
74
0
0
0
1
0
0
0
1
0
0
0
0
0
8
0
9
0
0
0
0
0
0
0
1
4
48
250
0
0
0
0
0
182
662
8
0
787
4
0
0
100
1
0
1
0
1
0
1
654
621
3
0
65
0
0
0
0
0
0
0
0
174
156
1
0
0
0
58
0
0
1
1
0
0
0
0
0
38
0
9
113
25
5
69
1
0
0
0
0
0
0
0
0
0
0
0
24
4
4
0
1
2
0
0
17
0
1
3
0
1
0
2
0
0
380
47
0
0
0
4
0
1
5072
0
17
0
4
1154
0
0
0
0
0
0
0
0
0
107
0
2
0
0
92
64
0
9
0
0
0
0
5
1
0
580
132
0
0
0
9
0
354
2
0
52
425
0
17
0
1
0
0
3
0
5
0
0
0
0
88
1
0
2435
16
0
1
23
0
4
0
28
0
2
0
0
0
0
0
0
0
1
0
513
0
8
0
0
96
506
0
0
95
2
0
0
0
0
0
0
8
0
0
0
0
10
0
0
13
31
74
3
6
0
0
4967
0
78
1
0
0
5
0
0
0
74
986
0
12
0
0
0
1
933
0
0
0
563
39
0
0
0
0
0
0
1
0
4050
69
4
0
1
0
219
0
1
22
0
0
0
0
2
0
35
0
0
0
0
0
212
1
0
0
0
0
0
0
16
0
87
295
0
0
237
0
2
0
0
0
0
4
64
26
2768
18
119
7
4
7
4
0
0
4
0
0
0
0
0
0
0
0
2
0
3
0
0
0
1
67
0
0
0
0
0
15
1
1
0
0
0
0
0
1
2
0
0
1
3
0
0
1917
0
2
5
338
1
1
21526
1
5
0
0
12
0
0
3727
0
51
1080
0
196
1074
0
0
62
0
4
0
1
0
0
0
0
1
0
1
828
0
0
0
0
36
2
0
0
89
1
0
888
0
0
2
1
0
0
0
0
556
0
0
2
0
0
0
0
0
0
0
0
2
10
0
0
0
0
0
7
0
28
1
0
0
0
0
14
12
1
8
1706
222
87
0
0
0
0
0
0
2
6
0
0
0
1
0
0
23
1
0
0
44
0
0
20
7
19
51
0
1
0
40
0
0
0
0
0
7
0
0
334
0
0
0
103
0
10
0
0
782
0
0
0
3
18
120
9
0
2285
0
0
16
51
0
2
1
4
1155
1
0
0
0
0
0
0
0
0
0
0
0
1
112
1
1783
0
0
1
10
58
0
35
7
2906
102
0
3078
0
0
0
0
40
0
0
0
198
3
0
17
8
0
0
1
958
528
1
0
0
4
0
151
2
18
4946
488
253
118
0
3
0
1
2
7047
0
0
0
1
0
1
0
1
0
0
0
1
0
706
0
0
3
0
0
4633
368
0
0
132
1393
0
0
1
0
0
1
0
0
0
20
0
3
1
0
191
0
3
0
1
3
0
2
0
1
0
0
0
0
0
103
0
2
3
3
81
0
0
1
150
0
0
0
0
0
24
0
0
0
0
0
1175
0
0
0
1
0
0
0
7
0
0
0
363
1
0
0
180
0
0
0
1
4
1
8
2981
114
2
8
0
0
0
6
74
0
1
0
2
1
0
1
0
0
0
77
0
13
0
0
188
106
2
9
118
0
0
0
0
0
12
0
0
1
0
0
0
110
10
1
0
0
4
0
0
0
0
1
1
980
0
0
0
0
0
10
1645
7
659
38
193
8
25
39
0
197
3
96
0
21
0
63
0
8
257
1
0
0
5
0
0
96
1
4
8
2
193
0
0
0
0
8
0
0
0
1
0
0
0
0
0
0
20
0
0
0
0
19
3
0
0
244
3
0
0
0
1
0
0
3
6
0
4
1
0
0
699
4
1
352
1
132
1
3
1
0
0
0
0
5
0
13
1141
4
8
0
30
0
0
0
0
0
0
0
0
0
0
13
1
0
0
0
0
0
48
0
17
0
0
92
4
0
317
0
4
1
8
0
0
0
0
0
0
1
0
0
4
45
0
0
0
0
0
18
63
0
0
261
0
0
0
0
0
88
0
0
1
89
1
2
371
41
1
0
51
0
7
0
0
1
0
3
0
0
0
0
0
0
1
0
1
0
19
0
29
1
0
0
2
10
0
0
0
0
0
0
0
0
4
260
0
1
1
2
0
0
120
5
3
9791
2
16
0
91
0
0
217
2
4
2
0
0
0
0
1148
0
0
88
0
0
0
0
0
0
0
0
0
1
0
0
0
0
0
0
3
0
0
1835
0
7
2
0
901
1
0
2531
0
0
0
0
0
5
0
0
35
0
0
1
0
0
67
0
0
869
0
0
557
0
0
2
1
0
0
0
1
0
0
0
8
0
0
36
7
257
0
0
1
0
0
0
0
0
0
0
0
0
50
0
2
0
0
0
506
0
19
1
195
3
0
0
0
0
0
0
0
2670
0
39
0
0
951
0
8
1
0
1
1
4
0
0
19
4
0
1
2
95
14
13
0
14
0
0
0
0
31
192
2
2
0
0
0
0
0
0
0
0
0
0
0
0
3
0
141
0
0
0
1
1
6
0
21
307
18590
0
0
112
0
0
0
2
545
0
351
36
7
0
0
41
462
475
16
25
0
1
0
0
0
2
0
0
0
0
0
22
30
1
9
0
2
8
5
53
0
0
0
0
0
0
0
1
0
0
0
0
0
0
1
0
0
0
0
0
0
0
1
7
95
43
0
130
2
0
0
0
0
155
1
16
4
0
1
157
0
2
0
1
0
0
0
27
0
9
0
0
0
7518
0
6
0
91
10
0
15
0
190
1
0
0
0
0
0
0
0
0
0
10
0
1
0
0
9
7
0
0
0
0
641
0
1
0
85
0
0
697
0
0
0
0
67
15
0
0
0
238
0
13
9
118
0
233
0
2
0
0
0
5
9
0
0
0
182
1
0
0
0
0
0
0
13
1
0
0
0
0
0
0
0
0
0
0
0
23
1
0
31
0
1
3
0
61
17494
5
74
0
418
0
0
61
0
0
0
0
10
0
2
0
769
66
0
217
1
0
0
0
1
1
0
7
0
0
0
0
1
4
648
0
1
30
0
10
237
0
1
0
0
0
0
0
0
0
0
0
0
0
0
0
0
1704
0
1
902
0
0
172
6
11
26
12
1
0
0
0
0
0
0
0
5
0
0
0
0
0
0
0
6
1
1178
1
0
0
0
0
0
17
19
584
63
0
13
1284
0
0
35
1
272
0
0
0
0
0
0
0
0
0
0
1
0
1
0
1
0
1
0
1
1
0
5
0
8
0
9
1
2
21
0
1
1
26
3
0
2
32
0
0
6
0
0
1
0
417
21
202
84
1
0
38
16
214
3
0
68
0
76
2015
0
29
8
5492
4
0
25
0
0
0
0
0
0
0
0
0
0
0
0
0
0
68
326
0
1
0
1
27
26
0
3
0
2
15
287
1
0
195
2
0
0
632
0
0
0
4
0
13
30
1
0
0
0
0
491
0
0
0
1177
3
0
0
1429
0
0
1
5
49
26
0
1
159
0
0
0
0
0
0
0
0
0
0
0
0
1
433
5854
1
24
99
27
0
0
0
0
0
0
58
7
0
21
2
0
0
12
9
14
0
17
816
0
0
12
1
285
0
0
1
4
39
116
0
5
0
3
4
197
0
31
48
0
0
0
0
1
0
0
0
0
0
0
0
0
0
0
1
0
0
0
3
42
1
1
0
1
0
0
0
1
131
0
0
0
0
111
0
2
629
0
1
0
856
1
0
0
3
0
201
2
2
0
0
1
1
1
0
5761
0
0
0
731
1522
0
0
0
249
0
0
168
2
0
0
0
0
0
0
0
0
1
1
0
0
0
0
0
0
0
0
0
0
0
0
37
3
0
44
0
0
0
0
0
0
1
0
126
5845
2251
2721
0
0
0
58
1029
1
1
50
0
0
2
1
6
373
4
1
8
3
0
19
0
9
0
13
40
20
0
0
0
0
0
0
0
0
0
0
0
0
0
2194
8
1
0
0
0
40
0
28
1
0
187
22
0
0
0
0
0
2
1
0
1
478
1
8
0
6
39
0
2
48
0
9
0
0
0
4
0
0
0
0
24
2
0
4
17
1
1
487
0
5
0
0
0
0
0
0
0
0
0
1
0
0
0
2671
2
202
0
7
6
0
0
5
0
3
1
4
0
0
0
78
0
0
3
4
0
0
0
7
8
1131
17
0
5
0
0
0
0
0
250
0
0
6
0
111
9
240
0
1
19
0
0
4
2
0
0
0
0
0
0
1
0
0
1
20
0
0
0
23
11
0
4
0
0
1
0
0
2
0
0
1
0
0
0
6
0
0
16
0
0
0
1
2
0
3
1
0
0
78
113
0
188
0
5
0
0
0
15
0
9
187
12
11
3
223
5
89
9
112
0
0
0
0
0
0
0
0
431
3
257
0
31
2
122
0
0
0
0
0
0
5830
5
3
10
600
0
0
0
0
0
0
0
0
0
0
171
13
6
14
12
78
3
0
8
0
0
0
1171
0
10
580
144
4803
2088
102
0
0
0
0
18
198
1
1
0
0
0
0
0
0
0
0
19
0
1841
0
5
70
6
0
210
1
0
1
1117
1
1
0
0
0
0
0
0
0
0
0
1
0
0
1731
290
5
0
23
222
1
3
3744
27
0
0
0
95
1
13
0
566
0
1
9
2
54
1
125
0
15
131
222
661
0
0
0
0
0
0
0
0
1
0
0
0
0
0
1
186
2
523
7
35
0
0
0
2
0
0
0
0
0
0
0
18
1
0
4
20
0
0
0
2
0
75
639
0
51
383
0
136
1094
0
19
0
0
7
0
12
82
2
4
0
13
0
11
2
0
0
0
0
0
0
0
1
118
0
0
0
0
316
1
9
0
0
0
1148
0
1862
0
1
0
0
0
0
0
0
0
0
3
13
4
0
4
0
0
0
0
2
3
4
0
165
0
39
1
1
0
9
0
45
2
0
0
0
379
4
89
2
0
0
0
0
0
0
0
0
0
0
1
1
0
0
1
25
1
8
9
8
202
777
0
675
15
2
0
0
45
0
0
0
106
0
9
0
3
6
5
0
0
0
56
1
0
15
13
0
0
47
1
0
0
54
0
4
0
0
230
0
0
0
655
2
79
1
0
0
0
0
0
0
0
0
0
0
0
33
1382
34
0
1
0
0
0
102
0
0
3
2
0
0
43
0
0
0
803
0
5
103
0
1
2
0
0
17
802
0
5
78
8
289
1
205
20
0
0
5
2
0
3
0
0
0
0
0
15
87
28
0
1
0
0
0
0
0
0
0
1
0
0
1742
4024
10
1
0
15
0
0
22
1
2
0
0
0
0
0
0
0
0
31
0
0
0
2
23
0
0
2
17
0
0
122
0
386
17
0
103
2
8
412
1
0
2
24
1
1
0
19
1
0
0
0
0
0
0
0
0
0
0
0
0
0
0
0
47
1
12
0
0
68
0
0
0
0
0
30
1
0
0
0
0
0
0
0
5
83
0
157
0
2
0
0
36
0
3412
0
19
2
0
505
81
1
6
9
0
0
42
1
0
0
16
44
0
0
0
0
4
0
0
0
0
0
0
0
0
0
1
0
0
0
18
0
20
64
68
531
477
0
1
0
0
0
0
0
0
0
0
0
0
0
0
0
2
12
0
0
0
0
2322
4
0
3
1
1
8292
140
11
2
1
0
1024
1088
0
35
0
0
1
673
0
0
1026
0
0
0
0
0
7
0
0
0
0
0
0
3440
0
0
0
83
11
0
4
0
0
1
25
0
0
0
0
0
0
0
4
50
0
28
0
1
0
143
0
0
6
0
0
2
21
0
0
0
37
0
0
1810
115
0
0
5
0
0
0
0
0
56
0
0
0
0
0
0
0
0
0
0
0
0
0
296
35
0
6
0
0
0
0
569
127
0
0
96
231
0
27
1
0
0
0
0
0
0
0
1
5
13
7
29
3
0
42
1
0
0
2157
0
0
3
1174
0
0
142
0
3
1
0
4
0
1475
0
17
1
0
104
0
0
1
0
0
0
0
0
0
39
20
0
0
0
0
3
1
17
21
0
94
0
0
0
56
4
1
0
129
146
13
44
0
2
0
0
3
198
0
27
0
0
3
0
2
6
1
1
3304
0
70
45
0
0
25
0
51
33
0
0
0
0
57
0
0
0
0
0
0
0
0
0
2
7
50
0
13
0
0
54
6
10
0
4
0
4
0
0
0
0
54
0
15
15
0
1
1
1
221
0
1
0
165
54
0
20
4
6
468
0
0
0
0
0
11806
4
0
2
4
0
5
0
3
0
1
0
0
2
0
0
0
0
0
0
0
0
1
9
0
0
8
0
343
59
668
86
1
0
143
0
0
0
61
0
5
0
0
1
15
1
0
4
0
1
0
0
4
8
0
0
0
0
0
671
6
0
2
2326
8
0
0
0
9
1
4
0
138
7465
2
0
0
244
0
0
0
0
0
0
0
0
393
108
0
0
0
0
0
304
1
2
30
10
12
0
0
0
0
996
156
0
2
0
0
0
0
0
0
0
0
95
15932
0
56
0
13
0
6
0
34
2
0
55
1248
0
0
757
3
1
60
0
2
2
4248
0
2
151
0
0
0
0
0
0
0
0
0
0
0
0
0
0
0
0
3
27
10
1
0
7
0
0
0
0
6
139
1
125
0
0
0
8
1
0
11
4
36
0
5
0
0
0
1883
0
10
0
0
394
3137
53
0
1
0
0
179
837
562
1
72
0
1
1362
0
0
0
0
0
0
0
0
122
0
2651
0
0
0
4
817
233
725
1
0
4
0
0
0
0
0
0
0
15
0
0
0
0
383
0
0
1
0
33
1
9
513
0
0
1
0
2
0
28
64
216
125
0
16
0
0
1
0
0
17
801
0
0
0
0
0
0
0
0
0
6
0
8
0
556
1
0
1
0
8
2
0
0
0
0
0
0
0
0
0
0
444
0
0
0
0
37
0
40
1
2
105
26
1
18
0
0
2
6
0
6
0
2
3
10
1777
0
1
0
0
78
0
1
0
0
0
0
4
0
0
0
2
0
0
0
196
15
533
2
0
0
2
0
16
0
0
5
0
8
1366
0
0
0
0
0
159
110
2
0
0
17
235
13
1
0
1
0
370
2
4
314
1
64
15
46
11
5
9
63
1031
1443
486
7
28
1
0
195
0
27
0
1
0
0
0
0
0
0
1
0
0
2
0
1
0
3
0
0
0
0
0
0
0
3
77
0
0
0
0
0
0
19
0
0
0
0
14658
39
1
8
0
65
0
0
1
293
0
1
251
10
14
0
0
0
0
0
1
0
0
1
0
0
0
0
0
0
8
163
0
0
1
0
0
0
0
0
0
47
1
7
60
282
913
0
0
87
0
29
2
0
171
0
0
0
0
1
0
10
60
0
41
7
6
0
0
40
448
48
0
0
233
0
0
57
0
0
0
11
1
1
0
7
0
9
1
0
0
0
0
0
0
0
0
0
0
0
0
0
0
0
0
0
0
1
0
6
6866
0
0
0
0
1
0
0
122
0
0
0
0
0
0
0
0
0
24
4
7
161
3
0
1
0
2
0
0
1
0
0
0
0
0
281
0
0
0
16
503
2
7
0
13
226
0
0
1
141
0
0
0
0
0
1
0
0
158
0
0
0
0
0
84
239
0
0
39
83
2
0
1
0
0
0
0
0
0
28
0
0
0
29
26
0
0
2
151
4581
394
0
6023
0
35
0
3
8
0
12
0
13
819
447
0
44
0
40129
0
2
0
0
1
1
0
0
0
0
0
0
0
0
4
0
1
0
31
0
528
153
483
9
0
6
6801
0
10
0
0
0
0
0
0
0
0
0
0
0
0
5
15
0
0
2
0
5
36
0
1
0
29
306
0
0
2
1
549
199
0
1
0
968
0
1
0
0
0
1
0
0
0
0
0
0
0
326
2
1
0
0
0
0
83
0
162
0
4
0
1
2
1
0
0
0
0
0
18
3
0
10
1
38
0
2
0
12
7
0
30
0
93
0
16
0
84
0
2
19
43
0
0
0
0
109
0
0
0
63
1
0
0
0
0
0
0
0
0
1
0
0
1
5
23
344
6
134
4
0
80
0
521
3
4
1
0
0
0
0
0
0
18
0
0
10
16
22
125
0
0
743
82
18
0
0
0
0
0
30
108
123
0
0
13
0
0
98
0
0
1556
0
0
1
1
0
1
0
281
0
0
0
0
0
1
0
2
3
5
0
0
0
21
33
0
232
40
0
0
0
0
0
0
0
0
0
0
0
157
0
0
0
2
0
6
20
4
90
41
501
0
0
0
82
0
0
0
0
1
545
21039
1
1407
9
45
55
0
1
0
0
0
1
945
0
0
0
0
1
4
0
0
94
0
2
8
10
984
2
0
0
7
13
25
4
0
0
0
0
0
0
0
0
0
1
0
50
0
0
3
1
1
41
7
76
0
0
0
2
7
0
0
0
18
1
0
0
12
0
0
0
12
3
1
5
0
0
12
0
0
0
0
0
4
0
0
0
9
0
0
0
1
1017
0
3
21
63
245
0
0
0
0
0
0
1
69
0
59
128
0
17
0
4
1
3
1
0
0
0
0
0
1
0
575
0
10
5
1
8
137
2
98
0
0
0
148
0
0
0
0
0
57
0
0
3
0
1
0
0
0
1
0
0
20
0
3052
0
0
42
15
0
42
0
0
3
0
0
38
0
8
10
0
68
0
0
0
0
1
0
0
0
1
7164
1
1
2
2
1105
0
0
9
13
16055
3
0
0
0
0
0
1
1
0
0
0
0
5
0
0
0
0
63
0
0
0
0
0
0
0
2
1
0
1
1
0
228
17
0
0
448
0
0
8
36
3
0
0
0
50
0
2577
1
9
0
0
11
0
1360
0
0
3
0
3
0
0
2
34
1
7
3
0
0
0
7
0
3
1
0
0
0
1939
0
0
1
0
0
0
0
0
1
1
0
19
4
27
0
0
29
0
1
1
0
0
698
0
0
0
10
4
57
0
0
0
378
1
0
0
23
28
0
0
71
0
0
0
0
76
5
0
1
0
38
1059
8
510
0
2
6
0
0
134
0
0
0
2
0
0
0
0
1
0
0
0
0
0
0
0
0
821
0
0
21
20
21
0
0
0
1
2
0
0
0
0
0
1
0
0
9
0
110
5
0
0
0
0
1724
0
0
0
0
1
0
5
117
62
0
0
211
0
0
73
0
0
1
1
0
0
0
3
0
0
0
0
0
0
0
0
1193
0
5
19
0
1900
0
0
0
0
0
0
0
0
0
6
234
0
1
0
0
0
0
0
0
7
0
115
0
0
0
0
43
1
0
2
1
16
103
0
27
0
1
9
0
0
0
19
3
2
45
0
1
16
0
0
0
0
0
0
0
0
0
13575
6
1
0
2
0
0
2543
76
0
0
7
0
0
0
0
0
798
0
30
0
0
0
106
2
10
0
2065
0
13
4
36
0
0
2
0
5
0
0
3
0
15
1
0
0
2
2625
1
35
5
460
23
1
0
0
24
1
0
0
0
0
0
0
0
7
1
0
0
0
30
1
0
0
0
0
1305
2
0
0
0
0
0
1
2
0
0
1
1
59
425
1
0
2
16
0
0
0
0
0
0
5
1
139
0
2
4
0
0
25
2497
49
7
97
1
721
0
0
1
0
0
1
0
0
0
0
0
0
0
1750
13
0
0
0
10
40
0
2
996
44
122
130
0
0
0
0
0
4
1336
0
0
0
0
0
3
5
0
0
32
3337
0
0
115
0
0
0
2
1
449
2
1
2
0
0
1839
0
2
2
2556
362
1
0
0
1
1
0
776
0
0
0
0
0
0
482
168
0
0
0
0
0
2
1387
0
12
61
0
0
0
0
0
0
1
136
0
0
1
3
0
0
113
0
16
13
3
0
51
70
0
0
1
0
209
77
0
76
0
87
2
1
0
306
0
0
0
28
0
0
0
0
0
9
0
0
0
0
452
0
0
32
0
1
0
0
2
0
69
0
3
719
48
0
0
0
0
0
4
0
0
12
0
0
0
0
0
0
5
16
0
10
1
0
0
0
29
0
1
8972
15
127
1
0
195
152
0
0
6
59
1
20
0
1
1
0
0
115
0
0
0
0
0
0
0
2063
0
0
0
0
1889
0
0
0
166
0
1
0
0
0
0
0
3
2
2
0
0
304
0
7
0
3
1
4
2
1
43
0
0
4
1
0
0
0
0
18
1
1
0
112
10
7
5
0
342
0
0
232
10
1
1
4
0
0
0
0
1
0
5
130
0
108
1
80
467
0
1525
7
141
1028
1
0
0
0
0
0
4
1
108
2
0
10
79
11
154
0
1
10
1248
4
0
0
0
50
0
0
3
4556
93
10
35
0
0
1956
93
28
0
2
595
1394
0
0
0
0
0
7975
0
0
0
0
65
0
0
0
0
2
0
0
1
0
2
0
2
7
0
0
0
0
0
0
187
366
33
40
1
629
1781
26
0
1
10
223
0
73
0
191
0
0
0
0
4485
0
91
10
10
0
91
5
1
16
0
0
1
2
0
1
1
0
0
85
0
0
0
0
0
1
0
0
7
43
0
0
96
0
0
1
232
2
0
0
1
0
0
0
1
2
3
3
186
2
15
0
0
0
0
0
0
0
0
0
0
400
0
52
0
7
755
0
5
0
16
0
41
3
2
135
0
3
0
0
7
1
0
186
0
0
0
0
1
1
0
0
0
0
0
1
0
0
0
0
0
1
160
1
0
0
0
0
1
33
218
1
0
0
5
0
6
97
13
0
0
157
13
0
0
7
6
2
57
0
0
5
0
0
35
11
16
14
1918
0
8
0
0
0
0
0
0
307
0
0
0
0
32
0
5
200
0
0
1
0
55
0
0
41
49
224
0
85
37
0
0
0
6
0
0
0
0
0
0
3
0
0
30
3
0
0
0
280
2
14828
0
711
0
1
0
3
0
0
0
0
10
0
0
0
524
3
0
0
1
0
0
0
0
0
0
0
2
0
0
4
0
27
0
0
21
50
1
0
164
311
5
523
9
0
0
0
6181
0
1
5
373
54
0
3
0
0
0
3
0
1
0
139
0
4260
11
0
0
65
0
64
13
1
1
1
0
0
0
837
3
24
0
0
60
0
0
0
0
0
0
0
0
0
1
1745
0
0
541
0
1
1
0
0
3
1
0
0
0
0
12
0
4
2
15
3
7
0
1
0
0
0
154
0
0
0
281
0
185
68
0
1
6
1
0
5
157
0
0
970
1
0
3
185
4
0
0
0
0
1
0
0
0
0
0
0
1
36
15
140
1
235
169
125
440
0
163
10
440
440
62
440
43
169
837
24918
0
12859
5211
3566
28
5104
11658
0
147
1612
3566
0
16824
44353
8435
6805
2225
157
21425
2776
6
0
37739
48764
13847
390
12690
4712
8294
31998
38
16577
1234
24267
31767
15319
13365
9068
10527
147
12859
73
5866
42
859
169
6
6384
1887
2
183
25
617
992
21
182
595
617
10
617
0
45
469
29
91
3062
2204
2210
39183
182
1208
91
185
11
2
826
2
0
4
0
29311
0
0
873
0
826
24
4
3
933
30
3
27
3
3
0
2571
266
8
865
22
0
12
0
10197
0
39
10984
262
135
76
1389
40
40
6
3
0
17
0
48
1
0
46
0
1
2594
7749
5
4869
1
184
3
0
293
2535
4869
14273
0
0
1093
0
2
0
2399
203
3028
0
1
0
11
59
165
5224
14
4556
21031
7
6
31
1210
6391
5
2390
297
0
6512
0
191
2
78
13
360
31
15817
1
140
3844
869
0
3416
14
0
4
226
8
14
2
14
8
12
2
10
8552
12
0
7231
11359
72
55
583
1
26
26672
1457
0
78
4
3163
10679
1
1678
33
1
18
4
16
0
0
1522
22054
46
13092
1
43
743
5
1976
6
997
378
21271
0
1
2278
0
49
4
2
48
18
240
36
1481
67
1
50
985
718
28
1
0
1
12114
525
0
162
0
0
7
0
0
45
3107
81
0
629
3812
2288
1061
1
1
7700
45
2
9
0
13542
1
137
4
23
438
4
4
2456
68
0
7
13
0
7
863
114
49
9
1
1
5029
0
12464
80
4
476
267
90
592
13
1
0
17752
7
2
3219
0
1
0
4
1
0
2
1387
172
22615
0
336
0
5
4
450
0
0
4857
3752
194
70
15
104
0
10074
0
0
11
603
0
667
846
8
29
1666
6
2110
17
298
20539
1
22
0
1004
73
309
2702
0
17302
0
1612
3
214
3
2
14
1
67
1
158
574
2
57
9809
562
674
6000
63
23
2
1
8
0
0
6404
18
0
2
285
245
0
256
5
2715
12
0
117
6
206
2
229
529
37
0
1
1
1724
0
3
2
4
21
1301
191
0
33
115
4861
1
292
400
1
0
243
1
15
613
0
0
1
64
2674
26
1017
1197
3200
389
1
21
8
1
13
0
0
0
922
296
60
3
359
2
57
4
700
3
9
0
50
1
0
0
8
0
138
0
1
32
0
17
1
3
0
0
8
8332
2
0
0
2546
9
75
914
0
0
5
4
70
324
151
374
1
2
133
0
693
3
2
0
0
728
5002
18
519
1
74
0
2213
113
18
4906
2514
487
23
3
5
3
0
0
1
3
0
22
666
0
2058
134
0
0
1629
6355
211
3727
37
5
0
2734
0
72
4
1
0
1
0
0
283
2213
0
12292
9153
1
4
0
0
5538
0
2
35
0
2
1
17
44
24
9
1
1509
349
34
0
1
27
22
0
2
1183
0
0
0
6
1
288
3834
148
0
132
1468
0
0
2
0
0
2
23
0
1
113
1
0
149
15
0
2
6
3
2
0
3
2
0
9
23
2442
29
1298
2506
0
5127
24
2
7
9
1
1
62
5
0
1
648
0
2
0
4015
0
147
2
62
0
0
1138
0
0
19
5
1
0
0
0
4
170
3
3
0
538
0
0
4065
1
11
1
0
0
0
1
2682
493
0
11653
859
2
1
0
1
54
268
8
0
2
2915
35
0
51
0
1
21383
617
4
7
0
49
0
0
9124
0
1
12
2
81
2
362
0
0
50
63
0
0
1263
0
1
0
0
1
15
7
1
0
0
6
16
0
24
20
1
125
64
0
0
0
2
1
1
48
63
0
130
0
307
0
1
2
0
15
1
0
17
1
1897
1
2
3
27
61
1
0
79
1759
12
0
287
1
1
2283
160
1
448
43
163
0
0
1
0
0
54
200
0
226
314
0
7697
54
0
0
8
1
159
32
1309
3
3
7
0
2
1
0
0
577
0
215
0
3
689
650
1906
1
19
1
7339
0
0
3
40
66
459
15
1
0
8
3
11
5
4
0
0
0
51
12
1
13047
8
0
2504
0
0
0
17
12
68
578
1
1
2523
24
4913
2
170
0
14
0
0
210
246
0
17
1
9
338
2
72
2
0
374
3
1
6
1025
1
0
0
1
1
14
2
39
1
9
0
151
4590
1
1
0
197
2
1
0
574
1
3302
162
69
3
1
1
218
4
8078
1
3
5839
6
66
4
34
1
847
0
63
0
1
1
0
88
0
0
1
42
0
0
0
0
4
17
1
6
0
8
0
2355
14
3
33
610
14
0
0
144
2
198
14
1
0
0
10445
1044
1
0
18
2030
26
1
619
1
0
37
1
1200
1121
0
5
13
29
487
2
0
0
5095
0
1496
1
0
4
3
14119
0
0
0
5
1
4
99
11
148
0
6326
0
8
31
0
1
1
217
2
0
0
1
0
0
0
10
27
512
1703
0
18
11
385
383
1472
129
0
304
7
1
65
0
1
1
28
0
19
6755
1
0
113
0
5
0
20
0
3192
0
10
2
2
255
0
0
2
6
1
0
793
1
79
11664
0
0
151
36
4
0
0
0
0
0
1
0
84
0
0
0
41
2
45
1
1060
5
465
494
9
1816
5
0
951
2
1
0
1
1
6255
835
1
2
1006
19
0
245
30
0
1700
75
515
0
293
1
24
5
9
94
13
36
7
0
4674
38
28
0
6
336
18
0
10
568
0
0
137
154
8
9
369
0
23
17
1
69
2677
0
11
0
0
1
6808
6
0
0
1
1
93
1
77
0
0
64
1
2225
0
0
7
0
88
712
515
0
0
0
1
0
26
1
1
7059
0
111
0
1
9
5
340
0
43
27
0
6
0
0
0
0
18
0
11
5
59
1
0
95
0
0
1
0
135
0
0
441
74
1
4
4
0
16
45
274
3
436
0
8
0
0
1
4
1
314
0
0
10
19
1
0
0
7
2
10
9
1
16
139
0
24
4
0
0
7592
48
0
84
12
3
32
10
4
246
1
3
58
52
0
618
0
285
7
19082
0
74
483
8
16
5
7
12
104
10343
0
11
1
0
5
0
0
1
49
4
1
270
0
76
291
18
0
0
9004
17
0
0
57
0
16
2
1
383
0
0
0
0
185
0
806
2
2
19
5
3
0
6
138
0
0
0
12
6
0
0
1
5
127
83
443
0
17
0
4390
1
3
42
0
0
0
0
0
1
275
0
1
832
0
0
394
0
380
1
58
1
0
0
6
12
0
0
0
0
41
0
0
4
4
0
16
2
1
0
16
1
0
5510
1
0
0
0
0
99
14
1
181
5
63
1
1
1
8
306
3877
0
4
247
107
0
0
6
1
0
20
0
57
0
334
0
207
3
0
0
6
1
3
0
0
159
145
1
1
8
110
41
471
702
50
0
11
0
9184
12
26
0
87
0
93
0
21
0
13
8
1
31
18
0
336
243
0
0
77
1
29
1
603
532
32
0
15
0
7
0
0
25
102
13
79
0
0
16
0
501
0
1
0
0
64
88
0
8
5
0
54
0
7
82
0
6
69
3406
190
0
0
4
4440
260
8
0
52
1
147
0
57
1
0
5
293
1
2
5
82
17
0
0
0
30
1
3
2
0
3
2
1
15
0
1
0
0
641
45
15
0
3
0
32
0
1
28
0
1
0
0
801
13
172
1
4248
2575
0
1
0
0
14
122
10
23
270
0
462
1
1
0
0
0
0
56
0
0
5
0
0
0
669
0
0
17
2
0
0
154
6
100
0
1
0
0
0
2
132
0
0
32
3187
0
755
0
1
0
0
0
1
0
1
63
0
1
8925
1
47
4
0
43
402
6
0
0
7
5
226
1871
466
1
0
57
1
9
4
4
32
0
110
1196
8
2
5
2709
5
10
0
0
1861
581
105
3
6
3
0
637
1
193
259
1
0
32
0
5
4
2
3
15
1033
6484
0
0
0
1
4
7
0
7
10
44
0
4
1
2154
588
0
0
1235
108
0
2
136
0
39
0
3
0
1113
5
0
0
2
18
17
0
312
1
3122
7
1
0
0
44
0
6
287
1958
3
0
0
25
0
0
0
22
0
0
0
50
0
1
63
1
162
58
0
2
0
1
0
0
0
5
2
974
62
3
244
921
10
0
18
9
0
7
3814
0
6
0
301
0
88
2
4
128
0
71
0
0
6672
1
7
4
0
4
6
65
39
15
1
1
119
0
0
36
6
1816
5
11
0
300
5
19
1
24
1
1
1155
0
0
0
0
39
1
0
1
44
0
0
0
0
1
2
27
0
1
1213
0
0
0
0
3917
31
0
0
0
0
311
0
1290
58
269
2
21
2
0
301
19
0
66
1
0
0
0
0
1
147
91
8
14
12
15
1
0
1
0
7
17907
0
15
80
0
0
0
0
0
2
1346
4
0
3
0
0
16
8
1
0
952
2
24
1
0
2
0
0
0
6
88
2692
0
11
2
15
0
3
6
4
21
1
117
129
12
1
230
0
1
113
2
674
3
24
51
0
1392
1
0
0
0
0
0
0
1
0
2
0
2
52
0
0
0
1
30
1
0
1
1
2
2
43
0
19
293
1
369
0
0
2
798
1
0
0
3
749
236
1
54
133
13
0
0
7
0
0
18
71
17
0
14
23
112
26
453
6
3
2
0
157
738
92
46
1
0
0
0
0
340
0
0
1
0
0
0
0
0
1274
0
0
0
0
9
1
44
2
17
0
1
0
3
1
6
0
204
0
1
10
2
659
97
0
0
16
11
0
8
0
45
0
0
228
1
788
2
5
29
0
1
411
0
0
0
0
1
65
0
0
0
0
35
0
251
0
1
0
0
0
1
0
0
3
1
0
0
9
4
0
8
163
426
0
6427
2703
0
5
0
0
0
0
19
653
4
1
61
35
0
0
251
8
0
0
2
55
1
0
0
6
5
23
0
0
5
2
93
4
2430
1
2
1
0
106
0
1
4
20
0
0
0
1393
0
7
2
0
0
75
6
19
0
186
208
0
11
0
0
0
8457
1316
0
2
2
67
39
0
6
0
1
6192
0
573
0
2
0
1
0
20605
2
2
0
67
0
3
0
0
2
326
1
0
13
61
0
0
5
14
0
26
0
0
3
2
21
0
0
0
3
0
7
0
0
107
111
0
0
0
0
524
18
0
0
0
2
0
7
0
0
7
6
0
5
1344
151
0
9
431
0
0
0
1
0
154
160
0
5
45
4
1
1
0
1
15093
15
0
2
0
0
0
1
121
0
17
0
0
476
0
238
0
0
0
0
0
0
0
10
0
0
1
0
0
47
780
163
68
0
1416
0
0
14
1
0
5
3
10
332
0
0
580
2
204
0
1
0
0
4
3
63
0
3
0
0
26
0
58
13
9
86
0
1
71
1
317
0
269
1
5
0
0
1
0
8
0
0
1
0
2
0
2
0
15
1
36
0
0
0
24
1
70
0
2
0
0
56
0
28
5
0
500
0
1579
1
9
4
41
3
0
0
4
112
109
0
17
2
151
1
12
0
38
9
24218
0
6
11
3516
1
4
29
4
4
1
0
0
90
0
17
0
0
0
48
0
0
0
1
0
463
38
1
1
0
9
456
0
1
548
0
5
0
152
0
0
0
1
31
0
1289
0
0
749
11
2700
2
69
174
4
7
0
0
0
39
0
0
0
2
552
32
3
0
0
1
19
47
50
2
0
0
0
175
0
0
0
0
0
0
1
22
1
2
0
9
0
0
3
0
4
0
0
0
337
1406
0
0
0
0
7
495
0
0
0
0
0
0
0
0
2412
1057
0
0
8
9
4
22
0
1
194
0
1
3
0
0
2
0
0
8
21
16
5
0
4
0
19
0
0
0
0
0
1
0
0
1
16
0
1625
15
0
0
2
4994
1
1
8
69
808
0
1
5
0
0
1
38
0
3382
1
1
2116
7
3
61
0
58
0
97
2
100
0
327
0
0
0
6
0
3
1170
2
10
0
55
39
0
1
0
0
1
0
54
3431
0
18
1
0
0
0
0
58
0
1
3
436
17
0
1
12
1212
3
0
0
88
17
0
2
0
0
115
0
0
60
1
1087
0
259
0
6
0
0
38
7
0
3855
0
9
0
0
9
9
0
20
2
1
6
426
1183
94
45
149
24
2
0
54
0
36
1
195
0
0
0
3
1
1212
1
1
1
0
0
9
65
1
4
0
18
0
23
0
0
0
4
0
1
1
1
41
2302
0
780
7
0
8
1202
10
25
4
36
2
8
2764
5836
0
303
27
5
1
14
71
0
1
0
3
0
249
5
0
34
0
0
0
12301
260
3
0
1
0
0
0
3
0
704
18
0
0
0
4
4
2
1
0
15
345
0
0
2
0
0
0
0
0
20
14
21
10
83
2
240
17
0
0
0
18
0
1173
0
0
0
0
4
0
1
0
35
5
1
0
0
6
3
2
0
0
0
43
2
4
6
0
1
1
0
2
0
1
11
0
0
1
1
74
0
25
0
0
119
326
0
0
0
0
1
0
0
406
56
0
38
1
1
1
0
46
1
1
4
0
13
24
3
0
0
1
498
0
14
0
0
85
1
1051
27
0
269
1
24
0
0
0
606
645
344
0
0
0
0
0
1
12
1
0
0
1
242
1
8
0
1890
1
0
186
8
6
0
0
33
384
0
0
0
451
0
0
0
0
5156
24
2410
0
2
242
20
79
19
71
174
83
0
0
0
5
16
7
4
0
924
17
0
2
0
1
2
0
256
1
0
458
0
651
0
0
5
0
47
377
1
0
9
20
0
666
0
0
7
16
0
1
0
61
31
36
0
2
4017
256
224
1
499
2
1
1
22
0
0
0
122
125
13
0
1
0
297
0
9
24
2
5
0
0
2
0
118
0
0
0
0
0
0
1
1
4
0
152
0
0
0
1
28
10
0
1
54
1
248
0
42
0
221
2
1
2
0
0
0
0
0
0
0
1064
101
6
49
106
904
0
3
276
41
45
0
1
164
1
0
0
2
0
1
51
0
3
3
1
3
0
2
2
0
0
0
0
12
134
0
9
0
0
0
0
1
0
0
1
0
6
0
0
1
4
0
0
266
345
0
0
1
0
0
1
277
17
1
0
0
1
1
7
0
157
5
15
1
0
0
1
0
38
0
99
193
0
354
1
7
1
0
0
0
0
88
0
2
3
0
0
405
0
0
1
0
381
0
192
0
0
1
435
0
0
0
0
3456
629
14
1286
5
0
0
10
0
0
47
0
0
1
237
71
0
0
0
0
0
6677
1
10
0
4
61
0
7
0
36
0
0
43
0
0
1
5
0
1
0
2
0
0
7
0
0
0
9
0
0
1
0
0
0
9
0
1
1
3
0
1
0
28
0
0
22
0
3
7
0
0
0
0
198
0
27
1
9
3
0
0
0
0
1
290
0
0
8
0
0
6
159
0
0
9
0
2
4
70
287
0
0
0
464
0
1
0
0
0
0
1226
23
0
0
282
0
1
25
0
3
0
1
1
0
0
0
12
150
0
0
0
0
24
0
2263
0
0
2
0
0
2
37
3
0
0
2
54
1
5
0
5
21
2
1
0
272
930
1
0
9479
40
13
3
1
0
280
4
0
6
2
1
4
1
14
0
0
0
0
10666
4
0
0
0
0
0
34
42
0
0
0
4
1
13
19
1506
10
65
0
5
0
0
6
0
1
4
4
2
2
254
6
145
2332
61
1
2529
0
0
0
72
0
0
3
0
211
3
210
1
0
0
0
38
2
4
53
1
0
0
6
0
0
0
0
0
0
0
0
0
0
0
0
0
0
1
0
2972
0
0
11
254
0
1271
0
0
1638
6028
1
294
0
0
2
208
0
3
0
1
4
123
1
9267
0
0
287
672
0
7
5
5
4
0
4
3
1
0
0
339
5
1
0
0
33
0
0
1
9
1
0
7
1
0
0
0
0
0
0
1
0
0
2
14
3
8
22
0
3
600
614
0
0
0
0
20
0
0
19
0
0
8
3
4
2630
36
3
6195
894
1
23
0
95
0
1
0
59
0
0
3
38
0
0
1
3
0
0
1
24
4
3
0
138
0
0
0
1
1
0
86
0
0
9
306
1
0
0
19
4
65
87
1434
1
1
35
0
0
2
37
0
0
1061
106
0
624
0
0
0
362
159
2
201
86
1
0
0
0
30
69
1
135
2
0
13
0
0
0
0
1
12
0
0
1
0
123
0
7
0
0
1
0
1
0
33
0
0
0
34
1
0
0
872
55
49
1
1
0
7
20
4
22
0
3
1
0
0
5
0
28
0
2
1
3
0
0
1
14
0
0
3
6248
0
14
1
17
2
0
0
0
5
0
0
20
0
284
0
0
2
1345
0
27
0
0
108
1
0
0
0
0
0
0
37
0
0
26
0
207
29
51
0
12628
52
6
0
0
1617
0
0
0
0
48
33
1
1
0
0
84
0
0
1
2
2
0
1
5076
79
0
38
9
27
4
0
0
0
1
7
3
0
0
0
7
0
3
0
0
0
0
2
2
0
0
0
0
0
1
11808
0
0
0
0
0
0
0
12
45
0
45
1
10
10
0
0
80
125
0
0
0
1
7
1
4465
0
0
6844
5
50
16
0
3692
6
0
0
172
12
0
1
1
3
0
3
19
0
0
1
0
0
67
0
1
0
0
7
0
0
0
0
30
0
0
2
0
0
1
4
8
45
2
1199
2
26
8
0
69
2
0
0
0
1841
2
4
1
0
0
31
0
86
121
0
17
0
68
0
1
0
4
0
74
16
1
96
0
21
3
4
1
0
0
17
0
0
13
0
149
215
4
2
1
0
0
0
0
1
0
219
0
0
0
1
32
0
12
35
17
0
0
107
0
1
22
0
310
115
100
1
0
0
11
1
0
274
1
6
0
18
0
21
34
356
0
74
0
0
35
4
18
4
0
51
22
0
0
33
0
2
1
0
0
0
75
0
0
0
0
0
1
0
1
0
0
0
1
1828
1
31
0
3
6
0
0
0
34
0
0
117
21
2
0
1
42
2
1
1
2
2
183
53
632
4
60
8
212
29
309
0
142
13
0
39
0
1
1
29
20
21
2
43
1
0
9
0
0
228
5
0
12
0
0
2
0
0
0
0
0
0
0
18
263
1
3
694
30
0
0
3418
3
0
0
87
6561
8
3
1
0
0
0
57
0
2
1
6
90
0
1
0
0
1
3
2
0
1
1
0
0
7
0
1
1
6
25
4
0
0
0
1
0
1
6
0
101
3
0
0
0
0
0
1
0
5
1
38
0
0
1
0
0
15
0
0
0
0
0
0
1
310
1
0
0
1
0
3
21
55
1
0
0
0
0
1
1
402
11
0
0
2
42
2
27
1
26
944
7
1
0
1
0
0
1
295
0
4
0
2
362
0
0
73
1
0
0
2
0
0
0
1
1103
2
0
0
570
1
14
0
5
0
0
499
7304
0
0
426
0
0
0
25
0
9
10
25
0
0
87
0
1
1
3
23
0
4
0
85
49
20
5
0
0
0
0
0
4
0
0
2
0
15
1
2
396
0
1
6
0
0
0
0
1
0
4
0
0
1
1
0
1
31
0
0
535
0
0
12
10
0
0
0
3
0
6
13
2
0
423
33
22
2
1
19
1
0
0
0
7
0
0
2
1
0
142
4
249
0
35
82
0
0
5
5
1
0
3
1
1
0
0
1
0
0
0
1
0
0
63
531
0
0
0
183
0
144
0
0
2
0
0
0
11
123
0
0
0
0
0
5
0
3
4
4
0
1
0
0
53
33
0
20
0
3
0
213
3
15
0
74
0
77
0
0
0
0
80
0
0
1
150
216
26
0
0
0
1
0
0
0
0
0
0
10593
3
124
330
1
3
14
0
2
23
0
0
0
0
3
3
4
0
31
151
0
26
0
1
2379
2
22
7
0
0
28
3
30
5
0
27
0
0
0
190
866
1
0
1
83
0
0
0
0
0
0
316
0
2
0
0
1
2
0
0
0
1
0
35
1
0
0
1
0
1
0
0
0
1741
0
52
29
0
3358
1
0
0
0
0
120
29
1
13
0
10
2
0
1
0
0
4941
0
1524
76
9
140
0
23
0
0
0
1
7
260
1
0
338
0
0
0
4
1
0
0
0
0
0
0
0
0
0
1
6
0
2
86
3
2
0
0
0
0
0
0
0
44
0
5
0
94
0
0
31
2
0
1448
17
22
2
3
418
1
6
2
1
2
11
41
8
2
8
0
4
6
55
0
1
3
0
0
0
0
0
0
0
61
1
0
0
0
1
0
2
0
0
0
1
835
0
0
60
0
0
305
0
0
1
120
7
0
0
0
2
3
0
1
0
21
1
4
1
12
1
14
0
25
0
104
3
0
59
0
41
0
0
1
0
1
0
0
301
0
0
10
0
0
0
0
0
664
0
0
0
0
0
0
8
0
1
1
0
1704
2
1
0
2
0
0
75
130
10
27
3
48
0
0
0
20
25
1167
0
3
0
0
9
60
0
0
197
175
0
91
0
6958
3119
0
5
17
0
1
1
3968
3
0
6
0
0
0
0
0
7
0
308
3822
1
0
0
12
0
0
0
0
0
3
74
0
22
0
2
0
0
37
0
0
2
9
4
84
0
8
212
0
0
0
40
107
20
143
5
0
0
0
5
0
0
3
13
1
23
1
21
5
0
0
1
10
1
57
9
0
2
0
0
0
36
0
1
3
0
0
0
2448
1
0
0
0
0
0
0
0
5
0
0
80
858
463
0
0
0
3
2
15
0
248
0
4
0
1
0
55
0
13
0
245
0
2
6
0
0
2
0
4
10
0
1
157
0
0
0
344
0
0
0
0
0
0
0
1
0
0
1
45
0
49
7
53
0
1
1
0
0
1
1
160
48
2
13
2
635
0
0
0
13
0
468
83
0
0
3
0
0
0
73
0
0
0
87
24
2
2
4
24
0
3
0
0
0
4
3
0
0
0
0
4
10581
0
65
8
0
0
4
0
246
0
17
356
1
9
0
72
0
0
0
1
0
0
5
6988
1163
0
24
0
0
12272
0
3
2
0
32
117
0
10
2
1
0
251
3
3
645
0
2
1
0
278
8
981
16
0
1
113
11
42
61
1
16
2
135
1
95
806
7
0
0
0
0
2562
0
0
500
17
0
17
0
21
0
0
1
0
0
0
0
0
4
0
0
1
1
1341
0
0
0
0
0
1
0
8
3
2
0
0
0
0
119
24
9
6
2
24
0
5
4
7
4
0
0
43
3
0
0
13
145
44
1
0
7
33
0
0
31
79
0
0
2766
0
0
35
0
0
0
0
0
1
0
1
0
0
2
786
0
0
2
2
0
0
0
7
9
92
4
240
9
0
385
45
1
0
85
0
5
386
3
0
0
20
120
420
0
129
2
0
0
2059
0
0
0
6
20
1
110
0
1
6
1
1
0
0
3
23
0
4
0
0
0
0
1
6
0
0
126
1
2
585
5
0
19
3
0
1
6594
1
1
8
36
0
2
46
0
38
0
462
1
67
81
0
0
0
0
130
0
0
49
10
249
5
12
24
0
0
13
5
17904
104
0
0
0
0
0
11
0
0
2453
1
0
0
0
0
0
0
0
0
0
0
8178
589
1
5
1
0
3
117
0
2
0
0
0
0
1
0
0
0
0
0
0
141
2
68
1
4
0
0
55
9
1
3
11
3
2
18
3
0
0
0
0
0
17
273
219
0
6
0
0
13
0
59
700
0
0
3
0
0
0
0
1
1
17
0
0
3
1329
89
0
93
12
5
0
0
212
1
0
0
223
0
6
1
0
2
6
222
0
63
0
125
14
0
26
2
1
0
6
8
53
4
16
0
0
0
23
0
244
2
0
0
1
225
0
0
0
1
0
0
0
28
8
0
3
0
0
8
0
0
2312
0
0
1
65
0
205
9
0
14
29
524
5
0
0
144
7
0
10
40
0
2
872
0
3
0
0
1
0
2
0
2
3
0
0
1
0
0
18
0
9922
2
0
0
1078
0
0
3538
16
1
0
5
3
1
0
0
9
0
0
0
1
0
0
0
0
3
6
7
0
0
3
23
0
0
206
0
2
303
960
79
3
57
0
11
0
1
935
0
27
8
0
0
5
0
0
4
2
1
6
0
1
1116
0
2
3
28
0
57
0
1
0
19
849
2125
0
3
34
0
0
0
0
2
0
7
0
1
0
0
0
0
99
16
1
0
22
4
0
10
7
5
95
46
0
26
0
0
6
34
1
43
8
0
1
0
2
0
28
11
0
12
2
0
50
0
3
1093
0
0
30
0
0
314
1
18
0
8767
1758
17
0
1
0
1
5
0
1
0
0
0
0
40
0
0
26
2070
102
0
16
0
1096
177
0
150
22
1
83
0
1
0
0
0
0
0
209
0
117
0
210
731
0
0
102
4
8
1
2
6
0
7
3
1
0
0
1
1
1
0
0
0
1
12
2
0
0
2
0
304
0
0
1099
4
0
0
0
0
0
0
7
377
0
7
7
0
799
0
35
923
0
63
1
0
21
0
0
1
24
1
0
0
5
0
465
314
0
0
0
8
3
18
9
1
0
0
0
635
0
46
365
31
24
9
26
14
0
0
1
6
0
3
324
0
0
0
1390
1
1
0
0
1
0
0
3518
119
0
64
2
0
1
0
0
0
0
3
0
0
180
0
105
0
0
1
8
0
0
6
9
0
73
1
1
810
25
0
10
8
0
7
10
20
0
0
0
0
0
0
0
0
1
0
0
239
0
0
3
0
0
1
6
0
0
0
0
1
0
6
8
1
8
202
2
7
1
143
0
0
0
1
0
0
7975
8282
8
1
289
1
1
8
0
0
0
10
2
0
0
0
127
1
0
1
2
80
4
210
0
0
0
0
0
0
0
0
0
1
0
0
0
0
227
0
0
1
30
0
0
0
0
0
0
0
0
43
1
3
13
8
1
0
0
0
406
0
27
1
1
1
3289
0
16
237
1
1
324
3
7
0
0
16
0
0
0
3
2
0
0
1
0
3
0
0
30
199
0
0
0
0
0
0
5
310
0
0
0
0
0
0
78
0
1
3
0
1
0
0
0
4042
3
0
1
0
939
186
0
0
1
0
0
11849
1
0
16
6
21
0
0
3
15
0
14
5
4
0
124
0
24
67
1875
5
1
15
17
0
0
0
0
0
1232
76
36
0
0
0
0
108
16
0
3
0
0
0
14
0
0
0
0
0
0
0
0
2
43
0
1
1
457
0
0
0
5
1
0
11467
7
4
0
13
23
3
0
0
0
776
27
138
0
360
0
10255
0
0
0
0
71
0
0
1
0
0
15
1
3
4
0
10
0
0
305
0
1
1
1
0
0
0
0
0
0
0
0
0
0
0
25
0
0
8
10
0
13
0
0
0
0
0
0
1162
763
0
0
349
1
0
46
0
1
0
1
0
0
2
0
3
3
0
0
0
1
0
213
358
1
1
11
67
0
0
0
0
0
1
0
3
4
3
0
0
1
0
27
0
1
0
0
0
1
0
3
0
19
0
2
0
1
8
107
0
436
0
0
1493
3
13
0
19
0
0
109
168
1
1220
9
8
1
0
61
2
3
76
194
19
0
0
400
2
88
0
0
17
0
0
0
0
1
29
0
39
1
0
6
0
0
0
64
0
0
0
2
0
0
9
4
12
0
0
24
0
153
78
0
1
0
0
135
14
0
0
2
27
0
0
25
1377
0
0
58
588
2
0
11
19
0
1
518
0
4
1
7
640
0
1
1
0
0
7
0
0
23
0
58
1
1
1
0
0
1
0
0
645
0
1
3
0
0
0
8
0
68
0
98
429
1
278
0
2
0
0
9
0
0
0
580
4
0
1
397
0
346
0
0
0
0
0
1
60
0
2
952
2
21
5
2
1
7
0
1
1
0
28
0
0
0
0
5
10
1
0
0
0
62
0
0
2
2
0
0
0
1
0
2
0
2
0
8
60
40
13
0
0
0
0
0
0
45
1
0
0
2
0
7994
164
5
0
1040
3
11
0
1
7
0
5
8
0
39
4
1
1
0
0
8
0
3
7
0
0
0
0
9
0
2
0
0
0
2
25
0
2
0
0
0
0
0
0
13
0
9
0
56
0
17
0
0
71
1
0
0
0
1660
0
0
89
0
1
1
0
0
0
0
26
3
0
0
381
0
0
1
6
31
4
0
273
0
43
0
9
5584
1
0
0
67
13
367
0
0
0
0
27
10
0
7
0
0
1
0
0
0
0
1309
16
12
0
1
0
0
0
0
0
0
17
0
95
1
1
1125
517
0
2
0
0
13
3
9
0
231
0
0
0
1773
2
2
1
75
2
0
0
0
1
17
2006
12
2
53
7
0
0
5
15
0
0
0
0
23
0
0
0
0
0
0
8
0
1
0
31
11
2
0
0
0
1
0
0
1
0
0
86
2205
4
3
0
1
0
34
0
0
44
0
333
23
0
0
1
5
0
1
0
1
0
52
1
0
0
68
10
7
0
0
0
0
58
1991
0
0
77
0
261
1
0
1
0
0
0
0
0
0
0
1
0
5
234
0
0
2
0
12
42
0
0
0
0
0
1
20
0
3
0
0
0
326
0
19
35
326
0
41
0
5
39
0
220
11
1
25
782
0
18
23
2
0
0
1
13
1
23
45
0
0
0
0
0
0
0
0
0
0
0
0
1
0
0
55
0
8
219
0
842
24
2
0
0
1
0
0
20
5753
46
35
0
20
0
43
2
2
4
110
0
0
0
0
1
30
15
503
1
164
0
10
20
0
0
0
0
369
7
218
2
0
2
3
0
119
0
0
1
3
0
0
0
0
0
0
0
0
1
17
0
0
0
1
16
1
0
0
7
0
0
4
59
7651
0
24
2
1
1
0
0
984
1
0
0
1
2
6
93
1
2
0
42
0
0
0
0
0
0
0
5
1
0
1
0
0
0
5
193
0
0
0
0
45
16
0
0
0
0
0
0
0
0
2
2
2
0
3516
1
0
0
0
0
2
0
5
0
1
0
19
0
133
4110
77
1
0
0
2
2
121
0
0
16356
66
0
0
13
11
55
0
35
0
12
0
1
33
47
0
0
1
0
5
45
0
0
0
0
0
0
0
0
5
0
0
1
0
0
19
0
4
0
3
0
0
3
0
3
45
0
386
0
17
7
36
0
20
25
0
7
0
15
1722
3
119
3
0
0
71
0
0
0
1
4
0
0
0
2
0
19
0
1
0
1
0
1
0
4
0
0
0
0
0
0
0
0
0
0
0
0
1
0
3
0
2
391
85
0
1
0
0
1
10
0
0
431
0
555
8
0
2059
25
0
32
0
40
12
16
26
7
0
2
0
284
1
0
0
6
0
2
54
0
8
1
0
18
1
15
97
0
0
65
0
0
531
0
1
5
0
1
0
0
1
0
7
0
0
0
14
3
6894
0
0
21
0
8
1
1
1353
574
1
0
422
10
25
1
2
0
50
591
0
1
84
0
171
71
1
1
165
0
4
0
159
1
6
1
1
76
2
4
27
34
0
1
0
2376
0
0
2
0
0
0
0
0
0
1
0
1
0
0
219
0
0
2
0
0
2116
1
2
0
0
1
1
0
111
4
613
285
0
0
0
1
2
349
0
24
0
49
1078
2
1
4
1
1
3
33
102
0
21
0
0
2
8
69
2
1
0
1
0
10
0
1
1
0
0
1
0
0
0
0
0
2
0
0
4
0
1
1
2
36
0
0
0
35
5
94
2189
34
1
144
0
1
0
45
0
20
0
4
0
12
2
7
16
0
4
0
0
4
1
0
0
4
0
37
1
2
171
25
0
4
2
0
0
0
0
0
0
0
1
14
4
0
0
0
1
0
0
0
0
1
0
7
14
24
21
5
1
0
4203
17
6
34
0
0
20
2526
12
0
9
521
0
3
0
1
1
74
0
25
962
0
8
44
0
1
3
45
2
1
4
287
0
1
1
0
3
0
1
111
0
0
0
0
0
0
1
0
1
0
0
1
0
0
12
270
676
11
0
1250
0
1
0
1
161
0
3128
0
2003
3
1
293
0
23
29
0
299
118
0
0
73
0
0
0
0
2
2
0
1
0
0
30
0
0
3
0
14
67
0
0
4
0
4
560
1
0
0
0
0
1
0
0
30
0
0
0
0
10
382
2
0
0
0
0
12
2
0
1
5
1
0
0
1
0
0
142
2
0
109
0
0
17
6
0
0
0
16
0
2
513
14
0
0
0
52
24
0
5185
9
13
2754
38
1871
0
1
0
3
29
1
0
0
0
0
0
0
0
2
0
0
0
0
0
11
0
18
0
2
0
0
0
0
0
70
0
1
0
0
1
0
3
0
0
196
1
117
2
55
0
2
0
0
0
38
1
1
2
0
14
0
0
0
14
0
0
1
0
3388
0
0
0
0
213
0
0
0
0
0
0
6
0
0
1
0
1
0
0
6
0
10
2
175
1
0
158
0
0
8
0
43
0
273
60
21
0
185
0
1449
0
0
0
965
2604
0
10
0
18
12
0
0
0
17
0
4
1
0
0
5
13
8
66
1
0
0
0
642
0
1
0
0
0
0
0
0
0
1
2
0
0
0
0
15
39
2
1
124
0
0
0
0
0
1
632
195
10
380
0
0
15
187
0
3
27
4
0
32
413
157
1
0
5
9
0
0
6
8
0
2
15
0
0
21
0
6
1
2
222
4
0
34
10
0
0
0
3
0
0
0
10
266
0
0
0
0
0
11
214
51
0
105
0
0
2
0
0
7
0
19
172
689
2
0
11
0
0
757
53
485
29
0
1
2003
0
2
0
0
0
1
13
0
2
4
9
0
0
341
1
50
0
1
12
0
0
6
252
0
0
0
0
0
0
1
4
0
1
0
0
0
0
0
1
42
0
0
495
0
161
0
0
0
76
1
0
0
51
213
714
0
5383
70
0
0
0
4
1
0
0
1
0
1
0
29
0
0
0
1
3
0
2
4
178
1
8
0
5
1
0
693
2
0
0
0
351
23
0
0
0
1
0
0
0
0
16
37
3
0
0
27776
0
3
7
0
1
6
11108
10
2
0
429
1
1
0
167
0
16
5
12
9180
7
1
0
583
0
0
2
0
13
0
0
125
0
0
1
60
0
3
1
1150
76
0
0
4
3
0
0
0
1
0
0
0
1
0
0
1
0
1
0
356
0
5
0
9316
0
742
0
0
0
0
0
0
1
0
1
320
28
0
0
2
69
12
0
26
2
108
0
45
34
0
0
92
10
0
2
0
74
0
0
2
7
0
12
798
1
3
0
1437
0
7
0
0
9
1
0
0
2417
0
1
4
0
0
0
0
0
1
9
0
1
2
1364
5
0
123
0
8
0
8
0
2
0
45
0
6
0
1
1
3
0
4
5
0
0
433
2
0
0
72
0
1
1
0
2
0
1
66
37
2
0
0
38
0
0
66
0
0
1
0
7
0
14
1
0
0
0
0
0
0
1886
2
59
3
0
0
760
0
0
529
0
1
72
23
2
13
40
0
131
120
0
7
427
403
1053
0
14
30
0
5
1
0
3
4
51
0
0
0
61
7
0
1
1
3920
2
4
0
0
1
0
0
72
0
0
0
7
0
0
0
1
0
1
0
134
4
58
0
115
14
4070
0
0
2
5
0
261
14
1
0
0
2
0
126
8
0
37
3
0
19
6
186
3
0
0
13
9
1
3
0
158
2
77
0
0
1
0
6
0
3
1
0
1
57
0
16
0
0
1
0
143
0
0
1
0
0
0
1
0
0
0
0
2
0
0
0
0
0
2
3255
0
0
0
502
148
156
0
87
0
9
1
2
0
0
1
0
0
4
2
36
0
18
86
0
0
5
25
1
62
0
1799
1
8
0
0
0
0
468
0
0
0
0
0
0
0
3
0
0
0
1
0
0
82
0
0
0
9
1
278
98
0
529
2
586
2
429
19
0
0
130
0
0
32
116
121
31
5
12
0
2
0
0
7
11
17
1
1
25
19
1
0
19
0
1
541
44
2342
122
0
0
31
1704
0
65
50
0
0
0
1
2
0
0
1
0
0
0
0
0
0
4
0
0
0
72
0
1
0
0
0
14
2
123
0
0
0
325
2
4
0
1
1
11
4
3
4
0
15
0
16
0
43
30
1
0
86
1
0
20
8
0
1
0
0
0
0
1
0
0
0
0
1
0
14
7
0
0
0
0
0
1
54
323
133
1
6
0
2
3
0
0
45
13
395
14
438
0
5
6
31
2
1
0
5
125
2
0
0
0
10
0
20
2
100
0
42
0
0
0
0
34
1
0
1
30
0
0
6
0
1
3450
0
0
0
0
0
15
0
1
0
0
0
0
0
0
23
0
0
6
549
1
6
0
31
0
1
296
0
1
0
0
1
1
0
1
371
113
38
18
12
72
1
4
3
0
0
1
0
1
0
0
0
0
0
0
5
0
25
0
1
0
0
0
0
2
0
0
0
0
43
0
0
12270
0
0
0
0
0
0
56
2
373
1
1
0
0
0
0
0
29
38
1
1
2
5
2
0
0
1
447
0
0
17
0
0
0
24
0
0
1
0
0
4
0
3
1
0
0
0
14
2
1
1
1
0
112
0
405
0
0
0
0
0
1
0
0
2
0
0
1
1
0
0
0
22
35
0
1
1
4
315
0
9
25
0
2
4
0
10
1
45
0
0
4
16
98
0
0
619
0
11
9
13
3
17
0
0
345
10
36
0
1
1
0
0
2
0
238
0
0
0
6
0
1
0
0
0
1
2
0
2
0
0
0
0
0
0
1043
0
17
0
2
5
57
0
0
0
0
0
0
3
3
0
1
204
1
0
19
1
12
0
1
0
0
1
0
15
10
0
145
1
12
0
114
2
1
0
0
2
102
884
0
117
0
0
0
18
0
0
0
0
59
0
0
0
0
0
6
0
0
0
0
0
19
23
14
0
33
0
0
0
2
0
2
1
1
0
1879
51
0
0
15
70
0
1
4
70
0
1
20
0
4
0
0
8
0
3
0
2269
30
0
2
7
4
4
0
0
0
0
33
85
0
0
0
0
4
1
1
0
0
0
92
1
0
0
114
0
104
0
1
0
0
13
0
0
81
17
55
1
23
0
1
1
28
1329
0
50
1
29
8
2
13
341
2
0
1
7
1
0
2
2
11
0
0
0
0
1
12
0
452
0
0
0
10
0
0
0
0
0
1
0
0
0
0
4
1
0
0
0
1
178
0
0
6
0
0
20
0
1
583
0
0
0
0
0
10
1696
0
120
1
0
20
133
5
0
2
0
0
0
0
0
132
1
10
17
0
0
2
0
0
190
8
0
0
0
4
2
0
0
0
0
0
0
1
0
0
0
0
0
4
0
0
0
179
15
0
10
18
3
194
0
18
2
4
9
46
2
7
1
29
24
0
0
0
4
0
0
0
1
0
0
1
0
12
0
0
52
0
0
10
0
1
1
646
6
209
353
1
1
0
0
2
1
0
0
0
0
0
1
0
1160
1
0
0
1
0
4
0
0
3
2
46
39
0
0
0
1
2892
3
8
86
2
1
0
4
135
516
588
3
0
2
1
4
0
0
0
0
196
1
0
0
825
2
0
742
0
0
456
2
0
1
2916
0
8
0
3
3
0
0
0
127
0
0
0
0
1
0
0
0
0
0
36
2234
728
0
77
5
28
7
0
0
3
7
0
0
0
28
468
0
0
188
9
1
2
0
0
1
0
0
455
0
1
0
0
0
0
979
0
0
0
2839
0
776
0
0
1
0
0
0
1
0
0
0
0
1
1
0
0
1
0
0
1
0
0
0
0
0
1
0
16
0
12
9
0
7
55
124
2
0
6
0
38
8
0
27
34
0
3
1
39
0
0
20
2
1
0
0
0
0
0
46
2
0
0
22
1
5
9
64
5
0
0
18
0
3982
0
0
0
7
0
0
0
777
0
0
0
1
0
0
1
0
16
2
0
0
1
0
0
0
179
0
0
0
2
3
0
56
0
11679
4
0
5
23
0
4125
12
202
10
0
0
0
1
1
14
32
0
0
0
0
1095
0
1
0
0
3
0
234
2
0
0
0
0
0
0
0
0
3
1
13
0
0
0
0
1
0
1
9
7001
0
0
4
0
1099
1
0
0
1
2
0
1
1
2
5
0
0
8
3
0
879
4
2
0
0
289
0
14
0
1649
8
92
1
10
0
6
1
0
2
2
0
4
12
1504
8
0
21
2
0
0
0
0
1
0
0
1
0
0
0
1
0
147
1
86
0
9
7
0
188
0
0
4
4
0
35
0
3
1
0
0
50
4
0
0
0
21
8
8
0
2
2
0
0
6
242
1
1
0
0
74
0
29
1
1412
0
0
334
0
0
0
0
13
0
0
0
14
37
0
1
0
0
0
55
0
6
694
1
0
52
748
0
25
38
209
1
1
1
376
1
2
3
17
1
0
13
66
76
411
0
2
18
18
0
0
0
9
19
912
2
11
17
0
5598
0
2019
0
0
5
0
1
562
3
0
0
434
0
16
0
0
0
0
1
0
0
0
0
0
2
3614
9
4
7
11
27
0
0
5
0
174
0
0
328
7
3
0
10
630
2
0
0
0
17
1
0
8
0
7
270
31
0
0
0
5
7
2
186
0
137
272
2
43
24
0
6
82
2
0
223
0
3
146
0
0
0
1
0
0
0
0
0
0
301
28
0
3
9593
0
37
1
0
0
0
1
158
2
0
114
0
445
8061
1
7
1
248
215
2
0
4
0
0
0
0
1
8
0
0
12
569
2
2
1
24
1974
54
65
0
0
0
1
10
46
0
436
0
0
0
6
0
263
0
1
0
0
1
0
0
0
1
4
270
0
9
1
0
0
42
1
0
115
2
81
25
3
142
159
0
0
0
2
251
0
5
10
15
0
1
42
8
0
0
0
30
1
1
0
1
45
0
15
0
0
0
1
0
6
33
0
0
2
4
0
0
155
2
0
0
0
0
0
3
0
367
3
0
0
11
5
0
0
0
15
2
0
0
67
0
0
1
0
536
5
129
118
0
52
11
17
3
3842
0
0
1
0
5
3
0
0
14
21
36
4
564
1
7
1
0
0
0
0
0
0
0
0
0
0
0
0
0
0
0
0
0
0
5
14
5
9
0
0
0
0
0
0
0
8
269
0
2
250
1
1
1
1
15
7
34
0
0
0
0
0
0
14
0
20
8
0
2
1
278
25
22
0
45
0
14
27
0
0
2
12
182
0
0
0
1
1
0
0
0
1
0
1
0
3
1
0
0
1
0
0
1
0
9
11
0
1
0
0
8
0
0
0
0
0
0
377
3
0
0
24
188
0
0
0
1
82
1
0
33
281
107
0
315
6
0
264
189
1
6
18
4
31
0
0
6
0
0
0
35
0
0
0
0
1
0
0
0
0
0
0
0
7
5
1
1630
1348
0
0
30
0
4
0
2
0
3
2
1
7
4
0
24
111
0
1
7
0
0
80
0
0
394
32
0
1
1
1
0
10
0
1
20
3
1
42
0
0
0
8
1547
2
0
0
156
0
0
0
0
6
0
0
4
0
0
1
0
0
2
1
0
83
1246
10
0
0
0
1254
0
1
1
0
1
1
6
1
1
1
1
3
2
2
0
1
19
1
0
1
3
0
0
0
1
15
53
0
1
170
7
0
0
0
0
3
3
3313
0
0
192
1
1
0
1
0
0
0
0
0
0
0
20
173
1
1
2
0
11
37
0
0
5
6
1
29
1
2
1
0
0
812
0
2
1
0
54
1
1
10
1
3
0
0
0
1
32
3
0
0
0
0
1
0
17
22
9
0
0
0
346
10
0
0
5
0
1
0
0
1
0
0
0
0
0
0
86
5
106
7
0
0
6
0
0
0
1
2
0
15
7
5
0
0
1
0
8
0
0
15
2
84
0
77
0
1
0
1
20
0
100
0
3
1
26
1
20
0
3
82
0
0
0
0
294
569
0
0
0
0
0
0
279
0
0
0
0
1
0
0
0
0
39
49
2952
0
2
3
22
1
0
1
0
0
216
0
68
0
0
0
11
5
0
20
107
235
0
1
143
0
65
8
111
7
0
0
31
0
0
433
1
33
4
0
1
0
10
0
1
3
0
0
0
0
1
0
1
0
12
0
0
0
0
0
98
0
9
13
42
0
36
0
897
2
26
1514
0
0
12
0
714
0
88
202
11
1
0
2
1
0
69
0
0
124
0
5307
0
1258
0
43
0
0
12
61
0
0
2
6
0
0
0
1
11
1
0
0
1
0
0
0
326
0
0
0
1
0
0
0
26
0
1
34
1
0
216
26
4063
0
0
11
0
35
17
3
310
0
0
1
0
0
65
0
43
34
1
29
0
3
0
4
0
0
188
3
0
0
2
1
0
0
3062
2
0
0
0
299
158
8
0
0
0
4
1
0
0
0
0
0
0
1
0
0
14
640
82
1
77
207
136
298
3
12
2
0
3
27
1
15
2
0
0
0
25
9
1
2
0
3
603
1
9
0
0
0
21
201
0
1
0
0
0
1
44
4
0
5
5
0
0
0
11
0
0
0
0
63
0
0
51
0
0
0
0
0
2
0
0
3
19
212
1
3
77
73
0
0
3
2
0
1
52
0
29
1
0
0
0
0
0
8
1
8
1
14
0
1
1
0
1
0
3
0
91
0
1
22
0
1
2
60
0
0
1
0
0
0
0
0
1
0
0
0
334
0
0
9
0
0
0
0
0
0
17
0
4
24
28
0
0
9
177
0
12
10
4
2
0
18
0
2
0
0
3
394
0
96
10
354
25
0
140
3
1
0
24
0
0
0
0
83
1
0
3
0
233
11
0
0
0
0
0
0
0
0
251
0
0
0
1
0
1
1
0
5
3
0
19
27
0
1
0
603
0
38
10
0
0
474
0
5
0
0
0
0
716
1
4
0
0
0
0
68
0
0
19
2
56
2
0
4
0
0
12
0
0
4
0
2
0
0
0
1
0
0
0
41
0
0
0
0
0
2
0
0
0
0
0
0
4566
0
3
0
1678
0
0
5
0
26
4
7265
1
2
3
0
40
33
29
0
0
3
44
0
0
14
0
146
9
0
50
16
0
0
23
4
0
1
0
0
9
2
6
2
0
0
2
0
1587
0
1
1
0
0
0
0
0
0
0
0
590
0
0
0
1
22
0
4
278
0
17
0
3
0
0
1
0
0
40
1258
0
8
0
12
0
43
8
0
3
0
0
74
1
9
4
0
0
5
0
0
0
16
0
0
0
0
0
28
0
0
0
171
1
1
0
3
0
0
0
0
0
0
0
0
0
1
0
0
69
1
5
3
5535
2
0
7
0
0
0
17
0
0
6
0
2
2
0
0
0
14
3
2
0
0
3
36
4
4
8
5
1
10
2
16
0
8
3
0
0
26
0
1
19
27
0
0
0
0
280
0
0
0
0
0
0
27
1
0
2
0
2
0
56
1
5
0
5
4
0
0
0
0
3
3
1131
11
1
13
2
0
0
0
0
0
0
32
14
32
34
1
25
0
0
0
389
0
3
1
0
42
2
0
227
2
0
1137
0
0
0
1
8
0
0
0
3
0
0
0
0
0
0
7
0
0
0
0
2
0
18
0
31
436
3465
72
0
0
0
92
13
18
2
1
103
1364
0
609
1
6
1032
62
3
0
1
18
1
0
15
14
47
0
0
2
186
0
9
72
0
1
8
0
0
0
4
0
0
0
495
0
0
0
1
0
1
1
0
0
23
0
0
0
1
4
72
5
80
1
3823
0
0
0
0
692
0
24
13
82
1576
0
0
3685
19
2
5
0
0
204
3
0
0
0
0
0
17
89
236
0
5
80
1
18
0
3
26
0
3
0
0
62
0
0
0
59
0
0
0
0
0
67
1
1
0
0
0
67
75
0
0
0
0
0
2
3
0
0
4
1
0
0
224
104
3
2
69
0
0
18
0
313
0
0
7
0
0
27
60
1
0
0
0
5
1
0
56
21
37
0
1
1
0
0
1
0
0
0
0
2
0
0
0
0
0
0
0
0
0
0
0
22
489
10
12
3
0
99
1
0
0
0
0
0
95
0
61
24
1
0
0
0
0
0
0
106
0
2
0
152
4
0
2
3
1
102
0
3
163
0
0
8
0
2
283
470
0
0
0
0
31
16
0
0
0
1
0
0
0
1
0
0
1
0
0
0
4
0
0
4
0
52
0
6
9
0
37
66
2
6
1
0
571
22
0
3702
0
8
2
0
0
2
19
0
307
0
1
0
415
9
12
1
41
0
6
11
59
0
103
246
0
5
0
0
1
0
0
0
0
0
0
0
0
26
1
0
36
0
1
1
23
1
0
614
318
89
0
3
0
0
0
142
2
4
2005
6
21
8
0
0
21
17
64
84
1
0
0
1
7
471
0
37
0
2
1
0
5
13
0
5
161
0
5
5
0
0
0
0
0
286
0
0
0
0
0
0
0
0
0
0
0
0
0
48
0
0
609
1
143
47
3228
8
0
2
2
1
140
1
22
2
0
0
1
1
246
645
3
370
0
11
2
14
0
2
0
0
1
0
0
18
86
0
0
0
0
0
7520
0
6
0
4
0
0
5
0
0
0
0
0
0
0
1
0
0
1
0
0
0
262
0
86
6
0
409
5
0
0
0
1
0
14
0
9
0
0
0
0
174
0
0
7
2
0
0
8
6
210
0
324
0
1
0
0
0
0
0
0
0
53
362
28
12
0
0
0
113
0
533
0
1
0
0
0
0
0
1
0
1
113
0
1
1
8
190
0
44
0
0
33
0
0
0
324
5
0
0
0
0
0
0
4
7
1
4
46
0
0
194
215
1
100
21
20
0
9495
3
2
0
0
8
0
10
0
16
18
0
6
0
18
0
29
0
0
0
0
0
6
0
0
0
0
0
3
0
0
0
2
233
0
0
0
441
0
0
0
0
5
0
86
13
7
7
2
0
0
9
0
3054
0
0
7
7
0
3
1
1176
14
0
256
9
1
7
1
2
120
0
0
545
6
0
0
1
0
0
0
0
0
0
5
0
0
0
1
1
0
0
0
0
2
0
0
54
22
10
0
1458
150
24
0
0
1
42
0
0
68
0
2
104
0
44
0
2723
1
0
0
2
1
2
0
1
0
2618
1
4
0
3
0
0
2
0
0
0
3
0
0
0
0
0
0
0
0
1
1
0
0
0
1
0
0
0
0
0
0
1
0
0
70
20
27
13
28
0
7
0
0
13
20
3
1
11
0
0
6
4
363
0
10
34
233
1
97
1
0
39
0
1903
21
3
174
6
15
0
0
2
1
4
0
406
522
0
0
4
0
0
0
0
0
0
0
0
0
0
0
0
0
0
0
0
61
1
0
1723
2
33
6
18
0
0
0
0
0
0
60
0
1028
1
6
20
528
68
1512
0
26
0
25
166
0
0
1
2
15058
0
21
0
1
0
0
0
0
8
8
1
0
0
0
0
0
0
0
0
0
0
0
0
0
0
0
0
0
1
0
0
4
6041
0
22
0
47
1
10
0
0
0
1
449
9
0
10
2
4
0
10
13
351
5
0
293
1
1
0
12
0
23
0
42
0
0
1
9
10
0
74
868
12
0
0
0
10
4
0
0
0
0
0
0
0
0
0
0
0
0
0
23
17
0
0
1
5
18
10
48
5
0
0
0
0
0
832
8
0
0
98
2
0
0
1
147
136
98
2
0
0
1
259
0
0
0
0
0
1
1381
0
5
0
3
39
2
0
0
0
0
0
0
0
0
0
0
0
0
0
1
0
0
0
0
0
1
0
0
0
0
3
38
0
0
21
2
6
0
0
0
1
2
74
1
0
10
2
166
3
0
10
1
65
1
0
0
0
0
0
0
4181
0
23
1
8
0
8
379
178
1
30
10
2447
0
0
1
1
0
0
49
63
0
0
41
0
0
0
0
0
3
1
0
0
1
0
737
0
0
1
1
341
0
0
0
2
32
0
0
1
1
0
1
0
0
0
11
0
0
2
4
2
60
0
0
1
1
0
0
0
1
1
41
4
2
0
10
8
23130
0
1
0
4
0
1
0
0
455
14
0
0
0
0
13
15
0
49
0
635
0
0
26
11
0
15
0
0
0
0
1
18
1
1
114
0
128
7
0
1
6
29
0
0
16
2
23
11
0
1
0
56
1884
280
0
0
0
0
0
0
0
12
0
4
0
0
0
0
0
7
0
0
2
0
0
0
9
0
0
1
0
0
0
30
2
23
0
0
3
4
2
0
111
0
0
19
0
0
2
0
1
0
12
889
7
13
0
1
555
4
5
61
0
0
29
4070
1
5
1
0
5
0
1
6
0
2
62
9487
0
0
0
0
0
0
0
0
0
1
1
0
0
1
0
1306
1
0
0
16
0
1
4
86
0
50
0
0
0
0
0
58
0
4
0
10
11
0
32
0
1
53
0
0
0
6
3
1
0
157
0
0
1
144
273
0
1
0
2
0
0
3
0
36
0
1
0
0
0
0
0
0
0
0
0
0
1
0
0
1
0
0
0
24
0
16
8
4
5
0
0
0
633
0
0
1
0
7
0
2
8
19
6
0
47
2
281
0
11
1
2
0
8
0
79
0
0
13
0
214
0
0
38
8
47
0
2460
1
1
0
1
0
0
0
0
0
0
3
0
0
3
0
0
4
0
0
1
3
0
0
0
1
55
1
0
0
162
0
0
0
4
0
0
0
2
139
16
0
0
0
194
1
49
3
0
1
0
14
14
8
8
93
3
2
793
0
234
0
0
23
8
1
0
0
1
454
0
354
0
0
0
436
0
533
0
0
0
262
1
0
0
0
0
0
12
0
3
0
27
0
4097
0
1
8
0
1
4
189
10
6
4856
0
0
28
0
26
2
0
1
1
0
4
0
1
0
29
49
1
130
0
5
73
0
0
83
0
26
0
0
0
476
7
0
0
0
2
0
1
1
1
1
0
0
57
0
0
0
23
12
4
0
1
0
0
4295
0
0
1131
1
576
47
0
3
17
4
18
0
0
0
0
0
1
10
0
0
0
51
1
2
26
11
7
21
0
0
27
13
427
1
0
1
0
0
0
1
0
0
6
0
0
0
0
0
0
0
0
0
0
1
75
0
0
190
0
4
2
0
0
0
0
0
247
0
23
455
4
0
0
0
13
4
0
2
0
1
6
5
1
0
1
0
0
13
2
0
0
0
0
2
0
0
0
1
0
0
0
0
0
9
1
0
90
0
28
0
0
0
0
1
1961
0
1
0
1
861
8
194
4
1
0
0
18
0
0
124
0
82
127
104
1
0
6
4319
233
194
34
0
1
64
0
63
5
0
0
2
14
7
2
4
3
0
2
9
0
7
3
0
0
0
2
0
0
0
0
0
2
0
0
0
19
1
1
0
141
0
7
1
531
5676
32
1203
322
31
0
0
0
0
219
346
14
0
5
6
34
0
0
1
89
4
0
31
37
7795
0
33
0
0
5
19
0
8
140
2
0
0
194
43
118
1154
180
60
0
1
0
0
0
0
1
0
484
0
0
0
0
0
0
0
6
0
0
0
0
2
2
2064
0
0
0
8
0
0
0
0
206
7365
0
1
0
0
4
11
0
0
28
0
3
0
0
0
3
0
9
0
0
18
25
0
0
0
1
0
3
0
0
3
0
14
0
1
3
3
0
0
0
0
1
6
0
0
0
1
0
0
1
0
6
1
0
0
0
0
1
39
0
0
1
0
0
0
0
4
98
6
0
3
0
0
7
0
250
2
0
1
0
0
47
0
0
0
6
1
0
0
11
0
8
0
0
0
0
0
0
0
1
15
0
0
0
0
0
0
0
1
1
0
0
0
0
0
5
1
1
125
860
0
0
219
0
0
0
0
0
0
2
24
2
2
0
6
0
0
2
2
0
0
0
0
6
9
0
0
8
1
16
0
0
0
12
163
0
11
9
2
253
9
1
8
0
234
1
0
0
0
0
0
0
0
0
0
0
0
0
0
12
6
18
4417
0
58
52
0
0
0
0
14
0
0
24
8619
907
0
2
4
0
1
0
5765
197
0
0
0
16
0
2
0
0
2
17
0
36
0
0
31
0
0
95
0
2
1
0
8
0
51
0
0
0
0
1
0
0
0
0
1
1153
0
1
703
0
0
0
179
0
0
2
403
0
0
0
1
0
0
0
4
39
3
0
8
732
43
0
0
1
119
0
2
2
0
0
5
0
4
0
171
2
0
0
2
3
2
0
0
0
0
5
0
0
0
0
0
0
56
0
0
1
1
0
0
0
2
0
2973
7620
239
693
644
65
0
2183
8
0
1
12
0
0
1
7
7
683
125
4
1
1
13
39
1
0
0
18
10
0
3
669
133
8
117
28
0
14
60
0
1
33
57
14
4451
0
0
0
0
0
0
0
0
0
0
0
0
0
0
0
0
0
0
0
3
23
418
0
0
486
0
0
17
0
0
0
0
0
0
0
5
0
0
0
0
151
14
689
0
7
201
0
1
0
2
11
0
32
7
2
0
3
26
327
0
0
0
0
1
9
0
0
0
47
0
0
0
0
6
0
0
0
0
0
0
0
1
0
1
11
7
5
0
178
0
0
47
0
0
0
8
0
1
0
15
0
0
2
22
5
168
48
1
1
21
2
7
1
0
1
6
1
9
1
106
9
1
0
1
0
0
2
3
0
0
0
1
0
0
32
0
0
6
0
0
0
0
0
0
0
0
0
1333
4
42
0
4
12
144
0
0
0
34
0
0
0
0
0
0
0
0
0
0
4
2
40
0
139
3
6
1
0
2
0
1
3
0
8
0
0
21
4
2
20
0
0
0
125
0
0
0
6
7
0
0
0
0
0
0
0
0
0
0
0
0
0
80
188
1
0
197
24
1
6
0
0
1
130
0
32
118
1
136
0
10
27
50
3
0
0
1
2
0
2
1
2
0
16
2
14
0
1
0
0
14
1
29
0
848
1
1
0
0
2
0
0
0
0
107
0
0
0
0
0
0
1
0
1
1
0
2
0
0
2257
418
2
0
0
0
0
157
6
1
0
0
4
6
11
0
0
3
0
1
2
1
60
0
0
1
0
0
0
24
148
109
5
0
0
167
45
0
0
4941
110
4
0
0
0
0
5
1
0
0
0
0
0
0
0
0
3
0
0
3
0
746
2
0
2
0
30
421
1
2
0
0
0
0
0
0
2
4
1253
0
266
0
30
0
14
0
23
0
2
0
0
0
15
4
31
0
9
39
9
0
2
0
10
0
0
2
1085
3
0
0
0
1
0
45
0
0
1
0
0
0
0
0
0
0
0
10083
21
0
9
56
45
0
3707
509
13
758
0
0
0
0
24
300
8
2
9
0
0
107
36
23
2
0
829
3
13
9
0
0
1
0
0
0
166
2
0
2
9602
4
1
0
35
0
18
0
0
0
0
0
0
0
0
0
0
0
0
7
1
1
8
7
0
25
0
5
48
115
3
0
0
0
0
41
26
2
0
0
0
596
1
0
2765
0
108
1
37
0
0
0
1
6
1
62
0
5
2
0
0
3
0
1
0
0
3
12
5
0
0
4
0
0
0
0
0
0
0
0
0
0
0
0
2
0
0
9
19
29
0
11
0
483
1
0
0
1
0
0
0
0
3
2
0
8
0
5
1
1
66
0
19
0
1
7
0
0
0
0
87
0
0
1
19
1
11
0
0
3849
7
0
0
0
0
0
0
0
0
0
48
0
0
0
3
0
0
0
6
0
0
0
1
246
1107
8
1
7
465
179
0
150
0
42
0
0
2
3
12
0
37
320
2
0
1
0
0
1
2
50
1
2
2
22
0
33
343
153
2
21
0
27
2226
1
4
1
0
1
0
24
25
197
0
0
0
0
0
0
0
0
1
0
0
1
0
90
11
3
19
188
1745
0
691
49
0
4
0
1
232
2
0
18
1
0
1
0
4
93
23
1
11
0
2
1727
0
1
169
1
0
0
0
0
1
5
2
0
0
0
50
88
9
0
0
8
0
0
0
0
424
0
0
0
0
0
0
0
0
0
0
3
34
118
1
25
0
931
6
0
0
1393
0
3
4
3
1
5
0
0
0
3
1
4
1
1391
395
3
22
81
0
0
0
1
0
25
0
1
3
27
25
9
439
224
0
173
0
0
0
0
0
0
0
0
1
0
1
0
0
0
0
0
0
0
0
0
0
1
428
51
0
1
85
0
0
3
0
3
5
0
0
101
17
0
0
0
0
10
0
0
12
0
240
0
4
0
0
24
2
2
31
32
21
1
0
30
0
1
2
3
0
0
2
0
0
1
0
0
543
0
1
0
0
1
0
9
9
1
3
0
0
42
1
14
30
1
0
208
8
0
0
108
0
10
89
0
9
13
0
0
3
16
0
3
9
25
0
276
0
11
1
2
2
5
48
0
0
5
0
9
0
1
2
30
1
0
0
0
22
0
0
0
0
0
0
0
0
0
1
0
1
0
0
111
0
2
1
0
0
113
122
0
0
5
0
46
1
0
1
0
0
0
11
2
30
1
1
0
0
0
5
2
0
0
0
0
7
0
0
0
0
0
0
0
1
0
1
0
0
1
259
1
36
0
0
0
0
0
0
0
0
0
1
1
7
0
0
28
872
0
138
1
0
26
331
0
0
39
0
0
0
632
0
0
2
0
0
0
7
0
102
94
2
1
50
4
0
0
218
81
0
0
0
0
0
24
0
23
3
0
0
776
0
0
0
0
46
0
0
0
0
0
1
0
0
1
0
0
418
0
0
0
0
0
122
2
0
1
9
0
0
33
0
0
0
287
0
19
8883
7
8
3
568
0
813
2
0
0
0
10
0
4994
0
0
7
97
2
13
1
0
9
1
8
0
0
0
0
0
0
0
273
0
0
0
0
188
0
0
0
0
1
0
0
0
0
0
0
3
209
165
0
9
640
58
0
1
0
6
12
65
0
2
115
2909
0
6
1
42
1
0
0
0
0
4
6
1
1
0
1
7
0
0
59
3
1229
7
0
0
0
16
0
0
0
5
0
0
0
0
0
1
1884
1
1
0
0
1
1
0
1
0
0
4
0
1
7
41
1
0
0
17
0
0
0
0
0
0
82
1
2
2
0
0
0
3
231
0
0
1
1
8
18
0
1
172
133
0
2
1
1
0
145
0
123
0
29
9
19
0
0
0
0
0
0
9
0
0
0
1
0
0
0
0
0
0
113
0
0
0
0
2
5
0
0
6
0
0
37
0
2
221
19
0
0
16
73
2
0
67
0
0
0
1
0
3
79
0
943
0
304
1
0
3
51
1
0
5
0
0
0
0
0
0
1
0
0
0
0
0
0
0
40
0
1
0
0
0
0
5
4
8
0
36
0
0
354
100
7
0
0
2
65
0
1
0
17
4
0
0
1
0
7
0
1
10
4
0
0
1
1436
79
11
75
0
0
232
0
0
0
0
10
1
20
0
122
13
0
0
0
0
15
0
0
3
0
0
0
0
1
0
0
1
5
0
0
54
0
89
2
41
0
0
1
0
0
12
0
0
4
0
1
1002
1
9
3
0
229
0
1
4
0
0
2
0
1
685
0
0
3
2
1
1
14
2
13
0
0
436
0
1
0
0
0
0
0
0
0
0
0
0
1
0
0
0
0
0
1
0
107
15
33
0
18177
30
0
0
22
10
2
1
1
0
0
0
0
0
11
8
287
0
0
0
0
0
0
1
24
0
1
0
1
13
1
315
2
0
9
373
0
103
0
1
0
0
10
0
0
0
795
0
189
0
0
0
0
0
0
170
2
0
3
547
0
5
0
8
1347
1
339
0
5
0
0
2
0
22
13
9
16
70
295
8
103
1
0
0
32
0
2
0
0
50
0
0
45
38
7
1
0
5
0
0
2
4
33
0
0
0
0
0
0
0
0
0
1
1
0
0
0
0
0
14
0
0
0
2
151
1
0
1222
61
0
0
0
157
0
0
181
0
7
32
0
3
959
4
2688
11
49
0
2
0
0
0
21
14
0
2
2
0
1
0
0
187
1
48
0
1
3
0
0
1
0
0
11
0
0
0
0
270
0
0
1
0
0
0
0
0
0
1
26
0
596
11
34
2
0
933
0
838
0
0
0
1
259
8
0
1794
0
159
0
1
94
0
6
30
255
91
0
1
14
2
40
0
1
0
2
0
1
0
0
0
0
1094
0
0
0
0
1726
0
0
32
0
0
0
0
1
0
0
0
0
0
0
0
361
10
0
0
20
847
15
0
0
1
341
0
7
2
0
0
68
2
4
0
0
0
0
3
2
0
1
0
0
72
0
2
2
0
0
0
0
0
0
0
50
0
3
0
0
0
0
1
5
0
269
0
0
0
1
0
0
0
0
0
0
0
0
0
1
8
0
0
25
56
56
0
2
1
1
0
108
0
0
0
0
27
0
0
47
0
9
0
0
0
0
1
0
5
72
0
0
0
1
0
60
2
0
0
8
1
2
0
104
0
7
506
0
0
0
0
21
0
0
0
0
0
3
0
0
1
0
0
654
13
0
12
24
3
2
46
0
0
0
0
40
78
7
1
0
21
18
16
84
102
1
0
0
21
0
22
0
0
1
38
5
95
0
8
0
1
0
0
0
0
1
46
1358
0
0
1509
8
0
453
0
1
0
0
0
0
0
0
0
131
5
0
0
19
12
0
0
0
93
1
7463
0
3
0
0
2
0
0
33
2
1
2
1354
4
0
0
0
0
6
0
2531
0
124
0
0
23
0
0
2
8
0
2
3
4
0
4
1
7
0
1
0
0
0
0
0
1
0
0
0
0
3
0
6
26
0
6
0
0
256
7
25
1
188
0
0
0
987
0
25
0
0
2
0
14
1
35
2
6
0
57
87
1
2
1
4
0
0
290
0
0
0
0
5
2
267
10
24
5
0
0
0
1
1
2
2
0
5
0
0
0
0
0
0
0
0
0
0
0
1
0
0
0
8
0
288
26
0
0
3
0
66
0
0
0
34
4
39
0
589
1
0
2
1
2
0
58
503
0
10
0
0
0
0
0
0
1
0
15
1
2
0
78
7
20
595
0
0
0
10
0
0
0
0
1
0
0
0
0
1
0
0
0
0
0
0
2
3
6
126
209
40
0
0
0
0
0
0
0
0
54
0
15
0
0
0
1
0
31
7
0
0
0
391
0
0
221
1938
3
10
36
9
2
0
16
0
72
0
114
2
24
0
0
467
1
66
0
0
0
0
0
0
1
0
0
0
0
0
0
0
2
162
2
0
111
2
1391
1
0
9
0
0
1134
7
0
1012
4
3
1
39
0
4
0
246
280
0
0
1
0
0
8
11
0
0
0
0
0
1
1
1
356
50
0
13
17
0
1
0
79
1
0
0
335
0
0
0
0
0
0
0
0
1
0
14
2376
0
49
1
6
0
2
0
1
0
0
0
312
0
5
0
2
11
0
23
6
219
1
1
29
20
0
20
0
2366
25
377
0
5
0
1
1
0
0
0
1
8
0
0
1
1
0
664
1909
0
0
0
7
0
14
0
0
1
0
0
0
0
0
0
0
0
0
1
857
0
2
46
0
0
0
0
0
2
1
1
0
0
1838
0
0
9
0
78
0
16
3
1
0
3
159
0
4
0
0
1
2
0
2
1361
2
0
3
1
68
0
0
1
0
0
0
0
0
1
0
0
0
0
0
1
6
0
0
0
2
0
0
0
31
0
13
29
0
6
0
0
56
1
2
0
1
63
5
0
64
0
0
0
4
4
5
0
1553
0
15
0
76
0
0
0
827
0
0
1
1
0
16
0
0
11
0
0
2
0
0
0
0
0
0
0
0
0
1
44
2
1
0
0
12
0
0
0
3
0
242
1
0
0
0
0
1
3
261
0
0
0
9
0
0
11
144
0
0
0
5
0
3761
0
0
0
1
0
0
58
1
0
7
59
10
3
0
0
1
0
0
6
8
0
0
0
0
0
0
0
0
1
1
1
51
0
0
0
378
14
1
0
1596
19
8
0
0
0
0
17
13
0
11
0
11
0
10
156
0
0
0
9
2
11
1
191
7
1
2
4
0
0
0
645
1
0
0
2
65
1
1
0
1
0
0
0
2092
0
0
0
0
0
0
0
0
0
0
0
10
0
0
0
1
34
826
127
2
152
1
0
0
22
0
1977
1
25
0
76
37
2
3
0
1
197
0
321
1
4
0
0
0
1
0
0
1
24
1
0
1
0
605
0
0
0
21
31
0
0
0
2
249
0
0
0
0
0
1
0
0
0
1
1
1
0
0
1
1
845
0
1
0
0
2
0
0
851
0
0
3
0
0
299
38
25
156
1
0
0
6
61
56
365
0
0
0
178
0
0
0
0
12
0
35
0
1
1
0
3
726
37
1
0
0
0
0
0
0
80
1
0
0
0
0
1
0
107
0
0
1
0
145
18
3
7
0
2
3
0
36
0
0
0
2
59
14
25
1
0
33
0
2
0
1586
20
21
596
138
1
947
0
0
3
0
0
387
2
2
467
6
0
0
3
1
0
0
0
0
272
7
0
0
1
0
7
0
0
2
0
0
0
1
0
0
0
0
0
1
52
5
0
80
76
0
0
0
155
5
1
0
2
1375
8
233
18
0
8
1
28
12
1
0
136
74
0
0
14
89
1
7
277
0
0
2233
5
1
51
0
0
28
0
0
0
5
0
0
3
0
0
0
3
0
0
1
1
1
0
0
1
0
0
0
129
0
34
10
100
0
49
0
16
3
0
1
53
9
0
2436
8
1
2
167
0
0
66
62
7
0
6
1
0
0
3
38
0
0
0
94
1258
90
5
16
0
0
0
1
0
2
0
103
0
0
0
1
0
0
1
1
0
0
0
1
0
0
1
124
0
2
0
0
0
0
0
61
61
484
0
0
11
0
219
117
0
2
0
2
3
0
0
19
0
183
0
0
0
20
0
8
0
0
0
9
0
0
0
2
32
1639
0
0
0
0
0
0
0
0
0
0
0
0
0
1
0
0
0
0
2861
38
0
0
0
33
515
0
0
0
43
0
39
7
0
35
2
14
0
21
43
0
0
0
0
0
1
0
0
73
0
2
2
0
1
7
0
18
0
0
1
0
4
1
4
4
0
10
24
1953
0
425
0
36
0
111
0
0
0
0
1
19
17
0
0
1
345
0
0
1
0
0
0
0
217
0
2458
0
0
0
3
0
1
5
74
2
1
84
62
2
227
0
0
0
0
18
0
0
0
2
15
7
0
2
2
0
0
0
4
32
0
1
0
164
0
1
80
10
0
0
0
0
0
0
0
1974
0
0
104
0
0
6
4
0
4
44
0
0
5
3
5
0
0
0
15
118
2
35
2
164
220
166
0
0
3
0
4
24
1
299
4
19
0
15
185
0
0
1
0
0
149
83
0
1
0
0
81
165
3
535
207
0
0
2
0
0
0
0
0
43
0
0
0
12
0
0
2
1154
0
4897
0
13
0
0
5
1
1
0
99
10
0
4
0
614
0
1
0
1
0
0
1
0
0
14
0
1
2
2011
3
7
19
43
1
0
0
0
5
56
0
1
0
3
81
0
8
0
0
0
0
0
0
0
0
22
0
0
0
190
0
5
1
381
1
3
5
0
0
4
1
0
0
0
1
0
0
7
5
1
0
0
0
0
0
1280
196
2
1
0
7
0
0
6
592
1
0
0
3
57
9
21
6
1
1
0
0
0
0
0
4
0
0
0
0
0
0
0
0
5
0
0
7
0
1
31
3
0
336
3
13
0
1
0
2
2
0
0
0
0
0
10
390
0
0
14
59
12
475
6
32
1
0
3
5
7
71
3
0
9
6
0
0
18
0
51
396
0
0
0
0
11
287
0
38
0
0
0
0
1
0
0
0
0
1
0
0
0
0
0
1
25
76
7
0
0
1
0
1
25
0
3
19
1
101
0
0
104
1
2
1
3
1
3
10
1
0
0
0
0
150
5600
0
2
0
2
0
4
0
1
1
0
66
0
1
5
0
0
0
0
0
0
1
0
0
33
0
0
16
0
50
5
1000
0
57
0
0
0
0
0
0
0
171
0
2
8
1274
0
3
0
0
2
0
2
47
189
1
0
0
4
0
0
29
1
0
1
30
0
2
9
1
0
2
0
0
13
0
0
0
413
0
0
1
0
0
43
0
523
0
0
0
0
0
0
2955
0
439
0
3
30
134
5
0
0
0
2292
7
41
0
0
0
1
9
200
16
0
7
1
83
0
30
13
0
2
4
0
57
4
105
1
14
20
50
0
6
1
452
0
0
8
0
0
0
0
0
0
0
0
0
0
0
0
0
0
0
0
1
3
4
1
0
795
20
9
0
3855
0
1
0
45
3
1
418
1
0
12
0
0
7
2
27
4
0
16
22
0
1
1
1
9
6
0
1
0
50
170
0
1
1
0
4
2
6
23
0
1
6
2
0
0
0
3
0
0
0
0
1
0
0
0
0
0
1
0
0
0
35
661
33
1
0
16
0
25
0
1056
1
1
0
0
0
0
2
0
3
130
2591
0
0
1
320
0
11
0
0
0
0
1
0
0
0
0
1
1
699
0
0
10
0
0
0
20
0
0
1
0
0
0
0
3
0
0
1
0
0
0
0
0
4
0
0
31
22
260
31
0
0
0
655
37
0
0
35
5
0
170
4
2
74
19
0
0
2
4
0
0
0
1371
0
53
0
0
0
1
24
3
4
0
5
14
25
9
0
0
0
21
0
0
0
0
0
0
0
0
0
1
0
1
1
0
1
0
79
140
5
0
2
41
41
0
1
11
4
30
0
0
191
4
2
36
315
145
315
113
0
0
3360
2
3998
5
0
0
3
0
0
23
471
3
105
0
193
2
16
746
0
0
0
0
42
0
0
0
0
0
0
0
0
0
1
1
0
0
0
0
0
2
4
18
0
0
548
1
0
0
1
2
7
10
0
2133
181
0
2
6
2
0
120
1
41
0
42
0
2
0
3889
859
39
1
20
2
2
8
1
27
0
3
0
0
1
4
0
1
0
8
0
0
0
0
0
1
0
0
0
0
2
5
0
0
0
108
0
0
0
0
69
0
0
0
2
0
0
7
5
208
0
0
5
0
3
1
0
7
9
0
10
0
100
1
448
34
122
7
2
2
5
0
4
125
0
0
0
0
1
0
0
0
176
1
0
0
0
0
0
0
0
27
0
1
0
1
1
0
1
0
108
0
53
58
14
11
0
0
0
0
0
3
0
10
0
23
35
4
4
0
1
0
7
5
1
104
0
0
0
0
5
0
0
0
0
1
1823
3
0
0
1
0
0
0
0
0
0
52
0
0
0
0
0
0
0
0
1
9
1
0
0
0
0
16
0
1
0
0
18
25
0
1
6
0
0
2
0
0
25
11
0
3
10
135
0
1
0
0
0
10
1
14
1
0
1
1
0
0
1
0
19
3
650
0
7
5
12
0
2
2
0
0
0
0
3
0
0
0
0
1
0
0
2
0
0
0
0
77
0
29
0
0
0
0
0
6
0
46
3
0
0
0
99
16
71
1
1
0
0
1
3
0
100
37
0
0
0
0
16
14
184
28
1
28
0
1
0
28
4
12
6
6
0
0
1
0
0
58
0
0
0
2008
169
225
854
1887
20208
225
1887
5104
0
163
169
20208
998
34
20208
6161
147
3566
650
6
2136
0
1333
19689
8029
1754
67
4563
4220
5503
1035
6746
87
32679
320
12327
22347
87
22347
21562
530
5868
15643
606
3214
163
3674
26757
4238
7058
18960
169
38
390
314
38204
38
11547
4864
18424
4220
994
5606
60
135
31
3
40
4
31
40
6
992
21
12136
4
931
40
4
1
6110
433
4
421
26
1940
83
10345
11
27
2569
0
9
0
2949
581
2111
7
1791
3
370
29059
11683
3858
727
1
67
182
1458
14556
1
5691
12
11
317
339
35245
142
48
0
368
879
10594
5
10633
35
5
4
193
394
3
183
738
394
183
10392
2246
0
486
738
3538
0
738
51
15
58
14
0
0
685
5172
0
20703
443
7247
585
115
179
0
51
1123
2
0
36
562
2635
0
1
0
6
11058
1417
3316
3
31
27
2240
8
3
179
28
123
7181
168
181
2653
2714
6702
0
0
0
207
6
1
12
85
212
1
227
416
1823
4
183
212
0
28395
212
34
21
0
0
2082
0
32
0
129
0
121
0
2927
72
434
3756
174
1674
65
18272
12
0
8
89
48
0
1
0
17
280
23
983
49
6105
3295
8683
1
0
9
0
6
3221
473
0
0
2368
279
0
0
1
8
1
1
0
8
6
107
6707
11846
2
0
18
61
0
3017
50
77
0
0
0
2421
392
6487
867
0
141
1262
0
0
1
0
0
15
1
82
0
88
68
1299
0
1
313
0
0
5
1
49
1
4
2
97
0
94
4
3
57
528
519
9000
388
1
923
36
13
4619
785
3
22
4619
565
738
3
1
0
22
8
2
22
15900
0
10353
0
0
545
4
13467
20
2511
1858
0
12155
0
11
202
3
83
6
390
5
88
17
91
49
11
24950
258
1
1724
31
56
0
0
2247
68
105
60
44
497
52
368
98
84
2
84
3150
1381
15050
0
6
0
4
1923
6
2
606
148
1
298
1923
1
0
1923
17
4
0
0
0
0
25
4
2548
8
2
7
8
4921
0
3
6
0
64
12401
0
15
1
62
2202
4
0
125
65
0
0
204
0
4
20
2
0
76
17
0
2290
4
9638
73
24
190
1
309
0
5
3
45
12
5
3
3
711
12
5
1107
5
1
0
5
16
709
12182
0
0
514
0
50
3
726
0
8
47
18
24
0
1
2
0
758
0
0
50
2012
7
670
0
7391
66
1
4714
11098
0
2577
3205
13610
12439
1
18
4
0
5
302
0
0
2
3
11
813
2
0
14557
138
42
0
7423
1
22
75
2
42
218
0
42
148
2
169
0
178
1
668
1786
0
54
130
0
217
37
0
0
5
15703
0
0
0
8
1
0
0
0
8
0
0
0
49
0
1
1
0
7
45
0
27892
74
991
0
139
8
20
0
494
4
149
2
0
0
2635
0
0
0
0
0
0
11
0
380
0
0
44
115
2
0
0
3
9
337
0
64
4
0
33
0
2
0
0
0
1039
2
0
45
0
0
518
407
0
0
0
0
0
0
6199
8
2
111
0
578
18
12
1065
0
0
926
70
7
1
617
0
4
58
691
0
1
58
631
8
136
59
6
1
4225
5
1
263
284
5
0
785
2
0
0
1
5148
1163
0
286
13
0
79
0
0
17546
4
8
1
0
0
2007
2906
1338
1
0
550
0
424
2096
0
1
33
0
0
3
200
381
0
0
0
72
0
1786
0
26
6741
1028
131
594
228
862
382
18144
1
156
40
228
3
20881
228
223
170
0
0
1
1693
1407
0
37
0
0
7
311
0
14
21
19
110
569
840
113
0
2716
14
3
0
0
11
2
0
0
0
1
38
2
14
0
31
6
0
2
1091
22
0
10
0
69
38
1421
1
10
0
1
3474
2
0
0
0
0
359
8475
94
0
7092
74
2017
1
0
556
28
29
1
29
0
67
0
0
1
0
1
0
5
0
0
851
1
4177
3939
0
0
52
0
278
0
2
0
11
7
9
0
0
36
18023
9343
7
12574
0
205
0
4
2
28
9
965
436
28
2
13
9
1
77
0
34
37
4
722
233
11
1
11
0
241
14
10
4
27
0
7
7
0
0
73
35
1
1786
0
0
0
795
7
2
0
196
3156
6
13
0
0
239
21
0
0
1
3
30
1
2
16
1
2
9
1
2
33
0
42
91
171
0
1398
1
1065
4
2936
147
2
100
231
1
0
125
809
7
55
42
7
0
10
0
0
0
370
0
0
1427
11
2
0
0
15
9
2044
1
7
3
381
675
0
9
1
0
0
5
0
1
10
194
2065
70
581
0
2
100
0
0
16
1
13
0
7
0
0
191
7
81
0
34
4
0
0
1
76
6
17
0
3
6
2
0
1031
7434
0
8
538
0
0
0
0
0
1292
0
1
0
48
0
0
0
0
5
144
1
9
0
8
52
0
982
1
52
0
867
381
80
8523
882
320
0
267
4
2
1794
3
49
102
1
11
2
65
1
56
237
23
13
29
8
52
16
4
17
11
1
9
256
0
0
761
8
6
0
9
83
0
22
601
2
4
0
219
6
800
62
1
5
1
4
73
0
0
0
0
6
17
2532
3
3
2
0
0
1254
12
0
1
133
0
6
2
10378
1
91
3159
8
0
0
12
100
0
328
14631
0
1
336
0
995
2
0
634
1139
83
0
7
0
30
0
436
16
176
2095
5
0
25
1132
0
0
0
10
0
227
7
0
5
0
0
6
3287
2
2
1
1927
0
98
617
15
0
6
1
0
105
41
0
1
581
0
79
5
2179
1
67
7
983
0
7
5
0
1
3528
0
5
0
28
55
0
0
6
623
5
91
0
140
0
0
0
143
0
1
645
5
2671
3
0
0
1
25
2
0
34
2
0
0
2
346
18
0
24
0
472
0
0
105
0
0
9
1384
1
730
11
990
3
94
0
96
413
2
0
9
1
390
22
152
161
1
10
0
27
41
28
1
652
4
13
0
353
0
4
11
0
313
0
395
68
1
379
90
95
2
0
1
628
2724
967
39
2
0
81
3
0
0
8
2
0
582
0
236
14
1096
10
0
97
48
87
0
716
0
3
78
5750
0
0
4
0
264
0
0
2
0
0
0
68
246
0
308
1011
70
0
0
0
0
556
0
0
7
43
0
173
0
0
6
2
2
218
8
750
12
7
0
1
0
0
0
0
0
1
0
0
1092
4
33
65
567
1
0
3
6
296
1
0
1
0
3
3
0
4
0
0
0
0
1
2
22863
0
0
2
0
828
0
8
2473
6
0
1800
1
1
0
0
3
59
485
15
14
0
1
0
0
105
2
2084
127
92
10523
12
0
0
1674
3437
12
0
0
3635
1
39
35
82
2
53
0
632
0
16
0
548
25
0
7
157
0
2
618
17
23
1
73
1
1
21
0
0
23
130
26
10
22
42
53
25
241
0
0
27
2169
0
0
22
0
0
0
5
0
0
2
23
1
473
38
0
12
3
6
1823
0
45
48
3
0
19559
554
0
1504
0
3
12
1445
1
10
0
57
0
1
1401
0
2
1
618
315
96
451
124
252
350
0
929
3
83
0
12
5
1
0
4
0
0
0
274
0
0
2
0
156
58
51
5
36
65
1
1
2
0
127
38
0
0
2007
586
335
3
0
1
119
4
15
134
19
0
849
3
1127
5
26
1
1
0
1
13
0
186
668
5
6
34
2901
0
206
21
0
0
0
20833
2
924
0
0
2993
12
226
19
0
0
3
0
204
0
0
0
1
81
5413
34
0
21
740
28
1
0
0
1
0
0
1147
0
0
0
0
0
3
0
8063
0
0
853
32
1
57
1
10
0
336
0
0
1
0
1
16
20
5
1
0
3
0
0
11784
3
496
3
1234
303
10
0
1
7
0
0
3
7
2813
0
1354
2
1
0
930
12
0
1
0
0
0
32
0
46
1
1742
11
23
0
0
0
99
1
22
3390
1
0
0
1161
0
1
0
3
0
7361
0
0
1
1
3
0
317
24
64
16
80
0
0
413
3140
0
681
17759
20
50
0
8
49
11
33
0
892
2
41
0
2
456
9
0
180
1967
68
0
60
0
2
0
2
2
233
0
42
42
22
6
7
9308
0
13
0
0
0
0
3
0
0
1
0
3
92
0
72
0
0
0
7646
706
899
225
2
0
549
1
0
2
0
3
0
0
0
0
0
0
0
0
1
0
3
0
0
1999
0
3
277
0
666
70
55
0
0
319
1
0
0
0
6
0
64
13
0
170
1
179
10
0
35
0
0
5
0
514
0
0
0
0
684
0
0
13
207
0
4151
6
1
0
1487
2
1
0
70
65
6
0
28
0
0
0
0
1701
0
1623
0
1
0
1055
1596
0
1
0
6
0
1959
19
0
0
1174
12
1291
2
0
0
1
88
913
1
529
19
0
7
329
47
1322
840
0
83
0
0
0
0
4208
0
0
269
0
0
4
7
26
49
3
0
0
55
7
0
1
32
0
312
12
0
7637
0
0
1638
0
0
69
29
2
7
6
0
89
0
116
0
0
0
0
0
0
2
1072
24
0
15273
274
8
0
1
356
2142
19
0
28
0
0
1018
66
0
0
0
3
0
0
140
2
0
1617
0
0
0
1709
1
30
0
0
34
0
0
0
0
2
0
24
4
2
0
1
11
187
80
0
18
62
0
0
0
2
1584
0
0
3861
147
387
1
3
9
4822
314
32
151
29
11
4
224
128
0
1
416
0
26
1
0
2
0
20
0
0
5
91
1
20
0
0
659
2
0
3
61
0
20
0
1
0
50
0
0
233
31
25
2888
141
13
20
0
0
19
1
0
22
0
5
135
3
0
1
0
0
809
18
1
3
0
0
2286
452
53
0
0
2
0
3
0
0
0
6
1
11
2
70
0
1
236
11
0
0
15
0
1
17381
30
3470
0
0
0
59
4
0
16
0
1
2
0
0
3
0
0
0
2
54
26
7
0
0
0
0
1073
33
0
245
1
5
0
12
0
1
0
0
1542
4810
4
0
74
245
0
0
1263
0
1
2
119
1
2
2
1
0
1
1
0
10
70
0
3
0
32
11
3
0
0
7
0
0
14
0
0
0
2
0
2
0
3
2
1
63
0
2
25
5450
998
0
46
0
995
0
11611
0
0
0
0
0
0
1
0
934
0
24
931
93
1
5
0
0
1
1
0
0
17
0
0
0
7
0
0
25
19
0
4
622
87
1
0
38
0
0
0
0
5
16
7
0
2
0
1
0
0
44
0
1450
117
0
68
238
5
19
0
0
0
18
993
4
0
0
0
4
7
75
0
19
1
11083
4
3
5
8
1
0
174
345
1
0
1
0
0
0
19
0
22
0
1059
0
0
0
0
1
105
5
0
489
3
12
7
1
0
226
32
0
0
23
10
10
107
57
0
1
0
0
120
40
0
0
63
0
5
189
9676
0
31
0
22
0
0
19
14
59
0
1115
11
3
237
0
0
178
79
0
153
20
0
0
0
1
1
0
0
0
1
439
0
0
0
0
3
1
0
0
1
2
0
14
0
1
0
21
0
0
5
60
0
0
0
32
0
44
0
0
2343
35
0
42
6
1905
0
438
432
0
14
1
0
58
0
9
5
12
3184
15
1
19
613
0
188
1
0
0
0
240
0
0
0
0
0
0
3954
4
683
82
394
2
0
0
3
0
0
0
26
1
0
0
2
0
614
7
0
0
0
1
0
0
15
0
11
0
27
0
923
12
163
1
0
0
11
1
73
3
3
4
0
2
217
1
85
5525
3011
0
92
0
0
117
0
1260
0
1
3
0
0
1
0
2
0
0
283
1
11
0
0
9
0
0
0
1
5
0
17
0
19
7
5
1733
1
0
1
0
0
1080
618
90
2
0
0
369
2
1
303
272
3184
1
546
1
0
1
1
0
0
9
581
298
5
0
4
0
658
8
0
1583
0
767
1
0
0
3
1
3888
10
0
0
0
0
0
0
0
0
0
94
350
0
1
0
0
7
1301
0
0
0
3
0
0
398
1
722
1401
502
1
6
101
0
0
1
0
156
1
0
1
0
2
4
0
0
3
3926
7
11100
0
2
0
2
666
0
2
0
0
37
0
0
1848
0
117
19744
0
0
2
0
0
0
931
0
18
13
0
0
0
18
64
1
0
1
0
24
126
1
0
0
0
0
0
348
0
121
137
62
0
1001
0
10
0
0
2
4
1914
0
2
3
1
5
1
1
0
1
0
9
1
1
12126
0
0
0
142
0
0
1585
0
0
0
0
2
23
0
0
14
16
0
1
5584
3
0
1
0
0
716
286
0
0
0
25
0
0
0
0
6
3
207
6
14
2
0
31
1440
0
0
101
876
2
1
1014
0
3
459
150
1
0
0
234
0
1
1
0
1
0
0
0
0
0
1
945
2
56
173
22
2
0
15
314
0
0
0
0
11
155
0
40
0
0
0
0
0
7
0
108
0
2
0
195
1
27
1
214
30197
91
0
489
5
51
5
0
554
0
46
0
4
13
44
620
248
1
0
0
1
1
0
0
0
0
0
0
1
0
940
7
22
6
3
0
1
0
0
0
0
0
0
0
38
2
0
0
0
407
12
1
0
87
126
13
0
2
13
2038
2
1
61
0
0
188
961
30
729
1408
0
5
9
5
23
0
2
30
714
0
0
0
1
1
11490
230
0
0
32
0
0
0
7
0
83
180
2
5
0
0
6
12
0
545
0
0
29
0
0
0
153
0
200
8
0
1602
0
17
3
1
0
0
0
0
76
6
0
28
0
1
84
46
0
1
2
220
0
114
1
6
0
0
0
19
1
0
9264
71
0
13376
0
0
173
0
0
0
4
0
158
0
3
0
0
3
0
1
41
27
5
0
9
0
0
0
24
531
2
37
2
0
20
180
1
0
82
0
0
14
3
8
4
0
2
9633
0
0
21
0
6
403
12
25
8
52
1453
0
0
1
35
18
0
1089
2
5
0
0
0
1
0
1
335
0
0
1
0
0
1603
0
0
0
25
0
1
0
0
0
0
5
0
2
0
6
4
1
44
22
263
0
1
0
0
52
0
383
1376
0
0
1726
93
20
0
0
1915
956
6
3
0
0
2
0
2
0
766
3
271
4001
0
0
0
8
0
8934
0
0
0
0
110
52
0
0
0
6
2
0
0
0
1
0
0
0
0
5
145
0
5
354
0
1
0
0
31
0
2
0
0
84
1
17
0
2
0
3
1
882
0
0
0
2
4
0
39
1
527
0
1
0
3832
0
362
6
0
5
0
0
3
0
0
0
1
0
12
1
0
6
7
0
26
240
0
10
0
2
0
5511
11
135
1
3
0
0
1
50
0
0
7
0
2
0
1
64
240
3
1
1
3
1
0
181
0
0
0
0
53
19
0
1
2416
31
1
0
4
0
0
3473
0
76
0
475
1
240
0
0
0
92
3
2
0
0
0
2025
0
0
0
0
69
0
0
7
0
0
501
202
179
14
5
11
0
17
0
0
0
0
1
4
0
0
287
33
63
0
1397
0
2
627
15
109
4
257
1
29
2
0
258
1
8048
0
2
57
0
2
0
0
3515
0
0
0
0
1
0
0
7
0
148
97
0
9
9
14
0
0
47
16
0
0
46
1
29
2
1
0
0
0
60
0
2
10
0
1084
0
0
1
0
0
0
16
2
0
525
1
0
281
0
0
1
1
24
0
254
247
0
777
0
0
0
0
80
0
0
312
0
0
7
16
1
0
0
0
0
0
0
0
1
2111
0
0
3
0
6
7
1
45
0
0
0
0
799
309
0
953
0
2
0
3
16
47
2
284
0
0
1368
0
13
0
4
45
0
2
9
0
1
1
0
0
1
8
8
0
2
0
0
24
0
5
43
0
3
2
1
1290
0
3
0
0
0
135
6
0
0
11
0
0
2
0
67
0
13
6
0
15
0
52
9
0
57
0
22
0
168
0
491
0
0
3
0
0
278
0
2520
0
0
88
1
199
0
212
0
0
0
6
1
0
0
0
1
0
27
3
0
0
1
2
1
1
0
0
2
0
3
11
12
0
0
19
0
2
0
0
2
0
0
0
84
186
1
109
3773
2
1
151
0
0
0
1
6
849
1682
2
224
0
6
1
63
1
0
48
9
0
0
557
0
16
1
0
0
0
254
0
0
0
0
28
120
0
76
0
0
293
0
0
3
1
12
24
10
0
0
0
0
0
0
0
0
4
5
0
4
2044
0
4
83
0
3
2206
86
109
7150
48
0
0
65
1
0
5
0
2
1
0
0
0
4
393
0
1912
0
32
370
0
0
0
19
3
0
0
0
1
0
0
73
13
0
47
1117
0
23
85
0
4
4
0
0
0
0
0
0
0
2290
0
1533
1
0
3
0
64
0
0
6
8
1
1
0
0
0
59
5
95
0
3
9
9
181
28
0
425
0
0
100
15
0
0
0
3
0
359
0
0
0
37
0
1
32
0
889
3
50
5
13
0
9065
0
0
0
0
2
6
20
8
0
5
0
0
0
5
5
2
2
63
111
0
0
1
0
161
0
33
0
50
4
0
0
15
245
1992
0
0
234
4
4
20
1
64
15
0
0
0
4
0
5
38
5
0
9
0
91
0
0
1
0
457
2
95
0
0
17
4
0
0
0
0
0
149
0
1
0
9
17
0
0
0
1
123
1408
1
0
1
0
0
0
14
100
182
316
12070
1
1
0
0
157
36
1
81
192
26
203
24
628
0
1
0
12
12
759
9
3
0
0
0
0
0
0
0
0
0
1
0
0
67
6
0
0
0
0
0
7
0
0
0
0
0
0
4
2
2
48
0
4
5
0
8
0
135
0
139
0
0
0
0
5461
0
0
0
1
3493
17
17
1
0
686
0
0
0
0
0
101
0
0
0
6
0
0
1295
0
0
0
1
0
15
7
116
0
142
45
0
50
7
0
0
30
0
1
0
0
7
21
572
0
16
0
0
0
0
0
1
0
0
43
2
2
78
1
129
5
217
0
0
0
0
5
0
450
0
0
0
0
0
1
0
2
0
0
2
9
0
0
8
0
0
0
1
0
0
0
0
0
8
0
20
0
0
146
0
3
2
0
8
0
171
0
1
6
0
41
29
1
184
0
11
0
0
2
173
7
0
13
91
1
133
0
75
12
28
323
1
10
10
0
9
16
0
146
0
1
0
1009
0
0
0
2
325
0
0
122
359
0
1
2634
24
125
1
0
3
0
24
0
0
1
0
0
0
0
0
0
14
0
12
0
64
0
1
0
0
4
2
0
1
1
108
6
0
27
0
0
0
0
1
34
5
0
0
0
0
1
0
0
0
226
0
0
220
1
0
11957
1
0
0
1
0
0
105
2
0
2
0
0
6
1
2
0
0
1
0
0
682
0
1
49
438
0
0
0
73
0
0
5055
0
0
0
0
19
7
0
35
1
2
711
0
3814
0
0
2
4
125
4
0
0
0
939
0
0
0
0
0
106
1220
0
8
0
0
0
6
1
0
3
0
45
358
1
1
0
0
0
0
7
0
10
0
0
1
2
0
3
20
0
0
927
1
0
0
29
0
6148
0
8
0
0
0
5
14
3245
339
619
8
5
14
1
1
209
1
58
0
0
0
0
0
0
0
0
0
0
1040
824
0
0
1
89
0
5
0
293
220
5
1
0
0
5
4
0
40
52
0
0
0
214
3
30
0
0
29
0
14
5
0
1
0
50
55
0
0
3
0
495
1
3
0
9
8
2
10
1
3
0
0
401
1
286
0
0
0
0
0
6
1
0
2
0
0
0
1
580
1
0
0
0
520
17
0
320
0
6
0
0
129
0
251
0
0
0
1278
67
3
11
0
0
0
1
5
2
0
0
3
60
918
1
2
0
15
193
2
0
0
6
0
5
1
0
1
0
0
1
0
0
0
0
0
20
229
1
1
0
0
0
5
3801
0
35
2
22
0
2
0
0
6
7
0
0
0
0
0
0
0
1
1
0
164
5
1881
25
370
0
70
0
1
3
0
0
0
3
2969
1
1
1
32
0
0
4
0
97
1
6
1
1
1
1
0
10
0
0
0
1
0
1
26
0
0
0
407
6
0
0
0
23
0
10
1
606
0
0
1
0
1
0
29
3
0
19
64
0
225
0
0
1
545
8
18
0
1
0
0
1
16
69
0
3058
3689
0
0
0
1
358
5
0
1
2
85
1
105
0
0
1
1
0
0
0
1
8
0
0
0
0
0
15
0
9
3
722
0
0
0
5
33
0
2
290
645
0
0
0
0
1
1
3
1
0
0
368
9
181
0
270
0
5
0
1
3750
19
90
0
1118
3
0
2
2
0
3
6
0
0
1317
13
0
0
0
287
0
0
0
1
633
4
0
0
24
0
2
1361
0
0
4951
0
395
0
0
135
11
0
0
119
65
0
1
0
0
17
69
1360
5
5
0
0
0
4
0
0
18
861
0
2335
369
0
0
0
88
1
0
12
1914
258
0
202
1
0
3
3824
0
0
0
0
0
21
0
2
3
1
0
0
0
0
0
0
0
0
2
0
1209
0
1
0
10
235
13
0
156
0
0
0
0
1
0
6
2
10
9
0
82
0
0
1251
0
3
13
6635
1
1
1
0
2
0
2
182
177
0
0
1
0
615
36
285
0
0
0
420
0
0
0
1
0
3
0
0
660
6
0
12
0
25
0
0
0
0
70
0
5
0
0
29
1
15
0
99
0
178
0
691
408
4
0
0
1672
0
0
23
207
1
0
4
2
2
567
0
0
3842
23
0
0
0
1
0
10
1
1
3
0
0
0
0
0
419
0
90
6
308
0
0
0
1
0
1
0
1
0
0
0
25
0
37
6
343
811
0
0
24
0
0
0
0
0
0
26
1
48
14
706
0
0
16
446
0
0
1
0
3
0
2
3
574
13
0
0
413
197
0
351
1
0
1
0
0
10
1
0
0
12
0
157
9
1
0
6
8
355
0
0
0
1
264
0
0
28
0
1
0
99
0
0
0
0
2169
0
5
0
0
0
42
140
1
2
0
0
107
0
1
0
5
0
0
0
1
2
25
1257
0
5
5
1
143
0
0
26
1
0
0
10
0
177
413
0
1
0
1
0
0
0
11
0
0
0
1
0
148
41
8
12
2
3
0
756
0
17
9
0
0
0
3
0
155
614
0
0
2
0
0
0
464
0
1
0
179
0
140
1762
1209
412
3
0
0
46
1154
5
0
0
62
125
48
0
0
0
0
1
0
95
49
3
0
0
0
0
1
1
0
0
3
1
0
348
0
7
2
1
14
0
0
1024
0
95
0
7
9
14
0
3
1
1
12
0
0
0
14
0
38
1430
347
0
115
17
0
3290
2
1
0
0
1675
28
2
0
0
13677
2
0
0
12
0
260
0
1
488
0
0
0
54
1
3
25
1
0
0
1530
470
14993
0
5
0
0
25
0
1
1
0
0
0
0
1
62
4
0
2
9
26
836
0
0
0
0
0
1
1
0
396
0
24
16
0
0
0
0
0
245
0
0
0
36
9
0
0
0
0
0
0
230
2827
0
2
0
0
0
32
651
12
116
0
0
0
2
0
7
0
0
0
0
59
4
0
992
0
0
2
0
19
8
0
1
0
2191
7
1
0
1
0
0
1386
1
11
0
0
4
1065
0
8
141
2
395
24
1
1
1
204
0
0
1
0
0
0
0
6
0
561
0
692
0
62
2907
0
1049
0
0
2
8
0
1
0
0
0
0
0
0
0
1
2
0
5
0
195
0
31
1
0
11
0
200
0
0
1
0
1101
0
1
0
0
395
155
0
87
0
1
2
0
0
0
5
13
0
0
1
0
0
0
0
49
26
0
21
1
0
12
6
0
0
0
1
1749
0
0
3
137
32
154
1
5
6
0
0
0
1
13
3
0
0
0
0
7
11480
231
0
22
0
169
75
2
0
0
0
1
442
8
0
182
0
0
0
9
553
0
3
5
5
13
0
0
0
0
0
35
2
11
0
45
0
0
9090
0
1
0
0
0
0
6
0
0
0
23
0
0
5
0
0
0
69
0
2
109
1
0
1
0
950
0
0
0
0
0
0
2842
1
3
0
147
1252
3
20
0
151
4
0
436
837
2
0
241
58
0
0
0
0
0
0
1
14
3
497
0
0
0
2
0
6
0
0
9
0
2
0
0
0
0
0
0
0
0
0
0
0
0
0
1443
100
35
0
454
1
1
0
28
0
0
1
5
0
0
0
53
3
12
379
0
1
702
21
191
1
5
110
0
0
234
0
0
0
0
0
0
0
0
1
0
0
0
0
0
0
0
83
2
0
30
0
0
9
11
1
65
18
0
0
81
0
0
2
4
0
0
0
1
71
2
2
10
6
0
0
1
2
0
893
99
85
251
6
0
24
4
5
0
7187
0
1
2
9
0
0
0
0
0
0
22
0
0
65
0
0
15
4
0
0
0
0
0
0
0
1
0
121
327
2
13
0
0
0
0
0
0
1
59
0
13
0
0
724
1
747
1
0
17
0
1
14
5
164
21
0
5601
271
0
79
54
9
0
0
0
7
2
3
307
0
0
0
0
0
4
57
0
0
0
0
0
1
0
3
0
0
138
0
1
146
0
745
3
0
1
883
0
1
0
0
0
64
1
1
0
4
0
0
0
0
2
0
0
1
277
0
2
1
0
122
0
0
0
2
4
1
40
3
0
4
3
0
0
0
0
0
0
0
0
0
14
0
0
0
1
0
0
61
0
1
1381
2
2078
8
0
45
0
114
0
2447
0
0
0
222
0
1
327
0
0
7
7
200
1
1
6
0
0
0
823
0
0
0
135
0
72
0
0
0
0
1
0
372
0
7
14
1
0
0
110
0
0
0
0
0
0
0
0
0
0
33
0
8
0
0
16527
379
0
254
32
0
0
0
7
1
0
0
3
0
6
66
4
0
1
0
0
2
26
1
0
0
214
238
0
95
3
0
397
355
96
0
342
584
0
1
13
3
6
2
26
0
0
0
0
0
0
0
2
0
0
0
0
0
0
999
0
169
0
7264
9
0
4
1
0
0
6
0
0
9
1
0
0
6
531
0
0
315
166
0
61
203
0
0
4
0
0
5
13
30
0
131
6
742
2
0
0
2
41
2
2
0
7
9
935
0
0
0
136
0
0
0
12
0
0
0
0
0
0
3
0
6
0
1
2
0
1
201
0
0
8
35
0
38
0
2
0
0
55
56
1
3
20
0
0
43
128
0
0
1
17
12
11
1
9
3
0
67
0
0
1
0
9
0
118
0
1
0
0
0
0
0
0
0
6
0
28
84
0
0
0
52
0
16
61
378
0
0
17
0
141
1
0
26
19
0
0
717
0
0
1
3845
7
914
1
1
378
0
48
30
1
0
0
0
1
195
0
0
0
479
1
4
27
0
62
0
5044
0
0
26
2
0
69
0
0
0
438
0
0
0
67
19
0
0
0
1
1
0
0
68
0
0
0
7
77
20
0
0
0
7
164
0
1
5
2
0
1
0
6
1
776
0
0
7
0
0
5
0
1554
2
2
3
15
39
2
0
186
44
0
0
2
0
2
10097
1
12
11
0
0
0
0
28
121
0
36
220
0
0
0
4
5
3
709
0
0
1
0
0
148
99
0
3
0
0
20
0
74
17
0
14
449
0
44
6
0
0
0
15
0
3
7
0
36
0
13
90
643
1
31
23
5
0
0
3
0
2
0
189
5
0
113
0
0
8
1
1
0
56
1031
3203
0
0
0
0
0
43
0
5
0
1
0
0
0
1
0
82
3
5
113
0
0
1
15
0
41
4
102
9
0
0
4
0
0
0
2
0
0
1
83
0
0
0
1002
0
152
2360
0
0
97
0
117
6
2
42
3
0
0
0
0
3
467
2
222
6
3
0
0
1
1
1
0
9
0
8
13
7769
0
88
47
57
3
0
1
49
0
358
0
0
0
0
8
0
6
0
0
6
0
4963
0
1
0
2
40
12
368
23
5
0
5
0
0
0
797
4
7
0
24
1107
0
0
0
724
0
0
0
1
2655
0
0
0
0
1
0
12
0
4
0
0
2
2
1
12
0
0
0
12
1
0
0
1
739
0
11
0
29
0
1
0
93
157
0
39
0
269
7
30
49
5
0
2
0
340
0
8
0
78
4
1484
2
10037
7
0
74
0
0
0
0
1
0
0
0
3
0
0
50
50
0
1
0
0
0
0
16
0
2
1
0
0
0
0
21
0
296
665
957
0
0
0
625
39
1
0
4
26
0
0
0
0
799
698
2
0
1
1
332
16
3
12
0
5
7
4
0
0
0
1
4
0
0
2
0
1
0
1
0
83
0
0
1
26
0
0
0
83
0
1
111
1
0
0
1
0
0
59
0
0
30811
0
14
0
4
27
360
601
0
0
0
52
0
0
31
59
1
0
0
4
0
0
0
8
0
0
1
5
18
1
741
1013
0
0
1
0
0
0
0
0
0
1
1
3
0
0
7
0
0
0
0
0
0
0
2
0
0
1
0
57
5
0
1
2
0
1
0
0
0
0
8
0
0
0
0
12
0
0
0
0
2
1806
2
3
70
0
0
407
7628
0
0
0
13
17
1
2
0
0
4
0
0
0
0
0
0
1
238
1
0
35
0
0
0
0
0
0
0
173
0
0
0
22
0
0
0
1
0
1
2
44
0
0
0
55
50
820
0
0
6
238
0
0
172
1
68
2
0
1
305
2
1
15
270
0
0
8
1
0
0
43
0
48
0
58
32
1
0
0
0
0
0
0
0
2
1
0
0
1
0
1
0
1
0
21
0
0
0
159
0
2
1
334
0
2603
0
0
17
1
0
16
0
0
0
341
768
0
17
0
12
157
0
347
1
2313
0
0
3
1
0
0
1
0
19
0
0
5
2
1
1
0
0
0
0
0
0
0
0
8
1
1
0
0
0
0
0
0
0
1447
0
310
12
22
0
0
0
2
6
1
0
4
44
7
49
1
1
0
519
30
2
0
45
0
0
0
65
0
392
0
2726
375
14
1
0
1
24
68
0
112
2
16
0
503
6
0
0
1
0
3
0
1
0
2
158
1
0
0
0
27
0
0
12912
0
0
21
0
0
9
0
42
999
220
0
1
0
0
154
74
0
2
0
52
1
185
0
0
0
4
1
0
0
0
19
0
5
896
0
0
46
1
5
0
11
18
18
1065
0
0
0
0
0
0
0
0
261
0
1
97
0
1
0
0
0
0
100
0
2
7
0
1
22
0
0
2
26
309
1940
0
0
0
1
0
0
1
0
318
171
45
0
0
0
15
0
559
27
3
0
0
0
79
0
0
0
2
125
0
1
1
210
45
1
1
0
0
1
0
1
0
634
0
15
0
1
0
0
0
1233
5
20
97
2
2
26
1
1
771
0
0
0
11
5971
0
1
0
0
49
0
0
0
0
0
0
0
0
0
0
0
0
232
33
479
10680
0
176
0
37
0
2
2
541
0
0
1
675
12
0
0
0
0
0
0
0
1744
0
35
2
0
0
0
0
22
0
0
5
21
16
1
122
0
64
0
32
1
0
1
1
0
103
8
309
0
14
0
1
1
0
0
8
93
0
0
0
173
3
22
0
0
2801
20
257
1
5
1
5622
0
42
0
1
0
41
0
26
0
0
0
0
1
0
6
7
0
0
0
0
5
0
1
0
8
0
0
103
0
177
1
13
0
238
1
2
0
4
64
9
18
0
0
1896
2
5
0
0
0
13
0
2023
915
16
10
1
9
0
226
134
0
5
0
0
1
121
899
0
0
1
0
1
1
0
1
0
151
0
4
0
0
0
0
0
198
0
0
6
0
36
0
0
0
6299
0
0
0
0
1
0
0
0
0
12
2
1
0
1
39
1
0
1058
7540
2
1
50
1631
0
5
48
0
0
1
0
14
0
0
16
47
1
1
0
0
0
0
0
1021
0
0
0
72
0
3
34
0
0
0
0
4
0
38
0
0
0
0
0
2
2
0
1
0
0
0
82
0
27
0
0
0
0
0
0
1041
1
3786
29
100
0
18
13
2
1
0
785
0
0
1
0
0
0
2
0
0
0
14
0
0
0
0
0
2
5
0
0
0
166
1
375
1
0
0
559
1650
0
0
0
6
2
1
0
1
1062
0
5
0
1
0
0
0
0
1
0
3
20
0
0
3
613
0
466
1833
0
17
6
1576
1002
1774
2
0
41
586
0
3
3
0
0
6
0
4
4
0
1
0
1
0
1
0
0
0
0
0
31
0
0
0
0
0
2
1584
0
27
0
1
5
1
0
2
0
0
5581
0
0
0
6
0
0
0
1945
0
4
0
34
0
593
0
0
62
21
1
0
0
0
19
24
0
0
0
0
129
0
16
3911
256
0
0
0
0
0
7
5
0
21
37
1
1
206
8
0
0
677
0
0
35
0
1
0
1
0
4
0
0
0
717
111
1
58
0
8
7
0
1
1
0
0
0
1
2
0
0
9
0
0
0
1
2
23
90
8
0
0
27
6
0
2289
266
1
2
2
0
0
0
0
135
0
58
2
3
2
0
142
2
0
387
0
2
0
0
0
3
8
0
0
3
0
478
0
353
1124
0
0
4
0
1
49
3
1
0
159
292
0
36
0
0
0
2
39
0
1
0
43
0
10
0
0
64
471
12
0
2
2
3
0
0
1
4
3
0
0
0
1
0
0
13
0
0
0
2
0
0
2321
0
0
26
0
6
0
1
0
1
137
6
1
0
5
3542
0
84
3
14
0
0
19
2990
3047
1
0
0
0
246
1
0
0
30799
205
2
0
0
0
153
0
0
1
0
158
0
2
0
1604
1
0
0
0
0
0
0
1
0
40
0
0
1
0
54
31
1
9
0
4
1
0
0
3
0
13
0
0
2
0
0
1
112
1
3
0
1
86
5
2387
0
0
1
0
3
10
4
0
4194
46
0
35
0
462
4
1
23
5
0
0
2
0
0
1
3
0
0
8
0
0
1
0
1
99
0
0
0
0
0
0
0
3
6
0
0
0
0
0
0
0
29
573
27
18
0
0
0
1
0
34
0
0
1
2
4
0
0
2
2
0
13
11
0
0
7
0
0
109
0
0
0
0
1
0
15
0
0
0
0
0
0
16
0
0
3
0
0
19
0
0
0
0
1
0
37
7
5
23
5
0
37
0
0
0
0
6
1
1
2
180
7
70
0
2
276
0
644
0
1447
17
0
2
0
4
1
1683
1189
8
13
0
0
54
2
0
0
3
1
1
104
6
0
6
1
0
0
0
0
0
0
0
0
1804
0
0
0
0
0
0
1
0
0
0
0
417
0
0
5
1
141
0
0
6
663
4
2
0
4431
75
0
2
17
1498
2971
3
0
74
16
4
1013
0
13
13993
4
89
610
0
2
0
3
110
361
267
1
1
0
82
0
1
23
0
0
0
0
0
0
19055
0
96
0
0
118
220
0
2
0
0
1
0
0
95
0
0
243
0
0
0
2
0
99
1
2
3
0
0
0
151
1043
189
1
0
1
6
1
1
0
48
0
0
1685
32
0
0
3
0
0
1
0
4
0
0
7
0
4
0
450
0
0
0
0
0
0
0
0
0
14
0
0
2
2
1
9
1473
0
0
0
809
0
0
1
32
0
1
0
0
16
4
0
19
7
0
0
0
0
1
26
17
127
295
3
0
1744
30
0
5
0
0
0
0
1
9
2
1
30
4
19
0
21
1
6
0
0
0
36
0
0
9
0
0
0
0
1
739
1
0
0
0
0
2048
0
1
1
0
19
0
0
1
6
0
214
44
2
0
121
1
2
0
2
2
0
1
3
2
9
5
0
4
8
0
10
0
1
0
0
1
2
25
1
0
0
1
0
0
751
0
0
0
0
0
0
0
0
0
32
0
0
35
1
0
7
5
0
0
1
0
0
386
571
2
0
2
1131
123
0
0
0
101
1
0
20
0
27
0
2
23
20
2
12
8436
1
10
9
0
13
0
2
0
21
150
0
0
6
0
0
0
0
0
0
0
0
0
0
3
0
0
0
0
5
3
1
7
0
0
0
1
0
0
2
0
2
139
0
1
0
0
0
0
0
2
58
0
0
0
54
0
1
1
0
22
0
1
7
5
21
0
2
0
0
1
56
0
55
1
0
0
0
1
0
0
34
1
0
0
0
0
0
0
0
0
0
0
0
0
0
0
4
0
0
1
5
0
1
0
0
0
0
0
0
347
1
960
1
1
0
0
112
0
24
3
217
90
151
7
0
0
5
496
3
0
15
1
163
0
106
1
1
4
0
9
1
16
1
0
0
0
0
0
0
0
0
1
0
0
0
0
1
0
34
0
17
0
0
13
0
0
0
0
0
0
1
0
0
1484
33
701
0
3
147
1
1
0
3790
0
1
2
0
5
1
3
0
0
1
614
0
0
0
0
0
2
0
1
0
4
0
3
0
0
0
0
66
0
0
0
0
0
1
0
0
0
0
1
2
6184
0
0
1
16
0
0
169
116
0
0
6
0
0
0
1
1
1040
3
3
0
3919
0
1
5
850
15
4
27
3
0
0
0
0
192
0
3
1
0
2
413
2
987
609
0
13
15
0
374
0
0
24
88
0
0
0
0
0
0
0
88
3
0
0
22
0
31
2
0
0
0
0
18
0
0
0
0
0
0
0
0
1786
7785
0
634
0
0
0
14
0
0
63
24
0
3
148
0
1
9
0
1
1
153
33
0
24
6038
150
0
77
0
1
0
0
0
473
2
0
94
0
0
0
0
6
1
0
0
1
6
1
0
0
0
0
1
1048
2
0
271
1
0
0
5
0
7
0
68
0
7
0
0
0
4
1
0
13
13
1574
0
2
0
1
3
0
92
100
5
0
0
0
1
0
13
371
0
0
0
83
30
68
574
0
0
0
0
0
0
0
2
0
0
0
820
0
2
0
0
0
0
0
0
0
268
0
1
1
17
0
1
0
2
0
7
0
0
0
8
10
13
14
3
128
2
52
0
13
0
0
0
0
217
6468
42
4
0
0
0
0
64
0
0
15
0
132
0
0
755
0
21
0
0
458
0
60
0
1
24
1
0
0
0
0
128
47
78
0
0
3
0
0
0
1
0
1540
17
0
4
7
19
0
1
207
0
2
13
2
0
3
2
24
0
0
0
26
425
33
32
191
0
1
0
0
0
0
0
73
0
544
0
107
0
0
8
0
0
1
0
53
0
0
1
2
4
0
17
21
0
0
711
0
0
0
0
0
0
63
0
1555
1105
0
2
0
68
0
5
8037
0
5
32
6
4
55
2184
0
2
0
0
4
12
6
29
5
0
654
4
1
0
0
0
2063
0
1
0
1
176
0
0
0
0
0
0
0
0
15
1
0
5
0
0
5
0
231
7897
0
0
0
0
0
7
0
9
45
31
0
0
0
1
0
2
1
137
6
55
0
0
1
2
0
0
0
0
0
0
37
1
3
155
577
68
0
0
10
0
28
0
1
0
400
0
0
0
0
0
0
10
0
0
0
0
0
15
1
0
0
0
0
0
0
0
1
1
0
1
6
0
72
56
1
7
0
35
0
1
1
1
48
1
8359
80
8577
101
6461
0
106
0
2
0
14978
0
4
0
18
9
0
0
4
0
0
0
0
0
0
1
0
0
0
0
0
56
0
0
0
8
0
6
21
1
5
3
84
11
0
192
2
0
0
0
0
0
0
0
0
38
56
1667
0
5
183
1
2
0
1
0
50
6
0
0
3
0
3
370
0
1
0
0
120
4
1
151
4
0
5
0
1
0
0
0
1
43
0
0
0
8
14
0
1
0
3
94
0
0
11
0
0
11
0
1
0
499
0
0
0
39
516
0
0
2
132
0
0
7
989
5
0
0
8
0
1
6
12
2946
27
503
0
21
1
74
68
2
0
0
0
9
0
0
167
0
0
0
0
0
0
0
0
9
0
0
7
0
0
0
4
1
10
0
0
0
0
0
0
0
336
2
0
6
1
1
0
0
30
0
0
0
3024
1
0
23
0
0
0
3
10
15
132
0
0
1
0
103
190
0
418
2118
2
1190
0
101
0
1
1
0
0
0
0
0
0
0
0
0
0
0
0
0
1
0
0
50
11
0
0
1
0
3
0
0
7
0
1703
131
0
27
5
29
0
0
56
0
5346
4
19197
4
160
1
442
9
1828
2
0
322
0
0
0
2
0
1
4
0
103
2
0
840
0
0
1
0
0
0
0
0
0
3
0
16
0
1
4
0
0
35
0
0
7
120
0
2
0
0
9
0
0
0
0
1
7
1233
0
2
1580
7
0
0
0
1
0
55
7
0
272
277
5
1
0
0
21
1
0
0
0
1285
4
23
0
1
0
10
0
0
7
0
0
0
0
0
0
0
92
10
0
0
0
0
5
991
0
0
0
0
0
0
1
2
0
0
137
0
0
0
0
39
0
3
2
0
156
0
0
2
9
0
1088
131
305
0
14054
97
0
11
1
21
7
7
0
0
0
58
0
8
14
0
0
0
0
0
0
0
0
0
0
0
1
0
0
380
0
0
4
2
0
1
0
11
0
12
0
503
0
345
0
4
0
0
588
2
1
1
1
424
1
615
0
0
14
0
87
0
0
4468
18
3
0
0
86
0
0
2
113
0
0
0
106
2
0
5
1
0
1
0
0
0
0
0
0
0
219
15
0
0
0
0
1
0
0
0
0
9
1763
0
0
4
0
5
0
0
3
1
24
26
0
0
0
0
43
6
0
0
1
1
0
11
2
259
174
7
0
0
8
251
0
0
31
35
0
0
0
45
0
142
0
0
1
0
0
0
0
0
0
0
0
6
0
1
0
0
0
1
186
0
1
50
0
139
0
11
1135
0
0
0
1
0
0
0
0
2
0
2
123
24
868
0
2
2
2
0
3
5
0
0
252
0
103
18
0
5
12
2
1
0
7
0
0
2
0
0
1
0
0
0
0
0
0
0
0
0
0
0
0
0
0
0
488
0
4
0
0
18
0
0
3
6653
0
0
22
0
15
6
0
3
0
515
0
0
1
0
100
0
0
45
61
11
0
4
940
1
1032
506
0
5
0
3138
1
0
0
392
0
1
0
0
0
0
0
8
0
0
0
1
0
0
0
0
0
0
0
3741
4
0
0
0
1
524
1
0
0
13
1
1
1
1
0
0
158
5
31
0
110
3819
1
0
1
2
1
1
218
0
0
0
119
2
0
1
201
5
2
0
2
159
10
157
0
4
0
0
0
0
0
0
0
0
0
0
0
0
16
0
0
0
1
0
0
0
0
36
0
0
0
0
0
2
0
1
1
26
2356
0
101
6
0
0
388
733
293
0
1
0
8
4
0
1534
7
0
2565
2
0
1
0
30
0
22
6
11
18
145
0
0
0
0
23
0
0
362
0
0
0
0
0
0
1
302
0
0
0
0
2
1539
0
0
0
0
0
7
0
45
0
1
3
773
1
0
0
0
39
7
9
1
10
4235
385
8
250
0
2
0
33
6
2
21
0
0
1
1
1
1
3
662
0
0
0
1
0
0
2
0
321
2
0
60
0
0
0
0
5
0
0
0
311
0
0
0
0
1
0
0
0
0
0
4
1
0
975
4
3
0
2
1
0
0
0
0
23594
0
0
0
0
0
0
186
0
0
0
3
8
2
7996
1
0
1
0
461
0
3
0
2
0
0
0
0
0
3
0
1
471
0
0
0
0
2
0
0
3
0
503
3
0
0
26
0
0
0
4
3
61
8
2
597
2958
0
18
638
2200
7
1088
1
3
55
1
2
1
2
1
3
35
13
38
89
0
0
3569
1
0
1227
6
0
152
127
0
1
0
0
0
0
4
0
0
1
0
0
0
0
1
1
0
0
0
0
1
0
1
0
0
0
0
3
5092
169
0
0
1
55
848
6
1
23
2
6
13
0
922
0
8
4
1
139
68
119
0
0
4054
549
0
0
0
0
2
0
26
1
0
2
1
0
0
30
0
0
0
0
103
0
7
0
0
0
0
3
0
0
0
3420
0
1
4
0
0
0
1
0
3
1
1742
7
44
26
4
1
0
4
0
24
0
0
8
0
1
90
53
144
81
20
0
7
2201
34
0
0
3808
5
0
97
0
16
0
31
0
0
0
1
0
0
0
3850
1
1
0
0
0
0
359
0
0
0
2
4
2
0
0
0
0
0
0
0
31
45
0
386
0
0
13
264
2
0
0
4
1612
9
0
0
6901
267
2
2
10
82
0
16
1
0
288
33
0
1
0
2
1
0
184
1
0
131
0
10
0
5
0
0
344
0
0
0
0
0
1
144
0
0
0
46
1
2
779
0
0
1
0
0
1
85
0
0
6
1
36
1
8
1
34
0
12025
5
0
116
0
2
1177
10113
0
0
25
0
11
0
103
3
96
6
15
18
272
1
0
0
0
0
0
4
0
36
0
0
0
67
0
0
0
0
0
0
0
0
1
3
1
6
1
1
0
2
0
0
0
15
0
0
0
2
0
0
1
3
0
0
13
0
2
0
0
1
1
316
0
5137
5330
0
136
0
0
30
0
0
19
1
3
1059
5
0
0
0
0
1
0
0
0
59
0
1
0
0
0
0
4
0
285
0
0
0
81
0
0
0
0
0
0
0
0
47
0
0
0
836
9
13
10
0
5
0
10
0
0
10
0
1
0
1
385
0
80
0
0
0
0
0
0
28
0
6435
0
106
0
0
0
0
0
1
0
44
0
0
0
0
0
0
0
0
590
0
6
0
244
0
0
78
0
0
5
62
0
1
0
115
1
0
0
6
22
1
0
0
60
0
3
0
96
0
23
0
2860
12
36
2
62
936
0
0
0
0
454
3609
1
0
0
0
0
4
0
0
303
0
0
0
0
1
0
0
0
0
0
0
0
1
8
0
0
1
0
7
1
0
0
0
25
0
519
2
0
1
0
314
0
0
3
1
35
3
0
0
128
0
0
1
0
14
0
9
0
5
20
0
0
0
16
0
8
0
10
19
163
27
0
0
0
0
0
0
0
4
0
0
0
16
0
1
5
1
1
0
0
452
0
0
10
8
0
0
12
0
0
61
0
0
0
1
0
1
3
73
25
172
0
0
0
0
1556
26
1245
439
1
6
644
0
0
1675
105
5
109
1
0
64
21
1
0
1341
0
0
9
0
0
0
0
3022
0
0
0
0
201
1
0
9819
0
0
0
1
138
14
0
1
0
98
1
1212
248
8
0
0
0
1786
1
2
43
0
0
0
0
0
9
9
2025
0
0
82
0
0
0
4097
1530
1
1094
10
4
0
0
60
0
939
12
0
0
0
0
0
0
0
0
1
0
1
0
23
0
8
0
2
1100
3061
0
2
2
3
0
0
0
0
280
3
2336
0
41
0
0
39
0
1
7
28
0
2
0
0
4
0
0
0
22
106
19
0
0
3
0
0
0
582
0
13
1
1
7
0
2
1
0
0
0
0
0
0
0
12907
0
7
0
1
613
0
0
1
2
49038
0
10
1
0
1
0
0
6
0
168
1
0
0
0
0
106
0
3
0
31
0
0
0
355
2
1
2
1
3
6
366
13
0
647
10
0
0
1796
0
4
0
6
29
2
13
38
0
0
0
0
0
0
0
1
0
0
0
0
0
0
0
19
1
3
1
0
1
0
0
26
0
0
711
4
8
0
0
1
1
3
14
0
3623
1
0
17
0
50
2
2606
4
3
623
0
541
2
983
0
39
0
0
12
0
1
0
0
1
4
0
39
0
0
0
0
0
0
0
3108
0
16
0
0
0
0
4
0
2
5
0
0
4
0
0
0
30
26
0
0
583
199
0
1
1
17
2
51
897
327
31
0
0
211
0
0
16
390
2
2
1
321
0
0
0
0
19
0
1094
65
0
2
1
1
13
3
300
0
0
0
0
0
0
2
0
3
0
0
0
6
1
0
6
270
72
0
2
0
1
34
0
0
2
2
1
399
2
0
0
343
1
0
0
0
0
31
1041
1567
89
0
0
63
0
0
1
4
28
0
3
0
12
0
0
27
479
16
517
0
1
1
0
0
0
0
0
0
222
0
0
0
0
0
0
46
0
0
532
10
0
0
0
3
1
8
2
7
440
0
0
0
0
17
0
0
49
0
2
0
416
0
0
2
1
0
0
18
3
3
2
7
14
6457
2
1
4
24
0
16
6
33
0
337
0
0
437
0
0
0
0
0
0
1
0
1
9
0
0
90
0
0
0
0
0
223
0
414
0
170
0
0
4
0
0
0
0
0
0
39
0
860
0
0
1
18
0
0
0
54
121
507
1
247
4
0
0
1
0
7
9
683
0
10
268
0
0
1
367
28
0
0
0
0
0
0
769
82
0
0
0
0
0
57
1
0
2
0
1
0
1
0
0
829
0
36
6549
0
25278
0
0
8
24
139
130
0
1
6
50
8
0
1
20
0
17
0
20
12
8
1
0
597
98
118
2
17
0
2
0
0
0
62
32
0
0
0
0
0
0
0
0
1
1
0
501
0
0
19
0
0
1
0
0
0
1
3
0
0
0
0
7
1
0
0
1
12
0
0
24
32
4
125
4
0
75
0
1
3529
114
0
9
0
1
0
2742
18
0
0
0
17
30
2
3
2
86
0
27
64
0
0
0
4
0
0
0
1
1
28
0
0
0
0
0
0
1
0
0
0
0
0
0
0
0
36
0
0
0
56
0
250
0
17
0
3
0
1
0
17
1
6228
0
8
4
1
5
0
0
0
0
0
0
1
13
0
8
0
1029
2
1
0
0
0
0
0
0
27
3
0
0
2
4
103
376
0
0
0
0
0
11
0
0
2
1
0
0
0
0
2
5
0
179
20
15
0
0
1
5
0
13
54
0
3
537
1894
0
0
3
72
3363
3
54
0
356
0
12
209
0
27
0
2444
0
1
2308
27
0
0
0
0
0
0
0
36
0
1
1
0
0
0
0
0
0
0
1
0
1
0
0
0
1
79
0
0
0
0
2
0
0
0
2
0
0
1
0
0
36
2
9
626
0
4
0
0
1
14
0
58
0
0
2
2
0
0
0
0
1
16
0
1
450
0
0
0
0
101
167
0
0
0
1
1
0
0
0
0
78
0
0
3
0
2261
0
0
52
0
0
0
198
0
3
447
491
0
0
413
12
0
0
0
0
0
1
8
7061
0
129
1
0
0
0
12
40
21
166
604
0
2572
0
0
1
274
0
173
0
1
0
0
0
0
1
502
0
56
122
27
0
0
0
0
0
0
366
1674
1617
0
0
0
0
2
0
0
0
0
0
3
14
0
59
36
1
1
0
5
48
118
16
1
4
2
19
0
0
0
0
12
1
16
21
2
230
1
0
230
3
30
0
1
1
1285
0
1
9
0
703
0
0
1
14
194
0
0
0
1
0
43
0
0
0
20
1
4
4
0
0
0
13
0
0
23
259
0
83
20
1
0
3
1
5
2
1
0
6
0
0
8
0
2
14
0
4
0
0
715
42
0
9961
11
0
0
19
32
0
0
0
0
0
0
0
631
0
9
28
16
0
0
0
0
0
0
0
0
0
1997
1
2
143
0
0
0
7
0
0
0
0
0
13
2
217
0
28
1
202
0
17
0
530
8
5
876
1
0
40
27
5
1
137
1
1584
0
7
2
0
34
0
0
0
13
0
185
456
0
0
0
0
4
0
340
0
0
45
0
0
210
9
0
14
0
0
32
0
0
236
0
0
0
277
3
0
0
24
0
2
0
2881
157
0
0
1
23
4056
1
0
1
0
33
12
0
134
0
0
73
3
2
0
1
0
16
3
0
2
2
0
0
0
0
0
0
0
6
0
33323
0
574
1
0
0
1
60
0
1685
134
0
0
0
0
0
0
27
0
2626
0
0
0
1
0
648
76
0
0
0
0
0
1687
1
2
1
4
0
2012
67
1
0
0
1
0
38
2
0
1
0
4
0
0
0
3
0
53
630
0
0
0
0
0
9
0
0
0
5
0
0
763
1
0
0
26
1847
0
0
306
0
0
5
0
1
26
0
0
0
164
1
0
8
3
0
17
737
241
0
0
1
3
12
1123
5
0
1
9
12
0
544
9
0
102
804
524
0
0
78
0
0
0
0
0
0
0
0
1
0
0
0
1
0
0
4
0
0
2
0
0
1
0
1
0
2
0
2
0
34
0
1
2
1
18
1
25
0
1
26
0
0
2
598
8
109
13
2
4
11150
0
92
15
106
1
180
2
0
0
170
1457
312
135
0
0
0
0
0
0
0
0
0
26
25
1
0
33
0
14
1
0
1
1
0
10
15
10771
13
0
0
1
2
1
0
53
0
0
1969
561
0
2
0
7
0
0
7
97
8
0
98
0
0
0
16
26
0
361
90
0
8
7
162
0
1149
1
2
0
0
5
18
0
0
0
0
0
0
0
0
6
0
0
0
0
0
0
1
12
0
0
19
0
0
0
0
0
3
0
0
43
0
0
0
1
1
0
0
374
24
0
0
2582
0
20
89
0
7
0
1702
461
0
0
7
1
0
2
0
2
0
10
3522
30
1
0
1
0
0
0
0
0
0
0
1
0
0
0
6
0
0
0
0
0
0
0
0
0
141
0
0
502
0
0
0
0
1
0
4
0
36
0
0
475
3
5
0
41
0
0
0
2
25
0
274
4
723
1
470
0
0
1
0
0
0
0
3
0
0
233
675
0
0
0
0
0
1
0
0
7
0
0
4
0
0
0
1013
3
0
14361
2
0
1
0
0
1
0
2
179
0
2
0
19
1403
0
1
9785
0
0
5
6601
676
2218
1
1
2
212
9
33
21
10
1
9
0
0
0
0
0
0
22
1
3
0
0
0
0
0
0
0
0
0
0
0
0
0
0
0
0
0
0
0
1
675
0
0
26
3
0
2
0
0
6
167
0
0
0
0
1645
5
3
128
4
0
1
1
0
69
0
1
0
0
18
0
0
37
1177
103
242
0
0
0
0
9
3437
26
0
11
826
7
0
0
0
0
0
0
0
0
0
45
0
0
0
0
0
7
0
0
3
557
220
4
132
0
0
0
0
0
22
34
1
0
0
0
0
0
55
21
0
0
0
2
0
734
1
1
0
76
0
0
0
894
1
0
3
58
794
0
0
0
7
0
0
6
0
0
0
0
0
0
0
0
0
1
0
0
0
0
0
23
0
0
1
6
4
6
0
0
0
4
0
0
18
0
0
1803
0
6
6678
11
1
0
0
119
3
972
2
2
5
0
4
16
3
0
21
0
1
16
2
0
1
86
5
0
18
5
1
0
0
0
16
0
0
0
0
103
0
9
0
0
0
0
0
0
0
0
0
0
4
4
0
0
8
3
1
30
0
0
0
283
198
0
160
5164
2
123
1
3
1244
0
0
2
12
1
389
0
1
0
21
0
52
124
1
0
887
1572
0
1
3
129
10
0
0
0
1
0
0
53
0
0
9
0
0
0
0
0
0
0
15
12
3
0
3
2
0
0
0
1
0
3242
0
0
0
0
1
2
0
21
3
7
75
295
0
0
0
47
2837
4
1
853
12
0
0
48
0
0
0
0
7
0
1
4
126
0
50
0
0
0
5
125
0
106
0
0
2
0
0
0
0
0
0
1
25
5
0
0
0
0
0
0
0
1
0
4514
39
0
0
5
144
1
1
0
0
23
396
0
0
415
21
2
7
1488
0
0
6
180
0
2
0
0
673
0
5
19
0
0
0
0
0
0
0
0
0
0
69
1121
0
0
0
0
0
1
0
0
0
4
5
9
1
0
0
2
0
0
0
63
0
60
17
0
0
6
0
22
20562
0
0
13
0
59
2
12
0
0
0
0
1
3
192
1
275
0
0
3
5
67
0
0
649
0
1
0
0
0
0
0
0
658
1
308
0
0
0
45
0
0
0
0
0
282
3
1
1
1009
0
0
0
27
1
1
2
1
1
0
19
76
0
2
56
0
18
0
0
0
1
0
355
1
0
0
79
656
127
2
3
1
0
0
0
0
1
1
94
6
856
1
0
0
0
0
0
0
5
1
0
1
0
9
0
0
0
0
0
0
0
0
0
0
1
0
15
0
2
1
0
296
13
0
0
6
124
795
1
768
0
0
0
0
0
3
1
6
0
113
20
0
0
371
89
2
0
0
0
0
26
0
3
351
0
154
3
0
12
6
19
1
0
0
0
0
0
73
0
0
0
262
7
493
0
17
0
0
96
0
0
1
1
0
0
1
356
0
627
0
6
0
0
0
1
0
19
0
0
1
104
583
34
0
6
209
0
810
1251
3
0
0
27
0
2
0
0
0
0
0
10
0
0
1
8
22
0
0
0
0
0
0
0
0
0
0
81
2
30
0
0
1492
0
5
90
1521
0
3854
1
29
2
0
30
3
0
5
0
0
0
0
1
0
0
0
2
1226
0
0
2
3
1
20298
1
172
276
136
0
0
0
0
1
0
5
1
5
0
361
9
0
0
0
1
0
0
0
0
93
56
0
141
0
2
69
2
0
519
0
0
3
17
154
19868
0
2
0
0
6
156
59
1529
18
2
0
3
1157
0
0
432
0
0
0
0
752
0
48
0
756
0
0
3
10
0
70
0
4
1
0
0
8
0
0
0
0
0
30
0
0
0
0
0
1
1
0
0
694
0
0
0
72
1
1
3
12
0
0
0
0
47
0
27
12097
1
0
0
84
7
0
0
117
0
0
6
23
94
1
0
60
15
2
0
4
754
6
0
8315
23
1
1
5
0
26
5
16
0
448
0
0
0
14
0
0
1
0
0
6
0
0
0
1
44
0
0
0
1
1223
0
1
0
4773
1
0
5
18
0
66
1
12
49
0
1
1248
0
0
64
28
1
21
341
0
4
0
1
0
149
10
7519
0
0
1
6
3
2271
2
1
0
0
0
0
0
0
0
0
0
1
0
0
1
0
0
0
0
0
392
3
0
0
0
79
11211
0
0
0
53
4
1
6
12
24
0
6
2
5
1
0
7
0
21
1
317
0
0
77
122
5382
29
1
0
2
0
1
0
0
0
0
8
27
19
126
0
182
1
0
0
5
0
0
0
987
0
0
0
0
0
0
0
0
0
5
1
0
0
532
9
0
0
8
207
0
0
16
23
0
0
0
0
1
0
0
1828
0
0
0
1
3
0
3
3
530
8
7
0
43
0
5
0
0
0
0
153
2
65
8
0
0
0
0
0
18
1
0
0
3
0
0
0
0
0
0
0
0
0
0
70
0
9
2
0
0
0
0
0
0
0
0
0
0
0
1
4
2
0
0
24
0
59
3136
0
573
384
1
0
0
0
10
122
14
406
3
0
1
4728
0
0
0
0
392
0
1
0
114
0
0
0
0
0
0
6
0
0
0
122
0
0
0
0
80
0
3
0
4
1
0
6
70
0
0
0
269
0
0
0
29
7
0
45
336
0
0
37
0
0
0
20
0
0
3
0
3
2
131
0
0
0
11
8
0
1
1
0
8
0
2
0
1
0
0
0
0
0
7
64
0
0
1
1
0
370
0
0
1
1
0
6727
9
0
0
0
2
0
7
1
165
5
0
0
0
63
0
1
14
17346
0
0
0
0
0
0
0
0
4
2
3
0
11
2
8
168
1
7
0
43
164
0
2
411
246
460
8
0
0
0
0
0
15
2
0
0
0
0
0
0
0
0
31
2
15
0
64
544
7
0
39
0
0
18
150
3
0
0
171
206
50
13
1
5
0
74
0
1704
197
8
0
0
5261
3
62
2
1
0
284
1913
5629
6
142
0
272
20
0
17
0
3355
0
0
0
0
0
1
251
0
0
0
0
1
0
0
0
0
0
0
0
566
9516
251
1
0
0
1
2
1
223
0
0
0
13
2
4902
34
1
7
0
1
0
0
2
497
70
0
21
27
2
0
12
0
0
0
217
10
0
0
1
0
0
0
2
2344
0
0
0
74
0
0
7719
0
0
0
0
1
0
0
0
0
0
0
0
0
1
0
0
0
0
0
0
39
0
0
0
0
0
1
58
0
1
6
0
3
430
0
0
3
1
0
0
0
2
0
0
176
445
0
8
2
0
11
2
5
3
0
0
0
0
0
1
0
0
0
20
0
0
0
0
1
0
0
0
0
27
0
0
0
19
4
0
0
24
0
0
10
18
0
0
0
8
43
0
29
21
6
0
0
1
2
1
0
0
0
5
1
0
0
39
9
97
0
10
7
0
2
27
92
0
4
4363
50193
0
0
0
0
0
0
9410
0
0
0
29
0
0
0
0
0
1
0
0
0
947
0
8
0
0
0
0
2
94
14
0
0
2
0
8
0
0
16
0
1
0
0
89
0
0
0
3
3868
2
4
1
0
2364
23
2
0
0
40
0
0
0
0
0
4
13
0
0
0
0
0
9
0
0
0
2
0
0
0
0
0
0
0
0
0
8
166
550
42
1
0
0
3
0
0
0
0
1
1
22
0
0
54
0
1549
5427
13
0
8
0
0
2
48
1
1381
255
2
0
0
0
0
9
0
0
4
664
5440
0
1069
2
0
1
0
68
3
51
0
0
0
0
1
0
0
0
0
1
0
0
15
0
261
0
0
0
2
4
0
0
2
0
0
0
4
3
64
0
1
0
147
0
786
0
13
0
77
30
2
0
1836
3
1
37
745
0
0
0
14
3
18
1
0
6
920
0
0
0
0
1
0
0
0
31
0
0
0
0
0
11
0
50
0
11
20657
1
0
0
1
0
1
0
1
0
0
0
0
8
340
32
5
6
0
0
5
468
0
0
22
0
0
0
76
2
0
7
0
51
34
0
2
0
0
0
1
325
0
89
1
0
0
0
0
5
0
3
0
0
15
0
0
0
0
0
0
0
0
0
5
1
0
0
0
0
0
3
0
0
10
0
0
5
276
19
1
20
10
0
1
2
0
144
0
53
60
390
2
89
0
0
0
2
0
95
16
0
1
1
0
93
32
0
4887
0
5
0
0
0
0
32
0
703
0
0
0
0
0
429
0
0
0
0
0
1
0
9
0
4
0
0
0
0
0
0
0
0
1
0
42
39
0
0
1
0
0
2
0
0
3
0
0
7
0
0
1437
43
0
65
5
0
8
0
6
6
0
1
9
0
1
0
0
0
0
0
0
0
767
0
0
0
0
1
25
2
0
9
0
0
69
0
0
0
0
0
798
0
16
0
0
2
0
222
2
1
55
0
0
4536
0
0
3
0
0
23
1479
0
0
35
0
1
0
1423
2184
44
1
96
0
1827
1
0
0
0
0
51
0
0
0
1
0
0
1
0
35
0
0
203
1
0
0
0
5807
0
9
0
0
1
0
0
5
54
8
0
0
1
0
0
0
0
0
0
52
0
0
1
3
0
6
13
78
0
0
0
0
0
1
0
1
92
12
1
10
0
0
2
5
1
0
0
0
1
0
2
0
0
1
0
0
0
0
0
8
0
0
0
2
0
0
1
8
1
0
1
0
0
10
0
0
429
9
0
52
0
919
0
3
0
0
679
1
0
0
55
1681
0
31
1245
0
145
5475
0
2
175
1
3
23
0
4
2
3
0
1
3
0
1
0
0
0
0
0
0
0
104
0
0
0
7
0
0
678
0
0
0
0
0
0
0
0
0
0
1
14
2
1
0
0
2
5
0
203
914
0
12
0
0
3
0
11
399
1
335
0
13
0
15
2
2
2
89
0
3
4
0
1
0
0
0
0
0
0
1
209
0
0
0
0
0
0
0
1
0
0
0
9
173
0
0
0
1
0
0
7
487
0
0
1723
10
530
5
4
0
1
0
14
8351
0
479
0
0
3
0
0
3
2
17
38
1251
13
133
4
27
80
4
1
1
285
61
1
0
291
0
0
0
0
1
1
0
0
0
0
299
0
0
299
2
0
540
0
6
14
1
0
1
0
0
49
6887
0
0
357
0
123
0
5
3
1
0
37
26
299
0
5
35
2
2
16
0
0
130
0
2
0
5
18
19
0
4
3317
24
1
12
104
0
0
0
0
0
0
1899
6
0
0
0
0
0
4
0
0
2
0
21
0
33
1099
14
0
0
0
0
2476
1961
4
0
0
0
25
6
2
42
510
0
1
0
4
0
0
0
0
27
12
1
0
0
0
0
499
202
1
1
0
1
1
117
4
4
0
26
0
0
0
0
0
1
0
0
0
0
0
0
0
0
0
307
0
0
1
1
2
0
0
1
0
0
1
10
0
0
1
26
0
14
0
1
1
0
0
677
68
258
2
0
8
4
0
2
17
2013
0
125
2
35
0
696
709
1
0
88
0
4
1
1
0
0
0
0
0
5098
0
0
0
0
0
0
14
0
35
10
0
0
0
0
10560
19
0
0
249
0
1
297
1
0
92
62
113
10
607
5
1
0
1
0
1
26
0
0
4
0
2
7
49
43
0
8
0
12
50
161
0
3
0
0
332
0
883
0
0
0
0
0
0
2
0
0
0
0
0
0
2
0
890
27
0
0
0
0
30
7
98
0
0
0
0
0
0
1
1324
0
0
0
0
3646
4
0
0
0
0
0
8
0
13
0
0
3
117
0
3
0
38
0
911
11
0
0
15
0
3
17
0
0
0
0
0
1
0
0
0
0
0
0
0
0
0
0
0
278
0
6
0
0
126
5
0
1
36
4
102
18
104
0
1
7
0
1
0
1563
0
0
4
387
0
3425
0
0
3
0
10744
1
1
218
0
151
0
0
4
115
2
101
421
1
0
3
1
0
0
5
0
1
0
20
0
0
0
0
0
0
13
0
1
0
407
249
0
0
10
0
1
36
0
0
205
0
0
0
123
6
955
2
0
74
0
1
0
0
156
16
551
0
180
21
104
0
0
0
12
4
63
7
5648
25
1
15
0
1
0
332
1003
0
1
145
0
0
0
0
0
0
0
0
0
0
0
0
494
27
6886
0
1
51
361
0
0
0
0
41
2
4
5595
0
2
3
0
146
0
0
0
0
1861
1
509
2
0
0
0
0
2
0
0
7
2
20
7
0
0
88
1
0
43
0
1087
0
8
0
0
0
260
0
0
20
0
0
0
0
0
0
0
0
197
7
0
0
21
2
124
24
0
1
0
813
0
2575
0
0
1
0
0
0
4
5
109
1431
1
0
1147
14
26
0
0
0
3
0
30
1122
1
10
53
0
0
0
2
1
14
3
10
0
2552
0
0
0
0
0
0
0
0
1
0
0
0
0
0
0
0
1
0
0
57
1
0
0
0
0
0
0
3
16
0
0
78
19
0
2
0
0
0
1
1
0
1
0
0
0
0
13
5219
362
20
0
5081
12
1
0
3
46
247
0
12
20
84
0
0
0
0
0
249
19
0
1
0
0
0
0
0
0
0
0
7
0
38
43
0
13
2
14
1
0
0
2
0
0
0
0
92
0
0
0
1
7
10
0
1633
0
226
10
0
0
5
2
1
1
24
0
2
1
1
301
0
6
0
5
1
210
0
1
4
0
0
0
0
0
0
85
0
365
0
0
0
0
0
56
0
0
393
6522
89
1621
119
1
38
1
0
0
528
0
0
0
0
104
3
11
0
64
308
0
5
0
0
0
0
0
0
1
85
0
1
11
59
0
2
162
0
4
1
10
0
2
0
0
5
0
7
0
0
0
0
1
0
0
119
0
0
0
0
1
2
0
31
14
0
0
26
5
0
8
0
1
0
1
2
0
0
0
639
1
10
1
0
0
9
0
0
31
4
0
0
4
5
25
0
1753
0
0
23
38
5
13
0
84
335
1
56
1
0
0
2
0
0
0
0
1
0
611
0
0
0
0
0
9
0
1
635
9
0
2
4
0
5
0
83
1
0
18
0
0
212
0
203
3
1
0
19
0
364
0
0
1
0
8
0
9
812
0
0
0
2
0
2678
0
298
53
23
0
19
0
0
1
0
0
0
0
0
0
1
2
0
0
428
2
0
0
0
0
1
0
74
10
0
7
0
0
11
1
0
7
2
550
1
0
0
0
0
1
0
3
23
6
3
0
1
2
1
0
1824
26
0
0
0
5
7
711
10149
13
10
0
0
0
1
10259
48
99
0
0
0
0
0
47
0
380
0
0
0
0
0
5
0
0
51
0
0
6
0
1
9
0
11
6
2356
6
0
3
0
0
13
463
27
0
9
0
2
0
2187
0
0
0
0
0
4470
10
0
200
1
10
0
1
2178
14
1780
2
0
2
403
7
0
0
11
0
0
0
0
272
519
0
301
0
0
216
0
0
0
0
199
0
0
0
57
0
0
10
5
1
1
0
392
0
122
0
0
0
0
1
31
1
1226
13
0
80
0
2
106
0
2
7
0
6
0
0
1
2
0
0
1
98
2
370
1
1
10
1
4
0
0
0
0
11
0
0
1
0
0
2
274
176
0
6
0
0
0
166
0
0
46
0
5
0
0
0
14
0
0
0
28
0
60
2
2
0
1
12
1
0
0
0
0
0
6
17
4
4
60
417
27
11
4
0
0
182
35
12
1
0
1
132
89
0
0
0
0
0
132
0
1
0
0
0
0
0
0
1
0
0
39
6
1
0
127
0
1
0
0
4
0
1
0
0
1
686
0
0
0
59
0
0
1646
0
0
16
3243
0
62
1
1
0
88
7
0
0
0
0
30
124
0
8
31
3
17
0
691
0
0
0
0
0
0
9
0
0
0
0
32
350
0
1
230
0
0
0
0
0
0
1
3
11
0
1004
2
0
0
0
26
4
0
1776
8
261
0
0
711
0
0
0
0
1
0
9
227
0
0
7
106
0
176
3
253
41
666
95
0
15
0
0
1
0
0
0
0
0
0
0
0
0
0
0
0
0
0
0
0
0
0
0
323
0
0
0
0
0
0
0
22
7
4
0
1
9
8
0
3
0
0
0
0
0
0
57
0
1
0
0
377
83
11
0
11
0
6
14
2
0
2
0
119
0
32
0
4
0
0
0
0
1
0
13
8
0
0
0
0
0
0
0
1
0
0
0
528
0
0
0
0
48
0
21
0
533
0
0
2
0
15
6
0
31
30
17
47
0
0
2
0
0
811
0
2
0
4
3
1
9
3
9
2
1
2
1
0
0
2
3033
1
0
0
0
0
0
0
0
26
0
0
0
0
0
1
0
0
0
2
0
0
0
1
0
0
15
0
31
0
21
0
0
0
1
1
0
106
113
9
0
1771
70
1801
0
0
70
382
462
0
0
2
0
0
2
0
3739
0
36
18
2
1
0
0
825
1
0
0
0
0
0
0
0
1616
0
0
0
0
0
0
0
291
0
6
1576
1
1
352
1
0
0
0
57
0
0
2
0
5
0
0
7
12
27
521
1679
64
0
165
25
2
19
2
98
45
66
1
28248
10
1
272
7
0
4
3
0
13
0
3
0
0
0
0
394
0
0
0
0
0
0
0
0
0
0
8
0
268
0
0
1
0
1
1
0
10
18
0
0
4
0
2
0
1
0
1
7
0
5
0
26
6
1356
0
3
0
74
19
0
0
1
1
4
6
0
3
49
0
0
0
0
4
0
2
0
6548
3
0
0
0
0
0
0
3
0
0
0
0
0
0
1
2
0
0
0
0
159
0
0
0
0
0
2
4
0
0
0
185
525
197
0
82
9
17
17
1
1
0
4624
1
9
0
0
118
128
0
1
101
0
0
3
167
0
4
0
0
4
1
1
7
42
0
2
0
0
0
0
10
0
0
0
0
0
0
0
5351
0
0
0
5325
0
157
8
1
13
2
0
0
0
11
0
6
13
1
52
0
88
0
0
0
0
0
0
0
97
33
1
11
7
0
3003
0
0
0
55
522
2
207
0
712
0
5
9
0
0
0
0
108
0
0
48
1
0
0
0
0
0
0
0
0
0
0
0
0
1
0
0
0
0
0
0
1
96
0
0
0
12
0
2
0
1
23
0
6
1806
5950
0
113
98
6
72
1
631
125
5
643
1
420
1
0
72
24
0
0
3
0
0
97
639
0
0
0
0
0
0
0
93
0
0
0
0
73
0
4031
0
0
6
0
40
0
0
0
28
2
0
0
4
601
0
0
1
3
0
0
0
4
0
29
0
111
100
0
1091
8
0
3836
7
0
53
15
44
1
27
14
0
0
2
3
4
15
14
294
0
0
0
380
0
0
1
0
2
67
0
0
0
34
0
1096
2
0
253
1
587
898
0
0
2
20
0
32
191
8
0
101
0
10
0
1031
0
1546
33
3715
200
10
0
0
0
0
44
3
3
0
0
1
45
279
30
46
3
0
0
0
0
8
0
31
0
0
0
0
0
0
0
1
6
1
0
0
0
3
2
45
0
1
0
341
6
8
0
0
3
1
0
0
0
354
0
6
1
11
0
0
3
5
0
1
1
0
0
0
0
0
1
36
18
12
0
0
0
2
1
0
67
0
0
0
0
0
0
14
0
0
0
0
0
0
0
1
0
2
288
0
0
0
1
19
0
0
8
13
24
2
0
9
0
260
20
16
22
0
0
0
44
0
14
0
18
1208
10
572
1
0
11
3
0
13
149
7
0
142
0
70
1
36
1
1
0
2
55
0
0
0
1
326
0
0
0
0
0
0
0
0
0
0
0
0
0
0
0
51
0
0
8
0
0
0
0
0
5
0
1
3722
0
0
0
3
124
0
0
0
0
0
2
1
2339
0
0
0
972
7
2
381
0
4
8
8
2
2
0
1
27
1
3
0
43
0
12
9
0
0
0
0
0
42
0
0
3
1
28
0
0
0
0
204
0
0
1
0
1
0
0
0
0
889
1
1612
1
0
0
236
7
58
32
0
25
12
4
208
41
0
0
0
0
1
3
892
0
2
15
0
80
77
0
23
1
11
3
4
45
2258
2
3
0
0
0
0
0
0
0
0
3
0
0
19
28
0
0
2584
0
70
48
2
0
0
0
0
43
0
0
1
0
0
0
105
4
0
115
0
0
1
0
0
4
0
208
2
132
90
109
291
14
5
8667
3
11402
154
0
0
1
20
305
19
0
4
10
0
0
451
0
0
0
330
0
160
612
12
0
0
0
0
0
2
0
3
58
0
0
5043
0
0
0
1
0
0
1
1
0
2
0
0
5
0
1
183
0
92
1
0
13
2
160
0
0
0
858
0
0
0
0
3
15
2
0
0
1894
1130
0
4
0
396
0
0
0
0
0
0
0
0
6
121
0
244
2
1
0
506
0
0
26
1
0
0
0
0
2
33
0
0
0
0
0
751
1770
473
194
0
0
0
35
13
68
0
0
0
20
1
1
0
0
28
1
0
5
0
19
0
0
2
0
3
29
0
45
1340
0
65
0
0
1
600
0
0
0
27
0
0
0
0
0
2
0
0
2
0
0
1
0
0
0
2994
0
1
1
0
0
3
22
0
38
0
0
4
0
6
110
0
13
12
105
3
474
1
1
3013
0
57
86
4
66
0
25
2
13
1
32
0
0
0
0
0
0
0
252
0
0
0
0
29
0
438
0
0
0
2548
1215
0
0
0
0
3
0
19
7
1
3
0
130
1
0
357
18
1
0
4
3
1
0
0
1
784
5
0
12
1
0
0
967
0
3136
0
4
0
6
1
25
1
0
0
17
192
1
0
0
0
0
0
0
0
0
0
0
0
0
0
0
0
2
62
3
1
0
0
0
5
14
0
0
0
0
8
1769
2
0
132
0
15
4032
0
2
215
238
5
0
0
50
27
0
447
0
0
33
2
0
4
948
0
0
0
112
5
18
4
0
7
0
8
0
0
0
0
0
0
0
0
0
0
0
0
24
0
1
6
1
74
0
0
0
0
355
0
5
1450
0
0
2
0
0
1
0
0
0
0
574
2
14
1
0
30
2
344
0
0
4
2
2
5
0
0
82
1
0
0
0
1
0
1936
0
0
11
0
0
8099
2227
39765
14345
5088
77
2260
3983
5841
5104
351
2485
8025
0
839
0
7735
87
314
2938
1243
6
8411
47
24788
320
5639
10702
553
15747
1558
53
713
384
16
389
19
2007
5121
0
15634
15549
1662
37
1940
57
992
0
2112
310
788
251
36
13
6
18
12851
11889
1831
9
0
1
30
206
0
3672
1
28401
2216
59
9
79
3
339
25
4420
0
5906
240
1980
12085
52
7
2110
385
40
266
5
3
23
2
12
22
22847
1234
32
8
31
9291
183
298
0
3710
2
1023
33
2
1
42
0
3
175
2
2
0
19
2
0
373
2
71
13
4
0
45
5234
17
2
101
0
131
89
54
1459
0
0
14
7
90
7
0
552
2
20
4
17
273
10
7
1440
41
27
0
11
1282
3
0
0
19
4
3
1
0
287
2
111
0
1
2597
34
865
0
1
7
10304
11
1
0
3
2825
0
466
0
0
4
201
3
19
3
19
0
2
0
0
776
27
0
4
1
8
0
58
31
2
123
1
0
0
46
34
5
13
1
20
0
1
17
1
9
11
12030
714
5
37
122
5
2
0
127
1
171
2
7
0
0
4
97
26
2
0
78
0
45
1120
7
50
160
4247
0
1247
685
1
5137
0
0
27225
834
0
316
0
1097
0
545
1971
0
0
671
835
2
88
3
13
399
1
0
11
1300
8
170
2
3
7
406
307
27
120
1423
115
0
206
0
2
0
3
1
204
715
26
27
0
2
7
1317
7
6452
10
0
6424
0
680
1
95
162
3
12
71
56
0
10
31
137
8
0
640
0
373
5
1252
89
0
0
289
9114
249
1
14
149
17
16
527
53
809
1
0
1
46
480
0
95
2299
30
7
0
5217
374
0
3
0
2
1
0
515
29
433
5
10152
36
1
1
29
34
0
0
3
23
92
15350
19
0
5
65
1
164
0
0
0
27
4
1282
342
3
0
0
0
39
0
20
186
1
1
25
0
1117
2812
24
3804
0
0
11
1
0
684
41
6
0
2
23
0
35
17
167
1
0
0
0
0
23
35
3
57
18
897
0
0
1
7
1
217
12276
2
0
2434
6529
16
19
491
3663
1
0
0
2
4
0
0
114
0
1
303
7
399
8
0
2876
0
3
106
830
3
231
0
0
19
11
58
0
3094
33
5
28
1
29
67
0
29
12
1
16
8
1896
1
0
60
8
0
0
8
1796
18
0
1338
9
0
17
0
0
14
0
292
1
0
3
125
0
116
5328
0
0
6
0
22
1
0
11
147
0
595
2
22
1
917
0
1
1
52
0
1
0
4
1
0
0
0
1
2
0
2
0
3
0
2
121
0
159
1
681
181
2
1387
0
0
111
0
4
0
0
28
1422
372
14
49
649
426
1
543
35
1606
443
39
75
3
1
8
5
5
8719
303
379
0
743
66
13568
1
0
724
1
2
81
1
1
0
0
0
115
0
0
3158
0
0
118
0
2
0
0
73
1
3
0
19
28
1
7
9
20
398
0
0
0
2
223
7
0
44
0
0
386
68
229
20
0
32
382
1
3
0
0
7
13
11
23
9
0
1
38
125
0
2
491
0
0
104
1805
82
1
304
1
63
0
0
1
0
0
0
3
0
0
0
0
0
413
18
18
0
0
216
1
66
0
1
0
118
80
1
977
2
8
1
415
2
118
0
0
9
1
5
14
2671
0
1
0
0
20
0
13
7
14595
1
0
0
127
0
1045
26
41
1047
80
0
37
0
1475
0
28
1253
16
13
2
1
16
0
4
1
0
0
445
685
5
1
1
0
2445
29
34
0
81
1
11
5835
1072
2577
0
26
15
1
110
0
10
0
1
21
231
22
192
41
629
0
0
0
142
1
58
1932
0
35
61
348
44
112
742
1440
3
0
1926
15
40
5
7925
0
1717
3
4
0
3
9
1
485
14
4
0
1
189
0
2
381
33
0
20
1
1
17
0
0
0
0
0
309
0
0
2
1
30
0
18
0
38
10789
23
197
1
0
0
3
0
0
4113
125
21
13
0
0
0
0
0
22
171
1
0
237
1
4
4
66
4
988
2
1
479
1
0
27
8
1
1384
3
0
8
3
1353
51
1
25
0
2275
132
0
0
0
0
99
499
9
9
0
2
9
1
10
2687
0
3
1
0
2
0
43
94
0
3
6
2
1270
1782
0
2491
209
0
1
28
2
0
4
39
6
0
1
0
14
0
0
3
6
18
1
1
0
0
1081
30
7
0
0
0
1
70
104
0
1
1710
12
187
793
0
0
62
0
0
29
8
0
14
5
855
1
113
1
0
57
12
1075
13
11
1
8
0
0
37
2097
2
90
0
1
0
3
9423
7
0
0
530
32
0
1
5
4
0
5
185
34
17
3195
51
0
3850
341
2
881
3471
99
8
0
0
2
6
0
3
262
3
0
2
7
0
0
1493
254
5
6
3
0
0
0
5
0
2
5
0
0
4
0
1
1
119
1198
0
0
93
485
0
0
0
34
2
0
4107
0
0
26
1
6
0
6
1252
29
2
0
178
0
0
8
1793
2
14
0
0
0
0
290
1682
3
44
2041
1
47
335
11809
21
7
23
5
10
1
0
2
49
11
1
2
374
1
3
2
1
0
0
121
0
1
1
4
0
27
0
1
0
17
67
0
0
2
0
0
235
24
808
0
77
0
56
1743
0
0
44
523
2
63
1
0
0
1
1
4
1
24
2413
1
0
0
3
13
6
1
0
2
13
0
0
968
3
1
3
52
1
643
4
0
0
0
0
125
8
7
22
12
296
0
5
887
7425
1
0
0
173
0
9
6
104
7
8
0
1058
39
0
9
0
0
48
7
12617
5
19
66
0
15
3
3
1
156
310
17
9
1
3
2
13
2
0
39
3
1
13
0
4912
0
0
0
1279
29
0
16
60
17
0
63
82
0
55
3
1
228
26
1
0
9649
1
68
7
217
1
462
1
0
0
0
7
0
6
1
0
15
1997
0
1
0
0
2
8
1
0
1
956
6
0
0
24
0
0
289
0
0
0
23
0
1
13
1
0
12
0
3
1
22
0
0
0
0
0
0
1
48
4
2
83
4295
0
0
12
4
33
19
0
1
4
0
0
0
0
8507
1
0
1
0
4
0
0
2
736
0
144
115
0
0
3
0
238
2
0
104
0
0
1
574
1
0
0
0
76
992
3
0
2081
1
0
1
23
1
1
0
0
1
0
0
0
1
46
23
18
0
2
0
11
83
1
753
1
2
0
0
27
147
23
2
15
13
22
15
13
83
3
0
20
0
3
1
0
100
0
63
0
0
70
55
1
0
0
477
4
1301
422
0
11
14
5
0
0
176
0
110
2
17300
23
0
0
0
0
55
3
8
1
0
3
2
5
3
2
56
0
0
20
2491
84
11
0
0
7
16
0
0
3
216
4489
0
2
1
34
1
405
59
0
0
27
1
0
0
2
1
2
6
0
138
112
0
9
211
0
40
1
2
112
5
0
58
0
65
5
4
2
1
2
1
0
0
0
52
22
41
53
1
0
0
0
1
0
8
5
11
0
0
0
4
0
1
0
0
0
103
29
0
0
0
0
3
0
2647
1
0
9
0
0
6
0
346
1
0
14
0
797
0
0
1
0
0
0
108
1
0
57
94
1865
0
1
12
126
0
283
86
1
0
4
0
11
0
91
0
3
28
0
0
1
0
5440
0
2
3
0
0
6147
0
0
0
173
222
2
0
0
5
0
0
2
19403
64
0
0
8
1
0
808
61
14
0
0
469
0
2
0
2
0
340
0
1
0
41
0
71
0
0
1
102
728
0
4118
32
0
33
3
3438
720
1
0
26
0
0
7778
0
1
55
0
328
0
1138
0
0
0
0
3
0
2
59
2
5
45
2
1
1
4556
0
253
182
32
23
0
0
6
0
1
0
0
87
1
2
61
0
289
29
887
2
0
0
7
16
2
1
2
6
0
0
0
1
3
0
75
0
6
0
34
11
0
0
0
0
2969
0
7
5
0
3
0
8
2
118
1
0
0
0
90
24
0
0
6
0
0
276
1013
6
0
9
0
0
0
0
0
2
0
0
0
0
0
10
2
19
135
38
423
0
1
0
0
1
0
25
28
541
6
0
0
0
71
0
0
3
8
3
15
0
106
0
34
0
0
2
0
11
5
0
0
0
1
0
0
4
165
5
28523
0
0
0
1
338
1
3
1
1
53
118
4
76
7
84
1
8
0
4
477
0
149
15
383
0
23
38
11
106
41
3444
45
1
0
0
0
0
0
110
0
0
1
1
1
0
1
0
4061
0
0
174
296
137
0
20
4
2847
10
36
1
5
1
0
0
0
527
2
0
645
2
0
29
3022
0
178
0
0
0
0
35
6
1
0
15
20
94
17
155
219
82
0
19
142
0
0
1558
0
191
1735
0
1
56
5
2
0
3
2
0
11
554
0
2
12
4
0
0
177
1
0
0
1
0
0
1
0
0
200
0
3
1684
16
0
0
0
0
4
0
0
0
0
73
3
69
14
108
2
52
9
71
19
0
10524
263
22
7
126
592
3
0
66
0
1
0
58
1
5
0
146
1
14
0
27
0
0
19
0
0
8848
1
418
2
0
17
6
0
1
0
0
0
0
0
0
0
1
0
0
123
0
0
0
21
0
0
284
13
27
3
0
31
9
3
4
0
2
0
2067
556
0
0
0
9
0
0
0
0
454
94
0
2
0
0
0
0
0
0
46
0
31
7
10470
4
1036
0
0
1
2
3
1
2
216
0
0
0
6985
0
17
0
0
7
2
4
3
1
0
1
45
1864
6
0
0
0
0
9
73
11
91
31
6
2
0
0
6
0
1
0
22
1
0
1
14
0
0
0
2
3
0
14
5684
3
4
0
0
1023
2
2
17
12
0
6
0
4
0
3
0
1
4
1
0
10
0
4
49
92
4
2
0
0
0
6067
1
213
3
1
1110
206
10
935
5
0
296
1252
0
0
0
0
0
0
126
9440
0
0
197
1
0
320
0
0
3
73
6333
3
1
1
0
1
1
4
0
6
0
5539
54
5250
229
0
2
1
1
11
35
0
0
3
0
0
0
0
0
0
4
6587
4
12
54
0
69
0
0
0
1
87
15
2
3
0
28
2
157
351
0
0
2
0
0
6
37
147
0
3
0
0
6778
69
1347
118
458
742
3
8
1
2
1
2
0
28
0
1
0
0
57
10
1
3
14
4
14
3
8
0
0
0
0
6923
0
0
2880
0
116
1
1
0
63
132
1127
347
32
37
25
141
0
98
10
0
0
254
3
9
0
1
80
3
5
1
7049
60
0
13
0
0
1
0
673
807
0
1
2
0
324
0
0
0
12
641
2
0
8
248
0
7973
5
4
5
0
3
7141
0
191
437
2
2
1
0
92
0
0
38
0
62
39
0
241
0
6
1
0
11
14
2
13
46
0
0
6
404
2
7228
9
3575
1
1
1
0
0
0
3
0
113
2
41
13
0
0
0
0
0
1
209
2
3
0
1
1
0
2
75
0
7271
3699
6
1
16
0
1
38
0
320
1
0
20
0
5
0
91
0
1947
732
2
27
23
180
1
0
1
15
86
20
4
7317
3
47
70
0
1
9
1
0
0
0
1
0
35
4
0
0
0
892
3449
5
20
351
8
3
2863
167
18
0
20
1
7356
213
0
1
0
1
4
2
1
1681
4
2
0
1
0
1
106
0
8777
3913
0
179
1636
220
75
3
0
1
0
0
0
7391
0
0
650
0
1
6
3
0
11
1
0
5
1633
0
26
0
0
20
95
0
18
0
0
204
0
5
5
38
0
36
7406
2
146
0
0
124
0
0
288
135
96
136
0
0
0
0
162
3
51
153
0
0
1
6
43
16
0
0
0
2
0
7428
0
0
0
1
0
96
0
48
3
432
0
0
0
0
0
0
1
5349
25
554
0
13
2373
0
21
0
4
1
0
0
7446
746
10
563
69
1
1
332
77
3
6
1
4
0
6044
0
0
0
364
141
2
2
2
0
30
0
0
20
0
3
2
7470
26
0
0
155
1895
0
0
0
0
12
0
0
15
124
0
0
1
0
1
868
1
36
48
35
0
2
22
2
0
4
7479
39
2
1
1
12
0
0
0
20
1
14
383
11
11894
0
0
44
0
76
113
1
31
6
0
1
22
40
245
76
72
7498
2
0
5
116
1
1
2
1
2
8
1
520
64
0
0
1
19
0
0
611
404
0
23
17
123
15
0
0
0
4
7508
1
2
28
0
889
8
0
0
3
12
0
0
0
7
12
0
0
4
47
3
1
495
0
0
821
0
13
14
0
0
7523
6
10
2
4883
3
184
1
53
1483
54
9
5
156
3
0
0
7
1025
0
1
8
17666
1
2
8
0
0
1
128
34
7525
158
1
0
19
0
0
204
0
755
366
0
0
0
6
0
0
0
4
0
86
0
0
0
18
2784
0
1
17
0
1
7549
0
0
0
13
0
2
0
13
0
1
6
7
0
24
0
0
0
3
507
1
1
1
3
0
4
876
1
12
0
0
7552
8
9
0
1
0
0
14
1
0
4
0
114
6
26
1
2
0
96
20
0
269
0
1
775
0
0
0
0
4
2
7560
18
204
2
6
0
66
0
0
2
13
1
47
0
18
0
0
0
1032
1
0
0
3
3
3
6
0
1
513
1
3
7561
12
23
11
0
0
1
44
0
379
0
0
0
157
4
0
0
0
70
1
2
4
1
0
0
0
19
3
0
2
0
7562
57
0
6
18886
0
0
0
0
29
1039
15
0
0
2
87
0
0
10
1
0
1
57
20
0
0
0
1
0
0
0
7564
14
15
1
59
6
0
0
0
13
2
41
0
0
5
9
0
0
0
83
34
0
1
0
0
2
0
6
96
0
1
7583
15
232
12
19
19
438
1
1
6
473
5
0
1365
0
0
0
13
5
26
1
8
5
0
4
1
9
0
98
1
0
7578
2
0
0
0
53
13
1214
1228
92
1
0
4
155
4
6
3
0
2311
6
0
21
0
232
0
49
2
4
3
0
5
7588
36
1
0
1
14
413
1
14
8
2
0
15
11
1
6
0
0
11
0
1
1
0
127
7
0
17
207
0
0
0
7590
0
445
5
0
80
0
2
2
411
0
0
0
12
10
0
0
1
1
0
0
2
55
18
0
0
1
4
27
1
209
7579
566
84
15
0
2
4
0
3
197
0
357
0
5771
2
13
0
32
0
0
1
60
135
0
0
2
0
3
1
0
0
7584
0
26
7
0
1
466
0
0
679
129
2
487
0
2
8
0
1
99
1
1
16
0
11
6
1
1
3
2
0
2325
7579
42
0
0
6
1
99
6
0
9
0
0
5
0
2
0
0
0
9
2
0
0
0
3
1
19
1
1
1
0
23
7578
10
14
0
0
97
153
0
0
0
0
5
0
605
2
7
116
0
3
0
2
81
0
1
0
1
0
0
6
0
15
7577
3
16
3
0
0
0
117
0
0
0
0
3
0
6
578
0
0
232
1231
0
6
0
0
0
0
0
0
109
0
66
7576
0
754
0
555
173
0
5
0
0
0
2208
3
0
0
2
1129
0
2
57
1
1
101
1
0
6
8
3375
12
0
1
7585
86
0
21
1
2
0
1
1
25
1
1
1
0
6
2
6891
0
0
0
9
0
9
5
0
0
7
621
0
0
1
7570
0
0
1
653
0
0
16
0
227
0
308
0
7384
0
6
22
0
0
323
0
0
3
136
4
2
0
1
0
2
584
7579
0
0
1
2
67
20
89
0
2
2
0
4
0
390
6
1
0
0
0
0
0
1
0
2
0
0
3
0
4
0
7563
0
0
2
20
4
0
0
219
0
0
94
0
0
330
1
0
0
6
0
0
0
24
0
2
1
0
5
22
11
19
7558
13
2
136
0
0
20
0
2
0
0
14
1061
119
0
6
0
10
50
595
0
0
0
0
0
1
1
84
0
58
164
7555
1
4
0
2
0
0
4
0
3
1
0
8
653
40
4
0
1
105
1948
37
1
2
3
0
9
2
13
507
438
27
7547
128
5
1
1
5782
4
13
0
0
4
0
0
366
10
1
3
4
0
0
181
452
0
20
0
0
4
71
716
0
12
7551
0
14879
0
0
0
4
1358
0
345
0
0
0
21
0
5
0
1
0
7
2
0
236
0
56
1
0
3229
0
173
0
7545
0
1
2
0
0
38
1
0
2
0
0
0
5
1
0
0
0
0
1
2
622
0
909
725
1
0
1
0
0
1
7541
2
1
0
0
0
1
2
122
4884
1
0
5
4
5
0
0
1
0
0
44
1
0
0
0
0
15
0
2
0
2
7526
4
2262
100
6
0
79
155
49
0
0
13
27
50
0
0
2
297
5
8119
0
1
0
4
0
0
1
0
0
0
1
7534
153
0
315
0
17
14
376
1905
0
1
0
36
30
12
1
0
4
0
0
2
1
0
8
0
329
0
0
2
133
3
7522
0
2
0
0
2141
18
4
1
0
0
0
0
0
1
24
2
3
0
59
1
0
0
0
0
0
1
0
3
0
13
7525
6
0
0
1
1
0
0
0
2
1
1
4
25
65
0
25
1
3
0
110
0
0
3
63
3
26
0
0
3
0
7516
11
0
0
8
0
0
7
1
807
0
0
315
1
0
3
1
31
142
0
211
0
31
1129
41
5
0
5
1
0
3
7508
0
0
5
1
0
2
9
0
1
7
83
15
157
90
0
262
0
0
8
0
1
0
1
153
3
1
9755
2
2
4
7506
0
0
41
0
344
18
3
400
5
0
292
2
0
27
1
0
2
2736
1
0
0
0
1
83
0
0
2
5
0
4
7503
4
2
0
4
1
21
2
1
0
0
3
0
112
0
0
743
0
0
0
0
0
613
0
581
0
0
1894
13
3
0
7504
9
0
0
0
0
10
0
0
2
0
994
0
1
32
0
0
1
17
7
0
2
0
165
4
0
0
0
0
0
8
7487
0
0
0
653
0
0
0
0
1
945
1
0
36
468
1
1
0
0
2
554
36
1
2
0
3
6
1
0
0
0
7484
13
4224
17
1425
2
30
0
0
1
551
0
0
0
879
8
16
0
2
0
14
6
0
0
0
0
27
1
2
0
242
7480
569
0
2
37
0
88
0
0
0
0
0
74
45
531
0
5135
0
1033
48
3
60
9
6
0
427
1
1
1
4
231
7472
1
3
1
4
364
0
145
124
0
0
0
1
1
32
1
2
1
24
0
0
1459
138
16
1
0
1
0
34
0
0
7476
5
0
13
0
0
7
28
69
0
1
44
0
0
0
0
0
0
2
5
0
16
13
0
0
20
25
0
0
1
0
7474
0
0
0
0
1
7
1
80
0
1
0
0
0
46
1
16946
0
13
12
21
7
0
12
0
0
5
3
0
0
1
7468
2
26
26
41
1
3
135
0
1586
0
0
12
0
19
1
164
0
32
0
1
0
10
0
1
0
1
2
27
0
69
7462
0
0
0
965
24
0
269
0
1
0
2
28
277
0
0
43
0
0
0
0
1
57
0
2
2
10
4
2
1
4
7467
48
3
1383
369
6
0
0
1
6
0
440
11
0
133
1
8
134
1
1
0
0
0
0
2
4
0
0
886
0
2
7466
0
18
2
1
34
7
0
0
0
0
576
0
52
1
29
949
2
0
2
1
0
1
2
0
0
67
0
5
0
0
7452
4
905
11
0
9162
0
0
81
11
0
0
384
1
18
0
9
0
1
3
0
0
0
0
3
14
1
1
69
4
0
7451
0
0
0
0
345
1
0
220
0
0
0
4
0
0
2
873
5
130
528
4
1
2
0
1
0
0
0
4
1
672
7439
23
1
8
15
0
6
0
0
2
0
0
1
0
0
0
3
19
3
289
39
53
1
0
0
0
166
0
12
1
1
7444
1358
0
23
136
7
5
31
0
2
0
0
0
1024
55
0
1
0
0
68
0
33
287
3
8
5
0
0
8
0
9
7438
10
26
2
844
0
0
7
0
373
1
2
0
784
23
0
2662
0
7
69
7
0
36
4
45
0
94
1
4
271
1
7436
39
11
36
135
2
4
1
0
0
0
0
0
0
0
0
81
0
30
0
0
0
0
0
0
4
0
0
0
0
36
7438
2709
723
21
85
0
3
1
295
0
14
18
12
5
1
0
2835
6
5
0
38
7
0
0
13
2
0
0
36
89
1
7428
1377
13
0
3
966
12
0
2
0
0
0
0
0
0
10
26
0
3
0
1
0
1
0
0
5
5
70
0
523
54
7437
6
0
0
2
20
39
0
38
9
0
0
1631
880
1
0
13
0
381
0
0
9
1
18
0
0
3
11
0
0
15424
7425
11
0
4
5
90
1
161
4
0
0
0
1
1636
0
1
0
0
0
15
45
0
3
2
0
0
0
0
0
1
19
7434
6641
2
0
16
3
2
90
0
0
0
0
0
0
0
0
1
106
0
50
1
0
0
24
0
0
0
0
8
0
6
7425
0
279
0
1
2851
1
915
0
0
0
24
0
4
89
1
590
0
0
6
1
34
15
1
0
0
0
18
2
0
0
7427
48
0
54
3
0
5
69
1
0
28
0
0
552
3
160
0
0
393
1
16
3536
55
0
0
0
0
0
1305
0
4
7421
0
0
0
5
5
0
124
0
6
1
0
0
0
0
0
1
11
4
0
3
0
0
2
0
0
13
50
0
0
1
7408
0
3
3
0
172
0
199
216
0
83
1
13
2
0
0
1416
3
2
0
0
0
21
229
0
0
0
19
43
0
0
7409
0
0
5
0
1
53
3
0
0
11
0
23
0
0
1
0
7813
26
0
1
1
1
34
8
0
0
0
0
3
4
7416
10
0
2
99
0
12
9
0
0
0
33
0
6
0
0
0
3014
0
32
10
0
17
0
0
0
0
1
1
0
0
7413
19
2
2
90
0
0
0
0
11
0
1
0
9
0
0
0
2719
0
26
0
0
99
2
20
0
1
1
113
0
0
7416
377
4
0
1
46
0
0
0
0
1
11
373
22
0
0
1
0
0
19
5
0
19
1
0
3
5
7
0
0
0
7402
1
239
0
8
2
5
838
363
2315
0
5
49
0
145
1
1
1
9
0
8
42
0
210
1
1
0
0
0
7
0
7404
0
0
0
303
16
31
3831
1347
4
0
0
60
73
39
3
1
11
0
1
348
0
2
0
0
0
0
1
0
1
49
7400
781
0
8
0
6
12
1079
0
259
0
0
0
1
0
0
439
10
644
1
0
88
17
2
16
10
2
0
52
3
13
7402
0
1557
0
0
2004
67
0
1
1
1
0
1
0
28
0
1
5
0
30
0
0
2
0
0
10
577
1
0
0
15
7385
16
0
4236
68
34
1
320
0
88
161
0
0
172
2
1
0
367
0
550
0
0
9
0
0
47
0
0
1
6
0
7386
322
0
3
2
0
1
0
11
36
113
35
8
0
9
0
695
4
382
11
3
1
2
1
3
20
0
0
1
0
2
7380
4
38
4
12
0
7
986
24
4
0
1
0
0
3
0
1
28
17
6
0
287
2
1
0
159
3
1
18
4
0
7382
9
0
0
1
6
83
5
2130
13
0
0
1551
0
0
0
0
0
0
0
0
0
485
0
0
0
0
0
15
0
1
7384
0
43
4
1
0
0
2
12
3
0
4503
0
6
1
1
0
72
2
0
0
31
0
1
3
146
0
0
0
0
10
7378
18
2
43
0
0
0
484
0
0
0
67
8
784
2
7
0
23
1186
41
0
0
6
4
353
4
0
0
7
1
1
7370
1590
0
58
0
46
0
18
0
2
373
245
0
184
6
0
88
2
0
4
33
6
0
1
2
0
0
0
0
0
0
7381
0
0
232
0
6
18
0
0
1
1
14
0
0
2
0
0
0
1421
0
1
7
0
2
270
0
0
0
28
0
66
7377
2
0
0
9
0
248
0
0
0
0
0
8
262
1
0
113
6
6
19
2
0
0
31
513
0
0
22
6
5
2
7367
1
0
326
0
46
0
878
21
0
138
0
0
219
0
0
4
0
273
16
16
2
4
136
21
16
2
1160
0
1
0
7365
1279
73
0
35
36
2
0
470
6
1
23
4
0
2
310
0
328
0
0
12
19
1
0
0
0
32
0
0
6
8
7364
0
0
2
3
9
6
24
0
2841
7
0
2
7972
6
533
0
0
193
23
0
72
159
1
0
0
0
1358
0
663
0
7364
0
0
10
2
2
230
484
0
0
631
0
0
4
0
0
0
0
0
81
0
0
19
10
0
28
0
4
0
0
0
7354
1
273
0
3
0
21
24
0
6
13
0
0
0
0
3
0
0
17
0
10
0
0
12
0
5
0
0
0
1
22
7351
0
2
10
4
6
0
0
0
8
1
0
0
2957
93
2
340
9
0
134
0
1
0
0
12
89
0
1
0
0
0
7350
8
7
0
0
0
2
0
0
0
4190
5
0
0
0
2548
6
105
0
1
12
0
19
0
0
5
0
3
15
145
8
7348
0
366
0
1
72
0
0
7
0
0
0
18
0
0
1
0
0
7
79
5
0
2
2
167
0
0
0
5
1
2
7333
0
13
1
71
5
17
242
22
0
0
0
0
1
24
0
0
9
1
10
0
2
0
0
502
0
0
5
424
9
0
7335
47
3
35
477
1
2
0
77
3
0
1
6
0
5
2
324
0
9
0
3288
3
1
10980
2
1
0
26
0
46
0
7334
15
0
1
0
64
0
34
172
0
1
0
32
0
1
12
0
0
475
1
51
134
1
123
0
0
411
3
29
167
0
7331
2
1
0
2
9
0
0
5
0
0
20
0
0
0
1
0
144
24
1
71
1
1
4
4
0
13
3
0
0
0
7319
4
1
5
0
2
0
0
0
364
0
0
23
0
2
0
1
0
0
2
453
0
0
1
76
1
121
0
2888
64
19
7323
0
4098
3
8
7
3
132
1
0
0
0
1
0
1
0
3
2
26
0
26
415
0
1
0
0
0
0
2
0
85
7321
1
0
1
9
84
0
110
0
29
4
0
77
1945
372
1
3
1
0
0
0
79
0
94
0
0
1
0
1
13
0
7311
0
8
13
73
2
28
3
59
0
1
627
9
1
0
41
0
1
32
0
1
0
0
1
409
4
8
0
11
8
0
7312
1
0
49
0
2
3
5
0
4
801
58
0
167
0
0
4
0
0
0
141
0
1
0
74
0
88
1298
11
0
1
7285
2
79
0
5
0
11
5
4
0
112
0
0
79
50
0
10
93
0
19
428
1
0
1
26
2
0
0
0
0
527
7286
0
1
0
4
1
0
167
0
41
1593
0
1
54
9
1
1
1
35
0
0
0
0
0
0
160
0
1
5
0
5
7286
0
522
1
166
1
2
0
0
0
3
0
8
2
0
0
26
32
7
1
0
0
7
44
3
1
2
0
1
2
0
7283
50170
0
158
23
17
0
0
0
0
0
542
0
0
0
0
2
31
0
221
2348
0
0
0
1
1
0
20
0
1
100
7285
242
0
8
7
4
12
8
0
5
5
0
0
1
0
0
0
334
1362
0
199
0
3
248
0
0
70
2
9
9
6
7269
131
21
3
4573
0
1
0
81
1
1
4
0
0
0
1
0
3
0
0
8
1472
70
0
0
135
37
4
1145
0
2932
7263
0
0
1
3
0
0
413
0
0
14
0
0
10094
0
7
8
62
0
0
0
0
0
2
12
20
0
0
30
0
0
7262
15
0
13
3
0
1
0
0
19
1
252
4
6
0
0
501
311
1022
0
0
0
0
2
3
2
10
0
2
0
1
7258
901
249
0
27
26
0
6
0
0
75
4
0
309
155
1
0
109
2
1
0
1
0
7
2
0
6
1
46
12
24
7260
7
1
0
0
17
0
42
2
3
1
0
798
0
7
0
1
737
0
0
1
2
0
0
0
79
0
2
0
40
8
7254
0
569
0
788
0
2
0
11
1
0
2
9
90
0
0
15
3873
0
0
19
0
1
3
0
0
2
0
0
3
0
7262
16
1
3
3
5212
3
0
539
0
1582
0
0
0
0
0
24
0
7
0
301
0
0
399
0
1
2
4
305
0
28
7248
116
0
0
0
0
1
0
2
60
0
0
0
0
3
0
18
511
1
274
0
0
1
296
0
13
0
589
5
2
0
7243
1
1
0
0
0
182
31
137
2
0
257
0
1
0
0
7
414
8
3
17
0
19
1
0
0
26
11
184
0
4
7244
2
6
1
1
10
22
3
13
29
21
0
18
37
0
0
0
3
11
5929
51
2
20
184
9
0
14
1
4298
0
0
7243
3
0
55
13
105
109
120
2151
0
2930
0
842
416
54
0
21
33
26
38
0
0
0
0
4
1
5
0
113
120
18
7242
10
0
14
0
8
0
0
31
62
0
2
0
0
53
0
0
0
0
0
0
2
9
0
0
122
40
0
40
0
9
7246
0
0
0
2802
8
6
0
652
50088
0
2192
1
0
0
1
0
3
5
0
12
83
4
0
55
2
0
0
0
0
7
7236
0
0
0
0
0
0
2
7
915
0
0
22
1
435
0
0
240
0
59
1
0
2
0
32
0
0
2651
0
0
0
7239
2
20
0
5
12
147
0
14
47
6
0
1
47
0
1
99
2
0
10
70
0
12
1
115
0
0
0
0
5
0
7241
3
84
16
1
115
0
35
0
2
3
2
6
5
0
2
126
0
6
0
5
6
15
17
1
0
7
3235
0
0
0
7237
3
11
0
66
18
77
409
80
0
2
311
0
0
2
0
0
0
0
8
0
2
67
0
0
55
0
14
1
0
16
7230
0
1
2
707
1
0
423
7
0
23
5
2
1
9
192
0
0
0
906
0
13
0
0
8
0
6
0
22
0
0
7232
9
4
1
8
6
10
3
8369
20
0
47
899
0
10
2
1
1
0
0
0
0
422
75
0
8
1
371
0
37
11
7234
34
26
143
1
44
34
0
7
2
238
2
168
0
0
1
0
6
1
3
232
2
0
0
0
10
1
0
10
0
1
7211
0
535
0
276
33
0
0
334
2
1
19
3
0
5
93
0
13
150
5
1
16
0
0
2
2
0
2
246
3
6
7205
0
45
1446
0
0
1
0
283
0
0
0
9
0
5
0
0
82
25
0
0
45
162
2
0
9
35
0
2
0
1
7210
14
0
0
0
0
2
0
1
0
4
18
0
0
0
4
0
0
118
87
0
0
2
0
0
482
1
0
7
4
34
7204
0
0
1
9
13
1
0
3
490
8
4
0
205
0
6
0
3
163
0
2
19
131
4
3
60
0
0
3
1
0
7210
0
0
0
0
0
70
0
68
2
13
0
0
299
27
2
0
1
1396
1
10
13
0
0
1
44
679
0
0
1
7
7205
126
2
15
8237
0
23
0
3
33
0
0
1221
13
78
0
0
8
0
119
20
0
5
3
0
0
2
2
10
0
4
7202
1
5
13
0
108
422
0
0
0
0
0
159
0
0
30
0
1
4
1
10
0
88
22
4
34
716
0
3
0
0
7207
1
0
0
146
120
2
0
0
37
2
0
3
1
2
15
0
1
344
8
0
0
0
0
2
2
0
3
6
0
19
7199
8
5
0
39
3
65
420
0
1647
0
14
5
0
0
0
0
0
3
0
236
2
243
0
16
5
0
0
160
0
19
7195
15
34
40
38
0
91
0
1822
0
0
0
1
159
0
0
0
0
16
0
6
0
16
5
0
6
8
1
24
0
1
7193
37
0
0
16
4
0
0
0
0
0
0
1
0
0
33
0
0
39
0
0
0
0
0
203
38
3
0
2
0
1
7188
3
1
28
0
82
0
5
0
0
0
1
16
0
0
17
0
1
1
42
0
0
0
18
0
41
80
2
1
0
0
7189
2
1
0
21
6
0
28
11
0
1
0
0
632
66
0
85
0
0
9
0
18
407
2
18
0
2
22
32
1
9
7181
0
17
2
2
20
215
0
0
1
0
4
0
0
21
8
0
2
3
4
0
20
4
5
4
0
0
11
0
4
0
7185
0
10
1
1
23
3
1
0
1
1
0
0
49
0
432
34
0
0
396
39
0
0
0
1
0
128
0
2
0
0
7165
1
5
16
37
1
1
0
0
0
0
31
0
0
0
3
5
8
2
7
18
2
0
3
0
2
2
84
238
6
0
7181
0
244
0
17
34
0
0
100
169
68
11
2
0
0
0
0
21
43
36
1
24
103
0
6
0
50
0
0
0
1
7165
24
0
83
1
0
0
52
0
0
58
0
0
7
7
0
226
35
22
946
2
19
0
4
20
2
0
10
0
0
4
7179
0
2389
4
29
0
618
0
0
0
1
0
791
1
4987
9
627
0
0
0
1
2
0
6
0
0
0
0
0
228
24
7170
397
57
3
877
127
2
121
0
4
3
0
4
41
63
11
1
23
0
14
1
48
21
0
0
0
2
0
0
706
2
7169
0
3
3
0
0
135
2
0
0
3363
1
0
976
5
22
28
37
4
1
367
8
142
375
0
0
54
0
0
20
17
7175
42
0
10
1
2
12
0
59
0
6
18
0
0
0
0
49
0
0
952
0
21
1
1
2
13
13
10
0
0
2
7158
1
16
3
1
3
250
0
0
0
11
0
0
0
0
0
103
2
0
0
0
7
9
1
2
0
777
0
6
8
1
7167
2
22
2084
0
0
0
1
0
0
4
27
19
0
0
5
10
12
0
0
0
0
97
0
1
29
0
38
3
15
1
7168
164
184
23
198
0
0
0
0
1
5
2
63
94
56
3
0
0
0
0
3
34
1
9
0
0
4
0
26
4
3
7153
0
0
2
0
5
5
196
0
0
14
5
0
3
466
1
0
3
6
0
0
3
43
0
0
1
1
0
0
0
0
7155
1381
0
1
0
0
1
4
0
0
0
256
0
0
0
0
0
3
0
0
4
21
288
1
0
0
0
1
5
2
0
7164
1530
0
6
36
9
1105
0
0
0
0
3
3
63
347
0
1
0
0
171
0
3
0
40
53
10
1
225
17
0
189
7175
3
157
629
0
0
38
0
0
1
0
1677
285
20
0
7
0
0
6
0
0
3
0
85
630
3
0
0
2
5
0
7168
3
0
0
1
6
1
0
13
0
12
20
4
3
3
1
203
0
4
2
5
517
1
258
0
18
37
0
1
0
0
7158
295
1
5
23
0
0
32
0
21
45
20
0
3
3
2
1
2
0
3196
3
0
0
0
25
0
4
473
0
0
74
7157
0
5
0
4
1
0
0
0
0
29
0
3
0
1
0
1
4
26
0
1
1
1966
1
2
265
1
0
28
33
10
7153
2
1
0
36
3
2
396
0
34
2
0
0
9
9
10
18
0
1
0
0
0
689
1
0
2
2
0
9
0
9
7166
14
44
9
1
0
0
1
0
0
1
0
7
715
3
0
0
1
0
2
78
1
2
20
2
26
0
3
4
15
9
7158
14
2883
2
87
2
0
0
247
0
0
0
1
214
0
1368
0
3
0
40
0
23
16
3
24
3
141
0
0
4
0
7166
0
0
1
0
0
1
0
539
0
0
0
10
0
17
37
0
0
1
0
309
4
0
0
0
1
21
0
298
14
1
7159
0
0
15
1
1
25
26
1
0
0
0
0
2
134
0
0
0
1
1
96
11
0
1
0
160
0
10
1
5
221
7155
0
1
1
0
0
10
0
37
0
1
3
0
0
0
1
4542
1
14
797
2
0
279
14
0
8
0
0
0
0
0
7168
0
23
5
0
0
0
47
16
15
1
0
0
0
120
0
27
0
21
0
28
0
0
0
1217
0
1
0
1
6
0
7172
29
6
1
3
11
12
1
59
0
0
0
0
0
1218
0
20
14
1
8396
3
17
0
14
25
0
0
4
0
14
63
7152
3
2
0
0
220
0
0
983
0
0
1
20
201
0
0
1
0
908
71
16569
2
0
0
15
0
3
20
12
28
8
7169
0
12
4
23
7
0
0
0
0
0
0
0
0
0
4
435
2
13
16
0
14
0
0
1
6
2
5
0
0
0
7168
0
1
4
0
1
0
39
1
0
0
9
169
1
9
0
0
0
0
0
0
460
595
1
1
0
0
0
0
0
0
7174
0
0
2
0
1
2
0
0
158
1626
90
6
0
7
1
0
6
24
980
0
2337
6
0
0
2
25
0
0
6
0
7169
0
504
214
249
0
291
24
0
1
0
4434
0
1
0
0
0
0
74
145
18245
17
0
0
1
0
119
13
0
5
0
7166
47
0
28
0
4
0
297
0
1
0
0
0
0
0
122
1373
0
7
5
6
1
1
3
1
0
0
0
0
0
2
7159
0
0
4
693
118
16
0
41
0
5
0
0
0
1
0
0
1
0
3
1
14
0
0
0
85
4
2
0
1
0
7154
992
5
0
1
0
216
0
1
0
159
0
1
0
1
6421
3671
8
0
2112
40
1
2
321
0
0
45
0
13
6
1
7165
124.82986450195312