102
191
273
51
0
0
0
0
0
0
748
0
0
0
0
1111
2
2005
3
142
0
8
6
0
0
0
0
0
0
0
0
0
6
136
0
0
0
0
18
0
11
0
1
0
0
0
30
87
2
0
0
0
3
0
0
0
0
0
384
2
0
0
0
816
48
1512
2
106
0
6
3
404
0
0
0
17
1
0
0
0
6174
0
47
0
0
0
0
0
15
15
116
46
0
1
0
0
2
27990
5
0
0
0
0
1
41
114
565
102
0
1
31
2
2
0
1223
2
0
563
0
0
0
0
0
5
0
2
0
51
75
107
0
3
0
0
0
0
0
0
0
65
0
0
16
139
0
0
333
29
0
2
2377
0
0
616
2
57
0
6
1048
2
6859
6
39
0
78
60
0
5
1440
0
2555
2
17
6
0
0
0
76
0
0
2
2
0
88
2
0
0
19
0
0
0
1
1035
2071
0
35
1
3
39
1
551
0
0
0
0
1
53
16
3
1
1
0
0
0
0
0
0
1
0
194
0
0
0
0
0
8204
0
0
0
0
34
8227
0
29
1
75
0
4
1
26
0
0
0
0
0
0
0
0
0
0
1
11090
2
0
0
0
0
8204
0
0
0
0
34
8227
0
29
1
318
1
371
0
0
0
0
1
31
0
0
0
0
0
0
0
0
0
0
0
0
8280
4336
2267
1
0
1
145
24
0
0
0
2
0
0
22
0
827
0
1531
0
0
0
0
0
1
0
0
0
0
0
0
0
8722
181
18
55
3626
523
5
2584
0
0
0
123
24
0
0
0
2
0
0
3
0
1
0
170
0
0
0
0
0
0
0
0
1612
11
30
5271
0
37
1
1546
1
1554
9908
0
0
0
0
2
61
0
1
2
1
0
0
0
0
0
0
0
5
280
1
0
6566
32
0
106
59
0
0
0
4
787
0
30
1
1326
1
2563
20
595
5
0
0
0
1
91
0
0
0
0
0
0
0
0
848
31
231
5605
1
1155
0
0
1
59
38
0
0
0
2
0
0
20
0
1239
0
0
3003
0
0
0
0
0
4
0
0
0
1612
1023
3179
0
35
1
945
2
2575
0
0
0
0
2
58
2
1
1
0
1
0
0
0
0
0
0
0
2065
0
0
0
0
0
8204
0
0
0
0
34
8227
0
29
1
1798
1
1827
0
0
0
0
2
31
0
0
0
0
0
0
0
0
0
0
0
0
8280
4336
2267
1
0
1
145
24
0
0
0
2
0
0
22
0
1379
0
1163
2
0
0
0
0
0
1
0
0
0
0
0
0
6566
243
5
337
1
839
1
3492
0
1853
0
0
1
100
27
0
5
0
1
0
0
1
10
2452
16
0
0
1
2
7
0
0
1612
11
0
26
122
0
1
357
72
5
0
0
3
28
0
0
0
51
0
0
0
0
0
0
1
0
0
0
228
3
0
6
1612
11
0
0
0
38
337
0
2830
61
663
0
0
0
1
20
0
0
0
0
0
64
0
0
71
0
4
0
19
0
0
0
984
6
12
467
2525
274
0
0
1
59
63
0
0
0
3
1469
1
0
0
0
17
0
0
0
0
1
1
1
3
0
22875
2350
9921
1160
124
0
0
60
58
0
0
0
0
0
2
45
0
14
346
5
0
0
0
0
1
0
0
0
0
7
839
1
0
0
0
8204
0
0
0
0
34
79
40
2
281
1
379
0
2
138
2520
2
0
1311
7063
3
0
0
0
1
32
0
0
10
109
2
75
0
111
656
139
0
1
256
9
1
0
0
34
2
2
0
7
0
71
53
24
913
63
0
0
0
8
0
2
0
71
0
54
6833
47
0
2
59
65
0
2
557
3
0
1
44
0
0
0
2
0
1
0
11
28
28
54
0
0
0
0
25
0
0
1612
11
30
886
0
0
234
0
10
0
4
0
13
0
30
0
36
3
0
0
0
0
3
27
0
1
1
1
1
951
1
0
75
0
111
31
0
0
0
0
0
7
636
0
13670
65
69
0
0
1
63
0
0
0
0
0
0
1
12
0
126
76
0
0
75
0
111
31
0
0
0
53
1637
1
1
0
0
117
0
0
0
0
0
364
0
12
0
12
0
0
0
0
0
88
0
1827
22962
12
5
4
7
43
2963
1568
2228
3284
3
0
62
508
0
0
217
24
0
0
0
4
12
23
1
326
0
737
0
3
123
3730
4
7521
7393
570
71
0
1
4091
279
2821
673
169
0
31
3
0
0
253
35
0
15
492
1
0
0
4
13
59
0
0
5
5
1826
29
0
146
32
0
2
25
0
78
18057
36
1
0
0
0
27
0
0
0
51
0
17
1
0
0
0
2
0
0
0
185
6201
111
0
158
44
0
0
0
10
67
0
39
38
31
78
0
0
0
1
36
0
0
0
0
0
56
0
0
61
0
11
0
622
259
12
0
37
0
21
2
37
514
0
0
1
37
79
0
0
0
4
1707
1
0
0
0
20
0
0
0
0
1
1
1
8580
54
8111
25
161
0
0
0
121
66
1
1
0
0
0
3
24
0
147
67
0
0
0
0
1
0
0
0
0
10
554
1
180
295
0
140
65
0
0
0
5
803
0
28
0
89
0
0
0
0
1
118
0
2414
3
1281
9
6
11
22
29
416
832
1601
36496
96
18247
8
802
0
1
278
28
0
0
0
2
6
20
1
336
0
577
0
2
123
2760
6
0
878
3726
0
1
20
90
1604
36496
96
18247
8
9
0
1
69
34
0
3
968
3
0
0
5
7
39
0
0
4
3
1
0
0
4
2
2
0
3
0
76
11394
36304
0
268
20
0
0
157
16
0
2
30
0
3
0
0
0
1
4
0
0
0
198
5
0
0
21
0
0
1
2
0
302
517
5471
253
35
0
0
0
0
73
84
0
0
0
2
274
0
0
104
0
10
0
24
0
6
0
12
0
34
4
0
0
18272
519
1
47
70
0
0
0
5
756
3
0
0
0
74
0
0
0
0
0
1
0
864
0
7343
6
54
8
0
0
0
56
1612
11
0
0
175
1139
2
1
0
1
39
0
0
0
0
0
292
0
14
0
4
0
0
0
0
0
87
0
1929
1
150
3
5285
176
0
157
40
0
0
0
9
29
51
1
296
0
596
0
2
138
1542
3
0
1030
792
1
19332
0
2
1
0
0
0
113
1612
11
128
527
2
0
1
47
8
24
0
0
8
3
0
0
0
6
1
2
1
9
0
670
4
3394
1
1
0
0
0
5
1612
11
30
111
0
6
1
0
0
2
32
0
1
0
238
3
0
5
10
0
0
2
3
0
5
0
584
439
25
0
0
0
0
8204
0
0
0
0
34
978
0
0
960
0
9
0
16
0
17
0
37
0
24
3
0
0
0
0
1
25
0
0
0
0
1035
902
2
0
1
1
35
52
1
1
0
0
0
1
50
0
4330
1317
3004
1
0
0
1
42
0
0
0
0
0
1
0
38
75
1956
188
10
46
0
1
211
43
0
0
0
18
1122
3
1
0
0
78
0
0
0
1
0
234
0
18
1
14
0
0
0
1612
1023
1790
0
4228
0
1145
59
0
0
0
92
2
2
1
0
1
2
31
1
347
0
724
0
1
51
190
2
0
1146
566
43
69
167
8
1514
46
16
0
0
48
23
0
14
449
2
0
0
8
13
64
0
0
5
2
0
0
0
10
1
2
0
2
0
162
372
9549
21
0
1
335
25
0
2
37
0
9
0
0
0
2
15
0
1
0
363
2
0
4
44
0
0
2
3
0
5
75
17971
4543
35
1
28
0
0
224
51
0
0
0
2
279
0
0
131
0
0
0
2
0
4
0
46
0
17
1
0
0
0
75
0
111
31
0
0
0
5
1502
2
0
0
0
74
0
0
0
0
0
1
0
25
0
3004
4759
2
0
0
0
34
0
0
1612
11
0
0
28
286
0
283
0
0
0
2
23
0
0
0
1
3
567
3
0
0
0
1
0
0
0
1
0
331
1
19
0
8204
0
0
0
0
34
79
40
2
281
1
379
0
2
138
2520
2
0
1311
1826
8
15233
0
0
0
0
0
1
33
0
0
5215
352
0
0
1
77
75
30
0
0
20
2
0
0
0
9
2
3
0
7
0
18
50
0
4
0
0
0
5
2
2
0
302
517
80
90
2
0
0
66
83
0
2
764
3
0
6
34
0
0
1
1
0
6
0
45
4
76
88
0
0
0
0
4
1612
11
0
0
28
1025
0
0
225
0
3
0
14
0
7
0
40
0
23
2
0
0
0
0
3
26
0
0
0
1
0
949
21286
0
30
0
68
75
0
0
0
0
0
10
75
0
725
6343
7742
0
0
0
1
58
0
0
0
0
0
0
0
11
0
186
326
305
2333
18
0
1
69
66
0
0
0
23
1185
3
1
0
0
64
0
0
0
1
0
199
0
19
0
5
0
0
0
1
1035
2949
0
3081
18456
1
228
1
149
28750
0
2484
149
0
0
0
104
2
2
2
0
1
5
40
1
265
0
566
0
2
32
1428
3542
185
623
0
64
34
29
0
0
1
0
436
2
0
0
3
2
74
0
3
85
9137
475
1
0
212
295
0
476
49
0
30
2363
25
19961
193
0
50
361
356
0
4
1
0
601
13
0
17
4
7
399
2
1
0
0
1
0
6
0
0
0
0
1
0
5104
370
93
0
127
0
3871
7
0
237
1
0
0
0
130
0
0
0
4
1758
16
190
42
1
451
0
1
3
0
0
5338
0
14845
0
49
0
1
5
340
0
0
1
2
0
1311
4151
91
0
15
423
73
3
585
366
5
0
7
2
117
0
2
105
0
0
169
1252
29
268
0
38
7
1
0
50
150
0
0
0
2581
3
240
0
1
0
22
4949
0
61
0
0
695
2872
0
108
2181
5
696
7874
2948
3
29
2105
0
32
20
7
4080
24
0
370
843
0
0
6771
277
0
19
717
52
1
444
14
0
65
65
6
119
2
440
595
1
8
20
19635
23
204
0
5
162
2
3
0
0
296
5
13
0
55
4
3
0
971
186
4
288
0
70
2
0
0
0
0
210
1
6444
301
1
1
0
47
0
5501
6371
0
2
730
0
8
0
13
1
13
1
1
5
101
492
2936
9
0
17
2544
5302
0
763
92
55
1
7
0
0
0
0
43
0
0
0
0
0
0
13
0
0
0
0
0
3
1
0
0
0
0
0
0
692
424
2639
254
0
28
60
62
0
0
0
0
0
0
3
0
75
1
0
0
0
0
3
0
0
0
0
0
0
28
0
0
5302
0
763
92
55
1
7
0
0
0
7
1
0
0
0
0
0
0
20
0
0
0
0
0
0
31
0
0
0
0
0
0
511
321
21103
16
6203
103
2
2
4170
115
786
41
0
103
10
115
255
3
39
0
19
1
59
0
0
0
223
15612
1
8
0
222
6725
617
59
338
16
1
6
0
744
587
2
0
1
0
320
1
1
0
10
1
42
3
1
146
2
0
1
3
0
0
214
1
2775
77
0
848
4227
955
89
0
30
24
0
51
2
4
0
148
5
1
9
0
382
1
3
1
11582
183
2
13
5
1
0
9
192
0
7
0
1
5
0
0
0
0
0
0
418
2
0
0
0
14
6
0
968
0
2
758
280
5
0
0
3
49
116
625
5669
12
7
162
60
2
0
112
17
500
136
0
0
3096
1081
246
2
2
4
0
0
0
90
75
669
3
0
1
19
0
1
184
561
4
55
602
82
31
134
0
1
0
9
0
14
22
0
1
0
8
47
3
1799
0
78
555
0
11
0
2
5
0
5
102
147
20
24
114
0
533
22
19
3
335
7
3
1
1099
90
11
26
0
1
2661
1030
0
5
0
1
44
0
0
58
21
0
0
185
2233
2
65
149
8
265
0
1
1
210
7
126
1
1
0
1
44
987
0
58
10
1
1
4
0
2
11
0
8
3
55
13344
3413
0
2
14
15
1
0
2
20
6
2
0
22
0
304
2
2
23
6
0
4
0
14
5
3
5
5
1
0
52
8
3510
0
11
390
1
2
10
44
7
6
0
63
0
0
70
7
0
1963
6518
5
12683
0
0
0
619
2115
6
1
0
0
11
2
10834
14
9
117
1223
1
42
2
81
0
361
4007
9415
0
1
0
6
15
0
16
5
1369
0
0
7741
636
1
13
3
1
0
234
1185
5
2
0
0
939
42
0
0
0
93
959
22
14
203
1333
160
0
1
1145
3177
0
4
1
2
466
0
13
3
1
0
0
169
145
44
19119
6
2050
149
0
6
313
8
0
0
2807
7946
1
256
151
1
0
0
4
20
4
28
0
317
0
0
1
60
1
40568
2
15955
1078
0
1
1
4023
0
1
2
5988
0
6
1
1
2
17
3
0
5
0
9473
630
1
19
2
1
0
1199
68
62
3999
23695
680
112
0
23
288
1551
11
0
18
1077
737
111
1
6
29
236
0
0
0
7
0
0
0
0
0
3
0
0
0
2
4294
62
134
75
0
1903
2
375
1
15
0
2
7808
0
0
14
9
1302
0
0
0
0
0
1135
307
83
3
13
90
49
75
0
6
642
84
4
2
311
15
0
0
3
1168
73
0
1078
4377
1
1
0
1
115
0
1
21
1
491
1
1
418
0
0
0
0
0
12
153
0
231
0
17137
10
402
890
0
0
1
223
1
0
14
5
0
0
5
245
15
226
2
33
26
6
0
0
264
8
508
1
26
714
692
0
25
1801
977
172
3
21
3
1
0
296
14558
1126
3
2574
5
1020
15
0
1
1
5
2
570
220
9
6
12859
2804
3
2
127
0
0
0
18
45
251
0
3
0
0
0
84
0
0
164
5
2
0
8672
2
18277
4
1
0
0
0
0
1506
0
0
0
0
0
3173
11
0
74
138
0
36
178
56
3
0
17883
1426
2207
976
391
222
13
4
110
11
1
1
1
33
0
2722
422
5
3
835
19725
59
0
11
2
0
0
4
1
475
3
716
660
64
0
0
0
41
0
0
0
38
0
0
0
0
0
48
8298
34
0
220
3
0
175
2
3
0
12
7
0
18820
2
402
1011
118
2
11
118
157
259
14
0
588
679
0
0
0
16
192
0
0
0
9
89
0
0
0
34
0
0
0
212
0
187
134
8
0
7
2
1
2
8
0
3
15704
0
0
105
0
28
62
487
4953
70
2301
0
1794
0
0
0
0
63
508
264
1
6
30
48
81
9
0
17
0
0
47
1
0
2
534
23
2
1722
5669
12
7
162
60
2
0
1373
6829
9
2
0
0
7
8
0
0
0
0
411
98
22
0
57
1095
16
3
1
5
0
2
0
12859
1322
228
21
2462
12
0
15
361
0
20
164
0
0
0
292
0
636
7216
4
54
1721
10
1
1
2275
0
0
0
0
65
1
5211
8065
11
6708
0
2
0
2681
2
29
0
0
863
1
2
0
21
2047
75
1
6
7
45
77
0
557
4
5
0
97
170
0
335
0
88
17
210
0
0
0
0
86
1
7
0
4
449
0
417
31
925
29
0
1
7920
0
6513
79
0
10
0
0
0
0
38
41
519
0
0
0
0
0
0
949
28
722
1415
3
36
439
5
1
0
5
0
4
6892
121
41
0
0
0
91
4
522
0
16417
4510
52
381
12
0
0
292
943
0
0
2
202
0
8488
53
15
0
0
0
3
5
0
452
2
0
8
4
7
0
2
1
320
1099
27
0
1
108
16804
0
16
1158
11
3
60
343
1
79
0
29
0
0
55
10
20
1
64
20
3
2
0
5850
0
3
14616
22104
167
4
159
0
526
63
3722
63
338
0
75
2511
3
0
12
340
69
0
9
1
183
0
71
3
1
0
69
137
146
0
19314
5203
389
38
2557
2920
0
17
166
1102
70
0
5
28460
1201
44
0
0
0
112
44
7
1
1
0
39
0
4
19
4
450
0
12153
51
0
296
48
0
27
1
1
0
0
2
139
49
592
1
4562
740
1
110
233
1
0
0
2244
3099
23
18
5468
1352
8
0
10314
75
1039
5
556
91
2791
143
6
1
3204
1256
9
1
28
0
0
0
3624
10
1
874
5
0
35
0
16
0
0
10904
62
5
8518
1371
1492
1
52
12
2
1
1
272
0
0
1
35
0
5367
715
3
31
4
1
0
14
22
0
0
0
84
2569
0
0
0
5485
31
17926
4
1538
12
0
92
1901
0
504
6134
13
303
0
0
0
0
0
0
128
1
9844
1128
7
91
415
5
1
0
5
0
5
0
13153
2458
5
1
0
0
3
54
1
0
0
17
2
1
1
0
1261
3
65
435
12
55
0
1
9
130
906
0
0
73
8796
7787
14
0
0
4964
0
48
0
0
1162
786
2
33
0
8
0
0
0
0
0
314
28
6
798
34
0
1
1
1648
0
7
2816
286
20
251
1
1
94
7
7
1
14
1
163
49
6
8
49
2
142
0
10
0
10741
769
0
4
0
0
0
11
169
0
6625
26845
3930
0
0
6
5
108
1
118
0
369
0
563
0
0
70
2
0
9
29
1
251
595
1801
8
2193
92
21
0
49
173
1294
512
5
0
5
0
38
3
0
0
0
0
10
0
581
0
641
1007
0
1
0
0
0
0
1
0
14
27
3
2
24
8104
147
0
567
0
196
11
813
8
2
232
505
3769
7
12
691
8
0
0
11
1375
3820
289
0
0
20
2447
1922
0
1
4
139
1
320
12851
841
6
0
0
0
63
83
2
0
14
0
3782
847
0
31
14
26
0
0
41
13
4
31
9
0
20
0
1375
0
0
169
0
0
40
155
16
0
4
0
762
0
0
20858
10
0
2
0
666
30
267
0
1
17
7
2
9
0
0
9
0
4
13
390
592
167
0
18
0
4077
23
11
0
4
1
9
0
1673
0
201
1
147
0
329
0
0
0
0
42
1180
3
0
2944
6
4372
2360
10
49
463
817
2
5
1620
73
1089
3
10
0
3
0
1
22
361
2
2
2
0
12
112
120
5
38
2
73
0
2
0
11049
17533
383
2
1
1177
0
33
2
3895
58
0
12
22056
0
1259
0
2
3649
0
0
0
2174
47
2
0
23
1
34
32
6
1
87
0
127
26
115
1
161
0
2
170
54
2
1
2
64
1
0
3428
1052
0
0
0
36
336
44
5
10
0
6
247
13
0
274
1
9565
1826
534
0
1
0
0
712
28
2
507
0
285
0
10
10087
0
983
339
1
9855
486
211
0
9
261
7
3
0
1
3251
176
56
1314
0
0
1
0
7268
35
5
0
220
0
268
49
922
1
521
4401
2
0
1
0
0
58
1
636
0
4
14
1562
17509
69
2202
92
0
0
11
1
39
8
0
10
95
0
1
2148
3888
0
0
0
0
1
6
8
1013
19
0
20
1
0
0
1
30281
536
0
70
1624
74
0
2
91
247
0
12
0
0
0
6
5
2
0
209
0
52
2
2
1
70
0
0
0
11
29
600
6419
477
3
42
0
109
290
2
0
7
6928
135
0
110
1
1
1562
0
127
15
1
22
199
1061
269
0
9
111
53
1
113
6
4238
712
314
1
6
347
1
25
12
1667
0
187
0
2971
1
1056
1
0
0
23502
41
0
0
0
11
60
11
55
0
4
26
1239
1882
414
4
0
1280
1450
1
6
248
5
71
105
5
0
0
442
5
13
0
2
3
61
0
9356
70
3
0
2
81
125
0
22
7619
7
166
281
0
19
38
2074
27
23
1351
27
0
0
0
21
300
1
1058
15443
0
2
17
0
3
0
0
0
1
0
274
0
1898
41
4320
2484
225
0
4
76
357
0
0
0
48
0
0
0
0
0
190
0
682
1
1154
0
0
15
868
10
3
908
0
65
622
2
8748
373
2
1
1423
25
2
3177
26
0
0
3449
0
18
79
502
75
2
5
759
119
86
621
0
0
0
78
323
0
0
132
8799
58
424
1
6
221
47
38338
44
181
0
0
226
4
2
0
957
61
3
8319
0
447
19
0
0
2
7
3
1
8
511
2357
20
172
104
0
0
170
1
467
1
8
2
4
0
137
0
13
0
0
0
137
8
0
57
39
12
3
21
0
844
2
3
2095
38
4063
2228
0
140
0
17
243
11
80
13
134
3
1701
4
8
1105
0
5
2
0
0
2
10
6
0
0
0
36
928
40
12451
8301
6484
56
965
0
18
0
213
2
25
0
17
1
2
3
68
0
14
0
2
80
0
0
4
1
0
0
43
2
74
36
9912
4
336
0
1
89
2
52
57
3
1
714
45
0
30
0
0
0
310
0
3
0
1
90
1
7
0
1813
19
0
1
0
34164
206
210
122
0
6
0
1
17
56
3
32
0
0
15900
131
1
1
0
0
3
1
0
1
0
32
4
20
2
34
0
360
314
726
10
1
11
5
1
1
10
0
280
9
77
0
0
0
11
0
63
1
0
9
0
1
1
0
1033
16
14
5
1
4
12859
15026
0
2
1
0
9
278
0
8218
0
0
1655
639
22
0
1
197
0
5
2
0
1065
70
767
1
35
0
0
0
0
27
12859
140
112
18
0
208
0
0
13
5
531
0
60
0
7
1
5
0
10641
0
9
0
53
585
10
6
27
28
1
0
104
0
9260
10
299
50
0
61
1
131
4
10
2
0
0
0
237
14
0
85
77
160
629
12
17
3926
212
0
0
2
0
1
2
434
147
5327
129
366
3612
430
0
11
86
841
5
141
329
0
55
0
0
0
546
2529
1256
0
2
3
38
0
330
0
0
1
6
0
15746
54
699
1
117
853
3
0
1
941
10
0
152
3
2
0
12
0
6
1
0
0
0
0
87
149
134
0
1626
97
40
8
5639
4619
27
539
309
0
6
21898
9
1
0
10
10
10
123
0
6
67
1
5
674
74
83
0
42
0
0
0
116
5
6
0
1887
40
3824
8
8
12
2
59
4
3
1
2
1
2
19
9
0
0
737
0
3
1350
1
0
0
2
161
0
0
1
5
0
440
595
1
8
1
0
215
62
269
260
70
4
1
4
21
0
186
7
1
13
5
359
0
0
0
54
0
1
0
0
4
5
9005
635
3011
1
30
0
0
260
1
73
3330
0
14
15
0
9
0
1
0
2014
5217
392
1
0
8
0
1510
146
0
7458
0
8129
15605
1
4
22
60
0
0
739
0
0
24
0
177
5599
0
16
0
4
1
279
23
1109
0
21
2588
6
42
1
38
0
29
75
1197
19847
4487
360
0
0
9
22
54
2186
21
6
1
14
0
15
292
0
0
122
311
11
0
62
193
0
3
18
2
0
15
1
90
9394
634
1547
11
369
1
2
5
8
318
10
77
11
1
1422
493
0
29
1
1
0
2
0
0
7346
273
1962
0
0
1
0
147
1716
5
0
166
13252
6223
0
1839
8039
37
112
865
87
5
1129
51
0
0
1084
326
3
32
15
234
0
0
0
123
0
0
0
847
1865
28
5
22
204
22
0
19
11
0
0
1
22
0
655
6
4
4
22
27
58
129
6
21
0
8
0
307
1
0
69
16
2883
14
87
1
34
4
0
1
2
4229
460
0
4
0
3
410
0
27
0
553
161
7456
3
92
94
0
0
332
0
255
0
87
24997
1
100
130
3
0
182
0
0
7472
95
1
4
16
3189
27
0
2
3695
9
51
0
23
8
15
0
0
0
222
2285
0
23099
20263
2168
18
0
97
13
302
300
0
0
3
4167
3
28
0
103
2
1
1
334
2
0
27
17
1
4
15
37
1
16
0
9749
629
12
264
1
43
3
1
0
0
50
725
15
45
10
0
0
14
5
2
11
1
0
1
0
0
203
25064
1
43
0
24
1197
19847
2201
2
2
0
2
49
0
42
18
2996
3
7
2
7602
226
0
3
3
0
0
646
2
2
385
0
0
0
0
615
117
18401
2
1758
2876
138
75
3
13
0
1
246
3
7
765
3956
3
128
3
5
0
45
537
0
7
446
2
2
6
0
0
11
0
17
18
54
15026
18
0
4448
2671
55
78
1135
19
0
0
0
0
263
4735
0
4
1
0
1
4
0
250
0
36
0
0
0
2276
1621
5
19
6392
11
236
59
883
3
0
0
58
93
39950
661
7
0
101
6
0
0
9
6
20
0
0
2
0
3
10
2233
1
1887
40
1449
3027
101
0
82
286
0
0
34
38
8517
4
3
2947
89
0
168
146
9
0
0
0
0
34
975
14
2657
0
0
0
169
210
330
0
980
8220
0
86
2
3
0
1
1
212
2
213
210
157
0
0
4
127
0
0
0
76
53
306
0
0
0
0
1826
16
25
0
32
568
0
37
715
0
0
0
270
0
1
3005
1
159
462
2332
403
366
2
10
606
4743
252
2
458
1
1
0
31074
1
0
34
20
0
7
0
3623
5
0
0
0
0
88
2
11359
2
230
0
14
0
1146
12
0
2
0
81
1
6535
5791
5
48
532
244
16
4
967
9416
5879
0
135
152
217
83
0
102
587
0
10
2
80
1
0
5
63
0
1
0
0
929
0
1984
6854
2919
294
1292
2
43
0
2
0
25
1
3
3
0
0
5
0
41
13
0
178
1241
2
0
1485
2
36
6900
50
47
0
14
0
185
2233
89
3822
1363
1241
1
0
2
0
220
0
2131
119
0
1
0
0
1422
45
14
711
43
0
998
415
1
90
27
31
6529
380
6
11
22
317
1
0
675
1
0
28
0
417
42
76
20
3
5
0
2
0
176
52
0
0
6
0
4
0
441
20
1379
0
3566
10106
197
15
0
0
1
2
1
89
1
2
2
12
1
60
0
0
8
49
0
3920
186
25
0
105
0
1
0
3
268
0
12169
3
101
32
2
17514
177
85
0
0
0
0
2
482
0
0
11
58
0
0
81
41
1770
31
118
18
30
8
3
255
0
1
28025
828
0
367
375
306
61
44
2583
281
27
0
32
7
43
5
0
71
0
1
9421
1843
0
0
0
0
12
0
0
0
1
36
2095
0
80
0
112
1204
220
2
0
0
3116
0
74
2
4
1
6539
0
710
10
0
0
16054
2304
0
49
6
0
0
2
0
4
24142
1460
2
1018
0
1
37
4358
0
6112
12
0
2
0
0
7
0
0
29
3
128
8
0
0
39
0
5
2381
2
15
0
0
38
16
9693
1
10
0
1
4
79
220
0
0
1
1444
0
31
0
2
177
1
54
547
0
1
3
523
1
0
174
81
2
205
10834
14
9
3
334
61
130
636
0
7
1620
13998
90
5
1
2
48
500
1
0
4
2680
956
2
390
0
0
0
2010
14171
6
0
18378
1
5
0
417
0
1758
242
2
3
0
46
58
0
744
0
5
0
2
0
10422
111
0
2
0
0
108
0
13
4
30
2
23276
37
149
138
42
31
84
1
3
141
1
0
15217
372
2
2
0
19
2
15
3
0
7840
185
0
19
2
1
0
186
76
113
26565
3
887
20
0
0
117
769
1694
24
285
2251
152
0
8
47
283
0
0
0
773
5453
25
0
1
0
1179
1
94
146
1
0
132
566
0
1851
11315
28
14
15
127
62
111
0
11
1173
2
153
0
0
97
2
2
0
630
14
29
1
1251
355
0
2
1
131
18943
20
0
0
2
11
0
15880
2
756
1499
19
17
25
8
0
0
0
2
2
5
1
36
13
0
0
3
0
0
5
262
5
1197
22
314
54
0
0
0
225
0
1
139
685
0
41
192
0
3
0
26
214
58
3
20
8
4027
2827
405
101
2
3
4
6
390
724
0
538
4413
1
36
3
1
0
32
0
4608
4
14
27
424
1488
50
907
1483
2386
0
572
0
0
242
8
0
295
30
0
2030
10226
0
0
276
891
15
1
25
1
0
1306
65
3
2
0
0
2
0
0
976
181
0
1701
313
30
0
0
1
0
1
176
8128
870
354
3
0
14
0
8007
16
2
0
0
485
0
0
47
2
23
4
313
0
10
57
5084
82
0
1
0
372
0
0
0
20643
186
2
79
0
6
0
507
0
12
15
94
1
0
2372
0
1
121
28
7
120
1781
15
0
32
2414
0
42
0
0
0
1
87
11544
2616
32
1
103
10
2
403
0
0
3
0
31
52
0
0
0
147
9
4
4
669
1
0
86
0
72
243
0
74
3296
6
31
0
78
0
191
495
0
0
77
14
3018
294
7
66
30
53
1
4
0
2
1
3
0
35
1
0
4679
118
0
18
3286
7092
1
24
246
0
0
9305
99
145
1
10
134
45
0
79
84
296
0
1
0
4195
1
0
2224
0
0
71
1214
12
1913
1
1
185
14158
277
13
29
11
1
0
4
28
0
25
29
0
0
34
652
7
0
1718
0
0
0
295
123
1
0
3566
1
431
3760
1
7328
6091
301
0
61
0
65
321
0
48
24
7
11
126
46
38
43
6
0
2
104
10
24
0
1425
0
196
367
36
2
10
2
185
18
96
3816
629
17
3
0
0
0
7099
428
2
0
640
11
0
0
10694
7812
0
0
4
32
0
4009
45
0
0
94
2
0
320
447
0
4
4
0
30
11
5
2
1
8
0
0
39
2
15
2
36
0
1
0
0
91
0
97
2
0
2
0
2
5038
1621
5
19
250
640
1
817
1
2
949
540
1
96
1185
0
1
2
0
12
5
1
0
2
0
0
304
2
1
0
0
0
383
10534
8
1
0
0
3997
6
5377
3
194
2
0
3
129
0
0
0
568
0
6974
0
1
36
0
1
0
225
1421
0
3
10
13
23524
564
1172
1
9441
1
638
7
12298
0
5
0
410
0
19
2
10
31
1
386
1
1719
492
68
32
0
1
28
0
0
1
27
274
1
9934
0
0
0
0
0
0
10
8
2
4
0
122
44
22
0
11
26
0
1701
1194
4
2
703
340
1
4
57
0
1
994
407
0
0
84
74
0
1
5
691
4
1
83
0
9
0
0
0
1
0
55
41
908
3807
34
0
1
1
70
226
1
0
30653
10
8592
0
51
0
2
2
36
0
21
0
12
0
0
135
1
0
1393
54
0
25
0
927
0
0
0
2
1897
0
5
102
192
0
0
0
95
119
2407
0
0
0
519
2
346
1050
204
0
345
14
6
93
1
1
0
1526
749
16186
205
0
4099
31
0
50
9111
0
0
4
1
0
587
53
1
21
16
433
183
0
34
149
1
24
3
0
0
91
2703
11
1722
0
0
0
0
48
7
4
169
0
0
497
10993
10
5
0
3235
0
0
1580
82
0
64
6
0
27805
16
0
1
194
2
825
0
1
212
0
1
59
4
0
2143
7303
16989
57
2
119
2
1
211
30517
2
186
39
3
1858
1
2
2
4617
0
0
0
13
57
0
2
4
0
4
0
21
1
19236
2
1725
26
0
1
3
0
55
0
0
33
4
0
0
12658
3647
6
9
0
10
255
1
1
0
0
0
1
67
3
0
0
38
4
1403
11067
0
24
49
652
1
23
364
47
3
50
8
0
26
1
0
0
200
201
0
16
0
1
225
963
0
16
64
10
5421
21
1
18746
735
19
0
0
27
0
1
362
1
0
6
203
0
0
0
16
221
6326
0
37
2
6
120
0
0
9
743
157
31544
25
0
5077
6771
186
57
26
0
30
0
0
3
341
6
0
2
18
2
3948
4
9
0
2014
5
0
0
2
5289
40
0
4
83
930
0
13
0
10546
1
1
1587
3971
0
1
0
2662
0
2
1507
0
0
31
0
6711
1
0
20
0
0
2
4
0
106
4
25517
0
5126
171
1
5
3831
989
0
1402
1337
114
0
0
5299
2
3034
2
0
6513
68
0
2
223
0
0
0
258
2
149
7
37
1621
5
19
331
65
5
0
147
0
2
1
1
7530
357
1
0
3
0
73
1
29
0
236
2
4
0
27
54
13
3
0
2
87
2111
736
13
0
11
0
0
1
0
21
0
0
15
13
1828
4
0
4
6
81
8
63
0
43
614
0
4
27
0
0
0
38
77
3045
352
0
365
16
3
9
368
11
0
26
1617
1806
8
4
3879
124
116
8
0
0
53
3695
0
82
0
214
106
118
46
2520
1412
0
0
176
2377
1
87
34
1
7381
28
0
3
0
31
0
1
2
1
0
0
7
3
0
81
397
175
42
1
1
1
12859
2527
0
69
0
0
0
3
125
118
0
6
23
0
0
3
0
2452
27
20
3
0
0
1
116
10
4
7
152
3
2
0
21794
3787
0
9506
832
138
1
0
1
0
0
1103
453
3
0
7
0
2192
0
3
0
1425
313
984
929
7
69
0
3
0
4
0
5470
93
897
0
0
53
33
0
18940
0
976
3
263
0
0
2
248
0
1
64
0
1
2856
6
1
39
52
3
0
0
2
0
38
877
4
0
622
0
6224
2
0
229
0
0
0
22
237
0
21
0
0
0
0
0
0
85
6
0
0
141
29
0
3
0
3674
3
5
0
1355
49
3
6
31
0
0
405
0
0
46
0
2
1
0
0
0
10
86
0
88
13
1
0
0
0
155
6109
8179
28
10707
139
2
15
0
62
788
1
1
0
17
1
51
27
2
49
720
0
0
0
0
0
0
89
1
3
11
0
2
33
185
2233
256
2
4
6341
47
0
872
0
0
0
0
0
30
0
7713
1116
0
0
5
2
8
5333
2
257
274
218
1
0
2
305
320
4880
9
3716
86
39
4
17
0
4
7423
178
46
4
9
0
1
38
4
55
3
1296
474
12
0
0
0
43
0
0
0
8
3543
79
7
22899
3
2264
1396
0
832
3
37
61
0
8
5
0
85
4
1
2
29
195
0
0
0
0
0
0
4
1
185
526
5656
727
211
100
18875
22
6
174
5
1
23
14
0
48
0
697
13
0
131
215
525
10
4451
1
93
0
96
9
1
21
133
9
185
2194
151
1767
7127
1
163
31
60
7
0
317
0
0
0
0
0
0
40
0
0
778
0
10348
28
0
0
1
0
1
0
1
14349
4
9
16893
4
0
5
0
33
29
0
2
43
0
139
1
0
32
0
1
3
0
5
0
0
2
6
0
0
1
0
0
12859
8749
0
24
0
0
0
4
2
5
0
3
41
0
8
2
1
12
0
669
1
1965
27
2
0
6
0
0
0
1
19
2
12859
3262
69
0
110
856
0
0
67
10
0
0
8
265
746
0
0
18
431
1
4
0
61
0
133
0
4
0
0
60
69
6
20470
6479
0
14
686
20
1528
0
0
1540
2
1882
0
1
18
0
5
4
2
10
0
3830
0
0
502
0
0
0
0
0
2178
15
28
977
214
7
7860
1
17
85
20
0
123
0
1860
6
1
162
714
5
2
17
187
1
0
2090
8
0
226
0
17756
21
49
45
6
110
15659
38
1
931
0
1
0
524
125
17
0
141
31
158
10
1
10
25
3
0
7
2
0
3672
1
379
0
28
0
25
6464
2
0
0
2349
254
495
0
10
0
7
0
0
0
22
1
1
176
2
0
2
1
7
4
3
0
7301
160
0
0
0
5
1104
3456
38
475
0
0
14678
1
530
245
0
24
130
1
0
2
87
0
20
2
132
0
2
141
0
2
0
0
0
1
14
5
274
140
1489
0
154
0
59
774
1
874
0
4
0
58
0
2
390
0
0
10
0
57
0
1
0
0
0
5428
5
6
0
1
4238
2331
575
1
0
4
60
132
30
0
5
22
1
1
1
0
183
1
0
4
19
253
27
8
0
63
278
2
2
2
309
1
274
1
9565
6475
0
39
0
2
9
48
1
9
0
1
2
2527
6
265
0
4
877
1
0
43
86
3
2
0
38
5
7
0
163
7662
19
5
0
285
33396
12
0
656
34
19
443
144
0
6
6
0
5
422
1
120
1
96
1
0
18
2
0
40
15
1
14992
1445
2403
41
160
0
0
0
0
0
0
1715
0
0
2119
94
2
1
1
0
0
189
1
3
0
0
0
0
0
0
54
6
509
379
389
1
27
1136
19
11
139
8
0
4
0
4157
0
2
21
1
1
0
0
0
25
3
1
0
0
25
1431
29
0
14
314
6
1055
0
11
0
26
0
1
13601
399
0
2
0
109
6
22
0
0
0
1
0
0
1
35
1
1
59
59
5
1
96
509
4138
0
1
63
1
381
1
0
3
2
201
11
2
0
17
0
637
9040
1362
1
3
3
0
1
20
1466
146
165
0
1
11
9825
1
285
5304
845
1
71
0
31
1
0
5
0
2
0
8
0
20
1
1
33
71
1658
675
6
12
25
33
0
0
0
0
8618
28807
2889
37
2
263
106
1
0
2534
5
0
59
7735
457
0
341
0
0
0
0
0
0
4
36
578
43
0
1
0
4
0
12859
12055
5929
2
73
2652
0
250
0
730
101
21
9
0
54
595
0
724
0
231
13
0
11
95
27
0
5
217
0
0
1
0
5470
93
1324
6810
5
1
1
2
0
17399
230
8
781
18
6
0
0
1
2
42
1
2
3
1
0
9
6
3
0
0
0
0
5021
18
1
2955
38
0
2556
7
1
4919
1182
3
1
0
0
9
0
0
0
0
0
748
15
424
2
1
0
1337
19
7
26
0
147
6381
13737
0
0
0
11487
153
1
1
0
1
0
0
2532
0
0
0
7
0
132
4
0
1
3
4
0
7
0
2
0
13
3542
229
3736
107
0
15031
5
4
0
1
0
0
109
91
0
10
154
1
11
7
322
6
0
1
20
1
2
1
0
0
12
8
8948
0
1401
3
5
1
0
0
48
5
9
472
3
24
0
0
624
6847
168
18
0
754
1
1
32
0
3
38
4
0
215
7
19739
181
1
16
818
5
4981
474
0
1
2
12878
598
0
658
6
2
0
45
2
21
0
5
224
0
0
2
18
101
0
1
0
8651
0
143
113
1
114
0
1
865
45
55
0
4368
8
94
0
5
0
1
0
128
0
0
255
38
885
1067
30
176
5
0
0
87
2111
6000
22
0
0
341
23
13
56
1274
1
3835
0
4
12
0
364
23
2
0
19
0
0
51
0
0
0
43
23
310
14
147
30
286
2
29
1
825
0
23
0
20
0
135
33
1
15
8
0
23159
9
8
0
3
29
0
343
2
0
22
0
83
6
3484
661
48
0
5
0
0
0
0
493
1
0
188
0
0
0
4
0
4
0
297
11
2
0
14
127
0
0
227
4
23
0
7840
112
5
12
85
6668
44
1
754
3
0
19
141
4
87
30
1
1
0
153
0
2
2
0
0
2
53
1
1
6
44
0
38
2
239
2828
5
0
25
0
0
8154
11
239
0
0
3
48
0
0
26
1
1988
0
1
42
0
10
0
1
1
72
106
0
163
16317
5
5
59
3274
0
0
2
190
0
0
8762
22
635
19
457
185
0
18
1
63
27
132
0
100
15
201
14
31
0
2
10048
115
3315
12654
0
1333
52
0
13
5
0
0
9
5
4
0
0
978
0
297
0
0
0
49
8219
0
0
53
0
0
4155
181
3274
490
5204
13
0
156
9
0
41
359
40
128
28
82
0
10
99
72
0
30
112
0
1
0
0
88
7
0
0
3382
42
1
10525
1
108
22
1119
1310
10
11
3
1
2
0
2
386
0
31
1
3
21
5
108
0
22
2
0
89
1
0
0
0
1
38
3417
9894
33
4
0
31
9
0
1
4207
85
43
146
15
0
8843
135
0
22
0
6
0
6
20
0
0
42
2
8
117
0
0
24501
1880
4242
2
0
220
2128
464
37
2
3
38
1
123
3
10
0
445
1
0
3
983
0
0
0
0
2549
19
651
1
1
26
0
3398
38
908
3
204
5093
0
37
0
1
0
32
0
52
0
0
12
12
0
0
0
806
224
1
1350
94
3
1542
59
29
1
11
2267
18
3
22
19
1083
0
275
1
0
1256
2
0
159
8989
1
2
5
162
25
0
1
15528
0
0
7
7
26
1
5069
9
3497
48
2
15309
159
17
21
4
0
603
398
0
16
3
89
0
0
6
362
2
3
3
2
0
5
0
16
196
1
0
4
0
20078
0
2
0
0
67
2075
1379
0
269
45
88
0
0
0
0
35
1
0
0
0
10903
190
2
0
0
1
1
0
1
9
3
38
2104
7857
418
77
0
41
51
0
0
9
2947
593
94
0
42
6
470
1
27
0
2
425
1
6
144
77
1
0
5
6
27
40575
499
5
5639
24
0
0
0
3
112
0
44
0
0
1
321
1
438
0
1
0
55
3
8
0
0
407
3756
268
0
3
63
6482
120
5
1
1
5
3
0
90
17
12
2
2
24
0
13
5
3
0
0
3
0
42
1
16
0
0
0
0
0
7
0
793
175
1
559
4078
0
0
0
1085
2
0
0
0
333
0
451
0
10612
28
2
1
3941
204
0
0
0
3
231
0
6
0
1756
7043
39
0
9773
1
0
417
208
4
1
1381
629
3
2
32
205
0
0
122
0
58
212
0
325
53
0
35
1
2
881
31
162
6
307
3
710
11
1181
0
24
0
511
0
8007
1
13
1
1
20
75
1
0
9
0
21
1
0
72
61
160
0
0
9924
7
3016
6335
12855
28
0
39
3
417
651
5503
5
1
2
609
3
5
231
3
3
2
0
1
713
2
11
4
0
3
2
329
0
0
3559
297
5286
1
5
6
18340
1012
168
19
0
191
243
24
0
0
0
1582
0
0
0
35
3
130
1
3
55
0
3
1
0
10201
3326
22
0
23435
1
0
26
1
2
0
10
144
1
126
6
0
1
2374
23
0
0
312
397
735
178
6
0
2
0
5
61
3
11
6132
22347
12959
11
3158
0
1
3
81
0
22
4
0
42
3
0
0
24
9687
1
1
0
73
43
0
0
1
18
19
2
0
21723
2829
16
5
8839
2080
19
7
3
5
0
6
0
0
0
1
11
19
14
0
715
582
12
2
4
0
0
61
0
67
0
0
509
3379
11
4
0
224
6441
128
6
3
1
21
1
205
2
10
135
148
18
1
3
1
2
1
0
3535
0
379
0
28
0
17
1197
69
203
1249
1708
0
3768
1
2
0
509
47
18491
64
356
0
4
40
4
1
1292
2
0
0
0
18
0
1
0
53
0
7
16538
0
11616
11
0
13
0
12
1
62
0
13950
323
1
0
9
0
0
1
1
0
0
0
0
8
1
1
136
2
0
0
1
6526
3186
251
19
4501
63
0
0
1
42
38
0
5
0
1
4
0
0
2
0
1
384
9
0
1
0
75
0
0
12
0
2
36280
240
695
2927
10
34
1
15
0
24
0
0
8
1
102
254
0
7
5
0
0
5
29
48
0
1
6
41
71
0
2438
530
2775
16
875
2863
0
32
0
3
12
1
177
1
0
0
0
5
0
0
0
0
0
0
0
2
1
0
255
2
0
1682
5772
1
44844
1756
2
223
124
0
4161
0
154
53
73
0
2
0
1
162
0
1
298
2
1
65
98
0
14
0
0
1
0
0
0
0
4838
12328
556
36
0
1
1
137
0
194
93
1398
1
69
9251
1877
1
27
1
59
0
0
2
32
0
0
0
0
79
28
418
13
160
0
5954
542
3
1
27
9
457
0
43
0
1
5831
303
168
3
119
0
2
1
2
58
304
0
1
704
0
4
259
344
1
18527
2596
1319
670
919
147
1
1
0
0
2061
0
26
89
0
4
6
0
126
16
4
0
16
29
4
1
0
1537
5568
2
5
0
37323
6129
347
0
1
0
0
142
3
0
2881
10
2
0
0
195
757
0
22
0
2
38
0
0
484
17
0
0
0
0
118
7
30348
25
61
5042
1
0
1
11
2276
12
4780
313
1
13
1048
0
92
0
0
0
3
90
4
22
0
0
14
0
51
639
1
2
12734
616
12
1506
0
6554
425
2
9
3947
4
0
0
18
0
0
0
36
420
2192
14763
2830
5
2
2
0
0
2
2
2
1
10
18774
2183
0
232
123
15
13651
138
0
4
0
0
1
0
6
0
5
667
0
95
0
0
30
107
2
0
1
0
5
21
0
1
15374
195
0
114
1
1404
74
1
23
2
30
8219
436
44
0
110
9031
910
1
202
3
1
0
0
9
147
1354
1470
91
5
184
86
185
2194
151
3405
580
372
1
9507
268
6
1
1
4
2
0
0
13
21
7
0
1
0
0
0
1
1
3482
1994
1
6
0
0
1552
5143
13
0
39
0
1
47
8
6
0
0
72
5
18
1
3
0
20802
505
0
5
10388
5
356
1
0
1
3
0
164
1357
87
10076
0
42
1320
0
2065
4334
6
162
0
30
1
0
273
10198
559
102
0
2
1
6
0
0
1
0
151
2
1398
20
1
47
22953
0
218
0
69
205
0
48
6
9
457
4
138
3
2841
1
0
2
11
2
10
3
0
438
3253
42
9
3
29
3
6
1
87
13382
158
18
3
49
0
9
1111
952
0
2
26
4
1
5
98
0
64
43
0
0
8
0
1
1
1394
5
32
1
0
1
12590
211
4
24
0
1
12211
10
1964
0
3
0
67
360
6
1424
1118
1
41
0
35
1
12
374
18788
142
2
1
9
53
21
166
6
0
0
2228
5419
2663
2
0
32
89
23
0
0
7
0
2
42
21257
13
0
0
5
74
701
45
3
53
7
24
70
0
0
10
49
1
10645
1
7442
169
2
205
0
209
0
0
1
2
15627
1632
0
995
137
5
2
0
0
11
436
5
1
0
1
2
18
5211
264
0
0
37
0
538
2
89
0
1
372
2407
2
1
2
81
0
0
1
0
1986
8
2
314
3
9
0
0
0
0
1
12859
1238
45
0
5
12
238
27
1
10
549
2460
4
1
0
0
705
0
2
1
1
0
1197
681
9
0
3
42
1
0
885
318
28
22129
0
3
856
1
49
44
126
1
0
5
0
1059
2
0
288
822
1
4
0
3
0
410
40
2
67
29
7
7
49
0
3274
1734
0
0
1593
17301
304
7357
1
0
9
2
334
0
1
10
23
1216
0
32
12
8
1
1
0
0
23
4
0
1020
0
766
320
12851
3275
1290
0
0
37
0
20469
1
7
186
12
0
0
449
0
56
0
0
0
54
23
35
0
6
5
0
0
0
0
10
147
6110
12578
34
1
26
306
0
1
3
0
143
118
0
0
0
0
0
20
16
1
0
0
26
495
344
1
1
27
0
6
0
509
421
0
7
80
5451
1048
22
305
7
22
6
3
0
0
0
245
0
0
0
0
79
0
2558
1111
9
266
58
1
0
87
215
1294
0
0
87
1
6
0
0
0
100
415
10
2267
0
676
0
3
0
56
0
0
1576
415
0
0
2
407
0
0
0
0
0
268
240
9102
4
246
134
0
6
9
53
2
0
9
0
0
31
0
1245
1948
3471
13
10
214
27
0
0
63
2137
0
3019
314
6
6849
13837
243
1204
3
0
1577
281
6
4
12
1847
10
0
0
0
2
4278
702
1485
0
0
1
1
1
7
47
0
311
3
3
1
169
2363
0
0
1
51
0
679
51
0
0
6593
0
7
12
0
0
106
2167
12
0
0
1
74
916
0
20
48
0
41
0
0
2776
25
5
0
341
6
0
0
8924
125
6
0
1
0
0
4
1
12
1
216
26
0
0
0
2
52
0
143
76
35
0
0
61
118
3
0
9
0
2
0
31
1
31
0
119
1
1
26
51
254
0
0
993
0
13276
35
0
2
1
0
13
33
135
0
17522
20
502
0
8
55
317
1
0
7
53
271
1
0
71
511
49
132
0
0
0
5
6
7
8
1
0
407
0
356
10
28
10374
10
50
5
2
0
54
93
4
4
0
0
0
102
0
0
0
96
16
0
1
0
203
4
6
4
0
5565
84
0
2
0
87
2111
81
8
6
114
232
7
25
0
1
0
74
67
123
1090
0
2
3
2068
130
19
0
0
0
0
100
1274
0
12
0
0
24534
2
3
11516
143
1
36
39
11
3
44
71
579
0
10
7
0
0
0
3655
4
121
19
0
0
4
15
1
4
8
0
4
38
332
5536
18
1
7
1132
26
4
0
18
3
313
262
0
2
16248
2315
5
0
423
6
30
1
2
54
0
2
4
69
0
21
320
39
2
23
1
57
66
0
54
9
0
1
74
4
826
1
149
2
12
1
99
2
0
0
0
1
6
12
1
5
17
0
314
1203
0
76
125
0
18
9482
0
5
110
41
0
1144
0
1
14
1024
90
0
12
4
50
38
0
2
14
20
1
0
0
4
7303
837
1
1
7
9
0
128
2
44
0
4
3229
86
1
5
180
2634
0
5021
4003
31
0
0
0
15
208
6
0
1
0
0
38
133
174
2
3
7073
4775
110
1
0
0
2
11600
19
25
97
1165
0
0
0
0
0
0
8
0
115
5
9
0
0
6
3
38
1697
16
0
0
401
0
41
1
0
3484
5
0
0
2
46
0
198
2
30
37
1792
0
5279
449
0
1
3
10
0
0
0
1197
5801
1
134
56
1
3
67
13
0
49
0
47
0
2
1
232
0
9
0
8
12
0
3083
7
0
0
0
333
0
14
96
1197
69
98
4
1
1676
1
7
4
27
13
0
51
0
0
328
62
91
98
0
8579
276
7
36
4
1
0
89
1
0
0
0
278
8374
4
0
3
37
275
391
0
0
0
438
823
222
16
3
179
13
0
0
7
0
254
997
3
2
0
0
0
0
0
1017
99
2
34843
30
0
5841
3
709
1
84
368
2
0
3
0
1396
0
0
332
929
0
0
9
11
22
7
1
24
0
123
0
445
2961
487
840
23
2
0
1
0
94
0
34
0
0
0
0
0
0
0
761
289
0
0
0
236
5
0
1264
1
6
1
0
6
320
722
3
1
11199
3726
2
0
94
3
0
1
3
249
1
50
0
61
0
2
1
0
17
76
110
2
0
12
0
92
0
17
37323
18
0
74
128
0
0
1
0
0
0
1
0
1
0
0
0
1940
1849
1
0
3
69
0
1065
0
10592
166
0
5
0
0
12859
5737
1
763
21
90
4456
0
2
8
1
75
0
221
298
0
0
2
0
0
24
100
2
0
0
0
0
1
0
0
0
2452
3270
0
299
0
11
16
266
85
0
0
7
0
2140
3006
0
3
1
6922
19
638
25
3015
0
3
46
877
0
0
1
4
311
0
12859
3041
301
0
681
30
6
6498
22
2
0
2
251
1
23
313
1340
33
0
0
1
35
25
256
12
2
2
0
0
2
2
0
6805
0
8311
5
20
0
0
0
0
29
34
0
0
0
0
1
0
4
8
0
0
0
0
0
21
61
924
0
0
1
0
0
0
826
67
12959
0
0
1
0
2
30
0
0
52
0
0
27
49
6
0
1
128
1
7178
46
0
99
18
1
0
75
583
73
15975
2818
0
16628
0
14
1
1219
0
0
1
1
19
0
12
1
7185
19
4
2
0
17
1
0
0
0
0
33
43
1
227
0
1379
6541
16
118
24
1
0
672
80
139
4
48
61
0
0
4
2
29
0
2
1
14051
0
0
94
817
15
184
0
16
130
4
8318
2
5
0
3001
7
1755
0
250
27
1
638
3
2
1809
322
0
24
210
4004
0
2171
1087
98
0
0
19814
38
679
0
2
0
33027
2
3232
2
0
7262
2
0
44
20
8
1
2
1151
0
0
5
36
0
0
154
0
9
0
0
2
175
0
50
0
0
63
18669
6
11032
998
4
67
562
7
0
0
0
19
0
34
207
1
0
128
0
1
177
169
6
233
3
0
0
0
33
84
2
0
440
394
3
29
11
0
0
542
123
34
251
71
1
184
0
1
0
285
9
91
0
0
0
38
237
0
0
0
69
0
67
59
11658
3804
0
32
9123
0
23
0
1
0
0
0
469
7665
0
1
0
0
0
1096
2
2
0
86
9
2159
2
6
0
0
1784
0
3165
23
18575
504
17843
2
19
347
2
2
153
3
9435
251
11
60
330
10
1
0
8110
17
0
5456
0
0
1
1
1728
12
0
0
440
394
3
29
11
0
0
1869
106
0
26
151
10
2905
7
0
19
0
1730
0
59
1639
3087
0
1
47
5
0
0
0
81
6
6
23
0
220
0
0
5730
334
0
0
1364
0
0
2349
193
7
275
3
0
3
6620
3
0
0
1023
4927
2
61
114
12
0
51
15187
167
483
2
20
2077
7
0
2
133
3187
83
1126
0
11
228
87
0
2
0
2901
13
9
0
12
1
13576
828
0
27
40
5
5659
53
0
0
5
352
3
16163
0
0
1
0
38
3
2
0
20
139
0
0
0
1
0
0
7
0
0
0
43
4
0
11
4379
41
0
236
86
2214
4843
55
5
1
2
129
0
0
1
0
0
0
0
0
2457
72
0
0
0
3
418
1
0
1029
470
764
659
3578
479
77
0
0
18
1
0
0
996
11
0
76
10
0
3
0
0
0
13
0
5
0
100
0
0
275
0
3
0
0
37323
4
3060
0
0
4
1
0
0
0
13
10
6
1
772
5
0
6883
47
55
0
11
0
2
5
1
0
0
0
0
1
0
355
744
2703
29194
2
0
13
0
775
0
7
1141
0
2
1
23
314
0
0
156
0
7
4
151
1
0
2
0
0
44
0
0
185
2194
18017
0
369
7
1
9
0
5838
719
6
0
7
33
0
0
0
4708
0
4
0
40
0
76
2
3
0
0
1
255
9
174
1341
15137
6
33
16
21
77
0
723
3494
390
4
1
296
14
21
1
1
1082
121
309
0
1
1
0
80
0
150
0
24
0
509
3093
0
0
1452
0
2
4
3609
3772
17
31
1
0
0
151
0
0
1
11
3
8
1905
0
0
2645
0
0
15421
1455
1
0
0
2698
23
1
0
0
1116
14
3
0
7
0
18
0
1
5
0
4
4
1304
21
0
70
0
0
1
0
326
73
106
0
26
147
16020
15
0
73
172
1
228
4582
3143
0
5
12
16
0
22
1018
297
0
3
1
7
0
61
12
0
10
0
0
4
115
114
22296
1180
0
0
780
81
14
0
8435
81
69
1
0
4
0
308
0
5
80
0
0
0
0
0
1
1
1126
4
0
125
0
0
19957
4
0
12050
195
36
1
259
1
3
3716
11
0
10
0
0
15
3
0
3
6
0
33
235
48
0
2
7
5
9
567
4
5104
483
3579
0
791
32
0
3372
167
2
313
30
0
0
0
0
0
773
6
0
192
46
6093
7
1
34
0
2762
3574
0
1614
3
11
31216
28
0
0
353
1
0
75
0
35
0
0
0
13
126
11
0
0
53
304
0
0
0
0
25
0
0
47
0
3
3
12712
0
4148
91
2
0
0
2132
644
288
12
1106
0
0
0
0
921
0
2
619
1
1207
0
2130
0
0
29
2
7
0
195
751
320
1282
712
295
635
5
0
99
0
0
0
0
34
56
163
167
31
0
140
4
16
1
46
487
0
0
1682
0
149
0
1235
73
14460
788
2
1407
6
1745
109
0
0
0
0
1879
4
0
2327
137
1
57
0
4
515
0
1
134
0
1
15
1
121
4
0
0
7165
50
41313
2
1
74
36
6
1319
0
1912
20
1
0
3
21
0
0
0
4
6
1
729
1
14
4
0
0
0
178
0
471
11294
50
0
383
2036
1302
0
55
2283
63
0
0
0
59
30724
0
9
0
24
0
0
0
2
0
0
2
32
217
0
39
0
9243
2510
3
3679
73
11
1
295
0
650
3
17
0
25
1
0
13
0
1
178
192
0
3866
3029
4678
0
303
191
1
655
0
0
0
22069
1
2318
38
481
2674
8
3559
0
2
0
0
12
0
0
2
0
0
6
4
4
108
0
0
149
0
31
4
0
8
2118
4
11
7438
13
796
4
203
0
0
96
72
0
2
3
35
10
0
0
34
5
0
1385
5
3
0
6
3
32
292
72
1
6
844
5940
33134
591
4
21
0
0
784
3
0
1393
3456
52
0
1623
137
9
0
87
0
8179
0
1190
139
11
1
1162
37
136
17
2
2
4220
10
1283
2345
279
4
1
2
5
0
287
589
161
0
2
0
1
226
34
5
8
2
0
3
122
40
0
0
0
37
44
0
7165
50
41313
29
17
0
23
6
0
0
0
56
790
111
3
0
0
199
0
23
126
3
321
835
0
0
3079
5403
15
62
24
2
169
28
95
0
0
0
225
5
0
1
0
1749
1608
29
1
0
772
0
5
0
11
1767
209
0
0
4
81
996
1
7
54
11
5659
53
2484
10
5
0
259
140
0
84
1
2
0
64
1
28
1095
2
0
442
5
1
42
1
29
2
0
0
0
0
0
0
8164
7
42651
2
85
3927
5599
287
3
0
9
25
76
0
169
18
0
0
0
62
20
12
75
0
51
0
0
1
19
4
0
5
9557
1651
9
0
15
529
0
6122
6
29
1053
1
0
74
337
143
0
0
3
0
5
998
48
377
0
0
110
0
2
0
47
39
160
3
2685
1311
7
0
624
0
3
309
0
0
9597
209
17
0
1
1
9
0
256
0
0
1120
0
55
0
0
0
0
20
0
845
6
10
19
0
0
0
0
0
3
10
250
1
0
119
30
11329
744
15
14
3
0
0
79
1
328
25
2
0
0
1724
0
3274
155
269
150
432
1
22
0
2
23
13472
2
0
3
74
9
0
0
66
0
47
0
0
14
0
0
1
3
4
0
0
90
6130
3
4614
0
4
3
20
1
1
0
8
2
0
0
0
0
0
68
8
3
3
0
0
11
15
1
1
0
0
693
2
0
35781
4
2
4476
574
215
93
0
51
1
227
0
0
18
5979
8
41
568
3
0
0
262
214
1
0
0
19
72
1
0
0
3
87
2111
7
393
0
0
16
5
0
2
2
46
5205
47
1
252
131
28
0
5161
2
0
1
800
2048
1
45
5
1
0
12
38
1294
0
0
231
143
0
1
0
0
0
3173
46
9713
1
1715
1929
1203
11
8
67
19
0
0
1902
324
1
20
74
0
0
1
0
3274
6490
0
0
79
210
10
36
2370
0
23
1400
0
0
5
3351
0
0
1
4
0
2
0
5
0
748
0
128
104
272
8
1
47730
2
1
5612
38
5
35
256
1759
25
2
14
45
123
0
0
1199
0
29
0
0
5
9
57
1
0
307
2
83
3425
163
1
1243
7
12
20122
257
4
0
0
1300
1
265
0
7
7420
2773
106
83
194
2
0
0
0
0
31
0
1
7
0
61
3
0
1
4220
64
2
3607
1
967
30
1
6
4734
2
3143
67
1
0
0
6
6
0
0
0
12
284
0
213
10
4
0
0
0
9
15
46069
2
408
1
0
218
4
2712
3
0
7679
1164
87
79
3
0
0
0
0
45
0
917
1257
24
2
0
185
303
0
1
7
8
5
2684
0
48
7595
12397
0
0
76
365
14
1373
69
30
0
71
1
0
6
4
7
1
0
0
0
0
0
0
2
0
0
0
274
138
13
56
1
9
82
0
12
0
1317
545
1814
1
2
18
3
516
0
502
51
23
0
10940
2
3
0
82
26
15
0
0
6
1044
145
0
2
0
83
0
497
0
1
4503
2
20
257
28
75
0
0
3661
0
4
85
0
4
113
1
0
2282
31
679
205
3
3663
12225
3
7449
0
599
224
2
1
635
42
75
0
10
11
215
0
24
1439
492
10
27
0
27
2
0
9198
360
0
44
14
9894
3
259
1
6
2
957
78
37
5784
0
0
6558
99
1
5
600
4
57
0
93
0
3
0
1348
70
70
0
225
486
2
1
638
6879
2309
3
498
2263
1
0
8
3035
45
0
0
0
9
0
208
2
44
8
123
2
0
366
1
0
179
0
0
0
2
437
845
33
3955
4
84
559
1061
0
133
83
1
5
1
3
0
24
0
5
25
0
0
151
3
1
10
0
1
15
425
61
0
0
31869
2
0
993
698
0
9
37
9259
0
1
5
1
0
53
1
0
0
1
102
0
1
0
1070
0
3
64
3
0
77
62
0
87
9
216
2131
30
4
61
20
0
13
0
6
0
0
8032
242
2
5
41
33
0
0
0
55
14
1
1
0
2
0
75
2
6
1046
0
0
142
0
0
130
0
1768
1
64
0
0
39
80
64
0
0
242
5897
35
4
0
35
8636
3
399
100
6
2
3651
15374
2615
11
6
1066
86
25
775
344
1
0
0
2
0
0
0
26
51
2
28
0
1
145
5
0
28
35
0
2
2
626
1682
1709
1134
4
4835
0
25
0
3806
0
32
1
7
0
5
0
45
0
0
0
7
92
1
0
0
0
0
48
0
25
1
2
7
11658
3600
7
4
410
1
9
1
0
13
0
2686
0
11
0
0
0
64
0
0
0
2313
2042
1
6
1
7380
0
0
25
0
6
1767
29
4
427
170
127
0
1066
4
0
9
456
0
0
101
2008
49
0
0
13
0
39
3
530
15
10
122
436
288
2168
0
0
390
3118
198
29
2
3
52
1
0
0
301
28
446
3248
12
1
31
442
0
1
4
1
10
622
0
4343
0
22
0
0
0
0
22137
1
3
3444
0
5
0
2
3
12
4
0
2
4646
4
73
0
67
0
0
0
35
0
17
0
1
6198
0
73
6982
2304
3
8251
96
644
2271
678
20
22
0
2578
500
1348
5
1
0
2
0
46
4829
4
0
1
6
88
215
0
160
2
1
1
28
3
3
509
286
0
29
0
43
16
0
746
4
3
0
3
4
27
1
14
0
0
0
3
7
3
0
3
0
0
1227
865
74
1
2
509
1091
313
16
20
0
17
545
35
3
1396
9
456
26
0
14
16
72
1
25
2146
7
5
6
5
12732
324
1
5
1
0
14
274
1248
3388
145
4
100
0
834
1
777
2132
0
36
0
2
1
13
2
1
3
0
1
0
64
1
0
7
2
59
175
72
0
18773
5479
187
650
0
0
0
1
22468
170
41
6
0
0
2
8
468
0
0
0
2
1
0
91
2014
9
5
14
460
770
0
0
6
0
0
41
2957
9
690
129
0
0
4
47
0
0
0
3
3772
1
175
9
1534
40
0
0
0
1
1
1
6
0
80
3
41060
23
1
21
0
2
417
0
6
18
6
3
0
0
8083
21
0
3
0
6
0
1
0
0
0
0
5
15
8
14
0
2
185
2233
2
2
659
177
124
0
0
1
4
25
0
3
8
2
341
0
0
1
28
0
8
0
1823
35
0
20
1
7
0
0
160
485
2100
18
0
0
2
24
0
11219
163
0
0
5
8
28
21
18
0
58
1
54
4
461
0
0
13
30
0
10
0
2
13169
0
468
2
14
489
0
0
1
0
0
29
6467
79
1
23
1971
0
21
0
0
0
1
112
1
183
2
0
0
462
0
0
87
2110
3
3
24
26
0
29
105
1
0
53
2
0
1
0
0
0
110
6680
211
133
1
108
2
3
2
247
112
89
0
77
4689
12626
0
246
0
12
312
4
5589
3417
2
51
861
200
2
13
0
0
0
514
6332
0
3400
1721
30
0
1
0
0
3343
3
2
62
79
30200
11
54
0
185
7
0
0
0
292
218
11
171
0
0
36
0
0
21
0
0
47
92
5
0
1
0
2
60
4
509
9
433
0
53
0
32
2
0
2078
0
0
0
3
34
1
0
0
0
37
8640
84
3020
16
2
3
3732
17
0
0
0
1
37605
1394
740
4225
1
432
0
1
1409
1
157
0
43
1
36
0
24
0
69
340
2
0
0
3
5328
1345
1
1
0
0
2105
3
509
326
21
638
1503
0
12641
718
68
4
4
96
12
2
2
130
59
72
1
2
487
1
1
1
0
22
0
5
1
1
21
1833
11
26561
0
80
1
8003
1102
0
1
0
0
3
2
0
0
212
17
20
1
0
1
0
560
0
0
2398
423
51
5527
988
3681
0
8
1704
110
155
37
20
11
14
5
127
0
5
10
72
4
0
1135
1641
1099
87
8
2
334
19
268
50
4
0
0
4786
41
0
5519
4561
45
7
7147
472
102
11
0
324
19
0
5019
20
193
4
2
1
1
299
1430
327
12
287
206
17
1
693
2
0
0
2
9325
439
4
15
5120
0
1
80
26
8
2
379
6
26
11313
195
1
0
6121
620
3
11
1
0
0
56
1
0
0
0
420
58
9546
8
0
0
68
26
56
0
2209
0
122
3
18
0
8
46
51
597
57
95
9966
1970
112
114
9
0
7287
1
1
1751
0
1058
440
394
3
2
187
14
0
0
1210
1362
0
10
50
50
5106
0
1
210
2
2
0
10
0
10
1
0
64
2
1
0
0
22
390
142
4618
3
0
2
1
2
187
374
29
1016
6
0
0
0
15
456
4
0
15
280
0
0
0
0
496
0
5
4
0
11
61
118
3
0
153
1
1
800
12
0
0
0
0
0
2
46
2383
8
32
6
285
246
346
0
8
0
0
0
3
0
179
1
12859
8036
837
10
201
1
0
0
3
7568
1
27
80
0
2
45
4
0
0
0
16
0
44
10
16
0
2
33
6
0
2
2
27475
7
1
30250
0
19300
6663
2
686
0
1
3
0
250
3
12029
62
0
11
692
0
1
530
1
0
5
52
0
0
0
25
480
169
497
410
8
0
16
130
0
6468
0
0
188
0
1034
10
35
2
0
82
4784
135
70
4
0
0
746
3
1
170
0
0
3
185
14158
277
13
1
135
15
0
0
25
147
28
0
9955
29
1
0
12331
528
0
8
3
118
13
3
0
130
450
4
697
0
2
3274
2134
19
6
31
9
8
0
0
424
107
285
1270
5
0
1
6
1
191
0
1099
0
0
5
0
11952
244
1
14
2
1
0
42
353
0
301
0
22
0
0
0
0
2403
463
55
46
0
3027
5
3
0
79
1221
2
0
29
22
0
50
1
2
3
13
0
440
394
3
2
187
14
0
0
20
4199
2336
4
26
0
92
2
16
108
0
0
3
12
2295
180
0
1
20
1121
137
1
1177
38
1621
5
19
3
593
3
0
0
978
3
15199
0
862
1
72
0
0
0
195
11804
415
2
1
0
290
0
4954
0
58
0
2
1
440
394
3
29
11
0
0
28
99
0
0
0
956
15
3
0
1
0
708
123
0
1
883
0
3
1
0
3
0
3
2
1599
29413
411
31
2
964
0
127
1469
2062
1036
3
7
222
8
1
0
323
1101
15
4
0
31
1
2
2
404
1
600
36
0
0
70
19186
20309
2
7
14
3119
1
0
12
42
7
1330
792
3
9
56
4880
52
254
0
186
2
0
20
3597
0
0
78
49
17
1
50
0
826
81
9015
8
2
8194
1
0
1
0
2
463
2572
54
2
0
0
21
7
4
1
0
6944
149
0
2
0
107
510
1
18
509
1648
0
0
814
198
5
9
43
45
4
0
75
0
49
1
159
0
0
11
2
0
47
331
14
0
0
4239
7635
103
2
1
3542
229
62
407
522
0
3
0
3
1
0
186
0
136
0
4
9
0
1
0
3
39
4
22
29
8
795
469
1
0
7
125
87
6931
4361
18
156
15
176
1
4008
6
0
3
9
3
0
383
3
13
49
0
0
1630
441
142
435
2
0
105
3694
0
0
7
0
826
3338
9150
1
0
0
1233
5
0
4
4134
315
31
0
97
2945
2
0
0
0
0
0
0
0
23
33
378
0
28
0
44
6222
6708
3
22
0
1
0
5
1
5
0
14
2
0
27
1
0
6
30
0
0
32
0
0
0
884
0
15817
90
0
1
0
19507
3703
5705
3
1
0
171
0
13
0
115
1682
3192
393
3
7
161
687
0
68
7
1
393
1
22
0
4
2
0
0
17
9
4452
37
0
0
195
1317
0
0
1
2
0
1
5
1
0
5376
0
107
0
0
1
35
26
11113
5
2
12
14
95
0
11
0
169
8
3
1
19588
0
3
0
31
0
7
265
3
5
0
0
3
182
24
19
9
1
0
1
1917
2
7
65
95
4
0
1544
5021
2
382
2
1476
7
0
1
36
3
7
0
0
0
0
0
20
12
0
4
112
5
0
684
15
8
0
14
3
4127
103
2
169
210
446
0
115
12
1
0
29
155
0
0
0
84
0
0
0
0
0
0
0
7
0
2
231
0
15
90
0
9
0
977
6613
5
77
2973
12
1094
0
805
1063
264
4
23
337
7
1
0
6
0
2
14
70
33
0
2
12
0
5886
0
15
27
95
0
21869
33
0
3
4
394
5227
1112
3
1
1
29
13
65
4
31
1
1
1
0
22
1
11
4
0
22
0
0
504
125
3
11
4298
49
104
1855
2
2
297
1
190
1
4
501
0
0
2
0
125
0
130
0
1
12108
223
1
14
2927
32
4
1187
0
0
0
2568
0
892
11
10299
588
0
8
3099
30
144
2
143
0
0
0
1870
98
1
0
268
1
46
0
0
1
714
8207
6
84
17
9392
13999
13751
4464
98
14
9
33
13
1091
0
0
0
12392
9
2
2
103
0
0
0
5
287
0
24
4
2
0
987
4825
129
5
4
1110
304
893
1611
755
9
202
2013
156
0
0
0
0
11
0
112
0
3
0
65
1
2
570
1
0
3925
112
3
4
1072
0
0
15335
277
145
870
1
12
162
3811
4
0
41
0
0
8
97
847
1
2
47
71
0
3892
1435
0
27
99
15
1
0
1567
0
2
7545
0
90
0
25
0
483
1
17
0
221
2
0
4
0
3
0
0
3
10
0
0
69
0
0
23
979
1
2
58
3
263
13288
477
1
33
3
29
0
53
238
1
0
0
524
14667
517
0
744
1
0
6384
90
0
296
673
6856
0
25
186
26
24
3435
0
1887
40
377
175
0
214
19
417
4652
67
5
5
0
1165
28
0
35
381
4
0
275
315
23
74
0
1
20
0
1
1
1
0
320
12851
3710
16
3002
0
24
46
0
0
20
31
2
10
0
0
1
2
67
25
0
0
0
1450
0
0
0
1581
3664
10
191
20
5659
53
1178
16
1
132
0
2183
0
0
0
0
378
697
93
0
0
1
372
0
0
0
59
0
0
0
0
0
0
0
4329
0
6285
188
9
1209
75
0
238
3
18
1
0
2
1165
0
0
4
237
1541
269
3
14
2754
6
219
0
1
150
2
4
0
114
2
24277
69
0
17459
4
152
2
0
19
0
503
0
1
1712
1
19955
786
1
0
0
1282
26
34
2
0
0
11
0
136
3
1
9
160
1831
6469
0
57
0
7
0
0
1
1
875
0
0
0
94
128
10
276
0
2164
0
13
2
42
32
4
15
0
0
117
2
404
6697
0
125
2
2
8
1
113
0
0
1
0
3
17
9953
2
98
67
0
92
849
2
282
2
107
3
274
4
1231
0
1659
6
642
84
4
61
9
1
0
15
110
0
247
0
3059
13
0
0
0
26
0
5295
0
110
0
140
1
28
15974
1686
0
0
0
25890
6
1529
234
23
446
1757
1741
22
101
407
13
1
0
2
0
296
6
673
2
0
13
2
155
15
18
1
0
7565
2101
6
0
440
394
3
29
11
0
0
542
226
401
58
0
3526
0
105
958
16
5
3
17
0
53
1
0
12
85
0
0
0
7
640
4
895
1
85
371
5
0
170
161
1012
0
21158
3934
6
0
1
18497
3528
14
2
3342
0
420
3177
69
3
12
1452
12
372
0
0
139
440
784
4
34
804
11884
1
1742
1
72
88
357
1
16
90
660
1
0
0
0
8
5
0
0
0
0
0
7
0
0
0
0
10
105
2
733
2575
10
858
0
2961
690
1
0
2
966
2
15
1
48
7
0
2
16
0
167
19
6
521
433
0
814
0
0
40683
1671
0
279
0
445
0
0
65
2
72
317
0
25
0
3
127
0
0
11590
2101
6
0
1
2746
0
939
0
11
9
6
6
6419
80
13092
12
405
1
0
404
1105
1
0
70
244
76
5677
0
2
1
3636
169
5
58
1
1
0
10
49
0
0
0
88
3
9506
2347
284
0
0
1
0
877
2
2
1825
15
0
2
3885
0
0
602
2394
979
12
20
302
17
2
1
25940
3
0
15
962
9
8106
7552
0
12322
1978
0
0
550
0
1306
2
1750
5
0
0
2
159
154
0
3
0
12
0
0
0
0
1
0
1400
31
1
103
320
1372
22
34
3358
147
7374
2
68
1610
1
42
0
104
18
0
1361
0
0
2
1076
0
0
0
4021
0
26
3
4
0
185
4
28738
0
1
1986
0
0
95
42
0
40
0
463
1306
3
0
170
7
27
0
17
0
1
0
579
9508
3135
0
33
0
1666
0
2
62
611
21968
21
0
14153
8
21
72
1
0
105
1
289
85
0
0
19
1
100
1
2
0
2
0
8191
281
7
31
1
1
0
3566
28
1
42
0
2
458
0
3
2
170
5
583
1520
320
2
4
7
164
0
0
0
35
51
0
0
0
726
0
0
67
0
48
22
187
1294
0
234
22
4
2
11
1723
3
0
225
1
1
11
895
2797
182
3
18
3029
13
147
0
1
78
3
2
0
24
0
2887
24
195
1558
2
0
1428
79
1
1148
17
67
400
17
3
0
1
195
0
1
603
2
1
10
2
3028
3
0
1
0
10
140
27
10
376
22349
0
3
2043
0
1990
0
1
1
23
49
0
57
0
0
58
0
2556
4
113
15
2
0
0
0
27
8
1
34501
23
2324
0
132
2291
633
36
0
15092
4309
49
6
0
6
116
289
0
32
0
49
2784
73
0
85
0
2
1
0
0
16
16
12859
4200
1
1250
0
178
35
4
0
0
1
218
2
0
0
1
137
99
0
536
4
2
3
1
86
8
0
0
0
0
0
0
5104
0
37
55
559
1459
985
211
4
0
0
68
11
2
13110
2
1
1
2
23
8
1435
1
0
0
0
3
10
32
112
0
1
187
11743
13771
33
89
119
1
117
4
0
0
0
0
15
497
1341
0
3
0
0
1
10
234
0
3282
79
0
1
3
1
499
10
12
131
0
0
468
2489
2
3718
3
3
26
1
93
0
3544
27
0
0
43
0
0
5
0
8
2259
3
57
5903
1
56
72
7
13906
10131
72
1692
43
5655
27
0
0
726
382
0
4738
120
1
1
0
12
0
226
0
0
1
62
14320
13
42
309
0
3
29
0
160
8665
0
0
0
10440
7
218
0
0
0
10
1
917
1
0
1
3775
2077
0
1742
1
0
56
2836
0
3
0
0
1
0
1152
11471
6
4690
3213
6
66
1
3
18
59
0
74
1927
0
3
0
28
0
10
18
0
7
5
0
81
2
0
1
1
1
224
1249
28788
19
22563
1171
2
1
4
102
645
12
3
2
5150
0
2
0
2
133
128
0
5
0
1
9
6
0
56
1
1
26
1
2
87
11494
1
8
8
27
20
113
0
0
0
235
0
1
170
1
0
86
219
0
13712
102
2
1
3
2
47
3
323
0
0
19
8787
3
9134
3385
23
0
0
916
4088
15
4
2
473
0
1
1128
1
972
418
0
1
2
1
0
1
0
15
0
0
2
1374
66
163
25478
571
18652
1
805
6
109
38
3319
113
0
1
324
0
4
208
24
262
2
0
1
5
578
3
3
0
1
0
0
0
39
2045
1744
2
4
0
172
401
17
8487
45
99
36
2
10
12
6
0
0
50
8
33
650
66
0
1
156
0
3
2
0
6
19930
23470
162
54
71
2897
1014
2
1
25
0
0
8
178
0
0
3
0
1459
1
51
1
2
5
2
1
59
386
1
1
0
11
1
12859
109
4
14436
206
1
4
0
0
165
2
147
2
3
0
1
0
5
0
1
0
2
0
0
0
0
0
0
0
0
2
0
5470
93
45
356
325
40
2
1
0
1
0
2
0
0
348
0
1
0
0
0
568
1
0
0
0
20
0
12
1
6
0
0
4220
70
1706
26533
1
0
0
17
0
1
0
0
0
0
15
0
2
0
13
0
0
0
0
22
0
0
0
0
6
1
0
2
12859
2495
2
417
1
0
1
3
0
0
0
44
19
2
126
20
186
1
401
0
10
0
0
0
0
26
0
1
5031
0
0
0
12859
291
25
2
9
3736
8
180
0
40
12
0
0
262
1
114
0
4
11
0
0
0
0
0
3
11
0
0
0
0
404
659
8651
8163
5
17894
0
46
15
1977
11
1
1
119
0
0
67
210
2536
0
26
4
0
19
10
1142
2
0
0
4
1
2
0
0
67
2569
9500
106
1087
2
32
86
93
1
0
9
0
0
21
444
0
743
11
0
0
1
13
32
19581
1
17610
131
1
1783
0
0
67
2569
149
111
13
11528
0
26
4
9
0
0
2
0
148
2
0
0
0
16
0
4
7
1
111
0
0
2
0
0
10
0
3326
188
15397
11
0
77
266
114
3
144
1
290
0
0
0
789
57
265
2127
4
17
3
296
13
0
0
23
3
312
0
9
62
73
0
0
3239
7280
0
0
1464
31
7
171
0
17159
0
1
0
0
1
2
1
0
15
0
5
0
1
0
53
0
1
18
2
509
73
0
0
6
0
0
1
2
2681
96
1
11667
4
3
0
0
0
52
67
36
1
0
0
3
0
36
117
540
4
0
0
5104
60
17
90
0
9
1520
438
0
43
285
0
0
0
1199
10
2
2
16
1
0
52
14
2
1
2265
61
104
1
4
4
0
69
559
52
1
7
65
0
45
265
377
2
125
3
2
30
2
44
22
2
21
18092
4
2456
4
0
2
29
3
0
0
20
1543
4494
9
111
397
0
0
0
1130
20
0
3
16
2
0
1606
6
2
78
0
10350
0
1
25
0
43
128
2361
1
0
0
0
2
4220
433
263
3130
1
0
1
2
1196
0
6
1
4
0
0
1
6
4
5
0
0
0
11
0
0
0
0
458
1
0
6
187
185
0
33
308
11446
0
2
0
0
4
5
225
369
245
0
31
0
1
1
2
6
0
0
0
30
0
0
0
0
537
2
0
3154
345
0
35
512
66
15
1
82
0
4
4
15
10
53
11
2
0
1
0
0
0
14
4471
8
15
0
0
0
0
0
0
3274
6490
68
0
159
5
11431
8
0
3
43
35
5
19
0
4
0
0
7
5
0
0
0
24
3
0
0
0
727
0
0
2
7689
6
800
0
3
19
45
0
30
217
1714
101
0
5
2
72
31
1
89
0
256
1
1
71
0
4
4
0
0
0
1286
0
215
382
1
67
0
29
15
1704
0
48
83
10
0
554
0
29
202
387
0
607
0
0
2
5
141
8
0
772
0
1
14
181
1350
12012
29
36
301
0
0
0
295
0
726
0
2
0
1455
6639
26
3
0
0
0
0
357
405
14
0
37
7641
14
6
0
0
67
4551
5317
2219
2
1
0
10
0
9
0
0
0
21
0
0
0
0
0
0
0
0
2
40
651
0
0
0
0
151
1
0
0
826
3338
11083
1
0
272
621
12
132
9
1
1
126
0
0
27
0
0
0
871
1
2
0
0
0
8
2
0
9
132
0
169
497
0
8
1773
294
0
2
129
4
0
0
28
0
1
0
1
0
106
1
810
50
6
2
13
2
0
0
53
0
4
16
4191
84
0
19
493
222
0
196
2096
775
4
1791
1
28
257
0
442
1376
0
2057
6
194
2
0
0
0
7
23
71
95
418
0
4852
29
165
3
2
0
154
0
6
108
2
0
23
0
84
1165
139
5
18
16
2
0
0
5
14
0
3
0
0
0
0
3
48
16249
9
85
29
8
24
0
104
4475
216
9
6020
0
14
16
0
3645
0
262
102
0
2
0
1174
22
0
148
0
827
1
6
1439
18
3
7
27
0
126
374
197
3
181
94
0
4
134
0
0
0
3742
1257
0
1
0
1052
4
265
2
0
0
14
0
3
103
71
0
325
5263
1512
12
5712
18
6
7
247
1
348
0
88
5516
685
6
711
97
406
3
914
921
66
0
0
30
1686
2
2024
5536
1773
1357
24
169
3
1408
472
254
4308
0
2
4285
1
176
868
23
1
4
14
13
1
3
0
398
69
279
17
142
2
1597
5
530
727
0
0
0
16
23
2098
0
0
0
5
0
54
0
413
2
0
1
57
22
85
2
0
193
4
0
4
5
0
13
49
398
7149
264
0
0
1764
4844
4
2
0
162
1576
115
2
57
0
64
79
0
32
4
1348
6
3
0
1139
213
0
203
25
6
4
7227
2154
20
229
1458
330
20
184
4070
5
0
6
2132
0
2
12432
0
0
206
3
2
0
14
0
27
3
2
0
49
21
0
2
48
14723
51
2
5
129
417
5
12
2
16
1
0
70
41
4
0
82
1407
335
0
52
483
0
0
0
196
0
3
2
16
0
48
19745
652
273
34979
158
6
9
0
735
11
1
102
83
6
11
0
1
8
1
2
4
0
1
40
8392
0
10
2
0
6
6
13204
2117
6
42
6
17439
1
1693
3
45
47
0
76
151
241
0
0
0
4180
1
1
363
0
40
23
0
2
173
0
2347
1813
0
218
9919
0
130
186
0
75
5
3
0
0
0
294
1
0
1
0
7421
0
2
0
8
474
3
14
0
0
0
42
305
61
1
73
0
78
88
26
0
0
0
95
97
0
1
0
14817
4
0
0
0
1
0
2
209
3286
2
11366
12255
2
61
451
4270
1
1654
147
6
2
4169
275
112
1
2221
1
0
222
180
66
39
42
958
47
0
1
24
0
8582
5
0
2
4
151
503
0
2
46
0
37757
6
241
28
21
2767
0
35
0
1555
17
0
0
8
34
7
12
14
10
26
0
10
142
9296
6144
4
10
0
570
105
0
79
3542
185
86
1361
168
0
148
713
0
3086
2
2
8
2
70
1
0
1
0
0
0
0
2
16
1868
8
0
1
0
0
0
0
3566
284
0
365
1184
2
20
2
0
0
0
39
1
0
2
9
0
1
0
0
0
0
6
0
4944
87
11774
14
4
2
10
3
8578
12
20
6785
0
335
2421
64
240
60
2
132
49
3
0
0
208
0
163
9
1
0
7
7
2
2
2
1
19
9
43
1
0
1940
6081
20
389
175
22
10
15
0
0
691
108
1
0
0
158
131
3
0
0
394
9
0
1
24
0
24
0
0
160
17
28
477
470
92
24
23719
0
395
2309
40
0
17
0
73
0
0
1
36
7
0
0
2
8
73
0
0
0
25
0
0
3
5
18728
6532
0
216
1304
13
134
123
45
67
0
0
1
221
0
0
18
0
0
0
0
53
0
5102
1
3
8
120
0
2
0
18
13061
12
13
0
7919
0
700
2995
5
303
151
226
16
1
0
2
33
0
1
6
0
2
0
0
0
12
0
0
4
10
2
0
0
1940
352
202
9660
0
0
4
0
5
4
22
8
0
0
0
761
73
0
227
214
122
281
3
0
86
155
0
0
24
71
10
5104
0
333
314
133
301
396
26
8
287
45883
241
213
92
0
0
3
4
0
34
83
33
0
0
0
310
0
2409
13
36
47
5
5104
0
333
4576
10
3255
1
0
0
8
0
12
13
0
1
30
9
5
0
6
423
0
137
212
155
1626
1
0
0
86
0
1
3542
185
50
5052
0
247
3921
4
268
49
61
0
0
0
1
21
0
0
0
0
0
0
0
0
255
0
0
1
47
57
0
0
3566
3635
13
205
146
2
70
0
0
23
160
0
0
0
247
75
1
0
0
24
0
658
13
1
0
4
8
1
2
5
1
15
5104
0
333
222
66
36
204
28
1
0
0
1
3326
0
0
0
0
0
0
0
298
1
0
0
40
348
0
0
0
10
0
0
662
172
14
139
3610
0
311
6466
14
2619
9
1
0
7
14
1
3
1
1
0
18
2
0
1
85
0
92
63
282
0
0
0
249
71
9072
20
0
2
0
22
0
31
0
2
0
4
0
0
0
0
0
22
0
0
0
23
1
5
0
13
0
13
2230
0
3566
2164
50
78
191
283
122
9
2
0
32
1003
0
3243
3
4
6
3
4
3
44
1
37
3
0
0
1
0
2
199
2
264
28
1323
518
0
421
131
0
0
1
20
2
7
12
0
10
4
16923
394
8
0
0
117
39
0
15
291
1
0
0
4
14
25
75
0
111
208
227
0
0
174
1
1
0
3
0
1036
0
0
7636
1
0
0
0
29
0
1
0
71
0
9
0
0
0
0
1612
11
0
26
808
6
0
0
30
0
0
0
1
0
37
0
2326
487
30
1
0
0
0
22
0
0
0
1
0
75
0
0
3045
0
7
0
7
1
8
0
56
0
13
3
269
1263
0
0
1
37
52
0
0
0
7
1339
1
0
0
0
27
0
0
0
1612
11
0
26
629
0
20166
0
9278
71
1
0
0
1
37
0
0
1
1
1
1
1
11
0
7
0
0
0
0
1
0
0
1612
11
128
693
2
1
0
1
35
0
1
2
0
1
289
0
15
1
3
0
0
0
1
0
86
0
3234
12
1
0
0
0
1612
11
0
0
0
38
98
40
1
286
0
456
0
2
124
2721
2
0
1217
1170
5
790
1
0
0
0
1
36
0
0
9
94
6201
111
0
158
1805
157
0
0
91
17
0
0
0
7
2
2
1
5
0
1207
1
0
16249
0
0
0
0
0
5
0
2
0
302
517
79
102
4
0
0
66
81
0
2
730
3
0
5
32
0
0
1
1
0
5
0
136
373
6
0
0
0
0
5
0
1612
11
0
26
1057
0
0
453
0
11
0
25
0
5
0
11
0
37
3
0
0
0
0
2
23
0
0
1
1
0
935
1
180
295
0
140
65
0
0
0
0
0
7
830
0
6147
3
56
7
0
0
0
103
0
0
0
0
10
1193
3
1
0
0
11
1612
11
0
0
28
1443
4
16
1
40
0
0
0
0
0
76
0
2030
1
157
3
0
0
0
57
0
0
0
1
0
2
24
28
9803
58
798
0
3
76
2676
10
0
1774
178
10
9
120
0
0
18
3
0
0
164
6
0
9
288
2
0
0
5
13
29
75
0
111
208
227
0
0
174
1
1
0
3
0
1036
0
0
20168
2
0
0
0
28
0
1
0
70
0
35
0
0
0
0
1612
11
0
26
808
6
0
0
30
0
0
0
1
0
37
0
2326
77
286
0
0
0
0
23
0
0
0
1
0
71
0
0
3045
0
7
0
16
1
22
0
18
0
40
3
192
1363
0
0
0
39
47
0
0
0
7
1427
1
0
0
0
27
0
0
0
1612
11
0
26
629
0
1298
1915
698
0
0
2
37
0
0
1
1
1
1
1
12
0
626
0
0
0
0
1
0
0
0
0
5215
708
3
1
0
1
34
16
0
0
0
2
365
0
14
1
3
0
0
0
1
0
101
0
3446
853
0
0
0
0
3
0
1612
11
0
26
73
37
1
322
0
410
0
1
147
2434
2
0
1290
1641
5
7
98
6
0
0
0
2
35
0
0
3
151
2
75
0
111
656
139
0
1
256
9
1
0
0
34
2
2
0
7
0
982
0
0
14981
0
0
0
0
0
13
0
2
0
57
75
533
17
44
0
0
225
42
0
2
434
3
0
0
50
0
0
1
2
0
1
0
331
62
581
0
0
0
0
35
0
0
1612
11
30
886
0
0
387
0
9
0
11
0
5
0
2
0
58
2
0
0
0
0
3
25
0
1
1
1
1
911
1
0
75
0
111
31
0
0
0
0
0
7
636
0
9730
0
8
165
31
1
0
0
1
66
0
0
0
0
0
0
1
10
0
9
839
57
0
1
90
34
0
0
0
4
616
2
1
0
0
31
0
0
0
1
0
448
0
7525
1117
3
0
0
0
9
0
0
1612
11
30
48
36
1
352
0
367
0
1
166
2307
2
0
1332
13930
0
2
840
1
5
1
0
0
0
67
0
1
3
195
2
75
0
111
656
139
0
1
256
9
1
0
0
34
2
2
0
7
0
982
0
0
23943
1
0
0
0
0
12
0
2
0
54
75
454
77
37
0
0
209
44
0
2
423
3
0
0
42
0
0
1
2
0
1
0
295
63
628
0
0
0
0
34
0
0
1612
11
30
886
0
0
387
0
0
0
24
0
16
0
14
0
49
2
0
0
0
0
2
23
0
1
1
1
1
898
1
0
75
0
111
31
0
0
0
0
0
7
636
0
9538
6890
2
0
0
1
58
0
0
0
0
0
0
1
10
0
226
0
0
0
0
8204
0
0
0
0
164
1286
2
1
0
0
28
0
0
0
0
0
307
0
11
0
14
0
0
0
0
0
85
0
3575
4
27293
2252
456
0
1
63
18
0
0
0
2
12
23
1
416
0
474
0
2
123
526
2
0
962
5630
1
24
79
0
0
0
0
0
8204
0
0
114
478
2
0
0
29
10
30
0
0
27
3
0
0
0
12
2
0
1
10
0
1392
0
0
15744
1
2836
0
2286
71
0
68
56
0
7
77
0
84
0
0
0
0
46
0
0
0
204
3
0
0
17
0
0
1
3
0
7
0
314
58
9906
1636
15
0
1
50
60
0
0
0
2
283
0
0
114
0
3
0
26
0
10
0
21
0
15
2
0
0
0
0
2
29
1612
11
0
0
28
1697
2
0
0
1
20
0
0
0
0
1
1
1
25
0
25984
0
5542
46
2
0
0
0
22
0
0
0
1612
11
0
26
196
0
7
0
0
0
1
33
0
0
1
1
3
488
2
1
0
0
1
0
0
0
1
0
335
0
19
0
1612
11
0
0
0
38
1227
0
156
6025
7
0
1243
270
12
25
117
0
3
0
0
1
37
0
0
0
0
0
3
53
1
309
848
1017
0
30
32
1404
16
0
2572
196
9
45
83
1
0
7
0
0
42
25
0
5
313
1
0
0
4
7
21
0
0
3
1035
230
0
1
173
21
0
1
7
0
1116
0
0
6140
1
0
0
1
14
0
1
0
80
0
16
1
0
0
1
3
0
1
1035
537
4
0
0
78
41
0
0
0
1
37
0
1765
69
206
0
0
0
1
46
0
0
0
1
0
81
0
0
116
0
1
11
1877
198
9
0
21
0
25
3
821
918
0
0
2
45
56
0
0
0
7
1912
1
0
0
0
27
0
0
0
0
1
1
1035
1371
0
1676
7374
0
0
0
1
46
39
2
1
0
0
0
2
15
0
210
0
0
0
0
2
0
0
0
0
6
563
1
180
295
0
140
65
0
0
0
5
803
0
28
0
89
0
0
0
0
1
118
0
2422
5
19
1
1
251
1
18
740
3
0
75
0
111
31
0
0
0
5
88
35
1
350
0
466
0
2
137
2971
2
0
1179
17064
487
1
1
0
0
0
0
108
0
0
5215
352
0
0
1
77
75
30
0
0
20
2
0
0
0
9
2
3
0
7
0
1329
1
0
16363
3
2417
0
1
0
0
0
1612
11
0
26
196
0
23
0
0
0
1
23
0
0
0
199
3
0
4
13
0
0
1
3
0
5
0
442
446
33
0
0
75
0
111
31
0
0
0
5
1376
0
0
313
0
2
0
27
0
10
0
22
0
36
2
0
0
0
0
0
128
0
0
0
1612
1023
627
2
0
0
1
23
1
1
0
0
0
0
1
22
0
37759
0
5103
45
2
0
0
1
21
0
0
0
0
0
0
1035
136
0
6
1
0
0
1
44
42
1
0
0
3
802
2
1
0
0
8
0
1
1
1
0
305
0
16
0
3
0
0
1612
11
30
1649
0
201
5384
7
0
1120
8221
131
14
20
1
1
0
0
1
54
0
1
1
1
0
3
32
1
399
0
719
0
708
23
2224
11
0
2569
5682
163
28
17
0
0
1
0
0
86
27
0
4
345
2
0
0
6
6
42
0
0
11
3
0
0
0
8204
0
0
25
124
0
62
828
13
203
1
0
0
1
31
0
0
0
43
0
25
0
0
0
0
7
0
0
0
277
3
75
0
111
31
0
0
0
5
269
0
1420
69
700
0
0
0
1
82
0
0
0
0
0
80
0
0
98
0
9
0
25
0
138
1
50
0
53
362
730
350
0
0
1
40
67
0
0
0
3
1671
1
0
0
1
15
0
0
0
0
1
1
1
338
0
189
10
119
901
202
0
0
139
23
0
0
0
6
1327
4
1
0
0
17
0
0
0
2
0
166
0
13
0
5
0
0
0
1612
1023
1790
0
5843
1
209
6
0
0
1
104
2
2
1
0
1
2
29
1
374
0
557
0
2
130
2813
1
0
1589
714
127
3274
6490
0
70
7
0
0
200
18
0
5
519
2
0
0
15
7
50
0
0
9
3
1
0
0
16
2
2
1
4
0
45
1197
154
10311
276
18
0
1
57
8
0
1
52
0
29
0
0
0
3
4
0
1
0
319
2
0
2
21
1
0
1
2
0
302
517
5471
253
80
0
0
0
0
72
87
0
0
0
2
268
0
0
112
0
8
0
17
0
14
0
25
0
10
1
0
0
18272
519
1
47
70
0
0
0
5
756
3
0
0
0
74
0
0
0
0
0
1
0
3
0
299
941
2857
1
0
0
0
32
1612
11
0
0
0
0
44
366
0
193
45
0
0
0
1
15
0
0
0
0
8
552
2
0
0
0
1
0
0
0
0
1
1803
0
4316
0
125
69
0
0
0
2
373
0
2061
0
1489
22
0
0
0
148
0
0
0
0
0
2
27
1
307
0
721
0
708
23
2224
11
0
2569
971
32
17
26
4998
1
0
1
0
0
56
22
0
3
472
2
0
0
9
4
113
0
0
13
3
0
75
0
111
31
0
4
56
0
413
61
0
6
14406
18
0
0
0
1
84
0
0
0
36
0
38
3
0
0
0
5
0
0
1035
537
4
0
0
78
41
0
0
0
1
37
0
1765
417
38
0
0
0
1
45
0
0
0
1
0
79
0
0
132
0
9
11
1050
354
5
0
29
0
28
4
761
852
0
0
3
41
57
0
0
0
7
2053
1
0
0
0
24
0
0
0
0
1
1
1035
1410
0
1821
5
39
0
0
0
0
42
20
2
1
1
3
1107
3
1
0
0
5
0
1
1
2
0
211
0
14
0
2
1612
11
0
0
28
1380
0
7810
1
237
17
0
0
1
91
0
0
0
1
0
3
36
1
299
0
640
0
2
93
2982
1
0
12859
2142
57
0
8
2
0
141
8
0
0
176
23
1
6
484
2
0
0
19
8
83
0
0
14
3
0
0
0
22
1
2
1035
50
0
219
5
9
0
0
1
40
20
1
1
35
0
23
0
0
0
1
3
0
1
0
278
2
0
3
10
1
0
2
1612
1023
75
0
6
58
99
1
0
0
0
2
30
2
1
1
0
1
90
0
0
51
0
5
0
2
1
20
0
4
0
49
77
1644
1029
0
0
1
64
72
0
0
0
2
1331
2
0
0
1
31
0
0
0
0
1
1
0
2
0
2350
62
401
9445
8
839
3876
0
1
76
38
1
1
1
0
0
2
30
0
68
12
48
0
0
0
1
5
0
0
0
0
10
877
1
0
0
0
1612
11
0
0
0
38
1227
0
1629
51
14492
37
0
0
4
290
16
0
0
1
18
0
0
0
0
0
3
61
1
219
0
706
14066
4308
177
411
0
7369
2629
0
1
11
92
0
17
1
31
1
0
161
2
4360
0
788
54
0
66
8
2
410
6
0
12
0
6326
36
11
34
7
10
14
0
0
80
0
10240
66
0
57
1
22
1484
55
850
1282
3
2
825
6
3973
2438
13
3
0
0
304
11683
2
28
16
42
3800
29
2
29
14
337
36
0
9
0
0
0
20
0
40
4
0
117
1190
1121
5
1322
92
718
1
492
1
14353
0
0
15
15
52
3589
8
421
19977
1599
8
0
7
162
367
44
43
9
405
785
1
0
0
1
1
0
0
4
83
0
1
11267
765
3
30
4
12405
2
0
2
13
2
639
0
43
17
951
4
9
2
1
165
0
0
24
0
0
0
4
14
2
0
447
38622
400
3
2
70
106
0
543
0
193
0
0
26
0
0
0
75
7
0
44
0
53
4058
782
0
0
0
5
0
0
0
10
12122
359
0
165
129
0
95
19
383
1
1
9
0
38
4
1
1
45
0
1
56
2
49
1
0
3
8
5
3
5
0
7
1882
11
35
0
8
25
823
424
1
12
10
1
2
1
10
671
0
20
13
0
2
0
0
6
4377
1804
0
0
14
9
1101
0
11091
1
19890
502
1
0
1
0
0
222
0
9
20
2
0
45
1
26
4220
37
24
1
85
6352
1
4541
1534
0
3
16
278
5
7636
3
16
13561
0
1
4
684
1
2
2
4
0
293
0
14
0
0
2
0
26
0
199
9119
0
0
2
0
1
28
0
10235
1464
4
0
1143
141
3
444
5368
2
0
1
8
0
33
3
2
36
3
0
0
1
0
0
306
0
16
3
0
4473
317
3
0
8653
3
6
14954
17302
1
18
78
10
2
3057
163
0
0
0
0
12
4
73
0
105
0
229
0
244
0
18
2205
296
0
5
0
2691
0
11
1067
89
0
59
0
116
50
0
2
148
1
61
0
0
0
0
104
2
0
129
37
4
2428
0
5383
894
1
21
2324
27734
8
97
56
63
0
28
13
0
3
374
4
64
36
1
9659
131
2
10
67
92
0
0
0
9269
16
1375
0
26
5
4
24
1621
5
19
26
577
0
0
8699
708
0
0
0
0
0
0
0
0
3
3
1
0
88
1
0
0
0
12
11
0
62
6
4118
1621
5
19
694
9
825
0
47
0
18
6
3
2832
1
0
0
2657
5
0
177
5
0
0
53
6912
3799
5
652
5
1787
0
3
24304
922
389
44
15
0
0
859
0
2
2976
11
0
140
4
1
32
0
0
0
64
0
41
1
0
6
0
2
1
0
0
10
11181
6
0
8
56
0
5
1
44
0
16
2
0
0
0
1
115
0
0
32
5
2
2
9
1
6
7
0
96
1
1
32
20459
2081
20
233
5
97
14
29
0
0
13
0
14
2
1
6
0
3
0
9
0
0
49
13
0
0
103
0
0
1921
0
28
160
1395
20
34
2
0
102
157
12
0
104
0
39
0
0
0
0
0
2450
209
0
0
1680
303
1
507
65
0
179
14830
129
2
5918
6
704
0
146
0
3556
0
4279
3
12
815
1
1
0
1306
8
67
0
2
2
2
4
0
3
88
0
0
0
1482
100
0
3086
93
637
56
272
2879
1
0
1
16
55
1446
0
0
2
1
0
0
0
1968
2
0
0
7
1497
0
292
1
1
0
565
2
5104
202
1
9333
615
3
0
3184
18
27
0
225
4
3
3
62
0
0
232
1
0
8711
256
16
15
13854
477
0
0
1
2
2
0
484
0
0
27286
2333
7973
4
34
1
0
1
143
62
0
8
0
0
19
0
0
87
197
1
0
0
4
0
0
38
42
115
8514
0
7730
82
0
1407
6
0
12
0
1
119
0
0
2
0
0
0
37
5
61
1153
19
1
2627
49
50
5
2
1064
2
700
11658
7822
2100
2
54
22
11
26
15971
96
0
6
223
0
144
0
0
0
127
0
2032
881
45
4
1
1
78
1526
0
1469
0
4
5302
0
12123
332
2
187
0
0
291
61
0
0
0
0
14751
10
0
0
0
0
7
32
59
0
131
371
3116
6
22
3
204
658
1621
5
19
1013
378
1
0
0
33
114
26
2
702
11893
1
0
298
178
0
56
14
0
14
2
1
68
4934
21
0
22
111
1
320
323
6
21
0
2
198
6
0
0
0
1
616
0
235
1
0
216
49
0
508
14
1093
26
782
2
5
1
69
0
48
0
320
17408
3
19
43
2
0
0
62
0
1
0
37
15473
899
1
1
1
1
0
30
1
0
0
414
13
0
896
5
0
3
0
11953
3
31
12
0
58
5
84
2
0
20952
361
0
0
0
0
0
2542
459
1
585
303
1
527
18
987
30
0
6
0
0
0
9548
34
11
1
11214
669
0
0
0
5
71
8
2
0
2
7
1
4
0
29
7553
3
74
0
23
0
0
6
24
14
0
0
261
147
0
31
11
154
0
680
6
15
63
1
0
0
534
143
2
406
1
213
8
43
170
70
1
0
3465
283
0
0
0
0
18995
2
188
1
17017
168
0
0
3
0
0
989
1
1
220
0
8
2
53
640
1
0
6
1244
115
58
0
47
1
3
322
2
45295
132
7677
1
548
1
5
187
2
10
0
39
0
2130
450
1
4
10
1
0
2
2
0
0
0
0
1
55
0
0
1
0
30006
0
208
0
0
320
0
6003
5607
78
0
111
0
81
6
0
0
3641
34
7
14
5
0
24
0
8
2340
0
4
7
3
1
0
826
507
3600
16
1506
2
0
18
0
0
4
0
55
1
0
0
7
1
3
1
0
0
0
119
1
323
0
46
2
0
0
7840
1037
841
1
2
57
32
7
10
0
0
2
0
0
282
1
6
4
6713
52
0
1
0
4
0
3748
2695
0
0
0
1195
5799
9524
0
17948
316
37
1801
14
0
0
1
33
0
47
120
0
9
109
0
0
0
1
0
65
0
1
0
0
0
0
3
0
0
320
48
33
61
9
35
0
8
0
0
14
1
4
0
120
0
0
2
4442
0
6
141
982
0
1
1
86
11
1
45
0
33
32667
1
0
20
438
5
0
6
11
0
0
27
108
0
13
2
20
0
0
0
0
0
0
18
12
218
220
1
0
1
2
4
7496
8399
49
0
0
412
499
2
0
0
1169
73
0
16862
201
1
2113
17
2
1
1
464
3
54
2
5339
0
789
118
0
399
0
5104
12496
3
876
20
4611
457
1
56
0
1
90
216
8
0
8
1
1
2
28
1
0
795
0
14
0
14
2
2
6
1
0
33931
16
29
196
0
23
7
0
0
76
9
1
141
0
1
1
1
0
0
9061
185
5
0
13
0
0
8
95
273
0
37
0
766
0
27139
5
2
41
2
2
95
68
8470
539
1
1
0
20
0
1
2
25
229
2010
0
5
1
0
0
0
3
0
4
146
160
9
0
16549
8
1
103
224
59
1
1
1655
0
0
1
0
1
0
383
0
610
102
6193
687
0
7
14
3
130
24
53
1
10125
823
0
97
4
285
0
190
0
26
1
0
0
0
118
80
0
9
5
5
0
52
2
13
7
0
2
35
0
0
0
0
11050
7480
0
0
3
13
461
2
0
420
2
18
0
0
0
0
0
0
0
3953
810
139
24
0
3634
0
104
14
1
9
11
10045
5302
0
602
40
0
24283
350
22
16
43
64
0
0
1977
0
3
0
79
24
237
0
215
4
15
0
0
3
32
0
5
23
0
7248
8855
1
225
56
1
497
2
233
0
3
500
0
44
0
107
0
2
4044
1
0
0
0
0
7
17
0
0
27
4
0
8
13046
7
17
17
1
8
1477
153
0
35
0
15
0
115
90
0
4
3
0
44
0
3
4
1
0
41
0
213
0
2
0
0
0
982
6
0
6
33
0
48
15
0
5
11
18
0
0
2
3
972
0
51
3
0
19
0
40
0
1
9
245
0
1
6
29989
2925
364
0
1112
0
6
3983
86
167
2
1
3
21
0
475
0
1108
0
10379
2634
0
0
228
24
0
0
1
0
139
0
0
9643
0
4
0
53
671
1
0
1714
0
0
19895
20
0
19
0
1
137
0
1
0
1
243
1
10
0
5
0
110
1
1145
52
160
1
361
1
0
142
3
0
3
7467
948
5
2
0
1
31
0
30
71
351
9
3727
3
4
38
0
1642
835
73
0
237
6
1978
2
5133
16126
0
0
0
689
3
0
51
0
12
5659
3495
1
12
7215
96
66
1
10
4
1
0
1
0
0
399
0
0
0
38
2
46
0
11
9
0
9
2
0
0
0
6
130
1540
0
1296
0
24
0
136
2
29
0
7
2
12
26
0
13
118
4510
1193
28
5109
184
2272
0
1407
5177
10798
0
0
0
0
2
3455
157
0
2
3
0
0
0
0
0
1
0
890
1
2
2
543
692
11
6477
0
5
8
154
2022
0
20
1
0
224
381
2
22
1
0
31
1
12242
9
1
8
1
9
0
0
0
0
216
0
0
24181
138
28
18
10
10
76
0
5
7
6457
2
1
50
0
4
65
0
0
0
43
3
3
7
0
0
5
0
3
14412
342
945
5104
182
14324
9
213
0
0
0
50
16
20
142
46
21
2
8
0
0
1
16266
234
1
420
0
7
12
37
8
0
15
0
57
3775
685
6
13
3
11
0
124
0
733
7
44
125
0
22
0
1
0
1
0
15
4
0
69
12
121
0
1
0
0
0
0
4200
40
139
1205
1
9
0
3
2
11
1
0
0
1120
1
78
49
0
0
3
2
10
4
0
5
0
0
2
0
118
3
1
13604
34
849
1572
3
250
15
1
6
139
16
0
0
0
35
0
7
0
3
0
0
5
1
0
11
62
0
295
8
0
1
0
10586
13
37
1
23
0
24
1
3
1048
58
11
4538
1
0
0
0
3919
17
2
0
82
15
0
124
13
53
4
176
80
1
60
17518
12
612
139
1
219
1
3
205
0
0
2
0
14727
23
129
0
5
134
0
2
16
0
0
0
1
2
0
97
26
37
15
45752
0
0
933
207
4
2
917
4
0
3
143
0
1253
0
5
52
20
2
1
10
0
160
0
247
0
4
0
3
47
1376
0
7858
58
334
0
10
46
90
32
0
5
1
0
0
17
0
0
41
0
43
8
3
0
0
5
215
13
0
0
141
1
1
0
169
557
1648
3
4
1280
16
2
1195
25
4
130
0
0
0
9
281
1
0
8
0
0
0
93
4
10
0
0
1
0
205
0
12859
2347
0
889
12
34
3
3
1
44
0
0
0
0
236
0
1106
7
105
3
3
1139
51
16
69
262
0
2
188
0
0
0
0
31
61
50
1
5
22
2
2
17631
17
46
34
2808
50
101
0
3
1
6
0
0
7
2
0
6
0
40
42
19
25
0
1709
12759
0
11
0
76
16
41
7
33
1
0
54
0
392
0
7
5
15
0
1
2
0
1
1
42
2
3
0
8
3
8608
8538
0
16
2524
4782
43
31
0
2
0
73
0
155
0
0
6221
1
27
0
212
3
0
0
0
0
0
1
1
27
23
1
0
17927
1
11
6771
35
0
0
11
10
0
0
0
2028
78
3
37
1120
0
1
168
0
0
0
0
97
0
0
10037
389
0
2
0
5104
27542
9
0
3489
72
3
1
2
0
0
3487
2607
0
42
7
0
1204
17
13
0
189
1
2
602
2749
5
5
11
11
37
1
320
768
23
516
152
6
90
0
11
161
0
6
143
49
24
96
5
39
149
0
2
0
1
19
0
0
0
0
200
7
0
0
4769
21
3
468
4
2
12
168
11
1819
0
0
0
31
2
0
1
2
26
0
3520
174
0
10
91
0
544
0
0
0
26974
4182
274
1017
5
0
632
67
3
0
239
195
329
11760
60
16
0
49
1
0
5
6
52
52
680
7
2
0
1
0
0
28
0
4
274
93
9
6026
629
0
1235
73
2
417
9
5691
3508
48
1
0
2
0
1175
0
0
14
446
0
108
2
14
0
25
2260
8
249
7892
5758
0
3565
803
184
4
649
1
37
1
0
0
1
0
0
2
1
261
17
19
0
274
0
0
64
5
400
21
30
29
0
320
12851
317
178
1
4
13
0
0
34
1
13
16775
0
15101
0
48
42
0
0
0
14
8
1
0
18
0
1
39
1
0
114
10037
523
189
0
73
3
58
473
0
8
0
3
0
33
4
0
0
0
323
10106
102
7
0
19
1
306
2
2
10
85
0
0
62
194
194
169
5211
4
23
9283
5
365
215
0
7
0
20587
114
2116
7
1
0
0
235
0
3
6
23
5
134
6
0
3
311
12592
10
27774
177
6
39
128
0
252
0
11
57
2
10
975
9
5
0
99
443
436
8
62
0
0
1
0
109
0
0
6
0
87
160
1
49
3621
23
0
13
1
25
797
0
13920
4413
7
1
3
1
39
5372
16
0
129
0
9
14
0
1
1550
2
134
0
13655
37
196
991
4
16
0
0
98
208
2
1
0
0
1
1
11500
1897
16
2
14
1
0
2
2
0
9
8
17
575
0
0
1612
129
73
132
7
101
223
6
141
0
19
7
3
1
45
0
1
1074
0
0
9
1087
14
10319
856
0
2
2
1
1
1
2
4220
26
52
208
10
2
185
1042
7095
496
4
0
0
4
0
33
181
11294
35
0
5
4407
14
3
89
0
0
0
55
140
0
398
8341
24087
9
59
4
20
2
40
0
10
181
0
4
5134
210
0
0
14
3
357
1
1
108
18
7
2
2
0
0
13
0
11
10037
0
3
0
792
0
0
11
1930
15
0
1
1919
29
1
7
4193
94
4
6
4332
0
536
7
159
1
0
0
8
493
0
3168
2692
145
39243
121
745
309
3
79
0
62
1032
1
1166
55
0
0
2616
250
17
9
0
1
42
39
0
0
0
29
211
11
8
0
1882
308
6
3749
23746
74
0
0
53
1
2623
67
0
2
539
11
1
150
0
0
1460
0
1
3
41
0
5
57
13
0
0
38
1446
46
0
7052
71
17
10
0
0
1
2977
6
11
31
0
1
2304
17
766
1
0
12
10
5
0
0
2
27
22
2
1
0
160
1453
67
4536
1
80
4
10
1
1
0
0
0
0
164
2
0
4
2
0
3
0
5
1
31
0
0
0
0
460
0
0
38
30397
0
0
47
52
0
82
0
0
13
20
0
11
21
1
0
48
1
161
3
16
0
2
0
1
48
0
31
630
3
0
1276
1
31
0
21
1240
0
4
1369
14
5
2
0
0
15477
1200
4
7
0
1
2
0
64
208
22
172
84
0
1081
2
39
19
160
850
0
315
5
0
35
20
87
1
7
0
0
199
0
0
2
3
314
4
13055
551
4
0
36
0
0
14
109
1
18
1
6
174
3821
1
5
593
9
7
0
16
74
9
5
1
47
0
146
14
5
75
2
79
2
6
0
22
0
0
19
0
4
2
160
6207
4
0
0
90
462
0
221
6
0
0
2
139
0
0
111
9718
118
0
2
0
7
0
9
1778
0
19
1
273
2
52
38
39450
5
14
8
1
207
15
0
0
3
0
6
1
13
1649
26
7
3
5
1
0
0
0
3
286
6
1
3
729
0
119
3882
21
5
2
346
76
0
569
0
625
8
0
0
7
2
19
0
0
0
11
2
0
12
107
0
1
0
2
10
11
0
0
23009
805
16
40
0
431
2
10
14
5
3
0
0
0
0
3531
3314
3
0
10
0
1053
7
0
0
14
29
27
35
1
3
3
21052
175
1
4039
1515
10
0
505
0
285
0
4
0
4
4221
439
4
21
6858
369
0
2031
0
0
0
1859
397
23
2
1
6
2
8007
0
2094
3
63
1378
42
17
0
1
13
93
11
13
7
67
0
0
0
0
625
110
11
0
0
2
53
0
0
0
1
1
12930
1888
322
0
120
1
16
2995
1209
0
14357
2
3
182
164
7
625
0
7
59
1
381
4
1
133
1
1
23
53
5
4
10534
13196
6
37
19
140
44
15
0
2
51
0
2
8
2
0
4427
2
0
441
0
0
5
8
99
0
17
0
170
178
0
0
156
6
18
776
1
0
302
1796
10698
90
4
8758
901
6
379
3099
244
0
1
5451
3
27
2
1
0
1
5
0
6
25
2
1
0
87
55
0
3
38
9156
930
1
2298
358
1
4672
0
577
417
0
72
14
3
23
0
0
237
2
16
115
0
0
5
17
0
0
320
374
105
0
935
0
44
20
1
14691
654
19
1
25
2
0
3
1182
28
1929
4
0
28
96
0
1
1
121
2
91
40
0
274
333
1
3
889
0
3
3
3873
7046
0
374
0
97
7219
3
85
4
2
52
1
1
507
1
5
0
0
245
7
3
4
1
11137
168
12
0
3
27
6
0
11
151
0
3
51
23
16
0
22
0
1
882
0
12
2
0
0
0
3893
4044
9
81
0
0
1671
6
0
1
22
16
82
0
52
0
0
8
280
37
77
0
0
0
1
27
20
292
1
25
1
1
32
9
29
830
42
13
18000
2
3
7
85
4
552
7
1
18
208
48
1
4
0
0
1
12
0
0
2
2132
0
1
16
78
241
23
3
7
136
2
30303
547
3651
1
63
0
3
746
0
30
152
0
21
0
0
5
310
116
1
17
5
0
0
2
0
12
1
0
561
6
0
0
1709
113
0
47
4
84
8
1
1
2
0
1
32
56
0
0
164
4
0
33
1
6
15
4
855
0
14
0
1
7
0
0
13124
2494
291
51
0
1
53
0
0
0
12
261
121
11201
54
596
237
1
34
4
0
237
0
0
1
5
3
1
0
11
1
2
7722
1
322
0
0
1
7
19
19
0
0
11
0
1
0
548
1
6
0
0
8
0
24
4119
2
2
2
55
12
0
0
0
320
20
43
16
10
2157
1623
2
1
5
39
2
1
14
2
0
526
1
0
0
42
3
26
12
2
2
4
1153
0
0
655
8694
169
2088
13840
11
7
19
11
9
1
12
1253
1530
0
1560
24
361
6
59
3
38
48
0
0
4
3
24
0
0
1
2
4
4
6944
2
35
76
191
0
0
0
7
2
166
4
0
0
16
5
0
60
2
0
93
44
0
0
52
1
46
2
1
2
7
2
1243
14
0
9
1
12
32
0
0
34
2
5
3
34
2
0
1
0
14
0
51
0
0
56
15
3
0
114
0
0
0
6
20764
4
97
71
9
0
162
2
1
0
0
1
2
1
4
0
4
23
409
10
14
1
1
5
0
0
48
0
2
2
0
185
10789
7
3
5760
32
2
417
0
4714
0
5
23
0
0
1
0
1
1
0
57
2
3
99
0
2
0
11
0
0
57
0
2
11167
1
1608
1187
0
40
0
0
839
160
26
0
2
13
1
47
1
0
128
1
3
17
1
18
20
19
1
55
4
7
1
0
6
110
20
0
11
0
0
3
54
2
270
1
0
0
19
3
0
2
17
2
11
0
70
0
0
0
158
1515
55
21
2320
5
6149
2
28
9
2
4
16
2
963
0
106
0
2
3
0
1
0
2
1390
2
0
0
0
0
41
14
8
4
0
0
0
0
0
486
10
16
0
0
48
0
10
0
0
2
0
6
0
8
0
4
3
11
0
2
23
3
0
42
89
2
134
0
0
2
314
103
2
245
225
0
12
1
3
0
172
1
4
2
884
0
1
0
50
0
31
79
2254
138
0
87
2
3
85
8
5
0
23470
58
12287
1579
23
25
0
12
2204
294
0
5
12
9
16
475
1
455
10
10
18
1
0
0
0
45
369
63
17
0
0
0
2045
6692
302
3
0
1685
0
2
1
2
4
370
0
21
0
0
1243
15
0
0
0
0
0
0
0
0
4
0
0
0
0
0
73
51
63
0
83
192
573
0
25
0
2
0
0
5
6
16
3
4
0
0
1
0
0
0
1
2
13
0
1
11
0
0
1587
0
30
106
2
6
3
0
1
0
0
4
48
35
782
25847
11
6480
5
25
0
1
6
31
0
183
0
1
0
0
0
0
1612
129
2819
22385
30592
2
0
5
0
204
42
1
14
8
0
28
3
2
0
0
5
0
3
1
0
6
194
0
0
0
7
14
45655
174
6
176
29
764
13980
0
0
32
196
6
506
1
316
10
2
0
1
15
0
0
1116
798
8
35
1213
5
29
0
1
42
638
115
0
9
15
0
0
0
4
8
1105
0
1889
2
1864
4
0
164
1
132
7
0
1
282
17
1241
2169
6
0
33
6
3
41437
0
195
87
2935
22194
7
20491
0
2
11
32
31
0
506
1
0
0
0
0
0
9
9
7
280
0
209
0
628
0
0
0
320
283
0
6549
0
7
49
1779
0
2
72
0
340
60
226
6
0
0
6
0
344
1
303
1
0
112
51
999
637
6001
5
435
15630
2
415
13239
1
0
0
0
225
1
1
0
0
2
4
458
10
1390
1092
5
0
3
7
435
23
0
1
6
1733
0
4
0
0
3102
2706
19
0
3845
2
336
2618
0
1
0
198
26
25
670
4
0
1267
1
312
20
0
964
1530
985
4
3
0
22
0
1
38
19181
0
0
3
1
2
193
1
156
0
0
0
0
0
0
95
29
696
3167
32
0
224
1
1
0
4
0
0
720
0
3
22117
3385
6
5
29
25
1593
83
0
47
0
198
881
16
1040
7799
2
365
7
0
853
0
3
14
1
6
55
5
12
1
0
0
206
50
1
3
5
1398
110
904
0
2
0
0
0
0
30
8
3
66
0
4
17
3
1
946
1232
0
0
0
0
402
21
833
6004
1
2094
1
0
0
1598
0
224
10
102
8031
21
13
660
161
2
354
0
0
0
0
0
2
5
7
245
91
0
3
14
0
28
67
0
0
2367
8
1
0
0
0
17
63
27
0
3
2
0
2
0
0
0
215
2
39
30
0
65
8
284
39
17952
1
2691
660
3075
0
0
13796
52
582
165
4
0
0
2
32
0
5
0
100
1
2739
1
0
0
0
1
7
0
1
0
1
2
0
0
0
11486
2841
1
1
0
0
0
1
8384
14677
40
15977
135
31
14
0
33
8
7
3
12
5
4
417
7
70
11
0
7
0
1612
295
96
1
3352
303
1
27410
0
8
0
12
1
1683
0
940
3
91
0
56
3
58
15
132
4
133
0
13
1
42
1545
1
621
1741
296
16
9
0
356
2
0
0
3812
485
0
90
73
54
27
5023
0
58
2
0
1
24
2
4
29
1
0
230
7704
221
4150
571
10173
46
674
2105
8531
6
14
8
1826
0
8
0
0
40
105
4
9
0
175
0
532
1
109
0
117
2427
5
0
2469
1605
1887
40
9789
313
170
0
0
164
24
2
150
0
0
6
87
0
160
201
0
3003
0
518
3
0
1
56
0
9
1
3
9474
886
21400
2836
1
1
293
160
96
227
1788
0
13
1
2835
24159
0
0
307
2285
39
0
1
693
9
11
0
172
21
1
0
0
31
29
1675
2150
22
188
1
64
4832
480
29
26
0
1071
1
302
0
0
11
3004
825
0
0
251
1
2
0
7
238
2
0
0
19
2
1675
2217
797
4
1
269
3
20
59
365
0
497
3
6
0
3
62
31
6
0
0
1
8
0
0
13010
3455
1
0
78
35
299
11399
9
1
737
11
1736
4
6
5
3743
3
51
6
21
0
76
3162
0
12
6
4
0
0
203
0
17
0
1
91
27
0
1
0
4
6610
7
4
0
3
6
263
0
5
630
3145
2
214
3
45
94
0
11
50
0
0
773
1
1
0
82
23
2
0
0
160
72
114
155
0
1
8
63
142
0
16
0
2121
21
0
39
250
1
5
0
35
1378
167
1
10
0
0
3
123
72
0
0
15617
152
23
6
27
22
0
34
293
75
24
5
3
23
0
70
5
2
1
0
0
914
0
24
158
0
8
49
1
1
0
0
6
0
0
21
0
6
0
3
8263
521
1
25
9602
0
21
0
76
0
0
0
5233
5
3
2
16
1
0
4
198
1
4484
5
185
2233
372
87
538
0
4
291
0
2
90
0
8083
82
0
22
1261
1
96
331
0
277
0
0
0
539
0
225
0
0
3
2
9068
0
0
27
0
191
265
4
3
89
110
0
7
0
408
0
1
39
0
39
0
1
0
0
84
2
0
35
2
0
10
35
47557
0
1
0
0
3774
301
34
0
0
9
9867
3
0
1
8
0
1342
111
0
275
65
433
0
0
7
1
1
126
1
1
26
163
21908
31
1
338
79
0
143
6
274
0
6909
101
0
10
3126
5242
25
0
0
0
5308
10
0
6
0
85
5351
1199
0
0
0
33517
407
0
3
1
12318
0
48
0
0
0
2
0
3
0
2
44
125
0
5449
0
2
1
689
105
7
0
8
0
29
0
0
218
4440
0
3
6
86
0
0
302
24
1
71
1
6836
268
0
13
82
79
0
403
27
9
59
13
2
89
0
0
0
0
0
17648
7
26
8311
279
0
2
17
0
13
1
1
0
55
3
0
0
0
0
6
77
8
0
6
11
0
2
0
0
0
639
2
34447
22
952
24
0
554
283
0
8
3519
109
31
9283
647
0
657
19
8369
0
239
0
0
0
1
3567
143
0
0
0
236
2317
1
26101
1487
204
3
4
178
154
34
12
390
322
45
4274
322
0
0
0
1
9031
118
3
0
0
2137
0
96
3
1
0
1
3
0
3512
224
0
0
3813
0
135
0
0
7
0
53
0
0
4
1
10163
4
0
6
645
87
0
218
345
1
2473
5287
147
0
0
0
22173
9678
94
14
119
0
5764
150
0
7
25274
2
3
0
10
1
467
0
0
0
11
103
6
0
0
310
732
34
0
0
0
136
2883
21
9910
44
2820
1
4
0
85
30
0
6
2
135
1
6
5
1
6
1
10
0
0
5
2
1
289
0
0
0
41
5
603
189
302
1
611
4511
553
6
0
1
8
1
2060
60
14
1
39
0
1112
3
27
3
1
54
22
2
3
1
155
124
0
0
638
1466
127
39
14
1556
23
0
3104
1595
1536
5
0
0
114
1486
1236
2
62
0
35
2
0
1484
0
0
6
3
1
2
0
0
12182
3264
0
0
0
0
154
0
0
0
0
0
2159
959
0
8
0
7
0
2
0
1421
2440
3
1
1
0
1
0
0
208
106
147
10
991
2
3
0
0
230
1
0
73
0
6799
37
1
2
2
16
0
134
200
210
35
0
0
226
193
0
14
8
0
5
4220
11
0
32
4
12
6
67
0
18
0
2
0
1
187
1
77
16851
3
49
0
0
0
2
0
0
583
0
1
176
0
0
4327
11838
0
4
182
1
0
0
12
0
1
0
250
0
579
237
3
12272
650
10
0
0
0
0
212
60
0
0
3
0
151
210
23966
0
174
5
102
2
3
63
4443
6
0
42
10
1
0
0
2
6
59
712
17
0
0
302
65
2
37
1
139
10
31
1
37541
41
38
0
2
5681
8
9
36
15
2
5
0
10
0
0
0
5
14
74
42
5
0
7
0
5
4143
13
2
2
28
32
160
3
13056
0
98
0
108
0
2
1
2
593
1
0
0
0
0
1
1820
193
6
2
3
0
24
0
455
2
569
0
3
3
320
374
2004
0
2
3022
855
74
0
3
0
0
0
0
0
3243
4624
1
8702
0
2
9
0
1660
5583
5
22
0
2353
0
0
0
3566
2
0
20978
28
81
47
3003
0
4
1
411
1
172
0
1
437
1
1
92
38
0
1014
0
0
0
3
0
3
2
0
0
21580
5
1393
12
862
46
0
8325
0
1
0
0
0
1
0
1684
0
6
6
0
1
2
47
0
263
0
0
14
13
0
1
8
8661
3
24
0
194
1183
0
9891
0
0
2218
0
12957
812
0
0
0
1
0
93
1
0
0
0
0
36
0
0
5
3
25
293
160
3
24
0
1
297
9
0
3
3
0
0
1258
14
2
0
0
497
0
2
1
28
0
0
2
0
799
4
0
2
0
0
26861
24
3
12
0
14
0
978
0
0
826
1
1
0
282
2
0
0
1
1100
0
105
1048
4
3
0
9
566
1
2
6
0
12859
49
13
18
0
7
0
2
0
1059
2
83
39
246
2
230
157
27
27
604
0
23
1727
0
0
566
0
160
10
128
1
12
4066
348
16425
0
6
2
30
0
7
0
191
13
9
0
6
0
0
0
108
285
211
1
0
0
6
0
1
1
2
11
4
0
10652
5
0
1
7
0
46
0
0
0
0
0
4
2
1
0
3
14681
603
0
0
3
3
5
0
0
333
6
1
0
0
0
25027
1389
10
7
94
46
26
526
675
0
7
163
1
1
33
6
7
23
0
46
97
2
0
73
0
5
2
0
0
31
3
69
603
839
18
8
0
2655
174
1
7
6457
3
2091
7
5
18116
51
9
0
0
0
2
1
2
0
4
120
1
2
0
35
0
10
38
242
11
3210
25
692
0
5
222
1
2
14
0
59
6
0
0
0
594
0
415
25
1
26
0
397
0
0
22
1
0
0
15671
67
1
1
1440
2
56
0
0
0
0
1
0
99
0
12
13
0
3
282
2
0
2
0
1329
4
1
0
1
0
39
1
621
614
4
3
31
6
412
0
15
1
6
65
11
0
1
1
0
14555
98
1
1
0
0
0
0
78
0
529
0
0
39
0
0
826
29
0
0
4
3
9
1
0
2
0
0
0
0
17766
60
0
21
1959
15
15
17
0
0
0
1
121
0
209
122
0
43143
9
4
2
0
19
1
3092
235
68
3
0
0
1
41
10
4466
19
0
8
118
1236
269
1
0
7103
469
0
0
0
8
0
314
0
233
5535
0
2
0
0
503
19
0
23769
33
34
168
30
0
3
73
130
7
7
171
2961
107
0
0
8
1
1
0
0
9358
347
1464
2
485
51
205
0
417
0
27
11119
320
8
6577
1198
2
2061
42
0
1688
217
0
5642
0
1
5
0
427
0
3
7
16914
4
0
1018
78
1
94
2
0
11
380
2
5
1
0
1
14
4
175
0
341
2
316
0
0
0
1
0
110
138
0
7
314
39
1
1758
8
15
0
517
103
26
680
0
18
3
115
2
0
6
0
11
0
41
0
1
40
24
6
0
171
4
152
0
2030
77
3144
1184
75
862
0
0
0
6
4
1
0
1
0
0
0
923
0
0
31
324
0
438
2
13
0
0
0
13
0
0
147
2863
8
234
0
53
407
0
150
1
1
0
2
6
41
0
0
0
0
3
33
0
115
8
92
0
7
14
3
1
0
61
320
299
0
28
0
24
0
0
27
0
0
2
1
9
719
1
25
62
372
20
0
2
266
3
1322
0
0
7
2
13
0
2
6
311
2172
153
1
1
14578
75
1
1
0
0
0
0
3760
0
0
117
6
4
0
0
1
1
3
5
1
27
41
13
0
0
6978
2
9193
1115
24
469
2
0
0
0
966
3998
1
1
1
0
1370
4111
3
1533
2
1371
1
0
0
3
983
8
2
9
0
6003
160
1
4638
0
1042
2
12
1
0
22
1
10599
47
0
3
0
0
2
0
0
1
5
6
7
1
3
0
0
430
25
2
6
766
15491
18
2570
14
4
0
7
0
0
118
249
3
1
2
0
1
51
0
227
5
0
0
0
3
69
3
269
0
0
0
0
6
0
0
2541
6684
13
799
0
0
1253
2228
3
1855
17
16
3
0
312
0
0
0
1
37
42
0
0
0
656
1
5
0
488
274
1
0
2
1
13675
2
97
1
1170
0
0
8
0
13
2
0
103
3257
0
6
0
0
41
1
10
2
20
0
0
0
3419
11658
1693
0
52
1
1
157
158
0
6
0
146
2
0
0
41
6
76
1
330
2
1
3231
0
4
0
0
0
2
0
2
4
9005
1
645
1
0
1
0
0
30
21
36
231
24
6
0
41
2190
88
2
0
144
1
246
146
4
0
4
1
0
9
87
0
320
3282
94
0
5
7073
0
18
31
5
0
0
0
4511
2721
4783
19
412
1259
4230
0
253
0
196
0
25
1645
20
0
0
0
103
16919
11109
23117
4
1
0
0
2
22
6
53
0
0
3
1
0
8557
1228
6
0
5
89
0
4225
0
5
0
16
12520
52
0
0
3704
345
39
3
12
6
19315
0
7044
5
45
1
0
2138
0
40
36
22
0
1
0
14
0
14
56
0
1
874
84
9
8
17
6
110
9529
0
0
1
0
6
1714
17
38
0
5
0
47
19
0
0
0
0
2
2
3
153
0
2
0
0
0
10
0
0
13322
1685
5280
5
22
2
95
0
2
53
17
30
1
0
4
105
6
0
1
2
557
21
0
2
2
7
3
11
0
0
0
0
3045
10
703
1971
420
5
2
21
0
3
0
21
1
2
0
3812
2375
1
2322
2938
0
871
955
0
114
0
3
44
8
12
668
295
14434
180
2437
1760
6322
0
9
3
0
0
11134
60
2
1264
93
117
273
367
0
0
5761
394
9
0
78
63
6
0
4
0
575
78
480
80
148
667
1034
276
445
54
120
2
0
0
0
3
0
4
1
839
1
18
3220
2199
4
0
1
0
2
14
22
2
544
98
147
6110
139
2
2
22
4
117
0
126
48
349
0
0
4
301
0
8
3
0
3
0
6
975
2
0
0
2
2
0
0
1643
12
26
9256
0
451
3841
3
3192
22
117
0
0
89
0
5
367
0
2
278
1
196
15
0
114
3
76
0
1161
0
0
23
2573
2883
75
1066
575
5
55
0
3
1
43
1918
0
3302
462
5
1
2
0
0
1
0
11
3
1
21
0
20
0
0
20
77
0
7489
321
1
37
1743
26
0
4
0
32
791
1
2
19
1
16
1
114
0
11
7
10
7
2
222
1
10
0
2704
431
0
22
2883
75
1066
796
276
1
14
17
0
0
8
1
0
0
18
0
0
0
4
1
0
3
0
470
21
26
2
20
0
1
164
455
38
77
1983
26
2
14
156
0
50
2
0
0
2
0
0
0
48
404
11
757
0
0
2
0
0
16
0
9
0
23
0
3
39274
3
1
6
21
4
0
0
3
275
0
31
0
84
1092
1
281
4
1
10
6
0
25
1
0
31
0
61
2
0
88
0
1877
6862
361
499
0
4310
0
0
37
0
1
4783
2
0
0
0
0
31
0
0
1766
36
0
0
402
59
1
8
59
10
3
23
4379
692
4
0
0
1
3655
0
1273
0
2
159
0
0
3062
402
1
88
9459
1340
5
0
36
0
0
0
37
138
0
0
0
74
34
31
1274
866
2
570
85
185
1
5
1138
234
99
13
4247
0
6
2
9
282
0
0
7
14
1
75
0
1
2490
542
78
1076
12967
4709
3
72
296
0
11
13
19
529
0
1
0
0
46
3
7
1
2
172
0
4
55
3
0
0
10791
1733
0
101
2541
274
1621
5
19
165
1793
17
0
0
5263
5866
21
85
7
0
1639
551
1
598
42
23
1
0
1
118
0
0
9
1
59
4199
1
35
71
140
3694
62
0
0
8
10
6144
7
2
1
69
12
1332
1483
5
11229
20
34
0
10936
0
6
3
11386
3886
34
5
10
0
6
12216
199
2707
15
0
22
11594
905
2
34
4634
2
2
0
1813
0
0
114
10947
5
0
6
0
42
66
0
148
2
0
105
16
0
8993
0
39
0
52
23
11
0
0
0
0
0
372
0
332
2
0
34
7
3
9
1
34
6
0
1
2
13
0
0
70
761
14691
19
498
0
6239
0
5398
188
24
0
0
0
43
27
0
59
0
26
0
0
0
7
2275
0
49
3
2
18
2
0
0
45
274
2879
8
3
40
2
2
268
800
0
130
0
1
0
7
1
207
0
0
0
33
111
0
0
173
12
1
1
0
11
2
43
9589
560
4
15
6
0
3
3
0
3
2039
32
0
760
108
0
111
49
167
1
0
11
53
2
197
1
0
0
1
0
16283
72
11149
998
1753
5
39
51
10
4
1
1
11
796
3
0
3532
2
0
5
3
3
0
2
371
0
50
0
1
1
203
2
9
43
638
1
1126
0
0
640
11
6
76
7
10
0
322
0
0
5
279
11
1
3
0
0
0
1910
0
14
1
5
1
2
29
1
23970
103
0
0
0
0
1828
2286
17
5617
2
17
0
1428
1086
13
34
0
143
0
0
0
110
27
1
0
349
0
27
8
1
9
4200
1
5
33
2
0
0
0
1
1
0
0
650
3
1
118
286
4
0
5
1
0
9
0
92
198
2
1
1
5
55
0
30812
13
11
14585
8
29
37
49
0
0
402
9
242
2340
1000
1
0
0
2
72
10
0
0
0
10413
150
0
2
1
20
5
0
31028
5107
312
14
1664
5169
433
0
0
209
5
2
0
1
39
1
1
2371
0
0
5
4316
2056
351
3
0
3
157
0
1
2
19
3649
2406
6779
324
181
4
880
221
0
0
15
675
172
3630
0
95
0
0
798
3
10118
424
1
0
0
146
0
0
210
0
0
12
4771
0
0
14976
20
0
12
0
0
0
25
1676
526
2
0
1
2
0
7
1552
149
3501
319
1
6
11521
6881
2
9
0
0
65
1621
5
19
163
0
60
0
2
38
4
61
0
0
0
1977
399
12945
1107
2
1
0
6567
0
5
30
0
0
0
3
0
76
0
147
0
192
12383
519
0
2
1
3
2
1
13
77
12
0
0
1
9403
215
36
0
4
0
0
135
0
907
1
0
0
0
1
12859
4961
18
1336
2204
0
7
2
839
0
40
0
35
0
0
2
2
37
0
1
2
7
0
7
0
2
1
1
0
0
39
7
15086
2
0
0
2343
48
330
60
0
0
1637
5
0
0
0
2
193
1
1
5
7
32
2
1
94
4
0
5
2
0
2
6
38
207
4
50
1
11
0
249
3
0
3117
1
19
0
11
0
0
701
12
0
0
0
0
0
1
0
407
0
1
43
1
3
12946
8284
41
44
215
50
0
136
0
1
3
4
435
6
0
27
11
1
0
38
0
9
3
51
3
0
11
19
1
23
29
0
14648
34
126
1081
2
0
0
8
76
0
4
432
381
3
0
103
1
75
1
8
0
2
14
14
0
173
1
0
3
0
6
2
12859
780
67
9
4
6
1
1
108
0
0
0
108
0
1
0
2
0
528
0
0
0
0
2
132
13
1
3
13
5
43
0
13169
2
2
8295
4474
1
1
0
0
1216
2218
0
0
0
2
0
6
0
0
0
0
1
11
0
1
12
0
0
205
0
1
13
18055
146
529
8
0
0
3
7
552
189
0
0
11
0
5803
1
0
0
1622
69
82
1893
2761
9
2
37
0
0
16
2
16
1
13322
4571
0
3
721
1
0
0
42
16
28
0
0
483
7
0
0
0
35
12
0
3
1
17
0
0
2
0
6540
149
106
2452
133
1055
3642
7252
32
0
0
560
6526
0
21446
7
0
4
0
1331
1
0
0
0
0
0
15
1093
0
4
90
1
87
0
0
1
2650
902
2814
1
0
321
398
0
18
21
1
170
1
0
5
1
15
323
26
0
3
1
74
50
2
0
0
0
2
168
0
1
23253
1
1
0
0
210
204
40
1232
266
67
0
155
219
535
14
0
11
5
59
183
490
40
2579
9
0
150
10
0
3
28
20
12572
71
30
0
5386
0
2676
6
1454
391
1
158
3
3430
6
0
1
4
1163
2
1
0
0
66
0
4
0
140
1
0
1
3
8750
0
0
0
0
743
5
0
5798
521
70
316
128
472
1704
0
1
0
0
1354
10
0
0
53
0
0
2114
48
6405
120
0
161
37770
39
90
0
2272
0
393
1995
2
470
2
0
2
2
308
0
12
0
7
0
0
2
1
10
16
0
4
7
0
0
0
41
160
634
1
4036
17
126
0
0
14
34
0
0
1
1231
2
0
38
0
62
0
31
0
256
0
1
9
6
1
21
0
1
2
180
29870
0
86
41
9
0
17
0
0
0
42
0
0
10
6
2585
29
0
0
209
0
0
0
3
0
0
0
272
1
4
15
417
335
11
19
19
0
1180
1
4
3
46
1
0
0
11
0
376
13
2
4
0
1
4
202
10
0
3
0
0
336
0
1505
45295
177
7
9
0
6
2
16
0
12
4
1
0
1
523
524
4
1
46
594
1
12
5
1
0
3
20
0
7179
53
109
93
321
133
3505
8553
24255
32
0
0
421
567
1
4
0
33
59
22
755
0
0
1
4
7
16
627
18
6756
0
0
2
0
0
454
3356
34
2757
12898
0
18
324
13
2960
0
2856
4
0
3
0
10
1
0
1
4
0
0
323
14
1
0
0
1
0
0
337
0
147
6227
19195
0
0
46
68
118
52
27
1
3
0
4
72
21
266
39
0
167
1343
0
0
4
0
0
13
2
0
0
7
0
0
826
81
75
1943
475
8
0
1
2
0
4
2206
264
265
0
1
1
14089
2349
1
0
713
0
0
0
4
0
0
0
0
0
274
4776
14815
0
46
295
30
4098
1
474
2
0
26
0
0
0
8
33
57
138
59
2
0
1
4
0
0
397
0
0
0
0
20322
14838
0
9
244
15
171
0
2591
0
20
0
2067
0
0
0
4
0
0
0
0
2
2
2
0
0
1148
2565
5
0
26
3
116
134
6
31
333
3
498
14
0
22
266
295
4
2360
0
8
0
0
21
0
62
56
0
0
5
0
3890
1
0
0
22
0
12436
0
70
0
0
0
0
41
2488
49
17
1
310
0
55
438
101
0
3
0
0
0
0
0
39
47
5
0
1
0
0
0
2266
199
4
47
0
1030
2
7
0
3
43
0
790
51
351
448
5
0
18
20
9
9
12
0
368
12
0
36
8
2
0
77
559
4555
9
168
7308
1
3385
1
0
27
0
211
20
0
0
16
1907
2
1
2
0
0
526
1
0
5
0
29
0
13
0
3
559
19635
30
57
58
612
0
243
0
8
162
0
58
6
1
0
159
6
12
0
44
58
46
2013
7
2
72
6
1
0
2
0
1625
0
5533
6
0
4
238
1
1
19
0
0
210
169
0
98
337
2912
335
0
2
0
0
0
0
1
0
0
0
2
8
0
4554
24
7097
295
43
5
35
0
19
23
0
0
1
169
0
57
13
37
23
406
25
5933
19
1038
0
3
156
1
303
2
66
0
9821
5
205
10
372
18
0
0
2
66
1
272
0
449
0
0
0
0
0
0
0
0
0
1331
109
0
2
0
12
714
51
0
6665
14
3370
262
22
2
13
7664
0
60
2
2
0
0
0
0
2
33
540
2
16
0
282
2
1242
0
12
4
0
4
76
0
19666
12
0
2
145
2
11899
4895
3
0
224
1
1
1
14
1955
0
0
199
0
15
7
0
2
0
369
4913
264
6
283
24
123
5302
0
29619
1717
27730
7
0
23
5943
3
0
0
0
0
167
1414
3
0
1
0
25
16
5
3
1
6
793
0
0
1
24
2
13696
11034
3
41
3266
0
27
6
1
0
0
0
0
1
44
8
0
123
1
861
3
178
25
3
100
9
222
0
29034
12
55
2184
355
118
329
12
69
6810
2
0
0
0
0
8
1
0
0
0
12
5
679
0
1467
8
57
268
41
6
1
232
0
0
47
1
645
1
7313
3
6648
28
3
35
20
3
34
18
0
9
16
0
53
8
1
0
0
0
0
1
10
20
43
0
19
0
8
0
12436
109
246
0
138
569
197
16434
944
140
0
5
0
4
51
18
0
0
0
0
0
2
0
54
0
9
0
0
0
0
0
6
48
174
315
8772
47
7
6136
2
2
26
4811
15
1
19
9
23
185
13
0
12
38
0
31
32
69
37
410
10
5
18515
2
18
13178
49
7759
931
16508
1
0
1
88
0
190
19301
97
7
0
14
62
0
17
2
3
0
1783
55
18
0
3
181
0
3
7
0
205
12
68
13151
7
0
0
0
0
22
0
0
0
0
0
0
0
0
0
0
75
24
605
0
2759
0
27
32
73
55
558
2
559
44373
5
2064
59
0
564
2
649
2
0
15
0
579
3
947
12
103
13
1
2
22
7
0
0
1828
52
13
0
5
227
0
559
9112
17
518
4
1
0
5
0
0
0
0
0
1177
162
396
0
0
0
0
1
1721
1
0
345
0
27
6
2
0
279
17
13893
68
9013
415
108
4500
24
2
301
41
0
0
29622
0
0
905
1
0
15
73
3
0
50
0
0
3
0
55
0
15
0
0
87
1833
7
1
0
21
412
150
5998
235
13
1
5
0
4
0
4
0
18
0
9
0
356
7
111
1
102
784
19
18
337
278
15252
205
0
0
0
20
0
0
0
0
0
0
0
0
0
3
0
0
0
0
0
0
0
0
0
0
0
0
37
1
106
0
3643
3
5154
17722
0
5121
13
16
3
0
164
10
439
1
23
1
135
1
0
0
850
1709
0
33
547
1
0
30
3
78
3
1045
329
5297
8
4700
517
20
10
0
108
1
2885
1
1
271
36
3
1
1195
5000
4
1
2309
80
0
3
1
22
7
0
10
79
0
25027
4
2
0
1
2454
4817
204
36
4
2
0
1
3
1
0
13
563
1
4
0
220
0
251
74
939
27
0
0
0
0
0
6
3110
1
0
0
0
0
0
7
0
0
0
0
0
0
0
0
0
0
0
0
48
1
207
0
0
0
0
26
0
11
0
225
3288
175
705
1
1008
8
33
1
0
13
21
69
17
3245
2697
0
39
41058
101
1138
0
1831
0
19
1
364
8
1
1
926
3
24304
7
2
1525
4
5
32
0
1
41
0
61
0
11
0
16
0
0
1036
20
810
28
2450
9
0
0
0
0
0
0
0
0
6
4611
0
0
0
32
0
0
0
0
0
0
0
0
0
0
0
1
57
1
168
0
1
0
0
14
0
18
0
0
0
0
5302
0
3407
40
25
16
0
21
453
207
1
0
0
155
1
2862
0
1087
302
0
29
715
1681
7
733
0
4
1
2015
3
1
2
17
301
0
7
3
0
255
496
5
0
0
10
0
71
0
71
31
2
13
0
0
0
0
0
2
1
0
0
0
11
0
0
6
5154
0
1
0
0
0
2
651
0
0
3
25
814
0
4
0
0
0
10
132
0
0
1
0
0
0
3
26
0
834
10
6
1046
0
1
0
809
4953
0
0
0
193
1254
220
4
38
173
7322
6
6357
1785
0
3
2
0
0
1
0
1
1869
0
0
190
11707
19
12077
4
0
0
0
0
7
79
48
0
5
0
0
0
8
0
0
3
1
0
562
7
2
315
1
1
0
0
0
1
13696
687
2
58
17
70
0
7
0
30
19
0
78
30
1505
3
5245
282
0
1
3
0
0
0
0
1
189
78
5228
17477
454
0
15468
6
0
0
0
0
108
936
45
0
0
0
3369
2
0
587
36
0
316
31
3
1
20
761
1
0
9
23
2
63
29
0
2882
24703
0
121
33
715
3
6463
319
0
1
2
0
0
1
0
1
238
68
9147
296
2320
11
869
3
0
0
0
0
0
0
0
10300
602
1
0
0
4951
2
0
351
50
0
17411
339
2
1
14
2395
18
2
12
22
2
71
28
0
6
16
0
54
113
531
3
37
36
22015
5
31
67
432
2
5422
57
13675
6
301
60
0
781
4
351
0
6
0
1
669
3043
0
0
0
5
68
0
187
0
37
36
88
9442
2
0
0
0
0
0
0
0
0
18
0
21
0
38
23
1
1
13008
555
3
239
15
0
749
0
70
215
523
163
61
76
34
16842
372
8
1
0
0
1
0
1
3273
132
3
19
8
2
1319
2710
0
3
7
406
36
0
0
0
0
1
0
335
0
361
73
0
1
10
1517
269
4
9
5
2
35
10
0
13
14
0
77
85
578
3
4110
0
2716
981
0
1
4
0
0
559
944
3
432
0
16
7840
4
6
13159
385
26
1
0
0
10254
3
0
0
0
0
0
0
3
0
0
0
0
0
0
2370
0
48
348
0
111
0
110
4
0
345
45
101
0
0
0
1
32
4649
17
1
12
27
6
192
15
0
15
12
1
66
110
688
3
14972
6272
7558
10
4
0
0
1
0
1
251
0
163
17
2300
1
0
0
1
0
0
0
7
720
6
0
0
0
0
0
270
5
48
29231
4
2271
5
3745
2
4
14
2117
15
2
11
24
5
54
18
0
6
17
0
66
249
290
2
8486
27
442
18840
2
3
5
4864
168
57
469
5
2949
342
273
123
217
5937
2
0
0
0
0
0
0
15
0
0
0
0
0
141
0
3
1033
1
1
1
0
559
6141
53
2
24
24
2
14
5
0
23
17
0
86
43
740
2
284
120
455
599
2
3
4
0
0
0
0
1
0
2
2690
20
23113
29
637
6
0
0
551
0
278
2
0
4
0
0
0
131
430
155
1773
0
1004
21
0
5
335
1
1
1
605
0
0
941
28
18
13854
5681
333
99
388
0
124
88
735
3
9500
18
144
0
2
2
2
0
1
0
1
76
0
94
49
4948
3
0
0
192
0
0
0
513
0
0
1
0
0
0
2
0
0
0
614
10
1
0
28
18
38
2
1
44
5314
8
1
7
16
5
133
1042
25
24
4778
0
60
50
1012
5
104
134
72
1447
7343
0
2
6
0
0
0
0
1
4932
9
0
15
4
339
1522
1
0
0
192
0
888
0
228
3
1
5
0
0
0
114
449
174
1866
0
674
16
0
10
407
5473
1
1
18
3308
25
2
29
30
2
51
1042
25
24
4778
0
0
708
3289
13
0
0
30
81
29
725
2
0
1
1780
36
0
0
0
2751
13
0
2
18189
2
0
1
2
261
2343
10
289
6
187
2846
0
3
4
5
0
0
0
1
0
1
481
1
1
100
4
0
1
1354
6
1
0
0
0
0
0
153
368
561
8226
1
297
540
0
16
7
11
0
0
0
2600
6
65
256
1
0
3
0
0
9974
4
0
0
0
2057
237
0
10
160
90
34
1
4585
79
3
1
5203
1
3811
7
4
767
0
0
8
24
15
0
0
0
502
785
17
0
1
0
1056
1
16
0
2883
21
0
21
574
36917
162
8
1
141
14
13
677
0
278
21
0
28
4557
286
1
0
132
207
365
0
987
4
622
5
16
1
14503
15
0
35
41
342
0
304
0
0
65
0
0
0
0
0
0
4
0
0
9
0
2
0
67
84
0
14
19
438
0
0
6
34
4469
44
5
3320
1391
1756
1
178
89
1
3
2
1249
0
263
12
1
1
0
50
4
3
0
0
0
121
0
684
219
1
6
5
21510
493
279
1579
6
7
26
11
8
0
23
0
0
0
0
1
97
396
1
0
22
0
74
1
12
2
1
0
24
34
160
4056
0
2
97
10
0
0
80
3265
278
24
0
2
87
23
45
0
90
15
0
46
0
0
0
5991
0
30
67
0
37
0
40526
1308
239
259
30
527
8
208
351
1
6126
557
13
0
0
0
17
4
7
0
4
1309
2
0
5
0
0
0
10800
18
11
119
185
0
5
6
28
0
0
0
72
1
475
8
17
0
5
0
0
0
19297
3
565
46
22
176
1864
1
1
1
14
4
0
4
30012
11
35
0
255
21
108
0
0
0
30
4
118
15
0
4
0
0
8976
5
17
20
14
24
0
0
0
0
0
1312
4
11
658
2
13
2877
20
23
1
466
12
2755
17
33
2
1
265
0
0
38
1
0
88
7
5
0
0
0
2
0
660
0
3
0
7653
194
17936
2
152
0
384
0
0
1
4036
133
1
8
55
2036
421
1059
20
162
29
0
1721
0
7
0
2
1
0
71
3628
1465
17128
1061
1
48
395
10
105
0
0
0
1012
20
0
0
0
1
4364
3
16
0
31
230
59
1
3
14
0
32
0
10
3
5
621
3481
28
131
0
7
41
9
0
0
0
565
6
285
0
0
1
0
4811
0
2
0
4
6719
572
0
0
0
12
62
3
3
18491
0
1
3
12
27
0
1554
1
145
2
1412
26
22
4
2
24
25
0
0
0
11
0
1
112
0
0
0
0
104
0
627
1144
14735
155
568
0
4
0
51
12
478
67
0
1
0
0
1
0
58
2
0
0
0
0
0
3
0
0
945
0
0
0
1
268
1414
0
1
6
27
24
0
1649
3
278
2
78
0
31
31
185
0
60
63
27
803
0
12
0
10
35
6
0
0
0
0
3274
1
5
0
72
4
1
1
2494
0
0
0
0
638
7956
168
1
4
1
343
1
5328
347
0
3427
21
0
5
0
55
1866
1412
390
44
84
49
543
0
0
0
58
0
0
0
0
0
2045
9405
1
0
0
0
0
119
3537
8
0
4
3345
3
3
2
12
4
0
11010
225
0
0
0
321
11
1914
0
6
6837
0
38
0
210
23
0
2
1
0
6
1478
5
3
11206
10
211
0
0
0
0
6
0
100
25
67
0
1480
1285
199
0
25
0
0
0
0
12852
2
0
95
185
428
11
4440
3
223
21
11
64
3
30
99
17
408
8053
64
9
9
1
23
26
26
0
0
0
28
0
1
0
0
1
0
968
1
1
0
9
1
11
988
1
7
1
20
11
320
17665
105
1922
4
26
0
0
0
1
2
0
66
27
47
0
0
0
44
0
118
0
2
1765
5
1
498
17
16497
3
519
28
4327
683
12
0
13
21
34
0
0
0
417
8
17
0
0
0
6892
16
0
2
4
8
11
470
0
0
0
0
0
0
3
47
6650
6
10
582
947
0
0
0
21
13
0
18
0
854
3
11290
1
1
0
9236
0
626
3
0
0
11
0
0
56
0
0
0
335
0
1232
1
368
10
0
0
2
0
0
4140
12
3
0
0
384
10
10
2972
0
2
159
113
58
63
11049
4
273
6
1
3
10488
6
944
4197
5
61
0
4
14
3
0
313
7
111
26
0
6
0
658
136
113
0
0
3
0
1462
0
474
1
1
1
2
3274
28616
1
1491
7
0
0
71
6532
0
2
0
0
976
12
561
9
0
0
1
0
0
0
89
2
0
0
0
0
841
67
0
895
1
1018
0
4139
86
3
1335
2
1
1
216
0
2
0
0
2344
17
7
0
9
102
964
0
5
0
59
778
400
0
56
1
5675
0
0
0
13
16
376
0
0
0
70
66
0
563
5
2
0
778
1
0
11
0
662
1
0
0
523
0
0
46
3
0
0
1940
386
0
400
1
1154
0
0
788
1
0
13
0
1
65
12
12
9
570
11
672
3735
0
0
472
0
0
33
0
1
0
34610
10665
0
0
5
1419
44
837
0
233
0
0
865
154
0
0
34
0
0
577
4
2
0
3
2369
2
1
13
0
0
255
25
28
12712
6
385
25722
0
519
4842
8
1958
5
0
3
5
5
0
32
21
3
0
9
116
0
639
32
0
0
0
112
0
0
1
5104
0
333
413
177
13567
5
0
11
1
23
8
0
0
0
7
798
0
292
6
1
0
0
15
0
0
29
0
0
3
0
0
12163
346
5
6
0
0
5
16622
0
738
948
31
7198
426
398
0
0
2
556
0
7
1
47
0
0
0
127
0
0
0
0
0
0
1940
9342
8
691
2
0
135
3
7
31
8
0
0
719
37
0
3222
12
26
0
0
58
189
0
12
10301
125
31
555
14
1303
125
32
7431
128
148
1
85
5781
0
438
2507
6
4423
500
0
0
1
3625
0
1
1
0
0
0
265
3
2
37
395
56
7502
642
2318
409
2956
8
101
4630
0
402
3885
14
417
12
9
2
3
0
1
0
16
3
0
1
91
0
2055
13
213
0
0
0
39
0
1517
3
14865
0
140
3403
37
13059
1
3
0
0
7
0
0
4
0
0
4
0
0
4
0
0
28
0
1
3
1
0
12
0
13085
53
75
0
9
0
0
5
0
1
0
5939
0
571
2194
27
131
27
453
33
1
0
2
1554
0
169
0
0
151
3
6
43
13137
4088
21
7
0
0
44
31
0
7
393
1
0
0
7
8
45
0
0
6
3
1
0
0
7
2
2
1
6
0
55
21
1890
11265
253
16
0
1
98
16
0
2
28
0
53
0
0
0
3
2
0
0
0
292
2
0
2
23
0
0
1
2
0
4
75
17971
130
2342
1
27
0
0
175
47
0
0
0
2
283
0
0
124
0
3
0
26
0
10
0
23
0
47
1
0
0
0
75
0
111
31
0
0
0
5
1502
2
0
0
0
74
0
0
0
0
0
1
0
25
0
21486
0
5720
44
2
0
0
0
46
1612
11
0
0
0
0
44
366
0
9
0
0
0
1
21
0
0
0
0
7
485
3
0
0
0
1
0
0
0
0
0
419
180
4843
0
285
58
0
0
0
3
580
0
89
4784
7
0
1301
1879
5
5252
0
0
0
0
0
92
0
0
0
0
0
2
22
28
9803
58
798
0
3
76
2676
10
0
1774
526
3
6663
1
1
4
0
0
119
7
0
14
264
1
0
0
1
15
38
0
0
1612
1023
233
0
1
52
1
1
1
4
0
128
37
0
18605
1
1
0
0
2
6
0
1
0
67
0
45
0
0
0
0
1
1612
11
30
740
6
0
0
49
0
0
1
1
1
25
0
2691
77
124
2
1
0
0
0
24
0
0
1
1
0
78
0
0
3045
0
3
0
25
1
10
0
20
0
46
3
156
1296
0
0
1
35
50
0
0
0
7
1407
1
0
0
0
25
0
0
0
1612
11
0
26
629
0
20166
0
9278
71
1
0
0
1
37
0
0
1
1
1
1
1
11
0
7
0
0
0
0
1
0
0
1612
11
128
693
2
1
0
1
35
0
1
2
0
1
289
0
15
1
3
0
0
0
1
0
86
0
37
3619
5
0
1487
1044
12862
7
3795
8258
115
520
0
0
156
23
0
0
0
3
8
22
1
515
0
716
0
2
105
1687
3
0
399
634
2
0
0
0
839
19
0
0
43
25
0
3
441
1
0
0
7
4
30
0
0
7
3
1
0
0
6
2
2
1
5
0
67
27
0
15217
839
20
0
1
101
19
0
2
83
0
28
0
0
0
2
6
0
1
0
358
2
0
1
20
1
0
1
3
0
7
0
242
962
165
5
1589
12
0
1
57
72
0
0
0
3
297
0
0
100
0
5
0
26
0
10
0
34
0
58
1
0
0
0
0
0
8204
0
0
0
0
34
1533
2
0
0
0
26
0
0
0
0
0
1
0
28
0
26135
0
5317
45
2
0
0
0
23
0
1612
11
0
0
0
38
337
0
6
0
0
0
1
21
0
0
0
0
4
475
3
0
0
0
1
0
0
0
0
0
390
0
7150
0
294
35
0
0
0
3
987
0
110
5006
7
0
1842
480
10
7
868
1
0
0
0
1
56
0
0
0
0
0
3
24
28
9803
58
798
0
3
76
2676
10
0
1774
1643
3
7
1690
1
2
4
0
0
105
8
0
14
457
1
0
0
1
19
36
0
0
8204
283
263
0
1
26
0
1
0
4
0
304
1169
9
103
1
0
0
0
27
0
1
0
114
0
40
0
0
0
0
2
1612
11
30
740
6
0
0
49
0
0
1
1
1
25
0
2691
77
124
3
1
0
0
0
23
0
0
1
1
0
79
0
0
3045
0
7
0
28
1
4
0
9
0
37
3
236
1309
0
0
1
35
48
0
0
0
7
1405
1
0
0
0
26
0
0
0
1612
11
0
26
629
0
10266
2127
2145
2
1
0
0
1
25
0
0
1
1
1
1
1
12
0
90
0
0
0
0
1
0
0
1612
11
128
693
2
1
0
1
35
0
1
2
0
1
56
8
1
400
0
577
0
2
133
1664
2
0
1221
1750
33
126
0
32
69
2564
13002
31
11
0
0
64
23
0
17
449
2
0
0
7
22
59
0
0
5
2
0
0
0
12
1
2
0
7
0
132
8
85
11003
10
0
1
71
34
0
3
37
0
27
0
0
0
1
40
0
1
0
461
2
0
3
23
1
0
1
3
0
5
75
17971
4543
62
1
23
0
0
190
51
0
0
0
2
287
0
0
120
0
11
0
24
0
6
0
13
0
35
3
0
0
0
75
0
111
31
0
0
0
5
1502
2
0
0
0
74
0
0
0
0
0
1
0
932
0
5018
11
53
13
0
0
0
50
0
1612
11
0
138
932
2
1
0
1
38
0
0
1
2
0
275
0
15
0
4
0
0
0
1
0
86
0
1915
1
145
3
0
75
0
111
31
0
0
0
5
88
35
1
350
0
466
0
2
137
2971
2
0
1179
646
1154
1
2
3
0
0
0
142
0
0
5215
352
0
0
1
77
75
30
0
0
20
2
0
0
0
9
2
3
0
7
0
76
32
0
24259
1
0
0
0
5
2
2
1035
136
0
62
13
0
0
1
44
40
1
1
374
3
0
3
20
0
0
1
1
0
5
0
471
403
70
0
0
0
0
2
1612
11
0
0
28
1025
0
0
547
0
5
0
27
0
10
0
31
0
31
2
0
0
0
0
2
22
0
0
0
1
0
929
21286
0
30
0
68
75
0
0
0
0
0
10
75
0
32324
0
7518
57
1
0
0
1
72
0
0
0
0
0
0
0
13
0
47
4484
24
0
2
81
61
0
0
0
7
915
5
1
0
0
108
0
0
0
1
0
288
0
13
0
8
0
0
0
1
0
5285
176
46
6961
5
0
1309
5308
9
6030
0
3
0
0
0
171
23
1
0
0
2
9
16
1
469
0
781
0
3
19
0
0
8509
5737
10423
6
2500
0
99
3
1
0
241
40
0
13
470
1
0
0
16
20
37
0
0
9
4
1
0
0
8
0
2
0
2286
71
63
38
0
18920
0
0
0
0
0
140
19
0
2
53
0
33
2
0
0
1
2
0
0
0
249
3
0
3
17
0
1612
11
0
26
196
0
1261
413
59
0
0
0
1
22
0
0
1
1
0
65
0
0
110
0
3
0
26
0
13
0
8
0
256
439
1128
341
0
0
1
40
58
0
0
0
3
1565
2
0
0
1
24
0
0
0
0
1
1
0
5
0
4902
0
4569
48
839
3876
0
1
76
38
1
1
1
0
0
2
30
0
6
0
0
0
1
5
0
0
0
0
6
838
1
0
0
0
5
0
1612
11
0
26
1326
4
17
1
44
0
0
0
1
0
82
0
78
4828
6
0
1619
9695
0
2
2327
0
0
0
0
0
27
0
1612
11
0
26
73
37
1
322
0
410
0
1
147
2434
2
0
1290
14156
0
3
1348
0
0
0
0
2
42
0
0
3
149
1
75
0
111
656
139
0
1
256
9
1
0
0
34
2
2
0
7
0
71
71
93
2
0
0
0
10
1
2
0
73
0
76
839
57
0
1
90
34
0
2
545
3
0
0
27
0
0
1
3
0
1
0
512
428
49
0
0
0
0
23
0
0
0
2
1035
418
0
0
352
0
11
0
27
0
4
0
11
0
35
3
0
0
0
0
1
37
40
1
0
0
2
968
1
0
0
1
1612
11
0
0
0
0
0
50
1474
0
2933
6
65
13
0
0
1
54
0
0
0
0
12
1121
6
1
0
0
3
0
0
0
1612
1023
548
2
22
1
45
3
2
1
0
1
110
0
3453
1
152
4
0
0
0
53
0
1
1
1
0
0
22
1
331
0
6294
3
866
33
2057
5
0
1554
732
20
0
3
1
7
0
0
281
22
0
5
225
1
0
0
22
9
44
0
0
5
4
0
75
0
111
31
0
4
56
0
58
98
0
2
0
0
1
87
0
0
0
54
0
68
0
0
0
0
5
0
1
0
251
2
75
0
111
31
0
0
0
5
269
0
839
110
381
0
0
0
1
87
0
0
0
0
0
86
0
0
49
0
7
0
12
0
140
1
40
0
14
216
193
413
0
0
1
42
64
0
0
0
3
1745
1
0
0
1
19
0
0
0
0
1
1
1
339
0
235
0
1651
0
20
0
113
1237
165
0
0
55
36
0
0
0
20
1684
6
1
0
0
5
0
0
0
1
0
46
7
1
424
848
1017
0
30
37
547
9186
1
1
0
275
3
777
90
0
6
0
3
1
302
0
1778
1559
0
0
0
1
3
5
23
1
1
314
1
1132
0
8502
1893
9
0
2
2
3
0
9
0
61
9
0
3
973
15
3
0
0
33
9
8
0
0
0
0
17
1
194
95
12
3
53
2
1
19
2
6986
725
6
3
0
0
0
1
102
2
0
1
0
5
184
25
0
0
38
216
1
0
0
29354
3594
74
503
33
0
245
232
0
4
88
1185
0
3
0
9014
657
1
3
2
0
6
41
0
0
786
382
0
8
0
1
0
29354
29
1084
54
0
645
1020
7
4434
76
422
3
1
0
29
20
30
0
10
2
1
164
7
3
0
2
27
0
0
2
317
24
11508
2027
34
0
1
4234
1046
0
0
2
13
0
443
0
7
0
0
0
1
0
4
0
0
0
18
1
4
124
0
0
1
0
291
222
26571
1
34
36
0
4
0
114
24
13
2
177
0
75
16
0
71
5
0
569
32
40
0
0
3603
176
4
0
0
0
412
107
1952
6
6218
2
3
0
10
3
6
48
135
0
0
0
0
15
0
0
0
0
1
3
163
1
0
4727
3
25
15
0
0
741
81
3
8
0
561
12
0
6
1609
1980
26
2
66
3
0
0
0
0
27
20
4
0
1
0
8
0
459
1
0
3
20283
11
288
17
0
517
3
14
2
0
3
6
1
0
9
6
383
0
1
0
0
11918
650
0
1
0
8
0
0
7742
73
0
169
1478
371
146
86
1
3
419
26
416
35
0
50
36
0
3770
2
449
0
362
3
7
2
2
368
0
471
0
3
0
2
0
38
2
990
72
0
471
4
63
18
0
0
0
0
0
3
29
0
1
0
1
329
4
0
0
4
2
155
175
0
8
50
5
16312
1
2
3200
0
0
1845
46
0
8
10
0
0
3
0
0
86
0
1
0
0
2
0
0
0
11879
958
27
1
18
3
5
16741
26
5
0
434
12
57
5
0
133
0
0
0
0
1764
116
8
0
448
2
0
19
13
0
0
49
853
70
0
0
18
0
0
87
0
0
18891
5
297
0
0
0
2
23
0
1360
1
74
8
0
4
0
65
0
81
5
0
124
1
15
1
87
3
669
147
8018
33
17
0
1
1
3
6327
28
0
4
9700
861
1
4
0
2
42
0
0
0
6
37
26
233
0
6
2
0
0
0
40846
0
1
3286
13
142
0
0
2395
0
0
2629
33
27
0
25
0
0
0
58
119
0
0
8
0
1735
1356
0
1
7
1
0
12859
9373
250
1
28
0
1678
100
690
119
136
6889
2
15
323
1
10
93
0
1
0
632
95
148
2
8
12
0
0
37
0
1
21124
7
164
39
15
0
8
25747
12
2
4
1
0
82
64
8
6
0
0
23
2
1
0
2122
2
808
2
3
0
0
29
0
8244
87
0
9
90
0
56
8
38
161
1
297
1
0
5
2
13
49
7509
137
1
0
24
25
2
22
0
59
7
14
2
59
26328
209
25
0
331
0
4
1
461
3
11
2
22
8063
1163
3
2674
710
0
6
0
378
2
14
171
36
1
0
0
4
116
0
638
428
93
846
15
7
0
9
4
4
3
9
1
1
0
19
85
0
3
3
8
0
0
0
2
3
0
3
0
0
0
0
7095
0
0
0
23
1
1
9
11
2
0
0
4313
1028
40
268
3
0
0
282
40
0
31
3
0
12
0
2
51
0
60
0
20754
110
19
7
0
3
5
1253
104
1
1
3
0
0
12149
130
6
0
2
6
0
0
2
1
0
35
11
0
1918
5788
105
23
0
826
0
1927
153
0
0
1
20653
5411
2
14
17
558
0
0
8
0
92
14
20
0
0
13
0
4
26
346
2
16
0
29
8770
415
0
2
2
0
4879
0
64
414
0
2
0
33
0
0
0
794
0
0
112
3
0
1
0
0
0
209
720
0
3
24
320
6827
23
6304
0
107
7925
0
0
2
171
0
25
189
0
0
1962
2
288
0
0
0
78
0
6
12
8
1
0
27
13
1
14384
111
0
0
519
0
0
617
881
0
80
8
8545
940
3
0
652
2228
2
39
6
0
6
1
1
2628
11
0
24
0
15
10
1780
86
183
11
20581
8133
2
395
3
115
31
1
0
0
10
1
1
1315
0
5
234
0
0
37
0
0
0
1
2
4
0
6
11399
44
17
1
6
7
1
0
8
2
4
56
0
2
67
0
2
1
5337
0
8
21301
1941
0
0
1
17
4
222
0
0
22
39978
25
24
1
53
100
2
0
0
46
0
0
291
0
190
216
0
3457
73
6
59
7
0
137
1
8
0
96
284
232
5
3
4238
0
0
1925
7287
241
9
0
0
4
0
1
179
1
10
1390
20
3
768
9
0
34
0
0
18
44
1
3
0
6
190
1
5919
0
310
41
1
0
4
0
7
0
88
1
0
0
2
0
318
0
30
26
0
0
17790
4
7
0
26
34
1462
1
0
0
1780
40
320
8
9
3
3
0
15
0
3
0
6
37
191
3
0
430
140
1
12
2
3
0
24
0
0
132
5
0
39
448
44471
89
0
118
0
0
7
0
0
0
1
46
639
0
0
50
3
104
0
1
90
0
0
1
44
0
0
868
19
21
16
28
8884
13
28
0
12746
0
0
3962
0
0
1
29
2
0
2217
42
23
0
0
3
106
0
0
1160
0
11
8
2
310
99
39
12
20674
121
16
1644
3
7
1267
1
0
0
3660
4857
1
0
0
163
2
8
0
2
0
8
102
0
0
0
103
168
17
31
0
2
8244
87
0
15
5042
1938
0
23
0
1095
1442
1
161
44
0
16
0
2
665
19
1895
1
0
53
0
183
22
0
1
39
2868
0
17648
10
400
0
5
4
0
7
0
154
107
1
0
30
129
33
0
3
0
12
8
5
1
0
0
440
7
0
7049
1878
0
15
5104
1182
658
0
191
222
74
0
9692
0
3
0
221
1
0
22
2
55
440
0
0
2
0
5928
143
10
0
0
0
5410
192
0
2745
32
0
234
1959
5
73
6
42
2
1
1
14
0
227
134
13
0
0
28
0
0
15
0
0
0
1
137
0
2
579
6
11988
2816
268
129
0
3609
0
254
0
100
0
94
0
22
0
0
0
24
0
107
16
4512
57
1615
950
51
7
7
66
224
0
9303
1114
116
2
321
1
142
0
3072
27
3709
0
996
9
836
0
112
1375
2
179
1
1
0
108
7503
20
6
74
61
0
3
2625
24
5302
0
3946
0
0
5174
0
0
1299
5467
581
0
0
2
622
11
1
1
0
45
5
0
23
24
1
0
19
0
137
124
4
23
28
14306
2215
45
51
10
351
0
0
4
140
10536
415
0
0
0
23
1601
1
0
1
0
54
26
0
0
46
4
8437
1
0
0
12633
1731
5
2
122
184
0
1
0
457
0
174
0
0
2
1
152
106
0
2
0
9
0
5
3
29
0
138
0
0
7372
900
693
6231
115
2
0
1
112
1
3067
0
1488
126
3
0
136
6
1659
0
1800
10
0
10
0
0
0
5480
54
0
2
0
1
0
4343
17773
6
0
0
9
0
0
74
70
0
2670
3
0
3
129
4
0
95
1
9
0
140
3
0
0
2
0
0
0
0
1
38
14451
706
0
0
13
0
484
14
3
0
0
0
12
0
11
10
0
0
1515
5255
30
5
295
5
2
0
6
0
238
7
0
160
0
6386
193
1
19
70
1
4
145
24
4
2
0
6
59
0
1
0
64
5
0
21
7
0
0
1
2
229
6
15
4
314
128
0
2
1
136
4028
0
72
144
4
91
136
0
7
16
0
0
0
4
2
19
0
16
0
0
0
288
0
0
14794
34
2872
1650
25
141
205
143
0
2
534
12
0
0
0
1297
24
15
0
0
0
74
0
2895
0
62
194
0
0
0
2
28
0
7
13389
14
444
636
3
0
0
136
75
0
7
4816
28
94
2
3
9
26
0
308
4
1
10
0
2
5
0
0
19832
287
83
0
62
235
1154
742
257
27
0
6
124
166
0
8211
159
1
0
0
8
7
12
0
8
1
2
88
3
9
7
0
7
0
4
0
8
0
23504
0
6
3
0
1
2318
4
177
859
137
6779
2
40485
4
72
1699
0
0
54
1
54
8
40
5
5
102
1
0
8
73
2
3281
4010
75
32
262
237
0
0
2
2
0
2873
3435
0
0
397
1
0
0
20
93
17
0
149
8
1
0
0
2
2292
13088
591
182
178
0
0
0
2
54
27
58
9
3
273
0
0
0
0
0
7
485
2
0
0
0
0
21
47
72
0
4
24
320
9417
0
3
3
3119
260
0
5770
2055
3299
0
6
0
9
123
0
0
25
5
112
38
61
2
16
0
5
3
25
46
21
329
1294
0
0
463
520
0
14
0
1369
1
618
18
3
443
6
79
3
5
1
5621
1
2
3
4708
1210
0
0
2836
2069
10
4968
0
0
126
1405
66
0
1
1
41
8
0
353
0
20
302
0
72
1
0
72
0
4
1
0
35
0
1
17
1
19586
501
0
4
7532
1
15
7778
76
0
13
417
353
1
0
111
9
222
0
0
6
555
523
0
6
131
0
0
116
96
1
0
5
13
4
663
5669
12
20462
247
10
0
38
47
1
63
0
2
56
0
0
0
130
90
311
4
0
2
249
106
39
4
0
1
0
0
0
0
27
1199
2282
11
34
189
49
6
0
200
0
5764
11
69
6709
231
89
8
0
0
12
0
16
48
2
30
149
6
0
1
0
0
52
2
2
317
1502
530
142
78
3093
63
3
0
54
4
6
52
0
6
43
1
0
0
3
374
1
0
5
78
113
0
0
0
1918
227
1
62
0
4675
1
552
19
4
478
4
70
3
6
1
4487
1
6
492
0
0
201
437
0
1604
4
0
20
0
0
1166
2622
0
1932
25
3
0
2101
0
190
21
0
204
6147
0
0
0
0
0
285
1
0
0
0
22
0
10407
2
9
0
0
0
0
3566
8737
2
3783
9
1
6
3
3
3
9
12
0
60
157
0
195
21
0
3
0
1
45
0
0
0
0
0
0
0
8
0
128
110
0
27411
0
106
2411
111
8
0
0
0
0
1
18
0
0
0
0
0
0
0
321
0
0
8
256
0
0
0
6
0
128
110
0
27411
0
106
1253
86
5
14
0
0
0
0
1
220
0
0
1
12
61
0
0
0
40
0
0
0
0
0
0
0
5598
26
4240
1
5
0
12
1
11
6
4618
0
517
3331
0
1280
34
0
0
0
2
119
0
1
0
0
0
0
0
62
0
6150
12849
5
0
2
2
7217
0
619
2182
4
356
39
27
14
0
3
673
0
111
76
132
2210
2014
268
4
222
0
0
0
148
0
5289
18474
55
9785
0
464
230
41
340
40
0
0
0
1
981
0
0
0
0
0
0
0
66
0
0
0
0
0
0
0
14
0
0
3906
77
3893
0
184
4280
27
1857
7
3
3
1
0
2
5
8
14
0
1
115
0
789
16
0
0
0
0
64
0
1
0
0
2113
20
7
4
8
4891
0
499
4540
4
793
38
0
0
0
1
962
0
1
0
0
0
0
0
226
0
5
17
6
1
0
0
9817
11
8
3354
66
11
0
0
93
26
0
17
319
1
0
0
7
27
34
0
0
4
3
1
0
0
6
0
0
0
5
0
1465
2
593
1
0
22
2
1560
30
0
1
70
35
0
2
24
0
75
0
0
0
2
4
0
1
0
247
3
0
2
26
1
1612
11
0
26
196
0
1261
67
779
0
0
0
2
26
0
0
1
1
0
62
0
0
109
0
3
0
26
0
13
0
9
0
202
1709
6104
708
0
0
1
41
74
0
0
0
2
1517
2
0
0
1
22
0
0
0
0
1
1
0
3
0
5124
0
4410
44
839
3876
0
1
76
38
1
1
1
0
0
2
30
0
6
0
0
0
1
5
0
0
0
0
6
838
1
0
0
0
5
0
1612
11
0
26
1326
4
17
1
44
0
0
0
1
0
82
0
78
4828
6
0
1619
4152
2
0
346
1
0
81
0
1
0
0
0
8204
0
0
0
0
34
79
40
2
281
1
379
0
2
138
2520
2
0
1311
4669
3
0
289
0
0
72
1
1
0
0
1
1612
11
0
138
451
2
0
1
42
10
28
0
0
5
3
0
0
0
5
0
0
1
9
0
143
71
0
1981
22
0
0
0
0
8204
0
0
25
258
0
75
0
0
0
1
30
0
0
0
198
3
0
3
20
0
0
0
3
0
5
0
263
757
10
0
302
517
1
79
150
0
0
0
15
590
0
0
134
0
8
0
3
0
5
0
27
0
45
2
0
0
0
0
0
44
0
0
1612
11
30
896
2
0
0
1
23
0
0
1
0
0
0
1
18
0
27935
45
13
0
0
1
18
0
0
0
0
0
0
1
302
517
67
641
0
1
0
0
73
92
0
0
0
43
1163
1
1
0
0
21
0
0
1
1
0
555
0
68
3028
5899
534
3
5285
176
0
157
40
0
0
0
9
29
51
1
296
0
596
0
2
138
1542
3
0
1030
25378
321
0
7
194
1930
15200
5
2
4
1932
50
0
53
37
0
8
387
3
0
0
73
7
65
0
0
10
3
1
0
0
6
2
0
1
5
0
674
3
0
1
0
75
0
111
31
0
4
209
0
83
0
0
0
1
100
0
0
0
161
3
0
2
21
0
0
1
2
0
6
0
408
241
24
839
57
0
1
90
34
0
0
0
2
322
0
0
53
0
8
0
17
0
22
0
12
0
59
1
0
0
0
0
3
27
0
1612
11
0
26
1392
2
0
0
1
21
0
0
0
1
1
0
1
21
0
12303
328
347
0
0
0
26
0
0
0
0
0
1
1035
136
0
188
208
0
0
0
1
44
38
1
0
0
6
888
2
1
0
0
6
0
1
1
1
0
256
0
23
0
3
0
1612
11
0
26
1565
0
205
9
4
3881
3
199
916
32
2884
2
4
2498
3
247
0
1
0
55
9
67
0
0
0
0
0
0
5104
110
1
51
1769
3
5128
3
126
0
92
0
81
28
27
9
4
82
1464
103
38
4427
115
360
752
88
0
0
194
15
0
0
1612
1023
43
30
1
409
0
288
0
1
152
119
0
970
6
62
4
609
0
11
0
2
352
0
1
293
31
6
1
3
39
2
1664
14
5490
0
951
3
0
5675
2
0
183
633
15
2526
9957
2
17
2
506
61
3
4739
33
2
173
0
1
153
0
0
7
1
1664
14
40
15
13
3
0
267
0
6
186
44
0
2135
0
210
0
0
8403
0
0
30
124
1
0
268
0
0
43
0
1
0
32464
5
1628
4
10
25
206
1
0
7990
12
0
51
11
1173
5
287
0
445
1
84
0
732
2
0
669
0
0
11
0
0
0
937
1
210
137
8
0
10
4
0
1337
1
0
22
160
1
0
7133
4
0
17
3
106
0
129
7
148
0
407
5
252
0
68
16
98
1
1
687
8
21836
33
114
0
59
72
1
0
0
4
432
1380
0
44
290
98
5
1
0
0
0
0
6
0
0
0
169
64
251
46
1
356
942
0
0
4
40
0
1
0
0
0
0
15
0
0
0
0
0
2
3
0
3021
9
0
0
0
272
169
1775
321
859
0
270
3959
0
103
3
0
0
344
112
0
7968
701
46
20
1
15
1
0
5
1661
346
27
1
0
30
5
2
320
12851
306
4
0
1
5
65
4
2
13
2
0
59
135
73
242
36
2
2
4
388
13
72
5
0
0
3
3
2
1
8
147
0
9
0
113
0
12120
1
15
0
0
3082
50
2
4
2
18
0
0
5
2
4
113
14
52
0
32
115
2
11
1
1
3543
0
18
1068
231
0
0
2
0
6630
1304
0
1
0
10
0
44
299
0
1
22
0
0
0
0
2
0
349
1
1
1
1
638
131
43
3
0
17135
27
151
2
1
0
37
0
4259
1
57
0
3
2
1284
59
198
87
5
844
4
7
421
2
59
1
89
6
351
39
192
38
2294
1
2796
217
533
8
66
5379
1
0
3
0
33
0
4
0
0
0
477
0
0
368
2
748
1
311
38
73
5
6
36
298
9
19
3
0
156
10
2326
284
0
0
3049
0
2486
0
4
8
3
3
0
0
0
9585
106
3
6
1
1
87
4
350
5
1933
0
3493
1
1
790
2
1
1
58
39
0
0
914
5
0
205
12492
0
140
0
0
0
0
163
0
6
16
34024
321
1
32
14
1
851
60
0
19
6
0
0
1
10
17
250
1
0
6918
1423
0
1
1
3
0
2
0
0
1
1008
11
18136
0
7668
6237
0
14
0
0
748
1
0
195
0
6
0
0
0
0
42
1
0
0
52
0
2
118
19
0
1119
1281
0
1
13605
1
5583
0
4125
16
0
6664
264
3
0
7803
69
234
1
0
321
0
1
0
47
2
1073
12
15
0
0
0
248
0
131
1
1243
1
2167
44
3
0
5
1
0
43
918
426
1
256
0
38
0
110
2
6
0
122
2
89
9
0
5
163
260
14
1
2
320
296
18
2
123
5136
5729
5
0
3
20
43
1076
0
0
3610
1936
12
1
0
27
0
0
0
0
0
0
24
1371
0
115
0
18136
0
128
16993
0
2437
1
26
34
9
101
1
0
27
126
6
356
1
1
0
1
863
0
9
5877
24
52
2681
36
10
4
1
8251
843
33
20646
13178
37
2143
6
0
676
2
1
239
2
97
65
0
425
0
133
561
2
0
2
346
2
4
38
2
2
4
7
13046
323
346
4354
744
0
12
7
6
0
0
2
252
1
0
2
0
134
1
0
6986
305
675
2
7817
2
2
0
868
657
0
5
38
739
0
975
0
1
1018
2
0
84
0
933
23
0
7
1
0
8
0
48
435
353
0
6696
54
1240
30
12
3
1
279
4
4220
5641
7
1874
167
4
50
1
0
27
1880
0
3
66
62
181
7
7
545
0
45
1
31
2
0
14
26
5
1
4
98
3
17878
2
20
37
0
53
1
1
1
130
279
4253
631
4
5
13
128
714
1
0
14
0
1
0
0
16
0
633
9
0
49
0
5031
20666
8
89
1705
3061
2
557
1
14
2
18
0
61
118
1376
118
185
41
0
0
0
3
1
17
0
141
6
6
0
25
78
100
885
189
48
492
0
1
164
3
104
4
255
357
149
422
2
0
0
179
0
105
3
56
2
97
1
0
0
2
0
0
12
12633
48
14500
1
14839
1
0
56
0
37
44
0
0
0
8
0
0
3920
5
0
0
0
3
2
0
5
0
409
31
0
1
0
38
24164
245
317
0
10
0
0
255
6
1128
14083
178
184
612
0
1
2365
3
0
0
0
548
368
32
0
24
1
57
5
1
4
11169
85
560
24094
0
1
828
8071
36
11
1
13
1
0
0
1578
2457
12057
0
0
1994
172
0
265
415
5
0
1
11
1
0
0
31076
837
31718
56
1
4155
2252
203
2
20
75
0
0
3
27
0
180
0
1
15
0
0
0
15
5
0
0
2
1
1
0
0
100
8
16
12
0
0
2591
2411
0
222
0
0
1765
52
0
793
41
3
535
11
0
1503
0
148
122
11
346
73
1
0
1
463
163
10245
33
0
835
0
0
255
345
29
14
223
77
28
79
18
19
4
1
242
4
0
6
5
1
1
5280
3
5
20
0
53
7985
0
0
12589
165
3
0
0
0
254
316
65
5
0
0
0
12
59
0
14
16
0
24
748
1
1
11
13
0
0
17
85
2270
2584
8776
3774
191
0
434
0
0
274
3128
0
3
0
0
86
60
213
0
0
71
0
102
0
0
0
0
71
0
2
1
45
261
13859
5
140
308
747
1
70
0
0
12
4
35
0
95
102
0
0
0
0
3
23
5700
0
10
0
50
0
0
0
43
58
15477
43
1
295
0
193
0
7
1
16
5
56
1
4
2
7
24
1
2
99
0
0
0
0
9
8266
27
267
67
418
0
30
766
2739
97
119
8
2
591
3
0
1833
0
0
4
7
69
63
163
2
834
0
10
17
69
0
1
0
18
3
0
257
0
11
11096
3630
49
27
72
38
0
1
1
50
195
2
2
8
0
2
363
0
34
40
4
26
33
54
1
0
3
0
72
0
170
1
12859
68
118
5
61
42
19
76
103
11
3
71
68
0
1
2
0
435
13
1
0
4
0
0
8
0
0
0
2
2
1
12
320
4303
21839
39
31
0
9867
0
17
0
0
206
152
14
0
121
69
1
1
1
0
9
5645
2
10
42
0
68
5
1
0
82
226
15927
9129
283
317
251
19
4
0
104
806
1
22
0
18
17
17
264
9
0
1
11
0
629
0
13
33
119
142
4
2
1
4220
416
42
5
2
0
0
181
2
48
135
6619
5
14
36
0
892
19
0
65
208
0
0
11
0
67
0
0
40
2
4
133
4857
12
364
3
142
4034
3
2854
0
4238
49
235
1970
51
1
40
4
97
22
191
0
3
0
339
0
0
7
169
0
0
1
5
320
1425
0
0
6088
25
14
0
62
29
8
0
0
1173
3
0
27
0
15
92
0
32
12
13
456
3
573
23
70
0
5
693
49289
730
6
141
1082
10
954
1
0
0
5
160
74
0
1129
2196
87
249
0
1
1
4507
24
0
4874
1
491
1
9
2056
94
3
73
1785
24598
6354
2284
0
11
51
761
600
11
0
0
0
0
0
0
371
640
193
2
0
2297
608
0
2
98
7
30
23
147
430
5104
629
2
4127
1090
5
9
0
1
270
22
0
96
33
0
3
3197
0
2
1
40
107
0
20
12
0
8
21
7
39
1
6
12859
10941
1
5
456
15
3
0
149
11
1
8
984
1987
1
1
1
0
5
16
168
87
1
1
3
0
15
21
1231
3
1
46
6741
126
9901
8
7
219
30
86
0
441
0
5
69
4
1371
393
55
0
4839
1
5879
0
0
0
0
0
7820
53
111
82
134
7
12859
896
10
0
0
802
4
558
19
13489
16
250
3
50
172
1775
0
1001
0
1
206
1
0
762
0
0
17
2
14
686
1
10
18136
0
16832
18
235
96
750
1
3
4798
64
1
3
0
0
0
3
57
0
4377
0
23
4090
439
9
0
99
3
0
11
1181
502
5104
5
6732
2
26233
18
211
17
4
232
5
0
85
2141
157
2
16
2
5
2
0
3
4
48
1591
3
52
6383
48
0
19
473
163
15480
6148
13
4477
2
665
3
1
41
441
130
1848
2
2
8
2236
320
2
1
43
1
4
1392
1
2
6
74
188
171
0
2
994
431
3894
10
10
3581
7377
60
0
114
3
31
3952
0
91
0
15
94
435
12
0
0
1
0
0
1520
2649
8792
6
57
2
18
18136
0
9
12034
3
74
332
0
777
0
0
0
401
4
1
0
196
1
0
0
4
246
793
2
0
0
6
2
1
0
0
0
5104
415
119
752
647
24
1
327
0
19
36
3342
19
0
5192
1
5
1452
0
28
22
1301
18
23
1
15
116
117
0
1
201
67
8651
4737
0
2
0
0
13
1
20239
101
38
0
3
22
10
491
1
0
11
4
0
0
0
63
0
7
0
181
0
0
15
138
5104
182
1663
76
43
1139
0
17
2
0
11
1863
0
23
302
36
27
0
3035
16
1
24
0
292
60
128
676
0
8
0
1
1829
13958
61
461
0
4316
131
690
0
0
125
3
21
7
15
0
1
3127
0
223
15
1
0
222
20
82
5062
0
6
3464
13
1350
5
19513
19027
26
115
1393
19
15
5
1
276
9
0
5
5
5
13
12893
525
2
7344
0
44
18
19
2
5340
1
82
0
0
0
2
4327
24
10876
1
616
1172
918
9
148
0
6
1
2
35
37
1
125
4090
0
0
12388
8
69
0
0
131
0
1
131
165
0
1
4238
59
23
0
340
40
1900
4
39
2
59
0
0
0
2419
0
211
0
376
3
0
2
0
0
0
216
33
45
0
2604
0
35
48
524
154
1141
3
1
545
1
0
0
1
14877
5
253
0
0
688
7714
19
0
2361
7
38
69
4
53
0
22
19
142
0
0
7095
4
2
693
317
2
0
0
11
128
1
0
3
0
14
11
1
8
0
67
129
0
0
0
0
3
0
1
11
18
18
1
7829
48
160
75
1
24
637
3
128
11
7
0
0
0
21
53
0
1
992
12
83
0
10303
43
237
0
97
102
1
36
24
5
8679
0
13133
127
579
0
0
2829
0
0
0
349
1310
4
0
0
1264
527
9
0
85
0
0
1605
25
2
2
2
49
128
0
22
7871
14847
63
34
5
3
0
0
894
17750
0
0
36
0
1019
155
7829
2270
1
0
62
3
33
5
58
53
17
26
672
0
1
2
15088
16
391
236
0
1738
0
0
15
555
118
8
31421
2
812
27
19
3
2876
0
0
0
4
9
0
845
17
1
0
540
0
0
169
27
53
3
0
0
96
0
8601
238
6
14
404
2
172
0
73
0
1
25
0
2099
0
3
10
0
23
0
38
1
5
0
12017
18
0
1382
5
23
11
2
17
10
17
0
86
3
0
0
2455
185
2
6
0
34
3458
4
548
31
645
71
28
0
12
4
14544
1
5902
0
2
0
71
5033
32
83
11
0
0
0
81
51
7
0
0
0
0
910
1
1799
0
0
0
0
34
0
0
0
67
4551
276
11
19
0
0
5
0
3
0
0
183
3826
4
2
0
1283
575
15
0
0
0
591
734
0
5
1126
0
0
0
0
67
25
131
0
0
0
2043
1
280
1
245
4
0
2
0
0
0
300
16
45
0
4109
0
41
0
140
172
4160
1
0
2735
10
65
22357
38
25486
58
83
0
29
2
41
0
0
0
1
1231
2211
2553
0
1
0
35
3
0
182
137
3029
2
1
24707
1
1
25
33057
0
618
0
35
1
93
0
0
0
287
80
494
0
0
0
2959
0
1
2
3
21
0
0
0
0
0
0
0
2
8271
1
285
1210
3
0
0
21577
0
947
0
0
2
0
806
0
29
9
2
0
0
0
14
16
51
0
1
0
111
0
45
23
0
0
0
91
53
148
0
0
0
544
42
1
0
413
0
0
281
99
2589
0
123
0
21
0
2
1324
2
0
1437
2
3438
1
40
1061
10466
521
0
30
8
59
0
0
0
1099
0
0
0
0
1023
8
2672
307
86
83
477
64
58
0
21703
6
13507
469
0
0
0
0
192
0
0
0
62
523
17
177
286
0
0
671
2
8285
261
0
4819
1209
0
0
364
63
22
47
17
1
0
0
0
6183
160
67
6
5
0
458
8
3
2
290
0
168
44
0
122
0
5310
1
1
356
30
13
0
1038
0
73
5
2
0
0
0
3950
47
2
32464
4
0
1
17750
13
931
0
5392
3105
0
228
0
0
0
1
93
46
1
0
0
0
1047
2
1241
46
0
2
0
1508
0
8
30267
283
4
0
0
157
2
6
1534
171
36
97
1188
0
0
891
0
0
3036
4605
0
16
47
0
0
0
26
21
1
0
0
0
2816
24
1079
546
1
2
0
12007
0
1
0
1718
782
5
5670
0
1
13
0
49
0
0
10
1
1547
138
21
0
1
1
8
229
28
21413
8
11
350
30908
0
1022
215
0
1
3
0
3
12
3
0
0
0
15
0
0
234
0
0
1
0
0
0
0
71
0
321
13016
10014
0
261
610
0
1550
653
77
403
0
0
0
0
2591
71
1575
0
6
3
1
12
26
0
7
0
954
127
0
62
11
2113
20
2
10
24
0
4
1
3
5126
0
473
7597
18
2700
2
1
0
0
2
58
0
0
0
0
0
0
0
30
0
0
0
41184
10804
0
323
1678
63
423
1
0
0
0
1
413
0
0
0
0
300
43
184
0
0
0
2
0
0
0
0
2
0
0
2
291
19
5226
3
0
0
12
3090
3725
0
100
2597
1
0
0
12
0
0
1
131
0
113
0
113
3
18
6
2
3
0
0
255
28
16398
0
0
1
19
0
10
0
1
14
0
19456
0
1345
8544
1
3696
1
3
0
0
4
58
0
0
0
0
0
0
0
10
28
10339
1636
9
27
3
11291
0
919
472
15
4
1
27
0
0
1
40
0
5472
5
4
7
11
7
5
6
1
0
0
659
0
434
1
11
311
22046
0
151
9439
9
0
0
148
0
0
1
369
0
2500
48
35
58
4
0
0
21
0
0
0
0
0
0
0
5815
6
9187
4
0
8907
0
171
2533
20
0
0
124
82
11
0
1
26
0
0
0
0
0
0
0
175
0
950
9
0
8
2
11
7825
3
0
0
2
3
5685
0
585
10338
8
4637
2
1
0
0
2
459
101
0
212
822
13
30
24
119
406
5
0
0
0
3566
8224
7
4927
4
1
0
0
53
2221
0
2
0
0
0
0
0
363
0
382
14
0
6
1
26
0
5
0
0
2
10
1
5104
0
333
7600
3
3187
7
1
41
3
49
20
6
4
0
3
56
4
0
0
354
24
1
22
273
3
0
0
10
15
56
0
0
8204
283
263
0
1
26
0
1
0
4
0
5
1563
303
1924
3
0
0
0
26
0
2
0
115
0
57
0
0
0
0
2
1612
11
30
740
6
0
0
49
0
0
1
1
1
25
0
2691
482
92
0
0
0
0
22
0
0
1
1
0
83
0
0
100
11
2534
0
15
3
7
0
10
0
36
3
542
1285
0
0
0
44
56
0
0
0
8
1938
1
0
0
0
27
0
0
0
0
1612
11
30
1632
0
3295
5
52
4
0
0
1
38
0
1
1
1
3
909
3
1
0
0
1
0
0
0
1
0
204
0
13
0
8204
0
0
0
0
34
1223
0
6905
1
178
16
0
0
0
32
0
0
0
0
0
2
34
1
280
0
646
0
2
93
3047
4
7521
7393
1
896
0
0
0
1
179
7
0
0
362
14
0
9
408
1
0
0
23
11
83
0
0
11
4
0
0
0
14
1612
11
30
87
0
382
114
33
1135
76
0
0
2
46
0
1
0
39
0
113
0
0
0
0
1
0
1
0
309
3
0
3
1612
11
0
0
0
38
337
0
1829
408
68
0
0
0
1
18
0
0
0
0
0
64
0
0
118
0
9
0
24
0
6
0
620
5
18
343
2732
383
0
0
1
43
56
0
0
0
3
1542
1
0
0
0
15
0
0
0
0
1
1
1
386
0
5205
12
12537
5019
411
0
0
60
22
0
0
0
4
935
3
1
0
0
3
0
0
0
1
0
172
0
16
0
2
0
0
0
1
0
5285
176
6521
1
490
12
0
0
0
195
30
1
0
0
2
15
15
1
412
0
554
0
2
117
2419
2
0
1619
2702
5
1
2
839
19
0
0
43
25
0
3
441
1
0
0
7
4
30
0
0
7
3
1
0
0
6
2
2
1
5
0
556
1568
4792
0
2286
71
0
68
56
0
7
77
0
303
0
0
0
0
44
0
0
0
215
3
0
0
17
0
0
1
3
0
7
0
144
350
1139
6096
35
0
2
58
89
0
0
0
2
321
0
0
115
0
10
0
25
0
6
0
13
0
37
3
0
0
0
0
2
34
1612
11
0
0
28
1697
2
0
0
1
20
0
0
0
0
1
1
1
1297
0
4385
7
52
18
0
0
0
35
0
0
0
0
5215
708
3
1
0
1
34
16
0
0
0
2
365
0
14
1
3
0
0
0
1
0
101
0
2107
1
127
3
0
0
0
5
1612
11
0
0
28
92
38
1
306
0
424
0
2
132
2568
2
0
1261
2532
88
0
3
3
0
0
0
83
0
0
3
93
2
75
0
111
656
139
0
1
256
9
1
0
0
34
2
2
0
7
0
444
98
922
1125
1036
0
0
0
9
2
2
0
64
0
541
5573
25
0
1
90
75
0
2
660
3
0
0
49
0
0
0
1
0
1
0
449
413
70
0
0
0
0
24
0
0
0
1612
1023
541
0
0
343
0
6
0
26
0
10
0
13
0
12
3
0
0
0
0
3
27
0
1
0
0
1
908
1
0
0
0
8204
0
0
0
0
0
0
41
574
0
27077
0
8569
74
2
0
0
0
31
0
0
0
0
0
0
0
12
0
6
0
0
75
0
111
31
0
0
0
53
1637
1
1
0
0
117
0
0
0
0
0
364
0
12
0
12
0
0
0
0
0
88
0
37
2116
26
0
6115
446
75
413
452
123
581
0
0
359
25
0
0
0
4
3
22
1
322
0
646
0
2
117
58
0
0
14
0
4869
358
11160
9
8
0
0
95
29
0
5
384
2
0
0
10
5
39
0
0
7
3
0
0
0
12
2
2
0
8
0
288
7696
1358
1527
22
0
1
161
31
0
2
43
0
47
0
0
0
2
5
0
1
0
338
3
0
1
36
1
0
1
2
0
5
75
17971
4543
36
1
23
0
0
196
51
0
0
0
2
285
0
0
120
0
11
0
24
0
6
0
13
0
35
4
0
0
0
75
0
111
31
0
0
0
5
1502
2
0
0
0
74
0
0
0
0
0
1
0
932
0
5018
11
53
13
0
0
0
50
0
1612
11
0
138
932
2
1
0
1
38
0
0
1
2
0
275
0
15
0
4
0
0
0
1
0
86
0
1915
1
145
3
0
75
0
111
31
0
0
0
5
88
35
1
350
0
466
0
2
137
2971
2
0
1179
2355
22
15
2
2
3
0
0
0
153
0
1612
3758
510
1
0
1
56
0
20
0
0
8
3
0
0
0
5
2
2
0
9
0
647
60
11
31599
0
0
0
0
4
2
1612
1023
75
0
62
0
0
0
2
38
1
1
0
306
3
0
3
6
0
1
1
2
0
5
0
650
368
30
0
0
0
0
1612
11
0
0
0
38
967
0
0
714
0
10
0
9
0
10
0
49
0
13
3
0
0
0
0
2
23
0
0
0
0
1
3421
2
0
33
0
52
62
0
0
0
0
0
7
60
0
1665
336
43
0
0
0
0
1
68
0
0
0
0
0
0
0
15
75
456
747
7
27
0
1
192
47
0
0
0
18
1208
3
1
0
1
85
0
0
0
1
0
243
0
21
0
16
0
0
0
1612
1023
1790
0
14142
1908
464
49
36
0
0
0
74
2
2
1
0
1
1
41
1
172
0
656
0
1
55
609
1
0
837
2638
628
12414
4610
22
7
0
0
59
28
0
3
459
1
0
0
7
6
30
0
0
7
3
1
0
0
11
2
2
0
9
0
409
628
1402
1244
18
0
1
136
31
0
2
45
0
179
0
0
0
2
4
0
1
0
288
2
0
2
33
0
0
1
3
0
5
75
17971
130
1107
1
26
0
0
171
54
0
0
0
2
314
0
0
114
0
9
0
1
0
3
0
54
0
57
3
0
0
0
75
0
111
31
0
0
0
5
1502
2
0
0
0
74
0
0
0
0
0
1
0
25
0
7262
0
5
109
26
2
0
0
0
1612
11
0
0
0
0
0
50
389
0
12
0
0
0
1
20
0
0
0
0
14
469
5
0
0
0
1
0
0
0
0
1
5285
176
382
5984
5
3093
22
0
0
0
131
34
1
1
0
2
16
18
1
340
0
745
0
2
29
610
2
0
1463
2210
30
0
0
3355
30
0
0
38
33
1
5
417
1
0
0
29
3
34
0
0
21
3
1
0
0
17
2
2
1
7
0
556
357
81
839
20
0
1
101
19
0
2
83
0
117
0
0
0
2
6
0
0
0
333
2
0
2
20
1
0
1
3
0
7
0
180
11450
235
1764
12
0
1
58
86
0
0
0
2
229
0
0
138
0
11
0
26
0
6
0
11
0
36
4
0
0
0
0
2
1612
11
0
0
0
38
1826
2
0
0
0
19
0
0
0
0
0
1
0
1324
0
4020
7
54
19
0
0
0
35
0
0
0
1612
3758
516
3
1
0
1
29
2
0
0
0
2
309
0
11
1
2
0
0
0
1
0
101
0
2077
1
142
3
0
0
0
1612
11
0
0
0
38
98
40
1
286
0
456
0
2
124
2721
2
0
1217
2545
26
3
3
3
0
0
0
76
0
0
5
96
6201
111
0
158
1805
157
0
0
91
17
0
0
0
7
2
2
1
5
0
819
11
0
0
0
0
0
0
5
1
2
0
62
75
3367
28
64
0
1
181
48
0
2
481
3
0
0
49
0
0
1
2
0
1
0
462
63
638
0
0
0
0
36
0
0
1612
11
30
886
0
0
387
0
11
0
25
0
5
0
10
0
37
3
0
0
0
0
3
24
0
1
1
1
1
920
1
0
75
0
111
31
0
0
0
0
0
7
1081
0
3334
8
52
10
0
0
0
73
0
0
0
0
8
1275
4
1
0
0
17
0
1612
11
0
26
1326
4
17
1
44
0
0
0
1
0
82
0
2034
1
156
3
0
0
0
58
0
0
0
1
0
2
24
1
3819
76
1403
0
3
31
2752
9
0
1578
1659
5
0
3
1
1
5
0
0
63
12
0
6
223
2
0
0
6
10
35
0
0
1612
1023
233
0
1
52
1
1
1
4
0
423
1
93
8
0
0
0
0
9
0
1
0
83
0
247
0
0
0
0
1
0
1612
1023
574
4
0
1
71
1
1
0
0
1
19
0
3551
73
68
1
0
0
0
1
23
0
0
0
1
0
82
0
0
109
11
2602
0
4
7
21
0
51
0
12
3
814
1113
0
0
0
48
53
0
0
0
8
1923
1
0
0
0
30
0
0
0
0
1612
11
30
680
0
18321
0
9113
73
1
0
0
1
31
0
1
2
1
1
0
1
11
0
7
0
0
0
0
1
0
0
0
1612
3758
516
3
1
0
1
29
2
0
0
0
2
761
0
156
64
373
3043
6
0
6210
0
125
0
937
515
2
2149
2
0
2998
9517
15794
783
607
0
386
1
0
49
110
613
103
36
7
2
2
8
84
11
7
0
33
7
8
13383
174
754
315
0
0
218
16
1612
11
0
26
73
37
1
322
0
410
0
1
147
2434
2
0
1290
2389
2
17
0
1
5
2
0
0
0
76
0
0
3
106
6201
111
0
158
1805
157
0
0
91
17
0
0
0
7
2
2
1
5
0
4
1049
31
14372
599
8
0
0
0
4
1
2
0
302
517
1029
96
7
0
1
58
89
0
2
747
3
0
2
35
0
0
1
1
0
5
0
143
63
23
3
0
0
0
0
6
1612
11
0
0
28
1025
0
0
547
0
11
0
25
0
5
0
9
0
37
3
0
0
0
0
2
23
0
0
0
1
0
944
21286
0
30
0
68
75
0
0
0
0
0
10
245
0
8103
1
26
8
0
0
0
77
0
0
0
0
7
719
1
0
0
0
1612
11
0
0
0
38
1441
4
16
1
36
0
0
0
0
1
75
0
2051
1
157
3
0
0
0
53
0
0
0
1
0
2
22720
1
338
0
651
0
2
81
3352
2
0
1185
14
1105
0
3
4
2
5
0
0
97
17
1
4
322
2
0
0
6
10
63
75
0
111
208
227
0
0
174
1
1
0
3
0
140
4
2304
8
0
0
0
0
40
0
3
0
87
0
292
0
0
0
0
1612
11
0
26
808
6
0
0
30
0
0
0
1
0
37
0
143
658
502
0
0
0
0
20
0
0
0
1
0
70
0
0
2498
0
11
0
4
1
11
0
21
0
16
3
279
1399
0
0
0
40
54
0
0
0
8
1646
1
0
0
0
25
0
0
0
1612
11
0
26
629
0
16807
58
12
0
0
1
35
0
0
1
1
1
1
1
12
0
3
569
0
0
0
0
1
0
0
0
1612
3758
516
3
1
0
1
29
2
0
0
0
2
761
0
186
35275
22
4
0
0
0
4
0
0
0
1
0
0
20
1
314
848
1017
0
30
32
1404
16
0
2572
16036
933
0
6
234
33688
71
0
3
9
0
0
91
22
0
4
272
0
0
0
6
5
36
75
0
111
208
227
0
0
174
1
1
0
3
0
318
1
89
5
2143
1
0
0
0
47
0
3
0
76
0
172
0
0
0
0
8204
0
0
25
784
6
0
0
28
0
0
0
1
0
40
0
2886
77
71
5
0
0
0
0
27
0
0
0
1
0
85
18272
519
5855
0
4
0
23
4
3
0
38
0
12
3
0
287
0
0
1
38
53
0
0
0
3
1121
1
0
0
0
42
0
1612
11
0
0
0
38
561
0
302
48
19
76
1
0
0
0
1
27
0
0
0
0
1
1
0
13
0
145
13
0
0
0
0
8204
0
0
0
0
164
1286
2
1
0
0
28
0
0
0
0
0
307
0
11
0
14
0
0
0
0
0
85
0
37
3651
4
7521
7393
5004
10
762
5
0
0
221
745
0
0
324
18
0
0
0
3
2
25
1
376
0
744
0
2
163
2389
2
0
35
3946
1
1995
1
0
15358
127
5
0
0
145
16
0
6
490
0
0
0
5
7
51
0
0
4
3
0
0
0
7
1
2
0
2286
71
305
0
73
1
41412
0
0
0
0
155
17
1
3
67
0
161
0
0
0
1
3
0
0
0
292
3
0
2
18
1
1612
11
0
26
196
0
1261
67
635
0
0
0
1
22
0
0
1
1
0
64
0
0
121
0
7
0
17
0
17
0
58
0
479
1959
5362
758
0
0
1
42
75
0
0
0
2
1454
2
0
0
1
21
0
0
0
0
1
1
1
3
0
47
702
2231
0
8580
54
0
121
115
1
1
0
0
0
12
55
0
492
15
1
0
0
0
46
0
0
0
0
14
719
1
0
0
0
4
0
1612
11
0
26
1326
4
17
1
44
0
0
0
1
0
82
0
600
0
2
5
0
0
0
43
0
0
0
1
0
0
27
1
3819
76
1403
0
3
31
2752
9
0
1578
23883
14
196
7
0
2
0
5
0
0
117
9
0
8
350
1
0
0
2
11
26
0
0
8204
283
263
0
1
26
0
1
0
4
0
5
10046
11783
2114
0
130
1
0
0
0
24
0
2
0
72
0
95
0
0
0
0
8204
0
0
25
784
6
0
0
28
0
0
0
1
0
40
0
2886
77
697
0
0
0
0
27
0
0
0
1
0
85
0
75
7932
0
5
0
4
0
12
0
28
0
50
3
0
1627
0
0
1
59
60
0
0
0
3
1401
1
0
0
1
31
0
0
1612
11
0
0
28
591
0
246
863
2942
0
0
0
1
26
0
0
0
1
1
1
0
13
0
155
22
0
0
0
0
1
0
1612
11
0
138
932
2
1
0
1
38
0
0
1
2
0
275
0
15
0
4
0
0
0
1
0
86
0
36
3659
5
0
1533
2918
7
3570
5
0
26535
111
363
0
0
300
15
0
0
0
2
10
28
1
455
0
761
0
3
188
2390
3
0
749
7828
0
0
9598
315
19590
64
7
0
0
59
25
0
4
291
0
0
0
7
10
55
0
0
8
3
1
0
0
10
1
2
0
9
0
230
9517
3391
93
1087
0
1898
10
0
1
127
17
0
2
34
0
304
0
0
0
2
4
0
1
0
411
2
0
1
29
0
0
1
1612
1023
75
0
891
69
216
0
0
0
2
37
1
1
1
0
1
95
0
0
118
0
7
0
17
0
7
0
59
0
14
1
839
184
0
0
1
43
44
0
0
0
2
1064
2
0
0
1
16
0
0
0
0
1
1
0
5
0
57
802
2823
0
0
0
0
8204
0
0
0
0
0
0
41
394
0
233
48
0
0
0
1
28
0
0
0
0
14
543
2
0
0
0
9
0
0
0
1612
1023
548
2
22
1
45
3
2
1
0
1
110
0
1147
0
2
38
7
0
0
0
39
0
0
1
1
0
2
20
1
435
848
1017
0
30
32
1404
16
0
2572
837
2
9
120
9
0
1
0
8
0
0
77
14
0
6
349
1
0
0
4
8
19
0
0
8204
283
263
0
1
26
0
1
0
4
0
397
1
100
6
8207
0
0
0
0
24
0
2
0
81
0
167
0
0
0
0
1612
11
0
26
808
6
0
0
30
0
0
0
1
0
37
0
2326
487
70
1
0
0
0
20
0
0
0
1
0
78
0
0
2940
0
4
0
15
0
7
0
13
0
28
3
142
1566
0
0
1
37
54
0
0
0
7
1460
1
0
0
1
23
0
0
0
1612
11
0
26
629
0
230
828
2844
0
0
0
1
27
0
0
1
1
1
1
1
12
0
149
22
0
0
0
0
1
0
0
1612
11
128
693
2
1
0
1
35
0
1
2
0
1
289
0
15
1
3
0
0
0
1
0
86
0
37
3619
5
0
1487
5722
274
3641
2
0
18214
78
369
0
0
145
17
0
0
0
2
9
27
1
417
0
760
0
3
120
2711
3
0
594
4005
6
0
0
9816
5691
28
8
0
0
141
31
0
4
305
2
0
0
8
8
58
0
0
8
3
0
0
0
11
2
2
0
7
0
5274
132
181
9356
28
0
0
172
30
0
2
19
0
708
0
0
0
1
5
0
0
0
276
3
0
0
23
0
0
1
3
0
5
0
684
84
5597
1155
11
0
0
88
69
0
0
0
2
292
0
0
54
0
8
0
1
1
16
0
50
0
46
1
0
0
0
0
0
8204
0
0
0
0
34
1533
2
0
0
0
26
0
0
0
0
0
1
0
28
0
1002
86
1
325
1
0
0
0
24
0
1612
11
0
0
0
38
337
0
132
69
8
0
0
0
1
16
0
0
0
0
8
577
2
0
0
0
1
0
0
0
0
0
1803
0
4316
0
125
69
0
0
0
2
373
0
834
1
1
782
2
114
350
12
0
0
0
151
0
0
0
0
0
3
31
1
3819
76
1403
0
3
31
2752
9
0
1578
5695
1
3
0
4
0
0
91
20
0
10
269
1
0
0
5
9
25
0
0
5
3
1826
29
0
146
32
0
2
25
0
56
10
786
0
4
0
0
0
17
0
0
0
49
0
563
0
0
0
0
2
0
0
0
466
15
39
0
173
54
0
0
0
13
91
0
1426
71
65
21
0
0
0
1
39
0
0
0
0
0
57
0
0
89
0
8
11
1050
354
5
0
29
0
28
4
761
852
0
0
3
41
57
0
0
0
7
2053
1
0
0
0
24
0
0
0
0
1
1
1035
1410
0
1821
5
39
0
0
0
0
42
20
2
1
1
3
1107
3
1
0
0
5
0
1
1
2
0
211
0
14
0
2
1612
11
0
0
28
1380
0
7810
1
237
17
0
0
1
91
0
0
0
1
0
3
36
1
299
0
640
0
2
93
2982
1
0
12859
262
35
0
4
0
395
12
0
0
231
24
1
7
349
2
0
0
14
11
38
0
0
13
4
1
0
0
17
0
2
1
2286
71
328
5
2490
3906
169
0
0
0
128
25
0
2
38
0
439
0
0
0
1
2
0
0
0
303
3
0
3
30
0
0
1612
11
30
111
0
1066
69
774
0
0
0
2
31
0
1
1
1
1
75
0
0
106
0
9
0
25
0
6
0
13
0
38
77
1644
1029
0
0
1
64
72
0
0
0
2
1331
2
0
0
1
31
0
0
0
0
1
1
0
371
0
5876
10
28
1
0
75
0
111
31
0
0
0
53
1637
1
1
0
0
117
0
0
0
0
0
364
0
12
0
12
0
0
0
0
0
88
0
1985
6065
2145
779
318
0
0
210
20
0
0
0
2
6
28
1
376
0
493
0
2
156
1454
2
0
1406
1367
59
1
1
3
1
0
75
0
111
31
0
28
488
2
0
0
119
22
25
0
0
67
3
0
0
0
20
1
0
1
8
0
485
39
0
4937
0
0
2286
71
0
68
56
0
7
77
0
1471
0
0
0
0
51
0
0
0
202
3
0
0
18
0
0
1
2
0
7
0
262
40
9448
2554
18
0
1
59
65
0
0
0
3
273
0
0
105
0
10
0
25
0
6
0
12
0
38
3
0
0
0
0
2
30
1612
11
0
0
28
1697
2
0
0
1
20
0
0
0
0
1
1
1
1297
0
4385
7
52
18
0
0
0
35
0
0
0
0
5215
708
3
1
0
1
34
16
0
0
0
2
365
0
14
1
3
0
0
0
1
0
101
0
2107
1
127
3
0
0
0
5
1612
11
0
0
28
92
38
1
306
0
424
0
2
132
2568
2
0
1261
2532
32
0
2009
0
5
2
0
0
0
69
0
0
3
466
15
39
0
173
1585
62
0
0
142
18
0
0
0
17
2
2
1
5
0
5
637
2135
1335
18112
0
0
0
0
5
2
2
1035
136
0
686
0
0
0
1
44
40
1
1
367
3
0
2
21
0
0
1
1
0
5
0
167
44
510
0
0
0
0
2
1612
11
0
0
28
1025
0
0
547
0
11
0
25
0
5
0
9
0
37
3
0
0
0
0
2
23
0
0
0
1
0
944
21286
0
30
0
68
75
0
0
0
0
0
10
245
0
8103
1
26
8
0
0
0
77
0
0
0
0
7
719
1
0
0
0
1612
11
0
0
0
38
1441
4
16
1
36
0
0
0
0
1
75
0
2051
1
157
3
0
0
0
53
0
0
0
1
0
2
22720
1
338
0
651
0
2
81
3352
2
0
1185
1657
164
0
0
1
3
2
4
0
0
97
16
1
4
271
2
0
0
5
10
1826
29
0
146
202
6
0
0
84
1
1
1
3
0
4
757
1350
190
0
0
0
15
1
1
0
56
0
322
0
0
0
0
1612
11
0
26
808
6
0
0
30
0
0
0
1
0
37
0
69
38
29
44
1
0
0
0
16
0
0
0
1
0
49
0
75
6443
0
8
0
23
0
19
0
27
0
7
2
0
1247
0
0
1
67
55
0
0
0
3
1640
1
0
0
1
32
0
0
1612
11
0
0
28
591
0
2884
115
0
696
47
3
1
0
0
1
35
0
0
0
1
1
1
0
13
0
2773
44
0
0
0
0
8204
0
0
0
0
164
1286
2
1
0
0
28
0
0
0
0
0
446
0
8491
3162
3139
31
720
1668
6
17
7
0
5
4
820
1
0
98
10671
29
305
0
0
143
20
0
0
0
2
12
395
1
807
0
321
0
4
70
1031
7
0
1484
23
674
8
49
5104
29
12
0
0
52
23
0
8
391
2
0
0
8
7
49
0
0
6
3
1
0
0
8
2
2
1
7
0
460
2036
603
1788
5671
13
0
0
164
53
0
2
36
0
619
0
0
0
1
7
0
0
0
282
4
0
2
34
1
0
1
3
0
6
0
5569
154
1011
568
9
0
1
65
98
0
0
0
2
276
0
0
118
0
10
0
26
0
6
0
13
0
36
3
0
0
0
0
0
8204
0
0
0
0
34
1533
2
0
0
0
26
0
0
0
0
0
1
0
1217
0
4032
7
64
11
0
0
0
30
0
0
1612
11
128
693
2
1
0
1
35
0
1
2
0
1
289
0
15
1
3
0
0
0
1
0
86
0
1967
1
144
3
0
0
0
8204
0
0
0
0
34
79
40
2
281
1
379
0
2
138
2520
2
0
1311
2242
3675
1658
2
2
43
0
0
0
32
0
0
5215
352
0
0
1
77
75
30
0
0
20
2
0
0
0
9
2
3
0
7
0
3
710
0
7333
21
18
0
0
0
0
0
1612
11
0
26
196
0
1154
0
0
0
2
27
0
0
0
198
3
0
2
13
0
0
1
3
0
5
0
271
41
386
0
0
75
0
111
31
0
0
0
5
1376
0
0
313
0
6
0
3
0
12
0
25
0
31
3
0
0
0
0
0
133
0
0
0
1612
1023
627
2
0
0
1
23
1
1
0
0
0
0
1
22
0
14495
1778
4
4
0
0
2
17
0
0
0
0
0
0
0
302
517
287
14
48
1
0
0
65
83
0
0
0
52
1144
1
1
0
0
19
0
0
0
1
0
527
0
5913
556
0
0
0
0
8204
0
0
0
0
34
79
40
2
281
1
379
0
2
138
2520
2
0
1311
12
601
0
1
87
4
0
0
0
0
1
33
1612
11
128
527
2
0
1
47
8
24
0
0
8
3
0
0
0
6
1
2
1
9
0
2
1191
59
39
75
40
0
0
0
1612
11
0
26
196
0
855
0
0
0
2
29
0
0
0
220
3
0
2
13
0
0
1
2
0
5
0
363
53
322
0
0
75
0
111
31
0
0
0
5
1376
0
0
313
0
11
0
25
0
5
0
11
0
36
3
0
0
0
0
0
139
0
0
0
1612
1023
627
2
0
0
1
23
1
1
0
0
0
0
1
637
0
10124
10
51
19
0
0
0
34
0
0
0
0
3
0
0
180
295
0
140
65
0
0
0
5
803
0
28
0
89
0
0
0
0
1
118
0
2800
1
142
3
0
0
0
91
0
0
0
1612
1023
43
30
1
409
0
288
0
1
202
2179
2
0
1351
12
1783
2
0
5
1
0
0
0
99
3
2
3
197
2
0
0
1612
3758
90
0
1
17
4
1
0
1
5
2
2
0
8
0
566
385
25708
2
0
0
0
4
0
2
0
63
0
679
0
0
75
0
111
31
0
4
537
7
0
0
86
0
0
0
1
0
57
0
1708
75
154
1
0
0
0
63
0
0
0
1
0
77
18272
519
5855
0
5
0
23
0
8
0
26
0
35
3
0
296
0
0
1
37
54
0
0
0
3
1105
1
0
0
0
42
0
1612
11
0
0
0
38
561
0
296
364
38
0
0
0
0
1
30
0
0
0
0
1
1
0
12
0
14
193
0
0
0
0
1612
11
0
0
0
201
1247
2
1
0
1
41
0
0
0
0
1
330
0
14
0
4
0
0
0
0
0
82
0
3615
2500
612
1150
2007
856
0
1
187
25
0
0
0
2
10
26
1
362
0
591
0
2
130
2378
3
0
1033
1110
568
1
0
0
0
1
5
1612
11
128
527
2
0
1
47
8
24
0
0
8
3
0
0
0
6
1
2
1
9
0
2858
19192
8
0
0
0
0
0
5
1612
11
30
111
0
894
0
0
0
2
37
0
1
0
240
3
0
2
12
0
0
2
3
0
5
0
203
24
84
0
0
0
0
8204
0
0
0
0
34
978
0
0
885
0
11
0
25
0
5
0
9
0
36
3
0
0
0
0
0
25
0
0
0
0
1035
902
2
0
1
1
35
52
1
1
0
0
0
1
448
0
9122
10
42
14
0
0
1
48
0
0
0
0
3
0
0
0
75
0
111
31
0
0
0
5
2109
0
44
0
104
0
0
0
0
1
96
0
2273
1
129
3
0
0
0
75
0
0
0
1
1035
66
19
1
364
0
267
0
1
165
1810
3
0
1493
6012
41
0
0
0
3
1
0
0
0
96
15
2
3
332
2
0
0
1612
3758
90
0
1
17
4
1
0
1
5
2
2
0
8
0
3
327
1
33
0
0
0
4
0
2
0
73
0
154
0
0
75
0
111
31
0
4
537
7
0
0
86
0
0
0
1
0
57
0
1708
62
68
1
0
0
0
61
0
0
0
1
0
77
18272
519
6234
0
9
0
22
0
7
0
12
0
26
3
0
273
0
0
1
41
50
0
0
0
6
1110
1
0
0
0
47
0
1612
11
0
0
0
38
1536
0
3158
7
62
11
0
0
1
50
0
0
0
0
3
1053
6
1
0
0
3
0
0
0
1
0
1803
0
4316
0
125
69
0
0
0
2
373
0
3091
1
158
3
0
0
1
101
0
0
0
0
0
2
25
1
312
0
594
0
708
23
2224
11
0
2569
4
360
0
2
2
1
7
0
0
178
17
1
4
357
2
0
0
11
6
64
0
0
11
3
0
0
0
8204
0
0
25
124
0
1420
1170
2
0
0
0
1
30
0
0
0
43
0
467
0
0
0
0
8
0
0
0
273
3
0
0
8204
0
0
0
0
34
366
0
2561
38
138
0
0
0
1
30
0
0
0
0
0
79
0
0
133
0
8
0
25
0
7
28
4440
4
49
198
1476
558
0
0
2
39
44
0
0
0
3
1647
1
0
0
1
9
0
0
0
0
1
1
1
351
0
5092
3418
1425
258
301
0
1
62
22
0
0
0
10
1313
1
1
0
0
3
0
0
1
2
0
143
0
14
0
1
0
0
0
1
1035
2949
0
3755
1
202
3
0
0
0
79
21
1
1
0
1
4
25
1
395
0
485
0
2
204
2813
2
0
1623
18404
47
0
5104
0
84
11
0
0
192
21
1
5
375
2
0
0
15
6
43
0
0
11
3
1
0
0
15
2
2
1
7
0
15
52
28473
959
0
1207
6
0
1
54
24
0
2
34
0
442
0
0
0
1
6
0
1
0
330
1
0
0
30
1
0
1
2
0
302
517
5471
40
114
0
0
0
0
64
93
0
0
0
2
340
0
0
106
0
9
0
26
0
6
0
13
0
36
4
0
0
18272
519
1
47
70
0
0
0
5
756
3
0
0
0
74
0
0
0
0
0
1
0
864
0
7343
6
54
8
0
0
0
56
1612
11
0
0
175
1139
2
1
0
1
39
0
0
0
0
0
292
0
14
0
4
0
0
0
0
0
87
0
1929
1
150
3
5285
176
0
157
40
0
0
0
9
29
51
1
296
0
596
0
2
138
1542
3
0
1030
964
11
4
2
0
0
2
1
0
0
0
8204
0
0
114
478
2
0
0
29
10
30
0
0
27
3
0
0
0
12
2
0
1
10
0
3669
0
3033
3
0
0
0
0
8204
0
0
25
258
0
1582
0
0
0
1
30
0
0
0
205
3
0
2
21
0
0
1
3
0
5
0
144
19
361
0
302
517
1
79
150
0
0
0
15
590
0
0
240
0
7
0
29
0
8
0
25
0
58
2
0
0
0
0
0
54
0
0
1612
11
30
896
2
0
0
1
23
0
0
1
0
0
0
1
18
0
717
991
472
186
0
0
0
40
0
0
0
0
0
0
1035
136
0
128
0
0
0
1
41
40
1
0
0
4
900
2
1
0
0
10
0
0
1
1
0
475
0
32
319
0
1662
4135
11105
4641
3091
36
522
0
0
233
19
0
0
0
2
7
15
1
351
0
578
0
2
80
153
0
627
2994
0
454
0
0
0
0
0
8204
0
0
114
478
2
0
0
29
10
30
0
0
27
3
0
0
0
12
2
0
1
10
0
3669
1
577
2
9
9
0
465
3169
9
0
2
213
40
0
2
27
0
420
0
0
0
1
24
0
0
0
339
2
0
2
38
1
0
1
3
0
5
0
6759
230
787
1146
8
0
1
85
92
0
0
0
2
260
0
0
77
0
3
0
29
0
3
0
9
0
48
0
0
0
0
0
0
8204
0
0
0
0
34
1533
2
0
0
0
26
0
0
0
0
0
1
0
28
0
706
1736
1992
1425
1
0
0
0
24
0
1612
11
0
0
0
38
337
0
2470
138
0
0
0
1
12
0
0
0
0
8
549
2
0
0
0
1
0
0
0
0
0
212
75
12835
908
271
60
184
0
0
160
34
1
0
0
2
14
22
1
296
0
712
0
1
47
918
2
0
1275
578
85
1
2258
0
839
19
0
0
43
25
0
3
441
1
0
0
7
4
30
0
0
7
3
1
0
0
6
2
2
1
5
0
1523
603
1
4357
279
15275
18
43235
0
751
11
0
0
179
18
0
2
45
0
846
0
0
0
2
7
0
0
0
343
3
0
1
33
0
0
1
1612
1023
75
0
932
263
52
0
0
0
2
30
1
1
1
0
1
86
0
0
67
0
5
0
3
1
11
0
22
0
23
3
839
184
0
0
1
43
44
0
0
0
2
1064
2
0
0
1
16
0
0
0
0
1
1
0
5
0
85
2010
0
0
0
0
1612
11
0
0
0
0
0
50
389
0
56
224
0
0
0
1
18
0
0
0
0
17
572
2
1
0
0
1
0
0
0
0
1035
655
2
32
1
45
55
1
1
0
1
132
0
9562
2083
61
15
0
0
0
40
0
0
1
1
0
0
29
1
208
0
538
14066
4308
35
5962
4
0
1451
7094
0
0
19
0
0
131
24
0
7
139
1
0
0
8
4
69
0
0
5
4
0
0
0
7
1612
11
30
87
0
15
36
227
427
0
0
3
31
0
1
0
52
0
643
0
0
0
0
1
0
1
0
237
3
0
5
2
1612
11
0
0
28
286
0
1534
40
281
0
0
0
1
20
0
0
0
1
0
65
0
0
115
0
2
0
28
0
17
0
51
28
3712
680
1784
682
0
0
2
39
44
0
0
0
3
1521
1
0
0
1
7
0
0
0
0
1
1
1
4
0
5
51
2234
398
4175
344
0
1
135
57
0
0
0
0
0
2
29
0
102
28
0
0
0
0
1
0
0
0
0
7
917
1
0
0
0
1612
11
0
0
0
38
1441
4
16
1
36
0
0
0
0
1
75
0
62
5085
6
0
1583
533
7
0
0
0
0
0
38
0
1612
11
0
26
73
37
1
322
0
410
0
1
147
2434
2
0
1290
823
13
0
0
0
0
1
63
0
0
3
125
2
0
0
1612
3758
90
0
1
17
4
1
0
1
5
2
2
0
8
0
157
76
0
571
0
0
0
0
5
1
2
0
76
0
504
0
302
517
1
79
150
0
9
348
9
0
0
65
0
0
0
1
0
40
0
5755
63
245
1
0
0
0
40
0
0
0
1
0
5503
0
179
434
0
7
0
27
0
17
0
23
0
41
2
0
2
0
0
0
39
59
0
0
0
7
864
1
0
0
2
24
1612
11
0
0
0
0
44
538
0
25073
0
9765
70
2
0
0
1
34
0
0
0
0
0
0
0
13
0
7
0
0
0
0
1612
11
0
0
0
201
1247
2
1
0
1
41
0
0
0
0
1
330
0
14
0
4
0
0
0
0
0
82
0
33
3668
6
8509
5737
1346
0
3546
0
108
373
0
0
380
33
0
0
0
4
1
16
1
226
0
714
0
2
113
226
7
0
26
0
0
0
5104
29
12
0
0
52
23
0
8
391
2
0
0
8
7
49
0
0
6
3
1
0
0
8
2
2
1
7
0
3563
6592
0
839
20
0
1
101
19
0
2
83
0
427
0
0
0
2
8
0
1
0
370
2
0
0
21
1
0
1
2
0
7
0
429
418
994
1616
18
0
1
60
63
0
0
0
2
365
0
0
107
0
10
0
26
0
6
0
14
0
38
3
0
0
0
0
2
1612
11
0
0
0
38
1826
2
0
0
0
19
0
0
0
0
0
1
0
1324
0
4020
7
54
19
0
0
0
35
0
0
0
1612
3758
516
3
1
0
1
29
2
0
0
0
2
309
0
11
1
2
0
0
0
1
0
101
0
2077
1
142
3
0
0
0
1612
11
0
0
0
38
98
40
1
286
0
456
0
2
124
2721
2
0
1217
19580
64
0
1
4
6
0
0
0
76
0
0
4
466
15
39
0
173
1585
62
0
0
142
18
0
0
0
17
2
2
1
5
0
352
1
0
988
0
0
0
0
0
4
1
2
1035
136
0
1263
0
0
0
1
45
38
1
1
421
3
0
2
23
0
0
1
2
0
5
0
299
76
698
0
0
0
1
2
1612
11
0
0
28
1025
0
0
225
0
8
0
9
0
9
0
54
0
10
2
0
0
0
0
3
24
0
0
0
1
0
947
21286
0
30
0
68
75
0
0
0
0
0
10
75
0
1392
198
3230
32
1
0
0
1
63
0
0
0
0
0
0
0
12
0
9867
180
1349
14
0
1
62
69
0
0
0
21
1193
3
1
0
0
55
0
0
0
1
0
429
0
8407
0
0
0
0
8
0
1612
11
0
26
73
37
1
322
0
410
0
1
147
2434
2
0
1290
3514
6
0
5
2
0
0
0
1
62
0
0
3
111
1
75
0
111
656
139
0
1
256
9
1
0
0
34
2
2
0
7
0
143
1
0
963
0
45
4
2586
5
0
0
0
10
0
1612
1023
75
0
582
0
0
0
2
31
2
1
0
325
3
0
2
11
0
1
1
2
0
6
0
838
18
355
0
0
0
0
1612
11
0
0
0
38
967
0
0
639
0
8
0
23
1
3
0
5
0
18
3
0
0
0
0
2
27
0
0
0
0
1
3421
2
0
33
0
52
62
0
0
0
0
0
7
60
0
2494
833
33
74
1182
521
5
1
0
0
1
55
0
0
0
0
0
1612
1023
75
0
82
0
0
0
2
30
2
1
0
0
4
588
2
1
0
0
1
0
0
0
1
0
332
0
4916
1215
2
0
75
0
111
31
0
0
0
5
88
35
1
350
0
466
0
2
137
2971
2
0
1179
3609
4
0
4
4
0
0
2
0
0
0
0
8204
0
0
114
478
2
0
0
29
10
30
0
0
27
3
0
0
0
12
2
0
1
10
0
6013
0
39244
0
0
0
0
1612
11
0
26
196
0
1474
0
0
0
2
25
0
0
0
215
3
0
2
12
0
0
1
3
0
5
0
328
16
31
68
0
302
517
1
79
150
0
0
0
15
590
0
0
164
0
11
0
6
0
8
0
14
0
0
2
0
0
0
0
0
65
0
0
1612
11
30
896
2
0
0
1
23
0
0
1
0
0
0
1
18
0
3692
7856
0
0
0
0
21
0
0
0
0
0
0
0
302
517
2512
19
0
3
0
0
74
77
0
0
0
49
1103
1
1
0
0
22
0
0
1
1
0
187
0
28
0
7
0
0
1612
11
30
1649
0
130
1
5
281
0
0
35
109
217
1667
7143
4
0
156
11
114
0
6
0
0
0
40
0
1
2
1
0
1932
6244
1
212
1
431
0
3
54
2184
2
0
1395
14297
1
67
2
0
0
0
0
157
17
1
9
322
1
0
0
2
9
115
75
0
111
208
227
0
0
174
1
1
0
3
0
165
0
19566
2
1
0
0
0
41
0
1
0
75
0
1275
0
0
0
0
1612
11
0
26
808
6
0
0
30
0
0
0
1
0
37
0
2326
61
214
0
0
0
0
23
0
0
0
1
0
83
0
0
3045
0
9
0
23
1
13
0
13
0
36
3
154
1211
0
0
1
37
49
0
0
0
7
1452
1
0
0
0
25
0
0
0
1612
11
0
26
1610
0
3355
6
55
7
0
0
1
41
0
0
1
1
3
934
4
1
0
0
3
0
0
0
1
0
234
0
7150
0
294
35
0
0
0
3
987
0
3139
1
121
5
0
0
1
83
0
0
0
0
0
3
24
1
293
0
586
0
2
107
2116
26
0
6115
810
4
2447
1
0
0
431
5
0
0
383
14
0
11
171
1
0
0
14
13
59
0
0
9
4
0
0
0
1612
11
0
26
122
0
2458
1
171
50
0
0
0
2
41
0
0
0
47
0
592
0
0
0
0
1
0
0
0
237
2
0
0
8204
0
0
0
0
34
366
0
2561
38
312
0
0
0
1
29
0
0
0
0
0
78
0
0
134
0
9
0
25
0
7
28
4440
4
49
198
1476
558
0
0
2
39
44
0
0
0
3
1647
1
0
0
1
9
0
0
0
0
1
1
1
351
0
5092
3418
1425
258
301
0
1
62
22
0
0
0
10
1313
1
1
0
0
3
0
0
1
2
0
143
0
14
0
1
0
0
0
1
1035
2949
0
3755
1
202
3
0
0
0
79
21
1
1
0
1
4
25
1
395
0
485
0
2
204
2813
2
0
1623
4193
2
5
15560
4898
0
58
10
0
0
153
25
1
5
488
2
0
0
14
7
50
0
0
10
3
1
0
0
13
2
2
1
6
0
145
2335
144
10
0
0
88
31
0
3
47
0
455
0
0
0
1
34
0
0
0
389
4
0
1
17
0
0
1
3
0
11
0
5569
94
212
1017
10
0
1
71
95
0
0
0
3
312
0
0
132
0
10
0
26
0
6
0
14
0
36
3
0
0
0
0
0
8204
0
0
0
0
34
1533
2
0
0
0
26
0
0
0
0
0
1
0
1217
0
4032
7
64
11
0
0
0
30
0
0
1612
11
128
693
2
1
0
1
35
0
1
2
0
1
289
0
15
1
3
0
0
0
1
0
86
0
1967
1
144
3
0
0
0
8204
0
0
0
0
34
79
40
2
281
1
379
0
2
138
2520
2
0
1311
4662
1043
1
3
39
0
0
0
32
0
0
4
466
15
39
0
173
1585
62
0
0
142
18
0
0
0
17
2
2
1
5
0
12407
50
0
0
0
0
4
1
2
0
66
0
7195
5374
23
0
1
78
84
0
2
850
3
0
0
55
2
0
0
1
0
2
0
972
123
1
0
0
0
0
23
0
0
0
1612
1023
541
0
0
214
0
10
0
28
0
5
0
37
0
59
2
0
0
0
0
3
32
1
1
0
0
1
957
1
0
0
0
8204
0
0
0
0
0
0
41
574
0
12606
277
21
0
0
0
31
0
0
0
0
0
0
0
14
0
180
51
0
0
0
0
8204
0
0
0
0
164
1286
2
1
0
0
28
0
0
0
0
0
307
0
11
0
14
0
0
0
0
0
85
0
14
433
766
1201
20
24460
8
506
0
1
197
29
0
0
0
2
7
20
1
325
0
577
0
2
129
1841
3
0
1024
3888
3
8
98
2360
36496
96
18247
8
9
0
1
69
34
0
3
968
3
0
0
5
7
39
0
0
4
3
1
0
0
4
2
2
0
3
0
4156
25
1627
1
0
2733
10
0
1
254
14
0
2
41
0
611
0
0
0
2
5
0
1
0
327
3
0
2
58
1
0
1
2
1035
136
0
683
35
116
0
0
0
1
45
43
1
0
0
1
133
0
0
113
0
9
0
25
0
6
0
14
0
37
4
0
5503
0
179
0
54
84
0
0
0
13
791
2
0
0
0
37
0
0
0
0
0
1
0
598
0
9199
8
52
10
0
0
0
1612
11
0
0
0
201
1247
2
1
0
1
41
0
0
0
0
1
330
0
14
0
4
0
0
0
0
0
82
0
1956
1
156
839
1024
0
0
253
14
0
0
0
2
11
40
1
439
0
554
0
2
134
1330
4
0
1481
9123
22
2
0
0
0
3
1
0
75
0
111
31
0
28
488
2
0
0
119
22
25
0
0
67
3
0
0
0
20
1
0
1
8
0
633
12832
180
1
0
0
0
8204
0
0
25
258
0
816
6
0
0
1
30
0
0
0
221
3
0
2
21
0
0
1
3
0
5
0
531
36
197
0
302
517
1
79
150
0
0
0
15
590
0
0
240
0
9
0
25
0
5
0
9
0
35
3
0
0
0
0
0
46
0
0
1612
11
30
896
2
0
0
1
23
0
0
1
0
0
0
1
951
0
6637
8
51
19
0
0
0
34
0
0
0
0
3
0
21286
0
30
0
68
75
0
0
0
3
664
0
20
0
73
0
0
0
0
0
176
0
3442
1
127
3
0
0
0
83
0
0
1612
11
30
48
36
1
352
0
367
0
1
166
2307
2
0
1332
3039
25
0
1
4
2
0
0
0
85
0
1
3
152
2
0
0
8204
528
104
0
1
27
3
1
0
0
13
2
2
1
14
0
593
13668
246
189
1292
0
0
0
0
18
0
2
0
64
0
6610
4159
21
0
1
58
63
0
2
839
3
0
0
44
1
0
0
1
0
2
0
809
33
779
0
0
0
0
25
0
0
0
1612
1023
541
0
0
343
0
11
0
25
0
5
0
10
0
37
3
0
0
0
0
3
29
1
1
0
0
1
932
1
0
0
0
8204
0
0
0
0
0
0
41
574
0
24148
124
3
0
0
1
31
0
0
0
0
0
0
0
13
0
1483
0
0
0
0
1612
11
0
0
0
201
1247
2
1
0
1
41
0
0
0
0
1
458
0
446
0
0
0
0
3
0
0
0
1
0
1
26
28
9803
58
798
0
3
76
2676
10
0
1774
526
3
1686
1
0
3
0
0
17
8
0
0
36
6
1
8
285
2
0
0
23
5215
40
0
1
128
46
0
0
1
5
3
2
0
9
0
525
13197
270
217
3127
6
0
0
0
5
1
2
0
68
0
1743
0
302
517
1
79
150
0
9
348
9
0
0
65
0
0
0
1
0
40
0
5755
392
21
1
0
0
0
43
0
0
0
1
0
5503
0
179
434
0
5
0
20
0
7
0
40
0
23
2
0
2
0
0
0
41
62
0
0
0
7
899
1
0
0
2
27
1612
11
0
0
0
0
44
538
0
641
977
32
65
1534
551
5
1
0
0
1
22
0
0
0
0
0
0
0
12
0
125
0
302
517
1
79
150
0
0
0
195
1504
1
1
0
0
72
0
0
0
0
0
45
9
1
341
0
589
0
2
71
1816
2
0
12859
1483
7
7
2159
11
0
3
38
6
0
0
42
25
0
5
1086
1
0
1
5
9
49
0
0
6
2
0
2
0
13
0
1612
1023
46
0
720
13381
241
289
9107
1
0
0
2
46
1
1
0
33
0
1065
0
0
0
0
1
0
1
0
270
2
0
2
1612
11
0
0
0
38
337
0
1829
283
14
0
0
0
1
18
0
0
0
0
0
64
0
0
117
0
3
0
28
0
14
0
646
2
40
319
1802
323
0
0
1
40
57
0
0
0
3
1544
1
0
0
1
15
0
0
0
0
1
1
1
3
0
4500
0
17220
291
8713
562
0
1
108
43
0
0
0
0
0
3
34
0
8
0
0
0
0
1
0
0
0
0
7
842
1
0
0
0
1612
11
0
0
0
38
1441
4
16
1
36
0
0
0
0
1
75
0
62
5085
6
0
1583
9707
9
2320
8
0
0
0
0
0
0
8204
0
0
0
0
34
79
40
2
281
1
379
0
2
138
2520
2
0
1311
20062
9
2315
7
0
1
0
0
0
1
33
0
1612
3758
510
1
0
1
56
0
20
0
0
8
3
0
0
0
5
2
2
0
9
0
681
12982
217
203
5385
0
0
0
0
0
1612
11
0
26
196
0
1385
0
0
0
2
30
0
0
0
212
3
0
2
13
0
0
1
2
0
5
0
351
603
3
0
0
75
0
111
31
0
0
0
5
1376
0
0
313
0
2
0
27
0
10
0
33
0
13
3
0
0
0
0
0
120
0
0
0
1612
1023
627
2
0
0
1
23
1
1
0
0
0
0
1
22
0
37759
0
5103
45
2
0
0
1
21
0
0
0
0
0
0
1035
136
0
6
1
0
0
1
44
42
1
0
0
3
802
2
1
0
0
8
0
1
1
1
0
305
0
16
0
3
0
0
1612
11
30
1649
0
201
5384
7
0
1120
6138
0
2
1237
8
0
0
0
0
0
1
61
0
1
1
1
0
3
45
1
294
0
6294
3
866
33
2057
5
0
1554
7896
0
3
1443
7
0
0
0
6
0
0
184
21
0
6
344
1
0
0
5
7
33
0
0
1612
1023
233
0
1
52
1
1
1
4
0
7912
10
1035
7
0
31
44
1
0
0
2
29
0
1
0
53
0
858
0
0
0
0
8204
0
0
25
784
6
0
0
28
0
0
0
1
0
40
0
2886
366
27
0
0
0
0
27
0
0
0
1
0
79
0
75
6443
0
7
0
0
1
13
0
34
0
10
2
0
1391
0
0
1
77
57
0
0
0
3
1663
1
0
0
1
36
0
0
1612
11
0
0
28
1585
0
689
0
117
0
126
0
86
0
0
0
1
35
0
0
0
1
3
1313
5
1
0
0
1
0
0
1612
11
30
1649
0
929
1077
1
1733
7
464
8
7
1
3
1
6
157
72
1
0
667
9772
0
0
1
0
0
0
116
0
2
1612
11
30
48
36
1
352
0
367
0
1
166
2307
2
0
1332
20233
5
0
507
0
0
137
0
0
0
0
2
78
0
1
3
466
15
39
0
173
1585
62
0
0
142
18
0
0
0
17
2
2
1
5
0
5054
1215
537
0
0
0
4
2
2
0
53
0
6860
3434
23
0
1
68
72
0
2
776
2
0
0
51
1
0
1
1
0
2
0
489
445
18
0
0
0
0
24
0
0
0
1612
1023
541
0
0
343
0
0
0
13
0
1
0
15
0
57
2
0
0
0
0
3
30
0
1
0
0
1
913
1
0
0
0
8204
0
0
0
0
0
0
41
574
0
255
0
1776
45
1
1
0
0
0
30
0
0
0
0
0
0
0
12
0
211
0
302
517
1
79
150
0
0
0
195
1504
1
1
0
0
72
0
0
0
0
0
263
0
18
0
4
0
0
0
0
0
90
0
85
8843
2
1587
521
300
308
0
0
196
18
1
1
0
2
18
22
1
328
0
568
0
2
79
594
2
0
1010
6209
0
0
0
75
0
111
31
0
28
488
2
0
0
119
22
25
0
0
67
3
0
0
0
20
1
0
1
8
0
658
1197
7
893
87
0
75
0
111
31
0
4
209
0
1980
0
0
0
1
106
0
0
0
159
3
0
0
21
0
0
1
2
0
6
0
276
526
15
839
57
0
1
90
34
0
0
0
2
322
0
0
142
0
0
0
24
0
8
0
23
0
25
4
0
0
0
0
3
27
0
1612
11
0
26
1392
2
0
0
1
21
0
0
0
1
1
0
1
21
0
681
342
27
0
1
0
0
0
21
0
0
0
0
1612
11
30
111
0
15
189
0
0
0
2
27
0
1
1
1
3
614
2
1
0
0
1
0
0
0
1
0
272
1
25
0
1612
11
0
0
0
38
1227
0
19720
2239
552
41
62
0
0
1
35
0
0
0
0
1
2
56
2
153
0
804
0
1
40
647
4
7521
7393
699
0
3916
539
2
1
129
9
0
0
235
21
0
17
623
2
0
0
1
12
73
0
0
2
4
0
0
0
4
1612
11
30
87
0
1
850
0
0
3
33
0
1
0
53
0
648
0
0
0
0
1
0
0
0
253
2
0
2
1
0
0
1612
11
30
111
0
1197
22
24
9
0
0
0
2
30
0
1
1
1
1
62
0
0
59
0
3
0
2
1
17
0
24
0
368
1540
5800
562
0
0
1
43
78
0
0
0
3
1453
2
0
0
1
22
0
0
0
0
1
1
1
3
0
87
21
100
0
8580
54
0
121
115
1
1
0
0
0
12
55
0
40
31
748
1
0
0
0
51
0
0
0
0
16
701
1
0
0
0
4
1612
11
0
0
28
1443
4
16
1
40
0
0
0
0
0
76
0
111
5
1
0
963
1670
1603
154
23
162
27
174
53
8412
0
3202
19
1068
0
251
2409
1
118
137
0
166
7
1148
0
1
188
25
0
0
0
2
5
10
1
306
0
497
0
1
10
17007
10
5608
54
76
189
208
0
2
36
0
92
5485
15
0
5256
174
3
47
0
16
0
0
7
315
2
97
22
1
1
0
2
1
0
274
1
9565
3489
8
1
0
141
0
35
7
1
5
9
0
0
0
9
2
47
0
220
6
0
19
12
32
0
22
3
3
0
226
36527
0
0
2619
822
0
0
193
255
9
441
20
1
0
938
3031
4
0
2
2
6
605
0
229
6
3
159
0
16
0
0
5104
867
248
5
116
367
28
0
387
2
0
155
1
1
0
0
34
5
4507
6
171
175
0
3
527
23
0
0
0
2951
12
0
225
31
394
1
8
381
0
0
0
0
12
23
16
7220
0
5
0
0
0
286
7
0
0
0
0
1
102
75
0
2048
0
986
11
1832
1
728
12
20789
0
1237
0
0
1
8384
32
3556
256
151
1
10
12
7
6
0
21672
0
0
0
0
682
0
0
0
0
440
784
4
5551
2645
2
27
587
95
0
322
19
0
443
7
0
1076
18
70
4
1
1
2
0
0
0
0
0
14247
0
0
3
5669
12
10
2
22
19
0
1967
20
1
1088
5
0
44
1
0
0
0
0
0
0
6083
5376
3
42
623
82
0
2329
6
1
286
11
1832
1
728
12
4236
33
0
2562
18
6435
290
208
1
6
14
18
5
0
394
0
0
661
64
5
0
1
3
68
103
0
428
3
100
100
8
204
22
2313
6465
775
112
157
1
14
13
9
7
0
6781
590
17
0
1
5
57
157
0
52
319
0
0
199
0
323
2
3664
8
38
822
0
0
68
3307
110
388
1
54
17
15
10
0
177
0
0
0
0
2
1
58
108
0
7360
16
15
8
6
61
28
8273
153
15601
73
774
3
30
12
27
37
0
8924
0
3
3
130
1
0
185
479
7969
86
1
0
0
64
232
0
0
38508
5311
70
0
31
498
1
512
19
4
160
0
1
0
0
3
96
1
0
17
5
109
0
12
0
4
0
0
2500
794
1
0
163
18933
6
7628
24
1376
6
10
4301
3
241
3
3
7
8
2
1
5
38
0
0
4
90
0
125
1
0
0
101
1
38
0
44
2
20353
1059
28
2
0
40
0
2172
0
205
0
0
3
0
13
0
0
3
1562
14
4
7
0
4
4
25
4
798
0
2
13680
17
0
3
12
8921
1211
2
1
1
40
4
13
1
451
2
1
138
162
165
2
1
108
472
285
3
279
7875
15
2
3
5
87
1165
4
0
0
10077
3681
36
3090
5
0
2
0
10
0
80
219
136
0
0
1125
2
0
4808
55
0
0
2
2
0
0
12
38761
3
3
86
0
2
3
0
16283
181
9
0
1
1139
1
1
164
23
0
33
76
8
1
13
20
64
60
11
0
1
2
0
13204
55
2
20
47
2
0
37
1
196
2
0
0
77
129
0
30
0
0
0
2
7038
11
279
2
1
0
1189
0
22
9
0
3882
10
9089
7302
0
5
169
1
209
303
1
2
220
130
5
0
52
117
46
0
1
3
10
14
0
0
0
1
5
21
31
0
185
2233
2
2
64
811
8
323
0
0
893
2283
1035
0
0
81
3
6
33
1
1
0
102
0
17
5
0
2
1
0
0
0
17550
26
79
8409
256
111
0
0
46
141
4
0
1
59
0
0
8
45
3
10
79
1020
140
0
0
19
2
96
58
0
31
149
13916
405
0
68
42
0
0
14
61
3
2
41
54
1
0
83
5598
0
0
14117
8
0
3
1318
2
1
1
3
9
457
0
3
994
1093
2
210
0
646
406
3
1141
571
74
1
0
70
1
5
12
0
0
2721
148
169
8
0
61
3480
69
69
2
1
0
17
6
25
9
7
1
2
0
15191
1769
3
0
74
151
1
748
31
604
704
1
2
53
3
28
0
0
4550
26
3
6
0
0
2
994
257
5
156
0
1
2978
21563
31
1
0
0
464
596
3117
3
198
196
1
5
426
20
0
0
0
2130
8
0
0
1
0
0
169
514
1005
230
0
0
0
67
7
8871
0
495
1
0
1
340
33
0
0
0
0
2
281
60
0
195
65
84
12
91
4
0
163
12554
202
19
2819
79
948
3
63
19
7
13
0
539
16
0
8
49
4
1
19
124
3
344
859
17
12
46
3
1
1
1
10412
281
31886
66
881
12
187
91
6
11
0
630
1443
94
1
28
5
5
14
272
2
1
7677
35
1
1
341
2496
21
0
4
1
11
26978
16
1513
197
0
25
116
39
5
0
2
2
34
473
52
0
5000
2340
25
77
62
1
1
1
1
1
1
2
21
63
0
859
12
358
190
8
23834
854
182
11
48
955
74
0
55
6203
1
0
1
9
46
3
1
1
0
60
0
1
0
6
1
0
3
862
1284
392
6
31633
17517
0
42
3
42
459
93
0
41
888
17
17
23
1
1
1
0
1
1
0
5
2
0
44
4
0
0
169
23546
340
105
4
229
360
0
0
238
512
0
0
297
1007
675
18
3
0
1
0
2
153
2
168
1
56
2
1
254
263
113
10216
1417
1686
265
3861
9512
2
586
1370
2
12
3
2559
18
0
43
0
61
4259
4
3
8
96
28
7
1
0
0
0
0
0
0
3
2049
235
3319
3
1134
44
74
0
72
1699
6
0
3
6
1
737
0
2
128
865
1
1020
11
2
0
1
164
0
0
0
229
812
6
76
452
265
4688
13
3457
5
5890
3
63
5
10
0
6
0
69
0
114
1295
10
2
170
0
456
0
0
885
2276
2920
36
185
2194
0
0
4
70
7
2
13
0
0
38
0
0
0
0
1
17
4
3
3618
1066
837
1073
8
11
0
1
1075
938
0
14
163
36436
2
214
455
4
14
1383
505
5076
252
40
34
0
1
182
513
3
18
0
37
2
2
35
32
0
7
0
24
630
3
0
12105
5207
777
1084
4920
1
1
20
3
908
20
1781
385
2
1
0
0
1
6
92
154
3
2384
88
6
0
674
1
1
1
0
836
7315
816
647
4883
10214
9
88
1
25
3683
1
1562
947
328
15
0
0
1
0
0
0
2
403
4
2
262
3
36
4
0
250
1
4220
5073
1
222
1066
1
712
3
331
1
0
0
1443
38
42
4
1306
2542
0
1347
1657
21
16
9898
0
86
561
4
10
14
383
2
935
982
0
59
46
161
42
303
2
3
0
0
0
1
0
0
1
0
0
0
0
0
0
1
0
0
0
0
0
0
1
0
54
1485
2904
0
1
45
97
104
0
0
0
0
551
0
17
1525
72
6
1
0
7
6
221
25
190
0
1
2474
1
790
1
898
1643
939
5915
9
1
19
31
4
5963
625
90
0
6
86
1
1
264
299
44
0
0
24
0
0
0
12
26
50
0
4
0
0
163
1360
22
23
2528
83
106
1
20
16
0
0
367
320
1
4
15
2710
21
5
115
0
7
3
34
2
0
178
137
15
0
3
12859
4575
0
0
557
4
170
18
8
651
7
10
25
0
19
0
25
5
35
9
69
9
25
747
0
0
3
42
0
380
50
0
87
1599
3526
13
5
11210
1
2
0
0
0
7164
4
206
0
0
0
8
1
1861
18
0
2227
5
2
118
0
35
0
130
0
0
0
0
22189
106
14
97
181
0
95
2
3
64
0
1
0
5
0
0
0
8522
41
2
8
19
208
0
105
9
6
0
0
371
169
1757
0
167
727
0
5
5
0
0
726
5
19
0
0
668
1
0
82
87
11
0
0
0
2
0
1046
1
0
0
0
45
169
1757
0
167
1853
0
5
7
0
0
633
5
20
0
0
671
1
0
51
1927
6
0
0
60
0
0
0
697
3508
2
70
12
404
948
11
84
0
962
10
118
106
0
11
39
36
43
0
18
105
0
0
0
14
3
1783
0
9
20
0
28
1523
1
0
2
4220
10
1313
6791
0
29
0
22
341
411
0
0
0
0
6559
99
7
7
178
15
119
11
3
12
127
0
0
3
15
55
20
619
3309
0
0
35
709
3
177
21
11375
0
4
7752
1
60
25
367
3
4
1
4350
97
0
1
41
3
4
0
0
1
4090
3
3
177
148
22
43
145
2883
5
116
61
0
1
0
81
14
239
1
25
0
0
1
3487
20
81
15
216
668
65
2
5426
1154
1
57
5675
9
0
61
3420
453
4
0
11
0
0
4
1
834
223
4
0
41
11
1
0
2
39
12
15
34
19
300
24
3
0
78
314
1
575
1
8007
9490
3
1
1
1
22
0
0
1
0
1
34
11122
16
104
259
27
0
204
14
8
7
0
1
1
99
32
4086
3
10006
413
4
317
29
52
15
1
0
0
1
2673
28
1
3
13
897
0
1
0
11
2
0
0
40
33
51
68
0
8
4220
0
145
173
1884
8
582
41
2
0
3
192
0
2
0
9
2
0
0
0
0
0
1
0
13
53
1
0
0
395
3
1896
2785
516
174
821
9
39
351
0
0
35
31
2
9
170
170
0
146
38
97
0
89
1
8
3
4
17
1
2
392
0
1
0
38929
9
0
161
0
0
2
3
5
11
0
143
1
2
0
0
0
124
14
3168
581
1
150
0
3
1411
1
0
0
8
278
123
12057
3
4960
33
563
2
595
1458
5
0
172
8
5545
45
1
1653
220
0
0
7
4051
0
2
2
164
2403
12
0
87
60
27
7
5574
1
0
8452
183
328
0
47
676
1
5
0
179
16
565
0
425
610
9642
450
2
5
5275
9
2263
217
0
0
0
1
5
0
12859
4116
2526
0
10
9
92
35
22
5982
1
0
4
1
2673
55
314
4
6
0
3
51
16
4
1
3
143
5
1
0
17
9
10130
17
117
93
5
0
120
103
0
0
14527
2183
1
84
2
0
0
37
1
4
0
14
77
6
6
0
0
2
0
1
0
1
390
3277
75
4
18
1
4
3
2
11
37
97
4
11
26
0
469
8
997
7
58
6
5
1
0
33
0
2
7
245
0
221
1621
5
19
98
531
877
229
0
0
1393
0
81
30
2205
4290
2
3
0
10
26
20
11
1412
4
0
56
11
0
44
169
5
18
103
18
9
498
0
381
0
0
140
396
0
152
23
5986
0
1
2772
2
3
2
87
0
56
0
0
2025
125
3
0
1
1
0
1612
129
54
12
2197
216
11
3
0
1
0
0
0
2
7
0
0
17
3
94
369
32
384
1
3
0
2
0
257
0
16
11
3775
16995
0
43
32
175
5649
0
0
188
99
0
0
1
38
0
0
4
0
934
6
0
1
1563
0
85
108
0
0
13
7
265
314
337
41
6
0
15
72
13
136
3
0
50
20
4449
2962
2
0
1
50
12278
0
147
4
108
0
0
7026
4
4
3
1
2599
274
1
9565
17
138
0
32
0
0
1625
6
457
1
65
0
0
0
10
5
104
15
58
0
88
20
5
4028
1
0
1
4
0
314
2
138
2
14
1
15905
163
1
9
28
28
229
34
374
7
0
0
0
0
28
19
1
356
69
1
0
59
1
1
433
0
8
0
10980
288
166
19
0
51
0
1838
39
0
13
5
0
0
47
43
13
1617
5
145
0
1
124
5
0
0
0
9
8
2
320
12851
9
15
9
35
11
4
107
2
1
2266
2
0
0
0
0
35
24
14
1331
14
2
1
3
0
3
385
28
0
0
881
5104
6
229
5580
17799
551
17
0
0
659
1965
192
1
6
1297
37
0
0
0
21
9
0
0
0
1513
1
0
3
40
0
0
0
7461
1
5
20897
28
7
10525
1
17
2
0
2
0
0
5
0
0
0
0
0
0
61
1
10
2
1
0
33
14
1
373
4
11658
10
290
0
7647
237
0
55
1
15
1155
0
0
1
9
1
3
0
0
39
14
2055
1085
0
1172
1309
7
22
4
242
15
0
25738
239
1760
215
2608
0
994
3461
1
2
1
0
46
31
414
4547
159
10
2094
20
4
1
0
0
1
1
20
0
202
10
3
5
2702
86
3613
1295
0
0
588
71
537
36
0
142
11
0
3
1
320
9
0
12
4
413
6
0
0
95
56
3017
844
1
7
0
1612
129
301
662
247
23
0
6
3
0
11
0
0
501
2519
104
8
0
38
4
139
169
0
4
270
216
0
75
1
155
0
0
169
27
439
21
38
5
0
0
15
0
8
26
4
0
369
6414
91
6284
0
27
3686
746
15
202
0
38
0
0
0
3
867
21
1379
3767
1
10
245
310
123
64
0
29
0
0
0
167
5
1377
821
25
0
0
0
233
2
0
2
1
1
6
0
0
0
168
6923
3
9
273
0
25
1269
0
0
530
0
0
0
18
3202
156
6
114
1877
1
4
75
1406
4
111
0
1
1
9882
80
1
430
1621
5
19
67
1659
1
431
1
0
0
79
8134
322
63
16
0
2
0
0
0
4
16
3
7
0
0
0
135
61
0
0
426
25577
3
0
8888
78
2
3
0
1
51
3
170
82
4
1
0
0
24
2006
1
0
67
22
625
33
245
1369
1
0
186
0
0
320
1252
162
3551
0
157
40
0
16
225
432
40
15
0
1
1
2426
1987
1469
0
4
1
1
39
43
205
82
0
1
1
0
228
0
567
7
819
64
0
1
0
7975
23
12
0
108
2
3
0
131
18
73
87
27
5
5
111
0
1
1
5
203
0
0
0
5104
103
8
5348
1494
213
7
581
0
104
11
2
0
1927
0
0
3
399
1
2
1
948
127
121
1
1168
30
3805
0
139
3405
2
5676
2402
43
1
22
0
0
0
11
0
6
30
0
5
1
13
0
0
1300
273
0
71
10
12
67
1851
13
365
515
652
0
0
5104
13
1572
358
1
2692
358
6
0
114
2
1
0
209
35
0
10
1534
1
0
139
0
12
1
0
3
0
26
6
2
2
72
28517
0
2
167
2
1
74
601
146
11
0
0
81
19
4137
3150
1
0
2
0
11
123
6
1
2
34
18
7
0
1
0
9
390
142
909
1
0
30
11
4
91
3
8
0
0
445
2838
4234
16
0
66
2
2
40
83
20
928
3
0
16
51
3
2
0
12859
43
90
2867
0
253
0
806
2
1
37
0
24
85
682
0
14
0
3
0
120
14
17
13
1816
511
6
3
15109
2
0
14
1621
5
19
1148
0
1
181
22
16
404
0
0
2512
4903
0
1384
1
0
0
146
2214
1
23
0
0
1
2633
180
12
9
7
24
11658
1208
1
449
1975
1
1
45
0
1029
63
2
8
0
2
233
2
106
23
160
0
0
0
11
0
5
0
0
0
0
0
3
6158
123
5808
416
3
57
3669
1
0
1
0
53
95
19
22355
1
0
111
1
0
34
149
0
1
1
0
0
0
0
292
0
0
4220
647
8934
4
675
10
142
106
1037
17
51
23
1
6
0
24
24
0
0
8
0
2
14
0
1
0
0
0
68
8
6518
4565
22071
127
307
183
12
39
747
3
6
2
1
49
1
77
4
0
1935
307
0
0
52
812
203
203
22
165
0
5
1
3
138
26
12859
5602
10
4
1
8
1
0
5
8021
0
1876
1939
0
125
891
61
0
0
0
126
1
1489
26
1
1
2319
0
0
0
1
4
185
2194
0
53
47
2
4
47
0
2
1540
56
2
0
0
0
17
18
44
6
282
1
0
66
1768
0
3
72
0
0
0
0
4238
0
86
115
0
3324
8
0
7972
1460
0
808
1
8
0
216
734
0
33
8
0
0
0
10
1
0
0
0
7
0
2
2318
5104
2582
87
440
0
589
123
221
11
332
0
291
1
0
341
1944
27
0
1
7
1583
4
3
0
9671
896
1
0
1
4
577
5
185
2194
0
106
194
16
79
24468
3
0
53
2
2
7860
151
3
57
819
1123
2491
2
1973
99
1
0
67
381
1
0
0
17
24
440
784
4
0
107
210
303
2
113
0
0
2758
1148
1
1
3
17
0
2851
0
18
0
11
161
12
130
1
75
0
0
18
276
509
11165
343
6
1
1
94
76
1
1231
39
1
14
3169
1
0
8
0
0
313
1
1
26
0
0
676
3
5
30
3
0
5
4238
0
0
1089
648
0
5
0
1299
1048
3
2
1693
36
1310
79
13
666
0
540
285
3
1
0
0
0
32
6
1233
40
1257
1
3214
31443
45
52
76
8
3
103
10
186
1
0
9
2
0
0
0
52
0
0
1
519
1092
27
8623
51
39
0
80
785
12
6
440
394
3
2
1158
4
1
0
176
102
13
1003
1811
11
62
0
1
0
0
1
0
0
0
0
45
0
0
0
0
2
0
0
67
4551
4459
5
142
6
4
466
1
0
11
0
0
1
0
0
1
3
0
0
1
0
0
2
0
1
0
0
1
17
2299
45
163
2344
161
0
92
13299
8
162
101
28
26
23
10
1
2838
540
40
0
5
0
0
0
3
0
0
1
2
0
1787
1
39
0
440
394
3
3
466
7
3
178
0
2
1768
1
0
0
0
384
1
2
0
19
0
208
33599
3466
786
0
3
0
46
309
0
6849
27681
4056
0
169
1175
0
65
112
0
0
0
0
0
5415
0
4
0
0
750
37
0
1
0
0
553
15
0
0
0
0
247
19
28
60
25528
0
654
4052
2
0
0
0
2
104
0
0
0
0
0
21
0
0
0
0
0
182
0
0
0
0
0
12
0
0
5104
0
333
9272
15
9
3
0
1
1
13
0
0
0
0
0
71
0
0
0
0
0
29
0
0
0
0
0
121
0
0
0
0
1940
1341
2
25
2
0
637
2244
0
0
0
0
378
25
0
0
0
0
163
65
0
0
0
0
24
385
0
0
0
0
11
9357
57
408
8246
0
153
651
0
0
0
0
1
259
0
0
0
0
0
183
0
0
0
0
0
88
0
0
0
0
0
34
0
3
42149
0
177
2939
4
11
0
0
2
468
0
0
0
0
0
21
0
0
0
0
0
327
0
0
0
0
0
29
0
231
9
100
4244
15
7
7
10
0
7
12490
0
374
5212
11
42
2
0
0
34
80
0
0
0
0
0
1469
0
0
0
0
0
38
1
3
42149
0
177
8504
16
3
59
13310
0
8
2
3
1
1
1
5
1
1
0
0
6
138
0
0
0
0
0
66
0
0
0
0
1940
5385
0
79
57
0
789
155
0
0
0
0
215
59
0
0
0
0
24
985
0
0
0
0
13
93
0
0
0
19
10
75
0
111
31
0
28
488
2
0
0
119
22
25
0
0
67
3
0
0
0
20
1
0
1
8
0
16
45
2
121
0
1
2286
71
0
68
56
0
7
77
0
5424
0
0
0
0
50
0
0
0
197
3
0
0
17
0
0
1
2
0
7
0
443
498
322
6627
33
0
1
81
74
0
0
0
2
247
0
0
162
0
10
0
19
0
6
0
12
0
36
4
0
0
0
0
2
37
1612
11
0
0
28
1697
2
0
0
1
20
0
0
0
0
1
1
1
1297
0
4385
7
52
18
0
0
0
35
0
0
0
0
5215
708
3
1
0
1
34
16
0
0
0
2
365
0
14
1
3
0
0
0
1
0
101
0
2107
1
127
3
0
0
0
5
1612
11
0
0
28
92
38
1
306
0
424
0
2
132
2568
2
0
1261
863
39
2
0
5
0
0
5
2
0
0
0
78
0
1612
3758
510
1
0
1
56
0
20
0
0
8
3
0
0
0
5
2
2
0
9
0
14
52
2
115
2
2
0
0
0
4
1612
11
30
111
0
2002
0
0
0
2
29
0
1
0
243
3
0
2
13
0
0
2
3
0
5
0
322
19
275
0
0
0
0
8204
0
0
0
0
34
978
0
0
885
0
4
0
27
0
10
0
13
0
42
3
0
0
0
0
0
21
0
0
0
0
1035
902
2
0
1
1
35
52
1
1
0
0
0
1
50
0
36814
0
4850
40
1
0
0
1
37
0
0
0
0
0
1
0
302
517
38
1
2
0
1
69
91
0
0
0
35
994
2
1
0
0
18
0
0
0
1
0
226
0
22
0
5
0
0
0
1612
1023
1790
0
217
5009
7
0
1117
822
8
3
2
0
0
0
0
0
0
0
88
1
1
1
0
1
3
34
1
262
0
738
14066
4308
35
5962
4
0
1451
1213
14
3
1
0
0
0
0
16
0
0
203
18
0
7
233
2
0
0
4
5
45
0
0
3
1035
230
0
1
173
21
0
1
7
0
795
15
3227
1266
0
0
1
44
0
2
0
84
0
1007
0
0
0
0
3
0
1
0
466
15
39
0
173
54
0
0
0
13
91
0
1426
311
9
0
0
0
1
39
0
0
0
0
0
63
0
0
94
0
0
0
512
385
8
0
40
3
29
6
70
499
0
0
1
38
95
0
0
0
4
1618
1
0
0
0
21
0
0
0
0
1
1
1
8580
54
130
493
40
0
3
0
0
0
151
61
1
1
0
0
0
3
33
0
15
182
0
0
0
0
1
0
0
0
0
7
3421
2
0
33
0
52
62
0
0
0
3
761
0
43
1
55
0
0
0
0
0
141
0
2557
2566
791
19
0
0
0
0
34
1612
11
0
0
28
92
38
1
306
0
424
0
2
132
2568
2
0
1261
356
0
8151
709
3
1
0
0
0
1
62
0
0
4
466
15
39
0
173
1585
62
0
0
142
18
0
0
0
17
2
2
1
5
0
16
41
25
723
267
13
1
648
0
0
0
0
1612
11
0
26
196
0
2622
0
0
0
2
26
0
0
0
224
3
0
2
12
0
0
1
2
0
5
0
158
575
29
0
0
75
0
111
31
0
0
0
5
1376
0
0
313
0
2
0
27
0
10
0
12
0
30
3
0
0
0
0
0
125
0
0
0
1612
1023
627
2
0
0
1
23
1
1
0
0
0
0
1
22
0
37759
0
5103
45
2
0
0
1
21
0
0
0
0
0
0
1035
136
0
6
1
0
0
1
44
42
1
0
0
3
802
2
1
0
0
8
0
1
1
1
0
305
0
16
0
3
0
0
1612
11
30
1649
0
201
5384
7
0
1120
1858
4
195
5
2
0
3
0
0
0
66
0
1
1
1
1
3
71
1
210
0
854
14066
4308
35
5962
4
0
1451
4685
4
390
5
2
0
2
11
0
0
148
16
0
10
232
1
0
0
5
7
34
0
0
2
3
1826
29
0
146
32
0
2
25
0
14
3674
13
67
1
0
0
1
26
0
0
0
53
0
1676
0
0
0
0
3
0
1
0
466
15
39
0
173
54
0
0
0
13
91
0
1426
311
4
0
0
0
1
39
0
0
0
0
0
58
0
0
89
0
10
0
140
1051
17
0
5
0
30
4
43
391
0
0
1
36
87
0
0
0
5
1840
1
0
0
0
20
0
0
0
0
1
1
1
8580
54
5123
0
12
194
36
5
0
0
0
153
56
1
0
0
0
0
4
28
0
6
0
0
0
0
1
0
0
0
0
9
3421
2
0
33
0
52
62
0
0
0
3
386
0
12391
3953
35
94
0
0
0
65
0
0
0
0
0
0
36
1
197
1
586
14066
4308
35
5962
4
0
1451
600
106
70
3
1
3
1
38
0
0
268
14
0
4
207
2
0
0
14
5
40
0
0
5
4
1826
29
0
146
32
0
2
25
0
557
116
16
118
1
0
0
1
43
0
0
0
54
0
138
0
0
0
0
3
0
1
0
466
15
39
0
173
54
0
0
0
13
91
0
1426
311
7
0
0
0
1
40
0
0
0
0
0
58
0
0
90
0
9
0
236
1036
18
1
32
0
21
4
221
371
0
0
2
36
86
0
0
0
4
1885
1
0
0
0
19
0
0
0
0
1
1
1
1557
362
1934
4
31
2
0
0
0
152
34
0
0
0
12
964
6
1
0
0
10
0
0
0
1
0
183
0
18
0
4
0
1612
11
0
26
1565
0
7329
1
235
12
0
0
1
100
0
0
1
2
0
3
34
1
308
0
650
0
2
102
2937
1
0
1573
1517
102
1
11548
0
0
982
6
0
0
32
39
1
4
396
2
0
0
28
8
34
0
0
22
3
1
0
0
14
2
2
1
2286
71
998
4741
1
0
0
0
120
22
0
4
47
0
325
0
0
0
1
4
0
0
0
348
1
0
6
15
1
0
1
2
1035
136
0
683
289
4
0
0
0
1
43
39
1
0
0
1
132
0
0
115
0
6
0
15
0
7
0
28
0
31
3
0
5503
0
179
0
54
84
0
0
0
13
791
2
0
0
0
37
0
0
0
0
0
1
0
4
0
410
152
3
10828
1
0
0
0
8204
0
0
0
0
0
0
41
394
0
459
0
0
0
1
29
0
0
0
0
14
514
3
0
0
0
9
0
0
0
0
1035
655
2
32
1
45
55
1
1
0
1
14
12
1
388
0
306
0
2
448
3024
4
0
1383
1614
2070
0
0
0
0
0
55
1612
11
128
527
2
0
1
47
8
24
0
0
8
3
0
0
0
6
1
2
1
9
0
1294
3
0
0
0
4
0
2
1
302
517
4953
0
2
0
0
67
85
0
2
803
3
0
2
38
2
0
1
1
0
6
0
63
111
628
0
0
0
0
4
0
1612
11
0
26
1057
0
0
192
0
3
0
14
0
13
0
40
0
2
2
0
0
0
0
3
25
0
0
1
1
0
965
1
180
295
0
140
65
0
0
0
0
0
7
128
0
25267
9969
57
13
1
0
0
0
74
0
0
0
0
0
0
1
13
0
164
604
248
3103
12
0
1
86
81
0
0
0
15
1670
3
1
0
0
54
0
0
0
1
0
490
0
1887
9556
123
21
2
0
0
0
8204
0
0
0
0
34
79
40
2
281
1
379
0
2
76
5927
18985
90
5
406
835
3
0
0
6
3
3
246
1546
2
59
12320
8
778
157
0
14
199
1
1
0
1218
0
3
0
3
0
4
0
0
1
1
0
0
140
1
0
2770
1
0
0
102
110
169
0
741
4690
13867
135
5
9
136
1863
6
1
1
0
0
0
0
0
0
0
0
33
162
0
1
9
70
5
0
0
0
0
1612
11
0
57
480
3
37
6
4
19
1814
7
0
0
0
1
0
0
0
0
0
0
4
5
1
0
7
8510
0
0
0
16
18701
9391
199
69
0
0
0
183
532
228
61
199
0
8
2
39
8563
6
0
0
0
0
0
1
1
0
0
0
2
76
14
12
6
61
28
193
75
125
403
4
0
0
0
0
0
0
0
0
0
0
0
130
10
11
31
0
1444
0
944
12
0
4435
1
0
559
4
709
4101
19
4
1
0
0
0
0
0
175
12428
1
0
610
7
49
433
1
99
0
20633
19
1701
3
775
228
0
2517
22
169
344
362
9284
652
563
418
16
68
10356
31
0
0
0
0
0
0
0
38
68
860
2
1
1
4
5
0
254
6
1
111
1522
30
35
2195
111
0
55
253
1084
38
9
0
2
6
2
36
2812
0
0
0
0
0
0
3
0
0
0
0
0
0
4583
0
10
8770
2646
5978
8
4
0
0
127
0
4
1
14
5
66
2344
11
0
10554
25
22
0
0
41
32
829
0
0
1
1
0
0
1
559
4
709
6279
109
3
0
0
0
0
0
232
1001
385
33
4
300
17
0
0
8
5
2
155
8
68
1233
0
0
0
0
0
1612
11
60
100
4630
561
8
0
1
0
0
1244
3
0
0
0
2
0
7
5
54
8396
8239
5
1
5
277
0
0
35
3858
293
1612
11
0
0
0
0
0
119
57
437
940
4
9039
37
4
0
334
3
0
0
11
55
0
0
0
120
1
21
1250
2660
7
0
1612
11
0
0
74
233
3
555
160
5
6
807
0
173
1091
4
12
990
171
4
0
0
0
0
0
0
1
13
0
52
0
0
48
9694
7
742
35
3
103
10534
7078
23
1
0
0
0
0
65
2
0
415
31
2
10
14
0
316
183
1
42
9572
37
1
0
1612
11
0
0
0
0
105
6
0
30
25
11
14
1370
864
1
0
0
0
0
0
0
0
0
19
195
3695
7
3626
36
12
0
4000
513
52
16
13
1132
37
5
0
184
1
95
10211
26134
119
2
0
0
0
0
0
0
183
10
3
916
0
15
4
1
6
133
15121
6298
386
64
0
0
38
106
624
1521
6
8572
80
1
0
251
6
1
0
8
59
0
0
0
120
1
63
2575
734
3
2
0
1612
11
60
98
0
100
24
18
24
2410
193
0
9692
1
55
341
962
9
4677
26
7
0
433
1
1
0
51
86
0
0
0
84
0
8204
2228
60
0
1259
44
375
1867
163
15
3
15
3
25
83
1
17
4
35
2073
79
0
0
0
0
2
6
0
0
0
1
1731
13421
8
3
111
23910
17354
12
1713
34
144
264
126
26
3
12
1
23
9
1
0
0
55
8
1
0
2
0
0
0
0
0
230
166
11910
201
9
12
8
2
6
9
3
437
1
1
0
0
4
9
0
164
19
11
60
7
4
771
0
1
25
0
0
0
54
113
11
112
6919
0
16
19
0
0
0
0
0
121
17
1
141
0
0
143
5
0
109
14
2
23
4
0
0
0
0
0
1612
11
60
276
154
179
0
62
11
8
0
40
0
0
28
3
21
1032
7
0
0
1
0
0
0
0
0
0
4
252
554
3
6156
30
16
78
27106
49
4
0
0
0
0
0
0
0
183
283
304
5
69
31
147
1
25
1498
3368
0
6
0
0
0
4
1039
3556
769
1293
13524
41
3
551
26
18
55
25
518
13
158
7306
3242
5
76
3
0
0
0
0
0
146
2113
2
0
686
25
0
49
14031
1
9643
7
465
94
0
0
0
111
0
417
2
29
271
8
46
2175
79
209
0
0
0
0
0
0
0
0
1
293
7
1273
559
4
709
2835
51
1
0
0
0
0
0
0
466
206
0
31
13
0
0
1
2630
0
1241
9
422
0
48
8
3363
0
16
4
559
3914
2
2
0
0
874
1
0
4193
5305
8
36
0
92
171
2
530
0
117
4
2345
1
3
309
137
0
16
348
14
1
0
169
6954
86
0
1
186
308
1
12
758
2
0
0
0
1714
0
1
0
0
0
140
0
1
0
297
0
3
0
5
1
4
0
169
4033
0
1
6
7
7
10
0
1
4650
185
1
3
443
2
0
0
0
0
2879
598
38
2
0
0
0
9
31
337
3
66
554
0
105
0
0
0
30
2113
2
0
642
169
48
704
56
17
127
0
38
4735
88
8
421
186
474
0
8629
109
2
0
4
5
11
0
67
617
3
104
581
0
190
0
0
0
108
1404
1
550
1
0
2
0
15
3
4196
368
6
1
28
3001
0
4
2
5
0
992
3540
4
190
713
0
151
0
0
0
97
1189
1
1436
0
0
2
0
18
3
69
127
0
0
285
4
32
40
2
3
1
16
3434
692
0
334
0
0
0
66
926
2
165
0
0
2
3
85
165
144
1
2
10
990
20
8
1
0
5
5
0
0
0
0
992
17
0
50
107
1
102
509
0
182
0
0
0
97
196
1
349
0
0
2
0
23
3
328
23
6
0
4
30
0
0
163
3257
7
104
491
0
221
0
0
0
111
8607
1
548
11
1
2
0
20
1
75
122
22
491
8675
45
0
0
0
0
0
0
25222
35248
0
10
6
1
1
50
4
41
679
0
214
0
0
0
199
5608
0
221
10
0
7
2
0
27
2
105
0
11
0
13
5104
0
16
175
0
235
351
2
1
6
3
1
0
1
27
5
10153
11
0
6
0
526
60
0
0
0
10
7
1
1
77
0
320
12851
4163
109
0
3
32
81
13
0
0
1
4
1
0
1494
225
0
0
78
292
3
0
2
3
1
27
0
0
0
0
0
14467
13
0
16429
871
6
5
0
0
0
7
0
1
2
838
7
45
2
0
52
1
32
8
1
12
544
0
0
198
2
3
79
3190
20
3897
358
1
757
1
65
249
9
53
10
25
665
2
0
1
0
0
35
1
5
0
0
0
0
187
0
0
0
0
0
12
379
79
6458
0
0
317
698
278
4770
122
1015
1
0
2
0
1202
15
236
2
0
1
1
54
9460
3
0
2583
88
0
3
391
13953
19511
2461
167
0
3768
2
188
0
122
210
442
19
336
15
12
16
46
0
0
0
1661
69
10
2
0
1
1
2214
21
1
18
26463
2
1
0
633
2
4
0
0
1670
0
0
16493
0
0
1
4
47
17
2
0
0
29835
1979
3
13
0
503
1
0
119
8
5104
3527
14013
2
1
20
28
0
582
0
510
6582
19
25
4
2
7
1
13
810
18
2
9
58
3517
0
3
4202
81
49
0
0
5104
312
651
0
744
1067
0
1553
234
77
1
5
2316
10
3088
71
649
25
847
0
0
1
2
0
0
0
0
0
0
0
40
0
4220
2
376
0
3591
1156
182
37
4264
75
16
1
1713
432
0
165
6029
1
1030
1
6
1
2
859
6
8
36
13
1
0
24
6
766
2739
472
108
0
2241
111
0
503
907
0
369
0
18
0
45
376
0
1
98
5170
444
715
0
70
53
0
1358
1
0
416
0
509
37172
18
1215
4
66
3922
0
72
129
2024
3
6618
1
48
0
2
431
82
1
354
0
0
1
10
0
22
1
1
0
0
0
9995
4
83
921
0
0
0
0
0
1
5168
19
9
3
16
232
3
19
0
0
4
1
1
3
2
1
8
82
0
1
19
1
12859
532
113
0
4548
1
34
305
0
0
1
1
0
2
0
0
0
11
0
1
92
697
8
52
198
0
0
0
0
77
0
1
17131
234
62
0
0
1117
0
1
6829
1
0
55
0
10
13
0
1
3
53
788
0
0
15
1267
0
0
4
0
0
8
113
8
5104
103
4801
25
92
478
0
0
0
88
0
12
19
686
9
24
0
1
1
0
0
12948
0
0
0
38
0
7703
50
0
1
0
163
20871
4
23
2179
2068
94
12
620
1464
2
0
9246
17
0
1
0
8
16
51
0
12
11
44
0
0
3
1
0
69
26
0
5104
103
9
7842
0
0
0
0
0
848
5043
6
30
0
0
64
297
3
0
1
1
0
1
8
59
0
0
0
1067
55
145
21808
169
2977
45
24089
1
432
9
343
3640
5
0
5
1
1
2
0
44
3
1
0
6
29
6
1
263
2
0
14
0
1
1
0
9775
89
29
9173
25
6
0
146
1
36
3632
0
0
1231
3
3
0
11033
120
0
4
0
19
56
35
1
8
123
0
0
10
0
13257
18
7544
0
703
0
27
0
0
19
0
0
0
41
4
0
2
15
283
0
0
20800
357
61
1
0
68
4133
0
5
5
2
320
17
63
2
745
2
29
1543
1038
0
43
3
14
0
1
1999
13
32
21
0
2486
2
4
118
0
49
0
0
0
1477
2
7
16611
2627
17
12475
303
0
5
2
16
83
1
2
0
0
2415
4848
607
1
0
122
2
98
0
0
0
2
1
31
79
8
75
5
894
386
10840
27
0
81
209
0
0
0
0
3
6501
47
0
6
2
113
14
0
0
13
0
0
0
9
2
0
1
7
0
0
5104
6
32
42
108
0
1038
38
0
349
0
7
1
0
0
3
43
116
23
7
227
28
0
1
5
0
17
0
47
2
3
2
0
82
10769
437
5
0
0
873
0
14
413
1
0
2
0
473
0
31
0
39
0
9
0
42
48
6
4
5
9
4
79
1991
100
8403
116
1177
280
12
617
120
3448
15
2116
49
60
0
0
0
2756
15
12
2
0
197
0
2
79
7
1
0
0
3
0
6
11
11021
40
6520
262
68
12
0
8
278
12
0
1600
9
0
0
9
0
38
0
1
3468
127
5
1
56
1
2
0
2
222
0
10236
4767
9
43
86
7
213
21
0
0
5518
250
1
16
12374
6823
69
2
0
6
0
0
0
22
242
0
3
1
3
0
0
1357
1523
7
20
30
0
7
0
0
443
3054
226
1
2
1
0
0
51
98
0
5
74
189
18
13
0
0
128
3
0
7
2
13
4498
618
3
0
442
3
11
1
3
2436
38
5
9
4
0
196
2
0
127
5029
78
7
0
33
1
0
55
2
0
232
176
14
12321
0
3
6
90
939
14
2
0
92
5
0
2
339
162
3870
1297
4
0
485
40
141
0
1
4
0
0
26
152
9
0
2
5104
422
0
1004
2
21
387
477
658
2
0
0
230
33
132
0
18
68
0
3
0
0
0
5
0
103
7
2
1
0
14
4
9665
1
9182
108
1
7
1962
5870
352
0
2
0
0
0
102
1185
688
0
0
0
7
180
19
13
7
1
0
0
0
0
0
0
169
8
2
1737
4869
0
0
152
13
0
1
59
55
7
32
25
1
1550
4891
9
0
2
0
1
0
0
5
0
0
0
5
118
1060
5997
9
161
600
4422
857
1
0
3
364
1560
105
5
228
47
75
1
0
0
10
1
0
1
1
0
5
4
0
1
19
58
15933
8
5
73
1
308
0
4
7
0
36
2752
3
0
14321
917
1
0
3
1362
308
1
1
39
732
0
2
2
9
1
4
6
26166
1
470
162
4
2
53
0
4
211
1
0
38
5
3
18
24
2
1
121
0
2
0
0
0
2
2
0
1383
1
33
0
13304
2
1
3
116
153
379
60
0
8633
4
0
0
0
0
11
66
2
196
0
0
2
0
0
0
42
4
0
10
70
2
0
194
1
0
7
8
127
122
23
1064
48
16
7
1
6352
205
29
21
1282
5
5
7
3
0
4
7
2
8
155
17
0
5
126
1709
9
0
131
3
0
0
758
2
342
0
0
11501
11
10
0
1
0
0
5
430
35
5
2
0
37
0
0
36
2849
7
3
164
674
752
102
589
4931
1635
109
1
6
1
33
3539
2425
1
8
25
2291
1052
0
0
1
0
1
1
12
2
12
7
3
0
3
603
4686
10
0
0
4
0
4
0
3
0
0
1
1
6912
161
3
4
527
0
1010
3
0
503
0
1
34
986
0
0
0
239
11616
2
0
0
241
1075
5
1
4
0
155
0
0
1
0
8042
711
0
0
0
0
3
5
44
0
0
119
28
0
60
0
0
4220
22
229
0
5718
1
25
0
28
0
414
566
0
0
90
2
2
1
0
323
0
0
0
0
0
0
0
0
112
1226
43
0
8
0
14462
4
1
39
1
0
399
4274
0
0
822
8724
1
0
0
98
177
32
0
63
2
0
1
1
0
0
0
0
165
16099
164
492
262
171
2
1828
33
0
14
452
0
1032
9
1
125
505
1030
76
2367
178
28
0
36
0
0
0
86
7
0
0
0
13355
9995
22
1
0
0
18
939
0
270
57
631
87
9
10155
24
5
0
36
5
327
0
23
33
0
0
0
24
231
0
525
0
4
5669
12
20462
247
10
0
133
2
25
0
2
72
0
0
0
72
78
183
123
1
39
5034
0
145
2
0
13
2
24
1
102
294
5564
956
2877
24
5067
41
22
0
1213
1
0
0
13
38
1
0
0
454
1
347
0
6430
1
1
198
200
4
1
207
2
359
0
1376
741
11
0
8529
978
0
0
1
42
5124
45
3
2
0
0
0
14
1
0
41
4935
6
298
0
5
0
139
84
0
11
0
12859
769
0
0
24
0
32
0
21
55
0
0
0
1
2
51
69
1
4
27
0
30
0
49
10
1
0
1
0
49
0
0
5104
25979
2
4
841
677
75
91
0
0
2
3
0
1
0
6
0
0
1
0
13
61
394
0
71
0
0
2470
866
0
0
0
5104
18249
0
661
7
420
17
3
12
0
65
4
8
188
3524
2065
1
2
1
2353
3
1
2
10
565
15
0
1
1
35
2943
107
21076
7
4597
329
0
4
42411
1926
55
0
0
0
96
145
117
0
42
83
0
0
2177
282
0
0
0
1
1
51
1719
3106
328
2
12859
597
10
1
1
116
1
26
0
0
3
0
6594
22
4
0
9
2
67
4
0
201
47
2
9
1119
36
24
4
14
294
0
3473
42
446
0
5
47
83
0
3726
2
6
0
40
1
19
80
9
0
1
1485
106
507
1265
2
1
2
0
1155
13928
0
0
0
3566
2
0
15692
3
146
89
3
2
1
114
0
1
1256
4
1
371
227
2
1
0
0
110
0
0
833
16
0
0
13
0
4
4220
10
1313
1696
0
2237
3
41
25
2
0
8
0
123
2
1
1
0
114
0
0
0
2
0
19
0
0
37
0
461
1
0
6
15642
0
13793
2539
4
1
5
7737
54
17
19
1
4
0
0
1318
0
120
21
31
1
0
3
0
0
6
0
4
0
60
125
12854
12
17007
5300
0
3
53
0
0
4
11
1
0
0
135
2
0
380
0
0
722
0
4
2
1
0
0
26
190
3
2
0
12859
3775
6
4
0
1
1
255
0
0
0
0
80
1
1
0
0
1
0
9
6
0
1
208
0
9559
52
2649
20
17
0
0
6
6731
23185
4309
79
47
122
0
118
458
3
1
1
0
145
244
250
0
0
112
0
34
5
23
6
482
1
7
1429
0
2923
4
12859
2660
52
66
0
10
0
3729
2
6
477
1
0
0
1
43
0
194
49
0
0
1
79
3
1
0
1
0
0
1
0
1
12859
3618
6
5
1724
29
7
1
8
43
10
2
114
2
1286
1
0
1
0
1
171
1
0
1
16
0
4729
42
8
303
1
2
87
2111
3932
0
6
527
1
184
0
0
493
8850
2
0
0
2
3
2
0
0
8
0
1
188
1
0
2
941
16
42
196
9
6
7781
60
0
0
11115
31
1
1957
3
0
2
14
12
1
3
23
0
12
7
0
1
2
126
0
105
106
0
0
1
3
0
0
314
0
1
59
0
13389
2080
3
6
4
1
2
0
1
100
902
0
0
10
0
37
29
0
1
0
4
0
0
31
2749
2
1376
736
0
0
1615
21
0
13837
1563
0
2
46
144
380
0
168
0
1
1
0
0
1601
2316
1
0
0
1200
456
86
132
1089
7
783
3
5
310
23091
0
0
88
23
2
5
240
101
0
8
4037
645
49
4
0
0
1
1749
0
6
0
0
0
492
5
0
0
169
6954
8
2
467
233
0
8
1741
4
7
0
1
2249
0
0
0
5
0
0
0
4
0
0
0
0
541
0
2
0
0
0
10397
0
1
3
8
8
7
0
4
7
0
1
0
391
0
1209
150
0
3
3
22
10
1
65
1163
0
2
3
316
0
0
0
440
595
1
8
12
372
1
19
14
0
0
0
7656
0
213
0
0
0
234
9
0
0
0
147
24370
16554
15
8
73
1
153
871
225
31
394
1
8
1142
20
0
0
0
35
16361
146
461
0
2
0
2
0
461
11880
14188
0
1
0
0
0
9
0
0
0
0
163
17381
2
1
3144
0
1
10667
2
0
2
2
66
243
6
857
5
4
0
11
1
0
0
1
355
0
166
62
0
2
289
21
1621
5
19
381
21328
207
4308
3
184
1
0
0
1229
3
1
0
0
0
12
5
28
4
9
69
6
1
515
0
0
0
0
0
4735
1280
237
1
5
149
5329
42
115
1698
1
193
0
0
0
296
2
2
0
0
0
132
55
804
2
13
44
6
1
1024
0
0
1621
5
19
1287
435
19
0
0
41
4304
16
207
3206
0
173
0
0
0
7
1
0
0
0
0
9002
7
766
9
10
70
4
1
20208
4
738
212
0
22
161
19
2
0
1
69
28563
262
13
0
0
0
0
0
3
1
0
0
0
0
2337
17
7
7
6
20
11
0
67
9314
0
831
100
0
25
193
41
0
0
1
6
24857
238
276
0
0
0
0
0
3
0
0
0
0
0
72
1
16
8614
0
60
133
0
7
33882
1
541
149
0
13
105
25
0
0
1
4
28625
909
346
0
0
0
0
0
3
0
0
0
0
0
1666
249
4
137
0
47
55
0
7
25117
0
571
148
0
19
222
24
0
0
1
4
29781
585
387
0
0
0
0
0
4
0
0
1887
40
130
544
76
6
1150
2
1
51
1
1
10230
0
394
157
0
1
192
8
0
0
0
0
12446
132
88
0
0
0
0
0
1312
1108
260
2
8
79
486
99
8
181
1
8
47
0
1
7408
0
280
5
0
0
211
3
0
0
0
0
4274
188
58
0
0
1621
5
19
2247
256
8
0
0
26
140
11
408
0
781
4
11
87
4
1
12350
0
391
1
0
0
4
1
0
0
0
0
7811
7046
13495
2
289
152
0
15
3562
2
4
0
1
13
65
21
1403
0
343
8
9
43
1
1
205
0
0
0
0
0
2
0
0
1887
40
130
21987
304
8396
1
262
164
0
1
990
3
2
0
0
1
21
8
13
27
0
529
6
5
72
13
1
976
0
0
0
1887
40
1055
409
156
0
0
49
28913
505
4988
0
240
0
0
0
30
2
0
0
0
0
43
11
417
1
12
6
14
9
61
11
163
1854
0
658
112
0
23
171
24
0
0
1
3
13989
678
86
0
0
0
0
0
2
1
0
0
0
0
19
9
507
1
572
0
992
17
0
50
21560
0
392
132
0
20
182
20
0
0
1
4
17075
365
121
0
0
0
0
0
2
0
0
0
0
0
38
38
20260
1
537
1
24
12
0
4
20161
0
495
125
0
21
419
26
2
0
1
3
12856
1019
367
0
0
0
0
0
3
0
0
1887
40
130
139
8
10
8
0
13
2
3
1
65
3
1
9797
0
525
131
0
3
327
8
1
0
1
0
17153
754
422
0
0
1621
5
19
2247
256
8
0
0
26
923
9
68
2
0
4
1
4
10
61
1
1
11291
0
389
1
0
0
4
1
0
0
0
163
10215
453
14121
0
453
182
0
17
1312
4
16
0
0
1
604
9
429
0
634
9
1
304
10
1
753
0
0
0
0
0
2
440
595
1
8
28
15673
371
12380
0
131
0
0
0
1559
2
0
0
0
0
154
10
436
0
647
3
1
76
3
1
1767
0
0
1621
5
19
1287
435
19
0
0
41
15355
394
4005
0
221
0
0
0
7
2
0
0
0
0
147
11
760
0
161
8
8
124
4
163
1854
0
658
112
0
23
171
24
0
0
1
3
19589
507
277
0
0
0
0
0
2
0
0
0
0
0
179
9
223
0
780
0
992
17
0
50
21560
0
392
132
0
20
182
20
0
0
1
4
521
3520
0
607
78
2
3
1
17
266
0
0
0
0
0
1312
1108
260
2
8
79
264
8
788
0
14
1
3
229
0
0
2
1
0
43
23
0
495
2
119
0
637
0
8
1
0
0
1255
5
504
1
182
4
821
0
4
1
0
60
3
368
0
810
2
0
9
1
0
0
1
0
4
2
0
0
124
0
452
0
355
72
1
2
78
67
0
37
0
0
68
133
17
2
245
1
12
0
9
3
4
1572
0
555
2
3
28
0
2782
0
541
2
21711
2348
2
615
383
26
3
18
3
29
0
1042
0
1
114
0
387
1
12
0
22
0
141
625
0
7
0
3
0
42
0
1
11374
1914
1
22
2
3
10
13
2
8
997
61
0
1
376
0
0
0
0
22
0
5
12
0
0
0
0
0
117
10
508
0
870
4695
8
0
58
9
0
2
2
0
0
39
1
1
14
1
120
0
43
2
3
1
1
82
1
1
81
2
0
15
0
192
283
0
37
56
35
0
16134
9
3458
0
0
2
0
1
240
0
1
29
1
499
1
1
152
2
188
0
2
0
1
1000
2191
4
38112
11225
0
1
227
7
0
0
288
4
536
1
1
154
13
51
0
331
272
0
0
974
0
1
178
16
514
15
10
13
0
0
27
448
7526
37632
0
93
492
96
4
430
2
1
824
5
2786
18
2
417
5
7
7
0
0
0
0
16
0
8
0
1
0
1
29
39
699
324
0
0
863
14
2234
31
6
74
2
0
2
0
0
0
0
3
0
3
0
416
0
42
80
0
0
0
0
0
2698
1751
1936
106
19
23
1
17
4
1
0
0
0
0
0
3
0
478
0
19
871
29
5
324
0
1
388
131
4
0
3
0
14
367
2
0
0
3
29
2472
13
0
0
0
1
0
419
0
74
1063
179
8
208
0
2
2011
5
12
1
45
8
4
13
2
225
19
1
13
0
13
2071
22
0
1
0
8
0
191
0
40
1265
207
6
154
0
2
278
57
5
41
1
0
1
0
0
0
559
1207
70
29
251
318
14
1605
22
2
0
481
2
1
0
0
2082
0
0
0
696
0
198
3726
228
2
135
0
2
1303
2
0
14
17608
78
189
1
10
0
56
2774
4
4
0
26
0
0
0
0
0
2
26
0
67
0
2
0
0
0
0
0
0
2
0
86
22
28434
0
259
1082
117
12
516
2
2
516
0
0
0
3
49
439
174
34
1
52
7
29
7
18
1
9
0
6594
41
20
163
1627
218
19
23
1
7
87
13
384
71
6
1
7
0
0
0
1
0
0
9
2
0
0
0
0
2
0
2
0
1
0
280
34
36
27
86
4324
139
0
0
0
1355
2
33
0
1
184
38
1458
18
0
41
11
240
2
24
0
1
2967
19
1
2
0
0
826
4284
3808
3
5
0
119
215
0
0
289
8
0
0
8
8563
7
2
194
6577
0
192
2443
53
1
2944
3
0
82
0
45
2503
798
12086
175
2478
0
45
1623
22
1
4877
8
1
211
228
41
260
1
0
0
0
0
0
0
1
0
52
0
0
0
0
788
1197
5970
113
2787
0
107
2241
27
0
1376
25
1
231
135
6307
21
0
3
1
0
0
0
0
1
0
27
0
0
1
0
6
1
1128
1616
8244
273
3308
0
42
1182
24
1
455
88
0
216
92
9054
0
8
0
1
0
0
0
0
1
0
0
0
0
0
0
0
147
219
27125
103
7068
0
187
788
32
0
247
122
1
217
745
81
201
2
0
3
9
9
0
0
0
0
1
0
0
0
0
0
3566
123
491
5
0
1866
6167
0
194
1714
16
2
490
44
1
277
302
4841
22
8
0
0
0
1
0
13
0
0
8
283
1
0
1379
4212
0
53
1750
6
1
979
144
0
23
446
4340
3
0
0
0
0
0
0
17
0
0
0
12
0
0
0
0
0
0
0
114
235
112
217
0
723
3976
17
0
4
1
9
15
43
0
1
0
1328
55
10
107
0
12
0
0
1
59
0
0
29
11
23
163
21
0
4
15440
6
20
132
94
0
16
629
44
0
0
0
5
2
20
3
100
0
0
0
159
0
71
0
5
0
12980
4704
185
0
33
308
3711
25
0
1776
20
69
23
2
3
1
0
0
1
0
0
0
1
0
100
1
0
0
0
0
0
17
0
0
9897
18254
0
52
9
0
24
0
1
0
0
1
0
1
0
0
0
4716
0
0
0
0
13
0
14
1
4
0
0
0
0
1
23394
20482
172
0
10569
0
36
61
342
3
11
0
3
0
0
1
0
322
0
0
17
2
0
0
0
0
15
3683
0
4
1
0
11
4910
1709
19219
0
101
1596
264
5
7
0
10
3874
75
6
5
273
1
0
18
2
0
0
5
0
0
0
2
0
2
0
0
16134
164
162
16
0
1668
30
0
0
1245
0
40
189
15
3014
76
1
0
0
0
71
1
0
1
0
28
1305
7
0
0
0
0
24
221
0
0
206
13617
0
60
14
334
48
918
1
0
0
0
0
628
0
1
0
0
0
0
0
67
0
0
0
0
0
0
3566
2152
10
1282
0
0
239
1
15
13
0
0
0
2
0
143
1
1
0
0
0
0
836
0
0
0
0
0
0
184
0
1
5104
0
37
13
1847
2
32
0
0
0
0
1
34
137
2
0
0
0
0
2
2
0
0
0
9
6616
67
27
290
91
0
12
1455
4175
112
1
2
128
1
115
212
10444
265
21
0
3
0
0
436
2
0
0
0
0
0
6
0
0
0
3
0
0
0
0
15
17
93
99
9798
4
52
3073
154
0
7
0
0
8
0
1
43
0
0
0
2
0
138
44
1
0
0
8
166
0
8
0
7857
127
4283
0
88
26
29
49
178
19
54
34
0
0
1
0
0
1
0
0
0
626
0
0
0
0
0
0
0
0
2649
2
10079
27994
0
91
7
27
299
3
0
28
0
0
0
0
74
0
1727
9
0
0
0
0
0
0
14
27
0
0
6
0
0
0
13640
3402
1700
7
6
4
0
0
0
0
239
0
91
66
44
0
0
1
0
1
4
0
0
0
1
0
0
0
0
0
1
0
163
13961
3
1
3697
0
25
22
344
0
157
0
1
0
0
0
0
607
44
0
0
0
0
0
0
0
6
1
0
0
0
0
1073
0
20
2
14099
0
38
10
18
0
46
0
0
0
0
0
61
7
1
0
17
248
0
0
104
28
22
4
2179
0
0
170
5669
12
11779
27
42
0
0
33
137
52
165
97
17
1
0
2
1
0
0
872
7214
0
2952
19
0
302
0
0
0
0
331
5
13640
16219
0
28
28
19
76
8
5
7
80
642
14
4
7
2
1
0
885
0
32
0
0
0
0
0
0
0
0
1870
1
0
0
91
4869
3620
549
375
0
2
19
0
2356
1
4
4
0
0
11
0
34
0
0
0
198
4
10855
8
1066
20
0
7
1
0
6
183
0
1685
161
15520
0
80
9
844
108
9
90
0
29
48
7
0
0
0
0
0
1305
83
22
0
0
0
0
363
477
25
22465
1076
15659
0
64
77
1099
1643
212
8
0
0
0
0
71
63
116
0
0
0
0
14
75
0
3380
0
0
0
0
948
59
883
3668
927
6337
0
73
11
646
6003
307
6348
1
0
0
0
0
0
15
269
479
736
38
8
0
0
93
2605
7
4
1047
4
10
0
0
826
3338
11083
1
0
38
18351
0
985
576
1
0
1208
2373
0
0
19
635
702
0
0
0
256
0
504
483
342
0
0
0
587
1890
0
0
0
4271
10
78
26
1
21
0
170
1
142
1
56
0
141
18
44
11
6317
4
6
414
0
5
467
1
1
956
3409
100
806
0
0
61
4617
76
1
152
0
56
2489
13
0
154
0
0
0
4
0
12
0
0
0
4543
71
38
0
3
24
0
1
87
10417
0
2575
26
0
1149
289
7
0
0
239
3
0
83
1771
0
328
9
0
10
787
1
1
1
25
0
1
23
6
0
0
3395
26
0
42
27
261
0
0
0
1052
531
0
0
0
3539
8
55
25
0
31
0
224
0
132
1
14
0
1650
95
137
1808
23
2461
42
36978
11
0
2247
0
215
3
135
4
0
1
215
0
1
0
0
18
3
0
145
17
0
0
0
0
57
50
6954
1170
0
20296
2
2
1829
0
100
0
74
6238
0
73
22
992
0
3
23
1
299
0
0
869
4
0
395
0
0
1
140
0
0
0
1
1053
30
7028
4410
0
1089
1
5
0
5
0
0
222
501
3
3
62
0
7
186
74
0
0
2
0
0
1942
3868
0
1
0
593
62
129
12862
153
13337
375
0
33
10
11
0
28
1
0
1
0
3399
0
0
1
8
130
1
5
0
1
0
0
0
0
0
0
4926
3
2
0
22363
952
0
279
15
0
466
0
24
10
0
0
0
0
51
165
130
1
0
0
0
3146
16
0
0
0
11
0
11000
0
74
0
10
0
56
959
24
0
0
0
783
0
2
0
99
0
0
0
2379
1
3
0
0
0
0
4
10
102
1
0
22178
10
75
0
128
166
38
0
0
0
11
0
12
0
60
0
0
0
2191
2
1
299
9
9
2
298
1
5
48
23
1
6
42
353
0
108
197
3
132
0
52
0
0
7143
198
0
0
9
3
0
0
0
23
10
0
0
0
0
35
3
0
0
2
0
321
23
32
2
1151
67
3070
0
3952
0
11214
286
19
1
152
0
0
13
1105
6
783
0
8
3
129
0
83
4
2
0
960
10
6
35
130
0
0
0
150
161
0
770
0
406
96
10
1
1459
3737
254
0
462
369
2
1
0
0
0
0
0
4
68
7
0
1294
0
0
747
3
11
95
75
459
0
0
0
3130
141
12
0
1690
5
55
70
1
5
117
0
5
1
1
1
5
168
9
138
42
353
0
0
0
23
61
1127
195
0
0
0
1270
0
91
0
5675
8335
1
481
0
2
1
0
0
0
1473
769
0
0
237
427
169
10158
57
0
252
62
21
1
518
0
58
0
0
0
480
2
17
0
0
0
2
1
222
5
54
1
0
1
0
12
14
0
21319
0
4
28
0
3
4
20238
0
1
0
2264
11
2052
487
12
492
1
0
0
369
3974
0
0
1027
336
14799
1146
1
0
0
1141
2622
0
24874
34
4017
8
0
474
5
0
145
5
1
2
0
1
0
0
0
0
558
136
7402
0
0
0
5562
76
0
1
0
0
662
88
18331
0
5
14
1
6
9
3
6276
0
557
835
5
6642
0
0
2
117
0
340
7
2
0
3
4
0
20
0
0
0
3566
6134
9
361
0
3791
44
29092
0
0
62
833
3
0
0
0
1
95
0
0
0
0
0
4
0
0
0
0
0
16
0
0
5104
0
333
847
43
5448
0
0
1
30
0
0
29
58
202
0
338
0
2
0
0
1
545
0
0
0
0
0
6
0
0
0
0
1940
443
285
3
261
59
135
0
0
752
175
0
854
0
0
678
71
0
0
0
0
181
96
0
0
0
0
59
9
0
0
5104
0
333
4576
10
3255
1
10
1
4
0
1
12
5
2
3
1
5
21
0
27
0
5
835
0
15488
0
0
0
292
0
0
5104
0
333
351
1
9103
0
0
2
77
0
0
0
0
1
36
0
0
0
0
0
104
0
11040
1
11
12
4
6
0
0
513
28
17413
4
1
0
0
7
0
0
0
0
0
10
0
0
0
0
0
5
0
0
0
16
0
0
28
0
0
34
0
0
0
5963
2
51
0
0
9
237
25908
0
829
1015
14
20199
0
0
3
540
0
0
0
0
0
9
0
0
0
0
0
78
0
0
20
10
158
0
163
0
82
3280
0
314
499
1250
8
15207
10
745
354
4
0
1
546
0
4685
0
0
0
259
0
1458
10
2
0
1
15250
26
9
1
2249
0
472
3641
7
9006
0
0
1
9
0
673
15
2
0
1
4
0
11
0
0
0
0
504
0
2
0
0
3566
6077
8
3079
5
14
41
186
4
0
0
52
34
0
7816
0
0
0
309
0
0
0
0
0
142
0
843
11
2
0
1
3
8307
5
940
41
6
4
7
0
10
2
23137
0
928
718
55
31921
0
0
2
60
0
0
0
0
0
296
0
0
0
0
0
38
28
6171
6
1
1
2
3
0
14
2
19
11
4
6
0
8
10
31523
0
892
6537
7
14167
0
0
2
3128
0
0
0
0
0
3143
150
42451
984
0
301
207
13
0
0
0
1
100
0
2280
12
1
0
2
3
0
24
0
0
0
0
86
0
0
0
0
0
7393
23
40752
908
0
388
330
5
9177
5
0
21
0
2
0
1
0
48
1
5
0
8
0
14
0
17
1
5
0
18
0
2
8028
11
20703
0
867
1834
22
7349
0
0
6
722
0
431
13
3
0
1
4
0
29
0
22
3
3
8
0
9
10
0
0
3
9705
7
3311
6
1
1
7
2
33
3
7
10
1
16
9
1592
36
4
0
0
90
28
0
15
236
2
0
0
4
14
31
0
0
8204
283
263
0
1
26
0
1
0
4
0
1305
4
191
792
0
0
1
24
0
2
0
89
0
1189
0
0
0
0
1
0
1612
1023
574
4
0
1
71
1
1
0
0
1
19
0
3551
55
155
0
0
0
1
22
0
0
0
1
0
85
0
0
111
0
516
3
5
5
4
0
13
0
36
3
48
681
0
0
1
37
63
0
0
0
5
1658
1
0
0
0
20
0
0
0
0
1
1612
1023
1809
0
3059
5
53
1
0
0
1
34
1
1
1
0
5
969
2
1
0
0
1
0
0
1
1
0
185
0
16
0
1612
11
0
0
0
38
1227
0
8327
1
249
19
0
0
1
87
0
0
0
0
0
3
36
1
291
0
641
0
2
86
3063
1
8509
5737
2648
1
1
0
352
4
0
0
361
28
0
11
316
2
0
0
19
14
59
0
0
7
4
1
0
0
9
0
2
1
2286
71
2
435
0
22
0
0
0
104
26
0
2
42
0
506
0
0
0
0
2
0
0
0
312
1
0
2
20
0
0
1
1612
1023
75
0
611
558
41
0
0
0
2
31
1
1
1
0
1
102
0
0
56
0
5
0
15
1
4
0
23
0
25
1
839
184
0
0
1
43
44
0
0
0
2
1064
2
0
0
1
16
0
0
0
0
1
1
0
5
0
85
14
2
1264
0
0
75
0
111
31
0
0
0
0
0
7
292
0
413
215
0
0
0
1
82
0
0
0
0
13
648
2
0
0
0
6
0
0
1612
11
30
921
2
17
1
51
0
1
1
1
0
91
0
1751
264
701
0
8444
8
3938
82
0
0
0
73
0
0
1
1
0
1932
6244
1
212
1
431
0
3
126
800
177
32
0
0
0
114
16
653
0
21
131
0
0
0
2
0
8
1
0
9
77
0
1
12364
6672
0
0
0
0
73
33
0
6
0
36
852
5
0
605
0
0
7
0
8
108
0
0
3
28
42
5
0
272
45
5704
27739
268
26296
678
2
148
512
0
1
2
0
103
195
191
1129
125
2
1
1362
219
0
188
2038
124
6
603
2
5
1
6
4
6761
5
19
7170
393
56
1610
1
1
12
2
66
14
1339
115
33
3
0
5
0
1
0
4
0
0
0
9
18
16
0
36
28
766
38
196
9
155
64
4685
4
50
2
1
1
316
0
71
1
0
0
81
0
3
0
0
17
6
0
32
0
8657
189
17
9
210
2
30
41
69
0
775
323
3
25
1845
21
31
0
0
0
160
1
0
6879
1465
0
4
1
0
1
6
1
2
0
341
856
12086
7148
103
59
7
34
2
38
0
13
64
9
181
0
0
2
77
23
0
465
630
1
0
174
136
0
29
0
0
0
3
1
2758
22
2118
272
0
2
173
10763
21789
152
2
2
1433
71
0
0
14
5
9
26
0
2
15
1
2
1
2
20
4
0
5
3
13220
3
1
7
5
0
0
9
7
0
4
2
2
0
14
26
0
11
8
2
6
3
6
0
1
3
0
10447
0
53
4395
10160
2733
2
341
9839
8
0
12
2
7
0
0
0
2
0
7
3
1
0
44
22
5
1
0
0
0
88
1
0
31
4
3
2
11003
2
1
0
1
0
1
0
2
4
12
5
49
0
0
3
3
0
0
0
13
2
2
14
29302
0
247
1
2
5
1
98
22
2710
462
58
5
118
36
26
2
291
0
14
0
41
374
92
906
5
5
2
160
1
65
39488
430
4
5
1
42
0
6702
3
16
9678
135
88
2132
237
165
48
15537
383
554
5
4
1447
0
2
0
43
10018
10
12507
0
3
3224
0
137
11
1
0
209
0
0
38
0
12
139
5692
757
2
7
293
401
357
0
3
0
820
0
0
0
1
509
171
0
15
23
4041
193
3
374
3
1
7
1
11
32095
1
17
17
2
25
442
1
0
4
0
10111
0
0
3840
3409
429
36
54
0
2
0
0
22
256
2
33
20
1068
0
16
38
1
0
0
5108
49
192
118
0
3
5
1
0
105
0
1
34
2
0
13
11
1
108
1
2349
0
3
41
0
4
5
590
29083
1498
2
269
0
27
1301
0
6395
227
2
2
0
4
1
845
0
9
0
1
1406
2
0
22
100
2
0
2
0
32
61
0
38
135
0
575
2
2
0
2
5
43
102
0
6
840
0
0
497
15
0
526
0
0
0
0
4328
11017
174
2
4
4291
0
3
6761
0
6
8
13048
2
1149
8343
2
3
0
135
1402
5
2
242
427
37
0
0
0
111
1688
7031
184
1
2
484
7
1
4
2
5675
41
602
2968
3866
2
0
123
167
1
5
8
1136
2
369
0
0
0
3
0
277
0
0
0
117
263
0
0
0
187
0
0
8378
3
366
0
81
26
0
225
100
2
0
3094
11
734
95
4
1
27
153
1297
4
0
0
7758
0
3
94
0
0
5958
0
0
4200
7
3181
110
1
29
328
250
1
0
0
272
44
0
6
111
0
9
732
6
71
3
209
1
1
1
0
300
527
3
78
5
14911
91
0
2395
1
0
5935
4
1
3
0
5241
388
4
49
0
0
371
0
5
1777
301
7
50
3
0
0
23
22
361
0
7
8816
3484
2
2040
1071
1
2
315
1215
547
1
1
0
61
2
5106
0
3
26
69
1
386
0
0
0
7
14
1
5
21
0
5
320
2347
11
34
1
165
0
7766
185
0
6
359
88
385
0
0
3
1
1
0
1232
1
1
0
32
3
11
0
1
0
0
14
7985
231
0
1624
13
0
1159
17
0
0
0
327
0
0
0
3009
16774
88
0
139
399
0
2
2
1
0
1
1984
7861
520
5
0
185
2233
13981
3
0
6067
7
21
0
1
2
19
0
29
280
0
5
50
20
10
50
0
2
0
2
1
1
177
213
0
2
0
12063
429
6646
836
177
3
5
43
0
15
60
0
0
13
0
751
0
1
1064
0
89
2
7
11
323
0
0
122
393
1
2
839
6400
76
93
5612
2
194
1
1
204
0
2
1
1
8
4
0
0
1
19
18
603
1
611
2
0
51
66
111
5
1023
0
0
6
0
0
20
14275
1
5
0
107
0
0
43
10
0
0
0
3
0
44
2
88
0
6
1
2
2
732
1
0
2
3
6127
4375
7
10
306
31
0
90
45
0
90
1828
30
38
268
0
608
1
836
66
12
90
4
1
46
0
56
12
5
10
0
12
91
12859
15
225
0
1
371
9
1592
33
8
3
145
1
23
0
0
1
0
0
16
557
1009
3
1
27
8
575
2460
42
0
0
0
7692
40
1
13
0
1
50
12
7
17
0
3546
57
0
1
0
0
28
0
484
0
702
1
2
2
1535
49
242
0
0
1
1
22899
1
7972
34
0
31
33
0
1
3180
3
2
1
5204
26
5
0
1
1
38
0
0
0
0
12
186
7
21
3
22
7
34
6
0
0
1363
13
27
396
9
87
557
0
0
34
5
75
0
13918
133
12
1
3
2
5
588
38
6
0
20
10
254
0
4
4220
35
3113
0
12432
17
6
282
2
0
5
2
136
8
0
0
457
79
175
0
30
0
1544
0
1
0
654
1651
13
60
224
0
44
2
1381
10
1
0
8
0
0
0
515
86
4
12059
16
9
0
5
0
204
0
20
115
749
1
6
0
1
6
0
157
3
38
21178
1346
3590
22
28
0
365
1
0
3
0
25
12
0
0
208
18
236
0
0
1
24
0
6009
52
5
8
8
46
416
287
26728
860
397
9
3
13
0
0
370
0
90
1
4
8691
9
32
4
0
1
12
5593
1414
150
1068
13
39
0
2
28
0
39
3
3153
106
11402
15821
0
0
0
168
0
2
270
5870
0
126
2
2
0
1
5
0
4
3
1
1
35
0
0
502
0
413
18
11
12431
3691
93
430
0
29
1214
20
0
9
1
0
0
1
17
199
1
2
28
3
7569
0
1176
3
42
0
3
1
7
0
58
2
619
142
40097
19638
0
0
10001
2
410
1
6
16
11
0
0
0
8
1
48
0
6
3
0
10204
0
0
0
0
228
0
0
44
320
6648
10
26360
17
32
6
25
0
8
1
7
0
0
8613
461
3
0
35
1
0
0
0
2352
2642
0
1676
0
8
0
1123
336
28
73
1827
11
4
0
0
0
6
28
0
0
3
0
12
6
0
0
1
12
0
0
25
113
50
12
6
81
1
198
71
1
163
1734
0
2551
3
0
4513
61
79
6424
0
1386
58
45
64
1007
6
129
0
7
0
11574
30
2
2
3
2151
0
0
12
277
1
318
1390
0
0
494
9
1
2
15
5
78
5849
35
7
2359
601
118
0
1
31
300
1
0
28
29
62
1798
0
0
0
9
1
11468
2028
1
90
175
389
1183
0
4043
6
0
352
0
0
3
0
5
0
10
1
0
2372
3952
25
53
0
0
5
4
0
4
2
28967
22
11169
129
75
2
0
0
39
0
8
1
3
2382
437
5
2
1
0
0
340
12571
34
187
1
1032
0
9
10
536
1916
16
158
1237
11937
39
178
5035
1
0
119
0
55
0
3
22
0
127
1
0
135
0
0
0
9
1012
195
0
38
1386
0
47
2666
9904
6
34
1950
76
696
5780
26
0
0
11
661
13
0
2
261
3
2
0
0
12
38
222
0
5
103
0
59
1
1
744
0
0
12859
653
1
125
4090
12
0
0
1
44
46
17280
0
510
7
0
1922
279
14
1
396
0
191
1
3339
71
2
0
24
0
0
0
4298
2322
9
301
2411
198
0
4
945
51
1
5
29
8
0
0
0
358
173
1
7441
31
918
2059
5
0
2
4
68
0
0
0
5519
10445
4
9950
3484
107
15
19
865
1
6459
3858
7
18
0
13
5
12
0
0
1
61
0
892
147
0
9
0
15
2
1061
0
5088
5
1
4969
5
25
8
0
7212
17
178
33
19
7
119
324
7
0
0
0
0
2
388
2580
86
4
0
95
14
3741
0
1
6531
6217
96
44
0
0
1
2717
40
0
40
0
1
1
803
30
0
1
603
0
1
0
3
52
1
0
13
2
0
0
3
0
4191
3003
5
12000
12
0
0
1030
0
11898
4
603
10380
6131
148
5
1
0
0
3342
3494
12
0
0
8
0
836
0
424
7
0
33
0
1940
4
0
13094
44
2
350
112
45
8818
39
1
0
1
184
0
1
258
1
1
2
2
37
416
0
0
37
32
6237
0
846
16016
18
38
36
3
3
9
320
21
1
1
1
16
136
2
1
239
1
8
0
2
0
6
3
243
921
524
0
11
2993
2
0
261
301
16
0
769
0
1
2
0
5878
7
7902
0
1
12
0
0
45
7
33
138
0
0
1395
0
30
12
37
1
59
11321
89
2758
22
329
273
0
6912
0
0
0
0
102
52
0
0
0
0
789
7
0
70
579
4
3007
96
339
781
0
0
5
0
0
86
5564
4612
69
17544
11
13
1
1
1
1
12
220
1073
488
1
0
7
18
350
2
101
78
47
1
11
20
39
0
8
308
11
0
1441
1105
1232
731
0
772
678
14
0
0
2
11
1
195
11
0
30
31
6
40
0
1
259
0
0
126
0
1
11
0
9
2
4220
9
1196
2
4271
239
2
77
843
5
0
0
3
0
153
0
67
0
235
8
15
2
62
49
1
152
15
0
299
276
0
0
11734
31
0
0
10
27
0
14
422
13
6
1127
7
1
2
5
34
9
0
1
19
112
37
98
2
0
876
9
15
0
0
3
6
0
0
5
265
295
3
555
288
0
0
11549
48
29
0
2
54
422
29
5
2
29
0
1
3
1
13
118
2
0
3
15
9900
493
3
593
0
410
0
23641
28
5
1
0
0
0
1505
250
1058
27
0
0
1
220
70
0
83
707
0
1
2
157
0
2
320
4436
5
3
0
53
15
0
3
129
6
1
4
0
5666
1858
7335
12
62
2
0
3429
1
591
0
7
10
7
2
0
0
0
4220
70
9594
128
359
450
3316
8
1
56
0
2
0
2
0
118
8
42
43
0
2
0
0
0
24
602
0
17
1
0
1
0
13601
4
85
2
1
0
3
630
0
236
91
0
3
1
0
851
0
34
8895
138
14
1
0
0
0
8
1
1
1
347
2
0
6
4
22
0
0
9228
118
28
2
0
13
2
4
1219
0
3
7
5
295
1
0
1500
0
0
111
0
4
0
179
2
1
2
4298
277
16
0
0
1
2004
2
25
9
0
8
492
2
0
0
208
296
3
4295
0
3
6783
1
3
9
1
161
0
0
7
60
87
18269
3
0
4
361
0
16
1178
0
10697
10
44
4
1
6
5883
4
96
0
0
0
0
0
4
28
28
86
0
0
1
70
5088
22
1
7620
65
52
0
0
0
88
0
0
0
19
0
28
0
0
206
0
1
88
1370
2
208
0
24
1
0
0
6
0
35343
0
1293
1
374
1
1
2
208
2
11
3048
1
5
30
2
4
189
0
3
0
4666
779
12
2
2
5
160
0
1
0
37
20353
8
54
20
0
2
2
59
16
3
183
0
896
196
81
490
58
8
0
0
310
3
34
2
637
0
2
0
1
251
120
0
11312
1
0
267
0
2
9775
13
0
157
8
34
6
9
0
0
0
5783
1497
0
52
1
1
3
81
2877
94
4
3
2144
1198
495
2816
2904
4
2986
438
1
4
89
154
7
9
4
203
3
31
1
987
13
0
1
282
118
0
724
3
56
3
2711
207
22
1908
411
11468
12
24029
3998
4
2
60
1684
3
3
4
0
0
39
84
1
297
115
12
0
0
9
2
442
86
0
0
1
2
0
1
33
4066
12285
1046
7
1
1
6
1
0
0
451
1
0
45
1
185
0
27
16
9
8
0
78
1328
0
1
182
0
1
3
4
2467
15336
7
7169
1032
95
3
0
0
430
6
0
0
1
218
0
2
418
0
3
10
0
0
32
4
105
0
988
0
74
0
19
441
11468
9
0
7833
0
10
5
0
237
18206
281
1
10
1
0
43
5108
2
2
1
0
4687
0
1
12
0
70
285
0
13
3
55
2691
24309
32
272
1
0
3815
6
828
0
0
0
4
5
46
0
8
20
3670
0
123
54
0
7
13
0
144
1
41
4
5
1923
21
68
1494
3515
5
595
4
117
2
1
17
96
1
0
1478
0
4
0
1437
0
11
3291
1199
6
0
0
2
4
0
3
4
5
218
100
0
2720
776
2
0
1449
17
3
66
1
4
86
2
3131
279
74
0
19
15
14
0
0
0
147
0
1
0
4220
8
0
444
793
44
122
1067
5678
28
3345
3
2
45
0
0
1
2
37
21
1
37
155
23
0
947
8
10
7747
335
0
8
1
1
30
147
101
0
0
4
62
0
0
89
0
1
10500
0
4
8
1599
0
9
4
3
0
0
0
88
1
6
0
1
15
0
55
1
15638
3
0
0
1
10161
0
3417
124
0
12
3
4
2
1
14
25
4
0
0
2
8
3
1165
280
3
0
0
15850
1594
0
5
4238
228
11
458
59
3
1107
0
2
0
0
4
0
598
2
1
0
10928
2619
0
13
3
0
0
0
331
1
4
1
81
0
0
6
41
13954
1302
0
84
0
0
0
8
4
1
1780
0
11577
7
162
0
30
5400
26
29
61
3
305
0
5
0
7
1
1
0
3035
4
13
2
3
3
0
631
57
0
0
0
10
80
4
127
0
0
0
2890
59
322
0
2
3
747
0
8263
1315
0
3
5
4220
70
6551
241
12
269
1
0
7
21
0
0
1
0
77
0
1491
0
199
0
0
1813
2
0
1
0
36
869
447
0
0
6
160
0
312
2
477
10
1
445
0
1
30
115
207
9658
70
0
260
6
18
0
2
1
14
23
19
0
56
4
6
3315
1
0
87
2
2028
11
0
228
67
64
44
1316
466
6155
0
0
0
1860
5896
123
6
170
1504
0
0
536
18
159
11
0
0
0
655
0
35343
40228
3
313
85
0
19777
3173
67
4765
1
0
1
146
0
1
21
1
560
1
1
1206
3
0
5797
0
0
6
6
302
22
20
100
317
132
7
1
5801
29
1662
1
0
112
1
1273
98
21
2
16
175
1
0
1
0
1
1042
0
674
0
0
1
0
126
26
14722
128
552
18360
369
495
2633
39
1
36
0
228
0
0
2
0
1
42
1411
4
0
0
0
51
2
45
0
5
1
0
44
1
3328
298
6560
14
223
28014
234
38
4
47
1742
0
10
76
109
2416
19
0
1
0
9
16
96
4
19
370
1
126
4
37
0
62
4298
3497
1
0
2546
1
5562
7
0
6801
2397
20
280
4
2
14
0
1
257
9815
1
2884
143
0
5672
0
6
0
6
0
100
3
966
26
2
988
1
1250
1
3
0
8
17
0
0
0
845
0
8007
696
0
5
174
7
11
11
224
0
2
1
3476
9
0
6
6082
115
10945
3237
86
299
1
0
8
330
0
342
1
95
243
11889
0
34
1
3652
56
30
0
1643
0
1
1
1960
89
777
11
1
30502
32
5037
159
89
100
0
1858
36
0
0
61
1
1346
106
0
247
2
1
30
491
1
1996
0
0
3
0
14826
232
9
0
1
4220
2
14894
269
7
39
6
159
8624
0
16
1
21
28
17
1
1
20402
2
26
0
3
2
90
89
2
0
2
0
756
0
0
351
280
24408
196
0
122
0
0
897
1630
2
3
2
1
0
1116
67
1134
0
2422
5
2
267
0
118
0
0
0
0
1
1
143
147
4
3963
0
17343
35
14
2
0
0
1
0
0
1433
112
33
322
1299
5
0
87
0
56
446
0
9
2
248
0
9
1903
3
811
18
1040
3
49
5
8253
1
0
0
1
0
749
10
173
3
27
0
67
0
3
8
62
20
5
91
3
1198
13
2174
1
0
18550
26
3836
2
10
1885
1
0
0
2151
2244
11
3
105
13
50179
309
110
362
193
0
13
0
0
20
2
0
4
9
0
11
0
17795
8
0
144
3
100
6847
11
1
3
4
2
5
0
1444
3
0
0
318
2
65
0
12
0
106
0
9662
536
161
2
2
0
15379
0
24683
939
182
0
3
24
933
7
3638
0
661
0
0
20
2
83
17
711
23
0
3
13
28
0
1
2619
99
19
4
1485
6026
190
1971
67
10
6
22
143
51
2
0
0
65
26
2826
2075
84
18
4
294
2770
2269
11
301
12
0
19
0
75
3
0
6840
15822
66
1
1
0
5321
494
44
19
0
1
2
5
7
1
181
1
0
0
9
1
0
3
123
2
53
1059
0
12
3
0
940
4150
93
0
2426
3
1
241
5979
496
59
3
1
0
0
4186
0
0
2
1
8
0
103
95
7
248
0
2
0
146
185
7
0
14532
480
18
0
1365
0
0
7159
0
44
270
0
2
2
8
1
5
4044
0
1000
9
88
28
3
31
0
169
171
4353
3437
8
4
320
4491
3
10110
0
0
0
131
17
1
8
1
325
3
0
0
0
38
16
0
249
254
74
23
1
0
0
0
0
0
0
0
35717
1
1
12557
2444
0
0
2
24
1
0
70
2284
64
6
11
84
13
18
1
4
54
3
7
0
2305
115
0
51
2
45
1
14366
472
37
300
12
0
52
108
7
20
610
7
8826
3630
0
257
91
1
24
0
0
1
0
4
145
0
8
2
0
0
1
1
218
4681
3249
52
18
0
0
1
1
70
1
0
62
0
2
17
0
0
0
486
0
0
0
1
466
0
0
1
2796
1
12
0
7927
10
19870
2
9
145
1486
4
3936
79
4
8
94
152
0
7
43
0
15
0
0
30
0
0
0
11
18575
19
0
4
5
1
509
1653
695
20
252
1
10
5
0
44
0
0
48
0
7
1580
68
1
2
8
0
5043
0
0
0
309
0
60
1713
0
0
0
0
0
9661
0
19046
450
16
23
7
57
49
0
3
0
0
0
0
166
0
1
6
0
430
50
1
0
3
46
117
0
0
2
4220
5326
0
1
252
185
46
48
394
25
24
4
2
0
509
503
7
22
9
366
2
0
18
16
0
2796
0
0
0
6
3
41
37452
47
50
1
6
0
0
44
2
48
34
101
1853
0
318
0
100
1
0
674
1
0
4
26
7
0
9766
3
213
3
24
0
12859
132
232
0
7
0
0
0
15
2494
8
5
1
309
74
0
8
1808
9
0
7
2740
0
7
204
0
0
0
0
1
1
17
8395
2511
0
49
0
5404
8
37
19
0
13
1
60
1929
0
66
8
3
0
0
0
768
3755
0
100
511
0
909
1151
1
0
2744
16147
484
10
1750
0
47
2
6
0
172
0
15268
17
51
1
0
0
1
0
22
37
2
0
0
1
0
12
0
0
77
8
0
87
1265
0
1
103
1
1167
10948
2
3827
2288
6
1
3
0
26
0
16
117
262
1044
4
2
19
148
1574
753
1
370
0
3
2
12677
0
622
6
0
0
0
0
0
6
430
0
1192
11
5
0
10622
241
0
0
1
372
0
46
356
17
24
421
116
1
3
103
6148
1474
847
0
0
72
194
6
6
351
4910
1601
4
2
0
1
0
16
130
10
0
2
0
114
0
0
6121
1
0
3
87
35
797
19994
2400
70
1083
5
412
2
0
0
2
12089
101
12
14
2
2
1
0
0
374
43
35
0
29
6477
3753
75
0
304
0
3
12859
6231
2
1414
105
2691
438
2
473
26
47
1
0
0
1
17
33
1
0
8906
1
0
0
28
31
13
0
0
2
41
1
1
261
1131
11
89
2766
1
169
0
100
270
5
1
0
0
1
2
0
0
14
0
0
1943
1264
0
1
25
0
3
1223
0
3
7
4238
10
2
72
1
14
38
0
4116
1
3
6
2
0
12
0
3
2
11
3
0
0
0
0
74
924
375
1979
8
12
1
0
7511
52
4
5834
2
5746
2
1
5
5
12889
1
0
0
4
0
2034
0
294
1
0
6
151
3
0
6
68
55
0
0
0
33
314
48
2264
414
13
3681
24
1
5
0
1
5353
1
677
0
0
9
4
28
17
8737
2
5
12
0
0
1
1
0
1619
752
17
11
21300
16147
20
374
0
4342
0
256
55
3236
8
198
201
2
5
72
4
0
0
0
2938
0
0
0
0
0
0
75
0
0
0
169
6954
86
0
1
186
308
1
12
758
2
0
0
0
3
35
11
0
92
1423
0
2
0
0
0
14
2
6
1332
0
30
0
1887
40
183
35786
10501
56
8
0
541
8
0
0
53
38
0
0
139
1199
0
155
8
0
14
198
4
0
2824
8
1095
2
1265
9
14
0
11495
8
244
9
6
2847
1229
93
17
424
208
1808
0
16
11
0
1
123
2
4
8421
7
15
8
7
15
19
5
52
0
12640
866
3
462
4
48
0
26
0
27
0
889
0
21
0
102
2705
14
1219
260
6
7
43
109
514
0
5
36
117
18
3
3
4578
216
35428
1165
15391
1032
1
15950
388
7
7
36
8
3
2
0
0
1
10
26
3
1
1
0
79
7185
7
32
11
0
166
0
5104
92
31
188
456
3
4
2
227
36
496
0
1
24
162
218
7
9
572
2
7668
834
6
0
0
27
9
2
0
755
0
3
18671
416
12861
11
5239
291
13
17
111
348
0
0
21
5
2601
9
18
1459
3
278
6
231
48
1010
0
62
0
9
36
0
414
10
19886
312
0
72
4
0
1
255
0
0
205
82
400
0
29
2749
9
0
68
0
0
7
206
0
1
0
1
2
6
0
135
1305
1621
5
19
98
1090
0
2
171
9
3
19165
0
19750
0
44
1084
9
415
314
0
0
62
96
7171
174
191
0
4
1
311
0
53
11658
1
11225
0
222
1
30
4568
635
1
0
0
2301
5
3
1
1
954
4184
169
0
2
121
23
214
0
1976
1
1
4
0
0
169
45
33
1381
5955
1
0
1
1
77
2
1
6
785
0
8
0
113
434
0
1
1890
0
3
0
92
1396
198
0
0
66
364
28967
22
7619
887
324
3
7
137
0
314
0
8585
20
41
1
18
838
3
0
0
0
4
1
1
36
10
182
0
0
878
3
9
3775
385
3
0
67
0
0
7246
6594
0
82
23
2
1
0
68
22
209
0
6
3
2613
2
83
0
0
0
1318
1775
1
6
27895
4654
76
1602
10
15
88
12
1304
1
6571
2723
3
27
734
3
0
0
4
1
0
116
20
361
0
2
108
0
1
14
353
1
2
16
786
402
4
363
652
7
7
10327
1
3483
8028
48
0
0
0
68
0
39
43
0
0
0
12
8
0
2
211
23
6
0
0
169
178
0
631
2
0
50
1
8675
119
964
2
1
1
40
1029
608
1
0
84
240
0
163
0
0
0
21
0
0
0
0
547
11
2034
407
656
7
12719
27
35
2340
1
0
11
0
57
6
19
167
0
449
4
0
85
13
284
0
1
216
0
0
16
263
2
16269
25759
966
190
10303
2
4
4853
135
0
0
0
61
0
0
650
53
207
0
45
3009
1
0
118
193
0
2
4
0
0
0
68
0
91
6871
4187
0
209
1
44
62
239
593
0
58
1
24
117
2
20
0
0
0
0
0
280
8
10
72
1
4
0
27
0
289
19
7849
2
7223
50
445
1017
228
77
0
30
949
17
13
1199
1
1
0
0
0
0
0
1
0
254
2
14
66
2
2
0
67
4551
15
17
89
0
0
13
2428
1
396
21277
10
1657
27
57
0
225
39
2081
1
0
0
20
0
21
44
22037
15
6
149
374
713
9
17
0
0
0
0
2
657
114
151
5
0
0
0
0
0
0
8705
90
1
0
26
1831
459
1
0
0
157
8
257
17
100
9835
1593
2141
95
133
67
10
1063
1059
0
37
1
7
43
7
0
0
0
0
0
1
0
1
1
25
373
406
2
1
0
150
12859
3847
3
5
66
4
327
30
50
206
390
3
0
0
1
0
1
5
0
0
0
2662
11554
324
2
0
48
8
6
470
62
1
14326
19832
5933
0
36
71
1334
138
5
20488
12
924
13
0
0
0
88
0
1
0
0
0
0
4
182
575
220
692
11
17
71
0
390
10083
463
4
7479
6
3
433
1019
4
8
202
0
0
1
1
2
0
3613
2698
0
0
33
2
25
23
6
0
1
1
46
43
444
9125
76
0
114
5
62
98
6
1
1
24
12
0
2
752
4
0
0
6
18839
1
0
156
28
6
355
2
1
0
220
3
3733
442
1270
1321
610
969
61
168
2
0
23
18
22
0
0
0
0
0
0
11
7
0
0
0
3
5
845
1
75
5
1
5
11
1529
3
24
3450
722
9
1
0
3
2
4
32
2
1
96
9
1334
3
0
0
6
317
1
0
358
2
183
1
19
5
2
3566
33
67
4
3
34
2
130
0
1
15
313
1
3
6
0
1
1
5
14840
3
1149
1
323
6
97
0
592
0
187
9
0
23011
0
16
2841
82
235
5
2
7
1107
295
4
4968
7
0
9
1815
0
0
4
0
189
2
0
0
163
0
2
0
0
52
7
2883
2908
347
2129
125
16
2
0
0
4004
57
142
185
60
0
0
54
4
55
13
18
36
8
0
39
12
22
120
2
4
3
1
36011
4
90
3
0
0
3078
124
90
0
0
20
26
606
0
41
5
970
1895
0
0
3487
51
89
31
281
1
4
35
35
821
263
8310
33
0
11147
59
79
1995
207
10
29
1455
0
1
0
5631
11
8
526
1710
12
225
11484
9
486
0
0
49
341
0
220
0
151
169
0
29
7324
155
3
1
106
2783
56
29
86
0
51
0
1032
0
18
332
0
0
1
0
0
719
0
4
1
13
13
40
6
11658
1413
25
5
0
0
9
498
5
8
190
12
39
1
27
0
115
0
3
21
5
582
195
45
30
305
0
8
0
413
3
943
20220
6
12036
4
7
0
2985
0
15
4640
63
7
811
82
11
19
500
0
58
59
18
0
545
0
0
12
0
1237
2
1970
80
10
38
2427
20
2
140
907
44
248
36
126
15430
150
1275
6
1908
723
1
7053
39
3407
139
0
1416
11
0
219
1
28
1
75
0
24
11
354
2914
1
22
71
125
0
0
0
1321
179
110
1
255
2
12
205
0
1
0
17
85
2
23
3
68
0
311
9
5
18
801
1260
70
144
0
226
8
0
1
116
70
5
3
1
385
24
92
57
25
0
338
46
2178
0
115
3
2
23
7394
1260
0
841
286
310
11202
1
119
8243
5
149
0
1
187
261
342
1
4974
0
0
997
9
633
2
4
16
0
1
7
1693
0
0
1
18
3
7058
0
7097
138
0
168
6558
0
218
0
1983
4
887
1
77
0
1
255
64
30
192
0
1
26
14
729
10
131
7
5
0
85
38
1449
4
1
25
5037
2
0
1475
31
0
50
0
4891
0
4339
0
5
119
27
0
23
0
0
0
1
0
61
0
0
2
0
67
13992
2
2
3880
4
94
1
205
0
77
16
93
0
688
0
6360
954
0
0
0
212
4
6012
34
31422
9
2
303
287
254
1
147
1461
4
0
626
728
325
188
743
0
1972
8
0
1
2
0
8275
69
0
4
0
15
0
5
1
0
1611
2153
1
2
0
993
6520
0
108
3227
0
39
501
0
27
0
63
4
59
0
0
0
435
83
13
0
1
0
225
0
0
1256
0
583
0
0
141
1
261
180
0
3221
2
243
4
0
731
0
85
3
32
0
0
0
34
196
0
1
0
143
0
2
12
107
3
0
6170
0
2493
0
0
826
2059
429
0
127
7
413
0
0
1420
0
0
0
1004
0
0
166
0
14
0
11
16
222
0
9
0
635
0
0
17
212
11307
11962
3
249
7249
0
0
313
2536
9
22513
5980
409
20
14
2
0
0
0
65
746
9285
58
425
0
0
0
31
1406
82
9944
0
6833
5
7
11
7876
0
576
7632
1
560
6
20
1
3
5
3
0
2
118
1
4
42
19
1134
533
3
0
0
63
0
0
25
12172
395
3021
0
150
724
116
27
43
1
0
0
0
1
288
0
0
0
0
0
0
0
0
3
0
2189
5
1
2
5
4
6
2802
17
7
12
16733
0
895
8239
20
23
77
259
0
0
3
1
10
0
0
6061
44
593
0
0
0
107
0
1612
7
1
9
17
13772
179
12737
0
394
3165
22
46
59
2
0
0
1
51
0
0
14
327
0
0
0
323
0
920
0
0
2
37
0
15
0
0
17532
34
11
6
0
16759
0
638
1485
0
576
4744
104
17
0
3
84
0
4
31
4
0
0
0
68
0
5022
0
4
6
5
0
15065
11209
0
340
2035
8
15
61
0
0
0
1
28
0
0
0
17
6
0
0
0
126
0
0
0
2
16
0
0
0
270
0
3
2019
87
719
81
15746
0
137
8731
10
0
17
0
0
0
1
267
0
2084
32
28
43
0
0
0
24
0
0
1197
71
1
0
3566
974
94
63
127
0
22
7681
58
2
1
0
0
26
73
0
0
4
247
1
0
0
188
0
1142
11
14
0
1
6
15
3
8174
18778
0
333
1222
55
51
53
0
0
0
3
4
0
74
277
0
0
0
464
0
0
3
5
53
0
0
0
37
0
0
1047
527
21613
0
352
1301
6
743
12
19
0
10
6
12
18
3
7
67
0
2
102
0
106
4
1
1
1
1
222
11
118
2
0
839
19
0
0
43
25
0
3
441
1
0
0
7
4
30
0
0
7
3
1
0
0
6
2
2
1
5
0
113
5
5718
0
2286
71
0
68
56
0
7
77
0
2298
0
0
0
0
48
0
0
0
201
3
0
0
17
0
0
1
2
0
7
0
340
25
11877
1908
27
0
1
89
63
0
0
0
2
214
0
0
111
0
10
0
26
0
7
0
9
0
37
3
0
0
0
0
1
30
1612
11
0
0
28
1697
2
0
0
1
20
0
0
0
0
1
1
1
1297
0
4385
7
52
18
0
0
0
35
0
0
0
0
5215
708
3
1
0
1
34
16
0
0
0
2
365
0
14
1
3
0
0
0
1
0
101
0
2107
1
127
3
0
0
0
5
1612
11
0
0
28
92
38
1
306
0
424
0
2
132
2568
2
0
1261
533
2
5939
0
5
6
0
0
0
93
0
0
3
127
6201
111
0
158
1805
157
0
0
91
17
0
0
0
7
2
2
1
5
0
819
0
0
1
0
0
0
5
0
2
0
64
0
5584
3176
30
0
1
58
65
0
2
746
3
0
0
46
1
0
0
1
0
2
0
58
132
271
0
0
0
0
24
0
0
0
1612
1023
541
0
0
157
0
5
0
14
0
12
0
52
0
41
2
0
0
0
0
3
30
1
1
0
0
1
953
1
0
0
0
8204
0
0
0
0
0
0
41
574
0
552
3622
465
251
126
0
0
0
1
31
0
0
0
0
0
0
0
13
0
107
437
27
4234
23
0
2
94
46
0
0
0
10
769
5
1
0
0
64
0
0
0
1
0
281
0
13
0
6
0
0
0
1
0
5285
176
75
24
3
2461
4
955
1345
45
3509
2
5
5
465
51
100
66
9
1
0
0
0
0
0
77
3
46
479
0
1
0
22798
13
58
104
352
724
151
64
5349
92
19
96
463
150
199
243
281
91
0
0
106
29
0
0
0
3
8
38
1
259
0
679
14066
4308
42
192
73
29
0
1
0
4
9363
1
0
0
106
2
0
0
4
617
0
0
0
3
0
7
0
228
1873
0
0
27
234
648
4980
5
57
0
0
1
4
208
0
6
0
1
419
0
1
0
0
49
18
122
212
172
7
7
0
1
139
0
354
10
8587
37
116
10723
12
1
2
645
1367
2
6
2
1
62
59
0
0
2
0
0
0
0
0
1
14
0
0
0
0
4
0
0
163
20638
11
1014
3115
21
0
1
2
1
0
0
19
5
0
0
1
272
7
0
0
0
21
22
3
1
0
13
69
1
0
1
19151
9
50
7
303
7751
37
2
0
23
0
17
101
1
138
189
22
0
0
0
0
11
56
0
0
0
1
0
0
12
366
0
3653
4
1537
862
6
5
3
2
24
92
1
0
10
5575
4
21
0
0
141
0
1
0
0
2
1
0
1
1162
1
0
2
54
20832
19984
0
12
7602
21
38
69
0
7
5
0
2
22
3
0
1
3186
16
0
0
95
53
1
1111
5
0
11
45
8
7
1
1527
224
5579
27
0
1
2481
65
0
233
1
0
1349
0
21
45
100
0
0
5
0
579
4
401
23
2
3
8
8
84
0
161
12859
2341
8
3
10
1
16
69
2
39
246
0
7
435
3
141
43
0
1
4
205
1
0
155
0
0
0
2
5
0
1433
3344
12728
6378
36
7
1
1
2
1568
62
0
0
1
0
0
2
16
1
275
0
4941
267
0
0
0
0
4
9
0
5
7
1
1
87
0
5
451
18
0
8536
84
0
8
0
162
0
3
4
0
2
2
453
254
0
10
0
0
1
319
0
109
10
0
4
0
12859
2344
3
1
0
11
39
1146
0
101
2
271
1
67
8
343
209
108
2
1
111
61
2
2130
1
532
27
0
546
6
0
20
18641
7
1927
97
0
3
23844
1072
1
0
1
7
3
855
113
71
0
249
0
0
1
16
16
0
0
0
0
14
4461
0
0
0
5104
103
0
404
402
2
0
1
0
0
53
0
13
0
54
8
2
36
4
8
5
44
11
0
0
2
0
49
17
0
797
3946
274
298
8490
0
360
28
1
127
0
45
0
2
0
0
11676
371
1
4
0
1
918
0
0
6
10
0
4
204
264
6
0
1
320
94
0
541
112
1346
0
224
1379
82
144
2
151
162
0
0
2716
8
0
0
0
4
0
4
252
3
0
4
122
0
1
754
49421
206
10
5
1
0
227
2
1
1
7
1
135
0
442
9312
1229
51
0
2
0
15
0
172
846
11
2
0
2
1
0
1
320
12851
306
0
0
0
1182
12
0
103
0
0
0
0
0
0
0
1
61
5
0
44
0
0
0
384
1
0
1
109
11
2
35843
0
35
125
1034
9
0
0
9404
609
1
1
1
0
1
0
49
0
8
7
38
0
0
11
3
0
93
1
5
156
23
0
40093
6127
167
5
353
724
4519
13
0
1
0
53
0
0
0
0
5214
14
5
50
16
22188
3901
0
29
6
2
0
31
0
1834
1
11801
3
3
2
53
67
6
3
0
1
1
440
124
0
67
2
0
19532
795
883
0
0
575
0
2
0
1447
2
0
0
0
23
14355
580
6
628
2
4
12
113
1
21
273
22
0
1
0
0
1
3046
6
1
0
0
0
0
0
2138
34
0
1
9
4
0
14345
2
0
8158
348
0
0
0
0
0
2
0
0
1
3
2
31
14
0
185
80
37
0
1
0
0
507
107
0
0
134
454
12936
42
1
3
0
0
831
2
10
13
562
1
5
187
6
0
467
0
4
3
3
253
0
14
2
775
9
0
5
35
15
74
87
4890
4
1278
7
0
7
13
1163
32
1
0
95
17
3
0
9655
6
0
0
0
32
0
1
21
9
9
1
0
171
1
2
4238
625
3119
13
21
13
9956
10
2
0
0
1
34550
40
30
0
41
0
1
0
139
4
0
1
0
0
230
0
0
13
0
65
621
17470
2
1343
8951
5761
2
0
0
0
1637
3
706
10
2
0
0
21
1
5
0
122
0
125
1
1
15
4
0
728
3
0
87
8723
80
0
1
0
43
1
3
2627
5223
0
107
0
607
3
0
54
1
17
1
1159
2
0
0
1
61
4
239
0
6
0
46613
818
25
0
0
35
6
8
116
0
0
0
274
0
16190
0
4
1
72
18504
233
0
0
0
0
0
9
0
19
0
404
7
457
69
95
419
4
8377
22
0
206
546
2
0
0
1
0
1
0
0
1
1
47
230
0
13
716
0
68
14
0
84
980
1
29173
112
0
4497
18
4
1
0
3106
3
3
0
69
1
43
1
0
3
1
295
1
0
54
0
0
3
0
13
3
0
279
2
621
1400
0
0
0
72
3
0
13
2
8174
234
2
0
0
56
398
0
0
4
2
0
22
0
2
0
677
0
0
64
0
0
13288
1585
51
107
0
34
6
69
38
0
106
38
99
4
0
0
76
0
22
1
2
12
12
62
1
112
2
20
10
139
1
88
8326
9
9410
2725
227
0
71
10
0
0
10
0
3
2
2
110
606
0
3
3274
26
956
19
315
0
0
2
111
11
2
42
1519
38
10010
4
5
15194
213
10
3
8
0
0
0
25
41
0
3
0
120
682
0
0
0
0
1
14
1
6756
1
1
315
313
4
12442
4
1946
20
12288
81
88
2
0
3
61
0
0
1
0
64
0
0
0
21
0
15
0
3
1
12
0
0
1
0
240
116
25241
69
1
10394
4882
0
8
1
1
6
1
1
370
3
1
754
37
0
20
444
9
0
0
1648
10
58
25
0
561
1
2
2
1612
6485
0
10
31
3893
7
213
5
1
2298
6
1
0
367
8
62
1
5
203
673
0
1
79
145
1
1
7
3
9
3
2
12859
1023
1
1
93
1
77
0
0
3
449
3
4
2
0
0
102
2
13
88
4019
1826
1
1917
1
16
0
0
0
6
11
51
797
51
0
0
11
278
591
619
64
0
2
1332
0
267
16
0
4293
0
39
18
0
0
124
0
38
0
14
5568
794
13
0
1
7291
21
0
16568
1161
0
0
7
899
0
1
0
30
261
0
148
38
0
2
364
12
7
77
5
0
3
437
2
0
0
378
0
226
3892
3
1
0
1448
0
3
0
4830
0
10
0
223
0
106
0
3
417
2
0
0
0
2194
1446
87
0
0
2674
0
0
0
15236
2
4866
76
15
3
7
63
17
13
1
0
21
2
189
0
0
9
2075
2
0
1
1
11809
7
8
0
1
5
4
1394
149
169
10158
40
0
65
101
373
1407
1044
7
0
243
58
0
3739
1735
2
0
0
38
1
1
73
854
2
9
786
5
5
19
22
2
147
6110
494
4
1
10
3
54
6
14
0
0
28
6
1
10
175
383
17
0
391
0
11
1
0
0
0
0
683
193
6
17
2634
2113
3
65
213
132
63
17
0
407
262
41
440
556
176
1
9
0
17
1
10
8
1
2
106
0
10
2
1
42
5
0
1877
3
14274
253
37
5
2
0
0
3
0
1
608
44
11
3
17
92
1
0
1
2
1653
0
1
1386
2
9
0
131
1
0
40419
1
264
5
28
646
13
51
0
346
1
580
0
0
12
297
1
46
2
128
0
1
16
0
25
15
0
2
46
0
0
92
87
7538
351
624
7
0
2225
1108
0
0
1
4
38
2
13512
489
0
0
526
1
101
1
0
3
62
761
73
37
0
0
14
1
512
211
1
18
134
3
13413
0
1
53
2
76
16
1674
0
0
106
0
4
1
455
21
0
6
330
1
6
2
10
0
10
55
6
110
498
4
8
1
0
0
1023
0
22
0
84
0
24
0
0
3
0
0
19
1
2
58
6
5
0
1
2
14
5
0
18751
0
0
37
0
366
5222
24
2
92
3
2
0
237
0
2
629
1
5
0
3
3024
363
16
6
2
1065
0
47
0
124
0
4563
463
0
0
32
32
10
560
706
1469
0
13
1
5
1
0
2
124
56
0
127
36
100
0
184
12
0
4
0
41
0
17
4498
10
0
1703
95
1
10
76
0
8
7
556
76
2
1951
14
5
0
0
6
516
1
0
0
0
5
0
0
0
0
1
0
169
30
15565
94
4077
0
0
71
0
0
3
2
2
3
182
6
12
8
3
78
5
0
8718
2372
1
15
1
3
0
11
2
41
147
0
20
4815
0
0
17
0
46
2
1
0
486
2
51
1
0
187
161
7
0
0
20
1
3
155
0
0
3
0
115
37
17920
37
31
20
2057
0
79
652
62
48
0
114
5778
51
0
1364
0
20
1
0
10000
168
0
0
214
0
65
1
0
11
830
5
25190
6240
1521
626
121
18457
4
0
2
2509
1
5
0
157
197
0
362
22
0
137
3
0
5
0
8012
649
0
1
2
3
0
2098
1060
51
230
0
1
85
141
62
0
12
0
194
97
2
20
0
5
2549
379
826
1
404
109
10165
0
1
775
1
1
0
0
16
0
826
3
69
51
0
4
94
0
82
0
0
0
0
1
0
8
2
0
9708
14
1
0
4
0
44
1
1
135
20
499
2985
1621
5
19
404
7
31
9
0
1842
227
19
0
0
81
0
0
0
17
7
4
179
0
3
0
66
0
42
1
84
2
1
3481
1621
5
19
592
5509
0
16798
0
49
1
0
0
887
130
50
8
0
5
1713
0
29
2
35
6992
5
0
144
1
0
178
0
0
160
6304
73
1213
3
33
103
2145
1048
101
26
41
8
0
0
0
3
0
0
130
0
1
537
1
0
2
0
3
0
18
1152
11
1887
40
13539
13
13
140
1
0
1
61
1
105
7
270
91
299
109
3299
2
3
4
2
1
0
2
12
4
801
0
0
0
1904
1621
5
19
5
1701
60
14
3
2
37
29
909
480
2
246
0
0
0
11
133
0
8
19
60
2
131
0
727
13
4
45
0
320
154
608
2
1825
16
10
1
16
258
0
217
1
1
6
13120
14
28
1
1
0
1
1
0
47
78
8
41
7
2
2
0
7886
2172
171
6
0
77
5
19
7
2
121
10
0
0
3
4
176
12
2
0
0
1
766
0
0
0
0
495
557
1
0
0
10719
30
2770
150
81
1
588
407
0
9660
10
26
31
1
0
0
127
1
6
0
7
162
4
2
1739
4
0
0
0
10
7
0
11199
26106
192
10
1
369
0
4427
23
183
15
1819
10
4
2
5
28
1
0
6
3
230
4
0
0
1745
0
16
0
12
113
2
13782
4129
24
15603
20
12775
0
39
0
0
3
3552
0
46
70
1
7232
12
16
3
0
7
0
0
1
40
2
1653
14
0
3
0
29294
6
0
16799
415
3
10
7
0
0
1
21
0
23
0
0
0
0
0
0
0
0
72
1076
0
165
0
75
7
7
1
0
2095
37
0
343
2
633
13
4
17
13
1
0
0
1
0
0
8
1
0
0
0
0
0
68
0
11
1
4
0
0
6
4
6954
49
1
0
804
0
0
1
2
0
562
338
56
1
69
19
21
153
25
12
1
0
0
0
0
0
21
1524
0
1
0
419
4675
7
7
686
20
15146
0
7
4
8
250
4
2
250
0
17
1
70
35
19
0
0
236
1
219
62
216
0
71
0
111
0
10187
463
4
42
0
2
0
634
3
3313
68
1
1264
30
46
935
0
1284
490
20
40
5702
0
69
177
182
3131
2
0
15
0
7
2691
82
801
20
72
5
1
7
72
73
4476
114
1
1
0
920
19
0
0
130
16
28
288
1
0
8
1
33
1
1
7
3231
14180
1501
22
3
30
0
104
4
3
0
28
46
1
1
1
2893
51
32
5
3655
5166
0
63
0
0
0
77
0
0
30
1362
0
1612
129
0
1136
27
0
306
167
23
8
48
2
4061
3
0
1
199
0
1
340
2
1
2
2
3076
332
0
0
0
0
283
3606
15493
5425
13
30
45
235
0
3
0
1
1
35
6
0
0
0
30
7
1
0
0
0
4234
19
0
12
0
0
5
0
0
0
320
12851
1143
38
6
10
12
0
2
14
0
0
2
7
1
6670
0
8
4
0
0
3664
1
6331
1
5
7
0
0
22
191
9
13953
19511
71
0
222
0
15
7445
2321
4
0
9
1
0
1
1
3
1
2
13673
0
0
9
36
1
5
15
1
0
0
0
27
87
14683
0
21
118
0
0
12
1
4
104
0
0
4441
50
0
1
175
923
0
0
0
425
0
18
108
48
0
18
13
1
1
185
2233
518
5
13
24
90
0
56
184
70
48
3
56
13
1
7
0
0
1
5
5
6876
502
1
19
632
84
99
2
9
13
10971
5
19
0
32
1
8790
157
1
4
0
0
0
259
42
5
0
7
69
53
12
2
2
0
1
1
115
7
463
4
6468
237
11551
2
13229
4910
15
260
2138
0
20
14549
0
4
171
3
2
71
22
0
8134
1152
4
24
4
3
38
0
131
0
0
3
2223
1005
10473
24
0
1968
0
29
4824
17
23
37
325
6
3
11979
19
1
0
0
2
41
0
0
106
675
0
0
9
7
6
0
0
2
5104
202
277
38
0
25
4
0
0
2
20
0
6030
1223
0
0
2
0
1
0
0
8
0
8
5
951
16
0
816
3
0
0
10983
4
0
0
0
24
0
4
597
0
0
2953
0
0
2
0
91
12
5
12
1
783
17
12
12
0
1
0
5955
23
0
3
147
5630
445
677
9
2
9
1
144
17
522
26
0
0
4
11
2
0
0
0
5
0
538
3
1
9
1
69
507
6
0
46
147
0
1453
7
7
2
0
126
0
46
180
13
37
2
10
2
0
276
0
6
0
0
62
3
2
32
0
0
2
1
4729
122
1887
40
46134
1
215
11316
0
95
3
0
1951
232
2
0
396
44
0
0
0
1194
28
0
19
0
0
0
0
18
1
1
245
0
185
0
0
17
13
2018
1
48
0
8559
812
330
21528
0
19
52
36
0
0
4
5
13
1
19
33
2
9
7
0
6
48
3
320
1266
0
10
0
0
30
33
9
182
2
0
9
134
1
103
0
50
16
0
0
19
4
6
0
2
519
680
10601
29
1
25
6
9852
2
35792
14473
11273
5
0
139
0
3
2728
0
572
1
41
0
98
0
0
2
0
0
17
191
0
5
8
1
0
4
0
1612
11
2
0
4
55
47
0
161
20
114
11
6
6626
17
564
0
0
8
785
4
12
0
0
0
0
2
1
0
14
193
0
6
25
71
29
0
307
1
83
0
169
9534
47
0
14
42
0
5
0
0
2
1
56
72
0
3
0
3694
3
0
7
64
151
1780
5976
54
395
0
4
0
11
707
3
1
550
349
1
0
4
35
195
117
0
0
9
14
30
89
16
135
5
63
0
0
15
87
5962
25
60
0
673
5
0
61
102
325
17
1
11
96
4
2
0
0
15
16
1
0
228
1
0
0
60
1
5
428
0
29173
2
448
0
5
547
0
0
35
181
8
0
264
112
798
0
0
1664
5
116
0
13
1
0
0
1
71
0
2
136
1
97
847
0
1
26
54
17
3
1
11697
109
263
93
2
0
0
3069
2094
10
1
8
347
1
1553
0
11
1
2
0
6
0
3
3
4238
0
0
1089
7479
0
4
0
548
1036
107
1
4
10
2
42
70
1
0
17
1
3
0
43
0
393
0
6
1
23
2
5
2186
56
2160
9615
3
361
1
14
3
1
1
142
1287
194
24
345
2
3
919
0
559
298
17
3
2
21
33
38
1
0
44
11
38
5788
23
262
0
2291
357
4
3
0
3
12
32
0
0
38
2
2808
0
58
3
3
0
28
70
323
626
160
2
3
245
0
12859
1014
18
4
3
0
34
116
0
0
53
859
0
1
7
550
0
1
10
22
0
0
0
0
12
0
0
0
0
0
0
1
1612
129
54
2120
706
76
1400
1
0
809
1
393
1234
25
2
1
21
2
42
0
0
38
108
0
1
5
8
0
0
9
6
0
4220
70
405
94
1
0
63
210
0
0
0
0
2
2
67
14
1298
77
13
53
0
130
0
1
449
0
277
247
10
2
1
2
202
90
66
4896
11
5340
0
5
7
244
0
2149
95
5
3
0
109
13
31
0
0
0
9
4
0
0
3
2
0
0
670
562
31838
85
1
0
93
1128
0
0
0
0
0
8657
488
0
356
3
815
4
0
0
5
0
5
2
2
17
16
160
25
3
2226
10
87
431
324
284
4597
43
105
202
69
4
0
0
299
2
0
9
0
2
1
4
42
0
1
109
0
78
3
6
0
0
20
72
24252
2
19
0
0
2
443
6
1
2545
16
23
3
9
229
147
2
1
2
4
669
0
691
0
22
0
0
0
0
987
5
7
11586
111
520
0
1
30
13
31
3
1
17
0
0
1051
2944
1
1439
4
0
987
29
0
5927
8
5388
1350
86
2
5
0
2
100
8128
870
464
91
78
5
28
30
0
0
418
0
6
0
1
0
0
0
0
0
18
1
1
0
2485
3
0
1
0
0
3
6
6
183
0
185
0
0
204
2152
15
4225
607
0
0
52
53
3
0
254
16
4703
17
1
4
0
5
24
74
0
8
0
27
32
11179
12
10485
21
7
0
30
26
8
0
1
0
12
0
0
40
1
5
1
1
7
0
7
0
0
0
14177
1754
0
7
0
0
163
25586
2750
259
4
6079
1
0
5
13
231
0
5
508
736
1438
10
3
3
1
43
0
9
1
9827
607
0
77
1480
96
128
11
25907
2113
1
29
933
4
2705
1
59
2
7618
164
2
6
0
0
16
109
10
0
230
37
0
0
8343
116
5
0
3
0
8
0
30271
0
1
4428
9
0
0
0
13
0
3
61
12
13
1
0
462
299
995
13
50
12
11
7
51
43
1
19
0
1
1
1223
14021
2819
219
21
2
649
0
0
3098
6444
798
4
1
1
1599
2
9
68
0
2
2
0
444
0
0
2
0
47
1
17
0
117
6
12419
1635
0
9860
784
0
1
8
0
40
59
1666
6
763
0
0
18
0
5
2
0
10
0
61
1017
96
1904
9
0
1
0
1243
244
345
35
10
5
0
4
857
0
0
1
0
0
4178
105
72
0
8386
32
0
799
0
3
0
4
1
0
0
640
66
424
23943
628
32
17
4
3079
11871
16
23
0
28
0
0
0
5
0
0
0
2
5
22
31
0
38
31
0
3
70
0
1037
2
12
6
16653
4497
0
12677
56
5
13
14341
4
15700
0
207
0
0
7
5
37
157
1
27
0
2
89
1
59
31
0
0
112
7
2
4238
1390
43
53
92
0
10
0
178
6
0
362
0
236
223
14
0
3
0
1
2
51
0
10871
4
126
0
3234
44
0
23
0
12677
0
3
64
236
0
1
10
0
2
120
4
14
39
0
22
0
3
5
1
8
0
1
23
3
5492
124
3608
3
13
21770
20
29294
6
5989
13
1620
5
36
0
3
1
19
4599
1
3548
1
3
5
0
73
98
0
24
3
1
4
1469
29
0
5
55
13
0
38
4
0
159
4
0
9029
152
0
2
0
0
8
356
188
1
18
1
1
15
0
3
0
0
0
0
119
4
10
0
1456
0
16914
42
0
3010
34
61
0
1313
9
0
72
9
1
2
0
3
0
1
15681
58
0
37
0
5
4
50
168
21
0
0
0
7
484
13
2
18829
4132
0
0
0
2
1
2
0
24
2
1
1
1
0
4
9
0
41
110
0
0
239
2543
18
2
21
2
11
38
2
1874
3
0
183
1
2
11
0
145
2
4
319
1014
0
4
1
0
0
4
0
0
72
5
505
13
2
0
1
22
1
2095
1175
8277
54
223
4028
8
17
25
83
34
0
0
0
10406
2
0
5
0
7
9
0
0
0
0
4
21
553
1006
1
34
0
4238
2
87
2
531
0
4132
0
12
0
13760
4591
243
2
0
1
201
66
28
8
0
2
0
101
5
297
69
26
11
0
1
2
16072
3
67
1
14
2
0
1215
0
0
2584
1163
0
12802
3474
1
0
83
0
0
7
1
1
0
0
84
8
3
0
10
104
0
11399
605
359
16
3
1
16
48
290
0
4
11
24
0
353
1
1
20
0
730
1
28
1
0
0
1817
16839
272
362
39
0
0
513
9450
6
3
8674
2069
5
1
0
15
0
3
0
24
1
0
159
48
0
836
0
2
48
92
43
0
0
67
0
0
123
8
17343
11195
29
0
7160
91
9
89
0
917
658
28
2
4
0
0
0
84
0
61
2862
177
1
0
0
1
0
2
4
0
0
0
320
458
6
1009
5068
1884
3
0
28
2
15
0
0
910
72
0
0
4750
2
0
0
891
2
0
0
0
1
2014
41
0
11
2
21637
58
6
0
5
58
28
3
5
0
14
59
0
0
1
0
8
8
5
50
52
0
0
0
32
0
0
0
3
2
1
23
8948
319
16
21
0
3
13
8202
179
11
4
1
36
18
93
0
12
0
696
0
1
0
7
325
0
5
0
43
124
52
0
49
3602
577
0
0
18329
1536
22024
0
39
5588
4
0
2
0
6
145
23
0
11
39
1
0
240
0
791
0
0
0
153
1
10
3204
325
1020
0
2236
1292
0
0
0
127
999
4249
6
703
458
0
44
18
2
6
2
835
10
0
0
50
120
73
3
76
33
0
0
24655
23
35
4
1421
0
3
774
0
2
0
46
18
427
0
4
283
0
19
1
1
0
3
47
3145
801
1
48
0
0
1
0
0
826
3
69
8
16
1
490
2577
6
57
4968
20
10
9
4
0
0
1
0
40
2
1
3401
23
0
3
0
0
37
1
0
1612
4767
2716
111
56
184
1
177
0
225
431
23
12
1
56
0
11
0
19
0
0
156
1
84
1
1
7245
101
285
0
0
12
5104
719
8
1
680
3725
11
0
6267
140
0
0
1
24
16254
0
0
70
0
0
3
1
1
62
19
0
5
108
0
25
0
45
192
0
0
0
55
123
0
0
0
2903
2153
1
1
1
22
509
3
1
2
2
398
25
1
5
89
776
0
21
0
27
1
0
318
26
4
651
20
179
591
214
129
7
0
0
0
1
3
0
20
0
76
0
0
46
65
0
1
0
0
1
315
0
1
6
1646
0
11
37
2
1
659
0
0
3947
1
2
2
1
47
6
2
1
22
0
0
1
0
2141
70
0
3
85
571
288
3
97
9554
10
1
6112
0
470
56
43
0
330
3
0
12816
169
17
0
54
1
0
0
0
265
22
21
20
1
16350
41
0
7
0
0
29902
2
16
1571
38
980
66
0
11
0
0
8
48
991
7
835
624
85
1
0
9
2
198
1
32
0
1
3
3
0
12
1415
21233
727
345
6
20975
2037
17
443
1
0
0
3019
4
319
0
12
926
3
1
3
4574
1
1
340
0
0
173
1
0
38
2
10
25825
413
48
7
33
0
2
4
60
0
0
0
1
0
2226
29
2
1167
217
0
1
0
195
0
57
0
1706
1
402
42
0
0
12302
23
56
4
0
0
37
0
125
4
124
17
11
52
0
7
0
6
1
0
15
3
3
12
0
12
419
0
0
14
39
1
38
1305
75
434
446
0
1572
3
888
48
240
0
201
8616
18
19
22
0
0
51
0
3
24
15
9
15
85
1
35
105
36
0
20832
15
0
23
562
5
1
7
1
2
6
0
2
386
0
2
156
2
4057
61
33
59
0
0
0
2
25
0
0
0
3
182
291
9
9220
0
81
1
7
3
475
1049
1
2
310
54
0
1540
3724
917
0
1
0
8619
30
7
6
0
0
61
6
61
2
0
320
286
4
0
132
0
0
106
9
0
2
0
2236
59
9
269
94
0
0
0
6
26
0
0
0
14
567
39
0
2140
0
43
6
188
4
361
504
1
8587
738
746
1
26
1468
361
0
3
465
5612
59
1
32
2
0
3
3
0
67
83
0
4
532
0
102
603
8
1816
106
2
0
3
3
292
679
0
9
22
9
2
0
12
2572
15
1
1
17
919
0
0
0
0
0
104
0
6
32
24252
4
13
8490
7
8
0
2
73
86
9
0
12
0
0
225
9
78
933
0
497
0
15
0
2134
57
6
14
1
3
0
1
7713
471
22
14
1
137
2
3
0
18
0
7580
54
54
10
88
2
516
0
0
1
228
0
35
0
44
1
64
0
2
1
112
6
10274
61
11
2472
8
2
0
493
0
421
0
1
28
10
0
0
0
1
79
0
0
0
31
4
0
909
0
1
0
1616
0
320
12851
546
2
222
1
2
5
15
0
2
15
95
0
10
55
24
0
4
1
150
0
38
5
1
0
90
82
0
95
5
57
30780
25
3
1
0
0
3075
110
49
15
3775
0
0
1412
117
0
69
2114
5415
6
0
1
167
0
1
386
112
0
11
65
0
0
440
595
1
8
20
3174
21
2
4769
9754
0
448
2
0
439
10663
15
2
18
0
645
1611
0
20
0
147
7
1
0
1
1
0
320
12851
39
0
0
0
136
0
2
332
21
1
3
80
0
50
48
2
0
64
2764
2
0
4
0
82
0
5
1
0
875
401
1721
0
0
15
0
8059
31
33
301
5
187
2
2
71
3182
1049
1
7
15094
82
0
0
0
13088
43
2489
0
0
760
184
1
94
27270
2
112
0
1
2
2170
1
0
35
1175
3333
12
0
0
1
180
13662
0
1
0
0
19
20
0
0
839
47
6703
1805
0
1
3041
913
2242
145
0
16
0
338
0
443
1261
6
1
9
151
7727
4311
0
19
0
0
0
24
59
16
230
1
10
0
107
0
0
169
4064
10344
1
3229
123
0
6
5561
1
40
505
267
11
3
2
0
2
1
0
9
2
0
3
0
45
26
0
57
3680
195
12
185
2233
89
398
101
0
0
10714
227
8
5
21
0
0
0
0
0
0
4
776
20
74
39
651
344
8
0
164
0
1
0
1
147
0
635
73
0
4
11528
12
21
0
181
0
0
0
481
4
101
1
3
8
15
32
0
3
1
0
0
0
3
2
34
2005
994
1
0
441
6
9
1
4
1582
2
0
1
0
0
0
4
0
113
24
7
1
4
9
7
0
0
0
159
0
9
0
1
722
82
273
54
9
2
18
4277
79
85
0
940
58
5
1
0
47
1
12
34
0
7
61
0
5
2
0
0
1
24
19
851
34666
4
3
3864
2016
1
298
0
110
5
8
0
0
0
82
625
12
0
0
445
5
1
0
5
2
0
324
0
12
0
6
0
408
3113
3460
0
1
2
3050
821
8
2
133
12
34
0
0
0
2
33
0
0
0
143
870
1
10273
447
1
28
5
0
0
36
2125
305
59
2
587
9
10
6
0
696
1186
167
1
13
11
0
3
4
3
1
0
0
4
0
0
1
0
9
0
2
0
13
5321
5
470
0
1142
0
5
0
10
0
0
0
2789
6450
16
32581
7665
0
16
1
0
424
68
0
1
7
0
0
0
41
0
12
5021
370
1
0
0
8
1221
0
67
0
19
1
182
0
40
0
0
163
0
64
1
4907
38
206
22
4
9
0
5
4
0
12
38
5370
0
84
0
7
0
16
5
0
1
950
117
33
485
0
0
3
0
7
0
1
0
0
4
0
9
0
16
0
0
18
73
24410
0
12
162
1
9241
0
62
4
10
34
0
3
0
0
2
2
17
2636
241
7
0
0
7
8
4
42
2
1
0
1
13063
5802
13
146
0
0
14
38
7
0
2
96
4
7
203
3
0
1
4
11216
90
0
0
0
0
0
2
0
42
26
5
82
11
11021
7608
10306
0
38
0
5
3
0
0
7
5
0
1
799
2
9628
699
0
0
0
136
7
193
0
3
12
82
19
5
7
4220
70
405
110
0
6773
1
2772
5
26
4
18
154
0
12
3
122
6
4
5
0
4
0
0
1
0
1
0
2492
3
0
161
20832
0
476
4
274
5
2
1797
305
0
111
0
14
11
0
3
70
0
7
0
3
1
95
8
14
44
10
86
0
2
0
111
11448
9
138
3
0
1187
6
0
13392
0
1638
3
2526
6577
3
3
1
90
0
1
4
1
3055
3
1
1024
0
53
369
385
4
3
4220
70
405
110
0
27163
0
122
0
7
39
0
6
0
0
0
0
156
1
8
3
806
146
0
0
11
8
0
0
3
24
0
8567
46
18704
729
7
591
3502
0
164
30
0
4
38
30
2
9
600
0
209
15
1
1
0
12
4
37
3
7
0
2
249
2
10591
3
8
0
355
2
6
2
15
0
0
0
455
4
0
21
224
3
6510
87
1
15
8
2331
119
1
0
71
0
0
4216
19
11149
2073
7488
182
3824
83
1
4
468
41
0
44
0
1
85
0
0
0
30
1
4263
106
0
0
0
0
1
2
2675
743
1
0
390
37052
2
0
45
1
340
345
9
34
2
14
73
59
0
9
45
257
0
0
6
53
32
0
48
0
1
3
0
84
0
2
14809
6
1726
78
16
146
16
0
114
5
36
117
0
0
53
2
56
1
0
91
0
257
1
33
1
616
4
0
23
212
0
83
12859
1687
35
11181
15
10
0
1
0
61
1
11
1
33
0
7
3
0
0
870
0
1
3
3
0
694
31
8
4
51
1
7
1243
44
60
33
2
0
26
3
20
38
13
1
1357
5067
0
1
0
11829
1574
49
0
0
1915
0
0
4
0
32
0
10
2
0
26153
10039
0
0
43
3
13642
0
0
494
140
0
0
7815
589
1
7
0
0
3
3
2
1
0
72
83
5
1
364
127
1
1
37814
56
4
2
2
2651
56
1
500
2
7122
12
0
0
1862
0
0
21
0
2
3961
444
0
14
21
246
0
0
92
425
1
0
8948
71
203
2
245
0
0
12
1857
1
1177
1
0
50
46
0
2048
10
144
9
0
0
0
1
1
2707
75
0
1
158
56
0
248
2830
0
128
1510
3
6
26
3
423
0
0
14
0
4
0
0
0
33
51
15
12
0
42
23
0
0
0
25
0
3
36
6908
3267
128
0
173
0
194
4
1780
0
79
1
5
0
20
0
0
7
1
0
47
1
10
0
1
0
5
1
0
81
0
1
2704
1
3
94
0
0
37
0
27
3
15
1
12
420
1
144
0
2
2
0
0
779
1
0
0
0
399
4
9
776
0
0
994
11
0
322
8
0
78
865
0
0
104
5
0
4
28
1
17
6
51
4
13
0
252
129
0
5
1
3
154
1901
0
0
13731
90
196
75
1
3
45
20
11
35
5
2
0
12
0
235
1355
4963
7
0
111
0
340
0
0
18
0
0
2
1
24
34
19016
10
66
21
1554
449
1782
3
1
0
5451
4427
0
30
0
167
4
0
20
54
2841
0
0
1
0
70
1
1
0
552
1
98
13007
357
0
14760
0
555
179
39
1
0
27
1
0
146
0
3
75
1
330
181
3
38
111
0
14
0
0
104
2
523
1
1
1060
1981
31
370
5
4
3
58
0
0
32
0
0
0
2082
410
31
6
4
0
0
5
0
0
1438
63
4
424
0
0
0
0
74
5413
22
117
11382
46
1
29
6
0
3
6
0
0
0
0
36
1
8
32
0
6
2
2
1
26
8
3
179
5
15
0
160
73
1179
1
0
8
0
262
0
986
0
3
44
1
6
1
0
4297
826
10
16
1125
0
0
179
0
3
0
0
0
262
14
4298
167
157
608
564
27
0
101
0
0
1390
6
0
0
0
46
6891
1
3
0
192
58
50
12
0
1
1
10
2
0
2
0
355
228
5
267
1
8
24
4
16
659
0
1
2
155
0
47
3
0
26
1
2
0
133
10
0
0
358
5
0
10
0
1
38
6964
0
4
10
41
0
691
0
0
2
1
146
11197
105
1
337
4
30
2
21
9
0
0
0
40
3
3884
2
0
0
0
2045
141
611
0
0
36
0
0
0
465
60
1
34
0
0
0
68
1
0
2
1
1
246
0
1
842
3
1
9
2
21
8
15748
27
2
188
21
1
0
42
0
0
11711
7
99
0
0
0
0
2
40
10
68
32
20
4
0
64
15
56
1
1
963
0
3704
101
1156
2
138
1820
1
0
14
4
0
48
1
5
8
0
0
0
0
0
0
236
2
187
17
22
4
206
0
102
0
0
1060
5208
0
762
444
6
0
0
1
5
68
5
0
10
255
8
0
0
0
10
691
1
92
19
7
0
184
0
0
18
0
0
36981
25
3
3
0
2
0
0
6
0
1
0
3
58
4
0
0
38
25
22
0
0
6
0
0
0
44
0
11
0
14
0
87
10613
11
127
96
91
1909
19536
2
3
1
1
24
776
3
0
71
1
0
0
1
0
0
1
1
1
0
0
4
0
0
0
1060
142
436
274
0
7
0
0
2
1
6
2
6437
0
1
21
3
0
21
2
16
13
41
4
0
88
5
29
12
0
22
0
42957
6
0
0
0
0
16
1651
0
8
3867
0
8
0
223
34
0
0
0
1
0
4
297
4
30
4
2
4
0
33
0
65
8948
0
4
0
0
0
0
2
6
60
27
8
0
0
72
2
0
1
18
0
1953
0
6
61
3
10
4
6
0
76
0
0
15596
94
3
12
453
323
7
51
6
9
806
1
0
8
429
10
0
0
0
0
3
0
0
0
0
3
0
0
3
8
1
1
6712
11
89
985
19
618
572
95
64
173
0
3409
0
6
1777
89
0
0
18
0
0
4
0
1
44
0
0
6315
0
1
1
0
8611
0
510
33
3
28
43
0
0
0
25
277
20
10
0
0
0
0
45
572
0
10924
2
0
8983
145
14
3
1
11
14
64
5104
6512
2
4140
61
3
0
248
0
12
11
4
0
4
0
1
179
1
0
63
0
2
1
3
0
8
9
12
0
56
3
0
842
721
0
1008
0
18
121
0
1
9
5
20752
64
9
19
0
0
0
915
324
2
2
5
0
196
0
3
12
79
182
0
0
9475
14
24794
0
8
157
0
1096
2
95
1442
1969
0
16
0
6
30
7025
1384
0
15
238
11
0
0
3
0
0
1670
0
0
0
1612
129
0
19
16
7
41
0
0
509
12
0
0
1
0
2
23
90
27
2
3
0
1125
4
4
33
9
102
0
0
50
0
16353
9516
1
0
12239
1236
0
0
2
11
8
0
8
2
0
0
0
2
3
81
0
667
0
12
3
0
4
0
0
1
0
13
320
323
0
721
47
26
13
1
75
0
219
1
89
0
0
1
102
1
149
1
1
19
0
0
6
0
7122
449
1
5897
0
0
7360
0
161
19043
0
2
69
2180
29
228
22
10
7
5
20
0
21
46
0
0
23
0
2
0
21
100
110
2
14
0
0
15
29246
1
102
5
7
0
113
8
1
0
0
1
46
0
38
3
1
4
1
2
0
1
1
0
56
1
0
379
5
1
0
0
509
4289
1621
3
83
0
3284
5
60
0
86
5
0
3
21
312
0
4727
1
57
18
6
0
0
0
0
0
4
0
1
1
0
408
0
52
10675
0
1
1
37
3085
45
24
4
2
239
1
43
1
0
3
9
1
1
40
0
53
0
0
14
1
2
0
1
8816
1012
5
4921
854
3
593
1
7
17
1
10899
1770
0
2
0
0
2
0
81
219
2
0
6
0
0
7
4
17
131
8
68
0
1452
600
14
203
0
9606
9
1
0
0
1
33
959
0
234
0
2
0
2
86
1
267
106
1
0
1
27
0
18
0
0
2388
0
3715
275
0
5
75
4578
34
2
3
6
83
0
0
0
1131
7
0
64
0
3
0
153
0
0
0
101
0
2
33
4
8118
4
826
17770
0
6
19
0
9
0
7
0
7
8
12
30
0
2
1
60
2
164
89
0
1
18
4
0
0
16
1
0
318
24
0
8
0
18
0
13
8461
64
1
1
34
0
0
12
0
72
2
0
45
2
260
0
0
2
0
1
14
0
5
0
3623
68
0
238
174
623
9
1417
270
22
21
0
3
1
1
0
1
1
1
8
0
5
1
0
0
0
0
0
14
0
0
0
3623
68
30
9
105
9
114
19
0
16
72
12
16
15
2
0
22
0
3
59
297
1
2
0
1046
1
0
1
0
3
0
0
845
50
0
70
0
4335
30
2
30
22
892
1
3
1
15
0
35
0
2
0
0
2
7
1
0
0
0
0
0
1
9
13
8170
17852
2
805
227
9
0
0
2
1102
4
11
3
1
0
0
5
15
27
0
0
0
237
6
2
1
2
0
0
1
1
19
160
180
6
8
826
4
6
67
18
3
26
68
379
6
133
33
41
1
3
5
1
0
1
3
141
0
0
75
39
2
84
20
4286
1608
188
0
1
284
0
2043
143
18
1
0
46
15
389
0
0
5998
0
31
0
38
29
3
5
1
110
20
0
0
121
707
1294
638
9
0
3
1946
7
2
0
102
0
1246
0
0
43
43
1
341
3
0
43
40
2
3
1
79
0
0
117
0
5999
6
457
69
95
419
4
8377
364
3
519
1
5
126
50
25
3
0
2
10
73
0
0
0
54
0
1
0
0
1
2
2
0
4061
7291
3
5933
0
0
0
20
0
0
78
1
67
2253
0
1
1
14
7400
28
5
0
0
0
8
1
55
4
0
0
0
0
1
44934
7
23
109
18
0
0
6619
98
12
0
545
0
0
15
8
0
2501
4
0
2
2289
1
3
0
99
0
2250
0
0
29
6
48
1050
21
0
5249
3
3
1
45
122
23
0
15
0
8
10
7
0
73
146
12355
22
0
0
20
0
12
11
2
0
0
0
12089
26
2153
80
0
2383
14
4
85
36
61
64
1
23
94
0
0
57
0
0
148
261
0
0
0
17
1
8
202
16
0
1
47279
11
17
9
0
3
14925
76
0
3
0
7
17
80
1
0
2380
58
2
0
251
0
1
1
32
1667
7
0
9
75
0
0
29173
11
240
131
495
0
0
1
4
36
453
4
1
0
7
1
0
103
3308
71
0
43
0
21
0
185
1
1
146
0
16
1
33943
0
107
1270
3789
36
0
0
4
0
368
21
6
13
0
5
18
0
0
351
138
41
4
1
425
90
1
3
54
23
9
1
4286
26
3
1163
15
631
5
0
0
6
7
3
4
0
24
4
2204
6
14
0
3942
179
0
7
49
13486
17
6334
0
1
2
0
30347
89
269
33
81
91
8
19
89
2
77
0
0
814
0
0
2602
867
6
0
1
0
0
2
0
0
10
30
0
0
0
4
320
12851
306
0
13
1
26
845
0
10
376
4
8
0
0
16
9
0
3
0
0
12
23
0
48
9
1198
17
1305
0
0
0
320
343
0
0
196
4
154
4
1
4
0
637
54
0
0
1830
0
42
2
13
0
13
3
409
0
0
0
0
0
1359
178
32
160
10
4
1110
1236
426
0
2290
0
154
15275
2396
0
3
0
105
120
67
0
93
3
5
3
0
0
1
1
0
3
1
45
2
603
14
8
0
44
2
11133
623
1
0
0
0
0
1
0
22
438
156
380
6
0
0
11
4018
0
144
0
3
0
1
0
1
42562
0
1170
0
0
10816
6
7
1
31
0
151
3
5
49
3
0
0
31
0
34
0
63
0
5205
88
1
0
52
74
379
784
190
17943
113
388
49
37
28
396
2
4
0
23
0
594
20
1
123
17
0
0
17
781
12
105
305
3
1
381
0
0
0
0
12089
9
8
63
113
1
23
0
306
4
4
0
0
0
1186
844
13240
80
29
3749
0
15
1
0
0
1437
142
0
302
0
6
1
163
454
1
0
15
0
5919
1338
2
29
5
1547
0
1
172
42
3
0
0
10
6
0
34
0
1770
0
0
0
0
6053
740
0
19215
140
1679
3891
2253
1
0
26
3
422
1
0
1022
0
35
0
0
132
1
1
337
42
1
46
0
1
0
1
1
180
0
3409
116
105
355
2
271
162
33
11
12531
0
46
138
0
29
4
428
6
0
239
1660
2
21
0
4131
612
2
0
1
2
9
0
11
7283
3451
0
45
0
271
2
12
0
0
0
59
11
84
7
40
0
1
0
1
8610
3498
16
16
43
0
2827
14
3
2
9
7
274
10453
0
2602
123
17
1
6536
590
1
1
1056
0
4
5
0
0
313
5
4
0
290
13
17
0
0
0
1
0
0
0
10
12748
122
1
0
36
0
1
84
0
0
0
12
0
0
0
1
4
2
0
0
23
0
93
21
56
1
224
44
90
524
0
1
320
0
3034
0
22
185
84
3
36
1317
8
9
0
16
0
1
92
0
3
12
11
0
9298
47
1
0
2
167
0
93
2
1
407
66
8792
448
217
0
2
0
1
90
7
129
0
0
179
6
1
26
0
32
2
269
14
0
107
13
0
5718
19
0
10
29633
3938
0
284
1
40
9811
0
0
0
3796
571
288
1
11
182
117
148
9
4026
212
1
1
699
0
6
6489
1562
33
2
358
1516
11
1597
440
38297
28467
452
4
3250
0
20
49
2
9276
2001
2694
11
6
69
373
11
32
2
12
87
1
1
0
0
2209
108
98
1237
15
10528
3310
2702
1
19
4103
594
3
7255
119
1
2
0
1
134
0
2
0
3
0
0
114
0
0
0
0
0
0
0
3
0
0
147
17408
1137
542
0
0
1829
21
727
1
65
10
0
11
23
0
152
2
61
0
0
14
8
73
11422
38
1
0
0
0
0
2
31
0
0
0
1945
5339
68
65
18
0
0
52
54
72
13
4
19
2
32
19
2
2
186
1898
15
72
4
37
38
0
1
2
8816
415
0
1
2
0
17
0
409
21
7764
182
5
0
0
8
256
0
0
0
16
0
7
0
4
0
4
687
1
7
0
0
994
138
0
877
3
0
0
14
0
8
0
1419
3063
30
5058
1
0
0
62
18
4
45
17
0
0
0
258
502
38
1
1017
26
8170
3022
0
0
160
0
109
0
4
190
1132
73
0
0
0
32
2
81
2
0
0
0
3
525
5
104
0
6
0
7787
253
1
11555
384
16
1080
622
5
0
1
3
1
38
12746
16
474
0
0
0
86
0
1
545
60
8
0
202
1
1
1092
33
7
157
0
274
1
679
31
0
0
0
60
43
5
2
0
0
0
0
506
12
25
25
0
1
4
6
3
27
8
0
71
1
1
2
14
38
5254
18
50
0
17
3
259
4
0
3328
11
0
1
0
94
279
20
0
4
45
12
12
1
0
5
3
64
2
0
9
1171
2388
1
0
24
0
1
0
46
1654
7
0
0
31
2
0
716
780
0
1
0
0
0
22
281
2
1
1
25
0
31
28
0
12020
14
0
366
33
27
9
31
6
698
2
15
5
131
12
2
0
1
2
3
411
0
134
0
0
0
0
68
3
79
0
4
49441
1
0
10
110
61
70
6
5
8432
3
14
15
0
297
0
1
4
230
639
124
1
116
1
0
0
14726
1640
6
11
24
2171
10314
31747
5807
93
39
0
13
0
160
4
12
1
6334
139
6
6
4718
0
2
25
0
0
0
231
38
172
0
170
29
112
12
107
578
8141
338
1633
86
0
7139
569
17637
2
0
7
1
0
538
0
289
0
1
33
0
188
0
6
3
21
291
0
33
1
12
10
13958
6
5
2018
2
0
0
1888
4
0
0
194
0
165
306
5
358
9669
50
16
6
0
47
5
0
1
0
17
23
14
23
1
16667
1948
2823
0
9
529
60
2324
1
181
1
0
0
118
329
0
0
5
1
2
117
15831
9
0
0
0
717
599
55
8
1
0
163
5580
24
2
8
0
40
3629
15151
0
1112
662
1
1583
3
1
143
0
0
12
1057
0
2
1506
208
2
0
0
2
0
284
2
6460
21632
50
92
7
6225
3763
24
0
0
0
224
24
1
3889
9
1
28
1
359
1
1
2
0
0
2
0
13
0
33
55
0
320
5458
5
0
3
1
0
0
47
4
3
315
14
1
4
1
34
0
804
0
1
0
0
0
0
152
0
1
39
0
1
3
9944
1
19422
32
0
0
0
97
0
3
48
1
13
0
6
36
3
9
0
1
457
0
42
6
1
20
1253
1
35
2720
2
2
3011
21658
564
22
35
125
0
1
1
119
3
12520
1
6619
10
144
0
0
1
0
20
2472
6
0
0
748
63
0
22
43
5
2
12936
1
5721
2535
3
143
12
0
0
0
0
37
609
0
2
0
153
3038
9
2
6
0
620
5
12
1
0
4
76
2
51
37
24252
2
9
69
0
3219
1420
0
0
32
145
3
0
8
28
3
2
2
1
1
20
5
1
0
14
442
9
0
45
0
74
4
38
4716
119
158
0
0
130
314
3
1
0
417
1
38
2
0
0
0
1
0
58
582
122
1
115
3
4
50
25
89
0
0
2188
1342
447
2
8
236
109
0
7
0
298
0
2
0
1
63
0
1
12
8
2
2
41
0
82
3
0
172
295
6
0
612
11
4189
7
340
127
0
0
2
0
123
3
0
530
0
172
0
250
3
0
112
24
46
0
0
157
31
0
119
3
0
0
30
1060
3122
10992
41
0
40
2
9
16
2
76
4
0
0
0
25
87
1
8
0
0
564
113
1
3
249
1735
0
0
0
0
12
6804
42
187
5846
1613
285
4
8
0
18
1209
86
14
60
1
2
263
3
0
0
0
52
0
1
3
38
1
7
13
16
2
3
4426
2
231
50
43
2
688
13
6
30
0
3
1
3
15
21
12
532
4
0
111
1
28
2
0
260
0
39
0
8
5
14
320
195
18
1
21
15
400
0
2
1
106
283
3
23
3
24
20
484
18
124
9
5
0
1
0
1
79
22
1
0
1
1
21002
4
0
0
3135
2375
4
19
1486
0
0
626
5
40
1
1
1
29
6
0
122
0
1
0
578
0
31
3
0
0
123
1
87
7
2695
29
1
0
1
0
0
928
2
1
1337
0
0
12
4601
7
6
0
5
0
0
2
0
0
13
49
23
0
0
0
147
2
2
8715
36
3
0
286
0
0
1967
46
0
1
0
9925
55
1
0
794
0
0
4
5
0
805
0
27
367
5
27
0
274
649
465
1
151
412
0
9
13
0
0
0
112
0
0
113
69
1
22
0
1
2
0
0
4
0
185
34
0
30
1
0
28
445
18
14
66
0
2191
3
0
0
0
0
7
24
0
131
0
11
1
2
0
0
57
1
9
9
5
2
96
0
7
0
8517
4897
13
9408
2
1
389
126
5
108
1
5
254
0
2
43
10
1
1538
0
0
2
3
578
16491
54
0
35
0
4
88
0
5104
35236
34
4081
64
1238
82
0
1376
0
2
73
0
47
12
0
2
525
0
0
9
31
3
1
40
4
0
0
6375
583
0
109
185
2233
8
655
256
4115
2570
0
0
1
8
0
0
26
11
128
0
0
129
1
0
0
0
0
0
32
14
0
0
0
14
20
163
12728
18
240
4921
0
1280
2212
5
15
292
4
5
63
0
1
342
7
0
0
0
0
43
2
3
1592
0
0
0
2476
1082
106
38
13
175
1513
0
0
1
426
0
11
107
0
0
2
2
6
3
0
0
0
0
368
52
1
19
41
0
560
0
0
0
0
160
512
0
241
4
9
8
2523
2
0
160
1
0
1979
0
0
1
14306
29
0
0
0
2
0
0
1
1
27
27940
5
0
58
595
0
6807
5228
1
145
1105
2
7630
0
15
0
4
1445
20
55
4
2
0
0
4
319
1
625
4732
39
198
11
301
388
0
1
1678
52
9
313
249
0
82
0
0
1801
299
102
2
0
0
4
0
461
0
0
0
30
806
1
1976
2
0
0
497
2
2
0
42736
496
1
16077
5
470
11
2958
12
13
0
0
2
1
10
0
0
35
1
9
0
359
1
2
49
2038
0
1596
0
814
34
1
320
1546
23
23
7
8164
23
0
1
1
371
1900
736
4
0
0
0
0
163
0
2062
11
1405
0
0
2
0
10026
58
17
0
144
13703
41420
747
0
237
2
145
1
582
0
12
1
0
0
0
0
12
1
0
1959
0
5
13
1
11
0
0
2162
17
6
0
470
160
367
1
14775
1417
2
8
6
26
19
0
2176
5
1
2730
4
1188
15
0
0
0
1
42
0
47
0
41
67
0
0
0
17
34975
15089
0
0
1
5
12
16
1
28
5
5
91
0
0
7581
24
0
12
0
0
0
4
6
0
0
7
0
0
174
11
3
603
2168
20
236
337
0
299
0
629
0
0
0
0
0
0
3
1664
534
0
0
0
3
34
0
0
60
49
0
2
6
125
9415
2296
9
887
0
18093
66
103
1
397
7
1
0
0
0
0
7
113
0
55
1
0
207
0
234
6
1
7
12
116
1
436
2
24084
19
63
1288
1
2
3652
3
3
2
17481
79
1
194
0
0
1
170
0
0
0
2
0
33
777
67
0
0
1
15
4
6
11573
2
10374
0
0
83
0
93
427
1
1
4920
0
4
4173
0
203
5
8379
30
0
310
1
0
1
1
3520
0
0
0
0
1
7829
532
13
82
7092
0
3
2
0
0
26
0
12
5
1
9236
29
0
7
0
1
191
0
2
0
567
59
14
0
16
0
8
8805
84
2
32505
9431
0
144
2234
2
1
3393
1
230
0
17
0
271
15
0
0
0
0
0
1809
31
0
21
4
0
1589
36
27
9478
1397
68
91
0
0
0
0
1
5
2
4
1
207
745
0
1
1
0
58
14
0
2
1734
14
0
34
0
0
4
4
0
5523
6914
43
7
1868
1
1689
133
3
50
0
0
2
2
875
2
16220
0
20
0
1158
1
46
5
1
0
0
0
789
14
2
3
4
82
366
3
120
2
0
283
6
6952
154
1
3
7312
19565
3
46
7076
1822
5
12
0
1
6
0
1
116
2
79
0
16
37
1533
7
1
82
180
1842
0
3
6685
12
8
115
14
0
0
4342
0
0
0
99
4
74
0
0
0
1
0
0
145
2
0
0
27708
5685
2425
10
65
3606
25
13
341
3
0
3544
2
0
368
1
3083
1
18
7
4374
0
60
4
0
14499
22
4
0
7
0
0
16426
8
1
2396
29
6172
5
107
3
167
1
1
0
3
0
48
0
15
0
184
9
0
41
1
222
23
0
10
3
7477
991
44
12433
2420
9533
9285
0
249
0
682
16
151
1
9
67
0
16
2
0
0
3
415
965
0
2814
4
68
0
0
0
0
0
0
6
1489
0
240
20491
81
509
9856
0
0
2
0
3288
26
76
1
0
0
1
0
1
189
65
48
0
0
1
21
4
0
5
0
1
12859
3215
0
0
7
2
1587
9
169
722
0
3
1173
78
0
0
0
250
130
120
21
0
0
0
1
1
0
2
0
74
0
9
509
494
6
1
0
44
17
0
171
3
3
789
0
81
1
0
20
163
16
0
0
0
12618
540
1
0
1
0
0
0
3503
5
147
52
105
0
31
4
0
416
0
1157
0
1
8
1
2
102
0
2
20
32
0
11
0
6
4
12
19
0
4
0
0
442
4298
10458
20
290
3
104
1
282
0
0
14
22
1718
5
1
0
47
0
2
0
1
4
2
4
1
0
3
12
0
0
7
5
4298
4082
0
0
16029
654
0
0
3
142
22
5
2
1
37
4
0
28
0
2
109
115
2
20
0
12
0
0
82
0
7
36
638
2995
13170
27
0
9
1
2
22
28
2
0
7403
3
0
12
3
2
9
0
1
551
547
0
41
1
20
0
4
2
1
12
28314
0
1
7
5640
111
99
40
16
0
1
114
50
252
1
0
356
41
0
337
103
1
2
0
15
15843
35
84
10
281
3
7281
5104
70
0
65
1375
3
78
1348
3
4473
842
277
3
0
0
0
0
2
22
37
1
0
2663
2
3
9
4
1
505
5
1
5
16004
5
32
10
302
0
32
0
76
0
0
0
3255
2580
217
5
0
349
72
16
72
10
1
85
0
31
528
5
717
41
23
2
355
204
1
61
3
280
2
694
5
1
13787
6782
8
478
376
35
3
2759
67
60
0
0
0
2
12
0
8680
0
858
196
2
5
15660
36
0
14
0
2
7
74
0
0
4024
2180
1
1
1
0
5
0
3131
0
2
326
7
19
0
8
0
306
8
0
0
0
5104
386
5
365
5
48
16
0
147
1
27
0
10103
6
3
201
58
4050
80
41
0
0
4
4
12
0
0
21
1
958
638
0
42351
2
14
0
3
2
2
62
1
804
0
3792
0
2
44
0
9359
103
0
11
15
4
2
2457
780
4
2
107
1
8
7
17
3068
0
11956
310
1
6
15359
1
17178
4
0
0
68
22
0
9
134
0
0
0
1
14
1017
2
3
25
9
1
4
34
3
0
20832
21192
210
0
0
1
1
2
1
181
1
0
100
31
0
1
0
19
0
0
0
0
0
522
164
57
14
0
0
7
10
0
33566
3
13405
274
9
1
0
1306
0
1927
0
33
1615
6
4
0
0
819
68
20
13
1549
16
0
0
0
5
52
0
0
13
14
38
4
21140
153
0
286
2300
1
0
54
0
0
43
3
1
4767
0
2289
124
806
0
0
0
459
19
2923
0
1
14
12931
1531
0
5104
5
7169
2881
116
531
1
5
304
4
1746
21
42
3
90
8
0
5
39
2
0
290
7
0
112
5
67
20
0
0
262
24
87
0
205
0
2323
198
1
0
502
53
1
3
10
11
1853
2
23
0
554
99
5
0
190
1546
239
40
0
688
52
0
1
1688
147
222
23312
2
1
2
541
100
3
283
67
0
1
0
31
9
0
922
7323
1234
1
8
0
4
54
4
2
671
0
563
15
0
147
20518
337
684
41
0
0
437
4550
0
0
301
87
47
0
4197
1111
3
0
4
0
1
15
298
0
0
1
8
320
0
1
18
87
11007
16
172
1
1
0
0
4253
2257
6
0
1
0
106
13120
11
0
0
1
0
0
19
8891
3
0
0
8
0
0
17
0
8517
609
0
8
0
110
0
8
8
143
1
0
6
475
25
0
0
90
22
0
3
1
537
0
0
255
57
1725
51
30
984
1
274
1851
712
1637
71
0
6
6641
1622
0
0
0
38
4
4
58
2246
15
0
35
0
17
0
32
47
0
23
2
1
0
22
0
12859
26
141
10
183
19394
1746
8524
7
16
409
1
474
0
0
33
25
5691
25
0
0
22
711
2
76
1
1
688
0
0
39
0
18365
27352
91
6
6836
572
0
2
0
0
12
0
0
0
1
0
17
0
0
37
0
445
64
146
2
2849
3
0
0
0
3886
197
1887
40
5941
17
0
56
256
0
7875
473
0
0
1189
53
8
2654
179
9
3287
89
10
0
0
0
0
3
74
0
10
0
0
0
6
7504
24325
2
21
2306
17
14
35
41
59
0
0
0
0
7
324
0
2
2
0
0
0
3
0
39
696
287
0
14
2
0
7863
820
2617
21214
59
8
2140
39
7
0
1466
0
526
87
201
6
31
5014
220
0
4
0
4
1
0
2
0
0
14
86
0
0
847
118
0
1350
20
3546
57
61
3
6
0
32
38
0
1007
5
3945
127
1
19
2
8
56
115
1
1
656
1
22
5
1
34
603
8
56
0
0
0
0
170
63
1
0
29
25
3
3
0
925
3
0
60
31
0
189
0
3
2745
0
0
10
314
0
516
1526
4438
0
24
6131
0
9
339
1
307
496
1
7
37
16
2
2
166
12
128
1
9
2
50
0
354
15
3
4
14
6
3
440
595
1
8
1
0
25
5714
247
26
5
20
37
26
68
1
0
1548
0
748
23
0
0
0
1
271
5
24
307
2
0
0
11793
282
20035
90
236
507
1
1
13
1537
14
5
377
114
0
57
0
1377
2
0
45
10
11
0
1
1602
0
5
15
454
175
33
87
13898
12
281
0
2759
0
68
0
0
37
3
1
54
7
0
1
3
0
5
6
0
8
45
40
0
0
17
1
0
2
0
12859
1626
10
0
4
1
0
6
2
1
463
0
1
0
66
1
0
0
3
0
0
5
0
1
0
17
0
1
0
1528
74
0
12102
1422
10
405
68
0
10
43
9921
18
1
1
0
1
277
2
243
1
1
711
0
1
146
167
0
2
0
2
33
0
0
0
28
9865
1670
6358
0
2
0
0
42
8
33
0
0
935
55
0
0
10
1
1
1729
72
0
0
0
7
0
6
36
1486
0
1232
6
10093
1
6674
20
5
0
0
0
0
0
291
3
54
254
0
0
0
1
1
7
0
370
180
1
972
1
0
16
0
28
1
4327
14
19
99
126
0
1
2
0
0
76
1
6
0
0
15
3437
75
18
4
0
68
51
72
0
7546
2
1920
14
1
3
46
19053
5301
0
3
90
15
19
23
0
0
98
17
187
2
1
0
8065
136
1
4451
105
3
0
12
14
0
0
386
6
87
78
26
20832
19984
206
1
62
0
187
0
0
1122
58
155
0
4
0
10
124
7
0
7
1
76
23
0
17
6
2
0
0
1
1
3
6944
1
0
8
0
2397
594
0
89
14154
210
0
2
0
1430
3
0
20
5
12
0
3
6
11
0
0
20052
0
2
0
1
13
3441
0
7519
2731
2479
143
79
1
3
615
0
61
111
82
2
415
388
4
24
0
1
0
0
1
1
3
0
0
0
0
417
1958
4498
464
0
2192
5817
714
2
0
18
2
53
8
0
0
0
1
0
0
0
0
14
30
0
1
1
0
0
1099
22
72
234
1
5104
5
4910
3982
6145
65
1
3
19
4
3
156
1
218
1667
83
4
0
11
0
80
1
8
76
65
0
0
14
8
16
0
466
847
982
2
333
5
1
57
2
87
2792
114
221
3
0
1
2
0
0
1
4
1
4
0
7
2
2492
64
36
2
1
12
312
14881
5
2
241
331
2
0
770
2
19555
1885
0
1
1
133
2
39
0
37
0
0
11940
0
11
0
0
59
2
43
4
2
0
16806
6
8703
67
1
23
78
0
120
103
3728
16
4
114
3
524
5
3
2
969
8565
0
5
655
0
0
2
0
16
53
0
38
849
2916
27
1
527
980
396
1
4451
103
9832
56
32
3
20
839
78
1097
147
2
8
7
29
2
2073
9
18179
121
5
0
148
38
13508
31
3
137
1148
4
27
1
1
3
10
0
150
3
101
6
15271
335
0
1742
90
2566
0
0
4
2
2
1
18
2
12
1
7071
1281
4
371
304
804
522
131
2453
0
2
2
3
35
21
0
0
86
0
0
1435
11750
36
5371
0
2
1
0
1
10
3
0
21224
977
12
29938
6441
0
0
15111
92
6
559
109
5
26
1
1
0
0
8
0
14
0
0
28
255
293
528
2
14
293
7626
13
1420
20722
1
35
0
5327
126
35
102
86
1
0
46
4984
0
9
0
0
0
29347
226
11
315
0
0
55
0
0
0
81
123
216
147
818
19
134
314
0
2
231
994
490
2
3
854
197
2
5288
0
10
33
0
0
0
115
9
4164
11
0
128
4
0
34
78
38
5033
32
3
1
73
1
2
0
3436
31
0
88
0
2
277
0
12
2
1
0
0
0
17
3
10
2
0
281
0
1
2
32956
0
4
0
5837
10
60
165
2
0
158
3
2
1
0
117
3
4749
0
507
1
17
0
31
444
0
24
8
502
2
2
100
994
71
46
0
11
0
0
100
5
0
8719
14
71
0
3
1
1
0
1
77
0
0
6
0
19
1
3
1
159
0
47
50
20991
1770
13
234
73
0
0
0
6
32
0
0
3
18
0
169
12
0
0
0
13
2
617
0
569
3
4
56
14
25
0
255
218
7336
3
4
465
780
171
0
7
3
9
0
2658
2
0
27
27
0
0
0
127
2
0
0
5
0
16
9
0
0
0
25
10437
271
0
48
6
0
455
1
90
2
2
0
113
0
0
4013
125
1
41
1
589
1168
1057
1
25
1745
1
402
0
0
970
1
440
595
1
8
614
1343
0
264
0
8
0
0
6564
7
0
1
0
8
1
0
64
0
4
1358
0
0
0
39466
2
108
246
0
1887
40
129
0
6428
531
4
1
2
27
44
0
1
1386
81
15
2
15
15
0
3
0
0
8
0
0
0
1
179
34
0
5
5028
0
19
0
188
0
1
1
68
368
19
0
0
22
27
283
5
0
2
0
1
0
0
63
17
1
0
0
0
123
922
0
30532
0
2735
4385
0
1
2
8
2584
116
1
2172
3
7505
0
2
1
1
83
2
2
597
0
415
1
165
0
63
0
0
0
1
36670
35
0
0
1
17
1
0
0
0
954
212
1
4813
0
1
0
0
24
15
3
95
0
0
0
7
248
71
161
1
15
2
6
34
359
0
886
112
0
6288
0
1
0
0
28
149
540
0
0
183
9
0
479
3
19396
2
34
0
2
123
2
130
1
1
2724
18
40
7
15
7
915
812
209
12
11
5
8
0
0
104
15
0
1
6
104
0
0
0
2
18
0
65
0
9398
1
4
17269
13254
6
0
31
1
3
241
0
9
1
51
9
1
650
28
0
6
12
2
3
31
0
2
0
2
0
1
112
2
0
11
9102
499
13
82
0
1
23
0
0
32
0
1
1
0
171
0
6350
367
2
0
0
0
67
0
13
3
21515
3
7
57
1
0
30762
3256
281
2127
0
3
45
22
0
0
979
18
9
1
25
31
0
45
20
633
3
0
38
8
0
1
2
137
0
1
0
0
11293
474
160
14
1172
1871
1
0
2
6
1
0
0
1360
481
13
18
8
7989
649
2
4
0
334
2
45
1
1
3
315
33
1318
163
556
1389
4
0
7
203
25
117
0
0
0
39
0
0
1035
861
0
2191
3
0
866
234
0
3
0
41
0
355
0
1
22
408
23633
18
465
5
233
3
1
4
0
0
2
5
0
74
0
0
0
7
269
8
0
3
225
174
6
4
0
0
0
308
1
994
12359
2
35
54
0
2
0
1053
0
0
0
0
0
312
1416
241
1
71
43
0
7
2974
170
3
0
0
2
6
6
51
5
174
2771
2890
245
8
134
5
57
62
0
1
234
525
4
0
0
0
2
4
2
12
72
4
202
0
0
0
1
2
606
179
0
802
2
53
150
0
7
1245
7217
0
0
0
0
0
3
0
0
3
20
689
2
66
12
8
0
1623
11
0
0
2
6
836
196
202
88
0
27
42
0
5
345
947
0
10
1
0
436
298
4
516
3748
7
0
2
2
3
629
0
1
0
0
1
108
621
0
12278
0
0
764
0
0
1
234
59
1823
2
380
126
1
0
1
0
0
1
4
7
612
160
0
0
0
11
124
4
1
7
71
11149
215
0
3
1
3947
14
0
1
0
58
181
1320
3
1592
2498
4
148
0
3
0
2
3
11
817
160
0
1
0
10
98
2
163
178
216
0
75
0
0
288
156
3
378
3452
24
0
225
18
0
0
0
4
1
2
203
62
168
0
0
2
2
27
18
1
1379
4212
0
49
0
0
295
162
4
277
31
112
1974
1
0
2
1
1
3831
4
7
27
3
1
39
899
0
40
0
1
13
8
147
222
23890
103
187
0
81
19287
775
0
0
3
2
4006
178
0
3
0
6
21
1
1
110
745
0
50
13
0
46
0
0
0
605
2
8
0
1235
11575
66
25
325
4162
137
0
2
0
6
76
0
1
106
5603
0
0
0
0
0
4
6
0
1
13
28
20
3566
2341
2318
5
73
21
328
4028
258
0
1
0
4
41
1
1
230
474
0
21
13
0
145
16
6
157
29
2444
0
1
0
1
8547
8
512
281
0
14
8
9
4
0
0
47
1088
22
88
0
3
1
3
38
2
1
1062
233
14
0
0
0
0
0
5
4
3112
5185
3144
39
1252
0
59
3543
5
441
0
1
1
1
3053
2
6
39
1
1
237
794
0
55
7
0
17
0
0
0
471
2
31040
20558
19
41
210
8588
176
0
2
0
10
84
0
1
152
1160
0
24
20
0
114
12
3
213
242
13
51
0
5
1583
216
5
1721
8
12
0
15234
48
29
355
72
39
119
0
0
0
8
58
0
1
69
241
0
87
0
1
1
2
8
0
2
0
1
8
404
948
574
42
68
691
1
0
0
14
98
4155
223
0
2
0
12
23
1
1
16
520
0
75
0
2
1
4
28
0
1
0
5104
79
325
0
43
65
233
16
0
2
0
0
1
2
3682
171
0
4
0
3
45
1
1
184
646
0
42
3
0
80
0
0
3566
508
71
0
2871
0
2
194
82
154
9214
496
0
2
0
7
689
0
712
302
0
4
459
18
27
76
0
2
4085
3
1
0
169
210
330
0
2
0
1243
12230
0
0
153
0
257
11
738
4
2
13
0
1
0
2262
1
0
0
0
0
0
0
1
6
0
67
2569
51
25
945
2
489
409
2
7
19064
0
8
0
31
0
490
39
0
0
3
0
0
0
29
39
30
606
1
6
87
0
5104
9
30693
0
98
86
4743
43
415
5
0
0
0
0
0
421
13
151
2
29
0
0
154
218
0
0
0
1
0
10
0
0
5104
9
892
130
0
0
335
3826
2135
566
5
0
786
1563
1
0
33
4
15
1
2
0
21
381
2014
25
24864
3
56
0
17
0
147
10975
8378
0
46
100
1744
30
6351
14
5
0
1
1
0
1322
395
0
12
82
109
0
4
90
0
13
69
9
1
0
1
0
0
91
39
2
15858
1551
4
7
1
0
22
0
0
0
1265
23
0
4
162
10
73
28
0
871
2
0
0
7
0
0
0
1173
26667
131
0
97
7913
0
45
49
3
1290
20
28
0
0
4
1
0
99
16
1
44
0
815
151
0
8
2
8
5
1
0
0
67
29
1
15072
173
183
0
18
14
0
0
1
134
0
3
7
0
0
0
167
0
2
1
82
0
0
0
0
986
11598
2182
0
320
1546
15033
1
49
468
1163
2
0
68
9041
0
1
0
120
0
0
0
0
0
0
10
10
916
1
9
521
0
0
0
27
0
218
200
68
2
368
3
9650
2246
0
0
6
29
0
93
2
0
52
15
0
43
1
0
3
4
14
20
10
0
1
1
0
2300
6065
7301
10
2010
3
76
90
0
10
0
15966
53
1
149
1
14
0
0
0
1
8
683
1
0
3
1
0
0
0
0
2
1
9979
175
2532
0
1
497
2
29
2
0
0
2
1
3004
1
12890
194
0
1479
0
17
838
0
2
0
1
147
1
1
700
0
1
3566
2150
1600
551
0
77
0
18939
246
15
9
0
787
0
65
351
16
0
14
0
8
110
0
1
18
216
0
1217
22
6883
1
17642
11876
18
1551
42
105
2471
0
0
374
4
0
134
173
4
3106
10
89
0
5
0
76
7
11210
5
6107
1
330
2
2
0
173
0
797
7141
1
32
8
55
0
0
1
25
11
5
0
0
54
33
39
19
3
512
3
117
5
0
120
45
2
2
252
1
9
657
27819
0
0
19179
3048
1
2
7
2
3006
1
0
0
0
0
0
1009
6
0
7
0
63
0
3
1
18
0
0
0
3
1
1
12859
90
81
27108
1
40
47
9
0
4
0
0
0
263
0
0
1
0
0
1133
0
0
0
125
21
0
17
0
756
0
0
37
27581
4322
16925
10
1
18
4487
115
0
196
37
0
13
1
1
4
1
0
0
0
0
0
0
4
519
6371
15
0
6
1
9
0
2900
0
0
0
11968
2
0
0
0
4434
49
0
7
0
1
4
0
19
1
7
23
5
174
4
0
0
1
15
20
5
33
1
5104
6
1085
2
16
1
78
28
2
0
320
0
0
1926
0
11
36
2
24
18
0
0
3139
3827
2
0
3
8
3
2
2
65
24252
2
395
435
116
179
8
0
103
874
3
0
0
41
29
117
0
0
8
9
0
0
4
0
0
7
133
42
1726
6
3
4
17269
3116
144
1428
0
2
46
1
31
7370
0
141
1
89
1247
215
4
1623
1056
1
290
0
4
7220
4
16
6
62
6
4
0
0
12859
256
0
233
0
0
0
85
4360
0
3
67
8
0
134
7
467
0
1
12
652
2385
0
1
1
44
24
0
2
18
2
0
320
94
0
541
8662
3
973
8
69
2317
21
0
0
0
85
32
149
1236
1
2189
66
1
0
77
12
5
0
3
0
1
24
0
11199
9
13
871
16
70
842
73
54
1
0
0
39
2
0
0
0
0
0
0
0
0
0
3
0
0
0
0
0
0
0
0
38
7067
752
5
125
139
24
45
1
1
0
21
2
0
1
0
0
0
0
2
0
0
0
23
0
0
0
0
0
0
0
0
11199
9
105
886
614
0
38
1700
138
35
0
1
0
19
0
0
0
0
0
0
0
0
0
0
1
1
0
0
0
0
0
0
30
13
2
1
110
759
150
0
58
934
243
8
0
0
0
11
1
0
0
0
0
0
0
0
0
0
1
0
0
0
0
0
12859
90
81
0
2
44
4
0
0
1
0
1
0
0
0
0
14
0
0
0
0
0
0
0
0
0
0
0
19
2
0
0
4220
70
60
211
0
1
90
11
0
3
0
3
0
7
0
0
0
21
0
0
0
0
1
12
2
37
0
1
4
0
0
34
12859
1793
5
3
18
0
26
16
0
0
3893
0
5
55
15
92
4
0
12
25
83
66
2
2
1
0
0
2
16
7
195
2
994
1609
0
1728
0
4152
8
0
3
0
9869
53
4
1
1
1
383
25
6
59
90
0
1
85
101
0
4
2
0
1
2
10
6
0
0
31
39
1
163
6
11
2
0
331
12
102
0
19
6309
376
0
0
161
0
50
0
0
0
7
215
9
8
5
2
38
6186
10024
27
53
37
1
225
148
4
0
0
1
6
181
0
1
6
2
1
2
0
719
0
0
3
0
2
0
0
0
9
274
802
2
1
15930
570
0
0
24
2
0
0
0
0
59
484
33
1
0
1
0
1
0
630
1
0
1
16
0
0
0
22
15424
5
4
6399
51
97
2
0
1
1
0
3
0
11
31
2
0
0
2
0
0
0
0
0
109
0
590
0
123
2
61
0
38
3
653
0
0
15
0
0
504
2
55
1
2
2271
1025
0
0
1
0
0
0
3
0
23
0
0
0
81
1
68
0
179
961
19
8
1
0
14583
30
280
3
5
0
16
440
0
0
0
0
1
56
0
0
6
1397
7717
157
10
1
0
301
1209
17
1
16888
0
0
15318
1193
0
10
0
0
3
5
16
0
4
0
2269
1
10
25
0
0
0
11
0
13
147
8
22
1065
0
1060
0
27835
1
14
0
29
0
1
497
0
23
1
0
7838
2
9
1
68
0
1
42
2
0
16
63
243
11
17
0
71
2
0
2
4220
79
3738
21
176
6459
9
16
5
24
435
1310
0
0
3
22
0
0
35
0
0
0
0
0
2835
0
53
4824
8
5
9
0
5046
137
1235
74
34
0
1
7352
2070
17
7
1
37
243
2
0
0
494
316
1
7
5
3
0
735
42
202
85
0
0
3
12
968
133
0
1629
25
6144
28
0
402
763
1
1
2
0
4
99
0
2
1
0
0
67
81
185
115
0
0
2
6
0
0
0
993
20
15675
2384
64
0
2
0
0
62
0
0
4864
1053
0
1844
1
13
2
740
2097
26
24
9
0
352
2
0
0
0
2
0
994
46
1
201
2
9
1
0
0
3
0
10
57
384
211
675
304
1
13
8965
28
112
4
8
0
9118
0
0
0
1349
264
3
100
742
13
29
51
1800
3236
0
0
0
1
0
0
490
36
30
26
3191
0
2
0
1244
1231
33
0
0
2
0
0
0
0
0
2045
18508
0
0
41
3749
1240
15
0
1
59
0
0
1603
765
4
7
31
78
4
2
1
0
0
0
300
2
1
0
57
0
2
6
183
0
1052
1
336
574
6
0
9159
2714
0
0
0
0
10
20
4
1
18
0
0
1057
993
1
8
9
140
3
5
0
4
0
91
531
0
3
1
12
0
0
0
6624
66
2
1
1
0
17
2
4
14
411
0
1
526
0
499
0
1
0
2
36
0
4470
0
2314
20634
2766
23
35
5
3730
1093
10
3
4
187
1
53
0
14
7
87
67
3
1
1
0
3
1
54
10
0
3
1884
5104
140
8786
215
1828
4
129
0
457
4
37
9
80
0
18
2
9
28
2
1
18
2
671
0
0
0
0
1
1
42
47
1
603
11
35
14
0
1
0
262
43
3
1885
2
345
0
85
3
68
1012
0
0
242
0
0
253
8
3
0
32
17
0
55
1
320
771
19
359
11
0
107
155
0
140
0
263
0
502
0
0
1656
73
4
6
1812
1
25
13
0
0
0
8
1
64
2
0
4675
101
9432
72
6
1605
2
70
3045
0
0
0
9
308
2
2
10
579
15
11
1
1163
2696
106
22
0
470
90
0
3
351
1
3484
38
812
1
205
3
643
0
12
0
9
1
1
6
0
5
0
3379
291
1
7
0
48
1974
0
51
0
1554
88
23
2
16
509
219
0
5
18
2
959
52
0
4
41
7
0
0
25
644
290
1
4
671
1
0
32
1
4446
9
14
2
1
644
0
0
9102
3
1
4
6
19
37
2
3
0
0
1039
2
0
0
8
0
0
2
0
0
19
0
26
0
4
4
2488
183
1
8
49
2919
106
1
82
28
18
0
1
3
25
0
30
0
0
34
1210
0
192
20
0
384
1
12
0
488
2
0
0
39
4
0
4
10305
11
11
3
5
48
19
169
1
42
189
0
41
0
7
0
0
520
25
790
1
1
36
10
0
41
0
69
0
28
0
0
20832
159
1
31
1
23273
375
128
6
2
1
4
111
76
0
2
14
0
0
0
274
0
0
330
0
1
0
20
1
0
0
5
37104
0
187
0
819
86
0
51
8
0
8
652
3
36
0
4
401
1
107
10
0
22
1
0
0
6
0
7
0
0
1
7
30559
1
558
9
2
159
1
1
3557
3
0
1
1
3
127
37
2
1
2
0
1
0
112
1
436
0
39
2
4
0
1
30
51
88
59
21
0
0
6601
32
9
0
1
1
1120
56
0
0
1
30
0
1
5206
52
115
0
57
2
0
3
0
3
12
58
13630
1302
74
2
5
0
62
0
314
810
0
9
123
412
7
0
145
0
1
1
1
1
0
114
0
0
0
3
43
89
7
5
320
6
162
13
0
4
0
3339
2699
3
2
3
26
103
2
0
5
0
0
0
252
64
795
5
31
0
9
3
55
5
36
1
742
11
5
54
782
0
0
544
482
0
9
0
30
94
6895
0
0
0
138
3
0
5
1
10
0
2
319
16
2498
0
8
11
9208
1972
2054
30096
1
4435
265
4
0
134
102
9
0
36
429
0
12600
2
0
0
1
0
336
0
100
0
0
0
3
1639
1
0
5104
0
37
19053
6
265
493
6
12
9
0
0
3
4
242
0
0
0
0
4
34
0
0
0
3413
0
7
0
4
0
1
2
0
91
4869
540
1
0
926
0
6
0
0
0
0
239
3986
4
0
891
341
2
1
0
16
103
10
0
2
12
356
25
1036
85
5104
6
485
1
92
2
8
43
2
14
20
5
2618
23
9
3
286
17
1237
777
22
6
2
2
0
281
11
62
410
80
0
0
87
6980
1
71
3
1
6
0
1223
0
2
6
0
2
699
307
20275
7
101
288
491
1
826
2
1158
10
23
184
2445
3
1
1
261
2857
136
0
90
0
533
18
3902
21
15
118
0
0
0
366
0
21
33
232
8
3
216
1
20226
481
18
1
7
0
0
20
67
4358
97
0
0
4
357
2
0
152
0
10
158
4
0
1732
24
1
325
0
4
35
316
21
4
205
0
0
17
0
0
0
20832
9
55
6
746
1
1
16
0
1
4794
1
217
22
222
13822
1
207
0
62
1632
0
3
6
2997
0
4
0
0
0
0
29
46087
0
0
0
481
3
0
1194
28
3248
0
123
75
1
0
0
0
0
20
0
0
0
0
1
0
0
240
107
4
0
0
488
26508
5
5
691
825
14545
1
2623
184
218
6
3
68
3123
0
311
188
0
0
6
746
1
4
659
70
22
2
101
1
636
3
0
29434
1
35
4987
0
17856
0
145
0
9
2582
73
6
0
13
9
0
3
136
2
758
21
0
23
195
0
130
28
0
4222
57
11
11658
1
634
162
6
3
75
11
1162
0
3
0
125
0
6
0
0
20
4
0
5
14
5
101
1
955
1
2
0
6
1183
13
58
2513
30
1502
0
866
6
0
20
0
104
0
226
8
11
26
0
2
1
2
74
2
34
18
106
168
15
0
19
17
0
0
9127
18
0
1001
2
50
28
4
100
2
20
6
0
94
19
216
9134
2
4
19
239
4993
68
0
312
4
2365
603
0
0
4
16
6
1129
15
31
29
0
0
39
3830
157
0
0
5
0
4543
248
0
0
43
7
7268
5
2
0
2
12
0
0
4
0
17
1
34541
12
6144
112
39
0
1
1
7066
0
2
26
966
24
27
101
717
107
0
0
3
1
1
0
0
0
106
10
0
310
11
48
140
42
11
0
0
4693
843
15
470
0
0
25
9
61
1
737
42
0
259
573
54
1
2
1
2
0
0
0
83
0
0
8
973
47
1
3119
4
148
161
0
0
3
517
3
0
0
845
0
4
0
8
1
4
2
28
90
49
2
0
287
9
130
259
0
4151
116
0
0
5749
22
23
6
0
1132
0
0
0
3
0
0
10
2
51
2
2
2
3
11
17
20
98
117
405
0
4
2
3200
0
21797
14
9
57
54
44
0
2
100
2
0
80
148
135
293
0
18
88
3
1
5
0
3
0
57
0
0
980
4
606
103
978
4
4783
0
4
4
0
19
3
18842
0
0
1
18
90
0
2
27
0
105
21
0
2
0
3583
0
1
0
0
0
9
73
28
3201
180
19
0
4
1
78
3235
10
67
615
5
114
28
0
345
0
0
0
142
0
0
0
1
0
15
0
0
167
0
0
91
54
7287
2
902
1
177
79
981
0
5
0
145
1
0
58
4
1
118
0
0
0
27
0
93
1
0
0
2
0
242
73
23890
31
0
254
111
4
2380
10
4
2020
70
76
0
86
14808
0
5
10
0
729
243
12485
9
1
3
301
2
0
50
0
0
13731
8118
5
191
4
1012
73
665
1
311
8
21
352
32
2
0
757
6
0
41
25
0
0
1
78
0
0
0
19
2
2
0
21
209
1
0
0
88
0
110
0
4
87
3
0
187
0
647
0
2
0
1
0
3
4
2
67
7
2
2213
57
4
5
2217
15368
1279
7
0
1311
0
74
5654
16
266
2918
1050
0
15
10
0
90
1229
46
0
58
0
133
11
0
24
3392
2
4
1
211
9
14977
10827
0
22
3489
2
117
2
0
123
4271
9
0
0
0
4
5
0
7
15
0
0
2
0
29
8
0
1
0
23
2
0
67
4516
14
0
0
1
26
6
0
183
339
8
3
42
1
0
14
0
8
0
0
29
1
35
5462
0
4
6717
11
2
0
0
8517
6
58
172
373
22
0
3
30
16
1
0
78
303
4
228
396
0
0
2943
0
341
1
2
9
159
0
0
0
0
3
1
147
185
19
0
118
11037
4
4345
38
4
4
1
2
0
0
0
7
1
4566
0
41
8
40
150
199
0
37
5
0
94
0
428
147
2115
5
429
0
2
15
2
322
131
114
38
2
1230
0
1
1
0
94
567
5
0
1222
40
16
271
0
282
0
0
0
0
100
806
4
17279
108
0
1
3
21
16
0
3963
53
3337
47
18
848
51
2
15
31
35
0
2
1622
14
0
143
0
339
268
0
811
5816
6374
1
220
22
18
1
138
1095
0
1
16
18
0
332
2
0
11
129
222
0
0
0
1
50
0
2
0
5546
0
957
24039
16
2702
3
2007
58
3
1
4
13
543
397
1
67
0
10
0
0
1
14
1
0
418
6649
3
4
251
441
0
0
67
0
218
5166
5
0
3
2
1136
347
0
3
10
3
125
0
0
17
7
94
1
83
1
872
2
0
0
0
1
0
7
0
1
3
9651
30
56
0
0
0
0
34
1
55
0
0
0
0
1
28
3253
66
0
4
30
2864
27
48
8
0
0
8637
13
13
39
41
803
8
790
257
26
0
185
3832
39
0
7
4
408
0
0
1
62
0
118
35
2
31
1
0
2
0
1
0
14
40
0
1
261
10890
6
137
12
3
557
8
556
1
0
358
0
34
12
43
723
0
80
98
1249
0
19
749
2
0
163
0
181
0
0
0
21233
12
0
30
2
139
1
4
0
4342
64
3
20
2328
0
77
0
5
0
22
2721
13
9
103
0
4063
15
0
1786
1
0
0
39762
5
154
2194
57
12052
0
0
0
0
0
0
2
0
688
3370
0
81
1015
0
40
401
1
18
1
14
577
0
879
0
3
110
147
4375
0
6
1477
0
4
939
3
0
344
20
7462
14
1201
16
0
593
53
5
10
268
53
4
0
678
3
0
0
265
1402
2
67
20666
3
1
1068
8
1
563
752
17
13472
6
1
6454
79
628
2050
0
0
3
0
2722
0
0
706
0
8
0
11
0
4781
10
8419
42
7175
0
7
351
5172
1
161
6333
15
0
1244
278
81
0
870
25
50
0
0
233
1132
5
1019
16
8
660
3
0
10
0
15220
153
92
92
1
42
702
211
1
39
0
2269
0
0
9
1374
4
3792
0
0
100
4
100
3544
54
4
578
1
1
914
1376
0
32371
0
35
10
0
224
0
78
3793
1069
1
0
39
109
4535
0
121
166
1426
1
4507
4
451
82
0
1
73
1020
333
1
1
0
11658
48
82
9
420
45
77
3
43
3754
26
0
4419
0
0
0
273
740
2
2197
11633
1
198
1
5
696
506
3
316
1
0
26
13822
6
6718
374
10
4028
51
4006
0
0
0
61
30
144
0
0
0
17
14
0
507
1591
1
61
301
784
0
22
1
30
31
0
16
2883
27914
0
2
1
0
0
0
3
0
640
967
0
98
42
1
180
675
1
2
2959
23
258
1
0
0
0
1014
0
64
0
381
2997
6
11
818
2
2604
0
5
0
0
0
0
126
53
3128
782
35559
2
0
7708
5870
0
0
0
15
3415
14
0
141
21
0
11824
0
5545
339
1
0
0
167
0
0
263
5
0
0
0
2
3
0
1
0
0
1
0
0
0
55
6
8
0
0
43
4862
6516
13
1213
23
0
172
1
472
83
8
0
1
3
173
0
0
10
0
0
0
1
31
1
1
91
219
1
1
1
3
4
0
28
456
6
0
5
0
3242
210
1
2483
0
9
15
1
17
17
3
0
50
1521
1
19
1
8
0
1
0
1
0
0
0
0
390
337
1291
41
61
466
99
38
25
1
0
1865
1
4
152
2
0
0
4427
968
1
0
0
970
144
69
2139
6
763
0
0
1
0
91
8732
40505
23449
2
13
1295
396
0
0
24
3
21
0
0
0
318
0
0
0
0
31
0
120
0
0
831
414
1
1
2775
6936
2025
0
437
0
43
18
33
0
1322
0
113
0
0
0
2504
31
0
336
3589
0
2052
1202
0
1
3971
0
251
60
0
0
0
9475
1473
2
100
110
1
0
28
0
0
35
13
111
0
98
1
0
0
0
0
0
0
0
0
88
0
10
0
2486
1568
28
0
5918
25
1303
2
2420
0
1137
2
1122
255
0
53
4
16
0
0
0
353
2
33
1
0
1
0
221
6
122
1
0
0
0
0
1294
0
0
2293
178
1
0
0
496
18
1
14
0
3
0
31
0
10
105
0
75
78
727
0
254
22
1
0
27
0
693
0
895
1
85
6
2
14
506
0
0
194
350
1352
2
0
6498
1
531
1
30
1
0
165
0
0
0
276
0
108
8
1
0
937
6
11307
0
0
0
4861
40
0
203
2775
0
5
720
1
1
595
0
389
2
4281
0
1665
0
66
2
0
0
0
0
235
6
20
4460
3
2
30
0
724
0
0
4527
12
29
2
30
0
4
19
15
58
0
655
1
17
13
0
2
1
0
303
0
67
5
4
1294
0
0
214
0
0
0
0
0
21
2
28
3
0
31
7483
12
411
0
434
41
0
4921
0
57
0
906
0
950
0
93
28
192
0
0
0
57
31
168
2
0
0
0
21
0
0
0
5
0
4342
0
1000
2
413
0
3580
4
5
0
1
0
31
0
38
11433
2
9
1837
948
0
40
0
10
18960
3
500
394
6
216
99
1
3
791
538
0
2
59
5
3
0
102
0
17
0
0
0
48
19
34
38
92
9
0
96
60
281
2
2
1183
0
1436
29
75
0
60
16
0
0
0
0
32
0
0
0
19
0
1
2292
20832
2159
1692
0
49
40
6
0
0
0
2237
29
0
17
0
0
0
0
1
352
0
0
0
805
793
0
0
0
1
0
0
0
67
143
38
0
117
6
752
0
1069
0
0
1
0
35
129
9
1
0
7196
0
4
19
103
1
6
0
10
0
0
0
236
1293
8317
1
0
0
1982
0
15
123
1263
0
1
2053
0
173
6487
0
0
434
152
119
0
0
0
4374
0
82
2
3
0
0
0
170
8087
5
178
0
2
1
80
0
120
0
1
716
11030
1
5889
0
3
831
8
28
28
943
0
432
0
69
6
1
0
1516
1
16
158
1
3976
0
1
0
24
0
10
26
1
252
0
86
38
0
370
753
0
0
0
7
0
2
0
620
0
46
5
1
0
0
6
59
85
14
1
0
33
174
0
13620
6
2134
40
0
1
1
37
2
0
0
0
0
420
3
2
0
0
0
93
0
1
4
20580
3
0
1
301
31
79
486
23
0
0
0
14
193
0
947
807
1
0
1
0
273
3
0
2986
0
18
0
1
57
1610
229
185
16
247
195
213
142
0
1
91
20
1
118
6
1
2
4
15
1
3
0
264
1
5
9
120
0
0
3
34
10
2
0
6428
3
73
3
0
0
0
188
7
123
193
8
0
21
116
3
0
1538
0
3
145
0
3317
0
92
2
2
0
0
0
7
0
1538
9
1
0
0
1901
301
2928
15
0
0
0
126
985
0
17105
0
13
141
0
3866
1867
0
30
6232
0
0
110
0
0
0
781
0
91
305
53
0
84
319
0
5
6
0
0
0
0
251
366
720
0
18
156
2
14521
37
91
9
49
0
5
81
4
0
1468
169
185
31
33
16
21
34
394
23
1417
0
256
0
87
403
3
0
0
40
0
11
1
0
0
8
13
783
652
14
0
1029
592
2011
19
115
88
90
0
43
0
1
0
0
0
9
0
613
0
0
0
7
0
130
0
0
0
5
1
0
81
46
106
646
98
31
0
116
9819
4
6374
68
1560
16
97
75
3
16
0
52
0
84
0
0
0
268
153
6
320
5211
1112
10525
359
11
0
1546
1
376
41140
0
641
79
3
13
706
34
4
69
78
58
63
38
199
0
0
0
40
2
0
0
0
0
0
195
129
1
2
0
0
3542
10
151
2333
1636
722
2
308
88
0
14
5
1
1
0
92
2
13
0
0
0
12
24
0
0
0
523
1093
0
5562
9
0
24589
0
7743
224
4
1553
759
181
3
0
0
68
163
268
1312
12
5
25
0
0
0
3
2
8
0
0
0
0
0
22
3914
141
37577
0
857
11148
187
1020
157
1
80
5
15
0
0
0
402
0
3317
488
0
0
0
38
4
725
0
488
57
0
1
817
0
561
147
2311
1
1294
1
81
0
46
3
132
0
0
0
2079
34
144
0
0
0
262
25
0
66
597
1
0
2972
5
12
517
0
5
20832
1863
0
66
7
212
0
0
0
58
0
210
0
0
0
0
230
433
56
4
6
519
0
0
0
0
0
4
10115
0
2
9
344
3
961
2
37
0
0
3493
1277
4
3
11
0
0
0
15
1480
0
11082
37
0
125
6
3595
5
2960
0
156
8
0
6
2
225
2934
0
0
3578
0
55
9
3
0
0
0
17
0
0
0
0
455
0
0
7
648
264
904
0
0
0
2542
2
6
0
1
23382
9
3465
11
0
55
0
2
428
0
244
0
63
10
75
0
0
0
21
0
0
0
0
1106
0
0
31
86
6199
0
1877
4
62
194
13968
93
0
53
13
20
0
0
0
18
0
0
0
0
702
1
0
133
22
6673
0
1
34
0
0
0
0
0
0
0
6
23
0
558
7
0
378
199
4662
1
219
57
2289
98
0
0
1
147
2
0
0
1
31
0
0
913
0
205
17
2
6
61
160
28385
10
47
10590
0
7177
458
103
2703
0
4
0
0
76
9
3
0
1
63
3
148
0
0
0
18
0
0
0
0
450
0
48
1523
101
6070
0
479
2
24
2
77
0
0
464
4
0
41
0
3
1236
4
91
366
2
1
97
43
89
0
0
164
3
106
1294
0
0
13
1
0
0
0
489
1
0
154
46
4405
0
114
0
83
0
0
1900
3
1
33
0
0
14
12
34
1
2
401
42
353
0
0
0
20
5
0
0
0
734
1
0
18
151
10207
0
1
98
0
0
0
0
0
0
0
0
0
0
4
0
0
3204
124
6996
1
491
154
3126
119
0
0
0
0
1
57
0
1
1
14
0
745
0
233
8
108
0
0
0
20
0
0
0
0
791
10
29
578
242
5683
1
7726
6
1
0
0
134
0
0
629
3
0
5
0
2
50
210
1392
0
286
1
36
0
0
0
23
46087
0
0
0
481
3
0
3513
33
6214
136
0
0
2
0
224
0
44
5
0
3
0
14
216
0
0
808
2
1
46
0
3
11496
1980
821
0
0
75
26
0
40
0
0
40
29
170
0
0
0
12
1
0
0
0
227
0
0
7
63
6267
30
16
0
546
9956
3148
707
3
1
41
0
6
238
39
0
1010
52
33
0
1379
977
827
0
0
807
411
21
0
22
27
185
16
1
8604
18
2
1067
1
2572
29
1
4310
0
0
7
0
0
0
0
0
0
4
0
20
1
0
1
241
0
7
7680
122
591
534
58
10
0
0
32978
29388
671
63
2212
0
9
4586
744
301
1123
2592
693
130
0
0
1
255
1
102
47
228
0
5
287
0
18
2169
8
2397
16
1
5919
974
938
1493
430
56
1
2
1
10
1215
0
0
192
0
1171
0
266
2
2
90
1
311
1
1
9
0
0
1
347
0
0
31
37
0
2
14058
0
23
1448
43
103
18
2
0
0
128
0
1
185
5
0
3
0
18
856
15
1
0
0
0
0
0
0
38
245
75
69
23
0
718
5
5989
2
787
0
58
1219
19
856
25
3
5650
29
265
9090
19
2
1
1
95
0
0
55
1
0
7360
0
19277
0
22
2220
38
272
8046
6
2
1
1
92
0
0
419
14
5
14
0
13
31
0
1012
0
16
13
0
0
0
1
802
11226
380
0
164
141
3034
0
0
1
3811
15958
18
0
0
1
0
222
421
180
2
2
0
0
0
1
142
0
40
0
0
15
2622
0
14416
38
12678
67
254
25
0
191
326
0
174
16
0
0
99
3
0
0
0
0
0
0
0
1
0
0
1244
0
6
3
1545
6
0
1017
516
0
558
17
0
1379
3
89
22
2
5
6
0
4
1
0
0
4514
0
0
0
0
0
0
0
0
0
0
536
4
3
1883
4805
53
7
0
4
499
0
135
941
0
473
28
0
1
1
0
0
0
0
0
0
1
0
0
584
1503
0
0
24252
1
264
11689
0
90
1884
0
1521
107
1928
2
26
21
0
0
0
0
1
0
0
61
77
0
0
0
0
0
0
0
0
0
28
9897
35
0
1211
134
4
2
88
4564
0
264
373
0
3427
0
0
227
3
0
0
1
0
0
0
0
0
0
8
0
0
0
147
0
16
0
54
0
0
12
10
1517
1728
0
0
91
451
0
943
1141
0
2489
0
131
1
7
0
0
0
0
0
2
0
0
181
14
526
4916
15
2
2
1396
2214
0
285
444
0
3031
2
2
0
0
0
3
0
0
0
0
0
0
4
0
0
232
0
19
595
0
59
1893
15
4286
1198
0
1
1
3873
0
292
515
0
33
0
330
86
1
2
0
0
0
0
0
3
0
0
0
0
14
16522
736
933
30
1
160
412
0
312
840
0
61
94
4
10
1
1
0
0
0
0
0
27
179
16077
34
1972
2
0
2
5240
75
6833
1
4
5
4
2
4
8
5
0
4
8
14
0
12
3
17
8077
0
854
7442
0
819
19
0
18
0
4
4
0
6
3
8307
5
0
31
1
0
9
7
7
2
13
5384
0
540
7740
17
2788
0
1
0
0
2
91
1
0
0
0
0
0
0
16
0
434
0
0
14628
0
132
4522
64
61
0
0
0
0
3
152
0
0
0
0
0
0
0
51
0
0
0
0
0
0
0
5
2
28
10339
0
7008
1
0
26913
0
504
10245
20
0
0
8
0
0
2
17
0
0
0
0
0
0
0
66
0
0
0
0
0
0
3566
1540
26
10553
9
8
1
3
4
5
12
20
1
18
0
3
3
0
18
11
9
0
68
7
0
175
6
6
1
0
0
10
28
10339
0
0
15069
0
501
7215
23
1
0
0
0
0
6
63
0
0
0
0
0
0
1
212
0
4181
6
0
8
3
0
2
13892
226
2
2
7
3
4
2
1
5020
0
678
2665
0
1307
0
15
0
0
4
15
0
0
0
0
0
0
0
46
0
0
1
291
17883
9656
0
101
9336
3
6665
5
27
5
80
3
2
21
2
30
5
1
0
2
24
0
47
9
0
4
0
1
30
0
0
13072
207
118
8
4
8
0
27
1
35
1
10045
0
563
4475
2
4370
35
7022
6654
20718
52
0
0
1
95
0
589
6
0
5
5
8307
7
1
0
8
0
31
1
0
10
2
4
8
2740
0
579
8231
4
3645
6
2
0
0
4
21
0
0
0
0
0
0
0
585
25
10602
4
0
6585
0
125
1198
49
0
0
0
0
0
1
45
0
0
0
0
0
0
0
258
0
1064
18
0
1
13
4
12824
183
5
31
0
17
2
7
1
19
8
3521
0
628
532
392
6
2233
1
3
0
0
2
10
0
0
0
0
0
0
0
1870
28
10339
0
0
15069
0
501
1790
104
0
0
0
0
0
13
2
0
0
0
0
0
0
1
75
0
0
0
0
0
0
0
16
28
6171
6
0
2
2
0
8
3
2
11
0
29
0
1
10
2
4
9
5826
0
1157
3715
5
4410
4
2
0
0
5
88
0
8028
4
0
9
0
9
0
2
0
0
0
52
0
10
0
10
3
0
17
0
0
0
0
0
9
0
2
0
17
1
4
0
15215
8719
0
352
1919
22
1229
9
0
0
0
3
554
0
0
0
0
0
0
0
258
0
2103
8
32
10
1
2
2
2
4
43
935
12292
4
1
1
18
3
4265
73
5
0
0
125
42
0
16
325
2
0
0
6
16
27
0
0
6
3
0
0
0
13
0
1612
1023
46
0
1
301
0
2
0
0
3
47
1
2
0
46
0
816
0
0
0
1
1
0
1
0
296
2
0
8
2
0
1612
11
0
26
196
0
68
9
18
49
0
0
0
1
20
0
0
1
1
0
55
0
0
59
0
5
0
19
0
6
0
37
28
2137
770
1546
530
0
0
2
38
44
0
0
0
3
1511
1
0
0
1
10
0
0
0
0
1
1
1
4
0
29
335
76
11788
2258
392
0
1
76
80
0
0
0
0
0
3
38
0
537
20
0
0
0
0
4
0
0
0
0
8
1077
1
0
0
0
1612
11
0
0
0
38
1227
0
12
5
0
1
140
3
0
6
33
0
0
151
0
90
3
0
3
3
7
0
482
0
0
0
1612
11
0
0
0
38
98
40
1
286
0
456
0
2
37
3954
5
0
12
4196
0
1
37
46
71
1839
1540
19
4974
2668
1
0
5891
116
0
114
8091
2419
3
1
47
1347
3
0
6867
12105
1
4098
3
0
0
0
1
21
36996
22
0
0
0
0
0
0
0
0
230
13394
9042
97
0
61
6525
5
0
0
0
0
0
0
0
0
0
0
0
9
2899
248
146
6
1
0
11
1146
0
0
0
0
1612
11
0
0
0
0
105
59
117
10
1
5
37
34
178
7
637
539
26
6991
1248
35
20
9
54
5
0
1
44
636
2
22
1612
11
0
0
0
95
29166
0
0
1
14419
2
4
322
7
2
11
935
18
108
0
5
0
5
23
3
13013
4487
4
0
601
0
12859
33
123
0
0
118
0
46
34
719
18
0
6
17
20
8079
1175
35
11895
4648
112
110
20
0
1
80
3460
14
1
0
0
0
1612
11
0
0
0
0
0
119
619
12
41
8
0
0
1
19
2
4
6
2
0
1
6
512
0
0
34
0
65
5
8
21754
1612
11
0
0
0
0
0
0
0
0
0
132
540
8168
1779
14
4
4
22
14011
8
0
0
0
0
0
0
0
0
0
0
1
12859
1014
11
1
1
4423
611
0
9
2
118
15075
3
251
2
0
5
1
3906
9
1
45
0
14
0
1
0
0
1
0
104
148
69
18503
1
93
64
63
36
5834
0
2
122
3
39
25610
2
2
1
0
0
0
5
0
435
16
2
0
0
0
21
635
0
0
1612
11
0
0
74
196
18487
39
0
1
0
1
109
9
0
2
16
3
40
13421
2
718
1
19
0
0
1
0
648
1341
5
1001
1143
843
1929
161
86
2309
443
380
7871
0
1
714
1
315
10
16898
3
5108
0
427
22
1400
0
77
4
33
13
0
5
0
2
223
7879
6
704
55
63
1540
0
6163
258
4
2
1028
4
11
4
0
0
2
16
2
4
10
4
0
4
1
19
2928
0
0
109
0
12859
11736
983
3
1421
4242
0
245
392
0
367
1310
18
3
3
1
165
0
0
98
18
2
1087
337
0
1
170
66
24
0
0
2
4220
38
101
3
2182
403
1
4
0
35
2
27
2
0
2
1
1
2
33
0
41
0
0
0
5
605
0
4
0
0
106
0
185
2233
89
5198
12
2
0
0
66
1
0
0
0
160
0
0
0
0
0
679
0
0
3
0
39
0
0
0
0
5
66
0
38
91
0
5461
2
10254
10
0
2
0
3
28
1
4
0
0
0
1
3
291
24
33
4
109
0
1
7
2
1
52
1879
26
1485
523
27820
2
485
600
0
3919
0
257
0
30
21
1
0
14
7
0
0
0
2
184
0
0
1
0
239
64
1
0
0
0
17298
8
6044
2133
1608
1
2
0
0
2
3
0
965
10
170
1
0
106
0
8
893
13
36
0
243
0
4
0
113
2703
122
111
6009
2053
2941
114
14
87
10
4464
5
0
6
0
81
0
0
0
2
38
1177
2
795
0
11368
59
0
14
7905
2
492
0
0
0
147
20734
2
6
0
15738
42
4906
81
1
0
0
0
254
11
1649
2
0
5
4149
1811
351
5781
23
0
0
6
494
34
5
124
0
3421
28
1
268
0
6292
3186
1
0
22
233
2
2
0
6
0
3
18
0
0
11834
0
1
0
2
2442
16
1
1234
0
0
30
2095
13
4181
0
243
1
1
0
1
131
5
0
431
0
21
34
5
0
2
114
0
71
18
47
3
2
0
9
16089
80
12
0
5104
6321
86
956
37
4
0
0
0
0
1850
75
0
8
0
12
5380
0
1
43
83
1
61
0
1
2
0
49
0
727
184
4
320
1559
0
124
1
17
0
0
0
24
102
9
0
0
475
1
140
1
10
0
0
0
102
0
0
2
16
0
205
2294
87
0
100
11
57
0
1308
214
3
340
52
32
1
64
196
0
0
0
34
5
8
285
0
0
5
0
0
0
342
8
0
2
3
0
16
2883
1
1090
15482
29
10
8
0
8
0
5
1
1
0
0
564
67
0
3
33
139
0
449
2
4
14
1
0
152
2
1
10316
0
155
303
2
32
350
4
6
33
0
0
0
11
0
2
38
14
0
0
0
80
11
202
6
30
0
9
12
0
3
3
147
0
156
270
1
2
1
436
506
0
2
58
6
0
0
0
3
218
0
59
9
11390
51
26
0
3
0
103
54
1
0
0
4220
70
9745
1
4
0
0
966
3
1
0
0
0
5
0
0
0
0
1
1
0
0
0
4
1
0
0
0
0
4
0
0
4220
2
93
5414
24
3
1
11
956
0
9
10
10
278
12
152
0
0
1
9
8
0
0
0
0
937
0
0
0
28
0
0
185
2233
89
4723
2
0
0
605
0
0
0
0
389
0
1
1
54
0
18
1
1
1
35
3
397
0
201
136
0
0
393
315
38
4716
6154
1
0
24
0
13
0
1
1
645
2650
2
1118
0
3
1129
294
0
1
0
0
0
32
65
0
1
0
1077
133
0
4815
4
877
10595
259
4
836
18
0
36
496
0
174
90
0
40
217
2
2599
3
3
1
149
0
0
16
5728
10
0
41
69
0
5071
12155
26
151
58
134
9918
20
0
932
37
913
0
168
2
24
0
6
0
5390
260
5
4
68
4
0
417
0
0
1
0
0
994
6
12
8602
1229
8079
2
0
0
1
8961
2357
22
5
285
0
0
1
0
793
41
0
6
1
0
1
24
2
2
123
7
1
12859
516
106
14
2
406
5
82
1
9365
148
0
1
67
1
1
415
7
3
0
0
383
8
7
3
904
879
1
4
44
2
5
190
534
8550
4
1
30
0
1287
0
2386
78
4
1
51
5
165
4
0
26
4
1
16
3
0
6
0
22
116
14
3
0
4
147
11690
4
9445
1335
1
0
0
1
0
74
0
15
27
6
1
130
1
1
0
134
14
38
0
1
564
0
0
1
10
0
6
603
40
127
50
1
14735
0
1
0
24
146
1
2
96
0
0
12
336
0
56
0
0
0
0
127
14
7519
3909
0
0
5
91
7451
0
1612
0
0
3
16
0
10352
140
15
42
8
6
253
3
259
0
1
1
1
36
145
792
46
51
8
0
2
0
1
913
9183
296
83
473
0
322
792
0
0
17
217
1
1
501
494
0
9
1
229
453
0
0
644
2
7
3
0
5
0
1
582
10
169
156
8
16
0
5737
435
4
0
35
0
3
0
19
0
0
0
1325
26
343
0
0
2142
0
97
2
0
1
0
42
0
7
147
102
129
207
44672
2838
1
8
9
0
12
0
6670
233
0
0
0
93
0
5
0
1093
3537
19
0
0
1
12
3
910
0
3
87
15664
11
127
1
48
0
36
173
0
14
0
0
21
8
611
3
0
0
103
0
7
2
289
1
0
3
0
5
7
1
1
8277
19
46
0
27056
1
493
0
2
2
0
4911
1
0
61
16
1
0
93
3
64
0
0
2092
0
0
41
4
9
0
1
16
7637
0
8
1
3
535
0
1498
120
0
27
89
7883
64
0
318
3
4
12
0
8
0
5
143
90
0
70
1
2
0
0
2
218
3963
29
0
4
0
5274
1
11
1443
58
0
9668
68
9
40
2
0
4
734
22
2
0
2
0
0
0
536
2
3
1
0
160
12233
1
963
1318
0
87
2
2
424
2
0
2
1
0
0
0
0
1
0
86
0
2419
0
283
7
0
524
0
0
82
3
38
2
14407
3
901
2620
4004
5
0
7
4825
0
0
0
19243
13
0
2
1
1
0
1
0
6
0
800
4
0
2
43
19
7
4498
5059
17
3
13484
2032
186
1
0
30
22
0
0
1553
16
0
0
0
0
63
0
255
4
0
2
0
6
447
111
0
0
1790
41498
31800
11
116
1
34
0
58
22332
368
1
3
0
2
356
179
0
2
0
149
0
18
5
3
597
0
16
0
27
1
0
6
0
4135
24
431
0
32
56
2
184
4
0
230
0
0
0
3
273
34
1045
23
13
0
0
0
23
3
0
52
68
0
0
40
38
3
163
0
2
78
46
0
2604
5
54
3
30
15
2
11
52
1
0
0
81
0
6593
683
11
3
0
167
0
45
122
30
724
522
38480
73
14
5987
19
0
0
3
4478
6
29
5
12
3
1
9594
1
0
3
1
7514
39
0
0
1743
9
0
26
1
2
36981
2
273
3923
17
5959
116
44
176
14
4527
107
18
0
1
78
1
0
94
4476
94
8
2
66
0
3123
374
16
0
3
1
10
314
22
55
4
4
151
1396
785
6400
3720
10
3
5
51
0
3
0
464
209
1285
5
1
32
1
21
25
1
2
0
0
0
0
34055
0
151
230
1
0
7496
0
0
0
3
10
4651
170
0
1
1
0
0
2
2
267
1
367
0
28
3
0
0
2
0
2
994
194
1918
1
1
0
2558
337
30
0
1
9
6
203
136
0
869
0
1
24
2
0
0
83
2
1
0
0
0
2
0
55
33687
1329
0
121
3
9
1
55
270
0
413
17346
0
3
3822
0
0
6
2
0
0
14
16
1209
1
116
0
0
0
2
8
1
14562
292
7
689
14548
10
22
0
2
0
2569
0
5
588
0
3
193
0
131
2471
318
0
52
27
2
1
25
0
78
1
3
249
147
25
1719
125
2
0
0
6
0
16
0
496
18
138
0
0
783
0
70
8
72
0
0
1
11
6
0
10
732
0
9638
8
1643
114
0
2
11007
43
4
18
9
708
1
2
6712
195
3
16
11
0
144
0
0
0
0
218
3323
6
0
0
0
4524
132
0
6
0
0
89
0
13
127
0
668
10
0
1
14134
176
0
0
1
0
100
8
3212
0
7763
0
4881
43
38
12
0
3784
4929
4
16692
1559
5983
1
20020
1789
2033
0
87
196
7
0
48
2
1470
3
2
0
0
6
0
461
40
1
82
25
10
64
0
0
66
5
4298
755
12305
57
5
533
35
1
0
0
1939
1820
3
5
96
0
0
80
1
0
177
0
373
43
8442
506
75
3
0
27
1531
2
4298
6047
10
0
339
0
1
6957
1
1
1
73
0
3
168
0
10
106
2
0
0
11
38
1329
1
6
0
0
1
131
0
0
87
1301
10
0
79
5
4
1
0
157
11
5
17640
6
1716
12
0
1
0
6
0
0
441
0
64
0
101
1812
0
0
0
81
4298
56
189
0
105
17
7
8
1
48
1072
0
8
0
0
103
152
5
1
2
4
3
12672
1501
0
30
2
28
58
0
2
9
5542
7
17
199
1614
19489
0
274
112
0
2271
8
186
1
0
34
4
89
578
3
8
1
0
0
0
1
0
65
0
23
2
1
100
79
1
2
29
1
9806
518
51
0
0
0
335
34
242
122
1
43
86
1
1
0
1
4
21
115
23
0
0
1323
49
16
1557
2449
92
7930
104
1
810
3
11184
4
179
125
176
83
2
0
0
435
0
654
1
0
181
0
0
65
0
3589
0
21306
97
1202
16692
25798
664
2722
0
499
1223
0
1400
10451
163
0
25
110
24
88
35
102
0
0
1010
1
0
0
1527
354
40
0
1
1
1
1361
20334
8324
0
5
3
332
3066
1331
2
162
10
1
0
4
545
0
51
0
2
266
431
2
0
1
2
9
1
407
10
0
29
3
2388
0
569
15
31
14
9284
2
157
0
0
0
23
1
1
3
7
2
575
2
8
8272
2061
1
0
2
2
74
0
40
1
3
320
4880
8722
0
45
12
33
19
24
2
75
27
21
96
2
384
3767
0
50
0
4
0
2
0
193
4
0
42
0
3
3
0
12963
53
78
106
4
53
8
0
0
105
0
554
31
301
40
0
0
3
0
1
206
5
0
20
0
14
7
0
5159
40
23
0
320
1122
328
114
454
0
2304
8462
0
386
1380
58
11973
0
27
11
0
6854
3
5
0
0
241
0
23
0
0
246
9
5
1
0
43151
1
0
0
605
948
0
3322
0
6
1
245
0
1
3
0
0
20287
1
39
1
107
0
49
6
16
13
29
0
22
1
141
20851
14
0
8959
0
6
44
0
0
10262
1736
4
3
148
0
1
1
1
0
0
1187
2
4
10
2
1
0
47
0
6
1
0
28901
1
111
56
1949
1
6
0
40
45
5
15
1
26
0
0
559
3
271
0
14467
1468
5
4
0
1
0
4
1
0
503
0
14775
67
7010
0
421
22
0
0
11
9
20
0
0
3
0
6
3
4
61
0
751
0
53
0
4
1
1
4
9
0
2
2
38
4
0
6226
20
126
3
0
0
5445
71
25
462
92
0
1
7148
839
7
0
102
395
0
0
0
16
1
0
0
2
528
0
12859
5477
3150
1
4
15
51
0
23
25
28
845
73
1
0
1
2
0
3
20
2
0
0
1
32
4
93
3
39
0
0
0
28901
8
7
85
0
1
1
17
15
32
0
77
17
33
0
0
0
2
0
11
2
1
0
2
0
0
962
59
19
0
30
258
6
36
36
12
2
1
2
191
1
6
10760
82
24
8
4
4
0
2
2
8
78
0
0
1
0
1
24
0
30
19
1
1
38
4716
5064
1084
0
2
196
7
0
9
0
0
9
2
597
111
207
0
3
0
17
0
0
0
67
2
0
2
15
11
2
0
994
209
0
9624
156
539
0
0
3311
1
6
1
0
0
3432
1
0
78
4
0
0
0
291
1298
7
14
430
0
5
0
123
1
12859
77
204
3
167
10
3673
58
0
3
256
1217
1635
14
0
0
0
799
1
0
0
0
124
0
70
225
14
2
4597
9
0
1
46650
1
236
0
0
552
0
1122
1
0
9
9
0
0
109
3
0
0
62
1
36
3
0
1401
1
55
14
356
0
1
0
43
6669
5
72
22
1
153
102
6708
374
1
2346
215
4
22
1053
1
1
1031
1
7
217
13
0
0
337
110
1
5843
0
0
14
1
320
378
70
1
5
14793
0
0
617
3380
846
0
637
363
0
5896
8
2
1
70
0
2
2
28
0
0
1
0
56
0
1
2
87
12
4
1
1814
7
6
2515
0
439
0
0
0
2
3320
0
371
35
0
14
0
0
2
14
12035
454
14
15
0
37
0
52
320
4
2
16374
1155
0
2
0
3
2549
1
0
0
129
0
31
302
1
0
3
71
54
4
80
1
7
7119
0
1
32
0
2
12424
4252
14
0
20675
228
3
4
1
0
4
5
12
11
1
2341
0
0
89
1
0
8
2
1
0
13
9835
2
484
0
231
0
15683
413
1148
1
1
999
2
1
0
2
48
99
167
0
170
83
9
6
106
274
0
20
0
15
643
0
0
0
12
0
0
6
11480
2
11
120
43
22
0
0
2
0
292
7
2
2
14
0
11334
176
0
1
272
0
2
1
0
1517
0
134
536
0
0
4
4220
70
9195
56
0
0
2
4257
3
0
78
15
0
0
3
0
157
0
2008
1247
23
14451
25
26
0
8
28
0
0
0
1143
1
6
31
0
460
0
1261
1
1
99
539
13
4
0
52
46
310
294
4
1
816
0
2
0
3029
4
2
0
0
367
1603
879
0
320
11492
2
0
0
59
0
0
192
0
3178
6676
243
0
0
70
0
3
1
0
912
5783
0
1
0
1085
2761
4
6
0
0
1
17509
2
270
1
8371
0
4
187
0
41
102
1
0
0
4843
302
0
4
0
92
0
2
0
6424
11
1
55
215
56
0
0
10
28923
2
13
10
0
5803
486
0
3834
93
0
4
17
3733
11
235
1
0
0
1941
0
0
0
8070
0
0
142
110
0
2
1
0
1887
40
40
1300
24
3127
173
11
13
5
1
3875
125
0
4254
1266
0
0
2
2
151
27012
0
19
132
133
0
250
0
0
200
190
185
8385
20577
2
1079
0
62
3
153
5
11073
201
0
1
5
0
0
476
2
0
26
0
2
0
21
4
11
3
0
0
19
40
766
10092
130
3
0
46
67
0
20
3
24
3213
1506
0
9
0
16
26
0
1
1
10
699
0
86
0
458
0
110
39
1
825
766
0
137
0
702
25
11
0
28
0
1184
0
1
93
39
59
106
0
101
26
1
806
2
1
4
0
54
13
0
0
40
0
14027
1507
1
0
11
67
0
9
5
29
0
0
560
0
48
0
57
8128
713
2
20
1
17
0
172
0
0
8
9
0
0
0
8826
5
37
992
50
4799
0
32
28
380
0
0
0
0
4
24
1
80
0
0
5
261
65
1
0
25
0
0
348
0
0
1
7637
6
2
138
2
726
6702
5
0
0
24
1
0
1
5
0
3072
1
0
0
0
52
453
1
24
99
4
1
0
2
0
2
14092
1
36
153
3
0
10859
50
0
2
1
5
44
1
1
3
6
33
0
0
0
0
2
0
1
6
36
4
0
83
0
0
27491
0
5162
29
2
0
45
0
88
0
17
0
0
83
99
8
1
4
1011
0
1
5
252
6345
509
0
0
1
2
93
0
9
4327
2395
0
360
16
1
0
0
3
0
298
2
1
0
1
0
15
24
209
485
4
0
0
8114
130
3
2
1
1
1
20
18
1379
3767
1
10
5443
13
0
0
0
30
249
4
3
0
0
61
14
0
0
0
25
1
0
63
1
16
0
0
0
5
0
197
1060
51
1202
1
0
112
5269
321
2
7
1296
74
17
3087
19
1414
29
0
0
0
39
119
1
2207
0
1
9
0
325
0
0
0
4936
13944
62
17
91
932
1
8
8
1
1224
1
16
34
9
0
6
0
10
1
0
141
161
0
2
14
6
25
5
0
0
90
38
15263
0
0
274
0
1
0
0
0
43
28
2693
10
0
14199
0
0
215
33
0
2686
24
0
8
74
19
0
5046
1295
0
3
7489
123
9521
191
0
5
5
4505
4
417
0
0
0
8363
1092
7
0
0
0
6
2
0
0
0
30
168
243
49
3
0
0
0
355
58
2487
334
0
4
3275
6
0
65
0
0
152
2
353
0
0
0
1238
949
1
0
14
1
16
5
0
0
5812
2048
1
6
4220
786
927
0
0
893
1599
0
2970
1
205
3
220
7562
0
1211
0
0
0
0
4
12
0
5282
422
2
8
2
0
0
0
11
22461
0
4305
2
118
7923
313
0
0
5
0
0
10
0
0
0
0
13
0
0
0
0
18
39
0
190
0
0
6
2
1
0
73
2102
10
10
7
8
0
0
1463
18
2
0
0
190
0
0
9
0
658
169
0
57
0
1384
77
7
5
0
1
0
0
30
5675
0
439
3601
47
4
2420
0
51
26
0
0
0
1743
0
0
3055
138
16
2
0
7
0
1
77
5063
2
43
30
2577
0
31
190
1
2
0
10968
143
50
109
10
9
3
7
81
71
1
0
8
2
1
918
119
3
10
22
157
3600
185
2032
0
422
501
4
8616
11
8865
263
76
0
101
75
0
2994
1045
0
16
1584
6
0
1
69
1
34
22
1
24
18
89
46
262
3
9
2028
5
7
4220
38
1
407
3
0
890
93
0
19
3
3468
17
0
1
99
0
5271
986
0
11
3
2
0
264
0
6
56
0
7
1301
437
18926
40
17
99
0
8834
79
103
1
9
26
14
17
6
8
298
55
47
1
0
43
68
3
111
0
92
0
48
0
1
3
2
147
27642
0
24
1
4970
3689
3
2
0
58
2
65
0
0
24
4
0
11
0
0
10
0
2
9
728
1
1
0
0
0
0
509
6438
2
7
1531
0
36
11
14
1086
277
7392
43
628
707
5
14417
3
11424
5
67
1
2
583
17
0
1494
9
116
2
0
4780
6973
2
10302
367
6
28
25
410
0
28
16
3234
17
0
1
9898
253
35
0
1
32
0
115
1
0
3076
135
0
7
363
1
36
320
2534
31
0
241
2
4914
24
688
12
0
83
1
0
3
107
22
0
54
0
1
12
538
35
8
11
28
0
11
0
67
3
21425
262
5
8335
1
14209
3240
0
2
0
0
5051
3319
7
1
5
602
832
54
0
6026
0
1007
114
4
21
0
0
0
600
2
7
8098
20004
3
0
1
16
3
55
18
21
0
1104
12550
9
3
1
116
50
378
2
45
400
1
5
108
0
4
0
1
1
38
4
274
34
6
0
0
57
0
0
135
0
230
1
676
5
28
538
0
0
1
2011
1697
0
4
2
96
2
18
0
22
28
0
1
147
6110
2330
9
5
2
112
281
16
18
1
0
1
0
329
4450
0
0
0
0
0
1035
497
0
0
0
0
7
5
0
0
0
0
124
5794
1708
2
0
101
0
114
7617
22
520
15
0
0
0
1
2661
0
0
5
17
1
0
2358
14
1
0
1
21
0
0
2691
498
8
0
3
116
2
171
0
336
0
12233
0
3
0
11
1
5
1022
0
2
0
2742
55
21
2
0
1
3190
1445
58
3
1678
9520
1
363
53
1
1399
161
2
0
10
4
11
1175
1045
9065
15
316
533
5
14379
3
129
2
0
0
3372
3221
3
103
1558
0
3
281
0
11
8
2
7
0
16918
1158
9
4
1
0
98
21
328
2
322
2
98
0
77
0
1
2
16
4
0
7
0
0
9925
20
10
257
1
3029
0
102
0
100
0
19
300
0
0
475
0
5628
1047
2
1
1391
72
0
2798
0
10
337
0
4
0
52
19982
453
7641
7
20
848
0
1788
4
181
18
0
93
0
130
15
1
0
21
0
0
8
0
9
1826
0
50
3
0
0
2833
4161
4343
0
681
29
0
4244
1
1
1831
200
1061
1
3
0
1
266
0
0
4
1
32
79
0
2
26
2
0
0
0
0
0
8
11480
42
10
6
11618
6
115
231
40
1
7956
0
2
0
0
36
0
135
6
0
2
0
0
521
0
0
0
2
1
1
9
1
797
41
8831
136
3
0
286
0
221
0
701
39
0
1
23
8
42
3
51
1
5
1
29
0
0
4
23
1
6
242
27
0
24093
1526
11
459
0
1
2116
49
132
77
3
42
17
3
12
6
0
0
0
293
0
19
23
14
0
1
0
0
0
3
0
20
14683
11
3
0
0
0
354
1
63
0
4
20
29
142
16
8
1
3331
0
0
0
1
256
638
1
0
4
0
21
2
5
2
43621
0
40
0
32
0
1
0
1
74
0
52
9
5
23
390
0
32
9302
1056
5
19
0
33
23
2
0
28
0
0
15
2
2135
6
141
22249
55
1
467
1
33
222
31
16
0
756
0
0
0
1
17
1
0
0
1461
0
0
10
0
0
0
0
0
0
1446
1
4972
0
20
91
0
5
0
3
1
1
138
0
11
0
1
0
3
17
0
128
1
24252
105
0
12
377
59
0
0
0
33450
0
2510
100
176
0
1
2
0
1
0
5
65
1
437
2
0
20
1
1
31
1
13
45
9
61
0
0
0
6
4
0
218
1812
0
4
4
3
1
13
487
0
84
0
8314
430
1
2
0
1
3
0
8
0
4
0
1
0
67
95
848
15
3
36
274
1
45
0
72
36
12
1268
8586
7
0
68
1
1
32
18
196
0
0
88
0
6122
779
0
3
10
8
553
0
7237
0
1
42657
0
3
56
501
1
12
440
4
20
100
1
0
164
2165
63
3
1
9
164
0
0
0
1
4
0
412
0
2
973
5
1
320
575
0
0
1
1
48
0
262
0
0
4
0
62
3389
56
28
0
0
191
1
7
0
0
6
0
2
0
0
0
0
21
847
3
15
0
6
0
916
0
0
0
242
0
3
58
10
0
0
2
9
0
0
0
104
6
0
4
16
0
943
3338
55
6
42498
70
0
1
9438
10
18
2
64
4
0
1789
20
0
0
18
0
602
0
1
42
0
6
0
1
353
0
0
0
0
1
1
6944
19
1
1734
51
7864
0
7
1
131
0
2979
0
1578
61
5
5225
1007
0
0
278
3
56
45
21
708
61
0
6
168
0
14
13892
5030
5
3
168
62
3660
749
1
0
4
0
1131
22
242
0
2
1
0
0
7
11636
3
2
0
3
114
0
4
1
28
2238
412
338
514
6509
5319
59
8
4
406
4
147
11
118
0
9
24
1011
4
404
0
0
637
0
0
66
6
7
3
3405
33
5006
1
320
2731
9
9728
62
0
0
513
16
248
0
1
110
0
1
0
0
81
664
23
56
0
2
2
0
0
8
1
0
10
59
64
320
0
353
27
4
780
2994
0
9
2202
1930
0
51
1
1578
4
69
5
6
2925
0
39
0
2
4
0
2
1
35
0
2
1
218
660
0
26
79
1
90
0
1
0
0
3553
156
1
5
2043
411
0
38
13637
1
2770
0
21
1
585
1518
0
0
48
42
0
9068
9
1344
0
744
0
188
0
593
0
44
0
2
215
0
59
1
1616
1
28
0
0
6
0
3
1
0
0
4
27
119
0
4693
6
544
0
6565
1
9
1
2
1
60
71
0
39
80
2
5
247
6
0
0
60
0
1
2036
4
475
50
2
0
14
0
15732
106
409
0
5
99
0
0
76
39
4
4277
11
43
0
7
3
11
1201
0
4
0
1
1064
1
0
3
0
2
0
31
3
160
1
536
3673
6040
960
1
8
5
694
13
2
11
31
1
3
0
538
2
1
26
0
1
714
51
5
0
1
0
595
4
239
38
2
239
3569
0
1441
595
8
0
29
102
0
0
0
0
15787
1636
280
1
2
6
32
1
1
14
1
4
1
11
41
7
59
38
46444
0
5171
2
8
224
1
8
466
0
4596
0
165
8
0
985
8
327
0
1
29
0
32
0
91
1
413
0
11
2
146
38
4694
0
2023
0
54
0
59
0
3
0
19
7
10
145
14
584
0
6187
9
0
0
2
6254
21
4
292
1
517
0
1
8
9892
4
0
9
176
42
0
497
0
0
132
5
169
0
61
0
52
0
403
0
1178
0
1
776
1
2
391
1
2081
0
171
9
13909
1
4457
32
21
38
6
1
4
1
92
94
1826
72
0
0
1
2
91
0
2
209
5
1
1
10
4
3210
0
0
0
0
12859
140
279
14707
4
7
14
86
14
0
191
47
8
823
0
0
1
377
21
0
3
141
163
9
41
68
6
6
29
10
0
4
11593
4
709
1
283
180
3
12
1883
50
2
0
1869
1
156
465
9
0
0
42
1
3
277
0
1
5
75
6
918
2
934
2
320
36
852
0
223
0
13
2
32
1
9
0
0
1
53
856
0
253
107
0
1463
165
0
13
480
11
0
0
0
9
168
0
20687
36
9
16
353
515
0
116
3
1
0
0
0
1
6848
438
740
1
1
16
46
1
5
0
104
2
475
5
1
0
52
0
7512
32
3935
2
0
238
19
2
4
0
1
58
205
11
15893
1
4
0
7
2
26
14
230
0
12
0
36
1
1
7
0
19
766
361
73
37
26
0
4
451
1
57
6
20
44
123
32
0
112
66
53
42
128
17
0
949
0
0
81
0
13
0
2
277
38
9164
0
24
0
211
0
216
25
130
62
0
103
0
0
0
676
0
118
3
0
2176
0
13
1
1
33
9
0
1459
0
1
797
192
14
259
2265
2
2156
0
2
61
7
4
0
0
0
42
404
2
4
57
11
37
25
821
0
28
1
1
0
1
0
52
6
62
2708
2459
70
10
4
227
46
179
122
0
17
0
46
1
26
1
14
27
26
83
7
22
0
0
0
100
0
12
88
0
320
5
2
9
1
21
5
0
6385
7
1
132
43
5
1018
33
10
0
4
2
0
0
0
269
0
442
725
6
80
0
1
0
18167
11
1001
0
1
3775
5
335
1
639
0
0
0
19
16
3
252
0
2
0
3
0
959
6
179
3
37
6
1
595
0
120
6
4
25
71
113
0
0
170
0
2279
2
15
0
2562
8
574
0
18
2
8
281
0
14
1
0
0
1336
1
6
27
4
2
23983
26455
1
28330
1
24
0
165
1
251
3
0
0
32
0
1
0
8
0
62
383
22
0
0
0
6
0
2516
1
1082
1
6271
48628
0
19
0
16
5164
2
42
62
5993
524
12739
7
3884
57
0
0
875
4
0
0
570
26
60
1938
0
4
1
3
4471
36
94
9571
25
0
185
4
1340
344
17
15
0
97
21
0
8
20
9
0
1
455
0
3
48
0
522
144
6
156
3
16
6
2
2
13932
611
5456
1
18
2
135
0
16
5
1376
0
0
0
0
0
63
0
0
3258
19904
2
67
0
1
0
2
0
1854
0
0
0
87
9597
12
3015
0
2425
1
49
43
1
797
4
93
0
0
630
0
254
15
0
4
0
7331
214
0
13
1777
7
0
80
59
0
1887
40
6
398
31
0
46
1
8693
6
0
22
0
36
7
10
3
19
0
0
114
0
7
0
3599
120
8
2
11548
134
0
0
169
97
20
0
9
0
23
0
3752
699
0
2
514
12
0
27
0
0
0
108
1486
419
0
31
0
35
7
0
234
0
6
2
20698
3
52
17
30
556
1
3
1
29
0
11
1
12
3
17
14
33
1
1
0
0
7
0
1
5
0
90
1120
10
20
0
4323
40
39
18
4
0
24
6
60
2
2
5
0
0
1
2
116
1
5
771
0
49
50
2
36
25
0
1
0
34
0
0
1646
22
2
7
10
1
8319
7
17
2
6282
0
0
3120
4
71
10
4697
0
0
512
0
77
0
6
12
0
1024
4
32
35
13
17604
4
15
10
0
0
0
18
1
51
45
1
0
0
0
0
7
40
12
0
0
0
118
0
0
0
0
13
0
118
2
23
17927
1
1967
1
2
14
0
21
0
37
0
16
103
1
85
0
3
0
2709
10
73
25
7
5
1
75
0
2
0
41
79
1
17652
0
4090
1
0
44
0
505
1320
0
7
746
0
6
38
0
28
80
9
7
28
8
28
0
0
0
162
1737
0
3
12
3
86
88
1
0
3341
23
283
3
1
0
22
7896
1
619
7
0
59
0
577
1
2
1
0
8
0
0
12
0
0
0
0
0
87
7366
1
0
82
3008
8
863
12
0
61
0
142
0
3
0
0
0
0
0
5
0
0
0
0
0
0
0
0
0
0
0
16
6
933
1895
7
71
0
1
1283
4
2
1
0
0
45
4
0
126
9
0
1625
46
9
0
0
1
531
9
21096
0
3114
138
27
779
294
4527
22
15286
0
2408
211
0
0
0
30
1
0
0
0
0
0
0
0
133
1238
52
46
1
527
1
44
2
1
0
261
111
1626
31
467
0
0
913
39
2
1
0
17
0
37
0
0
0
19
0
0
0
1388
1620
1
919
1
0
1695
54
9
3
11480
42
10
6
5502
5966
0
158
27
17
15
1
0
7757
15
0
2
0
2
26
6
1
0
34
873
1270
4
0
0
0
0
4
1678
9
0
40
5
0
369
0
1
0
13
0
65
10501
911
0
0
205
7
2
512
8
9
6
2
0
87
0
383
0
4
5
847
0
8650
6108
10
0
1
5
60
347
3541
1
3
163
0
1147
5
255
0
520
38
9
1
0
1
0
0
5
0
0
37
0
33582
727
4
2
4003
698
1
71
0
46
693
808
0
1
1
1
0
54
0
0
0
2
0
0
9
47
0
1
88
0
15
12
314
0
619
1669
162
0
0
9011
66
1
4
0
1
0
0
0
1
63
40
3
12
0
0
9
5971
127
0
23
590
0
37
0
1887
40
581
24
7
122
314
14
2052
3844
0
15
4
5
48
11
92
0
0
61
12
2
4
7
0
5
1
0
55
0
3
0
30460
19
16
4861
3
43
372
41
1
95
0
56
1
38
5
23
91
0
0
2
0
130
1
75
2
1
0
3
25
0
7
13
320
4880
3944
0
395
84
0
0
5
567
0
3633
1
956
7
2
0
12
3
0
53
4
46
0
1054
3
9
0
0
363
439
1
1379
3767
1
10
277
40593
0
0
160
88
0
110
6
180
0
0
0
1381
7
0
2
1
6
21
4
31
2
237
779
11
1
0
28901
972
0
319
1
2
1
0
1
5
1
0
0
6875
10
2
4
1
60
19
1
0
1
4
0
0
103
4
0
0
4
0
87
4070
78
2
0
3999
815
1
51
15
1
46
878
0
7
2
3
517
0
0
16
0
16
6
2
1
2
0
4
3
0
135
845
9337
0
43
0
10
2
4
0
743
20
3467
1011
243
5
18
2
12
5
1
0
8
363
54
0
0
764
0
3
11
251
4
6712
2
0
14951
142
0
74
7244
0
2
4
5
31
10
0
1130
7
52
557
0
6
0
3
0
0
0
1482
1
0
0
12711
5
320
2474
26
2
4
0
38
0
1
0
0
4
72
0
81
0
7
242
35
0
1
499
12
0
11180
58
12
7
0
1
104
1
185
2194
4
22
0
0
3886
26
1
37
2
0
1
12
0
69
328
261
44
928
9
0
0
0
0
42
0
1
0
5
1
126
38
124
2
1
183
32
3
1
0
0
0
5340
0
1
0
5
0
0
0
15
578
880
1
23
0
1
17
2
0
0
0
0
0
4135
6887
26
0
0
6430
15
0
1124
62
6
124
0
0
0
1
0
0
60
2029
2
0
0
0
0
3
0
18
216
0
0
27038
0
5790
6018
1490
6
77
2
0
15042
0
2
1701
2
401
0
1
119
0
59
383
353
0
0
2
1
0
58
0
2
1872
11
20715
1650
1
0
54
442
14815
1
9
1
0
78
8
0
0
12
17
2
288
1780
13
0
0
1
0
32
0
0
0
661
6
5
27095
49
27731
1
543
23
0
3379
99
0
122
8
12
1
25
0
0
0
0
0
2642
21
0
13598
90
0
1
1
0
14
0
2
87
21
68
1
0
12
0
0
1246
1
4927
236
0
5
343
381
3
2
0
5
0
36
28
1
14
2
6
68
1
79
3
0
43079
6
443
48
0
0
0
663
1651
1
2401
69
0
1646
278
0
22443
2
5
3361
7790
807
3
4
1
89
1
1
1
1
69
97
8301
3541
3
293
0
0
1975
0
0
2
6
2597
0
3210
3285
87
8
10726
2
1
208
0
15
0
1
0
0
118
0
1
823
0
39214
941
4341
110
20854
9447
0
0
14
0
202
2
61
0
89
11
225
1
2
4
1
48
5
7
28
2
0
0
83
2
0
0
320
162
313
1937
6
0
0
6
56
0
12
0
39
6
4
3
3
1
0
95
8
58
0
174
1
0
48
0
7
0
0
0
845
3228
0
4
47
0
6310
2
1
398
76
1224
53
0
6
143
0
5
0
1182
1
9
9
9
0
1
121
8
3
0
22
4
19507
133
0
3648
0
1
52
0
1
61
3
154
159
8
0
1
401
6
0
9
2
1
61
0
1
5
202
1
8650
89
0
3
4220
5871
1
44
0
711
58
0
132
91
0
0
184
206
234
536
15
31
28
0
0
27
2
0
0
5
2
0
0
1
2
0
2095
1069
129
0
9
0
0
1
0
2251
610
1330
7
147
5568
624
2
0
0
2
0
1
14
224
0
479
1144
2
0
2
36
0
5104
23622
65
2
29
0
11
0
53
56
1
961
0
813
0
0
0
0
0
3
0
11
9
0
0
3
10
0
1402
3
13
3497
6682
22173
2376
70
295
4
90
3289
101
1
1
8
23
39
620
0
1
974
1603
38
0
9
0
13
198
8
123
0
0
1
282
2
291
36526
1
473
860
0
0
29
457
227
0
255
7
101
76
63
3
50
0
77
37
0
12582
258
0
2
0
408
1
0
152
32
249
1008
23131
51
0
5452
124
0
0
1
0
1
961
0
2
26
50
0
67
5304
2
2
1
27
1
5
0
43
0
129
0
1
4298
305
0
836
14
0
232
19
0
1
1
35
1
390
20
50
0
121
0
8
92
1
783
0
0
1
12882
3336
0
0
20
0
2776
16
29
6
0
0
31
33
301
17
0
32
147
0
1
12
0
5
71
1
5
0
383
0
16463
58
12
0
0
2848
116
0
4298
1605
0
1252
1
0
1
0
129
184
436
0
0
0
6
1
88
0
74
0
0
57
22
0
39
2
0
0
0
111
4
0
20981
51
73
103
6
21
145
0
0
5841
44
0
12
363
21
0
81
0
0
0
253
17749
190
0
0
4
1783
1
62
3
943
173
1887
148
44
1550
32
378
1
715
1
243
0
507
0
2
0
88
0
0
2
415
0
1214
0
0
22
105
0
0
0
5
16
0
35763
2
6
2
29
419
8
10
0
60
0
82
2
98
1
172
2
0
0
0
2934
2
4758
0
52
164
85
0
1559
12
3
0
28901
20
20
76
5
0
1605
14
60
9
0
19
901
7
306
3
0
4354
30
7
23
288
2727
0
82
23
0
0
0
11
8
2040
1882
2
313
0
19
0
33
2
5
1
6
1
0
3503
35
12
15
3521
1
2
0
19
48
0
0
15
2
2248
4565
6018
12
0
210
8263
23025
46
8
0
64
0
81
3
0
70
103
0
14
1
239
2
7
0
32
20
120
0
1
0
6
38
0
2704
0
0
147
25
1057
0
8
2274
0
1
360
191
50
1
7
0
8
22
1
5460
0
1
4
7
0
1
70
119
1
0
33
1
0
22
1060
6926
1080
31
1
15
10
499
2
1
3036
28
5
0
0
3
0
2446
7
0
35
166
55
2
7
4
0
157
137
106
0
0
169
35
24
9981
2
72
36
329
1
9013
2
4
0
0
1
0
10
16
0
0
0
0
2
42
87
0
13
40
64
70
2
1
4220
20
510
297
9
30
24
45
1
58
1
254
3
0
4574
7
185
578
17
132
43
1
1
15
12
161
0
63
0
31
0
16
8
4463
19802
17260
1072
1
1586
579
639
1
0
18
46
8
0
1332
0
2245
16
1169
7
17
236
0
0
0
1
7
1
83
8
1
12859
2765
1560
3
262
0
8156
2
0
49
47
3
94
92
6
64
31
23
0
4
16
8
4680
3
218
2
0
0
53
1
2
0
0
2887
26
141
0
0
119
448
1
241
1
777
0
4931
0
0
13
0
0
491
0
182
2
180
3
1
0
137
49
50
13
2
0
826
4284
411
2128
24
0
169
14967
2
0
3
2
398
0
9
0
0
36
3
6
0
6736
3132
2140
0
759
0
0
74
0
1
5403
1
0
1
149
0
44
161
1
0
5378
13
0
0
1
210
0
365
3
7
496
1
2
7
0
4
4
1
0
0
4665
165
2894
35
238
5868
1
426
1349
18
3
14201
0
43
259
2
0
1
0
2
30
1
3
2
0
1068
0
1134
0
8541
158
2
90
18448
440
595
1
8
5
3153
4
32
0
26
2
0
95
30
6
6
3505
498
1036
1
0
5
5
0
3457
0
7048
0
575
14
0
1171
2461
321
4
15
0
0
0
519
40
564
1
0
4
8
0
26
4
8
9
1
503
3
2950
1466
0
21
12
530
0
139
3
130
38
135
0
0
1605
321
1925
13
2
580
11
2572
775
2
4
2
172
1
1
7
122
147
2
1479
8
0
4
567
1852
2036
5
43088
185
2233
89
3427
3
1
2
55
0
81
0
0
78
351
451
0
143
0
71
73
0
3
70
0
20
1
0
44
8
0
76
5
1709
418
1
1
0
0
1
0
0
2013
115
41
8928
55
2
0
30
1014
5000
36
1
5
917
2
32
8
289
11
0
64
10
0
65
1
839
21
115
32
7
435
0
25
1
0
3
1
22
42
0
39
2
12
1
2
0
1236
9
267
146
0
0
330
717
0
5104
6
264
67
799
9175
0
84
0
0
0
218
3
820
68
0
184
1833
1038
1
0
0
0
1
6
0
2078
53
0
0
0
0
100
1789
273
0
1164
62
62
1
5793
1
0
313
32
15
10
2
1695
0
5
0
0
1
322
1
92
2
0
0
1073
11
20
154
20981
10615
19811
2991
31
174
125
570
1035
0
1
0
346
13
4876
487
0
48
318
8110
10
344
7
5
0
0
0
431
609
2
9
692
10894
207
1700
118
0
0
1164
2441
4
494
362
96
2
0
31
7
2507
101
0
277
97
0
4
7
5
0
21
2
0
18
0
268
11658
644
13
6
1004
0
199
4
5866
263
0
88
426
0
1636
0
4
0
337
2
279
96
30
0
0
0
0
2
0
233
0
0
12859
193
2574
133
1155
0
4
341
32
75
1295
77
18
295
2
0
0
1
885
5
11169
71
0
4
926
16
3
6
13
36
0
10
1960
0
3
12644
3
74
52
0
0
12
1
0
0
1
265
7
10402
26
0
15
243
0
2637
0
0
0
0
209
370
0
5
0
355
465
141
0
2911
0
168
139
0
60
3
4783
36
0
29
46
0
404
7
1
2
0
217
125
0
0
0
1
0
0
220
0
73
557
4048
8534
621
2
3
0
57
12
156
351
2607
12
0
14
0
993
34
128
689
3
111
55
2
0
0
0
0
219
160
15
9645
20584
63
61
13
11874
81
0
422
514
240
586
0
358
24
0
0
4
0
50
13
72
613
4
2
11
1
1
0
0
0
1
424
7745
120
1591
8
108
8
0
0
2
7
115
24
688
3340
85
26
26
69
8
0
0
0
3
0
0
23
2
0
0
0
0
14458
10
0
1163
9417
390
149
2
131
485
182
3338
8
3
86
8314
0
0
114
14
443
1732
8
541
140
960
257
1
0
2
1
0
45
265
163
3
472
4
0
0
4380
2
193
51
681
112
10
2
7
4822
1
153
265
0
0
0
0
1372
94
32
328
0
97
0
5104
6
337
356
5
0
0
1
2544
125
162
3100
2
2015
5
562
102
247
1
0
1
0
53
1
52
0
1
0
0
1127
67
31
39493
1
31368
3
295
34
608
1523
39
244
0
0
0
161
3
12530
15
0
64
312
17
1
0
0
0
0
156
4
0
0
5
2
67
34
4524
342
0
710
387
1
2394
12
0
997
18
176
5
19
2
7
0
13
0
313
0
4
0
0
3
0
2
0
50
0
24093
3742
681
0
75
4
35
48
170
0
157
479
0
7858
0
0
27
0
395
4
145
290
2
5
1
0
0
0
7
0
114
0
73
557
201
0
363
279
0
81
1
0
179
8
170
2022
2
1928
149
21
0
15
0
41
0
199
0
0
0
0
0
121
0
9155
65
1
839
331
0
643
18
0
399
8
1
75
22
209
571
503
8
2099
2
0
0
0
108
2
76
69
11
0
0
0
0
398
147
1785
16682
2
115
42
295
4658
1
100
36
0
0
0
115
0
5055
9
20
0
52
605
1132
4
0
0
0
0
0
39
3
0
73
93
0
16
4
1847
250
0
4080
523
976
21977
47
117
3
6
0
0
2
0
12
0
0
4
695
0
5
12
0
7
114
1
3526
6
9
137
11
9680
148
714
1
46
74
199
2201
6
3
42
15
243
143
9
0
0
1
0
0
2
12119
9
0
3
0
247
12614
22
2051
2764
10483
2
108
69
174
59
864
56
49
3
16
11
5
0
11
0
83
418
0
0
0
93
1
49
3
102
116
25
73
557
2200
0
225
3
0
65
24
0
1
36
0
0
267
5
24
4
88
58
145
0
0
51
1
19
11
177
0
9
2
0
5104
6
264
67
7406
1546
0
2
80
4
25
3
11804
66
0
18
377
2418
10
0
120
0
0
0
0
671
2218
54
131
420
59
4
390
959
73
2
56
1
93
36
60
0
18
4651
2
3
263
0
3664
3
0
167
12
53
22
1868
66
274
0
0
2
0
1
0
84
48
360
125
1096
441
3482
58
16
2
736
0
4
1
21
1
1
0
0
349
70
5844
2
0
5
188
6
626
332
2
0
0
12372
1
6
191
141
49
8
4
1099
3127
130
18
2
18
0
0
4
0
5
1
0
0
3261
1736
0
4
552
102
2
0
29
10
8659
293
16
1118
958
2
1
5
7
2
0
20
2
0
0
1
0
103
38
0
0
2
6
2
1
0
0
4639
4161
0
1932
139
4343
0
16
35
64
230
138
0
625
4142
16
1
2
212
2
1
113
26
5
11
1532
0
0
1
8
0
9
0
3
0
1
0
0
91
41
45
169
54
0
1726
1363
24554
11
0
126
24
1323
1
109
3
0
1
17
1
33
0
1
4
0
0
0
16
71
4
2225
47156
4876
2
67
42
1
15
75
9
43
0
0
1
436
2
146
132
21
0
25
217
11
5
2
13
0
2
0
0
0
39
20163
18
2144
8
59
38
1
509
14
3
212
952
640
25
0
0
9
109
0
0
14
281
113
6
44
11
50
51
22
0
636
2123
100
11
57
0
1308
8495
2716
1
733
108
28
9
1
0
0
109
0
771
23
65
0
27
195
0
11
1
0
0
0
0
0
0
100
784
704
57
3545
14
0
0
0
0
3047
13
86
7481
157
6
0
37
7
1132
96
24
0
401
25
30
0
9
17
1
0
7
29
230
0
22212
4
127
26
404
22
50
0
5
1
4
0
10
0
2
2
0
0
0
0
0
6
0
12
23
2
0
1
0
21112
707
286
0
53
229
36
198
0
19
762
37
1
0
4
0
0
3
13
337
1173
12
0
0
4
3
4
2
527
111
53
0
12859
5163
116
3
5
73
21
169
35
116
3
9
0
0
1
0
1946
26
250
789
1
100
4988
0
699
2
0
25
0
81
838
13
0
91
2
16703
2804
0
1
0
919
1
1
8
3
9
131
0
2
42
853
6
9
12
0
6
0
1
0
0
0
0
0
370
0
826
4284
2223
6111
0
0
28
3967
7034
2
1
1
187
6
58
0
4
6
0
0
6
1
322
31
3
0
0
15
56
18
7
37852
10
3408
2
34
0
156
3
3
0
0
0
1
109
37
0
5819
86
643
0
78
0
0
42
0
2
0
93
0
6
1
35
7248
101
1131
365
0
980
0
2648
0
87
0
85
2383
430
0
2
3
0
0
3
0
1127
5
83
337
7
2
0
169
1013
37
31
1612
292
148
0
0
0
2321
0
0
0
44
0
71
0
0
185
0
104
0
2500
20
3
0
27
36
1
164
70
99
0
3847
4940
971
17337
79
0
90
924
481
1
1
1
199
4
14
147
3362
2
22
0
281
45
82
0
7
7
0
0
0
1
0
2
663
6
169
23653
7
71
0
19
4
0
9
9896
0
13
0
69
1370
1350
0
13
15
0
0
1
825
7
4
97
31
0
0
23
724
197
7784
12
2034
5705
4
54
1224
0
0
1
1
4
11
2018
18
12
0
0
0
0
0
10405
1
167
0
121
438
1
1
0
0
5
12859
15
177
0
74
6
61
1
0
0
0
0
266
14
0
0
1
12303
7
3180
14
1
109
0
4
3
20
1
0
7953
34
1
17191
592
1562
1178
1220
0
178
88
2
6931
9
25
7
3503
1
5
2
1
0
0
1652
404
0
2
0
28
24
1
362
3
0
0
12185
1
373
13448
0
100
22
5
194
2
0
0
23
0
65
0
0
0
0
20
366
5
0
0
0
4
402
0
0
0
0
0
985
0
515
2
761
0
17
43
84
0
1624
14
0
0
1
2
0
8
5773
13
1
0
379
0
0
291
700
0
0
1904
0
0
7532
6
3
2261
278
0
2452
3
691
2
1
6
82
0
55
0
1
9
1
0
0
44
2163
1
0
303
174
272
45
23
72
11
11079
38
67
1283
455
9484
1
56
0
1
69
70
2252
5153
0
49
0
35
0
1
1
0
1
4
225
0
11
0
22
2119
0
2
0
8204
115
20157
14
365
1
0
1
21
4
57
3
1
0
4
4
13
1
1
0
47
0
1050
22
235
4771
2
0
113
1
0
0
91
1992
1
0
66
246
274
33
35
56
12
418
1328
528
0
0
1
2
0
47
0
21
0
29
15
8
17
853
0
24
0
3221
0
23
984
202
0
0
1
88
739
4969
13
394
1030
4
108
2
2
3
2
40
0
157
7
28
0
0
8
1
2
2
0
15350
2
12599
133
78
743
84
42
11
0
14
0
630
0
45
7
1
0
54
39
53
67
16
8
18054
0
9
2
0
21
0
19
6
209
0
19
22
875
2877
9
1
1
0
69
2
0
1
0
6
6
19
4
5
0
1930
861
0
0
0
0
2
3
14
0
7095
81
327
0
1377
42
18
18
136
16
3
79
16
6
0
0
133
7
1
0
99
32
428
1855
19
13
7827
23
11
3
1
0
29684
57
223
1517
2166
5726
17
128
720
7
29
0
62
0
2
5
2
1
231
8
1
13
7
0
18
0
2
0
9
1
2327
84
19
553
139
11665
91
31
51
10
3029
30
19
5
4
2
15
1
284
0
1423
0
10
102
279
365
1
4528
0
92
5
1
0
49
1612
11
2
23
17
824
13
12889
4
2
0
915
60
0
1
5
4
307
2449
0
71
0
0
8
1
1
1
0
7
3
190
0
218
4991
8
4
4
2070
30
2
61
11
11517
25
2482
24
592
6
6
37
3
49
2
105
8
0
2
1
1
1
0
47
1
3225
0
91
1992
1
0
66
246
128
52
15
47
13
17394
1
2
0
116
18
1
4
26
189
0
28
0
0
1
1
2
36
3
166
20981
184
422
860
23220
13
57
1
0
2
10
100
6
67
171
1482
4
4295
10
44
0
524
1
30
0
89
67
0
0
0
1869
7
0
6526
10492
4
97
1
19
1
19
36
0
2643
247
2023
603
2
42
0
2397
0
0
2
170
9
0
1
15
43
7
21
0
0
67
1380
1
0
66
41
18
40
15
2245
0
2
0
220
272
0
3
4
43
110
0
663
0
0
175
3
2
0
0
0
0
0
6
361
5
169
0
1
0
316
1
0
0
1
0
1
0
275
213
2
939
441
0
0
3
2
4
0
133
1
1
245
0
15
1373
4
8246
0
3302
1
179
211
21563
2
0
0
0
0
21
1
45
0
0
0
156
1
0
0
585
73
1
0
0
4165
0
78
11267
0
0
109
34
15
59
17
10687
1
2
0
108
51
4
13
170
0
87
0
2
2
3429
0
35
72
9
6
23585
0
0
0
3200
0
11
0
11
7
14
9
1476
31
0
645
1300
533
135
0
1
351
94
0
0
22
0
7
140
1204
2
7
1814
0
3
0
318
359
1732
346
1
0
27
296
0
11
0
0
0
3
117
21507
13
47
56
0
27
1
1
32
0
75
0
1
5
0
0
0
559
8333
6
28
0
3
609
1
25
7
1
0
85
319
526
141
47
25
9
17312
59
3
5
0
956
24
0
4
27
12
188
226
230
6472
1557
0
7231
14
0
83
560
1749
4
11
179
0
9
1
259
254
1
17
2
1
0
40
0
709
153
0
0
0
2
0
15350
2
17926
0
135
72
306
66
25
11
242
0
519
579
3
75
5
14
0
0
1230
3843
3
0
0
1263
1381
1
0
287
8
0
3704
17880
4
0
1
0
87
268
2
9
173
127
4
0
17
0
0
0
0
222
2
27
135
722
10
92
3
34
0
1
1
2
225
41
434
0
4296
0
72
9
7
0
2293
0
0
0
30
334
5
0
0
0
0
1035
13
6
6
87
2
3
1
172
135
24
847
1
0
568
0
52
11
95
0
0
0
3073
0
2
0
26
0
976
4
0
49
1
7789
15
44
2
1
77
74
28
0
1
28
2890
19
12516
328
1
0
75
6
33
0
0
0
964
1
96
3
0
0
1
0
1503
91
1
0
1
0
15
1
6
1
0
37757
6
1215
192
0
80
9
57
0
0
0
843
6
7
0
0
0
917
23
0
0
0
88
0
2
0
9736
0
0
0
0
11
28901
5736
0
52
3
523
0
262
0
19
2
0
0
0
0
0
0
682
0
0
102
4
496
1335
7
1838
186
4
0
0
54
3
2909
3
7
0
170
4
16238
9
1589
0
341
17
2
131
692
0
0
1
76
0
15
7
0
103
3
117
2
0
0
2
0
0
48
7165
12
2
1
4
7
0
2
0
348
6731
913
1
0
42
1993
816
4
2
10268
5
1
0
0
2
0
0
0
3816
39
0
302
2
88
59
794
11
0
2
18
0
593
0
42
8
9
0
0
0
25
19
84
1
0
0
0
29
0
7
0
0
0
2
6
34
2337
64
0
9488
0
10
1
166
500
0
0
964
0
147
8
6
0
0
0
32
2
0
10
0
1
0
0
0
0
3866
20981
64
8174
8463
0
35
24
825
0
74
10
6
0
0
0
40
9
0
0
1
0
104
2
0
4645
24
38
0
0
376
2
24
147
0
3129
1
2
433
0
159
3
14
0
0
18
111
1305
0
33
1106
3947
58
9
618
0
5
163
0
274
348
0
0
0
1
42
353
0
0
0
37
1418
171
0
0
0
81
0
92
0
405
2
23
3
1675
1
0
9
3
3
1529
2511
0
2055
112
2
82
1
423
0
816
6930
858
0
31
444
0
0
2678
5760
0
0
7051
1
3
0
100
420
0
10476
1982
8505
3
13
4
0
0
0
706
2622
0
33380
1950
14763
120
306
124
0
1145
0
210
23
0
1838
1
1000
0
0
0
0
0
0
0
0
0
0
0
0
0
0
1
11480
42
10
6
8968
7456
0
132
1812
0
9
0
1
0
0
1
0
0
11
6
0
3
10
0
0
0
0
0
116
1476
0
0
0
1940
386
0
48
4
5107
0
0
881
1
0
0
0
2
0
0
337
0
0
114
1
3
0
0
106
0
0
50
5
0
0
0
1940
386
0
39
99
3
88
0
0
0
39
863
18416
52
4130
2
0
0
0
3690
120
7068
0
1
10
6
2
12
27
0
1110
6901
3
2924
3
3
2
6
0
5
5
1
0
3299
0
241
1355
0
0
0
0
0
0
0
0
0
0
0
16
0
0
2
23
28
60
246
1
0
29078
0
522
1072
25
0
0
843
2
886
0
0
1
67
0
0
0
1
0
8655
0
0
0
4
0
0
0
1887
148
43
7252
0
300
1596
59
42
137
1
0
0
0
0
1
81
0
0
0
0
0
0
0
0
0
3
0
154
5
7
4
9420
0
1
18
0
4
2
3
0
1
12520
0
517
7342
8
46
17
65
198
9
26
155
262
110
2
0
2
1
8
0
0
0
1887
478
19123
0
375
9003
8
49
218
1
0
8
0
0
1
82
0
5493
1
5
8
2
5
25
0
0
6
0
5
0
13
1
0
1940
5127
18
3262
852
324
721
0
0
634
79
0
3
74
72
321
10
0
0
435
698
0
1512
0
0
1
0
0
0
2
0
9750
12
1
2
3
1
0
6
0
0
0
0
15334
0
466
2134
0
47
161
4
0
14
0
2
1355
0
0
0
0
0
1148
0
0
1940
445
3
287
467
2
0
1
0
0
693
56
0
0
0
87
85
0
0
0
382
6
0
0
0
8
1
10
0
175
91
28
18177
6
1
16
1
9
1
18161
0
1724
306
162
1
30
71
1
0
4
4
0
7
84
0
0
0
0
0
0
0
0
0
7407
2
301
251
3
0
2
9386
0
141
404
0
0
0
0
0
0
0
0
1
222
0
0
5
53
1
1
0
2102
7
1
0
3566
3926
60
3255
9
9
2
10
0
5
5
6
2
1
0
59
99
0
34
227
0
3
0
0
364
0
0
0
1
0
1
0
0
1940
278
24
1
11
195
3
0
1
1
0
636
4821
0
2926
2
11
57
0
1
0
0
265
12
0
0
0
0
0
0
0
0
1940
3757
1
188
1047
2
0
2
1
0
640
886
0
0
2
151
28
0
0
0
0
420
23
0
0
1
65
101
0
0
0
3566
1048
52
29
231
2
0
135
0
56
76
0
850
10
3
1
8
0
4
5
3
0
0
2
0
1
520
0
1
0
0
7
5104
0
333
8681
5
24
732
0
8
0
1
1433
119
0
0
1
0
4
0
0
0
18
0
0
0
0
0
60
0
0
1023
0
2113
2
4
2
7
0
5
4
2
0
8047
0
461
5002
4
7
290
3
0
2
0
0
2
1337
0
0
0
0
0
0
0
0
3566
5015
2
84
589
2
0
2
1
0
53
253
0
8487
1
27
0
0
13
0
0
4
0
0
22
0
1
0
0
0
19
0
14074
68
201
0
23
0
1
0
0
0
5
0
1
2
0
1
6
0
1
0
3736
0
1012
464
34
705
5
0
5
0
6
0
13942
98
8
0
1
1
1
0
13
1
16
0
10
2580
0
734
2405
5
26
559
0
3
0
2
247
0
0
0
1
0
3
0
0
1940
2762
67
2060
12
8
10
4
19
0
5
5
3
0
0
2
0
814
106
0
565
61
0
3
56
66
1
45
1
0
34
1932
50
0
53
37
0
8
387
3
0
0
73
7
65
0
0
10
3
1
0
0
6
2
0
1
5
0
10
12
45
4
0
2286
71
0
68
56
0
7
77
0
2086
0
0
0
0
57
0
0
0
199
3
0
0
17
0
0
1
2
0
7
0
174
491
336
7247
47
0
1
81
58
0
0
0
2
253
0
0
63
0
8
0
2
1
10
0
8
0
27
1
0
0
0
0
3
44
1612
11
0
0
28
1697
2
0
0
1
20
0
0
0
0
1
1
1
25
0
15767
11036
12183
3
0
0
0
26
0
0
0
0
1612
11
30
111
0
23
5
47
0
0
0
2
32
0
1
1
1
4
594
2
1
0
0
1
0
0
0
1
0
283
1
27
0
8204
0
0
0
0
34
1223
0
614
22888
22
57
0
0
1
27
0
0
0
0
0
1
59
1
152
0
747
0
2
50
2165
11658
1208
46
13
41
6
42
130
8
3
0
2
0
1
1
9
16
0
2503
1
315
7
1667
141
13
1
20
0
0
3218
4
5
6625
383
4
34092
0
11
0
7353
48
5
32
0
0
317
0
36
230
5
0
3
23
0
44
560
0
3
1
0
0
2
15
15
838
3
37
7497
310
1830
0
1013
6
34
1
1
21
2137
0
48
8
0
0
0
120
0
1
58
1
0
2
1
42
0
0
0
3775
174
5932
6243
209
0
3106
3
0
1189
0
788
0
0
0
3586
5
5
0
0
5
0
0
96
0
1
1
14
466
3
0
0
10520
7644
4
0
12559
2134
1
7
1
1
1
587
139
1352
4536
11
9
517
3
0
0
1116
12
3
1289
0
1486
5
9
0
1
7
320
54
0
902
0
0
14903
5
15
1
2
0
45
718
517
0
6
679
6
136
17
1169
0
0
0
37
845
4
0
5281
24
185
10458
1956
1904
9955
185
0
396
1
66
30
0
0
2
17315
44
0
0
0
96
4
75
17
1
254
431
1
0
0
14
0
2
864
6058
125
3558
59
21
32
145
1496
0
83
1
0
0
3
4633
0
37
5
7
25
195
11
4
0
0
0
0
753
1
0
12
4
12773
1876
245
906
144
16
1
335
12782
0
0
290
8124
7
19857
7
34
1
9
0
0
343
2
0
781
299
0
6
296
110
68
35
5315
382
2877
918
1542
4
248
2052
18
152
1284
0
293
3557
3
661
212
13
7
9
7734
5
2
879
138
43
0
11
0
78
5
0
0
8204
0
0
114
478
2
0
0
29
10
30
0
0
27
3
0
0
0
12
2
0
1
10
0
164
21884
1
0
0
0
10
1612
11
30
111
0
528
0
0
0
2
36
0
1
0
263
3
0
3
13
0
0
2
3
0
5
0
495
595
28
0
0
0
0
8204
0
0
0
0
34
978
0
0
885
0
0
0
15
0
1
0
14
0
18
2
0
0
0
0
0
25
0
0
0
0
1035
902
2
0
1
1
35
52
1
1
0
0
0
1
50
0
6150
0
1638
26
1
1
0
0
1
34
0
0
0
0
0
1
1035
136
0
92
1
0
0
1
43
36
1
0
0
4
910
2
1
0
0
6
0
0
1
1
0
264
0
16
0
3
0
0
1612
11
30
1649
0
864
3276
1
8593
751
1
0
0
1
71
0
1
2
1
0
5
39
1
263
0
827
0
1
63
563
2
0
12859
6421
2
22
6
0
0
49
31
0
7
702
1
0
0
14
10
309
0
0
20
3
0
0
0
12
1
2
0
9
0
258
444
288
6050
59
24
0
1345
7
0
0
183
11
0
4
50
0
416
0
0
0
1
4
0
0
0
278
2
0
0
20
0
0
1612
11
30
111
0
1066
272
23
0
0
0
2
30
0
1
1
1
1
72
0
0
109
0
11
0
24
0
2
0
16
0
49
77
1644
1029
0
0
1
64
72
0
0
0
2
1331
2
0
0
1
31
0
0
0
0
1
1
0
2
0
26
832
33
78
1079
6547
60
543
182
0
1
96
45
0
0
0
0
0
2
27
0
120
0
0
0
0
1
0
0
0
0
4
732
1
0
0
0
1612
11
0
0
0
38
1227
0
10369
1952
13096
6
0
0
2
22
0
0
0
0
1
0
67
1
284
0
820
0
2
64
3
1
8509
5737
790
7
0
2
6
0
1
3
107
7
0
0
248
23
0
13
408
1
0
0
4
10
35
0
0
3
4
0
0
0
1612
11
0
26
122
0
192
2
0
1
201
0
2
9
0
0
1
17
0
0
0
30
0
192
0
0
0
1
1
0
0
0
466
15
39
0
173
54
0
0
0
13
91
0
1426
311
22
0
0
0
1
39
0
0
0
0
0
62
0
0
91
0
10
0
195
969
142
0
59
0
22
2
308
334
0
0
1
43
73
0
0
0
4
1872
1
0
0
0
23
0
0
0
0
1
1
1
8580
54
1599
841
0
0
0
147
71
1
1
0
0
0
3
26
0
440
0
0
0
0
1
0
0
0
0
9
644
1
0
0
0
8204
0
0
0
0
34
1223
0
10822
1
7
0
397
3348
1
0
14
6
1
3
4
0
0
0
1
31
0
0
0
0
0
1932
6244
1
212
1
431
0
3
54
2184
2
0
1395
3212
4
0
4
4
1
4
6
3
2
0
0
0
161
13
1
7
270
2
75
0
111
656
139
0
1
256
9
1
0
0
34
2
2
0
7
0
143
1
0
2
175
0
1
2
0
0
0
12
0
2
1035
136
0
279
0
0
0
1
45
40
1
1
465
3
0
3
21
0
0
1
1
0
5
0
143
27
687
0
0
0
0
2
1612
11
0
0
28
1025
0
0
547
0
8
0
22
0
18
0
36
0
23
2
0
0
0
0
2
26
0
0
0
1
0
935
21286
0
30
0
68
75
0
0
0
0
0
10
75
0
1847
997
33
90
1315
593
8
1
0
0
0
64
0
0
0
0
0
0
1035
136
0
75
0
0
0
1
43
39
1
0
0
3
785
2
1
0
0
11
0
0
1
1
0
463
0
3176
9
0
70
264
832
3
0
0
11
0
6
18412
40
538
0
0
276
11
0
0
0
2
11
53
1
426
0
719
0
2
97
3832
10
0
969
321
444
288
3427
5
0
3
15743
59
9
0
0
162
13
0
8
278
1
0
1
4
6
31
0
0
4
3
1
0
0
5
0
2
1035
50
0
147
3
0
1
235
0
4
0
1
0
0
0
55
5
0
1
31
0
136
0
0
0
1
3
0
0
0
250
2
75
0
111
31
0
0
0
5
269
0
1420
52
33
4
0
0
0
1
87
0
0
0
0
0
74
0
0
103
0
11
0
19
15
1017
0
44
0
36
39
441
395
0
0
1
63
78
0
0
0
3
1808
1
0
0
0
38
0
0
0
0
1
1
1
2
75
74
1021
6
120
950
204
3
10
589
0
0
214
41
1
0
0
0
0
2
51
0
108
0
0
0
0
3
0
0
0
0
5215
708
3
1
0
1
34
16
0
0
0
2
722
0
6182
2
0
2
0
0
1
3
0
0
0
1
0
0
23
1
326
0
6294
3
866
33
2057
5
0
1554
3136
3
0
4
5
0
1
0
4
0
7
0
0
160
15
0
4
263
0
0
0
4
6
26
75
0
111
208
227
0
0
174
1
1
0
3
0
165
1
0
2
162
0
5
1
3
0
0
0
35
0
1
0
72
0
175
839
57
0
1
90
34
0
2
545
3
0
0
27
0
0
1
3
0
1
0
512
49
474
0
0
0
0
23
0
0
1
2
1035
418
0
0
352
0
10
0
22
0
11
0
21
0
23
2
0
0
0
0
1
36
40
1
0
0
2
970
1
0
0
1
1612
11
0
0
0
0
0
50
532
0
696
989
34
71
1551
548
5
3
0
0
2
19
0
0
0
0
0
0
1
12
0
125
839
57
0
1
90
34
0
0
0
4
616
2
1
0
0
31
0
0
0
1
0
448
0
3965
10
0
1
0
0
0
6
0
1612
11
0
26
73
37
1
322
0
410
0
1
147
2434
2
0
1290
3514
6
0
4
4
1
3
1
4
0
0
0
1
52
0
1612
3758
510
1
0
1
56
0
20
0
0
8
3
0
0
0
5
2
2
0
9
0
168
3
0
2
182
72
4
2
0
0
0
8204
0
0
25
258
0
1230
1
0
0
1
30
0
0
0
215
3
0
2
19
0
0
0
3
0
5
0
108
32
16
1
839
57
0
1
90
34
0
0
0
2
322
0
0
145
0
11
0
19
0
11
0
37
0
23
1
0
0
0
0
3
26
0
1612
11
0
26
1392
2
0
0
1
21
0
0
0
1
1
0
1
21
0
1250
824
34
81
1120
487
5
2
0
0
0
24
0
1612
11
0
0
0
38
337
0
119
0
0
0
1
20
0
0
0
0
5
493
3
0
0
0
3
0
0
0
0
0
212
0
2116
26
0
2215
1598
0
0
275
23
0
0
0
3
6
27
1
376
0
569
0
2
131
25
0
0
434
3591
4
0
3
4
0
11512
57
17876
37
6
0
0
89
23
0
4
448
1
0
0
6
4
27
0
0
5
3
0
0
0
7
2
2
0
8
0
187
444
288
6050
59
511
2
5343
6
0
0
161
16
0
2
53
0
481
0
0
0
3
5
0
0
0
317
2
0
0
22
0
0
1612
11
30
111
0
1066
39
24
3
0
0
0
2
33
0
1
1
1
1
76
0
0
115
0
11
0
17
0
19
0
59
0
647
318
2321
389
0
0
1
42
75
0
0
0
3
1478
1
0
0
1
24
0
0
0
0
1
1
0
3
0
15
841
36
77
8250
1032
4
4150
515
0
1
94
38
0
0
0
0
0
3
31
0
101
0
0
0
0
1
0
0
0
0
5
887
1
0
0
0
8204
0
0
0
0
34
1223
0
315
3
0
0
1
29
0
0
0
0
0
1
56
1
227
0
737
0
2
45
2191
4
0
12859
1271
3
0
2
5
94
0
17
33
9
0
0
76
21
0
10
438
0
0
0
9
6
55
0
0
11
3
0
0
0
12
1612
11
30
87
0
171
3
0
1
208
460
0
0
34
0
0
1
24
0
1
0
30
0
409
0
0
0
1
1
0
0
0
466
15
39
0
173
54
0
0
0
13
91
0
1426
54
726
0
0
0
1
40
0
0
0
0
0
69
0
0
91
0
11
0
165
878
17
1
28
0
54
3
515
512
0
0
1
42
76
0
0
0
3
1741
1
0
0
0
21
0
0
0
0
1
1
1
8580
54
18053
1
8933
3
0
0
0
196
73
1
1
0
0
0
4
22
0
1726
0
0
0
0
1
0
0
0
0
10
804
1
180
295
0
140
65
0
0
0
5
450
0
253
5
0
0
0
88
0
0
0
0
0
2
61
2
236
0
718
0
2
48
248
11177
1165
911
7
0
11
5
0
10
0
0
6
0
321
8
0
0
240
18
0
8
247
1
0
0
7
9
81
0
0
5
4
1826
29
0
146
32
0
2
25
0
212
1
0
2
160
2
0
2
2
0
0
0
33
0
0
0
51
0
221
0
0
0
0
1612
11
0
26
808
6
0
0
30
0
0
0
1
0
37
0
2326
61
42
6
0
0
0
0
23
0
0
0
1
0
69
0
75
9222
0
5
0
19
1
12
0
48
0
45
4
0
1395
0
0
0
54
59
0
0
0
3
1475
1
0
0
0
31
0
0
1612
11
0
0
28
591
0
453
950
29
59
1514
555
5
1
0
0
2
34
0
0
0
1
1
1
0
11
0
121
0
0
0
0
8204
0
0
0
0
164
1286
2
1
0
0
28
0
0
0
0
0
446
0
3828
7
0
0
0
0
0
20
0
0
0
0
1035
66
19
1
364
0
267
0
1
165
1810
3
0
1493
3183
5
0
4
5
0
29
0
1
0
0
0
0
54
10
2
3
290
6201
111
0
158
1805
157
0
0
91
17
0
0
0
7
2
2
1
5
0
569
1
0
2
164
184
0
33
1
0
0
0
5
1612
11
30
111
0
850
0
0
0
2
31
0
1
0
243
3
0
2
9
0
0
2
3
0
5
0
470
32
303
0
0
0
0
8204
0
0
0
0
34
978
0
0
885
0
9
0
23
0
3
0
55
0
34
2
0
0
0
0
0
25
0
0
0
0
1035
902
2
0
1
1
35
52
1
1
0
0
0
1
50
0
7592
743
34
85
1187
590
5
1
0
0
1
42
0
0
0
0
1612
11
30
111
0
86
0
0
0
2
28
0
1
1
1
3
527
2
1
0
0
1
0
0
0
1
0
261
0
2431
9
0
839
1024
0
0
253
14
0
0
0
2
11
40
1
439
0
554
0
2
134
1330
4
0
1481
3387
4
0
4
3
81
0
13
5
839
19
0
0
43
25
0
3
441
1
0
0
7
4
30
0
0
7
3
1
0
0
6
2
2
1
5
0
135
3
0
2
48
2063
2131
1
3164
6
0
0
86
25
0
2
96
0
540
0
0
0
1
3
0
0
0
234
1
0
1
13
0
0
1
2
1035
136
0
683
35
31
3
0
0
0
1
45
40
1
0
0
1
125
0
0
118
0
11
0
19
0
11
0
0
0
50
1
839
184
0
0
1
43
44
0
0
0
2
1064
2
0
0
1
16
0
0
0
0
1
1
0
5
0
10985
6
12718
0
0
0
0
8204
0
0
0
0
0
0
41
394
0
3982
0
0
0
1
29
0
0
0
0
13
551
2
0
0
0
9
0
0
0
0
1035
2949
0
2710
4958
11
49
165
0
0
0
0
76
23
2
1
0
2
4
25
1
361
0
481
0
2
243
158
0
1217
2900
4
14955
3249
3
0
24
11792
0
214
7
0
0
213
18
0
5
231
1
0
0
7
4
36
0
0
9
3
1
0
0
11
1
2
1035
50
0
147
3
0
1
235
548
0
595
12
1
0
0
0
52
6
0
1
31
0
155
0
0
0
1
3
0
1
0
250
6201
111
0
158
44
0
0
0
10
67
0
3353
53
577
0
0
0
1
45
0
0
0
0
0
75
0
0
102
0
11
0
20
15
1070
0
7
0
30
27
227
424
0
0
1
56
76
0
0
0
3
1811
1
0
0
0
34
0
0
0
0
1
1
1
2
75
16984
4
9225
17
1172
0
0
169
51
0
0
0
0
0
2
39
0
1505
0
0
0
0
5
0
0
0
0
8
970
1
0
75
0
111
31
0
0
0
5
862
0
2611
10
107
125
9
0
0
1
85
0
0
0
0
1
2
36
1
274
0
578
0
2
117
1074
0
4024
3427
3
0
2
5
115
0
9
0
11
25
7
0
0
56
8
0
11
363
2
0
0
3
7
35
0
0
2
1035
230
0
1
173
21
0
1
7
0
244
3
0
1
4
0
0
1
23
0
1
0
80
0
328
0
0
0
0
3
0
1
1035
537
4
0
0
78
41
0
0
0
1
37
0
106
18
71
53
0
0
0
1
50
0
0
0
1
0
68
0
0
55
0
622
3
16
20
20
0
12
0
2
2
112
818
0
0
1
38
62
0
0
0
4
1703
1
0
0
0
20
0
0
0
0
1
1612
1023
674
0
10379
2
92
9
0
0
1
36
1
1
1
0
0
0
2
17
0
13
120
73
0
0
0
0
1
0
0
0
1612
3758
516
3
1
0
1
29
2
0
0
0
2
761
0
2255
141
4
3
15
0
0
0
40
0
0
0
1
0
2
21
1
3819
76
1403
0
3
7
38
6159
782
0
0
4
0
5
589
0
0
0
0
2
0
6
2
0
0
0
7
1
0
63
2697
19
5104
17295
19
0
3578
19
0
5
6
4633
0
0
0
29
72
108
2
41
1
0
5
145
1
0
0
2
0
0
0
0
1
0
509
1528
19216
618
14
12
3309
178
0
35
3
0
3
1
336
1
0
12
0
2
17
2
57
2794
1
15
15
1
3
0
0
0
6935
10
6030
10
0
5
221
0
7
283
86
28
13
0
73
0
2
96
0
354
1
2
5533
28
37
0
0
0
0
0
24
390
160
1
12633
20
213
0
48
150
0
0
0
13
21
3
0
2
0
893
703
0
90
181
223
6
14
0
0
24
4
0
444
415
52
415
279
13
5
84
125
78
59
485
2
23
272
28
1
45
959
0
0
0
19404
6116
16
144
9
0
1901
344
0
1
1
0
621
12
0
12611
241
10
2
2
0
2
247
1
3
0
0
1528
781
76
13384
1
0
0
0
129
57
24
0
0
0
144
15
0
9985
20638
68
2
7195
34
0
3
11109
2
0
1
43
324
0
2
954
0
0
0
8610
13
2636
111
2
19
32
0
9
12
51
4
7712
18521
246
6
73
79
53
1
5
1
1132
0
0
0
3
36
0
0
5
2
4
7
0
0
2
0
2
1
14
0
0
0
32423
0
12031
435
2
0
18
0
0
77
0
1
1
0
0
1
0
642
0
5
4
1
575
1
1
0
78
17
0
2
3658
0
261
1196
1
0
368
940
2257
0
5
256
257
125
0
0
0
3
2975
2
18
2
1
11
0
2324
394
11
5203
178
0
171
11
1
4220
38
194
3
6
2
190
3
0
0
1075
85
8
1
62
30
26
0
7
36
2379
5
36
0
0
0
9039
110
1
8027
11
560
18977
32846
6410
14
9
4
23
0
1
43
3
15
60
15
2
13
2
13
2
15
3
8
0
32
2704
2
0
1
24
0
10
8
320
4639
92
3
4
1
0
0
0
4
789
0
0
800
5294
32
0
0
0
0
3
15
0
1
0
0
117
0
9
0
30
10
6
5
6800
0
0
3068
66
32
4461
8
0
137
766
0
4
2
0
5
2
1
13
76
10
2
13
60
0
2372
39
0
0
5
314
2
884
2562
0
0
0
4
4
2
2086
0
163
7
2
39
0
4
1
6767
0
0
6
16
17730
236
47
0
3
0
0
0
261
4842
26
5919
1056
32
0
8
1
0
456
3
899
3
0
2
262
29
0
0
0
0
0
0
0
7
9422
0
18
0
10116
108
39058
12
2135
57
406
2332
36
0
0
0
2867
101
79
0
2
0
1294
1
192
0
1946
17
1
0
0
0
464
161
0
4
0
4
13705
23
16
160
0
1
642
121
0
7
70
12396
369
46
0
64
322
1
0
0
8
0
3
1
0
14
5
67
1043
0
3
1
11640
4810
2341
76
166
8
1
3
0
0
0
1921
7
0
0
0
3799
649
27
425
541
0
0
193
0
3
0
0
0
292
8461
3
12936
0
5
1037
25
0
5122
39
1
43
2121
7
0
165
1
0
0
116
151
0
142
0
1
5
1
0
2
1
5
16
0
292
15344
17893
8
118
0
20
4
25
1
73
37
4
1
7889
3230
171
11
4
54
1
1
0
0
19
0
0
0
0
0
0
1
173
9301
791
1
159
211
1
10
0
7221
558
10
17
0
1
182
190
0
434
17
0
444
0
134
5
0
57
96
30
1
2
11
0
161
3138
32
2201
0
0
1
1650
0
0
265
7
2903
12
11
1
0
9
9
2628
0
9
0
0
0
10
7
90
1
10
1
25
4327
65
40
34
664
0
85
1
2
2
11
1
9
7
0
1
63
0
0
0
5
1
0
2
2
220
9
0
0
3
3
1
6
0
0
1386
7090
3
2
0
4919
2
0
3
17
0
1
0
56
0
3
1
0
4
518
340
6
219
0
0
0
8
0
0
19053
0
1
1078
17
4
4
39
16
0
107
2
765
82
0
57
0
1
1
0
2
27
144
2
0
0
27
0
2
0
1
999
5428
0
653
0
1
116
2
10
418
102
1
0
71
3
21
0
12
0
0
1
1
0
0
0
19
2
2
100
6
1
0
0
34176
7
165
0
7
0
8
1
0
0
2
8
71
0
13
30
7
120
1
14
27
0
0
0
52
23
0
0
0
2893
55
0
2045
2
673
35
0
1730
10402
10485
358
48
82
1
1
1
236
0
1
5517
4
16
71
3
1
1
13
0
0
23
9
0
2
145
12859
645
104
1
1593
39
7
83
0
92
0
27
1
166
1
205
5
1
1081
1682
0
0
1
51
138
0
1
0
18
55
477
3
4480
3
16
1806
710
5
0
3
5
0
1
0
5
2
0
80
370
0
47
0
0
4
0
0
72
1377
0
1659
347
32
2
148
10527
2
23
3790
789
4
0
2
4
0
4
1
8
76
0
1
90
637
0
37
1
0
1
0
0
76
1717
0
1397
365
35
6
160
422
7
44
3594
958
4
0
2
5
0
6
2
5
64
1
1
106
686
0
40
1
0
3
0
0
57
1324
0
939
341
36
5104
188
926
13
45
12
1230
7
0
3
5
0
1
0
0
8
0
1
4
279
634
0
56
1
0
1
0
0
71
1816
0
752
140
19
9762
119
179
4
38
37
1058
4
0
1
1
0
5
1
2
10
0
0
2
196
1164
0
32
1
0
2
0
0
43
2250
169
678
566
34
1
113
328
15
32
58
1477
2
0
1
1
1
14
0
3
9
0
0
0
136
355
0
28
1
0
2
0
0
2720
130
76
638
1421
2
184
4383
8
35
6
1608
3
0
2
2
0
31
0
4
13
4
0
0
86
727
0
8
1
0
0
0
169
312
504
1
2821
536
46
1
147
1420
10
221
4
19381
32
1299
91
0
0
0
34
16
1193
1
0
7
1
0
48
0
9
6
32543
4
16081
149
2592
0
62
1
0
0
0
0
55
2155
0
4535
279
56
1
375
1660
6
31
4
838
0
0
1
2
166
0
1
406
2279
3
28072
109
3234
0
24
0
0
1
0
0
35
2327
0
6223
204
6
2
252
988
6
71
1
1079
2
0
1
1
176
0
163
11615
731
4976
76
2113
0
88
0
0
2
0
0
127
1233
0
7509
261
45
3
297
2094
5
57
5
572
1
0
0
1
50
0
29128
740
1044
257
0
5
1332
0
73
30
857
0
0
0
1
10
0
4
97
1
0
0
0
0
0
0
0
0
0
0
0
0
12885
7
323
0
2778
4
0
0
2220
212
3823
0
63
1
0
3
0
0
52
2051
0
6245
384
37
1
318
2652
5
56
21
444
0
14955
3249
3
0
20
0
0
202
14
0
0
0
543
223
5588
0
66
1
0
3
0
0
59
2000
0
5876
692
7
3
104
640
6
67
2569
764
6
0
1
5
803
1
5
15
0
0
17
68
395
0
40
0
0
1
0
0
129
3095
0
2053
4100
1
233
509
7
67
2569
764
6
0
1
5
31
12
20
0
28
0
0
2
17
3
249
39
3
126
158
5
10
0
0
0
0
0
0
2
15
163
11615
156
0
4311
61
1520
0
214
0
0
2
0
0
212
1587
0
6398
258
29
3
317
6520
2
59
13
462
2
0
0
1
0
14850
3439
840
27
126
6260
177
2351
0
127
0
0
1
0
0
228
2021
0
4336
249
31
3
263
4747
4
45
20
540
1
0
0
1
35768
59
0
1378
634
2
0
0
1366
208
1783
0
52
1
0
0
0
0
78
2804
0
3910
424
49
3
248
1515
6
41
9
951
0
14955
3249
3
247
0
8
0
511
9
12
0
0
0
704
0
56
52
551
1
0
0
0
75
42
0
0
39
1
1
14
3
512
195
15525
136
737
7
73
17
1099
7
0
1
4
34
6
30
1
17
0
0
7
117
501
0
45
0
0
1
0
0
104
1761
0
12859
9171
3
251
361
8
44
9
1157
2
0
2
1
76
2
3
11
0
0
4
207
387
0
17
1
0
1
0
0
73
2455
0
12859
290
16
1
376
367
10
39
14
1327
2
0
1
1
12
190
2
9
1
7
108
2
0
0
0
1
221
277
0
36
1
0
440
617
0
618
802
0
15786
324
44
1
274
1373
4
19
10
728
2
0
1
1
10
312
16
1
2
60
1
0
0
1
19
0
169
183
6
0
83
78
0
504
1025
0
10502
636
9
3
204
3651
4
0
2851
1569
0
7617
9
0
29
229
274
3
0
0
0
0
16644
3
689
4320
60
0
928
91
4421
0
24
0
0
0
0
0
68
1947
0
6555
949
17
1
292
0
0
4
0
147
81
36
16
832
3
0
0
11
0
66
12
523
3
0
1
1604
85
2350
0
43
1
0
3
0
0
73
1091
0
4669
444
33
3
202
0
0
684
13386
0
47
14
1119
7
0
2
5
235
3265
0
63
3
0
2
69
403
0
28
1
0
1
0
0
105
2035
0
819
224
37
5104
1336
1
49
3637
158
126
3043
1
48
596
0
4
403
620
9
0
0
1
0
11
0
13
1987
20
6
2
0
0
0
1
381
5302
0
418
0
0
13
0
0
230
1924
0
12609
642
17
2
223
0
0
0
0
0
19
3
1060
2
0
1
3
0
6
0
14
12528
12
46
9
363
2
209
400
101
0
0
33
0
0
0
0
0
1474
134
2616
0
77
0
0
1
0
0
85
2075
0
8624
182
606
10085
158
5
15
50
0
0
38
7
1137
6
0
2
1
18
1
12
1243
4
7
29
0
0
4
1
0
0
146
355
0
51
10562
10
4608
50
0
4012
1883
0
9156
669
71
1
271
3
0
3
0
1
27
3
1610
3
0
1
2
0
49
3
5
21
4
1
440
617
0
14
1
0
0
0
0
107
1716
0
10371
438
44
1
249
0
0
48
0
0
23
4
1044
2
0
1
2
0
474
67
163
11615
296
528
4251
91
1302
0
113
0
0
2
0
0
178
2779
0
6051
463
54
3
1381
0
36
3
448
1
0
0
1
544
3
11512
5
370
1283
3053
1204
13
10
0
14
2
18
1366
91
2035
0
41
1
0
0
0
0
46
2183
0
5107
511
65
3
1194
1
0
5
0
4
11
0
1
6800
1
0
22
9
0
0
22
0
42
3091
0
0
0
0
31
15
0
0
13
16
1
0
13
0
0
4263
890
21346
1
1
45
15
0
0
0
357
0
2
166
16
3
0
0
68
2
10
40
0
1007
0
1
0
3
0
0
0
706
34322
6
1711
10
0
0
34
0
5083
12
129
1
17
0
3
687
0
0
2
3
63
0
0
0
3542
49
34
0
0
701
0
1
16063
2
0
2471
24
7
408
0
0
0
929
27
15
0
0
0
0
0
3298
913
673
1
0
34
13899
81
1
0
33
2
1
0
440
617
0
14
1
0
0
0
0
107
1716
0
10371
438
44
1
249
3436
3
19
11
1084
2
0
670
77
1
0
0
0
1
0
444
288
3427
13
1404
119
1
15893
127
4198
0
50
2
0
0
0
0
73
4198
0
1205
969
126
42
1
296
1632
0
394
95
6
26
3566
5
21775
68
0
167
9
0
6
109
0
7068
563
0
56
1
0
0
0
0
67
2761
0
2561
82
20
1
218
569
8
49
5
1
14133
2060
29
0
305
1
1
14778
0
151
16
2273
14
0
660
305
0
0
86
279
1039
0
1627
131
2
0
4
0
390
2
0
33509
0
5122
14840
1256
1716
0
25
1
0
0
0
0
84
5738
0
5195
314
27
1
319
0
22
0
1
0
1631
2438
4
0
0
4016
2045
2
15
876
929
6
0
4
9200
0
15269
180
14
0
0
0
7
1
1
0
0
0
0
0
0
0
0
0
11
0
0
4
5104
0
37
13
1031
7
0
2
8428
1
17892
173
10
0
1
0
0
30
0
0
16
0
2
1
22
0
0
1
0
0
0
0
12885
2039
4
7553
218
30
2
0
517
1
20669
0
31
6378
491
1
0
1
36
0
88
0
0
3
0
0
3
0
0
0
0
0
444
288
3427
4637
2
1117
0
647
47
4
0
2
15517
0
48
1214
683
1
0
1
8
0
63
0
2
0
0
4
0
0
10
365
137
0
15259
0
15
583
224
0
8863
0
74
0
1
0
0
0
0
13
2
0
1
228
2
0
2
0
0
0
0
0
0
0
15600
0
4
74
10511
0
73
35
2225
75
17
0
0
600
0
783
0
0
0
4
181
4038
6
0
414
44
2
39
0
8
15873
49
3678
103
0
5
104
0
0
11
1
440
0
1763
3
118
301
4
0
19
130
821
120
45
21165
1
753
27
0
9
1
0
0
0
0
2887
9037
120
0
0
1501
1628
10
0
0
0
30
15
18
0
0
0
3402
8
0
1
0
24122
1
8
1
0
0
0
0
0
335
0
3877
6
0
1
0
193
0
363
0
5
0
1
13
29
1
25
2283
0
82
3
2
0
0
0
44
59
0
1
3147
21
153
368
2
27
1
1
0
0
0
24
0
0
0
0
785
423
0
0
37
7
0
892
1
0
2
2
0
0
434
0
1203
30
18140
2326
390
2313
0
129
28
0
0
0
0
14
63
0
439
0
0
0
3
438
0
1
1078
0
0
7
9
1
0
519
4311
57
6833
3
11
6
7
3
3
0
0
2
2
5
7
2
7
2
2680
0
887
1164
29
293
164
32
0
2
363
0
290
2
9
2
8307
4
6209
0
484
5649
23
387
188
0
3
0
2
106
1
3928
4
579
47
379
0
0
0
7
0
0
5
0
0
0
13
0
55
2
0
10377
199
32292
0
71
3080
89
2
0
3
0
1
638
0
0
0
0
0
1
2
0
2707
71
4602
0
0
0
2
1
28
2554
92
0
219
6586
6
20675
0
778
4668
16
11286
0
32
0
2
1
21
0
9
96
0
49
9
82
38
0
0
0
0
0
3566
7990
53
6737
0
59
1
0
55
0
1
0
0
0
1
0
0
2
0
1
0
12
0
0
13
0
1
0
0
0
1
0
14079
411
173
0
6
0
1
0
0
0
11
0
0
3
6885
0
1041
6108
12
461
0
0
0
14
3
1
17
1
1
18
1
0
15079
7
14483
0
671
723
1
199
83
1
0
7
26
0
432
2
0
4
9
0
0
6001
0
9
14659
516
94
223
12
5451
0
0
3566
426
31
8194
36
11875
0
0
49
93
0
4730
2
1
0
8
6
3
5
1
0
8
1
6
5
10
0
1
102
0
50
0
11
2032
1867
52
4787
0
547
4649
3
201
0
1563
44
436
367
15499
47
0
7
0
1
608
1
1730
0
0
8
13
0
0
99
0
6960
16
17
29
7
40
24
8
2232
0
467
7070
0
142
458
7
0
1
212
0
1
121
43
33
409
13
6
2517
30089
6
4
0
3566
3635
13
4893
18
11
10
0
47
151
0
6743
6
291
10665
0
0
0
994
0
10
0
1
59
2469
4928
0
0
0
175
0
263
444
288
3427
14350
0
376
7931
11
6431
2
0
0
0
0
1
2624
3
268
13
74
772
12245
59
2
0
0
0
406
0
695
266
1
14582
726
28567
26982
0
273
9382
11
3023
2
52
1
46
13
38
4
0
18
0
41
15
1
41
8
0
0
241
26
1
16
299
3
75
0
111
656
139
0
1
256
9
1
0
0
34
2
2
0
7
0
1878
304
1
0
0
0
8
2
2
0
60
0
845
0
302
517
1
79
150
0
9
348
9
0
0
65
0
0
0
1
0
40
0
5755
63
51
5
1
0
0
0
43
0
0
0
1
1035
418
0
0
352
0
4
0
11
0
6
0
18
0
3
3
0
0
0
0
1
35
36
2
0
0
2
936
1
0
0
1
1612
11
0
0
0
0
0
50
532
0
347
191
3
15271
0
0
0
1
35
0
0
0
0
0
0
1
12
0
207
0
0
0
0
8204
0
0
0
0
164
1286
2
1
0
0
28
0
0
0
0
0
307
0
11
0
14
0
0
0
0
0
45
18
1
330
848
1017
0
30
32
1404
16
0
2572
1431
1726
1
0
4
0
0
51
29
0
5
227
1
0
0
6
5
17
0
0
5
4
0
75
0
111
31
0
4
56
0
2
527
8
0
0
0
77
0
0
0
47
0
481
0
0
0
0
6
0
0
0
224
2
0
0
8204
0
0
0
0
34
366
0
131
94
960
0
0
0
1
29
0
0
0
0
0
65
0
0
86
0
2
0
0
1
20
28
567
1
22
230
1110
487
0
0
2
40
45
0
0
0
3
1638
1
0
0
0
10
0
0
0
0
1
1
1
4
0
1861
1556
2101
538
0
2
236
57
0
0
0
0
0
3
49
0
198
293
0
0
0
0
5
0
0
0
0
9
899
1
0
0
0
1612
11
0
0
0
38
1441
4
16
1
36
0
0
0
0
1
75
0
110
5
4
4212
6
147
834
26
1663
2
4
3849
3
116
6
1816
1
65
55
3360
0
84
0
210
0
0
209
194
832
150
27
24569
2
13832
331
591
0
0
50
21
0
0
0
6
5
19
28
9803
58
798
0
3
76
2676
10
0
1774
5663
1
0
5
0
0
92
16
0
13
383
2
0
0
3
12
168
0
0
2
2
1826
29
0
146
32
0
2
25
0
3
727
81
500
164
0
0
0
29
0
0
0
49
0
839
0
0
0
0
3
0
0
0
466
15
39
0
173
54
0
0
0
13
91
0
1426
311
39
0
0
0
1
42
0
0
0
0
0
62
0
0
72
0
2
0
622
259
23
0
14
1
36
2
110
556
0
0
1
38
80
0
0
0
4
1618
1
0
0
0
20
0
0
0
0
1
1
1
8580
54
1625
3525
8
0
0
0
147
70
1
1
0
0
0
4
28
0
115
63
0
0
0
0
1
0
0
0
0
9
697
1
180
295
0
140
65
0
0
0
5
803
0
28
0
89
0
0
0
0
1
118
0
4534
1722
0
156
1
0
0
0
0
42
0
1612
11
0
26
73
37
1
322
0
410
0
1
147
2434
2
0
1290
360
0
7110
1020
5
5
76
0
85
0
0
0
0
0
1
1612
11
0
138
451
2
0
1
42
10
28
0
0
5
3
0
0
0
5
0
0
1
9
0
644
19
4
0
0
0
4
2
1612
1023
75
0
335
0
0
0
2
38
2
1
0
345
3
0
2
8
0
1
1
2
0
5
0
867
522
37
0
0
0
0
1612
11
0
0
0
38
967
0
0
639
0
2
0
23
1
7
0
35
0
38
2
0
0
0
0
2
26
0
0
0
0
1
3421
2
0
33
0
52
62
0
0
0
0
0
7
60
0
1665
185
3
12274
0
0
0
1
62
0
0
0
0
0
0
0
15
75
4820
20
67
0
1
167
45
0
0
0
19
1008
3
1
0
0
70
0
0
0
1
0
263
0
15
0
11
0
0
0
1
1035
2949
0
13524
18
5
0
0
0
69
19
2
0
0
1
3
58
1
340
0
551
0
2
134
3459
5
0
1227
4482
0
0
0
75
0
111
31
0
28
488
2
0
0
119
22
25
0
0
67
3
0
0
0
20
1
0
1
8
0
2262
128
9
1281
1
0
75
0
111
31
0
4
209
0
1764
0
0
0
1
101
0
0
0
161
3
0
0
21
0
0
1
2
0
6
0
130
896
17
839
57
0
1
90
34
0
0
0
2
322
0
0
53
0
8
0
27
0
17
0
54
0
34
1
0
0
0
0
3
28
0
1612
11
0
26
1392
2
0
0
1
21
0
0
0
1
1
0
1
21
0
567
20
328
0
23
6
0
0
0
32
0
0
0
1612
11
0
26
196
0
12
29
31
0
0
0
2
23
0
0
1
1
3
617
2
1
0
0
1
0
0
0
1
0
263
0
7487
65
334
10
257
1845
1
122
2
7
103
3836
30
0
0
348
18
1
0
0
2
8
29
1
284
0
653
0
2
47
174
242
954
69
866
4
9834
0
2063
0
1
2283
283
2
0
64
0
0
16
39
0
11
141
1
1
1
688
0
1
1569
2
1
221
0
21636
3881
5
406
5
18220
79
2
0
10
2
681
2087
1854
0
41
8
4
0
4
0
2
7
621
1
4045
1
1
85
195
1
0
274
2319
5519
1
2
184
25
0
0
2977
13
2
2
359
49
16
13
24
11
35
2
9
1
0
24
0
0
0
0
4
14
0
12971
4
682
11
0
6
0
6
14
399
1
14230
41
11
5
0
0
0
0
0
113
0
0
2
0
3
4
50
93
1072
38
530
147
704
30
5
15
2296
16
3
39
0
2
0
0
0
1314
319
183
0
9325
364
25
1
0
25
27
14
0
0
0
59
63
2
6
5
0
14
1
0
1
3
0
0
0
620
0
1004
39
168
0
216
3
889
1517
0
3808
7
2
2
3
1
1844
6
2
0
169
13538
1
8
27
4
338
0
59
41
0
39
5
0
0
684
9
604
8
1352
70
352
8
1
59
82
58
452
22
41
14
0
38952
2
0
0
2063
13642
28
0
0
29
14
14
0
0
0
2574
19
6
3
0
0
0
1140
473
2
0
121
45
1
2
6
2
21293
59
1
0
16
686
0
2402
36
3
5195
457
0
95
14
21
0
0
0
4
0
0
0
2
0
0
0
3
378
2
427
98
1612
12198
9
167
29
0
0
1784
0
39
2
209
0
0
0
3249
55
23
30
0
0
0
837
4
5
0
3309
1
1524
0
96
13
185
0
0
116
648
0
280
1
3
0
0
0
0
3220
86
8196
3
593
478
14
9217
0
67
20
0
0
31
62
2
21
726
2
75
0
111
656
139
0
1
256
9
1
0
0
34
2
2
0
7
0
147
11
0
39
1
0
0
0
0
0
15
1
2
0
302
517
3300
0
3
0
0
78
79
0
2
868
3
0
2
38
1
0
1
1
0
5
0
135
160
547
0
0
0
0
4
0
1612
11
0
26
1057
0
0
274
0
0
0
13
0
4
0
18
0
58
2
0
0
0
0
3
25
0
0
1
1
0
949
1
180
295
0
140
65
0
0
0
0
0
7
128
0
34886
0
976
2
0
0
0
66
0
0
0
0
0
0
0
12
0
149
852
839
57
0
1
90
34
0
0
0
4
616
2
1
0
0
31
0
0
0
1
0
448
0
3314
855
2465
108
556
1171
2
2225
2184
27656
24
465
1
1
1827
682
1
3
2644
117
16
759
393
0
35
5591
901
61
241
0
0
171
14
0
0
0
3
11
20
1
366
848
1017
0
30
32
1404
16
0
2572
599
18
156
5
0
0
6
0
0
47
28
0
4
247
1
0
0
4
7
31
0
0
3
1035
230
0
1
173
21
0
1
7
0
641
78
79
1
0
0
1
23
0
1
0
87
0
362
0
0
0
1
3
0
1
0
466
15
39
0
173
54
0
0
0
13
91
0
94
77
37
110
0
0
0
1
39
0
0
0
0
0
54
0
0
54
0
0
11
1050
354
34
0
13
0
22
5
995
940
0
0
3
41
58
0
0
0
7
1978
1
0
0
0
24
0
0
0
0
1
1
1035
1371
0
637
36
35
957
11
207
0
0
0
0
47
25
2
2
0
0
0
2
16
0
74
539
0
0
0
0
2
0
0
1612
11
128
693
2
1
0
1
35
0
1
2
0
1
289
0
15
1
3
0
0
0
1
0
86
0
5463
3
957
0
0
134
5285
176
0
157
40
0
0
0
9
29
51
1
296
0
596
0
2
279
6
5925
11
23830
81
358
7
0
7
13
0
3920
7
0
3690
31
0
18
4837
57
116
16
0
4
0
27
12
3
138
2732
1
38
1
0
110
198
0
0
520
0
0
0
0
877
0
115
11088
21608
8435
10
0
440
4
63
1
19
0
0
969
1408
879
9
0
0
47
0
0
2
335
4
123
0
5
0
42
107
1
0
7283
34
1086
44
47
1
0
1
277
0
231
0
6
1
2
1088
4
0
4
4
9
0
0
1
0
4
4
115
0
3
0
0
6317
121
9405
14
745
0
0
690
0
959
13
3
1
1259
1
0
0
8
3
756
173
2
1
9
27
254
0
68
0
0
0
4
314
6
13
0
0
5267
0
184
43
1
0
0
0
600
2745
1360
0
0
0
1358
64
1
0
16
133
0
1
3
0
407
7
1
17792
2
12289
28
32
26
323
184
3
0
18
0
6
1325
0
2
5
19
1
42
1
0
814
1
0
13
0
47
0
476
3142
18
11933
186
50
201
2
1250
0
234
155
670
0
2325
0
9
2
0
86
95
5
1
6268
103
0
1
177
314
1261
18
0
0
5
7
433
18103
54
0
409
1
0
418
2
118
0
50
289
10
9
0
296
109
0
1
0
178
4012
0
2
10
0
0
4
6
0
0
320
940
1
78
2245
4479
30
0
0
0
1
0
168
2657
0
369
13
29
11
147
5
0
29
0
25
270
3508
0
121
33
326
56
185
2233
1344
347
678
122
165
25
82
4
0
30
126
17
3
7
0
3
42
780
2
167
5
1219
3
237
24
87
264
0
2
7
994
50
8
3793
2302
2
37
0
209
8
1
4
0
273
110
0
1042
9
0
1
267
30
124
4
62
96
120
0
81
0
560
40
274
2540
0
3467
0
9
0
63
911
227
330
0
0
199
16
2
2303
0
0
348
5
9245
37
0
0
8
9
0
0
22
41
0
960
2
4
256
311
9516
4745
100
1
0
15
5281
0
113
0
0
297
0
0
0
33
6019
0
6
0
70
31
1
3
0
5
0
320
171
0
173
2
201
87
1000
0
0
616
0
0
11
0
239
4600
15
4798
0
37
26080
127
4
324
3
0
2957
1843
99
29
0
87
7580
33
448
7861
1
30
385
2
52
2283
74
31
83
160
0
11
0
21
11
1495
96
2
65
2
3234
0
2
107
0
55
1
4238
59
5
1
0
150
11609
0
0
5142
0
219
0
0
0
0
0
0
0
14
0
1
0
3
110
0
4
1
35
0
0
9
38756
24
379
11
20
1
3
11515
4
87
2
6
4
0
53
1504
0
64
127
54
21
1
11
5
0
65
25
210
0
11
0
0
6923
208
58
55
2
40
983
0
0
7
22
0
4
190
3
5
24
4
7180
6
0
1
0
634
279
0
7
0
35
201
1151
7
10933
38362
0
76
9
1523
0
1
15
0
0
0
0
0
1
0
0
0
0
0
1641
0
0
0
0
0
0
0
7
606
298
0
0
91
6871
5101
495
0
0
22
0
54
42
14
0
0
0
267
9251
44
3
0
18
1
0
0
0
0
13
73
17
0
22
0
329
148
8
148
7
13930
0
1
38
2
724
1
7
0
12
0
0
4520
52
33
791
62
24
99
0
246
1
1
183
0
296
0
192
0
1405
1752
0
1198
17
69
0
19
70
6261
111
206
1
57
3
0
0
0
0
9
158
0
44
5
0
0
0
1207
392
1
48
1603
0
247
0
3
2
33
6657
53
162
2345
5
24
201
1
0
664
0
0
754
1988
4
19674
142
16
1
14
2
0
1
858
2622
0
11155
2477
6227
0
0
1626
1078
13
20103
835
565
6
3
1
0
0
0
33
2365
24
3320
18
10080
390
0
2
0
845
10
14
28
26691
10
18977
0
518
9540
34
1
572
0
118
4724
8
42
0
0
2
65
0
53
7
14775
3
6390
7
0
0
345
0
2570
90
169
64
351
111
1
84
560
0
0
0
3
0
0
0
0
0
2
2
0
0
0
0
0
0
0
0
3
0
0
0
2
8
169
210
508
0
33
324
39
0
0
0
0
0
0
23
0
0
0
0
0
0
8
0
0
0
0
0
3
7
0
0
0
0
117
19
110
134
413
1417
0
7
0
8
0
1
0
0
0
0
8
0
0
0
0
0
0
19
0
0
0
0
0
1
7
0
440
617
0
71
11244
2
0
0
0
0
4
73
0
0
0
0
0
0
9
0
0
0
0
0
4
7
0
0
0
0
0
0
1328
305
21051
0
400
513
1
425
168
1666
23422
8614
194
2
0
0
1
4120
0
6074
1
13
2
179
0
36
10
13
14
0
0
266
28
36489
286
610
29
195
5212
11
119
41
416
200
195
276
18
2096
333
9020
49
0
8187
0
656
3148
11
80
5
4
0
4
0
3
12513
0
9
3
1
2
3
3
0
11
11
7
3
4
8
3
0
0
9
0
2
8
2806
0
787
1037
55
5834
6180
279
883
4
117
1359
208
30068
37
752
89
0
4
240
0
3972
0
0
0
1
51
0
26
8
1
0
0
0
3
0
14
0
0
0
106
0
226
18728
0
205
7337
4
313
463
0
101
3606
109
21
4
0
0
0
12
212
1
0
0
0
0
5
392
0
2
0
2
429
0
912
34
12365
150
7
0
0
73
29
0
7
547
1
0
0
5
7
33
0
0
6
3
1
0
0
8
1
2
1
10
0
2370
2270
530
659
10
0
1
115
11
0
2
27
0
2025
0
0
0
1
4
0
0
0
269
2
0
1
21
0
0
1
2
0
5
75
18230
111
845
1
21
0
1
160
49
0
0
0
2
295
0
0
63
0
7
0
16
1
4
0
14
0
19
3
0
0
0
75
0
111
31
0
0
0
5
1502
2
0
0
0
74
0
0
0
0
0
1
0
932
0
994
0
154
0
122
0
48
2
0
75
0
111
31
0
0
0
53
1637
1
1
0
0
117
0
0
0
0
0
399
0
2351
3134
8
0
1
9
2
5
0
0
0
1612
11
0
0
0
38
98
40
1
286
0
456
0
2
282
7
5710
142
0
5
0
7
21
1
94
4
4
13
0
1
29
0
355
20
6178
2968
0
5
4
145
2
2
123
120
1
12
0
580
322
0
1
0
895
106
1
0
0
1
3
0
3
89
0
0
16964
13
395
20
0
5598
3112
8
4
15001
0
3
4493
4
4
3
2
1
3
399
13
1
1
0
1
0
1
9
3
1
51
0
12859
6398
57
1
7
0
0
33
1826
2
0
0
32
3
0
39
0
0
184
4
1426
0
6
0
11
9
0
0
3
0
8
267
408
57
33
135
15
8
5410
0
0
16
6
5
0
369
0
60
38
1
1
0
0
51
9307
1
13
0
34
2
265
158
10
29
20283
6
0
502
2
188
0
1
0
0
19
402
1
200
0
0
5
43
0
1
0
0
1
0
2
4
0
1274
1
0
0
18
160
334
4398
2011
19
0
38
42
320
2678
38
0
10
0
1
0
0
102
221
204
34
3
4
0
24
2
0
1
3
0
8
0
38
33
17
5
23
11
0
154
1
0
15
3
29
1
44
7
10
8
0
46
1
117
0
1
1970
57
4
3
4110
35
1
1
440
595
1
8
1
0
2
3676
23
3
1
0
0
8378
48
0
1
0
8
2
85
0
1
1
0
3
136
1
1
0
2
2
12859
8938
12
1
4
0
39
0
0
0
0
0
409
1
18
7689
10
0
1
0
34
7
3
1
15
1
2
67
588
0
297
0
766
358
438
24
1
1
1
0
0
0
5
1
13
70
5
1
2134
0
23
0
59
0
0
66
1
3525
0
0
0
0
320
0
3274
181
0
69
0
2
141
0
8632
82
9
0
0
1
1
33
2
1
1127
0
0
77
0
1
42
3
13
15
57
25
1
2
4220
101
10972
1117
0
1
133
0
23
2
6
2
4
0
0
0
1
1
14192
1156
2
1
3
15
51
0
0
0
0
0
0
0
5090
8303
45
7
15
74
53
5
1
0
0
1
84
805
9
0
0
1032
0
38
4
36
23
0
16
204
33
1
0
95
3
2
12930
28
2
11
31
74
0
3602
0
0
664
0
44
4
0
43
10
28
12728
9
0
2
0
0
0
472
4720
0
0
14
24
1
0
1810
882
15
0
680
707
2
0
26
5789
156
1
0
0
0
0
0
12
8460
67
0
3
866
0
0
206
0
0
0
22
227
1614
12
22131
2
616
0
34
425
143
33
18
921
26
9
13
14951
91
1871
0
0
0
15
1276
0
8
1003
9
1
0
0
0
0
440
595
1
8
433
32
25
75
0
3016
386
46
2
0
2
0
2
0
112
0
1
3946
0
1
1
0
1
8
0
1
0
366
36365
102
141
0
1
2
0
83
8
1
3
3
0
16
2
73
0
2
16
1
15633
10
2
8
4137
0
0
383
0
0
0
7
18707
4
576
49
8
5
3
0
1226
0
0
88
63
1
25
2
0
0
213
3413
20
8
18
41
24
0
146
344
0
0
18
67
320
343
1
589
2
31
36
414
38
0
147
1
1
8
0
9
15
0
2181
0
2
7
48
0
0
10
3
269
0
0
0
4
38
43
213
1848
3
64
4
75
55
1725
299
75
234
0
12
6
0
143
0
0
0
0
31
39
526
158
11
29618
224
3
5
18
9609
21
560
1968
788
3
8
3484
6
3378
590
1
10
33
1
116
2
29
436
268
0
12
82
4
18
0
0
0
4
47
348
0
17129
3
540
0
39
369
355
28
1
781
1
154
1119
0
523
7
4928
31
0
3
507
114
1
5
1
0
894
24
1
2482
0
0
169
17840
326
0
5
346
76
0
5
14075
5
5
2686
159
13
0
47
42
10
0
0
11
0
3
0
0
44
0
0
0
6926
0
3274
1030
57
0
12
982
30127
55
26
2969
3
7
0
23
0
0
0
0
0
211
0
1
0
1
8
6
1
2
0
0
0
0
314
85
28
0
572
82
0
0
2
23
2
0
51
0
0
41
0
0
1
0
124
16531
150
1
0
11
5
16
39
170
0
1
3274
6490
33
12
789
0
0
31
4321
22
0
4
0
496
3
0
0
3
0
26
1
0
5
1
3
166
19
0
2
0
1
0
11315
25
2
0
0
132
1010
285
2
6
5438
73
217
7
0
2
234
22
19
0
4
12
8
1
2
0
2
5
0
0
24
20
47358
3
0
301
454
8
2
9
0
2
4
1068
1
2
0
65
2
0
6
42
12
4
9
16
3
19
11
10
3
12
0
1
2095
48
12
1
0
105
1
15
0
4
0
1
5
14
47
0
6
3846
0
37
1
3
0
2
0
0
0
2
0
0
0
0
15491
3
52
0
7
0
1
7
24
63
5808
0
0
14
0
1300
0
8
1
128
0
0
65
0
1
0
1
2
0
0
1
50
638
8700
2
1
1123
0
33
1
0
276
2
0
24
0
284
19
56
3
0
139
1
0
3
0
0
34
5
0
1
12
211
0
87
1103
16
0
9
28
2
1
9
12
0
0
0
2
26
0
2
0
1
3
9
6
82
0
0
1
0
3
0
0
0
67
38
4
168
3
707
3
0
8
5
0
346
3
989
0
35
1
4
24
7
1
4
8
3
0
1
4
0
107
96
15
0
4
38
2111
341
14
0
5039
11960
8
6
1
106
28
0
62
3
1
0
0
1
34
0
325
6
5
4
37
0
6
0
0
0
0
404
948
199
6
7
9
65
76
6
2
1563
9
4
1
27
67
64
13
0
134
1
6
0
5
0
0
321
0
0
7
49
3740
12982
12124
0
168
147
0
0
140
196
433
0
32
0
0
798
0
0
0
0
0
1
0
45
4
1
4
2
0
36
0
0
638
34
133
0
12998
8357
0
455
0
0
99
0
0
0
13
0
24
0
1
4
0
13
0
2
3
0
19
1
10
0
1059
2
26
187
5178
3
26
19
21
0
3
2
17
108
0
3
2
14
0
69
1
647
0
7
0
0
97
7
6
11
127
111
3
0
24
147
757
2
6250
7
154
0
4
1202
0
645
0
0
1
1630
9
0
0
0
27
3
0
382
0
1561
0
22
35
22
3
669
0
30682
979
185
8
0
56
2
30
20
2
12
3
0
0
0
89
0
0
0
2
0
90
1
0
117
60
0
17
10
0
13
24
355
8946
0
14
6
17
0
1938
6
1525
472
137
1608
1
13
3
1
3
327
2
19
0
1
21
12
2
3
54
0
24
0
0
18684
21
504
1
1218
3
0
2612
12
9
2
0
0
0
0
987
1
86
23
0
0
323
2
1
7
8
21
1
8
0
14
0
4298
17
77
24
8
101
0
2
3
0
1
399
35
90
0
0
798
6158
6
0
13
15436
3
5
29
0
0
0
302
0
181
0
12859
3915
156
0
5
12
8
0
82
7
1860
0
79
0
4
5
5
0
0
58
0
1034
59
1
17
662
12
1
0
1
0
4
13288
1260
1184
0
500
0
0
222
0
2
11
30
0
0
35
0
0
11
5
980
0
0
9934
271
0
0
69
0
0
2
1
89
19516
10
157
0
840
5
0
671
8
0
0
350
1
10
0
28
5
4
0
122
23
0
4018
1921
1
0
0
5
4
60
0
324
39184
0
1
9
285
98
76
85
2
76
0
168
2
2
2
1
0
25
10123
1299
0
0
565
2
2
0
0
0
0
2
379
2549
2227
7
2
551
151
2
135
0
7
0
0
0
2
163
5
11
0
81
0
2
0
0
0
12
0
533
1
69
6
144
0
146
69
5245
18
4565
14
299
493
5
2
4596
0
32
19
34
778
212
0
1
104
0
0
0
5
1387
5
114
0
0
0
0
0
48
12814
3421
0
37
5
979
4
16689
0
0
6
22
0
0
0
5
137
26
0
0
1
0
0
0
564
11
0
1279
0
12362
0
0
5104
6
190
0
1030
53
1
4
521
196
61
1413
0
26
0
0
0
3
0
47
4
1644
5
0
304
1
61
13941
26
11
599
21
10719
6965
6
167
0
0
1
82
2480
2406
2
9
32
0
34
1
4814
8
0
11
0
2
1
2202
0
1
1
0
143
15
1
0
67
4551
2071
20991
0
0
0
0
4
169
1
28
0
4
7
35
3
3
180
252
2
0
537
0
1
0
59
0
0
0
520
281
5104
719
0
0
217
9
13
0
88
106
43
0
29
4
1
1
980
0
0
3
0
0
1171
5463
1093
10
2402
0
356
3
11
0
11658
1208
34
154
30
121
98
997
5
0
0
0
0
0
43
0
32755
391
7
58
35
75
3
35
8
342
871
6490
1
1
1
64
46204
3
67
68
0
4
5483
2
6
0
660
10
0
2969
0
0
8
1
16
1
1128
1
0
56
0
4
0
2
0
2
0
0
8253
815
7
2564
138
2
240
0
70
3
14
25773
25
14
0
422
0
4
133
27
7
364
2
12
2
0
3
0
1
3
2
15
1060
51
1894
1
9
0
0
156
189
5
26
34
19
2
6
2848
1
0
0
1239
4318
4
0
10
672
5
1
1
0
349
3
200
3775
92
1215
0
13
25
3
3
0
21
19
12
3
4
57
1
0
0
2
57
5
0
0
0
21
1
6
3
69
0
4
923
1621
5
19
25895
213
111
0
0
517
159
688
0
0
0
225
1
0
0
0
1
126
0
24
3
12
745
22
3
4
0
0
1
11845
4
12
306
83
0
4
2
2
87
1
6
0
256
1
12
27
249
17
94
24
101
0
172
0
22
4
389
1
0
6
0
17129
0
30
29
6
6
12
3393
0
85
314
0
0
0
118
0
8210
3006
333
1
1224
0
0
3
1
77
9
5
216
34
0
218
11569
237
42
127
105
2
3191
0
3081
80
1
1
2
205
1117
3
11
3
0
96
1
6
154
0
74
0
1
643
0
0
16
5
13916
653
8
7
18
25
544
2
0
4
151
2
0
359
17
834
1
0
0
2
131
0
54
0
0
0
0
7
0
0
6
3
4191
12216
1
0
14889
659
2
2
26
50
45
0
0
0
62
2
0
82
3
0
0
1052
6322
1
45
1798
88
65
0
0
0
46
20622
0
15
29
11
92
0
18
0
0
0
0
0
10363
72
15
6
0
1
24
0
0
0
2
2
2
7
1
0
0
0
0
13358
5
54
0
0
1
0
0
10
0
377
2
0
0
26
35
1218
0
1683
30
0
1
6003
70
0
6
3228
383
50
0
0
0
10761
0
267
6
41
3
3
2
9
57
973
145
0
0
0
231
2034
0
6
16
0
129
0
10
13263
696
3
5
2
34
7640
277
1887
40
2076
8
1
794
17
1
0
5
8
3
1
1189
52
13
0
0
2
50
0
94
81
13
0
0
20
1
1
0
3676
329
1887
40
8
8
145
0
1263
4
13
28
0
296
0
4
33
7
13
2
0
19
41
232
22
0
49
1
179
29
1
0
187
0
4200
278
1024
44
1
54
0
60
17
227
0
0
7
13
1
163
956
0
0
2
2271
8381
167
3
4
2225
0
0
0
0
8
1
603
107
16
0
129
272
15
3
7
2
0
3
1
1
11
0
224
1
0
0
0
2
0
17
3
0
0
2
0
0
0
201
19911
0
23
108
0
3
1
24
1
1
0
0
0
93
9
1
0
6
121
1
0
0
818
0
35
0
10
6
0
29
20
442
21913
24
37
283
4
152
2
143
0
1
18
127
1
10400
98
1
4
29625
60
0
0
0
664
0
2
6
0
0
0
601
289
0
440
595
1
8
17773
1
272
4
10
0
0
0
17
1
49
7
27
162
1
1
31
0
71
5
2
42
0
11
0
2
1
7
6
25
1
13
23
309
0
370
0
0
18
0
0
2391
2
6
2
0
1
0
410
0
0
0
388
0
0
11
100
0
1
730
10895
0
81
4
33
111
26
195
3
2
28
2
1357
0
11
11
1
1
0
0
3
10
1
2
0
95
170
0
0
149
225
0
12532
10923
368
23
5
40
1
0
20
263
341
0
0
0
25
46
0
1
231
0
817
0
0
25
12
0
15
1068
294
0
0
7
603
190
4341
0
346
0
7
3
1
6
0
1
5
72
0
1
179
20
148
0
1
150
332
15
0
0
13
2
7
0
205
46
4191
92
97
1820
43
4
13
2
0
2
64
12
0
5
17
10
4
19
0
721
2556
6
0
242
0
0
4
2
38
0
149
879
147
9678
14
57
77
5
9
126
5
0
0
41
42
26
1
2776
11
5
1
0
2
1
97
12
0
101
0
6
1
2
0
31
160
679
0
24
217
0
120
131
5
327
758
5887
3642
3
1
2
265
0
17
0
95
1
0
1
1252
0
467
0
411
2563
7
0
4220
199
1
0
0
0
1028
3939
0
2
30
3
0
2
984
7
15
0
1
1
5
1
17
23
114
183
11
15
0
3
3
1
1420
9466
7966
3440
2
0
235
2
12
0
9351
1
0
1
0
51
0
105
828
122
3
5
1
2400
244
9
12
0
34
40
38
4
18437
4
0
2977
6052
37
1
0
1
0
32
66
13
20
271
0
6
0
386
0
0
1
14
30
0
2
0
1322
2690
2
0
0
320
8025
624
251
4
933
2
1
5
0
0
524
1917
0
1
9
2
1
0
0
2
64
715
3
2
23
0
3
110
84
0
2
12859
8335
36
3600
0
7
2
1
659
811
2032
0
1
437
0
1
8
43
91
11
10
2
129
0
6
0
0
9
0
201
992
1
12215
80
2458
1
2
4558
2
0
0
0
0
32
0
7
10
2
112
10
0
58
0
3
1268
4
3
0
202
1
0
0
19
1
4191
3134
2
0
220
0
0
49
6
0
124
16
272
81
6
957
0
2
305
0
56
0
0
280
55
0
0
0
1
3
34
7
87
519
1535
13
0
648
81
0
53
19
1
12539
595
0
0
80
706
46
1
0
7
21
1
194
1
44
6935
278
2
4
172
708
4286
186
1442
61
20
5
53
3
219
5138
0
15
3
0
5
1
0
0
627
394
0
20
2
0
0
359
0
47
19
62
0
2
6
143
4
599
0
9
0
160
0
4
382
10
2
60
1
316
47
3
0
46
67
2
2
1
0
0
1
1
0
411
6
0
160
1671
30
409
6
2
121
4
562
0
44
6
12509
751
1
0
2
4
0
0
0
104
0
2
12014
7
1
120
0
0
3720
2
4379
6934
21196
799
2
1
0
0
1440
0
274
0
19
0
0
166
0
0
0
75
5
0
5
2
1
0
4
533
1287
1615
0
0
62
79
65
591
1
7
0
5
1
0
0
9314
0
2
56
0
0
0
0
0
0
0
9731
1
0
0
1
1
800
188
0
0
5082
70
58
15
572
2335
2
12
2074
23
1
0
0
90
238
0
39
2
4
0
373
6
9
11
2
15
781
131
0
37
39
45
9406
1238
9401
1
594
17474
506
0
53
2
33
566
0
734
2921
0
5
0
4
1316
148
0
1
0
1436
46
5
0
15
5
0
4
6904
41
0
6
4
204
2
6
3708
0
3
128
0
298
2
6
542
0
0
3
309
0
5
5
26
0
2
6
5
70
0
0
4955
512
65
15
2
10
286
12
59
58
12
0
5882
221
0
0
280
1
1
0
0
0
5
18
6
0
1
0
7
4
0
1
26960
3
1618
1
79
4
0
6
27
4
107
0
86
0
7342
3089
28
0
0
1
238
0
3
0
0
334
0
159
0
7
0
4
509
1846
9
2220
16
193
27
6
0
108
108
0
1375
0
0
28
0
6
0
3
41
0
0
1
9
64
0
0
0
924
0
3
20885
451
35
92
1128
74
0
3
19
1
975
0
43
0
0
64
2
89
2
25
485
9
40
0
1
9
19
51
2
549
4
0
314
1548
2540
1
187
1
1
842
61
0
0
0
0
1
7
3
1
111
5
7499
114
0
2787
0
3
1
190
228
1
0
214
3
36473
308
5
8
0
11
1
19
0
6
2
9
30
9
20
305
1
1
0
0
0
3092
1
4
73
1
555
16
0
62
0
53
274
2
7091
31
1
2126
5
13
0
881
33
0
12
176
69
55
6
0
113
2
1
4
1
11
2
0
0
0
0
0
0
0
2045
2839
0
1475
4
0
0
1987
72
5
4
0
3485
0
0
2117
1284
147
10318
0
18
6773
9
1
0
3
0
0
33
0
0
0
274
1
958
246
667
5533
2
7267
0
21
0
1209
1
35
1188
13
7
0
54
0
966
0
190
23
624
74
0
7
465
299
10
20
262
72
256
1
5
91
237
0
45
1
68
210
7427
76
9
0
13
269
1794
0
1
1038
0
1
1429
0
17
40
0
0
17
0
38
119
325
0
1
26
8
0
368
349
1
5
163
114
8
2
0
24
0
0
0
9465
0
13616
7
0
8
22
2858
8
7
2073
3274
239
388
1
19
33
1281
2
1
27
0
0
913
2538
0
0
0
7
1
0
486
222
0
0
1
0
3
1528
4
13
0
4
638
3503
8
395
20
14
0
0
1
0
1235
82
73
908
0
1
1
8
11
21
5
0
33
1
0
16
0
0
356
8
0
0
9005
900
6
46
0
70
9
27
4083
17
1
1
20
1150
77
2537
8
1492
164
0
0
3
0
1
19
1
2140
15
1
0
0
0
811
110
10
9
2
85
0
98
1
68
29108
23
1
57
16975
6041
3
2
3618
0
0
0
0
960
339
0
0
0
382
0
0
1
1612
129
162
22
2
0
11795
1
22
0
11956
129
0
0
0
504
0
607
53
349
0
0
0
5994
826
135
0
1
29
8
3
2
5104
1669
117
0
524
293
2481
4
0
11
0
87
0
2
9
1094
0
5502
0
0
112
7
6
44
0
0
10
66
77
4
183
0
2357
107
26
0
220
153
0
83
2
283
68
2
1
0
2
8544
138
0
5
2460
67
9
5
0
25
0
0
0
12
3
5
0
22600
0
16649
7257
9
0
1
1
0
0
373
31146
3
0
240
0
0
2
1
9
0
1
937
5
0
1
12008
42
0
8
555
121
408
44
39
313
56
0
0
4768
24
13
9
3347
904
4
0
31
0
2
0
0
0
1283
6283
0
0
9
73
2
0
247
165
0
2493
1035
1031
104
1
1
77
2
0
1673
3
0
0
1
7
0
0
8
5
3
21
1
0
9
0
0
0
8
0
0
365
4
33
2
13
1
9086
552
2
1
53
2
2
0
2
72
0
0
43
34
933
1
0
0
106
49
2
239
0
0
21
1145
1
266
390
1940
461
1
1
225
3
0
0
29
66
0
0
0
1
0
0
0
2
7
0
0
189
0
0
0
1
1
0
0
6
247
3533
3790
17
0
81
197
4
2
125
54
1
8
237
1
0
2848
355
11
1
105
704
0
2
9
32
3
4
1
1
0
0
17
12356
74
258
0
12
116
13
20
15
158
0
532
0
62
0
12
1
3
0
4
2
1
175
0
0
0
0
0
1
32
0
1
20283
79
82
0
0
3903
0
57
6
0
0
103
1
0
2
15
0
932
74
0
0
1
9
2
26
0
109
2156
0
0
1
22
11108
935
1
3
0
0
35
9
0
16
1
52
0
5532
2
8
0
14
8
12
12
5
1
3
0
0
4
0
0
0
10
0
10089
761
6
19
21
1009
1
41
24
0
0
20
2
1
27
0
4
0
52
0
0
0
3
25
12
0
0
1
4
26
8
0
1060
456
382
0
0
0
0
7
360
21
0
1
390
2742
0
1035
3
140
0
0
15357
21
7
0
40
0
3
0
0
0
0
481
2459
44
466
1187
443
13
238
103
2
9
424
418
3
41
10
0
55
25
11
9
2
0
0
1
2
2
33
0
1
118
2
1
38
20778
1
1
50
0
2035
0
24
0
36
0
0
0
0
2
0
696
0
0
34
0
2
0
1
469
0
0
2
0
12
7
1709
173
1752
205
2
23
0
33
6
2
0
29
0
8
2
11
15
6
0
1
3
0
3
8
5
0
0
2
0
6
1
0
2357
24
8
2
0
160
57
665
358
127
0
1
1
0
3
70
697
0
2103
3
264
0
2
43
0
0
0
0
46
0
2353
1049
291
4451
2733
390
0
757
5
1
0
2
559
2
6
1
0
1
1
0
1
7
0
0
0
1
41
8
0
1
2
6
0
2
6944
2
670
0
5
535
0
40
2747
1
196
0
15
1
11724
11
2
0
0
3
1
272
0
74
32
7
33
0
0
4
1
0
5104
326
41
303
4805
3
1
1
6360
4502
2
35
5
144
2
14
1
0
16
0
4
535
96
0
0
14
36
0
5
2
22
0
28704
1
37
14
19
0
11074
6986
20
4
1
26
0
0
36
1
2
0
1
0
16
106
0
16
0
5
1
0
0
467
32
25
6805
0
3
315
0
5836
387
0
2
23
53
0
0
95
3
0
11
1
526
0
0
6615
1
18
0
215
0
1778
68
1
44
4
26958
297
9
249
5
6
1650
12
3
0
7928
1366
4
0
0
0
10
1
0
2
1
0
0
37
2
19
7
0
0
4161
0
0
9789
159
431
18
0
8
0
2045
1
1
0
2
0
1
128
0
2469
0
3
1
0
13
0
26
1
5
2
2
17
0
0
0
12590
13
0
23
173
0
169
3
0
28
0
0
85
1
194
0
16
0
0
2
0
0
7
0
33
5
5204
0
1
8
1
174
160
0
42
387
111
4
359
1
0
0
1
1
2
0
0
0
1790
637
3
10
78
3
12
0
2
6
0
0
288
391
14
81
1455
2275
416
170
2
0
6165
1
10
10
0
3
23
2
6
144
0
8
0
0
15
0
0
7245
2
1
1
1
51
3
0
6
595
1
25224
52
34
2224
252
0
11
113
1
1
30
0
0
6
8
98
0
30
0
1
0
6
0
4
3
0
18
0
63
0
1887
40
0
0
30
16
2
9
111
1
0
4507
256
8
1
130
860
0
2
9
34
4
4
1
1
0
0
17
619
2
0
0
12930
394
11
6
10
0
276
236
0
203
27
0
267
21
84
0
67
0
0
4
1
116
0
7
0
2
952
2
2
152
4
47
274
1
6
0
10473
3704
0
53
6
7
6816
68
3
0
3
0
2
3
0
0
31
37
1028
1
6
358
308
0
0
55
30
13
8068
10
203
2966
1
20
134
3
2
3
0
164
1
2
1
1
18
5
0
27
2
10
0
9
2
0
0
23
27
214
11
1
32867
316
565
1
0
0
25
11
126
0
2
10335
0
0
0
1
3
3
0
442
2
7
0
42
9
3
12
5
1
3
0
0
15757
17
10
0
75
0
24
45
0
0
53
2
7
0
20
5
102
0
4
0
370
164
0
0
0
0
0
0
270
5
0
1
12930
53
1
0
0
8
32
1
0
99
384
0
0
0
9
380
15
0
2
126
1924
0
2184
3
131
2
0
12823
23
7
0
41
374
644
1193
18
4
0
2073
573
3
3
0
31
0
254
76
2
3
36
807
2
62
5
0
104
22
8
15
2
0
0
1
2
169
1774
0
18
242
0
1
0
4
0
0
1
0
62
0
3
0
11
0
0
0
0
5
0
323
0
0
33
0
0
0
1
42835
1
5
48
1
18
36
0
19
278
378
2
13
0
44
4
2
0
47
0
7
1
12
24
4
0
1
2
0
3
8
8
5082
44
1
1
22
0
13
2
55
12
2
0
350
51
426
301
136
2
1
93
86
0
6
61
860
0
2768
2
163
0
1
27
320
41
16
0
1282
0
10604
2715
0
9
0
3
0
637
0
1
0
0
97
0
0
6
0
110
7
0
0
18
0
1
308
0
7927
13439
1
288
0
17
1
13352
21
2
0
0
4
1
270
0
141
21
9
47
0
0
3
0
0
0
5
0
0
4
0
2
4238
11190
9788
3
45
6
144
6
49
1
1
47
0
7494
966
40
0
0
7
71
0
6
1
22
0
69
0
21
9
4
0
6
7917
152
56
159
94
0
702
635
1
4
0
3
0
6
124
1
9
0
3
1
0
31
305
0
3878
880
1
35
4
321
1
13
7786
1
587
9
6
8015
25
4
0
45
1
49
0
5726
1673
1
1
2
16
18
1
0
1
0
1
302
0
5
0
18
6
0
9252
885
59
0
991
21
96
32
0
0
9016
0
10
0
78
2
14
3
15
0
0
533
0
31
9
0
300
0
33
74
6
0
2691
0
652
9
17
0
1
0
10
1336
47
43
91
0
3
81
1283
0
35
1886
0
1432
0
1
96
5209
9
414
13
20
0
483
6
5848
3967
45
886
9
2
2955
0
0
0
0
0
114
4
20
5450
1
5658
1800
14
1019
157
0
10
922
7
4
6
1
8
959
29678
0
0
93
13
0
482
142
0
0
1023
0
0
64
0
2
0
4
0
0
1124
0
3
4
66
571
38
470
4
0
37
10
27614
0
859
4
27
0
17
5
0
5
58
2197
0
2
1
0
6
0
123
2506
46
68
12
35
2
1
0
6879
2036
0
0
762
1621
5
19
5
1701
5
3573
0
148
0
2
0
0
695
41
119
0
119
14
0
0
27
0
0
487
92
1
4
1
0
73
12
603
8
4870
199
5
11
26
0
0
0
0
0
10
0
124
0
0
2032
404
2
40
54
4
6
0
2
10
0
0
0
1
0
5659
53
0
198
10
0
2
676
7
0
0
2
0
122
4827
169
0
19
63
0
0
1127
216
4
140
25
0
0
676
1
27
26
12859
1335
2
11
355
4587
203
0
9
0
129
0
7
2
0
29
227
0
0
17
0
31
0
1
0
0
137
37
0
0
2
1
33367
2
11
55
0
0
41
6444
96
50
0
1
3
5
3
4
5
0
7
0
0
0
7
129
124
1
0
0
0
1
22
486
44888
0
26619
30
0
333
12823
257
2
0
109
0
398
11
0
0
32
13
0
0
3
0
10
46
0
15
1
12
0
2
0
0
314
612
2
14962
666
2
17075
8015
0
2
0
3252
1355
19
20147
19
5
15
49
20
5
13606
0
18
2
23
1
0
65
4
1
0
40749
11202
124
5704
7151
5
8
0
345
379
0
5
0
31
1272
482
1
0
11
3379
58
1
0
0
14
0
2
0
0
5
566
5
0
91
6871
3213
2
2
0
17
0
15
42
0
0
0
10
0
845
53
922
2
0
0
1
0
556
1
0
0
0
0
1
0
15
81
15
0
0
6103
0
93
12
330
13
0
322
0
0
0
87
64
8427
17
8
0
27
14
3
0
0
0
584
0
3
0
1201
3
72
0
1314
10
0
237
0
1
0
0
0
8
32
0
2
672
314
0
94
3
0
0
254
1
0
1
0
0
0
0
1548
2
18
1937
38
0
3
2078
1
1
2122
233
0
0
2182
0
83
12
25
0
0
0
13
91
0
0
1
2
0
0
599
0
3274
27
542
5
0
10
794
3
2
7
7
853
0
1
31
8
157
2
0
0
0
0
1066
0
47
4
1
0
0
0
27
29
2994
18
0
2
841
52
0
460
7
0
3
2905
0
0
4
483
0
0
721
729
2
0
25
2
728
0
7
0
18
1
0
25
811
110
792
0
13759
0
59
607
1
1671
1
0
1
0
6
0
0
1
4
2
123
5812
10
1
3
0
11
15491
26
117
10
16
11999
7
529
0
11462
13
88
63
86
148
178
0
64
3
94
0
20
111
0
6
1
120
61
5
14404
32
0
228
44
67
8072
1
2720
130
76
318
214
5
3
43
1223
3946
1472
5
7
2
133
9
82
0
52
2177
17
0
2
0
0
60
3
19
0
0
0
0
147
61
58
5
66
78
3059
0
20
0
3299
13
0
4
5
0
262
0
0
0
0
8
1
0
25
237
1130
3
40
1352
0
287
147
163
4
3497
2
18
6
51
2
0
7
2
0
21
3671
38
112
0
1
3
3
3
79
1641
586
9
0
0
14
1
1
0
3566
13830
0
2
1
0
3
1
108
0
43
0
13
2
0
0
23
1
0
764
22
16
14
0
0
0
0
0
0
141
0
0
0
91
4869
0
681
0
2
6
67
7
1
10
0
0
1
0
0
6
0
24
0
938
45
2
0
0
0
0
307
2
2
0
390
44
98
227
24136
2
567
28
0
2
1124
4
0
48
32841
0
167
14
0
2
154
241
4
1
15
408
143
0
6
0
5
0
38
1130
3
0
79
2125
1759
0
206
0
255
16
2
0
43
471
276
0
9
0
3466
0
0
103
595
0
71
17
405
18
3
1
390
1109
0
8427
1
2
0
3
4
11
158
5
0
99
341
1
289
0
118
255
11
0
5
0
3
0
814
0
10624
7
2
30
9034
121
0
24
3681
3202
169
7894
1156
0
6
1
0
10
6
36
1
672
1306
28
0
135
7070
1
30
0
6
0
123
46
359
2
6
0
0
4109
16289
1
0
6546
0
0
0
395
218
0
77
0
0
0
1095
0
0
156
0
1
6
0
0
493
0
0
470
1
286
6949
0
201
1133
0
359
2094
0
0
0
1
0
0
2
0
0
0
0
0
8
0
0
0
0
0
0
0
65
10
2
0
0
1940
386
0
755
0
0
0
0
0
4613
0
2757
8
2
15
8
5
13
0
1
29
9
35
4
0
1161
468
1
458
8
0
412
6101
0
287
6172
33
3575
81
30
0
0
1
301
0
2
0
1
65
0
0
0
6
0
1
0
0
3
0
0
0
448
0
7553
13
2
5
7
1
3
1
0
6730
0
809
459
15
5308
16
122
0
0
3
173
0
0
0
10
479
0
0
0
168
0
0
2270
10826
4
674
7242
0
389
711
69
5163
20
14
1
0
0
1
218
0
0
0
3
0
20
6
0
0
965
19
1
12
496
2
75
0
111
656
139
0
1
256
9
1
0
0
34
2
2
0
7
0
741
66
2
0
0
0
9
1
2
0
70
0
584
0
302
517
1
79
150
0
9
348
9
0
0
65
0
0
0
1
0
40
0
7051
700
38
1
0
0
0
42
0
0
0
1
0
5503
0
179
240
0
5
0
0
3
13
0
0
0
48
1
0
2
0
0
0
40
63
0
0
0
7
980
1
0
0
2
24
1612
11
0
0
0
0
44
1493
0
2230
0
134
0
109
0
233
0
0
0
1
23
0
0
0
0
9
1383
5
1
0
0
2
1612
11
0
0
28
1380
0
4989
15064
20
102
0
0
1
72
0
0
0
1
0
1
37
1
241
0
706
0
2
58
86
0
569
69
9818
2
3
7
6982
2
4271
13204
0
182
58
1
0
4
20
3781
26
76
0
0
5
110
0
1
0
1
0
481
0
1
0
5104
0
34
87
274
82
4
2
5
67
0
3
3
1
37
1
31
76
0
0
0
20
2
1
397
1
1
62
5
1
2697
42
5564
684
4051
216
17
65
2
7
5
2
791
228
1
0
1
24
0
1
12
37
2
5
971
302
0
389
0
3
1
2
0
2202
931
39
27202
1
784
27
0
0
5
0
0
7258
2344
37
1
1
4
17
0
0
2
3
0
2
49
1
1
0
32
0
1
0
2931
7
25
34
4
0
23573
20
0
2
1
1
207
1
0
0
0
31
173
117
0
0
2
1
201
9
23
0
0
6
25
0
5104
60
53
250
260
5
0
0
270
268
0
6
0
0
0
668
1
0
3217
0
0
0
2
0
2
0
54
2
2
5
1
1
90
0
17
18601
169
0
3293
26
431
2
0
16
0
1
0
8
45
80
3
23
0
20
293
3
0
1938
14
15
0
0
0
157
147
6110
190
3
4
0
2
883
1
0
1812
0
0
616
1403
0
1832
27
0
3
1047
1
492
20
0
0
171
12
0
7
52
103
31860
20169
25
35
0
1708
18866
0
5
0
1072
0
7
52
0
9
0
0
386
0
114
15
0
52
0
1
1
2
2
27
0
9
509
868
0
1
11
694
16
373
1
11
0
0
441
199
227
3
11
10842
169
43
0
0
0
0
285
1
2
1
20
0
262
0
21957
157
29
0
22
1
138
779
1
70
909
5
145
0
7
0
1
0
283
0
0
1395
2
5
2
170
3187
0
26
108
0
1
390
337
133
4
37
2539
1411
3
0
0
0
0
0
19
0
5
3784
0
35
3
34
5
4
0
0
3
10
0
0
0
0
24
73
5
1
2078
0
4
507
773
23
21
10
69
5
2
0
1
0
0
21
0
0
0
37
119
3
22937
24
0
1
1
3
11
638
6879
12
225
0
0
1
1
0
0
922
1
28
35
1523
253
1
0
0
0
0
3
22
0
8
0
4
2
0
0
0
4
9806
166
0
15
399
9
205
0
1
0
4
0
10
0
27
8
1
2
4
0
0
12760
32
0
4
1
0
0
19
0
90
22
38
16
644
1098
0
17214
179
6
4
2
0
0
4
3
5
5
0
0
1
4
0
0
1
0
19
0
6
82
1
0
5
1335
3825
207
243
4
46
15
0
1412
14
0
8410
0
480
37
27116
1075
2
0
1
4
7
17
2007
126
0
3
2
55
46
0
4
6
160
0
3
1562
0
0
197
4
3
17
420
0
56
185
784
7204
16
6
0
0
0
171
0
11
8
5
9
11
1790
9
1367
1
4220
3100
35
1
9
597
2
3289
2789
260
0
1
2
0
0
1749
9894
21
3
0
1550
5
0
6
0
0
0
1173
0
13
7
0
8294
72
0
953
5
0
1632
1
0
57
2
0
136
0
0
0
19244
24
30
0
0
48
0
5
12
0
0
1
1
0
223
1
41581
14091
52
258
218
7
1350
19
0
51
1197
6
5
2
0
70
0
78
25
6
0
0
0
4141
315
0
11
0
0
19
467
42
0
91
6148
858
10
61
75
0
0
5
52
0
0
29
0
0
397
3
0
0
0
0
0
6
0
21
9
2
0
0
1
0
100
5033
1213
453
80
1542
52
2
48
0
20
75
96
60
158
3
23
346
5
0
0
2448
1
1564
9
0
6
14776
3
6
0
1
0
91
6148
858
15
159
0
0
3
137
0
2
0
5
119
0
3
4
52
0
5
0
1
23
1
144
1
3
193
2
13
44
67
4667
486
109
16
10
1
0
0
0
5
97
0
27
14
9
0
0
1
244
22
0
0
0
7
0
0
0
1
0
0
1891
87
5744
11
7
5304
1291
4212
1
0
0
741
82
1
12
1
29
51
103
81
303
2643
80
333
167
0
0
0
1548
0
3
1
8
17161
0
39
6
168
152
2
249
0
12
198
68
10243
1313
3
331
78
0
0
0
0
235
0
0
27
9
27
22
1
0
2
0
1612
129
54
1224
395
66
78
513
17
903
4
7
0
0
1
1
2
442
0
1
28
3
17
0
1
2
297
0
0
9
0
1256
14030
20852
21
163
0
0
125
211
75
31
0
2
2610
0
0
5
0
0
0
0
3
22
1256
2
0
0
4
0
0
0
0
502
320
3832
2370
4
126
0
0
144
162
0
2569
0
48
1
9
0
0
0
0
30
2
21
1511
17
14
11
986
0
0
151
1
2
15215
524
5
28
17
100
35
22
16
13
158
0
96
3740
34
21
2
9
1
4478
126
0
0
0
72
0
4
1
2
5
2
18
15796
26
4
25
17
6
4
37
65
20
27
149
0
338
749
61
0
11
348
70
1501
0
697
0
858
0
530
0
7
1
0
0
1060
637
4
14796
0
0
3313
2311
10
0
32
2228
80
9
5860
52
5
0
2
1
0
0
5
1
1
60
0
3
24
18
0
2
4554
13
0
43
3767
1509
3300
165
380
130
0
0
1
902
0
1
1
9
39
1
70
3
76
0
2
85
0
7
51
1
0
0
1
6297
66
0
21485
87
6
1329
0
0
28
9
25
25
3
4
60
0
12
88
167
270
353
32
28
66
12
335
3
7
0
0
5104
60
20
3638
0
4
27
4
38
0
1
2
972
1
0
0
1544
4432
13
0
38
493
164
4
682
82
0
0
0
0
0
0
12813
25
7
9
22
228
1
102
1
0
98
4507
1205
2
2636
0
0
15
20
0
0
19
1214
5646
62
0
12
0
0
1985
49
226
16158
35282
61
6
2730
0
1
1
9
89
1
81
1
42
0
2
548
1
13
103
121
205
403
47
79
145
7
264
3
5
0
0
5104
60
20
3638
0
4
27
4
38
0
1
2
972
1
0
0
1544
8361
15
0
31
329
106
9
59
0
0
4
38
0
2
0
100
1371
1
4
4
50
0
4
0
3
28
1
136
0
2
582
1
0
86
7441
1585
13
1770
22
25
0
0
0
0
1
4
1
26394
108
0
0
25
21
158
1
173
1
0
0
2623
7138
3
0
0
26
1410
292
0
17
9
7
2
809
886
7
16
0
877
25
5675
0
27
13
39
0
0
0
2
477
486
194
1
0
0
384
21
16
0
10724
56
11
1220
0
0
261
0
0
0
0
0
2771
6
2815
4
3
3
24
0
5605
8
0
16
2
133
2
5
1
432
0
0
43
0
451
3
9
0
0
18012
80
1744
4
716
0
0
826
2059
429
0
561
29
29327
2
7382
1
1070
215
0
911
0
0
1403
130
0
0
0
0
0
0
535
0
0
221
783
14
0
2012
0
1094
14237
0
157
1084
0
3
171
1
507
1
0
0
0
2
0
0
2526
0
1
1025
0
0
0
0
0
0
0
0
0
3255
0
1
117
29
10425
410
9
274
10903
0
896
692
0
249
76
9508
0
0
0
15
0
0
0
2
0
86
0
0
0
3870
8
992
57
27451
0
131
10958
41
1
0
0
0
2
65
0
0
0
0
0
1
329
0
0
0
0
0
0
42
0
0
0
0
0
3566
1236
2
1926
75
0
0
49
105
0
0
0
0
0
1
144
0
3202
2
12
21
1
77
0
0
15
0
632
4
4
0
0
13892
68
5
24
2
0
4
0
0
5
12522
0
642
4925
5
1469
104
3
0
2
301
0
0
0
0
0
0
404
0
1902
4
16
17377
7231
20
8
0
0
50
27
0
5
459
1
0
0
5
10
39
0
0
4
2
0
0
0
6
1
2
0
7
0
463
23
11871
1354
7
0
1
149
23
0
2
48
0
1232
0
0
0
1
4
0
0
0
424
2
0
0
32
0
0
1
3
0
5
0
5569
94
71
4
1504
10
0
1
82
92
0
0
0
3
310
0
0
149
0
10
0
26
0
6
0
14
0
36
3
0
0
0
75
0
111
31
0
0
0
5
1502
2
0
0
0
74
0
0
0
0
0
1
0
932
0
5018
11
53
13
0
0
0
50
0
1612
11
0
138
932
2
1
0
1
38
0
0
1
2
0
275
0
15
0
4
0
0
0
1
0
86
0
1915
1
145
3
0
75
0
111
31
0
0
0
5
88
35
1
350
0
466
0
2
137
2971
2
0
1179
2869
15948
0
2
3
0
0
0
143
0
0
5215
352
0
0
1
77
75
30
0
0
20
2
0
0
0
9
2
3
0
7
0
3
296
0
6
0
0
0
5
2
2
0
302
517
4980
0
2
0
0
63
87
0
2
6299
1
0
0
357
51
2855
141
35
751
1
2
0
2
0
0
0
0
0
12
0
1612
1023
574
4
0
1
71
1
1
0
0
1
19
0
242
545
90
3
0
0
0
1
22
0
0
0
1
0
69
0
0
55
11
2534
0
12
3
16
0
45
0
10
3
547
1528
0
0
0
47
55
0
0
0
7
1893
1
0
0
0
30
0
0
0
0
1612
11
30
680
0
10795
1
52
2053
0
0
0
1
38
0
1
1
1
1
0
1
11
0
440
114
0
0
0
0
1
0
0
1612
11
128
693
2
1
0
1
35
0
1
2
0
1
56
8
1
400
0
577
0
2
32
7727
0
5
4
5255
4
0
6
4229
1143
3421
146
0
112
7274
998
52
34851
6647
0
0
49
8
0
18
281
9
0
1
98
8
0
0
0
10483
0
1530
0
0
0
0
0
8204
43191
11
0
0
0
0
0
0
0
0
148
1211
3103
5
6
25
808
0
0
0
0
0
0
0
0
0
0
0
0
1
12859
1314
28
309
1
4
181
3
116
31717
21
1
0
0
0
0
0
0
0
0
54
52
48
4
1
4
26
8
14
15
827
689
169
2088
900
5
42
15
1211
986
0
1
65
5468
0
13
15
12
3
0
0
11
119
359
23
149
54
3
0
119
5
56
0
0
2102
0
623
76
164
32
206
0
5
10196
1
0
545
22
21
809
1024
3
14673
11584
45
99
17
0
2
46
4844
3
0
1
0
0
1612
11
0
0
0
0
0
119
55
314
0
34
4
12
28981
5
0
0
0
0
0
0
0
0
0
0
1
496
2362
1
3
4
12859
290
31
2
16
3
95
30994
15
1
0
0
0
0
0
0
0
0
0
123
6
445
13
4
21
0
163
0
4
0
82
573
69
939
9
1
2
22
236
1488
231
1
11
2
57
13174
1
350
2
31
5
3
0
0
0
50
0
1
5
0
0
0
2
0
163
2
117
41056
13
1
1
1
1
0
73
293
16
414
0
2
0
0
97
1
0
0
0
0
22
0
0
5
11
2
1
28
37201
123
70
0
0
0
0
75
345
19384
0
158
0
0
4
1
0
124
73
1920
22
0
0
0
0
6
623
14
0
0
0
18
7070
5403
167
2403
752
280
1119
1
0
0
60
0
69
3
0
439
1
29
4
219
13354
7
1364
1
16
14
1
63
9
54
7
84
12055
2
27
6613
54
0
0
47
35
16
67
0
4
0
5
164
5187
3
25
5
6043
7
747
20
6
170
18
16
27
0
1079
166
709
1924
318
17
5
28
54
0
100
14
605
307
1674
1
200
695
0
5428
95
5
1
31
1861
0
1432
2037
167
156
64
60
3271
3
186
939
27335
7
6295
8
22
228
0
0
1
9919
1334
0
0
2
1
3
3919
6
4
1
2
1
0
0
0
41
4
130
175
9
15776
30996
67
30
1
55
4043
21
31
117
7
4
2
0
1
0
0
0
0
1
112
3
1
0
0
6
0
0
62
0
1
0
5104
148
19782
1724
7
1
686
48
43
11
44
0
0
0
244
0
4142
233
1
4
0
139
142
760
0
2
2
12365
191
1
159
100
857
14
24
3266
1515
7
0
0
53
254
55
1
10
382
0
312
387
0
2
0
1
125
41
6
0
54
91
33
93
1215
2600
0
419
8
18
572
1404
55
49
3007
4
2
5
3558
701
17
0
19
0
19
95
7
0
1
1
0
5
0
0
1
1
10
1
9
7461
5
13
18
8
4619
0
0
0
0
0
0
269
1102
0
15
2
0
14019
0
0
4168
0
10193
355
4
0
2
2
3
34
4
21020
1834
20
5
0
840
3
1
95
1010
5
0
0
263
5
64
27
156
1
1125
2932
3
1906
0
1
5
6
0
1
5392
5
0
5606
5983
7
15
338
26
87
4
28
2
0
1
113
50
1
24
24
65
12
168
0
480
2
3
15
43
5
62
1
1
0
2
13288
92
1
61
0
15
7
1
1
3
1
98
1586
36
4
0
0
145
1
23
3
1
858
75
18
217
25
0
7
0
0
0
19118
1097
0
20
12
1229
4
2
1
127
115
0
0
0
0
0
1
0
0
1593
2984
0
0
0
877
477
0
1
0
11361
3
0
274
2319
4764
16
1
0
3
22
0
0
2
87
0
242
1
1
2
0
1
207
424
9
1824
0
0
1
2
0
12
5106
0
3
87
5158
31
0
151
1
1
0
74
5
0
0
0
5
264
0
1
0
0
10
0
544
0
0
17
4
77
0
1
2
18
0
13187
7
525
2
27
3
55
0
125
0
1719
0
2
6
70
8
17
19
2
16
3125
153
2
4
258
17
2
1383
44
114
1309
1
3775
332
40
0
5
2
16265
80
23
1
0
0
0
5
1
285
26
5153
71
0
7
100
930
218
408
0
0
0
17
904
6
63
38
338
164
0
261
4
8338
28
13
0
2
0
0
169
1
132
0
2
0
43
1770
3
0
0
223
1
46
21
8
0
80
3
797
0
2
1
38
328
11120
2017
0
13
0
7
0
1
0
16
0
0
84
3
0
0
0
4
648
0
46
0
0
1422
0
0
5606
37
2512
3
3
6
2
0
91
1
0
1
25
1
1
1
0
0
6962
344
7
2
0
1
4
0
68
0
2
1
3
26
31527
1279
4
1031
276
5
33
0
16493
31
8
256
36
2
0
8
29
0
0
6
3
2
0
0
7
45
0
0
0
0
0
0
185
2194
136
2336
11535
93
1
0
434
0
151
71
1
5024
4
0
0
253
1
28
395
0
1
0
33
0
1
0
0
0
0
96
147
8064
1
231
512
108
106
1
4
43
130
867
2
217
2
0
31
0
55
0
54
82
0
1
47
0
1
148
0
5
2
447
444
11410
27
30
312
0
2
32
2335
113
0
36
32
2
1
2
411
1
973
9
0
8913
9
31
0
1
0
3
474
6
445
3
4030
0
0
6305
1
72
25
2
438
797
0
0
64
105
0
4
2731
4824
1415
46
4
1
0
0
0
0
2
53
21
3
47
0
35778
1
806
534
0
264
1
81
6
5
0
1118
133
3
0
0
58
0
9
1161
1917
8
2
0
0
1
501
3108
3
19
10
0
16
2883
146
41
3
4
149
6217
27
72
1
155
0
0
0
1484
4
242
42
10
253
0
37
0
2
8
0
1
513
177
3
1
32079
4
0
1380
0
1189
14
0
0
1219
0
775
0
0
85
2083
102
3
7
14
4
8116
30
6
2486
0
48
10
11
0
0
0
10268
166
46
68
0
1
10476
6
14
0
2
0
45
90
2393
35
45
1677
1
14
4
31
2751
83
0
0
5
10014
0
4
12
0
5326
19
2
8
94
342
12
0
0
2
9
244
106
12
1
0
0
4
3
0
225
0
1
0
0
5
1
0
2
53
0
37
697
0
24
13
15
0
35
5
1
0
0
14
0
82
3
0
23
11
127
0
768
187
5
10
431
0
522
47
1
3101
3
0
32532
29
716
2343
0
12
7
143
2
0
63
0
1
1
63
0
6136
200
128
30
3079
54
153
0
0
1
22
66
349
0
0
46
274
1
9565
202
0
1
31
34
184
1
6
0
2
0
0
0
0
1
17
0
3
1
3
2
13
1
253
8
1
0
4
0
185
2233
712
2325
33
0
2
0
0
1854
731
0
0
0
0
128
0
3
5
54
64
0
1
1
0
1
314
0
0
1
0
15
14778
73
0
0
5226
75
6
9
166
101
0
75
0
0
0
14
45
1
1
13
20
4
0
78
1
0
1
7479
1093
3
273
2
12859
7218
3
0
1
2
124
22
225
8
0
3
108
7
0
25
2
948
0
1
37
14
0
0
97
0
2
0
1
3
11
0
5001
471
109
2
296
0
0
69
0
1
68
12
3
7
14
1
0
1
129
18
173
0
0
33
11440
3
689
14
773
2
0
5
26787
3
1
46
0
34
1
8568
24
75
0
7
4
0
0
0
5
32
1
1
1
0
0
3911
632
884
3
0
3162
0
1985
1481
274
2319
18
311
0
31
0
221
0
4
21
0
0
20
161
2506
0
5
0
8
156
2
0
0
25
1
1
1
1591
203
238
50
10939
13860
2441
485
167
309
119
186
0
1
0
15
0
0
0
109
0
2
257
2
49
0
4
1
4
0
0
0
1
1
17
2573
38972
4
7
620
46
3
3
17669
194
34
0
0
4
28
9
0
0
0
0
5
0
0
188
9
0
1
4
0
98
0
112
2
1446
835
0
1460
92
1
14269
865
0
0
3
2
0
0
0
0
23
4
1078
20
1
2
0
602
0
0
199
5
351
57
192
1
5104
60
195
294
29
241
3196
6
1
1
9296
59
4
1
36
1
374
0
20
0
1561
23
1
0
0
0
3
2
1
0
193
1
38
4
549
19
4
0
87
3610
27
35
3
0
0
1
0
29
1
0
0
0
514
10
28
78
32
0
3
0
0
0
0
0
140
23
284
53
3575
16
6
24
0
676
0
16
3
1
0
6
0
0
1
0
1117
0
0
2
0
0
0
0
0
272
9
0
13695
24953
35
5
50
2
139
7
29
2
50
1
0
0
1
337
483
31
0
42
497
0
487
2
11494
0
26
694
2
45
1
0
6782
4
8
2548
479
16
1
125
0
19
74
0
42
2
0
0
0
8
1
0
66
0
0
1
1
119
0
1713
2
276
0
97
5606
7021
11
2
920
12
292
0
2
101
1
0
0
363
4881
1
7
2
2
0
5633
3110
42
128
17
0
0
0
11
0
0
740
147
1326
1
11083
70
229
506
3
5
0
2
0
1687
52
4
9094
0
11
211
9
8945
220
6
1
1270
70
3
4
1
13
0
441
49506
4
0
17610
6172
4
75
0
0
24
2
779
0
0
0
2
0
2
9
2
40
21
2
1431
2509
0
0
0
0
0
341
0
4228
317
2
3787
1
301
3
0
17
571
49
0
1
0
89
1
94
144
0
0
6
2
0
1
9
88
0
68
304
727
0
31
21957
41
105
0
2
11
0
0
1
15
0
57
0
5208
3
37
0
0
4
432
92
6
33
0
0
18
0
0
0
132
0
4
11049
651
197
49
1
5
89
3
0
1
34
2412
0
102
0
0
0
2
0
18
0
0
1
0
16
1
0
0
7
0
0
2
13744
113
347
0
2004
0
0
5
19
0
0
0
97
0
520
2
0
81
2
7
31
0
2
0
42
2
0
0
10528
1364
29
0
22
210
0
3685
10137
14862
56
0
1507
72
0
2
202
0
0
4
1
0
1310
0
0
487
0
1
0
346
0
0
6
1
429
0
87
116
2976
0
46
2946
0
3002
0
630
2
0
0
2
83
1
1
29
5733
339
0
14
41
1
1
0
0
115
0
1
0
0
1942
1629
4
5472
49
0
5
7742
45
4
219
0
5
215
1
75
63
0
0
0
17
5
202
1
1802
0
51
7
0
3
0
47
38
10190
180
1
0
2
4969
1
252
32
2
144
16
7003
1359
5
7
0
7
80
2
2
762
13
310
0
0
3
0
0
0
0
87
3958
0
38
6
2
639
1
27
0
5
10
4
20
1
11
295
0
35
5
5
163
1
0
5
299
0
2
167
0
0
123
38
7
3471
5
312
3
14
1
52
93
40
2
694
1
22
2
5
15
0
0
1
0
1621
1
1
326
0
0
1
0
43
0
5201
31
28
12
1
6
4
8
0
2271
1
0
9
3
0
1684
0
1
4
227
0
8
0
1
0
198
0
11846
181
11
2
4
412
107
1952
944
345
788
2
4
0
7
5
1
541
3
0
49
1
105
3
1
0
0
0
15
1
0
0
0
0
1
13
13
797
4353
2
30
159
14
2
1
20752
318
5
29
1
3
7
1
3
2
14
0
0
9
26
1652
0
1
560
5
2
1
0
117
440
595
1
8
620
897
5
5
27
0
0
4
12
0
129
0
0
758
0
0
6
2
0
258
3
1
39
20
0
0
0
1
638
21597
1795
16
18
910
5
0
160
1
1
1366
5
0
4
401
0
6491
73
0
4
0
0
0
642
0
1461
169
2
0
0
0
314
4702
663
0
4
113
109
0
21
6
1
0
23
80
0
0
0
30
3882
10994
0
2572
2
1
8
0
0
0
140
41
0
14
15374
3
14102
6
3
421
604
445
0
0
186
0
1
4
15
19
0
423
0
145
314
0
3
1
8
5
74
1
2
0
765
0
509
10972
362
0
8
1
733
1498
5
1
243
8
0
364
41
0
0
0
0
4
159
0
6
1
652
337
0
100
0
116
714
0
261
1217
358
0
32
23
2
1
32
0
0
20
0
291
0
35
0
1
0
0
47
244
0
0
0
361
0
19172
18
27
0
439
329
77
2100
261
1
413
147
0
1864
1
11
0
0
1
0
0
36
68
7
102
33
0
1
0
0
112
0
238
0
0
2
0
100
512
42
727
1504
173
2
20
4434
23
206
21
0
634
1
0
2
0
33
0
0
0
17
560
195
2
145
147
2
1
0
1
5104
18456
8
70
110
268
1
0
0
1531
14
42
0
5
9
0
75
300
18
0
1
1010
0
0
2
0
1
0
0
2
116
99
16309
0
10473
20
0
1
1
0
0
15
400
1597
3
9
1
2
185
1799
4
12
2
2
5
5
0
156
3
2
23
67
0
0
6
59
492
0
743
7
1
0
1837
90
7
63
32
0
0
69
0
301
0
8
0
16
0
5
0
1
0
117
0
3
4
5
38
6155
255
914
0
1450
2058
0
1
1
6
4
397
0
556
2
0
752
0
2
3
1
8
1
0
4
13
3
0
3629
46
0
185
2233
8
94
4
2129
2
570
826
0
15
1520
92
0
0
0
1
35
13
0
1
376
4
1686
1
9
5005
0
60
0
0
0
26439
1833
2
213
0
0
0
16
3
0
4
0
0
0
32
28
0
1
538
4
32
4
93
15
6
17
2
0
1
4
2
14
25288
13
21082
10
7
0
344
0
0
1
1
0
1
69
38
0
31
0
2
355
0
169
36
2
16
12
876
0
33
2
3
155
38
53
32
0
3886
1
0
94
11
10
138
0
0
1
9
1
1110
3
16
162
283
2753
2
42
2
0
323
0
4847
48
0
4
87
2111
4906
2
0
0
4634
1742
4
10
20
428
1
0
10
25
0
24
13
218
0
0
0
1991
293
0
1
0
433
0
898
1433
132
137
47
0
0
4192
2405
4
1479
101
38
330
0
0
3
2
0
0
0
3269
803
0
1
0
210
0
361
944
5
0
0
0
225
5637
12257
4
249
29
64
1313
6
0
55
53
698
5
87
5380
1
1
0
0
0
379
6
0
5069
24
145
0
159
0
4
2
12989
1742
4
10
313
295
298
252
7
0
0
1
53
19235
4
6732
7
4
30
131
2
48
23
0
49
1
1398
4
0
2793
0
0
19046
15390
9
3
6
0
357
2567
17
1
0
0
0
0
9538
186
0
1
0
1
0
3
156
4
0
7
1
8
1
0
0
2
638
1418
5659
2
295
4
444
852
5655
25
0
164
419
0
0
0
20
12868
4
6
162
428
0
64
8888
99
0
14
1
14
2
0
320
116
437
9
35
1244
25
130
0
4
1
3773
50
3
8
278
1761
5
3356
0
0
0
5381
2
335
0
0
492
10
8
87
0
38
32
16239
0
0
108
22
0
8
20
581
4
16
6
0
1
3760
0
0
1
3
34
18
0
1
0
1101
3
63
0
990
18
65
24
179
2
2636
4
0
12539
0
2
0
0
786
31
0
45965
14430
20203
4
1
1
3959
3
1
2332
12
44
1
1140
102
0
0
6
5848
3706
98
2002
0
28674
1517
3
482
0
36
117
560
7
0
2
0
56
0
0
198
0
691
6
359
6
211
0
1
601
0
320
12497
12
9
3
0
34
0
93
0
25
0
0
4
2
8
0
8
9
811
1
3
0
7
0
9
524
2
195
0
0
0
44331
40
5
1062
0
0
296
40
1
4
928
1
1
10
16
0
128
22
1
0
0
145
0
0
1966
25
31
4
3
0
726
0
408
0
1
47
0
7
10
1
0
1003
19
3131
0
0
1
10
0
2
2
19
0
659
272
836
5
2
5280
99
1
8
0
0
716
10
263
1
0
29
0
0
647
5
1649
3
25
0
21
3
0
0
21
145
0
25
0
12
18
611
5263
0
109
23149
1
1593
1621
5
19
9014
772
0
1354
0
2
0
119
0
17
35
1
0
91
163
50
0
982
8923
0
0
0
0
7
1
46
11
1
155
4066
0
6
0
1
0
3
67
0
36
0
0
37
107
0
132
0
0
9
9
0
279
138
0
0
0
7
0
0
1648
88
2
15261
79
39
14131
667
6
3
1
0
710
0
35
0
7
0
1
2
0
760
0
10
46
3
3
1
1
7
1287
0
0
1
0
25
93
1396
7364
140
235
1390
365
4
4
16
0
1
1
0
0
14
562
1
377
996
418
321
3
419
2
3
1
1
288
0
1
1312
61
8614
6
0
354
126
394
5
2702
1288
31
0
0
14
95
8
129
0
0
0
6
14
139
2
0
93
1
0
0
3442
2462
1143
3170
517
16558
0
2931
3309
537
0
7
2
79
2
37
143
7
139
36
30
0
8018
10
0
0
3
0
4
16
0
2
0
1
4379
2151
31
0
8830
0
0
21204
1239
0
2
0
0
0
0
0
0
1
5
1
21
1133
744
406
14
51
1
175
1
9
2
111
4504
1
0
1
475
970
34
80
7
0
1
10
0
59
24
0
1
1
112
20
11
0
0
994
0
256
789
0
2428
681
801
209
3979
1030
3113
43
0
53
639
48
137
0
84
1
18
1
0
0
23
3
0
1
456
0
7329
222
0
0
1
1
0
0
5
1
320
1183
197
4
0
0
855
0
3
1
554
0
1119
0
1
1
2
0
1
15
0
36
191
0
5
1
0
2
11
10
0
0
1060
51
2930
0
11013
34
1
0
0
1
1
263
20
37
26
0
3
38
1
1119
5
26
4
0
18
1867
71
43
6
0
3
0
638
14
1566
7
5
8288
1
309
15
251
342
0
0
1666
338
0
19
0
212
9773
0
3
61
2
1
20
0
4
0
7356
265
0
35556
636
856
95
182
2740
22
0
0
57
709
0
4618
68
4
0
0
0
0
4
0
19
27
2
0
0
3
0
59
6
156
3
3775
1845
19
11
5822
1
10839
10
1
60
0
3603
37
6
0
0
0
0
2
0
24
8
75
0
18
0
0
505
6
0
39
2829
16060
15
0
3
8
0
8413
21
13
416
2
2
0
0
10
0
785
0
88
1
0
419
66
170
0
0
263
0
64
45
0
3
6432
6580
5059
1693
4082
202
3368
376
2
110
2
67
0
8
0
1
0
0
5667
6884
2
1345
53
3
31
0
0
0
3682
0
0
9368
218
505
25
7
177
68
0
8883
5696
1
2
22
7
0
127
0
2
0
1
0
0
0
35
0
1
1
79
11
587
1417
0
0
11588
1955
4
2
131
12
0
66
14
0
5
0
73
1468
43
0
0
0
0
137
4515
461
83
0
0
1444
0
0
4
0
0
619
2775
29
0
12
180
0
13325
228
1
0
2
0
1
39
0
0
0
1
10421
3
81
1
1
0
28
0
0
6
11
17
26
0
41327
1742
0
159
12
107
26
229
1
34
0
39
11319
7615
1
114
97
16698
150
6
3
0
17
7
98
0
1
5
11
7
0
0
5035
372
2721
14
0
89
0
112
1
0
2754
2778
71
2
0
0
0
0
1
6
0
0
1
0
1
351
0
750
0
2
0
0
10498
18802
42
19
442
1098
0
8
56
7
272
0
8
977
12
0
0
11
0
2
0
0
2
0
0
0
1
199
1
1
0
0
7461
6
1
10028
76
1312
0
0
6
4
23
87
0
94
1
60
0
0
2
538
0
10
0
123
44
0
1
0
409
452
10
0
1379
3767
1
10
12866
11699
90
0
0
0
4339
1
14615
8
1
0
40
0
0
0
0
3
78
16
19
0
0
0
1554
33
1292
0
153
10
5402
0
338
1
0
1343
51
3
0
550
56
9791
2
167
158
1037
0
0
5527
22
53
3144
454
0
410
0
1
19
10
10
603
387
4
0
2684
13
36
0
46
0
1
19
0
1
0
14
0
0
1
214
4
1
0
4095
326
1
0
1
1
53
779
496
17049
8
1677
22
0
1294
0
16
51
2
0
10486
985
0
2
0
0
15625
0
32
0
7
0
0
8
0
0
0
2218
2574
0
0
12179
38184
3
0
0
3839
5
1
1
9
0
0
86
15
0
40
0
0
1
30
152
0
0
1
0
3
4
0
0
0
0
0
6
2070
3
12070
22
1
2350
3237
13954
762
0
0
5
16
0
0
0
1256
0
2
79
0
26
6
110
2
0
409
238
0
0
0
7451
0
158
3
3
0
40
2
570
25
0
1740
0
25
109
12
0
0
0
0
1
66
1
0
492
0
108
481
0
0
29
0
13331
33
1982
184
0
4
57
88
3
20
0
0
0
15
0
0
417
6668
0
0
0
14672
3
674
0
1
0
5
0
4
248
6
38
32
7967
3136
19
0
3
2
15
716
0
14
6888
9
9
0
3
0
0
112
3
4
6
16
7
114
0
0
5
111
0
0
6
422
873
0
0
3
0
320
367
0
2356
0
112
2
2
403
127
0
1
32
0
0
7
105
0
4811
592
0
366
0
0
2
4220
9
2435
1
0
2554
278
1
6
1727
66
89
12
0
145
3
0
2
0
19
0
0
0
25
110
0
0
0
5281
5
0
2851
1379
3767
1
10
40
6549
4
43
0
6
1
7
3
71
0
1
4
0
0
112
0
73
0
0
0
11
6061
7
1
6
3
58
16455
25
2
157
9
53
0
0
1
0
25
6
38
22
0
72
3
3
0
6
0
0
5
1
4
9
3
19
0
4
232
0
14184
2
33
82
1
3
1
1961
0
1192
0
23
7
10
1
12
0
1
14
0
37
50051
19
251
50226
0
0
135
4438
1
0
0
13169
188
0
85
0
0
13737
2
12993
242
348
0
1
1049
913
2
8
136
247
0
1443
2
0
315
0
0
0
51
6
0
0
0
217
12
3825
318
0
0
0
35
19
1
337
20
8
1
22
95
1
0
134
1
31
0
53
3
295
0
6313
2
13683
394
0
2
163
37963
0
416
2276
3
8751
113
0
1342
0
1
3
0
6506
203
0
7
3682
52
429
0
0
0
8
78
407
1
2
14
0
2889
3919
361
8
21
4
2
3
3611
2556
0
698
299
0
0
0
52
6455
51
1
8
12162
11
5
348
2
0
0
164
10
0
0
0
20036
1445
2
2
0
226
0
248
371
6
7
1
0
0
3573
2373
5
14
51
47
5666
5219
0
221
0
0
9
7
0
0
279
1
38
4
19
3266
10
192
27
0
205
4
1
1846
74
0
18116
4046
0
1
432
0
26
5
6
165
3
41
0
159
0
0
1
27
10280
0
2775
156
0
7
10037
37
293
76
282
1
20
0
0
0
302
50164
462
287
0
998
15
58
0
0
278
1
0
13
1994
56
6782
3942
2402
320
7
0
253
0
41
0
3799
14
2
0
1
5
2
0
4
390
5229
0
577
0
0
19
0
0
17
0
147
54
1294
0
0
2
1598
168
4
0
0
0
252
15
1
3
1432
66
1
3
6587
4
21
10
3874
15
48
13
0
6
12466
181
0
3
4238
371
11
0
21
43
3
0
24
89
1
34
6
161
1
48
27
1
8
0
0
30
1
0
54
0
8
0
0
0
1
0
3566
7484
112
0
5
3
2
518
4
15
0
16
0
176
355
0
0
2952
107
30
842
5
1
3
0
2
286
0
2221
10851
31
1
10125
160
0
0
328
2
1
36
2
158
0
0
1
0
38
528
2280
1
5
15327
0
108
0
0
0
41
0
0
541
3583
1765
18
12132
32449
128
1770
0
13849
2
2
11
2
10
17
6
0
0
1
476
206
10
0
0
1
0
3
0
1
0
0
1982
2730
12
0
2045
2
7666
4
192
1
48
0
1243
8
26
0
36
0
3
4
285
1
12
194
24
108
0
5675
5168
5
0
72
0
2496
0
190
87
498
0
67
0
231
0
605
176
19
2
0
28
1
0
0
0
19538
1687
0
0
1
0
1133
0
1
1
0
31
0
0
66
12850
27
66
0
48
589
148
2812
58
192
0
1
0
2
0
1
323
18
116
1
2
2
5
351
1
6923
605
67
2
0
37
0
9532
50
29
0
0
0
769
0
3
38
166
0
0
0
620
55
223
2
2
0
1
20
0
13
306
0
6
1
0
0
0
5
10870
17
0
326
54
0
0
0
1901
5937
1205
12
0
0
1
0
3283
9
0
8
73
193
0
31
0
0
62
0
0
614
4
0
42355
80
144
962
5
89
0
1718
914
0
0
2
1
217
0
0
7
1
1417
0
52
8
65
0
1932
4
8
13
8
18
25
6
11557
834
3182
0
0
6
631
0
0
1
1
55
0
5
1
0
1609
6
0
105
1376
140
1
13
410
0
4
0
0
230
0
0
169
91
2376
377
1
0
0
7430
25
9
32
0
0
3
0
204
14
0
9
5
5
17
25
571
7
54
0
0
0
29
513
1756
26367
9598
228
415
4
103
0
108
0
1
0
20
600
253
0
15
1695
0
3
893
1
0
10
0
23
1
2
4
0
40
6
37
13288
2
9
13
1342
43
116
1
11
9
2
0
8
0
32
1
1
23
154
11
590
4
0
4
0
853
57
3
0
9
0
38
3623
2
889
2
487
2
13
0
17289
22
11
5
2
506
0
37
0
2
26
0
185
62
0
529
0
0
18
0
238
0
1
25
3775
144
0
5238
2
149
17
5812
372
1
2
0
0
15
7
99
110
2
6
2076
11
1
64
0
32
40
35
12
150
5
0
0
45240
0
0
374
0
763
2
1
1287
800
5
1
28
0
28
0
0
25
7
7
8
1
10
62
0
0
0
0
0
7
7
48
8816
700
29
8
2
58
1024
0
317
3
1157
1
302
2
0
1
0
2
139
0
5
3
0
58
0
156
5
8329
3040
0
2
0
334
20581
4
6525
2
1074
44
0
8
1
85
0
0
6
3
0
1
0
4
1420
0
37
8
14
1
13192
6
10
4
0
0
27
23893
4034
3389
403
13
45
0
1
0
1
0
0
1
0
2
0
37
1
0
0
0
0
21
68
17
23
0
2
21
0
0
0
1854
171
20252
16833
13
1506
3
63
1609
0
3
0
0
0
3
0
0
0
87
91
28
0
227
16094
62
0
43
2
6
5
8
8667
1852
1
18870
17157
3
57
1
308
0
0
10615
0
0
4
9
0
17
372
25
0
2978
0
0
0
123
1
0
189
1
436
0
0
13570
4
15
2435
0
51
0
1
9772
0
401
0
1172
27
1
18
18
0
0
174
0
1552
0
0
11
2
62
1
12
7
0
0
27852
15594
0
0
3777
0
9
0
9
0
470
0
501
0
0
0
0
29
3
130
0
0
0
284
3
0
58
197
0
12318
0
0
20866
12
38
784
3
1877
24067
697
12
0
4117
2347
47
13
0
6
2
564
123
0
9
71
41
5
5
1
0
1
0
66
5
891
87
2284
49
9203
48
34
450
0
2466
294
19
0
0
4
0
22
0
0
234
1
677
0
0
132
4
89
0
0
242
1
101
4
31771
16
941
17
26
14090
0
509
4
8
986
2033
15
11
4
3
803
0
333
5
1201
117
3
0
291
2
871
149
6
132
0
0
509
5129
218
24
3
24622
0
65
159
0
26
0
41
137
0
3
0
47
0
0
0
133
1
1
9
6
1
685
138
0
0
0
4151
165
4
1443
2
236
8
308
1
27
2740
56
1
24
20
6
0
721
60
17
505
0
11
2
5
0
2
116
0
0
1
0
27437
197
9
28
251
0
7
1
0
33
1284
21
780
9507
2
840
435
31
215
0
0
1
34
11877
385
6
0
0
369
6
1
0
6
1234
0
11672
28
20
1
4961
11
1
0
44
5258
0
0
0
0
9
13
0
11640
130
3
35
1700
0
177
1
258
9
0
0
33124
3
4253
0
2
335
4
21
0
174
217
0
123
0
16
4
0
0
1
0
315
0
6
15
68
0
0
0
1
7
2
0
0
1676
8235
266
0
17
2004
1
21
0
9
142
0
247
0
9
0
1
3
10
848
99
0
37
31
1773
0
17
2
176
0
0
169
5
6106
3
131
16
29
0
3
94
79
1
83
0
33
2851
0
346
35
0
5
1
0
0
0
1
0
44
0
5
0
0
100
23
3
436
1
42
0
96
3
3946
3471
3
0
0
26
3
0
0
373
2
3
0
4
6
53
14
20
23
2
3
0
0
1646
426
148
4
58
32
478
0
0
0
0
0
884
3
40
0
7
4
13
10
0
1
1
0
211
352
0
11
0
2295
80
3
169
2522
2
249
3879
14432
1
382
0
0
514
0
11
0
0
4021
6
1
0
110
0
7
0
29
4
0
58
2
11226
46
0
2
100
5077
0
84
3484
46
0
7974
15
86
0
0
0
31
19
6
0
188
3
57
3
5
262
102
0
752
0
0
10
45
0
0
6
22217
7
1714
0
177
3
0
1
133
546
0
401
5
263
11
0
416
0
0
183
17
0
11
0
535
2
30
0
29
0
2701
1621
5
19
1475
117
430
16
0
0
173
627
0
0
0
415
2
0
2
0
0
0
224
131
0
0
0
4
8
0
0
0
82
48
328
49
14
42
0
2218
1
0
18
98
2
13679
31
5
3
1
870
13
0
0
49
31
0
0
5
1
175
0
0
2
0
21988
1
2008
1
41
0
5
12
1515
1
1
171
896
0
69
4
0
3487
92
0
17
360
0
1
106
1795
1
0
17
2
2
0
30290
4070
250
3
44
1096
300
0
0
0
253
231
514
1192
2
1310
0
0
51
0
2
255
220
24
0
0
0
33
127
34
1
0
45
0
29
0
112
0
40
423
0
346
3
187
1
0
55
26
0
151
23
1
3
0
319
217
0
28
56
5
3
0
13
0
4769
10
0
10
0
121
2
0
961
0
13
0
35
43
3
4
0
34
1
49
0
0
509
0
0
4315
58
0
3
81
0
0
38
77
496
630
1
112
0
45
6007
105
6226
3
1296
135
0
1431
6
6434
2
0
0
0
0
0
48
59
1
1
12
3707
9
7
29
17
0
362
2
0
219
3005
0
0
2
161
4
183
1
1
2
0
18
1
11
0
46
3
35
153
10
12
0
1
23
51
1294
29
0
2337
145
4
0
2
0
66
187
1858
11
0
1
0
0
1
42
67
59
2
0
6680
0
0
868
40
2
0
0
720
24
104
11815
0
44
4310
240
217
1
2959
23
0
1
0
4
7
21
0
0
1
0
0
77
162
11
0
0
0
0
1
0
0
67
4667
486
2684
16
51
131
5
7
1
0
1
0
4
2
8
0
0
10
0
0
1
162
3
2
0
0
0
6
0
0
1
11658
1208
136
15
1
0
2
0
10
0
3
0
0
0
3881
776
9
0
188
76
0
42
6
152
757
2
0
57
0
0
0
20
1116
5
23742
0
14
5747
26
0
13
129
1
3
0
49
0
1
0
0
0
404
0
0
1
0
0
0
126
3065
20
7
0
94
329
4672
26
80
0
11384
3
0
4
69
459
82
1779
0
1
0
140
13
0
0
2
70
19
19
27
0
59
2
1
0
3
85
22254
1
697
3123
0
707
91
5
258
0
8
396
2
3586
1
3
1
94
279
148
1248
0
181
1
371
0
0
0
0
0
2
165
73
0
78
3893
550
1
6309
136
0
0
0
1
49
0
0
2
0
1
3
12
3
0
9
0
34
0
0
0
0
1
0
0
67
4667
1522
1
0
5
59
5
1
0
4
120
0
0
0
1361
1490
6
0
846
0
889
0
23
0
1678
0
246
129
8
0
21
390
337
1194
6
73
18
0
7049
345
0
627
0
0
0
0
987
24
3248
0
0
0
272
14
2
1293
0
2
1
14
0
1
117
14891
2605
2122
2
214
0
2935
345
0
291
0
0
4
12
269
9
0
0
14
0
0
0
0
0
1
0
43
134
0
0
423
15
4752
10850
32
0
55
505
133
1728
0
122
4
312
0
0
0
0
0
726
0
0
43
0
580
132
8
1370
37
0
3
8
157
0
1060
6926
2256
0
295
0
0
0
28
214
2
8170
1
3
0
109
202
67
5
2
50
5
0
0
1
11
0
0
18
8
0
1651
374
10308
30
72
0
14643
4
0
3
72
345
85
227
2
60
11
0
0
0
42
0
267
34
322
20
0
0
0
3
0
2
0
73
0
78
3893
1
120
0
1
1013
0
18
21
24
264
423
0
0
499
0
0
4131
143
24
0
0
79
0
2134
6
99
6
0
73
2021
2
5879
3
0
2
91
1285
0
111
4
0
419
7
1317
4
0
195
0
0
1
0
170
0
646
24
150
0
0
15
0
4249
8231
42
0
53
535
2119
6046
0
1
1141
0
0
36
0
1244
13
10
0
940
1
0
0
62
4
64
0
0
0
1
0
296
147
0
8118
0
20
1
822
0
236
0
0
2367
1
766
0
0
6
9
0
14
30
40
2
1
54
1
2
0
2511
27
187
0
73
2021
2
6259
3
0
2
84
1284
1
120
0
66
0
0
115
0
660
23
47
4142
3
5
0
0
8
0
3
0
0
0
0
11658
1
1287
0
249
6
0
4
81
0
3140
4
94
6
0
1
1974
49
166
0
1
0
439
12
0
222
8
153
719
1
0
0
100
18033
1
714
0
1247
0
8
8
1397
1
0
0
0
3
194
0
0
63
4542
1
43
0
1083
1
0
12
0
1
19
1863
2141
2045
2
35
6
0
3407
2
2
121
4
297
2
0
3
0
35
135
0
0
13
0
70
0
55
0
0
76
17
24
6
40
8
4191
130
0
0
3625
25
1
6
50
1
1269
0
1
1
0
1741
1259
7
483
36
1
2
118
0
2
87
0
0
0
440
1
6
1621
5
19
198
171
0
1
19
405
2
0
65
17
19
59
10
24799
1
3
0
93
24
0
14
4
132
315
0
107
0
0
0
0
6526
845
0
8
24
0
5
10
5
0
86
134
8
1
54
0
4
1
1
0
0
2
0
1
977
0
287
0
0
11
46
11
1276
1793
1
10
0
11225
0
36
6
1
0
62
22
17
55
8
3509
0
6
3
0
656
3
4
78
97
0
1303
0
0
1
559
944
0
1
1709
0
12
0
0
2
1
2
0
30
0
0
3
17289
0
921
0
20855
4
1
136
0
226
0
0
1
0
1
559
1207
19
76
1
4
357
0
1559
1
0
152
0
39
410
0
4
0
4386
0
122
15
1
0
58
14
9
12
7
1020
2
6
7713
338
22679
7
105
909
2733
0
2
475
3
0
6
4
0
12
655
3
24
1
0
0
1
3
0
685
0
4252
0
1
31
0
11430
0
13
84
485
31
21
0
5
589
0
1682
1
0
2
19
0
26
40
0
1
0
3926
0
108
82
2
0
60
19
20
11
230
8607
46
65
1822
19
5338
1
6
398
1301
0
7
3
0
1
1
80
1
0
1463
298
0
63
0
1
0
1
4
0
143
2
936
1204
0
86
0
264
8402
19
9
0
0
12
344
0
0
0
0
1
0
0
13
0
2489
0
98
14
2
0
92
28
24
17
230
2789
168
52
5136
12
5202
2
13
1017
2286
0
0
2
0
1
1
3
0
6
211
0
1
1
5
0
670
3
978
1
0
1
15350
2
33
0
3
35
18
0
18
0
1
480
0
995
9
0
350
11
0
380
0
2
1
1591
0
86
18
2
0
43
25
18
9724
126
18001
96
12
5
0
17
49
120
62
2
6
212
3407
0
11
0
0
0
562
0
1
1
1
0
1
1
86
2
0
66
0
6526
13107
5
22439
0
1
13
86
0
21
1
0
2
1
2
0
0
18
0
4
1199
0
634
0
0
330
0
759
22
0
0
0
21134
0
43
4
1
0
51
38
15
14
0
31
100
94
46
103
6193
4
18
34
0
0
0
0
1
2
0
2
96
0
91
15062
4277
14
17
0
366
78
2
0
0
0
0
120
1343
296
5
145
2
0
0
30
1027
2
6319
998
1
0
80
0
0
4
1
23765
107
31
1686
1
0
0
0
26
143
0
3
1
0
1
0
1
1
0
24
0
1
1156
0
250
1
0
439
0
183
66
0
54
2
12790
0
56
2
2
0
52
28
18
32
11
10998
6
1
1
0
5386
126
0
2
0
3
4
175
299
0
5798
0
0
0
6
10875
15
7
339
4166
2
25
97
0
19
0
0
0
2
10
0
2
49
1
1
37
0
124
1
0
1
1
1
0
0
27
0
21134
0
43
4
1
0
51
38
15
30
8
118
428
1
2
0
131
29
3
36
138
0
78
1
0
1
1
3
0
3
190
19046
11
4493
0
510
0
197
5787
15
1321
1
0
30655
1
3929
0
12634
5
8
3
156
0
701
0
0
4
1
1
0
0
58
0
559
2627
4
4885
2
0
1
384
0
3
182
0
9
1
6812
0
139
8
2
0
66
18
10
29
7
68
939
1
2
0
70
65
559
4555
7661
4
464
154
1
1
18
5
0
678
1
0
22
0
0
2
6737
0
1
3
0
57
0
0
34353
1
1594
0
16173
6
0
6526
10492
4
11462
0
0
3
1
22
0
0
15
1
4
1719
0
1582
2
0
14
166
0
13
61
0
4
0
3174
0
34
60
116
134
61
1
28
395
36
137
1237
2
1
0
58
16
5
21
836
0
26
36
0
0
1
1
0
414
1
0
21
3
0
4
2117
172
61
0
84
15122
18
1347
1
0
30897
2
4377
0
19445
5
7
10
73
0
1031
0
0
5
1
1
0
0
18
0
1
1199
230
7843
1
0
16
136
0
14
73
0
3
0
7047
0
86
8
2
0
66
12
18
39
10
5630
2
1
1
0
662
4
2
33
954
6
2687
975
0
1
81
91
0
4
44
0
1
1
88
0
73
96
115
12
763
7
0
0
1
4
0
11313
103
0
1
42
230
12268
2
0
237
0
39
414
3
11
1
1
1509
0
2842
2
0
1
7
45
0
2
29
0
3
0
1245
0
73
21
2
0
15795
4
179
296
28
9462
62
1
1
1
0
1804
1
2
17
3812
0
157
0
0
0
78
6
1
0
0
57
1151
1
6
40
2
19046
9
68
325
225
0
0
103
4112
157
15
133
0
59
1
2
163
0
18
0
2
9
0
15
0
1
2
0
4
0
1
9
230
12
324
19
0
8852
0
31
3
1
0
83
21
18
35
7
7164
0
1
2
0
21
5
0
46
3
964
373
0
2001
0
0
27763
0
10
203
1196
2
1
541
1
0
0
179
0
0
44
1
1
4
0
0
0
0
0
141
0
0
0
0
0
0
85
0
48
8298
34
208
6
2
0
301
5178
5
2000
2
1
73
0
167
4
0
1
1
1
0
0
10
0
568
0
52
15
1
0
107
0
6526
906
12
227
752
436
1
0
1020
10
1
19
114
2253
0
27
0
4
0
0
7
141
1
0
2009
41
8
0
1
0
2
9821
2
13384
5
3
15
18
0
0
12
13
0
23
0
0
27
23
89
2
1
85
0
7
0
2
1
0
0
21
0
1
910
230
7843
1
0
9
2
214
0
2
0
3
0
6568
0
87
8
2
0
68
12
18
38
9
3678
48
9
5
0
2
0
949
3703
0
6526
3107
6585
4
1050
2077
3606
12
18
0
1
16
3
0
2
96
0
1
0
1366
80
1
4
154
0
27
3
0
8
1
1
23765
107
31
1686
1
0
0
0
26
7
0
12
0
2
505
0
293
0
0
412
0
10
670
0
3
0
1158
0
74
36
2
0
15795
4
179
296
28
4674
141
20
2
0
1
0
2882
3699
1
3
9
2801
0
25
0
218
0
0
0
0
1
0
0
1
5143
2653
0
6526
1715
2
0
0
0
0
25
8
0
0
0
60
0
432
42
11
28
0
1875
0
0
1824
32
7
0
1
0
20
50
0
261
176
0
315
18
0
5
1
62
805
244
0
2
5
28
0
0
0
1
3
0
23
0
1
6
0
0
7
33
0
2304
0
67
1380
1
0
161
27
19
35
7
4595
20
1
2
0
145
4
4
22
256
0
54
0
0
1
1
1
0
0
0
0
0
693
4871
8
3
0
2648
13
41
0
757
30
6
0
0
378
415
1
7
7325
2
550
22
3
1
1
34
0
240
0
9
1
30
0
855
5
163
15294
16
0
0
9
23
0
49
0
1
15
0
301
11
11
0
1775
0
69
10
2
0
83
16
13
2
0
121
4
10138
8209
32
4
58
758
2
1471
0
0
69
913
3
1
135
155
0
35
0
0
3
1
153
0
58
14392
0
0
0
0
1
0
0
6526
13107
5
64
2513
0
48
0
12
2
0
16
1
6
696
0
723
6
0
475
339
0
106
0
4
0
2956
0
29
41
2
4864
272
0
95
288
79
14452
52
95
0
1
0
3772
1
6
7
4470
0
84
34
0
3
1
1
0
0
94
6166
2
0
4
49
19046
13
142
9887
9
2
0
2
6
92
0
387
5
30147
0
6537
7
13
1
0
0
17
0
1
344
0
193
0
101
26
75
153
0
21134
0
43
4
1
0
51
38
15
30
8
7490
117
1
1
0
354
39
0
13
6
118
273
0
648
0
0
3
0
1
1
9821
2
5
2052
0
16
0
0
16
216
0
7
352
0
97
2
1
4
0
3011
2
11
0
1
0
0
29
0
1
624
0
318
553
7
1979
2042
1
61
21
0
0
9550
0
49
4
1
0
67
25
15
36
10
9500
1
3
0
320
11
4
94
165
0
126
0
0
6526
845
0
2
72
9
0
139
7
8
193
0
4
2
1
5
0
103
47
3
1
0
0
37
0
1
465
0
387
1
0
70
1508
5
1
397
1
3
38
10891
0
837
679
1
3
23
4
3
0
2
0
233
9135
26
2
0
657
16938
1
0
1908
1
0
3704
111
107
9406
7
38
45
0
0
0
0
188
32
978
36
3
2
0
49
16
36
0
0
0
544
11
1250
0
1
0
6095
0
103
17
5
0
0
851
0
0
0
53
736
0
216
713
56
15
0
1
149
2
3
0
0
0
1857
0
0
1
0
402
0
186
1144
1193
2938
81
0
3
3962
5
9798
1
2516
2
1116
0
0
79
26
2651
0
0
0
31
52
0
0
969
0
175
5
2
0
0
6
9009
1
27
0
355
0
444
4
0
58
0
1333
1
1
104
1488
3
23
62
102
0
417
0
0
0
11491
4
1
14
10
0
24407
232
0
0
521
134
1256
6
174
412
0
0
0
0
7
3
0
46
6
30
0
0
0
2250
0
0
0
0
120
1
0
0
12436
1888
1
46
0
24
0
0
0
1454
756
0
1
0
5968
0
0
1
226
11600
4
1128
119
0
23086
121
1
25
556
2
0
25
5001
873
23
13621
1
11
2
155
0
0
3
743
1312
17
23585
309
1
2
27
0
2252
3
15
10
21
0
3
0
1
6
0
676
48609
13
329
0
99
40
352
0
0
9
0
162
1
30
2
2
1312
1
388
2461
776
8
0
53
4
149
0
0
0
1271
10
96
6
23
0
672
1360
0
39
667
0
40
1
1
0
0
0
771
0
37
0
0
0
2
8
0
0
5
0
0
30
0
0
61
390
142
247
1
11
2
0
176
18
195
0
0
0
606
1
0
4
0
0
0
94
316
0
15
69
0
1812
1137
124
0
285
79
28362
2
5
720
3965
186
974
356
646
163
6975
2
1588
95
0
11404
0
435
3
31
1
75
0
0
0
96
153
426
272
58
52
0
192
0
0
0
1653
11
3322
4
0
0
0
8211
2027
597
0
0
21
125
0
163
212
1
653
323
12820
9
1411
63
0
10648
82
0
509
4281
15
4
431
1880
6
13
3467
13
3
5
3057
0
36
0
0
0
37
927
0
5647
1
39
236
74
8
1
0
74
23
76
1294
1293
0
0
0
0
46
203
0
2
0
415
1
4056
11
3505
4
2
2171
5
211
0
277
240
50
1
0
31
0
478
1
1005
1060
15
189
4
0
66
96
99
0
0
0
3
0
1017
2
0
0
473
0
0
0
0
1
248
14
6
1
668
1
1
1164
5
8575
0
124
0
37
0
0
0
10
660
602
25
0
0
0
138
97
0
0
4505
1
1306
19
0
80
1
0
0
6
81
159
7
3165
436
489
7596
1
498
53
0
3601
120
7
0
526
52
157
1
450
0
0
63
58
0
2158
0
34
2376
0
1
51
5376
2
385
4842
197
28
7
1
0
0
1160
2008
14
0
68
36
126
0
0
0
32
0
592
0
1
0
276
0
3108
12
3
22643
2253
2
73
11
761
10
12
1696
8872
1
15
9598
809
187
7
0
0
1650
66
1462
0
4357
81
0
3806
1173
16438
7
2492
2
41
6
0
1668
61
289
0
310
0
81
0
0
896
3
4
167
11
45
0
73
1
339
0
1
0
5
21
8742
49
0
192
1893
1
0
33
13934
15
8603
4
2465
0
5
1
49
0
0
1325
102
10285
0
2720
122
0
703
88
0
203
4
0
50
0
915
1
26
7
11
0
0
0
7337
12
2215
0
0
1
8613
1
1155
2
0
6103
2
1
0
274
0
698
202
7757
3
546
62
0
886
1
81
1
38
5
59
2
67
25
131
0
0
0
7
59
2
2749
0
0
0
25
0
5
1
0
0
0
0
701
442
823
4
11
7015
0
31
24
11813
0
268
51
323
1
0
44
21
22
6956
10
483
0
12564
31
0
42
459
131
1515
0
559
338
0
211
97
630
10
0
243
19
4
59
530
727
0
0
0
106
0
0
0
0
0
0
19086
24
0
85
0
139
0
1
4020
0
2878
0
0
0
199
1
0
38
0
0
18836
5
0
756
715
16336
1
695
41
0
10914
1
82
2
20
2
0
0
15
0
359
388
0
17
0
12840
194
0
1
8
0
25
0
91
53
148
0
0
0
547
591
0
1
0
918
30
19
0
524
26
4
0
57
3626
3
13
166
15888
3
1097
12
2
34
0
1887
40
218
212
158
0
246
0
983
3742
0
6
28
3
6
381
2
438
0
0
0
0
374
56
844
2
4078
6
1
0
50
9
192
0
0
0
262
2
28
1906
26
0
0
0
14562
134
1
2
3
1591
1
21
13
0
0
0
0
46
80
0
10
0
0
0
48
20465
351
1
23
21
112
0
29
3
17
0
0
0
2524
0
124
113
0
0
0
0
3178
0
0
0
0
0
0
0
120
2665
16
2011
837
3
8
210
3
0
78
37
45
0
0
0
0
1425
147
4
0
0
0
750
2
0
0
17
205
7685
4
850
189
0
2949
29773
0
0
576
1
15
0
2928
3112
2083
3
766
4
0
4374
0
0
22
49
23
36
69
0
0
0
6
4084
184
37
0
0
261
124
18
0
275
1358
438
12307
2
1053
63
0
5439
18
0
5
0
7
0
0
2
17
0
0
0
59
5
3
0
102
0
228
6075
3
0
0
21506
1515
574
25
74
0
501
7
690
1050
414
15249
2
455
43
0
268
223
1003
0
3
10
3
0
0
0
0
107
530
727
0
0
0
625
320
0
0
0
7568
34
1
1
35966
25
3536
10
14167
7
2
220
0
0
9247
51
0
28486
20
2
68
0
9138
1194
3
0
78
29
103
0
0
0
9325
13
96
0
0
0
6247
1
37
25
0
0
0
1
678
41
97
8149
1
710
116
0
261
57
21
0
0
753
1
11347
0
60
51
1
3080
0
120
48
0
3
6
6
851
0
0
142
14807
2
1695
68
0
1000
2
2
15776
261
478
36
1538
0
57
24
0
256
7
27
109
57
0
72
0
268
6850
2040
78
10
0
0
157
26
0
20
0
0
13
0
0
91
53
148
0
0
0
13
131
34
0
0
4604
34
1003
35
0
1598
0
90
10645
0
648
76
0
4818
0
0
26
157
146
2
0
91
53
148
0
0
0
4441
1282
23
2
0
0
175
29
0
78
4
0
0
1
140
12482
1
497
96
0
12311
125
0
2
1
38
230
1641
0
44
1
530
3
0
0
1386
0
0
0
55
60
50
0
0
0
1701
19
0
2
9851
0
5
0
1
254
12632
1
5911
49
96
226
1125
0
21
5424
0
0
1
5
227
2
30
12
1
0
0
0
685
13
5
0
2
0
1340
0
14
0
10
5
1379
4212
0
474
26
0
9924
354
658
0
4
0
1384
178
3
0
2
0
1399
58
1581
0
23
0
103
8
0
1
9
96
0
0
5714
1
1237
82
30
0
2
81
50
8
0
120
0
36
0
8
0
0
0
0
2
20
0
0
2490
0
0
1
0
280
7769
1
5911
49
96
226
22
0
9520
4
89
0
0
608
4
77
9
14
0
57
188
1
1
0
2070
8
6
303
15126
0
1206
0
0
133
147
780
19
1428
2
176
0
0
3
26
0
2
166
24
16
0
0
0
1077
2
162
0
0
14043
0
69
616
2
0
0
83
6408
169
2937
42
3
14660
17532
5
79
12
5
31
1
6643
0
0
38
945
0
1776
290
355
1
84
18
8
0
0
0
11316
58
2
0
153
10
3981
133
885
351
275
9601
3
580
50
0
4754
171
3
3
0
0
18463
0
29
32
690
0
0
8
0
2598
72
88
4
4
390
142
3
65
17
444
0
0
0
25
28
1810
0
0
0
389
83
13
512
3
1
531
1
0
6
0
0
0
0
61
2
0
3423
3
488
3
69
6695
14
0
119
11
67
0
0
0
699
16
1087
0
1
0
5669
0
168
0
0
495
0
0
3387
2
0
417
790
8
19016
491
328
8796
0
593
102
0
1401
782
2
0
0
68
1
2
2
201
0
0
1
0
7
78
2
31
0
0
0
3134
11
27345
5
0
1
14709
0
269
0
107
1
0
185
80
3
10
1559
23
0
0
0
1
3045
713
2885
1
459
42
0
2652
4130
1
67
25
131
0
0
0
4060
8
2527
0
0
0
743
0
0
0
8
53
5
3
6
4607
1
50
0
0
1
295
1622
0
397
110
169
255
2889
1
127
13
107
0
0
0
3472
4
1749
0
0
0
359
0
0
1
405
1
109
0
34
4
5
3758
2
11
0
1
185
2094
1007
2
274
20
0
2258
4822
0
39
0
9
0
0
0
326
41
1996
1
0
0
0
205
35
0
1140
0
0
3
1341
0
6889
4
65
3
80
132
1637
3
13
7598
1
0
6
304
1
0
0
23
0
0
0
1489
68
2461
0
2671
67
0
9199
22
0
4411
24845
1399
63
4
60
0
23
8
4
0
0
1
0
0
22
20
26
0
53
1
123
34
114
0
0
0
332
13
852
0
2
0
12367
5
389
5
0
2002
53
1
2
13005
1
55
2
0
7672
364
320
4219
2
1709
62
0
31194
7
70
0
5
0
0
0
264
0
10300
5
2
0
138
3
0
190
494
4
701
27
27
215
101
161
83
35
1
6
0
2049
35
259
63
24
1537
818
2505
1
315
54
169
1784
4655
1
102
1592
373
354
115
12
4547
5
234
135
756
967
6
3
0
0
0
8
2
0
5
10
4
0
1543
23
2
0
6070
4
0
0
48
0
0
0
81
1317
402
125
1
22
14
4
5
34
1
0
0
21
820
586
31
5100
16
33
2106
18
5830
13
20036
2148
8819
10
3262
18
8
25
0
0
146
0
0
96
515
0
206
35
24395
5
898
3
6
1
31
0
713
0
0
208
7
0
3423
4
31
5
15015
0
97
1607
0
586
90
2
247
2
51
1
0
0
0
0
2
0
0
108
68
8
0
0
0
0
0
0
0
1940
386
0
141
1239
9
3
3251
5
2
0
321
0
728
1
0
0
96
0
1
0
0
0
0
0
227
0
0
70
0
43
3274
490
22664
6
20
1
5895
0
121
950
0
664
0
43
2
0
0
2
1
0
0
0
0
0
1
0
0
5
10
3
0
0
39470
2426
20521
3
15
0
4963
0
175
1268
0
2
21
1
1
0
0
0
0
0
0
1
0
0
0
0
1
2
0
0
0
0
5001
6894
0
272
1934
0
20
137
1
4395
5
28
3
1996
8
14
0
2
0
1
0
0
754
167
0
7
0
0
0
0
0
0
2622
0
7469
5
1
3
44
6851
8
17
3
2545
0
154
37
0
1124
347
321
1
1
0
0
0
0
0
1
0
0
437
23
0
163
18592
13
24
6
4105
0
174
1181
0
0
51
628
1
2
0
0
0
0
0
2
0
0
7
125
7
2003
41
1
0
0
0
5001
6894
0
272
1934
0
1075
19
335
4
0
0
0
4
4027
8
63
0
0
0
1
0
0
63
11
1
0
0
0
0
0
0
0
1940
386
0
466
2208
2
2
2506
11
51
1
13
0
786
1
0
528
0
1
0
1
0
0
0
0
0
287
0
0
1
6
163
18592
13
24
6
4105
0
174
1181
0
139
5041
1
2
0
0
0
0
0
3
0
0
81
2
11
242
0
0
0
0
0
0
0
1940
386
0
369
208
3
3060
9
51
0
21
0
0
0
4833
1
4
0
24
8222
490
1
0
1144
124
0
0
0
0
3
0
3566
433
50
16
111
0
0
0
20
811
0
0
0
0
0
0
1
119
0
0
0
0
0
0
0
4
0
0
0
0
0
0
3566
377
225
8307
13
1
1
0
13
1
1
1
3
1
9
0
110
47
0
45
57
3
3
0
0
95
0
0
0
0
0
0
3566
6077
8
3079
0
2
8
55
0
6
0
78
789
0
45
148
3
4
0
1
61
0
0
0
0
0
0
0
7
0
0
0
19046
25901
0
199
3102
65
15
91
0
0
0
1
70
0
1
0
0
0
0
0
383
0
0
0
0
7022
172
0
0
0
20
0
3
705
0
20411
0
101
7065
6
580
8
3
0
26
46
688
9
14
59
0
0
55
4
0
0
446
31
1
16
232
1
0
0
1612
3758
90
0
1
17
4
1
0
1
5
2
2
0
8
0
78
44
102
48
1
0
0
0
4
0
2
0
74
0
145
0
302
517
1
79
150
0
9
348
9
0
0
65
0
0
0
1
0
40
0
522
5
27
73
1
0
0
0
40
0
0
0
1
1035
418
0
0
135
0
9
0
24
0
11
0
6
0
22
2
0
0
0
0
1
36
42
1
0
0
1
1012
1
0
0
1
1612
11
0
0
0
0
0
50
1474
0
1244
0
162
0
253
0
31
0
0
0
1
24
0
0
0
0
11
1463
5
1
0
0
1612
11
0
0
0
38
98
40
1
286
0
456
0
2
282
7
773
98
128
67
6
0
15
24
2812
22
6
4
2
124
6
26
5104
13
9
0
1792
6438
3
20
1
3
3184
3
0
2
0
33
132
1
0
1
26
4
1
1
31
0
25
2
1
1
2
0
1587
669
47
37
105
0
46
1
41
10348
21
1047
0
29
28
3
0
0
2041
0
11
9
0
20
100
0
2
0
2
0
11
8
5704
3354
2118
666
2677
0
1
31
12
1
0
195
2
206
37
37
20
0
12413
0
162
0
2399
0
34
0
70
0
1
6847
1
0
147
10
71
0
57
41
1
5
3
2
0
8
39
12
39
0
127
0
3166
9
23
166
0
42
0
0
3
5726
74
2
32
253
11
12506
123
489
243
3
22
20578
7
1707
192
1
313
175
0
8691
0
53
1
0
0
0
1
1687
2161
0
17
92
2
0
3134
32
87
27
3295
5
73
0
0
6
66
104
3
7119
4
436
0
6
0
1
4
213
0
0
0
0
1
0
169
0
6
0
0
178
5088
16516
10428
2859
11
16
0
9282
0
9
14
0
5
0
86
0
4
187
3
53
3
0
0
0
1
3
96
0
104
467
3
27
5104
202
9
5145
1
0
10
0
7409
1543
40
497
0
4
0
13
1
0
1
1500
0
3
1
0
1
510
0
0
16
0
1
0
2045
1744
2
4
0
13
1043
4493
1
2062
1
0
0
0
0
1389
21
421
57
1
0
0
0
0
254
2
0
0
0
0
0
0
12
931
19
471
10
4758
0
35
23
23
2985
0
0
0
0
582
314
0
0
0
0
1937
306
14
661
0
0
85
99
5413
16
1
0
826
81
59
157
0
0
0
29
61
39
86
0
1
0
6764
0
0
0
273
4
0
0
0
30
1047
2057
65
12
5889
0
6
302
2
4352
488
4624
2
0
15
2496
0
25724
10
0
1
0
18
18
0
259
36
6166
1
611
0
7
165
16
2
0
664
0
0
1541
204
4704
2084
1136
0
41
7
905
0
35
1358
0
1288
8039
0
2
1
0
0
0
0
0
0
1
0
0
42
115
1
0
4
949
34
7989
2
17
3
0
1
329
675
414
4
136
3
1837
0
364
717
0
4575
25
374
1
0
189
1
11
0
0
6
38
0
38
1025
18
17559
0
0
6
803
54
9214
0
8
2
1
2
4
3
54
0
798
434
0
25
0
1946
234
0
0
245
60
0
0
5501
677
222
16310
0
171
2588
30
145
15
0
0
0
0
1
50
0
2360
63
8
33
0
8
10
126
0
0
49
0
87
0
5
5788
15
27
6
37
3
0
0
3
7392
0
755
1139
37
1729
85
339
69
1
0
2
1047
0
112
4
1
51
15
348
4
70
0
839
19
0
0
43
25
0
3
441
1
0
0
7
4
30
0
0
7
3
1
0
0
6
2
2
1
5
0
113
5
22
0
2286
71
0
68
56
0
7
77
0
3587
0
0
0
0
51
0
0
0
194
2
0
0
17
0
0
1
1
0
7
0
503
23
642
40
3187
18
0
1
64
67
0
0
0
3
233
0
0
91
0
10
0
29
0
6
0
47
0
43
2
0
0
0
0
2
1612
11
0
0
0
38
1826
2
0
0
0
19
0
0
0
0
0
1
0
1324
0
4020
7
54
19
0
0
0
35
0
0
0
1612
3758
516
3
1
0
1
29
2
0
0
0
2
309
0
11
1
2
0
0
0
1
0
101
0
2077
1
142
3
0
0
0
1612
11
0
0
0
38
98
40
1
286
0
456
0
2
124
2721
2
0
1217
525
2
5788
0
5
7
0
0
0
91
0
0
5
466
15
39
0
173
1585
62
0
0
142
18
0
0
0
17
2
2
1
5
0
184
39
564
4
0
0
0
4
2
2
0
83
75
16101
53
26
0
1
155
40
0
2
504
3
0
0
47
0
0
0
1
0
3
0
573
20
50
6
0
0
0
0
33
0
1612
11
0
26
1057
0
0
453
0
11
0
25
0
5
0
45
0
43
3
0
0
0
0
2
23
0
0
1
1
0
930
1
180
295
0
140
65
0
0
0
0
0
7
830
0
6147
3
56
7
0
0
0
103
0
0
0
0
10
1193
3
1
0
0
11
1612
11
0
0
28
1443
4
16
1
40
0
0
0
0
0
76
0
2030
1
157
3
0
0
0
57
0
0
0
1
0
2
24
28
9803
58
798
0
3
76
2676
10
0
1774
1064
27
1083
0
0
15
4
0
0
128
10
0
9
270
2
0
0
5
10
58
0
0
8204
283
263
0
1
26
0
1
0
4
0
216
107
25
441
1
0
0
1
26
0
1
0
112
0
284
0
0
0
0
2
1612
11
30
740
6
0
0
49
0
0
1
1
1
25
0
136
8
48
103
0
0
0
0
23
0
0
1
1
0
67
0
0
2498
0
11
0
3
1
20
0
23
0
41
3
148
1485
0
0
0
39
55
0
0
0
7
1505
1
0
0
0
26
0
0
0
1612
11
0
26
629
0
14156
9489
255
138
0
0
0
1
26
0
0
1
1
1
1
1
12
0
3
44
50
0
0
0
0
1
1612
11
0
0
175
1139
2
1
0
1
39
0
0
0
0
0
292
0
14
0
4
0
0
0
0
0
45
18
1
348
0
627
14066
4308
164
27
60
124
26
385
2
0
1839
1
3718
6
2
13
73
16
6
82
2075
16
2
0
11
171
10710
0
203
1104
0
698
1444
11
101
7703
1031
2673
57
539
7
46
1
13
10
0
665
1070
1842
0
14
3
19
40
2
619
10
0
1912
0
0
79
1
17
163
16535
9
566
96
6
27
0
5
0
0
92
73
734
77
80
57
0
49
1023
1
7
0
2999
108
0
1
3
0
237
4
1
4220
1158
7
35
0
0
7269
1
0
2
7
0
0
41
0
1
0
0
12
95
0
0
75
0
1
0
0
9
0
3
1
1756
7896
10
14363
142
2
0
1
1
96
0
9
4
1211
775
21
1
0
0
691
605
0
0
2
39
30
3491
33
83
7
3
47
0
320
809
0
13
0
3440
0
1
80
41
1
2
0
24
2
1
0
35
0
0
12266
507
0
10
1
0
0
2
4
0
1
41
20108
661
0
358
1364
0
13629
1884
0
14
1
13
129
0
0
44
2949
877
140
4
0
42
1
5
4
0
178
10
73
17
133
1
2631
20
94
0
14638
16
5
2
0
513
1047
610
4
57
1
2
5
31
1
3
0
6
7
0
2
1
18
8
0
14
0
0
274
2319
310
60
208
5011
3
0
0
2
135
0
1
238
3
0
0
211
3
23
0
0
431
1185
0
71
1
2
2
1
0
118
210
3217
1119
2155
0
36
571
0
0
0
317
0
0
0
7
6
1
7
0
1100
0
2
11
0
0
1190
265
13
870
36
11
5690
2186
172
2
12681
62
987
343
40
2
15
1
0
2
11
0
4686
201
0
156
0
1
0
508
2
1
140
0
20
30
369
16
4
140
55
9161
73
135
1270
0
0
3
31
31
0
394
0
7
0
0
166
4301
408
1
1000
11
2
0
11
70
2
43
67
22
0
140
12
9641
821
341
3286
4
62
30060
134
4
0
51
1
1
2
348
21
12
0
0
0
0
70
0
38
742
3
122
0
44
2
7095
4
0
0
92
20
5
3
4
0
45
1
45
0
0
1
179
4
28
60
0
0
10
0
1
41
1
1
2
0
2
10996
140
5
63
411
458
0
0
5865
2427
0
54
0
21
1854
0
798
0
243
0
0
0
0
1
36
10
1
0
4
253
1
23
3
4238
59
23
0
31
1543
4
3
0
0
495
2
1345
8
0
5138
180
545
2
1
54
0
1
9
5
4
0
1
481
38
0
3
45847
4
1202
568
76
2
0
10
0
125
732
1
0
11
92
0
0
23
0
1
1
3757
309
1
29
4512
0
275
0
0
0
1026
17050
33
0
11500
5366
94
68
1
1
0
0
8
20
0
51
0
3
1
0
0
78
0
5
1
0
8
99
0
0
0
0
37
26521
2079
14552
329
247
1195
275
153
2
1
1
1
40
17
0
82
28
13
417
17
1
1089
0
1
1208
2
0
14
0
0
1
4
2008
3418
2357
1
8
6008
1
0
3
2
12
1
0
3
1
0
54
36
2368
2204
0
664
1
0
86
245
4
0
30
1259
145
52
35545
11038
5352
124
3
0
45
0
0
182
11
58
1890
4
3845
0
2
0
0
0
1
0
0
0
0
0
0
0
3605
2
0
0
100
103
50
1
0
0
0
519
8688
2
720
57
0
0
1
93
3483
622
357
0
9
0
13
56
5
31
0
2
0
0
0
0
73
0
78
2903
1
1549
94
0
1
0
16
0
0
2
0
1500
27
45
0
0
0
0
11
0
0
0
0
1
49
0
22
314
11776
8231
26
7
214
2249
8069
53
4
0
33
0
0
164
14
95
0
25
525
2
8
0
0
0
0
0
0
0
0
1824
0
30
17257
3
0
2
481
251
38
277
0
0
0
2380
84
2
0
5
0
0
227
27
0
1708
0
0
0
0
0
0
13
24
0
0
3566
3537
190
3
155
14
9
5
0
0
635
10
31
644
8
0
21
0
1
0
0
0
1
0
285
8892
276
35
24
0
0
390
971
28176
7715
108
3
133
30
0
0
252
8
3173
0
1
1
0
0
1
0
335
8477
4
4
0
1965
242
0
136
69
1
4
0
390
337
33
20
0
0
106
23
1491
237
44
251
22
851
0
0
1
0
0
0
0
0
5
0
0
456
50
82
1
4
12
1
5104
60
20
2395
0
416
6251
2
191
31
182
13
112
9778
1
1
1117
0
0
0
1
0
1
2
0
77
14
18
1
0
0
2
73
40
15
0
0
0
1
70
990
1050
1
878
0
1
0
13
0
0
2
0
414
362
13
579
2
0
2
0
0
0
0
331
28892
6
554
146
64
3759
628
12
348
2
42
10
0
0
0
0
11
29
19
0
0
9
0
0
594
2
942
0
0
0
0
5
73
0
78
2903
336
2553
50
6
13
30
22
171
6
220
0
0
1
0
6
0
0
1
0
3
0
0
20
93
0
0
0
1
10314
122
153
772
14
4
28
6
0
0
122
9
82
18
302
349
9
463
0
0
0
0
0
0
0
0
0
0
493
0
1
7264
5104
60
20
106
17
0
1
70
4
225
3725
0
11
0
44
19
0
0
0
0
0
0
0
1
0
0
17
11
2
637
0
0
100
103
44
0
0
49
4668
714
11
125
5154
0
0
1
0
1
0
0
1
0
0
2
711
1
2804
0
0
0
0
0
0
0
67
4358
347
279
9
18
0
1
56
149
6
0
2
0
71
0
0
3
1742
7872
5
61
237
6
0
0
1375
991
7
0
0
26
3704
69
0
18
13
7
3
45
45
393
13
15
2
15823
20
431
1
0
0
8
240
0
811
61
20436
1
270
85
7
0
0
0
3566
284
0
19164
13739
2
8
5950
20
783
1
0
15
0
0
4302
13
0
0
0
0
0
0
0
0
0
0
19
2227
4
0
0
7953
14
3315
7443
0
71
823
0
539
846
239
3
38
1645
1
0
0
0
1
0
0
0
23
0
0
0
0
0
0
0
0
0
2622
0
2621
3
771
2
0
147
55
2620
29
1678
433
0
115
17
0
2715
0
4846
1
0
0
0
0
0
0
1
0
0
1408
0
190
35729
403
822
2219
13
1623
311
0
0
13
2015
61
135
0
127
0
0
20
11
0
0
34
50
1
19
199
3
0
0
28
13
1826
29
0
146
202
6
0
0
84
1
1
1
3
0
88
51
0
59
1340
1
0
0
0
11
1
1
0
57
0
160
0
0
75
0
111
31
0
4
537
7
0
0
86
0
0
0
1
0
57
0
1708
62
50
7
1
0
0
0
55
0
0
0
1
0
5503
0
179
254
0
8
0
17
1
2
0
1
0
24
0
0
2
0
0
0
41
59
0
0
0
7
928
1
0
0
2
24
1612
11
0
0
0
0
44
538
0
16704
75
5
1
2
2
0
0
1
21
0
0
0
0
0
0
0
11
0
38
715
0
0
75
0
111
31
0
0
0
53
1637
1
1
0
0
117
0
0
0
0
0
52
10
1
386
0
593
0
2
84
1883
2
0
1342
508
1
5807
11365
104
9
0
0
208
22
0
10
406
1
0
0
3
8
31
0
0
2
3
1
0
0
5
0
2
0
6
0
128
40
0
58
622
6
2197
15
0
0
204
18
0
3
60
0
414
0
0
0
2
5
0
0
0
294
3
0
2
26
0
0
1612
11
30
111
0
1066
39
814
0
0
0
2
29
0
1
1
1
1
75
0
0
112
0
8
0
26
0
7
0
13
0
39
77
1644
1029
0
0
1
64
72
0
0
0
2
1331
2
0
0
1
31
0
0
0
0
1
1
0
371
0
316
0
245
0
205
6
1883
3025
732
1
0
63
17
0
0
0
19
1381
8
1
0
0
8
0
0
0
0
0
443
0
292
0
0
0
0
3
0
1612
11
0
26
73
37
1
322
0
410
0
1
147
2434
2
0
1290
1520
10
11
375
0
0
0
0
1
68
0
0
3
144
2
75
0
111
656
139
0
1
256
9
1
0
0
34
2
2
0
7
0
71
53
0
53
345
17
0
0
0
9
0
2
0
64
75
21722
13
47
0
1
195
41
0
2
566
3
0
0
52
0
0
1
2
0
3
0
441
28
27
2
0
0
0
0
34
0
1612
11
0
26
1057
0
0
453
0
7
0
20
0
7
0
9
0
22
3
0
0
0
0
2
24
0
0
1
1
0
921
1
180
295
0
140
65
0
0
0
0
0
7
128
0
1100
1082
27
61
1379
582
5
1
0
0
0
63
0
0
0
0
0
0
1
302
517
513
2
7
0
1
54
83
0
0
0
46
926
1
1
0
0
23
0
0
0
1
0
36
11
1
361
0
721
0
2
117
2353
6
0
6028
1102
8
9
1627
1
24
5
0
0
97
18
0
10
874
1
0
0
4
13
60
0
0
4
3
0
0
0
1612
11
0
26
122
0
71
58
0
72
847
1
0
0
1
40
0
0
0
36
0
700
0
0
0
1
1
0
0
0
273
3
75
0
111
31
0
0
0
5
269
0
1420
52
36
5
0
0
0
1
89
0
0
0
0
0
69
0
0
101
0
6
0
1
15
1604
0
26
0
33
20
232
439
0
0
1
63
80
0
0
0
3
1550
1
0
0
0
40
0
0
0
0
1
1
1
2
75
74
1021
6
120
950
204
3
10
589
0
0
214
41
1
0
0
0
0
2
51
0
108
0
0
0
0
3
0
0
0
0
5215
708
3
1
0
1
34
16
0
0
0
2
722
0
2566
3092
1
0
1
0
0
1
3
0
0
0
1
0
2
23
1
316
848
1017
0
30
32
1404
16
0
2572
7280
8
1925
0
0
7
0
0
87
28
0
5
264
1
0
0
5
8
20
0
0
6
4
1826
29
0
146
32
0
2
25
0
2418
1
0
4701
0
0
0
1
22
0
0
0
53
0
1060
0
0
0
1
3
0
0
0
466
15
39
0
173
54
0
0
0
13
91
0
123
261
119
0
0
0
1
42
0
0
0
0
0
53
0
0
55
0
6
0
156
615
20
0
38
0
15
2
188
395
0
0
1
42
84
0
0
0
3
1735
1
0
0
0
22
0
0
0
0
1
1
1
8580
54
10512
13259
132
122
1
0
0
0
183
65
1
1
0
0
0
4
35
0
3
38
49
0
0
0
0
1
0
0
0
0
5215
708
3
1
0
1
34
16
0
0
0
2
365
0
14
1
3
0
0
0
1
0
35
16
1
396
0
539
0
2
26
899
5675
0
439
10701
0
3
12
4
1539
60
0
0
1
10734
0
3
928
1971
1
0
9
0
102
1275
55
0
0
0
0
0
5
731
6612
1
7
0
3193
9754
8
1
15
4
61
0
12
99
0
0
1045
12
1
46
0
0
4950
54
1
4
0
8
0
0
2
0
87
160
142
0
0
7279
12
2
3663
227
32
0
1
5
2
16
2
1
55
0
1443
385
0
1
0
0
0
2
0
0
3
1
15918
502
2
57
24
226
159
3
9
5
103
4
159
5
0
9
110
0
131
111
0
0
2
91
1
7
0
0
5
0
264
0
12859
3288
2
1049
2
53
10
11
0
10
0
0
0
0
30
266
1
1
0
39
90
1
0
320
2
0
380
1
55
0
0
4271
28561
2
0
13579
72
0
0
0
4
15
245
15
0
0
2
7
1
317
74
0
37
0
0
237
165
501
24
26
15
104
8
15
4220
70
1790
1
2
577
1649
5
539
5
4
46
983
205
5
9
3949
1
350
1
0
0
632
13
1
18
1
0
0
0
1
1
87
5430
1
0
35
599
209
0
1
62
0
18
11
44
0
224
33
4
79
1
2
3
173
0
27
0
0
1524
0
0
1
0
847
54
4
27
74
11
6908
106
2
1
1
145
0
136
11
1
4
0
2
1
0
0
37
1
0
53
0
1
0
19
0
0
147
14
36
3
1
1
2124
0
2
0
2
7605
383
0
147
305
0
0
17
0
91
0
107
0
5
4
6
0
0
1
24
0
274
1
1691
533
9
0
223
165
0
0
7
1
0
20
7
1
1
0
16
0
7
0
38
8
89
3
1
3596
4
0
1
22840
1450
5
149
9365
480
179
2
24183
3
42
208
785
2
49
470
0
159
2
0
143
1
0
3
57
0
38
51
0
1
10
544
0
11815
67
13
0
212
0
1
1
0
38
2
12
0
0
71
0
56
0
0
20
0
1
1
100
0
12
0
0
0
24
115
3
38
2489
626
1
24
3
7
588
747
0
3
0
0
1886
2357
3375
2
0
0
41
25
2
70
6
0
0
1
11
1
0
0
0
20535
493
2
0
22
0
396
0
0
1
3
15
0
0
504
0
1
0
6
0
1
1
0
60
12
0
7
0
1
0
1
117
13769
16
0
15
337
0
120
0
1
10
7
14
2
2
0
4
112
3
1
8
1
0
0
375
600
663
0
0
352
3
0
13
320
4594
80
2
1
579
31
15
0
0
0
0
0
0
30
2
0
87
0
14
13
48
675
0
15
71
251
2
2
21
1
7
8816
125
2
241
2941
0
89
3
745
0
13
253
0
9340
19
2
76
0
0
0
4686
22
0
1
22
3
2
85
378
0
0
4
16780
14
0
9225
7
7
1
0
2
63
16
0
2281
124
203
2
0
0
2
0
0
140
2028
0
1233
0
0
512
0
1
108
0
5211
4855
5
36
2355
1
4
0
0
65
1
176
0
3
3
0
0
37
0
26
0
1
4
0
3
2
23
0
0
5
694
99
169
10158
40
0
65
107
1780
0
0
98
0
5261
2344
8
2033
1
157
3
58
163
31773
201
1
21
7
2
29
3
1
96
0
2
147
6110
3000
4
11
0
979
428
13785
34
10
29
0
0
1831
0
92
33
108
0
1230
2
4
527
4
21
0
85
1
807
3
108
10803
3103
4
6
10
762
0
30
2001
1
73
27
1
15111
4880
0
2
0
5
130
0
1
0
0
2441
2
472
0
0
47
238
0
6
110
475
20
78
0
18644
745
0
0
1
18
4
100
4
2
0
0
1
8
14
20
0
0
101
1
1
238
2
1
1
2
0
1
2532
0
0
14972
22
149
1
2
4
2
0
7
0
0
11
531
0
18
1021
1
44
15
0
2
2
0
1
0
1
0
13228
1086
3050
1
211
171
0
7
5
0
0
0
0
0
789
0
64
0
571
0
2
2
1
869
1
2
9
5
3
0
8321
51
33899
17972
45
6
2330
0
0
23
504
7
2
62
6797
6
0
1148
2977
85
35931
3
0
5
347
0
1
2705
7
7
0
490
39
744
38
108
42
3
1
32
0
1
434
518
2
39
50
1964
1572
0
0
21
145
14
3
3
0
51
3799
5
0
0
4
0
13
7
28243
5334
392
2752
10
38
4
1
1
0
200
36
0
16
17
3117
1677
4
98
3
31
695
34
1314
4
0
3
0
0
0
1797
231
291
4604
26591
4
3
59
24
278
23
5467
52
3
0
4
2
0
0
442
296
266
91
0
0
0
834
5415
5
71
6492
0
0
2
147
24965
1
49
56
966
5
1
0
5
0
4
13
300
0
80
0
0
7
2
0
9
0
0
251
5
71
2802
104
0
5
1467
19762
5
10
18
0
589
76
1
15
3480
2
6
0
408
4
2
2
0
4773
47
0
4
153
128
0
0
725
0
12
31
70
75
1060
51
26947
2
4
3
0
0
0
26722
0
8
9667
268
0
1
71
0
17
7088
5
7
44
0
0
0
1600
0
24
5
0
6
35428
175
483
79
368
125
5199
4
2
1
0
118
10003
0
0
0
3
0
906
16001
5
0
11
0
98
0
40
12
1
4
0
582
147
30
7664
65
0
627
3
122
165
194
512
0
82
18
3
15
6
776
228
3
3254
17
3
0
1
3
0
0
45
8
3
1
4675
61
401
237
424
0
28
115
0
0
16
7
265
8
867
72
5
3633
28
6
66
1
96
17
0
432
1
0
7
1
27
0
870
77
400
109
19
4749
92
2
134
22
2350
1
53
5006
733
433
1
1279
0
1
46
0
1366
1371
25
0
1
364
1
4
0
205
11088
1
0
14
5
0
1
1
5
534
79
2
3051
23
6
73
4
5371
32
2987
3
0
7
0
15
0
379
0
0
3
5
0
169
10158
62
0
310
128
185
802
0
1780
3
8598
97
16
2
0
2
2
0
0
7
5
571
90
1
360
1
1
2
0
1
61
7095
67
149
0
201
3
5
1477
1
0
8
0
5
2
870
0
0
14
214
310
11
10106
31
5
11
68
2343
13
0
1
626
0
36097
346
194
0
102
1
7
1
0
0
1
1
213
1744
1
5
1
34
36
1
6797
0
18
1
3
1
1
12
177
4
0
76
38
207
2
0
141
4
529
0
0
11
242
202
15
7985
32
5
24
0
0
5245
50
59
22
0
0
2
0
0
0
1493
29
312
13228
4
116
26010
121
25
3571
11200
27
318
1
0
34
0
48
1032
2
1
0
1
78
4
0
1
0
469
22
0
1
0
0
74
22515
14
1186
0
10410
125
1
0
1707
0
8
16
19
0
10
2
0
5
1
1
1
60
538
221
5
3
2
11
0
1
0
0
1709
149
35
0
0
6
6219
11
112
14
0
0
7
5
0
4
1
1
0
2409
44
87
0
0
0
0
74
62
0
1
20
0
44171
60
2
947
3
29
11545
965
3
6
5
48
1
0
0
161
0
1
0
0
59
0
1
0
0
18
113
1
0
0
204
0
5104
103
9
1689
0
10
1776
38
71
2
0
0
750
0
36
116
17
50
7
1
5
8
2
4
1
2
162
6
0
0
9
0
8251
16
1
59
25210
11921
321
6
3
0
2221
16
10
9
16
10
124
201
0
0
1
33
1
268
1897
0
1
1
6
189
0
131
13680
0
1
6227
0
11
881
177
11517
2562
196
1
0
5
7
427
183
0
0
0
21
36
337
119
1
1
123
491
0
16
0
4
49880
0
80
10
12
282
0
114
0
14257
15967
1
0
1
1071
37
11
2
38
271
1
0
58
0
39
13459
0
287
0
33
2309
1725
5592
307
366
34
4
0
29
5
0
9
4
3874
0
2
0
0
13
8693
20
76
31
7
0
11
17
600
181
10
3
0
425
0
8615
33996
195
1937
1
18
38
12
40
430
3798
29
14
178
8
0
1121
0
0
124
325
13
0
1
0
973
8911
285
10
0
0
393
14349
1110
212
6851
12
101
471
101
54
0
111
13
3
0
32
0
2
0
0
0
3
7
1
52
1
62
0
0
103
977
0
0
6
110
765
2485
1
1723
12
4
15
278
0
0
1
0
6
1
2
14
4
1
14
0
0
0
0
1
0
2
0
0
17
0
870
12
0
177
6
8
460
0
675
377
0
0
0
0
0
93
231
2
3
447
0
41
3
3
90
39
3
75
1
0
0
2
1446
614
1
628
4
0
0
49
2
1
2
672
0
1
0
0
0
203
765
33
2
0
0
0
2
4
2
34
108
44
4
1
4263
12
219
388
10024
0
904
4
0
326
1918
1
0
8
45
19
1
0
21
72
0
4
0
324
529
2
2
20
13847
221
6
1
4220
327
0
610
1
6833
30
76
0
34
10
26
53
0
179
364
0
446
2
9
0
53
0
11
0
4
423
43
1
2
14
0
35428
87
249
700
113
805
17
1
461
7
0
5
250
2
0
2
1
1
6
4274
0
1
11998
1732
1
12
0
200
13
0
1
0
1612
264
13446
1
95
0
0
48
16731
1118
0
1
16
0
1826
0
11
2047
5
0
112
2
0
2
0
4
812
559
3
50
9
30
21418
21
0
11299
2317
5
4
4
1
7
31
5445
118
3817
4
34
3497
0
554
2
85
0
2
0
0
1343
305
61
0
1
0
38
5104
867
78
7042
3388
1
2
0
6590
101
77
23
0
1207
1
1
538
2
0
442
0
240
2
2415
0
0
0
1
76
1
1
0
12859
35593
19
810
1348
0
363
0
0
0
0
0
0
17
0
0
5
3039
0
52
322
3
0
3
0
5
0
1
0
15
0
342
73
5
472
7882
0
109
4
7
1305
596
12
0
8183
1
2352
1
11
5
2
5310
0
154
240
0
1
0
2
0
185
2
124
0
12859
1017
260
1
2
1578
84
74
0
1
2
100
1
1
820
1
1
0
0
789
207
11
1710
29
0
0
2
0
0
177
88
46090
321
8727
61
5
59
15
0
1
1
45
127
1049
1
5
33
63
1
685
0
5
14
3
2
35
26
0
1
0
83
0
0
0
41473
3
216
28
14
4
0
0
51
1
469
0
5
262
4
1
204
266
2
328
2
0
109
1
5
0
6
1
0
0
17557
110
15406
929
584
460
31799
1596
5
0
4504
1207
2
0
169
136
1
102
0
2
0
1793
316
0
0
0
0
144
5
0
494
37
8
0
14675
4
16251
10
1
0
7
60
0
13
158
0
0
0
83
0
1319
4
0
0
0
2
61
7
0
1
0
0
3268
1184
0
0
0
2887
21232
0
0
0
8
41
14
0
0
0
591
0
0
0
84
0
2
0
0
60
3
0
469
4
3
169
13
1
7330
17
19063
12
3670
0
0
975
3597
1055
0
5
0
121
77
24
0
0
0
0
51
12951
64
1
0
0
39
1017
0
79
0
4
0
314
9481
23
71
1058
17389
387
0
444
0
463
362
0
41
2
41
1
3
4
1
0
0
0
3
0
0
0
1
2
14
1
2111
1
0
1940
386
0
2391
23
128
72
3
45
2
0
0
0
882
2932
6
11034
14
0
0
0
0
7
1
1
1
2
0
562
217
0
1531
11
912
1220
86
64
5401
0
197
4423
22
422
26
4
4
1
8
2
2
2
0
4
14
1
9
4
0
12
0
0
54
2
75
0
111
31
0
28
488
2
0
0
119
22
25
0
0
67
3
0
0
0
20
1
0
1
8
0
74
48
0
47
311
1
839
20
0
1
101
19
0
2
83
0
198
0
0
0
2
6
0
0
0
336
1
0
2
21
1
0
1
2
0
7
0
752
418
149
5
1910
19
0
1
89
63
0
0
0
2
335
0
0
108
0
5
0
24
1
4
0
30
0
45
1
0
0
0
0
0
8204
0
0
0
0
34
1533
2
0
0
0
26
0
0
0
0
0
1
0
28
0
14490
12
0
0
0
23
0
0
0
0
1612
11
30
111
0
4817
0
0
0
2
30
0
1
1
1
3
534
2
1
0
0
1
0
0
0
1
0
291
0
219
0
0
75
0
111
31
0
0
0
5
88
35
1
350
0
466
0
2
137
2971
2
0
1179
8570
0
27
718
0
0
0
0
1
130
0
1612
3758
510
1
0
1
56
0
20
0
0
8
3
0
0
0
5
2
2
0
9
0
80
46
0
62
292
28
0
0
0
0
1612
11
0
26
196
0
2062
0
0
0
1
26
0
0
0
203
3
0
2
12
0
0
1
2
0
5
0
21
723
33
0
0
75
0
111
31
0
0
0
5
1376
0
0
154
0
8
0
3
0
4
0
16
0
55
1
0
0
0
0
0
122
0
0
0
1612
1023
627
2
0
0
1
23
1
1
0
0
0
0
1
22
0
8273
69
1
356
0
0
0
2
21
0
0
0
0
0
0
1035
136
0
55
57
12
0
0
0
1
42
39
1
0
0
6
964
2
1
0
0
6
0
0
1
1
0
254
0
26
0
3
1612
11
0
0
28
1380
0
1027
1
2
1173
2
151
253
86
0
0
1
75
0
0
0
1
0
3
52
1
174
0
1146
0
1
117
2353
6
0
6028
424
15
65
1051
0
18
2
0
0
97
14
0
9
620
1
0
0
6
5
61
0
0
5
3
0
0
0
1612
11
0
26
122
0
71
58
0
72
628
0
0
0
1
38
0
0
0
34
0
976
0
0
0
0
1
0
0
0
256
3
75
0
111
31
0
0
0
5
269
0
1420
52
36
8
0
0
0
1
85
0
0
0
0
0
69
0
0
73
0
7
0
10
15
1803
0
55
0
33
22
199
438
0
0
1
48
78
0
0
0
3
1600
1
0
0
0
30
0
0
0
0
1
1
1
2
75
88
640
1788
160
0
1
120
61
0
0
0
0
0
2
49
0
24
84
17
0
0
0
0
6
0
0
0
0
6
792
1
180
295
0
140
65
0
0
0
5
33
45
2
291
1
514
0
2
132
3374
2
0
1045
17342
455
22
0
0
0
0
0
149
0
1612
3758
510
1
0
1
56
0
20
0
0
8
3
0
0
0
5
2
2
0
9
0
80
46
0
62
292
11
71
0
0
0
0
8204
0
0
25
258
0
3626
0
0
0
1
30
0
0
0
194
3
0
1
24
0
0
1
3
0
5
0
370
31
20
2
839
57
0
1
90
34
0
0
0
2
322
0
0
145
0
4
0
24
0
4
0
38
0
17
3
0
0
0
0
3
28
0
1612
11
0
26
1392
2
0
0
1
21
0
0
0
1
1
0
1
21
0
19649
16
0
0
0
17
0
0
0
0
0
1
0
302
517
11429
0
5
0
1
59
89
0
0
0
46
1088
1
1
0
0
14
0
0
1
1
0
582
0
239
0
0
0
0
4
1612
11
0
0
28
92
38
1
306
0
424
0
2
132
2568
2
0
1261
278
79
4212
3
194
0
0
0
0
2
52
0
0
3
466
15
39
0
173
1585
62
0
0
142
18
0
0
0
17
2
2
1
5
0
70
40
0
53
809
2
0
0
0
0
0
5
1612
11
30
111
0
1669
0
0
0
2
36
0
1
0
247
3
0
2
9
0
0
2
3
0
5
0
193
21
368
0
0
0
0
8204
0
0
0
0
34
978
0
0
885
0
11
0
25
0
5
0
9
0
36
3
0
0
0
0
0
25
0
0
0
0
1035
902
2
0
1
1
35
52
1
1
0
0
0
1
448
0
5105
0
235
0
176
0
160
1
0
0
1
54
0
0
0
0
5215
708
3
1
0
1
34
16
0
0
0
2
722
0
806
1
0
0
1
2
0
0
0
1
0
1
26
1
340
0
686
0
708
23
2224
11
0
2569
1254
24
5
20
1866
0
0
3
0
0
117
23
0
5
343
1
0
0
6
6
42
0
0
7
3
0
75
0
111
31
0
4
56
0
58
50
0
50
1438
0
0
0
1
110
0
0
0
40
0
570
0
0
0
0
7
0
0
0
466
15
39
0
173
54
0
0
0
13
91
0
1426
54
217
0
0
0
1
41
0
0
0
0
0
58
0
0
91
0
8
0
236
1036
18
1
32
0
21
4
221
371
0
0
2
36
86
0
0
0
4
1885
1
0
0
0
19
0
0
0
0
1
1
1
1557
362
1934
4
31
2
0
0
0
152
34
0
0
0
12
964
6
1
0
0
10
0
0
0
1
0
183
0
18
0
4
0
1612
11
0
26
1565
0
7329
1
235
12
0
0
1
100
0
0
1
2
0
3
34
1
308
0
650
0
2
102
2937
1
0
1573
508
1
5807
11365
0
0
524
1212
445
1
6
0
88
4
0
0
0
134
15
0
0
32
19
0
51
615
0
0
0
13
21
36
75
0
111
208
227
0
0
174
1
1
0
3
0
90
50
0
2
0
0
0
36
0
1
0
87
0
1252
0
0
0
0
6
1612
11
30
5754
1
0
0
3851
20
2835
164
14
866
3
0
0
21
0
0
0
0
0
82
0
1
0
3
1
0
0
5
0
1612
11
0
26
196
0
500
42
281
0
0
0
1
26
0
0
1
1
0
62
0
0
45
0
6
0
12
0
11
0
3
0
300
903
5997
528
0
0
1
44
85
0
0
0
2
1523
2
0
0
1
22
0
0
0
0
1
1
1
3
0
4597
0
0
0
75
0
111
31
0
0
0
0
0
7
292
0
1745
265
0
0
0
1
86
0
0
0
0
14
672
2
0
0
0
9
0
0
1612
11
30
1649
0
3476
1
0
1360
6
15
335
447
4
10
0
14
8
0
21
1533
2
323
1904
448
1
8
141
6
0
2
0
75
0
111
31
0
0
0
5
88
35
1
350
0
466
0
2
58
8859
0
2
36
5107
3
0
7
1747
9
141
5496
1
2
17
21141
0
3
0
11
11
6
4
0
0
0
2
2
0
4
2
2
1
0
0
10
0
12
14
0
6
12
13
2
0
0
0
12671
92
1
0
0
646
866
7
16
9
3
0
468
0
2
7
92
153
0
4
20
4
0
3
17
1
978
57
221
3
0
86
5669
12
10
10
1
0
609
84
29
17674
55
1
26
6
44
3
6
475
450
0
0
2
1046
62
38
2
22
138
0
4527
18
0
230
37912
7
10
2490
8
526
0
411
4
0
2
202
0
0
0
29
0
1752
0
333
477
19
1
2
0
0
0
0
265
0
243
128
40
0
12
29
10
7
9366
26
179
51
13
11
4490
7
6
324
36
0
1
4
4
0
0
14
0
3368
0
1431
4
0
104
3566
65
131
67
2
0
0
0
91
16302
241
3388
345
103
1
119
94
165
179
2562
6
12
136
17
25
6
3
1058
0
2
0
27
12480
8674
220
5
34
17542
113
166
187
10
217
2
5
0
881
0
0
1947
0
1
0
507
8217
0
57
2
0
0
1
20
70
177
25
147
37
1696
137
2592
0
14
2
150
22
1208
0
0
9558
122
14
7
1
6307
9
46
5
9
8
72
0
117
4
1
0
2
559
4
10522
15
131
594
5
2
3
1
0
2617
302
10
76
7
1
21
0
15
0
0
5599
0
114
0
13
34
0
24
0
0
164
138
46
153
1297
6412
0
88
13
11
14755
1
241
3
114
60
6
0
2
4
0
5393
0
5
2
3621
6
14
1
0
0
2009
69
110
27
2
16
6963
3
266
15
0
3
99
435
1
62
0
1
0
130
102
0
0
0
0
0
0
0
9
2
10975
1
11
230
166
1644
15
8
0
6
2
0
0
6
222
599
0
8
1
3
0
65
89
0
52
338
2
510
0
21
2
9147
0
848
0
3294
4
389
12
8904
3
19
8
0
3
1
363
388
0
1
1351
1
3
4
2186
0
439
1
0
689
2
347
1
4026
0
0
139
69
6485
3
5
220
4
68
4
0
0
15
27
1
12142
1
57
0
1
0
0
37
0
0
71
0
0
0
0
257
0
64
145
559
4
16887
11
26
0
8
135
0
708
0
0
0
0
0
0
0
0
1
0
404
2
58
0
0
1
0
0
0
150
0
1141
249
512
7
52
371
23
25
0
0
486
11
448
3
2
1
0
0
0
0
2
7
503
2
289
1
0
2
0
0
0
0
0
69
3454
1
0
5106
1
563
306
9
1
302
3
0
19
0
0
29
0
5
0
0
1
7
1
414
1
0
2
0
0
0
0
69
947
0
142
1
0
502
1
445
213
15
1
3632
13
0
153
1
20
0
0
86
0
1
38
1
12
39
0
0
1
0
0
6576
4
586
15
18
5
2843
35
0
489
0
404
300
10
365
37
1
0
417
1
0
17
14
39
2
2
3
0
0
7
2
0
6364
4004
374
1
11
67
12
3
0
566
1
535
234
1
5
4
7
62
1131
2
1
2
0
5443
0
674
0
3688
0
4
0
251
69
19482
1
807
1031
7220
3
175
401
1
209
3
2
0
164
858
13
4
0
1
49
48
0
22
0
22155
0
3
235
0
1
61
662
13614
12
1
22026
2
13
0
2386
9
0
100
0
1
7
629
93
3
1
14
51
1
0
0
0
583
0
1
5
1
205
0
559
4
3991
5
0
3
1007
2
3
13237
140
4
0
36
29
1
0
1
0
2980
0
0
8
1
2
0
0
181
0
3736
0
490
559
4
2304
329
132
47
5535
100
17
43
18
1
0
6489
0
23
2
4036
0
0
2849
4
0
9
163
0
4
13
281
2115
1
63
14099
0
213
4071
14
1953
6
257
0
46
58
2
0
0
14
1
161
165
0
5
0
12
14
3
0
0
3
0
0
1
0
4
12091
429
4
2
0
10
1
11
12
0
4
14
12
3
0
0
0
2
7
0
0
0
514
1339
24
30
0
130
23
86
0
2
16
19012
5
2902
0
67
60
2
0
0
17
1
194
170
0
5
8
0
5
3
5
2
85
18
0
1937
77
0
779
390
2
1
4220
2
0
12
57
21
2
2
5141
50
0
1
2178
61
1
91
12
1
0
0
654
0
0
0
22
238
0
597
0
0
1
6
377
105
117
2174
61
0
715
2
267
1284
0
0
0
0
4
0
0
10
0
0
0
0
4
0
0
24
6
0
1
0
11
4
209
5064
4168
70
0
1125
2
0
172
2188
1
0
0
13
3
1
3
2
15
2
3
1439
0
1
68
85
0
1
0
1
0
3
6
5848
3853
0
0
289
7
0
0
147
0
9
303
0
28
0
155
1213
35
117
28
930
18
0
4
2
1
2
0
353
10
1
5104
6
4037
13
0
7197
9
40
198
4
842
0
0
0
0
4
0
0
1
0
3402
0
1
0
1
0
6
0
257
15
0
6
163
4998
0
1329
320
556
5
0
21
1
32
733
57
237
11
39
2
2
1
1
0
4710
9
0
38
0
0
72
0
5
11
26
603
1164
0
2599
1573
716
6
0
0
78
5
23
58
0
3
0
746
3132
125
0
0
1638
25
4
5
4
2736
0
0
0
6
0
1890
456
0
1525
2
8905
1256
2
0
19
9
1
393
0
5
1
0
1
0
88
40
3
0
5
3
1
68
534
3
29
0
3
621
46
1
16050
1642
15
0
2
0
0
7
1
0
61
2
349
0
28
1
105
335
4
0
0
2
830
4
544
4
0
3
0
7248
71
9611
3049
739
1
0
4
16969
0
0
84
0
0
5175
5
1
0
41
65
0
12
0
1
94
0
0
23
3
36
0
0
320
12851
1969
18
2
14
1021
0
1
15
682
0
202
1196
0
1
0
16
0
0
1570
1
7
13
13
3
146
1
0
36
3
12
320
12851
51
133
1
66
0
247
247
30
1647
5
0
1562
3
0
0
1192
0
0
234
2
0
13
698
13
103
0
2
37
56
0
50
2265
0
199
7117
2483
5368
3
516
2
0
0
107
2
0
4
8
0
23
0
0
1832
193
12
294
2
0
46
188
0
1
7
4238
0
0
366
10
0
17614
335
44
110
0
17
374
30
1207
996
7
15
1315
15
4
1041
153
67
72
1546
0
0
1
72
1
2
1748
35
6264
5021
24
180
0
14
176
21
1445
880
2
7
1830
6
1
746
289
0
16
17
32
0
407
2
32
660
2
0
2735
31
412
574
35
7566
37
35
10
49
37
1
0
6
9584
1
536
4
629
4
209
171
0
4
0
6
169
3
1836
0
0
179
0
1
766
19973
1
3690
2
4874
36
9
68
2
0
8
0
1
2442
21
11
0
265
10
52
3933
254
1
0
12
23
51
0
7
2
1
886
2158
126
6708
111
51
240
0
2
1366
871
87
0
40
355
16
2
0
49
5085
2
0
12950
77
12
0
0
87
2
0
49
353
7887
18593
6
1
0
14
7233
174
47
45
4
182
0
0
7
59
1
3
196
0
3
217
5
61
0
0
12567
167
0
9
14
3
47942
6158
2270
25
143
2
1
0
304
1
5817
0
1
1
23
642
8
1
23
5918
328
0
0
0
3
2
0
0
80
0
56
65
12859
241
431
134
4
394
26
0
1
7
19
10
0
0
0
2077
0
583
0
0
14
0
54
178
0
364
34
0
0
57
5
254
147
9376
5
1
31
10
45
0
19
0
11038
0
1
2
21
0
171
4
0
43
0
23
475
4886
2158
2
14
2
7
1
2
5
2225
19394
198
65
291
65
0
180
5
10528
0
0
22
10
802
0
0
0
0
11
0
145
50
8
0
0
0
33
775
0
238
0
87
949
35
95
1
22592
2127
0
43
125
2
16
0
11
35
0
1
291
4
0
48
10
0
0
103
78
0
0
3
0
1
0
128
40
0
9
90
1
0
257
0
1
10572
36
145
2325
92
42
1
0
0
10
0
0
0
1
4
648
18214
10
11
69
6
4
4220
38
601
16882
1
165
1463
0
0
67
3
56
7
207
0
10
0
0
8426
2326
10
6
58
176
1
2
5
25
416
8
1463
0
8251
16
1
12
0
600
0
1
3840
2
10
15
39
5
0
6
49
0
0
6709
84
220
0
0
1
43
390
8
5
0
0
0
8518
35956
153
0
4
29
0
0
1
49
0
109
0
3
1067
3
6
234
6
0
0
0
150
16
8
1
169
140
0
0
4
78
169
449
0
4031
90
1
56
582
0
5237
64
22
408
13
0
3
0
0
39
0
213
1
118
0
0
26
497
930
9
46
24
52
4002
552
215
7166
22
92
1
23
0
486
1687
713
18
0
377
4244
2
1113
1
36
597
265
2
0
3
5
0
5
0
35
6421
4686
770
1100
5378
500
1489
2
0
206
105
0
621
8
0
35074
139
1095
4
5
1
1
215
0
1
1
1
61
0
0
6
2
1250
1
0
826
626
0
164
0
0
69
6675
1358
1
2
176
2
2
0
0
1
2
3
62
0
2
55
10
4
0
15
0
0
9154
1
22423
214
438
3734
0
2184
11363
11851
0
0
0
145
4
107
0
3
0
1
0
0
131
13
4
0
114
0
2647
0
78
2
2
57
320
3
533
253
0
10594
0
90
0
4188
0
0
11
4
0
2034
0
0
2891
2
12
0
0
126
7
62
0
5
0
18
1
11
11
11651
66
4938
110
265
3
166
3
0
0
0
35
3
0
2
0
1
49
22
1
0
1
1419
7484
0
280
0
1
1425
371
0
12867
2
0
8
0
0
50
0
0
17
12
24
0
0
156
0
0
239
2402
0
5
55
2408
0
0
2
13
0
5
77
1
9
11184
6
4282
277
1490
12
0
2
1
0
0
1
361
0
149
16
3
512
1
10
0
6
4
0
10
264
12
167
0
5
70
81
4030
48991
0
263
0
0
1
2
0
0
2
164
0
0
10766
8
50
0
4
171
1
0
9
3
0
0
3
2
13
1
0
7
320
12851
1234
11
12
6
70
0
6
2
1468
8
1
8
5
2
2
9
119
64
0
0
0
1505
5
0
0
0
19
50
0
41
14675
491
34
1271
2
86
0
0
253
0
52
2
0
3150
8314
55
170
1
120
0
2
0
0
23
1
0
1
0
1
9
3
2
797
8021
5
0
3465
7851
88
177
53
0
20
0
8
272
4
359
457
727
1
204
0
0
0
1
5
248
556
25
6
2
0
0
20033
1
3687
8
29
1
4430
2
3
2
2
175
1
0
2
5
1
13
0
15
1
0
0
0
3300
3
0
724
23506
0
0
1
10353
13
79
29
31
1
0
3
0
700
138
2
770
0
13
1
0
0
1
99
1
32
0
1
131
40
3
0
0
1
11
2
4238
3875
0
254
41
0
0
12
8
0
16
3628
4
5
1835
62
1
43
168
2
0
1
40
0
0
2
2
1
3
388
0
0
12859
12
164
154
490
5
2
102
5
53
23
2
85
422
1
135
349
192
9
67
2
20
40
9
209
2
445
0
1
0
11
53
10343
493
15623
21
4
1
2500
63
7
0
33
0
0
432
14
0
0
0
0
10
2
1
166
1
2850
135
330
0
1
1231
40
1
6
110
41618
21
4822
0
1
3
0
6
141
22
25
82
135
2
0
412
12
202
0
202
1
2
183
18
0
68
0
6
2
5
4066
0
3268
50
1
0
14
0
1057
0
8
23
3
0
0
0
3
44
157
33
0
5
11
2
1
0
0
0
161
72
415
3
35428
12
2
2
3
6
0
0
73
400
0
0
0
276
3
187
223
648
2
3
0
0
4299
181
0
0
904
2
0
9
0
1
28875
0
11
449
20
1
0
0
36
0
150
1
0
0
1
0
3985
0
0
6
15
859
0
0
1186
3
0
438
0
1
0
325
31988
2
251
1
53
24205
23
1
22
249
250
0
6
1
1
1
285
0
5
3
0
2127
53
8
1574
2593
26
11
187
4
0
0
9950
3
643
3
73
196
155
162
21
1
1318
200
17
3
328
3
10
0
3
0
0
4889
52
25
49
392
0
3
2015
0
4
1540
28222
2789
5
1
4
202
0
2
1
15
6
2
0
13
1
553
3
0
0
52
6
37
658
1
41
0
0
0
123
80
1
64
320
27420
1
18
260
0
4
0
0
1
9
1
53
33009
0
150
180
0
0
6
0
0
0
54
1
6
27
5
0
14
0
3
73
71
26
14
2095
0
10
15
1205
6
1
0
0
1166
0
0
29
38
8
1
148
0
296
0
0
79
1026
0
0
76
23
2
8294
1089
4682
3
254
16
48
1
0
5
1
10
853
10
317
5
0
0
225
144
41
98
0
318
1
1
96
341
58
0
99
4
2752
263
94
5
13097
0
117
0
0
1497
0
10
1
1
7
0
73
0
0
92
6294
2
23
6
6
4
1190
9
8
498
7
44
302
140
16336
2
196
0
12
4
20
0
2
3
685
7
46
5
936
0
0
0
1
28
0
0
0
9481
783
331
0
1
9
0
12859
241
90
1
10
6
64
4
107
16
481
4
0
28
0
11
0
3
77
0
0
2
0
274
123
648
0
14
0
2
237
234
11
31773
33168
79
16
346
214
4
6
2
166
4
237
336
0
5
4
2645
13
184
259
4
0
244
5381
45
0
0
19
0
2
0
1612
2849
2
1
0
0
0
4
0
6
132
1
87
0
0
17
2
0
1
4
3
256
1
2
0
0
0
1
2
1
9
11
16646
1405
230
34
7
1804
1
0
16508
163
2
35
1
1
1
64
510
450
0
0
43
614
0
0
0
13
3
1
64
91
0
1
10505
349
224
0
618
2
179
14
0
3
32
9
2
42
1199
14
7
1
1
0
0
322
4125
23
0
47
0
0
1
4
0
4
509
38
0
8
7
1
5293
181
0
311
1
4999
165
4
20
0
7
0
0
0
2
0
0
497
0
1
24
0
9
2
450
0
15209
6
380
4
75
2960
0
344
6
5
4
0
584
5109
76
140
59
6
187
1
32
2
2
304
0
0
44
0
61
19
0
71
25
72
77
5
1767
20904
14
416
183
2
965
44
344
20
7488
3123
83
102
0
14
703
4
0
1
1
6
25
3
331
3
1
0
6
0
0
1386
16015
0
0
1540
18
3
6
42
657
0
0
0
2
217
0
3
2
1
1956
1
0
0
1
0
0
1
30
5
4220
38
0
383
0
1
59
0
0
0
1
3060
452
7
15891
1
5038
5491
15
0
2
1
1
22
1
3
5
0
0
10
0
1
87
56
1
978
529
24
0
8
733
0
0
6964
105
0
0
33
5
6
0
3
13
1
7
0
0
0
12
0
2
0
0
6
62
603
1135
0
1
5
0
0
0
10630
0
5796
716
0
1
1
637
9
0
0
0
15
0
1
47
1
0
2
13
14
0
1
100
3
127
4
85
4710
4
1
6
759
56
2
7
30
0
184
4
9
204
0
2
1
1115
0
0
25
14
12
0
0
0
0
1264
0
29
1
0
4630
181
15
251
0
2
170
0
0
0
1
2
2
0
15
0
0
10670
809
0
0
2
0
1
1
18
5
16025
332
2
2
5
2
19
1
0
158
16626
566
1
0
1
0
2
63
0
6
3
132
80
0
6
0
0
1
377
0
0
2
842
0
93
0
9
2
1
10032
0
8363
126
0
2
5
6541
12
13693
0
40
3
0
6
0
127
0
0
4
205
564
0
2
60
1587
0
32810
1
129
0
0
6454
590
2
3
1
0
20
10
0
1
40
312
4
0
1
92
1288
0
1
0
57
29
1
5
0
408
0
16510
0
209
0
5600
468
0
1
0
0
37
50
82
0
0
4
0
153
0
9
15
198
0
1
1
72
6
0
5
0
32277
4
33
0
0
865
8
0
0
7246
11
4
1
29
0
1
0
1
99
60
39
0
0
0
0
1199
0
117
3
698
0
76
13731
5961
2949
6444
1
36
0
120
8
11
6
105
287
0
26
5
2392
172
11
0
0
1618
3377
13
0
20
0
1471
123
3
21
0
11581
244
24273
11325
0
0
68
0
0
1
76
0
73
1857
2479
6553
17
1
2
37
0
0
23
0
0
223
0
674
27
0
0
22
11
0
224
347
0
5
2
0
1
3
21
416
212
1
9225
5
11
0
70
0
0
0
27
13
0
0
0
4770
1235
728
58
148
3086
30
1540
15376
1812
68
255
0
66
839
359
19
10411
2
10
0
228
0
0
0
13
53
0
0
0
2174
12
6525
6
4825
206
4
0
91
4509
626
3
12634
3
1
0
154
0
0
0
8
66
0
0
0
6922
9
17006
4
21
1
5
0
1
212
43
0
30
0
5669
12
11779
27
42
0
174
1
45
0
1
134
0
0
0
5069
359
24
5
3
0
1
223
1
29
93
0
0
1
0
0
0
54
1996
1934
13
74
1082
6
7
0
3471
7001
617
10
1332
0
7
0
0
2
0
62
22
0
0
607
0
0
0
203
0
0
0
48
1722
178
322
7
5486
2557
99
9
3337
0
6
3
0
1
0
33
515
2
0
5502
0
0
0
509
0
1
0
31
0
0
0
169
678
67
691
544
270
0
45
987
335
0
9207
7
11
0
271
1
0
0
43
53
0
0
0
2167
0
0
426
75
7
21
1750
8934
4806
483
362
93
122
17
629
0
83
351
256
24
14049
2
29
0
243
0
26
0
9
110
0
0
0
5606
8
5182
29
9
2887
8934
4806
483
2064
51
985
1
55
532
212
19
14789
5
9
0
990
0
0
0
10
85
0
0
0
4786
515
1086
0
0
1
0
0
169
11900
207
626
0
249
6
117
0
1
142
0
0
0
5354
43
691
215
5081
1468
444
13482
77
6
1442
5
9
0
0
0
0
0
12629
2338
55
5802
0
54
1785
218
9
9162
4
11
0
1776
1
0
0
10
58
0
0
0
4793
117
199
1509
0
0
3
0
0
0
3263
457
730
4
1376
10
86
0
1
44
0
0
0
4299
54
406
87
41
655
0
2
0
38
102
1
0
445
0
0
0
1
0
5669
12
7
441
11
24
0
1921
790
449
9
5114
0
42
172
0
0
1551
0
0
0
2119
2
1
0
2
0
0
0
0
1
87
11918
3
2
10022
288
921
0
0
1031
0
40
1240
177
3
12776
3
4
0
3874
1
1
0
14
87
0
0
0
4392
80
27
830
18
100
5971
4
296
1323
49
929
4
81
0
34
1319
149
19
14029
6
20
0
4177
1
0
0
10
64
0
0
0
4616
278
4619
12284
0
0
992
1
39
2302
360
8
12196
3
1
0
3048
1
0
0
10
87
0
0
0
6299
312
1009
882
72
2729
3
8
3
0
0
4
0
91
4509
626
3
12634
3
1
0
1652
0
0
0
12
66
0
0
0
6304
473
4525
145
115
0
31
0
0
0
0
0
0
0
156
1419
878
8
143
1378
4
10
0
3253
74
7454
5
3004
9
2
1
93
56
0
0
728
0
0
0
1213
0
0
0
0
0
0
5659
53
1504
9
497
99
0
0
36
517
13
0
15139
2
1
0
2854
1
1
0
37
40
0
0
0
337
475
186
30
0
0
1
440
394
3
14269
1
1
0
7689
1
2
0
6
246
0
0
0
4826
100
1271
83
54
0
19
9
0
0
0
0
0
0
2
0
5669
12
7
441
11
24
0
1921
85
1293
114
37
1
0
57
267
0
0
1347
0
0
0
7182
3
1
0
3
0
0
0
0
0
30
594
78
152
21817
0
90
2084
219
9
12585
2
9
0
4913
0
0
0
10
31
0
0
0
2241
40
1737
0
0
2
0
0
0
3263
457
730
4
1690
14
41
0
2
49
0
0
0
7194
4688
27800
229
89
2619
0
9
28
0
0
1
0
27
174
0
0
425
0
5659
53
3293
110
73
0
3
947
0
1
0
4980
3758
22
5
0
26
31
1
0
836
0
0
0
40
0
0
0
0
0
0
0
169
678
3046
8060
5
6
0
53
878
257
0
11259
3
6
0
1392
1
0
0
45
43
0
0
0
2953
1
239
7
374
0
0
2
440
394
3
14269
1
1
0
1715
2
0
0
5
291
0
0
0
6427
1875
253
0
0
19
11
0
0
0
0
0
0
3
0
0
169
63
970
35
259
0
2809
116
550
124
0
31
228
12
0
2538
0
0
0
3275
3
0
0
51
0
0
0
0
2
0
27
338
2960
26642
0
16
0
47
418
132
15
8666
3
18
0
2293
1
0
0
15
46
0
0
0
2873
114
956
302
8
20
37
301
33
2
0
91
4509
626
3
12634
3
1
0
2411
1
0
0
17
70
0
0
0
9724
2374
833
842
0
0
31
0
0
0
0
0
0
0
606
1740
652
8
119
1074
5
7
0
3385
31
1125
22
1044
0
10
0
0
2
1
56
63
0
0
985
0
0
0
4279
0
0
0
48
1722
178
322
7
5486
20
5675
36
5
0
34
256
7
0
3986
0
0
0
4226
2
0
0
78
0
0
0
0
3
0
943
1857
14359
265
29153
0
70
858
329
8
13659
1
5
0
2493
1
0
0
15
66
0
0
0
3832
3670
714
2769
0
0
2
0
0
0
0
440
784
4
2476
2
7
0
0
1149
0
0
0
8117
18
6740
1755
892
2
0
24
4
1
0
846
0
0
0
27
0
0
0
0
3263
457
730
4
4741
53
1229
79
17
12
0
0
46
689
7
0
2917
0
0
0
2517
4
1
0
129
15
0
0
0
16
0
818
103
3181
5380
0
67
1108
233
9
12115
2
8
0
3253
2
0
0
14
59
0
0
0
1624
4093
2858
0
0
2
0
0
0
0
0
5659
53
2907
44
88
0
2
1063
0
2
0
5404
21
1530
26
6356
5
0
0
0
1
0
31
43
1
0
1060
0
0
0
17
0
5669
12
7
441
11
24
0
1921
4485
25536
0
0
53
516
0
0
1416
0
0
0
8467
7
1
0
1
0
0
0
0
0
1
1472
2885
5386
4308
0
35
3115
104
6
12458
3
17
0
4745
1
0
0
17
68
0
0
0
2592
43
942
7
81
107
6
0
0
2
0
5669
12
11779
27
42
0
6329
5
49
0
4
284
0
0
0
6473
15
4529
119
73
1
0
9
8
1
8
71
1
176
96
0
10590
6
61
28
491
0
862
0
0
1479
0
0
1781
0
4494
38
4
0
0
9
621
0
0
113
3
0
4
236
0
0
175
1319
1
2045
2
487
27
3
4147
7
12
483
0
0
0
53
83
0
118
0
0
45
10
0
1
2716
0
1
140
1
26
0
0
7
187
5104
0
333
17
0
222
75
79
188
3
0
1
235
0
1
10
1
15
427
1922
29
0
975
1
0
0
0
0
80
0
0
0
179
0
0
2634
13
0
305
0
0
73
9
3
1
0
5
0
0
22
427
0
0
0
4
71
0
0
0
2
3
6
0
0
12859
5876
10
8
42
8548
2
1159
76
4
0
15
339
0
1144
6
28
0
6
0
115
4
0
0
506
0
4
1
0
0
62
7
10353
1952
203
127
94
96
70
24
0
143
1
0
7
7569
9
11
0
0
0
2
0
6
4
2
0
0
77
0
0
9
1
3066
5104
121
2538
12
2
20
1
47
1
432
5
0
11
3
0
0
43
6
0
101
1
4
0
52
0
4437
0
52
0
5708
102
329
2086
24
505
1104
3
450
2356
2
63
38
0
23
83
5112
58
0
5
0
0
0
373
202
3
3
18
70
2164
3454
0
10482
0
0
0
2887
13270
1
3
0
1524
13
5
1
0
43
3757
0
0
0
31
214
0
3726
148
1703
522
2
63
0
2
198
0
0
6
0
2001
58
42
161
137
1
1751
1595
0
1
3574
78
431
2
0
1
9
0
0
0
1
4
0
17
6
0
0
454
3
1
34
0
147
6110
18
212
2185
0
5
2
1
1
0
2
113
29
0
0
435
3
0
1978
1
0
9
2
1
81
0
74
47
0
1
0
320
4
11
31
0
109
1
223
10
0
31
2
39
24
0
0
5900
434
0
3
71
1
0
0
125
1
0
1991
57
18
126
4
12661
31
253
17
0
117
0
0
0
0
23
0
0
0
122
1
38
0
0
3
0
340
205
2
0
9
0
9364
536
220
1
0
35428
13581
62
77
656
9
48
5
0
763
0
2
1
0
1
1
2
1
8
2773
0
0
493
0
3
1
17
0
0
15
0
0
320
1055
23
6
696
27
0
19
0
2
1
0
1041
0
1
1
1
1
2
0
130
1
0
28
0
1
0
6
62
0
20
0
15922
1560
0
169
0
4
32
2
6
1
1
87
3
3
25
1
0
0
2
77
0
0
2
88
2
205
23
0
0
5041
24
1
5104
386
13
35
347
140
1
2
7
0
0
0
1513
2164
3
0
0
1033
88
0
2147
31
2
993
4
0
1
136
0
1
16
1
158
4448
2814
21562
25
0
159
58
3
2038
5
9
3770
0
0
0
101
74
0
0
2
1
1
0
0
11
16
4
13
21
0
141
1877
2824
0
5171
5179
0
8
1
4
95
94
0
6
806
1
8
31
7
2
0
21
2
609
1
0
0
27
2
94
2
0
1411
355
8199
4438
1
1
0
0
1618
1
0
0
0
0
0
0
1
28
10
0
0
4677
450
7
47
5
189
0
2
0
0
1480
10
12859
6041
1
36
535
81
0
134
0
1597
0
1
2
46
14
319
0
325
290
0
4
0
0
6
0
0
20
2341
0
0
25
34
13755
7
229
2
0
26
98
4821
0
3
7
39
0
1
9
1
348
73
10
0
10
0
10
26
9
0
278
0
1
2
3
0
1666
7
50
4
1
776
0
1284
3
9
0
223
56
14
1
0
380
166
1
2
1277
0
29
5
13355
366
2
0
1
0
0
5
26908
246
5304
4
482
0
1
628
2
225
0
101
0
7
17
39
0
29
0
12
0
8
9
18
17
2
0
1
2
0
1
389
355
17894
854
0
1
1259
2
1
0
0
0
0
1
49
0
0
0
0
900
0
1
1
253
39
5
0
2
1
2
0
7521
1994
2669
3308
5897
137
219
166
0
8
253
0
1
60
1646
38
57
16
2
1
1
31
23
6
0
64
4
3
4
4
1
0
38
28
4002
48
3091
149
0
687
5612
1385
0
35
1
0
0
5
50
195
18
0
102
7
0
2
0
461
9
4
1
20
0
1
0
841
770
1100
5378
90
0
387
9
2
0
0
406
3077
0
0
1470
57
4
23
0
81
4102
0
0
0
2
44
44
3
1
0
0
18
1420
5416
250
938
0
32
1593
303
185
0
0
413
2
9
1413
461
2
22
3601
110
13
0
16
6
398
464
1
38
0
0
0
7
1060
1962
176
0
0
0
0
16
1
4
1
0
39
1
65
4313
1598
2
0
1447
2
4564
74
28
0
1
1013
2
0
31
5
1
4238
625
1904
4
4
0
0
25
1
4
3
15
10
0
10
924
32
11
0
621
0
5
0
0
0
1
2
1
18
3
8
0
12859
3323
16
3
23
1665
1526
0
0
6
0
17
0
0
0
516
1551
1400
4
1
2
18
0
1008
1
2
5
8
1
13
5
378
22663
244
0
0
2
0
50
1
0
0
3853
30
11
0
0
1703
240
0
1180
28
1
727
3
0
1
131
0
1
52
6693
0
0
274
1879
2
0
8371
0
253
31
4
11
5
7
14
0
0
0
667
6
0
32
4
4716
1
18
0
0
0
1
0
168
0
0
320
241
0
250
0
3
20
416
837
0
14636
0
60
12
53
0
175
0
2
55
0
14
0
0
37
48
59
1
17
10
648
0
12859
8522
183
3218
38
4
1
7
65
167
590
31
536
28
7
1
2
728
398
6
44
4534
422
8
5
0
16
0
8
0
13
10
302
41907
670
2
3427
3220
409
1876
0
0
0
95
0
0
2
3750
10
613
77
551
1055
2
0
845
0
4
184
64
0
0
0
0
15965
98
8
5140
1
0
1
92
210
30
0
763
2
0
13676
731
20
0
0
2
71
0
2341
5
1516
511
3599
4
0
0
2152
1
3882
11
17
5861
8
0
0
1
2645
1
11
6
0
15257
147
3
2972
1045
0
4
0
19
143
0
756
0
0
0
269
0
0
859
621
10820
567
120
1
2
0
239
1
3195
16
57
407
0
1
1
11
0
6
3246
530
0
6
62
36
1
0
0
24
0
5
0
12859
5630
1363
2
361
3
1
31
188
13
0
0
2
0
66
840
0
10
20
9
0
5
0
478
0
5
190
4
1
62
1
122
19790
0
2856
2
0
0
8
0
0
589
2
0
51
0
0
19876
74
11
0
2
0
4
0
2
10
1
4
128
57
1446
0
0
12859
2991
80
0
3
1850
15
11773
4
0
2
1
1
16
17428
360
7
4
14
0
0
1
76
1
136
552
102
0
0
16
0
1
1709
407
56
9
0
0
0
22177
1476
1
2099
2
4
0
1
120
1
28
665
1
95
1
92
1467
159
19
0
0
104
0
20
0
38
9319
3
835
0
2238
1
0
147
582
6
1
0
9571
306
1
108
562
0
6
6
0
6
0
0
365
46
192
198
4
3
11
5825
0
3
2990
37
2
2317
2
59
1295
5962
6669
254
0
14
59
18
2
2
1
62
538
0
16
25
241
0
123
301
59
0
3
12859
29
151
8
10
179
109
16
109
0
2
66
2
4535
3
203
0
119
3
17
74
10
350
3
682
1
0
1
434
18
0
0
12859
15
735
2359
877
71
1
2
37
1
12
1300
138
1
105
861
0
0
36
1
16
72
0
81
253
4
303
329
0
326
400
17
2225
18001
0
1040
3891
16
6
3
27
131
1206
10
583
18
20
72
0
73
0
2
148
98
0
6602
1
25
439
0
9
324
1494
1
6
0
0
7
3237
0
23625
252
1
28
32
8
1
9
2
3
315
156
76
932
513
310
0
0
573
2
137
0
1
1
0
1375
13382
27
4247
8
0
1383
1319
10
7584
5
1
0
0
2098
1
949
163
5257
17
26
9
47
3146
4
2934
0
0
38
0
447
4
0
390
44
224
1
10775
38
0
12034
7
16
12
156
27
0
537
61
1131
9
0
2
0
1688
212
0
0
0
0
377
4
0
2
4101
390
44
224
1
6040
16
53
349
26
2192
9
3
12
81
1444
5
1
1654
12
2908
55
0
2
0
93
65
98
17
23
2
0
0
83
3181
25943
497
36
827
28
141
4
104
2
207
621
0
12925
0
170
2
2090
5
0
4017
2782
2
11
17
645
783
14
54
0
0
390
44
224
1
41268
1539
6656
0
39621
1357
2
17
17
123
8
1
138
1315
2
0
70
71
4
0
158
0
2
0
8554
12555
2
7149
8149
84
1
231
7
105
2150
6554
0
22
2463
0
18
0
723
481
854
0
8
744
4
3
0
3
0
594
5434
454
4
1
27
286
201
18
5
5
4062
6116
0
88
13
1716
0
11
0
0
0
1
0
83
11
1
0
0
0
0
0
589
0
0
5
0
5
0
0
91
6871
163
0
571
2
1791
1
0
20
0
0
0
110
1
4
0
12
0
0
0
2120
0
1
0
3
0
275
105
0
0
0
91
6871
209
11
18
3347
8
1
0
0
0
0
0
24
19
11
1
371
0
2
0
0
1
1
3261
0
11
0
2
1
1
8518
2
4
14838
1
2
5
2
1
4
0
0
42
12
116
14
1
9
0
0
0
24
0
7
0
0
13
1895
3048
21
4
0
67
143
38
0
0
0
3041
464
796
49
3
24
189
0
0
0
1
0
0
0
15
0
0
12547
0
9
4745
2
0
0
391
3075
15582
3773
4
627
884
3
1
0
2
16
190
270
3
834
117
0
0
0
0
118
3
2293
11
0
0
41
7
16
0
0
0
67
11
1429
441
1995
3
68
43
6133
10112
1
849
689
654
53
5
4
3
5
5
0
0
47
12
3
0
0
0
466
11
1
2
0
6
23
0
312
18
0
135
0
1
0
2
564
522
0
2
1290
1066
321
270
0
41
3
0
0
0
0
141
7
0
1
211
0
1201
3
693
6099
0
41
7
1
1
0
413
0
0
1685
159
1234
67
15
0
45
7
5
0
92
20
0
0
1
0
86
0
1
48
2080
9291
0
3
0
6
1854
135
5
0
4
708
687
213
693
1
19
20
0
0
0
0
120
7
96
12
0
0
0
9500
961
8666
11
77
0
145
7071
217
7
2
2263
0
48
9
1
0
0
0
305
6
6
0
0
0
0
1532
3
1
48
12
1
5
0
11767
68
2
0
1916
214
3323
32
15
6
0
44
50
122
0
0
0
517
0
0
0
97
0
2
0
0
35
3
0
435
6
2
1234
22
51
3348
98
0
0
0
1607
21
4
0
2
1327
0
215
0
3
0
1495
14
2
0
7
0
0
0
108
85
0
105
0
155
76
4192
1
11
868
0
0
36
1128
33
20
2416
49
4
0
0
1828
449
69
0
2
59
3
59
1
2
0
0
0
179
22
6
231
1
4131
1
382
0
22
4
999
4
878
0
1
0
7015
0
0
3742
4
416
334
0
1
15
808
13
451
1554
0
0
10
847
28190
0
7
2369
2
0
1846
289
1223
0
239
19
0
62
2972
8262
10
0
1
0
0
13
0
202
1
0
0
13
45
6
0
335
0
34
62
1
1
76
0
1
0
331
2
5
3
1
477
17
1371
2922
0
18
1803
0
634
1
283
0
0
6694
0
0
8
71
457
21
0
64
15
101
0
0
0
176
3
0
2
0
2
0
235
5
1
437
1
0
9
206
0
138
2
0
4
532
92
6
105
3
43491
6587
60
49
1153
1399
2334
5
3
14
960
1605
15
0
514
235
24
886
97
5
9
43
139
0
0
6591
8
302
1390
2634
34
1435
0
20
62
1054
2222
1679
225
66
74
82
28
0
97
44
7
0
221
11
451
336
0
1
678
13989
0
8
1
5
16
185
0
33
6
6
0
0
0
11
124
41
431
920
0
0
25385
0
1
8
41
1
0
0
0
303
1018
2
5
0
813
441
0
5675
1
0
51
238
0
7717
12
74
0
0
0
731
1
0
37
0
0
3
702
1
0
6
0
0
8
5
2
0
2
0
0
3061
1
21
2
30110
0
0
293
2723
25
473
44
29
8738
2
0
987
7
0
1224
40
6
0
4
24
0
15
41
0
1
16
0
12733
193
9617
0
364
1138
230
513
1072
4
0
0
1
20
0
4697
0
5
5
1
6
4
2
3
0
0
347
0
37
244
3580
0
0
1940
4732
3
6006
20
0
7
0
22
1
0
1
0
0
0
1
0
1
0
2
0
1
9
0
815
36
0
1014
306
2
111
5104
0
333
260
16
607
47
393
35
2
0
1
177
0
0
515
2
12
146
76
0
0
1
23
0
1
14
0
0
0
0
13
28
7983
52
429
16116
0
618
1956
45
0
0
10
0
0
3
138
0
2270
5
3
19
5
3
0
0
0
0
0
0
12
3
0
128
4422
10
46
167
11306
0
389
8347
12
119
287
3
0
0
1
25
0
1
34
1
0
3658
0
0
0
247
0
1615
0
4
8
14079
52
6
0
3
3891
0
679
2163
8
470
145
0
0
0
3
14
0
1
1
9
10
0
0
0
7
0
1
1623
1205
26
1764
6833
3
5
3
9
3
7
3869
0
620
1946
18
194
5351
257
0
0
2
37
0
326
3
523
164
9
0
0
0
4
0
836
3
7553
8
73
16
0
3
3
6040
0
662
1023
2
1594
31
0
12
1
0
0
11
1
0
0
2
1
2
0
9
1
5
0
2
5010
2
2787
149
240
6106
0
109
1085
0
1
57
0
0
0
0
20
0
0
2
390
119
0
0
0
50
0
0
1
96
0
0
3566
1127
227
341
188
1303
16
1
0
62
9
0
0
95
0
0
0
0
243
0
6245
57
0
10
0
0
0
0
10
0
7
0
13772
20
6
1
0
0
0
6713
0
594
6855
4
1231
70
213
0
0
1
132
0
0
29
0
0
0
0
8
0
1
0
3
5775
5104
0
333
3474
2
206
2894
0
442
34
3
0
1
24
0
0
0
0
154
37
2
0
0
0
17
0
224
14
4
5
3
3
12177
3280
0
296
1893
6
912
107
0
0
0
4
391
0
0
0
0
0
0
1
10
6
0
0
0
13
0
0
0
43
0
0
3086
560
3
11108
0
396
2519
5
794
62
6
0
0
1
47
0
0
0
0
0
0
0
273
0
0
1
7
4
0
0
0
17
28
27001
138
299
15695
0
838
1763
0
93
49
0
0
0
1
167
0
0
0
0
0
0
0
27
0
369
15
3
7
4
2
8
5104
0
333
2849
10
18090
26
0
7
1
0
0
11
2
1
0
1
1
2
0
8
0
9
0
4
31
168
0
180
7
79
31
5104
0
333
8681
5
1312
141
0
0
0
1
1402
124
0
1144
0
22
138
14
0
0
0
5
0
0
0
0
3
67
0
0
0
659
123
8426
2954
17
7479
7837
0
43
4677
5
0
13
252
243
0
0
0
110
0
355
13
5
6
3
1
8
1
0
0
54
0
128
40
738
17830
0
170
10046
0
2655
15
3
45
53
0
0
0
11
10
20
1
0
4
45
0
229
21
0
0
0
19
1
2
8028
15
0
42
1
6
0
7
0
14
0
26
0
24
1
2
0
1
0
6
0
1
2468
0
1099
2474
0
327
136
0
4
0
3566
2164
50
88
890
1252
599
4
0
45
606
0
8713
0
5
5
1
3
4
2
2
0
1
79
0
17
25
217
228
401
1
0
3566
11185
5
16027
1
1
2
2
12
34
3
13
2
0
163
108
0
458
4
1
68
5
33
16
45
0
54
9
0
0
0
0
11
5768
2
4643
87
12839
53
0
11316
63
8
0
0
68
25
0
22
613
1
0
0
9
14
83
0
0
9
2
0
0
0
14
1612
11
30
87
0
3327
1
1613
1
0
0
0
0
3
24
0
1
0
36
0
671
0
0
0
1
1
0
0
0
289
2
0
0
8204
0
0
0
0
34
366
0
227
13
30
72
0
0
0
1
28
0
0
0
0
0
62
0
0
63
0
7
0
25
0
114
0
14
2
6
264
774
414
0
0
1
40
73
0
0
0
3
1829
1
0
0
1
17
0
0
0
0
1
1
1
2
0
10
1697
857
913
771
0
1
100
55
0
0
0
0
0
3
39
0
91
14
104
0
0
0
0
6
0
0
0
0
7
831
1
180
295
0
140
65
0
0
0
5
450
0
16318
13
29396
26
316
740
15
75
37
1
503
58
0
9
502
336
10
38
0
0
0
4426
252
1476
26
0
0
134
20
0
0
0
4
28
36
1
474
0
647
0
2
330
5
3501
0
65
3
89
0
3
2
2
49
38
4716
601
2
5
0
1
1704
33
0
0
229
198
0
0
0
0
454
48
4270
54
44
0
5
0
204
34
1226
43
2
7
64
31527
962
3
0
145
4907
146
0
8
3
1284
1
0
0
0
0
133
0
0
2
1
43
10
0
0
0
1
22
27
2099
0
1
160
16
9
74
10
0
2
151
0
2
199
0
3
1
1328
0
0
454
0
11
0
1249
0
2
1
0
8
2
0
1
19
57
320
2605
0
26
5
1699
2
10
1
26
2
0
3
0
0
1913
18
347
10
2208
309
1880
139
0
186
0
533
49
14
1
418
25
9816
600
4524
202
9275
0
11
1591
8128
7458
20
0
0
18
3187
59
103
1562
64
195
1
82
17
0
0
38
0
54
1
204
5
0
12859
1853
6
446
4
0
406
68
105
1412
0
1542
4
1
0
0
0
0
0
222
2
814
0
0
0
0
0
26
214
1882
0
0
10477
20174
1454
1166
16236
41
7
2060
1
1
9537
0
8
25
10
9
12
7
12
1
78
1
13
0
32
0
106
3
5
1
4
51
21052
53
3
5
255
7
105
0
1559
0
17
34
1
0
30
0
122
0
0
0
0
149
3
653
5
0
0
0
0
0
31
0
33400
5
13
6735
166
3
1341
0
19
58
55
2
1
6324
12
2
0
8
1
1
4
4
37
2
12
4
0
1
6
1336
2
16
5681
8
2089
3416
14
136
2
8568
60
18
3
1008
27
0
1
147
0
2930
0
0
0
327
28
16
1
91
4
0
0
6643
2
286
408
0
1480
581
0
16
7
9
926
642
0
115
1
519
1
0
0
19
13
0
63
7
1
3
1
62
1
306
0
0
2
843
838
2
1
2153
32
2
18
13
4
871
0
0
0
2500
4
3
8
29
0
42
0
0
2409
0
7
0
8
1
221
1
2
0
320
12851
1551
10
429
10
0
308
38
20
6
2
52
658
9
4
0
0
0
0
0
1
1
13629
1
282
10
182
0
3
48
1
147
4575
0
0
882
2487
323
4035
0
1
0
801
9418
0
3014
13
0
127
690
166
0
2
0
89
0
1251
9
0
0
2598
109
24
6238
124
2856
41
2530
0
0
500
988
18
0
13
2
0
1
210
5
0
212
0
0
0
9
0
2
0
43
29
1088
0
0
0
314
1882
1303
3
4
0
0
219
43
0
25
495
26
2
0
959
255
71
1
7257
68
13
2
826
25
0
1
2723
0
3226
6
61
6
0
3028
57
1005
122
0
0
73
230
30
26
2
0
3266
851
9
199
41
0
189
37
717
0
10089
3
1
0
0
0
0
1313
6
5104
61
199
1
95
95
0
2
3495
11905
6
9
943
0
16
258
2
4
63
74
0
30
2
5
0
2
411
5
0
15
0
2095
8
6
1
9736
2300
5
498
14
0
484
3050
1
0
14810
1312
4
11
111
0
0
0
0
0
1
1
22
2536
0
92
0
0
11658
681
1374
1
4
438
30
14
5148
11
0
3761
4
2
47
4
11
5
10
3
3
15
0
8
30
0
14
0
95
0
1
0
1572
0
5
11768
0
2429
0
2
269
7
12
0
1
0
2
1
17
252
0
0
5
22
0
1
3
55
1
0
1
1
0
92
12859
15672
7
531
6
0
1953
28
591
0
1053
22
60
1
0
0
1
0
1
6
0
0
10
1
184
1
0
0
998
22500
3
0
4452
0
0
4819
0
68
15308
0
1347
0
2
0
857
2
3295
8
3
119
4
8035
34
40
2
715
42
0
3
4355
0
5721
13
4
6
0
0
1386
27
270
1741
9111
2
0
342
125
119
71
351
7
400
0
176
39
7
0
17
2
273
0
3
2
5
53
0
7
6812
13
1
1951
33
539
39
6
7
0
97
1277
2224
0
4
572
0
1
1
1457
10
26
62
102
0
2190
0
0
6
0
823
4
33400
5
6619
0
21
1
9
342
0
2
9
0
168
0
0
42
0
0
0
96
463
1
238
0
0
18
36
0
1
165
161
443
838
2
31836
1615
13
4
3526
0
1
7559
155
0
6
1982
28
0
0
0
549
2
168
0
836
43
0
1
292
2232
1
0
6
0
0
826
3338
38730
0
628
323
1912
12
0
150
128
0
593
15
5786
7746
5
198
22
0
2
1202
0
3150
31
0
11
19
0
34
0
11658
1114
0
22
92
4
726
7
17
0
9
14
141
10
0
4
0
25
1
3
78
0
3249
0
5
946
0
1
25
0
29
5
408
2059
6
1
5
2
0
22
1
2
215
0
0
0
0
431
315
439
0
133
0
1836
1
2
0
935
131
0
1
9461
0
0
12859
1853
6
446
4
0
14
53
16
11
2
55
410
1
5
11713
232
278
2234
470
0
5
48
0
0
3
0
0
0
2005
12
4056
6
0
3028
28
3041
815
244
0
0
7
11053
3
0
2
338
4
1911
135
466
0
33
9
0
0
5147
0
5238
14
467
0
3110
18
12640
15
44
4101
9
1
0
2
8
12810
1
56
146
0
4
1
2
98
3
2
0
0
6753
51
14
5
1
14
257
0
0
30
18394
0
1
7811
134
1
6
117
1184
1154
474
0
0
0
33
78
0
7
26
70
0
0
1898
18
1436
1
3
270
1
8
0
2
147
1961
384
7
6
0
0
4015
69
352
4
43
40
0
0
0
105
35
0
1
418
0
0
4
31
3
7
0
12
283
150
350
6
24199
38
4
0
1330
580
15237
3
4
2788
1
1
9
2
0
90
212
9
0
0
1816
0
0
18
895
0
2
592
620
7
1
38428
0
701
38
0
1
280
664
4
4
10
0
1
152
95
3
1
650
897
180
0
143
8
0
0
14
0
3
0
3
9
0
6280
1128
2
2671
0
18
1
38
0
0
91
0
7
537
41
28
0
0
8
2
14
726
3
4096
0
669
33
15
1
0
10
1
274
23
6
589
3
1
2
0
37
19
0
1
1730
8
0
0
0
115
0
2
1
0
481
0
2323
1
0
12
0
102
1
7296
96
11
1
2491
8
0
746
10591
229
2146
8
0
0
0
0
108
0
0
0
4
0
3
0
0
0
0
0
0
0
1
0
0
38
4
12741
2
0
0
1497
18051
2158
3
0
50
980
1
0
269
0
0
7821
5521
4
516
43
0
1
677
9
521
0
0
291
7
23118
0
2483
0
11
4
0
0
0
26
9
2
12
2
15238
1324
8
197
18
0
1
1573
0
1366
7
0
1
0
612
0
1
42
160
356
20
5
9
0
20659
303
4
11
51
38
0
4
404
2
1
2
299
1
189
0
4
2
0
272
0
5
0
3
73
0
147
350
1
12909
1
10
65
0
1042
2
0
0
131
5
29
30
0
3
0
6
1
0
1
4
2
16
0
3
2
471
6
0
320
675
0
0
23
2
31
89
10
2
1
4
0
10
2
6
0
12
1
0
0
19
0
31
0
0
1
2
4
4
2
30
8007
0
17
16
2
618
4
1
303
1
0
6
0
0
149
3
2
0
147
0
75
4
3
0
0
11
13
0
0
485
2756
113
274
2319
139
5
4
1297
28
0
4
1740
0
7444
25
0
1
0
18
78
0
5
5
0
0
967
12356
5041
0
2
0
16
4454
3
16642
4
17395
2187
9
547
14
0
3
629
32
1157
0
3
757
1
285
1
488
1
14
13
138
2
0
0
0
0
113
109
4644
0
13094
27
0
10974
3148
9
309
57
0
3
97
162
305
0
1059
2
0
149
20
3
7
0
0
2
3
0
0
1319
0
0
1142
4148
23324
10
266
0
2691
71
1
1
1362
37
0
6
1631
0
4351
6
7
0
0
668
81
61
0
574
22
2
0
2090
106
0
0
7
11
2665
58
4
0
88
594
47
544
0
1164
0
35
2
233
0
2
5639
16
140
1
27
0
0
5
3
0
5
0
2
1
0
3543
218
276
5
5
34
152
13
2
0
0
1
22
195
10
0
1507
2
1
5
7145
7505
9
139
21
0
4
0
0
1
1043
33
185
2194
36
1
1
1369
6
1
0
992
1
0
384
632
0
192
15
0
4
0
294
0
23
64
0
6
0
28
1
2306
9
13
16234
363
8
74
86
26
0
2
4
329
1373
3
1
871
17
1
66
14
0
556
0
2
12
2
0
0
438
0
1339
739
12
206
274
2319
139
5
4
1297
28
0
4
1740
0
4491
12
23
0
2
0
23
0
0
0
4
0
16
0
34
0
0
0
0
1155
9306
119
34315
29334
3
1
96
0
3066
5803
5
349
24
0
1
53
0
0
1540
7
1
1
2
91
49
2
0
47
0
99
0
2
61
11419
22
6300
3
0
1006
2611
339
28
3795
776
24
0
120
2
0
5310
0
1
783
0
1
0
93
0
16347
0
20
415
0
4266
3
147
25
2822
43
2
23
873
1
0
36
3
3623
1787
1
896
164
264
0
13393
112
24
1
1027
47
0
1
3095
0
1171
3
5
0
16235
3
1440
0
0
0
0
0
22
5
2
0
0
2677
8776
1
250
0
1
0
1
2
0
620
0
0
51
7
0
3615
348
0
9598
315
2124
1382
31
5
1
0
4
1
0
1982
276
507
0
2
1214
18
96
3
1
1
0
3
529
2
1
0
5
31
1
0
12859
1853
6
446
4
0
14
676
31
862
1
1
8
3
1798
0
4
116
5
2
1609
11
165
1
30
12
0
2
0
0
2148
1
10177
14
0
1
18072
13
1
13
3
7
0
7
20
7
0
0
117
0
16
13
1
0
1
10992
1010
0
299
12
0
1
4408
16
9897
3652
1787
82
46
8
2
1
1260
114
0
1
0
1299
0
0
76
0
0
17
0
0
0
0
10
3
0
13
19
1
2
1
6712
44
0
185
63
3
4
10438
4131
2
131
22
0
3
86
196
16
9
1
4171
0
1
25
27
0
1
11
0
12
1
2
1
11784
3661
0
17
1
0
12
0
15
2
1
9
0
1326
1
13
0
1
4517
19
3
6
1
4
1
1
0
0
0
0
1
0
44
6
0
62
0
752
6978
8
0
9519
80
14
0
0
2
3
1
225
163
0
1076
148
15
1
1
20
57
6
0
29
74
0
3623
2
3
9
4
4
1492
1
60
0
0
2654
288
0
0
104
0
0
3
1
1
2
0
2
2
3
161
143
3
1
0
7
10866
4
1
750
31
0
1
318
119
1
1009
355
1
2
0
1
2
1
0
2353
184
0
10
1364
9
0
1816
1308
75
0
275
136
2960
4
6
2742
203
1070
186
11
0
0
0
509
20
0
1
0
1
0
0
7
0
34
159
8
0
1053
10
2714
0
0
3491
4
200
723
0
0
889
1
0
8
2557
4
1
3
2
6
1
1
0
6
0
0
0
578
611
399
0
0
0
0
2
1
17
3133
11
11869
1771
88
0
3218
1
0
20
6
5
20
0
56
4
1
0
0
11
0
4
24
46
2
0
52
1
2662
9284
17
3
6
1631
940
1337
68
0
8
0
2150
215
1
1
1532
32
0
3
2245
0
7055
3
12
0
2
0
7
0
8
0
52
7
172
0
8
509
485
23
0
47
0
3
0
2685
339
68
20
32
0
0
52
0
0
67
0
0
3178
294
0
1
0
3
1
1
0
1
11
147
6110
11805
5
380
10
0
5
386
662
2652
0
4
1
3229
0
2
23
0
0
0
0
0
0
0
9
1
1
1
17
0
3
297
8
8
844
4
0
2200
2038
348
103
250
0
504
9
13
2
0
3
8
1
74
0
1
0
1
5
9
0
26
1
0
0
126
1199
0
1480
53
28
195
0
14
8
515
2
1676
20
3
411
0
3
22
2
89
0
3
0
2
229
1
543
1
0
2
33
11800
663
3
0
0
0
242
1
46
0
6
0
12
0
8
0
0
0
27
5
2
0
0
17
1
3
0
3
2
0
0
4
1646
15
1
12
2
1
0
0
249
341
2
2089
24
4
21
0
0
605
12
3
154
0
7840
552
1
297
0
1
0
1
5
0
1877
33
45
1
14
5
1
40
9
322
3
6
0
4
51
0
0
0
0
32
2
1
0
197
4
4312
454
0
3
0
25
619
3335
42303
266
122
710
12
0
9
882
78
26
0
257
0
406
300
1
102
0
514
103
0
7626
60
3
0
13
29
0
0
4
5
5239
17
255
26
260
1130
60
484
223
72
1
535
163
2066
7
0
0
881
1
1
0
0
1111
0
2
186
0
25
0
0
10
85
2846
1987
136
0
2001
9239
11
43
738
154
0
540
1
1
13
701
813
0
0
634
0
1
5
0
1
714
3
6
111
23
0
42
320
10102
0
0
1108
49
0
45
1
0
985
641
2
48
1270
78
0
27801
2
1
1
84
14
865
58
1
283
458
2145
0
114
1
15311
150
7
61
184
0
1487
2021
0
2190
112
1
219
357
259
1
1947
58
7
0
345
8
0
2
1999
0
1831
3
2
0
38
0
87
23834
2
7
9
160
0
142
142
0
25
1
0
0
3581
98
160
1765
1080
1
0
8364
3
0
1850
517
1
6
3245
0
0
25
9161
9571
1
3498
2
3954
150
0
7
269
3
0
199
0
1
8
20
0
0
236
0
0
0
5486
1617
0
848
44
0
4
3775
10
9897
3652
1787
41
1
25
1309
1551
1
160
0
1
0
1
5
0
7
36
6
1
2
0
1
0
8
177
28
31
1
192
1
0
10316
53
1
15
146
0
68
74
60
68
0
4
0
0
84
5
2
54
7
0
2004
1423
1
12
1
42
1975
0
0
13
11
14
38
30
166
0
3544
10
843
9
3
0
45
24
0
6
75
0
11
0
0
26
0
1
27
164
12
13
3
9
0
3159
2704
942
314
363
0
786
74
1
1
1698
36
0
7
40
2
5403
0
0
603
9002
1
25
0
0
0
5
261
0
4
4438
3
1
0
0
163
161
156
0
792
24
556
58
2
1312
1
0
553
35
148
7
30
0
0
0
2
21
1334
8
0
2
1
1251
0
3
7
1
4298
1
1
1
829
0
0
34
773
51
125
0
53
7
0
0
0
338
52
0
296
1
1
227
538
3
5
28
0
124
0
4
509
1099
6
60
8
2
68
0
0
13190
0
1
0
0
21
2
32
0
0
1
133
60
0
1
25927
0
0
0
4
11
0
1
9359
6
5383
48
142
0
1
1
1
5
0
0
3
0
0
61
83
1
2
8
0
217
1
226
776
0
1390
0
57
111
1
2
314
129
55
0
1
366
2
2218
3
1
0
5
0
17
10
1
121
1089
11
1
57
14
0
322
0
0
1
3
0
4
360
5
160
1
21146
1534
0
4
9
6
5
58
0
18
32
12
0
1
1
0
1
0
1
118
1
0
10
286
8
3
0
208
28
45
1854
3906
1
5571
172
7
2
427
24
0
3
1906
0
4037
12
8
0
47
0
7
0
8
0
1
0
9
9
11
1
0
1
184
274
2319
139
5
4
1297
28
0
4
1740
0
7763
32
6
0
0
0
795
2213
30
1
0
0
39
10
61
474
1614
0
6
55
30
314
1409
24
0
27
17238
223
420
1
5
37
503
106
50
1083
656
2
1
0
3
1
1779
6
0
4
4
1
0
133
327
0
0
3439
9445
3
5
1
660
0
206
0
277
16
1
60
5
3
382
0
0
258
308
22
0
1
1
1
3
0
51
9
1
0
5
390
22
112
307
0
1082
0
0
1
273
0
1
7499
1506
8
489
3
0
75
101
43
3
7
16
1
1
1
40
0
10
1413
0
28035
0
0
1602
17371
6
169
944
671
0
0
194
84
99
2
1
78
9
181
0
4705
302
308
1
333
0
1
0
1
3
0
0
5866
39
11
2
1
15303
37
7
52
181
15
347
9
17
401
1
0
4
1
0
0
0
0
0
0
0
1
1
40
5
0
0
12080
0
139
8
1
3
10925
573
0
0
0
0
5
0
0
1
1
11
4
2
8912
1
0
0
357
18
3
2267
2788
76
51
0
163
4777
31
47
0
383
73
0
2287
330
507
591
72
2
3285
1235
2
1
0
0
0
1
2
0
0
26
10
1
43
62
13
1
12859
8158
0
2
102
0
5
5748
5
79
27
0
3
621
2
0
0
518
7
0
99
1
33
2
97
0
1
42
0
1195
68
0
638
1
72
0
3
0
1
0
64
19630
22
6402
3
8901
3
0
0
0
1
0
8
2
22
11
2
90
78
0
131
0
6
0
3082
2
20
1079
4
0
45
1
20
22
3
3974
4
909
1
6
146
182
1
0
0
0
1
8
0
0
0
0
0
0
69
28
22876
8
68
7495
322
0
10
1
1
1545
23
137
0
11
0
3333
22
0
10
0
43
146
16
2263
0
0
2
0
5
1
4
0
7248
39
358
1
10602
1066
1
1
35
7
2
0
13
19
22
0
0
0
5
59
0
0
73
10
4
3
881
12
1669
1
0
0
47958
0
4
141
2
0
54
0
463
166
11
0
18
6
0
2
120
0
0
2175
0
0
11
3773
0
0
3
9
0
147
17
1
12859
2375
8
1
1
231
6638
9
9347
0
2
2
0
0
0
2
0
622
116
31
0
2687
131
16197
0
1831
64
1
37
229
204
0
24750
1473
5
258
0
3233
2927
0
21
17118
5559
6
1389
7
0
177
149
709
14
48
0
4
0
0
0
0
0
0
42
0
0
0
38
3
471
531
0
100
14
1
17
1
0
2
34
365
53
13
89
6
248
159
2
7
0
0
0
2
18681
37
2
0
317
2456
169
2937
42
3
308
12
19739
53
52
1
317
20878
0
0
0
0
66
10566
0
1
0
3
276
8269
34
1
0
16
67
2
188
3680
48578
3153
199
690
3
0
78
2499
0
0
141
196
233
0
1
0
498
0
2
1
751
175
3
19
2164
1
95
60
0
0
4
0
1887
40
40
42
1
292
2
15
1
4
135
0
200
7
0
0
3
97
88
9
1
0
500
0
1
0
6
0
19
0
0
2
7637
0
3691
52
183
1
131
67
0
0
4586
3
104
0
11462
399
4
488
12
0
334
1862
43
0
10097
6
1
0
0
1
0
140
14077
0
53
260
12
0
7
380
25
3
35
2
2
81
0
13
0
0
21
12
8
8
0
0
0
0
0
0
0
418
1306
17
314
0
3474
4
0
7259
41
51
3
8
0
15
471
19
17
490
0
73
3338
1
0
20
23
9
0
1
0
353
0
5
1
0
10580
2
185
98
2
2
472
0
38
9
1
0
5
0
0
0
757
1
0
442
64
1032
130
42
0
0
126
13526
37
112
0
50
147
1961
6
12
13
44
17
18
3
0
37
22
1
21
3
564
3
0
0
0
38
47
4
0
3969
0
738
2500
16
0
0
0
19873
0
201
17
3
3
1
878
10
5589
197
2
0
1
72
2
1
1
0
0
62
0
144
0
9
677
1
0
0
11
74
16
12470
6
482
13
5288
0
13
12
1
2
6
1
15
0
2
0
38
1
6
5
2
0
0
4
13
1
0
0
5877
668
4
0
0
826
26
322
474
35
9
35
687
0
16506
67
5
0
14
35
2
0
4
1
153
0
2983
5
1
1
26
14
0
0
1188
173
32021
12
56
987
633
0
0
0
5
0
12
0
0
44
0
34
0
4
15
7
0
12
1
2
1
16
1367
0
0
0
4
1
6
400
0
25
0
0
624
1
1248
4329
270
1
193
0
0
47
85
0
0
2
0
15
433
1
6
7
0
0
5
0
0
99
28227
590
1
302
1632
1
4
0
0
0
25
211
12623
0
10
0
3
2
33
1
0
0
62
117
2
0
7
0
12
1
0
34
509
7771
24
251
1067
7
0
242
5
0
7
5463
58
5
2
862
37
0
1
91
0
2484
18
276
0
2
477
2
0
23
7773
2
5866
39
11
2
1
83
184
130
7
52
7
0
0
113
184
0
54
10
457
38
53
0
2663
48
13
2
527
12
0
1
4382
0
17662
56
166
0
0
0
2800
23
8695
0
0
0
75
0
0
163
45
945
63
0
0
4509
262
11
51
8227
25
14
0
1
0
3
440
595
1
8
21
53
0
132
0
0
1880
19
0
2
2
16275
0
121
0
26
0
0
0
10
48
0
22
188
1
16
0
70
845
5
11
267
0
2
0
4935
260
0
0
0
0
0
197
1
1
0
2
18135
0
247
2
203
0
442
0
1507
185
510
61
1
38
10664
663
4
0
25
16
8
0
0
691
55
1062
0
7
20
32
0
5
23
42
0
0
118
4
4
1
0
0
381
46
524
38
4
72
2047
62
148
907
3
21
7
2208
3598
7
9486
0
0
0
9
5361
15
3
430
1
2
2296
7
4
0
10
0
605
0
160
3866
3
0
5
299
38
15
0
2963
10
835
0
2
18
0
0
7
1
11
0
0
4
5
0
873
0
3
483
158
0
1169
561
205
5
44
1
22
50
0
0
380
8
35
105
0
903
0
0
0
0
0
0
0
5
0
0
9
0
0
810
4
21
0
0
2887
67
1785
26
1
0
0
71
5
0
607
4
189
0
0
2809
21
77
3
0
3
17
12351
0
0
0
0
7
0
685
162
6
95
133
0
21
0
6056
320
0
0
0
0
0
121
1
1
0
2
1540
24
0
136
2857
37
133
133
68
6
0
0
151
0
7976
564
254
55
7
1617
4
0
0
212
2459
18
0
0
2938
108
26
277
130
0
0
116
6131
3861
627
2
2
2
5783
8
10
5260
4864
15898
12
409
0
1226
1003
0
0
10
106
0
65
0
0
31
84
460
0
1
282
1603
0
2
0
2
10
0
2552
40
280
104
10477
22
15640
573
0
23
17
0
0
2017
7
0
6045
89
137
178
1
1003
81
20
2
1836
26
0
1
179
0
4047
0
0
0
919
260
0
19
13
7
20752
1
2
37
0
0
4379
5297
5
643
56
0
1
383
3
0
0
2174
50
870
1
4
0
0
0
22
49
6
36
0
0
209
0
105
10
0
0
0
553
3
2
2
200
4
1
73
4
29
0
135
6
2
9
21
2
6
0
0
0
320
53
7
7
3
20
0
267
0
671
0
334
3
2
0
1
169
1
19
147
0
8618
1
139
135
0
3683
16
0
4
6
9
160
178
9396
43
0
7331
2574
16
2889
34
0
3
290
530
1706
1
1
17
2
328
0
117
7
3
3
367
0
0
0
1
4
3
4191
2079
9
94
12
0
55
19
3
139
0
7
0
116
0
47
246
520
2
113
0
0
0
3185
0
70
3
0
15476
2
55
14856
2846
244
45
7
7
9
3
695
0
6
15
5
85
2
3532
63
9
2
1396
35
0
1
75
0
1440
0
0
0
499
500
0
293
2045
2
13
5868
3
59
9
14652
4635
3
248
16
0
2
1
294
0
852
5
0
4
54
124
3
2
56
87
2
0
351
32
0
274
1
9388
0
233
0
3740
446
8
113
168
0
1
0
1
0
16286
1153
226
7
0
0
2
1
0
77
0
3
82
1
2
75
11800
10
0
13138
11
190
3
65
50
0
0
3
57
0
0
1770
9
6
1963
186
10
50
844
4
51
860
0
1
20
38
0
2
87
46
625
3
1
85
3
0
141
558
0
267
65
1
836
4690
0
31
278
20
0
2
79
0
26
0
5836
168
5
2
1160
24
9816
600
4524
202
6760
0
11
0
2103
29
2929
1141
106
0
22
0
576
164
2
1
281
219
0
558
1
240
2
0
1
30
0
149
22502
238
0
56
18
5
0
4
7
0
0
3
3
1150
4
3
0
0
1
5
0
430
0
1716
0
0
26
13
20
26
0
0
3035
1034
429
0
3449
7
160
1
53
17
0
0
10
1
7
10
0
30
1
0
0
13
1800
17
102
2
1609
36
0
3
165
0
16235
3
1032
16811
1
534
0
4
1
580
1
0
457
1
0
2
0
0
5
0
0
14
402
8
3
10
3
0
5
23
0
1
25458
2
3616
360
0
8109
1
22
4827
19
12
2012
1121
4
0
17
1
0
1
20
28
3
4
0
1
0
0
0
4
36
1
68
147
0
3422
0
3
8
2
24
5
3
1893
369
577
3235
0
0
1554
13
1
7
0
0
0
0
1
586
0
8
188
1
0
0
18550
386
2
35
0
4
12
9
0
6
0
6
0
635
2
0
93
0
0
2
1
171
0
6
14178
310
2
7
0
4
0
5
314
1
555
0
5
7
678
56
1
39
1
22562
14
231
0
0
68
3
0
25
0
1
4383
0
0
7
1015
67
0
0
0
0
10305
11
0
463
0
0
0
8205
30
2868
2
5583
0
0
4
68
4457
0
0
16789
1
0
162
0
1
0
7
0
5
1
0
0
6
0
0
1386
3891
190
11226
9
0
108
56
0
9249
5554
4
394
22
0
2
946
1750
5
5
1
4
0
105
108
14
26
0
2
3035
3
5
0
0
1733
220
99
10
0
0
4
115
0
0
654
1988
8
465
58
0
2
891
31
161
1
1
101
613
3295
51
111
314
363
0
786
74
1
1
1698
36
0
7
1637
0
6850
4
15
0
58
0
5
0
14
0
10
6
0
0
734
196
61
1665
0
2045
2
8031
2
0
80
1
0
63
143
0
1508
5
6239
152
7
8
49
19
0
4
15
0
2
1
6
1585
609
7
85
2
40
6238
124
72
10265
715
55
21
0
0
6
1274
13
3
16
1
31
29
0
1353
0
0
0
1381
26
195
88
0
7
11
61
61
7
37550
33
201
0
11
12
0
6
72
0
4786
187
4
20
44
49
0
6
26
0
4
0
4312
1
23
0
0
2
1
290
2
0
6
36
305
0
0
57
1
5
0
0
2
5
0
2
0
2
0
13
0
68
0
11
2
1
9
2
8
0
0
1
0
2
14388
0
2
32
305
96
5
9521
125
10
1
13925
1978
0
69
0
32
4706
6
0
1
23
7
3
1920
2571
16
69
49
139
0
89
274
8021
3
6288
1653
0
85
0
2839
96
5
2
559
26
0
2
3814
0
5610
17
1
0
0
0
1257
7403
73
1
0
0
952
928
38
2213
0
0
180
0
6
5
0
0
890
148
0
0
0
0
2
0
0
1339
39
153
9
4
4104
106
77
2
2042
41
0
1
4532
1288
4019
493
478
17169
135
781
4
6
137
47
0
13
1253
0
0
105
137
10
1
32
43
0
0
11
9
8
4
0
0
0
28035
0
0
2525
3294
388
3406
6
967
71
8
0
21
0
0
0
537
7
1114
22
95
2
0
3
25994
0
6
59
0
3
0
0
12708
2105
430
27
1
1164
24
16
0
78
5
4
933
0
830
5
0
2
899
4
42
4
1
210
47
83
8
0
0
0
0
1
6100
138
0
9
0
1099
95
18
151
2
5638
60
15
2
764
36
0
1
2835
0
2996
3
3
0
2
292
43
32
0
0
667
1243
1557
4626
1442
1897
2
4
2354
0
0
2550
10
1
1
0
2
0
13
1
18
3502
19
0
4
0
6
0
11
4
0
1
0
2080
297
8
8
844
4
0
2200
2038
348
13
20
119
22
0
48
0
0
43
0
1
314
0
0
985
0
0
68
2
28
12
0
3
5088
3962
0
1
4
6
1
0
62
8
209
0
0
577
5
1
0
24
10
35
54
0
0
1
3
105
249
0
0
1
21
0
20618
1
9
36
744
0
1
0
11
0
8
30
2
15
17
0
59
2
1
0
9
57
0
1
0
637
0
20
0
6
14
21
4298
1
2662
0
21
22
1
2
17
6
3
9
48
4
0
42
1211
0
2
0
1134
94
0
13
20
0
3
3
1
95
3
2
3869
0
603
0
575
818
19
0
0
448
0
3
2
2
0
2
917
0
0
1565
65
59
163
1
7745
90
8
2
1829
34
0
2
12401
692
3463
29
80
1
0
0
3038
3153
30
313
14
0
726
798
0
42
23
0
6099
4
168
2
49
33
0
0
0
159
2
25
4151
165
0
24888
2721
19
24
6642
73
0
4
6
0
5464
9826
0
0
737
8
0
22
1
33
8
0
22
1
0
0
5250
2
153
3602
6
55
3500
6
136
0
19
0
0
373
0
3
0
96
1902
27
0
11049
21
7
6
25
2
0
3385
0
6
1187
0
0
2
5606
41
1864
581
7
2
14770
3040
10
607
8
0
207
86
1114
12
233
0
2
0
0
0
0
0
0
5
0
0
0
3
0
331
29
161
60
14
6
76
0
0
12521
0
18
0
0
28
2147
58
5
0
13
2
1
6
665
1
2
0
23
0
5
2
21
2281
297
8
8
844
4
0
2200
3989
1
42
1572
3
509
0
0
388
1
2
143
1
0
3
0
2
0
0
33
11
4
0
1
0
20991
5655
1671
4
333
12
0
4
3181
14
15
0
2
31
9
0
78
16
20
0
0
1
0
248
1
379
0
1
0
0
4
0
6082
323
16
13008
4
18
1348
1318
0
3
0
23
53
83
0
1
0
0
63
254
3385
1
962
469
11
1
2
1
2
0
384
192
11419
22
6300
3
0
1006
439
0
1085
88
18
638
1
1
0
0
0
0
11
2
2
152
0
0
0
15
4
1
4
157
1
168
13429
4
57
3
724
2
0
6520
15
23
7
0
0
0
0
0
1
66
0
109
289
1
0
4
45
119
1
7359
241
5
4
158
9598
315
2236
2276
9
173
484
2535
1518
0
0
21
643
5
287
0
1
64
0
0
362
0
0
3
2
5
0
0
58
19
0
42
2095
84
0
270
0
3
0
239
0
1
312
0
0
2
26
2
1
923
9
0
0
11
7079
886
3
5
152
48
0
3
3358
2
185
2233
89
851
1
8
47
19
0
34
296
22
2
0
0
0
0
0
0
0
0
0
27
0
3
168
6
0
103
0
57
1
19046
17
14467
895
3
92
49
0
4
362
0
293
0
0
75
186
18
0
5
0
0
259
5
15
0
215
4
0
0
0
12
1
7713
4
4
12971
7
0
42
37
14
246
0
0
2
44
448
0
11
0
5
6
0
4
0
115
4
339
0
14
3486
224
42
12
3143
47
569
4
476
88
6
7
2591
5263
0
83
169
0
2696
69
14
2
2
0
0
108
0
3310
93
5
1
801
39
0
5
211
5104
11204
0
0
0
779
741
1514
1
268
20
0
420
19
79
2
0
0
2
0
1
0
5359
4654
13
0
0
0
1
1
0
7
11658
50
18
33
88
3
32
2
0
0
4694
178
17
15
82
26
0
6
637
2
1
46
1
172
0
2336
4
3
19
0
0
0
24761
99
666
211
5251
1
29
1
1
156
0
10
0
0
2
10
133
2
4
5
2
0
0
0
249
2
0
3
294
24
1396
889
1557
4626
1442
33772
24
0
3
4
152
1
1053
79
19
5
701
36
0
3
234
0
1927
0
0
0
1755
6749
2080
2
8
0
398
90
2846
1987
136
0
8
34
1527
0
4
1469
0
2
2
726
1
1
193
23
2
5
6519
67
32
2
1808
37
0
1
106
0
4261
11
11971
26
446
1182
2
66
6
2
0
828
6
13
5
0
0
52
0
28
1
9
5
150
105
68
31
3
0
0
0
4
4
0
7713
1
6
23
44
0
4
360
0
2
47
0
12
0
13
4
0
224
0
1
14511
142
5
11
0
2
0
19
2
65
15
12
2372
124
7782
24648
4
1
0
1262
0
1
0
55
0
4
582
0
0
0
12
2
427
32
0
0
0
414
1
12212
1
4
1
5
38
934
14
0
17223
3
8
3
1075
17
1
0
85
256
18
142
1658
4
11
9
2494
4
19
465
0
2
979
5
0
0
0
0
994
607
282
3
2
0
0
1
0
321
23
0
542
373
1
10
30
22
1
0
2
0
2
162
64
56
23
3
1
117
7
0
10702
21
6
4
4
26
5
401
0
10
11
0
2
12
0
0
794
0
243
2
1033
1
26
0
1
7
1
0
70
0
268
11
3041
14
318
0
3508
44
4
1
1369
47
0
4
2033
0
4544
3
7
0
88
0
2
0
1
0
16
0
0
0
0
0
0
0
9816
600
4524
202
10629
0
12
1666
214
0
15
18
80
0
0
0
13
10
1
1
1565
0
0
0
4901
0
1885
482
1
135
0
1
1631
940
124
187
10
269
29
2
0
0
0
12
122
32
9
9
658
0
0
1
10
3
8
2
0
3765
0
0
2
12
2
41
9161
577
8
1427
0
0
0
5
266
233
3
40
1
0
0
0
167
44
32
300
7
1
25
166
5
10
20
1
106
0
2002
0
408
28
4
0
11
1
8
0
7394
0
61
658
9
111
847
3
5
0
3121
579
0
521
11
1
1
0
0
0
1
4843
181
0
320
1030
0
198
2
4468
1299
1
552
50
0
3
3380
12
5
0
2
3
19
3
4
2
0
0
3
0
0
0
0
1
490
121
21704
27604
3
2
94
617
0
0
228
0
0
40
16
4
0
0
1501
1210
0
2
1
25
0
10
1
0
4
0
70
10
0
1
3510
2
0
152
5
29
448
0
181
0
803
0
3
684
0
0
1
5
0
104
0
12
70
0
2
1
1
0
0
402
0
0
34279
14
11
71
0
39
1
0
15
22
1
37
16
4
1
2
0
160
0
48
0
1
250
1
0
0
1
13
4
0
4
51
28446
111
2
246
1
11
6
1
0
184
1
11528
28
21
2
2788
30
0
1
204
0
4749
0
0
616
99
3
82
0
0
0
260
147
0
174
55
386
1
22
18
0
10
0
38
5
42
1
4566
0
25869
0
0
0
894
0
0
6
4
8
500
0
0
1
1
6532
4935
1
4
409
0
0
997
19
0
1
3773
31
19
1
1
109
5
0
0
1
0
236
2275
490
0
1204
1645
0
1
0
1
38
40028
14
8
2
20
0
0
0
36
268
1
0
0
6
5001
5
2
0
1837
8
111
0
236
7
0
1
0
91
0
0
4
9825
0
9370
4
45
124
0
0
2334
867
0
651
19
25
0
190
654
2
0
60
243
349
0
0
0
1275
5164
0
507
5
0
1
1379
3767
1
10
730
391
13
1
1
2
0
2
0
3
1
9
0
0
0
603
823
0
0
5
2
0
577
3
0
0
0
0
185
2233
256
3
5
4
133
10
0
5
4
0
4
1
29
0
1914
502
0
0
0
1
80
1168
3
5
0
0
9
0
3
0
1379
3767
1
10
2396
6
0
5
424
0
0
0
142
217
0
0
0
335
0
435
3
0
8
0
0
0
708
0
76
4545
1
1
39310
20
1581
420
0
4
22906
3
4717
223
0
0
0
1176
242
0
43
1
0
88
0
7
1
12137
460
1
2
112
36
49
0
8
797
6632
0
1
0
0
8
0
4
1
1
0
371
0
3
0
15
3517
1266
2
94
12665
5
309
2
159
0
0
0
238
0
0
32929
1
1
92
0
0
236
110
2
1
0
1
828
6
0
23
0
0
29
432
0
114
0
0
1
0
11
0
115
0
2
706
11
23716
848
11
5349
3
402
19
0
3
2016
1
17
1
45
2891
58
2
0
0
1
1
0
0
311
433
70
12
1316
254
0
150
11179
0
0
5544
33
213
0
9
57
7
0
4
0
0
637
0
0
6924
3261
59
11
6
1
75
37
0
757
224
4
282
297
10
274
3641
2
0
770
2098
184
788
606
6347
111
449
11
1
263
10
4
1
200
0
0
29235
0
22
2
5
5
0
3
0
115
2
2357
129
33
2
25
5
341
0
493
1
5
1
0
0
1026
142
3
0
1
14455
307
17
7
69
54
0
1
3547
34
45
265
456
38
3217
371
1211
0
10
0
3
5
4
0
0
204
4
0
4
0
0
0
0
258
0
3
15
2
1
1486
0
110
9
1
1
11837
10
87
5
7622
55
503
333
1
9741
121
7
2
1015
26
0
1
92
0
6158
13
1
35
0
9
24
0
0
0
1301
496
0
2045
2
15
876
3380
9
2
1433
0
0
3
1
2
8
594
0
574
0
0
0
0
0
1053
8
0
92
48
0
511
0
11
10
9517
3451
0
591
11153
150
8
0
0
174
21
0
8
431
1
0
1
5
10
43
0
0
4
3
0
0
0
4
1
2
0
8
75
6156
10
3971
2
0
13
8
0
0
290
18
0
2
75
0
817
0
0
0
1
8
0
0
0
289
2
0
1
16
0
0
1612
11
30
111
0
35
290
554
0
0
0
2
28
0
1
1
1
1
71
0
0
69
0
6
0
9
0
1
0
49
0
12
77
1644
1029
0
0
1
64
72
0
0
0
2
1331
2
0
0
1
31
0
0
0
0
1
1
0
2
0
164
6408
0
0
0
0
8204
0
0
0
0
0
0
41
394
0
25
22
67
0
0
0
1
29
0
0
0
0
15
540
2
1
0
0
10
0
0
1612
11
30
1649
0
4920
370
306
0
5060
18
1886
162
0
0
1
141
0
2
3
2
0
4
29
1
245
0
738
0
1
306
19
1965
7
4537
4
0
2867
242
1970
3
3
0
2
7
0
16
127
0
54
0
5
33
1
7
1
82
166
1
0
118
2
4
697
42
5481
3
0
1492
14
170
1
3
0
218
0
0
734
0
2
0
0
0
0
253
9
0
69
0
0
0
0
3
1
0
0
12859
11850
0
0
531
14
0
58
0
1
0
1
0
751
0
40
0
14
1
1856
1
8
0
0
215
4
23
22
234
14
0
901
621
1416
13484
1
0
0
3850
297
3
0
0
0
0
1811
84
44
346
1
0
458
0
1
229
0
1
0
2
2642
5
129
2
112
3153
27
12974
0
201
2088
273
4116
0
43
292
9129
172
11
1
6634
248
29
15
20620
22
23
40
0
0
4
1463
270
424
60
1
24
3153
27
2283
301
239
3172
16
0
6828
465
8
1
0
4871
2
872
323
22
1
65
667
3
11337
2514
0
11536
1
3
2
2
0
6
12859
2092
4
4
57
2586
19
5
13
9
0
0
1267
6
1
67
32
2233
2374
2
377
0
0
0
489
1
0
0
2973
15
1
10045
1621
5
19
2440
487
0
76
1
0
0
706
12
3334
32
21
6
36
9
8
47
2
1336
319
1
186
39
0
2
7
29
3
842
509
19297
1
11
11
299
1916
4
8
2
2
1
635
74
19
0
26
0
0
3572
4
57
139
19
1
1
0
3
3
0
1
2
11683
36
4
4
0
2
133
133
0
9
1
0
0
2476
2365
51
0
0
5317
0
0
2
395
0
0
314
2
0
188
49
4
3
21981
6553
0
3402
500
350
2
224
0
0
1
0
4835
115
4
5
11639
42
601
0
0
0
14
2
1
12
0
1
2
3
2
1932
14683
1
0
212
3
0
7
0
236
207
0
3701
22
1
5
0
3251
518
0
0
0
0
3
1
0
6611
0
341
0
5
0
3
12167
8
0
1056
0
2
1
143
1845
349
53
1
57
0
36
209
0
2
9
0
0
0
57
186
0
23
1
0
0
3479
327
856
20501
42556
1
114
1430
193
0
0
5918
22
86
169
3212
0
48
0
1
42
18
4
0
278
1
1
2
0
87
3
3
3
73
0
21174
26915
353
26758
0
76
13766
2
260
166
317
31
6
25
28
86
21
2
2
85
248
0
272
0
52
6
12
0
3
6
3
0
314
36
2313
67
399
4
0
13290
953
0
0
60
160
0
239
0
273
4
0
6
1
2
703
2
44
0
0
3
288
45
0
0
4238
0
0
1519
282
0
8
11
0
27
898
300
4296
11
15
0
1
0
87
19
2
0
3
2
10
2
0
21
0
0
272
11645
38
4716
4893
6
674
68
179
18
11
22
113
23
56
16
0
0
6372
4
0
0
482
141
5108
32
1
36
15348
0
125
1
3214
309
1126
16
1144
1017
172
27
280
43
78
406
0
2085
63
2181
0
0
0
0
0
93
19
124
214
4293
0
1
9455
4100
0
0
0
0
9816
600
8059
1
61
1449
0
0
133
645
7517
5
406
0
886
45
10
0
762
29
0
2
1597
0
2808
2
16
0
18
0
23
3
18224
0
10
0
3011
137
1089
0
4309
6072
0
2050
0
0
60
1
1
1
0
51
12
116
0
0
0
19
2
4964
14
0
1
0
1612
2561
0
1
5
0
193
6
0
76
11
0
239
10
0
0
1
1135
6
4
41
0
44
0
1093
0
5
83
1
42
5
3
9005
17
98
1
971
0
48
3767
133
0
1351
12
139
0
7078
5008
1178
0
2
353
0
0
7
970
0
815
0
15
5
3
1
0
12798
1701
0
604
0
86
315
0
13686
1975
6
2
0
0
19809
1318
37
15
272
68
6
0
7
0
0
109
0
1
0
3
0
148
19046
1123
5
0
148
15660
4233
322
96
0
7
199
4
24
0
0
33
1
1
106
38
3
21
51
0
65
6804
3
2
1779
0
3
14191
307
181
0
0
38
119
7
5838
1
850
95
0
1
2033
6
24
1
14989
0
0
116
2
3096
112
1
0
1002
39
0
6
241
5104
993
0
10
1
9
3
27
6189
185
276
2523
1
1
6218
6
186
3
3
4529
66
5
1
1065
27
0
2
53
0
59
2
0
9455
0
2
32
0
411
508
0
939
0
25
0
0
0
724
1
0
13
2
5189
3
1
0
0
0
0
54
6
0
0
39
31
1612
3758
510
1
0
1
56
0
20
0
0
8
3
0
0
0
5
2
2
0
9
0
17328
3
2237
2
0
1
0
0
0
4
1612
11
30
111
0
2100
1
0
0
2
34
0
1
0
262
3
0
2
9
0
0
2
3
0
5
0
206
127
535
0
0
0
0
8204
0
0
0
0
34
978
0
0
511
0
7
0
9
0
17
0
50
0
46
3
0
0
0
0
1
23
0
0
0
0
1035
902
2
0
1
1
35
52
1
1
0
0
0
1
50
0
25103
1901
2348
2
0
0
1
39
0
0
0
0
0
1
0
30
75
3620
5907
5
24
0
1
184
39
0
0
0
25
892
3
1
0
0
84
0
0
0
1
0
499
0
2480
0
7087
108
4
1356
26552
0
29
211
0
1415
10
4477
418
0
0
160
13
0
0
0
3
14
25
1
369
0
523
0
3
357
7
18922
7
471
8
0
390
3277
10
4858
30
61
0
0
12
1208
4
4
0
1869
1
9
431
18947
0
0
2
1
61
46
0
1451
0
432
12
32
23
0
7619
6
0
63
4
458
555
540
0
14196
12
4
22
0
8
57
0
0
70
287
2501
917
1
3
0
0
458
2
72
0
0
0
4925
1527
164
100
15769
6304
4
468
7
0
5
60
57
0
0
2
311
1
0
0
0
493
5442
7
0
0
1853
48
2127
403
0
139
7896
205
0
14386
8443
3
189
10
0
3
385
0
2
27
29
0
1
364
0
1
83
1
1
0
802
0
0
1
2060
0
2
1
1612
5178
3
501
159
581
0
3574
11
9
102
0
0
1126
7553
2
103
317
144
32
25
16
129
17
32
0
0
0
18824
122
1219
4
28035
48
64
73
256
145
863
1433
2342
23527
1
691
1
0
0
317
4
0
1
1003
34
846
2841
0
36
44
2
1
6
2
0
0
4532
1288
6497
0
0
0
1512
6610
3281
5947
0
5589
0
0
2
21
9
0
4559
6366
3
484
302
227
34
7
1676
107
8942
2
1
121
261
50
8
28
3
6
1
0
2
206
7
0
0
6
9269
10240
3
146
15
0
2
24
191
1
0
74
0
1
1
283
0
4
147
10432
4
150
14
1
118
46578
137
2
5
0
0
18
2
37
1
0
5
119
0
2852
1
0
2
5
57
0
24
0
0
0
0
826
834
135
23
1747
0
13112
34
16
1
1673
51
0
3
2074
0
3182
2
10
0
50
2
14
0
0
0
842
23
1926
3083
369
9309
24022
1
2
1963
413
46
1
3
2
4
0
0
0
1
8261
2458
3
260
248
177
26
6
1705
745
0
3
0
59
18
0
0
28035
48
64
73
256
29
238
11
28
20
0
215
32177
53
2482
4
0
0
0
0
0
90
0
2395
0
0
1
8
2
0
0
14
147
6110
1008
8
387
116
210
20
6
4257
2
0
7377
2283
4
1
1
0
0
7
890
2670
22
2
4
264
0
1
15
3
0
1
9598
315
2236
9536
505
2601
0
6
0
1954
54
341
6
31
3
0
117
1204
6
76
0
3823
236
13
7
48
287
173
0
2
2618
4
4220
100
1380
35
3
0
60
1345
0
3166
4277
0
298
118
332
42
6
53
292
127
0
803
2
1
52
293
54
182
5
0
5
0
320
127
10
0
0
43
147
4
78
70
730
0
1875
56
3
1
488
65
0
2
45
1
1570
0
0
0
305
2891
256
38
31
5
32774
9395
4
2
0
40
719
0
37
1
10502
1782
149
3
179
7
0
3
20
133
0
0
5874
0
10
0
1
0
1
4
79
7
274
3641
134
142
38
153
158
10
0
320
256
0
12
0
0
39
0
51
1352
26
8
251
1
10
73
5
59
8
14
1
4
3
28147
4
19
92
0
0
9086
4386
10
622
5
0
3
4841
1
325
0
1
0
1
0
309
24
232
22
2
8
15
2
0
0
1
1612
6663
404
3
36
11
0
1
0
301
0
3
0
0
65
2
4
0
1
0
635
49
8
4
1
6989
1
103
0
1053
58
9
147
4575
0
0
882
13585
300
5355
35
48
0
0
0
1158
11317
2
13747
1869
0
117
90
46
3
17
3
81
817
7
1
5
0
4
320
278
2169
0
964
59
1
0
0
1840
1518
2
399
557
126
11
23
14
41
105
20
0
12068
0
6106
19
3
17
0
4334
71
8
274
3641
134
142
38
153
822
157
8
6
47
10
3
2
3
0
0
951
0
5097
0
5
0
241
159
43
0
1
2418
33
0
150
7896
2
0
519
0
1
17291
179
0
559
622
0
1431
17
280
9
257
0
11
3
10
98
118
0
152
1
6778
58
10
1
596
34
9816
600
4524
202
4374
0
13
0
1496
9475
8
424
0
1
0
109
0
0
0
0
3
2
5
3
6
51
32
0
0
30
679
0
1612
890
10179
4
610
188
146
24
19
2660
5115
0
638
13
0
8065
2
5
0
2
0
0
3
19
0
1
554
7
752
2
4839
28
2397
1654
5270
15
755
39
203
23
5
942
3
2259
0
914
0
1
1190
2
10
55
0
0
0
0
0
0
0
1479
0
0
1054
236
1854
10307
130
11
20634
3984
6
85
88
281
14
4
102
206
408
0
769
0
3880
0
464
20125
7032
0
58
2753
0
32
375
1
0
0
105
544
1413
743
14
5
0
2043
23348
2
1
3
1
575
9
417
1
7708
1
0
5987
263
8
9
18
299
99
0
0
438
0
3
320
12851
1551
10
429
103
215
19
6
1706
0
1307
4
2
1
0
1145
1
1
0
0
0
1002
12
545
1
2
33
0
5
25
8
147
4575
0
0
882
13585
300
3236
10
91
0
31
3
212
1815
0
11
6
1
13
0
7
0
0
8
2
2
0
0
1359
555
2354
28303
6991
2
2
2286
103
0
10708
7530
3
122
170
306
34
5
35
20
75
23
0
918
0
0
8
0
586
0
491
1
68
191
0
11830
0
791
79
3
1
1597
38
0
4
64
1
6329
0
0
0
1019
437
1016
2166
2
0
0
142
3627
79
0
12
2164
1
0
568
105
544
1413
26
32
8
37
1624
10668
0
0
161
0
103
0
1497
0
33
227
1
35
1
254
25
8
0
682
17
0
0
355
2
17662
0
11
0
3551
760
1412
1107
1358
0
117
1
1690
453
0
6393
4636
4
169
255
271
46
6
25
29
33
0
1
1
97
265
1
11830
0
791
79
3
1
1597
38
0
4
64
1
6329
0
0
0
1019
437
1016
10963
0
0
143
158
19
0
14
1828
1
0
566
0
9816
600
389
71
41
42
953
494
62
1
7
0
0
3
0
0
39
7
0
5
1
24
1082
0
311
4
2
110
0
0
3005
187
11419
22
6300
93
110
70
140
6437
73
84
4
0
0
13
1
1034
15
0
45
0
614
0
0
32
1
38
296
39
5
2
2
0
17680
2
220
2607
12
5
0
5
0
0
0
15
36705
10081
6
826
55
213
15
5
13
200
7
63
50
0
0
260
0
14
33
0
1854
10307
130
3
303
244
21
38
0
1419
136
1484
1
1
0
18
0
0
0
160
0
3682
103
11
1
228
27
0
2
2168
0
2918
38
4037
2
146
0
9
5
188
1005
0
8
47
8
0
2
0
0
3535
4085
6
5819
10
0
115
159
5
3746
387
12
6
129
263
105
544
1413
49
6
482
1345
334
1
19
1484
7033
0
140
170
0
204
0
8
23
614
120
54
22
0
0
2
6
293
2764
6983
4
28035
48
64
73
256
29
238
11
28
20
0
215
98
612
0
393
59
12
13
2
3
0
0
0
1422
0
2
56
1
368
11
4
845
69
138
0
0
0
1504
1
2454
2
1519
0
2862
63
2
1
664
28
0
3
64
7
3004
0
0
0
206
19
318
0
1072
50
2045
2
12
5823
8849
4177
0
0
221
0
1
4165
3
93
5
0
2
15
133
2
31
17
0
2
2
23
656
4033
0
0
3
233
4452
0
0
274
0
12
214
1
0
0
40
358
0
5415
35
6
3
1
12142
5609
3
29
13
0
5
102
120
0
30
0
0
0
1877
107
70
7
12
2
1
0
41
0
4221
2
0
70
0
47
122
1
205
30
0
2385
0
23
0
0
29
2
0
0
1
0
994
1
1
3100
2
0
13
18
1
3
0
2
17
17
9
0
158
274
63
1
2
3
36
759
0
1
8
1
0
0
56
1847
5362
99
42
46
191
0
4227
4
18
1
11449
4654
10
194
103
434
17
4
0
0
0
11894
0
16
26
0
2
35
3
0
0
6
9816
600
1281
1
204
126
57
628
11
6
100
137
237
12
2
25
0
2
0
2
119
2
10
0
3447
0
0
0
519
1164
2759
1
31255
1171
10134
1
251
4670
12
0
1
33
0
9
5543
0
0
761
342
0
1110
0
1
1
218
1
62
11
145
0
3
1
0
15045
3946
1
1995
511
125
34
664
9079
1139
23
0
81
3192
0
247
2
5
102
0
7
0
0
7
0
2
0
0
0
0
320
1617
2
31255
1171
5
849
0
1973
101
0
1
794
31
0
4
1747
0
6252
7
11
0
0
0
1348
200
64
2
6062
75
0
142
8
7
245
1060
6926
8262
6
271
42
155
22
7
1172
3
1691
1
1
181
15148
1
12
4
4261
3
229
1
0
2
1273
8
1
1866
50
7
0
28035
48
64
73
256
1036
64
913
17
19
4379
1171
12
0
1
19
477
9
0
99
186
240
2
631
1
13
4
0
10
0
1
0
31565
22
6750
0
1
39
94
4494
0
12111
2018
67
27
13
7
648
28
0
6
8004
355
13
4
119
155
251
48
5
745
0
0
2
12850
277
5
0
3
2
0
0
85
24
1
557
8125
55
0
1040
1446
0
370
0
17
8433
8064
1
250
75
474
28
4
146
265
206
187
15877
27039
107
562
116
219
8
23
652
12
8
36
66
0
262
27
0
0
7
0
0
1
93
6786
679
21
3
89
240
304
48
163
10735
922
14649
3
24490
2017
38
0
191
19
11
0
21
816
0
303
0
3097
1
132
159
199
2116
8282
5
60
130
391
33
5
563
3543
218
0
21449
86
4
272
0
3
0
4
110
3
574
11
945
0
226
0
2861
131
14
13
13
331
231
31
4
453
2
0
42
24133
0
10417
3763
6
565
239
162
13
5
17
124
14
57
12
0
0
70
2
350
2
2
259
0
0
0
0
0
0
17
252
244
187
15877
27039
346
3
2
333
859
0
17770
2026
56
16
18
29
1
2
338
2
4012
146
12
5
75
133
244
79
5
1128
2
1
0
147
0
44
8
1
174
189
0
0
0
82
31
1
1731
5
1197
0
8000
96
14
1
680
35
0
2
2232
0
1812
2
94
2
23
6
0
0
2228
571
0
1114
0
14
0
0
0
619
1
0
14
3
11081
8
1
0
0
0
0
40
8
0
0
33
26
3
12
466
15
39
0
173
1585
62
0
0
142
18
0
0
0
17
2
2
1
5
0
91
2
0
9
1583
3
0
0
0
0
0
6
1612
11
30
111
0
3709
0
0
0
2
26
0
1
0
234
3
0
2
9
0
0
2
3
0
5
0
453
61
688
0
0
0
0
8204
0
0
0
0
34
978
0
0
511
0
2
0
10
0
3
0
21
0
50
2
0
0
0
0
1
23
0
0
0
0
1035
902
2
0
1
1
35
52
1
1
0
0
0
1
50
0
28223
4
25
20
1
0
0
1
35
0
0
0
0
0
1
0
302
517
1240
143
0
1
0
0
77
76
0
0
0
50
1038
1
1
0
0
11
0
0
0
1
0
39
11
1
373
0
809
0
708
204
0
0
141
265
4837
2159
0
0
3
18
0
31
367
0
2
0
1
5
114
684
7
2523
6
1
0
572
0
0
0
0
1
2464
1
571
12334
0
0
4583
6483
2
3
3
430
0
0
0
0
37
0
0
0
0
0
4
0
3745
28
0
6
14
539
1
320
53
35
54
27
0
0
0
0
12825
2
1
1
16
125
0
350
0
408
0
3
5
0
353
1659
51
1
0
0
243
346
3
440
595
1
8
1
0
2
45
5
0
2716
0
0
7
0
3
7
1
169
0
0
0
1
3
2
0
0
11
22666
1
7
0
1612
1793
2421
10000
0
2
5573
1
0
0
1
0
0
7
0
26
1
0
3
2449
11
0
3516
0
0
0
1
280
1
1177
267
4
320
3849
0
15091
4
13
0
0
1
69
2130
0
1
87
8
1
16
85
14
0
108
0
1
628
2
0
28
2
9
1
1
1
320
53
27347
7
7
0
52
1450
28
2
4348
388
1
7
56
50
32
1221
855
7631
6
39
71
2
0
1
1
827
127
0
2
18430
314
1450
0
1
7
0
0
11
7
1
15
276
0
855
0
0
0
1199
188
3
5
9
1
7
62
1
0
0
116
266
0
115
994
1056
1
59
3
0
0
46
8
3
631
0
0
1053
0
0
199
5
41
6
0
4963
36
1
3
139
8259
0
97
0
1
2
2691
23123
60
4
1006
6
2
6267
163
0
68
303
919
2
0
0
2
70
0
0
338
164
0
0
2879
0
11250
6
10
0
2
1
0
826
579
1841
0
0
0
172
0
370
1
3
0
1
0
0
2
0
30
1
18
60
1
0
0
1
1
0
0
608
34
53
2776
70
398
29
1
7880
0
0
213
0
73
84
26
7
0
160
0
44
1
7960
9129
7
1361
9
0
9
1673
29
0
1
0
0
44740
0
15
0
3518
34
0
4
8
36
1
3308
0
0
6
1
1149
0
1253
0
0
0
29
64
309
0
6
1
9958
90
22
2
28035
0
0
2525
9056
297
2429
528
515
2198
5
1
0
0
0
252
45
42
26
0
961
4
2
745
1
0
0
70
1
0
0
20
4925
3245
1
6
0
0
0
7
8124
49
36
1
1486
46
0
3
68
3
4295
4
2469
1
1
16
6
10
671
1
1
0
0
0
1199
811
542
4097
1118
361
0
4
21
68
123
0
0
0
0
2892
2
15
3
94
0
0
0
6
0
0
18
0
7
0
4
0
440
595
1
8
1
0
2628
45
64
3
431
117
0
0
2
1129
0
7
11761
461
2
1
0
5
10897
2
60
21
21
2
0
126
2775
1704
0
668
345
4
51
0
18
0
0
0
3
8295
509
0
73
1
0
9
1114
0
0
2
1
0
0
643
336
1
12
0
14415
14
7175
440
0
0
0
0
37
1
1005
1965
3
25
12264
460
3
10
4
0
30
1898
0
0
0
851
6
925
878
0
4
1
320
114
6947
0
3
83
30
0
31
1641
3
0
58
75
0
499
1
4
61
1056
1000
2
4044
295
0
11
2679
0
56
641
40
0
16913
29
16
58
5
0
52
2
0
30
0
0
0
24
14
6468
4
0
16
0
50
15
0
4
0
202
222
0
2
2144
0
16
4191
3473
0
6636
9
1
6
111
0
169
0
12449
1
0
87
1
43
506
0
24
6
73
58
12
1
160
166
0
0
0
0
24
147
196
59
40
290
558
0
11
0
187
4
0
0
0
0
32
84
18424
52
16
0
0
0
33
0
0
626
0
5
2
8
7
314
0
1072
1
109
56
7
71
116
0
19
16
0
2
25
0
3
0
2
15
0
2
0
147
0
0
5
1
0
67
795
0
19046
64
2728
0
54
391
1
179
0
48
2
0
75
0
0
16
2
0
434
22
0
66
10
2
0
13
42
1
3
8
3
0
6978
5138
1187
0
29436
2
6
979
0
909
1899
6683
142
0
2
259
22
0
0
0
0
0
2
0
350
0
201
0
45
731
9
0
185
2233
89
505
24
0
1
0
2
54
255
490
605
1
6
0
0
0
13158
48
0
10
33356
21
22
191
0
0
0
2767
25
195
12218
1398
0
88
224
3
18
0
10
3
0
0
7266
10
24
1
0
0
0
0
1152
0
21
81
31
11
5
756
2476
3
0
0
390
24780
7264
7
0
57
0
538
2
0
1
1137
6
35
1435
5823
0
81
5439
46
0
0
0
18
5
255
19
1
393
0
110
99
1150
2049
2
0
0
623
2224
1106
0
504
1
0
1841
144
1
12626
2810
4
473
14
0
6
8
35
27
19
0
1
0
2
0
0
9598
315
2236
77
358
120
33
1898
20
35
1917
3
846
1
0
1
8
87
1
22
8
0
2
1
0
33
8
923
0
0
0
0
87
2111
4474
5
605
7
0
11
1387
36
0
1
2
35
15
1
0
140
64
704
0
2
153
0
4
0
11
0
0
3
53
1
147
4575
0
0
882
2658
542
4521
6
30425
1941
3
0
13
0
2641
2418
4
1
0
0
0
5432
1
395
0
1
0
1
2
2
8
0
1940
52
62
2
626
8
0
7
102
15
6805
5
30593
1690
2
7
1
233
16
0
848
0
2
1
11
0
0
133
1
25
0
0
826
2059
429
0
1435
0
15
0
0
91
8
0
0
31
46
4
14
642
1
0
0
28
12
45
0
0
27
5
1
0
0
1612
11
0
26
122
0
93
8
34
915
3
0
0
0
0
2
17
0
0
0
33
0
343
0
0
0
1
1
0
0
0
282
6201
111
0
158
44
0
0
0
10
67
0
3353
53
21
8
0
0
0
0
44
0
0
0
0
0
61
0
0
118
0
7
0
165
878
10
0
37
0
13
8
143
476
0
0
1
37
81
0
0
0
3
1833
1
0
0
0
20
0
0
0
0
1
1
1
8580
54
274
565
1833
2
1
0
0
116
61
1
0
0
0
0
4
27
0
163
17
0
0
0
0
1
0
0
0
0
10
694
21286
0
30
0
68
75
0
0
0
3
664
0
20
0
73
0
0
0
0
0
176
0
3774
3371
47
0
0
0
65
0
0
0
1612
1023
43
30
1
409
0
288
0
1
202
2179
2
0
1351
1603
2
10
365
14
0
1
0
0
0
1
82
2
2
3
330
1
75
0
111
656
139
0
1
256
9
1
0
0
34
2
2
0
7
0
1092
7
632
2
0
0
0
0
0
13
0
2
0
63
75
20820
12
64
0
1
190
47
0
2
610
3
0
0
51
0
0
1
2
0
2
0
22
65
31
46
0
0
0
0
21
0
1612
11
0
26
1057
0
0
192
0
0
0
14
0
5
0
39
0
49
3
0
0
0
0
3
25
0
0
1
1
0
951
1
180
295
0
140
65
0
0
0
0
0
7
830
0
262
2
123
0
168
0
220
1
0
0
0
54
0
0
0
0
11
1526
5
180
295
0
140
65
0
0
0
5
450
0
5197
1031
36
1
24927
48
18
0
0
0
137
0
0
0
0
0
3
39
1
222
0
6294
3
866
29
0
0
0
0
70
20
4
332
6
131
0
7
3
0
10
453
89
0
2
0
0
3
1
0
7
211
0
0
0
826
3338
6281
0
362
0
32
0
0
410
0
0
0
1
6
0
0
0
0
0
0
1
0
94
0
0
14
27
1
745
0
274
2319
139
5
4
1297
28
0
4
39
0
6449
2
7965
5
10
8680
6486
0
4
6519
0
929
39
0
0
0
63
24
4051
1
0
62
3
1444
1741
729
76
0
3931
1
4
0
339
643
0
1522
0
3
3
1
0
0
0
0
4
4
4
404
2
1369
8551
0
161
69
197
398
502
4845
605
7863
76
677
0
0
5007
210
0
2429
3
2305
4932
4
491
75
3
0
0
1317
13
34
0
2
0
0
0
1854
190
371
29
0
14
0
392
0
2601
9537
7
403
129
255
25
124
4762
4
2562
1
14
2
0
0
0
0
1
0
9
30
0
274
3641
134
142
38
157
7794
376
0
83
253
0
0
275
3538
15
0
1
0
0
5
137
0
0
101
14
3041
79
538
2997
0
0
509
5780
6
31
95
0
0
5
0
511
2577
0
6702
117
2
0
13
52
0
0
96
31
24
0
83
12
0
1
0
0
2
1
0
826
0
20215
62
0
0
37
9
0
15392
5060
1
229
136
163
41
70
34
75
711
26
15
0
0
0
0
6
2
676
811
0
36656
2513
230
988
6
37
494
6
128
0
0
4859
3087
6
652
243
179
50
73
48
503
480
0
12
0
0
0
0
0
18
0
2
274
377
126
27
492
24
4
369
45
3
0
721
1
817
88
788
0
1
0
0
625
79
1
280
0
0
0
294
2010
0
176
7
13618
5074
16
0
0
391
0
0
247
24
35
1159
16
1
1
51
4
0
418
0
0
1
7
2
1590
0
0
0
3
955
212
0
4563
52
2726
5
71
9
2
0
60
4
1
23
0
74
52
21
6
0
3
8
15
0
1
1
3
2843
1895
10
1081
457
158
67
117
39
162
3
91
54
0
533
3
0
0
0
0
0
1279
23486
227
3
1
3
22
69
18
6
0
0
856
260
43
1
1218
0
9891
87
23
0
2
0
0
0
31
57
645
6
8
20
9
120
7
4
92
7
1
19
4
138
17
0
1184
13212
0
169
4
20
6
0
0
1
16607
50
1
6777
26
10
1
594
41
0
2
3643
0
4621
4
67
0
0
0
832
5241
1867
0
0
0
6
396
1
274
2319
1755
2
13
163
133
231
28
5
23
2
1
1
127
611
5
105
0
0
0
0
0
50
8790
1
408
0
1
0
1
0
4363
1
446
0
1
0
1
8683
1691
0
2
0
4
4068
59
49
2
2229
40
0
1
320
0
2614
1
20
57
9
11
20
1
2
15999
7
156
246
12
0
7092
24
7
2
13521
23
0
5
818
0
137
1
0
0
5
101
0
0
0
0
2051
115
9
22
2
334
10827
32244
1
0
6
3
41
3
0
1600
7269
6
480
35
0
538
123
1508
1
1
0
0
17
27
0
15
0
0
0
188
198
1
9400
42
184
70
8
5
117
168
1
844
9
0
9315
2439
4
882
14
0
312
88
56
113
23
17
0
0
0
0
1
0
8
113
12859
15672
7
531
308
147
23
237
97
758
8397
8
15
0
0
1
117
3800
23
10
0
0
0
0
0
0
0
0
25
0
0
0
15184
40275
273
0
785
0
2
0
0
58
3693
198
1
178
0
0
8834
0
6
96
2269
259
0
149
75
6
9
2
0
4
309
2
320
2124
208
36
0
23
2
188
5
0
0
0
0
25238
0
66
3
1758
1
15
0
7
6
75
0
0
244
0
1
0
0
0
20379
9
0
57
97
11
8969
1
1229
454
7
0
4866
39
0
4
74
10
1793
0
0
0
864
221
960
5
1294
1
0
0
0
8
9560
100
170
0
1
107
0
515
12
0
49
2
15354
1
182
9
7082
0
1645
0
10
7
0
101
2096
0
2912
736
2
17
595
622
218
18337
2
1162
1008
8
4
112
175
472
0
1
0
27
1
1
63
0
625
1
0
0
43693
8
4
0
0
0
13292
0
2
58
147
0
132
21989
9
23
46
36
0
1
39
3
10
133
0
2
0
52
20
0
1096
1
13
6
453
0
3469
2487
0
113
733
0
147
4
6381
389
0
75
16
17
3
27
7
865
187
1
51
17
184
0
6187
3
330
0
0
0
0
41
32
3
1
1422
1171
0
274
1
161
69
77
14
157
0
182
32
1
6
2
20265
1
1113
1
19
108
0
1990
3098
22
31
44
0
0
163
0
189
72
3
22760
0
726
455
11
857
0
10
2298
7
1
0
122
278
0
18
22
0
22
0
107
871
20242
87
0
1
24
0
6
9
9
2
38
36004
2
3
13
2
1054
26
0
21
1
550
0
0
448
144
23
0
1380
11717
104
0
39
2210
41
25
0
59
2815
0
2
104
27180
10
430
225
1
1907
0
12
17
2
21
3
110
1
0
9
4
436
0
15
692
324
4
4
0
0
0
24
1
103
0
3
3439
225
12769
1
8
0
486
18
0
0
6924
4
6
1
1
0
2
194
1340
0
24
73
63
31
6
11
0
0
942
31
12
2
47933
45
36
0
2
2146
0
0
2041
2
1
5666
394
3
2
9
4
3575
7
727
0
2
0
6
0
11
0
19
0
1
39
1
7735
3
491
20
0
1
0
0
0
17
43
18476
0
0
20
0
134
1
1250
1
583
18
0
3
6
2
277
6
0
6
1654
2
20943
1
149
3633
0
7
0
1
4284
0
24
0
22
243
670
1
2
43
0
4
2
837
0
56
5
0
20
0
1080
0
18
342
766
0
15269
3
1911
6
1555
0
2
158
40
39
71
0
0
156
1
61
56
12
6
0
449
122
0
0
64
848
51
0
5
9
320
8308
9
60
265
110
24
7
48
0
0
652
1
4
902
565
4974
0
1
69
23
2
1
1701
1
0
12762
0
145
1
875
3
31657
25
0
10
0
53
89
113
0
1432
0
0
178
0
73
876
6
2
1367
0
81
3
2
4
6376
0
617
9
4
12
346
11
16923
218
0
22
11069
175
72
0
30
2
132
2
34
0
1
4
79
6
81
83
6
2
72
1
0
100
45
183
3412
375
26
4
320
2370
1
70
0
2276
1
1
110
2
138
5
1
28
4791
80
0
0
0
0
0
1984
1
24131
3
229
66
0
703
1
1302
3
4263
0
500
1
8107
144
15
27
8
23
10
498
480
0
52
5
197
0
11
9
0
2
1
560
715
0
3
0
2276
0
1168
36
16
42
2529
11
2
24500
0
66
0
102
6
15205
15887
12
10
0
323
0
2
0
8557
759
19
7
7
49
1
0
0
452
925
0
16628
7
3163
0
2
5058
0
0
0
818
5
104
0
42
221
0
2842
0
2
36
0
1
100
8
9
0
0
317
89
0
0
2
160
1831
2476
3255
1
1024
0
301
200
446
3
0
104
0
0
0
689
22391
2
0
4640
1757
5
1
0
0
2
1295
3
1329
0
0
117
10461
1165
1
869
8
0
0
2849
16552
5
3
4
153
119
6
3594
11
0
44
319
1008
179
32
1
3343
26
0
0
65
5
2382
38
4716
4893
6
674
6
0
404
38
90
21
141
63
0
10
0
0
0
0
0
0
1
0
74
1462
4
0
1482
0
0
224
0
32422
62
151
93
42
870
0
1
1
16701
7661
5
501
7
0
494
31
827
114
7
8007
0
0
0
11
0
149
338
0
4687
0
50
5314
267
0
3
6
0
25
0
4
3684
3
0
4393
2306
7
1
85
210
3017
0
1
14
0
35
4
6
72
0
0
6
18304
7
5326
5
36
0
0
4
108
19
0
3
426
0
1
0
0
426
0
4977
1
53
22267
3799
222
2
2355
5
0
5
726
0
4210
0
5104
188
13
0
3
2099
5
143
1
1386
854
67
0
3696
1
2
4
0
3
0
0
0
0
5
0
0
62
18
0
4
150
0
12859
206
12
2
1004
19
0
9
2747
0
3697
16
8
20
123
0
0
0
1644
14285
0
0
1216
440
9
12
0
0
2
8
17
764
3946
1
1995
1
0
2900
6426
963
0
1494
5
0
0
2014
33
298
2
32
0
20
130
2
0
283
8
419
2
3
2
187
0
114
38805
3
2
41
1
62
2
99
501
4415
1
556
6
0
1653
105
75
10
98
99
0
15
1
0
0
0
0
0
0
12358
0
7
13577
6
3418
81
10
4
1176
20
0
3
46
0
4745
0
0
0
10
0
91
1
0
0
0
0
0
0
0
0
0
0
14
0
0
826
3338
4282
262
6
1
167
11
11
0
0
3
0
0
2
438
92
156
160
1067
4
1270
3
0
2018
99
4
519
316
8
0
7228
1328
1029
9305
409
8
200
2
30
1
3646
0
0
0
95
616
0
0
1413
2346
0
3
14
263
2
203
0
41
42
10
1
3453
9598
315
2236
9536
505
4786
0
2
0
1533
743
17
1
15846
7
0
0
147
240
359
0
1
0
14
0
200
397
0
14
185
0
0
4151
165
276
3589
851
1
6
21
65
1
1
83
0
10
1
1
17
1
0
65
1
85
321
4
0
1017
0
0
3726
1
31
8
9206
0
4
10
110
0
55
0
0
0
6
1
26
0
676
0
0
0
0
9672
2
11191
38
6
0
1306
9
745
10
1
1817
54
9816
600
4524
202
9275
1208
39
3910
1279
2721
803
4
1808
5
0
12
7758
5
0
158
2
896
0
0
0
0
113
72
812
488
31
1
30
266
100
47
5
28862
504
247
270
3273
5
688
11
0
505
73
94
9
111
55
0
7
0
0
0
1
8
0
3
61
659
7
3439
804
0
24
1
247
11
0
0
61
3
60
3
4090
0
50
0
6484
74
0
0
50
32
1
418
93
5
111
0
1
0
0
6
110
140
2240
3
0
0
0
13
19
1
0
0
2
0
7
15
0
1
1
11
6
11
0
257
3
23
1
9
2
121
52
638
209
0
0
0
0
492
1538
26
0
4
0
0
0
85
7
1
126
11
0
0
0
2
1
29
693
5
1
7
267
1
14
160
153
13
49
0
0
0
72
48
1
76
1
430
420
2
18
3
0
0
38
60
0
37
48
0
10
25
0
1
86
0
8
274
1
0
14
7
13
0
791
1
281
1
631
0
7258
387
1
0
0
0
2765
0
1
0
8355
0
0
80
0
3
0
1
1
5837
8
17
140
83
2
0
0
2
127
0
1
33
0
25
2198
4
2
20
1
1
2
0
2
5
0
108
27
262
0
875
0
10316
0
0
5239
64
376
2
1355
3
1
0
1
0
0
5
2547
0
0
0
2469
93
12
14
53
24
0
173
225
0
5
0
0
185
2194
151
644
610
7786
6
355
4
0
378
4387
1
262
0
1
0
1
10
0
0
0
0
0
0
0
0
39
0
5
0
5
12859
206
12
2
1004
19
0
9
160
0
2779
4
1362
49
18
19
40
1
2
4192
7
171
258
8
1
1586
3211
127
0
1
6
10477
217
564
30
9816
0
146
2
0
0
3
101
0
1
0
0
2935
4670
474
1
654
0
3
0
0
47
29
0
8
0
0
0
292
147
0
4749
11
0
0
1
476
238
0
318
0
13
2
1
0
5
0
0
164
506
16457
0
939
467
150
30
100
2630
257
6555
18
247
393
7576
22742
18
659
5
0
56
79
3
153
1
1
0
1
39
5
0
16
1
403
0
5310
2
34
0
0
437
1
0
120
509
88
0
5680
2
0
581
2
15434
12650
4
386
164
293
22
91
4309
4
2281
0
8
1
0
0
0
0
0
0
46
23
0
0
28035
48
64
73
221
8161
332
0
101
704
0
0
1
128
46
1
351
0
3
1680
0
210
85
6
0
18
1
0
3
2069
3
1154
38
5844
73
17
1
0
0
2109
3361
19
0
1884
9
4
0
0
40
7
1
0
66
172
1239
0
9
0
4
1
1352
7052
2
280
9598
315
7862
5515
70
22
0
554
425
0
0
0
4161
239
807
5
0
62
5
0
2199
66
2
0
0
29
10
0
17
74
0
1
17941
12711
29414
9
666
325
146
28
361
233
654
10240
4
11
0
0
1
15
86
1
3
0
0
0
0
0
0
2348
6
0
0
0
185
2194
0
64
25
1
25
9
0
1185
7
5
910
0
581
91
2
0
1802
43
0
4
100
8
763
1
0
0
838
14097
10
294
2045
2
0
2
6
161
1
0
0
0
3
333
217
3
111
0
7371
8327
3
200
2
0
2
1038
45
0
1
0
0
58
0
0
9598
315
7862
18240
1
343
0
5
0
1
228
140
0
0
0
0
0
0
46
1031
0
942
3741
1
2354
2
0
0
13
54
229
5
2143
316
67
42
2861
116
199
173
86
355
197
4
0
0
105
63
636
96
13
17
5
1
0
0
55
112
2343
1
183
4
0
931
21
20
1594
816
529
1
0
0
0
1600
35
388
3823
3
459
4
0
199
1727
82
135
0
1
0
0
0
0
0
667
80
0
64
793
2
410
0
6821
187
6
8
31
163
184
49
5
4
54
0
1
1
0
0
856
122
191
246
0
1792
0
0
0
12
334
0
12859
15672
7
531
308
147
23
237
8
573
0
2534
24
38
1
0
0
1
0
0
483
36
6
76
34
1
0
0
0
0
0
1
588
21
0
0
1
4022
73
224
396
11
7
83
174
302
45
6
1141
1
1
0
1
0
0
0
27
0
34
1
1
35
1
0
28035
0
0
2525
25497
321
2530
16
79
0
32
1
229
2110
0
10
7
1
0
1
3
1
4
0
2
9
0
2
0
0
1372
13189
8132
13610
16429
1
0
4
9
5
0
3937
10309
6
48
201
272
28
97
25
865
0
3496
14
7
0
0
0
1
0
0
11
3
0
11896
40
0
0
65
353
0
136
6
77
0
11816
77
14
8
78
163
285
56
4
19
5
0
15
2
1
27
127
2
1
19
0
12859
5953
4
404
164
138
19
96
22
126
24
230
38
0
10
1
0
0
0
0
0
13
9
665
218
21
0
232
3
1084
276
0
847
82
1
1
0
0
9
12
12
6065
44
8
1
1028
43
0
2
68
2
7067
1
0
0
679
6880
114
1
0
0
6
799
93
160
895
0
128
3
0
4251
257
111
442
0
2
7
0
0
43
184
7
1
0
0
0
174
13
91
1
0
72
23
343
2
9
15341
53
179
0
1
91
6
7
4
0
74
0
17
0
1
1
0
0
46
1449
1
411
14
1
0
0
0
1
0
3
1
375
274
2319
139
5
4
1297
28
0
4
39
0
9919
0
1
0
631
7211
129
572
4
0
0
7
191
0
4
5875
2
0
766
0
0
117
62
792
0
2529
40
3496
1
0
0
0
0
1964
388
111
0
4676
181
50
2263
0
0
1235
255
17
9
85
419
309
41
4
227
185
2194
0
0
1
9434
3
33
0
6895
11760
0
100
174
221
47
67
7695
1
438
0
2
0
1
12
0
0
0
0
0
0
0
5104
103
16191
71
92
0
7137
12229
1
354
138
232
27
66
3481
54
35
0
10
1
0
0
0
0
0
2
0
0
0
83
0
0
247
393
7576
558
157
0
0
210
2065
4
584
6614
178
0
69
0
0
12
1
46
0
0
0
0
17
38
1591
2
2692
18
0
0
17286
5
1367
12
173
2
0
0
32
3
4
1593
0
1
5934
429
13
0
2827
79
0
1
172
5
1656
0
1
0
40
0
0
0
11430
54
1480
12
0
0
6
2
298
0
12813
16
16
1
810
59
0
2
1923
1
2753
2
176
0
2
0
0
0
23
0
1
2
18270
0
10
0
2639
3784
120
4192
12
0
0
7
0
0
0
0
409
1
3
0
2538
169
47
10
52
202
248
58
5
1095
0
300
1060
6926
8262
6
271
42
155
22
121
7813
1
554
0
2
0
1
5
4
0
0
0
0
0
0
0
20
159
2
2
56
112
1093
13570
3
1907
129
145
29
620
7
304
0
0
2415
0
9
0
1
97
671
68
21375
4
80
0
0
106
2
11
3
0
798
28
0
5088
1
2699
2
535
13
0
0
114
0
36
8015
224
11897
15434
3
526
129
202
19
60
1659
99
51
0
4
1
0
0
0
0
0
12859
5953
4
404
164
138
19
96
2307
272
5423
15
163
0
0
0
4
129
74
0
45
44
0
0
0
91
0
7
83
0
182
4639
274
3641
134
142
38
157
14
729
0
1480
38
1579
0
0
0
0
0
67
186
3
2219
330
59
94
2
0
21
154
1
2941
1
5575
1002
13
2
129
0
2
0
327
385
0
40
2
0
3823
99
22
0
0
583
0
2250
1
2
5
3
1
0
6705
261
58
499
4
1678
807
0
4
10
1
0
10107
8
4
22
0
0
0
0
10
58
98
0
74
3616
1
191
2
13339
6
2631
1146
0
5274
66
628
28652
4
3671
11
0
563
293
277
6517
180
7425
299
0
98
123
0
56
1
325
0
0
0
0
114
0
1270
0
136
156
2
1
101
4263
88
316
835
7
0
4
4
38
58
0
0
0
152
65
1
301
4
1
52
3
161
0
131
348
12575
3
7511
226
0
663
184
5837
5523
3
1
7243
1586
1
45
127
38
238
3
218
0
18
5
0
1
0
0
2
0
0
18
3
3
0
1
9
50
9733
4
5911
49
96
207
987
29
2
1
94
1248
5
1
4
0
1
3
30
3
27
16
0
72
0
73
2201
1
50
80
24
462
4
170
314
2
596
3
5
3
4038
28
9
0
38
0
160
13613
4
1638
98
0
1704
187
0
214
64
4
0
4
0
0
0
3
15
0
21332
3982
0
40
70
0
91
83
2
126
443
29
18
0
0
20
73
14292
0
3329
204
0
635
2510
0
2039
32
1
24
1
1
204
32013
2
1
150
8
147
3
0
0
9
14
0
1
612
53
5241
0
4
832
0
2
7
0
45
564
0
0
4
0
0
1
0
509
808
9
2
8
5
2
0
0
0
6
0
0
0
0
0
0
649
11
3399
425
1
7135
96
7
1
332
34
0
1
3544
0
13119
13
1480
0
0
0
12
0
11
0
0
7
5
2
0
0
2648
71
487
0
1216
0
0
0
3
539
0
6
5550
86
3
12
28035
48
64
73
256
59
0
33
788
6
1860
0
389
6319
5
1
7
0
0
72
45
679
0
3284
6
3
2
0
0
0
0
3
4220
2
0
443
0
0
79
662
0
713
0
0
0
1743
6
0
0
8802
1
0
0
1
0
0
0
0
0
1525
11607
8
15
269
105
544
17456
159
835
0
1736
40
1701
2
0
0
0
0
30
15971
1482
82
2
52
329
9
1
1183
188
22
7
19
267
85
0
5
90
0
12255
104
568
593
6
6
104
207
302
29
6
161
0
2
0
1
22
21
0
1154
0
0
0
3
155
199
0
850
32
1
12859
206
12
2
1004
19
0
9
2747
0
3697
16
2
19
168
0
0
0
1602
13
31
6
0
0
68
2
206
1
0
0
0
175
10
79
1
184
14
721
0
0
0
0
0
52
1457
0
0
1808
1157
6
329
5
0
2724
1
2
1
0
0
88
0
0
1
0
32397
57
9822
2
0
89
59
0
0
7145
2908
4
1805
3
0
276
125
6805
126
14
0
8
0
0
0
0
0
1
1
23
82
0
1780
0
927
96
0
8
4
2
8171
4
59
4453
746
0
8
7
31
240
18
0
10209
4283
3
225
12
0
138
171
527
290
27
15
30
266
100
47
508
5720
0
0
5
2
259
1
1837
41
8
0
832
37
0
6
84
13
1020
4
0
0
488
31
1083
0
7
0
0
179
20363
5025
4
230
4
0
297
31
374
1
141
11
8
0
0
0
0
0
1
0
0
0
1020
1054
12
167
4
6
1277
2
390
4675
4
0
9
1084
0
1
2
4
34
0
1
0
0
4
0
1
0
153
9
12
1806
3
0
0
11742
94
0
72
44
1863
10105
0
1
6100
1
469
4
67
185
3942
2164
2
31
0
237
0
0
8743
155
2
5
15
2
0
0
529
0
2270
132
8
0
1402
9598
315
2236
9536
505
2246
305
20
0
0
2632
0
3700
1087
0
0
1
900
1
20
4941
2
1822
540
39
0
24
30
165
6
439
70
1854
239
890
241
3
63
41
0
349
173
17
1965
25
2
0
0
497
6317
0
48
12
135
5
1186
2
0
0
10
197
0
1
7127
297
8
8
844
807
175
69
264
15
3
50
907
17
1
38
1
1
88
288
0
0
0
0
74
156
0
27
2739
2081
2
0
0
105
544
17456
17265
1
571
0
6
0
1
114
53
0
0
0
0
0
0
641
18689
95
0
1
1
9
0
42
344
2
8
1
7
147
6110
3342
4
380
84
162
21
86
22
132
24
226
45
0
8
0
0
0
0
0
0
12
1
5945
1612
68
2
0
35
0
1
0
6
6
0
431
0
0
8559
0
1
0
0
0
1
0
0
0
1
0
0
0
12477
9
12
67
3
0
2
201
0
10536
54
28652
4
3671
11
0
563
6032
153
3901
4
41
20
0
0
0
0
2005
249
58
1
5282
38
9
0
0
1
5437
0
0
0
7
1167
297
8
8
844
807
175
69
264
584
51
1476
200
1094
0
4
14
0
10
1
1
298
3
2
1
691
0
1
2
231
41
0
3371
3946
1
1995
511
125
34
268
5939
2
3444
1917
7
0
0
298
4557
115
392
21
62
73
2
0
43
0
0
817
0
3955
119
11
1
28035
48
64
73
256
1036
64
2239
0
0
1
21965
1626
58
547
1
180
80
13
0
5
1
0
0
5242
1
2943
3
57
0
0
0
3566
284
0
1626
0
24
0
0
0
12
1
0
50
48
0
1675
90
0
28
10
0
0
1342
28
2
13
631
2
0
0
10
16
1826
29
0
146
202
6
0
0
84
1
1
1
3
0
6721
4
27
3
2189
1
0
1
0
0
0
18
1
1
0
40
0
551
839
57
0
1
90
34
0
2
545
3
0
0
27
0
0
1
3
0
1
0
743
193
22
0
0
0
0
24
0
0
1
2
1035
418
0
0
135
0
9
0
28
0
13
0
41
0
34
3
0
0
0
0
1
34
38
2
0
0
1
1035
1
0
0
1
1612
11
0
0
0
0
0
50
532
0
25510
95
4
0
0
1
29
0
0
0
0
0
0
1
11
0
105
190
0
0
0
0
1612
11
0
0
0
201
1247
2
1
0
1
41
0
0
0
0
1
330
0
14
0
4
0
0
0
0
0
82
0
2371
3
785
8127
218
1258
0
10977
1996
544
0
0
165
10
0
0
0
3
10
30
1
407
0
601
0
2
4819
1786
7
1811
4
35
92
2
502
3566
349
10
3
0
2
91
115
294
1561
3
16
5
4
0
0
11
9
0
1531
418
0
0
4
0
145
0
2
0
1
168
310
56
39
24
410
38
0
103
57
0
1129
3426
3
0
107
3
5
6
1
2
0
4
0
4555
4
22
6
0
0
384
192
24
4
4298
120
9576
0
1757
1
8
9
24
0
0
259
109
1
0
0
7
3
2
2
0
18
199
2
0
2
8
2
66
168
17
0
320
6842
1331
244
548
272
42
1
476
0
0
6
8
0
0
1
2
14
30
0
0
0
207
45
0
13
218
10
20
7
0
0
0
826
4284
2961
28
0
0
1017
0
0
1
0
0
46
9
11
0
0
0
587
0
1
0
39
4
0
17
0
116
197
1
1
12859
5953
4
404
2
0
1
4823
0
18
15
4
28
0
1
2
561
3
1000
0
7
74
355
1
0
5
609
0
748
0
114
0
9098
80
31
5863
15
4
3
63
47
33
128
0
0
0
165
8609
218
35
51
67
10
12
303
0
10
1
3
632
1
3
4
109
218
1024
5159
3
60
103
2
0
2316
6
7
0
262
21
10572
2
0
13
655
0
73
53
677
0
60
906
216
1
3
3532
103
153
440
595
1
8
8129
13913
0
74
232
239
94
1572
0
0
717
2
2572
901
1
16
1
1
0
12
0
0
4
9
9
0
92
1
12353
1
0
2
5
10154
5
1
24
48
21
239
0
0
4
94
245
0
1092
1
0
8702
141
3475
0
980
104
38
542
41
0
7
6923
3
2
257
12
0
843
2
29
9
24
5
13606
0
0
17
94
19
274
1
0
1
0
86
2706
10
210
29
11
0
2
0
268
8113
0
1
304
5
0
860
1
670
2
0
117
0
24
0
1
1
0
3522
0
15
2
0
0
3
103
3
0
1
0
0
160
853
97
0
1
0
44
5759
20
2620
1
179
0
1
0
1
1
0
2
11270
3
908
4
602
20
0
0
1
0
0
1
0
237
21
1
7919
3
8
4
3
0
1
298
0
0
5
2
2
146
17
0
55
100
0
0
2
0
1
258
0
91
359
6
8
87
18
1509
8
1
8
3
15
8
6
1
4
5
0
86
2
0
0
31
2100
13070
2398
0
6066
245
2
901
3
7
0
2
3
509
21
4
170
120
1
0
124
2656
7
67
65
47
563
5
0
3
16
0
1
232
0
7
0
8
0
1
2
66
42
0
1
1612
3979
4
3
13
598
3
28
1
0
103
40
0
9
6
0
1
0
1870
8340
3
0
5216
546
1
1
6289
0
0
1
3148
191
9517
3451
0
21468
500
529
8
0
5
3
24
1
8
48
0
1
9
0
1
0
5242
2226
0
140
4
0
0
0
79
32
6
0
9816
1829
239
0
0
0
0
4
0
17
15
5
2
0
1
2
7
0
1
106
9
3
0
0
0
131
2
0
0
99
4321
2
11480
2
7408
185
0
591
7
1
724
31
0
33
554
1
3416
29
11485
189
0
2
0
1
11
3
49
0
0
9
0
5
1
4
147
0
1150
9
103
43
1
0
122
3376
393
137
1
2268
3
202
22
1
1535
19
0
17
738
0
6434
41
3312
27
11
1
15
0
218
14674
2
6910
0
20
7
0
1
4
0
1
0
49
3886
10
96
1
0
1995
0
422
41
2
1013
28
0
18
277
0
8338
64
33852
1301
0
10
0
1
4374
5
20
0
1
7
19
0
1
1
1
89
10450
1277
0
1
3326
5
248
26
1
2294
29
0
16
598
5104
11204
490
9
1
4
0
4744
30
9
8
103
0
803
3
0
479
38
0
1
9
3
81
6
1
0
0
0
0
0
150
12
34
108
20146
478
0
299
10
3
1214
36
0
25
850
0
3346
48
9800
198
0
2
0
1
778
4
0
0
41
27
1
3
287
2
2632
11
20274
202
0
227
62
1
2458
23
0
39
1110
3
3265
31
3
834
453
69
0
0
58
0
605
6
4
217
4
132
33
0
5104
110
1
1029
5
4
1700
25
0
42
413
0
3814
35
18
0
3
0
1980
20
4
3
27
0
955
1
0
784
74
0
1
9
320
2277
22
9
0
649
0
0
0
0
4247
20991
1
5
0
250
16076
40
2
1
1219
103
0
1
67
0
10189
0
1874
5373
19
0
17286
5
58
428
1
7991
0
8
173
8
2
35
56
0
0
1
1
0
490
6
0
0
3
20284
399
90
1
5736
58
0
2
131
5104
6653
4
6928
7712
1
12
82
53
3
0
761
5
0
8
39
274
1
2
12
2
1
1
0
132
2
2
60
0
53
0
3
38
176
0
0
2500
2
398
155
0
3
63
0
1
43
1
0
10
38
6
13
4
69
2
2
470
0
0
0
565
529
16
1
6222
0
305
96
0
124
7
5
1960
426
0
2267
144
1
18596
0
2145
0
0
1
162
0
0
0
0
0
56
0
264
0
34
0
18751
14
5
3
15
11
8
13185
4
4
178
1
10
2
2
85
0
18
1
0
0
0
292
2
68
0
0
0
77
1
0
0
314
791
0
0
3584
185
0
11
158
1950
0
45
0
340
50
0
0
0
12
4
13
0
5
17
226
0
0
1095
0
1280
61
0
320
94
0
5
3
972
1
12
235
0
0
11
0
7356
207
0
9
292
77
0
33
0
210
188
0
0
0
1527
0
15
9
26
38
6279
52
39
1
3
0
139
0
29
12
2
486
0
39
12
0
72
0
2
157
0
4742
2425
0
2422
157
0
565
15
0
15
9035
120
15126
0
63
46
80
0
0
28
0
0
0
492
2472
1
0
0
0
7
14
0
0
0
0
0
0
0
57
1902
0
6025
2692
145
1011
275
157
18
623
5
4
1290
0
623
0
5890
0
1
0
0
1754
40
114
7
0
153
6888
1
2
1810
219
0
0
0
390
23152
26
0
122
52
2
103
0
154
4
0
45
2
0
0
9
165
0
8
2
0
0
1
0
272
0
240
3
4
10
1
845
1
71
0
10
15
3
6
1
5
27
1
0
0
0
76
35
392
139
3182
3
4
80
921
4
72
156
0
5
12
0
28
320
47
0
0
16
24
2
132
0
36
197
0
5
0
0
0
73
67
1050
218
7418
80
0
1
0
1
19
0
843
1
13
0
12859
1334
0
9
110
289
186
35
7
24
4
0
1588
0
2
2717
375
451
7
2
9326
155
0
10
34
587
0
0
0
0
0
0
22
142
0
1085
2
0
0
941
2825
0
109
31
608
433
10
21
4440
3
83
72
0
64
581
1
1
3
0
6
752
4
0
16
603
12387
26
25
7
0
13
0
0
2
404
0
6
0
1
0
104
54
847
380
6094
1
286
91
0
34
13
0
213
1164
3
9
11958
74
2329
610
26
3
5
2
1486
2
1
125
6
0
2948
5
2
37
37
0
57
2
1
4
0
0
159
45
765
289
0
982
7976
564
404
1829
6
0
0
3
6
0
0
38
1765
2
181
12
0
0
471
0
0
1110
0
0
14
0
29
115
1
0
0
0
38
4
390
239
21
0
1016
1
2
0
0
111
40
108
1
51
55
10
0
743
1082
7
6
2509
1
93
26
0
0
2
5391
8
29602
7
69
0
0
5501
0
0
417
2248
0
94
141
3
0
11990
4
298
2
0
234
4
138
11344
1
1
271
0
472
107
2
0
0
826
4284
4788
2
3805
16
0
2324
1
2
8
1
24
11
74
0
0
4259
505
11
3
58
198
459
36
5
20
0
1
0
1
18591
0
0
2
6109
142
3
6
8262
3
377
1505
0
0
0
10
28
8
0
0
0
9
0
15
0
0
3
4614
1043
10
6
390
69
197
398
34
2284
247
0
52
6
268
0
98
0
1609
539
8
4
314
125
53
0
0
9
0
0
1
0
0
0
0
0
0
297
8
8
844
807
175
69
264
1307
420
0
58
3
546
0
13
0
492
40
0
0
0
0
0
0
0
84
0
0
0
0
0
218
1586
0
9473
858
9
11
73
192
246
34
4
5158
0
0
0
75
0
412
0
1
0
0
0
0
0
0
0
0
0
0
21
31958
6135
0
43
9
3295
0
43
0
192
819
12
5
313
257
472
44
5
1248
0
0
0
2
1369
0
5
0
0
77
0
4
19
1379
3767
1
10
2396
6
0
76
0
88
1
1062
0
0
0
128
1516
42
0
0
0
145
0
6636
2
0
0
0
38
16
19
0
1887
40
18746
3
605
766
0
0
2199
394
1
98
1
0
0
0
1
2061
6
0
0
1036
0
0
0
133
0
432
5
0
0
0
87
315
2
11540
109
0
9
15653
1
0
10
3
73
0
0
0
182
112
0
4
1
566
3
8
2
0
0
0
0
554
0
1
797
1
1
34
6
0
1192
4112
6
0
0
157
8539
84
2
1
1294
22
0
1
71
4
7432
8330
30
199
1
5
640
1
7
1216
274
3641
134
142
38
153
375
34
3046
341
196
4
1079
328
224
10
7
0
1
2
1
0
47
6
500
79
0
16
11
14
938
0
38
18
25268
1987
445
0
991
62
0
347
44
50
0
0
114
49
0
0
0
3179
3630
517
1
0
13498
4
178
0
4
30
0
0
6
9
537
0
140
9
3
2
24
0
0
0
0
598
7
41
0
277
0
2809
1
3
7304
522
1
1675
88
1
5866
0
11373
458
9517
3451
0
74
626
7838
7
411
0
0
410
16
0
35
166
0
7
1
0
88
0
0
2
884
106
0
0
0
1
0
5
1
5837
2114
18
1250
14
168
17
0
116
0
2803
231
12621
0
9
5
107
5
3155
3
114
59
0
8
375
0
0
8
1
0
1
1571
3571
917
193
1615
0
82
349
4506
0
0
13
50
1597
1
1
4429
134
2
0
109
521
26
1
38
1795
2
0
92
3
1
0
540
38
24730
0
1
10
1
272
0
119
1
320
3
10
679
0
48
1
8
1
0
0
100
97
2
3
9
18
36
0
263
0
1
45130
5
6302
302
0
0
0
11
102
0
9
2
23
35
0
2
73
7
2
1
104
664
0
0
0
2
998
0
31
7
0
1
21121
474
0
2
0
1
485
43
2010
0
3
79
1
2230
4
916
15096
9
0
4
0
32
0
1
1
1
15
8
23
0
4
623
20921
534
242
1096
0
2
1
0
3950
479
0
1018
0
10
0
0
181
6
0
0
30
36
2
13
598
1
0
0
17
12
27
0
0
8204
283
263
0
1
26
0
1
0
4
0
397
1
0
0
1
0
0
0
24
0
1
0
93
0
643
0
0
0
0
2
1612
11
30
740
6
0
0
49
0
0
1
1
1
25
0
91
4
78
14
1
0
0
0
19
0
0
1
1
0
74
0
0
2498
0
7
0
11
0
0
0
40
0
35
3
341
1417
0
0
1
41
51
0
0
0
9
1603
1
0
0
0
26
0
0
0
1612
11
0
26
1610
0
59
0
142
0
163
0
218
0
0
0
1
32
0
0
1
1
3
1196
4
1
0
0
1
0
0
0
1612
1023
43
30
1
409
0
288
0
1
152
119
0
546
0
31048
3341
4
1
2
111
1
2
713
0
1
1364
149
0
51
0
15
16806
11
7625
278
827
28
0
1
1
41
1
0
0
8134
3
190
21
1
0
15
0
1
0
0
0
189
10
1
0
0
1
1099
3
705
0
1865
6280
337
0
0
1120
1
12
2
2
1
0
55
0
12
18
1
0
0
807
0
10
3
10
1
10
1228
1
9
14852
1
21766
0
373
2949
7619
1690
905
0
0
0
0
0
1051
0
1
2
0
1
338
14
111
6
4
0
2
0
0
7
2327
1851
14891
213
271
993
10
0
82
1194
21
0
0
30
76
5
2
1
6
201
0
0
9
444
0
0
0
0
13
188
8
3
15
0
19046
826
1
6448
312
0
4
42
1096
0
0
4
3
583
82
9
23
1
0
386
0
0
0
4
0
9
0
1
70
65
0
9396
321
3
5
90
18
0
2
36
689
22
131
0
115
0
5993
0
6
4288
1406
10
2
1
51
9
5
0
28
13
2
0
0
18
845
2
49
4
456
2
0
8
2
1879
77
0
11
20
0
0
12
572
3
48
3
2
1
0
0
32
136
7
0
5
1
0
320
3148
6
0
9
1
2
17
10341
1
6
0
0
2
544
4
41
2
0
3
0
0
0
3
5
0
0
11160
2
1
1
4
4238
10
0
3
22
0
0
10306
524
19
0
0
1430
5
0
233
2
0
3
14
0
1276
1
951
0
1
390
34
9
12
0
0
355
24
34
20
0
1
422
2
0
48
27
625
180
0
0
0
0
1609
2337
0
0
2
162
29
0
0
2
81
0
310
212
1
9598
315
5552
1
54
2032
2
11
9
1
0
1143
1
18
1
1
0
6
0
0
0
5885
44
1
5
348
2
0
13
670
0
0
169
1947
16
599
4126
2055
3
1
2
0
725
1
4905
0
20
205
21
81
13
354
23659
0
903
1465
14
0
62
520
36
17
0
17051
11915
0
322
10
17
0
10
1157
6
12
0
836
23
0
8
39
13848
13846
28
48
0
66
0
53
56
10
0
5
597
11
0
0
1379
3767
1
10
218
16610
3
283
0
0
0
331
180
1
2
145
11
2
2066
147
4
9
0
346
17
451
0
37
0
0
10
0
46235
63
61
0
43
0
0
3981
0
9
3
136
0
143
23
16
4
1
364
0
653
0
13027
1210
14
8
3
0
1
1
0
2
32487
61
61
1
242
4
0
0
7
265
0
51
1387
0
4
1144
2
6
10
0
115
3
454
0
1
0
0
14
0
191
0
10
15374
17
5
0
21
6
4
38
33
40
0
0
4
386
1
3
8
0
1225
134
0
34
1723
0
18
0
1
0
3
0
2
3
87
21
5072
0
329
196
2
10504
1247
30
0
0
196
479
0
140
1554
9
2368
1
0
0
0
0
9
19
0
0
0
0
0
39
5104
422
3
392
1961
7
0
4
0
13
66
0
18
20
0
21
44
13
214
850
0
0
0
0
0
3
13
0
1
7
1
2
48256
0
14207
73
99
0
1
0
7
13
0
2
0
0
0
0
1
0
14
140
1
2
0
60
13
0
122
0
1
1
5200
0
6
400
0
1049
34
0
4
1
0
1
646
7
1
0
21
20
85
1
1
3
2
44
187
0
0
1
0
4
2
0
7
109
160
147
48
32
8
0
517
7
6
0
105
0
0
20
9
1
3
0
0
0
2107
905
0
1769
2
4
14
101
3
7
2
0
3869
0
1259
2
212
735
34
1
8592
104
0
9
11925
9423
0
2
0
21
21
0
0
0
6
22
51
2
4
1
889
0
1
0
12859
87
9
593
0
0
58
0
675
2
0
3
780
4666
0
9
366
3
3
3126
19
1
8
4
0
3
198
4
0
3
226
1372
11294
397
10474
1840
0
0
272
0
209
97
96
0
2541
0
36
0
0
0
1119
1920
6
0
0
1158
7
176
187
11
0
0
0
1
12701
0
11
0
125
391
244
1
0
3
9028
1086
7
0
4
82
4
2
426
13
0
5
112
2
10199
0
0
1012
0
3
46
10
274
3641
134
142
38
153
44
1
3
440
32
208
8
156
2037
2010
1
8
1
737
298
0
0
630
9
0
1
0
0
665
1
3
62
353
2193
5
31
184
0
700
455
1
9
1
15
0
3
128
13569
94
2
0
2
367
12
2
0
0
507
6
0
52
0
1
17113
243
4
70
454
1
0
0
129
11
0
8
3
14
0
4
1367
43
0
0
0
3
0
6
0
0
0
71
0
65
0
16
33172
0
4
9
506
26
213
0
1
7
203
4
3
5911
6
8
2
212
7
1
123
0
0
0
568
39
1
5126
269
5
2
7
320
7785
9
151
912
0
0
0
2
6
1
0
3
0
0
29
0
0
138
0
8
13
1
8119
2059
0
1
2
5
17
197
0
2225
13525
96
1
17
11
0
20
1
0
194
0
26
7
667
0
13
102
236
1117
4
2
4
0
71
0
1
1
5
2
0
0
3775
33
0
3
322
0
0
1627
261
0
0
5
4
0
1752
102
2618
616
1
4
754
5
4
9
0
3
0
157
0
0
0
0
16509
1525
89
4
0
0
0
53
0
915
0
1606
2
2
10
5
1
7576
16
156
0
0
31
0
43
0
1
1783
4
2565
729
1
9598
315
5552
70
0
2
1
0
0
1
1
10
2
1
1
195
2
12
105
2
6
0
0
35
4
0
0
1
1
21
2
25
38
7
3
28
11
1
2594
266
1
7
2
464
223
0
39
428
17
0
4
4
0
0
0
0
0
1
38
0
1723
62
4
0
15682
3
19226
3
1509
7
166
0
0
1228
0
243
12
309
0
2
0
738
2662
661
29
33
95
86
0
3
1
0
1
0
0
0
66
159
45
1
3
1
75
91
0
9
907
0
5393
6
8055
384
0
28
8284
9
325
60
0
0
0
3
14
0
1
12
0
161
4217
1
2
22497
1420
10
1150
268
204
15
5
45
1
29
295
96
0
0
0
1
0
24
23
95
0
3
269
25
0
2
698
8
5104
867
18
16
569
15
0
0
0
0
3
0
99
0
0
0
1
7213
112
0
0
4
204
42
3
2
2
52
0
0
0
0
461
0
20977
29
0
3591
1
0
30
0
601
4
78
0
1
43
1744
56
0
12
0
547
1
43
9201
20
0
5
79
3
60
8
147
0
11218
6
13
64
160
0
32
5
1
581
9
108
18
255
11
15
2
0
0
0
71
3
4
7800
30
2
0
0
8
0
147
2330
0
363
158
4202
84
0
32
0
0
332
0
93
0
0
78
0
0
163
1
3447
249
0
0
0
0
23
0
0
842
169
11419
22
6300
93
110
70
140
552
0
17
457
41
0
3
0
69
96
27
0
0
2
0
0
1
0
210
0
791
0
1626
75
4
4220
70
690
95
1
0
2
0
11
0
0
0
0
0
0
10887
1
49
99
0
0
0
2031
732
0
0
0
6
390
28
31
1
147
1961
100
1
0
0
0
3
2
1
1196
4365
5
0
7
177
0
1
0
2
5
0
0
2
1
1
0
1
3
3463
63
12
20174
13
520
0
1
1
4
31
0
4
0
163
69
0
15
76
5
130
5
0
0
2
5
1
1
16
57
1
0
0
2
1
12734
13850
2
45
142
0
7
0
1268
0
0
0
2758
23
0
3
2
2099
0
9
0
3
7
20
0
0
0
657
1
22
50
670
17522
14
119
1
0
0
327
0
3
29
1005
0
26
75
601
4
111
0
24675
0
6995
145
0
0
2634
56
340
0
233
19
0
0
1432
63
30
1
0
319
0
9
2658
0
2
8
3
444
159
59
26
536
16
7
5
10
804
0
2
8
1
1
1
0
0
3
14868
22
3899
63
27
50
0
1
3194
1
1
0
0
11
0
1
350
2
0
0
1959
8
0
2
0
6
0
6
1
0
0
0
5606
41
2964
0
0
32
0
62
0
39
3
745
0
6
0
1
3
4
0
2
5
0
0
27
0
0
1
1141
0
16
25
8
797
33748
32
13
0
0
18
0
5
3
10
11
7
11
9
2
416
0
0
194
216
4
67
5
0
0
2
8718
171
0
1
0
1890
49
25994
2
4053
54
6
1175
0
0
201
16
0
0
486
0
0
4000
143
1
345
1
1
5
0
4677
348
1
5
0
1251
50
4298
115
6
35
4
0
23
1
477
3
24
3
8298
3
0
13
15
13
0
1
6
0
0
7490
288
0
1
0
1
2625
51
5
13856
18
1823
4
8
0
99
81
0
0
2
0
0
22
1
0
231
0
5
6
0
0
0
26
0
3
29592
6
1546
1
26
0
12907
16
2356
0
0
46
20
0
101
0
1
1
0
105
0
1
61
17
0
18
1
550
0
74
6
0
176
4
1419
0
2547
2
87
11039
2502
4
106
0
1
1248
16
67
6736
38
0
11
0
1
21
420
0
53
2
4
1
4
1
0
1790
35
5
32566
41
23296
13404
24774
63
27
7
0
11
8
669
12
0
72
10
4723
33
5066
0
0
1
820
20
1
1
7173
5
2
2743
298
0
1
1721
4
87
14661
19
5
4
3994
1
0
1389
0
1
340
0
0
6051
40
2
0
11023
38
0
727
5
32
26
0
3020
0
0
0
0
1073
17109
63
3
109
16
1
0
37
2
127
0
68
1203
0
1
0
0
58
0
0
15
0
2
202
617
2
4
158
8
320
337
2
35779
2
94
0
18
2
0
1
145
4
1
391
63
0
0
9
70
1323
1
1
24
54
0
0
27
33
1
190
0
1
403
0
6804
8140
1
3
1
3360
537
0
1
0
56
0
1
64
78
4
0
82
14
0
2
0
8
1
2
0
0
194
2533
381
3
726
9598
315
2236
5910
667
0
174
260
1318
1
6
1262
0
0
0
1
0
1
0
11
0
3393
0
0
0
0
0
1
0
0
1
0
189
1
1
13
1227
2
0
1240
110
0
0
1502
0
131
15
113
0
5
0
749
0
0
4
1
0
1
0
0
0
1035
0
0
69
197
398
34
6107
196
0
43
15
846
8
824
80
10
0
0
5
1
0
0
0
1702
5
302
2
0
7
0
0
1
1
0
5104
0
0
277
10374
735
0
0
316
59
6
5
1165
1441
96
1
0
0
0
1
46
0
0
1842
37
0
1
1071
17
0
17
0
20698
3
546
0
389
2
0
0
1
449
441
12647
98
133
0
3
18
1
42
16
0
0
2822
150
1
6
43
7887
0
5
1
5
530
143
89
0
163
296
62
0
0
155
0
136
0
34
1
136
0
1
4
4
0
1
4
4
2
1984
3
0
10
4
11
1250
1621
5
19
897
932
0
864
2
12337
1516
0
2426
683
0
144
1699
8
90
0
0
4
27
1
1
116
33
4
0
0
87
0
0
5911
49
96
14614
8
1137
7
491
33
2
0
0
0
2289
7815
16
0
0
28
3
0
0
0
3354
1952
0
2
1
1
0
0
0
6
17379
85
10
30
0
0
0
8
5
162
10
4
3797
0
316
10873
175
0
3
0
32
7
0
0
0
3
28
375
0
0
0
3220
161
0
14
161
0
2
0
0
510
1612
5
12
0
0
0
0
61
157
1
1
0
0
16
4419
121
0
1
0
2
2
20
5001
873
104
2076
52
2
74
180
60
0
168
1
42
422
82
15
0
40
5261
52
1
0
0
14
286
19
1
9
1
372
360
3
12859
299
54
1
1
17
9
8274
11
0
18
0
559
0
61
413
40
36
171
28
191
78
0
10
1
257
1
0
1
1
69
2124
71
17511
7
62
7430
0
35
24
4654
596
356
1
16
53
6
0
16
0
38
30
85
39
503
6
112
63
27
4582
64
4
1
0
28
1835
0
0
0
141
13
27
1610
16
215
1
121
1
79
0
260
0
5557
256
24
41
165
889
8
407
23
0
1526
87
5
40
10764
25
855
2
1
48
19
202
39
42
49
3777
0
630
59
5
1657
0
0
1
3
1133
26
34
0
65
4
2
14
21
342
0
10532
104
8
275
64
0
323
25
5
402
214
71
16
64
3695
36
6
1
0
0
2
346
0
0
4462
3
9
0
3733
982
1
0
169
27
1301
5
73
7
12
121
2
0
22
0
51
24
3
412
252
1
0
1978
2297
1126
41
0
0
21
1107
47
25
14
1
1
5773
2923
51
68
39
0
1583
19
1
39
0
1
25
116
0
0
2
5
5
1481
23
132
0
7
610
20
0
2
55
0
86
292
11
110
1
104
30
2554
7120
1
3
3
1
4
195
335
4
12
33
0
1
10402
1
4
3
153
8
1
0
198
1
0
2729
2
6952
10
21838
15
4745
0
20
0
31
5
1
267
1224
1
1
138
3886
1664
17
6
1
0
1
77
67
19
2
28
13
15
5
1
15291
43
21
1
1
5457
3
38
38
46
149
7
18
5
66
6
0
14
1470
14
0
0
343
0
9
8
0
2
4
84
2
1
15841
39
18
4
13
0
55
0
3
8
2
5
72
0
104
1513
3042
0
11
7
3
0
1
2
130
829
247
184
24
691
194
33
10316
2
72
409
282
1417
30
1
138
7
718
19
0
368
0
131
73
0
2
4
255
0
2
1
3
0
0
0
2
79
0
2
100
8028
0
7
112
3
0
9
4118
12
7
36
382
2
0
0
100
4426
518
0
4
8
1
0
2
2
225
50
26
174
13
668
3486
1297
1480
4
213
1884
14
1140
66
37
126
2
301
1
247
114
0
164
7
0
268
0
7
1
36
3617
5
12
248
5
1
2021
8410
18472
3
71
0
8
0
116
2954
2947
5
4
0
2
0
95
5
7900
206
0
4795
67
1
651
1
515
2103
3418
0
2
7
828
2128
3
12
7165
0
44
1139
8
2
7
5841
6
2
29
4
0
0
0
0
0
2
0
3
0
1
0
2
0
25
6277
522
1
2315
2670
135
662
1
0
27
4635
1131
88
47
39
4
0
62
0
34
2
13
168
101
142
185
0
0
0
824
267
0
5
0
3808
48
5549
1523
1677
398
6
17406
220
14
250
9
1
857
0
94
457
0
0
3
95
6
0
10
19
205
206
150
1
0
33
1848
1932
13755
1043
7943
16
2437
1353
96
12
88
51
311
87
60
116
1
93
7
1539
50
4907
2848
0
486
525
4
740
2570
58
0
0
0
1
169
45
2215
12
589
8
0
536
0
656
12
0
0
6
153
4
0
535
7
595
4986
0
421
730
1
12
5931
21
46
569
394
419
5302
0
763
10014
1
92
1
0
1718
7234
0
0
0
0
7
5366
427
6
821
4
4
134
14
0
0
0
19
528
2
3
0
0
48
149
2329
414
1
905
3
2
0
1008
249
192
8
199
0
0
26
0
854
0
3
113
1775
143
7
457
2
4
116
200
0
0
530
727
0
0
0
234
11
4
216
0
0
0
10
0
8290
6
1
1628
0
398
1
3330
67
53
0
5528
5823
3
11
9176
632
0
14450
522
17
2
25
238
0
91
4129
141
9
813
48
1
1054
0
3
380
7
0
29
38
0
1247
2
0
484
0
4
0
407
17
1918
670
8
1233
0
2699
264
0
7
10
1284
1478
448
0
46
7
39
1215
441
124
1
9
14
1328
5
116
2
0
139
5316
140
6
107
458
1975
8412
33
45
0
0
0
0
0
0
0
0
0
18
2580
0
1418
135
2
0
145
48
8
231
17
6
89
0
5
0
22456
2
428
1
424
0
1402
779
6
0
0
0
0
0
132
0
0
2514
0
63
0
0
0
1
3
0
33
3345
139
10
3901
0
530
727
0
1275
66
66
2424
526
0
1
1
0
0
289
79
1
67
28
40
0
1813
77
0
0
0
20
2541
7
3
0
0
0
278
39
165
0
2327
2
0
0
697
14108
249
6
691
2
0
0
29
97
6
0
38
37
782
0
0
0
375
0
2837
8
7
1
2380
7
4
1
8
116
4381
0
17
3473
5
1
14089
1
5
66
0
0
0
1978
2219
2951
273
0
0
2748
78
0
0
71
3543
0
100
1845
0
47
915
1
5
551
1187
0
4800
14
0
44
0
0
0
196
0
750
84
6
15
0
16913
4
0
63
92
30
0
0
6
1044
318
4733
0
0
0
55
0
202
1
1
0
1261
50
50
0
4018
133
0
4
0
0
4720
7
59
1504
5
717
2
69
0
21918
53
1
0
135
163
64
0
0
0
243
476
0
5
0
0
0
47
31
0
75
3
0
1650
14
21410
0
10
1372
1
610
0
12859
628
0
148
7
1966
11
0
0
0
1
685
5475
5
1
49
3
0
0
2
0
1275
10
0
25
13
131
119
409
3
251
7
16
2883
56
72
4
0
0
32
1
79
0
0
32
0
7939
0
2
51
230
133
1
11846
99
0
1
0
1
2
1
500
0
53
1031
8
0
483
951
1087
21
4
0
0
0
0
109
0
13
729
1
2
6
3
0
2
0
0
172
2
1
0
0
2
12
250
320
76
2
353
11082
2376
1
1
0
0
3517
0
0
184
84
48
0
0
0
107
44
1997
2
2
0
0
1414
0
17
0
0
573
9816
5
79
7549
178
150
15417
0
1400
0
0
13
57
243
4
0
485
5
2
76
0
8
109
8
4
0
0
0
1215
0
693
0
153
10
789
74
28
32
2337
88
6
7
0
17
1
133
46
3
0
3423
75
136
24
167
1488
26
0
938
8
276
0
345
34
464
5104
0
333
557
0
1141
0
23
0
0
0
1
1
0
37
0
0
0
0
0
0
0
167
0
1
77
0
0
0
0
0
12
14604
2
593
13059
0
245
586
0
30
22
45
1
0
0
0
0
0
3295
10
186
0
815
62
43
21
0
0
48
2433
0
712
1018
28
10694
6171
390
0
4822
24047
0
284
286
194
14309
1
0
1
7
5
0
0
0
5
2
3
4
0
0
0
11
3707
0
159
56
5706
581
0
111
2
80
2
13
177
11396
0
355
1964
15
1511
3
1
21
1
3
4
4
88
3
3
25
13
2
11
0
24
3
2612
22
12
6000
76
6
0
0
89
39
0
8
344
0
0
0
7
23
32
0
0
5
3
0
0
0
7
0
2
0
7
0
61
109
2
1408
9
0
0
157
21
0
3
39
0
23
8
0
0
0
1
6
0
0
0
233
3
0
2
27
0
0
1
2
1035
136
0
6
104
38
20
0
0
0
1
43
40
1
0
0
1
121
0
0
53
0
5
0
17
1
17
0
47
0
16
2
839
184
0
0
1
43
44
0
0
0
2
1064
2
0
0
1
16
0
0
0
0
1
1
0
356
0
816
0
135
0
87
0
3076
4531
984
1
1
101
37
0
0
0
14
1181
8
1
0
0
33
0
0
0
0
0
29
9
1
366
0
814
0
2
337
6
61
109
2
6454
44
5
53
0
3537
18
90
7
0
0
5
9
29
18
2
1
6
4
3
1
0
0
5
6
863
18
25
2
3737
2226
55
0
7
84
812
0
0
0
627
0
0
0
0
198
814
0
2
633
0
1920
23
5
3
6
10
857
126
162
94
0
100
6029
8
7060
114
75
11210
66
87
46
420
0
523
3632
17
0
4
1
1
8
57
0
1
1
0
241
0
15
14
26
2
0
87
46
7
1874
0
1822
0
49
401
1207
113
2
1080
69
842
0
0
17
5
0
0
5
1
0
25
283
1
677
12
0
239
0
19957
14
1
586
75
1
0
53
11
1
0
1
9483
171
2
4
0
4025
101
5
11
900
0
19
11
0
0
336
205
17
0
3
10234
6
229
1
0
1
113
147
9
3365
1078
23
1
31
0
13
0
0
1
0
7
36
92
127
5
0
3
142
0
8
1
0
12859
6398
186
1
1
1
2307
0
2
0
0
0
289
0
1
26
0
224
1
1
3
243
32
65
0
283
1
0
0
5
665
0
5710
1910
5471
26
0
1933
15
2
0
1
125
465
85
0
0
143
1
0
0
0
0
52
37
1447
25
3
98
0
0
0
7
13
38
4716
1669
14
13
11919
3
35
102
0
7
0
3432
31
0
1
7214
0
0
831
0
324
0
5
0
0
362
0
2
0
5
0
27453
1
360
10
477
1
0
0
373
1
5
1
0
38
0
0
0
285
0
31
1
31
44
17
0
0
2
0
7198
1400
1
0
355
13885
35
219
1
0
4
3
0
0
7115
36
0
136
0
47
0
14
6
14
0
0
0
5
321
8
20
709
7760
0
0
1478
185
2233
8
345
289
0
7052
126
0
16
16
2
4
2
18
245
441
0
0
1
0
0
5
0
0
1
18
19
1
1
32
7
3542
3
0
28
105
36
217
1
88
128
0
6
9115
462
0
3
0
1
3
1
47
0
71
0
246
39
0
0
4
72
3
0
73
8413
17
0
1256
0
0
2
3
48
898
0
0
0
1073
0
0
0
7451
3015
8
1
1
1
22
0
14
4
89
4
5
13
509
200
40
170
1756
28
1598
6
0
45
123
57
25
1
0
0
109
11
0
7
529
56
31
1106
0
7
0
0
17
0
36
0
12859
6398
14
0
42
0
385
33
1
0
3
45
4101
0
24
35
2
1
239
3
1
35
0
1
6
4
0
1
86
0
1
0
0
2887
8869
0
40
2717
3
0
0
4
4334
217
24
0
44
2
0
6549
0
0
0
53
11
1
76
15
385
2420
0
111
44
2
797
2
8
797
1
1
135
1
1
0
0
185
0
0
0
0
0
86
2593
1
211
19
160
0
1
1
6
58
0
4
18
0
6
0
0
247
8
722
0
49
5
2
0
1192
229
21
7
7
5
0
4
0
740
2
215
60
0
14
0
109
11
6
0
1
797
5
107
0
0
0
8758
741
0
13
1
1
2
1
41
0
0
0
540
30
108
0
129
2
1
0
545
1
0
18
1283
3
119
4279
7
40
528
741
126
1
0
0
6
2
1
23
0
75
0
0
0
718
26
2
1
5
453
1
0
0
0
16
15
0
5104
182
6
16417
4
1
1
0
30
0
0
0
0
0
8845
4578
0
0
2
7
0
7
761
1
0
585
34
272
2
0
29
328
5220
20086
50
109
285
2870
0
6289
492
0
243
1
590
0
0
1
0
506
202
14
0
29
0
0
622
1
0
0
1556
4
8
11294
22418
0
9459
1843
4
0
24
633
16
0
1292
30
0
2
518
0
7
0
8
0
0
0
2761
0
0
929
0
26
101
0
1
3
842
6
1
323
0
11
7
58
428
12
7
0
352
10372
3051
7
2
2
2
2
1
89
172
1
134
2
0
0
25
0
0
666
147
748
1232
10
36
1
0
32
0
1401
0
247
0
0
0
0
7
6
0
3
0
33
0
0
1
15
1
0
0
17655
990
179
14976
20939
540
60
1772
0
0
27
1017
0
775
0
7
260
0
0
0
0
0
0
2
2294
19
5
791
3
12
2
14
3
2
744
16935
4
3
120
4
0
13
29
0
0
5
51
0
916
0
533
6
4
63
60
1
107
2576
0
9
5
35
13
1
0
3
0
274
1594
1
2767
0
21
2403
1
2
1750
952
0
0
1
3
957
2
0
751
3
101
1
13
2
1
1
0
1
0
1
7
0
15783
6
82
18975
0
19
1
3
0
357
18
3
157
17507
479
9
0
0
1
1
27
5
55
0
570
40
0
0
1
1
151
0
18525
0
0
0
27
289
2
925
36
488
0
13
0
6
93
0
4
0
0
2
0
2
46
5
0
389
0
1
3
4
0
16
1060
15630
0
37
1
0
6
0
12
1
186
0
35
0
447
40
0
4
0
21
0
0
2697
63
20
1
96
0
0
112
4
153
44761
30
110
0
103
1
454
38
4
1
0
19
0
1
8
344
0
1
7
11
0
15
0
49
0
0
1
0
0
189
0
7
29895
25
93
92
0
2076
4
52
14
0
1
0
0
1
0
2
0
0
0
1026
2
0
177
211
23
0
4
31
0
12
0
103
22971
43
16
199
4367
0
0
3
2
71
0
0
0
1514
2
1557
35
11131
1646
6
1
1
1
0
0
273
0
5
0
27
19
0
5104
239
36
28
397
14
0
2
1085
1
283
1
6249
167
1
1
183
0
0
24
0
4
905
1
0
507
1
7
0
0
0
69
268
59
5521
0
1366
0
25
0
410
48
24
2
0
0
5
0
83
0
277
20
10
0
99
1
69
1
40
3
0
8149
219
0
169
734
11654
2
0
52
137
0
3
11434
0
139
74
5
9
1760
0
3
79
0
1
0
0
2590
0
0
0
841
29
0
0
0
1621
5
19
34077
33
1
0
454
38
578
27
2
21
2
3
0
16180
210
0
1
1
13
56
1
318
2
4
6
0
0
17
69
274
6307
145
25
0
8
0
149
0
608
0
2
1
15627
144
0
7
10695
2042
20
0
13
0
0
0
3756
8
4
0
0
2
29
160
129
97
6
0
14
17
26
3
10
8
1
0
5
0
40
7
0
2
5
0
314
22
0
620
24
0
5
1
0
0
1
87
1032
286
0
806
341
0
24
2
0
0
1
70
0
0
0
403
0
0
0
78
0
2
9746
249
2
0
958
86
0
0
273
5031
1772
102
644
0
2838
311
0
396
0
0
1375
5384
1
179
4804
3
2
77
0
0
286
0
0
0
317
1
2050
0
0
40
6270
83
20
0
4
605
471
604
90
0
1
0
87
244
3
115
69
0
5
0
234
10
5747
57
0
4
5066
0
0
80
0
0
0
40353
3
1
0
150
1
54
38851
0
0
1
91
1
0
18
153
4794
0
12
3842
2
229
0
0
0
37
1401
0
242
55
0
2
20875
1137
7
1057
1
3
61
2
355
0
0
9
2
55
25
46
0
1
56
0
4
17
3
515
0
56
32
0
0
36
0
10
4327
1222
0
293
1721
1625
33
51
4
2
0
1
21
0
598
22
83
0
201
1
40
1
137
50
0
92
1
10
426
2
0
0
13712
11
3882
1
5
0
46
518
0
3490
292
1
12
3085
25
1
0
0
900
0
1016
0
0
3178
0
62
0
0
2
0
2
0
87
33301
0
7751
5
518
1853
1
240
1
0
0
803
0
0
0
0
11
7
701
54
1
122
9013
21
264
0
0
119
0
0
12
35763
1
16
0
0
0
0
46
11
0
96
0
26
0
133
0
0
30
1
0
64
4
10
12
0
0
0
4366
318
0
0
16
320
43
0
0
0
14077
1
79
40
0
18
0
0
0
21
51
0
5468
0
0
16
0
2
0
4
0
4
0
6
5
0
3
26149
2
18
0
788
0
586
36
332
2
65
1192
61
30
3
97
1097
51
12
8
1
6582
1231
1
112
1
0
0
0
30
2
480
847
1865
1237
0
0
1
18
1
1
18
0
0
0
0
0
11
364
4
4
564
13
0
6
1
1503
2
95
215
4
1368
5
3
30610
2
820
9224
0
0
8
0
0
0
0
6
637
44
0
5
2
2
3027
0
732
2
365
1
201
0
15
0
2
86
0
10
20875
1033
4
7170
29
5219
898
19
1
49
0
38
0
360
112
2
0
19
2
0
25
145
6
0
2
6
0
0
55
3
0
7
6
110
20
0
1247
0
0
1
642
9
0
0
288
0
0
6
0
24
0
548
43
67
0
0
29
0
79
21
151
3
0
5
1060
1899
0
21
0
0
289
1834
0
0
7
8
0
873
10
95
0
64
30
8
5
0
55
1
0
6
15
0
0
150
0
1231
11
38617
1686
0
21
8
1
1
0
5725
2318
6
0
313
56
0
25
0
4
41
0
5277
7
1631
311
0
46
0
186
0
0
0
17201
93
3
11
38
17
203
0
271
1003
0
1
999
8
8
5
2
1
730
0
7
64
0
0
3
422
1
2
0
1
0
0
0
1695
72
8
2
223
0
180
242
24252
2
0
0
14
20
0
3
0
0
18
519
78
0
0
0
72
1547
2
2
0
0
20
11027
22324
217
2025
45
0
4
403
401
647
3
0
4
7
126
1232
21
1
1
3
13
0
1
4
0
18
0
41
169
2
328
0
17509
2
4
9
416
0
0
339
41
0
3
932
0
2
552
0
2413
0
23
24
15
3
13381
2198
0
1
0
0
0
316
46
6
87
270
110
2
2
361
193
1
24225
151
3
1
0
3
1
0
0
0
0
321
0
5
15
15
0
9
5
0
2
5
0
145
11658
52
143
2
6
1401
1
5
0
0
1
0
0
14
19
0
0
1485
0
97
51
2232
0
482
0
48
2
9
0
52
5
0
320
13
7
10
4
344
0
494
68
0
0
6626
1389
5
3
109
0
10125
399
0
9
0
0
0
14
0
277
1
2
1058
1
0
25914
21
0
0
118
59
0
8001
9
2
0
0
0
0
0
11
0
1
0
77
4
6
0
0
0
18
1
19
8
17
2
0
320
3812
66
0
1
22
5
0
5
63
0
1
35
28
74
0
295
479
0
0
1
442
0
0
0
0
5112
0
0
0
4
0
13668
7901
17876
27
1
0
20
0
0
13727
7
3682
90
0
2
158
3
1
977
0
321
2
16
25
0
687
0
5
132
1
1342
6
160
276
8
2
62
0
581
1
781
0
1
6
6
2
139
0
17531
37
3
33
25
0
0
9883
39
398
0
4
914
2
0
29
311
139
0
0
0
651
569
0
9
975
0
0
2250
217
3
1
16
165
1
0
6559
1085
0
700
4
367
6
1350
18
2313
0
0
38
12
655
2044
1523
10
45
1
508
40
67
6
2
1
0
1
27
0
130
4
93
0
149
9
0
124
5
4
0
11
0
1
0
0
37
4
0
67
0
1
873
3
11634
15
0
0
76
1
0
262
1
8
12
0
0
0
875
6
0
7
1
0
2
1
7659
0
8
450
2423
1
0
804
1
1525
0
22
1
2
155
1532
0
5
0
19540
2045
31
0
0
0
101
0
1
0
356
4
1
1646
39
2
3453
7938
15
14
1
0
1
8
304
5
11
0
0
37
15
620
0
396
1
0
1637
32
142
0
0
3
101
8
0
320
408
409
0
47
149
1
1
4
1
3
18
0
13
7
8
0
0
0
14
0
1
31
12
4
108
0
33
5
25
22
4
43388
14
0
186
1
24
58
2
3
129
0
0
1517
9447
40
0
41
0
0
6
3
144
0
1
1
46
0
0
0
0
206
4
21619
27
1
0
19
2357
3
0
11
2263
1
38
52
0
5
26
23
0
0
1717
0
0
8
17
0
17
1
0
3
2
8
0
1646
22
25
1981
12306
2258
1
12
0
1
3439
0
214
1
6
206
2
80
15
4
3
0
14
4
0
1460
283
113
1
383
140
114
147
789
292
3
27
293
0
1093
2
4
315
15
0
0
6
1
0
0
27
204
12
3
406
2
53
1
3
254
487
0
1
0
603
14
46
4
367
19
0
231
1318
70
4
2389
157
2
47
20
1184
0
0
114
3
9
0
4
1
16
2
0
1
396
0
10
1175
3
0
2419
1
928
19
71
185
757
0
8
2
1
15
0
0
7387
179
0
0
148
1
0
0
3
3
37
0
8
10
0
8511
0
56
0
0
1
17
492
0
1210
3
3
332
6
8
7
955
0
0
402
0
29
221
55
0
636
82
2
5
337
0
201
14314
5104
160
346
762
1566
92
5
1
2
0
0
4
10
0
5293
0
263
4033
107
0
617
673
50
0
0
0
9
25
0
2466
17
185
2233
42
336
1
16513
396
10
142
1701
1955
0
654
1
0
2
250
0
2
0
1
36
2
3
0
0
3473
137
4
0
21
216
2045
2
234
111
1
27
338
15
1
497
13
479
0
1
1
8
3
0
9
0
17
227
11
8968
290
7
73
2
2
0
0
0
19278
0
0
145
2092
1
32
2
508
19
7
1
0
0
7703
308
19
27
0
0
5
3094
0
0
4
17
869
70
416
3153
1
1
5104
4861
7
3
108
4525
1
0
3
2
235
0
43
0
22
73
0
450
3
0
1
1
52
84
0
7807
917
1
252
1
1
0
12859
2220
2142
0
15
24
2850
5
770
1
0
236
0
0
18
505
28
1
0
12
59
26
9
0
1
107
196
0
0
3
3
0
13126
71
5
6869
372
4
0
0
531
2
2
46
83
60
176
2
4
1464
0
0
1
10786
5815
16
82
3
0
0
14
227
1
1
6613
27
4823
19
319
1580
7
2
0
19
432
0
0
980
0
99
2
1
0
102
834
0
5
39
3119
0
0
0
91
0
9
4
797
3166
1603
11
5
0
5
0
483
1
0
42
339
223
8
3
0
0
0
48
297
0
116
3
9
0
0
2
1153
4
1306
191
578
33641
63
8
4023
1
9
337
0
1
298
0
1
0
593
2451
1
0
52
821
0
0
0
0
0
78
1
1
26
0
11
1
10280
0
167
2487
1
28
8
0
9
768
0
881
1
4
2141
7
4
46
0
0
258
0
2377
1701
0
2
1
1
0
1187
1
0
11091
0
1
1
16993
2086
0
15
3
5
0
0
0
0
0
41
1120
0
3570
0
1
0
2
9
0
0
103
4
18
668
511
0
3274
6490
42764
61
4
6
0
751
4
2
0
0
0
107
222
0
86
1
1
37
0
2
22
0
0
0
1
7
716
5
17
6
14675
10
40
39
382
75
17
3975
46
219
3237
3
19
0
6512
2
1
0
84
5
44
0
0
0
21
1
1
45
264
0
0
18
2919
444
139
0
0
29
0
1734
1939
0
70
0
0
3636
28
0
6
0
0
9
0
6
0
0
0
0
0
9
15
0
45
0
274
25486
4
84
0
313
249
0
10
4
6
2
0
0
0
3558
400
11
1
519
1
0
2
2
0
962
4783
4
0
0
5
1
1001
7373
3572
69
52
395
0
4
10
0
1
0
0
8
108
51
49
1
5
0
90
0
0
0
0
1
22
59
6
2
0
1
62
189
5
0
92
1118
3
0
0
5
0
19
0
1
38
0
0
0
6
54
13
0
180
20
6
0
13247
207
5
0
457
7
6536
35
1
0
14706
18
9
0
3226
66
0
0
0
58
3
0
245
36
0
2
0
643
0
7242
1
420
20
10
477
29
1
3
18239
4
2411
3
1
0
6002
1089
0
2209
0
0
0
0
287
0
32
0
482
0
1
1746
11
0
197
3
186
4
37
21
0
71
6400
5
8020
317
1
23
1
1
10
1868
887
1
111
395
0
0
22
4
0
0
1
0
561
0
0
335
0
15
0
0
0
0
12859
531
5802
2
7058
0
3
788
3686
591
0
0
617
123
1
2
3
2
4
541
0
115
121
227
15
1402
23
0
138
5
27
807
11417
66
0
20525
30
73
273
13
55
0
0
1323
0
14623
0
6081
1
0
3
327
2
735
0
0
0
0
40
2
69
1
0
529
4563
173
2
0
0
0
3
5619
3
513
17
1
2
0
0
144
0
0
33
56
3
0
0
766
14
489
0
0
0
0
4
0
12859
76
151
134
1
56
1580
21
48
3
386
157
0
15
11
72
3
0
0
83
6
0
278
23
0
0
0
1
0
321
0
6
13253
272
6621
8405
0
22
429
1
0
1
0
6
0
443
6
0
863
0
35
24
79
0
1
1
295
10
4
13
3
4
0
378
6
25
118
0
0
537
0
137
0
5556
117
37
0
5
0
15921
139
13
0
2
0
5
0
1
592
0
0
4
64
0
0
0
185
8385
178
4439
1
2
3720
1
37
9
0
1
105
49
1
0
194
1
19
0
11
0
2
98
0
2054
1
0
13
62
1
0
376
46614
4618
17628
1
73
0
21
4
0
0
3
0
4
0
476
0
3765
1
183
0
14
338
0
428
800
127
0
2
0
2
1182
87
0
422
38
98
2126
18
206
280
0
0
998
1
243
0
0
4
1
0
2
0
196
1201
0
2077
0
41
0
155
0
2
1479
38
54
0
9158
7
0
32221
1
0
5530
295
0
0
1
0
0
0
0
0
91
0
1
0
0
0
323
367
0
4
0
29
2
320
3800
7
2000
3
0
118
0
33
0
7
4
0
0
12
0
454
0
73
1
482
0
12563
2068
0
4
1
0
0
8
702
3
1877
600
5
11539
5860
0
15
4
5
0
0
0
3
2
0
0
0
0
0
0
3
0
37
0
1251
2
0
1
0
140
0
0
6702
799
275
0
4
45
0
120
8
0
1
0
9
5
0
1
1
0
532
4
0
5244
5
952
0
0
0
11
927
0
279
0
47505
0
1591
1
113
108
7
0
71
1
7
2
127
2
363
0
33
0
9
60
3
868
0
1
1018
7
0
424
0
336
0
113
38695
9
0
3
28
0
7
3563
0
33
0
3
7
22
0
0
40
4
26
1
9461
835
1
0
0
3
0
118
360
1
4
251
36627
2
0
33
0
88
0
0
4831
1
1439
1
231
0
1
1098
19
1
0
0
1709
0
616
0
0
0
4307
5412
7
86
2
0
61
109
2
42
566
1093
1
33
146
0
1
57
81
0
223
5
1
1
0
0
567
11
0
14
34
119
3
30
0
9
0
116
1882
38
104
0
2
5
6
345
0
40
3
65
0
0
509
0
1
1
0
408
7
417
13
0
0
3198
1
141
0
20
0
0
147
5722
2
1
3030
1
0
649
12
0
7
109
1033
1
8
0
59
42
0
659
0
0
6
10
8
29
18
0
0
0
37
9
38
8
25
1296
11
3
0
93
1
43
1
0
0
2623
0
10
1
68
1
0
0
4193
5
508
114
0
1
0
0
2
7
221
14016
32
70
0
4256
91
0
2
1207
56
3
63
0
0
4
0
0
3563
15
0
514
6
1
1
0
2
128
0
1672
1
17
0
7262
3
8
858
14
4
1
2030
0
0
7
113
7
31
69
0
0
0
78
199
352
76
0
170
373
6
1
0
3
32
0
2
5211
24
1
2
407
0
0
0
23
0
16
1
2
240
0
7878
131
1
13
0
0
2
0
2
1
0
1
110
0
112
5
0
6805
0
8311
863
0
11
4
0
1
0
6
135
0
36
117
0
697
1
2
48
489
801
1
19
7
58
446
650
0
109
0
910
17831
1
214
91
0
297
0
1
1
35
0
2143
4
73
0
0
50
0
167
10
2
0
0
118
0
20720
329
22
0
472
0
417
10536
100
105
17832
52
5
0
1
7142
187
4
12
12488
3193
2
109
69
1
4
2
118
0
33
713
12
0
0
34657
6
19
151
0
20051
4
224
2765
2163
14
13
7836
15
0
5
6
0
3
196
62
0
57
0
618
0
7641
9
68
0
0
0
0
0
0
1
63
160
434
7
69
653
0
16
18
0
1
0
401
8
0
8
1
115
0
2140
95
5
0
0
29
11
7
6834
4481
46
22
51
2
6885
28
6
0
2
0
10
4
16411
4242
0
0
3
45
14
0
6
0
111
1
3
0
782
0
7273
0
0
2
0
1223
0
0
638
1660
515
0
2
169
0
7
71
0
849
4
1416
150
0
10
15
0
5831
144
0
1
0
0
0
1490
0
25
2495
0
0
1
20602
11
11
12
0
12
0
637
1
1
2839
2
3
1
152
0
0
62
0
4
64
1
2
1
1560
1
1
0
0
1865
11
0
20756
23
6186
15
0
3
0
26
0
3
9
1
33
0
0
0
1192
86
237
0
0
0
55
1
3
16
0
5
0
0
101
759
11612
4
40
2
1
0
5
0
0
2576
0
297
0
0
262
0
0
0
3
0
4814
701
602
0
0
24
0
4
4
5
0
26
320
5
6
2
42
2
2736
0
4
414
0
0
50
1
0
2
355
20
7
1
7765
14
4
0
0
0
23
28
0
12
112
1
27501
0
365
0
2
8404
0
20
2
402
1
0
0
0
0
3
0
0
1
27
6
0
0
2
7
220
0
1
14
0
395
2
0
826
1573
3731
2
664
17
222
0
0
0
0
63
4
0
8
0
0
19237
156
2
1
35
1589
0
0
9
74
10
753
0
6
14016
10
5602
2785
185
8
1
54
77
0
37
46
1
0
434
4771
1744
0
76
0
18
0
0
0
0
0
0
0
0
0
9
0
12859
9532
1
237
0
3078
82
1676
3851
0
33
25
0
2014
1
0
0
0
563
326
0
47
3
72
325
0
1
2
4
23
3200
19
847
400
589
5
191
0
154
0
1295
4
0
14206
11
0
3
1
0
1
14773
3
42
166
515
0
658
1
0
61
0
0
5591
315
1887
40
882
209
1
11
0
122
3
6
5974
2
81
192
180
790
0
0
0
72
3
219
0
0
3
1
0
59
0
553
1
5
10037
18
7486
207
1
5
13
4
0
67
213
1
4
1
0
0
1
32
42
44
0
1
41
4
5
0
5
2
284
1
0
0
1612
38186
1886
0
6
9
1
15
0
11
0
0
0
2
0
885
214
31
1
2
9
14
17
0
2
171
0
1
0
0
3
0
11002
8
1
0
5
9
43
3
157
0
368
0
1
24
14
0
0
36
1
118
5
0
3
0
0
98
8
18
0
7
4
25
87
31
2356
3
6
111
1
0
68
133
4
223
19
0
139
1
65
0
28
201
1
1
1
5
5
4905
8
8
2
1
0
1001
16
18
25
59
56
8
110
58
0
6
30
0
1
4
1
0
53
5
107
867
1
7
28
2
0
4
7
0
0
1
1
6
14419
105
10
48
0
1294
2109
1
5
28995
7
54
7
0
0
96
54
4
282
0
0
0
672
0
5
0
0
0
87
5
4
1
1612
8181
137
0
1717
0
168
12
15
99
3
0
2
0
3
63
3
3
0
1553
55
251
5
2
0
9
0
0
11
19
3
0
2776
4
257
115
3
42
1
19
0
0
0
499
261
1220
1
1
31
21
40
799
0
22
114
0
0
8
3
0
1
2
34
846
845
3275
1
2
257
0
0
0
0
97
0
0
0
286
1
10
0
35
2
80
0
38
118
15
0
2
0
49
0
0
13
0
274
1
4
0
0
80
15
0
4
0
0
0
75
1244
0
524
5
479
0
0
167
4
66
1
5
0
13
2
0
0
4
247
160
1809
9
2401
243
0
0
4
0
31
0
1
25
0
0
0
405
189
31
42
0
9
3
8
29
346
0
16
68
0
2
1
274
1
1
14
14
0
72
685
1333
0
296
0
7
0
7
0
0
0
183
0
22
11
0
577
0
0
937
0
1
8
3
98
147
2987
2
69
814
11
0
94
0
1
4
1
0
14
0
5
1
53
3
2597
0
0
9
86
0
0
0
0
11
8
15
0
6954
0
90
2372
1
7
64
0
3
29
1292
32
4
58
2
5
0
0
2
1
0
0
5
0
0
3
30
2
124
0
127
4
603
436
10
115
730
5
73
6
1687
0
7
0
72
90
2
7
0
0
12
0
1
0
75
686
53
128
25
1
28
0
0
1
11144
4
226
0
7
0
1
0
136
14
6
0
15
323
81
1
22
12
43
2
1
0
0
0
3
0
18
36
1
21
1
9
314
26
5
21
1
6522
77
0
2
5
275
0
54
69
40
2
0
2
0
76
22
6
1
4
4
26
6
0
1
0
2
0
73
1355
0
9
45
94
2027
493
1
623
277
4
60
16
20
5
44
0
57
332
1
1
2
0
4
402
1
0
0
318
1
5
38
1354
0
15
2
703
0
1991
151
12
1
3
2
0
0
0
3
0
32
2392
118
18
1
2
181
108
0
1
168
10
0
0
9206
1
1
4
3
71
12
1
41
1
25
2
0
0
3
0
10
1
0
0
35
5
0
3053
0
9776
161
3
143
0
82
54
7985
0
1583
27
386
9
0
1
33
121
603
0
0
243
1
0
1
0
2
2
0
0
1
0
70
93
46
0
14
34
1
1
25616
3
24
0
0
21
0
0
4393
12
2
765
5
104
31
0
83
128
51
1
2
59
12
116
521
6
1
10
0
1
16
43
218
36356
11
366
0
4
8
10
627
0
60
593
16
0
9
12
0
0
0
3
2165
4
101
3
0
2
0
1
1
2
0
35
19326
1
1
0
18
29
0
629
15
0
0
1254
60
1
0
2
51
248
112
11
0
0
313
0
81
0
148
626
0
1
17
0
320
476
20
112
4
13
0
1
10
3
220
0
7
15
0
1
38
223
0
0
0
212
0
829
0
23
0
80
3
390
1
10
16935
1
5
3551
11
0
149
6
434
3
99
23
146
69
28
0
0
118
0
22
2
0
12
184
0
0
6
8
199
0
0
16
11988
5245
24
0
3105
17
189
0
39
14
0
29
0
18
0
24
251
0
3
1
5
90
0
6
1
4
3
0
0
5
0
2
11193
399
0
189
18
22
33
0
21
1
21
34
13
1
0
1
0
0
174
235
0
0
0
7
13
0
1
3
0
8
7948
7033
62
5209
53
39
282
3
1
22
262
8
10373
1
44
63
166
3
1
29
3
7
0
0
46
0
27
18
1077
1
8
0
1
16
87
2698
7
4
281
2
1
0
12
6
17
5
0
0
13020
9
0
351
11
0
3
0
67
0
1
20
0
50
0
2
317
26
603
2825
0
309
330
0
2
35
2658
0
0
1
2011
0
0
4551
0
0
1015
11669
3
19
19
1065
492
0
0
35
0
0
0
976
19028
1
1360
0
2
24
47
1
0
0
0
110
0
0
3
7
0
1
0
0
54
1
74
0
0
2
25
4
3
67
10
104
355
17213
538
7
30
0
4
3
0
16
3
0
1
0
107
2
64
0
0
267
7
25
5
3
0
188
198
0
3
0
0
0
4327
11
4
35
30
13
20
20
0
0
6
30
9556
3
0
15
0
42
12
11
0
0
0
32
0
1
58
136
0
0
1
9258
8090
14
114
33
15
108
0
13
0
360
0
0
0
0
2
5
1
0
154
2
1564
1463
0
5958
0
1852
1
696
3
1
0
76
36627
4
504
0
0
1
0
0
53
1
10
56
15
0
0
0
18
111
6
3
0
2
120
3
2
2
5
9
34
0
2
0
21837
0
5
1178
3
0
113
4521
22
15
16
2
38
100
30
0
2
5
0
8
0
3
11
0
0
29
116
2
0
0
10
1
3882
90
0
3
44
35
4
1
6
16
15
41
1
3
3
28
523
18235
89
307
18
1
11
264
0
48
14
6
4
6
2
0
9880
2
71
275
0
63
2022
4705
1
1683
15
1
0
0
1
0
4
109
92
0
0
132
40
51
0
4
0
854
0
56
14
0
15374
1
29
11
160
1
18
9
10
8
2
9
3
0
0
480
1
0
0
90
0
73
288
1
6
39
0
1
0
0
0
16
160
301
22
1
1
373
1
0
0
0
0
0
0
5
100
1123
475
5
2
0
4
21
14
0
44
136
1
1
10
15
0
1
845
1
1
18
48
4
0
10
0
3
2
0
0
5
3
0
0
2467
432
77
4
8108
6
108
1
0
0
28
3831
23
1
3
5104
6
228
308
1038
846
0
0
0
176
2
339
0
0
0
1
0
0
42
11
1
47
88
1
0
0
0
6
0
10
0
0
5104
6
228
308
3819
3255
0
0
0
193
2
36
0
0
1
55
1
1
0
0
76
0
0
0
0
0
0
485
0
15
0
3
5104
43
27
165
47
1366
0
12165
0
0
1
0
208
60
0
0
0
0
723
823
1
0
0
0
0
98
0
0
0
0
0
37
44761
10407
0
165
18
3931
1
0
0
0
0
0
2
0
0
0
0
0
0
1
1
0
0
0
0
0
0
0
17
4
1
0
5104
0
88
49
1455
14
0
1
0
117
3339
21
0
0
0
0
125
1
0
0
0
0
1
1
0
0
0
0
0
11
0
0
0
567
3439
62
319
3
2
122
3
1
44
0
168
131
0
0
2
0
248
0
0
0
1
0
263
0
0
0
0
2
0
20
15907
2
486
0
371
50
0
1
1
55
0
192
50
502
1
1
3
0
0
1059
6
0
1
0
0
13
4
251
0
0
0
0
73
0
257
1696
1110
111
0
7893
0
0
7
26
4
97
0
0
0
0
0
1
7
0
25
0
23
0
0
0
1
0
0
151
13299
272
1
2189
0
0
102
23
1535
3
0
0
0
0
137
1387
4
2
0
29
1
17
0
0
0
869
38
2
0
1
0
934
6625
371
1
0
282
1
539
10
49
891
0
0
31
60
2
1
0
0
0
0
1
0
0
64
190
0
0
0
0
356
3
5
16148
4
0
0
25
8
48
0
2172
0
1020
970
11
86
94
17
4
1
9
0
4
43
0
4371
3567
4
341
514
2
3
4
125
23536
10229
0
249
0
440
207
3
8106
1
0
1
7
1
0
83
72
61
0
0
0
265
66
6
9
0
10
27297
7
775
2
0
67
143
38
0
0
0
201
2
0
0
0
109
7
196
142
1
7
0
87
1
142
1
146
2
76
0
8
1
0
0
11
0
5385
35121
8
77
1185
9
473
8
30
1
0
2
36
131
0
0
0
73
234
0
11
5
5
0
0
98
13
5
0
14
0
0
116
0
508
0
0
0
31
3
19
0
30
2
0
0
441
0
2080
56
214
1
9
0
2526
81
5668
200
564
8
83
26
11
0
320
248
7
36
236
17
0
0
0
656
38
15
15
0
8
0
21
0
1732
0
12597
4
1
0
8
0
384
0
4
14
194
6
73
6976
64
396
1
115
94
20
0
0
0
68
44
336
0
0
20404
0
0
1
0
1
45
82
2114
0
943
1
17
9
0
0
192
0
0
0
353
0
1051
7
0
11
1878
1
0
2439
48
212
1895
0
21
16
5
3340
8
15
0
0
6
8
57
0
1
37
42
353
0
0
0
2036
1
0
4
24512
9
2
0
7
5
47
606
0
23
29
10
4
54
415
35
0
14
0
361
0
0
3
16546
5
1
36
50
26
0
145
225
0
119
0
0
0
0
0
383
203
47
0
290
0
0
1
0
0
7818
2
287
41
39
0
0
2887
1372
1
4
232
46
23
761
194
0
11811
4
16
0
1
0
0
0
131
4
19
600
525
0
0
8
933
0
3
1
0
0
2762
230
6
13853
2749
3
7
36
2
116
5
3
4
0
40
1961
0
34
2
58
0
0
0
66
3
1
3879
0
1
13
0
12859
291
107
2
3129
139
2
7
78
2403
465
2
4
156
220
0
13
0
0
5
1
0
0
0
0
0
0
0
12
31
4
0
0
1940
386
0
3704
1
7
119
0
0
1043
2966
4
17
1061
2
1
0
0
0
5657
11
3982
75
3
3
0
0
1057
21
0
2
10834
10
690
682
4580
0
280
328
94
7361
2
2
3
4
0
6
1
6
2
0
3
0
2
190
0
23362
143
0
281
60
0
0
3566
8737
2
3783
9
2
6
5
4
7
2
1
5
1
1
3
0
0
93
446
0
64
111
9
0
0
0
0
9
0
3213
10
9402
6
30
3
12
1
11
0
0
2
0
6
0
0
0
0
5
1
4
1
4
0
11
0
0
0
0
3
1
0
3259
0
3566
4303
21
9359
85
9
84
0
0
34
77
1
0
0
0
1
0
0
0
45
0
0
0
0
0
0
0
0
4
0
0
0
14649
6
5173
0
317
781
48
8909
90
1
3
0
0
2
12
0
5
23
0
0
0
0
0
103
0
1429
3
11
0
5
5
3
8752
2
2
3
0
1
0
0
5975
0
458
165
71
3
3806
75
6
12
5
0
2
123
0
1
0
0
20
0
0
0
7
0
790
112
75
1367
37
30120
0
192
4459
19
17507
0
7
12
114
0
15
3
8
4
4
14
0
2
0
2
8
0
1743
0
31
0
5104
0
333
3958
26
165
130
8
0
0
0
1
556
0
175
34
21
0
0
0
8
0
22
0
2
374
3453
0
0
0
112
0
12203
0
0
8
5
3
2
14
6
3
5
2
15
2
3
5334
0
1031
907
2
2969
1
2
0
2
1
14
3
16
2
0
5
12488
0
0
5
0
0
0
0
1759
0
1076
1259
0
6381
142
5
20
0
0
1
66
0
0
0
3
4
0
1
0
0
0
362
28
15438
58
7
4
23639
0
473
10921
1
0
0
0
10
0
0
1
34
0
1
0
0
3
0
0
0
64
0
3519
3
1
2
16233
2
7713
0
300
4457
10
2501
4
1
11
3
10
5
17
0
2
20
0
4506
190
6
1105
1626
5
0
0
7
0
14
14
1
10740
4
5
4
0
1
3
1
1
3
3391
0
658
4587
3
3688
106
7
21
0
0
2
42
0
0
0
314
207
21
57
0
0
3566
3926
60
3255
9
2
5
5
4
7
3
1
6
1
1
0
8
1
1
0
80
93
0
1421
108
5
3
25
0
0
351
0
790
112
11
6
20562
0
224
369
63
32
0
0
3
0
0
1
175
4
0
0
0
3
0
0
0
24
0
0
0
0
0
0
0
1940
738
67
7670
78
6
1
0
0
694
84
0
628
11
1
4
4
6
7
4
1
6
1
1
0
0
0
436
104
0
400
14074
91
0
4
1
17
2
17
1
0
0
13
0
3
0
51
1
1
0
2
11
6541
0
1239
220
238
8
2663
85
1
5923
0
5104
0
333
8681
5
290
446
2
0
0
1
1085
132
229
34
2
60
0
0
0
0
0
12
0
0
0
1
35
0
0
0
46
28
15438
58
7
14
10149
0
564
5223
4
0
0
0
0
0
0
5
258
0
6635
1
3
0
0
9
0
0
4
0
0
5
0
14074
90
40
0
1
0
0
9
0
0
4
0
1
0
4655
0
1099
462
40
883
3
0
0
0
3
0
19
0
27
0
8
0
15839
310
18
0
27
0
1
0
0
8814
0
587
2484
0
7062
101
4
407
542
5
0
2
1
440
0
0
0
26
163
0
0
0
952
79
11393
87
87
702
2177
0
83
3504
0
362
11
1
5
4
4
7
2
1
6
1
15
6
13
0
0
1
81
7
522
1
6754
178
2203
2964
0
11
17
39
94
0
95
228
18
47
2760
0
580
1038
0
569
9
25
1
62
0
0
169
12
0
0
376
41
1612
3758
510
1
0
1
56
0
20
0
0
8
3
0
0
0
5
2
2
0
9
0
392
4
0
3
0
0
0
3
2
2
1035
136
0
1378
0
0
0
1
45
43
1
1
475
3
0
2
25
0
0
1
2
0
5
0
145
818
35
0
0
0
0
2
1612
11
0
0
28
1025
0
0
225
0
3
0
11
0
1
0
14
0
29
2
0
0
0
0
3
24
0
0
0
1
0
943
21286
0
30
0
68
75
0
0
0
0
0
10
75
0
11780
1
15706
0
0
0
1
58
0
0
0
0
0
0
0
11
0
124
177
143
2550
16
0
1
128
58
0
0
0
18
1157
3
1
0
0
71
0
0
0
1
0
464
0
87
9
1
0
319
1688
70
8163
4715
3357
47
111
18
6234
1
1785
2
71
0
5
1720
1
6
83
0
0
15
428
0
0
103
24
1
1
0
2
5
15
1
3819
76
1403
0
3
102
182
4
1
300
9
4929
4
0
6
0
586
0
28
106
0
0
0
0
6
15
0
521
13
23
4
0
5104
6929
216
6660
1
1
1
0
2
0
3
2
0
9
579
2
86
9
0
1
0
0
1
0
0
152
49
24
1
294
0
55
314
1
119
0
9551
6
1
57
3
0
44
10
1
15
532
0
147
34
0
2026
2
719
1
4
0
66
410
5
52
2
2
1
12859
2816
3
0
1
8
0
1563
1
29
18
1
0
22
4
0
0
951
0
0
129
3
30
17
0
0
425
22
0
1
0
154
7345
20268
231
1
0
0
1
3127
0
562
0
0
0
15
1
3
0
1
1
1
0
1
9116
23
3
0
65
6
2
13
1
0
27161
1
7133
4578
42
1
2
10
82
143
1256
84
3
4
0
66
0
0
0
16
8
48
137
0
5
1
2
1
0
0
2
0
10659
27952
28196
1
26
252
0
65
1
0
3
0
0
34
129
0
53
0
983
46
0
2
1
3
0
1342
6785
0
0
456
4
199
6805
0
8311
11616
0
0
0
1
0
0
1121
17
134
0
1
0
4073
0
491
0
14
476
400
49
1421
14
6
0
55
1
8
0
320
4880
8266
67
3
49
11
60
586
0
425
0
0
0
8
83
4
0
0
0
0
0
94
1
18
20
4
0
0
0
792
0
12859
2801
0
6
0
511
173
4
4
2
0
0
78
163
96
22
42
1
5
3
0
60
2
1068
0
9
0
1253
0
9
0
2
13992
5
13590
4443
4
2017
0
0
180
0
0
25
1802
0
3
0
1
751
0
2
359
0
0
0
0
2
75
228
74
1
69
382
4379
4
69
17270
1926
10
1
2
2
80
601
4
6
514
1
1
5
0
170
0
0
0
0
18
11
16
0
0
1
4
1
3
6
183
6
470
8
0
0
13075
7
2
5684
8
0
14
4
34
118
18
0
0
90
107
1
0
32
1
0
0
2236
12707
1
8
19261
183
6
0
8
1
2263
837
6
1
0
7000
0
4
84
0
0
0
0
59
0
27
22
0
12
179
1
4
98
0
1
0
37726
1
38
106
0
0
0
6
849
1
472
2
1
0
1
381
2
51
2
10689
2720
0
3
1
8
1
1
8
0
11
1107
1
87
2111
4097
7
2
1385
11
3
0
171
23
2
0
830
0
10
43
2
1
5
0
88
7
1
1
0
371
0
1
15
20
115
160
1
633
0
1
7059
434
0
3
0
1
0
1
17
219
0
7
0
0
20
24
6
0
3
813
0
0
2
1
1
30
3
8764
4
2649
4658
0
0
8210
2
278
0
203
0
3
1
225
1
0
45
179
60
0
0
171
121
0
2
0
2
37
5349
1
46
38
4
2186
5966
0
3671
15
2279
6491
0
1
3
1
4
362
25
1
35
0
39
0
0
1
3
8
1
1
0
545
2
1
0
1243
9
0
220
0
1
1
1
54
1
3886
2139
2
2
0
2
0
36
1
50
77
17
392
550
0
2
15
0
20
18
0
0
8318
48
383
308
15
74
11
1
1
0
0
0
0
1
26
12
1
0
0
0
0
0
0
3
1
0
0
0
0
132
5
0
4220
70
782
43
5
0
0
53
55
0
0
2
0
146
0
0
1
0
0
185
0
0
8
0
7
0
0
744
233
2
1
275
7413
7
4574
5908
2
81
0
1
17
2539
0
5
12
0
2
1
1038
1
506
0
0
3
108
0
675
133
0
142
0
102
0
12051
1621
5
19
12725
4
0
16
194
24
0
5
0
17
4
319
12
0
0
46
0
0
326
7
0
10
0
233
2
7
4
1
138
38
8
17
2146
0
0
627
23
1255
297
1
16
12
0
0
1193
0
0
5
2
37
0
0
3
1
4
4
69
444
594
0
322
8318
2
48
8419
886
3
0
7390
0
8
1
52
0
0
19323
0
3
14
112
5
0
5341
0
0
22
0
0
3
0
1948
5
0
147
134
30
1
1538
113
19
1137
1442
1
0
1
410
0
127
0
2
794
24689
14
0
1
0
950
0
460
0
0
1
22
0
0
11760
20
0
145
6376
0
1
134
6056
524
1
3
335
0
1
31
0
58
0
15
0
6
6
12
14
0
258
0
3
1
0
6
147
6110
3842
0
12
12
3263
0
33
21
1440
0
4078
0
0
2
1
0
0
243
0
2825
1
0
5
0
3
0
3
0
8
0
21454
3
5765
1
5
1
0
48
14
0
4
30
3
0
1007
0
3
75
24
0
10394
1351
0
6
1
1
2
0
2
0
0
46
14939
0
3177
149
5
1
0
0
31
0
0
0
0
0
10
3
0
0
0
1
5
4
2
1
427
0
125
0
1266
0
0
0
13690
3886
3
0
727
58
0
0
5623
9101
7
0
134
5
22
1
11
0
93
0
424
0
6
0
0
75
129
0
6
0
8
5
4498
5992
0
9
2
97
0
2108
1
6638
1174
0
8
5731
0
4780
172
0
12
1292
1
0
0
1634
11
4
4
5
67
44
2041
0
218
1524
1809
455
0
0
772
13612
3
11
309
0
0
0
0
52
0
119
0
1
30
96
1
2
65
26
0
1699
658
1
82
0
15763
173
0
0
0
89
43
173
0
0
1
1
28
320
21
3
13
0
0
0
266
0
3524
6
7
0
79
0
4
24
21
120
16747
4660
0
325
2932
27
4
1
0
1
162
299
31
0
12
0
1
1
0
0
1
0
159
0
1
2682
4
0
82
4
0
19
390
62
90
81
7776
98
423
0
0
18
2
19
25
14
0
0
56
495
5053
0
2
3
18
6
0
0
0
19
2
0
137
0
1882
2
311
1
0
280
7
1854
10
11
1
28
0
174
0
45
0
11
11
0
356
15
2
0
31
14
2
129
1
1
932
0
847
42
115
0
32
306
53
211
0
1
534
50
0
111
20
0
1
308
1
81
1
0
0
67
39
0
0
0
19933
380
0
0
185
2233
17144
3005
3
6589
440
36
1
0
4
211
0
1
15
0
17
5
8
0
0
37
698
9
1
2328
0
0
0
0
200
47
11958
655
47
1
0
2
0
205
5
3
144
5
1
1
0
5
4
39
0
66
6
48
0
0
17049
3383
0
0
2
1
9
0
320
12851
8844
3
1
19
0
0
19
1
0
0
0
0
269
2
462
3
3
5604
2154
0
8
91
461
0
0
6
28
0
94
0
42694
1
98
2
1
790
1
1237
2
5
0
2885
0
3
74
0
1
1
3
1
0
0
1
13
0
1
4
0
941
0
9
2
20042
0
1547
100
486
0
0
3
0
47
586
0
6
12
0
0
14168
1167
4
22
0
0
6
41
830
8
2
20
0
0
7
0
11958
655
313
0
12
0
247
0
0
235
0
23
1
0
94
0
3
5
3
95
0
2
1
163
559
1
6502
0
1
239
0
0
15374
1
60
1
0
100
0
4
0
5960
0
0
22
0
12974
4651
1
29
0
0
0
94
1
4319
5
1
0
0
1
5
0
6
16000
746
3
682
62
299
0
196
0
16
531
0
0
5
0
25
0
1
3492
0
5
24
0
1
23
822
11514
21
17
1
19
0
7840
1
224
3323
0
1
0
518
0
251
3893
8
3
0
5
0
1
4
7
57
0
0
0
7
0
13
21
0
170
8
0
2
12185
70
252
4398
0
2
397
0
11
3
0
2
0
409
1748
3308
0
0
0
0
0
0
3
0
0
0
0
33
0
16
48
111
10314
75
26
1
1950
17
23
3
6
104
186
156
1
22
0
0
33
106
4673
430
1
41
13
0
0
872
0
2289
389
2
0
0
1709
4888
7871
0
0
3
130
9
3
4976
0
147
0
0
0
20
0
4
0
13
1604
0
4
709
1
8
0
0
1
35
0
0
14071
107
0
646
0
3
0
0
2046
1714
1
0
0
0
19
1
8
0
23
53
1
1
143
0
0
0
0
385
36
0
13
0
6
129
16
1
3484
0
441
0
15
4
1
0
2
8
5
1
190
23
5
0
0
177
0
1
365
11
85
0
0
4240
1
13
22853
10
5
0
252
1
254
29
1857
2
76
283
0
3
0
2
0
62
9
0
0
2
0
0
0
1267
0
17
0
0
2
3
320
5
4
15
0
52
0
1
205
6
0
57
0
121
0
9226
8
2
2
0
9
19
0
241
0
0
0
1
0
6
1
2
1709
617
3
1
12
19
194
0
3
1
7
81
0
4
0
0
4250
4541
0
1214
1
2
1
0
0
0
0
874
72
87
0
317
1239
1
2
975
0
6
2
0
4540
189
0
0
23
4
3
3066
153
2
0
1
0
1
0
4
0
2
0
1
21
1
0
0
12859
2816
11
3
168
0
32
3
0
0
3939
6
0
1
45
32
1
12
0
5
3
0
0
0
1
1240
86
1
8
115
4
0
12859
1717
18
2924
2
0
15
0
3
2
1
4
0
13
1
0
2
4
20871
24
40
581
3
0
0
0
1
3
2805
2
77
0
185
2233
89
1233
1
1876
0
0
23
445
5455
0
4301
6
0
0
0
1
4
1046
5
0
0
1
0
1
5
3
326
2
0
1
16935
15339
73
24
756
11
0
3
9
0
0
1
0
268
11
0
0
1
0
2128
38
1
239
246
0
0
68
7
6
0
0
0
5104
60
20
698
137
0
1
572
1
5
1204
1
57
0
0
434
0
0
0
69
0
1168
0
0
159
0
12
9
11
0
0
2921
595
0
17263
91
805
0
22
18
1917
3681
1
0
10
0
1
3
0
0
0
0
5824
10
11451
0
1
0
0
26
7
4
0
66
147
0
14951
150
97
3
1
1
1
7
4
144
1
0
1669
0
34
1
1
17
26
411
0
47
69
0
54
1141
1
8
103
0
1446
0
11
0
0
0
33
0
0
265
8
843
0
0
3
9
0
3615
5
8
19
0
39
131
0
8
8
0
2
1
164
0
603
9
1
62
0
41
2
0
3590
1
51
2
1163
0
0
1
0
188
0
5
1261
0
3
1710
0
15
27
9
9
2630
40
1
5104
326
7140
41
2
21
331
7
1091
9
0
778
211
3
0
3
1
1
111
13
0
2
206
0
1765
2
3
0
4
1
0
1
13524
1
680
0
1
0
0
34
22
3118
85
796
56
1
11
74
709
0
3
10786
0
2
0
749
769
412
1
3
5
172
0
14
12946
4
19
0
0
0
243
4496
966
135
2561
1
1
57
0
86
0
3
0
5
6
4
132
2
2
1
1
20
0
1698
0
0
6
0
0
311
0
116
0
219
3
1
2
14
2
37
1
0
11
0
5126
2643
6
2
15
4
3
0
0
1
1
0
21
0
41185
227
60
13
116
2
2
10
1
0
16
4
3
0
1
0
0
3896
31
7
3
9
200
75
0
10
94
0
0
3
0
0
355
11
83
53
1864
8
0
15
0
0
0
150
0
0
56
10
0
9
9
23
1
0
395
1
9
9
0
94
1
5
2
0
1750
2186
1397
17
21
0
24
9138
65
2
0
0
1
939
25
29
0
0
78
4
0
43
39
0
2392
3
0
3
845
227
1
18
274
1
2
0
4
3
35
2795
9
556
3
2
329
9
0
0
121
0
3
19
0
55
141
0
0
0
36
0
48
50
7
33
11091
0
407
34
8
2242
9
2
596
0
7
0
3
365
1
35
9
51
2
142
1
20
3
2
0
2
50
255
9
0
5
0
2691
1816
4
0
0
1
221
48
0
0
70
27
249
105
1
909
0
690
0
0
5
62
0
1314
8
7038
232
34
30
6
2
16
7489
57
0
218
5
4
1
2
313
0
0
0
3
51
0
18
1
4
485
130
5
0
0
0
2146
2086
874
0
0
800
398
2
4343
0
4
225
2883
9
529
40
0
0
13717
11
0
0
6
3
36
0
2
1
157
585
0
3
0
0
1
51
0
102
1
123
14172
3486
9
4
4
4
2872
1080
2037
0
0
1
26
0
189
7
220
0
25
3
1
0
33
1
5185
214
714
2
0
3
13
2
4220
603
1
267
5
20
0
1
7
292
2
0
1
3
1372
0
0
3
0
0
0
664
0
57
6
125
16
0
0
0
0
0
47313
0
3
754
16
3
1772
9
4
65
169
1
185
0
93
0
60
1
7
0
140
57
1
1
47
0
37
0
5384
0
5
81
6
5848
3912
63
5
0
21329
0
5
0
4743
854
388
316
2
72
4
0
1063
74
971
5
0
2
353
107
49
0
3
0
0
480
147
2
350
596
121
14
0
5
0
19706
849
4268
0
225
0
1
0
1
0
238
3
14
2
380
14
44
14
10
0
45
40
3
38
8
25
10
44
0
1
25167
0
2
29
115
0
2
1
18
1
7
1
4
0
0
728
14
1
0
0
6
267
10
359
0
6
8
8991
0
10394
0
3
0
51
32
137
5
1
18
1
2
287
2
27
8432
636
0
87
316
1
19
4
0
1
1
4
17
36392
550
1
27
91
115
0
0
12611
23
0
60
0
673
2
13
23
20
0
2
0
4
1
5
0
233
28
591
0
2
5
5
797
3166
11019
0
2518
2
0
0
7
0
17
1132
50
1
2089
3
0
205
133
2
11
175
0
20
2
1
0
3
18
445
0
5
48
279
19560
1
768
2
0
0
1
203
1258
24
0
4676
854
4
1
1
1
636
0
9
0
4
9
11
19
38
0
2
2
2
147
33654
10
25
0
23
187
0
517
6
49
0
250
4
0
0
1
538
121
210
2
182
5
3
0
0
30
44
5
17
1
2
6460
264
0
51
2
2368
1633
90
9
4
2640
0
287
0
1
16
5
0
10573
2406
96
28
4
22
1
0
0
712
12
0
0
1
185
2233
2
65
1219
6
0
937
0
26312
6
0
0
165
25
7
146
210
1
0
3
167
3
2
93
6
4
0
0
0
235
0
12859
3055
2
0
6
1
582
0
7
0
1
1
0
18
33
0
151
0
0
0
1
0
1
17
15
3
9
0
0
1
10
0
15349
9724
1
121
41
9
7
1
4161
31
2
2
9
22
21
37
3
3
0
1
0
2514
268
2
16
0
1
0
1132
41
2
224
20738
13
36
0
1
105
0
33
186
16
1
1
5
11
30
104
11
1
66
6
0
0
13506
32
330
2
0
4
38
0
0
1
18239
46
200
1
5629
2
2
9726
1
7542
1279
2
3
919
1
0
4
354
3
13
15
232
0
0
2
33
1136
9
8
85
21
0
40885
76
241
618
15631
1680
0
0
0
107
1
1
0
0
10
0
3
2
110
1
0
1
51
1
12
1
1
2
0
103
48
55
31736
64
9878
236
27
1
4
27
1
0
36
671
0
1
0
38
4506
1
0
1
0
0
2
0
3231
547
28
1
0
547
3
0
24080
0
9831
2648
0
243
601
1
20329
0
3
2
1473
4
19
1
7
2
0
61
49
0
0
5
140
2
0
1
11
532
10
3
4203
376
26
0
20031
0
85
0
6448
167
0
59
0
0
0
1
360
2
11
44
0
1
15
16
0
141
671
0
0
11
4
0
5104
2857
2
0
2
12
17
4
0
41
0
930
0
0
1047
4
0
208
0
43
1052
7
10479
0
462
6
2
3
4
0
1
160
0
826
149
9
864
9
0
138
0
20898
321
22
1
0
1
0
0
0
309
0
0
1158
0
0
5
91
2
3
1
0
2
66
49579
0
7
2843
0
1469
1826
41
0
98
10
1
707
5
32
4760
152
11
11513
621
55
0
3
7
0
0
23
193
0
47
0
63
147
4
5237
0
107
63
1
3
2890
1244
1564
86
4037
0
1546
6
764
1
10
81
0
0
80
0
93
1
0
13
4
5
0
11
14094
11
1843
118
0
182
3485
4
3
2074
23
0
117
118
1
184
0
1820
11
6
0
0
1175
1
1
145
0
0
11371
368
7
6
11612
6785
109
554
0
0
434
0
1803
12
4234
190
0
101
1696
4754
1
1
1406
0
1
0
0
0
3174
6455
0
0
2
0
1633
51
1957
1389
244
1849
3
1
13
123
12812
94
5
0
277
0
0
39
20
0
1063
0
2
0
1
14
2
18
0
2
33
0
46
56
274
507
1419
37
0
3
2
376
87
6
0
0
273
2
25
0
304
29
0
0
2002
2
0
0
2071
0
0
0
0
0
1612
9
15876
5546
726
1
0
0
464
14801
1
10
2
0
186
2
0
4
2
17
9
33
0
100
5792
5241
0
0
3
19
20
0
0
37
6
9
1261
45
402
33
4679
222
1
0
13
69
9
5
0
3
45
1
2824
1236
2508
1
967
0
0
0
63
0
51
973
1262
0
13264
320
892
114
0
21
125
8
30
1
1721
13
5
28
0
736
0
0
411
5
54
0
0
4
31
2
1519
0
0
98
0
4
39088
0
5
87
64
256
1
50
7
120
8
1
53
0
76
0
29
0
5
0
0
373
0
1
2
77
43
12078
648
2
5
0
185
8385
25
18
277
8
627
0
0
5234
0
144
1317
1211
7
3
0
2
1
14393
0
8
70
2
5
8
140
76
10
1
9
2
32060
3
0
0
1534
3
0
4
1
1
7
73
0
9
1
0
231
0
11
1
5667
1
0
0
64
7773
1289
1
4
2
0
30
6
101
0
0
0
187
0
83
0
5604
0
4
3
0
0
2854
1074
8
79
3057
1
21
13
0
1
7
158
0
1
5
184
1
274
5704
1
6
1
77
0
22
1992
13
5
0
0
11462
12
45
0
2
687
2
181
3
33
0
2404
0
21
0
216
59
0
0
160
0
2
0
6170
2
80
8
1
0
9857
80
23
0
0
3248
3
300
39
3
0
2
63
2
8
0
99
0
8
7
3
0
10944
8
554
15
52
0
0
14292
6
1
125
1444
0
4
0
3
224
15
1
4
188
3
2
2
0
4
596
0
706
0
0
0
1
37
89
0
0
143
0
5691
68
6
0
3759
6
196
6
0
2
1
20
1
0
21
20
1
270
0
0
0
551
1636
1
0
13932
9201
185
479
0
0
104
64
708
0
1
657
8
3
0
6
0
544
99
318
0
0
8
0
4
281
1
170
26
273
3
28
147
1142
72
12
39
450
4
66
1
900
0
0
2
68
267
1
27
0
1
10
0
1312
912
0
80
2
277
0
11403
794
0
0
9206
17
41
18
8
95
0
0
204
0
0
0
1720
0
37
0
2643
0
4
6
0
3
693
1
4
0
5
0
0
0
2702
1345
11
18178
5
1
747
1914
0
64
19154
0
4
14
1
0
0
0
0
26
72
2
67
248
0
2
0
4
0
203
17
0
3
1
16668
97
0
47
0
0
0
1
16
0
3
0
44
0
1477
4
0
1
1
0
1
90
10
1
6
1
0
0
0
0
886
13
6
12
0
1
7
0
1
624
4186
355
6
11
1
0
18
12
0
1
1
0
1
0
69
9
1
0
1
0
3151
0
16
3
37417
22
2217
0
1
99
0
440
53
3
21
0
0
371
1
409
6882
9
5
0
56
0
2
0
1
19
25
3
0
1348
1
131
215
2253
1
123
0
11
33
0
14
160
0
814
3
3
0
16
1615
444
4
1
25
1
1
101
0
3226
0
1
0
52
1
23
47945
2579
3
1
4515
4
783
1
77
6
0
2
6
61
16
0
8
19
50
1
35
1
10199
281
11
264
0
0
1
0
0
9
3639
20
1036
524
0
0
33
442
1
273
1579
23
48
0
2
36
160
853
14
60
0
1016
3724
3
2
4
1
2
0
3
1
0
0
80
287
329
38
11
2
9
2
1
0
15
4
12
154
2
0
0
0
0
1
190
1
0
0
3675
800
2
4563
0
0
0
390
933
14
0
438
29
1
4187
0
0
0
0
0
0
1
0
0
0
4
0
5
0
24
216
13
3
0
0
26
0
37
50
22000
0
162
3
19
45
36
0
3
2
0
168
55
6
0
0
0
0
0
1889
0
1
0
12
8
0
6
30
0
10
0
1
8816
93
14
0
80
0
0
1
1
28
4
20
37
0
1464
0
20
30
807
0
0
72
0
0
0
0
3
1
3
0
0
5
249
1008
60
1
3025
20
0
0
25
5
5
213
194
49
4
0
0
0
2
113
1
21
0
0
5
8
206
440
0
0
7
1
7512
7573
1516
44
773
2401
0
0
0
13
641
6
665
8
1
2
0
0
2
263
2
25
0
0
51
0
0
2
84
9
0
0
22
24
3
542
467
2385
53
1195
194
3
0
5041
253
0
0
0
0
11
6
1
0
4
2
0
0
61
0
27
0
0
0
0
12946
1
5442
5173
639
0
0
3
133
1
241
14
13
0
0
67
0
39
7
5
3
3
0
0
0
0
30
0
1
6
1
0
1243
2
409
1
0
2
0
2
1
10
3
10
0
9
0
0
0
1449
2532
10
1
3543
0
0
154
196
4
0
126
0
0
0
17509
3627
282
0
0
17
1
1
14
1
2
1361
0
1
1
6
1573
1
63
0
123
2
8
0
1
0
0
7
1
12
0
78
38
120
3
0
60
0
0
14868
0
0
711
0
0
45
5
0
6
0
0
0
0
205
2
0
3
0
5
37
2
147
0
0
797
40
3493
503
31
66
30
35
462
0
3
1
38
31
5
2
2
0
0
10
4
1
14
11
0
0
0
0
1
0
0
0
30795
4
0
0
2
0
29
0
0
1
4
0
4
6
486
6
216
2
9
0
9873
380
3425
2
2
0
1069
0
0
0
1026
1
2885
241
1862
5
3
13
1267
1
7417
80
0
6
2028
442
0
16
1
0
0
8
4
0
1
9
201
0
0
0
272
6
0
0
169
8
323
929
2
0
35650
6
19
1
0
0
29
99
1542
1537
0
0
0
2743
7
2
0
43
4
0
1201
19
22
0
13
127
10280
0
3
5014
2051
6430
335
20539
0
0
1
9
0
0
4
0
11
0
0
1
2
34
7
58
0
0
6
8
91
169
98
2
100
1912
5
1
799
376
54
9
28
1044
231
197
1810
0
0
0
0
45
43
0
0
2
0
91
627
1
0
1
11
1415
1750
79
3274
61
6326
0
5
0
634
0
8
2538
3
0
0
0
1425
0
4
1395
23
0
3
4141
1492
526
1
259
109
2872
0
0
0
4
5825
0
2
19
1
0
1
0
6378
1560
0
4
7
26
0
0
1
1
415
0
16
103
0
1
0
16
0
16
1174
204
8
0
314
35
13
58
0
0
0
949
0
3
1402
28
1576
0
0
1
9
0
0
134
0
0
17704
586
0
5
139
0
0
1
0
1
30935
256
836
437
866
321
0
3
3
0
0
401
1
0
0
0
0
587
4
4
739
12
62
19
1
0
0
150
2
418
0
2
116
32
18
84
182
350
970
0
59
8
65
0
0
15
11
0
0
7
0
0
30
5782
0
0
7
9
0
35
27
0
17
0
1197
39449
0
105
357
0
549
717
1
153
13
0
0
8
1
0
0
3
1
0
0
1028
1206
408
0
0
0
5211
4
0
0
5
3775
34
0
210
7591
51
2
80
5
11
0
6
86
2
0
273
2
0
95
33
56
0
17
0
0
6
0
2444
0
13
13
1
797
3090
4225
399
152
1
160
0
0
110
1
3993
13
1
0
0
28
0
20
0
17
4
66
5
5
0
0
1
0
3
0
0
2914
0
57
0
0
0
16517
255
58
0
0
203
11388
6
399
1
0
109
0
1
2
6492
995
0
12
0
4577
2659
106
2
0
1
12859
649
2
0
0
7
1
3
30
2
1092
6
98
25
0
0
2
1
1001
1835
0
4
15
1
36
1213
5
3
0
60
0
1535
9548
298
0
289
7250
28
5
1
24
5
48
0
2
0
0
377
0
0
2
0
1
0
3
0
1
45
9
2
0
0
0
22
6
174
2537
72
0
17
2190
0
0
8474
7
6
16
16350
1448
1
34
0
0
0
7
0
0
0
2
2
0
820
0
34
0
1
29563
55
0
5
194
2
0
11
0
0
30
1593
128
0
0
6169
370
0
24929
2994
0
0
48
1
155
18
1
0
66
0
0
2
24749
0
69
1
61
0
2
1
5179
0
2
8
28
8
93
0
82
1
3
14
900
0
48
2
1
0
28
2
1
0
3
4
16614
3
342
0
7
67
10
0
0
5
0
274
1399
0
451
4503
3
661
2770
0
1
2
0
4
15
16
3
1
1
0
21
3
12153
51
6
7
130
26
1
0
0
1
0
43
0
938
10401
0
19
0
0
1809
7483
330
2372
0
0
0
0
0
201
0
51
0
5104
60
473
493
0
1
22
266
0
0
0
12
2
2
51
1415
53
0
7106
21
48
21
473
0
3
15
3
75
2
290
0
10
2776
224
9
0
68
0
0
98
21
25
2
37
1
17
0
3280
407
1
0
220
0
396
0
5
1
0
12
27
1
18
1356
0
2568
74
0
5052
19
13
3975
926
0
0
39
0
10
2
5
0
3
23
0
3
1
736
0
288
10592
1351
0
0
0
0
2110
2
20013
183
203
0
104
2
1
555
8666
854
0
3
6
6
0
7
796
0
0
408
2556
2
447
23
0
0
119
50
48
915
6
1478
15142
414
7
1
0
284
1
0
0
1
1424
41
0
0
15
1
2
0
2278
40
138
833
9
169
10877
2238
6693
0
0
0
53
5874
47483
6
0
0
535
4
1
3489
20
2
0
55
2708
0
0
0
38
5
1
13
0
189
7
1
4
1
0
0
5
53
0
0
11139
3
10
3
103
268
6
0
100
3
0
0
5153
268
51
0
854
1
0
0
0
107
169
3
0
162
1
0
0
0
0
0
5104
148
1
0
39
72
0
24
1
0
7
2
25
0
0
5
38
0
92
0
0
21
13
6
0
196
238
1
0
0
0
1
12482
109
1725
426
6
13
266
0
4
1
3
0
0
3
12
264
0
18
58
0
0
2
0
514
0
95
10
0
10679
2765
26
12
8318
48
383
7
0
233
7642
0
11
104
0
408
1657
624
1
169
51
1756
0
7
0
0
0
0
25
2
1
0
0
13
1
0
2135
178
1
3
1326
0
21104
21
238
4
4
2
0
2
1
1
20
158
925
84
11
1
0
1
0
0
0
3
58
1
174
0
9005
4636
8035
1
0
8
1
1768
2
3
9
0
70
3684
0
6
37
9
1
0
77
114
0
12
0
302
0
0
2
2
2
3
797
3166
5067
58
2
2
1
418
1
1
36
3
481
1259
1317
1
12
5
461
23
2
3
1
2
0
0
2559
2
3
3
0
2
17151
1
2
2234
1
0
2674
0
1
224
4
0
10
0
84
0
0
1
0
199
0
1
7
0
69
0
16
11
0
0
0
0
4343
33
237
9
0
11
0
5
1577
0
8
10
4
30
0
16038
2613
4
3
3
2
0
12
37
0
0
3
0
18
0
14
4
38
417
0
2
4928
0
0
0
72
19832
238
0
7
13
0
4
0
1
12
4
13
1
0
2247
0
8
0
0
2
26
4
769
147
189
121
1
45
0
1
5
0
2
1
4
87
0
14
0
748
0
498
925
0
7
2321
93
176
0
1944
0
556
61
0
5
12859
4678
5
14812
0
0
3302
3
6
2506
0
6
46
5
192
0
1
464
0
2274
0
75
0
7
153
1
0
607
36
10
0
5
2919
1
6512
0
17789
1
0
64
8
180
0
0
9067
90
0
0
0
21
0
78
2
0
0
591
1456
25
117
23
0
75
13983
1381
8618
28807
1233
2
62
3
142
3417
1
2
74
0
1
332
0
12
57
0
11
0
2
2
0
0
29
134
0
0
43
1
0
281
38
2
376
146
3
23109
1207
0
51
78
0
3
661
699
0
0
104
165
0
81
71
2
2
6
16
8
0
4
0
3
4
34
5211
5864
4
142
8
18
1
1
0
0
0
0
3
58
0
4
1
1
2632
0
34
8
0
6
16927
2144
54
6
0
25
4
81
3535
2214
5281
2996
200
0
0
168
8
0
46
0
60
3
10
1
0
5489
0
0
771
5
159
17
0
0
802
5
1
1
0
18
6
656
15653
0
557
0
3
0
17
34
0
10
35
0
4
1
5
0
9673
1992
3
0
17
8
21
2
0
3
3156
18
2
10
6
0
0
2541
2415
2016
6
0
9309
1
0
1
0
0
740
108
4753
107
24
0
4
8658
1
0
776
0
84
3
0
0
0
0
160
316
100
8
15
2
996
0
2
0
1
5322
3
248
120
6990
53
1
317
0
1
0
20
3
18
0
126
105
2
966
133
201
6618
4330
16
0
2033
0
0
6
111
3
0
31
2876
0
12
3
22
1
335
0
2
0
2742
0
7
1
5
7
2
3
0
0
14092
3
200
10
822
0
869
57
0
241
24
1
134
0
1
8
121
0
82
337
0
2
19
39
64
0
0
0
0
202
988
0
42205
45
0
2
3
185
17
33
0
151
467
0
30
0
0
106
24
2
4
3
13
15
26
0
1
4725
0
37
11
0
61
14
22328
74
7
4
25
11
37
2
0
92
5
44
44
5
43
0
0
4
5427
3
1
158
1304
1
2
0
149
56
0
0
0
4509
1915
7
6844
19693
0
6
0
56
0
0
2199
14
0
0
376
0
7712
1072
3
0
21
4
4
380
0
70
0
96
2
0
8
0
7360
0
161
1216
2
2491
829
14
24997
245
11
0
565
0
0
5
701
1
2
961
1
73
118
3
885
0
439
33
0
1
881
394
766
11896
18
0
23
22
0
40
24
36
29
41
4
0
2
18
1
172
0
3
230
44
0
1
21
0
3
2278
15
5
8
0
6
25
9
0
192
5
0
10
7
220
19
15
15
582
132
0
276
0
0
0
90
0
358
7
90
19
0
0
10
10
2
0
7631
1
2435
13
2
1
179
244
865
0
431
4
7
9
84
0
2
0
64
1
0
49
1
3
0
0
1
2
0
30
12
8
169
102
9
210
499
0
15531
1
541
4
1
14
0
5
0
1
0
17
44
320
0
0
0
1
0
205
12
11
1
24
0
28
5639
2
2778
1156
76
9
8660
0
0
0
0
39
78
14
0
0
0
7
0
2
1
1
0
176
0
614
0
31
251
5
0
12
47630
0
1156
24
1
219
1781
149
96
0
0
13740
0
47
0
1
1
1425
0
1
9
3
6
0
5
649
45
1
56
0
0
9933
3595
0
191
0
0
0
0
0
0
4569
1
135
1
0
3
86
2
2
31
0
661
2
17
11
17
0
20
0
511
2
0
112
11588
45
12
223
1
0
0
0
1320
0
105
831
82
2
0
8
13
0
3
0
315
330
0
2
0
20654
311
0
2
0
690
0
4191
8876
0
13
138
294
1
0
0
252
0
0
0
23
4
684
0
45
0
0
0
4
92
2
2
0
2
119
0
6
1297
1
11050
15
351
1222
20
0
18
117
207
0
0
46
29
2
0
11
0
2
2
10
198
0
3
140
0
0
529
63
343
0
14
2
12444
20
2582
0
1117
49
29
5
0
0
38
6
3
537
1
5
217
0
110
38
8
145
43
1
92
0
1590
0
0
3
4
0
13101
0
21
29
152
0
0
0
1377
1
0
0
61
5
4452
374
0
8
7
0
0
2
41
2
937
0
0
0
4
190
0
2
14809
65
2
6223
14
2450
0
595
19
47
0
1
0
45
1
335
0
10
3
1
1
8
0
1
91
3
3254
0
63
0
212
2
11228
18
21
5
1
0
423
1
0
86
737
11
72
1
0
232
40
0
0
0
4417
3213
22
0
27
0
136
3
127
1
0
5069
26476
18
19133
360
12
1
5
0
220
5
6
695
3476
2
0
1
0
44
14
2000
0
1
0
34
196
1
25
1
0
0
7
157
5124
6
1036
2
32
3
674
36
8
175
3
1
63
0
14
297
8848
84
7
1
0
2
66
7
0
271
227
0
0
1
51
8
320
16719
862
195
2449
14275
1
6919
9
11
3
231
5
2428
1
0
27
982
17984
147
11
5
1
40
190
27
17
0
49
0
0
0
6
110
20
0
1
3386
17
0
1
0
1
51
15
49
0
0
3
19
65
1
1
116
8
0
6
0
26482
39
9
0
5
0
12859
5324
3
139
0
288
1
0
167
36
1934
0
0
8
0
0
0
262
641
0
9
1
0
1
4
351
3
14
0
1
0
361
2011
2643
11705
164
1504
24
6
2
63
0
0
1272
379
29
0
16
0
439
59
17
17
22
0
10
1
49
176
0
0
3
0
0
23640
5
18
11
841
1
0
1
2336
1
10
246
5506
4
0
5
497
31
2
555
12729
821
983
34
0
1
135
11
14
2
6
2
5104
25815
9814
1
5
9107
1
36
1
4317
6506
1
30
0
2
1
105
10
288
0
1
1
34
15
0
62
0
64
1409
0
0
87
45205
2126
0
6620
6
0
7
2
1647
0
30
268
0
152
2
2
8
0
50
4421
4
46
17
1
2
0
3369
181
284
146
9
0
36670
1
30
2
5
0
39
142
30
208
0
65
4
0
0
0
269
2
34
0
0
2
0
47
0
0
6138
128
0
230
18
0
48
903
7
0
4
34
1752
12
41
20094
0
0
1941
72
0
6
0
26
224
366
0
599
0
2
5
111
37
1
0
0
0
5
16696
1723
0
24
26717
30
29
59
738
177
0
18664
1
0
1
0
24
6
2
0
0
0
0
0
40
0
5
91
0
0
0
0
356
96
9336
0
0
970
4307
25
0
0
1169
1765
2
7128
2
457
7
0
1
0
0
57
7
18
0
0
0
46
1
2
0
0
628
36276
39
1
2634
92
142
11
2898
1
7
151
0
1
673
31
0
1
0
135
3
197
0
0
0
0
0
0
30
0
2
7181
8318
303
170
99
3
4
2
622
0
69
7
0
47
0
1
186
758
10
44
3
174
2
2
229
10
109
73
46
0
0
0
480
6453
2
12403
61
0
0
1175
3
0
0
1385
5
1
8
0
273
0
0
260
2
0
2
1
8
0
0
3
29
23
2
0
45
5792
23
147
54
5
1
1
2771
5
1
1
279
2
3
3
1931
0
1
25
667
14
0
44
10
1945
690
4
0
65
7
3
0
217
53
8
11
1
0
1
15
249
0
1180
0
1
0
2
0
1370
2
235
9
0
915
0
41
39
1
557
0
85
1
0
0
335
0
2955
0
2
69
0
0
0
7188
1
41
0
0
302
6
3
0
0
0
0
43
5
1
56
7
135
0
0
340
0
1111
16702
8
78
13
56
98
543
3
262
12
11
0
0
31
133
58
0
0
0
28
0
0
0
0
0
10447
0
0
0
0
411
1
13869
0
0
1093
0
1
0
7
3
108
60
24
0
0
0
0
0
0
233
0
1
0
1130
0
0
0
7
439
0
4
212
8
320
99
5
0
86
49
37
0
18
5308
0
66
30
11
0
0
0
84
0
15
2694
159
15
204
0
4734
0
3
0
91
2461
0
12952
7
80
26100
2
15747
0
100
202
3
435
4
0
2
0
88
2
3
0
0
0
938
5
1
26
13
0
0
0
161
162
9
2287
20028
2
4
12
375
0
3354
50
3
19
0
12436
0
9
8
0
102
38
0
0
69
0
4
0
2
0
76
0
0
30
1
8318
2
0
79
29
148
0
0
0
247
0
0
61
0
0
0
2
0
11540
0
1895
17
4104
2
0
6
7
3
3085
0
2
0
27264
12
142
0
0
1068
0
403
3
73
87
0
14
3
92
0
9737
0
68
0
3
1
0
0
0
0
1273
3020
3
0
0
23
16061
25
0
8
0
38
4327
3
0
1
0
2
1
684
1919
0
420
7
0
1
13
7
0
10
1
4
1306
0
1
349
0
2
9309
27
3400
32
49
104
63
46
0
9
25
8
0
1
1
0
4
3
0
58
2081
3
2
31
14
0
5
26
5
0
1849
1
11658
2184
2
12540
0
6
1
222
3
0
83
53
208
0
8
8
14
0
0
0
2732
16
4923
2
0
0
0
34687
0
4
0
0
16427
2828
9771
155
13
16
2
1305
0
0
136
0
0
1
1
259
68
0
56
1
55
2946
12
0
0
215
23
16872
2
12086
1
0
10283
12
133
4710
694
0
0
2
1
90
2
9
1
10
4
0
1318
1
0
0
94
3
1
0
14
1
6
0
102
28
18
0
0
91
22792
0
276
8
0
3
5
9
0
280
0
0
81
3
0
170
1094
0
1
2
1
20
0
107
14
0
0
0
2345
6
5977
149
0
0
1
21493
10
3
0
0
40
54
12524
381
1
7
2
4806
0
0
172
0
0
1
1
252
65
208
2
48
15796
6
16430
81
3819
0
1809
1871
2
7
80
14
0
180
1
454
42
1
0
0
10
125
1
0
0
0
0
5
1
66
13
26
376
1
0
1940
386
0
33
6
0
0
0
812
1
0
9
0
0
0
0
550
0
0
4
0
2147
0
0
245
0
0
14
0
0
0
0
1940
685
32
1914
136
9803
0
0
0
721
1140
0
15
24
0
0
0
0
527
11
0
8860
5
3
9
0
13
0
6
6
1
5104
0
333
709
310
1313
87
722
1505
902
0
0
1
978
0
1098
8
3
7
4
3
18
3
6
4
2
2
2
0
0
73
0
16224
8
1
0
0
0
0
0
10
0
0
0
0
4
1
4
1
6
0
0
0
0
3
0
0
0
0
3
0
2
0
4
16224
20
1
0
0
0
2
0
0
9136
0
1426
7569
11
1160
407
1753
7
0
0
2
79
0
0
220
0
1
0
0
0
50
6
28
9795
490
7163
2398
767
19589
0
368
4885
2
0
48
13
1
0
0
1
10
0
80
3
10
304
452
0
0
61
0
125
1373
0
88
14286
0
119
1834
27
3195
348
0
0
0
0
1
195
0
37
104
2694
38
2
0
0
0
10
0
1115
5
7
1
2
1
0
11089
5
1
1
1
0
0
6736
0
608
5296
15
1756
350
4
2
4
0
3
1
6
0
1
162
0
11
0
0
0
34
0
1
2586
2611
19
1910
0
253
3056
14
10053
6
2
0
7
0
57
0
6
5
12
1
1
27
0
2
0
2
138
0
2581
15
0
0
5104
0
333
9587
78
1184
36
40
133
148
0
0
1
353
10
0
77
4
155
3770
0
0
0
1642
0
531
1
0
2
0
0
6
15215
8719
0
352
681
1
924
519
969
18
0
0
4
1148
0
0
12
0
11
0
0
0
22
0
0
0
0
3
0
0
0
79
28
9795
7
9
1
18212
0
510
210
48
19
196
1522
109
741
24
13
11
0
0
0
1
20
0
1
0
0
0
0
0
0
55
28
18177
6
0
3
10
2
4
7
2
14
2
3
25620
0
2087
8877
2
1152
6
2
0
0
9
0
0
4
0
0
16
0
0
14289
139
4
5
0
0
1
0
0
36
0
0
3
0
0
2
8598
0
660
4813
32
4
2970
28
2977
0
705
237
206
7
0
2
5364
138
970
7
10
8
1
3
24
3
6
2
1
3
2673
0
523
902
23
2519
1386
456
36
0
0
1
1449
0
28
59
4289
164
4732
2244
0
108
609
34
5839
1
5
0
0
0
1
168
0
12
296
2037
1740
27
428
0
0
0
9
0
0
1
0
7
0
0
3566
2940
8
3307
44
25
0
0
0
22
50
0
0
0
0
0
0
0
0
309
0
38
15
0
47
29
149
0
0
0
62
0
2113
2
4
11
1
3
18
4
3
2
1
0
7
2
4055
0
519
4110
7
2666
172
333
2
2
0
2
743
0
0
21
0
2
5104
0
333
7710
6
20356
1
21
5
160
1
0
0
1
35
0
2756
150
297
2
0
0
0
569
0
2
0
0
0
0
0
0
1114
47
1931
35
23
1
2630
0
151
1299
0
0
102
0
0
0
0
0
177
0
0
139
0
8
0
0
0
18
0
747
10
1
7324
1
6
17
3
4
1
1
7
4067
0
619
216
237
39
6560
801
259
2860
0
0
0
3
1283
0
37
103
1
92
4
0
0
3566
55
337
61
800
6455
1646
893
5
15
0
0
37
2175
0
0
223
0
0
0
0
262
2
6
5
7
10
0
0
0
0
0
2035
172
3216
549
580
41
1287
0
138
3112
0
223
10
4
8
2
4
23
4
6
2
2
1
7
1
0
0
2
144
0
1236
71
14649
3
2995
0
344
3449
4
2380
143
128
1
0
0
1
550
0
3
0
0
3
0
0
0
166
0
0
0
5
364
427
0
0
3566
1593
54
7686
1
7
0
1
7
0
0
4
0
1
0
0
0
4
0
1
6
0
0
4
0
0
1
1
0
38
0
1
13095
428
1
2
0
0
1
0
1
0
6777
0
526
482
46
7634
8
0
15
0
0
0
0
0
36
0
19
0
8
0
7
3
0
1940
3187
5
8771
1905
0
1
13
64
0
1
32
12
0
1
7
10
14
0
787
234
0
3
322
65
3844
47
16
0
43
158
28
6171
6
3
11
2
3
18
3
5
1
12
8
13
12038
0
1095
7589
4
10
212
558
262
8
0
2
149
0
2783
1
23
5
16233
2
7713
73
1
0
0
68
36
0
5
423
2
0
0
4
8
24
0
0
4
3
0
0
0
4
1
2
1
3
0
10
22129
0
4414
0
1
268
10
0
0
170
17
0
2
40
0
903
0
0
0
1
4
0
0
0
292
3
0
2
21
0
0
1
1612
1023
75
0
891
38
321
0
0
0
2
36
1
1
0
0
1
104
0
0
128
0
10
0
1
1
1
0
54
0
58
1
839
184
0
0
1
43
44
0
0
0
2
1064
2
0
0
1
16
0
0
0
0
1
1
0
5
0
194
2301
0
0
0
0
1612
11
0
0
0
0
0
50
389
0
174
33
0
0
0
1
15
0
0
0
0
16
601
2
0
0
0
1
0
0
0
0
1035
655
2
32
1
45
55
1
1
0
1
14
12
1
388
0
306
0
2
448
3024
4
0
1383
927
67
0
16
4033
0
0
1
839
19
0
0
43
25
0
3
441
1
0
0
7
4
30
0
0
7
3
1
0
0
6
2
2
1
5
0
813
0
1
1230
839
20
0
1
101
19
0
2
83
0
1341
0
0
0
2
8
0
0
0
343
1
0
0
21
1
0
1
3
0
7
0
449
606
72
170
1368
12
0
1
82
70
0
0
0
2
279
0
0
58
0
8
0
17
1
16
0
19
0
16
3
0
0
0
0
0
8204
0
0
0
0
34
1533
2
0
0
0
26
0
0
0
0
0
1
0
28
0
251
739
6009
1
0
0
0
24
0
0
1612
11
0
0
28
286
0
257
4
30
0
0
0
1
27
0
0
0
1
4
549
2
1
0
0
1
0
0
0
1
0
329
180
4843
0
285
58
0
0
0
3
580
0
289
23
0
2
319
32
196
3
19
1
18
0
1
2
1
30
1
1242
169
63
3506
28
22048
14
295
0
15
2312
1
71
292
0
241
24
1143
0
0
205
15
1
1
0
2
8
10
1
236
0
626
0
1
512
7
1146
0
1
176
4528
100
3
0
6
1858
0
0
0
1
1
1
588
0
5533
11
23
0
18
0
0
2218
1371
1
0
0
0
3
274
1
2462
6
127
0
8489
865
4
0
1
1
3082
1
1032
3
1
7
12
1753
0
14
1
0
360
1
1
6
2
0
0
27
9789
4935
0
0
44
145
0
0
1798
2038
3
0
8
63
32
7
0
0
1
25
6
0
0
1
0
30
0
1
102
5
8
6
0
826
1093
13506
1
0
0
0
833
0
1
0
187
0
2
5
0
5
0
45
0
0
8
0
1
0
6
216
1116
2
15
0
13211
8
657
2
0
24
2
0
0
535
654
0
1
0
6102
8
10
0
0
20
0
77
1
3
4
12
0
8
0
0
0
1
5881
268
303
53
31
4
2
7
144
0
0
169
294
6
6
0
0
0
0
9995
3006
0
0
1
43
0
8780
7
694
0
2
41
73
0
78
1447
1
4001
697
4
1
10
7
0
0
4
18
0
41
0
0
4
0
0
0
0
2212
0
77
62
30
1
14
1
33675
1
5
2
1062
0
0
9794
3
27
1
0
106
0
829
7
54
1
0
0
2331
22
2
2
2
0
87
2
5
1
0
84
4567
254
6240
4805
16
0
60
7180
0
212
368
0
118
2
6283
434
1
0
2
0
0
0
0
593
1
43
0
1
2
1
21
30
14379
317
13751
153
3
0
37
26949
2
82
0
3
19
0
4
0
0
0
0
5164
873
29
4498
57
0
3
84
49
12
0
0
3
4220
70
118
137
115
0
0
0
220
27
0
0
1
4
0
48
1
30
2
0
1511
766
0
0
2619
0
95
0
203
3
2
0
6823
584
9
6948
211
0
580
673
2
8
55
1
3
0
0
2
0
20
247
6714
2
4
3
3
0
0
747
80
448
41
3
0
14071
48
5
73
7572
10
1
49
23
1
0
1
3
2
214
0
2
0
0
49
7
0
328
4
0
0
0
1
1289
26
162
3
509
63
365
15613
6
0
139
0
2
0
10743
5
20
0
2933
2519
5
0
0
0
42
1
0
2
0
54
1
54
0
0
3
248
2568
13
1
0
29
1
34
311
16
0
122
191
0
3
6
0
15
0
518
0
11150
1621
57
8
2
2
0
6
0
0
14
3
160
10462
358
5
11225
2972
1
1
4
1
412
114
0
0
16
0
0
0
1
0
42
1
1
42
25
74
0
94
0
14
15
6
12859
1289
42
6
11771
9
0
92
27
213
5
0
5
101
0
455
216
5
0
0
4
16
0
530
9
3
332
1
3
0
0
1
87
0
243
41
1
123
981
4
4
0
0
0
2276
300
3
2465
3
0
0
135
287
29
0
469
1
0
3
0
0
0
0
0
1146
0
1
176
0
164
2
1
1
1
981
1
24927
11
38
0
3
49
0
3782
1709
8203
173
2
1
2
33
4
147
0
24
321
766
0
5309
16561
1868
6
3599
1
1
22
6751
74
2280
9
8443
0
372
673
1
0
133
3
0
19
38
0
1
0
0
43
3
44
6
1301
13
4
0
7119
143
0
5
0
10
109
2
5764
1194
0
0
0
0
194
6
0
0
0
9
41
0
1
0
2
243
2
160
622
562
1
1183
17137
2
53
877
1
2
7
383
7
2
13
0
0
1
190
90
45
3
0
64
7465
44
2
0
0
0
31
87
2111
43
1589
0
3
900
0
7
1
38
50
0
212
0
0
0
21
2
516
2
1
113
197
0
52
0
0
89
0
1103
152
35129
7
7
1
70
1
9156
6556
0
2
0
72
9
0
0
56
0
8
49
7
0
32
9
3
1
31
1
0
1
0
1
136
147
64
1455
5
12
2
1416
8
357
227
527
0
457
0
42
0
20
0
24
2
1
2
0
5226
1046
1
701
0
2
0
0
214
18843
103
1355
30
0
17
234
10695
2
131
654
0
7
2
0
0
318
3
1
0
1
0
152
0
1
502
0
38
7
43
2152
0
13411
22
26
63
320
2
0
56
0
74
306
972
142
18
0
1
4
0
0
0
837
0
2
0
55
354
0
107
1
0
286
1
274
11291
3
2
0
0
67
33
3
1
0
17840
84
0
0
0
0
15
0
0
11
5
33
2
1
4
0
9
52
0
6
0
845
425
0
61
4
81
165
3
6
5433
90
3
1
1
0
0
235
123
0
0
0
1126
0
55
0
5
1
0
1
2
0
1
12859
126
139
5777
0
9
21153
0
21
33
7
38
0
6
0
76
0
19
48
2
4
0
5
54
0
0
0
3
6
6
7
0
12859
3519
4794
0
2
70
5528
2
165
206
1
1
9
0
0
1
1
126
0
391
83
0
6
0
77
1
1
0
3114
2197
1
36
15199
18783
0
0
28
1235
32
27
73
0
0
2
0
26
0
6
35
49
5
0
0
6
0
172
22
0
0
0
1
0
105
2
22541
1
19890
0
78
10
29
76
1458
1
3
415
0
0
0
0
0
0
0
14
4
136
0
1
0
21
151
11975
368
1
0
1213
2045
2
0
664
4
0
10563
2470
0
240
0
0
0
2
10
96
8383
72
11
0
0
4
6
5
8
3
0
1
0
49
436
20
163
23068
12
5360
4
77
4279
22
9
1
912
38
0
1
0
47
0
1
1
1
0
1786
423
0
0
230
4
0
8
46
23
0
13411
22
2
0
122
0
0
0
81
5
3
1
0
0
19
0
2
1793
4
226
0
12
2
0
10
846
9
0
0
2185
2
0
38
4716
33
499
0
9
3
0
1
0
0
0
7
1992
1
0
0
12
3682
7
0
1
5
0
514
229
2
0
1
4
29
68
38356
0
24
1
1
0
1
22
0
0
0
2512
4163
0
3401
1
0
0
0
13
3673
46
0
1
36
0
0
32
0
0
0
0
23186
7865
0
64
7
20
277
4
0
644
0
0
0
0
8
7
6
0
0
0
0
0
7
1
0
0
18
0
44
0
0
0
0
91
6871
905
416
23
1
77
25
10
0
35
151
0
0
9
12
224
0
0
5
2283
16
177
8
0
0
0
0
0
0
4
185
2233
89
4504
1423
36
0
2807
65
0
2
0
1
0
28
2301
191
3
0
1
0
1
10
2808
0
148
1
0
127
12
1478
43
8318
48
524
90
27
58
214
1095
9
8
14
6
1
11
0
0
0
2146
0
1
10
1
1
18
0
1
1
2
97
1
0
2
4220
2
93
3507
138
0
0
55
45195
85
0
0
81
5856
0
0
0
8
0
1
7
0
0
0
36
19
178
1
0
0
0
0
1480
95
29260
0
117
18
2420
14
0
53
0
24
0
15
4
2
0
0
0
0
82
1
0
0
0
0
0
389
1
0
1
0
2459
278
1703
10
921
0
72
12
9
40
0
2577
210
0
0
56
154
223
0
40
158
35
6
9
77
0
1
124
274
88
0
0
67
2569
791
1945
0
3
10
0
3
3
0
0
0
0
0
28
2
1042
6
0
0
135
7
340
0
1
1
0
0
0
829
0
28
15244
24
0
104
4116
4567
0
664
819
0
561
0
174
0
0
1
0
3643
0
3904
6
0
9
2
0
15
6
1
14
4
0
11637
4
4
2393
0
619
1620
9
1657
46
270
0
0
2
9
0
5
43
8
50
47
9
0
0
0
0
0
35
0
16
0
1
581
20301
0
308
139
1
5417
314
164
0
0
1
38
0
0
0
1
1
0
0
0
314
0
5554
0
10
3
2
0
1
2
16
13366
0
5798
0
381
10350
5
8018
122
23
47
279
1
0
0
2
245
0
848
11
5
110
0
0
0
0
22
0
736
47
7
2
5104
0
333
6309
6
3658
10742
13614
229
80
0
0
1
2397
0
147
29
1313
0
0
0
290
0
8598
0
0
5
0
33
0
21
0
14582
49
29
0
1
0
13
0
12
0
1
1
2
13323
0
1217
5736
6
1621
8
147
1
0
54
7
0
0
245
34
1
18
354
6201
111
0
158
1805
157
0
0
91
17
0
0
0
7
2
2
1
5
0
133
20
2
0
0
0
4
0
2
0
73
0
2909
839
57
0
1
90
34
0
2
6172
1
0
0
5241
26
190
268
1
7
0
0
0
0
0
39
0
0
0
11
1
0
1
22
1612
11
0
0
28
286
0
75
8
27
101
0
0
0
1
16
0
0
0
1
0
56
0
0
59
0
5
0
18
0
14
0
326
1
31
167
2277
340
0
0
1
43
63
0
0
0
3
1484
1
0
0
1
20
0
0
0
0
1
1
1
2
0
1073
3
839
3876
0
1
76
38
1
1
1
0
0
2
30
0
8
18
71
0
0
0
1
5
0
0
0
0
8
821
1
0
0
0
1612
11
0
0
0
38
1441
4
16
1
36
0
0
0
0
1
75
0
1300
26558
23
1032
0
0
5
0
0
0
72
0
0
0
1612
1023
43
30
1
409
0
288
0
1
47
54
299
953
0
3
5
3110
16313
0
0
2
34
33
0
167
70
0
14
4
8426
1
13144
32
204
0
1
14588
6
3
36
537
0
4
28
12
0
3
0
170
16
38
0
8057
172
31
0
0
10
0
254
2
0
289
14007
5
54
2
49
148
29
179
20
97
0
0
0
193
102
11
400
11
0
0
723
133
50
5
25
8
0
2
11
8273
624
37
12814
260
1917
13
18
0
84
38
10
41
0
0
0
0
0
1
0
1013
1076
27
0
7
72
0
2
0
0
49
1
0
0
0
12859
2450
1
0
5
0
232
0
0
0
0
0
309
0
0
0
0
2304
0
0
0
0
128
6
1
0
0
0
2
1
0
0
4220
2
93
2314
11
1
34199
7
0
22
2
2
4440
195
0
5
0
2
0
1
42
1
0
1
0
1
0
1
9
0
489
0
39048
0
2546
837
1
1059
6
27
16
0
0
83
0
93
0
1
2
9
1
369
930
1
5
0
18
3
0
0
30
2
1
2
5104
2642
0
2
325
0
0
312
8650
0
6399
314
0
355
3
444
5
0
106
1
1230
19
52
31
0
118
0
0
1
0
250
1265
18126
22
2
0
245
4
1
15381
104
27
0
2
0
4
1
3
5
25
1
30
0
0
1
90
0
3
604
0
0
0
0
0
4220
9
3566
1775
741
6
5
0
0
2
0
12005
16
11
43
9
52
200
0
1
57
2
157
119
0
446
0
301
3547
2
0
0
2225
263
61
245
17
15
1452
8
4
0
23
0
0
1
5
0
1
0
0
0
8
364
261
0
19
1
10
7
0
2
258
1
10268
33
1579
177
2
0
0
2
107
9989
234
0
665
0
1
0
6
107
775
0
3
92
0
26
18
0
13
270
0
93
17
2
0
0
1959
34
0
27
0
76
17
4
6
0
0
0
13708
115
0
3
0
2
102
0
0
12042
17
0
28
317
361
0
0
0
2776
464
42
342
0
0
0
3601
0
2
1363
3
284
1
1
24
0
201
0
0
1268
1
120
31
11
0
17114
355
6
1
6
53
21992
7
9
3142
11
58
16
1
22
4
2
0
0
3
1
0
13
17
1880
2
120
1459
1
15
0
5
1
2
0
0
315
25
6
110
3026
0
286
2
3
9
0
0
1
243
0
0
0
1
9066
4
0
426
1
0
22
24
7
0
1
6
1
0
1
16
147
88
1082
3
5
2
0
24
8
3
0
4
28
1
106
0
0
14
0
182
6
2
0
1990
591
0
0
1640
86
0
4341
15
20039
29745
117
0
897
7
15
74
52
1
0
27
0
1093
1
0
75
36
0
1
221
65
7656
23
25
3037
5
1
0
708
1
0
4343
4933
238
0
7734
0
0
1
0
2
69
29
1
1
2
0
0
0
0
18
15544
169
2
1
2
2
1
0
2
0
2
0
12859
5450
0
4
0
326
82
0
13
33
3
3
1
0
10
208
0
68
37
1365
0
0
1
24
2
0
260
0
0
300
0
66
147
0
14951
360
11
523
3
4057
8
0
1
304
1
40
0
2
0
0
0
1
0
3074
441
0
2
0
2537
0
545
85
423
17
163
524
109
1
16
942
50
840
0
6
172
1
2
0
17
30
251
8
1
10
0
1
33
35
0
0
2
30
21
0
4
287
314
287
224
1
65
382
9
1357
6
0
5
62
4732
0
1
552
0
0
0
4
1
12
0
1
0
15
26
2
1
0
16
207
160
2
11
0
3
157
5
3
1
0
8
0
0
1
52
5
0
0
0
27
416
0
87
231
8
0
136
12448
900
0
65
107
154
124
3439
0
343
89
1
24
17
50
254
0
67
5
5
0
3
0
51
24
3
8
1
3
9
0
7
0
121
190
0
44
38
5260
6321
0
0
0
14771
497
0
0
4
43
1
0
1
0
47
2912
0
2834
26
0
63
3204
0
3475
11
5
17
0
0
1096
40801
0
78
2
3
105
2
0
96
3
12
0
1
8592
228
0
94
0
0
32
20
2
7
1
76
7
1
0
142
54
4
1
11501
1
315
33
1493
0
804
0
1
85
135
7
53
134
11
2
7
0
0
0
112
4
1
8
49
147
1
55
6
175
2
2
33681
306
501
9
0
41
0
24
28
10
3
1
300
0
6
781
956
5
87
4
1
0
18
1
0
0
21
0
0
0
0
1
994
574
1
2
2069
17
0
0
8250
102
4
22
1833
16
0
0
0
3
816
93
824
0
1
375
1
1
19
2
0
2
161
6
147
2901
399
5
210
6
29
0
0
1
3
210
103
126
3627
639
0
22
1016
1
0
44
0
0
0
48
209
0
777
7
47
272
19632
26
0
8536
10
1225
1113
1
110
4672
0
5
0
0
1083
0
350
2
0
232
29
0
0
4
0
0
0
9
39
1
0
127
6526
2612
3
1277
5
0
191
0
4
1000
3
108
10057
4
1094
235
0
595
3
56
2146
0
54
8
1
49
55
391
0
2
10
27
147
26004
94
1
1
9935
2
5
1178
0
0
0
0
0
0
2
41
0
24
2
0
11
6
2
70
328
3
4030
0
0
1085
13
5021
4798
0
2
467
0
0
0
351
0
0
17
0
0
32
14
5
30
2
6
0
8
2
69
1
72
1
1
1
181
0
0
408
0
747
118
0
38
2
0
35
36
3
5
0
0
2196
875
0
39
1
128
0
0
6
0
0
0
2738
716
42
0
431
1
21517
133
8835
0
1
48
12
2383
0
0
15822
292
0
0
47
1
1
0
147
1
0
0
1
414
2
2
0
9
1
1
0
0
185
2233
2
2
265
0
0
4930
68
0
4
740
2297
5593
0
4
62
0
0
34
0
0
0
23
7
285
3
266
28
0
0
0
87
26922
5
75
0
514
0
0
1400
0
0
15
1274
0
0
322
5
2
6
0
121
0
1
2459
5010
252
2
13
35711
2656
0
1
218
13447
17478
141
181
0
3
17
25
1680
195
0
1
11
0
0
4
4
1
2
576
45
0
0
3
621
0
227
0
0
690
2360
87
211
53
0
2803
1
66
3
4
27
1585
0
159
567
0
0
0
1
13
1
3330
4
16
765
1
34
0
39
0
15
3
1
408
32
11924
200
0
0
13712
27
0
7
28066
18
0
0
0
554
2
0
3
7
699
0
2372
368
0
2235
3417
3
0
1
23
0
38
3972
1
2733
0
137
0
0
3
0
0
91
0
115
31
0
0
55
0
0
1
51
24
0
790
0
985
1
47
0
0
0
3293
67
0
14
5
6
1
0
13918
0
3029
2272
7538
0
10491
0
0
3
1
2
10356
1
15
17
1225
3
73
167
0
0
0
6
994
0
117
9
534
9421
0
63
2117
1
109
0
0
0
64
71
1268
0
0
188
61
17
0
26
0
0
0
0
49
0
0
66
3484
3
3789
71
323
0
59
0
397
0
178
15
249
0
13
0
3
37
0
0
4
176
1
39
0
35
92
3
14
0
0
18506
1786
113
576
876
4
939
10266
0
50
91
51
1
0
29
77
1
0
2
36
0
0
0
33
203
0
8
10
0
0
0
161
0
11945
305
8
2684
1641
3
15
3
6
0
0
0
260
0
1243
2
469
1073
2
0
0
490
0
4
7
16
0
11559
16
66
0
2
28691
34985
13
84
65
2
0
4
26
0
1
15
1176
2
1
2
1
0
477
0
0
0
0
252
1
0
0
0
0
1
9
106
87
2111
6957
44
69
3
30
1
2
547
16
30
0
36
1
390
0
3181
307
1016
0
173
1
2
1988
0
0
450
149
0
0
0
1612
5367
0
209
7
0
135
4
28
74
0
761
136
112
0
0
0
301
0
926
12
0
662
2
0
129
37
0
3
0
788
0
320
513
17
1
49
2967
1
0
1681
189
0
11
13
334
18
1
1
5
9
0
13
0
5
1
802
11
0
142
36
0
0
59
26858
26
3350
802
1
797
34
1
137
1
632
0
15
0
46
0
895
0
0
604
382
0
3
0
0
220
2554
0
156
2
93
6
3775
1196
1
625
0
0
7
3
1
1175
0
0
2
346
2
11
0
8
1
32
0
0
0
30
0
3
1
0
258
4
20
119
21965
46
8747
716
27
3
4
6
1690
1
0
3498
0
0
488
2
25
0
0
1154
213
140
0
2
46
1
222
0
2
1
0
0
19242
8365
47
176
197
9
7
0
2
8
8
0
58
18
0
4
1036
6
0
1
59
0
1
26
0
0
2056
7040
129
1
15
0
62
79
13447
0
0
402
190
2
318
477
1
8
389
8
23
4
0
18
1
103
0
0
0
10
1
1
641
33
1
11
4
186
4191
6079
3822
889
7387
0
103
4574
109
20
0
0
0
34
2
0
134
11
0
1
1
0
0
67
260
18
43
23
17
8
502
1
40311
1624
1
27
3
841
0
1
0
43
48
0
238
0
1
0
37
180
1
0
148
0
81
131
0
8
0
1
0
7056
44
3
169
43073
109
175
0
10
53
0
137
3752
1
9
1
3
0
1
33
9
0
0
156
4
0
3689
292
0
157
0
2
1
36
109
38
30
0
0
0
0
73
0
6
53
4
1
1
3
7
114
0
0
298
3
0
87
54
1
279
0
0
28
12
6
2
12561
1621
5
19
10663
1054
475
11
0
0
815
0
3601
0
0
2260
3
58
0
514
7601
3
4
56
2935
0
167
0
3
3
3877
0
0
169
40654
1100
267
295
2
2
300
61
0
1499
0
15
43
34
0
13
0
0
12018
343
0
11
11722
402
11
40
0
1661
2510
65
0
1060
7163
132
1
235
0
17
0
0
82
582
2843
26
0
0
0
0
2853
82
0
1
317
0
2
0
990
9
5
5
0
0
0
1276
0
837
21
0
17935
2160
3
0
111
11467
1
1439
265
0
632
5
0
546
2
82
0
48
126
0
147
98
349
4
0
4
190
11
11105
609
4
203
0
8
157
37
201
40
709
1
0
25
0
0
1
8595
716
2
1
164
0
0
326
0
1195
1383
2
130
779
3309
8
1
96
453
77
65
278
51
145
0
4
17
84
142
0
1
2
298
6469
4
1
12
1
193
4
2
2
16
1
15
104
18126
5746
128
95
0
0
0
0
235
335
0
10
0
1237
0
11
0
0
1444
1
3
35
0
0
0
3
0
0
73
5
408
0
274
96
53
14
2
0
10638
5268
0
1
3
722
172
2
4
0
1
2
46
0
0
0
0
191
0
0
1
0
0
48
980
0
30383
1
80
4
4
1
13
0
125
3
5317
2360
0
0
1
5961
42
0
0
83
181
242
0
0
4
0
44
0
3
374
69
0
185
2233
4935
8873
686
7
0
1
0
10
694
0
0
0
0
0
0
4
57
0
0
1
0
26
203
82
2
2935
0
1
4
1973
147
706
3
221
0
0
10
0
0
7
0
26
0
6
1
1
0
26
1
50
4
2
3
16
0
1277
244
4
1
766
1
163
509
9
1473
20
2
0
49
34
0
4616
301
0
0
13
2
1
0
4
0
0
3
0
0
3
0
0
28
469
3705
0
350
10765
2184
40
21
0
550
1968
11884
9
5587
46
0
0
22
146
0
0
11
0
0
7857
30
1
49
4985
3
0
7
31
4
9
0
347
320
1763
2
99
23
1
0
0
60
57
1345
2
2
0
367
1402
0
665
0
0
1305
0
94
1
0
104
2
0
6
0
0
1
37782
19
0
0
77
330
1
0
19
3
20
0
19990
108
1
1
0
5
0
0
14
0
0
9
26
16
342
147
0
1
1
21
38
18914
0
128
12
1
4
16
16
4
0
18
1040
11
0
260
1
13850
1
0
4783
3838
0
177
22
3
0
7093
51
2
1
0
5104
326
3
5288
3
22472
3
0
253
186
0
14475
2
0
213
1575
3
2
427
13
34
0
157
0
2
8
1
2
0
311
874
0
6
0
0
176
169
1666
8
0
1134
0
1
0
132
0
0
7
21303
1062
5
7
1
4
0
1
19
1
42
600
1
0
223
14
398
263
901
82
975
2
188
14
249
0
60
2
49
1
0
1
1
42
6
0
9207
207
3
6
0
1
2
51
0
19
0
12
38
11282
5
39
28
1061
352
0
0
0
0
11666
448
0
0
0
3
0
0
0
15
176
1
8
0
0
0
12
1
2
0
1
7162
16
156
0
330
1
806
5
11
3
117
4
0
202
2996
0
321
0
5
0
0
0
0
0
0
1268
2089
17
1355
1
1
0
0
4135
938
3
141
0
411
1
73
0
0
0
95
2
0
1
0
2
9
0
561
9
0
0
11
1
2192
19284
644
4
4551
469
169
1252
9954
319
1
2
33
1
2017
389
0
1416
599
0
259
46
0
173
3
0
9
3607
0
2232
24
1
1
678
10
0
0
3
1887
40
40
43367
8
65
0
1718
206
0
0
489
47
0
188
343
0
7
76
0
9
11
1
1
6
0
0
319
1
11
0
0
23253
45
0
9254
1164
662
2
6
0
0
0
3
2
0
0
7
0
3
2
0
0
4636
1
0
0
0
0
0
0
1
3
122
22069
6
11160
5121
3
1
0
0
4819
0
0
210
277
0
1444
102
1
70
5
24
0
0
1
172
0
2
36
0
0
0
4
0
23533
395
1573
0
0
446
64
4
0
0
1151
982
2
0
23688
43
110
0
1
0
69
0
88
0
0
0
2
0
0
682
220
0
13755
1043
1211
0
375
318
84
0
4
1164
468
25
417
14117
7
1317
62
14
31
0
0
983
0
22
39
0
0
0
5
0
0
0
117
2351
224
32150
79
101
155
0
5
2708
0
1768
9286
94
0
1
163
50
0
2
0
0
0
2
14
0
0
0
0
0
1
10
169
210
508
0
33
262
60
0
0
0
0
0
0
18
0
0
0
0
0
0
9
0
0
0
0
0
1
13
0
0
0
0
117
42
159
231
430
430
500
0
7
2
10
0
2
0
0
0
1
6
0
0
0
0
0
2
25
0
0
0
0
0
0
4
169
210
508
0
33
262
67
0
0
0
0
0
0
5
0
0
0
0
0
2
7
0
0
0
0
0
0
39
0
587
42
26
4191
791
5
0
1365
177
254
3
245
2
0
229
98
17
8
0
0
0
1
53
1234
23
0
86
26658
1299
1
1854
1
56
9
62
5302
0
3199
5
7
0
0
702
3
0
0
1
0
0
95
36
65
2
1
0
0
272
0
700
17183
190
389
0
1
3926
926
15
1621
5
19
26
93
2
0
0
27474
92
16
2
0
0
1
0
0
0
0
194
3
1
0
0
0
0
0
0
0
0
50
335
440
595
1
8
20
52
0
2
39
653
10804
2984
44
1
0
534
0
0
0
4879
4
0
1636
0
2
70
420
5
804
0
0
0
38
8
33
4891
1862
4874
105
0
36
4002
126
1
1
28910
12
560
0
0
0
407
3938
0
1384
867
2
1
0
0
0
5
17
25
19886
115
315
2
2956
42
2408
2258
0
6
752
68
102
0
0
59
0
4
165
0
0
8792
1441
996
353
24
318
8368
4
16844
38
35
2265
36
1
31
20
887
0
0
2185
28
4
27
32
137
78
0
32
3
0
1
0
0
519
0
181
1
0
2
1161
544
32
482
6790
565
19121
156
49
96
0
212
1939
0
1184
8258
2
572
493
0
0
107
4917
132
3711
0
265
1
0
0
8
6397
0
0
1079
26
3697
47
2336
395
334
337
0
158
193
34
1678
169
0
3
33087
42
0
0
0
51
2686
337
38
404
0
276
7933
1
260
52
3
0
5211
576
2
0
3255
8
13680
12
280
260
152
1
16
0
861
0
0
214
668
729
271
49
265
5385
10
300
4
53
1
66
0
1
39693
0
2164
1587
64
2376
4
0
0
11
228
15360
327
168
1
189
61
78
32
5
8
9
314
0
356
12
0
0
11
1
0
0
5104
274
19378
121
218
1
1464
8
0
113
0
26
0
170
1
0
1553
817
6408
0
19
767
23
2
0
1
21
89
21
1
1900
0
1887
40
26705
2505
247
901
7
0
53
106
1149
1
0
5775
0
0
0
330
0
0
0
0
0
0
2
2508
40
87
311
15
428
0
3623
3
20
1
1588
515
2071
1
9
32168
0
211
1065
194
0
0
0
10
40
0
2
50
9
0
16
3
4
0
14577
1069
643
0
185
2194
0
0
1109
880
0
0
1334
85
0
189
55
7
860
19
0
1127
4339
0
2
0
1
287
0
2
24
2
661
2
1
1637
13323
41
2252
471
36
1
1407
0
0
5
6
53
0
0
1
6
4
9
2
249
0
6
0
0
0
0
11
2
0
15650
1024
0
5104
310
0
2
117
3
0
121
29
9188
9
118
5
63
52
15
2
2
34
1
0
241
236
0
225
33
681
0
1268
0
125
1
8029
1
12
0
301
10
1895
33
2
9528
2399
3
28
3045
3
212
0
0
0
701
0
63
31
0
31
1
55
44
0
0
9
37
38
1
675
0
0
92
13
2
40
0
0
5
500
1
6
1052
2617
1261
7
1
0
1857
2
11
1
6
0
10
1094
0
12
1
169
8
170
5829
1572
12
1
2
83
1331
3
85
3
0
6
17
522
1
1
0
0
6
0
0
2
0
0
85
0
2
0
9
12859
3857
57
13740
173
2
1
113
118
0
245
13
1
1
663
1634
5
5
530
2
0
6
87
0
0
0
0
32
3
0
0
13
5211
6
1460
9
0
10
13
26
23
0
0
94
104
0
0
35
128
0
30
4
2
1
0
10
3
71
25
1
0
0
1
1
160
153
0
8
129
16
0
0
0
0
2639
804
7
6
6
0
0
0
104
20
0
378
3
0
9
167
0
0
1
14095
7
0
163
7092
3
46
1512
53
0
0
1538
53
2528
42
338
487
5
1
9
51
3
408
0
0
0
8
3094
3
0
4
0
2
0
2
7637
6
15
3
2260
0
3329
2
2540
0
316
9
73
2
3
1
0
8
5
0
17
2931
0
61
11
0
3
1
30
154
0
1496
274
2015
2
10
1
305
0
0
125
3
3
1
192
2
2
0
14
0
533
1
4
13
13
6
0
0
0
6
120
235
1
0
12859
136
110
0
4
12
2
10733
0
16
7
3
4
14
346
64
0
797
165
0
837
0
8
105
83
81
30
174
1
0
0
0
8528
2791
2
11
0
8
0
1
6
20
9
0
16978
207
5
30
686
0
0
25
130
0
0
0
1
66
0
16
0
186
4
2
4066
3857
1
87
2
291
13
5942
3
3
2
0
7
334
0
5
318
1
3
0
0
1045
5399
750
0
0
4
153
0
10
22
1
1882
1600
4
1
60
156
15
0
18372
2141
8
389
0
1003
1
29
0
0
1
209
1687
0
3
429
51
2
0
4
0
0
0
0
19523
15098
114
0
92
0
7
0
15
0
0
13
683
2
8644
2628
44
108
16
0
75
0
0
0
0
1324
25
8
0
28
1
0
6
2218
0
668
5
260
0
27
277
2
607
3
56
1
0
4704
29
0
0
496
0
15580
7362
0
1
188
736
31
0
4300
7
5
62
309
2567
213
71
5
3
2779
4909
28
0
229
0
1
36
0
0
23
226
0
16
2
1
14
35
0
0
0
9
38
10
75
6
31
0
646
2170
77
16
1
4343
434
1
819
3
220
1307
0
0
0
2
0
0
70
55
10
129
192
13
0
9
7939
154
0
163
7092
3
483
197
1415
52
854
7
22
0
52
39
20
3
202
0
2
10
14
4038
7
2
0
0
5204
0
0
0
5
0
1
4238
2
1179
4
21
0
0
3
0
5198
1152
0
5
0
0
0
15
0
0
6
1
67
215
10
0
1
0
0
0
0
8
0
12859
4950
14154
1
1
258
3
0
57
4828
635
186
663
42
1770
40
7
0
71
1
6
0
18
271
0
0
0
150
8657
528
207
8
876
5897
401
5014
31
3280
76
3
0
49
3
12
0
3
391
0
0
0
17
0
0
1399
5214
18
3
37585
57
2036
2407
7
1
0
12859
7746
4
2
4
1
1253
26
1
54
56
0
1432
177
13
394
55
6
1
0
0
11
1
811
22
1
1
1
4
262
0
0
3484
22
0
1534
0
12362
7556
125
2
1
0
0
612
0
0
0
0
166
0
23
88
0
1
1
6
627
1
11
0
0
8
52
6411
532
674
397
4298
13
5
3
12
200
1
0
47
3
3
2712
3134
159
0
159
0
0
0
0
5
0
2
10
0
0
32
22
160
9998
2
13
13
48
36
1
1
1642
0
3
357
0
52
0
133
1
33
0
0
14
3
152
0
2
480
11
1900
0
0
3949
116
72
20
0
5879
102
1836
7
653
3
2
56
10
0
6
4
303
1
0
29
2
0
1
6554
12
6
8
1991
8118
0
510
0
440
595
1
8
18
229
852
1450
127
3
1
0
66
2857
1
0
218
329
0
5
0
25
6
7
5
1
2468
68
0
18
2
0
1420
9466
17778
8
21
128
6
0
53
1
0
1
277
564
2
32
2
8
1
402
1
3843
353
4
0
2
3
1
3
0
66
0
10125
16761
9
0
0
0
0
70
1
0
6516
45
0
8
37161
2
325
300
0
0
0
299
1
109
0
99
1524
2
7
2
202
0
1887
40
882
820
1551
54
7
0
1
127
1
445
1
132
10
0
0
0
1
0
1
0
1
0
0
0
0
0
1
1
22
385
320
19786
0
53
24
3
4681
35
0
4
5445
155
1
3074
2
7
7363
2
0
0
15
7
0
2
10
0
278
4
3
7
184
77
842
0
1
6997
3366
0
486
0
0
51
872
1
0
0
0
4950
750
0
0
1407
1
2
1
45
370
2
0
0
1
44
1
13
83
1546
1
0
51
2
423
0
0
1629
82
5
0
9
0
0
2
2
4
0
486
40
5328
373
3
2
0
2
0
0
0
1
12859
425
29
5389
3
2
0
705
7
19
408
19
2092
3
2
6765
2
2
0
6
6
0
3
1115
0
467
9
15
6
21
79
0
0
6
3
0
57
0
1
771
0
26
0
644
35
41
3605
29
0
6
170
7
291
4
0
752
1
0
441
61
0
0
0
134
2722
20
0
0
4595
0
0
21
0
4169
61
0
3
0
2
2
2
1324
0
0
121
0
0
0
9
157
2
11
0
10
244
26
73
4329
17
17
15543
1718
157
394
6
0
17
0
0
1
0
0
5
0
48
0
0
7
0
0
2
19
0
11660
5
2
2
5
22
209
0
11650
14740
26112
50
2
57
0
43
0
0
0
48
2
66
645
173
3
1
0
0
47
426
3
131
144
42
100
20
3
320
872
240
4772
1121
51
9
0
0
1
1625
690
0
0
0
884
1699
290
0
7
0
6664
15
0
0
432
419
0
0
14
0
0
16326
437
102
2113
94
1
3988
308
2
20
1
30
67
24
0
87
1
116
52
15300
744
0
1
0
0
0
1
1622
0
1
0
32
4191
962
0
0
8133
1073
2
0
7
1
2162
17
1
56
0
0
4401
0
1132
220
0
0
0
18
0
5
0
1880
0
17
0
8
8294
391
14
4
411
7
2
0
0
16972
1
19
0
166
711
0
0
0
12184
1187
1707
0
4
5
22
0
0
1
744
11
1
3
4379
43
203
1
6
52
0
0
0
0
1114
123
2574
5
474
1
0
6
1
74
0
10
362
0
0
0
627
0
2
201
0
0
19988
9
1807
0
7544
1501
14
0
11
1
1205
0
11
2
27
1
3
1
1
9
12
3
16
0
29
11
4
36
409
0
1
1
147
1189
6
1148
7
14178
2602
1
0
1
1
11
0
1
6
117
0
1
954
2
1
12
0
49
0
0
0
4
0
2
0
6
320
24940
0
10
311
52
1
1
1
51
228
1
0
32
0
0
0
0
0
615
1027
2
53
3
18
0
0
17
7
20
1
26
5211
68
42
99
287
2
9672
47
0
2
1
2090
5439
6
9
2
2
5
13
0
25
1
582
1260
1
1426
864
1
2
0
9
0
6
0
0
752
3237
1
6
278
4
0
19
1
249
0
13223
176
0
0
5
3
0
0
2
0
5
0
23
812
0
2
0
0
22
310
57
0
2
615
1816
1
16
1051
4791
0
0
2
76
0
0
1378
1
75
0
2
0
0
0
0
0
4
4
9
6
246
16597
12143
238
0
2
131
237
0
0
8743
3
0
0
10
1338
0
202
0
7
0
1
17
1
761
0
1096
0
0
4018
9586
693
0
4343
0
1604
7
0
2
0
4
0
0
56
3
3
0
12464
1178
2
1896
351
24
0
40
464
0
0
2451
43
4
134
0
1
16
8244
13
478
5815
57
4
447
0
0
154
0
9
3346
242
2
26
126
2
439
97
0
2
0
11
0
24
118
1
3
1
5
0
6361
3826
31
350
310
177
4
64
0
1
1
4
1
535
5
0
312
0
3
877
0
1059
0
533
0
0
8
1
90
0
0
0
13007
0
4326
1
83
1760
2775
1
23
0
18
0
0
24
106
17
2
9
79
90
0
7661
2
0
0
9587
52
1
7
382
612
16
7347
4
0
101
24
0
3
1823
10
366
0
9293
7
461
35
199
2
1
4
14
5053
6
15
14
134
85
2
888
0
281
2
2
1877
585
18
1048
43
216
2
1
1
1450
0
0
0
0
0
0
0
402
0
10918
931
1
0
1
1
204
0
2
3
1527
14
0
8244
7
1
101
1331
3005
0
1
44
0
1
1
3947
5
6765
719
1
0
1
0
1
2
0
0
7
5
45
204
11
0
3
24
1060
4361
10023
7
13
0
0
0
51
1
0
16
10
86
149
0
0
18189
649
5
5
1
1
0
0
2942
287
0
0
570
0
2
25743
0
1
2
2993
0
0
294
0
1
292
17
0
1
15
0
0
0
0
48
0
4
0
0
0
1
0
0
4068
108
2
54
994
2568
1
1882
0
0
4
0
0
5
79
234
20
2
3994
1
2
759
0
0
11
17
2
8
5
2
0
3
0
0
0
0
994
0
11314
0
0
0
0
11
0
15
0
0
267
1
11
31
0
131
0
0
0
1212
0
2
4
39
0
0
995
833
37
33
16173
25
38
0
191
51
0
32
35
19
0
69
5
3
70
1
53
31
21
67
1
0
9
0
0
383
1
0
2
0
2693
0
9387
980
265
43
55
0
0
60
0
50
1
7
0
137
0
3
0
349
0
3
12
11
1
16
2
4
1
0
1
7
12
2
12954
170
0
370
51
7
7
259
128
51
0
0
21
38
0
0
0
0
3076
241
3
8
1
757
11
1
0
136
0
123
0
6743
917
2
0
10948
63
177
20
0
131
0
263
440
3
15
1
0
1223
0
56
1
0
8
35
0
0
21
0
0
6
0
0
4
43477
6
4505
10
2
2325
0
0
142
1
2096
4
0
3
2
3
59
0
9602
26
6
0
0
2
0
0
0
1
1
2
0
15
2062
665
14
42
145
0
265
678
2
0
1
1
6127
0
1
1
0
7
24
0
1
5
0
218
85
0
1
1
403
0
0
891
147
3165
2
2928
0
0
1127
0
39
11
0
27
45
8
16
4
8818
1276
1
0
5
0
2
0
13
11
2294
0
2501
176
25
20
621
1
1943
0
0
67
17
0
4
5
7124
2
14039
944
0
2
2
171
9
2
3
4
114
0
72
0
1
1
2
34
786
3
5104
103
27
2389
657
78
173
14
0
2
1
3
17
427
9
3
109
1
1
0
1
11
0
0
1
0
33
11
50
0
0
85
30326
2
0
429
1
0
19
1096
0
2
5
0
1
5
9
0
0
1
1
17
732
6705
1556
48
61
0
0
25
107
1
1
0
2357
1
85
18
1
4
10
2
5
0
91
0
754
202
0
0
1
347
66
208
4
90
5478
2
69
3
0
27
1
5213
2487
2
21369
48
359
4
21
174
0
0
3
7
20
59
0
0
10516
130
22
1
0
0
0
0
1
428
8
1
4
0
1
1
93
6
38
4
19
1607
0
0
7
0
204
152
10
3
0
35
0
45
249
42
28
0
5473
381
32
205
0
0
6
4
1
17
0
3139
1621
5
19
1606
239
3
0
0
1912
39
12
2
228
0
3
1
9
6
0
2
0
237
0
0
0
62
9
0
0
0
2226
1
1646
32
1859
4
0
0
6
306
0
51
0
0
1
3827
1
0
179
1
0
3
7
0
0
1
11225
576
0
0
0
40
1260
0
21287
3
20
5
19
4393
0
0
435
0
1260
0
1
0
157
0
0
2
0
35
34
0
0
108
0
0
299
71
1
7
0
6
32064
9
5
0
3
60
22
0
1
148
2
113
0
12
0
20
0
9
0
0
0
4422
0
7
79
0
0
1
0
18
8
892
5101
165
0
4659
3
0
0
2
26
6
452
3
0
0
23
69
0
24
34
5
1
1
3
1376
2
7971
2
46
41
14
8
3
87
1447
0
3465
1
10
52
4
0
6
0
1
1
3
1
63
5
0
0
4100
75
12
0
1
23
0
0
0
0
0
0
1
11658
6597
437
63
0
1088
0
34
5
13
1
232
10
1
0
3
2
7
0
0
6
7
3
11
7
0
0
0
1331
480
3
4706
16541
439
3917
0
0
2
0
4
745
0
21
12
65
744
54
56
1
0
1
53
38
0
0
94
281
383
3455
37
0
78
0
9
40643
7
17
104
229
4461
0
9
591
216
0
6
232
13569
599
0
70
1376
172
1
24
0
0
0
4
0
0
188
0
11
106
0
274
1
217
27
0
22
0
0
0
0
1
196
3
1
46
0
82
7
3
24
31
0
16
42
9
0
0
1
1142
0
0
1
35322
173
3880
6
7
216
373
1233
1
0
1574
8
0
7127
45
1
4
5298
64
1
5087
2
8
15
604
0
1
0
0
0
2
9
6
6274
314
318
1199
6030
1293
10
0
23
174
638
7
0
21
0
6
20
0
0
0
2622
3
0
548
61
0
8
8
0
1
0
4343
923
2
17
0
1230
0
0
0
1
13746
5
19
1
122
0
3
2516
43
37
0
3
759
0
1
137
0
1
2
65
0
6
16824
4
90
2
25
0
0
0
0
8579
663
8
2
1
9
1655
3
16
1
0
481
2
0
202
0
0
13
23
3
0
263
0
10268
61
1
8
4092
178
0
2385
2
8
2250
0
0
0
0
0
177
381
0
0
752
0
0
680
0
1715
909
0
1
2
0
383
12766
5
7331
77
0
3
3
536
0
13078
185
51
13
344
0
8
36
0
1
14
2720
0
21
10
0
6
1
1
0
0
2
6
4298
969
3057
1
0
17831
1544
0
0
32
0
0
0
5
81
0
0
12
0
30
548
1
3
1
5
0
3
0
1
0
29
52
38
7
5316
1012
0
1652
0
2
1057
16
1701
187
0
2
1000
0
13
1157
2
0
95
3
23
2
0
9
47
95
190
0
0
2
147
6090
11148
4
150
14
2125
3
1
75
2
0
0
123
0
0
33
41
5
0
16
1
0
8
1480
15
69
2
2689
0
1
0
16483
1
8272
5
29
12
5010
488
1
10
2196
127
1
3100
1
5
5765
83
0
20
0
2
122
0
332
4
47
35
0
0
146
3
17062
45
2248
19
0
1224
0
1
21
31
5072
0
0
0
235
14
0
35
0
1
0
24
2
0
0
317
0
1
243
3210
0
2428
21936
1809
12
134
260
0
12269
557
0
1
0
0
0
5
0
11
503
1
3
9
76
1
279
0
0
0
0
230
0
0
162
13
147
6722
1
152
15
0
0
70
1
3
0
0
21
7
0
4
74
0
0
760
0
10
1
19
3
0
4
0
0
0
24
1
19313
3242
1
11
0
343
0
437
2969
12
301
0
288
0
16
68
56
0
3
0
4761
32
0
14
369
569
96
0
0
0
32
95
1379
3767
1
10
9209
17
10
0
0
0
4274
1019
154
1
2824
4
5
2369
0
0
0
0
11
144
0
267
3
26
123
77
0
14
603
68
1726
12
3
1
2357
0
2
0
2
0
543
13
4
0
3
813
2
9
3855
141
3
0
0
0
0
3391
371
17
5
1
14148
42
24821
0
38
0
1
0
0
3
0
0
0
321
0
139
41
35
24
0
0
0
0
0
58
9
7
0
0
14730
4
7
1420
652
0
689
0
2
52
253
21
1524
0
26
0
0
148
7
9
2
1
2
5
0
2
3
513
1
1092
11
0
5190
72
2
3567
2
145
10697
3
3
0
25
18
0
603
0
104
4
35
2493
0
0
3
948
4
4
2
23
0
5
64
4
2
5776
545
6
5104
28050
78
171
31
36
0
2
0
0
1
0
0
2
61
6
15
13
1
0
169
2034
9
13
1538
2
14
0
234
0
0
99
6065
3
131
13163
281
147
0
44
0
6712
1
1
0
160
35
220
1
0
4
0
24
3
46
36
0
0
0
1
6
2628
876
506
355
8433
701
46
5041
460
1953
117
8
2
0
1
3
0
0
332
0
12528
1832
0
0
3
2
1244
7
603
182
1495
252
0
0
0
11658
1208
10072
1
1
89
134
365
844
0
6
5
0
0
1
1
25
3
14
2169
1
2
0
0
0
18
2346
1
4
0
2
15
10783
0
0
0
1170
11
0
0
0
140
168
0
435
103
4
1
0
0
0
46
27
1
9
8
1
4
0
0
0
50
4
0
12859
7183
9
1
0
24
47
0
11
99
0
3920
43
1
0
67
0
749
0
120
0
0
180
1590
0
0
0
0
0
6
8
11
286
12
644
1534
21
24
34
1993
232
0
1
0
1196
23
4
0
1138
42
66
356
2
178
43
16
0
0
0
32
0
0
123
1
24109
3
16472
8742
0
731
0
1
1
0
211
0
67
0
2
361
2
0
1
0
6
75
1
1850
17
0
188
57
917
0
160
42
19102
26
95
5
899
2
0
11
0
1
19
0
0
0
1135
64
18
22
5
1
0
1
1
3178
1
0
0
700
28
1
91
2
34164
13
14
6
21
6
615
14455
53
3
20
0
104
0
80
92
0
7
7
0
0
0
0
0
0
12
187
0
110
26491
1
191
138
81
303
3195
80
0
24
93
24
0
0
0
0
0
0
0
0
0
0
0
0
0
23
0
2
0
0
0
0
34
0
0
5302
0
763
474
37
1
10
0
0
0
1
2
0
6
0
0
0
3
7
0
0
0
0
0
0
1
0
0
0
0
0
1
701
365
1564
188
0
23
209
15
0
24
11680
861
4369
1
11085
64
2
3
0
6
76
258
11125
6
2
1059
0
1
3420
77
18
720
185
2233
14
3555
20
0
12
3
0
657
0
16
2
235
0
1
0
12
0
0
17
282
29
10862
0
0
0
21
1
6
0
70
12751
1902
0
5741
269
11
2
2
0
2
0
0
0
0
34
0
0
0
1
0
90
0
1
3
935
187
0
1850
4
6
3359
1
15639
136
2705
3
2
3
86
0
36
19
47
1313
46
11567
0
612
92
0
7
34
3721
667
3
1
74
8
4223
0
69
12
0
0
2949
5
0
1309
19
7430
1112
0
24
0
2
43
0
24
0
4
0
227
524
0
31813
3
1885
0
1
116
480
0
0
1109
0
16
21174
5
18
50
5
41
63
1
6123
347
0
2449
2
6
11768
2
2
0
13
11
0
4
14
0
87
5
264
2
318
9
40
0
320
280
0
0
12859
1146
0
0
6
1
0
10
347
0
177
1090
0
2
3998
1
1034
4
2
514
85
5
1
0
69
0
206
12
147
4
323
56
95
7
14
0
59
399
0
68
981
0
2415
2547
1
6
0
497
10
7
0
0
127
38
0
9
0
53
5
2
603
2365
3843
2
302
714
7
2
0
20968
315
5
3141
4
10
2318
4063
0
15
0
5197
0
63
0
34
1
116
303
23
0
0
0
16541
439
10976
6
4
0
4
20
0
3
220
0
14
3
15
14
103
293
71
1839
0
329
0
7
0
0
5
6
0
0
0
0
17748
0
5336
4
78
0
4
0
0
51
2480
2
2359
0
0
87
109
2
1
4
156
2
183
2
137
0
0
1
1
4
1
0
0
826
4284
909
4
8
36
0
2
0
1727
53
0
4170
1867
2
6
35
58
3
1
0
0
1
160
0
0
485
0
1
28
2
390
3
20355
22
208
0
0
14
1
145
33
18
1569
56
145
11
1063
5
0
56
331
63
1
1
114
0
199
0
1
11
36
0
320
872
5
0
43
1
792
0
2
251
319
8
9
11
17
1
0
498
30
19
1
0
962
36
45
0
1
0
0
87
875
13725
6820
198
7552
3
240
388
7
0
40
0
0
2410
288
554
20
0
4
1
0
28
14
1
66
5
1
1
55
0
0
0
33
899
14092
29
1409
25
24742
538
1
1
40
3633
370
83
0
29
77
10
39
27
698
0
0
1
5
0
0
201
0
0
0
19
251
52
6
110
944
123
3
661
0
0
1
11859
0
17
2745
1
0
7692
172
2
1895
3
9
8
80
6
5
0
0
0
117
0
263
5
25805
464
1078
7027
0
0
5
1
426
7
11
13
781
0
0
4921
342
16
15
304
0
2
9
2
0
37
0
1171
9
18
0
256
61
431
0
5
99
5222
961
21
0
0
2321
2
48
50
2
5
4
0
1
0
275
0
27
21
49
12
10
0
106
2
1
5
36351
7
1108
16
0
763
0
328
0
0
6
4
3
6
57
0
0
102
5
1
7
0
40
4
57
2
0
18
3
202
32
0
274
2
1773
1
0
90
592
18
332
0
0
0
0
133
557
11
1
0
4226
418
183
6
1
701
182
0
0
0
8
2
191
1
23459
2
4180
0
19065
0
0
0
4
92
0
7
626
0
0
165
0
20
0
119
318
21
4
1
247
0
0
1
12
0
754
0
43066
1
718
0
1
1
30
36
26
0
43
1
8590
35
0
1
0
6738
3
27
4330
0
0
0
646
0
146
132
1
256
265
7
3567
2
145
429
37
11
0
0
0
0
3
74
0
457
3
8
5
108
5899
0
0
19
1317
1301
25
559
5
13
60
58
4
0
863
18
856
0
82
1
0
6
18
1
126
3
0
2
7
12
0
0
810
0
0
2
96
88
59
353
1157
1
281
2
100
2
14414
5
2189
12
99
0
1557
6
623
0
0
61
3
58
49
14
0
1760
27
16
11
42
18
8
2
114
3328
0
0
1
0
0
2225
15782
4
5065
153
0
2281
0
7
77
232
10
2
0
0
0
6940
0
352
0
5
3
51
84
0
0
120
1135
4
0
27
7
3836
6
117
0
53
19
7
2667
1781
24
0
1
0
0
86
0
0
49
0
1
2
1177
137
1
276
6
0
0
48
32
5
89
28901
5
10481
16
15414
0
0
10
0
14
0
30
0
125
1041
0
11
43
1
0
0
0
0
1
13
0
14187
600
3
2
0
1
3035
65
1
1
0
0
4
0
21255
1
4
0
35
4
1
12467
109
1
3
1
1
2
28
10
22
11
1
3
1
255
1
77
160
1640
0
1393
8
0
480
0
6173
0
624
2
0
131
352
2
2365
3
7
4
186
10
5
0
0
0
247
0
407
4
47
5
21511
345
380
14574
23
8
4911
397
0
0
294
0
1113
0
2
0
395
1
3
54
19
7292
21
0
317
0
25
0
5861
2
684
0
4498
65
0
0
0
3
4
0
2316
1
494
6
23
2
1
102
0
0
3
0
368
1
0
1
1
178
1
15
3
63
3
6
320
14
9
21239
358
3
1
1
1
39
14
0
0
3
120
480
1
3
131
0
1
247
557
8
1
0
2
6
1
40
37
0
408
968
2
23
10277
1984
359
0
51
0
56
8
10
6
86
2901
0
0
5
0
340
1
0
15
0
6
0
0
0
2
0
0
408
1059
6336
1
0
0
9
0
28
0
1
0
11034
6
92
34
2
0
84
0
1
2
13
5798
632
1
0
1
8
58
15
464
7689
5160
51
2
2314
0
2
2
3
0
0
16
20
0
88
1
0
1
31019
0
0
1948
0
637
7
0
0
47
0
274
1
0
14500
0
3
12
12
14830
1
25
0
0
1381
11
989
170
1
5
991
0
2
18
3
0
41
13
12
0
149
1903
2
1
0
2
28
21594
4
5807
604
6
0
6
2
0
4
0
133
0
2
3
196
0
18
6
196
10
162
0
67
97
0
0
2561
0
8985
59
1887
40
6
183
556
222
0
324
0
33
637
0
0
9218
6891
1
76
0
18821
1
3269
0
19
13
69
0
2
165
146
0
2472
57
12859
6331
66
140
1
2
53
390
19
0
315
25
1
320
9
7670
51
0
1
1078
267
3
2655
2
6
23
229
10
3
0
0
0
3628
0
447
4
7
646
180
195
85
10889
7
18
34
0
268
2
45
0
1311
0
0
81
1
0
4
0
1294
0
0
0
5
522
1621
5
19
2986
11750
3
9
47
1
18
0
1
12
119
1
0
6034
310
10
12
20
1
0
31
0
0
2
0
47
19
33
1
147
0
7905
1018
0
0
205
15
183
1
14
0
258
9
3
1
0
6243
57
2
3
43
25
1
7358
1185
0
0
2
270
1
0
37674
0
9255
183
79
4
19
2
1
3
115
0
0
84
2
7
4
1
2
98
43
3
3
112
0
52
7
0
45
1
20
0
20399
1
35
2
289
0
1826
0
61
1
0
119
464
184
0
2505
2
10
3475
2702
0
17
0
180
0
75
3
7
3
113
149
0
0
25
118
8
8
0
0
1111
4
7
0
105
263
1
3
0
1
0
1
0
31
1
3
43
0
13
1
10
1
0
0
6
320
4871
0
305
14
0
0
172
1784
2
0
5
2467
0
1
93
28
18
1
5
0
34
0
2
0
441
0
7
13
0
0
30
6
110
392
2
127
7
205
0
50
1
2322
3
0
4
2
0
25
0
104
0
1741
4
16
122
1
0
53
0
100
4
41
3
6954
27
22560
1
0
404
8
0
90
442
0
1188
3
6
29
0
5779
0
383
3
1
585
0
0
47
11
11
0
3
0
145
8
12185
1
0
602
59
305
1
13
3
0
33
0
398
1
0
1272
188
4
2146
2
5
2370
4239
0
6
0
176
0
48
7
13
2
116
10076
0
0
64
72
1
2
0
0
924
1
0
0
0
507
1
1
4
1
0
46
576
1
0
52
0
396
1
0
11
1
320
4832
12
0
37
89
0
0
290
0
4959
0
16
0
1
0
0
14
113
0
550
4
10
549
0
0
1
7
1
2
1
0
320
220
1
8
20
0
0
0
103
7
25
103
2
36
0
1166
3
331
0
4
1
8
1
8
1
1
0
0
8450
52
1
6
3737
483
5255
959
123
136
1
0
213
3
4
0
0
5
10
63
2
1
0
0
4
1
1
53
0
4536
1
0
2455
52
0
1
45931
6
3699
6710
52
12
0
407
12
1073
6
474
0
90
0
0
0
251
0
0
1106
5
0
1404
0
1
37
1
1143
47
0
16
87
249
12085
1095
5
0
0
152
9
0
22
5
7
3
3
0
2
3
1
2
86
0
107
93
32
55
0
0
7
0
0
50
218
2411
7
294
20
9
13
2
8
0
76
0
88
1899
595
0
2
72
6
0
8
1
0
0
21
3
0
22
0
1
0
3783
2722
7
2472
3
53
7069
2
3
0
18
19
0
449
0
390
3
220
1338
0
0
17
0
111
0
0
0
176
94
201
0
3
0
6
5848
577
113
3
0
0
1
5
22
1637
92
0
0
6272
0
0
10
5
0
6
70
0
433
0
7
681
4
0
3185
0
11854
6702
4405
0
20
0
56
10
3
107
0
6
0
1
0
1
15
0
209
13
9
0
3
30
3
0
0
178
1
16
0
0
85
8469
308
842
2
2
578
30
9
106
0
94
13
1
1
1740
23
160
10
2
236
110
1
0
0
1053
131
616
0
0
147
1
0
11451
58
6
0
0
0
1
46
1038
257
2
2763
3
9
50
179
6
5
1
0
0
101
0
543
3
122
4
141
3165
0
0
1
5104
202
0
36
296
0
790
2
2
0
4
163
3
0
0
80
33
1
952
866
0
0
8
1
1
143
1
4981
147
2
2913
3
163
14693
6692
4
2
0
4
197
0
260
1
600
1283
16
4376
14
4
4969
377
6
1
0
1201
2
0
1
300
0
42
316
2
0
10691
9318
69
2
4
49
0
61
402
2
38
234
2
72
14
0
406
0
1069
66
3
2
0
1
0
12
511
0
708
55
7
84
5487
1
0
5
32
66
1
0
902
0
0
199
5845
0
67
8
0
990
225
423
589
0
0
2
2
0
671
32
0
6
0
0
15316
0
2
15530
4
675
0
0
0
9
134
372
4
0
55
37
8
366
2
0
22
14
0
452
201
0
57
0
3
0
1
28
30875
139
1
5
0
6
0
0
2
669
3
0
55
1
21
670
1
0
749
21
38
13
8
6
0
1
25
1
53
51
0
1
12859
1098
0
0
2
105
1
22
19
0
214
0
0
39
2
5
0
70
2
14
31
0
0
1
14
0
1
1
225
90
0
1
14091
745
0
0
0
541
0
1
574
0
2
1
1
1
72
143
0
0
0
1
62
10
3
2330
1
0
0
0
0
13
0
20
87
6316
7
1
59
12
506
3
942
7
884
0
0
4988
3
0
42
0
16
0
2
28
0
229
574
0
1
12
6
24
3
5
38
229
10
1603
2
8182
5
1106
2
4855
149
3
1983
1
10
3257
2
0
0
11
6
0
551
0
566
0
2
3
53
41
0
0
858
0
22295
518
1162
39
2
24
91
14
0
3
1
772
3
0
2
331
4
7949
19
4
567
221
104
1
124
0
0
6206
5
0
87
0
3836
0
0
1
2
48
323
0
0
1563
26
2
66
298
4932
608
0
2
10535
187
2
0
0
47
0
707
18
0
18
2
320
294
9
40
1
0
36
1239
0
0
269
2
0
211
0
1617
0
0
0
5
4
1
1
9785
16
4
1
1
0
1387
0
0
100
189
56
9
1267
10531
12566
515
0
0
12
43
25
0
0
0
3
3
4
82
109
0
0
1
661
2
21
0
6
17
32
0
23315
31
14919
619
46
204
8
1
12
2
2
14
6
0
0
14
4
1
3
123
0
116
1
0
53
0
123
502
6
2203
5
4
3109
7226
3534
375
0
3985
0
24
0
16
13
199
339
8
57
2
2738
1
3
320
5
2
0
0
0
0
1
334
52
51
2
5
161
12
7
35
34
1022
0
0
109
0
5
122
5
372
11
0
2
0
0
160
0
0
3
26
5328
37
14
0
141
0
734
0
65
37
4193
7
626
8
108
7
0
0
1
14
3
166
49
2
9
0
11
2267
71
0
58
2
1
1
87
0
37
650
92
0
44960
3
0
163
1530
26
0
3
271
10005
6
0
404
0
1
390
3
0
9
22
6
1
187
19
0
0
0
0
4
14
0
7
8244
7
48
1
75
77
4
2
14071
686
0
1
205
27
0
10
34
233
67
0
624
0
0
185
9
0
0
0
4
1402
10
0
43392
4
3
29
1
8
36
55
973
242
1
0
826
0
0
1
33
0
1
2
4
8
18
1
55
146
29
0
3
0
0
417
10972
6
451
99
0
0
45
0
3
1
0
32
7
12
0
0
1
3
1
3090
231
2
1959
3
5
3307
3264
0
1
0
122
0
1018
3
77
346
5307
5128
21
117
4
2744
1
3
6930
0
17
179
0
107
3
6
1
31
0
2
0
1981
1125
27
11
0
14
0
87
17030
34034
0
2525
1627
0
107
2
10
1
5
0
151
3
0
0
13489
92
0
0
3
3
72
79
458
39
0
1
50
0
111
1631
567
10528
121
152
13
7
872
83
2
646
0
0
0
0
5468
233
4
46
1172
0
70
0
0
0
22
2509
0
0
136
3
1
15723
4
16
2611
5
8
1076
0
6
1657
13
1
6811
147
0
6
13322
7
0
0
0
6044
229
1
5
80
2
0
34
54
0
118
0
826
0
10
1
194
0
1
274
2
2302
13
82
5
1
14141
289
2
0
0
1
0
63
26
0
0
0
17205
37
0
320
585
2894
805
4
344
72
4
0
33
10
44
565
135
5
0
1
0
24
0
385
35
0
0
84
5
1
0
66
2
0
4
3
174
320
148
0
7995
1
5
0
61
0
0
4
1
2
15
899
1308
1
49
1
2
51
66
0
1
992
1
1
10
2347
0
1
1
12773
4
2
10979
0
1
42
13
39
0
1093
4
2
16
11
78
1
2181
0
0
0
46
0
45
459
0
22
0
0
0
48
62
6
25
6
0
679
22
0
0
2145
0
1085
113
0
366
1
0
0
198
3
1
0
11
0
1
1
1
0
0
0
0
1
483
38441
2588
0
7
3
18
1289
97
0
727
1
35
0
83
34
0
588
16
0
0
5212
0
0
0
397
3
68
1
2
1
0
99
1379
3767
1
10
2273
8
2
7
3201
1
0
0
0
62
0
99
0
5
1
0
1
10
84
53
1
2
0
135
1
0
3
437
5382
94
5734
3
5
54
17
0
9874
0
2830
60
0
5
5428
131
0
3949
5
6
3456
3869
0
1
0
6
21
0
198
4
143
128
7644
4487
11
2
793
3
6
1131
1
65
13
0
1
541
0
0
294
0
20
45
2645
0
0
3
153
1
9
0
0
0
1
53
3775
628
82
0
5
109
18
1
41
23
40
36
10
0
28
0
9378
0
389
0
298
324
0
0
1
2
182
31
3
277
3142
0
44171
4
6
10
1
0
7
79
446
16
0
0
125
204
488
4
0
2
0
0
5590
253
2
3121
3
5
4032
47
4
6
0
28
5302
0
33123
595
53
0
1
31
0
281
13
6
179
305
638
383
20
194
7
638
146
6
24
319
0
3043
42
2
30
1
1
0
766
6
592
13
0
0
1
54
327
0
1
23182
29
122
4
126
392
6698
0
0
0
0
3262
5
0
4833
24
38
3324
13
234
37
32538
2
21
111
53
618
441
1567
1
0
5
0
1219
0
0
575
117
8418
0
1093
73
163
15
87
1463
106
1
10
30
2
94
527
11810
627
2
1
1
1
49
5
18
308
837
50
15
22
15583
27
7
30
7371
176
3619
0
6
5
0
2177
91
112
1
0
1170
0
17774
7
12619
2468
11
2
0
0
0
1
4
553
0
5
2
1903
1
0
0
463
0
689
0
5
43
7
226
1
1
9
167
346
13463
6743
19
142
0
1746
1
60
172
1
27
196
33
0
348
27
11
2
63
20
1163
0
4
0
1
0
35
2841
1
1
1
0
33727
29
1
3
91
1793
2338
0
29
5280
20
39
0
0
0
368
5399
1480
62
8
0
5
41
0
1
1
1
8842
6
57
5
6
621
1
1631
2
15712
341
56
1
0
2
19
64
4
1
541
0
0
0
0
0
1
5
0
6
1097
175
88
489
0
0
4
3
1678
251
127
9
17669
0
0
10381
43
538
2
0
1
6167
1
2315
46
109
36
1
656
0
19
0
368
0
0
12
3888
18
43
10
509
8904
0
16
40
845
1
1051
17
5
9
12234
689
0
0
49
1043
30
0
0
0
1
0
2
6
1
160
1786
1
0
0
32
147
0
405
226
0
0
289
1
9
51
18
0
1
62
3
0
83
940
0
0
0
7
7635
972
0
2
20
5
1
2
1
59
9445
143
368
1783
3170
901
100
477
1112
4
287
1982
0
2
12
8
1
2
1
87
6
7
51
6
103
109
7
0
40
1
0
5767
1456
0
1570
0
1
662
3298
169
1
17
0
158
0
1
119
0
8
1
112
0
9
3
0
0
468
3062
1443
0
0
2
2
16
38984
12
192
0
2111
1
4
15158
301
21
304
14
7
73
0
1
2
4
17
50
0
0
0
0
0
1
0
68
12104
2361
17
1104
42
173
83
561
7
144
1106
34
76
3
1
390
1083
0
4
8771
23
0
12
36
1119
0
0
0
78
0
0
0
9
803
0
73
2135
97
32
12
0
205
2
20767
1544
209
1677
2366
2
136
0
16537
1731
1
0
1648
15
1
2
0
9
29
46
0
1
0
0
2573
23327
18
8
1
7082
0
0
0
378
2821
3
7
0
3
9
196
64
3
0
5
1
127
0
2
0
7405
1231
0
2
0
7
0
3309
8
1
18974
6333
1
137
5
5
97
1
1
1
1
1
170
36
2
8
0
8
1
3827
22
18
165
17
0
308
0
161
0
42693
2
0
0
2801
52
2315
0
35
1062
1
14
0
65
27
0
1
0
0
4
16
0
0
0
0
0
5
1
8
1
0
0
43910
510
199
1
62
5025
0
10087
548
0
22
627
8
3
29
0
0
0
11
83
0
1054
0
18
274
1
0
13
0
0
0
7
249
1008
0
345
0
23
5
19
5
18
0
0
2
1
3
3
45
0
9
0
8
0
0
0
0
57
0
0
0
1
0
4047
1203
496
31223
3
443
61
4
0
59
1
80
0
1
0
26
0
5414
5
86
0
4984
8
0
1
42
9
1
171
0
15
0
1
28158
3007
8
12
560
82
10
1
57
6
720
43
4
0
31
1
23
3
5
13
0
0
5635
0
170
0
316
2
1
0
2
0
19493
0
7
0
1270
4805
4
0
29
0
0
283
1
1
0
1
0
1284
1
23
2
6
538
3
0
6
326
0
0
41
1
99
11267
1510
0
2869
3
7
76
173
24
0
1
0
0
0
0
214
0
6
1
112
14
24
1102
386
0
0
0
29
0
113
58
3
320
12851
580
4
5
1
1
0
59
18
1
0
0
0
0
0
0
0
18
1
107
0
1893
53
2
59
797
0
44
0
0
0
30
44
110
121
23001
45
103
29
1655
0
216
20
423
98
1
134
6
258
6
61
4
0
1
1291
2440
7
2
0
135
0
614
0
147
21371
601
3
254
22
0
0
10978
19
0
6
14
2
0
0
746
0
2745
0
0
9
1
0
71
0
0
2
0
5
13
1
1612
15196
852
3387
134
0
65
0
0
1
2
1
30
0
5
3
999
28
5081
85
298
14
0
0
0
295
489
34
0
0
0
11
38489
106
107
2
162
4
68
0
2060
26
5663
437
246
5
0
2
23
75
145
7
0
0
0
0
0
2
0
375
0
0
2
6
27368
0
3660
38
0
77
4
2703
190
0
15
20
1045
4
7614
1559
38
6
1
0
1
186
18
0
25
1480
4
0
0
0
0
0
4220
70
3356
1
4720
11
10
0
2
0
45
0
8
1031
0
2215
487
0
483
0
0
0
12
172
1795
679
457
1
3
1
299
134
38
23932
1
1
491
0
0
0
216
579
8
0
17
2342
2
2190
1010
7
0
2
1445
1
266
1
0
4
6
410
0
1
44
0
0
826
1858
0
10
472
385
317
0
2
3
436
0
0
2750
0
5
0
0
0
10553
0
3
0
99
1
143
0
0
6336
4
28
46978
0
2
567
1
5
1011
44
7
3
5048
26
24
0
0
40
1
152
15979
0
2
239
219
13
0
1169
23
0
0
154
0
0
845
2210
3
227
3
0
69
12850
4304
0
0
190
6
0
4
27
0
0
0
0
773
9
0
0
3
12
3576
0
6
36
1
0
49002
0
1
17939
0
0
29
24
47
0
18227
5888
1
1562
12
5355
0
2
1
24
153
1
0
785
11
0
2
41
0
0
61
252
13023
291
6049
6908
10
177
421
7
0
1
2
0
0
59
341
14
0
3
0
9
0
0
0
130
3
32
92
9
2
0
1090
2364
12756
1155
116
7735
0
1980
4657
10
0
337
18
0
243
57
1
0
0
2
0
960
0
0
11
2
8
852
0
68
2
0
79
1
13916
15439
6
37
11
3
2
5
0
0
48
113
55
1
5
0
10
8
318
6
0
0
0
2569
1868
256
753
0
0
3
0
303
14071
19
0
633
1
0
1
16
5
0
1
0
756
1
51
23
14
101
0
244
8
0
0
1
0
83
134
49
5
303
0
0
6361
360
140
2
7
755
456
16
0
0
0
39
3349
3
0
0
0
4
688
0
10657
182
0
0
110
0
15
12
432
0
5184
0
5104
188
131
8946
0
0
0
2
1
8
2238
0
0
66
0
0
12
7
1
0
3
30
1
8
7861
32
0
5
0
4
1
9
1243
5010
6
2
86
0
30
1
200
0
2
1959
0
5007
1226
1
55
2
1
0
2239
0
181
0
0
0
29
1
4
0
31
1
87
0
17343
989
52
4960
1
3
11
192
1
0
0
0
1
199
0
2198
4434
107
1117
15
5
0
0
100
346
4
0
215
6
2
7028
0
0
890
0
7870
657
42
211
455
6
0
2115
1110
1558
16
0
147
377
43
22
0
2
70
0
1
0
17
20
0
3
7
30550
22
4
120
41
8231
5292
2
1
0
59
0
0
59
1
12
1
2
5
136
0
8
321
1
5137
237
17
0
0
0
3
0
3118
496
3551
20632
1354
0
5
0
191
8027
1
1
531
55
0
8
30
43
474
0
0
0
7
0
14
0
1
224
2
0
8
2
6904
1195
2
2
0
33
2
12
249
3
0
0
0
13
6
68
0
4
2215
2276
1
64
0
2
5
14778
247
5
0
1
0
48
6805
0
8311
2597
4
0
0
0
0
376
2499
9
86
25
0
0
13
817
0
14
0
40
12
2
908
161
1
259
0
8
0
7
1060
6926
185
1714
3
0
6
461
0
0
11
1
0
2470
8
0
0
0
0
0
4
21
9
11
130
5
0
0
54
0
1
9
766
151
1
0
0
0
250
0
8903
670
0
0
0
14
31
0
214
0
0
67
0
40
26
0
1
2
150
6650
0
1
0
2
31823
0
233
227
2128
6
1
150
0
0
55
0
15638
10
331
43
5
0
0
3
1
92
3
175
4
0
0
13
5
0
0
2936
128
17
7
633
3
28
736
1
2787
2
10
0
0
0
0
0
1
163
2
1
0
0
1
131
325
4
23
7
0
0
875
36
6
110
1866
1272
16
0
0
3
0
1218
3365
0
2
0
46
0
48
0
0
0
1916
584
2
0
5
694
0
0
392
648
115
0
163
46256
112
38887
0
0
103
79
0
0
38
2
0
7
116
0
9299
143
0
1
0
1
0
0
6
1
24
9533
192
79
9
0
4043
214
5
3
0
54
2672
813
1
0
2220
0
1
1
37
31
0
1365
21
9722
0
0
3280
0
17
139
15
161
0
0
0
0
218
2188
11098
43
3
332
1
10
14
13
1
19
0
0
4
29
0
19
0
23
0
7672
545
11
0
7
0
51
1
0
10
5309
1621
5
19
61
3508
68
2
17
1616
0
95
0
201
5
0
0
36
0
26
1585
4188
29
0
4
8
123
251
1
23
26
857
15
1
8572
25519
124
5
534
132
11
8
7
1
764
0
27
0
0
0
6
41
1
3
6
1
3
3
2303
0
5
8
45
10
0
3566
2
0
6488
309
48
19
16
0
70
15
7351
55
6
0
1
183
1
0
91
1
838
0
0
626
11
0
0
2
45
306
0
11659
5
5088
1
1
472
0
0
11
3653
3385
0
0
5
198
1
13
0
75
1
0
4
36
41
2
0
0
4267
6
6
131
1
38
4
206
796
515
0
0
0
399
2
1
2
0
0
3
11
0
0
90
6190
703
22
1
0
0
11855
7
1
3
2
0
108
11658
1208
2870
4
1
0
11
137
95
2
616
1
68
35
265
0
0
24
0
0
0
1187
3
0
2
1
3
0
5
534
5
13
1360
444
9039
0
0
0
503
163
0
43
385
738
649
3812
0
5
497
4
1
3
3
1
87
2
89
2
2879
619
73
205
0
0
12050
0
3225
8080
17
0
1
2
0
56
17
7608
0
40
0
0
0
0
0
1
3
22
2
359
9
0
0
0
0
0
3
8
6267
172
7
417
4
4
139
98
264
5098
227
2
0
106
1
46
6
1
0
126
2162
935
24
132
1
0
9
2
35
479
11
0
100
2360
756
157
57
1218
71
1
263
3
0
129
9
92
0
19
0
0
7
8
6
32
0
0
0
0
2
0
0
0
0
0
100
1160
3
2951
2288
3989
0
132
12
1
18
0
0
1
0
61
10
1101
0
1
3
11
16
3
866
8
0
82
0
1
1
17
171
23427
92
812
4509
3035
3
2
1835
13
0
17
0
13946
522
0
1
3
0
0
100
0
4398
144
7
436
254
1
6
241
2
0
4503
1779
2286
1
126
28
191
0
2585
1
1
0
118
10
2730
3522
1
1
35
6
377
2094
1
0
21
0
28
3
63
1
11
4
2940
190
2
79
2074
1045
0
802
30
5
5
11
501
31
164
25
1101
0
0
0
346
6
5
0
1
0
1
14
0
23
7
0
3566
508
3758
19
5
3
21
6
9
688
9
0
76
0
2
217
1658
0
10506
84
7
2027
9
3
1
0
63
3288
961
241
0
583
8244
107
111
2
0
102
2413
1586
0
1123
0
6
6
52
13
1597
0
137
13
1
3
106
831
1
13257
103
21
1325
13
1
1
0
6
110
4679
1704
12521
0
1
1
2
0
148
0
3354
206
17
522
266
0
7
125
1
0
0
1
1
0
94
78
685
2
2724
0
185
2233
533
161
889
147
1
1
7
12
3
13
5889
7
694
289
1040
468
2417
150
0
6
2
0
9
26
0
2
0
0
735
2107
7689
15
593
0
1
1
0
7771
0
19
2902
3091
9
1
21
5
32
0
1
4
64
1
20
1
0
0
0
1
201
12
826
0
23139
18
809
2506
2
29065
723
0
13
159
0
12
1
0
8
1
2
19
0
7
1
38
38
45
177
1
655
2
5
0
0
20
37666
874
946
14
0
0
1
3
43
7863
3164
16
3
0
0
48
0
673
391
721
1
0
1
636
13
46
9
69
1
17
160
402
320
4034
8
0
24651
47
3
0
298
3
0
0
99
22
5462
10
75
0
105
315
9
0
880
0
17
36
2
5965
0
2
49
4
603
1106
1
9
1
0
104
3742
24
285
3
0
73
6
0
12
10
79
20
1428
0
0
1
1
16
79
41
30
92
44
5
0
16
5686
687
41
50
0
2104
0
13622
1332
7
205
1
1
0
73
126
2035
15
6
120
1
2
0
60
10
1397
21
146
17
8
4325
34488
15942
205
11983
4
48
48
63
26
0
108
11
42
1
2
31
0
0
8
7
29
33
33
13
0
0
0
0
9
0
3
0
15166
14
92
8
40
2
81
11167
6700
14
5142
3
10
455
4
72
0
0
2
96
0
0
2220
2
10
29
1
1372
0
0
0
2
67
745
2
22483
175
0
13
136
1
33
0
14
132
5
21
1
5
403
5
3091
0
0
13
44
520
1
1
0
0
70
0
1
22943
0
3
0
0
0
12762
35706
1
543
0
4
0
17
0
3
17
0
5
1
1
0
0
0
1
36
4260
5916
0
1
0
951
218
2168
17933
6244
0
5
6
3
8
37
2
0
0
0
1
37
0
1
48
1
162
785
4
0
2
52
0
75
0
2
125
31
344
3
0
16236
3991
0
5
35
3
5339
1
3
0
0
4063
1584
0
995
37
1
0
0
0
0
3
21
123
0
3
131
0
0
320
165
8
76
31
0
782
1222
3
17056
719
26
277
40
5
1
0
1
0
542
702
3
0
52
735
3440
42
1625
18
44
470
740
3566
123
624
381
0
143
28
203
4
0
0
1924
938
0
0
28
19
228
9
43
8
1996
51
1
6
0
3
45
0
317
2
151
5675
16
1
0
62
1
94
2
455
0
41
2
0
0
312
0
2
3
0
5
0
6
3506
0
0
0
2
0
60
0
170
0
16759
903
41
1479
58
7
0
36
4
189
7
16
18
1142
2
4
2
0
12
0
2
59
0
229
3
10
5
113
29
18
0
0
5093
185
14009
7
5
0
5
25
0
5
1706
1
147
4
9
4
27
2239
13
172
6
3
1
0
0
0
0
0
0
0
31
0
10399
456
987
10709
59
497
7
5
10
7430
4
6
0
13
0
0
4
59
0
55
2
15
0
0
0
0
0
0
1
0
0
0
1575
107
0
0
633
0
39
684
547
124
8
201
10
10
12
2
2
0
1
2
1
0
1
0
0
31
9
13
1
17
0
0
2211
34
54
155
13278
4
11
3
3
20
0
218
0
313
4
241
923
13
40
0
0
0
0
0
0
0
0
0
0
4
0
496
11
26053
23
435
4093
18
2
0
52
2
8
30
138
54
13
0
0
430
8
0
0
59
128
0
2
0
6
0
0
218
325
1
225
2384
7
8
65
1
0
65
1
14
0
0
8
3
43
9284
1
5601
1
1056
0
0
10
0
0
67
0
366
0
22222
90
12
12216
57
4
1
10
0
91
13760
0
1
19
1
104
26
541
0
575
179
0
33
2
0
12244
131
10
29
16
1518
28
11
2
0
1379
4212
0
18909
326
46
0
2
40
0
240
6
8
172
193
585
24
1
0
83
0
352
2
351
151
0
309
26
0
2
4
0
1594
4
29
1867
22
0
62
1938
6
21
30
2
3
5
0
560
0
0
0
9
0
470
0
0
1931
3170
912
46
215
0
1
22
147
632
3
81
3629
59
238
3
473
0
16713
0
52
74
254
7
11
16
2624
2793
0
0
0
2858
0
50
0
42
3
189
21
46
2211
34
54
155
13968
3294
0
0
0
358
0
95
1
15
3
70
2649
32
25
0
0
0
0
0
0
0
0
0
0
71
0
3
163
31
1235
17
495
4
6
2
3625
2605
0
0
0
2
106
0
211
1
62
0
0
0
0
0
0
0
0
0
0
0
270
0
5828
4
32
181
2189
2237
34
426
7
5
11
5306
2028
0
1
0
383
0
420
2
33
0
7
0
0
0
0
0
0
0
0
0
3109
7226
0
154
0
366
385
876
2003
27
4
0
50
5
24
2
0
0
0
19
2
3
0
2
30
0
0
1
0
3
0
1
13261
12
4390
8
870
56
2042
107
120
1
501
0
24550
0
79
82
1
0
66
5
15
1
23
85
4057
0
153
0
1
0
390
0
147
0
2830
0
449
11507
32
370
5
1016
11
0
0
25
0
459
0
31897
0
73
361
169
8
20
18
28
155
1
2
0
0
0
38
23
0
85
487
60
708
41
1
0
42
1
24
2
17
75
0
0
228
48
1
3
0
1418
7
47
3523
3
0
62
1
0
559
10695
7
232
93
9314
1
1486
4
8
0
62
77
0
965
0
27804
0
35
18
411
9
26
23
14
14
3
4
0
0
0
89
6
10323
5
1381
777
329
674
30
456
8
6
12
35
78
6
3
0
0
0
3
14
0
489
4
5
3
9
0
0
0
0
0
163
1360
110
7
1
2
0
0
9460
0
321
0
12
2
114
1987
11
278
7
5
5
0
0
0
0
0
0
0
3
0
8
1
47
6
2188
340
292
10808
31
652
5
6
11
29
96
5
2
0
0
0
226
0
956
4
2
2
57
0
0
0
0
0
0
0
8310
141
180
466
14
0
147
0
680
3
117
2790
13
4
0
52
6
28
2
2
0
0
0
16
0
1650
1
3
0
604
0
24
28
1
23
0
21
2456
18
9
415
5
2
1367
24
42
0
0
0
308
5
1
0
7
0
339
0
519
0
12
32
63
0
15
16759
258
7
65
0
1
34
2
211
8
23
10
2812
0
0
0
0
3
172
0
19
3
75
39
39
0
0
0
0
0
0
0
4588
0
4540
142
6000
24
363
4
7
7
1
0
0
323
0
8
261
0
369
2
17
0
1
1
11
64
5
23
3
0
0
1
11649
87
2068
10
1
411
0
1260
14
978
2
0
0
2
1
9
0
76
2
2030
11
0
4
0
5
0
130
0
255
0
3
278
9407
71
11212
0
43
0
1
0
43
1
52
2
8
91
68
2
0
84
0
54
1
5
0
122
1
16
1
0
0
0
0
3
225
14908
24
2081
0
1466
1
114
76
0
122
389
184
22
219
5
63
2
4
78
25
118
11
20
14
32
55
2
1
0
0
0
14567
639
84
171
6
10
0
3
1
363
37
582
44
3
0
73
2
26
4
56
32
0
0
10
4
33
3
191
659
14
0
0
9821
5
2348
5
273
1062
27
203
0
124
6
542
114
37
13
0
1
0
53
0
106
0
257
0
10
73
31
30
60
417
0
50
11267
1001
9
64
16
21
218
23
0
1
0
0
0
0
626
0
2
2
74
19
1
4
0
80
3
41
2
0
0
0
0
0
21974
298
2944
5
88
463
9
458
10874
0
2585
0
10
0
199
3
3
1
0
0
0
50
0
116
0
30058
0
37
62
1
0
91
559
4555
9
1893
10
0
1183
61
376
2
26
0
0
30
1
1054
0
4
0
1
0
4
15
0
20805
0
2162
1
1
1
0
6
559
2627
2
21723
0
59
3
475
5
21
11
12640
0
1
448
0
99
3
14
0
134
17
2
5
0
117
4
9
2
0
0
312
559
944
3
2
682
0
4
1
0
1
6
0
10
0
8
4
0
0
0
0
43
0
145
0
116
0
3
3
310
69
1
507
0
91
1992
1
0
66
3
13
2
67
180
60
10
0
334
7
0
0
2
0
1367
0
7
9
0
229
3
1
120
18
214
1
3559
0
3765
8
42
0
29
1517
144
64
1
625
0
894
0
3
531
8
43
81
522
277
6
2
0
2
61
57
1
0
59
4
13893
68
1483
11
0
364
11
13165
45
42
147
51
0
1708
0
189
1608
7
9278
4
12
12
1170
0
5
266
3
0
7
0
27
0
11
65
174
7
36
4539
60
14
1
3154
0
570
0
7
33
126
9
79
243
0
0
1450
840
1
26
0
843
31
1995
1
127
0
0
3398
1025
6
3
666
6
5
0
44
40
70
30
0
19
0
284
1
0
0
0
1
0
599
0
0
2
1
0
0
1
0
238
118
1
12709
0
185
3
1539
3
3
135
0
0
0
0
0
61
3
0
0
0
0
0
6
30
0
0
0
0
0
121
394
7473
4054
0
61
13
158
147
1
16
2
1
422
14
1
1
0
0
573
116
0
0
0
168
1
0
0
0
74
20
1
0
1
0
91
4869
3222
20
0
2
2
23
0
4
32
84
0
112
987
4
10720
3
74
364
0
524
0
6
1
128
4
1
1
0
0
294
3932
831
4
1
22
172
2143
96
0
5
0
4061
0
1
3
269
1275
39
598
247
28
0
12
0
885
3606
392
1
0
19
0
2068
4
15826
0
80
18
43
5
1
0
2
3
3
1014
22
163
8
0
15
0
2
0
37
44
1
0
1019
1
0
1
0
0
2636
28
0
0
0
0
192
625
963
405
1
2
3
139
6
20
33
1
0
42
1
1
513
0
0
0
0
0
4324
68
3
6
20452
7073
0
55
4
685
22
6
3
3
302
56
1
0
0
1
0
0
2518
1
1
1
1
0
0
486
0
1
0
1
0
4
15907
7
26
2332
0
42
13
271
3
0
66
0
2026
2
0
0
0
0
78
0
0
0
83
1137
1455
0
1448
4
0
3
0
27
13669
1508
0
33
4
292
1
0
0
0
0
142
0
101
0
0
0
0
140
18
2
2
1
0
20
13
2
0
1
0
1
0
2168
0
135
33510
0
101
16
589
2
53
4
0
0
0
0
115
3
49
0
0
106
1254
125
6
4
1
0
4093
3
0
20
0
67
2569
1560
13
829
1832
0
2023
0
197
4
0
0
0
0
0
0
0
54
0
0
0
0
0
0
0
51
0
0
0
0
0
6551
89
5775
281
301
0
268
3289
0
11
0
0
972
0
0
27
999
16
1
0
0
1
2
34
8
61
1
0
0
1
0
0
6551
89
5775
30
1087
0
1
281
2330
0
20
0
0
1997
1
0
0
0
0
0
0
0
56
5
0
2
22
35
71
22
1
0
1379
4212
0
12162
0
13464
43
613
0
0
1
10
0
0
0
0
0
396
93
0
0
0
0
0
0
0
4664
26
0
0
0
0
6551
89
5775
2276
11
0
0
61
5
824
17
6
4
0
1
0
303
612
0
284
0
0
9
0
0
0
130
0
0
0
0
0
169
678
11043
14
0
305
2995
0
13104
0
10
13
369
0
0
0
0
0
0
0
5
19
188
0
0
0
0
0
0
0
0
19
20773
34
8200
2
314
17
26
957
0
60
13
336
42
0
2
103
662
2
5827
9
345
5
0
1
5
0
1
0
0
0
0
0
8006
8719
121
2537
0
7981
0
2191
5226
12
0
2
42
2364
25
2
5
17
2
0
5
0
4
0
0
0
0
50
0
0
0
0
169
734
7919
1
6
0
0
3
20
3727
3
4
305
606
0
14681
0
38
10
5
0
0
1
2
88
0
0
0
0
0
0
46
12105
31
1207
79
0
723
259
3173
2
18841
1
477
1491
14
0
0
182
0
1
0
0
0
0
0
0
286
0
0
0
0
0
1
440
617
0
12162
0
14647
120
512
12
28
5
2
1
0
0
0
16
0
20
6
697
0
547
0
1
47
0
0
0
0
0
1399
14383
18812
0
0
394
771
75
0
0
23
138
172
0
107
2
0
10
0
11
0
0
0
173
0
0
0
0
6
582
3
1
0
110
132
823
0
456
1257
0
147
5
36
0
26
0
29
18
1
0
25
61
0
0
5006
906
2
30
65
0
58
4
0
204
0
390
19052
6
5327
0
9
29
501
0
1096
0
1
71
2
0
0
59
3
3
6
0
0
0
3
0
0
32
0
1
0
0
0
0
91
53
148
0
445
7
0
4
0
41
0
0
0
0
0
18
0
672
0
506
964
0
1
0
0
0
1
1
0
20
33
14
11
135
6704
9
67
0
0
479
0
51
0
14282
6291
4
134
9
272
0
1056
2
0
3
0
0
0
0
4400
0
275
7774
0
267
20121
8
347
0
2909
440
0
25
5893
0
1
7261
0
5329
331
597
0
0
2
0
3808
0
271
0
2807
0
0
0
6
34
3
192
0
0
0
29
36
0
70
37
4
17
2
1616
12
158
2
1565
36
647
0
6
3
64
0
0
1
6
71
0
69
0
3
67
25
131
0
367
7
0
0
73
1
0
0
1372
26
14696
24
2784
1
198
2
0
0
0
108
424
2
0
2954
7
8
1520
0
16417
7490
848
15
169
0
16
0
0
714
3
0
5
179
1
14
6
80
3
1147
0
0
0
20
0
0
0
0
411
0
0
2767
202
138
13
0
1831
1
0
595
0
0
11
2041
704
0
64
3264
370
0
0
0
26
3
32
0
0
0
1060
5
0
2
0
177
18126
15
670
1
290
648
23
7
1
0
37
42
1
4
1
16
19
0
6
11
0
123
77
32
81
0
287
0
304
68
0
0
18126
2
0
27
34
71
0
0
0
2191
24
0
0
0
22648
0
5
10
491
404
11
1
0
0
0
0
0
0
84
77
29
139
3274
1
2
0
11522
97
4984
0
0
1
294
62
365
3286
0
0
38
9708
67
433
0
214
0
2
304
36
4
0
27
0
71
2100
8899
46
5760
7
2
8
0
0
0
2675
176
0
63
6
0
0
695
1
0
26
32
0
0
423
0
0
68
0
363
0
0
188
2622
0
32213
0
5193
2
1
866
0
33
45
0
1936
5
0
0
0
0
98
1
104
0
0
0
0
0
493
2
357
0
0
0
0
3398
964
11069
57
1304
4
0
707
0
0
0
156
0
0
0
48
1316
20
955
52
12
2
0
721
143
0
1024
6
1
4
7
7570
5
2
15
4352
0
544
608
16
411
176
65
302
0
0
2
227
0
0
42
8
3
0
0
0
13
0
0
175
105
0
0
3566
433
50
216
47
7
0
0
41
76
9
0
0
166
1
280
0
0
1
15
0
0
62
1
2
0
0
0
2
0
1
3
36291
10089
0
281
5569
4
516
367
0
0
0
1
71
0
0
57
11
11
0
0
0
205
0
5937
1
0
5
7
16
3
8
0
0
1940
1341
2
343
647
3
272
0
0
676
27
0
0
1
5
1
0
0
467
988
0
0
1
0
13
0
0
356
30
0
0
561
16
57
5760
0
315
5541
17
4343
28
2
6
0
51
1
0
0
1
13
0
609
11
1
0
0
0
68
0
0
0
124
0
0
1940
8417
9
262
21
8
3
0
654
7
0
0
297
534
0
0
531
8
0
0
1
1
0
0
123
9
0
0
28
1
0
5104
0
333
5636
20
1005
7
3
4
5
2
3
1
10
1
0
4
114
0
422
39
290
0
353
0
0
0
3
0
0
2
10
24102
7464
0
225
2577
30
791
20
320
84
0
0
1
417
0
0
18
1
0
0
0
195
0
4369
4
0
1
0
0
1
2
0
12480
82
2
0
2
1
5
0
2
1
1
1
2
0
10
0
1
0
34
0
1
0
18
0
18
7045
0
926
1631
0
320
27
752
8574
4372
0
160
1250
60
3048
542
0
0
1
709
0
295
13
3
4
5
11
6
12
10
0
13
0
0
0
36
0
91
39
14506
1598
0
16
13
2689
62
3
0
0
88
42
0
6
356
1
0
0
5
12
32
0
0
5
2
0
0
0
7
1
2
0
2286
71
233
0
595
2
235
113
915
0
34
0
0
0
119
16
0
2
65
0
1468
0
0
0
1
2
0
0
0
294
2
0
0
8204
0
0
0
0
34
366
0
177
51
64
40
0
0
0
1
29
0
0
0
0
0
62
0
0
67
0
8
0
17
0
152
1
54
0
9
271
598
381
0
0
1
41
68
0
0
0
3
1656
1
0
0
1
20
0
0
0
0
1
1
1
346
0
6234
1
844
0
153
0
1
511
202
0
0
49
36
0
0
0
36
1385
6
1
0
0
7
0
0
0
1
0
344
0
1353
884
15582
290
645
382
0
1
141
39
0
0
0
2
16
18
1
360
0
441
0
2
206
7
2115
0
1761
2
1037
65
998
0
1
0
100
172
1
3
6486
24353
3
3
0
3
0
0
4
15
0
3167
308
0
2
0
1
0
861
70
1
16
0
0
0
2
3928
2
19813
3
7200
1972
17
2
0
0
715
2
0
0
1
409
1
0
0
485
7
71
1
0
16
0
669
545
235
140
17
0
1
1
842
382
0
101
0
4978
173
0
15
45786
2
6
813
1739
0
0
0
7
1
7
30
70
0
6
0
0
3
0
0
0
0
0
11
182
4598
20
12
3
0
2
0
1
211
114
53
0
6
0
0
5640
133
0
0
0
0
0
15
55
181
0
2
4
5
27
355
107
118
0
1
387
10
0
0
3
0
2596
0
0
0
0
1
146
17
0
12
4795
46
8
1
0
86
3
90
0
0
70
0
826
0
20557
0
0
2945
0
363
0
10701
40
8
0
0
2
4
0
18
1
4
0
0
799
0
9
2033
2
1
267
0
54
19813
17
19595
0
0
497
16
25
0
5274
193
0
9
1374
0
0
17
7177
0
0
0
4
96
32
0
2824
2323
0
0
136
123
13
147
14506
1
0
11
62
0
0
296
17312
641
27
0
0
4
44
156
0
7
1
352
95
99
0
0
3
0
0
1
1459
3
0
28795
2992
4
15384
156
18
33
0
22
2
1
126
0
75
395
0
0
1
29
1
127
1
24
0
8
1
1
1
0
0
1
0
38
8
129
11686
31
0
1
1
1
1978
9
4
1
0
4
1
1
2
173
0
0
6
1
129
69
381
8
5
0
2
0
0
2775
961
821
8
0
317
107
1
7
1
0
14
0
0
0
1
1
1
0
219
1
1
124
0
1
34
0
0
102
7
0
0
9815
0
1
4426
2
15
3
1
0
14660
30
8
44
3
0
0
11628
1
1186
5
1
25
106
0
0
86
12
31
0
0
23
294
87
70
233
2
19
5
60
0
5
10
14
408
1
0
14
423
0
166
0
75
1
25
5823
0
0
7485
106
0
1
0
17
5
4808
46
1
0
2422
808
0
24
679
21
0
0
0
102
3853
0
3304
17
16
0
2
0
0
1
1
0
52
2
0
3
0
2
3775
2372
184
3
23
0
188
0
1
1
0
2
0
0
37
0
1404
0
1
0
5
24
149
1
0
13
45
0
0
5586
896
0
169
38025
2
10
208
12917
601
2
3
18
20729
9
0
0
1022
7
9968
0
0
7
950
0
2
4
651
0
684
1
0
0
133
6
87
13593
8
5
20
0
217
1380
0
0
139
72
34
0
0
1
1
1169
24
52
0
3
5
3
5
51
3
0
13
47
1
0
842
0
31
7
2
0
0
501
569
0
23816
22
22966
2418
1
14
64
254
268
2
1876
0
38
3
1
37
113
5
346
74
0
1018
11
182
1775
3005
2744
52
1732
1
34
177
1131
19
2726
2
0
295
2
83
59
0
483
376
629
22
32
2128
733
547
0
138
439
1102
22484
6
1367
0
0
0
1910
60
10872
20
38
113
1
1
0
1137
5
678
2
1368
7232
0
443
42
182
0
1
6
0
43
1
12
147
6679
0
68
2
1
136
10
22
0
0
0
47
10
0
1
2
3
0
1
0
0
4759
232
1
5
1
0
573
0
2517
0
30344
29
4489
0
1
38
0
2
7
0
26
1
22
0
32
121
1
5
7192
56
5
71
4
1
15
165
0
2
1
0
773
0
20698
12
3537
395
0
3
1
75
41
166
94
18
450
282
23
11
335
33
2
98
0
1
42
0
0
967
54
3
0
0
2
366
638
32
0
654
5859
1538
9
2
5
0
208
5
0
6
136
4
0
0
7
1
0
7088
46
0
37
194
0
3
0
2
0
2
354
363
6
6025
4249
7
0
0
0
0
0
59
3
6
142
1
0
0
4
0
869
5
0
13
0
0
0
14
0
0
101
11
13234
1
6352
51
151
293
4
0
19
92
1
1918
21
2
0
0
0
2
10
0
0
0
0
3578
2
0
0
1
0
6
346
731
67
15775
0
1766
1
7
0
0
2
142
56
0
11
0
3
124
0
1417
23
435
1
1
2
0
1
13
575
1
0
0
8
0
38
14285
2
7
3426
75
883
2
0
4611
59
20
0
0
0
13
0
92
0
132
29
68
0
1
0
0
56
82
21
1
3
2
797
2
6791
19
4
113
384
37
0
0
10
0
1750
1
110
2
3
10
1
0
0
2034
11
1
682
0
3
0
6
2057
0
0
314
76
10
11189
2
2
1
663
153
5
1
54
228
0
23
0
5
1
1164
0
43
46
4
0
4995
409
2
8
7
0
11
3
18648
1
2
1260
0
1037
406
3
301
681
0
317
14
20
5
0
2
12
0
2
2
16
1
0
1
0
40
0
1
30
0
371
36327
14
24
25
28
7612
3
0
82
73
1
26
1
0
12
0
134
3
68
0
2
7
3
0
3
845
0
0
2
0
2
0
41
3
0
33
696
0
2179
0
0
0
6
2
1
21
193
13
1
2
58
15
1
1
45
488
0
27
1
326
0
3
0
1
38317
91
470
2
0
141
0
0
434
3786
15
27
1
4
0
53
4
3
5418
5
0
5
2
0
720
2
0
0
0
3
1
3
408
0
12844
7
91
0
7562
77
0
52
9
0
0
520
63
70
144
1
0
7
94
5
0
2
6
1
31
25
1
0
0
50
38
20653
20
0
3793
44
405
11
465
96
12
0
56
23
13
0
0
3
7
0
1
26
10
470
0
0
498
23
255
0
127
636
87
15636
1058
11
1553
0
8
0
0
36
7
43
8
2055
807
122
7
0
1
0
0
0
182
0
0
0
0
0
0
0
8461
51
14653
25
3
0
3
72
5411
0
0
2
16
74
0
215
0
2
1295
0
34
6934
6
0
119
0
1
4
286
15
0
1
471
1
147
0
480
58
0
5
0
2
91
1
37
22
14
1
0
16
1
35
3700
10
36
11
0
0
0
59
0
674
1
0
23
18
11
2034
813
200
21
3773
0
0
4100
32
1038
3
1
8
8
0
13
0
25
1
6
0
0
0
0
19
1
6
0
0
0
0
320
713
0
15265
1
0
53
531
18
2
35
0
0
335
4
1
28
0
0
0
0
757
1710
7
0
1
11
146
126
0
146
45
32527
42
2
223
100
2
0
956
0
7049
0
1
353
0
945
2
0
230
4
9
32
2
15
2
0
237
1
0
27
53
0
0
12931
63
1602
0
28
4
164
1
5
3
2
1095
0
1
2112
0
1305
10
9964
0
16
33
0
360
20
0
74
0
64
1
0
5159
11
182
0
28209
20
234
359
337
47
0
0
55
5
11
619
1
0
480
0
0
26
889
31
11
16
308
1
24
0
0
2
0
1587
3
978
0
1
6301
0
5
568
37
13
3
94
4
1
0
0
3798
1712
0
1
6927
91
4
0
2703
136
360
0
7
6
8
320
984
262
14
1887
0
2
5334
2
0
713
288
21
31
26
60
1382
115
93
1873
50
13129
2584
16
0
25
147
0
1
1
4404
53
12018
122
2
24
85
0
5
1501
931
29
66
1
27
19
2555
34
1169
0
3
0
94
33
0
160
0
0
692
1515
128
14
0
154
34921
3
6
4
134
0
0
30
385
127
2578
107
88
265
49
0
286
27
0
0
545
1
0
17
2
0
0
0
0
69
0
0
16330
369
0
0
25
356
0
916
126
6
81
1
1
33
0
70
112
77
0
0
0
0
0
0
76
0
2
0
175
8
0
117
1276
45
182
139
1263
144
1
1
10
258
56
0
910
1
0
4
9
0
0
15
1002
3
1
1
0
1
109
104
165
0
3
218
13554
49
0
11
0
22
123
329
376
1
0
684
228
74
636
2
0
4
3
5
571
1
225
0
128
3
0
33
2
693
62
22
797
2
3916
835
10
3
0
0
1708
0
0
48
2362
2
2
0
64
0
9
0
0
91
4
1
6
0
1385
0
2
119
14
147
2691
2904
8585
61
423
785
96
2
1
0
3
11
21
73
198
3009
65
45
2
24
11
6
0
0
122
1
96
5671
37
53
0
0
14653
25
0
2
618
7
5003
534
1
26
169
0
0
308
0
0
0
0
0
0
4
107
536
3
1
342
10
7
23
0
381
0
320
2629
1348
223
82
469
0
17
24
0
2
0
81
13
2
118
3129
2
1
1
486
1
7
0
17
9
0
19
0
3722
12
2
8090
795
224
20
14
6
323
0
904
2
0
0
0
4268
4879
5
177
13
8
0
141
3
38
365
0
54
0
1
957
0
0
168
6
18
124
173
27
10
0
745
0
3
1
0
133
1
29
0
436
454
1
0
579
3
5
28
3
30
0
0
335
0
0
0
6
512
539
14349
37
1
5
0
0
319
1525
0
2
3359
3
0
1
2
281
4
114
1
9654
0
114
22
111
25
15
14
8
16
403
27
73
1479
185
32
3
0
1620
12026
3
1214
26
1
0
93
0
7
1
0
24
137
35
19
0
0
0
0
11
4000
3
0
5143
327
162
24
7
40
0
2100
65
9
268
1
0
5
0
4
469
1763
21
16
2
184
14
1276
13
0
1
1
14
0
0
345
11
30556
3
5
715
55
2045
11683
144
5
2
0
4
2332
0
16
0
0
26
1143
29
16
1
0
1
0
1
0
247
996
959
46
14739
3
70
0
1667
63
4
20
0
131
3068
358
65
4
30
96
0
0
2
26
255
303
0
245
21
0
3143
2236
0
693
10
1
2045
2
12
10166
0
12686
2172
0
0
9387
2
7
0
5
0
183
2
3
1201
180
2
43
24
0
3222
11
2
193
0
1
267
30
1060
51
1143
7
15
5
0
0
2
1
159
1
315
40
603
0
0
2471
481
0
59
1
3
21
31
1
230
16
7
20
6
0
6
28832
0
0
1501
5571
68
5
23
25
10
929
4
3
12
1121
1
0
3
0
31
9
1
5
121
11
9
9
1
0
6
0
9665
4707
1748
122
2
82
18
0
1023
13017
0
0
133
8
724
0
10
0
2
1
3
122
5
10
0
0
1
1
30
0
5754
3
10
46226
7
85
474
13
7110
35
202
189
9
42
86
242
4429
396
97
3
64
59
1
0
31
0
1
3
0
0
4
9552
61
1829
5380
4099
69
94
1617
2358
0
0
5593
1
43
2
5673
0
1
1
18
274
8
42
1
0
8
0
3
2
1
3
88
0
27
13
408
973
562
0
4889
3
0
15
0
29
3
70
0
1509
202
893
3
20
0
0
272
0
154
1
1
318
89
68
1
0
1
31
14754
6225
10
14
2
1
341
2431
3
1
1504
9
0
5
0
1
6
117
3
84
210
1
1
159
30
5
174
46
0
0
6
10
1587
20
2741
16
0
3
22
2704
2
0
3
0
10
0
1738
3
0
0
2
1
25
0
3
3
157
0
3
21
4
74
0
0
67
4358
3
31
120
0
1
1
0
47
8
0
56
0
0
0
4
591
78
741
49
0
695
0
0
300
2
577
4462
0
0
4
79
123
196
36
2577
12
2854
0
5
465
0
16
259
1
63
0
5
126
0
56
0
0
1491
2731
254
123
0
0
56
1
556
8
14929
57
23
6128
23
3
128
5
95
3125
71
1049
13
92
4
69
2
174
997
3
0
1306
0
20
3
3
0
2
0
471
782
6
40834
0
0
400
1
0
0
2192
0
0
2
0
0
0
0
0
77
0
0
3
6
0
2
0
0
8
0
2
172
9
32
9
408
1122
52
37
89
0
2
1
0
54
8
0
0
26
7941
16
3
55
157
4
33
0
15
121
24554
29
6
6
10
255
0
37
20114
101
40
1
8452
43
3
13
466
18
1196
0
0
2
129
338
224
48
0
1
30
0
0
127
1
30
55
114
2
0
58
0
22328
31
58
3
0
1353
0
0
4
447
2
9
1
4
3105
9
379
85
0
0
29
7887
86
1001
12
344
1
263
0
0
9
1
2030
141
3860
11
941
7
754
4
0
10
18
2952
0
2
989
36
9
1
115
7
4
1
10
0
10
2
809
0
0
347
7
1
13568
1115
1
1
236
3
5
605
11
6
10
7
24
9
0
0
2553
0
22
2
100
0
8
45
0
1
5973
0
0
0
24
5256
16
470
180
871
1407
5
4309
139
30
157
154
208
10
0
4
4
4
0
14
295
1
0
72
1
0
7
18
0
0
0
1
0
8
0
1188
7
18
0
65
5
2567
2534
16
10
262
927
0
23
0
197
0
3
15
9
147
0
50
0
1
0
0
0
0
1
17671
425
0
1770
551
14
2
776
1
17
1
47
43
4
33
3
11
0
1
0
150
0
0
0
5794
3910
1
0
19
7
393
0
753
45
18943
17
94
1428
16
7
2
0
0
11
2
0
0
518
13
534
0
0
2409
126
144
0
0
633
0
54
0
0
1
0
10
22405
14
32
0
9
1
73
0
15502
1
0
27
94
3
0
44
1969
0
0
4992
50
18
1296
4
503
12
19
13
4
5
24
7927
296
5
0
13
7
2438
0
20
0
463
2
775
0
0
76
0
0
74
2447
0
69
1
31
2
5
0
73
2
0
0
581
28588
313
0
1200
243
3
26
950
0
2
35
1
1
1
2
0
349
1
0
12
3
120
12
22
8
0
1497
43
10
17
305
0
7298
13
29393
24
0
0
53
402
5347
3
12
97
31
0
17
4
6
0
0
0
14
18
242
0
1
78
0
24
0
0
0
120
18462
25
15
83
148
3085
0
0
219
568
6
85
20
0
0
0
0
0
0
0
6209
149
313
1
30
2
0
574
2
13
0
7
320
0
259
0
12
0
27
26
0
10
0
0
0
0
18
24
100
106
11
6
11343
5
0
5
0
1
1
439
11
0
0
141
252
6
4
0
36
12
23
1917
0
0
91
0
1450
1
0
4701
92
1
3
80
0
51
98
11
1463
17
1
5
65
1
2
2
13554
124
5808
7
0
11444
101
405
4
11
14
0
206
154
43
117
161
8
2
0
515
6
0
0
296
3
0
0
0
20
205
2
21836
11
0
1
20
1
815
0
2464
5286
35
0
0
5542
5
0
5
21
376
4
14
1
5
0
129
20
56
1
406
1
0
237
320
713
2
75
1
9522
3
25934
0
1
0
95
25689
0
68
14
240
1
68
6983
1
0
13
2
11
0
0
1
6
2
406
0
1446
25
3303
1
1345
33
503
83
65
51
1
0
28
1157
0
1208
0
0
1
152
460
8
7
1294
213
563
1
4279
0
487
5
11
48567
0
385
7
1098
1
0
43
27
29
0
612
254
0
23
0
7
0
0
0
5552
2572
0
0
4012
0
10
21
12
7
0
0
0
91
4625
756
6503
58
2797
8
444
2649
1685
1
0
99
1
0
916
4
859
0
69
0
0
23
32
170
1380
0
79
0
892
0
8097
9
0
0
75
752
0
1
341
10
9
1
11
2208
0
710
108
0
222
1
0
76
0
0
33
23
45
2
3
3
16
13
11
182
4231
9
570
667
11
2787
5
7
1
270
0
0
0
0
3378
3741
0
0
0
15
22
0
0
0
27
1729
992
27
2251
0
1612
17516
0
1297
0
87
460
3
126
0
453
816
0
1
1
7
0
8
0
0
1715
3665
29
2
0
30
120
1
0
0
0
0
8136
2084
6
0
0
0
0
1
50
12
464
0
0
45
0
1928
6
0
8
0
0
641
75
7
355
3
0
1854
280
0
21
2
192
0
0
0
1256
187
27
0
0
4162
12
788
1501
0
0
2936
2050
0
21
33
2
0
0
0
94
7
0
25
1
0
0
0
4252
22
13
4013
0
18276
0
1
2413
919
0
55
1
22
0
0
0
12
394
0
26
791
0
441
12
0
0
0
0
0
0
0
6
12669
5707
340
0
68
0
13886
6
23
0
630
565
0
66
2
7
0
0
0
1252
278
0
20
0
43
586
0
47
2
122
411
69
1766
1
9
0
0
1
1
4463
509
8251
1
0
1733
1461
0
43
4
1
0
0
0
0
1
47
0
0
0
2541
189
0
8
32057
216
1190
0
26
51
85
0
0
0
37
22
0
0
0
70
0
0
137
0
27
0
5015
2
61
57
4
19
1
1
1
56
6
355
0
907
7472
4
2
0
0
38
34
0
8632
10
0
1179
5684
0
367
75
2
0
266
242
0
887
1
0
33
17
0
0
1612
11
0
138
451
2
0
1
42
10
28
0
0
5
3
0
0
0
5
0
0
1
9
0
535
39
0
0
0
0
4
1
1612
1023
75
0
1496
7
0
0
2
34
2
1
0
328
3
0
1
8
0
1
1
2
0
5
0
679
25
395
0
0
0
0
1612
11
0
0
0
38
967
0
0
714
0
3
0
2
0
6
0
10
0
31
2
0
0
0
0
2
23
0
0
0
0
1
3421
2
0
33
0
52
62
0
0
0
0
0
7
60
0
26590
0
65
0
0
1
56
0
0
0
0
0
0
0
19
0
417
1306
4438
25
0
2
55
75
0
0
0
13
1204
5
1
0
0
73
0
0
0
1
0
26
10
1
351
0
773
0
2
79
1855
4
7521
7393
3775
1
1
43
2
0
0
175
27
0
13
816
2
0
0
30
10
74
0
0
10
4
0
0
0
9
0
2
1
2286
71
6329
0
3
0
0
0
120
45
0
3
34
0
1041
0
0
0
0
5
0
0
0
578
1
0
4
34
0
0
1
2
1035
136
0
6
37
5
68
0
0
0
1
45
37
1
0
0
1
133
0
0
54
0
5
0
2
1
11
0
28
0
27
2
839
184
0
0
1
43
44
0
0
0
2
1064
2
0
0
1
16
0
0
0
0
1
1
0
5
0
3
711
10
0
0
0
1612
11
0
0
0
0
0
50
389
0
298
16
25
0
0
0
1
13
0
0
0
0
17
554
2
0
0
0
1
0
0
0
1612
1023
548
2
22
1
45
3
2
1
0
1
110
0
238
3
4
4912
4
121
1006
28
1863
2
4
6289
3
141
0
257
0
124
163
13008
1
196
0
254
0
79
112
166
1098
273
16
459
443
9
248
220
159
0
0
89
17
0
0
0
3
7
21
1
417
0
6294
3
866
34
8324
3
0
16
1518
9
216
3191
0
0
139
50194
50216
60
4468
7
0
1781
0
0
0
48059
48605
0
851
0
0
50
3998
154
0
225
20
1017
21
884
144
50180
50220
42
3339
0
16
3
497
0
49
0
1
0
1111
0
47514
44892
0
209
17987
238
17
1
7393
0
80
22
619
6
50
45
50114
50198
55
5223
24718
0
1
1
3
0
2153
0
249
129
0
45462
43333
0
2376
0
0
2
0
597
8037
694
50173
184
2931
4464
1791
185
5
3
0
84
8
654
6
17
2
7593
1
36
0
11
47802
0
0
1
16
3
0
2
27
308
169
1082
47
30
0
1630
19
162
2
1
39
3
3
0
0
0
1
14
172
0
27
0
0
1437
13
2303
0
0
0
42
267
7
12859
7241
1
1
16
4
12
0
0
3
2174
552
0
57
0
0
115
3578
81
29
62
0
0
0
0
0
0
0
0
0
0
0
169
31
1173
199
28
2
10240
26
50061
50196
79
719
4362
0
1
12
1534
784
0
193
2
7
27
0
12
0
1
7245
0
40
0
9
155
134
59
160
1198
489
0
45
0
172
10223
0
177
2
11
13879
1
159
92
50206
50210
0
16295
5
0
1137
0
11
1
46248
0
486
4609
11682
16
5
18073
7
8
18
59
50170
50226
197
53
200
8
3
93
6
1
1
119
278
2
10
0
2
0
363
333
0
0
0
163
27540
0
212
1
1
14781
6
109
31
50205
50222
86
82
115
22
1
879
0
55
802
4
9
0
2
0
420
115
0
2
11
19
6763
20577
18
3
9526
86
50167
50217
46534
114
11755
3
0
35
4
27
36
687
0
157
287
0
0
0
72
4
0
0
0
427
208
1
6839
5
473
4
1
0
10
33
4
989
1320
246
100
97
0
0
0
0
0
0
0
0
0
0
0
0
0
0
50
72
4
336
559
2327
347
8
8992
491
0
8
1796
1355
3
25
118
1382
0
38
48
1
0
2
11868
0
961
0
120
50178
15
379
2
503
0
176
163
49523
2
1003
1
1
0
7
9
0
78
0
0
0
0
93
0
348
196
0
8
14572
0
698
238
50213
0
813
4
0
0
0
69
13650
3
297
630
21
1
13778
1
251
3288
412
48
51
17
905
3
254
1713
48
21738
237
0
11
1059
1075
2
9
35
218
0
48
440
784
4
0
13572
8
25
6
62
50171
9
238
1
809
0
1
38
205
82
0
0
0
1
3
2
16
0
2
27
1
0
43
17
1718
50141
50193
443
207
3753
66
189
115
6
19
11
0
0
406
2
19
0
0
0
0
0
0
0
219
0
13
114
0
23
9
2993
44
3461
0
50176
50016
17
99
6932
234
120
158
0
1
0
0
8
3828
1
41
0
1
0
0
0
0
0
343
0
39
93
0
0
34
216
242
46
0
0
342
0
2
0
397
50131
31
18
50
1
102
0
610
22
0
0
0
0
0
0
0
0
0
0
451
225
181
121
147
1
31
158
18
3242
0
0
8
2
0
0
83
50031
1
58
38
1
726
14
9
0
0
0
0
0
0
0
0
9774
2
2342
4
6
354
50
7
1591
75
0
383
394
203
2
0
0
0
0
0
0
0
0
0
0
0
0
82
565
11
0
1
4
1699
46
1
0
0
0
0
0
0
0
0
0
0
0
0
0
0
0
0
0
96
3
1
10
58
819
3
1087
29
3
5867
1612
11
0
0
0
0
0
0
0
0
0
0
0
0
0
118
70
172
235
4
1550
92
10
4705
7
0
0
0
0
0
0
0
1612
11
0
57
190
313
6
859
39
2
0
286
1
0
10
44
27
5
1
1
0
0
3
2
0
867
7
2
0
15
20
1
5659
53
1238
1
334
431
1
8
12
34
50101
15
615
1159
3
1
2
0
4034
0
490
0
46169
0
2022
3
318
0
10
0
0
0
163
25885
2
116
5
30
323
10
7
6
1
0
630
63
1
0
27306
89
50081
13
45864
12
1698
516
1
43
124
4
30
119
15
51
169
10158
57
0
238
8729
1
2
2
18
0
4
3
937
0
1
80
50206
41
47642
11
4499
232
0
6
15
9
1
0
6
414
0
69
7442
6
74
0
23
1
399
1
5
1
426
1
49418
284
50183
3
3924
1179
3
55
2
21
10
0
0
1
2035
2
1
0
11
20
314
130
294
2
44
2
330
198
75
50195
50144
54
50150
2
1079
66
418
1
2
0
8111
2
16
50195
2
47206
0
2560
5
0
6490
5485
97
49072
5
47902
178
570
469
0
1345
39
0
11545
1
53
2
11230
10186
318
111
0
306
89
743
0
0
1
57
996
1237
0
1
390
142
6352
6
2080
64
101
2
0
20
10
1046
5
0
264
0
0
0
18
1
4
0
1776
467
36
0
2
0
14
158
54
0
163
2839
12
5383
11
371
1331
2
3
0
4
1
31
0
0
0
13
0
0
2
11
42
0
0
0
1
4
0
0
0
0
0
20261
5
9254
20
57
1
0
0
6
0
11
0
6
0
1
1
1
0
0
1
0
1
0
63
0
0
0
0
0
0
2
0
1612
264
1162
2
1
1
0
6717
145
0
1
1
2
0
204
0
1
1
111
650
32
0
20
1
61
0
11
38
0
2
16
6
147
71
203
0
2
0
28
3
2461
13725
1943
9
2
0
7
2
0
0
58
1
17
0
56
2
1
2
0
0
15
3
1
2
100
330
682
0
12
0
7531
158
0
0
0
0
1
1
13
1
0
4
0
17
168
344
0
26
0
0
8
234
0
0
0
3
147
0
169
0
1472
3897
1
0
0
1
283
1618
0
0
1922
18682
7
3
1
0
126
13
0
150
8127
6
24
2
0
3
7
223
1573
0
1
0
0
6539
48
0
4
1
2300
4
13
3
0
0
3
4
10226
98
2
6
182
873
456
830
0
0
0
13
0
0
26866
0
0
2381
1635
97
245
1431
521
16
21
980
866
513
0
3
11
103
0
18
21
1
1
11067
106
0
5
4393
21
231
0
0
169
45
7
73
1062
9
0
19
21
0
0
44
1
0
1
0
0
546
1019
0
8
15
0
1
4
92
360
0
1
7
0
0
163
17951
3
0
0
0
7
11
1059
504
198
0
0
0
0
1423
2
3
0
37
0
0
45
21
1
782
8
0
0
0
0
13
261
116
572
45
0
1
1
12619
4125
0
1
29
0
0
10
1015
0
3
1
47
1
0
29
18
9
1628
2
954
0
0
6
0
1243
128
1
491
158
0
7
132
1584
150
128
0
0
0
21
11
4
2
346
2
0
5
2
0
0
4604
252
1
0
1
0
29
994
16
3689
0
0
146
167
3240
36
55
1063
0
0
304
14
1
0
46
9
1
0
0
0
9
68
401
1
1
0
0
3457
164
2045
2
487
3747
2
720
3
7371
0
0
0
12
177
0
9
1
22
0
0
3
0
95
135
0
0
29
20
0
0
4466
10
36
3335
272
517
144
0
1346
23128
0
1133
10
1670
130
1
0
67
1
78
1
49
0
106
0
1
0
54
321
0
0
0
0
17
39
22096
1681
535
4
236
1467
0
7
0
1851
112
0
8
3
7
0
0
2
87
1
37
5585
0
121
708
70
194
161
2
1
12
5
994
2427
0
3975
5
1043
1
0
21001
516
1
64
173
10
155
2
0
0
1
17
20
54
1
1
98
0
1
13
110
3
4
1
4220
70
59
410
0
10023
13
10
23
0
1
9
1753
252
0
68
0
67
444
0
693
10
2
0
18
44
0
0
109
0
16
507
8661
1
7401
56
8
70
40
5
0
72
1
0
571
249
0
7
5
252
0
11910
260
17
0
3
11
0
5
15
57
667
91
201
1128
1899
131
6038
988
10901
35
351
5
0
913
55
0
0
1938
558
2
0
1
7
120
0
0
24
18
45
76
2
0
78
0
0
160
1
845
0
0
1
0
0
2187
17
1
3232
2
272
0
69
4
4076
6
0
6075
565
21
2053
82
25
47
0
2
52
0
1
1748
35
3492
1
0
4633
2
1890
93
37
126
0
0
22
758
7704
17
0
6
1
4
1
13
86
1
24
15
2
1
29
34
4
13233
482
317
29
45
0
11879
746
3
8826
1
1
7
15267
0
0
0
0
228
0
0
5702
1
0
0
0
69
1
8
32
0
29
29156
1927
1
14
0
0
0
0
0
35
0
1248
450
0
23514
91
48
331
30
5
3
0
0
3
384
0
0
0
30
0
1
0
13757
1147
7342
7
4
50
8
9847
216
2
3
37
1
0
1
254
1
0
0
0
967
90
0
0
0
1
5
0
25
72
3
0
163
361
49
2703
131
93
0
192
1813
458
0
11
0
0
7
3
2
0
181
0
1
17
78
0
6
0
0
0
0
5
0
0
8511
0
0
0
0
1947
27
785
1743
2
2
0
0
0
3055
4313
7
0
0
636
14
0
2
0
366
0
0
17623
102
0
0
1
274
434
65
0
3
2
12
4
14827
321
0
0
6
25
0
2
0
0
0
0
2
8
0
312
4
0
60
0
0
3204
1
46
12877
6498
5622
0
9
0
0
1
5
1
31
2
45
0
4
13
0
2
11
1
12
0
8
0
0
4175
120
0
3
0
38
5
8518
131
158
1253
17
82
0
0
149
10
0
17
49
4
4832
678
0
2
2
10
1
4
15
2
0
0
90
0
2
0
0
0
3424
692
211
0
1
4
0
87
1
0
0
45
0
45
21
2
2690
96
0
0
91
0
564
0
33
0
0
1
7
0
7609
810
14723
3601
9180
10340
1
1345
2001
1
354
0
3
1
26
4
0
0
1
482
9
2
31
9
0
0
0
116
299
1
1
0
1
357
26212
8599
3
106
4
0
887
2709
1989
0
4
3396
7650
1
4
34
3
48
0
2
585
0
336
6
267
6
75
0
6
2
0
0
811
0
0
2684
0
43
5
0
6332
1
0
0
3
26
0
36
193
1
139
0
14
8
50
8
4
219
4
4
1
0
0
0
8139
1
3284
411
2
0
1
0
58
0
2
0
0
121
101
0
5
0
0
0
1
30
14
0
4
7
369
6
2893
67
1
260
29584
4
4
0
22
3
1
45
5
3
8
0
365
0
1
5
3
11
34
7
6
3887
423
2
25
14
3
2
16
16
1
0
11179
0
0
133
41
1
25
0
1
34
0
5
0
6003
290
0
6
0
183
0
16
58
0
2
0
186
5
31
0
0
37
1
38
4
11
102
0
5758
15
0
8177
1
0
1
0
0
1
1
21
61
383
2
2
0
0
0
0
2888
6306
0
0
1018
2448
3
2532
6
5407
12664
0
511
8
0
100
1
4625
0
0
1
1
209
0
0
8
1
798
0
1
53
0
1
9
0
0
0
0
0
12180
1577
0
617
52
4872
303
0
0
61
5
0
0
1
27
1
1
2
48
0
1
396
0
0
37
4
12
456
0
6
1
0
5104
182
1951
2
8
1
1247
0
0
45
7
0
3171
6256
292
0
312
6
444
2
0
1
14
0
1
0
18
1925
1
2
2
3
320
12851
1771
0
390
8
269
3
2
0
2
0
80
3
7
1
44
0
0
3
10
0
0
0
0
1
1
0
0
3
12
0
147
5044
559
3853
24
12
296
26
0
173
0
0
4
2
1
6
7
9
35
1
0
0
5
1
17
0
0
0
2455
96
0
4
17178
11002
92
0
560
37
0
2
1
2
2713
84
2
0
900
7
0
1938
10
2
0
0
0
2
50
0
0
0
1
13
0
2
40309
3
1
919
0
0
204
14908
4
0
62
2
0
0
1
535
167
0
2
0
4
16
0
11
0
0
16
8
16
6198
0
0
936
5441
2613
57
11
11778
1076
125
15
1
268
61
0
0
29969
1
9
602
0
3
0
0
19
15
1
0
218
18176
114
630
68
15
160
4462
2
5
1
654
79
0
1
50
1
32
0
2
14
1
1
5
277
0
5
4
1
160
48
4
1
3279
485
200
57
3662
135
1851
1200
34
14
61
0
0
3622
2826
68
28
1
1
214
10286
4
1
59
380
1
0
785
0
711
2
146
0
12
0
0
414
11044
0
187
0
0
12682
110
5
0
50
9
3
0
0
31
0
12
2
168
7
1
34
358
1
0
23
0
26
251
747
215
3
7248
542
64
738
0
3114
28
60
2
0
2907
0
0
4747
0
191
83
15
1843
8
23
0
931
2584
0
1
0
0
18773
4122
26
66
2692
145
1306
80
3113
1318
22
106
0
0
0
1
0
0
0
114
134
0
6
1
0
23
2028
1
1315
84
9
3
27
7
57
0
160
184
21
2820
2
49
0
6
1
5
23
7
0
13
1
10
3
0
240
0
29
2
0
1
4
0
23
4639
4233
1
23
2
87
61
0
6340
5
23
20
165
12
0
0
214
6
1
281
5
0
3
10
3
33
0
0
0
0
0
0
2541
538
26
0
0
0
3398
3205
3
5003
4
5796
0
0
0
3
67
10
1
0
0
6
0
9
3795
0
1
0
1406
3
723
20
45
0
1
3
436
3566
6524
0
7861
4
13
1
0
39
3
0
0
827
68
37
0
0
1
0
455
1033
0
30
7
5
1248
2078
464
0
20
59
0
390
959
2
7237
7
8
564
2843
24
47
20084
6
7
0
0
1
0
6
1
1
1
2
78
17755
0
0
2
0
0
12
2
0
19
1206
800
3
8707
1113
11348
8
12
2687
1
1349
205
0
103
227
4
8
0
0
153
3
1
208
9
15
2
0
4
23
2
22
21350
2772
0
0
11
0
0
0
0
1016
4
0
451
1048
1
361
126
215
6
3
2
231
1
44
0
0
0
0
197
9
487
148
225
31
394
1
8
3089
1
3
0
0
0
0
1
2
0
0
6
126
656
1
0
7
117
66
6422
18
4
267
0
0
3
6
4178
111
10
3
150
33
8608
27
3
182
0
3
1
4
20
1
281
2
2669
2
158
1
13
3
101
4
36
43
2
29
10
9
0
992
17
0
50
107
1
29
5
0
436
25
73
13
17
0
44
64
1
1
0
0
0
0
0
28
130
9
17
19
0
2
1612
11
0
0
0
0
0
0
0
0
137
1493
763
6
13
2
1
0
0
0
0
0
0
0
0
0
0
0
10
44
10
2
163
21
0
4
59
1
81
3
0
393
1221
432
0
14
915
3
28
0
0
2
9
4
34
24
442
9
0
0
7
304
0
5
329
301
339
22
104
10
3
4
37
0
1
401
3
96
7
0
397
1973
18
0
5
34
62
0
34
5
0
1
0
0
21
28
374
2523
15
32
0
13983
331
0
27
2
0
3
1
4
41
1
1
349
4
241
9
2
580
56
5
108
0
2
46
4209
0
0
5495
189
89
573
7
43
0
101
19648
0
2
3
39
0
1
301
4
259
8
2
515
1031
0
0
9
378
6
10
0
0
5
1
3566
5773
27
0
1
119
108
0
0
8
1064
573
2
0
0
0
4
2
77
1
1
100
10
504
4
1
142
2789
17
5
977
1
4375
41
21705
102
2
28
476
21
0
5406
301
381
3
2
0
4
2
56
1
1
104
8
900
4
1
87
561
8
37
1559
2
11
12013
19613
40
4
239
392
4
0
0
0
7385
15
2
57
0
0
0
4
1
57
1
1
44
6
583
4
1
97
95
69
848
46
5104
94
4
111
966
38
3
1
103
33
1781
47
10
4
0
0
3
2
47
1
1
108
5
375
3
1
114
634
0
0
1
0
4967
0
7471
339
142
373
9
968
247
1
4
0
3
2
362
1
0
94
2284
1
0
0
951
2664
2
5
0
3
3
0
0
0
3566
18
1
173
529
2
0
353
25
6
1
1
53
0
1
3
1
1454
0
1
59
24
2
35
0
0
0
14
0
0
0
104
12859
10436
0
1
22299
254
491
0
1
4
0
0
308
30
52
0
2
2
0
270
551
11
0
1
4
12
274
0
5
2
0
0
3362
1105
0
5175
12120
137
41
1973
10
45
0
87
683
1
24
0
0
7
5
154
3
0
3
1
3
58
0
0
2532
408
2
4
10562
10
3738
1929
933
1
34
3
2074
69
0
8
0
0
890
3
146
1308
20
1
1
116
0
9
88
58
1
0
13
187
0
0
320
241
1
958
147
21848
582
2
0
80
5
2
0
66
1340
195
1
1
42
1
719
37
140
364
4
5
74
7
0
7
46
95
8993
18019
753
4
0
8
0
6
6630
2
118
9
14
78
2
174
2
0
0
2
0
0
0
1
0
3394
4
0
708
479
3
1380
6
61
28
295
1
0
7
0
1392
1
0
2378
0
918
407
0
0
524
0
19
0
12
0
20
8
6
1
153
135
73
0
18
320
12851
3857
213
4
41
1
0
1
0
2
272
324
0
0
2
0
0
1
1
0
27
99
0
34
0
17
0
0
56
3
12
5104
103
0
404
6
49
5
0
13
3
0
0
0
0
2
86
426
0
20
25
0
0
4
43
0
35
77
407
0
7
0
6
87
19820
73
0
1755
0
0
92
835
3
3774
51
3330
0
2
21
4
0
0
0
2
2
0
1
74
1238
90
5
3
339
9
0
320
13048
89
1
53
0
0
6
7
47
3190
0
0
98
15577
4161
0
0
372
1270
0
2
0
1
0
2
0
0
16
4
0
0
41838
0
228
10
13
16152
1
31
0
0
85
2
85
73
7
444
0
0
20699
19
1
0
2624
0
12
0
37
17
4
2
0
2357
2374
24959
0
1
1195
1
0
624
28
0
0
1131
123
15
0
7857
2
2
0
8
3
623
210
0
0
0
1309
0
0
0
33
54
11688
1
0
4
2416
0
0
15453
61
253
0
82
1
250
5
372
0
0
4
264
3
0
4
0
78
2
4
353
2433
24
3
32
27029
191
4
1593
5
1
1
201
0
86
1
1
790
11
243
0
150
0
4
0
4
718
509
2
22
2624
243
43
84
12
121
1
2650
9
98
537
5834
1
12
3
0
3
0
0
0
0
0
1
124
633
1
4
0
0
0
0
0
0
24499
5
0
0
0
0
169
31
90
0
0
260
54
602
0
10
1
0
11562
7
0
0
0
0
0
1322
33
470
74
430
2
2
288
22
1
0
0
48
23937
2
76
3145
135
7
29
4
530
0
6
1
287
239
0
58
0
0
8
0
0
1
0
0
77
586
139
18413
58
360
33
423
5104
312
651
0
60
1
0
45
0
0
0
0
0
1
23
252
21
1461
265
68
32
0
538
1
0
133
7313
194
183
446
2
2
163
6550
46
7
14
1
435
0
8
1
226
410
0
75
0
0
10
0
0
0
0
0
176
435
94
7276
593
27
321
1
6
0
169
183
6
0
909
150
0
3
0
0
101
76
13
443
26
42
42
0
479
1
0
297
2899
4
208
1109
1825
0
3
3
4109
19
158
1052
8
465
0
0
54
416
294
0
45
0
0
9
0
0
0
0
0
251
404
101
517
34
0
10
143
0
4
1
0
0
125
25
3
2445
61
0
4
0
0
94
32
28
22
26
35
55
40
0
569
1
2
183
2723
4
209
850
1702
0
1
2
4639
8
158
1052
8
465
0
0
54
416
294
0
45
0
0
9
0
0
0
0
0
350
348
108
15700
68
1176
676
149
2
1
0
0
0
10562
10
631
245
0
220
0
0
235
34
31
6049
16
90
25
0
11
2
1
1
239
7061
186
175
753
18
0
2
2471
10
7
10
13107
7253
1
1
27
397
1217
1
31
0
0
9
0
0
0
0
0
391
191
147
2952
33
496
6
5
0
0
0
0
0
1
0
169
183
6
0
1254
92
11
2416
54
21
18
0
0
51
1
0
235
3240
4
250
932
1756
0
0
3
4372
20
6
15
3
300
0
0
992
599
307
0
74
0
0
9
0
0
0
0
0
1364
146
372
15977
64
59
17
31
214
639
5
4
0
0
0
0
0
2
5302
0
418
0
0
1979
54
10
3736
16
4
17
0
3
22
1
0
140
6438
234
272
693
3
2
1
2509
18
10
9
2
165
0
0
992
1520
0
0
367
16244
1
1
0
1401
3822
2
1
0
10
3080
0
0
1209
311
0
2020
1129
16
8755
1
0
1
332
1
1
1312
61
2135
0
1412
640
2198
21
0
21
5414
0
2
6
0
0
1
33
2
19
116
0
0
0
46
3
0
2
2461
2
0
0
5057
0
1
2
37
0
2
15835
144
93
5
0
2
0
2
102
108
0
0
1
1
175
2
5
0
10
4
2
0
69
56
9
4498
2618
21
4
43
5
15
0
162
0
0
35
35
337
5
0
4
9
0
6
8
3
0
91
467
4
11
4
0
105
1
56
12017
2813
0
407
275
4
0
0
1818
12950
7
29
51
0
1
5
12
0
0
29
0
62
0
63
0
124
3
0
0
11116
1
0
185
2194
7372
15
1
747
5
20
2
0
0
230
859
1
2260
2
0
6
2
0
5
0
0
17
0
18
26
48
3
0
0
3
147
0
14951
874
0
0
694
2
217
344
1
1
25
236
0
0
0
13
1
152
1
9
0
0
12
1
3
1
0
173
1
0
11626
11
228
6
82
0
4
5
236
0
234
0
145
1
0
5
3
0
2
1484
0
6
11134
2
0
303
1342
0
24
0
497
24
507
0
9
834
18
494
0
68
1
10
0
24919
122
3
0
0
0
1125
341
318
1
0
143
1344
607
174
4
17
0
1
2
218
12265
18863
12
2
64
665
1
217
0
1
1089
0
4
36
0
1
0
1429
418
167
1
425
557
525
1878
4
6
2
0
0
1577
38
87
12132
323
9
1047
1
1
18
138
3
8
8
0
0
0
1
8
284
3
1
9
3
160
3
51
0
32
21
4
0
0
0
0
1810
149
3729
24
171
130
31
6
283
0
0
0
273
244
0
1533
0
3
0
2
17
0
0
18
5
4
5747
226
4
0
2
4220
348
1403
4805
2
31
17
30
0
1
1
1
0
29
83
359
5
2
25
411
0
86
0
0
0
94
7
13
0
390
1230
3
969
9341
3
0
0
1
1042
0
458
3
0
4
6079
758
0
1
0
0
60
15
11
0
0
0
0
68
0
0
2
1068
0
3703
10857
8904
0
0
407
5443
5
0
0
1234
3340
3
0
0
8
7847
1
0
697
177
1
3
8687
3
1872
28
8
41
3
3
18
35
4259
12
40
17
151
1
0
3
0
312
2
0
194
6878
0
1
1251
0
0
0
0
0
85
0
0
1
58
0
1469
757
2
137
154
745
3806
840
1
0
6384
0
1
81
18607
7
0
0
0
3
0
2
0
11
0
3
0
0
6
0
0
1
0
4
5
1
638
24165
57
1
13919
0
466
1586
0
0
0
0
392
8
1
0
82
1
1
0
0
3
19
1
11
1
4721
1
3
0
87
0
4517
1
182
5
2
144
1
9
25
1
229
0
6203
1
2
54
647
85
0
0
23
1
906
0
0
0
6
301
1
0
1
1908
419
12638
257
4493
5
0
0
1306
2491
8
0
0
2
69
0
0
4
0
133
0
0
0
0
0
74
0
733
6
506
0
15
0
19178
7
196
0
0
0
0
3
1
0
0
1151
2
52
5
97
0
2
145
3
0
3
0
0
4
0
166
213
3
8
0
0
29156
0
262
91
3
188
18056
34
2
0
2
0
2
1
14
43
0
1
0
1
1
30
1
137
0
1
20
1
0
1
950
124
10560
23
1174
399
34
0
1167
21342
3
1
5308
117
29
0
5423
481
0
0
8
275
6
3
0
0
1
0
0
732
0
0
0
0
4375
41
21705
160
448
0
1
29
80
95
2
0
11512
0
2
11
50
39
0
0
2
5
660
1
64
60
321
7
2
21
3
156
17233
4
274
41
1
0
1434
10
69
0
2510
0
2816
287
219
278
20
69
2
0
1
6
5
9
26
41
3
0
1632
92
0
2
5104
202
4546
1
816
6
0
0
12396
952
1
0
4
12
0
0
6
13
1
0
0
3
0
1
53
5
2
901
1
2
245
6
7469
7
17
1644
2
1026
143
0
567
5
0
0
0
16
6
6
7170
2
15
4
0
4
0
0
0
1
9
0
15
0
0
0
6
23638
0
3650
0
73
0
0
6
0
3
139
227
30
0
0
54
0
2
0
0
4
1
18958
37
5
0
5
0
36
0
842
5057
4
0
17
24
0
25399
1984
11
17
2434
0
0
6
1
0
0
0
1
15
1
143
263
1
1
428
1
0
5588
27
5
657
5897
428
878
7
186
0
0
4
0
3528
1550
13
43
459
16
1
0
0
8
118
0
2
0
33
1
2
0
50
77
0
118
0
12859
5737
1
403
8
3
0
6
27
156
0
1
12
6
1
1
13
0
2
0
1
0
2668
8974
694
77
2
11
850
0
26
2
329
38192
0
23
11877
0
102
93
19
2
0
17
1
0
0
6803
55
15
0
2
0
5
1
100
1
0
171
241
0
0
17
199
10314
3765
859
0
116
140
1
0
30307
0
1
3736
69
0
0
6
2134
5
0
5
139
0
0
4
7
17
20
8
2
51
0
336
9260
5043
3
126
33
1
1966
36
0
2
63
3
1
1199
1
14
0
253
4
0
4210
1840
0
9
372
39
7
0
2
1
714
5
847
1
83
8
1
1
5
0
4
0
0
119
10
5
108
0
4
219
9
7
0
92
9
0
3
17
2
40
1704
0
108
23
38
7266
1082
83
0
0
1
132
13
1692
3134
8
538
12
0
397
3
3086
3
1
0
36
254
0
0
577
111
0
16
3
116
6
226
137
0
1
4471
14
189
28
4
88
4
0
52
0
0
13
0
2
2
193
1
0
296
11
432
0
0
113
820
6
2
1
603
8
10242
19
130
1
1
0
3210
0
0
4537
2
1
0
5
66
0
32
24
1
0
78
0
1
0
55
5988
3185
0
26
1024
9443
46450
2547
240
0
9
172
0
527
7
180
0
388
9
3
13
0
0
48
1
27
8915
396
2
0
110
0
18381
0
1974
7
0
26748
0
0
0
0
17825
9
9
0
54
15
640
0
0
3
15
0
2
2474
0
16
746
899
0
784
66
0
13
50
498
0
1848
20257
405
130
24589
0
426
485
1
1
68
26
1
4172
3
51
0
32
12
2
0
0
9
8
143
2
15
0
1
317
2
2415
18
1060
14507
0
228
0
2
0
1196
1739
10
290
0
428
30
0
1
8
149
2
0
194
75
1
27
29
651
3084
0
0
16
1
3
11200
2249
1
964
0
0
4159
486
2
0
2
2
1
0
9
1
2
2148
2816
18
535
2
58
0
69
102
31
0
0
12
663
0
29584
1580
9
0
981
85
0
2
1459
0
0
0
123
1757
7
19
0
1
150
1
4354
13
0
50
43039
8588
0
1
60
12
176
0
1887
40
77
210
0
96
0
0
0
0
0
0
0
962
2468
1
8
49
63
0
2755
0
0
17573
1
17
0
295
3
0
6
0
17113
32295
2
9
7111
3334
17
47
1
2935
0
1
4
300
19
0
1
26
3
59
6
0
627
3
3
1
1
21
16
0
6
0
14089
140
180
3716
0
15
17
68
1
122
43
0
60
7
148
6
4
19
2000
526
12
58
36356
1582
85
0
0
0
9
146
0
11
13757
404
0
8518
5
90
5
57
8
788
0
3
0
2
32
4
0
2
3
32
0
46
287
0
4
6
0
682
0
29
3
1
6
0
0
41
4313
470
0
174
1
847
0
0
0
171
4926
0
0
0
1348
333
1
5079
0
45
1202
0
0
21
8
0
1
258
8128
870
108
0
1502
1
0
306
2
9168
10
3
0
27121
86
2
0
1270
4
9
0
0
22
1
9
0
17934
918
1
5
0
2
4238
3875
0
0
58
10153
1
3
10
9
0
222
0
0
16787
355
1
3
0
32
8
1
56
0
0
4
0
201
1
0
7
217
11
428
237
30041
80
0
840
1040
2
5
1
3
0
38
22
0
0
0
0
0
0
0
0
10
1
27
0
1388
0
1
39
56
6862
4271
4133
19556
0
36
39
4
34
2419
2470
0
0
148
0
17
2
0
16
2421
0
0
47
1
222
1
9
3
0
6
346
5
5104
21266
2
670
2
2
14
1290
3890
4
0
85
1
20
0
1
8
223
0
13
2
0
669
2
2
17
0
22
1
653
0
0
41567
8
43
0
1
6033
0
182
3
0
40
4
7
48
0
7
0
14
1
0
0
0
2
10371
989
0
9
0
0
1
0
374
147
2838
103
4225
12671
174
0
0
62
0
20
0
117
0
23
0
9
0
0
14
90
57
0
18
3
0
8
297
10
8
0
50
12859
7975
5
4
4636
0
31463
1
3
1134
91
0
6
0
27
2
5
28
28
24
0
2
104
1
231
0
0
3
2
0
2
0
87
2111
25
324
2
0
49
63
0
3
1
3
0
0
370
30630
68
15
604
0
14
1
8
48
614
18
1177
2
37
0
145
23
18319
19192
988
11403
19
27
1186
5
250
72
0
42
1025
1
10
121
10
0
0
496
1
2
402
1
0
18
0
14
0
0
160
0
998
76
939
0
2278
234
5591
13
397
28
1
0
6978
67
2
0
1
253
44
4169
1
9
1998
41
0
0
1
4
20
0
15
205
13372
134
135
2718
93
4333
7
169
0
2010
3
27
13
0
7961
506
0
0
0
2
1
45
81
317
0
2
0
64
49
312
4
0
147
6110
5701
7
0
1123
3
16
41
146
291
1079
0
21
0
1
0
169
14
0
663
28
0
2
0
16
59
7
1712
196
1
0
35264
6
505
2
2822
403
1
15
12
470
10
0
0
0
9
7
1
0
0
7
33
0
0
20
114
1
0
0
0
0
16
11
797
1397
1
0
40
256
15
0
18
0
7910
123
0
0
1
63
0
73
26
1
1
0
24
0
1
0
6
1
8
276
2
1
1243
2
134
4
8
0
0
1017
23
3
36
0
342
0
4
0
4
6
0
16637
1314
19
0
0
28
20
2
12
0
0
1
43
44158
1
0
324
0
0
0
167
4
14
2
6
0
2206
1
1
428
0
0
1
70
0
10
509
0
2
26
60
1434
9
4
1
320
8050
1378
0
0
0
0
310
0
18
1280
1
70
0
3
1
0
0
113
29
4
0
0
0
461
0
0
3
0
2
0
1
12859
5359
4
88
67
6
2
163
1
45
50
0
3
95
1
0
0
0
0
0
39
1093
0
127
0
0
0
0
2
0
35
0
1664
245
20979
35
177
0
3
1
0
3
5
3
12
0
13
0
0
4700
1
2
6
121
88
1503
433
22
3
0
1
1
0
6
147
42
6407
2164
3
0
15
0
0
0
161
12
0
8930
150
2
0
8
354
0
0
1
6
1
911
0
99
289
0
0
0
12
185
2233
287
14
0
106
8
35
2
301
1
695
0
1047
47
1
2052
46
0
7
7
164
1
0
66
76
125
31
0
0
22
16
797
961
0
17
59
0
1
1
527
0
1
1176
0
0
0
0
8880
2
23
142
1
114
17
0
0
15
3
0
0
0
2
1
320
44
1
2369
18
39
1
0
11
960
8
0
0
0
0
6
0
61
1
1978
0
2
0
0
0
0
0
114
0
454
1
2
87
48
1
325
0
26
0
0
21
33
0
604
29
0
492
7594
144
0
0
0
0
26
314
1
25
37
0
0
1
1
151
200
2203
17855
5910
1920
757
5
2586
0
1
11
43
0
24
1
0
9
200
0
6145
431
41
134
0
0
8
5
5
2
1351
0
0
9
33028
1
25
336
2
10
0
2
0
17
8
16516
882
1
0
18
1252
11
1
70
0
0
0
7
1
0
0
27
0
0
4
1
274
239
0
0
11909
441
0
3
0
1
73
2
50
0
0
33
1
2
87
2
7
7462
324
0
74
26
1
9
38
0
0
0
1252
10
108
2134
0
1
13
1
1207
2
19
478
3
1346
5
104
0
1
0
1
0
6
0
185
105
7
183
2
121
2
0
0
14
877
207
0
1513
1
330
214
792
4
1
91
2
0
0
0
1
41
2960
0
0
0
0
0
0
0
0
0
0
1167
201
13
194
6
0
44
38
135
0
0
129
32
65
0
0
1380
6238
3
0
0
20
6083
0
0
667
4005
4
0
0
557
596
1
97
475
2634
2669
33
2
10
24
249
1
0
2
0
889
1
0
124
30
0
25
0
0
67
0
0
203
2208
1
0
4
0
0
1
0
797
0
220
6
3
4
113
12
22
6
0
11
0
2
51
109
814
1
114
4
11
6
16
0
32
9
4
0
271
1
302
20
10280
3
0
3368
4
2
3
0
10
32
0
1
15342
1
4
817
1
5229
165
0
0
8
0
39
104
0
26
0
0
0
0
5
4220
70
8367
7
15
914
62
0
2
0
0
188
0
7
3
0
1
0
0
133
0
232
0
0
0
0
0
1
1
0
119
4
27869
3598
817
858
19
10
0
540
2
0
0
1
56
0
12
2
0
317
1
1
33
2
0
54
0
0
0
370
2687
0
0
6
5104
5956
0
44
321
2
0
122
1
1
2
0
0
102
0
253
26
10
2
0
46
50
111
2
1
0
0
164
4
2
27
102
797
0
1345
0
1128
0
14387
1
5
0
0
4
0
2
12
2
3
0
68
0
0
1
1
1
1
0
366
0
12972
540
89
5
6516
916
1463
236
4265
0
53
5
0
2
0
0
75
125
0
1
104
0
11
682
0
0
0
54
9480
14
331
1450
167
0
0
0
4060
2
284
5
0
680
1700
507
36
0
2699
1230
57
1
0
0
10
55
621
4
103
0
1
130
0
61
12
1
28
923
1
2
31115
2329
120
1
0
1
34
0
8
16930
5612
60
0
36
196
0
0
0
0
49
441
38
1
1
49
1443
8
1
60
58
2
0
17833
10
13627
47
12
0
18
8
2
0
1
1
26
5
0
8
7
24
1
0
0
0
9
69
5
12
0
18
34
0
21
6
1988
149
104
609
695
12
0
255
665
127
40961
1089
125
10
299
351
3
72
662
0
16
0
128
1
1
0
0
991
1
9
1
40
147
2838
360
12
33
4152
37
38
0
62
0
0
2
0
314
0
153
78
30
0
0
0
0
73
1
0
0
0
0
0
0
0
1145
0
1
448
934
3035
2324
171
0
247
9
1
0
0
43
25
5
0
1
21
0
209
346
4
0
1
0
923
24
10
1
0
29864
1
0
9622
27
490
43
1
0
1
1
4069
9
123
2
0
0
14
0
0
29
20
0
2
0
0
89
0
0
188
1
10
11517
8354
3
239
1778
5
2
1172
0
1329
3335
13
0
0
0
0
1
89
30
1
0
174
1
0
0
0
27
640
7
230
61
2
87
2111
11
101
768
1
0
1
0
3454
18
54
4
0
64
3
0
0
2603
0
48
3
0
0
0
0
36
11
1
17
2
1
7143
6
756
272
4
142
1065
187
26
19
0
0
0
0
0
0
2
0
28
0
0
6
0
1
52
0
175
0
30
1
4
6
12859
4693
257
0
1
2
8
7271
23
0
95
445
0
4
3
0
0
19
30
0
739
1
1
52
8
0
66
2517
0
22
49
3
638
9961
17
6
1130
11
2
247
7680
50
0
14
23
3
2238
1
3
0
20
76
1
113
3
0
18
0
6
1
169
4
12
7
12859
5241
0
0
6
1
159
0
0
1
23
0
3
177
0
2
0
179
1107
2337
1
6
0
1
1140
0
1
33
0
1
0
0
67
4551
137
0
11467
0
29
0
10
0
1058
1
7
0
0
33
95
5395
0
107
3
0
20
0
1
1
42
203
0
0
20
0
5057
1
360
19307
0
125
23
2269
3
10
2
0
0
2
0
3923
0
1
0
0
0
0
0
20
1
0
0
0
0
0
41
15
147
5044
10594
0
102
44
1129
48
0
10
4
0
0
0
0
0
0
331
9
0
1
0
0
0
13
1421
0
0
0
0
0
0
3326
21246
1
16196
0
110
55
72
120
3
4324
363
2
728
2
0
1
0
234
0
0
0
0
0
0
0
134
0
0
0
0
0
0
2887
11898
0
0
31
45
15
111
0
9
0
0
0
0
557
1
14
12
2
2
1
0
2
0
1
108
2
0
0
1218
141
11878
27225
162
11478
0
175
0
37
1
1102
2564
1093
3
47
17872
2
0
951
7
0
1
0
0
0
0
0
15
1
445
6539
170
272
169
7007
0
41
44
1009
19
0
24
215
0
1
0
0
0
934
0
594
13
4
3
0
0
0
385
2
34
0
35
0
16
0
4002
2
20156
0
0
4
57
1929
0
0
294
4
2
79
0
0
0
80
4
10
0
27
1
945
7954
167
405
0
634
0
13
9
3091
7705
8588
0
33
1
113
0
0
0
335
610
2993
0
25
24416
0
25
40
0
0
0
0
0
0
0
0
827
0
0
0
1
48
28
43
5
18488
17
1
185
349
4
1201
3
110
0
5
0
7
0
0
0
1
2
3
98
0
0
1
4439
17
198
0
0
67
25
131
0
0
0
41
1
2
0
58
0
16508
14
7
1
159
146
0
0
0
2
175
0
8
1
360
3
1
1
17
0
73
0
78
14
87
0
0
0
54
35
1223
1
0
28291
187
14
365
0
0
208
2321
17
2
4
2
1
0
0
0
0
0
2017
2017
28430
0
0
0
36
0
1932
0
228
263
86
5
53
3
1
0
237
0
132
11
5
0
0
0
18
0
25
2584
0
10
0
33028
2
20844
1573
23
58
1898
217
11
10
2952
6
16
1
1
1
0
98
3
9
0
0
0
0
25
0
17
2
2
129
1
0
262
200
37332
19
2
11
141
0
290
0
0
0
21
1206
32
3
2
380
412
14
0
0
8
0
0
5
0
1
4
8
1
1
0
91
53
148
0
0
0
815
0
0
0
65
0
4
0
0
65
3
0
490
6
3
2440
2
2
223
59
0
0
6
174
0
19063
12
152
6788
1
151
158
39
0
0
0
149
1816
301
0
0
0
37
0
0
1652
2
22
0
13
1
1
36832
0
7
0
1
35059
3
64
0
186
111
65
0
0
0
60
3
0
1
13
0
101
0
76
0
1
0
20
0
1
0
181
3
1
2130
0
1
185
629
5
19
0
3
29
3981
0
331
0
3
0
13
11
3
305
8
0
38
1
160
3
260
1
2
1529
0
0
2
4
1808
15607
75
3460
3
90
30
45
0
0
0
1004
105
5
0
12
0
2088
0
0
17
0
1
0
5080
0
0
0
2
4
596
1180
4
29156
5256
0
63
67
36
0
1023
0
843
0
3
1
1938
0
118
1
3
12
0
194
14
205
90
0
0
24
5
15
152
0
1
67
25
131
0
0
0
18
2212
8
32
0
6795
923
3
0
2
6818
1883
0
2
1
0
0
0
0
0
410
1
1
0
2
0
5746
66
1239
0
2
240
0
21
282
2
3
276
7
0
0
347
1814
0
7
8
100
12
44
0
0
65
2
2
0
0
0
1668
65
0
112
0
22941
36
796
0
0
2272
1814
2
349
0
0
0
1042
5
1
0
602
347
8
2
0
0
0
17
51
0
0
0
163
1036
4
0
752
413
0
936
33
0
7416
97
1
4452
0
5
352
1
682
0
4
0
0
1250
20
63
1
0
11
0
5975
5
55
489
10
1413
5
17610
0
209
8106
46
3197
3
18
2
7
0
0
1
113
0
31
15
185
4
60
109
1
0
0
5
0
5215
9107
5
3
17406
0
745
712
201
17244
0
0
0
2
440
0
0
0
0
0
0
36
0
94
13
3
9
0
3
6
1
0
0
3566
6134
9
361
0
3791
44
8042
0
2617
2
0
37
239
48
440
7
15
21
11
1
6
8
20
5
0
0
138
0
1766
13
0
11853
83
2
0
0
18
1
0
0
0
1
1
1
0
2
1
3
1
1
5537
0
1412
6950
15
18912
11
5
0
0
2
2
0
3
24126
353
26535
0
310
1036
33
2818
15
263
0
0
0
1
166
0
50
61
452
514
0
0
0
27
0
832
305
0
0
0
0
5041
34
4880
2
654
43
4031
0
175
229
0
0
3
78
15
10
0
0
1
209
0
858
0
0
0
0
8
0
201
6
7
0
9420
0
5
1
0
0
7742
0
636
7253
15
12239
0
0
0
4
0
15
0
18
179
9
44
1762
0
0
0
19
0
1
0
0
0
1940
2164
21
16343
3
4
18
0
7
6
21
0
809
11
0
1295
630
1
4
71
30
0
0
292
8
0
786
944
10
0
0
3566
8204
0
15502
542
272
5
0
0
30
65
0
996
117
0
0
0
170
0
13
4401
262
0
0
0
167
0
7
0
0
0
0
3566
1096
67
23714
0
13
206
0
0
0
0
0
45
1956
0
503
2
0
1
9
0
1
1
0
0
0
0
0
8
0
8
0
3566
1317
22
36678
59
0
8
0
0
0
13
0
0
0
0
0
0
0
7
0
7
0
57
322
0
7837
7
10
0
0
0
482
28
34875
0
23145
0
763
122
1
0
0
0
0
8
423
0
0
0
0
0
1
7
0
0
506
78
406
21
0
0
0
17
0
5057
0
14133
0
277
1094
243
7916
5
0
8
0
8
3
1
3
0
0
9
608
0
160
6
1
0
0
11
0
0
16
0
0
16244
79
5
3
0
0
2
0
0
2
14574
0
740
6320
3
14119
130
15
4
0
2
121
0
181
1014
221
14
0
0
0
35
0
5057
0
14133
0
277
11473
10
115
7
18
0
0
2
5
0
0
1
0
0
0
0
218
0
2497
547
24
2
53
0
0
0
9
28
2554
3045
833
320
29751
0
615
4343
21
3
45
4
5
381
0
0
1
393
0
220
11
11
13
0
4
4
3
7
1
0
0
3566
3695
5
5504
16339
150
0
0
58
22
0
4221
0
0
0
1
197
0
0
0
0
0
0
87
0
48
90
0
749
0
1
0
0
1940
278
24
1
10245
5
17
334
6
0
0
684
3851
0
7883
3
8
3
1
0
0
306
23
0
29
1
0
24
0
0
7
5815
6
786
3194
7777
3865
0
91
7230
0
1952
7
142
49
0
0
2
9
0
44
12
7
13
0
3
5
10
0
0
37
0
1580
12180
6432
0
259
3805
6
3957
7
226
54
0
0
2
63
0
412
0
0
0
0
4
0
0
0
0
0
0
6
0
161
14
0
8174
2
0
4
7
4974
0
504
444
41
41
6
662
160
1798
0
0
2
121
0
2907
28
0
7
0
0
0
11
1
0
0
0
7085
10
0
7
1
10976
0
773
4445
12
12743
0
0
0
2
34
0
1
10
17
0
0
0
9
79
0
0
0
0
0
0
922
28
34875
0
23145
0
763
1604
72
31
36
1565
4
153
0
0
4
3
0
192
4352
13
0
0
0
58
0
63
12
10
8
0
3
7570
11
14
0
4693
0
649
4583
5
410
813
247
82
0
0
3
930
0
42
4
30
1222
0
0
0
171
0
1832
0
0
0
0
5549
68
15907
1
52
0
0
26
0
1
0
0
0
4
0
1
1
0
0
1
0
0
0
0
0
4
0
0
8
1661
0
465
249
71
9072
26
0
1
0
11
1
2
0
10
0
37
0
4
0
9
0
20
1
1
0
20
0
2
0
4
0
1
1773
0
3566
2054
9
3776
13
41
3
0
14
397
0
1399
345
215
88
0
0
0
230
0
24
11
9
13
0
4
9
1
6
0
0
0
12405
5
30984
2
0
7
0
8
4
6
5
15
5850
0
700
1974
0
2040
2
43
1
44
1
2
0
2
165
9
3
71
246
0
5057
0
14133
50
9
0
0
63
50
0
5
518
1
0
1
10
7
43
0
0
13
3
1
0
0
18
1
2
0
10
0
113
839
20
0
1
101
19
0
2
83
0
707
0
0
0
2
8
0
0
0
2155
1
0
0
2994
31
1412
222
1
0
0
0
0
0
8204
0
0
25
784
6
0
0
28
0
0
0
1
0
40
0
73
11
112
42
1
0
0
0
27
0
0
0
1
0
72
18272
519
3922
0
5
0
12
3
11
0
33
0
42
3
0
280
0
0
1
42
53
0
0
0
6
1263
1
0
0
0
46
0
1612
11
0
0
0
38
561
0
7123
188
432
0
0
1
31
0
0
0
0
1
1
0
12
0
2
57
524
0
0
0
0
1
1612
11
0
0
175
1139
2
1
0
1
39
0
0
0
0
0
502
0
1943
1719
4
2
9
0
0
0
10
0
0
0
1
0
1932
6244
1
212
1
431
0
3
60
490
10155
1
1
48
4732
0
0
2270
9
287
182
17
16
4591
3
1
12
1443
9
2
0
1
0
4767
4
0
0
45631
13
0
1587
1
502
0
119
7
0
7
5
0
2
0
1392
0
1846
0
302
21543
0
0
6
244
1
0
163
2
1397
10
185
5
20382
14727
0
6
3
0
7314
0
209
289
0
344
11
3118
118
354
2
15
1
10
0
270
0
794
2
14
390
1109
229
8
4480
1405
0
0
45
13
9097
0
47
17
7
30
2
74
1
0
0
74
0
707
6
0
1
259
574
0
6786
6
5659
53
104
80
52
0
1
229
21
0
0
45
4
10985
24
1450
2320
16
4
0
0
2607
215
1
115
17
52
22
0
13
0
3
953
1179
43
104
2788
559
1
1311
0
10
21
0
55
0
1
11094
0
127
0
18
14765
1
136
3
127
5
186
0
3
0
4
3593
69
557
2
1218
5351
15
576
2
0
134
0
0
1
1
11663
1
21
0
5
131
1442
0
62
11
0
1934
84
92
0
21
0
0
5104
312
304
0
18
1
1
0
0
64
0
10
1
0
1958
782
10345
0
14
2
0
3
4
0
0
0
0
1
0
0
0
0
440
784
4
1
116
0
14
1
0
789
2536
7209
0
1
1
2
0
0
2
5
2
12040
9
239
4
5
399
115
10
6
0
0
163
12106
435
278
101
609
3
9
1
1
0
593
410
738
1
0
1
0
0
0
0
0
0
0
3
9
0
1
9
13136
0
658
225
93
75
117
0
8778
1
67
7
0
0
1
14
1189
165
0
0
118
1
9
9
770
1
370
0
0
37
663
518
2
17
0
84
41
4
515
1605
5657
637
25
17355
425
0
6
956
1022
4
18
113
1122
0
18
54
1
0
0
5237
3
835
1
0
8
3
7383
69
6485
3
5
62
10
11088
0
18
76
1
12531
0
72
0
1
0
0
154
17
1
0
146
0
0
0
0
207
0
50
16
1
0
8769
10
31
0
4
227
2
2
44
0
677
23
0
19009
0
0
0
0
0
0
24
7
0
15614
0
338
0
2
2
0
10832
69
13989
8250
4845
1
25
0
9
45
655
392
20
14431
681
0
21
123
107
1
0
0
8847
0
0
0
1003
0
1653
74
0
3
275
10919
49
13
21
3
2184
1856
9
0
1
3
9578
0
458
0
2035
1918
0
44
5
0
1038
209
50
0
1
0
17
5
13
2
5
14381
148
4373
2988
205
0
20
1
1
0
158
109
0
9
1
0
1995
558
2150
1
0
112
296
13
2
0
0
0
9
0
0
0
859
262
31
4
84
366
0
24
1
0
398
3414
5213
829
3
3
7
10233
50
360
5
320
3
138
3
1
8
5
1
50
320
1
169
1082
47
30
0
1630
0
1730
25
23
19
5
0
226
7
0
2
0
0
0
0
6
2
0
2
0
13
0
0
0
0
0
440
784
4
897
11
4210
13
25
1440
0
12
5
26864
4
62
974
0
1
77
0
2
1
0
2816
1
9
0
224
3
0
47
1
5678
10
655
11519
11
2
3
12
12
1227
72
4
181
443
1
13011
14
11
0
110
1
15
0
8
115
0
0
0
30
0
6000
0
69
7442
6
74
23
768
8
2
5
2
555
1
4
1
448
0
0
934
7688
10
73
2
5
5
1075
7
9
11
640
2
11351
11
5659
53
120
126
59
0
0
196
21
0
0
35
3
4623
3
6
4
3
2005
3
1
72
23
810
5
10
12
0
65
34
57
1
12859
119
58
3
7
3
9986
0
42
8
1600
2
0
66
91
1
172
0
0
1766
0
41
0
0
1
0
0
0
0
7
2053
1
1328
429
3271
9
32
50
66
23
0
0
2265
6
12
128
1
0
3
0
0
0
0
0
31
0
4
0
5
24
1
345
3
0
19
183
112
44
0
0
364
0
3
0
3
310
10
33
413
66
3
1157
7
0
189
1
27
0
0
16
0
2
6
0
1
71
163
2
1865
39
6
6807
4
2
9
3
0
7
0
0
39
0
230
311
17
237
26
0
0
195
1
1
26
34
18
10
3
1
1887
40
92
90
0
4444
2
3
0
2
145
3
0
0
67
26
1314
3
5
0
1
0
3192
0
0
0
70
1
2
0
0
15
440
784
4
11912
3390
0
2
2092
178
22
0
0
316
16
1081
35
0
0
0
775
10
0
4
0
0
0
180
2
202
473
0
4
4802
2
94
109
4
2364
0
2038
46
116
0
1
743
1027
125
5723
13
131
10
14
0
1
3
0
2241
1
5
0
59
0
1
0
48
590
1635
35
8
4243
0
4
19
24
10
12
48
830
5
0
1
18
1492
6232
4
128
3
9
2
56
2
0
206
52
1
12
1621
5
19
36
47
18
103
3
0
0
7937
1
14
0
0
0
994
0
2
0
38
0
0
0
15
395
0
5068
27
153
0
1
6
2419
0
0
0
1
0
0
0
0
0
0
0
808
1
316
8
0
0
3290
4
195
0
596
0
0
80
1
4
34
0
1
6
2419
0
0
0
1
0
0
0
0
0
0
0
808
1
316
8
0
0
3290
4
195
0
596
0
106
183
99
4
0
0
1
6
2419
0
0
0
1
0
0
0
0
0
0
0
690
2
213
1
219
0
1604
0
3960
11
514
78
50
0
1
24
1
32
0
0
8606
0
303
373
0
6790
8009
0
5
2
286
0
1
140
4
0
502
0
0
1
1
3
2
1
0
0
186
28
754
222
1
147
510
530
27
13
0
161
3
0
4850
269
0
0
286
1
34
0
33
20
130
0
0
0
2
18
0
2
3
0
0
2
1
163
14698
527
2465
53
344
3
4
13
32
54
0
3
0
1
360
0
186
4
3387
0
3
3
11
0
0
5
0
0
63
0
0
5104
103
9
30
203
2
0
0
0
18
1
4
2
2
4
862
0
0
1
0
1
129
0
0
2
0
1
0
297
17
5
0
31407
13
3678
335
1021
0
0
0
2
1
1162
2
0
2
0
8
0
0
0
7
0
0
0
0
0
67
29
132
0
2
193
0
147
510
14206
79
0
3510
1
0
5
1
0
0
2
5951
20
0
0
1
1
45
1765
91
1
157
2
0
0
1
24
77
62
1
210
6492
2
81
202
3
0
8
0
0
1
0
404
2
0
0
0
1
105
0
0
5875
72
2
3
0
10
2
175
5
2
0
12859
4749
8
9830
0
42
1
1100
17
0
0
19
1
693
4
0
3
42
78
1
1
18
1
7
1
2
27
14
0
14
0
120
11896
3922
22
0
58
0
6674
388
86
5
6
0
325
130
0
0
17
6526
0
1
14
0
0
0
0
7
0
0
0
1
0
21
12859
5
371
27
1
20
15
1
3
3
1377
55
10
68
2
0
6
6
33
2
1
99
2
0
1
0
0
18
1
3
41
96
38
2000
11
195
2
12
5827
2720
0
3
0
3
3
15
0
5
20
1
137
459
0
986
2
1
1
1
49
1
28
9
2
1
5532
20
888
23
0
0
83
16
0
0
7785
21
0
0
2
0
1
2
0
1
0
0
6
0
0
0
0
0
31
0
22
4
11074
2171
1559
0
30
2797
1
196
135
0
0
1
0
0
2189
1733
17
174
3
0
38
54
0
171
0
5
1
0
0
0
237
67
13755
1043
4145
545
283
19
3031
0
8
2
0
13
1
25
1
5
7940
0
6
1206
105
16
11
10537
3029
133
1285
0
0
0
42
755
3566
3890
1
356
0
2
443
0
8
0
0
1823
0
0
0
289
7
1749
230
0
0
68
5
2
21
961
0
1000
0
898
1
0
2776
1
0
329
0
1
8
8
0
0
492
1
4
625
10391
1
0
142
5059
33
0
2659
1196
3
18
2985
105
0
0
0
15
17
320
634
0
3440
446
0
7
119
13744
14
0
0
0
172
31
22
2
250
83
1
5144
47
23
0
1
1228
0
0
0
1
0
0
22373
2
104
49
1
3
48
54
0
11
25
0
1
2
96
0
0
2
2127
43
4
18
37618
26
0
0
0
4
15193
5
5
3
773
1902
530
0
256
76
13
0
241
107
67
0
0
433
29
15
29
10
1
0
36
0
6
0
0
5
5
4
0
0
0
103
466
46921
9
8
359
23
2
109
7
4
2
0
12473
105
0
2
923
57
2
1
115
0
5
0
45
10
17
12
1754
421
71
45
9840
3581
16
1701
288
19
4514
2327
3
0
921
100
6
1
0
0
0
682
51
85
1
0
296
959
8934
2795
0
0
0
3
1545
18
845
66
2505
76
438
58
0
311
0
3
2
0
4
0
16
0
7
5
1
1
1
9
49
2
12
44
0
0
2
1
0
0
17425
4282
20
0
2
17
215
4
0
44
1
0
5
75
27
0
10680
74
1146
1
2
14
5
98
24
3
50
0
2
0
18
4
77
8
3
4
77
0
10
21
38
61
92
0
15
2
63
7
8357
8
0
8
34
191
44
2
10
15
74
0
0
22
0
217
9458
88
11347
823
836
14
4
8
1
1
2
5
700
345
0
5
6
313
370
0
3147
80
1677
5
19
52
2021
0
146
746
18
4
163
6477
5
0
675
0
0
0
0
290
30
474
43
94
1
0
33
0
0
107
1260
4
2
75
1
163
0
0
647
9
0
5
12859
48
82
0
9
26
37
3
55
3
175
1
1
1
14
1892
980
0
13
4549
64
0
0
0
8
48
0
0
0
41
64
28
11658
10
18865
0
0
215
7
0
0
4
9
2311
0
1106
729
392
0
1
2
471
4
1
0
24
310
0
10
0
0
877
0
0
11318
48
791
2
1
1741
159
0
3
8085
89
0
0
0
3
0
13
2
2
0
45
0
2
154
0
11
193
55
0
2135
6736
24
2104
295
1537
39
0
4272
115
159
22
2
0
0
2081
99
0
9
7
3
2318
0
0
5
47
2
1
4
9
70
2
185
0
7
4191
1294
36
2
10
75
70
0
0
0
21
0
39
1
0
596
1
0
13
22
0
5
0
1
0
0
18
1064
110
0
4
10944
440
595
1
8
139
515
3346
186
0
58
5
510
0
3790
14
3
12
688
2
7
34
67
10
0
0
2
124
20
0
4
6
125
9025
10
128
0
1
30
31
25
0
2
15
938
1853
143
1243
3
2
216
3
3
3
3
211
0
4
1
0
0
0
16
16
0
6
2521
0
6
4435
33
15
495
6
1
35
15
0
6
22
348
0
6
95
3
1
5
31
0
0
0
0
3
0
0
3114
738
4815
4
534
48
6
609
7
395
0
0
1
0
72
170
0
3
0
1
33
0
0
1
3
190
0
0
0
1
0
0
0
0
6
11167
237
36
419
448
0
4569
0
20
1
6166
2
3
121
0
0
8
3466
154
0
0
2
22
1
9
28
9
21
0
324
18
11
10877
85
19
1386
1
0
7822
16
57
0
1
1
60
0
1
33
1
1559
6289
0
0
1
1
18
0
5
2
290
192
2
2
21517
107
54
0
235
0
0
208
0
7
2
0
0
6522
986
147
26
233
2
3
7
0
0
4
1
1
0
980
34
5786
470
3
4220
40816
3
848
2008
22
2
0
391
1
135
20
0
163
17
127
2
0
0
151
0
661
0
3
0
67
0
0
2
1
3
63
27491
788
12
14
0
1308
0
0
0
0
3236
7
0
21102
42
2
14048
11
4276
4
617
0
19
1
3607
3
1
75
2
104
0
0
4703
0
6603
34
119
0
20786
1
0
223
5
0
7
6
413
1496
20103
761
9
0
2
1
0
390
26
0
0
3
2
0
293
3
12878
27
938
6
50
29
0
3
922
2
0
0
21370
67
6
1
2
57
0
4
5
0
0
1
0
126
6
12
0
501
0
1
6464
2
0
1
1
5603
0
3087
358
587
0
1
389
192
0
2
1
0
3
18
0
5977
4
14
0
30
4
5
1
0
0
197
334
59
4187
0
7833
15
0
31
20
0
1
74
22
1
22
0
13
0
0
0
0
40
1433
3
0
83
0
1
39
14
3
0
6101
0
541
5
21
4316
141
576
20
6
8
1
2
3
0
4
109
1
2
1
3188
0
3
7
13
0
85
124
33
4
19
31
87
9065
0
587
0
0
1
2
8
26
15
5970
23
1
0
0
0
42
13
373
0
2
50
3
166
44
126
0
0
5
0
1
12859
4749
8
9830
0
648
1131
0
32
0
0
203
1
17
1
7
195
11
39
0
0
79
726
1
1771
26
283
475
3345
3
0
1
4999
19
30
904
0
0
4
0
832
869
40
2
71
3
12
0
3
0
4
1
0
0
1
320
80
0
1
934
0
41
0
0
1
58
25582
3
230
31
5
27
78
13
0
2
2
3
0
136
6
1
0
0
1
51
4
168
35
37
0
16
7
91
58
429
5104
415
119
1817
27
20
1
51
110
1
1
6
104
1
11
46
1
338
0
3
1
1
89
535
1
3
0
0
2396
18
0
0
13027
2726
1017
312
3
0
75
5
256
2
2
0
1
27
0
1
27
4
1
1
99
4
1
0
13
0
0
27
1
74
54
0
19308
110
0
6
13
17
55
0
1235
0
155
1
3
12
49
0
2
0
0
52
4391
44
0
1
7
0
9
0
3
3
16
0
10314
19216
2054
84
24
29
2
1
1091
57
0
0
0
0
0
6
0
1
21
21
0
0
22
177
0
0
4
0
21
4
3
0
320
14611
0
29
0
7
84
4
7
0
6
45
3
6417
118
0
11
3092
14
54
0
0
0
612
38
0
0
4
0
48
948
2
38
197
0
55
16
5
1
6163
2
3
716
1
711
0
1
1
96
219
1938
7
33
2461
267
0
0
0
0
0
39
167
10650
1
27582
2752
0
36
74
640
0
1
1
2586
2
77
0
0
15
5
281
0
16
159
0
1
33
0
1
0
0
15617
89
0
9
3
20033
6
45
1
1
45
0
0
14
0
1
0
143
3
0
35033
20
34
1483
312
0
3356
161
0
17
73
0
14
3
1
37
0
160
31350
0
2
1866
7
0
3
13943
396
37
6
4
2023
0
1
2
6
0
0
1
2002
192
0
1
459
9
6
492
7
0
2
3623
0
7
1630
0
0
14554
802
6
0
0
8
0
1
0
0
6
0
0
0
6
1568
0
0
24
75
0
141
1
1757
77
86
15
3708
23628
19583
2123
16743
1
3803
11
0
119
1
1
17
0
53
1
77
12
0
3
1
0
0
3117
52
45
4113
5999
0
76
0
163
8543
2
6030
274
47
1354
0
151
37
40
0
0
3430
172
48
2
0
208
0
0
122
974
8
129
22
15
17
0
1
19
7
27738
263
3375
2
91
4
1172
2
5
0
48
18
1
31
1
11
2
0
3771
0
0
2
2456
319
0
0
77
1243
957
3
0
0
994
2
483
3
0
16479
437
0
0
0
2
15
0
1
6
164
1143
6
1921
14
40
10
2
1
0
0
0
1240
0
421
1
12
797
3090
4225
2008
8
22
8
0
0
16
0
5
0
3128
47
1
0
182
251
0
475
111
470
1
17
0
3
253
2
102
0
1
4888
14
43
42
6241
157
18
0
1
577
2
19
18
1161
7
1
27
0
179
0
0
101
29
1
2
2
1
5
327
8
0
15
2882
276
10058
971
6
1
83
0
3
1
11
0
529
0
156
2
1
0
11
123
5
162
13
7
16612
627
9
2
20
0
1
0
320
387
805
0
0
3
0
22035
4
76
0
1394
5
0
169
3
1
2
8
3
2
15
0
220
0
0
68
0
3
0
11
0
320
1314
1027
929
289
3471
11612
18
1
0
734
96
0
1
2
1
18
4
21
0
0
7
110
0
1
1
0
52
4
11
0
50
13847
2
40
191
1
42
16
1
0
182
0
3
295
0
22
6241
5
312
0
267
5
4
1
0
18
37
8
0
9
5
22
0
5104
182
0
3306
12
560
13
1
112
0
27
1
41
0
308
2
0
1
33
1
0
1
12
2
5
4
3445
8218
1
1
1
0
12859
4766
12
0
10
1
89
34
11
0
2
6
159
0
2
4
5
20
0
0
0
10
5
3
0
158
0
0
170
9
10
3
147
6110
444
2
1
432
1
1355
0
0
152
1
1
8
4
0
47
5
1
413
0
0
231
1
0
216
0
0
40
0
1
0
320
2913
15
397
0
109
5080
10
0
3541
44
0
0
1
9
13522
102
45
779
4
157
16
0
179
258
487
0
149
0
0
123
7
87
161
1
33
5
16891
1
130
0
0
292
0
22
1264
273
1
180
0
0
6
21
0
0
0
21
2
6476
0
0
46
153
44
7713
258
25
2
23
1
2774
0
0
0
5
39
168
0
7
0
492
544
4
1
0
0
1295
45
3
3544
2
0
0
0
0
16
994
52
1302
2653
22
1
56
0
146
0
0
0
0
1
4046
0
0
28
1
150
3
1184
1
0
0
0
18402
80
313
81
3839
71
5104
121
344
1
0
0
1
1042
1
19
0
311
78
4699
17
0
0
1
0
2
0
1
1
725
0
0
460
170
1
188
51
124
147
0
3263
892
0
68
0
0
0
1
2
3
31
21
0
2477
4170
0
0
12
412
2
0
87
9
584
14
8
6
0
1
2
22671
5
0
2512
0
0
108
2
0
0
1
104
3
3
3
0
31
0
6
0
20
74
0
10
0
0
7572
1
0
9
4
0
5031
4843
8
40
4
72
350
0
36
0
0
1
721
11
0
0
0
1
8
0
6
0
0
0
2515
350
0
2
3
69
0
26
8618
2
0
2
201
1180
60
0
5
3
15
167
1
5
0
8
6
515
0
0
16352
179
8
61
1
0
2
1
3
1
8
0
147
0
6
30
39
728
2
7
1
0
0
158
0
2027
0
6
0
0
368
7
2
0
121
2
0
1
255
3192
2761
0
0
0
320
94
2
325
9
72
1
1
80
0
0
13055
161
8
11
1
0
65
20
132
159
0
0
6
299
2
0
1
369
251
3
0
9163
5583
1
0
25
2816
237
38
1
27
0
119
0
36
1
48
4
0
26
2
1
1
40436
6
30
13
94
5
29
0
1
1
13604
23
2
2
0
5235
0
0
1829
0
0
6
2649
22
25
0
317
0
0
769
0
50
0
53
0
0
4268
112
268
0
0
4
4465
12
599
8236
76
201
1
43
4
0
2
1
4
0
0
88
0
18
5
0
61
0
0
20
0
0
0
0
0
0
4568
3019
2045
2
487
27
1545
2
37
3359
1
6
1
58
0
89
1
0
0
0
0
238
298
1
4758
1749
0
60
44
25
0
1
0
1
249
1
34
4
0
2115
1
0
1022
2849
671
2
14
3
36
5
49
0
0
1
57
6
264
0
2
25
19
2
49
202
0
0
1351
4548
0
0
48
289
11249
20
0
382
0
41
168
1122
0
101
196
8
0
0
1
51
5
0
2
0
1633
32
0
0
2
3
509
11165
633
3
0
52
0
2
4
2
1
2489
14
11
2
0
0
12
76
0
0
0
10
1
3
0
0
23
2
0
3
209
603
0
599
0
36
102
0
421
6
5
1
0
0
0
2
5
1
649
0
51
0
0
12394
662
0
4
0
0
12
4
1
0
11
2850
144
15621
4773
0
2028
983
0
1
12
4
0
0
1
46
226
70
215
100
37
8
3
0
15
0
0
0
5
0
0
0
7927
0
592
3676
9
5
0
180
0
2
15277
790
0
0
0
5
0
0
2
4
1
14
15
16
1
2
2028
0
0
0
9
901
14066
3873
7005
649
1362
1
9503
0
0
714
108
2
1589
0
0
2638
0
1
4
0
2960
32
58
8
2
28
3
1375
0
1
0
1
4238
2870
120
37
805
6858
0
0
0
24
0
3
132
0
16
2
1
39
1
20
5
1
1413
8
0
1
14
3
20
0
1
2
4220
5634
1
2572
2
0
65
0
1
0
0
0
2
2
2
4
3
13
0
1
7
1
0
0
3
14
271
11
83
0
0
0
6460
0
7184
2
0
117
8
1321
124
2
10742
47
10
3
0
4
0
82
0
0
48
634
0
0
38
256
5
18
37
0
0
292
1709
0
261
6
2
11
0
264
0
79
747
18
745
0
0
78
1
8
149
0
1
0
40
3
1389
13
1
11732
390
0
0
1
5104
103
8
870
2556
1765
2423
6
84
0
1
1
2
2
46
12
115
102
1
0
0
28
82
0
21
0
1
92
0
0
3
4
320
4880
4941
4118
405
0
0
4
1
0
14
0
0
0
0
12
17
358
0
0
143
8
17
0
0
0
11
206
11
264
0
0
13003
6
0
16233
889
44
4
0
0
9
4
87
0
1
4
2916
2
0
3
4
2
3
1
0
0
0
0
0
0
0
0
0
13470
50
146
8
1340
8
0
10
0
0
2
0
1
0
4
173
1
0
3
1
207
2
0
2
8
5
0
1
0
0
69
1
2030
1286
19
1
0
15
0
2
0
38
0
31
15
1
0
0
3
0
3
0
3
0
3
0
16
25
0
2
0
1
5
0
3684
6302
1
52
1
1791
4
0
16
16
108
5
9
431
5
4
2
2
3
2
1
0
13
370
7
27
0
0
3
0
0
121
160
478
1217
1
60
816
2
726
1657
0
0
0
0
134
47
10
11
19
2
0
0
1
0
0
444
131
1
6
2
3
11
0
12337
58
0
0
15
1
3
5
21
0
3
0
9066
75
0
0
3
0
2
1
0
0
0
1
0
4
0
0
0
0
0
0
320
12851
652
92
1
0
4
2
0
1
3
767
32
5
783
39
0
124
0
0
50
1
2
0
8
0
1
0
1
254
0
2
163
18141
277
1369
54
0
138
587
513
0
58
14
277
1060
0
10
23
0
0
1
117
1
29
2
1
22
3
0
0
0
14
0
6222
0
19063
1847
4063
12
10
23
5
3
23
1
0
0
1
220
0
0
33
0
4
72
2
0
1
0
61
3
1
1
0
1
12859
503
65
0
5
117
0
1
86
2
115
5
5
0
1778
36
534
18
6
0
7
1
13
1
0
1
0
1
16
0
0
0
38
2
0
1
1
0
66
17
0
43
1
332
0
0
0
19
0
50
2
2
3
14
0
7
0
0
1
193
0
4
5
2
274
834
4
3
1
0
122
391
458
6
0
10
21
9
0
57
0
1
15
2
0
0
0
2
8
1
5
0
0
1
0
1517
11149
0
0
18773
0
570
82
3
10
1
0
28
3
0
0
170
316
0
1680
0
0
10
0
1
427
0
0
4042
0
1
970
0
32687
10
9
10405
0
366
261
0
10
1
1
8
76
72
0
0
1
72
27
1
0
1
4
1
415
179
0
0
3
0
0
0
1988
628
136
565
188
513
8
1
0
0
15
0
0
0
0
0
4
12
0
4
4
2
21
0
3
0
0
1
3
19
6
141
32687
6
1
5850
388
0
1
0
1
0
7
0
0
5
5
0
0
1
0
0
74
10
18
0
0
1
151
3
0
0
4
2
1646
2
5249
41
16
9
6
7
18
6
1077
0
0
0
63
5
0
99
0
16
0
2
0
8
13
2
0
1
2
18
13
0
274
2319
225
175
5
0
1670
1
13
1
0
1
5
0
5
10
0
3
0
1
0
0
2
11
278
18885
64
0
2
7
0
0
9995
414
0
0
4
3
623
5
430
0
1
1
2
1
4
0
1
91
0
10
0
0
32
0
1
170
1
0
78
0
9
0
1276
20
0
15575
247
123
0
2
0
104
10
3
0
6
963
0
5
1
625
3
433
19
4
3
17
2
514
0
0
11
61
1
6517
0
1
549
2
3
1
150
0
1
2
1
1118
12
0
0
123
0
986
0
105
1
12541
550
50
2
1
60
0
0
10
112
9996
37
227
3831
45
0
8
2
3
1
104
499
24
16
4
6
15
3
46
919
0
2
69
0
63
0
0
3
2
5
4
0
1942
0
2
805
369
0
3
298
109
33
13
2
3
0
9
45
139
2275
1
1
0
61
1
5
27
0
1
0
5
13
10
4
6057
788
134
439
259
1
1
383
3
132
1
14
14
0
0
4039
118
7
7
0
59
7
19
5
2
4
4
24
0
22
0
0
320
1528
3
2187
3013
2
97
92
1
0
0
3
2
0
23
1
0
1
0
66
1
9
4468
22
1
0
0
128
39
0
21
491
32687
33
2
24
0
131
0
5
26
129
10
20
4
0
1
2
3199
84
113
0
22
5
1
0
11
2
458
0
5
64
1
3
320
537
13
3
10
5
747
0
2
13
54
2427
8
1182
3
0
500
1825
1
2
2
0
0
489
0
0
0
0
1
92
1
2
1408
18
111
2351
506
979
2
108
5262
0
0
0
652
6
11
78
1328
9
7
527
2
1
1
0
0
1
11
5
1
0
0
0
51
72
6148
9
1221
3
23596
6
0
4708
220
5
1
1
0
0
0
2935
1995
18
2
12
1389
0
942
20
473
0
10
2
1
5
11074
22194
46
138
25
6
0
0
1667
0
0
420
82
3
0
80
41
53
22
0
6
0
3
0
1
0
1
0
191
0
1
206
20287
0
0
11570
13
0
0
0
54
0
0
2632
1
3
25
1
0
0
8246
2
0
4
7
594
0
14
9
0
2
140
2
0
320
1811
8
124
41
11812
528
1
0
3
0
0
3
12
0
0
0
0
6
27
3
41
2
3
5
31
27
170
2
798
220
2
320
12851
1409
13
36
1
1037
2
955
0
0
0
36
0
131
0
3
0
5
134
3
0
0
0
0
18
15
0
0
22
1
0
274
3
0
11912
438
0
310
0
1
0
223
51
1
110
0
0
298
0
0
5
382
0
9
0
162
152
0
6
0
4
2
224
13537
2
4584
101
0
767
0
0
5270
15
87
0
28
0
2
27
256
1
0
6
0
26
0
0
1
0
1
2
3
0
0
0
12859
6284
11
2
0
0
0
0
0
0
6
5
0
1
34
0
92
110
3
1
2
325
1
222
13
9
13
42
0
0
0
5
11907
108
13966
1329
2
7
0
317
0
0
6
6
0
1
0
0
0
1
1
9
0
0
23
0
0
0
9
0
1
0
0
0
22594
4
21
1194
0
23
0
21
23
3
6
3
1
1
1087
19
0
2
7
277
0
1
0
0
1066
834
2
8
142
0
71
0
12946
96
44
31933
134
18
1854
1154
3976
0
223
0
371
0
0
1
20
80
0
25
0
11
0
0
73
963
2162
2
0
2
2
3
4238
59
23
0
3151
0
288
0
62
2
2114
8
1
0
1
4
0
0
0
0
57
0
18
30
0
1
1
0
0
2
1
0
12859
7880
25
0
9
13
0
12
7
0
0
0
3
3
3
0
1
19
99
0
0
522
1
2
0
0
0
465
5
11
7
0
100
1573
1
10
1694
23
0
1
31
707
0
6
10181
8
0
0
0
2
5800
0
5
0
190
0
3
3
0
6
283
118
0
1
185
2194
3
81
925
0
1
1
0
2
9
2
15
9
0
0
25
1
14
0
121
0
1
499
1
0
612
2069
0
340
1
0
1446
58
75
1
0
0
5177
2
24
847
0
19
0
0
636
506
1
6
107
0
46
0
29746
39
1
41
22
133
3200
1648
3
200
163
2492
960
0
0
865
5124
12
0
0
1101
97
1
4
0
18
8
0
0
826
181
0
68
10
1694
0
1
12
285
514
8
0
5627
15
21
1
0
275
1
0
16798
37
1
1
327
0
135
0
282
2
576
4
42
3715
408
2
0
0
245
2
6
1
1
2
38
37461
9265
4169
15
4
46
1
2226
131
0
1
1
3
1161
1
5
107
10
21
69
0
215
1325
8
0
22
20
1
0
503
1
1060
51
24438
2135
3
30
4
11
6
5
83
0
0
0
2
12
0
1
0
0
0
0
19
1
85
3
396
0
12
0
1
0
3
14095
1799
2196
1637
0
0
0
1225
49
8
631
15
7
0
0
0
0
284
0
1460
2
0
15
117
0
38
7
247
1
1
0
62
121
43
5
749
2977
511
0
1
5
1
3228
7729
0
225
0
0
47
3850
5
3752
6
18
217
2596
47
1041
0
0
0
93
0
4705
7
30
44
10
2
8
0
209
2
540
2375
148
1
1
12
1
38
24
636
0
0
0
0
0
143
4
4
2388
28
0
60
2691
961
0
6638
3054
11
6
0
1
26
25
0
0
756
0
0
2
0
0
0
0
0
0
0
3
34
2
0
4
0
4
1
7922
4
5
1208
15
3
1
0
0
1
4
0
0
14
1245
54
4
3
95
4
2
1
1
64
0
21
0
125
6
0
0
0
274
300
1
3746
3661
6
7
0
6
1
0
0
6465
0
0
22
0
0
0
1
0
0
25
9
0
206
6272
622
2
0
69
1
68
7
387
16616
232
81
1980
4
6
236
7
1
139
954
2099
0
1
0
54
0
68
53
22
0
6
31
1
3
1
1
0
730
42733
5
227
14080
0
2094
17
0
190
35
33
0
475
0
0
447
4
4
0
167
0
1
5
0
354
1132
186
4
5
363
4
10383
3369
42
3300
1
1
3017
49
84
94
0
0
850
16573
1
0
145
40
3
0
47
1
3949
679
0
0
3
0
63
0
0
1
0
5104
406
2164
0
0
0
90
1
2
0
0
2102
333
8
1
0
103
0
27
0
34
2
0
2
5
0
0
131
2
3
1586
0
18954
8
16869
31
0
0
1
196
1
0
0
0
1
0
40
0
21
458
82
1
4478
1315
0
0
294
0
0
39
0
0
1
60
9950
2684
5
3627
299
8721
80
0
17
0
2
16
345
1
0
11
0
29
0
20
21
9984
0
533
1
83
7
0
13
0
0
11
320
12851
1345
103
1
4277
255
0
3
0
0
70
0
202
129
2
2
0
47
35
25
0
10
3
7
11
0
3
18
13
0
274
5832
32
430
4
0
3
113
11519
13
305
0
5
2
266
20
0
18
446
0
0
2
60
0
10
6
0
11
49
15
0
605
0
39681
0
0
1
0
0
187
3
0
1
0
2
68
3
4
74
0
1
287
2763
6
1
1
20
1
3
79
107
28
2
0
0
42044
19
51
266
1936
0
0
61
11241
1027
1
0
11
418
1
68
18
0
1
5
132
16
9
37
0
21
5664
5
0
29
210
26
5104
1369
0
38
0
328
1241
1441
223
0
9
2
0
38
11
1
0
0
1
27
0
0
2
21
0
0
0
0
2
0
1021
1
42476
3423
1207
9
288
0
15
0
0
2302
36
1
5
20
114
0
1
0
33
8
3
0
4
0
7
1
0
0
2
3
336
5748
8784
6
958
1353
3226
61
942
8
1025
340
0
1
0
8
1
0
14
386
2
1
0
0
0
0
2
0
1898
3500
0
6
74
0
4815
4
534
48
1659
3
53
4325
0
11
1113
1
81
0
7
0
0
0
0
0
0
190
106
1
11556
0
7959
3
4
1
1
289
163
454
1
0
1181
2
0
133
2677
3816
0
0
10
0
6
233
25
95
0
0
0
0
0
240
4
208
22
0
1001
515
0
0
20780
5466
5
0
151
11
0
26
1
108
0
0
0
5
1
0
3
19
0
54
0
0
0
0
1
245
0
474
3
0
3
6297
5496
1
2506
232
6
551
0
0
23
276
1
525
0
79
3
0
150
3
0
13
0
13
224
24
13
0
2
1
10
0
0
104
32711
2
441
1
109
0
15516
415
7
35
616
0
18
0
0
1
0
48
4
200
18
1
0
1
15
1
5
2
170
26
0
0
12859
19437
5
69
0
960
3
10514
0
0
186
13
7
1
3
0
0
119
0
51
0
0
0
5006
0
253
52
9
4
0
0
0
87
10405
0
0
210
0
263
19
4111
0
4
14
21
1
12967
258
635
12
2223
1
19
4
0
6
0
1804
161
77
1777
37
0
97
147
510
0
884
103
0
2
1
1
0
1517
54
16
18
1
1
56
0
6
3
2
8251
221
7
1
7
0
9
529
1
335
1
15313
17
576
832
1
837
2974
1168
0
0
1
0
0
0
0
42
0
1
0
117
0
9
3
0
0
0
13
1
2
387
312
510
13853
189
3
169
792
4
0
69
169
0
6
0
0
1
1
3
0
3
12
2
6562
89
3
72
4
0
1215
108
406
27
13
4
4220
2
280
2231
1288
119
0
2
63
26
0
2
1
391
5
18
26
0
0
0
1
99
0
39
179
21
137
0
0
0
2
1
0
826
103
291
2523
3
0
400
0
2
22
0
52
0
138
2
0
2
5
0
18030
14
6
0
0
0
57
9
0
0
0
0
5104
103
9
2425
28
0
182
0
5647
2
0
10
21
0
101
866
469
13
0
1
3
27
0
234
0
0
1
19
0
0
35
1
638
6879
5719
15
12
1
6286
4
13
70
27
0
1
107
1
0
0
1
2
0
2
0
637
1
0
181
197
0
2
4
1260
6
15552
9844
73
10
10
53
458
4
0
0
0
7
0
2013
105
102
0
27
8
249
0
1
3
28
57
1
0
0
0
1
1
0
5598
9
27
1456
148
13
53
0
1
0
0
52
4
1
6
11
2419
21
0
0
190
526
3
0
0
0
208
3
1
0
0
1
12859
1463
612
1
0
2
0
14
28
2
3979
1
1
1
61
1
6680
8
0
60
26
593
0
1304
4
21
29
976
4828
1
4
450
35
1422
1337
68
412
2
0
0
271
0
55
0
4
0
1
3
0
8701
410
286
0
0
2
5
6
7
3
6
0
0
42
0
38
371
6
1
13369
207
92
0
0
0
5
7
129
0
0
262
4
0
0
1832
14593
0
0
1307
50
3
11
0
18
101
0
0
3566
2
0
16206
5
4992
36
19
18108
2
1
1
3771
1
1
623
0
0
6
1
4818
17
0
3
73
0
229
0
55
2
0
5
5532
6
6
8
0
0
15
4496
0
177
1
1
863
2
344
0
0
11483
22
12
1
1
0
1
0
51
0
59
228
1
2
0
163
7312
191
1000
10883
0
0
8
0
0
11
0
1434
20
0
1
0
0
1
1
1
8
5
2
9
0
0
85
2
1
6
68
11707
6029
321
9
1
1
58
478
28
260
1414
1
64
0
0
1379
156
7
0
0
0
0
10
0
18
68
0
0
0
22
13
0
8816
4290
2
0
0
0
20
1
5
1
197
68
5
0
67
0
0
1
1
1
0
21
0
0
0
62
7
0
0
5
5
0
11074
0
4843
0
10
8
1
15
208
0
0
123
19
1
0
57
0
13
0
5
2
17
0
0
0
10
1
4
0
0
14573
4
12337
0
299
1426
118
0
573
5
47
2
0
0
66
4
52
0
0
0
2
0
0
0
0
1
2
7
0
0
1
1
1619
0
13331
2
271
12
13
13388
5989
0
2117
0
14
63
0
12
26
15
58
0
1
3
591
1
0
815
1
0
0
7
0
1
3791
80
163
6543
566
0
16557
263
808
18
0
0
119
29
0
20
2
14
0
1308
0
76
4
1
2
0
719
1
0
0
57
0
2
0
44255
1
0
2
0
0
7
0
66
1
1
0
17849
412
2
41
1
5
438
0
0
1
1
1832
75
36
212
172
2308
0
269
20
26950
0
0
2079
0
1
12
14
0
47
25
5
0
1
0
1
6
0
3794
2584
0
0
0
0
1
241
12
6
0
0
0
0
185
2233
8
4
325
13
0
2096
44
0
181
13
21
1
5
22
71
54
0
66
0
0
0
0
0
0
0
1
49
1
4
6
509
11165
65
408
0
159
0
5
0
0
0
20
2
2
22
0
8
151
0
0
0
4
0
0
1
11
28
1
331
0
7
8
34631
10
15684
77
33
39
18
233
261
0
14
108
264
15
0
2
2
0
19
0
35
0
0
20
0
0
11
208
0
0
3
0
3704
345
39
2303
52
0
88
536
2
0
30
2
1
0
0
0
7
53
1016
10
3
3351
2
7
0
2
2
0
0
4
0
0
38
7
6417
112
0
750
0
65
43
0
10
0
19
0
1
1
4425
441
2
0
4
258
0
0
0
0
6
0
2
0
6
0
11149
6
7832
347
2
0
2
48
0
5
4263
112
77
25
56
1625
0
4094
0
6
3
87
707
2
1
5128
1
306
246
3
0
2
87
20
1069
8
0
1275
10
5
0
0
0
4393
946
0
0
0
1715
29
5
4
0
39
18
0
0
1125
226
0
955
1
0
16
5574
2
1
2321
0
43
0
66
1
1
0
22
156
1
0
4001
12
0
86
0
2621
1146
16
0
10
0
15
2218
38
0
0
0
314
1
3
53
0
0
11
360
18
0
0
66
0
0
181
9
2
1
0
1
1
193
0
455
1
1
1
0
0
0
0
0
38
2
84
34
5229
921
1
0
0
0
7
2
3
321
5
2
1
64
0
0
0
4
0
1
0
1
1160
481
85
11
31
13
4353
23699
0
2
141
5776
1231
0
43
4
3
15
0
2
7
6
42
0
0
367
4
30
0
16
263
6
1
2
0
1
0
0
15236
343
57
65
0
2
1
0
6134
16
0
1
0
2
41
1
0
0
95
1
0
1
0
29
0
2353
83
2
72
25
11
49
2882
1007
63
0
484
5681
2280
0
5419
0
1
6460
55
135
98
4
0
19
98
4
0
245
34
7
2
0
22
0
10
1
1
7
37245
345
0
1
1376
0
6179
712
1
0
0
1826
111
105
47
175
307
1
2
2506
4472
63
14
40
1
2
0
2
17
17
0
364
29913
5
0
0
0
1162
0
6
0
1243
21
36
5
311
0
0
0
1
0
38
445
0
0
1
0
4
5593
0
140
11
4
0
27
17
0
0
1
0
119
6
164
0
9
10
0
0
0
291
30
1
1
3
2
334
0
0
162
0
717
0
15622
32
32
10
1207
3065
10503
33069
1
1
18
0
0
349
1
25
2
17
2
0
0
0
39
3
0
5
16
0
0
38
0
695
1
12
0
0
147
165
1111
1
11177
67
1
53
16
5
6
3058
3
363
3
56
12
1342
12
243
9
1
4
3
8
3
2151
165
0
71
0
2
3737
1
11257
1122
17
795
1
0
0
20
9
0
37467
353
6
0
1
174
2
76
0
1
1381
1
1
13084
0
0
19
0
0
0
9609
7
421
0
4
10
129
0
0
20096
1461
102
0
7
0
2285
44
1
1
50
31
9
1
0
433
0
0
3
776
0
2
0
14306
140
2
62
2
10
0
36
1
9
4
4
0
1
0
5
17
0
7
1
5
0
0
0
6
4
2
0
5
8
1173
1
70
34
134
1
55
123
489
1996
0
1253
10002
0
168
9692
220
27
5630
14
1088
0
19
3531
680
19
0
0
1
289
2
94
22
0
320
3
45
11885
3803
0
49
3
2
11
0
124
0
0
0
26
244
33
0
1
45
7
0
24
24
2
598
36
1785
4
215
2
87
2111
1304
5
0
0
273
0
70
16
0
9
1344
7
4
1
0
1
1
7
2
0
3
0
1576
8
7
87
342
235
20
0
87
16
938
19
0
1
2
160
114
50
0
8140
1531
5
2
0
58
0
0
848
1
0
33
0
0
5
0
0
0
1
61
23
5681
28
0
0
0
1
11
1
30
1
0
308
1
3
0
0
5263
16
34
2
0
0
1
17
0
8
0
0
39
0
0
0
5104
6
0
1
9
6
13
6
1274
25
5
2
2
0
0
0
5
2
12
89
0
0
222
0
4
0
0
0
1
0
676
1990
31335
2216
190
0
52
1285
5
0
84
0
2
2
20
8
1
0
11157
541
5
2
0
7
0
0
0
21
101
0
0
138
3456
2
8467
8
22
399
2
103
5
0
30
3
9
1
3
1
1
5636
92
0
231
4
2
0
2
0
53
237
0
22
3
10
2
2
1780
49
2
0
47
41
0
11
0
1
32
1169
2
1
10976
1268
20
0
64
0
4
15
4
777
2
0
0
1
2
11
0
0
1780
38
4
1
19343
777
26
3
0
12
0
0
1138
2
10
225
7
43
1
1
61
113
615
0
24
4
94
0
0
1
121
0
12424
27
1065
8
4151
2
0
11857
214
2
2
11
2
3
19
0
3
1
27
0
1
0
32
0
0
1
3
0
0
0
5
1
25633
171
106
2
0
680
0
70
0
1
0
644
25
22
12
4
0
15
1
5
460
0
0
12
7887
1113
1
11
2454
5
153
0
1887
40
6
575
18
44
281
97
6
7
0
3898
137
1
29
0
4
75
0
2
0
0
4
0
3
0
0
202
1
0
0
6
12859
8363
9
0
14
7
3
131
207
4
524
0
136
45
21
0
8
0
0
1290
2
21
0
17
4
5
47
0
0
0
12
0
16870
147
0
244
49
2
87
10
0
48
6
952
0
1
0
1
0
0
10
0
0
23
1
8
24
2
0
1
0
0
1
0
3704
345
39
128
177
8561
396
27
7
0
0
0
432
2069
0
146
25
15
73
0
0
0
15
61
535
4
215
17985
16
88
3
5
152
10
7
70
9
3
74
217
1273
0
2
136
7
0
1
0
1698
0
0
181
3
197
32
6
9
0
10
0
67
0
1188
44
38
4
351
53
307
18
0
0
6
2
0
1
174
9
0
0
19
1
1
71
0
8
0
0
294
0
40
0
27
0
7366
2032
87
2718
13
831
2175
41
5227
36
283
0
28
2071
3266
738
217
2
0
0
65
3
66
24
14
1
0
325
129
0
0
406
55
0
40055
34
84
2
22
13
12068
4
91
0
1
0
17707
21
1
29
17
12
32
3073
2
207
3
92
14
0
0
1571
6340
12
0
1294
2961
487
265
17
17
257
387
0
312
43
0
22708
1318
2170
8364
12342
78
3173
4
0
1
505
2
181
0
0
2931
0
1
865
354
0
38
20274
177
3193
18417
2
39
0
0
3
2095
0
0
37
231
254
1061
687
1
1
1
56
0
20
2
3
4
0
1
574
6
0
14493
17766
1094
7
111
1
3
388
0
1
313
138
1
2
8
325
1
0
2
0
0
0
0
0
965
1455
0
0
26
0
0
0
4220
907
8022
620
7
55
0
805
5
0
318
3
10093
299
250
0
2
2
325
0
0
8
2
63
0
1
2
0
0
1
6
0
8816
1394
0
0
32
21
0
7
1
7
1
8
1
497
0
0
64
2
13
0
6
1
0
0
0
0
989
0
367
67
0
64
261
25327
2
1
415
0
0
0
214
6
20
83
508
0
0
17
0
0
0
23
0
14
0
7
0
0
202
0
0
3083
18
1
6
0
0
1475
1
1
0
0
0
4151
7
0
38
0
0
22401
6
25
133
4
4
0
1
1
25563
1
1
6
14
1
0
19
320
19
4
464
75
1
8
12
4
0
18524
151
4
392
1
2
57
0
8
0
0
207
40
1
146
3
0
36
0
26
99
518
190
534
6454
277
3554
4917
3
16
0
51
7634
25
12
251
1
0
120
0
1
2
5372
0
32
12
0
18
111
5
2
3
27
4
160
31353
11
1
5432
0
0
2
0
0
19948
190
97
59
271
13
2
6
1
0
4
3
9
2163
10
247
4
3
395
1
120
1
26246
171
4236
61
594
411
2
1611
5
0
4
3
33
4
90
0
0
48
1
2
34
6
0
7991
86
4
0
62
966
0
0
0
12859
217
82
0
15
5061
0
10
3530
1
182
84
23
0
6
0
5
0
2
36
28
2136
69
16
1
0
1
2
19
1
0
90
247
15
0
1333
22524
1
11
175
55
275
551
2
2
0
4
23
4308
245
0
0
201
1
27
140
0
39
3
0
420
28
450
1
320
7884
4235
0
13319
918
3
1756
2
11
53
14
0
1
7
12
377
19
409
0
18
1
1
1060
122
1
1
0
3
51
14
3
41479
7
0
0
743
10201
347
0
113
38
0
8
0
0
581
19
0
43
0
7
0
0
1484
490
2
311
0
0
0
0
120
259
5104
20350
3
429
0
1
241
602
14
1
589
0
2436
0
2
3
12
0
87
43
0
94
0
0
17
12
3
2
363
397
0
8583
16161
0
0
48
376
35927
1
0
0
584
0
1
0
0
0
7
452
0
5046
390
94
2
4
8
0
8
16
0
0
1
0
6
4220
10
9
1640
0
0
11
0
56
3
1
48
0
2
0
0
5
21
2
2
0
0
0
0
0
0
0
896
644
17
0
2
509
269
2499
0
2
301
46
16
3
2
6
0
21
0
0
11
0
48
0
1
5059
0
0
1
44
629
0
0
0
465
136
0
12854
16
194
7
53
0
0
2
55
0
0
0
287
0
0
0
0
1252
5
9
129
31
7
1
7176
1
0
0
6
0
0
0
12859
214
4431
2
2
5
0
0
209
373
229
4233
200
0
8
0
13
0
4
233
2
7
0
0
45
21
25
2
0
0
11
1
20713
6
11
5129
50
267
0
6
931
5
4
3
97
1
0
212
160
31
2
0
1
2
59
15
55
0
2092
2
0
4
3
0
8294
566
509
0
0
423
4411
0
31
0
0
0
0
0
0
0
86
0
0
2
48
0
339
122
0
0
0
0
24
59
0
3
314
6
1848
0
1
6
2
0
0
12
12
0
15557
2442
0
3
0
4
21
0
1
1
427
11
90
0
0
1
39
0
2
194
87
0
11439
211
2
1
1
218
2
7
701
2904
0
0
0
0
0
1
5
7
1179
0
91
1
0
0
86
91
0
828
15
105
274
300
2
76
3
17417
3475
6
45
868
26
0
95
13
10
14
0
1
0
18
2
80
24
1
0
0
394
61
56
3
1
1
3566
2
0
1839
56
5164
603
0
2
62
1
249
0
1
930
1
1
15
1
50
629
1
1132
1
223
25
1
751
220
0
2
0
11074
3
557
742
3
1374
2
0
1
707
14
0
0
97
2283
28
0
7
2
7
11
2
54
1
0
1
1
2
5100
0
1
284
603
2908
0
7718
2
28
1534
0
0
0
890
15
0
0
0
5
139
4
0
16
7
0
26504
33
3
46
33
17
8
3316
3
166
163
1305
1928
26
709
18
82
1
0
15
0
596
0
95
2
8816
157
27
0
2
0
0
127
6
4
15
0
1
0
0
58
0
185
2233
89
9744
0
439
0
0
0
0
0
22
0
0
2
19117
64
0
368
276
0
3
2
0
38
0
0
0
2441
0
82
0
8133
131
16602
106
8
0
1
0
29
0
142
0
1
4
4
2683
1710
0
0
2
3
750
1
20
0
3
45
6
4
0
10
0
1018
11568
70
3
1976
1032
1
4
3
4
50
0
1
7
167
296
2
0
0
4
71
1
21
0
7
1
0
4
117
4
6
0
845
6128
192
5172
0
6
5
0
0
13
0
2
26
0
2
282
6
2
16
0
20712
15
44
278
16
2
5
0
1
0
0
6
140
53
78
3
7
7
16
1129
0
0
5321
39
24
78
0
0
0
1
0
16
0
2
14
161
11
0
19
74
0
0
1
0
12859
2546
4
1
10
5
65
3953
1723
6
36
1
3
0
14
0
55
29
122
58
17
16
1
5187
13
14
0
13
2
1
7
10
314
2
21
6
13
0
92
3638
3
223
111
0
32
5
63
0
19958
54
3
0
1
0
0
8
2
0
48
50
5
28
1
0
87
21768
9
1
23252
15
130
0
1
5
0
0
25
80
44
0
52
342
0
3
82
0
4
19
0
4
1
0
49
19
0
0
9206
539
2
1
139
3
20850
485
0
0
0
0
19
2
0
0
0
146
247
0
0
0
3
20
0
0
2579
3
6
1
1
84
17933
7
3467
1
12
71
188
0
88
0
145
3
0
120
8
0
1
0
6
71
15
0
0
9
27
10
1
8
1
1577
2
0
87
0
840
92
0
835
1
1
4
3
0
16522
108
57
42
11
9
0
0
1377
276
2
8
0
1265
1752
0
1639
11745
0
0
0
2045
10679
0
0
206
716
10
7639
29
5
9
802
1
3
4285
36
0
1039
25
7
42
20
140
11
249
0
512
0
6
1
7
22
5659
53
0
198
10
0
115
2
4
2
81
0
2
53
0
0
0
534
1
1
0
0
0
6
2
0
1
11
1299
1412
7
70
9840
3581
369
32
2
93
0
123
1
144
0
234
705
15
0
971
0
0
146
1
0
242
50
220
4
89
51
0
2937
0
3
0
49411
1
3
1
0
21
0
1734
0
8
1037
2
5509
29
68
2
0
6
520
3
778
0
14
1
215
1072
297
9
202
1121
0
1837
38
73
0
2
86
2
1
4122
6
0
1
0
6
3
0
0
0
0
3
167
2514
269
11
8
5233
3476
0
46
0
1
14
0
100
1645
3
369
606
789
0
0
0
1269
201
133
0
7
0
0
0
884
5
85
0
10
0
0
1
473
2
154
4
0
0
29320
274
300
23834
12
5519
1695
69
430
488
17
17
9
0
169
1
0
310
0
0
0
0
0
0
0
0
3
104
2428
353
6
5497
8987
5675
14570
632
4
2
1
11
0
0
16
0
158
1084
1116
0
0
0
8
808
0
0
1
0
68
0
80
0
275
0
5
1
177
5635
10
50
2
115
10652
0
0
1580
13
26564
20
22
1
25
0
58
0
31
0
0
0
0
0
11
68
3
0
70
2392
246
6
3547
3
2720
6373
1778
80
0
0
26
0
0
11
0
387
874
665
0
0
0
18
0
1
1
1
0
0
1
0
1
0
3
0
235
1
2
6807
988
80
5748
22
6
2
309
292
7
41
4826
9
145
11
21652
8
305
112
0
0
0
38
11
2
0
158
1247
629
163
7064
2
2821
16
246
42
0
20
52
0
459
1
0
0
0
0
7
673
0
0
0
584
4
0
3
1
0
0
296
1
0
5468
5
10
1
0
258
0
8
646
42
2
0
6
0
46
184
8
7
6
107
14912
252
18
0
313
101
0
96
6
1
4
0
117
1741
822
6
6
1749
4
27314
281
0
1
273
2
16
8
0
0
0
4
0
0
0
0
0
7
14
0
1575
0
128
22
2
10917
1
2187
42
710
2
1
0
2
651
681
2
0
29
8
18
447
0
66
1669
426
6
1707
1709
0
5234
0
0
142
9
47
6
530
727
0
0
0
828
0
1
1
0
0
32
0
4
0
0
644
0
355
1
42
0
46
1404
36
0
1
56
1429
774
1
0
21665
21
1
944
0
198
569
383
7
1364
1225
5252
0
5
2
7
11
2
0
0
0
5
459
2
92
1
14771
0
4
7
140
4
530
727
0
0
0
1910
1
0
1
1
0
1052
90
0
1
1
0
105
2205
211
11
1269
44
12
684
0
4
1
0
1
4
1
192
0
0
0
239
44
0
1
1
0
0
26
10
0
0
17
1
2
0
0
2
1
29
1
0
0
4035
0
113
2200
499
10
669
245
0
30701
8283
23
0
0
12
1
14
7
0
0
1
0
14
139
0
0
0
85
93
0
3
1
0
0
22
0
44
9
48
3409
0
0
0
5823
7
2591
284
2
24
0
39
6
1
3
0
0
858
226
0
3
0
61
34
0
2
6
0
0
0
2927
11658
431
3
19
0
3
1223
2
0
11
89
762
713
249
10
579
198
8205
0
1487
0
2
34
0
0
0
1
16
72
0
0
0
5147
1
195
1
0
0
21
0
666
9302
0
38
1417
192
1
0
0
0
0
1
843
16
195
0
0
312
1
1
3850
62
37
2
274
11439
3
215
0
1136
1478
222
13
3
146
0
6
7
1985
0
6340
2
22
25
0
235
215
298
5
3
31
437
314
1
504
0
147
2191
8
1045
7
383
4
1664
77
20
228
1
78
3568
254
10
12
3
916
0
14
0
7
32
1
0
0
0
7
186
2
36
5675
62
427
6
10
20
10
44
6175
3
125
3
86
24
1
0
0
0
0
0
0
0
0
1
0
1
0
0
0
0
0
0
3
805
9865
182
55
4
189
5449
5326
39
0
0
5
6
93
0
0
0
31
0
0
0
0
0
111
0
0
2
851
85
0
0
48
772
58
39
1324
833
102
42
32
120
21
83
220
8
140
34
9
8
46
12
67
5
6
25
45
8
74
1
1
69
382
1
68
423
1082
108
24
1
1153
2908
36
6793
48
2901
59
353
0
44
990
528
6
3538
59
1
1938
0
2
0
1
0
1
203
2
56
3046
3
0
21
0
139
477
133
44
0
0
0
562
177
0
3
1
0
0
6349
0
386
1
2
318
0
0
2375
46
425
498
27
185
0
104
879
841
6
8
39
0
7708
16
0
0
4
78
5
0
0
0
32
0
0
0
0
0
39
6
14
0
12
361
71
3958
1
5
70
2
807
72
10
68
92
655
5
125
23
24
45
0
1015
30
192
120
173
1
31551
9
7
587
1019
63
591
0
0
185
0
104
879
841
6
26
283
319
2
15275
0
113
3
23
0
2
25
671
23
222
3
1
52
2
6
3
0
0
0
0
4
6
87
1
1
0
504
0
784
3365
1118
0
0
9
9
0
13
0
481
2
20
2649
955
2234
9
40
3
3
0
7
49
466
484
163
1115
68
3888
0
2665
4176
12
0
0
7
22
1
2
250
61
0
0
0
45
0
0
0
0
0
148
0
0
8
753
60
0
6
1099
0
8
333
4
10
5
4
1
1
45
83
692
226
333
4
6
2
231
12
25
73
22
13
21
54
2
0
14
159
0
357
462
124
609
1
57
606
622
0
8
1178
1233
28
1110
10767
0
0
1650
1550
0
28
416
1424
4
3047
21
4419
0
4980
0
5
0
38
3204
20
62
2
7
17
0
0
0
212
0
0
1
0
0
6
0
98
0
168
931
3
554
31
0
124
25
76
1
15686
8
14493
4813
4
1
3081
0
160
1495
503
6
31
182
302
35
0
5512
0
0
3
21
0
2
14
438
22
159
5
3
620
2
6
26
1294
0
0
1759
25
0
7
1
1
0
141
1
291
525
1
7
0
0
141
59
2
740
0
469
24
104
0
1
1561
0
2
1115
28
650
2
6
135
1242
28187
0
203
916
214
5
31
127
19328
460
48
9
0
23
38
0
0
0
0
0
2
1
0
4
1
0
4666
11
37
0
44
0
0
30
7
1
421
3
548
0
1421
84
573
110
2
3241
45
396
0
1415
0
4294
143
17
78
0
0
573
13437
27
9435
361
118
11
6
166
0
1
64
74
519
5
5
557
2
20719
114
3
4
314
4
24
562
2
5
42
0
0
0
1
116
0
1923
1
1
0
1590
7
0
8
44
81
1
1
292
23
2
0
41
14
5460
0
12
433
561
3
0
1287
483
7
10
200
440
784
4
0
0
347
3078
45
3
0
1346
1309
4
2
0
1092
3382
38
6136
29
188
6
1925
2
1
0
21
0
535
3719
4
2
9285
22
5675
17407
9
2
0
0
6454
0
45
61
215
3591
2
11
14
0
0
118
5
11
0
228
9
0
0
1
0
8
0
49
25643
10
0
149
0
730
405
0
64
66
24
0
0
0
577
0
0
0
5411
2
829
62
0
0
0
0
0
0
0
0
44
0
6443
121
2
23
0
0
1
9409
4
31
714
0
25
38
1
0
0
0
2054
10
0
0
0
0
0
447
0
8
0
3
0
5
21656
11
13
35
112
65
61
0
33
39
58
0
0
0
54
144
0
1
0
0
0
276
0
0
74
0
0
0
0
2
0
1
11000
0
16
0
2
0
1
6
0
4
250
25
2143
0
30
139
6
0
685
0
5
0
0
0
0
0
103
2
85
0
117
4
5219
1
823
3200
67
0
90
6
1
218
0
90
48
75
2
89
0
71
27
86
0
0
0
1273
0
185
5
0
0
1142
0
0
31684
9
0
19
1611
4
117
2
0
0
30
68
29
0
0
0
5
134
0
0
0
0
0
3094
3
0
0
0
0
0
0
0
1294
0
0
3
458
0
1
2
1
0
3169
12
0
0
1741
0
28
141
3
0
0
0
12
0
0
0
0
4
1
2563
7
769
10823
2198
0
41
17
1
0
0
0
4
42
2
6
1
1
0
11256
0
9
0
0
0
0
0
0
0
0
0
7
6109
0
1
6
203
0
8027
2
4
0
69
4761
21
0
4835
0
426
1188
19
0
0
2
507
21
181
1
0
0
1
563
544
18
14395
8958
240
116
1412
29226
100
9723
273
2
1
845
12966
217
0
0
0
0
5
13205
52
792
1
0
0
20
2
0
7331
14627
17
0
0
0
0
0
1940
386
0
6426
0
3579
0
0
987
1
0
1274
7
1
0
495
0
0
465
3
0
6
2
2
0
0
64
0
0
469
8
4618
9306
0
329
794
0
506
29
34999
0
0
0
439
628
16
13370
62
300
4
414
368
0
1
98
5
1
0
0
0
2
3269
4
8008
4
3448
4680
0
264
434
70
5092
0
8
0
1
29
3
11
2
0
2
31
0
937
0
0
0
291
0
78
9
7
10
0
12177
1
10
1
10
2609
0
414
7398
20
23576
35
0
0
2
336
1
295
1
326
2
18
0
0
0
10
0
1468
15
0
4
1
15839
177
35
19
1
0
0
0
1
0
0
1
0
10
1
1
0
2
1
4
1
1
4812
0
1194
353
11
13500
11
385
256
0
0
1940
4151
121
1
14489
0
0
796
108
0
10
31
30
1425
0
0
496
3
0
1326
384
1
1
0
0
170
59
0
355
18
0
0
1940
817
42
23257
11
1
0
762
781
0
25
5
1119
0
0
558
16
0
1551
5
1
0
2
0
5
2
10
0
1
0
0
0
1940
9773
21
8283
0
0
780
1
11
0
18
2890
7
29
1
120
0
0
456
109
0
3632
0
0
2
17
13
0
8
15
0
3566
2892
34
31063
25
0
0
59
282
0
9
158
110
135
77
0
0
1
3
0
13
0
0
0
22
0
1
88
0
0
0
170
28
16398
7
0
1
6
0
1
1
0
1
5
0
0
4
4
4
0
0
5
0
27631
0
2030
1361
7
8889
57
0
7
1
0
7085
18
0
1
0
0
0
1
1
11
2
1
0
8
1
8106
0
1041
10114
2
8757
0
0
2
17
0
0
0
0
0
52
0
1275
20109
0
300
327
97
2160
7
9
0
44
0
0
2
2
0
8
0
0
0
56
0
6952
8
0
8
0
8
2
18
0
3
5104
0
333
9419
2
405
453
2
422
0
0
1
210
0
8995
0
0
0
195
0
39
26
398
5
36
10
1681
13469
0
0
0
0
5669
11
49214
76
2726
0
126
2493
0
0
48
1
0
1
10
0
0
5
529
0
0
0
213
0
1
1
17
379
21
65
0
0
3566
5506
9
172
356
160
212
56
0
0
62
28
0
5867
0
0
0
90
0
44
16
73
12
1
0
0
0
291
0
50
6
211
100
4107
2
10644
0
486
461
47
3
33552
15
0
0
1
3838
0
8050
5
10
0
25
2
0
0
0
126
0
248
3
1
0
15
14506
16683
0
315
255
33
23362
0
0
1
478
0
0
0
0
1
105
0
0
0
0
0
10
0
9
26
46
22
0
0
0
234
28
31173
21747
0
917
5118
12
774
7
9
13
0
4
0
7
1
8
0
0
10
93
145
0
101
0
0
0
2834
0
1
0
0
3566
1194
108
11607
19
45
88
10
3064
3
1
18
0
0
0
90
6
0
174
148
35
18
1
0
0
39
0
47
17
9
6
2
12177
1
10
1
5
9
0
2879
0
390
5337
4
13464
0
0
2
1303
0
165
15
0
0
0
182
0
2632
2
55
0
0
30
0
13085
53
75
0
21
0
0
1
0
0
1
0
1
2
0
0
4
0
1
0
0
0
6
0
0
7
3174
0
641
1998
0
19376
5104
0
333
604
51
7964
29
0
1
0
14
1
2
0
18
0
39
0
15
0
12
0
24
1
2
0
13
0
1
1
1
0
12480
45
19
0
4
8504
0
1064
1821
6
713
16
41
10
0
5
9
979
0
134
286
1324
108
0
0
1
70
0
695
558
6
112
5104
0
333
2618
14
1030
11
10
13
0
4
0
8
13
1
17
9
17
3
0
0
1
0
0
1
0
0
4
5125
0
468
3
15250
39
9
0
8
2
5
17
1
5
4
18
5994
0
1116
3316
3
642
49
4
126
21
2
54
11
3
137
4
0
0
162
37
1612
3758
510
1
0
1
56
0
20
0
0
8
3
0
0
0
5
2
2
0
9
0
122
31
0
0
0
0
4
2
2
0
302
517
9056
0
3
0
1
64
101
0
2
1057
3
0
2
40
2
0
1
1
0
5
0
13
105
62
88
0
0
0
0
4
1612
11
0
0
28
1025
0
0
225
0
8
0
9
0
21
0
16
0
6
2
0
0
0
0
3
24
0
0
0
1
0
951
21286
0
30
0
68
75
0
0
0
0
0
10
75
0
1253
631
2
5
7987
0
0
0
1
49
0
0
0
0
0
0
0
12
75
3367
143
8
35
0
0
189
40
0
0
0
24
1176
3
1
0
0
77
0
0
0
1
0
515
0
1839
1355
1
0
317
19
47818
0
1578
880
0
0
146
11
0
0
0
2
7
27
1
349
0
518
0
2
36
212
1724
14
1
161
0
2
27
0
0
1
11690
131
0
3
1
5
0
7
48
0
361
248
0
37
80
0
1
3
7
0
6
0
0
21
1
0
2
6
0
0
0
0
169
9913
0
0
0
1
181
1
21
1
2
0
7
0
0
0
0
2
0
0
0
199
0
1268
161
0
2
15
55
63
115
255
169
10634
913
474
0
238
3
46
349
2
8133
22
5
0
18
0
0
0
3895
0
13
0
8
0
0
15
211
0
0
0
18
25
11
0
67
2973
2
366
100
0
31
224
1
28
5
0
0
29
3
0
0
708
0
15
0
0
0
97
37
0
0
0
764
0
225
31
394
1
8
110
0
1
0
0
55
2
55
1
11535
5
3
0
0
0
5
0
0
0
0
743
0
0
0
0
0
0
27
1199
699
1
7
21257
154
0
0
52
0
0
0
749
0
0
0
0
3
27
1550
0
30
0
0
0
10
4
0
0
0
12
225
31
394
1
8
5677
139
8
0
0
0
371
214
46
0
7737
10
197
1
9
33
0
1
1147
0
1
1953
0
0
0
1
0
163
1854
0
658
112
0
23
171
24
0
0
1
17
0
30
0
0
0
2967
0
3
0
0
0
135
597
34
0
2681
13840
88
403
65
0
1972
16
603
2
0
3052
17
5881
10
400
0
3
77
1
1
9813
0
322
206
0
17
57
20
1
0
0
24
0
2
0
1887
40
3264
10
253
211
0
0
603
3094
8
6783
39
379
0
32
0
3
1
1
7
4549
1
241
0
0
0
51
3
0
0
0
20648
4
1103
594
0
24
5709
0
2
2
0
0
443
3998
12
7410
7
1
0
18
459
0
24
0
0
0
0
6
2
1
8
157
0
992
17
0
50
21560
0
0
57
0
295
93
0
43
927
0
1
0
1
17
0
110
0
0
0
1625
0
0
1
178
128
127
169
11900
207
626
0
552
9491
935
210
155
2
34
26790
0
3105
2
50
676
1903
0
1
55
0
2
1900
531
2
100
1
46
85
18
169
63
970
35
259
0
1
36
4
0
1
6563
0
0
200
0
0
2
32
0
43
270
0
3
98
2
3
16
0
0
49
5
1887
40
183
396
113
0
20157
27087
859
19
1
1
0
1
6
50
1
0
36
2
17
1063
3968
1
2
1
0
0
4
484
1
1
163
18166
98
24
2170
109
48
10
3
0
2
0
5
186
0
1
73
1
58
1415
13
3
1
38
0
41
264
142
178
0
41
7674
87
608
452
5
0
3403
0
2
314
600
47
7
21
0
492
3124
3377
22
1
4
40
3
0
1
30
3
102
44
0
1
573
0
163
40003
0
2768
64
18
0
10
161
25
444
952
1321
264
84
0
3
1
97
0
1
55
1
93
1739
0
1
0
511
490
8
78
862
1284
392
6
0
210
0
14
1
0
81
2409
108
6
0
4
0
0
0
0
0
0
0
0
0
0
0
12
10215
2
51
1218
554
0
49
22
30
1018
809
7525
2
1192
286
5689
33
245
11
27
3
0
1560
3
872
59
322
207
1
383
5
1
0
6
697
0
70
1466
191
2
5
14
0
2151
1773
527
2
115
7
1258
0
0
0
0
0
1487
1
10
136
70
0
5
1
1
2
0
179
8
1612
11
0
0
0
0
0
0
0
0
0
0
0
0
0
1
75
16
2
0
43
10
233
2438
2
2
2
0
124
641
5
385
862
1284
392
6
0
210
0
14
1
0
81
2409
24818
14
6652
3
0
79
69
223
2
0
4
1
0
0
0
0
0
0
0
0
169
56
1372
17
323
4
66
47
8
1
1
0
0
0
0
0
0
0
0
0
0
0
0
0
2
16
14
226
0
566
11
1
163
18142
814
0
3413
0
294
935
2
1
2
1
2
0
6528
2
62
1
67
0
0
0
0
0
0
0
714
30
549
16
3
12
142
7
5221
0
2762
253
0
1
1
0
1788
9
0
85
10
0
1
113
8
207
30
302
3
2
2
31
2
321
0
7
2
4
5104
0
16
8
0
1
67
1
53
191
124
2
2
1
39
0
3721
0
2
0
0
4
1
0
11
321
80
46
402
0
0
0
163
21
0
4
60
3
146
1070
255
0
1
1
41
2
25
57
2
9672
0
3
1
0
0
1
0
0
0
577
12
15
876
4
1162
697
89
13407
73
8
131
0
93
517
188
7
4
21
1
1
11
1
28
281
0
1050
959
17
3
3887
1
0
1
0
1
1
876
0
12
7
2
89
59
0
13
10903
4
263
97
0
15
139
1
22
4
0
0
39
3
0
0
681
0
14
0
0
0
129
440
595
1
8
6024
12
1
5
0
0
0
313
4
0
0
0
183
505
266
0
54
1055
5265
6
0
1
841
2
292
0
0
33
20509
18370
5
226
0
0
3466
57
6
0
0
2
54
6592
3
0
186
4
301
0
230
14
0
14
0
19
8
0
0
158
4
43
10431
2672
25
909
0
315
946
0
55
10
1493
22
1
0
1268
1
482
1
13
47
20
0
1
29
0
8
5
33
9
8
0
5
314
2
6586
36
258
1384
3
0
0
9
0
2
385
0
0
0
1
1
0
5
0
4
0
1
0
0
3
35
0
0
9
18
2742
3
14721
6661
0
0
2445
2
0
1277
393
0
1
1
44
84
17
165
24
1
0
2
0
1
2
6
5
41
0
35
0
1
638
1
11836
815
4
1
2
203
193
77
1
1
1
111
1
0
0
5816
6
4
1801
1745
0
2
1
1
0
33
24
1
0
111
12465
0
0
10997
1
723
0
1
6
0
0
513
0
1
59
2
13
17
0
0
2369
2450
0
1
0
11
0
15
4
1
0
0
87
36
1582
20270
7261
0
20
2
4
0
0
10
0
210
12
157
8
2
3
1
20
0
3
3
0
7
0
0
0
158
11
1
31651
16
21269
3530
0
0
0
184
3327
0
0
110
149
2
0
15
4
1
7235
1
4
0
0
0
169
0
0
0
0
0
82
174
797
84
0
6237
380
92
0
0
4607
1
4
238
1
15
233
1
1490
12
0
0
7
1
2
0
0
1
1
0
863
1752
0
8
320
1183
19
0
0
12216
6
1
0
1
55
514
1
2
120
0
7
0
100
147
22
0
0
144
1
79
5
4
0
0
0
0
5104
202
3
171
3345
2
2
1
5
0
0
0
1915
0
2887
1
110
473
0
0
2
4
0
1
0
0
0
298
32
8
107
141
65
276
9
0
1880
379
5
2
1569
326
0
5784
25
202
1
0
1
510
0
7
3
0
0
0
2
63
0
295
32
3
0
238
40260
8
6
5
1118
7
0
4639
549
1
1
1
25
8
0
27
0
35
0
0
0
29
7
0
104
0
1
0
21
4
0
5
163
2629
17
0
0
13
336
4634
7
737
3436
10
16
42
3
11
1
85
62
0
0
9
9
8
79
157
5
1068
0
54
369
3
261
6125
907
0
6129
27
0
154
11
6
5614
1
363
1
6932
2158
0
7
1
0
0
0
0
0
0
5062
485
5
2
2
162
431
6900
24
1803
0
220
0
0
1045
147
146
7
269
28
2
1
2
8
3150
0
250
286
5
2
2
0
0
0
0
0
4
2
0
11267
1624
9
1
2
233
18
943
1549
50
893
25
264
1
1
0
0
1
147
0
0
2
0
0
0
3
12
293
118
0
33
0
7796
43
0
37
173
4
14165
211
10
2
2
293
6
747
0
4
0
1654
2
42
0
2798
8
55
2
48
0
0
3209
64
5
23
15
28
1
0
118
552
3851
332
0
31
28
6
10
235
1
0
0
9493
771
4
1
3
1468
149
0
3
3
0
5
6927
1
508
23015
6582
42
2
0
0
62
5647
136
0
0
2
0
29
0
0
0
3
4
97
13
869
0
25
0
3
74
6
89
592
1
2
4885
1
9
0
16972
116
60
595
1
3
20
0
0
0
3478
51
0
0
0
5
0
5
3
0
2
0
15
0
69
0
254
56
42748
2
252
54
1
886
2
821
5
0
3
0
36
317
0
909
1
13
0
5355
3996
67
92
865
0
456
1
2
1
44
302
3
16
30455
52
0
0
5
0
0
66
1579
5
2
115
106
1919
629
1245
5
0
51
0
0
25
0
2923
58
380
55
225
1
0
6
26205
61
6785
155
0
0
44
0
3
7
0
0
4
0
77
110
5
1
4269
3
0
3
1
0
0
1
311
230
40
533
1
0
0
2
206
0
0
193
32
9
81
22
21
0
0
1781
0
34
0
1249
228
131
63
12740
1258
0
97
29
110
52
0
0
0
4
603
8
10242
564
1
0
0
0
5
17
0
0
0
4
0
1
1
5
3
7
576
4
1
1
5
0
1292
3
471
0
6
405
11
13661
158
194
1
25
0
158
6
1
967
20
0
3
15
31
65
1
4
127
88
15
0
0
0
498
0
144
0
0
27
0
12859
2801
1
471
0
666
0
52
0
17
0
0
9
0
0
8
45
9
0
937
0
415
7
0
0
0
0
2957
2850
1
3683
0
2045
2
1070
18
9
2528
0
29
0
10
2218
620
0
9
18
4
10
2155
1658
0
70
1933
43
753
0
0
0
422
0
5
0
0
49684
0
0
1654
537
1
32
13
243
0
3
1
22
131
71
29
0
0
0
0
0
205
4
334
0
0
0
125
288
12
264
0
0
91
4869
3788
1679
9
5
1
7
0
0
21
0
93
67
15
0
0
0
0
0
0
1028
704
2
10010
11
1046
10
7
0
1
249
1
34
2
0
2019
1
0
2249
0
0
1980
0
514
0
1319
0
475
333
0
3
250
9
9
119
0
3
19
8
0
0
0
440
784
4
0
8
22973
39
733
0
0
3
0
16
0
78
1
0
1146
60
1
0
2
0
0
3
0
0
127
115
0
0
1
440
784
4
0
26
1
0
2981
11
0
0
1
5
0
0
1387
0
0
0
0
1
0
0
43
0
0
0
1302
17
33196
1
0
13516
23624
0
407
260
4
90
2
6
0
815
1228
593
1
0
0
1
1
1
0
0
0
0
0
0
0
0
2050
0
0
0
0
0
2762
230
6
465
3
2
0
1214
1607
276
745
0
0
0
0
0
1
159
0
0
0
0
0
0
0
17
1582
0
0
0
0
0
2762
230
6
465
3
2
0
1214
166
254
944
0
0
0
0
0
1
155
0
0
0
0
0
0
0
0
791
0
0
0
0
0
2762
230
6
465
3
2
0
1214
2575
83
9
57
4
0
0
0
0
0
0
162
0
0
0
0
0
0
0
1
13
442
0
3
716
2702
11625
0
792
378
2
290
1
6
0
709
871
31
5
1
0
0
0
0
0
3
0
0
0
0
0
0
0
0
311
88
638
901
2873
0
637
0
545
306
11
236
3
19
0
579
220
2978
0
0
2
0
1
2
0
0
0
0
0
0
0
1
90
163
1115
6118
3496
0
406
301
6
271
2
6
0
556
1
336
198
1
0
2
0
0
1
2
0
0
0
0
0
0
0
49
394
163
2064
7743
23155
0
316
349
8
180
2
7
0
706
240
35
16
0
2
2
0
0
0
2
1
2
0
0
0
0
0
0
0
3
34025
932
0
1
1548
0
669
473
1
412
2
3
0
428
0
1
1762
0
0
1
0
0
0
1
0
0
0
0
0
0
0
3
24476
7585
1
0
1353
0
912
953
2
349
1
2
0
484
0
156
18
26
0
0
0
2
0
1
0
0
0
1
0
0
0
440
784
4
897
2555
80
4798
57
2
197
0
0
22
1
0
1269
1
0
0
0
10
76
317
1
0
0
0
0
0
1
0
0
2758
27
118
5
1588
70
1442
29
63
16
3
0
0
0
0
0
1
0
219
1
0
233
0
0
0
0
0
0
0
197
183
0
24
1566
32
115
223
23839
0
808
316
4
294
2
7
0
832
6
1
114
2
2
1
4
0
0
0
0
0
0
0
0
1
0
169
2127
20
59
0
1387
69
113
221
915
1
0
0
0
0
1
2
169
1
0
279
0
0
0
0
0
0
415
444
3
0
0
1234
240
266
5
5393
0
253
302
3
710
1
2
0
390
89
114
1367
3
0
0
0
0
1
1
0
0
0
0
0
0
0
0
1234
282
687
59
587
91
0
0
1094
0
292
271
3
520
3
2
0
840
13503
7736
1
2
0
0
0
1
0
0
0
0
0
0
3566
4352
17
263
2
0
0
0
0
0
702
336
9
559
0
4
0
251
1
1302
386
419
0
0
0
0
0
0
0
1
0
0
48
2743
213
36
12
1
109
31
0
0
284
0
0
0
1
13
0
0
355
0
0
0
1
1
0
0
139
2882
2
88
2
0
169
0
205
529
0
601
1
2
0
2058
66
83
368
40
0
0
0
0
2
11
0
0
0
0
0
0
0
28
54
26
725
0
4
1174
212
684
30057
0
1216
166
6
120
2
7
0
670
16
5339
2811
2
1
0
0
0
0
0
0
4
0
0
0
0
0
0
3566
2183
21
4
1259
40
4
51
0
1
0
1450
253
5
558
1
4
0
271
0
13529
15
0
2
0
0
0
0
0
0
2
0
169
2127
20
59
0
1387
7694
363
10257
2
0
0
0
1
3
177
1
0
180
0
0
0
0
0
169
64
12
3
309
80
761
1
938
5031
497
46
33
209
100
1110
10126
0
300
353
2
362
1
6
0
1024
792
0
0
0
238
5
300
6
1
0
0
1
1
0
1594
8427
0
273
157
3
364
1
7
0
606
52
2565
5671
1
0
0
0
0
1
1
0
0
0
0
0
0
0
80
86
4470
165
4002
138
3203
312
4090
165
26
771
0
383
75
10
240
1
5
0
740
7544
455
12
1
0
0
0
0
0
1
0
0
0
0
0
169
734
55
1025
45
333
25
0
0
0
0
0
5
263
478
0
1644
1
6
0
81
53
16
101
1
0
0
0
0
0
0
0
440
394
3
502
3
2
0
838
58
318
178
3
0
0
0
40
30
0
2
55
0
0
0
0
0
0
0
1
15
17
0
6600
163
2636
53
6
3
11405
3397
0
384
449
10
264
2
9
0
761
4
59
1
0
1
0
0
1
0
0
0
0
0
0
0
194
329
22182
80
3202
253
0
642
0
421
234
6
372
3
8
0
649
145
4273
6
0
1
1
0
0
0
0
1
2
0
0
0
0
5659
53
1178
55
2463
197
436
12
1
1
0
0
0
0
0
0
0
3
198
9
0
1131
1
2
0
2
326
650
3
0
0
0
0
2762
230
6
465
3
2
0
1214
2127
7
177
11
6
0
0
0
0
1
0
161
0
0
0
0
0
0
0
50
1
47
892
163
8394
73
941
4300
10473
0
318
263
6
396
2
4
0
650
15
134
84
1
0
0
0
0
0
2
0
0
0
0
0
0
0
3352
2278
303
6
889
85
0
0
0
1552
0
647
631
3
343
2
6
0
681
4
913
3
1655
7
2
1
0
0
0
2
0
0
2758
27
118
5
1588
8069
2773
184
2
0
0
0
0
0
204
1
0
237
0
0
0
0
0
49
2
7848
0
0
0
0
0
0
0
2762
230
6
465
3
2
0
1214
5090
3250
12
11174
3
28
0
0
0
0
1
160
0
0
0
0
0
0
0
20
105
3
3575
88
638
272
276
17
2354
10
435
0
649
331
12
455
2
9
0
495
43
343
670
1
0
0
0
0
0
2
0
0
0
0
0
169
734
231
306
52
5
0
0
0
0
5
278
435
0
1
902
3
6
0
5
1
0
0
0
95
0
0
0
0
1
0
0
4946
1132
14
3
0
898
53
0
2850
66
4405
0
91
2
5
1
53
0
1
331
3
1
1961
0
1
1573
1
0
0
0
0
494
5669
12
7
451
43
9
0
2
73
3
0
0
1
0
0
0
1
4
0
0
0
50
0
0
0
0
725
36
0
1122
44
4046
4618
55
0
23
28
106
0
0
12
0
295
1
0
2372
0
0
1802
0
0
785
1
20365
844
174
0
84
2173
5
1271
14
1
791
8310
28526
0
2
20809
59
1
6445
219
1
90
0
0
17
1
13
0
1
190
59
20
338
43
243
1
0
0
0
0
0
0
65
3566
2183
653
21
33117
148
4
5
0
0
0
0
0
0
0
0
164
2
1
277
20
3530
41
1
0
0
0
0
1
0
33
2
38
1077
192
5440
348
2140
2225
4
471
0
89
168
824
30
0
14
0
0
0
0
0
830
489
123
0
0
0
0
0
0
0
0
3938
68
2300
3015
969
67
0
0
0
2184
0
129
62
4
162
17
0
0
0
0
1
32
2
4
636
5
2538
41
0
2
2229
32
314
2
1335
0
0
252
1
3
0
0
1595
2095
0
0
38
767
4
0
0
28
0
2219
1443
992
0
2
1
1
40
0
2
1
320
94
0
10
893
4795
1582
86
288
1
316
12
3
0
1
6
56
4
5034
779
0
1
0
0
31
45
0
1
0
1
0
0
0
91
179
25
791
381
2
0
4
7
1
1210
0
0
165
58
0
0
11413
6
1
0
1
0
13
693
12
3
12
2
0
319
125
0
453
1
0
0
169
12
23
0
507
0
6
28
0
956
55
26
2
0
5249
636
4998
0
4
5557
1
30
22
188
8
0
11473
63
9
32
9
77
0
112
0
0
434
10
0
51
1
754
11
0
0
0
75
1
0
0
0
0
1
0
0
0
10
0
936
18
2
30
337
0
204
0
14
3
354
14165
121
1831
0
72
123
2727
2588
2178
16
1
0
0
0
0
0
0
0
29
11432
17
274
267
19
35
1199
0
4506
232
4
3
10
19
41
1
1
5
5
0
3
29
0
0
0
0
6
0
2
3
182
6
0
7
13288
982
0
69
22
8
1
0
0
0
104
2
7284
108
6
233
8
0
0
85
2
2334
116
0
1
1
4865
1
44
0
0
5
7759
0
5126
172
2
669
2420
3
13
0
1
5
3
456
0
0
37
3
3216
17
557
27
0
1
0
0
3
26
31
13
5
0
12859
1202
3
16
0
158
413
9
1419
2039
1
58
0
15724
52
0
487
34
257
1
0
4
0
0
5
1
13
43
21
26
389
0
314
1
8316
281
0
0
16
0
8
13
0
0
7
5
0
0
0
195
131
98
27
0
30
4
1
0
8
2
666
0
2
0
1612
8207
0
0
1174
0
0
2
141
0
0
125
0
219
1157
4
0
4
2
0
62
0
0
41
59
16
205
8
20
8
2
0
6
110
140
49
1
23
499
45
27
702
1
0
7
1
3
1
2
0
0
0
7
5
7
1
49
0
0
0
137
1
0
2
12218
72
0
0
13347
110
10
19
272
330
0
0
1
14
85
56
0
0
0
9
3
0
284
1
90
198
0
40
0
7
9
0
320
3382
2
363
0
66
28
0
0
108
1654
3
83
36
0
36
140
16
285
0
0
25
7
0
58
0
183
0
150
16
3
0
46135
0
1777
84
1029
0
0
7
26
141
19
4
0
272
26
3
4510
0
0
1
0
0
2
0
57
98
91
1
119
0
1
1555
1788
3551
62
287
20200
3
874
0
1
27
0
5228
295
11
3
0
11
63
106
0
2
18
198
134
0
2
14
0
48
0
57
19
41569
155
3
0
8780
809
10
1
7
3
2
160
0
16
0
0
106
30
0
235
0
0
45
204
1
0
0
3
1061
21
0
2
37385
57
0
1
2
712
0
4
3
8
10554
7715
1002
2
0
0
0
55
31
1
0
5
0
19
0
1
0
2401
381
0
12
0
3566
60
83
3180
742
202
18
13
375
1
4
3
0
0
0
0
0
163
24
0
1763
6602
254
0
39
1
620
0
4
0
83
1
0
91
6871
1272
5
5
172
0
1
0
0
1555
15803
45
0
32
0
3
0
76
0
41
4
0
0
0
22
0
0
0
64
29
14395
19
9454
0
26
37
887
3
176
1
0
0
0
1
735
19037
5290
6
372
0
0
44
44
0
113
0
6
0
0
0
734
4
390
44
98
182
598
6
3
123
0
1
0
1
0
322
1
0
0
0
0
0
0
0
117
0
0
0
0
0
0
0
6
0
147
213
1
15652
0
48
8
2627
0
29
2
0
0
0
0
0
12
0
0
0
0
0
0
0
0
7
129
1
0
0
22
0
28
1083
9
0
40
0
0
21
8218
0
0
1842
1859
12
2
0
1186
3679
42
48
1575
125
4
473
19
1
0
0
1
0
15
5
192
0
0
0
768
0
0
0
40
0
5
0
0
72
3
0
391
6
3
3585
6
2
125
12
2
12
1
0
38
21
89
1366
268
2097
9893
1
93
0
479
4
2
29
769
0
87
4
4
0
0
0
232
27
0
11
41
0
66
19
0
0
0
142
23
0
541
241
1
968
186
7865
2
12
111
9374
519
0
1200
13
0
1
284
6
21
31
316
178
0
0
0
4982
224
2
486
0
0
0
8
153
1
110
2158
679
1
22
36
189
1
192
0
281
0
11
0
32
0
0
40
0
0
31
6
62
0
0
0
31
1
37
4802
3
12
0
190
18
38
0
126
3
240
681
2
0
797
0
2
0
29437
1524
1
268
102
0
0
0
0
1
20
5
19
1
4379
2527
30
1
46
5
132
273
29
0
0
0
910
7539
386
0
0
0
7148
20
0
2
0
2
1334
0
139
362
122
0
0
0
42
353
0
0
0
218
0
0
0
0
0
238
0
246
12
0
274
3
268
308
0
19
2
0
0
0
0
656
0
0
3060
13
147
0
27
31
94
52
225
2
2163
0
0
1922
131
2
12
0
9
1
3
0
0
0
69
7
14
0
0
0
1169
287
165
0
6
5
0
2572
0
2
1041
26
1
1
0
0
1175
0
2
0
968
9
5
11
0
280
7
0
1
0
0
0
84
3
0
0
335
0
154
1374
0
1
0
888
4585
0
2958
119
2
1
1561
960
0
131
0
1165
7
663
3
47
0
0
4191
124
0
3
0
1
0
91
305
53
0
0
0
166
97
5
461
0
3
0
2065
32
5
3
0
0
1
138
0
6
6
2877
24
1
0
132
4
25
10788
7
945
119
16
0
38
137
124
0
0
0
92
0
0
0
2883
0
1
0
58
61
0
257
84
0
0
17
1
1
1649
1
10575
90
0
674
218
8
156
1035
1
11
0
0
15
732
443
0
1
579
1
5
57
134
2
35
4
4
0
0
0
4539
438
0
6
5
0
9734
61
20
0
9702
4
26
0
0
0
3373
20
0
0
173
77
17
0
0
1
27
0
7
0
0
30
101
19
0
335
0
37
40
0
0
1
0
3
25
7
0
0
3
1315
0
1
1189
19
117
2
0
0
0
97
2
426
1
0
315
147
0
41567
12
1071
44
1
0
2271
5263
0
0
0
1068
21
0
0
0
520
78
0
0
0
218
29
0
0
0
0
34
38
0
1
0
163
307
435
0
421
855
0
434
20
2839
4
0
3
0
0
0
2
1
0
1160
0
2446
0
0
44
0
13332
2
280
0
1479
49
10
1271
234
2684
30068
11899
0
197
684
22
685
0
3109
3
1725
2
0
0
0
1
33
0
5
4
6
799
65
0
0
0
7
0
3
816
1
12249
3
210
2
15108
0
158
3970
16
0
27
14
30
1871
0
0
1
53
0
1
0
294
3
0
0
0
2
1
0
31
1371
2
884
74
28591
0
82
4049
31
14
7
1001
73
1
2
20
0
0
2
400
0
203
0
0
1
20
2
1
1
0
0
12822
2
8
21
0
22
1
0
6
0
13397
0
782
545
1
3453
15
22600
0
0
0
3
36
0
523
4
289
160
246
7
42
0
0
1940
361
31
1533
45
32391
132
0
0
747
56
0
9600
7
7
1
11
6
1
4
5
4
0
1
8
1
2
1
1
1
0
3566
8765
10
14425
12888
423
5358
0
0
66
10
0
2
30
2
33
8741
0
0
1
202
0
0
0
0
196
2208
28
188
0
0
0
4140
72
3330
6
9
0
1
0
5
0
1
2
0
1
2
14
4
3
4
16
3332
0
292
738
0
3643
61
16239
0
0
0
0
8455
12
175
184
2
1746
11
707
4
2018
0
166
5690
0
2178
7
0
0
93
3
1
51
64
13
1
0
2
21
0
1
0
2
30037
37904
13816
0
279
3165
2
53
170
5
1112
26
0
0
1
397
0
99
0
232
40
6
13247
1
2
45
0
0
0
17
0
1
10526
27180
0
5533
0
175
3132
13
1049
7
13
1
1
1
3
0
7
4
0
3
5
5
12
2
3
5
13
9
0
2
60
0
3
816
2
6276
14930
0
151
10526
12
9434
4
0
0
0
1158
196
1
0
153
1393
10
0
0
0
39
0
0
0
4
163
3
0
5104
0
333
6309
6
16
779
1
5774
0
0
1
2380
0
0
0
1
77
9
14
0
0
0
63
0
0
0
1
2
2
4
2410
5104
0
333
2618
14
1030
11
9
1
2
1
2
0
12
5
1
0
4
5
13
2
3
6
13
16
0
3
91
0
154
3
0
5573
0
21
0
41
19
3
33
0
8
20
2513
102
6
0
0
75
37
0
9
346
1
0
1
6
11
33
0
0
4
3
0
75
0
111
31
0
4
56
0
1154
624
0
0
1
73
0
0
0
50
0
791
0
0
0
0
10
0
0
0
299
2
0
4
1612
11
0
0
0
38
337
0
6
29
32
105
0
0
0
1
19
0
0
0
0
0
52
0
0
51
0
5
0
15
1
8
28
4508
5
49
201
1537
596
0
0
2
37
46
0
0
0
3
1742
1
0
0
1
12
0
0
0
0
1
1
1
4
0
755
2225
12502
512
271
0
0
94
93
0
0
0
0
0
3
24
0
25
2
598
0
0
0
0
2
0
0
0
0
8
845
1
0
75
0
111
31
0
0
0
5
88
35
1
350
0
466
0
2
58
7312
10
0
6205
95
4533
1
1
89
4
11424
2
0
43
1
390
178
1
1
17
65
7
14
1
27
132
392
11
0
0
2
1
0
12
41
23
3
0
0
1
0
0
0
0
5
68
4
0
91
6871
2871
12
307
12
1576
0
8
5
0
3
0
4
44
4
2
73
0
3
25
0
9
0
0
143
7
0
0
1
0
390
337
212
21
254
421
5
296
0
0
144
5
10
190
11
435
22
0
3
0
0
130
85
0
0
223
6
0
5
1
2
0
128
9
10
265
1
275
3519
8
3
0
70
0
47
26
127
91
167
2
2921
0
0
0
14
0
155
0
1
0
0
0
0
3
17036
17442
80
5
3
0
6
42
6
102
212
91
110
0
7
24
34
9511
7
4729
0
0
0
248
0
0
173
0
21
1
0
11
147
30
9
5
2
2
40
7195
2222
45
1621
19
4
78
448
4
1437
4
213
4
3
302
0
3
123
64
3
4
74
0
2
2
0
91
6871
1
5404
0
8
212
476
115
0
3
3705
0
6
21
0
24
36
1463
0
0
0
978
675
507
0
1
0
1266
852
9
2328
7698
0
0
111
1179
23
2652
2
0
799
149
0
0
0
0
541
2
0
0
0
0
141
43
0
8359
5
0
1
23
0
0
3566
9097
14
93
2084
178
179
933
4816
0
0
26
6
0
521
8608
29
0
1
64
0
4856
15178
187
5
0
0
0
219
0
2
6
0
1940
8023
2
7234
0
7
1
32
0
41
5
0
0
32
50
2
16
288
0
0
0
27
12
58
0
0
23
3
1
0
0
1612
11
0
26
122
0
1170
0
5
2
0
0
2
31
0
0
0
47
0
967
0
0
0
1
1
0
0
0
303
3
0
2
1612
11
0
0
0
38
337
0
83
134
282
0
0
0
1
19
0
0
0
0
0
63
0
0
59
0
5
0
20
0
6
0
884
4
3
349
3244
391
0
0
1
66
64
0
0
0
3
1389
1
0
0
1
16
0
0
0
0
1
1
1
3
0
11
0
226
1552
2187
308
0
1
93
49
0
0
0
0
0
3
34
0
1404
428
0
0
0
1
1
0
0
0
0
12
961
1
0
0
0
8204
0
0
0
0
34
1449
0
17
0
29
0
0
0
0
1
81
0
15007
11
13
33325
7
417
2
1
171
7
9
114
8
5285
176
0
157
40
0
0
0
9
29
51
1
296
0
596
0
2
177
60
400
941
0
4
1
0
14
0
0
0
2
0
0
390
142
227
1
436
4
904
0
2
0
405
2755
3
1
0
0
0
0
3
0
1
1
1
383
149
0
416
7
0
0
264
323
6384
0
30
31
451
0
96
0
0
1282
1
0
269
136
7
0
0
500
282
7
0
171
1450
0
0
1
0
1793
2323
13
0
60
38
4
217
2
0
0
234
0
351
0
0
11456
701
1
1
177
0
0
142
0
1
6
10
4
1
1
6
0
131
34
0
77
163
7092
3
196
16
26
5
0
2
86
1
9
628
0
1
2
1
0
1
1
29
4
0
0
1
6535
9
1
19
820
141
10
5104
60
122
17473
1
4
19515
0
130
2
0
30
0
0
14
0
17
0
6
656
1
0
184
0
1
1
1
1
8348
139
2
67
2775
29
3
185
0
5522
0
0
91
0
0
0
47
942
0
1100
121
0
0
0
3
0
144
0
298
1
1
375
2
17
5
24
160
3
9902
2035
33
0
7
15
32
106
0
1
1979
1
3
1
5
0
11
0
3
0
168
279
207
4
0
1
0
1
0
1
33386
0
18079
2661
7
0
0
0
0
3
0
1
1
0
0
0
0
2
8
75
0
4
0
14
735
0
0
76
3
0
0
0
2745
1593
181
129
0
3368
8692
377
0
1
0
5
0
0
3
259
0
238
0
64
4
2
536
0
1
2
0
0
3
0
5
1
35692
49
14
16
52
6
0
1
508
26
0
352
1
1989
2
4
0
3
5
126
2
1
0
0
4031
4518
98
10
0
214
158
12251
0
992
17
0
68
6836
0
5
0
45
588
9
0
28
0
0
67
0
0
9
106
17
118
59
15
9
268
0
0
9
4
0
3542
79
10523
54
3
54
427
0
1
0
91
31
7
78
773
24
1107
0
849
7
0
0
1100
0
3
2929
0
25
0
680
1
6
5855
728
2
258
3193
3052
0
0
30
2
18
3
5258
37
7
15301
395
13
584
7
31
0
0
2
0
0
0
47
9
0
44
7
3
281
83
3
1
26
0
20212
56
30
31
520
4
231
16
3060
2
0
863
1262
6
5
0
0
1
85
0
1
0
53
0
1
17999
5
89
11
0
2
29
30
162
1
57
0
0
0
0
0
35
31
8
1
1
1
30
2209
223
32
0
2
985
1135
0
0
14523
175
1
9545
3
2255
17036
687
10
0
1
2
693
41
30
976
0
57
73
2
5
406
2
909
21
18
258
25
0
0
230
905
8326
17
28
1
5
1
14
768
4
0
5
4
14
0
41
0
0
5838
6155
5
0
0
0
1
0
69
3
196
91
3
76
134
5104
31374
2601
23
21
2
124
0
1
323
0
0
127
1
122
0
43
0
3837
47
2
0
4351
61
3
3
0
0
23
225
12
0
527
21613
63
4260
0
3027
2
336
0
123
1883
5
1
3
1
0
13
7
1
1
14
4440
19
0
1
3193
1
4
7
0
0
0
0
992
6548
6635
0
7339
0
0
3
0
12481
4
3
0
0
0
43
0
1
0
52
837
0
1
185
2598
1
5
0
0
0
1
348
8799
40
113
2874
7
0
3
0
2
0
0
19
65
2847
0
10565
0
1
0
0
49
0
1
59
1
0
13
0
5
0
9
11800
0
6
0
0
1232
0
0
347
50
0
0
79
104
12
0
0
0
0
35
15
0
7559
0
58
250
28
0
10
546
1
5
20695
2787
20128
1
1
1108
492
41
3
0
0
3810
2
108
2132
1241
1136
0
1
111
1
3
0
1
19
22
0
0
0
0
4
0
163
21
0
4
53
1577
9
0
1178
0
0
1
1
1778
1
0
7
2
0
795
246
0
0
0
1
17
0
11
0
52
23896
1
5756
23
869
907
3
7
2568
12
19144
125
9
1
2
3
0
2
129
0
4509
2
0
11
0
122
14408
2
1
2
1
615
0
1
8020
116
10142
0
173
5
0
0
58
3516
0
8
4
33
11
0
4065
644
423
0
4
12
151
0
54
0
0
131
0
0
0
90
42
133
173
68
1040
275
0
7756
40
0
3
793
1419
2
0
38
0
1
3
37
0
0
0
9
1
0
72
0
74
4
0
0
1243
915
5729
0
176
0
9
0
0
59
2729
0
12
2
0
0
20200
0
3
156
1
1
2
1
114
11
1
0
10
224
733
1
10685
19322
0
0
0
9290
0
38
2758
18
45
0
0
88
22
0
7803
1
13
125
3
78
0
280
0
11216
794
5
0
0
5
0
7512
138
2
0
0
525
0
11191
821
65
1
0
0
255
1
0
2
11
5
3
47
5
18
0
14
2
541
150
0
0
50
3
0
992
505
15416
1
0
635
1352
18
0
0
1
36
6112
72
1603
21
165
3
18612
0
10146
4
0
14
7
107
12
0
6
2
0
274
2319
310
11
0
7237
2
999
0
4171
623
27
65
2042
1
3
34
2
2
2
128
207
0
125
62
314
940
1063
0
50
0
8
21
321
0
886
1
15279
68
0
912
1
6
0
44
6
1
0
32
47
45
1382
1548
0
6
0
0
2
0
161
356
9
83
1
12445
14157
16
479
4
5202
2
0
0
6
13
2
0
80
106
0
1
0
2
54
0
13
23
2886
3
3
2
1
0
23
0
0
12859
1215
4
253
0
3
8
1255
2
114
1
35
50
0
9
1
0
67
11
0
0
6
1289
7
19
0
1
0
907
0
2
211
147
0
55
0
6614
6
4726
1
4
327
2
0
100
132
2
0
43
0
16
1
1
913
0
6
0
0
66
14
1
17
0
0
0
992
1520
0
0
367
841
0
9
0
39
71
509
8
3612
2
0
13
0
442
0
12
0
0
0
59
0
0
48
1
3
0
6944
1
0
4131
2
13705
5
5
0
0
43
0
3
0
224
2
0
1701
3
25
0
0
1
17
45
0
288
0
0
0
6
0
12859
1149
59
2
1487
286
360
0
109
487
0
2
0
635
1
1
79
1
65
0
294
30
0
2922
11
0
19
0
0
1
2
15
38
4716
313
23
0
58
3
0
1
4
183
3
5
0
0
512
0
0
5
2766
0
966
0
3
1
1143
0
0
1226
0
0
12
39589
5633
0
0
3
3915
6
2808
0
6
9
0
975
61
0
1043
5
17
0
1
2
0
5
2
1
0
551
823
0
0
0
1
5104
0
333
1425
46
4312
1
6
19
0
1
40
1
0
0
0
79
0
0
1
187
0
1061
21
0
1
23
0
3
4
0
11
13161
13907
0
512
441
20
6230
1
337
0
0
3
653
0
7908
412
129
1464
36
0
0
1
264
0
3
0
174
0
0
0
129
0
9889
35
0
3
1
7
5289
0
682
230
29
7588
1
5
21
0
2
1032
0
0
0
0
0
0
0
99
0
0
0
0
0
0
3566
7892
8
12367
0
2
0
0
57
1200
112
0
0
276
0
0
0
0
46
0
0
0
2
1
0
0
1183
0
13
550
140
85
7792
23
2124
17
6
2112
0
436
249
53
2833
1
0
2
0
16
0
21
0
0
0
0
0
0
0
39
0
1
0
14
0
13
8028
6
1
3
9540
0
1567
4517
12
4857
32
0
11
2
31
5
0
35
8
0
0
196
34
1
13
314
0
0
0
7
24
39
75
0
111
208
227
0
0
174
1
1
0
3
0
5
1861
29
11
9789
1
0
0
0
36
0
1
0
79
0
2647
0
0
0
0
8204
0
0
25
784
6
0
0
28
0
0
0
1
0
40
0
2886
59
513
0
0
0
0
27
0
0
0
1
0
94
0
75
9222
0
8
0
19
0
8
0
37
0
45
3
0
1343
0
0
1
55
56
0
0
0
3
1386
1
0
0
1
31
0
0
1612
11
0
0
28
1585
0
3247
7
63
9
0
0
1
45
0
0
0
1
3
984
6
1
0
0
3
0
0
0
1
0
254
180
4843
0
285
58
0
0
0
3
580
0
2973
1
110
3
0
0
0
167
0
0
0
0
0
2
23
1
301
0
605
0
2
117
2353
6
0
6028
3031
68
0
8
2
0
52
7
0
0
414
12
1
6
396
2
0
0
23
7
77
0
0
9
3
0
0
0
8204
0
0
25
124
0
422
66
0
5
0
0
0
1
29
0
0
0
47
0
2068
0
0
0
0
8
0
0
0
293
2
75
0
111
31
0
0
0
5
269
0
113
17
341
9
0
0
0
1
85
0
0
0
0
0
64
0
0
57
0
6
0
12
15
1364
0
52
0
6
30
214
492
0
0
2
48
82
0
0
0
3
1660
1
0
0
0
27
0
0
0
0
1
1
1
2
75
45
26
39288
8
665
0
1
141
59
0
0
0
0
0
2
41
0
1759
591
0
0
0
0
6
0
0
0
0
7
868
1
180
295
0
140
65
0
0
0
5
450
0
454
22
1
0
929
2
881
184
252
53
191
12
174
40
7872
0
2350
1
174
0
5
4462
15
21
0
0
88
4
483
0
0
141
21
1
0
0
2
8
14
1
397
0
456
0
2
29
66
0
446
4
16886
3009
33
6
11
22
317
1
0
6261
41
0
0
6
2682
55
14
19533
341
72
0
0
197
0
185
23
0
9989
4
3448
25
0
0
20
363
9528
1
12
20
120
1
0
1777
1353
5
54
5
2905
168
0
1
66
9
1
0
0
742
0
111
17
0
1669
14
64
31
109
96
5918
6
63
1
0
4042
9
4216
262
4
4982
371
30
88
34
71
75
0
259
0
23
22
50
9
0
48
1
1
8
1408
913
113
9881
5709
1210
619
43
184
155
45
187
8
3
0
2037
392
2
18
1391
244
1
12
2
2
0
3
986
1240
1
60
373
3
382
0
509
33
0
3
12
17
28
358
580
2
530
0
0
1
7
0
212
8
0
2
0
38
1
104
5825
356
8
1
0
8
1
0
38484
29987
4
65
866
12674
1109
49
16
7
26
9
86
390
3
0
7
0
0
4
1000
109
0
0
15
6
0
0
1
1
8
0
6
110
140
6
9
83
1264
0
1437
3947
297
4
0
0
1
0
0
0
0
7230
0
0
27
1
0
213
0
0
1
0
544
0
7461
0
23
32
881
3
0
55
32
60
0
12
1
9
2
415
0
0
5
7
8
0
0
0
68
0
0
0
8
0
3
0
12445
7104
0
53
30
0
0
33
1
6
0
0
358
0
1
0
44
3306
143
0
0
0
0
0
466
0
432
1263
0
3481
669
9
10462
43046
105
61
59
2392
1
15
39
0
0
356
135
1
0
6
1223
0
949
1
1
0
1
877
25
0
477
1134
5
74
26
0
87
1205
7
1
13
37
7
0
1
0
19
1338
1
2
0
307
57
0
516
80
7
0
0
3
2
3
3174
116
4
14
75
14
5104
867
18
54
42
0
23
1
2
1
1
0
0
0
0
74
15976
456
1831
3
1
0
2918
1
0
24
3
0
10
0
2
17
509
1013
9
2
0
6
35
0
2
13
1
380
2257
0
0
230
46
157
0
36
0
0
2
41
2701
40
24
3730
1894
5
0
0
390
11862
3
1793
25
0
112
108
4147
2
12
261
4862
0
0
2
21
103
434
0
131
0
132
3
0
0
2
5
0
613
247
6
4798
926
761
76
1274
6
17
1
27
6774
645
6
8513
3
31
2
25
1547
55
4
2
2
0
248
74
3
583
0
3
0
1
357
5021
42
16
180
83
1138
6
0
6
0
17373
154
10
0
5
0
34
0
0
0
85
690
260
1838
2
1
0
1328
2
676
0
2
1612
264
238
0
0
3552
1139
291
5
0
0
3
0
5
16
1
15
2161
0
0
420
5
0
6018
6
58
22
12
0
2
2241
0
19458
676
36
0
3
18
83
0
3
379
5
0
4
30
0
16
96
4931
272
234
119
0
0
10
118
5
470
6
1
0
3995
124
5302
62
66
78
5727
70
41
6
11
24
126
6
0
0
1
41
311
9
55
0
0
142
1
0
1
928
0
0
2
0
3
1
412
360
7
180
1
7
758
0
0
58
1497
34
1
8
344
1
1
0
481
3
0
0
0
429
1
186
4
28
3
0
0
219
6
110
1492
0
71
31
20
4
0
7774
369
108
0
0
2
0
3
4
0
0
9
106
1
0
65
47
493
0
120
0
0
5
6
110
1817
0
9
1
0
2313
0
2111
4254
3
4
17
375
3
0
3
2
181
0
4761
763
5
7
51
87
0
34
1
0
4
29485
7
0
523
0
0
0
79
2365
66
46
18
0
93
0
4
5340
3405
2
24
0
0
0
212
8
9
1
3
1
98
122
1
13299
465
65
93
153
242
1
4
68
57
99
1
4
399
1658
4
57
1
14
0
82
1
307
0
0
2
4446
0
51
0
0
6
14953
35
2136
0
0
68
73
5752
18
130
16
814
13
84
0
1
24
4
15
3
968
67
0
0
30
39
3
1
0
124
15
229
37149
43
71
1
11
1177
15
0
83
1296
35
20
0
0
5865
202
112
1
0
1
1
1
0
101
2
0
1
975
6
0
3
90
3707
384
111
1999
1
0
4
110
69
16
54
1
693
0
236
3
254
6
765
0
1
2
3
3
2
42
7
11
0
152
571
1167
190
52
140
1592
0
11
6
0
2
1
0
663
31
0
2878
1
0
1686
62
76
795
15
104
11
298
2
2
0
0
62
1348
2
4798
3437
8
13
27
0
68
5
436
5
7
0
11025
526
26
0
160
4
1
1
25
50
5311
95
122
0
0
4
1
386
23
0
38
4
0
4296
5229
17
62
1
0
60
0
4901
48
34
4
0
1992
1
0
0
0
2405
0
44
4510
2
34
790
13
5
0
1
1612
2561
0
407
11
0
17
1
79
284
0
5
3
45
2
0
23
83
399
0
14
104
25
2
0
2
0
1715
1892
1
1
0
0
91
53
148
0
0
0
6
227
0
150
0
0
0
0
0
16
0
238
3
0
299
264
10727
1
7899
1
1
1
0
68
260
291
347
6
51
1810
2010
1
19
2
421
5
3
0
68
10
9
0
0
0
1470
21
0
1
102
0
0
2
0
0
170
2
75
752
6413
24
23
55
108
0
2
967
28
0
2
0
19
0
0
910
0
931
0
59
0
0
0
0
0
515
17
0
1
177
0
1201
0
21
0
32
2
8
295
1
1
3
693
0
0
0
1144
13
1
2
50
0
0
1
0
0
0
0
189
197
2459
1
13
1865
55
1
16
4221
21652
583
837
6
42
4
0
2
252
0
192
1577
0
915
605
4
0
1
0
0
1450
115
1
0
0
0
0
395
67
0
31
752
1798
97
255
2
598
0
827
22
3518
7
1
84
7625
12
9885
500
20
1735
4
0
0
41
0
6606
5
33
91
5104
0
333
1258
55
32
487
1574
1
34
4
0
0
418
28
2
23
624
3
0
0
17
14
39
0
0
17
4
1
0
0
22
1612
11
30
87
0
3023
0
3
0
0
2
50
0
1
0
51
0
2810
0
0
0
0
1
0
0
0
1616
0
0
0
2181
38
28
22927
21
3349
1160
0
1
0
0
183
20
0
2
74
1
0
0
27
0
0
2
2
0
16
0
444
103
469
0
0
0
0
1612
11
0
0
0
38
967
0
0
261
0
3
0
9
0
20
0
27
0
42
2
0
0
0
0
3
26
0
0
0
0
1
3421
2
0
33
0
52
62
0
0
0
0
0
7
60
0
1426
25
39
0
0
0
0
1
46
0
0
0
0
0
0
0
11
75
646
88
112
3
15
0
0
232
38
0
0
0
25
1050
2
1
0
0
73
0
0
0
1
0
496
0
402
22
350
2336
516
527
1
433
254
842
0
1
129
21
0
0
0
2
9
22
1
323
0
466
0
2
36
65
242
847
0
3
3
308
8669
0
0
3566
2
0
13799
5
0
2
819
2
1
1
1969
6
2465
2
532
705
0
89
1
2
95
72
5
49
2
0
0
75
11
1619
0
390
142
57
5625
2
23
4
1
38237
1
10
1
23
1
0
119
342
543
0
0
7
0
0
3719
68
0
0
11
0
0
0
2415
404
948
0
49
18
19
206
7127
2
713
1273
1856
3232
0
99
14
10
1733
1
6
72
7
0
2
9
1491
116
0
89
17541
12
1249
8616
36909
33
60
1
1223
633
62
0
26
0
0
0
212
5
1
0
509
19
15
6
0
63
155
17
13
2
0
5
3
149
8
62
79
2180
3477
31
31
4
0
3135
0
1
2
6
2
58
1
81
7
142
66
1586
18
0
0
2
0
1970
2
2
39
1
0
0
4636
0
19
7
3
3
0
1
1
41
3
1
363
0
0
29
0
1
17
19
501
0
78
80
0
80
1
5
47
9
6526
5064
721
1770
130
27
32
12
192
0
26
4
207
1
1
4315
1234
0
0
2
79
0
0
40
1
0
0
0
95
740
0
637
43
5659
53
0
2915
286
320
0
0
1823
0
0
399
0
30
97
16
13
142
158
173
18
0
0
0
52
8
1
37
0
11
2
7
169
971
0
196
416
26
0
0
0
0
0
0
0
0
0
0
0
0
0
242
140
0
13
5
11
76
254
0
0
0
0
0
1128
430
10
53
36
6
34
0
775
118
0
43
2
216
138
6
0
367
9
11
0
2
0
43
732
0
16717
1415
31
2444
0
9
13405
2
0
13
8431
18
0
0
1302
1226
0
0
1684
4
7
143
958
1521
11
0
6
0
9
75
1
1390
0
163
20
7
0
0
24743
7
4205
1872
0
0
51
10
1
541
2
2
140
19
87
1256
0
13
0
1
0
0
0
2
1
47
13
2
0
0
6
853
11
25256
321
9
3
4422
1
2
9133
1782
43
63
63
2
0
11097
501
0
0
0
280
186
4592
1
2
1
66
155
0
7
508
521
1887
40
90
63
0
0
0
916
61
49
0
1302
50
0
48
0
0
0
2202
1
392
2
531
14
72
87
579
0
845
28
2
45
2008
120
961
9998
42
0
4
13
6152
2735
392
5
0
5
464
9
2895
620
0
0
0
158
0
5
7
0
0
0
533
188
163
0
8867
210
3
182
0
3
0
7188
1
644
4
532
12
2
1994
20
1204
39
28
3
13
92
61
1
1
3723
342
3
48
78
10
1
169
210
508
0
46
1
0
466
138
6
1507
65
7
2
0
1
1828
0
0
0
0
0
0
14
2
13
516
0
68
12
1
5
12859
4612
157
1
516
21
0
7
0
0
0
2
2
976
7
1209
16
4
7
1
0
531
0
6818
78
0
7
2447
0
0
0
34
1621
5
19
31
180
55
1
52
5
1
0
6861
1174
0
6
2
520
22
3386
20
2
0
83
56
0
6
67
23
0
0
2
7
1294
0
0
3947
0
1
0
573
8
0
0
921
4
45
5762
0
2870
310
177
1
34
11
91
468
36
31
2
21
65
64
1
1
440
394
3
2
187
14
0
0
3
0
4228
0
10
45
116
1
0
1159
0
9567
340
5
16
1
10
0
0
17
0
41
132
432
1032
7
1303
4174
0
3
3
66
0
0
1
24
31
8
4
0
103
15
0
75
0
3
58
0
1
0
14
2
197
0
71
0
1347
4704
1111
2
320
1
109
42
45
2
0
0
21
701
0
16
287
12
107
0
0
3
0
1
17
2
154
8
0
3
28
0
25032
128
24
1584
0
2
0
6381
212
48
61
0
2
899
2
7
1700
21
7
2
240
1
0
11
0
7310
6
8
0
2
5
503
6130
6
4059
179
1
25
1
70
17
123
28
0
3014
2116
2993
2
1
1
1612
218
5
767
7
6
2
48
0
2
0
1
277
7
160
200
2
0
0
4787
0
92
58
0
699
0
523
0
2
552
5
7
2004
0
4681
0
1
5
257
10
1
217
3
13
44
0
845
17
0
74
12
433
0
217
0
17
1
122
0
223
7
0
1
0
37
76
0
206
0
2
0
44
40
4
0
0
822
1113
507
10662
6108
283
1
0
0
378
2681
0
0
20983
0
4072
3
171
2279
3
18
1
61
0
2
867
0
3
135
22
172
0
2
0
13063
0
23
4075
79
0
40
6834
0
6931
268
0
7978
9
49
13
573
1
153
30
0
1
3
35
12
0
75
9
84
0
0
1
13019
0
26
4
2
230
0
1486
1204
2981
2
0
5
486
869
0
1
70
2
0
0
0
0
773
85
0
0
8
24
79
194
10
163
846
205
170
3407
20445
108
0
274
7
4
34
1227
30
0
75
0
1048
175
29
3
0
2
13
44
0
242
4
3
45
7
6
24603
18
55
10
152
4006
8
0
2102
0
302
0
0
268
1
2
0
1
0
81
10
457
0
5597
14
284
118
1
5
12
0
45
44513
1
2
135
19
93
174
3681
0
1
14
3
543
0
135
347
0
2
0
3
657
212
3
15
260
633
328
18
0
41
20
10
30947
2088
24
144
202
12
0
3
10
3
1
185
9
0
442
20
0
847
39
0
0
920
2072
16
965
13
250
75
3
0
1
8
3566
6823
13
0
2712
0
0
1
337
2462
2
0
0
0
11
129
3
1
702
3
58
0
0
7
8
0
0
1
34
0
212
5
509
315
10
8661
0
6895
6
2182
1981
0
67
0
0
1
0
10
4
141
0
1
944
2796
1
270
99
989
2
0
9
0
1
934
133
174
403
0
18
6
401
0
9
349
1194
1
261
76
824
4
0
112
0
2
323
4
3
1
12918
0
9
1
62
0
1
3
14778
3
45
0
7
1
1803
3
4
8
1
86
53
1718
2
1
48
1
0
14
16
1
773
3
0
24
127
1
0
0
0
371
1001
92
551
183
6
9
4
65
0
5
36
0
6
3
344
1
7
0
0
0
0
0
0
9
0
1
55
4
0
0
0
0
6
94
6
7517
1
0
0
85
418
2
113
1
28
5645
2032
0
0
7
0
20
3
44
0
0
104
0
2
4
0
0
0
17
18591
0
0
8440
0
134
0
2
0
109
3
18
1
0
5946
27
52
0
1
12
0
0
22
1
1027
1561
5
231
0
0
1
78
29058
0
20
9623
3853
1
2907
3
1
28
0
15
134
1
1050
0
4
0
5
0
17
0
3
6
0
1
278
0
2
0
4
0
13549
72
3
40
0
5
4
1113
5
13644
135
6
31
5
0
0
2544
58
1871
7
564
3
1
3
87
0
0
0
29
0
1
0
6
23
0
21
0
0
46
0
891
24
0
212
69
102
1
0
3617
0
0
1567
124
0
0
15
29
293
1
46
11
11
43
0
38
118
4
14
245
3931
521
26
17
2
17
102
40
0
1
2093
270
2
28
139
7
1
0
2
29
8
58
184
6
0
1
0
5104
8293
231
19
4
1762
3
24
3
244
6459
0
6
0
0
0
0
0
1
3
69
1
2092
0
13
0
0
5
0
17
0
0
28
23967
4
31
44
0
919
2
29
0
1024
0
0
384
10
1763
0
28
72
1
35
0
4
3
0
3020
2
0
0
1
10
4
4583
99
1742
32
164
1
31
0
933
0
21
61
0
7
3
46
0
0
61
2
4223
25
10
0
0
1
37
4
3
0
2
0
5763
4
1
5
7
2694
6
5108
794
3
1912
5
207
17
3047
91
0
0
5
2
0
2970
0
114
2
99
1
41
433
1
12
1
10125
576
0
1
161
0
5
2317
105
0
1
87
4
230
0
92
25
11
0
1927
1
123
0
7
0
2
134
2778
19
187
10
114
509
361
0
5302
46
241
84
644
302
13
1509
0
0
62
2
2381
106
110
0
0
8
1
0
2
54
0
4
9
62
14
8
63
38
4
3725
1
44
1
15
89
2
59
0
936
0
15
23
0
7
5
56
1
10
0
214
0
6
19
22
2
2
0
0
32
12859
984
0
2
375
0
287
0
578
0
12
160
0
5
8
76
1
14
1
46
277
16
4
0
333
778
340
3
0
2
0
441
1001
319
8
35
358
0
12
9792
239
1
9391
158
5
1
4
0
3
1
28
1274
1
0
2186
11
0
41
230
10
46
12
0
5056
1621
5
19
12117
584
12
0
0
18623
750
2730
301
0
2
0
0
576
11006
0
2364
3
0
0
17937
0
3730
0
38
64
86
3
121
17572
47
374
30
317
27
13
1515
276
51
2
88
6
3353
4301
13
16
0
48
314
0
2
1
0
4
0
96
323
9
1
0
176
6208
486
258
49
0
151
282
21
47
20
5
0
124
5
9
0
0
250
207
8
0
2976
143
0
0
1009
237
567
0
0
0
321
100
947
227
0
2782
0
1022
22
89
35
0
1818
5180
46
0
9655
54
0
2
7926
129
0
0
0
334
1064
1
0
0
54
0
0
147
1780
8008
1217
405
2
6
0
0
78
0
0
0
107
2339
7
79
469
41
15
81
699
76
0
0
1873
0
0
1628
183
0
1
7817
684
66
3
3
26
285
0
0
0
14501
88
1
0
0
0
17
564
21
16
93
0
0
6
666
29
0
1
2082
0
195
81
2135
37
113
9
1
25
1459
4140
0
82
87
2145
238
0
0
0
26
260
0
2382
4196
2
505
1
1
9
0
12
7
1111
436
3
8511
0
359
0
31
16
1926
46
85
0
10
1
39
20
161
1
70
20
20
5
6
53
2
18
4959
89
8
2604
7
12679
116
63
73
34
19
1516
93
0
66
0
126
961
2
29
9
25
11
1357
0
74
20
71
0
0
174
6
0
97
5
0
1
0
6
0
0
826
96
0
0
19104
537
2
460
92
0
58
0
1
122
34
29
2
3
0
4
2
15
4
20
2
1
0
0
1
1282
1216
13599
665
1033
2
1
2660
669
0
6
1151
16809
111
1
11
17
0
0
0
188
7749
32285
0
1
3421
172
725
0
0
1179
19
9592
0
11328
4
3815
45
50
63
202
0
0
0
0
1
2
40
3960
3321
7
6412
233
0
7973
3
2299
1
0
244
1
1
0
806
245
0
3293
6
8
5
88
1815
12
0
0
34
1
1
1071
111
0
2
40
1
195
0
0
2
183
0
0
0
1
3218
0
249
551
2
44395
0
165
669
630
3
8
26801
1810
0
0
100
0
0
0
65
15
0
6
12
1
6948
1
165
0
0
0
260
4
0
526
337
13570
2
1106
87
0
4389
70
183
10
5
0
0
2
2
0
63
626
0
0
4949
44
0
2
11
847
19
0
4
1
329
29
3
3744
0
2
1148
70
52
1
199
90
4
0
0
0
2
0
27
19
186
46
0
981
7
48
0
0
0
0
1681
14
0
878
2945
6526
0
0
963
36
17
349
1781
1127
1
6
17755
55
38
0
0
0
827
0
598
0
0
0
0
0
1
2
0
2
34
44
38
38
4
22
0
0
20
1103
12
138
2
6
273
0
0
21
8
166
39
1
1
22
0
0
11
6
2
55
462
3
1766
0
1
7347
8
0
138
91
0
0
140
308
1
0
0
1
2821
107
3
5
3435
207
0
0
10
0
0
0
1
4
43
83
73
66
99
62
36793
1
14702
3722
0
0
0
0
12
0
1
19
107
8
1
0
0
0
0
0
0
727
2
4
97
10
81
2
400
0
0
11
8875
2210
4
1356
188
25
1
0
0
458
1
4214
129
24
0
231
3
328
4
0
84
23
0
0
0
961
258
1
3
23972
2
10559
2815
103
3
3
15
10
0
215
1
0
0
2872
182
16
0
0
0
7
94
1469
431
11
5
176
1224
4
0
7
732
1
1
11
2034
29
5697
386
2
1
0
5177
0
786
34
1
5
5014
1
1
0
0
6
127
9
34
4
0
0
479
450
0
0
0
0
220
227
31
3
129
141
1
7
908
111
5
0
0
2
1079
0
0
0
0
0
0
1
0
1
3
17
0
0
0
48
16
44
0
3892
1633
9
63
268
1
21
202
1
89
4
1
0
39
1
0
0
154
1282
18
6
49
0
0
0
0
0
0
0
0
6
6
13
1856
4020
125
2
12
78
3951
62
386
4044
6
9
0
0
0
189
1
53
1
0
0
1
0
0
0
0
10
0
1
0
225
31
394
1
8
1166
1
134
1
0
2
29
1
0
0
137
537
17
27
345
1261
1
0
0
0
0
0
0
0
0
0
0
440
595
1
8
28
1781
4
1
255
6187
8
0
0
0
0
485
1
78
1
0
0
3
0
0
0
1
535
3150
81
152
0
4
174
1925
4
87
303
1
26
179
1
123
1
0
0
17
1
0
0
151
8849
1707
245
571
0
9
32
508
2
60
45
2
2
5255
440
617
0
14
1
0
2083
10
17
1707
2
1
4
0
1
4
0
1
108
20
0
1
28
3
0
2501
2
19
0
0
20
0
117
615
72
166
1138
176
1
0
2696
5
4
0
2
26
34
46
4
1
1619
0
2
170
0
1
20
0
0
0
3
0
19
1
1748
0
306
0
5
457
1720
361
4
15
35
276
10152
174
2
1
7
20
3
1
953
116
617
0
19
3
0
393
3
1
86
2
163
101
1
1
237
1
1
53
584
5
1
631
899
24
5846
9
24
0
1
140
0
59
1141
40
6
0
1
0
6
913
0
0
169
0
65
209
21
10
1
725
1
40
200
2
3
21
1
0
0
4
0
22
1
0
0
0
2
5
0
437
0
0
0
22
557
6
3465
0
182
8
1
1
2391
328
2173
0
29
1
0
2863
3
1
457
2
1
39
0
1
31
0
1
885
18
0
1
109
5669
12
8924
109
28
0
1
119
0
19
1644
188
0
0
1
0
1
1724
0
0
0
11
26
45
196
46
1
622
0
3
234
0
169
79
0
0
0
3
0
17
1
0
0
0
2
6
0
849
173
0
4
171
3806
2
4
31
14
55
13
1
1627
137
413
0
125
25
3
488
68
1
64
9389
2
1
48
1
1
144
0
1
800
44
1
1
483
409
0
7082
4
36
0
1
259
0
45
2025
140
282
1336
343
0
4
1569
4
2
0
2
21
38
85
5
1
1438
0
0
201
0
1
18
1
0
0
3
0
21
1
0
0
960
2
9
520
2766
172
3
23
80
3132
0
67
0
25
53
0
1
1031
102
488
0
17
1
0
1646
3
1
1758
4
1
21
2
163
5772
7
1
113
338
10
1
977
550
11
6667
8
18
0
1
174
0
49
1555
55
2
0
1
0
2
1096
0
0
0
6
1
944
103
0
14
1544
0
124
259
1
14
6
1
0
1
4
0
22
1
0
0
0
2
6
0
262
0
0
0
35
1916
853
25
241
137
387
7
388
1055
1324
0
36
61
0
9
12
2
1
1253
281
983
0
15
1
0
252
2
4
1
1065
4
0
36
2
1
645
28
44
1834
50
1
1
1738
886
4
10273
7
23
0
1
140
0
47
148
1327
1
0
1
0
1
1115
0
0
0
6
3
40
35
116
47
3285
4
77
203
1
15
2
0
0
0
4
0
19
1
0
0
0
2
7
0
234
1
0
0
55
12825
14
0
9
163
21
0
4
5845
311
797
0
21
0
0
360
19
3
1
3211
3
1
25
0
1
17
0
1
2173
1
1
143
19
0
3047
2
5659
53
113
229
0
23
107
726
0
0
2
0
0
4282
1
5
0
9
25
34
177
9
1
1279
0
0
186
0
1
21
0
0
28
7511
31
167
0
0
0
0
0
10
2
630
241
2
5
115
17750
3
10
27
267
1
1
6963
211
506
0
15
1
0
190
14
0
992
41118
2
31
40
0
10
26
0
2
124
80
4
9
1462
1210
29
4213
3
30
0
1
141
0
37
63
730
4
0
1
0
48
950
833
204
9
1
43
15
55
1
1
1134
1
8
656
1
1
11
1
0
0
4
0
18
1
0
0
0
2
6
0
277
1621
5
19
381
60
7053
3381
1
1
1
1
2
36
1
1
2872
331
680
0
27
2
0
438
3
1
1086
2
1
116
0
1
121
0
992
18009
12
44
2080
577
9
7468
7
17
0
1
106
0
40
1540
81
2
0
1
0
2
1082
0
0
0
4
42
61
76
1
163
2125
0
206
143
1
26
2
0
0
0
3
0
18
1
0
0
0
2
6
0
153
2
0
0
21
2971
1422
3
0
90
199
1373
24841
56
46
902
0
1
31
22
1
1
2554
209
577
1
31
1
0
990
3
0
1339
3
0
56
7
0
34
0
1
656
4
163
2344
227
5
8896
7
4
0
0
65
0
45
2132
58
1
0
1
0
1
1353
0
0
0
10
12
15
61
8
1
761
3
0
1621
5
19
83
0
0
0
3
0
17
1
0
0
0
2
7
0
963
28
0
0
130
5111
0
2971
891
0
2
11
92
8
1
2959
360
852
0
16
1
0
299
0
2
17
6583
2
1
79
0
1
4
25
0
1
102
19
0
1
325
23
0
3960
2
30
0
440
617
0
71
124
689
2
0
1
0
1
3699
1
4
0
13
20
37
137
7
1
993
0
0
175
0
1
15
0
0
0
3
169
4033
1
0
0
0
0
9
7
931
423
2
5
180
1101
1092
509
6
2
7
19
2
1
1388
111
486
0
21
1
0
1051
0
0
992
37053
3
27
56
0
10
9
76
0
1
3145
1
6
957
750
26
10857
2
28
0
1
212
0
36
78
1561
4
0
1
0
48
950
833
204
9
1
43
15
326
2
1
1163
1
12
637
1
1
11
1
0
0
3
0
17
1
0
0
0
2
6
0
286
1621
5
19
381
28515
0
812
1
6
100
0
1
4215
232
639
0
20
2
0
2176
3
1
8164
2
0
25
0
1
2
54
0
1
1399
17
64
21926
500
2
9993
9
20
0
0
72
0
24
152
1262
1
0
1
0
1
1534
0
0
0
7
10
25
38
3
1
782
225
31
394
1
8
84
2
0
0
5
0
19
1
0
0
0
2
7
0
359
0
0
0
188
492
9343
1460
1
2
5
41
7
163
13511
265
458
0
19
0
0
593
1
19
1
1362
2
1
52
2
1
1
200
0
1
2203
2
1
376
14
0
3172
2
44
0
440
617
0
71
124
609
2
0
1
0
1
3369
0
4
0
12
19
38
69
11
1
987
0
0
171
0
1
12
0
0
0
3
169
4033
1
0
0
0
0
9
7
931
423
2
5
180
1101
3365
17
237
0
89
326
680
0
3
13
27
6
1
1472
95
407
0
125
25
3
2026
48
2
60
32056
2
1
10
0
1
6
251
0
1
3714
0
1
819
418
0
6463
2
12
0
1
161
0
31
2868
195
386
2785
302
0
4
1322
3
1
0
2
21
65
17
3
1
1606
0
0
199
0
1
12
1
0
0
3
0
22
1
0
0
960
2
9
520
2766
172
3
23
80
468
4827
722
28
114
2
1338
4
1
0
5
1
13
13
1
1
1072
94
711
0
15
2
0
6642
0
51
12062
0
1
93
0
1
1
74
0
1
1574
0
1
1288
1191
12
9701
3
27
0
1
255
0
33
95
1027
3
0
1
169
63
2632
160
124
0
2
46
33
56
7
1
1177
0
6
359
1
1
25
1
0
0
3
0
16
1
0
0
0
2
5
0
440
595
1
8
28
195
4689
628
27
139
2
2091
3
0
1
0
2
5
24
1
1
3577
46
638
0
21
2
0
175
8
1
218
0
992
1076
1
33
14
0
18
110
671
0
32
752
1460
14
8119
2
28
0
1
165
0
50
136
1954
2
0
1
0
2
759
0
5659
53
0
54
51
48
4
1
976
1
32
216
0
1
23
1
0
0
4
0
15
1
0
0
0
2
5
0
332
0
0
0
163
3845
790
12381
0
6
640
0
1
4506
350
3322
1
23
0
0
263
3
1
2272
4
1
163
1
1
11
0
1
871
4
0
1
440
394
3
11437
3
1
0
0
41
0
19
208
2060
1
0
1
0
1
988
0
0
0
6
31
23
245
7
1
942
1
0
145
1887
40
55
0
0
0
3
0
16
1
0
0
0
2
6
0
783
156
0
0
139
13797
435
96
10
6309
62
195
338
0
2
9
11
0
67
17874
437
679
0
34
0
0
8432
2
2
638
2
0
159
0
0
27
0
0
1233
13
0
0
571
21
0
4551
2
30
169
210
508
0
33
126
811
0
0
1
0
0
4217
1
5
0
11
28
36
91
9
1
1004
0
0
142
0
1
14
0
0
0
7887
41
5023
1
0
0
0
0
10
30
591
356
2
2
115
15665
206
45
6
8
151
6
1
3775
58
270
0
30
4
0
232
6
0
992
34251
2
32
85
0
18
8
0
2
1406
15
0
7
1155
999
27
9015
2
25
0
1
193
0
34
114
852
2
0
1
0
48
950
833
204
9
1
43
15
66
2
1
1209
1
9
569
1
1
9
1
0
0
4
0
19
1
0
0
0
2
6
0
283
1621
5
19
381
27505
376
230
6
6481
40
131
3666
0
2
3
115
0
1
2743
221
1091
0
39
8
0
1862
3
1
1337
11
1
76
0
992
497
3
30
1380
67
0
10
1458
1187
22
9865
4
24
0
1
122
0
42
145
1010
2
0
1
0
1
1074
0
0
0
3
163
165
118
2
1
577
0
100
187
1
12
4
1
0
0
4
0
19
0
0
0
0
2
6
0
299
0
0
0
15
18584
1097
1255
6
51
14
0
1
16429
261
2721
0
16
1
0
61
2
3
1
1266
1
1
96
1
1
42
0
1
1723
16
1
1
172
11
169
10634
913
474
0
9
168
0
27
107
1235
0
0
2
0
0
1675
0
0
0
11
32
43
245
17
1
793
1
0
295
0
1
1932
4
1
0
2
0
3
1
0
0
0
2
6
0
817
217
0
4
184
749
14231
0
5
3391
1
1
184
3
0
0
97
3
31274
21465
0
17
3
1
1
8686
262
2401
1
23
1
0
87
17
3
1
3586
2
0
141
0
0
41
0
0
2613
0
5
0
147
5669
12
8924
109
28
0
1
119
0
19
316
507
0
0
1
0
1
1512
0
0
0
11
27
41
114
16
1
703
0
2
238
0
169
79
0
0
0
3
0
17
1
0
0
0
2
6
0
849
173
0
4
171
374
1263
5728
18
17
34
15
1
4207
122
382
0
125
25
3
3416
67
1
67
7689
1
1
65
0
1
12
0
1
2062
14
0
1
708
254
0
6665
5
30
0
1
324
0
44
164
6658
347
1656
281
0
1
1908
3
1
0
2
16
31
91
5
1
1303
0
0
172
0
1
12
0
0
0
4
0
21
1
0
0
960
2
9
520
2766
172
3
23
80
3132
0
368
13
1572
0
26
50
0
1
2304
101
573
0
13
1
0
1108
3
1
2709
2
1
235
2
40
90
0
4
1377
1
1
1052
1999
3
9292
7
29
0
1
177
0
48
114
2300
2
0
1
0
1
840
0
0
0
4
163
165
490
3
1
580
0
105
211
1
16
3
1
0
1
4
0
20
0
0
0
0
2
6
0
281
0
0
0
20
1306
83
12350
3518
485
359
0
189
0
8
35
1
1
6571
273
2236
1
24
1
0
1126
3
1
620
3
1
228
0
1
70
0
1
5335
10
163
2344
227
5
8896
7
4
0
0
65
0
45
302
1580
1
0
1
0
1
1201
0
0
0
10
13
14
291
36
1
964
3
0
1621
5
19
83
0
0
0
3
0
17
1
0
0
0
2
7
0
963
28
0
0
130
4218
0
2689
2
39
85
5
0
2647
195
5302
0
418
0
0
7194
12
3
40
39078
3
1
152
0
1
1
46
0
1
100
2
5
1
545
345
0
4280
2
25
0
0
139
169
64
81
545
1
90
262
0
0
2128
5
6
0
5
33
33
40
9
1
1488
0
6
188
0
1
14
0
0
0
3
0
20
11
8954
1
480
0
7
420
2617
446
4
21
33
2711
11
0
6
32
3
88
7
5854
129
406
0
14
1
0
710
1
4
1
1190
0
992
1471
0
32
5
32
0
10
259
3
0
19
1963
1667
17
11774
9
25
0
1
164
0
38
124
466
2
0
1
0
1
1024
440
784
4
0
23
65
4
9
0
2088
10935
2
0
0
38
1
1
0
4
170
0
0
0
0
4
2
708
0
0
368
0
0
1932
4
1
0
2
0
3
1
0
0
0
2
6
0
817
217
0
4
184
749
186
6
27
9
3
0
1
127
371
1947
0
1
163
21
0
4
10875
314
2104
0
21
0
0
915
3
1
3449
4
1
215
1
0
6
25
1
1
2892
0
1
150
28
0
3495
2
5659
53
113
229
0
23
107
980
0
0
2
0
0
4411
1
4
0
9
23
33
1
2
2
753
0
1
208
0
1
21
1
0
28
7511
31
167
0
0
0
0
0
10
2
630
241
2
5
115
6261
275
14
1
4
39
190
1
1
4840
186
519
0
26
1
0
114
69
2
35
8513
0
1
118
0
1
0
44
0
1
2571
0
1
759
748
16
7987
2
18
0
1
196
0
31
93
890
2
0
5669
12
7
429
57
9
0
2
20
29
3
8
0
622
7327
3
0
0
70
2
1
0
0
245
0
0
0
0
1
1
765
0
440
595
1
8
68
0
0
0
3
0
12
1
0
0
0
2
7
0
283
0
0
0
130
3582
920
0
0
8
8
37
12
1
5092
572
2646
0
17
1
0
86
19
2
29
13535
2
1
135
0
0
4
56
0
1
1679
1
1
154
17
0
4138
2
27
0
1
5302
0
763
92
358
0
10
13
0
1
3379
1
5
0
9
30
715
7
1
832
0
5
79
0
1
11
0
0
0
2
0
21
11
8954
1
480
0
7
420
2617
446
4
21
33
5077
627
8
1
3
32
12
120
3
3785
157
334
0
12
1
0
2285
3
1
6
684
1
84
55
0
2
22
69
0
1
177
0
1
1615
441
3
10736
8
11
0
1
217
0
45
131
1482
2
0
1
0
1
735
440
784
4
0
23
65
6
6
1
893
0
2
325
0
1
13
1
0
0
4
0
14
1
0
0
0
2
6
0
242
2
0
169
387
5241
1145
0
0
2
8
81
0
1
525
18
441
775
0
24
1
0
9379
6
1
8235
1
1
174
0
1
24
78
0
1
20
28
26
54
817
758
8
9910
5
23
0
0
88
0
38
132
3585
2
0
1
0
2
1017
0
0
0
6
3
23
38
28
1
3757
5
400
282
0
15
1
0
0
0
4
0
17
1
0
0
0
2
6
0
196
4
0
0
186
22945
801
212
1176
0
5
0
1666
28725
0
36
1220
0
0
47
188
6
769
1
8
5
202
107
2
0
0
955
0
782
0
94
687
0
37
13
0
6
1
5
355
1182
29
141
0
18
0
170
3
16
0
0
0
82
1122
86
1495
19
15
768
1
16
7
63
6
23
6
0
175
141
2435
0
100
1063
0
1047
0
10013
93
0
3
8165
60
0
0
0
16
5
0
0
0
1467
0
0
0
0
59
18
16
0
4
0
5
3
320
21
180
5
0
186
2
16
89
2644
0
6
49
2659
1
4
0
5
4
8
0
0
43
17
0
1
55
3
3253
0
0
8
2775
86
372
6
37
0
634
294
1
6
10826
2
2
0
0
0
40
1
0
0
0
138
1239
57
0
0
0
0
2
16
821
0
8722
88
216
4
1
0
155
20
7543
196
8
3
0
22
2
1
0
283
410
2
20
534
21
0
0
0
10
20
0
0
0
178
440
595
1
8
2701
25
383
984
8
1
0
27
2
4
0
58
0
0
1
12138
1
2
0
0
0
106
3
0
0
0
157
2174
107
336
36
1
4
34
162
1342
0
688
59
69
62
0
0
88
18
2698
2
4
1
0
7
2
0
0
219
27
0
1
2282
0
440
595
1
8
18
61
0
0
0
22343
37
0
0
0
4009
89
99
18
0
0
41
25
3311
1
57
553
5
1
0
8
2
1
320
3282
94
0
5
7533
19
0
0
0
38
1
0
0
0
46
9
0
0
0
0
0
0
0
0
291
0
0
0
0
0
29
13693
3
3358
69
274
29
1
0
103
19
9287
14
0
3685
1
0
85
0
551
0
2314
0
760
335
6
0
0
2029
21
0
0
0
5919
2886
2
1
44
2056
64
29
8
0
14
0
185
10
5
27
1795
408
0
5
362
209
18
107
0
0
183
3
0
356
0
0
169
237
107
112
739
4
0
46373
0
3638
279
6
1
110
4837
15
2
86
0
0
1
459
2285
1
0
3339
138
27
7
10
499
0
1887
40
2427
0
0
791
3184
811
0
0
0
0
0
0
0
0
0
0
13529
6
4726
810
49
7
105
366
1
0
521
1227
218
2601
8170
13187
2086
0
1
2095
1
0
0
5461
61
0
5
218
250
1
0
0
0
13
5
5
4
15550
114
64
2
1
12
0
15
80
1621
5
19
371
336
153
67
2
0
0
62
3
101
39
13
64
30
10
3
287
0
0
0
440
14
1
3366
1892
1058
7851
1626
837
8133
36
3268
461
1
7
15
0
0
752
14687
0
1629
1
23
0
0
4131
654
4
5
1304
635
38
78
10
0
7
198
16
0
0
3819
737
86
0
5
5485
829
717
9596
1
1
5
23
3
8
480
0
0
1071
5
1
7
9
1
35
0
2676
1754
5
185
2
361
797
2
2421
12
246
5
378
33
0
1
0
9
0
1
0
0
7
1
201
0
1
0
0
0
2920
1
5
0
359
246
810
1420
1887
40
20126
10490
2
0
4
7109
79
370
2
5
171
3533
1
0
657
0
11
10
198
380
249
0
106
34
99
913
265
21
33
25
509
4372
25
401
52
54
545
0
0
1632
7400
1398
0
6
11
26
2947
29
0
446
22
32
21
16
7
2
30
5
5351
210
0
5
7592
838
3126
1
2146
29
4
6
238
6
3366
43
4
0
0
3
0
1022
15
2
15
262
80
2325
18
0
0
0
21
7
233
96
163
21
17164
7
19
157
128
0
18
1011
46
0
0
0
1
4
7
19
1
59
0
0
0
0
0
1707
76
2
0
0
0
1731
225
31
394
1
8
84
2
0
0
4
45
0
0
0
11
21
19
315
71
148
522
2
0
0
0
0
7
0
38
5
1
0
440
595
1
8
28
271
3
2
221
3505
2
0
0
0
0
418
2
77
1
0
0
6
0
0
0
1
1396
39
4
0
0
0
1621
5
19
10749
0
98
0
0
3
369
125
0
0
293
687
23
29
429
258
36
0
2
15
67
0
1
5518
45
1437
0
43
0
169
6363
2
25
515
1
1
26
0
1
321
2019
27
92
20
0
10
10
62
3
0
3997
802
0
78
98
666
1
5
0
1
30
0
992
15868
120
2371
0
18
1
0
916
5
31
1292
6
1
40
0
1
276
260
12
0
2
1134
0
1
1
103
0
1
278
0
5302
0
418
0
0
37886
1
43
2731
7
1
40
0
1
292
159
0
0
4
1
78
0
0
4057
2
95
0
0
0
0
0
2
0
992
1223
0
35
54
0
23
756
247
479
1
19
0
0
24
78
0
16
4436
234
1649
0
18
2
0
755
1
1
216
0
1
235
2
40
869
36
592
14
1
0
0
1
4
27
1
1
10446
384
1816
0
16
1
0
57
0
3
1
1033
1
1
80
0
1
3566
4704
152
9
0
1
0
8
16
1
1
15067
269
1779
0
26
2
0
93
9
2
1
493
4
0
41
0
0
72
3
221
140
135
934
121
354
0
1582
0
8
19
1
1
12726
18
4
0
48
2
0
428
21
2
1
977
8
0
99
0
0
141
8
296
3
100
400
24
0
370
7
617
0
12
6
1
1
12038
231
1703
0
21
1
0
1489
3
0
221
2
0
175
0
0
122
5161
5
1
18
25590
0
21
4
1
1
9572
240
2187
0
25
1
0
1998
3
1
1118
4
0
127
0
0
130
3461
4
1
1373
0
1
0
0
0
992
15868
120
2371
0
18
1
0
2067
2
7
31
3882
7
1
5
67
0
1
397
1
1242
2
2
854
0
1
1
105
0
2
9632
462
1077
0
5
1
0
444
5
2
29
4768
2
1
13
51
0
1
331
5504
613
1
34
0
1
1
44
0
1
1279
0
0
169
183
6
0
9253
1
54
3101
4
1
7
39
1
1
599
1843
5
15
36
2
0
12
17
0
1
0
55
0
1
5076
123
1334
169
183
6
0
1481
13
1
64
693
2
1
7
61
0
1
1044
1473
5
1
45
0
1
0
16
0
0
6484
162
1155
0
2
0
169
462
229
3
32
1021
2
1
59
171
0
1
899
1634
36
1
1547
0
1
1
71
0
1
6182
186
3396
0
7
2
0
991
1
163
2984
2
1
56
48
0
1
624
279
0
20
42
13
0
7
30
0
1
1
51
0
1
229
23
313
1442
0
19
0
0
345
0
992
2932
0
31
59
0
25
64
0
1
112
0
26
83
25
301
2032
1
26
0
0
1131
1
12
142
0
8
38
0
1
2
0
992
17
0
50
2551
10
377
2005
0
30
1
0
5614
1
22
218
0
1
349
0
1
10
0
1
24
0
6
0
0
0
0
169
183
6
0
1285
27
2
73
2575
3
1
36
0
0
5
0
0
121
0
1
115
0
47
320
0
5
0
0
146
0
0
22
0
992
1741
0
38
31
0
15
67
0
31
177
11
278
1798
1
20
1
0
67
3
0
10
335
0
1
35
0
1
4
0
1
11
0
67
11163
15
780
851
0
71
2
0
386
31
2
1
1561
39
1
117
0
1
26
0
1
83
0
1
2
0
0
0
0
125
25
3
3416
67
1
67
2674
3
1
62
0
1
8
0
1
129
0
1
274
5
275
334
0
32
0
0
58
0
0
52
0
163
3168
2
2
28
0
1
99
0
1
161
12
268
2023
1
21
1
0
2183
0
1
306
0
1
40
0
1
11
0
1
0
0
163
1056
22
241
1597
0
34
3
0
3327
7
8
4
3132
28
1
23
20
0
1
258
856
3
50
87
35
0
21
93
0
1
0
11
0
67
11163
15
780
851
0
71
2
0
4936
9
1
4
1388
15
1
23
333
0
1
359
13
580
1
0
413
0
1
1
13
0
992
873
26
281
2009
0
23
1
0
1565
2
33
71
1
2
19
20
1
1
364
2911
0
8557
3
2037
18
0
40
1
1
47
0
992
873
26
281
2009
0
23
1
0
477
2
2
34
376
11
2
16
4
1
2
764
5260
10
4621
2
121
0
1
1
27
0
163
1056
22
241
1597
0
34
3
0
609
22
4
3
1987
18
1
22
111
0
1
269
948
0
2
6595
1
819
69
0
4
1
1
11
0
67
11163
15
780
851
0
71
2
0
13521
3
2
696
2
1
13
116
1
1
416
3652
24
2
118
0
1
0
65
0
1
440
617
0
14
1
0
1
26
2
17
5
49
0
3
197
0
0
951
93
3
0
0
0
501
0
0
0
0
0
0
0
0
28
15718
3660
181
4
3
2
44
16
9963
2
14
190
0
0
0
2114
20
0
0
0
0
244
359
0
8
0
0
0
2
1
128
6
13
1856
4020
125
2
12
78
168
55
11
485
1768
5
15
0
0
0
169
1
56
1
0
0
1
0
0
0
0
1275
2
2
3757
5
400
282
0
15
159
0
137
1
0
0
13
1
0
0
189
805
22
26
252
552
35
0
1
7
59
0
1
14493
11
461
169
183
6
0
6050
11
44
2833
5
1
15
0
1
437
254
0
1
0
37
0
1
888
84
448
0
4
0
0
2
0
0
24
0
992
3091
1
30
98
0
11
142
0
22
5054
141
1106
0
25
1
0
1632
1
10
338
0
1
115
0
1
2
0
1
0
0
163
30612
26
693
0
25
0
0
139
14
3
1
1808
42
1
157
0
1
175
1
1
173
0
1
48
0
0
0
0
0
0
11
0
992
2771
0
36
75
0
14
250
0
11
120
0
25
4335
185
1070
0
33
2
0
42
0
1
8
212
0
1
2
0
1
8
0
992
17
0
50
17752
158
1017
0
44
0
0
79
11
2
18
304
2
1
436
0
1
207
0
1
1
0
2
0
0
0
0
125
25
3
3416
67
1
67
8854
3
1
97
0
1
347
0
1
175
0
1
6779
132
468
0
27
0
0
26
1
0
6
0
1
541
1
79
465
0
1
101
0
1
6867
184
1329
0
26
1
0
562
1
1
347
0
1
80
0
1
89
0
1
0
0
1
0
440
617
0
14
1
0
3056
0
1
21
1744
3
1
11
43
0
1
173
0
1
108
0
1
3382
8
0
0
0
0
0
0
1
0
992
5465
0
30
24
50
0
8
76
0
8
130
0
18
6578
162
1462
2
24
2
0
417
1
5
273
0
1
0
1
0
1
30
297
41
6
0
1
14274
180
1309
0
28
1
0
246
0
3
1
732
3
0
33
32
0
1
51
0
1
0
0
1
0
0
5302
0
418
0
0
2757
27
2
51
6786
4
1
7
437
2
1
28
1
1
362
0
1
4294
73
323
0
0
0
0
6
0
0
1047
1
68
2
165
0
4
139
1
1
188
0
1
129
6
606
1715
0
28
3
0
570
7
1
107
0
1
24
0
1
73
0
163
21
0
4
985
7
574
1197
0
24
1
0
1759
5
1
2030
7
1
77
0
1
832
3
1
28
0
1
0
0
0
0
0
125
25
3
44156
2
47
7870
1
1
78
0
1
393
4
1
205
0
1
266
5
516
637
0
51
0
0
0
15
0
0
4
0
163
1697
2
1
133
0
1
109
0
1
115
7
295
1633
0
15
3
0
2629
1
1
762
0
1
39
0
1
15
0
1
0
0
163
1021
9
438
426
0
27
1
0
299
0
8
3
4281
13
1
52
0
1
846
4
1
95
0
1
5
0
0
0
0
0
0
169
2020
72
1
37
3165
2
1
61
0
1
293
0
1
126
0
1
60
3
293
616
0
21
4
0
81
6
0
0
15
0
0
778
1
123
1004
0
2
199
0
2
159
6
431
1392
0
21
2
0
679
1
1
1390
0
1
167
0
1
132
0
1
0
0
1
323
6
1907
1699
0
6
1
0
3510
2
32
4610
5
1
146
0
1
470
3
1
130
0
1
8
0
0
0
0
0
0
0
5
52
1
41
242
0
2
24
49
0
1
182
0
1
134
0
1
110
5
393
1334
0
29
0
0
914
1
0
1
197
0
1
9
10
182
48
226
718
2
2
3200
728
9
648
9124
12
4
0
26
1
0
0
8
49
0
0
0
0
1
4
1
39
2
1
1274
323
741
4064
0
17
2
0
1660
1
46
6799
1
1
47
29
0
1
508
24
290
1
0
96
0
1
1
54
0
1
47
15
16
5302
0
418
0
0
2757
15
3
45
8118
5
1
26
126
0
1
435
2071
5
1
1866
279
0
464
7781
10
7
0
3
0
0
0
48
1190
9457
91
95
12
2308
0
18
9
0
1
2377
6
343
336
0
28
4
0
718
27
1
1
1329
23
0
51
563
2
1
174
12
345
4379
917
918
0
8
17
1
1
475
5
272
860
1
15
1
0
5257
5
1
664
4
0
40
39
0
0
86
3578
2
2
163
29
135
0
6
20
0
1
205
656
0
84
0
1
3
1
8
6
1
613
0
11
128
0
0
474
127
3
0
0
1
703
225
31
394
1
8
84
2
0
0
4
45
0
0
0
11
21
19
1550
1
6
0
0
0
0
80
19
0
0
0
0
129
150
225
31
394
1
8
1166
1
147
1
1
4
37
1
0
0
137
1163
58
21
359
1028
1
0
0
0
0
0
0
5
0
0
0
440
595
1
8
28
3219
57
390
5002
1
0
0
0
0
574
1
65
1
0
0
4
0
0
0
1
63
7
0
1
1346
30
0
0
992
17
0
50
1166
14
632
1055
0
23
1
0
557
12
20
1647
2
1
53
0
1
223
35
60
13041
2
381
0
1
1
0
0
992
1095
23
1042
1245
0
20
3
0
1501
5
35
596
0
1
182
0
1
130
1
1
52
0
1
22
0
0
0
0
0
0
169
30789
0
25
456
1
1
167
0
1
293
0
1
108
0
1
67
6
259
638
0
48
2
0
101
31
0
1
41
0
0
86
0
992
41
5
18
36
0
19
545
10
359
382
0
15
4
0
1264
1
15
18
5
1
404
0
1
58
0
1
0
0
6
0
79
1701
611
2
3
8
0
164
6
2
109
1054
11
1
777
0
1
183
4
1
127
0
1
51
4
2
0
0
0
0
0
0
79
4
56
190
0
2
129
0
1
931
0
1
96
0
1
134
7
346
434
0
15
3
0
30
13
1
1
328
0
1
58
0
163
5958
5
1
34
0
1
1105
10
389
340
0
15
6
0
1089
2
1
1522
1
0
230
0
1
81
0
1
0
0
1
0
0
440
617
0
14
1
0
9809
1
18
1509
2
1
287
0
1
619
0
1
64
0
1
394
6
64
0
0
0
0
0
4
1
0
163
18428
3
1
35
68
0
1
1330
1
1
96
0
1
192
10
316
562
1
17
3
0
873
2
0
1
466
0
1
0
0
0
163
1808
10
1
44
0
1
815
12
402
462
0
17
3
0
1754
2
1
2738
0
0
37
131
1
0
59
0
0
0
0
1
0
79
1701
611
2
3
8
0
29
11
1
103
5015
1
1
11
134
0
1
72
7
1
369
0
1
105
6
3
0
0
0
0
0
114
72
2
39
95
2
2
22
566
0
2
254
1
5
153
0
1
147
5
490
695
0
3
3
0
3106
1
1
240
0
1
7
24
195
51
424
1
1
35
0
1
799
22
397
857
0
13
4
0
414
8
1
1440
1
0
175
0
0
64
0
1
0
0
1
323
44
2167
2015
0
5
1
0
679
1
37
6214
1
1
458
0
1
1129
10
1
66
0
1
46
0
0
0
0
0
0
0
10
0
992
6802
2
29
148
0
19
1029
0
18
59
0
14
464
12
463
572
0
18
2
0
392
46
0
12
844
0
10
4
0
1
62
10
46
2
0
1
562
21
519
349
0
12
1
0
3302
1
1
6255
1
1
270
0
1
88
0
1
7
0
1
0
0
0
5302
0
418
0
0
1711
4
2
60
15493
2
1
88
0
1
749
0
1
87
0
1
312
9
173
136
0
0
0
0
0
3
0
163
13023
3
2
211
0
1
1114
1
1
53
0
1
301
11
339
846
0
19
5
0
73
0
1
1
348
0
1
57
0
1
2
0
992
17
0
50
1166
19
742
1498
0
29
1
0
1537
2
20
1141
0
1
431
0
1
185
1
1
3
0
5
0
0
0
0
169
183
6
0
33787
1
46
6891
2
1
173
0
1
812
3
1
95
0
1
146
10
414
328
0
4
0
0
7
1
0
0
26
0
992
1536
206
4
30
1230
0
16
76
0
10
132
26
356
706
1
24
1
0
951
2
0
7
2005
1
1
24
1
0
1
748
436
18
1114
4358
623
9
796
6365
8
1
0
136
7
0
0
5
74
0
0
0
0
65
0
13
25
1
1
2409
20
229
79
0
125
25
3
23691
3
50
7536
3
1
47
144
1
1
548
4368
0
8
1
3221
155
0
58
1461
4
0
1
1
70
0
1
371
9
440
617
0
14
1
0
674
8
1
34
4015
2
1
51
162
0
1
835
2225
4
0
380
3
0
801
8925
10
5
44
3
1
0
48
1190
9457
91
95
12
2308
0
18
9
0
1
2377
25
770
365
0
25
5
0
679
30
1
1
3857
4
1
37
707
1
1
149
15
1037
1009
338
1273
0
13
274
0
1
1
0
0
99
7966
2
1327
0
0
29
1
4017
9
0
0
0
16
3
4
5
2
10
32339
4
2
104
22
6
30
4
0
2631
19
4
3
788
116
14
4
8
0
30
379
0
0
158
0
90
0
68
36
53
0
1332
4160
36965
6
1218
46
2096
2
0
453
0
0
23
2483
0
2
5
0
0
0
8
577
1
368
22
27
2
1
4
3175
1
67
31
160
3
77
175
7
19
14
856
183
6
0
0
117
1
1
1
18
2240
151
4
11
1
0
0
0
632
4837
0
10
33
38
0
8682
15
18
5
751
1
1
25
0
6
1
153
47
0
0
0
1880
0
0
0
166
2
0
0
2443
5
20
222
1
502
16
0
15212
554
3
11550
0
10
521
5936
0
6
330
2
1
0
776
3
337
63
821
1
0
5
0
21
0
0
0
8
56
0
11
42
43
0
1
8
12114
4
6000
1
74
0
0
81
2283
12
69
37
28
1
0
1
76
1
0
8
13
1
44
2
0
0
1
9
10841
239
68
74
31
0
36
8103
8
1
496
371
0
103
1
1
0
75
9
4
3738
16
4
9362
1
1
5
2
1219
12
22
5
67
5635
40649
3
6
1668
2435
2
1
105
12534
0
0
0
803
4
0
4
0
4387
273
61
0
25
13995
5
0
0
22
0
0
0
87
1111
571
0
7
31724
0
14
0
0
0
808
249
16
3
3
36
127
2
4
0
0
6067
8
0
0
0
262
4
2
6
0
1887
40
7389
42
0
1369
0
0
0
0
32
1805
83
1
1
80
2
9
0
602
2206
94
0
0
9443
47
0
0
0
2
0
1
12859
684
9
1836
4
4
8
1
882
600
62
0
0
3680
9
3
37
122
9
0
0
0
0
0
0
568
5505
2
0
96
90
0
36
730
17
200
2
0
0
0
126
197
729
1
28
2
98
21
1
1466
24
0
0
7
0
143
0
142
0
9
4
12
15
191
11
2034
845
8
0
0
3
141
20
1274
61
0
0
404
0
6713
84
0
15
21504
0
4483
391
0
1
8
53
4
0
47
0
0
169
45
2594
12
525
1
63
13
0
1
147
2
160
1
3
1
0
2
0
314
291
58
0
5
172
47
0
974
0
0
2
1
0
826
2059
5533
34
9
4
9
1698
4
0
0
16
0
510
0
2263
1
143
0
0
1
5
42
3859
0
7
44
2
267
0
2850
11
10485
5540
13
4
8
7
106
11
106
2865
4
3
1
2
2846
0
7
120
461
6
0
50
1
6
148
7
25
0
43
1
9
509
616
4360
70
424
6
121
3
41
0
2
0
532
3
31
51
31
147
58
0
17
1
3
106
0
0
0
338
0
796
34
30
3602
8
0
0
10
679
3
361
0
49
787
55
0
0
5197
18
0
4
0
3
768
38
6
1
81
14
66
16
21
12
6
4
5031
16989
8
15
0
0
2324
1947
0
2
294
881
1
0
175
46
558
0
26
1
18
0
0
3
0
9
27
1
0
2
174
0
13847
7
462
0
17
2898
51
14
0
271
952
4
0
327
0
1
2844
978
15
0
0
0
63
629
3
1
1715
1
4
0
155
22
5104
6512
126
524
8
803
5
0
5924
0
753
205
0
162
1
29
20
1
3
140
0
0
0
3111
2
0
246
30
0
1
35
11
837
469
7749
2
0
0
23
0
2213
27
2
362
1
13046
1
1200
19
1006
7
0
18
1
159
0
1
4
4
62
0
16
2
44
13389
88
125
252
0
225
2
2
3
0
1
261
0
2446
0
1
1211
0
0
100
1
5
50
276
101
0
54
0
45
1
0
2
29540
5
795
0
10503
4921
0
0
0
0
0
0
317
3656
3
436
1
9
14
0
9
207
178
3
0
0
11
0
0
0
0
0
73
5
1977
473
1
1
33
8978
0
1
1
5
18
0
0
1
6
0
0
0
0
1015
219
2
0
0
10
1
206
2
0
0
2334
6659
6278
1313
460
6
0
1
49
0
0
773
1
42
9
6
0
0
1
0
10
36
3319
84
2
219
0
90
0
174
8
0
1057
1265
43
15
3443
13282
209
55
41
0
21
2
1110
14
227
0
0
19
1
28
9
5
27
812
330
256
827
4227
1
158
1727
156
440
595
1
8
17
2512
0
118
2
40
5
171
25
63
38
31
87
4
384
1
0
39
0
17
0
0
270
0
0
12
0
24
32740
11185
0
8
2469
10
4
207
5130
2
14
207
174
0
0
0
4
2
1
13
0
62
1
43
68
0
11
0
0
258
0
0
24917
29
5
10
162
2
2
0
113
22
62
0
448
8
1
1121
6755
19
0
0
0
0
145
54
4248
0
1
3
0
8
43
2
1753
3
2
34
650
2
7
51
0
417
4
0
2444
2
31
0
24
48
1
2
10
15
207
3
129
51
164
8
0
1979
77
0
152
10346
21340
3647
20
77
0
5
0
19
68
0
0
8
1
0
147
0
4
22
13
5
6
11
0
2
6
0
48
122
8
18
6
0
0
1
21976
1064
17
67
7935
0
1
15
0
0
1
131
23
5173
0
38690
10367
0
3
21
2
5
0
1
230
6
0
1
5942
25
1253
13
33
275
82
0
3483
116
0
3
5590
20
0
0
0
1627
0
0
1
1397
181
0
114
2
3
0
1314
290
1517
9
530
727
0
0
0
498
59
3
0
0
5
30
1
0
58
235
0
28
0
62
6
852
0
14039
9804
6
658
0
0
1629
0
0
4238
188
1856
75
18
2
11
101
50
0
1
1954
316
3
20
127
9
1
0
1
0
7
1153
0
550
758
28
33
74
14
0
1
12859
1312
662
9
2766
91
27
1242
46
7
0
235
3
3
10
0
0
1465
937
1
82
0
34
0
2400
53
2
0
3
515
0
0
0
91
4869
8552
0
1387
1
0
18
0
0
0
43
0
218
0
1
0
88
10
0
0
1
0
2575
43
2155
244
1
1
0
17
504
18
86
7055
0
48
14
105
10
1
0
0
0
0
2
0
11058
0
0
2308
161
0
2563
1
0
6
1230
70
3
1465
0
0
1709
1701
0
547
129
0
65
665
770
0
1
0
0
0
0
95
0
0
0
0
0
0
12
12
0
1
0
0
0
589
92
0
0
91
4869
6400
23
318
0
1
23
0
1245
187
1431
0
0
693
3166
0
4066
4
0
7
1148
148
3
939
0
0
2
0
3
4
0
91
4869
5783
46
10
3
0
25
0
86
165
0
0
0
1
0
787
113
57
0
0
1
0
336
32
271
1
0
0
0
151
1701
15139
2
1036
70
115
42
335
0
1122
662
6
18
18
17
3
1
0
2
1
1
31
2
0
20
13
17
0
0
0
897
0
6
23
0
148
0
0
504
0
83
946
6
0
655
6
0
268
22
0
118
137
778
0
71
4928
1151
213
3
926
40
6
282
223
5104
82
24
77
0
0
0
2
100
0
2
0
225
0
1916
0
49
0
1
550
27
0
75
0
1032
37
23
3294
147
48
17
2
12859
3062
1
12
0
172
8
922
4906
2
0
50
163
2504
4
5
0
245
712
19
9003
6
1
7
0
402
588
921
2
0
19
0
6
31
0
16429
167
1098
332
15598
13
3271
10
271
0
75
213
198
7
1
5
19
0
2
2
0
11017
30
2
14
4
25
0
2798
5659
53
113
0
0
0
0
0
1121
471
2
0
11
649
352
0
38
0
24
1192
608
1
2
4
1177
944
26
1
676
0
48
1917
5659
53
0
20
14
51
0
0
0
1852
0
26
0
13
0
0
0
0
0
6
854
2
0
3846
0
929
0
3
4
0
7
195
47584
18
1
2748
0
413
170
11516
27
14898
2004
167
81
7
25
0
9
0
1330
15
10
2
58
274
276
66
28
0
0
261
148
0
3800
27161
404
0
0
904
639
1
12
1
368
66
854
13
2
112
1
16
13
56
2039
1080
11
3
42
0
25
0
0
0
13
14
5385
7
0
1
35
3
1
2731
51
1
16563
342
9
1456
0
69
165
28
5337
2
39
209
13
320
0
0
0
14
81
153
27
326
169
2088
656
103
1
11
122
8
0
1
3
77
10
0
0
0
144
7262
3
3
7967
0
4
4934
0
231
30
0
0
7
10
0
5211
2204
184
0
7
22614
0
296
2514
1183
1138
63
0
0
8078
13
113
30
515
1
17
12
8
82
1
6
0
10
27
952
293
1
3800
27161
404
0
0
904
639
1
12
1
368
66
854
13
2
112
1
16
13
56
2039
1080
11
3
42
0
25
0
0
0
15
0
5990
207
35
0
0
821
0
67
1311
1
10604
1465
3
11
2
0
5
346
1
62
0
0
209
0
170
0
0
25
35
447
11
0
16238
17
5
0
0
0
2
0
56
3
0
18
4
2
3
24
0
641
169
17366
13
21096
1343
0
1
568
92
5
0
0
488
0
38
36
25
0
0
4
15
5
4
7
9
1
0
0
8
0
8
0
25
23
0
18
0
20
30
161
0
496
9
0
25
0
2125
1
29
6
5
6
25
0
0
0
33
1
34
7
0
20
872
2
46
0
162
185
363
2648
388
6
0
0
427
357
0
167
11
28326
34018
0
0
7737
0
443
413
0
247
1870
0
0
2
0
0
0
140
0
0
0
0
0
1302
0
1796
0
0
0
7011
0
6706
0
4541
0
131
1780
35
15
0
0
0
1
149
0
0
0
0
0
0
40
0
0
0
0
0
0
123
0
0
0
0
0
3566
2210
3
7231
0
0
0
60
487
0
0
0
0
0
1
29
0
0
0
0
0
0
110
0
0
0
0
0
0
2
1
0
1540
9821
26814
0
285
7785
52
4908
0
0
0
1
870
0
0
0
0
0
0
25
0
609
37
12
4
44
7
0
0
0
0
20
28
39183
0
11357
0
336
724
72
85
0
0
0
1
209
0
0
0
0
0
0
200
0
0
0
0
0
0
104
0
0
0
0
0
1940
361
31
16080
0
0
0
745
284
0
2305
139
19
4
55
13
0
0
0
634
32
0
3
0
0
0
36
77
0
0
0
5104
0
333
9937
6
8453
0
0
0
1
88
0
0
0
0
0
1
181
0
0
0
31
1535
4714
8
1
0
0
0
25
0
0
1001
7373
0
169
596
57
12224
0
0
0
3
254
5
1
0
0
0
0
65
0
0
0
0
0
0
314
0
0
0
0
0
0
2270
21
34897
0
1780
0
181
1210
1
1
0
0
0
1
4
0
0
0
0
0
0
51
0
0
0
0
0
0
12
0
0
0
5104
0
333
4005
5
7545
0
0
0
1
254
0
0
0
0
0
0
13
0
0
0
0
0
0
423
0
0
0
0
0
0
76
28
39183
0
11357
0
336
6404
3
23
0
0
0
1
0
3
487
5
1700
0
0
0
0
41
6
0
0
1235
18
1
24
369
3
75
0
111
656
139
0
1
256
9
1
0
0
34
2
2
0
7
0
555
3
0
0
0
6
1
2
0
70
0
2345
0
0
75
0
111
31
0
4
537
7
0
0
86
0
0
0
1
0
57
0
10
174
716
0
0
0
0
57
0
0
0
1
0
69
18272
519
3922
0
5
0
1
4
18
0
23
0
1
2
0
249
0
0
1
43
53
0
0
0
6
1250
1
0
0
0
44
0
1612
11
0
0
0
38
561
0
5571
109
87
24
2
0
0
1
25
0
0
0
0
1
1
0
12
0
6
43
26
0
0
0
0
8204
0
0
0
0
164
1286
2
1
0
0
28
0
0
0
0
0
446
0
1044
109
5035
7834
0
0
0
0
21
0
0
0
1612
1023
43
30
1
409
0
288
0
1
852
9
5587
14
0
4
32
20
1
19
6
1
0
37
2
459
152
1
1
0
3
318
6702
0
617
0
0
3
0
1
517
2027
0
0
120
0
204
1291
4
1
0
0
0
0
2
0
0
0
74
3
18
122
4
0
5104
182
293
72
45
0
18
359
3
0
19
1263
0
17
5838
2
0
75
0
7
57
0
471
69
14
7
108
9
1213
1
0
1
6782
3942
2402
1
315
2236
1
0
1
30
3
19
0
0
0
0
0
46
0
0
1637
0
0
13
0
17
110
0
37
4
0
4
22964
16591
158
806
1
1
109
1066
1
44
19
0
0
17554
0
3135
21
190
7
27
0
0
0
476
1
4
0
863
0
0
0
0
15009
9
0
311
4
1
714
116
29
0
369
2182
517
1
29
8
2
3
0
14
0
586
841
2
6
2
0
57
1189
457
38
1
100
38
885
6
23146
173
2258
266
2
7
4933
28
0
15
0
0
0
1075
736
8
0
0
19
0
1
6
2571
1
4
0
0
3
9535
484
6825
0
43
5
5401
15
2641
40
276
6
494
379
1
11
25
20
0
0
0
2
3
23
0
0
194
0
1
0
0
2
67
4551
4069
18
2046
2419
5
392
277
2
9
5
16
0
0
0
1
0
16
0
0
1
4
8
0
0
0
2586
2
0
0
0
1621
5
19
17518
401
80
0
0
2231
315
9
160
0
2408
303
2
3
1
102
11
43
10
2137
1
0
0
30
2
0
1
1
5
11658
1208
2535
55
3107
5
0
2
5
6
5
0
0
12
6
0
20
515
1
2
0
0
702
3406
122
5
0
0
0
0
0
6
16310
15
0
1
54
680
67
2
217
6750
1705
4006
21
519
2
0
2
6
3
5
5635
0
2
0
2361
13
2
1
0
0
1
0
67
4667
486
2899
40
10
41
2
0
2
2
13
2
3
0
1
663
0
7
0
9
0
4
0
0
0
0
16
0
0
0
0
2017
7461
4820
2262
21
26
27
1
0
544
92
10
1
0
0
0
1779
0
144
9198
0
0
12
36
267
539
0
16
698
34
0
0
169
45
8
1434
9
2453
225
1
0
0
1
407
1
1
16
18
0
0
1500
3
2
0
1140
93
18
15
200
14
5075
0
8
1
8339
47
0
14196
1941
22
2
63
949
71
720
58
3
8
755
0
2
3
0
0
0
1
4
12
8
178
97
0
0
0
5
8
1118
11291
332
0
110
2458
4538
7
760
0
106
0
17
34
343
42
0
0
7
11
0
2
4
7
0
4
0
10
7
0
0
42
17181
5111
3759
835
13
9
10
147
6071
0
0
621
43
0
25
839
12
6
2
52
636
1599
10
1
0
1179
3
4
0
0
0
12
0
91
4869
583
81
4
2
57
3
1
1
1
54
68
66
0
0
0
0
10
16
41
50
190
10
226
2
7
0
2
2
0
509
10250
350
2
27
1
5
0
397
0
0
0
30
32
1
0
662
889
1
19
5
0
44
30
1500
449
43
662
3
12
0
1
16
2883
5
196
0
242
7
13
0
103
34
0
8
4
0
1
0
1
204
107
0
0
4
131
825
1967
1259
50
4045
67
15
0
5104
70
35
43
1330
667
1074
0
2114
10
2387
6
1471
0
0
374
137
9
7
76
3
90
6
27
70
2
0
1516
0
0
2
0
320
47
0
120
640
0
17
1
9
43
2015
1408
406
484
10
7
9
14
2
0
1
1
2
4
160
5
31
0
0
0
0
1179
6
0
0
1155
1
8
216
974
1
120
0
34
4293
262
1
1
203
27
4
58
1
0
20
1502
163
0
8
216
0
0
0
0
119
82
29
249
671
321
0
4
476
320
4
6374
9
5
0
6
0
10
47
369
255
123
2
0
2
109
0
781
547
135
2
1
0
826
3338
1003
0
4
0
38
1618
0
1181
2
12
299
2
0
0
2
0
0
23
0
3314
1
469
30
11
7
31
6
3
0
147
185
14273
1
0
450
285
4
0
288
0
0
200
578
4
5095
3192
293
26
9
2
0
0
0
23
1871
136
3814
0
0
798
204
28
60
1576
1
11909
0
455
4783
37
4940
0
0
1
27
0
15
0
0
0
0
1
68
0
0
0
0
0
0
0
108
0
760
11936
6
0
79
2
0
53
56
13
65
131
1
66
8
0
13324
0
663
553
21
31
598
4
8
11378
8834
1481
1675
12
1
0
0
3566
3635
13
1520
132
2
11
1200
1115
1
22
149
0
0
0
0
22
1413
0
640
1
0
0
54
0
337
15
12
1
1
1
2
8307
3656
0
444
3600
4
21
511
3
12
0
0
1
373
0
0
0
2
0
59
12
0
0
329
22
0
20
382
2
0
0
8
5215
40
0
1
128
46
0
0
1
5
3
2
0
9
0
918
1
2
0
0
0
3
0
2
0
71
0
3272
0
0
0
0
1612
11
0
26
808
6
0
0
30
0
0
0
1
0
37
0
779
429
66
0
0
0
0
20
0
0
0
1
0
69
0
0
2498
0
7
0
7
1
17
0
10
0
59
2
407
1572
0
0
1
40
53
0
0
0
7
1511
1
0
0
0
29
0
0
0
1612
11
0
26
629
0
245
700
0
3834
0
0
0
1
34
0
0
1
1
1
1
0
11
0
270
466
0
0
0
0
1
0
1612
11
0
138
932
2
1
0
1
38
0
0
1
2
0
275
0
15
0
4
0
0
0
1
0
86
0
457
24
5518
1
10423
164
132
872
850
0
1
140
33
0
0
0
2
10
28
1
302
0
657
0
2
42
429
8578
1
4
7
1710
3
0
0
28
1299
28
19003
0
11777
12598
1
45
36
232
51
1
0
4950
2
0
124
27
1120
1
0
2
3237
33
10
0
112
39
0
0
3
8
0
320
4
0
13
1
0
5
8
2
0
4492
561
0
1
0
43
2
9
1
1
18
965
13
23
0
51
3
0
8
29
6
1
163
21031
104
61
2
1818
41
4
950
19
23
5
642
0
0
334
1161
5
4
3
6
0
0
1265
50
291
5
0
16
28
10
0
84
29
0
0
16893
436
1
35
0
3
2
0
3
1
23
1
5
0
0
0
1
5
0
1
61
19
278
1
0
18
0
4
100
560
0
118
0
28
1640
186
1
37
20
0
1
0
31
0
0
0
1
0
12449
79
0
1
1
0
0
2161
184
2
0
0
3566
2
0
26672
3812
0
0
3
1
148
0
1
226
1
1
1496
10
24
1
16
383
4
0
4
0
1
39
6
3917
0
0
1
16
12442
10
2087
483
27
0
20192
170
54
3
876
0
0
0
27
2
2
3
6
383
0
629
0
0
76
840
130
23
5
1089
2
320
5875
3
11043
745
1
34
18
659
0
8
6
1506
5
0
0
116
131
6
0
0
0
897
1
26
17
0
540
0
0
0
0
38
13
2
5438
793
1
47
924
0
5
37
0
8
2
1
140
1
5
12
786
13
0
4
0
3768
0
478
0
0
1
14
1
119
3937
153
922
0
0
1
1599
3
3539
0
4
344
53
4514
752
0
0
0
2
7
0
0
3
14
0
1
4
0
5140
1
20
6
110
140
394
0
192
5
608
0
7
0
49
0
462
375
5
0
21
9
0
0
0
3
34
131
1785
0
2
5
26
11785
1
100
172
18
0
117
1
17373
4800
3
0
22
29
4
237
0
0
0
6
1
0
341
0
9
0
63
210
33
268
1
0
10
0
8395
0
4642
0
941
1
0
0
151
674
140
9382
3006
5
2
29
192
234
1
0
5
4247
62
0
14
266
3694
201
0
0
61
184
0
826
1093
1457
2288
4857
256
9
3
0
4
15
314
2523
847
1
2
5
7059
139
0
4
9183
4441
463
0
0
0
31
6
0
10
554
0
3608
18
3006
0
20099
70
1
2252
2555
149
0
7010
0
0
266
0
180
11
3
33
20
19
45
0
2
89
0
2
1
0
18550
1066
690
18
2873
0
3
56
2
3
1
2
7
2
0
5
38
4468
196
3
4
34772
7
2123
210
1
0
0
36
324
0
0
30899
35
3458
71
1072
48
91
9
628
528
0
2337
1
853
0
49
0
0
219
3
387
1
290
94
15
0
0
2
0
2
16
0
20473
29
29
546
30
6166
74
175
0
0
5
9
0
130
0
0
0
22
1
0
0
1221
1207
379
2
18
0
0
69
0
4
2
1612
4007
3
1
580
12
4
0
0
250
18
0
1597
13
6287
20
172
0
0
1
2040
17
290
0
12
2
1493
0
327
12
1146
73
917
2
0
10948
287
144
1217
175
0
5
97
2
0
7
441
0
3
9172
237
273
22
13
0
0
4
1
0
26
0
0
7
86
6702
13959
4607
1
0
22
1
24
47
2
0
2530
41
0
11
1
53
18
0
0
3
1
1
3
0
5
2
0
0
45
11
13
16824
2
0
0
1061
3752
5
0
0
132
170
7
0
24
0
0
2
9
0
0
0
0
12
260
1
57
3
301
0
88
3
2
5918
6
63
1
0
453
0
0
3224
0
14
0
18652
262
1188
0
276
2
3
3
167
3
0
0
19
0
4
0
0
1
0
557
7070
21424
47
9
4475
1
3460
0
55
0
8
0
0
115
29
0
0
400
1
1
1
3
16
0
6
17
508
12
85
4
0
113
20291
14
1
27
0
0
1
3
22
302
1
1675
225
282
3
0
14
15
546
1
25
0
53
4
191
1895
1223
5
1
3
33
100
5302
0
8140
157
0
2793
34
23
5
45
4
1
501
178
2975
5
9
1473
46
9
0
0
0
0
0
10
356
0
36
5
2
0
982
1
1
0
14807
264
0
0
1
0
188
0
3
2
0
4
0
117
1
21
9
2
29
8
0
0
0
0
6
2
0
8
4
4734
0
0
12
6
6969
2
1977
11
3
6
0
0
1
0
0
4
451
10
0
5
1
0
22
2
3893
6
195
22
2
228
971
73
5581
3026
3
20
0
19
23
4
0
66
0
542
1
1
9
0
0
1
28
3
7
0
18
0
3
3
99
107
0
116
44353
0
2
78
1
194
2715
50
22
1468
3
1
7697
4913
63
4
255
94
111
24
0
16
26
8
1
1
0
0
0
2692
749
659
169
25252
11
1431
125
134
0
2119
0
1605
863
39
0
44
444
2
0
0
3
1631
47
219
253
33
0
1
2
4
3
0
0
0
495
1903
243
2
3894
0
536
1
0
0
1483
0
81
0
0
0
573
0
1619
1191
100
0
2485
1316
42
16
1
0
2
0
0
0
870
98
1987
81
5785
884
29
1522
9
2
5
8
0
2
0
93
433
844
0
10590
1
800
5
0
0
3038
0
109
0
0
0
554
169
338
2
37
2003
0
0
3
7
1807
25
590
6644
249
2
6
1
1
19
0
3
0
733
500
1011
0
2305
0
1142
3
1
0
9838
33
3282
94
217
0
5385
0
1758
21
163
17
2273
0
0
246
1
0
1
114
7
39
313
23
0
31
1
4
2
1
3
0
2890
18
282
1
191
0
515
5
2
0
53
2
0
7
1
19
0
8
1
2
0
0
1117
0
58
1208
0
4
0
28
2
83
1060
51
35
0
498
5
2
143
17
8790
1
496
365
312
51
3
18
5
18
1
0
6
235
281
4
2287
21
9
0
58
4
2
8435
4
0
4
1
70
12
1
666
0
3
0
54
2
0
3
0
13
0
4
0
2
0
0
0
9
1113
88
0
0
236
97
7659
1
685
4
7
0
0
8
1119
4
25
0
0
0
11
4
0
0
0
412
4
14
0
0
0
0
0
0
2
0
1
0
7787
1462
1699
1
0
28
770
1
1
1
506
1
271
201
0
1
93
16
22
0
1
1
1
185
0
2
0
0
0
1
0
1
15489
12
0
0
4
23366
11
594
2
0
41
6
11
1
1
1
0
0
3310
1719
0
0
115
155
333
0
178
6
1
47
0
0
0
1940
4
0
30215
163
26
24782
4
0
1
609
2
305
0
0
402
0
1
1472
0
3
123
2
0
0
1
1
1
4
0
1
12859
5450
88
2
3609
1
2
67
9
46
121
1
264
7
0
9
0
56
2
16
1
13
3830
3
0
5897
1
115
2
4
4
8
36859
2
290
0
31
6
0
0
0
13601
149
0
2
3
15
3
0
6
4
104
27
1
0
7
233
4
460
0
1
12
1134
1
10125
83
65
60
3
0
1
148
0
4
0
50
0
0
25
199
2
0
17
100
0
0
8466
106
3
2
298
2
4
4
12
1
6805
0
2399
3163
7700
15
0
0
0
0
0
0
0
170
1
14119
0
36
1
0
185
1
87
52
0
4
5
2
0
11
1
0
12859
353
218
1047
50
1486
2
258
43
12
166
359
0
4479
80
2
1
4
4
69
2
3
13
2
1
5
15
15
0
1
0
0
21
223
227
14
35199
60
6
35
1
248
6
34
2
2
1
10
0
7
0
77
0
6
3
3
0
0
4959
42
32
724
7015
1
4220
1202
35
288
0
63
0
11
5
0
0
44
11608
55
251
2199
2
780
76
0
1
21
782
3
0
11
2
1
571
499
1
120
1439
96
39
274
6642
3
313
2
0
0
1
6
4
6402
42
20
2
23
1
0
8
17
25
0
43
0
1
1127
0
0
0
0
5104
5956
0
1
529
79
1427
0
2
0
0
67
6
3
90
0
0
1
7059
4
0
0
0
48
26
3242
344
0
3
0
0
1178
9368
1239
4
456
4
1
44
0
424
0
20220
38
1
0
10
136
14
465
1
0
148
3
21
4
8
5082
40
0
69
87
2198
27
8127
8072
221
770
21
3643
2
0
2
0
6
0
13
42
0
2
68
516
0
0
104
16
0
1
0
1
163
0
1
0
147
0
2225
29312
203
10679
45
104
117
0
2058
2
538
6
0
0
1
0
2
7
9
0
0
0
0
1
0
4
0
4
311
2
54
0
8
1075
1
28860
19
4
76
281
1491
2
2
0
0
9
253
6
0
0
43
181
1
6
2
1
0
0
56
1
1
75
4
19
28515
74
0
9990
2
37
10821
364
52
0
2
1
0
599
2041
1061
1
2
98
0
5
0
10
1
13
0
0
355
1567
0
136
2
4414
110
131
204
0
1
15
116
1
0
14339
2080
2
1
0
0
10
49
0
173
105
0
0
0
2
176
5
0
100
0
14
0
8361
17080
0
7
0
37
0
0
0
3
25
0
0
0
3
189
0
96
1
4
0
4
0
3
0
0
0
1
6
20522
440
0
3274
490
223
1
2116
1417
28145
0
1
1972
4022
0
83
1570
52
19
1
4
2333
0
18
0
0
0
22
407
7
0
0
0
2
68
9005
15143
141
15
2
588
1
162
0
0
0
1690
9
9
21
1
4
1
165
0
3
0
5
443
25
24
1
0
0
79
0
0
185
2194
4
9065
280
0
30
0
52
0
0
1928
1
0
0
5
314
0
0
0
2
1
8
173
6
53
293
48
1
0
1
0
157
0
3028
1
2
0
6
8
134
0
0
16
8
14
0
0
6
0
5
7592
806
16
93
147
0
32
0
128
0
15
133
16
3274
155
323
0
0
194
6053
0
0
1131
243
0
3155
11
8490
0
0
1
1
2197
8
3491
680
3
122
5250
0
0
12
0
28
0
15792
1
3850
753
2
1
0
367
196
0
2644
173
1475
27
1
0
32
821
5
58
11
0
0
6
31
0
0
0
0
8
2
0
3274
6490
578
1
4072
0
0
0
30
5
0
0
413
0
179
0
3
290
1
1
8
0
279
120
0
263
0
206
27
0
149
19
4498
2
179
1
0
4
5
13
12927
10
188
0
87
0
89
144
0
0
0
1
0
0
0
68
1
0
0
5
36
21
128
0
13415
11
0
0
3
263
29
52
105
1
1
72
3944
3
899
30
13
158
10
46
3
0
32
0
1
44
0
70
12
1
0
0
45182
9382
91
502
3
2
1
250
202
127
0
24
2
0
0
3
78
1627
0
0
0
11
0
0
0
9191
927
0
42
1
0
70
845
34
2
0
0
103
2480
31
3
329
1141
7
245
12
1
7904
111
2
0
24
6
2
2
3
31
98
62
2
7
0
1
1
21425
0
0
1678
9
10072
206
0
0
0
0
0
1
0
88
0
1
4674
340
48
2
1
0
0
56
0
2
0
1290
0
13
11
382
14
0
0
15766
13
8581
53
0
0
2
6
304
1
0
159
3657
535
3
61
146
4
87
0
0
0
271
910
2
1
37
9
6
0
0
7
3676
2
5
233
54
3
0
23
0
6826
69
42
0
13
0
0
0
21
0
2
0
3059
0
750
0
0
0
0
9789
278
0
2
2
0
18
4907
18942
1430
23
0
147
25
1
0
1
94
0
11
0
0
1106
14
1
28
0
155
25
15
0
0
1446
3795
862
6
2
0
0
89
6
2
724
0
134
1
202
0
27
0
17
0
18
22
1
0
2
11
723
0
0
0
5
51
160
1
261
403
90
1047
2696
4
1
12
0
1375
0
0
2
1591
0
108
0
0
470
132
0
0
2
0
26
1
0
0
5638
0
2135
165
3
22
5362
657
0
7
1
0
3
2
1630
0
52
0
63
3
18
1
151
0
432
1
9
0
0
20
0
2
0
1477
2816
7969
1461
1
378
0
0
4
284
891
13
26
2
2
0
47
0
0
0
93
0
33
65
0
1117
0
0
94
15
6
0
11
2776
873
1
33
0
0
2
138
0
2
4065
24
159
0
0
5
0
38
0
0
2
0
21
57
0
110
18
71
58
3
0
0
15
285
4
20562
272
1485
1
4
703
22
0
1
6050
54
3
2
1
0
0
6
1
2
2
0
0
0
113
1
148
2
5
10
14022
51
1
3
1
2
6
0
1
152
3
33
9
55
1
2
56
4
2
192
548
5
0
5
15
75
1
5
8533
0
1572
0
17169
4
322
283
0
4
713
25
26
0
0
287
0
12
58
648
15
0
4
11009
77
6
416
0
0
3
6
3
78
0
0
1
14845
3862
118
690
14
0
343
17
0
1
659
43
1
454
6
0
653
7
4
67
2
59
1
205
0
7
6
0
0
5
0
18
38
4
0
27
1991
29
378
1
0
205
0
875
34
1219
11
4
9
4
15
2
0
1
59
2
0
7
33
3
270
1
306
1
160
158
1
9
1
296
108
0
72
16
1
132
182
9
9
0
467
4
0
1363
103
0
1
0
0
1
3
3
0
9
3
1
16481
0
8824
11
1
3
4
2
1
326
37
10
0
0
0
1
0
2
0
4
5
199
0
6501
1
0
2
0
1
2
5
0
6
0
0
1
13543
0
229
0
1629
23
1
20
32
210
0
1
793
28
43
84
19
5510
0
1
0
1196
17
0
269
6
0
8
6
54
4384
20
57
958
0
1582
4
0
1
2
1699
0
399
33
216
6
13
3938
4204
3912
157
1
0
2024
0
7
55
4
2
27
12265
3
26416
0
66
22
288
0
147
34
1
4
3349
0
1
2152
0
3
0
521
360
0
9
0
21
139
0
23
271
0
5
56
4498
5047
415
58
0
5
213
28
3
1
51
0
0
0
0
3565
1446
1
11
65
0
0
895
11
0
8
2
0
69
0
621
0
44794
4
14
0
5
0
0
5932
61
7
0
1
0
1
78
0
0
69
1
1
185
225
0
27
2
6
99
0
15
0
0
30
12859
9896
0
1066
0
42
419
6
4227
46
2
15
0
4
0
0
10
755
2255
0
12
136
2
3
2
133
5366
0
1
0
0
109
12859
146
343
5
0
1
0
1
2
0
5
1330
61
0
767
64
0
0
2
0
0
6
15
0
3967
0
85
0
0
17
0
2
38683
195
1
8
15
11
0
91
8
560
519
2
170
0
16
545
2
0
0
820
1
1
34
6
0
2
8886
40
39
5
0
74
0
826
11
18
1
11
529
1
6355
0
11
1
1309
246
1
4
1
0
27
12
5
1
13
0
5
8
0
0
2
4
7
0
320
12851
347
6
296
9
4
0
10
714
0
3
2
1
5
1
0
24
17
1
0
1430
40
17
2
6
15
0
206
87
0
0
573
17
26469
60
15
5301
6
0
2
14
0
1
1
0
0
45
0
10
2
1
0
95
4
0
3
0
0
1
0
0
1157
4
6460
75
10209
5
2
47
28
2459
278
2
2
0
40
1
0
0
75
3965
0
0
411
7
0
25
0
0
3
0
1
0
0
0
5104
1669
116
0
0
0
0
5717
5
9
2
7
42
2
18
0
0
0
1
0
0
5
76
1
547
1
9
0
0
1
4431
272
2577
8810
135
3
3738
22
2
1605
1828
2
0
217
93
1
1
3
10
3
4
13
1
3
0
1
48
0
0
21
2
0
1
1
48
279
2093
9101
0
3
6
6465
0
5
2
5
21
396
1
734
59
1
0
0
0
2
2
0
0
0
285
0
0
0
1
42
13731
32046
51
0
38
28
770
10
2
0
548
0
186
23
0
1
1
0
1933
7
7
0
8
3
0
38
2
0
0
20
8
30
37739
24
59
4
137
603
37
32
211
1
1
125
3
0
42
99
79
6
0
3
3
0
8
5
0
2
312
6672
21
21
0
45
38
4
2009
16
0
504
26
143
7147
6
26
0
264
0
52
0
5
0
2
0
0
1
0
0
1
65
0
9258
181
2
0
0
314
22
4206
3
6
13
134
0
0
13482
233
82
0
0
0
0
2
0
0
0
0
3
0
19
1
34
2
0
0
0
0
0
30957
19085
3
5318
4
0
2
3
0
103
2664
124
0
0
0
7
0
2
1
1
0
85
23
630
0
2
3
0
3
27
8
21
1276
3627
0
0
0
1
4027
1341
3
9
6
14
0
354
950
0
0
246
5
10
123
1
0
17
2
11
586
201
216
68
472
4
2357
1
5
350
190
379
11
18
1
11
44
0
104
0
154
0
1
39
2645
48
1
0
119
10
9
286
31
0
0
0
1
18
274
1531
54
1
1
6
241
3
1
23
133
1657
253
5735
2948
7
5
3
3
1
1
0
0
0
4
0
179
18
1
62
2837
4
15775
1502
2
78
31
5
0
154
0
0
1
10527
116
0
0
0
0
9
137
253
12
0
0
5
546
0
2612
3
70
0
0
0
48764
4
165
16
4
0
0
0
3727
113
0
64
3
17
0
11
11664
336
6
32
0
0
1
293
0
5
1
1
2
1
0
0
1373
0
0
10
950
0
413
0
0
30
0
7
64
193
2
0
115
0
1
0
12942
9
0
0
0
23
54
0
70
3
0
86
274
1
4634
3
2225
0
207
1
107
4
5
0
0
0
311
15
0
4
30
72
0
1
0
0
118
0
0
9038
16
0
0
0
1788
19081
348
0
1123
87
0
0
240
1569
15
0
0
8660
296
0
0
2
9
73
101
1
46
8
0
0
4
39
3
0
2
0
9005
40
18
0
0
1555
2
37
0
4
26
1
0
14
2
0
1
0
12
2
0
77
0
0
3
0
19
0
13
1
2
25
12153
1141
4
81
67
16
1
130
27
2
0
0
0
461
2
1
407
14
151
52
0
1
1
0
2
4
1
4
0
1
9072
40
14099
0
2
0
513
3162
936
9
2
0
0
0
0
1
0
0
0
0
1
1
0
0
0
2
0
15
0
0
0
0
0
0
6306
683
1212
0
0
2191
7642
10127
1
0
792
33
3
242
109
0
334
0
2
1
1
3
2
2
0
0
7
0
1
0
14
0
13847
3
5224
0
23
667
1
17
37
1
0
0
7
1
0
148
0
18
0
10
6
0
31
1
0
2709
3122
7
0
117
18
0
17846
3
148
5
12
0
23
997
9
5696
4507
39
67
76
1
1
0
16
0
50
677
0
0
3
1
0
0
26
6
0
1
0
155
13
0
39
1440
28
183
0
1
527
1412
1
296
150
33
1
66
0
18
6
0
568
7
0
2
7217
3
1
15
111
8
1919
49289
730
6
141
164
2398
0
232
22
1
98
15987
1
103
3
29
21
1
0
0
40
0
0
0
390
0
6
0
0
0
9
19
3726
8
1
0
27769
8
12426
1
142
0
2
72
9142
0
500
11
1123
0
22
2376
5
0
64
0
3
0
0
0
2450
11
1
0
5104
125
31174
38
2
14267
1
2
41
1546
4
112
0
0
703
0
147
0
2
0
28
0
0
26
0
0
0
0
0
15
0
0
949
0
4386
166
5834
0
163
25
215
0
155
20897
0
63
11027
88
0
7316
5
122
33
0
3
177
0
44
2
123
34
0
224
0
88
15786
6
12898
4
17
4
35611
2
913
12
1
2
0
8
0
2493
1
67
12501
2
657
16
0
9
0
0
3467
3840
0
1
0
390
933
14
0
438
846
1
1
5
0
0
0
0
9
0
0
0
0
0
4
138
0
18
2
669
5
7
4
301
129
71
228
1294
27
80
1
695
1
0
1
0
9487
6
9
1435
143
187
1
4
187
583
20
0
644
0
6750
7289
3944
7
100
287
0
3
1
160
10619
11609
3
60
305
2
3
0
48
12
20
283
0
36
4
0
0
0
11
3
35
201
0
22
0
3
2
0
0
0
0
41090
6
7
629
1
17668
7584
0
1
1
11
2404
0
1
23
41
13
0
1
0
0
325
2
0
2
26
11
27
0
2
5
72
12661
75
2
26
841
1
0
9308
102
2
2
323
1
0
1
0
3
403
0
0
0
81
0
1
0
2
146
13
52
4
6
0
15319
6
32
7
0
3
0
91
11983
101
1
0
181
10
0
0
0
1
0
197
0
2
17
0
1
1
4
138
39
0
1
1
24266
438
4
0
51
15777
275
0
3
0
6
366
0
0
1
0
219
0
0
19
263
1810
0
0
4019
0
39
1
30
11
0
361
12661
1180
7
13082
22
432
0
0
1
0
0
0
1
0
3
3
715
12
2
0
0
0
1
8
0
2534
231
185
36
0
0
0
12690
30
4556
1522
4
8
1724
3
0
149
1
0
2
338
0
6326
151
10
0
246
0
99
0
5
0
10
1
0
19
12
17
1
87
2111
70
16
1
189
3
0
1735
11
0
3
168
0
2
28
3
0
805
1
7
0
32
0
52
11
0
313
50
1
283
0
6
238
2702
1
2
37
237
1
2
5
0
8398
1042
0
1
0
11
3
14
1
21
0
1
16
33
0
0
394
2
0
8
0
0
826
2059
46
137
0
0
495
0
5
0
0
1
1668
1
0
0
0
0
2
1
2
3
19
39
10
1
2
1
1
18
0
320
253
2
0
187
0
0
0
1
3
0
14
0
41
0
36
0
12
1
0
1
5
2868
7
1
0
279
2
55
0
6
0
12661
211
27
3
0
1100
2
5
0
0
4747
2533
2
0
0
2906
2
0
45
0
534
13
0
39
0
3
12
0
0
0
0
3635
5813
0
19
60
9736
676
46
0
10
1623
82
21
1
96
3
1
130
0
0
0
0
136
1
1
0
7
2
6
0
77
0
0
5104
18179
13547
11464
6
0
0
22
4
0
14
1038
0
0
0
0
1
0
2
7
0
21
103
8
0
0
17
57
22418
78
45
16
4712
3
21031
22054
4
29
0
0
2734
15
2682
2
1
2
4
0
36
568
0
1
0
14
336
82
0
0
0
4
0
1
0
788
10285
2
12616
8
305
0
4802
0
4
270
0
1
3468
4
3
0
71
0
1
0
20
2
54
19
0
0
7
0
400
4
7
4
1709
20
269
23250
55
20
3
109
1
1
1
8
1
114
3858
101
1
8
1
3
2
6
0
1
1018
3
0
164
2578
1513
110
0
355
6
6559
3424
36
0
45
6
3816
0
0
10224
8
57
8
2
1
1
34
0
71
59
0
8
0
5
12
83
0
0
0
325
190
86
37008
13
0
4
2
16
65
0
18
0
5
5
1
4
32
0
3
0
10331
2790
2
0
2
0
4
52
1
0
1
468
4200
821
1
1
107
2
7
1
2552
900
0
20
10758
316
0
0
0
5
7217
0
0
4
2
3
0
5
0
0
0
583
71
781
3919
726
4
169
342
300
1
1
1404
222
130
0
10
34
201
51
0
86
4
1
1476
789
1189
3
0
2
2596
1
0
4
30
0
147
6058
1
1
3477
4016
6
0
0
11
1
170
0
37
6
0
20
1
0
6
0
0
4
0
0
64
0
461
7
0
0
12
8294
27
7
46
2456
1666
3
0
0
0
493
1
0
72
17
8
4
0
18
3
0
1
243
17
17
0
0
6
66
230
14
2
7409
4625
87
0
191
1
1
379
8
25
0
0
84
0
0
144
0
6701
1
0
2
0
5
105
27
0
1
37
0
0
0
191
17037
9373
715
3
2
0
14809
5
2
0
324
56
84
4
4
17
0
1
0
5
1
2
1
0
6
0
0
528
0
20
0
12
6944
2
6880
44
16
15
1
1
0
1
9064
509
1
0
2
0
10
8
0
8
13
0
4
0
13
1
0
0
1
3
0
0
10527
5
14214
12
109
1
0
0
3
0
39
0
2
1
2
0
170
0
0
0
3
7
1747
0
486
0
1
2
0
3
9
0
320
20968
0
1812
9
9
0
0
2920
32
212
10
2
13
1
1469
2
2443
1
1
0
23
0
2
11
16
9
19
0
2
4
1
14306
14
291
7
2
251
4
1
2
0
17
0
7
2
2
0
0
96
16
173
0
18
0
14742
2305
5
12
5
0
34
5
0
117
55
0
17
144
0
0
0
11
4
0
96
12
0
0
0
2370
95
8
47
242
0
33
3
1
0
9
6
30
6
0
412
31998
3
6
13092
68
6
2
8
72
2
0
1
0
2
1
31
0
0
0
58
12
181
0
0
2
1861
44
65
1
0
23
5
903
4
16209
873
286
2
0
2
0
9
103
273
0
7031
0
805
0
0
11062
94
0
40
44
8
28
33
16
0
33
0
0
0
73
99
4851
8126
1
6
2768
170
4
0
743
6
3
1923
1
94
0
3
38
1
0
189
28
0
0
388
3
0
6
39
19
40
2357
1241
14
5362
33
11
2
1
5849
50
17
0
2
12
0
14
7
0
1
0
0
136
3
10
117
1
49
50
0
0
346
28
16133
33
731
2
3669
136
1
7
1732
210
77
0
0
0
120
1119
194
0
0
925
129
8
3
285
2
23
29
0
31
0
2
2
320
973
0
15300
31
6
0
0
0
2
1
2154
7
0
417
1
1
670
1740
250
20
356
43
18
9
0
9653
319
5
29
23
0
12859
4286
48
6
34
20
71
1
0
0
357
0
0
3538
15
0
0
2
0
193
242
0
0
440
92
1
7
2
1
0
1
0
12859
6
674
16
55
1
1490
1
19
192
783
2
117
0
150
7
19
3599
29
4
9379
1
9
0
7
0
23
1
2
10
0
51
38
3
31
1
0
2109
4
8333
4
6
11653
48
576
0
6
0
0
137
11
52
6
5
0
0
0
581
0
39
0
1
112
29
15319
707
1431
125
330
3
4
5641
1
2
0
1
0
2
0
0
41
2
32
2
0
0
0
8
68
13
7
0
10
1
0
6
6
25
0
9379
32
1
0
0
0
2
59
55
0
53
55
3
4
0
0
117
2
1630
14
2
9
0
0
0
1
7
5
16
37359
11
327
1
1
531
22
47
0
23
0
1
0
0
4
0
0
2
0
3
0
1
207
0
0
8044
126
1
0
0
19
0
10983
3
159
0
108
4222
14
408
12
154
1
1
1
0
20
1
0
2
0
4
0
1
47
3
68
0
3
5
5
0
6
2
11101
24
44
7
0
8
59
1
1
49
764
217
0
4
0
10
1
0
1
202
0
5779
86
4
0
15
2
0
0
1
0
280
5981
1
240
0
0
7805
1788
0
1
1
4775
314
1
12
0
0
0
26
0
0
2
0
3
4
4
0
1
1
0
2
3
3
509
3316
0
763
2
0
104
3077
0
0
3
677
0
0
0
25
163
3
259
0
0
41
8
303
0
0
887
2
7
0
13444
10
16577
0
1210
43
7
17
21
2
1
3
859
63
0
374
0
1
0
154
5
0
0
63
77
0
0
105
6
15
0
113
26
0
15319
26
21528
4
1320
74
0
7389
26
144
0
3
0
25
1
152
0
4
43
6776
51
0
0
0
37
0
3
8
0
1
23
0
38
2
803
712
748
46
2
17
9
2
29
1
0
8
6
36
0
0
70
1
0
74
9
0
15
0
11172
688
5
4
2
0
994
100
1079
11
0
0
0
0
6806
449
0
3
4
798
1
5
27
1
1
168
0
1
206
60
0
44
1
1
2
1
40
110
766
110
0
245
2
0
0
0
393
398
25
1
1907
93
0
20735
381
0
2
0
4
35
0
0
26
127
0
0
0
1
0
0
10213
2412
8
236
17307
289
472
0
0
2
2
23
0
2
11
0
11
1
0
6
120
0
1
12
0
16
0
0
0
0
45
2
18002
9
7
8
0
4
9
1153
0
176
5
2
6829
40
1
0
0
4
39
2
0
109
9
295
2
0
0
0
68
1
13
2
1882
140
32
1
1
5083
6
0
9010
532
0
0
0
6
39
14
0
1
2
8
2
1
25
147
0
12
1
10
0
0
4
32
1234
2571
6391
743
13
298
1301
0
0
2
2
0
215
3
8
1
0
8
59
618
0
1
1
30
154
3
287
1
0
2
453
1
12213
20
9
1961
1
866
0
1
6
149
0
0
6
4
13
1
0
311
2
2
8
2
7
2
0
8859
157
7
104
0
3
645
638
6336
0
90
166
1
71
4
82
53
0
0
2313
38
5
0
0
1812
343
0
4689
38
472
3
1
1
304
2
729
1
1
301
8128
870
4445
429
0
26
0
255
50
31
4
137
46
21
0
1
1156
724
3
0
81
0
0
2
6
0
0
0
0
0
0
5
14365
12
0
4324
3968
3
0
0
1
23
2
7
1
1
4
11
4
16
20
0
5829
10
1
0
2
0
0
1
2
19
8
99
320
270
0
0
13724
4
564
0
5069
2
1
0
0
23
2
77
2
1
108
0
0
47
617
14
0
0
111
0
1
0
0
0
50
752
3
450
35
179
0
1
8
11372
632
0
153
2
7
0
29
0
100
0
87
11
0
2
0
193
1
0
1
4
0
203
261
13859
545
2
0
289
0
0
200
3
1474
0
0
0
0
0
0
9
0
4
0
2
13
1
0
67
94
1
4
2847
13
0
24266
266
5
5
0
20540
191
0
1
0
1
130
0
1
0
217
0
9
1
0
1
1
29
1
6
6
1958
1
0
674
6
411
34
1536
16
1002
8623
12940
1610
52
70
0
30
0
16
2
0
5
1
168
0
0
0
4
0
0
0
2
0
18
0
0
1815
173
444
464
595
208
64
123
0
0
0
0
36
0
0
0
0
0
11
0
0
0
0
0
8
0
0
0
2
2241
59
11
0
0
185
2194
0
53
2
1725
14
275
7
120
0
4165
4
1076
0
0
0
0
0
5
1
1
39
317
89
0
65
0
0
0
2
0
8484
1
10
325
32
0
0
0
14
0
0
238
0
1
13
113
0
0
5
0
21
3240
20
39
0
8
3
0
0
0
0
7
27585
2
216
1
894
0
0
0
1
47
4
79
2
10359
23
361
81
481
4
1276
0
0
0
5
1
11
600
6
10
10
0
0
274
2683
4
26
9634
52
5
0
0
21
0
1
1498
2
0
275
0
8306
125
1
312
2
15
0
4
1
0
40
6
0
11
43
88
638
86
395
0
938
52
21
2053
15
1
612
73
6551
2
24
1
58
0
0
1
15
0
9
0
24
22
0
112
2
1
3
31770
8
2390
1976
7
1
0
2546
0
3
0
0
3
6
2355
2
1
369
0
285
5
1
1
3
100
3
3
119
1
3
3
0
3737
543
196
544
19
0
0
1
528
1
1031
183
6
19
0
4
1
25
0
0
0
0
0
10
0
3
47
6
0
3
1
26
797
1610
3
241
1
3
1
0
4
3
2912
9466
0
16
9
0
0
1
1
5
94
0
0
0
0
0
0
0
0
0
0
102
19688
10
2817
25
13
1138
16
0
0
1
199
14
0
8066
25
0
64
0
2
0
1
2
63
0
1
5
1
26
0
1
89
0
11837
12111
4
0
0
2882
32
6
0
0
6829
0
4
0
17
0
147
1
0
0
1
497
111
1
1
18
73
0
0
0
0
0
22392
104
22
13558
247
0
0
0
16
0
0
1
0
105
392
708
1
0
1
77
43
2796
2
1
4
3
162
0
0
98
44
2
16133
1
0
3612
5949
0
0
58
14
0
9
0
5
349
3
0
21
2
5
0
0
0
9
112
0
402
7
0
0
0
8
53
9582
0
0
0
1562
5
34
3
0
9
7
9467
7213
4
122
0
0
1
11
0
1
1
6
4
0
4
35
1
0
46
777
0
15319
865
297
6
863
22
33
9
0
2
1
307
689
1025
14
0
0
0
95
7
127
8
603
2
0
0
0
0
147
24
2
0
14382
24
4
81
5196
0
0
21749
942
1
1
1
0
0
2
0
0
0
419
0
0
0
0
0
1
0
3
1
1
0
30
1022
12981
14067
5109
0
43
0
127
4
2
1
235
183
0
10
0
48
8672
3
22
1
276
0
0
18
0
9382
130
6
2
1
19
0
12859
845
36
0
0
0
1
33
61
1
0
11
2
10
0
1
54
130
13
24
5
0
5
0
35
0
0
12
8
27
0
0
185
2194
3
8840
1771
3
12469
430
11
860
3
106
35
24
50
73
100
40
2
0
20
1
0
9
45
0
2
0
18
0
0
167
38
18
254
0
17
1919
0
3
0
2
0
0
14298
2108
3
655
0
0
4
0
3
0
108
136
0
0
410
3
6
0
0
10
15671
7
0
1703
2
4
48
12650
0
0
16210
0
524
0
0
0
0
8
0
99
0
0
3
1304
1
0
13817
269
361
0
0
9
14071
8470
1093
7
1
2
0
31
5
0
0
0
98
0
0
0
0
0
59
64
7
12
0
0
1
0
1
4
0
0
0
114
13365
22
0
997
114
0
115
75
283
0
54
0
650
1
3
0
84
23
0
19085
83
306
532
0
1
637
0
0
91
51
0
0
12321
53
0
0
900
6137
9
14
28
5
0
1455
0
0
0
0
0
0
5116
11
6424
3
0
1
6
2
8
53
32
11
522
0
5104
121
9942
0
114
7538
3333
100
160
4
1
1443
8
69
0
0
1
256
0
49
50
0
11
1242
0
0
42
16
0
0
0
28
5962
106
5563
233
159
8
121
3
621
2
1
171
0
10
0
196
0
10551
593
3
495
0
1
5
0
1
42
11
8
0
0
1
13365
13
100
253
2
1688
3
0
21
13201
3979
370
1290
60
13
1
1
2
355
4
1
11
0
1
5
0
0
1
0
0
7
3
17130
874
3220
86
833
0
0
19
101
980
0
8542
43
9
0
27
0
0
0
0
21
0
0
12
0
165
2073
0
0
7
0
3
17045
6867
0
0
1517
789
0
0
0
6158
2
0
212
2
10
0
0
2
0
0
6
7322
24
0
0
1
0
2
0
0
0
0
24266
1
796
15
0
0
1
1265
0
55
2
57
2
0
9
0
126
0
10
0
0
3
670
5
1088
7749
52
14
1
0
9
9
9068
0
6512
378
49
1004
4861
914
2213
9
268
1
1906
0
33
1
0
17
0
0
442
3877
32
3
0
1
25
36
8
0
157
0
0
826
0
10800
223
901
85
0
112
0
0
18984
2592
6
0
0
0
464
0
2
5
3
1
21
4
12
2
19
41
1
9
1
21425
0
0
6315
2303
0
5
0
20
9521
118
0
5
7571
15
34
0
0
0
4
8
0
0
0
680
2
0
0
0
0
8
3586
12859
4547
0
1341
3
176
0
0
55
39
355
0
53
7322
0
7
48
41
1
4
2
449
0
0
1285
563
15
1
47
1
1
110
766
12881
30
6038
4453
8
253
1
4154
93
0
1
36
1
530
10
7
2
5
22
2
3
29
4094
0
6
123
0
52
2
0
0
23755
175
3
6898
56
3853
3588
22
349
68
19
66
65
0
4
17
18
67
7
1
0
15
0
9
2
5
623
1
0
471
44
0
1882
1
640
2
4
1482
3
5
25
9
3
50
0
2
38
2
0
0
0
343
0
1
13695
825
14
1
0
5
4
0
5
0
12859
1200
619
10
1
3032
0
2
5
1228
150
0
18
2
5
0
51
1
2378
21
1
1
0
2
0
190
1652
0
0
0
8
11
10527
12
0
21271
9
73
1
0
0
23
8
2
1
0
610
0
0
1
1
74
0
0
0
2
0
193
0
6
14
1392
738
1
163
1654
81
94
155
8933
6452
2
2121
504
14
2
32
0
0
6
1
0
4
13
1
0
19
0
1
0
0
0
9
7
1
0
4498
9222
6
0
0
0
23187
1037
0
0
31
0
0
147
453
1
0
343
628
0
10
0
0
0
70
7
0
0
6
48
19
6
6613
304
3717
442
3609
1642
1
53
7
63
134
1
43
126
0
128
2
0
598
1
17
68
4
7
8
53
0
141
0
1
0
558
994
395
2
1527
0
1
7
4
2
1
0
2634
210
44
3
16
19
21
0
19
92
0
5
4
5
65
1
2
1
7
6
708
42393
0
1
3480
109
3
0
12
6
0
0
282
4
0
4
797
5
2
590
0
1701
29
159
0
1
0
9073
21
0
2
0
0
27167
80
43
0
2264
1
9
0
5
0
1
43
637
3
152
0
68
0
78
10
3
118
4
2
10
0
1265
10
0
90
2
0
10213
12
249
0
174
11
0
0
66
2
4
61
0
15705
28
38
2
38
5
1048
1
0
0
5
0
6
0
0
3
0
13
6
147
0
191
0
1
309
292
0
12292
2442
0
0
19
1
14
0
0
69
0
483
17
4
15
1
0
259
0
1816
12
1
92
65
797
134
2830
4970
97
18
4
0
3
3590
3
101
1
1997
9
131
0
0
1
68
0
0
2
275
0
0
0
0
2
33
0
0
40898
13
0
5
1
372
4
87
1
474
9
3524
1032
0
764
5
670
0
1
0
50
0
0
5
76
0
0
0
1
0
0
0
5104
103
9
1945
93
2
0
1
2763
2
1
0
0
503
2942
2
2
0
0
1066
332
2
5791
0
7
3848
1
0
0
1
339
0
163
9020
3
0
3149
17
4
40
9
344
6
18
0
0
56
0
5
0
0
6
0
1
0
0
5
0
207
0
0
0
20
0
28
1483
13
2
4299
20
115
0
13878
6
0
809
21
0
1885
0
27410
7
4226
60
2
0
1
258
0
0
671
2
1
6947
2
1
15319
19343
0
156
19
0
3408
73
8
0
0
20
0
2
0
1
90
1
1
3140
4
1
5232
10
0
0
0
0
806
20641
44
7
0
1810
149
1226
949
31
0
1
1
0
0
174
0
2228
6
56
5
165
1
0
0
23
6
16
24
15
0
6
0
0
0
15
12859
10197
2
1
1
2702
400
5
9153
29
2
15
1
1
0
0
41
2676
135
8
0
247
0
15
2
1
0
5
15
0
46
0
9866
4318
3
65
19
46
16
0
5320
10
0
0
85
12
46
27
0
0
1
0
0
4
0
0
0
0
41
8
17
6
0
0
15252
12
28
113
8
272
6
0
0
105
5
7
32
6
0
0
0
0
0
0
5
47
0
0
0
0
0
5
0
0
0
0
67
4551
13
96
1
1
5
454
71
5
2
0
0
0
0
0
176
42
7
118
1
0
4
0
0
240
686
1
6017
27
1
134
8684
19352
3
2547
145
10
0
2093
5
46
1347
1112
3
4
38
177
5680
2
0
0
0
1
3
2
0
0
23
0
2
1
4
1
169
2088
80
57
39
355
1
2
44
2382
260
8
0
77
0
10
176
1632
0
8
19
0
59
1
0
0
3
1
0
1
2
3
100
172
29
37
13
0
199
4
0
0
53
3111
1777
0
0
1
0
2
0
0
0
330
0
0
0
1
0
0
0
0
0
0
15319
99
0
41
3944
2699
1
1
2
161
13
23
39
0
33
0
0
0
1
0
104
0
0
0
0
0
0
0
0
0
3
0
73
0
78
2279
5029
0
1
4
1
1298
2915
1
7339
14
0
10
2
0
0
16
4390
107
7
0
132
0
22
11
1
0
1
0
390
142
479
414
64
0
1
1
0
153
6
37
0
0
0
4
3
0
1
0
32
18
0
0
13
0
0
0
0
0
0
6
209
5064
4168
39
80
69
29
3161
6
0
0
0
1
0
10
1
0
0
0
0
0
0
0
0
0
0
0
78
283
17
1
133
15319
19343
127
22
0
61
24
472
1
0
29
71
22
31
16
0
6
0
0
0
0
0
5
1
0
0
1
0
0
113
0
0
5104
0
37
10
3140
20
9
0
1
0
2
5
0
0
0
8
13
29
31
15
0
65
0
0
0
0
0
0
2
0
0
0
67
4551
1905
2
2
0
8
0
10
3
0
0
0
0
0
6
1
0
0
6
18
32
26
8
0
10
0
0
0
0
0
1
31682
22151
0
0
73
220
186
551
0
0
1
1
0
55
4
412
0
0
2
5
0
20
2
0
0
0
0
0
1
0
1
3
8997
5356
4
120
16
52
14
0
4430
12
0
0
81
15
277
0
2
0
0
0
0
0
0
0
0
0
0
0
0
5
45
0
5866
39
13
0
0
17302
0
70
4
2506
35
0
0
2
144
27
45
11
0
5
1
0
0
1
0
32
0
0
0
0
0
0
7985
0
1970
11
51
0
51
3958
2
115
0
7
0
0
0
18
0
0
0
0
0
10
0
0
0
0
0
1
0
0
0
0
1594
8427
0
34
8
2904
9
0
0
0
0
18
8
0
0
49
1494
12
4554
10
0
0
1
0
1
0
31
2271
124
7
0
35
15319
14244
2425
2500
4
1
27
2122
27
47
11
1
1
0
0
0
0
0
0
0
0
81
0
0
0
0
0
3
1
0
0
0
67
4551
18
1511
4
0
0
96
38
3349
792
137
1
0
0
37
0
14
1
1
0
0
8
142
0
0
0
16
0
460
0
0
100
3284
71
0
0
29
5946
1051
0
1
1
8
0
0
0
1
0
0
0
0
0
0
0
0
0
0
0
0
0
18
11
0
3536
177
618
3
0
0
8999
1
5684
37
115
25
0
0
0
57
48
18
24
0
0
0
0
5
0
1
0
2
2449
1460
0
2
38
46216
0
1042
7
0
2421
0
47
853
486
16
9
1
157
0
310
0
0
0
0
0
1
12
0
0
69
0
125
0
0
0
42
10984
360
49
12464
0
243
324
0
0
0
17
0
39
2
512
1
0
441
7
3
0
0
0
0
0
0
300
1
0
0
0
2288
20383
13
0
65
11
50
4
3
0
127
0
1
0
0
0
0
0
30
15
0
2
678
2646
2
65
35
0
21
0
4
0
15
47
0
4397
5
0
0
24666
14
319
0
2686
1
1
0
3
0
1052
1912
28
105
0
0
38
13
90
1
0
29
13
6
207
12859
15364
259
3
166
3
102
1
1323
0
0
2
4
2
0
1877
15
10
678
4
1228
0
0
0
0
40
0
1
0
1340
11
0
15816
647
0
238
1150
0
0
2211
1046
0
7309
0
2
0
0
232
97
815
5
433
335
1
13
92
13
0
0
0
2077
2
0
0
1621
5
19
25
22
7
0
0
18155
79
0
0
54
0
0
0
29
0
0
0
0
978
0
0
0
0
0
13
2
0
0
0
959
9081
179
2295
0
3
0
0
4
0
96
172
1
4
1
68
24
233
3
4
4
40
1
0
0
18
2012
5
0
17
0
0
169
0
206
331
2
3998
5
5643
385
0
29
2
4
0
2140
3746
235
0
0
21
15
962
0
2
26
60
5
39
0
18
0
0
859
262
31
4
80
1612
1
151
0
5127
51
1
3
1
198
1703
1060
0
74
12
42
6
25
0
32
5
0
5
0
0
0
35
42
10
179
227
11
219
0
13547
94
0
291
7
877
0
52
11
3
33
17
0
0
2
1715
952
1
6
3
1
0
25
1082
12
440
617
0
6423
74
1
134
0
178
3016
2747
75
0
3
6
0
1
2953
1
0
5
147
0
16
189
0
3
78
1
9
0
0
440
595
1
8
72
26
12
216
11044
105
0
129
216
38
802
1
4
101
9
8
29
4
0
34
505
4408
1
5808
2
0
0
52
1575
28
0
18254
0
12
24572
0
393
76
0
16
2907
4
39
0
1
40
3278
12
492
3
1
2
0
0
0
0
0
0
0
0
1887
40
183
142
7
386
1
758
3
1
6219
0
772
233
0
2
2685
3
23
0
1
8
10020
2
0
2
1
1023
76
975
144
3
5104
0
16
8
0
1
117
349
4590
3
1851
243
0
28
54
0
1
0
1
16096
2
223
251
0
20
338
10
18
0
0
9
156
38
12663
2
33
13387
0
832
124
0
23
1544
11
52
0
1
55
243
13
2
498
1
3
6
0
0
0
0
0
0
0
0
0
169
135
15817
2
4
3
15
374
5538
24
0
1897
40
9
14
0
5
1
1
104
0
1
102
641
3187
4
50
19
7
0
0
0
12859
29
28
29
0
0
2
0
17
25712
1
526
140
0
15
790
7
6
0
1
16
3000
8
33
3
1
4
0
0
0
0
0
1312
1108
260
2
8
386
62
101
13
566
2
5
3525
0
403
29
0
1
422
0
0
0
0
0
156
4
4
1
1
669
34
68
3125
40
0
13431
76
51
4
1
0
0
246
0
6
27
1
1
211
407
6897
4
37
441
1
0
20
6
0
0
1
1
1
21058
225
31
394
1
8
4619
6
3
0
0
58
14169
4
196
2
8
4960
0
9
0
0
0
0
0
0
0
0
0
42
0
401
1
9063
0
97
28803
0
919
155
0
17
1130
11
51
0
1
49
2570
2
2
0
2
909
1673
14
0
6
1
1
145
1
1
57
652
4319
641
35401
0
0
190
104
68
0
0
1
0
6
17420
1
270
309
0
27
615
5
23
0
0
30
50
15
295
0
29
2
1
20208
4
738
212
0
22
1923
5
42
0
1
228
9360
15
463
0
813
9
16
2
0
0
0
0
0
0
0
0
0
0
0
34
6
76
1
48
476
214
613
1
0
2
1
1
66
0
1
18
465
6808
4
10342
0
0
13
45
0
2
0
1
17907
1
340
251
1887
40
3844
240
90
2
0
133
80
180
6
489
2
9
6840
0
414
16
0
1
8
0
0
0
0
0
574
0
271
0
3
15
0
992
4046
0
798
114
0
22
1170
6
32
0
1
31
12815
2
7
3
30
184
109
1336
0
2
2
5
495
0
26
98
833
2520
163
11911
1
240
64
8
0
0
0
1
28368
1
240
140
0
19
665
5
17
0
0
19
637
67
4
403
2
1
53
0
0
0
1887
40
3844
240
90
2
0
133
638
7
408
1
144
4
4
3098
0
321
27
0
1
6
0
0
0
0
0
64
1
8
6
1
12859
4518
493
0
0
0
0
12
9
1
1
173
280
3489
4
771
32
0
13
1
0
0
0
1
19403
1
407
243
0
23
237
5
1621
5
19
525
8826
4
781
1
2
18685
3
852
51
0
1
2842
6
3
0
0
4
33
0
741
1
2
36
0
1
0
0
0
1621
5
19
2247
256
8
0
0
146
958
2
7
5
33
541
112
129
459
163
489
2
1
148
1
1
10
857
4410
5
53
516
1
6384
1389
140
18
267
3
0
2
2
7
21383
2
459
151
0
11
494
6
4
0
0
20
79
15
755
3
1
24
0
0
0
0
169
12136
486
183
2
0
298
13
10
15
0
689
3
18
3981
0
539
27
0
0
330
0
0
0
0
0
6
54
4
7
1
1
12859
566
486
6
0
16
13
1
1
185
98
4984
4
1962
1028
0
16
103
0
0
387
0
212
0
1
0
1
21315
2
312
208
0
169
12136
486
183
2
0
298
39322
2
32
5132
0
404
9
0
0
314
0
0
0
0
0
860
8
5
53
0
1
0
0
0
0
1887
40
3844
240
90
2
0
133
49
91
5
5
4
26
221
65
472
845
220
12
7
2
1
128
1
1
87
569
4386
5
0
10
4114
277
5025
107
49
2
2
0
2
0
9
14090
1
301
111
0
16
890
4
18
0
0
23
496
64
4
512
3
1
2
0
0
1621
5
19
2247
256
8
0
0
146
695
7
930
2
635
3
11
3847
0
419
10
0
0
1
0
0
0
0
0
19
1
0
5
163
658
863
9233
3
1
2
173
1
1
11
253
4284
3
67
427
5
0
18
1
0
0
0
11
527
0
0
1
18455
9
282
253
1887
40
3844
240
90
2
0
133
35
9
617
3
15
4591
0
385
9
0
0
11
0
0
0
0
0
15
63
1
15
2
0
1
20208
4
738
212
0
22
1923
5
42
0
1
228
34482
8
14
7
15
167
14702
0
6
0
0
114
2
7
0
0
0
0
2
2
163
21
0
4
519
640
5167
3
108
268
104
0
75
4
0
0
1
1
1
19413
2
229
234
0
22
283
7
8
0
0
12
3816
38
16553
2
42
12068
1
851
135
0
27
1302
10
51
0
1
63
252
3
370
1
9
0
0
1
4
0
0
0
0
0
0
0
1621
5
19
525
16944
3
9
2
11
315
300
251
3
2
2
0
164
0
0
15
615
5018
5
57
318
1
0
0
12
1
0
0
527
21613
0
26
12485
0
269
125
0
16
794
6
9
0
1
22
19362
2
1
4
0
0
0
0
0
1
0
0
0
0
0
311
38
1560
3
2
30
19419
1
975
119
0
26
1345
12
47
0
1
49
20587
4
0
2
1
822
6244
1
1033
3
0
0
4
3
3
0
992
17
0
50
635
642
5427
3
106
165
1
0
62
3
0
0
1
0
19
15090
2
248
221
0
20
387
7
13
0
0
11
2008
60
4
207
0
36
15050
0
813
149
0
26
1421
9
91
0
1
91
79
3
716
0
548
0
1
1
0
0
0
0
0
0
440
595
1
8
72
391
3
9
3
11
889
51
336
2
0
3
2
0
135
1
0
119
463
2965
5
13
578
0
0
25
1
0
12943
4558
0
22
15171
0
311
132
0
15
1004
4
27
0
1
48
663
63
11
111
5
3
1
4
0
0
0
0
0
0
0
0
1887
40
183
6400
4
199
1
1
8
2
1
8672
0
800
319
0
3
2503
4
76
0
1
8
6
1
7
5
1
603
56
211
1549
5104
0
16
8
0
1
117
349
4590
3
89
89
7
0
17
3
0
0
2
1
1
16574
1
226
248
0
20
241
7
5
0
0
559
11530
21
141
1
14
19990
1
1306
190
0
27
1531
9
64
0
1
36
73
0
692
0
7
4
0
1
1
0
0
0
0
0
1312
1108
260
2
8
386
9742
1
7
7
29
565
103
334
7
0
2
1
134
0
0
34
640
3798
5
143
179
0
0
14
1
0
1890
10028
0
20
15186
0
305
124
0
12
791
5
12
0
1
33
669
162
4
417
3
1
2
0
0
0
0
0
0
0
0
0
169
135
193
6
1
13
0
5
2
2
4
6742
1
965
171
0
11
3159
5
94
0
1
25
57
1
10
3
1
514
83
1018
26
5104
0
16
8
0
1
117
349
4590
3
470
651
1
18
7
0
1
1
1
17132
1
344
192
0
22
280
8
11
0
0
10
16853
38
13014
2
34
16424
0
764
129
0
22
1495
9
53
0
1
65
632
4
762
1
381
1
1
1
0
0
0
0
0
0
0
0
1887
40
183
2244
0
13
4
9
286
944
72
2
2
1
178
0
1
3145
12
0
5
236
0
99
156
0
3
109
1
10
0
0
440
595
1
8
72
26
12
216
3851
954
1
2
70
9
9
29
2
0
96
1082
4386
4
958
0
0
38
17
0
0
4
0
11678
225
31
394
1
8
4619
6
3
0
0
58
25
15
807
0
28
2
5
3272
0
8
0
0
0
0
0
0
0
0
0
11
0
10238
4
748
0
35
15314
0
738
138
0
24
1256
10
55
0
1
57
110
4
1
2
2
270
4396
17
3
2
1
152
0
1
97
7335
1296
368
160
283
1
136
154
6
0
0
0
0
8
10422
0
364
318
0
19
376
5
10
0
0
25
19807
6
163
3
1
3
225
31
394
1
8
4619
6
3
0
0
58
1028
10
436
0
191
2
8
2179
0
3
0
0
0
0
0
0
0
0
0
66
1
52
1
41
720
81
5
3437
116
4
0
4
231
0
1
6
721
5232
5
5192
381
0
0
8
46
0
0
1
0
1
14465
2
386
1621
5
19
2247
256
8
0
0
146
150
55
6
368
0
3
17
4779
0
478
12
0
1
1
0
0
0
0
0
25
0
775
0
68
48
1
55
25895
0
951
177
0
22
1007
10
87
0
1
72
173
3
2
0
6
1006
107
2103
0
2
0
1
142
0
1
86
7335
1296
368
3429
30
637
203
22
0
2
0
9
7158
0
327
322
0
17
411
7
4
0
0
20
47
17
1285
0
3
3
1
3
225
31
394
1
8
4619
6
3
0
0
58
416
11
1078
0
152
2
10
2247
0
7
0
0
0
0
0
0
0
0
0
6
1
52
1
41
720
26
96
0
2
0
15
0
3
180
1
1
16
604
3472
5
6060
1
0
52
0
9
5
0
0
0
0
280
0
5104
0
16
4310
1
271
110
0
19
573
7
7
0
1
17
17166
8
1
3
1
2
0
0
0
0
0
0
0
0
0
0
0
855
3
3
12
1
785
0
45
14557
0
691
131
0
28
1398
7
65
0
1
96
78
3
7
1
1
336
7359
3
0
0
0
0
163
21
0
4
519
640
5167
3
11285
3
0
1
0
0
35
4
0
0
0
0
1
1
1
13479
2
467
219
0
31
499
6
79
1887
40
183
50
8
76
1
431
2
1
6590
0
757
281
0
2
2867
4
25
0
1
8
1052
0
74
0
474
0
1
0
0
0
1621
5
19
2247
256
8
0
0
146
906
3
0
5
53
215
144
257
2
0
0
2
1
154
0
0
39
589
4900
4
796
41
3
5675
618
2332
33
0
1
1
7
12682
0
527
102
0
19
608
7
3
0
0
25
2694
7
115
4
4
1
2
0
0
0
0
0
1312
1108
260
2
8
386
62
93
17
439
2
7
2797
0
444
20
0
0
322
0
0
0
0
0
152
2
5
1
1
651
4582
828
5104
0
16
8
0
1
117
349
4590
3
3844
4
0
21
18
0
2
1
1
16729
2
224
208
0
21
305
7
5
0
0
12
26232
38
26767
2
39
10463
1
829
131
0
25
1528
11
43
0
1
53
11
4
163
0
212
1
2
2
0
0
0
0
0
0
0
0
1887
40
183
85
1
3
4
12
138
2635
0
594
1
2
1
81
1
0
67
413
5750
3
157
1401
13
0
0
92
0
0
0
2
12859
48
2394
4
0
0
100
0
0
0
13
0
30
20761
0
492
160
0
18
751
4
11
0
0
25
32
13
57
5
1
12
0
440
595
1
8
2396
10
0
0
0
45
9934
5
327
2
7
8266
0
248
0
0
0
1
0
0
0
0
0
0
1
1
2
1
12859
48
2394
4
0
108
0
23
9
1
1
11973
9
0
6
131
0
128
88
0
20
63
1
12
0
0
18
0
0
0
104
93
390
1109
6169
58
0
0
1199
11
48
20
2
0
118
225
3216
4
537
10
0
0
17
1
0
0
0
1
0
15094
1
270
217
0
169
12136
486
183
2
0
298
44
9
769
0
365
3
12
3072
0
410
26
0
0
349
0
0
0
0
0
77
0
626
0
0
26
0
992
4046
0
798
114
0
22
1170
6
32
0
1
31
1872
2
3
4
36
296
163
11
5
4
1
2
283
0
21
36
624
3754
163
23246
303
90
0
0
22
222
17
0
0
0
1
29530
1
159
139
0
21
291
5
1
0
0
18
128
11
108
0
328
3
1
20208
4
738
212
0
22
1923
5
42
0
1
228
3474
13
1066
0
56
12
7
2
0
0
0
0
0
0
0
0
0
0
0
0
6
63
3
58
951
34
71
4
0
1
81
0
1
24
353
6928
4
1703
45
0
9
1
0
0
0
1
16831
1
374
311
0
21
1312
1108
260
2
8
386
8
9
996
1
396
3
5
2898
0
416
22
0
0
362
0
0
0
0
0
15
0
400
0
259
0
1
20208
4
738
212
0
22
1923
5
42
0
1
228
521
8
4
4
21
141
135
139
5
3
2
1
124
1
1
27
554
3442
3
1552
2369
703
1592
180
4186
2
0
0
1
7
26667
0
272
226
0
15
1130
5
3
0
0
18
169
219
4
76
2
1
28
0
0
0
1887
40
3844
240
90
2
0
133
2370
8
461
0
395
4
9
4928
0
389
28
0
1
5
0
0
0
0
0
140
1
0
6
1
12859
509
163
2
1
0
13
23
1
1
145
196
5213
4
27
269
0
0
10
1
0
0
0
0
1
23400
1
400
212
0
17
276
440
595
1
8
72
39
8
539
1
592
1
1
15365
0
242
0
0
0
3928
2
1
0
0
2
1077
0
356
0
715
0
1
0
225
31
394
1
8
4619
6
3
0
0
58
862
2
9
4
34
237
100
983
0
0
4
2
2
186
1
1
72
684
4208
3
20
377
105
117
3257
47
48
123
0
0
0
1
8
9285
1
278
138
0
17
963
6
1
0
0
14
11183
6
655
3
1
3
0
0
1621
5
19
2247
256
8
0
0
146
217
7
234
0
87
4
11
3800
0
356
9
0
0
1
0
0
0
0
0
98
2
0
4
163
658
40
169
2
90
1
1
142
1
1
13
247
4772
4
3897
3
0
11
2
0
0
107
3
1607
0
0
0
54
15
554
73
37
465
19783
0
23
8488
0
716
113
0
25
993
5
16
0
1
29
24156
4
1
2
1
2
0
0
0
0
0
0
0
0
0
169
135
4832
14
257
3
4
7126
0
1552
199
0
6
2395
6
42
0
1
14
4
4
0
0
1
366
876
563
2068
179
0
9
0
163
21
0
4
11846
1
1
5
50
1174
16569
96
18166
10
54
2
7
9
1
1
0
0
1
321
216
0
5922
4
0
66
0
13
5627
15
709
3
47
25
1317
10
9
0
39
0
5774
0
27
42
771
130
98
0
1
0
4
16437
0
218
137
0
13
223
8
6
1887
40
183
227
6
565
2
3
7424
0
631
382
0
1
2936
4
23
0
0
9
4
0
618
1
668
0
1
0
0
0
0
0
169
12136
486
183
2
0
298
29114
3
10
4
34
510
11263
4
0
7
79
2
0
2
1
628
72
0
148
7
1
5
0
253
45
17697
689
24
35
0
15948
0
20
13
0
1
317
384
4449
4
14
18
7
0
21
2
0
0
0
10
766
58
24
405
97
115
0
0
992
4046
0
798
114
0
22
1170
6
32
0
1
31
1237
3
36
3
0
0
0
0
0
1
0
0
0
0
0
80
7
1006
0
992
4046
0
798
114
0
22
1170
6
32
0
1
31
765
16
190
9
10
6
30
645
0
27
188
0
9
243
140
0
10228
38
3591
142
2
63
277
11
134
19
2559
113
191
0
182
1
174
0
0
47
36
606
183
96
0
1
0
7
20707
0
190
157
0
14
1312
1108
260
2
8
386
104
141
4
24
4959
0
364
14
0
1
322
0
0
0
0
0
5022
6
2
0
1
2
0
0
0
0
169
12136
486
183
2
0
298
24199
3
8
5
30
375
39
5211
0
7
3
1
148
0
1
79
555
3508
5
4324
66
0
32
23
0
5104
6
10392
416
107
738
606
711
1
0
8
18144
0
77
147
0
13
328
7
1
0
0
17
618
5
1
3
0
0
0
0
0
1312
1108
260
2
8
386
6988
10
223
3
5
4377
0
334
17
0
0
358
0
0
0
0
0
24
0
6
2
6
9
0
1
3393
0
992
17
0
50
11719
2
1
6
87
0
59
147
0
34
79
1
8
0
0
18
0
0
1
103
37
20
361
7456
84
0
2
3965
3
164
8
1
1
431
740
4003
3
124
149
2
0
98
4
0
0
1
2
1
14798
2
292
268
0
27
345
10
15
0
0
559
7543
13
164
2
19
21530
1
1030
214
0
31
1805
6
74
0
1
43
13
0
725
0
317
0
2
1
0
0
0
0
0
0
440
595
1
8
72
39
1
11
4
17
360
54
1336
4
1
2
0
90
1
0
18
542
4569
5
10340
182
0
0
30
262
0
0
5104
0
16
4310
1
271
110
0
19
573
7
7
0
1
17
2156
15
876
3
1
2
0
0
0
0
0
0
0
0
0
0
0
855
3
520
1
396
0
38
12849
0
642
160
0
27
1585
6
74
0
1
116
2312
1
7
3
1
609
46
1262
5
3
2
1
192
0
992
2246
1823
6707
3
148
12
22
0
136
1
0
0
2
0
29
14631
5
390
264
0
23
315
6
16
0
0
13
269
140
5
8035
0
106
27540
0
1035
189
0
16
943
11
79
0
1
48
12
7
283
1
195
0
5
1
0
0
0
0
0
0
0
0
0
169
135
43
1
3
3
21
164
2910
165
2
0
1
0
76
0
1
30
282
6023
5
1514
45
0
18
2
0
0
0
0
12866
0
440
595
1
8
2396
10
0
0
0
45
11
12
214
0
0
11
2
12
7864
0
343
0
0
0
1
0
0
0
0
0
253
0
8397
7
42
0
35
14591
0
790
133
0
26
1325
7
47
0
1
78
1317
2
3
3
1
448
1088
11
12
0
0
0
0
0
8
12
3
0
14
5426
1901
37
127
1
1
794
234
104
167
23479
3
2
12
13
1
1
11
125
5958
1
637
44
0
0
29
1
0
20877
3509
0
18
14806
0
205
167
0
16
858
4
7
0
1
33
1448
27
1143
2
1
1
0
0
0
0
0
0
0
0
0
0
559
23
9
338
5
606
1
12
9101
1
1326
132
0
30
2163
9
45
0
1
53
559
1
5
2
3
1443
39
365
200
53
3
2
163
21
0
4
11846
1
1
5
75
0
59
156
0
34
100
1
8
0
0
22
0
0
1
96
34
20
317
7646
207
0
2
91
0
992
17
0
50
635
642
5427
3
6987
46
0
87
62
0
1
0
20
14020
2
279
250
0
21
293
7
4
0
0
12
15137
10
8649
0
74
30709
0
986
194
0
18
1218
11
70
0
1
49
218
55
1504
1
55
1
2
0
0
0
0
0
0
0
0
0
0
169
135
1300
1
5
5
16
647
688
20
5
12
0
0
1
1
125
0
1
161
195
4658
5
8503
1
0
0
0
0
20
35
0
3305
3119
1
11195
0
24
17939
0
498
101
0
16
1589
2
43
0
1
104
22858
7
30
2
1
6
0
0
0
0
0
1
0
0
1887
40
183
426
6
385
1
731
3
1
8618
0
873
340
0
2
2270
4
59
0
1
10
646
1
5
4
1
848
167
82
356
2
20520
145
12092
0
34
4
1
1
133
489
4945
3
79
121
3
0
0
23
8
0
0
0
1
1
0
20053
1
202
214
0
16
421
440
595
1
8
72
70
7
144
2
6
15901
0
232
0
0
0
4078
2
0
0
0
1
4562
2
739
0
1
0
0
0
0
0
169
12136
486
183
2
0
298
1107
2
11
6
40
359
37
231
76
52
1
1
152
0
1
73
451
2901
5
24
706
0
0
0
1
6315
276
4817
305
67
902
0
0
0
1
0
0
0
1
8
26428
1
485
67
0
14
1068
4
2
0
1
26
24296
8
212
3
1
20208
4
738
212
0
22
1923
5
42
0
1
228
2449
16
1163
0
80
8
11
4
0
0
0
0
0
0
0
0
0
0
0
127
6
33
1
67
856
645
54
0
1
6
3
18
411
21
185
158
7
275
168
33
1526
20405
2
0
1
34
0
1
5
211
5272
3
19
122
0
19090
51
14
0
0
3
0
0
0
0
1
7
27679
1
301
112
0
16
1276
4
22
0
0
25
587
7
27
1
1
20208
4
738
212
0
22
1923
5
42
0
1
228
27
17
1816
0
2
43
8
17
15
0
0
0
0
0
0
0
0
0
0
0
14545
0
6
5
35
945
3157
14
2
0
0
1
168
1
1
54
216
5515
6
2376
5
0
12
9
0
2
0
1
24882
1
267
233
1887
40
3844
240
90
2
0
133
18762
6
244
2
11
6352
0
446
19
0
1
5
0
0
0
0
0
43
0
656
1
629
0
1
20208
4
738
212
0
22
1923
5
42
0
1
228
8476
4
1
6
16
336
3528
161
2
2
1
124
0
1
64
899
4151
4
1617
20
5675
618
951
13
10
2
11
29613
2
363
113
0
16
836
6
1
0
0
22
15426
4
2
10
3
1
4
0
0
0
0
0
0
440
595
1
8
72
161
7
274
0
6
6
2
3
12762
0
225
0
0
0
2927
3
4
0
0
2
155
1
2
5
1
535
1287
2463
246
6049
0
25
8
1
1
209
322
5636
3
4183
24
4
0
0
0
0
18
67
0
0
0
0
0
0
0
0
16813
1
263
1621
5
19
2247
256
8
0
0
146
3181
6
412
2
21
5312
0
553
10
0
0
1
0
0
0
0
0
5
0
216
0
737
0
163
1854
0
658
112
0
23
1304
8
30
0
1
26
18508
2
9
5
4
237
102
1444
18
2
1
1
282
1
1
51
749
2823
2
2255
12
17343
28
16
0
1
1
6
20374
0
268
147
0
25
825
4
28
0
1
26
4776
10
223
2
1
9
0
0
0
0
0
1312
1108
260
2
8
386
110
7
723
1
579
2
7
1819
0
361
22
0
0
242
0
0
0
0
0
105
1
1
3
1
477
869
998
931
3538
0
18
8
1
1
218
380
4225
3
94
722
0
17
4
0
0
1
0
22863
1
252
206
0
16
225
6
7
0
0
559
23
9
476
3
0
0
10
12243
1
927
133
0
26
2152
4
83
0
1
51
101
0
94
0
35
0
1
0
0
0
0
0
169
12136
486
183
2
0
298
186
2
2
4
50
552
56
205
64
1
2
1
106
0
1
97
480
3760
5
19
544
1
1
0
21
22
8
3
1
28566
0
18
19478
1
646
88
0
17
1448
4
63
0
1
49
15
11
1007
0
18
2
1
6
0
0
0
0
0
1312
1108
260
2
8
386
34
8
3
8
0
0
5
2
6
2007
0
338
18
0
1
293
0
0
0
0
0
0
1
7
2
1
12859
112
88
47
100
16
3
0
13
16
1
1
100
264
3813
4
0
587
1
13
0
1
0
0
1
19143
1
346
183
0
16
237
440
595
1
8
72
6
11
234
0
2
1
1
12162
0
207
0
0
0
2779
1
3
0
0
1
12
0
5
2
0
5
0
0
163
1854
0
658
112
0
23
1304
8
30
0
1
26
770
3
2
5
5
190
5635
301
3
6
1
1
259
1
1
30
982
3609
2
34
40
0
28394
61
2
0
0
0
0
5
20880
0
233
125
0
17
995
5
10
0
0
21
350
21
3
80
2
1
26
0
0
1621
5
19
2247
256
8
0
0
146
11939
5
1
1
1
131
5
11
6607
0
485
31
0
1
1
0
0
0
0
0
39
8
7
0
992
810
889
5
21
0
0
29
177
0
31
20
321
5838
7
5716
34
0
23
2
0
13
1423
3
8
0
2
38
0
48
1
73
0
122
4911
0
581
123
0
19
1008
5
31
0
1
33
24138
2
1
2
0
0
0
0
0
0
0
0
0
0
0
13
88
8673
0
123
34763
0
985
173
0
22
1087
10
77
0
1
49
815
2
2
0
2
1422
21536
5
0
0
1502
45
7
1740
0
0
3
0
992
17
0
50
635
642
5427
3
6473
3
0
30
3
0
1
0
12
16252
2
274
218
0
27
444
6
22
0
0
9
9646
8
5401
0
63
28796
0
1038
140
0
15
1196
10
67
0
1
50
79
5
805
1
674
0
3
1
0
0
0
0
0
0
0
0
0
169
135
2234
1
1
2
22
407
29
116
2
223
1
1
168
0
1
118
372
5485
5
27
228
9
0
17
1
0
0
0
0
1
20208
4
738
212
0
22
1923
5
42
0
1
228
7092
11
809
3
11
2
0
0
0
0
0
0
0
0
0
0
0
49
0
659
38
607
7
2
31
12030
1
859
126
0
28
1408
11
58
0
1
64
5316
3
7
1
2
973
106
890
1
1
1
1
103
0
1
11267
4283
3722
7
6
1304
0
223
1
0
2
0
16
14523
2
264
194
0
25
386
7
4
0
0
16
7173
10
1339
3
1
2
0
440
595
1
8
2396
10
0
0
0
45
83
6
248
0
140
2
4
6695
0
219
0
0
0
1
0
0
0
0
0
337
1
8
0
992
810
43
405
10
29
0
36
172
4858
4
521
92
0
8
60
0
2
1
0
0
94
0
0
0
0
22
7157
1
1
25245
225
31
394
1
8
4619
6
3
0
0
58
1590
7
936
0
545
2
7
3088
0
8
0
0
0
0
0
0
0
0
0
25
106
38
19296
0
192
3
24
11292
0
769
134
0
31
1423
7
29
0
1
62
2399
1
5
4
1
201
0
0
63
1615
0
2
389
118
169
1082
47
30
0
2
52
446
49
0
6148
1
4
0
2536
1478
6
6815
0
7486
1599
43
18
637
33
2406
3
342
2
4917
60
4
6161
1
51
34
3017
15900
17
16
148
44
263
223
74
1
7
6
1
0
28
27
68
2
0
929
0
0
0
549
1488
3
1709
2
14251
0
865
0
12047
1355
2
2
809
2
20
606
94
157
4
205
12
3
0
8
2
2
0
9
3
0
4423
252
1
4
1
1
169
0
71
1564
208
0
13014
2
4
0
3847
1703
5
69
307
3
338
7211
15
0
69
51
9
181
3533
777
31
1
11
3
2
1
2233
1
0
766
7424
2
3874
1513
21
8
614
20
2924
0
0
0
0
142
0
0
0
1017
33
0
152
27
1
2
0
3233
1566
40
48
1722
178
322
7
7
7
0
3
0
0
0
4
32
158
1
0
260
0
0
0
481
1098
6
457
17
5
60
2867
7286
2
5
5104
5
674
17
1
1
2
58
0
3
1351
1
0
48
94
1
0
1
1
4
66
0
12
33
1
0
0
22
337
0
476
2
38
108
9
5
11
0
814
7
29
0
0
31
1
0
9117
1484
0
0
0
0
21
40
0
2
2
298
9
35
198
0
28
4
6
642
84
4
4
3
1
0
1
49
28
0
0
691
0
1
0
1260
1145
5
8466
1
84
3889
17
2
1
0
34
257
127
1
147
6110
15
21
50
0
4
709
2
115
284
170
2017
11
55
2
9
634
55
41
246
0
23
3
0
11784
413
1
2
0
1
0
0
124
4697
184
9
13584
2
3
0
4410
1624
5
2549
4
1
64
1912
0
0
1
0
1
0
0
35
315
0
25
1
14
65
4
7985
0
2348
8
180
0
7
69
2
0
64
11
192
44
36
301
0
13
7
1
7264
782
0
7
0
1
0
6
23
10
0
0
3263
457
730
4
4383
1513
7
11238
0
31
2232
20
1
2
0
30
266
153
1
0
0
262
0
0
0
13
1
34
0
81
12
64
15319
173
484
7
74
151
1
15
5
2
5625
2623
0
2
1
1
0
9
29
22
0
0
1573
0
1
0
1845
933
13
1395
47652
0
12859
523
12
13
0
0
0
1
21
1
1596
1
0
247
0
0
3
1
31
1
12
2
0
0
0
8
21
3
1
0
2
37
2318
1070
1788
72
2
98
0
241
91
0
12136
51
2
0
0
1
0
14
33
108
0
0
1180
0
1
0
1819
1234
8
3419
27676
6
12859
176
2340
11
2826
88
0
15
1
39
5
0
11
25
33
0
0
0
1
0
0
2
0
71
0
56
41
0
0
0
0
57
3566
433
58
0
77
10353
0
12182
169
2
5
0
1
0
42
0
256
1139
0
28
0
828
130
83
20834
3
3140
0
1
0
30
3
7166
12
0
9144
0
55
58
5334
77
106
4
6
2
2
0
0
0
1
0
0
1099
1
231
77
5
1
1
0
0
2670
2
0
5104
0
37
13
7351
1448
2
0
0
1
0
0
1096
0
0
0
0
0
258
0
0
0
0
6731
0
1
6
2
0
23
0
0
67
2569
806
37
0
21
7
187
3
4
0
56
0
1997
56
0
0
0
0
86
2
1
0
0
0
0
0
37
3
0
0
0
67
2569
995
0
59
1
5
8
0
23
27
3
0
0
0
0
0
221
3
0
0
0
0
0
0
105
0
0
0
0
0
0
3566
988
201
0
7
33
0
0
168
0
1762
0
0
13
610
2
0
0
7
1
0
1423
0
0
0
13
3
3
0
0
27
0
554
0
4656
1
15
1
22155
0
38
1666
5
0
0
0
0
16
0
0
0
0
0
0
0
998
29
0
0
42
690
1771
1
2
0
4315
11600
2
50
43
52
0
185
21
0
0
0
0
4692
1
0
1
4
4
548
0
4
11
1
65
122
20
2
0
0
0
650
4
14
0
0
0
0
0
0
0
0
0
0
241
7
1031
0
83
0
1
308
0
26
0
2
496
0
2
0
55
0
61
32103
8
8146
967
3
307
2
14
21054
0
79
8
26
0
0
0
108
0
0
0
0
0
0
1049
14
317
1
30
0
20
0
43
8614
5
848
85
6967
0
5
0
16
3949
40
2
125
10
1
2499
486
967
270
0
0
2099
7921
8
1
20
2
1
0
35
2
8
262
1477
0
1
0
19597
436
220
546
0
19
2
1
0
0
0
13
20
1
8
0
3
1
1171
48
8
1
0
2464
28
7
976
13185
17
394
10
83
14
37
0
12
488
2
0
0
0
2218
0
0
3
0
0
9337
116
40
4
0
1
4586
380
1
1
20
0
1294
0
0
197
0
0
0
0
0
366
0
9
2394
0
579
23
0
444
1
0
11551
0
10
5
1
592
0
93
24
0
0
0
6
11307
0
0
0
10
0
10210
0
2910
0
0
7
673
10
13045
5
4
0
5209
2
846
5
197
0
73
5
0
0
0
3
12
3153
0
837
0
0
0
0
70
0
1
0
492
909
0
362
15
0
11400
0
8
38
156
19
0
0
1475
0
66
17
1
0
0
6
421
0
2082
0
0
0
0
178
0
785
1
556
14
0
7434
0
0
6
652
1011
8
10
12
924
3
681
0
70
7
0
0
335
0
14
10
1
95
0
0
0
0
6510
2
22
0
6475
0
0
2
0
0
5
1220
0
51
56
1
0
0
0
36
2
318
4954
5894
0
1
0
18495
834
0
348
0
0
1545
9427
1
35
8
2
0
0
0
123
0
779
0
0
0
6
0
0
5253
2
0
11932
15970
337
56
22188
24
10
2
12
6
0
0
11
18
2
5
27
0
8
1
0
0
2
0
0
1
4
26
0
0
1
0
19485
12
39
1
68
8
55
165
58
0
0
0
104
342
4
0
2
0
271
1
0
47
1
1
67
0
1
0
198
2
1
1
15775
2711
2
1
1
6
0
2
1
1029
0
50
0
7
0
2469
1
2
15
0
2
0
334
6
0
1
1
1
781
0
0
1293
14024
2
113
106
843
157
5
291
6555
5947
7
11
642
20
0
0
62
3
3
0
0
0
282
7
22
6
0
0
0
0
19
2
7328
87
45035
3
245
1599
12
0
59
0
0
0
0
0
14
1
487
0
1
1570
2052
3
27
0
3
0
0
0
0
0
0
0
2136
26
0
0
0
545
0
514
1
3
2
1693
28
10
10
0
761
7
623
4
70
2473
22
5
0
1234
17759
3
65
0
34
20
192
0
0
0
10
170
1056
0
0
0
492
0
0
16
0
5
0
3093
30
0
0
3
1501
33
2481
0
62
197
13
1
1
1
19458
118
2
30
0
0
0
1
43
9
80
85
24
0
0
0
92
2
15
0
1
6935
1
6
1
306
124
140
0
0
0
0
42
353
0
0
0
172
66
0
14
0
5
0
2
0
1
3837
0
10
0
39
0
0
54
2
0
0
0
0
0
282
0
3
48
5890
334
891
17
1964
5
3
84
0
20
101
3
0
0
0
1910
0
1
0
4
1
3
5
0
650
30
0
13
2
0
2
0
826
4158
17654
0
59
113
11
0
0
0
7
6
100
0
0
0
23679
0
16
0
18
509
2
5
0
0
0
0
0
500
0
0
91
1992
13034
8
3
1
0
814
4807
0
0
0
600
254
0
0
0
309
4
0
0
0
109
797
10
10519
13
118
9
447
117
15582
3
780
1067
1102
4
7
0
385
406
0
3249
0
1
958
0
0
719
0
0
1254
4
1
0
0
0
5050
0
4
3
32
0
0
1940
685
32
2421
4
25
0
668
9
0
1407
29
4
0
8
8
0
5
13
0
6
42
1
0
303
20
0
6
1
0
0
3566
445
55
10301
0
4
1
0
0
2
0
4
14
1
0
55
51
0
1109
1
0
0
0
576
0
48
4
21
0
0
0
0
2669
48
10232
4
17884
0
86
4982
0
1299
7
17
5
9
1
2
0
0
0
1
341
2
164
1
981
1
33
28
1
86
7
0
0
1940
4732
3
6006
20
0
32
1
0
0
0
0
0
1
0
8
0
1
13
0
796
33
0
1761
2
140
0
51
3
0
2
19688
10345
0
129
149
31
4591
7
44
256
1
0
1
141
0
223
2
0
0
0
64
0
2643
1
0
0
0
5
0
0
1
0
0
1940
817
42
3776
3
45
0
700
1057
0
2
237
0
0
0
468
13
0
987
4
1
4
6
4
3
0
1
0
0
53
5
28
18279
3
33
1
20535
0
1102
269
48
2
383
5
215
0
0
4
136
0
0
4
0
0
0
23
0
1649
10
5
0
0
14
13772
369
1
9
5914
0
560
4907
16
1560
3
24
0
2
15
0
1
4
0
0
0
8
0
0
0
0
0
0
4
0
14
257
1333
83
5172
0
393
13467
4
50
1786
337
0
0
1
27
0
538
6
30
91
0
0
0
53
0
2993
10
50
0
0
32
0
1
16504
93
16
17
0
0
9
0
0
29
0
0
5
5304
0
834
4283
7
533
0
0
3
4
0
0
4
0
0
19
3
13
0
3566
6512
1
6235
8
191
0
54
10
0
0
1
0
0
0
435
0
0
0
0
0
0
15
0
0
0
0
0
0
59
0
0
18558
10438
0
274
99
136
11
1869
9
220
0
0
1
5
0
36
0
0
0
0
89
0
4976
0
5
1
1
12
11
0
0
0
139
112
14
20699
5
14395
0
98
3110
33
5689
0
60
0
0
27
0
1
2
0
0
0
0
0
12
0
0
2
1
0
2
109
28
2510
820
15
5105
24576
0
512
9518
0
575
1
3
0
1
87
0
0
0
0
0
0
73
0
0
1
0
0
0
91
0
623
13129
988
11265
14254
0
263
2689
4
3022
0
0
0
1
233
0
0
0
0
0
0
5
0
0
0
0
0
0
268
0
0
0
0
0
1940
4387
49
3868
9
18
5
8
1
2
0
0
0
826
559
0
2630
4
18
0
47
13
0
1
0
0
0
4
10
0
0
19688
10345
0
129
6487
20
2548
3
0
0
1
37
29
0
0
0
0
0
0
353
0
1800
25
4
12
0
0
0
28
0
0
0
5104
0
333
3493
2
8474
4
42
0
1
427
0
0
70
53
0
0
0
27
0
141
9
37
9
0
0
0
348
0
0
0
0
0
1940
4651
12
1215
8
18
5
7
1
3
0
0
0
830
32
1
1567
15
55
839
70
15
0
408
26
0
3
197
173
0
0
3566
2284
8
16724
27
0
25
1
0
0
0
1
3
0
3
2
19
0
50
133
0
1235
2
60
0
0
12
0
0
0
0
0
3566
55
337
61
4692
11
23
664
0
0
60
1661
0
242
0
0
0
0
244
3
0
1
1
0
0
19
0
0
1
0
0
0
6132
4
2719
9
17
5
6
2
8
0
809
0
442
2183
0
1685
5
6
0
0
2
162
0
6
1
0
0
0
220
0
1
1320
5458
7797
0
267
695
6
6695
1
50
0
0
22
0
1
0
0
0
2
0
1
3
0
1
1
0
0
0
0
0
17
0
1
16504
93
0
6
0
0
5
10009
0
720
340
40
813
21
0
15
0
12
0
25
1
5
0
4
0
45
0
2
0
4
0
7
8028
11
20703
0
867
2511
8
726
54
64
5148
0
0
7
370
0
9
436
140
0
0
1
241
0
226
1
8
0
0
312
0
50
13161
951
3
7
2
7
0
1701
0
732
10928
6
1720
9
0
0
5
0
14
1
5
13
7
4
0
0
8
48
0
295
1
0
3695
19
5
14032
0
383
1273
47
12607
4
33
37
4
0
0
316
20
1
17
353
2
0
0
7
13
45
0
0
5
4
0
0
0
8204
0
0
25
124
0
920
19
304
2184
4
1499
0
0
0
1
31
0
0
0
42
0
1163
0
0
0
0
7
0
0
0
466
15
39
0
173
54
0
0
0
13
91
0
1426
54
517
0
0
0
1
43
0
0
0
0
0
66
0
0
91
0
8
0
236
1036
18
1
46
0
51
3
166
385
0
0
1
39
87
0
0
0
4
1935
1
0
0
0
20
0
0
0
0
1
1
1
1557
362
1934
4
31
2
0
0
0
152
34
0
0
0
12
964
6
1
0
0
10
0
0
0
1
0
183
0
18
0
4
0
1612
11
0
26
1565
0
7329
1
235
12
0
0
1
100
0
0
1
2
0
3
34
1
308
0
650
0
2
102
2937
1
0
1573
1754
27
443
121
0
1858
2
0
130
4
1163
0
67
7
0
0
83
16
0
4
556
1
0
0
19
7
49
0
0
12
2
0
75
0
111
31
0
4
56
0
2985
40
0
0
1
87
0
0
0
51
0
2137
0
0
0
0
6
0
0
0
206
3
0
2
1612
11
0
0
0
38
337
0
1491
68
623
0
0
0
1
22
0
0
0
0
0
67
0
0
50
0
8
0
14
0
16
0
1018
6
16
503
3951
413
0
0
1
60
69
0
0
0
3
1535
1
0
0
1
17
0
0
0
0
1
1
1
385
0
517
0
6580
0
1702
0
70
6548
191
1
0
62
46
0
0
0
33
1281
6
1
0
0
5
0
0
0
1
0
36
8
1
399
0
847
14066
4308
164
27
17124
30
0
5
0
3
0
24
15
0
41
7
2
2
21
0
0
0
0
5
2
2
1
85
0
2
0
5733
33514
8
0
3
0
0
0
8177
1
247
20
4162
12
0
223
0
0
4
0
1
5
3
0
0
0
0
0
0
7
1
49
2226
2984
0
1
147
4047
5
29
0
0
4
812
0
75
17
59
0
0
4
120
347
6
0
39
0
7
1
0
0
0
3
0
0
67
2569
7247
0
141
0
7
8
0
0
0
7
0
0
0
0
0
176
0
11
0
0
0
0
0
0
11
0
0
0
0
0
26127
16
96
5869
0
29
50
6078
0
112
0
0
0
0
6
0
16
0
0
0
0
0
1
0
11
0
0
0
0
0
0
6
5104
0
37
13
1093
4189
1
227
0
0
0
0
17
712
0
6
0
0
111
7
4
0
7
0
0
0
204
9
124
2
1
22
0
91
4869
6266
0
484
2
3
8
23
1
1
8
18
0
1
44
2
0
0
2
0
541
1
0
0
1
0
125
28
2
0
0
2887
31468
8
9
1
0
32
9474
3228
3107
9
115
0
0
1
7
0
12
2
0
0
0
0
0
1
0
1
375
5
104
4
38
2183
0
1372
0
34
34
7558
3362
117
63
6
2
5
0
0
0
0
0
1
6
55
0
0
0
0
0
0
1
0
0
0
3566
6589
0
2348
0
0
0
900
7901
1
1
52
0
61
0
39
98
0
194
3
0
9
2
27
929
8
17
0
372
344
4
0
67
2569
465
27
3962
4
6
602
16
0
0
168
0
0
2
34
3
5
2
0
1
7
4
2885
514
2
1
0
0
0
14
0
4563
0
585
2927
1262
12155
8
47
217
33
286
311
0
0
1427
0
22
2095
0
0
0
0
27
274
0
0
33
0
0
7637
24
233
0
91
4869
3913
34
2601
5
6
5922
4
17
0
73
17
0
0
0
0
122
0
28
2
2
0
2
0
8
25
5
1
0
0
320
258
2
2
865
40
177
3
0
1
150
763
1
3
0
3
22
0
35
0
1036
3614
1
8
36
2025
0
0
0
58
0
0
169
0
29
3254
5
7087
351
63
3
110
72
3
0
4
40
1287
111
0
89
0
88
244
0
15
0
5
0
345
5807
2
3
18
16043
34
0
0
3456
1023
1
11
24
0
120
4277
4285
2
0
0
2
7
4
5385
2
19
12
13
0
0
1071
4
144
1829
2
5
4408
18
220
936
25135
0
0
172
2
235
811
1
9
25304
633
1
167
0
0
0
291
280
0
0
47
3622
3286
522
1
7
5
6
21936
18788
4310
100
99
0
0
125
0
270
0
7
2565
3
0
2
3
5
26
1
0
0
1187
8112
2229
4335
104
0
38
18
4
5011
9309
603
1960
5
20
2002
1
27
50
100
657
266
4984
16
0
1
0
0
143
5
159
0
0
0
1
0
0
0
17
41
2096
2
4220
9
115
72
0
0
4921
18
37
0
13
0
1
73
11
1292
601
5
143
313
7
3
2169
0
3
3
0
0
1701
0
4
31
11
14278
48
139
0
11
0
868
867
1
0
43
1819
443
18
3
1220
1
16
540
0
10888
0
0
0
0
0
0
0
75
7
1
39928
0
49
2247
4643
2053
12
20
76
3
4
52
1
5840
0
2
2
0
0
0
0
0
14
71
6
0
1
71
11
3
0
93
28950
0
14102
0
0
71
479
4
0
249
0
0
2
1052
38
24405
0
0
924
22
0
0
0
0
625
53
0
0
0
0
414
290
28
32988
28048
0
679
351
24
3
0
0
3
629
0
12383
5
2
49
4
33
55
0
46
111
13
41
128
2
64
8
0
0
0
3566
974
94
13151
0
0
60
2179
0
3566
1
6
0
5
1
3
0
1
24
0
3
0
24
7
0
0
943
26
0
13
544
3
75
0
111
656
139
0
1
256
9
1
0
0
34
2
2
0
7
0
14
11
4
0
0
0
8
2
2
0
74
0
2608
0
302
517
1
79
150
0
9
348
9
0
0
65
0
0
0
1
0
40
0
5755
63
188
0
0
0
0
45
0
0
0
1
0
5503
0
179
434
0
11
0
24
0
2
0
14
0
35
2
0
2
0
0
0
43
59
0
0
0
7
892
1
0
0
2
25
1612
11
0
0
0
0
44
1493
0
3079
6
62
13
0
0
1
51
0
0
0
0
7
1092
6
1
0
0
3
0
0
0
0
1035
655
2
32
1
45
55
1
1
0
1
132
0
4138
1
156
4
0
0
0
47
0
0
1
1
0
0
22
1
336
0
549
14066
4308
35
5962
4
0
1451
3757
2
2
5
47
0
0
271
20
1
4
232
2
0
0
30
6
54
0
0
6
4
0
0
0
1612
11
0
26
122
0
194
107
0
18
2
0
0
3
18
0
0
0
49
0
1660
0
0
0
1
1
0
0
0
272
3
0
0
8204
0
0
0
0
34
366
0
2561
38
201
0
0
0
1
30
0
0
0
0
0
80
0
0
135
0
9
0
25
0
7
28
3712
3
43
191
1522
552
0
0
1
36
45
0
0
0
3
1647
1
0
0
1
9
0
0
0
0
1
1
1
344
0
5094
3418
1425
258
301
0
1
62
22
0
0
0
10
1313
1
1
0
0
3
0
0
1
2
0
143
0
14
0
1
0
0
0
1
1035
2949
0
3755
1
202
3
0
0
0
79
21
1
1
0
1
4
25
1
395
0
485
0
2
204
2813
2
0
1623
1638
0
2888
5104
0
84
11
0
0
192
21
1
5
375
2
0
0
15
6
43
0
0
11
3
1
0
0
15
2
2
1
7
0
4784
0
2286
71
0
68
56
0
7
77
0
8162
0
0
0
0
54
0
0
0
199
3
0
0
17
0
0
1
2
0
7
0
860
887
250
4200
38
0
1
105
66
0
0
0
2
288
0
0
56
0
6
0
9
1
7
0
34
0
12
2
0
0
0
0
2
41
1612
11
0
0
28
1697
2
0
0
1
20
0
0
0
0
1
1
1
25
0
928
315
42
0
0
0
17
0
0
0
0
0
1612
1023
75
0
12
11
331
0
0
0
2
30
2
1
1
0
4
696
2
1
0
0
1
0
0
1
1
0
371
0
880
109
28
37267
1561
1795
368
0
0
151
9
0
0
0
3
16
30
1
297
0
598
0
2
37
1608
269
1
2
311
1240
2
51
6
1
440
595
1
8
4018
9
2166
0
67
0
13
1
1
0
8
1
491
0
0
0
42
205
0
10
660
79
0
441
8
523
71
0
6746
581
51
174
0
3
6
1
5
0
0
19
0
1786
0
0
0
1132
645
68
173
15
22
0
0
0
41
3
0
0
1
141
440
784
4
0
26
1
0
4
5
0
0
0
942
268
0
123
10
587
138
9
0
2
0
1
1
0
0
0
0
0
0
6
5669
12
11779
27
42
0
2360
514
291
131
16
15
2
0
0
0
19
1
0
0
0
341
0
7
0
2963
0
36
47
0
0
4
3263
457
730
4
13
6
0
4
7
1
0
0
1351
278
0
7673
3655
3
2
1
191
0
0
12
0
0
0
0
0
0
0
6
5669
12
11779
27
42
0
2360
3784
1901
0
0
29
0
17
1
1
2
4151
830
1
177
0
42
86
1
0
3
81
0
0
0
17
440
394
3
2
16
1
1
0
4
0
349
4
16244
8
0
1
1
1226
0
7
22
0
0
3235
358
0
11
6
92
6
0
4
13705
8
2
4
0
29
1015
0
144
13
0
37
20
1
0
4666
2
0
8
5
237
2
8
0
0
5
55
0
6
6
2
0
32533
0
2204
1
7
0
3107
0
0
2327
13
1
0
1
0
0
902
4
29
0
0
1
17
139
8
2
1201
767
28
45
2
0
87
2111
1123
1674
0
83
0
2
15703
0
0
110
5
0
15
48
219
0
5
1
0
14
0
156
0
1354
0
0
1
0
11
13
314
1432
15
110
0
2
157
0
324
5
31
0
0
216
1
0
11306
679
1
1
574
2
0
2950
0
9
0
459
131
0
4
1
32336
64
2
35
4
84
2
153
0
9623
159
106
0
2
10
29
0
0
1
1
0
0
2
147
82
7
0
582
41
0
10
0
185
2233
89
34
350
0
0
0
59
6
0
56
9
5
9
0
0
45
0
151
5
0
4
1
1
0
97
1433
2
0
120
99
160
0
216
0
3
2
1
117
0
0
0
0
0
574
9
0
725
3
1229
135
21
1
1
1
2327
7
326
1
2134
14
1595
15
5919
25281
0
31
53
251
3902
565
0
498
59
32
0
0
16
148
1639
2190
1
0
49
4854
0
8
625
0
24
0
1
107
7
0
37142
17
12450
5934
71
8
10
37
2658
2
1
788
0
3
9
243
150
1
0
0
9
1
394
128
44
1
1414
0
1
2864
0
3
13331
23
2
1240
982
0
37
0
213
31
0
14
11
2
0
1
140
1
0
2
14
6
0
0
42
18
0
1375
10
5
18
0
32679
7
2
65
15
6
64
0
0
1039
17545
569
0
0
9
0
6
0
2671
379
0
0
0
58
0
2
2
0
0
69
187
20
5104
356
473
38
5
0
0
0
19
0
2
0
3782
1
0
15
1
289
27
218
0
0
4
0
0
16
0
20
0
0
13
0
842
5575
0
158
1
18
3
0
0
0
0
12
11
0
0
6
1
0
19
1
19
1
59
0
56
904
0
1
6
0
0
0
15719
19
320
5
5
133
109
0
8
46
0
54
1
0
0
1
219
237
0
8
0
155
0
5
708
1
1
45
1
0
0
0
38
357
5
189
82
0
0
1
66
0
637
9
0
21
2
6181
3
12
15619
620
8
10
49
0
2
16
0
0
1
0
0
16
13196
3
7
646
677
284
164
27
0
7
1
0
527
2
699
1
3
0
1
259
0
25
11
8
0
2
1
60
2
1322
0
5
22325
12
545
201
36
16
0
1
139
1311
159
0
6
12877
2914
19
10
0
11
0
0
0
102
0
10
40
8
0
1
1
161
0
43661
4
656
153
14
2
0
43
4
0
7366
0
51
0
23
10
0
178
0
0
0
0
72
0
25
391
3
86
32
0
3630
0
320
1791
0
18272
1
390
12402
758
0
2
4
841
0
0
2044
0
800
0
3
90
6
1
0
51
1
1
456
1999
1055
29
80
0
1678
5
1
20
1308
1287
190
326
1
0
4691
77
10
136
4
531
0
21
2
0
3
0
6
1244
17
0
3
215
18
16
737
3
23200
864
10
5
240
2114
2
540
0
0
36
3
3
2
5881
0
117
932
5
603
1
394
7
0
0
1
7
25
150
11
29
626
31139
5
1127
1
102
404
0
32
134
13
10
0
0
0
0
28
3
0
1
15
0
2
0
0
93
0
1402
528
0
0
10
1
6923
3
762
27
144
1660
1
29
2268
95
1
22
0
6
0
0
17
1
1
9
1
479
18
0
0
1
0
1
2
2
11
0
14797
5
154
29764
0
73
0
0
3
0
9
0
0
1
146
0
27
2
0
0
1
3
0
5839
181
0
1
20306
26
1
0
0
320
24
0
2
4
28
836
5
13
57
2
31
0
0
1183
10
0
13
1
0
20
0
5
127
2
0
558
0
0
0
0
4
6
0
0
11
1
1
11
122
2
0
3
0
0
475
21
697
140
0
131
29
830
0
0
0
0
0
0
0
0
7
0
0
12327
3
36
12
82
5
0
0
0
0
8
113
851
795
1
0
62
10
0
95
2
0
5
5
81
0
9
0
1596
2
0
0
1612
264
4769
35
17
0
3
3514
0
309
3
14
0
0
4
0
1
4
1
0
6
0
0
1
9
0
1
0
12
0
1
35
2125
7
655
370
1
3
1
381
83
0
1008
8
0
11
0
0
2
101
0
0
1
0
0
840
6
1
4
5
12
1
0
796
15799
1
1826
61
749
0
0
5
182
149
3
73
47
0
0
3
11
2
0
0
7008
3
11
370
3
0
1
0
1809
2295
0
0
3704
4209
83
225
1
466
1
347
0
2
1
0
0
1
727
186
0
1
13
1
0
2
3
1
4
0
4
3
21
7
0
4542
4226
1
2
429
4469
32
8
1140
0
0
0
6
30
2516
1
18
0
0
0
0
10386
213
0
9
17543
5
0
0
0
1744
1
3
38
2
4343
99
0
2
1857
6493
0
262
0
3
0
0
0
3
15
833
1
0
0
4
0
3
122
1
251
4376
1218
84
0
3
4220
70
30
117
0
17
15
19
1
4313
187
0
27
378
251
5
11
194
2
1
0
3
30
0
24
0
0
0
0
8
12
1079
22348
370
562
0
0
88
15
0
8
45
1
0
1
7
7
0
1
0
0
2
2
0
0
36
5412
930
0
3
0
7
18
19
7151
3
1094
766
5
1
46
0
1
419
0
6158
475
0
0
1
50
11
2
0
0
268
7
0
0
0
2
12
1
68
0
0
35465
17
0
34
116
9
17
1
4
191
68
77
5
0
19
0
0
42
0
53
0
0
1
209
386
296
171
0
0
6
3
3
147
0
14
29
0
371
1104
0
41
0
0
0
2300
5483
8
13
3
0
35
1
155
13
2
58
0
1
0
4
6
5125
74
3
169
2508
3709
445
75
2
11
25
0
546
95
1
3
68
7
15
0
3861
1206
335
10
0
5
2
3
0
0
121
0
28
30
1
37791
85
4
4930
3
31
4
70
1
0
1
0
2
484
0
124
870
14
3285
1473
0
3
1211
1
1
12
0
0
32
0
2
1
0
826
3338
6276
14234
3
0
14843
1
4
38
8852
122
10
3
0
11
0
100
0
1407
7
1
1
677
1
1
5
0
0
0
169
274
2319
322
3
70
670
2
139
4
0
2
11
1226
12
125
2
217
0
11
10
1264
7
1115
0
11
2
500
0
1
1
179
2
87
29059
2635
8
88
17
1
50
1
0
0
2716
4177
2
3
5
5
227
1
0
218
105
0
65
34
12
180
277
1
6
62
1
156
2
3424
715
1
7
3134
10
9
11
0
0
0
592
14
0
0
0
43
1
25
57
6697
2137
7
1
14
0
44
0
0
0
424
1874
2402
322
10
2
10
0
67
864
0
1
1
0
0
0
1
0
0
1
22
3815
2
394
162
1
9
21
1
12
2
3
1621
5
19
2754
0
21
68
0
0
0
281
40
0
0
0
31
3
24
44
5012
1196
0
2
12
0
232
1
160
6
0
3
0
11
151
59
3
17735
0
119
96
176
8
2
17
0
0
2
0
158
1
2083
15
0
0
1
0
9
24
50
56
1
1
0
0
424
1874
73
89
616
15
2
2
6
0
31
83
693
49
0
0
0
0
120
8
0
0
0
0
191
15
43
20
1
0
0
24
163
921
2
408
66
0
21
132
0
21
2
0
1
0
0
1180
0
0
1
0
0
0
18
61
0
0
0
5
0
17
54
3041
11
32403
8
15079
0
113
72
162
21
29
0
0
2
0
1844
16
47
0
0
0
1
0
47
83
9
0
0
0
0
0
179
6
22348
11685
0
89
68
91
62
2012
0
0
0
14
3939
0
381
144
1
7
25
1
8
2
2
1
0
0
1967
0
0
0
0
0
169
2462
1081
84
2
0
51
1
50
80
32
84
13
181
506
8
3
0
0
627
1
14
0
0
12
77
0
4
66
39
120
954
2045
2
15
1048
984
2079
1
0
1
0
0
122
40
0
0
0
0
1051
1
0
0
0
0
63
0
101
0
0
0
0
93
3
5104
0
37
10
3495
10
64
736
1
814
0
0
0
0
0
1543
1318
87
0
0
0
0
38
0
280
0
0
0
0
1902
18
7
61
33
32760
2
2
39
0
0
128
49
586
0
108
350
0
1
2
0
13
2
11
5
4
2
0
257
796
670
0
47
0
10
12859
256
0
4691
7
0
1
5
9
0
405
0
0
0
0
119
0
0
0
4
4
1
0
168
336
9736
84
0
3
0
25
2
1031
18
11553
19
281
60
8
0
347
1
1
1
20
223
201
3
1
1
0
25
6
1077
773
46
2
0
1
0
1
0
1339
15
5704
27484
1
73
1888
8
3203
0
0
1084
849
0
63
1978
49
22
24
1
556
2841
3205
1
246
0
320
1
85
11
7
0
20
0
21562
3858
1
48
1299
49
2202
7
0
518
2007
3
0
196
675
1
4
0
2
628
750
2084
23
1
20
1
68
666
6
89
0
22
1678
18959
656
219
802
1
176
4
6017
2
0
200
2
6
789
37
4
2
537
88
24
325
5
113
25
1042
4
0
0
1
1
1
10811
24
2953
2988
328
1
0
4176
11134
6
0
0
218
1499
14
18035
947
1
64
1282
0
193
2
184
47
70
9
215
0
4
217
26
16548
58
626
40
9
26
792
0
1
2
66
8490
4328
15
1
1596
2639
9
3
10327
1
0
228
13
13
0
120
1
4004
0
0
0
3065
17
0
0
55
229
0
15
0
292
1
51
81
0
294
1199
6
0
110
9
0
2692
3183
9
9248
724
0
66
0
2
0
0
6
18601
0
0
0
489
2
206
8
1
13
1
12
1
0
3723
0
9
0
0
4840
2
0
4442
2
945
2
140
903
0
104
0
192
0
220
1
0
1357
0
0
0
0
331
2
0
5606
2
756
3
0
9527
0
0
1145
4061
13
0
870
0
0
2111
1261
19
514
0
91
53
148
0
0
0
168
0
0
0
0
0
758
0
912
0
1
4147
0
742
3
2
39704
251
19
82
110
986
0
0
15
530
727
0
0
0
11
4
670
0
407
2906
0
0
3156
0
9
73
5
0
2724
12
127
1
2
740
0
0
70
0
0
0
0
6
1101
41
13895
0
0
66
0
19
6
1745
32
2667
0
68
6
0
0
0
0
22
3430
238
0
0
1
40
0
315
1
0
0
21420
3
1
75
778
402
0
135
4
90
0
0
0
293
0
459
0
0
1866
1
5
11
54
0
254
2
0
2
0
0
0
0
1294
0
0
292
1
726
46
0
0
1
0
0
695
19
1
0
1101
2526
2
0
5242
52
0
7146
2307
0
120
0
2
0
0
0
182
89
2
30
11314
3
2
1
0
1
676
16
33
0
10683
522
2
0
177
0
0
706
1277
0
94
0
2
0
0
0
726
65
2463
3066
6
0
0
1
29485
9907
576
17
1516
0
0
3
1276
386
0
62
4380
67
23
0
0
5
5109
2
154
2
29
0
4
0
335
0
9
358
1
0
1
0
2567
0
0
51
0
56
1363
621
0
60
8
5
0
0
0
569
0
102
1
0
0
2908
262
2422
218
1132
5
805
3
213
0
40
0
143
0
0
0
1432
47
0
0
0
10870
579
25
0
0
3
0
0
0
0
0
439
0
49
5868
1
6
1
1
24949
0
0
8
0
1338
0
52
6
9
0
0
0
34
967
7
92
473
0
28
0
60
55
1959
116
2
5
408
0
1923
1832
31
1131
0
73
6
17
0
0
0
99
1
2
0
0
1
3850
0
2
1
0
0
0
0
0
0
0
3855
0
153
9031
342
34
610
0
43
2
5
0
0
0
1
0
448
0
0
0
0
199
9
0
1
0
0
0
0
3
0
932
7964
0
19551
1178
0
63
0
72
0
0
0
1
0
5449
0
0
334
16
0
0
4
1178
2350
1119
0
5
65
154
21
5235
2
1
0
0
67
25
131
0
0
0
3683
6273
0
0
0
987
1971
2
1
2234
32
22674
1
20018
14
2
0
4
0
113
215
0
4
3
0
0
0
1940
386
0
19
3
0
0
0
6476
1
212
988
2551
0
0
1102
7
0
1
2490
242
3
878
0
0
845
28
0
13
0
0
3566
642
151
4
1793
12520
0
0
54
174
0
203
53
0
0
0
1
6
0
10
820
41
435
0
0
0
134
0
3444
16
2
15
13772
248
0
24
4
22
0
4
0
2478
0
618
2563
8
233
35
14432
2
0
2
68
0
2659
0
0
0
25
0
31
24
541
398
15643
67
11058
0
313
258
125
7391
0
0
1
11
0
13
1
8
0
0
2
39
0
10523
38
127
1
0
0
0
19
0
1584
135
26602
47
9535
0
269
7467
4
1711
7
0
0
3
0
0
0
1
0
1
43
0
54
0
4
5
1
1
8
1
8
0
0
29
13319
12269
0
488
11851
3
10424
6
29
725
922
51
0
0
2
29
0
653
14
1
2
7
0
4
1
0
5
9
1
0
0
0
8455
12
25121
14
108
3016
0
185
241
0
1886
450
245
229
0
0
1
39
0
17
19
5473
0
0
0
0
93
0
238
7
5
9
13115
11
4
3
3
9
2
2
0
4
0
0
0
2178
0
404
9198
5
12930
1
0
2
2909
3
2
0
0
0
145
0
1
5891
5104
0
333
604
51
24227
5
0
4
0
5
0
6
1
2
0
5
0
17
0
1
0
0
4
0
7
512
0
971
1
99
2
5104
29
12
0
0
52
23
0
8
391
2
0
0
8
7
49
0
0
6
3
1
0
0
8
2
2
1
7
0
351
1
36
2286
71
0
68
56
0
7
77
0
6755
0
0
0
0
60
0
0
0
197
2
0
0
17
0
0
1
2
0
8
0
55
135
606
182
1417
17
0
1
65
66
0
0
0
2
278
0
0
52
0
6
0
2
1
12
0
38
0
32
2
0
0
0
0
3
1612
11
0
0
0
38
1826
2
0
0
0
19
0
0
0
0
0
1
0
32
0
4074
2894
11
0
2
0
0
0
18
0
0
1612
11
0
0
28
286
0
532
442
0
0
0
1
26
0
0
0
1
3
587
2
1
0
0
1
0
0
0
1
0
312
1
7150
0
294
35
0
0
0
3
987
0
20069
115
2324
0
0
0
1
82
0
0
0
0
0
2
31
1
195
0
809
0
2
31
2449
16776
209
0
597
76
0
5294
0
29
8
2
1
98
0
1
337
0
1
9
2
3895
0
0
0
20
0
637
820
0
2
2
5104
0
0
8
2019
430
5
3
0
280
33
0
1
0
1
0
112
661
225
1
0
1
373
4
0
77
1
0
2
6
444
1111
169
64
81
27
2
54
769
0
0
482
0
0
0
0
0
1
55
0
0
0
0
0
0
22
0
0
0
0
0
0
0
0
440
617
0
71
2699
3
0
0
0
0
2
14
0
48
81
377
3701
512
35
284
0
0
0
617
0
84
47
6
153
30
0
0
3214
1458
3315
280
0
1723
0
1
0
0
550
0
0
0
0
0
0
3287
0
0
0
0
12
0
0
0
0
319
0
0
0
0
169
11729
13
71
1298
5
371
1526
352
0
396
2181
0
3
10
22
38
0
1232
0
20
1
25
1
239
0
444
0
0
1
0
4145
77
19
28401
33
5
1159
24
1
1
1
1
249
2
0
1
157
0
1
0
797
0
0
94
2
14
1
4363
70
0
0
4
1023
1769
119
4540
26
0
463
4344
1
0
1312
85
1304
7304
90
3
0
0
0
1
0
117
2
0
2
0
2688
172
3
148
0
1
15
13390
4
13163
212
673
9
3850
8
183
0
0
0
1
0
7
1
3
0
8
3
213
201
9
1
2
0
2
25
0
0
128
8
26861
762
27
1248
0
0
2025
1278
5
1
0
2
470
7
246
3
3
1
0
0
2
0
2
151
22
2798
30
0
0
0
105
0
185
2233
89
526
30
0
10746
6
2
3
0
4
2
0
2631
1
72
0
1
25
0
1575
6
31
0
101
41
9
3
333
0
1
13264
493
5
0
0
1987
8530
1
8
187
0
0
1082
194
0
370
0
84
7
106
1
0
7
7
1
159
0
1
5
1
766
0
163
14556
3
23
5
31
0
4714
49
0
0
0
2
239
5
982
6
2
2
81
0
0
3
0
1
46
2
1
1174
0
3861
1
21158
3
44
0
447
0
11950
478
11
3
0
1
204
2
0
0
233
0
0
3
0
0
268
0
0
0
0
225
0
0
0
0
6209
4
0
34
676
328
26
15
0
0
0
2597
0
0
0
52
2
4
0
0
2
0
259
13
10
135
2
0
59
2
78
968
147
34198
2
140
0
2
0
0
1207
1
2
21
32
694
1
2
872
0
1
0
47
0
32
0
1
1
315
0
15085
138
24
36
5104
6
1316
429
0
0
0
266
870
3482
2906
0
6
6
0
21
758
4
2
2
199
2
7251
5
0
4464
0
1613
0
38
34
1323
26206
8
2
8496
16
364
11
178
0
2
11
0
948
9
31
82
10
0
8
119
274
0
4
1
0
0
4683
0
1
219
3
15
5071
1
33595
16482
266
69
6
2
6340
60
2
674
5
0
12
0
448
0
133
12
330
24
0
1
207
9
0
0
2
29
0
48
2704
7
4
1
9
21
10
186
4601
1347
52
5
1
12154
3120
0
304
28
73
0
44
1
138
2
3
135
0
1
476
0
0
4
3674
1
31
984
1
56
204
11098
0
0
424
0
0
21
0
1
17
2
346
3
0
1674
6
2007
0
1
2
0
12
0
147
0
87
2111
2245
94
0
140
2
20784
866
2
33
2
17
6
220
30
1
0
0
20
287
0
6127
0
208
16
310
1
235
1
7
10
320
1109
0
3594
0
11749
1519
154
0
29
117
277
2
706
995
3
3694
8
1
1
48
1042
0
20
9
0
17
205
395
65
8
0
12
465
2
14578
108
14
752
4
0
1655
7980
293
2
7
0
319
10
18
0
10
28
10
75
1
59
72
9
10
30
51
18
3
12859
12
821
25
3
0
0
1
1
1
10
478
0
49
1
3
0
0
1
1992
3058
2
6503
1212
10
4
98
983
75
212
10
0
355
465
3
16044
669
4
0
3
187
0
0
288
0
311
318
1350
4
0
2
0
10
78
0
4
674
0
0
35
2669
16
77
3
1067
8508
18403
126
3231
24
1
6
3
208
0
1973
6782
54
7
133
3
83
1162
89
2288
6
0
18
9
0
2
0
9966
79
5
8
4524
0
1386
6
4976
365
3
8
8
109
2392
149
4
0
698
1
503
27
1
1301
5
111
11
11470
684
343
0
0
0
0
0
687
26757
5691
27
49
48
0
0
0
1
6199
2096
1
11
0
1
52
2532
1
18
0
0
3437
1823
586
0
1742
233
0
1291
0
387
0
7631
1
5881
15
158
0
0
0
0
149
0
76
0
1
3868
2
109
2552
0
182
0
2
951
0
0
280
0
2
4
1
30
0
320
22837
0
88
7474
3092
14
1
0
0
0
0
0
4
25
0
0
0
1
31
0
0
67
21
1
0
4
132
0
33
6
1
8294
671
5
190
1
0
16
413
193
1004
1927
2
1322
1
0
0
0
18
18
1
2745
1
99
1
1542
0
0
1
0
0
686
135
18934
2965
12
3647
5
79
1
269
11124
324
0
3
3
118
788
0
1
0
1
92
33
3
1
0
246
21
0
2
0
18
454
4375
185
2194
7536
23
16
2
0
22
0
0
2894
31
76
4
76
14
16992
7
2911
343
51
2
17
13
0
333
0
5
5713
0
114
5
3958
48557
43
2270
151
34
1458
14
302
1
0
29
1
0
0
0
312
368
0
1
0
185
3
0
4
2
9
3
1
0
0
0
13080
11
2
48
30
10
714
7
7
0
0
117
0
0
13208
162
40
3
355
3
0
41
0
0
0
27
851
0
4
1297
47
2
4238
12
2240
6106
1
0
4
2577
1
8
0
38
7
0
10
0
3
1927
0
0
0
12
0
335
1147
11
0
0
2
2
1
809
185
2233
14
15667
10
3910
1
1
27
142
833
0
116
2
0
5
0
17
0
4937
61
0
0
0
31
212
0
76
0
147
3
0
19134
32
2430
158
24
0
0
8
10
2
392
521
1000
9
1
0
3
0
0
16
1
0
33
0
11
0
17002
183
0
646
0
4
4220
34014
24094
1
326
15
1
102
5
6
0
1
238
0
0
1
0
0
96
817
1
2
217
5
2
2
0
1
0
0
0
3
38410
28
0
277
8
0
7
10
2493
1
2942
3208
6
21
0
1372
0
2229
2
848
21
30
0
1703
5
6
10
3
0
0
1614
3
12859
29
32
0
10
0
0
2
262
5761
20
0
285
0
207
3
0
1616
390
29
24
1
0
1
1
20
5
178
85
1
0
0
591
39
1175
2929
168
1754
23
0
11
1
0
0
9
737
6739
0
0
0
0
0
75
2
1
9
0
19
47
143
1
1
3
12
30
1057
83
3
1
24
18429
254
4084
1090
20
6
5
60
0
0
0
0
7096
0
54
16
43
4
1
39
0
12947
1222
0
2
2
7058
11
8
3295
4
2247
20
3205
0
2
1
2
9
1
194
867
3
0
24
8
1
0
45
3
0
23
42
6
0
1072
3
18
12855
1
0
1
1477
27
551
80
229
17
6610
0
0
1
0
0
18655
28
1
893
0
1777
0
36
5
318
0
0
22
11
39
1
73
34
2470
0
192
0
0
2381
1
0
476
20
0
0
1
1
0
0
2638
140
10
0
0
128
3
150
340
0
0
38
1
1
26866
0
1
8582
0
222
1
429
532
7
98
0
6311
4
5
0
39369
1500
0
2679
21
0
4
19
17
9
2
0
0
93
1
71
87
2811
707
650
6408
0
19
243
8
14081
20
92
0
0
0
9
25
0
10
0
0
0
16
6587
49
70
3
20
0
0
0
1773
38
56
80
0
1
4109
0
1314
36
458
8
1
12
394
0
1
349
0
0
1102
7
64
0
0
0
0
617
3
2
674
335
20600
13214
5
60
1
482
4
452
6
1
32
0
59
15
6
10
7
0
10
18
0
930
508
44
174
0
6018
28
0
167
0
6
1878
217
844
51
1614
1
0
45
2
121
34
135
76
14
0
30147
4
1
8035
43
15
0
0
0
25
34
3981
4
0
0
2840
1
5
18960
317
3
8683
2
68
2
13610
7
111
33
14
0
3
2065
381
2
98
0
2
0
0
48
0
0
0
42
0
0
24
9
1
0
91
2
159
0
11
2
0
47
9
324
201
0
11543
2178
4
1
0
0
17
0
2252
45
5
0
12504
0
815
32
0
1
34
21876
3
4
1028
14
3
112
2
111
1
5109
0
37
0
0
0
26
43
414
16
0
7790
177
8
0
1
2
38
754
5
0
670
5104
60
77
13
12516
0
0
6629
0
6
2665
3366
2
0
29
39
559
63
0
16
9967
59
0
1
6357
1
374
0
0
0
2
0
12859
2636
6
217
103
5
44
102
1
101
12
61
0
3395
0
0
59
0
17
0
9
3937
95
0
1
8844
16
0
10588
2
1073
0
1887
40
8344
14
3019
107
0
0
10137
229
15
1
1
0
0
47
27
2019
0
1
2
9155
0
31
4
0
0
193
4
1875
7317
14
6124
116
858
197
0
474
0
0
0
0
379
0
0
0
0
0
0
2136
0
0
0
0
7
0
0
0
0
15
0
60
107
4
19255
13
17
0
7145
7
0
1
212
0
120
2
1
0
5
11
149
0
617
157
13465
0
21
4872
3
47
0
0
10704
0
1
0
169
339
179
1
97
105
0
12439
45
0
0
0
0
30
70
80
0
617
472
0
0
3635
3
1
0
0
22
64
1
0
4822
3
4191
1
373
0
475
7
0
0
1
0
0
3184
28
0
7469
6
0
947
4
0
1
0
1
181
0
1
5492
13
1
48
2
15
26757
218
0
7112
3307
59
1
0
4
4
2220
2405
38
3
34
619
1756
5
27
0
3305
0
344
603
125
7
0
165
0
0
1491
328
274
797
720
3
6
3
1
10041
0
58
0
0
0
47
107
0
3
0
7
17
5
0
3232
0
2
11
3
1
0
1
1
29
855
6
127
5760
172
14
11511
326
639
4
48
0
125
1215
121
1161
3
0
20
4628
2037
1
8
116
0
0
298
1
1644
1
7
67
6846
89
3511
1
185
2
464
93
688
3035
19
0
253
0
1
37
26
44
4
60
3
99
1853
0
0
96
3
0
4
1
12
263
147
3320
7789
4
495
3
0
814
556
0
391
48
2824
80
4
3317
4
172
0
10
68
9
850
0
0
18
7
0
133
4
21
56
530
727
0
0
0
1670
15
33
2
0
0
0
39
31
1
0
0
0
1
23
42
0
1
9
55
22113
0
1
2654
4
1219
95
38
35245
28
0
0
60
76
1
0
578
0
31
36
1
581
8524
0
15
0
582
1092
1
0
119
0
0
6
13
88
15273
314
0
8705
27409
8
45
898
0
5572
1
656
58
443
56
25
2
122
1007
122
1
1
9194
0
367
0
0
201
10
0
10
91
0
605
5181
87
224
35
18
4
0
0
1704
626
51
4
0
0
1508
830
4
3
4
266
5484
0
260
324
0
0
28
479
2
270
9
0
3
16
18167
427
3
5
585
179
173
692
0
0
0
19
37
8379
18
0
133
0
0
270
1
9
6
44
899
0
5472
110
10
287
44
16
18167
427
3
5
6841
3
360
0
36
0
0
0
1
27
0
278
363
877
549
481
12
0
320
0
0
0
4045
3
0
0
0
1887
40
1557
11
1787
1
0
436
2
407
2
804
2
50
0
0
0
0
79
451
2
2390
4
1
663
2
0
3002
186
5
0
2883
1769
8933
501
59
0
8
854
55
843
0
0
0
279
0
1122
33
0
0
0
4
1350
1
5177
0
9240
3100
1
9
0
194
17
475
10235
5243
127
28
2143
12989
4171
0
17
0
0
259
69
1
1344
11
0
0
2068
0
990
5
36
2
5
33
53
0
20
0
1
87
390
142
123
9
94
44
17
18
27891
18
3
6
18022
2
0
881
1254
0
0
0
4
38
19559
4
0
99
7
0
913
274
32
0
390
142
17037
80
3
4
19572
18
0
1165
52
860
0
100
0
0
0
26
0
32
1
0
735
82
438
37
0
3
0
0
0
81
16138
62
1657
67
0
10
130
51
472
2875
0
0
0
41
63
2
58
397
18
443
2
0
2774
0
0
0
367
82
1850
0
17
156
1621
5
19
240
0
40
731
0
88
53
3
1
1289
19
2
0
1991
5
0
0
494
1696
2
16
29
15981
21
0
0
0
1
0
67
4358
3
2972
29
121
1
0
21
0
6
1
19
540
12
0
0
7216
468
3
13
6822
21
46
0
0
0
492
122
0
0
0
241
10341
6012
44
0
0
5289
86
0
5
420
96
542
3
91
1132
183
63
0
87
125
5
108
9
1618
5
0
2431
0
0
0
683
17524
597
53
3
7
561
10
3
6072
75
17
18
14
8
1741
1
252
42
3335
16
0
107
74
14
112
6
33
0
0
55
0
0
169
1234
515
0
0
57
752
51
5
6
8
17
53
5227
27
241
4
34
2
139
40
1
2
50
627
11
128
85
41
977
29
0
314
48
7181
0
4
497
0
4
74
12
201
0
9343
16
2
320
12
6
105
236
33
35
554
15
3
1
9308
170
1
8
151
2286
440
595
1
8
497
12
6475
245
3
0
65
1289
2
0
39
1191
1
2024
309
30
322
48
4
6
10428
0
0
0
910
0
3391
284
440
595
1
8
73
18
853
1
1
0
34
813
0
2512
203
7999
4
13
4247
0
0
0
24162
7
1
21
30
0
0
0
0
0
11207
13
2
0
108
3357
3
973
389
430
24
2
11
15259
60
3
5
1138
68
35
9
142
429
1
0
0
47
15
4372
23
2034
2
0
91
8107
4
13
17057
458
3
0
53
1
42
8
1045
0
1
2
258
6
8
5
280
6774
45
1
0
0
2
0
856
14613
426
0
826
10
14281
5
183
0
40
0
5544
0
1
4
2
3
32
2
5
2
205
0
0
8
2
1
0
1106
7
0
0
39
0
621
1332
5357
2
5
7688
17
1
2
1
2
35
0
0
0
20
25
4
15349
2
0
1
8
30
0
1
87
1199
188
1921
0
0
7977
116
70
4
773
7
816
0
1
8347
462
31
3
0
0
1
592
1229
0
15
30
0
1
1
18
10
2
1
47
69
0
0
38204
0
168
6
3
52
2290
0
991
1065
381
2
7
1
100
0
0
1
0
14
65
82
0
134
0
22
0
1
529
0
29
452
12859
7020
21
10
3
0
8
5
1
0
13
0
66
105
4528
1
0
9
1
0
0
61
126
20
0
1015
24
0
7
0
0
8
13701
50
0
381
2
1448
30
3
0
10
144
1
38
3636
0
0
1396
1
218
122
2
0
2635
3
0
3
0
79
0
1
191
53
12936
0
28632
3
6
73
0
1
8
3
10
0
19
0
7556
257
236
6
0
1
1
0
3
71
4348
1
202
0
1
1
889
2
320
20
2
31
27
18
0
1051
4
5
0
0
0
0
13
0
1
1850
1736
4
3226
1
100
0
0
395
15
148
4
0
0
0
6204
56
490
226
0
77
82
0
0
0
0
16084
42
0
0
0
0
302
0
0
0
0
67
0
0
0
0
14
0
0
0
0
169
3864
2
0
0
203
3
0
4366
0
0
0
0
482
0
0
0
0
34
221
93
0
616
34
0
298
470
115
199
19
159
0
13080
130
13742
72
112
0
1229
103
882
760
1684
0
15
58
3
0
2
2
489
0
6
45
0
28
0
16
0
0
50
16
168
0
38
368
181
3221
57
368
4
5
0
0
0
1091
12574
2
0
267
1
0
0
1096
567
2
1504
19
8061
3390
13
179
19
1
11
53
185
2233
8
1258
0
2462
719
1
0
866
0
2
252
581
1368
1
0
73
0
3
3401
2695
3
281
0
2231
6607
1
34
0
0
6
638
4437
8
24
1
231
2
1
1020
34
3468
633
0
3
6
0
12917
2581
2
131
30
0
0
42
12
7659
2
0
83
714
144
3704
1646
83
0
1
169
0
0
2
12
3803
1
1
167
0
13714
3186
0
27
128
86
0
7
0
0
2
0
0
0
246
4253
8
264
3473
276
1880
19
148
2976
192
2
8
10
1
0
4175
3
7
35
1
1
0
0
10
2
8
0
31
6431
0
1
0
19
2
1
27393
11168
9
432
0
31
0
5641
186
4160
41
58
190
1
0
158
1
0
2
0
5
1
925
1
3835
12
25
0
3
32
3
0
42588
1
6698
14
177
0
0
124
2
1
36
84
54
0
11
0
1
3
1
12
1
2
162
0
0
202
0
0
3
0
1
50
198
232
1264
2051
128
4
0
2
128
0
1423
1
6211
87
1325
7
5
103
26
0
0
1
1
1
24
28
1
1
2
0
3
1
11547
879
2653
473
528
98
9638
302
139
0
0
22
0
9
0
4
133
105
9
10
1
53
0
0
0
1
0
10
0
356
4
0
412
1702
29631
572
102
26
1
2
5
79
1428
6
0
9
19
4
90
3
113
89
0
0
2
127
1384
3
3
5
223
114
2
11
5958
25274
87
62
446
353
209
28
242
2
3
36
126
1651
0
0
0
7
8
4
0
1
1
0
0
0
0
4
0
3
1748
2
38
347
4
1
140
3
471
14
2
0
0
77
0
35
1
21
0
126
347
23
2
1
1
2
2
6353
156
7
4
22
0
6420
1621
5
19
5410
1
1
95
0
0
0
2514
1215
1
0
0
0
39
0
0
1
0
7
24
28
0
0
3
0
0
1
0
0
0
2887
2282
3608
0
14008
2252
1
2
0
3
0
0
9
0
196
2188
1329
0
0
2
12
0
60
514
0
13
0
1
0
0
0
5104
202
3800
54
5
1716
1
320
157
3
4
43
0
2
2
0
35
3
78
1
5
27
4
4
1
1
2
0
253
14
0
0
0
10
13793
1014
67
2
4
1506
6
11
259
0
0
4
1
0
499
0
3
4
0
722
147
0
2
184
1034
0
5
0
111
0
4864
10594
2714
0
519
84
73
0
8
926
0
0
205
1
16
2
0
41
1384
0
0
0
3
849
0
0
0
0
7
2141
224
0
100
12410
1185
1256
0
84
1213
22
29
14
0
2825
171
38
9
24
30
247
0
0
0
0
2
0
6
62
11
0
1
4
0
1
4238
625
1614
15
18
4548
158
162
0
310
0
1
0
300
2
21
1402
358
0
0
94
0
6330
0
142
0
2
0
87
16
3
0
31119
0
1
352
0
0
0
730
7589
2
3
0
0
10
6658
0
7310
0
58
37
8
4
0
5
5
0
1
5
713
0
0
94
1769
378
211
1288
146
3084
2
2
15012
2
1
39
6
4695
0
25
1
1
1451
4
138
1
1
1
3961
0
1
100
30
0
6
0
38
54
4683
1
6
14
4
30
38
25037
359
3
650
13
3
744
1206
1
11
0
17
2743
0
8
0
1
0
182
77
6
0
0
19134
32
12
47
2738
1
0
0
17
1
6
131
0
5
10
0
0
3
0
8
10
0
2
17741
5
812
0
33
6356
42
601
37
119
718
5914
367
278
87
23398
28
1
27
1
275
0
2
45
39
0
379
2
3
0
0
0
0
140
29
880
12
3
0
15
8826
18424
5
6702
0
9000
2
24
0
20
70
72
10
0
2
1
1794
6
0
1
97
3
632
12
3
854
0
0
35
329
19
128
2
22851
12980
0
12897
11
0
5
42
18600
13
72
22
1
15
0
32
0
1
0
2
91
58
0
630
2
10832
5
684
12
0
23
1
4066
42
69
0
48
1
57
17
511
1
0
0
2
0
0
1490
1822
2
8309
0
3
306
5
0
0
49
7167
97
3
0
10052
0
46273
1
168
8
10564
3
2
0
2
0
879
0
2
15
682
4
0
0
1
1
316
0
1
0
19
97
0
0
2
32
0
5
30988
48
1910
41
83
18
2059
6
0
0
1
0
47
0
391
9
410
1
9
20
0
2
87
3
0
0
48
1252
0
13
17
1
4191
7713
0
14628
1
940
3
1992
0
0
0
26
0
87
3
28
217
2
2897
34
1
37
0
0
1
4
0
0
2
392
0
0
1060
2313
3
740
1
248
185
2
5
0
34
1
0
7729
0
79
88
16
1293
0
0
8
3
20
95
240
0
0
2
1
0
4
2095
216
2
4
0
13826
381
1
1
9
53
0
380
0
0
0
55
0
4
10
1
0
0
225
75
0
5303
45
139
9
0
3
4220
10632
0
2368
388
84
190
2
0
7
0
0
4
33
13
3
2
1
730
48
6
0
1445
1127
32
1161
0
0
47
0
0
0
218
179
27
386
24
0
2
110
0
12688
9
12
1
185
0
0
4
22
1
28
461
6
4
0
267
284
66
120
7
0
3
149
376
755
45
0
397
3
2
1
0
2
274
3
0
669
51
309
97
137
124
8
1
0
6
38
1
0
2325
6
1
27
1447
5
1890
312
7558
0
5
26
1
0
6
670
3829
18
24
2668
3
6
223
0
0
1096
357
2
4
2
186
4
7
0
1379
3606
1
0
2595
753
710
0
4
5
347
0
6
106
0
0
0
0
2846
31
804
1628
2
104
166
0
70
1228
121
0
22
0
881
0
1208
6
6944
2
41
2050
580
7
7
219
8
205
5
7
1
0
0
0
3512
54
33
0
12
0
3298
9
7
200
0
1
973
0
0
5
4769
304
8
2
0
0
1353
840
174
2
11
0
1516
3969
0
0
141
4787
55
0
136
97
866
1
3
3
221
1
0
0
1395
17
13080
3
11
64
0
26
0
7547
7
12
0
23
1
0
6
2
0
10
1
12
17
0
17
1
1004
15
3
26
0
277
7
0
994
35
0
279
1
3150
1
3
494
1
1786
69
2
0
0
49
10377
581
11
87
296
16
1
5
1
0
3
0
1322
28
1
3
13405
7575
12
21
69
0
0
5
6
0
9
4
0
874
0
510
1628
9
0
0
350
0
357
0
1
151
712
0
0
0
1
0
994
16
0
18280
2374
3
274
0
2
126
186
19450
59
1
5
4
0
740
1
10
3
21
2
6
0
0
7
0
166
3276
0
1
0
826
28
15250
5
255
47
1
0
9791
1
5
22
266
5
1
1
2
22
63
2
0
6829
25
0
0
1
0
1080
179
3
0
4238
59
561
4508
373
2
1
2574
0
0
1622
0
7
0
4
16
0
0
403
397
1
418
0
36
0
0
239
0
4
2
30
0
22031
4
8660
3580
62
97
0
95
664
0
1
0
0
2
11
57
0
1
1
1
0
668
2
72
67
0
0
0
0
224
0
1
4220
10632
0
340
24
1
1
1605
3
0
0
7525
170
0
6
58
0
1
0
0
231
379
346
766
2
1
0
5
3
530
0
0
38
7
25
261
9
142
0
26
2799
1
0
1850
6300
1577
1
0
1
1
0
105
0
5
2
15
2
83
0
31
0
1
0
11
5606
5
0
0
923
1381
309
11
4
617
0
38
28
42
7
102
1
0
990
0
1
0
10
26
57
1
0
5
840
0
416
0
49606
1
4
98
6509
15
0
12
7136
3
41
49
0
1
0
0
1844
56
562
0
0
0
3
113
71
18
0
0
177
0
0
47
13902
139
3081
106
1596
5718
2054
167
1
0
636
0
10
94
1
5
254
0
4
9
3
19
27
536
0
63
9
214
6
0
85
2
73
51
0
379
0
1510
76
333
1
0
0
0
25
4
10
0
4
0
4
10
3
26
2
618
0
0
1
328
187
1
15
1
16426
824
145
12
3
11512
6982
4
5
6
2
84
0
503
308
330
0
963
547
0
15
1
0
1
0
0
13180
186
0
0
120
187
5195
11896
68
169
21
1174
12
4
66
4
675
0
13
1
1
0
0
7
2
271
1
120
0
11
8
52
0
0
26
9
32
3
408
69
6
6
0
0
0
3595
10705
1858
35
50206
0
1602
185
0
5471
22
0
76
2
1
1
226
0
1
643
1
1
976
10
2742
26757
19
2610
5
0
14
7944
8
6534
1160
18
290
0
8
0
6406
3
0
248
477
11
11
1023
1
9
0
167
1505
0
1
5641
0
0
1558
1
22
0
1282
201
17
4247
170
680
53
0
1117
0
3
8
2
1387
743
1
0
0
13
685
0
4
1
27
1
18
1
9191
8
1
1603
8
3
128
1
0
18289
36
178
6
0
2
1
2
11903
775
17
2
40
6
242
137
20
522
96
0
13
22
9
71
0
1518
48
442
3
925
47
0
699
0
113
6664
3
151
0
0
6264
809
45
58
0
0
8
102
0
8
24
7
39
41
8
38
23
0
446
5
53
129
1769
0
138
0
0
0
16
1
170
0
0
23727
9
107
0
15
90
0
2
12
8
0
11
1787
1
147
0
13
0
63
0
664
0
124
4266
127
8
809
3986
4
11
5910
0
11
0
0
0
11
20
1353
1
0
2050
0
12
1000
6
7985
0
4621
7664
10
0
2
4433
0
0
1
0
16
0
0
4855
640
3
8
0
1
1
2
3
0
0
50223
88
212
0
6
9811
1104
1981
7
261
3
0
104
8423
8
0
982
81
5
0
16
445
124
0
33
0
0
145
0
0
8654
21
5
2
1
0
0
1
5104
34074
6
1302
4
448
1
5
160
0
1011
276
1
6022
140
1
0
12
553
42
0
65
5
2
4
0
0
0
0
315
0
1560
8099
53
30
22847
45
3
3
1
0
2
1
809
0
2812
1
106
1796
22
0
66
7
1
0
7
5
0
0
0
8
0
1
113
1908
6
43
59
22
1
0
184
341
0
8
0
1
240
1
1
531
2
114
0
77
1
57
2
42
5
0
341
0
0
104
0
4298
11936
28
6952
329
1
10124
1949
17
0
44
2567
10
26
0
0
17
0
10
0
14
0
0
4
1
0
3
941
36
0
17
164
5101
594
6938
1783
23
0
13
3
526
0
0
0
0
1
2
14
25329
1
1
14676
0
1299
0
0
26
2
3
1
0
3818
0
3
0
826
29
0
6
49
4052
0
1
2
12816
4
1022
8
2
0
2
694
0
0
1
0
0
3
104
180
0
8
10323
0
0
26
6
2022
16
1
0
1
0
348
0
0
853
1
7
505
16
218
1
1
2
9160
0
11
0
600
96
1782
0
0
29
0
0
510
18567
7033
1
53
0
43
482
0
0
0
121
531
327
9
14555
415
647
39
0
2
0
1
31
0
6
31
0
1
1
293
7
3
15938
77
5924
50
50
1
16
27
18384
1362
234
0
357
1
6
4
1
9099
6540
1
0
0
42
2
1
9
1
0
337
0
0
5
2227
713
206
1234
5234
0
19
9
1247
3
95
1
3
24
7
831
18
1
0
13568
9
38
216
14595
1
142
1
0
1
2
1
1
1908
12
0
1
1795
1366
50
2
345
222
65
0
12
399
6
1
14
0
0
0
3796
4262
27
0
419
0
14247
134
8
0
3
0
0
606
7
6
1
1
4817
585
3526
14
465
7
1
104
1
630
0
0
835
0
1
5
74
2
0
0
0
12
4
18
1
12
9612
8
11973
75
4
552
14
2
1
960
9
3
38
109
0
1
0
1
0
74
390
0
0
0
4
20
0
0
0
15
2
0
31810
0
1458
6
424
3
1020
0
6
24
5753
256
22
0
0
4
0
1
33
0
4238
2
163
2
1
0
1
68
0
1629
4
1
6
4
4063
23227
616
2
26
0
4
808
1
12
0
0
1
63
0
0
3
3
5819
18
123
0
2
1
167
5
5
1
12
0
37910
3
14
12
0
8676
24
13
1
0
1
25
0
1
0
137
0
1791
0
1
0
8
11
0
0
2666
0
15
0
3
2
236
12664
71
5
465
11
7
20673
2706
128
2
2
10055
1445
2
958
3
0
6
6
1
32
2
2450
1
1
14
1
2
225
22
4
0
39765
384
0
32
17
0
3
11
685
7
162
0
23
3804
1
3
0
917
111
1
20
125
1
1
1
1
189
3
1384
0
0
0
44763
759
5
0
15
7
5
0
748
0
31
1
27
0
166
1
2
25
0
0
0
74
1
0
0
0
5
0
32
1
49
5372
320
8628
43
1
3028
2
1
419
1
2945
73
1
28
0
0
0
0
2
1373
145
1
45
0
9632
20
17
2
6
1
22688
52
27
161
43
4269
0
0
929
0
1467
5828
0
9324
27
49
1
9
1
0
0
0
178
16
0
0
12
8
0
0
0
258
2694
374
4
0
826
4284
5447
6922
3
0
0
17
4623
2363
170
244
11
1
6
1
1
5
1
0
0
213
216
17
9
38
0
0
68
2
65
638
110
96
956
3
1
11
2065
27
3
2
1
0
0
12327
5060
16
5
0
1
20
65
0
30
3
75
48
12
6668
21
1
9
320
1411
15
27
1
39
90
1
2278
4
4
21
20067
1702
10
0
371
1
0
9
1
3641
1
564
83
31
8
0
25
2
1
53
35885
84
13044
7766
2
1
0
11
168
0
0
27
4
16
1240
1657
327
1
1378
0
1
32
0
2
0
92
2443
15
168
0
2223
1
14345
16
3672
8
2
19
19
12030
1
406
3
1
92
0
217
231
1338
0
0
0
398
0
66
0
0
58
0
0
3
43
0
57
6805
1
2069
0
226
0
158
509
11
1
0
1658
4
0
1
3
38
0
1
16299
2769
0
2
1
1
0
1034
28
3499
82
20
0
230
2
2
849
75
0
16
302
143
0
56
751
68
7
1
1
181
0
1
1233
7
1
2311
5
0
0
0
0
0
0
8
13
12859
25
144
4
0
2
83
0
61
8
1
54
40
0
0
2496
91
0
3
0
1420
890
1
2
1
274
153
0
0
4
0
662
6
36
6
74
7
8924
11476
405
0
2
0
1
1
878
13
75
3
4042
2
5
646
1
0
0
40
3
10
1
3240
36
0
0
15663
183
104
1175
40
0
8085
231
167
9
0
29
0
68
3
1
7
6
4
10
183
3
6
0
1
0
22
10
0
0
0
27
4298
11101
6454
6
0
7
554
10
23
0
13
577
54
1
5
14
3198
155
7
1
1
0
226
829
5
0
343
122
4
131
23
0
20105
16
98
5763
0
2
2465
250
20
81
2
12
1
4
1
920
3
0
56
0
2
2
2
104
585
13
2
1
0
3
175
5
5088
389
1
31
101
4
0
714
5137
307
12
46
15350
0
12276
0
9
1
4
724
0
2
0
0
2445
1932
2
0
0
94
1081
12
12859
15
37
124
0
1
3
136
801
0
0
3
606
0
35
2
1
0
1
1596
381
0
231
148
0
2
0
2
21
1
67
400
3484
2852
6284
2
76
1
0
2
1
1
1
0
26
252
4
2
0
122
1
0
0
1
9
216
1
0
0
45
1
1
0
380
218
25961
4
0
208
584
443
29
5
0
0
473
1
218
1
0
4
83
0
89
14
16
0
0
2
6982
25
25
0
30
113
16
8318
6115
277
623
0
300
80
158
15
2
0
383
22
125
16
2
1
0
3
0
0
8
10
0
0
13
34
19
196
1
1
94
4578
181
0
2
498
512
0
0
20411
574
52
0
0
0
14
2
0
1
0
6
0
3
4
60
0
4
0
5
1
0
1
0
412
6101
59
24
853
59
108
0
3
1
366
0
652
0
10
85
0
1
1
1
68
26
359
1
42
1230
0
0
0
228
2
1
2691
4
480
35
8558
29
791
4
0
8
0
793
13
6
0
4
3
1
2
5
112
19
3
14
0
0
122
2
6386
8
3
746
77
19
28401
9291
0
3
2
5
0
27
71
480
19
11
2
0
0
1
0
1
0
491
1
127
29
0
381
4113
8
0
30
1075
15327
13
15732
13
292
3777
36
0
0
81
14
0
1
267
0
13
0
18
74
0
0
736
2
422
1
0
15
2709
163
0
8
2
22953
0
837
12841
6
6
0
12
1
6
0
0
9
0
20
8
0
85
382
0
0
1
0
0
130
0
21
0
51
0
0
221
3164
4
7
29
9232
1521
0
23
1
1
10
596
3
4
203
61
2367
0
1
44
382
12
0
6
17
32
2
0
0
180
0
772
12859
146
376
757
0
3
2965
1
182
205
6
1
1
1
0
45
78
839
74
110
438
3
5
0
0
138
6141
1383
1
309
0
1041
12859
15
4538
26
2
0
2709
6
241
503
72
0
0
0
0
0
139
7
0
87
252
13
3
6
53
0
0
0
0
0
0
13
2398
25616
8387
0
123
6525
2219
0
0
39
118
198
544
770
10
177
31
1
6
4
0
0
1
0
5
0
2
15
22
0
0
4
0
3655
2628
14291
0
1
0
559
0
399
3
0
0
0
511
0
504
0
0
0
2
0
84
1
0
0
1
0
26
234
0
0
2260
2007
2216
183
131
1
0
37
0
120
56
0
0
1
0
19
17
52
0
2
0
0
0
0
34
35
33
125
3
3
7
13
14837
6992
0
1164
57
11
134
117
0
0
12
0
7
1
0
0
0
0
0
0
19
9003
0
0
1
0
23
18
102
0
0
0
2466
2385
12
348
102
1
0
23
0
2067
432
1
0
0
1
0
361
47
93
0
0
1
0
56
0
32
0
0
0
0
0
4
18496
16
230
71
235
472
1561
3443
0
1738
17
1
955
14
2
0
14
0
147
66
2139
7
0
1
0
1149
1
0
0
1
0
92
6749
10
12128
0
1299
110
336
3084
1
0
9
0
397
15
18
1
0
0
1
0
606
0
0
0
1
220
2286
0
0
0
7
67
6026
49
11263
0
1095
61
1335
1847
1
0
0
0
0
10
29
250
259
5
0
1
0
71
0
2
0
0
0
0
653
1
0
0
0
2887
741
22
53
3
8436
23
452
15
17
0
205
43
7909
9
218
208
2
4
59
2
0
0
0
2726
0
0
0
0
0
0
54
1996
703
1
6
21109
197
0
1
60
0
0
0
884
0
0
0
0
563
183
23
12
0
402
1548
0
2
0
0
0
16
2
3983
5121
59
298
89
0
0
122
27225
1423
0
95
5
0
2434
11
0
0
28
81
2
0
118
1045
0
61
0
21
1353
6
0
11
16546
5
943
284
16
0
1423
877
2
30
1804
2
0
112
5
279
9
165
126
738
0
18
17
1
0
12
9
26
10
0
13659
23
390
142
1263
2
37
1
1
0
10
5167
0
0
499
0
2505
12
63
3
1
0
47
6
3
4279
881
0
0
2
183
30
15
6
12859
43
702
316
3002
25
0
5
14
177
290
13
0
0
25
1
2107
0
2665
5
0
3
1
2819
2
7
3
42
0
1
0
0
4220
433
1957
3
199
0
4
0
3
3
1241
919
4
3
157
36
1
0
0
45
0
1
0
11
0
3095
10
410
0
26
24
12
1753
3187
257
103
335
0
0
4
3097
3
14
4
0
0
0
3
2
13
1867
0
8
3
77
1
2
0
2
4
5
0
18
0
47
22
799
798
9
69
18
172
49583
17118
3729
27
0
0
19
3
1
0
146
12537
4
94
0
586
4600
15
0
1
1
0
2
0
20675
6805
247
2576
53
0
0
22
1
0
1
91
5555
6
194
2
3822
15
0
0
1
149
75
5
128
1
0
87
1
3
0
0
5841
0
9
0
54
287
776
5
834
115
10
2299
65
684
6529
58
0
1
1422
1
223
104
80
26
81
348
20
13
51
2
0
1
283
0
0
1047
7637
3
124
5361
0
2
0
211
0
1494
1626
4
0
1
0
0
3561
338
3
6
72
270
130
1
0
0
476
36
132
8799
58
424
1
6
249
58
80
0
0
725
10
31
1
1
3120
1097
1
27
0
41
12
48
645
11
3
6
0
1408
2
411
14024
495
1819
634
522
0
95
1
0
2
0
1
0
0
1
693
1
202
0
0
12
0
3701
2207
17
1
0
0
950
809
2
0
163
846
80
2
0
0
0
0
2168
59
327
1
37
0
0
18
0
2
55
0
106
3
7
1
474
1
2
0
1
139
530
1616
1887
40
1449
5567
9
0
292
0
3
2302
16
1
3145
0
0
0
42
158
0
0
781
0
1688
88
5080
6
0
2
164
12
2
188
6702
0
3756
0
0
25
4177
0
0
0
1040
1
1
41
0
60
1
0
8053
6
4
0
0
3
0
0
0
0
3
1
1
466
10415
46
0
12144
2925
1
42
4
504
22
69
4
1
10
33
67
4
10
0
0
0
1
1
0
0
1
0
567
0
0
23
859
5104
15633
79
3710
1459
2
27
2
0
0
31
30
1
41
16
0
14
0
372
1
7
1805
1
41
1
44
1
0
1
1270
0
8
41033
11
0
3
20
112
12
261
16
1
0
9443
131
0
26
0
1
0
2
0
1124
345
2
0
23
17
34
3
20
0
33
0
22857
180
2860
895
116
6671
21
2
3076
0
62
109
0
0
6
0
163
0
1
0
10
1
0
96
205
10
0
8
0
3
20
8
185
2233
533
1993
4
0
10
0
582
1
1450
4
50
12
1
65
0
0
0
18
0
0
262
188
593
320
3
1989
1
1
0
0
1573
5
0
11
507
1465
0
858
0
0
9838
1
37
9
0
1
0
36
0
0
111
1772
0
153
9
1
0
1
0
55
122
0
190
28760
43
764
551
2123
4
634
4
0
1
1
15
0
0
99
1408
18
0
0
0
1439
46
4
1
10
775
0
3
0
173
5
578
2010
9
31
31536
25
0
4
1637
2
0
3
378
5
1110
196
27
0
27
42
4
0
1
0
37
1
0
95
3636
22
0
90
14095
340
656
923
119
635
3
70
353
1
746
6
1283
25
136
0
43
0
0
1
0
29
1
0
79
373
20
204
6467
1
0
0
351
15550
3
2
0
111
0
0
316
206
137
7
164
6
19
3094
0
4
14
0
0
82
977
1047
11
112
1
0
25
1782
1
0
21236
12
223
5504
3
3
22
0
0
120
16704
5
3357
11
22
6
3
14
42
639
0
57
0
0
536
27394
3126
0
92
1
2
0
4837
1
10
0
1088
116
10
214
1286
15
0
80
605
0
0
6
0
22
1065
4
199
1219
0
5
0
7
178
42
0
23
0
0
20
703
1
1
1061
7
0
7873
9
132
674
18
2
1630
63
4
0
10
30
56
72
5
4
740
40
289
0
0
1
1
113
0
11824
0
2
4688
8
0
97
263
849
0
34
2
12
0
2664
1
0
2
1
62
57
437
4
0
800
44
37
0
0
0
5
0
25832
0
1
22
3642
73
0
59
35
773
1
1
84
605
0
150
68
0
33
0
372
5
4
0
1
32
1
0
0
1
4
0
23104
22
2436
1867
600
8
955
5
31
8
12
3
0
0
1618
327
3
7
0
12
0
871
393
10
16
0
1
54
1
0
84
273
30
2
4059
2
197
2006
627
10
341
0
0
346
244
8
0
279
0
81
1
20
2
0
88
237
28
0
2459
8
1
0
0
4
2485
1662
339
1023
0
0
4
127
0
0
8
0
0
0
491
33
292
1
49
0
44
1
2
80
5835
742
17
0
0
0
70
0
39207
1
7216
2
1274
1707
0
0
24
500
1
0
11
0
0
331
4
1
442
279
0
3
294
302
12
0
94
0
0
0
157
0
14775
11231
6
2403
0
14600
9
11
9
3
0
44
0
68
0
12505
1
0
0
271
16
289
7
126
0
0
12
0
393
0
0
704
1621
5
19
16838
11
0
1940
51
0
0
19744
0
0
97
1191
70
19
6
8
101
52
2
72
2
129
0
106
1
112
0
93
52
1009
308
2
63
0
125
1
0
0
2597
7650
7
0
0
1409
1660
3
2
1985
1
0
0
28
10
18
0
37
1
0
131
0
0
48
7
1037
318
0
336
354
0
16806
10
0
9285
305
0
52
1
1
0
0
0
1718
1
107
86
53
1
0
0
0
8062
7
329
48
1299
16
6
5
7
490
0
6
4
77
457
0
62
1
9
0
0
0
192
95
11
0
1
0
139
0
1
821
0
645
0
48
11426
1
848
732
0
79
0
132
6
0
95
32
2
21
0
11
505
126
0
2
0
0
0
174
0
416
0
35
3
118
0
8025
37
25
33
14
1
1
1
1097
2
0
5217
0
2
3663
5
1
0
649
0
0
304
8
0
1072
1440
0
0
2275
2491
104
37
55
6
4
793
3830
15291
0
113
5728
357
10
1741
0
0
0
0
27
902
0
42
13
0
0
648
0
0
1
2
0
0
187
0
28
23968
28331
20098
0
399
383
0
9
674
4
100
5
20
0
0
0
0
2598
48
8562
0
8
4
5
17
39
0
5
1
5
0
12480
21
10
2
1
1
0
5
45
15137
0
687
7156
0
342
6
0
3
5
0
10
1
24
0
2
98
1
6
2065
484
744
4
0
1940
2927
3
2431
17
83
0
0
750
204
0
0
0
1
0
0
556
22
0
0
0
0
0
0
221
72
0
837
2
12
2
13772
320
0
7
0
8628
0
617
6218
15
2816
225
0
0
2
1
7
0
2
383
198
0
0
0
47
0
6
9
0
1
0
0
1377
87
5611
163
2720
0
151
3170
0
1586
0
0
2
6
14
1
5
5
0
0
3
400
0
11
916
2
0
0
0
77
0
27
26757
18
6060
45
3
0
10911
0
321
170
65
3445
0
2
4
1
8
8
0
3
2547
0
2557
2524
0
0
0
131
0
54
1
0
0
1940
4420
2
7
2597
8
171
0
0
640
374
0
23
1
28
0
0
426
115
0
1
1
37
2577
3
0
0
132
209
0
2097
6136
2
5
3
14725
0
424
202
32
2897
9
0
1
0
1
504
0
0
0
0
0
0
0
58
0
0
1
26
5545
109
10
2
5104
0
333
4701
4
1897
311
15
5863
46
13
1
0
0
1
344
0
0
1
0
0
0
12
0
0
0
0
10
0
282
11
0
13095
11
1
11
6
4
25
10
3
3
5
6
1
5
2
1
5
1
11486
0
504
757
72
72
2026
110
0
0
1
3
0
0
8102
15
12621
0
234
7241
11
829
9
0
5
6
0
10
1
19
0
1
77
0
1700
11
0
0
0
0
60
0
37
0
0
0
0
1940
3187
5
1881
0
88
634
2082
0
4
0
2334
1
0
1
6
0
0
0
888
249
0
0
1
0
2
0
146
256
0
87
13161
81
1
4
0
13
7
2
4980
0
626
3101
6
456
5
1
111
1
6
3
2
0
51
5
0
0
270
39
1
23
325
1
75
0
111
656
139
0
1
256
9
1
0
0
34
2
2
0
7
0
3990
25
0
2
0
0
0
9
1
2
0
72
0
2391
839
57
0
1
90
34
0
2
545
3
0
0
27
0
0
1
3
0
1
0
386
63
415
0
0
0
0
22
0
0
1
2
1035
418
0
0
135
0
6
0
11
0
0
0
10
0
15
2
0
0
0
0
1
35
41
1
0
0
1
987
1
0
0
1
1612
11
0
0
0
0
0
50
1474
0
523
0
81
0
141
0
213
0
0
0
1
24
0
0
0
0
14
1415
6
1
0
0
1612
11
0
0
0
38
1227
0
4973
9514
94
49
0
0
1
61
0
0
0
0
1
3
39
1
218
0
740
0
1
17
4014
3
3912
25882
96
1
120
786
27
2338
14
0
31677
311
2779
70
9
0
2
953
0
1
2124
0
0
0
1
0
1
263
1
0
2066
2
29009
6
86
2097
4
3307
1
0
2
0
1
537
2
0
0
337
0
0
1
3
16
0
3
2
0
46
2
0
1
27
1031
0
12859
2341
28
3
12
1
411
1
1
15
4621
8146
15
28
3507
0
0
0
3
41
0
3
0
0
246
7
0
1
332
0
8
0
114
1146
2478
1
6
32
1570
213
0
0
179
802
2
921
6
4
15
0
0
0
1
5387
315
27
1935
2534
0
0
1
5872
0
2663
0
992
5906
42
7
865
58
7
1971
1
373
3
4
35
0
29
125
1
543
0
68
0
2
1475
26
1926
0
171
0
1
1710
90
3184
47594
116
899
1
1
9302
7
3409
17
3
0
42
194
0
4
0
25
27603
2846
14488
0
46
3
126
361
0
2
157
3
104
0
13477
4
3
5
0
125
7093
10560
14047
9
31
43
164
224
0
5
61
1
0
1
7
21
0
1
0
0
0
0
0
0
0
16
73
0
122
649
3127
10469
8
39
41
114
198
0
5
2114
2
116
1
0
1
351
107
4
1
4739
0
65
0
1
2525
1
0
0
10550
39
973
3
305
8455
9
3429
17
2
0
34
172
0
5
0
410
0
0
81
5
4141
2241
3651
0
8
3
10
1
133
14
25
5104
5
5581
2
12
26
6
6148
0
0
0
8
60
0
5
0
1
62
0
2
8
7
0
78
648
90
9
494
4
421
882
1401
3566
583
0
21176
5655
6
4552
1
6
1184
32
0
0
0
269
37
8
2280
1
10
89
33
0
28
3
0
2
8
20
2
3
7
12859
1542
41
26
1631
0
3
0
0
1
1088
42
1
1
31
4
0
1
4
0
0
2
0
10
2
10
0
4
0
1
1
6
7735
0
240
0
0
0
31
0
0
204
5
0
1282
17
2
67
0
2
35
3158
229
0
118
0
15
15
0
1
0
28
12
0
2095
5
0
50
0
3
8
192
7
0
0
39
161
0
4661
527
4
0
0
0
2
2
10
1
0
2
1
0
2514
5942
4
0
0
834
122
1
8
0
825
84
11
25
6
0
1900
746
15086
18
36
4928
257
0
0
0
102
370
5
6
133
13291
7
5
0
2
11112
34656
157
0
6777
55
5
15562
47
0
0
0
0
79
1357
1
0
0
0
64
0
0
1
751
7
2495
0
19
0
95
374
20
11451
3407
924
0
0
4
5
124
1337
0
3
33
338
6
1467
8107
2
23
217
10
0
38
0
0
0
32
0
1437
0
0
111
16
6
36
3160
0
9799
3
34
2
299
0
17
0
0
9
1
16
283
1157
0
21
0
72
0
1
60
1830
3
1619
0
0
445
5
2095
0
34
0
2
19
59
0
21
483
14
15
14
7
0
4
135
905
91
217
1363
0
4
323
5
28
86
1
0
8
0
3
9695
88
1
0
9
22
0
0
343
45
0
0
32
2440
6
101
1
0
0
0
0
24
137
0
608
10
0
10869
140
31
1
0
87
2111
1980
3
552
1
2
0
0
715
1252
2
342
167
4
0
116
0
1606
0
20
1
0
28
1
40
309
0
0
2
187
1
32054
7
3453
1
0
338
39
70
0
0
0
0
19
64
5
6
0
0
2
258
724
4
0
0
0
28
0
494
0
7
1
0
0
826
37
26
122
7
0
214
5
294
1
0
1448
4369
17474
177
499
31
228
0
107
0
5781
0
0
1197
13
2
1
0
81
23
2397
8
0
16
1
1
0
2565
109
380
734
0
0
688
1186
0
8
4
0
7138
8
140
20
0
13
0
1
2
2
0
69
0
2028
30155
134
11
2121
8
7671
514
401
71
115
1
2
5
1
19
355
4
2
2
2
0
51
36
19
0
0
0
19
472
1
5
5532
16
2649
1831
0
37
41
1
22
71
6
25
2
119
6
0
1
0
1
0
0
0
0
18
0
5
288
1
0
0
0
0
38
974
47
3678
2
2903
48
5
2
121
8
0
5
584
0
3
7
0
239
0
1
59
1
8
0
0
0
55
14
4
391
213
16
8284
165
39
10
759
37
0
37
12
14
599
1
6
2755
0
0
10
49
0
1
681
0
12610
109
32
0
717
919
5
6
750
314
310
12084
175
2
7
123
4
671
26
89
1
3
1
0
29
5328
2
443
0
0
0
0
1253
110
5
0
238
99
0
793
0
994
260
526
2
1
23
1115
1
0
0
1
2
96
4
229
0
1
0
2
0
44
0
0
0
4
1
80
2
1
0
0
1
274
1382
14
0
9011
323
26
1
0
4
0
4
2
5
0
0
1
1112
0
714
194
508
3
0
65
0
0
0
1
0
25
1
7095
291
22
11
0
1
1
0
13409
20
0
0
0
0
44
406
4
2
117
0
1
21
536
291
1
0
0
0
531
22
12
0
12859
43
10
63
1
0
9
3
2583
0
17
0
62
0
2
44
2
1
11
2
0
15
10
0
6
7
327
0
1
0
3
39
38
974
47
1080
3
4
0
250
1
1
24
0
9
6
0
1470
65
17
513
29
0
9059
105
796
1
1
49
276
10
1
0
1
509
3216
1773
5
74
349
0
137
46
6
14
4
0
1553
15
532
2
0
0
4
6339
5
80
0
270
4
0
0
0
0
40
94
11
5229
7
48
8212
6
0
1
7
0
8
0
49
62
4
0
1
231
1
1013
72
2
46
14
13955
68
0
75
12179
0
1
69
2938
788
52
2
20
10304
1
97
835
27
0
0
0
0
0
12
0
0
39
118
32
0
9
16
0
7925
0
1
499
4
0
3
4298
298
5409
15
29
4
0
81
0
1
6982
0
3
17553
4947
106
0
151
0
655
5
250
0
0
7
3
0
1
57
0
68
0
18725
4
4
12
0
0
0
2
14
2
46
28
17
209
99
14
0
0
6
3
1
693
5
7
0
1
294
0
7
1
0
9
603
5931
2
30
10
0
32
1
28
0
0
0
1214
11
1
609
1
521
1
1
3
0
0
34
1
0
0
2
7762
11
13
1539
6019
198
16
0
0
3605
31
1
1334
70
0
14
24
1
18
5
0
155
7705
0
2
213
0
152
11
32
0
64
0
0
1
408
320
100
125
2
501
6583
36
18
166
1
1
0
0
1
3
14
318
2
0
858
216
0
0
3
0
66
1
2
3102
0
0
1
11451
0
172
316
6
11
10
4
90
0
0
3
6
23
1
2
7
52
0
3
52
0
0
1
2
0
0
0
19
21
0
1
12431
209
4
11
18
15
81
5
114
6
4
0
7
701
0
142
0
1
20
3
157
1
0
26
1
21
8950
4602
983
1
52
1
1243
251
7
2
4
11
0
26
2
0
0
515
0
0
114
1
0
3
75
0
382
0
1
13
10
0
2
4
9
39
0
9423
2084
68
1730
3118
2
6586
5
30
10
1
0
1
0
29
0
0
0
1
0
0
403
1
0
1
9
11
0
294
3
0
1
0
16851
16
1718
13
0
4
0
15
587
11
7
0
19
245
2052
0
9
8
2
108
62
0
3610
25894
2
1
0
2
1
44
1
5
1243
28
101
3
229
67
0
67
610
29
5
6
14
0
110
10
4
59
0
214
9
0
0
54
0
1
182
0
0
0
12689
40
13600
31
4113
382
0
1
0
511
21
2144
86
0
1
1
0
3
0
3341
2
13
31
1
14
29
14
0
2
18
0
16
0
1
16199
2513
14
1
93
62
19
6
655
28
1
14338
6
142
656
0
1
0
0
10
0
1
1
0
0
1051
10
0
96
0
0
3546
29009
1
103
38
135
99
0
6
1
3
12
270
167
0
371
0
0
141
1
80
0
4
176
0
170
71
0
0
151
11
0
0
8993
0
4
6
1076
14
15
8
6
81
318
0
0
0
0
5432
17465
1
17
1
0
170
0
0
2369
17
608
2
0
2
0
366
6
36
2110
0
17
1
0
2
88
2
289
29
0
0
0
16
6
0
3
2
1
3
5
2
0
1717
1
4
9
6
62
7
15324
18
242
83
1
34
1
0
3
676
107
1
48
0
0
111
0
0
5386
886
0
1
4356
2
18
218
0
3853
2
0
2
88
8631
4
97
14
82
0
19
74
6
490
7
3
190
6
244
0
1
3300
0
139
6
15
0
1
0
1
1
7
0
8
0
0
11819
2054
1895
1
8
70
0
5
2
3
9327
0
0
0
2
49
0
694
1
2
9
1
3
1496
1
4
0
189
2
0
8
12
320
337
0
0
2
0
25
2597
0
7
12
0
2
0
32
2
131
0
0
5
225
23
0
1
0
538
0
1
2
0
143
1
3035
51
21
2
0
30
314
0
1
22
4
0
0
3
0
16819
95
7
1
2
17
13
0
1357
12
47
0
159
0
2
20
5
2095
394
7989
1602
1
316
0
0
0
1
1
38
0
8
333
0
0
10
1
5
0
3
42
0
0
7
0
22
1
3
0
1
17251
12
41
2648
392
2
1
0
14
0
2
10851
303
494
0
2
4
112
2
0
1
141
0
1119
0
0
1
0
0
3
0
376
8411
13
385
19
273
0
46
0
3
7
9114
433
39
0
1
8
0
2
1
0
3
0
14
1
1
3
30
66
0
0
0
0
0
826
921
126
72
1512
3
126
2
1
299
0
0
1
5
7616
56
53
0
0
1715
56
1
0
0
1
6
0
0
5
0
0
994
1
0
342
6
0
6
28
60
0
24
0
0
3
9255
270
77
0
21
70
1
21
0
2
37
0
2066
8
1
809
0
0
320
2850
0
3
8
162
0
1
2
2
8
3
8
0
0
6921
60
739
0
0
3
1
34
66
64
69
1561
3
0
0
0
1
147
0
20
289
15
4
8
16
0
46
118
0
14
0
0
0
0
0
0
0
0
11
0
24
0
29
0
9
0
1
1
0
34768
1804
372
6
626
759
17
2
86
0
4565
111
0
411
7015
0
0
16
33
0
0
143
77
61
0
5
0
1798
1
10
3
8
320
14
3
7
64
163
114
6710
115
88
2144
7
0
105
0
2
4
0
0
1
3
0
2
7
17
0
195
16
13
6
5
0
43728
1016
27
0
0
0
0
1
0
24
2
451
2465
14
486
3
0
6676
11
1
0
0
694
27
13
1
22
0
0
3
0
0
47
6
40
2
10
3
34
78
13
1317
249
5
0
23
303
1896
22
121
8
0
0
0
2671
16
21
4
0
4
2
1
0
0
509
9678
31
0
2546
5
1
7
0
108
0
1
5
0
158
9
96
66
0
1
0
0
4
0
117
301
1
127
2
0
61
0
9821
91
0
137
2
449
1262
145
1
3672
105
11
0
5284
3
1
40
343
0
0
0
114
560
8
4257
4
0
4
0
0
2
1
1753
3
14
10
0
8
13
2
56
0
79
0
35
19
4
0
4
2
0
0
412
0
2
6
1
1
1
0
3
0
267
0
4327
3
2
17
1133
6
5685
2
12
25
1
7
1
6
0
0
0
1
0
0
0
0
0
0
3
2
1
8
79
17
23
499
6
110
20
0
1570
120
3
259
1
8
20
101
2
0
0
2
0
0
79
0
0
18
0
3
304
1
2
0
116
27
0
0
33243
22
0
27
17
3
3
465
6122
0
0
0
81
0
6
9
1
1
409
460
14
1
19
11
1
11
32
48
0
0
1
4
147
17513
11
4
4
2
1
19
0
0
0
12
30
19
0
185
5
104
3
1
326
2
0
0
3
31
109
1042
1
0
743
2
24788
18
266
0
7
2825
5
0
399
7
1
10152
20
35
7
1
1
0
5
73
0
0
0
0
231
0
18
989
9
0
29
530
11
1136
694
13
1
36
98
160
5
18
0
1
0
0
7
51
0
1994
21
4
0
593
2
0
0
7
0
0
4
0
2
0
38
17
4
401
8457
17
204
16
7
5
0
0
0
660
0
6
0
2
2
4
89
115
0
0
0
1340
0
0
3
11
0
1
19086
18
10
0
56
1111
0
0
8
150
19
0
0
1
8
36
0
1
74
1
0
2
115
0
2
0
0
0
5
36
7
3
4311
217
7
83
0
107
1
0
21148
4
32
0
9
9
5
0
1
0
5316
24
0
0
0
1
10
3
1
4
746
0
0
9
6
0
0
7
52
0
0
1604
0
0
0
0
791
35
4
0
14638
15
160
82
0
12
60
0
0
26
0
90
60
0
7
14
17251
5
36
463
168
1169
13
29
0
0
3
13
0
3
1
1
0
80
2
0
825
2
542
0
0
5
5
88
2
0
129
2
44098
10
0
4553
822
334
338
0
17
28
0
0
1
57
7
2
14
0
28
14
1
0
1948
71
7
5
1
24
646
0
6
81
320
12851
5
373
1440
0
13
45
1
6452
14
36
186
3
399
0
0
159
5
1
7
0
1
4
22
3
0
2
1
14
8
32
27828
5
463
3039
0
12149
23351
165
2457
0
2
0
0
97
789
1
0
0
199
63
0
53
0
0
36
50
1
1
14
2
18
9
320
0
309
459
0
0
0
0
241
16
0
1
12
32
2
3
1
2
27
25
15
0
27
0
1
1
0
0
0
1
6
0
621
5308
481
3
4
859
38
5
11366
181
1
19
0
66
17
509
383
0
7
0
23
0
0
2
12886
1
1747
1
0
2
0
0
621
16958
2
16866
0
30
6
0
0
0
82
0
0
86
47
0
0
53
4
13446
250
0
0
0
3
0
686
0
3
0
0
22
33906
0
20
0
0
17831
709
0
2041
15
1
1
2250
11
23
17
2
8
0
0
0
0
2351
0
1
0
29
2
2
0
1
0
13405
0
17757
951
211
5
0
0
0
9109
0
787
12
0
140
0
4
0
0
0
0
0
1
36
0
1262
14
1
28
3
0
57
98
13
11
0
108
8
2
768
27
0
1
392
0
0
2453
1
0
4
3
0
5
0
0
3
20
7
6
0
14
0
2
0
5639
11889
3
2
41
466
1
1120
0
10
149
1
1
57
8
60
11
1
8719
3
13
0
0
1
192
9
38
1
10
0
0
0
0
4135
15008
27
0
5916
67
43
7
256
0
126
287
3
53
1
0
0
272
0
0
14756
219
0
0
1
0
0
18
0
0
0
274
1
1355
0
0
0
38
0
6
0
35
2
69
0
9
117
0
2
0
4
120
0
10
0
15
13
0
149
0
0
100
114
38
7
6334
0
3
145
1
24
38
0
0
0
34
0
455
532
0
0
1499
8
19
4
0
5
11
36
12
111
0
2
1
29
11233
0
297
0
5704
73
255
0
15
37
4
0
45
0
778
1
55
4
193
1
139
0
0
91
1
1
0
722
152
1
1
29
13601
4
66
0
278
164
0
0
297
0
4
0
5949
7
551
0
39
0
2833
2
0
10
8
0
11
0
0
13
1435
22
2
47
160
3
1391
23
6135
5101
234
22
1
2
9
61
66
54
84
10
58
1
10
4
0
11
2
14
220
188
2
1
360
0
1
398
11
6477
0
0
1372
31
11
20
55
0
9
24
2
4
2
137
26
14
0
20
1
0
1
9143
28
3
0
0
0
0
0
24
10702
1831
23
71
27
0
20
7
11
0
17
1
1
18
0
8
147
681
303
0
11
413
0
0
41
1
10789
479
2687
0
14
1
11734
52
4013
1
9
12
14
0
0
11048
72
14
0
4
1
3
0
21
1
51
3
2
0
4
0
10
5304
0
329
103
31
0
43
6
61
2
12
0
0
0
4
0
5939
94
1385
64
0
1
65
0
1
3
147
0
5
30
2
0
3
2
1
0
0
0
68
4
13
407
1
0
3
48
6
0
1
5
4992
554
117
0
205
1
0
3
8
0
5
0
1
0
4
1
0
0
4
0
1666
3
12
417
6
3
4
8
104
196
1090
7
105
214
0
5
0
1
4
0
0
2
0
0
0
6
1
3
0
6
1
5
11
743
5
109
1
8
9
193
2411
2
6
0
52
9
10001
66
38
0
4
0
15
16
0
0
0
2
1
40
1
0
0
15
24471
0
5
1
30
1
103
2
6
1
12
0
0
0
2845
15
36
0
16
1
1
5
0
5
0
0
0
0
1
8
0
10
6130
21
10575
2399
11
1
51
12
7
1
2
1
0
2264
1
43
0
78
8
8
21
0
2
29
55
0
0
10
3
0
1
9
553
9
2
13
0
0
0
50
1300
6424
16
29
25
897
2876
0
0
181
379
19
23
18
20
0
629
485
23
1
0
3
5
5
11896
0
204
19
19
42
2
1
0
0
2
17
222
1
0
0
5216
474
0
0
2
2
23
4
1
0
0
32
0
1
0
292
29009
5340
2049
0
97
15
0
0
38
20
50
0
4
3
1
11
0
0
2
4
75
12
0
53
1
0
2
1
0
0
47
0
3484
0
262
0
1931
60
29
50
1
2
974
1
20
185
20
22
0
1
10
6
2
955
0
6
8
27
0
9
0
171
935
0
147
3461
31
371
4005
5
0
660
1
9
1
15
3
127
5215
47
13
0
2
1
0
5
1
0
87
0
85
14
19
0
0
0
14
1000
11913
2
447
3
0
11
2
0
9
1
18
1
0
0
228
0
41
102
0
0
2
607
4
0
98
7
1789
0
1
24
20938
3
37
0
2270
18
0
5
2
0
0
1
16
1
10
1
5
2
21
0
20
4
0
11
12
1
1
0
6
0
2
0
3035
14
23
13
9
1
0
0
2
0
0
264
0
0
511
27
6
11
0
1
185
0
0
69
4
0
0
0
0
2
0
1
15747
0
12
4
11
4
1
160
8
0
527
34
0
0
0
0
595
2
0
28
9
18
0
445
0
14
197
0
3
6
855
4
100
310
23
166
183
0
4
13985
732
0
0
0
0
0
18
0
0
0
0
0
4
0
23
130
0
4
4
12
7
67
0
14
4151
1768
5546
6042
6248
6363
6424
6459
6476
6489
6487
6469
6442
6422
6404
6394
6365
6343
6330
6312
6305
6291
6281
6271
6256
6243
6225
6206
6181
6161
6147
6138
2738.423751592636