102
8280
622
69
169
3509
5669
6625
7619
1887
1887
23277
1621
1621
12859
8617
3274
3326
18774
509
38
33027
0
7165
46069
22138
509
1621
21869
25890
34501
4220
7689
48
3542
180
75
180
302
14066
24304
261
5302
10586
320
160
18000
23470
2691
47557
23966
621
11658
39274
30812
2650
12436
205
6
20
30012
335
1890
1612
191
4336
259
167
1252
0
12
26845
7
40
40
37
5
5
8749
28807
490
23
2183
421
1697
2
2698
50
2
1
326
5
33
6
23
70
6
19745
185
295
454
295
517
4308
922
147
0
13
12852
850
2
58
660
0
0
614
1693
3
13
902
0
12
1046
23112
11
0
11265
11
273
2266
12
8
29
11
7
3930
166
3824
1449
149
19
19
0
2889
5204
0
0
0
16
3233
23
41314
408
3
21
19
0
1529
2324
1706
800
652
50
0
77
0
5471
177
389
0
602
37
317
0
3
12287
3075
1
174
4
0
1
11
2814
70
68
0
29
35
1232
253
0
51
1
0
1514
268
390
162
0
281
8
3027
138
250
331
24
37
13
23435
232
7
0
2
1
29
1
3444
638
3
3
234
0
26533
0
273
5053
140
37
140
253
411
44
31
40
1
178
315
7
1579
0
0
5
3
52
6
14585
1
0
13151
1
637
0
1
16
0
0
0
37
46
0
1
60
0
0
8
101
42
640
65
0
2
0
1
123
80
0
0
0
17
0
0
1503
593
4
23
132
1
3
34979
0
65
0
65
80
0
15
11
0
23
1
5
85
23
0
0
102
31
1
21
8
0
0
7
0
6
255
368
0
0
0
1
0
16
38
2
2
6
19
12
0
31
1
5
0
263
156
0
15
5451
401
7262
0
0
218
5
0
3
394
446
2291
0
19
158
247
0
0
0
0
7369
0
154
24283
0
4
0
4
25
13796
3774
2
6
1
4
29
321
0
0
809
0
21
10
1
38
0
145
21
0
7
10
0
5
38
2
82
84
817
0
0
106
9
26
13651
1048
0
2
1116
23
4
0
12641
0
5227
1757
633
0
45
6
3921
0
209
0
0
2629
0
0
350
24
13
35
552
0
52
301
3
412
157
0
37
398
0
0
4953
0
108
0
98
337
0
24
2
0
1
44
1373
108
2074
59
286
1
1
147
4
1
0
1
138
22
41
0
14
6
2712
2
718
0
1112
1741
36
17
0
9
4
0
44
0
0
0
859
680
22
1
0
20
7
12
582
34
63
0
158
0
49
0
41
0
0
551
0
0
16
0
0
0
37
48
0
7
6829
1
27
4
0
3
2
0
2
0
41
2
0
305
1
44
3
0
3
3
68
977
3
22
0
0
30
0
268
0
0
5
0
1
0
6
16
3
0
87
1
2204
165
0
4443
15
0
3
0
18
2488
0
0
0
0
2
0
6
0
0
514
23
50
6
9
118
23
3
0
141
949
2
5
2533
359
0
4
7
0
20
0
0
0
12
4
3
1
101
15091
1
217
735
49
0
2
803
72
11
2
15
43
1048
34
1
18
294
4
0
6
1
6
275
0
21
49
22
0
278
0
0
2
0
748
0
0
0
150
0
2
0
1351
1
34
1
540
1
0
5
40
10
0
22
3484
8
7
0
7679
4
4
15199
1
407
4309
0
1714
11
61
7
423
0
87
92
2976
63
64
58
1
7
208
0
0
9
0
6
0
0
402
1
17
0
193
2
30
0
28
0
0
2
0
14
0
63
0
369
27
2
38
0
1
1
3
0
128
144
0
6
5
1
0
56
1164
0
96
0
29
13
49
0
101
1
0
830
3
28
0
0
11
1
0
11
13
0
48
5
0
9867
42
65
146
31
9
170
1
0
1254
0
4
4140
0
0
0
0
1
449
0
0
0
0
0
1
8517
15217
96
7530
41
59
28
1
1
3
0
2
18
790
87
2
12
862
13
1
6
0
0
102
0
0
0
0
0
17
0
0
0
4538
16775
0
1
12
2
3
10
11
2
0
242
1
310
0
220
4
118
12
53
1
0
0
37
2
0
0
7
562
0
2
4
372
1185
357
0
7735
82
126
0
0
0
1151
0
111
79
4647
2
1
65
0
0
0
5
83
0
6147
0
89
0
1
140
0
1977
1
0
199
4
9
32
0
1
0
0
84
2340
0
0
0
4
0
15
3
0
21
0
22
79
0
2580
70
8
0
0
19
3
2
0
1
7
457
0
6
6
0
2
0
1
3
3
4
2
72
4
2
6
15
2
6
1
3
42
0
2
31
4
534
0
0
15102
0
0
16
0
1
0
1
0
1092
1000
5
55
0
38
0
0
0
0
0
1111
0
0
0
3
7
0
0
21
9
2947
2
1
0
2
0
10
0
0
0
46
0
5
0
0
73
130
0
31
0
116
0
72
11
21
56
0
0
268
1
1
143
3
0
0
0
0
475
5
8
0
1
41
1
1
1
438
0
173
0
4
0
0
0
2
1379
0
8
240
0
0
70
300
0
89
0
2
3
1
341
99
1
5
245
0
5
0
0
0
0
59
0
1
296
289
2
31
0
0
7
0
0
0
0
32
2
0
0
48
2
1
1
0
0
2
0
6
281
0
15
101
0
7322
131
0
384
3
0
2005
0
0
13
0
1963
0
2
1
0
0
19
0
0
12
0
72
2374
667
0
198
36
4
199
0
67
72
0
1
6
0
0
1
1
0
0
1
0
0
161
0
406
79
3919
42
3
12
455
100
1342
6
14557
76
4
0
323
0
0
6
430
0
10
2
0
3
1163
4
64
1
6518
0
0
1058
737
168
2
12
73
0
0
0
23
0
0
2
0
4
0
0
0
1
195
1
673
32
13
89
8
0
0
2
1
112
2
0
1
24
17
0
314
0
10
1
111
59
98
1
1
2
26
3
0
6357
155
8976
10
0
4
142
2
1705
0
0
5
411
9
15444
0
146
15
5
1
669
0
30
0
95
0
30
0
1304
23
45
0
2
11804
0
2
0
0
0
1
0
0
0
118
0
4360
0
213
237
2
0
4
0
10
2740
0
712
1
330
10
72
0
0
0
1785
1773
5
2972
0
475
0
0
1
0
22
12683
98
29
0
3
9
3
1
29
1
0
112
0
0
0
37
154
21
126
0
0
487
414
22
0
49
0
256
2
0
103
1
0
8
0
64
8
0
0
0
13054
2
18
1
275
17
1
2
6
10
3
0
75
0
0
17
0
0
3
8
0
0
5
4949
0
22
1
2
1350
0
0
0
0
1965
0
0
312
0
79
1792
0
0
3
917
35
1
2
1
13
2784
0
1
4
0
0
0
2422
0
788
0
43
215
82
14
551
2132
1
0
65
0
0
1
0
0
1
0
24
3
1004
20
2
292
0
6
0
0
2
0
0
0
251
17
1
0
7840
2
236
27
0
1
397
30
0
0
9
70
321
1257
0
1
1
11
2
73
0
1
0
0
0
295
5
17
54
41
170
4
15
8
4
0
0
0
433
0
0
3231
25
0
74
0
605
2
21
14
159
2
0
0
0
0
0
61
0
57
595
0
0
0
185
0
2
2
4
0
735
107
2558
5279
0
0
835
24
17
1
0
4
155
0
22
71
1
0
0
63
19
0
0
1
70
15
0
1
0
1
0
0
0
302
0
0
1
0
50
0
0
0
0
24
113
0
0
0
0
20
0
0
619
1095
1801
3
0
0
0
0
4
0
36
0
178
2
1111
449
0
0
0
2
0
0
290
0
15
85
0
0
40
255
0
628
1
14
66
0
1
0
124
0
36
16
0
1
0
65
0
4
0
10413
2
39
2759
0
5
0
58
2
1
0
1
0
0
0
2115
16
8
0
2
34
19
304
0
6
578
88
6
0
9
0
2
1
0
0
1
22
0
22
18
0
0
4
8392
0
10
0
1
0
8
6
0
0
13
18
0
78
45
7
7
2
78
0
31
150
0
47
0
1
335
0
63
23
0
0
0
0
10
695
6
3
2193
0
161
975
2
2
27
0
43
7
0
1
266
1
175
0
3079
185
6198
0
4954
0
1
2
0
4
0
0
1193
0
251
25
2
0
3465
3
53
0
0
241
369
0
1
37
0
0
0
0
0
5
27
0
1
0
11049
0
0
0
0
0
1
2872
1
1
92
0
0
14
1
1
54
0
0
0
2
0
58
3
0
326
5403
303
0
5
0
0
0
1
0
0
10
1
3
0
1
0
410
2
283
32
4
1
14
23
63
1
1
1
529
0
61
2
0
0
32
1
1
0
4
0
0
0
0
0
2
0
0
5
21
1
0
2657
0
0
13
0
1
0
0
5
1
10
50
73
15
0
73
1
58
504
7565
0
6
0
2
47
1
0
18
11
6
1
0
0
176
39
109
3
17
0
126
139
0
2
2
1
2
1
73
1868
1
0
273
1
0
0
0
1
0
108
0
0
0
0
1
0
186
0
3
1
0
3382
5
21
0
0
0
106
62
1
6982
1
0
125
2101
0
1
0
0
56
0
34
739
1
0
0
0
5
80
1
1
7
0
1
1
10
0
0
0
20
168
0
55
0
605
1312
6
2
0
0
0
1
2
2181
11
2
49
274
5
0
76
0
0
19
4
42
61
0
87
0
0
0
24
7
2304
21
2
3
6
16
0
1286
6
0
0
0
3
0
12
0
0
23
1
0
18
136
0
2
1
31
39
2
88
5
0
0
558
0
0
4
1
0
390
0
0
1
0
5
2
0
173
0
0
0
113
383
2
2
0
1
3
1
215
0
63
26
2
8
3
1833
1
11
0
16
2
0
6
0
11
0
0
0
0
10
0
0
60
114
1
2
0
0
26
1
0
4
0
0
1
0
2
190
0
11
3
4
0
0
0
2
93
602
0
27
0
0
3137
0
11
9
9
23
5584
280
17
17
0
0
46
0
0
20
25
0
973
0
20327
13815
6
75
156
0
0
1
0
0
0
48
0
6
1
73
0
159
4753
0
1
138
2
88
8
4518
85
13
3
168
9
5
3217
0
19
0
0
0
197
1352
0
76
195
1
24
3
0
0
1
141
2845
0
8
2
0
847
0
27
21
289
69
6
151
0
0
2590
54
295
13
17
0
1
0
0
1
0
0
130
2
31
9
5
2979
0
3023
24
0
1
255
0
1
0
11363
0
21
0
0
272
0
0
0
4491
9
1245
0
35
5
567
0
15
4
0
73
0
113
89
310
0
0
4
7599
4
24
0
2
0
1
4
0
1
0
0
1
0
0
0
79
2
8
0
0
1
112
35
1
3
81
50
2
118
9
77
41
67
0
0
0
0
2
1
27
59
1
0
1
49
0
0
3
79
0
64
0
0
5
1
0
0
0
10
2
161
38
0
9869
7
0
12
0
10
150
1629
141
6
68
18
3
0
0
101
0
7
16
1
0
116
47
0
0
0
1
460
1
0
0
1
608
4
0
4
906
0
105
29
2
855
0
0
0
52
0
1
1
1582
3
0
2
27
0
1
0
1
0
165
2
1
0
6
2
0
0
5946
0
1
65
0
0
0
0
0
12
3
0
0
0
0
0
326
2
39
1
7
17
52
0
0
964
1
0
0
0
3686
0
1
22
0
18
1
1
0
0
0
0
0
0
3353
11
11
0
0
0
5731
0
7
0
270
151
5
941
322
0
0
94
4
0
0
7
0
2
0
0
30
0
0
14858
14
336
0
0
0
2
7
665
1
385
16
240
0
6392
1
0
104
5
9
479
2138
25
531
1
0
0
0
0
0
0
1
0
0
4
0
5
2
79
0
632
0
1
3
0
0
0
2
1
110
1
2
331
0
0
0
2
151
0
382
0
26
0
15
2
5
0
117
1
0
10
0
0
79
1
109
9
5
1
0
0
0
8
1
0
122
4
1
199
0
10
0
1
0
0
0
848
0
1
31
0
3
0
18
86
16
0
380
0
0
77
13
0
1
0
63
2
15
0
0
0
0
78
0
189
3
0
633
1385
0
20
0
0
0
0
1
0
2
7
176
5
77
1
0
224
0
0
1
0
0
34
0
1
0
18
0
22
0
0
0
0
15
1
59
1
97
0
50
145
2
147
0
1
85
0
2
0
11
0
5
0
6359
0
542
2311
1
61
75
225
0
0
0
1
0
0
1
5
0
0
20
3
82
262
0
0
0
2
0
8
6
0
51
55
0
725
0
180
0
0
121
5
1
89
0
0
0
0
16
0
0
0
0
166
1
3
151
1
2
37
1
329
1
38
0
0
2475
0
55
609
0
0
0
68
0
0
40
64
0
3
0
29
1077
51
1
0
0
0
12
12
6
2
1
538
5
0
0
0
41
0
0
3
1
63
1375
1
0
0
0
0
0
51
987
143
2
0
0
47
0
660
1
0
0
48
2
0
62
494
19
0
0
0
31
685
0
0
4
23
7
0
0
9
200
0
25
1
1
0
19
2
1
0
0
30
53
4
7039
0
0
5
52
1
0
16
33
0
10
141
8
0
0
14
0
0
0
0
65
1257
0
0
0
2
1
225
0
0
0
13
0
22
11666
8
0
1
5
843
1043
7
2
0
566
1
245
3
0
0
0
0
0
293
0
9589
0
310
293
2
2
28
1
433
14955
6811
1
0
91
240
1
0
0
11
0
861
41
489
0
4856
0
0
0
12
0
4735
0
11
19
1
0
103
3
0
2
13
3
10
1
2448
2
0
1057
1
61
0
1
123
0
2956
0
3
1
221
0
0
18
0
0
169
0
0
0
0
1
8
47
1
53
146
0
0
9
0
0
402
608
0
0
3
4
14
2
8
0
0
1
0
468
0
0
0
0
12
128
0
77
48
36
0
367
0
122
0
0
6
13
0
28
0
0
3
0
0
0
1
2
131
0
0
0
674
1
0
0
1
69
13617
37
0
0
18
15080
0
6
11
6
0
1
56
21
589
0
5771
1
109
0
0
0
0
1
0
910
2
0
710
0
26
2
0
0
13
924
0
0
144
0
178
1
211
0
1
0
1
0
1
1
45
0
172
3
149
229
0
11
0
16
45
0
86
0
2
8
54
0
0
303
7
0
0
0
0
28
278
4
2
0
24
159
22
62
2478
0
0
0
0
0
0
289
0
0
0
799
8
0
4
0
203
15
3
83
0
3
1
20
0
223
0
450
0
0
1122
0
20
0
0
7
97
0
1
0
0
1
0
90
0
0
0
6
0
79
7419
0
14591
40
0
1
2
308
205
0
23
3
0
0
864
0
28
37
0
0
5
0
350
0
198
4
75
1
0
0
0
0
0
808
3
17
34
2992
679
1
49
11
1
180
14
25
88
0
1
1
0
51
70
0
14
76
3
0
0
0
123
222
2529
9
11030
0
160
352
0
2
0
0
6
19
1
0
8
0
13
0
0
0
1
5502
3
304
825
0
7
0
0
542
0
2
68
3
0
989
0
0
95
96
0
4
4367
9
0
0
2
0
5
107
0
0
1273
2
856
0
1050
0
4
1
49
0
13
98
24
0
27
2
0
191
17
573
8
0
33
0
1
0
0
119
6
0
1
109
0
82
0
4702
0
200
0
0
0
2
2
336
1
17
29
3
2
3
0
0
0
7
2
1
641
132
0
0
260
0
10395
0
1
0
2
1
25
0
1
4523
95
182
5
1
0
59
0
12
33
1
0
3
0
4
13
0
1
0
355
0
1082
0
0
65
1
0
5
1
1
0
57
0
0
6175
3
1
7
8
1641
43
0
0
2
1
0
4
0
0
30
1
8
2917
0
0
2
29
0
0
0
1
480
14
39
1
0
756
83
8
0
4
0
74
931
0
0
0
77
13
1
9
35
0
65
3
0
0
0
0
0
0
5
52
0
668
5
11
589
0
80
3
7
75
0
0
0
5
50
1
10
15
0
1
0
1
62
0
10
0
1
0
0
0
1450
1
674
5
0
0
1
23
2
6
0
2
0
93
22
1
674
3
232
2
15
1
0
1
139
0
0
0
1
0
114
2780
600
865
0
1
379
126
6959
1
7
0
0
0
3
1
1180
17
63
4
133
0
2
0
0
13853
92
4
1
0
469
542
0
0
17717
0
3
1
0
0
27
10
96
0
0
0
362
7
13
1
39
1452
190
48
2
0
0
0
0
27
0
0
10
0
0
14
0
7
0
1379
0
0
30
59
56
71
117
21
0
2
417
0
5
0
0
0
47
281
54
139
0
2
0
0
0
15
0
0
619
2
2
5
14
0
0
1
1
0
0
12
0
0
52
256
0
1770
50
12
4
2
0
0
0
0
0
0
1502
0
0
1
0
6
0
0
0
0
1
0
0
0
822
1
88
2
0
3110
59
137
0
0
21
1
0
1
0
1
2
0
82
2
0
9
1
0
114
14
81
0
0
6
2
1
0
11
0
15
0
157
0
423
45
0
0
0
0
0
0
14
0
0
14
1
0
511
5639
0
1
0
0
0
1
2
16
140
38
0
5
7
0
4
4
12
0
0
0
0
2
11
5
86
0
0
16
0
1
0
1
49
4
1
75
6
0
1
0
0
0
8
189
0
0
3
286
7
6
217
0
2
34
0
0
0
1
0
0
0
1
17
997
3599
0
0
118
58
0
1
512
0
0
123
0
158
0
0
0
0
5
0
119
3031
0
3027
154
10
19
0
0
2
0
0
0
512
3081
2
16
13
1
305
21
12
0
417
0
4
0
0
51
0
0
9
380
135
0
0
4819
23
0
22
0
0
0
0
7
0
7
0
0
50
1030
222
0
7
2
0
0
119
2292
0
0
15
5
0
1
1028
0
38
0
0
0
0
2
5
0
0
0
1601
1449
6
0
0
2
2
0
1
4
8
99
2563
4
1
1
2
148
1
52
0
26
0
0
0
0
0
1
0
0
64
15
0
37
0
1
287
2
1364
8
0
4
0
2
1982
0
1
0
0
0
0
0
45
0
5
0
0
2
562
141
2
0
1
0
0
10
1
38
0
0
2
0
0
0
36
1987
16
2
0
5
62
7
25
18
0
2
1
380
51
0
0
3
0
2
45
4
0
9
3
0
1
175
0
36
0
0
0
10
132
0
295
22
0
0
1
1
7331
0
7736
0
0
7058
1
0
2
1
0
0
0
11
275
1
23
103
10
17
786
0
8
159
2
0
0
54
0
0
36
0
0
872
125
1
1
1
0
12
5
2
5
1
0
2
123
0
0
79
2
0
90
0
0
24
9
1
0
79
6
4
0
11
496
0
0
5
0
1
0
1524
5
0
542
3
0
27
2
6
3
26
121
0
7
0
0
0
0
73
7
8
0
3
1
6
0
0
0
1
0
0
0
0
0
0
124
0
57
34
0
6
0
1
15
0
53
0
1
1
230
0
13
6
24
0
0
2
4350
2
0
639
0
0
38
5085
1
5
0
0
0
0
1
193
0
16
0
4
0
0
6
0
15
211
52
1
5
9
0
349
1
0
3
1
0
3
6
0
0
12
2
33
0
8448
294
6
0
0
15
0
4
0
42
0
41
0
58
0
29
0
0
3
0
1730
0
2
0
0
41
0
9
14
0
0
3
81
32
2
8
20
0
2
0
0
0
0
33
0
0
17
2
20
67
0
1
0
1
0
0
15
0
4
0
0
110
1
20
0
386
1
245
0
14
0
14
0
0
16
1
8
0
0
51
0
2
0
2
0
0
4
0
0
2
15
7
1
0
6
0
211
243
0
0
241
0
0
1
1
95
0
0
2288
0
0
0
3
15
3
74
0
1864
0
0
1
0
0
0
292
2
0
1301
1
0
153
1
0
1
0
17
0
4
0
1
54
42
0
475
0
137
42
79
0
5
0
0
1
0
27
0
381
0
102
0
1
83
1
1
0
13
3
0
0
65
0
1
5
8674
0
15
2
17
38
0
0
116
0
0
391
0
0
0
346
0
0
2
31
1
764
6
0
0
133
0
401
1
32
1
1
0
0
0
466
0
0
2
11
11
0
9
0
0
0
0
1
14
2
0
44
35
0
0
1
0
1
0
3
0
0
44
2
80
0
2
57
1
0
0
0
15239
0
1
0
0
1
1
29
0
0
2302
0
1753
3
0
880
1
68
3
1078
0
1
15
2
0
0
0
3
51
13
100
0
9
884
0
1
0
4
8
683
0
0
0
3
5
3
0
65
67
0
4
0
0
0
0
1
6
0
0
0
435
25
8
0
0
0
0
624
0
3
0
0
2
0
0
39
1
21
6
6761
1168
0
35
2
0
128
7
304
2
0
35
0
0
0
41
4
752
1
183
10
0
0
54
0
0
0
1
9
0
13
0
0
260
0
2
135
16
0
12
0
26
0
0
0
3757
0
5
4
4
0
0
0
0
0
0
0
356
0
0
17
1
1
678
6
1
36
33
0
80
445
0
161
123
0
82
0
16
24
21
0
0
0
17
3771
0
0
0
1
0
4
1
1178
1
0
7
2
1
61
0
35
71
2
0
2
219
1
0
0
1
0
2
0
2
0
0
1
3
4
0
0
27
0
0
275
1780
0
0
2
2002
19
473
1
4
3
0
0
0
0
0
24
72
6
13
0
0
143
0
8
0
0
0
32
0
13
0
0
13
4
41
3
14
26
18
171
0
1
4
1
0
481
61
32
414
0
76
0
654
0
1
6
334
314
0
0
2
0
164
5
17
0
3
7
5
3
0
4
0
5
6
13
2
2319
0
1
0
0
25
8
0
249
95
79
0
77
1
2829
2
71
21
5
2
107
60
600
1033
0
1
0
11064
0
0
702
0
0
113
4
0
0
28
0
1
3
0
0
0
94
1
1
0
0
1
1
2
1
0
2
139
21
0
0
0
1
103
3
3
117
331
0
2
10
6
0
4006
631
0
0
627
0
1
2
2
0
0
8
3
5
0
0
0
0
1
11
0
0
3
303
0
1
0
608
1
0
0
0
0
1922
576
0
0
1
181
0
21
0
22
18
2585
39
1
0
0
13
497
20
348
0
2
1
0
3
232
7
0
0
86
0
10
0
0
15
0
0
1
0
0
0
153
0
0
2
4
0
159
0
3
1
3
0
2
39
27
0
0
0
2
0
3
0
0
2
0
0
0
0
0
0
0
0
0
37
23
2024
2
1
5
0
0
660
20
0
1
0
5
62
0
1
3297
2
0
0
102
27823
0
1
89
0
0
1834
5
4
28
541
17
0
0
1
173
0
0
2
1
0
1
2
0
5
120
1
0
0
1
0
6427
0
0
3
1
0
45
1
0
0
0
1
0
0
0
0
1
0
1132
3
0
3
10
0
0
31
0
1
882
0
5
47
0
11
17
0
0
0
0
2491
0
3
0
46
0
5
6
9
0
0
3
0
11
3
1517
0
0
122
310
22
124
0
0
2
1
0
0
0
0
0
0
2
0
360
98
0
0
1
471
0
381
11
0
56
78
0
0
0
526
3
1
2
344
6
9
1
3056
4
5
0
1
182
2640
10
142
0
0
0
5
0
0
0
3
0
7
0
1
0
0
0
0
0
159
3
0
0
10
0
1
0
0
0
0
1
1
0
0
11
2
40
2801
6
0
18
0
3777
1
17
2
0
0
0
0
173
0
188
1
4
105
0
0
0
1
0
0
3
0
15
3605
0
0
24
4
11
62
554
0
77
54
35
12
0
0
0
3
0
2439
2
0
174
0
0
19
5
8
0
0
0
0
140
43
620
5
40
0
2
1
0
46
237
26
10
0
0
0
0
0
0
0
2
1
20
3
0
0
0
2959
0
1161
0
0
193
0
0
0
2
0
31
13
0
1
0
0
12
1
0
0
27
1370
2256
0
0
0
3
0
0
42
1
0
0
0
0
0
0
392
135
0
0
4
68
2701
1
1
0
0
0
338
0
0
5
201
1
56
14
0
2
0
0
0
2573
0
107
5167
1
0
0
0
4
1
0
8
1
0
3
23
0
0
29
63
10
0
6
3596
733
197
0
12
350
0
204
0
3321
0
0
0
0
0
0
2
71
8
0
7
0
1
0
0
0
9
0
49
42
60
0
1
0
0
721
0
4
1
119
365
1
0
0
45
0
0
1
0
0
0
0
0
0
4
45
1261
2
228
0
10
18
0
59
1
0
2
1
3192
0
4102
3
320
6
0
0
0
40
0
94
9
0
1349
0
7
0
152
28
58
7587
4
1
0
21
7
204
34
234
5
3
257
0
0
409
19
9
3
4
1
2760
1
1
0
0
0
21
4
3
1
9
20
2076
9
6
60
1
2
0
211
119
0
5
2
0
191
18
1
0
0
0
0
0
1
0
0
0
0
8
0
0
832
1
0
2
5
1
17
4
0
425
107
38
37
0
0
0
906
26
0
11
0
17
0
0
0
0
1
1
0
0
1
0
0
2
1
187
0
0
0
0
272
0
1228
7889
1963
715
0
0
0
0
0
0
2
0
0
1
94
1
72
21
0
66
0
1317
185
0
228
147
3
4
0
0
0
0
0
157
0
41
104
0
42
11
1
4384
20
0
0
0
0
0
0
6
0
5
6
1
16
0
1
1
14
0
45
435
2
0
6116
468
2
2
4
0
0
4
1975
10
2
0
0
0
0
0
0
1072
0
3831
0
3286
0
0
1
0
0
0
3
499
1
0
5156
0
0
4
0
1
2
0
280
0
3
0
0
0
45
0
0
0
8
0
0
1
0
19
0
3
1
1
5
0
2
156
0
1
5814
1
0
2
0
6
37
0
0
1
0
0
2776
3
4
0
1
203
83
682
0
0
197
0
7355
2
2
128
0
15
1620
0
0
1
2
8
0
13
0
113
1835
0
172
2
0
3
0
5
0
0
15
1
3
0
175
0
15
0
56
7
0
454
70
0
373
0
0
1575
0
43
0
0
6
0
0
0
2
0
0
0
463
1
347
1
0
824
289
0
0
1
4
4
0
0
5
0
0
112
0
3
77
0
45
162
45
0
153
3365
0
0
0
0
0
23
49
0
4
85
1
3
10
0
17
1
2
121
0
38
0
0
17
1
0
0
253
0
0
0
1
0
870
3
1058
14
25
1
161
0
0
9
49
31
0
1
44
2
0
0
156
38
0
2
3
0
17
2
0
0
0
0
210
7
0
0
1
0
0
747
16
0
0
0
2
0
2
0
155
457
0
0
12
0
1
106
0
0
0
0
0
1
5549
14
5
1
8
0
477
1
0
16
35
4
24
28
70
19
95
0
0
15
1
0
4
32
2
10
0
0
136
9
0
0
0
2
5
21
1
2
2
13127
0
12
0
0
0
153
1
3
101
1
7
0
10
1
0
0
0
0
1
9
0
0
3
0
0
49
0
0
3
41
2
573
28
988
0
0
2339
1
0
0
0
5
0
0
2
0
1
1
0
4
3
0
35
148
0
0
3
17
0
0
27
43
0
31
0
0
0
0
37
0
3
1350
0
2
179
0
0
111
24
0
109
4
3
0
0
0
0
0
3896
1
1
0
14
0
482
1
0
598
0
1625
141
631
1
140
0
0
152
0
1751
17
0
0
1
0
0
0
4
0
405
43
0
0
50
0
0
1
6
1735
1
709
147
0
0
4
6
0
15
7
1
0
273
96
1747
62
0
0
0
2
596
0
2
0
35
0
10
0
59
36
0
2
0
0
0
124
1
295
24
0
0
0
2
14
2142
807
98
0
0
0
22
0
2
416
5408
4
0
0
10144
0
0
0
0
0
0
85
0
35
0
0
11
17
0
0
12
2
2
0
22
132
0
134
2
0
149
0
0
0
0
0
0
105
459
2
68
0
0
0
3
0
553
0
0
239
1
0
4
0
0
0
7
206
0
0
10
40
0
0
5
3
44
0
9
37
0
0
211
1
0
772
1
0
0
4
0
1
1
1
1
0
414
0
0
0
80
1
0
1
2602
0
0
0
0
1
0
2
355
0
0
0
6
16
281
2140
1
2
0
184
0
0
61
46
1
2935
0
0
52
0
8
88
6
0
179
0
98
0
5
1172
7
1
1
0
0
0
1682
0
0
48
1
231
8
55
34
2
0
0
0
0
0
0
30
0
357
0
41
1684
0
27
0
0
759
0
0
2
67
109
0
0
1
2
0
141
9
0
0
0
0
96
0
34
0
0
0
1
16
0
16
2
0
434
3
53
0
19
0
0
0
509
0
0
0
1208
2
2
0
0
1362
0
0
14
0
0
0
1
0
182
124
0
4747
49
0
147
0
8
1984
0
2
0
0
1
0
6041
0
62
17
105
82
0
0
0
0
4
0
56
0
0
0
1
0
115
1072
0
1
864
0
1
0
265
0
0
1
3
11
0
0
0
166
11
0
1
0
0
7
0
95
89
1
3
3
4
0
0
1377
0
1
0
0
3
1974
0
0
0
0
0
0
2
0
99
15
2
1
1
2
5
3
0
772
3636
9
0
0
0
3
0
0
0
0
7
4
0
1
0
0
1
279
2468
0
3
0
0
0
0
1
0
0
0
0
2
1
300
2344
13
0
4
0
0
1
6
0
0
2
0
1
0
0
41
0
0
2
2
0
1
0
12
2860
9
4
64
8
3
73
6916
0
0
76
3
2
27
36
0
2
2
2
0
1
0
1
0
0
0
0
0
41
1
1
12
158
1
15
0
2
0
1
4
0
0
23
0
0
0
9
0
0
1
1
0
0
1
26
46
402
0
0
0
0
0
23
0
21
1
0
0
10
4
2
0
0
6378
86
240
0
0
36
0
7
8
62
0
2
3
0
0
49
0
3
140
0
2458
1645
1
9
1
33
1
11
1060
78
2
1
0
0
3928
0
0
5
510
0
4
0
1
4
0
1
2445
23
36
0
1
0
2
0
0
68
336
1
1
0
12
0
495
10
0
0
6
0
3
0
18
0
0
11
0
61
4
0
0
0
21
9
0
0
0
44
1
108
6
3
1
0
267
7
20
0
0
1
26
0
0
0
0
0
0
0
2
0
0
3972
1
562
0
0
124
17
0
0
77
8805
114
0
0
23
1
2
43
37
2
1
1
2264
2
0
1
31
0
0
0
0
0
0
50
1
0
1
0
1
0
0
30
0
0
2
13
1
0
1
1
13
0
0
8
0
0
264
1199
1
1
0
0
0
0
213
2
1
0
0
0
0
10
0
0
1
0
241
645
0
0
97
0
66
11
0
0
10
4336
0
718
11
0
1
0
0
1
0
0
0
33
0
292
10
3
48
0
0
0
2
1
0
4
1
0
0
42
3
1262
0
1
1
5
2
0
1
9
0
2
0
0
0
0
5
1
0
0
0
0
14
22
0
762
1
10
161
23
1
209
62
9
117
1
0
0
0
0
0
0
0
0
2
16
0
1447
50
0
0
57
42
202
62
0
0
0
203
1
0
1
5
0
0
3
0
0
0
2
0
2
1
0
1
0
1
0
0
9
1
381
0
10
0
78
26
9
109
99
28
3
10
0
1932
75
0
285
5
0
3
587
133
386
9
0
37
3
0
0
0
13
2
127
3
3
0
8
0
1
0
2
7
0
0
0
1
0
239
2
34
0
0
52
5
0
42
831
0
432
1
29
0
64
4295
2
1902
52
0
43
41
0
13
0
3
0
2
0
1
0
141
38
1
19
176
1
0
0
0
40
0
0
0
0
0
96
104
423
28
0
5
0
0
0
0
13
0
0
38
0
0
17483
0
0
3
0
0
7
0
0
102
55
0
1
19
6
204
0
29
1
2
193
8
1
0
63
6
1
16
1
0
0
1
0
0
2
12
33
0
51
1
0
6
103
1
0
0
0
0
11471
0
86
0
7
0
0
0
0
0
19
13
71
2
0
1
30
4
0
0
167
0
2
25
1
151
729
0
0
0
0
1
0
214
2
0
98
16
7
96
47
2
2
0
20
2
0
2430
5
0
2043
17
12
0
10
0
0
0
0
0
1
0
0
93
2210
9
0
1
1
27
0
6
0
2365
1
0
0
16
10
0
92
3
0
1
126
638
4
0
3
89
0
0
0
3007
0
6
1
0
2
0
14
7
11
0
0
0
5
0
248
0
0
2
4
5193
17
0
30
0
36
0
56
0
0
0
4
0
1
0
0
0
180
10
0
20
0
1
4
1178
122
0
1084
0
3
0
286
0
1
0
35
7
59
0
0
1
0
0
0
8270
0
0
0
4
121
0
0
1
0
1917
2
1
0
97
5
16
3
0
5
0
5
1187
1
1010
1
0
0
0
0
0
0
4
0
1634
0
131
0
28
2
0
13
74
95
0
0
0
79
0
1
3
108
1
159
2519
43
2
0
0
161
1
0
3
4
0
2966
6
1127
103
845
0
0
0
3
7
0
91
80
13
0
0
19395
0
0
37
78
14
0
0
16
3
0
21
1245
0
0
0
0
0
20
0
12
0
21
10
1
12922
19
0
1048
0
26
1
8
0
497
0
0
2
7040
0
5
0
1961
22
0
26
0
2
118
203
211
2
0
77
5
23
0
0
0
0
0
24
0
0
0
0
1
25
0
30
0
5
4
302
483
0
1
0
0
0
0
1170
209
0
4
0
0
379
9
48
890
22
0
0
14
1
7
0
959
0
0
0
0
0
1
1
12
1
0
1
0
717
0
0
0
0
0
1
0
59
39
558
5
0
13
1
0
23
1
0
163
8
6
0
3
0
299
659
712
0
0
0
0
0
51
7
36
0
0
2
0
0
1556
10
14235
13
0
3085
0
0
0
1
0
0
4
203
0
1
0
0
175
2
0
310
0
0
188
371
1
0
0
9229
0
1
0
855
0
0
152
2
2
0
0
45
3
93
66
2
1
1
0
1
1592
6
0
0
20092
0
0
0
69
0
0
6
51
0
27
433
0
4
0
1591
1
3464
7
3
21
0
4
1
0
28
1
0
1
0
0
0
1
16
3
52
24
1323
0
3
0
0
1
3
0
440
109
1
2470
0
0
0
6
0
44
1
43
0
0
3
0
0
0
0
0
0
0
0
82
0
1354
568
0
0
11
0
413
5039
9
0
1
104
6
0
0
0
0
0
0
0
0
0
0
1460
1
771
2
0
0
798
0
32
0
375
2
6
4
0
0
0
9
47
276
0
0
0
0
0
1
0
223
0
0
0
48
0
0
0
0
219
0
0
5
2577
20
0
40
0
3
33
4
0
50
2503
2
3
5
5
0
0
0
1
0
13
7
0
0
1
1
0
2
49
0
29
1
9
1149
0
1
43
1
1
3
0
1
89
630
0
1186
2
119
3621
39
258
0
0
0
0
0
0
2
12
0
0
3
1
306
122
3
41
8
0
6
3
7
59
0
0
1
0
243
7
544
0
104
2
0
0
0
2
0
0
0
3
0
2
0
0
0
12
17
11
3
0
0
166
0
2
3
1
0
4
1
0
25
0
2218
66
154
503
8
0
0
0
181
5
0
40
0
0
732
0
9
1
2
15
1
1
0
3
416
0
0
3
0
25
3
24
2
3
0
8
29
0
1
833
56
43
7
14
4
1
55
0
865
0
6
339
1
0
1464
1609
0
8
0
0
4
0
19
5
15
2
0
147
2
7
4
0
177
0
1
0
0
0
4
0
2
0
0
2
0
195
1
1
20
18
2
42
0
2527
0
15
0
1
0
58
16
0
0
0
0
3376
0
0
19
4846
19
275
0
705
24
2143
1
1
11
0
2
7014
2
1585
0
19
28
207
4
0
1
0
0
313
7
0
73
0
0
1
0
0
0
1020
0
19
0
115
0
0
17
3
15
0
148
0
7
91
0
58
31
0
1762
26
7
0
0
0
0
7
106
2
6
0
5
19
14
10
6
7
3
2682
510
0
1
3
0
195
108
322
0
0
6
307
1
27
0
0
670
44
0
0
0
0
1
1
0
283
24
1
8
0
3
0
17
25
9
1648
2685
2399
18
1
4
166
1
0
0
1
0
0
1
0
59
0
3820
9
9
50
38
0
213
0
0
3
0
6
1
0
2
96
1
0
5
18
50
5
7
317
961
80
0
1320
0
722
21451
3
0
0
0
0
0
1
0
62
123
0
1
0
0
3
19
5106
27
0
0
7
0
5
0
0
3
5
0
0
27
0
0
1298
0
122
0
70
11
0
0
1
0
511
16
1
2
0
3617
2
9
1
2721
0
0
56
4109
19
0
2
1
266
0
0
7671
0
47
0
11
2
24
1437
36
0
8
1
229
2
117
4
1
5
0
1
61
22947
0
2
2
0
1
14
1
1
0
1
4
5105
0
364
186
0
0
1
1
0
6
265
356
16
0
1464
0
0
29
0
1
1
0
3
382
0
0
0
0
0
1
0
1
0
0
0
0
20
0
37
1779
1
0
0
5
1
0
35
58
2
0
0
0
7051
1387
30
0
8
2
0
975
0
22
4
0
1
0
2643
0
1
46
20
1
67
0
1
8
0
1019
8
396
1
0
34
7
2
1
0
0
178
39
421
7
10
2
4
16
2
44
0
541
1
0
0
0
8
0
75
0
0
1
2
0
0
10
9
0
5
51
1
45
17
317
0
335
0
0
0
20
1
0
7
0
0
0
1
31
1
0
3
47
4112
20
971
0
1
272
0
0
3
0
0
1
0
44
4067
0
8
1
0
33
0
0
86
387
319
4
277
1
300
180
1
2
0
1
0
0
2205
3
1444
3216
4
1542
0
0
0
135
0
298
0
0
2
0
11
1
0
1
0
98
0
0
162
2
36
1
22
4
1
30
0
2
0
0
2
3
13
1
1
16
0
0
1
3
167
4420
1
0
0
55
0
53
16102
2
0
1
0
1044
18
0
221
0
0
1
0
663
0
16
0
19
0
0
9
0
0
0
0
0
0
0
15
65
0
8
8
1
1
263
0
1
97
22
3
1
595
3
0
2060
62
0
27
0
0
1
0
0
639
1
1
1
0
0
2750
0
840
0
138
4
2
0
7
0
1
1
1282
0
0
0
0
58
0
0
0
0
0
0
3
19
0
0
48
0
0
0
49
0
0
0
341
1
0
0
4
1
133
0
10
165
1272
1
414
0
0
0
0
9
2
0
5
0
5
0
0
1473
0
0
4
0
0
0
1
1
1
0
0
166
1
0
81
0
0
0
0
1222
122
7
0
0
0
0
6
1
173
0
0
27
0
0
86
56
0
0
70
0
16
0
2
3
1
27
0
4
0
5
114
119
3
0
0
0
3
0
92
2
22
1
0
0
26
1
229
0
1
860
1
0
292
0
0
30
1
0
0
1
53
89
3041
0
0
0
2
2
5
0
0
4
0
0
0
0
0
0
0
2
64
12
4
0
6
531
42
64
74
0
1091
12
34
63
0
0
871
144
0
274
23
0
0
0
1
1
0
0
0
0
0
0
15
40
1
0
42
67
0
0
0
0
2
3
249
0
117
40
0
126
0
0
0
0
33
0
41
0
0
10
0
1
84
658
460
0
149
0
2
2095
0
1
24098
0
22
0
3
0
13251
1041
11425
0
0
68
1
18
2
0
0
671
10
2
1191
0
0
0
291
0
411
412
2
3400
0
2
17
83
1
6
0
1001
16
0
0
68
0
0
0
3
0
0
0
1
0
1
0
2
177
160
0
4
0
0
0
4
0
1
45
0
171
45
47
1
0
17
0
0
0
188
2
846
0
1
0
1
286
727
24
0
0
0
2
1
5
30
0
3
2
0
0
346
2
138
2141
0
10
137
17
0
0
0
1
0
3
0
1
45
0
0
0
0
56
0
0
14
0
0
0
0
4
0
2
0
1
131
1098
2
0
8234
1395
2
204
0
52
9
63
0
0
49
3
148
0
63
0
0
0
6
28
5
137
0
32
17
0
0
382
133
0
146
88
91
0
11
0
0
0
0
5
140
0
0
0
0
0
11
5
1
0
23
2
0
0
0
69
0
351
0
9
0
0
14
12212
5
496
121
0
0
0
5
3
0
1
0
0
73
2
0
1
0
2246
7038
2
980
2
317
39
354
2
0
6
0
40
8
3
0
0
0
1
8
0
0
1
62
0
0
0
0
0
0
0
1
0
0
20
8
3027
0
0
0
0
22
10
136
306
0
3
53
0
0
248
0
0
96
192
1
1
0
272
4
0
0
0
1
2312
0
2080
2
1
15
0
0
4
2
3086
1
25
85
25187
6
1
1042
59
32
0
0
0
58
0
0
0
0
2
245
1
2097
0
3
0
4
112
206
3
0
2
0
0
1
4930
6
550
27
1196
147
167
140
6
1
60
0
557
0
580
1237
22
0
0
0
25
0
0
0
335
0
2
60
1
2
0
9
2060
0
1
22
0
306
1
0
0
0
0
0
0
2
0
0
0
0
0
0
0
1
44
52
0
0
4
14
0
0
2
1
24
46
0
1
2
13
3
1
22
0
0
26
3
28
4
0
0
2
0
119
18
0
99
4
6
3
0
0
6
0
2
1
0
90
390
9
7
0
1
40
33
0
0
0
0
0
0
0
0
0
0
0
263
1686
1
1679
84
0
6
8
120
0
0
0
105
0
3
1
0
33
0
0
3
6
13
7
20
0
79
0
28
0
0
0
9
0
15
0
33
18
44
0
0
63
1
0
3
0
1
0
3
116
18
0
0
0
0
0
105
0
0
0
3
0
0
1
22
0
2
36
998
6
5
2
66
0
0
728
0
0
129
301
27
556
2
4
3
0
0
0
44
0
17
0
0
0
0
0
6581
0
11
0
0
3
92
0
1
9
2463
1
1
30
5
0
29
0
0
10
0
0
0
15
0
0
36
0
30
0
39
5031
69
0
2
8
230
1368
1
6
17
0
0
25
55
2707
2
3
14
1
0
0
30
4
0
0
1
1
1
10
11
0
5
80
1
415
491
10
0
45
0
0
15
0
0
0
162
6287
1
1
0
0
0
0
0
0
0
57
12
0
1
0
1
0
0
0
0
35
21
1
85
0
20
21
1
0
17
229
1
0
0
6
0
0
1
23
5
437
1
2
122
0
30
56
0
1
23
0
0
0
0
0
3
1
4
0
0
2
21
0
0
438
0
4
4
3
55
17
0
0
0
0
3669
0
0
1
0
0
0
15
0
10
0
45
0
13
0
0
80
0
0
38
0
3
0
0
0
46
0
0
35
14
6
85
0
0
91
183
11
0
1
3
0
46
0
51
11
0
779
20
0
3
0
2
150
9
4
0
0
2
125
0
0
0
196
1
10
6
0
0
0
0
0
2
0
0
51
0
25
1
2
0
31
2285
7
255
324
8
0
0
0
955
1
4
5077
97
0
2
7
109
0
34
0
10
324
0
0
4
0
3
0
2
2
0
0
0
0
1
0
277
0
108
2340
0
3
1
0
0
0
0
0
0
0
499
1
0
0
0
0
0
0
19
39
0
0
2
95
0
0
0
199
0
787
0
0
16
2
0
2
0
148
6
25
12
1
338
0
0
0
28
0
639
177
0
245
8
0
3
69
49
0
0
0
2913
0
3
574
0
0
0
0
0
0
10
3882
689
0
1
26
0
0
3
0
0
2
240
0
5
0
0
10
0
0
7
124
0
0
0
0
0
33
0
0
0
0
0
0
0
11
0
0
96
703
1
1
0
5
0
0
287
2
1
2
3
0
0
741
0
0
3
4303
0
0
6
0
0
0
0
1588
73
0
0
500
2
0
29
0
16
1
0
9
0
0
1
3
0
3
199
29
0
1
0
114
0
0
5
0
0
0
15
1
376
0
1
0
71
0
14
0
4
50
4
358
1
0
0
1
2
2
0
0
6555
4
0
1
0
0
0
2
0
0
1085
3
121
1
0
0
0
18
2
0
3
0
0
2
0
0
474
17
5
16
0
1
2
153
0
17
5
33
1
430
24
0
3
3
7
1
1
0
257
1
0
0
0
0
0
0
0
0
0
0
0
0
0
1
173
4
2
0
0
24
4
0
0
4901
0
2248
2
0
0
0
0
0
0
4
511
0
392
106
0
0
2
11
0
0
0
2
0
2078
0
0
0
383
0
0
7
83
1
0
0
0
50
20
0
23
27
3
0
0
6
10583
6
626
17
0
0
0
2
90
1
4
172
6
0
0
0
0
11
9
0
0
0
0
3
2
0
0
0
0
0
91
302
0
47
19
0
2
7
0
688
0
0
0
9925
68
1
51
2
0
4
1
2
0
0
590
0
0
0
311
0
36
162
2
1
5161
0
10
2
8
7
41
78
9
1200
0
0
0
0
2
3
29
2
5
19
0
0
0
0
5
0
0
0
1
1
50
7
1
1
0
0
0
4
0
0
0
0
0
15
30
455
13
0
777
1
3
10
4
1
1
165
0
0
4
11
1
0
2
0
0
0
0
0
0
0
0
3
0
49
6
4
6656
2
0
0
5
4
0
0
0
0
1506
0
0
0
0
0
137
9
0
1
13
5
292
0
13
0
800
0
0
1
5
0
157
19
30
0
5
0
320
0
0
16
9
6
0
0
0
2
0
0
7
0
1
0
131
16
15
3
804
0
23
2
0
43
0
7
0
396
2
0
3
280
0
0
0
0
1
1
0
0
58
9
2
54
61
3
3127
1
3
1
288
0
0
59
17
31
5
178
0
60
0
3400
0
84
2
32
0
0
22
1
2210
0
0
28
0
0
1399
52
0
165
2
1
1
5
0
3869
7
3
5
3
0
9
1
0
43
0
0
0
0
0
0
0
2
0
41
2
0
213
0
27
10
252
0
3
1
0
1
1033
8
0
0
0
19
1
0
21
0
24
1567
15102
0
2
2
0
6180
0
1
0
3
133
28
4
10
0
1
0
60
7
0
0
41
1
56
0
0
69
0
0
18
0
1
0
266
1
3
0
0
1
0
42
0
0
0
430
0
37
3091
5
1107
7
1
0
6
0
20
0
3
1
66
0
921
6
0
1
0
5
3
0
1
0
24
0
87
1
0
4
5
1
4
5
0
0
0
0
0
0
0
0
1
1
0
0
0
0
0
0
0
1
0
0
0
0
1
0
0
5
0
38
1
1
1
0
10
0
31
26
1
1
0
95
0
1
21
3
0
663
47
23929
28
169
0
0
19
0
516
0
0
303
0
0
0
0
1
203
69
2
2
11
1
4266
0
6
0
437
0
0
0
623
0
0
39
0
0
0
0
0
3
0
23
11
0
54
0
6
664
6
4
1
5
33
15
2
1261
0
10715
2
0
0
0
115
5229
428
8
441
10
1
173
0
0
6
0
0
1
0
2
3
141
0
1657
0
0
0
88
0
0
7
0
1045
0
0
0
0
0
1
0
4
1
0
0
0
142
10
0
2
1033
1
110
379
0
0
1066
0
1365
0
1
1041
1412
2
490
61
0
77
0
0
1
16
0
0
0
0
0
1
0
14
0
71
0
1
1814
13
7
0
5
0
3
313
0
0
4
1
0
26
0
2
2
0
1
0
6
0
1
175
0
0
4
0
199
0
0
4
278
1
25
2
41
44
12
51
0
6
1
0
0
206
0
830
1054
577
8
1025
13
1
6
94
0
0
1
2
10
3
115
0
2
6
0
0
0
0
2
0
19
0
0
0
0
11
0
22
85
51
0
142
1766
12563
0
0
0
17
777
3
2
18
1834
2
1
4
0
0
34
0
0
0
0
0
265
50
53
11
479
1
0
0
30
0
13
25
1
0
0
0
6
0
57
0
0
184
132
0
0
2
1486
1059
0
4
7
8575
73
0
0
183
0
0
6
3
4
0
0
1985
110
43
0
1
0
18
0
1
7685
3
0
0
2
3
1
16
58
0
148
0
3
5
23
0
33
18
1
1
5
0
0
0
0
0
0
0
0
424
0
0
0
0
0
0
0
20
589
0
0
4
9
141
0
46
0
8
0
0
0
0
15
0
0
2397
4
0
11
0
0
1
0
17
0
0
97
14
16
0
6
5
22
1
28
3
0
0
31
1332
286
0
43
82
1
1
0
484
0
83
0
1
1
5
0
6
100
5372
4
248
1
142
1
23
0
0
1
0
0
0
10
655
0
0
530
0
1
106
0
0
17106
1
0
1
0
5
0
69
44
6
0
2
0
2
17
0
0
2
3
0
0
1
0
19
0
4
100
198
0
0
181
0
3
0
4
0
0
10
2
0
0
819
0
20
0
0
55
14
0
0
8
0
0
0
0
29
0
0
0
404
265
0
0
0
0
0
0
0
4
4
1661
2
62
1
175
0
0
121
0
3
30
1
7
0
0
19
16
2
1
2
39
1
1
5
49
2
0
5
0
442
3
4
0
53
4
0
6
2
0
0
222
10
443
0
541
0
14
0
0
0
0
0
0
0
0
8
0
0
0
0
0
0
45
0
784
1
0
0
0
1
0
91
2
0
0
0
0
3
2
364
0
211
0
0
0
120
4171
46
23
4
0
0
0
1
0
1
2
0
0
696
1
81
1
18
50
16
7
44
0
39
5
132
0
0
0
0
0
0
759
0
1
0
0
0
0
0
5
18
0
0
24
71
6
0
737
0
0
0
1
0
0
0
0
1
1
0
66
150
0
0
4
0
22
16
0
20
2
0
0
41
0
5
41
0
3
0
2
0
0
0
39
427
0
21
0
42
37
0
0
0
8
78
0
29
0
1
0
0
0
0
0
0
6
24
0
0
0
1
2
50
1
3
0
16
0
0
177
0
4
0
160
3
0
41
51
59
1
1191
25
0
9
0
1
54
5
40
1
1
12
5
50
0
0
686
14
2
0
0
0
13
0
1
0
1
12
0
1
0
0
0
0
0
0
0
0
3919
0
4
1
11
0
8
204
28
76
0
3
0
1
0
0
9
247
2
47
2
15
0
26
0
0
0
10
18
0
0
3
0
0
46
0
4
0
1
0
32
0
0
0
58
0
0
2
0
5
0
0
1594
0
1
6
2
0
0
1
69
15
557
85
46
7
2
0
0
3
1
0
0
1
22
27
0
0
342
0
0
29
2
0
8
171
0
1
0
1
5
0
0
0
6
0
200
0
5
1
1
0
5
1
0
2
0
463
1
0
0
0
0
0
0
0
5745
0
0
0
0
1002
0
0
16
0
5
619
10
19
3
18
0
62
1
7
0
317
0
11
73
0
69
108
14
21
5
2497
0
14
0
2
0
13
0
0
15
0
0
1113
0
1
9
894
0
0
19
1
0
0
0
2
0
4
1171
1
1
31
0
0
1
4
0
0
14
0
1
0
1
0
0
0
0
17
19
0
0
0
1
0
1
0
147
2
96
0
0
0
7
3439
64
0
8
6
0
161
4
0
662
0
0
2
0
272
237
18
1
0
4
4
7
2
6
12
2976
0
11
0
9
1
9
52
0
0
4
27
195
0
0
556
1
1
283
0
0
0
1
2
291
2
7
24
0
1
3
1
0
145
1
24
81
2
0
0
41
80
4
38
6
51
0
0
18
0
21
16
0
0
0
2
0
0
0
2
2
10
416
0
116
0
157
17
0
0
0
0
0
0
0
2
0
1
32
2
2
29
0
0
7
1
1
2
12
3
0
0
1848
0
0
2420
5
2
1
0
72
0
1
1
2
1
0
0
178
0
0
9
0
32
1
391
0
5
0
0
2
1393
0
0
0
3
2
1
26
0
1
1
34
20
0
0
0
129
12
570
0
0
0
19
0
0
672
0
0
0
9
83
47
0
91
6
118
0
11
0
299
15
3
0
6
0
454
5274
0
18
156
0
0
0
1
0
0
0
0
0
1
18011
33
0
0
6
0
0
1
1
95
0
10979
0
1
7
6
4
0
1
0
3
103
30
18
0
0
0
6
1
0
0
0
0
0
0
10
0
1
0
0
0
438
1
0
3
1
0
706
0
24
0
0
0
0
13
36
74
0
1
41
1310
0
0
1
12
0
0
0
0
0
0
0
1
0
4
294
1
0
0
0
4
160
0
0
0
119
37
0
0
0
0
0
0
1
0
0
167
1011
22
0
0
31
0
0
17
0
14
0
2818
1
0
16
14
0
0
0
12
22
64
7
0
214
1
17
2
0
6
0
0
0
1
189
83
2
1
0
0
40
9
2
1
0
14
1268
0
4
0
0
0
296
2
2
0
0
0
20
0
39
0
0
10
0
2
0
0
8
47
3
1
7
403
8
2
3
0
0
143
0
0
12
36
0
884
0
1
0
0
6
1
0
3
9
0
0
1
0
0
0
1
1318
0
4
0
200
2
1
14
1254
0
0
1
2
0
4
0
46
0
0
0
415
0
1446
3
2
17
217
8
106
41
213
0
0
1
25
2
0
0
2
0
22
0
1
36
455
21
257
3
51
1
0
0
5
7
0
0
0
0
3
0
8
1
1177
59
3364
39
3
114
7
0
26
1
3
1
40
0
0
0
0
0
13
0
0
1
4
0
2
0
388
0
1
13
0
14
410
1
2721
565
1
4
0
1
1
0
0
1
4
4
0
846
0
2
0
7
0
0
7
2
1
0
4996
0
0
0
1
117
0
929
4
0
0
96
0
399
1
0
3136
38
0
1
0
0
4
0
9
0
1
0
0
1
0
0
0
0
109
3
69
0
68
1105
0
3
29
0
0
3
1
1050
1851
0
3
22
0
46
0
312
0
1
0
277
0
2
0
0
0
1
0
0
24
0
11
8
0
0
0
0
0
3
20
0
30
142
124
8
0
0
3753
0
5
0
0
0
0
0
1628
0
0
1
0
0
1
72
902
86
1
0
4
272
0
11
109
343
0
25
0
0
0
240
10
23
118
142
13
9
23
1
0
4
1774
0
27
26
0
0
3
1
0
0
3
306
0
0
0
0
26
3
0
497
0
0
24
0
393
1
0
2
0
0
125
0
0
0
430
3
0
1276
63
0
0
2
171
10
0
12
14
0
69
320
50
7
0
12509
4
0
1866
0
0
628
0
63
0
0
58
0
0
3
0
0
1
11
0
67
0
0
0
1
0
0
3
0
6
9
0
0
0
0
5
0
0
2
0
1
1
0
12
7
0
0
0
0
2282
33
1044
0
5
2
0
1
0
0
385
0
0
0
1
24
1
207
0
0
4
71
3
2
1
0
0
1
33
0
2
1
455
1
1120
1
0
12
0
4
2
0
0
1
0
915
0
0
0
0
1476
0
1
0
0
19
2189
0
0
0
0
0
1
0
0
0
240
9
0
3
0
0
1
0
2821
0
0
36
0
40
5
3
0
1
5
2
50
21
0
1
0
34
2008
1
0
116
16
0
12
22
271
1
0
20
470
1
1
0
138
1
0
0
0
0
4726
5
0
151
0
0
1
0
0
9
0
11
0
511
495
170
924
5
1
3072
1
138
4
68
1
0
6
0
99
1048
0
0
1
50
2
2
7130
3
161
4
0
0
1246
5
0
1
0
0
0
8
435
0
2
0
0
0
94
0
0
811
0
0
2756
1
0
4
74
2
0
0
0
1
0
3
0
11
0
0
2
0
865
3
17
0
5
2609
1
5
7
0
0
0
1225
2
8
47
1676
1436
27
41
6
0
0
0
0
57
0
1282
0
5
28
2
0
1
8
0
960
12
0
0
0
70
0
0
0
0
58
229
0
0
0
0
0
0
0
0
0
0
51
6
20
12
0
0
1
0
1
0
2
34
5
0
4
16
5
0
1
0
0
0
1
1
0
2
0
0
0
0
1
25
1
0
3281
0
78
1
8
2
59
37
16
0
0
1
1
1
3
14
0
0
0
0
300
0
0
0
0
2
0
0
0
11
1571
0
3
997
159
0
61
165
3
0
0
8
0
1263
0
0
0
0
5
1771
0
0
941
10
0
1
19
0
0
0
0
0
0
21
2644
8
0
0
42
2
755
0
0
0
1
2
5
2160
4
87
6
0
2
0
0
0
0
2
2
0
0
0
13
1
3
0
73
41
4
2
0
141
1
2
137
5
417
1
0
0
0
0
9
1
21
0
0
72
2
0
0
0
0
0
0
0
0
3
0
0
1
1
38
1
1
9
0
0
0
0
1
1
0
0
0
0
15355
0
0
1
0
0
0
0
0
0
0
11
0
1
2
111
1
645
2
0
0
0
1
50
159
11
0
69
0
0
6
1
892
0
40
1
2
35
187
18
4
10351
0
0
0
2
0
57
298
14
15
0
32
1
0
5
36
0
60
0
1
825
22
1
1
0
14
26
3
0
0
0
1
1
2
0
1579
32
0
0
215
0
0
0
0
1
2
5
36
1
0
0
0
319
969
4
1
2021
7
1
0
0
188
172
0
1
1
1
1
0
0
2
2
74
1
0
0
9
27
0
10
4
4526
0
0
1
0
0
0
237
0
324
0
0
0
0
0
0
0
16
5
454
2
5
22
7
17
0
14
2908
0
1
0
0
111
1
23
4
1
0
3
0
3
73
5
1
0
2
0
756
1
0
0
422
1301
1529
5
1
2
2392
0
24
61
1
0
0
0
0
1
173
367
0
1
0
1
0
0
2
0
0
0
0
2
1
1987
45
0
0
1
260
0
3
7
39
1
2
0
6
2
3
0
1
0
158
0
3
0
0
0
14
8
119
0
0
1
0
5
1
7048
29
0
0
3
2737
46
44
0
7
5
0
73
1
4
0
0
0
2
649
0
0
0
0
0
10
2
0
327
0
0
0
0
1
27
364
0
0
0
27
16
0
30
2
0
7
0
0
0
19
3
16
0
16
5
0
0
1
0
0
0
1
2
1
8
0
0
0
217
21
0
1
36
0
0
63
0
0
0
0
1
1293
0
753
0
1
0
0
0
0
1
0
0
341
2
490
143
0
8
0
0
0
1
0
0
1437
0
73
1
0
0
41
5
0
3
0
2
100
0
54
0
76
1
0
15
20
9
0
0
3
26
2
3
33535
1
55
628
1
11
415
3
261
203
0
0
235
536
1532
0
5
1
0
0
307
0
0
3
0
20
0
0
0
3
0
0
1
0
1
22
29
0
9
0
35
11
1397
0
0
1
1
68
0
1
0
2
7
1
0
0
0
0
5
4701
39
7
590
0
13680
1
0
0
4
1
23
3
0
1
214
1
0
13
6
0
0
1
15
0
423
0
0
63
0
17
4
0
50
0
0
0
4
0
6
13
43
0
0
82
4
0
0
188
39
0
0
64
8
0
0
759
0
0
1
15
0
2
90
340
2
7
4
321
10
5
0
0
1
129
36
152
652
0
12
2
0
141
0
0
1
0
0
0
14
1
1
0
0
2817
21
196
807
1397
68
0
0
173
29
1
3
71
3584
0
1
0
14
2154
1
9
34
0
2
0
18
0
216
8
0
0
0
49
750
3
0
1
1
2
32
0
0
0
5
2
15
0
11
14
1597
0
1
4
0
0
0
6
16
0
0
0
0
1008
358
0
0
324
1303
94
8
5
0
7
4
41
22
0
78
0
6
7
10
17
0
0
0
0
2
1
0
0
64
0
0
0
1
0
2
0
286
5
18
26
28
0
1
5
706
3
4
0
0
2
0
70
5
29
0
2491
3
0
23
0
0
1
1
3
1
0
52
224
0
0
1052
453
1
0
2
0
0
2
0
8338
0
0
0
177
0
4
0
0
3
330
0
383
0
434
0
0
0
154
7
0
0
2
75
3
3
0
0
9
0
0
14
14
15
0
16
5
255
6
3
51
0
2198
1
53
0
0
0
178
0
1
0
0
0
1
0
0
0
0
3
1
1
0
0
148
900
0
1
10
0
0
4
14
31
24
13
0
1
10304
12
0
0
12
12
1
0
1
8
50
46
0
2678
0
48
46
0
10
4
5
0
0
2
0
0
0
0
1311
4
15
0
0
0
2
0
23
133
329
1
25
0
19274
2
24
1
6
37
24
117
0
452
0
27
0
430
10
7
477
0
6
160
0
4
73
0
0
0
583
8
0
3
2
37
0
2
0
183
1
0
3
2
1200
31
0
3
0
2298
79
23
0
0
953
4
1
0
1
0
1
0
9
1
4774
0
1
0
0
0
0
7
57
15
0
0
1
330
3
205
0
409
1
0
0
15
75
96
2782
25
0
25
0
1
0
1
1
503
86
0
79
28
11
0
7
0
0
11
6
0
0
42
0
5
5
402
113
0
2
0
267
0
1
1
0
0
0
30
17
130
0
493
5
0
37
0
17
0
72
0
6194
11
12
37
2
1
0
52
1
1
0
6
2
2
0
0
0
0
2
0
3
64
21
4
0
12
22
23
0
9
0
3
0
0
0
0
274
1571
0
0
0
0
0
0
0
0
0
0
1
0
3
0
63
0
1013
1
1
29
19
9
0
1
0
1
0
865
14
0
33
59
89
0
20
4
4
3862
0
9
0
0
0
8
8
1317
0
2
0
5
1
3
0
0
0
0
0
79
2
0
49
144
7
0
0
0
0
8
0
0
659
0
0
0
2000
8
0
5
2
2260
44
67
229
199
1
302
1
9
9
0
0
0
0
0
0
15
0
0
40
1
0
1
40
12
1
0
0
0
0
0
545
1
89
3
0
0
425
3032
0
3927
5
0
20
87
0
0
240
630
0
0
625
0
0
0
0
1
0
0
0
67
11
0
22
125
3
64
0
4
5
1
0
3
2
25
1618
0
0
4
1
0
130
4
63
604
0
17
1
1
0
0
2
206
77
3
10
0
432
1
2
2612
7
2423
17
518
4
0
1
0
0
1056
0
21
0
0
468
0
0
0
0
0
1
0
0
1
0
2
6
0
1
29
0
0
0
91
0
10
1
1
464
1
61
2
0
93
0
0
80
1
0
0
23
24
0
1
0
0
4
3
0
0
21
20
5634
0
679
0
0
0
58
3
232
0
1
0
0
0
35
0
0
5888
1
0
38
14
1
0
16
89
1
3
706
1
0
0
3
0
0
0
0
12
10
92
5
0
26
0
6
0
3
1
0
0
0
0
0
13
0
0
0
1
1
28
25
3
2
0
159
1
1
0
0
0
3
118
166
1
10
0
0
1307
0
1
0
0
0
0
1127
0
0
0
1
0
3
16
63
1
0
120
352
1
219
0
0
85
35
0
69
911
5
119
3516
0
7
0
1
1
66
826
0
2
1
0
0
0
0
0
8
0
0
1
2
1
0
98
0
0
0
4
0
0
791
0
53
1
1
1
30
0
0
0
2
0
0
0
1363
7
0
0
0
0
3
18
0
0
17
7
0
0
148
0
0
0
144
2
0
16
0
0
1
0
86
1603
1
28
2
1
0
0
23
0
0
0
2
355
32
11
168
4356
0
0
6
0
3610
9
0
1
0
456
355
0
0
0
0
1
0
69
0
0
0
0
0
7
0
1572
1
5
0
1
47
280
0
42
0
0
0
1
1
58
1
0
2
3
174
849
2257
0
0
13
1
0
0
0
0
1
0
1
0
0
509
4
0
0
3
2
0
1
12
0
0
0
0
0
0
0
0
0
1
0
2295
0
0
0
0
0
0
0
1891
22
0
87
112
0
14
4
0
2
1
0
1
528
0
12
7
0
0
6
0
0
0
2589
217
0
0
0
0
0
0
0
0
0
4
1
330
113
12
0
63
40
8
1
6
1
0
0
0
3
1
0
377
1
2
0
7280
4
0
0
0
21
2
2
0
8
533
1
0
116
0
2
0
0
609
1
2232
1
3
151
79
1
3
0
0
2430
2
6
0
0
9
0
0
0
55
0
0
3
0
10
0
48
6
0
1
1
0
577
0
1
39
0
1447
0
106
0
3
1
2
0
2
0
13
0
0
7
0
11
0
45
427
0
0
0
37
7
78
0
0
0
2
976
0
2
17
0
34
0
1
2
3
450
0
428
0
0
0
0
2
9753
0
1602
0
1237
6165
0
0
74
1
0
39
18
11039
9
1
0
8
6
2
0
2
0
0
0
1
29
30
0
0
16
10
0
0
253
1
0
3299
0
1
2
7
6
29
6
0
0
0
0
0
0
4
77
0
0
302
1
2
8
89
1
0
0
29
421
5
0
9
7
0
1
0
0
0
0
0
0
0
0
0
0
0
728
0
0
0
0
5
0
0
0
1
0
41
0
47
0
14
0
2085
0
6
90
0
0
0
0
11
31
0
1264
0
192
0
37
2
0
0
12
10
0
29
0
0
0
0
0
0
18
0
2
1
19
0
25
0
2
1666
0
1
1
3
11
1
1203
0
375
1
0
7
1
0
0
0
10
0
0
0
8
13
3
93
713
620
14
1
1
3
5
0
1
0
229
957
0
1
3
0
12
6
0
0
1016
3
0
1041
7
0
0
1
0
0
11
1
0
0
23
0
1
0
0
0
0
14
1
12
0
3
244
0
0
4
4
2085
3
57
1
0
0
0
0
0
21
3
0
0
978
11
29
16
1
0
0
1
1
1
1
81
1
11
0
2
0
3
26
2
0
0
0
17
356
0
0
57
0
7
6461
0
0
3
0
27
8
0
4
22
19
20
6
21163
2
0
0
0
8
3
0
13
0
0
0
0
27
0
0
0
3
53
0
0
1
0
0
92
0
1
4
25
633
0
0
0
2
2
45
1
57
293
377
0
3
9
0
0
3
0
0
0
0
8
355
0
373
0
1
201
0
27
81
1
0
3
3
4474
1
0
2
0
0
1
0
1
1
0
135
0
0
0
0
0
2
4
0
0
263
0
0
3
0
44
202
0
3
0
17
0
2
2
0
1
1
14
1
0
4
3
26
0
0
0
0
0
0
5
0
1
32
37
0
0
0
0
1
0
0
0
6
49
1
0
0
0
5
0
60
34
0
0
0
0
36
0
0
0
0
2
36
124
27
1
6316
0
0
1
0
1
21
4
0
812
7
0
0
5
0
1
3
0
0
213
94
0
0
0
0
1
0
12
0
0
4
41
1
4
1
0
0
1
4
37
0
5
0
0
31
0
58
0
0
0
0
0
0
2
0
0
0
0
388
0
0
0
35
0
37
0
1
0
0
17
1
25
116
0
0
0
0
0
6
0
31
0
0
0
106
0
4
0
0
0
3
0
2
3
0
17
1
1
0
0
0
1
3
8
0
10
0
0
540
0
0
0
0
0
0
0
0
7
0
0
0
0
0
2
12
0
5371
0
0
2
8
156
177
0
0
226
0
1
0
520
1
63
0
12
4
52
0
0
467
0
7
0
0
0
0
0
3
0
467
21
0
0
2
4
12
6
12
72
0
2
51
0
55
0
148
0
0
227
1
0
0
0
0
0
0
0
36
0
76
0
397
163
0
0
3
5
0
5
0
0
8
14
58
0
108
2
32
80
273
8
1397
4
0
0
18
0
0
0
6
21
2
0
5
1
2
0
3
1
44
0
194
0
0
11
4
0
0
1931
0
0
1
25
0
0
0
0
0
0
0
0
0
14
3
124
7
0
3259
5
0
75
8
29
22
0
1
38
0
2
0
11
474
2
1
44
1
0
0
33
0
2
1
0
0
0
0
0
2
1
1
14
0
19
396
5
0
2
2886
79
9
0
1285
147
3
0
0
0
0
0
0
0
0
0
0
0
8
2
1
65
1
0
0
436
1
7
0
450
2
0
2
8
130
0
0
10
17
287
0
1724
1
0
1
0
0
0
0
0
9
0
36
0
0
680
0
0
0
0
5
0
1
59
7
223
0
2
0
223
0
1
142
0
0
0
0
0
0
1
2
0
51
12
41
47
1
564
0
0
19
0
1
20
2
8
0
1
53
0
22
8
13400
2536
1
13
1
14
321
0
3
0
0
1
0
21
0
0
1
4
17
125
0
2
6
0
0
10
171
1236
0
0
2124
0
0
3
0
0
1
2
0
2
0
0
1
0
2
5
0
1
134
0
3
0
0
16
0
60
18
0
255
0
203
0
3
0
0
16
4
0
12
1
0
1
3
0
0
1
7
0
0
4
9
7
14
2
17
0
0
0
0
844
27
21
0
0
286
369
1
1
0
2
0
0
0
0
0
0
1999
0
186
0
2
33
0
1
0
7014
3
88
0
5
0
2
32
0
778
0
2
0
0
0
2
0
0
394
0
41
0
0
0
0
0
9
11
2
0
0
0
85
66
1
0
597
3
2
0
0
2
765
7
65
0
0
0
0
0
0
0
0
0
0
2
0
0
86
104
19
1
6
0
0
1
0
1
42
1
0
0
2755
5
0
920
1
1
2
6
0
4
0
1
0
0
0
0
4
24
13
228
0
0
123
1
300
0
373
19
0
1
5606
1
0
244
0
0
1
0
239
0
0
0
0
0
0
0
0
0
0
23
0
6
1
295
1
124
6
160
607
7671
1
2
199
0
7
0
43
380
1117
3
226
0
0
1
0
417
0
0
0
0
0
0
3
669
0
0
3
200
12
0
0
299
101
4
0
0
159
0
0
1
10
0
2050
4
399
0
0
0
0
0
0
0
0
40
64
33
0
7
317
0
0
37
1
908
3
68
0
0
0
7
0
0
0
9
0
16
3050
2
121
0
0
4
0
0
0
25
280
5
4
8
0
97
23
0
3
0
1
0
1
12
0
1
3
12
0
0
1
0
76
1
0
0
1
0
0
1142
0
753
0
134
10
1
1
0
0
2
0
0
0
696
0
0
2
0
2
27
1
47
477
0
1
9
19
11
0
0
0
0
0
0
1
10
1
0
1
4
0
7
0
0
0
1
0
1
0
1
7
0
76
0
2
0
0
0
0
0
0
0
0
16
5
34
1780
1
2
14
0
0
0
1
0
13
28
0
4
0
1
2
0
94
7
0
10
0
1
2
2
26
0
2
0
0
0
0
4
0
0
0
0
46
1
0
0
2
10
4
5
2
54
0
1
0
2
0
0
0
708
0
0
0
0
0
0
57
784
1783
0
0
0
1
0
1
0
0
2
36
0
2
86
0
313
0
10891
1
23
8
0
0
138
0
17
1
0
0
0
0
13
0
2
0
9
17
0
0
1
56
6
0
0
0
0
0
2
905
3
0
2459
0
0
50
7
0
0
5
0
0
0
37
644
0
0
86
0
68
0
6320
0
4
194
70
0
0
42
0
2
0
2
2
3
1
3
0
14
52
0
0
5
7
0
0
34
0
1
0
1
0
1
0
4
4
18
0
10
0
1
2
0
0
0
1
1
0
0
1
0
0
0
1
1
0
0
5
1
34
0
0
1
3
0
411
0
0
36
0
7
313
1
0
2
147
0
1
0
22
5
549
0
420
2
0
0
0
0
0
0
0
1
0
4
5
0
1
6
0
0
0
0
55
0
1
0
0
1
0
0
0
0
20
2
0
0
2
0
0
0
42
1709
372
567
0
3
0
0
0
334
52
0
1
0
56
0
0
0
0
0
4
0
0
4
5635
1
0
0
0
0
680
0
0
0
0
0
9
0
9773
0
0
15
0
0
0
0
0
2
2
0
0
0
2
357
36
0
0
7
0
1
0
0
1
0
56
10894
0
0
2
0
2
0
85
34
0
1
0
26
14
0
0
23
108
33
0
13
0
0
734
8613
16
2
1
1
1
0
0
0
0
9
0
48
1421
384
0
7
14
0
0
4
1
0
0
32
0
30
0
29
0
1590
62
8
0
7
0
0
0
1
198
0
4
205
0
133
3
55
242
0
1
1
0
41
969
8
1
255
176
2
3
6
1
519
0
0
0
0
0
17
0
0
0
0
0
141
18
0
1
0
0
64
6
0
0
2
2
0
1451
1
0
0
0
4
50
2
47
1
0
0
0
0
0
0
102
5
13
0
0
23
8
16
7
4
32
2
69
0
26
74
2
33
9
0
0
1
14
3
346
0
2
0
0
1
3558
0
2
0
0
0
0
0
6
2
4
0
0
1
0
7
0
0
931
0
148
133
0
2
0
115
39
31
0
0
0
0
0
0
3
0
1
0
1
2
1
15
38
0
0
0
1
3
0
62
8
0
2
0
5
0
260
12
1
15
0
8
0
0
0
0
0
0
0
12
0
4
582
6
14875
0
67
0
0
0
341
242
0
8
1
6
15
0
33
494
2
22
1
0
0
58
0
0
23
1
1
0
195
1
0
5
0
0
0
0
0
2
54
0
108
2
120
1
29
0
3
69
0
0
3
2
7
0
0
0
21
0
0
6
25
726
280
8
57
0
1
0
0
0
0
0
1733
2
1
6
1268
0
5
1
32
0
1
0
1
53
0
0
0
190
0
0
0
4
0
4
0
0
0
5
0
0
0
1
0
0
1
2
0
0
0
0
2774
1
14
2
3
0
0
0
0
0
0
0
0
2
5
0
0
0
0
0
0
67
1
0
1321
1
14
2
1
0
1
0
8
0
0
0
0
27
0
0
19
1
0
0
5
0
115
0
0
0
0
2
0
0
35
0
0
960
7
1
0
0
9
0
26
0
0
0
2
0
0
0
0
0
0
4
0
9
2
1
9
177
64
0
0
12
1
26
0
1
9
1
9
1
0
3
9
238
0
0
0
69
0
0
1
1
8
0
0
7
50
5
92
0
25
0
20
6
1
2
3
12
0
0
87
0
98
112
1
0
1
25
0
0
3
0
0
0
0
0
25
144
2
0
6184
83
10
0
0
61
17
51
1406
2
28
1
0
630
11789
0
26
303
0
0
0
0
113
0
52
8
0
400
1
2
0
3
277
0
0
5
6
21
14
0
48
9
0
0
4
0
20
226
2216
0
4
0
0
0
0
0
10
0
0
0
20
91
1
0
3
4
0
0
0
0
0
0
596
0
4
5
12
1
1
0
0
0
0
0
0
0
0
295
0
0
0
30
0
1
0
15
26
2
0
5
0
26
401
11
0
0
18
25
0
0
1
50
8
0
0
4
0
0
1
0
0
0
0
5
0
0
1
1
4
0
0
0
0
99
0
2
0
0
1
135
0
0
3
5
6
0
0
0
0
0
4048
3
0
651
0
2
0
12
8
11
2084
0
0
0
0
0
23139
8
1630
7
0
0
13
0
0
8
0
0
1
0
0
7364
0
4199
33
0
0
256
0
1
0
0
3054
0
2
474
0
116
4
1
63
90
93
17
363
0
308
1
1
3
0
0
0
0
8
55
0
0
0
1
0
0
0
0
11
0
0
0
1
0
106
1
0
0
0
0
0
0
0
0
0
0
5
1
0
47
98
654
0
0
1
1854
0
1
0
20
3
2
1
0
0
1
0
21
0
0
3
0
0
0
3
1
0
0
0
0
1
0
343
80
47
1
0
11
0
21
0
1
0
0
0
1
1
2
2
2
24
0
759
1
0
3
424
0
0
176
1
0
6
8635
0
0
0
0
0
0
1
1
0
2
0
70
9
138
0
635
2
0
3
164
0
3
6
22
0
0
0
0
0
0
819
0
0
0
171
654
0
1
2
0
0
1
0
0
27
8
2
127
1
121
14
0
0
6
15
56
0
111
79
3
1
43
0
15
10
0
0
0
0
0
1
6
0
3
0
0
4
0
0
769
5
1
35
5
10
0
1
4
9
0
0
188
0
1
0
0
0
0
0
0
3
20
0
279
760
502
0
3
2
99
0
6
14
0
0
0
233
3
498
11
4
4610
0
0
0
0
0
4
0
0
0
0
0
8
0
0
367
0
139
0
0
442
0
1
1
0
17
0
3
0
0
0
0
2408
0
4
0
127
0
0
0
0
5
0
1
65
1
0
38
0
54
0
0
0
1
0
31
882
10
0
0
0
33
28
6
0
3
24
0
1
0
2
0
0
0
0
0
8
26
98
0
8
69
0
5
0
0
0
1
14
21
31
0
154
2
0
0
51
0
0
0
0
0
0
0
0
0
0
0
0
1
0
607
0
33
0
0
1
7
725
16
20
1
0
1040
0
0
0
0
0
5
169
70
18
0
8
0
0
0
0
0
1568
44
1
0
5
0
1
10
0
0
0
0
0
625
17
5
0
46
18
0
0
0
0
0
1
0
0
1
0
3
1
0
0
0
61
1
0
4
0
2
0
2
444
125
35
0
0
78
88
0
2
16
9
0
6
1426
2
2
3
0
0
0
0
1
0
27
18
0
0
0
0
1
0
2
0
0
0
419
2
7
476
0
0
0
17
0
1
0
0
0
3
0
0
3
0
0
0
124
10
4
860
0
0
0
36
0
1
0
3
0
0
30
15
6266
0
18
2
0
17
4
47
0
7
1
0
0
0
0
913
1
10
21
8037
0
14
6
2
0
0
13
0
2668
2
0
0
514
0
0
1
0
0
0
0
0
0
0
0
2
27
2
0
18
0
102
0
12
0
441
0
63
0
0
1
90
0
12
0
0
0
0
0
0
347
0
94
12977
4
0
0
0
0
88
2
0
1
7
2
27
298
3
3
0
1
88
43
28
0
0
0
0
0
1743
10
1
0
0
0
0
0
0
0
2
0
1
2
9
0
36
2
0
0
373
159
0
5
0
0
0
17
0
15
0
1
3
766
180
0
18
0
3
1
1
0
0
0
0
41
0
0
0
88
1
352
0
0
151
1
0
0
2
14
0
0
0
0
35
1
0
330
0
0
0
0
1
1
0
2
1
3
22
354
0
5
1671
0
2
1
33
4
44
2
6
0
530
1
115
1
0
448
271
1
136
0
137
15
0
0
0
0
4980
2
113
0
0
55
65
3
1
162
6
0
1
20
0
0
83
0
2
0
8
1
0
883
0
0
0
0
2
0
10
205
0
0
0
13
0
0
1248
5
0
0
72
0
932
2
0
1
2
37
0
0
9
2
0
30
2
1
2
0
108
0
0
0
16
0
0
1
12
0
1
12
0
1
2
12
0
0
380
0
2
0
0
0
16328
45
116
0
0
0
0
0
0
0
1
3
1396
0
3
19
0
2
0
2
27
62
0
46
1
0
1
1602
0
1
0
2
0
0
97
0
0
0
1
337
0
0
0
0
103
0
594
0
3
0
9
2
0
3
2
0
4
11
0
4
2
0
1
8
0
42
5
3471
0
0
0
0
0
0
24
482
0
34
0
3
2
1
0
2
6
0
15
0
0
0
4253
1
12
10
0
2
0
0
170
0
1
0
0
152
0
0
0
0
0
0
2
0
1
13
1
15
12
29
10
36
0
34
6
162
0
1
6729
0
0
0
1
23
0
0
0
0
0
0
0
11
2
0
0
0
1
40
0
3
24
1
240
3
2
0
0
1
0
0
42
0
2
2
193
1341
0
2
0
0
0
0
0
0
0
0
0
4
10
0
13
288
0
196
17
0
2
0
0
0
46
10
194
0
0
2
1
0
0
0
0
1
0
9
69
647
319
0
5
0
0
0
1883
147
0
89
0
1
2
1
2
0
0
1
294
0
1
10
140
0
23
0
1
107
3
0
0
0
0
0
1
24
1
1
0
17
0
0
7
0
0
205
0
0
0
0
3
34
0
1207
652
7
0
0
0
0
0
0
512
1621
89
155
19
0
40
20
0
0
0
22
1
4
29
0
8
0
1
0
0
0
0
0
237
222
7
7
0
28
0
0
0
0
0
235
0
1
0
0
2
0
10
1
99
0
2
1
0
0
0
6
0
1
0
0
0
3
0
0
0
0
0
4
2
2
1
31
0
0
0
0
0
0
2
25
6
132
21
0
1
0
0
5
7
2
1
4
7
1
2
3
0
34
0
0
1
0
1
0
0
1
0
100
123
3045
2
3
0
1534
588
1
3356
1
1799
4
0
0
0
1868
2
23
8
4
0
0
0
0
0
0
0
0
22
171
2
93
1490
114
0
0
34
5
0
0
16
0
28
2
37
3
0
73
64
3293
0
0
0
3
1
0
0
0
0
6
70
66
1
0
1
10
3
0
457
1
1
0
41
0
0
1
0
0
0
3
0
1
0
0
0
0
0
24
3
2
0
1
0
0
2
2
127
0
1
2
22
0
0
0
0
14
390
0
2
0
0
350
0
3
4959
1
850
59
2
0
0
0
0
2
0
154
11
201
8
0
1
152
6
1
1
0
2
108
8
0
14
1
0
2
0
1
0
0
142
1
0
0
0
53
2903
3
0
8
23
0
0
0
3
21
120
0
46
21
38
3
1
0
1
0
0
34
1526
1
0
0
0
25
0
0
0
0
0
0
0
0
75
0
1
5
17
15
4
0
0
4
90
0
0
1
1
0
2672
1727
0
0
0
0
0
0
0
15
205
1
5
79
1736
0
0
617
487
119
0
28
0
0
0
0
1
2
2108
0
56
0
2
0
31
0
7
2
0
0
12
0
0
0
1
0
2
8
1057
0
232
20
19
145
0
1
96
0
2
103
9
165
2
0
2
0
564
0
0
0
0
0
0
0
1
0
19
1
30
1
2
0
6
0
0
0
23
0
2
0
0
0
91
0
1
1
0
35
2
0
4
0
0
172
0
0
0
0
2
3
0
8
0
4
0
1
1
5
1
1
1
0
0
2
0
459
1233
0
2
0
1
177
0
0
0
0
0
52
1
1
0
0
1
474
0
0
0
1
63
13
5
0
3
0
0
16
0
0
0
349
364
1184
7
337
2
0
0
52
167
0
1
0
0
1
0
21
850
1
1
1497
1
0
58
973
1
0
0
0
0
2
0
0
2
2
0
21
0
0
0
0
0
0
0
0
0
37
0
0
0
112
23960
1
0
0
232
0
8385
58
1
102
60
167
0
0
8
9
15
8
0
0
6176
0
253
113
0
0
0
35
0
0
0
16
21
0
0
0
31
0
0
0
65
29
170
1
0
835
7
0
0
0
0
0
0
0
0
36
2
0
0
142
0
63
14
61
6
0
0
1
0
0
20
5
1
0
0
11
1
1
15
0
3
0
30
2
0
19
14
3
0
1
0
496
5
0
15
0
2
3
3
3
1
0
0
0
0
2
23
25
5
1
2
0
3
28
0
0
0
0
0
0
1
0
136
0
0
0
128
9
0
0
2
0
61
0
0
0
0
0
9
1
233
2
5
0
1
3
0
0
140
14
0
0
0
0
0
78
4
0
0
97
162
240
0
0
0
0
1870
3
1
7
0
1
0
0
2163
0
162
4
0
1
0
0
0
0
35
0
14
0
2
6
0
87
2
0
14
327
0
0
2
1
6
0
389
2
0
25
151
0
32
0
38
4
76
1
0
0
513
0
0
3
223
1
145
5
2
2
30
39
0
3
0
36
0
12
0
0
0
0
1915
0
1
2
0
0
0
28
0
0
3
96
3
3
1
41
5375
2412
85
16
3
0
3
0
3
0
45
0
0
0
1
0
2
0
302
7
0
0
0
0
0
0
0
0
0
3
20
0
2
0
1
163
0
1
0
10
162
0
4
2
0
0
0
210
0
0
2131
0
0
0
0
62
0
0
1
35
3
60
0
0
131
0
1
163
19
0
467
0
29
195
2
0
1
0
0
8
1108
0
13
0
0
0
2
3
0
1
717
1
0
160
4
0
14
0
67
5
1
327
17
1
623
94
10
6
0
0
0
1
1
1476
577
0
0
0
0
32
0
0
97
118
0
230
0
0
17
0
877
0
3
175
1
4
3
4
0
0
119
10
931
0
0
2
2
0
14
0
0
6
0
0
46
0
0
3259
0
26
0
0
30
1
53
1
0
0
1
10
0
12
0
0
0
146
4
728
0
15
0
0
0
56
0
0
2
2
0
53
0
3
0
0
0
56
0
39
8
0
84
5
0
3
0
20
0
5
9
0
0
0
5
7
1308
1
0
0
0
0
0
0
1292
14
1
0
11
31
14
0
1
0
23
97
83
0
0
0
1
3
301
16
3963
0
0
1
0
0
0
0
0
15
0
3
0
0
36
2036
1
25
39
525
7
0
2
0
0
0
1
1
4
13
0
47
2
0
0
4
20
1
0
0
0
0
0
7444
8
1
2
0
2
0
2
0
147
136
0
1
73
4
0
2
0
1
22
0
26
0
0
0
0
0
0
0
2
37
0
11
0
0
0
0
150
0
282
0
11
13
63
0
0
0
7
1
28
0
0
2
68
0
45
13
0
1
1
0
0
0
0
1186
10
204
15
1
2
0
1
0
5
66
9
4
10
0
467
18
61
0
0
1
0
35
0
0
0
0
0
0
0
8
4
1
0
0
0
62
0
0
3
12
1
1
8
3
1
0
1
0
9
8
3
206
0
0
3
18
2
1
2
0
0
1
0
0
5
4
21
1
0
46
1
0
1
0
75
31
0
14
0
0
0
0
0
0
4
0
0
0
0
0
2621
0
0
0
28
5
0
203
0
0
1
1
1
944
0
0
20
295
0
42
39
0
0
0
2
0
0
1725
0
649
0
10
0
0
0
0
0
1
1
0
0
11
0
24
0
16
0
0
0
4
1
0
1
570
0
0
0
1704
0
0
1
0
0
0
1
0
0
0
3
146
15
0
3
0
173
0
1
5
4
1844
51
0
0
1
3
98
89
27
0
53
1
69
64
3
229
9
67
2
0
0
0
12
262
0
15
5
23
11
0
2804
19
0
2
1
0
0
55
0
0
0
0
1
3
5
0
0
0
0
0
0
2
204
112
6
0
288
299
0
15
119
83
0
3
3094
0
2
0
0
0
2
23
0
68
1
1
0
1
0
1
28
0
0
0
0
0
56
0
1
108
1
0
4
0
0
5
0
3
0
96
52
1
0
0
0
0
33
0
0
0
0
0
0
0
0
0
10
0
15
0
0
0
0
0
24
2
0
28
1
0
0
2
9
0
0
0
0
1
28
0
61
2
0
9
9
0
0
0
0
0
4
26
2
85
1
9
6495
5
352
18
51
0
30
41
37
3
2
12
0
0
0
177
0
0
64
110
0
0
0
12
60
38
2
3
7
0
0
0
308
0
0
3
4
15
0
71
14
0
132
1
0
1
701
0
2
0
0
381
0
74
0
0
1
0
51
0
114
70
2
30
52
6
20
16
0
1
0
369
0
0
0
20852
0
0
3
0
8
0
420
0
0
0
0
3
0
4
0
82
22
2
17
1
22
0
0
10
1
0
0
0
1
0
0
10
2
983
0
815
530
20
0
6
4
0
1
0
0
0
0
244
0
4
0
0
0
2
1
0
1
19
419
2
0
401
1
1
0
0
0
0
0
0
12
0
0
0
0
0
43
1
2
6
1
0
44
0
2
3
74
1
0
0
46
14
0
1
11
142
522
1
1
587
4
0
4
0
8
4
0
2
0
0
6
50
1
0
3
1
13
975
1270
0
1
7
0
50
9
1
2
33705
0
0
2
0
0
1
0
0
0
0
0
1978
1
241
1
1
18
23
15
16
193
91
0
1831
695
1
6
0
12
0
20
112
0
1
7
6
15
1
10
0
0
0
0
0
0
0
5
1
0
52
2
1
10
1
1
0
61
1
0
1
0
20
2084
0
0
0
1
1
5
0
0
0
0
0
1
19
25
35
3
1
411
1
0
2
1
0
0
1
671
0
1
0
1
0
621
44
0
0
0
0
1
0
0
0
9
9
0
0
0
0
0
0
0
6
3
77
44
2
0
0
743
0
0
0
368
0
0
1589
0
0
9
0
0
0
0
0
0
0
0
2
0
0
0
3
0
81
175
66
0
0
0
10
1
0
0
0
51
33
6
0
0
1
8
1
2279
8
18
0
1
0
0
0
0
0
0
2
46
0
0
0
9
1
0
214
0
14
20
4
0
25
0
0
0
0
3
0
0
0
0
0
0
0
0
25
1
1
1
1
0
0
19
3
0
0
201
0
3536
6
2
0
1299
1610
21
39
2
0
0
5
129
8
1074
0
88
17
1
138
0
0
0
2
21
258
0
1
4
4
1
1
5
0
0
0
1539
0
0
0
0
1
0
0
0
0
0
0
0
1
0
1
1
0
1
1
11
0
2
0
6
0
10
0
3
0
5
38
1
6
0
31
10
0
0
92
0
266
292
0
0
0
0
0
5
196
21
10
0
113
15
2
0
1
0
13
0
4
0
0
157
46
0
0
0
0
0
0
2
0
0
0
12
0
0
1
0
1
0
3
0
0
187
200
161
64
2
4
474
24
0
0
0
176
0
0
0
0
1
1
0
0
0
0
164
57
0
0
605
2
0
7254
0
1012
2
41
1
3
54
7
2
0
24
3
35
0
70
0
0
0
0
72
0
0
0
0
0
0
0
169
0
0
634
0
0
0
0
623
0
81
6
103
21
0
0
0
1
0
0
11
40
105
13
4
192
0
32
0
0
0
0
0
37
1
1
0
0
1
0
0
9
1
2
212
34
26
1
0
0
2
3020
0
0
0
2
1
131
0
1
0
3
0
1
3
0
0
10
2
76
0
0
0
1
1
393
0
76
113
1
3
0
518
1
0
57
1
0
34
1
0
91
196
0
30
0
0
718
0
7
0
746
0
0
0
0
0
1
0
0
5
1
0
0
0
0
0
0
1
0
0
50
0
0
0
0
0
0
118
1
0
3
13
0
0
2
1206
0
7
1
61
0
0
0
0
10
14
0
1
0
4
6
30
46
45
0
106
28
2
1
0
0
0
1
2
389
0
0
0
1
4
2
76
1
1
0
0
0
3
209
0
0
4
17
0
0
0
0
0
13
0
0
0
0
7
80
8
0
0
0
33
5
0
1051
1
2
0
7
1
0
1
0
0
2
127
4
0
0
0
0
0
25
0
0
0
0
0
0
8
0
1
6
1651
0
0
0
3
1
55
0
0
196
2024
0
0
0
0
245
0
1
0
7
0
0
0
0
5
0
0
0
0
0
674
24
2
1
1
0
0
0
2
32
2230
0
0
1
0
5
0
0
15
215
4
0
0
0
0
0
0
0
0
14
0
15883
1
21
2
0
1
0
2
10
538
7
2
33
4
24
0
0
0
0
0
32
0
0
0
25
0
17
0
0
276
330
0
157
0
38
105
49
13
3
0
1
0
9
0
0
7
0
0
7
2
32
0
13
0
275
0
1
0
0
0
0
0
0
212
84
3214
4
0
0
3
0
0
0
3
415
0
1
0
50
190
0
0
462
1817
274
0
0
0
0
0
3596
27
6
1
0
2
1020
0
0
0
8
96
28
121
184
4
277
1
0
58
1
0
9
372
0
0
0
3
0
0
0
0
0
0
0
0
0
0
4
10
24
6
1452
0
0
1
40
137
0
1
7
23
196
131
0
0
3
6414
0
0
0
0
34
0
12320
4
8
1
0
10
24
6
0
0
1
0
0
1
0
2418
0
1
4
0
0
0
44
3
0
2
1680
0
2
0
1
0
0
1
0
0
0
0
2865
0
1536
4252
0
5
0
258
0
46
5
0
0
1
322
0
0
1
0
1
0
0
0
0
0
0
0
1
1
0
3111
0
0
24
0
0
16
53
1
54
1
0
0
10577
3
0
0
0
14
0
7
1
0
0
2
0
0
0
0
0
0
0
0
0
23
1
0
0
1
15
0
0
1
25
1
360
45
1
5
0
0
0
18
0
139
0
0
157
0
0
0
13
5
0
0
68
5
0
274
0
5
0
40
2
424
1228
1
16
0
1
0
12
0
0
30
64
0
3
30
2017
1
0
0
0
1
1
0
22
1
7
1
0
64
724
71
14
2
140
6
0
0
0
0
1
0
0
4668
0
138
0
0
0
0
0
0
0
1474
0
654
0
8020
0
9
1
0
3
2
22
0
61
36
14
0
6
0
1
31
1
0
21
1
0
0
226
0
0
0
0
0
0
0
0
0
0
240
0
0
18
0
9
7
443
27
0
3
38
2
0
0
1
116
0
0
0
0
0
0
0
0
57
19
0
403
0
7
17
2
0
0
313
0
0
1
0
919
22
1898
0
0
0
1
22
0
0
1488
70
0
0
0
0
0
0
0
0
26
19
1
0
0
1257
0
5
0
2
3
0
2
4621
0
0
4
1
0
0
3
0
0
1
1
0
0
0
0
0
18
0
0
10
22
52
4
0
0
1
11
92
26
1
6
3182
26
1
407
0
8
0
23
0
0
0
16
1
44
1
15
0
0
0
0
6
555
0
0
1
1
0
4
0
0
13
0
70
10
2
98
0
0
0
0
25
0
0
0
0
0
32
0
2
25
0
10810
0
2
1629
715
25
0
0
0
5
134
1
0
0
0
706
71
0
5
24
0
0
0
1
0
0
3
0
1
0
0
0
1
8
6
0
0
134
12
1
4
1
0
128
99
3
3119
2
24
0
0
0
133
654
2
0
0
0
0
0
0
1
0
0
724
1
22
7
1
0
0
2
0
7
0
0
0
0
0
1
2
82
25
16
0
2087
0
4
0
863
0
429
0
0
0
0
2631
2
16
0
0
1
67
2
15
150
0
0
4
0
0
277
49
1
0
1089
98
7
0
0
0
0
0
3
0
140
0
3
166
0
7
45
0
0
0
101
15
0
2
2
0
13
0
12
0
10
0
42
0
0
4503
1
1
4
0
1
0
0
0
0
0
1
1
1
102
1430
0
0
8
0
0
0
1132
0
33
2
0
0
0
0
583
0
0
0
0
0
0
0
0
0
1
1798
0
0
3
8
122
8
2
2
0
0
0
125
0
195
3
2
0
1
0
0
1424
0
0
2
70
37
1
0
0
0
0
0
1
4
5016
0
0
1
38
0
0
17
1
0
0
0
1
0
5067
0
0
198
0
4
255
0
1
0
0
3
0
0
3
10
10
95
0
23
0
1
1
2
0
259
0
2
44
0
632
0
13
0
0
2
0
0
17
31
5
0
0
0
0
0
0
0
3
108
0
596
0
0
0
21
0
1
1
0
0
0
2
28
7
0
0
416
862
18
38
0
0
0
0
1
1
1
18
18
232
32
0
4
25
1
2
0
0
3375
1
0
350
0
2
0
50
0
17
44
55
327
2
3
2
0
16
0
0
0
0
0
0
796
93
1
20
0
179
0
7
1
0
1
4
4
22
58
0
0
0
0
4
5
0
0
0
0
0
0
0
0
41
2730
11
17
0
2
9
6
5
49
34
154
1
0
0
2
0
0
0
0
0
5
1360
1
6
174
1
0
0
8
0
0
0
0
1
0
164
2
900
93
86
0
1380
20
0
8
2
6
1
1
3
0
0
0
18
1
0
0
0
0
0
0
0
0
471
1600
4
4
3
145
0
0
0
2
52
0
0
2
1
5
1017
89
0
0
0
0
1
0
0
0
15
0
0
0
0
0
1
0
39
1145
0
0
0
391
0
2
0
26
0
180
15
1
0
13
0
0
0
0
4
0
0
0
0
0
0
0
0
0
10
1
0
0
168
0
95
75
2
2
305
5
0
1
0
202
503
0
0
92
0
3
1
6
6
0
1
0
10
0
1
0
0
0
0
0
147
250
4
0
0
0
3
0
14
1
0
414
1
34
0
0
2
0
57
3
0
0
0
0
0
0
205
0
4
0
1
2
0
1
2437
1
9
0
39
110
0
15
1
0
935
473
3
2
2
1
1
1
1
8
0
3
26
0
0
0
0
0
29
38
0
922
0
7667
251
2
0
0
6
14
1
9
47
0
258
0
0
0
7
5
0
0
0
0
0
0
9
0
37
2
2405
9
0
2187
0
1
1
5
0
4
0
0
0
86
957
0
0
1
0
0
1062
0
7
7
2
12
0
1
0
0
0
0
528
0
0
0
0
74
0
1
0
0
1
5
0
0
0
190
0
0
0
0
2
0
0
0
0
0
0
0
88
0
183
3
2
48
0
194
2
1
0
0
1
0
0
23
2
591
1
0
0
1
1
1
3980
0
1
0
36
171
0
1
3
0
0
24
1
0
934
0
1
0
11
0
1
25
26
114
18
4
30
4
0
0
0
0
0
13
181
0
0
0
1
1
8
1
0
0
1
0
64
0
0
42
6
0
0
0
196
0
0
125
6
0
26
0
20
0
3
1
0
8
23
1
10
1
0
0
1
0
0
4048
0
0
0
4997
237
1
8
250
7
2655
7
17
1
0
0
0
48
0
0
0
131
0
9
0
0
0
0
0
2
0
445
0
8
552
33
6
8
0
0
1
45
0
836
0
0
0
3
0
2
980
0
32
551
0
0
1
1
0
0
0
0
0
0
1
50
0
1
42
0
0
0
5
0
0
98
2
5
1467
0
0
0
2
2
0
0
0
41
0
0
0
0
1
0
0
0
0
0
4
0
0
0
0
0
5
0
134
192
2
2
1081
0
138
6
0
1
0
0
9
0
23301
0
9
0
0
0
0
89
0
1
19
56
64
0
0
0
2
126
0
1
11
27
1
0
0
0
0
0
0
318
0
0
0
0
0
0
9
0
47
0
0
1
4
174
2
167
5
1
5
0
1
0
3
0
724
0
0
12
2
0
47
0
1
0
0
0
0
0
0
0
4
1
2
423
61
0
610
59
0
2372
0
16
0
0
4
0
0
2
0
0
46
0
0
1
0
0
0
0
0
0
0
0
309
0
0
10
6
0
7
1
54
377
1
6
152
10
0
36
1
5
0
0
469
0
0
31
2
1
10
0
3647
0
0
0
1
3
0
29
2138
1
3
27
20
3
0
294
3
280
10
5
0
0
0
0
13653
0
0
0
0
0
0
0
0
0
0
0
1
0
1577
141
0
0
0
0
5
0
0
2
0
0
361
0
19
0
77
0
5
0
0
0
3
5
344
54
0
0
0
0
1
0
0
1
0
1
95
10864
0
9
4
2
0
61
5
12
6
0
0
0
0
262
0
66
0
0
0
0
0
0
0
1
0
2048
2
383
5
0
196
84
0
1
33
0
136
1
5
0
95
0
1
2
612
10
0
0
403
0
0
2
1357
0
25
0
0
0
44
1
3
1
1
333
1
1540
267
1
6
2
0
1
13
135
0
0
31
2
8
4
0
0
0
0
0
0
0
206
0
0
13
0
459
10
0
0
0
0
10
642
0
1
0
0
54
0
1538
0
0
0
0
24
13
190
3
0
45
1
0
0
0
0
0
0
0
0
0
0
0
0
0
0
0
0
63
1
0
0
0
0
128
0
0
2
0
0
0
0
0
0
0
158
1533
0
2
0
17
6
0
0
266
80
4
21
0
0
1
811
0
0
1
0
3
7
0
0
2
3
4
0
0
0
0
0
0
3
0
0
0
0
103
7156
3
1
3
1
109
0
1
82
2
752
1
0
0
72
0
30
0
0
0
0
1
1
0
0
0
0
0
3
0
0
32
0
4
0
4
701
60
16
0
20
0
25
47
1
0
0
2
152
6
0
6
2
0
0
0
1
0
30
0
54
175
0
0
189
224
0
397
0
3
1
37
0
12
0
0
16
257
0
3
2
0
0
0
851
0
0
174
4
0
2
1870
7
31
13
1
0
61
1
3
0
556
89
0
0
0
182
0
4798
0
1087
28
568
100
0
2
0
0
0
0
69
0
0
0
8
275
45
251
11
0
144
39
246
5
0
0
3
0
0
0
56
2
0
0
0
0
0
0
18
0
0
8
0
0
0
3545
1
11
3
2
0
36
16
12
0
3
0
0
15
175
30
0
226
0
0
148
0
0
0
1
0
0
0
2
0
0
12
0
0
1
0
0
66
0
3
0
60
3
0
0
0
1
3
0
14
0
0
14
0
0
0
0
4
0
0
0
0
8
716
0
25
15
40
1
27
3
2
0
526
0
15
0
0
2279
4
49
1
0
0
0
0
1
0
0
0
1
1
1
0
0
7
12837
0
1
3
0
3052
1
7
24
10
4
4984
0
4
0
0
23
1806
0
0
0
129
0
0
0
0
0
0
0
0
0
36
0
0
0
30
3455
0
0
27
21
1
2
10
164
0
0
11
78
49
6243
0
0
233
36
0
0
0
0
0
0
0
0
0
1
242
0
0
0
4
0
673
2
1
0
0
259
0
37
7
18
0
6438
0
287
38
0
0
0
0
0
0
0
32
0
642
0
75
0
44
665
85
2
9
3
1
306
0
1432
8
15
1
0
242
209
146
0
17
0
1
0
56
0
0
0
0
0
12
0
1
0
0
726
0
0
1
18
56
0
0
0
189
1
1
0
0
0
0
37
0
0
0
0
0
1
0
0
0
0
1
208
1
19
1
4
421
0
0
3
12
0
0
23
0
0
0
0
0
0
75
5
11
265
0
0
5
0
0
0
0
0
3
0
1
38
763
5
2
1
1
62
0
0
143
8
0
0
0
50
0
0
2
0
0
0
0
0
0
0
0
0
0
72
5
0
1
1
4
29
0
2
8
0
0
0
0
0
0
18
0
0
109
5
0
391
0
253
0
0
1
1
0
0
0
0
0
0
6
0
35
0
3632
0
100
0
35
26
16
1
0
1
0
0
38067
0
0
7
0
0
0
0
0
0
0
0
0
6
408
0
1
7
0
0
0
819
4
0
22
0
426
0
0
0
6368
736
0
100
54
0
3
0
14
3244
0
1
0
0
0
0
0
0
7
1756
2
1
2
34
0
40
3
1
2
0
0
2
2
1882
72
0
0
5
0
0
10
0
0
0
0
2899
0
0
2
8
317
206
2
0
5
1
4
4
0
0
2
2
2
0
0
382
0
0
6
0
0
1
17179
116
0
1
0
0
0
0
1
2
1
13
0
0
28
5
0
60
24
243
0
2
2
0
0
1
311
0
33
0
0
0
0
0
0
0
0
0
2
569
0
0
2
65
1
289
8
15
0
0
0
678
0
5
0
0
1
71
0
1
0
0
0
0
3
253
2
0
0
0
0
0
0
11
0
1
42
0
1
3
0
1
3
1
0
0
79
1
0
178
0
0
0
2
0
0
22
0
0
0
0
3
0
0
1
815
0
0
9
1
2
1
4
48
3
0
0
39
13
0
0
13
0
1102
293
10
0
0
3979
3
4
12
0
0
0
0
0
289
606
10
1
1
1
92
1
1
1
0
0
1
0
15
116
200
1573
0
1
3997
258
0
0
112
0
231
0
11
1296
0
0
91
7
2
0
1
752
0
29
1
10
0
0
270
0
0
8
0
2
1
2
0
262
0
3
1034
587
0
0
0
0
0
2
1
0
0
3
204
0
0
2
4
43
0
3
1277
1
11
18
4
0
0
0
10
18
0
5
0
1
3
0
141
2
65
0
236
3
0
30
0
2
0
0
5
0
13
0
2
1
2
0
29
0
0
18
0
11
1
0
1582
0
19
1
0
0
0
0
13
0
6
623
0
0
1
403
3
16
6
2
2
354
0
1
2
18
0
86
8
0
0
0
0
0
117
0
47
13729
0
15
1
0
0
4
0
862
0
282
0
0
1
3
2
0
1
0
1
41
0
0
0
1837
1
0
143
0
0
0
0
0
0
4
250
0
0
2569
0
5
0
339
1
4
0
28
0
8
0
0
2
1
0
77
13668
1
0
39
0
0
1
0
0
29
8
0
49
0
2
0
0
57
13
1
0
0
9
12
2
0
0
1
0
0
324
4
0
1
6
0
0
26
0
0
0
0
0
3
0
4
0
11
0
0
6
3
0
3
1
2
0
0
0
0
3
1424
0
0
6
4431
0
0
0
0
0
0
0
8
0
331
1
20
0
444
0
242
2
0
0
0
0
2
0
123
135
0
86
0
1
1
0
13
0
0
0
2
0
0
0
0
0
0
6
1
0
1
110
2
0
2
23
0
1
24
1
2
0
1
0
4
0
18
111
89
0
30
0
71
0
0
1
0
0
0
0
51
0
0
73
0
0
35
0
79
0
3
0
0
0
0
62
1
0
0
13
0
3
0
1
0
0
0
0
11
0
193
4
1
0
10
82
31
0
0
54
40
2
27
1
0
3
0
619
0
0
14
0
4
0
0
0
44
0
0
71
0
80
8
0
2
0
0
1
0
3
0
0
6
0
11
2
1
27
0
0
567
0
2
0
1672
0
0
916
0
0
0
0
0
1
1141
2
3
71
10
4
2
0
89
2
96
15
9
0
0
0
0
3
1
0
311
0
1266
0
0
0
48
0
0
101
0
117
14
1
70
3
0
0
2
3
73
11
372
0
0
0
0
0
0
6
0
80
14
3544
1
212
0
2
1
0
0
0
19
0
0
15
1
0
29
0
0
0
0
0
0
1
0
0
2
7
248
23
803
2830
0
0
20
0
0
0
0
0
0
70
0
3
2037
14
0
35
30
0
429
1
2
0
12
2
0
0
0
187
0
1
0
1
9
0
0
54
0
571
0
0
0
0
0
0
0
86
0
0
0
0
0
2
0
0
1
0
0
1285
24
3
1
3962
2
0
0
0
429
3
0
0
0
0
0
0
74
0
5
0
5
0
38
0
0
32
5
0
0
0
0
0
4
76
0
1
1
0
2
0
0
0
0
0
1
0
0
0
4
0
4
0
191
0
0
1
19
1
0
0
1
152
5
36
186
22
0
0
0
0
0
2
17
0
0
0
0
0
85
0
0
0
1
5
63
0
0
1
139
0
8
20
0
784
7
0
2
0
0
1
34
0
17
0
385
0
0
9
0
0
0
0
0
0
2
0
16
4
1
9
60
5
1142
0
2947
20
0
4
1
83
0
1
0
114
0
0
12
0
0
0
0
1
0
0
0
1
0
0
6
20
7
0
26
1
54
0
163
46
67
1
1725
1
0
1
2
0
0
1
7905
2
0
0
0
2
0
0
20
0
4
0
0
39
3
3
0
1037
0
5
33
0
40
2
0
0
1
0
0
0
172
1
299
0
0
0
0
0
413
0
0
0
0
0
0
0
0
10
776
6
0
245
88
1
6
25
0
10
0
0
3
0
0
2
0
11
0
0
73
0
0
0
0
74
0
10
539
4
1822
136
1
460
1
2
17
1
100
0
18
4
0
1
1723
1
1
0
56
0
0
0
0
0
11697
0
0
4
0
0
1
23
0
0
4
5
0
2481
0
0
3
1
0
7
0
27
1
0
0
46
0
0
0
0
2
0
0
0
16
20
595
0
0
0
1
49
79
0
2
0
7
0
4
825
4
4
0
0
3
0
2
0
6
0
0
0
0
2
1
0
0
0
0
0
10
613
0
101
46
0
0
0
1
0
1
0
2
0
0
30
0
0
44
0
22
0
0
5
0
0
0
0
0
1
2
0
3
0
0
128
51
0
2
1
710
0
0
1991
0
21
1
0
0
124
5996
0
2
0
0
0
0
0
580
0
3587
1
22
0
1
73
2
3
3
0
0
0
77
101
27
1
0
38
0
8
0
0
0
123
3
4
0
4
0
0
0
0
0
0
11
0
0
32
12
0
0
0
0
1
53
2
3
0
1
0
1
0
80
4
48
143
118
0
0
0
2
0
7
52
22
1
0
0
1
0
81
0
11
0
0
0
0
15
0
0
0
0
1
814
73
0
0
0
12
117
0
0
0
0
0
0
0
0
28
0
0
0
1
1
0
0
0
3
0
0
0
6
0
1
0
0
0
0
2810
439
2
0
0
0
0
0
6
2
0
1
51
8
0
0
0
0
0
0
1
903
12
1
0
2
0
0
0
602
95
5413
1
30
13
108
0
30
1
0
6
0
0
0
32
1
0
2
22
0
0
47
0
34
37
0
0
1
0
320
103
0
0
387
0
139
0
0
0
0
0
0
7228
40
136
41
4
1
0
0
0
4
1
0
152
1
4
27
0
15
0
8
0
1
0
0
1
7
0
398
0
463
1
0
0
0
0
0
4
8
50
3
14
0
0
55
0
0
0
0
0
4
19
0
0
0
4
8
163
0
91
0
0
0
0
0
0
0
195
0
0
3
7
480
0
951
2916
0
0
0
13
1
488
2
18
5
213
0
0
0
0
0
0
7
0
0
8
0
7
0
0
0
80
1
0
4175
0
1242
0
14
0
2
4335
0
2305
1
100
0
0
0
0
60
483
22
1
0
0
0
0
0
3449
0
0
0
17
0
79
3
2
15
6
610
0
0
0
33
1
0
9
0
14
5
82
489
0
1
0
0
0
7
0
0
0
0
0
0
100
0
1
1
3
56
65
0
0
1
4
0
4645
0
14
0
0
2
23
0
1
0
0
0
0
0
0
0
17
0
2
0
20
2
0
1
0
2
2
0
0
0
0
1
390
0
10
3
1
3
3
1
4
937
0
1
0
8642
177
0
3
0
0
1
0
231
99
1
2
0
2
0
0
199
0
7
1
771
0
7
0
0
0
0
0
0
0
0
0
0
0
1
0
23
0
0
0
0
22
12
0
39
3
0
0
336
2965
3
13
1
0
1
1
0
0
530
1
0
383
245
0
1
1
0
0
0
0
0
0
21870
0
45
7
1
6
2
0
16
0
3
1
0
290
0
1
0
15
0
4
0
2
0
1
0
0
0
0
104
40
0
0
5
0
2
46
26
28
2
0
0
193
0
0
0
50
2
4
0
4
14
0
3
45
1
1
73
0
194
18
0
0
0
0
0
1
0
47
493
40
1
0
0
0
1
3
7
41
1
0
0
0
0
1061
0
0
0
0
0
0
0
0
1
3
0
8
1
0
1
146
0
0
77
0
48
107
0
0
1
0
56
7
0
1
66
1697
2
0
1
0
564
0
1
0
0
0
1
0
0
3
6
28
14
0
34
0
17
148
0
0
262
0
0
0
0
25
0
0
14464
0
0
0
0
0
0
0
2
1
0
67
8
0
4426
148
1
0
0
4
0
1
333
13801
0
0
0
0
55
1
1
0
12
0
85
0
30
1
46
39
0
0
0
7
2
1
53
4
0
23
0
0
0
2543
2
1002
0
33
1
133
324
0
0
140
1
158
0
0
0
0
0
0
1
8321
0
0
7
4
0
0
0
37
0
0
1525
22
0
0
9
1263
1
0
43
0
0
23
10
1
21
1917
3
1
0
0
0
0
0
4
27
0
0
91
9
0
0
0
1
2
329
778
2
37
0
17
0
0
0
12
1
4544
0
0
0
0
1
0
116
176
1
0
25
0
4
0
0
1
0
4
0
0
1
5
8
3
124
0
0
0
2
0
0
0
124
0
7
0
0
0
0
0
0
18
0
0
0
103
0
0
47
1
1
48
43
1
96
208
633
0
490
48
0
1
1
0
0
0
0
244
0
1
1
534
0
0
0
2
3
0
0
7
0
0
0
2
0
0
0
0
219
0
57
0
1553
0
0
156
3
4206
6
0
0
0
0
0
0
0
14
86
0
1
0
8
1
234
0
0
0
15
1
0
0
286
0
9
7
2
731
0
0
0
0
0
0
2
0
0
0
0
3
10
0
5533
94
6
0
92
0
3
0
121
0
0
0
0
0
0
69
1
0
1
1
0
6
60
0
0
0
0
0
76
93
82
63
0
272
0
1
13
5
8
0
0
62
0
0
2352
38
52
0
0
17
0
0
0
0
37
0
0
0
43
0
1
0
3
0
2
97
3
180
5
1754
0
0
7
0
0
2241
0
0
285
57
34
21
1
0
0
1
14
0
0
0
0
0
0
0
4
4
0
0
1
2
0
504
2
0
1083
22
7
0
0
1
0
0
0
1
1
0
64
0
0
0
0
3
1
0
0
75
0
259
0
0
336
0
3
143
16
1323
19
1
0
8
0
159
1
2
136
2
0
2
0
5
0
0
0
0
1
0
32
8
0
2
1
1
138
0
148
0
0
3
1
0
26
0
0
199
126
0
0
1112
0
0
0
0
1
0
0
51
0
0
3
536
9
211
875
15
4
2
0
4
3
137
0
0
0
0
45
6
137
0
694
0
0
41
0
0
509
1
0
0
0
1
0
4
27
2
35
1
1
13
0
0
80
4
0
37
0
2
1
72
0
0
0
1
350
0
4395
0
0
0
0
24
0
0
309
10
0
0
0
0
0
0
17
0
0
0
2
1
0
0
4
0
3
1
10
0
0
0
1
1
3
90
0
0
0
0
4
0
1
0
0
37
9
13
0
7
0
0
0
4
341
21
0
38
0
0
0
0
62
0
111
0
0
0
0
0
0
0
29
4
0
71
0
0
0
0
102
0
2
0
25
62
0
0
0
55
1
323
1
1
0
3
0
0
3
0
0
0
0
0
0
13
2
0
0
1
108
11
0
0
0
0
34
73
0
1
0
3
0
0
0
1
0
0
371
0
0
2
0
0
0
0
0
15
15
13
31
577
0
0
0
2
592
4
0
1
0
0
2
32
0
0
7
0
0
0
86
0
11
2084
0
0
0
0
12
46
12
1
0
3
0
0
4
0
50
0
513
0
0
1
76
1
0
0
0
4
0
0
0
0
0
0
0
0
0
49
16
9
13
0
5
1059
42
0
0
11
0
112
1
0
1
6
0
0
2
0
13
0
0
4
0
0
77
22
0
0
0
0
2257
0
3
0
0
353
0
34
1
0
0
4
6
18
0
2
5
1260
0
0
198
31
3
0
0
2
0
4
0
5
0
2257
0
2
0
0
0
0
0
0
2
0
1
1
5
0
2
13
0
2
0
5
59
0
0
1
0
17
0
0
0
0
0
1
142
0
198
2
294
2
11
3
0
14
0
0
2
0
4
8
0
0
0
0
0
2
6
0
0
0
82
0
0
0
22
0
0
0
37
2
973
1
0
2
4
5
88
0
113
0
0
0
0
2
64
0
0
0
0
1
0
4
6
0
0
0
0
0
0
21
0
19
8
0
15
3
35
58
10
0
1
0
0
5
0
1
0
0
632
42
27
0
0
0
0
0
20
2
92
0
0
149
0
0
1
46
0
41
10
0
430
631
0
0
2
0
0
742
0
0
5
19
0
0
0
987
1
0
0
1
76
0
2
9
33
4
0
0
0
0
0
0
0
0
0
16
6013
14
4
157
0
0
255
69
5747
0
1
0
3684
0
580
6
0
0
1
0
4
5
1
3
9
7
0
13
1
614
23
0
1
0
0
1411
126
0
0
2
0
0
0
17
20
0
0
1
0
0
1
1
0
1190
0
0
0
0
3
12
0
0
4488
103
375
0
0
2
0
0
0
33
679
0
0
0
4642
0
0
295
6
2262
28
36
1
0
0
2
1
0
10
13
44
1
0
0
39
37
0
1
0
3
2
63
2
1623
0
0
6
0
0
0
4947
0
1
0
0
1
0
3
8
0
32
216
0
27
0
1
0
8
0
532
0
1073
0
0
3133
0
0
0
30
0
1
0
0
0
0
3
0
57
38
1
0
262
13
16
16
31856
235
0
4
2
5
1
43
0
0
12
1
101
0
0
6
0
0
0
70
0
0
0
0
0
13
18
0
3
2
0
0
408
0
0
2
0
0
0
0
13505
0
620
37
0
0
0
3
0
0
0
0
9801
0
21
130
1
1
6
0
1
0
0
122
2
0
7
2
2704
0
0
0
0
3
0
0
0
0
0
13
0
1
0
339
0
15
0
2
0
3
0
1
0
0
0
0
0
24
0
0
0
1
0
0
6
0
12
132
0
0
0
2
0
2
0
0
3
0
7
0
741
0
2
1
0
6
388
95
4
9
1
1
4
0
25
5
0
0
8735
0
26
108
0
0
0
0
0
0
0
11
0
0
5
4
4
0
0
42
5
0
2
0
0
0
4369
0
0
0
0
0
2
10
0
2
0
2
0
12
10
1
153
57
0
0
0
0
22
7
7
12
1
121
1570
0
0
0
63
0
0
0
0
403
2
0
0
0
0
1
0
0
2
0
162
2
0
0
433
0
15
21
10
8
7
0
0
1
0
44
1
0
0
0
0
0
8
0
0
0
0
27
0
5
116
45
6
0
5
0
0
0
0
35
513
11
0
46
3
18
0
1
286
0
0
12
0
2
6
2
193
0
0
0
0
0
0
0
7
1
30
4
0
0
37
0
0
4
8
0
6
0
4
11
1
315
0
0
0
2
1
0
0
0
0
95
0
348
0
0
0
0
0
3
0
0
0
1
23
33
95
1
0
1
0
2
2
0
0
9
0
3
1
47
717
11
0
2
2
0
0
0
89
9
109
2
0
36
5
16
0
85
0
10
3
1
0
40
0
3
0
0
0
5
0
0
0
0
0
424
0
0
0
0
28
0
92
3
178
0
0
0
17
0
32
0
1
0
0
0
50
34
2540
3
0
0
0
0
15
0
0
2
29
0
0
1
2
0
2
2
0
683
0
35
2
42
2
0
1420
0
1
78
0
1
0
0
0
1
0
80
1
0
0
1881
0
0
0
0
2
10
1
0
0
0
1
22
72
706
12
0
168
381
1
387
0
106
0
5692
0
10
1
1
5079
1050
0
0
1
0
0
0
0
5
0
20
17
5
0
4
11
0
4
0
75
0
0
0
0
0
0
0
0
0
0
32
0
0
0
744
0
2
0
0
0
1
8
38
29
0
0
5
11
3
0
0
0
27
55
1
6
0
31
0
9
0
0
0
58
1
0
0
153
0
0
0
0
4
0
71
0
1496
5
66
0
25
9
0
0
31
0
2
469
3
0
0
0
4
0
0
0
0
0
0
3
0
0
0
290
1
4
13
1
0
2
23
0
0
7
1838
0
1
0
48
0
8
1
0
8
1
25
5709
112
13
0
1
0
0
0
0
0
1
0
131
21
0
2344
419
3
0
22
0
8
0
154
6
3713
0
0
0
1
11
0
4
0
0
0
0
0
2733
0
0
3
191
1
704
1
32
689
0
1
18
597
0
0
0
0
517
0
0
7
0
27
293
0
32
34
5
3
2
787
0
0
0
0
2
0
150
6
0
5
7
0
135
2
0
147
34
0
802
0
1
0
0
0
0
0
13
0
0
0
0
7
2
5
1
2
0
0
6
0
1
1
0
0
481
7
23
0
93
263
0
1
0
0
1670
0
3
0
54
3
0
0
3
0
966
0
2
0
16
23
1
40
2
7
0
0
2
0
2
0
1
85
4
0
0
0
0
210
7
0
8
0
0
0
0
0
0
10
0
9
0
0
13
0
0
0
0
143
15
3
115
1127
3
0
2
0
0
5
58
11
7
4428
400
10
0
13
0
0
0
119
0
0
0
1
5
2
109
2
4
0
0
6
287
1
0
199
0
0
0
0
0
5
0
0
8
0
0
0
0
4
2
0
0
0
0
122
1
2
2
4
0
0
104
41
0
0
368
0
1
0
0
1
0
53
0
1
0
15
0
0
0
41
90
1
0
0
12
139
0
0
8
0
3
2
0
0
0
136
0
0
0
0
18
0
0
2240
1
1
0
0
0
0
0
0
3
0
0
0
0
2
38
5
7
274
2
1
22
245
1
1
2
5
35
5
394
32
3532
1
0
623
0
2
5
41
3
2971
295
0
0
0
0
0
13
2
4
0
0
0
182
73
2
8
0
4
0
0
0
0
0
0
1
2
0
0
30
0
0
8
1
1
0
0
6
0
70
1
1
0
35
61
0
0
12
110
147
48
153
0
0
0
0
0
2
149
0
0
0
0
0
6
11
0
0
0
0
0
0
2
0
2598
1
0
6
2
0
7
0
3
0
1
1
0
0
0
1
0
1
1
0
0
0
0
77
0
4
0
2
29
0
3
0
0
4
0
0
0
0
1357
2
2
0
0
0
0
0
65
156
1
0
0
0
0
0
0
0
0
0
0
0
31
3
0
1
81
473
2
74
2
20
3
3
0
5
0
0
0
0
0
0
1
0
0
0
0
0
45
0
0
0
0
0
2
4
9
0
0
1
0
0
88
2
2
16
0
0
1
0
0
0
13
10
0
0
38
0
0
0
1353
0
0
0
0
0
27
2
1
66
1188
26
15
1
5
0
0
0
8
4
0
907
0
0
0
87
0
13
0
0
0
0
0
4
7
0
0
20
0
0
4
971
19
0
0
15
0
0
0
1
8
188
1
0
2
256
0
5
0
0
8
0
85
2
2228
0
0
0
0
77
0
8
204
0
2
119
0
0
0
7
34
0
4
2
0
380
0
0
0
59
35
2
0
0
0
2
50
88
2018
0
176
0
54
0
68
0
25
10
0
2
21
5
0
307
109
0
7
0
41
156
0
2
112
0
36
1
55
0
2
0
0
0
0
1
100
1
129
6743
0
2
10
280
0
0
2
0
0
0
0
3
0
0
0
1
10
0
0
0
0
0
0
2711
0
0
1
50
3
0
1
0
162
8
0
1
32
0
0
1
3
6
31
1
1
0
6
1
30
0
1280
0
36
2
0
0
1
0
8
0
8
46
1
168
7
0
0
0
591
402
2
3
9
2
1
0
0
0
0
0
0
22
0
0
0
2
0
685
0
0
0
0
7
467
1
0
0
0
6
7
0
39
0
6
4
13
0
0
0
1
36
0
42
35
82
12
0
0
1
0
0
0
0
1
553
0
97
0
7
32
91
5
0
804
0
12
3
141
9
2
0
1
1
23
0
195
1
0
0
0
0
1
191
0
0
4
114
2
0
104
22
0
5
0
172
0
553
0
19
132
0
7
0
388
5
3
2
2
0
0
0
0
0
0
0
0
4
15
11
6
1
4
2
148
0
1
48
0
106
8
2
0
0
0
0
0
207
0
3
0
0
0
0
0
0
0
0
0
0
1
135
1
10
70
1
0
0
0
30
2
33
0
0
0
17
0
0
19
18
84
0
0
1
0
45
3
0
0
1
0
0
4
543
1
0
3257
0
0
0
2
47
7
0
2
17
84
5
1
9
0
4
3
1
0
0
0
0
0
0
40
0
0
0
66
0
1
0
3
3
0
0
2
0
0
2
3
45
0
0
711
0
0
0
2
0
0
153
0
34
12
0
0
0
0
8
3619
0
0
14
1
0
1
0
5
0
1
5
2
0
2
21
0
21
0
0
1
0
0
0
0
0
0
0
102
0
44
0
0
0
0
1
0
10
0
0
15
55
0
3
0
16
2
8
0
79
0
0
4
2
0
1
0
0
0
0
0
0
0
0
0
11
0
12
6467
2
1
2
16
7
0
1
0
3
1
0
3
7
0
0
13
382
2
0
0
0
0
0
1
2
0
0
0
3
0
2464
4578
0
0
27
1
1
10
0
27
1
0
7
109
0
0
0
106
0
445
2
303
5
0
0
1
0
0
20
6252
1
0
6
0
37
18
102
0
44
4
0
1
0
1
0
0
0
0
0
2
0
0
0
2491
0
0
0
372
12
0
0
0
0
0
2
1
4
3
164
1
3
15
12
1
0
0
0
89
55
0
0
53
85
0
2
2
1
0
0
0
0
0
0
143
28
3
7
0
17
2
35
6
0
0
0
732
0
189
203
0
17
0
0
8
3
0
0
2
0
0
0
37
0
0
0
6
1
0
20
244
13
0
1
6
294
0
17
6
46
34
16
351
2
3303
49
7
3
0
0
0
0
0
0
0
0
0
11
0
0
0
16
0
1
115
12
0
0
0
24
24
18
2
0
0
0
0
0
0
2
44
0
0
0
0
0
0
6
0
2
30
3
1023
1
3851
1074
5
1
41
58
1
7
24
237
0
1863
7
2
3
1
0
1
66
4
55
6
0
2
0
0
0
0
18
21
0
0
13198
1
16
185
0
0
78
3
2
84
13
1
0
2
0
55
14
11
12
0
0
0
0
0
19
108
0
0
14
643
64
1
1
22
289
8
0
191
2
0
1
9
0
4
1
6
1
1
605
15
0
152
226
53
0
3
69
0
0
22
329
0
62
77
18
0
0
5
0
0
25
53
5
0
63
11
0
0
0
0
10
5
0
338
0
0
0
0
4430
0
0
1
0
11
1471
2
1
0
2
0
0
0
33
0
0
149
1
0
198
1405
36
0
9
0
0
43
2
0
0
0
0
1
0
0
0
0
1
2
4
0
0
9
17
0
0
0
10
0
0
0
6
190
0
0
1
0
0
2
0
0
0
0
3
49
490
0
2
1
3
2
408
29
5
1
0
0
0
0
74
5
0
3
0
494
0
1
0
4
2
133
0
0
3
0
0
0
0
0
0
5
0
1
35
150
74
0
0
0
42
0
60
2
0
4
1
16
0
2413
197
173
0
0
0
0
0
0
0
14
0
55
0
206
102
3
198
0
477
1
69
0
265
0
0
0
222
0
0
1
250
1
303
33
6
3
1
2
46
1
0
0
0
0
7
2
0
0
0
49
93
15
0
0
1
5
15
6
5
7
1
165
0
1
0
6
6
0
0
31
13
0
3
20
0
239
1
115
3
0
0
0
19
0
21
910
0
0
0
1
0
53
5
0
6
0
1
0
0
16
0
0
0
0
0
0
0
0
160
11
0
0
0
3198
0
3
0
15
0
0
948
0
0
0
0
0
0
10
3
166
0
0
0
0
0
0
0
0
215
6
0
5492
0
1
82
0
125
8
0
87
5
203
1
0
0
0
0
91
10
5
373
1
0
60
154
1
305
1
0
0
4720
0
22
43
0
0
42
0
362
0
0
0
0
0
9
3
0
0
4
2
0
4
28
1
152
0
0
0
2
0
0
3
6
0
10
0
62
0
0
3
2
0
0
315
0
48
0
9
0
110
0
3
0
10
0
0
92
2
0
17
3
0
0
1
2
0
0
0
2
4
34
1
0
2
0
2
0
326
1
23
411
1
0
1051
0
3144
6
23
11
0
0
0
0
1
105
17
0
0
1
0
2
5
31
48
0
0
6
0
1
57
0
0
0
0
1
10
773
9
0
4
26
0
0
64
0
0
0
0
2
0
13
0
0
0
1
2
7
3
120
0
0
0
0
0
0
1
0
1
0
0
0
0
0
0
0
0
13
0
42
2
0
0
1
0
5
4
288
0
68
0
0
3
89
11
42
0
12
0
11
1
2
0
1
0
1
2
0
1
5
1
0
0
0
0
6
0
1
1
0
0
1
3
877
0
183
0
4
1
4
17
54
0
2
0
0
0
173
1
0
0
0
0
0
1
1
3
0
60
0
42
0
0
0
0
0
0
1
0
0
0
0
90
831
0
0
1
80
0
1
298
0
0
0
0
0
0
0
0
0
23
27
0
394
0
29
0
0
1610
1
0
0
0
2
492
0
0
413
0
6
0
1
0
0
0
0
0
0
85
2
43
5
116
1
595
56
8
1
0
288
222
0
0
0
0
2
39
22
8
0
0
7
2
0
0
0
0
5
1
2
0
0
0
1
0
1
2
221
1
158
0
3
0
1
2912
3
0
9
70
34
43
66
0
4
0
3
0
0
0
0
0
1
12
0
6
115
0
0
0
28
0
7
54
22
0
15
6
2
1
71
0
2
0
0
298
9
0
15
0
0
68
9
0
0
0
0
0
740
1
2
4
460
0
0
90
0
0
67
0
15
16
24
0
2
0
1
0
216
1
0
0
0
0
0
0
0
2
2
0
22
133
5
0
9
0
38
0
7
9758
1
0
6
1
0
0
38
14
81
58
0
1636
2
66
0
2078
22
0
0
0
0
0
0
0
4
45
466
1
11
1
0
0
0
762
6
0
0
0
1
4
0
0
2
0
0
0
0
0
0
1
493
0
1
0
0
87
16
2
10
3
0
0
1
2
2
91
0
4
2
1
74
0
176
152
0
0
0
123
0
71
7
1
0
0
0
0
40
24
1
48
19
0
0
2
0
32
9
0
0
7
131
12
17
0
0
0
0
0
9
0
0
0
0
0
12
1
0
16
0
0
137
1906
143
35
241
0
0
27
0
0
697
0
6
44
203
0
5
2
0
1
232
0
57
2
1
1
0
0
0
0
15
45
0
0
5
1
127
13
0
0
0
0
0
12
0
0
0
1
103
0
0
0
0
0
0
0
0
2
1
25
1457
2
0
656
1908
0
76
3
0
118
1
4
0
0
0
6
33
10
0
0
139
0
0
0
1
1
0
51
0
0
0
0
0
0
1
69
0
36
0
84
8079
0
11
0
1
3499
0
0
0
4687
0
51
1
0
2
0
0
0
0
0
0
0
9
12
0
12
0
0
0
11
40
0
488
3
42
1
58
24
0
0
0
0
0
0
1
0
0
2
2
11
16
0
0
0
0
0
0
0
4220
1
0
0
22
0
0
2
7
0
0
22
0
22
1
1
0
0
1078
0
0
0
2
0
0
0
0
21
21
13
0
0
6
0
45
0
58
11
21
0
0
3
368
18
31
1
0
0
1371
0
0
8
11
3
1
0
0
3
3
1
0
0
0
0
0
3
0
0
2
0
0
0
3
16
1
0
5
0
26
0
1
0
0
0
0
0
0
0
0
0
0
177
18
1
0
0
0
0
0
0
8
21
0
0
0
0
0
2202
1002
22
0
20
0
51
6
1
3
61
5
0
2
57
1
0
0
0
0
1
0
0
0
0
0
1
1
0
73
0
95
0
33
92
2
0
0
0
1037
0
0
0
0
0
0
0
0
4357
711
1
0
485
783
140
0
6
0
0
1
0
7
0
17
0
24
2
3298
10
63
0
0
365
0
30
0
0
0
0
0
0
0
0
0
0
0
1
108
0
5
0
1
39
1
0
0
0
1
0
1
238
0
0
2
0
1
0
4
0
0
0
0
0
0
1
0
3
16
17
0
0
1
7
0
0
0
0
0
25
0
1
0
0
0
0
0
0
1
0
0
41
0
0
0
0
0
0
0
0
48
0
0
0
11
0
128
3
1
0
39
0
358
0
3
1
61
0
0
0
0
0
0
0
0
0
0
0
0
149
0
7
1
824
411
26
74
6
65
3
2089
70
1
10
29
0
4
1060
1
0
4
1294
94
1152
0
1
0
4
2
0
0
0
0
0
77
19
199
259
57
1
1
0
6
1
10
167
1
8
0
0
13
0
0
0
1
116
0
0
0
0
1
0
0
0
0
228
26
0
247
503
4
0
13
0
0
0
30
13
3
13
0
6
5
741
0
0
7
0
0
1
0
1331
18
0
34
0
0
0
0
1
126
7
12
0
0
0
1
2
199
1
0
11
0
1910
0
0
58
1
11
0
0
0
3
0
0
0
0
10
0
7
242
2
1
0
14
0
89
0
3
5
0
1
2
0
66
2
13
1348
0
0
0
3
0
7
0
6
48
51
0
0
0
0
0
0
3
0
294
1
1139
0
0
8
86
0
3
7
0
3254
0
0
576
0
0
2
0
0
2
0
0
1
1
2
448
66
63
2
14
1
0
0
0
1
22
0
0
0
15
0
0
0
26
1
22
0
44
0
0
2
0
3
0
0
0
0
0
1
0
0
83
7
8
1
3
0
466
5
0
0
0
2
1493
1
0
74
39
0
0
1
0
1
0
0
0
0
0
2
24
0
0
6
258
2
57
1
2
0
0
0
369
0
0
2
79
9
0
1
3
1
7
9
0
1
0
0
0
0
18
0
0
0
1340
0
0
14
2
15
5
51
1327
30
0
4
0
30
0
0
1
0
222
0
0
0
9
0
2
0
0
0
4
46
0
1
0
0
0
445
0
0
2
1
1
0
9
0
4
0
2
1
0
2
8
62
9
32
0
2
0
49
1
0
0
0
0
1
0
4
27
93
0
0
0
10
0
1
38
94
60
1
9
9
0
4
13
2597
428
0
0
0
1
0
0
0
0
0
3
4
0
424
0
1
147
0
32
0
1
2
0
35
9
0
3
17
462
4522
0
0
0
2
0
26
0
144
11
0
0
0
0
0
1170
0
15
0
1
0
0
6
0
1
102
3
4
24
1
0
0
0
0
7
1
60
1
0
0
0
0
0
0
0
229
98
21
0
10
0
182
13
6
0
1
1
0
5
34
31
0
302
11
0
0
0
37
3
0
1
0
0
0
0
0
0
0
907
0
0
5
3
0
0
358
6
0
4
0
2
229
0
10
0
1
0
1
512
45
8
6
0
0
0
0
1
0
1
0
998
45
0
0
122
0
1096
1
2
0
0
1
0
0
76
0
72
116
0
0
1
3
0
0
1
0
238
0
0
0
0
0
17
5
0
131
0
0
0
5
0
0
99
9
0
0
4258
1
15
0
0
1
7062
172
13303
0
0
0
0
0
2
0
28
0
0
1
0
0
156
0
0
8
0
12
1
0
904
0
2
0
1
2748
30
8
0
371
0
0
0
0
30
1
0
0
0
0
896
2
0
3
0
12
325
2
0
0
1
14
73
0
0
3
1
0
0
3
0
0
0
0
0
0
0
0
0
0
0
0
1
170
3
0
2
0
0
19
1
259
13
142
0
0
114
63
6
71
0
9
0
0
11
0
14
0
6
0
0
0
0
151
10761
3
1
40
0
0
0
2
0
0
11
0
0
1
0
18
45
3
0
0
0
116
2824
31
0
0
0
0
0
0
0
0
78
3
0
7
268
0
0
0
307
0
2
8
402
6
1
10
757
1
4
6
0
0
2
7
1
0
5
0
1
0
2
1
14
93
0
1
0
1
0
3
0
0
0
8
1
0
0
2
1
0
3
5
0
0
69
0
0
0
0
0
0
0
1
0
6
0
1
30
0
2
39
0
2
11
0
0
0
6
356
10
1
1
42
1
0
0
51
0
27
190
30
0
0
0
0
0
0
0
9
64
1
2
0
24
0
103
1
0
5
0
2
83
44
11
0
345
0
0
20
1
0
1
0
0
76
8
0
0
2729
8
1
28
0
2
944
1
2223
0
0
5
0
1
76
0
430
5
0
7
0
8
1475
1789
4
8
238
0
0
0
16
1
0
0
0
9
0
10
48
0
47
0
0
0
13
1
2
2
13
0
26
8
0
4
660
0
0
0
0
0
38
177
1
0
4
0
306
0
0
22
2
146
11
0
133
65
7621
0
0
0
137
1
0
222
0
2
1
21
0
0
1
9
1
0
0
1
0
0
29
0
40
0
0
1
0
230
0
0
5
0
0
0
0
0
13
0
0
53
4
0
0
0
0
1
0
0
0
0
3
0
0
5
0
948
30
349
1
0
2
2569
5
0
1
0
9
1768
1
0
107
0
0
1
2
1
2
5
0
0
21
1
0
21
0
1
750
4849
0
0
1
0
75
60
215
18
1378
0
1
2
744
0
0
437
0
0
0
0
0
0
0
292
11
6
4
0
63
1
0
23
1
324
0
1
0
1
0
0
0
12
0
6
0
2
0
11
1
959
0
0
0
0
0
0
0
0
0
120
0
2
0
744
3
3
0
0
1
3
30
735
0
0
7
0
20
0
0
16
0
7
0
0
0
0
0
0
0
34
148
15
105
0
0
19
6045
1
0
0
0
1
2
1
0
11
0
5
0
0
8
0
5
7
2
15
45
134
0
0
8
0
0
0
0
19
0
0
4
5
1
0
0
16
2
6
0
0
1
0
2
0
0
309
0
0
0
0
0
0
0
2931
7
0
0
2
0
2712
4560
0
1
0
35
0
3
1
5
0
0
6
1
0
0
1
0
0
30
0
1
4
16
250
0
0
0
0
0
0
2
0
0
5939
0
5
33
214
4
10
0
379
0
0
0
0
1
0
2
11
0
1
0
0
0
0
0
1
0
0
49
27
0
2
3
0
1
0
0
0
2
3
0
356
28
63
647
0
88
2
0
0
0
652
1
0
33
9
0
0
2
0
0
4
8
163
9
293
23
0
0
0
85
13
4
2
1
36
0
0
1
440
0
120
0
4
0
0
164
0
0
0
0
0
0
1
1
1
0
0
1344
18
0
1
0
329
4016
0
8
0
28
6
2
1
0
0
61
535
0
1
928
24
0
0
0
0
0
14
0
1
2
0
0
34
26
33
0
2
166
0
1
0
18
925
0
4
57
88
0
0
0
0
0
337
0
154
0
47
0
498
29
1
0
1
14
7
0
126
820
13
0
45
0
0
0
0
0
1403
0
0
0
1
15
0
4
514
0
0
0
0
2
0
0
15
22
10737
0
11
0
190
2
5
2
609
0
4721
18
1
0
0
0
0
0
1
0
0
0
5821
0
1
76
0
6
0
4
124
449
45
0
0
0
0
2
7091
1
0
0
713
191
557
12
0
1936
0
0
2960
14
0
0
45577
1
0
0
1
2
0
3
1
0
2
9
0
0
3
139
0
1
0
10
1
17
9
0
0
0
1965
0
0
0
0
0
24
0
0
15
0
5
110
0
2
1470
0
0
1
134
0
1
312
17
2
0
513
2370
0
1199
0
173
0
1
3
156
0
0
88
0
0
0
0
0
0
1
0
0
70
17
3
3
1122
0
0
12
0
0
7
2
0
0
26
0
264
0
1
0
0
0
0
1
0
30
0
0
0
52
0
2
0
0
0
8
4
1
0
14
123
0
3
56
2
0
0
88
0
0
743
1
0
1378
396
0
0
0
0
0
0
0
0
0
199
0
5
0
9
50
0
0
1
3
0
0
3
0
0
0
1
230
0
0
0
0
0
0
0
1
173
0
1756
3
0
2
1
1522
0
3
11
921
35
0
0
0
1
0
1
0
2
41
11
0
334
0
0
1
299
0
0
0
0
0
0
0
0
202
0
0
31
5
2
0
0
17
1
1
543
3
0
5
40
0
0
0
19
0
0
0
0
0
260
0
0
0
1
3
0
1
0
0
0
0
536
2
177
0
0
0
54
868
981
57
169
0
0
6
1
1
1
1
0
0
0
0
0
38
0
0
217
1
2
0
9
1
123
0
3
2
3
29
413
0
0
17
0
0
1
0
5
0
0
0
0
0
0
0
67
6
3
0
0
1
0
14
0
1
27
9
5
35
0
4
0
16
66
1451
2
4267
0
6697
2
1
0
0
0
1
0
0
0
29
0
0
94
29
0
0
0
12
32
0
1
0
1
0
0
0
0
3
108
0
0
1
0
0
1
0
0
0
0
1
67
0
0
3
26
19
0
717
0
0
343
239
15
0
90
34
45
2
68
36
0
2
0
4
0
2
1
2
1
0
3
0
0
65
0
2
0
26
1
0
13
1
1
6
0
0
0
0
1
0
3
0
36
0
0
3
38
0
0
0
0
0
0
44
8
0
0
0
1804
302
0
1
0
52
144
0
0
54
84
6
1
3
267
1
0
1
0
21
1
5
0
0
2
0
0
0
0
0
3
794
6
0
0
26
0
3
117
0
39
0
618
0
1
1
0
0
1
0
0
11
0
0
0
0
0
0
3
5
0
0
0
5
0
1
1358
0
29
405
0
5
0
0
0
0
1
20
2
0
0
0
0
0
87
0
1
25
0
0
0
0
0
0
3
2
4
0
590
0
0
3
0
58
3
864
0
8
264
12
0
0
3
0
0
0
7
0
0
0
0
0
1413
0
1
0
23
1
1
0
1
134
0
400
27
2
0
0
85
1
13
0
0
11
0
2
5
0
0
0
0
5
0
0
0
0
0
0
1
0
5
3
0
20
5
7
0
76
58
0
0
0
0
2
0
0
0
0
0
0
0
0
0
0
0
0
19
35
1
0
18
0
2
3
0
0
0
0
1
0
17
1
670
1
7
16
1
0
0
2330
0
298
1
0
0
0
2
1
0
0
0
0
0
2692
0
2
0
2
0
0
0
0
0
141
0
0
0
0
0
0
0
0
2
0
2
0
0
0
0
0
251
14
0
1
0
0
0
1387
0
6306
791
0
46
1
28
17
8
1927
1
0
0
13
0
0
1
22
523
0
0
0
1
0
1
0
0
0
58
409
44
9
183
16
2
0
0
175
0
1
1
2
0
2
1
0
1
0
47
0
0
0
8
0
1
0
39
1
1
0
0
0
0
755
7
0
0
26
1
289
5
0
0
0
0
0
0
2
512
0
0
3
2
0
9
10
0
0
1
0
0
0
0
0
1
2
103
0
0
15
0
0
0
1
101
0
118
1
2
0
0
1
0
84
45
0
0
0
1
0
1
1
15
5
0
0
8
1
13
1
8
0
118
2
0
83
1
0
1
6
29
24
1
6
3
40
1
0
3728
0
0
0
0
0
0
0
1
586
92
0
0
2
0
1
1
0
1
6
13
476
7
18
4
0
0
0
0
2151
72
0
0
0
0
0
4
5
0
1
7
11
4
434
0
17
54
1
0
10
0
0
1
247
1
0
2
2
0
120
334
5
8
0
3
29
3
0
0
0
0
0
0
3
8
4
107
0
0
0
2
0
0
12
0
20
14
0
0
1
3
37
2
0
0
1
6212
0
0
0
0
0
2
106
65
7
276
1
185
0
5
0
143
6
0
3
35
709
0
0
1
18
0
11
0
38
2
0
0
2
1
1
0
1
1
0
1
442
0
0
1
1
0
23
3
106
0
224
0
19
0
0
0
1
1
0
0
0
222
0
0
0
0
0
0
2
4317
0
2
13
0
0
0
0
0
46
6
0
75
0
2
40
29
4
15
107
135
29
3
10
1559
0
0
2
0
0
0
0
0
1
11
14
1
1
3
32
0
176
145
0
7
0
0
3
87
4
17
0
0
2
0
0
0
45
0
0
0
0
2
15
0
1
15
0
4
0
0
3
1
66
4
5
0
0
3
58
1
55
0
679
14
1
47
90
9
0
0
0
409
0
0
0
0
0
11
0
29
10
0
0
309
2
91
119
0
0
216
17
0
0
66
0
0
835
0
0
0
0
0
0
0
0
0
0
0
1
0
51
0
74
0
5
0
0
16
0
28
0
0
0
113
13
48
167
0
0
0
4
0
0
0
57
32
0
0
0
0
0
0
7
0
0
1
37
7
107
0
0
0
11
1
0
16
62
1
4
0
0
20
0
0
0
0
0
0
0
0
4
281
4361
3
33
0
108
90
0
1
0
2
0
1
1
0
11
0
8
4
150
0
5
9
2005
0
0
0
20
58
0
1
0
0
0
51
0
0
30
11
196
134
0
1
0
0
0
5
2
5
0
0
4
12
0
29
0
0
0
0
0
1
0
2184
2
0
0
26
116
0
3
1
130
1
0
0
0
6
0
0
8
2
1
0
0
0
249
0
0
0
4
0
0
60
0
0
0
0
0
4
0
0
0
10
3
0
0
10
2
0
0
0
0
1
0
23
0
0
0
6
3
0
0
0
0
0
0
0
80
34
9
75
5
59
0
0
3
5
3
0
0
3
19
0
0
0
2
1
0
1
0
318
950
10
0
0
2
9
0
0
1
59
0
1186
0
0
0
80
0
0
1
2
4
0
0
225
38
9
772
3
21
0
1
167
12
0
0
0
0
0
0
0
62
1
1
10
0
0
2
3
0
459
0
0
0
24
0
0
0
0
0
0
14
4
0
3
1
0
0
0
0
0
0
0
0
16
0
0
448
0
16
11
10
8668
1
0
74
0
0
2
0
0
18
5
193
0
0
0
0
0
0
0
0
0
0
1
137
0
0
61
4284
0
0
7
0
20
0
0
0
3
0
22
0
257
2
127
6
175
0
1
220
18
0
0
1006
0
0
0
0
2
0
0
2
17
16
0
0
0
0
3
0
65
2
0
4
3
364
0
0
0
0
0
2
0
0
0
0
0
0
0
0
4
0
3
10
0
3
0
689
5
128
0
74
1
2
0
2
0
1811
0
2
42
0
1
1
5
0
0
20
3
0
0
0
1211
0
0
19
0
908
0
9
0
2
0
1
0
1
2
2
0
8884
0
0
0
0
0
0
38
0
0
0
1
0
0
2
0
114
0
56
5446
0
39
0
2
8
317
0
841
0
0
0
0
0
155
0
2
0
367
0
25
0
2
0
6
0
0
1
0
0
203
1
0
27
0
3
1
60
0
2
4
3
1
55
0
0
0
0
0
0
0
0
24
0
10
0
0
506
2
3
244
0
5
0
1
74
14
0
0
8
1
1
0
2
0
4861
1
31
3
0
1
0
24
1
0
0
2
0
0
0
0
0
0
0
1
11
6
0
807
2
28
45
3
0
2
102
0
0
0
0
137
271
0
0
0
0
0
0
0
0
0
0
3
1
0
0
0
0
192
0
0
0
0
0
5
0
5511
1
5059
6
0
1
1230
1
150
0
179
0
0
0
0
6
87
0
0
0
0
0
1
7
1
39
25
318
10
0
0
9
0
1
12
3
1
0
2
1
0
0
0
0
0
0
0
0
0
713
414
0
1382
118
0
0
25
202
3
182
0
14
13
1596
0
36
0
1162
11
11
19
11
0
0
2
0
53
0
21
455
0
0
0
0
0
13
1
0
0
12
2
0
27
22
0
0
1
42
0
0
0
0
278
0
0
0
0
0
40
0
0
0
0
1
0
0
0
7
0
5438
71
61
2
727
3
0
0
68
0
0
98
0
0
1
0
4
0
0
1
0
542
0
1
0
0
0
0
0
0
0
0
0
0
0
377
5
16
4
0
0
0
0
18
1
0
0
4
0
0
0
0
0
31
0
0
0
0
0
0
1
0
2
118
40
0
2
9
10
17
18
13
186
0
1
1
458
75
8
4
0
610
2
0
0
0
0
0
3
1
0
0
0
0
1442
0
2
2
0
0
682
51
63
0
1
12
0
1
14
0
1732
0
0
0
0
32
260
1
0
0
0
0
0
1
38
1
0
3
2
0
11
5
140
20
0
7
37
7768
18
0
2
1
0
1069
0
1
12
0
0
7
6
1
2
6
8
0
0
0
30
18
5
16
57
16
0
0
0
0
366
0
0
610
0
0
0
131
0
0
0
16
3
12
0
0
0
0
0
3
0
0
4
8
0
0
0
3
102
0
0
0
0
4
0
0
1
2
230
2
0
20
31
0
0
0
0
143
2
0
0
0
0
0
10814
0
9
5
15
1
2
0
15
5
80
0
0
0
0
0
0
0
225
0
0
498
0
329
0
0
0
0
0
0
0
8
1
37
10
4
6
4
374
8
2
0
36
0
3
1
1343
88
398
2257
0
0
0
0
115
0
0
0
8
2
15
0
0
0
11
0
4
12
0
0
2
6
0
65
0
0
4
0
0
0
0
0
200
4
0
8
91
3
0
0
0
0
0
25
0
0
1
0
28
1
0
0
0
42
0
9
0
0
156
6
1
1
35
19
0
3
1
0
0
0
0
0
1
17
0
1
0
0
0
211
0
3
9
1
0
340
2
6
5
35
1
10
0
4
0
2
64
40
0
4
0
0
1
0
44
0
0
5705
29
0
0
0
4
1
0
0
0
0
10
4
5
206
0
3
0
2
0
1
83
4
2
0
2604
20
0
19
2
0
12
0
0
0
0
0
1
0
0
1
6
31
0
0
0
0
12
0
0
1
1
2380
20
647
1
0
0
0
0
0
0
49
0
168
0
0
15
0
49
184
635
8
63
38
0
8
1
0
0
1
1265
0
9
0
10
4
0
0
3
29
80
0
0
3
0
0
0
0
10
0
0
0
137
0
40
90
982
2
350
806
0
3
0
2
0
0
0
0
0
2
0
20
0
0
0
0
0
0
238
0
3
42
0
4
0
0
2
1
6
0
0
0
2
60
260
36
2
0
1
0
2
0
0
0
0
6
0
29
34
0
1
0
1329
0
1
0
5
0
31
0
0
7
0
0
73
2
0
171
484
40
6
8
0
0
4498
12
0
0
0
0
0
19
1
0
37
0
8
0
9
19
3482
0
0
0
0
0
0
48
0
0
0
2
65
2
0
5
0
20
2
0
0
11
0
0
0
0
0
357
0
0
15
0
0
0
2
0
0
3
0
0
0
228
0
0
33
0
0
0
3
11
0
1
0
0
0
268
3
0
0
9
24
14
1
0
1
22
13
1814
1126
0
1
0
2
0
235
18
264
0
170
0
0
0
0
0
34
2
11
0
0
0
0
3
7
0
0
0
5
0
0
2
32
19
0
0
3
5
0
0
0
0
27
0
0
0
0
0
0
0
0
81
13
87
14
0
1
5
1
82
0
0
1
0
0
0
20
0
29
1
27
0
0
41
0
12
10
0
0
0
1295
0
0
0
0
0
0
0
0
0
0
57
1
1
81
0
0
623
3
231
11
0
0
8
31
0
47
554
0
0
1
0
0
0
0
5
0
40
0
2
12
0
0
0
2330
1
0
28
0
379
17
0
2142
15
3
0
1
361
0
0
0
99
0
0
223
1
0
0
0
0
0
39
8
33
0
69
0
22
0
0
29
6
36
0
40
5
0
0
0
2
301
2
2278
5
0
0
0
0
0
584
0
0
2
1
1183
0
53
2
0
2
1
0
0
35
0
0
0
3
8
0
0
0
3
171
5668
0
1772
0
0
10
0
0
0
0
0
7
376
37
0
3
2
8
29
0
0
0
1
4
0
1
0
76
7
1
1329
1
0
3
0
0
0
0
0
37
3
0
0
19
15
9
259
0
0
0
1
0
41
485
0
6
769
7
2
24
89
0
7
4
0
410
1
0
44
0
0
46
0
1
0
0
1
94
9
2
0
139
96
144
4
0
0
0
0
0
0
62
0
0
0
0
592
1
0
0
0
0
0
2
1
0
5
0
19
4
0
0
4
14
103
0
6
0
0
0
70
213
1
0
4
0
124
0
35
4
0
0
418
0
0
0
0
0
0
0
114
1
0
2
1
1
3013
0
0
0
8
0
4
4
1
1
757
0
0
2
2
0
0
0
0
0
0
0
7
0
2019
5532
0
8
3
2
4
0
228
11
66
2
0
2
1
0
0
0
95
3
0
0
0
124
0
15
0
1
0
0
0
0
0
21
0
0
0
1
0
22
271
20
0
0
0
21
0
0
24
0
97
0
0
167
6
0
0
0
0
0
0
1
4
37
0
8
9
0
0
1
0
0
0
3739
1
0
17
0
0
0
154
175
1
31
0
0
810
9
0
36
0
3
0
0
0
0
0
9
7
2456
15
0
4
1
0
3
189
297
772
0
0
18
0
5
9
0
0
739
0
7
0
0
0
0
0
1
3
1
3
4
0
0
0
145
0
5
3
0
3
0
34
118
0
2532
21
8
60
207
0
0
0
1
0
0
0
36
0
0
0
0
0
13
0
0
49
6
8
1
78
4
0
64
4
9
5
16
4
0
12
0
0
1
16
1
0
2
0
0
0
78
5
0
0
1
0
3
110
7
0
5
4
0
24
0
3
4
7086
1
0
1
0
0
22
12
46
0
0
0
7
0
0
0
0
1
0
0
0
147
0
6
32
11
0
1
0
0
1
1
0
5
24
18494
18
0
0
0
0
3
0
1
0
0
0
0
4
2
1
0
0
0
0
0
507
0
23
49
0
2
1
3
76
0
0
0
17
1
255
1
6593
0
4
0
0
0
0
0
0
0
0
363
6
14
718
634
0
3
3
0
57
0
1
33
11
1
1
1
55
6
0
1
0
0
0
0
0
0
0
0
0
520
0
0
17
2
6
1
0
0
0
0
1
1
26
0
315
144
0
0
0
0
110
0
70
0
0
518
2
3
0
0
0
0
0
0
14
1
12
5
760
41
24
2
10
3
1
0
0
1
104
0
0
18
0
14
0
6
0
0
0
0
0
227
0
11
3
48
2
8
6
1
133
0
0
0
0
1
0
0
0
1646
28
0
0
0
4
3
0
23
19
0
2
19
0
0
0
0
0
856
9
10
0
12
13
696
12
5
1
1
0
0
27
2
0
0
2
0
0
7
0
0
0
0
0
0
1
0
54
0
118
0
46
414
55
0
9
0
0
3
0
3
5
3
7
17
0
2
0
2818
1794
47
0
4
0
0
14
0
1
1
0
0
0
0
0
9
1
12
64
49
6
711
5
0
66
0
0
41
1
2
0
52
2
0
0
45
0
0
0
0
1
0
5
0
0
5
0
0
5
23
2
0
0
70
3
0
0
1
0
0
0
9
0
3
7
1
0
1
0
22
0
0
0
0
0
0
0
1
0
11898
0
0
30
5
0
2
49
3
0
3517
3
0
8
0
0
0
1749
4
0
445
0
0
1612
6294
38
14384
5302
0
1465
1035
73
38
320
19514
285
5815
2286
75
1612
6201
0
9517
1612
9448
5104
180
18272
0
1035
418
0
3418
1035
5215
1035
75
225
185
185
3309
3775
25577
4238
3
14066
140
302
1612
559
26463
16611
13304
21076
169
1887
11374
1197
15
3395
662
9705
766
8378
44
5519
13601
11
3
2
111
0
126
2
136
5
24162
1425
19028
1210
6
71
0
11
111
8204
3391
11
2554
29
295
519
8204
655
994
8204
1425
136
40
136
0
31
2233
2194
0
16995
3
0
42149
4308
1051
517
11
3914
2
2627
2
7
6955
40
1914
5971
17
26
88
7
38
3
2
10445
4
0
866
990
0
3946
1405
593
0
6
245
0
26
3
9188
0
111
0
0
0
93
0
18
12
0
6234
0
2
1616
0
258
0
0
0
111
394
2
0
0
0
0
86
0
35
17
4952
0
2
1
17
1
4596
8
130
1
113
93
0
18331
3311
196
366
1381
4
85
0
33
72
0
0
66
1
188
36
317
0
115
0
4
68
31
0
158
0
1088
0
0
0
140
0
0
32
18
0
301
683
1
6
31
1
2
0
35
43
8888
115
177
5962
0
0
0
2
0
12475
3
329
2
21987
22
2787
99
42
0
6
9
0
10
9950
2
28
2057
0
519
0
0
0
208
298
0
6087
1393
0
0
56
0
0
1805
0
0
0
1
0
65
9
25
1
0
114
0
35
128
1
0
8
64
4
709
32
78
0
2939
4
5
2
0
0
633
303
116
0
467
304
2
0
9796
27
5
1
155
81
1
3483
1
1025
5
471
0
5174
1
22
0
9
10
25
19
21577
8907
0
0
38
157
0
1898
38
59
52
0
0
258
45
1
478
1
116
46
0
4
381
811
70
3
175
2
3325
4
0
0
0
0
0
2
0
153
4
233
8396
3
107
4
261
14
1
64
26
0
107
0
0
0
4
0
0
1
2
0
19
0
14
15
0
0
7
0
1826
0
164
10
337
65
23
0
22
0
55
60
2
62
0
0
0
209
0
8
7
177
5649
3
8
11
1451
30
0
0
874
4
5
379
42412
0
1
10
2240
52
0
1
7
4684
0
8
15
3
0
1554
63
617
0
41
1560
0
3
0
0
5
947
171
77
5
2
0
1286
0
0
0
0
0
0
1582
1
63
0
22
0
0
1
0
0
323
2
21
0
0
0
0
1213
4
67
119
1
0
2
60
1926
8
262
13
27
3073
0
6
2
4
225
0
19
630
547
732
18
881
1299
8
30
1
0
255
62
1
0
2533
0
88
0
91
2
1
132
0
8
5
7
0
1
0
0
0
0
1
44
1980
0
0
13
11375
0
1
7971
0
14
43
85
57
0
0
16
0
55
1741
164
2
0
154
0
9
33
50
100
0
865
0
0
20
0
0
5466
0
0
44
156
6
29
276
0
20
303
35
0
17
1
127
69
0
391
803
0
0
0
0
29
0
1
5
42
0
0
0
0
0
188
51
1460
2
3
391
0
437
4193
1670
83
8633
0
4
0
8
1376
0
1052
3
3
2
2
0
1
236
5
0
0
80
581
353
1
38
10
1128
8
9
2
0
0
1
0
0
0
17
8
3
2
0
12
0
1
0
10
0
45
3
1
0
12
894
0
4
99
3
0
468
1
0
2
940
5305
0
1
4
0
7
1
997
25
7
531
6276
7
1
0
515
6459
91
0
3
0
8
0
0
70
1
2326
14083
0
0
0
0
0
350
19
0
0
0
0
273
0
28
0
1
132
2
30
10
43
2
0
0
23
2283
38
7752
0
170
808
0
0
0
803
4
8
0
2
0
0
0
991
61
1
0
0
0
10
1
3094
86
3858
0
27
1
0
8545
0
20
35
0
284
178
0
5
806
124
0
0
0
0
28
2
0
0
0
0
26
30
0
365
0
1313
1
0
0
1
16
1035
0
1
0
82
1
0
0
1
3
9039
36
16494
0
0
96
1
3
0
231
0
0
557
1
316
11
4
7
3
0
7
0
940
2
302
0
0
0
184
1173
5
0
82
0
466
0
7
0
34
0
0
8
89
3
0
9562
0
0
1
0
9
3
106
7220
0
0
60
1
4
8
0
0
36
0
37
0
0
0
0
145
2249
2
1
135
8
0
835
16
0
734
12059
18
1
10
0
3
3
622
0
2
6
0
612
3
5
29
11
44
0
0
2
0
0
1
105
7
0
0
0
2083
0
27
1
0
0
802
0
0
0
0
25
38
1
0
0
0
87
2
4
92
0
2415
0
117
0
0
376
6307
0
3539
5
9
71
95
16
0
0
0
0
29
0
11
72
24
888
3049
0
0
13
9
0
0
2
0
2
0
304
16
0
49
0
273
0
61
107
3
0
1
525
2
0
5
81
0
367
0
0
216
0
16
0
38
0
171
1
4848
11
0
0
0
0
21
1
8
6642
1592
1
4
9
13
851
31
281
0
652
1
1
0
2
0
1
27
12893
2
1
0
137
0
1
0
0
0
10
0
0
0
205
15
0
0
0
133
13197
1
0
0
3
1
3
0
0
734
21
0
0
2
334
2
4
607
66
42
0
1
0
0
43
55
0
36
0
1
0
5
0
0
22
1
2228
1
0
75
1
2486
2365
0
525
0
26
0
2971
1
5
0
0
0
0
0
0
0
3
0
10
0
3
0
270
0
159
0
6
17
4
4
24
0
0
0
0
0
3
530
47
1
2
83
5
21
0
3
0
25
0
4
0
27
5
12
34
30
0
0
2
0
72
0
0
0
3
14
2
0
0
215
2
0
0
307
0
0
25
6
1
1
0
0
0
0
0
0
217
0
3
0
33
4
1
0
2006
33
0
203
5
1
0
0
17
0
196
0
0
8
0
1
0
0
2
0
81
153
0
0
8895
2
5
1
39
45
0
0
0
4
0
92
7344
0
0
3
0
1324
4
0
2
0
0
3
118
41
2
0
26
12
0
113
3127
8
0
286
1
3
4350
934
1
8
0
18
1840
1
0
117
2
122
0
0
0
13
22
0
0
31
117
0
0
1297
204
0
138
0
225
329
6
5
4
0
6
8
0
0
0
14
0
0
1179
0
1049
11
4
8
6
1
0
50
21
40
0
2
1
0
6
0
0
7
1
3618
97
6
0
0
0
0
1
0
11
4
0
2
0
2177
0
27
0
0
2
0
0
90
3
4
0
1
14
0
1
4
0
0
1
2
0
3
0
32
44
16
0
0
2355
4020
31
0
0
577
0
0
2800
0
0
0
6
0
2
9
0
1
21
0
0
1066
0
0
67
0
0
7
0
6
55
2345
0
98
2
282
4
0
5
0
0
224
340
28
0
0
20
61
1
0
0
0
6
23
0
4
1
3
548
12
18
51
0
17
22
7
14372
14
1
2
12
0
1
0
0
0
0
1
0
0
0
1
0
0
102
837
1
1
22
0
327
233
0
0
0
1
29835
0
0
0
0
529
12
0
138
0
7
0
0
0
115
0
0
0
0
0
1
24
35
0
1
0
368
13
19
0
0
0
15
54
599
0
0
0
0
8
142
0
1
1
14
10
143
25
0
1
0
0
0
1073
41
1563
625
10
0
2
0
63
0
3
1979
0
0
0
0
6
0
1
44
132
2
15
17
7757
749
892
0
2
22
4
1
1
0
1
1
0
32
456
2
1
0
0
2
19
8
0
411
0
38
2
3
6
3
1
0
0
0
0
5
0
1
0
17
8
3
0
33
1
0
0
20
111
0
309
3
0
0
0
0
5
0
0
1
1
0
236
6
0
1
147
0
22
9
2
2628
0
1
0
0
0
0
3
5340
0
175
1
2
0
0
0
2
0
3
2
0
1110
0
0
38
6013
14
6
1
305
2
1
5
11
4
85
245
0
0
0
0
628
120
137
13
2
42
1
0
72
0
27
0
14
3
2
0
3
6
0
8
0
44
155
11
19
17
247
256
9585
24
573
1
111
0
3
3
0
0
0
0
1
0
1
0
1
5
0
3
0
0
0
2
0
0
102
0
0
0
108
1369
0
0
4
0
0
1
0
0
1
4
1
541
13
0
0
0
0
4
0
32
94
0
9
1
0
0
175
0
0
1
3
0
106
1
23
82
0
950
0
0
0
0
0
1
0
0
7
0
0
0
29
0
39244
1
14
0
16
6
75
2
1
0
0
1
0
0
5
0
0
21
16
503
31
0
51
0
1
0
0
8
1650
0
0
0
0
1
0
1
0
0
0
24
137
19587
0
23
3
57
70
0
45
9
7
0
35
4
85
29
0
0
0
91
0
144
1
0
0
0
0
68
0
0
0
1
1075
1
0
0
7
29
45
0
0
1250
348
1
79
10
1719
2
976
117
1
166
95
20
4
8657
0
6
15
1
1
5
8
0
124
501
2
0
6
5
0
0
23
0
0
0
0
1
0
0
0
0
460
0
0
19
208
0
0
0
37
0
3
276
2048
0
938
4089
13
186
0
0
0
1
0
2660
14
0
8
70
3106
0
0
10
0
0
137
0
14
189
5958
0
2
347
0
4
50
15
4
0
26
3
1
1
5
0
0
8
144
153
0
2
37
0
0
2
2036
0
47
361
0
0
0
0
4
1743
0
526
0
0
0
3
7
0
2
231
0
1
4
7
1
119
75
2
328
0
0
508
6
8
1808
0
31
17
0
157
1061
2
929
0
5
10
23
4
1
0
1
4
693
2
0
2
350
0
0
0
3651
1
0
30
603
0
0
0
538
2
0
1
0
0
0
15
986
0
14
3
265
0
2318
9
3
1
0
0
0
8
5
0
2
0
0
0
1
0
23
0
0
9
0
3
0
0
1
0
20
1
37
266
0
0
0
255
0
90
0
31
75
0
0
70
6
2
333
0
23438
1
0
0
0
30
12
0
0
0
0
0
46
0
1
26
0
0
18
82
3
2
0
0
0
1
0
1
190
3
0
0
0
0
0
0
0
8
5
0
0
0
0
0
0
18
706
0
1
0
14
4
6
0
0
0
0
4
8
0
0
0
0
0
0
0
0
0
1
0
2
203
0
0
1
0
119
14
51
133
69
104
3
0
0
0
0
0
1173
473
0
0
487
1
0
3
0
5
0
286
2
3
3
144
6
3
0
12
1
1
758
20
2
1
14
0
1
240
0
4
0
100
0
82
1795
1
32
0
0
2
0
0
64
0
2
0
0
0
0
0
2
3
1
38
24
740
1
20
0
2721
1
0
0
35
1
0
1
0
4
3
0
0
334
3
2
0
369
22
0
8
1
0
537
5
0
6949
0
0
1
7258
1
1
0
0
0
2
0
0
14721
0
0
0
0
23
1
1
446
0
0
1860
2
2
101
0
1
1069
3
6
12
213
613
4
0
0
0
0
0
0
4
0
0
3
0
0
0
1
11
252
0
6
18
62
188
0
16
2
0
6
80
13
4
106
763
0
70
3
0
0
0
0
0
0
9
217
1
0
0
1
1
0
1
0
30
1
5
0
0
2
1
265
0
2
0
10
0
10
5
3
74
1
0
0
2
0
0
5
0
29
0
0
1
1
0
221
1
0
0
0
0
0
0
112
0
0
0
0
1
1
0
210
0
2
1
0
0
0
1348
63
0
984
3
321
1
0
0
0
0
35
0
2
22
0
0
24
0
0
53
219
80
15
0
132
0
76
2
85
28
1
0
0
0
10
0
0
157
492
0
2
131
0
8
15
0
9
10
1
571
18
700
67
1191
319
3
3
0
2
0
39
0
0
18
170
0
1
2
0
338
0
985
1005
523
1
0
0
4156
0
0
0
2
5
36
90
183
0
2
19
0
7
0
27
131
1
5
3
0
0
0
0
0
1
4
769
153
1
10
0
0
0
0
123
0
396
61
8
0
6
0
8
2043
8
0
16
3
1
0
0
0
0
2
645
0
2
11838
1
0
0
0
179
7
1
11214
1
0
135
7
4
21
0
0
0
51
844
0
0
0
27
547
0
0
1
0
0
197
227
0
64
124
105
0
0
0
1
0
5
0
0
466
4
4
13
1
30
14
0
1
119
0
0
0
0
0
0
0
0
5107
0
0
0
0
0
1
3
0
2
0
52
0
0
188
42
0
0
12
0
0
65
0
5
0
918
0
1
94
3
0
0
10
0
1
14
0
0
7722
0
1
90
44
16
0
2
0
2229
745
4
0
0
2
0
2
0
0
1
0
0
0
0
57
1
11
55
0
0
0
0
0
0
2257
0
0
58
592
0
3
41
0
0
0
0
7
3
10
0
0
19
0
1
0
0
0
19
77
0
0
31
0
0
14
0
1
0
3
56
86
0
0
5
0
0
2
4
0
5310
0
0
0
0
0
0
79
17
0
69
41
0
0
1
0
1
959
0
9951
52
1
3
1
1
0
116
0
0
417
0
0
9
1
26
0
15
2
0
0
0
4
116
1
0
6
6431
0
3
333
0
0
1
0
0
9941
1
0
196
1
0
40
1
417
0
64
14
0
200
0
1
0
0
398
3462
0
0
0
17
1
0
1
4
0
0
5516
0
0
0
1
13
69
98
27
13
20
251
0
1425
0
3
2
1
0
6
0
44
0
130
0
13
331
0
38
15
3
0
0
0
347
1
0
1101
3
0
66
4
0
0
0
3
1
2
0
0
1253
0
0
1
0
140
0
0
0
0
0
0
2
0
41
0
0
3
0
21
1
0
3112
0
0
0
0
17
0
1
2998
0
0
1
0
0
0
1
1882
84
0
14
36
4
0
0
4
0
0
100
1
37
42
1
0
30
0
0
0
0
327
0
11
0
3
0
0
0
0
0
4
0
2
0
0
0
1464
120
4
20
0
0
0
0
0
0
571
0
10
246
0
22
2
1930
8
670
0
1
0
0
314
3
3
0
0
1
4
394
3577
0
0
1
0
0
0
626
15
0
5
47
33
0
98
1
0
0
0
1
3
0
0
1747
0
9
0
0
0
1
1
2
3
0
12
2
0
8
3068
0
0
0
0
0
0
433
239
1
0
166
3
0
0
5
0
0
0
0
307
0
3
0
71
0
0
5
0
1
0
0
0
2
0
3528
1013
1
4
0
0
0
21
3
0
2
452
1
0
23
24
0
0
0
161
0
18
3
0
0
166
0
0
0
5
2
2123
0
0
0
43
1
0
7
4
17
0
92
0
0
59
0
0
0
479
0
122
0
457
2
4169
0
106
2
19
5
1
6
0
761
59
101
281
0
7
6
0
0
0
0
3
1
1
2820
0
30
5
1
0
4
0
0
0
0
1
14
0
0
0
26
0
0
0
1
0
4
0
4
1
39
1
0
0
113
0
0
0
0
0
0
3
361
4
0
33
1
0
1007
392
2080
2
2003
828
6043
13
6180
0
0
0
0
1
0
1
83
147
0
0
5
0
0
127
1
0
9
0
14
0
24
8
14
0
0
1
556
0
12
3
1
3
22
0
0
57
1558
2
0
0
1
5
0
0
184
0
1
5
10
0
2
0
0
3
0
5
265
0
3
2
1
1
0
2
135
25
0
0
2
0
0
346
154
1
1
0
6
0
0
0
1
0
0
0
0
3
1
0
0
36
686
9
11
0
0
3
1
0
122
16
3
7
0
0
24
0
0
18
0
0
0
2
246
0
41
0
79
0
12
0
0
103
339
0
0
2
0
0
0
0
1
0
2
3
0
12
0
0
1
0
0
0
169
3
418
1
291
0
9
1
8
0
0
16081
0
17
0
1
35
0
0
0
135
0
1
1
24
0
1
0
0
3
0
2
10
1
0
0
1
0
0
0
138
1
8
0
0
241
1635
2
54
6
0
7
5
0
0
22
97
0
5060
121
1
2
32
0
0
0
1
1
663
0
0
17
118
2
22
0
0
1122
0
0
0
0
0
53
52
0
8
0
48
0
2
0
0
0
0
0
304
7
0
1
0
0
83
2
1
0
94
0
1
0
183
4620
6
0
109
0
0
0
11
1
0
0
16
0
0
0
0
4
4901
0
671
1
15
3
30
0
230
0
165
248
1
7
0
78
10
0
0
0
2
17
2
186
18
0
1
0
364
145
0
1
0
1
1
2
1326
1
0
0
0
16
0
104
0
0
0
37
77
1
122
18
4
0
0
261
7
0
41
0
0
0
50
6
16
1
0
0
0
0
0
27763
40
1
169
10
1
3
0
0
0
0
0
1
1
0
0
28
0
1
0
0
0
30
0
0
7
15
38
1397
0
0
0
0
58
0
0
0
53
58
76
0
0
837
1
0
8
103
110
0
0
1
0
0
0
0
2
124
43
2
1
136
0
0
28
0
0
81
9
83
7
0
0
1237
0
0
0
0
145
0
15
2
81
0
117
0
0
0
9
63
3
1
0
2332
0
0
0
0
0
0
179
3
9
0
238
809
0
2
9
39
160
0
60
734
18
0
0
1
13
0
0
0
0
1
49
0
0
0
2
14
0
41
185
0
1
966
1257
0
0
3
0
248
1223
0
5
17
861
56
1
0
0
0
0
0
0
1
13267
70
4
0
0
6676
0
0
122
0
73
0
11
1
288
0
28
2
32913
1181
27
0
0
0
0
0
0
0
0
0
0
16
3103
4926
0
1
0
0
22
0
639
0
0
134
0
0
0
0
0
0
3
3
2
1387
0
0
2
0
0
2
0
1167
2
2
76
0
0
0
1
2192
0
9
0
26
0
0
0
298
0
1126
92
0
0
1
2
1
7
0
0
0
0
4
0
6
0
0
2
18
1
0
0
0
2
0
45
7411
9
0
0
0
1
0
1
2
0
0
5
17
0
7
53
2
0
0
0
0
3
0
23
4
2
1
0
7
2
2
0
0
0
0
1
1
1
1
319
0
0
0
0
7
0
1
5
2
6
0
0
2
0
40
0
37
0
1
0
324
78
1
2
3
0
1
0
0
0
0
12
0
485
0
32
11
6
6
0
0
0
53
0
0
1
371
27
90
0
1
1
1
2
5118
4
13
0
123
8
9
39
4741
4
0
0
0
0
0
58
0
0
2
130
0
0
0
3
26
1634
0
0
17
0
1
49
141
3246
17
1
0
0
1
0
1
0
3
37
1
71
3
261
0
0
0
0
22
0
0
1
311
10
84
213
0
0
19
4
2
15
0
0
0
3
1027
73
1
0
0
0
0
0
0
0
3
0
0
2
0
1
1
0
89
4091
0
1
1
0
0
0
275
894
3
0
1
0
0
0
0
38
1
24
7
0
10
0
1
1
0
0
16000
12
0
0
3
58
3578
3
25
151
2
0
0
2
6
0
6
0
94
0
54
0
0
6
0
0
0
15
19
0
15
0
0
0
0
0
101
2
0
2
305
7
0
22
9
15
3
0
1207
32
1
0
574
0
4
0
0
8
355
0
0
0
0
2493
828
0
1
198
66
258
0
1
0
0
7
5
0
733
0
0
11
0
1
2
180
0
1
0
0
1
2
1
1
0
0
0
0
0
4
0
0
7
0
0
0
0
0
209
0
45
2222
37
3
0
0
4
0
0
0
0
0
192
0
0
0
204
11
2
0
0
0
521
4
245
1
2
6
0
0
10
0
140
17
0
32
0
0
0
101
0
0
1
1
0
0
0
207
2
314
9
220
0
0
0
0
7
3
64
696
0
0
55
0
7
3
65
1
0
122
0
0
0
0
1
1
4
5
3
1
4780
0
3
15
0
1
19
0
3
1
0
0
0
2
0
867
3
2
110
45
267
1573
3
0
529
0
0
0
0
0
0
0
0
31
12
0
1
0
2
0
0
0
0
0
0
0
2
0
2
0
1
1
0
0
0
0
20
2
1197
6
23
1
0
0
0
2
0
1
0
0
3
2
113
0
163
0
4
2
1
0
1770
0
2
0
1
4861
0
0
0
0
78
0
1
0
0
1132
0
669
120
23
0
0
0
0
0
0
0
2
1
0
0
3
0
1
2
0
0
0
0
0
0
0
2056
16
0
0
0
0
61
0
0
3
0
111
0
0
0
1
5
0
0
0
0
1
318
0
89
49
5
29
0
0
0
1
0
0
2
0
0
0
0
0
0
0
563
7
0
1
1
0
86
10
0
4624
50
0
3
23
2
1
0
0
0
8
407
0
0
8
0
1
0
0
58
0
3
914
26
0
22
850
0
20
0
0
0
616
0
4
27
0
737
5
0
660
99
0
0
0
66
1
0
0
0
1
0
0
0
1
0
0
0
0
0
0
0
0
551
0
11
543
2206
96
7
106
59
3
0
0
0
3
162
10
0
1
7
0
63
0
0
0
0
0
14
12
0
0
0
1
2
5
0
11
0
0
0
0
164
0
150
0
1
532
0
0
92
0
2
19
0
0
5
0
0
13
0
0
0
2
5
0
0
2
0
0
2
0
0
3
0
0
1
0
0
8
3923
3
1
1
6
0
0
0
0
59
0
0
0
0
17
3
2
0
2
1
0
0
41
0
952
384
5
16
957
0
0
0
0
5
0
0
0
455
1
0
3
0
0
105
0
1
0
0
0
0
0
1
0
0
6
6
1
13
0
0
0
0
1
1
2
107
0
1
1
0
11787
0
182
3
0
3
6
1
1
1
148
0
0
3
0
2
3
3
0
24
16
38
4
0
0
0
0
19
0
0
0
2
0
1
0
0
0
314
1
2
1
0
17
3
0
1
6
1
1
0
0
21354
4
2
0
0
10
3
1368
9
2
1
7
0
31
0
2
1
0
0
2
0
0
289
2
0
19
0
6
3
137
0
0
0
0
474
775
0
0
0
0
1
100
0
0
0
0
0
1
0
8
269
0
0
0
0
0
0
0
0
73
0
6
0
0
1
21
2
0
1
0
0
0
0
0
53
1
0
176
0
0
1587
0
0
0
1
54
0
22
0
0
6
2
91
8
0
0
1
23
11
1
590
31
0
4
385
0
0
1
1835
0
0
0
0
0
0
0
116
0
0
8
0
12
0
5
4
0
0
12
0
0
0
0
2
0
2
65
55
24
1
0
0
0
0
0
0
4
1
32
0
0
0
8
2
190
0
5
0
0
0
0
43
14
0
28
0
0
7
0
1
7
1
0
10359
0
1
5
104
0
0
0
0
2
0
0
0
0
95
3
28
0
12
1
0
7
23
1
0
0
597
1
0
0
6
0
0
3
1
0
78
0
2
878
0
63
58
0
0
114
0
406
14
38
1
0
0
0
0
0
0
0
0
1
659
0
0
589
1
0
2
0
0
0
0
0
0
80
2
26
0
0
9
40
11
4
717
0
0
2
0
151
5
0
0
0
23
0
1
0
0
1
0
0
14
0
0
99
4517
3
0
12
0
326
0
0
0
14
0
0
0
0
0
0
0
0
0
0
0
26
0
0
1
250
0
0
1046
1
2
0
100
1
0
0
0
0
0
40
178
1
0
75
0
3
311
0
0
0
0
87
1
89
10
184
0
0
0
1
340
23
14
2
126
6
1
104
0
0
0
1
0
0
529
4
1
1
0
0
0
0
0
76
1
0
8
0
0
0
131
1
1
2
0
257
0
0
0
14
0
1
312
1
0
565
65
5
15
1
707
2370
279
0
0
0
0
18
0
0
0
1
0
0
0
64
0
0
3
137
1
0
0
0
1802
80
2
0
0
132
4
8
0
1366
1236
0
1
0
28
8
51
0
0
27
0
7
0
2
0
0
10
0
0
1
0
2
0
0
1
406
0
1
55
0
6
3945
8622
0
118
76
1
6
0
12
0
193
0
193
1
45
312
0
32
3
324
0
0
0
172
0
1
0
0
1
15
0
0
0
3
0
2
0
2877
0
1
0
0
0
0
0
0
0
0
27
0
1
0
0
0
2
0
84
0
5
0
2
0
0
0
60
28
1
0
30
0
0
0
0
0
1
10
0
0
0
36
0
0
7
26
0
1
0
15
1
20
12
0
3
177
34
0
535
350
0
2
0
2
21
0
9
0
1
94
758
0
5
77
0
4
14
0
0
0
0
2
4934
2
0
0
173
54
3
0
0
6
46
0
59
56
4
10
0
0
0
3
1910
1
169
181
93
0
0
0
8
0
1
0
2
58
12
0
18
1
0
0
0
1
57
0
4
0
0
0
0
1
0
0
347
0
0
0
1
0
418
254
0
0
4
0
0
1
2
2
28
274
1
0
0
0
0
0
6
84
4
0
0
0
5
0
9
364
0
0
23
94
0
0
160
0
0
1
117
0
156
11
656
0
1
0
532
0
0
138
0
1694
39
1
0
0
0
8
46956
0
95
953
0
10
0
0
0
0
0
0
0
2
3
3
137
1085
0
0
0
0
578
0
0
1
5
3
30
0
1
0
0
0
2
0
0
0
2
267
1
0
0
0
0
3
0
0
10
369
12
164
3
25
1
0
0
3097
2
17
0
0
0
0
1
1
293
0
0
0
0
34
0
2
18
0
3349
15
1
400
67
909
0
0
0
0
0
0
0
2
4
4
31
0
482
0
0
0
0
0
1657
4
8
0
55
0
1
0
2
0
0
0
33
734
0
0
0
80
0
5462
1
32
0
163
0
16
0
24
0
0
591
0
0
7
1
0
1
0
506
0
0
74
0
3
23
3
0
0
1
0
0
3397
0
6
484
8
0
0
1
0
1
55
0
0
705
403
801
1
0
1
2
0
0
36
1
0
10773
0
0
0
2
69
0
19
1
1
0
0
2
30
0
0
0
0
1
0
0
0
4
2
0
0
38
0
0
1
2
1
6
1184
0
0
0
1
0
625
0
21
28
449
0
0
1
0
0
1
0
1
0
1455
348
0
3
205
0
15
48
0
0
0
73
1
0
0
0
181
0
44
0
1
0
0
2
1
114
7
0
0
0
0
0
1
0
0
0
7
0
0
1
2400
2
0
4
110
378
1
0
0
21
18
0
0
8
1316
0
0
841
0
0
0
104
0
0
5
24
3
2326
0
77
0
0
4
0
2
311
8
3
130
0
1
0
0
13
1
0
4
0
0
0
0
1
2
0
2
115
1
1
0
0
66
0
0
112
77
5
0
99
1
0
2
0
0
0
5
0
6
2
0
28
0
2
0
0
429
0
0
183
46
3
30
1
51
0
0
0
2
0
2
10
2
4
0
0
172
0
0
0
0
0
4
6
0
1131
22
0
0
0
0
0
0
0
0
2
1
0
0
1
2
4
0
1
0
0
0
0
0
118
0
0
7
0
1
21560
0
163
0
4
0
0
1
165
1
0
3
9
0
0
33
8
6
0
0
0
0
0
1
168
0
0
0
514
0
1
0
0
1
1
0
0
2
1
0
1267
0
3
0
0
0
0
0
0
0
13
0
1
66
0
91
0
0
0
0
0
0
13
2
16762
0
0
0
9
0
0
2
1
2
0
0
5
1
58
528
19
1
0
7
0
2
0
54
0
16675
0
0
478
0
0
1
57
30
0
40
0
16
0
0
1
0
0
0
435
0
0
0
0
191
89
36
2
203
0
0
0
1
0
0
0
2
0
0
14
0
1
0
0
0
0
0
29
0
0
15
0
0
0
10
0
89
0
0
0
0
2
8
91
16
0
1
45
1
0
0
491
209
0
1
67
1
0
63
0
0
0
118
1
3
1
0
2
4
865
0
1
3
0
0
35
2
1
51
0
0
0
1172
0
1
0
0
0
32
0
113
3
102
0
3
166
0
6
0
192
0
0
4047
5
0
0
2
0
0
0
0
0
0
0
1
1545
0
0
0
0
379
0
0
0
0
1
0
0
11
0
3
22
1
3
0
393
0
9
99
1
0
8549
4
0
46
21
8464
0
0
1
1
0
3
6
0
0
7
31
0
0
0
0
0
0
0
0
0
0
1
0
26
4697
0
0
0
0
0
2
0
0
0
0
0
434
1
0
0
0
1
1
1099
0
184
0
0
7
2
1
2
0
0
0
0
197
9
26
1994
0
1
1501
0
0
177
1739
0
0
0
0
0
0
100
0
0
1
0
13
13
0
2610
0
2523
0
89
0
68
0
0
7
0
0
3
0
0
0
1
0
0
0
702
1
0
0
0
0
1
0
0
0
0
0
0
0
3
0
16
0
1
0
0
1
7
20
2
4
0
1
0
2375
0
0
0
0
74
20
0
16
3
10
1
0
0
5
1333
0
40
0
15
3
195
31
0
0
0
0
40
545
1
0
3
1
0
0
0
2
2
0
0
563
0
4
0
0
0
4
0
42
0
0
20
0
0
538
87
0
29
0
0
3
0
2
108
1
0
0
3
0
0
3
8
6
0
81
109
6
0
9
0
0
0
1
0
8
0
0
0
0
2
1
1
1
4
0
0
0
0
0
1
0
0
1
0
21861
0
0
5
1
0
2
1
0
0
3
0
0
24
0
1
0
283
0
0
1
1004
0
0
189
0
0
1056
0
7
0
0
128
0
0
0
0
70
2
0
0
0
0
0
3
39
105
0
0
0
0
0
0
0
1
0
0
1
0
51
5
0
0
2
0
0
0
2
2
0
6
0
0
1
1
0
0
0
1
56
0
0
1
38
0
456
0
1
9
101
7
4
0
0
0
172
2
0
1544
16
57
0
4
2
0
0
7
391
0
1
5
0
0
0
0
0
0
217
0
0
0
0
1
2557
0
0
0
0
0
0
0
0
0
0
0
0
302
26
8
0
32
9
18
0
0
18
0
1
1
1
0
0
0
0
0
1
6
26
0
1
2
1
0
4265
0
0
1
1
0
0
24
288
0
0
267
0
9
0
1
1
0
0
0
2
2
0
0
2
274
1
0
362
0
0
1
1
6
0
265
0
0
26
957
2
0
0
200
0
0
0
0
775
4
9145
0
0
2
0
0
912
1
0
11
873
193
53
0
10
20
245
12
0
0
1
1
0
0
2
1
2
0
0
2
24
4
1
0
0
0
0
0
0
0
0
2
1
0
1
2
0
0
0
0
0
2
26
18
0
0
28
1
0
0
0
10
0
0
4
0
1
17
0
0
0
0
7
0
262
0
0
3
0
2
11
4
0
0
0
346
3
0
1
0
1332
93
0
0
436
0
0
0
0
2
2
0
1892
0
15
0
0
1
0
2
4
25
0
10
1
2145
0
32
1
0
0
0
0
0
0
1
0
1
89
0
0
3
0
0
1
1
0
0
1
0
0
10
2885
0
1
9
26
0
0
0
2
0
2
2658
3
2
1
112
0
0
48584
2
1
18
0
68
38
0
0
2
0
0
0
0
1
101
0
29
7
0
141
0
1
0
28
1301
1
0
20
0
2
16
1
0
0
0
0
0
0
6
22
9
4
0
0
0
7660
0
0
0
0
0
0
854
14
176
1
1
194
0
0
0
0
0
1
2
4
1
469
0
2143
0
247
17
0
0
0
6
0
0
1
3
0
1
68
48
0
0
2
1232
0
2
868
0
231
920
1
0
0
1
0
0
0
21
0
99
177
45
724
3
8
0
0
0
169
0
1
0
756
1
0
0
2
30
0
0
1
1
0
0
0
344
1
0
0
1
27
1
1
0
2
0
0
0
0
199
19
1
0
0
1
25
0
219
0
1
3
0
0
0
1
0
0
1
0
0
0
0
39
7424
363
0
0
687
524
0
0
7
0
11
2
2
0
175
142
0
0
2
0
99
4
2
0
5
151
1
0
0
2
0
252
337
0
55
0
21
4
0
0
0
0
0
2
36
0
0
0
29
0
87
0
0
1
7
1
0
0
10
0
0
8
0
1
139
823
2
81
0
0
0
3
0
238
0
2
22
0
0
21
1
0
180
1
0
0
2
0
0
9
662
0
4
1
0
0
1
0
0
3
760
0
0
0
9
0
29
23
19
0
0
0
8
0
2
1
0
85
0
90
0
0
232
0
0
0
0
0
3
1
1
0
7257
0
2
81
0
10
317
0
634
5
0
0
2686
344
28
0
10
1
0
1
157
655
0
0
0
1
0
0
655
0
481
17
27
3623
1
0
0
0
0
3
0
0
0
0
2
3
0
14
0
1
61
0
19
0
2
0
0
0
4
0
1
1
55
803
6
0
0
0
11
3
45
5
0
0
563
171
2
395
6
208
0
0
167
0
36
0
1
3
0
0
0
0
0
2
0
1
69
2
0
0
1
0
0
2
0
127
0
0
0
0
1
204
0
0
6104
0
1254
0
1
0
0
0
0
0
1931
1
0
752
0
0
0
2008
0
0
1
0
893
0
214
28
1
868
5
0
9
2
0
0
0
3
31
0
0
0
2
0
1
2
0
345
1580
590
0
2
6
3
1
1
758
4
0
1
1
0
386
0
0
1
1368
1194
831
0
77
0
0
1011
0
0
36
1
11
2301
3
0
0
0
16
50
18028
8
17
0
1
0
0
0
1
38
0
0
5541
1
0
0
2595
0
1
0
0
1
29
2
0
1
710
1
0
0
1
0
1
203
0
0
48
0
0
0
966
7
0
0
0
2
0
0
0
0
0
1
0
0
0
1
1
25
2
1
2
101
545
6
26
0
23
0
2306
1
0
0
0
0
17
0
43
73
0
0
2
0
0
3
0
0
2635
0
0
683
3
0
0
0
5
0
0
1
1
4
0
0
0
0
0
1
0
2
6
1
1
0
89
0
0
3
0
1
0
3810
0
0
3
0
0
17
0
1227
0
0
73
0
62
73
1799
2554
36
1
0
1
114
0
0
0
0
1
14
0
0
0
2
7
1
0
0
303
2
0
14
0
1
1
4
1
0
0
0
0
0
10
0
0
29
488
1
0
0
170
0
47
0
0
9
0
0
3
9
0
454
0
1653
0
18
0
284
0
9
0
10307
669
18
0
50
5
0
238
1
1
2044
2
0
0
0
1
0
0
0
1
0
5
0
0
0
2
4701
0
41
0
0
2
3
1
0
1
0
134
34
273
4
0
22
11
0
0
7
0
5
6
4
0
3
0
1
17
129
290
0
0
0
112
298
2
7
0
0
0
0
0
0
0
0
0
3483
2
381
2
0
2
2114
24
0
31
0
0
0
0
0
0
32
0
2
1780
0
0
0
0
0
7
0
0
62
2
0
0
211
2
0
5
0
0
6
25
0
0
11
0
0
0
7
21
0
0
14
0
0
0
0
1
0
0
23
7
0
0
0
0
59
0
59
26
1
0
10271
10624
0
2459
0
0
0
0
3727
0
37
0
4
0
0
473
0
0
0
1723
2
56
0
1
532
0
0
0
3
99
0
2
26
78
0
3042
0
0
0
73
21
1
3
0
0
1
3
82
2314
201
472
0
2
14
0
0
0
1
0
152
127
1
0
67
163
0
62
2
1
0
0
0
56
0
772
0
1
13
306
1
2
0
0
119
13
0
0
0
4848
0
0
0
68
56
0
0
0
1
3
2596
0
3
0
0
5
12
0
0
2
0
4110
46
4
39
7
0
0
0
1
0
0
32
915
0
0
0
0
0
0
0
0
0
0
0
0
2
90
3
10
0
86
0
0
0
20
0
0
17
0
7
3
0
4094
0
263
0
0
0
0
485
2
188
2
7
0
23
7
82
0
1
4
0
217
12
0
0
26
2
0
120
0
0
0
1
2
0
0
4242
0
0
0
0
1
0
0
2330
0
2
4
0
7
106
1
0
1
5
0
0
1
0
0
423
0
0
0
731
0
0
0
0
0
0
0
1
15
0
1
0
3
1
0
3
164
0
35
0
0
0
156
501
75
0
11
0
0
0
0
0
0
416
1
32
0
1
0
100
1
0
0
9543
0
0
0
0
0
5
142
4
0
101
0
0
0
136
0
123
94
0
1
0
0
0
1
0
0
1
7
0
3
0
0
0
1
311
0
0
0
0
1
2
3
2
129
12
3
0
498
1345
0
0
0
0
0
0
1
113
0
18
0
0
1
1
2
16
0
0
0
0
35
2
9
17
26
11
0
5
0
0
18
1272
5
51
1
0
0
0
201
0
0
0
0
0
2
0
37
6
2
0
0
69
6
23
1
0
263
57
9
0
52
0
3
1
0
0
1
0
0
0
0
0
1
571
124
2
0
0
0
5
1
0
0
0
18
81
0
0
871
43
0
0
1
868
4
0
8
5
1
0
0
0
10
12
0
74
0
0
0
4
0
0
20
647
1
0
0
11
108
0
36
14
353
8
0
0
0
0
3
0
1
61
0
0
0
0
0
0
0
0
0
0
0
0
2
19
0
0
87
2
2
0
61
1
3
0
27
13704
0
8989
0
4
4
33
0
0
469
0
0
1381
0
5
3
37
0
220
7
0
2
16
98
0
0
0
5
0
26
47
12
0
0
0
0
1
0
0
0
0
0
0
0
0
25
30
0
0
1
0
0
0
0
0
25
97
13
9
5966
1
0
0
605
142
0
145
1
5
12
0
3
0
22
0
0
1397
0
0
18
2
222
0
80
1
2
1
329
2
0
0
0
554
0
98
16
0
5
0
0
0
0
0
1
0
2
0
1
4
277
0
2
1
2
0
9
349
182
48
1
8
17
0
0
0
0
1
0
29
0
1
4
10
4
0
0
0
18
2
0
1
0
0
5
3
0
500
0
4
0
110
288
0
0
0
3
665
0
11
224
8483
14
0
0
0
0
0
0
0
0
1
2
7
0
18
0
2
0
1
0
0
0
0
2
0
2
1
129
0
0
2
0
1
0
0
0
1
4
5
0
0
13
0
0
0
10
0
0
13
1
1
0
0
206
3
2
0
1
1
86
0
1
6
0
137
27
0
2
0
0
1
0
0
0
0
0
0
3776
0
0
2
20
1
243
0
43
0
0
399
4
279
13
1
26
1
3
0
0
10
2
23
0
0
0
0
0
0
1
0
0
1
1
0
0
0
0
0
0
763
0
0
0
0
2
1
381
3
0
53
0
1
0
53
0
0
0
1
2
0
69
1
4098
50
2
0
0
0
0
0
0
0
20
1
0
0
0
25
16
0
7
0
0
1
6
1653
3
0
0
0
0
0
0
267
0
2
4
4
0
21
158
0
41
0
7
0
0
0
312
330
2
9
0
1
0
0
448
0
1
0
0
30
29
0
0
0
0
0
25
13
397
0
0
1
1
0
2
0
19
0
472
0
0
7
0
0
128
43
0
0
0
0
0
0
0
0
1
114
0
1
3
1
127
0
0
3
0
29
4
60
0
0
0
0
2914
1261
0
0
2
0
1
436
0
0
0
0
1
1
0
6
3295
55
1
0
53
0
0
2
0
0
2
569
7
0
41
0
0
0
2
1
0
2
0
2184
9
1
1
375
0
0
0
236
0
1
12
175
107
845
0
0
115
0
0
0
3
0
1
1736
0
0
1
0
3
0
0
0
0
1
205
0
0
1
86
0
1
2
0
146
185
4
0
0
0
0
0
0
1
104
2
131
610
20
0
0
0
0
1
11
3
0
1
0
19
0
0
1390
0
142
2
2
12
339
1
0
0
3
2666
0
0
0
1
0
2
4
143
1
1
2
0
0
0
0
0
0
0
0
0
0
1
0
0
15
0
0
0
0
0
0
3
7
39
390
0
35
17
539
3
0
0
7
1
4
0
2291
0
231
1
0
0
5
93
0
2
98
14
1
2
0
11
0
1187
0
0
189
33
468
97
12
203
1
0
0
0
0
1
19
42
1
1
0
0
1
0
0
1
0
0
0
0
1
0
0
1
80
0
47
5
1
0
68
0
0
0
0
0
8
1
11
0
0
0
0
0
16
0
5071
6
0
0
1916
157
0
0
2
9
0
0
0
0
25
0
4
0
3
0
5
5
0
0
0
0
0
18
0
0
1
0
0
20
0
0
2
0
26
0
0
2
3
0
3
0
0
9
0
0
1
0
0
0
0
2
40
0
0
3
0
0
0
1440
34
0
3
51
0
4
0
49
0
5
0
0
48
0
0
0
0
0
0
5
17
0
1
202
142
1
0
577
0
24
0
0
0
479
0
0
28
0
0
98
0
0
134
0
2
3
1
481
0
1
0
0
0
0
0
0
2
7
0
1
0
1
0
3
67
0
1
98
0
0
0
0
0
0
0
0
0
0
153
127
0
0
0
0
1
0
0
0
58
0
0
0
0
0
2116
1
0
0
0
0
1
0
0
0
0
47
1
4
7
0
0
2
0
1
2
0
0
0
5
5
2
10
0
0
14
0
8
12
0
10
6297
0
614
0
0
0
8940
0
148
0
1
0
142
22
151
2
1
2
308
0
0
31
495
0
1
0
1
9
1980
0
1
0
1
0
0
2
0
2507
965
328
1
8
1
5
0
0
0
0
36
0
0
0
1
1
3
0
1
0
0
0
28
0
0
7
215
2
355
0
0
0
25
3
19
0
0
3
1
1
4
19
11
0
1
1
0
0
0
0
0
2
0
0
1
0
0
2
0
0
0
0
4
3886
5
0
0
0
162
0
765
0
0
876
1
0
0
0
4
7
4
0
0
0
0
0
0
3
0
0
0
5
4
14
1
0
0
0
0
0
0
168
2
0
0
0
0
8
714
1
38
1
0
0
14
7
0
48
0
0
0
7
0
0
1
0
0
479
359
0
0
0
28
0
7
3
1
110
214
0
0
0
1
0
2
0
0
0
5
151
0
0
0
5
3
1
3642
1
0
1
2
3
8
0
0
1118
3
15
5
1
2
0
0
1
0
0
0
0
0
0
0
0
0
1
0
0
0
2
16
0
0
31
0
87
0
0
0
0
1
9
0
35
0
1
0
0
1
0
2
37
0
0
7
0
28
1
1
2
186
0
18
1
0
0
5
175
0
0
0
7
6
95
1
2
36
3
1
0
0
0
0
104
419
0
2
46
0
0
1
1
0
0
447
0
1
0
0
48
935
1
8
0
0
24
0
93
758
1609
0
1
18
0
0
3
0
5563
59
0
1
10
0
2
74
0
2
0
10
0
16
2
0
0
0
1491
21
18
13
2
0
521
27
7
2
0
1
0
54
0
0
2
0
2
0
0
2
102
0
0
2
0
0
1
32
0
1
11
693
0
0
0
0
2358
597
1
0
0
111
97
0
0
2
1
0
4
0
0
33
6
0
6
33
0
0
2
4
0
100
1489
2
1
0
11
1353
306
2615
0
2
0
0
305
47
3
207
0
1
34
519
3
0
0
0
1
0
0
0
6
10
4
0
0
0
0
0
0
1
0
0
1
0
2461
2
0
0
0
0
0
2
1
0
29
0
10
1
2
1
0
2
1844
116
0
0
3
0
5
1
11
1
1356
2
24
0
0
0
0
5
0
0
0
0
1
1
0
0
0
4
0
16
0
0
0
1
4
0
2
0
2
1
0
12
0
1
1
0
0
1
417
0
0
0
0
0
10
1
14
0
5
53
24
0
1
5
25
8
0
11
30
1293
13
7
0
1
24
0
528
0
136
0
2
0
0
35
0
0
225
0
0
0
91
3
0
0
1
0
4
780
27
0
0
0
3
1
0
2455
0
1
0
293
0
2
1
0
0
0
0
1570
1
2
0
2
0
0
0
0
0
6
2
0
0
4460
0
0
1
0
6
264
0
2176
50
0
0
1
124
0
1
0
0
1
0
0
1
0
0
0
0
356
0
0
310
1980
7
0
0
0
1
0
1
17652
0
0
0
2
0
0
2
0
275
0
185
0
9
0
15
1
51
1
0
1
0
0
612
14
0
10
639
0
0
2
0
22
0
3364
0
1
1251
0
4
0
4
1
0
54
869
0
3
0
11
1
0
754
0
0
0
0
396
0
1864
5
0
16
0
123
0
0
3
2
178
283
0
0
2
0
39
0
19
0
4
1
65
507
14
27
0
0
2
0
0
0
141
0
0
0
57
0
0
75
0
0
1
137
0
0
0
0
1
0
0
4
0
1
0
0
0
27
0
0
2
1353
0
36
5
298
0
0
0
5
0
0
11
0
0
0
8
0
8
0
0
3
0
0
3
0
0
0
0
294
0
0
0
9
0
3556
3
14
2
0
110
0
3
0
0
16
0
0
0
0
6
0
0
231
1
0
738
0
24
4
37
0
1
0
0
74
1
2
0
0
5
10
1
262
0
0
6
0
611
0
0
0
1
13
0
8
18
0
6
817
913
1
2
0
0
0
20
0
0
534
4138
0
0
0
0
0
0
1
0
0
0
0
0
0
513
0
0
0
5
0
2
0
0
0
15
0
0
0
1
36
0
25
52
1
0
111
37
357
0
3
45
275
3
0
0
0
0
0
0
16
0
0
9
0
0
5
55
0
1
5
0
230
184
0
52
481
5
1
0
0
1
1
0
230
0
92
1
0
1681
0
0
0
0
0
0
0
8
0
1
0
4
21732
30
14
6
0
16
95
2
0
0
0
0
1341
283
0
0
4
0
0
0
0
1
1
0
1
6
0
294
1
559
1
0
6
0
4
0
7
3
22
5
0
0
0
0
0
1
70
0
0
0
0
949
0
1
0
0
1
925
0
0
1
264
0
30
12
0
2022
2
0
9
0
0
0
86
0
3
298
0
1
447
0
2
0
0
2
0
3
21
0
0
0
1
83
0
5
0
12
41
0
0
0
2
18
1
0
0
0
95
0
0
571
0
7
0
1
21079
117
0
0
0
1
0
0
22
3
0
1
1
11
0
0
0
4
152
0
9
0
0
0
0
4
77
73
0
1
3
0
0
10
0
0
0
0
1
37
49
334
58
0
0
20
116
0
0
0
0
0
3
0
8
0
0
0
0
0
1
0
0
0
0
0
524
1
0
1
0
176
0
0
622
0
166
0
465
57
0
0
4950
560
0
0
0
5
671
2
98
1
1
0
0
0
20
0
0
5
0
0
3
2
1
0
0
1
0
0
1
2
2
0
0
0
3086
3
0
0
74
2
0
0
0
17
1
182
0
852
2
0
0
0
0
0
38
692
0
0
1
1
0
336
0
0
5
3
5
0
0
5
1
27
4
0
0
0
0
0
0
1
0
0
0
1
0
3
0
0
28
0
0
7
5
0
12
7
0
0
2
13
1
0
0
0
1
0
0
0
0
0
0
1
0
0
0
7
0
41
2
4095
1
1
718
0
3
4
0
0
243
9
90
0
0
1
11
2422
819
0
139
36
0
0
6
0
0
0
0
0
4
0
0
1
1
2
29
4
0
0
13
0
0
2
2
523
8
0
0
0
1
0
0
16
5
0
0
0
0
0
0
0
0
0
0
981
50
1
0
0
4
2
0
0
0
20
2
0
1
182
1
0
5
0
0
0
0
0
0
0
0
0
0
199
0
0
21
19
0
0
13
0
9
0
0
0
0
0
4
4
18
3846
0
2
1
0
2
0
20
105
1
1
0
43
0
9
1
1
0
0
1050
0
1
0
0
14
10
4
1899
3
222
0
0
1246
0
5
0
4
0
475
0
0
0
0
0
0
66
0
4
0
0
44
0
0
1
0
73
0
0
0
63
132
1
54
13
39
0
7
0
0
0
51
1
0
0
0
6
0
0
33
0
0
0
0
2
150
15
0
0
363
9
27
0
0
0
0
0
0
1
0
234
0
0
0
1
0
0
0
1
0
0
34
0
0
14
2
3
1
281
0
4
3
0
0
0
1
548
254
1
0
0
0
15
0
6
0
361
8
0
0
0
0
0
2709
0
0
0
0
0
0
520
1
2
2
0
2
0
3
1
2
1
113
78
0
0
7
272
0
0
0
0
0
0
0
0
0
0
12
1
711
1
1
0
0
114
0
324
0
0
0
144
336
5
3
0
0
0
0
15
16
0
0
0
0
0
0
0
175
1
0
0
0
1788
0
1
0
0
2982
0
0
0
0
0
0
27
5
0
0
0
21
0
0
0
0
0
0
0
115
0
1
0
6
0
2358
2
0
504
0
3
588
736
1
0
0
0
0
0
0
1
0
18
1
1
1
742
26
40
1
0
2
1
0
30
0
1
2
1517
65
0
0
153
187
12
1
0
0
0
0
0
2
25
0
744
0
3
25
0
0
0
0
0
0
0
0
0
2
0
2
5
6
0
0
1
19
0
0
2
158
0
0
56
0
0
1
190
0
291
0
0
0
0
0
1
0
0
0
0
0
0
0
10
0
1651
0
5
0
1
11
382
34
0
0
0
67
0
0
16
1
0
0
0
0
0
4
2
1
0
0
0
0
3
2
330
0
0
169
10
0
6
0
164
10
0
1
1
0
124
34
0
100
1
0
1
8
245
0
1
0
0
0
826
76
0
0
7
9
1736
0
3
9
1984
33
218
288
3
0
0
96
0
0
6458
22
0
0
0
0
0
0
0
0
16
0
13
149
250
34
0
0
11
0
0
1
1
0
0
4
0
11
0
4776
0
353
0
0
676
0
34
0
0
0
1
0
8
0
0
0
0
0
509
0
0
0
0
11
366
112
1
635
0
0
2
0
0
0
3
175
165
400
1556
0
0
0
0
0
0
0
2
20
0
0
442
11581
236
2
0
9
10
1
0
0
0
19
0
7
0
0
0
0
0
0
10
20
0
2
0
1
11
1
0
71
2
36
2
0
9409
0
0
147
36
6
0
0
1
1
0
0
0
0
17
10
42
0
61
0
0
57
0
1085
0
0
0
0
1
4
0
0
10516
0
1
0
0
0
0
38
0
1
25
0
0
0
0
111
1
0
1
0
0
0
8
0
0
0
0
1
0
0
0
1
1175
0
116
0
113
0
34
116
0
0
0
209
2
0
251
1
4
0
990
22
0
1061
0
0
0
96
12
6
1134
0
0
0
1
1
0
261
100
6
0
0
1
17
0
0
3
1
0
0
35
1
0
36
0
1
0
16
0
0
0
4
198
292
3
22
2
254
92
236
37
2
0
0
138
0
0
0
29
0
0
0
1
75
0
0
0
15
0
60
0
0
1
21
5
2
0
0
1
790
3
2
0
13
0
0
0
1
91
201
0
6
0
7
2923
0
1559
1
1
15
18
0
0
0
1
221
0
13
1
0
1
1
0
0
3
51
0
307
0
0
0
1
4
0
58
41
1
138
0
15
0
0
0
12
0
1159
4
0
164
0
175
0
0
1
0
2
3
1
6
16
343
26
21
1562
0
0
0
0
2
0
2927
0
0
1
606
483
1
1
0
0
0
0
0
43
0
0
0
1
0
0
42
1353
3632
0
0
0
0
0
151
633
0
44
0
1
0
2
0
0
2
1
0
0
1
0
0
0
30
0
4
0
354
207
257
264
111
0
4
0
2
0
0
26
0
0
0
0
0
306
37
34
29
1
0
0
0
0
0
0
0
0
0
0
5
1
1
1
0
0
11
772
0
0
159
0
16
0
0
0
0
2
7
0
0
0
0
0
0
0
12
1
4
4565
0
0
5
0
0
533
0
3
0
118
2
0
0
0
1869
1
12
0
1
1
0
113
409
2
1
29
0
1
0
5
0
0
0
0
254
378
1
0
0
191
0
0
0
0
0
0
0
7
0
0
96
9
0
1
0
0
0
287
7
0
13
0
191
18
0
0
34
810
2
1
0
13
0
0
0
3
2
8
26
0
18
0
45
641
0
0
0
0
32
182
3
1
1
2
0
0
153
0
0
1
0
1022
0
0
406
3
0
0
22
125
1
1
1
0
0
13
0
0
0
0
4
1
22
12
2
0
0
51
0
10
15
0
0
1
0
3
0
0
11
0
1
0
1
85
0
0
0
0
0
0
0
18
0
204
0
0
0
0
3
0
10
14
1
5
0
30
0
50
808
0
0
0
1
1
1
55
0
0
9
99
0
0
0
0
0
1
0
39
5
1
0
0
4
0
10
1
0
0
2
910
32
0
0
0
0
20
8
0
0
0
0
1
0
0
5
0
0
1960
0
0
0
0
0
0
4403
0
0
0
3
1015
0
0
14
7
0
0
0
0
0
0
0
1
0
0
0
0
0
0
5
0
2
2
10
36
13
21
0
9
1
7
0
24
3
1
17
1
230
0
0
0
3
0
0
0
0
34
0
0
5
92
0
3479
0
1
2
0
0
0
7
0
6
0
1
37
0
1
0
0
0
0
1
0
16
0
0
0
0
2
0
0
3
1
16
4694
2
1
1
0
0
0
52
12
4625
0
0
0
3
38
0
0
460
2
0
36
1
0
0
0
2
2681
1
0
0
33
2
5
0
35
6
0
2
0
341
1
1
0
0
1
1
0
0
5
0
0
0
15
367
1345
0
0
0
0
30
0
0
0
1
11098
5
153
1
33
13
0
0
0
0
0
0
59
45
0
1
10
79
0
0
1
1
0
0
0
0
2
0
0
0
0
0
0
2
0
0
0
5
0
307
0
0
0
1232
0
0
0
0
0
0
0
32
0
0
0
0
0
0
169
8
0
0
0
0
272
1
1
342
0
1
0
15
0
2
0
229
2
0
3839
912
0
0
52
1
0
0
2
0
1
0
0
0
0
0
0
0
129
2
0
0
1
0
1
0
0
0
0
2
0
123
0
0
0
0
0
1
30
0
112
29
0
0
61
1
39
0
0
60
0
27
6
0
0
2898
32
32
90
2
3
0
6
6
1
0
0
0
218
0
0
0
0
0
0
0
1929
0
0
1
0
0
9
0
0
0
0
0
1
4
0
2
0
0
10
0
0
1
0
0
0
2
0
0
13
3
0
3
4
0
249
0
2
25
140
0
0
11
0
0
2
1
8
0
0
0
0
14
5852
27
0
0
291
0
0
0
0
1
72
1
690
1
2
0
0
1
45
28
2
1
0
0
0
602
0
0
636
26
105
0
0
0
1
0
0
1014
0
0
60
23
0
0
30
22
50
0
0
6
1
0
6
0
0
279
0
0
7
0
0
10
107
0
0
0
0
0
2076
0
0
1
0
0
0
0
0
1
0
0
0
0
0
0
0
10
0
2
0
41
0
0
7
0
2
0
71
0
0
0
3
0
30
1
0
1
0
6
0
351
1
666
1
1
0
2
0
5
1
2293
0
20164
1
300
0
226
0
21
0
6
850
0
51
0
0
0
0
0
0
6
0
2
14
1
0
8
0
4986
0
0
2
29
0
0
0
1
3
32
0
3
0
0
0
0
47
0
400
0
0
0
0
0
17
0
0
0
17
0
2
0
56
101
0
2
7
8
28
333
0
1
33
792
0
4
2
0
0
0
0
0
1
3
0
0
11
0
0
2
0
0
0
0
0
0
0
429
0
0
1
0
0
4
0
0
2798
1
92
0
0
1
1
4
7
0
0
0
0
0
0
5420
1
0
2
4188
2
4
0
0
0
0
0
0
0
0
7
1
0
6
325
0
0
197
0
2
2
5
0
235
1
13
0
0
0
422
0
6
1
0
72
0
0
1
0
33
0
0
0
0
2325
0
1
0
0
2
4
0
0
0
0
0
0
41
0
4
298
0
0
0
185
3
1
3
41
0
4
280
0
551
0
1
0
3
0
1
0
0
0
16
0
0
5
49
1
0
0
206
0
84
0
0
0
1
0
0
0
1779
0
5
0
0
0
2
207
19
0
0
396
0
75
0
0
1
0
0
1
34
2680
10
1
154
0
0
1
6
28
1
497
37
0
1
0
0
5
8
1
46
0
2
1
42
0
0
11
0
0
615
0
26
0
1
2
584
1
0
6
1
0
5
6
8
0
1
2
0
7
2
35
0
457
1
0
15
1
0
12
0
0
0
81
10
7
11
812
1
2
0
534
5
0
16
0
1
16
0
0
0
139
16
133
118
2
0
0
0
1
0
0
0
0
0
0
187
0
957
0
0
0
0
0
0
0
4
0
0
0
0
144
39
0
0
0
0
0
0
0
1
1
37
0
0
0
0
0
2
0
4
0
0
891
0
1
101
0
4
1
0
1
5
0
126
245
0
71
0
0
67
0
1
0
0
21
1
0
0
0
0
0
5
0
0
0
0
7
0
0
0
0
0
0
0
0
9
863
19
0
81
0
0
0
1
1
0
3
0
0
0
0
1575
0
1
1
4
1221
386
9
0
0
30
4
0
104
0
0
0
8
0
44
35
137
0
1
0
61
1
442
25
0
0
1
0
0
36
0
0
0
1
0
1
5
0
0
0
0
139
1
2
12
0
0
0
0
0
0
0
2
14
0
0
0
0
16
0
0
0
31
0
608
0
5285
1
2
1
6
0
16
0
0
2
1
0
170
13
0
0
3
0
0
9
3211
261
1
0
0
0
0
8
0
0
2
0
1
1
0
0
0
0
1
1
11
2
290
558
0
8
50
0
1
0
233
0
49
0
0
0
5
0
1
0
2304
0
1
1
3
0
0
1
0
0
1
1048
0
0
5
48
4
16
5
71
0
0
0
0
0
0
1
1
0
0
0
0
0
1
0
0
0
0
0
4
0
0
0
0
252
125
2
755
0
0
5
0
0
0
0
0
150
0
0
0
17
185
1
50
2
6
0
40
0
29
0
0
43
0
0
0
1
0
0
263
39
8
608
0
1
0
0
0
0
0
0
0
2
0
0
839
1
0
6
0
0
0
0
0
0
0
0
4561
1
48
0
5
0
27
0
0
0
5
3
0
49
0
0
1
4
166
6
0
0
0
1
0
0
6
0
0
366
13
1
0
0
0
893
53
556
0
125
8
0
0
0
1
0
1
172
0
0
0
0
0
0
0
27
0
0
0
1
0
0
1060
0
16
13
0
2
0
0
0
1
0
0
0
5
2
1
0
0
0
52
2
0
224
1865
7
0
469
6
2
0
3
40
5
247
20
0
2322
0
39
17
16
2
0
0
71
2
1
0
4
0
0
0
0
0
0
0
0
1
2
0
0
2
1
0
4
0
189
217
1
57
0
0
6
29
1
0
0
0
1
0
0
0
0
2
18368
2
4
1664
4
10
2
6
9
0
0
277
4
3
0
6
1
9
4
0
133
0
26
0
0
0
1
1
0
5279
1
0
0
0
0
0
1
289
0
1
0
2
2
0
0
0
4489
440
55
2
0
1
0
760
33
0
234
7
0
124
0
0
0
1
7
1
0
1
0
0
2
0
4
10
1
16
6
0
1
3
0
13
36
1
74
5
0
0
1608
0
0
0
0
24
0
0
0
0
0
0
0
0
0
0
0
0
0
0
0
0
16
25010
0
0
0
0
5
4954
1
0
0
1
0
5
0
0
0
5875
5
5
0
1
1
0
0
6
0
0
45
0
1
124
0
0
0
17
0
234
0
5
7
0
2921
0
0
0
0
78
20
0
2
0
1
0
18
523
0
0
0
188
4
0
0
1
132
558
1
0
0
0
0
113
97
0
0
3
1
4
0
0
33
29
0
1
0
1
0
18
0
0
2
424
3
20
3
0
0
0
0
478
329
0
1
1
0
0
234
0
1
0
3
0
0
0
0
0
0
57
0
0
0
0
0
0
654
0
15
0
10
15
176
2
0
28
38
5
0
0
0
4
3
10
1
0
0
7
1
2
9
1
3
4
0
1
0
449
0
2
0
0
0
0
0
3
0
3
5
1
20
0
35
0
1
0
0
0
0
0
0
0
0
0
0
1
0
0
0
851
0
0
35
0
1
0
67
2
0
1
0
15
0
0
0
6
0
0
5
0
3
31
5
0
0
0
0
11
1
2
0
65
1
100
12
0
692
1
0
0
0
33
0
0
0
0
0
1
0
2
0
0
0
0
0
0
1
0
10
38
0
0
216
0
0
4
44
0
0
1
17
199
1
143
0
56
1
0
2
0
13
0
0
0
0
282
0
0
0
0
1
1
0
0
1
0
0
3
0
13
0
20
3082
1
2
202
0
13
38
0
0
0
0
2
0
0
0
1
0
0
11
1
0
65
0
0
0
116
0
0
33
0
15
8
0
3
2
0
0
996
568
52
1
0
1
0
0
1
0
0
23
0
1
0
8
1
8
7923
0
0
4
153
0
2
0
518
0
0
2346
5
0
12
1
0
0
0
0
0
0
1
0
1
0
0
0
0
3
2
0
0
0
0
1
0
0
0
25
4820
0
0
0
646
0
21
28
0
13
3573
513
1
0
0
0
5
0
0
0
1
11
2
1
4
65
0
6
1901
0
0
1
0
0
1
0
15
0
40
0
0
0
0
0
14
0
0
0
0
0
0
8
0
0
0
0
0
0
139
0
0
0
0
1
231
0
0
56
0
0
0
0
0
41
202
70
0
0
10
0
74
53
0
0
0
5
6
8
3789
0
0
5
1
1
3
280
0
2
228
8
2
44
420
0
0
0
0
0
0
203
0
0
0
0
0
0
0
5
1295
0
0
0
0
0
0
0
137
10
0
1
1
0
0
0
0
54
0
18
0
0
0
0
3
0
22
3
857
9
0
39
12
0
0
4
0
0
21
9
1
0
3
0
0
0
0
1
0
0
1
0
0
164
121
0
0
0
0
0
0
0
0
0
4821
0
0
0
99
0
0
0
0
1
7
0
6
0
2
1
0
21
0
2
19
0
0
0
0
0
0
0
0
0
2
0
9
0
2
0
0
17
57
14
0
0
6
55
0
0
0
0
0
0
0
0
0
7
34
1
1
0
0
0
0
0
0
14
1
0
0
0
0
12
0
0
303
0
6051
0
0
93
0
0
0
44
0
0
367
96
163
0
2
0
0
0
1
0
1
0
41
19
17
42
0
10
1
2
14
345
0
2
1738
75
0
0
0
0
0
0
0
1773
0
0
1
0
1
0
0
0
1
0
142
0
0
0
0
0
0
0
0
0
486
419
0
0
0
0
2
3
0
35
1048
4
0
0
4
5
0
5
0
0
0
7
2
433
0
17
0
1
4
0
0
0
1
0
180
4
1
444
0
0
0
1
0
5
0
2344
0
0
0
0
0
1
0
46
1
0
0
1
0
39
0
0
57
0
0
1
0
7
0
0
0
0
0
0
3
2
2
0
0
0
7
0
0
0
0
2
1
4
0
13
1
6
8
3
0
0
0
0
0
3
6
26
453
0
0
0
0
0
0
0
0
0
0
51
0
0
0
0
0
0
0
0
0
0
0
0
0
3
0
0
34
0
3
0
0
0
285
62
2
2
71
0
0
0
0
1
0
0
1
0
79
2
21
5
0
863
0
4
1
60
4
0
0
0
0
0
1949
0
0
0
0
0
0
0
0
0
0
0
0
0
1
19
0
0
0
0
1
0
0
0
0
575
0
0
0
24
4982
0
0
0
0
1
1
0
0
0
0
0
14
0
0
4
0
1
58
2
9
0
10
13
1
1
60
1
0
0
0
0
0
0
4621
0
0
0
0
0
0
0
0
0
0
0
0
1
0
0
0
0
0
2
0
0
0
0
0
0
27
0
1
0
0
0
0
0
0
0
68
557
0
0
0
0
1
44
0
0
1
0
46
0
321
0
0
0
0
8
4
0
0
0
22
14
28
20
0
1
0
0
0
0
0
0
0
0
0
0
0
0
0
0
0
0
0
0
0
0
0
3
5
239
4
51
1
8
152
0
0
0
0
0
0
0
386
0
1
0
229
5661
65
0
0
9
27
1
104
97
0
0
1825
1
0
0
0
0
0
1
0
0
9
0
0
0
0
0
0
1
0
0
7
0
1
0
0
0
1
0
0
0
0
1
0
23
0
1
0
29
1197
0
147
0
93
0
9
0
0
0
0
13
0
0
0
0
0
0
0
1
1
0
0
3
0
1
86
6
14
0
1
0
0
53
2
0
92
544
0
0
0
0
0
0
0
0
3
0
0
0
0
0
0
0
0
0
1
0
0
80
86
4
0
5
22
15
3
0
704
2
1
0
0
0
4
0
0
0
0
4938
3
8
1
3
1
0
0
12
0
50
53
0
33
0
0
0
0
0
10
20
0
1
2
0
0
0
0
0
0
0
0
0
0
0
774
0
0
0
0
0
1
0
0
803
43
2
0
1
0
0
0
0
0
0
93
3
37
0
3
685
0
0
0
21
0
6
0
3
0
2357
140
0
0
10
1
15
0
0
271
0
0
4
0
63
0
0
0
0
1
0
3
1
0
0
825
0
0
1
1
0
3
0
0
0
0
1
0
2
66
2
1694
1
3381
35
0
1
0
0
48
7
242
0
1
0
0
0
294
0
0
0
0
78
1
772
0
628
0
14
9
0
0
8217
53
1
0
0
1
1
0
0
0
0
0
0
0
6
0
0
16
0
0
0
0
0
1
0
0
0
0
0
0
900
0
9
1
6
8
1
0
0
17
0
0
3
0
0
0
0
0
0
0
567
0
37
0
0
0
0
42
0
0
0
38
0
0
8
0
0
0
0
2
5
4
0
0
0
0
0
0
0
0
0
3
1
0
0
0
0
0
0
0
0
0
0
0
17
3
1
0
6
1
0
0
0
42
0
0
12
0
2
0
0
0
21
19
0
0
0
0
2501
0
0
5
3
0
0
0
1
3
2
41
0
44
52
1
0
0
8
0
0
0
2
0
0
2
0
0
1
0
0
0
0
0
0
0
1
0
0
0
55
365
1
6
16
0
0
0
0
4
0
1
48
1
0
27
0
0
2
0
0
2
0
1
1
361
0
37
1
0
0
4
3
53
0
0
0
1355
0
27
49
0
0
0
0
0
0
0
0
0
0
0
0
0
0
0
0
0
0
0
0
0
0
6
10
1
225
22
0
106
0
0
0
0
0
26
0
3
58
381
1
0
2
4
1
0
28
1
2
184
9
1
0
0
0
1
0
5
0
0
0
0
2
391
106
0
0
0
0
0
0
0
0
0
0
0
3074
0
0
0
0
1
0
0
0
0
1
0
99
58
0
0
1
407
0
0
0
0
0
0
0
0
291
2
0
0
0
0
0
0
0
0
9
0
0
22
522
2
13
0
15
4
2
0
0
14
0
1
0
0
0
0
0
0
0
0
0
0
0
0
1989
0
0
0
0
0
0
0
0
0
0
0
2
0
0
0
0
12
0
0
1
0
0
0
17
0
15
2
0
0
0
14736
210
0
0
0
1
4
1036
2707
0
0
1
2
270
9
0
0
0
0
86
3
19
0
0
0
0
0
0
0
0
0
0
0
296
0
0
0
0
0
0
0
0
0
0
0
0
313
1
0
3
2
0
2
0
0
0
0
2
5
0
0
0
0
0
1070
1
0
0
0
4
8
413
170
0
29
2
3
24599
0
655
0
0
1
55
125
22
236
1
0
1
0
0
0
0
0
0
0
13
0
164
0
0
0
0
0
1
0
0
0
1
1
134
252
0
4
0
0
92
0
0
0
52
0
0
0
0
0
0
3
2
18
0
0
140
2
1
0
204
0
0
1
0
16
33
1
0
0
0
0
4
28
1
0
0
0
0
0
0
0
0
0
0
0
12
0
0
0
0
0
0
0
0
0
3
0
5
2
1
0
0
0
0
0
1
0
0
0
0
48
0
0
0
4
0
0
0
0
96
0
43
0
2
0
0
30
1
0
0
0
0
5
0
6
26
4269
0
0
1
0
0
0
0
0
0
0
0
0
381
0
0
1
0
0
0
0
0
0
0
124
0
9
0
0
0
0
5419
0
3
1
3
9
101
0
0
0
0
1
0
1
22
1
1047
0
62
226
1
0
0
19
1829
0
1202
0
0
132
0
27
22
277
144
0
1
0
0
0
1
0
0
0
0
0
0
0
0
0
0
0
0
14
0
0
2
5
2
1169
0
7
1
1
56
1
0
0
0
3
1
0
0
0
0
1
1
0
0
82
59
50
28
51
103
0
0
8
0
0
4
1
0
0
0
0
3
0
0
0
0
0
0
0
0
0
1
0
0
0
0
0
1
0
0
0
0
0
0
0
2
0
0
2
0
0
0
0
128
45
0
1
1
0
0
0
0
0
3
9
0
9
0
0
6
42
10
3
0
0
17
0
0
14
3
4
0
278
0
0
0
1
4210
0
0
0
0
0
0
0
0
0
0
0
0
0
0
0
0
0
0
29
1113
0
11
16
0
6
0
0
469
1
0
2
25
0
1
1
1
0
0
0
0
22
0
0
3
0
154
0
0
5551
0
0
3
8
0
1
4
0
0
1
1
0
1
0
44
0
0
0
0
0
0
0
0
13
0
0
0
0
0
1
0
0
0
1335
2
0
583
2
2
2
1
0
1
0
0
0
0
0
3
0
2
0
0
0
0
0
126
0
1
0
58
1
0
0
907
0
17
606
0
0
1
7
0
6
48
0
0
996
49
7
1
0
0
0
0
162
0
0
0
0
0
0
0
1
0
0
0
0
10
0
0
0
1
1
0
0
0
0
0
0
3
0
9
0
6
39
0
0
0
407
9
0
0
0
27
2
0
1
3
0
0
0
0
86
3
0
0
1
0
1
0
0
0
0
0
0
1
0
1
1
0
0
0
0
0
0
0
0
0
1
0
752
7
0
81
0
3
3
2
58
0
1
0
0
940
0
0
0
1
0
0
0
0
0
3
0
0
0
0
0
2
0
0
0
2
11
0
95
3
0
4
9
0
8
627
0
0
28
0
0
0
0
0
0
0
0
0
0
0
0
0
0
0
0
0
11
0
0
5
19
3
0
0
0
0
0
1
1
271
0
0
5
1
1
0
0
0
158
25
0
0
0
203
13
8
0
1
0
712
4
1
4
12
0
0
151
1
0
0
0
0
0
3
0
0
0
0
0
0
0
0
0
0
0
1
0
0
0
1
1131
0
0
2
6
0
0
11
0
5
0
0
214
20
0
1
99
0
0
0
0
0
65
513
0
15
0
2
50
0
4
7
0
0
0
14
129
28
0
0
0
2
1
0
320
0
9
0
0
0
0
0
0
0
0
0
0
1
0
0
0
0
0
0
5
0
0
5
0
140
0
0
0
0
0
0
0
3
0
0
0
0
0
0
0
0
0
518
0
0
0
24
0
0
5
192
0
1
0
161
1
0
0
0
0
6
0
32
0
1
0
0
0
0
0
0
0
0
0
0
0
0
0
9
0
0
0
0
12
0
0
0
0
2
0
0
12
0
0
0
0
4
0
0
2
498
53
0
0
0
1
9
0
0
0
1
0
6
0
0
0
0
3
6
0
519
0
0
74
0
0
0
6
0
13
0
0
0
0
0
0
0
0
0
0
0
0
0
1561
0
0
0
1
0
0
112
13
2
12
254
5
0
1
0
0
1
0
0
1
1711
1
0
0
0
0
5
0
0
0
54
2
0
0
8
0
0
20
0
9
7
0
0
60
46
0
1226
1411
0
0
1
0
0
0
0
0
0
0
0
0
0
0
58
1
0
0
0
9
0
0
3
0
0
2
4
1
1
1
2
0
22
0
0
0
0
0
0
0
0
0
10
0
0
0
382
1
14
0
0
0
0
4
4
26
0
1
0
0
91
2
289
0
0
42
0
0
0
0
0
0
0
0
0
0
0
0
318
11958
0
0
0
0
0
0
0
0
0
0
1445
1
2
0
0
0
95
6
0
0
0
0
0
0
0
0
0
0
0
2
250
49
31
0
96
0
1
3
3
0
26
0
0
1
0
1
22
2
1
0
0
0
62
29
0
0
0
0
0
0
7
0
2345
1
0
0
0
6
0
0
5
9
0
0
9
0
1
0
0
0
1
0
0
25
0
0
0
0
0
1
1
0
28
0
1812
0
0
1
1
0
72
1
1
0
0
0
0
8
0
385
1097
29
2
0
0
0
683
0
6
0
0
0
0
0
0
0
47
0
0
0
0
94
0
0
75
0
0
0
0
0
0
0
0
0
0
0
17
19
61
1
0
221
0
0
0
0
0
0
2
0
0
0
0
1
0
0
1
0
0
0
0
0
0
0
8
0
0
0
0
0
699
2
10
0
0
0
0
0
2
0
0
0
0
0
0
136
0
36
0
11
2
1
0
1
162
0
0
0
0
0
2
0
130
0
0
0
0
0
817
4506
0
0
3
527
1
0
40
0
0
8
1
6
0
0
0
0
1
6
0
51
0
0
1
0
0
3
0
0
0
1
0
0
0
0
0
0
0
0
0
1
0
0
15
0
307
0
0
1
0
0
0
0
1
0
0
0
32
14
0
344
0
0
0
0
0
0
0
0
13
4
0
0
2
4
81
3
0
1
0
0
4
0
63
0
0
0
0
0
0
0
0
0
0
0
0
0
29
0
0
0
10
0
0
0
0
0
0
0
15
0
0
0
4844
12
0
0
375
0
7
1
0
6
0
0
0
0
79
1
0
0
30
73
1
163
20
0
0
0
0
15
426
0
59
184
16
50
3
0
0
0
0
0
0
0
0
0
0
0
0
0
0
0
0
0
2
0
0
691
0
161
0
22
1
49
1
0
16
1
0
1
232
0
30
25
3
0
0
0
0
0
0
74
0
0
1
0
1
6
0
0
7
0
0
0
16
0
1
0
358
1
58
2
0
0
0
0
0
0
0
0
0
0
0
0
14
0
1
0
0
0
0
8513
12
462
0
0
149
1
0
0
261
17
0
0
0
0
12
17
1
0
0
0
0
108
0
8
16
0
15
9
13
2616
4
0
8
1
0
7
0
0
0
7
0
87
5
0
0
0
0
0
0
0
0
0
0
0
0
0
0
0
0
0
0
0
0
0
0
4794
15
0
0
6
0
0
0
313
0
4
0
0
68
13
0
65
0
0
19
9
0
0
0
0
10410
9
159
5
4
0
15
4
9
0
2
0
1
290
7
0
257
1200
0
0
1
0
0
0
0
0
0
0
2
0
33
0
0
0
1
0
0
0
5
34
0
0
5
1
8
43
0
56
0
0
1
204
209
0
1
0
524
1
0
0
0
0
0
0
267
342
53
1
30
0
0
20
0
0
0
0
0
29
0
0
25
6
0
0
2
0
0
0
0
0
0
0
0
0
0
0
0
0
0
0
0
0
0
1
0
0
863
1
0
0
0
1
0
0
0
0
0
0
0
496
0
0
200
0
0
70
0
0
7
0
55
25
6008
0
0
0
0
0
0
0
0
68
58
41
17
0
0
0
0
0
0
0
0
0
0
0
1
0
0
0
2
0
0
0
4
0
18
0
0
0
1
0
0
0
0
1
153
10
4
7
0
65
0
2
112
0
0
0
1
0
0
0
9
1
2
0
99
0
2
0
459
222
0
0
0
2851
0
2
51
7
2
0
0
0
1
0
0
0
0
0
1
0
0
1
2
34
0
0
0
0
0
0
0
20
0
0
15
0
1
406
1
2477
5
0
0
0
1
10
0
0
164
0
0
9
0
0
0
116
6
0
18
0
14
0
2
0
0
522
0
41
0
0
530
1
0
1
0
0
0
0
0
0
0
0
0
0
0
0
2
0
0
0
28
0
12
52
0
1
0
0
0
0
0
0
29
0
0
0
0
0
0
11
0
0
26
0
0
30
36
1
60
425
0
4
3
0
1
0
11
0
368
167
0
7
1
6
0
0
223
0
0
0
0
0
0
1
0
1
0
0
0
0
0
0
0
0
0
0
0
19
0
4
9
0
31
3
0
0
0
0
0
0
0
6
0
44
0
0
1
14
265
21
0
0
0
1
2
0
1615
0
0
10
17
38
5
1
0
9
2
468
1
43
0
0
0
0
0
0
0
0
0
0
0
0
0
0
13
0
0
0
7
0
13
0
0
0
3
1006
0
0
0
0
1
0
0
0
0
3
189
0
0
0
1
0
0
0
0
0
3637
4
108
0
1209
0
0
0
16
3
0
0
15
1
1
0
2
211
38
0
0
0
0
0
0
0
0
0
0
0
0
1
0
0
1
0
0
0
0
0
0
0
50
4
3
0
0
0
0
1
0
0
1
0
15524
0
1
0
0
0
0
3
1
0
2
635
0
19
851
0
6
2
317
0
1
0
5
2
8
2
0
0
0
0
0
0
8
0
0
0
0
0
0
0
0
0
635
0
0
0
43
0
24
3
0
1
18
744
0
0
2
0
0
3
76
1
238
0
23
1
0
0
0
0
0
0
0
0
96
2
2
3756
15
0
446
0
0
1
0
0
120
1
1
12
3
10620
1
1
1291
0
0
0
0
31
0
0
0
0
0
0
28
0
0
0
0
1
0
1
0
58
18
0
472
0
0
0
0
1097
0
0
51
19
18
7
0
0
0
0
1
0
0
0
746
0
11
3672
0
0
13
0
0
1
0
0
0
0
1
1
753
3
0
0
210
0
4
0
0
0
0
0
3
0
0
0
5
0
0
0
54
0
0
34
0
0
1030
1
28
2
0
0
0
0
0
0
66
2
14
2
0
0
0
0
0
0
0
0
11
7
1
61
2
0
845
37
0
0
0
0
0
2
51
1
2
15
0
0
0
0
0
0
0
1
0
0
0
0
0
0
0
1
1
0
0
0
0
0
0
2
22
0
483
4
0
1
0
0
0
0
0
0
0
1
0
0
7
0
0
3
0
0
72
0
986
260
2750
0
231
14
1142
5112
0
0
14
47
0
540
0
29
0
0
0
0
22
0
6
0
0
0
0
0
0
1
0
0
0
0
0
0
0
135
0
0
6
10315
0
0
0
0
21
0
1
0
0
2
3
0
0
0
0
0
21
2470
0
507
40
0
0
2
656
0
1
0
0
123
229
0
0
3
0
3
4
9
0
0
0
0
0
0
0
1
0
0
0
0
0
0
0
0
0
0
0
0
0
42
0
43
13
590
8
4
0
0
0
0
2092
0
3
0
2116
1
0
0
0
4
11
3
0
490
48
78
1
4
12
0
595
1
0
0
26
0
416
449
0
32
0
0
0
0
0
0
1
0
12
0
0
0
1
0
0
0
0
0
0
0
0
0
0
3
0
0
0
1
1
0
0
41
482
0
350
0
0
9
17
289
0
0
0
1
0
1
0
48
44
3
4463
1
0
0
17
0
1
15
0
1
0
2
3
3
0
561
104
1
0
0
0
0
0
0
0
0
0
0
1
0
0
0
0
0
0
0
0
258
0
1
426
22
25
110
0
0
3
1
0
0
0
1
1
1
0
0
0
0
0
0
0
0
10
0
58
0
0
0
0
8
0
512
0
0
2323
3
2
0
13
0
0
0
0
0
30
0
7
0
0
0
0
0
0
0
0
1
1
0
0
0
0
6
0
32
0
1
2
2
0
0
1
58
1
0
0
1
1
0
0
0
0
1
1
0
0
0
1749
170
28
6
62
0
2
76
0
1114
0
0
0
19
14
56
32
0
1230
13
0
0
0
0
0
0
0
0
0
0
0
1
0
0
0
0
0
0
0
4
0
34
0
23
0
0
0
0
0
8
0
0
0
340
17
113
0
0
0
0
0
0
67
0
0
0
2
1
1
1
3
1
2
0
0
0
26
4
5
32
66
0
1
0
0
0
25
25
39
1
0
0
0
0
0
1
0
0
0
0
0
0
0
73
0
0
0
1206
196
0
2
0
0
1
0
0
0
19
0
3
0
0
0
0
2801
0
319
0
628
2
0
10
0
0
134
89
26
0
0
0
4
1
37
3
8
1
0
5562
0
23
0
0
0
0
0
0
1
0
0
0
2
0
0
0
0
0
0
0
0
0
0
0
0
0
0
0
0
0
0
477
10
0
10524
0
0
0
4
0
0
40
0
0
1
0
1
27
4
0
1
0
4
0
0
9
1
35
2
150
10413
0
0
0
38
1
0
0
0
0
0
0
0
0
1
0
0
0
0
0
0
1
0
1
0
17
8815
0
13
0
213
0
0
0
11
0
0
20
0
0
9
0
0
0
5
9
1602
0
0
0
523
1017
10
0
4
0
0
61
278
0
0
0
12
2603
0
3
0
2003
0
0
0
0
0
1
0
8
0
0
0
0
0
0
0
0
0
0
1
0
0
182
0
0
16
1
0
0
0
0
18
0
0
10
2
0
0
0
0
1
19
2
4
0
277
35
40
122
3
0
0
9
91
0
5
8
0
32
1
139
5532
9
0
48
0
0
0
0
0
0
0
0
0
0
0
0
0
0
1
0
0
0
0
0
0
1
1
13
18
0
29
1
0
0
0
0
2
0
179
4
0
0
0
0
0
0
760
0
1
3
30
1
41
0
4
0
3
0
0
0
53
31
18
3
30
1
0
0
0
0
0
0
0
0
0
6
0
0
0
0
0
0
0
0
0
0
0
3
0
5
1896
1
0
1
0
0
0
1
0
0
1
0
414
16
0
0
0
0
0
2
675
1
0
0
66
0
0
0
20
91
31
0
0
7
3115
0
19
15
7
0
0
0
0
0
0
0
0
0
0
0
1
0
0
113
0
339
0
0
0
10
0
31
0
11
241
4
4
0
1
0
0
4668
0
0
0
2
181
111
0
0
0
0
1
0
5
0
0
0
0
3
195
0
0
23
0
5
0
0
2031
173
1
1
1
0
0
0
0
0
0
0
0
0
0
11
1
0
0
4
0
1
0
0
0
0
0
2
14
1
0
0
0
4
0
0
1
0
0
0
0
0
3
0
0
0
0
1317
0
0
0
0
1
1
0
0
0
0
3
48
0
0
0
6
0
0
2
4
2062
0
0
0
0
0
0
0
0
0
0
0
0
0
1
0
0
196
0
0
0
3
1
1
0
23
0
0
5
0
0
0
0
0
11
0
1
40
1682
1
0
0
0
0
28
0
0
0
343
9
0
60
0
0
1
6
1
1
0
0
38
0
99
1
0
185
0
1
0
0
0
0
0
0
0
30
0
0
0
66
0
0
0
0
0
0
0
9
0
0
9
0
0
0
0
1
0
0
0
0
21
2
196
6
0
0
0
0
0
0
136
0
8
23
0
13
0
0
2
1
33
0
0
6
203
11
0
0
0
0
2
0
1
0
0
0
0
0
0
0
0
0
0
0
0
0
155
0
1
0
0
7
0
449
3798
0
0
0
0
0
0
0
0
0
0
0
32
0
0
0
0
0
0
1
0
7
4544
712
0
147
69
0
4
1
0
18
304
0
103
4
0
0
0
0
1
0
0
0
0
0
0
0
0
10
0
0
0
0
0
0
13
0
0
0
0
136
4
0
0
0
4
0
0
0
0
0
0
63
0
1
0
11
0
162
0
0
0
0
0
0
0
1
2
46
0
0
0
8
0
0
66
46
0
0
0
3
26
114
3
0
0
1
0
0
0
1
0
0
0
0
10
0
0
0
3
0
0
4
0
0
2007
4
0
2359
5
0
102
0
0
0
1
7
9
3
35
2
0
0
9
7
123
0
0
5
1
154
0
36
0
0
0
25
678
28
0
0
2
1
0
0
11
0
16
2
0
0
1
3
0
0
0
0
1622
0
1803
0
14
0
0
0
0
0
0
8
2
0
1
0
4
1
0
0
0
0
28
339
402
2
2
38
0
416
0
0
1
0
0
0
3510
2
0
1
185
1
0
0
0
0
0
0
0
215
10
10
0
0
1
2
0
0
0
0
0
0
0
0
10381
0
1034
0
0
0
0
0
0
0
1
0
0
1
2
443
145
0
764
0
0
0
0
1446
0
1
0
0
0
0
0
10
8756
0
0
11
0
0
6
14
6
0
0
1
7
0
7
0
0
2
5
0
209
2
220
2
1
0
0
0
0
0
0
0
6
0
1766
0
5092
0
0
0
0
0
0
2
0
1
4049
776
909
1
2
0
0
0
0
467
0
1
0
759
0
0
0
1
0
0
73
0
26
71
2
34
23
0
42
0
10
0
687
0
0
3
3
78
1
0
1
0
0
1
0
0
0
0
0
0
0
0
0
0
0
0
0
0
1
0
0
0
33
0
0
48
0
0
0
0
0
0
0
0
6
54
87
1
278
0
0
2
4251
35
0
1
9
53
4
13
1
0
0
25
2
0
0
0
0
14
0
886
1
55
807
9
0
0
0
0
0
1
0
0
0
0
0
0
0
1
0
0
0
0
0
0
510
299
0
12
0
0
0
0
0
1
0
1
0
0
11
6
0
0
0
0
13
2
39
0
3
51
0
0
3
0
3
2
181
0
0
0
9
1
0
44
0
0
0
0
0
0
1
0
1
1
0
0
0
0
0
0
0
0
0
0
0
0
20
22
1
97
15
1
4346
1
0
0
5
0
0
0
0
0
1
117
6
1
1
0
0
0
0
6
0
1
0
62
375
0
0
5
36
31
150
0
0
3
0
0
739
0
1
39
0
0
0
0
0
0
0
0
0
1
0
0
0
0
0
0
0
0
22
109
0
23
35
32
7
10
0
2
0
12
0
0
2
1
0
1
6
0
0
0
5
0
0
0
127
47
2
160
27
0
0
0
16
1
5
0
0
0
0
0
0
52
28
0
0
0
0
0
0
0
0
0
0
1
0
5
0
0
0
0
1170
0
60
0
5
0
10
16
0
2057
0
0
0
8
0
0
0
116
0
11
0
0
0
0
0
0
0
13
0
0
25
9
80
0
0
3
27
2
0
0
0
9
28
1573
0
0
4032
0
0
1
0
0
0
0
0
0
0
0
0
0
0
0
0
0
0
1
0
0
8
1
3
0
8
10
0
0
0
8
0
0
6
25
1763
1
0
0
0
0
0
0
0
0
0
0
0
0
463
0
1
0
0
8
0
0
0
0
0
3
1
0
1
0
0
0
0
1
0
0
0
0
0
0
0
0
0
15
13
0
2107
0
0
4
3
0
37
0
0
0
0
0
5
2
0
0
1
6
0
0
0
0
0
35
0
0
0
0
0
0
74
0
2
0
17
12
31
7
0
1
0
98
7
18
42
11
0
0
0
0
0
1
0
0
0
0
0
0
0
0
0
0
0
0
36
0
0
1
0
46
0
0
0
182
0
0
9
1
110
0
0
1
0
261
0
0
0
1822
0
0
0
0
0
0
0
0
3
0
6
24
3
3
0
0
1
1332
29
4
135
1
1262
0
1
0
0
0
1
77
0
0
0
0
0
0
1
10
0
0
0
0
0
0
0
0
0
0
0
55
0
0
0
2
213
0
13
0
0
6
1
0
0
12
0
0
0
0
23
0
0
0
1477
0
0
0
133
0
0
0
17
3625
22
18
4
0
54
0
105
0
0
0
0
3
0
0
0
0
0
0
0
0
0
0
0
0
0
1
0
1
0
2
6156
3
2
0
0
8
16
0
1
1
1
0
0
0
0
0
0
0
0
0
6
7
0
76
36
0
0
0
2
0
0
0
0
893
1
31
0
52
0
0
0
0
9
0
0
2386
0
0
0
0
2
0
0
22
0
0
0
0
0
428
0
22
35
5
0
75
0
0
0
0
0
0
5
50
0
0
0
0
169
0
58
805
0
0
3492
1
1
0
0
0
73
0
9
0
294
0
2
1
14
1
0
0
1
0
0
1
0
0
0
2502
0
0
30
0
0
0
0
0
0
0
0
0
0
547
0
1
28
0
0
6898
1
0
1
4
5
0
410
235
2
4
0
0
459
0
0
11
0
0
2
0
0
6
1
0
39
3
27
0
5
0
0
0
6
7
417
0
1
0
0
0
260
1
0
265
0
0
0
0
0
1
0
6
0
0
0
0
0
0
0
102
0
12
59
13
20
0
0
24
5
1
0
11
605
2
0
0
19
0
0
0
0
0
1
1
6
72
163
0
7
0
0
42
0
0
0
2
1
4
0
407
0
1
0
0
43
0
0
0
0
1
0
0
0
0
0
0
0
0
0
0
0
15
0
1
0
265
4
9
1
0
0
0
2
0
0
1
0
30
0
0
1373
0
1
1
22
0
10
0
1
0
1471
0
2957
386
0
0
0
1
0
1
1
0
15
204
1
0
0
0
0
0
0
0
0
0
0
0
847
0
0
33
1
0
0
1
0
189
0
0
0
0
23
5
184
0
0
0
4
0
0
0
224
1
0
0
32
7
0
1599
0
0
28
142
16
0
0
0
129
0
0
0
0
0
2
1
215
30
86
67
1
0
0
0
0
0
0
0
0
0
0
0
61
0
0
0
0
0
0
0
1
1
0
378
4
2
78
0
1
0
0
0
10
0
0
70
20
4
0
0
0
0
166
0
0
0
439
0
1
0
2
0
333
1
0
8
0
0
23
0
1
363
4
22
0
0
0
0
0
0
0
0
0
0
0
0
0
0
0
33
0
0
0
0
0
35
0
6
1
0
0
0
800
0
1
0
10
0
0
11
41
898
0
0
0
5
0
17084
0
0
145
0
48
0
4
0
0
0
284
8
0
0
0
0
3
35
30
0
0
0
0
564
0
0
0
0
0
0
0
0
0
1
0
0
0
0
0
0
0
0
0
2
0
0
0
0
0
3
0
0
583
0
10
0
0
1
0
0
296
0
11
248
0
0
0
59
4793
2
0
0
1
23
0
12
0
0
0
57
1
2151
675
0
0
0
0
2
1
3
0
0
0
0
0
0
0
0
0
0
0
0
1
0
0
3
0
0
0
0
0
0
1
0
0
0
2
0
12
0
0
0
0
0
4
2
254
6
0
0
2
2
22
2
1
0
0
1
0
41
0
0
0
1
2
2
1
0
1
0
0
421
0
145
0
0
118
0
1
1
0
0
0
0
1
0
0
0
2
1
1
0
0
0
2535
0
32
2
0
0
0
0
7
0
9
0
0
0
0
21
0
1
16
0
0
3
4
53
74
0
90
974
0
1
332
1
0
0
15
2
190
0
0
0
0
33
0
2032
0
0
0
0
0
0
0
0
0
0
0
0
0
1
22
1
0
2
0
0
0
3744
2318
0
0
0
0
0
0
2
0
1
0
0
0
0
22
64
0
0
47
1
668
2
56
0
47
3
17
3
7
0
0
5
6
27
0
7588
0
0
0
0
0
272
0
0
5
10
0
0
0
0
0
0
0
0
0
0
408
6
0
0
4
122
213
29
1
26
0
0
0
0
5
1
0
80
2
0
18
3
11
0
3
0
0
0
471
0
0
0
20
1468
1
14
0
0
1
0
192
1481
57
62
2
0
0
0
2
0
0
53
1
0
0
0
0
0
0
0
0
6
154
0
0
2
0
47
598
160
2
41
0
0
0
0
4
0
2
4
0
1
0
0
290
0
0
0
0
1
0
5
76
37
2
0
0
865
4
8
0
0
14
2
3
527
0
216
4
0
2
0
2
3
0
0
0
35
0
0
0
0
107
0
0
2
0
0
0
1
421
5
1520
0
0
0
1507
1
0
0
4
528
0
0
60
1
0
0
0
263
0
5
0
0
0
0
0
7
195
0
15
0
0
0
2
25
0
1
607
2
0
0
0
0
0
0
2
0
0
0
0
6464
1
1
0
0
0
0
0
3363
0
0
0
14
673
31
5871
25
0
0
1280
0
0
1
0
0
0
0
0
23
0
0
0
0
1
10
0
0
0
6
0
3
6
0
1
8
2
345
8
49
0
1
0
2
16
6
0
0
0
0
0
0
1
0
0
6
0
0
2
0
0
0
0
325
0
0
0
0
0
0
206
0
0
0
0
20
0
0
42
0
0
1
0
1
0
0
0
0
0
2
0
0
105
0
81
11
0
0
1
0
0
1
44
5
0
203
0
188
0
3
1
0
0
0
8
0
0
0
0
0
0
0
0
0
1
0
0
0
0
4117
0
0
0
0
3
2
110
0
0
0
0
2
46
0
0
20
0
0
0
0
109
2
1
460
0
0
954
67
341
0
0
2
422
508
6
1
0
0
0
483
8
1
0
1
0
0
6
0
0
0
0
0
0
0
0
0
0
1
0
0
532
1
0
427
0
5
0
3
0
0
0
0
1
50
0
51
2
0
3111
54
0
0
0
0
0
3
0
0
0
0
3
0
1
1
0
0
11
2
0
0
0
0
0
0
35
10
0
12
1
0
0
1
27
0
0
0
0
0
0
0
0
0
1
0
129
0
0
527
0
5
0
0
5181
0
2
3
1
0
1
0
222
0
0
0
0
25
0
0
0
5
2177
0
0
1
50
6
0
396
0
0
3
32
0
0
111
0
0
14
0
536
4
26
0
0
11
0
351
0
0
0
0
0
0
0
0
0
0
0
1
0
0
0
0
1
0
0
25
0
0
0
0
0
0
0
27
0
0
0
0
0
0
0
0
0
73
4
0
0
36
0
59
1
203
0
0
10
0
4
31
0
2
2582
0
0
4
0
0
0
0
0
0
0
0
1
0
1
0
1
0
0
0
0
0
0
0
0
0
256
0
0
3347
1
0
0
0
0
0
52
10
0
6
1
0
0
0
0
0
2
28
2
0
9
4852
5
11
0
24
0
4
23
0
10
0
0
0
5
0
1
0
39
1
0
51
1
0
1
0
0
0
0
0
0
0
0
0
0
0
0
0
0
1
5
0
0
135
1
0
1
1
0
0
2
646
0
44
0
0
0
0
405
0
0
0
0
0
0
31
1
58
83
0
0
27
0
1177
0
0
0
162
2
1
0
65
0
0
0
0
0
0
0
0
0
0
0
0
0
0
0
0
0
0
0
1
1
0
0
0
0
0
22
908
0
1
0
0
551
0
0
0
0
18
1
0
0
0
21
0
0
0
46
5
1316
2116
2
0
0
0
0
39
0
0
0
14
1
3
0
0
375
1
0
56
0
0
0
0
0
0
0
1
0
0
0
0
0
0
0
0
0
0
0
0
0
0
0
109
0
0
0
0
12
1
13
113
7
227
0
0
600
0
3067
1
0
57
7
758
0
0
2
1
0
0
0
20
1
0
0
0
2
0
0
8
221
0
0
0
0
0
4
0
0
0
2
1
0
0
0
0
1
0
0
0
0
0
22
0
1
0
107
7
195
0
0
1
0
23
0
7
95
1
0
0
0
0
0
0
0
0
1
0
0
0
6
2
0
2
2
19
208
0
0
0
316
782
164
0
0
0
0
0
0
0
0
0
1
0
2
0
0
0
0
1
0
0
0
0
0
0
2
0
492
1
17
21
0
0
0
0
111
0
2
0
8
308
2
0
0
3
7
214
0
0
2155
0
0
0
0
0
0
26
103
0
97
0
1
0
0
0
0
3
63
1
0
0
0
0
0
0
0
0
2
0
3
0
0
0
0
0
0
0
0
0
45
0
58
2
3
10
0
1
0
0
1
0
0
0
0
0
0
8
0
0
8
417
1760
0
0
1
1
13
6
0
0
28
0
1
0
204
0
352
2
4
0
0
8
1
37
0
0
0
0
0
0
0
0
0
48
0
0
0
0
0
0
0
0
0
0
0
9
1
12
6
0
0
0
0
1
0
113
0
1
0
1
0
0
0
0
32
11
0
0
1
28
1
2
31
0
2
0
2
4
119
0
0
0
56
0
2
0
0
0
0
0
0
0
0
0
0
14
0
1
0
0
0
0
0
0
0
40
0
16
0
6
0
2916
5
19
0
0
0
1
5
1
0
2
0
3
528
1
0
7
69
0
0
0
1
371
0
0
2
0
4
340
0
2
0
0
744
13
2
35
4
4
0
0
0
1
2
0
0
0
0
0
0
948
1252
0
0
0
0
0
0
0
0
0
0
2
1056
1
105
0
2
0
0
0
7
0
0
11
0
90
0
0
7062
242
203
11
249
0
2058
8
638
24
3
0
0
1
0
94
987
62
73
2
1
3453
0
2
0
0
0
0
0
0
0
0
1
29
0
0
1600
0
0
0
0
0
0
0
0
5
0
12
3052
0
2
0
5
0
395
1
0
0
0
1
0
9
0
0
1
0
0
4
0
1
0
107
1
3
53
0
0
261
3
53
0
400
0
15
1
2
0
8
0
0
0
0
0
0
0
0
0
5
0
0
1335
0
0
0
0
0
0
0
0
8
0
3
1
181
0
68
0
0
6962
650
1
12
0
40
0
9
0
0
46
0
0
0
776
0
10
77
4
3
1
0
1
5
29
74
5
0
0
0
34
2
4
14
0
0
0
0
0
1
0
0
0
0
0
0
1
0
0
71
0
0
0
0
0
31
0
0
0
0
38
2067
0
0
0
0
228
0
1
9
0
9
0
0
0
0
1
0
6
0
1
0
2
1
0
0
2
1
280
5
1
0
0
3
0
6
9
0
4
1
0
0
0
0
0
0
0
0
0
0
0
1
0
0
9
1
0
0
0
2
4
1397
0
2
1
5
1
0
0
0
0
51
1
0
0
0
1
0
9
0
0
0
25
0
1
16
68
34
1
0
29
0
0
0
18
0
949
916
0
2
14
0
153
4
0
1
0
0
0
0
0
0
0
0
0
0
1
5456
0
1
267
0
0
0
1
2
1
2
0
5
0
0
0
0
0
186
0
1
0
3
0
0
0
1
883
711
45
2
1
12
820
0
19
0
1
26
9
6
1
0
0
3
0
0
0
1
16
0
0
0
0
0
0
3
0
0
0
0
0
29
0
29
10
0
0
0
0
16
0
2
1
0
0
249
1
1
0
0
0
0
22
0
0
1
0
0
0
0
356
107
175
2
86
71
0
39
0
0
0
1
0
7
15
0
2
0
0
3
44
3
282
1
1
0
0
0
0
0
1
0
0
0
0
0
0
1061
0
0
75
1
0
0
0
0
0
98
0
0
1
0
0
0
0
2
492
1
0
0
0
0
0
0
481
0
1
2
0
0
5
489
0
0
0
0
764
306
5
0
0
108
1
17
72
24
0
0
0
0
0
1
0
0
0
0
0
0
0
0
0
0
30
0
0
0
0
72
1
0
141
54
0
0
0
0
0
0
0
2
1403
0
0
36
0
0
0
0
0
68
0
0
1
6
6
8
0
0
11
0
1158
0
0
0
0
0
0
0
20
0
0
0
0
0
0
0
0
0
0
0
2
0
0
0
0
0
0
0
1
0
0
0
0
1
0
2
4
244
1
0
0
0
0
1
2
0
0
3
0
0
1
0
0
0
0
15
12
1
0
2
959
0
1
5
0
0
0
0
0
11
0
0
0
57
0
0
0
0
0
0
0
0
0
0
0
0
0
37
1
0
1
1
0
0
0
4
0
0
0
45
0
1
0
0
1
0
0
2
0
1
0
2
0
0
0
0
0
163
0
0
0
4
14
0
1
0
347
0
182
506
174
0
262
25
5
58
45
44
0
0
0
0
0
0
0
0
0
0
11
0
1
0
1
0
0
0
0
0
0
0
0
5
2
6
0
1
1
0
0
1
0
0
18
39
0
0
0
0
5
2381
1
56
47
110
5784
3
0
1
1
0
0
0
20
0
108
1
53
0
1
0
3
0
0
0
1
0
35
0
0
0
0
2
0
47
0
30
0
1
7
0
0
1
0
1
2
5
0
0
0
0
0
1
0
11692
1
2
3
17
0
1
0
0
0
160
0
1
0
324
0
116
0
0
1
0
4
0
1
0
0
0
0
12
1
36
0
200
0
0
0
0
0
0
0
0
0
0
22
0
0
0
0
0
0
0
0
0
0
6
378
0
1337
1
4
0
0
0
46
1
5
27
0
1
0
1963
0
0
2
8
89
1
0
0
0
0
1
13
2
0
0
10
10
0
0
0
11376
1
3
0
0
0
0
0
0
0
61
0
0
0
0
0
0
0
0
0
0
0
57
0
0
0
0
2
0
0
30
1
110
45
1
0
0
0
3
0
3
0
0
1
0
0
0
0
14
1
0
0
0
364
0
0
29
0
0
107
0
3
0
0
84
0
68
4
0
0
1
0
0
1
39259
0
0
0
1210
0
4
0
0
0
0
0
0
0
64
0
0
5
0
1
9
36
5
4
1
0
0
1
67
263
0
3
7
0
0
0
1
417
108
1105
0
0
1
3
5
9
2
0
0
0
2
10
0
0
18
6
1
1
4903
22
0
0
0
1
16
0
0
0
291
0
0
0
0
0
0
0
0
0
0
0
336
0
0
0
1
486
4
3
0
550
0
11
0
32
11
0
8
0
0
0
0
0
0
16
0
0
377
261
1
0
44
0
1
1
340
16
0
0
45
0
23
1
0
0
0
0
0
0
0
0
0
0
0
0
26
0
0
0
0
2
0
0
3
0
5
0
0
0
0
0
18
0
0
1
0
27
0
0
2
0
11
0
1
0
2
0
0
0
14
0
17
41
4
220
23
0
0
0
0
0
0
0
1
0
56
0
29
132
12
0
0
0
0
1
0
0
0
0
0
0
0
0
0
0
0
0
0
0
1
0
0
0
0
6
13
1
0
1847
0
1174
147
53
53
0
1
0
0
0
0
10
1
0
0
0
1
4
1
0
11
0
6
3
990
2
214
0
22
17
2
0
0
26
0
0
0
0
0
0
0
0
0
0
26
0
0
0
0
0
0
9
0
0
0
1614
0
0
1
4
0
10
0
77
0
0
5
0
0
0
4
77
0
0
0
0
0
19
0
0
0
38
0
7
0
0
0
0
2
1
32
0
2
112
142
6
20
0
0
0
0
0
0
0
0
0
0
0
0
1
0
0
1
0
0
1044
0
0
447
14
0
0
28
299
0
24
0
0
0
89
0
54
12
0
235
0
0
0
1
0
23
0
0
0
2
4
99
0
0
0
0
0
0
1
0
0
0
0
232
0
2
0
0
0
0
0
0
0
0
0
0
0
0
0
0
0
0
0
0
0
1
0
635
1
0
470
1
13
0
10288
0
0
1
0
106
5
7
0
0
0
0
0
0
0
97
6
0
0
0
0
1641
88
0
0
0
0
19
96
0
0
5
4
4
0
18
0
0
0
541
0
0
0
0
0
0
0
0
0
1969
0
13
0
0
0
55
1
816
23
0
0
0
0
17
2571
0
0
0
6479
0
0
97
10
57
0
0
0
7
0
0
0
0
2
1
15
8
25
468
0
22
4
0
3
0
0
96
9
0
0
144
0
0
0
0
0
0
0
0
0
0
0
0
0
0
0
14
0
0
0
0
0
89
0
1
0
0
0
193
885
0
0
0
37
0
0
0
0
0
21
0
0
0
0
5809
0
13
0
8
0
0
0
1
0
0
0
199
14
0
37
148
17
0
29
16
0
0
0
2
0
0
0
0
0
0
20
0
0
0
0
1531
0
0
0
0
0
74
7
0
0
0
0
3
1
0
0
0
2340
1
0
0
6
0
0
0
0
0
0
0
0
0
0
32
30
0
43
1
0
3
0
0
8
0
0
0
2
1
10
328
0
0
0
180
0
0
0
58
0
0
0
0
1
0
0
0
0
0
0
0
0
34
3
0
0
25
0
1
9
1
0
0
2
0
0
1
3
13
0
0
0
0
0
0
0
6
0
1
11
0
20
128
0
166
0
0
1
0
40
1
7
1
4
1
134
0
0
8
0
0
0
0
0
1
3016
0
0
7
0
0
0
0
0
0
0
153
13
0
0
0
0
0
0
0
0
1
1203
0
1
1
4
1
0
0
1
0
0
1
0
0
0
5
6
2
0
0
0
0
0
1
5
272
2767
0
0
132
2
5
84
0
0
0
0
0
0
0
0
0
450
0
0
29
0
0
0
0
0
0
0
126
0
0
0
0
150
0
4
0
0
0
203
0
3
0
1
104
2
0
0
0
1
0
0
0
0
3
11
0
50
1
1
0
0
14
0
584
4300
29
0
0
34
3
0
0
0
0
0
0
0
0
0
0
0
0
0
1
0
0
0
0
1
0
0
97
769
0
54
5
0
0
116
0
0
0
0
0
2
17
0
1
418
0
53
0
0
427
0
0
0
610
0
0
175
3
0
1
0
1014
3
0
538
9
32
34
1
1
0
0
0
0
0
0
0
0
0
0
0
0
0
0
0
0
0
0
0
0
0
7122
0
0
1
10
0
0
0
0
0
0
1960
0
123
4
13
72
1
0
0
1
0
22
0
0
0
0
18
3
0
1
0
0
0
0
0
2068
0
4
4
1
14
1
0
0
0
0
0
0
0
3
0
0
0
0
0
0
1
0
0
0
0
0
0
0
2
0
0
13
0
4
1139
0
1
0
30
0
0
0
4
0
4
0
470
0
0
1910
0
0
0
17
2
0
0
1467
0
0
75
8
0
3
0
0
0
0
3
141
0
1
0
0
0
0
0
0
0
0
0
0
0
0
0
0
0
0
1
0
0
4953
138
0
0
7
47
2
84
0
0
0
6
0
1
4
272
104
0
3
0
4
0
0
0
0
0
0
9
0
1
1
1
0
0
0
0
13
0
0
38
6
0
0
0
0
0
0
4
0
0
0
0
0
0
0
0
0
0
1
0
1
0
1
0
2
0
0
1
1
434
0
0
0
0
0
7
0
1
0
1
9
0
89
0
0
0
0
0
0
0
4
1
2
0
0
0
190
0
64
18
0
0
12
7
0
0
0
0
0
0
0
0
0
0
0
0
0
0
0
0
0
0
0
0
0
0
0
0
533
0
0
0
0
155
1
0
1
0
0
5
1
6
2
1810
0
3
0
0
1
114
0
0
825
0
0
0
38
0
0
0
1
1
0
0
1
0
0
1
1
11
0
73
0
1
0
0
0
0
0
0
1
0
0
0
0
0
0
0
0
0
0
0
0
8
0
330
2
154
0
20
0
22
0
199
110
23
0
0
0
2
70
0
0
1
0
14
1
0
0
0
221
0
65
0
5
2
2
8
3
0
0
38
0
0
1
3
0
0
0
0
0
0
0
0
0
0
0
1
0
0
4
0
0
0
1
0
6
5
0
0
4
0
0
0
0
0
0
34
0
0
0
0
0
8
0
1
0
1
1
2
10
0
17
7
21
0
0
0
5
0
5
3
16
0
0
3
0
0
0
0
0
0
0
21
0
8
0
0
0
0
0
0
0
0
0
0
0
0
2
15
1660
91
0
5
0
0
0
0
3
0
1
1
58
0
0
0
0
0
0
0
0
0
0
6
6
0
17
4063
2
2
6
1
0
3
0
0
0
0
0
13
2
0
20
0
0
0
1
0
0
0
0
0
0
0
1
0
0
0
0
0
0
0
0
0
1
79
0
191
7
0
0
72
0
0
0
2
0
3
0
0
0
0
0
0
0
0
639
134
8
0
52
0
0
0
0
0
22
0
0
0
144
1
6
0
1
2
0
0
0
0
0
57
0
10
0
0
0
0
0
0
2
0
0
0
0
0
0
7
5
0
0
2
293
0
1
3
0
0
0
0
0
6
2
4
0
8
0
0
0
0
325
55
0
0
17
0
2
9
0
0
0
6
0
1
0
0
32
0
15
0
0
0
0
0
0
0
0
0
0
0
1
0
0
0
0
0
0
0
0
0
0
0
42
1
0
272
0
3
0
0
0
0
0
1
0
6
0
2
429
0
1
0
0
0
2133
11
7
0
0
4
113
29
214
0
17
1
490
1
0
0
0
37
8
0
1
0
0
0
0
5
7283
44
0
0
0
0
0
0
0
789
0
0
18
0
0
0
1
1
2
4
0
0
0
0
0
0
0
477
3
1
2026
0
0
1
0
0
0
0
154
0
5
0
1
9
0
0
0
0
9
0
6
332
0
0
1
1
1
0
2
0
1
2
21
0
6
0
0
0
0
0
0
0
0
0
0
718
0
0
0
0
0
2
0
0
0
5
0
0
0
0
0
0
0
0
1563
152
0
0
0
0
0
0
1
0
0
0
5
1
2
0
1
0
100
0
3
250
0
0
0
0
2
0
1
77
0
0
0
0
0
55
0
0
0
0
0
0
0
2220
0
2
3510
0
0
5
0
0
0
31
758
0
1
0
0
0
0
0
36
2
5
0
0
2198
0
0
1778
1
0
0
0
0
0
28
1
0
0
1
3
0
0
341
70
0
0
3
5
8
17
57
0
0
0
0
6
0
0
0
0
0
0
0
1
52
1
6
719
0
0
0
0
0
0
0
9
0
0
0
0
0
0
0
0
0
8
0
0
0
0
0
12
0
0
188
0
0
0
1
5
3
1
0
85
149
10
1665
0
0
107
0
3
2
0
0
0
0
0
0
8
0
0
0
0
0
0
0
0
0
0
0
0
1
0
15
0
0
0
1
34
459
0
6565
1
1
0
0
0
0
1
0
0
0
0
0
0
1
0
53
4
0
156
2
558
0
44
0
0
77
9
0
0
0
0
2
0
1
53
0
0
0
0
0
0
0
0
0
0
0
112
0
0
0
0
0
0
0
0
0
0
101
299
0
19
6765
1729
3
0
0
0
0
0
19
0
4
0
3
0
0
0
932
0
1
0
0
0
0
437
0
0
0
103
4
19
1799
27
0
91
233
0
0
59
0
0
0
0
0
0
0
0
0
0
0
0
0
0
0
0
0
0
0
0
54
0
2
0
4
0
113
0
1
0
0
0
0
0
320
69
44
0
0
0
0
1
0
0
0
0
2119
1
1
2
0
3
0
55
0
0
2
92
0
293
2
0
2
4
0
0
0
0
0
0
0
0
0
79
0
4421
0
0
0
0
0
0
0
0
0
0
0
0
1
0
6
0
2
0
0
0
0
1
145
130
735
0
2
0
0
40
2
25
0
0
389
20
0
0
17
882
0
0
0
8
103
0
0
31
0
259
0
1
368
0
0
0
0
3
0
0
1
50
0
4
0
1
0
1
0
1
0
0
0
0
43
0
0
3
1
4
0
0
0
0
0
116
0
5
0
11
0
0
155
221
0
401
3
0
696
2
0
1
9
0
0
2
0
0
1
263
1
20
1
1
0
0
20
0
0
0
0
0
0
0
0
17
0
13
0
0
0
0
0
0
0
0
0
0
129
0
0
2
53
0
319
1
0
0
1
0
0
0
0
0
0
0
587
17
0
139
306
0
13
0
0
0
0
3
291
2
68
1
0
47
0
1
1
2
0
11
173
0
1
0
0
0
0
0
0
44
0
0
0
0
0
0
0
0
0
0
0
0
394
0
9119
4
3
0
21
0
0
0
14
0
38
10
0
369
0
0
0
10
0
388
39
0
84
1
2
0
1
11
56
0
0
6
0
133
0
1
36
1
3
0
0
0
0
2
0
0
0
0
0
0
0
0
0
0
0
0
0
0
0
1
0
0
2
0
144
0
23
0
0
0
0
0
172
0
221
2
318
0
3
0
315
1
8
25
1
0
6
35
0
44
17
0
0
13
0
6
26
2725
0
27
1
5
3
759
0
0
0
0
0
1
0
0
0
0
0
0
0
0
0
0
0
2
0
0
0
0
1
0
1
12
0
105
0
0
0
7
1
0
2
0
77
21
0
2
46
0
0
3
5
0
3529
1
1734
1384
162
3
0
3
375
1
2
5749
7069
21
9
0
0
0
51
0
0
0
0
0
0
0
0
0
0
0
0
1
0
0
0
2
0
0
0
0
175
0
6
10
0
0
0
0
0
0
3
0
0
1
8
1
1
0
2
2
0
0
208
0
2
85
0
32
0
20
0
1
4
1
15
63
1
0
5
0
8
559
8
0
0
0
0
0
0
0
0
0
57
1
0
0
1
0
0
2
0
0
0
0
262
0
168
0
0
3
0
0
0
16
0
0
2
6
1
4
75
0
2
45
1
0
0
0
0
1
2
17
0
3
0
0
0
0
5
13
0
0
0
16
2
0
0
0
0
0
0
1
0
0
0
0
0
0
0
0
0
0
0
0
0
0
0
0
164
0
300
2
134
2
123
0
0
0
2
0
3
0
0
89
1
0
0
5
0
3
4
0
0
33
6
1
6
32
0
0
3
158
17
112
32
0
3
0
0
0
0
0
1
0
0
0
0
0
0
0
0
0
0
0
0
654
0
14
0
0
0
0
1
0
0
0
293
0
62
0
0
9
22
0
1
0
1
29
0
0
3
16
17
0
1
13
0
0
10
713
0
0
0
6123
0
4
11
0
38
0
58
3
1
10
0
0
0
0
0
0
0
0
0
0
0
0
0
0
0
1
0
0
0
0
0
0
82
0
88
0
0
1
0
0
0
0
0
1
0
2
0
0
0
0
0
1
337
0
1
0
0
0
13
0
5
829
0
33
2
1
5
0
2
0
2
0
2
0
0
0
0
0
1
0
0
0
0
0
1
0
0
0
44
415
0
127
0
0
0
0
9410
0
12
0
119
0
0
1
0
26
27
1
0
0
0
0
268
0
0
9
0
26
1
0
0
19
4488
6
7
0
1
2
26
119
165
99
0
4
0
0
0
31
0
0
0
0
0
0
0
0
0
0
0
2
0
1845
0
0
0
12
0
0
0
0
17
0
5
0
1
0
0
114
0
0
0
0
1
813
0
2
3
0
0
0
0
2
4
0
0
0
11
12
13
10
0
0
0
1178
1
117
0
2
1
2
0
0
0
0
0
0
0
0
1
0
0
0
0
0
0
195
0
0
0
0
0
0
0
14
4
0
0
1
322
31
0
0
0
30
0
165
1
19
70
0
10
0
0
4867
0
0
116
0
0
13
0
479
0
0
0
0
103
0
0
0
0
2
131
1
0
0
65
0
0
0
0
0
0
0
0
0
0
0
0
1
0
0
0
0
0
0
0
11760
2
0
0
0
0
0
31
0
0
0
1
25
0
71
0
55
243
0
0
80
0
0
2
0
2
6
1
434
0
0
2
0
0
11
6
2020
0
7
2
11
0
0
6
0
0
0
0
0
0
0
0
0
1
0
0
372
0
0
0
0
0
0
0
2
6
0
366
1
0
0
20
0
0
0
345
4
3
13662
0
7
10
0
0
20
0
0
0
0
0
617
0
1
0
132
0
0
42
2
1
7
0
1
422
0
1
7
2
0
75
19
0
0
0
0
0
0
0
0
0
704
0
0
4
0
0
0
0
1254
2
0
0
0
0
0
0
0
0
0
1180
449
1469
0
0
4
0
0
1
2
49
0
0
0
0
628
5
1
1
0
0
7
35
1
19
36
0
0
0
2765
2
0
0
0
44
0
0
0
0
0
0
8
0
0
0
239
0
0
0
0
0
1
1
7
31
0
1
4
130
59
0
0
0
0
17
9
0
1690
0
10
0
0
0
10
199
0
0
2
0
29
0
9
1
0
0
5
1
31
1337
0
0
3
1
0
0
119
0
0
0
105
0
0
0
0
0
0
1
0
1
1
0
0
0
0
0
0
0
21
3
0
0
0
9
4129
0
0
1
0
0
0
0
6
1
0
1
0
0
0
0
4
0
0
0
3
1
0
0
0
0
1
3
0
93
0
1
0
7
0
30
1
0
0
0
14
27
0
0
0
0
1
0
0
0
1946
0
0
0
0
0
0
0
1
0
0
126
1
51
2
0
0
1
0
0
1
0
1
247
0
0
5
0
0
0
280
0
0
0
0
15
0
18
100
0
6
0
18
4
149
0
15
0
0
10
16
7
0
0
544
0
0
0
0
0
0
0
0
0
0
0
0
2
0
0
0
0
393
0
0
270
2
0
3
42
0
0
0
0
5
75
0
496
38
0
24
0
16
3
0
0
0
0
0
0
13
41
0
0
2
1
202
2
77
0
0
8
1
6
0
0
0
0
572
2500
0
0
0
0
9
0
0
0
0
2
0
0
0
0
0
0
0
2
2
0
7
17
2
3
0
3
0
1
0
0
6450
0
0
1
0
0
0
0
0
15
0
0
15
1
2377
97
1
0
2
26
61
254
0
1
5
0
6141
45
4
22
0
0
0
0
0
0
0
0
0
0
0
0
0
0
0
2
2
0
0
0
28
610
9
0
0
0
4
0
0
0
0
0
0
4
3
0
0
0
591
2
4
0
9
0
0
0
0
56
0
1
2
1
0
124
0
0
0
0
0
1
0
1
1
2703
0
0
0
1968
1
0
0
0
21
0
0
0
0
0
0
0
0
0
0
1
0
5
0
0
0
0
2
0
0
0
0
140
0
1
442
34
0
0
0
0
0
0
32256
1666
0
0
0
8
0
1631
0
0
1
9
671
0
0
0
5
0
1
2
0
0
0
0
0
51
0
0
0
0
0
0
0
0
0
0
0
0
0
0
0
0
3
0
0
0
0
9
12
0
0
0
0
11
0
1
12
2
0
0
0
352
0
0
0
1499
0
160
179
1
55
18
95
0
2
0
0
14
0
0
0
0
0
0
1
0
0
0
0
0
0
0
0
0
34
0
0
0
0
0
6
1
0
0
0
9
5
0
651
17
1
0
747
0
0
0
0
2
0
0
0
0
0
6
0
0
0
121
979
0
0
76
0
12
0
0
571
0
0
2
3
0
0
0
2
24
0
8
0
51
0
0
0
0
0
0
0
0
0
0
0
0
0
0
0
1
0
0
1
0
1970
0
1278
9
0
0
126
10
0
2324
0
0
0
0
2
0
153
0
0
16
0
0
1096
0
0
205
0
0
1
0
2143
0
80
0
0
0
0
1
0
59
1
217
0
6
0
0
0
0
0
0
0
0
7
0
0
0
0
0
9
0
0
0
0
22
65
1
0
1
17
19
39
22
0
13
0
0
0
0
2
0
46
2
1
0
0
19
1
0
0
12
0
87
0
9
0
1
0
0
3
0
210
0
3
14
75
1
0
0
0
0
0
0
0
0
0
0
0
1
0
0
0
0
0
0
0
0
0
0
0
0
0
0
0
4
1
0
5
13
0
0
0
1
0
2
0
12
0
0
0
1
0
11
0
19
1
421
12
3
3
0
0
0
0
0
50
0
2
10
3
2
105
0
0
0
0
1
168
0
0
0
0
0
0
0
0
0
24
0
0
0
0
1870
6875
3
336
0
0
0
9
0
0
0
0
0
0
0
1
13
2
20
0
20
0
0
298
0
0
0
2
0
17
0
2
0
0
7
0
76
0
0
2
4
2
352
2
0
0
0
0
0
1
0
0
0
0
0
0
1
0
0
0
1
0
0
0
17
223
0
131
0
7
139
0
0
26
1
0
1
1
1022
1
18
0
1
0
0
0
0
2655
26
0
0
0
1
0
0
0
0
0
3
26
0
0
0
0
30
0
0
0
0
0
0
0
0
68
0
0
0
0
0
0
0
5
0
5
0
0
0
1
1
0
19
1
117
0
0
50
0
0
0
1
763
36
1
0
29
0
2
0
0
2
0
0
0
0
25
503
0
218
1
41
0
0
5
2
1
0
1
8
25
0
2
0
0
0
0
0
0
15
0
0
0
0
0
0
0
0
0
0
0
0
0
1
0
458
3
1
0
48
20
13
11
8
0
0
0
0
60
11
0
0
15
0
2
0
0
0
36
0
1
1
0
1
8
666
0
14
0
160
27
0
0
0
161
1
22
740
0
0
0
0
2
1062
0
0
0
0
1
0
0
0
0
24
1
1
0
0
0
0
67
0
0
2
0
0
2
0
0
0
0
0
0
3
478
5
0
0
1
2
34
11
1485
0
0
0
6
0
2
0
0
0
1
131
0
0
0
0
2
0
0
198
77
0
0
0
2
0
0
1
0
0
0
0
0
0
0
0
0
0
0
0
0
38
0
0
13
542
0
0
0
4
0
0
0
57
0
0
14
2
12
0
0
0
1
357
0
0
0
0
3
110
38
1
0
0
0
0
0
0
0
9
0
0
0
17
15
0
0
0
2
0
0
0
0
0
0
0
0
0
0
23
0
0
0
0
0
2
0
1
2
63
0
9
0
0
0
0
0
4
0
0
19
0
12
0
32
0
1
432
0
0
6
1
225
0
4
0
0
0
0
0
0
189
0
2
18
0
16
0
0
1
0
0
0
0
0
0
0
0
0
5
1
0
0
0
0
0
0
0
1
0
2134
0
0
18
84
0
0
14
0
0
0
0
0
17
1
21
0
0
33
6
0
0
0
33
655
49
0
0
2
0
0
0
0
1
64
8
1
7
0
9
1
1
38
0
0
0
12
0
0
0
0
0
0
0
0
0
0
0
0
1
0
0
0
20
2
0
0
2
10
2
0
0
0
1
0
0
42
38
3
3858
1
0
0
0
0
0
6
0
0
3
9
0
40
2
1
1
7
0
249
0
0
124
3
5942
1
0
0
0
0
0
0
0
0
0
0
0
0
0
0
0
0
0
0
0
0
0
0
2502
0
1
0
17
0
20
31
0
0
0
1
1
20
7
0
23
0
0
438
0
0
4
3
0
0
1
0
11
0
0
0
1
0
116
10
0
0
13
0
1
0
288
25
0
0
0
68
0
0
0
0
0
0
0
0
1
0
0
0
0
0
0
0
1
89
6
0
1
1
0
40
0
0
1
0
1165
1
1
3
128
787
0
1
0
0
129
0
0
0
15
0
830
9
0
0
189
1
186
0
0
0
9
0
2
0
873
1
0
0
0
0
0
0
1
0
0
320
0
0
0
0
0
0
0
0
0
2
50
48
240
0
0
1
2
0
0
0
0
0
32
5
185
0
0
0
1
38
0
0
0
0
0
1
46
2
167
5
4
0
1
185
14
82
0
0
0
36
13
0
0
5
0
1
0
0
0
0
0
0
0
36
0
0
0
0
0
0
0
0
0
2
44
0
0
0
32
19
0
0
0
0
11
0
0
271
6
0
15
0
0
0
0
2
18
34
0
0
3
457
0
1
0
0
0
10
0
8
0
0
33
0
0
0
5
3
0
0
0
0
0
0
0
0
0
23
0
0
0
0
0
0
0
0
4
2
1
0
23
5
0
0
0
0
0
0
49
0
2
0
0
4
0
170
0
102
2
1
69
2
2201
9
0
29
204
12
0
0
3065
0
0
0
0
229
53
0
52
0
702
3
0
0
0
0
0
0
0
0
0
60
0
0
0
0
0
1
0
0
0
0
0
0
11
0
9
0
0
0
0
0
6
0
0
0
15
0
216
0
0
1
0
1
107
14
0
1
1
62
732
72
127
0
0
0
0
0
117
6
0
0
4
1
0
3
0
0
0
0
3
0
0
0
0
51
0
0
1
0
0
0
0
0
0
12
0
0
1
0
2
0
1
33
0
0
14493
0
0
133
0
0
132
0
0
7
1
0
0
0
0
0
1
0
0
2
0
0
1
761
336
0
0
0
11
0
2
1
0
0
0
0
0
0
0
0
0
0
1
0
0
0
0
0
0
0
0
0
0
0
1
0
3
0
345
2
0
12
0
0
0
4405
0
2
1
0
0
1
0
1
0
0
0
0
0
38
20
0
5
1
13
0
2
1
119
17
0
0
2
3
0
6
0
37
0
0
2
0
0
0
2846
0
0
0
0
0
0
0
0
0
65
0
0
388
0
0
94
0
0
61
0
0
0
0
0
0
2
6
1
4
14
0
0
0
1
0
0
541
0
152
30
2
0
1
0
0
2
0
0
303
0
0
1
0
76
37
0
78
0
0
0
0
0
0
39
0
0
0
0
0
0
0
0
0
113
0
1
0
0
1
47
0
85
2
295
0
0
0
0
9
187
12
0
61
0
0
0
0
0
0
904
234
0
0
0
2
4274
19
50
0
0
0
2
6
0
0
580
1
35
28
7
0
0
0
1
0
0
0
176
0
0
0
0
0
0
0
0
1
2755
0
0
0
1
4216
1117
0
0
0
0
0
0
0
0
11
568
10
42
0
13
0
0
6
69
0
308
0
35
15
0
5
1
25
1
0
261
0
0
0
0
0
1
3
76
3
2
545
0
0
0
2
0
0
0
0
0
0
0
0
0
0
0
0
558
1
0
0
0
3
208
0
0
0
0
0
0
0
1
1
1353
0
59
3
137
40
0
1
1
223
0
762
0
0
10
0
0
5
14
0
16
0
0
29
0
0
0
1
1
0
0
0
0
0
0
0
0
0
0
0
0
0
0
0
0
83
0
0
3
0
0
0
1
3
590
0
0
0
0
5
0
0
0
2
1758
27
1
1
0
0
0
484
27
0
0
39
0
3673
0
142
0
1
8
0
1
3
165
87
0
0
6
1
14
1
0
0
0
0
0
0
0
1
0
0
1
0
0
0
0
0
0
0
0
0
0
1
321
39
1
0
10
0
57
1
0
0
0
0
0
0
32
0
0
1
0
0
0
0
0
9
0
0
44
20
45
142
59
0
10
0
1
0
183
0
251
214
1
1
0
0
0
0
0
0
0
0
0
0
0
0
0
0
136
46
0
0
0
0
0
0
0
0
39
4
4553
83
2
0
0
0
0
0
78
0
5
1
0
138
0
637
0
0
5158
78
0
1
25
0
10
0
2
0
0
0
8
6
5
0
0
692
566
0
0
14
0
0
0
0
0
0
0
0
24
0
0
0
449
0
1
0
0
0
0
0
1
2
0
0
258
0
0
0
0
0
0
0
1
0
6
0
1
0
0
1
0
0
7
190
0
0
13
21
9
52
0
14
0
2
2
0
0
0
0
3
6
16
0
0
0
0
0
0
0
0
0
0
0
1
0
0
52
0
0
939
0
0
0
0
0
0
1
0
0
0
0
0
1
0
1
0
667
1
0
1
0
5
3
2
2
0
47
4
8
0
0
6
0
0
80
0
0
2
5
1
3
0
2
9
1
0
0
10
0
0
0
0
0
0
0
0
397
0
0
0
0
0
0
1
0
1
0
0
40
0
564
0
0
0
3
0
0
6
2
12
1
12
1
0
0
176
85
0
0
0
21
2
0
1
0
0
0
3
5
16
0
6
35
0
0
1
0
1
2
0
0
0
0
0
1
0
0
0
0
0
98
0
0
0
0
0
0
11
0
0
0
2
10
38
726
0
0
0
1
9
0
0
0
0
3
225
0
0
3
1
0
7
2
15
0
253
0
0
4
1
2
51
20
0
6
0
2
5
0
0
6
19
16
25
0
1
0
0
0
0
1
0
0
0
1
0
0
0
0
0
0
115
0
18
0
0
35
0
0
0
0
0
0
5
0
0
0
6
46
16
2
1
31
0
57
0
0
56
22
0
0
0
10
4098
0
0
0
5
290
1
1
14
12
0
74
2
45
11
0
15
0
0
0
0
0
0
0
0
1002
0
0
0
0
0
0
0
0
0
0
0
1
0
15
0
0
0
2
0
0
0
0
1
16
22
135
3
0
0
0
0
0
0
0
51
0
4
12
4
260
0
0
0
3613
2
1
0
0
0
0
6
3
0
0
0
0
0
0
0
0
0
311
0
6
0
0
0
0
0
1
0
0
3600
0
0
1
2
1
0
1
0
0
0
0
0
89
0
51
2
0
1853
0
0
0
54
0
0
220
0
0
1
0
1
1
0
1
38
31
24
5
3
0
0
0
0
21
4
0
2
0
0
0
0
0
0
0
0
1
0
0
0
0
0
0
0
2
69
0
0
9
10
1806
0
0
0
2
0
0
0
0
0
0
0
0
63
0
2
0
0
3
0
0
0
17
2
5
0
0
0
3
0
2
1433
0
133
0
0
1
47
0
7
0
0
0
0
0
27
0
0
0
0
0
0
0
0
0
0
0
0
0
0
0
0
7
21
1
0
0
1
81
0
0
0
0
3
0
300
1078
2
1
0
0
264
0
0
171
0
0
500
0
196
3
0
0
33
436
0
51
0
0
0
4
9
0
0
0
51
0
0
0
0
0
0
0
0
0
0
2
0
0
0
0
1
0
0
0
0
1
3
2
0
16
0
22
0
22
0
0
12
33
1
3
12
0
3
1
0
8
0
1
608
7
2
0
1
308
0
0
0
3
0
144
0
0
0
0
49
19
180
0
239
0
0
0
51
0
0
0
0
0
0
1
0
0
0
5
0
0
0
0
0
0
2
8
0
0
4
0
20
0
0
0
3
0
0
3
18
0
207
0
804
0
22
41
2
0
2
7
0
1
93
0
0
0
3
5
0
0
0
25
54
3
0
0
0
0
0
0
99
0
0
1
0
0
0
0
0
0
0
603
0
0
0
0
0
0
131
4
0
0
0
2117
19
4221
0
0
0
0
4
0
25
0
654
0
1
106
1
0
3
0
586
0
0
2
1921
2
0
0
0
1
0
0
0
194
65
0
0
0
0
0
0
0
278
558
0
0
0
1
0
0
0
0
0
20
0
0
1
0
0
4
81
32
0
0
0
206
0
0
0
0
24
0
0
11
1
0
0
0
0
4778
0
61
0
0
0
14
1
0
21
10
0
0
82
0
1
1
0
0
16
0
1
0
0
0
0
1
6536
0
0
0
0
0
0
0
0
0
0
53
0
0
0
0
0
1
0
3197
12
3
0
0
0
2008
0
0
0
0
0
0
2
7
0
0
8
0
0
28
0
0
2
0
1
0
0
1811
0
0
9
26
5
12
0
1
0
1
6
0
0
0
4
0
5
0
0
1
0
0
1
1
0
0
0
1731
0
0
0
1
0
4
121
13
21
0
0
0
0
46
0
0
0
0
30
0
0
2
9
0
2
0
0
32
0
0
6
281
24
13
0
0
0
8
36
0
50
0
0
21
0
1
0
0
0
0
0
0
0
3
0
0
0
0
0
1
0
0
0
552
2
0
0
0
20
1
56
4
3
34
0
35
0
0
1
0
0
0
4
6
0
3
0
0
0
10
0
30
1
0
2
0
0
15
3
8
0
36
0
0
0
0
1
2
0
7
0
0
0
0
0
0
6540
0
0
0
0
2
0
0
0
0
0
2
0
0
2
0
0
241
1
9
0
1
1
4
39
0
0
1
0
0
3
0
1
10
0
0
0
2
0
6336
1
0
304
0
0
852
134
64
0
4
1
6
0
0
0
0
0
0
0
0
64
0
0
0
0
0
0
0
0
2
0
0
0
7
0
0
0
0
2
0
0
6
1
0
1
178
0
59
24
0
0
0
1
0
0
12
0
0
44
0
6
44
592
5
498
0
2203
3
0
0
11
0
0
0
19
0
0
0
0
1
3
4
0
0
61
0
0
1
132
0
0
0
0
2
0
0
0
0
0
0
0
0
2
0
0
0
17
14
10
0
0
249
0
0
0
0
0
0
2
45
1
31
0
0
0
0
0
0
0
2
0
0
3
4
0
5
0
1
0
0
0
0
0
0
18
0
0
0
0
0
0
0
0
0
0
1
0
0
0
0
0
18
0
0
0
0
0
0
0
44
24
1
0
0
2
34
0
1
0
0
100
1
0
44
1
5
0
0
5
17
0
2
104
0
0
18
8
113
282
9
0
0
2
0
0
0
0
2
0
8
15
0
0
0
0
0
1485
0
0
0
0
13
0
0
0
0
0
0
1
0
11
0
0
3
104
0
0
3
1
142
0
0
0
0
0
532
0
1
0
0
0
0
1
0
0
0
1
0
5
0
3
0
557
0
0
10
18
1
20
44
0
0
1
22
0
0
0
0
0
0
404
0
0
0
30
0
0
0
0
12
0
0
0
0
0
0
0
21
66
0
0
0
1
0
0
0
0
0
0
1
203
5
15
0
1
0
0
1
0
2
0
253
4
0
3
64
0
523
0
0
318
183
39
23
0
274
0
125
56
0
0
0
0
0
2
0
11
0
1
594
0
0
0
0
0
0
0
3
407
0
0
0
18
0
6
1
1
1
3
0
0
0
0
0
0
150
0
1
1
1
0
117
0
661
1
0
40
0
7
1
2
2
0
1059
0
0
24
0
0
1
9
43
0
0
0
0
0
0
3759
0
1
0
0
46
0
0
0
30
0
0
0
4
0
0
0
80
0
0
377
10
0
0
71
2
0
0
0
830
0
0
0
0
0
0
116
9
0
1
0
0
2
0
3
1
2
18
0
1
19
2
0
1
128
0
0
9
0
0
0
0
0
0
3
0
0
0
1
0
0
0
0
0
0
0
0
2
0
0
0
1
1
0
3
67
0
0
0
2
0
0
0
0
0
0
1
53
29
0
0
1
36
0
16
0
0
8
12
1821
180
8
0
0
0
401
5
0
265
2
21
2
0
1
53
0
0
130
0
0
0
0
1
0
0
0
0
47
0
0
0
0
0
0
0
2
2
0
16
2
0
1
0
2
0
0
0
0
0
22
15
0
529
0
451
3
0
12
16
0
214
0
6
0
0
5
0
4
21
8
16
0
21
1
67
0
44
0
5
0
0
19
5648
0
0
0
0
0
0
0
0
0
0
0
0
0
0
0
0
0
0
0
1
3
2
0
0
0
0
0
0
0
0
0
3
0
3
0
0
1
1
0
0
1
28
0
27
0
2
26
1
4
14
222
0
1
0
1
2
2
1
0
0
1
0
0
0
0
1
132
0
0
0
0
0
0
0
1
0
0
1
0
290
2
93
0
239
4
88
0
0
17
0
0
0
5
0
20
1
0
15
0
0
0
0
0
72
6
47
7
1
1
1
0
0
0
197
24
0
0
0
8
1
64
0
0
0
0
0
0
15633
0
0
63
0
0
0
0
0
0
0
0
1
0
0
0
24
1
10
0
303
0
0
16
3
0
0
2
0
1
8
0
0
242
3
0
2
0
0
6
0
0
2
0
0
35
642
0
0
1
1
36
1
0
0
62
425
14
12
0
83
0
0
0
27
4
0
710
0
0
0
0
0
0
0
0
0
0
0
0
1
0
0
0
3
11
6
0
72
113
0
0
1
0
27
19
0
9
1
0
0
28
0
2
0
0
77
4
0
1
0
1
0
22
0
58
1
0
0
19
10
0
0
0
17
0
0
0
0
0
0
0
0
0
0
0
0
0
0
0
0
1
0
0
4616
0
22
7
1
2
0
8
0
0
1
0
315
0
3
0
2
3
0
0
5
7
0
0
84
0
3631
0
256
14
42
1
0
0
2
0
1
0
0
0
10
6
47
0
1
0
0
0
0
2
0
0
0
0
0
0
0
0
0
267
0
0
0
0
470
557
98
0
0
1
1
1
0
0
0
0
0
0
0
1
0
15
134
0
0
0
19
2
0
0
53
0
0
97
0
3
0
28
0
3371
199
0
0
31
0
0
550
0
1
0
0
0
0
0
0
0
0
0
0
0
0
0
0
0
0
0
2
0
1
947
1
0
0
2
5
2
0
0
0
0
0
0
0
0
50
253
38
0
36
0
0
3596
56
0
12
2
0
3
104
17
1
0
359
0
1171
0
0
18
0
0
2
0
0
0
0
0
0
15
0
0
0
2
0
0
0
0
0
0
0
0
0
0
0
0
2
0
0
1
302
0
0
0
0
0
0
0
6
4
1
18
0
0
2
0
2
0
6
32
160
114
16
0
23
1
0
5
0
273
0
1
0
71
41
45
5
10
0
0
0
0
0
0
0
0
0
0
0
0
0
0
0
0
0
1
0
0
0
0
0
0
41
0
0
0
11
0
0
0
0
0
0
0
1
53
1
0
2
2
0
0
6730
0
4
4222
3
0
0
202
31
1
24
0
59
130
0
0
0
0
0
1
8
0
0
0
380
15
0
0
0
0
0
0
0
0
0
0
0
0
0
0
0
95
0
0
328
2
0
2
53
0
0
0
0
0
0
0
0
0
95
0
0
33
0
1
0
382
3
19
67
1
23
6
0
0
47
143
455
0
0
0
36
0
0
0
2
0
0
0
11
0
0
0
0
0
0
0
0
0
0
0
0
0
0
0
0
319
327
0
1
0
652
4836
0
0
0
0
0
1
705
13
0
0
0
5
0
0
0
0
0
13
0
0
176
0
44
1
4189
1
0
0
894
0
0
0
6
3
7
0
0
0
0
0
112
11
0
0
0
0
0
1
0
0
0
0
0
1
0
0
0
3
2
3761
12
0
0
0
0
0
1198
0
0
7
21
0
0
2
3
0
87
0
0
0
0
0
3
1
0
0
3
8
111
3
3
79
0
0
0
0
315
175
5
0
0
0
0
0
10
0
0
0
0
0
0
0
0
0
0
0
1
0
0
0
0
88
0
0
44
0
1
339
0
0
14
1
1
1
529
0
249
2
37
419
130
0
0
2
0
16
0
13
0
14844
0
8
1008
1
0
0
18
0
0
0
392
0
1
0
0
0
0
0
34
17
0
0
0
0
0
0
0
0
0
0
0
0
0
0
0
8
0
0
64
0
0
1
0
2
43
0
0
0
1
0
0
0
75
0
16
2
2
7
0
0
86
26
45
0
1
1
0
0
9
34
0
0
0
8
75
0
1
73
0
0
1
0
3
0
0
0
0
0
4
0
0
0
0
0
0
0
0
0
1
0
72
2
1
75
31
0
3
0
0
0
98
0
0
0
0
2
485
708
1
0
110
0
890
0
296
0
7
150
0
0
0
9
0
1
3
0
0
0
259
0
66
966
0
0
0
0
0
0
0
0
0
0
0
0
0
0
0
1
0
0
0
0
0
0
96
5
2
0
44
0
40
0
0
0
94
1
1
4
0
0
5
0
181
0
0
13
500
0
76
2
122
6
17
529
0
2
0
0
540
127
0
99
0
0
1
1622
0
0
0
0
0
0
0
0
0
0
0
0
0
0
0
0
0
0
0
0
0
0
0
0
8
0
2
13
0
0
0
0
7
0
0
1
81
9
52
0
0
113
0
0
3
2
2405
220
3
0
315
0
0
299
0
0
0
1
0
0
0
0
6
2050
87
0
0
0
5
0
0
10
0
0
0
1
0
1
0
0
0
0
0
0
0
1482
36
4320
51
2108
14
37
0
0
0
0
0
0
478
0
0
0
0
0
20
161
0
0
1
0
104
83
8
550
11
0
1
0
243
27
0
0
26
0
0
19
6
0
769
0
0
0
17
0
0
0
0
0
0
52
0
0
0
0
0
0
18
0
0
2
0
0
0
1
120
0
0
0
0
0
0
2552
5
0
1
0
0
0
0
1
0
0
2
58
1
21
120
685
11
1
0
1
0
0
0
0
0
2
39
1
2
1
0
0
0
1
0
0
0
6
0
28
0
1
0
0
1
0
0
0
0
0
0
0
0
2
0
4
2852
0
0
0
0
0
0
146
0
195
1
0
1
1
7
4
0
2
0
3
1
0
0
30
18
0
0
0
0
110
8
0
22
231
0
0
3
0
1275
0
1
0
3
0
0
0
0
0
0
1
0
0
0
0
0
0
409
0
0
18
0
160
14
0
19
0
8
0
0
0
0
44
0
4
0
0
0
0
0
57
2
0
4
5
1486
0
0
1
1
0
0
0
112
16
111
0
0
232
52
633
4
28
1
0
0
0
0
0
0
6
1
3459
0
0
0
0
0
0
0
0
0
0
0
4
0
490
4
234
0
0
5
0
1
0
1
0
0
0
2
0
0
0
3
7867
4
11
35
0
206
0
0
38
0
4
1
39
0
3362
23
0
0
197
4
0
13
0
7
0
2
0
2
0
0
0
0
1050
0
0
0
0
0
0
0
0
0
52
0
0
0
0
1
0
153
4
0
0
0
0
4
0
1
10
1
0
0
0
1521
0
0
0
23
8
0
8
0
0
1
10
2
5
0
27
29
0
0
90
165
1
0
0
6
0
0
0
6
0
0
12
0
733
0
0
0
1
0
0
0
0
0
0
0
1344
4
1
168
34
1184
0
0
0
0
0
26
0
0
167
0
96
106
0
0
249
0
0
0
0
58
4
4
1
0
65
0
4
2
1984
2
97
30
5
2
1
0
2
9
0
0
1
11
0
0
0
0
80
0
0
0
0
1
0
0
0
0
0
0
0
0
24
0
0
1
30
0
0
3
0
264
0
174
3
0
0
1
0
261
990
0
0
0
20
3389
0
50
0
192
0
0
2
0
1445
37
45
0
389
19
0
3
0
6
0
0
0
6753
0
0
44
0
485
0
0
0
0
0
0
0
0
1
0
0
256
1
29
4
0
120
4
0
0
0
0
0
0
11979
0
218
32
0
0
3
36
2
2193
66
0
82
0
21
2
0
1
0
0
0
35
0
0
0
2
1
9
0
0
1
0
0
0
116
0
0
0
0
292
0
0
11
0
0
0
0
1
0
0
0
3
0
0
7
2
1
1
5
0
0
9
1
0
0
0
0
0
0
0
3
1
787
100
273
24
4
0
1
43
3
0
0
1
0
6
3
1
0
7
1
1
0
1
5
0
0
0
0
0
0
19
3
70
0
0
0
11
0
0
0
0
0
0
0
1
2
0
1
195
1
581
593
0
0
0
291
0
0
1
1
0
656
0
40
2124
0
23
4059
3
1499
0
1
7
13
0
0
0
414
7
3
0
0
792
0
0
1
0
5
0
0
0
0
0
0
0
6
23
0
0
0
1549
0
0
0
0
0
0
0
25
333
491
56
2
6
2
0
0
0
1
0
0
397
164
4
1
338
0
0
1
0
0
790
0
2
7
11
0
4
3
0
0
797
48
31
0
0
0
4
14
7
172
0
1
0
0
0
0
0
0
13
4
0
0
0
0
0
0
0
0
2
0
0
0
0
0
664
0
5555
0
0
0
0
0
0
1
239
0
2
1
204
0
1463
0
0
0
1
0
5
5
5
47
0
0
0
13115
0
223
40
0
0
100
0
1
0
0
5
12
0
0
0
0
0
0
4165
0
0
0
0
0
777
2489
0
0
0
0
52
20
4
0
1
0
70
0
0
0
0
0
0
604
0
1
1
0
55
0
0
41
0
3
0
30
0
2
258
0
0
0
0
10
1
0
23
0
0
0
0
11
2
5
70
0
0
0
0
1
0
0
0
3
0
0
0
0
3321
0
0
0
0
0
0
0
0
0
0
3
1
0
0
0
0
0
0
1
1
1
7
0
310
0
295
0
0
0
0
0
5
4
0
0
0
3
0
0
36
8654
100
0
0
95
1
7
440
8
0
0
0
0
0
0
0
0
0
4
0
0
0
0
0
0
0
3282
0
0
0
0
0
118
1
0
7
1
3
0
1
0
0
1383
160
2
6
0
1
1
4
40
0
0
186
5
4
2
1
0
0
33
0
10
0
35
0
0
0
0
77
43
412
6
0
0
0
2
0
0
0
0
0
3104
0
0
0
0
0
0
0
13
0
0
0
10
148
0
0
74
0
1
101
0
0
0
0
0
0
1
4
0
12
0
70
0
0
4
70
0
0
0
0
2
0
0
0
252
1
3
0
0
0
40
17
0
1
0
0
0
0
1
0
0
0
0
0
3
0
0
0
0
0
0
0
471
0
0
0
28
1
0
0
14
0
0
0
0
0
0
0
0
0
0
0
1
0
0
223
0
0
4353
0
3
1
0
27
24
7
0
0
43
11
0
0
0
0
7
17
0
51
1
3
0
0
0
2
0
0
0
0
2
0
0
0
0
0
0
0
0
0
0
0
6
213
0
0
1
0
0
0
1
0
1
1
1
60
0
117
0
0
0
0
6
0
0
0
4
4
0
869
4
633
0
0
166
118
18
422
0
0
0
0
1
0
0
8
0
0
0
0
0
0
0
0
81
0
0
0
0
0
0
0
0
0
0
0
7
159
0
2873
0
157
1
0
0
0
0
0
2094
5
30
1
7
0
0
702
0
0
2
2
0
1
41
0
80
26
3
0
0
0
0
363
39
0
0
1
0
1
1
0
0
0
0
1
1
0
0
0
0
0
0
0
0
0
0
0
0
0
0
0
0
1
2
0
0
365
18
0
32
1
0
83
0
0
744
6
28
0
0
0
0
0
46
55
0
1
0
39
7006
22
203
0
0
23
71
0
20
0
1
0
0
100
0
0
0
0
0
0
0
0
0
0
1
0
1
0
0
0
0
0
0
0
0
1
467
1
40
0
560
1
3
3
0
0
0
0
0
3725
3
0
238
0
0
1
0
0
0
0
5
18
0
9
0
152
3
0
0
495
0
5
0
0
2
0
0
36
0
24
0
0
0
0
0
0
0
0
0
0
0
0
1
0
0
0
0
0
0
0
1
198
34
0
4
0
3
12
0
0
0
6
0
4
17
17
9
0
0
0
0
0
0
0
0
1052
0
11
0
1664
0
0
1622
3
2173
1
0
0
12
3
2
1
0
23
0
0
0
0
0
0
0
0
0
1
0
0
0
0
0
0
0
0
1
0
0
1
0
3
6
0
0
0
0
0
0
1
0
105
314
0
3
16
0
1
1
0
96
25
0
0
0
75
0
4
176
0
2
2
21
25
34
0
3
0
0
0
0
0
0
0
0
0
16
0
0
0
0
0
0
0
0
0
0
0
0
0
0
0
479
14
2
17
0
0
0
0
0
0
0
0
0
2
550
1
0
3
0
0
0
1
3
0
0
1
0
0
2696
0
11
0
4
0
4997
0
33
1
35
20
78
104
0
0
0
0
0
0
9
0
0
3
1
0
0
0
0
0
0
0
0
0
0
0
0
7
129
233
2
0
1
0
1
0
0
1
0
7
0
292
2
592
0
7
0
96
0
0
0
3
0
0
144
85
1
0
0
47
0
404
1
0
3
37
15
3
122
0
0
0
0
0
23
0
0
0
0
0
1
0
10
11
0
0
0
0
0
0
0
0
0
3
0
0
0
0
0
0
0
1
0
71
51
5
15
3
0
0
54
5
0
8
0
0
0
1
1
0
84
0
0
0
1757
24
6
0
0
0
121
19
0
0
0
0
0
0
34
0
0
0
0
0
0
0
95
0
0
0
0
1118
0
0
0
0
11
0
3
166
39
3
0
0
0
115
0
54
8
0
3
145
0
215
0
0
478
5
14
7
2
0
8
1
0
0
67
56
8
4
391
0
84
0
3
7
0
0
0
0
0
0
0
0
1
0
0
0
0
0
0
0
0
0
0
1
0
0
1
60
3
0
2
82
3
267
0
0
0
45
1
2
0
10
31
0
0
0
0
0
8
1
0
0
652
7
24
0
2
0
0
170
154
990
3
0
0
0
18
0
0
0
0
0
0
0
0
0
0
0
2
1
0
0
0
0
0
0
0
0
1
0
0
40
9
0
1
89
0
0
0
0
0
0
74
180
2
2
72
0
0
2
45
0
0
0
0
8
2
23
131
0
0
3222
0
0
0
1
0
0
0
6
1
2
0
38
0
0
0
0
0
0
0
0
0
0
0
0
0
0
0
0
0
0
0
0
1
0
0
867
1
3
0
0
0
0
0
1
0
6
7
3
5251
0
0
58
0
0
1
0
0
11
279
6
0
0
1
1
299
0
58
62
0
1
2
0
22
0
0
145
0
0
1
0
0
0
0
0
0
2
0
0
0
0
0
0
0
0
0
0
0
0
5
0
0
5
0
0
0
0
0
0
12
2
896
7
187
12863
332
0
18
0
270
1
0
15
0
0
0
387
0
0
1
290
2118
10
21
0
0
0
1
1938
67
0
0
0
0
0
0
0
0
0
0
0
0
0
0
0
0
0
0
0
0
0
92
0
2
0
0
1
22
0
1
0
0
0
6
16
5
23
1
793
0
349
3
364
0
0
0
6
2
0
0
3
129
0
528
4
0
5
6
0
15
3
0
6
0
595
0
0
10
4
0
0
0
1
0
0
0
0
0
0
0
0
0
0
1
0
5
129
0
0
10
0
0
3
0
0
1
0
0
31
23
1
1
19
638
1
0
1
277
117
0
0
0
3
78
84
27
0
0
9
91
1
20
0
0
1
5
82
0
89
0
0
0
0
0
0
1
0
0
0
0
0
0
1
0
0
0
0
0
0
6613
8
0
409
15
0
17
63
0
0
0
1
0
0
22
1
0
4
0
12
0
0
9
0
0
13
1
0
37
0
0
0
269
0
1
5747
0
52
3
0
400
0
0
69
0
0
14
1
0
0
0
0
0
0
0
1
0
0
0
0
0
0
0
0
3
0
0
11
4
0
0
0
0
0
0
0
5
0
0
241
1579
0
0
0
0
0
0
0
0
0
0
0
1
0
16
0
0
0
1
0
0
393
0
0
0
0
3
107
0
0
0
0
0
1
0
0
0
0
0
0
0
0
0
0
0
0
0
1
249
0
1828
3
307
6
1758
0
0
0
0
3
796
0
5487
0
8
0
0
0
0
0
0
597
0
1
67
16
8
1
17
0
10
0
0
2
16
344
0
0
2
2
3
1
0
0
3
0
0
0
0
0
0
0
0
0
1
0
0
1
0
0
0
0
145
0
0
9
5
1
0
0
0
0
0
178
0
835
5
2
3
0
0
0
0
0
325
76
0
0
0
0
24
0
16
0
1
20
63
8
3
0
0
1
0
0
0
0
1
0
0
1
0
0
13
1
0
0
0
0
0
0
0
0
1
0
0
0
0
1
0
6
157
1
0
0
0
0
0
613
320
43
10
0
1
1556
1
1
0
0
0
6479
0
0
0
179
319
1
0
0
1
0
4590
5178
1
0
628
1
195
0
2
41
0
0
38
1
1
0
152
0
0
0
0
0
0
1
0
0
0
1
0
0
2
0
157
9
1
0
0
3
0
0
2320
2
2
37
50
0
17
0
0
209
0
1
1
0
0
1
0
0
26
0
0
0
105
4
0
0
0
0
0
0
0
103
0
43
0
0
0
0
0
0
1
0
0
0
0
0
0
0
1
0
0
0
0
0
539
1
0
218
1
0
9
77
0
0
0
1
1091
3
0
0
368
8
0
0
0
9
1
0
0
0
78
0
1
0
0
0
0
6
8
0
0
0
0
10
0
3656
0
0
0
0
21
0
0
1
414
0
0
0
0
273
0
0
0
0
0
0
0
0
33
0
471
1
1
0
0
0
0
0
0
12
0
1
16
0
2
0
0
6
0
0
40
118
0
0
138
0
0
179
256
0
463
17
19
0
13
0
176
0
0
0
0
0
0
0
0
0
0
0
0
0
0
0
0
0
0
0
0
0
0
0
0
200
0
0
0
0
1
0
4
0
0
0
0
84
126
0
0
2
0
0
0
0
65
0
0
5201
0
12
0
673
1
0
0
0
0
1
0
6
2
0
0
162
119
2
0
0
0
0
0
0
53
0
0
0
0
0
0
1871
0
0
0
1
1
0
0
390
0
0
0
0
1
0
77
0
0
0
0
0
8
1
1
0
1
0
0
1
0
1
1
242
0
28
0
3073
1
3
1
0
2
0
0
274
3
0
1459
48
0
447
0
0
0
0
0
0
27
0
0
0
6
0
0
2
0
0
0
0
0
0
0
20
1
6
0
11
295
0
0
0
0
0
0
0
3030
656
0
1575
0
249
0
0
0
0
32
0
0
34
0
9
104
0
0
0
0
4
0
4
1
0
1
0
0
10
8
0
1747
0
0
0
0
0
0
0
223
0
0
0
0
0
0
0
0
0
0
483
3299
44
2773
30
0
0
0
3
0
0
0
1
2
6
1
1
0
9
0
49
11
0
2
1
0
0
105
61
0
0
757
0
3
8
780
91
8
0
93
1
3
0
9791
0
37
0
0
1
0
0
0
0
7
0
0
0
0
0
0
0
0
0
0
0
6
15
105
0
4
1
0
74
0
9
0
294
11
3
1
53
38
1
0
0
0
0
0
0
0
37
0
23
0
0
14
0
0
2
38
0
0
1
28
0
5
0
1
41
0
0
0
0
0
1
0
0
2
0
0
0
0
0
0
0
0
1
1
0
0
2
98
0
8
77
0
0
0
0
1
457
3
4
5
0
56
0
0
1
262
0
0
76
0
21
0
0
0
0
0
444
30501
7927
314
16
23011
261
1612
20832
14345
12859
169
29294
5104
38
6
17343
25824
27270
4220
2704
87
408
48
116
38
2188
160
4
15660
1887
6944
20991
994
5104
797
12859
2045
51
58
67
15220
6
0
48
1545
13072
230
17298
5071
4498
4298
38
6
4936
21425
2135
4693
6
17653
87
19508
147
5104
793
32
10
48
786
0
180
11
19985
2
1023
30
6
202
5788
12420
11192
413
2
70
1
10613
0
1050
105
5254
1342
512
82
36
40
1
1770
12358
79
7141
1793
18508
88
2513
4516
153
11307
91
1523
6
207
13394
8
12155
5059
6047
4
31
13944
262
6
6
62
0
4070
133
25
6
44
5037
19870
2264
402
16
0
0
0
0
1
15565
0
277
23
1635
29
48
112
405
3
11
52
21
355
18
447
0
366
0
5941
0
13
2
325
1
5
0
59
30
14
92
0
305
101
0
118
9042
6044
26
17
10
0
0
62
5
141
544
2708
4090
78
0
1057
264
122
159
2
414
4
2841
3221
0
12
8158
1
94
16799
38
262
0
0
7
0
110
94
127
10675
0
2
50
2
241
3
14
17
8
234
35
0
32
3
0
21
1502
0
92
0
53
6071
1017
8
97
2133
151
3
0
6226
460
17
8335
22249
0
2459
1
2
3648
0
67
1067
89
9
13
363
82
2
28
7602
348
93
4077
415
0
0
9860
7159
33
1
0
0
96
0
5250
271
0
8
4
120
0
0
0
73
54
43
8
18
41
0
0
0
1
0
0
0
516
4
0
1608
58
13484
339
20
0
91
1
55
6565
70
0
0
0
8
799
5677
100
145
3681
652
235
243
1697
21
0
1
0
3
25
2291
784
91
0
2
6773
0
91
1
3
162
17
236
9
2
2
56
2397
0
0
65
55
0
3749
0
866
1
42
4862
84
479
0
8
61
1
134
2032
0
126
1261
932
14209
1
1
10
44
3999
1
2274
9175
28
0
1486
24
7
5
4
2
38
0
77
0
10
4
357
0
9
2
2170
1
37
1909
1
3
33
3
109
8
0
7
256
594
0
2
233
0
26
1240
6601
6
26
702
40
319
2
558
0
6525
2
9918
186
1
3
1
1
3240
467
9
4
0
815
52
0
0
3345
1858
4
1
7
2
0
0
69
0
0
71
7
0
4
1
89
4
1
2772
0
19536
37
1
11
259
0
2523
283
74
0
0
0
0
16
0
16
15
32
0
6
211
0
0
24
17
27
5
0
20
1
6957
0
1
8
0
1
1
227
505
1
0
1
84
3
36
3936
5
10325
7
731
0
0
0
0
0
0
0
3
8
0
60
0
5
27
2
3085
45
12531
4
7
2
6
0
7875
89
6
1053
0
1
0
0
9
20
0
1
203
5
2
0
1
0
0
0
0
1
0
99
8
2
33
2
46
1319
51
1
360
0
2
0
79
0
1
1107
0
1
7
0
3
0
0
2
0
0
917
0
35
26
3
3
45
122
0
0
0
0
6953
0
473
14154
32
0
2
25
0
1
0
0
183
39
2776
6
77
1379
35
0
2
932
30
1
5444
539
1
0
222
1
179
0
15
61
191
0
45
0
4
1
3483
295
85
20
5
2
449
3
1
20
3
40
658
0
1175
4
15
1
24
23
46
3328
298
160
154
4024
0
210
0
0
0
11
3893
59
1
104
339
0
0
0
0
3
1
0
3
37
22
1
71
13
1224
0
31
60
122
7
1
3
50
0
0
61
8
5353
8028
4
3
0
0
0
3
2
21
0
12
59
28
0
3333
18
1
1
4
0
138
11
0
1
1
2180
0
0
0
0
0
5
0
0
1
0
8
2269
5
0
0
89
10044
0
0
913
0
73
25
4
1
5051
16
71
0
746
46
154
1
218
0
1
94
1
48
4968
32
0
2
0
4
2
0
6030
32
1666
2
1
12
154
12
24
2
15
0
0
2
0
3
1
1189
2
3
0
1
0
5
0
1120
226
3
0
720
0
464
22
0
0
965
0
0
0
462
0
16
3319
0
0
17
0
878
159
7
3
1
1346
152
678
0
7
0
0
22
1
2
3
23
1223
0
6
4
0
0
0
420
776
239
0
29
1
0
1979
7312
1
53
0
18
0
2
0
55
1603
56
8
42
0
1
0
4
2
563
0
10
168
1553
3
92
52
34
7
756
39
0
6
0
8
0
820
2
106
0
0
0
0
0
0
3
3
0
182
0
0
0
762
0
2226
0
12
1
3
1
8
4
0
1
0
19565
1
8
1430
0
312
3682
54
15
765
0
11
1
9
1
251
0
5
4475
0
170
2
16
168
0
46
9
1
0
80
46
38
7
0
8
68
37
0
7
0
0
9
0
1
0
2
0
6
0
0
38
0
0
29
1
3
144
0
43
10
428
94
63
0
3
0
2654
3
169
1416
171
33
92
4
0
26
0
1374
595
366
41
6
2
0
1
24
0
0
1
310
0
5
0
2
1
0
2
1
22
0
21
247
43
9
68
1815
34
1
1
31
102
12
0
2
2
0
0
2
180
122
0
71
1
7
6
279
0
1
46
5
179
0
12
241
0
39
4
7
1
0
14
4
0
720
0
0
4370
0
0
0
0
10
7148
294
6
602
0
5
26
28
3
401
1
184
1
2
0
4
0
0
196
1
3186
14
2
8
0
0
2808
18
84
1167
13662
6
2
1
0
0
0
20
1
14306
7076
0
9
20
0
1
4
19
0
31
30
2
0
3792
389
0
3
4
35
0
106
6
0
106
839
4
0
832
1
247
1
80
517
6
5460
1833
37
1
15
28
39
0
0
1297
16
0
13
3
0
1
0
0
0
217
0
4
2
0
3
73
239
0
12
29
1822
3132
3287
5
0
71
0
3
12
78
0
1
8
0
2
18
1236
1
7022
0
0
0
0
2
7
1
10
54
17
6
14
9
0
0
0
1038
155
30
0
17
43
4
1
0
0
185
88
78
0
0
58
5
61
0
1
5
0
0
9
146
1660
4
8
0
5
0
89
12
0
43
3
512
25
4
1
2
0
0
4281
156
4
0
6654
9
8
5390
63
0
0
816
1
0
1
0
27
7
0
9
1
1
23
491
0
8737
0
0
0
4385
0
80
4019
5
0
0
3
2
2862
1
0
0
0
1
1
12354
2
45
2
0
12
2
10
0
13
0
45
3
83
2
5204
74
0
100
0
2
91
0
20718
2899
893
260
0
0
102
0
0
6025
0
0
26
28
16
2
4
0
0
1
30
2
0
189
143
7
95
37
1826
0
0
8
3
0
177
0
0
4
779
0
1
22
21
12
2
0
0
326
0
3
2
7
1
117
66
1
52
2
29
4
1665
14521
366
4514
52
248
13
5
255
11
395
2
141
0
0
60
83
8
0
1
7
0
947
1996
0
5
0
2
0
52
53
0
1
8718
72
0
0
10
1
195
19
0
1
0
40
0
0
12
41
2
1
7
0
6
616
2973
1
5
2
0
115
34
1
100
0
37
2
0
0
146
36
4
4
38
0
0
161
1007
1460
0
7
28
16
61
0
0
8
0
0
12
12
0
2
18
1
1
1917
2372
1076
8
28
0
0
0
20
0
0
1
0
0
4131
1
0
0
6
19
0
11
0
170
184
0
2
0
0
18
35
3544
66
91
1
0
0
6
0
68
0
1329
0
3029
0
114
0
1
22
0
6
0
1
1
10
0
0
0
8
0
12
0
1111
0
1
1
0
5
70
61
0
57
0
1
0
1
53
20
612
0
82
0
0
0
0
0
569
3
646
120
1
0
57
106
5462
54
2
9
97
0
1
1
243
4
2
1
0
4
2
4
0
2035
0
0
2
1
70
6
7747
3
11
0
0
163
107
0
5
0
16
15
165
951
323
1017
1
0
0
0
0
1
0
0
2
5
3
1
1
8
3
0
3
0
0
45
0
300
2
168
0
4
0
49
43
0
95
0
0
0
0
6
16
2
14
21
10
4
0
0
1
5
119
0
335
0
18575
1
2
0
3
0
0
507
0
1
0
16
626
96
0
1706
839
1
399
0
0
12
0
3
0
1
116
0
74
20052
4
0
42
2
0
2
0
15
4
578
0
0
89
0
0
11
4
417
6
0
1
0
6
0
0
475
0
162
2
202
1
2078
0
14826
19
1
211
2
0
35
11
107
0
3
75
0
160
1904
2
1
47
0
4
0
14
11
1
64
172
27
2
306
0
0
56
2
3
2
2
1
3
0
6717
1
0
5
0
0
589
1146
0
0
447
0
0
0
25
0
0
50
100
1737
0
1
0
53
8
232
0
0
23
0
6170
0
45
0
0
0
7
816
2
9
4
402
6703
2492
9
4
1
2
2
2
295
27940
79
8
10
2
14
6
0
252
16
0
0
19
11
1
0
81
0
0
6
0
113
0
111
1
0
367
5
0
0
2
0
0
4
8650
33
0
1
9
4
1619
6
0
0
0
8
0
6
11
7
3
3
0
0
42
1805
3
776
0
2
0
9
0
6
5
0
0
0
0
25
6
80
1
7
57
3
17
2
914
235
4
164
0
0
0
2703
1
0
131
2
1603
0
600
0
0
12
3
3
89
1
0
1
0
5
752
0
52
2493
0
7
134
11
2
1
0
245
1
0
0
0
0
0
0
0
0
0
9
0
0
16
0
0
1
0
51
0
9
195
0
12
0
0
1376
6
0
3
0
5
0
122
0
0
0
528
879
0
2
0
14
88
12
0
0
0
0
30
1
1
17
0
7
0
0
1
454
51
41
0
0
0
0
0
0
1
161
0
0
1
0
11
1171
612
58
37
0
0
13
255
5
0
657
2
2
58
0
0
0
20
1468
106
0
5
0
111
0
1790
0
0
0
90
7
0
0
0
3
135
3
22
0
0
0
0
43
0
5
0
5
10
21
10
0
14
1
0
1
0
3
0
187
0
0
0
0
105
1
3
40
2
0
0
491
0
165
0
1
0
0
1
5
1
2254
112
3
0
101
0
0
1
1
496
4
24
0
1
135
6
0
0
5
0
0
2
0
246
0
2
4
256
4
161
0
0
15
10
0
76
3
64
44
12
5
1
0
4
2
11
1
48
0
35
0
0
10
0
0
0
9800
3
0
639
0
0
4
30
2
12
8
0
1
5
0
2
2
903
64
817
1361
1
2450
1
9
6
9
0
13
9125
2156
0
1205
1
10154
0
0
239
0
116
0
0
1
0
0
17
464
0
5
1
48
0
0
0
1
0
0
3
4
0
17
0
16
0
964
17
1
0
0
3
0
10
90
0
0
0
3
3
0
0
2
15
2
3
0
0
0
25
21
3
0
0
0
717
1
0
249
1
15
0
0
334
0
2
2
0
1
50
0
0
11
31
0
43
0
3
0
39
1
0
90
565
6
2
0
19
1
7
179
0
13103
106
0
0
460
7
16
0
0
24
80
0
0
25
59
0
0
0
0
0
0
0
0
2
0
12
52
0
0
3
0
64
130
0
0
0
0
0
0
4
0
1
1
0
11
78
0
0
8
0
0
116
0
0
0
3
0
1
1
4
1
499
0
1985
4248
0
1
0
0
78
1
0
0
0
0
19
0
8
1687
3
1
0
0
7
0
19
8
0
3745
0
0
4
0
3
0
0
0
0
0
1648
0
0
0
0
0
76
4
0
3
1568
0
0
6
0
1
1
3614
22
0
0
0
703
12
949
128
130
60
0
0
0
38
0
88
8
31
486
21
0
0
3
0
0
411
0
2
0
10
0
0
20
57
32
2
7
23
1
13
0
2
6
5
119
0
6
3
125
184
5
2
8
0
1
0
3
8
0
12
59
0
297
4
3
0
0
18
0
17
1
46
147
5
0
1
4
290
1
2
0
0
0
8
0
0
30
1
5
4
0
1
2
0
0
1
0
0
0
347
2
11
0
10
0
159
13
0
0
0
9
0
106
1
5
0
7
3
79
5
0
0
154
423
891
0
0
8
8
128
4
1
6
0
8
1
1
1
0
21
0
0
0
5
0
7
0
362
0
0
1
38
1419
0
12
0
0
0
0
32
13
0
0
0
6
0
186
0
44
607
0
163
8217
0
0
0
1
7
67
12
20
0
0
162
2
53
1
18
0
0
4
35
0
620
0
10845
2293
0
43
5
9
0
0
11
12
0
585
105
46
0
1219
0
359
0
1
56
0
1
63
0
1
18
0
77
0
99
188
6
0
49
0
0
0
0
30
31
131
0
0
0
0
2
0
3
9
0
0
0
1
1
319
0
1
1
10
22
2
2
26
0
4
0
1
64
3
0
0
3121
0
1333
25
6
7
98
6
0
0
0
10
6
0
4
14
124
1
0
0
8
2
7
0
0
36
2
1
0
0
0
0
11205
953
1
0
0
1
454
2
0
1
0
0
0
0
2
5135
30
13
0
2
1
0
0
18
0
5
20
17
0
2
3
3
0
3
50
1
24
1
3
2
0
0
0
2
2
3
8119
7
7
33
928
62
1
0
2
0
32
9
0
3673
0
237
0
0
7
2
1
0
0
0
0
957
0
0
760
12
0
0
6
12
0
7
10
207
232
34
0
0
0
109
0
0
5
0
120
0
0
21
0
7
4
1
0
2
114
108
0
4
2
0
981
10
4
129
7727
14
255
0
6935
174
6519
2580
3
15
0
0
64
19
259
1
174
1
326
37
2
0
360
0
0
0
2
0
13
2
0
0
3691
502
1
5
9
458
0
19
4897
0
5
65
155
0
0
1
0
75
0
26
0
5
0
33
0
4
27
24
2
0
17657
12
527
1047
2801
78
21
204
6
1314
0
1
0
1
24
0
194
0
55
0
0
0
157
575
1
1
1
0
0
70
59
12
51
4
0
0
16
65
0
0
189
0
1
0
47
3
2
1
0
1
0
64
77
416
267
0
1
62
0
11
0
0
0
4
13
0
0
5
1
0
21
5
654
102
14
0
1
7
12
2
2
0
1
532
21
37
1
1
2
0
1
1
1245
60
0
197
3
19
2
0
55
9
0
1
27
0
3
0
0
0
0
0
0
1
0
30
8
3
921
0
283
0
62
0
9
0
418
214
259
0
0
1
1
25
0
255
28
1
0
0
0
1450
0
1010
3
0
0
0
0
31
0
0
0
0
0
0
123
0
5
7147
3
1
8
0
0
41
447
0
93
19
233
0
1925
26
0
0
0
0
3
0
61
0
2
0
0
7
34
0
5
0
0
146
25
2
71
10202
1
0
18
118
0
7
1005
0
0
1
1
50
68
0
48
0
1
141
478
8219
0
7
87
0
108
2
0
3053
36
24
9
1
0
0
533
24
7
0
43
0
49
4
0
29
589
206
0
57
8633
310
0
27
0
0
0
135
426
0
1
0
0
1
0
0
177
1
0
19
31
3
14
0
170
2
35
0
1
0
0
131
0
0
0
0
348
1
7
0
0
942
8
0
0
10
0
1
321
1
0
0
2
0
235
0
2
0
3
0
3
0
0
5
2
0
146
156
0
0
1
0
321
93
0
2
0
6
4
0
70
0
221
0
0
14
18
3437
0
4
13
2
0
0
1
0
0
0
2
23
173
0
2
12
5120
1
0
26
3
48
3
0
0
0
0
0
0
0
46
0
23
0
15
87
0
3
0
0
3
0
129
0
32
0
0
19
13
71
1
0
4
0
11
9
387
2
266
2
498
2
7
3
2
1
3
7
0
1
0
50
0
3
11
16
3
0
10
23
1
0
0
0
0
4
1
81
0
3
0
26
0
19
30
2
0
0
1
1
7
14
6
1
10
268
0
885
0
0
0
5
5890
3
570
148
9
0
0
17
1
12
0
5
1
1
0
2
0
0
1
0
0
0
5
0
0
0
3
0
0
0
0
0
0
0
8
0
4
13
14
660
20
46
0
2
3
5
0
0
0
104
10
0
0
19
0
1
16
0
2518
1
2
0
0
16
792
385
37
1
0
1
349
0
35
0
3
0
1
0
0
65
0
0
1
4200
1697
0
25
9
0
385
15
0
0
0
259
0
1037
181
4
0
1
0
5
2
157
979
0
26
499
28
0
0
0
1
114
2
65
1
0
1
1
521
5
12
0
0
0
0
16
0
2
20
0
0
6608
4791
293
73
0
0
1
5
79
376
0
0
0
0
0
2
5
9
102
1
0
79
20
0
29
0
0
2
6
4
93
294
91
0
0
14
2
0
1
0
5
0
0
0
7
557
0
0
1
0
67
1
300
6
0
0
0
0
7
13536
3
0
317
0
0
39
2
1
0
0
0
178
2
69
0
5
23
0
0
0
0
12
0
996
1
0
0
96
6
1
3
0
8
65
5
120
1
10
0
21
247
0
39
0
3
4
2
0
120
68
4
116
0
415
0
2
78
0
0
13
0
0
4
58
1
4
0
31
1
0
4
11601
574
168
16
42
0
4
0
0
68
0
6
0
5
0
1176
30
0
16
4
0
12
17
0
0
0
16
12
0
0
0
0
26
0
35
4498
0
17
2
1
9
0
28
1
30
0
0
0
17
0
9
7
0
0
39
94
0
0
163
145
35
0
7
93
37
3
0
0
2
0
4
70
43
2
63
0
0
23
2
1
2
427
0
121
13
0
0
3
0
9
112
24
4
1
0
24
0
1
25
46
1
0
42
3
0
0
52
20
0
0
0
0
189
1
1
1
0
0
0
8
23
3
0
0
11
1001
87
0
0
0
1
0
0
6
4
2
0
0
0
0
0
1
0
0
4
17
5
0
1
1
0
1
1
404
0
11
1
11
1
1
5147
0
0
65
0
0
617
0
13
0
0
0
2
0
0
419
0
76
0
41
43
0
0
0
4986
2
19
1357
83
2053
16
4
22
1
581
7
255
2
0
0
0
3
52
0
0
36
286
0
7
1
107
0
6
0
0
0
21
0
7
119
3
14
0
8
1
31
24
14
0
11
282
3
5
0
0
0
1
1
2
316
0
985
0
220
17
0
0
0
5
2
0
781
3
3
0
0
28
0
8
0
0
0
268
0
8
0
1706
99
0
0
0
0
1
6
491
5
0
23
1
0
17
0
0
0
58
0
12
202
2
0
1
24
307
0
0
2
0
1
3272
0
0
0
57
0
0
603
0
2
37
375
0
36
2026
3
15
0
29
8
7686
0
76
2
24
0
2
0
23
1334
0
940
0
0
0
2
0
0
79
30
12
0
0
7
0
321
0
14
1080
2
2275
0
6
20
0
5
4
520
0
1005
25
0
0
404
4
3
1
5
29
0
0
1
1
0
1
69
0
48
0
98
3
0
0
0
2611
2
0
0
0
0
17
1
177
11
13
0
0
0
0
9
16
0
0
9
0
67
6
0
0
23
21
31
0
0
0
35
4
0
10
49
0
0
0
851
2
102
0
184
1
0
4
0
0
4
5
1
0
1225
2
0
0
4
0
3
0
0
0
0
0
36
0
48
1
0
142
2
0
28
1
2
0
0
444
2
265
1
178
68
0
26
2
1
1
517
1
2
0
54
0
0
80
0
1
0
10
2
0
0
0
1928
17
0
0
1
4
1
5
17
1
0
0
581
1
0
0
17
0
2
1
53
0
1
2
5
0
1
0
0
5
0
0
164
4
23
0
0
1
1987
9
0
2
4
79
0
0
0
10
620
3
0
0
2
0
0
14
204
1
413
4
1
0
85
0
3
0
0
0
4
1
0
1
0
0
0
0
83
0
0
21
2
1
0
0
1
2
2
53
1
2540
29
481
0
312
0
0
0
0
713
0
31
0
0
0
0
59
2
0
1
0
0
16
10
1
403
8307
0
20
0
132
36
0
1
20
31
1
0
2
311
1
1
1
4
0
0
0
4572
0
5
0
1
0
0
0
0
375
9
1613
89
0
0
0
11
0
0
7
1
0
35
47
13
3
6
957
0
245
61
5
0
6
0
0
2
0
0
0
58
0
1
21
130
3
0
89
36
0
0
619
0
0
10
0
0
1
1
5
0
0
2
7
4
82
212
0
1
0
0
0
0
2
8
32
21
2
305
254
0
167
327
292
0
1
58
3
454
0
15
0
0
3
1
76
1
0
70
54
5
0
0
0
7
4
9
2
17
1
0
4
2
0
1
0
27
2
0
0
1
3
0
0
6223
28
0
0
0
0
0
85
1
0
0
0
0
3
1
0
0
111
1
0
0
68
2198
0
0
4
0
459
5
0
0
12085
0
0
0
0
0
0
1
359
8
254
3
0
5
4
453
59
0
0
2
170
0
30
3
0
662
14
0
6
41
14
0
5
1
0
1
0
4
634
1
0
0
0
0
0
0
1
10
0
1
0
0
0
0
215
184
3
2
0
7
2
0
3812
6
834
0
0
3
0
5
0
0
0
0
0
0
67
169
21
0
0
104
36
0
0
2
4
4
1
0
5663
2
3
272
0
0
0
1
0
1
6
1
8465
14
0
0
0
0
0
1
8348
75
10
4
4
0
0
7
0
419
1
0
0
5
40
0
0
0
8
0
31
1042
0
19
0
0
1
40
2
3
2
306
0
104
0
208
117
7
10
96
1
9
0
27
5
7
551
1
1
0
478
5
46
12
0
0
5
36
0
3
0
0
0
24664
23
1
56
0
1
112
5
0
2
2
0
0
1
0
23
0
2425
0
27
0
11
75
733
1
76
0
5
242
16
1
0
63
3
6
0
0
0
650
3
12
162
0
15
0
4
6
0
0
0
5
7963
32
6
1
4457
1
839
1
5
0
0
0
0
0
269
0
1
62
25
0
2198
0
1
0
0
7
423
0
77
407
18
5
8
0
2666
12
3705
390
0
621
14
1
2
6
0
4
1
3752
1868
11125
21
0
0
0
133
2
11
0
1
1
8
167
50
0
0
0
4
0
2411
0
5
104
0
0
0
329
13
0
483
1
200
1
10
0
0
53
0
1
1
0
0
0
3
387
0
322
39
2
0
0
16
1
4
9
0
56
0
21
0
0
0
35
1
0
33
20
0
4
0
137
2
80
1
825
0
235
0
0
0
0
7
0
7
13
5
1196
20
0
0
12
0
1
3
3623
4
61
5
45
13
0
1
362
1287
0
2
4
128
0
15
0
4
0
1
0
9029
648
253
18
0
0
172
82
0
67
5
835
65
2106
6
1627
0
0
0
4
57
90
0
0
2144
37
0
0
197
0
0
3
2
0
3
8
1
0
0
161
0
5015
0
3
0
13
0
209
0
292
0
13
0
0
2
436
5
0
3
1
0
0
19
4
4385
0
0
0
0
76
3
3
0
0
0
0
1399
0
1
0
1
21
603
1
2
74
75
754
0
3
0
0
0
0
301
38
0
0
0
0
12
0
0
0
0
1
0
3
419
0
25
1
0
0
5
1
0
0
0
1002
2
0
6
0
4
0
1
449
107
1
0
171
91
6350
20
0
9
0
0
233
369
106
0
8
32
1
0
11
0
0
8
0
5
1
28
0
61
0
5
9
36
2
9
1137
3
14
0
0
0
5
0
1
1
6
26
0
0
246
43
8
0
0
31
4
0
0
1
0
0
0
8
560
14
30
42
24
75
116
0
0
30
1
0
108
0
1218
6
0
168
43
2
5
0
0
0
0
117
0
0
0
1
84
99
1
148
0
0
0
0
0
47
0
0
0
323
2
0
0
24
0
1262
5
0
0
44
0
6
83
0
0
0
0
0
32
9
0
41
2847
10
0
0
0
1
0
0
6
1
10
3
3
0
3
0
1
14
7
0
0
1
188
135
0
0
0
32
0
0
1
8
4537
0
0
10
38
449
0
0
0
7
0
0
0
0
1150
3
0
329
1
8
2
0
2079
2
149
20
3012
0
27
12
76
3
2
30
0
122
2318
10
6
0
0
0
18
1
2
0
7
172
0
0
3
8
0
0
0
4
1
3517
0
1
0
29
0
0
249
0
0
7739
0
2738
0
0
0
1861
1
5
112
0
844
64
73
2
0
3
0
1069
351
0
1
32
41
1
27
150
5
0
0
0
1342
11
0
1
2
0
0
14
21
0
1
0
0
0
184
0
0
84
0
122
13979
14
0
248
0
2
13
5
0
0
0
1
210
8
0
0
0
3
4
1
90
48
100
0
0
0
0
0
0
86
0
2
0
13
0
6
413
102
68
0
1086
0
1703
0
33
1
0
72
0
0
0
7
0
2
111
1021
0
0
12
148
5
3
1
2
70
24
0
1
0
16
0
268
3
0
1
1
37
511
0
1
0
0
0
0
2
13
1
2
5
0
0
8
891
1
2
21
1
33
0
0
0
1
52
497
883
0
454
1
0
2
0
60
0
6
0
5
0
0
0
9
0
0
1
2
1
4
0
23
0
288
1
67
0
0
0
0
4
0
5
26
1
0
14
40
0
0
0
3
2
1785
1
0
0
0
3
1
2
3
0
458
1
0
329
0
8
0
2517
1
0
25
2
14
0
263
0
19
0
0
2
23
72
0
1
0
0
2
1
0
4
0
0
4
13
1
0
0
0
1
813
0
18
0
0
0
0
20
0
4
0
0
133
1097
0
41
3
10
138
8
76
0
0
0
0
0
2
0
1925
1
6
11
0
0
0
317
4590
312
0
6
39
0
2
0
0
27
0
10
4
136
0
37
133
0
247
1
0
4689
17
2
1
506
1086
0
0
95
398
133
5289
1
772
8
83
0
0
0
0
320
0
2
5
2
0
2
61
18
137
3
0
11
1
0
8
8
14
0
1
0
2520
10625
0
0
44
7
253
0
0
0
13
0
1
3
0
1
3
0
0
180
1
691
2
0
4
0
1
1638
18
575
0
0
0
319
6
0
0
0
0
0
65
0
0
528
597
0
3
1
3
0
0
0
0
0
0
0
1
0
408
2
564
3
0
12
49
100
1
0
0
64
0
0
34
0
0
0
21
0
1743
68
4
302
0
26
82
21
685
70
1
1
0
1054
25
0
2
57
2
1093
14
0
352
585
0
0
32
0
0
2404
5
0
168
0
0
0
0
15
0
931
0
3
8
2
4
919
0
42
0
0
39
3835
1
105
8
10
0
0
0
0
0
0
13
3
4
0
3
95
0
9
0
1
1
3
2036
11
1
1
0
0
584
0
650
6
1
0
0
1
0
0
0
0
1
28
5
0
1490
2
5719
0
1
49
56
1
0
0
480
34
1
216
114
1
0
0
22
3
0
0
0
0
403
0
0
0
28
2
3
0
1
0
30
2
45
1
0
2
2898
0
274
0
1
24
628
0
28
0
0
28
7
35
0
69
1
0
0
24
3
0
5
7
0
0
45
9
86
9
8
178
0
0
0
109
0
3
5
3
30
3
906
0
0
0
0
3
0
0
18
0
0
0
23
80
1006
23
3
0
113
1
0
607
2
110
3
4
1
3380
4
0
0
0
0
0
11
0
621
0
1
0
0
0
3
0
46
4
31
0
0
128
2
50
2
2
1
0
480
0
0
0
0
3
1
115
1
0
0
0
6
246
114
17
0
0
4
0
86
28
0
0
2
0
7
0
0
806
0
18
1
0
0
4
2
0
12
2
0
12
0
25
348
0
0
0
0
17
5360
5
546
1
2
1291
25
20
46
1
0
62
0
1084
529
15
0
0
0
160
5
0
1
1
1
2
4
3
1
661
44
0
66
0
1
0
39
0
4
19
0
1
95
0
0
0
149
0
645
405
1
0
0
39
0
3
0
2
4
0
311
0
0
17
4688
11
0
54
19
49
130
15
0
0
1
6
0
1
2
42
150
228
0
106
1215
0
42
4560
0
7
0
0
0
0
70
0
0
16
21
5
12
1
0
0
2
0
0
1
427
0
1
4
10
0
1
0
2
15
0
35
4
0
345
0
70
0
0
0
7
39
1
75
31
29
10
12
26
0
0
2
0
0
0
67
98
988
1
1
0
4
38
71
0
0
41
0
10
1
3
1
2435
0
147
272
110
1
31
11
53
0
59
0
1
10
6
55
327
0
0
1
0
9
1
6
0
0
0
0
2
0
0
0
0
6
27
0
0
0
0
0
24
1
474
451
0
0
3
38
1
0
1
0
19
519
349
10235
3
1360
1
523
139
0
0
11
1
0
42
72
0
15
0
0
0
0
0
0
3
1
9
0
284
529
1
1
0
5
28
28
27
0
0
0
264
0
0
0
816
131
3
0
3
12
0
0
0
4
2
1
4
10138
138
1
16
1
83
1
0
2
66
0
59
2673
1
0
0
377
56
0
17
83
0
11
0
12
0
0
0
9
6
21
0
0
14
0
1
1
0
0
43
2
0
1
1
306
25
0
28
0
0
0
3
0
5
94
9
91
12
0
1
0
47
80
0
8
0
0
563
1
0
5
0
24
0
1
1
0
0
0
0
40
1
0
1
49
0
4
0
368
2
2
2
2
14891
51
67
41
49
6
4
1000
0
16
3
0
16
0
1831
0
0
0
1
32
0
0
3
1
0
1
1
0
35
19
0
2
0
0
0
0
0
0
1161
10
3
5
0
3
0
1
0
0
173
0
26
1
0
0
8
77
4
0
0
0
0
0
0
14
0
2
177
0
0
91
36
0
0
1473
1
24
0
0
0
12
2
0
2
2
1
2
12
0
1
3
0
0
0
3
1274
0
0
1
22
393
293
1
8
23
351
0
29
0
18
4
0
1
202
0
1
1
557
0
332
3
1
31
0
15
1
955
9
1
0
2
0
0
1013
0
547
0
0
182
716
0
618
1
4856
1
50
0
0
0
8
2
12
0
1
0
0
15
36
30
1301
0
205
30
0
31
11
3
0
214
0
1
24270
18
279
10
1
2
10
0
1
10
0
22
0
0
62
6
0
3
0
236
42
0
10
1067
638
31
0
34
415
0
0
1
1
0
4
1
115
7
47
0
0
0
0
23
0
27
20
1
0
4
0
0
13
16
182
619
0
0
1
0
0
0
9
21
6752
0
31
25
23
0
37
1
4
18
2
0
1
0
19
56
0
205
0
1
199
2
17
72
2
10
0
0
4818
161
0
119
2
0
887
0
42
0
0
162
0
0
0
0
0
0
0
0
1
2
0
0
24
1
0
45
0
1
16
0
0
3
12
0
69
0
11
0
355
0
18
23
1115
7839
1
0
192
0
1
2
258
223
0
15
0
0
148
0
811
15
0
32
45
2
0
1
2
5
0
2
0
0
349
360
1142
6
0
6
17
382
1
16
107
1
12
0
1
0
0
0
0
0
0
0
15
375
1
7
66
0
389
613
0
0
1281
0
0
0
0
0
1
27
2
0
11
529
0
9
0
2
16
0
4
3
48
16
0
0
0
52
7
0
42
0
1
4
24
87
0
14
0
7
0
997
0
26
0
4
116
59
90
0
32
0
0
92
0
15
306
0
1
64
0
2420
53
102
0
19
2
3
0
1
21
14
9
143
10
1
1
3
0
97
1
14
0
0
1323
74
0
16
0
4
115
22
35
6
9
1175
1
3
130
16
1307
2
0
2
10
1
1
0
12
49
0
7
231
1
5
11
20
2
0
20
2482
1
0
9
638
28
28
0
1
45
1
0
0
2
2
0
16711
402
1
0
0
0
0
21
1
0
0
7
9
0
97
0
45
0
1746
0
0
2
2646
107
2091
2
0
0
24
0
0
0
19
1
1
5
38
0
143
0
15
103
0
0
129
0
2
1
0
0
0
14
34
0
62
105
4
0
0
102
736
2
2
0
3
4
2
0
2
0
4
1
33
1
210
12
4
4
11
2
0
5
0
8
1
0
550
0
0
4
1
0
106
0
0
18
59
1
26
11
2
4
0
8
2
0
8
6
0
2
1
49
121
0
1
0
0
0
715
11
0
0
0
0
2
221
1
0
23379
3
0
4
4
6595
0
1
244
0
0
987
47
0
0
2
0
0
28
1416
0
0
6
15
2
8
1
0
0
0
0
6
73
55
89
10
469
818
0
1
1
56
14
1
8
0
0
16
659
3
0
1
6
0
0
10
1
0
2
11
15
1
0
0
0
2
0
80
0
4395
4
5
0
52
17
427
0
0
1
14
220
0
18
1
0
0
4
0
16
7
7
9
1
1
0
2
0
3
12
4
7
17
0
0
0
0
0
12
4
1
304
340
480
0
0
4
17
3
8
0
0
0
6069
0
0
0
0
0
17
136
0
0
10
0
0
2981
2
0
40
10
2
0
43
41
0
1226
0
0
3
0
1
15
641
0
0
0
0
1
0
0
0
0
0
1
55
6
1
14
8
10204
1
0
0
0
0
0
3
275
882
0
0
0
0
1
2
0
15
30
52
231
1
0
2
1
45
0
0
26
1
0
0
0
0
87
1
2
1
0
353
7
74
0
1
0
228
189
7
107
30
0
0
6
0
0
1
0
36
18
2
4
53
0
0
48
0
537
0
0
385
0
0
3
47
66
0
153
2931
6
0
1
2
0
83
0
20
0
0
76
0
0
0
0
94
0
3
1
37
3
13
2
0
1528
0
0
1
66
0
52
1
1966
0
0
0
1
105
0
244
120
3
16
9
2
0
0
16
69
149
0
2
2
11
50
0
20
22
1
41
15
5
471
4
16
0
2
0
83
0
0
1
0
2
1
0
0
0
117
1
1
1
1
1
0
0
5
8
4
22
0
0
0
14
0
53
0
0
0
0
8
0
0
0
11
0
0
2
17
44
1
78
0
98
0
2646
626
6
0
0
6
0
0
236
5
74
18
2
0
1
1
109
0
205
0
0
3
7
7
0
0
0
2
0
114
0
0
0
260
0
0
79
21
8
0
1
329
3
0
4
0
0
12
0
0
2
0
1
0
0
2
2
101
0
0
2
0
0
2
1013
0
0
14
0
52
156
239
1795
5
329
0
291
237
5
72
0
2
14
52
651
483
0
14
1
0
32
0
1
6
25
3
1
2
23
0
0
44
0
4
49
38
0
2
1
0
1
0
1
4909
0
14
159
0
0
12
0
1
3
2
0
0
0
1
28
28
94
132
0
836
0
268
9
7
2
0
662
15
0
0
0
624
0
37
0
36
11
459
10
1
0
591
6
0
80
0
59
0
0
0
0
0
10
4
2
0
0
3
0
3
0
0
6
0
0
0
1
0
0
0
1
0
6
30
0
808
0
2
2
0
4
15
0
9
0
0
0
4
17
33
11
0
1621
281
0
2
57
22
2
54
1
3
43
187
185
28
0
116
23
0
7
0
4
41
0
20
2
0
1
0
0
0
189
7
0
4889
0
704
0
555
0
0
72
0
4
0
2
4
563
76
1
1
1
3
0
0
3
249
0
5
57
2
7
794
28
31
6
0
85
0
70
0
0
0
8
1
14
41
11
2548
387
0
0
4
96
0
0
27
1
6
4
44
1
3
0
2
70
0
0
8
1
1
506
0
0
0
0
108
0
84
10
5
0
1
0
16
3
106
1661
2
0
20
8
0
0
1
0
24
8650
10
0
0
0
1
0
0
0
0
0
0
354
44
23
0
0
2
24
0
0
36
17
0
15
1
0
0
0
0
1
1
3
2
1
0
8
620
284
1
0
0
0
0
13
0
0
0
0
2
1030
1
10
0
42
339
8
0
0
0
46
15
13
0
2
7
0
0
0
0
0
204
0
0
2
6
0
21
54
0
5
0
0
1
103
0
3
37
557
0
3
4
0
0
3
3
1
0
1
968
0
0
0
0
0
0
0
83
1
15
0
0
0
15
32
5
0
3
8
17
1
1
3
0
476
10
482
1
179
1441
0
0
1
3402
2
3
0
0
74
147
0
71
0
0
11
14
9
1
2
1
1
0
1
148
292
472
3
0
2
0
2
15
0
65
0
1932
137
0
0
22
0
0
0
462
0
1
10
0
0
0
6
2
0
0
0
22
0
0
0
0
1
153
0
276
0
0
0
500
26
148
2
0
0
0
0
70
0
0
6
1
0
22
0
0
24
283
1
6
0
0
2
24
446
0
0
0
0
21
14
0
1832
0
0
0
0
4
4
21
0
0
0
4
0
0
1
0
0
3200
0
24
0
245
6
2506
0
0
0
3
0
11
0
6
171
112
45
0
19
4
5
3
11
28
3
0
274
0
0
36
594
0
29
0
0
0
0
60
2736
7
5
3
1
8
213
6
1064
0
0
0
1
175
1
1
0
0
0
0
0
0
4
0
1
149
4
195
0
1
7
0
3982
3
66
0
1
6
188
0
3
215
0
0
47
0
29
0
13
1
2
0
0
2
16278
1
2
0
5
549
0
0
0
55
16
0
1
214
76
0
0
0
5541
0
0
0
7
5
11
0
0
4
9
0
0
32
5
2132
23
14
1
0
0
4
2
0
7
6
230
207
0
0
0
0
1
0
0
1
0
1
0
118
0
5
5
98
1
23
1699
7
3
1
1
3
17
3082
0
298
2
2
45
19
8
143
8
1
251
0
0
0
0
0
3
130
124
0
38
0
31
0
1
3
3
7
0
33
0
1
0
2
359
0
0
107
0
0
0
2306
1
58
0
4
0
30
0
0
0
0
0
1
177
109
8
11
0
2
2
21
6
0
1
2
3
0
8
2364
0
0
0
0
11
0
0
0
0
727
16
0
0
15
0
558
11
998
12
3
17794
0
99
0
0
86
1
6
2
0
88
0
1
1
8
0
3
0
1
0
55
0
0
1
4
150
54
1
0
332
30
26
361
3
41
4
19
41
1
4
0
0
0
0
132
0
0
23
0
0
0
0
0
0
3
5
19
17
1
1905
0
18
44
32
0
2
2
14
0
1
497
2
3038
0
0
0
49
0
0
0
0
202
5637
0
9
0
3
0
21
1
0
15
20
0
40
0
38
215
1
0
0
221
36
371
10
0
0
3
5
0
3
0
1616
0
0
0
0
0
0
137
3
1
10
1
0
2
5
4
326
120
20
0
0
0
4
52
22
242
136
3
0
1
35
0
853
0
126
0
1
48
399
1
0
5
0
3
0
2
2034
0
1
12
0
19
191
0
0
0
0
6
298
25
25
1
0
25
1
0
0
2863
0
27
4
27
0
0
0
5
0
31
50
1
132
5
57
6
0
0
2
5
121
0
2
1
479
0
2
0
0
4
0
0
1
5
33
8
0
25
7
0
3243
0
7
21
1
0
0
1
5
0
9
3
76
4
2
0
1
0
21
198
1
0
0
0
0
1
0
334
14
1
0
0
0
0
0
299
20
4
184
4
0
27
16
7
0
1
7
41
0
1
52
1
0
7
26
11
7
4
0
20
0
26
22
0
0
11
4242
0
25
0
229
1
4
0
0
0
0
3
39
3
8
1
0
22
2087
0
0
0
0
24
62
0
4
271
0
32
0
0
2455
13937
2006
0
2
0
1
3
161
0
3
274
19
0
0
0
0
58
14
1
2689
0
0
0
577
32
1
0
1
0
0
81
1782
13
0
2
386
24
0
0
0
0
0
1
1
5
0
2
151
18
0
0
7
0
0
384
0
3
1
1918
1
22
0
2
0
0
4
3
275
3
4
26
1
4
1
378
254
0
0
0
52
5
0
14
1
0
2
1
0
47
3
430
1
3
60
0
0
2
13
28
0
2
2
0
0
0
0
1
16
693
0
11073
0
0
0
3
0
0
1
0
10
3
4
22
31
0
1036
0
16
16
919
17
12
523
0
2
17
0
0
0
318
120
0
7
104
20
4
0
305
0
16
492
27
0
0
0
0
0
62
2
0
59
18
0
0
0
0
18
0
0
10
0
1261
0
333
181
0
0
8
28
1
0
1
82
64
2
4
2
24
1
0
6
1
0
0
0
0
7
0
20
2
0
0
169
7
10
1
0
2664
2
31
1
151
0
0
251
0
0
0
16
39
0
18
167
0
0
88
50
1
0
1
202
0
0
4
0
4
193
2983
1
0
0
9
1
0
0
1
0
1
151
0
1
295
61
0
13
2
8
0
0
1
1
0
0
795
0
0
0
28
0
0
82
2
16
22
0
0
0
0
3168
0
1
1
124
5
4
0
36
1
20
18
0
0
0
0
0
0
15
0
0
9
58
162
0
0
6
0
1
0
0
1
0
0
0
0
10
7
2384
1
2
261
0
0
23
34
53
1
0
0
84
40
4
81
0
0
53
0
130
341
40
59
0
1
0
16
3
2
29
1
0
0
0
1
13
0
9
1
50
1
0
0
156
0
0
10
1
134
3
0
0
1938
2024
41
18
0
0
3
1
42
1
3
0
0
73
0
154
0
16
15
935
0
0
0
3
30
3
324
0
0
0
1
1
7
0
4
0
183
230
253
1
1562
6
0
21
7
0
20
1
1
0
0
25
7
0
0
623
0
3
14
0
50
37
0
3
32
5
0
0
368
0
0
0
7
0
12
1
2
590
3
1
0
1
1
23
252
4
0
30
210
733
3
0
43
9
0
48
1
4827
0
0
2
30
93
0
9
0
3
0
0
42
2
117
0
4
246
0
761
100
0
2
4660
3
364
12
6
28
1
4171
5
0
1
0
7
21
0
0
0
21
18
0
285
4
480
75
0
6
1
1
0
11
1
29
6
851
3
0
0
0
494
1
0
67
3854
0
1
2
0
190
0
0
751
0
44
1
0
0
13
2
1
0
162
31
0
0
32
0
41
0
0
0
0
8
35
0
0
0
6
8
63
98
0
0
0
10
1
0
0
1
1
4
1
0
0
2
0
136
1971
3
87
0
0
115
22
0
0
2
0
0
302
0
49
0
1
1
2
0
0
1
0
0
1302
23
0
16
60
0
0
1
0
0
14
5
5
3605
0
115
132
0
0
0
3
0
0
3
3
1
2369
4
138
10
150
0
0
0
3
0
0
612
48
1527
115
10
1
0
0
0
1606
2
11
968
0
5
0
0
6
0
59
0
0
4
4
0
9297
6
9
55
2
5
3
0
2
0
3
0
6
0
15
7
16
0
60
0
0
0
0
217
5
9
1
0
160
23
5
1
0
0
0
0
2
72
6
0
24
0
0
0
7
199
2
5
9
4
1
55
0
26
188
0
25
0
20
26
5
0
3
15
200
1
5
1
15
1
0
26
7
0
1
0
0
13
77
39
0
9
8
0
0
0
0
0
0
3
13
1
0
10728
0
0
1
2
0
12
27
10
0
8
18
9
0
21
0
88
0
1
0
82
9
45
79
0
1
1
0
393
3
0
74
0
1
0
0
2
0
31
4
2
1
0
0
0
0
1
9
157
1
6
0
104
0
0
0
0
1
4
0
10
7
1232
21
0
0
1
0
0
0
0
0
0
1917
5
2
0
1
155
72
0
0
0
0
0
0
876
25
0
13
121
734
13
10
1
9
0
6
0
8
2
0
1
5
0
2
0
0
284
2
229
48
0
208
0
4071
0
0
0
0
7
16
8
0
1
122
259
131
618
52
2
0
0
0
1
0
56
0
137
12
84
0
1
0
0
0
3
0
0
12
0
0
0
0
17
3
36
886
10
0
0
11
320
6427
6
0
0
0
2
0
2
0
14
0
18
0
9330
19
891
0
0
0
0
0
0
2
2
132
1
0
53
0
0
1
27
297
0
0
1
9
0
3
0
0
1
0
28
82
0
1
1
26
13
1050
1086
0
0
1
0
99
1
0
0
1
0
0
0
0
356
0
0
6
3
0
13
0
142
1
0
2
0
0
1
286
5
1
0
0
0
4
0
6
240
48
0
1
0
157
1
11
57
0
295
31
2969
0
17
62
0
1
0
2
0
0
3
0
2138
128
483
0
27
0
20
2
0
231
0
0
0
0
3
2
3
29
5
0
0
2
11
0
0
0
0
6
0
5
0
0
956
0
13
0
0
4
1
8
2
88
1
2
0
0
0
223
0
0
33
493
19
0
3710
1
427
36
0
0
0
14
64
6
1
16
24
1089
0
2
9
1
9
18
0
0
0
0
4
872
0
0
9
6
53
6
0
0
21
0
1
0
0
178
4
2
296
88
0
374
0
3
97
0
0
2
0
0
0
1
69
0
9
0
896
10
332
0
38
0
1
30
0
0
0
0
0
0
2
1
28
27
0
1
1
0
12
1
3
0
0
3
10
0
45
8
248
0
24
3
1
0
0
11
0
22
5
5
7
2
0
1
0
0
0
0
0
75
5
0
11
84
4
0
0
2
115
0
10
0
3
2
4
3
0
10
1
0
0
96
5
30
1
155
458
0
0
84
0
1500
10
3
31
0
0
4
0
0
7
1
0
0
0
7
0
2
0
1
0
0
0
0
38
4183
0
0
23
0
0
1
0
9
11
0
0
10458
17
6
6525
2
266
0
1
2
7
146
34
82
4
4734
0
0
273
181
0
0
0
65
0
6
27
0
150
0
0
0
149
0
1
1
231
0
8
1324
99
0
255
0
0
0
310
538
0
224
421
1
0
22
1
0
148
0
0
6
12
8
3663
0
0
0
0
2
737
0
0
30
0
2
25
26
5
17
4
11
138
0
10
324
0
170
10023
6511
3
0
1
5852
1
1
3
4
0
0
0
5
1
70
2
0
0
495
0
51
15
0
95
9
238
0
0
1
2
392
0
0
613
0
15
101
22
1
0
6
0
3
319
0
0
36
1
2
0
3
0
3
108
1
8
1
11
364
0
0
1
0
3
0
0
0
0
4
717
7
2
4
4
0
0
768
1
4
0
0
25
144
3
5
0
0
0
0
1
0
33
0
1464
1
0
0
0
0
0
0
1
0
2
19
49
254
22
1661
3
0
0
8
0
3195
2
0
0
102
0
5
23
0
35
0
232
1
13
1
92
0
0
8
0
0
0
15
0
2
0
43
0
3
126
5
0
72
1570
26
1
0
0
0
0
0
0
0
13
0
0
0
0
0
0
0
1
97
0
50
2
1
1
13
11
280
3
16
46
6
0
0
5
5
276
3
48
10
4
0
0
14
0
177
641
0
0
1
0
0
0
10
0
0
0
0
4
0
0
0
0
11
0
82
0
0
0
1
2
0
0
0
0
0
110
290
0
0
0
11
0
0
447
34
0
0
0
2
7
1
0
4
0
57
1
0
0
1613
11
22
1
0
1
0
70
0
1
1
1
6
0
0
0
59
0
10
118
0
0
3
87
18
86
19
0
0
0
78
2
0
1
4
11
1
0
1
112
0
0
132
0
0
0
0
7
0
0
0
2
423
1
0
316
173
1824
0
1
0
5
1
6
7
99
39
3
14
1
0
9
0
5
0
0
116
0
6
176
2
3
0
2
0
0
21
0
27
0
39
0
0
11
0
25
0
0
4
0
1
3
29
0
1972
26
0
0
0
0
2
67
1
0
0
21
0
0
1
0
0
1
168
0
0
0
0
1
1595
2
14
0
6
7
0
0
443
8
0
7
0
31
0
0
21
0
2
299
3
14
17
4
479
4
0
3
8
192
1
21
0
1
5
0
17
2392
0
49
0
0
3
0
0
0
0
170
5
18
348
7
0
0
7
6068
0
761
1
4
9
86
147
0
2
25
1
1
1
1
0
4
3
1370
0
0
0
443
34
10
3
5
383
1
1
0
7
1
1
5
0
0
7
0
9
0
0
4
23
0
19
1
0
27
56
0
0
0
0
0
2
12
0
3
39
6
0
0
0
0
6
2
0
1
102
0
0
0
0
0
0
0
1
3
0
0
0
235
8
3
0
480
0
162
0
2
2
0
3
0
3
1
40
30
89
0
0
329
12
2
1
0
2
18
2
0
4
0
0
0
1
0
0
12
810
0
9
0
136
0
31
57
0
1
112
3710
0
126
1
1
0
1
693
3
7
404
156
0
1
167
0
2
5
0
6
12494
1
369
0
0
687
10
65
0
0
0
0
1
0
88
69
0
29
214
0
3
0
10
0
0
561
0
48
0
156
0
2
0
0
8
0
224
0
0
1
4
0
199
5
898
1
1
0
7
0
3
9
55
425
1
40
4
0
12
172
5622
0
1
3
40
0
963
129
2
5
3
19
0
0
1
0
84
0
0
3
0
0
0
2
1
0
2
0
0
18
7604
476
270
4
0
8
1
0
0
0
2
14
0
3
0
31
0
1
0
53
1
14
53
0
24
2
0
0
8339
20
7
108
1
2
37
1
28
0
3
0
0
2
0
7
1
492
0
0
0
3
0
10
0
206
0
1
11
0
3
165
1
31
5
0
4
1
18
1
0
32
1
0
2
3
1544
257
0
74
1
0
5
0
1
240
0
0
0
2400
2
0
1
1476
0
2
0
0
0
0
6
0
0
2
0
6
30
1
8
1
0
2
0
6
7
0
0
0
0
2169
13
178
0
3
0
0
22
14
26860
182
1
28
80
4155
0
0
0
0
8
19
3218
0
59
3
2
0
14
222
0
15
8
6
4
1
0
1
1
1
0
0
2
0
1
0
2
1
41
0
64
1
3
0
1
296
10
11
0
2
0
0
2
14
0
0
625
196
1
0
0
60
23
0
10
2
26
588
71
12
0
0
0
0
30
0
124
9
75
2
37
12
87
0
60
151
21
0
51
461
2
72
0
27
0
0
0
39
0
0
71
0
4
533
13
16
0
0
6
2
4
5
0
128
0
0
2
0
92
1
0
2
0
0
70
0
214
2
11
0
32
38
0
15
0
0
0
0
3
4
7295
3
167
0
35
22
0
17
818
4
0
0
0
0
0
0
0
0
0
3
54
0
0
41
92
6
1
2
0
0
0
0
2
19
0
12
0
0
5
613
15
0
530
0
6
0
0
0
31
39
0
0
590
0
5
1104
0
6
0
0
0
0
1
0
154
2650
0
148
23
8
20
0
1
1
0
0
1105
0
581
3
0
15
0
14
4
7
618
0
101
0
3
24
0
8
0
2
3
0
5
2
26
1
0
36
0
1
0
254
10
106
2
0
378
213
0
2
10
0
1
0
2
101
139
0
0
0
0
0
4
0
2
1
0
21
417
31
76
93
0
1
0
0
47
0
6
0
46
6
0
0
2
1
5
0
33
0
1
0
2
3
2507
38
0
7
499
4
0
505
0
10
1
0
1
1
11
1
429
1
2
9
10
0
0
6
0
222
39
0
0
0
0
1
271
531
35
2
0
0
4
0
32
10
0
1
0
0
0
35
2999
20
51
0
1
19
1202
6
1
69
26
9
0
1
0
0
2
0
0
33
2
31
131
3
1
0
0
31
475
4
0
0
115
0
1
2
2
3
193
0
72
0
1
0
0
0
0
23
12
33
2
4
0
152
29
1
2827
1
0
26
48
0
0
95
5
0
0
361
2
0
3
1074
1
0
686
530
0
2
1383
0
0
0
8
0
1
7
0
0
6
11
0
0
0
1647
6
0
1
465
0
373
0
251
0
0
0
7
1
0
0
1
28
32
626
3
2
20
1
0
67
1
522
2
0
0
10
6
0
19
3
866
10
10
36
15
256
0
243
0
40
413
232
7
1
0
0
0
0
97
1
2
7
9
15
1
42
906
0
0
0
0
0
0
3
2
0
5
0
0
0
1
0
0
0
0
11
0
55
0
0
101
3
0
1
0
19375
0
46
22
21
0
10
4
27
0
276
30
0
0
2
28
6
0
1
14988
360
10
49
1
0
89
3
1
2
0
0
2
1
1
3
3516
0
0
0
0
209
0
0
209
2
0
3
0
33
2
0
0
0
8
0
0
10
0
0
0
2
0
0
8
4
5
0
0
428
10
61
0
24
19
27
1
0
43
167
2
0
0
1
1
0
23
8
0
0
1
0
5
0
1
0
0
10
0
224
8
10
1
28
0
1714
0
1
0
13
0
16
1
0
1
1
49
0
5408
7
148
0
5
0
1
0
2
53
0
1214
2
0
324
88
320
2
3
8
0
0
27
130
0
11
21
1
1
0
15
752
0
0
31
3
0
2710
256
0
4
0
318
0
0
0
0
20
0
1
0
0
0
35
126
188
1250
0
10
484
1
0
0
0
9
5
0
3
5
39
11
0
0
1245
18
49
1
0
261
5
0
9
50138
0
249
0
0
4
29
219
0
1225
0
221
3
0
16
117
78
4
10
1156
140
0
4
6
0
11
0
0
1
4
3
159
201
0
9
1
1
0
1
0
1301
9
1
121
0
0
1
14
0
411
0
0
0
0
6
60
11
0
0
0
32
97
0
0
367
10
194
0
103
1
1
188
0
0
3
28
0
1
0
30
0
0
26
67
0
0
94
0
535
14
4
0
0
4
48
6
14
24
2
0
80
0
3
2
28
0
0
0
0
0
0
2904
13
3
1
0
0
0
1
4
371
0
1
1
2
10
0
0
19
286
1
0
0
0
0
147
103
0
0
0
0
8
3
0
0
34
1
14
0
0
1
5
0
316
1
2
498
162
0
0
160
6
0
0
1072
0
0
0
1489
0
0
27
0
0
0
0
548
0
111
82
148
16
6
0
0
287
0
0
0
14
0
0
531
0
1541
0
3
0
0
1
0
0
0
0
0
2
5
197
0
36
385
10
25
1
53
0
0
11
0
0
20
13
63
3
0
11
6
4
0
0
8
10
0
0
0
6
0
0
2
1
0
17
0
0
0
0
175
7
97
2
11
0
0
3
1
977
535
0
42
0
10
807
0
3
19
3
1
8
2
0
0
3
0
2
0
0
0
0
0
34
15
175
1281
36
9
62
0
0
1
1
8
0
0
6
0
154
6
0
0
0
0
0
13
17
36
15
84
0
0
0
0
206
0
0
0
0
0
2
0
121
0
0
7
0
0
47
0
55
2
1
31
7
3
6
6
389
0
1
0
0
0
24
440
2
0
11
0
22
21
1
1
3
0
3
0
0
174
32
5
124
3763
0
0
11
0
0
0
41
0
9
0
0
11
0
0
0
0
0
0
817
0
2
55
95
11
2638
14
0
2
264
0
113
15
1
5
11
2
1
0
17
0
7
0
4
1
2
0
228
31
3
2
75
67
10
4346
1
0
0
0
0
0
0
0
0
4245
0
3
0
0
0
0
1
0
2
0
0
0
0
0
0
0
106
0
85
1
7
0
0
0
0
0
0
0
0
0
2
4
72
0
204
1
8
1
1
0
7
13
0
0
100
0
31
0
0
14
122
17
0
0
1
0
0
0
1
0
0
23
0
0
0
3
14
0
0
0
4
0
1
7
698
8
6
2599
0
0
13
21
1
169
755
0
8
7
3
12
0
0
0
0
1525
0
101
1
1
14
1
9
2
0
9
3229
0
0
0
0
0
0
1
1
0
1
9
8
20
0
0
863
0
199
0
16
0
0
0
0
137
0
0
0
0
0
7
2
586
1
0
1
1
0
159
684
12
126
2
0
1
9
2
29
0
1
99
0
1
0
0
1
0
42
0
0
6
0
0
106
1390
0
0
36
137
2
0
6
0
0
0
0
12
1
640
1
317
5
1969
14
0
0
104
0
0
0
0
0
2
88
0
0
10
8
0
23
4
33
12
0
0
0
207
26
888
2
0
0
0
0
24
0
268
1
0
2
6
6
15
2613
33
0
0
1
32
0
2
8
16
35
0
0
1
0
489
0
2
0
6
0
0
3
0
0
23
3
0
0
0
0
0
0
2
21
3
23
8
0
58
6
0
0
0
1616
1
2
0
1
0
0
0
0
0
0
0
1
27
17
33
1
1
9
10
22
3
0
0
0
5
4
0
10
0
217
80
0
119
4
0
0
0
0
15919
2
347
0
2
0
0
3960
0
571
0
0
0
0
0
22
139
0
2808
49
0
0
481
0
6
11
16
0
0
0
10
11
0
0
0
0
112
0
0
3
5
1
84
7
128
1112
2
0
243
127
336
79
0
210
10416
0
16
3
3
11
4
2
0
1
2
3
0
24
0
1
2
5
0
868
0
0
0
0
67
247
4
267
1
4
0
1
0
0
1
0
2
472
0
0
3
5
0
959
5
0
9
74
371
280
1
196
0
0
11
0
1
0
0
0
0
0
0
0
16
11
0
1
0
0
7
73
0
0
0
5
2
8
0
0
0
0
14
0
0
0
0
0
0
0
0
0
4
0
2
55
3
354
2
1442
0
15
48
0
0
0
0
8
0
61
1
0
5
0
55
19
1
7
4
0
0
0
6
0
0
13
0
0
0
1
0
28
3
0
7
4
260
0
0
2
4
0
0
48
1705
164
0
4088
11
32
0
0
197
1
0
1419
0
1
1
1
2242
0
65
176
5
0
1
0
0
13
3
0
0
0
4
0
1
6
29
320
2
47
2668
0
0
0
1
560
1
0
4
3
14
15
1
0
0
71
6
6
796
0
15
29
9
46
0
183
0
19
1
5
0
2
31
1
164
2
1
13
154
19
0
0
7
1
13
8
0
181
1
0
0
0
70
3
0
1023
23
0
18
0
4
1502
1418
2
8
26
0
4
0
3
0
0
1
0
4117
8
0
360
0
6
4
0
0
0
0
1
0
1
4
0
620
1
322
0
0
35
0
0
4
35
9
570
0
40
0
4
1
3
3
1
1
14
1
0
0
8
14
129
0
3
0
0
433
1568
0
367
0
1
1
0
47
0
49
0
505
0
1
990
1619
0
4
0
0
0
48
133
8
0
5
0
3
1
4
55
444
39
0
3271
9
1
1136
0
0
1
0
40
91
0
0
0
1
0
0
0
0
0
0
0
5
1
287
14
0
2
9
2
1
9
1
0
432
10
0
0
1
0
1
0
152
0
0
0
0
1
1
4
11
0
0
0
0
1
5
2
4
19
8
25
1
1
0
0
1715
0
7
832
1
0
3
3
69
58
70
14
3
0
0
1
841
0
795
0
369
1
0
9
0
60
0
0
0
0
123
0
0
0
82
13
6
0
17
1
0
111
0
4
141
0
0
0
0
227
0
1857
3293
0
3
298
220
0
0
5
0
1
0
5029
496
0
0
10
0
3
5
901
14
0
3
1
0
0
0
0
3358
8
46
0
49
40
281
1
3
8
0
0
46
2
23
5117
0
3
0
0
5
0
0
2
72
10
0
9
1
11
0
4
2
8
0
89
3
0
1
9
0
0
55
0
0
40
0
11
0
28
2
3
10
0
0
1174
2
1
0
8
0
9
126
0
5
1
0
0
4
0
0
886
75
2
122
0
0
0
0
1
1
0
271
53
0
0
13
145
3277
3
1
13
33
0
987
174
1
0
7
0
0
0
1
3
0
0
0
0
51
4
0
0
2
4
0
28
0
0
0
1
45
0
0
0
0
27
1
1
0
0
1
0
217
72
469
385
0
0
6
0
1
42
0
2
0
0
0
2
0
0
4
0
20
4
5
20
875
1
6895
0
2
75
0
23
0
0
0
8
1
1
0
4
17
0
0
38
76
0
10
227
16
0
419
528
0
2
0
0
1
0
33
1
0
0
0
0
0
3
8
0
0
75
0
0
32
0
0
4
84
0
0
25
1
0
11
0
0
22
4
3
0
0
0
22
276
44
8
48
1
0
217
0
0
0
70
0
1
0
0
799
89
0
0
0
0
7
462
4709
195
75
0
5
44
0
1
0
3
3
77
0
0
4
0
467
14
0
1
1
1328
12
0
0
2
5
56
0
231
0
1073
0
2
0
0
7
4
114
4
1
14
3
84
0
1
0
12
0
0
15
0
1
1
2
0
67
1
0
1
0
0
0
1219
4
0
0
0
26
1
87
9
1078
7
0
344
0
7
3
1
0
319
4
0
0
0
18
7
60
4
0
2
1
0
105
6
1
0
1
8
6
0
0
1500
316
47
0
43
110
1218
0
207
57
21
0
5
0
109
0
0
10
8
0
0
0
0
5
9
471
0
1
322
0
57
0
0
0
0
0
2
0
2
12
0
0
1
22
0
11
0
0
123
208
0
5
30
0
2
1
63
32
0
0
0
1
0
0
5
4
175
5
29
9
9
0
0
67
1
25
0
924
0
0
0
1
0
0
0
0
6
117
589
263
0
5
11
0
0
1
0
17
1079
1
52
2
0
2
0
0
0
0
64
0
0
0
0
0
23
0
0
0
0
16
0
0
1
10
3
64
70
1
0
0
0
0
5
2510
2
0
0
2
42
0
0
0
221
259
4355
0
0
0
0
2
2
14
0
0
9
14
0
2
0
478
3
14
103
0
2
1
0
2
0
0
8857
0
0
55
2
0
0
0
73
0
0
335
31
377
5
28
1
78
0
0
0
3
981
2287
0
0
0
15
0
3
0
0
2
0
0
0
224
1
32
1
1
0
60
504
13
21
9
0
75
0
0
7
0
4
5
1
5
1
241
0
1
1
72
10
3
0
74
4533
0
452
44
0
0
11
1
0
9
214
33
0
0
12
1
0
0
0
15
3
439
50
81
5
0
10
0
1
1
0
0
2
1
0
0
64
0
0
0
2
0
1
4
3
55
352
0
33
0
11
0
0
25
21
0
0
0
0
5607
0
3848
241
33
227
21
0
6
4
1
59
4
0
208
0
32
1
0
7
0
42
0
54
26
0
5
3
110
33
29
0
2
6
11
315
1
26
8
0
9
398
0
0
4
237
0
0
4
11
1
2
237
1346
27
0
4
7002
0
0
3830
0
13
501
0
0
21
1
0
363
53
81
1
0
1
0
0
3
0
7
0
29
1
1
0
0
38
313
1
102
0
2
5
1
0
620
0
0
102
0
4
0
0
1
0
571
0
0
0
0
263
129
0
1
0
8
0
1066
1
9
100
26
0
0
1
0
0
0
17
0
17
5
0
165
19
0
10
0
4081
73
0
3
1
1
1
0
0
2
0
0
32
7
0
0
0
1286
0
9
2
23
350
55
0
0
0
0
0
1
0
40
0
42
13
0
1
8
2
0
1
0
0
9549
0
0
29
0
0
2
0
0
3
0
1
0
0
55
1
0
0
0
417
0
24
0
0
0
159
942
53
0
74
0
0
11
15
192
2
63
0
0
0
7
0
0
75
0
0
7693
0
1
0
2
0
5
0
0
8
4
367
199
2
2
0
12
0
17
0
61
0
3
1
80
21
28
0
0
5
0
3
0
2
0
252
0
207
14
29
93
0
0
0
46
3
0
1
0
0
467
5
164
77
12
197
1683
19
3
1
0
3
0
1
0
695
1
0
0
0
0
0
20
0
0
1
0
374
13
508
2
0
256
0
0
6
0
0
1
0
0
380
87
0
0
0
157
0
0
0
41
34
0
4
8
6
9
27
0
2
173
6
123
1
1
47
98
80
0
46
114
0
2
227
0
1
2
0
0
328
126
0
0
1
0
0
9
14
3022
8
2
188
0
0
0
595
794
0
173
868
2
0
34
1
0
1
3
3
15
19
36
0
0
0
511
0
1
8302
0
12
38
1
61
3
1
18
1024
2
0
83
2
0
0
27
435
101
1059
5
0
0
2
0
0
2
0
10
0
208
0
0
0
0
0
0
0
2187
0
0
2
78
5
139
0
1
20
246
2341
523
0
0
95
0
10
0
5
96
1
2
12
315
3
3302
0
155
0
2
0
0
221
0
0
0
1
2
5
109
0
11
0
6
3084
1
0
2
8
0
4382
1
0
2
0
0
0
0
0
2
0
0
1
1
2
0
0
0
15460
0
416
2
3
207
3
0
0
1620
1
871
1
0
0
70
0
21
0
0
0
0
18
0
0
0
0
3
153
2
13089
2
3
0
0
0
1
1
1
0
0
349
0
0
0
0
0
0
8
0
1
0
6
0
0
0
17
0
36
1
0
0
13
24
1
4
0
22
1
2
3
20
0
2
10
7937
1
0
267
0
0
0
0
2
2
229
4
2
0
6
1
91
0
3
3
3
0
807
67
2
6
0
0
0
3
0
3
1
7
0
6
2
0
0
0
0
5
0
0
0
0
41
5
33
0
1
0
0
147
0
0
1
1
0
1
2
27
0
0
0
0
0
0
765
0
0
2
4
0
0
8
308
0
29
0
0
0
2
0
0
2
2
5
2
0
0
0
0
435
599
0
52
1
19
26
15
8
2072
0
304
7
0
0
0
4
0
62
1
0
0
0
1025
0
0
1143
175
24
0
13
18
2
2
124
154
182
0
0
0
1
0
0
0
1
0
0
0
10
1
0
6
0
0
2149
0
0
0
0
420
10
1
9
2
0
1
1
0
0
0
0
3
5
1
0
275
0
0
0
4
0
0
26
31
1
7
104
116
0
1
1
196
857
0
0
2
0
0
0
157
4684
24
1
0
2
0
0
0
0
0
0
78
658
54
14
1
0
2
149
0
0
9387
1
0
0
0
1855
127
0
82
0
8
9
0
0
0
0
0
52
0
0
6
0
0
0
2
10
23
119
88
0
2
0
1
3
5
1392
0
4
1
0
31
2
0
6
34
0
2
2
0
2
2
1
5
4999
4
4
1
10
0
1
14
7
0
11
1140
0
34
47
0
0
5
4
1
0
34
140
0
0
6
0
170
3
0
0
500
0
14
0
12
1
0
29
14
52
1
55
3
825
164
3
3
0
0
0
16
67
219
20
31621
250
36
0
3
0
0
1
0
287
2
0
76
0
0
1
3
3
0
50
6
16
19
53
0
1
14
0
1
0
11
11
841
0
2
0
300
16
0
0
0
0
0
0
0
0
0
0
2
0
0
411
0
1
3
0
0
38
127
0
588
59
901
0
17
2
1
12
4511
28
116
2
0
46
3
5
0
12
1
1708
111
2
5
0
2
183
0
0
0
157
344
19
0
0
1
1818
1
0
156
0
0
0
0
0
16
0
12
0
8
3
0
0
3599
70
1
6
0
725
11
0
0
0
46
683
1
0
1
0
0
1498
15
0
0
0
62
3
40
17
0
14
0
869
15
527
4
147
1
0
443
2
0
0
3
62
1
45
0
0
0
3
2
76
27
0
0
0
0
23
0
0
1
0
3
0
0
9
3
30
0
3
0
0
4
1
127
209
55
0
0
0
0
308
0
81
0
93
0
10
12
1
1970
0
14
9
1
0
16
1
18
7
0
0
181
18
99
0
0
200
0
0
0
0
4
1
0
1
992
0
2
1
0
2999
0
0
4
2
10
1
0
1
0
0
0
9
0
1
2
0
0
0
10
3
2
1
4183
0
0
8
3
516
0
12
16
2662
0
21
55
0
1
118
465
0
0
81
0
1
35
1
0
4
6
0
0
39
1
1
1
4
4
0
141
0
0
1
0
163
105
11
0
489
1
400
0
1183
1
1656
14
0
12
4
3
2
0
1
5
30
0
211
0
0
11
1
7
8
5
0
15
0
1
0
0
0
0
0
0
15
0
1
0
0
125
0
0
408
0
204
114
19
4
0
0
2
54
14
8
0
0
0
0
159
0
0
3
0
18
0
9
5
921
2
0
49
55
0
2
0
16
0
0
3
5
0
0
0
33
11
2
0
2
0
1
0
1
2115
0
0
0
2
0
10151
3
898
0
20
6
2
7
18
1860
1541
2
32
34
0
1
1
2
5
3
0
2082
0
0
0
0
0
2
36
5
0
0
1
1
0
0
0
3
0
5
0
0
23
0
0
0
6
2
0
33
5
9
0
0
0
0
0
0
0
29
0
0
431
1
1
536
0
0
4
480
606
207
0
4
140
2
0
0
0
3
0
4
20
56
0
0
0
0
85
0
0
0
3
0
2
73
1
193
218
523
0
32
91
992
1
2229
0
23
11
0
527
537
3
11
0
6
0
0
0
0
3750
155
2
0
34
0
15
728
0
0
0
0
0
2
0
14
0
0
67
0
1
2
0
0
0
0
8
0
1
0
0
0
0
0
0
0
1
0
0
14
0
0
0
829
3
0
0
15
13
256
3
1975
0
4
42
0
23
0
1
0
0
107
0
0
3081
19
2005
0
9
1
11
4
5
0
8
0
0
364
2
0
0
0
138
53
41
1
0
0
4
0
10
86
0
0
0
156
14
0
0
3
0
3
1
0
0
0
13
246
18
2
6
0
5
825
5
5
1
0
0
0
0
0
0
0
0
0
8
0
0
0
4
1
0
18
0
0
1
0
21
6
2
0
0
0
2
13
0
33
482
8
0
306
0
1
0
0
8
6
0
2
5
18
0
0
1
1
0
1
17
3
6
1
2
2
30
1
0
5
0
19
0
0
1
1
0
0
0
0
0
0
1
0
11
335
5
0
94
0
10
421
0
0
0
9
6
377
12
0
0
5
0
0
41
0
0
0
0
0
0
9
20
446
0
277
7
0
0
0
0
0
39
182
658
1
0
548
7
254
1
110
1
10
84
0
0
45
106
9
0
0
39
110
0
7
1
0
0
87
0
0
21
8
0
0
367
105
0
4
5
0
229
0
6
0
0
1
10
0
0
0
2
347
0
27
12
169
0
0
0
0
0
0
30
3
0
0
466
149
0
0
0
1
0
0
0
3
13
137
4
0
334
0
0
4
6
52
0
0
0
0
5
108
745
5
0
103
981
177
2
0
0
0
0
57
0
0
1
2
13
13
4332
0
0
1
9
2
112
8
0
0
12
554
1
48
0
0
3
1
3
0
6
1
6
2
311
0
3
12
2
1
0
168
1
0
2
47
15
4
130
0
0
0
273
96
0
4
0
15
0
0
64
0
16
295
16
3
14
26
20
157
40
0
1
31
73
0
0
0
2137
1
0
9
0
9
0
1
0
19
0
0
2
1
25
0
20
0
0
0
396
0
2
2
0
3553
0
0
2
29
0
0
1
0
215
84
3
1
0
1
0
1
7
7
0
21
1
0
0
1
5
1
30
0
1
2
1
1
228
2
8910
555
11
2
0
1
0
97
0
0
0
1
0
0
0
0
14
0
90
2
1
5
111
0
7
0
7
1870
15
0
0
0
0
112
0
72
1
0
61
1184
0
0
0
4
0
4
670
17
1
10
7
0
2
5
4
0
2
2
2
2
3
225
5
12
49
1
1
0
1
2
0
4
0
2
0
0
0
1074
30
0
0
0
103
7
2
3
0
0
0
0
7
0
0
1
52
0
29
80
71
1
1
0
1030
35
0
0
0
8
11
2944
0
0
0
6
2
4
38
19
0
24
4
706
0
391
31
1
30
32
5
0
1992
0
0
35
9
877
2
103
3
0
0
70
10
23
2
44
2
39
0
0
1
0
0
1
1227
0
22
297
1
0
0
11329
0
1
12
0
3
0
0
0
2
12
1
3
786
0
38
4
4
2
11
0
1
0
0
1546
1
0
0
821
3
8
0
3171
0
0
77
0
237
3
1
0
132
0
0
30
4
0
812
0
381
25
4
1
9
0
2
9
34
0
20
3
220
374
0
108
0
0
40
0
2444
0
0
5
0
13
16
0
0
13
91
4
0
2
0
12
1
1
0
0
17
0
0
1
46
2
21
0
0
552
735
0
1
12
0
0
0
0
677
144
2
0
0
0
756
0
136
97
6
0
133
0
0
0
118
32
14
0
0
0
31
0
31
0
301
116
0
11
2
3
7
1
83
102
2
0
0
44
4
0
3
0
13
2
2
2
3
0
6
13
977
1
0
0
54
0
2
0
0
22
0
43
0
1128
0
0
0
2
0
2
0
5
0
0
17
0
1
0
0
0
39
5
0
262
1
0
3
0
4
19
0
1
0
0
1
192
0
0
21
0
24
0
45
0
568
18
6
19
0
3431
0
13
0
0
14
0
0
2
3
0
1
219
0
5
2
0
6744
467
0
0
0
4
45
2
90
0
12
1875
68
0
2
1
1
1
0
0
0
3
66
3
0
0
509
0
0
44
0
0
7
0
6
1
3
0
2324
0
227
3090
1
0
0
5
7
27
0
69
1
11
201
0
0
3
0
0
69
12
0
0
0
0
489
777
0
0
0
15
11
0
0
0
0
152
2
2
0
0
87
39
14
0
70
34
13
1
414
0
0
0
0
2
2
11
163
1
0
0
1
0
3
0
0
244
0
1
2
14
1
8
13
19
0
1
0
17
0
0
291
5618
3
710
0
0
0
45
0
0
0
0
0
1
55
0
2
114
0
21
306
3
0
0
3
0
0
60
0
0
29
20
0
0
9
0
0
10
0
3
0
322
1
4
6
0
1
1
1
4
128
46
0
8
0
0
0
0
31
0
0
1
1
2
4
0
5
2
0
16
1
1
0
0
0
0
0
278
73
2
179
0
2
0
0
1
0
2414
2
81
16
2
0
2
0
23
65
1
168
0
0
7
6
10
11
2
4
596
0
44
0
0
4
10
0
0
0
3
1
3
0
0
0
45
0
1
0
170
28
0
0
43
0
1
1
3
0
3
0
26
1
0
0
1
305
33
0
0
183
0
4
9972
557
264
180
7
0
0
0
1
0
0
0
3
0
5
7
27
1
1
0
0
1
1
16
0
55
674
1
1
0
6
2676
0
0
0
477
3
11
78
0
13
0
7
32
6
1
1845
15
16
23
447
0
0
0
0
0
89
2
0
1
41
0
0
0
0
2
112
1
0
0
18
0
0
0
22
1232
0
0
4
0
1
0
7
0
327
0
1
380
0
23
0
1
1
0
119
9
0
2
3
18
15
39
0
0
0
2
6
649
1
6
3
1
107
4
17
12
199
39
11
1
0
0
0
0
0
4
205
1
48
10
1
729
93
0
12
10
0
0
715
1
127
0
0
11
1
84
2
33
0
0
2145
0
4
0
0
4
1
0
1
0
1
4
45
0
0
0
0
1
1386
5047
65
0
3
0
0
1
1
160
0
422
15
0
0
0
33
0
654
3
0
0
4
2
0
9
0
0
669
240
22
23
0
0
37
0
355
0
0
84
3
4
1470
74
17
0
13
0
4
55
0
0
104
19
1
0
0
0
0
17
1
13
0
1
0
5
576
2
0
3
0
1
0
0
28
13882
46
5
0
26
0
0
2
0
106
0
0
0
1
3
3
0
1586
0
0
0
0
23
0
39
0
0
0
0
0
0
65
0
0
0
2
0
0
0
1
19
1
8
4
0
0
0
0
0
766
3
2
0
0
108
2
0
74
2
0
131
0
526
1
77
13
0
0
2
6
1
125
0
0
0
1
2
0
0
5
1
0
0
10
2
4
2
0
0
444
0
0
10
20
0
0
1
0
47
4
0
630
1
12
5
0
445
0
11
36
20
0
138
0
863
128
0
0
2
2
26
9
116
1
0
0
12
188
1720
2
0
313
0
27
2
15
39
0
7
14
5
1
69
0
781
802
0
4
3295
1
0
0
4
0
0
42
1
6
0
3
6
0
5
0
0
0
2
0
27
1
51
2799
550
79
0
0
10
79
47
27
1
3
148
0
0
11
0
0
1
0
0
13
1
8
0
0
1
0
358
183
19
6
0
0
2
0
0
37
566
0
0
4
151
0
0
0
0
7
0
13
0
0
0
0
0
0
35
0
131
1
0
0
0
0
1282
43
50
17
1
0
0
21
2
40
0
0
2
96
0
0
1
12
2
0
0
1
0
3
1
0
0
0
14
0
0
34
0
5
0
2009
346
0
0
0
1
52
21
32
322
0
0
5
0
1
112
38
75
0
0
741
0
18
0
0
67
0
56
10
0
0
3
0
107
0
2
444
0
0
4
0
10
840
0
2
105
0
5
0
314
7474
2
2
1620
1
0
0
0
0
1
1743
5
1278
0
0
0
70
1
39
0
0
18
2
0
30
0
2
0
3173
604
3
0
1696
3
9
2
1
29
8
0
126
2
0
0
349
2
0
4
2686
160
55
6
0
0
0
0
7
789
0
7
1
3
316
0
23
5746
4
0
1
72
0
8
0
106
0
0
1
0
0
3
714
33
0
65
0
2191
0
3
224
19
0
0
6548
1
0
0
925
0
5
0
0
4
0
1
12
1
0
0
11
0
0
4
6
11
1
47
0
0
694
1
1
1
0
704
2
0
1204
2144
2
21
45
0
0
2
1
3
35
0
74
0
0
0
0
7
3
0
1
0
2
4
0
434
2
0
10
0
1
0
0
2
41
1
1552
539
12
0
0
3
10
2
0
0
224
1
0
1
0
4
0
5
2
0
0
0
948
0
4
0
0
0
8
0
8817
8477
342
0
0
8
0
32
347
4
298
195
3364
0
2
4
0
0
94
0
40
0
155
242
14
9
3
0
4
24
0
7
2
6
0
0
65
5
67
0
0
10
50
4
4
17
8
0
72
0
23
0
1
0
2
869
0
95
104
0
3
38
0
1
0
0
0
0
0
10
0
0
0
129
0
5
101
7
3
0
1
0
0
0
0
684
0
0
3
0
0
83
0
0
9
105
0
1
223
0
2657
9
0
1488
56
0
0
0
0
0
0
0
0
691
6
0
159
0
0
0
0
31
0
0
7
0
1
0
1
6
7
0
0
0
1405
3
0
7
4
10
0
11
0
99
0
20
0
1936
0
0
0
0
0
0
122
5
0
349
383
225
380
0
1
7
2
1950
0
0
15
247
0
0
0
0
7
10
0
0
0
2
0
0
0
7
13
2
19
0
0
0
0
245
434
0
0
0
0
15
1
3
4
1
0
1
0
0
245
245
0
3
2
202
0
0
37
105
0
2
42
2
3271
4
46
1
0
1
0
0
30
5
0
0
80
1
0
3
457
0
0
2
1
23
0
339
9
0
0
0
1
42
1
0
0
0
209
0
0
0
6
1
144
0
0
0
1
3
40
1
68
0
0
1
0
1
0
414
0
3
0
0
1
35
0
1650
0
5
5
0
6
0
78
0
60
6
0
17
18
48
0
0
325
0
3
0
0
192
38
2
0
0
0
0
0
0
0
0
0
0
0
0
6532
4
26
0
0
16
0
1
2
1
2
435
1
0
17
0
13
1
0
0
4
20
2016
0
0
2
0
7
0
0
14
8
0
1
18
4
1
0
4
0
0
9
2
34
4
4
0
160
1
0
1
13
0
0
5
0
4
71
1
0
0
0
16
1
0
3
4
39
0
65
57
51
114
0
1
0
9
0
1
1
0
14
5
3
16
0
1797
24
0
0
0
42
56
0
0
49
2
0
58
1
76
1
3
0
16
0
0
5
3
7
67
0
4
0
66
12
11
474
0
109
0
1
0
0
0
2
173
0
0
9
5
0
0
26
58
0
2383
4
15
5
0
0
5
1
0
54
227
0
7
291
1
6
0
0
1
330
0
2050
0
100
0
0
1
7
0
26
40
93
0
0
0
0
46
146
0
1292
0
791
0
0
0
60
0
739
0
23
0
13
0
0
1926
0
16
11
45
0
0
3
1
6
460
6
30
0
1
0
30
13
2
186
0
0
0
0
2
2102
22
0
0
61
45
0
2
27
0
28
1
1
1
130
0
1
0
10
0
4
66
0
0
0
52
62
0
2
0
0
2699
0
0
0
0
2
32
1490
0
0
0
0
14
1
0
13
0
0
0
13
10
8
5
1
2
149
0
2
0
0
296
0
178
0
0
1280
0
257
0
2
1
1
0
10
0
76
3
7
559
0
331
4
247
0
0
13
2935
0
0
1
1
39
0
0
11
3
0
0
4
5051
0
0
1
0
0
4
0
0
0
0
2
0
5130
0
3
0
4
71
83
14
1
0
1249
166
2851
0
0
0
0
128
27
2
3
0
0
42
10
1
0
6
1
0
0
7
0
28983
0
69
19
51
61
0
0
2
2
0
0
0
32
25
11
1
3
0
0
1
645
0
0
4
0
2
0
0
7
0
307
0
12
0
122
1
1
1
53
2
19
98
0
5
1
0
0
57
2
8
0
85
17
8
6
2
0
2
0
7
9
0
0
18
4
47
0
0
0
0
2
12
0
91
0
0
0
8
1
2
0
0
0
18
0
0
0
15
239
37
0
0
3
48
0
0
75
62
22
2
146
2
5
46
0
938
0
2
1
0
0
1
0
14
0
2
22
0
0
3
591
0
0
0
0
0
0
12
1
0
1
48
0
0
6
9
57
5
0
1
0
0
0
4
3
2
0
1
7
2523
0
0
18
1
0
29
0
0
38
0
42
0
0
385
0
97
0
0
0
3
0
42
1
172
1
7
0
801
20
51
7
1
0
2
756
3
35
0
4
4
0
16
4
0
147
11
0
2
4
2005
7
42
2
0
1
6
0
4
698
0
0
1
4785
30
0
10
0
0
0
0
221
1
214
3
3
0
0
0
0
0
0
0
1
0
1
9
116
0
0
2
0
9
224
1
5
0
0
445
0
2
0
34
1
3
0
0
0
453
0
1
2019
4
31
2
0
5
0
0
1
7
0
0
530
25
21
23
0
187
4
3
7
0
0
0
0
4
0
0
1
206
0
1
58
0
10
3
138
33
1419
0
0
0
0
7
2
112
0
0
41
0
20
0
763
0
12
0
0
55
408
0
0
1
2
1
70
838
0
30
1
549
0
7
0
45
1
0
9761
0
59
5
0
0
0
21
410
0
59
0
1168
0
1
30
3
0
0
8
0
4
8
0
0
0
18
0
21
0
0
274
4
71
5
6
42
0
4
0
1
0
0
13
53
1
0
0
0
0
0
0
2
0
1
0
10
11
207
0
57
0
0
74
3
2
1
0
447
0
35
29
2
0
13
536
0
2
3
5
1
743
14
304
26
54
2
2
1
2
3
0
5
1
0
0
0
5
1
0
1
0
1
10
0
2
8
2404
0
0
3
1152
2
0
14
0
0
0
15
175
0
6
10
0
33
1
21
0
62
24
0
1
36
0
4
0
0
1
0
42
0
52
0
3232
2
160
0
27
22
0
50
13
2
2
92
13
69
54
0
4
0
1
0
0
1
132
0
249
233
1
0
1
0
17
0
243
0
12
1
2
196
0
20
122
6
87
0
0
1
0
0
0
232
0
8
0
5
238
0
2
0
1046
1
29
6
2
20
0
86
1
1
0
1
11
2
1
7
0
1288
29
785
1
0
1
83
0
474
0
1
0
0
2
386
0
0
141
0
0
153
2
0
0
0
447
0
0
1
7
2
87
518
0
105
70
1
0
415
0
0
0
0
33
0
216
9
1
2
0
1
5
291
77
0
0
12
1
4
8
0
8
255
353
0
146
5
169
0
7
53
0
0
0
3
1
0
1
1
23
149
0
1
7
39
2
0
0
105
0
0
1
10
0
0
1175
0
0
0
255
0
1
3
2
4665
0
0
1
1
0
9
152
472
1
0
327
8
1
0
6
0
96
0
0
0
0
1
1
0
5
3
3
0
1
0
0
0
43
377
575
77
0
2277
0
1
10
49
2
1
1
7
1
0
2
3
15
0
30
14
1
21590
0
1
0
2
0
45
0
18
0
1
89
0
89
28
0
0
825
0
3346
0
21
0
63
3
113
5054
1
0
67
2
29
736
165
3
282
0
1
0
0
3
0
0
0
0
0
3
2
40
0
0
13
9
0
1
135
0
366
20
0
0
1
42
7
1
0
13
0
0
4
2
0
50
0
9
697
2
20
0
0
144
0
51
0
2
0
7
0
0
3
335
1
0
0
17
114
16
4
41
1
0
39
0
0
3
0
1
0
0
0
395
0
0
1
9900
0
0
174
0
0
0
37
0
0
2
175
26
0
20
0
0
3
24
0
44
0
30
1
0
0
638
0
0
0
6
34
1
0
152
78
38
2743
1
28
0
0
0
1
0
1
190
2
3
37
0
6
0
134
0
2
4
0
27
0
155
66
1
1
1120
1238
1
0
0
0
0
0
541
94
2
37
0
3
0
0
2
47
1
1
19
3681
0
1
0
0
0
13
4
0
1
0
2
1
51
0
1321
0
581
40
4
0
17
47
2
0
6
0
2357
1
0
138
0
2
0
0
1
0
0
2
27
73
17
8
1
3
2
1
0
0
0
0
0
106
15
0
0
0
2
0
2
13
8
0
4
0
0
0
0
97
15
0
3
1
0
0
0
0
0
0
36
7
0
4
3783
0
0
11
5
0
0
0
0
8
9
0
0
37
90
0
6
1
1
0
0
5
123
0
13
0
7
20
0
0
0
0
132
0
0
645
10
1
127
0
7
0
20
0
0
2
6593
1
0
2
673
3
0
0
0
0
0
70
4485
13
1532
205
0
5
14
4
0
0
0
0
0
32
565
0
0
201
0
604
77
3
0
0
9
1
4
1
283
0
0
0
1
111
0
0
1
0
297
2
2
40
1
29
1
0
1
121
1099
16
1434
0
12
0
0
25
44
1
0
571
0
0
0
0
0
5
0
0
0
13
0
0
0
5
0
0
0
1
0
0
0
8
51
2
6
0
244
3
0
13
0
0
0
5
0
205
0
290
0
275
0
0
1
0
0
0
0
3
162
0
2
147
0
3
5
0
8
0
0
123
59
0
0
248
112
21
2
23
0
0
361
4
0
10
41
0
1981
2114
0
0
500
0
3
388
0
7
68
0
1
60
1
57
1
3
2
0
0
0
0
0
1
0
9
47
0
165
0
81
0
0
2
38
1
0
0
1
1311
2
2
0
37
0
0
0
14
6
5
15
0
1
0
1
2
0
850
0
1
0
43
12
8
51
4
3
0
0
2
90
0
30
0
0
8
0
0
0
0
0
129
2
9
2
32
21
0
0
4
26
0
2
0
3
280
1671
0
1
1
0
0
0
0
7
1
5
40
0
295
2
0
3
0
281
1
2
44
1
1
0
6
35
1
2
0
0
51
0
183
7
0
970
38
1978
0
0
0
0
0
0
10
0
0
0
0
0
1
0
13
2
17
5
64
0
0
0
0
265
1
0
314
0
1301
39
2
2
7
0
0
0
50
0
61
0
353
1
2
0
1
0
3
0
4
4
7960
0
0
30
0
62
19
1
1
7
186
0
0
7
62
2
2
0
0
8
0
0
8
2
1
0
6
27
39
145
52
4
154
0
50
1
33
3
1
829
68
0
0
0
0
0
0
4
14
57
5
0
3
0
3
17
0
0
0
19
126
86
210
0
8
0
0
22
0
11
185
0
0
0
0
0
420
3
1
0
1
0
0
0
2
2434
211
0
45
0
1
6
9
23
6
1304
0
0
0
27
9
194
0
13
1
0
1
2
0
0
3
1
72
423
13
953
88
0
13
3
7
6
287
1
0
75
0
3
619
985
7
0
18
1
11678
0
84
75
570
0
1
1
0
334
0
3
2
0
2
0
1
19
0
1
0
13
1
7
2
1
9
13
1
232
0
0
64
1
1
4
23
0
0
0
1
0
0
14
95
0
0
0
0
37
0
6
0
45
1
0
2
1
135
3
347
0
29
2
8
419
1306
29
543
1
0
0
0
1
128
300
28
0
9
11
0
0
18
9
533
5
82
1
0
0
8
5
0
6
2
1
6
1
10
8
0
18
1
1
17
24
0
11
15
23
3
0
74
1
4
14
2
1
0
1
0
11
47
2
11
7
242
341
13820
0
2
6
3
10
0
0
0
105
0
0
0
3
2
9
21
49
4
0
22
47
5
0
22
98
11
56
0
2424
85
1
3
1
5
2
3
0
12
0
0
2
0
0
0
33
0
0
0
1
241
13
9
52
41
9
4638
0
0
135
1
2
0
199
279
0
9
0
36295
56
0
1
0
9
0
3
0
2
4
1
12
0
0
0
3
2
5
0
0
0
0
0
0
2218
0
3
0
62
0
33
45
0
0
1
1
345
0
1
0
124
73
0
1
11
0
9
543
0
1
8
0
0
3
0
0
3
35
2
0
1
0
0
3998
5
0
51
10
0
35
19
2
1
29
0
0
5
31
1
0
1
0
1
0
22
1
4
2
0
14
0
42
0
1
62
209
0
2
8
0
44
0
0
2
134
0
0
0
7
4
0
3
1
66
18
0
0
35
33
8
26
0
44
490
0
3
0
116
4
0
0
6
0
60
574
3
7
0
31
2
0
0
0
60
0
0
0
48
0
1
0
2
0
18
2
0
1
0
2
208
0
0
25
0
0
0
0
0
32
68
0
0
8
0
5306
2
5
27
18
88
12
0
2
0
214
0
0
70
0
0
1
292
0
2
0
0
65
0
7
104
0
593
35
1
253
0
7
1
1
0
2
97
185
457
144
0
0
0
0
0
258
0
0
4
1
0
1984
0
3
17
328
0
1
0
110
0
4
0
0
32
0
1
2
21
72
31
514
31
18
7
22
0
10
82
1
3
0
5
3
1
52
0
30
5
3118
0
0
0
1
1
2
0
0
445
0
0
797
0
685
14
0
0
0
5
24
2
5
2
0
0
6
0
21
13
1
4
0
0
0
14
15
0
1
0
7
11
48
0
0
765
7
0
3
0
115
61
147
0
0
1
3
0
2
0
7
0
13
0
153
561
153
0
1
0
0
1
2672
31
5
0
386
2
250
9
25
0
0
38
4
0
1
6
0
0
0
1
11
107
6
1
1945
674
38
622
21
4
677
0
0
1094
27
0
1
0
0
1976
0
16
66
4
0
30
254
1
2
37
0
0
4
1
1
5
2
0
9
2
0
90
2
0
11
1
1
3
0
2
0
0
0
24
0
6
1
7
1
8
4
1
0
1
0
0
61
164
1
416
0
727
0
0
2
0
4
0
0
0
0
240
24
0
108
0
0
2
1
12
0
92
4
6
0
0
1
0
0
341
0
0
277
0
12
0
1
1
32
5
50
42
9
0
1
3
0
0
0
1
0
0
4
0
0
0
0
1
0
0
0
0
1
4
0
197
0
1
120
12
34
3
21
0
0
630
0
485
0
3
0
0
0
1568
364
0
2
4
13
1
224
0
0
0
0
5
120
3
7
0
1
1358
9
10
0
0
0
0
2
14
2
0
1
2
32
1
31
0
0
0
1
2
3
0
0
1
64
2709
0
1
87
0
13
0
0
1397
2
0
4
4
5
57
205
4
2
13
0
0
8
1
153
1
101
0
19
24
0
0
100
357
43
1385
0
0
0
0
48
0
1
14
1
0
22
0
2
53
2
0
6
0
0
1215
0
5
30
1
10
1
2
0
1
0
0
0
0
105
12593
1
5
0
162
807
10
2
26
1
25
15
1
1
1
1
0
40
0
0
3
0
1
92
21
6
227
1
116
0
0
2
0
0
0
3
1
0
29
0
99
11
3
54
76
17
0
0
0
114
0
0
11
73
0
0
0
101
0
4
158
1
447
0
0
36
0
2
1341
37
0
0
0
6028
5
3
0
0
78
0
1
1
0
134
0
212
0
0
0
60
0
94
156
0
1
0
0
3
408
3
0
0
6322
1
22
2
0
1
0
0
157
0
59
0
1
0
390
0
0
0
551
0
0
790
326
55
0
1294
34421
3
165
0
0
0
17
68
0
1187
0
152
30
0
0
1
0
548
3
0
52
0
3
272
0
0
0
1
0
10
0
0
9
0
0
2
0
4
563
1
1
54
0
90
36
0
20
3
0
1
1
0
4
0
0
0
0
101
32
2
31
0
1
0
1
0
0
0
38
0
0
1
11
0
1
0
0
0
51
4
0
1
5
0
0
0
0
40
0
0
4
56
6
0
0
0
3
1
0
0
757
1
0
0
146
0
241
0
2
0
476
0
0
5
37
54
55
3
12
20
0
34
65
68
3
17
1
0
1
1
8
0
0
92
0
20
0
0
20
0
0
0
0
1
0
1
1
1
0
0
371
51
0
0
0
0
20
0
1
24
0
2
0
1
0
3
25
0
4
1
1
0
0
1
0
0
1491
39
0
0
0
0
0
1
1
2
5
32
6
67
0
0
0
0
0
0
3
0
2
8
0
285
2
69
0
1
0
4
0
698
0
236
7
1
21
52
0
4
0
0
2
2087
28
1
17
1
191
0
0
0
664
0
6
17
0
2
4
1
3
7
310
0
0
0
1
1
0
0
36
25
1
1
25
45
0
0
335
25
63
1
0
2
6
1
7
8
1
0
3
32
25
0
0
3
4
3
119
826
1796
0
0
0
3
6
1
0
6
1
15
1
0
7
6
0
7
146
2
1
1
0
0
1
1
0
26
0
0
0
1
28
17
4
0
0
0
0
0
0
17
1
0
5
1471
18
6
0
112
10
0
4
35
6
0
0
14
0
1
0
199
58
0
454
0
0
0
6
0
0
0
4051
0
0
0
0
18
0
1
2
0
2
0
45
0
0
27
4
3
1
3591
0
0
1
60
56
1
3
0
0
547
0
2
1
0
0
17
0
16
964
0
39
0
158
7
51
0
0
0
80
0
2365
0
900
0
128
2
0
13
162
1
7
2
8
2
1
6
40
0
0
0
0
0
0
0
2
0
17
0
3
3
1
33
0
0
1
0
0
2
343
660
11576
0
0
179
0
0
26
0
1
2
1
0
2
123
0
0
50
17
2
1
44
12
277
48
0
1
0
1
24
0
0
1
50
0
3
0
2
12
6
1
4
0
0
41
0
246
0
3
0
0
46
1
0
1
0
2
8
0
12
0
0
3
23
2
97
2
0
103
0
0
0
0
0
96
0
0
119
4
0
21
46
0
806
3
0
121
0
2
1
2
0
60
19
2
3
0
0
0
0
744
1
4
5
6
0
1446
1
2
1
50
244
0
0
1
1
0
223
7
6
0
0
1
0
0
0
0
16
6
8
0
0
1848
0
0
1
0
116
0
0
4
0
0
1
0
378
12
42
107
0
0
2
0
0
1
7
0
168
2
12
1
0
0
7
0
0
1040
0
0
1
53
117
16
8
1
1
1
0
1
0
5
29
11
18
662
0
0
40
0
0
1
0
5
1
2
0
6
0
2
4
0
0
0
4
3
0
19
0
0
4
1
0
6
2
1
0
0
6556
0
3
1
1
4
5
577
1870
0
28
0
42
0
1
0
0
2
0
0
0
2
0
5558
0
2
0
0
0
32
0
0
0
0
2
0
1
1
53
0
6
0
12
88
0
199
0
0
0
3
7
5
0
0
25
293
16
0
5
483
134
84
0
0
0
0
330
0
3
0
113
197
45
0
0
29
0
0
8
7
0
14
13
0
2
63
5
0
0
1
0
32
44
0
0
6
2681
7
4719
0
245
0
0
342
0
0
84
0
783
0
0
0
0
0
0
2486
2
5
0
0
1401
0
68
0
55
0
20
188
0
0
3
0
6
71
67
0
0
0
2
0
0
0
1
70
3
0
0
1
0
2
0
0
0
57
0
7
1
25
7
16
540
3
2
0
1494
0
0
0
1
38
0
0
1
0
1
10
3
7
3
0
6
1
1
0
5
3
0
436
0
14
0
5
0
0
9
11
42
1534
1
658
0
0
175
0
60
131
0
85
16
4
32
28
39
7
0
0
17
3
0
0
0
2
5
2
0
0
3
0
1
0
0
0
2
1
1
2
33
1
1
0
0
177
3
4
1
0
4
0
1
473
11
2
0
13
8
0
7185
0
23
0
0
0
26
0
85
0
97
5
0
0
0
2
0
0
125
5
3
0
0
67
0
0
1
0
0
3
0
0
0
295
18
0
0
0
0
0
1
0
0
0
31
161
21
0
0
1704
0
0
4
22
2
0
0
2
0
0
0
0
2
0
2648
0
1126
0
4
0
0
0
6
0
49
254
149
0
1
2
0
0
0
0
0
2
25
1
109
2
1
206
1
0
79
60
0
3
9
36
3
0
304
0
0
0
605
7
0
0
0
0
1
8
0
0
6
0
2
0
9
0
55
189
2
2
0
1
0
0
41
0
4
0
102
1
0
101
0
8
6
0
2
4
0
0
0
0
0
21
0
0
17
2
0
2
0
6
7
1
0
0
0
1067
1
4
1057
0
1
14
3
530
126
1
0
0
2
561
6
4
8
3
1
1
0
257
0
97
5
104
59
97
0
0
4
86
3
48
0
0
0
135
0
3
7
25
0
13
1
0
0
2
0
0
0
12
10
0
0
0
0
141
0
0
1024
1138
0
0
0
0
0
0
0
796
50
6261
0
0
1
0
0
108
57
81
8
0
1
13
53
715
0
0
0
71
0
25
0
443
0
2
0
0
0
0
0
178
0
1
3
1533
14
0
0
0
67
240
4
0
22
0
257
3
0
2
4
0
3913
8
623
797
263
0
1
0
0
2
0
0
11
19523
0
0
555
0
13
3
1
1
109
1
278
15
10
3
1
4
5
22
0
5
3
0
45
1
17
0
6
9
1
33
0
162
0
15
0
1
0
63
30
0
2
0
6
9
0
0
0
0
0
1
676
0
1
0
0
0
0
1
2
11
1
73
2
0
0
0
38
0
0
2
4
10
13
13
1
1
0
9663
0
0
0
0
6
11
1722
83
239
29
63
4
839
0
31
8
64
0
22
0
20
0
0
3
0
0
11
4
0
11
0
33
13
0
21
6304
0
1
270
0
0
0
85
0
0
17
437
0
0
1
27
90
0
19
278
36
1
0
0
9
0
357
189
0
6
3
9
0
0
0
8
10
1206
6
52
438
2
315
7212
1
1
0
1044
11
46
9
0
1
0
0
0
9
7
1
9
79
113
0
6
0
0
2
0
1
1
1
0
0
0
0
3
0
0
1646
0
3133
3
0
7
2208
36
15
0
0
477
5
31
0
279
1
0
44
0
0
1
0
3
355
2
9
4
0
83
2
4
0
0
1
2684
443
19
4
0
24
10
4
0
0
2
0
0
4
0
0
4
1488
8990
11
0
0
4
0
0
2
0
604
502
377
0
1112
0
0
45
42
136
7
0
0
0
0
0
1473
0
74
2
26
18
0
3
0
0
30
42
7
14996
6
0
6
1
0
0
27
1
0
230
0
1905
0
0
19
0
68
0
0
0
2
0
3
121
0
0
0
6
0
18
0
1
1
39
983
0
0
0
0
1
0
41
9
2
2
0
0
27
0
3
256
0
1
0
2
1
11733
11
0
302
3
4
9529
3
48
0
54
16
0
0
35
3
1
310
2
1913
0
1
0
1
0
0
0
0
1
0
8
30
1
0
172
1
1
1
0
358
0
0
0
0
0
0
38
32
0
0
1
1
15
133
0
0
89
2
1055
7
5
0
5
7
79
3
0
2
2
311
0
1896
15
0
0
4
0
1
732
1
33
0
0
2
0
0
1
0
0
0
0
10
1
0
0
1
64
0
49
4
0
0
0
1068
129
0
3
113
1
10
7
0
0
0
167
41
0
0
359
0
4
103
0
0
0
0
1
172
0
0
0
329
0
0
12456
23
116
0
0
4
31
68
239
0
2
0
0
0
0
2100
6
1
0
305
0
14
11
1
0
3
30
0
5
6
0
1
11
0
0
201
1
0
5
0
1
1
0
0
0
5
0
2
8
0
0
16
4
230
0
235
5
1
30
5
0
65
1
1
0
0
0
45
0
0
1
2
1
0
0
1
242
0
0
2531
524
1888
0
5
1
1
1
7
28
0
43
1
99
1
0
0
0
2
0
6
5
14
12
179
6
774
0
0
0
0
7
409
69
1
1
0
0
0
0
0
0
9
655
0
0
23
356
0
53
0
748
0
2
234
0
7
189
0
0
26
5
0
10
7
0
93
0
29
1
25
1
1
0
1
0
187
2
759
0
53
0
0
0
0
0
16
0
17
0
0
16
0
0
0
2
0
81
1398
2
0
1
235
2
0
2
191
14
0
12
0
0
0
1030
0
0
0
2
18
0
551
1
2
0
2
0
0
0
26473
0
1
2
36
0
3
1
34
0
0
21
1
0
39
0
0
0
3
0
1755
1
43
0
0
3
54
0
0
0
2
742
2
0
0
0
33
146
0
230
4
0
306
0
0
37
18
0
0
6
35
0
0
0
65
68
0
0
1
0
0
1
0
0
65
0
62
25
54
8
1
31
0
3
0
39
118
1
0
0
0
1
0
0
28
16
727
0
131
206
0
0
0
0
3
2
5
1
378
517
0
0
0
0
1
0
0
182
399
2
152
4
15
552
1
4
10
0
81
0
0
0
0
76
250
1
0
0
0
0
5
78
1
61
17
0
5
6
0
3
1
0
4
0
0
0
0
0
1
1
2
52
528
0
53
0
1
0
143
0
0
3
7
0
117
0
0
436
0
4
4
0
49
133
0
1
83
1
0
3
1
9
0
6
419
0
3
0
16
1
4
0
2
230
24
10
3
778
9
366
0
1
0
0
1
14
6
0
0
0
21
2
0
1
0
0
0
6454
4
0
2
0
0
0
1
0
0
2
280
1
1
118
0
2
0
0
720
15
0
23
8
0
0
82
1
1431
0
1
0
14
6156
0
162
0
2
296
3
12
3
2
6
2
0
0
0
0
5
2
1216
0
0
0
0
0
0
0
0
57
0
0
0
93
10
0
0
0
1
149
230
1
10
1
0
0
0
0
130
0
7
0
2
2
4
0
0
0
0
0
0
0
0
2
107
0
0
0
7
4
1420
0
0
0
25
2
1
0
1
0
0
0
43
0
0
15
3
0
0
0
0
0
53
0
443
0
0
1
167
0
62
0
4
1
0
755
0
0
2
24
6
3527
956
26
0
7
0
0
2
59
2
68
1
2
47
0
63
17
0
5
0
11
0
0
7
0
479
0
6
0
0
0
1
0
0
2
63
1
1
0
33
0
0
0
0
1
46
0
1
0
3
281
2
0
0
0
71
6
0
3
0
63
0
0
4838
124
127
0
19
76
22
0
2
8
0
17
0
6
3
0
0
25
0
44
12
6
6
0
0
0
3
245
0
1970
1
3
1
0
87
0
1
18
103
0
0
0
1
0
0
1
319
1
7
3
0
9
37
5
0
0
26
1
49
0
3
126
1
0
0
0
0
0
8
27
2
0
4
8
44
0
5
0
0
1
15
81
3
34
14
0
0
11
3
2
1
0
3
6
2
7995
21
0
3
13
13
18
9
16
2
0
15
3
1
31
22
19
1101
0
0
2868
1
0
42
0
8
340
8
56
25
0
1
1
0
7
5
17
0
0
0
0
0
0
0
81
236
0
3
0
396
2
82
9
1
7
3
3
191
0
1
0
0
1
70
0
13
0
6
150
0
3
0
124
0
0
1
0
3347
1
0
0
1
103
0
4
1
0
0
0
0
1
2
0
439
68
119
64
1
533
0
3398
9
0
1675
0
1170
0
1
520
59
0
0
15
28
15
9
52
3
33
13
209
557
0
4
2
13
24
0
111
6
127
2
41
1
1
1
79
1
0
2
0
0
1
11
37
0
0
0
589
7
0
7
0
1
0
2
11
89
46
1
0
3
19
23
0
3
3
0
0
0
2
1212
0
254
3930
1
1
9
1
0
4
10
92
63
8
0
50
0
0
1
7
1
0
3
0
2
0
0
1
0
0
0
4
186
0
43
1
1
2
138
0
0
0
0
0
0
17
0
2
8
9
3
4
9
0
175
0
7
0
5
80
1
70
0
0
0
1
483
0
0
52
4
48
0
14
1
10
0
1
12
0
0
17
3250
90
42
1
22
1
2
1
0
4
1
0
0
2859
0
0
5398
0
1
0
0
395
0
8
0
0
21
1857
1
0
0
0
0
1
56
0
0
0
4
0
23
1
0
1
1
1
0
2
13
0
0
1296
2
7
1
4
0
91
6
0
0
1
0
0
0
0
0
0
5
28
15
0
30
201
19
1
244
0
0
0
1
0
1
0
3
195
0
0
1
0
0
0
20
1
86
63
2
0
4
0
1
0
303
152
1
45
702
0
0
3
2
108
9
1
0
0
2
44
0
1
0
0
0
0
17
0
78
6
0
0
6
7
0
0
0
18
0
0
0
95
1
0
0
0
8
0
0
0
0
1
0
0
0
0
6
0
1
0
0
23
30
6
37
5
1
13
0
0
32
0
14
0
4
9
4
1
193
13
28
0
10
1
34
3
0
0
27
1
1
1110
0
0
1
22
60
0
2
1
37
0
58
41
0
474
0
0
13
0
19
0
0
0
0
1
0
5
0
4
0
1
0
1
4
10
0
0
877
0
22
165
8
41
2
1246
0
0
18
0
50
51
1
5
4
18
6
132
1
0
41
28
81
1
0
0
57
0
0
0
12
1
1
2
0
5
199
6
0
18
16
1
0
0
0
56
0
15
0
3118
0
2
0
1
36
0
1
1
143
0
21
8
391
35
0
0
3
0
0
22
1732
0
13
954
13
6
69
262
7
2305
0
5
1
3
2
2
0
0
11
0
3
43
1
0
0
142
1
1
0
51
17
1
0
53
0
40756
0
0
0
3
0
1
47
0
0
0
38
0
0
109
0
39
0
3
0
2
3
0
0
4
1
0
38
0
0
391
2
0
111
1
1
0
29
14
9
0
5
0
0
97
1
104
5
10443
20
1
29
737
9
0
0
0
10
1
16
2
6
133
10
0
53
13
4
82
0
1293
1
188
3
0
1
0
7
323
0
3
1
0
0
0
0
1
12
0
1
0
1
0
0
2
0
5
68
472
6
5
0
44
0
10
0
2
0
7
0
5
5
255
6
1
3
1
69
126
1
47
1
7952
6380
1
19
0
1
4
11
0
0
0
61
0
0
0
6
0
0
0
1
0
22
171
14
7
7
1
2
0
52
91
10
112
49
0
0
0
2
2
115
0
27
0
1
5
0
12
10
1
1
14
0
29
92
1
1
0
0
0
0
0
2
144
1446
53
8
2
6449
0
16
0
0
0
53
63
3
1
42
2
0
1
1
1391
0
2
0
0
287
0
278
273
0
0
12
5
7
11
1
2
87
23
98
3
0
1128
1065
0
21
0
0
27
86
1248
20
1
24
47
9
12
0
10
0
7907
1
0
1
0
0
1
0
0
0
0
0
0
96
0
0
23
0
584
0
0
2
2
0
0
0
94
0
3884
0
0
48
4
0
427
1
199
4
0
0
0
0
0
1
0
2
12
0
1
0
0
0
1
2
0
0
1
0
2371
2
1
3
5
4
326
8
175
0
0
0
94
1
0
3
3
1
0
4
0
0
12
1
205
15
1
0
0
0
0
0
97
0
24
1
0
0
0
0
2
0
68
42
8
0
214
0
0
29
0
130
0
0
5
0
0
159
0
8204
5
0
2
11
11
587
1
299
3227
0
0
0
0
4
0
33
0
0
0
0
8
27
89
24
0
0
0
26
1
0
0
0
1
1
0
0
0
0
37
0
9
4
3
0
0
0
0
0
40
0
0
1
1
0
1828
0
9
18
0
0
11
0
9
0
2
21
0
39
21
186
3
0
0
0
0
818
12
0
37
20
4
0
0
0
7
0
7
892
0
0
2
19
1088
0
0
6
1
0
0
0
1625
697
0
8
508
1
0
6
15
4
6
1
8
32
148
8
0
1
0
0
809
6
268
1
2
0
0
0
6
0
0
16
1523
11
1
64
0
0
0
8
2
27
0
2
231
7
3118
55
4
0
0
0
0
3073
2
0
12
2427
0
1
0
0
0
0
1260
1
7
0
0
31
1
0
37
331
0
2
493
41
3
0
2
11
31
0
1
1
0
1
3553
7
0
116
180
1
2
3
95
2
0
0
520
548
15
3
194
1
0
258
1
14
1001
11
0
10
0
1
0
14
0
0
9
2757
1059
39
0
89
3
0
0
0
0
7
3
378
0
5
1
3
0
32
366
0
58
0
0
1
188
0
1
2
13
0
0
0
2
1
0
21
33
0
91
0
1
0
331
227
72
0
0
0
1
1
0
3
1
47
0
0
0
5
0
13
0
0
2209
2
0
10
0
2
0
0
359
0
0
0
119
0
0
10
6357
203
0
0
0
1394
0
0
0
114
1
23
1
8
0
10
9
0
0
5
1
0
21
2
0
0
5
0
0
2
0
0
5
16
1
1
0
0
0
0
0
0
5
6
1
7
19
2
33
0
50
8
0
1
0
0
167
0
0
0
52
3
2
3
0
13
0
10
7
58
464
0
637
0
1
112
1290
0
501
9
1
0
1
3
0
0
1
4
0
0
0
86
0
430
20
7
0
0
3
383
0
1
2
0
37
3
435
1
0
28
0
96
18
4
0
87
0
0
0
1
0
0
0
5
3
0
18
37
3
141
0
1
12
0
0
6
8
0
1
11
0
0
0
0
1
0
1
494
0
0
4
1
1
1
0
0
1
0
0
11
5
0
0
0
0
73
0
244
1550
0
0
92
0
205
0
17
0
2139
0
0
0
0
1
0
2
7
0
55
2
280
3
3
0
1
0
4
2
742
1
1
5
0
19
5
1
1
45
39
371
0
0
0
6
0
29
0
899
3
4
34
69
0
0
121
58
0
4
2
645
0
120
6
1
5
1
2
0
0
0
22
0
0
0
1
0
16
0
517
0
0
201
0
48
0
1
9
0
8
0
4
16
667
0
0
52
0
1
0
2
0
1
2
0
1
3
1
28
0
2
41
3
0
54
0
1
0
0
0
4
0
6
11
0
9
5
0
6
0
0
0
0
0
66
5392
26
40
3293
1
0
2
0
1
0
0
6
0
7
0
0
24
28
20
110
9
3
2
308
29
33
3
1
2
0
0
0
92
0
0
133
122
7
46
1
0
0
25
0
0
0
119
0
0
0
0
0
18
1
4
103
0
0
808
0
41
0
0
0
1
0
0
30
1
0
10
0
0
0
0
2
39
0
1
0
62
0
1556
0
34
67
21453
0
17
0
2
786
0
4
0
264
0
0
0
0
0
17
111
0
8
2
1
0
234
0
1
2
2761
0
0
11
1
2
0
0
9
0
228
0
14
0
489
489
319
2
16
0
0
193
6
2
0
0
0
0
0
19137
0
0
10
111
4
0
91
1
1
0
15
0
14
2
0
0
2
57
45
0
20
10
4
0
147
0
1
1
36
10
0
0
0
9
0
11
0
0
107
2
5
0
1
0
2
0
0
0
5
13
0
5
0
31
0
0
3
0
0
0
1
114
3
2
0
0
5
6
58
0
4
0
3
13
12
0
0
78
0
0
52
7
99
88
1
1800
0
0
2
16
2
23
0
3
96
2
2
23
17
1
0
1
0
0
0
2
0
12861
0
0
28
0
0
0
111
0
1
1047
0
0
1
0
9
307
1
0
1
3
4
0
0
0
0
0
1
113
3052
94
2
0
2
6
823
0
0
233
0
30
0
13
982
2
0
52
27
0
0
25
1
0
0
0
0
29
2
197
0
0
1
0
1072
589
3
0
1
0
8
0
1405
0
6307
0
0
53
16
0
0
52
0
18
153
0
28
0
50
2
0
12
0
49
4297
0
66
0
0
5
7
0
0
0
0
82
34
108
22
0
2
0
0
0
5
0
902
0
1
1
32
0
0
0
2
352
488
0
21
18
0
1
0
0
16
1
2
123
4
740
0
595
1
1
0
2
0
0
0
0
22
1
2
0
7
1
0
0
88
684
0
54
0
22
0
26
8
5
1
68
0
12
0
0
105
0
17
0
111
34
50
1
181
0
21
78
3
63
3
0
437
1
0
238
6
1
0
0
2
7
1
5507
7
526
624
129
15
0
0
542
0
0
0
311
3
2
5
1
0
2
5
130
6
0
1155
5
75
2
0
0
5
0
0
279
0
158
4
2
0
163
0
0
1
6
62
0
0
13
1
0
1
8
352
0
0
9679
0
0
0
386
5
5
2
1
10
5
92
0
0
73
817
0
1
21
2
1213
0
0
36
0
28
56
0
0
0
4
2
0
10
0
5
20
10
0
5
234
0
6
0
0
91
17
11
0
0
0
2
1
248
79
0
4
4
5
3
1
1543
0
13
2
0
0
6
0
2
0
571
462
409
4
0
1
21
0
118
0
1
0
1
0
8
9
0
0
0
0
24
4
1
0
1
7
0
45
19
0
4390
0
5
288
1
2
277
1
1
7
72
1
0
8
0
0
8
66
775
1
1
95
0
19
277
0
8
0
5
188
3
0
18
0
13
2
1
0
8301
126
0
0
0
2
1
1
0
1
5
0
0
3
11
0
7
1
4
4
88
1
1
471
2
0
735
1774
4
7
0
0
2
1
12
10
60
0
95
13
0
55
9
2
1
26
64
1
0
935
0
5
32
1
0
0
17600
0
21
0
295
0
6
1
11
0
0
0
1
0
0
19
0
68
0
0
2433
39
1
0
17
0
0
0
0
0
8
71
0
2
5
9
5
64
20
1
0
29
3
20
0
61
146
496
1
2
0
0
1
0
20
0
1
1
28
0
0
2
3
0
2
0
0
0
15
0
0
1
1
33
0
2411
0
0
9
165
0
3
10
385
0
6
42
1
6
8
79
0
0
0
1804
0
1
5
0
3
9
2
12
290
0
3
6
11
84
0
0
836
31
0
2
40
10
0
0
43
1
10
1
0
3
0
31
0
6
0
0
0
0
36
0
0
3
38
6
2
0
0
0
0
0
9
304
24
0
0
1
1
1258
3
2067
4
2
0
1
0
0
2749
272
11
0
0
0
0
172
0
0
2
10
9
2
0
0
42
4
34
1
3
0
61
13
0
5
0
10
0
559
42
50
0
0
0
0
0
0
110
1
0
0
10
0
1
70
0
3
0
0
5
25
32
1
1
0
0
9
0
0
7
289
0
143
16
0
0
33
0
0
556
13
72
10
2
0
451
0
20
1
5
0
1
25
0
86
280
0
0
58
1
1
13
0
191
0
0
0
0
5
0
0
0
0
1
2
0
0
0
458
0
0
1
2
2
0
0
2
3
252
80
21
5
51
13
2
1
1
5
1
0
13
19
9
8
1
637
5
0
0
0
0
0
6
2
11
1
0
12
725
1187
0
1
0
1
5
0
534
91
0
0
1085
0
10
3
12
0
0
0
0
1
0
0
101
0
0
8
14
0
3
0
5
1
0
1
0
0
34
0
44
0
0
0
118
0
0
2
0
20
1
2
0
0
3
4
2
0
0
4
0
9
401
0
0
4
0
0
0
8
2249
0
0
0
3
0
1
0
0
5
0
4
2404
0
101
2
0
0
68
0
0
0
18
3532
23
565
0
3
0
64
4
15
0
72
1
0
2
1
491
0
0
35
0
1
0
726
31
111
1
0
155
0
0
3
9
8
0
3
1397
0
8
0
0
0
0
13
2
35
3
0
218
0
0
3
0
0
12
3
1
10
1
15
0
4
1
0
0
0
34
0
36
13
1
16
17
2
2
4
0
37
441
0
6
0
0
1
0
0
13
2
35
20
31
54
12
1
0
0
0
4
4
0
13
2
0
4
1
2
0
0
0
5
4
0
5
0
0
0
0
0
17
3
0
40
0
0
0
11
0
6
0
0
6
12
0
1538
1
208
30
3
28
2
0
1
2
5
34
0
6
0
101
206
258
3
7
4
0
0
14
19
0
0
0
6
1
0
0
536
66
19
397
100
1
1
148
214
1166
0
48
0
0
2
0
36
10
1
0
10
0
26
0
11
453
0
1
0
0
20
0
141
1
4
0
39
0
10
0
1
0
0
3
1076
9
0
33
3
101
2
7
0
2
0
8
38
1
0
0
0
9
1
2
3
0
0
22
198
1
0
64
867
0
0
1
0
0
2
407
1
0
55
33
0
0
5
0
3
0
1
4
0
230
1
1
1
0
0
3
2
0
2
0
664
217
0
353
0
0
695
0
5
0
332
1
5
11
517
202
0
5
0
6
0
0
11
2684
0
1
3
504
0
20
1
0
0
20
0
29
0
0
1
0
398
1047
2
18
88
1
3
1
20
0
9
0
90
279
0
70
0
0
67
0
6
0
346
11
0
2
0
0
0
1
6
1
0
0
5
0
0
0
0
3
9
26
2429
0
17
0
30
4
0
0
0
202
0
94
0
0
3
21
0
1
0
3
5
0
0
0
1
0
0
0
0
0
0
0
0
0
0
0
1
484
11
0
11
0
3
3
2
551
0
5
27
2
0
0
0
0
450
0
3
0
8
0
0
1
0
0
72
1
0
150
1
2
37
18
1
0
5
25
15
0
62
17
320
0
0
1
21
369
1668
0
18
0
3
0
0
0
2
2
1
7
739
0
0
1
0
924
2
4
21
0
7
26
0
0
8
2
0
1
1464
0
483
3
8
0
18
3
6
2
5
0
2
7
175
0
64
0
2
0
0
6
0
29
2
0
2
0
1
6
0
0
0
71
0
0
0
0
4
1
0
0
0
0
208
37
0
1
36
1
150
6
28
164
0
0
0
20
0
0
2
0
0
0
34
0
2
9
0
0
0
1
134
0
0
1
0
0
0
0
0
118
4
12
105
0
0
1
21
0
0
0
700
0
0
14
28
5082
2
0
0
0
0
1
0
0
7
0
0
70
10
0
0
0
0
0
0
1
16
7
59
223
0
12
0
0
0
1
0
3
4
0
0
13
231
45
9
90
13
0
4
0
330
150
158
0
0
0
3
6
3
0
1
2
0
0
0
37
0
0
677
0
0
0
1
0
5
1
0
1
7
0
0
3
1
1
29
0
171
0
3
3
2
7
0
2
0
0
0
0
0
14
0
7
6
0
0
0
3
83
1
0
1948
3
12
1049
0
0
1
1387
6
469
26763
3
0
23
0
14
0
0
0
65
0
0
0
4
0
0
0
0
0
0
0
1
9
6
72
1
119
5
0
0
25
1
0
10
75
2251
19
13
0
9
101
0
0
5
0
1
1
0
1
34
0
3
0
5
369
1
0
11
0
0
79
0
0
120
0
3
12
2
8
4
27
9
0
1
0
2
18
3
0
2
0
41
0
1
0
0
0
12
4585
1
0
1
0
2
0
3
0
0
3
1
1
76
0
10
0
0
1574
0
3475
8
16
0
0
0
0
3
2
34
0
4
1232
12
0
0
0
0
575
32
36
0
0
109
239
22
93
5
1
802
1
0
2
0
0
0
0
202
0
0
19
9
0
2
136
100
1
14
126
0
0
0
4
0
15
32
90
0
3
4
0
2
0
4
0
0
44
0
0
0
1
20
438
346
0
58
285
585
0
0
0
17
46
2783
33
5
0
1
85
7
1
5
0
0
0
0
13
0
2
211
145
4
0
0
0
0
0
2
0
1
2
0
102
0
4
10
6192
0
3
776
1
0
6
2
5
0
37
11
1
0
1
0
0
0
3
1
0
155
1
3
1
0
0
0
1
0
1
2
11
0
4
0
0
0
621
40
4
16
0
0
0
0
0
204
3
455
0
0
1
108
1
13
103
10
0
822
2
8
4
0
0
0
5
47
127
0
2
10
0
8
0
0
0
0
0
2
0
0
14
8
0
2
261
6
308
0
0
0
0
0
48
0
0
2
0
454
0
0
0
0
0
0
0
0
0
0
579
2
0
291
0
0
1
9
0
0
4
0
0
0
1
3
23
0
0
53
74
9
2
183
1
1
5
0
0
0
1
0
0
0
51
3
16
0
2030
107
22
0
1735
11
19
0
2
333
0
0
1
1
0
2
82
0
8
37
0
0
0
0
456
0
1
0
0
1
0
0
0
0
1
0
4
0
235
0
2
0
52
37
0
0
0
11841
0
0
1196
1
4
0
38
0
20
1
0
29
108
1
0
0
6
0
21
23
3321
0
0
69
86
0
0
148
1
0
6
0
0
0
0
58
0
0
0
6
14
0
0
1156
0
0
0
0
13
0
20
0
15
14
2
37
0
38
40
670
75
1
0
1
0
1
0
0
0
16187
0
2
9
1
0
2
0
3
3
2
72
2
8
1
11
4
1
5
1
0
0
7
0
0
0
335
0
4
0
702
0
1
0
1
991
0
0
0
0
0
0
0
2
0
0
0
1
0
14
1
0
0
2
13
1
370
4
3
1
8
90
4
0
1
0
7839
0
0
0
49
10
9
0
5
1
19
0
0
0
0
505
82
1
84
1
3
0
11
0
53
2
0
0
3
0
14
0
0
4
0
1
77
0
0
0
0
0
0
39
3
7
0
0
0
4
0
3
26
6
0
0
151
365
15
774
19
7
0
994
1
12
104
0
0
0
1
2
5
16
0
1
1
2
4
0
21
32
0
385
4
25
23
8
1
1
0
0
0
0
41
0
115
0
0
0
484
0
43
0
5
0
0
0
0
0
0
86
11
8
12
0
0
7
1
161
0
6
2
0
108
44
1
0
0
0
4
0
0
0
3
3637
8140
0
15
0
0
219
0
0
17
0
0
19
13
3
1
0
4
198
124
2
28
0
0
0
3
1
0
2
5
0
3
0
1
0
0
0
0
4
0
0
2
171
0
15
1
34
45
1
6
3470
1
0
1
1
3
0
250
0
1
1
8
1
20
0
0
0
1
29
1760
0
0
0
3
0
1
107
0
1
1
1
1
0
211
1
2
0
0
0
0
6
0
2
14
0
0
0
0
3
0
0
0
25
155
139
1
81
2
0
3
0
1
39
0
0
822
0
12
1
44
0
42
0
3
14
2
26
4
0
0
0
12623
5
0
0
2
1
6
12
1
317
0
0
2
0
8
0
0
166
0
0
3
0
0
0
0
4
1
168
5844
0
0
0
0
5
0
93
1561
7
1
0
16
0
0
7
33
2
2
11
6
0
97
0
13
1
5
1
1
1
0
2
2
0
0
0
495
282
0
267
0
296
278
0
0
0
0
0
1
4
67
7
696
10
0
0
1
2
0
9
0
0
0
0
1
0
1
0
0
67
1137
0
16
11
1
0
10
2
0
0
21
3
0
59
0
0
1
0
2
0
236
0
1
0
150
9893
0
0
171
67
0
62
0
145
8
0
3
1547
0
1
381
47
0
3
70
52
1
0
2
0
0
0
0
0
263
0
481
1
18
19
0
0
3
0
0
9
0
8
2659
0
0
1
53
22
0
0
0
192
4
0
1
0
0
0
0
53
148
0
0
1
0
0
107
1
61
28
23
0
0
0
3
219
1
144
68
0
1
14
64
507
0
0
60
0
0
0
0
43
159
0
1
0
0
65
0
1
0
1
0
1
0
15
1
3
0
1
3
1
0
5
421
0
981
0
1
1
3
0
8
0
9
1
5
0
0
384
28
2
2494
10
377
11
5
15
1
1
55
0
94
0
237
0
6
216
23
1
0
0
0
0
0
0
0
12
942
962
1
44
0
0
0
0
0
4
0
0
434
0
0
0
0
0
0
25
0
62
496
240
0
0
18
0
0
0
97
4
109
35
19
0
4
160
49
0
196
38
0
93
1
6993
2
0
1
20
592
66
369
23
0
0
1
0
0
0
0
8
0
0
0
2421
1
0
16
0
0
0
10
0
3448
4
0
61
1
757
12
21
24
0
1
19
1689
0
0
0
0
2
97
1
3
0
52
195
3
0
15
2
172
1
0
0
0
1
24
0
61
0
4
2
0
0
1
1702
110
2
0
352
3
0
0
0
0
0
3
22
0
1661
1
0
0
146
0
0
193
3
263
0
0
5
134
0
4
9
67
5
4
75
36
0
0
0
3
0
0
0
0
2
0
0
146
5
14
2
13
0
6
8
0
0
34
0
39
2
2
6
4981
2
1
37
0
0
0
0
0
0
823
1
317
0
141
2
0
0
0
0
0
0
0
99
0
4
1
0
22
7
0
15
0
0
41080
0
0
280
0
0
3
1
31
0
162
7
0
0
42
12
3925
16
31
17
0
6
536
0
2
0
6
1
2
61
12
7
8
1
59
142
31
0
0
1
0
0
14
0
0
0
0
0
0
0
0
1
0
8
0
1
0
130
0
22
0
0
0
0
0
0
44
0
0
3
0
313
32
373
8
0
0
1
0
0
3575
2
0
0
2473
5
0
0
0
0
5
0
0
0
299
53
0
58
287
0
59
0
0
3
6
42
0
7
13
0
0
0
0
0
0
27
0
1
3
138
1165
1
3
0
0
3
3
7
0
0
0
2
2
58
1
9
0
0
119
41
0
1610
28
0
6
12
0
0
0
35
4289
0
0
0
0
127
0
2
0
467
2
1
0
0
113
0
0
0
12
2
0
492
38
79
5
0
0
0
0
20
0
0
14
0
1
2
113
31
5
1835
3
0
24
3024
0
1278
12
7
0
0
0
2
1
0
31
1714
0
1
2
0
323
0
4
1
0
894
0
170
1
1122
1
81
2
3
22
1
5
0
0
0
1
3
3
0
1
1
49
1
0
1
0
1160
3
1
35
227
0
77
45
22
38
23
0
0
83
283
290
2
1
1268
678
0
1
1885
34
39
74
1
0
1
5
80
5712
1
0
220
3
51
163
0
0
13
0
1
43
561
0
0
10
0
95
1
0
2
4
0
68
0
821
1476
3
0
0
0
0
0
0
0
0
0
0
3
41
0
1
13
0
0
17
6
3
0
0
0
0
0
0
1
28
1
161
25
5
16
2
0
3
3
19
1300
1
0
162
0
3
1
0
70
21
0
0
0
0
66
422
0
1
0
2
62
3466
4
0
0
41
1
0
0
0
0
0
0
42
2
28
1
2
0
865
0
0
10
1905
0
0
0
952
0
2
0
17
1
1
2
745
18
860
0
2195
2
2930
0
0
6
0
0
1
3
18
5
1
0
84
138
3
9
2
0
0
0
1
0
64
424
0
0
9
1
0
0
0
0
111
0
0
1
2
0
4
0
31
0
0
1
985
1
0
116
18
0
0
1
0
37
37
1
11
0
12
0
33
20
0
1
0
890
79
2
1
11
0
0
2
0
0
0
0
4
176
3843
0
2
0
0
38
0
0
25
26
0
1898
1
1
0
0
2
0
0
19
4
0
0
1
0
4
0
0
18
0
0
0
1
0
2
0
21
6
0
0
0
422
0
0
0
1
0
0
6
2
0
0
2
22
1077
8
8
63
31
0
0
1
2
1
78
0
0
1
0
9
0
1
1
1
0
3
1174
21
0
16
0
7
2
0
7
45
0
0
3
5
1
0
1
7
0
52
28
0
0
1
0
156
0
0
0
2
0
1
2
1
8122
0
12
0
0
5
5
2
4
2
54
4
1
0
1
0
2
7208
1
0
0
10
0
0
0
19
1
100
3
0
9
0
0
1
0
4
0
0
242
0
388
1
0
0
30
5515
54
0
0
0
3
11
0
514
0
1
0
7
39
0
0
0
1
14
0
7
174
6237
1
1
0
11
662
0
7
2
1
88
0
1
851
89
0
18
9
1
0
0
0
1
0
1
15
454
1
0
0
0
0
0
0
0
28
0
1136
66
529
1
0
535
3
255
0
197
0
0
0
15
33
0
0
26
20
0
0
24
0
2
14
0
1
0
117
0
1800
12
0
8
11
15
0
35
3
8
0
12
0
2
0
0
0
6
0
0
0
3
1
42
1
1
0
0
1
1
0
0
0
1
0
30
0
0
18
5
13
0
1711
2
3
2
315
395
0
2
15
6
25
19
13
0
0
0
19
1
0
0
0
1696
2
0
0
0
6
1
5
1
2
0
237
3
36
12
98
0
0
1
0
0
0
1
0
3211
0
0
0
1
0
65
0
509
16
7
1
6
1
0
166
2
0
0
5
37
637
1
1
4
0
0
95
0
0
12
0
0
0
284
1
6
0
1
19
5
0
0
21
0
1
2
0
0
0
2
0
0
3
0
0
1460
1
1836
0
709
2595
0
159
30
0
0
0
0
0
5
669
0
275
178
21
1
0
0
5
0
40
0
129
1
4
17
648
4
0
0
0
0
641
18
0
0
0
0
1
72
0
1
6510
18
296
0
192
0
8
0
2077
0
2
6
7
0
4
0
1
362
0
1
0
0
0
1
1
762
0
3
0
0
0
0
0
0
0
0
0
14
1
0
8
2084
8
4
7
55
139
38
1
5
2
2
13
0
0
0
0
0
17
1
0
3
1370
0
0
0
4599
0
0
0
0
0
1816
143
0
151
0
0
61
4
41
9
0
2
0
59
1
67
358
12
0
4
0
0
6
5
0
1
15
0
1
4
0
0
9
4
0
4
1
31
4
0
58
0
35
7
552
0
4291
0
0
3
0
116
2
0
1464
2
0
41
10
0
13
0
1
9
5759
2
23
0
6
1
58
13
1
15
0
3749
0
1
4
1
0
0
0
3
0
283
0
29
0
0
4
0
1
0
37
0
0
2
113
3
0
195
0
0
73
1
7
0
2
0
948
12
128
4
0
0
0
7
2
0
58
1
4
0
46
0
37
0
87
0
0
8
0
0
14
0
21
10
0
3
0
8
0
0
2
39
337
0
0
5
0
0
0
0
0
0
0
0
84
0
1
7
3
1634
12
0
1744
0
140
258
30
28
2
0
0
3
4
11
1
0
0
18
3
0
0
0
17
4
104
0
0
0
8
0
8
35
0
10
0
15
0
26
0
1706
0
0
0
0
0
0
0
2
0
5
0
2
0
5
5
172
0
16
22
0
1
2
25
0
3
2
0
56
1
7872
2
0
0
2
0
2
0
15
7
0
1
46
103
0
3
0
0
2298
6
0
0
1
2
0
6
0
0
12
40
0
1
964
0
0
0
63
0
0
0
1
0
1
170
22
1
128
667
0
52
2
0
928
528
0
132
1502
47
0
0
17
0
97
1
4
17
0
0
0
0
0
0
12
0
5
16
2
325
58
5
1
486
4
0
0
0
0
0
0
2
0
0
0
0
0
0
1
0
66
0
638
845
1688
0
7
0
209
38
0
0
0
0
0
22
76
768
0
1
0
0
0
316
49
58
1
0
0
1
6103
7
1
2
0
101
0
0
84
6
1889
6
4
1
41
1
23
3224
7
0
33
0
0
19
0
0
0
0
0
1
27
1
2
0
374
0
41
0
1
0
187
0
0
780
15
0
29
0
0
2
0
2
35
0
0
25
32
6
0
3
52
34
3
0
155
3
239
2
0
3
15
5
1206
0
145
7
4
1051
0
1
0
0
0
0
0
3
13
1
26
12
0
0
1
0
0
0
2
0
0
0
17
1
0
6
29
0
8
1
4
0
2
1
2
0
1771
8
0
0
0
21
0
0
1
27
7
2102
112
301
0
4
0
0
0
4660
1
22
0
0
11
3
0
0
0
0
5
0
0
1
2062
0
1
12
251
71
0
2
3
22
0
6
388
0
1
0
9
85
740
0
17
0
3
4
5
32
0
0
1
1
0
4
72
20
2
15
2
193
0
0
4
0
0
0
5180
0
3
1
2
22
3
0
5
0
11
784
1
14
1
20
58
0
5
0
31
39
0
0
6
2
0
6
2
117
2
3
0
0
0
0
0
0
53
391
0
126
60
17
59
0
6
55
74
0
3736
5
161
37
25
0
3
0
10
1680
17
124
29
18
0
0
14
4
0
13909
0
0
10
0
2
2
0
1
98
66
1
173
7
609
15
135
0
1022
72
5
32
0
11
0
3322
4
30
16
1
2
699
1
20
46
170
0
0
6
0
457
10
1
0
0
25
3
1
0
0
1
0
0
14
3
1
53
1
0
6
98
1
0
901
0
10
0
0
0
163
0
40
1
3
3
5
5
3
0
2
1
12
375
0
0
15
22
5
9
6
2
1
48
53
1
2
0
1
3
1
51
1
0
3
12
7
0
1
0
33
0
0
0
79
0
2
103
0
13
0
0
0
0
0
0
0
0
2
0
0
0
0
0
0
0
5
1
0
1
2
1
39
0
180
2
0
1
0
3
3
0
1
1
1080
0
1
0
1
0
0
10
46
2487
0
0
0
0
14
0
0
6
369
665
12
17
0
0
7
0
0
0
1322
0
1
0
28
0
5
46
711
0
154
157
237
95
43
0
6
0
31
17
0
0
0
0
2
0
0
6
0
720
0
66
0
0
342
2
12
0
1
36
1
0
0
0
1
89
0
0
2
0
0
13
15
0
0
4
0
0
0
1
141
0
34
27
2
0
26
0
7
0
0
2
1
730
4
409
10
0
0
0
0
8
1
1
3
9
0
3
0
140
163
0
1
0
321
1
8
1284
0
0
1
0
605
719
889
0
0
1
87
6
1
0
0
0
0
4
0
1
0
2
16
7
0
1
2
10
0
0
9
148
2
0
0
0
82
22
3
4
0
47
13563
0
291
47
56
1
154
2
1
96
0
0
0
0
0
0
0
10
86
15
25
18
0
15
5
3
54
55
0
0
0
0
10
5
51
0
0
0
0
0
0
0
450
1
3859
0
0
15
0
0
2
1
3
439
0
4
227
0
3
3
2
16
1
2
1
0
0
173
0
0
62
2
0
0
0
0
1
0
0
10
2
1
2
17
5
90
3
0
0
2
189
2
1
0
1
12
0
6209
0
0
0
0
0
2
0
0
53
0
2
0
2
1
29
8
1
278
3
4
0
1070
1
0
2
15
0
2
0
0
0
5
8
20
153
0
2
0
7
0
68
0
546
109
8
0
8
1
20
0
1
0
0
13
57
232
2
0
260
0
4
47
34
0
0
0
33
0
3
7
0
4
0
1
10
3
0
141
2064
28
64
1
0
257
0
5
0
1436
10
3
2
20
1
155
0
0
0
12
1
1
0
1
0
3
0
144
4
356
10
0
2
41
0
0
3374
4
0
110
0
1
129
0
1236
0
0
0
0
0
314
0
0
0
0
3
0
13
2
2
0
0
0
0
0
1
4
101
2
0
109
0
52
0
0
1
0
0
0
8
0
1
2
0
0
1
3
0
0
10
7
21
0
0
0
32
101
1
3
54
0
51
2
19
0
1
2113
0
473
0
6
6
1
4
2
0
0
0
10
2
0
0
23
2
0
0
0
0
0
0
0
3
4
0
0
0
1
1
295
255
112
1
3
0
5
0
0
0
0
8
0
2203
0
1
0
0
62
2
91
1
0
0
0
3
0
0
8
0
7
0
0
0
821
0
0
0
0
0
0
2742
0
0
0
0
0
3
0
61
0
5
162
0
102
0
0
4
3
0
29
5
2
0
13
12
1
737
0
9
0
0
1
371
0
2
1
472
2
0
0
0
0
1693
79
2
0
3
110
0
22
0
68
53
162
82
0
1
0
0
1
4
0
914
54
423
0
0
1
10
0
1
2
126
6
249
32
28
0
0
0
0
0
22
0
7
0
0
415
0
9
0
0
39
2
1629
41
0
1
323
14
0
0
1
3
0
0
0
2
0
0
0
3
0
0
0
0
7315
22
6
0
0
66
1
4
489
8
0
6
1
0
0
1
7
0
67
0
0
492
0
25
181
7
0
1
52
0
83
0
0
0
0
5
1
67
0
0
0
0
0
4
0
4
0
17
8
0
20
1
13
22
5
0
0
42
3085
0
20
6
0
15
1683
9
43
7
0
0
0
1
0
0
112
1
1
0
50
0
2
1
12
0
52
234
4
0
0
1
283
21
0
2
0
0
65
0
0
4
1
0
0
0
133
102
1
1
4
42
0
7
0
0
58
0
1
0
22
0
13
0
0
4
0
86
0
0
527
5
200
46
0
5375
0
0
5
58
5513
0
0
0
119
0
0
43
0
76
3
1
0
1
0
84
1
0
347
2
2
1
2
0
77
3
0
421
1354
0
1828
0
0
1
3
103
37
2
638
11
4
0
4
3
2
1
2
1
2
2
0
0
2
1
5
0
0
8
2
86
0
0
3
0
16
304
14
0
1
0
2
1
1
0
1
10
3
0
0
0
77
1
23
0
115
0
2
0
2
24
29
1
0
0
0
700
21
1
1
199
177
241
60
1
0
0
1
0
358
6
0
5
28
1
2
50
1
0
4
0
0
0
0
0
0
1
0
0
242
13
0
0
0
1
0
186
0
0
12
44
1
0
0
182
0
0
93
75
50
0
2
47
0
5
0
9
64
0
269
0
0
2
0
0
33
0
26
6
10
0
8
1
0
12
0
1
5
7
0
0
3
2
10
15
48
0
0
0
0
5
10
0
790
8681
2
0
0
1204
0
0
5
0
1
2
3
261
134
42
4
1
39
25
0
6
4
92
0
0
8
13
2
1
12
0
7
6
0
5
12
2
1
0
6
6
0
69
0
10
0
5
2721
4
0
1
1
0
1
23
2
0
0
0
0
9
345
55
74
1
0
0
1
2910
0
584
16
5
0
0
0
0
2
34
14
66
0
1
70
0
1
0
0
0
53
1
1
19
1
0
44
21
7
0
0
111
2
0
30
2
4
4
13
0
93
1146
0
8
0
1
3
1998
33
470
0
0
1
1456
0
36
2
4
0
0
0
0
165
0
4
0
0
1190
1
31
1
2
0
29
34
0
81
0
3
2
0
22
0
0
4275
0
0
0
2
0
2
0
0
10
0
13
7
6
0
0
64
8
0
8
1
0
1
243
19
5
24
738
0
2
2
0
0
16
0
98
11
0
0
543
2
0
1
0
0
1
2
10
0
2
17
0
0
0
7
0
0
0
607
6
188
23
1
576
3
12
0
1
0
1
15
15
0
1
5
1
13
0
176
1
0
330
6
108
31
0
182
0
26
0
344
19
0
0
0
0
0
0
0
56
0
12
34
2
1
0
0
0
0
11
0
1137
0
373
0
18
0
1
19
0
0
0
0
1
15
0
1
0
384
0
1
59
0
0
186
2
121
0
0
278
7
0
1
30
17
3
0
9
4
0
128
1
0
1
0
7
6
0
1
2292
0
23
0
2764
5
8
0
934
3
4
0
1
0
1937
0
2
0
2
0
0
6
56
2
67
0
0
0
1
14
0
211
6
211
0
1
1
4624
1
21
0
23
1
3
27
0
813
1
270
20
0
0
0
1
9
1
0
2
219
0
0
36
13
1
868
0
12
3
9
114
1
1
996
0
0
2
1
1
1
1
3
0
1
836
67
14
4
0
295
239
14
0
0
1
41
0
24
10
0
0
2
7
0
0
19
0
1
0
0
1
429
1
11
2
1
0
2
2
5184
0
288
4
9
1
333
7
98
167
1
0
0
0
1
1
1
23
0
11
2
18
187
0
0
0
129
0
0
2
18
0
6
2
0
0
8
110
2
1134
31
0
1
18
9
0
0
0
126
0
130
13
7
0
14
0
346
0
1
0
5
0
1
0
28
0
1
0
0
0
0
8
1
0
3288
1
13
0
11
431
42
8
0
166
0
2
284
0
7
8
250
1
0
297
0
0
1
0
66
108
0
3
0
0
829
0
0
1
19
5
0
12
0
0
6
75
0
4
255
13
0
261
0
7
14
84
6
1
5
8
2
0
0
33
1
0
1304
10
3
0
2
0
112
6
1
0
0
0
4
1
299
0
2654
42
0
0
0
0
1
0
2
0
10102
2
0
0
68
1
34
0
0
0
0
1
0
0
0
0
2
3
141
1
1
0
23
0
9
1322
5
7
555
0
0
6
667
19
0
17
29
0
67
0
0
0
7
0
0
0
298
22
17
105
747
2
10
7
0
3
1
29
0
33
267
3
2
0
1
0
0
4
14
0
4
872
0
1
0
1111
1
15
0
7
0
0
35
32
15
0
14
1
1
0
0
6
0
1
0
0
52
5
0
0
8
4
1
13
653
1
11
0
190
19
28
0
1662
15
0
1
2
0
3
4
0
0
65
370
0
4
1
0
1181
59
0
0
59
5
4
38
6
0
0
0
2
0
3
45
240
0
96
1
1
0
10
0
55
0
0
0
96
1
0
38
15
1
35
0
0
107
0
0
295
0
0
0
0
4
0
0
0
0
1
63
0
0
34
6
0
323
26
0
0
3
60
248
0
2
22
5
0
31
330
0
3
1
0
39
1
4
0
0
0
766
0
0
9
26
2
0
1
1
0
61
21
0
8
0
0
0
2
22
254
0
41
36
0
2
0
0
14
0
9
1
0
0
0
0
0
0
24
18
0
0
2
2
1
127
1
180
15
8
0
15
453
0
0
0
285
40
32
0
0
3
0
0
1
0
141
0
12
0
13
0
7
0
0
23
8
0
1
1875
254
8
0
0
2
101
3
358
1
1
12
0
0
0
181
0
0
0
0
1
0
1
19
0
23
309
130
0
0
1
0
1
2
0
0
4
1
1
3
0
0
0
58
0
22
0
2
0
0
373
8
1959
0
0
5
4
0
64
0
0
0
0
69
0
1
92
0
0
2
3
0
0
0
0
2
0
6576
2
0
10
0
0
0
209
0
0
2870
0
11
5
46
0
1310
8
2
0
367
0
0
1
0
7
9
0
0
2
1
1
0
1
3
1
1709
29
0
0
262
0
1
280
4
0
1
0
133
0
3
0
2
4
0
65
274
0
0
2
31
0
0
0
0
0
230
3815
3
0
0
0
101
0
468
6
0
2
8
0
0
0
198
25
140
48
0
1
63
7
10
37
0
2
0
410
465
136
0
0
0
0
2
24
0
0
29
43
4
1
0
0
0
331
0
0
1050
0
0
0
5
222
357
13
0
0
10
0
0
7
29
3
0
0
0
157
1
0
6
3
0
715
62
5
17
0
0
0
3
4
19
3
1
281
8
2
33
0
1
0
0
2
13
0
0
964
0
0
0
3
0
1824
0
0
69
9
0
0
0
0
29
44
0
0
764
0
4
117
290
0
14
3
0
0
0
1
2
37
0
59
23
10
6069
1
0
0
0
2
141
0
8
18
0
0
0
42
5
1274
0
1
0
0
4
0
2
0
0
0
0
1
30
13
3
16
1
9
0
0
33
0
32
1
0
80
7
0
243
0
117
0
178
2
0
0
11042
0
95
0
1833
1
0
0
0
1
0
0
7754
39
1349
0
0
0
0
5
55
2
23
1004
13
17
0
773
126
0
0
5
0
0
1
0
280
17
0
0
0
171
1996
0
2
1
3
205
2
3
0
0
0
499
166
73
377
0
11
15
8
1
1
0
0
0
50
1
1
203
4225
707
0
0
0
0
1
1403
87
57
0
416
0
2
2
26
184
0
2
0
0
8
12
1
2
15
0
21404
2
931
42
0
1
0
17
3
444
4
994
0
454
377
83
34
0
0
1
0
0
4
11
0
0
0
0
3
27
0
12637
0
2
2
1
11
8
0
0
59
18
5
0
10
0
4
5
0
1
135
30
4
0
1
7
1
0
0
2
0
24
1
0
340
0
1938
211
0
68
1
1
43
1
0
226
6
3
11
56
3
29
0
5
1676
2
1
0
0
1256
728
0
0
2
0
4994
0
9
4
3
3
24
1
333
5
247
46
24
5357
2
0
10
2
0
1
1
804
24
4
28
0
0
0
12
1
379
26
0
6
3
2
0
0
120
18
3
2869
0
0
1
0
0
3
0
0
2
18
6
0
0
62
2
0
2
23
0
0
50
0
15
0
440
0
0
10
0
0
1
48
0
0
4
34
0
2
1025
0
0
0
3
0
2
1026
0
48
23
20
0
1
2
2684
1
0
3
3
0
0
0
0
0
2
0
1
47
0
161
0
0
83
1
96
3
1
10
81
1
0
0
19
3
69
1
0
257
0
1
83
31
0
233
1
0
0
283
0
0
92
626
157
25
46
220
13
4
4
17
5
87
0
0
0
11
6
539
9
0
0
0
305
0
2
0
0
150
2
15
1
0
128
6
0
51
1
0
4
7
0
1
10
2
1
1
5
1
0
123
28
0
0
2
10
357
3
0
9
0
47
81
0
52
122
2328
1
0
0
1
0
0
0
0
8
0
73
3
0
10
0
32
0
2
0
0
0
0
0
0
7
270
1
0
2
1
18
5
0
0
0
0
49
0
12
0
0
0
0
0
32
10
2
4
26
1
0
13
0
8
0
40
0
0
6980
9867
0
110
4
0
269
0
3
0
0
183
8
92
844
1
2
74
0
104
0
128
1
812
0
0
0
1
0
1
106
0
73
1
0
57
40
325
2
0
0
27
0
0
0
1
0
0
0
29
44
5
7
13
307
0
0
0
88
2
0
0
9
2985
0
1
2
6
0
2
1
54
1
0
13
6
0
0
2
26
1
0
0
15
0
2
0
1
1
0
0
0
0
13
7
1
0
1
0
0
12
6
0
0
0
0
2
0
0
0
1
0
80
0
0
34
0
2
0
0
2
91
1
1760
44
73
295
249
733
71
0
0
2
149
624
9
0
1
166
10
1
26
102
2
1
3881
0
22
41
1
3
1
21
9
0
0
0
53
76
22
18
2
3
0
1
37
1
0
0
0
4
15
0
95
94
4
181
246
2
0
0
1
0
0
0
0
1
1
1
0
0
1216
0
0
2285
0
0
7
0
0
0
9355
0
30
0
0
0
12
0
2
0
0
0
2
0
11
0
0
0
1
0
1
4
0
0
1
1
1724
0
0
262
3
239
0
35
191
0
29
1
0
0
8
0
0
2
5
0
1
0
0
4
1
0
0
0
9
57
3
4
40
3
0
0
0
19
1
0
214
1
462
1
0
1
1
0
0
20
162
7
6
0
0
0
2
16
27
1
7
2
0
3
3
3
0
13
1
0
0
0
10
45
13
0
12
0
1
2
1
0
0
0
0
0
0
8
0
0
50
3
0
1502
3
32
2
55
16
0
0
10
0
0
7
44
0
46
8
2
797
7
13
3
0
0
2921
2901
1
14
0
0
108
715
0
7
319
1
35
3
0
46
0
3
0
60
0
1
2
0
5
0
14520
13
9
6
0
0
0
0
1
0
1
51
2
0
0
0
7
2
0
0
47
1240
0
1
6
6454
0
0
13
5
0
4
77
0
2
0
20
0
0
2
91
2
64
0
1
3
0
419
0
26
0
1
926
1
21
1
0
12
507
0
0
1
1
0
823
0
90
17
1
0
12
1
0
0
0
12
0
1640
0
1
0
85
0
0
0
0
527
0
13
4
2
46
0
3
44
0
1107
21
0
0
0
2
0
3
0
0
0
1
0
3
0
0
1
28
1
0
8
1
4
0
3
0
0
1712
0
0
2
0
1
1
0
32
1
0
0
0
0
0
225
0
908
0
7
0
1
3
0
13
935
0
2
0
0
6
0
3
0
0
11
1
24
25
4
0
32
0
0
0
0
0
0
0
0
0
0
3
7
163
0
0
284
3
0
0
1
17
2
0
0
29
2
0
591
0
0
1
0
0
0
0
2669
4
0
0
42
1
388
0
0
0
8468
0
482
0
1
0
0
687
0
4
63
0
0
5841
1
0
0
40
1
0
5
0
0
0
69
0
0
587
0
0
209
0
1831
2
1
10612
0
11
4
59
32
116
0
1
1
474
1116
1
0
5
70
1
62
0
9
40
4
0
155
6365
0
58
0
8
0
3
1
22
49
2
8
33
2
19
0
0
50
8
5
17
33
0
4329
1
0
0
0
0
0
0
0
2
0
1
1
0
1
0
4
18
503
0
0
186
0
0
0
1
4
1
40
0
3
0
0
0
3
0
0
60
0
3
0
3
9607
0
0
1
2691
3
381
12
0
0
0
782
72
219
2
10
0
2
104
0
11
63
0
0
0
0
0
205
10
0
7
19
0
4
0
0
17
148
87
0
3
0
0
0
0
0
38
0
1
12493
5
4
47
0
0
0
4
0
9
1
0
9
0
182
0
15
112
17
1
11
248
1
0
1
139
5
22
1
0
260
0
5
0
56
0
2
101
0
0
0
1
84
0
0
50
2
0
0
1
4
41
30
1
0
116
1
4
0
1
97
14
0
0
0
1674
0
1
0
0
0
1
0
971
1
22
0
5
5
7
0
3
4
0
0
1
1
175
1
0
0
0
23
0
2
0
1
8
3
3
1
1
0
8
0
0
10
26
75
72
3
0
8
0
350
0
0
3
23764
102
0
31
2
0
0
12
0
0
20
57
1
0
0
6
0
0
0
0
2
0
0
22
6
3
1
0
3
0
0
0
1
1
79
115
0
183
8
2
10
1
134
0
8
1
0
635
926
0
0
18
0
0
1
1
51
7
2
16
0
2
421
3
1386
0
0
1
45
0
0
0
0
0
0
29
8
0
7
51
0
0
0
2
0
0
2
0
15
0
1
0
0
0
1
6
1
0
0
11
0
0
3
52
38
10
14
1807
0
10
1
20
0
0
1
0
1
7
1
0
976
1044
0
0
116
1
0
4190
0
0
1
0
14
0
532
1
107
0
2
0
0
0
0
4
1
5
0
0
1
0
0
0
0
2539
0
0
0
0
3
3
0
0
180
0
28
1
3
0
20
37
1
0
2
0
0
41
0
6
0
464
0
0
0
0
0
0
0
0
161
0
40
1
0
1
3
0
5
0
32
7
171
5
1
0
1
87
0
1
0
0
0
1013
0
0
0
275
2
3811
0
0
6
1
40
1
0
0
0
3459
56
0
6
0
56
138
0
16
3
5
33
0
13
57
0
0
218
20
0
0
1
0
0
1
12
784
26
0
0
217
11
6
0
0
1
37
72
21
0
0
55
9
5
3
0
7738
1
1237
118
0
1
1132
0
1
0
0
0
8568
0
59
0
125
49
2
1
14
0
2
6
3
1
5
0
1
0
1046
1
1
0
173
0
0
1
0
2
3
0
0
0
0
273
68
2688
3
0
0
0
0
50
2
1
1
3
1
27
0
0
242
0
0
14
19
1
17
0
3
0
67
0
0
23
50
2
0
4
62
0
21
3491
23
251
0
533
5
4
6
1
10
2
0
566
0
2
4
0
30
0
1
78
0
4
0
1
0
39
0
12
356
0
0
0
0
0
18
909
9
4
6
0
15
24
141
0
5417
2
0
302
0
55
1158
0
3096
0
0
9
1
0
0
1
141
3
0
0
7
35
0
0
0
0
8
0
0
0
1
0
2
18
570
733
2
0
39
0
5
25
0
2
3
0
0
78
0
1
0
0
0
1
6
3
34
0
0
702
28
1
5
1
0
2
0
0
1585
5
19
2
0
0
1
0
0
0
16
833
41
0
21
1
13
0
0
15
78
0
0
0
34
0
0
0
21
0
0
0
0
0
5
1
0
3
11
0
0
1
13
0
2
0
23
0
0
0
0
1
0
0
10757
0
6
2
3
1
411
0
0
36
1
0
3
0
0
0
0
4
0
296
1314
1
0
11
215
7
48
0
1
1
0
224
113
2
1
1
15
0
19
0
539
408
0
126
0
7
0
1756
8
1
1
69
1
0
15
0
0
11
0
0
91
28
18
0
0
0
0
1
0
0
0
0
0
3
1
0
236
0
443
0
0
0
0
42
41
0
0
5
0
0
0
13
1
0
2
2
2
0
0
0
29
3791
0
1
0
0
0
1
1
3
0
40
4
0
1
0
0
555
6
0
6
0
0
2
1
31
0
1366
0
0
0
87
0
0
0
0
0
2
1
0
0
0
0
0
212
1
0
0
0
2
0
12
0
129
3
0
2
0
0
0
0
0
0
1
323
2
0
138
264
0
0
0
2
8
0
0
0
0
22
0
35
78
7
81
0
4
0
174
2
92
0
5
47
0
0
0
0
0
0
0
1
3
0
22
0
0
0
0
0
28
0
0
10
41
3
0
0
0
0
0
13
1
11
0
0
1838
32
0
12
16
0
0
7
10
0
7
5
1
1
5
0
17
0
20
0
3
7
0
9
1
0
0
1
0
0
2
2
489
1
42
245
0
248
0
0
1
1
1
3
0
0
0
0
0
0
0
103
11
280
1
705
0
17
10
112
0
59
3
12
0
354
267
0
0
7
2
1
1
1
14
0
1
0
1
1
3
106
8
5
66
0
1
0
0
0
2932
1
0
0
3
9
0
3
10
1
0
0
7
0
0
1
0
0
190
220
0
2
0
0
0
0
1
1
1
1
0
3
1
0
39
1
0
144
1
0
0
24093
20163
12185
0
2909
1887
1932
0
8580
75
8250
1612
75
32423
6
163
832
3566
55
848
1612
169
1612
87
28
38
17129
187
5104
1887
320
20885
408
5104
374
5659
147
1612
9806
15215
992
0
419
444
10939
87
5104
65
1060
17049
38
26367
4151
4769
374
11430
0
15795
103
4842
6075
3423
39470
1612
3742
18
1
6526
3
478
50
8204
54
0
1032
11
0
0
0
11615
3
5
2
1017
11
13538
11
7580
36489
33
3
5178
720
40
8025
451
44
326
644
53
163
11
166
524
57
8204
8
11410
13858
116
18457
24
51
8
4
9598
165
10
10308
0
6526
4
17
197
3
3
2426
11
681
2144
373
10492
7
19122
0
0
1599
111
4
30
111
12032
0
731
0
21775
0
0
0
1
128
33
286
17
540
3
0
8
624
35
39
41
1193
0
4
0
0
5
27451
43191
18
27
2441
2976
8
179
2930
1677
19
228
4
0
30
13
10492
179
5
28
0
488
20521
0
0
8
13449
4
0
0
53
0
841
208
4150
111
31
435
1386
4976
0
68
10377
30
0
8
693
448
610
5
0
26
0
8
251
92
313
303
18
198
3497
0
15
28
0
11
572
30
485
0
70
2
0
22
3265
415
1443
10
72
84
4
296
0
7
0
3
3
0
75
59
0
97
170
375
37
114
0
227
515
0
0
2
7090
76
11
0
199
32
0
27
2
7861
29
23
39
19
217
145
4
1128
56
4805
4
10
2
0
399
17
131
0
1404
312
167
46
110
2636
11013
0
10
4
2
0
0
485
11462
28
0
1
21506
69
15
0
4
38
100
1
4
9003
0
478
0
0
0
850
0
0
3
2113
0
167
32292
1404
38
4
1
1
195
11
369
21
9
0
932
74
0
3
0
0
18
0
9
100
10958
0
55
0
309
2946
268
4
34
1294
192
103
236
121
14642
31
0
4674
851
0
1516
6695
0
0
35
1
22
19
16238
8
8
2
0
0
1
0
0
18
2
0
66
9
0
16
967
338
0
30
5212
0
355
0
13
1263
2
0
0
1
2073
2
6
44
205
35
41
0
49
2
119
0
1
0
1
0
27
0
8
2
4
21
0
141
0
0
574
14
4963
0
48
509
5
1
9
49
387
0
147
174
94
0
5
0
0
88
12
0
71
0
0
0
1
385
11
154
28
3
0
4
1
3
4768
1
573
676
51
1493
0
22
1
0
3007
32
186
3002
0
12540
0
16
0
108
308
0
0
0
3
20
0
1160
25
0
0
50
170
14
194
19
1589
218
3
0
71
1
38
0
862
0
4919
0
523
6
3080
2572
0
59
35
2
119
1
1
2
88
13
5
19
24
6360
3
7
2
0
1
16
0
0
4
2335
0
0
0
0
0
51
205
0
1
961
3
5
1
2
0
2008
74
119
175
1474
0
3
2
36
0
1
0
29
1
1
0
2
0
77
2
0
3
109
89
1431
639
41
0
52
41
0
781
17
106
28
0
1
13
4502
3
0
0
2229
0
13
0
0
2
113
1
630
1531
2
1
2
4
1
27
0
72
589
22
0
53
14
0
11
1268
0
157
212
0
0
341
0
0
10
1
0
0
31
2611
0
0
2
0
0
2
1726
0
0
1
2283
416
15
1
108
43
0
0
975
9
2
0
0
7
0
4
158
0
0
5
0
0
2
14
0
1
0
1
0
2740
13
345
0
0
1
736
0
501
67
0
1244
479
951
0
2643
17
8
73
30
0
3
0
0
10
1
3
0
1
7068
0
1
2
39
2
74
200
3
154
0
0
296
524
0
3347
35
31
2
2
134
0
0
2
0
3558
36
15
0
42
0
263
10485
1846
20
56
0
85
1682
0
0
0
68
7
0
2
0
0
640
23
247
2
0
7
0
0
0
0
1
107
1
17
0
1604
563
3
0
0
5
0
31
195
29
1119
3
29
0
1917
43
904
5
0
0
0
0
10
96
65
148
701
32
0
0
0
786
20
985
74
600
1
35
227
1
15
2883
216
36
690
0
21
162
7858
25
0
2023
131
0
65
0
0
165
0
0
125
0
0
127
85
0
0
4
23
0
1
83
276
1
0
2
4
4
0
0
4
144
254
122
21
109
0
3740
0
1211
17
2
0
2
5
31
37
0
0
253
24
43
2
0
1
3699
713
126
1050
0
1
0
0
0
65
603
692
1
0
27
3
1
3
243
9
0
1
1233
2350
56
1
0
1
0
289
160
18
44
523
14
1
33
1
0
0
2
76
4827
3671
0
27
34
0
3103
0
1
0
83
9
0
26
2
18116
0
20
3
60
2
4
1
56
0
414
699
1
253
0
0
0
2
0
82
0
3
26
0
31
3
0
1
0
0
0
1
638
0
7
684
0
0
2096
7
7
0
1
7
9
64
31
14
2
169
38
233
8
21
0
5
19
2
109
1
0
45965
0
0
4046
15
6
4
11
19
1719
3
15
0
15250
16
0
0
27
9
0
42
0
0
10
0
0
2
0
0
0
0
56
7509
43
0
0
51
0
9
15
11
333
10
4927
69
980
13
2
2
0
1
3
0
112
0
1
2
0
6
0
411
0
1
75
14430
3
0
0
1695
0
0
0
0
0
9
0
0
2
1087
0
31
0
109
0
0
1
5493
3
0
440
162
101
2
1
642
0
261
1
0
0
29
35
604
1
0
9020
8
31
1
0
2
1
89
2
0
36
19
0
0
2
9
0
25
19
1
2
29
300
20203
38
15625
1
0
721
34
0
26
1582
2801
1
32
455
0
0
0
395
0
0
2397
76
1
1
0
0
0
0
9
85
0
3
45
0
0
0
0
0
8
3
21
49
0
0
647
0
0
0
2
0
16
807
63
1
0
4
1
1
808
95
973
257
5733
18
4
1
0
432
3
60
1
0
40
2
0
149
0
43
1
0
0
4
0
20
0
0
5
0
12
0
5
0
0
0
5
1
3
3
0
0
5
38
1352
0
11
0
46
3
0
3
19
0
25
0
0
2
0
3
1
0
4478
329
0
7
9
2
339
0
1
1119
32
0
893
17
49
42
0
0
25
2
592
0
0
0
0
145
14
366
0
15
8
0
2
0
1
0
0
0
4
0
297
0
67
0
227
2
70
0
1495
8188
1
507
7
0
41
2
485
0
4
62
0
3
23
0
126
0
0
0
0
49
0
1
1
5
0
26
1
505
0
0
1
14
0
3
0
268
5669
0
1
290
281
5
2
7
2
6
0
0
3
0
2
0
1
4
2094
0
2761
1
1
0
352
0
96
0
117
114
0
0
232
64
9
1283
535
5
1127
3
0
12760
0
0
0
1
8914
0
14
1010
3959
26
7
5
0
0
0
267
0
166
218
0
1
223
0
1
24
2
113
0
170
0
5
2
1
1
0
1
3
0
575
518
5
73
0
2
0
0
8
1
2
656
0
1
0
1171
22
715
40
6283
96
0
216
79
0
32
0
0
0
1
9
4
41
0
3
4
0
6
10
11
509
34
3926
0
0
0
0
1003
168
0
0
5
6
0
9
103
25
0
10
0
0
0
0
1
1
340
57
1091
2561
0
0
0
1
0
65
3148
1
5
97
5463
0
3
0
0
0
104
4
1641
0
0
0
0
0
0
31
1
1
0
1
0
0
165
0
2
0
322
0
13
0
0
276
0
0
0
0
1
44
0
0
3
0
1
0
0
0
0
5
2
1
6
5
0
82
2707
6
0
59
86
2
11
1970
1
7
1093
49
2
1
0
0
22
140
586
0
4
72
0
0
5
0
4
1
2
2332
18
8
3
23
5
0
20
108
61
0
1857
0
3
0
0
0
0
11
4
1
117
0
5
164
0
35
0
0
36
0
219
573
4668
20
71
5
2
82
0
3235
80
57
0
6
10
1
23
9
9
14
8
25
9
9
1
0
0
0
0
1
0
0
0
12
1866
0
41
1
0
4315
0
82
0
0
0
3108
10
495
0
0
0
50
402
15
2
6
0
21884
0
0
0
471
1
78
0
1
444
1
4602
17
26
58
5463
0
5
4
894
11
2402
179
0
19
73
36
15
0
0
1383
0
4
42
0
0
0
0
0
1
44
71
0
0
2
2
58
0
2
4
1
0
12
3
0
1
11
0
51
0
43
0
0
10
1
9
1
5
32
274
17
0
0
33
218
0
0
0
452
3
2
4
3
24
127
0
29
3
51
2
0
2
0
0
5
0
1
0
0
1
3
0
115
0
1
43
0
159
4
116
0
0
0
0
0
1
3
0
0
2
1463
7
22
0
7
0
5
12
0
644
0
887
303
0
0
0
0
3
569
0
0
0
22
957
107
0
4110
1
111
356
1
110
2
0
5
0
676
14
1
19
2
0
0
1
474
1
0
0
1140
6
2218
0
0
0
3
3
60
3174
0
0
22643
0
3387
0
5
0
0
0
21
2
0
45
0
1
72
1
0
578
2
8
1
202
8
0
5
0
41
0
0
4
35
2482
3
3
0
84
549
247
2
0
1
1
0
0
5
0
0
10
6
1
1
2
102
0
2574
0
40
0
81
0
19
0
1
402
2254
0
2
0
1
114
636
0
0
0
13
4
0
0
0
0
0
0
3658
0
50
0
49
2
4
0
14
0
55
0
1
0
0
11
187
0
4
165
22
1
27
1
0
90
2
0
0
1
445
17
0
116
0
3
0
1
6
1
0
2
20
34
5143
0
2
0
0
0
0
0
2123
0
0
0
1
0
10
0
175
0
0
2
0
0
0
0
5
1
0
1
0
134
1
3
1
0
24
0
0
2
0
0
0
2
26
0
2
22
18
0
1
9
3
2573
0
99
0
0
0
27
37
0
0
0
11
60
2653
186
73
107
417
0
0
0
9
233
40
0
0
0
2
0
0
0
0
104
1
96
2
1
0
0
0
924
69
0
1
2
520
0
0
394
1
328
0
2293
76
2
7990
0
0
1
6
0
3851
6
0
607
0
127
0
21
3
3
0
4
3
0
9
2
0
1144
1
8
3
0
2
0
19
0
86
1690
0
0
2
1
0
2
1
156
1824
0
1
0
1213
1
0
1
0
0
0
0
0
3516
0
15
0
6
186
128
0
29
3
751
0
6
16
45
1308
0
0
0
0
0
175
9
897
0
0
31
11
0
2918
0
1
7
1
3
0
0
0
0
1
3
1
3
5
0
0
0
0
0
0
0
0
5
0
0
374
150
6
0
0
0
3
16
0
100
0
57
0
26
476
20
18
0
0
0
0
96
0
0
0
13
0
6
0
409
225
614
1
2997
2
0
35
0
2
57
4
8
0
0
1
0
0
0
0
3
0
2
0
5
64
0
0
0
0
1367
0
4
1
40
20
0
0
0
0
3
4
7
0
0
6159
120
0
2768
4
1
7
0
0
0
0
764
37
0
36
0
89
388
10103
2
27
23
0
266
5
1
346
0
15
27
0
1
0
0
6
0
0
798
24
335
159
0
48
2
0
0
4
0
1
3157
9
0
0
7
0
14
2
1
346
0
0
2
5
0
21
17
0
0
16
0
6
113
3
0
0
1
25
0
3
7
2
24
27
0
252
3
0
2
72
50
0
1
1
13
0
0
1309
0
345
0
0
28
16
0
34
10
178
2
308
0
0
0
2
3
2274
1
0
169
41
4634
0
15
6271
0
79
1
0
19
120
27
0
12
2
5
0
3
247
0
129
6
29
0
2
1753
402
3
0
0
0
112
718
22
0
0
137
0
0
21
0
0
7604
1687
1947
0
1
0
13
12
8
5
6
0
0
1
1
1
0
0
262
7
0
0
0
1
8
0
44
0
978
0
2
0
0
10
0
1
0
177
3
1
305
1
0
1
3
0
6
0
7
2
13
1
23616
0
2
24925
23
2
0
0
2835
9
0
847
2
425
0
0
25
0
0
21
24
0
522
53
0
160
0
209
55
6
0
597
2
0
0
0
0
0
0
2
0
8
354
0
7
260
1
0
397
0
230
0
0
0
927
0
41
0
0
0
11
444
2999
0
8
3
1
28
1
0
52
0
13
24
0
5
8
0
450
0
10
0
45
0
7
1
0
0
0
0
154
0
0
2
5
7
1
0
0
0
6
0
0
0
0
0
21
0
796
5
0
0
0
0
7
1
5
0
18587
0
65
18
7
0
256
117
1
0
3
22
0
2
32
0
542
734
2
1330
34
2617
2556
0
125
0
1
0
1
1
2103
1
0
321
0
1694
4
128
0
342
587
0
0
0
2
0
31
0
30
1
2101
14
1
13690
0
0
0
258
1
37
3
0
0
1
5
0
19
0
175
0
176
11
2
11
695
9
0
0
5
0
519
0
11
5
9
2
0
0
0
3
424
0
8
14
1
6024
0
0
1
0
0
0
116
0
323
51
0
493
3
105
5
1
6
24
0
11
1
3
54
0
0
60
0
3
0
0
70
0
2
0
24
0
0
4
0
0
49
583
1
112
0
17
1
2419
5564
37
447
3
0
0
849
4378
1179
9
0
0
0
0
4
94
6
0
0
5
0
0
0
19
184
4
0
932
0
0
0
1
1
1
230
7
0
4
0
0
0
0
4
0
16
2
0
0
0
0
0
0
0
0
1
0
0
886
180
2
1
0
0
18
7
17
0
0
0
2
1
85
161
4
878
0
0
0
0
213
0
0
0
1
4
0
10
0
0
975
0
0
843
7132
0
0
0
277
0
2
0
34
1
0
4
1
0
0
0
0
12
32
0
0
0
0
0
6
48
4
3
0
134
0
0
49
3
918
2833
26
3279
124
0
1
0
1
0
0
0
32
0
0
60
1
1
0
0
243
0
0
0
1
0
14
0
1
8
0
0
3
0
0
0
2
7550
0
2
0
13
624
0
0
0
49
3
1
0
0
73
0
0
178
268
18
282
10
636
729
22
0
0
5963
252
191
0
45
46
0
0
2
0
0
2
2
1
2
613
0
0
1
99
2521
0
1
20
0
0
0
0
0
0
35
3
0
0
864
1
3
50
12
1388
7
1
0
5
127
2
0
0
2
1
16
659
0
0
2
0
1
1
1
10
305
0
0
24
2
0
422
0
1
0
3
91
32793
0
0
336
102
0
0
0
43
68
0
0
1
2
0
0
0
1
46
0
0
493
0
0
12
2609
0
0
4
0
0
2
1
708
0
3
0
1
4
36
6
0
4
18
2
0
15
5
0
97
15
0
0
17
0
7
1737
350
0
1
12
11
6
82
7
16
0
6
0
0
0
2
3396
45
1
0
0
3
0
1
0
1855
0
0
0
2
2
1
71
22
1
1
0
1
33
0
1476
1962
14
1
0
2
0
31
47
0
0
0
0
0
2
666
0
166
12
4
15
0
5
0
1001
6
0
1
413
0
27
1801
1964
0
0
624
2
1
7
1
1014
1
0
0
38
0
0
0
0
2
1
1
0
0
1
0
3
6
304
0
0
2
49
0
638
0
19
316
2
0
6
0
1
0
0
31
3244
0
0
1606
0
0
567
1
0
0
50163
0
48
5799
215
344
0
0
7108
0
0
4
0
79
0
21
2200
6
5
0
94
1
4
23
0
57
6
25
2
245
0
0
26
84
10007
3
6
0
9
6
8
0
9
0
85
4
2
1
0
0
0
0
1
244
1
0
10999
1490
0
0
4
0
298
1
1043
34
208
4
0
2
227
0
0
2757
13858
2
0
140
1
0
23
611
2
0
0
0
1
0
0
0
0
6
0
0
0
4
0
0
0
0
3779
4
0
70
0
17
0
1
17
11007
1
0
0
2
0
0
1
109
18
0
0
1
4
0
8
1
11425
25
108
12
0
0
0
0
27
0
0
118
11
145
0
75
0
0
1
0
10380
0
0
0
3
150
0
44
0
1
2
0
0
339
0
368
0
0
10
0
2
41
0
3
6
3396
3
108
37
8
0
0
0
0
0
2573
25
1
1
5
0
7
1
58
0
75
0
785
0
0
3931
241
0
859
0
0
2
0
0
9
20
0
0
194
5
75
0
0
1
44
27
1
4
12
52
0
0
1307
4
0
0
0
16996
5
10
0
21
0
155
6534
2
0
3
99
0
19
18
15
0
0
2
371
1161
0
0
3
1
322
2
0
882
1
1
0
120
212
1
0
17
8310
1
1
0
0
0
6
0
0
2
0
3
2
0
137
1
0
66
0
12
0
0
0
0
0
0
874
155
0
15
1
0
432
3
145
179
793
0
0
3
0
43
1
1
324
38
26
0
0
107
19
5
1
20
0
8
0
38
0
20
0
1
0
11
3403
0
1
955
15
148
0
0
0
0
457
1
1
0
0
285
0
1
4320
1
0
0
1089
8
0
2
427
318
2
0
1
6
0
7
5
0
0
10
10
0
0
0
335
0
1
0
6
35
0
0
1
6
500
2
1
85
0
14098
0
0
4
1
1
0
7172
0
0
172
187
0
0
216
120
0
0
0
11
0
0
0
0
0
304
0
0
0
85
0
0
0
1
11
90
2
0
0
1110
12
4
4
3
0
0
76
0
2
0
22
277
0
1
261
0
0
104
0
11
1
0
0
0
559
28
0
0
0
5
0
1
0
14
0
2012
0
0
324
3
3
0
2
0
0
0
877
0
0
0
0
0
0
2
58
1
0
0
0
0
76
1
0
0
85
2163
0
1
0
5
0
0
0
859
0
0
23
3
8
0
0
0
58
468
21
3
1
19
5
20
0
1
210
53
0
13
0
1
0
39
0
0
3586
1
0
1
2
404
1
0
0
0
5
25
4
0
0
0
26
0
0
138
4
4
0
143
4
23
20
0
0
82
0
0
0
167
0
0
3
393
0
25
0
1
2
18
1
4
0
3
200
183
0
0
0
0
0
0
1
0
0
0
0
6
0
0
2
3
0
0
1
675
0
1
1
1
11
151
0
0
0
7
0
1
0
30
4
1
1187
1
0
34
4317
0
5
20
5
0
38
45
0
2
110
0
607
0
0
39
0
11
2
88
0
1
6
3
0
1
0
2
0
2
0
2
1925
0
0
6
0
0
0
0
0
0
14
29
0
0
21
0
44
0
2
0
0
0
0
0
0
1
0
50
1595
1
0
21
0
0
0
1
0
0
0
0
0
55
1
11
3
7
8
26
76
0
32
0
0
0
0
0
346
5
2
1
36
0
0
26
10
0
0
3
0
0
676
0
4429
0
0
0
0
0
1661
0
0
165
0
0
0
262
0
133
1
1
4242
0
162
0
0
2
1
0
31
0
0
115
1
0
286
135
1
2
5
8
2
3
0
4
20
0
53
0
12
3
7
3259
60
0
4
1
0
19
3
0
0
74
0
0
1
0
45
4
165
0
0
1
4
0
0
12
1
0
0
2
0
0
0
7
8
0
0
10
43
843
1
0
8
289
1177
12
0
1
0
0
5
0
0
963
42
15
107
0
0
1171
537
0
6111
0
2
11
6
135
0
3
0
3149
203
0
0
6
5
0
0
0
0
0
441
0
0
2
0
1
6
3
3
0
28
0
0
0
23
2
0
13
0
2
0
0
19
3
2
6
4
164
0
1
1
522
1192
0
0
199
3
0
2
13
0
0
0
0
66
49
0
4
0
2
2
0
0
70
0
3059
0
32
0
0
0
0
623
0
29
0
1
0
2115
0
3
0
10
0
0
8576
0
0
0
88
3
134
0
7
0
16
923
0
53
2131
3348
7
338
21
1
32
380
0
6
14
154
0
6
1
0
0
0
0
0
7
0
2
0
3
1239
3
0
151
218
6
0
0
0
0
0
28
1
12
0
1
22
41
3741
516
0
0
0
0
244
0
466
1
209
1
36
1
181
58
5
224
1
8
0
368
0
0
0
1
0
8761
133
1
0
5051
1032
0
13
123
0
6487
0
107
2
1
77
4
0
1180
11
1
903
4
57
930
0
1
0
0
2
1
248
1
0
0
1
0
5
0
1
57
152
3
0
1
0
0
0
0
4
127
0
10
0
12
6
6
331
1
32
2
0
4
0
1
0
0
0
991
12
0
0
202
0
0
1
3
0
757
0
0
0
0
17
0
0
82
0
0
404
0
0
39
1095
17
47
3
0
0
310
0
0
0
0
1
2
1
2
0
61
0
0
0
0
4
175
3
0
1
0
0
1
4
1
197
0
123
18
1
4
2
21
14
2
14
5409
0
0
0
4
10552
10
0
1080
4
2
0
0
60
1
0
0
0
0
0
0
19
17
0
2
10
0
1
0
124
5
0
5
2
1
0
90
6
0
2
0
109
174
1
9
1
0
0
0
4
1
0
7
0
0
0
2
2
29
0
10
7
0
0
31
0
0
0
64
0
5
74
19
0
0
0
1
40
0
49
0
0
0
214
75
2
0
0
2
1
1
2
760
0
1
0
0
2
0
0
87
0
58
2
0
544
5
2
54
7
766
18
0
13
2481
3
3351
8023
0
1
0
398
3
12
0
4
60
48
1
0
0
0
5574
0
0
2
12
0
0
1
0
0
43
0
0
732
1
25
17
0
1
0
0
2
0
0
0
11
139
5
0
96
2
1
194
0
0
0
1
0
42
1
0
61
1122
2
781
20
1
0
1
314
13
1
0
7
0
771
3
50
1
3
243
86
0
4
38
2691
186
18
4
583
0
0
0
3
0
0
0
0
0
4
0
0
1
361
0
10
0
123
1
0
0
0
1
2
5
0
370
0
0
16
0
19
0
274
0
0
12
23
1
3
0
1
9
0
1
9
0
7781
2325
2458
0
8
1
52
830
0
0
0
0
5760
0
2
1566
7825
0
0
101
1
892
2
0
0
0
10
0
0
156
1
0
0
1
0
39
23
12
0
9
0
298
0
1
0
30
0
0
0
0
0
0
0
20
19
2
7
0
0
27
1
59
28
0
18998
2
50
0
0
0
2
0
40
5
248
0
295
12
7827
9
0
0
2
0
1
1
1
0
1
0
0
0
77
0
0
0
0
2
0
89
0
0
0
0
0
493
3
16
0
0
15
0
7
23
21
102
2
2358
1
0
8
0
2
3
38
5
0
120
1
0
0
0
0
429
4
0
8
0
0
24
19
0
7
1
2
0
0
0
198
0
0
0
197
0
77
0
256
0
0
0
0
0
99
2
11
0
1
0
314
1
0
288
0
1
103
0
377
0
3
0
0
3
14
78
0
0
3
2
94
0
0
0
1454
12631
25
1
23
0
0
3
2
1
5
340
0
2
9
0
2
6
1
33006
0
40
30
4851
1
0
505
0
30
3
8
0
0
113
0
0
0
0
2
0
0
1
0
1
0
0
1341
8
2
41
3
3820
1
4
4
0
1
48
0
0
0
0
2
2
529
1
0
0
96
0
841
2
41
24
0
0
0
0
9
23
20
0
1
6
0
2
0
21
2
0
2
0
75
8
0
0
9
0
1
544
27
0
2
0
0
39
0
5
0
0
0
0
0
37
2
3
154
0
0
0
1
0
6
0
0
6
5
0
1
76
897
0
4
0
158
0
15
1
0
6
5
0
3
5069
18
0
71
1736
1
82
0
85
135
0
0
0
1645
0
1
3
0
0
0
0
0
1
0
1
0
3
0
0
0
0
0
0
11
2
0
0
1
29
2
1532
0
8
9
9
8
0
0
0
1
475
16
97
15
309
2
0
6953
2
0
67
72
0
76
0
1
306
0
0
1
3
0
0
33
0
2
105
189
21
0
0
0
31
3
0
15
0
4
3
109
30
0
0
0
2
0
0
0
66
0
0
12
1
0
0
18
0
23
0
1
41
2
1
2
2624
2291
0
2
2
2
0
1140
0
1
0
0
0
1
0
1
2
0
19733
27
1
70
0
1
0
0
17
5
0
1
0
165
0
0
0
1
0
0
0
11
0
0
0
0
0
0
0
0
466
11
0
245
0
92
0
2
0
12
0
0
0
2
0
10
61
25
0
0
11
0
0
6
0
4
0
0
1
40
0
0
1235
0
7
0
155
0
0
5
0
30
5
0
1
0
0
0
7
2
0
0
4
12
0
8
9
0
0
0
0
0
0
0
0
0
52
6
0
4
12
43
18
0
92
15
4
0
0
83
0
21
0
0
0
33
10
8
0
0
0
0
2
0
0
1
3
0
3
0
1498
701
3287
2
392
86
23
3
6
0
0
0
0
0
0
0
29
859
0
0
0
0
0
0
2
0
1
0
52
25
0
0
2
0
0
1
0
1
55
3
0
0
0
56
0
0
0
0
58
0
0
0
104
20
0
1158
0
1
10
0
0
1
1
0
3
0
1
7
252
1
0
0
1
48
18
0
3
16
0
0
2
31
2
22
0
0
0
15
0
0
0
0
1
145
11
0
0
0
13
0
0
0
747
116
40
5
0
75
1
0
0
0
0
5
533
5
0
5
0
0
0
0
8
4
473
0
74
1
14
1
69
0
4
0
0
1
0
1172
9
0
1
0
0
0
0
65
0
101
0
0
0
0
1
1
0
8
0
15
1
0
81
0
5
0
7
0
0
0
0
0
0
0
0
0
0
1
7
720
8
126
10
1129
2
2
219
1
1
2
0
0
0
1
25
0
29
0
0
1
0
14
0
0
28
0
10
6
0
0
0
1403
0
47
2
0
65
0
0
2
0
0
28
15
0
11
0
0
867
0
0
0
1
0
6
0
0
0
1
0
5
28
259
2289
1
3
0
0
0
45
634
13
7153
9
0
54
0
0
0
6
0
0
0
42
0
0
1
2
0
8
0
0
1
1
1
604
0
6
1
0
0
102
3
0
0
0
29
2
0
18
0
53
0
1
5
2420
0
9
1
1
626
3
9
1
0
10
8
9
2
1
6
0
9
0
0
66
144
0
0
0
0
20
0
3
0
0
0
3
0
0
5
0
0
0
6
0
1
0
23
7
65
18
0
0
22
130
0
74
1
0
0
3
0
6
7
1
0
0
73
0
37
1
6
2
1
41
874
3
0
190
2
2
0
1012
0
0
60
18
216
0
3
24
0
21
0
0
242
8905
0
4
0
1
0
0
9
1
0
0
0
0
0
0
217
0
0
0
0
16
329
0
0
0
195
4
1
5
0
0
1
0
64
12
4
3
52
19
14
0
0
0
1
1
0
55
0
3
620
10
2
10
3
12
0
210
74
3
0
0
0
1
0
38
1
1
0
1
3
142
0
4
0
80
28
0
0
0
0
0
395
0
5
0
4
0
18
0
0
0
1089
0
5
50
7
52
0
7
0
19
1
0
3
0
0
0
0
5
0
71
1
0
0
216
0
0
0
13
0
0
1880
11
0
0
1
9
0
0
1251
0
0
36
15
0
166
0
35
0
1
0
0
1
0
0
0
0
1
0
0
0
0
61
56
0
1
15
0
1
5
64
4
0
0
1
391
85
0
1
0
3
0
31
0
2
2
1
0
0
13
1
0
28
7
0
0
2
0
0
1
0
0
226
23
0
0
0
0
0
139
25
0
0
0
0
1
0
1
0
0
1587
4
0
0
24
1
0
0
0
0
25
146
0
1
0
0
0
45
16
0
0
1
5
16
8
2
0
0
0
4
263
64
0
0
874
1
0
2
7
6
5
14
0
0
0
6512
2278
0
0
0
7
0
0
324
0
0
0
0
1
0
516
4
1
0
5
40
0
0
86
0
1
1
6
0
137
0
19
2
14
1
0
1
2
1
214
1
0
0
0
74
2
216
12
0
41
4
2
28
2
1
22
0
0
0
16
115
0
0
9
6
1
0
0
0
1
0
0
188
1
0
0
0
0
0
0
0
0
0
1
1
0
1
0
0
0
0
384
0
0
0
111
1
11
0
0
2
1
44
1
0
1
68
718
39
24
0
0
2
9
3
0
0
138
18
304
29
128
51
1
0
0
1
31
0
1
0
0
0
0
0
0
31
171
0
0
0
0
4
0
0
0
1
22
0
0
0
0
0
1
0
2
642
2
0
6
0
0
2
0
0
89
1128
0
4
1
2
0
0
15
718
9
6714
17
58
0
2
0
2
0
0
0
15
0
0
0
1
0
13
49
0
13
362
0
0
0
219
0
0
0
0
0
25
0
0
0
0
12
0
0
0
1
1
1
0
427
1
0
103
194
0
9
0
0
21
0
0
1
10
1
2
0
2
0
11
0
7
14
170
3
2
0
172
0
70
1
1
17
0
1
1
429
8
10225
0
621
15
4
928
0
10
15
19
0
1
2
1
0
2
0
0
189
1
0
0
2039
0
21
0
117
137
0
0
0
0
20
1
136
0
67
145
0
6
889
0
0
11
2
15
0
0
0
1
1
9
0
2
0
23
15
0
159
0
0
0
0
0
12
0
1
0
0
0
0
2173
2
0
0
0
0
0
4
0
1
0
54
5
0
0
1
1
0
1
83
31
23
89
36
0
9
0
3
0
0
51
0
0
38
0
11
1
615
2
181
1
11
4
2
0
745
1
44
0
1
1284
0
1
0
0
50
0
0
2
0
0
1
0
0
8
4
0
0
0
433
0
0
0
2
37
1
6
0
0
0
61
38
107
7859
52
3
68
12
48
10
0
1
165
0
2
0
0
0
0
1
0
0
4
0
4
0
1
83
119
0
14
0
0
124
0
51
0
50
0
16
0
0
13
0
0
1
0
0
1
16
1845
32
1
1
1
0
1
0
0
113
58
0
0
6
0
0
0
0
2
0
0
99
6
0
0
6
3
517
0
33
1
0
0
31
1
0
16
0
0
5116
1
0
87
2
3
91
0
0
2862
0
0
269
0
2
0
28
13
0
0
227
0
0
1
0
42
0
2
0
19
0
1
5
0
0
0
3
0
0
0
23
5625
83
2
8
0
6
0
0
1209
0
0
10
0
65
0
4
317
21
398
7
19
0
0
20
3
6
4
336
0
1
1
178
0
540
0
2
0
0
120
0
2
0
0
153
0
0
0
56
0
0
0
0
268
1
0
0
0
0
0
22
0
2
5
1
20
0
1
1
75
3
2006
0
3
0
427
0
117
3
8
0
3730
657
0
0
0
2
374
4
3
1
0
0
2185
0
1553
1
1
10
0
0
0
86
1780
7
0
0
0
64
0
0
1332
0
2
0
431
0
0
2
2
325
2
0
4
0
0
0
0
0
0
0
4
0
0
2
1
21
2
1
0
470
4
2
1
97
0
0
0
0
0
0
12
14
2
2
337
0
1
0
109
115
325
3
0
0
0
8
27
3
72
0
0
0
0
0
0
1
0
0
1
3
0
2
0
0
0
46
7
0
0
0
0
0
0
0
4
7
16
1
0
0
5
1
0
1
3
3
0
4
148
4
415
1412
330
0
7
25
413
942
286
1690
2578
24
6
77
1
0
1650
54
0
6
2115
3
4
3
0
1
15
51
77
20
7
0
0
0
1
0
0
0
0
1
1
0
0
0
0
0
0
0
14
0
0
0
0
258
0
1
99
4
0
12
3
364
24
0
9
95
19
5
2
27
1
4
0
35
0
1
0
6912
5
2
102
0
17
0
2
0
1829
0
0
0
1
40
0
9
0
0
0
0
3
8
1
0
0
1
1
0
0
1
1
0
0
0
5
0
0
1
2
10
49
2
2
0
0
0
21
1
0
11
1
174
0
9
117
6
2
44
0
3
0
567
0
653
0
0
0
1
80
0
103
0
0
0
0
6
1
133
3
0
146
0
0
0
0
0
107
0
1
16
0
0
0
14
0
0
1
2
7
3
0
0
11
1866
0
1
0
673
1
0
2
0
2
365
0
178
9
8459
5
46
0
0
0
3
15
18
0
1
7
46
2
0
0
997
21
51
55
0
0
1924
0
0
24
0
387
0
4
2
2
16
865
1
0
2
0
0
0
16343
8
1
0
0
0
8
81
1
3
15
9
0
164
0
98
0
5
304
2317
0
78
0
358
3
0
1
8
7
0
577
0
0
371
2
220
200
1533
0
8
11
0
1
52
0
0
5
0
1
1
0
0
0
0
2
0
608
0
0
11
52
4
0
0
313
0
0
0
2
0
0
722
0
0
95
22299
0
5
0
0
37
0
0
1
0
3
0
3
0
1
3510
22
7
6
0
5
16
16
0
0
1939
0
0
0
0
0
0
1
0
1
0
0
0
14
0
0
7
0
2
2
31
0
0
0
51
1
0
0
27
0
0
0
0
306
4
0
1
15
1079
55
0
638
3
0
1
34
465
0
2
1
0
0
6
20
0
4
3
37
5
26
0
1
0
267
16
0
0
1
0
0
0
2727
0
1
0
0
1
905
0
5
0
0
0
0
54
1
0
115
3
0
1
4
0
3
0
0
0
133
26
8
69
1
0
12
105
10
24
6
1
0
13
1481
1
13
0
0
1
75
0
3
15
0
10
0
21
1
32
0
0
0
0
0
0
1
0
0
0
0
9
0
0
0
0
0
0
2
7
0
1223
0
0
16
9
2
0
0
0
2
2
0
0
905
5
0
28
0
12
0
20
6
53
1
0
20
0
24030
38
829
0
9
5
0
0
32
2
4
13
0
171
1308
1
25
1
0
0
1
10
10
0
379
0
0
0
0
5
45
0
0
0
2
0
1
332
0
2
77
45
19
0
3
0
0
0
3
2602
11
11
0
2
93
12
577
0
296
5
0
0
27
0
0
1
105
3
9
0
37
40
0
9
0
0
0
1
72
5
4
0
0
0
0
20
8
0
25
0
0
1
65
0
0
0
1
11
2
28
1
8
0
0
52
2
6
0
0
1
0
520
39
39
0
66
0
565
0
1
0
0
0
6
0
3
0
32
300
86
17
4
17
0
27
7
1
58
0
69
0
0
0
27
0
0
6
0
0
1
0
414
0
71
0
0
0
3
12
0
0
0
0
0
0
0
1
0
0
4
45
0
0
0
6
1
1
56
0
26
19
0
9
0
1
1
0
0
0
3
0
8
11
104
2
4
0
0
17
84
0
0
49
10
1
0
3
1
0
1
2
9
0
2
28
104
4
67
0
0
1
0
0
0
0
0
8
1311
0
0
0
0
0
2
2
0
0
15
0
0
253
41
15
5
270
4
2
165
76
87
306
93
0
0
0
0
0
0
0
25
0
0
6
55
8
22
0
1
47
0
3
120
1
30
0
0
0
0
0
1
3
6
0
2
0
0
1
0
0
0
0
20
0
0
0
0
0
16
1
0
0
0
15
0
1
0
0
0
0
3
0
1
86
2
0
4
36
1
199
0
1
0
0
1
3
67
57
4
0
0
4
0
0
0
1
2326
0
102
1539
2
0
0
0
23
3
1
0
0
0
0
4
0
0
0
4078
2
0
0
1
0
0
5
31
0
0
0
0
0
698
0
1
0
0
40
110
10
4
0
25
1
0
0
82
2
49
0
0
41
3
0
1
9
1739
1
8
0
65
1
7
0
188
56
1
0
1
0
0
13
120
0
0
1
0
0
0
0
0
0
6190
0
1
1
17
1
1
6
0
0
0
0
0
4
0
0
0
1
0
0
14642
0
19
0
0
11
0
0
0
0
320
23
570
3
1
0
23
0
29
0
1
116
13
21
0
1
0
1
0
0
0
0
0
0
0
0
0
1
939
0
0
0
0
3
8163
0
106
0
0
0
0
0
0
0
0
0
1
0
1
688
200
0
0
0
130
1
0
3
0
1
2
0
2
4
3
3
0
39
0
0
2
19
0
3
4
0
70
1
1001
54
2
0
0
3
0
0
0
22
0
2
0
0
3
0
5
0
3
0
0
0
1
0
561
0
0
11
0
0
0
0
13
0
27
3
10
2146
0
30
0
32
23
0
32
18
0
51
37
38
7
1
28
0
0
0
8
0
1
0
1
0
0
0
41
0
21
8
0
0
992
0
93
0
11
0
3
26
2
5
51
111
28
0
0
0
1
0
0
0
1
594
64
0
0
0
3
0
2583
5
88
273
4
0
0
10
2
27
36
4
0
2
537
0
32
435
6
0
7
0
14
2
0
6
0
1350
9
626
5
16
96
0
0
0
0
1
0
65
0
0
81
31
0
0
0
51
0
0
0
1
0
0
0
0
1
0
6
0
0
0
1
1
5
0
0
0
497
4
13
2
0
0
0
0
0
16
0
13
728
1
1
2
0
2
51
0
0
401
4
41
0
0
13
15
0
0
1
0
0
11
0
0
0
0
1
0
0
11
0
0
1
1
0
0
0
1
0
0
0
0
0
0
0
0
9
2
0
2451
6
15
0
0
4
11
2
4
0
1
0
8
424
1
154
1
8
0
2
6
5
0
0
1
33
47
0
44
0
41
0
1441
0
992
0
0
0
19
0
1
1559
1
0
10
1
0
0
70
1
0
0
2
0
121
72
30
0
17
0
0
0
1
2070
1
0
0
93
0
18
81
0
7
0
0
11
0
2
13
1
63
7
8
0
0
119
2
1
4
2
4
15
845
2
24
0
83
0
0
0
0
0
0
0
0
17
0
0
1
16
0
0
0
0
0
0
0
1
0
0
16
0
0
0
21
1
0
3335
790
0
27
0
0
1069
0
1
0
2
0
0
0
161
0
7
4
1266
20
9
0
1
286
1
52
0
1
0
0
0
202
1
0
0
748
17
0
292
0
0
0
0
0
5
0
747
2
0
0
0
0
1
13
0
1889
0
0
1
0
0
0
10
9
0
0
1
15
0
0
217
11
3
24
2
0
0
46
0
0
0
0
9
1
0
0
1
0
0
0
1
0
0
0
20
7
2
0
0
2
0
0
2
0
2041
0
0
0
2
1
0
0
0
0
0
1
0
0
0
7
42
6
37
0
0
0
1
0
0
53
1
798
30
128
0
0
2
15
9
0
0
1
1
0
5
909
510
0
1480
0
0
1
104
0
41
1032
0
25
0
0
2
0
0
0
1
0
0
0
1
0
0
11
1
0
2
5
3695
382
1
2
0
381
1
0
0
6
0
0
0
5
0
791
0
6
0
1
0
0
0
0
11
384
3
0
50
0
22
0
0
22
1
0
18
0
2
3
0
28
1
0
132
0
1
0
4
928
160
1
0
424
0
0
2
0
0
1
0
0
1
0
0
0
2
0
1
0
21
0
9
0
0
0
61
0
14
4005
0
0
37
0
2417
0
0
0
0
5
1
1455
0
2
0
0
0
11
1
0
1
0
1
4
1
1
4
10
3677
43
1
105
0
14
2
0
0
483
0
419
145
0
0
0
5
0
7
0
0
493
2
9
28
0
0
0
0
0
0
0
0
0
0
0
0
0
2
0
17
8
0
4
1
2
13
619
0
61
0
1
12
3
1332
67
1
0
5
0
0
2
0
1
6
1
25
0
2
4
0
0
0
0
0
23
187
0
0
1
1
1
0
0
5422
6
0
0
0
0
0
0
20
2
1388
0
1
9
0
0
1
0
91
1
62
0
2
1057
15
1
113
0
0
160
0
2
0
104
96
78
0
0
1
2
13
5
0
1
0
12376
0
0
10
12
1121
0
0
1
0
726
79
0
0
0
0
0
6
0
5
3
11
396
178
0
0
0
0
0
221
0
55
0
0
0
0
147
0
5
58
9
0
1
1
56
2
2325
0
7
0
18
0
29
1
0
0
1
0
698
6
0
1
0
0
42
1
89
943
0
0
0
0
0
24
0
8
0
0
0
0
8
1
0
0
21
0
0
0
1
2
1
15
5
0
0
1209
0
0
0
0
106
16
0
7
0
2
3962
1
1
1
0
0
0
56
2
0
5
0
0
0
1
0
0
3
20
4
0
0
0
17
0
0
9
4
0
0
1337
0
1
5
0
0
17
11
2
82
1
0
0
49
0
0
0
0
0
0
1
2728
0
1
0
314
1
5
0
0
279
0
4
0
3
2
21
13
0
0
11
0
3
138
5
259
0
5
1
23
695
0
1
2911
2
0
14
10
2
3
2256
1
0
0
19
0
0
0
0
0
0
0
4
0
0
0
8
13
0
0
0
0
0
32
0
13039
0
0
0
0
0
61
284
1
0
0
84
0
0
0
1
3
0
0
0
1716
1005
15
0
2
0
0
1
9
705
0
0
2
3
0
30
3
0
537
610
58
0
0
3
0
8132
1
0
8
0
0
0
0
0
1
3
32
0
0
0
0
0
0
1
16452
556
0
0
3
0
1
0
0
0
566
0
0
245
50
10
0
1939
1
51
805
10
0
3
8
0
1
0
1
0
0
2
152
0
10
157
0
0
1
959
0
0
0
0
0
0
0
0
58
1
12
0
2
142
0
4
0
1
0
0
1
0
4
1
387
1
1
0
0
0
0
8
98
0
16
326
49
8
294
0
81
62
138
0
0
0
45
0
1207
0
0
2
0
0
88
61
214
0
92
2
36
3701
14
1
24
68
0
370
0
3
0
0
0
0
125
25
2
0
0
0
0
0
0
2
0
0
1
1
43
0
0
0
3
0
0
0
3
0
0
72
21
4
6
2
0
4
11
0
5
1
0
1
176
0
103
0
0
1
14
27
0
607
1142
55
5
1
0
2270
0
0
1
26
504
1
182
0
1
0
13
807
0
0
0
0
0
0
0
0
11
2
0
888
88
0
0
0
0
1
1
0
33
0
18
2
0
0
21
9
1
2
0
0
0
1
191
283
0
20
0
1
0
0
3
0
1
17
2
0
0
4
11
20
0
2
0
4
580
0
12
0
0
1
19444
170
26
0
0
2
0
0
1
0
0
36
0
0
1
0
0
0
0
2
32
0
0
0
385
0
1
0
98
9
7
0
10
0
1
3286
0
59
0
10
705
1
66
4
1
1
9
410
1
0
21
1
104
1
1
0
0
0
0
1861
0
0
0
44
20
0
1
2
0
16
0
0
25
0
381
1
0
0
0
0
0
1462
50
0
765
0
7
1
2
2
1
0
8
1
256
12028
22
0
0
0
1
0
2
23
0
0
389
0
0
1398
7
0
0
0
7
12
0
4
0
0
1
0
1
2
0
0
0
2
18
0
0
26
0
0
0
2
0
0
25
225
0
2
1
0
0
0
0
20
0
3099
7
0
0
3
500
0
0
15359
0
0
1
2
1055
0
1
0
2
30
0
2
21
0
2
0
0
0
0
1
102
1
70
0
43
0
0
0
0
0
0
0
0
0
2
0
0
1
0
0
0
0
0
0
429
0
0
4710
221
0
0
5
80
0
0
82
1
1
0
2
2
0
5
107
2
0
0
87
4
2109
23
0
0
8
0
370
4
10
0
45
0
0
42
1
0
34
0
2
0
4
255
1
946
0
0
0
0
36
0
0
6
0
27
0
0
0
0
1
0
717
1
9
0
0
0
0
0
149
1
6430
1867
0
21
36
1
8
368
0
42
790
22
0
0
76
46
29
2102
0
0
0
0
34
2
3
1
23
0
0
34
0
11
0
0
0
0
0
0
0
100
0
0
6
1
0
0
0
14
0
0
0
2
0
0
0
0
0
1
0
0
0
0
283
6
7
3
0
23
3
0
1
0
1
152
987
276
2
0
4
122
3
7332
2
1
0
0
0
1
0
1
1
50
1019
38
1
0
42
5
345
26
0
0
0
0
0
0
3
0
2
1
0
0
0
2
0
0
0
0
1
0
0
5372
0
0
21
3
0
0
511
0
0
39
1
0
44
1
6779
0
483
31
0
0
24
0
1
16
0
0
0
111
0
0
7
5
2
0
1917
1
19
1
0
1
7
128
5239
0
4
141
0
0
0
0
0
0
0
0
0
0
0
0
0
0
26
0
0
7
0
0
0
2
0
1
379
0
1
0
1
0
37
0
322
2
9565
0
2
40
45
0
15
3
1
1
0
0
0
0
0
7
1
88
1
4
0
2
1
0
0
76
2
101
0
5958
0
0
887
0
182
2
0
1
0
0
1
0
0
1
3
1
1
12
0
0
0
0
0
0
15
0
0
0
0
35
0
855
0
0
0
102
2
0
15
0
51
0
0
0
0
9
31
0
0
0
22
8
0
0
67
6
3
2
343
2
959
3205
0
0
0
0
1
7
251
1
1
0
0
0
0
0
0
0
0
0
0
1
0
0
30
0
0
1
7112
3
1774
7
0
4
0
3625
0
2
10
50
0
0
1
1542
0
1836
1
151
0
0
1
433
1
1
0
1
0
0
29
4354
0
20
0
591
35
0
0
14
417
0
153
0
0
58
1
123
0
0
0
1
119
0
0
414
23
2
0
0
0
1397
0
0
4
0
0
3
52
0
255
0
0
0
974
0
10
7
10067
1
4
2
0
0
0
2
724
4
0
1
1167
296
12274
20
2
140
0
167
7
3
4
5336
0
5
1
0
0
0
0
0
5686
6
8
0
0
8
0
0
1485
1
2
0
0
0
3
0
0
0
102
0
0
0
0
4
4
0
483
0
3
1
0
0
0
0
297
0
0
0
0
3
31
11
1050
0
13
31
0
1
15
1
91
0
0
0
0
563
0
0
83
0
2542
0
0
88
0
0
0
1
0
0
3574
1
5072
0
1
1
0
0
1
12
0
1
28
0
0
0
1
1
0
5
0
0
1
12
27
42
13
61
250
5
16
0
0
0
3
69
1
0
107
196
971
0
4
22
58
1
0
0
0
0
0
0
0
7
1
275
1
75
57
7506
0
0
0
133
10
0
4
0
0
16
0
0
30
6143
0
2
0
0
0
0
10
3
5
724
4
4
0
43
0
7
3
219
6
0
17
3
0
1
1681
22
2
0
4
0
0
58
0
16
16
68
0
1
1
16335
0
8
50
0
59
1
0
387
32
23
0
0
164
70
0
189
0
0
0
0
0
0
0
785
0
0
0
4
1
12
0
507
15
4
642
15
1
3
1
0
2
0
0
1
62
0
0
0
0
0
709
33
0
0
1
0
0
1393
1
1
0
0
0
24
1
12
1
0
0
3
7
255
10
47
0
0
0
835
0
0
7
5
4
0
0
0
0
120
2
2754
36
2
0
0
12
6
31
5
0
6723
0
4
2
0
0
71
0
0
19
0
1
5
77
0
0
1960
51
161
0
24
0
0
0
2
0
0
11
3
2
0
0
0
50
26
1
11
3
0
0
0
48
0
0
0
1
0
0
31
39
0
7
119
0
169
9
113
0
0
15
1
2
0
0
430
0
1
2
18
0
18
3
1428
155
2
0
0
9
0
0
0
0
0
6
0
0
81
0
0
0
7793
1
20
1
0
0
0
0
0
1
1
17667
1
0
0
0
0
0
98
113
0
16
14
0
0
0
10
0
5
2
0
12
0
111
2
4
0
0
5
102
1
62
0
74
377
1
0
1
2
2157
3
0
0
1
10
0
0
0
0
0
43
0
0
0
89
11
330
82
0
0
0
1
0
49
33
0
103
0
194
1
0
0
0
0
0
0
0
0
0
0
601
0
1233
21
3
352
8
9
0
1
420
574
5
0
0
0
0
2
21
1
8
2
0
10
0
0
1
0
0
0
45
1
0
3
412
1
9
0
0
0
3
0
0
2
0
3359
0
0
2
0
1
0
0
0
0
1
11
15
0
62
2
0
0
0
0
0
0
815
0
369
0
2
2
19
4
50
309
0
0
0
141
1
0
0
4
0
10
3
0
0
0
30
0
9
0
107
1
5
0
0
0
0
1
0
2
0
21
0
0
12
0
0
3
0
14
0
68
0
0
0
0
7
1
16
214
0
0
0
0
0
0
1
0
0
765
1
0
0
205
1
698
0
18
0
0
0
0
2410
0
0
0
0
0
0
0
2
0
0
2
17
0
29
0
0
0
1
0
0
0
0
0
0
0
0
1
0
0
0
0
9
0
0
0
0
23
0
1
0
1995
0
2
0
0
1
0
0
6
0
1
0
31
8
2
517
6
49
654
14
50
1556
2
1345
0
1
113
2
27
13
0
0
71
878
0
0
56
0
0
1
0
0
0
1
0
3
1
0
0
5
0
35
14
0
1
0
1
0
0
0
0
0
0
1
0
0
0
0
9
0
0
0
0
1
0
1
1
3
5
0
0
0
2
2
21
0
0
74
0
0
29
2
1085
35
1
2
6
4
0
0
2127
25
40
0
0
0
1261
0
0
0
0
0
0
49
0
1
0
0
782
0
0
0
0
0
3
0
7
0
0
0
3
0
0
0
1
23
0
0
1
0
0
72
247
0
28
150
0
1
0
53
0
3
1
0
36
60
2
3
0
3
1
181
6
8
60
3
179
0
0
1222
0
1
0
0
0
0
0
52
268
4
0
0
0
0
0
105
1
0
0
0
0
1
0
0
0
0
113
0
0
16
6
27
0
0
0
3
0
0
0
206
0
2
400
799
37
0
1080
0
1
0
0
67
24
2
37
2
0
177
1
1
0
368
0
12
0
0
22
0
0
0
0
0
25
0
0
0
1
0
0
0
0
1
53
1
2760
0
8
0
0
0
0
0
0
21
521
6
0
0
0
2
1
96
0
623
0
73
0
1
2
3333
8
0
0
0
24
0
22
0
0
0
1
3
5
3
29
11
0
0
54
0
0
0
0
0
145
40
0
0
0
1
462
0
0
426
140
34
0
0
3
1974
9
0
45
10
1
0
1
0
0
0
0
0
8
44
9
0
0
4149
0
0
10
0
0
0
0
2
0
0
260
2
3
3
0
18
14
0
4
0
4
25
0
0
0
0
0
0
0
0
3
1
0
0
0
56
0
2
0
263
0
1
50
0
66
9
5
0
0
0
0
149
26
0
0
0
4
0
139
0
1
12
11
3
0
89
1
0
0
0
1580
30
0
2
0
107
0
6
0
0
17
4
2
505
33
95
0
0
0
0
0
15
0
0
0
0
1
54
1
0
25
0
70
1
0
232
1
2
0
5
8
8
0
0
0
0
0
21
351
1
0
0
0
4
8
0
1
2410
0
2
1651
0
0
0
0
2
0
27
1
11
0
2
7
0
3
2
5560
0
0
0
0
61
0
0
13
43
6
0
0
4
0
0
3
577
1
0
0
4830
100
0
0
7
0
1007
0
2
0
73
0
56
395
4
0
0
0
1
0
0
0
37
279
1
7
0
29
2
0
8
2
22
0
0
1
2
0
0
0
114
3
7
2
113
9
4
0
7
0
0
0
2
521
0
0
9
0
0
0
0
13
0
412
837
0
630
0
0
0
3
137
33
0
1
418
0
0
0
1
104
0
4
0
1
12
0
202
0
12
11
1
264
0
0
41
0
0
0
107
0
196
675
12
13
112
1754
6
2
0
3
0
73
14
0
0
2465
31
0
0
3
1
2
0
0
0
5
10101
0
11
0
0
0
0
0
0
0
0
0
0
1
0
0
21
2
92
2
2137
0
9
1
0
0
0
4
0
1
7
0
0
0
0
0
49
0
0
1
5
35
1
0
0
2
87
0
14
79
0
11
1
0
0
0
0
0
1
0
0
120
0
0
14
0
0
1
0
0
1
138
13
0
0
0
99
0
0
0
0
15
0
1
53
24
9
0
33
174
175
0
3
5
0
0
0
0
1
0
0
0
0
1
0
0
52
10
19
1
1
1
0
1
1
0
33
0
0
0
0
6
13
0
10
5
13
0
0
0
23
35
0
1
0
326
0
0
0
4
2
0
0
17
1
0
5821
4
161
2
1
98
0
0
0
66
3
0
1
272
73
0
2
0
0
26
1
6
0
3
0
3039
1
165
2
0
40
0
0
0
2
0
956
0
0
66
0
0
461
2
142
0
0
0
0
5
1
41
0
0
281
3
0
0
1
0
1
0
668
0
0
0
13
17
0
1
0
53
7
1
0
11
19
4
0
0
0
0
3
23
3
4
0
1
7
8
443
3
0
0
0
0
0
0
0
37
15
0
0
5
0
0
257
0
49
0
0
1
19
0
0
278
0
4
0
2
0
0
0
0
0
3
0
0
0
0
2
0
1
34
1
856
0
243
333
30
57
1
0
1
65
0
1
1505
0
0
13
2
0
11
311
0
232
0
0
0
0
0
7900
0
708
0
0
59
0
0
0
0
0
0
0
0
0
0
0
0
1
2
5
12
1
0
5
0
0
0
0
1
0
0
1
0
2
6
21
0
6
0
0
214
1
1
0
0
0
0
0
38
7
2000
505
16
0
0
0
1
1751
2
0
0
0
198
231
2
59
0
0
0
0
1
0
0
0
0
1
0
55
1308
0
0
1
0
0
10
0
0
4
97
1
10
0
132
0
1
19
989
0
23
0
6
2
29
110
0
159
7
0
1
0
0
0
30
0
0
0
0
1
18
0
0
0
0
0
0
0
0
1
1
0
2371
0
264
2
0
0
124
8
0
0
0
0
1282
1
1
2
3
0
0
0
0
3
0
34
0
2
1
3
1
19
1778
0
198
0
0
3
0
10
0
0
25
12
5
101
0
0
1476
0
0
4
0
0
0
3
8
645
0
0
0
7
18
1
0
385
22
13
0
0
413
0
76
133
0
0
2
12
0
0
5
0
2
430
27
212
0
5
25
0
179
5
0
0
61
39
0
5
2
21
15
0
0
4
14
167
0
4
0
0
0
0
3
1
2
163
61
1202
0
98
80
30
1
26
0
88
0
25
0
0
1062
0
2893
15
395
0
0
50
0
0
0
1
0
105
0
14
0
6
0
0
0
2
15
0
87
776
0
0
257
0
0
0
2
1
0
3
2
19
1412
650
0
1
0
7
1
1035
14
0
380
4
216
1182
66
15
0
0
0
27
0
61
0
0
1
1
2
0
8
0
0
59
22
20
84
2
6
0
1
0
0
0
10
0
0
0
99
0
5
0
2
73
6
0
0
7
9
3
196
0
49
1
0
0
61
17
1
0
3
0
0
516
2
649
2
31
0
0
1
994
5
4
0
3020
2751
0
0
1497
0
0
0
0
12
0
227
0
44
3308
0
0
23
0
1
0
0
29
31
0
0
0
0
8
780
2
10
0
1
111
2
30
3162
0
1
32
0
1
0
0
1
0
1
47
0
27
3
0
15
0
8
5
29
2582
0
6
1
0
0
3
0
3
0
1
711
0
0
0
161
1
3231
10
0
0
0
1
1
0
0
0
2
112
6
3
0
0
0
1
4
0
3
2
1
0
2
8
3
0
84
4
84
208
2
4
0
6
0
0
0
0
7
0
488
0
0
43
0
187
0
1
0
0
91
2
0
34
0
13
44
0
0
0
0
0
0
0
16
0
2
20
255
0
0
0
0
67
1
83
0
0
3
8
156
0
0
0
0
0
12
1
4
0
4
0
0
0
0
0
0
0
2
0
0
8
1
0
30
1
0
18
3
3
12
5
12
0
0
0
0
0
0
6
62
0
43
0
94
0
170
0
1
107
35
1
0
0
0
3
0
0
20
85
0
0
0
6
352
0
4
4
0
0
19
3
39
12
2
0
212
0
14
0
24
0
49
9
0
0
0
819
0
0
0
19
123
45
1
0
0
0
0
0
0
6
0
29
0
0
92
0
0
1
0
1
1
0
1
173
823
1
1
0
0
0
107
0
0
0
0
11
55
0
0
144
0
9
0
0
1
1
61
104
0
0
3
0
0
0
1
0
0
17
0
102
0
0
6
7
596
0
13
2
372
5
0
0
0
0
2
0
0
63
0
0
0
34
0
0
0
722
2
0
0
0
0
0
3
0
0
1
0
0
2
0
8176
0
0
0
22
0
0
18
1
2
0
0
0
0
3848
3
27
0
1
0
0
0
53
0
1
0
0
2
0
0
0
39
5
0
0
0
1
0
0
1
4309
0
161
0
5
0
19
0
0
0
0
653
1
0
0
0
0
0
2329
0
0
0
0
0
2
7
0
16
50
0
0
4
0
3
10
50
0
0
0
0
0
2
0
1
0
36
0
1
5460
0
3276
0
0
0
0
0
996
44
0
1
2
0
1
0
0
0
0
0
9041
0
0
0
419
0
67
0
26
0
0
0
7
0
64
0
0
0
0
1
5
0
11
0
5
1
0
0
328
162
0
20
1185
1
1
0
0
361
8
0
0
2
2
0
0
4
190
2
0
5234
20
2
337
0
5
0
37
1
3
3
24
32
0
0
52
0
55
0
0
0
31
1
958
1
0
1
0
0
0
66
0
0
5
0
1508
159
0
0
0
2
0
0
0
0
0
47
0
12
8
3
3
4
0
1
0
0
0
11856
3
4
8
5
23010
46
45
150
0
3
0
0
0
0
0
7
22
5
3
0
0
0
72
0
6
0
0
100
4
0
1
1
0
0
0
219
1
0
0
1
3
1257
1
0
19
0
0
30
138
3
0
0
0
0
1
0
491
1
0
214
0
0
2
0
4
0
2
5
1
0
0
29
2
0
0
0
0
0
2749
0
24820
0
689
3
22
877
0
0
5
0
0
2362
0
85
0
0
1
0
8
4
19
0
0
0
110
10
0
2
0
9
0
18
0
1304
0
1
0
2
209
2
4
30
1
1
0
0
181
0
0
1
2
19
2297
9773
0
1
2
0
1
0
75
0
4
694
41
5
0
0
359
22
0
0
1
2
0
252
2595
0
0
4
103
0
1
4
1
0
0
1
0
0
90
0
2
0
12
16
241
749
0
0
0
137
0
0
0
131
2
7741
0
0
2
0
4
0
0
1
0
0
0
0
2556
0
0
0
1
15
91
36
5
10
85
0
3
0
4
0
4
0
53
462
6911
0
2
0
281
2
9
0
0
0
0
3
235
0
0
16
38
514
0
0
2
0
2
35
22
10
0
3365
5
40
0
82
0
0
341
675
1
16837
2
1
0
0
85
0
1
158
0
0
0
0
66
3
4
0
0
0
177
6
13
0
3040
0
0
469
0
0
8
4474
591
0
28
32
2
0
0
45
0
0
296
0
0
26
0
1
0
12
0
0
0
0
4
92
0
0
66
4
0
0
1
217
2
43
0
10
0
0
458
0
0
0
63
2
0
1
8
29
77
0
16
0
6
6002
44
0
238
0
8
0
0
0
0
2
1
0
987
83
0
0
0
98
161
0
0
0
466
311
0
390
4
1192
2
298
0
0
1
0
421
0
3
0
0
0
0
1
9
16
18
0
0
0
1
2
6
59
0
0
0
0
3
1
0
0
1
0
561
0
514
0
15
0
12
0
0
4
0
8972
2
0
0
16
1
0
0
9
6
0
0
0
5
0
2
203
5
116
18
0
0
0
0
47
0
0
0
20
0
0
7
2
7
4
545
0
9
79
0
14
0
1
0
5
960
0
0
610
0
0
2
0
0
0
0
0
10
67
1
0
0
0
0
0
0
0
0
0
0
0
0
0
21
0
0
703
5298
0
14
1
4
0
602
11
1
20
1
1
2
10
0
3
0
0
0
0
1
0
416
0
0
62
3
1
269
0
0
0
0
194
0
0
6
0
16
0
0
0
0
0
698
1219
1
8
0
0
2
0
0
0
0
0
0
0
0
0
0
0
0
0
0
0
0
1
0
0
0
0
18
1
347
58
0
177
2
1700
0
1
424
15
9
46
0
0
984
0
0
5
28
1
0
0
0
49
3
45
43
0
1689
0
0
0
0
0
18
159
7
403
1
0
26
0
0
1
0
0
0
0
0
74
0
0
2
86
2
0
0
11
0
0
235
2
0
44
2
5
1
19354
130
13
1
0
2
22
0
0
1
0
0
1634
408
21
0
20
0
0
0
0
184
0
18
2152
2
0
7681
331
11
0
0
0
4
7
0
0
11
0
1
0
0
1
0
0
2
11
0
1
0
10
29
0
0
0
18
68
0
0
26
3
0
6
0
777
0
0
0
619
16
0
0
6
0
0
0
96
419
0
0
0
0
0
0
0
0
0
3084
0
1
0
1
3
1
0
204
0
8
10
0
1
0
1
0
0
1
0
0
0
0
331
0
0
1
0
1
0
0
2
0
1
0
0
1
0
0
1
11
0
17
44
1
1
0
0
0
1
0
2
0
0
0
43
1
1
0
0
0
0
1
7
3
36
1792
0
485
2
3
0
0
0
4
0
3
1
0
0
0
0
1351
0
0
8
0
1
0
14
0
2
3
0
0
0
2
282
1
0
40
0
1
0
125
7
0
4392
8
0
0
1
0
44
3
0
148
1
1143
0
176
10
11
0
15
0
1
0
395
0
0
0
17
234
0
0
0
1
2
1
4
0
5
0
0
0
0
1
0
0
18
96
0
0
96
0
2
1
0
398
0
0
0
3
607
38
1
10
0
289
2
9
0
0
0
2
24
1
0
0
0
18
0
1
0
8
0
3
2
161
0
25
0
0
0
7
1
52
0
60
0
0
0
0
0
2
2
0
12
0
182
4
0
0
0
0
0
0
0
0
7
2
1
4
11
0
1
4
262
0
0
0
1
0
360
6
0
0
3
2
60
0
3
0
7
1
77
2
0
0
0
0
0
0
0
1
703
0
3
0
112
1
0
841
1
4
5
5
0
0
0
0
0
19
9
1
0
0
0
0
3
9
0
307
0
0
75
2
0
0
6
20
72
0
0
1
0
12
0
22
0
10
498
4
11
0
1
13
18
0
0
0
8
0
0
0
1
0
0
39
0
1
0
0
18
41
102
3
1
0
0
3
0
22
0
1
79
0
2
0
0
0
4
0
508
0
0
22
76
65
1
0
6
55
1
1
0
1
0
420
1
0
0
0
1365
0
0
0
4
1
0
30
1
82
2
76
1
1
11
0
0
0
414
1
0
18
0
0
0
1
0
2
3
816
0
65
1
507
1
1
0
2542
25
335
0
25
0
6440
17
7
7
2176
0
0
2
53
6
1
5
162
0
6
0
128
0
0
0
91
0
0
31
0
0
423
24
0
0
0
237
862
0
8
369
0
0
0
305
3
0
0
0
0
994
1
1
4
0
2
25
11
1
18
3
0
0
720
0
1568
0
0
0
8
44
0
0
0
0
0
0
1
6
0
1
9
32
0
399
1
648
0
0
0
0
0
4
1
0
400
1
1
5
0
161
0
0
1
9
0
0
0
0
890
0
0
0
0
0
0
166
0
28
25
0
0
0
46
0
4
0
5
5
0
0
0
0
1
4143
25
0
0
320
40
284
0
0
0
1
1
124
0
648
0
6
658
2
16
2
0
1
6
6
8
58
0
113
0
0
0
0
0
0
0
0
0
11
2
0
0
17
0
51
0
574
0
0
2
0
5437
0
874
0
0
0
2
1
37
0
0
0
0
2
0
2
0
78
0
0
0
1
0
0
0
9365
122
4
8
33
401
85
9
87
1
0
1
3
0
3
2
38
1
1
0
10
206
216
1
7
0
0
90
0
0
0
0
5
0
3
0
0
2529
0
0
0
312
0
556
0
1
13691
0
20
0
0
0
6013
9
3
225
45
7
9
39
96
0
0
30
0
0
7
18
1
9
110
1
0
1
1
29
0
72
0
457
0
0
0
30862
480
0
10
0
0
0
0
29
0
0
0
0
1
2
10
0
9
2
7
789
1
5
0
0
0
0
0
0
0
0
0
0
2
0
0
6
73
0
2
25
0
3
319
155
0
0
141
0
0
0
0
0
0
0
0
610
96
275
0
0
689
1
0
8
0
4
0
0
0
0
0
2
0
0
0
0
2
100
1
0
0
0
0
13
0
0
0
0
0
0
0
4
0
0
0
85
0
51
22
1
4
17
5
4
54
0
0
0
163
3
4
6
0
21
6
1
0
124
1
5
0
1
0
42
13
0
0
106
40
0
7
0
0
54
0
0
0
1
101
0
0
0
0
138
1
7
0
1654
0
0
0
0
1
0
9
0
0
0
2
0
0
0
0
0
21
1
4
0
31
9
0
1
0
0
1
5
1
1000
1
0
1
0
0
2026
3
730
0
39
0
12
4
0
5
5
0
0
0
1
251
1
0
0
0
8
3
0
0
9
10
3
0
282
0
0
0
0
0
0
9
0
0
0
0
15
0
15
63
11
109
5
0
16
0
0
0
1
1
1
0
22
0
1
1
1
246
5640
66
0
0
3
26
0
0
0
63
0
73
0
183
0
0
0
0
18
16
0
0
2
1215
0
0
15
0
1
32
25
0
0
0
0
0
0
358
40
0
0
1
0
1
0
186
221
1
0
0
2
1
6
147
1
677
2
2
0
361
2
3
67
0
27
0
0
1
2
1
19
0
0
0
0
1
61
546
0
0
0
33
0
34
0
0
6
1114
0
0
0
134
167
0
1
1
1
0
0
0
0
129
1051
0
0
0
0
0
0
720
0
197
12
101
2
6
761
0
0
0
0
166
51
1
2
1
0
0
160
2
1
6
0
0
24
0
0
3
19
21
21
4
33
0
0
19416
0
163
0
0
204
0
0
1
0
0
240
0
5
0
0
0
0
0
0
74
0
0
30
0
0
0
0
0
2
1
0
2
0
0
81
0
1
64
117
0
0
2
0
0
8
1
0
0
2
1
75
0
993
4
2
41
1
5
18
0
3
398
20
1
0
5
0
0
0
8
0
0
10
1
0
0
0
0
0
30
0
1
1
0
1158
0
4
2
0
0
0
0
2
1
27
1
12
0
2
7
1
66
394
0
13
1
0
0
0
0
0
0
0
0
992
0
0
1
3
0
0
3
33
56
143
0
314
0
0
0
1040
0
0
4
0
0
0
0
2248
0
0
0
0
0
0
0
0
4
379
0
0
0
0
1
0
0
0
0
2
0
0
0
5
90
0
0
0
282
4
0
106
0
0
0
0
0
7
2
0
0
18
61
486
339
6
4
0
0
526
627
0
0
0
131
426
601
0
2
0
0
0
0
62
0
5729
0
0
0
2
0
0
0
53
0
33
0
0
0
0
0
85
0
0
0
6
0
0
0
192
0
0
423
6
0
50
0
11
295
0
0
3407
18
41
1
1
8
1141
0
853
1
4
0
2
26
6
0
1545
5
0
66
0
0
47
0
1
6
1
0
3
0
1
0
0
0
0
1
2
0
1
0
33
5
0
1
17
2
0
1
0
0
0
0
4
17
2
4
0
1
294
0
2661
0
1
1
0
0
0
19
2
1
0
0
1579
0
0
0
0
0
1
1
6
0
2
0
0
2148
0
1
0
0
95
0
49
1
1
0
0
0
0
0
109
0
1
2
0
18
0
0
1
0
0
0
1
5
1
929
1
0
14
42
8
0
4
0
68
0
0
0
2
19
0
15
108
152
0
0
20
20
0
4
0
3
0
0
44
3
0
6026
0
6
0
0
0
1
156
0
0
155
0
0
0
0
0
0
92
6
0
230
1799
1
0
0
24
0
0
0
0
0
2
29
0
2
0
1
581
35
5
0
0
0
0
2
0
37
17
0
0
7
110
0
1
7
0
13
0
0
0
1
0
0
4
4
0
22
0
0
0
20
15
0
0
0
0
0
0
0
0
6
4
0
0
0
13
252
0
1
0
0
0
0
0
19
1
0
928
40
7
0
8
14
0
1
31
0
0
0
543
1
0
4
177
0
31
0
1
1
2
0
549
0
2
0
0
0
159
0
0
1
534
17
31
1
1
10
0
1
0
0
0
0
0
21
17
0
0
6
18
0
0
2
143
1330
2
1
0
0
6
10
2
33
0
14
4
73
410
62
17
0
1
2
41
7
0
0
0
3
1
691
0
0
0
0
0
0
2
2
0
0
2
7
0
50
0
1701
0
13
0
1
13
96
337
0
0
0
0
1277
0
1
0
0
22
422
0
0
28
2218
0
1
0
0
83
1
31
0
0
1
0
0
656
5
1
0
2
1126
0
1
8
0
0
0
0
0
43
0
0
0
287
0
46
0
3
0
0
0
0
2
22
92
0
0
52
0
0
1
0
1
0
0
0
473
0
39
0
5
6
0
0
184
18
0
0
18
0
1
3
1
0
0
0
0
23
0
1156
38
21
0
1
0
35
6
3
41
189
0
48
0
1
22
18
2
0
0
9
0
0
0
19
11
51
77
0
160
0
0
0
0
1
0
0
0
0
1
47
34
0
36
0
0
14
0
0
0
38
390
0
40
157
0
0
23
4
25
0
1
0
0
0
2
37
0
0
0
0
0
0
17
0
0
7
1817
225
30
37
0
14
0
0
405
0
113
0
0
5
0
0
0
0
7
0
0
0
0
0
0
0
4
60
0
0
0
0
484
19
0
0
0
447
9
1
0
0
0
0
2
5
0
42
5909
0
0
0
1
46
0
0
0
0
0
0
0
1
3
0
0
0
0
0
56
0
0
0
0
0
0
235
7
0
0
0
1
0
0
0
0
213
0
0
3
0
0
273
2
0
0
0
0
4
0
0
45
4
40
0
2
6
161
0
37
3
0
3
0
2
1
20285
0
0
0
0
0
1
10
6
1
526
1
147
0
4
0
0
0
6
0
0
30
0
0
0
0
0
2
0
1
0
1
642
0
176
0
0
0
0
0
3
2
0
0
0
0
0
0
0
0
0
0
585
0
0
0
0
1
105
38
0
4
0
0
3
0
0
0
0
0
32
1
0
776
14
0
32
0
0
0
0
4
8
0
3
0
0
0
0
2
0
9
0
98
0
0
0
0
9
0
0
0
0
0
0
0
0
0
0
0
0
0
1
1
0
0
1
0
2
3
21
0
0
0
32
27
1
254
0
24
1
0
0
0
9
0
17
1202
11
28
0
56
0
0
0
28
18
1
0
0
8
0
0
1
0
16
1
2
36
0
344
0
50
0
0
0
0
0
0
1
0
0
0
251
0
0
0
0
8
177
0
6
0
15
1
30
195
0
0
0
0
5
0
0
12
0
0
1
0
0
25
0
163
0
2
28
4
0
0
0
1
11
1
0
0
0
1418
0
0
1
3
0
0
0
9
0
0
0
0
0
0
0
0
1
0
0
0
0
11
51
0
11
0
0
0
0
2
15
11
1
0
0
53
2
1
1
7
6
0
0
0
0
0
3
0
6
0
0
0
88
0
0
0
0
0
0
350
0
0
0
0
1
0
24
0
2
1
0
5
0
0
0
0
0
0
0
0
787
0
0
0
0
0
0
0
0
16
12
0
38
0
0
0
0
103
0
0
0
0
1
865
0
0
0
0
1
0
0
1
2
0
41
0
0
3
1
2
0
0
3
0
23
0
1242
0
0
0
1
0
215
4
109
0
267
215
1
2
0
0
0
12
5
33
0
0
13
0
0
0
2
929
0
32
9
16
0
1
0
151
0
3
0
7
0
0
0
4
0
2
1
1
64
1
5
2
9
922
0
0
0
0
43
0
1
40
0
0
11
0
0
1
4
0
9
3
46
0
0
0
0
0
0
0
0
447
0
0
0
6
0
0
0
0
0
0
0
0
0
27
34
0
0
1
0
0
6
99
0
219
0
0
0
0
0
112
3
0
6
3
0
46
113
0
1
23
0
2
0
0
1
0
0
0
16
0
0
0
3
0
39
15300
87
14
0
0
1
0
0
0
0
0
0
0
0
4
0
1
19
3
1
0
252
0
1
3
4
0
0
1
27
0
0
0
139
0
0
207
4
0
0
1
4
1
58
0
3
0
0
0
0
184
0
1
124
673
6
0
8
4909
0
0
0
0
11
2
4
377
30
0
0
0
0
0
57
1
0
0
0
0
0
0
0
9
0
0
11
2
0
41
4
10
0
0
0
6
1
0
2
265
0
0
0
0
7
0
6
57
0
3
0
0
17
30
9
0
0
118
0
0
0
0
19
0
0
1
25
0
0
5
20
5
0
0
0
0
0
0
25
0
0
0
26
0
0
0
56
14
0
0
13
318
9
462
19
4
0
13
9
0
4
0
0
1
0
25
0
0
12
6
2
0
0
0
11
1478
1
5
0
1
2
0
287
49
141
0
0
0
0
0
0
0
0
0
15
1
0
0
0
0
0
0
0
0
0
0
5
10
0
0
1
1
0
1
10
0
0
13
0
1
0
6
0
3
328
276
1
0
0
0
63
0
65
1
5
4
232
0
0
15
0
7
0
0
0
13
6
0
0
0
65
2
12
8
0
2
2289
12
7
13
0
0
0
0
0
0
0
0
0
11
1
0
0
4
0
106
0
1
6
20
1061
89
0
0
0
1
0
0
1
0
0
0
0
1
0
3
2
0
0
158
10
53
171
0
0
18
241
0
6
1
0
0
1
0
0
18
267
0
0
1
37
210
2
31
0
0
1
0
0
0
0
0
0
0
2
9
3
44
0
1
0
1
0
5
0
19
5
0
0
7
9
0
0
0
0
0
1
0
0
0
918
35
0
287
0
20
0
0
1
0
0
1
34
1
305
0
680
1067
0
5637
0
0
8
2
0
0
0
0
0
0
0
0
0
7
0
0
0
0
88
45
0
1161
0
0
0
122
1
1
0
50
15
39
80
4
0
1
0
75
0
0
0
0
1
483
12
0
3
1777
3
30
0
0
2
4
0
0
0
15
310
0
1
2
0
33
0
0
1
0
0
14974
0
0
0
0
0
0
0
2
0
0
0
0
0
67
0
0
0
950
556
0
1
0
10
0
1
0
0
1
0
154
9
0
5
0
0
0
0
1
1
0
6
1
80
44
0
0
0
4
1
0
0
0
0
4
1360
0
0
1
0
29
71
0
0
1704
0
665
0
0
0
0
0
0
0
0
0
0
0
57
0
126
0
0
0
220
0
1
14
97
0
3
185
4
16
0
11
5
0
6
2
0
0
1
35
1
2920
35
0
1
4
2
22
0
0
202
2
7
115
0
1
2
0
0
0
2
27
1096
6
6617
23
0
1
1
0
0
13
0
3
0
0
0
0
298
1
0
1
0
40
0
0
0
0
0
0
1816
3
0
2
56
1
20
7
0
0
0
23
18
204
4
0
2
0
2
52
0
2
174
0
36
0
0
0
0
0
3
0
1
0
41
1
0
20
1
0
7
0
0
0
0
0
0
9
0
0
0
0
5
0
0
0
18
4
59
1419
1
1
2
1
4
0
0
1
2
0
0
0
6
0
92
0
7
0
133
2
0
0
1343
0
0
1
407
0
0
0
1
8
5
1
0
0
40
1
11
0
0
0
1
0
1
0
0
0
0
17
5
8552
0
0
0
0
13
0
0
0
0
0
0
14
0
67
1
26
0
2
2
0
0
0
0
12
0
0
0
0
218
395
0
465
56
15
0
0
0
0
0
96
55
1
0
0
0
2
3
4
0
146
33
0
0
0
0
0
0
0
17
0
0
0
0
0
0
0
0
0
2599
0
0
0
29
1
98
0
1
0
105
0
53
36
0
0
0
0
107
3
2
0
110
3
0
9
5
12
1
4
0
1
0
0
1
3486
0
0
0
1
0
0
0
0
0
0
1
22
0
5
0
0
1
0
0
0
0
1
0
20
0
0
0
9
14117
0
0
2
0
0
0
0
0
0
1
0
0
1844
0
83
1
148
0
1
0
0
1
1
1
1
2
13
89
0
2
1129
884
26
0
14
1
0
24
0
7
0
0
0
0
6
9
41
7
0
0
0
2
1
0
0
0
0
35
0
0
0
0
0
8
1
0
0
4
100
67
7
0
0
0
22
0
5
1
3
0
0
0
7
0
0
34
2
1
572
388
1
6
7
0
12
885
0
3985
19
4
16
0
0
0
244
0
0
0
0
2
11
0
0
0
0
3
0
4
1
0
51
571
2
0
0
105
0
0
0
0
430
97
371
0
13
1
3
10
124
303
8
9
0
0
2
317
1
1
0
0
4
20
11
0
0
0
6
1
0
4
0
0
0
603
0
1
0
0
0
0
0
1
0
0
7
17
0
24
0
14
0
0
0
42
0
24
116
0
0
55
0
0
0
0
2
3
0
0
3
0
71
0
2
1
145
0
6
12
0
1
1
0
0
0
5
1
0
212
9
3
2
4
183
0
0
0
62
1381
150
60
0
0
3
0
0
0
28
4
2687
0
0
0
0
1
0
0
0
0
0
0
20
0
51
0
2
0
0
0
0
1182
0
0
0
6
0
13
79
1
0
0
7
157
0
0
2
16
0
0
10311
0
115
0
1525
0
3
2
4
0
0
0
3
1
1348
0
0
20
224
0
0
1
0
0
0
28
0
0
0
0
0
0
0
2
0
0
4
0
1
0
1
0
0
1
0
92
199
0
82
0
1
0
2198
361
1
0
0
3
0
0
0
468
0
0
0
0
4
12
0
13
0
38
0
0
0
383
0
0
6393
0
0
0
0
0
0
8
2791
0
91
0
390
149
30
0
0
0
0
0
0
0
1
0
2
0
21
0
1
2
0
4
0
1
126
1
1
30
38
2
1
2
1
3
8
0
0
1
0
0
0
8
0
3
0
0
1
0
0
10770
2
2
0
75
9
6
0
92
0
0
0
0
21
0
0
1
0
0
0
0
0
0
0
0
0
0
1
3
0
0
1
217
1
0
4
127
440
0
4
0
0
8
0
144
0
9
263
0
0
95
0
6
0
0
0
1
258
3
0
0
178
0
0
0
354
1
4
1
20
10
1
4
2
0
0
0
3093
9
30
1
2
9
0
14
0
0
0
0
0
6
0
0
0
0
0
5
0
0
0
2
0
0
0
0
3
1
2
0
0
7
2
5
18
0
99
0
0
0
0
1
0
267
160
1
5
18
231
3
1
61
37
0
0
0
2
14
0
0
0
0
11
20
0
0
0
0
0
40
0
0
0
0
0
2
2
0
0
0
0
2
0
0
0
112
1
0
5
0
0
0
39
0
393
70
286
1
0
0
0
0
0
0
0
0
7
10
3
0
10
1
2
1
6
14053
228
4
1
2
0
1
0
0
3572
0
0
0
112
2
0
0
0
0
0
1
0
0
0
0
29
0
0
0
4
1
0
42
0
0
1
0
0
1
0
8
1
1
1603
0
71
13
0
11
0
0
0
2
0
3
4
278
2
0
3
2
0
2
0
15
1
0
7
0
277
0
0
33
59
0
0
0
1
0
2
0
0
2
1
0
0
40
0
6
0
0
0
0
0
0
0
31
1
0
15
2
0
1
369
2427
0
0
0
14
0
0
1872
10
52
0
0
1
1
0
115
0
6
12
1
436
0
0
21
150
0
9
0
1
20
10
0
2774
0
0
3
0
0
2
0
0
0
0
0
0
0
0
0
0
1
0
0
0
3718
0
0
35
1
0
146
0
0
4
0
0
5
927
1
8
0
0
0
0
4
8
0
2
0
62
2
0
23
3
126
1
0
1060
125
1
0
4
0
0
104
0
0
0
0
1
2
0
0
2
1
0
0
24
0
0
0
0
0
79
0
0
0
0
15
15
0
0
1
515
7
0
24
0
0
104
48
0
36
0
582
12
4
0
0
0
0
19
79
0
1
157
0
6
51
0
2
3
0
0
4
2
0
0
0
0
0
0
1089
53
12
0
2
0
1
0
0
1
0
0
0
0
0
0
1
0
0
0
0
0
0
0
0
0
0
0
8
7
0
13
2
12
0
0
1
0
0
46
0
1
0
1
0
736
8
2
0
0
0
0
3
33
0
104
0
135
0
0
0
0
152
4
0
0
1
0
0
21
28
28
0
2
0
0
0
0
1
3
20
1
0
0
0
21
8
0
11
6
0
0
181
0
798
0
0
0
0
32
1
36
0
0
4
0
0
264
174
0
0
4
2
4
4
0
14
0
0
0
3
2
1
0
0
0
1
6
337
0
1
69
1
0
0
0
8
18
0
0
0
1
0
0
1
0
0
0
0
7
1515
0
0
0
1
0
1
0
0
1
0
1
151
0
0
0
0
0
0
1
0
0
0
2
0
0
13
0
1
3
7
9
1
32
119
0
0
0
950
0
63
30
3
0
4
0
6
5
0
0
0
1040
0
0
0
1
0
10
0
0
0
0
432
174
1
0
8505
6
0
0
0
12
3
0
0
0
1019
0
0
0
9
3
1
0
0
852
0
23
0
510
0
0
0
38
11
0
0
0
0
1
2
1
0
1181
2
1
0
0
1
0
12
2
1
2242
0
0
0
0
0
0
0
17
0
4
0
0
3
207
0
0
1
2
213
0
1
0
0
57
20
0
0
0
0
36
80
0
1
0
0
0
1
61
34
9
27
5
0
0
0
1
1
0
5
0
0
0
1
1
24
0
2580
0
34
0
0
0
1
1
4
44
0
0
0
0
0
52
0
0
0
0
117
0
0
0
2455
0
1
0
0
154
24
0
30
173
0
0
0
1
0
0
0
0
0
1
0
10
0
1
1
24
1
0
0
0
0
4225
1
4
12
0
0
0
4
0
0
0
0
0
123
7
40
1339
18
0
0
0
0
0
1
0
1306
0
0
0
0
0
0
0
0
71
0
0
0
0
6
915
0
0
0
0
0
1
2
0
2
13
1
27
0
16
326
10
0
0
2
0
4
78
0
3
160
134
40
87
0
6
0
0
0
1
0
453
42
2
384
0
0
0
0
0
0
0
0
63
1
0
0
0
4
0
0
0
0
85
0
0
1
0
3
5
1
0
19
2
40
0
171
30
40
620
9
4297
158
31
62
2
481
40
0
0
0
2
0
4
2
3
2
0
0
0
0
0
0
7
45
26
338
1
3
1
0
0
0
0
0
0
0
2
197
0
0
0
0
223
0
2
0
4
0
0
25
0
0
81
137
0
0
0
1
15
1
0
0
12
0
3
36
2
89
2
0
13
233
1437
0
7
26
0
0
0
0
0
0
0
6
0
0
0
3
0
0
0
86
0
0
0
0
0
1
0
0
0
0
0
0
3
0
0
0
0
0
0
0
96
165
87
450
1
0
129
0
0
15
6
0
0
14
0
0
0
2098
16
21
0
0
1
0
2
30
51
0
138
0
20
0
0
0
0
0
0
0
0
44
27
114
0
0
9
0
193
0
0
0
1
0
2
1286
0
0
0
2
0
0
0
1
4675
157
0
0
0
6
244
433
2
6
0
0
2
2
23
1
0
1
1938
22
4
2207
6
5
0
14
198
0
13
5
0
0
1
1
0
0
151
7
1
0
0
0
0
0
0
2
0
0
0
0
0
35
0
0
4
12
0
0
1
109
0
0
0
0
7
4621
1154
0
0
0
0
0
0
209
0
1
0
0
0
31
3598
0
331
0
20
74
4
3
0
63
1
79
52
0
0
15
119
1
5
2
995
132
1
0
0
0
0
0
1270
0
0
0
7
0
0
0
0
1
0
1
0
0
0
0
1
0
0
0
0
7
310
3
8
1
1
0
1
0
2
0
0
0
0
18
1
0
121
0
0
28
2
0
0
43
0
0
0
1
0
0
0
0
2
0
0
0
3
11
0
0
0
40
391
4
0
0
0
3
0
41
0
0
0
0
0
5
0
0
34
18
0
0
0
7803
0
0
0
158
2
1
3
0
47
3
0
0
0
12
951
7
0
0
4
1
1
165
2345
0
1
0
13
12459
46
0
36
279
0
0
23
16
0
1
0
0
0
0
0
1
0
0
0
0
0
0
0
0
0
1
0
0
0
323
1376
0
0
1
0
62
0
0
0
0
0
0
1
1
7
0
0
869
0
0
8
25
1
0
399
0
0
2
1
2
9
0
1335
62
6
0
0
568
1
2
41
0
2
0
1
1
4
3
1
3380
0
0
0
20
0
0
0
0
0
0
0
0
0
43
2792
0
0
1
66
36
6
0
0
1
50
0
0
0
0
4
628
1
39
1615
0
0
1
9
33
1
0
1
0
0
0
15
1
0
0
0
1
1
1
0
0
5457
3
0
1
0
1020
0
0
124
0
0
1
0
0
0
0
2648
0
26
0
0
0
12
0
0
0
2
38
0
92
796
0
0
15
5
2
3
0
6
0
0
0
10
5
0
0
1142
2
11
0
29
1
0
0
2252
0
107
27
0
32
0
0
45
2774
188
2
0
0
26
10
94
0
0
0
7
1
4
0
0
0
6
0
3
0
0
0
37
0
0
0
0
19
16
6
0
0
6
5
1073
18
241
5
0
5
1
0
2
10368
5
0
12
1231
34
0
25
0
283
0
2
56
0
2
0
31
0
0
3789
388
0
0
0
0
0
133
0
0
0
6
0
28
0
0
0
0
8470
0
0
0
0
0
0
0
0
0
19
0
3
1
0
0
4
115
35
2
1
4
24
0
0
55
1
12
16
0
0
51
594
13
0
564
0
2
1
0
0
340
1
34
0
0
2
112
1
12
0
0
1
172
8
1
0
0
0
0
25
0
0
1
0
0
6
0
0
0
3
185
0
0
0
0
0
0
0
0
33
0
0
1688
2
7
0
7
0
1
0
8
0
1
0
193
0
0
0
0
0
36
4
3262
7
0
22
1
0
0
1
0
57
0
0
0
667
73
2
0
2
0
0
1
0
0
0
0
0
2
0
0
0
203
10708
0
0
15
96
0
0
0
14
5
0
1
0
0
0
5
20
4
0
2
2
0
0
0
0
1532
0
0
0
458
0
19
2
0
0
0
1
10
0
0
2
620
0
3
1043
0
5
0
16
0
0
1
0
0
56
0
0
0
0
0
6
0
0
10
0
4
1
0
824
0
318
0
237
213
155
675
5
0
11
0
1
0
0
0
75
1
0
0
32
1
82
631
0
1291
0
1
2
70
691
0
116
9
1
0
0
71
13
0
0
0
19
0
115
2
16
0
0
1
0
0
0
0
0
1
34
0
0
82
2105
0
0
1388
0
0
7
0
459
3
1
74
0
1686
1
0
0
1524
59
0
0
0
0
2
54
3
0
0
3
5
53
2781
246
0
1208
3
3
0
0
0
0
8862
0
0
174
1
4
0
1
0
0
1
15
1
0
0
0
0
0
25
7
0
0
0
34
0
0
14
0
0
1
0
9
10
0
2
26
24
38
0
0
372
0
39
0
1
0
3
154
24
1
3
1177
8
39
31
2
14
0
14
0
0
0
0
0
0
1
0
0
325
0
0
317
19
6
2
0
15
0
0
0
0
0
344
0
0
0
56
0
0
0
216
0
0
2
0
7293
0
2
0
0
3
1
5
2
1
0
0
273
0
0
0
0
125
43
0
128
1
848
0
2
0
4
2
1
0
2
0
0
0
0
0
0
0
0
0
2
0
0
0
0
589
0
0
0
1
0
6
138
0
38
0
0
0
0
2
0
0
3089
0
0
0
4
0
0
189
7
0
0
0
0
0
0
0
2
0
0
0
0
0
0
0
4
37
16
0
105
2
0
0
454
0
1
3430
0
0
0
5169
63
0
0
1
12
0
0
6
0
0
1
0
0
8
0
1
0
0
1
0
1
112
1
56
0
2
73
2
13
1
95
0
1
0
25
32
0
244
1
7
4
1
0
4
0
63
1
0
1
8
0
0
0
123
2
28
0
0
0
2
0
0
28
2
0
0
0
1
1
0
0
1
0
1
0
0
0
5
0
0
0
0
0
0
0
1480
0
2
0
0
1
0
153
4
0
1
3
0
7
6
0
0
0
9
50
0
38
1
2
465
822
16
2
23
0
298
0
24
0
273
0
0
1
10
0
0
5
0
0
0
0
52
6
0
0
1855
0
0
0
0
0
44
141
0
0
0
0
3638
0
1
0
0
0
1
192
0
0
0
25
0
0
0
0
24
2
0
0
0
0
1
140
1
0
274
0
1
5
1
0
0
0
0
1
0
0
1
0
347
0
40
0
2
0
39
317
2
1
3
10
0
0
1
0
0
2
3
4
0
0
0
6
0
0
109
0
32
2
29
70
0
18
0
3
8
0
1
5
57
483
0
8
0
6
0
0
46
14
3
0
10
451
81
2
757
101
354
20
0
0
972
1
336
728
346
212
2
0
0
0
78
0
0
0
0
0
0
0
0
0
0
0
0
0
0
1
1
0
5
0
0
0
1
55
0
1
0
1
0
1
131
32
0
5
0
3
10
0
0
0
4
0
9
40
127
7
1
0
0
0
38
113
34
0
1
0
0
159
0
431
13
2706
0
2
4
1
0
1
465
0
0
1
0
0
26
8
0
0
62
3
0
0
32
3
50
0
179
12
151
37
104
3
0
0
0
1
0
1
0
1
2
3
1
0
2
0
0
0
1
3
52
0
5
0
82
0
3
0
0
0
1
0
0
5
2
262
0
0
4
73
1
0
0
0
0
0
0
0
4
31
0
0
2
0
0
0
131
0
1
0
0
20
2
0
1
0
0
170
0
0
32
3825
4236
830
0
25
0
100
0
6
1
0
0
2
0
0
2
7457
0
0
102
0
1
0
1
0
3
856
2
89
1724
8
12
0
0
0
656
0
0
0
0
439
0
82
0
0
0
0
0
0
25
0
1
78
890
14
0
35
1
3
6507
0
2
29
0
1
0
0
0
1
1
0
0
0
0
259
17
0
4
3
1
0
1
0
0
13
27
288
0
0
0
29
0
0
0
0
7
4
1
1
0
0
0
0
0
0
2
279
0
0
0
0
0
399
0
0
363
345
0
0
16
1
4
14
0
29
4
19
3
0
2130
1
0
102
0
40
0
0
1848
0
1
1
1
23
46
1
0
0
1
1
0
4
0
1181
1
26
3
0
5
1
4
47
2
0
0
0
0
0
0
0
0
31
0
0
0
106
0
232
0
0
6
0
1
0
0
1
122
30
0
59
326
26
0
0
13
87
0
0
0
12
9
0
31
0
0
1
777
3
0
3
13
4
1
0
0
32078
0
17
1
112
2
0
287
0
0
2
0
0
4
0
3
0
16
0
58
2
0
1
0
75
0
29
0
0
24
0
148
0
107
2
0
2
29
0
0
0
6
8
2
955
995
0
1
0
1
0
6
1
0
0
0
0
0
2
3
0
0
0
99
2
0
7
1
60
5
0
1
0
0
57
3
0
29
0
0
1
0
0
0
21
0
0
0
3
23
0
0
1
0
0
5
930
13
0
1
5
0
0
1
120
4
0
15
1
39
18
1
171
34
0
5531
123
0
0
29
26
0
0
10
0
1919
0
0
2120
21
0
0
151
0
18
1914
3
2
1
0
0
2
0
0
0
1
0
0
300
0
0
0
0
0
0
0
0
1
0
45
63
18
0
28
1015
0
0
3
20
9
0
7
270
1
0
0
1
7
0
0
0
0
5
111
3
0
8
0
0
1540
0
0
0
1
512
0
88
1
2
0
0
0
3
0
0
2
1
0
0
0
0
15
1
0
0
0
13
1
0
0
0
0
0
0
137
3
33
3
2
0
4
6
0
4
0
3
0
5
0
0
2
5496
1
2
9
0
0
2
2
6
0
561
2
4
0
838
20
475
6
0
24
1
0
0
0
0
0
7
0
0
0
1
0
0
0
0
0
0
0
0
69
0
0
0
0
0
0
0
0
0
14
0
78
0
22
1
1
5
0
14
1
54
8
0
0
29
4
10
0
0
0
7
0
560
4
5
0
878
0
0
1
1
5
95
0
0
0
0
1
0
1
5
0
0
0
0
0
0
0
2
0
0
0
0
1115
25
0
2
0
1
0
5
0
102
863
26
0
0
0
0
8
0
0
0
0
0
0
0
2
0
0
10
0
0
1
3
4
0
0
55
1
66
0
0
0
7
0
71
4
0
609
0
1
0
1029
0
0
7
0
0
0
0
0
22
14
0
0
0
71
407
0
0
0
0
3966
0
0
1
0
5
1
0
7
32
12
0
0
1
1532
3
0
0
1252
12
0
13251
0
0
1
4
0
0
1
2
273
1
0
0
0
1
17
31
0
0
0
19
0
1
2544
2
0
0
0
0
0
0
2
0
0
0
0
0
36
1104
0
0
95
15
26
4
4
0
0
8
88
0
0
17
2
48
0
23
1
0
2
7
1
786
0
196
5
0
28
1
0
2
0
12
0
31
0
0
10
0
1
0
0
0
3
15
0
1
2
3
7
3
0
0
0
0
0
0
3
0
19
0
16698
38
0
0
0
54
135
11
181
3
321
222
420
4229
1
28
1
0
19
9
444
3
23
244
76
2046
3
4
0
0
0
21
5
0
15
80
38
85
0
0
0
0
0
11
8
0
1
141
0
0
1
0
1
11
0
1
0
0
0
309
1
0
11
0
0
0
0
0
4630
0
23
1
0
0
3
0
7
0
0
0
1
25
42
26
19
21
0
0
0
192
0
1
0
0
0
3
1
1
0
192
1
0
0
119
0
0
0
0
2
0
0
234
390
0
0
0
0
0
0
0
0
1
0
0
0
0
0
0
443
0
0
0
440
0
4841
64
11
0
1
117
0
0
0
45
0
159
0
27
0
1
0
2
0
1590
8
4
37
0
60
0
2
0
113
0
228
0
0
0
0
0
1
95
0
1
1
187
8
0
914
3
0
1
0
0
0
0
0
22
115
0
0
0
25
0
0
0
3679
0
485
5
575
46
1
0
0
0
5
0
0
0
0
0
0
127
0
0
0
0
1
21
0
0
4
0
15
1
0
142
0
27
0
0
0
129
5056
7
0
19
0
0
1
98
595
0
56
0
0
0
0
0
0
7
3
0
29
0
0
0
0
0
104
0
0
6
2
11
0
1
21
1
0
1
0
385
0
38
86
0
0
0
0
0
14
0
1
0
0
2
3
0
0
0
0
0
0
0
0
163
4
1
0
0
1
0
0
9
1
0
0
1
4
0
0
4
0
1
11
0
0
2
8
15
0
0
444
1
3
7
1
0
0
160
1
3
0
0
19
0
0
387
13
1
0
0
1
0
3
6
1
0
0
8
17
0
59
1
0
1
259
0
1
259
340
0
0
0
0
0
266
4
0
6
0
5
526
1
0
0
0
6
34
0
1
0
0
0
1
0
43
3
0
0
0
1
0
0
6
46
209
0
741
32
0
0
0
17
0
0
17
10
2
1
0
0
0
9
0
57
0
10
0
0
0
0
49
241
3
6
0
0
12
0
66
0
111
217
0
3
104
1
0
0
0
0
0
0
0
0
0
235
0
16
1
5
855
1
0
11
4
0
0
20
14
2
1
55
0
680
11
0
0
0
18
37
0
11
0
0
981
0
4
1
405
73
0
280
210
0
30
29
3
93
0
0
0
0
29
0
10
0
0
0
128
0
0
0
0
0
3
0
0
0
1
85
2
112
1211
0
18
112
0
470
352
5
155
0
0
0
0
4
165
1
133
0
0
0
26
0
4
0
0
0
0
0
117
0
0
0
0
1
59
111
65
4
55
0
0
0
0
0
86
0
0
0
8
0
559
0
0
0
0
0
1
0
0
4
0
1
0
340
596
0
11
0
1
0
19
5
37
0
0
231
0
0
0
0
109
0
0
0
9
2
0
320
0
0
0
0
0
84
0
0
3
26
0
0
110
0
0
0
0
0
0
0
6
144
20
0
0
43
253
0
0
0
0
723
0
0
5
24
0
3
13
2299
35
1
0
0
167
0
236
41
0
55
21
205
0
2
1
15
512
1
0
0
21
0
4
289
0
0
1
8
16
362
1
0
0
0
3
0
1
0
0
11
0
1
1131
0
8
0
163
2
0
313
3
0
0
0
0
0
2
20
0
0
20
1
0
1
11
134
1177
1
0
5
0
1
5
24
45
1
0
0
0
2
1
0
0
0
0
1
0
1
0
1
0
11
0
113
3
1608
0
0
0
27
0
0
0
0
177
14
85
0
47
1
15
0
0
3
0
0
0
0
0
19
1
0
0
10
40
75
9
1645
3541
0
0
1534
0
0
1
1
53
13
6
17
2
0
157
0
9
0
0
1
0
4
0
0
0
0
1374
45
12
123
1
0
1
0
1
0
0
0
103
0
65
0
0
0
0
0
0
0
1703
0
0
0
0
1
1749
0
8
0
0
0
0
0
0
7
0
843
0
878
0
0
0
3
47
4
20
0
3
1
1
32
0
22
0
0
0
2
251
63
0
0
0
33
1
2
28
99
0
15
0
277
0
0
8
1
0
182
16
0
0
1
6
40
0
1
0
0
1
0
2683
0
3
0
0
0
0
0
30
2739
2
2
0
0
7
11
3
7
25
65
0
20
7
2
0
158
0
4
0
0
42
3
11
522
0
0
0
0
0
7
2
0
0
3
0
0
0
1734
14
0
0
2
0
0
0
0
0
1
0
2976
0
0
0
0
31
5
2
0
0
0
0
0
0
0
1762
771
523
2
0
9
4
3
5
173
10
0
0
0
6
0
8
11
0
0
0
0
0
8
56
1
429
2
4
21
27
5
0
0
0
0
0
6
0
0
234
7
21
753
161
0
1
2
0
0
0
0
0
0
44
15
12
1
0
15
276
2
13
1287
2
10
27
6
6
0
7
99
14
1
14
245
9
1
0
4
3
1
0
0
0
15
0
4
159
1
119
0
1
10
0
0
211
14
0
0
0
2699
0
0
470
20
2
101
0
0
296
0
2
1
0
0
0
0
413
3
87
0
0
0
470
0
0
1
2
0
0
43
0
0
0
5
1
9
32
17
62
1
0
0
0
5
0
0
76
47
0
4
0
48
9
120
6
1
0
0
42
6
0
1
0
2
1
19
60
60
3917
4
1
0
0
0
0
2
0
0
0
0
0
4
0
0
0
0
9
3110
0
1
2
0
3
2
0
2
1
2
0
282
2
0
0
4
3
5
2
0
0
0
2
5
0
0
1
1
1
0
1
6
1585
0
0
14
0
0
0
0
503
21
183
0
0
3
0
0
50
22
0
0
0
2
0
0
0
0
0
0
0
13
0
4
0
38
1372
0
431
2
25
6
0
3
3
33
24
0
540
1154
26
0
0
0
0
0
14
0
3
21
4
2
3
1
0
5
0
371
0
5
0
0
1
0
332
3
12
1
776
961
59
0
173
0
0
0
0
0
0
0
0
0
0
0
0
3
1
29
0
1
43
1
0
48
210
0
2
6
130
3
1
43
34
61
1
0
1180
0
1
1
0
1
19
2
14
4
1037
925
0
0
738
189
0
0
1
137
0
0
0
0
2555
0
0
1
0
0
0
0
46
15
0
0
0
0
0
92
1161
0
0
2
0
2
0
8
11
0
727
14
1
0
6
0
9
0
0
659
0
38
1111
36
1
13
0
482
0
0
0
404
0
61
23
7
14
1
0
1
0
56
0
1
0
1419
6
0
3
1
0
2
61
0
1
2
0
3
1
0
0
0
0
10
0
0
2
0
9
57
0
4
10
238
454
1
9
0
1
1
0
1
7
4
167
205
0
27
0
0
3
0
7
0
0
0
2
10
0
22
11
0
1062
181
1
55
0
1
2175
1
43
0
26
104
1
1
0
0
0
0
0
933
0
0
0
0
0
0
0
0
5
23
10
9
0
0
308
372
3
3
0
0
69
30
1
58
45
45
49
1
0
0
1
0
7400
0
0
160
0
0
8
1
0
1
10
3
0
5
0
26
998
0
85
897
0
0
250
0
8
43
0
0
18
4
0
2312
0
0
0
0
0
25
0
0
13
0
3
100
0
1
0
0
10
0
1
23
0
10
9
4
0
10
25
2
80
1
1
0
7
0
9
0
0
0
0
23
11
0
1
0
1
1037
0
147
3
0
2
0
2
0
615
0
0
0
727
0
0
0
0
18
0
0
0
0
0
0
0
0
0
41
0
3
0
1
18
4
0
1499
1
0
27
36
4
0
236
0
0
134
17
0
23
1
3
259
212
5
39
0
0
9432
261
0
16
0
25
8
1
9
0
207
0
0
169
0
0
0
332
0
0
2
0
0
0
8
235
0
0
0
0
1
3874
0
0
1162
0
2
0
18
136
0
0
135
3
0
0
1
0
4
0
34
0
2149
67
0
0
0
0
37
2591
0
1
0
0
1
9
2
0
137
18
1
0
23987
0
0
0
4
0
0
3
0
27
0
43
23
0
3
0
114
0
0
0
0
0
84
263
0
0
0
0
13
0
66
13
3
259
0
0
0
123
0
0
1
1612
18
0
0
0
7
1
0
10
2680
1
2
2
1
0
1
30
0
0
3
0
1
1
1
0
0
8
0
4
0
5
0
652
0
0
215
0
0
0
0
0
1
0
1
0
0
0
0
0
1
2204
0
0
2
6
6
11
2
86
0
0
0
1
16
422
15
0
35
0
0
234
0
3
79
27
0
2
1
7
0
0
0
9
23
0
2
0
1
1551
0
13
0
0
0
0
0
55
0
17
11
10
0
0
0
0
0
0
1
0
110
3
0
1
0
4
52
0
5
0
83
0
0
0
0
5
0
375
1
0
5
2
1720
0
0
0
310
468
37
4
3
73
0
1941
0
0
4
0
2
179
0
8
0
62
0
0
37
3
0
1
0
1
0
0
0
1
27
0
0
0
0
0
0
0
3
4
0
0
0
0
7
0
0
0
3
131
89
1
6
0
47
272
9
0
1
2
0
2
61
191
23
1
704
4560
458
14
331
0
1
0
0
46
1
0
8
1
60
0
0
0
225
0
2
0
9
0
2001
0
11
31
1
7
246
0
2
0
0
0
11
0
0
0
16
0
0
0
0
0
0
6
128
1864
9
0
0
17
0
6
0
94
1296
0
0
53
0
11
3
7
2
2
19
1175
324
1
0
50226
8
828
24
1
18
428
0
1
0
0
11
1
0
0
1
0
0
2
1
0
14
0
0
0
0
0
1
1
0
0
14
0
23
0
1
2
1
7198
0
0
69
0
41
0
8
0
0
0
0
6
0
0
0
7
10
347
1
1
2
3
4
13
2
52
5
0
0
11
0
0
0
0
1
10
0
4
0
1
0
3
0
21
0
0
4
0
0
0
0
0
27
2
0
0
0
1880
28
0
1
0
0
8
0
1
0
11
0
139
1
1
1
0
1
0
0
25
0
32
0
11
0
4
42
4
1
41
1
198
213
0
0
0
9
0
0
0
1
1
0
1
0
0
0
0
3
4
0
0
512
0
0
0
0
0
36
3
0
0
0
1
0
1
679
0
0
571
0
1
0
0
0
0
0
7
2
0
10
0
0
1
2
2
3
5
155
0
1903
4
0
0
1
50246
1
20
0
37
1
1
0
0
0
7
1
0
0
137
0
0
1
43
2
0
0
0
0
0
0
0
0
13
0
0
7
7
0
0
1
0
49
8
1
0
1
874
0
0
15
1
2
2
540
0
0
2
0
924
0
198
2
14
0
0
2
0
1684
1
3
1
1
0
14
0
110
0
0
0
0
0
0
1
8
4
1
0
0
0
873
1
0
0
0
0
0
0
0
0
7
2
452
0
1
2
2
0
4
0
0
1
0
3
76
1
35
22
9
0
3
2
0
864
0
22
37
11
2
0
0
8
0
0
861
62
0
0
620
0
0
0
0
5701
0
0
0
0
259
52
0
38
0
2
3
0
0
0
0
141
0
0
0
0
0
0
16
0
666
0
24
192
0
7
1
79
10
1
12
3
1
1
41
0
0
1
0
1
0
14
17
0
0
0
0
0
861
247
49
1
1
0
0
0
1
0
0
3
0
0
1
0
340
96
0
0
72
0
7
0
0
0
0
0
0
0
0
0
0
2
0
0
1
0
12
281
5
0
0
6
0
9
0
59
1
1
8
0
0
2
1
12
0
28
4
1
0
45
0
0
0
9069
4
9
0
0
41
0
0
0
0
1
0
2304
8
0
200
0
0
1
0
0
0
0
1
0
0
7
4
187
0
0
18
0
7
0
1
30
28
0
81
0
0
205
0
0
14
0
63
92
8
0
73
45
0
0
0
0
1
0
0
31
0
0
2
0
1
5
57
0
0
0
0
0
3061
0
0
16
0
0
0
4632
1
2
0
26
5
0
0
0
0
0
21
6583
0
0
0
0
304
0
4479
1
107
1877
0
0
0
0
7
189
199
0
3
4
0
70
339
0
0
4
1
1264
39
0
512
0
3
339
0
2
15
0
0
0
0
0
0
0
23
13
0
2
0
1
0
3099
21
3
0
0
6
0
0
0
0
0
332
0
0
0
0
0
3
0
0
144
74
105
0
21
59
264
1
598
186
0
1
55
12
62
0
8
1042
0
0
1441
3
9
0
13
6
734
0
0
0
0
3449
0
0
0
0
0
0
0
0
0
0
0
68
0
2
0
0
1
0
0
0
0
0
0
1
1
0
0
0
0
0
0
1768
0
1
1
14
2
0
8
0
0
13
0
0
11
2
638
672
0
1
1
0
529
6
62
13
0
10458
0
0
8
16
755
0
1
1
0
0
0
3
0
0
36
0
19
1
7
0
0
5
0
152
0
0
0
0
0
1
0
0
2
8
0
0
0
16
1515
0
36
3
10
0
161
1243
5
27
1
1
0
55
24
14
39
0
0
1
0
0
0
0
4
1385
1
0
33
18
5
0
0
1
0
1
0
103
0
0
0
0
345
22
3
1
0
0
0
0
0
0
0
0
0
79
0
0
0
0
0
8
84
0
0
4
141
24
60
0
3
0
6
13
0
0
2
69
0
2
3
0
7
0
197
0
0
0
470
3
910
0
0
0
0
0
161
0
0
0
0
20
0
0
0
0
7
6
0
0
0
0
0
10
0
0
0
0
31
1
0
0
0
0
0
8
5403
328
1
1
84
5
0
1
1630
2
71
0
272
0
0
2
0
3
0
6
4
0
0
0
0
5
1
17
8
0
3
0
0
1222
0
0
0
0
760
3
0
0
0
1
57
0
1
0
2
8
0
0
0
0
0
0
8
0
0
0
0
0
0
16
0
11
34
2925
5
0
4
69
8
5315
66
549
1
2
6
154
512
9
158
0
12
0
3
0
1064
0
0
49
0
22
1
0
124
2
0
1
0
2
0
65
240
1
8
12
0
750
0
0
0
0
0
0
0
0
0
0
0
0
0
0
0
16
0
0
0
4735
447
2
1
4
1
0
135
3
67
3152
21
0
4
2
3
1
0
0
0
0
8
65
0
64
126
2
10439
0
0
0
0
1388
3
0
0
161
0
32
4
0
0
0
0
2
30
0
1
2
0
714
20
0
0
0
1
25
3612
0
0
51
0
0
0
0
7
0
0
168
0
0
0
4
0
1
4
27
0
52
1
4
9
0
0
1
0
7
0
2
575
344
121
2
122
3
19
0
141
0
0
366
0
0
27
118
0
0
0
6
0
0
12
4
0
0
0
0
0
11
1
19
0
0
0
0
2
4
0
11
0
0
0
2
17
1
0
2
37
0
0
0
0
2786
249
1
588
0
0
0
1
291
0
2
217
293
170
3
0
0
0
0
8
5
16
0
0
0
788
3
0
0
1
0
0
0
4
0
0
1
882
0
0
0
0
0
0
1
0
0
0
3
0
0
566
62
0
12
10
3
0
0
1
0
2
3
9
0
0
1
5
0
3
0
143
2
132
19
0
0
0
1
5
1
51
0
0
1
1
0
11
6004
38
21
41
0
0
1
1
0
0
0
0
2
128
0
0
20
0
0
0
0
0
0
64
1
0
6
444
1
0
4632
0
0
9
13
0
1
98
0
6
0
0
0
26
0
559
0
6
0
45
659
0
0
13
0
10
56
0
2
1
3
0
141
25
15
0
0
1521
0
9
0
0
46
482
0
1
0
13126
0
0
0
0
0
2490
0
0
79
1
0
0
2
12
0
2
0
2
139
0
48
0
6
15950
4
371
0
3
0
0
0
578
0
3
2
0
34
2
0
0
142
192
177
401
46
0
0
0
4
0
2
0
0
543
0
766
0
0
2
0
1
0
0
0
0
0
54
0
0
0
0
0
0
4
0
0
30
10
0
0
0
0
3
14
0
0
1134
0
0
0
0
62
25
0
0
285
0
52
5
88
0
0
8
86
0
0
0
0
0
9
43
0
0
0
2
0
16
317
0
0
0
0
3
1
480
0
90
0
1
0
0
0
0
0
0
0
0
0
5
0
46
0
1
0
1220
0
622
0
0
10
0
0
0
0
1
0
7
283
0
1
0
86
0
0
1
0
7
3
12
2
0
123
0
0
194
0
0
0
4987
6870
1
1
1
0
0
732
2
0
21459
221
904
0
6
0
0
0
2
1534
0
4
0
1
0
0
1007
0
5
0
1
9
0
28
0
52
3
70
0
0
25
0
0
62
4
0
0
0
0
0
0
8
272
0
62
81
0
0
0
0
9
0
0
0
0
365
0
16
0
1
0
2720
36
37
16
0
237
0
0
0
0
0
0
0
0
0
0
57
2
1
0
0
2
0
1
2
38
151
12
1
302
4795
0
4
5
8
1
46
0
0
25
789
0
0
88
11
0
111
90
0
94
0
369
0
1
0
0
88
84
2
0
58
0
0
0
0
0
286
4117
0
1
0
0
0
0
0
2
0
0
0
0
0
0
0
486
0
2
0
3
52
0
1
1
1304
0
11
1
1
17
0
0
2
0
371
251
774
3
20
1
1
24
6
0
0
7
0
0
1
50
0
0
1
0
0
0
0
0
347
3
1
111
5
9
0
2
0
0
0
0
0
0
0
21
0
0
0
10
0
7
0
0
4
2
0
4
0
0
11
2
6
0
2
1006
0
3
6
0
31
78
0
0
41
20
0
7
176
0
0
15
0
0
1
0
0
0
0
0
30
0
7
0
247
0
0
0
0
0
0
166
0
0
0
0
0
612
37
0
0
0
6
0
0
2
0
3
4
0
0
42
0
37
0
1
2
113
0
2
196
0
233
1
9
3
1162
0
1
137
289
0
27
0
5
0
61
36
0
2
2
0
0
0
2
375
49
0
7
4
290
1248
0
0
0
0
0
0
0
0
0
181
68
0
0
31
0
2163
193
0
1
27
0
2
10
5
0
1
2
6
2355
0
0
1756
1
0
9
0
0
0
1044
133
1
0
0
0
32
0
586
0
1
0
0
2
51
0
0
15
1
74
2
0
0
1
26
0
0
1
0
1
0
0
0
0
0
0
0
0
1
1
0
16
81
2
0
210
0
52
1
1
0
0
0
1079
0
0
0
19
0
50
50
0
8269
0
0
2
26
0
212
0
0
2
0
0
147
0
1
0
0
0
2795
623
14
2
0
1
1
0
0
10
0
5261
0
0
1
0
0
0
0
165
116
0
0
3
1
2
0
0
0
1
0
55
9051
3
0
0
2
131
0
42
14
23
0
26
0
1936
0
0
0
0
8
11
18
0
243
0
1773
1
0
0
0
1
0
0
3
0
0
1
0
81
0
33
0
67
65
99
0
25
0
0
0
0
0
203
0
0
0
49
0
0
0
1
2
110
0
1
0
3
0
435
0
3
0
0
5
45
0
0
1
56
13
0
64
0
4
1
0
2
5
0
2
35
0
5
0
0
0
0
13
8
0
1
28
0
1616
507
1
303
24
5233
1
0
0
0
0
0
0
187
1
0
0
0
0
0
0
0
0
11
0
1
0
3
2
0
1
1
0
0
64
0
4
0
0
158
1030
0
3
0
0
0
4
0
2
19
1
0
0
0
0
21
0
289
0
0
0
2
1014
0
41
497
0
333
5
0
11
0
0
0
0
0
0
5
3
0
0
148
0
0
0
567
0
2
0
0
0
0
1304
0
0
0
1
0
0
0
78
0
0
327
0
0
0
3
200
1
1
0
0
1
292
9
172
0
1
1
74
2
0
54
0
2
875
0
26
0
0
0
5
2
0
0
0
0
0
0
1
11
0
0
0
0
0
4
0
0
0
0
0
2
1660
0
5
0
0
1067
155
0
2
0
1223
10
242
0
0
0
39
8
1
6
12
7
6
0
0
0
0
0
0
0
1
0
0
119
0
1
39
0
604
3
0
10
59
11
0
3
0
0
0
0
0
0
1
0
0
1
0
0
0
3665
1
0
0
2
0
3
139
22
62
34
0
455
43
1207
0
738
0
0
132
0
741
0
0
3
2
2
0
0
0
0
0
0
1
375
0
1382
0
107
13
0
8031
33
0
620
0
1
3
6
0
407
0
0
0
0
0
0
2
0
0
0
14
1
0
1
1
0
2
1
0
0
0
90
0
4
0
0
149
8
7
0
2
0
0
1
35
24
1
0
129
2504
0
1
0
0
0
32
0
0
0
45
7
11
126
0
18
0
0
220
1
0
2
2
0
1
0
0
0
0
0
0
1
0
0
2
47
0
0
0
1
1
0
0
1562
10
3
16
6
0
0
0
0
5
0
0
1
69
1
0
2
0
7
64
1
8
12
302
18
0
10
8
325
216
0
6
0
1
0
0
60
0
0
3
0
0
1
8
0
0
0
0
0
0
0
4
3
0
0
0
0
91
0
15
0
20
0
2
0
58
0
0
0
12
71
1
0
5
18
44
31
0
1
3
25
0
1988
155
3
0
0
0
0
0
0
0
129
1
0
1
0
0
6
0
2665
0
1
0
0
0
298
40
0
1
0
0
0
1
1
0
12
0
0
0
1
0
1
42
0
1
0
36
0
7
4
0
3
2
0
0
0
1
1
29
0
1
0
0
88
701
3
254
1
757
0
3
0
0
9847
0
4
0
0
1
0
7
0
0
1
0
202
13
395
0
124
0
0
36
0
0
0
0
0
770
0
0
0
0
19
2143
0
1
1
7
2
65
0
1
0
0
0
0
0
0
62
13
0
0
39
2
0
0
5471
2
257
0
781
0
0
0
0
0
0
0
0
6
0
0
0
0
0
0
3761
2
0
0
5
0
27
59
0
120
1
0
1
0
0
303
187
0
0
262
2
0
0
0
1
3
6
0
9
4
17
1
30
4
1
18
57
656
17
0
0
6
333
12
0
0
2
43
0
0
0
0
0
6
0
65
2
51
19
0
0
0
0
74
10
0
0
46
3
1
0
179
1
0
0
0
0
0
0
7
39
0
0
0
1
0
0
0
0
0
0
6
12
6
7
561
0
0
9
1
8
13
0
0
0
43
0
0
0
0
146
0
2
0
123
61
6
1
0
0
0
0
0
0
1
0
0
0
14033
0
0
0
1086
2
0
0
26
5
0
1
0
0
0
2
912
0
0
4
0
0
0
7
0
28
0
3
0
492
0
0
14
0
0
25
1
0
154
144
4
1
4142
4
92
1
2994
0
436
132
4
1
6
0
0
646
0
5
28
0
0
239
323
13
2
0
0
0
0
1
0
36
0
0
2
0
0
0
0
129
1
0
6
4
0
0
0
589
0
5
0
1
15
1
1
0
0
0
1332
2
26
0
650
0
2
38
0
0
2707
6
1
34
34
2
0
1
1385
0
12
105
802
386
0
5635
681
0
0
49
1768
0
0
0
121
15
5
11
0
2
0
45
0
0
0
11
13
0
0
0
1
2
0
1
1
5
0
2
0
0
6
3
14
5
0
0
6
51
0
147
0
2
15
16
2
3
0
0
1
0
1
40
458
35
0
17
5
0
0
8
158
0
0
28
0
0
1
2
1
0
0
2
0
1
0
0
0
0
0
3
1
20
0
0
0
0
0
0
1
2467
0
0
113
0
0
10
17
3
0
1
0
1
33
0
18
105
1
0
0
9
0
1
2
0
18
16
0
0
4
56
46
3
0
0
0
0
0
1
617
0
0
0
14
0
1
1
0
1
1
20
0
0
0
63
0
0
0
0
0
1
0
1
0
4
0
0
2
112
81
58
0
106
0
6
0
20
1
0
0
0
1
15
2
7
0
6
0
0
0
7
1
0
206
0
6
1
0
0
73
0
0
1
12
1
0
1
1
0
2
4
0
78
2
0
0
0
0
120
10
0
0
20
0
0
0
3
0
20
19
0
4
8950
0
2
67
0
104
0
96
256
22
41
121
0
0
0
12
3
2
0
5
19
1
0
0
0
10168
371
0
5
0
0
0
30
0
0
4
17
0
4
0
817
0
1
0
0
0
0
0
4
0
101
4
0
0
6
0
79
0
1
0
0
0
7
0
7
209
16
191
3
1
35
2
155
9
9
1173
1
3259
50
241
0
2
3
21
29
91
0
57
0
482
0
0
0
0
0
3
174
0
0
12
0
0
0
12
0
0
6
0
17
0
0
0
375
31
74
0
0
0
4
0
0
0
0
0
120
0
1
381
2
0
0
3
838
1
0
2
0
69
0
1
0
11
0
0
100
65
3
7
0
606
10
12
1618
10
0
122
0
0
1
0
0
5
2
0
305
18
0
11271
0
1
8
0
0
0
0
0
6
0
375
54
1
0
0
79
0
0
214
0
22
0
0
0
7
0
0
138
0
0
2
0
0
637
0
76
0
0
36
0
0
4
10
2
0
0
1
0
7175
1
10
0
0
1
0
0
3
0
11
0
14
0
0
0
0
0
2
0
0
0
0
0
42
444
3
32
0
0
0
0
0
0
0
226
0
0
0
0
30
0
0
51
3
2334
0
0
72
0
0
1661
0
35
0
0
0
0
0
10
0
1
1
526
1222
5348
0
262
0
0
0
0
0
0
0
6
3
0
0
0
735
1907
1
14
0
0
0
0
408
3
27
2
0
0
0
0
3
0
0
662
2
0
0
88
0
0
0
346
126
0
45
124
0
0
1
5
1
2
0
126
0
0
31
13
0
1
63
0
5
2189
1
0
0
0
0
0
117
0
0
1
2
0
0
0
14
0
8
0
0
0
0
0
0
0
375
2
0
0
4
0
0
0
1
31
0
0
27
72
1
0
0
72
0
0
0
0
2
0
1
148
0
85
0
28
19
46
0
0
0
0
0
0
0
34
15159
0
0
76
12
0
2
0
0
331
29
0
0
1
0
1
0
155
370
0
0
0
0
0
21
0
0
0
0
0
0
0
331
0
123
7
3
1
0
0
848
0
84
0
11
1
43
0
0
0
0
2
0
0
1
0
330
225
0
0
0
0
0
11
110
0
0
3
0
0
355
0
0
57
48
3
0
0
0
0
3
1
58
0
0
0
0
0
0
2062
0
5
2
467
2
0
6
0
71
0
0
11
0
0
36
2
1
0
1
1
0
0
0
5
0
5
0
0
1
0
0
45
2
0
1
0
1
0
10
0
1
0
0
0
3
667
0
273
575
0
0
1
0
71
27
23
0
0
0
0
0
0
104
7
0
115
1525
20
2
0
19
0
0
0
29
0
0
0
3
0
5
210
9
2
1
0
62
0
53
0
0
5
3
18
36
0
51
2
0
10
0
7
0
0
0
0
7
0
4317
0
0
0
17
328
0
0
0
0
0
0
1
0
0
0
0
0
6
1
0
2
0
0
0
0
5
0
2
0
0
0
1
89
4
319
122
0
23
12
2
0
53
1
80
603
0
3
0
2
0
0
0
0
3
0
926
2
1
0
0
0
13
0
0
110
0
215
13
0
0
5
1
828
0
0
0
1
0
0
0
0
0
0
28
2
0
0
15
0
30
1
3
0
0
0
0
20
0
0
0
5
3
1
5
0
0
0
0
0
0
4
0
202
0
1
0
0
0
0
3
509
2
18
163
2
46
1
1
98
0
40
160
0
0
45
0
7
0
19
0
0
0
0
0
0
2
5
0
1
2
0
0
0
19
0
2
0
52
8
1
0
0
66
0
0
0
0
0
10
0
153
0
0
0
141
1
0
2
0
0
3
3
40
0
114
3
0
2
2
0
0
5
0
2116
24331
0
0
0
0
0
0
0
0
7
0
0
0
0
1
2
1
0
0
2
0
641
0
11
0
3
0
12
134
35
1
109
0
5
4947
1
15
0
2
0
0
0
60
0
1
59
0
0
14
1
0
149
1
36
0
0
0
0
1
0
0
1
0
3
3
0
682
0
1
0
3
0
0
9
0
0
1
0
0
0
1
0
0
4
0
44
0
2
0
257
4
271
0
1
0
0
155
9
0
2
2
820
4
0
0
0
0
0
0
0
35
1
81
0
94
0
33
29
13
0
0
0
0
0
72
0
0
183
7671
61
2
2
0
0
4
0
0
4
0
0
0
0
0
4184
0
0
2
0
4
35
3879
6
0
0
0
0
0
385
0
0
0
0
0
0
13
0
143
1
3331
0
321
0
1
2
18
0
0
1
120
10
1
12
103
0
1
0
0
0
0
0
0
0
5
32
0
1
0
0
610
0
0
0
0
0
0
0
0
0
3
0
0
0
0
3
1907
7
0
76
0
5
0
0
2
0
0
0
0
4
0
0
2
55
3
0
4
1
1
0
0
0
18
28
307
0
48
1
20
15
0
168
0
9
0
46
1
0
0
0
0
0
0
0
1
0
0
33
0
1
0
0
0
1
25
0
0
0
0
0
0
0
74
6
0
0
6
9
0
1
0
0
70
11
4
2
0
32
2
3
2
0
1
3
0
2
0
6
168
6
11
11
3
0
1
0
0
0
0
287
0
268
0
0
0
0
0
0
11
0
17
266
0
0
0
1
0
0
0
0
0
1239
0
0
318
98
0
0
0
13
2
1
179
2
1865
32
582
2
3
17
4
0
6
19
0
0
1
7
57
0
1177
0
10
41
197
0
0
0
696
1
0
1
37
53
0
0
7
796
5
1
1390
0
1
0
0
1
0
0
1
0
0
7
0
0
0
47
0
0
0
0
0
0
0
22
0
35
5
2
0
0
103
0
0
55
0
0
0
12
10
0
0
0
0
88
245
19
47
0
0
1
0
4
0
1
0
0
0
0
0
39
0
23
8
0
29
0
1
0
1
0
0
0
0
0
0
2068
0
0
0
13
0
0
2
0
0
1
1
0
85
0
0
10
378
1
0
0
0
67
16
75
0
17
17849
0
0
69
1
0
0
1
1
0
39
35
2
1
0
0
1
0
1
0
0
223
85
0
471
1
0
0
4
35
0
0
1
0
0
0
0
19
0
0
0
1
1
0
0
0
0
0
0
0
496
6
198
1
0
1
0
4
31
435
10639
14
0
29
0
1
18
0
0
0
160
28
121
0
0
0
0
336
1
0
0
0
0
69
0
2
0
5
77
69
0
0
266
1
0
46
0
0
0
0
0
0
0
0
0
0
530
0
0
0
1
54
0
27
0
0
0
0
7
4
4
0
5
3
1
1
15
0
12
0
4
1
0
0
0
1
0
0
7
0
0
0
4
0
0
27
0
0
0
0
0
345
3
0
0
1
1
0
0
1
0
0
0
0
0
5
0
0
0
408
1
0
0
0
0
0
0
0
0
0
8699
0
1216
22
0
6
144
0
273
10
98
0
3
0
114
1
2
2
2
0
12
144
179
2
49
0
0
0
0
0
0
939
0
0
271
3
1227
0
5
21
0
2
20
3
0
0
0
0
1
1
2
0
0
0
44
1
0
4
0
617
0
6
20
0
0
0
7
0
2
2
13
27
5
300
0
0
14
0
198
2
14
0
515
0
3
11
0
0
5
3
1
0
0
1
0
0
0
0
3
0
0
0
3906
0
0
11
0
6
0
0
0
0
0
0
232
0
0
0
1
2
0
0
1
71
0
138
68
0
0
0
1
0
0
0
1
2
16
2
0
0
1
0
5
68
0
0
0
9
107
0
3
0
821
0
15
0
0
0
0
1
4
0
0
0
1
0
35
1
6
0
1
6383
1
0
0
0
0
0
2593
0
0
82
0
0
0
4
0
0
0
0
0
27
0
249
0
31
0
2
418
23
0
0
0
0
0
0
6
8
0
3
0
0
7
15036
3
0
0
0
1
0
0
0
0
3
0
0
0
15
1185
0
0
320
11
38
5
31
0
0
0
0
0
12
1
0
0
0
6
85
0
1
0
57
1
19
5
961
1
9
52
25
5
19
0
0
0
0
1
0
0
0
0
23
1
199
9
147
0
78
19
0
3
0
2
0
2
0
0
0
683
0
0
4
0
4
1
0
9
0
0
5
0
0
0
0
0
0
0
0
0
0
119
0
0
0
0
0
6
0
0
16
1
0
1
12
46
2
126
715
22
33
15
1
29
0
2
4
0
1
66
5711
0
0
0
0
5
6
0
0
4180
0
0
228
125
0
0
29
2063
0
51
1
1622
1
0
0
0
0
0
0
1
30
51
0
0
136
3
0
0
15
0
127
0
0
186
0
2
0
0
0
0
5
0
3
0
9
1
0
82
9
13
62
4
0
0
0
0
8
5
1
484
1
0
1
0
0
0
4
1
0
0
0
0
5
0
1
141
0
10
0
0
0
28
0
0
4
146
0
0
36
1
82
0
0
1
0
1
6
0
0
1494
0
0
0
7
0
0
3
124
18
0
0
0
0
0
0
22
1
24
170
1
5942
0
4
24
9
1
556
541
44
0
1
0
19
0
0
0
76
1
543
0
147
0
23
0
0
0
0
0
6
0
1
0
3
73
0
0
2
0
0
0
11
25
3
13
1
0
15
0
87
0
0
78
0
0
11
170
3194
0
0
0
1
11
5
296
10
0
30
71
0
1
0
0
12
0
10
0
1725
0
6
13
0
18
2
0
0
1
18
0
0
1
2
0
1
15
3
0
89
10
5
0
1
0
0
0
4607
7
4
0
0
3
120
4636
1
51
3
170
0
208
10
5
0
153
2
0
28
2
71
8
6740
35
0
906
1
0
0
0
140
0
0
1
1
79
3
0
0
3
2
1
1
0
3
0
0
0
0
0
4
0
0
0
0
0
0
0
4
0
0
0
0
20
11
11
0
1532
4
0
22
1
1
10
11
1
115
13631
136
14
0
0
0
1
34
26
0
3
2
0
7
1
0
0
0
0
0
0
4
0
2
16
0
0
0
0
16
0
0
0
0
0
0
0
1
7
0
20
0
1
12
0
39
0
28
0
0
41
1
71
0
0
30
0
0
159
0
74
3
0
2
0
2147
26
0
0
0
87
1599
0
0
0
110
54
0
0
0
0
1
202
0
6
18
0
0
1660
908
1
0
0
0
0
46
0
0
0
0
0
5
202
0
0
0
0
1
0
61
0
1
3
3
0
7
26
0
2
27
9
1
0
0
233
2
0
1
2459
0
63
59
1
0
0
21
0
0
3
0
137
0
0
0
309
2
0
0
0
33
48
0
0
3
0
0
0
1
1
0
0
0
0
0
0
48
0
5
0
0
0
3
0
1
0
0
0
3
23
21
1
0
0
3
0
0
3
134
93
0
0
0
5
0
0
6
186
0
0
0
4
794
0
0
11
0
0
0
1
3
0
0
0
11
68
8
10
0
2
0
0
0
0
0
0
0
0
0
0
1
22
24
0
57
8
0
0
52
0
0
0
2
3
0
77
4
4
0
50
0
857
258
0
0
0
0
1
0
0
21
6
1
344
176
0
0
0
2
0
1
0
0
0
0
0
2
0
1
0
2
56
1
4
114
0
76
1
0
2
0
0
0
0
1
1
13
0
7
199
29
0
88
49
1
0
0
2
0
0
0
0
558
0
1
0
3
14
15
0
0
15
0
3
66
2
0
0
327
0
1
1
0
0
149
1
0
32421
0
0
0
0
2
708
2
0
0
2398
18
716
0
1
63
1
0
0
0
3
1
0
4865
0
0
0
0
0
20
71
160
0
193
4
0
63
0
0
48
10
0
0
1
0
1
15
0
0
1
0
1
6
94
173
0
4
1
0
115
2
0
9
119
11
0
1
935
0
0
0
0
2
2
14
718
1
1129
0
1350
0
0
0
0
0
0
0
19
0
0
17
9
0
4
60
9
0
0
1
705
0
54
119
1
7
0
0
2
36
3
0
0
90
0
0
0
3
0
0
0
0
0
3996
0
0
0
116
0
675
1
0
1
0
0
0
11
0
0
8
110
184
0
1
0
0
0
0
0
0
570
6
291
0
0
0
2
0
0
87
5
0
81
60
113
0
22
9
0
1796
0
0
0
0
0
3
0
0
0
1
0
1
0
7
0
0
0
0
0
21
17
3
0
0
0
0
0
1899
33
0
0
5
0
0
0
6
0
6
21
0
0
0
0
0
496
1
20
0
1
0
0
0
0
0
153
8
2
14
12
0
2149
15
372
0
0
0
3
2
5
105
0
0
0
0
26
0
0
0
27
2
0
0
7
0
0
0
6
15894
0
0
0
100
1279
0
77
9
0
0
1
0
2
0
1
0
0
0
0
0
1
5
0
0
0
0
0
817
0
0
0
0
0
1
15
10
0
0
1
1831
0
0
0
0
0
0
0
1189
2
0
0
5
1
2
733
1
0
0
0
0
25
0
25791
4
0
0
203
3
0
0
0
0
0
0
0
0
4
0
2
0
1
0
0
0
4627
8
0
0
29
5
0
0
0
0
0
0
0
1118
0
0
1
0
43
0
0
0
389
0
714
37
0
143
2
0
0
607
0
0
0
1
0
2522
0
383
0
0
0
2
0
237
0
0
695
0
106
477
3
0
0
1
0
0
12
0
0
0
0
0
1
0
0
0
101
86
0
100
0
0
8
0
0
0
126
2
16
3
0
2
0
14
0
0
203
0
2
0
2
0
5
4
10
0
5
176
0
37
0
1
0
0
1
1
0
17
0
0
376
0
85
16
237
0
0
0
0
1
4
0
0
0
862
0
1
195
2
0
0
0
0
16
125
1
1
0
0
0
0
0
0
3
0
20
0
0
99
1
4
0
21
0
0
0
0
153
0
47
4
5
4
194
128
611
0
0
0
0
1
0
0
0
440
56
2
15098
0
8915
57
73
0
0
0
0
0
0
0
0
0
0
0
5
0
0
1
0
0
0
6375
0
0
7
5
122
5
0
0
3
0
1
77
24
0
1
2
0
14
0
1
0
0
331
0
0
8
0
18
0
236
0
21295
0
0
0
0
0
0
0
0
1
0
0
1
19
1
0
0
0
0
0
0
0
0
91
0
0
0
25
0
6
0
0
20
0
1180
23
0
4
2262
21
6
1
1
0
31
101
0
0
31
0
0
0
0
0
2
0
0
0
1
0
34
0
0
0
1
545
0
0
1
0
0
0
0
762
2
81
1
2
0
12
0
0
0
0
1
0
113
5
0
0
32
0
0
121
2
0
0
5
0
0
15
1
0
37
10
32
2
105
12
5
0
0
0
0
227
0
0
222
0
2
1
163
1
0
0
221
1
0
1
0
1993
0
31
0
0
133
0
0
1
0
2
0
917
0
0
0
0
0
0
0
49
0
0
0
0
0
1
1
0
1
0
0
2
0
1
339
0
54
6
0
0
8
2
22454
5
0
0
0
132
0
16
86
33
0
5
0
41
0
1418
0
328
1
1
0
6
6
10
0
0
63
5
6
0
3
2
1
0
33
0
0
0
0
0
0
56
5
0
0
0
5
2
100
3
0
11
0
0
5
0
0
0
51
0
0
0
2
1
46
0
0
0
171
1
1
27
0
1
102
37
205
0
68
5
324
1882
0
0
0
3
0
10
2
0
4
1
3
0
886
0
0
0
3
0
0
0
0
0
0
0
124
0
0
0
9
0
0
4
0
21
0
9
5
116
61
2
0
5
12
0
10
0
0
2
0
0
0
0
0
0
336
0
0
0
244
0
387
6
0
1
26
224
0
1
0
1
1
0
0
2
0
0
1
0
21
3
0
602
0
0
0
0
0
0
20
0
0
0
1
484
0
0
0
0
0
2
220
0
834
0
4
0
2
0
4
3837
352
0
0
0
0
0
0
0
5
0
230
16
0
0
1
23
0
0
91
0
0
0
0
417
0
0
0
0
3
6
8
0
2
18
5
0
0
0
0
0
0
5
5
3
0
52
0
1
0
1
0
0
0
115
0
0
4
1
0
8
24
10
1
2346
45
96
0
1
138
0
66
0
739
10
61
0
14
150
2
3
286
15
0
0
0
0
0
1
0
9631
0
109
0
0
0
18
11
0
0
0
0
0
1
0
0
29
0
0
0
0
76
0
0
0
1
11
1
102
0
7
7
0
3
2
6
0
4
0
41
0
0
1
68
0
0
0
0
0
21
3
555
11
18
2
1
2
0
2
0
0
0
1
0
78
0
0
522
1
2
0
1
0
7
16
0
0
0
0
0
1775
9
0
0
0
3702
0
0
11
0
37
2
5
0
21
300
0
0
0
210
108
0
0
720
732
0
0
3
0
0
0
0
0
0
16
855
1151
0
22
494
2
0
0
19
183
0
10
0
4
0
303
0
0
11
2
0
0
0
0
0
0
0
0
0
0
0
0
0
2
76
0
0
212
5
0
0
38
3
61
16
0
1
1
0
867
0
318
0
0
18
2504
0
0
0
0
1
0
44
0
191
0
768
5
6
0
0
0
0
3656
0
0
0
2
0
0
0
0
0
1
1603
1
23
2
0
0
0
1
0
0
0
0
0
1
9531
7
1
0
0
26
0
0
0
23
0
4
0
150
2
0
286
0
8811
0
1
7
0
0
0
3
3682
0
0
3
6
1
0
28
67
0
14
0
1
0
1
2
633
0
0
0
699
8
0
0
0
0
1
188
0
0
0
0
0
0
1
0
0
0
5
0
0
28
21
0
0
0
0
2683
1617
0
0
0
108
0
0
0
1255
0
0
5
0
0
1
0
0
0
4
13
1
0
0
2
1
272
0
0
0
0
329
1
12001
0
29
0
171
0
0
0
2
1
7
2
0
0
0
0
0
0
2
0
0
0
7
0
0
30
0
14
0
1
0
0
1
16
9
194
9
1
0
0
0
0
0
0
0
2
2
0
1
38
0
0
1
4464
0
0
94
0
0
0
0
0
0
6
0
2
0
0
0
1
1
0
13
0
0
56
0
0
0
0
13
0
0
0
0
0
5
0
1
1
20
13
0
520
33
0
1
4
2122
0
0
1
0
25
350
4
71
36
0
0
11
64
0
0
132
4
9
0
4
1
7
0
0
4
0
0
0
0
0
5
0
2
0
87
15
0
0
0
8
11
1
0
0
0
0
5047
1
0
0
0
8
1
0
7
0
3
3
4
1
11
0
4
0
2
0
0
0
378
8
0
1
0
0
0
2
286
0
351
1
0
0
233
2
0
0
0
2
0
0
0
229
0
0
3
1
0
0
0
5
0
1
3
1
0
0
0
0
0
9
25
0
0
0
0
2
2
0
1851
12
2
0
19
110
0
0
4
0
0
160
457
0
0
2
1
2
1
76
0
0
0
0
1
2
2
0
0
0
8
1347
14
0
0
0
0
0
0
2
0
9
1
0
0
62
1
0
3
0
5
0
0
0
0
0
1
0
0
0
0
3
1
0
0
0
2545
0
0
2
0
0
1
0
0
0
1
12
117
0
0
1
1
0
0
9
1
0
0
46
11
55
0
2
51
1
17
0
0
0
0
1
0
29
0
0
0
0
0
0
1
0
0
0
22
0
0
0
0
0
5
201
0
0
0
0
0
0
0
25
93
0
1
3
0
213
2
1
2
2
0
68
0
2
104
0
0
0
0
9
0
41
3
0
33
10
1985
28
0
220
0
5
0
225
2
0
0
0
0
0
116
0
526
0
0
0
0
13
25
0
0
0
0
0
505
0
0
0
0
0
10
0
46
0
1
0
0
26
0
232
29
0
35
4
0
0
26
174
0
16
25
18
0
153
99
49
12
0
1
3
37
205
1
7
0
0
0
0
0
0
38
877
0
0
0
0
3
0
1
0
0
0
0
0
0
0
0
0
0
0
0
0
0
2
0
0
0
0
1
0
0
0
5
709
12
0
3
1
0
1
0
426
0
35
39
52
0
20
1
0
0
0
6
0
1
0
1
8
0
0
0
3
0
0
409
692
0
0
0
0
0
0
0
0
0
6
0
0
0
0
0
0
0
170
0
0
0
5
18
0
1
0
13
2
2
47
0
0
447
3
30
110
9
136
0
1267
0
16
0
2
0
45
58
0
0
8
1
88
1
192
0
226
6
0
0
180
0
130
432
361
0
0
0
308
0
0
0
703
0
0
0
0
0
0
0
0
2
57
0
0
0
3
106
0
0
0
596
11
559
21
30
0
0
1
0
3
1
2
0
3
3
261
7
0
0
0
74
8
0
0
7387
1
1
138
11
1508
15
0
231
0
0
734
49
6
0
0
4
0
0
3
46
4
0
10
8961
0
0
0
0
0
10
35
0
20
0
9
4
0
1
0
0
0
3
157
0
0
0
0
58
0
7
4
0
4
0
3
3794
0
0
0
1
4
106
0
0
21
0
0
0
17
66
0
0
2
0
12
0
782
40
0
0
0
0
4
0
5
0
2
0
0
0
0
0
0
76
35
0
0
0
2
13823
0
0
0
29
0
15
0
0
0
0
1
1
0
1
3
278
0
0
0
1
0
0
0
1852
0
0
1
0
1
6
1
1
6
850
0
48
0
0
18
0
13
34
0
0
51
316
0
0
0
0
0
10363
0
0
0
0
0
0
13
0
0
9
7
0
0
1109
1
0
0
0
6
520
1
0
0
2
1
0
7
0
2
2
0
0
0
17
85
0
0
196
0
0
0
0
2
3
2
2
0
381
0
0
119
0
0
1
19
2
21
0
1
0
0
21
0
11
0
0
0
0
0
0
2
0
0
0
1
0
0
15
0
0
0
0
4
1
0
79
26
1073
458
1
2
81
35
2
2
2
0
0
0
1
0
4
0
37
0
2
22
0
3
1517
0
0
0
0
4
37
1524
0
0
2
0
18
0
125
0
59
43
28
0
0
0
0
0
1775
0
0
0
1
14
0
0
1
0
4
0
12
0
0
101
0
0
4
0
1
0
0
5
0
0
0
26
0
0
0
5
0
11
1
21
74
6
0
83
1
0
5
1
0
1
182
0
0
0
0
0
5
13875
17
1500
0
0
1
0
1
0
0
0
0
5
0
7
106
0
0
0
0
0
0
0
32
149
0
1
1
91
0
0
0
0
27
0
19
0
0
0
0
11
274
18
54
23
0
1
855
0
1
0
0
1193
0
0
0
0
1
0
3
0
18
0
0
5
0
18
0
1
10
0
0
0
0
0
0
4
0
121
0
67
1
1
0
0
0
1
0
7
0
1
2
947
0
0
0
0
3
84
0
7
1
0
0
0
1
0
1
4
1229
0
0
0
0
234
99
0
0
0
0
2
1
28
1
3
0
0
0
3277
2
0
0
0
0
0
0
0
1
0
0
958
0
1546
7
93
0
0
746
0
0
0
2
0
1
0
2
349
1
0
5
0
0
746
662
1
0
348
0
3
13
5
1
39
0
0
0
0
15
2
0
0
0
0
1
0
4
9
0
0
33
0
0
33
0
2
0
1
0
0
0
0
0
0
7982
1
0
0
0
0
0
0
9
0
1
0
0
0
2
0
0
7
208
0
0
230
0
5
675
2
8
0
0
0
337
0
18
17
0
523
5737
929
29
1453
2
1
0
0
735
194
1
12
1
0
5
0
0
2
0
2
0
0
332
0
0
0
0
0
4
16
0
1017
0
147
0
0
0
0
741
0
0
0
0
1
27
4
0
0
0
19
108
0
20
0
6
0
0
210
1
12
0
0
0
0
9
4
0
4
316
0
0
0
13
5716
1021
0
18
0
41
0
12
89
0
23
0
0
4
0
0
0
0
0
28
0
1
49
0
0
0
0
1
0
0
0
0
81
41
7
0
0
0
0
0
0
0
2
0
0
367
104
18
9
0
0
4
0
471
12
0
3
0
12
264
0
0
1
0
2
14
0
345
0
85
0
0
0
0
0
0
0
0
0
0
0
0
1
13
1
0
0
0
59
1
0
45
0
7
0
0
47
1
1414
4
0
0
0
1
0
0
0
0
4
6
0
4957
595
2
1147
0
0
1
195
2
20
0
0
81
91
0
0
1
1
0
0
0
0
0
0
0
3
0
2
0
68
618
0
0
0
0
0
6
0
0
1
20
0
1
124
17
0
0
0
1
365
0
3
26
88
0
2
59
0
262
2
0
2
0
0
0
0
0
2054
13
0
56
0
640
0
103
521
0
12
0
0
68
0
0
0
0
0
0
96
2
4
0
0
35
0
296
0
0
0
0
0
17
33
0
0
1
2
0
0
40
1
423
0
26
35
4
2
538
7
123
0
8
0
8
45
0
6828
0
0
1
0
0
45
4
64
0
0
0
0
0
5
0
982
0
0
0
585
0
0
0
0
0
0
0
34
0
12
11
0
0
0
1
2
0
0
1
3
0
0
0
91
12
1
0
0
34
0
0
12
3
10
2
6
0
0
1
0
1
2
1
8
2
0
4
1
0
7
0
0
0
1
162
0
228
409
0
24
1
0
54
3732
0
0
303
10
0
0
0
1
1
0
0
0
7
0
0
0
0
0
0
215
0
0
0
0
0
0
0
0
3
0
0
13930
0
0
1
1
1
0
0
0
1
33
0
0
0
0
7050
10440
0
0
0
220
8
2
0
1
0
127
3
0
0
0
1
0
0
2570
3996
0
0
60
0
0
0
0
3
0
41
0
0
8
0
0
0
0
0
0
1
24
143
0
0
0
5
0
1
1
34
130
2
22
0
1
2
98
1
0
0
1
0
0
4
271
0
2136
7
0
0
1
4
0
7
7
1
1
0
0
0
0
0
0
5
0
0
35
8
573
0
0
4
0
56
0
0
0
0
1
16
14
291
0
21
4
0
0
76
0
0
0
0
0
0
1
15
62
7
15
8
1
0
0
1
5
1
31
0
0
0
0
531
0
9
0
10
0
132
165
17
0
0
0
5
2803
62
17
271
86
0
1
23
23
0
0
2
0
179
3
0
53
0
0
48
1
0
0
2
6
0
0
48
0
3
0
0
0
0
0
2067
53
1
0
0
0
36
0
2
2
0
0
6
12
0
4
54
3
51
2
13
0
0
0
0
0
0
0
0
7
58
0
3
0
2
0
3
1
0
7
4
0
43
0
0
0
0
0
3
33
0
0
0
3
0
0
1
1
0
0
14
40
63
1
0
2
2
1
2
0
9
0
0
24
1307
0
4660
121
108
82
0
0
0
1
33
0
0
0
0
10
0
1
0
0
4
0
4
25
2
10
75
135
0
0
0
0
288
2
0
6
0
0
0
10
0
563
0
2
0
0
0
0
0
2
0
164
36
4
0
14
1
34
0
0
0
7
88
0
0
2
0
37
0
3
0
85
1
0
0
5178
0
3
27
0
0
1
17
6
235
3
14
2
0
0
0
1593
37
6
0
0
1631
0
0
0
0
135
0
5
0
0
0
4
0
0
0
0
0
0
1
3
4
0
0
0
1539
0
0
143
0
269
0
12
406
0
1
1
47
34
0
820
0
39
150
0
0
60
0
0
0
0
0
157
0
1
9
0
71
0
0
6
1
0
1
11
1365
23
0
0
0
0
97
19
0
0
1
27
0
0
0
0
0
33
0
0
0
617
3577
0
7
13
6
0
55
0
0
3
0
0
29
3
0
41
0
0
332
65
0
0
0
11
6
0
1001
0
0
111
0
0
0
0
0
2
0
0
1
1
12
0
477
0
0
0
0
0
1
7
0
0
20
0
0
0
167
49
12
0
538
11
2
33
0
0
347
285
0
0
79
0
35
9
0
6
8
2
1
0
0
296
0
2
0
0
58
0
0
0
0
0
262
621
0
0
37
0
0
0
0
22
0
0
2
1
639
53
0
0
0
0
6
18
0
0
338
2
0
16
0
22
1
498
0
0
32
0
0
8
0
0
0
0
3
7
0
0
2
0
27
109
73
0
1
213
0
1
1710
0
0
0
109
0
0
0
0
5
0
0
0
0
46
0
0
0
0
0
4
0
1
0
0
0
0
0
15
1
0
0
20
14
0
0
32
16
1
26
2
0
0
0
349
97
55
0
124
2
19
0
7
0
0
0
2739
6
13
22
61
0
8
0
1
209
0
796
0
0
0
0
0
16
0
0
0
0
0
0
0
7
10
0
1
0
325
9
0
0
0
0
15
36
0
0
0
0
2
0
0
2440
17
0
0
0
1
0
1
1
1
1
0
68
17
149
0
6
0
0
428
0
160
0
0
0
42
183
80
0
1
3
184
0
0
0
1
0
0
1
0
0
8
0
0
13
1
367
3
3
4505
0
0
0
0
0
1
0
0
0
192
12
1
0
2
35
6
62
2
5
0
0
1
0
0
0
35
0
0
0
1
3
1
0
15
0
1
9
1
0
0
0
0
358
0
16
50
0
0
0
0
0
0
0
0
0
0
0
2
2
0
0
0
1
16
0
0
0
0
0
5
1
0
0
1
140
0
0
0
56
22
465
1499
2
0
1
0
1
0
0
2
0
0
17
1
1
0
0
3295
0
2
0
206
39
0
6
15
1184
0
6
0
0
0
0
0
1
7
0
0
18
21
1
0
85
0
54
0
15
98
0
0
0
0
0
0
1
0
0
0
0
0
0
0
0
0
451
1522
6729
85
39
8
0
28
19
0
1
0
0
11
0
0
0
3846
16
4
1
3
0
24
1
0
3
3
0
0
0
0
0
1
0
1
0
55
0
0
0
44
21
2
5
1
0
53
0
0
0
0
0
474
11
0
0
0
0
0
0
0
0
40
1256
33
165
0
0
6
4
29
166
395
10
0
1561
0
27
1709
0
2
0
11
24
0
78
1
149
0
9
24
46
0
0
0
0
0
0
10
0
17
0
17
0
0
0
776
0
0
0
0
0
0
0
0
0
0
0
0
0
0
0
0
0
911
0
0
1534
0
0
0
1
4
131
0
20664
0
0
0
7
0
0
0
32
0
0
50
0
1
0
5
0
1
1
0
0
12
3
1
161
9
710
0
0
1136
0
0
0
0
0
1
0
1
0
156
0
0
0
0
0
0
3
0
0
0
2
0
1
0
0
0
16
1
2
0
0
2
15
815
3
13
0
3
0
0
5
134
0
6
0
0
0
248
0
2
0
0
0
0
3
1
0
0
0
0
8
130
34
0
0
8
0
1
1784
119
0
4
0
60
0
0
0
1
0
0
10
0
0
0
20
0
0
3292
1
17
2
0
6
6
7
276
23
0
0
1
0
0
11
54
3
1
0
9
10
27
2
0
521
27
0
2
0
0
48
0
0
0
0
1
1237
40
1
0
153
0
0
4
1
198
0
0
0
0
0
0
0
0
1
5
0
0
0
0
0
0
0
42
0
0
2
0
0
0
14
17
52
0
5
349
1
21
3
1
0
0
302
0
0
1
53
0
3
0
2
2
25
1
0
2
0
0
0
0
10
273
0
0
0
17
0
0
3
2081
0
1
0
4
0
0
0
0
0
35
1
0
0
0
1514
0
0
269
0
384
0
0
23
23
22
12
0
31
0
19
104
1
0
0
6
0
127
56
2
0
253
11
0
1
1
63
0
1
1
17
1
15
0
0
1
1
10
227
0
1
0
0
0
3
0
0
0
0
0
0
0
0
0
1
60
0
0
0
3
0
0
0
0
554
189
0
3
0
1
0
36
0
0
0
0
2
259
0
0
0
3145
225
122
57
0
1
2
861
2
0
6
12
0
0
0
236
0
0
0
99
0
0
0
0
66
22
0
1517
753
6
0
0
0
0
0
0
0
0
0
0
0
0
373
0
1
108
0
0
868
0
17
2
2
1
0
13
2
1
0
218
0
0
0
1
0
4
0
0
4
1
0
0
0
0
30
0
4
126
159
3
7
0
0
0
2
2
0
0
0
0
0
36
0
38
0
0
0
0
1
0
0
5
0
14
0
0
35
224
0
4
0
118
0
10
71
6
1
4
700
0
0
3
4
157
0
0
0
0
12
0
0
26
1
710
40
0
0
1
39
7
0
19
0
0
4199
0
50
0
0
0
0
0
0
0
0
40
0
0
1
3
0
0
0
0
0
1
0
0
0
0
29
0
0
302
1
0
6045
9
277
0
140
17
0
4
11
2
5
0
0
0
0
34
0
0
0
0
1
0
0
5
0
150
54
9
0
3
4
0
0
349
15
33
0
2
0
0
96
0
1
0
149
37
0
635
0
0
0
0
0
1
4
0
0
22
0
39
0
663
0
0
1
27
0
2
1
0
0
34
0
0
165
72
0
2
0
0
95
45
2
0
79
0
0
16
0
10
121
7
0
6
36
0
0
0
6
39
2
0
0
0
5
62
48
77
4
321
186
5
0
0
0
0
0
8
2
0
5
50
0
0
0
0
0
483
11
0
2
0
0
32
6
0
16
252
0
497
38
0
0
42
0
1
2
36
1
683
0
14
1
1
1
32
113
0
0
0
0
6
0
0
16
514
0
0
1
3
0
1
476
290
65
3
0
0
0
0
0
0
2
0
0
0
2
1
0
2095
0
0
2
13
131
1
237
44
82
0
566
0
1
5
2
0
5
1648
0
0
43
0
0
0
0
2
26
0
0
8
0
490
0
0
0
644
0
1331
0
3
0
0
0
2
4
8
111
168
0
4598
0
0
0
0
0
0
2
1
0
7
5
0
0
5
76
0
231
0
3
3
1
5
59
0
5
91
3
12
0
0
0
14
0
0
7
4
0
1
0
0
0
15
0
1070
2
207
0
0
0
0
0
0
2
0
0
0
0
1
0
0
2
0
2
227
1
1
0
18
0
3
1
0
400
0
0
0
0
2
388
32
0
7
9
0
1
3
0
7
0
8
35
0
0
1
8
1
2
2
0
12
16
0
81
1
3
39
0
10
9
0
0
0
0
2
490
3
0
1
22
1
366
17
10
137
740
0
65
35
0
0
0
0
0
0
211
0
0
0
2
0
0
2
0
1
77
2
0
13
0
0
3
32
1
4
1
0
3047
0
0
5
0
9889
56
0
1
25
2
0
1
3
1
0
2
20
0
222
0
0
10
276
14
0
0
2
0
0
1
23
942
3
125
0
0
0
0
11
0
3
17
0
12
0
0
0
0
0
0
0
6
0
0
1
75
12
0
0
323
14
0
225
491
427
6
520
60
0
64
0
2
0
0
5
1
0
11
0
1
60
0
1
0
0
1451
0
0
0
0
0
0
2
0
0
4
4
0
41
0
0
0
2
0
1
0
0
0
10
0
1
2
1
0
6
18
1
1
8
0
1
0
0
0
0
3
0
0
1
0
0
1
2757
35
38
1
2
27
0
0
0
6
0
141
6
0
1979
0
0
0
1
0
4
2
458
0
0
0
0
0
1
94
0
0
0
0
0
0
15
0
0
116
319
0
123
0
464
0
5
1
0
6
0
0
1
660
0
0
0
35
0
49
0
0
0
0
1
34
0
59
4
1
13
9
0
0
0
86
5
21
1
0
1
1
25
0
1
1
1
0
0
1
0
0
0
3
36
0
0
0
0
0
0
3
0
22
70
2
14
0
0
0
99
0
0
55
401
0
1
0
568
0
4
41
0
1196
0
0
71
59
0
9
4
174
2
9
0
15
9
0
16
0
0
7
0
0
0
0
3770
158
0
1
0
0
0
0
1210
634
1
0
23
1
0
0
0
0
0
5
40
0
0
21
1
0
5
0
78
157
0
347
2
1368
393
0
0
1
0
0
2
2
0
0
0
4180
0
1060
3
138
411
0
54
0
0
0
17
0
3
0
0
0
0
5026
2
0
4
0
0
0
5
3
0
12
0
19
0
0
0
0
0
0
0
0
0
0
3
0
219
0
0
0
0
103
0
0
2
98
0
0
5
0
0
15
0
480
9
48
1
17
0
0
246
22
0
1
9
0
76
0
545
0
1
1982
0
0
0
0
277
547
0
0
0
0
38
1612
140
5104
1612
15
87
6
7095
1446
9481
1612
708
5669
6576
1890
87
14674
8294
1264
8934
169
2045
158
274
6
48
5104
128
12859
12859
6280
16234
200
9162
28035
7637
38
274
6238
12401
5104
320
11179
3153
18224
4925
28147
17662
31255
0
28035
1150
180
6
38
38
3439
17941
274
4263
30
839
268
1025
11
12
60
11
1604
5430
110
67
614
23
11
23
12
4
456
949
491
1089
0
4807
678
2
4448
1879
0
2080
0
40
1853
15672
1128
363
723
9571
0
0
10664
1
124
692
11204
1030
0
27
0
1527
4
0
1171
8204
0
2049
295
0
36004
4716
804
12711
2318
88
266
57
8113
18
30
9641
20
0
0
1
475
149
1
71
0
2224
10
586
0
35
34
4682
29
483
3046
487
2813
2
0
9291
333
738
6
7
2
8
0
1
0
3691
663
9388
72
3463
0
0
0
12974
10
164
19
11
10134
0
0
2
0
0
2
4893
0
29414
139
317
100
0
0
17559
740
821
2394
0
26
0
20
0
628
1058
26
11
10
15
1525
95
1271
3
1
2064
8060
27
21562
0
7
0
260
17829
446
531
2671
74
0
3499
1602
52
4
0
10264
29
0
198
5544
0
0
100
92
0
1
0
2525
0
140
1
3
6
24
9
5
835
47
1
1
0
6
341
0
0
0
35
78
201
4
17389
122
0
1
18
2
1
2
254
0
51
5
3
25
8371
3237
3
16
0
4
6
0
86
889
2
17370
183
0
233
715
80
0
2
33
201
3011
15769
0
3551
251
0
9056
0
65
16607
13
674
1
666
4
7
508
90
304
0
0
3286
416
0
33
599
0
3
0
387
0
2569
0
5
8905
22592
86
16
4630
985
6
4147
0
0
0
0
607
170
0
0
18
26
1
3954
6
1
25
0
55
1
779
4468
213
2088
137
6304
0
760
4670
0
297
623
0
50
2
6
247
325
1297
0
5720
34
5
6
0
4
6251
44
20
209
18644
5
0
0
71
1254
609
2844
1256
2127
0
48
181
1
0
7
159
253
23625
6
47
10046
406
1953
1
0
0
150
169
131
16
3740
21
0
741
1299
0
273
1089
4
9086
1412
12
34
2429
2224
0
1
1054
0
11
146
28
4
0
0
0
803
49
62
2
538
232
0
744
1477
49
444
58
24
84
35
2
0
0
1
15
55
53
12
58
31
252
1854
393
0
68
28
38
2
8
0
944
67
8
446
0
0
1514
1
9
4116
0
468
4386
1107
0
978
528
1105
0
6777
26
404
0
28
0
4
0
2
860
54
0
30060
191
0
439
1
0
1
2
0
0
5
29
0
0
43
253
0
251
532
878
483
3
4
1
135
35
2655
105
591
0
4
2557
7
671
0
0
8
0
3038
1
552
57
0
4309
7
10
1358
1
0
515
0
5
26
0
38
0
361
4
38
5
545
1
9214
0
134
31
16703
0
62
0
0
1
463
72
20
17674
489
19
125
0
5
0
212
257
0
2038
11
28
5
2
15
1412
0
0
329
4
269
0
0
0
113
6
3153
268
50
7
43
6072
0
622
0
33
0
2198
504
450
10
21
90
61
233
39
58
2
3
670
0
1
4
182
75
0
0
1
8
2
362
628
1866
55
0
9
2
52
1
2
19
0
0
5
5
32
0
0
3
0
1053
91
1373
1
3
0
4586
691
168
1275
30
20
0
0
292
0
5
5
117
0
511
5
1
0
1
1
21
3
654
0
0
259
0
2
8
1
0
13
5
1
18
18
0
672
0
0
0
1
404
1
16
2
10
170
14789
11259
0
9
7
8
4
1
45
1543
22
0
3
3
0
194
3
55
0
13
313
0
3
4
9129
2050
60
0
1
9
0
1
0
5197
594
550
141
60
10239
9919
0
1
0
0
2
1
51
112
1
63
11
4
5
0
41
0
0
26
300
393
0
0
853
0
5
3
53
3770
14
1
708
177
53
4
60
7
1
2
199
84
104
1062
1
3
14
420
3380
0
172
0
57
3
1690
5543
2
0
1841
1031
41
0
63
3
4
0
0
1837
27
117
1
25
1
9778
2
80
44
100
2
1
2
0
3
6
10
0
11
3150
10
0
9
6
83
0
0
9
687
0
0
1
1
537
871
6
0
99
0
0
0
16
0
19
12
0
11
0
0
4841
453
0
0
0
144
36
0
0
0
4089
11
1
152
41
0
0
2
0
1
1
2
0
0
4
870
0
41
1
0
44
365
5
35
8314
317
0
0
0
0
0
0
2
213
0
0
0
0
41
17
1
1
2
11462
7
1
1
726
79
5
637
1
60
0
1
0
0
10
0
1
1
2
448
10
0
0
0
65
8
0
24
4
136
2
1
0
0
224
2
0
0
1
38
0
3
37
1
0
55
5
1
990
1392
118
0
0
3
693
515
0
0
0
28
1
1
8
1
399
20
0
31
798
2
0
0
6635
1
2
325
6393
761
0
252
12624
24927
3643
144
0
50
0
631
1
0
1
0
3
8
348
1117
0
0
33
0
0
0
3
0
117
6
1
0
1
170
0
2
0
1
0
101
667
315
1
2
11
0
1
0
66
0
20
78
4
32
16285
29
0
0
2
0
248
1
311
0
4636
342
3
45
2810
48
0
23
0
0
1
7211
301
832
3
1
54
48
21
0
1
3
4
0
14
203
4
0
23
475
0
1
291
1
0
2
0
0
0
74
6
156
19
12
10
0
0
0
14
6
0
9
488
0
1153
0
42
0
3
6924
29
1
1
1
4
0
0
42
4
18
4621
0
0
6484
15
129
4
37
0
1
0
103
12
0
21
1550
79
1
214
765
1
0
0
450
417
0
4
120
225
0
0
0
45
0
0
76
20
146
20
0
1
8
0
0
0
181
12
5
226
1353
23
2
19
3261
15
0
0
0
169
1110
21
26
473
0
4
1380
0
74
86
572
1
0
1
0
798
0
0
0
0
1
1
8
310
33
0
34
5
0
1
88
0
0
144
15
10
45
10
0
32
932
0
76
1
222
6
2
556
0
236
0
0
23
7
0
0
0
3
59
20620
51
0
1
255
0
0
0
14
0
67
11718
0
0
1
4
52
6
0
3522
434
0
0
1
0
0
2
14
11
2
0
0
343
0
0
40
48
2
41
0
85
43
0
2
4
513
0
0
0
2
0
14
0
0
0
4705
334
42
0
0
6099
1
4
11
22
12
0
0
271
1
50
961
0
0
0
104
0
0
3
0
3
84
743
0
0
0
0
0
0
0
3
20
10106
0
0
977
1
2
17
3
10
0
98
0
0
0
1
1
4716
310
0
0
4
814
0
726
2
578
0
302
1862
0
0
0
4
0
2
6
23
116
493
309
46
1
2
4
6
137
0
0
1
50
0
0
161
13
193
15
25
0
0
1
0
0
173
0
31
0
3
0
0
1046
14
0
0
0
0
10670
0
0
2716
1
1
0
0
1
45
0
10
3
12
611
0
308
43
0
2
1381
168
5359
0
1
40
0
5442
24
6
218
0
2
8
0
0
39
0
32
0
7
0
1020
22
2
0
23
70
2
0
40
0
0
5
0
0
0
0
62
39
5
0
23
318
809
0
0
0
0
18
0
120
23
0
0
1
4096
2
399
5486
1
0
118
1
26
2
4655
0
75
0
0
7
232
25
1
0
745
35
0
832
2210
74
1
0
191
131
4
0
0
1946
0
0
0
0
0
27
101
11
2
0
0
6
38
2
3
103
1
1
0
4786
2953
1
0
0
573
7
0
229
0
184
0
0
0
1617
333
10097
4
0
195
49
13
3
37
0
0
0
22
29
62
0
1
27
0
5241
41
1462
418
0
0
348
0
0
0
234
0
38
77
0
0
0
1
68
4
0
0
6
2
2
1
78
0
1
0
515
1
140
11
0
2
96
1
21
0
1
669
0
0
0
0
6
4
77
88
33
0
0
0
4
19
0
2
33
11
0
0
19
0
1867
25
4
93
0
4
12575
0
0
3
0
1
742
14
11
0
0
1
2343
2
1
1
42
22
3
68
0
1
96
2
1086
239
1
16
0
137
12
14
0
0
0
33
438
0
848
1
1
1
0
0
0
0
0
757
1463
2
1853
8
0
145
1
0
0
0
0
0
0
5
0
5875
3
488
0
103
0
1
3
18
0
0
1524
238
13
34
2
0
0
138
0
534
0
0
341
0
0
7
26
4
1
0
0
0
0
26
0
15
0
0
44
0
0
0
3
7
0
0
0
224
270
4964
48
15
1
0
23
70
1
3
0
59
1482
111
2348
2
7511
31
24
3
245
0
122
1
38
1
0
2
0
108
14
0
0
0
0
3
3
1
58
1
0
374
0
13
0
1
0
0
0
214
998
1
1339
2
0
1
0
0
82
11
0
1
0
4
424
14
2127
2
1
3
0
1
0
39
0
2815
0
0
6
0
226
1083
0
0
60
67
0
0
715
1
0
1
1
44
1
0
7
4527
7
29
0
9
0
1
1
0
0
21
168
1
0
0
19
1882
22500
0
738
1
4
3
1
381
1
61
159
1
1
282
60
0
403
0
97
1
0
0
2
1
6
0
0
1
0
766
0
0
0
1
0
0
44
0
0
1
1
1
626
4
2111
256
3
18
2
0
1
3
99
18
0
0
7
0
0
0
9500
0
1
0
3
10
12
17
3775
0
0
46
2
61
2
0
490
298
1
1
0
0
265
0
0
0
0
222
396
2
224
0
0
0
663
7
1
0
0
0
2
2
0
2
0
2
0
1
1
3
0
0
0
3
0
2
4
5
0
2
187
141
0
1376
961
13
2
0
0
1
206
3133
10
0
140
524
75
7
25
7
121
10
24
0
139
1
1
15045
0
20
0
0
1
104
0
0
0
0
184
0
2
0
0
53
0
0
0
0
1
0
2046
566
0
0
0
6
855
14
198
0
0
250
0
0
7
28
0
398
131
0
0
0
8
27
1
15
5
0
21
0
82
284
17
66
1007
10
185
51
30
76
42
7072
0
4
0
542
1
280
1056
0
1
81
7
0
0
0
0
0
0
14
0
10
4
3
1
3
0
1
0
14430
2
0
1
311
0
5
0
0
0
9
74
33
7
0
9
0
0
10
7782
7
2
0
3
2
0
0
1
16
17
49
0
163
50
536
0
4
963
528
0
0
0
2
11
62
1
52
4
48
136
94
0
5
1
13
1
821
3
38
1
387
0
9
9
5
3
0
0
0
11
0
0
0
773
0
0
1
34
0
0
1
0
6
5
0
0
0
37
115
0
19
1
6
0
35
1219
0
0
77
1
388
1
4
0
2
40
596
78
82
1
585
2
1
0
34
0
0
0
1
0
33
1
1
0
200
0
0
1
0
0
0
0
0
2
2
0
0
0
2044
97
0
0
141
41
2
4550
46
60
1
4
0
1
899
3434
0
0
39
0
0
49
0
29
2
47
52
0
0
4
24
1
1
48
795
33
0
1
238
0
0
0
6
94
1
0
82
3
0
0
2734
48
0
2
173
32
324
59
0
61
0
0
0
0
492
0
0
138
0
1
6759
4
1
1
2
0
0
0
4
10
5
414
0
265
2
0
8
8
38
2
386
0
0
22
0
2
1
58
1
25
2513
1128
0
55
0
107
0
1
1
0
1144
0
0
6
0
0
1
0
0
8
1
2
0
0
1
5
0
12
0
0
413
3727
0
5
232
36
1
2623
1392
1
0
0
263
203
4
15
0
376
236
9611
0
0
26
0
28
1
1
4
0
2
152
776
0
3
2
580
0
0
1
4
15
15
0
0
512
4180
4
2
105
316
2
10
514
2
0
1
10
1
21
0
0
42
14
223
2825
15
0
0
4
791
0
29
1
357
0
3
792
1
0
22
4
0
5
20
56
0
0
1
5
12
0
0
0
576
0
0
5
737
5
1
0
6
357
0
0
2
0
21
5
176
3
1
4
13
0
0
0
2
10
5
68
0
0
0
10
106
0
77
5
0
7
12
1959
0
0
0
0
1413
12
69
0
78
1
2828
3
0
1
0
4
0
0
3
6558
0
2
0
0
0
12
0
0
26
21
0
0
0
2902
0
8
4
0
429
0
2
0
0
0
0
8
4
1950
0
2
0
35
4
0
0
0
1369
0
575
4372
0
0
0
1
31
15
2
43
2
0
9
28
17
25
99
0
0
75
0
0
0
0
0
0
0
15
0
209
0
19
0
12
0
0
0
71
29
72
0
0
0
521
1
0
1
10
0
163
1
0
0
2
488
0
1
2
424
71
0
0
2
1
0
7
12
0
18
1
0
22
3241
3
245
19
2
13
0
0
0
0
0
4135
315
0
0
323
0
2
0
41
0
33
0
1
448
16
246
0
0
42
0
1677
0
41
170
6
0
0
2
9
1
821
0
605
0
0
1
4
35
5
0
214
0
0
1
34
6
1
1
0
0
3908
0
0
0
9
0
95
43
3011
0
8929
4
1095
0
270
0
5
385
0
963
0
0
3
0
5
487
24
142
1
3
1
0
597
12
3
0
3
1
7
0
0
0
5
0
1
0
40
49
4
606
1
44
0
8
172
0
0
0
0
0
0
0
2
32
0
0
1
3485
15
1
43
1
4462
0
405
7
109
1
344
2
0
0
1
9
0
1
0
0
29
0
3
0
0
2
0
3
1
0
80
0
0
9
0
0
19
0
0
1
0
0
15
75
179
165
0
485
3
0
0
0
0
766
16
4
0
0
0
0
5
550
4095
6
0
0
7
0
24
76
15
0
25
21
4
0
68
3
0
399
3
1
1
0
10
3
96
0
0
279
0
63
97
48
0
0
0
0
0
1
0
44
1
1234
4
0
7
1
0
1
6
1690
425
0
0
0
0
0
772
7
1707
0
0
19
24
0
6
9
162
1
1
41
4643
0
17
160
6
2
1
3147
6
31
0
0
0
0
0
0
152
1
1
0
0
0
15
0
8
0
3
44
0
0
0
0
0
7
0
0
0
0
0
0
0
1
4
63
2
11
1
0
0
0
1
24
0
0
0
1
11
706
0
0
4
7
460
0
0
0
73
7164
54
0
149
0
0
43
0
0
233
3
0
0
0
122
0
0
3
2
7
14
3
31
0
14
0
1
0
0
0
0
0
3
13
6740
0
0
0
5
209
69
8
0
0
1
0
1
2
0
280
0
33
3
11
0
0
2
1
0
1
13
0
6805
56
0
33
0
16
305
0
0
0
0
5
0
0
0
4
666
12
0
2
71
1
0
4
2
1
0
0
11
0
0
0
4
0
2
1
4
0
0
5
0
0
0
1885
16
2
284
0
0
41
275
98
0
0
0
11
0
0
0
0
0
0
0
0
29
0
0
0
2398
5
1
1
2
6
0
3
2106
36
3
25
2
4
3
14
0
293
0
0
0
4
1320
1
7
1
0
1
2
602
113
0
4889
0
4
0
208
21
0
592
0
12
86
43
6
5
0
1393
304
1723
0
7
20
33
39
0
18
1
0
9
0
1
823
7
884
1
0
92
171
0
0
94
6
0
57
0
218
273
737
0
0
13
2
0
0
0
69
0
25
0
1
1
2
0
15
27
4
1
0
2542
1998
1
0
1
0
0
7772
49
429
2
1
9
4
3
0
25
2
0
0
7
12
0
12
2421
0
23
5
1548
0
211
0
7
0
2
0
0
14
81
0
10
1
0
113
1
1
0
0
0
0
0
13
0
111
0
22
0
1
20
0
240
0
0
0
0
2
63
23
149
0
0
938
0
1053
0
46
15
2
1
3
1
110
8
0
0
0
0
9
21
4
0
0
3
3
0
0
4
0
0
391
5
13
3
32
126
1
12
0
1
3
2563
0
0
0
9268
31
0
0
54
19
33
0
951
7162
0
0
0
0
699
1
14
0
0
1409
3
604
0
123
22
0
1
0
18
0
35
49
1
0
4
1
0
8
2
2
3
12
0
3
0
88
225
34
644
0
0
0
1888
2
71
0
310
691
3
0
0
3
1
0
2
0
0
0
163
1
0
0
2
0
3
1
0
73
828
1
4
0
0
0
64
6283
1
0
3
8
10
0
5
1
0
0
0
5
26
0
0
3
649
56
0
2
0
39
16107
3
0
4
0
0
0
0
1
0
0
0
468
0
7
1
2
0
0
6
684
8
0
4
17
312
111
37
15
0
0
0
2
0
23
0
0
2
0
24
65
73
0
23
134
0
1612
0
3
1
8
0
525
0
48
1
0
0
2
468
1748
26
0
0
0
8693
32
1
0
57
5
0
7
2
2
0
4
0
15
338
0
0
0
0
3
11
439
0
650
0
0
1
32
1
0
12
0
811
2
6713
1
1
1
2
0
9
0
1
1
0
8
0
0
0
0
1
0
17
3
0
0
0
1
7
0
0
86
10
14
541
0
0
0
1
0
0
8
1
0
78
7
0
0
10
29
11
0
0
467
99
0
1
2
701
0
0
0
4
25
1
78
0
5
0
0
4
0
5
3
1358
0
1
0
6
1654
1416
0
0
25
0
2042
0
0
10
0
1
1757
66
53
0
0
1
3
0
675
845
0
0
4
5
6
2
0
8393
0
12
140
1490
0
2
0
0
27
0
0
48
0
0
0
77
2
1
2
1
0
0
0
763
94
666
384
8
0
1
0
0
1
83
0
4
0
104
0
0
0
9
50
141
0
0
7
1228
0
18
1658
0
6
12675
0
0
13818
0
0
0
3
63
2
1
1
0
3
0
0
4
2600
1
0
9
0
1
0
2
0
0
2
1
3
1
0
0
0
0
0
26674
1418
1043
0
0
0
0
15
18
0
1
0
0
149
1
0
0
0
33
1
0
4
0
0
2
5
1
2
1
10
0
5
0
1
0
0
1
3
287
0
121
0
0
0
0
0
0
0
15
0
1
0
36
1
1
0
7
22
4
64
0
0
3651
364
6
6
10
1
0
0
0
1
0
8
15
0
1
3
4737
5
0
3351
27
0
1
0
1
0
1
3
0
0
34
141
0
58
0
34
0
0
1144
0
0
26
2
0
0
0
3
116
535
1
0
6
2
0
1371
0
0
2
75
10951
0
0
1
0
0
10
11
9
24
2
0
0
39
57
13
0
17
0
0
6
0
0
1
44
0
28
0
13
37
0
1
19
166
5
19
1
828
0
0
0
0
0
0
19
1
0
0
8
738
0
10
0
0
0
67
0
0
0
3
0
18
0
5
359
0
7
0
350
3
0
75
2
528
0
0
0
0
2
7
197
1
3
2
1
6266
80
0
0
151
20
150
0
65
97
428
0
10
0
1
39
2
3
0
325
0
0
1
251
0
72
3109
1
16836
0
3
43
0
2
0
0
1
0
0
0
0
1
0
4
368
0
1
0
0
9
8
0
5
0
0
0
0
0
392
20
15
1
0
4
2
1
2138
0
1
0
27
497
0
3
0
0
0
78
1
8
2
38
0
839
1
0
0
0
1
0
0
27
31
1
0
1028
0
1
4
0
108
3
1804
0
0
0
60
3
0
13
0
254
652
2
3
0
27
2
0
0
0
1290
0
0
0
0
0
64
0
8400
5220
0
0
0
34
0
0
0
63
0
1
2
2
3
1
6
0
2
0
0
0
0
1
4
76
56
338
1233
0
2
0
0
0
0
32
735
1924
3
0
38
0
1
13
0
132
1948
0
14
0
1
31
7
0
0
373
32
0
9
858
0
0
190
0
38
3
0
1
3072
0
0
0
3
0
1981
4
2
0
12
92
0
0
0
22
100
1
0
11
0
105
3
4
3
0
0
9
21
10
1
18
3
5
0
0
23
0
1
3
15
0
0
42
0
0
1
0
1
0
0
0
418
677
1
0
104
17
4
0
22
663
0
0
1
0
472
47
0
0
0
1
198
3304
1
98
1
0
1
0
1784
0
0
0
0
3
0
0
3
0
0
0
20
35
2
324
1
4064
0
25
137
0
0
510
0
0
0
0
3
9
3
50
0
0
0
1
0
226
1045
1
9
0
0
0
1
3
29
0
81
5399
0
729
16
52
9
0
11
1
7
1
0
0
0
92
1
0
308
0
0
0
0
0
0
0
0
0
3
4
0
27
0
1
0
0
0
0
0
702
18
0
0
223
2032
112
3
2
0
1
0
128
0
517
0
26
54
11
0
1333
1156
0
101
9
12
1
0
28
0
8
0
143
1
1
0
404
0
0
53
109
3
0
11074
0
0
2
2
1
0
4
0
0
0
38
3
3
0
0
0
0
0
0
10
4
0
4
1
39
4
1
0
36
10
0
0
5
0
8
18
526
15
215
30
28
42
162
0
23
0
0
3
0
0
0
19
3
1
22
32
115
0
0
0
0
3072
0
0
0
3
1
0
47
1
206
7
0
0
1
0
1
0
0
0
1
15
0
2
74
13
0
0
229
3
65
1
0
3
0
0
0
0
4
0
45
0
694
2
490
0
147
4
0
0
5
132
449
17
30
1
2
6
920
0
203
4522
0
6
0
170
0
463
0
0
0
0
27
9
1
1201
2
0
0
535
0
0
0
2
3104
0
613
20
0
1
0
0
0
0
565
175
18
0
0
0
178
0
2
19
1876
0
99
198
1526
1
0
0
29
3
22
119
4
1
0
12
397
4
0
0
0
0
1
53
0
0
0
5
0
13
10
550
0
1
3
2
2
1
0
9074
1
5
0
0
0
1
0
10
0
0
2
696
15
5
4
7
0
23
0
4
0
507
0
10341
46
0
0
0
5792
2357
3
1576
16
543
80
17
0
3
9
0
0
0
2
6
1217
2811
57
5
0
2
0
11
0
9
0
3664
0
17
0
0
0
21
2
97
324
398
1
0
2
1
0
0
0
0
2
0
1
3429
0
5
0
0
0
77
0
0
14
0
4
4
0
110
6
0
5297
93
56
0
3
1
193
1
0
0
169
24
11
0
5
5
12
1
1
44
13
1
18
0
2
23
0
0
17
0
4
0
7
83
0
0
0
0
1
0
0
2
176
0
0
317
0
0
5
0
0
35
0
0
95
1
0
1
14
0
0
0
0
3795
3
4
57
5
8
166
145
0
0
201
1
1
9
0
4
36
0
2
0
33
8
0
1
0
1472
0
0
1
93
7
0
1
0
0
2
64
0
0
0
0
0
9
0
0
18
24
29
175
1
2
3
75
0
0
5
1
562
0
0
5
158
13
422
5
1
0
0
0
0
0
0
2
148
0
849
1
0
6
87
0
3
7
0
220
1
372
2
680
0
0
2
2756
6
139
8228
226
1
0
1
2
7
1
15
8
0
0
157
0
0
0
4
44
54
131
1
0
0
0
1
0
25
0
15
267
0
57
2905
0
0
4282
1
0
1
1
76
13
0
7
0
0
0
1
0
0
0
0
0
4
1
6
0
1
1
0
19
0
3
0
61
0
39
0
0
0
9
139
0
0
0
26
26
1
257
33
1
0
6
1
134
1
0
0
1
0
33
2
1
0
276
1
589
0
0
3
0
0
17
0
21
0
0
0
2
0
2
67
1
0
0
0
0
1
0
0
7
5
2264
0
18
0
3
1
0
0
0
0
4
0
1
0
0
0
0
0
9
0
53
7764
0
0
30
0
1
14
0
0
0
1
16
0
0
0
0
0
39
0
0
0
1
0
0
0
0
1
0
3
366
0
1
0
15
703
3
955
8
0
79
0
0
1
507
1
2
0
0
0
0
6
3
1
0
0
0
1825
155
443
0
0
7
0
198
6
275
3849
0
1
20
6237
0
0
6
0
1
1
0
0
3
34
213
0
1340
3
210
0
0
46
33
1
0
3
0
35
0
155
0
12749
0
0
0
0
20
2
2
2
1
75
80
0
1
0
0
20
0
0
811
0
0
2224
137
0
0
25
1
0
0
7
769
0
21
3
3
7
0
0
0
1
0
12
0
0
6
0
6
481
0
1648
3
3
404
0
0
2
13
9
0
0
87
5307
0
2
0
1419
0
696
0
12
0
0
4
24
0
0
2
16
0
2
0
0
0
0
1
1
0
66
0
1
5
1
0
94
24
7
0
1
31
4116
0
0
1
11
1
1140
0
0
0
184
317
0
0
0
0
1
0
0
0
0
0
97
1
1
22
1783
0
4549
5
4
0
3
0
0
0
1
0
0
3
1
25
0
2
43
0
0
287
0
32
0
0
0
3
55
3
0
0
34
5
0
0
7
0
0
0
0
27
29
5
0
732
0
5
0
0
0
6550
888
38
1
56
3
43
4
0
1
10
0
1496
0
1
315
4
9
0
12
58
0
0
24
10
168
2497
1409
5
1
0
6
0
0
0
3
243
4
4
26
0
2
3
507
0
0
0
7
2
0
2
44
0
0
286
0
32
0
0
0
4
0
275
0
7
1
6
0
2751
1
173
0
988
4
0
0
1156
5
0
0
2
0
0
4
47
2
1
4457
54
0
0
0
19
0
0
0
0
1
0
0
0
0
0
0
2720
6
3
0
1
3
0
5
3217
7
0
0
0
0
0
1
2
328
0
15
2
0
9
5
4
18
1
3
0
10
10
185
20
6
38
105
5
25
0
143
5
0
1
134
326
0
0
0
0
0
0
471
39
0
0
50
1
2
0
0
0
0
20
2
207
0
0
0
0
3
24
5
1
0
1
0
0
0
0
3
1
0
0
0
0
0
0
0
1
0
2577
7416
0
0
1
0
11
2
0
1
399
0
0
4
0
0
0
0
0
0
0
0
4
0
1
0
0
0
0
88
58
0
0
0
1
0
0
9
44
35
2
0
0
5
57
33
11
0
20
8
0
0
0
1
669
1187
36
7
0
107
0
3
1
3
2474
5
22
0
1
20
3
0
4
0
0
0
9
3
1
351
0
0
3
0
2
2
24
1
0
1
71
0
1
0
0
8
3
0
4
0
108
1
13
1
22
0
1
0
0
0
222
1
4
0
0
0
6
11
66
140
0
1694
0
2
18
0
101
0
3
0
22
19
28
3
25
0
20
0
0
40
24
3
23
160
0
0
1
1
0
25
0
0
1
0
1
0
2
0
13
0
3
0
0
0
0
368
0
2
4
6
2
0
2
1
53
0
0
52
0
0
66
71
0
0
4
0
22
338
3
0
41
7
23
1
8
4
0
2
1
0
0
0
0
598
6
11
0
6
0
9
0
0
4
7
41
2
858
1
68
0
0
14
6
8
11
221
1
0
1
0
0
0
7
0
0
4
0
104
1
101
0
0
8
0
1
2
1
0
0
0
0
6
261
0
0
0
0
220
0
0
15
3
0
272
2
0
485
2
32
0
49
2
1
0
5
181
0
6
4
32
21
0
296
0
6
0
1
26
2
3
0
0
4
0
3
2
5
0
107
0
4684
0
2
72
10852
0
181
0
0
185
0
0
0
0
26
2
0
0
0
2
51
16
2
1040
1
1
0
2
2
0
0
262
0
4
9
1903
28
0
0
5
12
7
9
1871
1
0
0
0
0
1
47
16
1
966
2
0
3
4
0
461
0
0
0
0
1
0
3
0
118
1
0
0
0
0
19
0
69
22
7
0
2
0
62
0
1858
0
7
0
571
10
0
0
1
0
0
0
0
3
1
2
19
22
27
0
72
0
56
1
2
0
0
11214
51
198
16
0
5
0
0
0
0
8
0
1
5
1
0
0
0
25
17
472
711
312
0
0
7
2
0
156
3
0
185
2
4
0
0
35
0
0
352
3
76
0
1
3
0
5539
0
11
0
3
0
0
1
0
0
1053
6
0
0
1
1
0
0
55
131
0
346
0
52
0
0
0
0
1
0
1
0
2
72
587
85
0
705
16208
0
805
0
0
3
0
1
5
0
1043
113
0
1
0
74
9
0
18
0
143
9
0
112
554
0
19
1443
10
1653
1
0
92
274
2
0
20
17
751
0
8
0
0
0
0
0
88
4
0
0
0
1
40
2
0
402
1
0
2
0
5
0
28
12
2
0
2
0
0
10
0
0
0
335
0
600
0
58
1
0
45
15
39
14
80
1
1
0
4
642
22
8
3
5
3
0
10
1
0
0
2
7
24
2
59
0
0
0
34
0
158
70
0
17
0
1
1
15
0
27
19
43
0
7
0
1
0
1540
0
13
3
0
12
0
1373
15
2
7
3
0
102
1
0
2
0
16
59
1
0
2027
0
1
9
0
83
1
0
82
0
1
0
605
9
75
808
1
22
17258
0
0
0
2
105
0
10
5
1
3
6
0
222
0
0
144
0
9
7
0
312
72
0
1
1
0
17
0
219
0
7
15
6090
1
7
0
0
7
0
52
6
35
0
0
786
28
2
4
415
2
607
12241
0
0
6
34
180
0
0
4
0
2
2
0
38
0
0
74
4031
0
10
69
0
3
0
3
0
0
0
0
12
0
0
26
767
0
0
381
0
69
1
0
32
0
0
0
1
176
3
0
5
2334
0
5
1
3
0
4
0
0
20
7
1
1
1
0
404
0
0
3
0
2
125
0
5
2117
1079
2
1
0
0
1
6
1
0
8
0
63
1
0
893
0
0
1
126
0
33
0
306
0
0
0
0
15
0
0
0
615
0
679
0
13
6
60
0
20
6
0
28
16
0
8
1
1
0
0
3
0
143
0
500
0
1
1
7
220
0
2
3
8
9
0
27
0
0
5
0
0
1
0
0
6
0
0
0
41
1
0
1
1128
436
8
163
2
30
0
3
4
0
0
0
114
1
1
1
2
9
0
5
0
7
0
7
4
0
915
0
183
0
13026
0
0
831
0
0
0
62
0
80
0
0
0
152
255
10
30
1
1
891
19
2
0
1192
0
0
0
0
41
1
1
8
107
33
18
13
0
213
0
21
0
1
1
0
0
16
0
3
0
0
81
0
596
3558
209
0
0
0
2
0
21
1
0
0
78
3
10
79
815
565
0
1
1
0
0
0
0
11
163
0
3
71
2163
21
0
2489
0
3
50
6
44
0
169
78
3
0
4
1
0
0
24
4
16
2
0
63
0
4
0
2
0
23
1
1
5
1
5
106
3
7
0
2
2371
0
2
2
7363
189
5
6
0
0
72
0
0
114
0
0
120
7
0
0
8
14
18
0
1
34
5
0
0
2
12
0
729
188
1
1643
0
0
3
205
11
0
0
0
0
3
22
0
12
0
0
3
53
7
0
22
0
1
0
3
921
0
0
0
2
0
2
24
1
23
7
0
15
9
0
334
47
46
0
0
252
0
960
86
0
4213
2
0
521
0
0
68
2
0
1
0
4
26
0
5
459
0
480
5
355
0
38
0
29
36
0
1
5
1
0
0
3
0
101
30
0
0
2
1310
80
746
454
2
72
0
283
0
0
5
419
1
1
0
235
0
342
0
0
0
2714
524
1
0
152
0
122
0
0
0
2
3
0
2
10
0
10
4
0
0
196
24
7355
0
3
1
1
1
0
0
0
6
7
0
0
0
387
73
836
349
1
0
1
0
18
5464
0
7
7
0
0
0
0
16227
1921
0
0
6
0
0
3126
0
2884
0
3990
17
6418
0
0
0
14
31
1
3
12
159
0
11
280
0
0
102
0
1804
0
383
52
0
0
0
0
82
1906
0
2087
1
4
377
0
0
0
0
0
44
2
0
8
0
1
5064
1
3859
0
4
0
0
1212
75
10
19
14
4
0
9
0
0
0
0
0
25
8
3
2
2
0
7
0
0
9
350
0
2
2
0
0
0
0
13182
0
1
143
14
0
0
0
2297
0
2
1
1036
7
2
0
0
1
840
0
964
1
0
28
14
0
3
220
83
0
1
0
10
52
12
760
1
1
17
0
931
181
4
14
2018
0
0
24973
77
4
2
0
0
1
0
1
347
0
9
0
1
16
2
1
10
1
2
0
0
8
0
0
0
0
11
13
8
275
12
0
0
0
0
0
0
0
2
3
3
215
0
28
70
46
0
0
6
1542
1
21
6
0
0
24
7
4
3
1
2
0
233
7
7
13960
5
1
2
0
0
26
512
0
3
0
0
4
280
0
658
0
0
0
17
17
0
0
551
15
1
127
19
0
2
0
0
0
1
229
0
0
1
9
1
97
132
31
68
24
0
0
2
755
9724
0
17
95
0
1
1
33
0
0
718
27
10
0
11205
102
5551
0
8
0
0
0
0
3
9
10
0
1370
3
0
0
0
58
39
52
18
1
0
38
0
482
9
1
0
0
0
0
112
2
0
0
0
0
0
1
11
166
0
52
0
14
48
0
86
1818
150
6
14
202
47
0
0
0
0
2
0
0
1
0
0
131
1
884
0
0
5
14
0
5
9
0
0
2260
1
0
23
0
0
11
0
2
1
0
1
40
3
0
6
4
0
0
0
6
0
0
0
0
0
1820
0
2
113
0
1
0
0
0
5
0
199
0
0
3
1
1
0
1133
13
0
20
0
0
1765
1
1
2
747
0
0
0
0
0
1
21
0
0
0
18
0
6
0
325
0
0
0
0
0
3
0
0
0
0
6
0
0
198
17
0
3
1
0
0
0
1
0
4
0
97
1958
0
0
93
68
0
2
0
0
25
6071
0
0
0
113
394
1
0
0
154
2
0
0
0
32
0
182
0
121
0
0
677
0
0
0
1
0
725
0
5
7
0
306
0
0
17
0
18
0
0
0
0
1112
0
0
4
0
5
2
268
447
0
41
0
1280
0
0
0
0
0
0
2
1
9
1539
4
0
2323
11043
1
2965
0
0
0
0
17
11
0
9
0
0
0
2
0
207
156
1
55
0
0
242
3
2
3
0
0
124
8
0
37
0
0
1
191
0
0
0
7
0
1
0
0
0
0
0
3223
0
5
0
6
0
626
216
2918
0
0
0
63
19
0
0
9
4
3
0
0
6384
113
2
0
2
0
1
0
0
0
0
4
0
138
0
0
2
0
59
1
2
1
26
2
24
1
15
0
0
0
0
15
0
0
1091
554
1125
0
0
107
11
0
0
0
0
1
0
0
0
43
216
2
0
2
0
3
4
0
26
2
2
0
29
0
3487
2
7851
0
0
0
0
0
2797
269
0
3
76
0
0
0
0
17
32279
1
5
0
74
0
418
2
0
0
7
147
218
224
0
11
24
10
3
0
1
5
2
2
173
1
21
0
0
0
0
3
16
4
2939
0
0
3
77
0
22
13
7
1
68
0
0
0
4
0
0
1
0
5
0
0
24
1
0
2
0
0
0
0
4
1
5440
0
18
422
875
11
0
0
5
0
4
0
0
0
0
805
54
1014
1
1
9
1553
4229
90
1
6
0
1981
1
0
0
0
4
56
0
21
12
0
88
0
6617
16
320
0
11
0
3078
44
1
0
0
72
0
41
2848
0
1
30
0
0
7
4
0
128
0
6
0
1
4
40
1
95
0
0
0
0
0
16
5
505
0
12
1
122
3
19
3
0
1
0
0
31
0
109
1
0
180
0
87
1
6
1
35
13
2
72
1
0
9056
11
0
41
2
1
0
0
0
0
15988
0
0
0
0
0
20
0
12
3
0
0
0
0
13
1
1
54
22
0
0
0
0
2
0
0
0
2
12
6
3
18
1
1
1
1
1
1038
0
0
21
0
0
1
3
2157
0
0
0
1
207
248
0
0
1
124
5
1250
3
0
0
84
93
1
5399
8
0
1
1
0
1
24
46
0
2077
2
0
0
11
0
1
0
0
1
73
0
0
0
1
0
7
0
0
50
91
8
0
1
184
5
1
105
1
0
7
0
0
209
3
27
4
80
1728
0
0
18
0
290
222
0
0
2
3
0
0
44
3
0
1
0
0
5
0
0
0
9
0
1
637
0
0
0
9
0
7
0
0
70
303
0
0
0
4
773
0
7
0
12
1
0
0
88
0
121
5
18
0
203
1
0
0
1
16
1
0
0
0
38
0
1548
25
2
88
0
5
0
59
0
0
6
0
0
4102
2
0
1
0
1
0
61
0
0
0
9
0
5
20
0
6
0
120
56
0
0
74
74
0
1
130
0
0
49
1
0
0
0
0
15
0
1
0
1
1702
0
0
0
1
74
0
0
1503
0
1
5
5629
495
0
1
0
0
0
0
0
0
0
0
347
0
0
1
0
27
1
3
2207
611
9
0
0
0
1
707
3
35
41
813
1
0
810
0
0
5
25
0
8
1
4
5
8958
11
0
13
5
0
1
334
314
17
205
0
1
23
67
2
21
0
2
1
2
0
0
0
11
0
6
0
0
0
167
0
3
9
105
0
8
0
33
1
5
18
0
2
0
0
2
2
135
237
0
0
0
0
0
0
7
320
102
0
0
48
0
0
6
2
2
2
0
133
0
2
1
0
1829
1
960
0
0
17
2
3
30
0
70
1
0
0
0
0
0
0
0
0
0
0
1165
0
19
1
60
0
385
3169
4
0
20
0
0
0
1262
0
1
1
0
8
58
0
13
4
1
12
0
45
0
8
0
0
674
38
3
5
1
8167
0
0
80
0
4
22
0
0
2
1
12
42
1
1070
19
0
98
15
20
1
0
0
0
0
0
93
6
273
1
434
10
0
0
4
0
7
19
0
0
1
0
15
0
1
0
0
26
0
104
0
0
0
2
97
905
0
6
1
1
570
1
0
51
54
2
1
55
0
1
6
115
7
0
0
0
0
9
0
6
1
2
33
0
99
1
13
0
5
0
0
7
4
319
42
0
2
0
0
504
0
0
50
2
2
2
2
34
0
0
1
2
0
290
8
0
0
0
0
315
0
1437
1
0
0
0
1548
52
207
1
71
131
9
0
0
7
38
8
1
111
0
26
0
3
1
28
12
2
0
196
44
242
3
0
1277
0
14
1
0
1
0
2
1
26
0
0
331
0
2
0
89
2
0
1
177
4
0
9
4
25
0
0
177
61
0
1
2183
552
8269
1
2
4
0
20
1
0
0
320
2
1
3
0
0
43
2
5
0
0
1
1
4
19
4665
0
580
0
8
0
13
2
0
524
4
4
0
7
18
853
40
0
0
0
0
20
0
13
0
3
282
2
0
0
1
17
0
0
0
290
0
11
2
3
0
12
0
2
43
0
331
209
2
107
36
2
957
161
0
4
4
1
0
15
0
0
601
1
0
11
6
0
0
0
951
3
0
0
13
0
0
0
87
1
0
0
2
0
187
0
0
0
0
1
0
4
0
0
0
33
5
49
18
0
3
2
43
454
0
0
2
97
0
0
1
0
15
1
4933
25
1
2294
2385
0
50
0
0
16
0
10
261
7
1
0
17
255
1446
0
4
1
0
1
0
0
0
0
61
2
0
0
0
0
0
110
0
0
2
25
1
2
0
1
2
1
7
746
76
0
156
0
0
1
4
2
46
15
48
0
13
847
55
148
0
0
11888
62
0
0
1
0
143
0
0
0
0
0
1
1
3
44
7
0
18
28
0
378
270
0
1
0
5
12
13
109
0
0
4175
0
1
29
14
0
2947
29
0
0
4
17
3
27363
741
0
1
1848
19
0
97
6512
0
0
9
0
4
1
17
2
5
9
0
2
2071
1
0
0
0
0
1
40
0
226
8
0
128
3358
1
0
424
5
5
6
212
0
9
3
13
1
0
1
0
1
39
0
0
0
0
1165
15
5
0
0
2
0
173
74
1
0
155
733
3
6
16
3
30
2
4
887
8
9
8
0
31
0
4
0
0
0
0
0
73
101
0
47
0
4
0
4
242
0
3
0
0
125
0
222
197
0
0
0
15
0
48
43
5
0
355
0
0
0
0
0
0
75
0
0
24
0
11
10
1
5
0
0
1
16
0
1
16
0
0
15
5
3
1
7
0
16
6
197
0
0
1
0
13
29
0
0
0
0
2
1
81
0
317
0
11363
0
1
1372
4
0
621
0
10
3
1
0
0
0
0
0
0
4
7
0
0
0
0
0
59
14
0
13
141
7
12
31
3
7
0
0
82
0
0
0
1
1
3115
110
8
0
29
8
0
0
0
890
0
4
0
42
0
0
11
7
602
0
0
35
0
0
0
27
0
0
30
1
0
0
0
0
0
0
0
2
2142
0
0
1
0
0
0
0
4
24
0
23
0
1
0
1
1
0
66
0
0
0
5
0
0
7
1
1532
2
0
110
264
1
66
0
3
0
27
0
0
23
1
0
0
274
0
0
11
0
0
106
530
28
0
868
1
26
0
0
333
0
0
0
30
2
21
0
0
0
41
0
0
0
594
0
240
0
1
0
13
69
0
0
0
36
4619
37
0
0
1
0
1
1
12
3
0
1379
0
2
1
623
0
0
27
1
1
8
291
4
1
0
2
0
0
0
10
0
0
0
0
1
215
738
966
87
0
0
0
1
90
1
5
0
0
14
0
0
0
19
20
0
0
0
39
0
0
0
2051
0
3
1
0
12
9
0
5
0
1
1
55
1229
5
0
1
2685
2
0
0
0
0
2
3
0
1
0
0
0
1
286
0
7
0
0
618
3
287
1
127
0
27
1
0
18
15
25
0
0
1
458
0
209
7
9
14
67
0
25
5
1
1
10
0
0
28
1
0
0
19
0
1027
38
5
1
0
190
2
1
5
0
0
0
3
1
3
9
76
0
2
0
0
1
0
0
1673
0
0
0
0
14
2
16
0
1044
18
0
0
4
2137
0
1
6
1
55
0
13
0
0
2
9
12
15
0
0
9
0
9704
0
0
0
0
0
2
207
0
1
34
0
0
0
1
0
183
0
0
0
0
24
6
0
2
0
221
2728
3275
0
47
0
4
1
0
0
0
19
0
22
0
0
1
0
0
0
0
187
3390
0
0
865
0
0
11
1229
165
14
0
0
1
0
1
648
1
1359
0
23
91
2
0
0
2
53
3
0
105
4763
0
21
0
0
0
11
179
0
7614
0
480
0
3990
1
0
0
4
0
4186
0
0
0
0
0
2
7
6
0
271
0
0
0
0
0
2
38
23
0
0
20
0
0
168
2
0
0
0
62
8
0
0
8
3
1
4
4
6
0
0
17
0
1181
1
0
0
16
9
0
1
0
23
0
0
0
0
0
23
29
2
0
13
0
15
6
4
0
0
10
1
0
0
0
0
1
0
0
584
2
4
0
476
0
0
1
1
0
0
0
507
289
0
0
1
0
0
489
172
19
205
934
0
21
1680
3
1
62
6
0
0
0
0
0
7
0
0
2
1
98
1272
0
0
0
2260
2
307
1
3
57
124
0
0
406
623
7
20
0
737
1
3451
0
0
997
51
0
40
0
0
2
41
14
0
0
71
12
1
0
4
131
25
1
0
3
0
0
0
3
0
0
0
15
0
2
0
0
0
0
322
1273
1
0
31
0
35
355
80
0
0
0
15
0
0
0
145
0
0
0
0
2
0
3
0
0
0
0
0
35
36
1
0
0
0
0
1
508
0
0
0
0
1037
2
407
156
0
3
0
573
0
2
0
57
3
76
0
0
0
1
0
0
2
0
0
2
0
1
0
0
0
1
0
37
1
7
0
1
16
0
10
0
0
8
0
0
7
0
1
0
0
0
0
3
0
2
0
0
0
0
261
14
1
0
0
12
0
0
0
229
0
2476
0
1
2161
0
7793
42
270
0
0
133
36
5
0
0
162
2
80
2
4
21
67
7
0
1
0
2
4
33
0
0
33
40
55
0
1
1
27
0
1520
1
34
0
1
0
485
889
20
97
7
0
0
0
0
0
0
0
0
371
2786
0
0
0
21
1736
125
0
30
0
0
0
21
0
200
0
1
0
1
0
17
2
1
0
15
1571
1
0
0
11
5
0
675
1
6
107
41
0
0
121
0
0
388
1
4
0
1251
0
0
0
0
8
120
4
1
0
0
0
11
0
3
18
64
2
1
0
0
0
0
2
7
0
10
0
8594
6
3
0
7
0
0
0
0
0
0
0
0
4
3
0
415
0
0
2
1
0
0
337
0
0
98
2
0
0
0
10
6
3
0
90
4
0
0
2
0
0
2
125
294
0
471
0
0
0
0
92
0
0
4
35
0
3
0
22
0
0
3
2
2
9
9
1740
1189
80
5
0
29
0
3
0
2
0
0
13
0
0
123
3
1530
0
45
0
1
0
1491
0
0
0
1
1
4
1
6
0
0
1
0
0
94
0
0
43
0
0
174
0
16
103
0
0
245
0
0
39
0
0
0
0
2
3
0
0
1
0
1
0
3
0
1
0
0
14
3
0
847
0
1
0
854
1
0
2
0
0
1002
668
272
0
12
2291
0
83
38
0
1
0
2
0
2212
0
82
0
0
0
0
5
0
0
328
1
0
0
698
3
2
7
745
4
2592
0
0
0
0
0
0
647
0
16
1
1079
0
114
0
0
0
62
207
0
0
268
1
0
52
0
2
0
0
0
0
0
1
3
1
283
1
0
0
4
0
441
1
0
5002
0
40
0
1
91
19
0
7
0
0
0
9
639
2975
58
631
15
33
82
0
0
0
0
36
1
10
0
1
893
0
1
10
121
5
1
0
1
2
0
0
0
0
5
0
0
0
0
0
0
0
0
8
0
0
0
0
7
685
58
10
31
14
3
194
0
1
0
17
7
0
155
250
0
0
1
32
5
0
0
162
22
26
1
933
0
0
2
3
0
5795
3
0
0
0
1
0
12
49
0
0
32
457
4
3
3
1
37
3
7
1939
0
0
116
842
1432
2
0
29
30
0
0
0
0
1917
2
0
0
1
2
50
4
989
1
0
81
0
0
0
0
7
841
0
5
0
0
1
0
5
0
0
316
34
4528
0
0
1515
4
0
3415
16
0
0
0
46
15
0
0
1
0
3
0
9
0
0
1
15
1
0
2721
9
2
174
542
0
26
0
11
1
2
3
0
0
0
1
0
6
0
2
1
1
0
0
0
0
90
0
0
0
0
111
20
4
0
10
0
1
0
0
0
8053
0
0
8
32
0
63
0
19
0
2
5194
0
7
2
18
1
1
0
4
0
280
0
11
0
2
9860
0
0
0
0
26
0
5
403
2
0
199
0
0
59
10
6
0
0
0
0
1
239
4529
0
0
0
3
7
8
1
0
3
1
3
112
0
15
81
25
0
69
0
0
5166
645
0
0
0
88
0
0
104
0
231
0
66
0
2
57
0
2060
1
0
0
216
0
8
0
0
0
4
105
2
0
0
0
0
0
3
0
0
116
0
0
0
0
2
529
0
0
4
0
0
0
0
0
2143
47
2776
1
18
1
0
0
160
0
6
2
90
1
301
0
0
3
0
0
0
5
0
0
0
1
4
4
1
2
13
857
0
673
0
0
1
1
0
4
0
0
37
1
0
1
0
3
1
3
0
0
0
1
0
3
0
2
1
0
0
1995
0
0
1
0
17
4
26
1
102
0
0
0
4
4
7645
1006
0
5
7
164
139
1
0
0
0
1
0
2584
24
52
63
87
0
315
0
0
20
0
1
0
1
20
9
0
0
63
2673
0
0
503
0
0
0
0
2
2
0
5
0
0
0
5971
120
0
0
4
0
1783
0
0
24
0
5
0
0
1880
0
1004
1
28
7
0
17
2
1
7402
40
7
0
0
0
0
1
0
120
68
456
0
0
8
0
0
354
11
0
7
0
1
1
5
0
0
0
0
4
0
0
0
7
4
1220
0
227
413
0
2
229
0
0
0
0
55
0
296
0
962
60
10
0
282
0
0
0
0
44
1
776
4
29
1
214
1755
10
2
0
0
0
16
2
0
33
610
1365
4896
37
1
0
5
0
23
701
0
0
0
409
1
48
0
1
0
19
0
1279
0
0
0
28
3
6
341
587
44
0
2
0
0
0
110
0
233
754
27
122
0
2
1
0
32
0
0
1
0
0
0
2
0
0
1
0
0
114
4
1199
0
37
50
1
0
1
22
3
0
0
87
50
0
0
0
4
2
5
0
3
0
13
0
1
23
42
0
0
0
0
4
11
1
16
89
0
12
112
1
0
4
179
2
1
11
70
0
2
1
0
1
0
0
0
268
0
1
2
14
11
7
5
0
189
91
8
23
14
0
0
0
1
0
22
0
8
2
0
0
0
0
10
9
59
4
1
0
0
0
4
0
69
10
1
0
0
37
0
0
25
2
0
0
103
90
14
0
0
0
32
1
0
1
4965
10
286
2
0
0
0
0
78
0
1
0
2
1
125
214
0
1
0
0
0
0
0
0
13
0
6
2
0
0
95
0
0
12
1
3
4
0
61
0
0
1
0
213
0
5
94
3
147
0
0
7
35
9
211
0
0
1
72
28
0
0
2
4
13
3547
1
25
0
0
2
0
8
4
1664
37
1
0
0
3
0
0
35
0
0
0
0
4
0
744
0
0
0
0
36
0
2097
121
1
0
102
0
0
0
0
0
801
23
10
10
0
5
0
0
0
0
2
0
0
0
1
0
8
12
3
4
5
140
1
0
7
135
174
32
9
552
0
52
1495
0
10
0
159
4
0
0
898
0
0
1
32
10
0
320
0
0
100
169
339
1
1
11
0
0
2
0
1
0
1
1278
1
7
0
0
0
4
0
0
1284
2
0
1
12
2
0
0
29
1089
0
0
5
0
7
0
31
0
1
3140
0
0
2
7
0
22
0
0
0
0
0
53
7
0
0
0
0
3
5
11
0
0
0
1794
0
8
0
3
0
102
0
0
18
915
1
753
855
2
2351
16
6
0
0
0
3
0
1
0
0
0
0
29
2
2
6
77
32
19
6
0
0
0
925
521
21
6
0
2
0
1
10
0
1
567
0
0
4
0
0
0
1
1
1
10
0
1
1117
0
5
118
51
8
0
7
0
0
0
0
0
8610
1
4
0
3
9173
82
0
0
0
0
0
353
0
6
1
12
12
0
2
121
0
668
16
0
0
0
0
10335
3
1
0
0
0
0
3
0
3
3
0
0
2
0
0
0
0
0
12
2
0
40
1
33
254
3
2746
13
0
0
0
0
11
1
1
0
44
0
239
1
0
47
0
926
3
0
793
251
0
29
1556
7
12
1
43
1
0
16
27
206
0
2
0
2
2
0
1
0
0
0
1
0
1
116
0
0
0
0
0
0
4
1
124
0
0
297
0
5
38
390
0
5
0
0
0
0
1
2
759
24350
0
0
1
539
1
3
1
0
2
53
15
0
1
0
1
0
0
0
0
831
2
0
0
0
0
1
0
409
0
2637
3869
0
0
41
0
1
47
0
1
0
0
0
0
0
77
0
33
5
0
0
1
537
11
4
1
66
0
0
0
0
50
6
1
750
772
0
0
899
10764
0
3
1
52
9
2694
0
0
1
3
545
5
0
2
1
114
226
3
3
262
0
1
0
136
0
0
32
1
2
1
22
1685
1
2
0
0
977
1
5
0
79
0
0
1
0
0
28
2
0
81
77
106
0
0
1
4
0
17
0
3
10
0
1
133
0
0
0
0
0
0
0
0
554
0
21
0
2
1
1898
5
198
0
1
2
670
1057
0
6
51
2553
0
1
1
5
2
3
74
0
2
1
0
0
0
8
25
0
34
2
1
0
395
0
0
0
1
1
0
0
188
0
61
5
0
1410
0
0
120
0
0
0
0
0
367
2
0
0
61
2
18
33
0
0
37
0
0
2
141
1
293
31
0
0
0
2
0
0
435
0
1788
10
44
64
54
6
3
70
16
0
0
10
20
0
6
0
0
0
31
89
0
195
1
0
19
13
47
0
0
0
28
0
1
8
0
0
213
5
2
0
0
13
0
24
14
10
0
3
0
0
1245
0
34
1
1
0
3
18
18
1
16
0
0
0
0
8
0
0
0
0
0
0
524
0
18
4
0
68
0
1
0
2899
2
12
33
0
26
0
884
2
15
3
0
1
28
0
463
346
0
0
7
38
1154
1
505
5
0
0
0
103
4
1
0
4
1
1
25
3
3
0
0
0
149
1
0
0
4
2196
0
4
41
0
118
9
8
0
90
78
3
0
0
0
1
0
122
0
0
0
0
0
0
0
0
0
0
58
1
1
0
3
0
44
96
112
14
282
0
109
1
2
0
0
0
0
609
116
2
0
90
0
7
19
1983
26
174
0
1061
212
0
0
0
66
0
0
4
81
1153
0
23
0
0
1
0
2
5
0
0
0
0
15
1
1
82
8
2
0
5
0
0
1
196
84
8
0
0
0
13
1
10
12
0
1
1
3
0
304
0
97
0
1
2
866
16
3
583
0
31
1
1
0
1
0
373
0
1
16
0
0
1
0
2102
3
0
0
0
7
476
0
768
81
2
0
10
0
2
0
2
2
0
0
12
102
133
3083
134
2
1
0
0
0
0
698
1
5
0
1
1
0
0
1
1
0
1300
1
34
0
80
0
55
220
5
2
1
0
2
0
0
0
0
1
0
6
0
8
0
1
0
5
0
0
6
0
0
0
0
2
0
8718
0
0
0
0
0
0
0
6
78
840
1503
1
0
0
21
0
0
0
2
0
0
4
2
34
0
2
14
19689
0
0
0
0
0
0
2
0
7
13
23
0
26
0
2
0
0
3
878
7
98
0
27
0
0
0
0
0
0
0
34
5
0
0
0
0
19
80
3
0
186
0
1
1
0
1
3
4272
0
108
19
200
16
1
4
0
1
0
0
4
0
125
7
0
0
2166
8237
3
5
0
7
391
1
473
0
0
0
1262
78
13
0
239
0
0
3169
27
3
0
0
0
0
2
2
0
13
0
1
1
300
0
0
0
6
0
36
0
0
14
3
2
0
4
16
0
0
1
3
0
0
1
0
0
0
0
8
0
12
0
0
0
0
0
2
7
17
0
1
0
0
11
1
1325
2
19
1
0
51
355
4640
0
12
30
0
0
0
0
9
2
34
22
2
16
0
1484
0
176
2
0
8
0
0
1
2
0
57
980
1
742
86
208
114
1
113
3
0
73
0
1
22
0
3
3
0
0
0
0
0
0
1
0
53
0
0
14
0
0
0
59
0
2
18
504
19
7
20
0
0
0
0
2
1365
5
0
0
0
1
60
2
0
0
9
299
0
0
0
1
1
21
3
367
1
0
7
0
0
0
1
9
36
0
20
21
70
3
133
1530
0
2
21
3
1
0
0
4
7257
0
0
119
632
0
1
0
0
10
168
0
0
0
1
4
0
1
0
0
23
0
0
3
0
266
0
0
131
117
5
0
0
0
0
0
35
201
0
0
1
0
1
1050
4
0
1
378
17
50
933
9
1
0
1
0
1020
104
2
0
3
0
0
0
0
22
0
41
0
3
0
0
0
0
5
0
927
35
194
3
0
1
1
46
211
0
0
0
0
0
0
6
45
0
7
2
0
0
0
35
13
0
0
0
1
0
1
64
3
463
0
18
26
0
4
0
8
1
51
0
0
0
3
3
0
0
0
100
0
12
0
0
33
0
1
0
0
67
292
2
173
0
10
4
0
0
0
0
6
0
0
34
0
756
6
316
1
0
73
0
0
0
0
0
61
832
0
17
1
0
1
0
0
0
0
0
4
13
204
0
2
0
40
8
0
0
95
0
11
0
0
79
0
25
28
0
2
0
86
0
19
3
1
0
0
39
0
2
0
196
13
19
0
0
1278
0
0
0
0
0
0
19
1
0
1645
0
0
6
159
0
0
0
0
1
52
1
160
0
9
4
65
690
172
0
0
0
1
1
4
203
0
30
0
0
0
24
764
0
10
0
0
0
2
0
1
2
0
137
0
1
366
26
29
0
0
1
3
7
717
46
44
1
0
6
0
505
282
0
1
0
0
0
2
1
1
5
0
0
1
575
0
30
9
1
93
0
40
0
0
20
0
8
45
0
2
1
0
0
0
1
6
0
12
0
9
0
24
0
1
0
0
0
6847
0
0
0
9
504
0
0
0
0
38
1
2
9
2
38
2
652
0
1
4
0
0
104
0
0
0
40
6
0
211
85
6
0
10
1705
0
0
5
0
0
14
0
452
0
0
1287
1
0
0
0
0
996
21
0
0
0
0
16
0
0
7
0
2
0
0
0
0
3
0
58
0
0
1
0
0
43
0
0
419
69
8
0
0
5
0
0
0
1
31
5542
1662
2
0
0
1
0
0
25
0
121
0
0
0
0
6
0
0
213
117
12
1
0
0
0
0
47
4
0
1
1299
2
0
27
53
0
60
0
0
0
58
0
532
220
0
22
1
0
0
0
0
0
0
593
0
52
0
0
785
4
0
60
0
0
3832
0
0
140
0
0
2
0
1
4
0
12
0
0
0
0
1
0
0
54
0
532
0
2
0
152
0
0
0
1
0
9
0
12
0
0
0
2
1
0
1
0
0
0
9
89
914
7
0
0
0
0
0
0
0
7
15
6
0
945
0
44
1
0
2
0
0
0
3
1
110
194
0
10
10
78
137
0
0
0
4
0
3
9
0
0
0
0
0
448
3
0
0
4
15
24
424
0
0
1
0
295
694
0
40
3
0
206
0
3
107
0
39
0
0
3
1
24
3
20
121
10
92
6
0
373
7
560
726
2
0
0
710
0
0
0
0
2
0
17
0
0
0
0
0
1
8
3
30
1
0
24
1
5
0
0
0
190
312
33
0
1
0
0
5
409
262
1
0
0
0
0
6
1
16
0
23
0
0
5
0
0
0
0
0
82
113
4
0
2
27
0
170
0
13
0
1
0
0
0
81
1
18
0
5
2
1
56
0
39
0
4299
1
0
0
2
54
299
5
13
0
2
2
0
2
5
3
9
25
137
0
0
0
13
0
90
0
1325
0
6
57
0
0
0
0
0
1
1607
5
16
0
0
0
0
1
17
62
1
0
3
0
0
238
0
3
0
2
0
0
0
0
44
0
1
0
695
572
0
0
5
49
0
29
0
1
848
0
0
0
1
0
4
2
0
0
0
2
0
0
0
2
14
1919
0
3
0
0
0
1905
11
0
4
298
3
0
0
0
2
116
679
0
0
0
0
0
0
0
1
5
0
4
0
0
18
12
795
3
0
0
0
0
1
0
0
0
0
2250
3
0
0
675
0
0
16
11
5
1
63
0
0
0
0
0
0
0
0
1
3
308
0
0
0
1
0
189
1
36
2
1569
0
0
0
0
0
1
2
4
0
375
1495
212
0
7
0
766
11
0
29
22
0
23
2
10
2693
3
41
0
7
0
0
0
1
9
0
0
0
2115
0
0
1
0
120
1
2
22
4
0
0
53
20
0
0
0
0
1
1
0
0
74
0
159
41
0
0
0
1
55
0
0
39
136
1
6
0
0
56
4
256
1
2768
1
0
0
0
9
1012
0
0
9
4
3
0
1
2
26
12
0
1
2505
0
76
1
0
3
1
0
142
0
2
28
0
0
0
0
0
5
1
2
0
1
3
1287
0
0
0
206
7
0
0
20
0
1
0
0
0
2
0
336
1
21
1
0
0
0
575
22
26
0
0
0
31
0
8
0
0
15
0
0
56
0
4
0
4
0
348
35
0
7
0
4
46
513
8
80
0
0
29
2
1
45
2
0
0
127
1
2
3482
0
8
1
1
0
0
749
0
0
0
0
0
0
0
259
99
0
2
0
46
0
0
0
7
0
4
0
10
3
0
0
0
6
0
0
2
223
0
0
2469
169
1
1
5
3
0
3
4
1
0
4
0
0
0
220
56
265
0
430
44
525
0
65
49
0
12
0
72
0
810
1
10
6
71
5
0
19
35
1099
1
0
0
202
1
25
0
1
0
1
80
2
0
82
2
14257
0
46
0
175
1
1
63
0
1
98
405
0
0
1
1
5
0
0
2
1
3
0
0
8
3
4
7
1
0
688
3
0
11
0
4
15
7
0
12
12
1
0
0
1
31
0
1
0
444
0
0
24
23
0
12
1
0
1384
0
0
0
0
16
7
0
371
2
28
3
12
2
51
0
0
5
0
11
0
359
0
3
0
2
1
129
0
0
0
2292
1
33
0
0
0
0
18
77
0
0
51
4
0
0
11
5
461
2
856
0
195
813
0
8
0
3
3
31
5
0
7
0
6
2
0
29
1
0
4
938
0
0
0
8
0
1
0
22
1
2
1
0
1
0
4
2
0
0
1
2409
0
0
0
4
0
4
0
0
17
0
8
0
0
12
3
4
0
0
0
0
3
1
0
0
10
0
105
0
0
175
102
5
25
436
0
0
49
157
0
34
0
23
0
3
29
0
268
0
0
1431
4002
21
0
0
0
0
4
3
52
40
6
11
1
0
2
0
3
1
39
5
0
0
0
151
1
18
7
4
1
43
0
0
3
22
78
0
3
0
19
0
161
0
3285
0
0
4110
2
0
0
0
0
0
9
1
0
10
0
204
50
0
0
1
0
0
2
9
0
0
0
0
0
1
3
0
0
133
5
0
0
0
0
0
0
0
11
0
13
238
0
161
2
0
3
190
0
0
46
0
384
3
11
0
80
1
0
78
76
5
4
0
16
0
482
0
0
2
7
19
1927
0
0
0
4
5900
0
50
0
0
1
15
0
0
1
0
0
23
0
5
0
170
0
0
0
0
125
1
0
422
0
0
0
40
0
14
0
431
1
1
0
0
721
9
0
0
0
0
0
3
2533
2
690
66
0
295
0
38
0
0
2
0
14
677
0
1
4
0
0
19
3
27
0
0
0
0
0
0
12
0
0
0
64
2
0
138
0
0
0
0
1396
0
0
2
0
0
0
79
8
1110
71
5
1
10
0
0
41
6
0
600
12
0
0
7
2
48
0
83
0
1
2
0
0
20
12
18
1
0
0
3
2
0
0
0
0
0
0
0
0
0
100
3
2
0
0
18
2
0
1
52
122
1
0
0
87
1
79
1
0
1
0
8
6
1243
36
0
1
4
0
0
0
75
2
8
1737
0
0
4
34
36
2
231
0
80
0
1
1
0
0
2
0
0
0
0
6
2
0
252
2
566
0
0
0
134
8
5164
0
0
0
1
1
1
2
74
42
0
0
0
0
0
0
113
1
0
1
6
0
5
1
1
25
966
0
0
1
0
2
0
4397
36
0
8
2780
0
764
1
0
156
42
0
0
1
31
0
51
0
3032
5
0
1
0
0
2
0
9
0
0
3
1
1
3
0
0
1
12
8
1
0
0
0
0
0
0
1961
1
1
1
0
1
24
82
14
2
0
102
30
0
0
0
34
0
0
8
0
0
7
0
3
14
1
352
273
0
421
0
81
0
90
3
16
0
0
0
0
0
0
3
6
0
989
199
0
9
0
0
0
0
0
0
0
0
4
0
0
0
0
0
322
1
0
1
0
0
0
0
1192
1
0
0
0
0
0
0
0
0
6
0
0
0
0
0
0
98
0
20
3
12
74
6
33
0
0
0
9
98
1
12
0
496
0
125
78
1
59
3
1
8
0
0
1
0
137
1
0
194
0
6
0
0
0
14
37
0
505
0
0
0
17
5
13
50
4
0
2
0
0
0
6
812
2
1
2
0
34
0
4
3
2
0
0
2
0
0
10
0
1
0
23
0
1
20
0
2
0
0
3283
0
338
3
16
2
5
0
0
0
0
0
0
0
0
2
0
0
0
0
4
56
0
9
1
0
0
1
1
3219
2
28
0
0
0
835
0
736
0
0
65
1
0
0
1
0
12
111
0
2
0
0
1
0
131
1
0
0
2
0
0
9410
2
0
863
84
1
0
2
8
51
0
84
109
0
4
1
4063
0
355
0
0
0
3
7
0
147
0
0
2
0
11
223
69
0
1022
2281
0
0
180
6
0
0
0
231
2
0
1
0
2
1
1
0
0
1
5
27
0
62
0
0
0
0
1502
2
0
4
0
0
0
1
0
0
0
11
14
0
1
0
0
231
321
0
0
737
0
0
135
0
1
12
1606
0
0
5454
14
151
0
238
0
1140
0
0
1
6
8
0
4
0
0
1870
2607
1
0
3
2
1
0
1950
1
0
3
5
102
14
6
0
18
7
0
1147
2
2945
217
0
0
90
3
4
90
54
11550
0
4725
0
194
329
1
0
64
0
5
0
0
1738
0
0
0
0
3
82
0
0
0
19
0
0
10
14
59
0
0
0
60
0
0
3
1
75
260
9
2
3089
9
0
85
7
2156
3
3
0
0
5
64
0
3
87
0
1
0
90
1
76
73
0
184
3
4
30
0
6
2
1539
0
1
0
289
0
0
0
0
2
99
1
84
2
4532
0
0
0
0
8
15
29
0
117
0
0
1
2859
1
65
2
121
0
33
83
3
0
1
0
709
0
3
0
3
8
0
0
5
0
0
0
0
0
7
38
0
1
3
0
19
12
0
0
3
0
67
0
0
46
19
0
0
1
0
0
0
1455
2
47
23
11
0
0
2
2
2
6
0
32
0
0
28
10
2
5
3
0
3
3
9
11
185
2
0
0
4
0
12
19
12
0
0
20
0
0
0
0
1230
0
5675
0
0
0
5
0
0
0
0
0
0
0
1
2
72
0
0
0
0
17
2
0
0
347
4
0
0
0
1146
1
0
252
1
0
31
1
0
0
2
1
4
0
0
0
2
0
0
4
993
0
0
0
38
25
0
0
0
5568
0
0
0
28
2
208
1
1
1286
86
0
0
0
4
0
0
0
0
7
411
2
0
1
0
0
53
0
2
6
0
1
1262
0
0
687
1
0
101
0
0
0
1
17
2
1
20
28
0
0
1
0
9
1
13
1424
12
27
0
0
0
1
0
6
1
2
1
0
584
10
307
0
0
30
8
0
0
1
0
0
0
0
0
1
4646
0
67
0
0
1
0
0
2
0
1
50
37
2
0
0
3
15
0
15
1
8
383
10
2
7
0
0
0
6086
2048
2
6
0
1
0
1
3
0
29
1
0
0
3461
53
0
0
89
25
4
1
0
16
0
0
259
43
0
0
0
1
0
0
0
0
0
0
0
0
0
40
4
86
15
627
95
2
1790
0
2
0
2
0
3
150
0
1
0
506
87
0
61
0
574
0
9
0
1
91
2
2
5
0
0
27
0
228
0
630
1
3
0
4
289
5
2
0
3
0
281
2
0
27
0
0
1
1
0
0
234
0
0
0
0
0
0
0
18
33
0
27
1336
1229
0
2
2
29
0
0
25
3
78
0
1
2
0
0
5
16
0
0
4
0
0
0
1
2
1
667
0
121
13
67
0
78
1
2
0
0
12
0
2190
0
15
0
0
1
10
0
0
0
0
2
0
0
1
1
0
0
5
0
2395
5
3
0
0
423
0
78
0
11
0
0
0
0
0
0
0
9
4
0
0
4959
0
0
0
0
1
11
24
0
0
0
0
61
0
0
92
0
0
3
124
0
0
2
0
0
5
0
1
0
48
0
0
0
13
0
1
0
1
0
0
13
3
1
0
0
70
0
0
495
0
0
20
101
0
1
13
0
132
0
1
5
5
108
0
1
621
0
17
0
0
0
14
0
0
17
0
0
24
15
0
1
0
0
20014
2
1
14
646
0
1
0
2
56
987
0
0
0
241
13
0
2165
2
0
1
0
3
0
0
191
0
5
1
192
72
0
227
44
0
2
0
2
241
4
942
0
17
0
0
37
2
0
13
0
1658
1206
0
12
0
3
0
578
430
1
0
0
0
1
0
1
71
0
1
0
1
0
0
0
0
0
1
291
0
0
0
2
0
0
1
26
1
817
2
26997
5
0
9
1
2889
5
90
2
3
0
8
330
2
0
0
4
0
42
0
0
0
0
3
4
16
2
1
0
1
8
0
0
28
26
0
0
33
0
4
1
0
0
55
0
15
15
0
0
1
124
0
7169
0
0
1352
4
11
0
0
0
0
3
10
0
0
0
2
0
0
0
0
1
0
0
0
0
32
0
0
0
1
0
0
4
369
0
4
336
8
0
14
2
0
0
54
0
5086
2
5
0
1
7
8
9
0
0
0
288
0
0
0
0
2
0
0
35
0
2
0
1
0
0
0
0
0
0
12
4182
109
0
0
0
15
1
2
1
0
89
1
0
71
16
0
0
0
114
4
0
0
3
12
10
1
0
1
0
0
0
0
20
0
4
0
0
52
3
0
7
0
0
1
1
46
0
0
3
11
2
0
45
1
78
19
1
1180
0
0
2590
8
0
2
0
2
0
0
0
0
1113
0
0
1
56
1
0
0
0
0
1
0
0
59
690
10
1
0
1
21
0
0
8
54
0
0
1
1
0
0
0
0
89
12
1616
0
0
0
630
2
2
0
2
1
0
0
0
287
10
549
29
0
0
0
0
0
0
0
1
80
2
0
0
637
2
0
0
67
0
0
0
2
4
0
3
17
6
12
77
0
1
2162
0
1
0
1
397
0
0
30
0
4488
24
2
67
13
11
0
1
0
0
15
0
3
1
1
0
0
0
0
0
0
2
26
0
0
0
1
40
10
0
808
0
15
0
0
0
0
9
27
11
0
0
0
0
2
327
361
0
0
1
159
0
0
5
1672
533
0
0
0
0
0
0
4
1
1
2
3
3
0
7
1
2
0
33
0
1
6
4
0
0
0
0
0
0
0
1
28
1
0
0
0
0
17
0
232
0
0
0
0
0
0
0
50
0
0
0
0
13
3
10
53
0
0
1
167
0
3
0
1
0
0
0
231
1731
0
0
0
0
0
0
0
0
0
52
35
0
7
0
19
0
25
0
0
2
0
0
0
0
2
214
0
1
0
0
0
1
0
0
1
1
2
0
0
0
1
0
13
394
0
0
0
26
0
0
8
0
2690
415
0
3
10
1
2
1
4
0
303
0
0
114
57
9
0
2
12
1
1
1
0
0
400
0
0
1
0
9
0
2
6
0
0
0
0
0
0
0
0
0
0
496
2
0
8649
13
10
5
0
0
0
1
0
0
317
1
0
10
20
1
1
0
0
7
97
38
1
0
0
0
144
10
0
0
0
2095
563
0
1
0
0
1
61
0
0
0
0
0
0
0
0
0
2
0
1
0
0
0
11
4
3
0
0
0
0
0
9
0
13
8
12
0
0
0
0
1
0
4
6
0
0
0
20
4
1
0
0
53
32
0
2836
0
13
49
7
0
7535
0
0
0
4326
10
1
2
426
0
35
1
0
2526
364
4
2
0
514
4
0
0
0
4
0
0
0
6
2
0
0
0
0
3
12
0
0
9
11
114
0
0
0
0
1
0
2
0
0
28
36
0
0
7
2
0
4
15
1008
0
24
0
0
1
22
0
0
20
0
2
0
0
40
0
1
0
0
1
2
0
7
0
34
3
222
21
8
0
0
0
0
340
0
0
0
14
0
0
1
0
3691
76
13
137
0
0
0
44
0
0
2
12
0
484
21
8
1
0
36
20
0
0
5
0
63
5
0
0
0
0
0
2
141
58
81
22
19
6
5
6
0
222
0
0
0
0
5
0
0
0
0
31
0
0
206
0
0
1
0
0
0
0
0
0
17
79
53
67
0
0
0
0
91
0
1
0
0
2
0
4
1640
16
15
0
4
0
0
0
0
646
0
91
3
745
0
0
0
0
1
10
8
470
0
154
0
0
1
0
0
0
0
1
29
1
1
0
0
0
0
101
0
0
3
8
0
0
0
0
1307
2
4
1066
0
0
0
0
13
2
0
0
1
0
5
5
0
0
2
618
0
0
2
0
0
0
7986
0
0
0
2
11042
0
181
30
208
0
13
0
279
1
1
0
0
0
0
0
1
0
0
18
0
0
1
1
0
5
7
0
0
2
1
0
0
4
4
0
6
0
0
0
0
0
0
25
0
0
0
0
1
2
0
189
58
0
119
2
0
2
1
7
1392
462
0
0
1
1
32
1
0
0
0
10299
2684
0
0
0
365
1185
0
25
8
1
0
0
5
2
0
0
0
2
486
0
14
0
0
3
0
1
128
1
2
0
0
0
0
0
51
2
1
547
0
4
5
163
0
0
0
0
89
1
0
0
0
0
0
572
16
207
8
0
0
0
0
0
8
0
0
0
1
0
3
80
0
3
0
0
8
1168
823
0
0
5
5
5
0
0
0
0
0
8
3
0
53
9
1
0
0
0
6
11
8
199
0
1
0
0
0
6
96
0
3
1
0
2
22
1
32
0
0
0
2
2
0
0
0
0
19
0
0
4
1
0
1
0
4
412
0
1
0
0
49
1403
10409
0
0
1
3
1
11
0
19
0
0
0
0
1
142
0
86
0
0
282
0
0
1
0
0
0
0
1
0
2
2
1
0
3
1
0
2
0
2
2485
0
0
425
3
1
1
4
1536
0
1
0
247
17
0
0
0
0
0
138
2
4
0
0
0
6
0
1
0
0
1
299
0
0
1
0
0
476
134
0
0
2
0
0
499
3
0
0
14
513
0
0
36
0
129
3
236
181
554
108
0
0
1861
771
4
0
0
2
0
0
3
0
1
7
0
0
683
0
0
0
1
0
423
10
0
0
0
0
24
45
0
48
0
0
6
2
0
1
0
208
0
13
0
128
1
0
0
0
1518
1
4
0
515
52
0
1
0
5
11
0
17
92
0
1196
3
0
0
44
65
1
0
9
37
0
49
0
1
19
0
497
0
2
0
0
4
0
0
4
14
1
0
69
3
12
0
61
0
0
2
0
0
0
0
1
5
6
0
1
1111
9
197
59
118
176
0
0
0
0
9
0
1795
0
164
0
0
17
3696
0
0
0
655
0
0
0
0
0
2
0
4
0
1
1
1
0
2
0
0
0
2
0
0
0
196
0
98
0
0
5
0
0
32
0
0
4
0
55
0
5
22
0
0
1
14
0
155
131
0
31
17
2
793
9
0
33
0
32
0
31
0
4349
7
3
0
6
175
0
0
0
0
0
16
16
12
104
0
1
2
5
115
2959
0
0
0
0
0
2
1
0
0
1
546
0
0
0
4
14
1
0
0
0
0
2
22
286
0
188
0
0
1
1204
84
6
6
0
7
0
0
0
11
0
43
1
31720
0
2
0
0
6079
8
1
0
0
2
0
0
0
0
23
0
1
0
48
0
1
0
0
0
0
9
1
0
0
977
4
68
0
0
0
0
3
1
10
0
0
0
341
13
5
220
5
34
41
0
0
0
0
5
598
162
0
0
2
1272
1
9
3
0
0
0
0
0
0
0
6
0
97
481
0
0
1
0
0
0
0
126
10
9
0
0
0
0
0
390
0
2
39
1
0
8
831
0
0
3
6
143
0
0
0
1
13
1
34
0
0
0
1
0
0
0
3
66
0
0
0
0
0
1
1
0
0
0
3
17
6
1
3
3
0
3
0
0
52
0
1
5
0
1
35
0
26
9
12793
0
1
0
0
0
1
6
1
0
8
1
1216
0
0
0
4643
2
3
87
0
0
7
0
674
0
18
0
214
0
0
4
1
3
0
0
0
1
24
1
5
0
3
3
0
28
0
0
50
1
231
0
0
60
12
0
0
5
0
19
0
0
129
1
0
0
25
0
0
2
0
0
0
0
1
24
4
0
0
0
110
0
0
0
0
0
1
2
1
4
0
1
0
0
0
0
2
1
5
4371
4
1
0
33
4
1
0
7
2
0
14
9
0
1
1
8
0
0
0
1
0
66
0
1
2
79
490
0
453
1
1
0
0
11
2
41
0
0
4
9
1
1
0
0
0
0
11
194
0
0
0
0
0
0
12
4
0
0
0
0
0
64
0
0
0
1
0
0
4
0
0
13
5
0
5
62
0
0
4
0
4
6
0
297
0
5
0
984
2206
0
4305
3
2
53
2
0
0
24
3
42
2
0
1
1
0
0
0
0
5
3
0
0
0
0
0
1
1
515
1
1
0
0
0
0
7
3
1
0
40
8
0
23
2
3
0
0
4
1540
1
1
1
0
2
1
0
1
29
790
60
0
0
407
0
5
0
102
451
0
0
0
1
2
0
8
112
0
1264
85
28
0
0
0
636
0
452
0
0
0
865
1
26
6
7
6
25
0
0
0
113
171
0
6
0
0
0
3
48
0
0
1
0
173
0
48
0
0
10
0
0
4
9
210
2
0
0
4
14
0
0
2
3
3
6
0
63
2
15
0
1
0
0
0
13
0
2
0
0
79
6
0
0
0
0
1
100
0
18
1
190
0
0
2375
34
38
0
5
4
15
0
0
3
77
17
131
0
11
0
0
8
0
0
0
2
0
2
0
10
0
0
0
0
18
0
1
1096
17
1
181
0
1
0
0
100
0
2
430
397
0
0
0
12
0
0
0
0
0
51
0
4
0
0
1
0
0
0
10
16
0
2
15
1
1330
0
5
0
2
1
0
3
1
5
0
35
0
20
0
2
1
16
0
14
0
0
738
0
1
1
44
5
4
27
1
0
349
5
1
0
0
0
0
1
0
0
0
40
0
0
0
0
0
0
0
5
182
57
0
241
0
0
0
0
1
0
0
5
792
0
1
0
4
0
862
5
0
0
130
0
0
8
339
0
1
563
0
0
0
0
0
0
7
1
9
0
4
15
0
0
2
0
0
4
0
1
0
17
0
0
0
3
5
56
0
0
282
0
0
0
0
1
49
1
0
0
3
0
0
6
0
2
0
0
2
0
0
1
216
0
32
14
3
4
0
0
1
14
11
0
59
0
0
1
52
2656
0
0
0
0
2
0
5
0
0
0
3
1578
2
0
4
7
0
0
0
0
4973
0
0
1
0
0
0
0
60
1
0
38
0
0
0
0
1
0
21
0
0
0
2
0
9460
0
6
1689
328
2
7
0
0
60
20
0
0
0
0
0
0
0
3
4
25
1
0
0
0
2
0
0
0
0
124
7
1
0
0
44
0
0
0
0
29
0
0
0
0
17
0
0
0
1
1
31
0
0
1
29
0
305
0
0
0
0
1
59
10
0
0
156
0
2
2
866
0
2
15
59
1
0
0
0
1
0
3
0
0
0
7
25
0
0
0
0
743
0
61
254
2
0
52
2
1
0
0
47
96
3
2
0
0
0
0
1
0
3
726
12
0
0
1
0
2
1
0
0
0
0
0
1
0
0
2
0
0
0
33
20
12
9
0
505
0
21
0
0
0
5
0
2
28
0
1
39
0
0
0
0
0
0
34
115
20
1
0
43
0
0
0
1
0
0
0
0
190
0
0
66
1
0
792
0
0
0
0
10
0
0
0
2
1
39
0
2
1
0
1
0
1
0
4
8
0
0
0
658
139
11
0
0
0
7
1
10
2
2
189
0
0
1
0
0
2
0
0
1
1
22
0
45
0
0
1
2
1
617
1
0
44
1
0
83
243
7
0
1
0
0
0
1
0
0
0
0
0
0
0
43
1
12
0
49
6
0
0
0
0
7
2557
0
2402
31
0
0
0
0
0
0
0
0
1
0
0
1259
0
0
0
0
1
230
268
0
1
356
0
0
1
1606
1
80
30
1
3304
0
0
2
480
0
16
2
0
0
180
0
8
0
0
0
0
0
4
1
11
0
10
6
0
938
2
157
0
0
765
0
520
0
1
78
0
159
0
105
0
1250
0
175
0
0
0
0
2
0
0
0
0
0
0
1
0
0
2
2
175
13
1
0
83
5
0
0
1
0
1
22
0
0
1204
1
1
2
351
51
0
0
60
0
0
0
0
0
31
0
499
8
1
0
0
0
21
0
6
2
0
12
213
1
0
26
0
0
1
3129
0
0
14
0
0
0
815
4
0
17
0
0
7
2
6
0
215
0
15
15
0
0
3
22
22
1373
0
0
8
41
0
0
1
0
0
0
0
4
20
394
1
0
1
0
0
0
0
0
416
0
2
19
0
777
0
5
0
9827
0
0
0
0
0
0
0
0
0
0
1
17
0
1086
1035
0
1
165
0
0
0
1646
0
0
781
0
0
1
0
2
12
200
0
0
127
1
11
0
0
1
1
172
0
0
15
19
0
10
0
2
1
297
0
31
13
1
12
6
2
0
0
0
1
2
0
0
1
7
48
4
0
0
2
0
3
316
1
270
3
12131
0
0
0
338
7
1
735
0
6
0
0
0
2
0
1
3
0
0
24
16
0
0
0
0
1
0
0
0
3
3
0
13
0
0
3020
0
0
7
25
0
0
0
9
550
151
14
51
0
1
72
2
0
0
89
0
0
2221
0
0
0
32
16
6805
26
0
80
0
1
2
477
0
0
9
0
0
112
3
0
33
6543
0
389
0
2
0
46
0
1
0
1433
0
109
0
0
0
1
2
0
0
71
0
45
0
0
39
0
0
0
0
2555
2
0
0
2
0
40
0
12
0
0
0
0
0
8230
3697
0
0
527
0
0
0
2
3
1
1
1
0
0
0
2
0
2
0
16
0
2510
0
29
29
1
2
0
13
0
716
3
0
0
111
0
108
11
1
0
0
6
92
1
143
0
0
1
0
3
0
1
0
0
9
1927
0
15
0
0
0
0
1
36
1
0
0
1
0
1
0
2
171
12
23
0
2
0
1
131
0
2
0
15
0
304
6
1
9
5
0
0
0
0
290
1
9
0
61
0
0
0
1098
0
0
4
614
2
0
20
0
285
0
622
0
0
1
1
3
6
11
16
47
0
0
0
1
1652
0
0
0
0
0
0
0
0
216
20
1241
0
0
0
0
12
1
92
0
0
0
0
0
1
14
0
32
0
99
93
410
0
0
299
0
1
9
41
14
1
0
0
0
0
2
0
0
2
0
1
2
0
2
0
1
7
0
1
0
0
0
0
1
2
1866
836
0
0
0
0
2
1124
1
3
5
0
0
4
0
384
2
230
0
47
0
0
1
1
0
2
15
1
11
60
0
193
13
9
1
6
27
144
2
455
18
10
0
69
2
3
0
2
0
1745
25
0
0
1
1
493
3
1
0
0
0
0
34
0
545
3
0
6
0
0
0
0
0
56
0
1457
0
20
0
175
5
26
0
0
0
0
0
6
2
0
2
0
98
91
8
0
11
1
9
58
7
42
0
3
1
14
0
0
0
2
0
0
0
0
0
11
400
0
20
1
0
3502
0
0
36
0
0
0
0
0
1
1079
0
0
0
0
1
0
1542
0
0
0
0
0
13
0
1
0
742
0
1
12
0
0
638
0
0
0
0
52
0
35
0
0
0
2
0
22
1
307
255
0
0
10
0
0
0
0
25
13
1
1
0
204
0
8
1
0
39
0
0
0
2
0
0
0
0
0
0
0
11
0
2426
0
0
0
41
4
0
5
0
0
38
0
9
5
9
0
1
0
0
0
1942
6
1
0
360
11
4
2888
0
3
114
3
388
57
0
0
0
0
0
3
0
138
0
3
10
2
1
381
1
0
0
0
0
0
1
0
0
982
92
10
0
39
1
150
0
0
1
0
6
0
1
13
0
45
27
0
0
0
0
1680
0
0
0
0
1
5
0
2
1
66
0
33
0
1
0
6
0
0
64
15058
0
0
0
86
1
190
0
49
2
1
0
172
0
0
0
46
139
14
1
34
1
47
4
0
330
0
98
0
12
0
0
0
1
5
45
2
91
8
0
0
29
48
6
0
4
0
0
79
1
0
4
101
4
12
2
0
0
35
0
227
0
8
166
2
54
0
0
7
385
1
0
0
29
4
0
10
0
0
2349
0
63
1
1
11
0
7469
0
0
352
0
1176
5
0
0
0
0
0
172
8
0
0
0
1
0
5
7
11
2
159
0
0
0
0
0
440
0
0
1
1
0
2
0
0
0
0
0
0
0
843
0
1
1
4
2
5
309
0
9601
0
0
4
0
0
66
1
107
0
3879
0
0
0
0
384
0
0
1
0
0
1
0
178
0
3
1
0
0
0
0
0
2
12
0
0
0
0
1228
3938
10
0
38
0
5
1
28
774
30
5
2
0
5
152
0
3
0
0
0
0
43
0
0
0
0
0
63
0
0
2
540
8
0
0
45
241
341
0
0
0
54
1
1
0
0
0
0
2
471
0
0
0
0
0
0
0
4
8
1
0
0
0
14
0
12
0
0
508
21
1241
0
0
4
4
13
161
0
0
0
1
0
1
0
9
196
0
4
571
2131
0
2215
5
6
5
8
157
0
0
1132
0
65
0
0
0
0
0
0
0
0
0
1
0
0
14
0
0
629
0
0
254
2
0
0
0
0
0
0
0
0
0
0
0
0
0
3704
9
0
1
0
0
2
0
0
0
1
15
0
2
0
0
0
0
10
0
169
0
0
0
5
5
24
1
38
3295
7
0
0
289
0
7
80
0
0
0
0
26
0
0
2
0
196
0
0
10
1
1
55
0
0
0
0
0
0
0
0
52
350
0
0
129
0
1
0
562
0
0
0
0
0
0
0
8
0
1
0
4
1
0
0
0
6
0
0
20
0
0
5
0
0
0
0
2
10
65
0
0
0
0
98
475
21
0
2
2
57
0
0
3
0
300
39
3
0
2
13
2010
9
0
0
106
0
0
0
2
0
16
0
0
54
0
0
33
0
0
0
1
0
2
0
1
13
0
1
0
22
2
18
7
1
0
29
0
0
1
12
0
27
0
91
0
2
1
0
1
0
3
504
286
19
0
0
25
32
0
0
861
2
0
57
0
1
2795
1
1
0
8
0
0
0
2
0
0
0
3
0
0
428
10
0
1
0
2
1
0
57
3
3
0
35
0
0
0
1
2
0
0
0
0
270
7
76
0
0
0
0
0
54
1
1
0
0
0
0
0
0
0
20
0
0
88
1208
0
11
0
28
1
0
3
0
1
0
0
1
47
0
0
19
0
11
0
0
5
167
1
16
0
1
1
19
0
9284
0
910
1
0
0
2
2
1
0
363
0
0
0
2
98
0
0
0
0
0
1
0
545
2
163
0
0
0
0
18
16
0
0
0
0
19
0
0
4
0
0
0
0
18
1694
20
0
0
18371
2
0
0
0
0
4
4
1
2
14
1
760
142
0
63
0
34
0
0
0
0
0
0
0
0
1
1
140
0
0
164
2
0
0
0
1
3
0
0
0
0
0
0
93
1
620
2
9
0
0
0
622
0
1
11
4
0
8
0
3
3
0
3
196
0
0
1
0
0
15
0
0
8
0
0
0
0
0
0
0
0
3
10
15
0
0
0
0
0
0
3
0
95
1
0
2
805
0
3
1
2
1
0
224
3
0
0
7
0
53
0
0
0
0
0
0
0
0
33
0
1
0
0
0
0
19
4
1
0
0
0
0
0
1
0
639
4
24
3
0
0
0
4
0
0
0
5
47
1995
1
2
3
292
0
716
0
0
29
1
0
0
0
1
9
19
0
8
1
3
0
0
1
1
0
201
61
2
0
32
0
0
0
1
0
118
86
10
65
9
2
0
7
0
70
94
0
4
0
0
0
0
511
1
0
242
1063
89
0
0
14
0
371
9
0
0
0
2
0
1
0
2
0
0
0
0
0
2
0
3
0
6
1
0
0
0
3
0
0
1
8401
0
0
405
0
0
2
17
0
0
0
5
0
0
1020
4
554
0
0
0
0
7
0
0
0
64
3021
9
0
215
13
0
3
0
0
56
6
113
1
21
1
0
0
6
5
1
1
88
1
0
0
0
1
7
1
20
131
0
0
1
0
9
10
1
61
0
0
0
0
0
1
5
67
4
2
0
2
97
0
0
55
0
2
2059
4
632
0
10
0
26
0
0
0
2
12
0
0
0
1
0
0
12
0
0
0
0
0
0
2
0
265
1
0
0
402
1
4
28
0
0
0
1
0
129
3
67
9
0
15
27
0
0
0
0
3
1
1
12
12
0
18
0
0
0
0
1
0
0
19
0
7
86
0
0
0
0
2916
0
2
0
105
1
7
0
0
1
0
0
139
0
0
5
14
0
5
95
1
0
19
0
0
4
843
0
66
0
0
113
0
154
1359
5
1364
0
0
1628
114
0
2
1
240
0
1
2
8
0
2
3
1
0
0
0
0
0
0
0
18
0
0
50
0
0
211
0
2
26
0
782
734
0
1
0
241
0
0
1034
0
0
1
0
0
0
227
0
2
114
0
84
1
30
0
2
0
40
1
2
903
163
0
722
16
0
91
4
2
102
4
55
0
11
6
0
1
0
16
0
1
0
0
7
12
0
0
19
0
0
34
0
6
2
0
0
0
6
1
5
0
0
1
57
0
5018
1831
1
0
0
0
0
1
2
0
123
4
0
0
15
2
4
0
1
2753
41
95
3
18
0
160
111
1
219
59
0
4
0
117
188
45
0
350
0
0
0
0
9
3
4
1
0
0
3
12
11
0
0
53
1
0
0
0
1
110
0
0
0
0
0
15
1
1
0
0
6
0
1
0
0
1
0
12
0
0
2
1
1
7
0
0
0
0
0
0
3
0
2
0
0
0
0
8
46
0
2
49
2
0
0
0
0
3
4
0
1
0
150
0
100
36
0
2
0
4
470
0
1
25
0
0
0
0
6
1
0
0
0
0
2
1
3
111
0
0
0
2732
0
0
0
1
0
6
0
4943
1
15
76
1
0
6
0
3
1
1
1
0
0
2
0
669
0
0
0
0
79
2
0
0
14
0
2
0
0
5
70
0
0
0
0
0
0
2
83
0
1
0
83
0
0
0
1
0
0
1271
0
1
0
1622
0
1
0
23
0
1
0
5
0
8
0
198
3
0
0
0
2
20
6474
1
0
0
19
0
405
2099
0
1438
89
0
0
0
0
0
0
0
48
0
0
54
0
0
0
1
0
1
12
2
0
0
8835
0
1
5
0
0
0
0
0
99
0
3
208
2
0
82
0
17
0
1
0
0
5
33047
0
2
0
1548
7
1
8
0
4
39
0
0
146
3
1
0
0
18
113
0
2
285
0
0
0
0
1
0
0
526
0
0
1
22
0
1
2
0
0
1
0
1
2
6
1101
0
0
0
0
1
1019
2
3
8
0
9
0
0
11
905
3
354
0
101
0
0
1
0
137
6
0
0
21
3
0
0
0
2
0
53
106
0
133
0
0
0
0
1
0
0
2
0
0
0
0
0
1
11
0
0
0
5
2746
0
0
6
0
23
0
1
0
0
0
5
26
11
2
8
0
1
0
0
33
49
9
5
0
380
397
8
0
0
0
2
0
26
0
0
0
0
10
2062
0
0
0
0
0
0
0
0
55
2
0
0
4
2
1
12
0
0
0
9
1
0
0
0
5
0
0
0
355
61
1
0
0
0
0
17
11
0
9
14
2
0
0
19
23
0
8
0
3
1039
6
1
0
78
0
36
0
29
0
161
0
0
1
0
0
0
0
0
705
0
0
21
21
0
0
1
18
639
730
6
3
0
0
0
0
0
45
0
0
0
513
168
0
1
0
0
0
1
0
2
0
0
350
23
0
1
0
3
0
1
1
213
0
14
2
0
8
0
0
356
0
0
0
0
0
87
66
0
5
22
0
0
0
0
2
1844
56
8
0
0
6
45
76
0
0
5772
0
0
0
0
0
475
0
0
0
0
11
0
0
0
0
0
0
0
12
0
1
1
0
0
0
0
66
20
254
925
90
207
203
0
0
0
6
9
0
0
1848
0
1
0
0
0
0
26
12
0
143
0
0
1126
13
0
18
6
92
1
1
0
429
3
0
0
0
0
1
0
0
0
0
7
3899
0
721
1
0
3
131
2
0
0
4
2
0
0
0
1
0
0
0
17
9
2
0
13
5
14
23
1
755
0
1
1
0
38
0
87
0
2
0
0
1
0
23
4494
35
209
5
0
191
3
787
0
4050
0
0
433
0
477
7
11
0
0
22
8
1
20
51
0
0
0
0
391
0
115
0
15
0
0
0
1
0
3
0
225
6
1
1
0
17
0
1
37
0
0
0
1
13
75
2
145
0
0
0
0
63
1
0
4
0
44
32
0
5
0
0
6
3
0
2
0
0
0
847
0
0
0
0
53
14
50
7
0
0
0
50
0
157
10
0
2
0
0
0
1
19
1
0
101
0
1308
0
0
0
0
0
20
0
2
0
194
1
1
0
0
1
228
2
10
6276
0
0
25
0
0
0
0
2
0
0
0
115
1
2330
0
0
580
0
11
0
0
62
524
54
217
1536
0
0
9
160
1
169
6
82
1
0
0
0
11
0
48
0
7
0
18
9
0
0
0
0
0
17
167
2593
0
0
0
2
0
2
1
2
0
143
50
0
36
0
0
0
0
83
0
0
6
0
0
0
1
0
1
8
92
0
0
1432
0
2
35
45
0
0
0
2
0
1
0
60
455
0
0
0
2
232
0
0
22
0
0
0
0
467
0
93
141
700
0
40
4
0
3
36
6
1
2
0
815
0
0
0
4
19
0
0
3
0
0
0
0
0
0
0
93
0
0
1
0
57
1
130
16
0
1
2
0
56
4
449
25
0
233
0
0
0
0
0
0
33
111
0
6
17
41
1
0
209
0
3
0
0
8
415
1
1
30
29
7
1
1
15
0
1
0
0
0
0
0
0
332
0
0
6
1
26
0
0
5
8
0
0
2
0
1
0
22
0
0
0
0
0
0
0
188
11
2
0
0
0
0
0
16
2
249
2182
70
0
1043
0
0
1785
5
11
0
0
6
2
234
423
53
111
0
8
0
0
0
31
0
0
3
1
1
0
4
0
0
54
3
3
0
0
0
0
0
0
0
0
0
0
64
33
1
2
4
75
9
0
0
16
17
283
52
2
0
0
0
1
84
0
0
6
467
56
0
0
0
2
3
1
0
4
0
15
1
19
61
0
90
215
0
0
0
0
1
1407
0
0
277
1
23
28
0
22
0
0
11
259
0
2
1
4
0
0
2
0
6
0
1
0
0
0
848
16
0
0
0
38
0
0
7
13
1
3
1
12
8
29
0
0
13
0
3
9
0
0
0
50
2
1
4
78
18
137
35
9
2
0
60
0
0
45
0
1
12
5
0
2
6
0
0
15
0
6
0
311
0
0
2
8
0
0
0
0
8
1240
0
0
20
0
25
20
0
0
80
0
0
0
4813
4
73
891
0
0
8
0
0
0
12
1
0
0
0
1
0
7419
4
515
6
0
0
0
0
1
0
0
0
496
201
0
0
0
1330
6
29
26
0
0
0
2
0
1
45
3
14
161
0
0
0
0
0
5
6
7
5
2820
0
0
0
1
21
1
9
6
0
1
1
35
1
0
3
0
0
1
3
0
0
131
0
0
2
0
0
0
0
1
0
1
0
301
0
106
172
0
0
117
0
0
201
0
0
0
0
0
0
26
1
1
0
66
0
0
25
67
1
1
2
3
0
161
0
0
2
0
0
1
280
4
0
0
0
1060
1
18
78
0
0
10
1
349
0
7
0
0
33
0
1
0
0
0
0
5
2
535
0
6
0
0
0
29
0
0
0
7
0
17
0
0
0
171
4
16
2
41878
0
1
0
0
11
0
51
2
48
7
0
172
0
146
0
1
1197
2
1
0
50
0
1
402
3
1
149
70
6
33
0
0
0
0
0
0
16
0
0
1
153
5
0
0
0
0
0
44
260
0
0
0
1
1
0
21
0
0
0
2921
0
0
4
0
0
0
17
92
0
139
0
1701
4
0
0
2
0
0
0
0
917
5
4179
0
1
1370
1960
1595
0
5
19
0
0
0
0
63
3
0
4
0
0
0
0
223
0
0
0
172
355
1
0
0
11
0
0
0
6
5
7
5
0
0
0
0
12
2
0
5
0
0
0
17
0
31
76
1
0
2
0
281
0
0
3
0
29
6
40
850
0
3
0
4649
1
2591
7
0
8
19
0
2
0
1
0
1
3
0
0
0
346
1
0
1733
0
276
0
0
56
3
0
0
34
11747
0
0
1
0
0
4
2
72
21
1
0
0
0
1
0
71
57
0
1
0
0
0
2
0
101
1
203
0
11
2613
337
0
2
1
1067
1
0
0
633
0
0
5
40
0
44
0
261
0
21
21
1
77
0
0
79
0
0
49
0
271
1
0
2
6
0
317
0
0
0
0
26
0
0
0
1
2
0
0
0
0
14
177
10
0
0
0
1
0
1
0
0
0
0
2
1
6
0
25
111
1
14
1
2
0
278
0
0
0
48
0
0
34
105
0
1
1
0
0
0
5
0
9
0
2
0
0
0
596
0
888
3
0
0
0
18
0
26
1
0
0
0
0
5
0
0
2
1
0
233
0
0
0
1
8
3
23
0
10
543
0
6
776
0
49
1
23
4
0
0
0
0
0
0
1
0
4
3
0
11
87
1
0
3
0
1
0
0
5
0
0
2
0
0
0
504
76
0
246
0
3
107
2
0
0
0
0
1
6
1
0
5
0
73
0
2
32
0
0
17
0
0
0
263
0
1
3
1
0
1
0
0
57
29
65
7
1
9
2
0
1
3834
0
0
4
0
0
89
1610
2
0
0
13
0
0
0
57
0
1
32
0
0
0
42
85
0
0
24
0
0
37
5
514
2
0
0
0
0
0
1
1
0
2
626
0
0
0
30
0
2
0
2
1140
0
204
157
18
2
0
113
1
6205
0
0
0
2
0
0
1
0
9
3
1
32
1
2
0
0
2
0
7
0
9
3
0
0
0
1
3
69
0
0
0
1
0
0
0
89
0
2
0
0
0
7
1
0
1
1281
0
0
167
0
0
2
1
2
1
0
8
20
1
0
49
10
2
5
79
0
0
0
0
6
0
0
6
62
0
4
433
2
1
0
0
0
0
0
0
0
0
0
9
232
11
0
0
0
0
0
0
0
0
1
22
6
0
0
0
1
0
779
0
1725
0
0
62
0
0
4
0
2
308
0
0
3
0
945
0
0
0
476
0
0
818
14
0
5
26
0
78
7
13
53
42
0
79
0
0
0
1
1
12
0
3
8
2
0
1
2
1
0
0
0
0
24
1
992
1
1
0
0
0
0
0
0
5
87
0
0
0
22
28
0
64
71
1
0
0
55
11
0
7
0
11
29
0
339
0
0
0
1
0
0
0
0
1
1
0
0
0
0
3
561
1
0
3
11
2
0
62
3
0
3890
2
0
0
0
0
0
63
0
24
156
0
0
0
24
1817
1
0
55
0
1
0
10865
47
0
9
0
0
0
0
1
0
0
8
0
0
267
57
0
1
0
12
6
18
251
0
21
5
3739
195
342
15
0
31
6
0
0
215
0
0
4
0
35
196
0
37
0
0
0
331
0
4
0
1
32
0
0
0
2
134
0
0
2
1
0
216
0
211
0
0
12
0
0
305
348
0
4
0
0
12
18
0
1
7
0
127
191
8
0
2
0
0
0
0
0
864
0
2
5
0
0
34
0
0
0
35
0
2207
1
1
0
0
0
275
0
0
1
0
221
0
0
0
16
2
1
2
2
18
0
5
0
0
0
0
32
0
743
1
10
0
0
2
3
39
4
7
2055
0
0
0
0
0
39
0
13379
1
0
14
0
8
0
1
28
0
0
0
1
0
0
110
1
0
0
1
0
0
1
0
0
31
14
9
51
0
0
0
29
0
0
0
0
0
40
2
49
1
0
0
12
0
0
2
106
0
0
7
0
36
22
0
610
0
0
0
429
1
0
0
1
7
0
2
0
1
0
0
0
2
1
0
0
0
0
0
53
0
959
27
1
0
0
0
5
314
0
1
13
0
0
0
0
853
0
1
0
0
1
0
76
9
282
0
0
0
7
0
0
3
741
2
51
0
27
19
3
0
98
0
0
204
1
0
169
2877
4
1
0
0
42
0
1
0
0
32
0
0
35
0
1
0
39
0
0
0
0
0
0
1
677
0
934
0
0
0
0
0
4
0
2
0
235
1
1
1
0
0
1
1
7
189
0
0
2
0
0
0
24
0
3
0
0
0
0
0
0
0
7
94
107
0
0
0
5
0
7
31
0
212
58
0
0
261
80
27
14
2
0
0
0
1
0
0
0
3111
27
0
0
0
2
0
18
0
0
0
0
0
320
8
0
0
0
0
2
1
171
2
1
0
6
0
0
11
0
0
0
0
0
3
0
0
8749
0
0
4
0
0
6
0
2
33
0
753
0
0
32
10
0
0
1
141
0
0
0
7
5
0
0
2
196
0
0
0
107
16
4
1
4
0
895
1
59
1
0
47
0
1
0
1
2
0
54
0
356
0
2
0
0
798
0
78
124
0
0
0
0
0
0
0
0
0
190
14
2
1
0
118
0
80
0
2
0
71
1
0
0
1
1
4
0
0
2485
0
0
0
0
0
0
0
471
0
0
0
0
0
386
529
0
1
1
9
23
74
0
6
0
43
0
1
0
55
0
0
0
7
0
3
0
0
1118
0
1
0
0
0
0
5
746
0
0
2
0
0
0
43
0
15
102
1
1
0
0
399
0
82
2
1
22
0
0
0
4
0
2
1
48
1
0
0
0
0
150
98
0
4
0
2
10
2707
0
2
0
0
37
0
0
0
0
55
0
34
0
17
0
0
0
0
0
0
4
1
0
0
0
0
0
0
0
0
48
1
1
20
0
2
0
1
0
0
8
3
64
0
0
0
29
0
78
0
16
9
216
0
31
16
3
611
1
0
0
45
0
7
217
211
0
0
2
58
0
9
0
1
0
0
79
16
26
0
0
30
0
0
2
523
9
0
0
19
0
0
0
0
2
1
0
0
0
0
0
217
0
0
0
870
0
0
0
0
0
0
0
30
1257
2
4
0
18
0
3
0
129
8
0
0
2
0
0
1
2
0
0
2
0
0
0
4
56
1
0
0
0
2134
1
45
0
0
10
18
84
0
0
1
20
16
0
206
0
3
15
72
0
0
0
0
3
3427
0
0
0
7
0
35
2
0
0
0
466
0
1196
0
0
44
59
28
1
306
137
238
2499
0
0
19
20
0
214
0
0
0
0
1
2
1
1611
0
0
2
0
0
0
0
0
0
717
0
0
8
0
0
0
59
1
0
0
6
0
0
0
0
0
0
175
0
1
3
0
719
0
0
1322
9
0
0
0
0
0
0
26
23
1
7215
160
8
0
0
3
0
28
3
0
0
0
0
1
0
7
310
20606
0
0
17962
1
0
0
0
0
0
0
0
0
2
0
0
0
6
7
30
1
1
1
0
1
148
0
1
2
0
1
2
0
0
0
0
40
0
1
0
13
0
2222
0
0
3
7
2
4
2
0
10
2
1
3
0
34
0
0
0
0
0
3
0
5
0
785
1
0
720
0
0
2
0
0
0
1
0
1
0
0
2
3
0
490
0
0
0
0
2
22
2
25
0
1
3
0
0
0
0
20
0
591
2
1
0
0
0
5
0
332
24247
0
10
3
0
4
2
11
0
5
0
0
0
0
0
0
0
0
0
0
103
5
1
0
0
0
1
8
0
0
13
0
0
0
0
0
46
0
2
0
0
9
466
4
0
0
1
0
6
118
0
0
82
0
0
12778
0
9
0
16
0
6
1
4
103
4
10
1
7
0
1
0
0
4
0
0
0
70
0
0
10
0
0
2756
30
0
0
0
0
0
156
692
0
0
6
0
0
0
5
71
12
484
0
431
0
0
1
0
73
7
192
2
149
76
0
5755
0
1
30
0
0
0
1
4
0
1
0
3
3
0
3
59
6
0
0
0
0
1
1
0
0
2502
0
0
1
0
0
22
0
0
0
0
0
0
0
0
0
0
83
1
0
0
0
274
0
4
128
226
0
4080
2481
1
8
0
0
473
3
4
0
62
3
412
1675
0
1
4
0
0
169
20
0
0
32
12
6
0
0
4
31
3
0
1
0
0
0
0
0
30
0
1
1
2
197
0
338
0
0
0
0
485
0
0
18
0
0
0
0
0
4
41
0
29
0
0
0
0
0
25
1
1
0
0
0
15
1
1
8
0
8
1
49
0
68
1
0
315
42
3
0
1
5
0
0
0
1
3
0
0
0
0
4
96
69
0
16
24
1
0
94
7
0
0
0
0
0
0
259
0
0
1
2
0
0
2291
0
0
0
0
0
10
0
5
0
1
1
0
0
54
0
21
0
6
0
2
3
0
1850
2
0
0
568
0
0
0
0
0
12
4
0
1
0
0
0
0
0
3
507
0
0
12
2185
0
5769
2
0
0
6
102
15
0
2
0
79
0
0
2
73
1871
0
0
0
0
2
5
10
30
122
0
0
0
0
5
0
0
0
15
0
4
21
0
0
1
29
0
0
30
0
0
0
23
0
0
0
0
2
0
7
94
0
4
0
0
2
0
1
0
0
1
0
1
0
0
0
0
0
0
0
0
0
162
0
387
467
0
0
0
0
0
36
0
7
0
0
0
0
0
0
1
12
3
0
1
0
3
24
5
3
0
977
1
2
4
0
1
0
141
0
1
0
0
0
20
0
0
0
2
4
0
13
0
0
121
0
0
0
38
313
0
2
0
0
0
21
0
4
502
2
0
0
0
101
0
6
0
0
1
0
0
0
170
8
2448
17
0
36
4
0
2
3
5
0
20
125
71
11
0
0
99
4
0
0
179
484
0
12
0
0
1
3
0
484
0
0
0
0
0
0
0
0
19
442
0
5
14
41
0
42
0
0
2
88
0
0
1
1
0
1
1
23
0
0
0
0
176
3
0
44
4
2
60
393
9
0
0
775
1
1
3
0
0
0
0
14
0
0
663
1
0
0
0
0
0
2494
2
34
0
0
0
0
0
0
1
0
0
0
0
0
0
0
1
0
0
3
4
19
0
0
0
0
0
116
1602
0
1303
0
0
0
2
0
40
0
1
0
0
0
169
0
2
2
0
10
78
1
0
0
0
0
0
111
30
0
1
0
236
14
35
1
26
27
1682
1
0
0
1
0
0
0
5373
0
0
72
81
1096
0
0
4
1
4
15
0
0
0
77
0
2
484
2
1645
0
0
0
0
0
0
0
0
0
0
1157
2
1
0
0
2
0
65
0
1
0
0
0
10346
0
3
0
0
0
0
3
4
35
1
4
0
2741
0
3
35
1
0
0
480
0
0
0
1061
1
0
17
0
102
0
2
0
0
0
0
4
12
38
133
1
0
0
0
33
3
45
0
0
0
0
211
1
0
0
15
0
867
7
0
0
0
0
0
0
1956
1
0
5
0
8
0
6
101
225
1
0
177
3
378
0
0
0
0
1
0
0
25
0
0
0
4
0
2
8
0
0
0
2
6
1
1
1
1
0
0
0
0
0
0
0
1280
0
6
0
3
0
0
90
47
0
1212
0
0
0
0
0
0
1
623
0
7
0
0
4
64
2
1
0
0
3
8
0
5
0
0
0
0
0
2212
0
3
0
0
0
0
0
0
5
0
0
0
2
7
1
11
70
0
1028
0
0
0
0
23
1
262
0
0
19
0
0
0
0
0
0
0
741
157
688
0
243
0
0
228
11
0
0
0
0
29
191
5
946
436
3
30
0
0
1667
0
0
0
23
0
0
0
0
0
0
6
1
1
0
18
0
1
2
0
0
49
0
1
14
0
0
0
0
86
11
894
12
0
3
145
4
0
2
2
0
0
5
0
0
0
0
0
22
0
3
0
0
0
0
0
6
0
0
0
2
1
0
3
7
0
0
90
24
9
0
5
0
0
0
6
11
83
13
1
0
0
0
1
45
29
4
5
2
0
0
0
0
0
492
67
24
0
0
51
71
0
1
0
0
622
0
1566
0
0
1
0
0
3427
3
0
0
2678
0
310
0
1
0
0
0
6
0
0
87
0
0
2
11
0
0
0
2
0
0
0
2
132
4
748
0
0
15
27
0
0
0
43
52
0
0
0
20
1
6
1
180
2
1
28
0
13
0
0
0
4082
5
0
1
0
183
0
0
238
0
1
1
0
0
1
59
0
59
0
0
14
20
0
0
0
0
1
7
0
0
2
0
0
5
0
0
0
1
0
7
0
0
0
0
173
0
0
11
0
0
0
0
406
0
11
348
0
11
7
344
14
16
236
1
3
29
607
79
282
0
0
0
8783
1
2
79
1465
0
94
0
4
777
579
1
395
22
0
0
0
0
1
0
5
0
1
0
0
0
4
1737
64
0
5
0
0
213
0
0
0
14
23
1
0
0
0
1
1
0
56
376
0
214
3
0
28
0
117
0
0
33
5
0
8
0
1
4
13
1
1
5
8
0
44
0
0
5
0
0
330
1
0
0
0
1
3
0
16
0
20
1
0
13
1
229
10
2
74
8
0
252
0
9
0
2
0
0
0
0
351
0
23
0
0
0
1
0
1
0
0
244
327
242
0
23
4
0
0
2
0
1742
0
0
1
31
14
0
19
54
1
0
588
20
2
11666
0
0
0
6
0
0
0
0
1
0
91
641
1
31
2
0
0
0
1
0
0
3
8
0
1
0
0
0
17
244
3976
29
0
0
4
0
0
2
4
0
1
1
0
0
0
0
2
23
69
0
0
34
15
20
1
0
4
0
0
1542
190
2
27
1
0
0
0
1
1
123
1
0
2
8
0
8
9
1
24
0
0
8
0
0
2
0
16
1
1
0
0
0
495
1
210
0
0
39
0
0
9
0
2
0
0
3
1
2
0
0
0
0
0
0
0
0
0
0
0
1
1
0
30
218
75
1
3
0
1
0
0
1
979
280
0
0
1
0
0
46
2
0
4
1
0
0
0
0
0
3
0
0
170
0
1
0
1
32
1
206
1
0
0
0
0
2
0
0
0
0
5
0
205
481
0
1
3
0
1
152
1510
31
365
0
2
0
2
0
0
141
259
0
42
0
1
0
0
13
0
0
36
0
1298
281
0
0
618
1
42
5
0
0
0
5
5
0
0
427
1
4
0
0
42
244
0
6
0
317
0
93
35
0
681
44
0
0
0
0
32
876
0
339
0
2
1229
1
2
0
78
0
0
1
1
0
0
157
9
0
116
0
3
130
1
0
0
0
0
336
39
3
98
14
1
0
0
0
0
27
109
2
2
0
0
242
0
0
220
0
0
12
1
36
0
1
0
6
0
0
3
0
6
0
0
7
91
0
0
0
1100
16
0
0
3
38
402
0
0
152
14
55
0
0
0
7
2
10
0
0
0
0
29
0
0
0
1
163
218
16
0
0
0
3
0
2
1
4
3
3
0
1
4
2
0
43
0
6700
0
2
3
9
1
1
103
1013
117
12
2
0
0
166
0
7
0
6
0
0
3
0
4
0
0
0
4
376
5
0
0
26
1
57
147
0
0
0
0
0
7
0
3883
14
0
0
0
0
48
2
3
0
0
7
0
3
0
0
0
35
14
17
0
41
0
0
5
5
0
0
1
6
0
0
940
0
0
3
1
4
0
0
0
0
0
0
0
0
358
0
0
0
1
29
66
0
0
13
0
0
2
1
0
0
67
44
24
1
0
2
0
0
0
2140
99
0
0
0
1
0
0
571
0
0
0
0
1
54
13
0
1
31
0
8
2
2117
7988
0
0
9
1
0
0
0
0
0
2
0
0
2
1
1
341
0
1
1
250
0
4
976
1
1
0
0
0
0
0
0
0
4803
2
1
58
0
0
0
0
0
2
0
47
0
11
0
0
136
10
5
0
0
10
0
56
7041
0
0
438
0
0
1
0
1
0
3
1
478
1
294
0
0
0
1
0
0
5
0
0
21340
0
1
0
0
0
0
0
92
0
0
0
0
0
0
1
0
0
14
0
0
0
2
0
2
29
2
0
4
0
0
0
2
3
0
11494
0
0
3
0
58
1
3
0
1
0
199
38
0
1269
0
0
0
29
2
1
0
0
0
0
0
0
0
10
4
111
18
2720
10
0
0
1
0
0
0
2
1
0
0
0
1
1
19
5
0
702
0
0
0
0
2
1394
0
2
0
0
0
204
0
0
30
0
0
2851
15
0
1
2
0
0
0
0
1
0
0
7
0
1
11
0
0
0
0
0
0
0
0
0
28
481
7
2
2
0
0
587
1
0
0
1
0
0
0
0
0
8
603
0
0
2
0
0
87
4
0
1422
0
0
0
0
11
178
165
6
116
1
167
0
4
0
2
360
16
0
0
0
0
0
0
0
0
201
0
0
0
0
83
0
19
20
0
0
0
0
667
44
0
11
1
0
0
0
0
15
0
0
0
0
0
0
180
2
0
1
0
0
0
5021
19
39
4
0
0
0
0
0
40
1
0
5
118
0
1
0
0
0
3
0
292
259
5
86
0
0
92
0
5
0
0
0
5
0
1396
58
3
0
0
0
258
0
2
0
0
1
4
0
0
9
1
42
0
2
424
2
8
1
0
0
0
0
1
59
0
10
2
0
0
0
13
97
57
0
15
0
1002
0
20
352
0
66
14
0
2
1
0
1
0
0
0
938
3
1
0
0
0
0
0
1
0
188
0
0
0
0
2
3
0
3
399
0
0
0
0
0
0
1
0
43
8
0
0
0
0
343
1
1
0
79
0
0
0
0
46
0
247
0
0
0
0
0
122
0
0
0
1
32
0
0
10
21
0
0
2
0
16
1
0
0
0
0
13
2
0
69
10525
1322
13
243
1
59
0
224
0
0
0
12
0
0
0
0
1
10
0
1
0
0
0
0
0
21
932
2
1
0
0
0
418
0
1
0
452
0
0
0
0
0
1
11
0
1
9
0
4
14
0
0
898
1
41
2
0
0
0
1
0
2
2
0
0
0
239
1
2
0
0
31
1
0
0
0
1
665
1
3
141
1
353
25
0
0
0
38
0
13
546
0
18
0
0
0
1
0
1
1
1047
0
1
0
0
8
0
16
0
0
5359
0
0
0
7
0
2
202
0
0
174
0
0
6
1
2
1
57
1
1162
0
0
1
1
9
0
6
0
0
0
68
1
0
1
0
0
0
278
0
0
0
3
4
3
0
0
6
0
0
0
0
4
0
2654
0
0
78
481
55
0
0
63
1
0
2
0
0
2
0
0
3
11
2
10
1
0
0
0
2
0
0
0
9
23
0
82
0
1
0
2
113
0
0
4
1
0
0
9
0
0
0
2
0
0
0
0
0
4113
70
254
0
0
0
0
1
3
9
0
0
0
507
0
0
0
12
1
0
12
166
0
0
0
1
0
1428
505
1
0
0
0
7
33
0
5
0
1056
0
2
0
1
1
0
0
0
6
0
0
3
0
0
0
2
2
30
1182
2
0
0
0
0
6
1
1
1
0
0
0
0
79
2
0
3
4
234
1230
67
2
0
1
53
0
4
0
23
0
9
1
0
9
0
1
206
24
0
45
1
242
41
0
1856
0
3
0
475
0
0
1
0
936
0
0
0
0
0
341
0
1
5
2
6
0
1
0
0
976
14
0
139
0
0
0
0
0
18
3
0
0
6
0
16
4
9
0
3
0
34
3
11922
0
0
19
0
7
0
0
399
22
0
52
13
3
255
1
0
117
0
0
0
0
0
0
0
1
0
1
8
1
0
0
20
21
2
270
4
0
0
18
0
0
8
16
4
0
0
0
0
0
0
0
793
7
54
0
0
6923
0
77
0
0
163
0
21
0
0
0
0
0
0
490
0
38
0
6
0
0
1
2
0
4147
1
88
1245
0
0
0
0
5
62
0
28
18
0
0
3
128
2
0
11
0
0
0
36
0
17
0
3
6
0
0
0
73
0
7
717
83
0
697
0
0
0
0
0
0
1
1
1
355
2
0
23
0
0
122
0
3
0
31
0
145
110
0
0
10
10
0
1
1
0
0
0
67
0
0
0
0
0
0
18
12
0
0
428
0
4
1683
0
0
1
0
0
0
0
0
0
14
0
1
1
0
0
114
49
0
0
6
181
0
163
2
68
130
11
0
0
0
2
0
0
1
1
3
9
9
0
0
71
74
492
0
0
0
1
1
0
80
0
0
0
0
0
0
130
1
2
19
2
0
0
0
3
1
0
1
8
33
0
0
0
4
0
153
2
35
0
0
0
0
0
774
0
0
0
0
305
19960
3
0
0
47
15
5
0
131
0
1
1
0
13
0
0
32
0
0
38
0
5
0
0
1
0
0
0
0
0
0
0
0
114
0
0
1
0
1
45
0
0
0
15
0
0
0
0
1
4
0
0
19
9
0
0
137
0
10
6
0
2
8
0
0
0
0
438
13
33
11
1
981
185
0
0
11526
21
1
0
0
18
7
1
0
0
0
166
0
4
0
0
0
0
0
8
0
0
1
2
0
0
1219
0
0
258
0
4
0
0
1
186
0
0
28
372
229
0
0
0
13
0
0
3
0
8
0
0
0
201
0
13
14
10
0
0
1
1
9
0
38
0
0
217
0
0
1
207
5
0
1
2
365
0
0
0
0
0
0
4
25
0
48
7
0
0
11
0
193
0
4
0
0
0
278
1912
59
1
582
35
0
0
13
511
416
0
59
0
1
0
2
0
134
6
0
0
73
27
0
0
0
3
0
0
0
4
0
12
1
1
0
870
86
0
0
547
30
0
0
0
0
0
0
12
1
0
274
0
0
0
45
0
0
2533
8
622
1
93
63
0
0
2
1
147
0
0
245
168
1201
0
1
0
0
1
2
0
42
14
37
5
0
0
0
0
202
0
649
1
1
129
0
8
43
0
0
0
0
0
1
0
5
0
0
1
0
3724
0
0
132
0
1
0
0
0
1079
0
0
0
15
68
918
124
19
0
3
0
618
666
0
0
2
0
0
0
0
0
45
0
0
0
0
0
0
20
0
1
0
0
0
37
0
0
7
6673
1
1150
2
2
0
0
21
0
0
0
0
0
0
18
0
10
2
6
0
167
0
42
0
0
553
0
4
0
0
4
162
2
0
0
0
3
186
4
369
0
0
0
0
0
0
0
2
12
0
159
5
1
1
86
0
3
1
2
0
6
1
0
1739
0
1
3
11
694
0
1
0
0
0
0
22
0
0
60
0
143
0
1
2
0
75
89
0
1
2
0
0
0
0
2
6
74
0
0
0
0
1
6
0
0
0
796
0
0
0
1
6
15
47
382
3341
570
0
0
3
4
7
0
0
55
109
0
0
0
0
0
209
1
8
0
0
0
1
0
13
839
0
9
0
0
0
0
3
0
6
1
0
0
10
0
32
0
9
355
52
0
0
0
2
1
5
1
0
1
0
0
17
40
0
3
0
0
124
520
3
4
0
0
77
32
7
0
0
501
0
0
0
0
0
3
0
0
1
0
0
0
91
1
2053
1
0
0
0
0
0
7
1
0
0
15
0
0
0
3
0
160
0
0
1
1
0
0
2
1
10
1
3
12
0
25
72
1
0
384
0
5
0
1
1
1
0
0
0
127
0
0
0
0
0
0
0
451
0
97
1
0
2
0
0
0
0
0
3
0
0
0
0
0
0
162
0
0
205
1
0
0
21
4
56
3
0
4
44
0
0
0
1
5
19
0
0
0
110
174
0
3
1
893
0
89
5
1
0
0
0
15
252
0
3
0
0
35
6
0
0
53
0
4
4
104
7
645
0
0
0
1
0
756
0
29
0
2
0
0
57
0
0
2
20
0
14
0
458
2
31
0
1179
0
0
0
1
0
0
0
1
0
0
2
12
1
203
0
0
0
0
2
0
7
0
0
1
17
0
0
8
4
0
0
5
1
0
0
48
1
0
10
0
1
0
7
9
95
0
0
1
13
0
30
0
0
0
0
61
1
0
0
1
7
1
0
2
0
0
0
24
7
0
0
2
0
0
3
15
0
45
0
1
10
2060
0
0
5
0
2
0
0
169
1
76
0
9
1
0
0
209
429
9
5
0
948
0
0
0
8
690
0
0
211
0
37
0
196
31
0
178
1160
0
0
12
0
25
4627
0
0
0
0
0
0
1305
327
0
235
268
0
2
71
87
93
0
7
0
32
0
93
3310
16
0
1
81
1
34
0
92
16
21
0
3
0
1
0
0
0
34
0
0
10
2
81
0
1
0
0
1
0
0
0
3
2
398
368
917
0
2017
266
61
127
1
0
1
1
0
0
0
2
28
11
0
0
4
72
0
2
1097
0
0
1
29
0
2749
75
0
1788
0
22
7
0
0
0
1
0
328
0
0
0
143
6807
0
1
0
25
48
124
8
9
0
0
854
0
0
0
1
1
2
0
0
0
2
0
509
0
26
1882
1
0
0
0
0
215
15
251
0
0
48
2
0
2
0
1
0
0
1
163
17
0
0
0
1
0
0
0
343
3
734
0
83
0
0
4
1
316
0
0
45
0
8
0
1
4
0
1
0
33
0
1
4
97
4
4
0
0
279
24
10
0
1632
9
0
0
0
0
744
0
0
8
180
1
4
5
45
0
0
1
0
0
0
1
5
0
20
0
0
4
3
0
1
0
2
1
0
3
0
22
9
7
15
0
1
0
0
0
104
281
0
24
0
14
0
39
0
26
1
0
0
0
796
2
0
0
0
16
3
0
0
0
1
0
0
4
0
0
0
2
0
378
0
0
46
0
1
3
2
3
1
0
3941
2
4
0
0
0
6
0
0
0
0
1
8
7
2
0
2
9
0
12
0
4
0
0
0
1
0
0
5
0
0
0
0
0
3665
0
2
4
0
28
1
0
0
0
1
0
28
0
0
0
0
6
27
10
0
0
3
0
0
9
4
262
1
1540
760
24
5
121
0
3
0
0
4364
343
0
1183
217
1
0
0
41
4
82
0
51
1
0
22
0
16
0
1
2
439
1
3
0
0
1
0
2
2
0
207
1
0
0
0
1
0
210
26
8
2
0
0
0
0
30
653
41
1412
0
384
0
13
2
0
0
67
2
0
2
2
0
0
0
0
0
0
1
45
65
0
14
0
0
0
2696
0
0
1
0
207
0
0
16
0
176
0
0
0
1
0
0
0
17
0
1
0
0
0
28
344
0
1
5
0
1
1
14
0
50
1
436
1054
0
0
11
103
0
12
3
2
0
3906
84
0
44
0
220
14
0
0
1450
0
0
0
0
1
100
101
116
0
0
1
0
1
0
0
0
0
0
0
0
0
138
0
1
0
0
3
0
0
0
0
0
13
82
0
2
0
83
281
573
2092
6
6
0
454
0
0
97
0
0
416
10
0
24
0
30
0
0
186
10
0
1
0
1412
0
0
0
37
0
0
0
1
0
0
0
4
0
0
2
0
8
1
45
0
3
6
0
0
105
4
0
1
0
0
0
0
0
284
0
0
0
30
6
1
3
5
16
0
3
0
0
1
0
78
1
38
197
0
11391
0
0
0
1
5
73
0
2
0
0
6
41
2
0
0
2
2
0
0
0
0
0
0
0
6
0
0
17
0
0
0
3
210
0
21
1
24
0
0
0
7
11
47
0
149
0
737
0
8
0
41
16
0
2
0
1
0
1
0
225
47
2
0
116
1
0
0
3
0
1249
0
2
88
15
0
0
4426
3
1
0
7289
0
0
0
1
35
0
723
905
31
0
6
0
0
0
1
13
0
1
0
0
0
0
0
0
0
1
0
0
0
0
14
0
0
33
0
1850
6
4
3
0
0
75
0
0
4
3
5
2
35
1
1
2
5
1
61
539
97
11
0
154
3
0
0
46
1
0
117
0
16
0
0
105
0
115
0
1
0
0
250
0
0
3
2095
1
0
0
924
0
0
3
109
0
0
1
0
1
6
0
24
18
0
0
2
1
0
1
1
8
490
345
1055
0
212
0
20
1
0
0
1
0
0
4
0
0
2098
1
0
0
0
0
0
1
35
0
117
2
0
1
1
0
0
0
0
1
0
9
1261
2
0
1
2371
0
2
0
0
286
0
0
0
0
1
0
0
0
0
54
7
0
628
0
0
0
6
0
724
0
34
0
0
0
2
0
5
0
343
95
0
92
27
17
0
311
9
0
0
151
0
0
22
4643
6
8
2
0
0
0
2
10
17
2
57
4
0
251
3695
108
2
9
2
2
0
0
1
25
0
3
385
0
0
1
3745
0
5
3
1
78
4695
59
1
35
0
8
0
0
0
6
0
5
0
1
0
18
11
191
0
0
26
0
0
35
0
0
2
21
1
1
76
0
0
1
0
1020
122
234
3
0
0
8
0
1
16
11
8
0
0
2
0
586
6
10
0
0
0
24
23
4
0
5825
4
0
0
12
34
0
0
4
0
147
22
0
160
241
0
0
0
0
0
1
0
0
0
0
8
2
39
0
6
3
0
39
18
221
0
0
856
0
4
11
1
36
0
150
0
3
0
12
1161
1
11
0
0
5
37
15
0
0
0
0
47
0
39
706
0
1
2
0
479
0
14
0
10
0
31
0
4
41
0
9
0
0
0
90
0
0
0
0
0
0
3
0
0
1
0
0
1
72
0
0
0
0
2
2
5
41
0
0
0
236
0
10
0
0
0
0
36
0
0
1
169
0
1
0
2
0
136
0
2
0
0
0
2
0
24
2
629
0
0
0
0
0
1
142
0
0
0
11
0
805
0
0
48
0
1
46
0
1
0
0
1
2
0
0
0
6
0
1
8
0
0
0
0
16
0
5
88
0
75
0
18
1
46
0
0
1
15
0
0
9
0
15
2
1
0
0
735
0
10
0
0
0
0
0
11
65
21
0
72
0
0
1
0
1289
0
0
30
0
0
2
6
9
1
21
16
0
0
0
94
0
12
0
0
0
180
0
0
0
1
65
0
0
2
0
0
0
234
432
0
29
1167
1
34
44
1
4
4
11
35
0
26
0
0
14
1273
0
0
1
1
4
0
10
1
1
0
1
1
0
0
0
0
1
0
0
2
0
0
11
13
0
0
0
0
2
0
1
2
1
31
0
0
7
0
54
680
0
0
468
0
0
13
0
1
0
75
9
0
78
0
0
1
0
0
0
0
0
12
11
0
126
0
0
0
17
0
0
0
12
2
0
0
0
0
0
0
0
30
0
0
2
1
16
0
0
0
0
0
1
0
0
0
14
0
0
0
0
1
69
30
5485
0
1
0
1
77
5
0
0
0
11680
1
3
27
0
0
5
1
0
0
6
0
1
0
0
0
0
44
2
0
0
1
0
18
0
0
8
0
0
0
0
1
0
4
0
0
0
14
0
0
0
53
5
8
0
13
0
0
0
0
0
3
1
0
115
0
1
0
0
0
0
0
0
0
0
6
0
0
18
0
1
0
22
0
2
0
3
0
307
67
1
4
10
1514
0
0
0
0
0
0
1
0
0
1
1
3
0
0
0
0
57
2
0
0
0
2
2
12
0
0
0
0
0
0
0
1
0
0
4
0
190
0
0
406
1
1034
15
121
0
0
0
0
0
0
0
155
42
0
0
0
0
1
1
24
0
2
13
2
1
0
1
109
0
1
1
0
0
0
0
0
0
0
193
0
6
0
0
0
0
14
0
2
0
6
2
0
0
0
0
18
11
1791
0
0
0
504
0
0
434
739
5
28
0
10
2
25
470
12
0
3
0
2
0
0
8
1
5
16
0
29
52
22
1
0
0
0
0
0
74
0
0
0
0
8
0
2
2344
0
5
0
0
9
0
0
0
1
3
0
2
0
0
0
639
27
0
292
7
0
4
0
0
0
17
0
15
0
113
0
68
1
0
173
35
0
31
0
0
0
7
1160
0
1154
0
0
160
0
29
1
0
0
0
0
0
0
0
1
1001
0
0
7
2
40
0
1
0
0
0
0
0
0
0
5
0
0
0
0
0
0
7037
25
3146
0
1
0
0
0
0
9
8
0
0
16
0
0
0
23
0
606
0
0
0
0
5
1
3
1
0
0
0
1
0
1
0
13
0
0
0
0
0
6
0
38
0
35
144
361
25
1
0
9
0
0
0
2
60
1
0
0
0
0
1
7
0
1
5
0
1409
4609
1
532
0
527
2
0
0
0
0
19
0
19
4
0
0
0
0
0
3
0
0
7
1
0
42
0
471
0
0
136
0
8
288
1
1
6
0
37
0
228
2
79
0
0
2
0
0
0
2
3353
3
325
0
0
0
0
2
308
6
1
0
0
0
101
0
0
51
182
354
0
147
10
1
0
6
2
0
2
0
1
0
2
0
54
0
0
0
13
13
0
0
0
0
13
0
0
0
0
0
1
13
0
0
1
216
2
2
13
0
5
5
0
0
1
0
4
0
1
0
0
0
18
0
0
295
0
0
1
35
2
0
0
0
60
93
55
799
36
400
445
6
0
770
0
0
0
1
1
1
0
0
4
322
0
0
0
0
0
3189
0
13
25
0
7
0
28
0
1
0
602
0
0
0
0
5700
0
0
56
309
0
0
0
0
0
1
24
0
2
24
0
218
0
33
91
0
1384
0
1062
1053
708
0
3
0
1
12
0
5
1
0
0
6
1082
0
0
0
0
0
0
1
0
1
0
0
1
966
0
0
0
8
1614
0
0
0
0
0
1
0
26
0
0
21
0
1
0
0
0
0
0
1
0
3
2
0
0
0
1
0
6
6
0
0
1
125
0
0
1
9
0
0
0
0
50
0
0
36
3
19
226
0
3
4414
15
0
0
0
27
304
0
1
0
0
2047
0
3
0
23
0
1
0
0
0
0
1
2
0
0
17
36
2
0
0
0
3
0
9
0
882
0
6
0
1
3
0
3
1
0
0
688
0
0
0
1
0
0
0
1
0
0
1
1
5
0
0
17
1
12
3314
122
19
0
5
0
2
0
0
0
0
0
0
21
12484
53
3
0
0
11
56
4
7
9
0
4
9
0
0
0
51
2
24
0
38
0
1
0
2
0
1
0
0
0
0
2
0
10
0
0
0
138
1
224
0
136
2
0
10
0
0
8
122
0
5
0
0
870
1
0
2
0
0
2
0
0
0
1
285
0
12
0
0
0
5976
482
0
0
6
24
0
0
0
0
2
2
5
3
10
0
1847
0
0
44
2
90
2704
4
8535
0
0
44
0
2
2
7
0
0
0
0
2
0
99
0
0
2
0
1
628
0
0
0
2393
0
0
0
0
6
1
0
0
1
0
363
0
1
0
0
2
0
1
12
1
469
6
0
0
0
0
0
153
0
0
0
0
0
0
0
1
4
3
171
0
1
485
0
3
14
0
1
1
1023
2
0
50
0
1
39
194
0
2
28
6
5
0
2
1
0
0
955
0
0
0
11
0
2
189
168
75
13
0
0
0
318
0
98
0
0
0
0
0
21
28
0
1
0
4
0
1
0
4
0
2
40
0
76
0
1531
84
1
7
1
0
96
23
0
0
3
2019
0
0
43
75
0
0
16
9
0
0
4
1
0
15
3
0
0
6
0
0
0
0
18
1
0
0
0
7
0
1
0
10
46
0
0
1
1
0
0
185
0
20
0
0
1
11
1
1
27
1
0
0
0
49
1
4
0
1
1
6
1
0
0
0
66
0
96
42
6
0
8
0
0
19
1
0
0
0
0
0
50
14
1
0
0
1
0
72
0
0
0
2671
1
0
487
374
1
0
0
383
45
1
0
0
0
0
9
0
0
5
3
5
0
4
2
2871
0
2
240
65
3215
164
0
18
258
0
10
1
20
0
488
71
7
22
0
598
0
37
2
0
0
0
0
0
8
1
0
0
422
9
1
0
2
0
0
5
2
9
20
9
0
5
0
0
65
0
2
0
0
7
4
8
4
5
0
93
1
0
0
3
0
1
0
3
0
0
0
8171
13
0
0
2
0
1
0
0
0
50
0
3
1
80
0
0
59
0
40
0
5
1
97
0
2
5
8
0
0
116
0
41
0
0
0
130
0
0
0
0
33
14
3
0
359
33
0
2
100
0
5
261
0
0
27
1
0
9
16
0
0
0
0
0
9292
1808
64
0
0
0
0
0
0
0
171
47
0
0
93
13
1
10
0
0
1213
1
0
0
51
0
0
300
0
1
0
4804
0
12
0
0
69
0
0
0
0
42
24
133
9
0
0
0
0
4
0
3
96
140
60
0
0
0
0
1
1
0
7
119
0
7
0
0
31
0
0
0
0
1
54
0
1
0
0
0
46
8
0
0
19
0
286
0
0
25
1
947
132
86
0
2
0
1
58
4
97
3
0
0
0
0
2
12
1
1
1
1
62
177
4
1
0
160
0
1
1
3
2
0
28
196
0
0
0
12
0
1
19
0
141
0
0
48
0
0
1
0
0
0
0
0
0
0
10
0
0
0
0
0
1
0
0
0
0
3
0
0
4
24
1
0
0
0
0
10
9
2
1
22
8
18
0
46
1
0
71
1
0
1
56
6
32
10
1
0
0
4048
0
2
0
327
1
2
0
1
0
59
0
0
0
61
1
1
0
48
1
0
1
884
0
0
4965
28
115
0
0
1
0
22
0
1
105
74
81
12
0
0
0
0
0
0
0
0
0
44
0
60
0
15
0
0
82
1
0
195
16
1
78
0
0
9
0
1
0
2764
8
5
8
0
0
0
2
0
4
73
1
0
0
0
0
0
55
1
0
1
12
0
62
1
0
0
0
1967
0
0
0
0
0
0
0
0
0
0
0
3
0
4
0
0
6
0
4
114
51
0
0
2490
0
0
2
1
66
24060
0
2265
2
690
0
0
898
157
7
0
0
20
0
0
1
7
0
0
12
154
1507
0
86
1121
0
0
0
1
0
0
55
0
0
1
0
0
14
1309
12
0
0
0
0
687
5
7
1
13
0
44
521
3609
0
0
1
1
197
0
0
0
1
3
259
0
0
1
13
13
0
0
0
181
57
0
12
0
3856
0
65
16
125
0
1229
1
0
0
0
0
3
0
0
82
0
2
974
0
0
4
0
0
1
0
0
11
0
0
0
1
0
187
0
2
0
0
26
1
1
0
2
0
0
0
13
0
11
0
6
2
0
0
11
0
0
0
0
9
0
0
55
63
399
0
1
1
0
0
0
1
0
0
1
0
0
0
9
9
0
35
2
0
0
0
0
2
1
9
2
0
3
0
0
7
0
1378
28
0
1957
0
0
0
0
0
13
0
0
0
5
0
0
1141
556
9
0
0
2
37
0
1
0
0
1
0
0
14
191
0
0
20
5
0
693
4
0
0
2
0
1
0
11
4
0
0
0
0
0
13
3
4
8
0
15
0
308
0
0
0
0
449
0
239
0
0
0
0
0
1
0
1
0
2
0
0
5
0
0
1
0
0
15
1
0
0
23
1
74
0
16
239
1
0
0
0
6
1
0
0
0
0
125
0
0
0
0
5
0
142
0
6
0
3
0
8
18
0
0
3
4
0
0
11
32
78
0
16
0
86
41
0
1
2
0
10
0
1
1
0
21
0
0
4
0
0
27
18
0
0
6
373
0
0
0
0
7
23
0
0
0
35
1
1898
0
0
187
0
97
0
0
5
0
6
11
0
1
1
43
1
3
1
0
2
0
0
0
12
118
0
6
0
0
2
6
2
115
1
483
0
1
0
1
0
0
25
0
10
0
0
0
26
0
0
40
0
6
0
0
76
0
4
0
64
0
26
0
1
0
0
0
0
0
0
2
80
1
1
42
719
0
0
0
2
0
0
0
0
1
0
0
7
0
0
0
9
0
0
12
1
3
83
2
347
1
145
5
0
1
3
12
18
54
9
0
0
0
0
0
0
0
8
0
0
15
137
0
0
530
0
0
0
0
0
1
0
0
0
0
105
0
0
15
3
0
1
0
44
12
0
1
0
0
0
0
5
0
4
2
1420
0
0
21
0
1
124
0
0
0
0
0
0
0
0
200
1
0
225
6
10
0
0
0
4
8
0
0
118
28
135
0
0
13
0
0
10
0
0
10
1
0
0
18
1
0
2
0
3
0
19
0
2
0
0
6
35
0
0
0
2
13
0
0
3
0
0
0
0
0
1
50
2321
0
0
0
0
4
0
230
0
2
523
264
0
0
0
23
0
2
2
0
21
371
22
7
122
3
2
1088
0
0
0
0
0
8
23
22
25
0
0
0
869
0
0
0
33
3613
1
7
0
0
0
0
0
0
17
3
0
1
1
0
1567
0
963
215
5
53
1049
0
0
3
0
2
1
0
0
0
0
0
0
4
0
1
0
0
0
1
0
0
0
15
110
1
0
0
1
0
2728
0
0
2
12
0
0
0
0
0
0
0
665
0
108
0
17
0
0
0
54
36
730
67
0
34
0
0
1
0
18
1
0
107
0
0
2
5
0
31
1
1
1195
1
431
0
1794
0
0
0
21
0
1
0
0
538
3
0
0
0
0
0
0
86
0
0
0
0
2
0
0
189
279
1
6
0
57
1
0
0
416
0
0
0
2
0
204
88
154
0
13
0
0
1
0
1
22
174
1
14
0
20
2
0
745
0
2
0
1
11
0
0
47
12
0
0
0
0
0
8
5
1
0
59
3
0
0
5
0
1
0
1
0
0
0
0
90
0
0
0
216
2
0
150
0
0
0
0
0
0
1
0
8
0
0
0
7
227
0
0
2
0
3
0
80
1
0
1
2
759
0
1252
0
0
0
0
1
203
0
0
27
0
0
0
1
0
0
49
0
0
0
0
6
2
0
1
1168
0
4
0
2
90
6
0
12
11
2
0
2
0
475
0
6
0
140
1
0
27
0
58
129
6
0
34
14
1
2
0
0
0
6
0
0
2
1
0
0
0
0
20
0
94
0
0
0
1
0
0
0
0
0
0
2
2
0
0
0
0
0
19
0
1
0
0
0
0
2
0
8
0
16
31
0
0
1006
0
5
14
375
14
338
0
32
1
0
0
0
1
189
3
9
1
8
30
0
1
71
13
0
0
1
0
0
0
79
1
20
52
276
0
1
0
1
3
0
352
1
0
1
105
0
13
0
0
21
6
0
183
0
381
3
211
0
8
0
5
803
0
176
0
0
10
0
2
0
1
30
14
149
15
1
0
0
1762
0
0
0
1015
11
189
1
0
2
393
0
0
0
3
1
0
0
17
0
991
9130
2
14
5
0
121
7
0
0
0
0
0
0
4
29
93
26
0
0
0
0
0
3
0
0
0
0
0
1
3366
0
33
0
20
5
2
283
2
441
0
1
2
0
0
17
0
30
0
0
78
0
4
2
2954
0
0
0
0
0
0
50
0
1
11512
2
1
10
0
1360
1
0
3567
0
252
0
432
0
61
145
2
3
5
0
204
0
1
1
0
2
1
0
0
0
44
3
3
1
1
5
0
7
8
3
2
0
0
1
6
0
0
0
1
0
0
37
16
1
0
11
0
6
9
1
0
0
1
39
0
0
0
9
0
25
54
323
1262
0
0
2
46
0
0
0
724
11
0
0
0
8
0
0
86
44
12
0
0
0
20
0
1
9
0
1
0
1302
1
0
2
2179
0
23
1
10
0
1
0
3
17
119
13
54
0
13
742
0
0
3
1
0
7
0
0
76
3
0
202
8
29
1
22
0
1
2
47
0
12
198
1
17
0
0
200
8
0
0
0
0
0
0
0
0
0
0
0
16
1
6
0
153
8
0
66
299
0
51
9
1
0
0
6
0
4
0
0
3
1
0
1
0
455
2036
465
0
12
1108
4113
2
27
0
7
0
0
0
2
0
1
0
4
0
0
2
0
0
38
0
0
0
0
1565
5
0
0
3
0
0
0
1
36
4
0
3
0
2
6
0
508
0
0
0
1
0
0
16
93
5
0
65
0
0
2
0
0
5289
3
3
0
0
15
5329
574
33
18
0
3
0
0
324
0
0
308
1
0
0
0
5
2
0
3
1
97
10
6
10
503
5
0
0
0
0
1
0
1
0
0
2
2
0
0
0
0
4
0
0
0
0
0
0
0
6
30
0
0
0
62
1435
0
0
0
0
8
0
17
38
1
0
1494
51
193
0
31
21
1
0
5
0
0
0
189
408
0
0
0
0
0
9
0
0
5
0
15
1
0
0
0
32
370
1
0
0
0
0
14
0
0
3946
0
1
0
5
0
0
7
82
58
0
1
1
79
0
2
0
7
0
15
0
2
24
1
0
0
12
0
0
4
2880
0
0
0
0
0
0
183
3
0
0
199
0
0
0
197
42
1329
0
1
29
0
0
1
1
0
17
0
0
0
62
29
7
0
3
0
0
13745
17
8
9
14
4
3
0
12
0
0
0
2
5
0
0
18
1
0
53
0
0
8
41
159
0
2
0
1498
0
187
420
0
0
617
36
0
1
4
0
0
5
1
0
1
0
7
1
0
0
27
156
2
4
0
195
3
0
0
0
0
0
0
3
0
0
0
0
0
384
12
0
0
0
295
0
0
1
0
2
13
0
0
0
0
0
0
0
1
0
14
1865
4
0
0
0
1
0
17
0
364
1
0
0
0
27
0
0
32
1
61
1
0
0
645
10
2
18
3
66
0
3
7
0
0
1476
28
0
79
5
0
1
2
0
27
18
5
0
0
0
0
0
0
285
18
0
404
0
12
0
1
0
2965
0
721
56
0
0
1
111
0
0
24
0
0
2
129
0
1
13
0
66
1
5
4
2
238
0
3
0
7
86
0
0
1
101
1
1
8
739
0
35
0
45
0
372
13
10
1
0
4
2272
1790
0
0
0
0
30
448
0
127
31
1524
10
1
45
1505
0
1
20
1
0
8
34
0
0
10
3
0
0
12
0
0
7
0
0
0
69
0
6
8
0
162
1
1
0
1
2
36
22
13
128
0
134
3
7
0
0
0
22
1
4854
25
43
6
0
14
2
0
0
0
0
3643
0
3
0
1
38
5
24
0
0
0
633
0
0
3
2
1
1
149
727
0
0
1
0
0
0
0
7
0
1
3
12
4
0
68
10
4
6
1
919
0
0
0
45
0
0
0
1
0
28
24
3
59
0
0
0
21
0
36
0
0
0
0
3
3
0
0
1
93
207
0
268
1854
2
0
22
44
0
0
4
2
0
5
9
0
17
3409
0
0
2
0
10
1
0
0
0
0
0
0
0
5
282
285
7734
0
7
7
3
1
434
14
0
1
1
0
864
3
0
1781
2
7
0
18
0
0
0
0
1
0
1
16
0
0
40
0
1
7
1
25
0
8
0
0
0
0
0
9
146
0
0
0
0
0
0
0
30
58
5
2
0
0
0
3722
0
226
2
0
0
0
0
0
1
0
125
0
13
0
80
108
0
1
0
0
794
530
0
0
0
0
4
13
0
0
0
0
5
0
0
0
13
0
0
3
2
0
0
0
0
72
0
3
28
0
0
0
0
2
3
0
31
0
2
2
1
0
0
11
1
2
0
0
0
23
0
111
68
1
94
0
25
0
0
0
0
1
3060
7
1
5
0
1
0
0
0
0
806
1
0
4
68
1580
0
1
4
0
4
57
114
0
0
0
0
0
0
22
3
0
0
0
0
0
8
0
6
1
1
10
96
0
0
0
3
10
3
0
77
0
1
0
1
0
0
14
254
0
0
0
0
0
6
21
2
0
0
0
0
0
0
2
0
2485
0
3
13
2366
0
0
41
0
1
0
0
0
0
0
0
0
0
3
1
0
0
5
0
0
0
0
8
13
1752
3
17
0
0
1
15
0
0
440
82
0
47
5
10
0
0
1
1
3
0
7
8995
436
0
1
0
5
10885
0
0
0
4
0
23
572
0
7
3
0
0
0
19
0
179
0
9
0
0
15
0
72
0
2
23
0
0
0
0
0
0
0
0
2
0
99
0
0
0
406
40
0
2
125
0
256
2
2
0
0
7235
0
82
4
13
287
0
0
0
0
0
0
0
138
0
0
0
101
0
0
1
0
212
0
0
31
0
0
34
24
0
0
0
936
0
0
0
1
3
1
0
0
0
0
0
0
101
106
3
20
6
0
0
1
199
0
9
0
160
17
1630
0
0
1
418
2
1
0
0
1
0
3
171
21
85
0
4
2
0
0
0
0
5691
0
0
1
2
10
61
7
1
0
0
4
0
0
0
523
0
7
0
46
7
0
0
241
0
0
123
0
254
19
0
0
1936
0
0
706
102
0
0
0
17
4
1
353
0
95
1
4
2
39
0
1
26
55
0
1
0
0
0
7
0
0
0
800
0
25
0
0
843
0
0
22
27
0
2
0
4
0
1
0
1
0
0
198
0
2
1
702
1
0
1028
1
2
0
1
3
0
0
0
0
1
8
4
1
0
0
0
0
24
4
103
0
2
0
0
11
0
12
0
5
854
34
1
21
31
0
0
0
0
0
0
0
0
0
0
0
5
0
0
0
386
0
0
0
0
15
0
4
0
35
0
107
0
0
5
0
0
0
0
54
2
0
0
1
0
0
0
6
3
0
112
4
1513
0
51
2
0
5
741
4
0
0
0
0
13
328
0
36
2
0
0
0
0
173
0
0
12
0
68
0
6
0
1
0
0
0
0
1
0
1
0
5
59
0
0
0
0
0
55
106
0
0
6
272
2
0
0
764
3
0
1
2
0
0
60
0
2
0
0
49
1
1
133
61
4
0
90
764
0
5
2
0
0
0
0
0
4
1
0
4
1853
0
4
0
46
18
1637
19
10
0
0
25
348
2
0
1
0
4
10
4
0
0
12
0
127
21
7
0
0
1
0
0
1
0
0
0
23
10
1792
6
2
1
0
1
649
4
1
0
0
37
817
0
21
0
0
29
0
0
0
0
52
0
0
0
3
5180
0
0
0
0
5
2
10
0
0
0
20
0
0
4
71
2
0
0
0
0
4
0
11
0
89
1
0
0
0
0
1
1
957
0
1
0
27
9
4
0
0
33
0
67
0
0
0
0
1
2
2210
0
0
2
26
0
0
1
1
0
0
18
0
5
0
0
21
4
0
3
14
0
0
0
27
1
0
47
21
18
0
50
0
0
0
0
6
0
0
0
0
0
0
4
0
15
3
0
0
0
0
0
0
1
606
0
2
0
0
0
0
0
5
305
1
0
0
2
0
0
0
0
2448
1785
80
14
0
4
0
0
0
35
26
0
1
0
130
23
44
0
0
566
1
13
0
5
0
1
1376
593
6
14
1
0
0
0
27
0
6
0
1
0
1
1
0
8
0
64
5
0
720
12
0
0
4
1
3
11
4
0
50
0
1
0
0
1
0
1
0
2
45
1
0
0
10
0
0
8
2251
1
547
1
745
9
0
326
113
19
0
0
0
0
3
11
0
10
4
788
8
0
31
26
49
0
0
36
0
52
6
0
84
0
0
0
1234
2
0
0
0
1
0
2
0
14
0
0
0
0
0
0
0
19
34
5
124
39
0
1
0
4
0
0
0
0
13
21
0
0
0
0
1241
0
0
0
0
0
3
0
29
380
3
1
0
0
0
0
1
0
6
0
2
16
2824
2
125
0
1
0
5
0
435
14
55
0
57
219
78
115
3
0
1
0
0
124
0
54
0
1
0
57
0
0
1
0
13
4115
0
5
426
0
0
0
0
16
0
0
0
6
0
0
13
5
0
0
1
0
786
0
0
0
0
573
69
216
0
0
54
3
3
87
0
0
248
0
1
59
1
3
18
1
185
1
33
7
241
1
4
0
0
0
98
74
10
6
0
0
1
0
3
3
0
0
0
0
0
0
0
1719
4
0
15
0
0
0
77
0
504
0
2
0
3
0
0
0
0
842
0
0
1
0
32
18
1
40
2
4
1
2
1
0
0
1087
0
1
46
10
32
0
0
0
0
0
655
0
0
10
32
288
0
0
0
28
7
29
0
0
0
1
0
0
0
0
0
0
12
0
1
0
121
2
1098
0
2
0
0
0
0
0
625
3
4
0
0
0
77
113
1053
0
1
1805
0
31
1
371
0
1
0
4
0
1
0
0
0
0
1
0
0
0
160
3
0
0
0
0
0
0
266
3
0
0
0
683
1
0
0
280
1
0
4
55
0
0
1
0
29
0
6
7
109
0
0
6
0
15
2
0
1
5
101
0
298
7
0
1135
0
157
2
10
0
0
0
409
0
0
1
2
69
0
1
6
0
0
0
335
22
0
0
0
1
322
12
1
0
1
0
46
1
0
0
0
64
0
103
1633
0
0
20
0
0
31
12
5
0
0
0
271
0
1
0
1
0
0
133
0
290
0
9
0
0
2
0
4
0
2
0
0
0
506
3
8
11
0
0
0
0
132
189
4
0
2
0
0
56
1
0
0
0
0
1
0
0
1
0
0
0
6
1
20
0
0
26
0
0
0
0
50
0
0
0
0
0
0
55
0
2
2
1
4
0
153
0
0
44
1
0
0
0
3
0
0
1
0
0
11
9
0
1
0
1
0
0
2
0
5
0
0
0
0
12
0
0
0
0
569
0
0
0
0
10
0
23
6
0
0
14
0
972
114
0
0
0
0
0
0
1
243
123
0
1
0
139
11
335
0
20
7118
6
0
28
22
30
0
15
156
1
1
0
2
108
0
1
2
0
0
0
0
60
29
0
0
2163
2
0
0
0
0
0
10
1
0
0
738
0
0
3
0
0
0
0
1
96
20
0
342
0
0
0
3
0
7
1
0
0
0
11
0
3
28
417
5
5
781
0
130
0
14
0
12
0
89
2685
0
0
0
12
2
27
0
0
7
518
71
0
0
9
1
0
0
1
0
0
2
0
1
0
5
0
0
1
0
0
0
0
7
4
3
667
0
0
0
0
0
98
6
1970
65
4
0
0
0
1
22
0
0
1
0
67
4
5
0
2
2
33
0
1
0
0
0
0
0
53
22
0
214
44
25
0
0
0
20
0
0
17
0
0
0
0
1
0
2
2271
0
16
21
0
0
22
1
0
0
4
0
0
0
0
0
1
1
0
5
0
0
0
2
9
0
0
10066
6
3
0
0
0
0
9
1
0
2
1331
0
175
0
2388
18
36
3
1
10
0
0
0
0
1
0
0
0
0
11
0
9
551
0
0
7
2
0
52
360
0
0
2
12
3
0
0
119
3
0
0
0
0
81
11
0
58
0
16
49
25
3
857
57
2
1
243
23
0
1
26
0
14
0
2
2
5
0
0
0
0
199
0
0
1
3
2567
0
12
0
0
20
0
0
1
0
83
438
0
0
9
0
1
0
0
0
762
35
0
0
1
2399
12
0
0
35
0
0
331
0
3
0
0
1
0
0
3
0
2
9
0
58
416
0
0
0
9
0
10
279
20
0
0
488
0
38
0
0
27
0
6
0
0
0
0
0
30
0
0
0
54
1
0
0
0
0
60
124
0
0
51
0
0
1
0
1
7
0
0
0
0
1
0
1
0
0
73
0
1
66
5750
13
34
0
863
0
20
0
1
0
22
3065
0
4
9
0
0
40
1
4
0
1
0
0
0
0
0
4
10
2
33
0
0
22
1
0
0
0
0
0
1
0
0
0
260
0
0
2
6
0
0
1757
0
0
0
12
5
0
20
0
1
1
0
0
1
2733
0
8
132
0
0
0
0
2
1571
6
17
50
28
0
2
718
1
310
0
0
2
1
2
0
0
1
6
0
9
0
0
0
6
0
0
3
13
0
0
2
0
0
4
0
0
0
2
28
0
23
0
69
0
658
96
3
513
0
855
0
1
3076
0
0
2
0
639
301
0
0
0
2642
15
214
0
0
1
0
101
0
72
0
2
32
3
363
0
13
1
3
130
98
0
0
0
0
36
0
0
1
153
0
0
0
0
0
0
0
3
222
0
19
1
0
0
1413
219
0
844
0
1
0
14
0
4
13
3775
0
529
0
37
20
0
0
0
19
0
2
20
0
3
0
1336
0
5
8
0
5
0
13
12
0
0
1
39
0
0
0
1
0
2
7
2
0
0
65
0
67
0
0
38
0
0
0
37
1
0
0
0
0
0
0
1
0
76
0
0
148
0
43
2
28
0
2
1
1
0
0
2712
0
4
109
2
0
3
0
1
0
0
37
0
12
0
2652
0
1
0
132
0
487
0
0
320
603
38
14852
5104
9598
14868
5104
6952
1918
14604
38
842
160
1060
7659
13126
11417
1882
320
274
16935
845
320
5104
1612
13992
147
42694
12859
11090
185
274
16668
38
12859
8318
160
11050
16696
9309
5104
13095
1146
12859
22542
581
39048
314
87
21965
185
22069
5211
274
160
4191
8244
21369
10268
6065
21174
23459
14500
2277
12387
18
1
422
315
22
0
10
670
2
4716
6
129
1899
0
71
66
38
5
1
1
1
248
0
3758
5
134
1
1717
0
2233
507
97
120
649
48
316
15
1723
27
0
428
0
1289
1
20301
0
287
26922
46
2233
6
577
2015
9998
962
7
48
61
3
5
2
0
22
26
25268
21766
3
5552
3899
0
21840
8
593
1669
1
97
0
8
5
0
104
6
4
5
1
7
333
510
13590
30
98
18
407
2
1419
0
3
2
383
100
351
0
3400
333
1
1
42
19890
0
2546
224
5
8747
4935
11160
2
2
2
0
1
359
1
131
18
4180
3
9
25
1987
0
392
70
63
277
15
1233
13059
14
323
6
21
450
6869
20525
0
2
0
3551
18
36
3958
1
4443
1
2
2924
34
65
37
47
0
0
7
8
1222
24
32
9587
2
176
6
0
308
837
1
75
716
8873
5121
0
10
13
0
101
4
8
13163
50
0
12
0
7
445
373
1961
0
27
10374
4745
0
0
13
0
0
0
2423
372
30
2
42
0
11
48
236
26
0
4
1538
1
2
8
1219
0
0
60
0
0
15
20
26717
49
78
0
4527
11771
78
139
1
65
0
27
686
3
3255
1
13
8133
1331
21
4092
281
5
19063
12
649
0
0
2949
7
2
50
735
0
2699
245
11919
11
14
0
1
4
73
5
2
80
0
4
17
165
1
2017
113
790
0
2243
6
3
0
0
7
233
2
0
30
104
1184
0
100
9
10
1
1059
382
514
3
7
1
8
305
48
1073
3006
174
178
147
41
0
14830
0
13
991
7620
0
1
0
0
20
264
586
3
7
17
289
0
0
273
6
2736
15
149
0
0
130
56
0
19
1
15
9
0
2
0
0
1
7641
996
18
29
63
36
1
3
0
29
5417
6
9
0
4
0
0
13679
0
36
2
0
0
0
0
63
0
1
0
0
62
1690
4
0
1
0
0
0
0
35
58
26
1834
804
0
13
345
0
0
6
10
0
8
0
0
1137
1238
0
2
937
376
1
14868
3
0
0
117
59
46
40
0
0
92
76
314
27
1357
0
6
1
0
12
0
1
0
1
0
2385
44
1
0
25
0
0
0
905
0
0
3194
316
31
7
30
102
428
3
0
1
531
55
0
4
4
434
0
0
0
20
180
1442
2
3
596
0
87
16
0
30
11
2
207
738
0
133
1
6
27
1458
164
16
6
1400
1690
0
4819
280
125
1
7
44
3
2
0
6123
4
0
0
2
347
0
13
1
1
59
5
10
22
0
12
10
0
1525
2
0
40
414
0
3
3
656
0
0
0
1
5
2
0
26311
6
0
0
2
104
0
0
177
9
148
0
1858
213
1
0
0
0
0
1
10
0
260
3
1641
1
0
7
8
6712
347
92
0
4247
404
44
0
66
1
1
6
1
1284
45
7
7
8
7
0
2
0
3
0
0
99
2
38
0
0
0
0
0
1
7
6
0
3
711
1092
0
1
0
0
25
0
6777
0
5
3
0
0
5
0
0
694
0
152
3
0
2162
1
20
2250
1
0
0
1381
20991
0
50
0
0
10
0
5
267
1478
1
0
0
1
8
22
46
1323
65
0
0
23
0
15
1
8
25
1
2885
4
0
0
0
0
0
6
408
5322
46
18664
8
0
0
0
0
415
1
83
62
15
3498
0
210
1
1
3
17
1
59
0
1
2449
7
11
1
6
0
0
18
2
0
1165
1224
448
0
3432
352
0
0
1
83
0
0
50
75
146
0
15
556
3
1801
410
0
0
3
0
273
44
0
98
1657
3
29
1
0
1
526
0
5
0
38
0
4732
1273
0
0
277
16
192
357
1
3947
0
0
0
2
626
989
5
0
0
0
20
1
11
1441
1
0
0
31
10372
5
873
2
60
14624
0
1
1244
69
5
0
0
0
0
0
3
13
365
165
2
0
45
25
624
248
2
0
1
353
482
1
101
0
0
93
0
0
0
0
0
0
2
0
56
5
0
0
160
6
0
170
0
1
114
1051
0
1
0
96
1
46
0
0
3051
0
10
155
176
0
509
0
0
28
3
8
175
0
3
127
74
1
1
25
25
1477
5
0
1
120
0
1
1
10
46
1
0
0
0
0
1
0
488
0
1444
861
2
52
0
6767
10516
0
35
11768
0
1
250
0
49
0
21
195
1
1
138
7
0
1
7
40
95
1532
2
6081
0
2
524
0
0
0
34
0
0
0
0
0
35
7
0
4
0
0
169
6990
11
0
0
0
7635
1
455
0
0
1
552
322
2
0
102
0
0
0
0
719
130
0
220
2
165
5
16075
104
0
1
44
2
350
0
3886
39
0
7214
2
7
0
0
4
1
1
355
5
0
0
21
21
5
1
2
1
2
9
146
304
0
6
2
51
53
0
24
4
77
8
588
216
0
1
2
0
5
25
0
1
0
14
133
4401
1
22
177
1
2
0
991
40
54
0
2
13
12
2
0
1664
1215
3295
0
2
0
64
5
1464
0
1
20
479
118
2467
0
0
2
751
794
1
4
51
210
29
1
0
1
1755
1
2
6
3
4
0
0
5
0
1
9
0
2
0
4
70
214
0
1
0
0
1
381
0
0
20
0
2
847
0
0
214
105
0
0
17
441
10
0
2
2
30
0
0
3
0
7
0
0
432
1732
0
2
0
24689
3
20871
2
1
0
1
0
1001
0
317
2
2
0
155
15
5533
0
0
0
1
0
6
0
57
5
668
533
33
1132
1
0
0
4
13
0
2
1
380
3179
1
850
2
0
1
6
124
186
831
2
5
8
19540
0
327
408
1
0
22
77
0
0
0
2
14
1
24
142
0
0
0
0
1835
7
0
10
0
58
3770
0
11
0
14
0
369
4
0
1154
0
24
729
1
0
220
0
0
0
0
11
119
18
1219
6094
3630
338
0
6
1959
46
1
1
0
0
1
0
5
2045
1
2
7
7766
167
2
4
12597
8
9
359
0
0
40
1
3
2002
1
0
0
0
1
198
0
2081
0
0
23
4
4
0
930
1
121
213
0
0
271
4
0
0
1
0
752
24
0
318
3
103
1
517
14
0
0
8
0
0
9
815
324
89
314
0
31
10786
735
417
14
4
0
8108
4
0
0
0
1
0
581
20
167
2
90
205
4
0
0
0
0
3
0
0
0
16
136
314
1
12
0
140
1
0
49
13
14
0
2
0
0
3
4
21
0
0
286
1
111
0
0
0
0
1
14
62
0
172
22
55
0
5815
0
13
4
66
12
6
1
22
392
0
0
1
3
3
3
0
10
2
15
0
20
3
0
2
0
0
18
0
0
0
5
0
1
0
0
1
265
13
3
0
0
1
0
46
14
4
41
1
91
0
6
0
35
2
1842
77
1328
43
5
1
0
1
0
16
0
0
0
1
184
108
0
0
4
0
950
13
0
2
2
0
1
0
1
0
3
140
0
31
1642
0
0
530
1
5554
0
1
2459
2
26
172
5385
6
152
18
0
428
680
36
0
1
13
67
0
13497
4
0
4
0
37
67
5
21
0
134
620
0
0
82
0
0
0
5
0
1
8
2
0
0
0
0
0
0
93
2071
6
3
36
25
18
0
40
14
0
36
0
9
0
0
18
0
5010
46
203
0
10
0
0
0
7
8
0
0
87
247
12
0
34
4
0
3
0
6
0
19
116
0
0
2
24
6
101
3
0
3198
0
0
0
0
0
374
3
2
460
1
0
2
6
0
1
0
1212
2
0
0
0
0
531
0
2218
3
21
10
3
15
252
1
82
2
300
0
2
5
5
1
1715
0
5
0
0
10189
13
178
2
13
0
0
1
2
2
0
362
0
0
15
0
0
40
1
23
13
6
0
384
3453
0
75
0
4
1
50
4
0
0
5
5
1
126
529
5
5
1
19
1371
332
151
3
0
26
2
222
2
36
4
0
480
0
45
4
909
0
264
0
149
0
0
0
0
0
1
6
1071
28
0
48
0
0
5
0
1
0
2
141
28
2
8
28
0
0
0
228
0
0
3
255
0
0
0
37
3
0
105
63
91
26
0
0
1
1
11975
2
0
2
13
0
2935
0
53
6
11
1880
204
0
0
1
2
1
1903
1875
213
4
0
1
1
1
17
13
139
2433
2
25
1
0
0
14
69
0
0
0
199
3830
4
0
0
74
1
941
2805
9
0
0
0
2
0
0
2
343
0
5
2
8
0
3
368
0
30
1
35710
2
0
0
1
120
1900
0
11
1
1
6
318
12
2
5373
1164
30
7
7
21
0
0
15
5316
0
0
0
0
150
356
227
1
20
12
0
0
23
14
0
3
1
22
0
2
0
0
0
0
147
60
13
966
0
0
0
0
0
0
0
1
1
2
0
2656
1
1
0
66
235
0
17
0
1
2
2628
9
0
1
19
3
0
2327
1
2
0
17
5
140
712
5
0
0
0
4
1
0
0
112
4
0
1
194
112
2
69
0
9
77
5
235
1612
886
0
0
1
133
14
0
1849
0
7
0
0
0
2
1
16
0
0
4
4
0
1
0
0
3
93
0
876
40
754
0
0
9
0
1851
2
25
0
0
1
6
1018
0
666
1
1231
1
1
529
0
1
247
16
3
6
0
2
382
0
2
0
0
0
9
13
0
1535
0
201
2
0
1
6
3
3
1
1213
16
2
207
1
0
1973
0
1
0
3949
8
24
6
383
506
0
0
2
5765
22
1
3
2
2
155
2
2
12
0
491
0
1
0
1
0
209
0
124
0
260
0
0
5749
0
0
183
21
4
0
1
1
0
0
0
1
1
3
82
121
3
0
1
0
1
1
2
0
4
181
0
0
51
19140
12
0
23
1
45
7
0
782
4
0
0
5
43
0
9
0
0
109
267
249
0
8
104
0
11
35
8
40
0
0
54
16
67
0
49
0
0
0
0
86
17
1610
3
4
4
2
1
3
0
1287
11
2
1
1
0
5
181
2
0
22
170
2
0
18
49
176
35
0
1
448
652
1
1413
0
592
127
2
266
9
77
1
16
2808
9143
108
43
28
599
29
73
3
0
187
1
139
13
12
0
0
1
1
3
0
3
1
184
0
5065
0
1
1
90
0
2
0
276
36
255
0
0
0
0
0
20
0
0
259
1
0
1
160
0
1252
175
0
19
0
1064
1045
0
0
68
8
1
0
1
0
125
6
0
0
0
10
20
0
1
5
440
1
77
55
6
1174
7
1514
43
101
0
2
0
2
1682
183
0
0
0
0
2056
0
0
1
250
35
0
0
0
14
53
9
0
356
0
0
0
7
380
113
0
1
0
513
1
14
12
5
1
5
0
14
2
17
4
433
25
0
16
1453
7
0
1
0
32
24
10
4
3
0
133
642
131
0
0
1
0
1
35
3355
255
29
239
32
0
257
1360
19
1
0
0
67
2
0
26
0
0
20
5
4
218
2
6
0
258
1680
1
1
7346
0
11
0
0
0
15
1
58
1
496
1
3
129
5
6
0
0
0
75
0
2
0
0
2
0
0
0
0
0
4
0
0
0
0
5
0
0
2
435
1
0
118
0
337
0
1626
0
28
0
7
0
818
23
4
3
0
0
0
1
100
265
0
6
0
1
6
0
1
10613
0
0
5
0
1
1
0
0
2
6
0
2
2
0
0
125
0
0
0
0
1
1
0
0
16
189
345
2
54
0
217
0
3
1408
1
3
1
431
344
453
0
0
3
0
7
38
168
5
0
8
1
1
2
2
53
0
16
0
6
5
2
10
1
100
37
0
45
0
0
0
6
17
1
1
0
1170
11
0
4
0
0
0
12
0
1
83
4
0
70
0
305
49
1
1
12
13
1
2
242
114
4
12
5
2118
391
606
3
9
0
0
19
0
0
2
0
0
0
231
46
0
0
1
84
724
18
1
34
1
1
2
39
0
628
705
0
1
0
0
0
0
0
0
0
0
0
0
7
1
1
3203
0
0
0
0
0
2
52
40
96
71
1
4
0
1
16
0
2
0
29
7232
3
6
1
0
0
0
1
83
0
21
143
0
4
5
10
3
3
0
0
1
6
5
112
295
9
1
262
0
0
0
11199
1
2
0
0
29
20
4
30
0
3
0
78
522
2
66
0
0
8
215
0
7
1
2
0
0
0
5
87
1
0
214
10
1
0
88
0
3
0
23
7
0
204
1
19
22
2
0
0
0
3
2
0
0
0
21
3
101
289
0
0
2
0
0
1087
1
0
0
3
0
0
0
0
0
10
1
668
1
189
3557
13
1
2
7
6
3
7
0
58
220
157
0
0
4
0
0
78
13394
7
5
6
0
972
76
7
0
0
0
12
223
0
0
5
0
8
1
0
13
2
1227
402
345
3
0
4250
4
105
0
6
52
1
0
5
0
1
16
355
3
2
0
4
2
0
0
12
2
0
21
14
0
4
4
3
2025
86
0
1
1
0
0
394
529
0
0
1
46
698
355
0
12
0
10
0
5
2
1
2
0
4
0
0
151
0
210
3
34
23
0
1
0
0
56
0
4
0
0
827
0
3
0
0
38
15
85
0
568
10
313
102
0
188
0
37
2
0
173
4
1
106
0
23
7729
1310
0
1
1
0
0
16
0
6
0
4
8
0
37
0
12
1
609
8300
2
2
0
1
17
0
0
1
1
3
0
0
32
0
0
273
15
120
0
0
0
0
9
0
741
2
0
16
0
2
0
23
3
5
0
7
0
0
0
42
8144
1
189
15
1
227
1
0
84
0
1
7
5
0
0
36
0
40
49
8
72
0
4
27
0
0
12
11
2
1
577
0
0
38
0
2
0
0
1
1
0
0
0
0
0
0
0
0
0
3
0
0
1
0
0
3
35
0
4
7
43
0
7
1
0
4
0
0
1984
2
10
0
2
4
0
0
2
23010
0
72
3
189
0
0
0
0
245
0
2
1
0
20
2
0
13
1
0
11
21
6
1
0
0
0
0
153
811
0
0
0
19
1
0
0
0
0
68
0
0
45
0
8
8
1
59
1
3
26
13
5
0
1
6
12
62
0
158
4
0
2
1
54
0
70
2
0
0
47
3
241
539
3
2
1
0
0
3
0
4
1
7
0
2021
3
4
7
673
6
11
0
0
6
0
1438
0
29
471
0
1
3
0
16108
0
0
165
2
0
10
0
9
20
97
0
37
37
3
0
6
2946
107
5
0
2
1681
0
81
51
0
5
0
1
1038
0
0
0
0
60
1
95
403
294
0
0
3
1
14
0
0
226
5
0
0
15
1
0
30
1
321
0
0
1
0
1
0
63
1007
0
371
0
13
2
0
0
52
1
2
0
0
1
14
11
0
120
0
0
1
4
6
14
0
48
102
0
0
7
29
0
167
0
1427
1
875
0
0
1
28
1
0
46
3940
1715
0
0
0
0
4
1077
0
16
0
1
40
11
37
0
27
0
161
0
3
0
0
0
10
2
0
2
120
4
37
1
0
7
65
10
0
16
224
43
0
1
1
1
1
23
30
0
0
311
1
2
1895
5666
0
14
1
0
186
0
47
7
3
1
13
67
0
18
4
0
23
0
42
0
428
15
1
0
5
1
0
2
0
29
19
1138
0
0
21
0
0
0
114
0
20
0
0
0
0
1759
88
0
10
1
2
2
5
28
1
1
0
24
656
1
0
6
0
2
9
2
0
64
1
2
4
0
4
0
0
2
4
1
0
21
0
592
367
3
2
8
0
8
1
0
170
2
0
0
0
0
5
1
0
0
1
1
15
6
19
0
2428
0
0
0
142
0
5
113
164
292
99
12
120
13
554
0
2969
1
109
980
2
1037
3503
95
0
0
3
5
3
0
1
0
0
1
2
61
33
0
3
0
0
0
0
0
11
104
50
2
2
0
0
2
0
0
9
1
207
0
1
0
1
0
42
1
12
0
102
4
99
4
107
10
0
74
0
1
0
3
0
0
0
1
16
0
2
4
0
7
1
1
1123
0
0
0
0
4309
291
128
4
86
0
2
0
0
11
0
2
0
2
0
71
188
2
5
0
6
3
0
0
1
5759
43
2
7
0
148
108
8
5528
95
0
1
0
8
0
46
0
0
1
2
9
126
7
1
4
1
28
5
3
1
0
126
0
0
0
0
43
0
26
34
0
3
4
6
0
9747
968
153
32
718
1
2
39
7
1
47
0
0
24
13
48
0
3
8
6296
15
6
0
0
0
4
29
2
0
10
1
37
5
3
28
10
0
62
16
0
4
72
7081
24
1
137
7
978
68
0
0
0
0
0
0
20
0
0
0
8
3
0
0
1
226
271
0
3214
4
0
8
22
0
0
2700
1
108
19
15
115
0
0
214
0
3
0
1
0
0
66
0
0
0
292
289
8
10
0
0
2
7
0
0
0
93
3
15
8
0
0
0
9
112
295
9
0
0
0
0
0
1
0
8
9
73
1
0
13
2
0
11
0
680
23
237
382
9
0
0
1
961
11
0
23
0
6836
1
0
0
0
59
1
3
0
0
0
0
16
1
0
3
0
128
0
246
0
1794
0
10
73
4
0
1025
0
13
2691
4
0
127
0
0
0
53
102
40
2
38
0
31
0
13
1
0
28
0
0
0
5
0
0
6
0
5
14
51
0
354
2
2
148
10
2
1
1
13
0
2
20
0
0
0
3381
1
3
0
24
0
152
0
733
185
1
0
28
14
0
60
8
0
9
1
49
0
0
0
0
280
0
0
877
3046
2
4
517
0
0
985
0
0
0
0
0
2
35
0
2
0
3
0
0
0
6
3
20
0
29
1
0
2
2
7
0
46
35840
2
30
12
0
1
0
0
10724
40
4901
5
0
0
0
1893
2
0
7
0
1406
0
201
0
0
0
392
9
1
177
0
2
3
89
464
2
0
138
133
1
62
0
0
47
58
0
0
6
14
0
1
3
0
164
32
0
38
1936
1
0
81
3
0
1
0
0
26
2
0
0
410
1
943
0
20
2
0
17
0
4251
280
0
2
1
169
83
2
248
0
10
0
2
1
67
15
3
8
0
0
272
271
0
0
79
1
0
0
0
0
5
5
2
2
0
3
1
0
1
5
1
0
0
0
0
1
3
2
3
7
0
0
1
0
1
0
0
0
0
2
526
183
0
0
0
12
529
12
0
0
1
297
0
0
3
9857
31
1595
4
17
2
0
4
87
2
2527
0
0
2
20
3
7
63
5
0
0
0
0
0
1
0
7
0
2
45
0
5
0
0
197
0
3
0
0
0
0
0
0
369
0
225
108
376
5
1
89
0
0
212
0
1
0
5
0
337
225
14
0
1335
436
0
0
0
11
4
0
0
31
0
179
222
0
0
5
0
4
9
1
1
0
0
9
1
2
9
0
0
8
0
28
3
0
53
0
0
0
0
0
91
63
7
0
28
0
476
61
321
0
153
0
0
0
0
4
4
3811
6
0
21
3
0
0
26
0
1
1
19
0
26
68
531
26
9
146
1
1
0
0
2
5
1
2
20
0
0
0
0
0
0
110
52
9
48
0
855
0
0
8
61
2
26
49
0
0
7
43
4
0
2
26
0
84
2
4
0
85
167
18
5
193
4
0
0
3981
0
4
12
0
0
19
0
236
0
5
9
9
2314
2
5
127
34
9
1037
3
0
0
213
1
0
0
0
0
1173
7
0
0
38
0
2
1
27
6
1
0
25644
35
0
1
85
0
2
0
4
0
61
8
12
2
0
1
0
0
0
0
20
18
1
4
0
0
1
0
0
0
634
21
2
18
17
1
0
82
61
0
35
249
2
2
1168
1
0
0
0
0
2
1
773
23
9
0
0
793
61
4
3
886
38
2
1
46
3
13
0
1
2
0
4
13
21
581
361
0
3
2
0
0
0
7
308
371
92
8
37
0
3
1
11816
495
1
1
0
1
0
70
149
1
314
0
0
2
7
5
0
0
0
0
0
5
3
27
2
0
0
37
15
1
0
0
108
2
2
2
0
53
0
5
0
0
0
219
0
0
0
0
26
0
162
18
0
0
0
2857
1
1
8
2
35
244
0
0
49
94
129
0
53
14
59
0
0
674
0
28
16
0
1
22
2
0
0
6
803
0
0
20
27
3
28
3
18
35
1
1
0
0
20
60
692
0
1
6
2
0
4
0
19
60
0
0
1
2
250
0
48
10
160
64
0
0
1
155
146
0
0
3648
0
0
0
2
253
0
0
75
0
0
820
24
104
3
0
5
112
0
33
0
0
0
104
0
19
0
3
0
2
10
10
0
7
0
0
0
96
21
0
2
3
103
14
190
2
0
0
526
0
135
0
2
15
34
0
0
421
1
19
7
43
8
0
4
26
4
7
9
61
37
198
3
6
0
197
30
1
0
1691
0
13
1
6
0
96
0
0
1
5
265
0
0
8
1707
1
8
1550
0
1601
0
3
1
0
2
4
2
318
1533
0
0
11
128
13
0
37
0
1330
2
0
0
378
42
19
4
0
216
3
87
20
1
0
0
0
2
295
20
2
24
0
0
1
0
7
36
602
42
0
0
8
0
0
2369
0
0
1
0
0
21
50
0
0
1046
13
0
23
625
0
24
0
3
20
7671
235
0
7
0
20
1
0
1
137
0
2
0
0
171
3
0
297
26
5
0
73
0
0
2
0
2
14
79
0
104
453
102
1
83
15
1
0
36
11
0
0
3
37
7
0
0
0
44
50
0
39
0
0
1
0
195
736
0
9
4
1568
1
15
469
87
34
4
265
0
5
0
15
4
0
0
76
0
3
86
0
0
2
0
0
0
0
4
3
143
7
0
0
0
0
0
0
1
1
0
38
1
0
1
1
7
0
0
4
95
63
0
0
73
0
2
1
18220
3
1
10
1
0
0
12
8
1
1
1
12
1
8
7
40
904
129
3
1
0
0
1
0
0
275
0
0
0
0
869
0
1
1
9
1
1
0
0
4776
672
0
0
6
0
238
1
0
270
17
0
49
0
6
2481
8
0
0
0
1
10
8
1
1
3
1
0
39
176
63
4
0
154
0
0
0
57
518
0
91
21
0
13
0
91
72
5
0
17
1
1
0
921
23
13
0
76
339
3
175
7
0
56
12
0
2485
0
30
5
0
0
0
1
19
33
0
19
0
0
0
14
0
0
1
78
0
0
0
0
0
0
3
0
241
8
1
2
1
0
1
0
0
9
0
0
19
0
2
79
7
1
0
9
10
0
0
0
539
0
5
1
2
12
1
43
0
58
2
1
3216
445
0
38
0
0
7
1
11
0
0
0
19
2
17
1
0
3
9
14
0
79
17
11
136
16
0
1
1363
3
4
371
0
0
0
44
56
149
0
158
0
1207
16
2449
0
1160
0
0
289
0
0
0
1
28
909
0
210
6
1
1
0
0
9
2
1
7
58
65
0
605
3
0
0
0
1
31
1
10
0
0
2
21
21
6
291
11
86
2668
0
4
3
1
68
14
24
12
2
153
6
1
588
10
100
8087
69
6
2117
2
0
0
3
0
0
305
183
67
81
215
94
3
0
5
31
1
117
254
0
0
208
10
10
0
8
0
4
5
0
0
1
0
2
3
1
73
1
0
17
0
0
170
144
0
1
789
547
0
525
0
0
42
0
0
5
41
0
49
14
4
1
14
2
19
6
1
79
0
368
2
150
20
1
0
4
3
2
0
68
0
0
5
45
0
1333
12
26
0
84
12
4
0
0
25
0
1
0
32
0
0
0
11
22
3
1291
8
0
4
5
130
9
191
21
0
2
0
54
1
2
0
0
4
1
2627
0
2
0
1
0
0
0
3
300
2
2
345
0
10
12
0
0
104
0
162
1
1
0
0
5
0
0
0
3
1
0
0
0
0
0
34
8
73
1
5
0
1
2
53
5579
1
3
68
80
0
0
72
20
0
1
4
0
0
5
0
0
0
0
39
1489
1568
18
0
0
1
0
2
0
5
5
0
0
0
1
0
4
0
1
0
1682
63
15
0
2
0
0
0
1
25
0
0
0
0
0
0
0
14
0
2
1
2
3
3
11
2
0
12
0
9
0
0
18
30
0
23
1
1
5
0
1
8
2
8
502
0
0
3
1
0
36
0
1
150
0
0
273
0
1
0
2336
0
4
0
0
1
9
0
95
704
0
1
0
1
725
216
0
2
22
0
11
0
0
1
0
344
0
1
7
5
1
2
249
8
0
51
1
0
2
0
3
0
1
28
6
1
0
0
2082
0
0
2
0
0
0
1
0
44
2578
13
0
21
1873
2
872
245
1
0
77
3
1
0
0
0
3
7
96
0
179
0
6
0
4
0
1
0
23
181
1998
49
1
666
5
0
0
0
291
0
7
4
0
8
30
3289
1
0
17
6
6
101
7
0
0
7
1
52
14
0
2
131
126
0
0
2
3
0
0
3
23
90
0
0
0
6
0
3
0
4
0
25
5
0
0
42
0
60
6
3
0
132
0
0
42
12
1
5237
41
2826
34
134
0
0
0
0
0
75
7
1731
0
0
0
2
980
1
0
0
2
84
1
0
0
0
153
1
3
0
533
1
469
0
0
22
30
2
1
0
0
5
0
1088
467
197
2
0
0
1093
3
18
0
0
9
0
0
87
1661
2
2
0
3
0
0
243
0
107
1
2
0
275
0
944
1
8491
340
234
0
27
6
0
0
662
858
0
13
1
7
23
1
0
2
500
0
1
0
4
0
74
131
79
11
0
0
58
0
17
0
0
79
32
220
6
38
0
0
0
12
0
0
1
0
1
101
0
110
1
0
3158
0
0
0
67
0
3
4
164
0
103
412
0
1
0
13
0
0
0
12
0
8
0
0
0
2
0
0
2540
13
0
0
16
14
0
53
5
3
0
1
3
4
9
0
0
7
1
22
30
1013
26
13
0
19
0
0
0
0
189
375
0
1
0
0
2
0
11
43
2
0
0
0
0
1
1
0
2456
26
1
552
21
3
39
0
0
5
0
0
0
1
0
0
1062
11
71
5
0
0
0
0
0
2
0
3
4
271
615
0
4
3
9
0
121
0
0
3
0
0
1
0
26
1
84
1
4450
1
0
0
5
19
0
4
303
0
0
1
0
0
2
1
0
0
3
0
0
0
4
0
0
9
0
0
0
1
0
81
33
0
2
1
0
3
1
3
0
426
466
0
30
31
2
1449
645
76
4
0
0
1
2
0
2
0
1
1
0
0
1
0
1171
3
0
20
0
0
321
0
1
0
151
1
0
27
5
427
0
3
6
235
2
0
1
0
86
0
1
0
47
0
37
37
129
1
2
20
0
0
0
0
1
6
203
1
7
32
4
2
2
4
0
0
1
18
785
4
0
4
0
0
1
3
3363
77
351
1
109
11
1879
0
0
0
0
0
36
0
3
0
34
12
5
658
11
1
508
42
0
6
0
1559
328
0
12
2
2046
0
0
3
43
177
0
2
6
0
5461
0
209
0
2
4
2
306
6
32
32
1
0
41
0
3
470
4
1
0
0
0
0
9
0
0
0
3
0
66
0
0
0
0
16121
1
0
1
5
0
0
0
0
21
1
311
0
10
32
45
0
0
0
0
3
7
7
180
0
2
0
50
2
1
121
7
25
0
12
1063
9
0
0
2
198
0
0
10
1
0
0
67
0
0
3303
1
1
8
0
4773
187
0
0
0
5
0
3
31
4
0
1420
94
150
8
32
0
108
0
4
213
6
24
0
0
2
2839
0
3
4
0
29
43
84
0
0
22
0
1
0
1
666
0
0
0
1
0
1
22
11
331
0
646
6
14
9
0
0
2
10182
0
341
0
671
50
0
2
0
19
1
510
201
0
4231
0
1
5
0
35
0
0
196
52
15
0
0
1
1
15
198
86
0
0
0
12
9
0
0
0
5
2
12
4
1
14
163
2361
55
0
1
39
0
22
1389
0
10
0
10
2133
0
0
0
0
0
51
0
0
243
2
253
1
736
0
1
805
0
2
1
0
60
6
28
20
22
0
0
3
5
642
0
2288
0
3
0
2
773
15
2
7
2
985
2
0
1
1012
36
0
0
282
36
0
3
35
346
196
1
4
119
9
6
2
84
5697
21
0
101
389
4
0
0
0
4
152
0
22
1
1
9
0
2
3
0
402
6
6
218
0
0
0
38
0
280
853
0
0
1
0
0
63
1
17
19
1
0
205
8
2
2
275
0
71
1
0
342
0
3
1
142
31
0
1
11
1
0
1
0
0
0
0
0
1
1320
1950
2
0
7
5
0
0
0
940
0
11
10
0
7
0
172
0
11
26
3
0
0
3
0
51
0
0
17
0
14
7
11
0
0
0
47
107
41
1
16
0
586
570
0
0
4
0
22
0
0
0
1
4
2
6
11
0
0
1
28
0
0
0
0
0
2
0
0
2
1125
0
0
0
3
5
0
0
16
2699
2
0
0
3
0
0
335
0
2617
34
0
0
257
0
5
181
2
1
0
141
0
765
0
35
3
3
2
54
4519
0
12
0
4
61
82
0
0
1
0
0
12
34
0
442
17
0
0
0
0
2
5
6
61
3
6
0
2
0
4761
2
0
1
1
5
0
218
65
1
35
14
1247
1394
95
0
0
18
3
25
9
2
14
18
0
0
0
20
0
0
5
0
221
1
1
1476
78
1000
0
12
76
17
2
0
0
0
0
297
0
0
0
0
0
0
0
0
0
839
290
0
17
5
1
1
0
0
597
146
0
0
40
1
982
1
0
2562
0
261
2261
0
0
167
0
0
0
264
4
313
0
0
0
129
315
1
1
0
1
2
10961
191
476
9
33
112
0
0
8
6
63
0
1771
35
97
146
0
0
0
3
1
29
0
0
11
1
0
0
2
180
2
4
19
0
2
4
13
0
896
11
0
0
0
0
2889
0
0
80
2
1
113
0
0
6
0
73
87
0
0
0
22
0
1
1
0
0
1075
0
9
0
0
72
183
19
0
8
155
6
0
4
173
8
0
0
0
2
15
0
3
1
2
8
0
2
3
0
1151
1
0
10
0
1
0
0
0
1
0
0
1
0
0
0
2
39
2115
0
0
15
0
18
1
0
1839
136
7
1
6
4
4
2979
7
3
0
3
5
16
0
14
10
1235
2
2
0
10
0
0
0
0
126
0
0
18
32
1
0
23
16
0
3
10
0
2
0
4
0
1
3383
0
20
1
7039
6704
362
607
0
0
7
14
2
6
5
1
0
0
0
9
246
3
0
0
28
30
31
2
0
104
0
15
4
5
16
3
1940
0
0
995
1
20
0
0
0
0
326
104
21
11
10
8
1
0
1
5
1
27
2
134
3
3
253
1
0
0
0
3
1475
0
2079
18
0
0
3925
0
1
0
84
0
0
2
8
283
1
0
156
20
4
0
0
3394
175
0
34
0
0
2
11
0
0
0
42
1
0
0
0
2
84
1
2
10
0
1
0
213
71
5
8195
0
4
0
3
0
1
7
24
512
1
52
19
0
0
0
4
491
0
5
9
32
1
0
0
934
0
0
8
5
6
0
0
4
0
5
0
1457
1
1
28
34
5
3
3145
67
20
0
118
1
1
13
0
2
0
2
0
1
190
2
0
8
1
143
66
0
0
58
55
33
71
0
0
0
153
5
0
1
1
6
62
14
0
37
2
0
0
2
36
22
2
1706
1
0
19
0
1091
14
177
476
261
0
4
1
1
21
21
0
11
0
6
0
1
13
1
3943
5
3
0
2
0
4
0
659
8930
16
52
0
0
9
0
230
0
5
2
14
11
0
4590
2
0
2
2
3869
0
0
0
3
4
0
565
108
1
7423
0
1
47
4
0
0
23
0
0
0
209
4951
12
0
13
0
13
56
2
0
0
27
69
1
3
1
0
0
0
0
68
45
2
0
272
3
4
78
10
335
5
0
12
0
0
2
355
0
36
0
1
93
48
346
0
2
0
1
0
1
0
79
0
29
0
0
1
2
2
0
11393
122
0
797
0
538
0
0
237
4
0
204
0
66
9
0
0
3
0
33
41
0
0
8
0
0
2
0
0
2
3
0
2427
114
75
11
0
1
1
3
3
497
246
0
3
29
0
0
0
30
7075
0
4
44
3
7
1
0
1
0
0
0
32
5
0
0
19
1
0
3
169
4
2
0
406
3
22
1937
0
131
0
12
9
64
4
1
7
0
2
0
0
0
0
14
0
1
11
0
923
0
16
0
3
0
0
0
6
0
1
4
0
0
56
0
96
0
332
0
2
2
2340
7
12
0
2
15
0
8
2
1732
7
9260
746
56
0
39
0
4
0
27
1
8
250
6
6
113
0
52
0
2
0
503
54
5
3203
5
0
3
0
2
0
0
0
0
2
2
4
0
0
0
277
36
0
32
1
0
0
0
0
0
0
1
0
711
0
949
4
0
8
0
0
21
3
0
0
0
0
362
146
0
0
2
141
29
0
0
8
0
1
3793
2
1
0
19
0
1
0
0
1503
140
3
27
27
16
35
9658
0
86
447
32
0
0
7
10
0
0
0
6
0
1485
0
0
0
0
2
15
0
0
0
0
0
507
3
1
10
179
70
0
6
0
0
0
79
16
22
444
8
0
3
10
1
681
0
702
1
1
4
724
0
19889
1
0
0
0
4
7
0
261
1
24
0
20
0
226
1825
64
22
0
132
0
17
123
3
4
94
2
233
0
0
2
1
1
43
9
0
353
0
0
38
13
1
135
0
0
1747
23
0
23
16
0
2
6
0
0
0
0
4096
0
100
10
0
0
1
0
0
27
140
0
0
0
0
4
0
0
0
2
6
8
1
0
25
2
103
32
0
16
2832
0
9
0
91
41
0
9
1
81
1
801
0
0
0
0
1
0
536
7
0
9575
16
0
3
61
23
1
65
0
1
0
2
75
10
124
1
0
663
32
0
0
0
14
1
0
1
81
0
0
0
2
39
3
1
82
0
69
0
0
1
0
527
0
0
6
2
0
2
0
0
1
12
0
0
1
0
0
62
0
20
60
1
1
0
5
0
0
3
0
0
0
24
308
11
10
552
19
0
1
1256
21
991
6
0
0
11
0
0
227
1
6
7
1
1
1969
26
2
0
1
0
6
0
40
0
831
12
0
3124
138
0
154
4
0
0
223
11
0
3
0
15
0
1
163
4
790
103
2
3
22
16
1
71
2487
0
0
0
3
583
11
0
74
404
12
0
0
2
5
0
0
0
19
0
0
152
0
32
15
0
0
3
8
2
80
81
2
3
1
71
0
88
31
174
976
0
9
0
0
0
1
12
17
10
1028
26
558
0
135
12
7
21
1
13
157
0
8
0
52
17
0
143
3740
94
29
0
0
0
0
0
0
0
5
0
1
20
288
425
162
646
0
0
2
1
0
16
18
5
5
0
0
4
0
1
20
0
1
0
0
0
6
0
0
120
4
12
46
0
3
1
0
1
5
5
0
0
66
0
0
1
0
2
0
3
4
341
0
1
0
0
1
3
0
7
9
0
48
1
0
23
0
0
0
0
187
0
0
0
14
1
14
0
0
1
0
0
10
0
1
0
25
2
5247
0
79
0
0
38
42
34
2
0
22
15
34
6
3551
2
0
9
5
1355
0
2
5
0
0
0
0
1
0
0
1
0
1
1
0
67
0
3
449
0
0
0
1
908
0
1
19
2
60
4
1
1
1
16
28
0
8
0
0
21
0
23
35
293
1056
12
5907
13
0
327
0
1
7
1
2
9
0
0
1
3448
0
322
5
2
0
0
77
2
0
0
0
5
1
0
0
0
147
2
0
0
11
0
10
0
0
10
1
5
166
0
213
13
0
656
1
0
0
69
0
23
0
0
1
21
16
24
0
0
0
600
0
11
2
0
3
31
2
49
0
1
45
44
6
0
19
0
0
2
1
2258
16
0
17
0
0
4
6034
48
25
45
18
2
0
0
18
21
2
0
1
198
0
0
0
0
1
1
40
0
16
0
4926
2
1
2
0
6
0
0
250
0
381
710
828
16
0
0
483
1
1
19
1
149
14
4
0
315
10
0
0
0
19
16
15
239
5
0
4558
12
3
41
0
631
0
1
2
180
0
0
1985
0
8
1
1
1
5
1
4
1
0
2
0
0
1
1747
0
2962
3
0
6
0
5
3
11
0
0
7
2283
3
8
0
5
1
2
2
0
0
100
0
46
1304
258
0
0
12
17
112
1
0
0
0
7
1
2
10
1
1
0
1
10
0
0
1
1
0
0
0
2
3
0
0
6
55
3
0
1
0
0
3
89
0
0
0
0
0
172
0
0
294
3
1
3
24
10
0
10
482
1
50
4
0
266
0
0
0
8
410
0
0
2
0
1
3
0
4
1
2
2
1
149
2
0
24
7
531
0
2
5
0
343
2673
0
102
2
1
13
0
14
0
0
110
21
1
2
139
0
147
0
0
214
0
0
15
902
64
0
14
5
0
34
0
0
18
0
0
141
0
156
0
5
516
3
0
0
13
4
0
14
77
0
0
0
1
0
0
0
0
3
1
0
6
0
2
0
2
12
0
29
2
1
91
0
50
87
21
0
3
0
0
0
17
23
8
2
48
2862
0
0
1
1
5
6
0
9
3
0
0
0
0
0
24
0
0
0
0
7193
4
0
0
0
1311
1
0
0
8
0
3
0
0
55
10
0
22
1
14
1
0
0
1
0
1
0
1
0
3
0
0
0
0
0
0
50
147
0
18
0
0
18
1
2
9
0
0
28
421
0
0
170
10
30
1
0
47
0
4
0
95
0
1
12
1562
14
0
126
64
0
0
0
0
0
0
0
21
2
2
3
0
0
0
26
53
5
2
58
0
38
6
46
87
2
6
32
0
2
2
9
2
659
1
0
12
0
39
0
396
0
1049
0
1
189
1
0
2
2
3
0
0
1
0
0
1
0
124
46
4
1
27
31
0
0
1
0
4
197
0
2201
2
521
0
0
11
3
0
1
0
0
129
11
382
1
172
2
0
1
597
151
0
5
161
339
73
26
1
9
26
8
0
0
2
0
0
0
0
0
0
14
0
9
0
0
30
0
1
0
0
37
0
7
6
0
0
0
13
0
1
0
12
0
4271
0
440
58
2
2
0
39
0
608
0
1
0
46
0
0
11
0
0
1
0
8
1
0
0
0
0
0
0
0
1
0
572
81
0
0
1
127
30
1
0
4
4
1
113
0
0
1138
92
0
0
0
45
13
1
2
27
0
1
0
0
44
0
0
0
0
1
0
2
342
15
1
0
0
0
0
0
0
6
1
0
5
1
1
1
0
260
53
1
7
20
271
363
0
29
33
10
7
0
1
16
0
0
1
0
6
2
0
0
323
4
86
1
0
74
232
27
0
107
0
3
6297
28
132
0
0
7
0
49
0
0
0
387
0
207
55
0
2
1
0
0
0
29
30
291
0
1
0
0
1
0
3
1224
0
6
0
0
9
0
1
0
11
6
0
0
288
0
2
0
0
0
0
37
0
0
6
14
0
3
5
0
0
0
115
5
374
1
0
0
59
0
0
0
13
37
30
0
1
0
0
0
201
0
0
0
0
0
0
12
53
1
1752
1
3221
0
76
0
47
1
0
0
0
1
0
0
0
11
3
0
0
1
19
0
98
67
0
0
0
29
106
0
0
8
2
245
3544
0
0
125
14
0
11
0
1
0
9
18
1
0
54
12
597
3
12266
2
4
18
0
6
0
0
1
49
0
0
0
4
1
0
0
0
8
0
0
0
0
0
20
2
13
19
18
0
226
636
1
0
16
94
0
38
1
186
2
0
0
0
5
8
0
9
0
22
392
10
0
0
0
0
1
2015
72
0
1
0
0
0
132
1
1
0
0
0
0
0
0
3
7
5
0
15
161
17
1
693
16
268
13
1
2
0
5
114
0
0
66
5
0
0
4
6
0
23
0
789
0
0
1134
4
0
414
343
6
0
502
0
1
334
0
2
18
148
4
0
2
43664
1
0
0
41
490
1612
0
0
0
704
144
0
13
3
32
3
25
3500
26
1
1
1
0
2
0
0
0
0
0
0
0
0
0
6
0
0
1
0
0
0
0
284
3
11
0
5
0
1
3
4
166
3
0
2
13825
115
32
47
3100
2010
0
400
1
1
71
0
0
0
0
441
1
0
0
304
4
0
296
31
0
3
0
1
2
36
0
56
1
2
0
0
6
0
0
0
5
1
3
3
68
1
0
39
0
0
34
0
0
0
219
0
14
0
78
125
1279
1197
2
44
121
0
0
0
7
3928
1
483
933
0
216
215
134
186
0
0
6
10
0
0
1
0
1
0
7
222
0
8
1
5
0
1
0
19
100
0
0
26
3
0
0
0
3
0
3
0
33
25
0
110
1625
1
4
16
0
216
33
0
0
11628
0
0
4
190
0
5
38
0
0
18
0
0
850
0
9
1
0
10
0
24
121
28
1
56
13
0
124
0
383
0
0
196
14
0
0
2
14
4
43
1
0
0
0
0
6
0
1
14
4
0
21
0
0
0
1
3
1
0
90
3
0
0
0
0
1503
116
1
0
10
9
2
2
31
0
74
3
0
11
3
7
235
91
63
133
0
6
0
0
3
2
0
0
0
0
0
3
1
6
0
0
0
44
1
250
1
0
0
1
21
0
0
0
0
23
0
0
0
29
164
0
9
0
3
1
0
0
221
8
92
107
617
7
145
0
4787
0
309
1128
0
42
0
1
3
10
1
0
6
0
2
0
1
0
5
0
6
0
0
7
0
0
70
0
2
13
8
20
60
1
0
1
0
1
2
1
0
0
1
0
0
5
0
2787
2
0
0
288
3
0
11
30
6
17
0
5
0
24
358
1
2
7
1
1
17
21
0
0
8
0
1
2
37
2163
38
3
1
0
5
0
0
0
0
0
0
821
1
1
5
4
0
6
3
22
0
0
97
0
130
1049
5
0
2615
32
1
2
10
11
10
0
0
1
0
100
1
3
36
0
29494
0
2
0
0
167
0
513
1
2
16
0
3
1
146
0
52
0
16
1
2
3862
0
0
10
0
0
22
0
1
7
1
39
11
27
144
100
28
0
0
0
0
0
374
1
0
0
3
662
23
1
80
0
0
2
21942
12
12
234
1
0
14
8
175
0
4
3474
0
2
153
77
8
0
0
0
3
82
9
38
10
5
35
0
0
1
13
0
0
0
0
754
3
1
5
0
0
0
0
4952
0
0
0
3
331
9
0
918
7
0
0
2
0
0
0
0
1041
0
0
11
0
2
21
0
0
81
1
45
1
460
7
651
12
1
0
54
0
0
13
0
1
0
0
8
11
1
218
0
0
0
0
0
176
0
0
3
0
0
0
140
5
20
5
0
24
1
0
23
0
0
1
0
7
0
0
0
0
1
0
13
0
0
0
0
0
0
0
0
11
1
4
0
130
0
117
1
560
4
0
12
0
0
2
0
1
0
0
2
0
67
18
0
0
0
240
1
157
18
1
8
0
1
0
1
389
0
20
0
1
0
7
0
0
0
0
0
0
0
0
9
0
0
15
9
1
0
1
0
97
2
6
2
46
28
2
73
0
1
2
0
2
21
0
0
22
6
0
0
1
3438
0
4
0
0
0
70
890
0
14
0
76
0
0
2
0
6332
0
9
9
4
11
1
1
0
900
0
254
0
0
0
2
2
1115
0
0
1
0
0
0
0
10
2
0
52
0
0
5
0
2
0
382
1
0
106
60
0
2
0
11
0
0
2
1
2
291
2
41
0
27
104
222
1
0
1
0
35
0
19
1
0
0
4
12
0
0
554
25
50
4
0
1
0
156
0
6
55
4
48
0
12
0
0
0
0
0
14
0
1
1
8
0
4
9
0
0
13
277
427
2
0
0
6
0
0
30
0
627
4
0
5
0
204
0
65
0
0
2
1
882
0
0
581
3
1
0
0
15
0
5
3
1484
0
1
3488
0
0
10
2
0
7
0
19
13
2
1
133
280
1
2
625
0
1
0
208
21
0
0
2
0
0
3
10
1
0
0
0
0
0
33
1
0
3
7
0
0
0
4
36
28
0
0
0
0
1
0
0
4
40
0
0
236
47
1
2
0
4
366
3220
6
2
0
0
95
0
1
7
747
2
32
0
0
0
96
4
210
12
557
0
1
0
58
72
147
0
158
0
1
1
26
0
0
0
694
0
118
14
0
1
9
3
1
0
3
10
87
0
0
52
0
3
1
0
616
9
1
1
0
25
112
7
999
26
0
0
1
0
1
0
3
0
0
8
9
80
153
0
15
8
2
0
0
0
0
399
0
11
0
0
12039
1
0
12
95
60
3955
0
0
82
0
5
0
14
3
45
0
91
218
0
7
0
2
967
124
6
1
1
0
2
0
1
206
24
2
0
1
0
2
3
0
0
3
0
0
0
0
1
0
97
3
0
0
255
94
19
2
233
2
2168
7
9
0
0
1
139
0
34
0
1
1225
0
0
0
281
0
0
0
0
0
694
8
340
1
1
0
0
1
0
9
2
30
1
2641
8
0
6
10
9
50
4
42
0
0
210
135
3
2
1
0
11
71
1394
0
0
0
65
11
0
0
4
0
211
0
0
4
5
0
2
6
21
2
3
0
0
0
0
0
36
1
1
28
17
3
0
4
0
1
13
0
0
0
59
2
0
920
0
3
164
23
66
0
0
0
0
0
0
72
1
0
19
51
66
3
3
0
0
4
237
0
6
1
48
0
31
1
5
0
0
114
0
38
180
0
55
3
1001
0
2
0
323
0
0
0
119
0
1
0
0
8
1
52
0
1
1054
0
18
1
30
2472
1
62
1294
9
0
695
11
8
28
116
1
0
295
0
0
0
0
0
8
1
1295
0
1
4
4
0
253
0
0
0
74
0
2
64
1037
1
0
60
11
0
11
0
1
88
0
3
0
1
0
57
0
0
3
0
2
1
66
0
1
32
1
4
0
287
35
2
0
0
0
56
0
10
6
2
1
0
15
0
12
1
0
1
18
0
3
1
0
0
0
15
5
1
0
8
11
0
6
0
0
46
65
0
0
314
0
0
1
71
2054
0
4
0
63
102
4
0
45
3
0
39
0
7
172
0
0
0
620
0
11
0
6
364
1
18
1
0
0
103
0
0
584
5
0
0
2
0
0
12
101
0
9
0
36
17
8
0
18
2
3617
0
0
0
0
0
1
0
4
0
7
3
0
92
6
0
57
1
68
2
2
708
0
17
6
0
3
2
0
5
67
3
0
1
4
5
26
0
0
0
0
0
0
1
0
0
2
0
0
2
16
96
4
104
0
6639
0
0
376
0
3
8
163
18
0
13
0
0
0
26
0
0
2
0
1572
0
0
8
7
2
4
7
0
124
7
0
0
0
61
81
5
0
13
14
407
192
0
11
0
15
26
0
1
20
12
0
0
0
0
0
0
0
0
172
77
0
220
4
0
0
0
0
116
0
2546
0
27
0
1
16
0
0
3
0
0
673
0
0
7
0
0
529
1
2
0
0
0
1
0
0
0
2
10
2
56
0
5
1
1
0
1
0
68
1
0
0
16
55
1
0
4162
7678
44
0
0
1
1
2
61
5649
2
1
0
0
2
0
0
1
0
11
13
20
0
25
0
0
0
0
0
3
1
13
1
34
0
33
302
0
0
1
9
4
0
4
1
1
1
31
1
0
464
9
328
6
158
14
0
0
16
2
1
0
28
1358
3269
27
333
0
292
2
0
0
86
0
470
20
4
0
19
0
2
1
0
0
28
5
30
12
239
0
0
9
98
53
259
30
6
0
157
421
0
16
0
0
147
0
0
0
2
86
49
356
165
0
1482
3
48
0
22
1
0
26
4
6
1
0
1
58
10
8
2
0
0
0
1
82
0
0
0
1
0
12501
3
1
1
229
0
341
0
1
0
35
0
9
0
0
1241
0
12
0
0
1
11
8
0
0
6
70
3
39
0
1
11
0
0
0
0
1
339
6
210
10
0
82
0
0
11
7
76
5
94
798
26
10088
14
0
3
16
4
8
9
0
37
7
0
11
0
32
1
2
83
0
1
6
712
4
21
0
0
4
3366
0
0
20
0
0
24
1
0
2
1
32
1592
1
216
0
32
0
5
1
5
0
0
8
34
0
1
35
6
6
81
2
21
8
1
35
587
257
94
0
12
0
1
0
1
0
1
0
24
0
0
0
0
0
159
2
0
0
0
276
42
2
158
6
2
2
1
0
169
0
1
2
0
105
306
0
1
143
251
296
0
49
10
1
105
6
44
2
105
0
5
0
0
0
1
0
0
0
3
0
0
0
0
0
3
309
5
140
1
1
8
656
6
0
43
35
1626
80
1654
3
22
0
14
135
0
0
1469
6
6408
1
1
2
0
0
0
261
151
72
0
3
3
0
1947
1248
2
0
0
1
0
30
18
1
47
1372
20
1
0
22
258
2
0
1651
0
428
275
0
2
0
4
32
2
11174
0
0
0
0
7
0
314
411
134
0
18
60
6
5
0
16
0
0
30
79
46
108
2
0
0
58
1
1
2070
47
0
1
14
0
0
0
2
0
142
28
1
0
16
7
8356
6
0
0
0
1
0
17
0
19
3
0
0
5
4
0
2
287
0
0
3
0
0
485
0
0
1
0
0
0
11
0
0
0
89
1
0
0
23
10015
0
0
3
1
7
125
0
547
3
0
3
1
1
94
2
4
0
0
0
0
1
1
2
2
0
0
0
2244
8
0
2
0
0
1
1
1
7
0
6
0
4
0
7
11
3
0
3
0
0
1
0
0
0
1
0
0
75
0
0
843
0
0
32
4
254
3
10305
2
0
0
6
8
23
0
0
0
256
0
1
0
4
1
244
3
410
0
41
0
2739
0
9
0
1
18
0
0
1
0
1
0
0
23
0
0
21
0
15
3
0
2120
31
2
5101
5
1
0
1015
36
0
1
6
23
0
36
0
0
2
3
1
0
0
0
0
0
8
36
2914
0
4
109
0
0
2
3
29
0
1
0
5
0
227
0
2
41
4294
56
3
81
226
518
0
1
1
0
0
0
1
0
4
0
0
2
0
1
6
40
0
2212
5
0
265
0
380
11
11
57
0
0
136
0
15
40
28
110
22
0
1
21
249
69
10
0
822
81
0
2
1570
0
0
1
0
0
0
46
0
0
317
10
4
1318
3
3
0
0
103
1
0
2
386
0
0
0
7
0
0
14
0
0
250
68
6398
0
24
1
1
0
0
224
0
1
58
0
653
0
0
1
5
2
0
13
0
0
0
1
1
1
0
3
9
1
0
0
0
0
1
0
1
2
27
0
0
1
0
7
31
0
1
44
6
0
31
11
2
105
399
0
4
0
61
2
50
0
0
7
3406
0
1
0
470
7
349
2
263
112
1
0
1
0
1
30
1
7
0
297
28
0
4
14
9656
0
0
98
6
0
68
0
44
1
5
43
364
0
1
0
5
0
115
11
0
1
0
13
0
0
4966
4
0
73
2
0
0
0
40
128
701
3328
16
59
186
0
87
0
158
506
3
0
4
0
0
103
785
0
19
9
1
414
1
4
6
16
146
0
1
0
1
537
8
2
0
0
16
78
0
37
0
0
30
8
1669
18
2
0
0
4
0
219
2
0
0
13
0
0
3
8
3
0
4
1
0
53
0
62
0
2
81
0
8
0
110
1
270
12
0
272
0
0
190
3
8
3
174
0
0
4
1
0
4
1
16
314
2
127
3
0
3
0
4
2
0
1
0
0
1
0
0
2
156
212
5
0
0
1
278
0
148
0
3
0
0
1
7
2
3
251
0
2
689
0
1
0
691
4471
14
0
59
0
0
3
0
0
2
52
68
69
4
10
2
0
692
55
85
2
0
6
81
0
60
23
0
9305
0
1
1738
0
2
1
6
1
2
0
0
2
0
1
3
0
1301
297
0
1
619
0
0
2
2
4
0
37
0
2
0
5
0
0
26
1681
0
1
1
22
0
0
16
0
0
1
0
0
9
415
32
53
8016
0
0
0
0
0
0
2
4
303
36
173
0
0
4
74
0
0
28
8
0
1
9
0
0
0
24
1
2
1135
5436
0
0
0
0
0
0
0
18
3
8
3
0
0
0
1
1
31
0
0
324
0
45
1251
0
112
7514
16
0
5
2
0
1878
0
188
171
0
113
0
0
1
1
40
0
0
0
0
0
0
0
0
1
1
0
0
3
0
1
0
1
357
0
182
2
914
7
1
538
410
62
0
0
0
8
266
0
2
7
5
0
2063
67
0
0
18
8
0
1
0
0
496
0
5769
0
0
3
49
6
0
2
0
0
0
2
71
52
10
3
19
16
388
4
597
0
0
2
0
1
9
7
2
0
67
0
9
0
364
2
3
39
19
0
0
0
0
2
0
0
1163
0
2
0
0
0
7534
15
1
0
74
0
0
34
1
20
7
0
438
1
1
5
0
8
4
0
88
0
92
1
0
14
2
0
0
0
2
0
10711
0
5
0
0
2
0
42
1
0
0
313
56
1
0
0
0
1115
0
0
624
0
174
3
2
0
0
0
1
0
0
0
0
0
0
7
13
1
1
276
3
0
18
0
8
0
0
49
0
0
0
197
1067
26
3
8
1
0
1
0
5
0
35
0
3
1
4
0
0
0
135
0
10
0
0
0
0
1
2
2
25
0
2
74
1095
88
833
241
0
0
1
127
2
43
0
0
0
6
6
0
8
0
0
1
133
0
18
0
2
438
0
1
1
0
1
2
394
0
2
13
6
4
0
0
0
1
194
0
27
0
62
0
0
0
0
0
194
5
0
4
374
19
7
0
3
1
0
0
265
0
0
10
14
0
86
6
0
9
26
0
1
0
0
0
0
2600
9
5
1
0
1
231
65
2
0
0
53
0
0
5
21
7
1
87
3
49
12
1
2
0
1
53
53
2
490
11
0
0
9
0
1
0
103
61
2276
5
0
18
3
1
9
0
26
11
0
1
0
0
0
1
0
0
1
0
1
0
0
28
12
0
99
8
0
1
0
1
150
0
3
11
16
32
0
0
0
0
1
0
548
2947
2
7
64
2
0
85
446
1
176
0
1
0
0
14
30
60
1
1
7
59
7
53
156
46
7
0
0
0
0
0
1
1
54
6
0
92
1
1
103
0
0
3
0
1
0
1
3
0
38
300
712
1
3
0
4
1
0
159
0
14
8
42
0
0
0
0
0
0
45
42
463
0
0
0
0
0
0
0
48
8
3
10
3
0
16
0
0
315
735
0
0
2
73
72
15
0
27
16
145
39
18
64
0
0
0
14
0
50
215
20
151
0
0
0
28
19
0
5
2
2
0
3919
64
1
0
22
24
1
622
1
4852
0
4
94
0
0
0
0
0
0
2
13
0
22
1
5
2
1
20
0
255
1
340
0
0
1
0
22
1
0
0
130
6
0
8
0
1
979
0
1
254
0
3
0
0
0
0
0
5
25
1
272
1
4922
3
1
36
18
22
0
54
0
745
74
0
2
0
48
0
0
25
31
0
1
3
3
23
8
0
52
1
37
2
3
0
21
0
0
1028
1
4563
4
0
0
21
0
40
2
110
0
12
15
0
1
1
0
121
1
2
0
5
0
34
35
19
2
56
4
36
4
0
0
5
0
0
0
47
1
0
143
121
1
232
1
1212
270
1
0
0
0
1554
0
1
44
1
10
1
1
104
2
0
106
0
0
1
0
42
12
435
23
17
0
122
0
0
1
0
22
0
1
0
6
5
14
0
18
0
1
2
0
1
0
489
0
0
48
76
2
0
0
0
13
1
0
0
27
0
0
2
25
0
1
0
197
1
0
0
14
0
2
0
13
0
0
0
0
1
52
674
0
0
0
0
4
0
3
3
0
296
1
1
19
2
0
0
1
2
1
64
1
4
28
0
5
0
0
0
0
94
0
4
2
79
267
435
36
39
24
0
0
0
19
2
292
6
5
0
7
19
0
2
0
1
37
0
0
0
0
0
0
1
0
0
1
0
0
128
52
0
1
1
0
1
71
1
24
0
23
0
1
2
0
29
0
0
0
0
0
2
6
0
0
1445
27
3
184
1
39
40
373
3
0
9417
1
0
0
1
0
14
9
8
0
46
6
0
7
1
70
5
11
8
8
0
7915
890
58
24
0
0
0
27
1
0
21
2
0
1
1
13
1
217
18
137
0
1
4
48
0
1
1
3
543
2
0
0
1199
0
2
15
0
24
3
58
0
1
0
133
0
658
0
1
0
1
61
1
12
0
0
45
3
0
5
2
6
0
261
0
0
224
1
39
12
0
3
0
0
0
20
9
2
2249
0
148
30
0
1150
2
1
0
0
1
1
9
0
0
3
94
55
1009
6
1
0
1
19
10
4
0
1
0
0
0
129
66
0
0
0
179
0
2
17
3
1
6
1
0
13
46
0
0
17
31
49
13
0
3
1
264
0
0
184
0
0
0
0
0
0
0
0
0
1
33
15
0
6
0
268
0
2
2
3
0
1
53
360
3456
0
22
0
3
1202
0
1
1
0
28
0
0
1
178
15
0
0
536
0
0
0
0
0
18
166
1
3
0
0
9
0
0
0
0
0
0
0
0
0
0
21
324
0
28
0
469
0
0
0
0
1
0
7
0
0
0
1
0
8
0
115
19
0
0
0
14
1
0
23
0
3
0
159
84
14
801
0
6335
0
604
0
0
0
0
0
0
0
1
0
2
1
4
3
9
60
0
0
12
32
0
2
4
470
41
0
1
0
1269
0
0
96
0
0
211
2
755
0
65
0
2
0
2
114
1
0
0
218
122
0
65
0
157
0
0
13
1583
1126
5
0
0
57
12
1
0
0
7
190
0
507
0
0
221
1
0
0
0
0
89
0
0
0
113
0
18
2
3
2
11
0
99
0
481
615
36
265
0
393
4
1229
32
0
2
6695
8557
0
0
0
1
0
4
0
23
0
62
17
23278
1
33
62
1
0
1
4
0
0
6226
0
2
3
1
0
0
4
0
336
8
5
2
30
1
0
0
2958
25
0
0
1
0
0
0
0
7
0
4
0
4
0
5
1
7
0
0
0
0
63
0
0
301
0
0
2
199
0
0
0
0
1
11
0
2259
4
2
0
266
5
4
0
1
0
721
0
9
52
32
1
1
0
5
0
4
8
2
0
2
0
0
1364
0
0
2
23
18
14
26
21
0
0
12
0
6
0
2
0
0
0
601
1139
2
0
0
0
0
0
0
120
2
9
2
0
0
0
615
0
35
20
0
0
0
2
5
0
9
0
2
0
582
50
0
48
14
1023
0
1
2
0
1
1
51
35
0
4
220
0
7
287
3
0
0
0
0
16
1
2
193
0
145
1888
1
0
0
0
14
2
3
0
10
1
47
0
0
0
0
0
11
0
0
172
1
1
831
2
12
0
139
0
0
0
9
0
6
0
531
0
0
4
19
2
10
0
0
0
0
24
42
6
3
0
0
0
2
70
26
7
0
0
0
0
0
34
0
151
33
0
0
1
0
115
0
3
1770
29
1439
152
4
3
0
0
582
0
0
23
7
437
1
0
10
2
3
42
0
0
21
0
1
3
0
16
0
0
1
7
2
4
0
10
54
6
945
71
0
0
1
2
0
16
31
0
485
9
12
0
0
255
0
0
0
1
27
0
4
11
70
183
0
0
68
92
0
2
1
9
0
1
26
171
1
25
1
0
0
0
4
5
0
0
2
0
96
0
2
3
879
7
0
1
1
0
1
443
36
19
0
1
0
1
9
0
9
75
1
0
0
77
1
0
3
0
0
1
0
0
61
1
0
5
1
0
1
0
0
110
424
1
41
0
1582
0
51
0
1
1
49
0
0
0
2151
3
0
1
20
0
11
1
0
0
6
159
16
6
0
11
0
213
3
1
301
0
0
0
4
2
0
89
2
0
158
2
1
0
4
277
1638
1
2
734
225
9
654
0
2
2
175
0
0
0
4
1
8
0
9
425
4
20
0
0
44
0
0
0
0
0
0
0
3
0
3213
0
1
0
51
1
227
49
10
16
96
0
0
1
0
1
0
501
0
68
0
0
0
1
0
0
4
0
5
0
96
3174
14
5
0
0
438
0
0
1
0
73
1297
574
68
0
18
0
0
1
26
0
4
0
0
0
0
0
33
6
0
54
1
0
0
0
1
0
0
256
0
0
4
1370
0
2
79
135
0
1
0
1
0
0
15
0
0
44
0
0
160
0
0
41
4
558
0
1
0
36
0
0
69
23
0
43
1
1
0
107
1
0
25
0
1
3
14
0
0
26
0
36
79
11
0
11
1
0
0
7
3
3
0
0
1
3
9
0
91
0
0
0
1
127
96
0
11
0
0
0
0
2
0
2
1
0
1
0
3151
6
38
0
0
0
3214
0
4
0
1
0
0
52
1
0
0
0
0
0
0
103
8
2
2
61
0
107
93
11
24
0
0
0
2
107
0
390
39
17
0
0
39
3
2
0
0
13
4
175
0
0
13
0
39
0
0
6
9
4
0
0
1
1
4
13
0
28
551
1
2861
26
2
1
3
3
130
0
6
2
0
0
0
0
0
0
0
0
0
0
274
0
14
2
4
0
8
2
0
0
1349
3952
37
0
3
0
2
0
0
1
3
437
0
609
0
0
0
0
0
0
64
198
1
141
609
0
25
0
6
1
5
79
86
601
1
0
1
0
12
106
0
2
0
97
0
0
0
5
84
3
0
0
5
131
0
149
2
70
6
1
368
7
279
4
2
0
0
250
219
112
0
1
44
0
0
7
1046
0
6
11
29
0
1
0
0
39
0
0
0
0
5
10
2356
0
0
0
0
1
6
0
0
0
7
9
0
0
6
11
59
4192
45
0
1
0
0
0
0
0
1105
0
1
11
1
0
0
1
6
0
0
0
2
1
1
0
0
55
0
1
1
10
0
0
315
0
0
9
0
0
1
1
0
1
7800
0
8
0
2
2
138
13
40
0
35
22
0
7
0
1
0
1201
0
0
117
88
0
0
0
0
6
2
4
2
1
2
0
17
0
79
29
0
3
0
10
0
0
16
0
9
0
52
0
0
2
0
11
13
137
0
0
1
0
1
0
0
0
58
1
0
3
1
1
12
0
27
0
0
73
0
0
0
0
0
2
2049
12
11
1
0
301
0
8
1
0
153
0
0
56
361
51
0
0
0
0
0
138
31
497
0
4
0
1
2
0
0
5
2
41
1
0
62
27
0
3
704
0
2
6
0
0
3
0
1
401
114
1
0
2
5
0
0
5
0
0
2
0
108
0
7
0
0
1
2952
42
1
40
0
0
0
0
0
0
325
2
2
9
0
10
0
0
24
1
0
25
23
1
3431
4
0
200
5
0
0
0
2
387
0
0
1
16
0
77
2
104
2
1807
0
0
0
5
6
18
1
1
3
29
1
0
0
0
137
8
0
179
330
0
261
5
2
43
3
0
5
5
0
10
820
149
1
1
0
0
26
0
1
0
0
0
30
0
0
0
1
181
0
56
0
231
0
0
1
0
1
0
145
0
0
33
58
0
0
2
14
10
1
1
0
16
14
0
5022
3
0
5
0
0
0
1
0
0
0
10
2
28
112
19
1
1
11
255
0
0
0
30
1
0
0
0
0
0
5
0
1
1
0
1
0
2170
0
43
7
0
0
0
1
0
57
1
0
1
19
0
38
0
0
0
1076
0
544
1
3
1
0
0
821
15
26
40
0
49
1513
55
1
2
703
0
0
1549
5
33
0
0
0
0
16
0
0
0
0
0
0
0
0
899
1
46
1
0
1
1
51
0
790
4
1
38
0
0
0
0
149
1
0
7478
1
49
0
287
0
0
0
2
1796
18
516
0
1837
0
2
1
36
0
0
1
4
18
0
44
0
6984
190
1
0
0
0
0
0
4
11
4
2
0
164
91
0
10
382
3
0
0
100
9
71
0
315
0
0
1488
0
56
1
8
8
1645
0
0
60
278
1
0
0
17
0
0
1
5
1
3
1
0
11
76
313
43
0
1
0
1
25
3
0
0
160
23
0
0
297
60
0
0
0
236
82
0
0
1
0
2
0
29
0
14
0
3
0
509
401
2212
2
0
4
0
0
0
0
0
0
0
18
0
0
0
0
0
0
3
0
0
83
0
2271
3
150
260
0
0
4
310
0
0
122
408
0
0
61
0
1770
1
1016
0
0
0
0
1
1
54
822
0
17
36
0
0
4
0
0
4
0
16
16
26
718
105
0
0
0
439
241
0
0
0
64
0
0
4
6
9
32
0
0
0
1
26
510
190
391
2
4
0
51
0
0
0
266
7
0
20
0
4
3
0
1476
2
0
0
1
6
0
119
7
1
559
5
50
4
0
6
3
2
1
3
49
0
0
1
1
1
1
0
1
21
0
1
87
2
2476
40
3
0
0
463
0
0
39
3
0
2
152
3
0
0
20
1
73
604
0
1
0
0
0
7
0
65
1409
0
0
0
202
16
3
237
3
1089
544
1
0
0
1
6
0
0
0
1290
0
89
0
0
4581
0
0
2
7
284
1
0
0
1
7
0
0
9
53
26
20
2054
0
5
2
1
0
0
5
2
2
0
46
93
821
0
28
1
643
0
0
12
0
2
0
4
2
0
0
2
5
1
3
0
4
0
52
352
25
14
2
1
0
30
1
4
24
0
0
10
0
0
372
0
38
1
1
0
29
3
0
0
0
0
0
0
0
0
1
0
185
47
3788
4
0
1
4
7823
0
1
38
333
32
0
0
0
0
1
2
3
2
0
37
54
0
0
0
1
9
0
1
1
1
3
0
13
30
3
13
689
60
191
0
18
2
0
704
34
0
704
290
0
368
0
0
14
99
0
14
0
0
0
1
0
1
573
13
347
1
11
0
0
92
19
1
1
1
0
1
1
2
5
0
26
0
0
0
0
7
0
48
0
4
719
209
4
2
36
11
0
0
2
3
0
152
0
75
0
30
0
3
0
728
124
6
0
0
0
0
0
4
0
0
0
2
64
716
0
24
0
0
63
0
3
7
77
42
1
10
0
0
0
1934
7
8
0
1
19
8
0
118
5
39
339
5
0
4
0
8
10
0
2
0
8
0
0
0
0
2
19
0
0
0
102
7
0
0
9
0
0
94
0
1
1
0
0
21
319
0
1
0
1
0
0
36
14
0
20
1
0
308
524
4
1
1
0
644
0
0
0
21
0
0
34
0
4
317
4
2
0
3
0
0
1
0
14
1
6
0
273
0
0
8
13
108
0
8
183
8
0
1
74
4227
0
638
121
0
2
3
13
0
98
7
0
0
4
194
43
7
0
2
2
1
1
0
4
1
0
0
0
0
3
2
22
3
28
0
81
0
0
0
586
0
34
2
117
0
919
0
1
4
0
0
6
0
1
0
2
5372
0
0
4
1664
0
13
2
95
219
278
0
0
60
7
0
56
229
1
70
0
0
0
0
1
0
0
0
0
0
379
0
64
0
0
0
2
35
0
2
4
7841
33
210
0
2
8
0
0
0
4
47
6
0
1
1
0
0
2
759
1
0
0
1
40
56
0
0
0
61
3
0
392
0
0
0
0
1
4
1
1
172
0
27
3230
351
0
0
5
22
18
28
4
55
0
7
10
180
5
25
0
0
0
72
31
0
0
0
0
0
1
1
5
183
32
15
1
0
0
2
3
2131
0
1
0
0
1
0
12
0
0
15
4
0
41
8
734
1
58
1
0
38
73
14
0
6
0
12
41
0
419
3
109
1958
0
0
0
254
3
197
7268
0
349
1
1
0
90
47
0
2
12
0
1
2
0
0
57
0
9
0
7
0
1
1
16
0
0
2
2
0
1
0
2
4
106
2
0
0
0
27
12
73
0
0
1
0
2
0
0
1
1
0
62
1179
0
0
2
0
1
0
0
0
0
0
0
1
1
0
0
63
164
1
2
15
771
0
0
599
2
1
2
0
8
105
0
22
32
1
0
2
0
1
679
1476
0
2
52
615
0
0
2404
4
1
0
0
0
0
7
1
1
10
0
0
0
0
92
0
0
0
1
1
3
0
7
1
42
0
0
1
8
26
10
0
0
0
1
2993
35
0
22
0
1
0
12
3
299
3
3
0
4
0
0
1
0
3
0
0
9330
1
0
0
0
5
0
0
187
1
24
1
1
0
0
0
0
661
94
0
1307
0
0
0
0
0
924
10
0
74
144
5
249
5
0
13
1
116
0
8
0
0
3
43
47
6
0
0
0
30
0
0
254
28
30
1
0
11
0
1
60
0
2
136
0
0
345
3
13264
0
0
3
0
1
0
20
0
0
0
14
38
0
3
0
0
1245
226
0
0
100
0
3918
2
3
12
0
0
3
1
0
1
1
0
1
21
2
0
56
0
0
473
1
0
1
2
0
12
201
0
113
12
4
15
1
193
0
0
0
7
0
0
0
0
0
0
216
0
0
422
5
761
13
0
0
0
0
3
0
1
1
1
16
1
3
1148
2
15
1
23
4
2
0
0
6
2
0
0
0
0
59
0
5905
13
0
0
2
2
838
0
4
2
334
0
0
0
106
9
0
2
0
1
0
30
22
108
56
1
0
0
0
0
0
23
0
0
0
12
66
1
0
0
0
434
0
34
2
25
0
5
0
376
46
0
0
3
7
22
0
29
4
0
6
173
1629
141
36
0
0
8
0
0
0
0
1
4163
6
5
781
1
0
0
8
0
0
0
0
0
8
1
202
3
0
1
0
2
64
40
277
25
0
0
33
0
86
44
0
0
0
9
44
4210
4
71
0
6
1
2
0
0
0
46
78
0
0
0
0
278
11
3
0
47
0
0
0
0
74
0
0
78
11
0
4
0
65
0
0
1
2
0
2
1
0
50
492
770
6
0
0
1
291
3
4
0
1
0
0
65
7
4
1
311
1302
9
0
2
1
4
1
0
197
29
1
0
1
62
0
0
2
0
0
0
0
74
27
327
0
298
0
0
0
0
19
1
0
174
81
5
33
0
241
54
0
67
2
0
3
0
15
12
0
0
0
1
0
0
22
1
0
0
0
0
0
0
2
0
39
0
1
0
1
48
10
0
0
0
6
6
0
0
0
15
0
0
0
0
4
18
0
81
0
26
0
0
325
71
27
13
1
1
0
0
10
168
0
29
0
54
90
0
0
0
1
4
0
1
1332
193
10
0
3
0
0
0
0
148
0
0
0
1
0
6
119
12
0
57
2
0
54
0
2
1
44
2
9
2
0
0
131
0
78
66
0
15
0
4
0
17
37
0
0
8
7
0
0
0
3
0
0
1
0
5
2
28
0
6
131
0
118
0
0
1154
0
20
0
12
0
0
0
0
30
25
355
23
0
0
1
423
0
26
0
374
280
0
63
19
12
17
0
7
0
0
9053
0
2
1
15
0
0
0
1
1
0
0
0
498
0
3
56
1
0
73
0
0
14
3
1
0
36
0
7
10
888
0
2
25
371
4
0
15
0
0
0
38
0
121
2
0
0
0
13
0
0
2
0
479
0
0
13
368
6
608
3
19
0
0
13
521
1
11
352
11
0
79
0
1
0
0
1830
0
0
0
0
62
17
1
0
0
0
6
116
21
3
289
0
1
0
0
1047
0
0
31
350
0
5
0
0
1
1
8
0
54
1
2
0
1
1
2
0
0
0
0
0
2
10
6
14
1
0
0
0
229
3
2
0
0
0
37
0
241
0
281
0
0
207
0
51
15
0
0
0
0
0
1
248
0
1355
0
1
0
33
1
6
18
239
0
9765
0
0
0
0
2
69
0
0
0
130
0
350
98
0
43
118
1
2
656
0
4
5
0
1
0
0
0
0
0
0
0
17
0
0
0
0
1
3
0
51
67
6
0
10
50
0
5
340
2
0
0
0
0
197
2
32
77
741
0
0
55
18
2
158
0
0
91
0
0
4
0
0
0
21
0
2455
9
22
1
0
110
62
9
579
5
0
10
0
157
0
0
0
0
0
0
4
0
1
0
2
0
0
341
15
0
20
0
2
0
1
9
2
1
0
2
0
6
0
315
492
44
1
10
4
10
0
285
8
0
5
0
0
1078
0
12
6
232
837
0
3
40
1162
0
8
1
0
0
12
43
0
242
0
25
0
0
4
2
2
0
1
0
0
0
0
38
0
0
3392
11
0
370
3
1
0
45
0
0
0
0
0
41
27
0
6
0
4
0
2
28
8
13
1
65
0
44
2
20
37
567
0
0
0
233
2
0
39
141
1
0
0
7
22
1
1
68
0
3
0
1
0
133
19
79
1
0
1
0
19
0
2216
0
0
0
0
1579
0
32
0
3
1
0
0
0
2
1
10
4
0
0
141
4
0
889
5273
0
14
3
3267
1
0
2
3
7
0
98
2
2
36
295
0
345
3
1
1
1
0
78
1
3
0
4
0
0
0
19
4
3
8
10
0
339
15
1
31
1785
337
5
0
0
66
5
0
0
0
0
0
0
66
2
0
1193
0
10
0
178
50
0
67
1
50
2
0
1
0
1
0
28
0
6
17
16
5906
0
152
0
5
103
1
217
0
0
2615
1
1
109
0
0
0
0
7071
8
1
246
0
8
1
3
0
0
0
0
1
1055
0
7
2
0
0
0
0
0
0
45
0
0
608
18
1
1
1
2
33
19
217
52
0
45
0
5
1
4
1
7
0
0
0
4
4811
123
0
317
2
8
34
0
0
15
4
0
0
4
0
0
0
20
0
25
0
0
249
0
1
12
80
5
1
0
10
0
4
0
5
8
0
661
1
12
972
34
64
1
0
3
0
6
0
0
5
7
13
11
0
0
17
0
2
0
1
26
0
2
0
36
0
2
0
1
0
3
0
0
0
23
0
0
68
0
1
41
795
1
0
1348
0
0
87
0
2
4
1
24
147
4
4
2
10
0
0
23
0
0
0
263
34
0
43
0
0
3
74
3
11
115
0
31
0
113
1
1
2
12
4
13
0
2
0
794
0
0
2
0
0
0
0
385
99
4
348
0
1
52
1651
4
32
11
1
0
1043
1
0
0
3
0
44
0
14
1
0
0
3244
0
0
75
2
24
12
11
0
0
0
0
0
32
0
2778
0
0
0
0
0
0
0
1
0
209
3
2
0
2
3789
0
0
0
336
94
0
146
39
0
6
0
0
0
4
0
0
0
4
0
0
2701
0
99
0
3
1
1
264
159
0
407
0
2
0
16
0
0
19
54
114
10
1
5
3
4
0
2
366
8
58
0
11
0
0
7
1
0
8
7
0
9
1
0
0
500
2
0
0
0
0
0
9
1
2
32
10
0
0
5
2
0
22583
85
0
1
1
0
0
0
43
0
0
0
453
1
0
0
0
164
0
177
6862
0
1
4
0
543
3
0
0
242
5
3
0
77
0
0
0
0
0
0
0
1
1
0
0
359
56
0
75
23
3
135
0
0
2
23
0
1
10
0
1
0
160
3
22
591
1
63
242
0
1
2
4
0
0
2
1
1
3
0
0
4
0
0
1
103
0
3
0
5
17
28
1
0
3
6
0
1
0
43
0
0
1
0
378
4
153
0
0
1035
7
47
6
0
0
0
0
97
71
38
0
17
3
0
597
0
19
0
19599
0
0
0
4
1
140
0
0
0
7
942
105
0
0
0
0
0
0
0
36
0
0
1
80
2
3
16
0
7
0
0
0
770
0
0
0
3
78
2
4
3
13
6937
0
0
9
4
2
8
0
411
1
22
6
0
2
0
0
0
631
0
3
0
9
5
0
1
79
0
15
4
0
0
1
1
745
9
0
5
1
0
0
5
0
0
1
0
3
40
0
2
11
3
455
0
0
0
0
1
0
98
0
1
0
1
2
132
0
3
0
15
0
2
3
60
0
0
5
1
1
1051
147
0
0
0
1
0
1
66
0
1
0
2814
0
317
139
1
96
10
0
772
779
6
0
1
0
1
0
24
44
4
31
9
6
0
0
9
493
1
167
1
0
0
233
16
1
3
0
1
7
2
197
0
0
0
3
320
82
0
8
6
63
26
43
0
2
0
0
0
146
0
0
0
0
0
0
224
11
0
64
0
3
2
3
31
0
0
2
0
10
67
59
0
6
312
142
0
0
0
2
0
2
3
0
9
9177
0
0
0
1
0
0
0
10
2
28
0
355
7
0
0
7
0
0
3
3
0
6
69
48
0
1
0
0
2
1
0
0
0
3
0
0
218
1
669
0
2275
0
0
0
25
0
0
0
0
86
0
0
2
47
0
0
2
3
0
260
0
0
8
3
0
58
1
3
2
0
0
2
0
1
7
0
0
150
0
0
0
7
14
2
0
1
0
0
0
0
0
0
0
0
0
0
2
0
1
53
17
1
0
0
10
2
18
21
1
54
109
0
150
0
0
0
0
84
1314
0
6
7
6
0
53
0
37
66
0
0
1
4
9
1
0
19
10
0
2
0
23
328
0
0
7
0
1
4
6
0
15
7
0
0
341
3
1615
0
1
0
0
18
220
11
63
379
165
94
0
11
12
6
4
20
1
0
62
6
0
4
8
14
1
45
63
0
0
4
0
29
11
234
0
0
0
1
1
0
0
6
2528
0
555
0
0
80
0
2
3
3
0
0
0
0
0
1
0
0
6
274
4
5
0
0
0
17
9
109
217
0
34
0
1356
0
1
108
3
0
0
0
2
4
1
32
85
0
3
1
44
0
0
4
0
14
221
103
0
0
8
145
0
0
1
26
2515
0
5
0
656
1
145
1
0
0
0
1625
1
13
2429
25
0
0
1
0
0
1
5
0
0
1
0
29
0
70
10
5
0
0
11
10
1
0
12
1
68
0
17
6
12
15
0
11
0
0
683
1
17
0
3
0
0
0
290
84
648
0
0
0
0
3
0
64
8
1
0
0
1
4
1
12
0
0
0
0
8
43
3
2
56
35
72
0
0
69
0
3
459
13
84
0
0
14238
0
2
0
0
0
0
38
284
1
2
1513
0
0
829
1
1947
1
1
4
3
127
0
0
0
0
19
1
1
1
0
2
1
850
163
2
5
0
0
5
0
1
0
0
648
161
15
0
433
0
0
0
16
0
21
0
83
4
1
1
0
4
0
0
102
9
21
0
1
0
0
3
0
0
234
6
6103
7
20
2
0
39
2008
185
0
16
0
0
0
153
7
0
1
0
1
38
0
0
0
8026
12
666
9
0
5
2
0
265
0
1
5
0
0
0
0
0
0
8
3
211
27
1279
0
0
0
0
65
108
0
0
26
7
1
16
0
7
1
1
1
0
156
0
2
2
0
0
0
1
1
8
160
0
1
42
366
7
1
0
2
9
781
1
0
0
1
3
1179
9
1
0
12
15
2
1
4
2
62
1315
13
137
25
0
13
584
4
324
48
0
2552
7
0
1
15
0
1
10
0
442
0
19
0
1
115
0
8
148
0
3
3
21
17
7
66
0
353
2
54
1
0
0
0
0
34
0
0
0
0
0
169
2
0
1
329
1
0
3
1
60
26
0
0
2
10
1
10
0
1
0
0
337
0
280
10
0
0
0
15723
0
35
111
2
5
0
3
0
14
0
1
0
0
0
85
6
4
40
4
14
0
0
9
16
110
580
1
15
0
41
0
2
101
0
0
0
0
0
1
13
5
97
7
29
12
0
0
0
13
190
3
869
0
0
4
0
0
2
0
0
9
5025
0
324
2
23
9
30
26
1
9
0
636
0
0
251
0
39
3
4
11
3
351
16
0
1
0
1
2
1
0
0
2
9
25
40
0
0
300
45
0
2
5
1
0
0
18
2
0
24
0
0
0
62
0
0
173
123
0
75
3
7
0
28
2
95
0
1
0
8
0
0
1347
0
71
0
13
1
0
0
0
86
0
0
0
145
97
0
0
35
0
212
4621
113
15
7
0
39
62
1
0
14
0
1034
0
2
2
0
1
4
28
2
0
13
0
0
1
727
0
4126
368
0
0
18
6
363
0
10
2
0
0
170
177
4
3
0
5
0
1
62
5
1
1
0
1
0
0
0
365
0
0
0
0
0
0
0
8
0
2
3
0
0
1
0
5
6
223
0
0
0
0
3
3
79
1
62
1
0
0
105
0
1
47
0
47
47
0
14
0
0
0
0
0
6
0
37
166
57
0
0
0
0
171
1
9
0
1
0
5
1
0
2
264
0
285
2
0
0
0
799
0
64
87
70
9
0
0
4
150
54
0
0
0
0
1583
2
19
0
0
34
0
113
0
13
3
6
0
4
43
12
54
9
2
1
46
0
18
0
0
0
11
0
34
1
0
0
59
53
0
5
0
0
0
2
2
1
0
175
0
19
0
0
40
0
0
0
1
0
8
0
0
0
208
0
0
0
1
43
0
12
0
1
280
1
0
0
0
0
1
0
0
0
152
14
26
3
1
7
6
99
202
0
0
3
1
0
15
0
0
0
0
0
0
0
144
0
0
175
0
539
2
0
0
193
0
0
0
1
0
18
29
0
574
368
12
0
4
0
0
3
12
0
74
0
0
6
3
4
224
4
0
0
1
228
75
185
15
122
0
2
0
15
727
0
0
29
107
1
3
11
28
0
1
0
3238
19
0
6
5
0
32
0
220
0
419
1431
0
1
1
96
0
36
0
2
2
0
2
3
0
10035
8
0
5
0
0
100
1
0
2705
0
0
0
1243
73
0
25
0
516
0
8
1
13
229
5
0
0
51
5
0
0
0
48
16
1
0
1
7119
0
2
0
112
2761
0
0
0
527
0
20
0
1
55
0
0
17
1
2059
0
0
1
0
51
0
0
95
2
0
0
0
77
0
0
5
0
0
1
1
0
0
0
8
198
0
3
0
0
7
4
4
94
13
1
1
25
6
0
0
4
2
0
0
30
0
225
0
0
0
0
73
0
0
1
1
849
71
0
6
0
0
1
3
0
5
18
0
712
18
0
0
13
177
2
10
44
8
13
6
15
0
0
1
0
79
0
1
0
0
0
0
1
178
0
3
15
0
0
0
4
0
0
88
3
3
0
14
969
0
1
1
16
7
122
2
31
27
1
0
0
0
173
3
0
10218
2
0
0
0
0
0
1
0
17
5
1
0
0
1
12
0
31
4
1
0
854
18
0
0
0
17
0
772
0
16
22
0
1820
0
1
42
103
0
0
0
0
5790
0
2
25
0
5
0
4
2
1
434
0
36
100
0
4
0
15
6
0
1
0
5
0
1403
31
1
797
0
17
0
270
4979
1
6
0
5
62
0
0
11
10
0
13
23
0
0
0
408
0
9
0
0
1
0
12
0
19
0
6
14
0
1
0
17
1
3
0
23
0
0
0
3
7
1
0
3
0
2122
8
0
1
61
52
5
0
2
0
1228
5
135
0
0
0
0
0
473
13
51
14
30
2
3
0
6
2
0
20
53
0
0
0
0
178
0
0
0
7
0
1865
0
200
0
21
0
2
0
113
0
19
137
1
0
2
0
42
0
1
3
0
42
1
0
1
6
0
0
54
1
3258
17
0
0
39
0
10
0
0
2
11
12
2
1278
4
0
3
0
5
0
0
0
0
33
21
0
16
0
9
2
1
0
0
774
0
5
551
1
0
0
1
0
17
0
0
6
58
1
1
0
286
1
103
0
2
5
487
9
6
0
13
0
1
196
0
0
9
0
0
14
2
2
1
3
14
31
59
271
19
2
0
0
1
0
7
1
2
2
0
0
0
0
0
0
3
93
0
191
4
8
2202
0
0
2
28
8
0
12672
1
0
11
0
0
0
4
0
0
0
0
11
0
0
37
7
44
288
0
34
0
13
0
26
1
0
2
0
1
0
0
0
90
0
45
0
1
4
0
0
0
0
0
2
1
82
0
21
7
0
0
0
1
0
2454
891
0
0
28
0
0
8
0
1
0
0
0
0
3
0
117
122
3
1
0
0
0
217
0
1105
1
20
7
1
0
1
0
3
41
0
64
0
0
725
0
1305
6
0
0
4
0
3
8
180
0
383
0
0
0
3
2
13
527
36
0
0
0
2
0
14
106
206
0
233
6
0
0
16
0
273
0
2
5
15
1
0
5
50
1
36
1
73
31
136
15
8
5
0
1
8
1
0
1
0
0
0
0
5
0
1959
1
7564
0
3
0
2
0
180
0
22777
16
380
4
0
0
58
0
0
51
936
0
0
346
1
27
0
0
0
1
58
14
247
3
1
2
0
0
0
2
0
3
0
0
47
2
0
0
3
953
0
13
4
330
4
0
2
0
0
1432
0
108
7
277
65
207
166
7
18
0
2
0
4
54
1
4
1
0
14
0
0
0
3
109
4
1966
2256
0
5
2
5
1
0
0
0
1
0
0
0
9635
176
1
72
1
0
24
0
1
4
0
0
1
0
0
7
0
0
1
1
1
1
8
188
41
0
2
375
0
0
11
16
29
0
1
1198
2
3815
1
2357
2747
11
4
161
0
0
0
0
7
2
1
6
46
4936
0
2
0
703
3
0
0
95
0
0
71
3
0
0
3
0
1
45
0
218
11
0
0
1
3
3
0
3
142
5
0
0
1
0
2
0
0
20
141
0
0
1
5
0
1
0
251
8
3
23
30
0
0
5
0
21
278
2
3
238
2927
10424
851
54
2
0
1
0
0
2048
6
0
0
316
6
0
2
0
6
14
3
11
0
0
233
0
13
6
2
2
0
43
0
0
0
0
5
0
0
0
2
2
185
3
0
0
2
146
478
18
0
5
707
95
11
16
8
22
0
5
1
0
1
0
14
0
14
0
7
7
8
0
26
0
0
0
0
0
87
0
96
0
2
0
0
0
58
3
1
0
0
13
0
1637
52
2
0
44
0
0
0
3
6
0
359
0
0
41
3
0
19
0
0
25
1640
2641
1
5
2672
0
0
0
0
1
18
2
1
0
3
885
1
0
32
26
0
0
0
1
804
0
0
5
2
0
60
0
0
0
3
2
0
3
0
0
1
0
1893
0
0
0
8
26
88
0
0
3
7
0
0
397
16
0
1
12
0
0
280
0
3
0
6
153
0
168
2
0
0
0
4112
76
0
1
603
0
15
0
3
0
0
59
0
6
0
410
5
5
8
0
0
0
2
0
346
0
0
24
0
2
14
0
0
20
0
0
1
0
0
1
0
0
0
0
3
2
15
16
0
7
0
0
3
9
2
0
0
0
0
10
5
3
0
0
477
57
0
2417
0
2
215
539
1
218
0
1
0
3
1
0
1
193
24
0
0
0
1
0
0
0
0
0
3
1
0
0
2
0
3
7
2
9
4563
0
0
13
18
0
0
196
1
0
1
1
34
2
1
17
217
0
261
0
0
0
0
150
0
13
0
1
0
0
21
84
9
863
1
1
6
0
14
8
1
5
59
0
0
1
3
1
0
19
0
0
0
0
6
5
0
0
58
0
40
0
0
30
1
0
6
2
0
218
2
41
7
13
127
0
3
249
0
10
0
0
0
0
8
107
0
0
0
0
0
6
262
0
0
9
1
0
1
70
13
0
104
0
1
2118
2
148
0
0
11
15
516
0
1
0
29
21
3
12
0
90
925
4
27
0
2
228
93
2
637
4
775
0
10
0
2
0
5
0
3
12
27
0
0
2
302
0
0
0
400
1
0
3
4
43
0
294
3384
0
0
0
0
4
40
6
0
13
8
1
229
20
0
22
0
0
7
6
0
1765
12
0
0
1
1
0
0
0
178
0
7
853
11
1
1
0
1
67
0
0
2
0
23
6109
9
21
0
0
3
9
251
14
9
12
0
2
0
1
0
2
3
0
463
0
0
0
0
1
0
23
375
1
0
0
3
9
131
0
4054
0
10
2
1
1687
5
0
31
0
10
1
0
291
1
86
1
96
97
0
53
1
2
0
0
357
0
67
0
1
0
122
21
1351
0
0
0
0
0
0
6
1
0
5
205
1
1
2
56
0
1
82
0
1
58
0
0
4
2
4
40
0
0
0
3
0
0
131
0
3
185
23
1
0
11
0
48
0
243
32
0
0
2
0
0
12
2
0
5
0
0
99
35
0
0
0
2
50
3369
17
498
0
0
23
0
0
0
0
1
1
10
145
0
0
128
0
74
0
0
0
1
3
2
5
0
1
0
0
3
17
1
38
18
0
363
21
237
73
8
31
0
0
5
0
0
0
0
1
6
13
0
0
84
2
0
6
2
0
2
28
0
0
0
7
0
0
7
0
167
0
11
0
3949
10
0
0
0
873
3250
1
0
0
13
0
265
0
0
0
1
1
0
0
3
0
0
1
3
0
270
0
0
11
7
455
2
198
2
2
0
41
0
0
2
20
1
0
0
0
3
0
182
0
847
39
0
0
0
220
337
0
1
0
46
4
0
0
0
0
1
0
6
0
6
0
0
0
0
0
6
0
0
21
1
2
0
0
11
1
1
2
1
0
0
0
0
0
0
0
3
27
3
4
0
66
0
1
0
2
2
0
0
1
0
0
1
0
2
0
0
13
14
15
0
0
487
0
0
8
0
0
24
2
0
73
31
94
1
0
0
1
111
0
1
0
21
262
12
0
2
2
0
0
0
0
5
9
3
0
524
2
313
0
6
0
153
0
0
0
44
0
0
0
0
0
0
67
1548
1
0
0
2
2
0
837
1
9
21
0
16
0
3
2
0
0
228
121
31
13
0
573
60
29
0
3
0
34
3
4360
0
0
0
1
4
96
6
56
0
1
0
1
11
20
0
62
0
1
0
0
0
0
0
52
0
0
0
0
3
0
1
0
0
0
0
0
15
179
0
0
3
13
81
1
0
0
0
0
2
0
2
27
1
0
1
0
1
246
0
0
0
0
311
234
47
0
0
1
0
4
1
3
0
0
2
19
903
0
0
0
9
4
3
0
2
0
0
11
0
1
0
88
0
50
3
5
0
0
0
0
160
0
0
95
33
0
73
0
3
0
0
0
0
0
30
8
41
0
0
5
0
0
58
0
33
2
0
0
0
26
33
0
0
0
4
0
0
23
0
0
0
7
346
1982
21
0
31
3
0
0
0
2
0
0
0
4
6
0
1
0
2
746
59
0
24
3
0
0
0
0
0
0
0
0
0
0
0
0
8
0
0
1832
0
1
0
0
514
0
1
0
1
0
7
0
0
0
196
0
1
0
0
0
0
32
2
1
1
31
614
0
0
0
177
1
268
8
0
1
0
1
0
1281
2
0
0
5
6
0
0
13
0
2
32
0
4
0
0
0
0
8
0
0
9
0
0
0
26
0
1
104
4
388
0
1
274
84
1
2818
14
28
1
10
0
1
0
23
0
30
403
2
8
0
0
59
5
93
1
0
0
5
0
0
0
0
1
10605
142
60
0
0
0
99
1
7
0
0
14
13
0
0
152
0
2
11
0
11
2741
3
1
0
54
0
0
0
2
0
29
7
0
1
91
0
3
24
2209
2
4
9
54
4
0
2
0
0
176
0
0
0
0
1
0
22
1
4
0
0
257
1
6
18
0
26
0
1
14
2
0
1831
1
1
4
0
2716
0
14
0
14
0
0
0
0
706
0
245
40
0
1630
146
6
0
6
1
356
0
0
387
0
4
930
2
0
0
0
8
0
0
0
0
2
0
1
0
746
0
99
2
0
20
0
1
4
0
0
821
0
0
156
219
10
1
331
0
0
2
0
0
0
0
1
0
0
0
0
1
173
12
0
2
754
10
5
1
338
260
8
0
6
2
1
5
4
1
0
0
3
0
12
83
144
73
0
1097
4461
25
0
4
0
0
1
0
11
4
0
1
3245
44
2
0
32
0
3
0
1
0
2
1
0
1
0
0
0
11
85
0
4
0
0
0
2060
1
3
0
14
45
0
5
0
140
8
3
0
1
513
16
0
2
6512
0
78
0
7
1
13
0
2
2
0
3
0
263
366
125
4
1
0
6
67
0
31
0
2
3
20
0
2
0
0
0
5
1
2
80
5
52
0
0
11
0
10
0
0
73
36
3
0
1
2
181
22
3
1
2
0
0
0
0
0
0
0
237
0
0
0
14
0
0
1
0
143
1
102
12
1
0
103
813
0
2
0
2
0
0
0
1
0
0
10
1
3
0
0
0
0
0
0
0
0
126
2625
2
1
0
0
0
0
0
4
0
521
0
0
239
8
4
1
0
0
26
635
959
0
1
82
41
21
822
6
10
0
3
0
0
267
0
5
0
0
1
1432
17
0
979
2
0
0
1
4
506
1
0
1
0
15
817
1
0
3
5404
409
5
0
397
1
0
0
0
14
0
0
570
21
74
0
233
1
133
2
13
1
12
0
4
135
42
0
0
5
0
2
45
0
0
12
1
8
0
2
7
2
45
12
104
0
61
0
3
0
0
0
0
4
3
0
0
7
0
0
2
13
0
0
5
0
0
0
2056
112
0
10
2
0
0
0
0
249
13
1
0
0
0
139
803
129
77
1812
12
1
1
0
0
22
3
361
4
1
0
0
0
0
377
0
6
2
0
1
0
0
0
0
8
1
0
0
0
14
2
0
0
1
3
1724
1
63
0
11
0
22
0
1
28
0
0
0
0
39
4
0
0
25
2
1
0
1
0
134
15
0
0
179
8
5
0
0
0
0
31
3
0
175
0
0
0
128
38
6
127
5
7
3
0
1
0
0
0
0
0
0
635
1
2
21
0
0
1
218
5
0
0
2844
0
1
810
2
0
0
0
0
8
9
0
0
0
8
42
1
0
0
0
2
71
3
10
0
2
0
0
15
1
4
6
1
1
179
1
0
40
8
0
146
9
0
15
0
1
0
89
21
1
8
5
0
0
0
14
1
0
0
0
9
0
11
0
0
6
2
5355
2
2
0
31
0
0
0
0
0
0
0
0
124
0
0
0
85
29
22
0
0
2
0
3
544
1
5
0
0
0
0
2554
0
0
0
28
0
161
1
7
0
0
1490
42
10
0
94
3
0
0
0
2553
0
0
1
0
0
0
0
38
5
0
0
1
2
0
5
0
51
7
0
0
12
2
5710
1
4
2344
0
1
0
0
0
62
9
0
137
4
3
26
37
0
57
518
0
0
104
0
5
0
9
0
232
0
4
1
1
3851
14
305
4
0
0
1772
1
0
2
0
62
154
23
0
6
170
1
1
1
0
3
13
133
0
10
6
6
0
0
0
17
78
0
6
0
0
2
66
1
1251
0
0
298
1
4
0
0
1
133
10
3
0
1
0
1
1
12
0
10
286
0
4
48
0
2
4
0
254
5
0
0
39
0
1
0
8
3
0
2
0
1
2
0
0
2550
8
81
0
8
971
0
0
0
0
5
1
0
0
352
0
0
14
1
5
145
134
1
1
35
689
3
0
0
0
34
0
0
0
0
11
3
39
0
4
0
31
36
1
5
0
1
9
0
0
0
0
1
0
4
353
1
0
1906
0
0
1
5
0
74
4
0
0
0
2
32
22
0
0
46
0
51
2
0
0
2
0
0
1
0
2
1
552
0
4
284
0
29
0
0
0
0
0
0
0
7
157
28
463
0
3
18
20
0
18
1
1
0
0
32
4
0
0
63
2
0
19
1
0
0
409
3
4793
0
2
0
0
2
1
0
61
2
94
7
12
0
12
3
0
16
3
181
5
0
2
208
544
10
8
0
0
0
0
21
1850
0
0
2
0
1
0
9
70
0
0
0
1
51
0
0
0
0
1
0
26
35
27
2
152
0
2
12
0
4
6
0
0
1
123
0
0
15
0
6
61
0
0
44
241
0
4
1
0
14
0
0
711
0
0
37
16
194
87
7
0
0
215
14
0
0
12
0
1407
0
58
89
5
135
0
21
6
0
1
0
0
0
0
2
188
0
1
2
0
11
1
2
0
0
10
25
0
0
0
408
0
186
36
7
152
0
0
0
1
0
1
9
0
0
0
0
0
3
4
1971
0
0
0
50
72
0
1
1
4
0
0
34
0
0
0
3
0
1
51
2
9
0
6
0
0
1
0
1
0
1
231
0
2
1
239
97
5
0
0
0
5
1
1449
4
0
18
7
0
348
0
0
9
0
1
0
6
32
0
0
0
0
0
6
92
0
0
0
0
3
1
2
10
0
0
17
19
35
180
7
1
0
0
0
0
186
3513
3
0
1
0
0
0
0
0
0
0
15
1
12
336
0
0
0
5
1
0
0
0
0
0
1161
0
34
0
10
483
0
0
105
9
0
26
5
118
7
920
0
6
5
0
6
0
1
0
16
3
1
343
0
0
0
24
0
2
841
1
0
118
2062
3
0
0
1
0
0
0
81
1
832
13
1
0
0
0
1
0
8
1229
1
159
0
0
0
1
3
58
3
0
0
15
0
16
1
2320
11
1
2
3
0
0
0
5
6
0
1
9
19
40
11
4
0
0
0
0
12
374
4
0
2
8
3
3
5
0
42
9
14
0
0
3
0
44
0
8
0
0
1
0
18
20
0
0
0
0
2706
0
0
2
0
0
853
0
0
14
3
0
107
0
25
80
23
5
62
0
10
1
0
0
0
10
0
3
201
7
0
8
0
3
4
96
14
0
0
13
0
99
10
2
0
6628
0
1
0
24
104
211
1
2
46
0
32
0
16
26
2
34
0
0
0
0
0
65
0
0
1
0
2
0
0
0
0
1143
150
0
100
0
0
1
0
0
1
0
0
1
4
9
1
3
0
0
0
0
0
2359
4
169
1
23
0
0
31
4
0
0
0
0
88
0
216
1
5
0
0
6
4863
0
39
3
361
0
149
0
0
13
1
229
191
0
1410
0
3
77
13
0
1
1
99
0
0
1335
1
0
0
1
0
0
168
493
3
51
0
1
92
0
1
0
0
2
1
1
1557
149
46
1
0
15
0
14
0
0
0
0
337
6
75
0
12
309
0
79
395
1
3
75
1
0
0
9
5
1
0
2
0
0
0
8
6
1
338
254
21
22
28
370
0
1
17
0
0
9
1
0
0
6
16
7
0
0
0
1
5
0
0
0
0
215
1
14
1
0
23
46
0
3
0
0
206
0
391
37
2
124
2220
23
25
3
14
0
1
67
232
0
0
0
23
442
5133
0
15
0
20
2
0
5
1
0
2768
8
39
0
15
0
0
1
0
0
0
0
38
2
0
20
0
14
13
30
10
0
7
5
0
5
8
6
0
4
4
1
0
1
18
1398
929
2
0
0
337
1
3
0
0
35
0
0
4258
0
1
0
0
0
0
0
0
12
0
7
0
11
0
6716
2
1
5
2
23
0
9
0
0
5
3
1
1
0
0
0
9
0
1
0
0
1
0
0
1
0
1
0
0
0
1
0
0
0
0
0
0
57
0
0
0
0
2
5
2
81
19
1
718
0
0
86
2
0
0
0
475
39
3
5255
0
0
180
1
0
6
756
20
6
1743
6
0
2
1
0
0
1
0
0
7
58
0
0
110
7
0
5
0
0
10
10
1
17
0
10
0
0
7
0
0
1
0
0
2
45
0
17
16
1
0
1
1
1
0
0
5
0
41
0
0
3
917
367
1
0
286
8
5
0
5
15
0
0
0
32
0
2
19
4
11
1
0
0
0
1
4
20
0
27
0
173
1
0
863
22
0
0
0
1
0
0
0
3
3
2
1
0
0
2
0
1
0
26
0
6
1
109
0
0
14
2
27
0
0
98
7142
63
39
50
0
467
1
1
0
95
4006
661
214
0
0
0
0
1
51
0
0
0
3
0
7
23
3
0
0
9
0
543
1
0
12
735
654
10
0
0
187
8
1
2914
52
5
88
0
0
0
1
0
0
2683
30
512
0
1
0
0
10
1
15
9
16
0
15
0
1
15
252
0
3
372
0
0
5469
10
0
1339
2
1
6
0
1
0
2
0
2212
4
0
21
715
1
0
5
0
12
28
58
0
0
16
1
1
0
0
22288
0
1
215
125
0
0
3
0
212
7
15
39
0
9
327
1
2
9
0
0
180
0
0
0
139
6208
72
4
1
2
0
0
47
0
5
75
1716
0
3
0
15
0
1
0
0
0
4
14
0
3
4
3
356
0
3
35
28
0
0
0
0
0
2
0
1
0
0
1
0
367
1
2
1
0
0
1
0
0
0
6
3
13
0
0
0
0
0
1
7
5276
1
61
686
0
10
1
0
73
1
0
0
0
0
1
0
0
0
0
2
0
8
185
0
87
2
444
212
2
0
9
2759
0
0
0
50
215
2
0
1
1011
1
64
10
3
0
0
217
0
1
1
0
0
0
3
0
0
0
0
95
16
0
0
49
3
11
0
1
20
0
148
796
1
0
0
0
0
2
0
5
0
0
0
5
164
5
0
994
1
7
3
1
2
0
5
50
0
4
0
156
0
1
2
0
0
0
0
79
0
18
20
4
33
3
0
0
0
1
8
28
0
1
0
0
0
1690
2
171
694
0
0
157
1
2
0
1259
0
36
2
2
0
131
0
0
5
66
0
21
0
597
78
0
5
0
266
88
0
0
1
7
8
0
0
1
3
0
13
0
76
1
63
1
40
0
37
0
342
0
1
1
0
23
137
0
82
658
1
83
6
104
61
3856
602
0
0
95
0
0
0
50
0
4
12
3
565
2
4
1
0
5
3
6
5
2
363
0
2
0
1
49
0
0
13
292
0
4
1
48
1
2
636
733
4
254
23
6
1
0
7
485
0
174
0
0
0
0
0
2
7578
0
0
32
0
0
126
3
5
395
0
1
1
3
0
0
0
934
9
7
0
4
0
0
0
1
1
0
74
0
1
21
0
5
1
0
2
0
1
0
0
0
0
256
10
3
0
397
0
0
0
0
2
2
0
1
0
57
2
0
0
0
151
0
3
1
0
47
0
0
1
0
874
0
49
17
50
0
0
0
1
0
7
3350
0
1
0
0
0
0
0
0
5
0
14
95
3
4
0
0
189
14
41
5687
0
0
0
0
114
0
0
0
46
0
181
0
47
0
1
0
349
0
0
94
2
14
2
441
1
1
1
0
0
0
8
26
872
4
0
0
0
5
5699
0
43
0
4785
3
0
8
0
0
1
53
0
0
60
1
2
1
66
150
0
23
1
2
246
0
0
0
0
38
0
112
2
0
98
0
18
0
254
0
9
397
144
0
0
0
0
0
14
0
21
0
2
2
34
4
127
0
63
2
12
21
9
0
0
11
78
1
4221
6
0
9
0
1
1
1
0
20
0
34
0
3
0
375
149
40
0
0
0
1
2
0
0
1
51
0
1
830
522
1
469
1
2
85
0
97
5
1
282
3
1
0
0
4
279
17
0
368
0
187
6
1395
1
3
12
12
0
9
0
24
6
0
46
3
11
28
0
5
0
5
0
2
0
0
2
0
257
0
3
8
22
3
0
0
0
0
0
83
1
0
25
310
0
0
2
0
25
0
0
0
70
403
0
0
0
0
697
26
0
0
85
1
74
35
85
16
0
1379
27
6
18
4
0
0
2
9
52
0
0
0
255
0
0
18
19
0
1815
1661
2
1
0
0
13
210
1
23
1
5
3
1
0
2
0
0
1
1
1
1
0
5
0
2
0
0
1
0
8
22
0
3
1
0
0
2
0
0
0
49
4
0
0
0
0
0
27
0
3
2447
0
0
48
0
47
2
1
438
0
0
1
121
1
0
0
2
0
2
0
9
0
0
0
3983
0
0
0
12
294
9
5358
3259
14
2
11
0
0
1
7
0
2
0
110
0
0
69
0
0
0
26
0
0
13
1
0
3
1
2
0
0
0
3
0
20
25
0
1
0
25
2
17
8
7
0
0
0
4
0
4
36
0
0
1
118
314
48
0
2
5
0
224
0
0
0
0
19
8
51
23
1
0
5
0
10
104
1028
1
5
1
56
0
24
0
3
34
1040
3454
0
289
33
0
49
1
0
0
0
187
1
45
0
700
0
9
4
82
1
0
330
0
1
3
0
17
11
0
7
0
0
0
14
2317
12319
0
0
39
529
5
2
1457
1363
0
1
12
58
0
5
0
161
0
0
7
0
17
7
0
0
28
0
0
0
1
12
2
0
214
0
4
1
20
0
0
1
0
10
1
10
0
0
0
0
0
0
0
0
5
0
1715
0
39
150
0
139
1
40
0
0
14
0
13
2
2
2
58
3731
309
263
6
6
4
184
2195
1
0
679
0
1
0
1
14
39
1
0
8
0
0
0
76
0
3
0
0
49
10
0
38
9
9
4
0
0
13
15
0
13
0
0
0
857
0
0
0
0
35
2776
4
1
108
127
0
79
0
0
43
8
0
1
158
9
18
427
81
25
9
22
11193
0
0
3
22
156
0
16
0
9
0
0
0
0
6
0
0
0
0
0
135
0
3
1
0
96
0
0
0
0
0
170
0
0
1
12
1
0
0
84
17
45
0
8
0
0
1
171
9
23591
0
0
0
0
0
0
13
0
0
2
0
0
146
378
0
0
14
1200
5
3
0
20
0
0
13
1134
20
122
193
0
10
29
0
0
1
0
14
260
6
1
1
13
1
0
3
0
72
19
3
8
0
0
312
0
58
0
0
636
0
0
5
3
62
10
0
0
0
6
0
9
0
0
0
28
0
208
16
12
0
2680
285
0
0
0
0
0
0
113
11
0
0
3152
13
0
0
32
0
0
12
0
9
0
3
790
1
17
0
3
0
1
0
0
0
0
0
72
0
175
42
1209
96
3182
0
83
4337
0
0
26
0
0
0
0
0
0
11149
9
63
2
0
4
8328
2
44
0
1
0
0
0
0
5
7
0
0
1
1
4
69
1
0
19
0
21
0
19
0
3
4
1
0
0
2
0
0
68
95
15
0
0
0
0
168
0
1
6
0
0
1613
8
20
24
1
0
3
0
0
759
224
4
3
0
3
1
0
1
140
0
2
0
122
237
2
1
0
0
2
64
93
1
0
6
0
0
7
211
184
1
2
1400
3
415
0
1
3
156
0
0
1
2782
0
1
0
0
64
17
16
0
0
3
0
0
0
0
2
0
3
8
0
0
0
394
2
0
21
1
5
1
4
0
1
3
0
14
0
1
0
0
1
0
0
3
0
0
49
0
0
6
35
1
0
0
14
0
298
40
0
0
0
1
63
0
0
15
480
0
1
13
7
2
1
0
3156
1
47
0
2
0
12
0
428
58
0
0
0
2
3
1
32
84
559
0
1
5
0
10
433
3
3
16
0
1
0
2
948
14
48
0
0
0
10
2
3
0
660
0
75
3
6
1
1208
509
1
0
2973
0
3
12
0
1
0
4
0
4
1
0
8
1
0
20
15
1
204
1
1
1
6
0
0
31
0
1
2143
0
0
117
35
1
0
0
261
11
34
1
0
1
50
8350
0
1
5
2
6
0
71
2
0
1
16
0
164
0
67
17
0
184
0
0
0
0
63
5
526
0
0
0
0
1
142
2
0
0
0
462
55
1991
0
0
13
1162
0
0
0
88
0
0
0
1
0
5
11
161
0
2
4
22
0
2
3
3
117
3
40
765
0
32
2
125
31
59
184
0
0
0
3
1
0
650
0
0
4
0
1
0
0
4
1185
5
0
94
1
9
120
13
14
0
1872
0
0
9
5
5
75
2
10
0
0
1
0
0
3
6
0
30
733
1
0
11
150
2
31
4
0
0
832
4
1
0
45
0
0
26
2
8
52
1
7
58
1016
4
9
40
14
501
0
2
7
1
0
11
11
1
1
1
0
1
0
2
0
1334
1
525
0
0
76
49
3062
0
4
13
0
4
0
0
52
1
0
0
1
0
0
0
695
23
3763
71
0
288
4162
1333
1
0
2
0
0
1
1061
0
0
232
0
1
3
1
37
25
4
3
1
1
10
4
21
0
122
0
3
2
135
70
2
0
837
5
249
3
2
0
642
2
1
0
0
54
0
0
0
3
13
682
1
4
1
4
1270
0
29
0
119
12
2
0
4
2
2
3
0
0
0
1
4
6
0
80
0
10
38
77
0
0
0
0
36
0
7
0
2
19
110
0
0
0
1
0
1
0
3
32
0
2
7
9
0
0
0
0
3
0
0
0
2
2
0
0
0
0
9
329
13
108
1217
0
4
1
14
4
2687
0
0
2
1
2
0
97
0
16
5
5
0
389
0
1
0
0
86
1
0
1
0
0
0
0
16
0
0
29
0
22
5
0
0
3443
0
1
0
0
4
0
3
0
227
297
0
4
0
1
4
1
1
820
0
0
8
0
201
1
29
7
0
1
32
22
102
0
8
456
0
9
3
0
145
0
0
0
0
0
50
514
3
459
0
1
138
1
0
3
4
7
0
1
0
0
0
19
24
42
2
0
0
0
6
0
138
0
19
92
8
0
0
0
0
79
7
0
0
56
0
0
13
3
653
443
46
3
3
0
0
21
8
28
1
0
34
2
177
0
596
1
4
0
0
25
0
0
0
0
1
2
0
5
1
0
5
0
0
2
25
0
2
7
1
0
3
0
0
5
28
0
19
72
0
20
19
0
16
3
0
98
4
2
0
2
0
1888
1
405
6
1414
2
0
0
0
0
0
0
94
22
0
0
0
7
0
6
244
0
0
63
1
23
41
118
1
2
0
9
4
0
0
0
1
11
0
0
0
1
8
0
280
0
0
2
0
0
1
4
273
1
4
26
0
10
478
23
3
0
63
24
0
187
4
4
4
0
0
2
60
17
0
0
59
1
0
2
1
2356
0
0
33
19
2
1
0
37
0
0
5
2
5
2
0
44
24
85
0
0
13
0
707
0
1
0
14
28
1
59
0
0
1
0
4548
1
0
38
11
0
215
728
1
669
3
14
0
8
0
10
6
14
0
0
0
1
0
1
5
45
0
3
0
0
0
1
38
0
1
0
12
18
0
0
1
0
5
3
3
1
6
0
235
8
29
0
160
0
1
178
78
59
1
1
0
5
0
5
1
8
51
0
12
0
0
7
0
3222
0
36
11
0
7
15
2617
85
0
88
689
0
1446
2
11
0
0
68
169
0
3
7
0
1
264
0
33
0
0
0
30
0
4
6
0
3
8
0
5
7
0
10
0
53
10
7
37
2
1
265
500
22
0
0
4
5
1
983
38
7
167
1
0
0
5
0
11
2
0
0
36
18
6
0
15
0
0
0
0
0
0
0
19
0
0
1
12
55
1464
30
5
420
13
52
8
1
9
0
14
0
96
1
3
0
17
2
5
30
2
0
0
2
0
785
4
0
0
14
5
63
0
2
1975
8
1
169
0
38
64
66
0
0
0
11
2
15
17
0
11
1
1950
392
1837
0
3
0
19
0
0
0
2
4
0
29
5
0
897
0
0
0
0
1499
0
0
1
1
0
0
0
1
2
0
0
0
36
5
10
29
1
0
35
0
3
2
0
27
0
2
1
0
0
675
0
213
1
15
0
37
0
0
5
4
4
0
9
1
37
630
0
0
0
0
223
57
1
0
95
0
1
3
0
13
0
63
0
67
0
10
2
7
30
0
2
0
0
84
0
0
3
14
11
1
21
68
0
43
0
0
1
0
0
64
2139
0
0
1
0
1
2
0
12
13
0
3
0
1
1
182
0
0
189
49
0
34
57
23
0
223
3
632
1
3
0
0
0
0
0
91
0
0
0
0
1
0
20
80
0
33
0
0
0
14
475
0
558
0
12
0
0
0
0
10
4
0
0
443
0
279
1474
0
0
0
55
31
12
0
0
355
0
142
1
0
0
0
0
1
0
1
3
842
1
1
239
7
0
0
3600
68
0
1
6
42
67
1
0
0
1
0
3
0
1
38
77
0
0
0
2455
0
0
0
0
0
1
22
943
0
0
4
0
4
0
0
1798
0
0
0
1
66
2
0
0
1
0
1
31
277
0
0
31
84
0
314
0
5
0
363
1
4
0
7
124
70
18
1
0
0
2
9
3
1
0
1
92
0
0
347
246
0
1
270
0
2
22
4
1
0
0
0
45
4
92
0
2
2541
202
108
17
1
31
85
38
1
2
1
628
0
0
21
0
3
9
8
0
229
0
0
0
37
0
12
0
0
1
145
0
2
1401
0
0
12
0
1
0
0
0
244
1
0
0
0
1
512
38
0
0
0
2
33
0
0
24
0
797
21
1
245
1
2
118
26
898
0
0
2963
0
7
2071
1271
20
3
2
0
8
3
0
0
0
7
5081
0
4
237
1
0
4
0
33
1
0
2
0
454
2
21
0
4
0
0
0
3
0
0
0
0
95
492
3
0
0
0
2
0
331
23
1
0
69
0
0
0
5
0
0
0
1
2
0
56
8
1
23
0
0
43
0
8
1
14
62
0
12
1
63
194
0
231
5
365
359
1
1
6185
9
557
322
1
1
0
6
1
5
5
4
2
236
1
36
1
0
1
0
34
10
3
0
9
70
20
0
0
2
4
0
0
0
0
0
0
2
11
0
11
151
5
6
0
2
1
136
3
50
1
0
0
0
7
5
0
0
36
23
0
0
24
504
0
60
1
0
0
1
0
0
126
0
0
0
224
0
4
0
1
29
0
0
0
2273
29
3
1
6
5
0
0
0
0
0
574
0
0
0
2141
0
21
13
1
39
0
14
2
0
611
7
4
1
1
0
1
0
1
2
225
0
0
2
215
0
195
1
0
1
25
228
0
28
0
11
747
1
0
5
5
7
2
93
0
1
39
14
1
3
9
44
0
0
0
0
0
12
0
21
0
9
0
6
11
0
9
2
6
0
12
0
290
45
3
1500
0
0
0
0
2
4
1685
5
1
0
0
1
0
0
0
3
43
0
9
1
105
5
11
2
51
3
6
0
1
8
0
8
159
2
0
3
0
0
0
0
903
723
0
4
0
2
0
6
0
669
4
36
4
1032
3
0
1
47
1
0
9
2
0
0
0
0
0
451
1
7
0
288
0
0
0
0
0
0
1388
12
1
822
0
546
138
0
1
1
1
0
0
22
2
11
0
6
559
301
46
0
0
0
3
2
458
1
857
5
0
0
0
0
2
19
0
0
0
7
13
0
7
0
154
3
15
1
0
1
0
1544
0
4
1
0
3
0
1
2
0
62
262
1
0
0
2
0
0
1
0
3
0
3
3
8
0
0
19
0
4
0
0
0
8
75
1
0
10
0
0
6
32
0
0
9
0
0
0
0
2
1
68
1
0
6
0
1
6
0
0
0
1208
0
24
0
0
15
227
53
32
1
1
15
0
3
3
0
9
0
9
0
1
5
1
0
0
17
0
0
0
18
2
15
0
11
39
76
0
0
1
44
6
1
9
10
340
5
0
70
0
1
26
2231
140
0
1
9
134
1
0
11093
79
0
5
613
1
2
14
0
20
0
0
0
0
1
80
0
2
0
1
0
0
1
0
0
1
17
106
2266
5
12
2
0
0
95
9
55
43
1
0
30
0
0
1
0
12
17
235
4
10
689
0
0
38
0
7
0
0
0
71
0
12
3
0
881
12
0
22
0
0
0
0
15
5
0
135
0
0
2
31
0
0
0
0
25
5
0
41
0
65
8
0
0
0
1
7
40
0
0
0
5
0
0
0
0
0
7
0
2
1
41
0
0
0
1562
0
0
2
3
36
1
0
33
64
52
17
33
0
155
3
3
433
0
8
2
0
3
0
0
0
2009
0
21
0
1
100
0
0
0
0
0
1
2
0
0
14
0
3
0
2
0
6
22
0
21
1
3
0
0
48
212
114
1143
9
0
187
52
0
109
0
61
1
0
178
6
1
6
0
0
0
11
0
102
86
0
123
0
3
5
0
0
1
1933
129
1
1
0
1
21
2244
0
6
0
416
1
0
1
1807
9
16
0
1086
1
5686
0
0
0
3
0
16
0
3
2412
14
165
2
37
0
32
1
2
5
2
0
45
2
38
31
0
24
48
8
31
0
6
0
0
4
6
0
0
0
9
0
31
5
0
0
0
4
22
0
519
2278
0
7
0
11
6
0
451
58
1
0
7432
4
4
1
1
0
0
82
0
9
0
0
888
0
3
5
2
1
0
64
24
2
9
0
2
0
2
99
134
0
0
1
3
0
0
3
0
0
2
4
0
32
4
4
28
29
1
64
24
1
0
38
267
0
517
0
0
11
0
0
15
0
3
169
0
1
1
3
27
6
3
0
424
1
2
1
174
0
0
24
0
1
0
639
41
0
0
0
0
6
0
0
84
1
0
0
0
12
0
0
10
7
2883
558
0
0
9
0
0
1
9
0
34
0
191
0
0
0
0
2
2
0
0
0
428
0
0
0
166
6
0
2
0
0
0
1
3
178
2
172
119
664
4
0
16
0
1332
0
0
0
0
0
1
1
144
0
17
2
121
0
0
23
76
0
0
66
4
7
0
8
15
0
146
0
0
101
0
2
113
3
0
0
0
19
1
0
0
0
0
0
236
1280
0
4
2
6
0
1
0
12
0
0
2
7
3532
9
50
0
1484
1
0
20
16147
0
0
1
2
0
44
0
0
0
30
27
131
153
8
0
0
4
27
0
0
2
248
0
1
0
0
0
178
0
0
95
1
0
1
1326
0
0
0
0
0
66
1
68
0
161
3
1
0
0
24
0
109
354
0
1
1
2
0
0
0
20
5
0
0
0
1723
0
3
1
2
43
0
0
115
37
2
0
2
0
0
10
53
79
80
246
0
0
3
0
1
0
57
0
8
85
0
1
0
0
0
1
0
66
2
5
108
0
0
22
1
0
0
1
61
1
1
0
2
3
10
0
0
1
0
0
0
0
1
1
0
0
112
0
0
46
1
22
0
3
0
0
0
0
4
2
0
0
0
0
0
102
26
45
0
0
8
5
14
4
35
99
0
3
79
0
0
0
5
0
0
24
116
0
0
0
0
0
0
0
0
8
0
24
1
15
0
0
0
9
2
0
5
0
2
0
1
0
0
0
0
2
0
0
0
3
1
0
0
0
3
0
0
1
47
0
0
3
0
0
6
1
0
0
4
205
0
0
0
2
29
43
2
235
198
10
11
74
16
0
0
0
4
203
0
1
0
0
372
0
0
0
175
0
0
78
0
0
2
0
2
33
1
57
1
8
0
1
0
0
10
0
1
513
1
0
1
0
1282
1
120
38
2427
1
2
2
60
3
2
2
0
599
0
0
0
0
0
12
0
0
1
31
1
0
0
10
0
0
60
1
454
27
2
307
21
1
2
1
78
5
25
1
1
0
0
35
1682
0
0
11
172
3
1
1
0
0
0
0
128
226
23
9
1
4
0
37
0
0
1
18
0
0
0
996
0
0
2
131
0
1
11
0
8
4
197
24
15
0
1
0
1
587
3
4
11
155
0
0
8
0
1
205
9
24
45
12
0
0
0
0
0
0
0
2
0
0
15
111
36
22
42
4
0
0
11
0
16
166
406
1937
0
0
0
0
0
0
0
27
242
0
2
15
412
6
0
2
6
4
0
1
479
0
15
24
2
0
68
0
2
6
51
1
1
0
5
0
1
0
0
0
0
0
87
0
14
0
1
0
1392
1664
0
0
9
0
0
337
0
0
0
0
67
0
3
4
0
0
313
6
0
5
3
2
19
0
15
1
31
52
14
0
1
0
0
3
21
0
0
11
0
0
6
22
5
2
0
0
0
0
0
111
1
1
0
2
0
0
5
0
60
11
57
0
24
2
421
1
1
0
0
0
2
0
0
3
0
0
0
2
9
0
0
23
0
0
428
14
1692
5
0
0
0
1
87
22
666
1
0
133
0
142
0
0
0
1
0
8
47
35
0
0
1
2352
259
10
2
0
62
0
18
0
0
192
0
3
45
6
0
2
13
673
0
173
1
616
2
0
1
340
2
39
299
12
0
2
18
1
1
7
1
0
2
0
1
106
0
0
12
0
0
1
1255
8
17
37
0
1
1
3
0
0
116
0
33
26
0
841
20
0
3
18
0
5
0
22
660
0
17
6
2
2
351
112
0
54
0
26
0
0
12
0
0
20
0
108
0
99
0
0
1
8
0
0
0
0
1
35
2
3
0
258
24
119
1
0
0
0
35
2
0
0
0
0
5
258
66
2
0
0
0
87
1
2
0
0
1
46
0
87
2
103
8
0
1
18
0
0
0
82
2
0
0
293
1
2
0
8685
3
0
0
0
0
0
1
1523
1
3
1017
0
0
1
182
66
73
5
86
0
422
1
14
3
1
8
0
4
0
59
34
0
0
1
66
10
0
0
4
4
2
0
0
1232
0
6931
0
1
0
19
1
1
0
271
9
0
0
1
2
0
24
196
41
0
4
0
170
84
1
0
0
1
6
0
6
0
0
0
0
0
0
241
3
282
1
765
0
1
40
0
0
0
1504
58
0
0
5
1
0
205
13
0
0
1688
549
139
2
0
1
0
2
4
0
0
0
11
303
3
1
0
0
2834
14
0
0
0
10
0
33
0
0
24
0
0
0
1
64
0
6
17
254
0
0
38
326
0
49
15
0
1
0
1
6
7
0
22
1864
0
0
0
59
0
0
0
0
0
0
40
21
0
0
16
1
0
0
2
0
1
1
0
34
0
2008
0
9
3
0
12
0
0
11
0
0
0
6
0
2571
0
0
0
1
23
0
470
0
2
0
3
2
5
3
2
357
18
0
0
5
649
1
0
0
118
0
1
0
3
8
54
0
3988
1
1
2
10
58
17
0
0
0
0
7
2
0
0
2
2
23864
172
1
3
72
1
1
0
0
1
454
6
0
2
13
1
1
5
0
1932
215
1
14
66
0
0
0
859
6
272
0
4
341
0
0
7
0
32
0
1
10
0
0
38
11
28
0
3
0
0
55
2162
0
0
0
0
1
1
453
15
3
1
0
3
928
0
0
460
6
52
2
0
0
2
16
0
5
17
0
0
1
7
0
471
655
3
1
10
1
12675
478
2
0
40
363
0
3
0
8
125
0
0
463
38
134
4
5
188
10
25
0
0
41
16
0
0
0
116
0
0
223
1
61
3297
0
76
0
0
2
370
0
4
1
0
6
0
48
6
15
24
0
0
0
0
0
141
4
0
2
0
0
0
7
66
4
1
0
19
0
0
2
23
3
0
0
5
3
0
0
1
0
0
0
6
0
0
0
4
0
0
22
430
0
0
0
0
0
1089
1
0
343
3
3783
3
0
1
2
0
36
0
4
0
0
48
103
48
0
0
3
0
2
1170
0
0
184
2
0
0
1
3
0
14
75
5
0
12
0
1
0
0
277
10359
0
2
1
6
3
25
0
6
0
1
5
55
2
0
0
0
8
0
0
33
0
0
0
1
452
13
0
0
5
0
0
0
5
45
42
0
4
1
1
2
2
20
20
37
0
0
0
1
3
9
3644
7
2
2
598
0
0
0
0
0
0
5
4
45
1
0
3
4
39
1
2
5
0
379
0
37
0
2
7
0
21
0
20
31
7
0
0
0
18
114
29
1
0
65
4
0
847
1
67
2
0
0
34
0
22
0
3110
0
2
0
0
0
1
956
0
0
0
9
1
1
14
31
0
0
2
0
0
0
0
2
0
0
2
119
0
1
4
2
0
320
0
0
0
0
399
172
1
3
1887
0
5
1
113
9
0
207
0
2
0
47
0
42
5
1
0
0
2
26
5
0
0
133
0
126
0
6
40
142
94
0
0
0
0
0
1
109
0
0
0
15
0
34
850
8
9
56
1702
5
2
0
0
0
15
0
0
0
0
0
1
0
0
17
4
4
0
0
13599
0
0
1
2
9
4
0
0
4
0
0
0
0
0
17
1
0
89
52
0
466
2788
0
1
0
1951
0
0
0
45
47
0
1
0
0
0
0
5704
1990
14
0
11
1
0
0
206
19
0
1641
0
3006
0
4
3
1
8
4
19
0
0
3
0
2
0
1
0
9
0
1
16
0
37
46
0
0
1
222
0
1
0
3
46
35
0
0
56
0
1
2
0
0
6
0
0
0
420
0
0
0
1
16
0
0
3
2
1
16
0
78
0
3345
2
12
0
0
0
5
0
0
0
0
0
1
4
0
18
0
31
0
12
0
9837
36
1
0
1
823
3
83
50
0
0
283
0
2
0
0
0
86
1
0
1
22
0
7
0
0
0
4
0
1
13
0
21
0
0
0
0
0
0
0
247
163
0
26
5
0
0
0
0
0
6
0
0
0
0
0
2
0
1
0
36
53
0
0
411
92
30
566
0
1
1
60
114
0
0
0
0
0
1
47
0
0
42
22
0
0
3
35
0
0
9
1
20
0
10527
246
0
2
0
1
8
61
0
0
92
10
2
0
2
0
0
0
0
1
0
0
54
4209
4
0
5
1
0
0
48
3
0
1498
1
5897
2
43
342
11
22
177
0
69
1
1013
0
5
1
0
0
2
0
11
0
0
0
0
1
120
274
1
14
14
2886
1
0
0
1
36
18
0
48
0
3
8
1
31
0
8
0
6
0
2
0
211
1
0
1
13
0
1
0
0
0
0
0
37
1
0
1
0
12
0
4
1
25
0
0
0
6
1
1054
1095
12
0
407
23
26
0
0
1
0
0
0
0
8
187
5
0
0
1
1
70
0
1
1
1
1
0
123
5
10
4
0
626
0
0
0
3
0
1
1
4
91
36
275
2
5538
18
0
1
6
22
0
0
24
0
0
101
0
26
0
1
275
0
2
0
0
1263
0
25
0
2730
0
0
0
1982
20
1
81
0
225
1
0
2
0
0
0
1
0
62
11
869
0
9
2
0
2
0
263
1
27
15
0
16
0
12
51
0
9
1
0
0
0
0
0
0
2
12
856
0
0
0
0
30
2
19
0
6
0
0
6
3
0
203
0
0
0
0
0
0
0
7
7
131
8
0
3
0
579
4
3
7
4
4
225
1
431
0
1
1
3
47
0
0
0
0
8
3
0
0
1
0
0
0
0
0
17
18
8
11
1
141
0
0
7
3
2
0
2
116
54
0
0
0
0
79
7
0
0
74
6
0
0
0
3
2
0
569
2
45
0
0
11
1
17
54
7
1
0
0
26
7
0
0
3
780
0
0
2
0
7
178
0
0
0
5
7
1
0
0
2
0
0
0
1
81
8
0
10
1
1
3
0
0
1321
48
422
0
0
1
52
1
0
35
523
2375
3
0
0
2
5
14
2
3
0
20
43
10
0
0
0
0
26
3
0
60
1816
4
0
0
2
2
0
0
7
0
0
0
2
0
9
0
0
3
0
186
0
0
6
5
0
0
11
20
64
0
0
1
0
8
22
0
1
122
432
25
0
6
21
202
0
0
19
2
0
0
0
82
1
0
0
3
1
2
1
26
6
48
0
3
128
1
0
16
0
48
0
0
0
4
1
0
0
0
8
127
0
76
6
480
2
4
4
0
0
0
18
0
0
0
0
0
3
677
1
0
0
0
4
0
1
13
0
0
5
62
0
12
1
17
1
241
2
0
3
445
1
0
0
61
1
28
0
4
8
6
3
4
0
0
0
0
2
0
1
0
3
473
7
0
646
11
4
3
83
90
12
18
82
43
2
184
0
0
0
27079
596
0
2
0
3
1
0
2
1238
1582
7
0
30
0
1
0
12
10
0
7
0
0
0
1
1
0
1
0
89
1
6
461
0
0
9
3
0
1
0
0
0
23
81
0
30
42
1
1
6
0
0
402
3
29
3
0
4
0
4
61
260
15
14
945
2
6
1
0
287
39
423
0
0
2
0
9
0
20
11
0
4
0
5
15
1
1
15
0
2
160
0
0
0
8
0
7
0
0
1
3
2
28
0
0
1
0
1
0
0
0
0
0
0
15
1
0
34
3
50
7
8
0
7
0
0
0
38
7
4
10
223
0
1
0
4
0
1
2
0
338
0
1
0
25
2
0
97
0
0
48
0
0
0
239
10
3
3
0
38
0
0
514
0
0
0
473
0
0
2
0
1
150
75
22
16
0
4
2
0
6
3
10
0
36
1
0
0
3
0
0
0
1
15
72
0
0
0
1966
2
2
1
109
1572
0
0
1
1
0
0
0
30
65
0
11
607
41
18
0
10
1
0
0
7
22
0
0
10
14
1563
4
0
0
0
3
0
93
17
2
3
1508
2
0
103
0
61
95
3
0
2
1
0
2
0
44
2
1
0
71
32
14
2
0
24
0
0
0
0
0
0
0
1
4
2651
3
0
1
1
0
1
0
0
1602
98
621
0
1
5
68
0
0
0
717
0
1
0
1
0
2
0
12
1382
54
0
1
0
0
5
0
5
130
0
0
3
0
0
19
0
4053
1
94
40
2
0
0
7661
6
0
2
0
3
36
5256
1
5
314
16
34
385
0
208
0
0
5
0
0
0
1
0
0
0
0
126
0
127
402
0
249
0
0
0
14
1
0
0
5
0
4
0
2
0
0
0
1
0
6
0
2
80
509
581
0
141
115
1
4
13
10
2199
27
11
4
8
71
0
0
0
0
2
215
1
37
2
107
2
0
0
93
311
2
1
0
15
1
479
6
1
83
4
1
53
7
0
0
0
0
0
0
3
0
1
0
8
125
0
95
5
0
5697
14
991
0
0
0
1
0
3
0
2
511
1
5
0
10
1
1
2
489
1
67
0
0
13
0
2
8
24
39
124
1
2
96
5
3
1
907
0
1075
338
0
30
252
71
2
8
2163
2
0
0
0
2
17
13
2
7
2
0
0
3
0
2
0
6
0
1
2
1
6
0
0
2
13
578
0
0
17
0
0
0
0
70
0
0
0
433
0
0
0
0
1
2
96
2
27
273
23
0
4
0
0
3
1
0
0
0
6
18
6
4
0
8
0
0
0
60
919
0
17
0
0
0
5400
0
0
3240
2
0
0
0
3
3
7
0
0
0
3
0
1
25
0
0
0
0
0
7
0
0
268
3
5
295
2
2047
0
0
0
51
0
0
873
3
0
1
6
4
0
69
0
3
0
0
11
2
0
0
0
0
0
0
2
2
3
0
492
0
127
1
8
2
293
0
1
167
100
810
217
0
0
1
0
1
0
0
0
0
1
131
0
0
6
0
0
304
1
4
2
1
9
4
4
0
335
0
16
0
19
0
8
11
155
2
0
0
3
0
0
0
1
476
0
0
32
0
0
0
0
0
17
0
1
0
135
0
5
8516
1
45
5
158
13
3
0
0
0
1482
0
5
0
0
4
0
0
0
17
0
9
12
283
72
0
1
0
0
0
2
4
0
1
283
0
0
0
7
0
255
1
0
0
996
14
131
0
4
0
0
1
0
0
0
607
503
1
0
1
0
0
0
169
0
16
0
22
14
7
0
0
2
0
25
7
0
19
0
53
3
0
70
260
0
0
2749
33
13
33
0
0
0
481
0
8
15
0
5
0
576
71
40
1
0
0
1538
0
5
0
0
1
5
0
0
4
0
0
36
1
58
113
0
888
0
0
6
3
0
6
4
15
2786
0
0
0
253
0
0
0
4
0
0
25
34
1051
0
0
4
0
17
981
44
254
0
25
2
0
0
0
115
55
15
0
34
1
0
2
0
0
0
0
2
29
0
4051
1
10
0
0
4
0
1
0
19
46
72
14
0
1
2
127
0
78
2
0
8
27
0
64
1
2
0
237
3
13
0
9
218
0
23
0
0
39
1765
2197
6
0
1
20
2
45
0
5
0
2
3
0
147
6
2
171
140
0
8
0
1
6
0
0
2
0
0
0
6
0
0
4
0
0
2
0
0
13
130
42
329
0
1
60
6
1
4
0
40
0
0
0
0
40
10
1
0
562
1
6
0
0
0
2
0
4
27
3
0
10
8
4
0
2
0
27
0
33
3
9
3
0
8
0
0
0
1
1
2
1071
0
5
5
685
0
0
127
0
442
4
0
2
0
0
315
0
2
0
660
1
1
3
0
0
7
8
0
34
0
1
0
0
0
272
0
3
0
1
43
216
0
0
28
0
0
5
0
0
192
20
4
0
1
23
0
0
0
0
0
108
0
0
0
2
0
143
0
0
0
3
2
69
0
1
0
0
3
1
51
73
0
0
0
6
0
0
961
11
85
0
9
0
119
4
0
0
0
8
0
12
0
3
0
13
1
1
1
1
4225
1
3
1
2
16
0
1
0
0
1
0
0
0
0
5
54
101
0
0
0
4
67
0
0
0
9
11
2
0
0
2
15
1
3
3
913
0
2
11
1
1
331
0
6
14
38
15
3
13
0
0
2
7
0
7
6
15
0
0
0
0
0
1
22824
0
0
3
125
0
0
450
154
134
11
0
1
6
70
0
0
1
4
1
0
51
154
2
6
3
0
1
2
0
0
403
2
22
0
0
15
0
1
9
12
0
4
0
174
3
0
177
0
28
0
1052
5
0
0
2
2
0
1
2
3
0
1
5
0
3
0
0
13
2
1
78
0
0
15
22
37
0
0
3
2
9
1
0
0
0
3
0
0
2
1
11
3
52
0
0
0
8
1
0
0
0
2
38
27
0
3
5
157
0
3
0
0
2
0
1
3
9
3011
1
99
0
50
8
0
0
0
0
23
1
0
0
37
0
49
5
102
0
4
1
98
0
0
73
1
0
3
0
0
0
0
0
0
803
0
32
7
6315
0
80
8
0
738
20
7
933
0
11
1
0
1
0
789
6
229
0
0
28
0
37
0
0
2
0
1
22
6
0
0
6
0
62
228
3
2
1
1
0
0
13
0
0
1
0
3
2
512
1
4
0
0
0
0
0
0
2
0
0
139
0
1
3
0
342
0
1
21
0
0
0
0
0
0
94
400
0
13
4
2
2
0
0
269
12
0
62
3
37
0
14
71
98
5
7
0
0
1
0
3
133
0
0
0
0
2
0
43
7
0
0
0
0
0
0
0
222
0
0
8
1408
0
12
75
48
0
15
0
20
1
0
0
0
20
0
2
127
2
61
0
1
0
6
0
121
0
1004
14
37
739
0
0
557
111
0
1
0
0
1
0
12
0
0
0
10
17
0
0
288
11
830
0
0
1
0
1
0
0
0
0
0
0
0
78
0
37
3
0
5
44
0
0
0
243
0
2
44
0
0
3
0
1
0
0
94
3
44
31
0
0
22
4
0
0
4257
13
41
0
0
0
0
5
1
8
0
0
1
0
7
4
67
0
45
0
0
0
1
1
0
0
0
2
0
1
0
0
43
2
0
0
1755
4561
1
1293
296
0
0
0
0
1
58
8
0
0
150
0
2
0
0
1
29
1306
0
0
1
89
0
0
172
61
2
404
3
17
697
0
0
1
4
1
3
0
144
1883
1
0
37
2
3
115
0
0
0
5
785
33
0
0
0
0
5
1
290
0
0
0
104
0
305
0
1
0
0
0
0
0
2
69
0
195
0
453
0
57
25
1
44
0
117
0
0
1
1
251
38
53
3
826
0
0
1
0
15
0
0
11
0
0
3
0
4
2
23
0
31
3
0
27
0
701
29
1
0
124
0
545
0
0
0
1
3
0
0
0
2
1
1
22
3
75
0
12
0
0
0
0
0
1
0
0
26
0
0
0
0
0
3
7
0
116
346
0
3268
2
0
0
2
0
1
0
226
0
126
0
0
0
131
0
2
0
0
1
313
0
31
7
1
0
7
8
0
0
1
3464
140
6
0
0
1
0
0
0
1
101
67
172
1
1
12
0
63
1
0
4
0
0
0
0
18
0
1
1
22
8
0
2
1
0
0
0
9
2
3
1
0
0
7
0
0
0
0
0
0
0
2
12
2337
4
0
0
0
372
59
2
49
0
34
1
0
164
240
35
1
0
6
3538
0
3
0
110
2
0
0
2
35
0
1
2
0
0
31
21
1
381
192
41
0
2
61
92
119
9
0
32
2
159
1
0
0
2
3
18
9
58
0
1047
0
0
3
26
20
20
17
0
0
30
1
5
0
19
0
0
4
114
59
0
85
1085
0
0
0
12
38
7
1
5
0
1
66
1305
25
0
73
7
18
0
23
1
0
2
90
1
0
102
0
0
41
0
1
16
0
0
0
2
0
2
649
3
15
0
0
0
0
0
3
0
1
15
0
0
6
0
0
0
5
3
0
2
0
4
81
0
0
883
0
1
0
490
1
21
0
1
1
2
1
0
1071
0
0
9488
24
1
0
2
213
0
11
0
0
0
0
0
0
0
1
0
4
0
0
0
3
0
0
72
0
0
0
3
0
0
19
0
3
2
5
0
0
0
0
25
44
4
45
0
5
0
0
35
2
89
0
0
53
0
0
880
0
3
0
9
3
46
0
3
15
0
0
0
1
1
3
5
710
1
0
10
404
0
0
0
57
3
3
69
5
1
1531
0
0
0
4
0
19
0
0
5
0
80
0
1
0
0
2
0
0
0
57
0
0
0
575
165
0
0
0
273
0
30
0
398
2
0
0
4958
266
0
0
0
0
0
0
6
0
22
0
81
24
1
0
52
0
0
0
0
10
0
4
6
0
0
0
40
0
1
25
3
3
6
10
0
0
16
4
0
0
0
0
1
1054
0
0
0
2
0
1182
2
1
3
0
0
0
0
0
297
2
0
0
0
1
0
6
0
0
206
181
8
9
1
2
9
0
7
3
112
0
19
7
0
0
0
8
2
1
22
1
0
2
0
0
0
0
2
0
0
1
5
0
76
2
2571
1
56
0
1
4
0
2
211
9
1
1
199
0
0
187
0
1
6
0
0
6
0
7871
0
3
0
163
0
90
1
2
54
0
0
0
0
0
23
0
16
0
0
0
0
0
0
33
0
571
4
1
37
40
5
5
17
0
2
0
2
8
0
3132
0
0
127
0
88
83
3
0
0
0
0
1
53
0
8
6
57
6
3
0
8
83
0
0
709
432
0
99
1
10
0
0
6
7
0
0
0
0
3
27
0
0
0
0
3
83
1
2
54
0
3
0
0
0
1246
0
1
0
4
3
18
0
105
0
0
0
3
252
0
0
12
512
3
8
4
62
1
3
13
2
0
0
6094
687
0
0
428
3811
0
24
2
25
2
1
2
1
53
0
1
308
0
0
0
0
29
1
0
0
34
2
0
0
14
1
0
1
16
0
2
51
0
8
1
0
1
0
125
3060
0
0
0
8
0
32
388
2
0
0
62
742
0
0
293
47
0
0
111
19
1
28
2
81
0
39
398
190
3
22
0
108
0
12
0
0
1
0
1
1
6
10
0
0
0
26
1
36
25
1
1
36
21
10
1
264
1
1
0
0
28
47
0
6
0
178
2
0
0
31
0
0
0
6840
1
17
3
0
74
0
4
80
0
47
0
2619
3
0
0
0
0
0
0
0
26
3
353
45
1037
314
64
0
0
51
3
0
5
162
1
0
0
28
7
4
186
0
48
10
13
0
0
0
0
0
0
47
4
0
75
7
0
66
0
3
38
0
1
5
16
739
112
2
1
0
205
643
8
188
1
0
9
0
0
3
0
12
2
0
0
0
13
2
0
0
3
0
0
1
0
0
1
1
1
1
5
0
3
0
1
0
2
7
0
4
43
0
8
19
1
4
1
3
3
0
205
0
1
1
0
0
1
0
21
90
0
63
1
8
218
5
5
0
0
17
0
729
0
26
0
0
0
58
241
2
2
0
0
0
1
0
1
4
0
0
6
6
6
122
0
19
0
2098
4
38
0
1
50
0
0
0
0
0
2
7
9
1
0
1
1
1
0
3
0
3376
0
0
238
33
2
0
0
1
81
0
475
0
571
0
3
38
0
23
8101
515
5
0
2
10
72
2
366
0
12
2
0
31
0
0
0
0
6
405
1
0
0
2485
0
0
0
226
3
32
0
100
7
0
0
1
0
0
0
0
0
417
0
0
0
2
252
379
6
1
137
4
1
0
1
38
0
0
6
1
0
312
0
0
2224
7
0
0
2
0
4
68
0
3087
1
0
0
0
0
15
0
0
2
0
0
0
12
0
2
0
0
214
0
25
6583
1
0
1
28
0
0
9
0
314
173
3991
1
0
1
0
1
170
3
0
0
0
4429
0
0
0
0
25
1
0
91
0
6
1
2
1246
2
0
5
0
4
0
14
2435
9
0
5
0
0
0
0
0
87
1
1
2
28
0
0
0
1
1
3
0
90
20
0
1
0
11
0
2
0
0
12
0
0
282
1717
3
0
0
602
9
1
0
1
9
2
554
0
592
0
3
0
389
0
54
7
0
0
481
1
144
0
169
1
5
0
0
0
0
0
0
1
0
1494
10
23
2514
8
1
0
0
0
0
4121
0
0
2
5
84
1226
0
5
1
2
169
2
108
0
2
0
1
4
0
10
15
4
1
24
3
0
6
0
1
0
0
0
11
113
0
4214
451
10
2
0
3
7
0
1
8
0
2
1
0
7
1
42
0
385
0
2
120
27
0
0
0
8
0
24
0
313
0
9
17
129
0
1199
12
1
2
1
0
44
7
0
2
0
10
73
1
45
72
9
49
74
0
0
23
1
1
0
0
0
85
738
27
68
0
15
0
0
3
0
2
300
0
5
0
0
0
360
604
0
11
0
0
0
1212
2773
0
2
0
2
1852
11
0
0
0
64
5
0
7
0
104
0
84
477
0
4
0
2
0
1
0
0
473
0
2
13
15
0
242
141
2
0
0
0
301
0
118
0
61
179
10
6
0
2
0
1075
68
0
11
0
0
1
0
362
0
0
10
3
15
389
0
0
1
3
0
1
10
0
0
3253
3
7
0
0
17
0
7
0
0
43
0
26
0
1
1
13
1
0
0
449
1
18
0
11
0
1382
0
1
0
8
0
9
16
5
0
0
0
0
850
9
7
1
0
0
0
133
2
0
0
2
0
66
0
0
0
198
3
0
0
0
3342
0
0
1
0
0
18
0
1
3
3
4
123
13
2
0
522
13
1
56
16
16
1
1
0
136
0
7
0
3
0
0
0
42
0
0
2
91
1
0
12
6
0
0
59
330
505
0
0
1
112
2
1
8
0
40
0
9
0
0
75
0
262
106
35
0
10
2483
52
2
10
1
36
0
46
1
35
0
0
3
0
4
0
2
6656
0
5
2
2568
1
0
0
118
26
12
0
5
0
359
1
8
39
0
46
1170
3258
0
24
2
6
6
0
13
132
0
4
96
0
0
0
5
0
0
0
1856
0
0
0
0
0
0
2
72
0
2
0
0
0
0
9
4
0
3
0
0
5
7
0
24
0
12
0
0
198
0
2
0
8
0
0
0
0
0
3
240
1
0
2
0
0
4
0
4
3
0
0
130
274
2
17
0
0
0
0
13
0
0
0
6
0
6
0
10
0
72
537
0
0
2
7
1
0
212
3
122
0
0
98
95
357
16
0
13
546
6
0
0
2
0
1
3
0
0
0
9
0
0
0
4
0
229
0
3
18
76
1
0
3
0
0
1
1
3
471
1
0
2
0
0
20
0
0
0
68
94
3
0
0
1
0
5
223
0
1
0
1
0
0
569
0
939
18
10
4
1
24
28
0
0
373
28
0
0
17
130
0
349
0
0
292
373
1
2
0
0
154
0
0
123
0
0
8
47
0
0
0
172
0
1
0
4
3
1
0
6
0
6
290
2
4
3
5
10
5
5
12
296
0
0
0
0
3
0
0
0
29
0
108
6
0
0
552
4
0
204
0
250
0
0
0
0
0
3
0
0
0
10
0
0
0
39
1
1
6
0
1
0
0
0
38
2
0
0
0
2
0
5
0
1
0
119
0
0
1700
5040
16
0
2710
0
21
1820
205
1
1
18
11
2
0
2005
0
2
2
14
1
0
1
29
1
0
2
36
0
354
32
7
4
0
1
0
2
873
1
1
2
0
101
74
0
0
0
0
0
1
39
4
5
0
0
36
3
0
1212
1
1
0
0
0
2
1
0
1
1
1
0
0
2
65
83
2
2
0
0
1
0
0
7
26
0
0
1
2
4
0
0
416
85
472
0
769
0
0
0
0
0
8
0
699
11
27
87
26
0
0
0
0
0
25
69
0
0
52
0
8
1
6969
209
1
24
5
9481
0
27
0
662
5
5
3
75
121
0
0
0
4
53
0
0
23
6
0
1
2
0
0
29
224
4
25
0
0
0
0
108
0
43
0
0
0
2
0
370
9
0
1
13
0
0
21
0
0
0
0
0
1
153
0
0
71
9
63
0
0
0
0
0
132
139
3
6
0
98
0
0
1
8
13
0
521
0
0
3
0
145
12
2202
0
97
0
0
0
7
0
7
1
8
1
0
1
0
0
0
0
87
425
1
0
1
0
0
2
0
5
102
10
0
1573
182
0
0
0
1289
7
1483
6
2
1
0
4
0
0
0
0
1
0
1
614
0
29
0
0
0
0
3
0
8
641
3
0
1
23
0
1
0
0
1
13
0
3
2
0
1706
4
0
0
1765
294
17
0
1
1
12
86
1
147
4
0
0
1
2
0
26
0
64
0
0
2
0
0
2
0
40
0
1
0
0
6
2
4
0
129
1
0
7
0
292
0
2
2
0
5
0
0
0
1
1
0
5
0
0
1
0
13
0
1
1
3
0
0
32
0
12
0
0
62
0
0
1230
24
0
2
4
0
0
12
22
0
0
1
0
197
47
28
1
0
1769
0
0
0
241
1
4
0
0
0
0
0
17
0
218
0
0
1
0
72
34
151
0
139
2
0
0
0
15
34
10
221
0
342
2
659
0
11
0
0
0
0
0
0
0
0
20
0
0
305
30
7
2
24
24
67
0
5
0
0
0
0
0
0
8
7
0
1
320
261
0
0
0
0
34
114
41
0
6158
23
0
0
0
0
3
8
0
239
1
1
31
31
0
1
145
771
1
0
8
164
0
7
478
27
0
132
0
0
745
14
1
7
21
1
0
35
355
55
1
171
18110
447
16
0
1
1
1
1
153
7
502
0
0
482
52
0
0
9
0
7
1
0
0
0
2
1
488
20
3
0
3
0
6
0
0
146
1
1
1
0
18
0
8
16
0
12
0
0
6
0
0
19
1
8
0
5
0
20
0
607
0
0
0
6
0
5
51
0
5
33
0
20
0
63
417
221
13
0
0
0
0
0
8
0
3
76
0
12
1880
5
50
0
694
64
0
0
0
4
2
12
0
0
7
6
0
10
1
0
0
26
2
0
1
15
0
0
0
16
4
1
0
0
0
375
1380
6
0
8
3
115
1
20
1
22
0
859
0
1
322
0
0
60
7
0
2
0
81
9
0
138
37
0
13
0
0
0
1649
0
1
1
2
8
0
1
0
0
0
0
1
7
6931
36
0
0
126
0
0
0
0
17
102
1
0
1
0
29
4
2
73
1
0
1
14
0
74
0
0
0
23
1
186
9
4
76
19
3
2
6
0
0
142
1
1
12
0
30
0
0
0
2
48
0
75
141
3
3
4
1
4
3
0
1
12
1045
7
7
0
0
7
0
0
13
11
0
0
0
3
0
3
3
0
7
190
5
1
0
220
1
0
0
0
1361
111
93
0
17
0
0
9
0
10
0
0
0
12
19
0
0
0
0
0
1
0
6
0
1
0
156
0
6
55
6
1963
0
0
1
0
0
117
0
7
3666
0
215
0
1
0
85
6
8
205
0
0
18
0
4
0
4
424
1
5
5
40
8
1001
0
4
0
3
0
1
0
165
1
2
0
1
0
0
60
0
4
31
52
48
0
1
0
208
13
5
136
0
0
0
30
0
1
0
3
0
0
0
5
0
1
1
0
0
0
0
40
5
6
0
56
0
0
0
7
0
4
1
0
0
341
3
0
9
2
83
130
2
3
4
0
0
15
2
1
2
27
0
25
31
0
1
0
151
0
353
1
0
48
34
3
365
152
157
50
0
587
30
0
0
0
0
4
1543
6
0
0
16
3
0
31
2
124
43
0
8
33
206
3
0
10
16
75
5056
0
0
35
3
0
150
2
1780
7
18118
16
690
2
22
0
0
4
4
0
1
4
0
0
3
2241
133
1670
0
0
0
126
2
339
0
2
1367
5
80
60
3769
0
59
959
1
0
0
74
0
1547
0
0
0
7
19
0
172
21
1
0
3682
0
1
4
0
12
0
93
0
1
0
8
148
2
10
22
2
0
0
1
1
4
0
0
0
41
0
1
0
0
0
0
0
2
0
0
0
11
29
4
0
10
1
8
0
0
0
0
379
638
1300
0
379
0
0
0
0
0
0
13
0
19
522
0
106
8
10
640
0
11
0
0
7
11
2
0
0
773
0
2
2
1
2
4
0
54
83
0
1
202
19
66
0
0
0
89
0
0
1
0
115
166
0
65
847
489
3
263
4
0
8
1
0
2
2
1
21
0
0
32
1272
1
43
7
0
0
0
1
1543
0
0
0
25
224
1
0
0
2
0
0
3
0
164
0
0
0
0
0
0
1
1
0
0
1
3
0
3
0
0
26
0
0
36
2
0
0
1
0
11
0
3
50
2
1
0
7
0
1
0
34
0
1077
43
0
2
101
445
82
3
1
20
5
172
1
0
0
0
1
0
0
0
55
4
0
0
93
0
0
46
0
1
0
0
18
0
0
0
0
347
3
0
0
0
0
0
2
899
2
0
2
70
0
0
0
0
0
11
0
0
2
1
0
949
0
16
0
12
67
0
104
16
11
0
0
0
0
0
2
27
2
0
2
13
5
1
0
0
0
1
7
8
3
0
1616
5
2
0
4
0
38
0
0
3
0
50
0
13
8
2
2
0
2
17
7
334
0
0
0
5
5
0
0
2247
1
0
8
0
0
0
12
4
23
13
0
0
44
1
42
83
0
0
0
21
264
3
8
7
0
853
2
307
5
925
1
0
17
1
0
0
0
0
428
0
20
1
1
130
0
0
0
0
0
0
1302
5
0
22
0
0
0
40
4
720
12
6
0
2
2
0
1
3
196
0
21
0
66
0
0
103
0
4
0
3
4
0
0
0
0
0
20
7
0
33
9
30
1
59
10
1
0
0
1
2
1
0
0
3
0
9
1
5
523
11
0
26
72
0
0
3
0
4
53
0
12
0
2
3
13
1081
0
10
0
0
0
0
0
0
0
0
4
0
2
4
3
5
0
664
16
7
0
0
7
2883
0
30
0
0
0
0
2
24
713
0
8
0
222
4
24
0
0
0
0
0
0
0
0
8
1
0
72
1
1
567
1
0
0
20
2
85
1
0
0
1
0
0
0
1
1461
282
0
7
1
1
0
2
4
13
0
0
12
1
0
2
0
384
0
1
2
3
2
0
31
2
0
0
49
0
285
0
1
0
0
157
153
80
0
679
5
0
0
130
2
1
0
27
0
7
233
431
0
0
222
1
0
20
0
9
30
0
3
0
2
13
3
19
5
0
6
1
0
145
100
19
0
5
1
0
0
20
2
25
0
0
24
1
76
1
33
1
5
0
0
6
2
1
1
6
1
1
1
0
40
0
649
0
114
3
282
13
30
0
0
0
165
8
1
0
0
320
12859
1018
766
3309
0
6805
12050
16
225
8310
13893
1379
16417
12480
28796
354
320
6
79
18462
69
3998
2993
1612
8661
8139
2692
3566
41837
0
10857
12859
14089
35264
14
29864
48
55
3566
1612
69
48
5532
11658
334
15
994
11
163
6057
4238
42733
32711
5532
87
320
38
320
163
38
48
357
1294
220
1098
3
6
8
826
0
0
5686
2384
141
68
4212
7490
82
2992
363
713
18
123
25
1766
154
44
264
1
1
145
5773
0
992
8905
5737
140
6
877
1
28
489
3695
11
13989
590
20
10
59
3708
52
2850
18140
788
59
5
2
6
20
3
4
7884
1305
73
3409
462
0
1
0
77
592
1
1858
8311
3225
687
7
180
1483
0
848
2
4
6
0
124
196
15
1
0
3461
1162
7401
3284
1306
27
228
600
0
1
180
505
207
0
43
10
5
0
8250
1635
888
18865
4187
23628
1302
144
277
134
23
227
441
6
1069
45
351
4235
1928
0
0
124
0
8
0
346
13
18974
0
2597
8080
41
8
466
11
12162
15
0
15384
6025
15265
173
36
83
9
225
0
2
56
411
80
0
10
307
0
403
3716
2
0
9622
5
1413
5505
0
4846
35
23
0
0
19583
2653
15621
1369
439
0
14079
1
8
8
11884
53
0
26
2
0
609
3
20
2
5306
0
6334
10
4
17
50
65
14
0
0
169
2
156
4249
1
27
2577
148
0
20
50176
1
8
2
3113
1
13
0
407
8
0
2822
1513
27
18488
5
16339
0
1
8
0
0
7833
2123
22
4773
54
259
3152
0
109
0
0
3803
307
13319
709
86
0
1
458
0
105
5128
0
1
472
0
0
0
1
0
364
13464
0
1
18
7
0
10
12
3085
0
1017
50016
1
70
0
1318
119
16152
74
5443
3
15
403
1
490
17
17610
150
38
25
4243
0
215
15
16743
1
0
0
1
0
2094
0
0
1275
0
18
918
18
2
5824
57
0
0
1
21
1
137
385
0
1
2104
0
147
11
43
16
5
33
0
53
0
2854
0
1
21
17
0
40
1
22
108
1
0
5
0
17
1
330
43
1
0
0
561
0
0
83
7
0
1
56
2028
138
1
288
17
15516
15
10
49
0
3
82
1
7
606
1
0
22
117
54
5
317
0
2
0
65
0
13165
613
0
0
0
0
531
745
0
0
1
883
99
6717
5
0
106
0
31
0
0
6
68
15
214
1
185
209
0
0
9
4
16
0
31
3803
0
983
587
383
0
0
415
4496
5
3
0
1756
1
4122
2591
622
2
103
19
4
327
5
0
0
0
13621
1
680
45
0
0
2
22
0
18
0
5
219
4463
144
6932
145
0
58
0
0
0
9
0
27
1
12
792
0
348
8106
58
7123
45
19
0
0
20
11
146
0
513
3
62
190
7
0
0
2
6
2
0
6
284
0
1
7
0
2744
0
97
2
376
56
1332
14
3
42
0
714
1
2
0
2
3
465
568
509
50180
234
0
72
0
0
8
0
0
1234
156
122
470
4
1
4
46
22
188
655
24
0
4
0
0
0
1
0
132
2
35
35
177
0
11
2
11
15
0
2
8
0
25
214
1
1
1
3
2499
17
7
0
117
147
1
3
1
1
0
35
1
0
6
8251
50220
120
1
1
2
0
1064
85
0
3340
0
43
10
1
1
1201
3197
0
432
392
10
7785
9
1
119
0
12
58
1
2114
33
616
1
0
0
0
53
0
1
24
1178
3169
103
0
3
23182
1
436
9
7608
205
0
2790
51
10
0
1
126
59
0
0
16
85
1
42
158
1
0
0
1
573
2
0
3
1
0
0
91
4069
3
3
4219
0
20
12
21
2311
74
1
0
4
14
14
8
0
0
1
4393
124
1
14
596
0
0
1233
12
2
0
6930
29
1
0
86
0
1
8
13
0
0
5
2
0
3
0
133
259
20
0
3339
0
2
571
0
0
2
85
0
0
12
60
0
2
9
110
18
0
0
14430
48
0
0
22
1
0
0
277
14
1
475
18
863
946
0
174
0
0
6
39
28
0
36
39
0
122
1
0
25
40
1
3
4
1708
0
179
0
75
6
335
1
1
0
1733
0
1
0
249
121
0
0
73
0
0
6
7
0
0
123
0
2
0
1
681
831
0
1106
1
17
1
0
1060
0
0
0
0
2
0
0
9
1
95
3
6
1110
0
0
2
17
4
1
2750
0
0
0
43
0
0
0
1
10
395
142
4
29
63
0
1461
16
0
204
0
101
0
0
7
1364
8
1
148
9
0
2
5
7
0
31
0
5
2
729
22
0
4046
1
0
0
1
0
0
344
0
0
0
7
2
0
1
10767
1741
1167
5
179
126
170
0
0
0
73
9284
52
189
0
14
0
0
1
1
0
0
0
0
3
0
0
7
0
114
0
444
146
7848
1
6
7
0
0
0
0
1
0
21
0
0
392
0
53
0
46
10
4039
4
447
1
0
0
26
0
12
8816
0
3
0
0
3
0
0
392
36
5
13
0
126
1
6
1608
0
6
1
0
0
28
436
5
0
43
497
8
1
5
5
134
4
0
372
1
13
4
1
1
0
7
0
197
0
123
1
1
0
13
1
0
226
23
118
0
4
0
0
1715
244
19
377
157
0
0
0
28
331
70
107
6698
2
0
817
0
2035
5601
28
7
396
80
0
1
0
0
454
126
0
4
0
3828
1
252
0
0
2
0
15977
0
0
19
0
41
14
0
1
0
0
107
18
2
1
0
77
28
70
0
7
0
4
48
11483
29
33
1
19
27
0
0
1650
141
0
2
3
0
8
0
0
0
15
1
2
9278
93
3
34
29
4
0
1
0
0
1
49
1
111
0
0
6
77
20698
64
697
2
2000
0
2960
0
0
113
0
0
1
1491
0
2
0
12
1
215
0
7
0
0
4
22
5
0
1
409
0
3
858
1550
3
4
14
6
0
0
0
14
1
6
1056
2
4
0
1147
0
1
0
0
0
56
0
0
0
41
650
11910
0
1
1
19
59
177
0
526
7
0
0
0
0
0
1
0
6232
1
471
0
0
150
100
1
0
0
167
200
12
4
1
71
0
2
167
226
0
0
1
31
1
0
8
10553
0
3
120
0
0
12
0
0
1
127
869
0
579
0
6209
0
1
0
32
260
1
0
1
1
17
1
1
12
33
0
29
1
31
0
1
0
4
0
4
0
3
3
37
117
59
57
0
18
1
0
45
0
18
0
2514
0
28
0
9
0
31
0
1
0
40
22
1
0
0
12
0
0
0
1
5
757
3
0
149
0
0
1
0
17
30
23
100
0
31
3
0
58
0
0
20
2
15
0
0
8846
128
0
1
40
1
1184
8
1
7
0
1
1
1
39
7
8
1
0
269
3
416
0
1
0
0
3262
3827
3
12
2
2
10
0
1170
0
0
18
24
0
1710
5
1491
313
0
1111
0
20
0
14
2028
10
2624
214
8687
2668
36356
0
0
0
3
185
0
12
0
3
6
0
1433
0
1
3
29
19
18
5
0
0
18
0
0
1
127
11
0
1424
12
8
1
2
5
22
0
2
359
0
0
16
0
0
20
0
0
13
7
28
2731
1
1
0
0
1
3
0
1
504
0
639
3
8974
1582
20
0
2
98
4
87
0
0
9
0
24
3
0
0
0
2
5
30
0
1
1
0
24
0
1060
6
8
61
4
0
1
14
0
0
18
99
908
9
60
0
0
5
0
0
18
8
0
0
3
254
30
47
47513
0
61
11
4
1314
4
12
5
1872
694
85
114
0
0
0
60
0
2
0
2
0
310
0
3117
0
15
1
2
0
354
15
0
0
24
294
122
4
5233
34
3047
0
1
0
1981
4834
165
1
161
0
10
67
1650
266
0
0
7044
1
0
1
30
123
2
0
44892
0
0
0
7
84
1
0
4
28
77
0
1
0
0
0
109
48
57
1003
56
0
0
83
52
0
0
22
4
1
1132
1
51
1125
2
0
1
15
3476
0
21
0
0
1
1125
24
17
143
1
0
1397
0
1
3
4664
0
0
1
0
11
0
0
0
0
0
0
11
5
369
9
142
37
0
8
2
0
0
0
89
1
1
90
524
0
2
0
10
0
45
18403
0
3
4
1
186
5
0
226
598
40
1
0
0
2
4418
0
0
1
27
38
0
0
259
0
21
366
3
0
26
0
926
1
14
146
0
0
574
0
209
343
38
15
6
3
2789
17
0
41
11
0
0
0
0
4439
0
0
0
1653
0
0
0
1
4113
80
0
0
24
0
4
2
59
0
36
0
0
1
46
6
0
4
8450
225
11
3324
308
0
0
0
146
0
0
7
0
411
1630
0
0
126
335
56
2
2541
17987
0
0
57
2893
27
17
4
0
3
850
9
0
0
0
17
0
749
0
74
206
31
0
39
5999
313
5
0
0
0
5
170
228
955
1785
27
3
0
0
0
4981
1
52
90
0
13
0
6335
8
0
17
22222
604
0
0
0
0
0
0
0
0
1
13
189
238
39
2
667
67
7
5
2
0
3
0
146
0
1167
188
198
5
0
0
0
52
0
877
14
0
81
0
0
22
2
363
26
1
1
4
0
51
0
1
0
0
2562
1
0
14
234
161
4
0
3
8
90
0
27
0
0
320
1
101
146
0
556
0
0
17
93
16
91
1
57
977
0
0
18
26
0
16
201
1
0
0
1
0
3
1
22
0
3
76
3839
0
14
0
1
4
0
2
0
215
7366
14
58
14
0
5
7
6
1
0
37
0
28
7
8
4325
12
24
0
0
2767
27
0
11
45
0
8
7
8
1
0
6
201
260
0
1
2357
2
35
2
11
11
13
10
0
5215
0
1
275
12
4
0
0
0
71
0
0
0
0
10383
0
0
16
2
2032
3
0
0
2927
0
769
38
6
26
3166
3
606
2
176
314
28
2
3
0
7
58
2
0
399
0
262
0
1
0
9
0
0
120
2
276
3937
0
0
0
0
0
0
0
0
61
0
0
621
209
0
199
46
0
0
20
43
0
0
60
5
7
3234
0
5
0
0
0
441
2
4
10
26
14
0
0
0
2
1
0
34
0
78
0
252
19
2
0
3
71
2
0
487
0
35
9
0
1
18
0
7
0
6
2229
0
14
0
1
0
8
0
0
1
0
11
0
0
157
1
1
0
77
0
286
1740
0
0
876
135
0
0
3
464
62
0
0
0
9
1
1
0
224
27
4
3
12
0
0
98
9
0
71
1
210
0
0
0
0
0
5
16
1
6
3
0
0
1
0
0
1
0
0
0
7
14
0
0
0
3
58
54
1
41
51
290
0
4
2638
1
0
0
98
0
2
0
1
0
10
0
15
0
0
3
0
269
88
548
2808
1
0
0
603
0
0
2
58
5
484
27
0
0
0
0
0
837
0
160
1
147
0
1
0
1623
0
0
1
0
9
3
0
44
32
0
0
11
3
1
0
0
0
2
5
18
0
374
0
68
0
77
117
0
107
0
212
0
1817
379
2662
0
1
4
5
3
1
0
20
2
7
0
2
33
36
7
5
0
0
1130
1
1
19
3
7
730
0
280
2
2
3
39
1
0
0
0
19
2
3
3
3
0
0
0
2
2545
0
0
3
1
353
0
1
936
5
0
455
0
5
0
57
45
7
5
78
54
0
4
35
2
5
2
0
2
32
0
556
1
2
0
0
0
0
1
0
3
1
21
77
0
19
0
0
0
1
710
9
0
0
33
463
724
215
0
7088
2
4
0
6
6
0
1
52
34
0
6
0
24
24
5
266
0
4
0
1
0
0
1
11115
302
8
153
87
99
0
0
3
0
0
0
1
3
3
465
31
0
190
0
38
0
1
0
3
0
77
0
872
0
13
0
1
0
17
0
2
1636
0
1
38
2
33
1
0
11
0
0
16
5
0
0
66
2931
286
0
0
69
1
0
0
2
26
82
0
17
418
83
59
13342
23
6
20
760
885
2
0
8
0
14
1
0
0
33
3
0
53
14
0
1
13
15
91
1
0
0
766
0
0
0
0
5
3
0
3
18
0
899
0
0
12
0
0
265
15
68
0
2
0
0
0
7
0
0
91
438
1
0
189
8
0
28
14
0
254
0
16
0
121
3
43
1
0
27
0
0
44726
0
3068
14
0
3
0
5
1085
1
13
2
33
486
0
0
4001
4
0
0
0
99
5
53
105
0
1
5
1
1
5
0
0
1
102
0
4
0
0
0
0
0
4
0
8
1
9
9
0
5865
0
0
2
244
326
0
0
1363
60
3616
175
5166
6
0
46759
9
26
0
3
6
362
0
54
464
2
179
0
130
499
0
0
51
0
0
1
0
8568
9
27
16
0
0
3
0
0
0
0
3
20
2
8
3
254
9
0
11
4
0
3
4
0
6295
0
448
0
4
0
0
10
16
0
12
0
0
82
44
0
42
0
0
446
404
8
21
653
0
5
0
0
0
8666
631
2
10
0
0
1
0
2696
0
117
5
2
0
5
9
0
0
0
0
9
0
0
4
0
0
39
111
16
32
0
1
3
1
4
0
3
2
0
1
677
368
3
45
1
2
4011
0
0
896
0
169
157
164
9
4
0
3
104
768
37
1
8
2
155
0
16
0
0
0
0
5872
0
0
0
0
0
7
10
1
2
0
3158
9
1
1
17
610
1
7
64
98
0
0
0
1
0
1588
0
33
0
0
0
1
8
0
2
126
216
1
12
89
0
7
0
0
4700
50144
8
0
318
0
18
135
0
78
1
0
0
0
0
88
0
0
0
0
1
2
0
6
0
31
0
0
0
3
1502
1
132
185
102
891
0
0
0
1218
0
0
5
0
152
1
76
0
872
68
0
131
28
4
0
1
0
0
0
0
4
37
0
1
0
0
0
0
0
4
0
17
3
7588
0
2
0
1441
0
5
44
272
0
700
0
0
0
4
1673
1237
6
0
2
0
0
1
12
1
2
745
0
0
4
119
0
0
8
189
2
1
101
0
2
1
3
152
0
39
2
21
84
8
0
5
0
3
15
0
0
0
5
311
1
0
0
0
22
0
0
12
0
6128
0
2
0
0
0
0
0
3255
2
0
68
12
0
2
0
0
0
2
1
0
2
1984
1049
1
0
11
0
0
44
220
0
88
0
10
1
24
2
2
0
146
0
1398
13
1
0
0
0
65
26
1001
1
24
1
68
2
19
0
97
1
0
1012
4
72
4
1
2
1
4782
1
328
0
3120
1
4
28
0
0
130
2
0
147
0
0
3430
0
0
8
5476
0
825
0
0
2
0
0
7
0
0
0
6
0
550
0
9
0
221
3
0
0
0
1
1
403
0
0
2
1
0
2
3
1
48
0
728
28
0
0
3
0
96
0
7
152
249
489
9
16
61
2
0
0
0
0
0
37
0
0
4
0
0
0
0
0
275
13
113
1
0
10265
3126
0
1172
1
1
0
107
384
83
0
0
4
2
2
491
4
182
36
0
0
65
2
0
5
0
0
0
10
0
5
1
94
0
15
91
0
12
0
0
0
22
2
0
0
2
0
0
0
9
6
110
2
1
0
0
59
0
1186
3701
0
0
0
0
201
0
0
20914
0
0
1
0
0
184
0
0
4
0
11
7
20
8
3
86
875
2
0
6
24
187
0
0
322
0
0
5
20
42
38
0
0
4
1024
44
1
3
1
0
229
0
2
29
0
24
0
0
2
13
0
63
0
1
9
0
495
14
0
0
0
84
0
0
0
0
0
12
2
0
0
1
12
0
0
5
2
0
17
1
0
2
0
2
3
0
1
9
4
0
2
20
0
5706
1
1
0
0
2028
6
0
0
0
1
0
0
3
0
53
0
1
42
1
0
19
4
7
50
119
2050
0
0
5
290
0
0
18
2
2
0
0
6
0
0
0
2
6
0
0
2
23
0
1
99
110
0
12
1016
12
33
0
1
428
0
1
0
1
1
0
0
63
0
7
0
21
42
57
102
3
0
1
4
2
0
1
0
0
2155
2
108
0
0
0
0
270
0
0
4
2
0
0
23
5
58
0
1
11
392
0
0
9
8
0
3
0
1971
0
0
65
0
0
0
1
2
0
311
6
0
3
34
1
0
168
2
0
0
0
1520
0
17
0
0
64
0
42
25
40
6
2941
0
2
2
0
71
0
1
30
1
1202
0
2
12
4
0
0
149
6
47
50
2457
0
396
22
0
7
1
0
18
5306
0
0
7853
0
0
0
1
1
0
1
178
9
4
0
336
22
836
1
145
1
0
1
187
0
0
1
1
2074
0
6
10
501
0
381
0
4
3
3
16
7
1
0
25
3
0
35
1897
90
10
0
4
5
62
15
327
189
1
0
0
0
34
3834
3
0
5
15
1
42380
0
0
5
1
1
0
0
3
0
13
0
0
4486
1
0
16
26
0
107
0
158
123
1
10
1812
34
0
4
1
0
6313
1
0
1
1
874
0
0
0
468
0
0
2
51
669
1
0
80
1
0
14
0
4
0
0
13
41
3
0
73
3
0
21
46113
0
0
24
30
5
0
0
32
0
0
3
1
4
0
3
5
0
0
0
18
0
0
32
67
1
0
2
0
1
0
0
10
6
3494
0
2
27
1
0
27
0
4233
0
336
94
0
1800
3
0
0
48
490
0
0
0
0
392
0
114
19
5
1
46
0
0
0
24
14
1
0
0
5170
1
0
11
0
0
1
2
9
9
0
1
4
40
19
0
23
0
4
0
1
1
9
8
0
0
25
186
191
0
494
0
1
0
0
0
40
2
7
24
0
0
0
18
0
676
132
3465
0
8
0
0
114
0
1
4
3376
1
0
2
0
13
192
1130
68
97
33
0
0
0
20
340
0
2
1
3
0
1
103
131
9
147
5
32
0
0
0
87
0
12
4
117
1
0
2
0
262
0
1
0
0
10
1
0
0
0
0
2147
13
44
0
6
0
3
0
0
20
3
28
20
2
0
0
1
0
4206
0
0
10
0
266
661
1
858
562
3
3
2
0
35
3182
0
37
170
1
379
0
2
26
522
55
1
13
294
164
0
1
0
100
14
29
0
2580
0
1
8
9
0
43
0
11
14
30
615
0
0
9
0
0
1
5
0
15
1
0
0
1
0
6
3435
0
0
13
1704
0
1
8
410
4
1
4
18
0
5
36
0
0
6
0
0
0
1
20
4
2
1
3
9
202
0
0
2
4
30
83
7
49
21
57
1
1
23
0
0
0
11
62
1
0
1
0
0
0
19
8
377
0
3
0
0
1
148
14
1
0
0
1
270
0
30
414
1
245
1
1
0
0
15
167
0
1211
1
1
214
0
7
0
6
0
0
1
0
330
537
0
0
0
0
0
4906
0
0
0
0
0
0
0
0
6
1
0
53
0
0
58
0
271
0
4
0
1
1
0
0
1
0
0
17
0
29
268
0
11
6
2
118
53
15
0
0
0
3
0
48
320
2
47
18
2
0
9
3
1
0
7
0
37
85
106
150
0
0
13658
0
2
6
101
978
0
0
1
10
0
0
19
0
0
146
37
0
370
0
23
0
31
126
344
1
5
0
0
3
0
57
0
0
210
1
1
373
2
0
0
0
0
22
1
48
19
20
6
119
444
1
198
0
0
0
96
1
0
0
151
0
37205
0
7
2
740
4
125
0
445
1
24
14
1
18
7
0
0
0
2
6
5
12
4
0
526
0
1
0
3
0
0
4
0
13
18
0
8
0
0
0
0
0
0
9
1
0
0
60
24
11
111
0
0
12
24
12
0
0
19
0
5
0
0
19
0
110
5
0
0
22
1866
6
42
18
0
351
0
10505
125
447
0
0
62
46
0
47
0
0
0
6
0
30
43
0
0
78
0
0
1
2
1
0
0
0
0
0
187
0
27
0
0
5
0
69
3
0
1
27
19
304
92
133
19
0
3
0
932
111
1
1
1079
0
295
16
3
6
19
2
0
6
0
4
61
940
54
27
2
3
0
252
0
0
10
0
47991
0
75
0
0
0
0
0
163
1
0
0
4
142
11
0
8
6
1
24
0
0
4
0
0
206
0
0
0
1
331
0
28
1
24
4
0
90
884
0
1
0
108
3
4
0
1
112
0
8
1
6216
0
1
1
1
49
8
86
1
1
98
0
40
33
0
0
0
11
15
0
0
0
17
0
110
7
1
2
0
381
335
222
10
0
11
8
21
0
67
310
2
27
0
0
0
0
0
4
0
107
273
2
0
2
3
165
18
4
1
2
0
0
0
0
160
0
1
1
432
10
0
1
1
110
1
36
10778
1089
0
0
0
4
0
113
173
0
0
0
7438
1
0
559
0
1
42
0
1
0
79
0
0
5
0
77
0
0
57
0
199
0
0
1
0
0
0
2336
0
4
39
1
6
12
1
922
0
0
1
5
20
4
16
0
2
0
527
0
0
10
0
6
15
563
1
2
0
13
12
1
0
166
0
47
672
0
1
5
0
141
0
799
0
1
1
1
0
1
7
0
0
43
0
0
1
1
0
0
1
0
0
2
0
0
0
1
179
8
2
0
59
64
0
13
0
20
0
0
0
31
20
0
0
1
0
23
1
529
0
0
1
10
21
0
0
13962
74
0
0
0
238
0
0
0
0
0
10
0
671
1
3
486
0
59
0
0
0
1
46
0
0
5
6
0
0
0
7
0
0
357
4
55
2
11843
10480
0
0
61
0
3
2
0
1
13
1
0
2
0
8
259
1
130
0
1
0
0
76
0
22
0
0
0
111
957
0
1
0
4292
0
1
0
0
0
53
0
0
0
0
3
2
3
0
16
7
4
134
4
18
2
9
0
0
30
10
92
122
8
467
2780
3
18
919
94
134
0
0
0
0
22
0
0
3822
0
0
0
6
84
0
936
0
38
0
15
0
5
2593
0
0
0
1
17
1
94
15
0
0
4
2
2
3
0
0
0
4
6
3
765
0
0
86
22
0
5
71
372
0
1706
450
0
1
20
0
0
110
0
13
0
69
20
0
0
0
1
36
1
12061
0
2
46
4
0
1
472
4
0
0
22
0
15
0
12
3
11
108
8
1095
0
248
0
0
8
1
1
0
1
113
1
105
111
0
0
31
0
72
0
2
0
4
8479
0
11
4
353
2152
0
77
0
0
3
3175
29
30
13
0
62
150
0
1
0
2
1
50
44
3
0
0
1
0
0
434
1
1170
498
0
5
30
0
0
307
0
2
8166
33
0
2
0
1
24
0
2
11
7
0
0
3
1075
0
0
2
343
81
4
0
19
0
108
0
0
0
44
14
0
0
2
4
6
234
32
4
14
4
0
175
90
0
0
0
101
2
0
10701
2
130
0
1
6298
0
43
0
2
343
58
0
0
26
1
2
0
3
1
1
10
0
0
1
11
3
0
49
1
33
0
0
0
0
11
58
273
0
0
0
0
0
1
6
1
0
13
8
494
9
220
0
0
0
2
0
14
10
4
892
2
0
0
1
0
5
13
0
3
0
18
0
44
0
5
2
0
42
1
0
0
0
99
0
0
17
412
2
0
590
4
34
6
2
5
5663
983
0
0
567
193
0
12
332
0
62
49
0
36
19
292
4
0
0
0
0
13
0
0
0
4
0
0
1
801
0
0
218
12
1
2
5
0
1
0
475
0
1
0
7
67
80
3
0
1907
11
1
5
34
8
0
0
0
6
21
0
0
0
0
41
0
0
27
245
26
1057
0
2
0
11720
58
357
17
1
4
152
5
78
0
1
407
0
3
1081
0
0
0
0
3
0
19
0
160
510
0
1
0
1
0
1535
5
59
51
599
0
0
6551
0
0
0
0
0
1
0
0
3
0
2
1
0
1
76
6
3
3
28
1
1
0
1326
0
0
10460
16
0
13
0
17
166
27
0
0
0
11
2
0
15
0
112
0
1
7
0
1
1
50
0
1
0
19
9
4
0
0
0
4
3
27
0
0
1
0
365
0
1
1
19
154
513
0
1
0
0
1520
230
8
0
35
3
101
0
0
47
13
0
27
55
12
0
0
163
0
1
1
0
24
0
45
0
8
0
107
0
3
12
4200
0
43321
3
5
19
0
0
1
107
0
485
0
1
0
0
356
0
0
0
3
9
692
0
0
1
3138
0
8
44
3
220
2
212
1
53
17
15
1895
4
0
0
0
90
0
4
21
0
2
0
0
0
1
1
1
0
0
0
1
150
3
4
0
1
0
64
0
4
2764
5
3
0
0
1
3
4
0
3
8
0
0
10
11
1323
0
0
0
2
33
0
0
0
0
116
1
1
4
8
1
0
8
0
0
1
0
0
0
0
0
27
523
0
0
0
0
2
1
4
0
0
10
3
0
41
37
1
0
5
396
0
0
0
6
32
6
1
1
0
0
0
1549
0
0
207
0
25
0
5
250
1
8
1237
2
204
0
0
0
64
117
27
24
0
0
0
14
84
0
0
0
1
0
1
0
3280
359
16
0
299
0
85
216
0
1
0
0
20
147
682
0
0
5
56
61
59
20
12
0
0
4
0
7
614
6
4
300
2977
0
0
331
11
23
489
0
67
2085
0
113
0
0
0
7
0
0
1
0
0
1
62
7070
7
1
0
1
28
108
381
1
0
1307
0
950
0
0
0
9
62
0
3
2
34
1
0
0
14
18
0
0
0
0
1
8534
4
29
0
4
864
0
197
1
1368
0
37
404
0
14
138
0
0
184
0
0
1
866
6
0
102
2
6
0
0
1
1
1
0
0
0
1957
0
30
3
25
180
0
1062
1
4
0
0
12
2
1
4
95
0
1
0
8
55
0
94
14
0
417
262
212
40
0
1
0
1
3
0
6018
11
0
2
1
0
9
4
47
157
19
10
2
0
2
14
0
2
0
0
1
0
330
0
680
41
0
0
1
2
275
0
0
0
0
0
0
2
0
3405
0
63
0
439
244
0
101
4
0
18
2
138
64
47886
0
0
4
0
0
0
2
1958
0
1
0
0
0
0
2
7
13
44
128
0
20
21
103
1307
3
59
0
2
25
1
0
57
0
11
4
0
0
0
225
10
1
106
147
0
4
10
0
0
0
2
4
0
185
0
30
2
0
0
688
13
0
26
85
2
0
13
1962
2
10
0
0
872
0
0
41
1
630
0
6
12
0
5460
0
1395
2187
1
5
1412
35
7
0
0
0
3
1
0
323
0
145
0
12
0
1
470
0
2
22
0
0
231
3
1
0
11
0
3
0
1
41
3
0
1
20
0
0
1752
0
0
0
0
28
0
0
0
100
17
5
10
1132
11
12
0
0
0
0
3
1
0
1349
1
99
0
5
0
0
8
13
3
0
4
1
0
18
18
0
0
0
21
0
3
0
19
4240
0
13
1
0
24
1
1
1
0
0
1
24
12
0
0
8
36
374
0
0
1
15
0
1
0
0
9264
0
34
0
12
0
0
0
0
4
1
0
0
38
1
42
0
863
7
0
2
2
0
1884
32
1
6
0
4
3
0
229
161
4
129
1
464
120
0
1257
89
2
1
594
0
1
0
492
0
0
1236
21
0
0
1
1
8
1
0
69
0
0
0
1
0
0
33
0
2
0
3
0
0
4
14
0
137
2128
1
30
193
10
3
0
411
0
0
103
0
1
0
0
2
32
0
1
2
345
0
16
0
122
16
0
2952
0
1408
29
0
1
0
0
0
0
1
0
0
2
4
0
7
0
118
0
54
1071
0
408
0
1
9
18
12
1
6
0
45
0
2341
0
2
0
62
0
179
3
36
1
0
0
312
65
0
0
1
2321
3
9
0
0
2
2125
1055
5
0
0
1
66
0
0
0
0
0
0
0
111
5
3
0
77
6
169
31
175
0
0
0
2
0
875
7
1617
1
0
1
8
0
0
0
0
0
0
3
2
8
0
2
0
201
0
0
20
5
283
2
2806
1
0
0
5943
354
4
0
1999
24
7
63
20
127
0
0
52
0
0
0
3
0
0
0
37
0
4
0
0
389
0
1
33
2
0
0
57
0
26
49
23
236
5
65
0
0
0
18
0
252
4
5
0
0
0
93
0
6
0
0
0
69
60
3
38
1
0
1
6
247
0
0
62
0
10405
0
2
1
610
0
3
0
0
0
1
0
0
0
0
0
3
8
0
0
4
3
0
21
0
0
0
25
0
656
1
1
3
0
1
0
1
1
0
13
0
0
0
0
61
0
0
0
2
0
0
1
0
197
0
0
0
43
0
0
4
6725
121
0
16141
51
3
0
0
8
0
2
0
0
0
1
0
41
1
0
0
0
324
0
0
3
0
387
0
5
1
0
0
0
23
0
1
33
160
135
1
1
4272
0
23
1
0
0
661
5
1
0
0
1
0
3
0
0
25
0
0
15
961
316
0
708
4
0
874
0
0
31
36
0
4
8
0
0
0
0
54
44
0
9
3
0
0
203
3
5049
38
4
0
0
6
1
0
1
30
147
10
21
0
398
10
0
5
4
0
1
0
0
1140
0
23
0
15
0
0
0
0
0
0
0
2
36
42
2116
2
0
2
0
355
5
38
0
3
0
0
0
2
423
0
0
2
161
3
0
0
4
0
0
8
21
29
35
0
0
0
0
1134
0
2
0
124
4
1
0
0
0
1020
1
0
779
0
0
43
158
2032
0
0
1208
1
13
0
2
1
343
11
14
1
0
7
5
170
0
197
71
12
7
7
0
0
27
0
1
0
1
2
448
0
220
0
0
1
14
0
8
1
2
0
0
663
0
2417
0
1
526
4
4
4
0
12
0
0
0
0
0
0
0
1
1
4
7
1
87
20
8
1
475
0
4
0
0
1
0
2
587
1
0
9301
247
250
321
28
17
280
1
444
0
4
96
0
4
7
1
425
0
28
8
38
0
24
1
0
0
0
81
3
2
185
4
0
99
0
10
0
0
0
0
0
0
0
0
0
2
5
4
4548
68
0
0
31
6
110
0
1
0
0
2
1
6
31
40
43
3
0
0
1
0
0
125
204
61
15
0
0
4
0
834
0
18
0
2
21
1
609
0
0
6
1
0
2320
176
2
1307
348
24
1291
0
2
0
0
0
0
0
0
0
0
1
4
0
0
591
4
2
252
2
8
0
1969
0
17
1
40
6
0
4
505
1
182
3
1
6
0
0
1130
0
0
1
0
1
0
2
5
6
123
44
8
14
1
716
0
2
6596
1
3
3
5
656
2
0
0
0
1
0
180
9
0
1
0
0
1
0
6
1
0
1549
1
1
0
0
0
0
19
0
1
17342
0
0
83
0
2
1
0
206
1
6
1
1
0
24
0
0
0
0
0
340
1
317
81
0
0
21
0
27
0
0
0
2
5090
0
1
284
64
1102
1
0
7
0
1
1
1
0
0
0
83
2
58
277
46
0
3
4
0
1
0
2
1
0
1
2
0
14
13
0
0
189
0
0
0
17
72
31
23
94
1
0
17
1
0
58
4
3
2
1892
4
87
0
1
0
0
7
0
2
0
139
23
315
25
1550
70
1
1
0
0
5
0
0
0
0
0
0
0
0
0
23
0
5
1
1
0
0
1
0
0
0
0
95
0
0
7
1
8
0
4
17
0
0
1
0
0
0
1
0
679
0
0
20
12
0
0
8
0
45
0
104
12
0
1
0
0
0
3
14
2
14
20
1
0
7
343
0
0
9
0
42
0
0
0
2
2
0
1
8
10
0
30
759
0
0
0
0
0
129
0
171
1477
0
22
0
1
1
16
15
0
4
0
2455
0
5244
5917
0
1
5
13
20
0
8
2
15
1
0
0
4
8
0
0
2528
0
25
1
214
0
0
1
0
0
0
5
0
0
0
26
3
14
0
0
1
2
0
0
328
503
0
0
3
0
96
42
221
15
1
1
205
10
4
0
0
0
13
0
27
0
77
1
0
5
0
59
17
0
0
1
0
0
6
0
1
3383
0
57
0
2
0
0
149
1
0
385
0
0
0
3
0
4
0
0
1
45
7
1
7
198
6
1
1
0
9
0
32
88
68
0
4
1
0
0
1594
0
0
1
2
0
0
77
0
0
7
4
25
0
0
0
0
0
17
0
0
0
52
0
71
0
0
0
11
1
48
0
35
1
0
0
0
0
1742
0
48
2
106
3
295
1020
0
0
48
60
6
2
25872
2
1
0
0
0
0
1
2693
37
0
3
0
525
8
5
67
0
0
0
0
0
32
1
8
0
1
203
0
0
3
1
0
1
1
7
688
3
130
0
0
0
0
0
5
1
0
4
48
0
0
46
0
0
1
18
0
7
12
1
7
4
0
2
703
0
0
1
5
227
0
1
6
0
191
0
123
44
1
1
7
0
0
0
0
0
8
0
13
5
3
172
7
0
1322
0
3
3
0
0
19
4
10
431
2980
30
1
0
16
0
25
1
3
0
0
1
12
2
4
0
0
439
13
0
31
0
37
5
3842
0
0
0
3
251
0
1
5
0
405
4
9
199
0
58
0
0
0
2
26955
4
0
0
0
0
0
1
3
0
45
1458
4601
1
4
0
14
0
0
1
307
0
4
0
1
0
0
0
149
0
0
0
0
11
2
0
0
0
0
2
0
43
1
0
9130
0
0
0
145
0
0
0
916
1
1575
5
3578
18
0
0
225
2
0
0
0
0
0
17
0
4
0
3
0
0
14
5285
422
1
0
0
0
0
0
5
0
1
59
0
1
0
2
18
1
0
0
984
2
75
0
3
8
0
0
0
0
0
0
0
8567
4
129
0
0
19
69
11
4
6744
1
49
1
3
0
6
0
0
93
0
0
0
8895
0
0
1
4
30
0
0
1
5
29
19
4
0
1
0
21
1
0
448
223
0
0
2
0
6
0
0
0
0
263
223
25
1
0
2
11
14
12
0
1
0
50
445
1
0
2244
0
10320
2
2
12
0
0
4
0
152
49
0
0
1
0
2
0
0
99
163
0
21
2
0
0
0
2
0
165
0
1
0
95
1
1
62
0
1
0
0
1
0
0
5794
0
31
0
6
9
0
39
45
232
1
215
0
1
38
4
2776
0
0
97
0
0
30
1
1
0
0
13
0
0
0
0
0
156
0
0
114
81
450
0
0
0
34
1
14
67
0
2
1
346
11
0
4
2
0
0
5
0
141
22
0
1
0
0
0
0
1
8
31
758
8
1
1
1
10
18
4
0
0
9
5
1
0
686
20
105
2084
23
4
0
315
0
1
3
0
612
1
0
0
0
302
0
5
135
0
3
14
0
0
0
0
1
6
1
129
0
0
15
0
0
10
1
4
0
0
5
0
0
30
0
0
28
0
8
0
28
2
0
0
2
0
1
0
0
3
272
4
0
7
82
2
15
13
0
0
9
62
0
0
0
0
2
0
0
10
2578
0
27
0
1
16
305
2
14
0
25
7
2
0
1
0
58
0
0
0
53
16
0
0
0
2
71
0
0
0
0
2
31
18
4
2
0
48
83
2
0
0
0
1
59
98
0
2
1
0
0
0
8591
23
0
0
54
0
0
117
0
0
13
2
0
19
31
109
146
1
12
0
2
0
17
0
1
1
0
123
0
4
415
0
0
10
7
0
0
0
0
1182
0
49
1
245
2
2
0
5
0
0
11
2
32
6
0
312
3
1
1
0
481
0
12
1208
115
0
0
0
2
0
0
0
1
0
0
6
0
52
2
0
14
0
0
9
0
0
0
12
0
0
0
60
0
10
0
23
10
16
0
0
9
0
1987
3
0
4
0
76
27
0
7
0
0
1
0
497
2
0
1
1
3
13
0
0
0
2
178
0
0
5
0
843
7
0
0
0
1
9
0
0
0
0
1
0
707
0
0
0
1020
0
144
82
0
544
0
60
0
1
0
0
583
0
2
0
0
0
0
64
0
2
3
1
1
22
3
5
676
200
0
0
2
1
19
152
6
0
83
0
1150
0
4
550
0
65
0
12
2
760
223
3405
0
102
2
0
0
0
0
1
13
3
152
6
16
0
7
3
0
0
0
31
52
40
0
9
0
23
291
0
512
0
1820
4
0
1
0
789
0
0
0
0
0
3
1
1
0
0
0
0
0
19
0
0
35
0
40
0
156
1
4
0
0
1
0
4535
2
0
1
0
2
70
0
0
0
5
0
21
528
0
8
30
1864
347
0
1720
1
10
0
0
2
14
3
3
8
0
16748
2
233
990
0
2
0
0
1
0
0
0
0
16
65
2
8
0
4
9
100
23
66
0
0
3
2
31
0
2
0
0
0
304
0
0
0
0
0
15
68
0
1
8
0
10
0
0
10
21
3386
56
0
646
0
3398
0
10090
10
3
195
0
8
0
1
8
2
0
3
108
0
1
0
0
0
146
0
0
3
630
0
2864
25
0
0
13
0
2581
0
2
0
1
0
74
11
42
0
48
0
0
0
0
0
156
76
0
1
8
1
0
1
27
2
1
0
22
25
111
0
0
0
1311
516
0
0
5
0
1
0
12
0
444
0
448
838
1
0
4
0
475
78
1
1
342
0
1
0
3
221
201
1
4
4
62
93
4
0
0
4
0
4
272
0
0
0
2
0
0
25
0
8
28
0
0
0
426
0
1
0
0
0
446
401
3
0
0
2119
2
104
2419
0
0
6
4
0
0
0
3926
0
0
11
0
0
0
0
32
0
15
21
1
0
5
1
74
702
0
0
41
74
24
0
0
0
0
8
1
0
0
0
3
97
0
1
0
0
205
0
0
1
1
3
22
1305
1
0
20
0
0
8
2
7
0
1
0
0
2
158
39
0
380
0
2
141
2
0
6
106
340
0
1
7
8
0
613
1
42
2
0
1
0
0
0
0
343
0
3
0
0
1
1
0
87
0
44
0
16
3
1
0
0
27
10
78
0
5
22
2795
3
0
105
0
48
477
0
3
435
4
17
3
0
5
18
0
1
5
2
0
3
0
1
1
0
0
55
5
47
0
598
0
3
0
289
13
0
34
0
0
392
144
149
1513
7
1
60
0
556
0
138
0
345
1
0
238
21
3
0
3
0
116
2
3
219
0
1
0
0
0
1
1
26
0
1
0
0
2
0
0
0
2
1
52
0
1
0
2
0
54
2
0
16
0
0
3
0
303
2
571
0
2
3897
1
1062
1444
72
19
16
0
0
126
0
147
2
0
1
4
0
0
454
2701
1
97
0
8
0
58
235
0
0
295
29
1
2
0
0
0
170
13
0
0
0
0
2
0
3376
0
19
0
0
0
2
0
0
3
13
0
11
3
5
3
0
2
0
8
0
0
137
165
0
0
0
0
0
0
1
0
0
3
632
2
0
34
2
1
0
146
3
0
1
5
11
0
4
0
0
24
7
7
0
57
0
384
0
0
0
0
0
0
1
5
0
16
22
0
25
3
0
0
513
0
108
1
144
2
0
282
5
0
46
0
2
0
2
8
0
5
8
0
0
0
0
0
23
21
0
0
3
0
62
0
0
0
0
0
0
0
113
2
127
7
0
47
0
10
2
5
0
1
0
0
0
0
1
324
4
0
0
0
63
0
1
712
0
0
0
5
217
1
2
0
0
90
261
3
157
13
3
126
405
0
0
0
0
0
0
0
2
5
0
2
2
0
0
0
0
0
19
0
1
0
238
0
0
1
0
0
1344
0
2
0
0
0
0
0
104
0
590
194
228
79
3
0
0
13
0
0
3
0
45
1
7
15
660
1
0
9
1188
2
2
11
3
1
305
0
0
1
0
0
1
1
0
0
0
5
4359
68
3764
0
0
0
1
0
2
9
638
31
1
1
92
0
2
0
37
0
36
304
0
0
0
2
0
2
1
0
0
0
0
19
1
0
52
0
1041
0
1
1264
2
64
1
12
4
162
553
32
0
54
307
0
0
25
2
0
0
2
0
53
0
5
52
1
0
0
0
0
0
820
8
0
0
0
0
0
1617
1
6
0
2
0
0
0
41
0
1
142
0
0
20
0
4
0
0
12
175
7
23
1
18
2
4
7529
137
88
2
35
1
0
4
2
102
1
8
0
3
0
25
0
37
0
28
186
0
648
2
29
0
0
0
34
0
1435
0
3
78
1
1
5
4
0
1
0
3
27
0
133
80
0
2
5
4
0
37
8
118
1
48
23
30
2
47
0
77
5
2
0
0
47
331
1
16
2
24
1
1
0
2
8991
0
864
0
0
0
10
0
7
4
374
6
0
0
0
0
0
23
2
0
3
0
54
20
0
2
74
0
311
56
0
0
11355
19
0
23
8
1
0
0
0
15
36
10
2
35
56
0
0
4
0
0
0
3668
0
0
3
20
0
48
26
0
9376
167
1
0
6
45
740
2
0
0
0
12
0
1
396
0
0
0
3
0
15
64
0
0
48
0
4
2
0
1
31
23
4
55
3
20
0
0
1
38
1
0
0
292
549
8
24
1
407
6
16
0
18
0
0
170
0
0
0
2
2
17
1
3
1
0
13
0
937
31
0
3
110
21
0
0
0
5
16
1
0
0
1
53
2
2
0
2
85
1
0
0
23
8
0
12
23
0
1
37
0
0
1
1
17
0
0
5
1
458
0
0
0
0
0
5
2
14
5
11
0
546
1
0
4507
269
138
1
0
0
1
0
0
0
0
0
63
10
0
22
0
0
135
0
0
0
41
0
10555
0
2
0
5
118
0
1
26
0
0
1175
346
10
0
3
0
4
323
0
0
0
0
0
0
0
3
3
0
3
0
5
1
0
80
1
0
0
1
2
1
13
0
0
0
12
4
1
0
707
1
143
111
64
0
7
0
0
1
1
0
0
1
2
0
0
0
0
0
0
0
96
1
1
170
4
0
64
0
2
0
0
3441
4
0
0
0
1
0
21
9
0
30
125
0
0
28
3
0
4
0
0
64
1
196
23
2
0
1
0
0
0
0
2
0
588
30
1
577
74
2
0
1
0
0
0
5
4
2
21
0
0
0
193
0
0
33
13138
0
1
0
32
1286
0
0
0
0
2
1
144
0
16
27
0
157
0
6
5
0
8
0
16
3
2
6
736
1333
2
5
0
0
28
0
0
43
0
10
3
11847
243
0
0
0
1
2375
8
4079
106
0
0
0
9691
1
5
1
0
0
0
4
0
0
255
5
0
0
139
0
3
2131
550
1659
3
506
12
0
15
0
0
0
2
1
0
0
36
0
0
1
0
139
9
172
1
1
176
8
35
0
94
0
0
0
2
9
0
0
0
90
0
0
333
1
0
0
0
0
0
1
5
36
0
5
4
0
39
1
0
1
0
0
357
197
0
0
4542
20
1
13
0
0
0
1
698
0
0
0
0
0
18
0
2
0
0
11438
1
0
0
667
138
0
50
0
0
0
0
0
0
1
0
0
166
0
0
55
140
0
0
0
0
0
0
268
0
0
2
9
112
0
1
0
1
0
2
3
0
59
0
0
1
7
0
0
0
18
49
0
341
7
8
23
2
0
54
0
0
0
0
187
0
0
0
233
7
749
1
0
0
21
0
0
0
6
37
0
0
2
503
1
269
3
0
2
1
0
0
0
0
0
4
56
40
0
0
0
1
0
0
0
0
0
0
0
0
12
3
6
0
3
0
418
0
0
0
0
8
2
0
4
0
200
0
82
644
63
111
3
4
3
14
70
1
6
0
29
810
30
9795
0
12
4
3365
0
33
3
4
234
1
1
0
0
0
115
502
0
2
0
0
0
3963
21
0
51
0
467
0
0
4
306
1
311
4
34
3
6
4
20
4
11
0
0
0
12
0
0
0
1
0
5
4
0
59
125
0
3
0
6
97
0
230
1
57
0
0
0
19
10
0
460
0
1
1
8027
154
12
0
1320
3
0
0
1
0
98
55
37
0
197
12
10
0
0
48
0
1
174
17
0
16
5
101
0
0
0
0
10
1
3
0
20
397
0
0
0
6426
0
2
0
7
0
0
2
720
1815
4
0
138
0
16
0
0
135
2
3
0
0
1
242
0
0
13
0
4
1
0
2
2
27
0
0
0
414
0
1310
0
546
76
126
3
0
0
0
16
283
0
25
108
2
466
80
2
0
0
0
0
243
298
2
15
1
458
173
0
0
134
1
0
14
0
1
0
1
0
0
0
2
11
19
2
20
1
1
1
567
21
0
0
0
21
0
10
0
0
484
0
399
482
18
0
0
0
14
0
1257
26
1
0
3
47
10
2
1
0
1
16
2
0
0
31
0
3
0
8
0
0
2
0
0
0
0
0
0
0
0
142
2
27
1607
2259
21
0
1
3
0
0
4
13
0
0
0
0
158
1
1
0
0
6
0
0
0
31
393
6
0
1324
121
0
7
0
0
0
0
0
11589
11
21
48
0
52
0
1
0
2
0
0
1
883
45
2
0
0
1
4507
1
0
0
115
0
0
0
2990
2
97
1
0
4
0
0
27
92
10
1
6
792
0
1
2348
0
77
1
0
1
0
0
0
2
1
0
0
27
2
1347
0
0
0
0
7127
0
3
0
0
126
1
0
42
0
9
0
2
0
270
41
0
0
222
87
156
0
35
0
0
1
3
44
0
0
89
7
141
0
10
0
1
1095
0
665
3
5150
0
10
0
0
0
0
50
66
1
0
7
5
0
159
0
25
53
1
0
1
4
0
37
31
2
0
9
0
20
1
160
0
470
0
4
8
71
0
6
151
5
1003
7
0
0
5
2
0
541
0
0
959
0
0
1
72
0
0
5
838
0
1
1
4
0
0
0
4
0
86
93
15
36
4
1
0
1
5
0
0
122
21
0
2
14
0
1
1
0
0
293
4
3
0
16
13
1
0
1
0
1
0
0
6
98
4
488
0
118
0
0
0
60
0
706
0
909
0
21
7
607
0
11
1093
17
1
181
1
0
10
1
0
2
1
0
0
0
0
0
6
0
1
109
1
0
0
1864
14
0
0
45
25
0
11
2
0
2
0
0
41
3
0
0
0
99
0
16
1
23
26
183
0
0
0
0
0
0
42
1
0
370
3
16
66
41
0
0
0
54
7
4
0
9522
3
3
1
0
0
24
21
21
1150
0
0
15
0
45
56
1
1
0
35
1
8
17
1
17
1
1
0
0
0
0
3
0
2
0
66
0
20199
814
71
9
4
1
314
34
0
32
68
0
0
2
0
188
0
0
1
326
0
0
0
3
1
707
6
27
1
396
4
160
1
0
592
2
411
9
1
0
1
0
28
528
322
77
6
0
8
51
0
0
5
2
0
0
1
0
0
0
1
217
0
0
56
1
0
2
0
9
0
0
0
18
0
25
7
3
14
0
3
0
1
0
0
0
0
7
0
1
1
0
0
1
1
1
0
0
0
4
0
1
0
0
0
0
0
0
0
6
66
0
1
3700
19
1
0
0
3
1
1
0
0
6
1
0
2
437
0
1
10
0
0
186
0
0
0
1
0
1
0
0
3
3
0
0
0
0
0
0
10
5
0
41
0
0
50
0
0
0
2
0
48
129
0
0
575
0
1
0
5
6
101
16
0
2
0
2567
0
353
0
1
0
334
179
1
0
172
0
0
0
0
123
0
0
8
902
3
0
0
0
0
0
143
12
10
0
2
0
133
0
0
0
1
2
0
0
41
0
0
50
1
68
0
0
0
89
1
0
0
3
0
0
13
9
0
0
0
0
0
0
1
1
0
172
1
16
8
0
0
0
4
0
362
743
0
620
0
1
1616
29
0
1473
2
219
1
0
2214
0
3
2
8
0
5
206
0
0
3
0
1
8
0
0
0
10
708
34
1
0
5
3
0
0
0
4
0
0
22
126
0
0
23
1
2325
0
211
9
21
0
0
2002
0
0
0
0
33
0
6
450
1
0
2426
11
1
1
0
0
1
346
0
0
0
4
24
0
3
25
0
3
1
0
0
3
0
0
0
5
0
0
0
0
0
135
0
9
6
8
2
5
0
13
0
0
0
1213
1
0
349
89
2
0
1
0
0
1
1
0
0
185
11
75
0
1
0
0
1
21
0
2
2
4
0
90
1
2
3
0
0
0
20
0
8
0
0
0
0
0
0
4
1
3005
14
48
0
0
0
12
0
4
0
0
0
88
0
269
2
9
4
1
0
0
0
37
32
0
3
29
1
1
447
2
16
1
1
0
0
3807
220
0
2
0
1
84
0
0
0
0
0
6
171
20
0
0
0
4
0
0
0
0
0
0
0
0
0
2
14
1
6
3
0
5
772
1
241
0
0
22
0
0
0
253
62
1
0
0
1
0
1
376
4
0
0
600
46
1036
4
20
0
0
0
5
0
9
0
0
0
245
1
817
0
1
619
0
11
0
0
6
1
0
1
6
1
0
0
7
13
62
66
300
0
1
46
32
3
3
0
1
0
5
7
0
0
78
21
4
4
56
0
0
2
3
8
0
0
9
21
0
4
0
0
0
0
0
80
4
0
10
31
267
0
4
0
0
0
2
2
0
3
19
3746
13
479
599
7
0
2
4
0
19
0
8
0
1336
0
38
0
0
3
9
266
76
0
83
2
0
15
0
0
1
187
6
0
0
0
1133
0
0
0
1
1
1
10
6
14
100
0
1
0
1095
4
1
2585
288
13
0
3
0
0
0
0
0
15
2
585
3
0
9
939
5389
0
2
0
2
0
103
0
0
1
2
0
1
0
4
202
3
0
98
1
2915
3
0
0
2
3
186
394
10
1619
0
1714
2627
0
0
1
1
2
21
0
1
0
0
0
6
0
0
204
4
0
0
35
1
0
1
4
0
0
0
0
32
5
6
0
0
157
3109
0
35
0
9
0
0
50
1
6
97
100
0
2
0
0
0
0
0
0
479
0
27
3
10
540
0
163
2
1609
76
0
1
1
17
1
12
0
0
0
0
910
3
320
23
0
1
3
0
0
0
0
0
0
0
0
0
214
90
0
19
0
723
0
1
0
76
0
0
480
520
0
0
1
73
65
6
0
147
0
0
0
2
0
7165
16
22
7
0
0
13
1
1
0
0
0
21
0
0
6
2
0
0
0
32
75
1
72
2
0
1
0
0
2541
3
0
0
0
5
0
0
168
10
0
0
3
0
0
47242
0
4288
0
0
9
6
0
193
70
2
0
0
2
80
142
0
24
0
112
0
0
3
136
4
1
0
3
1
0
1
1
57
7
7
1
38
0
12
0
4
7469
3
0
0
2103
1
97
1
0
9
2
0
0
3371
431
0
144
2
0
54
124
0
86
48504
0
14
29
12
99
4
0
0
0
425
0
0
0
6
0
2
0
0
0
6
14
1
1
285
7
0
0
0
0
0
0
1
3
0
36
2
0
0
0
1
0
8
0
780
18
335
0
48
0
3
0
0
0
2
265
0
0
8
723
564
3
0
0
0
0
9
0
3
47
0
0
0
0
1930
5
103
0
0
0
0
1
1096
2
3
0
3
0
3
14
0
0
29
1288
0
6
0
0
5
52
5
1
0
1
244
0
0
1108
20
167
79
0
0
0
0
17
0
1
1
0
0
0
50
20
160
5
0
4
0
0
1401
967
1
2
1
0
23
0
4
3
0
23
13
0
0
0
0
0
180
0
1
1
2
11
14
10
5
36
57
0
0
2
4
144
0
0
0
0
4
0
121
7
1
0
8
759
2
0
0
0
6
30
0
2
0
0
49
5
55
0
1446
0
407
0
358
333
0
3
115
6
26
0
397
0
0
0
31
6
1
0
39
8119
0
0
5
1
13
1
2
0
0
2
0
0
0
0
6
0
31
0
0
1
582
7
0
0
0
0
0
101
0
0
0
36
312
0
0
0
0
11
0
24
4
6
0
1
0
0
726
0
5
0
0
0
139
12
11
31
202
5
3
350
0
0
0
1
1
0
1
1
374
7
3
0
0
0
413
3
0
0
8
1
1
20
0
0
0
0
299
12
1
0
20
0
31
50
1
0
1
111
0
0
0
731
10
35
56
101
47
0
0
0
0
23
26
0
0
0
2
0
0
2
1
7
1435
100
0
0
0
0
137
0
0
0
0
0
3
0
0
0
62
0
35
26
1
0
0
0
0
0
1194
0
9
6
0
20
1
0
1
3180
18
2
0
2502
0
0
2
0
0
1
118
16
4
5
8
1
19
36
0
2
2
0
0
0
91
204
0
0
1
1
0
11
6
1
0
0
0
62
0
5
1
1226
0
12
3
13
0
1
0
314
17
0
0
0
79
0
268
2454
12
2
19
0
21
0
0
0
0
4
0
562
0
3
11
412
0
166
589
0
1775
12
57
8
5
1
0
0
5
1
5
1
0
1
0
1
0
0
4
1
0
2
0
5
32
2
0
1045
0
0
0
0
0
0
8
1
0
0
0
0
242
57
40
742
1
55
4
3
0
0
2
1
36
9707
1
0
544
0
1
96
0
6
2
17
751
1
90
200
8
3
2155
0
4
0
3
0
3
0
0
0
0
0
58
0
1012
6
0
1
0
716
13
0
5850
0
1
3
0
0
21
0
19
0
0
0
0
128
0
0
1337
1
9
1
0
0
22
1
0
3
12
0
1
4
1580
94
1
0
6
0
0
0
0
20
25
2
0
0
0
110
4
0
0
0
20
14
0
9
1
19
0
37
0
0
29
0
0
4453
97
0
91
4
1
93
23
2
1
0
0
0
1
8
0
1
36
10
13
323
0
0
0
0
46
98
2
16
0
0
1
989
5
0
0
46
72
0
2
3
0
0
0
269
5
0
1
0
0
72
235
0
47
0
1
0
0
1
0
0
0
0
0
0
4
1035
31
2
0
1
1
0
1
3
106
0
970
380
4
4858
0
0
0
0
16
68
602
0
3
579
0
37
0
0
47
47
1
0
0
1
1
0
2
1
3
0
24
45
0
0
0
0
4
0
1
0
0
0
0
2
1
591
0
0
12
1
24
0
4
255
51
4895
0
0
2
2
3353
0
0
0
107
153
0
37
0
18
0
0
116
1224
731
0
0
1
0
0
0
0
54
11299
9
0
0
0
1
0
0
0
46
0
12
275
3
0
32
0
129
298
95
1
2
0
20
1
0
17
0
16
11
80
728
13
14
2
0
111
0
2
3
0
0
0
0
0
30
0
178
3
65
62
4
4
0
1
4
0
0
638
0
0
9
1
4
3548
0
0
2
0
21
1
1
0
0
92
0
38
0
0
89
0
0
0
1
3
0
0
63
0
2
4
0
3
3
2
0
0
736
92
11
3
0
0
0
0
0
0
1
0
0
2
4
0
5
0
0
2
0
0
0
0
36
1
0
374
0
0
0
21
1
106
1
0
0
132
232
8
0
5512
0
773
1121
0
0
5
94
0
0
0
0
17
203
146
3
0
0
2
1
14
0
1
0
8
4
77
1
12
0
0
1
34
0
0
671
31
0
0
1
1
92
9
0
4
2
0
0
9
2
0
0
2
4233
0
1
10
4
0
11
0
0
185
14
0
0
3
75
73
0
1
0
0
16
0
0
6
4
0
1
2
0
1
2
1
46
535
1031
2481
6
7
0
0
0
4
11
0
0
0
0
0
0
6
0
0
0
710
141
0
3
0
0
1
0
0
0
0
297
21
0
179
1
0
0
0
0
0
1
0
1
0
4
0
480
7
0
0
1
2
0
0
0
47
0
891
0
175
3
0
276
0
22
0
15
0
8
207
21
397
228
0
0
0
54
0
135
0
63
1
245
0
1
0
0
0
0
260
0
30
0
23
4
145
8
1
0
1
1
0
0
0
8
3
0
66
34
590
64
0
0
0
6
0
14
0
0
0
0
0
0
1
4
12
0
0
153
2
0
0
0
0
267
0
0
0
1
0
7
0
154
333
3
774
4
27
0
6
124
0
0
4
0
0
1
4
13
4
909
26
0
0
5310
0
93
2
1
0
181
8
0
18
0
659
1
1
3
1
0
0
61
215
10
1
0
17
23
1
4
3734
0
14
3
85
0
7
6
0
0
9
0
0
16
0
94
3
0
0
0
1
362
22
0
0
0
2
0
1122
1
0
16
1
0
0
12
0
0
0
0
9
0
0
0
1
0
454
8
0
0
2
67
0
85
0
563
0
11
0
0
8
466
3
0
1
16
285
7
166
1
287
0
15
0
0
0
0
64
0
0
0
2
14
0
0
70
0
0
66
0
1
0
0
1
0
2
1
655
0
0
1
73
0
13
0
5
13
0
0
0
0
1
1
0
0
6
0
5
0
3
0
220
1
40
145
7
1
0
1
2
556
0
16
0
1
6
0
373
0
0
0
7
0
2
15
2
6
4
40
9
0
0
0
0
0
0
0
142
0
24
1570
9
7
99
2
0
0
0
19
2
0
0
0
2
46
59
10
23
126
11
0
0
0
2573
12
240
0
8
45
0
5
0
1399
1
10
0
8
46
2
159
0
147
1
2
0
0
5407
0
2
132
3
0
1
0
0
0
4
0
0
86
203
0
2
9
11
0
0
0
0
12
0
0
0
0
0
82
1
7
2
4
16
0
6
7
1
0
1659
20
0
0
0
0
159
31
0
1046
0
3
0
12
8
2
0
0
2
0
0
0
0
515
18
0
0
1
0
2
13
3
2
70
0
0
18
0
0
236
3
17
119
1
0
0
487
12
0
0
80
1
27
4215
49
104
0
2
0
3
249
4290
0
6
0
3
1
0
194
1
1
119
0
0
0
0
1
0
0
1
6566
21
0
250
0
29
0
169
1051
566
70
0
1
0
77
125
0
0
0
28
137
0
0
0
368
7
1
0
0
0
1
0
0
0
59
1
95
161
0
1
1
140
0
0
1
1
0
0
0
0
0
0
0
1
4
1
0
2
0
0
1
0
0
0
1
2
14
1
146
0
0
0
6
22
2
0
164
0
3
0
0
0
0
0
4
0
157
181
26
0
0
49
0
0
0
5
0
1
97
39
11
0
2
0
17
0
1
12
0
0
0
6
0
89
2
1
5
0
5
2
0
27
0
12
334
21
28
8
488
1
374
4
0
26
0
1232
541
15
13
2575
0
0
17
4191
0
0
0
0
0
1
0
0
1
42
0
1403
0
0
0
0
1
8
0
0
1
1
15
31
0
0
271
21
0
3
0
0
0
0
671
0
46
0
524
2907
2
1
0
0
0
0
0
0
5
0
5
1
3
30
0
489
13
1
0
0
27
284
11
0
0
1
0
0
0
0
240
86
0
1
2
0
0
785
0
0
867
115
3
3
0
1823
0
11
0
167
1
0
0
0
0
0
0
0
2
0
0
1
3
0
41
1
0
1
0
0
54
2
91
2
13
24
0
58
0
17
0
0
0
0
171
81
0
0
129
0
0
0
2
0
1
0
1
1168
1
1991
0
6
6
4
450
1
49
0
2
0
0
0
0
1
1
0
0
6
0
0
0
0
1
0
3
1
9
0
1
19
1941
5
1056
0
0
42
4
20
18
0
7
51
0
6
397
0
10
1
0
1
2
1
0
0
0
0
0
0
2
1
635
15
4
0
0
107
0
0
8
0
5
484
2
70
0
0
0
0
23
0
0
103
0
0
12
23
3
1
12
0
636
19
0
0
22
0
0
42
10
6163
159
4
0
0
9
1286
0
13
55
2
1
35
0
0
3
1
636
1
0
7
205
0
0
0
0
0
0
0
0
0
0
23
480
27
6
0
2
0
0
0
0
0
8
1
0
0
236
0
0
29
0
1
15
0
1
0
9
2
0
0
0
40
1
0
0
0
203
1
847
24
0
60
0
23
0
1
0
13
0
0
36
0
0
49
225
0
0
0
2
47
0
0
0
11
0
0
20
25
17
0
2
0
54
43
0
0
3
7
0
0
0
0
24
0
0
0
0
0
36
2
0
1
8
0
3840
1
0
320
271
29
4
28
1479
0
95
0
1899
3
0
0
0
0
0
0
0
1987
0
13
1
0
107
0
0
113
1
7750
0
8
1
0
0
0
0
61
1125
8
0
268
0
14
17
0
0
1
0
5
58
0
1520
244
1
0
0
0
0
52
0
0
0
1
1
0
0
3
0
0
3
0
0
0
1
1179
745
6
0
0
5
17
0
0
0
199
11
0
0
0
1
0
20
5
0
1
2
3131
6
1
0
6
2
0
2
0
0
11
68
21
0
0
1
0
926
0
0
56
10
0
0
0
0
28
1
0
0
0
0
3
0
10
297
0
0
837
0
0
6
128
1
0
155
592
53
2
0
4
0
0
0
0
0
1
1
420
0
7
856
0
1
0
235
217
2
1
2040
0
5
4
1
0
0
1
1
0
0
1
6
9
3
0
0
0
5
0
0
2
7
151
0
0
0
3
8
1
2
0
1
41
0
0
3
0
0
0
14
1
8
0
0
0
0
145
1299
157
578
0
1
5
8
0
0
0
0
32
0
1
0
1219
56
6
2
19
2
27
1
23
13
4
0
0
58
0
0
0
0
0
105
166
1
0
69
29
0
3
0
0
105
1
34
255
0
2
0
0
0
3
66
2
0
1
1
3
17
0
5
2
0
1
6
0
0
3
4
3
2
223
12
0
0
0
0
3
0
18
0
0
17
1
183
0
0
201
12
0
0
2139
0
120
5
0
0
0
295
0
203
1
0
205
6
42
1
0
27
1
0
7
16
0
23
2414
0
64
1
0
4
286
1
559
0
54
0
0
0
0
17
0
1002
0
302
0
0
2
10
22
0
22
83
18
0
1
5
0
0
1
3
0
0
0
0
3
0
1
13
0
1
22
0
0
1
1
1460
13
3
4
10
2
748
0
16
7621
0
11
2
0
3220
187
0
1
0
0
3
858
0
7
2
0
52
0
2
3
28
153
2
0
3006
311
76
0
9
0
0
8
0
1
81
10
1
0
0
0
0
0
0
2
677
78
0
0
17
2
6
52
0
10
0
0
15
7
5
2
0
2
0
13
0
6
7
0
0
1
0
0
378
123
4085
0
224
86
33
0
0
2
557
2
565
7
5
0
0
1
39
0
0
1
1
1
0
28
0
1
1
0
0
0
159
9
5
520
1
0
0
0
1
1
3
1
0
3
373
4
34
0
0
123
1
0
25
145
0
8
3
6
0
38
0
1367
5
13
0
2983
1
2
23
0
0
0
0
1
0
21
0
0
91
9
3
0
0
1
1
0
0
0
2
2
0
15
397
1
5
1
0
0
0
21
0
0
5
0
1
5
78
2
1
203
0
0
1
0
4
8
43
13
0
1
0
8
0
1
0
1
10
0
0
42
0
0
20
0
45
0
2
0
4
494
29
11
0
0
2
1
0
7
0
1
1
0
82
1
16
4
0
64
0
0
500
1
0
4
20
0
0
0
449
294
12
0
391
0
0
1
56
26
291
1
103
213
76
247
280
0
2
5
0
3
1
0
0
1
0
0
211
0
1
0
0
3
1
68
7
428
0
49509
2
0
0
1
1
114
0
1
7
207
46
3
1
63
127
5
3421
0
60
93
0
0
10
56
4
0
1
0
1
0
0
1
2
3
0
15
82
0
0
1
27
7
5
37
0
2
0
0
13
0
0
0
355
0
51
0
2
1
100
3
12
177
0
49836
0
3
157
0
12
395
0
1
0
1
0
9
6
0
20
27
0
0
0
0
0
0
1
0
5
0
0
1
34
0
1
14
0
0
0
162
35
0
0
1
0
61
1
28
8
6
0
2
0
0
0
1
0
0
0
0
23
8
30
53
0
6
1
0
0
0
52
0
1
0
0
17
10
0
0
506
0
7
0
9
0
874
0
0
2
0
1
63
2
0
0
2
9
33
41
1
249
0
1
64
27
6
0
189
13
0
1
0
0
153
0
0
0
0
0
0
0
0
0
0
54
0
1
44
91
5
0
68
5
0
0
5
5
1
0
0
0
685
22
15
0
0
274
48
0
229
0
0
10
4
15
14
78
4
2
1
202
0
1
0
54
3
0
5
1
0
0
2
0
334
125
0
4
4
764
0
0
0
0
0
1
0
67
0
3
0
10
0
0
1084
0
0
2
1
0
0
568
0
0
57
0
11
1
1547
37
0
4
906
0
0
30
1
31
0
25
7
3
0
1
1
2
3
110
991
0
0
30
1
100
0
0
11
0
0
0
1454
971
0
937
6
0
1
0
0
0
0
0
0
0
1
0
2417
9
489
0
13
0
5
0
1
0
3
56
0
7
411
159
275
0
286
2
0
23
120
30
13
0
0
0
81
1
10
8
0
0
5
1
3
1
34
0
6
175
0
331
143
175
5
0
1
238
11
537
0
0
14
0
16
241
11
0
0
5
0
0
8
2
705
1
511
318
40
1
1
2
13
419
71
0
0
1
15
0
0
26
0
0
4
0
0
0
0
4
289
1
0
3
0
1
0
6
0
0
88
1
0
123
6
0
1
49
602
0
2
99
44
85
1
0
17
0
8
410
0
690
0
28
25
57
2
0
0
1
1
8
597
6
1
0
270
81
1
57
0
19
1
0
1
28
0
1
6
0
2
0
0
0
8
113
0
0
1
418
26
126
0
23
0
3
0
0
11
0
2
0
4
2
5
784
0
0
100
0
0
0
0
105
0
2
0
0
1
565
351
0
4299
2
7
1
0
0
929
0
0
8077
0
523
249
3
0
619
13
0
6
0
23
0
3
1
0
4
0
471
0
0
0
2
102
0
5
0
26
0
0
4
0
6
0
28
0
0
2647
0
0
0
21
0
4
0
0
0
0
187
85
0
2
5
0
0
0
0
0
0
1
36
1
4
4
0
0
2
805
0
11
222
0
0
0
13
0
6
0
35
0
945
7
38
28
5
324
5
10
0
1
6
1
0
5
4
0
657
0
9
56
1523
0
0
14
9
37
3
128
0
0
0
0
6
0
215
24
14
1
28
361
15
48327
33
8
85
1
18
1
287
207
8
31
9
0
0
2
7
3
9
11
0
0
43
0
12
0
0
0
0
0
1
0
0
2
1
7
1
0
1
0
83
0
8
0
1
1
3
0
0
6
1
0
1
0
16
0
0
786
0
0
0
190
6
3
0
31
12
0
2
3
11
0
35
1
0
0
15
0
0
2
1063
0
0
0
799
9
4
3913
0
0
0
0
0
1
1
12
1
3284
2
0
0
0
16
0
0
0
7
5503
1
1
3
142
333
0
0
0
0
0
0
1
0
1406
0
198
1
22
2
12
296
0
0
0
0
3
5
0
319
0
0
0
4
18
74
0
1
0
0
1
0
1
0
64
1
0
0
0
1
177
6
0
0
52
44
3
0
0
13
0
0
0
0
2
5
0
0
46
27
0
0
96
2
42
32
2
0
1
0
72
1431
7
70
103
75
42
2
2
4
0
48
3
0
0
2
0
4
10
2
427
18
0
0
4627
4
26
0
1
25
0
0
2
0
11
0
41
2
73
5
4
0
1
0
0
1
0
1
29
10
0
14
246
0
0
0
0
0
605
0
0
7
0
461
0
0
0
5
0
0
2
0
0
2
1
178
1
8
0
0
0
0
1
15
27
0
0
2
5
17
16
0
0
1
0
0
2
0
1
262
1
0
445
38
5
46
116
2
1333
562
0
0
0
4
0
86
8
0
0
2457
0
22
12
2
0
144
1
0
5
8
231
0
0
0
0
12
4
0
3
0
0
0
1183
0
51
8
1493
0
532
0
15
8
72
0
15
0
979
3
27
0
3
0
0
6
0
31
25
0
3
0
1
6
7
48
0
7
1
4
23
2
4283
403
27
26
0
0
14
0
0
11903
0
0
5
3
0
1
10
0
0
0
0
70
0
0
0
0
0
1
3
924
35
0
0
1
0
1
2
71
1
15
213
65
0
10
5
0
2
0
1
3
0
2
0
0
3
63
42
38
0
2
0
2
0
417
1
1
0
0
0
0
3
6
0
44
0
2
11
72
11
23
37
0
961
1398
0
12
1
0
0
0
0
0
0
0
0
55
2
0
493
0
26
28
5
7
1
0
1
0
81
0
1
1
0
20
846
20
26
31
1
1
31
808
0
4
4
482
0
0
5
0
85
0
0
0
3
0
0
2436
0
235
0
0
1
3
2
1
0
244
1
3
1
0
0
0
1
6
0
1
0
0
0
0
7
0
23
779
99
96
0
0
2
54
17
3
0
3
0
1
0
0
6
56
0
0
0
2919
0
0
0
145
13
0
91
0
12
0
294
0
0
25
6
183
0
0
0
0
0
2
1
0
37
1
1
0
31
0
2
0
1
198
0
15
36
0
31
0
0
0
0
18
0
9
3
0
0
4
1124
0
3
21
504
0
17
1
0
0
0
0
10
103
3542
0
2
234
22
13
77
4
350
0
1737
0
2
3
9
0
0
0
0
2
0
328
118
0
0
2
1
0
0
0
297
0
944
42
2
495
0
12
0
0
13
207
723
2
0
0
1
5
6
0
2
0
0
6
0
650
8
23
11
3
0
649
0
36
5
58
93
0
28
44
20
21
1
0
22
0
3
0
2
28
0
0
0
0
2
11
30
0
0
22
1
6
2
0
11
0
1
2
1256
4
0
3
32
0
0
0
0
0
0
3
1
0
32
16
155
0
22
1815
0
0
0
0
0
2
0
1
0
24
0
8
0
0
0
115
0
0
0
485
8530
0
2
0
0
0
0
13
30
0
1
1
2
0
47474
0
8
10
1
4
1
0
1
1
0
21
0
0
0
0
10
370
0
0
5
148
0
0
24
0
0
0
0
0
1
2
0
0
2
8
15
379
4
143
7
0
5
35
1041
2
1
2
483
2
179
0
0
1
0
0
2
7291
1
129
34
3
0
2
50044
41515
136
0
2
509
0
0
0
8
0
0
15
1
188
0
5
8
11
3
0
48
131
1
0
0
2
11
0
0
0
17
17
0
1
1
23
96
0
29
89
141
0
167
0
0
0
0
0
1
31
0
0
0
0
0
0
3
95
1
4
2
149
0
0
0
0
11
0
1
51
0
174
0
1951
57
11
0
1
6
2
108
0
0
0
0
0
0
650
0
0
0
2774
0
1
1
0
351
55
7
121
0
496
105
31
37
0
24
1
1
0
11
2
107
255
0
1
0
0
960
0
0
0
1
4
21
334
0
0
131
0
6
55
106
1276
0
1
3
9
1
0
0
1
2057
0
39
131
0
1
0
76
0
4
5
2
0
0
0
25
86
0
0
0
0
19
0
0
177
1
0
0
1
14
6
0
0
0
0
108
0
1
23
0
0
17
0
0
0
9
12
0
0
11
1822
2
0
1
208
0
0
4
1
2
20
375
37
0
169
0
0
0
1
0
740
69
12
0
2
1
0
7
0
0
0
6
1
0
168
0
3
0
12
1
0
3
0
2
0
0
62
2
0
38
0
0
43
0
0
1
2061
37
0
2
0
11
0
6
2
0
6
1
0
14
2
113
3
0
0
20
0
0
0
10
0
0
1484
1
32
0
1
806
9
118
0
14
1256
8
257
1
24
7
0
6
15
0
135
394
75
12
0
95
1230
87
4
253
529
1
0
0
128
0
0
361
0
0
0
0
0
0
0
3
1
194
1
0
0
2
234
1
49
10
1
0
160
0
0
0
0
2853
2
301
25
3
1
2
2
1
0
4
0
87
2
1
175
689
0
0
0
0
35
6
315
0
4
1
7
0
6
1
2698
0
1
0
8
0
1
0
1104
31
103
0
1029
8
1
0
0
10
2
112
236
0
4
0
0
40
1
0
28
161
0
331
0
0
0
0
24
0
2
1
1
348
3
0
0
0
0
0
154
4
29
3
49
0
9
0
5
97
7
1508
12
17
58
1667
6
0
0
0
0
1
4075
857
0
6
14
2728
0
0
0
3
0
0
0
0
20
0
1106
6
1
0
1
2
5
4187
25
25
0
181
10
3
14
2
3
1
24
54
9
0
6
1
2
560
0
2
2
0
140
7
8
0
249
8
3
0
38
1
0
19
13112
8
131
0
8
0
21
0
1
62
0
342
8
0
0
1
3362
0
27
0
6
2
14
4
0
26
1
126
1
0
0
14
7
0
1
2
1
37
1
0
10
1
0
2462
1
286
3
0
0
46
39
3
0
0
20
22
1
13
281
0
1
129
159
10058
101
115
1
0
0
0
10
1
11
0
2
0
2
430
0
1
0
2
0
0
0
246
16
0
1
13
7
0
0
38
0
16
0
0
0
1520
2
0
1
4
383
1
2
1
0
2255
0
0
16
0
0
383
0
0
6
6
257
1
52
0
396
4
12
0
12
439
13
0
4
215
2
169
537
1
0
32
77
3657
0
2
824
0
1
13
1
1
53
7
0
5
5
0
40
8
1921
14
0
343
0
0
44
0
53
1
25
0
0
0
37
4
0
0
4835
1
6
3
0
0
141
1713
0
4
0
120
0
23
0
1
1708
0
0
0
0
0
15
7
0
7
0
2
1
1152
0
0
1
0
30
0
596
0
0
0
26
0
0
0
20
0
2
27
1
0
0
2
0
0
0
20
0
12
0
3
0
1
4
0
62
9
1
4
1
0
5
2
5
42
0
0
58
13
1
2336
9
0
0
0
30
610
1
208
1
27
0
3
7
0
22
0
37355
45
68
0
1
0
562
0
1
19
1032
0
55
33
56
0
0
5
0
3
4
3
0
0
0
47
0
1
0
1
1
4
6
4
0
0
0
108
7
1
0
1
1
9
0
32
2
0
11
6
0
24
5
0
0
0
4
0
10
13
30
2
14
0
0
42
0
0
24
1
1
13
120
0
6
1
2
0
0
0
0
1
0
6
0
200
0
319
1
2
0
3
66
6
0
0
0
492
0
0
5
1
19
56
0
0
806
204
300
0
0
17
2
0
0
13
0
1
128
0
492
7
3
38
0
1855
1
0
1285
0
10
1
0
3
0
0
0
1
1
246
1
0
15
0
0
0
0
0
0
1
13
0
311
19
3
0
2
6
0
865
0
2
0
13
0
0
49
17
187
0
0
0
0
0
20
70
0
2118
0
4
0
0
40
0
0
49
0
1
1
0
230
0
3
100
0
0
0
57
21
23
2
0
17
0
0
0
0
0
33
5
0
0
5
0
0
0
3
0
0
14
0
5
0
0
0
0
0
4
1
3
30
5
10
196
9
1
0
0
18
7
32
58
0
3
274
0
0
0
103
1
0
314
623
13
0
0
804
5
0
0
0
0
166
7
10
67
0
65
0
172
1
0
0
0
0
5
5
0
0
35
0
1
0
6
1
34
43
0
0
0
13
26
9
0
110
0
0
1
0
1
25
50
12
225
2177
3200
0
151
1
0
627
0
0
0
0
19
0
18
1050
0
0
0
0
0
0
0
3
27
1
12364
26
6
474
70
5188
253
0
0
0
0
4
1
22
0
1
74
0
0
7
37
1
0
2
0
0
4
7
0
0
356
322
9
2
0
2635
0
5
0
61
5
0
344
0
0
5
0
2
0
0
8
0
9
0
89
8
0
0
0
156
2509
1232
4
0
3027
1
24
6
0
0
667
0
0
0
0
0
0
1
1
398
0
0
0
1
39
0
262
16
3
575
0
9
0
1
278
11
0
9
0
55
4
258
0
4
1
0
33
1
0
4
0
0
0
75
10
0
5
1
0
0
0
2
0
1
666
10
1
1
0
139
0
1
0
0
23
0
0
0
69
2
0
54
0
187
0
22
35
0
3
0
0
21
8
43
1
53
61
41
1
0
0
58
117
41
1
1
1
0
119
0
0
0
0
6
2
7
0
0
9
0
0
51
0
0
0
0
17
2589
2
0
0
205
48
0
1
8
22
0
0
0
0
0
0
2
0
26
9
0
2
0
2
282
0
0
1
0
0
0
26
1
1
557
17
2
114
0
45
10
3
0
0
424
74
0
0
0
967
7
1
16
0
0
0
0
0
4750
0
0
0
0
0
179
2
3
3
49
1076
0
2
80
0
0
0
0
402
0
0
17
0
0
0
0
4
0
0
0
0
0
0
320
0
77
1
0
0
2
81
1
0
100
0
3
0
19
0
0
0
0
0
1626
0
1
18
4
13
2
1
0
0
7
0
0
1
22
0
4
68
1
1
8
763
4
1
0
0
476
0
17
0
0
2
0
0
107
0
20
0
0
1
0
148
0
19
12
21
51
0
2
99
6
0
0
1
0
4
41
185
12109
1
1
32
0
0
0
1
7
99
4
6
2
12
1096
2
0
0
1029
1
0
0
865
2
43
0
0
10158
0
1
0
0
6
0
0
9
0
0
3072
989
1
1001
1866
76
0
2
0
0
0
0
1
28
8841
0
4
2
92
1
0
0
32
12
7
15
5
0
93
265
2
334
0
1
1
1
1
1
0
0
1
2
1550
0
0
261
0
0
456
860
0
38
34
6012
169
3
162
28
0
0
81
1
0
0
3
211
0
6
0
586
1
2
0
4
1
0
1
0
0
0
0
0
173
1
0
0
96
0
4
0
0
0
0
2
0
5
0
3
3
1
7
44
0
0
2335
138
935
0
18
2
0
1
0
242
0
0
14
0
0
2
0
329
0
332
2
3
0
38
0
6
1
777
0
25
0
3
24
85
1913
2
0
1
1
1
1
19
0
2
10
0
25
328
2
0
45
3
0
0
0
205
0
1460
0
218
45
26
5
5
416
6420
1
1
8
0
0
0
6
1
0
0
5
0
2
0
31
0
0
86
40
33
0
0
16
98
0
14
0
4
1
4
0
1535
0
0
0
2
117
24
6
0
117
0
1
208
180
0
306
0
106
131
0
0
90
1
0
205
0
2134
0
0
3
0
1
61
0
0
7
1
148
0
0
1
0
2
0
0
178
4
1
16
0
4
0
2
0
0
0
88
0
9
6
2
0
0
12
0
1
0
622
312
0
9
0
23
4
490
0
37
17
0
0
1
0
0
0
0
1
0
1
198
55
0
127
0
0
8
2240
2354
0
8
0
2
0
0
0
5
1
3
1
7
0
8
1
0
0
0
0
15
0
0
5
0
4
2276
48
0
1
73
4
0
136
3
0
0
0
0
24
0
1107
2654
0
0
0
0
534
0
125
6
95
6
0
0
0
1
18
2
1
0
57
2
18
0
0
0
0
6
0
0
9
2
0
0
86
0
11
15
0
514
0
0
27
0
0
0
5
1135
1
7
2
0
0
0
13
79
0
1
2
5
1
12
0
5
577
2
0
16
2
0
8
37
0
8
0
1
0
0
0
0
0
0
0
0
12
9
0
77
0
17
96
3992
13
0
0
726
0
10
0
141
3
0
13
2
0
0
0
0
0
0
2
1
722
0
1
0
1
0
3
12
10
33
0
0
9
0
0
1151
0
3
3
0
1
0
4
5
0
3
2170
0
1
0
120
3
0
2
0
0
3
6
0
1141
0
0
0
0
1
4
0
0
0
122
1
4
0
4269
0
5
0
0
1
116
0
35
1
1
1
1
109
0
0
4
2
572
0
0
382
0
2
0
5
5
7429
0
1
393
1
110
8
115
0
2
0
1
1
0
2
0
101
0
65
3
63
18
0
6
1
49823
0
5
12
0
0
0
0
1
20
77
152
1
0
0
96
307
0
5
0
1
12
1
1
847
0
8
10
0
53
4
0
1
0
5
1
1
0
7
36
636
0
0
23
13
173
0
16
30
0
5
0
290
1
2933
143
0
50
3
0
81
1
0
0
50235
0
8
0
0
0
0
0
1
380
0
6
510
4
0
0
0
0
1
0
0
0
5
0
55
27
0
0
0
0
0
2
0
140
0
173
0
0
0
258
819
1
1
3
0
620
0
1270
0
0
103
0
4
0
0
62
17
30
1
2
1
0
0
0
0
421
0
0
3
11
0
0
4
4
177
0
1
0
0
0
21
0
0
0
2
432
0
2
0
0
0
0
0
0
19
19
7
4
6
337
11
25
14
41
1
0
1
0
131
0
0
4
2
0
1
0
3
1
163
0
11
0
15
12
3
2
49
2
0
43
0
0
0
2
0
0
68
1
15
80
3
8
14
0
18
5
0
0
5
69
4
15
1
33
0
6
0
0
96
0
106
100
0
0
1
25
0
3
2
5
483
0
0
0
0
1
5
0
0
0
3
0
3
0
0
0
34
0
9
30
1
0
109
0
4
709
0
0
1545
0
0
1
2
0
19
34
0
172
0
0
811
0
0
0
6
141
3
0
0
2
0
3
1
19
0
0
10
0
0
176
82
0
0
1
2
2
0
14
0
1
2
744
10
0
0
27
0
57
335
1
0
64
1038
5
0
0
1
0
256
1190
5
0
0
0
1
126
8
6
5
1
3190
0
0
1
0
0
374
2
0
0
1
13
0
0
2
2
138
0
49
0
1
11
1
0
1
1
388
1
127
0
1
1031
0
0
0
0
12
0
0
11
6
4
432
2
0
0
12
1
571
0
1
4635
0
6
10
24
0
0
2
0
0
0
238
2
0
179
0
1
39
0
0
1362
0
2
14
8
27
0
0
0
7
573
0
0
24
0
58
44
17
0
2747
0
9
0
221
24
0
1
16
74
303
0
0
0
0
0
4
833
1
0
0
0
0
1
388
1
2
0
0
66
0
0
5
0
0
14
0
0
0
0
1
0
0
0
0
31
15
0
3
0
298
1
1
3
0
4
3
7
24
0
18
492
3
0
28
0
0
0
4
0
8
240
0
3
8
0
7
0
9
1
2
7
101
0
2
21
408
1
0
33233
2
0
31
269
1
0
1
8
6
2
0
55
0
43
0
1
0
0
2
1
114
0
18
21
0
0
0
0
1
2
54
0
2
0
2
2
6
0
821
0
2
3
3
0
1
0
59
0
29
16
0
13
0
2
0
34
9
0
0
0
1
1
2
24
1
729
1
2
13
0
68
471
0
0
3
0
0
0
12
3
788
0
0
3
12
50
0
1
0
1
25
0
9
1
0
23
1
15
0
6
142
2086
25
3
215
0
1
0
124
90
0
0
6
13
0
4
0
1
3
0
1
0
32
0
19
0
0
36424
2
19
0
0
0
0
0
8
14
1
8
0
0
2
6770
0
148
0
0
64
0
0
0
0
318
250
6
0
100
3
0
714
4
0
1
44
15
44
189
1
1
71
4
4
0
159
156
2
1761
0
0
0
0
2
1
4
1
0
0
0
0
0
0
0
0
0
0
2
15
0
6
12
2566
7
40
1
9
0
520
1
0
0
184
0
0
4
4
1
2
7
66
0
16
13
2
0
1
12
2
0
56
1
3
0
0
1
0
0
607
0
376
0
75
0
0
561
172
0
365
7
23
0
1
16
0
1
0
3
14
1
5
4
0
1
0
0
0
1
2
2
0
20
0
0
15
0
0
6
2
0
9
9154
1
9
2
0
6
0
0
0
255
0
38
3
0
34
445
6
0
0
14
19
8
1
4
0
1
3
0
0
0
0
5
2
280
0
5
1
0
1
0
1
15
0
1
40
2
0
0
0
0
225
0
1
25
0
0
0
1
0
0
0
7
0
1
14
0
0
0
0
21
159
2
1
0
6
8
17
0
0
0
0
444
30
1
7
2
284
0
2
17
53
6
0
0
20
1
5
0
46
59
0
5
0
0
1
3
235
11
552
378
0
1
2
2
6
0
1
0
1
0
0
0
0
0
8
1
1
1
21
0
1
3
0
7
0
0
0
16
0
68
0
191
8
6
2
77
0
1
3
652
3
6
0
0
1
88
0
0
29
18
44
51
0
26
31
27
0
0
65
1347
0
1
2
20
179
0
0
24
0
22
0
0
0
7
4
892
2
0
0
7
0
0
11
0
26
33
0
7
0
0
9
4
0
0
2
58
0
0
35
176
6
0
0
530
28
0
0
3
0
38
1
0
0
2
3
1
2
37
12
1876
0
0
82
1
0
0
0
1
34
3
0
0
14
36
415
0
142
0
0
244
0
1
0
24
5
0
74
38
148
3
44
75
1
120
2350
146
247
1000
3
0
0
27
0
0
1
0
56
0
10
14
0
395
8
23
0
9
0
0
0
310
0
1
0
0
1
75
2
670
28
0
73
0
60
2
507
52
0
37
0
0
0
1
0
121
0
0
0
5
0
84
0
46
2
71
1
3
24
12
0
0
0
0
1
151
0
0
12
0
0
0
0
48
98
0
0
0
0
29
3251
232
142
1
13
0
2
1
0
49
1
0
22
0
0
12
11
2
2
0
0
0
0
0
24
11
0
0
7
1
150
620
2112
18
0
13
57
0
0
3
17
0
0
6
45
0
1
0
5
3
2
124
9
150
0
0
0
0
0
0
0
348
0
0
180
1
71
3
31
3
0
0
0
2
0
3
50
0
0
5
0
128
0
218
0
916
7
0
80
0
389
0
1
0
74
12
417
0
2
7
0
12
0
853
0
11
0
0
4
1
4931
2
5
1
80
6797
491
2
0
1
0
0
2266
15
0
3
0
1
3
1
0
3043
0
0
0
15
1
820
0
6
10
3
0
0
1
0
1
1
0
1
0
8
33
35
0
0
0
0
92
1
88
284
7
8
3
0
0
179
1
23
22
48
4
78
12
6
0
1
0
5
76
0
0
342
3
0
0
7078
0
82
0
0
22
0
0
2
0
2
1524
0
0
0
0
12
305
0
1
4
42
0
0
0
0
0
405
2
4
16
10
0
0
0
0
1
64
17
0
167
2
0
1
2
0
16
1
3
0
0
0
0
1
0
0
0
0
10
660
0
0
0
3
179
1
19
0
0
0
470
58
2
4
1414
4
96
0
20
0
0
0
0
0
0
0
0
0
2
0
240
1
0
1
1
0
0
15
2
87
3072
128
4
0
1
32
3
1
0
37
0
0
3
5
9
0
4
2
0
400
192
0
0
310
4
0
0
0
0
3
4
0
0
0
47
4
0
1
0
2
615
0
2
0
0
695
3
0
2
0
0
0
0
0
1
15
2
0
0
457
5
0
19
236
1
0
19
0
0
6
0
0
0
251
21
3
0
1
40
1
2
12
0
1
0
1
1
0
0
34
0
179
15
1
7
279
0
0
166
0
141
5
3
2
37
10
0
919
0
35
1
42
0
0
0
0
126
0
0
5
0
0
0
10
0
51
1
46
1
6
0
0
18
2
0
2
185
1036
0
344
0
0
150
0
26
0
0
0
0
23
0
0
9
24
0
318
90
1
1
5
0
12
1
0
815
6
1
2
9
0
0
0
0
1
17
0
0
0
23
0
25
0
0
1645
24
0
0
8
6
21
0
6
1
83
3
0
41
2
9
7
0
3
1
0
675
0
0
7
0
0
0
17
0
3
0
0
1
0
19
0
372
119
88
441
0
0
201
9
8
0
0
0
2
0
6
2
1602
6
0
4
20
0
51
0
3
3
0
98
3
178
7
1
0
0
32
4
3
131
84
0
0
0
15
18
1
1
0
5
1
1
142
1
1
283
14
0
0
0
0
0
10
0
0
0
13
0
7
0
2
101
1893
0
2
0
24
0
0
0
12
0
0
1
0
5
2
0
637
0
0
0
96
5
1
0
0
1
42
1
0
0
0
0
0
13
5
276
6
17
0
0
29
2
0
0
1
0
7
2
479
4
0
2
0
0
2282
0
5
1
1
0
47
0
31
0
0
0
0
0
0
5
0
39
0
0
49531
1
0
10
0
0
5
0
0
1
38
0
0
9
108
35
12
0
0
3143
0
11886
0
0
13
0
3
3
67
0
1
88
3
0
0
3
188
16
68
0
0
0
14
647
9
0
8
2
18
2
6
0
12
1
0
0
1
334
0
0
0
0
0
0
50193
32
0
1
1
0
2
0
3
6
21
0
1
1
0
0
0
20
0
0
2
2486
15
1
0
0
0
7
3
0
26
1
3
0
17
1
0
0
5
6
0
0
4
0
0
13
48
1
2453
1
0
17
0
0
2
103
650
58
406
1
2
313
1497
1
50228
1
0
5
1
0
9
0
82
48
0
39
19
0
0
0
0
2
5
5
0
2
14
0
0
6920
2
11
69
1
90
4
0
0
63
0
0
1
87
0
780
21
0
25
355
39
1
2
2
0
0
0
0
0
59
7
2
0
20
81
2229
258
11
0
0
14
60
1
10
1
61
0
1
122
1
0
0
0
20
0
0
2
1
0
0
0
2
4
271
0
2
24
0
0
0
117
77
1
0
804
0
1
0
0
0
2
0
0
1
26
71
1531
73
3
2
0
0
13
0
1
0
9154
0
0
0
3
16
0
6028
0
4
0
1
0
1
64
1
1
9
12
6
0
174
0
0
0
0
2382
6
137
1
0
0
0
0
151
0
1
0
1
4
4
16
0
1
0
1
0
52
0
0
12
20
0
5
0
0
0
2
0
0
27
1
0
0
39
39
0
5
2
1
1
4
0
0
0
10
0
0
18
0
0
450
0
1529
0
0
0
0
9
0
0
1
27
0
0
12
21
52
0
0
350
2
0
6
14
14
0
0
0
21
0
59
2
0
0
0
0
123
0
287
0
0
0
0
1
0
0
1
19333
1
0
3
40
11
0
2
0
0
2
1
0
0
0
15
1033
0
90
0
30
0
0
0
0
0
0
0
5
1
1
52
64
0
0
27
0
0
1
0
0
0
84
0
6
0
2
124
1
0
19
3
123
13
26
0
0
2
0
0
0
3
14
105
8
2
0
42
526
154
0
35
241
0
7
0
27
25
251
0
0
0
0
0
55
0
22
127
42
0
492
0
1
35
0
1
7
2
0
0
1
12
20
0
0
0
0
0
0
3
0
592
2
3
0
0
1
1
0
0
0
2487
0
2
0
5
1
2
0
0
0
548
0
0
177
1
0
0
0
1
17
20
0
0
1
3
26
0
0
0
5
0
0
4
3
0
0
0
0
16
11
1
58
147
0
1
0
0
0
0
0
0
0
0
0
1
76
3
0
0
0
58
0
0
0
0
0
0
0
1
74
0
18
69
1
0
13
236
0
629
1
5
0
0
2
0
0
6
7
22
0
0
2
9
1
142
19
1
0
0
0
3
6
58
0
2339
0
0
0
1
0
1
664
0
42
0
2
0
0
3
0
9
0
6
27
5
22
2
0
6
1
459
0
0
0
0
55
3
11
2
2
79
0
1
0
4
0
0
29
0
0
2
53
0
15
2
1
0
318
1
0
6
145
0
0
0
0
97
551
1
0
3
0
0
0
19
4
1
1
71
1
0
0
27
0
0
0
0
1118
9
1
0
0
10
0
0
0
23
0
133
250
3
0
0
105
0
0
181
34886
1
0
5273
25
0
0
0
42
2
0
12
0
39
12
0
9
0
0
0
89
0
0
7
0
0
18
0
0
0
1
0
1
0
53
0
75
0
0
0
1
0
0
0
0
1
1
15
0
0
0
0
1579
100
74
4
446
5460
0
0
0
0
0
0
1
292
0
5
2
0
197
2
1
1643
0
21
14
6
0
1
0
2
1
0
95
145
14
3
0
0
1
0
0
0
3
15
2
22
13
0
319
1
0
0
5
0
25
0
0
16
12
0
0
22
0
0
3
0
4
30
2
9
75
1
0
0
1
77
33074
2
4
1
0
0
0
179
0
1
11
148
494
0
28
10
19
0
266
5
13
2265
16
289
22
1
13
4
0
2
6
992
6
0
1
0
0
0
5252
21
0
0
11
470
0
7
7
70
0
0
0
0
5
0
0
1
1286
0
24
0
0
0
0
321
0
0
4
0
0
0
0
0
5
10
66
3
0
0
0
0
1
0
0
0
8
0
0
0
0
2
0
3
2
0
1
0
3
0
4
88
0
0
0
3
1023
0
0
0
1
0
52
7
0
3
0
0
1
675
0
0
0
0
3
107
4
13
0
0
0
17
3
0
0
7
0
26
2
731
165
92
0
0
471
1
0
0
64
2
0
0
0
33
17
19
1
2
2
3
0
0
10
0
0
0
0
0
321
0
462
0
0
0
4
1
1
0
0
5217
13
0
0
593
19
20
30
2
1
3
25
0
1
0
23
2
0
1
12
37
124
10802
14
1
0
16
0
7
3
3
0
0
0
1
170
1
16
0
0
3
0
0
0
0
759
0
0
13
2
2
5
0
1
0
0
326
0
0
221
57
2
1
0
0
96
0
0
2
5
1
2
0
1
11
0
0
0
0
0
0
335
0
1
123
0
2
1
0
22
0
24
0
86
0
12
0
0
0
250
4
676
0
3
0
6
0
3
62
0
0
0
0
2
446
8
0
2
23
1
0
0
95
1
1713
5
0
1
0
3683
0
0
18
0
570
1
71
0
0
39
0
0
55
1
0
4
3
162
4
145
0
13
376
2
0
14
13
0
0
0
0
1
0
598
35
0
6
0
0
14
0
228
2
0
3
124
0
30728
0
0
7
295
8
0
10
0
2
0
7
391
0
0
0
0
0
801
58
0
105
31
0
0
0
0
23
0
1
6
0
0
0
7
3
238
49
81
292
1
14
3
105
2
0
1
1
0
3
1097
0
0
34
0
0
1
0
0
0
0
48
0
1
1
2
0
33
0
0
0
0
0
152
0
2
0
0
0
2
71
0
0
0
0
40
69
0
89
1
1
49
0
0
10
6
58
0
101
5
585
500
252
0
6
3
58
0
9
0
0
0
0
31
0
4
6
2
0
0
0
8
36
0
80
3
75
2
1
0
3015
0
0
0
5
18
200
1
0
0
18
0
0
0
0
0
1
32
103
64
2
0
8
1
0
5
1
0
3
0
0
0
22
1
0
0
9
9
247
1
1027
0
0
2
3
0
0
93
0
2
0
0
27
0
5
0
0
0
0
0
1
0
32
1
4
1805
1183
1
16
388
15
3
0
174
0
0
327
45
0
0
0
4
2
25
307
0
0
52
0
4
0
3
0
0
0
1
2
0
0
11
3
135
23
1
156
0
0
6
0
1
0
0
0
213
12
0
249
0
2
0
2
0
0
0
41
0
18
7
0
0
59
0
0
0
4
0
0
0
1
17
1
0
0
0
0
0
0
1
89
11
0
0
0
1
0
298
5
0
2668
3
8
0
1
0
0
1603
6
0
0
0
0
0
3
0
13
1
2
90
5
1
0
1
15
11
2
0
1
0
0
0
1
21
1
143
435
9
76
1
0
0
0
795
1
1763
2094
70
55
0
0
157
0
1
0
1
2
1
0
22
0
39
125
0
1
0
13
2
0
115
5
0
0
3
0
9
4
0
1
0
1182
13
280
3
3
26
0
0
29
1
1
1
1105
0
1
7
0
0
0
37
794
0
15
1
4
52
0
0
12
1
0
0
0
0
32
0
2
0
143
4
63
0
1
7
0
0
0
38
72
2
19
1
0
15
113
34
63
2
1
0
3351
0
0
0
1
0
2
1
0
0
20
0
0
0
1
0
2
0
1
0
11
2
76
1
37
3
0
4
0
243
0
0
0
0
0
5884
0
49
1
11
689
4
0
2
11
0
1887
0
0
116
2
1
0
3
2
29
0
64
132
0
1320
0
14
236
1
0
0
0
61
5
2
256
0
1
98
0
0
13
1
0
1
2
0
38
0
4
2
0
2
798
0
16
2
0
0
8167
2350
0
0
277
0
0
23
82
0
34
0
0
0
488
105
0
0
2
38
2
3
2
17
16
0
0
0
0
30
0
0
4379
0
450
31
0
21
0
1
44
101
2
0
0
2
0
0
1
3
0
3
118
4
7
5
0
0
0
2
1
2
0
7
30
1
1
0
12
20
0
0
16
0
0
99
1
0
1
0
26
0
325
0
1548
0
0
0
37
0
0
3
0
1
0
26
2
0
0
0
0
0
0
15
10
0
1
0
1
12
1
15
0
1
0
1
1
0
386
2293
19
0
0
5
1
0
0
362
1
0
0
0
1123
0
0
0
1184
107
36
2293
0
1
42
168
0
274
0
50
0
1
649
0
6
0
2
13
9
3
36
1
1
0
150
5
0
0
1
13
0
13
1
0
0
37
0
0
35
2
2
38
0
51
1
0
3
0
80
0
60
48
3485
3103
383
32
0
184
96
0
835
0
0
8
0
1858
2
0
12
206
139
59
1
0
0
5
0
2
1
0
2
0
0
150
36
0
0
0
57
3
0
1
1
75
96
0
2
0
74
1
1
617
2
0
220
0
0
4
1
10
252
0
1
7
0
0
26
401
5
0
0
54
3
0
355
7
10
0
5693
19
0
11
7
4
175
24
1
8
3
0
0
112
12
0
33
0
341
1
2
0
6
0
0
50
0
0
13
49
0
0
212
37
1
0
0
1034
0
0
1
3
304
0
5
0
1
0
0
0
70
0
5
99
0
92
5
0
0
0
2
0
166
0
334
3
72
5
8840
1
0
62
5
1
8
0
15
35
1
0
3
0
0
5510
1
0
0
0
7
176
0
0
1
0
0
49
13
0
0
2
48
0
3
290
0
16
0
11
4
2
1
3
0
0
1
0
4
227
0
0
2
0
3
1
1364
32
29
0
0
0
3
0
29
4807
836
0
0
0
246
1
40
97
0
0
14
254
0
1
0
1
24
0
3
0
0
0
0
21
2
3
1
3
8
0
0
0
0
14
833
0
42
38
2
0
0
0
0
0
0
13
40
1
5531
37
0
0
1
0
32450
0
0
0
8
17
0
310
718
1
8
0
1
0
3
0
0
10
1446
0
0
10
1
0
8
8
11
0
0
0
0
0
17
0
0
10
51
0
0
7
0
0
0
0
5
0
0
15
0
0
1
751
2
46
0
0
1
1
18
0
4
0
1
2383
0
0
202
0
4154
136
70
0
31
11
5
0
43
0
0
0
0
1
0
0
3
0
4
27
0
0
2
0
0
47
0
0
0
2
5
0
0
0
0
0
0
0
0
0
0
80
0
3
2
0
417
1
0
53
2
2
0
665
0
2
2
0
0
0
11
1
0
0
0
162
0
0
19
0
8
0
1430
1
5530
14
78
12
30
0
0
4475
157
82
1
3014
577
183
13
0
0
153
0
1
0
0
63
1
5
0
416
0
14
1
11
1
0
41
13
79
91
0
0
0
1
0
0
17
17
223
543
1
0
0
0
0
2
187
0
10
0
45
46
20
279
1
4840
2235
18
0
3
14
4
0
18464
0
1
0
0
1118
198
177
2
101
1
0
0
0
0
53
2
1
0
1
24
449
1
0
5
10
193
9
0
20
0
0
0
1
0
5
1
0
35
0
0
1912
0
0
0
2194
32
0
874
0
0
840
12
0
0
0
0
1
3
33
0
4
10
0
47
271
7
7
0
27
1
6
0
139
0
47
1
2
0
3
24
4
0
0
1
10
20
0
9
1
24
0
1
0
0
0
0
3
0
67
99
0
0
2
5
7
442
26
0
0
2
0
1306
0
52
1
189
0
0
0
5469
43617
134
0
0
0
16
0
4
159
3
2
1
0
0
0
0
322
0
7
12
0
12
10308
0
0
0
0
39
1
31
1232
0
9
6
2
45
65
2
2
0
68
1
10
0
0
0
675
0
2387
4
0
0
0
0
0
0
0
182
69
29
0
0
0
18
1
18
5
1
3
2
0
0
37
6
19
0
0
0
7
0
1
0
0
0
4
1511
8
162
0
2
4
0
7
58
260
0
4
4
0
0
3
5
8
247
0
30
0
237
0
0
0
0
96
0
0
0
0
0
6
0
7
125
2
148
1
124
0
1
37995
32
9
138
0
45
0
0
256
0
2
11
0
0
0
1
0
0
0
2
8
173
2
2
38
191
1
0
0
0
92
32
0
6
3
3
0
19
0
0
0
19
1
0
0
298
42
0
1
0
0
13
1
65
1
1
0
110
0
0
8
19
0
0
0
230
0
38
9
4
0
0
32
62
0
0
6
6
5960
0
0
0
0
0
18
20
26
0
1
0
0
189
0
2
0
18
0
0
2
0
3
0
0
0
4
3
0
32
0
0
0
18
124
0
0
1
0
8
2
0
2
1
2
3
0
147
0
0
0
69
3
0
9
0
0
215
75
11
1
0
39
0
0
0
0
0
0
2
9
158
2930
0
3
0
0
0
0
0
2
23
1
14
0
4
1
0
0
0
17
815
0
1
0
3135
1
54
3154
3
0
0
52
2
0
0
10
0
5
71
0
2
0
0
0
0
5
3
2
0
0
58
1
7
0
2
117
35
0
6
15
0
0
1
0
0
3
1
5
0
0
0
2
11
4
0
30
1
2
10
5
0
0
4726
0
855
90
0
0
0
0
1
42
0
0
0
0
6
0
10
0
0
6
29
0
0
0
0
0
0
0
0
1
3
0
104
0
0
7
616
2
0
7
2
0
4
0
37
4
5
437
4
0
1
1
3
2
33
41
4
4
7
0
0
20
0
1
0
708
0
0
1
0
0
604
2
1
0
0
0
2
0
74
19
523
188
279
0
84
0
10
0
85
0
16
11
1
0
0
0
0
0
0
0
41
0
0
0
0
0
0
1352
0
3
0
0
29
145
0
132
545
1
0
1
0
1183
0
1
15
0
0
1065
3
0
0
24
0
6
0
0
7
0
1
39
0
0
266
107
1727
4
1
0
0
60
0
0
0
0
0
5
0
0
0
0
5
8
1
2
0
0
0
0
0
1146
0
144
2
3
0
0
0
2
0
0
5
0
0
0
5
0
125
0
1
0
0
30
2
2
0
27
7
0
34
2
1
0
0
0
0
0
0
0
2016
0
185
21
0
7
5
0
0
2
13
0
0
0
102
6
6
10
85
0
1
0
0
0
0
0
53
1
96
0
0
63
0
0
3
1
10
10
3
0
16
0
14
53
0
790
0
0
0
0
51
50
0
0
0
2
0
156
0
0
1
4
1660
39
7
2
0
0
149
0
0
0
0
8
0
5
0
2
7
3379
0
51
0
0
0
0
401
30
0
35
0
224
2
4
2063
4
66
10
4
0
0
0
73
0
0
10
1
2
7
612
0
0
6
1
3
2
0
17
0
3
3
4
0
0
234
0
1
0
29
12
0
1
3311
3
10
0
1
30
0
0
0
0
0
7
15
2
231
0
0
10
0
0
0
0
1
1
12
0
45
6
0
5
13
10
503
3
51
6
0
12594
226
3
21
0
0
1
0
197
87
1
9
0
0
2053
0
10
1
5975
0
0
0
0
2917
1
7
5
3077
0
0
0
0
7
0
0
13
5
27
3
4
7
0
0
78
0
0
10
0
3
0
0
3
0
0
2
0
6
2823
41
50
1
0
0
43
443
3
0
6
44
59
0
6
1
3
1
8
0
20
0
0
0
173
0
231
27
5
8
88
10
0
0
0
10
12
0
0
1
324
16
24
1
199
4
2
0
2
0
7
22
0
2
5
181
2
1
1
4
0
3
0
0
6
0
116
1
1
0
0
1
0
0
1
0
2
0
3
15
0
110
0
0
2
5
1
0
0
0
0
0
7
0
3384
2
97
0
27
737
0
0
0
1
0
8
23
0
0
15
0
0
5
65
0
0
0
0
0
3
44
1
1
546
0
701
0
1
0
2
0
0
0
0
270
18
14
1
8
0
1
0
1
0
237
1
25
0
38
7
0
0
0
0
0
1
18
2
0
2
2
21
30
776
39
60
0
0
2
23
17
3
0
5
12
205
1
0
16
0
0
0
8
6
2
7
2
5
0
1
0
0
0
0
2
1
1
0
1
5639
0
32
0
35
0
0
0
0
0
0
0
3
0
2
153
3
0
1
1
0
2
0
116
0
418
6557
11
29
0
272
0
0
0
3434
6
390
0
0
20
3
0
62
1101
0
76
0
0
4
231
23
1
167
41
3
0
0
6
7
0
7
1
0
6
6
7
0
871
0
0
0
1
0
1281
4
1
7
7
0
419
1
0
0
0
0
8
0
144
0
62
465
75
1564
40
0
0
0
9
0
0
4
0
0
0
1686
2
5
1
0
257
0
0
0
1
51
0
24
1105
1
2790
74
1
3
29
11
0
10
0
696
62
2
1
0
0
31
0
0
0
441
120
2
1
0
1627
0
0
0
2
0
0
1
123
24
45
1413
0
0
0
53
14
0
7
0
0
1429
0
424
8
10
0
2
1
0
4
20
0
0
0
1
0
0
0
0
709
1
0
190
0
4035
0
5
2
0
0
304
0
0
0
0
0
0
0
51
108
39
23
22
1
0
2
0
0
0
0
0
21
0
0
30
3
62
0
4
6
1
0
4
0
0
0
0
1
13
4
2
166
0
0
0
409
0
0
360
60
0
1
3
0
0
4
0
329
13
1561
1
0
0
0
102
2
0
0
0
0
369
1
1
1
6113
0
1020
10
0
0
0
0
0
62
0
8
713
2
1
0
17305
0
1154
0
0
0
13507
0
0
0
852
0
9
0
2
23
1
92
3
0
0
0
16
0
639
5
1
0
38
14
2
1
0
1
49
1
0
2
2
0
0
0
1
1
269
0
1152
16
2
1457
2
222
1
0
0
0
0
2
0
19
11
231
46
2
0
0
20
0
714
1
537
0
0
0
0
0
0
33
2
70
13
0
0
168
0
0
4
0
0
1
0
975
0
0
2
23
6
4
7
1
22
0
1
67
0
0
0
6
0
5
1
0
59
12
709
0
0
160
323
9
0
0
3
0
0
3
0
1
8
0
0
0
2928
1
7
0
0
0
0
0
136
0
110
1
0
0
0
3
0
0
14
1
7
2
0
32
1
0
191
2
0
2
1
0
46
0
0
1
0
35
0
0
0
7
4
1
131
21
3
0
0
1
4
0
0
0
0
0
4
0
58
0
0
0
597
1
5
4
10
0
0
0
0
74
0
2
0
0
0
0
0
0
0
0
92
0
65
4
0
326
0
2
0
1
0
0
5
0
3
3
1
0
0
7
0
1
0
0
13
3
0
1162
54
1
1
0
0
2
199
0
1
0
35
6
301
193
67
1
606
0
0
19
19016
0
0
0
21
5
0
3
21
1
27
0
0
5
0
0
0
2
0
9
1
0
7
3
145
0
3
2
1
0
1
8595
0
197
42
154
0
0
3
9
6
1
15
0
14
0
0
0
535
0
4
1
0
3954
31
0
0
10
54
0
0
0
0
0
692
0
1
0
0
1
0
12
2
7
19
0
13
0
0
0
0
24
2
1
0
12
0
4
0
2
1
0
0
1
105
1
0
2
0
8
0
0
0
5
0
0
0
2
85
0
1
1
8
0
0
59
3
57
31
0
0
2
0
0
11
19
1
0
398
1
0
0
238
0
42
26
0
0
6
693
0
4
0
0
4
0
0
292
0
32
0
10
0
0
5
0
1
0
1
0
22
1
0
25
192
5
0
0
292
1
0
20
0
0
0
1
161
0
21
0
0
894
22
1062
3
2
2
0
183
32
1
39
15
1
0
0
1
31
0
0
8
8
108
0
1
11
0
0
0
0
58
0
38
1
0
916
0
206
9
1
0
0
5
0
0
6
0
100
1
5
579
0
0
4
1
262
173
1
0
0
1
6
0
0
7
27
103
0
1
0
4
0
2733
3658
0
2
1
1
0
1
1
45
0
0
40
23
0
1115
0
5
0
0
0
17
2
1
0
0
32
0
11
0
18
0
0
0
9
25
2
6
0
64
4
1
0
1
214
0
0
1
31
0
2
0
0
0
63
85
23
4
10
0
10
0
251
0
1
43665
0
0
1481
0
0
0
50
0
0
0
1
1509
64
0
0
2
0
0
0
0
4
8
2
0
0
1
58
788
0
0
0
0
0
12949
33
0
0
706
0
0
17
12
0
63
0
0
4636
204
0
0
0
80
0
9
172
0
0
13
9
8
225
0
20
50181
30
7
54
41
5
0
0
0
1
0
573
6
0
3
0
15
79
2
0
0
0
0
8
13
42
0
0
4
1
26
13
2
2
34
0
5014
0
0
0
3
0
1
0
0
12
0
39
1
439
0
0
0
0
0
37
1
50
308
147
21
0
0
4
1
2
12
0
2
0
2
7
2
2
0
27
1
0
0
0
0
80
0
195
2
0
75
142
0
18
4
8
0
0
7
1
0
77
28
0
121
0
122
1
156
2
137
0
1
0
0
2
3
1
0
60
1
0
0
0
2
19
3
0
0
0
0
247
37383
0
4
0
0
0
0
14
7
0
0
0
24
0
15
20
0
2333
17
4
0
31
0
0
4
1
0
2
0
0
1
7
1
0
237
1
38
22
22
0
6
3952
44
958
62
4
0
0
8
33
0
0
0
0
1
7
0
10
6
0
0
1
0
0
0
0
22
9447
0
0
0
0
0
0
353
29
104
0
1
0
0
2
0
0
26
0
0
0
0
0
4
1
0
1
1
5
0
24
1
1
8
0
12
0
110
28
1
0
0
2
98
1
0
0
0
108
0
0
0
0
6330
0
0
0
0
50
0
50
0
0
463
1
6
0
0
1
0
0
36
43
0
417
80
2
0
3
0
0
0
0
6
1
0
0
0
3
0
0
0
0
1
0
1
0
19
0
8
0
1
4
5
0
6
120
0
131
41
2
0
0
6
22
0
0
10
0
19
8
2
1
1
465
913
32
0
14
0
0
0
0
0
7
8
155
1
0
1
0
0
1
0
2
36
0
3
6
0
3
0
31
0
0
103
18
0
0
29
0
1
600
3
0
25
111
0
0
0
0
69
1
0
0
0
0
0
0
0
0
453
3
0
256
0
24
0
1
270
0
1
303
0
0
0
3
25
43
9
0
0
9
5
0
949
0
1602
0
3
1
32
15
0
0
48
1
31
172
5
87
223
28
0
1
1
0
642
0
0
200
25
0
14
151
297
0
0
1
380
0
289
897
0
117
0
8
3
7
0
1
0
0
1
0
0
0
0
0
543
0
1
2
150
0
0
15
2
0
3
0
9
34
843
1
0
0
0
3
0
0
0
2
0
0
5
0
0
0
0
10
58
849
0
2
10
0
0
65
3
44
0
1
37
1
13
0
100
0
352
0
0
29
0
0
0
1
1
1
51
2
0
21
0
3
0
0
0
0
17
2
0
0
82
0
0
0
0
583
0
0
491
0
8
2
0
0
0
3
0
1
0
8
1659
1
193
0
1
0
16
185
5
3
1525
0
0
0
0
0
0
374
62
0
1152
2
0
1
4195
1
0
5
2
0
0
0
0
0
0
1
0
45
15
0
414
2
136
2
0
0
9
0
6
0
0
0
427
0
0
0
0
0
0
0
5
0
249
1
170
5
9
0
23
0
0
261
1
0
14
1240
0
0
0
0
1
1401
0
0
0
1
72
0
62
40
0
1
3393
143
2
0
0
3
0
1
0
27
3
120
26
1
5
0
45
0
0
0
2
356
0
11
1
0
1
16
0
0
481
12
2
0
0
0
0
0
0
0
0
61
107
0
0
0
8
0
8
0
0
21
0
0
0
0
895
0
0
8
43
3
0
438
0
118
26
2
0
0
15
0
0
0
15
283
1
1
342
0
1
0
19
11
6
1
324
5
2611
4
32
1
0
0
1
0
12
3
23
72
27
64
0
0
953
2
3
0
0
0
0
0
1
0
908
0
0
1
0
0
35
0
1
0
0
0
0
0
4
0
2
44
0
24
0
76
1
25
30
0
1
1
71
401
0
0
0
9
137
5
0
4
1664
1
0
0
0
0
1
0
4
0
0
1
0
629
1342
0
0
0
0
0
457
0
2
611
0
0
7
15747
7
0
1
17
67
0
5
1
1
0
0
0
40656
0
0
2
0
14
0
1861
80
7
692
21
18
0
0
12
0
13
0
1
17
3
0
0
0
15
0
0
0
1
1
0
16
2
1
0
1024
51
1
0
0
0
3
2
11
3
1
2
0
0
19
1
4
0
1
30
0
0
0
2
325
12
0
32942
1
33
0
0
0
6
0
9
3
726
22
57
6
0
0
1
0
0
0
2
3
45
0
199
157
27
27
0
0
0
0
9
1
0
19
0
1439
0
11
51
0
222
77
0
206
216
238
0
1
0
17
484
2
0
0
222
1
46
1448
1
0
0
6
13
34735
65
48
8
1
2
0
10
2
1600
1553
0
1
27
17
0
121
0
0
12
12
0
18
0
68
0
1
1
0
0
127
53
175
0
78
96
0
0
0
0
0
0
0
0
0
67
6
0
0
0
1
4
0
0
0
0
5
15
2
3
25
0
295
6
0
0
0
0
0
1
0
3
1484
0
5
0
1
0
1
0
11
1
1
2
0
0
0
0
40
3
0
2
4
6111
1
3
16
196
11
65
30
1
64
0
36
3
5
38
3
4
0
2
274
0
0
0
0
1
177
1
0
200
0
114
0
0
3
0
2460
0
0
3
4
0
0
1
1
0
20
0
174
0
55
0
2
0
7
72
1
1
25
80
0
0
17
0
44
0
1
404
0
1
1
0
2836
1332
0
1
0
57
3
2
4
0
212
30
1
0
159
0
0
0
1
4
105
0
72
0
0
0
0
737
1
1
0
888
0
91
1
0
2
18
0
0
22
0
85
0
11
1370
1
5
0
2
213
7
1
1
0
0
0
1
0
0
126
0
3
138
0
406
0
2
7
1
19
21
1
1
5
11
397
38
1
0
3
15
0
5
1
134
1
21
0
0
0
0
0
9
0
0
0
1
0
931
28
0
20
18
0
777
0
3
238
0
3
2
1
0
7058
10
0
0
1
0
0
15
0
4
0
1
11
0
0
1
1
0
2
0
1
0
31
4
3
0
0
0
0
24
0
38
0
44
10
84
120
10
0
0
0
184
3221
12
0
3
3
17
0
33
1
6
31
20
0
121
0
0
0
129
90
1
1
445
0
3
1
0
0
0
33
0
1
3
0
0
5
160
0
1
0
1
0
2
264
1161
81
499
71
12
45
9
0
0
325
6
5
21
0
1
0
0
0
6
1
0
2
22
2
0
1
0
0
1
41
0
0
40
2066
109
0
0
7
2
0
0
102
48
0
1
285
57
0
0
0
1
0
0
0
0
0
0
1
83
44
0
2
1
0
2225
4
25
0
0
1
1
0
0
0
4
0
1
0
546
23
107
254
108
0
0
0
57
8
13
0
1
0
0
3
71
1281
3
0
3563
0
0
0
63
0
4861
1
0
35
0
0
0
0
61
0
0
1
0
0
27
744
0
1300
0
0
1
3
6
0
2
4
1
0
2
207
0
0
0
16
107
0
18
2
6
775
894
0
0
0
0
38534
0
0
0
0
12
0
73
0
0
241
2931
5
5
0
0
0
37
0
5
17
3
0
97
0
1
0
0
0
1673
25
60
1
0
0
1
2
0
0
4
0
0
136
1
0
0
172
1
303
0
4
2
0
981
0
1
37
3
41
0
1
0
0
0
1
2
0
1
1
0
0
1
0
44
1
0
3
5
0
0
16
0
0
17
1
9
4
0
23
2
18
0
0
28
3
0
0
0
4
23
0
4
0
2
14
5
6
67
6728
216
0
0
0
0
0
0
0
11
0
1
5
2
36
1
0
0
0
0
35671
0
5
1
1
3
0
25
6
0
0
1
0
0
0
0
22
2
0
3
130
0
219
0
0
0
1
0
0
643
1
0
7
3
1746
2
231
0
0
0
8
0
0
0
0
11
3
355
241
0
1541
0
1
9
167
458
1
0
44
0
7
0
0
1
0
6
5
52
0
8
0
0
42
0
0
0
0
0
0
983
0
2
2
0
0
667
101
119
2069
535
1
0
1
1
0
19
4
0
0
49
470
0
0
0
0
2
0
21
0
87
148
0
456
0
3
0
0
0
2
1
72
2
25
0
2
1
1
32
115
40
0
4
1
1
0
0
2
2
197
248
2
0
13
0
0
0
0
3
1
0
0
3
0
0
0
0
1
6
1
19
0
8
1
901
8
0
3
5
0
14
0
213
9
0
19
0
0
0
1490
0
348
0
0
0
1
0
0
4
85
0
0
0
2
0
19
0
0
0
0
0
0
0
1
0
5
21
1465
266
522
54
8
1
7
0
0
287
1
4
5
0
1
7
0
637
3
0
1
0
4502
0
115
0
1
9
34
0
101
14
423
48
5
0
1
0
8
71
573
0
21
0
0
0
0
41
0
44
0
4
20
0
0
1
0
3
4
0
130
0
0
3
0
7
19
2
0
1
52
0
0
0
111
1
1
0
0
0
1
105
0
17
0
28
53
0
246
1
5
1
658
24
4
0
481
0
5
0
0
0
7
0
21
1
0
29
0
28
991
3
0
0
0
44
0
28
0
0
0
6
2
2
64
15
0
68
12
0
0
0
0
0
0
2
3239
0
96
11
3
0
16
8
0
0
4
0
0
180
3
82
0
0
0
2
4
16
134
16
4
29
0
0
0
0
0
49
0
0
0
1
2
0
0
651
107
0
0
1066
0
0
205
1
0
0
0
1
0
24
0
411
0
10
6
0
0
0
0
390
0
44
0
6
4
3
0
1
5033
0
0
133
3
1
10
2278
2
0
12
268
0
1
27
468
0
0
0
0
38
36
0
0
14
3325
0
37
4
22
0
0
6
0
0
26
3
24
0
35
0
7
0
7
8
0
0
2734
29
0
558
1
0
5
1
179
0
2
0
4
0
0
0
0
2
773
0
0
67
0
12
76
0
0
541
1
115
0
6
0
658
0
0
0
39
0
0
0
0
0
18
8
4
0
11
0
28
0
10050
2
0
2
0
230
0
3
0
2
292
21
37
5
0
7
3
84
0
5
0
2
0
0
0
7
0
0
1
13
1
0
1622
67
114
76
0
0
8
0
58
48
0
508
21
0
20
8
0
0
0
0
5
598
6
0
2
170
123
307
87
79
0
0
0
0
11
6
12
0
0
0
36
0
0
1
1
152
0
4
0
148
0
477
0
14103
1
11
11
191
2
2
158
0
8
32
79
20
19
9
2
449
1
0
13
65
1
0
0
0
7
57
1
1
0
1
0
43
1
0
0
775
173
186
2
0
0
0
6
0
2
14
218
0
0
0
27
7
1
0
0
1429
0
2
0
210
246
3
5
14
2
2
0
3
496
0
0
0
5
0
2
7
367
8
4615
0
21
200
74
0
20
0
1
1
7
0
0
0
0
0
72
2
0
0
2
186
553
714
2
232
0
40
9
6
2
1
3
1
0
0
7
0
168
11
31
2
0
4
11
0
0
108
0
1
0
0
3
9
0
0
0
0
3
1
0
0
0
47
78
7
0
165
0
283
0
257
2
12
0
0
2
1
0
39
1
0
0
0
1
12
172
0
3
7
0
0
3464
77
811
1
4
1
0
2
30
1
7
105
20
0
1
0
4
0
65
511
428
16286
718
28
6
3
2
0
3
0
1405
4
0
6
3
0
0
2131
1
0
0
0
0
0
6
0
13
0
0
1
0
2
18
0
80
64
2
0
29
14
2532
1
1
196
248
28
194
1
0
0
0
6
1
2
0
0
8
335
280
0
23
0
0
2
0
9
0
1
0
0
2
71
0
0
0
2
3
0
2
0
663
1
18
0
1
75
10
59
14
86
50
2
0
0
0
10
0
0
37
15
0
3
0
2
0
11
0
1
455
165
0
86
0
0
0
9
21
0
0
0
1
1
1
0
0
1
0
20
0
3087
20
0
0
0
127
0
2
0
0
18
0
1
0
0
19
0
493
0
5
56
11
53
78
0
0
0
1
78
0
0
0
2494
0
0
0
0
20
0
0
0
0
0
127
0
0
0
1
0
0
1
2
0
1
74
0
0
1
26
0
10
108
2
0
7
3
228
0
2
0
0
0
0
9
0
76
1087
0
36
12
0
21
0
0
1
3
2232
0
0
5
0
0
1
0
0
0
2
0
8
0
0
1
44
1311
3
0
1
0
5
221
57
10
1
0
0
0
0
6
26
0
0
0
0
4
5
40
0
8
282
0
0
10
1
288
0
0
0
45
63
0
2
4
2
62
0
163
0
2
2
1
0
0
0
0
4
1
0
0
0
1
0
5
59
0
0
6
0
43
4167
0
0
1
2
0
6
0
145
0
1
4
2
2
143
0
0
0
18
3
322
0
11
32
0
1
0
5
0
24
1
0
1481
762
1
0
14
1
63
21
3
1
1476
0
0
318
0
0
0
10
27
0
0
0
0
61
3
1
5
407
478
2
144
42
1
1
0
1
1
472
1
17
165
29
0
0
75
156
0
1
0
0
5
1
1
0
2
21
19
29
61
3
7
2
0
0
135
0
0
31
0
3
1
126
414
8
0
0
5
9
3
0
0
58
64
262
0
0
0
1
0
0
0
0
0
0
2
669
2
0
248
3024
0
0
96
29
0
0
0
0
0
1
0
14
0
0
2
0
190
683
1
7
1
1
1
0
132
0
60
0
1
319
27
0
20
7
2
8
1
2
0
17
0
0
111
0
0
0
2
757
0
0
0
2
0
0
3
0
0
11
3
3
686
0
0
0
26
30
43
10
28
1113
9
0
118
0
6
3
0
0
0
0
0
0
2
9
3402
1
0
0
6
44
7
2
15930
2
0
0
4
0
0
196
62
0
37
14
73
0
0
1
2
0
0
1
0
9
0
2
0
76
1
0
0
1
78
656
1
0
31841
0
286
0
8
0
0
349
0
1
145
18
3
2
0
0
0
5
0
0
1
24
1
99
170
21
42
2
5
38
0
22
0
7080
4
39
0
0
7
3
0
0
390
0
0
0
0
0
0
2842
0
5
0
0
0
0
141
0
0
19
3
42
0
0
2
5
0
0
1
0
34
70
32
7
32
0
3
0
16
345
12
1
11
7
12
43
1
0
0
34
0
608
4
2
6116
14
89
0
2
2
349
554
123
0
0
1
1
0
0
47
281
41
2867
0
0
0
0
0
4381
0
3
0
0
371
37
18
1974
0
70
100
0
0
352
0
0
0
10
0
0
11
1
3
1
0
0
2
1341
28
16
0
117
3
0
0
0
0
53
0
3
119
126
0
0
8
32
0
0
0
0
19
4294
4
0
2153
0
55
8
0
0
0
0
2
0
0
202
93
0
0
1
38
1
0
3
622
0
4
128
16
0
0
6
13
0
0
552
0
380
0
0
0
2072
15
0
0
0
46
32
41
2
0
0
6
5
658
0
18
0
149
60
5
9
0
0
0
41
9
0
288
0
0
6
2
0
0
0
0
261
2
1
0
1
4
0
9
0
0
0
1004
0
0
79
29
3
0
0
0
1
0
0
0
4941
0
18
7
1
3
9
1
114
0
1
305
0
9
0
0
4
7
0
0
0
1
1
1
2
0
9
0
6
0
0
11
3
3
171
1
0
0
0
0
6164
48
0
1045
4806
0
1
5
2
0
0
0
4
14
35
0
0
0
0
1
0
4
0
17
275
0
0
0
21
1
0
1
0
3
1
0
0
28
0
4
1
0
6
0
52
20
1
12
0
6
0
2
49
11
34
590
6
13
0
1
0
2
306
0
0
0
2
0
52
0
104
22
3
0
0
0
74
658
1487
3
0
0
0
0
0
8
6
1
326
1
0
356
0
0
272
280
0
12
0
0
143
0
3
1
157
2156
0
1
0
0
0
30
0
3
0
56
378
1
10
0
444
17
1
10371
0
0
0
1
4202
0
0
0
22
15
8
29
0
0
0
1
7
0
90
0
1
0
0
0
3
3
2
110
0
92
24
2
2
0
317
0
8249
1
0
47
0
20
1
0
1
4
3
2
580
0
495
2
0
0
2
0
1
0
2
128
1
1
1
46
1
155
0
0
2297
89
0
0
0
0
21
14
0
0
2
0
1
25
65
8
1
0
0
6
2
31
0
204
857
0
0
0
5
0
577
4
0
17
2
0
19
0
0
0
205
0
0
0
2
2
148
0
0
0
0
234
0
4
30
3
613
1
0
280
0
6
0
2753
2
24
0
0
1
0
0
0
0
331
0
1411
81
233
1
0
0
0
0
0
5
2
18
0
0
1363
0
0
0
2
90
31
170
10
1
0
21
0
0
4
0
0
0
0
0
2
1
1
0
0
2
6
3
0
0
1024
0
19
515
22
0
1314
0
9
183
0
0
1
0
2
4
0
0
3
72
1
0
934
0
6
0
0
11
1297
0
1
138
6
126
0
7
0
228
1
0
2
6
0
16
2
1
10
8
2
1
6
1363
0
83
1
592
161
0
0
0
0
1
3
2
0
1
55
76
0
0
0
82
26
1
0
0
0
1
70
0
2
153
73
0
192
0
0
0
0
6
0
0
1
1
1
4
84
82
5
0
4
0
0
2
8
3
0
0
0
28
0
0
5
1890
29
55
2
15
0
3
0
0
0
1
1
37
10
167
1
92
1
0
0
0
0
0
264
1961
0
0
20
250
4
0
3
70
0
1
56
2
6
9
0
17
0
0
182
39
505
2
23
495
957
0
0
395
372
0
21
0
52
4
1
8
1
8
2
0
1
5
5
0
1
3644
0
78
203
0
10
0
0
0
6
7
51
0
0
8
0
2
0
266
1
289
0
9464
821
105
1375
0
1
1
7
0
3
0
0
2
0
53
0
0
731
0
0
9
0
3
2
2
1
7
0
1490
0
3134
3501
1
2
0
1
1
0
78
11
7
3
652
154
0
0
0
0
0
1
0
1
26
12
0
0
0
1
0
8274
0
0
0
3
0
157
18
0
0
0
0
0
0
1
0
1
0
0
6
0
8
0
2
0
27
366
0
0
0
1
14
2
0
0
7
5
292
16
0
0
96
0
170
2
1
671
0
9
0
628
1
1
1195
208
9
36
246
1
4
1
0
1
0
0
2
0
58
11
0
0
2
53
0
0
0
1
0
66
274
0
0
0
0
0
1136
284
0
1
8
216
0
113
971
0
50
0
0
6
0
0
728
1
0
0
2
86
0
0
0
0
2
1
0
2635
0
2
0
107
33
1
0
0
2
0
0
0
1
331
4720
39
0
0
0
32
0
0
7494
0
0
17
7
0
3
0
0
0
3
0
0
19
3
254
214
1
3
0
127
10
3
1
190
0
1
5
0
3
0
1
10
0
0
10
22
0
113
4
0
1401
10
0
1
0
27
0
12
7
3
118
0
0
0
1
0
13
1
58
0
86
20
107
1
0
8762
18
67
4
17
1
0
0
1
2
0
1
0
28949
1
0
1
1463
0
11
2
2
2
0
7
0
0
2
0
0
0
51
8
384
8
3
2
111
0
0
41
0
92
6
27
12
6
0
7
0
0
0
0
0
2
0
0
2
71
0
0
1
822
0
25
223
2
0
1
0
0
196
0
65
0
0
321
0
2
44
0
0
8
0
1
0
0
1
0
31
0
0
43
0
0
0
0
62
2368
0
244
0
2310
0
6
9
3688
68
8
249
0
1
0
0
0
0
0
1
2610
0
11
55
0
0
0
0
7
84
0
1
12
7
0
0
0
0
0
20
87
11
542
180
0
6
0
0
77
0
102
3
0
234
1
0
0
485
0
0
5
16
0
0
2
37
0
0
1
14
3
0
0
157
0
0
0
0
0
0
0
0
0
0
0
7
0
0
57
57
0
0
0
0
0
0
1
13
0
0
0
0
101
2
2042
58
0
1
0
0
41
0
2773
0
30
2
4
1
0
73
185
0
0
22
1
0
0
8
1
3
2
25
1
41
0
8
39
0
16
1
20
0
8
2
0
0
0
0
192
0
1
33
0
0
0
0
0
59
5
38
7
4
0
0
8
0
423
0
22
0
1
242
0
0
0
0
3
1
0
0
54
0
4
0
46
0
0
5
4
2
0
0
0
75
1768
0
2
0
1
4
2
0
0
5108
552
3
8
5
0
0
8
0
595
0
1
120
13
0
0
13
148
26
648
0
0
0
0
0
168
0
0
1
24
1
3
230
3781
2
341
2
19
0
0
0
2772
4006
2291
118
311
0
0
0
90
2
0
2351
6
0
2
0
1
2
0
0
0
4
3541
0
4
1
0
0
0
0
0
0
33
0
1
1
679
5
6
0
0
4
3
0
2
0
0
0
246
7
1
34
0
6
94
1
0
472
316
0
2
1379
0
27
19294
64
0
17
3
5
0
0
36
0
1
25
0
0
1
0
0
1
0
2
119
83
0
0
0
1
0
5
0
0
0
2
0
102
1
21
2
0
40
0
0
8214
6
0
1
349
0
168
0
1
0
0
1
1016
1
0
4
1
1
1
225
2
5124
384
479
12
0
0
8
0
1
0
6
0
6
0
0
26
6
461
0
2
0
0
130
21
479
0
1
1
0
1
0
0
0
47
0
9
29
274
0
0
2
0
1
3
0
10
57
8
100
1
7
0
2
0
150
56
0
47
3
3
0
0
0
0
0
268
0
1295
912
0
1
621
1
0
0
104
261
0
2
0
1
1
0
0
554
1
833
0
0
12
0
51
0
188
0
2
0
0
13
0
4
1
1
0
92
134
0
112
0
1
1
3
50
0
18
0
0
5
1
839
44
0
1
8
0
1691
13
0
0
1
0
1836
13
0
0
0
1
0
0
286
4
0
0
3
48
0
0
12
0
5
2
122
451
275
3
0
63
0
0
0
15
0
2
0
5
6
4
5
67
0
0
288
0
0
22
35
1
2
0
0
1
0
3013
1
0
11
0
54
0
0
2
0
20
3687
2
0
107
1
0
3
1
1
0
0
2
13
0
6
0
0
0
1
71
0
1
0
19
0
2158
0
2
3
0
0
0
0
750
1
0
24
0
764
2
16
0
153
0
0
5999
22
0
0
0
6
9
4
0
4
0
1
0
15
35
0
2
0
0
34
4
213
11
34
3
1
0
0
0
0
107
0
6
2
1
0
341
1879
0
0
1
0
0
0
21
19
0
0
0
265
0
0
0
0
0
0
103
208
1
2
0
760
0
53
0
0
182
10
5
0
0
1
0
1390
0
94
0
14
0
0
0
8
1
1635
0
102
0
0
0
0
8
0
3
2
2
1
1
0
1510
0
16
2480
0
0
6
8
0
0
0
1
0
9
0
1
0
0
104
0
940
1
0
1
108
0
0
2
0
182
134
0
0
2
1
0
1
11
0
35
8
0
0
0
353
3131
0
0
0
2
257
0
352
0
0
2119
0
9
254
1
3
0
16
0
0
5
1
9
0
2
1
0
1
53
32
1694
0
0
0
4
1
0
0
0
0
12
0
2
26
2
100
5
0
17
566
0
49
19
0
0
8
7
4874
0
1
0
0
0
989
68
785
0
0
31
1
26
11
0
197
0
0
0
4
3
0
6
25
11
46
2
0
17
0
217
0
0
2
0
666
295
3030
2
46
0
0
0
2965
74
14
290
5
242
6
0
3
3477
0
5
31
91
3
3
0
0
28
2
2664
3
0
0
0
0
194
1418
1
0
2
91
0
52
130
0
43
3
0
26
36
6
1
0
1
1
7
0
0
1
1
0
43
0
80
0
7
15
2
1
3
0
0
66
0
0
1739
0
8
9
102
0
0
2
0
0
261
2
1
0
0
0
6
0
0
0
0
0
0
0
2
154
397
3
0
1469
0
0
0
19
1
1
0
0
46
4
6
0
0
0
1
0
1
0
186
95
11
0
15
0
0
0
6
7
16
0
1
0
0
0
2
2
0
7
41
7
50
162
0
0
116
0
0
2
98
1
96
1
7
0
26
2
0
0
0
0
1
0
0
0
1
14
99
27
3
84
0
159
0
1
0
3
0
2
83
32
0
0
2
56
0
5
5
5
0
0
1
2
0
0
539
0
0
0
1
5
0
3
0
0
6
0
0
6
1
1
11
0
0
0
238
0
106
19
0
0
0
0
0
0
0
0
0
143
2
4
0
0
2
0
0
35
6
0
0
510
0
528
53
1
1
4
97
0
6
1263
130
139
0
0
4
8
0
0
48
0
6
4
460
0
1
0
0
0
0
257
0
54
0
0
0
0
3
0
0
27
64
6
0
2
0
0
0
0
5
0
0
1143
1
1
0
0
4
0
0
0
44
0
0
0
0
0
0
30
0
1
0
5
0
14
454
0
0
3
0
2
0
0
25
0
0
0
0
177
337
53
0
0
0
0
0
19
19
1
0
29
0
0
0
0
561
8
3
1
7
0
3
0
0
0
0
20
321
30
5
2
15
0
0
1
0
37
1
2
0
2
1
3
0
0
98
1
0
0
0
34
0
0
27
423
0
0
0
0
0
0
96
0
0
0
0
331
1
176
0
0
2
148
80
0
0
0
1
21
0
134
0
16
0
881
0
0
20
0
29
17
2
0
5
4
0
6
0
1
0
0
0
0
0
0
0
20
1
0
4
0
114
498
826
1
0
15
93
76
0
0
0
0
0
0
5
1537
0
0
5
30
654
5
0
2
0
4
1
0
2
0
0
0
0
3
11
0
0
16
6
0
0
0
37
1
2
0
23
1
0
0
19
0
0
1
1
5
3364
0
2
96
0
0
473
0
0
0
2
4
1
21
0
266
0
0
0
0
0
0
1
1
1
15
0
33
26
783
0
3
2
12
0
7
327
0
13
4
0
1
52
31
3
0
0
1
264
0
13
397
4
758
0
0
0
0
2
1
2
79
7
0
0
32
4
8
0
0
0
13
1
0
0
1
505
1170
57
0
0
0
0
0
0
162
1
12
4
63
4
0
0
0
0
1
0
0
1
1
20
0
66
0
27
1
0
222
929
5
0
0
0
0
0
2
1072
1
0
10
0
2
2
0
0
0
43
0
0
0
0
227
0
0
0
1
59
11
0
9
0
5
3
0
0
0
1
75
0
4
0
174
13
0
1
319
4127
0
0
2
1
9
1
146
0
0
440
4
131
0
1
9
0
0
0
0
2
1524
3
1
5
2
2
0
0
1
380
354
0
0
16
0
19
0
121
55
0
42
2
0
13
1
1
2
1595
9
6
1
0
0
0
0
10
0
0
0
1
0
0
399
0
0
0
0
13
2
0
0
1138
0
129
23
0
5
1137
40
0
75
0
0
20
1380
91
199
3
164
22
0
3
28
0
4602
826
0
0
1
106
3
3
0
18
5
44
0
250
0
0
1
0
0
0
1
0
0
0
0
0
1
4
5
6
10
2
0
0
0
0
7
184
0
2
10
0
0
45
0
68
15
7
2
2
61
8
26
0
0
2
0
22
0
3
3
0
0
9
3
3
75
1
9
13452
11
373
82
0
136
0
0
0
0
0
0
0
0
0
0
0
0
0
0
0
0
0
1
0
1
0
38
0
0
78
2
2
327
3
0
0
0
5
3
0
0
0
8
138
0
0
0
739
0
13
0
0
0
3
1
0
16
1
3
0
1
0
0
289
0
1
0
0
0
84
0
0
134
58
2660
0
0
2
0
0
0
0
0
137
0
65
142
0
2
723
28
0
0
0
1
0
2
0
0
306
0
0
11
0
180
5
0
2953
7
1
0
0
70
0
1
3
1
44
0
2
0
23
0
1
0
26
7
108
2
0
54
0
0
4
2
0
44
62
0
1
70
82
42
0
2
0
0
202
0
0
4
5
8
0
0
1
0
0
0
14793
703
0
0
7
0
0
5
0
0
0
0
0
2615
1
0
20
449
0
0
53
255
0
3
2
6
31
27
1
0
32
1
4
465
0
0
0
0
0
0
0
33
12
0
0
257
0
2
0
0
21
0
0
0
10
83
2
2
0
2
0
4
32973
0
99
0
0
0
2
0
0
3
0
380
0
78
0
3176
0
2
0
8
0
72
0
45
0
0
0
0
3
0
89
0
0
7
1
0
52
4
0
0
86
5
2
2
0
21
9
1
807
0
0
1
31
0
13
0
0
66
120
2
2
8
0
391
0
3
0
9
0
0
991
0
1
44
0
3
14
0
0
710
0
0
0
0
290
1
2
2
13
3
0
0
6
0
0
4
6
8
1
193
0
0
0
1
0
1
35
1
0
333
0
1
1
0
1
0
60
0
4
0
0
8
14
1
0
0
1
8
6
0
63
1770
14
0
24
0
0
0
0
50
3
0
0
6
0
1
0
0
1
35
0
23
0
2520
0
24
0
4
0
9
0
4
0
30
0
0
19
70
76
0
0
631
16
1
4
198
12
1
0
1
5
140
1902
0
0
56
3
33
0
3
0
37
0
7
326
4403
0
0
240
0
0
1
0
14
8
0
0
163
0
2
0
466
10
0
80
1
5
1
11
0
0
197
0
65
33
0
344
6
0
225
3
0
49
0
0
0
184
233
2966
53
15
0
245
0
0
0
13
0
0
80
1
18
0
1
0
310
513
0
12
0
0
1
0
0
27
3
0
0
0
0
0
0
6
2
0
14
69
0
31
1022
2
9
3
2
2
0
5
0
0
1
1
0
0
35
0
5
9
4
1117
0
50
0
0
0
0
560
0
0
140
0
95
0
0
23
0
3
185
3
0
88
0
0
68
4
13
0
1
0
26
0
0
2
0
0
0
1
0
0
0
617
5
2
1
0
0
3
0
3
815
0
2
0
5
0
0
7
831
0
0
2
1
2
0
1
2
27
618
7
0
21
0
0
12
15
3
0
0
23
1
333
1
0
0
6
3
0
13
22
1
0
16
0
21
0
0
162
104
3
0
0
0
15
0
143
0
2
0
0
0
0
0
8
249
27
0
239
1
5
91
0
13
849
21
0
109
0
0
4
1
366
5
9
0
0
0
0
0
477
3
2
2
247
1
8175
0
0
0
179
38
15
1
3
11
1
0
0
3
0
1
0
0
123
0
5
1
0
5
0
0
0
4
18
50
0
0
0
1
0
3
8
6
25
37
19
0
0
2
0
0
0
416
0
1
1
0
141
45
0
0
0
0
8
1
13
0
44
5
2
0
0
9
1
0
0
0
46
1
0
0
0
1
0
0
0
0
75
0
9
0
342
1
0
1
0
11
6
0
3
0
1
1
0
11
0
20
0
1
0
0
0
2
0
99
1
0
0
0
0
90
260
0
0
0
0
0
0
92
0
0
2
245
0
0
0
115
0
0
0
1
0
6
0
1
0
40
3
0
0
38
43
0
1
0
11
183
0
37
1
0
0
0
8
0
0
22
0
0
0
4
9
64
5
5
77
0
0
44
16
0
1
0
441
0
0
0
140
0
0
0
0
0
0
0
247
9
1
0
10
0
0
0
2
15
4
18
0
1
0
30
6
0
2
0
0
0
0
0
106
15
585
2
1
2
0
5
0
0
29
156
1
45
1487
0
2
0
0
4
1
0
0
67
0
21
2
59
15
0
0
0
3
0
0
23
0
9
0
0
0
2
667
39
3
70
0
0
9
0
661
1
0
4
372
0
1
160
1
4
0
0
32
0
45
0
3
0
0
0
2
4
0
0
0
0
0
0
4535
0
4
0
27
0
0
2
0
0
2
9
6
0
5
0
0
154
0
0
0
0
2
4
547
2
0
24
2
0
17
78
3
0
34
166
0
64
0
1
54
30
40
0
1
4
0
0
318
32
0
0
0
167
1
0
101
0
1
0
0
2
0
0
1
271
0
0
25
1
1
1
0
0
0
0
41
0
0
13
9
17
16
0
0
4
2
55
4
1
45
0
6
10
0
0
0
0
0
11
550
559
0
0
883
0
85
0
79
1
0
0
8
0
0
0
1
2
4
0
119
0
0
0
12
0
28
0
0
0
0
16
22
13
0
111
0
0
0
13
1
0
1
4
0
0
0
0
0
0
1
0
2
0
0
0
0
3
8
547
0
0
0
11
19
0
24
2
0
0
0
3
27
0
40
4
0
126
0
0
0
0
30
1
1
0
0
3
0
0
8
0
885
0
0
70
1
0
0
1
0
18
2
73
3
0
3
447
13
0
0
0
0
0
0
0
0
0
0
0
26
140
8
11
1
0
0
25
112
0
9
49
0
0
0
1
1
6
1
0
0
233
0
0
0
1
2
0
2
0
0
0
2
870
0
1
39
0
5
395
2
0
0
0
0
0
27
0
4
0
0
73
0
0
10
0
0
69
85
1
0
1150
2
122
3
2
0
0
2
9
1
0
2
22
0
341
0
0
23
13
1
76
0
0
0
2
0
0
0
0
3
102
297
2
2
3
0
484
280
259
0
0
0
0
0
1
10
0
0
120
0
0
15
384
29
2
0
3
0
0
0
0
0
5
6
419
19
0
0
11
204
0
0
0
2
1
1
1
0
2
0
10
0
1
0
1
0
0
0
4
0
0
119
0
0
6
0
50
0
0
0
1
37
0
0
4
4
161
1
1
2
0
0
4
0
0
0
11
0
0
5
1
271
0
0
1
0
112
7
0
1
0
20
24
37
1
0
4
0
14
2
4
0
1
0
0
1
314
6
6
1
0
32
25
0
285
2
10
0
7
13
0
1
0
1
12
1
445
0
1
0
12199
0
1
0
0
0
0
0
2
4
0
9
7
1
0
1
0
1
72
0
0
0
0
0
0
0
2
5
0
0
837
0
21
7
0
0
6
0
0
3
4
20
20
0
0
20
0
2
0
211
2
415
0
100
0
2
0
1
89
2
4
5
2
0
4
10
3217
1561
0
0
0
0
0
0
0
0
1
0
7
3
5
0
0
1
62
0
118
1
0
1
32
20
0
0
0
0
5
0
6
388
467
0
513
17
0
407
0
0
0
0
0
2
65
301
0
0
319
0
7
0
0
1
0
2
0
0
0
4
95
1
0
0
0
0
183
13
0
0
0
0
113
15
0
17
0
20
77
0
0
2
42
2
2
1
0
321
0
0
0
0
0
0
240
0
9
0
594
0
5
14
0
0
24
0
0
0
8
1
30
0
0
0
66
3
2
1
47
0
0
1
3
1139
3
0
1
8
0
36
0
28
31
22
4
2027
144
3
18
10
765
1
0
0
0
0
16
345
14
4
2
0
0
0
100
0
0
0
4
0
0
0
1
383
1
0
0
0
0
0
3
178
1
2
216
2
1
3
31
77
0
0
0
0
40
0
1
0
5
11
279
0
0
1
0
0
2114
0
1489
157
3
0
2
1
0
9
3
0
0
13
0
0
0
3
15
0
0
0
0
1
0
0
6
0
0
0
0
0
819
1
723
32
0
4
0
0
0
0
0
19
29
22
0
0
0
215
31
9
20
874
0
1
41
463
2
0
870
0
10500
0
7
0
3
3
9664
0
0
7
6
5
0
0
0
0
1
21
0
89
0
1
174
0
0
1
1
0
0
17
2
0
22
2
8
5
7
1
31
86
20
0
0
0
1
18
0
1
1
1
0
0
0
0
0
529
0
14
0
0
26
0
57
0
1
0
1
6
5677
17
0
1
0
0
0
661
114
0
0
0
0
0
0
0
0
31
895
0
29607
0
15
0
0
3
0
0
5
1
1
34
10
0
89
0
171
55
0
193
0
0
0
15
0
101
0
2
6
295
0
2
0
20
2
0
0
9
0
0
0
0
0
11
125
2
0
0
0
0
0
1
4
12
0
45
0
65
3
0
9
0
313
22
43707
12
7
14
7
40
0
0
1
0
0
0
1183
269
1
0
81
0
43
53
3
0
31
936
6
0
0
2
3718
58
0
3179
2
0
11
1
27
0
7
0
0
30
0
0
9
2034
462
0
0
0
0
0
0
0
197
4
0
5
39
0
16
0
0
1962
0
0
1
0
7
0
8
0
0
3
4451
0
0
1
11
82
1
8
0
1
0
0
0
0
0
5
0
92
226
6
0
0
0
6
0
7659
0
0
0
226
1
13
2
0
0
1
0
58
0
0
1
0
0
0
0
0
122
1316
24
1
3
0
43
1
10
0
1346
2
449
0
0
0
1
0
7
52
0
0
2
0
0
0
1
435
13
2
2696
0
0
23
0
0
4
71
32
3248
1
15
2
0
10
1
0
6
4
0
0
87
2
0
0
2
0
1
1
0
0
0
0
0
0
2
0
25
2
0
0
0
288
0
0
2
2
0
0
0
380
0
9
2
3
0
0
0
0
21
22
0
4
17
0
29
671
0
0
3
319
296
0
39
0
575
20
2
2066
0
0
9
62
61
0
0
0
0
0
3
13
0
0
0
0
0
0
1
0
1
0
0
0
348
4
6
4
0
4
0
62
0
2
351
0
51
29
4
0
45
0
291
0
0
0
416
442
3
91
507
0
129
0
59
4175
18
1
6
7
4551
2
0
3
2387
0
5
1
5
2
1
0
15
4
65
0
9
0
0
0
0
9
19
5
0
5276
59
2
787
0
363
1
1
1
4
1
2
4
0
289
0
0
33
2588
0
0
19
82
16
1
16
0
11
101
7
0
1
0
3
3036
1
19
8811
0
0
1072
1
0
0
0
3
0
7
3
1
11
1226
1308
0
0
12
0
0
27
0
0
3
0
0
16
0
53
1
4
6
1
0
0
0
0
0
0
0
1
1
24
25
2
232
0
0
0
0
40
61
1
6
91
1
0
1
2
6
2
4
309
9
0
472
0
19
0
30
18
2
0
0
0
2
0
0
2
0
0
0
19
0
0
0
0
0
0
50
1942
0
2
3
1
154
0
42
2
5
1128
0
555
1
0
141
0
24
17
5
131
8257
2
18
0
0
0
27
0
0
6
0
0
0
84
6
1
3
0
3661
2
10
5
2
0
0
2
13
0
25
8
0
0
0
0
2
0
0
0
0
0
0
0
0
15
0
0
52
1
2779
0
0
2
0
0
1
0
0
1
12
2
573
270
0
261
35
2
0
34
2
1
0
1
2
5
0
64
0
1
0
491
1
0
2
18
0
60
2
4
41
0
0
47
12
1
0
1
0
0
46
10
0
0
0
1427
53
0
0
0
0
0
0
0
1
0
0
30
2
0
0
0
1
8
4
3
0
3
0
1807
1
3
49
1
343
12
0
0
1
75
0
4
0
0
0
0
2104
0
256
6
0
0
121
0
93
0
0
1
5
0
4
1739
3
163
0
2
0
0
952
3
0
0
4
4
1
0
0
0
1
0
0
102
21
9
0
51
29
47
23
81
10
2245
0
0
73
2
1
0
2
4
4
0
0
0
0
8
0
0
2
15
1
0
883
0
0
0
32
0
643
0
1
40
0
0
0
0
3
0
0
0
0
0
0
16637
0
1
300
8
10
0
0
0
120
0
1
0
0
0
1
48
0
0
3
28
1
4
57
1
0
37
0
0
27
0
0
0
0
5
1
523
0
0
1142
10
1
0
0
1
1
0
272
0
715
0
2
571
0
23
25
232
16
8
0
4
0
0
0
13
0
17
6
0
0
0
0
0
50195
1
0
36
3
31
0
2621
0
0
1
0
1
6
0
4864
15
0
0
0
0
2
8
5
0
0
3
7
5
2
0
0
604
139
0
0
5
2
2
0
185
0
0
1
1
5
53
198
0
589
0
0
0
298
0
1741
1
14
0
0
0
35
0
0
50230
0
1
3
134
0
0
0
0
0
0
1
0
0
1
0
169
0
0
0
0
21
0
1
0
418
0
0
1
57
0
160
0
0
5318
1002
0
74
0
3
5
7
0
0
32
62
4
1
3
5
0
15
0
7
0
0
4
0
0
0
0
54
0
0
21
5
0
10
0
4
0
0
0
0
0
5
31
0
0
2
1
0
0
0
2
0
0
0
0
331
538
158
45
52
0
3
0
846
0
0
643
0
6
0
7
80
0
1
1
11
0
0
1446
0
0
1
1
57
0
293
0
11
5
19
0
0
0
0
26
0
0
16
143
611
0
42
0
89
1
6
10
0
1
0
904
56
0
0
0
8
0
1
0
4
0
1
1
0
9
0
5
0
32
0
0
0
872
0
5
0
0
0
1
39
24
1
2847
0
558
0
0
70
0
0
0
3
5
1
0
22
0
0
2
1
0
1
0
3
0
1274
0
1
6
78
0
0
0
0
0
0
1
0
0
64
0
6
0
1
72
0
3
41
0
10
0
3
0
109
0
68
3
0
119
0
31
15
0
0
1
3091
0
0
0
0
6
0
0
0
84
449
0
2
23
1
0
828
0
0
0
213
9
3
0
0
0
4
0
6
1
0
0
0
70
2
0
0
0
0
1
0
0
0
0
1
0
0
26
0
998
3
0
2
15
1
764
0
10
0
1287
4
0
5
103
0
21
0
0
6
0
14
0
0
24
67
3426
0
1
0
28
79
2430
0
1
0
2
0
128
3
0
0
0
0
29
1
129
1
0
0
0
30
0
3196
0
1
432
0
0
1
6
3
121
16
45
54
2
75
0
0
0
120
23
0
0
0
0
28
0
279
0
42
1
213
0
0
54
0
0
17
0
0
0
560
44
0
0
0
0
1
25
3
0
0
0
0
0
688
0
0
271
0
0
0
1
1
0
3
0
6
0
1674
0
0
0
0
3
256
0
7
5
35
0
3194
12
161
99
0
787
3
0
2
1
4
1
0
0
0
0
0
0
13
296
0
0
0
15
0
1
31
0
0
54
1
7
241
0
1
0
0
284
0
0
381
2
0
207
0
1
0
0
1
0
4
3
25
59
0
4
0
0
16
1
0
3
6
40
166
2
0
22
0
5
0
0
1
0
0
2
6
0
0
0
0
0
332
4
0
34
0
0
0
6
0
0
0
0
9
4
0
1
0
1
0
1
3
0
120
0
0
23
0
0
0
2
1
0
0
21
2
0
3
1
14
8
33
150
0
0
11
0
5
0
0
19
1
0
1
1
682
9
6
9
1
2
0
0
0
1
0
0
8
95
42
56
0
4
13
48484
1
0
32
179
0
0
2
0
91
2
0
13
3
0
0
8
0
444
0
0
3
10
23
63
601
1
0
0
71
0
0
0
3976
0
0
0
63
0
0
18
0
8
31
0
79
63
6
122
617
1
88
0
0
1
1
2
0
0
1
0
0
0
568
50143
0
0
3
4
0
0
0
0
0
0
0
6
134
1
0
1
0
2
347
0
14
3
3
0
0
0
1
2
506
0
0
28
1
1
4
2
9
0
0
47
0
0
1
0
2
2
100
2
1254
4
1
0
0
0
767
0
0
0
1
1
588
5
0
0
89
0
1
1
0
0
0
0
0
10
9
4
2
48
244
0
1
0
0
0
0
0
2
62
0
0
0
0
2
6
2
0
8
12
0
0
6
0
0
4
0
8
47
0
28
3
0
0
0
212
0
0
1
67
1
1
0
0
0
2
19
0
126
613
0
0
76
5
5677
0
15
0
5
944
7
684
45
0
0
0
7
0
1
3
38
0
2
1
0
0
1
1
0
8
11
14
136
0
60
326
22
20
24
0
0
3
69
0
1
20
3
0
0
2
54
0
0
16
21
1
1949
0
0
0
0
0
1
1
0
0
0
0
2122
0
7
0
88
0
0
54
1
5
0
0
0
0
2
0
10
7
1
16
0
2
316
23
5
1
0
7
1
26
0
25
4294
56
0
22
1
20
0
1
1
8
4
1
0
1
260
0
0
1
1102
2
7
0
0
0
0
0
87
0
0
0
3
0
0
0
0
0
0
69
8
0
9
0
0
5484
0
5
0
0
2
12
0
0
0
0
2
5
0
0
0
1
0
19
1741
70
2
0
61
173
0
3
0
0
0
3
0
21
0
0
0
0
0
0
0
0
0
1
0
14
26
78
329
720
1
0
710
0
223
0
0
0
3
1
0
0
0
0
2
77
0
0
0
0
1
8
221
0
49
0
1
4
2
6
131
6
1
0
43
1
354
0
7
0
0
3
5104
21286
169
876
261
0
24
329
314
1788
147
4140
128
163
0
147
180
12445
14953
1612
11
13063
38
2135
11
140
163
6642
1255
11
20
8170
235
125
0
10
440
440
169
24918
12859
3566
5104
0
1612
0
44353
6805
157
2776
0
48764
390
4712
31998
16577
24267
15319
9068
147
73
42
169
6384
0
0
63
0
6125
91
1566
22182
2
3551
0
72
9
7092
992
0
4843
7104
35
11
25255
0
118
37
2034
282
2344
0
6
8954
28
13187
2
25
992
182
617
617
45
29
3062
2210
182
91
11
826
0
0
0
873
826
4
933
3
3
0
266
865
0
0
0
10984
135
1389
333
30
970
12
907
4869
32
80
1335
62
27
3330
10
3
6548
55
0
0
2136
0
321
23
4
113
29
1336
227
51
51
1
26
2086
40
3
17
48
0
0
2594
5
1
3
293
4869
0
1093
2
2399
3028
1
11
165
14
21031
6
1210
5
297
6512
191
78
360
15817
140
9419
0
35
7
0
3788
115
3202
0
287
31
6
265
196
6635
0
285
53
0
0
9
4075
14
9
5697
343
5
12062
14
480
54
0
869
3416
0
226
14
14
12
10
12
7231
72
583
26
1457
78
3163
1
33
18
16
0
22054
13092
43
5
6
378
0
2278
49
2
18
2
68
259
2
6129
1679
223
253
0
20200
94
9
1
16
0
6614
58
30
0
0
3
79
245
1
386
0
8896
0
0
0
817
1
36
67
50
718
1
1
525
162
0
0
45
81
629
2288
1
7700
2
0
1
4
438
4
68
7
0
863
49
1
5029
12464
4
267
405
75
0
89
27
9
23839
0
252
3
52
0
275
26
7339
6
0
0
68
38
4422
0
3931
25
2
4
7
1
1
7
758
2095
592
1
17752
2
0
0
1
2
172
0
0
4
0
4857
194
15
0
0
11
0
846
29
6
17
20539
22
1004
309
0
0
3
3
453
0
1
59
0
5
0
642
1
874
225
1
3519
5
0
4726
0
0
73
967
1
40
521
1459
1
1569
4
93
16429
420
8
1
14
67
158
2
9809
674
63
2
8
0
18
2
245
256
2715
0
6
2
529
0
1
0
2
21
191
33
4861
292
1
243
15
0
2
0
36
0
154
1
808
0
3
0
2
0
8
0
0
1
0
33
5752
0
2
6834
26
4140
0
4
0
0
261
2617
9911
0
1
2674
1017
3200
1
8
13
0
922
60
359
57
700
9
50
0
8
138
1
0
1
0
8
2
0
9
914
0
4
324
374
2
422
0
4
13
11
7
316
421
0
1
2163
5
3
2
3
4
3
1
18
0
9133
0
17
0
5177
2
0
1
2721
446
5
0
0
3
0
728
18
1
0
113
4906
487
3
3
0
3
22
0
134
0
6355
3727
5
2734
72
1
1
0
2213
12292
1
0
5538
2
0
0
0
10902
6
0
4
234
0
27
0
0
0
86
0
327
580
6
130
261
1782
6930
2
82
0
0
65
1
0
4
23
5461
0
1
44
9
1509
34
1
22
2
0
0
1
3834
0
1468
0
0
2
0
113
0
15
2
3
0
2
9
2442
1298
0
24
7
0
0
1
4
5614
0
294
6
1595
0
0
1
70
1
12481
2
0
0
16
0
43
268
17
87
786
2
0
74
16
21
0
61
1
62
0
648
2
4015
147
62
0
0
19
1
0
4
3
0
0
4065
11
0
0
2682
0
859
1
1
268
0
2915
0
0
21383
1
10
6563
263
1
21
2
372
2095
5228
1922
2
0
9
4
0
2973
0
814
3
63
0
102
2145
34
21
45
0
1
33
0
0
4
0
0
9124
1
2
2
0
50
0
1263
1
0
15
1
0
16
24
1
64
0
2
1
63
130
307
1
0
1
17
1897
2
210
75
0
97
363
0
7
3
0
295
131
0
47
628
3
100
1
358
13
0
63
7978
40
238
1
38
2132
1
0
2711
88
5
27
1
79
12
287
1
160
448
163
0
0
54
0
314
7697
0
8
159
1309
3
0
1
0
0
0
689
1906
19
7339
0
40
459
0
0
0
0
1
93
0
8
0
11
2
1
26
0
0
132
110
0
84
9
2
9
0
0
5
85
58
1574
61
11
0
218
1
8
11
4
0
51
1
8
2504
0
17
68
1
2523
4913
170
14
0
246
17
9
2
2
374
1
1025
0
1
14
39
9
151
8995
1253
200
15
6932
67
832
0
38
3
12
2
127
1
0
2
3
1
0
0
0
49
1
0
5014
5
1
0
2
0
38
250
1
0
2
0
1
162
3
1
4
1
5839
66
34
847
63
1
0
0
1
0
0
4
1
0
0
14
33
14
0
2
14
0
0
631
0
139
2158
15
6
649
767
0
0
14
91
2
0
0
0
0
1
20
11097
13
2093
0
1
1
0
1
3
6
132
1
10445
1
18
26
619
0
1
1121
5
29
2
0
0
1
4
14119
0
5
4
11
0
0
31
1
217
0
1
0
10
512
0
11
0
2
0
1
0
0
1
145
4
11
9
4
167
1
43
43
0
44
24
0
501
573
270
26
1
1438
1
1288
1
32
3586
0
383
129
304
1
0
1
0
6755
0
0
0
0
0
2
255
0
6
0
1
11664
0
36
0
0
0
0
0
0
2
1
5
494
0
5
2
22
7
0
114
4273
0
63
1
3
2
0
0
0
0
3306
4
27
0
1
2
260
0
0
0
1191
1266
3
2
0
1816
0
2
0
1
835
2
19
245
0
75
0
1
5
94
36
0
38
0
336
0
568
0
154
9
0
17
69
0
0
1
6
195
7986
32
4
1
0
2
6
0
106
3
4
2921
1
1
16
167
143
15
0
0
153
28
0
0
0
1
12
1
88
0
0
0
1
1
0
64
2225
0
0
712
0
0
0
1
7059
111
1
5
0
27
6
0
0
0
5
1
95
0
0
0
441
1
4
0
0
0
0
0
0
2
0
28
0
0
16
0
1
0
1
0
0
3
42
0
30
139
2382
6
201
1353
9702
1
7
1
13
16
274
436
8
0
4
314
0
19
0
7
10
1
139
24
0
7592
0
12
32
4
1
58
0
0
7
0
483
16
7
104
0
39
0
43
0
0
0
1
1
0
2
0
3332
0
29
52
1
0
0
968
2
280
0
7
4196
127
0
0
3
96
5854
0
5
1
5
0
49
1
0
291
0
9004
0
57
16
1
0
0
185
806
2
5
0
138
0
12
0
1
127
443
17
4390
3
0
0
26
0
270
39
0
0
4
1
2219
18
0
0
0
4
837
913
0
0
67
0
186
1
1
2
9
1
0
27
1
129
2
5
0
275
1
0
394
380
58
0
6
0
0
41
0
4
16
1
16
0
1
0
0
14
181
63
1
8
3877
4
107
0
1
20
398
1
0
3
0
1028
0
0
1443
198
69
292
14
0
0
0
0
0
0
0
4592
3
0
505
34
18
0
0
1
406
1017
4
57
334
207
0
6
3
0
145
1
110
471
50
11
9184
26
87
93
21
13
1
18
336
0
77
29
603
32
15
7
0
102
79
5
49
3
0
0
704
0
0
992
134
7
738
0
0
1
6
0
0
0
0
1
35
2
1
4
1
10
1
42
0
0
15550
0
0
0
0
64
0
5
54
7
0
69
190
0
4440
8
52
147
57
0
293
2
82
0
0
1
2
3
1
0
0
641
15
36
0
98
0
0
2
0
0
0
0
14
0
155
1
185
0
2
466
30
0
2
12
29
1
0
0
12
255
0
14
0
114
3
32
1
0
0
801
172
4248
0
0
14
10
270
462
1
0
0
0
5
0
669
0
2
0
6
0
0
0
132
0
3187
755
10
0
2
681
5062
10010
0
0
2
2
0
3643
0
6535
2598
0
23
0
39
3
1
0
8
9
0
0
15
0
1
1
0
64
1
0
1
1
0
8925
47
0
402
0
7
226
466
0
1
4
32
110
8
5
5
0
1861
105
6
0
1
259
0
0
4
3
1681
0
3
0
485
11
0
1
1
14
0
61
1
9
1
66
1
432
3
26
66
75
58
0
479
3
61
33
1723
0
6
2
1033
0
0
4
0
10
0
1
588
0
108
2
0
0
0
5
0
18
0
1
7
0
44
6
1958
0
25
0
22
0
50
1
13469
0
16
14
5
1046
0
2
1
0
0
16239
0
1
5
14
301
1263
1
0
155
9
184
12
450
0
8
95
16
710
3
1
1
58
2
1
0
5
974
3
921
0
9
7
0
0
0
2
128
71
0
1
4
4
65
15
1
0
36
1816
11
300
19
24
0
0
0
0
2
10
0
0
40
48
1169
0
0
19
0
1
0
0
0
0
0
84
6
7
0
21
1
1027
1
1
23
12
1
0
0
39
0
44
0
0
2
0
1213
0
0
31
0
0
0
58
2
2
301
0
1
0
0
147
8
12
1
1
7
0
0
0
0
0
2
7
0
0
0
0
287
0
0
820
0
17
605
3481
124
0
7
0
0
1111
0
1
761
3
1
4
38
0
80
0
0
2
4
3
0
8
0
2
1
2
0
6
2692
11
15
3
4
1
129
1
0
113
674
24
0
1
0
0
0
0
0
0
49
0
162
0
1
0
2
57
165
0
0
141
0
0
0
669
15
0
508
0
1
436
0
0
3
0
172
1
28
15
0
52
0
1
1
1
2
43
19
1
0
2
1
0
749
1
133
0
7
0
71
0
23
26
6
2
157
92
1
0
0
0
0
12
5
129
431
1
0
0
1
19
0
0
3
10
1
0
2
9
229
1
521
1
0
3
0
0
0
1
11
1190
1
80
1
0
0
1274
0
0
1
2
0
0
1
0
0
10
659
0
16
0
0
0
228
788
5
0
411
0
0
65
0
0
0
0
7
0
0
34
12
311
0
0
0
8
0
757
646
0
32
0
92
1
9
954
0
6
2
167
786
0
171
0
0
1
892
0
0
0
0
3
0
9
0
163
0
2703
5
0
0
653
1
35
0
8
0
55
0
6
23
0
2
4
1
1
106
1
20
0
0
127
0
0
1
0
0
0
2
11
1
0
0
0
100
30
3574
0
13
1
0
0
22
0
531
2
0
3
3048
1
5
0
1393
7
0
75
19
186
0
0
0
1316
2
67
0
0
6192
573
2
1
20605
2
67
3
0
326
0
61
0
14
26
0
2
0
119
35
57
0
1
1
0
0
0
5
0
6
0
4
9
99
1
3
14
0
7
0
5
5
141
5
1
767
2
140
0
0
0
0
0
107
0
0
524
0
0
0
0
7
0
1344
0
431
0
1
154
0
45
1
0
15093
0
0
0
121
17
0
0
0
9
0
602
0
1
1
0
0
6
0
2
0
0
1636
20
0
0
5
0
0
108
1
8
0
3
0
11
0
26
0
276
5404
0
0
0
0
1
0
780
68
1416
0
1
5
10
0
580
204
1
0
3
0
0
26
58
9
0
71
317
269
5
0
0
0
1
0
47
998
286
1
0
17
142
2
0
1
183
3
2159
0
1609
0
4
1
0
0
3
1
218
82
2
0
0
1
0
1852
1
2
2
15
36
0
24
70
2
0
0
5
500
1579
9
41
0
4
109
17
151
12
38
24218
6
3516
4
4
1
0
0
0
0
0
0
0
0
1145
0
281
28
4
1
1181
1
1
22
434
4950
1900
1571
16
0
147
154
10
298
15
0
0
2
2
1
3
0
0
0
0
38
1
9
0
548
5
152
0
1
0
0
749
2700
69
4
0
0
0
0
552
3
0
19
50
0
0
0
0
0
0
5657
0
1
1
0
82
2316
1
1
20
7
4
1
479
44
0
41
0
0
0
3
490
0
0
0
3
162
53
9
50
0
1
1
0
0
3
4
0
337
0
0
7
0
0
0
0
2412
0
8
4
0
194
1
0
2
0
21
5
4
19
0
0
40
1
19549
0
2
1
0
3
35
0
0
92
105
0
2
1
0
4
0
0
396
2
30
36
7
0
3
1
0
0
0
0
1
0
16
1625
0
2
1
8
808
1
0
1
0
1
2116
3
0
0
2
0
0
0
0
1170
10
55
0
0
1
54
0
1
0
0
1007
0
0
1329
52
1
40
6
1
0
6
72
0
10
7
0
0
0
51
3024
3
60
1739
12
0
35
28
1
0
0
0
0
0
3
17
1
1212
0
88
0
0
115
0
1
0
0
0
38
0
0
0
9
0
2
6
1183
45
24
0
0
1
0
14
0
27
0
0
0
219
0
0
1
3
0
374
0
4
0
0
1
41
0
231
2389
265
0
158
6305
21
46
118
1938
0
0
0
1
1
1
0
65
4
18
23
0
4
1
1
2302
780
0
1202
25
36
8
5836
303
5
14
0
0
0
5
34
0
12301
3
35
0
0
0
0
1
0
0
330
5
0
0
275
0
0
20
1
0
31
1
0
3
78
12
3
3
0
2
772
0
3
2
1
0
3
704
0
0
4
1
15
0
2
0
0
20
21
83
240
0
0
0
0
0
4
1
35
1
0
3
0
0
2
6
0
0
0
310
0
331
0
0
56
138
0
0
51
16
0
2
1
156
29
1
1109
0
0
4
0
25
0
1
3
0
0
0
1
0
0
11
0
1
0
0
119
0
0
1
0
56
38
1
0
1
4
13
3
0
498
14
0
1
27
269
24
0
606
344
0
9
0
29
6
0
0
0
23
0
369
263
221
0
33
239
0
2
0
0
97
5
3
9
0
1
0
1227
0
1
19
50
0
0
1
1
0
242
8
1890
0
8
0
33
0
0
0
0
5156
2410
2
20
19
174
0
0
16
4
924
0
0
2
256
0
0
196
2
0
2
1
0
0
6
15
0
0
0
0
79
1
0
2
0
3
0
94
0
160
3
1
0
7
1
230
1
68
0
0
5
47
1
9
0
0
7
0
0
31
0
4017
224
499
1
22
0
122
13
1
297
9
2
0
2
118
0
0
0
1
10
1
1
0
0
0
0
1
0
0
1
1472
0
12
4029
11
0
0
12601
0
45
1093
0
30
625
16
2
0
0
38
0
21
0
0
0
28
0
54
248
42
221
1
0
0
0
0
101
49
904
3
41
0
164
0
2
1
0
3
3
2
0
0
12
0
0
0
0
0
1
2
0
0
5
0
0
10
0
0
0
1
7
1
796
4
0
0
0
1
0
2
6
283
8
0
0
39
0
0
1
0
0
0
1
0
266
0
1
0
277
1
0
1
0
5
1
0
0
0
193
354
7
0
0
88
2
0
405
0
2
0
0
144
25
0
0
0
17
142
0
0
0
12
10549
0
0
3
27
70
0
1
0
69
0
0
0
0
619
3539
0
34
0
0
0
1
0
0
3456
14
5
0
0
47
0
237
0
0
0
1
0
61
7
36
0
0
1
0
0
0
7
0
9
0
4
0
1
1686
98
202
0
0
0
1
0
0
0
0
0
7
0
0
1
46
0
59
1
37
0
1632
59
1
0
3
2
5
0
0
0
1
0
0
0
22
3
0
0
198
27
9
0
0
1
0
8
0
159
0
0
4
287
0
464
1
0
0
23
0
236
2
30
58
0
1188
0
0
1438
0
1
64
0
6
1
0
6
898
0
0
22
2
1
10
0
15
16
16
0
28
9
3
0
25
3
1
0
0
150
0
0
0
0
2
0
37
0
2
1
0
21
1
272
1
9479
13
1
280
0
2
4
14
0
0
0
0
8
0
69
1
0
0
1137
251
26
1
315
582
0
386
116
1
1
0
1
0
0
2
0
54
0
0
0
0
0
3
4
0
0
34
0
0
1
19
10
0
0
6
1
4
2
6
2332
1
0
0
0
3
211
210
0
0
2
53
0
6
0
0
0
0
81
28
0
5
0
0
1
0
0
1
0
1
0
0
2
0
1
0
348
0
65
5
0
0
0
0
4
1
90
0
0
0
0
0
0
0
0
11
0
0
1638
1
0
2
0
0
4
1
0
287
0
5
4
4
1
0
5
0
33
0
9
0
0
0
2768
1362
0
305
0
0
0
0
200
52
0
0
44
5
0
0
1
0
6
0
1
77
0
21
11
0
0
121
17
0
1
0
0
0
0
2
3
22
3
614
0
0
0
19
0
3
2630
3
894
23
95
1
59
0
38
0
3
0
24
3
138
0
134
0
4937
3130
0
21
0
0
3
72
6
74
0
232
0
0
0
1
0
0
546
0
2109
5
0
0
4027
3
81
0
0
0
1
0
0
9
1
0
4
87
1
35
0
37
0
106
624
0
362
2
86
0
0
69
135
0
0
0
1
0
1
123
7
0
0
1
1
6
0
18
0
0
0
274
0
10
65
0
8
0
5
539
130
4
9
917
0
28
1
0
0
0
118
26
0
544
0
0
0
0
1
0
55
1
0
20
22
3
0
5
28
2
3
0
14
0
6248
14
17
0
0
0
20
284
0
1345
27
0
3
165
3
1
1
88
0
0
9
2
1
2
0
1
180
0
12
38
0
0
47
15
10
9988
2
3220
4160
19
1
109
18
19
1
0
0
0
0
26
207
51
12628
6
0
0
0
48
1
0
84
0
2
0
5076
0
9
4
0
1
3
0
7
3
0
0
0
0
1
1
0
0
0
0
26
0
0
0
0
1
1
44
151
0
0
0
88
0
0
88
12
2
781
1
1
376
17747
1
2
0
0
1
0
0
0
0
45
45
10
0
80
0
0
7
4465
0
5
16
3692
0
172
0
1
0
19
0
0
67
1
0
6
1186
0
655
0
2
0
77
0
0
0
0
115
1
0
0
0
563
1
0
111
0
0
27
0
0
0
0
1112
2
2664
3807
0
0
30
0
0
1
8
2
2
8
69
0
0
2
1
0
0
121
17
68
1
4
74
1
0
3
1
0
0
13
149
4
281
2924
1
2
0
17
84
215
1
4
0
19
0
0
19
0
0
834
705
0
0
2
6
1308
0
2483
1
0
5
0
139
223
1
0
0
0
0
0
32
12
17
0
0
22
310
100
0
11
0
1
0
0
34
0
0
35
18
0
22
0
0
1
0
75
16
1
15
179
0
3
355
2
0
977
0
0
14
1
0
38
4
11
0
0
350
12
0
6
0
3
1
0
0
1
883
12
0
0
1
1
0
1
1
0
6
0
34
0
21
0
42
1
2
183
632
60
212
309
142
0
0
1
20
2
1
9
0
5
25
0
310
0
4
0
1
0
0
18
0
0
0
4
3
1
4
66
0
1
0
18
34
7707
36
1
28
2
311
0
0
12178
12
0
0
0
0
0
263
3
30
0
3
0
6561
3
0
0
0
1
90
1
0
3
0
1
0
0
1
25
0
0
0
6
0
231
1
1
3
0
0
0
0
0
0
0
0
2
0
4
0
30
3
0
5
121
0
24
66
21
3
8
0
11
8
1713
101
0
0
0
0
1
0
1
0
0
0
0
1
1
0
0
21
1
0
0
1
11
0
42
27
26
7
0
0
1
0
0
0
16
0
73
0
0
0
0
0
2
0
2
8
69
9
0
1
0
54
21
12
7
0
43
26
3
1
0
0
471
0
1989
362
0
1
0
0
0
1103
0
570
14
5
0
7304
0
0
0
0
10
0
87
1
3
0
0
49
5
0
0
4
0
0
1
0
1054
2
0
57
11
0
0
0
7
0
298
0
14
2
189
0
0
0
0
4
4
15
0
126
1
2141
92
8
0
7
36
396
1
0
0
1
4
0
1
1
0
535
0
10
0
3
6
2
423
22
1
1
0
7
0
1
142
249
35
0
5
1
3
103
0
1
0
0
2
0
0
1
1
0
776
35
5
2
0
5
157
0
32
11
0
805
4
73
29
51
11
0
0
0
5
1
0
0
0
0
63
0
0
0
0
2
0
11
0
0
0
0
4
0
0
53
0
0
0
3
0
0
0
0
80
0
150
0
19
0
8
0
0
1
0
199
1
146
0
0
2
0
0
0
0
2
13
910
0
0
27
134
1
3
0
0
0
7
25
26
0
1
0
0
0
3
330
3
0
23
0
0
3
0
151
26
1
2
7
0
3
5
27
0
190
1
1
0
0
0
316
18
0
3
55
0
2
0
0
23
0
496
0
2
239
0
1068
0
0
32
44
7
0
41
73
0
1
0
0
0
2
1
0
2
0
2
0
1
35
0
1
1
0
1741
52
0
1
0
0
29
13
10
0
0
4941
1524
9
0
0
0
7
1
338
0
4
184
0
6
1
0
7
0
0
575
1
0
0
1
0
0
1
1
1
3
0
0
0
0
16
0
94
36
17
3
1
28
0
0
0
0
0
0
6
2
3
0
0
0
0
0
0
0
31
0
17
2
418
6
1
11
8
8
4
55
1
0
0
0
0
33
0
2
12
9
704
0
0
21
358
0
73
0
793
4
359
6
276
2
0
0
247
0
1
0
177
0
2313
0
113
0
0
1
0
1
2
0
1
0
60
0
0
1
7
0
2
0
0
1
1
1
0
0
3
59
41
0
0
0
301
0
0
0
0
280
1
1
225
8
66
0
0
1
0
0
0
0
0
0
1
0
5
1
0
0
0
32
0
0
2
0
1828
20
0
0
0
0
0
0
8
1
0
2
0
0
75
10
3
0
0
25
0
0
9
0
197
0
0
3119
5
0
1
3
6
0
0
7
308
14
0
3
71
21
848
0
0
0
0
406
0
0
0
0
4
6
0
367
0
3
0
1
0
0
1
1802
406
1
1
11
0
1
0
0
0
0
74
22
2
0
0
2
4
0
212
0
40
20
5
0
5
0
13
23
21
0
1
1
9
2
0
36
1
0
0
0
0
282
1
0
0
7
0
4862
0
0
1
0
0
0
0
9
1
1181
0
4
43
8
19
5
43
0
0
1686
0
0
0
1
0
0
0
5
0
858
0
0
2
0
0
0
0
0
0
0
6
0
0
10
1
0
0
0
0
0
0
0
1
0
0
0
0
1
0
0
92
11
6
0
0
0
0
0
0
0
0
6
0
280
1
0
37
0
0
4
113
0
735
9
762
0
7
0
1
0
1
48
13
635
0
13
468
0
3
0
73
0
87
2
4
0
0
0
3
0
0
10581
65
0
4
246
17
0
0
1
0
327
10
0
0
1
9677
3536
2
1033
5
0
74
0
0
6
0
232
0
339
3
52
0
1
2
0
9783
2255
4503
1
0
0
0
0
5
1163
24
0
0
2
32
0
2
0
3
645
2
0
8
16
1
11
61
16
135
95
7
0
0
0
500
17
0
3
2
93
0
0
131
45
1
77
0
90
0
1
0
0
10
1
0
0
3
0
12
3
674
3326
1150
2
0
1
0
0
0
0
1
0
0
4
0
1
0
0
0
0
3
0
0
119
9
2
0
4
4
0
3
0
145
1
7
0
31
0
2766
0
3
0
23
313
1
0
5
0
17
1
0
0
32
0
2
0
1
1339
0
0
172
0
3
1
0
2
4
7
0
7
395
0
0
0
0
0
0
2
0
2
0
0
9
4
9
385
1
85
5
3
0
120
0
2
0
0
0
20
110
1
1
0
3
17
31
0
482
1
0
0
1
0
2
1
0
0
437
9
0
0
0
0
7
0
6
121
18
0
0
1
1
0
0
7
0
0
0
0
1
0
126
2
5
19
0
6594
1
36
2
0
0
1
81
0
0
0
49
249
12
0
13
17904
0
0
0
0
2453
0
1
0
5
0
256
0
0
88
0
377
0
460
0
3
10
0
0
458
0
143
0
8
5
5
0
69
1
69
117
238
7
0
0
0
0
0
8178
1
1
3
0
0
0
1
0
0
0
2
1
0
55
1
11
2
3
0
0
17
219
6
0
0
700
0
437
1
0
0
0
0
0
84
5
390
12
11
120
0
4
1
639
1
0
14
156
3226
255
0
2
0
2
7
0
199
0
0
0
0
1
17
0
1329
0
12
0
212
0
223
6
0
6
0
0
14
26
1
6
53
16
0
23
244
0
1
0
0
0
0
0
0
210
0
0
451
0
1
0
0
0
583
132
0
0
0
2
251
0
2851
0
0
0
0
8
1
1
0
1
1
0
0
8
3
0
0
2312
0
65
205
0
29
5
0
7
10
0
872
3
0
0
0
3
0
0
18
9922
0
1078
0
16
0
3
17
632
0
6
1
234
0
0
0
41
1
1
1
0
0
2
0
0
7
0
68
1
37
58
0
0
4
1
0
0
0
3698
0
9
0
1
0
0
6
0
3
0
206
2
960
3
0
0
935
27
0
5
0
2
6
1
0
3
0
0
0
849
0
34
0
0
0
310
0
3
0
0
0
29
0
0
275
0
0
3
0
746
83
0
0
201
45
17
23
41
30
30
12
5
0
842
0
0
0
0
0
0
99
1
22
0
7
95
0
0
6
1
8
1
2
28
0
2
50
3
0
30
0
1
0
1758
0
0
25
1
768
0
0
0
0
0
29
0
0
2
3
0
28
37
65
126
0
1
0
32
1
16
1935
510
0
0
1476
0
492
5
5
1
0
0
0
26
102
16
1096
0
22
83
1
0
0
209
117
210
0
102
8
2
0
3
0
1
1
0
1
2
0
0
2
11
17
649
0
1
0
0
10
0
0
108
3
5
5
0
0
19
1
0
0
2
19
0
46
24
1
1
9629
0
0
1
0
1099
0
0
0
7
0
7
799
35
0
1
21
0
24
0
5
465
0
0
3
9
0
0
0
365
24
26
0
1
0
324
15
154
0
12
6
4
0
0
0
5
285
2
146
1
0
0
3209
0
2
0
59
0
0
0
17
2
125
1441
0
0
877
19
0
1390
1
0
0
3518
0
2
1
0
0
0
180
105
0
8
0
9
73
1
25
10
0
10
0
0
0
0
1
0
0
3
77
2916
0
0
0
0
0
0
1
0
3
2208
0
144
283
0
0
0
3
0
1
2
9
26
24
0
22
40
4
0
0
1713
0
6
0
0
0
8
8
2
1
0
0
0
7975
8
289
1
0
0
2
0
127
0
2
4
0
0
0
0
0
0
0
227
3
9
9
31
0
0
0
0
0
87
7
0
2
0
0
5
0
4
5
0
3
5
4
5
0
0
0
14
3757
0
130
98
0
30
0
0
0
0
1
13
1
0
406
27
1
3289
16
1
324
7
0
0
0
2
0
0
0
30
0
0
0
5
0
0
0
1
0
0
0
17
0
0
12
0
0
0
146
210
1
37
0
1
0
1
0
49
0
0
0
0
1
0
3
3
644
85
0
78
1
0
0
0
3
1
939
0
1
0
1
16
21
0
15
14
4
124
24
1875
1
17
0
0
1232
36
0
0
16
3
0
142
41
13
2
1
0
0
848
1
0
16
62
15
2317
0
0
5
86
146
0
1
3
233
0
0
10
35
1
1
0
2
0
14
0
0
0
0
43
1
457
0
5
0
7
0
23
0
0
27
0
0
0
0
71
0
0
15
3
0
0
305
1
1
0
0
198
8
6
0
0
0
3
0
3672
0
3
1
64
627
1
19
19
0
0
3219
1
4
0
0
0
0
232
1219
36
0
0
0
0
0
0
25
0
10
13
0
0
0
763
0
1
46
1
1
0
0
3
0
1
213
1
11
0
0
0
0
4
0
13
2
165
0
2
30
0
0
4
2182
108
0
3
575
0
0
0
489
14
305
0
1
0
0
0
0
0
0
3
5
12
3
1
27
1
0
1
3
19
2
1
107
436
0
3
0
0
109
1
9
1
61
3
194
0
400
88
0
0
0
1
0
1
6
0
38
67
0
45
91
0
22
10
305
0
0
91
1
18
0
0
1
0
37
0
1
0
2
0
0
0
454
6
0
0
103
0
64
0
2
0
4
0
24
153
0
0
135
0
2
0
25
0
58
2
11
0
518
4
7
0
1
0
0
23
58
1
0
13
0
1
210
0
0
0
1
5
0
0
3
0
6
374
0
0
6
350
468
0
66
0
0
0
0
0
6
0
41
6
0
1
0
0
3
0
8
68
98
1
0
0
9
0
580
0
397
346
0
0
1
0
952
21
2
7
1
0
0
0
5
1
0
0
0
29
3
9
0
0
36
0
8
0
0
2
4
1
6
67
64
268
3563
0
3
0
10
0
1
0
1
77
0
1
0
62
0
2
0
1
2
2
8
40
0
0
0
45
0
2
7994
5
1040
11
1
0
8
39
1
0
8
3
0
0
9
2
0
0
0
6901
86
0
2
0
213
427
0
0
1
2
12
3
0
0
8
543
469
0
1
0
0
5
0
0
70
3
0
8
0
2
0
0
0
0
13
9
56
17
0
1
0
1660
0
0
1
0
0
3
0
0
1
31
0
0
0
5584
0
67
367
0
0
1
0
25
34
8
1
0
0
0
811
0
0
0
0
0
2616
0
0
0
65
1
139
3
1
1
0
0
0
0
13
8
255
10
7
0
0
0
1309
12
1
0
0
0
0
1
1125
0
0
13
9
231
0
1773
2
75
0
0
17
12
53
0
5
0
0
104
0
829
2995
0
0
13
0
0
22
0
33
0
1
2
93
0
0
0
34
0
5
1056
0
0
6
0
1
0
1
0
38
23
0
0
0
0
0
11
0
0
0
1
0
2205
3
1
34
0
0
23
0
5
1
1
52
0
68
7
0
0
1991
0
0
0
0
199
1
0
0
565
0
0
58
5
1
0
389
2207
24
3
0
0
27
0
45
35
52
0
0
0
11
1
0
0
0
1
1
0
0
0
1
5
0
2
12
0
0
0
20
3
0
326
19
326
41
5
0
11
25
0
23
0
1
1
45
0
0
0
0
0
7
0
1
0
0
0
284
0
0
24
1525
0
5
0
1
1
0
0
0
2
0
0
1
0
0
0
0
104
0
0
0
0
0
0
55
8
0
24
0
1
0
5753
35
20
43
2
110
0
0
30
503
164
10
0
0
369
218
0
3
119
0
0
0
0
2
0
18
0
0
0
564
0
0
4
1
0
3
0
19
0
0
0
0
6
0
0
0
2
1
4
3
0
0
3
0
0
0
0
17
0
1
1
0
0
4
7651
24
1
0
984
0
1
6
1
0
0
0
0
0
1
1
0
5
0
0
0
2
1595
1
0
0
0
0
0
345
0
0
1
0
6
21
1
0
3
0
0
88
0
249
0
0
314
14
0
0
52
123
45
0
0
0
0
2
2
3516
0
0
2
5
1
19
133
77
0
2
121
0
66
0
11
0
0
0
33
0
1
5
0
0
13
0
0
248
4
0
0
0
52
9
0
37
0
2
0
0
1
80
1
0
0
11
9
409
0
0
0
0
1
24
0
2
0
0
5
0
0
19
4
3
0
0
45
386
17
36
20
0
0
1722
119
0
71
0
1
0
0
0
0
0
0
0
0
0
3
11
1
0
0
7
0
0
1
14
2
0
1533
41
3
0
0
0
0
1
0
0
0
2
0
0
0
1
0
1
192
0
0
0
0
0
1
3
2
85
1
0
10
0
0
8
2059
0
0
12
26
0
0
1
0
0
54
8
0
1
97
0
0
531
0
41
19
45
0
56
0
0
12
159
51
10
656
2
3
24
13
1
4
0
0
3756
377
501
463
0
0
116
0
0
3
178
1
0
0
1
7
0
14
6894
0
0
1
1353
1
422
25
2
50
0
84
171
1
165
4
159
6
1
2
27
0
0
0
2
4
0
1946
5
0
0
0
0
141
0
5
0
207
24
3
241
0
0
103
0
0
0
0
53
51
0
0
172
0
0
5
1
0
0
0
0
0
219
0
0
2116
2
0
1
111
613
0
0
2
0
0
1078
1
1
3
102
21
0
8
2
0
0
0
1
1
348
16
1354
0
0
0
0
104
4
61
0
0
0
0
0
110
1
0
0
0
471
52
0
5
0
0
1
0
0
0
12
0
0
0
0
0
4
1
2
0
0
5
2189
1
0
0
0
0
0
2
16
4
0
1
0
0
1
171
0
2
0
0
0
0
176
7
0
0
1
0
0
0
3
0
0
0
6
4013
2
38
0
584
0
16
0
60
69
0
0
0
1
0
2
0
1
1
4
0
1
0
0
0
14
21
1
4203
6
0
20
12
9
0
0
1
0
962
8
0
3
2
4
0
1
3
1
0
0
0
0
3
2
0
2
0
0
8
0
4
0
6917
303
0
0
337
0
18
0
0
0
0
0
0
0
0
0
0
0
0
5
0
1
1
0
0
12
676
0
0
0
161
3128
2003
1
0
29
299
0
73
0
0
2
1
0
0
3
14
0
4
4
1
0
0
20
0
0
0
0
0
0
16
0
0
0
1
0
10
885
7
1
0
2
0
333
7
1
0
0
0
0
0
0
84
2
0
0
30
0
0
382
0
0
12
0
5
0
1
0
2
109
0
6
0
16
2
14
0
52
0
9
2754
1871
1
3
1
0
328
7
1
798
0
0
0
0
0
2
1108
0
1
4
81
5
0
0
26
43
2
0
5
39
0
0
0
0
0
1
182
4
0
0
2
0
0
11
18
2
0
0
70
1
0
0
0
196
117
55
2
0
38
1
0
0
0
0
1
3388
0
0
0
0
0
1
576
11
0
514
0
3
1294
0
37
0
0
0
701
2
0
418
1
1
1219
2
25
35
0
0
0
0
5
0
245
543
0
6
0
0
0
6
10
175
0
0
8
43
273
21
185
1449
0
965
0
0
12
0
17
4
0
5
8
1
0
642
1
0
3853
1
1228
2764
1
0
0
66
64
0
58
0
0
5
2
142
0
653
0
215
152
0
1
117
0
0
0
0
0
0
575
0
0
0
1
0
0
15
2
124
0
0
1
195
380
0
187
3
4
32
157
0
9
0
8
2
0
21
6
2
4
34
0
0
17
2
13
1
53
0
0
37
24
108
5
0
1
0
0
1
0
3
1009
0
35
0
0
1
0
0
0
0
1
0
3
0
0
0
266
0
0
11
51
105
0
0
7
19
689
0
0
757
485
0
2003
2
0
1
0
4
0
341
50
1
0
6
0
0
23
3
2
15
1
0
1905
0
0
24
0
0
0
5
0
9
1
79
153
770
23
0
0
5
0
0
11
0
5
0
0
624
0
1
0
0
0
0
42
0
0
0
0
1
0
213
0
70
0
4
0
1
1
29
0
1
0
4
1
0
1
693
0
0
2
1
0
10
24
0
236
0
0
0
0
3
21
0
0
0
0
0
116
0
2
107
0
0
1
0
0
0
0
1816
385
10
23
0
1
0
0
37
0
27776
3
0
6
10
0
1
0
0
5
9180
1
583
0
0
0
125
0
60
3
1150
0
4
0
0
30
6
0
74
0
0
0
0
7396
24
1
4
0
4
0
17
0
0
168
1
0
17
0
13
0
0
1
0
1
43
7
2
0
0
0
1
1
356
5
9316
742
0
0
0
0
320
0
2
12
26
108
45
0
92
0
0
0
2
0
798
3
1437
7
0
0
0
0
0
2402
0
0
0
3
252
0
1
0
0
0
28
1
0
18
12
0
132
0
3
0
0
0
0
1
1
2
4
1
0
0
4
0
0
1
0
2
5
123
8
8
2
45
6
1
3
4
0
433
0
72
1
0
0
66
2
0
0
66
0
1
2
0
1
6
0
0
0
35
6
0
0
0
203
0
0
1
2306
86
59
27
1
17
14
0
0
0
0
0
96
2
7
0
0
1
0
0
0
2
3
0
0
529
1
23
13
0
120
7
403
0
30
5
0
4
0
0
7
1
3920
4
0
0
72
0
20
1
35
9
18
0
0
0
0
0
0
2481
140
0
109
0
1
12
288
2
1
0
4
0
0
0
0
1
4
45
1
0
7
0
1
1
134
58
115
4070
0
5
261
1
0
0
8
37
0
6
3
0
9
3
158
77
0
0
0
1
1
0
0
0
1
0
1
4
0
0
0
12
35
0
0
245
335
178
10
73
1
274
996
1
37
0
19
0
0
0
1
1
3
1
25
1
143
0
0
0
0
0
2
0
0
2
0
0
148
0
0
1
0
1
0
2
0
86
0
25
62
1799
8
0
0
0
0
8
0
0
17
54
0
0
0
3
0
68
0
191
3
96
0
0
23
2
0
12
127
2
2
0
0
0
0
0
0
0
0
0
0
0
0
0
82
0
9
278
0
2
2
19
0
0
32
121
5
0
0
7
17
1
19
0
0
541
2342
0
31
0
50
0
1
0
1
0
0
0
0
0
570
7
0
1
1
0
13
0
2
3
1
6
2
0
1
0
0
0
0
1
1
0
357
0
1
0
1
0
0
0
0
0
0
0
0
2
0
0
2
0
1
4
4
15
16
43
1
86
0
8
1
0
0
0
0
645
9
7
56
0
201
0
0
34
0
0
0
1
0
0
0
44
0
0
4
0
2
0
0
0
0
0
0
571
295
0
9
1
14
0
0
0
54
133
6
2
0
45
395
438
5
31
1
5
2
0
10
20
100
42
0
0
1
1
0
6
1
0
0
3
0
1
11
4307
5
0
0
23
16
0
0
146
0
0
0
0
16
0
280
7
3
0
0
0
0
0
0
0
329
163
3
0
0
0
0
0
23
0
549
6
31
1
0
0
1
0
371
38
12
1
3
0
0
0
0
0
5
25
1
0
0
0
0
1
0
1
4
39
3658
0
0
157
0
33
0
439
1
0
1
5
0
22
10802
1
2
1
1
0
940
0
0
1
2056
121
134
43
0
0
0
0
56
373
1
0
0
29
1
2
2
0
447
0
0
0
0
1
0
0
1
0
14
1
1
112
405
0
0
0
0
271
0
2
2
0
0
5
110
2
61
924
0
1
6
0
2
9
0
0
0
4
971
2
0
0
0
1
0
1526
1
1
0
0
1
0
0
35
1
4
0
25
2
0
1
0
4
98
0
0
9
3
0
345
36
1
0
2
238
0
6
1
0
14
0
0
5
60
0
0
0
0
1
28
0
4
1
0
20
10
18
0
0
0
40
0
1274
0
22
0
0
0
2
0
338
1
0
0
0
0
1043
17
2
57
0
0
0
3
1
1
19
12
1
0
0
10
145
12
114
1
0
102
0
0
0
0
0
0
0
1
1
65
0
0
69
17
0
142
0
0
38
0
2
0
2
0
63
0
4
0
124
0
0
0
0
0
1
7
0
59
0
0
6
0
0
19
14
33
0
2
2
1
1879
0
15
0
4
0
20
4
0
0
0
30
2
4
0
0
33
0
0
3
0
0
2
11
0
33
116
0
18
1
0
366
0
0
26
5
183
0
370
5
0
0
44
0
0
0
0
0
17
38
1
4
1
0
92
0
114
104
1
0
0
81
55
23
1
28
0
1
8
13
2
1
1
2
11
0
0
12
452
0
10
0
0
0
1
0
683
0
0
20
179
1
0
2635
1
0
15
0
51
0
4
0
0
394
0
0
2760
0
399
0
0
0
13
0
308
1
0
0
1
0
1
0
6
0
0
583
0
0
10
0
1
20
5
2
0
0
132
10
0
2
0
8
0
4
0
0
0
0
0
2
21
0
0
71
0
0
269
20
2
0
0
1
60
53
3
22
299
0
3
0
0
0
34
0
0
0
4
6
0
1
0
0
4
0
179
0
18
194
18
4
46
7
29
0
0
0
0
0
1
12
0
0
10
1
646
209
1
0
2
0
0
50
0
0
81
109
0
0
0
0
0
0
0
1
0
0
5
0
0
31
1
12
0
0
0
0
738
0
0
0
0
0
0
0
0
1
0
0
0
3
46
0
0
2892
8
2
0
135
588
0
1
0
0
196
0
825
0
0
456
0
2916
8
3
0
0
0
1
0
16
540
0
0
0
0
1
0
0
793
2
49
19
25
4
0
0
1
0
0
1405
0
3
0
4
0
0
1159
0
0
0
1
0
0
36
728
77
28
0
3
0
0
468
0
9
2
0
0
455
1
0
0
0
0
0
0
1
0
1
0
0
3
122
0
0
840
6
0
0
0
0
0
0
169
0
0
16
1
113
10
5
0
12
0
0
0
81
0
0
0
0
36
2
1
0
0
1
0
0
1
16
12
0
55
2
6
38
0
34
3
39
0
2
0
0
0
2
0
1
9
5
0
0
0
0
0
1
0
4
0
0
0
0
40
0
1
5984
9
0
0
0
0
0
7
66
777
856
12
0
0
1
0
1
0
0
0
5
0
0
0
0
0
1
16
0
1
0
179
0
2
0
0
4
5
0
12
10
0
1
14
0
0
1095
1
0
0
2
0
0
0
6
0
0
0
0
0
0
0
0
0
0
1
0
0
2
0
3
68
1
119
0
28
0
0
1
0
0
0
0
2
0
0
0
1
0
0
1
1
7001
0
0
1
0
2
1
2
0
8
0
4
0
289
14
1649
92
10
6
0
2
4
1504
0
2
0
1
30
7
1
0
0
0
0
0
0
21
0
1
0
4
0
56
4
0
7
1
0
334
0
0
0
0
0
0
2139
2
0
0
0
1
0
1
147
86
9
0
0
4
0
0
1
0
4
0
21
8
2
0
6
1
0
74
29
1412
0
0
0
13
19
1
69
1
8
1
0
0
260
0
0
0
844
0
0
233
0
0
8
2
338
13
283
2390
0
1
0
0
0
0
32
0
0
14
0
0
0
0
694
0
748
25
209
1
376
2
17
0
66
411
2
18
0
9
912
11
0
0
0
5
1
3
0
0
0
0
176
1
0
95
0
0
8
4
0
0
188
1
0
3
0
312
0
486
72
2
0
50
0
0
0
0
1
66
3
6
0
0
1
0
0
2
9
7
27
0
0
0
328
3
10
2
0
17
0
0
270
0
0
7
186
137
2
24
6
2
223
3
0
7
753
705
177
85
0
0
0
1546
39
0
0
0
1
1
1
775
36
7
6
280
8
1
0
0
0
0
0
0
0
0
0
0
0
0
0
301
0
9593
37
0
0
158
0
0
8061
7
248
2
4
0
0
8
0
569
2
24
54
0
0
10
0
0
0
0
192
0
16
0
0
0
0
0
0
0
0
1
2
0
0
1
341
3895
0
0
0
7
0
0
0
0
0
1
0
1
0
0
0
0
1
0
1
270
9
0
42
0
2
25
142
0
0
251
5
15
1
8
0
30
1
1
0
0
0
0
33
0
0
0
194
0
0
0
0
0
2
0
0
46
0
0
0
0
0
0
0
1
0
59
5942
40
0
1
119
0
0
3
33
0
4
0
2
0
0
3
367
0
11
0
0
2
0
0
1
536
129
0
11
3
0
1
5
0
14
36
564
7
0
0
0
0
0
0
2
0
0
0
0
0
95
18
0
0
0
1
0
6
0
181
0
394
2
92
248
0
0
0
64
0
0
0
5
0
0
0
0
0
0
5
5
0
0
0
0
269
2
1
1
15
34
0
0
0
0
8
2
278
22
45
14
0
2
182
0
1
8
0
0
1
0
0
0
0
1
0
1889
0
566
1
0
0
1
38
76
319
49
0
2
0
14
0
1210
0
0
1
3
10
0
0
0
0
1
0
0
1
9
0
0
8
0
0
0
3
0
188
0
1
1
33
107
315
0
189
6
4
0
6
0
35
0
6
0
1
42
0
0
0
0
0
0
0
4
2
0
0
0
135
0
0
2
1
0
0
0
0
0
0
0
2
0
1
0
0
0
0
0
0
5
1630
0
30
4
2
3
1
4
24
0
7
0
0
394
0
1
0
0
20
1
0
0
1547
0
156
0
0
0
0
0
0
0
0
0
0
2
34
0
4
0
5
464
0
0
245
0
0
2
9
0
0
0
0
0
0
0
155
0
0
0
4
0
0
2
0
1246
0
0
0
1
1
6
1
1
2
0
19
0
3
0
1
53
1
7
0
0
3
0
192
0
0
0
2
0
0
868
0
0
210
0
70
0
89
0
988
2
19
0
1
0
1
2
189
2
0
1
0
0
1
216
0
1
1
0
0
0
20
1
2
11
0
5
1
1
1
0
0
1
54
1
1
0
0
32
0
0
1
17
9
0
346
0
5
0
0
1
0
0
0
149
208
5
0
46
40
0
2
814
0
0
0
20
2
0
133
0
4725
0
0
0
0
0
0
0
1
1
0
0
0
0
86
106
0
6
0
1
0
7
0
1
8
0
2
0
0
0
20
100
3
26
20
3
0
0
294
0
0
0
288
0
0
0
0
183
38
0
34
158
0
0
5
0
1
0
0
18
72
0
113
1956
0
0
0
0
0
0
1
0
0
0
279
0
0
0
0
39
2952
2
22
0
0
216
68
0
11
0
107
0
143
65
111
0
31
0
1
4
1
10
1
0
0
0
0
0
1
420
0
0
2338
0
3
0
0
374
0
0
0
0
1
652
99
0
1
0
1
0
1
1
0
0
0
0
0
1
1
12
0
0
98
9
42
36
897
26
0
12
714
88
11
0
1
69
0
0
0
0
0
12
0
2
0
0
11
0
1
0
385
0
0
8
0
0
11
0
0
364
0
56
28
0
1
9
0
59
5
51
32
484
5182
0
5
0
0
0
1
0
0
0
326
0
1
0
26
1
1
216
4063
0
0
17
310
0
0
65
43
1
0
0
0
188
0
2
0
3062
0
0
158
0
0
2
0
284
0
0
0
0
0
0
1
20
23
0
707
1
2
0
32
3
65
3
26
2
473
0
0
0
0
7
66
12
2788
1
0
0
0
0
14
82
77
136
3
2
3
1
2
0
25
1
0
603
9
0
21
0
0
0
44
0
5
0
11
0
0
0
0
1
0
3
0
0
0
0
0
0
0
10865
0
3
429
0
23
0
5
10
269
55
884
0
1
0
0
0
2
12
3
0
51
0
0
2
0
19
1
77
0
3
0
52
29
0
0
0
1
1
0
1
1
3
91
1
0
2
0
1
0
0
1
1
0
0
4
2
9
0
0
1
17
1
0
9
0
0
0
0
19
0
0
216
257
0
0
0
2
0
0
1
1
5
5
0
334
0
0
0
0
17
4
28
0
177
12
4
0
0
0
3
0
10
25
140
1
24
0
0
1
3
233
0
0
0
0
1
65
0
35
0
1930
0
1
0
0
33
0
0
22
18
0
1
183
6
0
0
27
2
0
0
0
0
0
0
0
0
0
251
0
1
1
0
3
19
0
0
0
10
0
0
0
0
716
4
0
0
0
19
56
0
0
12
0
0
0
0
0
0
0
0
9
586
0
1
0
0
0
1
0
1
5
1
3
0
718
1
483
1
15
50
0
1
504
0
1
0
0
0
0
5
449
0
0
0
0
0
4566
3
1678
0
0
4
1
3
40
29
0
44
0
0
9
50
0
23
0
0
9
6
0
2
1587
1
0
0
238
26
1
770
0
0
0
0
0
1
61
17
0
25
0
1
0
677
2
5
30
0
33
0
2
0
0
0
0
0
356
0
0
0
590
0
1
0
278
17
3
0
0
40
0
0
0
8
3
0
1
4
0
0
0
0
0
0
0
0
1
0
0
0
353
0
4
1
0
0
0
10
74
20
0
0
1
12702
0
0
0
25
5890
1
20
6
2725
0
0
0
0
0
0
4
476
0
0
0
0
0
69
5
5535
0
0
0
0
6
2
0
0
3
0
3
4
8
1
2
0
3
0
0
19
0
0
280
0
20
448
31
18
160
0
0
0
0
34
1
1
0
0
2
5
5
5
0
0
7
11
4
0
0
1
1
0
0
0
3
0
0
0
1
2
2
56
5
5
0
0
3
1131
1
2
0
0
0
14
34
25
0
389
3
0
2
227
0
0
0
8
0
3
0
0
10
17
175
0
141
0
6
1
49
0
149
0
0
5058
0
0
0
12
762
36
14
0
0
3
0
0
0
0
0
0
0
0
0
0
0
2
18
31
3465
0
0
13
2
103
0
1
1032
3
1
1
15
47
0
186
9
0
8
0
4
0
495
0
2
2563
6
1
1393
0
433
0
29
0
0
0
37
193
8
0
25
271
0
0
141
147
2
1
0
0
1
598
0
0
316
0
1
1
0
23
0
1
72
80
3823
0
0
0
13
1576
0
19
5
0
3
0
0
17
236
5
1
0
26
3
0
0
0
0
0
2
1
0
0
0
0
0
1
1
0
0
0
4
2503
0
60
0
0
19
1
7
0
452
0
1
1
138
0
0
0
13389
0
0
1
0
0
75
0
0
2
0
4
0
224
3
69
0
0
0
7
0
60
0
0
1
56
37
1
0
1
0
0
0
0
47
0
79
1
0
1
0
1
0
47
238
15
337
1485
0
9232
60
0
536
3
34
0
64
0
134
0
815
0
0
5
42
0
0
0
0
0
489
12
0
1
0
0
95
61
1
0
0
0
0
0
4
2
1
0
163
0
0
283
0
0
31
0
0
0
0
5
0
1
0
0
0
303
12
0
0
463
0
0
1
0
25
917
2
7
351
102
63
0
18
1
0
0
0
0
0
0
0
0
1
0
4
0
0
0
9
37
2
1
571
0
0
2
0
19
307
1
415
12
41
6
59
103
0
0
1
0
0
0
515
237
0
0
0
15
99
0
0
0
0
597
119
0
7927
0
0
0
20
2
2
0
3
105
0
2
1
0
0
0
0
0
0
1
36
1
23
0
318
0
0
0
2
2005
21
0
21
64
1
0
7
0
0
1
5
0
161
5
0
0
0
0
0
0
15
0
1108
5
0
1
325
128
0
259
0
2473
9
40
3
0
7
63
0
0
2
37
3
2
1
0
0
0
0
0
0
0
0
0
0
0
0
609
143
3228
0
2
140
22
0
1
246
3
0
2
0
0
1
0
86
0
0
7520
6
4
0
0
0
84
145
14
3
6
0
0
4
9
0
104
4
1525
23
7
0
0
45
0
0
8
1
178
1
0
0
1
0
0
2
2
0
0
0
0
1
0
262
86
0
5
0
1
14
9
0
0
0
7
0
8
210
324
1
0
0
0
53
28
0
0
0
0
0
12
279
2
0
48
0
0
0
3
0
0
0
1142
0
11
0
1
2230
0
38812
1
206
43
0
4
0
0
1
0
0
0
9
0
0
0
113
1
8
0
0
33
0
324
0
0
0
4
1
46
0
215
100
20
9495
2
0
0
0
18
6
18
29
0
0
5
2
0
0
0
17
0
0
0
0
0
0
0
1
143
5
0
2
0
2
1
3
0
0
0
0
1
0
0
0
16
18
6
0
0
3
0
2
0
0
0
0
5
86
7
2
0
0
0
7
0
1
14
256
1
1
120
0
6
0
0
0
0
5
9
3184
23
8
0
116
49
0
522
0
0
0
0
1
1
19
0
9
0
21
0
0
0
0
0
0
0
0
0
0
0
15
0
1
0
0
2
0
22
0
150
0
1
0
68
2
0
0
1
0
1
0
0
1
0
0
2
0
3
0
0
0
0
1
1
14
6025
1
0
285
0
0
1
0
0
0
199
6
2
0
0
61
1662
0
0
20
69
0
0
0
1
0
0
0
5
2
0
1
0
0
0
0
70
27
28
7
0
20
1
0
6
363
10
233
97
0
0
21
174
15
0
1
0
522
0
0
0
0
1
29
203
3
0
0
1
0
846
0
2
4
10
0
5
1005
0
379
93
17
0
25
1
0
0
0
799
0
0
0
2
316
0
0
0
0
0
61
0
2
6
0
0
0
60
1028
6
528
1512
26
25
0
1
15058
21
1
0
0
8
0
0
0
0
0
0
0
21
1
9
0
0
0
1160
0
76
0
0
0
5
17
1
0
2
0
128
3
0
3
0
0
0
0
0
0
343
962
0
0
0
0
0
4
0
0
1
0
0
449
0
2
0
13
5
293
1
12
23
42
0
9
0
868
0
0
4
0
0
0
5
11
0
35
0
0
1
0
0
1
67
0
440
1
0
0
1
0
0
0
14
1003
0
2498
0
0
1
0
0
0
0
2
0
0
0
23
0
1
18
48
0
0
0
8
0
2
0
147
98
0
1
0
0
0
1381
5
3
2
0
0
0
0
0
0
2
0
0
51
0
0
0
0
39
1492
0
0
8175
97
3
545
0
0
1
48
474
18
0
4713
0
0
0
0
0
0
6
0
1
0
0
1
0
0
38
0
2
0
0
2
1
10
166
0
1
1
0
0
0
0
1
0
379
1
10
0
1
0
49
0
4
0
0
36
0
0
0
0
63
2381
0
0
8
0
46
2
16
0
2695
156
3
0
13
5
0
0
0
1
0
0
0
592
41
0
0
3
0
1
737
0
1
0
0
32
0
1
1
0
11
0
4
60
0
1
0
1
41
2
10
23130
1
4
1
0
0
0
0
112
14
0
0
0
1233
7
1520
126
0
142
1
13
0
0
2
519
1
9
4
1433
0
0
0
0
0
0
5
0
14
0
0
15
49
635
0
11
15
0
0
18
1
0
7
1
29
0
2
11
1
56
280
0
0
0
12
4
0
0
7
0
0
8003
0
19
5
0
60
0
2430
337
0
4
15
0
2414
0
930
44
0
0
16
1
0
74
0
1
0
1
0
0
8
9
0
0
0
1
0
30
23
0
4
0
0
19
0
0
0
889
13
1
4
61
0
4070
5
0
0
6
2
9487
0
0
0
0
0
0
0
1
48
0
0
0
662
0
4
0
1
1
1
1
621
0
0
0
0
0
174
1
0
58
0
1
0
0
38
9
1
0
1
1306
0
16
1
86
50
0
0
58
4
10
0
0
53
0
6
1
157
0
144
0
0
0
3
36
1
0
0
0
25
69
0
0
0
0
0
0
4
0
2
0
0
3
1
2
0
47
0
4
1
0
0
1154
0
0
0
0
107
2
0
64
0
0
0
1
0
24
16
4
0
0
0
1
7
2
19
0
2
0
1
0
0
0
13
214
0
8
0
1
0
0
0
0
9
0
0
1
580
0
0
0
2
52
0
0
0
3
5
0
0
1
2435
0
23
4
28
2
0
0
0
1
513
8
0
506
3
0
0
4
0
3
0
1
1
0
0
0
0
0
139
0
0
1
3
1
14
8
93
2
0
0
23
1
0
454
354
0
0
2
0
0
0
0
0
10
0
31
3
0
4967
78
0
5
0
74
0
0
0
933
0
563
0
0
0
1
4050
4
1
219
436
533
0
262
0
0
0
0
0
0
0
8
1
189
6
0
28
26
0
1
4
1
29
1
0
73
0
0
0
0
7
0
1
0
0
2
35
0
0
212
0
0
0
16
87
0
237
2
0
0
64
2768
119
4
4
0
0
0
0
0
2
3
0
1
2
1
1
0
57
0
23
4
1
0
0
1131
576
0
17
18
0
0
1
0
0
1
26
7
0
27
427
0
0
0
0
6
0
0
0
1
0
0
0
2
0
3
0
0
5
1
21526
5
0
0
3727
51
0
1074
0
0
0
0
0
1
1
0
0
36
0
0
0
0
0
75
0
0
2
0
0
247
23
4
0
13
0
0
6
1
1
0
2
0
0
0
0
0
0
0
1
90
0
89
0
0
2
0
0
556
0
0
0
0
0
2
0
0
0
0
1
0
0
12
8
222
0
0
0
2
0
0
0
23
28
0
0
1961
1
1
8
4
0
18
0
0
127
1
6
233
34
1
0
5
0
14
2
3
2
0
3
0
2
0
0
2
0
44
0
7
51
1
40
0
0
7
0
0
0
0
0
782
0
3
120
0
0
16
0
1
1155
0
0
0
0
0
0
112
0
19
1
141
7
531
32
322
0
0
219
14
5
34
0
89
0
37
0
0
5
0
140
0
194
118
180
0
0
0
1
484
1783
0
10
0
7
102
3078
0
0
0
0
3
17
0
1
528
0
4
151
18
488
118
3
1
7047
0
1
1
1
0
1
706
0
0
0
6
0
0
2
0
0
0
0
206
0
0
4
0
28
3
0
3
9
0
25
0
1
3
0
0
0
3
0
0
0
0
4633
0
132
0
1
0
0
0
0
1
191
3
1
0
0
0
0
0
0
3
81
0
150
0
0
24
0
0
1175
0
1
0
0
0
1
6
0
0
1
0
1
0
0
98
0
0
7
250
0
0
47
0
6
0
11
8
0
0
0
1
0
0
1
0
7
0
363
0
180
0
1
1
2981
2
0
0
74
1
2
0
0
0
0
0
188
2
118
0
0
12
0
0
0
10
0
0
1
0
0
5
1
860
0
0
0
0
2
2
0
0
2
0
0
6
0
8
16
0
12
0
9
253
1
0
1
0
0
4
0
0
1
0
0
0
1645
659
193
25
0
3
0
0
0
257
0
5
0
1
8
193
0
0
0
0
0
0
0
20
0
0
0
0
0
12
18
0
52
0
0
0
24
907
2
0
0
197
0
16
2
0
17
36
0
0
95
2
0
0
0
0
0
0
3
0
3
0
1
0
6
4
0
699
1
1
1
1
0
0
0
1141
8
30
0
0
0
0
0
1
0
0
48
17
1
0
0
1153
1
0
0
0
2
0
0
0
0
39
0
732
0
1
0
2
0
0
0
2
0
3
0
0
5
0
0
0
0
4
317
4
8
0
0
0
0
4
0
0
0
63
0
0
0
0
0
1
1
371
1
51
7
0
0
0
0
0
1
1
0
1
0
0
0
7620
693
65
2183
0
12
0
7
683
4
1
39
0
18
0
669
8
28
14
0
33
14
0
0
0
0
0
19
29
0
2
0
0
0
0
4
0
1
0
120
3
2
0
0
217
4
0
0
1148
0
0
0
0
0
0
0
0
0
3
0
0
0
0
0
23
0
486
0
0
0
0
0
0
0
151
689
7
0
0
11
32
2
3
327
0
0
9
0
47
0
0
0
0
2
901
0
0
0
0
0
35
0
0
67
0
0
557
0
1
0
1
0
8
0
7
0
1
0
0
0
0
50
2
0
0
0
0
0
11
5
178
0
0
0
0
0
0
2
5
48
1
2
1
1
1
1
9
0
0
2
0
0
0
32
0
0
506
19
195
0
0
0
0
0
0
951
8
0
1
0
19
0
2
14
0
0
0
31
2
0
0
0
0
0
0
3
141
0
0
0
0
0
4
0
12
0
0
0
0
0
0
0
4
40
139
6
0
0
3
8
0
4
20
0
125
0
6
0
0
0
1
6
21
18590
0
0
0
545
351
7
0
462
16
0
0
0
0
0
0
30
9
2
5
0
0
0
0
0
0
0
1
0
0
0
0
0
188
0
24
6
0
130
32
1
0
27
3
0
2
2
2
16
14
1
0
1
0
1
0
2
0
0
0
0
0
0
1
95
0
2
0
0
1
4
1
0
0
0
0
0
0
0
0
0
10
15
190
0
0
0
0
0
0
0
9
0
0
1
1
0
0
2257
2
0
0
6
0
4
11
0
0
2
60
0
0
0
148
5
0
45
0
110
0
0
5
0
0
0
0
641
1
85
0
0
0
67
0
0
0
9
0
0
0
0
9
0
182
0
0
0
13
0
0
0
0
0
0
1
31
0
0
3
0
0
2
2
30
1
0
0
0
2
1253
266
30
14
23
2
0
15
31
9
9
2
10
0
1085
0
0
0
0
1
0
17494
74
418
0
0
0
10
2
769
0
1
0
1
0
0
0
1
648
1
0
237
1
0
0
0
0
0
0
0
0
1
0
0
0
0
21
9
45
3707
13
0
0
24
8
9
0
36
2
829
13
0
1
0
166
0
9602
1
35
18
0
0
0
902
0
6
26
1
0
0
0
5
0
0
0
6
1178
0
0
0
19
63
13
0
35
272
0
0
0
0
0
0
0
0
0
0
0
0
1
8
0
0
48
3
0
0
26
0
0
1
2765
108
37
0
1
1
0
2
0
0
0
3
5
0
0
0
0
1
5
8
9
2
0
1
3
2
0
6
0
0
21
84
0
16
3
68
76
0
8
4
25
0
0
0
0
0
0
0
326
0
0
0
2
0
19
0
0
1
0
0
0
3
0
0
1
66
19
1
0
0
87
0
19
11
0
7
0
0
0
0
48
1
1
26
3
2
287
0
2
0
0
0
0
30
0
0
491
0
1177
0
1429
0
5
26
1
0
0
0
0
0
0
1
5854
0
3
0
6
0
1
1107
1
465
0
0
0
2
12
37
2
1
0
2
1
2
0
343
2
0
2226
4
0
0
25
0
0
24
27
0
0
0
7
21
0
12
14
17
0
12
285
0
4
116
5
3
197
31
0
0
1
0
0
0
0
0
0
0
42
0
0
1
0
0
11
19
1745
691
0
0
232
0
1
1
4
23
11
2
0
169
0
0
1
2
0
50
9
0
0
0
424
1
1
0
1
0
0
111
2
0
0
1
0
0
2
0
1
1
5761
0
731
0
0
0
168
0
0
0
0
1
0
0
0
0
0
0
0
0
34
1
0
6
0
0
4
1
0
0
1
1
395
22
0
0
0
0
3
25
439
0
0
0
0
0
1
0
0
0
37
0
0
0
0
1
126
2251
0
0
1029
1
0
2
6
4
8
0
0
0
40
0
0
0
0
0
0
0
8
1
0
0
0
0
0
428
0
85
0
0
5
0
17
0
0
0
12
240
4
0
2
31
21
0
0
2
0
2
0
0
543
0
0
0
1
187
0
0
0
1
1
1
0
39
2
0
0
0
0
0
24
0
17
1
0
0
0
0
0
0
0
0
2
1
0
0
9
3
0
1
30
0
8
0
0
89
9
0
3
0
9
0
0
1
2
48
0
0
0
2
1
0
22
0
0
0
6
0
0
1
0
0
0
3
0
0
8
17
5
0
0
250
0
0
9
0
19
0
2
0
0
0
0
1
0
0
11
0
0
1
1
0
0
1
0
122
0
0
1
1
0
11
30
1
0
5
0
0
7
0
0
0
1
1
0
259
36
0
0
4
0
0
2
0
0
0
0
16
0
1
0
1
0
113
188
5
0
15
9
12
3
5
9
0
0
0
0
431
257
31
122
0
0
1
7
0
872
138
0
331
0
0
0
0
2
0
7
102
2
50
0
218
0
0
0
0
3
0
0
0
46
0
0
0
0
0
5
10
0
0
0
0
0
171
6
12
3
8
0
1171
10
144
2088
0
0
18
1
0
0
0
0
19
1841
5
6
1
0
0
418
0
0
122
0
9
0
0
0
0
8883
8
568
813
0
0
0
0
7
2
1
9
8
0
0
0
273
0
0
210
0
1117
1
0
0
0
0
1
0
290
0
222
3
27
0
95
13
566
1
2
1
0
131
661
0
0
0
0
0
0
0
0
0
1
0
0
0
209
0
640
0
0
12
0
115
0
1
1
0
0
6
1
1
0
59
1229
0
0
0
0
0
0
0
186
523
35
0
2
0
0
0
18
0
20
0
2
75
0
383
136
0
0
7
12
2
0
0
2
0
0
0
1
0
0
316
1884
1
0
1
1
0
0
7
1
0
0
0
0
82
2
0
0
231
0
1
18
1
133
2
1
145
123
29
19
0
0
0
9
0
1148
1862
1
0
0
0
0
13
0
0
0
2
4
165
39
1
9
45
0
0
4
2
0
0
0
0
0
1
0
25
0
0
0
0
0
113
0
0
5
0
0
37
2
19
0
73
0
0
0
0
79
943
304
0
51
0
0
0
0
1
0
0
8
8
777
675
2
0
0
0
0
0
6
0
0
1
15
0
47
0
54
4
0
0
0
2
1
0
0
0
0
0
33
34
0
40
1
0
0
4
0
0
354
7
0
65
1
17
0
1
7
1
4
0
1436
11
0
232
0
0
1
0
13
0
0
0
1
0
102
0
2
0
0
0
0
103
1
0
17
0
78
289
205
0
5
0
0
0
0
87
0
0
0
0
0
0
1742
10
3
0
0
0
1
0
54
89
41
0
0
12
0
0
1002
9
0
0
4
0
0
685
0
2
1
2
0
436
1
0
0
0
0
0
22
2
0
0
0
0
0
0
23
0
17
0
0
17
103
8
1
2
1
0
1
0
0
0
0
0
0
0
47
12
0
0
0
0
0
0
15
0
30
0
10
1
0
0
0
8
0
0
0
1
0
0
13
315
0
373
103
1
0
0
0
0
0
0
0
0
1
0
0
0
5
0
0
0
36
3412
19
0
81
6
0
42
0
16
0
0
4
0
0
0
0
1
0
18
0
0
0
170
0
547
5
8
1
0
0
2
22
9
70
8
1
0
0
0
50
0
38
1
5
0
4
0
0
0
0
0
20
68
477
1
0
0
0
0
0
0
2
0
0
2322
0
1
8292
11
1
1024
0
0
1
0
1026
0
0
7
0
0
0
0
1
0
0
14
0
2
1
1222
0
0
0
181
7
0
959
2688
49
2
0
21
0
2
1
0
1
0
3
0
0
11
0
0
0
11
4
0
25
0
0
0
4
0
0
0
0
6
0
21
0
37
0
115
0
0
0
0
0
0
0
0
0
0
0
35
0
1
0
0
0
26
596
34
0
0
0
0
259
0
0
0
94
6
255
0
14
40
1
2
1
0
0
0
0
1726
0
0
6
0
0
127
0
231
27
0
0
0
0
5
7
3
42
0
2157
0
1174
0
0
1
4
1475
17
0
0
1
0
0
0
20
0
1
0
0
0
361
0
20
15
0
341
7
0
68
4
0
0
2
1
0
0
2
0
0
0
50
3
0
0
5
269
0
0
0
1
21
94
0
56
1
129
13
0
0
3
0
0
3
2
1
3304
70
0
25
51
0
0
57
0
0
0
0
2
50
1
0
0
0
0
1
0
25
56
2
1
108
0
0
0
47
9
0
0
0
72
0
1
60
0
8
2
104
7
0
0
21
13
0
6
0
0
0
0
54
15
0
1
221
1
165
0
4
468
0
0
11806
0
4
5
3
1
0
0
0
0
0
1
0
0
0
3
0
0
654
0
24
2
0
0
40
7
0
18
84
1
0
0
0
1
5
0
0
0
0
1
1358
0
8
453
1
8
343
668
1
143
0
61
5
0
15
0
0
0
4
0
0
0
6
2
8
0
9
4
138
2
0
0
0
0
0
393
0
0
0
0
131
0
19
0
0
1
0
0
2
0
2
2
4
0
0
0
0
0
23
0
8
2
4
4
7
1
0
0
1
0
0
1
30
12
0
0
156
2
0
0
0
0
15932
56
13
6
34
0
1248
0
3
60
2
4248
2
0
0
0
0
0
0
0
0
0
26
6
0
7
1
0
0
0
0
2
14
35
6
57
1
1
0
290
0
0
2
10
5
0
1
2
0
0
0
0
0
3
10
0
0
0
6
1
0
0
1
11
36
5
0
1883
10
0
3137
0
0
179
562
72
1
0
0
0
0
122
2651
0
0
0
0
0
0
0
26
0
0
0
0
4
0
1
2
2
58
0
0
0
0
1
15
2
78
20
0
0
0
0
1
0
4
233
1
4
0
0
0
15
0
0
0
1
33
9
0
1
2
28
216
0
0
1
0
801
0
0
0
0
6
8
556
0
0
0
0
0
2
6
209
0
0
0
0
54
15
0
1
31
0
0
0
221
3
36
2
16
72
114
24
0
1
0
0
0
0
2
0
0
0
0
0
0
0
37
40
2
26
18
0
6
6
2
10
0
0
78
1
0
0
0
0
0
0
15
2
0
1
0
0
0
2
2
111
1391
0
0
1134
0
4
1
0
0
280
0
0
8
0
0
0
1
356
0
17
1
79
0
335
0
0
0
5
8
0
0
0
110
0
17
13
0
0
2
314
64
46
5
63
1443
7
1
195
27
1
0
0
0
0
2
1
0
0
0
0
0
2376
49
6
2
1
0
312
5
2
0
6
1
29
0
0
25
0
0
1
0
1
0
1
0
1909
0
7
3
0
0
0
3
0
0
0
19
0
0
39
8
65
0
293
1
10
0
0
0
0
1
0
0
0
163
0
0
0
0
47
14
0
0
0
0
0
0
857
2
0
0
0
1
0
1838
0
0
0
3
0
159
4
0
2
2
2
3
68
0
0
0
0
7
282
0
87
29
0
0
0
1
10
0
7
0
40
48
0
0
57
0
11
1
7
9
0
0
0
0
0
0
0
0
0
0
0
0
6
0
2
0
31
13
0
0
56
2
1
5
64
0
4
5
1553
15
76
0
827
0
1
16
0
0
2
0
0
1
6
0
0
1
0
0
0
0
0
0
4
161
0
0
0
1
0
0
281
0
16
2
0
226
0
141
0
0
1
0
0
0
0
1
2
0
12
0
3
242
0
0
1
261
0
9
0
144
0
5
3761
0
1
0
1
7
10
0
1
0
8
0
0
0
0
239
0
83
0
0
0
0
28
0
29
0
2
4581
0
0
0
8
12
13
447
44
40129
2
0
1
0
0
0
0
0
0
0
1
51
0
378
1
1596
8
0
0
13
11
11
10
0
0
2
1
7
2
0
0
1
0
65
1
1
0
2092
0
0
0
0
153
9
6
0
0
0
0
0
0
0
5
0
2
5
0
0
306
0
1
199
1
968
1
0
1
0
0
0
326
1
0
0
0
10
0
1
826
2
1
0
0
1
0
37
3
1
0
1
0
0
0
1
1
1
605
0
21
0
0
249
0
0
0
0
0
0
0
2
0
0
0
3
10
38
2
12
0
0
0
0
0
19
0
0
109
0
63
0
0
0
0
1
0
5
1
0
1
1
0
1
0
0
2
0
0
3
0
38
156
0
6
56
0
0
0
0
12
35
1
0
726
1
0
0
0
1
344
134
0
0
3
1
0
0
0
0
10
22
0
743
18
0
0
30
123
0
0
98
0
0
1
0
0
0
0
0
0
3
0
0
0
0
1
145
3
0
3
36
0
2
14
1
33
2
1586
21
138
947
0
0
387
2
6
0
1
0
0
7
0
0
0
0
33
232
0
0
0
0
0
0
0
0
0
20
90
501
0
82
0
0
545
1
9
55
1
0
1
0
0
1
0
94
0
2
0
1
0
0
1
5
80
0
0
5
0
1375
233
0
1
12
0
74
0
89
7
0
2233
1
0
28
0
5
0
0
2
10
2
0
13
4
0
0
0
0
1
50
0
1
41
76
0
2
0
0
1
0
0
0
3
5
0
0
0
0
0
0
0
0
1
1
0
0
0
0
10
0
0
3
1
9
2436
1
167
0
62
0
1
0
38
0
94
90
16
0
1
2
103
0
0
0
1017
3
63
0
0
0
1
0
128
17
4
3
0
0
0
0
0
5
8
2
0
0
0
0
0
0
3
1
0
1
1
0
1
0
1
0
124
2
0
0
61
484
0
0
117
2
2
0
19
183
0
20
8
0
9
0
2
1639
0
0
0
0
0
0
0
42
0
0
3
0
0
10
68
0
0
0
0
7164
1
2
0
9
16055
0
0
0
1
0
0
0
0
63
0
0
0
0
1
0
0
38
0
33
0
0
0
7
35
14
21
0
0
0
0
73
2
0
7
18
0
0
1
4
10
1953
425
36
0
2
0
1
228
0
448
0
36
0
0
0
1
0
11
1360
0
0
0
2
1
3
0
7
3
0
0
0
1
0
0
1
111
0
0
19
0
1
0
1
0
0
0
0
0
0
5
2
84
2
0
0
18
0
2
7
2
0
0
32
1
164
1
10
0
4
0
29
1
0
698
0
10
57
0
378
0
23
0
71
0
0
5
1
38
8
0
6
0
0
0
0
0
1
0
0
0
0
0
1974
0
0
6
0
44
0
3
0
0
118
35
164
166
0
0
24
299
19
15
0
1
0
83
1
0
165
535
0
0
0
0
21
21
0
1
0
0
0
0
9
110
0
0
1724
0
0
0
117
0
211
0
0
1
0
0
0
0
0
0
1193
2
0
0
43
0
12
0
1154
4897
13
0
1
0
10
4
614
1
1
0
0
14
1
2011
7
43
0
0
56
1
3
0
0
5
0
0
0
0
0
0
234
1
0
0
0
0
0
0
43
0
1
103
27
1
0
0
3
45
1
0
0
0
0
0
6
0
0
0
22
0
190
5
381
3
0
4
0
0
0
7
1
0
0
1280
2
0
0
6
1
0
57
21
1
0
0
0
0
0
0
2543
0
7
0
0
798
30
0
106
10
2065
13
36
0
0
0
3
15
0
2
1
5
23
0
24
0
0
0
0
1
0
0
0
5
0
0
31
0
3
0
0
2
0
0
10
0
14
12
6
1
3
7
3
9
0
18
51
0
0
11
0
0
0
30
0
0
1305
0
0
0
2
0
1
425
0
16
0
0
0
1
0
4
0
2497
7
1
0
1
0
0
0
0
0
13
0
1
0
0
0
0
0
25
7
0
0
25
3
1
0
104
2
3
3
1
0
0
5600
2
2
4
1
0
0
5
0
0
0
10
0
996
122
0
0
0
1336
0
0
3
0
32
0
115
0
2
449
1
0
1839
2
2556
1
0
1
776
0
0
0
168
0
0
33
0
0
5
0
0
0
0
0
0
8
0
0
2
2
189
0
4
0
1
1
0
9
0
0
13
0
413
0
0
0
0
2
0
61
0
0
0
136
0
3
0
0
13
0
70
0
0
77
76
87
1
306
0
28
0
0
9
0
0
0
32
43
523
0
0
0
0
0
30
5
0
2292
41
0
1
200
0
1
0
13
2
0
4
1
20
0
1
0
8
0
0
0
0
1
0
0
0
719
0
0
0
0
12
0
0
0
16
10
0
0
0
8972
127
0
152
0
59
20
1
0
115
0
0
0
2063
0
0
0
0
3
1
795
9
3855
1
45
1
1
12
0
2
4
16
0
1
9
0
0
170
1
0
2
23
1
2
0
3
0
0
0
0
0
0
0
0
2
0
304
7
3
4
1
0
4
0
0
18
1
112
7
0
0
232
1
4
0
0
0
130
0
0
0
0
0
0
0
661
1
16
25
1056
1
0
0
0
130
0
1
0
0
0
1
0
0
1
0
10
0
20
0
0
108
80
0
7
1028
0
0
0
1
2
10
11
0
10
4
0
50
0
4556
10
0
1956
28
2
1394
0
0
7975
0
0
0
0
0
3
0
0
0
0
0
31
260
0
0
37
0
5
170
2
19
0
4
0
1371
53
0
1
3
0
14
9
0
21
0
0
2
0
0
0
7
0
0
0
366
40
629
26
1
223
73
191
0
0
0
10
0
5
16
0
2
1
0
85
0
0
1
0
0
0
1
1
0
0
140
0
41
0
11
30
0
4
36
145
113
0
2
5
0
0
23
3
0
2
746
0
0
0
0
0
43
0
0
1
2
0
0
0
2
3
2
0
0
0
0
0
400
52
7
0
0
0
3
135
3
0
1
186
0
0
1
0
0
0
1
0
0
2
18
0
1
0
2
10
2133
0
6
0
1
0
0
0
859
1
2
8
27
3
0
4
1
8
0
0
0
1
0
0
1
1
0
0
33
1
0
0
97
0
157
0
7
2
0
5
0
11
14
0
0
0
0
307
0
0
0
200
1
0
0
5
0
108
0
0
0
0
0
7
208
0
0
1
7
0
0
1
34
7
2
0
125
0
0
0
0
1
0
0
0
0
0
41
224
85
0
0
0
0
0
3
0
3
0
280
14828
711
1
3
0
0
0
0
3
0
0
0
0
0
0
4
0
27
1
1
0
0
0
58
11
0
0
3
10
23
4
0
0
5
104
0
0
0
0
1
3
0
0
0
0
52
0
0
27
0
50
0
311
523
0
0
0
5
54
3
0
3
1
139
4260
0
65
64
1
1
0
837
24
0
0
0
0
0
0
1745
0
0
9
0
0
16
1
0
25
1
0
2
0
11
3
135
1
0
10
14
0
1
0
0
3
0
5
0
2
0
0
0
0
0
1
0
1
0
0
0
2
3
0
0
0
0
0
0
68
1
1
5
0
970
0
185
0
0
1
0
0
0
36
140
0
1
0
0
0
77
29
0
0
6
46
0
0
16
1
0
1
0
37
0
0
14
28
28
1
28
12
6
0
0
58
0
1
13
93
0
34
0
0
0
1
263
1210
0
3
0
0
3606
3
0
0
179
0
0
1
1
23
0
103
0
0
0
0
28
0
77
1
0
0
57
0
1
7
0
29
0
512
1
70
5
258
0
16
38
511
8
0
3
0
1
38
0
0
0
1
0
0
0
92
67
0
0
4
0
0
63
8
0
0
0
220
29
1
1
0
1
0
1
8
2
1361
0
0
0
0
0
0
51
0
30
0
0
0
4
4
18
645
0
67
0
1
2
1
5
0
2
1
0
0
4
7
0
2
8
0
35
0
0
9
0
0
0
77
38
3
0
56
0
0
104
0
7
0
1
74
0
1
6
10
1
0
24
0
922
30
0
1
1
0
0
0
4220
0
0
0
0
1
10
0
0
0
0
0
0
0
0
0
5
0
0
6
92
4
0
0
2
1
2
0
0
0
0
0
0
0
0
0
8
0
0
95
3
724
0
0
0
2
51
0
2
225
0
14
291
0
1
0
100
2
0
0
0
0
0
0
31
0
0
1
0
0
5
19
3
0
0
0
14
1363
0
31
24
5
0
2
0
51
6
0
5
3
2
81
0
0
0
0
0
6
0
0
532
0
0
3576
17
0
0
1
2
2
1
0
1
1
0
836
4
0
2
403
0
0
0
0
0
0
0
1
13
5
0
1
0
0
335
0
0
0
0
106
0
125
1662
2
0
0
2
0
6
0
1
0
0
0
8
15
1
0
38
0
0
0
12
0
8
0
0
54
0
11
0
38
0
0
7
0
15
2
3
234
2
0
1
0
175
1
0
0
0
0
0
1
2
0
0
0
611
1
1
0
1480
21370
0
1
79
0
90
1
1
22
0
65
3
1
239
44
0
0
0
5
225
0
1571
872
0
1
0
0
51
0
0
0
0
6383
0
2055
5
14
1
1
0
3723
0
0
12
0
69
1
84
0
0
0
0
0
0
1
0
0
11
0
1
0
1576
0
1
0
7
70
244
0
0
1
25
251
40
0
1
1
0
4
34
0
117
0
3710
0
7
0
0
1
0
0
9
1
0
0
0
3
20
126
0
0
0
0
0
0
6
3
0
0
0
0
481
119
0
0
0
0
0
5
0
0
1
0
1
0
0
0
0
855
0
6
0
1
0
0
0
0
0
29
16
6
1
7772
0
155
7
0
8
10
34
0
0
0
0
0
1
18
0
0
0
4
3
0
1351
260
0
0
306
0
0
2
1220
28
0
0
11
43
0
0
0
0
0
1
0
0
7
0
0
0
15
0
8
652
0
0
0
0
0
13
957
0
10
6
13
1
0
0
0
0
204
0
9271
0
0
0
6
1
0
0
0
137
0
0
0
0
0
0
630
135
2
1
66
15
0
78
0
0
0
0
0
0
0
0
0
60
0
0
343
0
26
0
0
0
0
1
0
0
0
3
81
0
69
0
0
1
615
0
0
8
0
2
0
5
0
0
22
171
2710
1
0
3
0
0
0
0
0
0
0
1
0
0
0
458
64
78
0
49
15
7
1
14
0
0
0
0
0
0
8
0
1
0
24
1
2
0
0
0
0
0
0
20
0
1
0
0
360
0
523
0
0
0
0
0
125
57
2
1
37
1
0
0
30
0
210
0
0
0
4
1
0
0
0
6
2
255
0
0
17
1
0
2082
2
1
1
0
0
0
0
0
0
0
0
232
0
0
0
0
1053
0
0
0
10
100
0
0
0
0
0
0
29
0
2
0
21
222
0
0
2
108
42
0
0
3
6
0
1
0
0
0
0
0
0
8
0
0
0
15
58
86
0
0
2
1
0
150
0
0
17
4
0
0
2
2
0
0
1
45
0
0
0
0
1
5
0
0
0
0
124
0
0
0
180
12
0
50
0
0
22
5
10
1
0
312
45
10
199
1
3
0
36
0
0
2
1
0
1
0
1
0
0
381
12
0
5
0
35
77
0
0
7
16
2
48
0
0
3
1
0
0
0
234
0
0
0
0
34
0
0
0
0
8971
0
0
0
21
264
0
2
0
0
0
11
0
2
49
32
5
1
0
1
0
0
1
0
0
0
0
0
0
0
513
11
0
170
0
0
0
0
0
379
0
0
0
12
0
29
88
2
0
0
53
0
0
0
0
0
0
1
1
149
0
0
6
0
0
240
141
17
4
5
0
0
0
1
97
0
71
1
2
0
3
6
139
2
62
0
0
1
1
0
0
0
2
61
68
1
0
434
0
0
0
1
1
16
0
0
0
0
0
0
1
0
0
134
60
0
0
1
0
0
0
43
0
0
0
0
0
0
12
0
5
93
0
5672
79
0
0
0
0
2
122
556
0
0
1
1
1
0
0
0
0
0
0
0
4
0
0
16
746
0
0
0
92
631
151
0
0
31
97
564
0
43
0
8
0
0
2
86
1
0
0
0
0
0
0
2
308
1
0
0
0
0
36
3
35
4
1
2574
0
1
0
0
1
620
69
0
27
5
0
0
2
24
0
1
0
0
0
0
0
0
4
0
3
0
0
1
4
2086
37
88
0
0
17
29
1
67
0
0
533
1
4
0
1
0
0
0
0
0
0
89
0
1582
1
0
0
0
781
0
3
829
7
408
4
0
9
3
608
34
2
8
1
0
3
3
57
14
0
21
0
0
0
0
1
5
0
0
0
0
0
0
2
85
0
0
1
572
2
0
0
0
0
31
0
0
0
4
426
0
0
1
1
18
0
0
1
102
1
0
0
0
29
76
235
1
1
45
1
0
0
8
1
23
0
0
2
15
23
76
2
0
1
0
0
0
0
0
0
0
1
0
479
0
1
5
24
42
0
974
2
4
46
0
0
0
116
37
4931
0
280
5819
0
0
0
0
0
10
44
159
7
7
0
0
0
0
0
1
0
0
2
16
15
4
4
4
0
128
1
23
192
1
33
161
33
1
126
0
0
0
151
0
0
41
1
28
0
0
1618
1
304
1144
0
0
0
0
1
0
1
183
8
61
120
153
230
4
0
1
0
0
0
1
0
0
0
0
1
0
0
27
1
0
37
0
0
23
145
6
0
0
0
34
6
2
0
0
0
0
5
15
0
0
0
5
0
0
0
0
0
0
0
0
0
0
2
110
52
0
121
0
2
0
24
6
0
2
10
3
22
3
0
0
0
1
0
0
0
0
0
0
1
0
0
1
0
1
41
0
0
0
3
0
1
0
1
6491
0
0
99
0
3
1
1
259
0
32
0
0
0
0
6
0
0
2
30
0
0
0
0
3
43
0
0
41
1
0
0
1
1
0
14
0
2
2
0
1
0
0
0
0
0
0
0
0
0
0
1
10
63
4
3
55
106
0
0
51
1
0
0
0
0
15
0
110
0
1
2
218
0
0
0
1
0
0
0
0
9
3
0
0
0
0
1
8
0
0
0
0
0
0
0
0
109
0
1
0
1
7
0
0
0
0
0
0
0
0
0
957
1
0
0
1
0
0
52
20
2061
0
4
300
0
1
2
0
5
0
1
29
0
6
3
0
1
76
1
0
0
0
0
0
0
1
11
0
0
76
0
0
1
3
47
3
0
526
4973
9
0
2
12
2025
1247
631
3
0
0
0
0
0
0
0
0
0
0
0
0
23
1
2312
1
0
25
7
0
1
0
0
62
0
0
0
0
44
1
14
25
0
0
42
0
0
0
0
9
0
0
1
3
0
0
0
7
0
0
0
0
3130
0
8
4
5
0
0
0
5
488
4
0
0
0
1
0
0
1
1898
1
0
0
14
1
12
2
20
5
0
3
1606
43
51
17
1
0
751
3
28
13
0
3
0
4
530
91
2
10
0
0
6
1
0
0
0
135
0
0
1
4
0
0
1
8
0
0
0
1464
41
1
1348
0
9
647
0
0
0
0
0
28
0
1
178
0
0
1
3
0
57
0
1492
0
898
0
246
5
16
437
0
0
31
220
66
1
0
0
224
1
0
0
0
0
0
0
19
0
0
0
1
30
0
0
0
13
0
12
0
0
21
1
0
13
1
0
3
12
0
2
3
0
0
0
0
0
0
0
1
0
0
0
0
0
4
4
137
10
15
0
382
11
574
58
2
2
0
15
0
0
41
80
0
177
0
4
0
0
0
0
0
0
0
23
0
341
0
0
0
4
2
117
161
15
0
0
0
0
0
0
2
0
5
0
1
2
0
0
0
1
0
0
0
0
0
0
1
1
0
0
0
8
0
0
2
385
0
0
345
1594
238
10
1
19
134
0
0
4
0
20
19
1
0
0
12
15
0
0
175
0
0
0
0
16
0
0
0
1
2200
982
0
5
0
135
3
50
0
0
416
1
0
0
0
3
0
0
0
0
1
0
2427
0
0
30
2
6
6
0
0
0
47
0
1
0
10
2
115
0
91
1
1
4
73
14
0
0
0
0
1
0
0
0
6
0
0
0
0
4
19
3
0
5
0
46
0
20
662
1
0
135
0
77
19
42
0
0
0
0
0
0
0
0
0
0
17
0
1
2
0
0
460
0
1115
0
4
17
13
3
0
1
21
6
9
1
245
1
0
237
37
0
0
0
0
1
7
0
0
9
700
0
0
4
2
0
0
0
1
1
0
286
0
117
0
469
0
635
2
1
0
0
0
1
0
0
573
0
0
0
0
0
29
68
22
0
3
3
169
0
3
31
0
2
6
10
1
2
3
3
0
0
0
1
0
0
33
0
0
0
0
0
116
74
1
0
47
9
7
5
10
58
31
125
471
16
21
107
0
0
38
0
1
0
0
0
0
0
0
0
0
0
1
0
0
0
4
10
192
11
0
0
0
0
7
78
0
280
0
1
1
0
4
0
4
99
859
1
0
0
0
0
0
0
0
0
2
29
0
0
0
26
0
420
0
0
596
11
4505
0
82
2900
6
3
0
2
0
0
0
0
0
0
0
0
0
1
2
0
3
0
378
4
0
0
0
0
17
7
1
0
0
0
0
6
0
0
0
2
1
8
0
0
0
0
49
0
0
0
0
0
2
59
0
0
0
1
0
0
0
7
0
0
0
0
0
0
0
108
57
5
0
0
0
0
0
1
0
0
0
0
12
0
9
0
0
28
0
0
5
0
0
2
69
5
0
0
0
123
6
1
0
1
10
1
0
1
0
0
184
0
0
20
0
0
30
285
0
0
0
1
0
0
1
2
210
0
0
0
0
6
3
58
0
1
2
2
0
0
0
1
0
0
0
0
0
6
0
0
13
160
0
0
5
0
0
156
0
1
1
0
8
49
3
0
0
41
69
0
0
1
0
0
0
0
0
0
0
0
3
0
0
0
0
0
186
50
2
0
2992
0
0
0
1
401
0
0
12
49
2
6
0
0
0
0
0
0
0
0
0
0
1
0
0
1
0
0
26
47
0
0
1
4
3
1
120
0
2
1
0
7
0
11
0
30
0
0
33
0
0
121
1628
0
1
1
0
0
52
0
0
0
0
0
190
0
2
0
4
12
9
2
0
0
26
0
0
0
0
1
0
0
1
0
0
0
0
1
0
26
3
0
0
0
0
22
788
0
1
13
137
1
0
99
0
0
37
0
0
20
0
0
178
0
0
22
1
0
9
79
0
28
902
12
0
0
9
0
3
0
0
0
44
0
2
2
474
30
1
5
0
0
0
214
0
0
1
0
16
0
2
0
5
0
0
0
0
0
481
0
0
0
0
765
0
4
29
1
1
3
1
0
9
11
0
1
0
0
0
0
1
0
2084
0
0
198
5
6
0
2513
0
0
0
1
0
234
0
1
0
36
0
5056
1
0
0
0
0
0
0
0
0
0
1
0
0
0
2820
0
43
0
3
0
45
23
1
6
62
27
114
94
394
0
4
0
1
0
8
2
0
0
1130
0
0
1
0
0
97
2
0
526
255
2043
108
0
13
0
37
345
556
74
6
5
3
0
2
38
0
0
0
0
0
1
0
0
1
0
7
1
0
0
6
0
0
0
3
4
0
29
546
113
2
0
6
4217
10
0
15
0
0
350
32
7
0
61
6
2
0
0
0
0
0
3
0
0
0
2578
0
259
13
1
1
3
96
43
220
0
0
1
7
3
0
0
0
0
0
0
0
0
3
0
453
0
0
0
9
0
0
0
2
1
0
40
0
4
3
4
2
3
80
0
41
2
107
0
2
99
0
0
0
58
0
22
0
0
0
0
0
0
2662
1
2
2
28
0
15
3
0
71
0
0
105
1
0
14
0
0
0
0
0
0
0
0
11
0
0
0
0
0
8
3
0
0
0
0
0
2
7
11
0
19
0
22
467
0
0
0
0
5
0
8
0
0
4
0
0
2
8
1
35
0
0
0
0
33
0
1
80
0
3
0
0
0
0
14
3
14
38
161
0
229
0
0
0
0
0
0
0
1
1
1
0
1
87
11
0
0
0
0
0
221
0
1
0
18
0
0
27
0
1
0
0
237
613
0
0
0
0
75
0
2
247
1058
155
0
0
0
88
0
0
0
0
0
1730
0
0
0
0
0
0
25
111
0
0
8887
0
0
0
0
0
0
0
0
0
0
0
0
1
0
4
0
4
0
415
0
103
0
0
7
0
318
64
33
136
1
3
7
0
23
1
0
0
0
255
0
81
3
15
0
0
0
4
648
61
0
0
1
4
332
36
5
2
24
309
12
736
0
0
248
0
0
0
0
0
0
0
302
0
0
23
0
13
416
0
0
2
434
22
2
257
0
1
1
0
0
108
0
0
0
22
0
0
0
0
11
0
0
1
10
0
2673
0
3
0
0
126
141
0
1
0
0
3
22
2
0
0
2
1
1
0
2
1
0
0
0
0
0
0
0
1
5
0
1
0
1
1
0
0
0
2
0
0
0
564
7
44
0
135
62
0
1
0
1
35
0
1
0
0
0
0
0
7
0
4882
2
1
21
2
0
1
0
0
0
0
474
13
0
0
0
0
0
0
0
0
1
34
0
0
0
0
0
0
0
7
0
0
0
1
0
5
3
0
0
0
0
1
15
0
3
44
210
11
0
1
82
72
0
1
0
0
0
0
7
0
0
0
41
16
1
2
0
91
0
531
0
5
130
0
1
1581
15
0
0
0
483
19
19
43
0
23
0
194
0
0
0
0
0
5
87
313
0
0
0
0
169
1548
0
10
0
0
0
130
0
0
6401
15
4
0
1
0
43
0
2
2
1
0
0
0
0
0
0
9
5
1
1
0
0
0
10
9
0
0
0
5
0
242
0
1126
0
0
5
1
2
22
1
1
0
0
0
0
0
17
0
21
1
0
1
16
0
0
0
0
0
0
1
2
0
0
239
5
1
7
0
0
4
86
0
0
0
0
0
78
0
0
16
0
7
4
812
0
0
0
17
0
0
0
0
661
14
9
0
8
89
0
0
0
74
36
0
0
0
0
0
0
0
8
0
0
0
1
0
13
0
0
0
141
0
0
3
3
0
0
3
6
2
0
34
0
34
0
0
0
4
1
0
0
0
2
0
7
2
2
0
0
0
964
0
2300
232
1
0
1
124
0
0
0
0
14
48
5
1598
0
2
0
0
0
0
0
0
74
1
0
0
18
0
4
12
634
0
3
0
0
3
3
319
141
70
2387
0
0
0
0
3
1
0
0
2
5
8
0
0
0
8
6
0
5
0
0
0
0
0
3
0
2
9
19
2
0
0
0
1
13
0
0
2
967
0
0
0
0
0
0
0
99
0
0
0
0
1
4482
0
5
0
0
7549
316
0
52
3
1
257
882
0
854
4
3
0
7
0
69
1
0
0
0
0
0
0
0
0
0
2
0
0
1
5
0
1200
0
0
0
16
0
0
0
0
332
3
1
3
11
0
0
0
0
0
0
0
0
0
0
0
1
0
8
4
0
0
0
0
21
0
0
16
4
23
4127
1
0
0
1
0
3
0
1
0
3
5
0
0
0
21
1
0
0
0
0
0
1801
0
3354
1
56
0
0
0
0
0
0
0
0
7
486
630
108
0
1
0
0
0
0
0
0
1
256
0
0
0
23
27
1870
0
0
1
0
733
0
0
0
441
19
0
0
25
3
4
2
0
0
13
0
0
1
0
13
1
1609
0
0
0
0
1
0
0
15
0
0
0
2
228
0
0
0
0
88
0
3
4
1
0
0
0
0
0
376
0
0
0
31
0
5
0
598
1
0
0
2
0
1
0
0
0
1
0
1
0
4
0
1
2
0
0
0
0
0
1
0
0
16
0
0
0
4
0
0
219
1
11
3
0
0
1
0
0
0
0
50
0
41
2
0
1
0
0
0
2
0
0
0
0
0
0
0
0
15
0
0
18
0
1
0
1
0
0
30
1
0
0
0
1
0
59
108
20
0
0
5
0
0
0
0
0
0
0
1
0
0
0
0
6
667
1
6
0
37
2
0
351
335
0
7
0
0
0
3
25
0
0
0
246
0
0
0
0
0
0
0
0
6256
0
1
0
20
0
2
10
0
259
0
1
1
0
6646
95
0
6
0
17
1
3
2
0
0
4
0
0
5
13
1772
0
0
14
0
8
1
1
0
11963
0
1
0
731
183
1190
87
2
19
8
91
205
0
0
0
1
0
0
0
0
7
0
0
0
0
0
7
28
455
0
0
2
0
2450
4
0
10
124
0
0
0
0
0
5
102
11
6
0
0
0
0
33
10
0
0
0
3
19
0
4
0
56
0
0
5
0
3
0
0
1
0
0
1
0
1
5
339
1
0
0
0
0
0
0
7
0
0
0
37
0
2
0
29
0
125
1
0
52
2
0
1
139
3
0
19
355
14
0
4
4
22
0
30
1
0
1
0
1
1
0
2
0
0
83
0
75
118
238
0
7
0
1
20
182
0
0
6
256
0
4
16
0
0
0
0
0
0
0
18
0
0
0
0
0
1131
31
1
0
0
0
160
3
0
1
1
2
38
13
7
34
0
7
30
1
25
18
23
0
0
265
0
1
0
0
0
0
0
111
4
24
4
0
8
0
0
0
168
147
0
0
62
0
1
4
0
1
0
1
0
0
0
0
5
0
5
0
0
0
19
1
1403
0
4621
0
70
4
1
0
67
1
2
1
0
1
1
1
4
13
0
5
2
0
1
0
0
0
1
0
46
0
1
736
0
173
0
802
1
39
30
5
175
112
0
0
9
17
0
0
1
3
0
0
0
0
0
3
0
2
1
0
1
2
27
0
0
5
0
1
0
323
0
1
3
39
0
0
1
317
0
1
2
1
365
1
0
0
106
2
0
0
1
0
48
0
129
0
0
3
4
19
8
0
0
1
66
44
187
0
16
0
2
6601
300
0
0
0
0
0
1
0
1
0
38
0
0
0
1
3
0
0
0
0
673
2
236
0
47
9
22
1
0
1
22
3
69
25
0
0
0
0
2
11
2
6
0
0
3
0
0
0
0
0
4
135
0
239
11
1
519
0
19
0
747
0
0
343
7
1
0
1
0
0
0
0
0
0
8
0
0
0
1
2
0
36
0
2
17
0
0
0
8
0
85
4
19
1
0
0
3
0
2
0
100
0
6
0
0
0
3
0
8
0
1
0
0
1
0
1038
2
179
0
103
3
0
3
0
8
281
0
0
0
17
0
0
0
0
0
0
0
0
1
0
1
0
449
0
112
69
0
0
0
192
0
0
6
1
3
0
0
33
6
4
186
7
86
11
0
0
0
0
0
6
0
1
0
148
0
0
1
36
4
9
0
0
14
1
1128
0
139
0
0
64
35
6
0
0
0
0
0
9
0
0
0
0
0
0
0
0
10370
63
1
18
1
0
0
5
1
57
0
0
1761
23
0
6
25
0
0
0
815
0
41
0
0
0
0
1
0
58
90
0
0
1
1
362
21
2120
32
0
0
0
4
0
20
0
9
0
15
12609
53
1
0
0
0
0
0
0
0
0
2
1
0
0
0
0
0
0
0
0
12
3163
0
0
136
1
0
1
1
0
0
3
89
14
0
1
28
6
0
0
1
3
0
9
254
0
0
0
0
0
265
2899
1
0
6
0
4
0
0
0
4
1434
6
222
4
2
0
0
0
1
0
0
10
0
1
0
0
0
1
13
1
0
1
0
188
1
89
0
1
700
21
4
0
2
2
2
0
0
5
0
0
0
0
0
0
1
0
2
0
57
0
0
0
1
0
4
0
0
55
18
0
193
1
0
47
0
20
0
4
0
3
0
0
0
0
0
2914
0
0
0
0
0
935
0
0
202
0
14
0
0
3
1
19
1
11
16
22
75
0
0
0
1
1
0
0
10
0
0
0
0
0
4
2
152
0
0
0
25
1
0
0
1
0
0
0
13
0
298
10
17
0
0
17
1
0
0
0
0
0
0
21
0
0
0
0
1
1150
16
19
0
114
42
47
0
10
1298
2
0
38
3
77
88
6678
0
14
1
3253
0
0
0
0
0
0
0
0
1
0
15
0
0
0
0
0
455
0
0
1
15
135
405
0
223
0
11
15
0
420
36
1
0
0
0
0
0
7
1
25
0
0
0
0
0
0
41
0
10
69
5
0
0
94
93
0
0
0
0
3
0
7
0
13
123
1
0
0
0
0
25
0
1
0
5
0
0
0
20
14
58
0
0
3
114
171
73
13
1
0
16
0
808
0
351
5
0
0
0
1
0
16
0
1905
0
0
0
1
0
67
270
0
0
13
296
7
1
57
7
12
1
0
1
8
0
241
0
319
0
0
0
1
0
2
0
0
0
0
6
0
0
0
10
0
1
0
0
0
0
0
0
11
0
23
0
33
31
0
1
0
0
0
0
0
4
0
138
30
1
0
1
185
4
2
0
0
0
100
0
0
0
0
1
0
0
10
2
0
3
0
0
11
0
7
4
0
0
179
16
0
0
20
15
0
0
0
0
0
192
2
0
0
0
1332
0
121
78
2
4
59
12
0
1
1
0
0
0
0
0
0
0
43
0
10
0
5546
0
0
9509
3
0
139
10
1
123
0
0
1
61
1456
0
174
36
0
18
1
374
0
0
1089
0
0
10
0
0
213
0
0
0
1
0
1
0
0
1
85
0
2
0
1
401
224
0
2
25
7403
0
66
1
0
0
0
0
0
1
6
0
0
0
0
0
2
426
0
0
2
11
1
0
1
22
5
13
6
0
0
42
0
6
48
0
32
0
18
0
0
33
0
0
1
1
0
0
1
4
18
2322
0
1
1
0
0
0
0
0
4
5
11
0
16
0
9
0
0
0
0
0
0
0
0
0
1
1
0
787
0
2
0
4
70
114
0
23
0
0
62
0
6
49
111
0
2948
0
6
2
0
7
3
0
0
1587
0
0
4
242
0
0
0
4
0
1
0
0
59
223
2
0
0
0
2
13
7
0
652
0
0
0
0
0
0
0
0
0
0
0
0
0
0
260
1
9
2
1
8
0
25
22
499
11
0
0
104
0
12
4
34
0
3
138
0
0
11
0
0
0
0
0
35
0
250
0
0
0
0
381
1
10
0
3
0
0
0
0
411
2
16
0
0
0
1
1
0
0
0
0
0
0
0
0
0
0
122
2
0
25
2
0
0
0
3
0
97
69
6
0
53
1
1
16
0
0
0
146
0
0
0
57
0
0
0
0
7
32
43
0
0
0
0
2
0
0
2199
1
12
0
0
0
5
14
1
46
0
0
0
0
0
0
0
2
0
0
0
0
1
0
1
247
18
3
0
1
0
1
0
1
308
21
97
0
2
0
4
5
0
0
0
2
0
125
15
1
0
77
0
0
1231
1
0
0
0
0
0
0
560
303
0
1
0
1
0
0
0
313
20
599
0
0
0
0
0
0
1
0
0
22
0
0
11
0
0
1
0
3
14
576
0
159
0
32
1
0
0
2
12
3
0
0
0
0
1
0
0
0
1
3
0
251
0
0
13
3
0
0
0
1278
0
0
1
309
0
8
21
0
2
0
1
2
0
160
43
0
0
1
0
0
0
0
6
0
0
0
0
0
2
11
0
1
0
0
347
158
10
15
6
0
2
0
0
4
1
0
789
1
14
16
1
0
634
0
3
0
0
0
0
17
0
0
0
30
227
0
0
0
3
8
0
0
36
0
3
78
0
0
0
0
0
0
1
0
0
0
1
0
1
3
1
0
0
34
0
4
8
4
55
18
0
45
62
1
0
0
5
11
0
0
1146
1
0
0
17
0
0
0
0
20
0
0
0
44
0
45
0
76
38
119
0
0
1180
5
0
0
0
0
43
0
0
2866
266
0
0
0
1
0
0
0
0
0
0
0
19
0
291
0
0
200
175
1
0
0
1
0
0
0
1201
0
14
1
7
9
3
0
2
0
0
0
0
0
0
0
0
0
2
25
0
0
0
32
0
104
0
0
1
23
0
9
0
0
0
0
0
14
1
0
0
0
0
0
1
0
0
0
5
0
0
0
1458
5
1
0
1031
49
1
0
0
1
2
0
224
0
1
19
0
0
393
49
29
7
21
0
10
1
0
51
0
0
0
6834
0
1
203
0
10
0
21
0
2
3
2
39
117
0
0
3
1
2
0
0
0
1
0
0
13
0
0
0
1
0
1
0
966
42
0
0
0
2
0
0
0
1
0
7
0
2
3533
0
4
7
22
0
0
1
0
0
139
1
0
6
0
0
2
0
0
167
0
30
22
5
0
0
0
51
0
12
1
0
144
0
0
0
0
0
0
253
1
0
0
1434
0
1
0
0
7
5
1
141
3
146
0
2
0
8201
1
1
5
0
8
0
0
1
1
83
338
0
1
0
0
0
0
0
0
0
0
1
0
0
0
3
0
6
0
9
0
0
0
1
0
1
0
0
1
2
12
101
0
1
0
0
0
0
1
0
0
1
0
0
0
0
5
10
7
0
0
0
1
1
0
295
1
2
0
20
0
6
0
1
3
0
192
0
0
0
0
0
0
0
0
0
0
0
0
10
0
1
40
2
0
0
0
5
0
0
1
0
0
0
0
0
0
0
0
1
0
0
0
0
0
0
0
0
1
0
2236
0
0
138
0
0
9367
0
4
1
3
0
7
0
0
39
2
11
0
0
0
73
0
0
0
0
0
0
0
0
1
78
0
0
0
0
32
1568
1
0
4
1
43
2
717
0
0
2
0
1591
0
0
0
0
0
0
0
0
0
0
0
0
0
0
1
0
1
0
0
0
9298
4
6
5
0
1093
171
189
9066
0
0
0
1
0
1
3
12
0
0
0
0
6
0
5
3
119
0
0
4
8
0
6
1
0
0
1163
0
2
2
0
0
93
37
0
2
0
0
0
0
0
0
0
132
0
0
1
0
0
0
13
0
0
0
0
976
0
361
0
0
0
1
2
3
0
0
0
233
1
60
0
0
1
0
0
0
0
0
9
0
257
0
0
0
4
0
0
1
2
1
83
0
1
1
1
63
14
5
38
0
0
0
0
0
0
0
0
41
0
0
0
0
0
0
0
1
2
0
1
1474
13
21
0
108
1253
5
0
3
73
59
0
1
0
20
0
1
2
12
0
0
93
4
0
418
0
0
0
0
36
0
0
1
0
0
0
0
4
2
0
39
0
1
88
1
0
0
0
0
0
0
0
1
0
0
0
0
1
68
0
0
61
1
0
14
0
46
0
651
0
417
0
15
1
0
2
528
1
0
5
0
0
0
1
0
41
1084
0
1193
0
0
0
0
0
115
101
7
0
1
0
14
6
1
0
0
0
0
194
13
0
0
0
0
0
0
0
0
0
273
1
0
0
0
0
380
520
2
0
1
0
6
1
0
0
0
0
46
2
1
2
1
0
1
11
0
0
12
0
0
0
2
0
0
0
8
0
0
2
20
2
0
0
0
0
0
3983
3
0
556
12
0
5
4
0
0
0
0
88
0
0
0
0
2
0
0
1
0
0
79
13
0
0
0
1
0
0
264
0
8
0
6
2
0
3
1
0
0
4
0
0
0
0
0
12
2949
1
14
4
177
0
0
0
0
0
242
0
1
0
15
37
0
0
59
0
0
102
260
0
0
0
0
13
0
0
0
16
1
0
0
0
0
0
0
0
62
0
0
0
80
1
0
0
31
0
751
0
8
3
301
49
2
1
0
11
0
0
34
0
24
0
0
19
0
0
0
57
1405
0
1
0
7
0
0
5473
1
0
2
96
0
0
0
0
0
0
0
0
0
0
0
0
0
1
0
0
52
0
0
0
0
51
244
0
362
1
0
0
0
0
0
0
3
1
0
1
1891
1
9
0
36
0
0
0
0
0
150
0
0
0
0
454
91
0
2292
1
2
1
2
8
5
0
0
1
1
4
0
0
0
0
1
7
0
0
0
0
0
0
6
1
6
1
1
1
0
0
51
4
0
0
0
27
309
0
1
0
0
0
1
0
6
0
0
1
0
77
102
0
1
99
0
28
0
0
0
0
1
2
0
0
27
0
1
0
0
0
2
2
0
4
2
0
0
0
0
0
0
0
0
0
0
0
0
0
0
194
0
0
54
0
0
1
0
0
0
0
5
0
0
84
98
1
711
17
2
0
5
0
0
0
1
23
0
0
0
152
0
0
0
0
0
1259
0
0
0
308
2
2
0
0
416
37
14
11
0
0
0
0
0
0
0
0
0
0
0
0
1
0
0
45
1168
2
0
0
10
17
0
0
2
5
0
0
1
20
1
0
12
0
1
14
2
0
0
0
0
0
36
0
0
1
0
0
0
144
708
1
0
0
0
1
2
14
2
6887
0
0
0
208
0
55
0
0
1
0
0
0
0
0
0
0
0
1
0
0
14
0
7
0
0
0
2
1
0
0
0
2
82
1
34
0
0
0
5
0
0
0
98
0
0
1
0
3
15
0
0
0
0
2
1160
0
0
0
28
0
0
0
2
13282
157
0
1
1
4
0
0
0
0
0
0
2
0
6
0
0
0
0
2
0
1
0
0
0
0
0
0
2308
1
0
2
0
19738
0
12
14
31
13
1
47
0
0
103
0
0
0
0
1
2
0
0
0
0
0
3
0
1
0
0
1282
304
144
1
253
0
1
0
0
972
1
0
0
0
0
0
0
0
0
0
0
1
0
0
2
0
7
4
0
2
10
0
22
8
21
1
2
0
0
0
3
0
1
13
2
2
46
14
0
0
0
0
0
0
0
0
0
0
0
26
0
0
214
11
1006
19
37
0
100
0
11
22
49
7
0
0
0
1
1
0
0
0
1
0
0
0
0
0
1264
0
0
1
0
226
629
1
21
29
37
16
8
1
214
0
5
3
0
1
19
20
0
148
0
0
0
1
0
0
1
0
0
1243
0
80
0
0
0
74
20
0
382
0
5
585
431
164
10
170
0
0
0
0
0
0
0
0
13
1
0
0
0
0
0
1
19
8
1
287
0
10
1
0
86
2
0
149
1
0
0
1
1
43
4
0
1
285
0
0
0
298
0
2
5
0
0
0
0
14945
93
0
54
0
0
90
11
0
0
0
10
0
1
1
0
0
0
0
0
0
0
0
1
0
0
1
0
0
2
0
2
0
1
0
5
238
0
1
33
22
33
3
4
1
45
0
0
2
55
2
1
4
0
0
0
0
0
1
0
0
0
1
0
139
81
1
0
7
0
0
5
4
0
0
6
96
2
3
0
0
0
1
1
0
2
0
1
0
0
0
0
0
1
43
0
29
122
29
40
1
41
1
2
0
3
0
0
4
0
5
47
1
51
3
0
0
0
0
0
0
0
65
0
0
1
0
1
1
0
1
1
0
0
0
0
0
0
315
0
2
20
256
0
0
0
0
0
0
1
0
25
0
0
0
0
2
6
19
7
0
18
20
0
3115
0
283
3
0
92
28
0
34
1
41
0
155
1
0
0
167
0
0
0
0
0
0
0
0
12
0
0
54
0
1
0
1
0
0
1748
0
3
0
2
99
8
0
0
0
0
0
0
0
0
0
0
0
0
1
0
518
11
842
1
1
0
0
3
296
16
0
101
0
0
0
3
0
0
30
0
0
86
0
1
312
0
0
1
0
0
4
0
2
42
0
213
1
28
0
0
0
672
0
43
0
1
19
392
460
383
0
0
0
0
0
0
0
0
0
1
0
0
0
8
4
0
0
3
1
1
0
0
91
0
0
16
1
0
0
910
0
0
14
2987
13
46
0
0
19
0
0
1
34
1802
4
1
3
0
0
613
0
31
14
0
0
0
48
2
2
0
283
7
21
1948
14
0
0
0
1
0
0
0
15
0
0
0
0
0
0
0
0
0
0
0
0
0
3
0
0
2
0
0
0
2
2
31
0
12
0
0
0
0
139
0
0
5
0
3
19
16
7
0
0
1
1
134
0
0
0
33
6
9
0
192
5
10
0
5
6
0
0
0
0
0
0
341
0
0
0
1
1
0
0
3
86
349
0
0
0
43
0
0
0
0
2527
8
19
0
1
0
1
0
19
45
0
0
1
0
0
1
0
123
7
2
0
0
0
0
3
1
66
0
27
20
0
0
0
380
12
570
0
11
13
0
0
0
0
0
9
0
0
0
0
1
0
0
50
1
0
0
0
1072
110
0
16
1
29
0
869
1
3
0
6
0
14
0
0
1
91
0
10
0
4
14
1
1
1
3
0
0
0
9
12
0
3
97
29
25
87
94
0
0
171
11
13
0
7
0
0
0
0
0
3
0
1
0
10
0
0
0
213
0
0
0
0
0
139
2
9
0
52
47
0
0
0
0
16
2
8
0
1
0
0
0
221
0
0
1
0
2
10
4
0
0
1
1
13
0
624
0
14
1
10
1
583
315
200
6
0
23
2
0
0
0
0
2
1
0
2513
0
1
1
0
1
1
0
111
1
0
101
0
31
619
3147
0
0
0
0
0
0
0
0
3
1
330
10
0
0
0
0
362
0
0
0
23
22
0
0
645
0
30
105
0
7503
0
736
0
11
0
145
230
4
11
555
2
0
0
0
0
0
0
0
13
0
0
0
0
0
3
0
0
0
0
10582
0
404
1
153
40
6
3
0
0
2
9
1
0
1
0
1
21
1
1
0
0
0
0
0
24
146
0
0
1
25
164
5
0
10
0
0
0
2
0
2
36
189
3
0
2
0
0
1
0
0
0
1
0
0
1
0
0
0
0
0
0
0
0
0
0
1
27
0
51
0
0
0
30
0
14
2
59
0
5
13
0
0
0
0
7
2
0
0
0
0
0
0
6335
0
108
0
0
7
1
43
27
0
0
1
0
0
27
0
0
0
0
0
0
0
0
2
0
0
2584
1
0
1
0
3
5
0
0
0
0
0
0
0
0
1
0
8
0
2
0
0
2
2
2
66
0
30
1
0
1
0
0
0
0
0
0
0
1528
0
0
1
0
6426
19
2
6
0
0
1
0
2
0
0
0
0
0
0
0
0
0
0
10
3
22
0
0
0
1601
97
0
487
0
0
244
2
38
72
1
276
989
19
0
1
3
53
0
17
0
1
0
0
1
1
0
0
0
0
1038
5
0
0
92
14
0
0
0
4
101
0
1
3
714
0
0
20
0
0
28
0
0
0
0
1
0
0
3
0
0
0
0
0
21
0
10
1
1
1
9
0
1
156
0
3
14
113
0
3
1
0
2
0
7
3
0
0
57
26
0
0
0
0
3
6
0
0
0
0
0
62
0
43
0
3
14
420
1
0
29
0
0
2
6
0
0
0
0
0
0
0
2
0
0
1
0
1
0
0
0
0
0
293
0
330
162
42
10
2
0
0
2
39
27
0
1
1
0
1
0
0
181
0
0
0
0
0
67
0
0
0
48
0
1094
3
0
1
18
12
429
818
148
439
13
861
0
0
1
0
0
0
0
0
0
29
16
0
3
0
1
0
0
0
1
34
519
1
206
0
37
0
81
16
14
3
0
11
1
3
0
13
1
40
270
1
2112
42
0
0
0
2048
5
52
0
0
1333
0
171
0
0
0
0
179
2
1
4
50
0
5
3
13
13
0
0
0
0
1
0
0
7332
0
9
0
0
0
0
4
0
90
2
0
13
121
0
5
4
0
7
3
0
1
0
20
1
1
14
0
0
0
1
0
0
0
0
20
0
0
0
0
6
2
2
0
0
126
0
2
0
37
18
1
0
3
14
150
1369
0
0
0
0
0
0
0
3
0
0
0
0
1
191
2
0
4
0
0
12
0
5
4
0
127
0
0
0
2
0
0
0
31
1
24
0
0
2702
0
0
338
0
50
0
31
0
60
2343
9
1687
128
2
4
1755
0
0
147
5
0
0
0
0
6
2
0
0
0
0
0
0
0
1588
2
1
0
0
0
1
35
1
0
0
0
1
0
1
1
136
18
54
2
0
1
1
0
0
0
1
0
0
1
2
0
0
0
0
0
0
0
0
95
5
0
0
3
0
10
271
2
19
2
0
0
12
1
0
0
2128
0
0
0
0
1
0
0
0
0
113
0
0
0
3
4
0
0
0
3
1
2
0
0
0
12
0
26
0
0
4
3
0
0
2
2
0
0
0
0
0
592
0
1
0
1
0
175
21
0
0
1
0
118
0
2
12
204
0
0
0
124
0
0
0
0
0
0
0
417
0
0
49
1
0
0
1
0
57
0
0
307
5
0
1
11
8
0
18
0
601
9
15
17
0
14
0
0
0
0
0
0
0
0
0
11
0
7
0
223
0
73
324
0
0
0
0
6
0
0
32
0
170
0
1
411
12
51
2
0
0
0
0
3
0
0
1
3
1
0
0
0
0
0
6
0
0
0
4
0
211
0
1
1
0
0
16
0
1
0
51
0
4
702
67
0
17
0
0
52
0
56
1
0
1
89
0
0
27
12
0
0
119
8
0
3
0
8
0
58
1
0
0
2383
0
0
0
1
0
0
0
0
0
0
0
0
0
31
0
2
0
0
1
0
105
1
105
1
59
1
0
0
2
3
1216
0
4
4
0
2
38
0
0
0
0
3
8
0
9
0
1
3
35
241
0
0
5
7
0
0
0
0
19
0
0
74
0
2
0
0
0
0
0
30
594
1
0
0
1
0
0
0
3
9
0
1
1
0
0
1018
78
30
2
345
0
7
0
2
0
0
1
0
0
0
0
0
0
10
0
0
1
0
1
0
0
1
1
0
0
0
0
81
15
0
2
0
8
20
0
1
0
1051
0
0
0
0
0
0
1
0
0
2
0
0
133
9
0
20
1
0
0
0
2801
340
0
93
3
0
0
1
1
17
0
0
220
0
1
1
0
0
0
0
0
0
1
5
0
0
18
231
26
11
0
2
964
1
3
1
0
3
119
0
1
276
12
0
0
0
0
0
0
0
1
0
0
0
0
0
8
15
1
0
2
0
3
0
33
0
4
0
0
0
0
0
21
0
0
0
8
498
3
2
0
0
0
4
0
2
5
2
0
0
31
1
38
21
0
0
0
0
0
119
8
7
135
0
9
0
223
1
686
0
0
0
0
4
561
1
32
0
1
4
0
5
49
0
1
2
148
0
4
547
1
2
3
0
0
1
0
5
638
0
2
1
0
0
1
0
199
8
0
0
0
5
0
0
41
8
0
0
0
0
43
782
0
4
12
500
1
3
18
0
0
0
1921
0
0
0
0
0
1
0
0
0
0
0
928
0
8
6
0
2
0
0
0
183
1
0
0
0
0
0
0
1179
0
1410
922
0
0
0
1
0
1
14
0
0
1
0
0
0
0
17
0
0
0
0
56
2
0
1
26
2
0
0
0
0
0
0
8
0
0
0
0
0
1
0
1
0
0
0
0
0
0
8
6
191
1
0
8
30
0
1
0
17
1
0
0
44
0
58
5
86
0
0
3148
0
7
28
0
0
1
130
0
0
83
0
0
42
0
2
267
85
15
8
3
1
0
13
2
0
96
1
0
0
0
0
0
0
34
0
150
1
1
0
0
0
0
0
0
0
0
5
70
9326
0
35
1224
232
0
0
2
24
0
0
0
0
2
11
0
0
0
1
0
0
3
6
0
0
1
3
1
4
24
0
0
0
1
21
0
0
0
0
0
1
6
0
0
0
0
0
0
0
0
0
0
1
0
0
0
44
1
6
815
0
2
0
0
6
0
3
304
1
0
0
0
6
1
0
0
1
0
0
0
33
0
1
66
0
0
1
0
0
0
0
191
0
16
1
0
17
3
10
0
0
0
2
142
43
0
0
2
0
0
0
0
0
1
0
1
0
0
1
0
1
0
7
175
0
1
49
3
0
90
1
0
1
0
2
0
296
1
0
1
1
0
404
0
1
0
4
5
116
0
12
0
0
11
0
0
0
1
24
2
264
0
437
1566
0
0
23
1
0
0
0
0
0
0
0
0
16052
284
0
64
1
0
4
10
1
42
0
46
1
0
1
2
1
14
83
0
2
0
0
29
2
16
2504
1421
0
0
248
0
563
37
18
3
0
0
33
0
0
2
0
227
0
218
1
0
44
6
0
2
959
0
0
12
0
0
0
1
0
0
0
0
35
15
0
0
0
0
0
329
5
8
0
4
255
0
11
0
503
0
0
0
2
7
42
0
2
2
0
228
38
0
38
0
0
149
9
0
1
367
0
0
0
2
9
0
555
0
105
139
53
0
0
0
4
0
1
1
0
0
0
0
0
0
0
320
0
0
0
1
0
0
1
16
2
0
1
0
1
36
164
432
1
0
171
0
0
0
1
0
4
1
1
4072
75
0
0
53
405
0
0
0
0
0
3
0
0
5
1
331
6
740
0
42
525
4
1
0
2
0
921
0
0
59
0
0
0
0
0
0
306
0
6
42
1
0
0
0
3
0
1
0
1
141
86
5
160
0
0
0
6
0
37
0
0
1
0
52
9
0
0
5
0
0
0
0
4
61
1
0
0
0
0
0
1
0
817
3
0
1079
10
2
0
0
43
1578
7
0
0
1
0
0
0
0
0
0
0
539
0
0
0
0
5
0
5
0
20
0
32
0
0
4
119
46
18
3514
0
1
5
0
12
5
1
1
0
0
0
0
0
12
0
0
5
0
0
0
25
27
2
1
0
614
3
13
0
0
0
0
1
25
0
0
8
0
361
0
0
0
2
0
0
0
0
0
1
17
7
1
0
0
11
0
292
1
1
12
0
0
0
9
20
0
2
26
0
0
36
0
6
0
0
0
0
0
1
11
2
0
0
0
2
0
17
12
1
0
56
5
164
5
69
0
0
1
0
0
0
0
0
0
0
0
147
0
0
0
1
4
0
1
0
0
6
1
0
0
0
0
500
0
19
0
0
68
0
210
0
6
382
1
16
14
0
0
0
0
81
2
0
555
0
369
15
4
0
38
0
3079
59
14
0
7051
1
2
5983
0
1
0
85
834
0
0
33
0
0
0
0
36
0
1
0
0
0
10
1
1685
0
0
0
0
1
8
0
124
1
1
136
0
22
1
1
8
1
2
44
0
6
3
0
0
50
5
0
0
1
0
343
15
0
0
0
14
77
23
1
10
0
0
27
0
14
1
36
494
1
0
0
0
0
0
442
22
0
0
0
0
1
0
1
87
10
0
1390
1
0
0
1
1
2
2
0
1
1
0
0
11
0
146
0
0
4
3457
0
1
2
0
0
0
2
0
2
27
0
0
58
0
1092
2
0
0
0
0
12552
75
1164
22
9
0
0
0
243
0
0
0
0
1
0
0
0
0
0
214
1
0
40
0
5
19
2
0
796
2
0
1
10
3
2
1
3
0
0
0
19
0
0
10
0
0
160
0
16
1
1
0
0
28
4
49
60
10104
66
75
217
0
0
1
371
6
2
0
0
0
1
0
188
0
0
1
1690
0
0
1
0
0
0
17
5
0
0
0
1
18
6
0
0
0
18
49
86
0
1
1
0
1
2
0
79
0
0
698
0
0
12
1
2
0
3
0
0
137
4
1
0
73
0
195
80
0
20
27
18
0
316
0
650
4
11
0
785
0
0
0
0
2409
1
1
0
1
0
0
32
0
2
1
3
0
0
0
0
7
20
209
1
0
9
8
0
0
399
26
0
0
0
2
0
0
2
0
0
1
0
0
0
18
8
0
465
818
0
0
0
6
1
0
1017
7
10
93
0
0
0
23
0
0
0
0
186
153
0
0
0
0
0
0
15
1
0
1
1728
0
0
0
246
1
1
0
0
133
4740
1314
47
0
80
0
6
0
1
1
0
0
70
0
0
3
0
0
0
232
0
4
1
1
1
92
6
0
230
0
1
6
4
1
0
0
1
0
0
0
0
0
55
0
0
0
0
0
0
0
30
0
48
0
16
40
2
0
1
0
0
86
24
3
4
0
5
0
1
0
3
0
758
8
0
4
12
0
0
0
0
0
0
0
22
8
0
1
0
4
3
1
3
45
0
13
0
6
2
0
2
0
0
0
0
0
0
60
1
0
0
1
0
371
1
290
476
11
2
26
16
0
0
5
2
8
1
0
0
113
1
0
2
1
7
0
0
0
0
17
2
0
1
0
63
0
0
0
0
0
1
30
11
20
238
0
284
15
2
27
12
16
27
1
0
2
0
0
0
0
0
88
0
0
0
0
0
3
236
6
88
0
0
1
0
0
0
0
12
6
22
1
0
0
0
0
19
0
59
0
0
0
0
0
42
0
0
0
0
0
0
0
0
0
21
3
0
31
813
121
5
233
82
66
0
7
225
5
1
0
0
0
0
0
0
1125
0
0
5
0
0
0
0
20
0
11
0
8
3
21
7
0
397
82
397
0
2
0
0
0
56
0
0
6
0
0
0
0
14
0
9
87
1
0
0
0
0
0
2
15038
0
53
126
0
1
0
0
0
0
108
516
33
45
0
1
0
0
0
2733
4
1
0
0
1
4
0
20
1
672
41
0
441
5
0
0
1
0
0
72
0
2
1
3
0
0
2
2
0
1
0
34
0
0
0
0
27
0
0
0
0
3
0
1
4
1
0
0
5052
0
78
6009
0
0
0
0
15
15
109
0
0
1
3
32
3
0
1
0
0
0
0
0
0
4
26
7554
0
0
26
0
2
1
13
178
0
11
0
4
1
0
2
2
0
0
0
0
0
0
0
2
11
0
0
0
0
0
63
1
0
2
0
32
0
0
0
0
0
6
0
0
12
0
0
0
0
0
0
0
0
0
0
0
0
0
23
13
0
0
0
0
0
1656
6
40
16
0
0
77
6
0
5
0
19
0
0
35
0
186
1
9
0
406
0
0
88
38
0
0
0
0
2
0
62
0
5
0
0
1
0
4
0
7
2
0
120
1
1
0
0
0
0
0
1
0
0
0
1
0
1
3
0
6
0
1
0
0
2
0
70
2
0
28
5
5
6
24
10
0
20
1
17
0
0
0
0
18
0
1
150
0
0
0
1
1
32
0
1
0
861
5
0
3
0
0
0
23
30
133
23
0
9
0
0
0
0
0
7
0
0
0
0
0
2
0
3
0
0
3
22
16
0
0
0
46
46
1
0
0
0
1
54
0
0
1433
0
0
0
0
0
0
0
0
2
0
0
0
0
2
5
12
32
0
0
1
0
127
0
0
0
0
1052
6
0
0
0
0
0
0
0
31
0
0
0
1
0
0
0
0
60
47
0
1130
11
1
1644
18
8
66
0
18
0
10
0
3
0
55
1
0
0
1
0
0
0
6
0
1
22
0
222
0
57
6
0
10
55
0
0
0
1
520
0
0
0
3
0
0
55
0
1
0
0
0
0
1192
14
0
0
0
0
1
2
20
0
0
0
929
29
5
0
2767
2
0
201
0
0
0
117
0
65
16
2
0
0
178
0
44
0
371
0
0
8
1
0
0
156
0
3
0
0
0
1
0
0
1
8
0
0
1
5
56
0
0
146
0
0
0
1
0
1
0
16
1
0
5
0
0
0
2
0
0
0
1
2
0
10
186
0
0
32
0
0
5
0
20
0
1
0
0
0
2
1
3
0
0
0
63
0
440
4
0
0
22
0
0
1
4
1
0
0
165
0
2
1
1
157
0
0
0
0
0
0
1
0
0
0
0
0
0
10
3
603
0
0
0
0
23
0
1
0
101
1
156
0
4
74
3
0
3
0
498
0
0
17
0
1
0
0
0
317
0
0
27
433
372
254
0
0
0
13
0
0
15
9
0
0
0
4961
1
1159
0
1
2
0
0
0
0
0
0
1
0
0
0
0
8
44
8
0
34
10
0
18
3064
8
0
3
0
0
0
7
1
0
28
0
219
18
0
0
0
0
0
0
1
1
39
0
10
6
191
1
20
8
3
1
0
103
7
0
85
0
0
0
0
0
0
0
0
0
0
1
3
0
0
29
1
0
1
1
925
50
3
0
160
3
4
2
0
7
43
0
1
419
33
3
0
19
4
0
5
1
1
307
0
0
12
0
0
7
0
0
0
1
5
11
0
10
147
5
3
0
405
0
192
0
0
419
454
0
0
0
0
0
0
0
3
0
0
0
0
0
3
0
2
93
8
3
0
1
4
0
1
513
225
10
15
2
0
0
18
0
0
0
0
0
0
1
0
0
6
0
0
1
7
0
0
0
10
0
0
6
0
28
0
0
50
5306
847
0
78
0
6
1
0
0
0
1
0
0
92
0
0
1
0
0
0
0
5
335
0
0
1
0
0
0
269
0
0
0
3
0
0
0
0
0
0
437
13
0
87
473
0
0
20
0
0
1687
0
0
0
0
3
1
6
0
1
2
59
0
3
0
194
2
55
0
163
0
0
0
0
0
0
0
1
0
0
3
1
0
1
246
46
0
0
0
15
0
0
0
6
1
1
183
0
20
0
0
0
4
15
6
0
0
0
0
0
0
0
0
284
176
2
0
0
0
0
4
0
238
0
0
2
2
0
2475
62
155
1
24
70
5
0
0
1
0
0
1
0
1
0
0
0
0
0
183
0
176
0
0
0
17
6
0
10
3427
0
6
1
1237
0
1
7
2
0
376
0
1
0
0
0
0
0
0
2
0
0
0
0
0
0
8
3
14
330
13
1
0
22
11
16
1
591
0
0
0
0
0
0
0
0
58
45
0
0
1
0
0
0
42
15
1
19
0
9
1
0
43
41
2202
1
2
5
0
2818
12
2
0
0
0
0
0
1
0
1
0
4
0
0
0
0
0
0
0
0
13
0
791
4
5
0
0
2
0
0
11
0
0
0
1
0
0
0
1
0
0
0
1
0
0
0
0
1
0
21
0
0
0
0
3
9
0
4
1
35
1
1
43
603
2
7
0
1
0
460
0
31
0
0
0
3
0
0
6
2
0
0
0
0
1
37
0
0
10
0
2
35
0
0
2
320
42
29
15
0
0
1
0
0
1
2
31
0
0
0
0
0
1
1486
1
18
0
0
0
0
1
15
68
0
0
165
0
2
0
0
0
0
14
1
0
0
0
0
0
1
1
0
0
0
0
0
0
7
1
164
0
0
0
0
3
4
0
302
27
0
1
0
154
0
0
0
0
0
0
6
0
1
0
0
1
0
6590
21
640
10
0
0
10
8
3
10
305
0
1
0
0
0
0
3
9
85
8
0
5
0
0
0
0
0
0
0
0
1
0
0
0
33
52
0
0
0
10
0
0
0
0
11
0
1
1405
0
7
0
0
0
0
0
0
13
1
1
0
0
0
0
4
17
9
0
0
462
0
115
0
0
61
2
0
217
0
0
1
0
1
40
1
0
0
0
0
0
0
0
150
0
0
3
0
0
0
80
0
1
14
0
0
1
19
0
0
1
0
193
0
0
0
0
0
0
0
0
0
20
6
0
0
0
0
0
0
0
34
26
0
1
118
0
2
4
9
78
0
0
0
4901
18
9
12
185
30
2461
0
1
0
52
0
5
4
412
7
204
4
0
1
0
0
0
1
0
0
0
0
1
0
6
17
1
3
0
0
0
2
1
0
0
0
117
0
1
0
0
1
0
0
0
1
121
1
1
0
1
0
0
0
0
2
2
0
1
0
0
1
3
0
7
0
0
0
0
434
1
0
2
205
2
0
0
0
0
0
20
3
0
0
0
75
0
1
447
35
6
0
0
1
0
0
316
1
0
0
0
1
0
0
4
0
0
0
3
0
0
0
0
3
102
152
0
7
0
25
27
0
0
661
0
0
0
0
1
0
0
0
0
2
2
343
0
0
0
1
0
1
0
1001
0
20
2
206
2
24
0
0
1
0
1188
8
0
0
0
0
0
0
0
0
0
0
0
8
0
0
0
4
0
0
3
127
2
0
3
1
13
10
0
405
6
0
34
0
1
5
1
0
67
0
0
0
0
0
0
0
0
4
217
0
0
186
8
886
0
115
0
0
0
681
3
69
0
0
0
0
143
0
0
0
1
0
0
0
0
83
1
0
0
1
0
0
7
0
0
0
0
0
0
4
54
1
0
0
2
0
0
0
307
1
5
0
0
0
0
0
0
0
6
1
0
0
0
0
0
10
4
1
0
17
1
0
0
0
335
0
0
0
4825
14
5
0
0
0
0
0
0
0
64
0
0
0
0
0
1
0
8
6
0
760
0
0
0
7
5
54
345
13
2
2
54
0
0
0
35
13
2433
3
1
0
0
0
0
0
4
0
151
0
5
0
0
391
23
1
0
0
0
0
93
0
76
1
0
0
0
0
0
0
0
0
0
0
142
0
0
0
0
0
0
0
2
74
0
163
5
6
0
2
15
0
178
51
1
0
13
4
0
777
246
0
9
0
2
0
0
0
79
0
0
0
9
0
1
0
17
117
9
0
0
1
0
0
0
852
5
0
1
0
0
110
0
0
0
0
1
0
0
0
0
0
1
1
0
0
15
6
18
3482
0
0
4
14
6179
0
0
2
2
0
0
0
48
113
4
0
85
31
0
448
0
0
9
0
0
0
1
0
0
1
0
0
0
0
77
0
0
0
0
3
52
24
7
7
0
2
0
0
0
0
0
0
0
36
0
0
0
0
0
0
14
0
0
5422
0
1
39
2
4
0
0
0
11
0
67
0
7
24
0
14
1
1
2
2
0
0
0
0
22
0
0
0
1
0
1
0
1994
4
763
0
0
1
13
0
0
1565
99
0
78
6
0
0
0
0
918
0
0
10
0
0
0
0
0
0
183
13
1
0
0
0
309
0
0
5
2
1
5
0
0
11
0
0
2
0
1
0
0
8
0
0
0
0
1716
0
0
0
0
0
2
0
0
0
0
14
0
0
7
44
0
0
13
1
1876
114
0
0
0
6
0
0
0
4
0
0
1
0
0
1
216
1
0
0
264
90
158
0
4866
217
0
65
51
0
2
9
4
1
9
2
0
0
0
0
0
0
0
0
11
21
0
0
0
0
0
0
366
0
128
11
1
0
0
37
15
663
0
77
2
5
0
0
0
0
0
0
1
1
0
1
0
0
1
129
1683
4
0
0
297
0
6
0
1
5
28
7631
63
0
27
8
2
0
48
1270
72
0
0
1
0
0
0
1
43
29
2962
0
0
0
42
1
189
0
7
0
1026
2
0
0
3
3192
439
0
0
2
0
0
0
1
0
0
0
0
0
0
0
0
0
3
1181
0
0
0
0
7985
1
0
19
0
0
0
0
0
1
17
0
0
0
0
3
10
1
5
0
0
4
0
435
0
2093
0
0
0
0
30
2
0
0
0
1
2
1
0
1
225
1
5
0
1
0
0
0
0
0
0
1
0
6
0
1
0
0
0
0
0
8
0
0
0
4
1
2
0
0
2
1
0
0
1
1
0
0
0
0
0
0
5
0
0
0
0
0
0
1
0
0
0
5
11
136
5
0
5
0
0
1
0
0
11
11
0
100
21
0
0
0
0
1
0
274
8
0
1
0
0
0
0
105
0
236
0
0
0
21
0
5
0
2
0
0
18
0
7
0
0
123
13
0
20
4
125
0
0
2
0
0
1
1344
0
0
12
7
23
7
28
202
85
25
76
8
1
0
0
74
3
2
0
0
5
0
1
0
0
0
0
0
0
0
0
0
0
2258
10
0
0
13
0
8662
0
3
1
6329
0
0
0
0
2
0
0
24
0
0
0
9
64
0
0
0
14
0
292
0
0
0
1
0
1
0
4
354
114
3
0
0
8
22
2
0
0
0
0
0
0
1
0
0
0
0
0
0
0
1
0
1307
0
140
0
371
0
0
0
4
2
9
36
0
118
2
0
0
6
231
0
1
2
0
0
0
0
0
173
104
0
0
1
0
0
0
2
0
49
0
0
17
0
257
0
0
115
1
60
2
23
0
0
0
0
0
0
0
0
0
0
0
1
0
2
3681
166
545
0
8
1
0
2
7
196
1
13
1
0
10
3
145
187
0
43
1
54
4732
1
0
0
0
0
0
0
0
10
0
0
0
0
278
1
3
0
5
8016
35
98
0
2
3
0
0
0
86
0
0
0
0
1
0
0
0
0
0
0
0
0
2
390
0
0
5
0
0
0
5
0
0
2
0
203
2
2
0
9
0
34
0
0
1
0
0
0
0
7
2361
1
0
2
2550
0
0
3
1
0
2
0
0
740
0
0
2
0
0
0
0
0
53
191
0
0
0
0
0
0
0
0
0
0
0
1
1
9
0
0
20
0
9
1
16
0
19
83
1
21
8
0
6
9
129
1
0
0
3
0
1
1
0
6
0
0
1
3
0
0
0
2828
5
0
0
1
2
5
0
3
1
81
11
18
0
0
177
2
0
0
0
0
0
0
0
0
0
0
0
0
275
60
2
82
0
36
0
0
0
0
0
2
0
3
0
2
2
2
0
13
2
0
0
0
0
2
0
0
0
0
0
265
0
188
0
2
0
22
0
38
575
21
1
0
5
0
0
24
1
0
14
74
0
0
0
1
0
0
0
0
1
0
0
0
17
1
142
0
0
1
1
157
161
1
53
2
0
0
1
0
2
0
0
10
26
685
1
0
0
0
82
0
0
1
0
7
35
100
0
0
153
0
0
203
2
1
0
27
7
0
4975
6
134
0
0
1
0
0
0
0
4
0
0
6
0
0
0
1
2
0
381
0
0
163
1
0
5
0
4
3
2
0
1
0
23
107
0
158
0
2860
4
0
0
1
0
0
0
0
0
0
0
35
0
0
21
1
137
13
140
293
2
0
7
0
0
2
0
0
0
2
0
0
0
0
0
18
0
0
0
0
0
0
1023
0
0
294
0
0
0
0
1
0
0
0
0
0
0
0
3
0
25
0
0
0
2
2
0
0
36
0
2
44
5
0
0
0
0
0
0
1
57
379
0
0
0
6
0
0
7
0
36
13
0
0
0
0
0
0
0
1
1705
1
1
0
0
0
9987
0
54
0
519
762
0
0
447
2
0
96
22
1
4
8
0
0
0
1
1
1
0
0
0
0
0
0
0
103
9
3
0
2
0
0
0
0
0
0
1
1
0
0
25
360
0
1336
0
1
0
0
0
0
0
1
0
1
0
1
0
0
3
1
7
23
5
54
0
0
58
3
0
820
0
0
0
0
0
5
57
3
0
3
1
0
14
0
5
0
0
0
1
0
0
0
23
2
33
0
22
0
0
1
394
241
1
36
146
0
0
2093
28
5697
0
0
0
0
0
0
1
0
112
0
0
0
0
0
5
57
9
707
0
0
0
0
2
7
5
1
0
0
8
0
0
0
1
1
0
4379
0
0
0
0
0
0
0
0
0
0
8
0
209
0
520
0
20
14
1
1
0
0
0
0
0
0
1
20
0
232
0
0
0
0
0
0
376
1
1
0
0
0
0
250
10
3
57
187
37
0
3
0
153
0
0
2
45
2
31
23
196
14
25
1
0
1
14
177
0
0
117
0
0
0
87
0
2
0
31
0
806
0
0
0
1
31
0
0
9
0
48
0
0
0
0
0
0
0
1
0
3
1
0
0
0
1
81
2
179
0
361
8
1
2
23
0
0
94
1
0
2080
1
1
0
0
4
0
0
78
0
9
0
0
0
0
0
0
24
0
0
0
573
1
888
0
3
188
2
0
1
0
0
0
1312
0
261
0
3
0
0
0
0
0
0
0
0
0
0
0
0
1
116
28
25
0
1216
0
2
5
0
2
4
1934
3
84
0
2
12
1
48
6
203
169
5
0
0
0
0
0
0
0
0
43
0
0
0
0
5185
2930
0
55
0
48
0
2
122
2
3
22
8
35
17
0
0
1
0
0
0
1421
1
0
0
1
0
1
1
44
3
0
6
3
0
101
0
0
11
0
0
0
0
61
3
56
1
26
1
4
0
0
0
0
0
0
102
26
0
28
0
0
2
0
479
7
6
0
44
11
0
4
0
0
3
4
2
445
5
0
0
0
0
1
0
3071
105
0
0
3
1
0
42
13
1
267
0
40
13
0
9
0
15
2
23
350
4
2
6
0
7
10
1
42
0
0
0
0
0
4
0
6
4
5
0
72
0
2
0
7
940
0
0
0
0
0
4
101
117
0
0
4
0
0
0
0
0
16
0
23
0
0
0
0
0
123
2
0
97
0
6
27
0
0
0
2
1
0
0
2
0
0
0
0
0
0
0
0
1
1
0
0
0
0
0
1
0
3
0
5
0
0
0
2
3
0
71
0
0
0
0
0
212
5
236
87
82
0
0
0
0
1
0
2
0
0
0
1
0
33
0
2
18
0
31
0
658
0
0
0
0
87
1
4
0
61
0
0
30
23
0
558
0
0
0
0
0
0
0
1746
2
203
0
0
0
0
0
13
11
81
0
0
0
0
876
4939
15
0
0
213
0
0
0
0
0
0
0
60
0
0
1
0
0
0
0
2
0
0
45
0
262
21
8
3
0
3
0
8
5167
0
66
6
0
0
0
0
0
0
0
0
160
2
1
2
0
0
0
0
0
0
1807
6
34
1
3796
0
1
1
2
0
16
49
137
14
233
0
0
0
0
1
0
0
2
0
0
0
0
0
3
112
6
66
1
3
70
2
3082
8
48
0
0
4
1
0
6
0
1
6
0
18
0
5
1
0
1
2
7
0
0
0
0
0
0
1
3
0
0
0
775
57
0
1542
24
0
0
128
4
14
9
0
0
0
0
51
0
0
1
1
0
1
0
0
4
1
29
0
17
3
0
0
1
2
0
3
1
2
8
0
226
0
1
0
0
0
10
0
0
0
9
0
0
0
0
0
0
0
0
3
3
4
0
0
3
1
0
1
0
0
1
0
375
86
0
0
0
0
0
1
0
1
0
0
1
0
0
0
0
0
5
0
6
0
0
218
0
14
1
59
0
1
3
0
0
1
4
1
7
0
0
0
0
0
0
10
22
0
15
5
70
0
187
6
1
5
0
56
0
16
1
1
0
0
0
229
0
652
164
0
0
0
0
0
0
203
0
0
1
0
0
4
6
41
0
74
0
2
0
0
5
0
0
0
10
0
1
78
60
0
0
0
11
18
233
0
0
11
0
0
0
0
3
0
24
0
593
6
0
2
0
754
7
11
2
16
0
3
3
0
0
14
27
1
0
0
0
1
0
5415
8
0
0
1
0
5
0
0
5
0
0
0
0
4
1
1
3
225
0
0
2
1
0
2
1
10
11
0
0
0
0
0
0
13
0
1
0
0
0
0
19
0
2
0
2
0
131
352
0
1
412
0
26
2
13
0
0
0
0
0
0
0
0
3
0
0
1
0
0
1
87
29
18080
0
22
2
1
0
0
14
365
0
0
0
18
1
0
0
1
0
0
0
0
12
0
792
266
103
0
0
10
0
0
0
0
65
121
3
0
0
0
2
454
4
9
1
1
0
58
0
0
0
0
0
0
0
0
0
0
0
0
0
2
2
0
0
953
324
4
0
0
20
15
414
83
0
37
2
0
0
82
5
0
0
2
35
0
0
0
0
1
65
209
0
0
0
0
0
0
0
0
12
0
0
3
2
1
125
2
0
971
29
0
706
0
0
0
0
0
0
0
4023
0
0
0
0
0
0
135
0
48
0
239
0
0
40
3
3
9
0
0
0
9
2
0
0
159
1
1
0
1
0
0
0
171
84
0
0
1
0
0
0
0
42
18
0
237
0
0
2
0
0
0
1635
0
13
0
0
14
0
0
0
0
0
0
273
0
0
0
0
0
1
0
10
1
1382
427
1
1
9
1574
145
0
0
27
87
2
2
0
0
0
0
0
936
0
0
0
28
0
0
0
682
0
58
0
1
0
0
0
1
12
8
0
1
0
0
1
0
172
3
0
0
0
1
32
0
0
0
0
34
0
0
0
0
0
0
9
0
142
0
1
1
2
0
0
0
0
3
0
0
95
2
0
0
0
0
0
1
0
0
0
0
0
0
5
19
0
0
0
3
0
156
58
2
0
250
40
0
0
13
1
0
55
0
0
27
0
0
2
0
0
0
0
6
0
1
0
0
0
0
10
0
40
0
1
0
0
0
1150
0
0
0
0
1
5
0
0
0
2
0
1
0
0
1366
0
0
0
0
27
5
0
3
0
0
0
15
1
1
0
0
44
28
5
0
0
0
2
2
0
0
0
0
2
0
0
0
0
10
0
0
0
0
1
0
13
5
2
5
0
0
66
2
37
13
115
0
18
23
0
30
80
12
2
0
0
43
0
1251
0
0
1
0
29
117
0
0
0
0
0
1
1
6
1
0
9
0
0
676
0
3090
0
0
1
0
4160
0
283
0
0
0
0
48
1
0
0
0
1
0
13
0
102
7086
3
0
0
34
2
1455
0
0
5
2301
71
0
1
3
0
0
0
2
0
0
0
0
0
0
0
3
6
0
0
1309
0
0
0
0
0
95
0
0
0
0
2
75
0
1060
0
0
0
0
172
0
0
0
0
0
0
1
3
3
0
0
316
28
6
1
761
35
0
0
4
3
0
109
2
4
0
0
0
6
248
42
0
0
2
2
5
0
0
0
0
33
1
9
0
0
133
122
1
6
0
0
0
0
0
0
0
386
50
1
0
898
1
0
942
0
0
0
0
0
0
0
0
0
1
0
9
257
0
4
54
0
52
41
988
0
0
0
461
3
0
0
0
0
0
1
7
420
0
14
0
0
0
0
2
693
1
0
0
0
0
0
0
354
0
0
1
515
1
0
0
52
114
8
0
0
16
0
0
0
0
0
0
0
1
0
0
0
0
0
2
106
21
0
0
1
0
0
0
0
0
5
0
338
0
1953
11
11
0
0
0
3
0
433
46
0
0
1
0
0
0
0
0
0
361
0
0
0
1
96
1
0
2
1
0
3
1158
0
0
0
0
0
3
0
0
0
510
933
0
1
0
0
0
0
130
0
3
0
9
0
8
1040
4
47
4
277
0
1
0
7
0
0
1
0
81
15
0
0
1
0
0
2
0
0
0
1706
0
0
119
3
0
362
0
1
367
4
2
14
11
10
750
244
25
0
0
0
0
0
0
0
0
0
0
0
0
0
1
4
0
0
0
0
0
0
0
0
7
10
233
1
22
21
2369
475
11
2
0
0
7
0
1
872
1
0
0
0
0
0
0
60
0
0
0
0
0
14582
1
0
0
1
0
307
25
0
0
1
0
0
0
0
8
0
1
0
0
0
1
0
0
0
0
0
0
1
0
2
0
0
4
1
0
0
8
52
14
1
5
0
0
0
0
1387
0
0
0
2
0
0
1
67
6
0
0
2
176
0
0
0
61
31
6
0
337
0
292
0
0
0
1
0
0
1
1
0
0
0
0
0
0
0
0
0
0
1
0
0
0
0
0
17
6
0
1
0
31
0
0
0
4
0
0
0
0
0
0
1
0
0
44
0
0
0
0
0
1001
0
0
1
90
0
0
0
0
15
4
9
1
2
0
0
0
0
1
0
424
7
25
0
2
0
0
0
0
198
0
0
0
3
1
0
0
0
0
2
0
0
4
0
0
0
17
0
0
0
0
0
0
57
0
62
2
0
0
3
0
0
0
0
79
0
47
2
1
0
0
0
0
0
22
0
148
369
5200
33
3
0
0
1246
0
0
0
0
0
0
0
0
0
1
1
0
1
0
0
0
14
0
28
0
0
10
0
0
0
163
0
5
10
188
4
3
1
504
0
2
0
0
0
0
0
0
0
33
693
480
0
5303
6
0
0
1
0
0
0
16
0
0
41
1
27
0
1
512
0
0
0
0
0
0
0
0
0
2
1
0
0
0
0
1
44
93
145
0
24
1534
21
59
1
0
176
378
4
0
2
0
23
0
0
0
0
22
1
16
0
0
0
0
72
148
3
1
0
0
0
14
0
2
1
0
11
36
396
16
118
4
47
0
0
0
0
0
0
0
0
0
0
1
86
0
0
1
0
0
857
1
0
0
807
0
0
273
31
1
0
45
375
0
179
0
0
0
0
0
3
21
0
0
0
80
0
6
4
55
449
4
0
0
0
24
0
20
132
0
11
0
0
0
93
0
9
0
0
1839
0
1
1
52
0
0
1
0
4
0
1
0
0
0
19
5
3
0
0
0
59
47
0
0
0
15
576
0
0
3
0
2
635
0
2
0
0
295
0
0
7
0
17
0
39
0
0
0
0
0
134
0
1
6
5
47
0
0
0
0
1
19944
1277
41
0
0
0
1849
0
0
4
0
0
0
0
0
0
0
0
11
0
14
0
230
1
2
10
19
9
25
1
18
0
13
1
191
0
3
52
4
0
0
0
8
0
5
115
0
5
25
0
0
0
0
0
1
0
3
1
9
0
0
6
0
17
0
8
0
7
1
0
13
0
0
8
0
7
2
0
1
0
0
0
39
55
82
62
1
0
52
0
5
5
0
67
6
9
0
1
0
0
1244
5
0
0
0
0
0
0
0
1
0
24
300
0
0
0
18
26
0
0
1
2
0
0
1
1011
17
2
187
131
0
101
0
0
40
0
0
0
0
0
0
1
0
0
2
1
0
0
0
0
15
0
9
197
0
0
4
0
0
0
0
0
0
0
0
0
16
0
1
0
0
0
20
1756
0
12
65
0
0
61
8
0
0
0
1
0
1
1
2
1194
0
3
4
0
0
1
0
0
6
0
0
0
0
0
0
0
0
0
3213
0
0
456
0
42
31
0
2
0
38
0
0
1
0
0
2
1
0
0
8
2
5
0
53
0
0
0
0
1
1
0
33
0
0
5
2
0
61
2633
13
0
0
0
3
2
0
34
5
0
0
0
1
0
1769
0
0
0
0
1
0
0
1
12
0
730
0
0
0
364
2455
0
3
0
79
1
47
220
0
0
0
0
16
0
2
0
5
0
0
0
48
0
20
20
0
0
0
0
0
0
4
0
0
1
0
32
0
0
0
66
0
1
1036
581
3
0
129
0
2
0
2
0
0
0
0
0
0
0
149
0
4
4
0
7
0
0
16
2
2
215
0
3
2
3
5
0
228
0
0
154
0
0
111
4
140
0
0
700
0
8
0
0
2
0
0
2
0
0
2
0
0
0
0
1
1
68
0
0
81
0
1
0
5
0
0
0
0
0
0
0
0
0
0
0
3
0
0
0
0
1
95
0
0
0
0
0
7
0
0
1
4
13
1
0
6
0
0
77
9
0
19
2172
0
0
0
0
6
0
0
0
0
16
59
0
0
1
1
12
0
0
10
0
20
1
0
3
0
0
0
0
17126
9
0
0
0
0
0
0
1
0
2
1
0
0
1
0
5
0
0
0
207
2
7
0
570
0
3
9
5
1
0
0
15
1
2
0
69
0
0
0
0
0
0
0
33
0
0
8
0
2
4
0
1
1
0
2285
34
434
1
0
1
0
0
1
21
0
0
0
0
0
6
0
3
145
17
1
7
0
0
0
439
0
53
514
18
0
4
68
0
4
0
0
251
0
0
234
40
0
0
3
0
0
1
0
0
3
0
1
68
0
2
0
1
0
4
116
2
0
35
97
104
1201
0
0
0
0
0
0
1841
0
1
0
0
1
0
0
1
76
0
1
0
0
18
94
0
1
1
0
11
0
0
140
0
0
0
0
0
49
1
0
0
0
0
53
2
29
117
0
0
8
0
1
0
3
0
2756
0
0
0
0
2
0
0
0
2
867
0
2
0
0
0
0
514
0
0
1
0
6
36
603
51
0
0
0
163
1
1637
2
0
0
65
1
0
0
29
0
28
3
1
1
0
0
0
0
0
0
0
0
1121
11
0
0
0
1
0
2
0
89
13
3
59
0
0
1
0
0
1
0
0
0
0
0
0
0
0
532
0
0
0
0
0
0
2914
515
5
123
0
0
1
0
0
9
22
6
111
25
0
8
44
116
11
54
8
529
1
0
0
0
0
0
0
2
85
3
13
0
0
4
0
0
0
0
6
0
3
0
4
0
17
1
138
0
5
2
0
1
0
0
0
0
0
0
1
0
0
1
5
0
13
0
0
0
4
466
0
0
7
23
0
19
3
1
6
1
27
0
1
4
4
0
6
0
0
0
0
1826
0
181
1
0
0
1
0
0
0
0
1
1
2
0
0
0
0
1
0
7
7
338
0
68
1
0
0
1
4
0
0
0
0
0
2
0
34
19
0
0
0
1
0
0
2
3
2346
0
299
10
0
0
0
0
1
876
0
0
0
0
1
0
1
450
1600
111
1
0
0
5
363
0
85
139
1
549
0
1
0
1
109
27
0
98
0
325
0
0
0
0
0
68
0
0
0
0
0
0
0
2
0
29
2
0
636
0
30
0
5
59
0
2
0
0
0
0
0
20
6
7
40
0
0
0
0
0
0
3
1
2
0
0
0
173
47
0
1533
0
9
0
0
0
0
3799
110
11
89
1
0
0
0
1
0
0
0
0
0
7
1
0
0
1
1
5
6
2
34
1
2
0
141
2
335
353
0
3164
3952
0
3
0
457
106
307
27
0
0
51
0
0
0
0
103
0
267
2
1
0
2
3
145
10
0
0
0
0
0
0
1
749
7
15
0
2
0
0
18
0
0
0
1
0
0
0
0
0
0
0
5
0
28
0
1
8
0
149
3
2
119
46
42
2
30
51
17
2
1
0
0
1
0
0
0
0
0
1
0
0
0
111
0
0
0
185
0
1
6
13
0
7
0
4
4
0
0
29
22
2017
6
0
0
0
0
0
42
5
1
0
0
1
0
0
0
0
0
0
2
0
5
0
4
3
0
8
12
122
77
124
1
6
4
0
0
1
0
161
0
0
0
1
14
0
56
0
43
0
6
0
0
0
0
29
0
0
2
0
0
0
0
0
1
0
757
0
1
0
0
0
4
0
0
0
0
0
1
1
176
10
1
0
0
0
0
0
26
4
1
7
1
0
0
14
0
0
1374
0
1
0
0
0
0
0
0
0
3
1
139
5
10
0
6126
1
294
0
0
0
0
0
0
11
0
0
12
1
2
0
2
0
59
0
0
0
0
1
0
0
1
1
0
0
0
0
0
0
7
0
0
23
0
9
0
0
0
1
1
1
0
1
15
684
8
14
1
0
0
2
0
502
0
0
3
0
0
13
5
5
7
5
0
175
0
279
227
0
4
0
176
0
3
3
4
0
0
0
0
0
1
12
1
0
0
0
0
0
0
0
2
0
0
3
0
76
68
1
0
4
119
0
0
14
226
1
1
0
3
9
0
0
0
0
0
2008
225
1887
225
5104
163
20208
34
6161
3566
6
0
19689
1754
4563
5503
6746
32679
12327
87
21562
5868
606
163
26757
7058
169
390
38204
11547
18424
994
0
2226
14345
77
3983
5104
2485
0
0
87
2938
6
47
320
10702
15747
60
31
40
31
6
21
4
40
1
433
421
1940
10345
27
0
0
581
7
3
29059
3858
1
182
14556
5691
11
339
142
0
879
5
35
1558
713
16
19
5121
15634
1662
1940
992
2111
788
36
6
12852
1831
0
4
394
183
394
10392
0
738
0
51
58
0
685
0
443
585
179
51
2
36
2635
1
6
1417
3
27
8
179
123
168
2653
6702
0
1
206
3672
28401
59
79
339
4420
5906
1980
52
2110
40
5
23
12
207
1
85
1
416
4
212
28395
34
0
2082
32
129
121
2927
434
174
65
12
8
48
1
17
23
49
3295
1
9
6
473
0
279
22
1234
8
9291
298
3710
1023
2
42
3
2
0
2
373
71
4
0
8
1
8
107
11846
0
61
3017
77
0
2421
6487
0
1262
0
0
15
82
88
1299
1
0
5
49
4
97
94
3
528
9000
1
0
5233
2
0
89
1459
0
7
7
552
20
17
10
1439
27
11
36
4619
3
4619
738
1
22
2
15900
10353
0
4
20
1858
12155
11
3
6
5
17
49
24950
1
31
0
2247
105
44
52
98
2
3150
1282
0
19
3
0
2
0
2597
865
1
10304
1
3
0
0
4
15050
6
4
6
606
1
1923
0
17
0
0
25
2548
2
8
0
6
64
0
1
2202
0
65
0
0
20
0
17
2290
9638
24
1
201
19
19
2
0
27
4
8
58
2
1
0
34
13
20
1
0
3
12
3
711
5
5
0
16
12182
0
0
3
0
47
24
1
0
0
50
7
0
66
4714
0
3205
12439
18
0
302
0
3
17
9
12030
5
122
2
127
171
7
0
97
2
78
45
7
160
813
0
138
0
1
75
42
0
148
169
178
668
0
130
217
0
5
0
0
1
0
8
0
49
1
0
45
27892
991
139
20
494
4247
1247
1
0
27225
0
0
0
1971
0
835
88
13
1
11
8
149
0
2635
0
0
0
0
0
44
2
0
9
0
4
33
2
0
1039
0
0
518
0
0
0
6199
2
0
18
1065
0
70
1
170
3
406
27
1423
0
0
0
1
715
27
2
1317
6452
0
0
0
58
0
58
8
59
1
5
263
5
785
0
1
1163
286
0
0
17546
8
0
2007
1338
0
0
2096
1
0
3
381
0
72
1786
680
95
3
71
0
31
8
640
373
1252
0
289
249
14
17
527
26
1028
594
862
18144
156
228
20881
223
0
1
1407
37
0
311
14
19
569
113
2716
3
0
2
0
1
2
0
6
2
22
10
69
53
1
1
480
95
30
0
374
3
2
0
29
5
36
1
34
1421
10
1
2
0
0
8475
0
74
1
556
29
29
67
0
0
0
0
851
4177
0
52
278
2
11
9
0
18023
7
0
0
2
0
3
92
19
5
1
0
0
4
342
0
0
0
186
1
0
9
436
2
9
77
34
4
233
1
0
14
4
0
7
0
35
1786
0
795
2
196
6
0
239
0
1
30
2
1
9
2
0
1117
24
0
11
0
41
0
23
35
167
0
0
23
3
18
0
91
0
1
4
147
100
1
125
7
42
0
0
0
0
1427
2
0
9
1
3
675
9
0
5
1
194
70
0
100
0
1
0
0
7
217
2
2434
16
491
1
0
4
0
0
303
399
0
0
0
191
81
34
0
1
6
0
6
0
7434
8
0
0
0
0
0
0
0
5
1
0
52
982
52
867
80
882
0
4
1794
49
3
831
231
0
11
0
33
28
29
0
12
16
1896
0
8
0
1
2
1
237
13
8
16
17
1
256
0
8
0
83
22
2
0
6
62
5
4
0
0
6
2532
3
0
1254
0
133
6
10378
8
18
1338
0
0
14
292
0
125
116
0
6
22
0
147
595
91
8
0
100
328
0
336
995
0
1139
0
0
0
16
2095
0
1132
0
10
227
0
0
6
2
1
0
617
0
1
105
0
581
2
1
0
1
0
0
1
0
1
0
0
0
121
159
681
2
79
2179
67
983
7
0
3528
5
28
0
6
5
0
0
0
0
645
2671
0
1
2
34
0
2
18
24
472
0
0
9
1
11
1387
0
0
0
28
372
49
426
543
1606
39
3
8
5
303
0
3
0
413
0
1
22
161
10
27
28
652
13
353
4
0
0
68
379
95
0
628
967
2
81
0
8
0
0
14
10
97
87
743
13568
0
1
81
1
0
115
0
0
118
2
0
1
0
28
716
3
5750
0
0
0
2
0
68
0
1011
0
0
556
0
43
173
0
2
218
750
7
1
0
0
1
0
4
65
1
3
296
1
9
398
0
2
7
44
0
68
20
32
1
0
7
11
9
0
0
3
4
0
0
2
0
2
828
8
6
1800
1
0
59
15
0
0
105
2084
92
12
0
3437
0
3635
39
82
53
632
16
0
38
0
491
0
1804
1
1
0
1
0
3
0
0
413
18
548
0
157
2
17
1
1
21
0
130
10
42
25
0
27
0
22
0
5
0
23
473
0
3
1823
45
3
19559
0
0
12
1
0
216
66
1
118
1
2
1
2
0
9
5
2671
1
0
0
0
0
1401
2
618
96
124
350
929
83
12
1
4
0
274
0
0
58
5
65
1
0
38
0
586
3
1
4
134
0
3
5
13
14595
0
127
1045
41
80
37
1475
28
16
2
16
4
0
445
1
0
13
186
5
34
0
21
0
20833
924
0
12
19
0
0
0
0
81
34
21
28
0
1
0
0
0
0
0
0
853
1
685
1
0
29
0
1
5835
2577
26
1
0
0
21
22
41
0
1
0
0
1
1
20
1
3
0
3
3
303
0
7
0
7
0
2
0
12
1
0
32
46
1742
23
0
99
22
1
0
0
0
142
58
0
61
44
742
3
1926
40
7925
1717
4
3
1
14
0
0
0
1
3
317
64
80
0
3140
681
20
0
49
33
892
41
2
9
180
68
60
2
2
233
42
22
7
0
0
0
3
4
1
0
381
0
1
17
0
0
309
0
1
0
0
10789
197
0
0
92
72
0
7646
899
2
549
0
0
0
0
0
0
1
3
0
0
277
666
55
0
1
0
6
64
0
1
10
35
0
1
0
0
4114
21
0
0
0
171
0
1
4
4
2
479
0
0
0
0
684
0
207
4151
1
1487
1
70
6
28
0
0
0
0
0
1596
1
6
1959
0
1174
1291
0
1
913
529
0
329
1322
27
1
3
8
1353
1
0
132
0
0
499
9
2
1
2687
3
0
0
0
4208
0
0
4
26
3
0
7
1
0
12
7637
0
0
69
2
6
89
116
0
0
0
1072
0
274
0
356
19
28
1
2
43
0
6
1270
0
209
1
2
4
6
1
14
0
6
0
66
0
3
0
2
1617
0
1709
30
0
0
0
2
24
2
1
187
0
62
0
2
0
3861
387
3
4822
32
29
4
128
1
18
1
0
30
0
0
70
0
1710
187
0
62
0
8
14
855
0
1
2
20
0
91
20
0
2
3
0
0
0
0
233
25
141
20
0
1
22
5
3
1
0
18
3
0
452
0
2
3
1
1
57
1075
11
8
0
2097
90
1
3
7
0
32
1
4
0
6
11
70
1
11
0
0
17381
3470
0
59
0
0
2
0
0
0
54
7
0
0
33
245
5
12
1
0
4810
0
245
0
0
185
17
51
3849
2
3471
8
0
6
3
3
2
0
1493
5
0
2
1
2
0
1
10
0
0
11
0
7
0
0
0
0
0
2
63
2
5450
0
0
0
0
0
0
1
934
24
93
5
6
0
0
0
5
0
0
1
1198
0
485
0
34
0
0
26
0
1
0
0
0
0
25
0
622
1
38
0
0
16
0
0
0
44
1450
0
238
19
0
18
4
0
4
75
19
11083
3
8
1
0
1252
2
178
0
1793
14
0
0
1682
44
1
335
21
23
0
345
0
0
0
0
0
0
0
1
5
489
12
1
226
0
23
10
57
1
0
40
0
0
189
0
0
0
19
59
1115
3
5
1
2
11
2
1
2
0
121
1
4
27
1
17
0
2
0
178
0
20
0
1
0
0
439
0
0
1
0
2
14
1
21
0
60
0
32
44
0
35
42
1905
438
0
1
58
9
12
0
235
808
77
56
0
44
2
1
0
1
1
2413
0
3
6
15
19
0
1
0
240
0
0
0
4
82
2
0
0
0
1
0
0
7
0
1
0
0
0
0
12
1
0
1
3
4
2
1
2
0
968
1
52
643
0
0
125
7
12
0
887
1
0
1
5525
0
0
117
1260
1
0
1
2
0
1
0
9
0
1
0
0
7
1733
0
0
1080
90
0
369
1
272
1
1
1
0
173
9
104
8
1058
0
0
48
12617
19
0
3
1
310
9
3
9
298
0
0
8
1583
767
0
3
3888
0
0
0
0
0
350
1
0
1301
0
3
0
1
1401
1
101
0
0
1
1
2
0
2
2
39
1
0
0
0
29
16
17
63
0
3
228
1
9649
3
7
0
0
666
2
0
0
1848
117
0
2
0
931
18
0
0
64
0
0
126
0
0
0
0
137
0
0
0
2
1914
2
1
7
1
1
0
7
6
0
1997
1
0
8
0
956
0
24
1
1
0
0
1
12126
0
142
0
0
0
2
0
14
0
5584
0
0
716
0
0
0
0
6
207
14
0
1440
0
876
1
0
0
289
0
23
1
1
12
3
22
0
0
0
48
2
4295
0
459
1
0
0
1
1
0
0
1
2
173
2
15
0
0
11
0
0
0
0
0
0
0
1
1
30197
0
5
5
554
46
4
12
33
0
4
0
0
1
1
4
0
736
144
0
3
238
0
44
248
0
1
0
0
0
1
940
22
3
1
0
0
0
38
0
0
12
0
126
0
13
2
61
0
961
729
0
9
23
2
104
0
574
0
0
992
0
1
1
1
0
1
0
1
23
0
714
0
1
11490
0
32
0
7
83
2
0
6
0
0
29
0
153
200
0
0
3
0
0
76
0
0
84
0
2
0
1
0
2
11
1
1
0
27
23
15
22
13
3
20
3
0
0
0
0
1
9264
0
0
173
0
4
158
3
0
0
41
5
9
0
24
2
2
20
1
82
0
3
4
2
0
21
6
12
8
1453
0
55
0
477
1301
0
14
0
176
110
17300
0
0
55
8
0
0
35
0
2
0
0
0
335
0
0
1603
0
25
1
0
0
0
0
4
44
263
1
0
0
1376
0
93
0
1915
6
0
2
3
5
2
0
20
84
0
7
0
3
4490
2
34
405
0
27
2
766
271
0
0
0
0
0
110
0
0
2
0
1
0
0
145
5
0
0
31
2
0
1
0
0
1
0
0
4
39
527
1
0
1
6
138
0
211
40
2
5
58
65
4
1
1
0
1
3832
362
0
0
3
0
1
12
0
7
26
0
0
0
11
1
0
1
0
7
2
1
240
1
3
0
0
0
53
0
2416
0
22
53
0
0
0
5
0
0
0
0
0
29
0
0
0
1
4
0
0
0
1
0
0
3
0
0
0
0
69
0
0
501
179
5
0
0
0
1
0
287
63
1397
2
15
4
1
2
2647
0
0
6
346
0
0
0
1
0
108
0
94
0
12
0
258
8048
2
0
0
3515
0
0
0
7
148
0
9
0
47
0
46
29
1
0
60
2
0
0
1
0
16
0
1
281
0
1
283
1
4
11
91
3
0
1
5440
2
0
6147
0
173
2
0
0
247
777
0
0
0
312
0
16
0
0
0
0
2111
0
0
7
45
0
0
309
953
2
3
47
284
0
0
0
45
2
0
5
0
19403
0
8
0
61
0
469
2
2
340
1
41
71
0
1
0
8
0
0
24
5
0
2
1290
3
0
135
0
11
0
0
0
6
15
52
0
0
0
0
0
3
0
0
0
88
199
1
729
4118
0
3
720
0
0
7779
1
0
0
0
0
3
2
212
0
6
0
0
0
3
0
2
1
0
0
11
0
19
2
0
0
0
186
109
2
151
0
1
849
2
0
1
1
48
0
59
5
2
1
0
182
23
0
0
0
87
2
0
29
2
0
557
16
0
0
0
0
28
0
0
293
0
1
24
0
0
0
0
4
0
2044
4
0
2206
109
48
0
1
5
2
0
0
393
7
2
2
0
0
3
75
6
34
0
0
2969
7
0
0
2
1912
32
0
0
3
0
1
0
13
47
0
85
4
0
0
0
0
0
1
3
64
0
8
1
0
59
95
3
9
28
425
0
118
0
0
24
0
0
276
6
9
0
0
2
0
0
10
19
15
0
3
359
0
37
1
0
3
5
0
0
0
2
20
0
0
0
5
2
111
0
0
0
0
4
0
245
0
234
4
1
135
423
1
0
0
28
6
0
71
0
8
15
106
34
0
0
15
0
4
5
5
9
91
0
0
2
0
17
0
0
0
0
0
17
0
1
1408
0
0
0
100
316
1
0
157
1
192
203
11
0
0
0
4
5
0
0
338
3
1
118
76
84
8
4
628
1
12
759
3
0
0
0
0
1
0
6
0
0
7
0
0
0
2
48
4
0
0
0
0
0
5461
0
1
17
1
686
477
149
383
23
11
41
45
0
0
0
0
1
1
1
4061
0
0
0
101
0
6
0
0
0
0
7
0
45
50
0
30
1
0
21
0
0
0
0
0
43
2
1
5
0
0
5
450
0
174
137
20
2847
36
5
0
0
2
645
0
3023
178
0
0
6
0
1
2
0
9
0
0
0
0
0
0
0
0
146
3
0
0
0
6
41
1
0
0
2
7
13
1
0
12
323
10
0
1
15
94
155
82
19
0
1558
191
0
56
2
3
0
554
2
16
146
1
1009
0
2
0
122
0
2634
125
0
0
0
1
0
0
0
0
0
0
0
4
0
1
6
27
0
0
34
0
0
12
0
177
0
1
0
0
200
3
16
0
0
0
0
73
69
1
0
226
0
1
11957
0
1
0
2
2
0
1
0
1
0
0
49
0
0
0
5055
0
0
7
35
2
0
0
2
125
0
14
2
9
19
10524
22
126
3
66
1
58
5
146
14
27
0
0
0
0
0
1220
8
0
6
0
0
358
1
0
0
0
0
1
0
20
0
1
0
0
0
0
0
14
339
8
14
1
1
19
0
1
2
17
0
0
0
0
0
0
123
0
21
0
13
0
0
0
0
0
1040
0
1
0
0
220
1
0
4
40
0
0
3
0
29
14
0
0
55
0
0
1
0
8
10
3
0
27
0
9
4
2
2066
0
0
0
0
454
0
0
0
0
46
1
0
0
0
1
2
0
1
1
0
520
0
0
0
129
251
0
1278
3
0
0
5
0
3
918
2
15
2
0
0
1
1
0
7
4
0
1
3
2
0
0
0
0
7
4
1
1
1864
0
0
0
0
229
1
0
5
0
2
0
0
6
0
0
0
0
1
164
1881
370
70
1
0
0
2969
1
32
0
0
1
1
6
0
0
73
91
6
0
6
1
22
0
14
0
2
0
5684
1
0
0
0
0
26
0
407
0
0
0
1
0
1
1
29
0
64
225
0
545
18
1
0
16
0
3689
0
1
5
1
85
3
0
1023
2
12
6
4
3
1
1
10
4
92
2
0
6067
105
0
1
0
1
0
0
0
0
3
0
0
33
2
645
0
0
1
1
0
9
0
0
0
3750
90
1118
0
2
3
0
1317
1
3
1110
10
5
296
0
0
0
126
0
197
0
0
3
6333
0
0
0
0
633
0
24
2
0
4951
395
0
11
0
65
1
0
69
5
0
0
0
18
0
369
0
88
0
1914
0
1
3
3
1
1
4
6
5540
5251
0
1
11
0
3
0
0
0
6587
0
0
0
0
3
0
0
0
0
2
1209
1
10
13
156
0
0
0
2
9
82
0
0
13
1
1
2
2
177
0
0
36
4
54
69
0
1
15
3
28
157
0
2
0
37
0
0
6778
0
0
0
0
0
0
660
0
0
0
0
70
5
0
1
0
0
0
408
0
1672
0
207
0
2
567
0
23
0
1
10
1
69
118
742
8
2
2
28
1
0
10
3
4
3
0
0
6923
0
0
0
0
6
0
0
0
0
0
0
0
6
811
0
0
0
0
26
48
706
0
446
0
0
0
3
13
0
197
351
0
0
2880
116
1
63
1127
32
25
0
10
0
3
0
80
5
7049
0
10
0
12
157
1
6
355
0
1
0
28
1
99
0
0
0
0
0
140
2
0
0
0
0
0
2
1257
5
1
0
26
60
13
0
0
807
1
0
0
0
641
0
248
7972
4
0
7142
0
10
177
0
0
0
0
0
0
0
41
12
3
756
17
0
0
0
614
0
0
0
0
0
0
1762
412
0
46
5
0
125
0
437
2
0
0
38
62
0
0
1
11
2
46
0
404
7228
0
0
1
95
3
0
0
1
0
1
348
7
1
0
1024
95
7
14
3
1
0
0
0
1430
0
17
3290
1
0
28
0
13677
9
1
1
0
3
113
41
0
0
0
209
3
1
0
75
7271
0
12
260
1
0
0
1
25
0
1530
14993
5
0
0
1
0
0
62
0
9
836
0
0
1
0
0
16
0
0
245
0
36
3698
1
0
38
320
0
0
0
0
732
27
180
0
15
20
7317
0
0
0
230
0
0
0
651
116
0
2
7
0
0
4
992
0
0
8
1
2191
1
1
0
1
0
4
0
141
395
1
1
3
70
1
1
0
1
35
0
0
3449
20
8
2863
18
20
7356
0
1
0
0
0
0
0
2907
1049
0
8
1
0
0
0
1
0
0
0
1
11
200
0
0
0
0
395
0
0
2
0
5
213
1
1
2
1682
2
1
1
0
3913
179
220
3
1
0
7391
0
1
0
0
26
21
0
6
0
1
0
3
32
1
6
0
1
3
0
0
11480
0
0
75
0
0
442
0
0
0
553
3
0
650
1
3
11
0
1633
26
0
95
18
0
0
5
0
7407
5
0
0
0
2
0
0
9090
1
0
0
0
0
0
5
0
69
2
1
1
950
0
0
0
1
0
1252
20
151
0
837
0
2
0
124
0
135
136
0
0
3
153
0
6
16
0
2
7427
58
0
0
0
14
497
0
2
6
0
0
0
0
0
0
0
0
0
100
0
1
0
0
1
0
0
3
379
1
21
1
110
0
0
0
0
3
0
0
0
1
25
0
2373
21
4
0
7446
0
0
0
0
0
1
0
0
0
83
0
0
9
1
18
0
0
2
0
0
71
2
6
0
2
893
85
6
24
5
7187
1
746
563
1
332
3
1
0
0
0
141
2
0
0
20
3
7470
9
0
0
0
0
65
0
4
0
0
0
1
121
2
0
0
0
1
0
0
724
747
0
0
14
164
0
271
79
9
0
7
26
0
1896
0
0
0
15
0
1
1
1
48
0
22
0
7479
3
0
0
0
57
0
0
1
3
0
0
146
745
0
883
1
0
64
1
4
0
0
0
1
0
1
122
0
2
1
3
4
39
1
12
0
20
14
11
0
44
76
1
6
1
40
76
7498
0
0
0
0
0
0
0
0
61
1
2
8
45
114
2447
0
222
1
0
7
200
1
0
0
0
0
0
0
0
1
372
7
2
5
1
2
2
1
64
0
19
0
404
23
123
0
0
7509
1
0
0
0
0
0
0
33
8
0
379
254
0
0
1
0
0
66
0
0
2
1
0
238
95
0
355
0
584
1
3
2
1
28
889
0
3
0
0
12
0
47
1
0
821
13
0
7523
0
0
0
0
0
0
0
999
169
7264
0
1
0
0
9
0
6
0
315
0
203
0
0
5
30
131
742
0
2
2
0
9
6
2
3
1
1483
9
156
0
7
0
8
1
8
0
128
7525
0
0
0
0
0
0
0
3
6
1
0
201
0
35
38
2
0
56
3
0
43
0
1
12
1
3
67
0
0
0
0
0
158
0
0
204
755
0
0
0
0
0
0
0
2784
1
0
7549
0
0
0
0
84
0
52
16
378
0
0
1
26
0
717
0
3845
914
1
0
30
0
0
195
0
479
4
0
0
0
26
0
0
0
0
0
0
6
0
0
0
507
1
3
4
1
0
7552
0
0
0
0
19
0
1
0
68
0
7
20
0
7
0
5
0
0
1
0
7
0
0
2
3
39
0
44
0
0
10097
12
8
0
0
14
0
0
6
1
0
20
269
1
0
0
4
7560
0
0
28
0
220
0
4
3
0
1
0
99
3
0
0
17
14
0
6
0
15
3
0
0
90
1
23
0
3
2
189
0
18
2
0
0
2
1
0
0
0
1
0
3
6
1
1
7561
0
8
1
56
3203
0
0
43
5
1
0
1
82
5
0
1
0
4
9
0
0
0
0
1
0
0
0
2360
0
0
6
42
12
11
0
44
379
0
157
0
0
1
4
0
0
3
2
7562
0
0
3
2
6
0
1
1
9
8
7769
88
57
0
49
358
0
0
0
0
6
4963
1
2
12
23
0
0
0
4
0
1107
57
6
0
0
29
15
0
87
0
1
1
20
0
1
0
7564
0
724
0
1
0
0
1
12
4
0
2
12
0
12
0
1
0
0
0
0
157
39
269
30
5
2
340
8
78
1484
10037
0
14
1
6
0
13
41
0
9
0
83
0
0
2
6
0
7583
0
0
1
0
3
0
50
1
0
0
0
1
0
0
0
665
0
0
39
0
26
0
0
698
0
1
16
12
5
4
0
1
15
12
19
1
6
5
1365
0
13
26
8
0
1
0
1
7579
0
2
1
1
83
0
26
0
83
1
1
0
0
59
0
0
0
27
601
0
52
0
59
0
4
0
8
0
5
1
1013
0
2
0
53
1214
92
0
155
6
0
6
21
232
49
4
0
7588
0
0
0
1
3
0
0
0
0
0
0
1
57
0
2
1
0
0
0
0
12
0
0
1806
3
0
407
0
0
17
2
0
36
0
14
1
8
0
11
6
0
0
1
127
0
207
0
7590
0
0
0
1
1
35
0
0
0
173
0
22
0
1
1
44
0
55
820
0
238
0
1
2
1
2
15
0
8
0
43
48
0
5
80
2
411
0
12
0
1
0
2
18
0
4
1
7579
58
1
0
0
0
2
0
1
1
1
21
0
159
2
334
2603
0
1
16
0
341
0
0
157
347
2313
0
1
0
0
0
5
566
15
2
0
197
357
5771
13
32
0
60
0
2
3
0
7584
1
0
0
0
0
8
1
0
0
0
1447
310
22
0
2
1
4
7
1
0
30
0
0
0
0
0
375
1
1
68
112
16
0
7
1
0
679
2
0
8
1
1
16
11
1
3
0
7579
503
0
1
3
1
2
1
0
27
0
0
21
0
0
999
0
0
154
0
0
1
0
0
1
0
19
5
0
46
5
11
18
42
0
1
6
9
0
0
0
0
2
0
3
19
1
0
7578
0
0
0
0
261
1
0
0
0
100
2
0
22
0
26
1940
0
1
0
0
171
0
0
0
27
0
0
0
0
125
1
210
10
0
97
0
0
5
605
7
0
0
81
1
1
0
0
7577
1
0
1
1
634
15
1
0
1233
20
2
26
1
0
0
5971
1
0
0
0
0
0
0
0
232
479
0
0
0
2
0
1
3
3
0
117
0
0
0
578
0
1231
6
0
0
0
0
7576
12
0
0
0
1744
35
0
0
22
0
21
1
0
0
1
1
0
8
0
0
1
0
93
0
173
22
0
20
1
1
0
0
0
0
173
5
0
2208
0
2
0
57
1
1
6
3375
0
7586
0
0
0
0
1
6
0
0
5
1
8
0
0
1
0
1
0
64
18
0
2
0
0
0
915
10
9
226
0
0
1
899
86
21
2
1
25
1
0
2
0
0
0
5
0
621
0
7570
0
0
1
1
151
4
0
0
198
0
0
0
0
0
0
1
0
0
2
0
39
0
7540
1
1631
5
0
1
14
0
47
1
0
1
0
16
227
308
7384
6
0
323
0
136
2
1
2
7579
0
0
1021
0
72
3
0
0
4
38
0
0
2
0
0
0
0
0
0
0
1041
3786
100
18
2
0
0
1
0
2
0
14
0
1
67
89
2
0
0
6
0
0
0
0
0
3
4
7563
0
0
2
0
0
1
1
0
1650
0
6
1
1
0
0
0
0
1
3
0
3
0
1833
17
1576
1774
0
586
3
0
6
4
0
2
4
0
0
94
0
1
0
0
0
0
1
5
11
7558
0
0
0
0
0
0
0
0
0
1584
27
1
1
2
0
0
0
0
0
0
0
0
0
62
1
0
19
0
0
129
16
256
13
136
0
0
0
14
119
6
10
595
0
0
1
84
58
7555
0
0
7
0
37
1
8
0
0
35
1
1
4
0
717
1
0
7
1
0
0
2
0
0
0
2
90
0
27
0
266
2
1
0
0
4
3
0
653
4
1
1948
1
3
9
13
438
7547
0
0
135
58
3
0
2
387
2
0
3
0
3
478
353
0
4
1
3
0
292
36
0
2
0
0
0
0
64
12
2
3
128
1
5782
13
0
0
366
1
4
0
452
20
0
71
0
7550
0
4
0
0
0
13
0
2
0
0
26
6
1
1
6
0
3542
84
14
0
2990
1
0
246
0
30799
2
0
153
0
0
0
0
0
0
1357
345
0
21
5
1
7
0
0
1
3229
173
7545
0
1
0
0
0
0
0
1
54
1
0
1
0
0
0
2
0
112
3
1
5
0
1
3
4
4194
0
0
4
23
0
2
0
2
0
1
2
0
5
0
0
1
622
909
1
1
0
7541
0
3
0
0
1
1
0
0
0
0
6
0
0
0
29
27
0
0
0
0
1
4
0
2
13
0
7
0
0
0
1
15
2
0
0
2
4884
0
4
0
1
0
1
0
0
0
0
7526
0
0
0
0
3
0
0
0
1
37
5
5
37
0
0
1
2
7
0
276
644
1447
0
0
1
1189
13
0
2
0
1
104
4
100
0
155
0
13
50
0
297
8119
1
4
0
0
0
7534
0
1
0
0
0
0
0
0
0
1
0
0
0
5
141
0
663
2
4431
0
17
2971
0
16
1013
13
4
610
2
3
361
1
153
315
17
376
0
0
30
1
4
0
1
8
329
0
133
7522
0
0
23
0
0
0
0
0
118
0
0
1
0
0
243
0
2
99
2
0
0
1043
1
1
1
0
0
1685
0
3
0
0
0
0
2141
4
0
0
0
24
3
59
0
0
0
0
0
7524
0
7
4
450
0
0
0
0
14
0
2
9
0
0
0
1
0
0
16
0
7
0
0
26
127
3
1744
0
0
0
1
2
6
0
1
0
2
1
25
0
1
0
0
3
3
0
3
7516
30
19
21
6
0
36
0
0
0
1
1
0
0
0
1
19
0
6
214
2
121
2
2
0
3
9
0
8
10
1
0
2
11
0
0
7
807
0
1
3
31
0
0
1129
5
5
0
7507
1
0
0
751
0
0
0
0
32
0
1
7
0
1
0
571
0
1131
0
0
1
20
27
2
20
12
1
9
13
2
21
0
0
5
0
9
1
83
157
0
0
8
1
1
3
9755
2
7506
6
0
0
0
0
0
0
0
5
1
0
0
0
2
2
0
0
0
0
58
0
54
1
0
0
7
21
2
0
56
55
0
0
41
344
3
5
292
0
1
2
1
0
1
0
2
0
7503
0
0
34
0
0
0
0
0
0
0
4
0
5
1
0
0
0
1
1
0
112
24
217
151
0
5
3
15
163
106
1
0
4
0
1
2
0
3
112
0
0
0
0
0
0
1894
3
7504
1
1
0
0
0
0
0
0
1
34
17
0
0
0
0
1
0
33
0
147
1
3790
1
0
1
0
1
0
0
0
0
0
9
0
0
0
2
994
1
0
1
7
2
165
0
0
0
7487
0
0
0
66
0
0
1
0
0
2
0
1
0
169
0
6
0
1
1040
3
3919
1
850
4
3
0
0
0
1
2
2
609
0
0
0
0
1
1
36
1
0
2
36
2
3
1
0
7484
13
0
0
24
0
0
0
0
3
0
0
2
0
0
0
0
0
0
1786
0
0
0
0
63
0
148
1
0
1
33
24
150
13
17
2
0
1
0
0
8
0
0
6
0
0
1
0
7480
77
1
0
473
0
0
0
6
0
1
1
0
0
1048
0
1
0
0
0
0
0
0
1
13
1574
2
1
0
100
0
0
0
569
2
0
0
0
0
45
0
0
48
60
6
427
1
4
7472
371
0
83
68
0
0
0
0
0
0
0
0
0
0
0
0
1
0
0
0
0
0
10
14
128
52
13
0
0
6468
4
0
1
1
364
145
0
0
1
1
1
0
1459
16
0
0
0
7476
0
0
15
132
0
0
0
458
60
1
1
0
0
47
0
3
0
1
1540
0
7
0
207
2
2
3
24
0
26
33
191
1
5
13
0
28
0
44
0
0
0
5
16
0
20
0
1
7474
0
0
73
544
107
0
0
1
53
0
2
0
21
0
0
0
0
63
1555
0
0
0
8037
5
6
55
0
0
4
6
5
654
0
0
1
1
0
0
0
1
0
12
7
12
0
3
0
7468
1
0
2063
1
1
0
0
0
0
15
0
0
5
231
0
0
0
0
45
0
0
0
1
6
0
1
0
0
0
37
3
577
2
26
1
135
1586
0
0
1
0
0
0
0
0
2
0
7462
0
10
28
1
400
0
0
0
0
0
0
1
0
0
0
1
0
6
72
1
0
0
1
48
8359
8577
6461
106
2
14978
4
18
0
0
24
269
1
2
277
0
0
0
1
0
2
4
1
7467
0
4
0
0
0
0
0
0
0
0
0
21
5
84
0
2
0
0
0
0
56
0
183
2
1
50
0
3
3
0
0
120
48
1383
6
0
6
440
0
1
134
1
0
0
4
0
0
7466
1
4
5
1
0
1
0
0
14
1
3
0
11
0
0
0
0
0
516
0
132
0
989
0
8
1
12
27
0
1
68
0
0
2
34
0
0
576
52
29
2
2
0
2
0
0
0
7452
0
0
167
0
0
0
0
0
7
0
4
10
0
0
0
336
0
1
0
30
0
3024
0
0
0
10
132
0
0
190
418
2
4
11
9162
0
11
0
1
0
0
3
0
0
14
1
4
7451
0
0
1
0
0
0
0
0
0
1
0
11
0
0
0
7
1703
0
5
0
56
5346
19197
160
442
1828
0
0
0
0
4
103
0
0
345
0
0
0
0
2
5
528
1
0
0
0
1
7439
0
0
1
0
0
0
0
0
4
0
0
7
0
0
9
0
0
7
0
1580
0
0
0
7
272
5
0
21
0
0
4
0
23
8
0
0
2
0
0
0
19
289
53
0
0
0
1
7444
0
0
7
0
0
0
92
0
0
5
0
0
0
1
0
137
0
0
0
2
156
0
9
1088
305
14054
0
1
7
0
0
0
1358
23
7
31
2
0
1024
0
0
68
33
3
5
0
0
7438
14
0
0
0
0
0
1
0
0
4
0
0
0
0
0
0
0
588
1
1
1
0
14
87
0
18
0
86
0
113
0
106
10
2
0
7
373
2
784
0
0
69
0
4
0
1
271
7436
0
1
1
0
0
0
219
0
0
1
0
0
1763
0
0
0
3
24
0
0
43
0
1
0
2
174
0
8
0
31
0
0
39
36
2
1
0
0
0
0
0
0
0
0
4
0
0
7438
0
0
1
0
0
0
0
0
0
0
186
1
0
0
1135
0
1
0
0
0
123
868
2
2
3
0
252
103
0
12
1
7
2709
21
0
1
0
18
5
0
6
0
7
0
2
0
89
7429
0
0
1
0
0
0
0
0
0
0
488
4
0
0
3
0
22
15
0
0
0
1
100
0
61
0
940
1032
0
0
1
0
1377
0
966
0
0
0
0
10
0
0
0
0
5
70
523
7437
0
0
0
0
0
0
0
0
0
0
4
0
1
1
0
1
1
0
158
31
110
1
1
1
218
0
119
0
201
2
2
10
6
0
20
0
9
0
880
0
0
0
9
18
0
11
0
7425
0
0
0
0
0
0
0
16
0
1
0
0
0
0
0
0
1
2356
101
0
388
293
1
8
0
7
2565
0
0
0
6
18
11
4
90
161
0
0
1635
1
0
15
0
2
0
0
1
7434
0
0
23
0
0
0
0
1
0
0
2
0
0
0
0
0
3
1
0
39
9
10
385
250
2
33
2
0
1
1
3
0
6640
0
3
90
0
0
0
0
106
50
0
24
0
0
0
7425
0
0
2
321
0
0
0
5
0
311
0
0
0
0
0
1
975
3
2
0
0
23594
0
0
0
0
0
8
7996
0
0
0
0
0
2852
915
0
24
4
1
0
6
34
1
0
18
0
7427
0
0
0
0
0
471
0
0
0
3
503
0
26
0
4
61
2
2958
18
2200
1088
3
1
1
1
35
38
0
3569
0
6
152
48
54
0
69
0
0
552
160
0
1
3536
0
0
0
0
7421
0
0
0
4
0
0
0
1
0
0
1
1
0
0
5092
0
1
848
1
2
13
922
8
1
68
0
4054
0
0
2
26
0
0
0
5
124
6
0
0
0
11
0
0
2
0
50
0
7408
1
0
0
0
103
7
0
0
0
0
0
4
0
1
3
1742
44
4
0
0
0
8
1
53
81
0
2201
0
3808
0
0
0
0
3
172
199
0
1
2
0
3
0
0
229
0
19
0
7409
0
0
0
0
1
0
0
359
0
2
2
0
0
0
31
0
0
13
2
0
1612
0
6901
2
10
0
1
288
0
0
1
184
0
5
1
3
0
0
0
1
7813
0
1
34
0
0
3
7416
0
0
0
0
344
0
0
1
0
0
1
779
0
0
1
0
6
36
8
34
12025
0
0
1177
0
25
11
103
96
15
272
0
10
2
0
9
0
33
6
0
3014
32
0
0
0
1
0
7413
0
0
0
0
0
0
0
0
0
1
1
1
0
0
0
0
0
0
1
0
13
2
0
1
0
5330
136
0
0
19
3
5
19
2
0
0
11
1
9
0
2718
26
0
2
0
1
0
7416
0
0
0
0
0
0
0
4
285
0
81
0
0
0
0
0
0
9
10
5
10
0
0
0
385
80
0
0
0
0
0
0
377
0
46
0
0
11
22
0
0
19
0
1
3
7
0
7402
0
0
0
0
0
0
0
590
6
244
0
0
5
0
0
1
0
22
0
60
3
96
23
2860
36
62
0
0
454
1
0
0
1
0
2
838
2315
5
0
1
1
0
42
210
1
0
7
7404
0
303
0
0
0
0
0
0
8
0
0
1
0
25
519
0
0
0
3
35
0
128
0
0
0
0
20
0
16
8
10
163
0
0
16
3831
4
0
73
3
11
1
0
0
0
1
1
7400
0
0
0
0
0
0
0
5
1
0
0
10
0
12
0
0
0
0
3
25
0
0
1556
1245
1
644
0
105
109
0
21
0
781
8
6
1079
259
0
1
0
10
1
88
2
10
0
3
7402
0
9
0
0
0
0
201
0
0
0
138
0
0
1
248
0
0
1
43
0
0
9
2025
0
0
0
1530
1094
4
0
0
12
0
0
2004
0
1
0
0
0
5
30
0
0
10
1
0
7385
0
0
0
0
0
0
0
0
1100
0
2
0
0
280
2336
41
0
0
7
0
0
4
0
22
19
0
0
0
0
1
7
2
16
4236
34
320
88
0
172
1
367
550
0
0
47
0
6
7386
0
0
0
0
0
0
613
0
2
0
1
1
0
0
1
0
0
0
0
0
0
2
2
3
366
0
10
0
0
0
29
13
322
3
0
0
36
35
0
0
4
11
1
1
20
0
0
7380
0
0
0
0
0
0
0
0
1
1
1
0
0
711
8
0
1
14
3623
0
0
2
4
623
541
983
39
0
0
0
1
0
4
4
0
986
4
1
0
0
28
6
287
1
159
1
4
7382
0
0
0
0
0
0
0
4
2
0
4
0
30
0
583
0
1
2
897
31
0
0
16
2
1
0
0
19
1094
0
1
13
9
0
6
5
13
0
0
0
0
0
0
0
0
0
0
7384
300
0
0
0
0
0
0
1
6
72
2
1
0
2
1
2
0
1
0
0
1041
89
0
0
1
28
3
12
0
479
517
1
0
4
0
2
3
4502
6
1
72
0
31
1
146
0
0
7378
0
0
0
222
0
0
0
0
532
0
0
1
2
440
0
0
0
49
2
416
0
1
0
3
2
14
2
4
0
6
0
0
18
43
0
484
0
67
784
7
23
41
0
4
4
0
1
7370
437
0
0
0
0
9
0
0
0
0
0
0
0
4
0
0
0
0
0
1
0
0
121
1
4
0
0
9
0
268
0
367
1590
58
46
18
2
245
184
0
2
4
6
1
0
0
0
7381
0
0
0
769
0
0
0
1
2
1
1
0
0
6549
25278
0
24
130
1
50
0
20
17
20
8
0
98
2
0
0
0
32
0
232
6
0
1
14
0
0
0
0
7
2
0
0
0
7377
0
0
0
0
1
501
0
0
1
0
1
0
0
7
0
1
0
24
4
4
75
1
114
9
1
2742
0
0
30
3
86
27
2
0
0
0
0
0
262
0
6
19
0
31
0
22
5
7367
0
0
0
0
1
0
0
0
1
0
0
0
0
0
0
0
0
0
0
0
1
0
4
5
0
0
0
13
8
1029
1
0
1
326
46
878
0
0
219
0
0
16
2
136
16
1161
1
7365
0
0
3
0
4
376
0
0
11
0
1
0
0
5
179
15
0
5
13
0
537
0
3
3363
54
356
12
0
0
0
2308
0
1278
0
36
0
6
23
0
310
328
0
19
0
0
0
6
7364
0
0
0
0
1
0
0
0
1
1
0
1
0
0
2
0
2
0
0
36
9
0
0
1
0
0
2
0
0
1
0
450
0
2
9
24
2841
0
7972
533
0
23
72
1
0
1358
663
7364
0
0
167
0
1
0
0
78
0
0
0
52
0
198
3
491
0
12
0
0
1
7061
129
0
0
40
166
0
0
1
0
0
0
10
2
484
0
0
4
0
0
81
0
10
28
4
0
7353
0
0
1
0
122
0
0
0
366
1617
0
0
0
0
0
14
59
1
0
48
16
4
19
0
0
1
21
230
0
3
0
1
1
0
0
24
6
0
0
3
0
0
0
12
5
0
1
7351
0
9
703
0
14
0
0
0
0
0
1
4
0
13
0
259
83
1
3
5
1
6
0
0
14
4
0
42
9961
0
19
0
0
10
6
0
8
0
2958
2
9
134
1
0
89
1
0
7350
0
0
0
0
28
0
0
0
0
0
1
143
0
7
0
0
13
217
28
202
17
530
5
1
40
5
137
1584
7
0
0
0
8
0
0
0
0
5
0
2548
105
1
0
0
5
3
145
7348
0
456
0
0
0
0
45
0
9
14
0
0
236
0
277
0
24
2
2881
0
1
4056
0
0
12
134
0
3
0
0
3
2
0
0
72
0
0
0
0
1
0
79
0
2
0
0
1
7333
0
0
0
0
0
0
1
0
60
1685
0
0
0
27
2626
0
1
648
0
0
0
1
1
0
67
0
1
38
0
0
0
0
0
1
5
242
0
0
1
0
9
10
2
0
0
5
9
7335
0
630
0
0
9
0
5
0
1
0
1847
0
0
5
1
0
0
1
8
0
737
0
1
12
5
1
12
544
0
804
0
78
47
35
1
0
3
1
0
2
0
0
3
10979
1
26
46
7334
0
0
0
0
0
0
0
4
0
0
1
1
2
2
34
1
1
1
0
26
0
598
109
2
11150
92
106
180
0
170
312
0
15
1
64
34
0
0
0
12
0
1
134
123
0
3
167
7331
0
0
0
0
25
0
0
1
1
0
15
13
0
2
0
0
1969
0
0
0
7
8
98
0
16
0
90
8
162
1149
2
0
2
0
9
0
0
20
0
1
144
1
1
4
0
3
0
7319
18
0
0
0
0
0
0
0
1
0
19
0
0
3
0
0
0
1
0
24
0
0
89
7
1702
0
7
0
0
0
3522
1
4
5
2
0
364
0
0
0
0
2
0
1
1
0
64
7323
1
0
0
0
1
0
6
0
0
0
0
141
0
0
0
1
4
36
0
3
0
0
0
25
274
723
470
0
0
0
3
0
0
3
7
132
0
0
0
0
2
0
415
1
0
0
0
7321
675
0
0
1
0
0
4
0
1013
0
2
1
0
0
179
2
19
0
9785
0
6601
2218
1
212
33
10
9
0
0
0
1
0
1
1
84
110
29
0
1945
1
1
0
79
94
0
0
13
7311
0
0
0
0
0
0
0
0
0
675
0
3
2
0
167
0
0
5
128
0
1
69
1
0
0
37
103
0
0
9
26
11
0
13
2
3
0
627
1
41
1
0
0
1
4
0
8
7312
7
0
0
0
0
45
0
0
7
0
557
4
0
0
0
34
0
0
0
21
0
2
734
1
76
0
894
0
58
0
0
0
1
49
2
5
4
58
167
0
0
0
0
0
0
1298
0
7285
6
0
0
0
0
1
0
0
23
0
6
6
0
4
0
0
1803
6
11
0
119
972
2
0
16
0
0
16
0
86
0
5
2
0
0
5
0
0
79
0
93
19
1
1
2
0
0
7286
0
0
0
0
103
9
0
0
0
0
0
4
0
3
30
0
283
0
5164
123
3
0
2
1
0
0
0
124
0
1572
1
129
0
0
1
167
41
0
54
1
1
0
0
0
160
1
0
7286
0
0
0
53
0
0
0
0
0
12
0
2
0
1
3242
0
0
2
21
7
295
0
47
4
853
0
48
0
0
0
4
0
0
1
1
0
0
0
2
0
32
1
0
44
1
0
2
7283
0
0
125
106
0
0
0
0
1
5
0
0
0
1
4514
0
5
1
0
23
0
415
2
1488
0
180
2
0
0
19
0
0
50170
158
17
0
0
542
0
0
31
221
0
0
1
20
1
7285
0
0
0
1121
0
0
1
0
4
9
0
2
0
63
60
0
6
22
0
13
59
12
0
0
3
1
0
3
67
0
0
0
242
8
4
8
5
0
1
0
334
0
0
248
0
2
9
7269
0
0
658
308
0
45
0
0
282
1
1009
0
27
1
1
0
76
2
0
0
0
0
1
0
656
2
1
0
0
1
6
1
131
3
0
0
1
4
0
1
3
0
1472
0
135
4
0
7263
0
0
0
1
1
9
0
0
0
0
0
0
0
1
296
0
6
795
768
0
0
3
6
113
0
371
2
0
0
0
351
154
0
1
0
413
0
0
10094
7
62
0
0
2
20
0
0
7262
0
6
1
0
0
73
0
262
493
17
0
0
1
0
1
0
0
0
0
0
0
1
583
0
209
810
3
0
0
0
0
0
15
13
0
0
19
252
6
0
311
0
0
2
2
0
0
7258
0
1
22
0
0
0
0
0
2
0
1492
5
1521
3854
29
0
3
5
0
0
0
0
1226
0
3
20298
172
136
0
0
0
1
901
0
26
6
0
4
309
1
109
1
1
7
0
1
12
7260
0
9
0
1
0
0
56
141
2
2
519
0
17
19868
2
0
156
1529
2
3
0
432
0
0
0
0
0
3
0
0
1
0
7
0
17
42
3
0
0
0
737
0
2
0
79
2
40
7254
0
0
0
0
0
0
1
0
0
0
1
3
0
0
47
27
1
0
7
0
0
6
94
0
15
0
754
0
23
1
0
5
0
0
0
0
1
2
90
0
3873
0
0
3
0
0
3
7262
0
0
0
0
1
0
0
0
44
0
1
0
0
1
5
0
1
49
1
0
64
1
341
4
1
149
7519
0
6
2271
1
0
16
3
5212
0
0
0
0
0
0
0
0
399
1
4
0
7248
0
0
0
1
0
0
0
0
3
0
79
0
0
4
6
24
6
5
0
0
1
0
77
5382
1
2
1
0
0
27
126
182
115
0
0
0
60
0
0
0
511
274
0
296
13
589
2
7243
0
5
0
987
0
0
0
0
5
0
532
0
8
0
16
0
0
1
0
0
0
3
3
530
7
43
5
0
0
2
8
0
1
0
0
31
2
257
1
0
414
3
0
1
0
11
0
7244
0
18
0
3
0
0
0
0
0
0
2
0
0
0
0
0
1
2
0
0
3136
573
1
0
10
14
3
1
0
0
392
1
2
1
10
3
29
0
37
0
3
5928
2
184
0
1
0
7243
114
0
0
0
0
0
0
0
80
3
4
0
70
0
269
0
29
0
336
0
0
0
0
3
3
131
0
11
0
1
8
2
3
55
105
120
0
0
416
0
33
38
0
0
1
0
120
7242
1
0
0
7
0
1
0
0
1
0
9
0
2
7
165
0
0
0
14
0
0
0
0
4
3
11
8
1
0
164
2
246
10
14
8
0
62
2
0
0
0
0
2
0
122
0
0
7246
8
0
0
15
0
0
0
0
31
15
64
7
39
0
150
0
171
50
1
0
0
197
0
5261
62
1
284
5629
142
272
0
0
0
0
8
0
50088
2192
0
1
3
0
83
0
2
0
0
7236
0
0
0
251
0
0
0
0
0
0
9516
1
0
2
223
0
13
4902
1
0
0
2
70
21
2
12
0
217
0
1
0
2
0
0
0
2
915
0
1
0
240
59
0
0
0
2651
0
7239
0
0
0
7719
0
0
0
0
0
0
1
0
0
0
0
0
0
58
1
0
430
0
1
0
2
0
445
8
0
2
3
0
2
0
12
0
47
0
47
1
2
10
0
1
0
0
5
7241
0
1
0
20
0
0
0
0
27
0
19
0
24
0
18
0
8
0
21
0
1
1
0
5
0
39
97
10
0
27
0
4363
3
16
115
35
2
2
5
2
0
0
6
17
0
3235
0
7237
0
0
0
9410
0
29
0
0
1
0
947
8
0
0
94
0
2
8
0
0
0
89
0
3
2
1
2364
2
0
0
0
0
3
0
18
409
0
311
0
0
0
8
2
0
55
14
0
7230
13
0
0
9
0
2
0
0
0
0
8
550
1
0
0
0
1
22
0
0
5427
0
0
2
1
255
0
0
9
0
664
0
0
2
1
423
0
5
1
192
0
906
13
0
0
0
0
7232
2
1
68
51
0
0
0
0
1
0
0
0
0
4
0
0
0
3
0
0
0
0
0
30
0
3
37
0
0
3
1
6
9
1
6
3
20
47
0
2
1
0
0
75
8
371
37
7234
0
0
1
0
31
0
0
11
50
11
1
0
0
0
0
0
8
32
6
0
468
0
0
0
2
7
51
0
0
0
325
89
34
143
44
0
2
2
0
1
6
3
2
0
10
0
0
7211
0
0
5
3
0
0
0
0
0
0
1
0
0
3
0
0
5
19
20
0
2
144
53
390
89
0
2
95
0
1
93
0
0
0
33
0
2
19
0
93
13
5
16
0
2
2
3
7205
0
0
0
32
703
0
0
429
0
0
1
9
4
0
0
0
0
0
39
0
0
2
0
0
7
0
43
65
0
0
6
1
0
1446
0
0
0
0
0
0
82
0
45
2
9
0
0
7210
0
0
0
0
0
0
0
1
2
9
0
0
0
0
0
0
2
222
1
0
4536
0
0
23
0
35
1
1423
44
96
1827
0
14
0
0
0
0
18
0
4
0
87
0
0
482
0
4
7204
0
51
0
1
0
0
0
203
0
0
0
0
1
0
54
0
1
0
0
0
0
1
0
13
0
0
0
0
92
1
0
2
0
1
13
0
490
4
205
6
3
0
19
4
60
0
1
7210
1
0
1
2
0
0
0
0
0
0
0
1
1
1
0
0
429
0
0
0
0
679
0
55
0
1245
145
0
175
3
0
2
0
0
0
0
2
0
299
2
1
1
13
0
44
0
1
7205
0
3
1
0
0
0
104
0
7
0
0
0
0
0
0
1
2
0
2
0
914
12
0
0
399
335
13
15
2
89
3
0
126
15
0
0
33
0
13
0
8
119
0
3
0
2
0
7202
0
0
0
1
0
0
0
0
0
0
173
0
1
0
487
0
10
5
0
0
8351
479
0
0
3
17
1251
133
27
4
1
61
1
13
108
0
0
0
0
30
1
1
0
22
34
0
0
7207
0
0
0
1
0
0
299
0
2
540
6
1
1
0
6887
0
0
0
3
0
26
0
35
2
0
130
2
5
19
4
24
12
1
0
120
0
37
0
1
15
1
8
0
0
2
3
0
7199
0
0
0
1899
0
0
0
0
2
21
33
14
0
0
1961
0
0
6
42
0
0
0
0
27
1
0
0
202
1
1
117
4
8
0
3
420
1647
14
0
0
0
0
2
0
5
0
0
7195
26
0
0
1
0
0
0
0
307
0
1
0
1
0
10
0
26
14
1
0
677
258
0
4
2
2013
125
35
696
1
88
4
15
40
0
0
0
0
159
0
0
0
0
5
6
1
0
7193
1
0
0
5098
0
0
0
0
10
0
0
19
0
0
297
0
62
10
5
0
0
26
0
0
7
43
8
12
161
3
0
0
37
0
4
0
0
0
0
33
0
0
0
0
38
0
0
7188
0
0
0
2
0
0
0
0
27
0
0
7
0
0
0
1
0
0
3646
0
0
0
0
0
3
0
0
0
11
0
0
17
3
28
82
5
0
1
0
17
1
42
0
18
41
2
0
7189
0
0
1
0
0
0
0
0
278
6
0
5
1
4
18
0
7
1
1563
0
387
3425
0
0
1
218
151
0
115
101
1
3
2
0
6
28
0
0
632
0
0
9
18
2
0
22
1
7182
0
5
1
20
0
0
0
0
0
249
0
0
36
0
0
0
6
2
74
1
0
16
0
21
0
0
4
7
25
15
1
332
0
2
20
0
1
4
0
8
2
4
20
5
0
11
4
7185
0
145
0
0
0
0
0
0
27
0
51
0
0
41
4
0
3
146
0
0
1
2
0
0
0
7
20
0
88
0
0
0
0
1
23
1
1
0
49
432
0
396
0
0
0
0
0
7165
0
0
0
20
0
0
0
0
7
0
2
24
1
813
2575
0
0
0
5
1431
0
14
0
0
0
1122
10
0
0
1
3
0
1
16
1
0
0
31
0
3
8
7
2
3
2
84
6
7181
0
0
0
0
1
0
0
0
1
0
1
0
0
0
16
0
19
2
0
1
0
0
0
13
362
0
12
0
46
0
20
0
0
0
34
0
169
11
0
0
21
36
24
0
0
0
0
7165
0
0
19
1
0
0
0
0
0
43
13
14
0
2
0
0
0
0
7
0
0
10
0
2
1
0
1
301
6
5
210
1
24
83
0
52
0
0
7
0
35
946
19
4
2
10
0
7178
0
0
0
85
365
0
0
56
0
6522
1621
1
1
0
0
0
104
11
64
0
0
0
0
1
0
11
0
162
4
10
2
0
0
4
0
0
0
0
1
9
0
0
2
6
0
0
228
7170
0
0
0
1
0
0
0
1
0
14
0
5
8
1
1
0
0
1
1
0
0
31
0
4
25
1753
0
38
13
84
1
1
397
3
127
121
4
0
41
11
23
14
48
0
0
0
706
7169
0
0
0
1
611
0
0
9
1
9
2
0
0
1
18
0
0
3
0
0
0
1
8
9
0
0
0
0
53
0
0
1
0
3
0
2
0
1
976
22
37
1
8
375
0
0
20
7175
0
0
0
2
0
2
0
0
0
10
7
0
1
7
550
0
0
1
3
6
0
2
0
26
0
5
711
13
0
0
10259
99
42
10
2
0
0
18
0
0
0
952
21
1
13
10
0
7158
0
0
47
380
0
0
5
0
0
6
1
0
6
6
3
0
463
0
0
0
0
0
0
10
200
10
1
14
2
2
7
0
1
3
3
0
0
0
0
0
2
0
7
1
0
0
8
7167
0
0
272
0
0
216
0
0
0
0
0
10
1
0
0
0
0
1
1
13
80
2
0
7
6
0
2
0
98
370
1
1
2
2084
0
1
0
27
0
5
12
0
0
0
29
38
15
7168
0
0
11
0
0
2
176
6
0
166
0
0
0
0
0
0
0
2
0
12
0
0
0
17
4
417
11
0
182
12
0
132
164
23
0
0
1
2
94
3
0
0
34
9
0
0
4
7153
0
0
0
0
0
0
0
1
0
6
0
0
0
4
1
0
686
0
59
0
0
16
0
1
0
7
0
0
124
8
3
0
0
2
5
196
0
5
3
1
3
0
3
0
1
0
0
7155
0
0
0
9
0
0
350
1
0
0
0
1
11
1004
0
0
4
1776
261
0
0
0
1
9
0
7
0
3
41
95
15
0
1381
1
0
4
0
256
0
0
3
0
21
1
0
1
2
7164
0
0
0
0
0
0
0
0
0
0
0
0
0
0
7
0
9
0
0
0
0
57
1
0
83
0
0
14
0
0
0
0
1530
6
9
0
0
3
63
0
0
171
3
40
10
225
0
7175
0
0
1
13
0
0
0
0
0
0
0
0
48
21
533
0
0
6
31
17
0
2
0
0
0
3
9
9
1
1
0
3033
3
629
0
0
1
1677
20
7
0
0
3
85
3
0
5
7168
0
0
0
0
0
0
0
0
0
0
0
0
15
31
21
0
1
0
113
0
70
0
70
462
0
0
2
3739
36
2
0
825
3
0
6
0
0
20
3
1
0
2
517
258
18
0
0
7158
0
0
0
0
0
0
0
0
0
1576
1
1
0
57
0
0
0
7
27
1679
0
25
19
98
66
28248
1
7
4
0
0
0
295
5
0
32
21
20
3
2
2
3196
0
0
0
473
0
7157
0
394
0
0
0
0
0
0
0
1
1
0
18
0
0
0
0
7
5
26
1356
3
74
0
1
4
0
49
0
0
0
0
0
0
1
0
0
0
0
0
4
0
1
1
265
0
33
7153
3
0
0
0
0
0
0
1
0
0
159
0
0
2
0
0
525
0
9
17
1
4624
9
0
128
1
0
3
0
0
4
1
2
0
3
396
34
0
9
10
0
0
0
1
2
0
0
7164
42
2
0
0
0
0
0
0
0
0
0
8
13
0
0
0
13
52
88
0
0
0
97
1
7
3003
0
55
2
0
0
9
14
9
0
1
0
0
715
0
1
2
1
20
26
3
15
7158
0
0
0
48
0
0
0
0
0
0
1
0
0
0
96
0
12
2
1
0
1806
0
98
72
631
5
1
1
72
0
3
0
14
2
2
0
0
0
214
1367
3
40
23
3
3
0
4
7166
639
0
0
0
93
0
0
0
0
6
40
0
28
0
4
0
1
0
0
0
0
100
1091
0
7
53
44
27
0
2
4
14
0
1
0
0
0
0
0
37
0
0
4
0
1
0
14
7159
0
0
0
1
2
0
0
0
2
253
587
0
2
0
191
0
0
0
0
33
200
0
0
44
3
0
45
30
3
0
0
0
0
15
1
26
0
0
2
0
0
1
11
1
160
10
5
7155
0
0
0
0
6
0
0
2
0
0
6
0
3
0
0
0
1
0
3
0
1
0
0
1
18
0
0
1
67
0
0
0
0
1
0
0
0
3
0
1
1
797
0
14
8
0
0
7168
0
0
0
0
0
288
0
1
0
8
24
0
0
20
22
0
44
14
18
10
1
11
0
149
0
0
1
1
0
55
0
1
0
5
0
47
15
0
0
0
0
0
0
0
0
0
6
7171
0
0
0
0
0
0
0
0
0
8
0
0
5
1
0
0
124
0
0
2
2339
0
972
2
0
8
2
0
27
3
43
12
29
1
11
1
0
0
0
0
14
8396
17
14
0
4
14
7152
0
0
0
0
3
28
0
0
0
1
1
0
0
1
1
0
7
32
25
4
41
0
0
3
0
15
80
0
1
3
45
2
3
0
220
0
0
1
201
0
0
71
2
0
0
20
28
7169
0
0
0
0
3
0
28
0
0
48
0
0
43
0
0
0
4
115
0
0
4
208
132
109
14
8667
11402
0
1
305
0
10
0
4
7
0
0
0
0
4
2
16
14
0
6
5
0
7168
0
0
0
0
612
0
0
0
0
58
0
0
0
0
1
0
0
5
1
0
1
13
160
0
858
0
0
15
0
1894
0
0
0
4
1
39
0
9
1
0
0
0
460
1
0
0
0
7174
0
0
0
0
6
0
2
0
0
26
0
0
2
0
0
0
1770
194
0
35
68
0
20
1
0
1
5
19
0
0
29
45
0
2
1
0
158
90
0
1
6
980
2337
0
2
0
6
7169
0
0
1
0
0
0
0
0
0
2
0
0
0
0
1
0
22
38
0
0
110
13
105
474
1
0
86
66
25
13
32
0
0
214
0
24
1
4434
1
0
0
145
17
0
0
13
5
7166
0
0
252
0
0
0
0
0
1215
0
0
0
7
3
130
0
18
0
3
0
1
5
12
0
967
3136
4
6
25
0
17
1
47
28
4
297
1
0
0
122
0
5
1
3
0
0
0
7159
0
0
0
0
0
0
0
2
3
0
0
14
0
0
1769
0
0
4032
2
238
0
50
0
0
33
0
948
0
112
18
0
0
0
4
118
0
0
0
0
0
1
3
14
0
85
2
1
7154
0
0
0
0
0
0
24
1
1
0
0
355
5
0
2
0
0
0
574
14
0
2
0
4
2
0
82
0
0
0
0
11
992
0
0
0
0
0
0
6421
8
2113
1
321
0
0
6
7165
0
2
0
0
0
0
24
0
1
2
76
10
0
0
0
0
5
1
2
0
0
1
3963
430
1
0
0
7
0
0
0
15
2
4915
0
11
705
48
482
0
6
52
2
0
34
7
15
7155
0
0
0
0
1
0
0
0
0
0
12
24
1
0
0
0
0
13
2
0
0
0
0
2
3
3
575
19
0
0
2
0
29
74
8
0
0
829
5
0
0
738
4
3
5
3
2
7155
1
1
0
0
0
0
0
0
6
4
0
2
2
0
6
0
2489
0
1
0
0
0
0
1
31
0
3
111
683
10
0
0
0
0
0
53
1
7
68
0
32
352
6
2
15
1
2
7154
1
10
0
6
0
0
0
0
6
0
0
0
0
0
8
0
5
289
0
33
0
0
0
991
3215
2762
0
0
221
0
0
0
7
6
15
92
0
5
82
0
0
0
0
2
0
21
25
7143
1
0
0
0
0
0
1
0
0
0
0
1
0
9
0
0
0
1
0
0
0
19
0
1
7
3
0
2
18
6
67
191
40
0
76
38
18
1
3
1
0
0
1
0
0
0
0
7139
6
251
0
336
0
0
0
0
0
0
13
8
30
0
0
0
4
46
27
0
31
62
767
11
0
5
26
352
9
8
24
120
1
0
0
0
0
0
0
0
2
0
2
0
74
3
0
7149
0
0
0
1
4
0
0
0
0
0
0
0
0
0
590
0
2
5786
2
17
3
0
0
1
2
0
36
0
0
0
69
38
2
2
0
0
15
0
3
1
1
62
0
22
2
1
0
7132
5
0
0
0
3
115
1
0
48
0
1
2
130
0
33
0
2
38
0
234
648
2580
0
97
18
7448
2
3
25
0
4
2
1
1
15
23
4
0
0
0
0
1
9
0
1
1
4
7147
1
0
0
0
0
1
0
0
1
0
0
79
3
0
13
0
355
0
8
1
0
1
0
0
0
0
0
36
0
3
0
0
1
8
5924
0
0
69
998
125
0
156
0
3
78
0
19
7132
0
0
0
0
0
5
0
0
23
0
2
124
70
0
0
0
0
2
28
0
440
1
0
0
4
0
470
11
1
28
7
1
4
0
354
107
0
10
0
0
62
26
1
11
1
7
2
7129
0
0
0
0
0
0
0
0
277
0
2
0
9071
0
5
0
0
0
0
0
2323
1
195
47
0
0
1
13
0
0
0
0
0
12
3
17
1
426
0
0
6
16
0
9
1
17
14
7134
0
0
0
0
0
0
0
0
137
0
1112
0
0
2
1
0
9
118
0
0
0
11
8
0
0
1
3
0
961
0
0
3
47
0
57
0
0
156
0
0
0
1
2
393
1761
3
141
7130
0
0
34
0
0
0
5
148
11
0
28
0
0
0
0
0
5
0
1
0
0
0
0
0
11
0
75
290
11534
120
5
12
0
10
14137
0
575
311
0
3
80
1
0
70
10
5
42
7133
0
0
0
0
0
17
3
0
8
425
6
6
0
0
1
0
0
0
7
0
6929
8
0
33
0
1
1
7
4
1
22
28
5
10
1
3
867
16
2
0
0
0
0
0
13
2
525
7148
0
0
144
0
0
7
0
256
30
5
4
0
426
0
0
1
8
220
5
0
0
1
0
0
34
900
541
3
0
7
8
7
2
0
11458
0
6261
13
5785
0
2
0
3
0
4
5
1981
7148
0
0
0
0
0
1
0
0
0
456
0
4
0
0
2239
0
1
0
0
0
4
10
0
1
0
58
7068
48
313
0
5
32
70
1
0
11
10
0
5
2
35
4
0
7
0
67
0
7125
0
0
267
0
0
1
0
0
3
0
0
0
2
0
0
0
9
448
1
0
98
0
0
3
2
1
0
2
2
0
0
0
18
0
67
1
0
0
0
2
0
122
0
0
0
9
4
7136
0
0
0
0
0
0
0
0
1
2
15
0
1
1912
2
0
1
0
0
0
9
0
527
2
880
144
12
0
0
7
0
0
0
78
0
0
0
43
0
0
2
1
1
4
0
1
86
7135
0
0
0
0
0
0
0
0
0
0
475
0
0
0
21
0
8
1
0
0
0
22
0
142
0
0
0
0
0
10
15
11
0
85
19
0
1593
10
300
22
7
462
2
1
6
114
196
7138
0
0
0
0
0
0
0
0
0
0
1
0
0
16
420
0
3
102
1
0
200
1
0
0
0
0
2
0
2
0
0
1
0
0
1224
0
0
0
0
0
2
0
0
0
44
8
28
7129
0
8
0
0
0
0
0
0
0
72
35
0
0
0
5
0
0
3
3
0
11
0
0
0
0
1
42
0
235
0
0
1
4
31
0
0
111
0
1
234
301
0
0
1
0
3
24
7125
0
1
0
1
0
1
0
0
0
0
323
0
0
0
2
0
10
1
0
0
478
2
0
4
9
0
1
0
0
1
0
0
3
44
2
0
70
1
2
57
0
0
0
0
0
0
0
7139
0
3
0
675
0
0
0
0
0
14
1
12
59
0
3198
0
0
0
0
0
1
0
11
0
0
42
0
119
1478
1
15
13
1
1
0
2
53
0
0
357
151
0
0
8
0
0
11
7123
11
0
0
0
0
0
0
0
0
0
3
0
0
0
0
0
4
17
58
0
4
129
0
1082
22
1
8
4
7
1180
0
7
9
1
0
0
23
100
1
0
0
1084
16
4
0
5
0
7143
0
0
0
715
0
0
0
0
0
3
0
76
1
0
0
0
0
0
22
0
462
2
0
0
47
0
0
0
104
0
29
106
3
7
9
9
59
8
158
0
3
30
10
0
12
1
212
7128
0
0
0
0
0
0
0
0
0
727
1
14
0
0
1
0
2140
1
410
0
0
1
0
1
8
0
0
0
2131
0
893
0
0
0
814
152
315
27
0
0
7
5
0
2
0
0
203
7138
0
199
0
0
0
5
0
0
0
0
1187
39
0
3
0
0
0
140
0
0
0
0
0
1
0
1
9
26
16
0
1
0
0
178
11
1
16
0
0
0
0
0
0
17
39
49
4
7138
0
0
0
0
0
0
0
0
0
0
2
0
0
0
0
0
0
2531
3
0
0
3
252
0
0
0
16
0
207
0
0
2
0
2
0
0
15
0
0
0
2
19
2
55
126
0
0
7135
0
0
0
0
0
0
0
0
1
0
14
0
0
0
1977
0
1
506
1
0
0
8
0
14
7
0
38
0
4
5
12
90
2
1235
0
0
0
0
22
0
0
103
12
0
2
1
0
7138
22
0
0
0
6
0
0
1
0
3137
0
30
11
0
19
530
0
11
0
0
0
0
0
0
2
29
42
0
4
4
0
0
0
0
39
0
0
470
321
0
25
1
113
0
0
0
4
7142
10
0
0
0
60
0
0
0
0
0
1
0
0
0
1
0
7
52
2
0
0
216
0
93
1
19
117
2
10
29
0
0
2
1
159
0
0
2
74
1
5
1
0
0
31
0
5
7137
0
0
1
0
0
0
0
781
0
262
1
2
2
0
98
78
20
0
6
0
0
26
0
0
1516
0
0
2288
28
0
0
0
88
0
14
0
1
0
41
2
0
0
5
0
328
3
10
7142
0
0
0
0
380
0
0
0
0
0
0
3
0
1
0
0
0
0
34
0
0
9
0
0
0
0
0
30
3
34
0
1179
0
0
33
0
179
187
134
0
0
0
4
0
0
0
107
7137
0
0
2
0
0
0
0
2
0
2
0
0
0
0
2
0
1
0
0
0
1886
15
596
232
0
1
3
0
0
515
2
0
4
2
3
0
0
1
1
58
0
34
0
0
0
3491
0
7139
0
0
0
0
0
0
0
5
0
0
0
0
0
6
12
0
0
1
83
0
6
0
0
230
0
0
3
0
2
4
4
1
7
8
9
0
1
10
2
0
0
196
2
0
7
3467
0
7143
0
1
0
0
0
0
55
0
0
12
0
1
0
0
19
0
11
18
0
0
40
0
19
2
10122
5
34
0
13
4
8
0
13
0
34
48
89
1
0
0
0
2
0
0
0
33
2
7136
0
0
0
0
0
0
0
0
0
5
3
0
0
0
0
0
0
6
1
0
0
18
3
0
5
0
513
1
0
0
5
96
0
24
0
0
85
0
436
28
0
1
4
12
2
0
5
7137
1
0
34
0
0
0
3
0
0
523
560
0
0
0
18
0
2
410
0
0
0
1
13
0
1050
312
0
0
5
2
0
46
0
8
0
0
0
1
10
0
0
3
20
426
5
7695
6
7142
0
0
6
0
0
0
0
0
0
1
58
2
0
0
0
0
0
22
6
0
2
0
90
2
0
1
639
130
18
0
1
0
0
5
3
5
25
14
0
6
3
41
19
7
17
0
1
7145
0
0
0
465
0
0
0
0
0
6
0
0
0
0
58
0
0
9
0
0
0
67
22
306
12
0
0
56
0
0
12
0
23
0
3
8
3295
0
419
0
91
0
57
93
0
12
0
7158
0
15
0
1
0
0
0
0
0
345
0
0
0
1
13
0
11
1
1
1
1
0
0
502
98
28
1218
1
0
4
0
0
43
422
181
0
0
0
3
16
0
0
4
2
1
12
0
7145
0
0
0
8
0
0
0
0
0
0
0
38
0
11
0
0
1
0
248
0
12
0
0
3
18
2
73
0
113
2
1111
0
0
0
0
0
1
1
0
1
0
0
1
1
5
59
0
7153
4
0
0
0
0
0
0
0
0
2
2
0
423
0
0
0
35
1
0
4
37
2
0
25
214
0
403
38
0
0
0
3
2
17
2
1
0
7553
0
0
0
4
0
50
0
1
0
7155
0
0
0
0
0
0
0
0
0
0
0
0
0
0
1
0
0
428
1
15
2
2
9
1
2
34
24
1136
5
2
0
26
0
0
2
0
15
2
1464
0
27
0
1
0
0
78
46
7146
0
0
1
0
0
0
0
0
5
0
0
15
593
0
0
0
0
2
346
48
2
0
0
8
19
1
49
3
289
99
2
0
0
58
387
9
0
2
1
23
6
36
0
0
0
94
215
7154
0
0
0
272
0
0
0
0
0
0
5
1
23
0
13
1
457
21
0
15
0
0
0
6
0
313
1
0
524
3
30
0
77
1
0
3
341
10
6
0
0
9
37
0
0
5
1
7143
0
0
0
0
0
0
0
0
0
0
0
0
0
0
0
0
1
5
0
2
0
0
1
1099
0
737
119
0
679
3
0
0
1
4
61
0
1643
17
0
13
0
39
0
0
1
85
0
7152
0
0
0
0
0
0
0
0
0
0
5
0
0
0
0
0
0
187
1
0
0
0
61
14
2
3
1825
0
1
4
1
0
2
3
2
0
107
5
0
1
132
0
0
0
0
2
0
7158
0
0
0
12
0
0
0
0
0
10
0
130
8
2
4867
0
4
0
32
0
0
0
175
3
0
1
85
0
1
24
3
2
68
27
0
0
1
10
16
0
4
1
0
88
0
0
0
7158
0
0
5
78
776
0
0
69
0
0
16
0
0
0
9
0
162
9
10
5
0
22
3
0
15
0
0
227
56
248
41
0
1
28
2
1
1
12
153
0
0
0
0
36
0
1
13
7151
0
0
1
1
0
0
0
0
0
0
12
15
17
0
15
1
1
2
0
0
0
3
33
0
0
1
1
972
0
0
0
7
100
0
0
0
0
33
0
0
0
1
0
0
0
300
0
7155
0
0
0
0
79
0
0
4
0
0
0
1
1
0
4
0
1
0
0
159
0
0
0
9
1
1
7
5
7
0
7
0
0
0
2
1
1
641
2
0
0
0
0
0
1
0
0
7158
0
1
0
1
0
0
11
0
0
0
0
0
4
0
0
0
550
10
0
0
7
87
11
32
81
0
0
123
1791
0
1
0
103
0
48
17
2866
1
238
0
0
49
336
990
0
0
1
7152
0
0
0
13
0
0
0
0
1
0
0
3
12
0
0
0
2
0
98
1
3607
0
1
0
0
998
153
6
71
0
10
0
2
40
1
3504
26
75
0
1
1
0
1
62
261
103
0
7154
0
0
0
274
0
0
65
0
0
0
0
11
2
0
0
0
0
6
3
0
126
3
35
5050
0
47
0
0
1
1
4
0
0
1
2
0
0
0
0
0
12
1
0
0
12
11
7
7163
0
0
0
112
0
0
0
15
0
1861
1
0
4
0
0
0
1299
574
0
0
0
5
1
0
0
7
0
7
199
0
0
118
0
0
441
0
0
1
303
0
0
0
0
0
0
0
1
7153
0
0
1
1
0
0
23
0
0
17
3
0
0
5
9
1
0
12
2
31
0
1
132
0
47
0
51
7
0
3
19
57
23
0
0
41
2
663
0
1
0
2
3
0
0
0
0
7158
0
0
0
89
0
0
0
0
2200
25
0
1
0
0
162
0
9
0
0
55
1
0
0
8
138
10848
2
0
15
29
176
18
5
0
1
0
317
35403
0
1
0
0
55
0
7
1
0
7156
0
0
0
15
0
0
0
1
0
0
45
0
0
0
0
0
0
17
2
0
4
17
17
197
1
0
0
0
53
19
0
0
0
12
0
20
93
2450
1
0
1
54
0
2
0
0
0
7158
0
0
0
3
0
377
0
0
4
144
28
2
0
0
0
0
10
461
24
0
0
1
0
3
79
646
133
0
0
0
0
0
1948
0
3
16
1
0
0
515
0
2
28
0
0
0
7
7157
0
0
0
3
0
0
0
0
1
0
7
20
0
0
2
0
145
12
1
0
276
19
0
211
0
123
216
62
18
1
9
4
0
80
22
108
0
73
0
1
2106
1
7
0
4
15
0
7160
0
0
0
0
0
68
0
0
0
18
1
3
67
0
0
0
0
9
13
25
0
0
2
1
136
0
0
0
1
11
0
0
1
1
1
0
0
0
0
0
1785
0
0
3
0
1
0
7157
0
0
0
66
0
0
0
0
22
0
0
2
5
0
0
9
1
106
0
34
0
1
0
7
0
1
647
2259
0
5
4
0
83
56
6
0
205
6
125
0
3
0
1
0
0
0
0
7151
330
0
0
65
0
0
0
1
0
41
1
0
0
10
10
0
2
2
1
270
1
27
149
11
0
0
1648
439
0
1
275
62
0
10645
11
0
3
0
0
0
2
1
0
0
0
0
0
7158
0
0
0
0
0
0
0
0
0
213
3
0
4
0
58
0
104
5
0
0
3
1
40
0
4
592
1
0
1
0
0
248
1
26
1
4
1
401
0
5
0
0
97
4
1
0
0
7149
346
0
0
8
0
0
0
0
0
0
25
159
3
0
0
0
0
77
11
0
1
0
0
50
1
0
64
0
0
16
1
0
19
539
593
0
1
0
290
0
6985
10
0
2
6
0
5
7149
0
0
0
24
0
0
0
0
0
30
0
0
9
0
1
0
1
0
2
16
0
0
4
0
3
1
0
0
2
117
10
1
0
0
19
5
33
1
0
0
0
1
0
0
0
4
18
7155
0
1
0
0
1
0
0
0
0
11
18
1
0
0
0
0
14
0
0
1
6
3
0
1
52
2459
0
0
178
0
2
0
3
0
2
13
0
0
0
0
4
0
0
4
3
0
0
7153
0
0
0
0
6
0
0
2
0
517
0
2
0
187
0
0
1
4
0
99
214
82
1
1
15
0
2
0
0
1
0
4
220
8
95
1258
0
0
0
1
1
1
0
0
28
0
26
7151
0
99
0
1
0
0
0
1
0
0
0
105
0
76
0
0
19
983
6
0
4
0
776
84
0
0
0
1
657
26
1
2984
1
0
1
0
0
0
92
2
1
64
0
0
0
0
3
7150
0
0
0
1
0
0
0
0
0
0
0
0
193
0
0
0
1
4
12
0
0
293
0
6529
1
0
0
32
1
0
802
147
0
0
0
0
37
2
0
1
196
0
0
3
60
2
0
7136
0
741
0
0
0
0
7
0
0
0
0
0
0
32
18
0
101
504
3
0
0
24
1
1
2
0
0
1
0
0
1
1
380
722
3
3
1
0
0
0
46
0
15
1
10
0
0
7144
0
0
499
1
337
0
1
0
0
0
0
20
0
0
34
0
0
0
2
5
0
11
0
0
4
1
196
0
346
0
2
1
0
0
1
0
86
420
40
175
105
1
279
10
2
2
2
7139
0
0
0
0
0
0
7
0
0
11
0
0
0
0
0
1
3
0
40
1
0
51
1
0
0
0
33
0
4
176
0
0
0
1
1
669
0
2
281
0
11
2
9
0
7
5
2
7142
0
0
115
1
0
0
0
0
1
205
1
0
0
0
11
0
2
49
0
2
0
650
1
358
185
351
3
0
1221
1
41
572
11
1
1
141
0
0
7
306
9
0
14
1
1
5
0
7139
0
0
0
1
0
0
0
2
1
0
0
0
18
0
0
0
7
0
1
31
0
4
43
410
45
2
0
0
1817
0
0
3
1994
0
0
0
0
0
16
0
0
0
1
0
1
2
0
7141
0
0
0
0
0
14
0
0
0
446
0
0
31
1
0
0
1
1
2
29
0
0
0
2
237
35
0
0
0
0
0
5
0
42
0
0
0
1
5
133
1829
2
24
3
0
45
2
7135
0
0
0
0
1
0
4
0
0
0
0
0
0
188
0
0
2
21
0
0
1
0
0
1122
10
0
985
20
2
1
2
310
0
0
3
0
0
0
4
0
1206
4
334
3
96
0
1
7132
0
0
0
0
0
691
108
0
0
2
0
1
0
0
0
0
5
1388
38
0
0
3
1
1435
2
0
115
103
0
0
0
31
0
0
4
3
4
0
0
104
9264
0
2144
2
0
0
0
7133
0
0
0
1
0
0
1
0
0
2088
0
13
365
5
0
0
22
0
0
2
431
15
169
6
0
0
6
35
0
12
0
5
0
0
7
0
1
6
0
0
14
0
0
177
4
34
16
7129
10
0
0
9
1
208
0
0
0
0
1
0
26
0
0
0
0
82
0
0
0
0
0
3060
3
1
3
0
2
280
1
162
207
0
0
258
128
0
0
147
63
1
3
36
0
0
0
7114
1
0
0
0
0
0
0
0
0
5
2
0
0
0
0
1
0
4710
44
179
1
25
0
2
0
57
7
1
610
498
3
0
0
2
81
29
366
0
0
0
3975
447
11
0
0
1
0
7104
53
0
0
0
0
0
0
0
0
4
10
0
6
43
0
0
0
4
0
0
2
9
0
1
0
25
176
0
4
0
0
1
10
156
1
50
12
7
6838
0
571
2
2
23
0
0
2
7105
0
0
0
0
0
0
0
0
0
0
0
0
428
2
0
0
0
88
12
0
0
1
29
1
6
13
3445
0
50
0
0
0
0
164
0
0
21
4
85
0
0
272
35
23
2
2
5
7100
469
0
0
0
0
0
0
0
0
17
1
0
3
0
0
0
0
1
0
0
0
1
0
460
2
0
0
0
1
46
0
3
4
1
0
0
0
336
10274
0
0
0
21
0
34
219
67
7097
0
0
0
0
3
0
1
0
0
1
62
0
0
0
0
0
0
309
0
2
2
7
0
1077
0
137
1
0
0
0
0
6
0
92
0
29
20
275
0
1
0
228
0
21
11
0
11
7092
0
63
0
0
0
0
0
0
0
891
1
10
0
0
0
1
11
2
1
0
23
0
290
0
5
143
39
22
0
1
9
24
1
0
8
0
12
0
9
0
19
4
464
0
0
14
0
7097
0
1
0
0
0
0
0
0
0
9
4
0
8
0
1
0
193
0
11
72
0
2
0
15
0
1
1
0
33
0
4
764
7
6344
171
49
76
9
4
0
1228
0
30014
2
0
1
48
7098
0
353
0
6
0
0
0
0
0
0
1
0
4
0
0
0
32
2
26
1
106
0
13
5
16
0
0
1
8
56
1
0
1
23
0
1
319
0
7
0
4
33
0
19
1
16
1
7091
0
0
8
2
0
0
0
88
0
2
501
0
20
0
0
0
9
1
413
33
2
0
1
0
0
1
35
170
6320
0
0
61
0
8
1
15
0
7
19
1
3
1
1
0
669
12
0
7083
0
549
0
2
0
0
1
1
0
0
75
0
0
220
1
0
0
6
593
0
0
4
2019
2
13
2
126
0
2
2
1
12
7
1
1
1
1
173
27
2
90
0
1
197
0
0
2
7078
0
0
173
0
0
0
0
718
0
0
143
0
0
3
68
0
286
28
0
0
0
10
37
9
201
38
9
0
0
0
7
114
169
7
70
0
1
56
11
0
48
0
2
3
1
506
3
7072
0
0
0
0
0
0
0
0
0
0
0
1
3
1
0
0
47
117
0
2
0
2
0
25
0
1200
125
0
2
104
1
3
13
0
1
0
0
0
4
0
1
1
1
0
15
0
0
7076
0
0
526
0
0
0
1
0
0
9
0
20
3
0
1
0
0
7
5
0
0
0
0
9
320
17
5
0
2
7
22
0
0
1
1
2
1017
0
2
0
3
0
54
0
0
0
1
7056
0
0
0
1
0
0
0
0
0
2
1
0
1
0
0
514
7
22
2
29
0
0
0
63
0
0
0
0
3
2
6
106
17
19
0
0
2
0
5
0
0
30
1
0
0
81
0
7062
0
0
0
0
0
43
0
0
0
22
2
0
0
9
5
715
0
715
0
0
0
2
1435
2
2
501
3
0
1
0
0
4
261
11
533
2
415
0
1
0
1
1
8
1
9
105
0
7063
0
0
0
0
0
0
0
0
0
125
0
1
0
0
21122
8
4
381
0
0
0
20
1
0
0
0
0
1
19
852
0
2
0
0
16
1324
1
8
6
1
2916
0
0
0
3
3
3
7040
0
0
0
0
0
9
0
0
0
0
0
0
4
0
0
0
1
8
0
0
0
0
1
1
77
0
5898
0
17
1
1
4
2
1
442
14
0
38
1
0
13
1
0
16
18
0
0
7047
0
0
0
0
0
0
0
0
0
0
0
0
1
0
3
0
0
56
0
3
0
0
84
0
376
0
2
0
0
0
1
0
770
0
0
3
0
0
10
0
2
0
70
0
1
19
274
7027
27
0
0
0
0
0
0
0
0
0
0
1
2
0
4
0
17
0
3
0
568
5
10
0
1
0
0
0
2
19
0
1
20
1
5
0
0
1
3
0
0
1
145
0
0
1
0
7017
0
0
0
0
0
0
0
0
0
0
0
2
0
0
0
0
51
292
1
1174
3
23
0
62
394
18
0
0
32
0
2
0
25
0
399
0
146
400
4
2
124
0
0
2
1
2
2577
7032
5
0
0
0
0
159
0
0
0
6222
0
0
7
42
194
0
1
71
2
42
220
0
4
0
0
0
55
0
1
0
17
1201
0
14
139
0
0
2
2
0
7
0
0
1
1
0
33
7024
0
0
0
0
0
6
0
0
0
0
7
1
0
2
954
0
0
0
1
264
23
0
4
316
3
0
12
0
2
0
1
51
15
0
170
0
0
0
2
93
3
3
0
0
0
6
21
7022
0
0
0
0
0
0
0
0
0
39
2
37
428
0
5
0
0
47
0
0
0
2
0
0
44
2065
126
48
2
0
0
927
13
1
0
0
0
2
9
0
152
0
0
0
0
114
56
7008
0
0
0
0
0
2
0
0
0
2
14
37
59
1
0
0
155
341
11
1
0
8
0
0
3
0
845
286
3
2849
37
1
1623
684
0
0
0
8
0
1524
2
0
97
0
7
13
1
7012
63
21
0
0
0
8
0
0
0
0
0
34
261
12
365
0
4
6
0
1652
0
0
11
1897
38
1
0
158
3
1
188
0
0
2
0
52
1
11
7
4962
0
11
5
0
18
0
5
7014
0
0
0
0
0
0
0
0
0
2
33
0
6308
0
0
0
0
16
0
1
0
129
1
36
0
108
0
0
0
55
0
0
0
5
0
0
0
0
0
29
0
0
2
3
0
0
507
7013
0
2
0
0
0
58
0
0
0
0
0
0
4
0
0
0
46
0
0
0
1
4
0
14
1
561
0
0
0
0
0
0
0
2
6
1
4
10
239
1
0
0
1
2
0
0
0
7011
0
0
5
0
270
258
0
385
0
0
1
0
289
3
5
0
0
0
24
0
452
465
0
6
932
2
1
1
4
0
0
4
0
35
0
160
0
0
336
0
5
0
49
2
0
26
19
7001
0
0
1
0
0
34
0
0
0
0
0
2
0
0
3719
0
3
0
2024
2
32
482
0
19
0
0
14
0
0
1
3637
1
2
0
17
2
0
1013
0
0
50
0
0
0
1
0
119
6996
0
0
6
18
1
76
0
742
0
0
1
0
0
0
76
10
7
0
0
0
1
0
9
0
1
23
9
0
3
2510
1
4
4
3
0
0
1
4
28
0
108
36
1
0
2
371
18
6994
0
0
0
2
4
184
0
0
0
0
3
1
0
0
251
0
0
8
1
227
0
0
0
24
1
38
8
0
173
0
2
0
6
2
3
0
22
0
11
0
0
188
0
0
3
782
18
6991
1
0
0
1
0
0
0
0
0
0
0
1
0
170
5
5
0
1
0
17
1856
47
0
0
0
108
1
0
0
1
224
2
12398
0
5
2
0
0
0
0
0
0
311
66
0
0
0
6981
4835
0
0
0
0
28
0
0
0
8
6
0
3
11
0
0
1
1
0
77
2570
0
0
12
0
81
121
355
2
1
0
0
1
0
41
0
0
0
2
0
0
2
0
938
0
0
0
6971
8
0
6
0
0
172
0
0
0
4
0
0
0
0
521
5
0
14
20
0
2
0
1
0
9
0
0
87
0
0
0
1
0
0
1
190
1
7
5
0
1
69
0
0
14
0
0
6977
0
0
30
0
0
14
0
0
0
7
20
1
1
0
5
0
159
30
1
0
0
8
1
5
2123
9
0
22
0
5
1
7
2579
12
95
46
0
41
0
2
1
0
0
1
1
0
1
6967
5
0
0
0
0
1926
0
0
0
0
0
788
0
0
0
14
3
0
52
2
1171
0
69
5
0
642
81
0
0
35
164
2
0
0
12
2093
2
10
12
0
0
2
0
0
0
4
3
6963
34
0
0
0
0
20763
48
0
87
4
0
0
110
0
0
0
0
2
11
0
40
16
0
6
1
0
0
36
0
0
0
4
2
0
19
2
0
0
1
1
0
1
0
0
2
2
25
6973
0
0
0
0
0
0
0
0
0
1
1
471
0
918
0
30
2
0
4
20
0
0
1
16
167
0
81
0
0
0
0
1
0
0
0
0
1
4
59
22
1
77
0
82
23
0
0
6961
6
0
0
0
0
3
12
0
0
567
0
0
2360
1
0
0
1
0
18
0
0
0
2
1
5
0
3
0
0
1
2
24
0
7
0
24
0
341
0
1
4
150
38
33
0
1
3
6953
0
1
0
0
0
0
0
0
0
25
0
4
0
0
133
10
1
95
0
92
0
0
0
30
2
354
7
0
0
0
84
0
3
2
2
0
12
8
67
226
0
0
0
158
2
2
3
6929
0
0
0
0
0
1
0
0
0
8
0
1
0
0
92
0
0
0
4
0
0
22
2
30
1
8
1
0
1
0
0
0
0
0
8
240
2
1
16
0
3060
0
0
60
0
8
3
6940
1
0
1
0
0
0
0
0
0
0
0
1
0
0
0
0
322
418
1
0
0
6
168
7
0
1020
0
1
1
0
4
1
3
5
25
0
0
0
0
799
0
0
999
488
0
9
0
6939
16
0
0
0
0
1
0
0
0
1
0
13
0
0
0
0
1374
246
2
2
0
0
2
4
3
0
543
0
0
1
0
2
0
0
12
0
0
0
32
0
16
0
0
4
0
0
7
6930
3
0
0
0
0
0
0
0
4
930
0
31
1
98
0
0
1
1
1
0
0
3
5
28
0
0
228
4
0
110
598
0
0
0
0
0
1320
2
476
1
0
413
0
0
6
0
0
6902
14
241
0
123
0
0
0
86
0
26
41
0
0
13
0
0
0
0
4628
748
0
14
0
23
7
0
7
1
201
0
4583
0
2388
257
34
1
344
0
640
13
2
13
1
0
19
3
202
6898
0
0
0
0
77
0
0
0
0
9
1
0
1
2
70
0
6
7
0
6
0
5
0
13
0
3
2
55
4
1
0
12
0
3
91
0
0
102
483
3660
1211
6
1
0
1
1
742
6889
0
0
19
648
0
0
0
8
0
1158
2
0
0
0
293
0
8
1
0
4
0
8
12
3
4
0
0
0
107
38
0
0
3
0
0
160
0
1
58
2
9
0
268
1
0
24
1
6873
50
0
0
0
765
15
0
0
0
30
0
0
137
99
0
0
0
0
0
4
19
2
0
25
0
17
0
0
389
22
0
0
1
0
6
90
1
0
0
0
0
0
11
0
22
0
0
6867
0
0
0
0
2
0
0
0
0
1
3
17
0
5
0
0
0
0
419
1
52
6
0
34
3
2726
1
0
12
12
0
3
0
0
5
105
1
1
45
15023
12
19
0
0
6
0
1
6861
0
0
0
0
85
0
0
0
0
1
8
0
0
0
0
0
12
10
44
0
1
1
49
28
0
2
0
0
0
1
176
46
14
38
2
0
0
4
14
230
12
2
7
1
1
18
99
6848
0
0
0
0
0
0
0
9
0
0
12
0
0
0
0
0
1
0
82
5
34
2
0
1
56
30
0
0
0
0
0
10
0
1440
0
0
0
435
0
39
0
0
37
2
7
2
4
6831
0
0
0
0
0
0
0
8
0
4
6
0
3
1
49
0
0
2
0
8
1723
5
1
0
0
7
0
0
395
0
0
3
2
1252
0
2
0
14
112
7
0
0
0
2
0
792
5
6834
194
1
0
0
0
43
0
2
0
0
30
0
0
0
1
0
0
22
0
2
0
8
4
0
0
2
2693
536
9
34
1
0
13
1
8
0
0
0
1
977
0
0
1
0
99
2
0
6819
12
0
0
0
0
0
2
2
0
0
0
0
0
0
0
0
4
1
0
0
0
1
1
0
3
3
0
0
177
0
1476
996
257
0
0
23
0
289
27
8
0
0
0
2
2
82
0
6802
164
0
0
0
0
0
0
0
0
0
33
0
2
5
0
0
111
25
6
0
0
4
15
1
10
0
393
0
3
2
0
2
0
0
1
259
0
15
1
684
148
4
1
1
0
4
683
6797
532
0
1
0
0
7
0
0
0
39
0
39
2
0
0
0
1
962
2
5
0
1
6
1
303
1
0
0
0
1130
12
0
1
24
5
0
0
1
0
3
4
38
1
0
152
8
1
6787
3
0
0
0
0
0
9
0
0
1021
0
0
0
1
0
0
0
40
2
0
0
2
0
150
0
56
1
10
8
0
67
7
0
6
7
0
0
0
26
2
0
0
107
17
1
14
9
6775
0
0
0
0
0
0
0
6322
0
2
1
7
12
921
101
1
0
2
1
382
765
0
0
1
5278
6
0
0
2
0
0
0
6
713
0
1
1
1
20
511
6
6
50
33
60
4
1
6760
5
0
0
0
0
0
1
0
0
0
0
8
0
3
3
0
2
22
0
0
8
0
0
7
187
11
0
0
0
40
0
24
14
153
3
0
0
0
0
0
34
0
0
0
0
0
46
6748
112
0
0
0
0
0
6
1
0
1
0
51
164
10
0
0
0
0
2
1
18
2
1
0
5
0
0
47
5
2
0
0
539
87
2
247
15
2
1
3091
5
62
0
11
1
34
2
6754
1
0
0
0
0
0
0
0
0
0
0
0
17
0
6008
0
0
5
2
466
0
0
0
44
12
1
1
203
7
3350
0
370
17
3
12
6
0
0
0
28
3
1
1
0
2
0
100
6716
1
0
0
7
0
0
0
0
0
5391
0
0
555
1
11
0
1
0
7
4
4777
0
4
1
0
0
3
2
5
0
31
171
2
2
31
50
0
2421
1
14
545
0
1
0
2
0
11538
6704
2
0
0
0
0
0
0
0
0
0
0
42
0
0
1
0
1
0
6
0
867
1
0
2
1044
0
3
0
30
21
5
134
0
2
1
4
0
0
0
0
0
55
2
0
0
0
22
6708
0
0
0
224
0
0
0
745
0
0
1498
0
0
4
47
1
0
4
0
6
0
3451
9
0
0
4
32
1
1
0
654
0
0
2
2
0
0
0
0
1
0
1
1
0
1
9
7
6702
1
0
0
2
53
0
0
1
0
0
0
1
0
0
5
0
0
0
1
0
0
0
0
0
209
0
4
2
1
1
349
1
275
3
3
0
0
0
66
598
0
1
6
0
0
1
0
6682
0
0
0
5
1
0
0
2
0
0
0
0
0
0
8
25
0
1
814
11
0
3
5
2
3
23
62
0
1
1485
0
136
0
4
5
9
26
0
3
0
494
13
0
0
1
1354
7
6658
0
0
0
0
3
0
0
1
0
0
0
0
0
3
65
0
0
3
37
6
0
0
4
49
21
0
584
0
0
0
2
1
0
4
0
0
1
0
0
1
3
2
5
0
16
1
2
6656
0
30
0
0
0
0
0
3
0
2584
1
0
0
0
1
13
1
1
4
20
0
0
79
149
15
11
27
0
6
87
129
39
0
0
0
56
118
16
0
1729
2
0
15
0
0
55
0
6651
0
0
0
4879
0
0
0
0
0
9
0
0
0
0
40
255
0
361
0
4
7
137
289
3
86
0
0
18
2
3
0
2
0
0
31
0
11
7
0
0
42
0
1
8
0
0
4
6637
97
14
4
0
0
0
0
78
0
65
2
0
1
0
51
0
1
1
2
1
6
64
4
10376
0
0
0
481
5
11
1
0
3
131
10
0
0
0
0
0
0
13
9
0
0
1
0
6626
0
4
30
0
110
0
0
0
0
2
4
1
2
0
14
0
1
0
3
2
0
0
1
317
6730
0
1
18
0
1
763
0
2
186
0
0
0
0
0
0
0
0
86
13
1
101
0
6622
0
1
0
63
1
0
0
0
0
0
0
0
0
0
53
0
1008
13
0
0
0
2
0
2
0
0
0
0
27
4899
94
0
3
3
0
2
0
359
0
1
0
2
18
0
10
0
0
6610
0
1
82
0
0
0
0
0
0
2
86
0
67
1
110
0
3
2
0
0
0
0
0
5
1
1054
0
0
3630
0
0
3
39
5
6
136
0
58
103
1
11
8
0
1
0
0
0
6609
0
0
0
1
0
0
0
1
0
1
33
0
0
0
2
1
167
0
1
2
0
0
0
18
7
2
0
0
0
1
21
6
0
166
32
254
0
47
29
1
0
354
0
0
0
0
20
6596
0
0
0
1
0
11
1
1
0
492
0
5
0
0
68
0
1
1
58
351
0
109
28
338
4
0
1127
2
2
68
1
1107
0
0
11
0
0
0
0
489
667
0
47
15
2
37
15
6580
0
0
0
40
0
0
1
10658
0
1
13
1
85
918
8
0
894
2
0
0
0
6
0
76
0
2574
1
31
0
49
766
0
5040
0
77
3
1
0
10
2
0
0
0
0
496
0
21
6566
0
0
0
0
2
19
3
2
1925
2
3
0
0
4
0
0
1
1
29
2
0
0
0
100
0
3
0
979
6
1
0
0
0
81
1
0
207
0
2
0
0
0
17
0
0
1
0
6570
0
0
0
1072
9
0
0
1
49267
5
0
0
6
165
3
2
12
5
34
0
303
1
1
8
4
24
0
2747
6
6
0
17
0
2
1
1
50
8
9
21
474
3
2
2
0
1
0
6543
0
0
0
0
1
0
0
34
3
0
1
13
0
4
0
2
3
0
0
10
52
2360
3
0
3
0
0
24
0
0
3
27
28
23
1
9
0
0
2
0
16
0
0
0
3
16
0
6544
0
0
0
207
15
0
0
0
1
0
0
0
26
0
76
2
19
34
293
0
254
0
336
3
116
0
0
0
67
2
1
2
0
1
62
1
0
190
0
0
0
0
337
0
0
14
3
6524
0
0
0
1
3
0
3
0
400
0
0
38
0
1
313
0
161
1
0
32
1746
0
51
0
0
0
0
0
26
16
0
1
75
1
0
0
0
0
1
0
1
0
0
3
0
0
10
6522
0
0
0
0
0
0
27
0
9
0
1
3
7
0
0
13
0
1
0
0
4
7
18
2
5
359
1
47
16
43
12
0
3
0
0
0
0
1
2
0
1377
0
4
426
0
9
2
6500
0
0
0
0
1
0
3
0
0
212
221
162
0
0
0
0
49
534
0
26
0
55
511
230
0
0
6
24
14
0
7
28
0
4
0
0
318
3
5
104
0
25
0
2
1
0
0
6498
0
0
0
0
0
0
1
0
0
0
0
551
37
0
0
5
132
0
11
7
1
0
0
7
0
245
124
20
2
0
55
0
0
0
19
3
1
0
3
0
720
1
0
227
0
21
43
6487
0
0
0
0
0
0
3
0
0
0
1
0
0
1
0
9
0
24
133
0
0
2482
0
0
0
3
0
18
2
0
0
69
0
8
244
0
0
4
2
61
0
2
0
525
0
5
3
6474
0
4
0
0
27
0
0
0
0
0
0
0
30
0
3
265
7
2
2
16
13608
8
1
0
0
0
0
0
2
2
0
0
0
0
0
6
108
0
0
3
262
19
2
25
2
0
0
6472
0
23
0
0
88
0
0
0
0
0
0
0
2
0
14
0
2
0
51
2
2260
0
70
4
1
0
225
25
2915
1
20
0
80
30
2
976
1
0
4
0
1
21
1
0
54
0
10
6457
0
0
52
0
0
0
0
0
0
0
0
22
0
0
0
0
1
3
0
0
122
5
0
13
145
2
1
1
0
25
1
0
0
3
5
0
4
2
6
0
220
0
191
0
0
0
0
6455
0
79
0
0
1
0
0
0
2
2338
0
0
0
0
400
0
434
0
0
0
7
0
0
0
14
28
1058
2717
0
110
193
0
0
2
225
0
451
1
0
0
0
0
21
0
0
0
0
6437
0
0
458
5
42
0
0
0
1260
0
0
1
0
0
3
0
40
1
0
134
11
4
0
0
8
22
2
0
283
23
0
1160
315
2
21
0
10
0
1
0
18
11
0
0
0
2
23
6427
5
0
0
0
74
0
1
30
0
16
7
0
0
0
12
0
17
1
1
2
0
0
6
1
0
0
941
1
11
1
49
0
2
10
0
2
1
0
69
339
0
0
0
12
0
0
0
6419
0
0
645
0
0
3
0
0
0
1934
1
0
0
0
0
0
1
2
2
0
0
8
806
0
35
1
1
0
0
26
0
13
7
0
0
0
3910
0
0
4
0
13
18
0
0
13
6
6413
178
0
0
0
1478
0
0
141
0
0
34
0
0
0
2
0
0
1
124
0
10
1
2
43
0
0
73
2
1
16
0
2
492
1
0
14
0
42
0
0
7
4
0
165
0
6
2
6406
0
0
0
2
34427
469
0
1
0
205
0
0
0
0
1
0
0
91
0
0
1360
3
4
1376
0
0
0
2
2
5
0
3
16
3
17
27
0
1
49
0
0
1
0
26
0
508
0
6391
69
0
0
0
0
0
0
719
0
30
0
381
0
0
36
0
119
0
3
14
13
0
0
1015
0
27
0
7
71
475
0
0
6
662
2
79
0
3
5
220
9
2860
1
2
0
0
0
6383
0
0
0
0
0
1
0
0
0
0
0
0
1
0
0
2
28
28
1
0
0
8
19
3
0
14
1
2
0
1575
43
0
0
0
0
140
0
46
1
0
563
0
1
0
697
34
0
6379
0
0
0
0
0
43
3
0
1
7
10157
0
1
1
2
0
272
2
7
0
38
0
0
0
5
312
0
4
0
0
0
5
1
0
0
2
0
0
0
0
28
0
1
2
19
0
0
6357
0
0
0
0
7
0
0
0
21
0
0
0
0
0
26
0
7
0
279
0
2798
22
0
0
229
0
7
2
1
13
28
0
1
0
0
0
0
21
2
1
0
514
0
77
73
2289
26
6354
0
0
0
0
0
0
0
0
0
0
0
0
465
0
0
0
0
0
396
6
69
0
2
0
4
1
0
0
0
0
0
182
3961
4
4
2
0
1
1
3
26
36
0
1
0
2
264
6331
0
0
0
0
1
0
0
0
2
13735
0
0
1
1
0
0
1215
1
0
5
755
1
1
6
18
1
0
0
0
19
7
0
0
5
0
0
2
12
565
2
0
0
0
0
1
1
0
6321
0
0
0
0
0
0
0
0
1
0
29
0
0
5
0
0
1044
4
11
1
0
0
0
27
2
1062
169
0
0
3109
0
707
8
63
7
75
2
0
0
0
34
1
0
163
7
12
2
6307
0
0
0
0
0
0
0
0
1
5
139
176
0
0
36
0
2
0
66
0
0
0
1
0
0
0
1
3
784
0
8
0
0
0
9
1
796
1
0
4
0
68
1
93
75
11
1
6299
0
0
0
0
0
0
0
0
0
1
4
0
0
0
17
0
0
5515
0
0
3
2
5
4
2
5
1
2
1
6
12
1
73
7
7
4
92
0
82
10
0
1073
2
33
0
0
597
6291
0
15
0
0
0
0
0
0
0
0
2
0
8
1
0
0
269
0
1
1
2057
0
12
377
2
6
45
1
866
0
8
11
1
4
0
0
956
1
10
1
37
0
0
0
0
6
5
6285
0
0
0
0
16
0
0
0
10
0
3
0
0
0
0
0
2
0
4
35
0
2
2967
1
16
0
0
0
5
1
76
36
480
154
2
0
4
8
0
26
10
0
6
3
1
1
0
6290
0
4
0
0
1
0
0
0
20
1
0
0
0
0
34
0
135
2
0
360
0
31
7
0
5
0
0
612
5
0
0
0
0
23
0
2
0
0
0
3
0
2228
0
0
0
0
68
6270
0
0
73
0
0
0
0
0
4
1
0
0
0
0
8
0
0
555
0
0
2
0
0
1
165
190
0
5
0
1914
1
0
0
6
12
0
3
0
0
0
1611
222
2
0
67
9
6
6256
0
0
0
0
0
0
0
0
2
1
0
0
1
2
1
26
1
92
17
0
2
338
0
63
134
3
0
0
2
95
790
1
26
5377
2
42
1
1
0
0
0
8
91
0
39
1152
4684
6251
0
0
3
0
0
0
0
0
0
0
1
6
2
0
12
0
84
0
0
0
0
0
0
10
0
62
0
0
28
5
0
1
0
2
0
0
16
0
0
10
0
0
0
11
0
37
0
6232
11
14
0
0
0
0
0
6
0
0
151
0
1
0
288
1626
3
0
2
14
0
98
40
6
0
1340
0
21
2
0
0
17
0
3
1
0
1
7
0
484
886
0
0
3
6
1
1
6223
0
2
0
0
0
0
0
84
31
0
0
30
0
1
1
14
0
0
0
1
0
2
0
3
1
15
323
0
0
1
7
7
286
26
0
0
96
0
157
0
3
1
0
3
4
44
21
6210
352
0
0
0
0
111
0
0
82
0
0
1
163
0
0
8
148
5
0
1545
0
3
0
915
42
817
0
11
106
1
0
8
2
0
0
0
0
981
8
1
0
1
0
0
0
0
12
6203
0
0
26
0
0
1
0
764
0
73
1
0
0
0
0
10324
0
30
0
103
0
33
1
83
3
7
6
8537
1
6
18
15
520
380
2
41
0
11
0
8
0
19
1
0
2
2
0
6199
533
0
34
0
0
7
0
1
0
0
1406
1
5335
0
29
60
20
0
9
0
40
18
0
0
0
25
0
0
2
5
0
0
3
3
1
567
2171
0
0
23
8
312
0
0
2
368
20
6187
0
0
0
0
0
0
0
481
0
0
12021
0
54
1
11
0
5
0
1
13
415
0
126
29
0
0
0
0
15
20
0
1
0
0
1
1
0
0
3
21
1
0
1
0
0
3
0
6186
0
0
0
0
0
0
0
0
1
0
8
0
218
0
23
0
0
0
3910
0
1
0
3
9
1
0
0
0
139
61
1
0
1
1
206
150
0
0
0
21
7
22
15
0
21
131
3
6173
0
1
0
0
0
0
0
0
79
2
0
0
0
0
0
0
2
0
0
67
0
41
0
0
108
267
0
3853
0
0
0
0
9
1
18
24
28
16
0
0
12
42
21
8
12
3645
0
6167
0
0
0
0
0
145
0
0
0
0
1
12
0
1
0
0
8
71
0
31
1
34
0
0
2
0
0
7
1
0
2
0
0
16
145
981
3204
614
98
26
27
0
0
4
8
80
4
6154
0
0
0
66
0
1
237
0
1
7779
0
0
0
1
27
0
54
1
16244
0
0
1
0
2
0
16
338
2
46
0
357
716
0
1
0
27
0
0
63
0
0
0
7
1
41
27
8
6138
0
0
0
2
0
0
0
0
2
0
493
0
0
9
3
0
245
8
5
67
706
8
0
3
1
0
2201
4
1
21
11
2986
3
2731
6
654
0
0
0
0
5
13
3
35
0
0
9
6137
0
0
1
0
0
0
1
0
0
340
200
0
1
1
0
0
2
32
5
1
0
573
0
41
0
0
0
12
0
0
0
2125
0
0
0
3
1
60
523
0
0
0
2
30
0
0
0
6128
0
71
0
0
0
0
0
0
0
0
0
0
0
27
0
0
2
0
6
4
0
2
0
0
0
117
0
6
14
3
0
0
6
7
197
18
3
1
0
78
0
52
7
119
0
1
0
6119
0
0
0
0
0
0
0
0
0
0
22
0
0
22
0
2
40
25
7
0
2
0
0
1
0
15
0
5
2
110
1
50207
2
2
0
0
2
6
0
126
6
12
20
0
8
0
0
6111
0
0
0
0
0
0
0
0
0
0
0
0
0
1
22
0
0
0
38
1
0
0
0
4661
3
0
20
0
48
0
0
5
0
62
71
179
2
0
2
0
0
0
46
0
0
1
18
6093
0
0
0
0
0
0
0
0
1
0
86
26
1
0
1
0
1
0
34
1586
12
33
0
48
1572
2
0
0
0
2
4427
868
0
611
0
18
33
2
7
0
0
0
0
9
6
15
0
6090
0
0
0
0
0
1
0
0
0
24
287
0
2
0
3
0
4
86
1
163
612
10
78
2
1763
4
1357
0
16
14
0
943
4
9
10
9685
0
673
9
1
0
0
352
0
2
0
11
6081
0
0
2
0
0
0
0
0
0
20260
0
1
0
1
0
0
316
4
0
5
1
21
0
50
0
0
37
2
0
1
0
1
27
1
30
7
264
188
0
0
1
186
0
0
1
11
1
6068
0
0
0
0
23
0
0
0
0
6
0
0
0
0
6
0
149
1
18
1
0
0
57
2
0
0
0
16
1
0
65
3368
454
348
0
386
1
3
5
0
174
2
0
2
0
243
9
6062
6
0
0
0
0
0
0
0
0
0
0
0
0
0
0
0
1
31
0
1
0
0
3
0
0
1410
0
3
9
7
0
5
61
1
1
270
0
9
4
0
24
0
140
0
26
1
1
6066
1
0
0
0
773
0
0
24
0
0
30
0
0
534
22
0
0
2
69
0
0
13
0
1264
0
0
0
696
1
0
1
0
0
0
5
0
4
0
0
0
113
0
1
0
1
6
28
6054
1
0
0
0
0
15
0
1
0
6695
5
0
0
3
17
0
0
0
0
53
0
3
6
71
0
0
1
2
15
9
0
4
0
10
1
3
10
0
0
0
219
2
71
2
0
4
0
6026
0
0
0
0
0
0
0
0
0
1
0
8
0
0
13
0
4
40
1001
3
0
1
0
1472
17
0
4543
2
0
21
0
5
0
0
85
66
6
0
52
0
1822
3
0
1
722
0
7
6020
0
0
0
0
0
0
0
0
0
531
0
0
0
0
0
16
1
0
4
294
0
0
3
7
1
0
0
2
3
0
1
1
1
7633
30
1
0
688
76
0
0
10
4
0
1
10
3
6013
0
0
1
213
0
0
0
0
0
11
0
0
0
7
0
1868
579
4
1
18
0
0
3
0
2
57
3
8
83
1
222
1
7
0
333
0
0
37
0
0
3
8
81
3
625
3
0
6000
337
0
0
1
0
0
0
447
0
0
18
0
0
96
0
389
77
4
1
28
531
15
2
15
0
0
0
19
0
1950
1
117
0
161
1
0
0
1
2
0
325
0
0
2
0
6
20
5989
0
0
0
3
0
0
10
0
0
0
1070
0
2
2363
7
0
21
2
656
0
4
1
0
11
0
0
189
1
0
1
4
0
5
46
65
0
0
9
0
0
3
264
229
17
0
166
22
5990
0
0
0
0
0
0
0
0
0
1
3
0
0
1
1
1
0
0
1
0
78
3
9
0
22
0
4
0
715
0
0
1
25
35
64
1446
0
0
0
0
15
7
16
0
8
31
1
5986
0
0
0
0
0
0
5
33
0
0
8406
0
240
0
2
63
71
727
1
1
1
0
4
2
37
0
0
1
0
0
170
869
0
16
0
1
0
2
0
0
34
0
0
131
2
1
1
5967
0
0
0
0
0
0
2
633
0
0
30
113
0
0
0
1676
0
0
6
0
0
10
12
0
153
16
36
84
0
9
3
0
1
0
0
0
0
70
0
0
1
0
0
3
59
1
0
5970
0
0
0
0
0
0
0
0
0
0
102
0
32
186
87
1
0
0
0
3
0
0
3
11543
1
0
0
4
2
340
0
1
1
18
0
10
1
0
102
102
0
0
326
15
3
50
9
5959
0
0
0
0
0
0
3
1
286
0
8
0
0
143
0
114
1262
0
0
0
238
369
139
77
0
11
45
4479
0
0
0
1012
14
2
205
0
0
0
23
0
4
0
4
3
0
0
0
5945
1
0
0
0
0
0
0
478
3885
1
315
0
1
2
5621
2
0
0
0
1701
493
0
0
4
0
0
1
0
1
41
577
12
9
1
4
0
1
0
0
22
0
38
0
1
129
2
0
5948
0
222
0
0
0
0
0
187
0
24
82
0
0
0
0
1
0
6
85
1
893
36
0
3
10
3
67
0
2
7
9
1154
4
39
1
0
0
0
1
3
2
14
0
0
3
354
0
5924
0
0
0
0
0
0
0
0
0
54
0
0
0
1
0
83
0
0
0
1
1
0
0
4767
12
6519
1
2
152
9
118
0
114
26
0
89
66
3
1
0
62
1
86
6
53
0
1
5927
0
70
0
0
0
0
0
5
35
0
2
1
0
0
0
87
0
0
25
1681
254
0
6
1
50
2
1
0
0
1
0
3
0
1
0
0
65
0
6
227
21
5
0
18
0
0
3
5920
0
0
0
0
0
0
0
0
414
88
131
55
0
538
0
0
3
0
252
1
0
0
0
236
0
60
4
0
1
0
0
3
2714
4
656
0
1
624
4852
527
0
0
0
0
0
0
28
5898
5
0
0
0
52
0
0
1
22
0
34
0
0
0
4
1
499
8
1
5
0
4
0
4
0
0
21
5
0
463
40
0
97
659
2
0
3
5
51
1
0
1
26
0
2
0
2
5907
1
0
0
0
0
0
0
0
695
0
6
4
103
0
0
179
283
1
21
545
0
0
0
815
0
1
1983
341
27
24
0
0
1
0
87
0
4290
0
1
24
4
415
131
0
62
0
14
5896
0
0
1
0
584
0
0
1
107
0
0
0
0
2
1
0
0
0
25
2
1
2
1427
0
0
3
10489
9
0
2
53
0
0
1
8
66
5
0
0
54
0
0
3
1
15
0
2
5877
0
0
0
0
0
0
0
50
0
0
10
0
2027
0
0
26
28
5
2
1912
0
0
3901
0
2
0
2361
1668
0
268
0
13
10
1
141
0
11
0
0
89
0
0
9
1
704
12
5
5867
0
0
605
322
0
0
0
109
0
41
0
0
1
244
126
0
0
15
1191
0
0
102
1
0
0
1
0
1
2
1
6
2
24
0
0
0
4
24
0
8
0
0
58
1
0
3
1
5862
0
0
0
0
0
234
0
0
0
0
46
0
0
6
0
37
75
2
2
1
0
0
7
4
84
15
3
0
33
0
1
119
147
194
0
0
12
105
76
0
0
4
1
0
3
41
3
5862
0
0
129
2
0
0
0
0
34
1
95
0
0
0
0
1
0
0
0
1433
0
2532
46
2
52
0
0
12
0
36
0
754
0
0
4
0
5
0
474
0
5
0
137
0
1
0
0
5850
0
0
0
0
0
49
0
301
0
0
0
0
0
2
0
38
0
9
0
683
0
0
0
192
0
75
212
47
479
0
0
2
0
0
1
0
1
0
0
0
0
4
215
0
0
5
0
5831
0
0
0
0
0
0
0
0
0
276
0
0
0
17
6
1
7
4
0
0
0
0
0
438
8
19
3
2
2
122
21
4
0
39
744
0
0
6
339
1
0
0
0
9
1
20
175
5825
0
0
0
0
0
0
0
1
0
465
0
0
0
0
0
2
13
0
33
45
0
0
652
2
3
2
6
1
2
0
5
1
175
0
32
0
0
439
0
0
5
0
0
5
0
2
0
5816
0
0
0
23
0
0
2
0
2
0
1
0
0
0
0
0
0
4
20
1704
1182
0
0
0
2
0
0
0
22
2
0
2
0
0
0
13
10
3
3
186
2
6
4
0
37
2
0
5805
0
0
0
1946
0
0
1
526
6
2
399
0
0
0
2
6
0
7
621
71
116
1
0
64
0
7
285
0
3
10
3
0
1
20
0
0
48
0
3
0
0
7
0
31
4
1
12
5801
0
0
0
0
0
0
6
296
0
0
1
12
0
3
3
1
1
0
0
11
0
0
678
0
0
5
1
0
0
6
1
6440
5
4
0
0
34
2
1
1
16
1
1598
3
2
24
4
5790
0
1
0
0
0
0
0
2
0
0
0
0
0
4
0
149
184
82
11
1
0
1
0
189
0
178
0
165
6
0
1
8
1
36
2
0
1
0
9
16
1
1
698
0
3
8
16
5789
0
0
0
0
0
0
0
5263
0
4366
99
0
2
0
17
11
1
1
0
0
0
0
34
13
0
0
1
505
275
694
3
0
9
1
0
0
1
3
5
0
0
90
1
0
0
6
8
5783
0
89
0
1
0
0
0
1
0
0
0
0
0
0
0
0
0
0
23
6
10539
118
7
1
7
647
320
0
18
0
0
75
3449
142
0
239
0
1
0
0
0
0
17
18
11
0
1
5771
0
0
0
0
0
0
65
5772
0
0
0
0
3
0
613
0
2
0
3
16
108
0
3
4838
0
17
1
13
0
4
20
300
0
0
1
547
0
10
70
0
0
221
0
0
8
351
1
5762
0
330
0
0
60
0
8
536
0
1
821
0
15
11
7
88
10
1178
1239
3636
7
0
0
4
0
1
233
44
0
0
6
39
0
1
25
1
0
0
119
0
1
95
0
0
0
1
253
5745
0
0
0
1
1
0
1
51
0
277
8
0
1
0
322
4
11
0
5
0
0
0
0
48
8
0
1
0
1
0
0
14
0
0
9
32
1
0
0
4619
14
2
285
0
0
0
0
5743
0
0
0
1
0
0
0
16
0
12
2
3
283
13
0
0
0
0
1246
448
0
3
3
3
229
80
32
1
2
0
0
394
21
0
1
7
2
1
136
28
23
28
0
1326
0
1
0
5730
0
0
0
0
0
0
0
70
0
0
0
0
1
3440
0
3
0
0
0
0
0
0
0
354
3
37
2
1
1
0
0
6
4
3
12
72
0
0
1171
24
1
3
0
28
0
0
62
5707
0
0
37
0
0
0
1
219
0
0
0
0
819
1844
0
428
55
0
11
304
0
0
0
690
1
0
70
23
18
3
2355
3
2
0
0
1051
0
20
0
1
850
14869
0
16
5
9
5
5707
0
0
0
0
0
20
0
3218
82
0
0
0
0
1
0
14
0
0
1
0
0
2
0
231
2
2
188
0
16
15
2
0
9
22
0
0
1
0
0
652
12
0
0
1
2
1
0
5696
445
0
441
118
13
0
0
2
3
0
5263
0
1
0
1
2
0
0
192
95
0
3
0
0
0
0
4
2
0
1005
3
413
1
0
0
1
0
226
46
0
0
0
496
1
0
0
0
5678
0
0
0
0
158
447
1
109
0
1
0
0
41
0
0
750
360
0
0
13
0
0
0
0
2
0
1
0
2
3
0
1239
0
0
2
0
1619
10
6
0
40
0
6
0
24
0
0
5673
57
0
665
0
13
0
0
1
0
0
0
0
2696
1
0
3
0
0
3
7
0
19
46
0
1556
57
2
0
2
1
1
0
516
286
200
0
0
0
0
0
90
14329
0
1
107
0
0
5665
0
0
0
0
49
518
0
2278
0
0
3
29
1
0
1
322
1
4
1
0
567
0
0
0
0
0
1
3
1
1
112
0
0
1
0
0
0
0
0
1383
4
9
1
1
0
1
2
5659
0
0
0
0
0
0
0
71
1
0
5
0
0
6
2
106
13
0
302
4
0
28
43
0
1
2
0
0
9
4
14
5
0
787
14
52
8
0
0
0
0
0
0
0
4
0
0
5638
0
0
0
0
0
0
0
2
65
0
0
0
1782
0
0
1
0
1
2
1
24
362
0
0
0
0
4
0
1
1975
0
0
3
1
101
1
134
2
1
3454
0
34
0
0
42
10
2
5634
199.0419499874115